CP142617.1	0	91	0
CP142617.1	91	127	1
CP142617.1	127	128	0
CP142617.1	128	144	1
CP142617.1	144	147	0
CP142617.1	147	169	1
CP142617.1	169	297	0
CP142617.1	297	325	2
CP142617.1	325	343	3
CP142617.1	343	352	2
CP142617.1	352	414	1
CP142617.1	414	612	0
CP142617.1	612	625	1
CP142617.1	625	637	2
CP142617.1	637	638	1
CP142617.1	638	657	2
CP142617.1	657	706	1
CP142617.1	706	1142	0
CP142617.1	1142	1178	1
CP142617.1	1178	1226	0
CP142617.1	1226	1247	1
CP142617.1	1247	1250	0
CP142617.1	1250	1321	1
CP142617.1	1321	1325	0
CP142617.1	1325	1335	1
CP142617.1	1335	1337	0
CP142617.1	1337	1344	1
CP142617.1	1344	1370	2
CP142617.1	1370	1393	1
CP142617.1	1393	1494	2
CP142617.1	1494	1497	3
CP142617.1	1497	1543	2
CP142617.1	1543	1567	1
CP142617.1	1567	1683	2
CP142617.1	1683	1755	1
CP142617.1	1755	1814	2
CP142617.1	1814	1838	3
CP142617.1	1838	1839	0
CP142617.1	1839	1874	3
CP142617.1	1874	1885	2
CP142617.1	1885	1886	1
CP142617.1	1886	1931	3
CP142617.1	1931	1932	1
CP142617.1	1932	1943	3
CP142617.1	1943	1945	2
CP142617.1	1945	1969	3
CP142617.1	1969	1994	2
CP142617.1	1994	2166	1
CP142617.1	2166	2180	2
CP142617.1	2180	2225	3
CP142617.1	2225	2262	2
CP142617.1	2262	2298	1
CP142617.1	2298	2302	0
CP142617.1	2302	2390	1
CP142617.1	2390	2448	2
CP142617.1	2448	2449	1
CP142617.1	2449	2464	2
CP142617.1	2464	2465	1
CP142617.1	2465	2482	2
CP142617.1	2482	2485	1
CP142617.1	2485	2548	2
CP142617.1	2548	2613	1
CP142617.1	2613	2633	2
CP142617.1	2633	2637	1
CP142617.1	2637	2658	2
CP142617.1	2658	2659	1
CP142617.1	2659	2669	2
CP142617.1	2669	2670	1
CP142617.1	2670	2700	2
CP142617.1	2700	2721	3
CP142617.1	2721	2771	2
CP142617.1	2771	2774	1
CP142617.1	2774	2807	2
CP142617.1	2807	2814	3
CP142617.1	2814	2824	2
CP142617.1	2824	2825	1
CP142617.1	2825	2845	2
CP142617.1	2845	2846	1
CP142617.1	2846	2847	0
CP142617.1	2847	2970	1
CP142617.1	2970	3046	0
CP142617.1	3046	3162	1
CP142617.1	3162	3189	0
CP142617.1	3189	3259	1
CP142617.1	3259	3267	2
CP142617.1	3267	3319	3
CP142617.1	3319	3348	2
CP142617.1	3348	3349	1
CP142617.1	3349	3440	2
CP142617.1	3440	3443	0
CP142617.1	3443	3451	2
CP142617.1	3451	3517	1
CP142617.1	3517	3540	2
CP142617.1	3540	3564	1
CP142617.1	3564	3566	0
CP142617.1	3566	3635	1
CP142617.1	3635	3643	2
CP142617.1	3643	3674	3
CP142617.1	3674	3689	2
CP142617.1	3689	3694	3
CP142617.1	3694	3704	2
CP142617.1	3704	3709	1
CP142617.1	3709	3745	2
CP142617.1	3745	3763	3
CP142617.1	3763	3821	2
CP142617.1	3821	3824	1
CP142617.1	3824	3825	0
CP142617.1	3825	3859	1
CP142617.1	3859	3898	2
CP142617.1	3898	3899	1
CP142617.1	3899	3904	0
CP142617.1	3904	3949	1
CP142617.1	3949	4028	0
CP142617.1	4028	4037	1
CP142617.1	4037	4076	2
CP142617.1	4076	4086	3
CP142617.1	4086	4125	4
CP142617.1	4125	4128	3
CP142617.1	4128	4157	4
CP142617.1	4157	4159	3
CP142617.1	4159	4185	4
CP142617.1	4185	4186	2
CP142617.1	4186	4204	3
CP142617.1	4204	4243	2
CP142617.1	4243	4247	1
CP142617.1	4247	4260	2
CP142617.1	4260	4350	1
CP142617.1	4350	4391	2
CP142617.1	4391	4394	0
CP142617.1	4394	4476	2
CP142617.1	4476	4545	1
CP142617.1	4545	4575	2
CP142617.1	4575	4659	1
CP142617.1	4659	4666	2
CP142617.1	4666	4670	0
CP142617.1	4670	4692	2
CP142617.1	4692	4700	1
CP142617.1	4700	4703	0
CP142617.1	4703	4762	1
CP142617.1	4762	4763	0
CP142617.1	4763	4798	1
CP142617.1	4798	4817	2
CP142617.1	4817	4818	0
CP142617.1	4818	4847	2
CP142617.1	4847	4868	1
CP142617.1	4868	4869	0
CP142617.1	4869	5014	1
CP142617.1	5014	5072	2
CP142617.1	5072	5085	1
CP142617.1	5085	5126	2
CP142617.1	5126	5128	1
CP142617.1	5128	5234	2
CP142617.1	5234	5261	1
CP142617.1	5261	5330	2
CP142617.1	5330	5333	1
CP142617.1	5333	5367	2
CP142617.1	5367	5375	1
CP142617.1	5375	5431	0
CP142617.1	5431	5505	1
CP142617.1	5505	5506	0
CP142617.1	5506	5572	1
CP142617.1	5572	5639	2
CP142617.1	5639	5680	1
CP142617.1	5680	5709	2
CP142617.1	5709	5711	1
CP142617.1	5711	5729	2
CP142617.1	5729	5758	1
CP142617.1	5758	5832	2
CP142617.1	5832	5875	1
CP142617.1	5875	5877	2
CP142617.1	5877	5880	1
CP142617.1	5880	5890	2
CP142617.1	5890	5893	1
CP142617.1	5893	5929	2
CP142617.1	5929	5981	3
CP142617.1	5981	6039	2
CP142617.1	6039	6123	1
CP142617.1	6123	6141	0
CP142617.1	6141	6288	1
CP142617.1	6288	6438	0
CP142617.1	6438	6458	1
CP142617.1	6458	6463	0
CP142617.1	6463	6502	1
CP142617.1	6502	6599	2
CP142617.1	6599	6600	0
CP142617.1	6600	6667	2
CP142617.1	6667	6670	1
CP142617.1	6670	6675	2
CP142617.1	6675	6676	3
CP142617.1	6676	6758	2
CP142617.1	6758	6819	1
CP142617.1	6819	6845	2
CP142617.1	6845	6851	1
CP142617.1	6851	6857	2
CP142617.1	6857	6874	3
CP142617.1	6874	6938	2
CP142617.1	6938	6967	1
CP142617.1	6967	6994	0
CP142617.1	6994	7179	1
CP142617.1	7179	7187	2
CP142617.1	7187	7294	1
CP142617.1	7294	7295	0
CP142617.1	7295	7327	2
CP142617.1	7327	7393	3
CP142617.1	7393	7493	2
CP142617.1	7493	7516	1
CP142617.1	7516	7585	0
CP142617.1	7585	7710	1
CP142617.1	7710	7845	0
CP142617.1	7845	7868	1
CP142617.1	7868	7869	0
CP142617.1	7869	7927	1
CP142617.1	7927	7928	0
CP142617.1	7928	7965	1
CP142617.1	7965	7973	2
CP142617.1	7973	7998	1
CP142617.1	7998	8006	2
CP142617.1	8006	8077	1
CP142617.1	8077	8278	0
CP142617.1	8278	8392	1
CP142617.1	8392	8536	0
CP142617.1	8536	8551	1
CP142617.1	8551	8603	2
CP142617.1	8603	8617	1
CP142617.1	8617	8629	0
CP142617.1	8629	8688	1
CP142617.1	8688	8689	2
CP142617.1	8689	8713	3
CP142617.1	8713	8715	1
CP142617.1	8715	8722	3
CP142617.1	8722	8747	4
CP142617.1	8747	8787	3
CP142617.1	8787	8811	2
CP142617.1	8811	8820	1
CP142617.1	8820	8848	0
CP142617.1	8848	8868	1
CP142617.1	8868	8920	2
CP142617.1	8920	8973	1
CP142617.1	8973	9355	0
CP142617.1	9355	9470	1
CP142617.1	9470	9475	0
CP142617.1	9475	9583	1
CP142617.1	9583	9664	2
CP142617.1	9664	9820	1
CP142617.1	9820	9824	0
CP142617.1	9824	9845	1
CP142617.1	9845	9855	0
CP142617.1	9855	9864	1
CP142617.1	9864	9898	2
CP142617.1	9898	9923	1
CP142617.1	9923	10407	0
CP142617.1	10407	10535	1
CP142617.1	10535	10658	0
CP142617.1	10658	10770	1
CP142617.1	10770	10780	2
CP142617.1	10780	10839	3
CP142617.1	10839	10858	2
CP142617.1	10858	10867	1
CP142617.1	10867	10894	0
CP142617.1	10894	11032	1
CP142617.1	11032	11071	0
CP142617.1	11071	11096	1
CP142617.1	11096	11107	2
CP142617.1	11107	11114	1
CP142617.1	11114	11138	2
CP142617.1	11138	11139	1
CP142617.1	11139	11149	2
CP142617.1	11149	11150	1
CP142617.1	11150	11262	2
CP142617.1	11262	11319	1
CP142617.1	11319	11352	2
CP142617.1	11352	11372	1
CP142617.1	11372	11675	0
CP142617.1	11675	11761	1
CP142617.1	11761	11926	0
CP142617.1	11926	12015	1
CP142617.1	12015	12066	0
CP142617.1	12066	12146	1
CP142617.1	12146	12179	2
CP142617.1	12179	12214	1
CP142617.1	12214	12246	2
CP142617.1	12246	12313	3
CP142617.1	12313	12320	2
CP142617.1	12320	12340	3
CP142617.1	12340	12342	2
CP142617.1	12342	12362	3
CP142617.1	12362	12363	2
CP142617.1	12363	12364	3
CP142617.1	12364	12395	4
CP142617.1	12395	12396	3
CP142617.1	12396	12402	4
CP142617.1	12402	12419	5
CP142617.1	12419	12488	4
CP142617.1	12488	12528	3
CP142617.1	12528	12529	4
CP142617.1	12529	12538	3
CP142617.1	12538	12561	4
CP142617.1	12561	12701	3
CP142617.1	12701	12718	2
CP142617.1	12718	12748	1
CP142617.1	12748	12797	0
CP142617.1	12797	12877	1
CP142617.1	12877	12893	2
CP142617.1	12893	12895	1
CP142617.1	12895	12951	2
CP142617.1	12951	12962	1
CP142617.1	12962	12992	2
CP142617.1	12992	12993	1
CP142617.1	12993	13001	2
CP142617.1	13001	13027	3
CP142617.1	13027	13051	4
CP142617.1	13051	13071	3
CP142617.1	13071	13105	2
CP142617.1	13105	13121	1
CP142617.1	13121	13129	0
CP142617.1	13129	13143	1
CP142617.1	13143	13182	2
CP142617.1	13182	13304	1
CP142617.1	13304	13778	0
CP142617.1	13778	13826	1
CP142617.1	13826	13831	0
CP142617.1	13831	13913	1
CP142617.1	13913	13938	2
CP142617.1	13938	13941	1
CP142617.1	13941	13946	2
CP142617.1	13946	13947	1
CP142617.1	13947	13952	2
CP142617.1	13952	13966	3
CP142617.1	13966	13967	0
CP142617.1	13967	13977	3
CP142617.1	13977	13995	2
CP142617.1	13995	13999	0
CP142617.1	13999	14078	2
CP142617.1	14078	14079	1
CP142617.1	14079	14080	0
CP142617.1	14080	14096	1
CP142617.1	14096	14210	0
CP142617.1	14210	14250	1
CP142617.1	14250	14283	2
CP142617.1	14283	14295	3
CP142617.1	14295	14346	2
CP142617.1	14346	14385	1
CP142617.1	14385	14404	2
CP142617.1	14404	14420	3
CP142617.1	14420	14482	2
CP142617.1	14482	14497	1
CP142617.1	14497	14526	2
CP142617.1	14526	14709	1
CP142617.1	14709	14827	0
CP142617.1	14827	14850	1
CP142617.1	14850	14896	2
CP142617.1	14896	14972	1
CP142617.1	14972	14977	2
CP142617.1	14977	14985	3
CP142617.1	14985	14986	2
CP142617.1	14986	15110	3
CP142617.1	15110	15111	2
CP142617.1	15111	15122	3
CP142617.1	15122	15142	2
CP142617.1	15142	15143	1
CP142617.1	15143	15218	2
CP142617.1	15218	15280	1
CP142617.1	15280	15291	2
CP142617.1	15291	15298	1
CP142617.1	15298	15307	2
CP142617.1	15307	15329	3
CP142617.1	15329	15330	2
CP142617.1	15330	15361	3
CP142617.1	15361	15385	2
CP142617.1	15385	15424	3
CP142617.1	15424	15455	2
CP142617.1	15455	15456	1
CP142617.1	15456	15461	2
CP142617.1	15461	15493	1
CP142617.1	15493	15531	0
CP142617.1	15531	15632	1
CP142617.1	15632	15764	0
CP142617.1	15764	15803	1
CP142617.1	15803	15823	0
CP142617.1	15823	15884	1
CP142617.1	15884	15920	2
CP142617.1	15920	15937	1
CP142617.1	15937	15938	0
CP142617.1	15938	16017	1
CP142617.1	16017	16045	2
CP142617.1	16045	16092	3
CP142617.1	16092	16224	2
CP142617.1	16224	16226	3
CP142617.1	16226	16280	2
CP142617.1	16280	16315	3
CP142617.1	16315	16321	4
CP142617.1	16321	16322	2
CP142617.1	16322	16326	3
CP142617.1	16326	16345	4
CP142617.1	16345	16348	3
CP142617.1	16348	16402	2
CP142617.1	16402	16413	3
CP142617.1	16413	16434	2
CP142617.1	16434	16445	1
CP142617.1	16445	16446	0
CP142617.1	16446	16484	1
CP142617.1	16484	16487	0
CP142617.1	16487	16511	1
CP142617.1	16511	16691	0
CP142617.1	16691	16788	1
CP142617.1	16788	16853	0
CP142617.1	16853	16997	1
CP142617.1	16997	17061	2
CP142617.1	17061	17062	1
CP142617.1	17062	17206	0
CP142617.1	17206	17253	1
CP142617.1	17253	17255	0
CP142617.1	17255	17279	1
CP142617.1	17279	17437	2
CP142617.1	17437	17496	1
CP142617.1	17496	17546	0
CP142617.1	17546	17636	1
CP142617.1	17636	17840	0
CP142617.1	17840	17849	1
CP142617.1	17849	17882	2
CP142617.1	17882	18008	1
CP142617.1	18008	18081	2
CP142617.1	18081	18089	1
CP142617.1	18089	18109	0
CP142617.1	18109	18159	1
CP142617.1	18159	18306	0
CP142617.1	18306	18349	1
CP142617.1	18349	18356	0
CP142617.1	18356	18364	1
CP142617.1	18364	18374	2
CP142617.1	18374	18423	3
CP142617.1	18423	18572	1
CP142617.1	18572	18595	0
CP142617.1	18595	18602	1
CP142617.1	18602	18657	2
CP142617.1	18657	18658	1
CP142617.1	18658	18679	2
CP142617.1	18679	18683	1
CP142617.1	18683	18743	2
CP142617.1	18743	18744	1
CP142617.1	18744	18748	2
CP142617.1	18748	18767	3
CP142617.1	18767	18770	2
CP142617.1	18770	18788	3
CP142617.1	18788	18808	2
CP142617.1	18808	18809	1
CP142617.1	18809	18813	2
CP142617.1	18813	18823	1
CP142617.1	18823	18864	2
CP142617.1	18864	18892	1
CP142617.1	18892	18973	2
CP142617.1	18973	18976	1
CP142617.1	18976	19004	2
CP142617.1	19004	19020	3
CP142617.1	19020	19024	2
CP142617.1	19024	19053	3
CP142617.1	19053	19066	2
CP142617.1	19066	19085	3
CP142617.1	19085	19092	2
CP142617.1	19092	19117	3
CP142617.1	19117	19157	2
CP142617.1	19157	19171	1
CP142617.1	19171	19526	0
CP142617.1	19526	19797	1
CP142617.1	19797	19800	0
CP142617.1	19800	19850	1
CP142617.1	19850	19858	2
CP142617.1	19858	19932	1
CP142617.1	19932	19967	2
CP142617.1	19967	20022	1
CP142617.1	20022	20264	0
CP142617.1	20264	20300	1
CP142617.1	20300	20316	2
CP142617.1	20316	20355	1
CP142617.1	20355	20356	0
CP142617.1	20356	20436	1
CP142617.1	20436	20640	0
CP142617.1	20640	20730	1
CP142617.1	20730	20847	0
CP142617.1	20847	20895	1
CP142617.1	20895	21116	0
CP142617.1	21116	21118	1
CP142617.1	21118	21147	2
CP142617.1	21147	21148	1
CP142617.1	21148	21168	2
CP142617.1	21168	21186	1
CP142617.1	21186	21211	2
CP142617.1	21211	21213	1
CP142617.1	21213	21225	2
CP142617.1	21225	21233	1
CP142617.1	21233	21250	2
CP142617.1	21250	21266	1
CP142617.1	21266	21289	0
CP142617.1	21289	21368	1
CP142617.1	21368	21369	0
CP142617.1	21369	21472	1
CP142617.1	21472	21532	2
CP142617.1	21532	21535	1
CP142617.1	21535	21538	2
CP142617.1	21538	21639	3
CP142617.1	21639	21640	2
CP142617.1	21640	21662	3
CP142617.1	21662	21770	0
CP142617.1	21770	21780	1
CP142617.1	21780	21820	2
CP142617.1	21820	21821	1
CP142617.1	21821	21823	2
CP142617.1	21823	21857	3
CP142617.1	21857	21917	4
CP142617.1	21917	21921	3
CP142617.1	21921	21966	4
CP142617.1	21966	21972	3
CP142617.1	21972	21985	2
CP142617.1	21985	21986	1
CP142617.1	21986	22007	2
CP142617.1	22007	22040	3
CP142617.1	22040	22058	2
CP142617.1	22058	22166	1
CP142617.1	22166	22175	0
CP142617.1	22175	22210	1
CP142617.1	22210	22320	2
CP142617.1	22320	22332	1
CP142617.1	22332	22335	2
CP142617.1	22335	22336	1
CP142617.1	22336	22430	2
CP142617.1	22430	22441	1
CP142617.1	22441	22589	0
CP142617.1	22589	22678	1
CP142617.1	22678	22738	2
CP142617.1	22738	22739	1
CP142617.1	22739	22740	0
CP142617.1	22740	22778	2
CP142617.1	22778	22802	1
CP142617.1	22802	22832	2
CP142617.1	22832	22834	1
CP142617.1	22834	22875	2
CP142617.1	22875	22901	1
CP142617.1	22901	22907	2
CP142617.1	22907	22910	1
CP142617.1	22910	22911	0
CP142617.1	22911	22991	1
CP142617.1	22991	23179	0
CP142617.1	23179	23214	1
CP142617.1	23214	23215	0
CP142617.1	23215	23386	1
CP142617.1	23386	23460	2
CP142617.1	23460	23461	1
CP142617.1	23461	23472	2
CP142617.1	23472	23532	1
CP142617.1	23532	23543	0
CP142617.1	23543	23605	1
CP142617.1	23605	23637	2
CP142617.1	23637	23649	1
CP142617.1	23649	23674	2
CP142617.1	23674	23675	1
CP142617.1	23675	23698	2
CP142617.1	23698	23711	1
CP142617.1	23711	23737	2
CP142617.1	23737	23750	1
CP142617.1	23750	23765	2
CP142617.1	23765	23865	1
CP142617.1	23865	23867	0
CP142617.1	23867	23887	1
CP142617.1	23887	23888	0
CP142617.1	23888	23942	1
CP142617.1	23942	24135	0
CP142617.1	24135	24197	1
CP142617.1	24197	24256	0
CP142617.1	24256	24465	1
CP142617.1	24465	24466	0
CP142617.1	24466	24485	1
CP142617.1	24485	24513	2
CP142617.1	24513	24631	1
CP142617.1	24631	24632	0
CP142617.1	24632	24671	1
CP142617.1	24671	24915	0
CP142617.1	24915	25094	1
CP142617.1	25094	25096	0
CP142617.1	25096	25312	1
CP142617.1	25312	25315	2
CP142617.1	25315	25326	3
CP142617.1	25326	25353	4
CP142617.1	25353	25381	3
CP142617.1	25381	25383	4
CP142617.1	25383	25384	3
CP142617.1	25384	25408	4
CP142617.1	25408	25495	3
CP142617.1	25495	25496	2
CP142617.1	25496	25500	1
CP142617.1	25500	25533	0
CP142617.1	25533	25604	1
CP142617.1	25604	25625	2
CP142617.1	25625	25783	1
CP142617.1	25783	25831	0
CP142617.1	25831	25878	1
CP142617.1	25878	25890	2
CP142617.1	25890	25910	1
CP142617.1	25910	25917	2
CP142617.1	25917	25918	1
CP142617.1	25918	25963	2
CP142617.1	25963	26022	3
CP142617.1	26022	26031	4
CP142617.1	26031	26033	2
CP142617.1	26033	26034	3
CP142617.1	26034	26105	4
CP142617.1	26105	26133	3
CP142617.1	26133	26137	2
CP142617.1	26137	26186	3
CP142617.1	26186	26190	2
CP142617.1	26190	26264	1
CP142617.1	26264	26266	0
CP142617.1	26266	26283	1
CP142617.1	26283	26354	0
CP142617.1	26354	26417	1
CP142617.1	26417	26418	2
CP142617.1	26418	26474	1
CP142617.1	26474	26495	2
CP142617.1	26495	26496	1
CP142617.1	26496	26550	2
CP142617.1	26550	26567	3
CP142617.1	26567	26568	2
CP142617.1	26568	26577	3
CP142617.1	26577	26655	2
CP142617.1	26655	26730	1
CP142617.1	26730	26939	0
CP142617.1	26939	27003	1
CP142617.1	27003	27062	0
CP142617.1	27062	27113	1
CP142617.1	27113	27158	0
CP142617.1	27158	27288	1
CP142617.1	27288	27312	2
CP142617.1	27312	27319	1
CP142617.1	27319	27345	2
CP142617.1	27345	27402	1
CP142617.1	27402	27446	2
CP142617.1	27446	27467	1
CP142617.1	27467	27468	0
CP142617.1	27468	27591	1
CP142617.1	27591	27678	2
CP142617.1	27678	27807	1
CP142617.1	27807	27822	0
CP142617.1	27822	27837	1
CP142617.1	27837	27840	0
CP142617.1	27840	27917	1
CP142617.1	27917	27928	2
CP142617.1	27928	28034	1
CP142617.1	28034	28103	2
CP142617.1	28103	28104	1
CP142617.1	28104	28106	0
CP142617.1	28106	28133	1
CP142617.1	28133	28141	0
CP142617.1	28141	28145	1
CP142617.1	28145	28147	0
CP142617.1	28147	28168	1
CP142617.1	28168	28172	0
CP142617.1	28172	28215	2
CP142617.1	28215	28254	3
CP142617.1	28254	28256	4
CP142617.1	28256	28296	3
CP142617.1	28296	28326	2
CP142617.1	28326	28465	1
CP142617.1	28465	28486	0
CP142617.1	28486	28514	1
CP142617.1	28514	28548	2
CP142617.1	28548	28549	1
CP142617.1	28549	28679	2
CP142617.1	28679	28686	3
CP142617.1	28686	28704	4
CP142617.1	28704	28717	3
CP142617.1	28717	28753	2
CP142617.1	28753	28792	1
CP142617.1	28792	28900	2
CP142617.1	28900	28919	1
CP142617.1	28919	28957	2
CP142617.1	28957	29019	3
CP142617.1	29019	29032	2
CP142617.1	29032	29115	1
CP142617.1	29115	29117	0
CP142617.1	29117	29391	1
CP142617.1	29391	29407	2
CP142617.1	29407	29459	1
CP142617.1	29459	29497	0
CP142617.1	29497	29566	1
CP142617.1	29566	29575	2
CP142617.1	29575	29623	3
CP142617.1	29623	29742	2
CP142617.1	29742	29743	1
CP142617.1	29743	29832	2
CP142617.1	29832	29833	1
CP142617.1	29833	29890	2
CP142617.1	29890	29894	1
CP142617.1	29894	29912	0
CP142617.1	29912	29966	1
CP142617.1	29966	29967	0
CP142617.1	29967	30022	1
CP142617.1	30022	30092	0
CP142617.1	30092	30188	1
CP142617.1	30188	30286	0
CP142617.1	30286	30511	1
CP142617.1	30511	30519	0
CP142617.1	30519	30552	1
CP142617.1	30552	30553	0
CP142617.1	30553	30584	1
CP142617.1	30584	30586	2
CP142617.1	30586	30588	3
CP142617.1	30588	30616	4
CP142617.1	30616	30617	3
CP142617.1	30617	30633	4
CP142617.1	30633	30643	3
CP142617.1	30643	30654	4
CP142617.1	30654	30679	3
CP142617.1	30679	30687	2
CP142617.1	30687	30739	1
CP142617.1	30739	30770	2
CP142617.1	30770	30771	1
CP142617.1	30771	30815	2
CP142617.1	30815	30818	1
CP142617.1	30818	30873	2
CP142617.1	30873	30904	1
CP142617.1	30904	30975	2
CP142617.1	30975	31006	1
CP142617.1	31006	31071	2
CP142617.1	31071	31096	1
CP142617.1	31096	31140	2
CP142617.1	31140	31141	1
CP142617.1	31141	31142	0
CP142617.1	31142	31143	1
CP142617.1	31143	31194	2
CP142617.1	31194	31198	1
CP142617.1	31198	31204	2
CP142617.1	31204	31215	3
CP142617.1	31215	31232	4
CP142617.1	31232	31274	3
CP142617.1	31274	31276	2
CP142617.1	31276	31290	3
CP142617.1	31290	31317	2
CP142617.1	31317	31318	1
CP142617.1	31318	31389	2
CP142617.1	31389	31397	1
CP142617.1	31397	31406	0
CP142617.1	31406	31423	1
CP142617.1	31423	31546	2
CP142617.1	31546	31549	1
CP142617.1	31549	31646	2
CP142617.1	31646	31702	1
CP142617.1	31702	31887	0
CP142617.1	31887	31912	1
CP142617.1	31912	31916	0
CP142617.1	31916	31926	1
CP142617.1	31926	31927	0
CP142617.1	31927	31988	1
CP142617.1	31988	32042	0
CP142617.1	32042	32114	1
CP142617.1	32114	32161	2
CP142617.1	32161	32184	1
CP142617.1	32184	32240	0
CP142617.1	32240	32272	1
CP142617.1	32272	32274	0
CP142617.1	32274	32346	1
CP142617.1	32346	32466	2
CP142617.1	32466	32574	1
CP142617.1	32574	32575	0
CP142617.1	32575	32635	1
CP142617.1	32635	32680	2
CP142617.1	32680	32681	1
CP142617.1	32681	33098	0
CP142617.1	33098	33138	1
CP142617.1	33138	33139	0
CP142617.1	33139	33263	1
CP142617.1	33263	33416	0
CP142617.1	33416	33446	1
CP142617.1	33446	33495	2
CP142617.1	33495	33522	3
CP142617.1	33522	33559	2
CP142617.1	33559	33573	1
CP142617.1	33573	33586	0
CP142617.1	33586	33619	1
CP142617.1	33619	33636	2
CP142617.1	33636	33694	1
CP142617.1	33694	33760	2
CP142617.1	33760	33761	1
CP142617.1	33761	33762	2
CP142617.1	33762	33767	3
CP142617.1	33767	33792	2
CP142617.1	33792	33940	1
CP142617.1	33940	33967	2
CP142617.1	33967	34027	1
CP142617.1	34027	34414	0
CP142617.1	34414	34462	1
CP142617.1	34462	34578	2
CP142617.1	34578	34613	1
CP142617.1	34613	34722	2
CP142617.1	34722	34755	3
CP142617.1	34755	34782	2
CP142617.1	34782	34794	3
CP142617.1	34794	34854	2
CP142617.1	34854	34870	1
CP142617.1	34870	34876	2
CP142617.1	34876	34960	3
CP142617.1	34960	34974	2
CP142617.1	34974	35016	1
CP142617.1	35016	35029	2
CP142617.1	35029	35040	1
CP142617.1	35040	35041	0
CP142617.1	35041	35105	1
CP142617.1	35105	35373	0
CP142617.1	35373	35466	1
CP142617.1	35466	35530	2
CP142617.1	35530	35531	1
CP142617.1	35531	35569	2
CP142617.1	35569	35570	1
CP142617.1	35570	35571	2
CP142617.1	35571	35584	1
CP142617.1	35584	35610	2
CP142617.1	35610	35626	3
CP142617.1	35626	35648	2
CP142617.1	35648	35711	3
CP142617.1	35711	35727	4
CP142617.1	35727	35741	3
CP142617.1	35741	35783	2
CP142617.1	35783	35860	1
CP142617.1	35860	35874	0
CP142617.1	35874	35939	1
CP142617.1	35939	36111	0
CP142617.1	36111	36124	1
CP142617.1	36124	36127	0
CP142617.1	36127	36173	1
CP142617.1	36173	36217	2
CP142617.1	36217	36300	3
CP142617.1	36300	36319	4
CP142617.1	36319	36344	3
CP142617.1	36344	36349	2
CP142617.1	36349	36456	3
CP142617.1	36456	36458	2
CP142617.1	36458	36497	3
CP142617.1	36497	36498	2
CP142617.1	36498	36507	3
CP142617.1	36507	36578	2
CP142617.1	36578	36582	3
CP142617.1	36582	36601	2
CP142617.1	36601	36602	0
CP142617.1	36602	36612	2
CP142617.1	36612	36626	1
CP142617.1	36626	36704	2
CP142617.1	36704	36755	1
CP142617.1	36755	37021	0
CP142617.1	37021	37081	1
CP142617.1	37081	37184	2
CP142617.1	37184	37197	3
CP142617.1	37197	37200	2
CP142617.1	37200	37215	3
CP142617.1	37215	37217	2
CP142617.1	37217	37244	3
CP142617.1	37244	37263	2
CP142617.1	37263	37323	1
CP142617.1	37323	37324	0
CP142617.1	37324	37386	1
CP142617.1	37386	37507	0
CP142617.1	37507	37760	1
CP142617.1	37760	37805	0
CP142617.1	37805	37834	1
CP142617.1	37834	37842	2
CP142617.1	37842	37898	3
CP142617.1	37898	37899	2
CP142617.1	37899	37907	3
CP142617.1	37907	37931	2
CP142617.1	37931	37950	1
CP142617.1	37950	37989	0
CP142617.1	37989	38065	1
CP142617.1	38065	39067	0
CP142617.1	39067	39101	1
CP142617.1	39101	39112	0
CP142617.1	39112	39219	1
CP142617.1	39219	39354	0
CP142617.1	39354	39421	1
CP142617.1	39421	39427	2
CP142617.1	39427	39525	1
CP142617.1	39525	39538	2
CP142617.1	39538	39539	1
CP142617.1	39539	39544	2
CP142617.1	39544	39545	3
CP142617.1	39545	39547	2
CP142617.1	39547	39580	3
CP142617.1	39580	39605	4
CP142617.1	39605	39635	3
CP142617.1	39635	39646	4
CP142617.1	39646	39651	3
CP142617.1	39651	39652	2
CP142617.1	39652	39658	3
CP142617.1	39658	39663	4
CP142617.1	39663	39664	3
CP142617.1	39664	39673	4
CP142617.1	39673	39674	0
CP142617.1	39674	39675	1
CP142617.1	39675	39676	2
CP142617.1	39676	39704	4
CP142617.1	39704	39717	3
CP142617.1	39717	39721	2
CP142617.1	39721	39798	1
CP142617.1	39798	39802	0
CP142617.1	39802	39858	1
CP142617.1	39858	39866	2
CP142617.1	39866	39924	1
CP142617.1	39924	40447	0
CP142617.1	40447	40464	1
CP142617.1	40464	40500	2
CP142617.1	40500	40501	1
CP142617.1	40501	40509	2
CP142617.1	40509	40510	1
CP142617.1	40510	40526	2
CP142617.1	40526	40569	1
CP142617.1	40569	40658	0
CP142617.1	40658	40815	1
CP142617.1	40815	40938	0
CP142617.1	40938	40958	1
CP142617.1	40958	40959	0
CP142617.1	40959	41001	1
CP142617.1	41001	41090	2
CP142617.1	41090	41104	1
CP142617.1	41104	41134	2
CP142617.1	41134	41144	1
CP142617.1	41144	41375	0
CP142617.1	41375	41433	1
CP142617.1	41433	41541	2
CP142617.1	41541	41551	3
CP142617.1	41551	41587	2
CP142617.1	41587	41588	1
CP142617.1	41588	41631	2
CP142617.1	41631	41637	1
CP142617.1	41637	41639	0
CP142617.1	41639	41718	1
CP142617.1	41718	41720	0
CP142617.1	41720	41724	1
CP142617.1	41724	41780	2
CP142617.1	41780	41821	1
CP142617.1	41821	42014	0
CP142617.1	42014	42171	1
CP142617.1	42171	42175	2
CP142617.1	42175	42176	3
CP142617.1	42176	42211	4
CP142617.1	42211	42213	2
CP142617.1	42213	42215	4
CP142617.1	42215	42216	3
CP142617.1	42216	42235	4
CP142617.1	42235	42236	3
CP142617.1	42236	42237	2
CP142617.1	42237	42238	1
CP142617.1	42238	42241	2
CP142617.1	42241	42272	4
CP142617.1	42272	42286	3
CP142617.1	42286	42317	2
CP142617.1	42317	42426	1
CP142617.1	42426	42431	0
CP142617.1	42431	42481	1
CP142617.1	42481	42515	2
CP142617.1	42515	42518	0
CP142617.1	42518	42600	2
CP142617.1	42600	42638	3
CP142617.1	42638	42688	4
CP142617.1	42688	42705	3
CP142617.1	42705	42738	2
CP142617.1	42738	42760	1
CP142617.1	42760	43039	0
CP142617.1	43039	43185	1
CP142617.1	43185	43308	0
CP142617.1	43308	43391	1
CP142617.1	43391	43441	2
CP142617.1	43441	43494	1
CP142617.1	43494	43504	0
CP142617.1	43504	43587	1
CP142617.1	43587	43620	0
CP142617.1	43620	43731	1
CP142617.1	43731	43771	2
CP142617.1	43771	43784	1
CP142617.1	43784	43899	0
CP142617.1	43899	43942	1
CP142617.1	43942	43976	2
CP142617.1	43976	43978	1
CP142617.1	43978	44049	2
CP142617.1	44049	44051	1
CP142617.1	44051	44062	2
CP142617.1	44062	44116	3
CP142617.1	44116	44118	2
CP142617.1	44118	44129	1
CP142617.1	44129	44130	2
CP142617.1	44130	44131	1
CP142617.1	44131	44188	2
CP142617.1	44188	44211	1
CP142617.1	44211	44244	2
CP142617.1	44244	44331	3
CP142617.1	44331	44336	2
CP142617.1	44336	44338	1
CP142617.1	44338	44360	2
CP142617.1	44360	44419	1
CP142617.1	44419	44648	0
CP142617.1	44648	44840	1
CP142617.1	44840	45020	0
CP142617.1	45020	45029	1
CP142617.1	45029	45045	2
CP142617.1	45045	45046	1
CP142617.1	45046	45080	2
CP142617.1	45080	45081	0
CP142617.1	45081	45093	1
CP142617.1	45093	45157	0
CP142617.1	45157	45236	1
CP142617.1	45236	45296	2
CP142617.1	45296	45309	1
CP142617.1	45309	45583	0
CP142617.1	45583	45605	1
CP142617.1	45605	45711	2
CP142617.1	45711	45725	3
CP142617.1	45725	45751	2
CP142617.1	45751	45777	1
CP142617.1	45777	45779	0
CP142617.1	45779	45845	1
CP142617.1	45845	45930	0
CP142617.1	45930	45940	1
CP142617.1	45940	45941	0
CP142617.1	45941	46080	1
CP142617.1	46080	46121	2
CP142617.1	46121	46123	1
CP142617.1	46123	46162	2
CP142617.1	46162	46201	3
CP142617.1	46201	46202	2
CP142617.1	46202	46253	3
CP142617.1	46253	46255	2
CP142617.1	46255	46317	1
CP142617.1	46317	46343	2
CP142617.1	46343	46425	3
CP142617.1	46425	46446	2
CP142617.1	46446	46451	3
CP142617.1	46451	46453	2
CP142617.1	46453	46473	3
CP142617.1	46473	46613	2
CP142617.1	46613	46614	1
CP142617.1	46614	46655	2
CP142617.1	46655	46745	1
CP142617.1	46745	46769	0
CP142617.1	46769	47040	1
CP142617.1	47040	47131	2
CP142617.1	47131	47134	3
CP142617.1	47134	47168	2
CP142617.1	47168	47280	1
CP142617.1	47280	47310	0
CP142617.1	47310	47324	1
CP142617.1	47324	47325	0
CP142617.1	47325	47326	1
CP142617.1	47326	47382	2
CP142617.1	47382	47390	1
CP142617.1	47390	47466	2
CP142617.1	47466	47472	3
CP142617.1	47472	47473	2
CP142617.1	47473	47504	3
CP142617.1	47504	47577	2
CP142617.1	47577	47609	1
CP142617.1	47609	47747	0
CP142617.1	47747	47948	1
CP142617.1	47948	48019	0
CP142617.1	48019	48055	1
CP142617.1	48055	48122	2
CP142617.1	48122	48176	1
CP142617.1	48176	48283	0
CP142617.1	48283	48317	1
CP142617.1	48317	48385	2
CP142617.1	48385	48409	1
CP142617.1	48409	48430	2
CP142617.1	48430	48781	1
CP142617.1	48781	48845	2
CP142617.1	48845	48941	1
CP142617.1	48941	48976	2
CP142617.1	48976	48992	1
CP142617.1	48992	49029	2
CP142617.1	49029	49118	1
CP142617.1	49118	49193	2
CP142617.1	49193	49203	3
CP142617.1	49203	49211	2
CP142617.1	49211	49214	1
CP142617.1	49214	49415	2
CP142617.1	49415	49420	1
CP142617.1	49420	49762	0
CP142617.1	49762	49792	1
CP142617.1	49792	49794	0
CP142617.1	49794	49854	1
CP142617.1	49854	50238	0
CP142617.1	50238	50249	1
CP142617.1	50249	50334	2
CP142617.1	50334	50374	1
CP142617.1	50374	50425	0
CP142617.1	50425	50564	1
CP142617.1	50564	50603	2
CP142617.1	50603	50640	1
CP142617.1	50640	50653	2
CP142617.1	50653	50853	1
CP142617.1	50853	50898	2
CP142617.1	50898	50899	1
CP142617.1	50899	50908	2
CP142617.1	50908	50972	3
CP142617.1	50972	50973	2
CP142617.1	50973	50974	1
CP142617.1	50974	51053	2
CP142617.1	51053	51089	1
CP142617.1	51089	51307	0
CP142617.1	51307	51368	1
CP142617.1	51368	51373	2
CP142617.1	51373	51377	1
CP142617.1	51377	51437	2
CP142617.1	51437	51516	1
CP142617.1	51516	51765	0
CP142617.1	51765	51778	1
CP142617.1	51778	51821	2
CP142617.1	51821	51824	1
CP142617.1	51824	51826	2
CP142617.1	51826	51864	3
CP142617.1	51864	51903	2
CP142617.1	51903	51970	1
CP142617.1	51970	51976	2
CP142617.1	51976	51990	3
CP142617.1	51990	52009	4
CP142617.1	52009	52050	3
CP142617.1	52050	52061	2
CP142617.1	52061	52074	1
CP142617.1	52074	52080	2
CP142617.1	52080	52125	3
CP142617.1	52125	52130	4
CP142617.1	52130	52136	5
CP142617.1	52136	52137	4
CP142617.1	52137	52159	5
CP142617.1	52159	52162	4
CP142617.1	52162	52174	5
CP142617.1	52174	52233	4
CP142617.1	52233	52236	3
CP142617.1	52236	52257	4
CP142617.1	52257	52262	3
CP142617.1	52262	52267	2
CP142617.1	52267	52286	3
CP142617.1	52286	52289	1
CP142617.1	52289	52295	3
CP142617.1	52295	52308	4
CP142617.1	52308	52330	3
CP142617.1	52330	52351	2
CP142617.1	52351	52362	1
CP142617.1	52362	52406	0
CP142617.1	52406	52458	1
CP142617.1	52458	52459	2
CP142617.1	52459	52539	3
CP142617.1	52539	52540	2
CP142617.1	52540	52572	3
CP142617.1	52572	52739	2
CP142617.1	52739	52740	1
CP142617.1	52740	52769	2
CP142617.1	52769	52774	1
CP142617.1	52774	52777	2
CP142617.1	52777	52784	3
CP142617.1	52784	52797	4
CP142617.1	52797	52800	3
CP142617.1	52800	52821	2
CP142617.1	52821	52848	1
CP142617.1	52848	52948	0
CP142617.1	52948	52992	1
CP142617.1	52992	52993	0
CP142617.1	52993	53004	1
CP142617.1	53004	53021	2
CP142617.1	53021	53024	1
CP142617.1	53024	53033	2
CP142617.1	53033	53062	3
CP142617.1	53062	53065	2
CP142617.1	53065	53126	3
CP142617.1	53126	53238	2
CP142617.1	53238	53261	1
CP142617.1	53261	53274	2
CP142617.1	53274	53332	3
CP142617.1	53332	53382	4
CP142617.1	53382	53400	5
CP142617.1	53400	53419	6
CP142617.1	53419	53438	5
CP142617.1	53438	53446	4
CP142617.1	53446	53476	5
CP142617.1	53476	53481	4
CP142617.1	53481	53519	3
CP142617.1	53519	53522	4
CP142617.1	53522	53523	3
CP142617.1	53523	53550	4
CP142617.1	53550	53564	3
CP142617.1	53564	53566	2
CP142617.1	53566	53579	3
CP142617.1	53579	53588	4
CP142617.1	53588	53607	3
CP142617.1	53607	53614	2
CP142617.1	53614	53620	1
CP142617.1	53620	53630	2
CP142617.1	53630	53631	1
CP142617.1	53631	53789	2
CP142617.1	53789	53839	1
CP142617.1	53839	53855	0
CP142617.1	53855	54063	1
CP142617.1	54063	54130	0
CP142617.1	54130	54177	1
CP142617.1	54177	54181	0
CP142617.1	54181	54222	1
CP142617.1	54222	54323	0
CP142617.1	54323	54470	1
CP142617.1	54470	54514	2
CP142617.1	54514	54516	1
CP142617.1	54516	54550	2
CP142617.1	54550	54557	1
CP142617.1	54557	54563	0
CP142617.1	54563	54587	1
CP142617.1	54587	54635	2
CP142617.1	54635	54672	1
CP142617.1	54672	54752	2
CP142617.1	54752	54858	1
CP142617.1	54858	54878	2
CP142617.1	54878	54967	3
CP142617.1	54967	54972	2
CP142617.1	54972	55033	3
CP142617.1	55033	55035	1
CP142617.1	55035	55036	2
CP142617.1	55036	55042	3
CP142617.1	55042	55051	4
CP142617.1	55051	55070	3
CP142617.1	55070	55091	2
CP142617.1	55091	55092	1
CP142617.1	55092	55128	2
CP142617.1	55128	55133	3
CP142617.1	55133	55152	2
CP142617.1	55152	55153	0
CP142617.1	55153	55185	2
CP142617.1	55185	55217	3
CP142617.1	55217	55289	2
CP142617.1	55289	55290	1
CP142617.1	55290	55316	2
CP142617.1	55316	55323	1
CP142617.1	55323	55368	0
CP142617.1	55368	55406	1
CP142617.1	55406	55427	2
CP142617.1	55427	55492	1
CP142617.1	55492	55576	0
CP142617.1	55576	55674	1
CP142617.1	55674	55686	0
CP142617.1	55686	55722	1
CP142617.1	55722	55723	0
CP142617.1	55723	55748	1
CP142617.1	55748	55762	0
CP142617.1	55762	55798	1
CP142617.1	55798	55808	2
CP142617.1	55808	55895	1
CP142617.1	55895	56025	0
CP142617.1	56025	56030	1
CP142617.1	56030	56033	2
CP142617.1	56033	56093	3
CP142617.1	56093	56166	2
CP142617.1	56166	56261	1
CP142617.1	56261	56411	0
CP142617.1	56411	56461	1
CP142617.1	56461	56616	0
CP142617.1	56616	56734	1
CP142617.1	56734	56803	0
CP142617.1	56803	56930	1
CP142617.1	56930	56963	2
CP142617.1	56963	57029	1
CP142617.1	57029	57050	2
CP142617.1	57050	57054	3
CP142617.1	57054	57055	2
CP142617.1	57055	57094	3
CP142617.1	57094	57126	2
CP142617.1	57126	57147	3
CP142617.1	57147	57148	2
CP142617.1	57148	57164	3
CP142617.1	57164	57166	2
CP142617.1	57166	57177	3
CP142617.1	57177	57223	2
CP142617.1	57223	57239	3
CP142617.1	57239	57243	2
CP142617.1	57243	57244	1
CP142617.1	57244	57276	2
CP142617.1	57276	57277	1
CP142617.1	57277	57350	2
CP142617.1	57350	57415	1
CP142617.1	57415	57469	2
CP142617.1	57469	57494	1
CP142617.1	57494	57497	0
CP142617.1	57497	57539	1
CP142617.1	57539	57558	2
CP142617.1	57558	57590	3
CP142617.1	57590	57627	4
CP142617.1	57627	57629	2
CP142617.1	57629	57630	3
CP142617.1	57630	57634	4
CP142617.1	57634	57637	3
CP142617.1	57637	57647	2
CP142617.1	57647	57648	0
CP142617.1	57648	57649	1
CP142617.1	57649	57694	3
CP142617.1	57694	57704	2
CP142617.1	57704	57711	3
CP142617.1	57711	57714	2
CP142617.1	57714	57746	3
CP142617.1	57746	57803	2
CP142617.1	57803	57827	1
CP142617.1	57827	57972	0
CP142617.1	57972	57997	1
CP142617.1	57997	58019	2
CP142617.1	58019	58021	1
CP142617.1	58021	58023	2
CP142617.1	58023	58025	1
CP142617.1	58025	58056	2
CP142617.1	58056	58109	1
CP142617.1	58109	58111	0
CP142617.1	58111	58130	1
CP142617.1	58130	58241	0
CP142617.1	58241	58391	1
CP142617.1	58391	58460	0
CP142617.1	58460	58496	1
CP142617.1	58496	58500	0
CP142617.1	58500	58509	1
CP142617.1	58509	58603	2
CP142617.1	58603	58607	1
CP142617.1	58607	58608	0
CP142617.1	58608	58621	1
CP142617.1	58621	58635	0
CP142617.1	58635	58683	2
CP142617.1	58683	58724	3
CP142617.1	58724	58735	2
CP142617.1	58735	58766	3
CP142617.1	58766	58789	2
CP142617.1	58789	58809	1
CP142617.1	58809	58810	0
CP142617.1	58810	58919	1
CP142617.1	58919	58947	2
CP142617.1	58947	59010	1
CP142617.1	59010	59094	0
CP142617.1	59094	59294	1
CP142617.1	59294	59321	2
CP142617.1	59321	59420	1
CP142617.1	59420	59609	0
CP142617.1	59609	59645	1
CP142617.1	59645	59646	0
CP142617.1	59646	59690	1
CP142617.1	59690	59883	0
CP142617.1	59883	59887	1
CP142617.1	59887	59898	2
CP142617.1	59898	59905	1
CP142617.1	59905	59906	0
CP142617.1	59906	59911	1
CP142617.1	59911	59974	2
CP142617.1	59974	59990	1
CP142617.1	59990	60007	2
CP142617.1	60007	60032	1
CP142617.1	60032	60040	0
CP142617.1	60040	60042	1
CP142617.1	60042	60202	2
CP142617.1	60202	60204	3
CP142617.1	60204	60207	1
CP142617.1	60207	60262	3
CP142617.1	60262	60263	2
CP142617.1	60263	60274	3
CP142617.1	60274	60277	2
CP142617.1	60277	60300	3
CP142617.1	60300	60330	2
CP142617.1	60330	60348	1
CP142617.1	60348	60501	2
CP142617.1	60501	60530	3
CP142617.1	60530	60531	2
CP142617.1	60531	60563	3
CP142617.1	60563	60581	2
CP142617.1	60581	60585	3
CP142617.1	60585	60628	2
CP142617.1	60628	60629	1
CP142617.1	60629	60657	2
CP142617.1	60657	60667	1
CP142617.1	60667	60668	0
CP142617.1	60668	60728	1
CP142617.1	60728	60730	0
CP142617.1	60730	60766	1
CP142617.1	60766	60777	0
CP142617.1	60777	60898	1
CP142617.1	60898	60933	2
CP142617.1	60933	60971	1
CP142617.1	60971	60991	2
CP142617.1	60991	61024	3
CP142617.1	61024	61038	2
CP142617.1	61038	61039	1
CP142617.1	61039	61044	2
CP142617.1	61044	61047	1
CP142617.1	61047	61077	2
CP142617.1	61077	61321	1
CP142617.1	61321	61409	2
CP142617.1	61409	61467	1
CP142617.1	61467	61468	0
CP142617.1	61468	61487	1
CP142617.1	61487	61493	0
CP142617.1	61493	61503	1
CP142617.1	61503	61504	0
CP142617.1	61504	61529	1
CP142617.1	61529	61565	2
CP142617.1	61565	61568	1
CP142617.1	61568	61616	2
CP142617.1	61616	61677	3
CP142617.1	61677	61701	2
CP142617.1	61701	61765	1
CP142617.1	61765	61772	0
CP142617.1	61772	61828	1
CP142617.1	61828	61895	0
CP142617.1	61895	62059	1
CP142617.1	62059	62074	0
CP142617.1	62074	62118	1
CP142617.1	62118	62126	2
CP142617.1	62126	62215	1
CP142617.1	62215	62216	0
CP142617.1	62216	62248	1
CP142617.1	62248	62518	0
CP142617.1	62518	62576	1
CP142617.1	62576	62579	2
CP142617.1	62579	62643	1
CP142617.1	62643	62644	0
CP142617.1	62644	62731	1
CP142617.1	62731	62743	2
CP142617.1	62743	62746	3
CP142617.1	62746	62803	4
CP142617.1	62803	62819	5
CP142617.1	62819	62820	4
CP142617.1	62820	62826	5
CP142617.1	62826	62850	6
CP142617.1	62850	62881	5
CP142617.1	62881	62911	6
CP142617.1	62911	62932	5
CP142617.1	62932	62956	6
CP142617.1	62956	62959	5
CP142617.1	62959	62969	4
CP142617.1	62969	62984	5
CP142617.1	62984	62996	4
CP142617.1	62996	63008	3
CP142617.1	63008	63056	2
CP142617.1	63056	63087	1
CP142617.1	63087	63088	0
CP142617.1	63088	63115	1
CP142617.1	63115	63116	0
CP142617.1	63116	63179	2
CP142617.1	63179	63190	3
CP142617.1	63190	63221	2
CP142617.1	63221	63225	3
CP142617.1	63225	63231	4
CP142617.1	63231	63249	3
CP142617.1	63249	63254	2
CP142617.1	63254	63308	3
CP142617.1	63308	63324	2
CP142617.1	63324	63325	1
CP142617.1	63325	63367	2
CP142617.1	63367	63369	1
CP142617.1	63369	63374	2
CP142617.1	63374	63381	3
CP142617.1	63381	63383	2
CP142617.1	63383	63410	1
CP142617.1	63410	63429	2
CP142617.1	63429	63431	1
CP142617.1	63431	63491	2
CP142617.1	63491	63494	1
CP142617.1	63494	63496	0
CP142617.1	63496	63497	1
CP142617.1	63497	63544	2
CP142617.1	63544	63591	1
CP142617.1	63591	63594	0
CP142617.1	63594	63624	1
CP142617.1	63624	63644	2
CP142617.1	63644	63665	1
CP142617.1	63665	63745	0
CP142617.1	63745	63790	1
CP142617.1	63790	63791	0
CP142617.1	63791	63795	1
CP142617.1	63795	63808	2
CP142617.1	63808	63912	1
CP142617.1	63912	63977	0
CP142617.1	63977	64073	1
CP142617.1	64073	64074	0
CP142617.1	64074	64108	1
CP142617.1	64108	64114	0
CP142617.1	64114	64197	1
CP142617.1	64197	64204	2
CP142617.1	64204	64212	1
CP142617.1	64212	64215	2
CP142617.1	64215	64250	3
CP142617.1	64250	64277	2
CP142617.1	64277	64278	1
CP142617.1	64278	64393	2
CP142617.1	64393	64395	1
CP142617.1	64395	64475	2
CP142617.1	64475	64501	1
CP142617.1	64501	64607	0
CP142617.1	64607	64745	1
CP142617.1	64745	64834	0
CP142617.1	64834	64873	1
CP142617.1	64873	64877	0
CP142617.1	64877	64883	1
CP142617.1	64883	64951	2
CP142617.1	64951	64955	1
CP142617.1	64955	65258	0
CP142617.1	65258	65447	1
CP142617.1	65447	65516	0
CP142617.1	65516	65548	1
CP142617.1	65548	65549	0
CP142617.1	65549	65999	1
CP142617.1	65999	66016	0
CP142617.1	66016	66056	1
CP142617.1	66056	66066	2
CP142617.1	66066	66076	3
CP142617.1	66076	66100	4
CP142617.1	66100	66101	3
CP142617.1	66101	66103	2
CP142617.1	66103	66134	3
CP142617.1	66134	66135	2
CP142617.1	66135	66166	3
CP142617.1	66166	66167	2
CP142617.1	66167	66185	3
CP142617.1	66185	66186	4
CP142617.1	66186	66189	3
CP142617.1	66189	66283	2
CP142617.1	66283	66357	1
CP142617.1	66357	66358	2
CP142617.1	66358	66387	1
CP142617.1	66387	66439	2
CP142617.1	66439	66529	3
CP142617.1	66529	66645	2
CP142617.1	66645	66655	3
CP142617.1	66655	66660	4
CP142617.1	66660	66711	3
CP142617.1	66711	66713	4
CP142617.1	66713	66765	3
CP142617.1	66765	66769	2
CP142617.1	66769	66771	1
CP142617.1	66771	66831	2
CP142617.1	66831	66832	1
CP142617.1	66832	66833	2
CP142617.1	66833	66871	3
CP142617.1	66871	66872	2
CP142617.1	66872	66877	1
CP142617.1	66877	66878	0
CP142617.1	66878	66879	2
CP142617.1	66879	66880	3
CP142617.1	66880	66922	4
CP142617.1	66922	66934	3
CP142617.1	66934	66935	2
CP142617.1	66935	66941	3
CP142617.1	66941	66962	4
CP142617.1	66962	66976	3
CP142617.1	66976	66998	4
CP142617.1	66998	66999	3
CP142617.1	66999	67016	4
CP142617.1	67016	67053	3
CP142617.1	67053	67058	2
CP142617.1	67058	67080	1
CP142617.1	67080	67301	0
CP142617.1	67301	67391	1
CP142617.1	67391	67394	0
CP142617.1	67394	67451	1
CP142617.1	67451	67452	0
CP142617.1	67452	67461	1
CP142617.1	67461	67520	2
CP142617.1	67520	67521	1
CP142617.1	67521	67525	2
CP142617.1	67525	67530	1
CP142617.1	67530	67556	2
CP142617.1	67556	67565	1
CP142617.1	67565	67604	2
CP142617.1	67604	67622	1
CP142617.1	67622	67631	0
CP142617.1	67631	67669	1
CP142617.1	67669	67683	0
CP142617.1	67683	67758	1
CP142617.1	67758	67759	0
CP142617.1	67759	67784	1
CP142617.1	67784	67785	0
CP142617.1	67785	67831	1
CP142617.1	67831	67869	2
CP142617.1	67869	67883	3
CP142617.1	67883	67884	2
CP142617.1	67884	67959	3
CP142617.1	67959	67994	4
CP142617.1	67994	67995	3
CP142617.1	67995	67998	4
CP142617.1	67998	67999	3
CP142617.1	67999	68040	4
CP142617.1	68040	68041	3
CP142617.1	68041	68066	2
CP142617.1	68066	68172	1
CP142617.1	68172	68341	0
CP142617.1	68341	68400	1
CP142617.1	68400	68682	0
CP142617.1	68682	68736	1
CP142617.1	68736	69097	0
CP142617.1	69097	69131	1
CP142617.1	69131	69139	2
CP142617.1	69139	69140	1
CP142617.1	69140	69307	2
CP142617.1	69307	69502	1
CP142617.1	69502	69605	0
CP142617.1	69605	69620	1
CP142617.1	69620	69705	2
CP142617.1	69705	69707	1
CP142617.1	69707	69713	2
CP142617.1	69713	69733	1
CP142617.1	69733	69795	2
CP142617.1	69795	69831	3
CP142617.1	69831	69833	2
CP142617.1	69833	69898	3
CP142617.1	69898	69899	0
CP142617.1	69899	69901	3
CP142617.1	69901	69902	0
CP142617.1	69902	69906	3
CP142617.1	69906	69924	4
CP142617.1	69924	69925	3
CP142617.1	69925	69930	4
CP142617.1	69930	69931	3
CP142617.1	69931	69937	4
CP142617.1	69937	69949	5
CP142617.1	69949	69950	2
CP142617.1	69950	69951	3
CP142617.1	69951	69952	2
CP142617.1	69952	69956	4
CP142617.1	69956	69957	5
CP142617.1	69957	69961	6
CP142617.1	69961	69966	5
CP142617.1	69966	69967	4
CP142617.1	69967	69970	3
CP142617.1	69970	70006	5
CP142617.1	70006	70007	4
CP142617.1	70007	70029	3
CP142617.1	70029	70133	2
CP142617.1	70133	70220	1
CP142617.1	70220	70512	0
CP142617.1	70512	70588	1
CP142617.1	70588	70659	0
CP142617.1	70659	70666	1
CP142617.1	70666	70702	2
CP142617.1	70702	70705	3
CP142617.1	70705	70712	2
CP142617.1	70712	70748	3
CP142617.1	70748	70762	2
CP142617.1	70762	70843	3
CP142617.1	70843	70883	4
CP142617.1	70883	70904	5
CP142617.1	70904	70940	4
CP142617.1	70940	70947	3
CP142617.1	70947	70948	1
CP142617.1	70948	70952	3
CP142617.1	70952	70969	4
CP142617.1	70969	71003	3
CP142617.1	71003	71009	2
CP142617.1	71009	71022	1
CP142617.1	71022	71023	0
CP142617.1	71023	71059	1
CP142617.1	71059	71067	0
CP142617.1	71067	71107	1
CP142617.1	71107	71108	0
CP142617.1	71108	71125	2
CP142617.1	71125	71126	1
CP142617.1	71126	71220	2
CP142617.1	71220	71223	1
CP142617.1	71223	71229	0
CP142617.1	71229	71279	1
CP142617.1	71279	71280	2
CP142617.1	71280	71431	1
CP142617.1	71431	71439	2
CP142617.1	71439	71465	1
CP142617.1	71465	71473	2
CP142617.1	71473	71474	1
CP142617.1	71474	71485	2
CP142617.1	71485	71618	1
CP142617.1	71618	71619	0
CP142617.1	71619	71636	1
CP142617.1	71636	71650	2
CP142617.1	71650	71712	1
CP142617.1	71712	71721	2
CP142617.1	71721	71740	3
CP142617.1	71740	71741	2
CP142617.1	71741	71791	3
CP142617.1	71791	71815	2
CP142617.1	71815	71981	1
CP142617.1	71981	71982	0
CP142617.1	71982	72017	1
CP142617.1	72017	72088	0
CP142617.1	72088	72111	1
CP142617.1	72111	72278	2
CP142617.1	72278	72298	3
CP142617.1	72298	72323	4
CP142617.1	72323	72360	3
CP142617.1	72360	72361	2
CP142617.1	72361	72407	3
CP142617.1	72407	72441	2
CP142617.1	72441	72463	3
CP142617.1	72463	72468	4
CP142617.1	72468	72469	3
CP142617.1	72469	72470	2
CP142617.1	72470	72515	4
CP142617.1	72515	72567	3
CP142617.1	72567	72595	2
CP142617.1	72595	72596	1
CP142617.1	72596	72624	2
CP142617.1	72624	72640	1
CP142617.1	72640	72829	0
CP142617.1	72829	72910	1
CP142617.1	72910	72935	2
CP142617.1	72935	72936	1
CP142617.1	72936	73032	2
CP142617.1	73032	73117	1
CP142617.1	73117	73162	0
CP142617.1	73162	73267	1
CP142617.1	73267	73387	0
CP142617.1	73387	73417	1
CP142617.1	73417	73419	0
CP142617.1	73419	73425	1
CP142617.1	73425	73508	2
CP142617.1	73508	73513	3
CP142617.1	73513	73514	2
CP142617.1	73514	73571	3
CP142617.1	73571	73634	2
CP142617.1	73634	73653	1
CP142617.1	73653	73661	2
CP142617.1	73661	73662	1
CP142617.1	73662	73740	2
CP142617.1	73740	73748	1
CP142617.1	73748	73819	2
CP142617.1	73819	73823	1
CP142617.1	73823	73831	2
CP142617.1	73831	73894	1
CP142617.1	73894	73946	0
CP142617.1	73946	73954	1
CP142617.1	73954	73955	0
CP142617.1	73955	73997	1
CP142617.1	73997	74113	0
CP142617.1	74113	74163	1
CP142617.1	74163	74164	0
CP142617.1	74164	74181	1
CP142617.1	74181	74367	0
CP142617.1	74367	74515	1
CP142617.1	74515	74516	0
CP142617.1	74516	74584	1
CP142617.1	74584	74681	2
CP142617.1	74681	74685	1
CP142617.1	74685	74692	2
CP142617.1	74692	74727	1
CP142617.1	74727	74728	0
CP142617.1	74728	74823	1
CP142617.1	74823	74872	0
CP142617.1	74872	74960	1
CP142617.1	74960	75130	0
CP142617.1	75130	75205	1
CP142617.1	75205	75404	0
CP142617.1	75404	75467	1
CP142617.1	75467	75470	0
CP142617.1	75470	75493	1
CP142617.1	75493	75496	0
CP142617.1	75496	75548	1
CP142617.1	75548	75549	0
CP142617.1	75549	75621	1
CP142617.1	75621	75638	0
CP142617.1	75638	75645	1
CP142617.1	75645	75646	0
CP142617.1	75646	75711	1
CP142617.1	75711	75791	0
CP142617.1	75791	75855	1
CP142617.1	75855	75922	0
CP142617.1	75922	76075	1
CP142617.1	76075	76090	2
CP142617.1	76090	76091	1
CP142617.1	76091	76093	2
CP142617.1	76093	76137	1
CP142617.1	76137	76195	2
CP142617.1	76195	76229	3
CP142617.1	76229	76273	2
CP142617.1	76273	76350	1
CP142617.1	76350	76352	2
CP142617.1	76352	76404	3
CP142617.1	76404	76441	2
CP142617.1	76441	76480	1
CP142617.1	76480	76486	0
CP142617.1	76486	76561	1
CP142617.1	76561	76580	0
CP142617.1	76580	76699	1
CP142617.1	76699	76716	2
CP142617.1	76716	76731	1
CP142617.1	76731	76741	0
CP142617.1	76741	76767	1
CP142617.1	76767	76792	2
CP142617.1	76792	76795	1
CP142617.1	76795	76796	2
CP142617.1	76796	76826	3
CP142617.1	76826	76828	1
CP142617.1	76828	76830	0
CP142617.1	76830	76844	2
CP142617.1	76844	76881	3
CP142617.1	76881	76912	2
CP142617.1	76912	76915	1
CP142617.1	76915	76919	2
CP142617.1	76919	76921	1
CP142617.1	76921	76939	2
CP142617.1	76939	76958	1
CP142617.1	76958	76961	0
CP142617.1	76961	76993	1
CP142617.1	76993	77038	0
CP142617.1	77038	77121	1
CP142617.1	77121	77124	0
CP142617.1	77124	77126	1
CP142617.1	77126	77134	2
CP142617.1	77134	77177	1
CP142617.1	77177	77184	2
CP142617.1	77184	77185	1
CP142617.1	77185	77246	2
CP142617.1	77246	77247	1
CP142617.1	77247	77272	2
CP142617.1	77272	77291	1
CP142617.1	77291	77313	0
CP142617.1	77313	77374	1
CP142617.1	77374	77377	0
CP142617.1	77377	77388	1
CP142617.1	77388	77389	0
CP142617.1	77389	77473	1
CP142617.1	77473	77585	0
CP142617.1	77585	77700	1
CP142617.1	77700	77701	0
CP142617.1	77701	77714	1
CP142617.1	77714	77715	0
CP142617.1	77715	77741	1
CP142617.1	77741	77742	0
CP142617.1	77742	77757	1
CP142617.1	77757	77936	0
CP142617.1	77936	78018	1
CP142617.1	78018	78031	0
CP142617.1	78031	78241	1
CP142617.1	78241	78539	0
CP142617.1	78539	78571	1
CP142617.1	78571	78572	0
CP142617.1	78572	78659	1
CP142617.1	78659	78749	0
CP142617.1	78749	78917	1
CP142617.1	78917	78928	0
CP142617.1	78928	78972	1
CP142617.1	78972	79045	0
CP142617.1	79045	79059	1
CP142617.1	79059	79061	0
CP142617.1	79061	79265	1
CP142617.1	79265	79280	2
CP142617.1	79280	79350	1
CP142617.1	79350	79383	0
CP142617.1	79383	79465	1
CP142617.1	79465	79466	0
CP142617.1	79466	79505	1
CP142617.1	79505	79555	0
CP142617.1	79555	79579	1
CP142617.1	79579	79581	0
CP142617.1	79581	79621	1
CP142617.1	79621	79633	0
CP142617.1	79633	79670	1
CP142617.1	79670	79706	2
CP142617.1	79706	79732	1
CP142617.1	79732	79736	2
CP142617.1	79736	79763	1
CP142617.1	79763	79766	0
CP142617.1	79766	79897	1
CP142617.1	79897	79898	0
CP142617.1	79898	79930	1
CP142617.1	79930	79939	0
CP142617.1	79939	80024	1
CP142617.1	80024	80026	0
CP142617.1	80026	80028	1
CP142617.1	80028	80104	2
CP142617.1	80104	80354	1
CP142617.1	80354	80545	0
CP142617.1	80545	80656	1
CP142617.1	80656	80658	2
CP142617.1	80658	80830	1
CP142617.1	80830	80860	2
CP142617.1	80860	80881	3
CP142617.1	80881	80882	2
CP142617.1	80882	80901	3
CP142617.1	80901	80902	1
CP142617.1	80902	80920	3
CP142617.1	80920	80922	4
CP142617.1	80922	80932	3
CP142617.1	80932	80935	2
CP142617.1	80935	80947	3
CP142617.1	80947	80949	2
CP142617.1	80949	80951	3
CP142617.1	80951	80961	4
CP142617.1	80961	81008	3
CP142617.1	81008	81064	2
CP142617.1	81064	81093	1
CP142617.1	81093	81094	0
CP142617.1	81094	81148	1
CP142617.1	81148	81164	0
CP142617.1	81164	81244	1
CP142617.1	81244	81263	2
CP142617.1	81263	81298	1
CP142617.1	81298	81472	2
CP142617.1	81472	81511	3
CP142617.1	81511	81525	2
CP142617.1	81525	81620	1
CP142617.1	81620	81621	0
CP142617.1	81621	81622	1
CP142617.1	81622	81650	2
CP142617.1	81650	81691	3
CP142617.1	81691	81711	2
CP142617.1	81711	81822	1
CP142617.1	81822	82069	2
CP142617.1	82069	82132	1
CP142617.1	82132	82153	2
CP142617.1	82153	82212	3
CP142617.1	82212	82213	2
CP142617.1	82213	82214	1
CP142617.1	82214	82311	2
CP142617.1	82311	82313	3
CP142617.1	82313	82318	2
CP142617.1	82318	82319	1
CP142617.1	82319	82364	2
CP142617.1	82364	82418	3
CP142617.1	82418	82421	2
CP142617.1	82421	82422	3
CP142617.1	82422	82423	2
CP142617.1	82423	82439	3
CP142617.1	82439	82470	2
CP142617.1	82470	82503	1
CP142617.1	82503	82764	0
CP142617.1	82764	82775	1
CP142617.1	82775	82817	2
CP142617.1	82817	82820	1
CP142617.1	82820	82821	2
CP142617.1	82821	82885	1
CP142617.1	82885	83268	0
CP142617.1	83268	83363	1
CP142617.1	83363	83418	2
CP142617.1	83418	83489	1
CP142617.1	83489	83534	2
CP142617.1	83534	83604	3
CP142617.1	83604	83605	2
CP142617.1	83605	83681	3
CP142617.1	83681	83685	2
CP142617.1	83685	83686	0
CP142617.1	83686	83687	1
CP142617.1	83687	83728	2
CP142617.1	83728	83731	1
CP142617.1	83731	83732	0
CP142617.1	83732	83743	2
CP142617.1	83743	83744	1
CP142617.1	83744	83760	2
CP142617.1	83760	83766	0
CP142617.1	83766	83791	2
CP142617.1	83791	83804	1
CP142617.1	83804	83813	2
CP142617.1	83813	83820	1
CP142617.1	83820	83887	2
CP142617.1	83887	83929	3
CP142617.1	83929	83944	2
CP142617.1	83944	83987	3
CP142617.1	83987	84018	2
CP142617.1	84018	84019	1
CP142617.1	84019	84083	2
CP142617.1	84083	84088	1
CP142617.1	84088	84090	2
CP142617.1	84090	84093	1
CP142617.1	84093	84104	2
CP142617.1	84104	84105	1
CP142617.1	84105	84117	2
CP142617.1	84117	84148	3
CP142617.1	84148	84173	2
CP142617.1	84173	84208	1
CP142617.1	84208	84210	0
CP142617.1	84210	84369	1
CP142617.1	84369	84372	0
CP142617.1	84372	84382	1
CP142617.1	84382	84425	2
CP142617.1	84425	84525	1
CP142617.1	84525	84538	2
CP142617.1	84538	84539	1
CP142617.1	84539	84612	2
CP142617.1	84612	84625	3
CP142617.1	84625	84627	2
CP142617.1	84627	84635	3
CP142617.1	84635	84637	2
CP142617.1	84637	84717	3
CP142617.1	84717	84734	4
CP142617.1	84734	84735	2
CP142617.1	84735	84771	4
CP142617.1	84771	84773	3
CP142617.1	84773	84831	4
CP142617.1	84831	84832	2
CP142617.1	84832	84833	0
CP142617.1	84833	84834	1
CP142617.1	84834	84835	2
CP142617.1	84835	84895	3
CP142617.1	84895	84897	2
CP142617.1	84897	84914	3
CP142617.1	84914	84916	2
CP142617.1	84916	84977	1
CP142617.1	84977	85006	2
CP142617.1	85006	85095	1
CP142617.1	85095	85097	0
CP142617.1	85097	85105	1
CP142617.1	85105	85130	2
CP142617.1	85130	85153	3
CP142617.1	85153	85201	2
CP142617.1	85201	85220	1
CP142617.1	85220	85241	0
CP142617.1	85241	85309	1
CP142617.1	85309	85312	2
CP142617.1	85312	85368	1
CP142617.1	85368	85418	0
CP142617.1	85418	85508	1
CP142617.1	85508	85520	2
CP142617.1	85520	85681	1
CP142617.1	85681	85684	0
CP142617.1	85684	85778	1
CP142617.1	85778	85839	0
CP142617.1	85839	85959	1
CP142617.1	85959	85966	2
CP142617.1	85966	85988	3
CP142617.1	85988	86114	4
CP142617.1	86114	86122	3
CP142617.1	86122	86154	2
CP142617.1	86154	86189	1
CP142617.1	86189	86225	2
CP142617.1	86225	86270	1
CP142617.1	86270	86287	0
CP142617.1	86287	86402	1
CP142617.1	86402	86404	0
CP142617.1	86404	86427	1
CP142617.1	86427	86561	0
CP142617.1	86561	86585	1
CP142617.1	86585	86597	0
CP142617.1	86597	86737	1
CP142617.1	86737	86738	0
CP142617.1	86738	86769	1
CP142617.1	86769	86916	0
CP142617.1	86916	87034	1
CP142617.1	87034	87035	0
CP142617.1	87035	87163	1
CP142617.1	87163	87476	0
CP142617.1	87476	87501	1
CP142617.1	87501	87543	2
CP142617.1	87543	87599	1
CP142617.1	87599	87646	2
CP142617.1	87646	87698	1
CP142617.1	87698	87700	0
CP142617.1	87700	87738	1
CP142617.1	87738	87766	2
CP142617.1	87766	87769	1
CP142617.1	87769	87799	2
CP142617.1	87799	87800	3
CP142617.1	87800	87801	2
CP142617.1	87801	87822	1
CP142617.1	87822	87825	0
CP142617.1	87825	87862	1
CP142617.1	87862	87863	0
CP142617.1	87863	87886	1
CP142617.1	87886	88013	0
CP142617.1	88013	88104	1
CP142617.1	88104	88175	2
CP142617.1	88175	88176	1
CP142617.1	88176	88210	2
CP142617.1	88210	88328	1
CP142617.1	88328	88329	0
CP142617.1	88329	88349	1
CP142617.1	88349	88365	2
CP142617.1	88365	88374	3
CP142617.1	88374	88485	2
CP142617.1	88485	88501	1
CP142617.1	88501	88506	0
CP142617.1	88506	88513	1
CP142617.1	88513	88516	0
CP142617.1	88516	88524	1
CP142617.1	88524	88525	0
CP142617.1	88525	88546	1
CP142617.1	88546	88613	0
CP142617.1	88613	88653	1
CP142617.1	88653	88751	0
CP142617.1	88751	88774	1
CP142617.1	88774	88782	2
CP142617.1	88782	88783	1
CP142617.1	88783	88839	2
CP142617.1	88839	89000	1
CP142617.1	89000	89187	0
CP142617.1	89187	89193	1
CP142617.1	89193	89217	2
CP142617.1	89217	89224	1
CP142617.1	89224	89269	2
CP142617.1	89269	89294	1
CP142617.1	89294	89297	2
CP142617.1	89297	89327	3
CP142617.1	89327	89350	2
CP142617.1	89350	89355	1
CP142617.1	89355	89360	0
CP142617.1	89360	89501	1
CP142617.1	89501	89773	0
CP142617.1	89773	89808	1
CP142617.1	89808	89897	2
CP142617.1	89897	89910	3
CP142617.1	89910	89937	2
CP142617.1	89937	89962	1
CP142617.1	89962	89989	2
CP142617.1	89989	90098	1
CP142617.1	90098	90179	2
CP142617.1	90179	90249	1
CP142617.1	90249	90372	0
CP142617.1	90372	90400	1
CP142617.1	90400	90481	2
CP142617.1	90481	90497	3
CP142617.1	90497	90502	2
CP142617.1	90502	90503	1
CP142617.1	90503	90536	2
CP142617.1	90536	90539	1
CP142617.1	90539	90588	2
CP142617.1	90588	90596	1
CP142617.1	90596	90617	2
CP142617.1	90617	90618	1
CP142617.1	90618	90633	2
CP142617.1	90633	90692	1
CP142617.1	90692	90830	0
CP142617.1	90830	90881	1
CP142617.1	90881	90909	2
CP142617.1	90909	90940	3
CP142617.1	90940	90941	2
CP142617.1	90941	90943	1
CP142617.1	90943	90968	3
CP142617.1	90968	91124	2
CP142617.1	91124	91154	1
CP142617.1	91154	91174	0
CP142617.1	91174	91297	1
CP142617.1	91297	91334	2
CP142617.1	91334	91337	1
CP142617.1	91337	91350	2
CP142617.1	91350	91353	1
CP142617.1	91353	91358	0
CP142617.1	91358	91401	1
CP142617.1	91401	91442	2
CP142617.1	91442	91532	1
CP142617.1	91532	91656	2
CP142617.1	91656	91698	1
CP142617.1	91698	91701	0
CP142617.1	91701	91726	1
CP142617.1	91726	92041	0
CP142617.1	92041	92137	1
CP142617.1	92137	92264	2
CP142617.1	92264	92272	1
CP142617.1	92272	92278	0
CP142617.1	92278	92304	1
CP142617.1	92304	92391	2
CP142617.1	92391	92401	1
CP142617.1	92401	92469	2
CP142617.1	92469	92491	1
CP142617.1	92491	92767	0
CP142617.1	92767	92878	1
CP142617.1	92878	92922	2
CP142617.1	92922	92930	1
CP142617.1	92930	92937	0
CP142617.1	92937	93000	1
CP142617.1	93000	93009	0
CP142617.1	93009	93226	1
CP142617.1	93226	93288	2
CP142617.1	93288	93289	1
CP142617.1	93289	93304	2
CP142617.1	93304	93355	3
CP142617.1	93355	93356	2
CP142617.1	93356	93401	3
CP142617.1	93401	93406	2
CP142617.1	93406	93479	1
CP142617.1	93479	93481	0
CP142617.1	93481	93482	1
CP142617.1	93482	93525	2
CP142617.1	93525	93571	1
CP142617.1	93571	93614	0
CP142617.1	93614	93668	1
CP142617.1	93668	93748	0
CP142617.1	93748	93832	1
CP142617.1	93832	93860	2
CP142617.1	93860	93886	1
CP142617.1	93886	93911	2
CP142617.1	93911	94018	1
CP142617.1	94018	94044	0
CP142617.1	94044	94201	1
CP142617.1	94201	94765	0
CP142617.1	94765	94810	1
CP142617.1	94810	94811	0
CP142617.1	94811	94858	1
CP142617.1	94858	94875	0
CP142617.1	94875	94930	1
CP142617.1	94930	94963	2
CP142617.1	94963	94990	1
CP142617.1	94990	94996	2
CP142617.1	94996	95036	1
CP142617.1	95036	95068	0
CP142617.1	95068	95134	1
CP142617.1	95134	95135	0
CP142617.1	95135	95154	1
CP142617.1	95154	95213	2
CP142617.1	95213	95229	3
CP142617.1	95229	95231	4
CP142617.1	95231	95281	3
CP142617.1	95281	95289	2
CP142617.1	95289	95345	1
CP142617.1	95345	95346	0
CP142617.1	95346	95373	1
CP142617.1	95373	95422	0
CP142617.1	95422	95432	1
CP142617.1	95432	95469	2
CP142617.1	95469	95583	3
CP142617.1	95583	95584	2
CP142617.1	95584	95591	3
CP142617.1	95591	95592	2
CP142617.1	95592	95719	1
CP142617.1	95719	95785	0
CP142617.1	95785	95791	1
CP142617.1	95791	95912	2
CP142617.1	95912	95915	1
CP142617.1	95915	95944	0
CP142617.1	95944	95966	1
CP142617.1	95966	95989	2
CP142617.1	95989	96015	3
CP142617.1	96015	96017	4
CP142617.1	96017	96024	5
CP142617.1	96024	96035	4
CP142617.1	96035	96064	5
CP142617.1	96064	96068	4
CP142617.1	96068	96069	3
CP142617.1	96069	96074	4
CP142617.1	96074	96075	3
CP142617.1	96075	96078	2
CP142617.1	96078	96120	4
CP142617.1	96120	96121	3
CP142617.1	96121	96130	4
CP142617.1	96130	96136	3
CP142617.1	96136	96213	2
CP142617.1	96213	96251	1
CP142617.1	96251	96306	0
CP142617.1	96306	96351	1
CP142617.1	96351	96352	0
CP142617.1	96352	96423	1
CP142617.1	96423	96425	0
CP142617.1	96425	96467	1
CP142617.1	96467	96536	0
CP142617.1	96536	96598	1
CP142617.1	96598	96671	0
CP142617.1	96671	96884	1
CP142617.1	96884	96893	0
CP142617.1	96893	97036	1
CP142617.1	97036	97079	0
CP142617.1	97079	97109	1
CP142617.1	97109	97110	0
CP142617.1	97110	97116	1
CP142617.1	97116	97148	2
CP142617.1	97148	97231	1
CP142617.1	97231	97263	0
CP142617.1	97263	97344	1
CP142617.1	97344	97510	0
CP142617.1	97510	97660	1
CP142617.1	97660	97674	0
CP142617.1	97674	97748	1
CP142617.1	97748	97817	0
CP142617.1	97817	97922	1
CP142617.1	97922	97925	2
CP142617.1	97925	97965	3
CP142617.1	97965	98005	2
CP142617.1	98005	98006	1
CP142617.1	98006	98035	2
CP142617.1	98035	98186	1
CP142617.1	98186	98302	0
CP142617.1	98302	98372	1
CP142617.1	98372	98375	0
CP142617.1	98375	98426	1
CP142617.1	98426	98433	2
CP142617.1	98433	98458	3
CP142617.1	98458	98462	2
CP142617.1	98462	98485	3
CP142617.1	98485	98488	2
CP142617.1	98488	98497	3
CP142617.1	98497	98518	2
CP142617.1	98518	98523	1
CP142617.1	98523	98526	0
CP142617.1	98526	98627	1
CP142617.1	98627	98770	0
CP142617.1	98770	98858	1
CP142617.1	98858	99143	0
CP142617.1	99143	99217	1
CP142617.1	99217	99381	2
CP142617.1	99381	99420	1
CP142617.1	99420	99475	0
CP142617.1	99475	99641	1
CP142617.1	99641	99650	0
CP142617.1	99650	99745	1
CP142617.1	99745	99930	0
CP142617.1	99930	99952	1
CP142617.1	99952	100001	2
CP142617.1	100001	100023	1
CP142617.1	100023	100139	2
CP142617.1	100139	100142	3
CP142617.1	100142	100158	2
CP142617.1	100158	100165	3
CP142617.1	100165	100223	4
CP142617.1	100223	100224	3
CP142617.1	100224	100237	4
CP142617.1	100237	100244	3
CP142617.1	100244	100268	2
CP142617.1	100268	100307	1
CP142617.1	100307	100317	0
CP142617.1	100317	100365	1
CP142617.1	100365	100436	2
CP142617.1	100436	100471	3
CP142617.1	100471	100472	2
CP142617.1	100472	100502	3
CP142617.1	100502	100608	2
CP142617.1	100608	100678	1
CP142617.1	100678	100760	2
CP142617.1	100760	100769	3
CP142617.1	100769	100782	2
CP142617.1	100782	100789	1
CP142617.1	100789	100791	2
CP142617.1	100791	100794	1
CP142617.1	100794	100915	2
CP142617.1	100915	100929	1
CP142617.1	100929	100930	0
CP142617.1	100930	100978	1
CP142617.1	100978	101326	0
CP142617.1	101326	101424	1
CP142617.1	101424	101549	0
CP142617.1	101549	101618	1
CP142617.1	101618	101629	0
CP142617.1	101629	101825	1
CP142617.1	101825	101933	2
CP142617.1	101933	101936	1
CP142617.1	101936	102384	0
CP142617.1	102384	102584	1
CP142617.1	102584	102604	2
CP142617.1	102604	102631	3
CP142617.1	102631	102719	2
CP142617.1	102719	102739	1
CP142617.1	102739	102816	0
CP142617.1	102816	102828	1
CP142617.1	102828	102849	2
CP142617.1	102849	102912	3
CP142617.1	102912	102982	4
CP142617.1	102982	102990	5
CP142617.1	102990	103024	4
CP142617.1	103024	103025	3
CP142617.1	103025	103026	4
CP142617.1	103026	103060	3
CP142617.1	103060	103062	2
CP142617.1	103062	103064	1
CP142617.1	103064	103066	2
CP142617.1	103066	103072	3
CP142617.1	103072	103073	2
CP142617.1	103073	103084	3
CP142617.1	103084	103145	2
CP142617.1	103145	103147	1
CP142617.1	103147	103157	0
CP142617.1	103157	103192	1
CP142617.1	103192	103193	0
CP142617.1	103193	103219	1
CP142617.1	103219	103227	2
CP142617.1	103227	103259	3
CP142617.1	103259	103277	4
CP142617.1	103277	103290	3
CP142617.1	103290	103298	2
CP142617.1	103298	103307	3
CP142617.1	103307	103367	4
CP142617.1	103367	103376	3
CP142617.1	103376	103379	2
CP142617.1	103379	103383	3
CP142617.1	103383	103397	2
CP142617.1	103397	103428	3
CP142617.1	103428	103429	2
CP142617.1	103429	103436	1
CP142617.1	103436	103440	2
CP142617.1	103440	103447	3
CP142617.1	103447	103460	2
CP142617.1	103460	103473	3
CP142617.1	103473	103475	4
CP142617.1	103475	103476	3
CP142617.1	103476	103482	2
CP142617.1	103482	103487	3
CP142617.1	103487	103513	4
CP142617.1	103513	103514	3
CP142617.1	103514	103519	4
CP142617.1	103519	103574	3
CP142617.1	103574	103608	2
CP142617.1	103608	103649	1
CP142617.1	103649	103681	2
CP142617.1	103681	103708	3
CP142617.1	103708	103756	2
CP142617.1	103756	103846	1
CP142617.1	103846	103890	0
CP142617.1	103890	103904	1
CP142617.1	103904	103960	2
CP142617.1	103960	103962	3
CP142617.1	103962	103988	2
CP142617.1	103988	104023	3
CP142617.1	104023	104037	2
CP142617.1	104037	104055	3
CP142617.1	104055	104056	2
CP142617.1	104056	104062	3
CP142617.1	104062	104064	2
CP142617.1	104064	104070	3
CP142617.1	104070	104071	2
CP142617.1	104071	104123	3
CP142617.1	104123	104137	4
CP142617.1	104137	104140	3
CP142617.1	104140	104160	4
CP142617.1	104160	104190	3
CP142617.1	104190	104205	2
CP142617.1	104205	104234	1
CP142617.1	104234	104359	2
CP142617.1	104359	104379	1
CP142617.1	104379	104419	2
CP142617.1	104419	104441	3
CP142617.1	104441	104508	2
CP142617.1	104508	104695	1
CP142617.1	104695	104703	2
CP142617.1	104703	104775	1
CP142617.1	104775	104779	2
CP142617.1	104779	104811	3
CP142617.1	104811	104899	2
CP142617.1	104899	104901	1
CP142617.1	104901	105087	0
CP142617.1	105087	105130	1
CP142617.1	105130	105188	2
CP142617.1	105188	105212	1
CP142617.1	105212	105215	0
CP142617.1	105215	105289	1
CP142617.1	105289	105302	2
CP142617.1	105302	105319	3
CP142617.1	105319	105320	2
CP142617.1	105320	105340	3
CP142617.1	105340	105343	2
CP142617.1	105343	105368	3
CP142617.1	105368	105416	4
CP142617.1	105416	105417	3
CP142617.1	105417	105451	4
CP142617.1	105451	105452	3
CP142617.1	105452	105509	4
CP142617.1	105509	105555	3
CP142617.1	105555	105558	2
CP142617.1	105558	105584	3
CP142617.1	105584	105586	4
CP142617.1	105586	105594	3
CP142617.1	105594	105601	2
CP142617.1	105601	105604	1
CP142617.1	105604	105659	2
CP142617.1	105659	105666	1
CP142617.1	105666	105667	0
CP142617.1	105667	105689	1
CP142617.1	105689	105710	0
CP142617.1	105710	105786	1
CP142617.1	105786	105787	0
CP142617.1	105787	105845	1
CP142617.1	105845	105923	0
CP142617.1	105923	105942	1
CP142617.1	105942	105951	0
CP142617.1	105951	106003	1
CP142617.1	106003	106135	0
CP142617.1	106135	106165	1
CP142617.1	106165	106238	2
CP142617.1	106238	106276	1
CP142617.1	106276	106285	0
CP142617.1	106285	106316	1
CP142617.1	106316	106408	0
CP142617.1	106408	106583	1
CP142617.1	106583	106587	0
CP142617.1	106587	106719	1
CP142617.1	106719	106748	2
CP142617.1	106748	106772	1
CP142617.1	106772	106802	2
CP142617.1	106802	107012	1
CP142617.1	107012	107139	0
CP142617.1	107139	107220	1
CP142617.1	107220	107264	0
CP142617.1	107264	107277	1
CP142617.1	107277	107287	2
CP142617.1	107287	107330	3
CP142617.1	107330	107360	2
CP142617.1	107360	107422	0
CP142617.1	107422	107478	1
CP142617.1	107478	107507	2
CP142617.1	107507	107550	3
CP142617.1	107550	107563	2
CP142617.1	107563	107566	1
CP142617.1	107566	107576	2
CP142617.1	107576	107578	1
CP142617.1	107578	107596	2
CP142617.1	107596	107626	1
CP142617.1	107626	107748	2
CP142617.1	107748	107765	1
CP142617.1	107765	107806	2
CP142617.1	107806	107815	3
CP142617.1	107815	107848	2
CP142617.1	107848	107908	1
CP142617.1	107908	107912	0
CP142617.1	107912	108102	1
CP142617.1	108102	108158	0
CP142617.1	108158	108364	1
CP142617.1	108364	108379	0
CP142617.1	108379	108440	1
CP142617.1	108440	108514	2
CP142617.1	108514	108575	3
CP142617.1	108575	108576	2
CP142617.1	108576	108608	3
CP142617.1	108608	108685	2
CP142617.1	108685	108800	1
CP142617.1	108800	108890	0
CP142617.1	108890	109095	1
CP142617.1	109095	109141	2
CP142617.1	109141	109197	1
CP142617.1	109197	109270	0
CP142617.1	109270	109335	1
CP142617.1	109335	109930	0
CP142617.1	109930	109964	1
CP142617.1	109964	109965	0
CP142617.1	109965	109981	1
CP142617.1	109981	110061	0
CP142617.1	110061	110116	1
CP142617.1	110116	110263	0
CP142617.1	110263	110314	1
CP142617.1	110314	110324	0
CP142617.1	110324	110408	1
CP142617.1	110408	110630	0
CP142617.1	110630	110659	1
CP142617.1	110659	110730	2
CP142617.1	110730	110745	3
CP142617.1	110745	110856	2
CP142617.1	110856	110900	3
CP142617.1	110900	110946	2
CP142617.1	110946	110990	1
CP142617.1	110990	111004	0
CP142617.1	111004	111047	1
CP142617.1	111047	111128	0
CP142617.1	111128	111205	1
CP142617.1	111205	111264	2
CP142617.1	111264	111266	3
CP142617.1	111266	111283	4
CP142617.1	111283	111290	3
CP142617.1	111290	111296	2
CP142617.1	111296	111309	1
CP142617.1	111309	111339	2
CP142617.1	111339	111382	1
CP142617.1	111382	111383	0
CP142617.1	111383	111386	1
CP142617.1	111386	111570	0
CP142617.1	111570	111597	1
CP142617.1	111597	111598	0
CP142617.1	111598	111656	1
CP142617.1	111656	111888	0
CP142617.1	111888	111990	1
CP142617.1	111990	111995	0
CP142617.1	111995	112035	1
CP142617.1	112035	112070	2
CP142617.1	112070	112121	1
CP142617.1	112121	112122	0
CP142617.1	112122	112168	1
CP142617.1	112168	112169	0
CP142617.1	112169	112269	1
CP142617.1	112269	112280	0
CP142617.1	112280	112351	1
CP142617.1	112351	112382	2
CP142617.1	112382	112463	3
CP142617.1	112463	112464	2
CP142617.1	112464	112619	1
CP142617.1	112619	112641	0
CP142617.1	112641	112670	1
CP142617.1	112670	112694	2
CP142617.1	112694	112731	3
CP142617.1	112731	112733	2
CP142617.1	112733	112740	3
CP142617.1	112740	112764	2
CP142617.1	112764	112845	3
CP142617.1	112845	112864	2
CP142617.1	112864	112899	1
CP142617.1	112899	112963	2
CP142617.1	112963	112964	1
CP142617.1	112964	112965	2
CP142617.1	112965	112968	1
CP142617.1	112968	112988	2
CP142617.1	112988	112989	1
CP142617.1	112989	113033	2
CP142617.1	113033	113114	1
CP142617.1	113114	113309	0
CP142617.1	113309	113392	1
CP142617.1	113392	113400	0
CP142617.1	113400	113401	1
CP142617.1	113401	113435	2
CP142617.1	113435	113451	3
CP142617.1	113451	113461	2
CP142617.1	113461	113569	3
CP142617.1	113569	113594	2
CP142617.1	113594	113601	1
CP142617.1	113601	113642	0
CP142617.1	113642	113644	1
CP142617.1	113644	113699	2
CP142617.1	113699	113713	1
CP142617.1	113713	113794	0
CP142617.1	113794	113846	1
CP142617.1	113846	113890	2
CP142617.1	113890	114055	1
CP142617.1	114055	114111	0
CP142617.1	114111	114137	1
CP142617.1	114137	114138	0
CP142617.1	114138	114234	1
CP142617.1	114234	114513	0
CP142617.1	114513	114559	1
CP142617.1	114559	114607	2
CP142617.1	114607	114717	1
CP142617.1	114717	114729	2
CP142617.1	114729	114777	3
CP142617.1	114777	114788	2
CP142617.1	114788	114874	1
CP142617.1	114874	115052	2
CP142617.1	115052	115055	3
CP142617.1	115055	115056	2
CP142617.1	115056	115071	3
CP142617.1	115071	115100	5
CP142617.1	115100	115111	4
CP142617.1	115111	115130	2
CP142617.1	115130	115194	1
CP142617.1	115194	115206	0
CP142617.1	115206	115250	1
CP142617.1	115250	115251	0
CP142617.1	115251	115264	1
CP142617.1	115264	115354	2
CP142617.1	115354	115355	1
CP142617.1	115355	115358	2
CP142617.1	115358	115488	1
CP142617.1	115488	115489	0
CP142617.1	115489	115552	1
CP142617.1	115552	115812	0
CP142617.1	115812	115936	1
CP142617.1	115936	115989	2
CP142617.1	115989	116010	1
CP142617.1	116010	116086	0
CP142617.1	116086	116171	1
CP142617.1	116171	116181	2
CP142617.1	116181	116282	3
CP142617.1	116282	116285	2
CP142617.1	116285	116288	3
CP142617.1	116288	116310	2
CP142617.1	116310	116364	3
CP142617.1	116364	116373	2
CP142617.1	116373	116387	3
CP142617.1	116387	116408	4
CP142617.1	116408	116446	3
CP142617.1	116446	116469	2
CP142617.1	116469	116471	3
CP142617.1	116471	116544	2
CP142617.1	116544	116548	1
CP142617.1	116548	116556	2
CP142617.1	116556	116560	1
CP142617.1	116560	116629	2
CP142617.1	116629	116635	3
CP142617.1	116635	116636	2
CP142617.1	116636	116653	3
CP142617.1	116653	116655	2
CP142617.1	116655	116665	1
CP142617.1	116665	116684	2
CP142617.1	116684	116777	1
CP142617.1	116777	116818	2
CP142617.1	116818	116837	1
CP142617.1	116837	116888	2
CP142617.1	116888	116984	1
CP142617.1	116984	117043	0
CP142617.1	117043	117087	1
CP142617.1	117087	117141	2
CP142617.1	117141	117150	3
CP142617.1	117150	117196	4
CP142617.1	117196	117230	3
CP142617.1	117230	117238	2
CP142617.1	117238	117239	0
CP142617.1	117239	117248	1
CP142617.1	117248	117286	2
CP142617.1	117286	117296	1
CP142617.1	117296	117316	2
CP142617.1	117316	117342	1
CP142617.1	117342	117378	2
CP142617.1	117378	117453	3
CP142617.1	117453	117466	2
CP142617.1	117466	117486	3
CP142617.1	117486	117488	1
CP142617.1	117488	117493	3
CP142617.1	117493	117494	2
CP142617.1	117494	117638	3
CP142617.1	117638	117679	4
CP142617.1	117679	117695	5
CP142617.1	117695	117727	4
CP142617.1	117727	117763	3
CP142617.1	117763	117819	2
CP142617.1	117819	117825	3
CP142617.1	117825	117861	2
CP142617.1	117861	117863	3
CP142617.1	117863	117918	4
CP142617.1	117918	117919	3
CP142617.1	117919	117948	4
CP142617.1	117948	117949	3
CP142617.1	117949	117971	4
CP142617.1	117971	117978	5
CP142617.1	117978	118004	4
CP142617.1	118004	118062	3
CP142617.1	118062	118177	2
CP142617.1	118177	118273	3
CP142617.1	118273	118321	2
CP142617.1	118321	118324	3
CP142617.1	118324	118329	2
CP142617.1	118329	118443	1
CP142617.1	118443	118506	2
CP142617.1	118506	118507	0
CP142617.1	118507	118563	1
CP142617.1	118563	118577	0
CP142617.1	118577	118604	1
CP142617.1	118604	118614	2
CP142617.1	118614	118620	1
CP142617.1	118620	118685	2
CP142617.1	118685	118752	1
CP142617.1	118752	119003	0
CP142617.1	119003	119029	1
CP142617.1	119029	119032	0
CP142617.1	119032	119047	1
CP142617.1	119047	119147	0
CP142617.1	119147	119186	1
CP142617.1	119186	119188	0
CP142617.1	119188	119305	1
CP142617.1	119305	119477	0
CP142617.1	119477	119614	1
CP142617.1	119614	119616	0
CP142617.1	119616	119635	1
CP142617.1	119635	119775	0
CP142617.1	119775	119839	1
CP142617.1	119839	120058	0
CP142617.1	120058	120110	1
CP142617.1	120110	120111	2
CP142617.1	120111	120131	1
CP142617.1	120131	120149	2
CP142617.1	120149	120169	1
CP142617.1	120169	120201	2
CP142617.1	120201	120216	1
CP142617.1	120216	120224	2
CP142617.1	120224	120236	3
CP142617.1	120236	120256	2
CP142617.1	120256	120257	1
CP142617.1	120257	120317	2
CP142617.1	120317	120351	1
CP142617.1	120351	120370	2
CP142617.1	120370	120511	1
CP142617.1	120511	120531	2
CP142617.1	120531	120539	1
CP142617.1	120539	120544	2
CP142617.1	120544	120557	3
CP142617.1	120557	120559	2
CP142617.1	120559	120623	3
CP142617.1	120623	120624	1
CP142617.1	120624	120625	2
CP142617.1	120625	120667	3
CP142617.1	120667	120668	2
CP142617.1	120668	120689	3
CP142617.1	120689	120693	2
CP142617.1	120693	120701	3
CP142617.1	120701	120707	2
CP142617.1	120707	120710	1
CP142617.1	120710	120713	2
CP142617.1	120713	120757	3
CP142617.1	120757	120794	2
CP142617.1	120794	120904	1
CP142617.1	120904	120950	0
CP142617.1	120950	121054	1
CP142617.1	121054	121110	2
CP142617.1	121110	121111	1
CP142617.1	121111	121131	2
CP142617.1	121131	121233	1
CP142617.1	121233	121350	0
CP142617.1	121350	121428	1
CP142617.1	121428	121489	2
CP142617.1	121489	121514	4
CP142617.1	121514	121538	5
CP142617.1	121538	121550	3
CP142617.1	121550	121551	2
CP142617.1	121551	121570	3
CP142617.1	121570	121603	4
CP142617.1	121603	121623	5
CP142617.1	121623	121625	4
CP142617.1	121625	121653	3
CP142617.1	121653	121654	1
CP142617.1	121654	121655	2
CP142617.1	121655	121671	3
CP142617.1	121671	121672	1
CP142617.1	121672	121673	2
CP142617.1	121673	121701	3
CP142617.1	121701	121708	2
CP142617.1	121708	121722	1
CP142617.1	121722	121723	0
CP142617.1	121723	121740	1
CP142617.1	121740	121742	0
CP142617.1	121742	121744	1
CP142617.1	121744	121773	2
CP142617.1	121773	121774	1
CP142617.1	121774	121803	2
CP142617.1	121803	121848	3
CP142617.1	121848	121859	4
CP142617.1	121859	121882	3
CP142617.1	121882	121967	2
CP142617.1	121967	122138	1
CP142617.1	122138	122218	0
CP142617.1	122218	122330	1
CP142617.1	122330	122332	2
CP142617.1	122332	122350	3
CP142617.1	122350	122351	2
CP142617.1	122351	122399	3
CP142617.1	122399	122421	2
CP142617.1	122421	122425	3
CP142617.1	122425	122426	2
CP142617.1	122426	122429	3
CP142617.1	122429	122464	2
CP142617.1	122464	122465	1
CP142617.1	122465	122470	2
CP142617.1	122470	122471	1
CP142617.1	122471	122482	2
CP142617.1	122482	122525	3
CP142617.1	122525	122560	2
CP142617.1	122560	122565	1
CP142617.1	122565	122574	0
CP142617.1	122574	122650	1
CP142617.1	122650	122662	2
CP142617.1	122662	122671	1
CP142617.1	122671	122723	2
CP142617.1	122723	122749	1
CP142617.1	122749	122750	0
CP142617.1	122750	122791	1
CP142617.1	122791	122793	0
CP142617.1	122793	122980	1
CP142617.1	122980	122998	2
CP142617.1	122998	123018	3
CP142617.1	123018	123091	2
CP142617.1	123091	123093	1
CP142617.1	123093	123142	2
CP142617.1	123142	123154	1
CP142617.1	123154	123361	0
CP142617.1	123361	123383	1
CP142617.1	123383	123390	2
CP142617.1	123390	123423	3
CP142617.1	123423	123424	2
CP142617.1	123424	123434	3
CP142617.1	123434	123441	4
CP142617.1	123441	123442	3
CP142617.1	123442	123505	4
CP142617.1	123505	123516	5
CP142617.1	123516	123553	4
CP142617.1	123553	123571	3
CP142617.1	123571	123589	4
CP142617.1	123589	123592	3
CP142617.1	123592	123596	4
CP142617.1	123596	123602	2
CP142617.1	123602	123618	3
CP142617.1	123618	123622	2
CP142617.1	123622	123662	3
CP142617.1	123662	123682	2
CP142617.1	123682	124478	0
CP142617.1	124478	124579	1
CP142617.1	124579	124592	2
CP142617.1	124592	124594	1
CP142617.1	124594	124599	2
CP142617.1	124599	124648	1
CP142617.1	124648	124649	0
CP142617.1	124649	124676	1
CP142617.1	124676	124728	0
CP142617.1	124728	124737	1
CP142617.1	124737	124783	2
CP142617.1	124783	124804	3
CP142617.1	124804	124807	2
CP142617.1	124807	124865	3
CP142617.1	124865	124866	1
CP142617.1	124866	124910	2
CP142617.1	124910	124953	1
CP142617.1	124953	125062	2
CP142617.1	125062	125139	1
CP142617.1	125139	125152	2
CP142617.1	125152	125160	1
CP142617.1	125160	125161	0
CP142617.1	125161	125171	1
CP142617.1	125171	125179	2
CP142617.1	125179	125183	1
CP142617.1	125183	125229	2
CP142617.1	125229	125232	1
CP142617.1	125232	125251	2
CP142617.1	125251	125253	1
CP142617.1	125253	125360	2
CP142617.1	125360	125398	1
CP142617.1	125398	125438	0
CP142617.1	125438	125444	1
CP142617.1	125444	125492	2
CP142617.1	125492	125493	1
CP142617.1	125493	125573	2
CP142617.1	125573	125592	1
CP142617.1	125592	125593	0
CP142617.1	125593	125613	1
CP142617.1	125613	125663	0
CP142617.1	125663	125719	1
CP142617.1	125719	125793	0
CP142617.1	125793	125910	1
CP142617.1	125910	125977	2
CP142617.1	125977	126015	3
CP142617.1	126015	126077	2
CP142617.1	126077	126086	3
CP142617.1	126086	126094	4
CP142617.1	126094	126108	3
CP142617.1	126108	126109	2
CP142617.1	126109	126112	3
CP142617.1	126112	126157	2
CP142617.1	126157	126340	1
CP142617.1	126340	126551	0
CP142617.1	126551	126577	1
CP142617.1	126577	126628	2
CP142617.1	126628	126631	1
CP142617.1	126631	126842	0
CP142617.1	126842	126875	1
CP142617.1	126875	126935	2
CP142617.1	126935	126938	1
CP142617.1	126938	126942	2
CP142617.1	126942	126950	1
CP142617.1	126950	127042	2
CP142617.1	127042	127054	1
CP142617.1	127054	127056	0
CP142617.1	127056	127065	1
CP142617.1	127065	127099	2
CP142617.1	127099	127140	1
CP142617.1	127140	127199	0
CP142617.1	127199	127220	1
CP142617.1	127220	127223	0
CP142617.1	127223	127272	1
CP142617.1	127272	127605	0
CP142617.1	127605	127635	1
CP142617.1	127635	127636	0
CP142617.1	127636	127785	1
CP142617.1	127785	127789	2
CP142617.1	127789	127860	1
CP142617.1	127860	127934	2
CP142617.1	127934	127936	1
CP142617.1	127936	127943	0
CP142617.1	127943	127961	1
CP142617.1	127961	128225	0
CP142617.1	128225	128258	1
CP142617.1	128258	128305	2
CP142617.1	128305	128306	1
CP142617.1	128306	128315	2
CP142617.1	128315	128332	3
CP142617.1	128332	128349	4
CP142617.1	128349	128350	2
CP142617.1	128350	128358	3
CP142617.1	128358	128401	4
CP142617.1	128401	128453	3
CP142617.1	128453	128474	4
CP142617.1	128474	128478	5
CP142617.1	128478	128479	4
CP142617.1	128479	128508	5
CP142617.1	128508	128517	4
CP142617.1	128517	128539	3
CP142617.1	128539	128575	2
CP142617.1	128575	128584	1
CP142617.1	128584	128622	2
CP142617.1	128622	128672	3
CP142617.1	128672	128699	2
CP142617.1	128699	128730	1
CP142617.1	128730	128865	0
CP142617.1	128865	129004	1
CP142617.1	129004	129018	0
CP142617.1	129018	129050	1
CP142617.1	129050	129051	0
CP142617.1	129051	129124	1
CP142617.1	129124	129175	2
CP142617.1	129175	129212	1
CP142617.1	129212	129249	2
CP142617.1	129249	129250	0
CP142617.1	129250	129254	1
CP142617.1	129254	129268	2
CP142617.1	129268	129270	1
CP142617.1	129270	129341	2
CP142617.1	129341	129411	1
CP142617.1	129411	129515	0
CP142617.1	129515	129532	1
CP142617.1	129532	129580	2
CP142617.1	129580	129582	1
CP142617.1	129582	129737	0
CP142617.1	129737	129797	1
CP142617.1	129797	129864	0
CP142617.1	129864	129962	1
CP142617.1	129962	129964	0
CP142617.1	129964	129965	1
CP142617.1	129965	130028	2
CP142617.1	130028	130030	1
CP142617.1	130030	130031	0
CP142617.1	130031	130055	2
CP142617.1	130055	130164	1
CP142617.1	130164	130381	0
CP142617.1	130381	130444	1
CP142617.1	130444	130466	2
CP142617.1	130466	130476	3
CP142617.1	130476	130477	2
CP142617.1	130477	130535	3
CP142617.1	130535	130569	2
CP142617.1	130569	130637	1
CP142617.1	130637	130638	0
CP142617.1	130638	130677	1
CP142617.1	130677	130742	0
CP142617.1	130742	130795	1
CP142617.1	130795	131009	0
CP142617.1	131009	131090	1
CP142617.1	131090	131217	2
CP142617.1	131217	131218	1
CP142617.1	131218	131230	2
CP142617.1	131230	131266	1
CP142617.1	131266	131334	2
CP142617.1	131334	131393	1
CP142617.1	131393	131394	0
CP142617.1	131394	131446	1
CP142617.1	131446	131690	0
CP142617.1	131690	131706	1
CP142617.1	131706	131707	0
CP142617.1	131707	131803	1
CP142617.1	131803	131912	3
CP142617.1	131912	131916	2
CP142617.1	131916	131965	1
CP142617.1	131965	131967	0
CP142617.1	131967	131994	1
CP142617.1	131994	132224	0
CP142617.1	132224	132279	1
CP142617.1	132279	132294	2
CP142617.1	132294	132359	1
CP142617.1	132359	132420	2
CP142617.1	132420	132481	3
CP142617.1	132481	132516	2
CP142617.1	132516	132542	1
CP142617.1	132542	132567	2
CP142617.1	132567	132680	1
CP142617.1	132680	132760	0
CP142617.1	132760	132786	1
CP142617.1	132786	132828	2
CP142617.1	132828	132839	3
CP142617.1	132839	132879	2
CP142617.1	132879	132880	1
CP142617.1	132880	132913	2
CP142617.1	132913	132934	1
CP142617.1	132934	132990	2
CP142617.1	132990	132997	3
CP142617.1	132997	132998	2
CP142617.1	132998	133005	3
CP142617.1	133005	133006	2
CP142617.1	133006	133027	3
CP142617.1	133027	133049	2
CP142617.1	133049	133082	3
CP142617.1	133082	133160	2
CP142617.1	133160	133178	3
CP142617.1	133178	133184	2
CP142617.1	133184	133262	3
CP142617.1	133262	133273	2
CP142617.1	133273	133464	1
CP142617.1	133464	133648	0
CP142617.1	133648	133710	1
CP142617.1	133710	133711	0
CP142617.1	133711	133752	1
CP142617.1	133752	133800	2
CP142617.1	133800	133813	1
CP142617.1	133813	133834	2
CP142617.1	133834	133899	1
CP142617.1	133899	134016	0
CP142617.1	134016	134040	1
CP142617.1	134040	134050	0
CP142617.1	134050	134113	1
CP142617.1	134113	134154	0
CP142617.1	134154	134197	1
CP142617.1	134197	134202	0
CP142617.1	134202	134302	1
CP142617.1	134302	134455	0
CP142617.1	134455	134487	1
CP142617.1	134487	134515	2
CP142617.1	134515	134579	3
CP142617.1	134579	134607	4
CP142617.1	134607	134623	3
CP142617.1	134623	134626	2
CP142617.1	134626	134627	1
CP142617.1	134627	134647	2
CP142617.1	134647	134648	1
CP142617.1	134648	134683	2
CP142617.1	134683	134712	3
CP142617.1	134712	134715	0
CP142617.1	134715	134747	3
CP142617.1	134747	134784	2
CP142617.1	134784	134787	1
CP142617.1	134787	134803	2
CP142617.1	134803	134813	1
CP142617.1	134813	134982	0
CP142617.1	134982	135147	1
CP142617.1	135147	135508	0
CP142617.1	135508	135553	1
CP142617.1	135553	135759	0
CP142617.1	135759	135774	1
CP142617.1	135774	135786	2
CP142617.1	135786	135831	3
CP142617.1	135831	135836	4
CP142617.1	135836	135870	3
CP142617.1	135870	135904	2
CP142617.1	135904	135913	1
CP142617.1	135913	136033	2
CP142617.1	136033	136045	3
CP142617.1	136045	136221	2
CP142617.1	136221	136254	1
CP142617.1	136254	136281	2
CP142617.1	136281	136313	1
CP142617.1	136313	136388	2
CP142617.1	136388	136401	1
CP142617.1	136401	136410	2
CP142617.1	136410	136547	1
CP142617.1	136547	136566	2
CP142617.1	136566	136567	1
CP142617.1	136567	136594	2
CP142617.1	136594	136607	3
CP142617.1	136607	136631	2
CP142617.1	136631	136635	1
CP142617.1	136635	136646	0
CP142617.1	136646	136714	1
CP142617.1	136714	137134	0
CP142617.1	137134	137241	1
CP142617.1	137241	137245	0
CP142617.1	137245	137258	1
CP142617.1	137258	137289	2
CP142617.1	137289	137321	1
CP142617.1	137321	137394	2
CP142617.1	137394	137673	1
CP142617.1	137673	137676	0
CP142617.1	137676	137747	1
CP142617.1	137747	137748	0
CP142617.1	137748	137847	1
CP142617.1	137847	137883	2
CP142617.1	137883	138033	1
CP142617.1	138033	138035	0
CP142617.1	138035	138063	1
CP142617.1	138063	138098	2
CP142617.1	138098	138100	1
CP142617.1	138100	138118	2
CP142617.1	138118	138163	1
CP142617.1	138163	138218	2
CP142617.1	138218	138230	1
CP142617.1	138230	138259	0
CP142617.1	138259	138301	1
CP142617.1	138301	138441	0
CP142617.1	138441	138445	1
CP142617.1	138445	138470	2
CP142617.1	138470	138487	3
CP142617.1	138487	138514	4
CP142617.1	138514	138516	3
CP142617.1	138516	138528	2
CP142617.1	138528	138529	1
CP142617.1	138529	138570	2
CP142617.1	138570	138573	1
CP142617.1	138573	138619	0
CP142617.1	138619	138676	1
CP142617.1	138676	138709	2
CP142617.1	138709	138731	1
CP142617.1	138731	138878	0
CP142617.1	138878	138935	1
CP142617.1	138935	138942	2
CP142617.1	138942	138953	3
CP142617.1	138953	138957	2
CP142617.1	138957	138959	3
CP142617.1	138959	138961	2
CP142617.1	138961	138966	3
CP142617.1	138966	138970	2
CP142617.1	138970	139037	3
CP142617.1	139037	139078	2
CP142617.1	139078	139192	1
CP142617.1	139192	139238	2
CP142617.1	139238	139239	1
CP142617.1	139239	139243	2
CP142617.1	139243	139260	1
CP142617.1	139260	139269	2
CP142617.1	139269	139270	1
CP142617.1	139270	139301	2
CP142617.1	139301	139303	1
CP142617.1	139303	139313	2
CP142617.1	139313	139314	1
CP142617.1	139314	139315	0
CP142617.1	139315	139416	2
CP142617.1	139416	139429	1
CP142617.1	139429	139454	2
CP142617.1	139454	139456	1
CP142617.1	139456	139466	2
CP142617.1	139466	139467	1
CP142617.1	139467	139553	2
CP142617.1	139553	139564	1
CP142617.1	139564	139583	0
CP142617.1	139583	139584	1
CP142617.1	139584	139612	2
CP142617.1	139612	139643	3
CP142617.1	139643	139644	2
CP142617.1	139644	139650	3
CP142617.1	139650	139800	2
CP142617.1	139800	139820	0
CP142617.1	139820	139860	1
CP142617.1	139860	139863	0
CP142617.1	139863	139915	1
CP142617.1	139915	139964	2
CP142617.1	139964	139965	1
CP142617.1	139965	139988	2
CP142617.1	139988	139989	1
CP142617.1	139989	140005	3
CP142617.1	140005	140008	2
CP142617.1	140008	140015	3
CP142617.1	140015	140017	2
CP142617.1	140017	140046	3
CP142617.1	140046	140118	2
CP142617.1	140118	140127	3
CP142617.1	140127	140177	4
CP142617.1	140177	140178	3
CP142617.1	140178	140194	4
CP142617.1	140194	140219	3
CP142617.1	140219	140225	2
CP142617.1	140225	140228	1
CP142617.1	140228	140502	0
CP142617.1	140502	140577	1
CP142617.1	140577	140675	0
CP142617.1	140675	140735	1
CP142617.1	140735	140740	2
CP142617.1	140740	140741	1
CP142617.1	140741	140823	2
CP142617.1	140823	140847	3
CP142617.1	140847	140941	2
CP142617.1	140941	140963	1
CP142617.1	140963	140964	0
CP142617.1	140964	141030	1
CP142617.1	141030	141071	2
CP142617.1	141071	141072	1
CP142617.1	141072	141135	2
CP142617.1	141135	141189	1
CP142617.1	141189	141239	0
CP142617.1	141239	141376	1
CP142617.1	141376	141652	0
CP142617.1	141652	141822	1
CP142617.1	141822	141889	0
CP142617.1	141889	142017	1
CP142617.1	142017	142136	2
CP142617.1	142136	142143	1
CP142617.1	142143	142145	2
CP142617.1	142145	142159	3
CP142617.1	142159	142173	4
CP142617.1	142173	142174	2
CP142617.1	142174	142184	3
CP142617.1	142184	142189	2
CP142617.1	142189	142205	3
CP142617.1	142205	142225	4
CP142617.1	142225	142227	3
CP142617.1	142227	142230	4
CP142617.1	142230	142264	3
CP142617.1	142264	142271	2
CP142617.1	142271	142276	1
CP142617.1	142276	142472	0
CP142617.1	142472	142583	1
CP142617.1	142583	142655	2
CP142617.1	142655	142659	1
CP142617.1	142659	142661	0
CP142617.1	142661	142718	1
CP142617.1	142718	142755	2
CP142617.1	142755	142801	3
CP142617.1	142801	142812	2
CP142617.1	142812	142829	3
CP142617.1	142829	142836	2
CP142617.1	142836	142845	3
CP142617.1	142845	142846	2
CP142617.1	142846	142848	3
CP142617.1	142848	142849	2
CP142617.1	142849	142880	3
CP142617.1	142880	142909	2
CP142617.1	142909	142910	1
CP142617.1	142910	142917	0
CP142617.1	142917	142926	1
CP142617.1	142926	142929	0
CP142617.1	142929	143020	1
CP142617.1	143020	143023	0
CP142617.1	143023	143060	1
CP142617.1	143060	143061	0
CP142617.1	143061	143101	1
CP142617.1	143101	143163	2
CP142617.1	143163	143186	3
CP142617.1	143186	143222	2
CP142617.1	143222	143261	3
CP142617.1	143261	143265	2
CP142617.1	143265	143268	1
CP142617.1	143268	143279	2
CP142617.1	143279	143328	3
CP142617.1	143328	143489	2
CP142617.1	143489	143517	3
CP142617.1	143517	143573	2
CP142617.1	143573	143623	3
CP142617.1	143623	143636	2
CP142617.1	143636	143677	1
CP142617.1	143677	143678	0
CP142617.1	143678	143735	1
CP142617.1	143735	143750	2
CP142617.1	143750	143754	1
CP142617.1	143754	143760	2
CP142617.1	143760	143763	1
CP142617.1	143763	143808	2
CP142617.1	143808	143809	1
CP142617.1	143809	143881	2
CP142617.1	143881	143896	1
CP142617.1	143896	143952	2
CP142617.1	143952	143969	1
CP142617.1	143969	143972	0
CP142617.1	143972	143987	1
CP142617.1	143987	143993	0
CP142617.1	143993	144133	1
CP142617.1	144133	144638	0
CP142617.1	144638	144663	1
CP142617.1	144663	144670	2
CP142617.1	144670	144685	3
CP142617.1	144685	144757	2
CP142617.1	144757	144895	1
CP142617.1	144895	145104	0
CP142617.1	145104	145236	1
CP142617.1	145236	145313	0
CP142617.1	145313	145411	1
CP142617.1	145411	145491	0
CP142617.1	145491	145507	1
CP142617.1	145507	145623	2
CP142617.1	145623	145629	1
CP142617.1	145629	145680	2
CP142617.1	145680	145684	1
CP142617.1	145684	145753	0
CP142617.1	145753	145850	1
CP142617.1	145850	145939	2
CP142617.1	145939	145947	1
CP142617.1	145947	146257	0
CP142617.1	146257	146331	1
CP142617.1	146331	146411	0
CP142617.1	146411	146469	1
CP142617.1	146469	146519	2
CP142617.1	146519	146554	1
CP142617.1	146554	146555	0
CP142617.1	146555	146597	1
CP142617.1	146597	146628	0
CP142617.1	146628	146699	1
CP142617.1	146699	146852	0
CP142617.1	146852	146879	1
CP142617.1	146879	146880	0
CP142617.1	146880	147026	1
CP142617.1	147026	147171	0
CP142617.1	147171	147234	1
CP142617.1	147234	147253	0
CP142617.1	147253	147394	1
CP142617.1	147394	147579	0
CP142617.1	147579	147648	1
CP142617.1	147648	147735	2
CP142617.1	147735	147800	1
CP142617.1	147800	147803	0
CP142617.1	147803	147835	1
CP142617.1	147835	147889	0
CP142617.1	147889	147950	1
CP142617.1	147950	147982	2
CP142617.1	147982	147996	1
CP142617.1	147996	148215	0
CP142617.1	148215	148274	1
CP142617.1	148274	148275	0
CP142617.1	148275	148396	1
CP142617.1	148396	148468	2
CP142617.1	148468	148584	1
CP142617.1	148584	148934	0
CP142617.1	148934	148989	1
CP142617.1	148989	148990	0
CP142617.1	148990	149026	1
CP142617.1	149026	149027	0
CP142617.1	149027	149082	1
CP142617.1	149082	149213	2
CP142617.1	149213	149335	1
CP142617.1	149335	149389	0
CP142617.1	149389	149766	1
CP142617.1	149766	149874	0
CP142617.1	149874	149993	2
CP142617.1	149993	149994	0
CP142617.1	149994	149995	1
CP142617.1	149995	150012	2
CP142617.1	150012	150015	1
CP142617.1	150015	150031	2
CP142617.1	150031	150032	1
CP142617.1	150032	150113	2
CP142617.1	150113	150122	3
CP142617.1	150122	150172	2
CP142617.1	150172	150174	1
CP142617.1	150174	150175	0
CP142617.1	150175	150177	1
CP142617.1	150177	150206	2
CP142617.1	150206	150207	1
CP142617.1	150207	150253	2
CP142617.1	150253	150303	1
CP142617.1	150303	150343	2
CP142617.1	150343	150344	1
CP142617.1	150344	150364	2
CP142617.1	150364	150365	0
CP142617.1	150365	150366	1
CP142617.1	150366	150371	2
CP142617.1	150371	150379	3
CP142617.1	150379	150380	0
CP142617.1	150380	150381	2
CP142617.1	150381	150383	3
CP142617.1	150383	150429	4
CP142617.1	150429	150471	3
CP142617.1	150471	150472	1
CP142617.1	150472	150480	3
CP142617.1	150480	150514	2
CP142617.1	150514	150564	1
CP142617.1	150564	150681	0
CP142617.1	150681	150791	1
CP142617.1	150791	150792	0
CP142617.1	150792	150907	1
CP142617.1	150907	150908	0
CP142617.1	150908	151016	1
CP142617.1	151016	151064	2
CP142617.1	151064	151142	1
CP142617.1	151142	151154	2
CP142617.1	151154	151166	3
CP142617.1	151166	151167	2
CP142617.1	151167	151188	3
CP142617.1	151188	151189	1
CP142617.1	151189	151191	3
CP142617.1	151191	151193	2
CP142617.1	151193	151210	3
CP142617.1	151210	151211	2
CP142617.1	151211	151223	3
CP142617.1	151223	151240	2
CP142617.1	151240	151252	3
CP142617.1	151252	151268	4
CP142617.1	151268	151272	3
CP142617.1	151272	151295	2
CP142617.1	151295	151316	3
CP142617.1	151316	151342	4
CP142617.1	151342	151343	3
CP142617.1	151343	151364	4
CP142617.1	151364	151369	3
CP142617.1	151369	151394	2
CP142617.1	151394	151447	1
CP142617.1	151447	151473	0
CP142617.1	151473	151568	1
CP142617.1	151568	151629	2
CP142617.1	151629	151633	1
CP142617.1	151633	151646	2
CP142617.1	151646	151649	1
CP142617.1	151649	151683	2
CP142617.1	151683	151732	1
CP142617.1	151732	151782	2
CP142617.1	151782	151803	3
CP142617.1	151803	151851	2
CP142617.1	151851	151855	3
CP142617.1	151855	151875	4
CP142617.1	151875	151960	3
CP142617.1	151960	152044	4
CP142617.1	152044	152045	3
CP142617.1	152045	152065	4
CP142617.1	152065	152066	3
CP142617.1	152066	152084	2
CP142617.1	152084	152253	1
CP142617.1	152253	152256	0
CP142617.1	152256	152335	1
CP142617.1	152335	152477	0
CP142617.1	152477	152607	1
CP142617.1	152607	152612	0
CP142617.1	152612	152636	1
CP142617.1	152636	152638	0
CP142617.1	152638	152685	1
CP142617.1	152685	152961	0
CP142617.1	152961	152983	2
CP142617.1	152983	152984	1
CP142617.1	152984	152985	2
CP142617.1	152985	152990	3
CP142617.1	152990	153000	2
CP142617.1	153000	153012	3
CP142617.1	153012	153014	2
CP142617.1	153014	153062	3
CP142617.1	153062	153063	2
CP142617.1	153063	153065	3
CP142617.1	153065	153068	2
CP142617.1	153068	153079	1
CP142617.1	153079	153080	0
CP142617.1	153080	153110	1
CP142617.1	153110	153111	0
CP142617.1	153111	153136	1
CP142617.1	153136	153221	0
CP142617.1	153221	153234	1
CP142617.1	153234	153290	2
CP142617.1	153290	153299	1
CP142617.1	153299	153380	2
CP142617.1	153380	153485	1
CP142617.1	153485	153504	0
CP142617.1	153504	153543	1
CP142617.1	153543	153562	2
CP142617.1	153562	153563	0
CP142617.1	153563	153614	2
CP142617.1	153614	153618	3
CP142617.1	153618	153623	2
CP142617.1	153623	153624	1
CP142617.1	153624	153721	2
CP142617.1	153721	153729	1
CP142617.1	153729	153782	2
CP142617.1	153782	153798	1
CP142617.1	153798	153917	0
CP142617.1	153917	153937	1
CP142617.1	153937	153950	2
CP142617.1	153950	154043	3
CP142617.1	154043	154093	2
CP142617.1	154093	154112	1
CP142617.1	154112	154125	0
CP142617.1	154125	154158	1
CP142617.1	154158	154174	2
CP142617.1	154174	154214	3
CP142617.1	154214	154215	2
CP142617.1	154215	154264	3
CP142617.1	154264	154268	2
CP142617.1	154268	154269	1
CP142617.1	154269	154291	2
CP142617.1	154291	154292	1
CP142617.1	154292	154296	2
CP142617.1	154296	154297	1
CP142617.1	154297	154315	2
CP142617.1	154315	154317	1
CP142617.1	154317	154403	2
CP142617.1	154403	154406	1
CP142617.1	154406	154568	0
CP142617.1	154568	154610	1
CP142617.1	154610	154611	0
CP142617.1	154611	154636	1
CP142617.1	154636	154652	0
CP142617.1	154652	154831	1
CP142617.1	154831	155092	0
CP142617.1	155092	155095	1
CP142617.1	155095	155152	2
CP142617.1	155152	155262	3
CP142617.1	155262	155282	2
CP142617.1	155282	155302	3
CP142617.1	155302	155303	2
CP142617.1	155303	155310	3
CP142617.1	155310	155311	2
CP142617.1	155311	155384	3
CP142617.1	155384	155425	2
CP142617.1	155425	155443	1
CP142617.1	155443	155499	0
CP142617.1	155499	155603	1
CP142617.1	155603	155681	0
CP142617.1	155681	155702	1
CP142617.1	155702	155708	0
CP142617.1	155708	155782	1
CP142617.1	155782	155866	2
CP142617.1	155866	156071	1
CP142617.1	156071	156172	2
CP142617.1	156172	156193	1
CP142617.1	156193	156390	0
CP142617.1	156390	156405	1
CP142617.1	156405	156446	2
CP142617.1	156446	156482	3
CP142617.1	156482	156527	4
CP142617.1	156527	156573	3
CP142617.1	156573	156587	2
CP142617.1	156587	156754	1
CP142617.1	156754	156757	2
CP142617.1	156757	156832	1
CP142617.1	156832	156927	2
CP142617.1	156927	156997	1
CP142617.1	156997	156998	0
CP142617.1	156998	157002	1
CP142617.1	157002	157012	2
CP142617.1	157012	157013	1
CP142617.1	157013	157066	2
CP142617.1	157066	157080	3
CP142617.1	157080	157138	2
CP142617.1	157138	157217	3
CP142617.1	157217	157220	2
CP142617.1	157220	157269	3
CP142617.1	157269	157270	1
CP142617.1	157270	157271	2
CP142617.1	157271	157294	3
CP142617.1	157294	157312	2
CP142617.1	157312	157338	1
CP142617.1	157338	157406	2
CP142617.1	157406	157447	3
CP142617.1	157447	157490	2
CP142617.1	157490	157527	1
CP142617.1	157527	157554	2
CP142617.1	157554	157577	3
CP142617.1	157577	157722	2
CP142617.1	157722	157752	1
CP142617.1	157752	157756	0
CP142617.1	157756	157961	1
CP142617.1	157961	157985	2
CP142617.1	157985	158067	1
CP142617.1	158067	158101	2
CP142617.1	158101	158127	1
CP142617.1	158127	158128	0
CP142617.1	158128	158139	1
CP142617.1	158139	158749	0
CP142617.1	158749	158784	1
CP142617.1	158784	158839	2
CP142617.1	158839	158845	1
CP142617.1	158845	158944	2
CP142617.1	158944	158947	1
CP142617.1	158947	158949	3
CP142617.1	158949	158972	2
CP142617.1	158972	159030	3
CP142617.1	159030	159108	2
CP142617.1	159108	159225	1
CP142617.1	159225	159232	0
CP142617.1	159232	159298	1
CP142617.1	159298	159348	2
CP142617.1	159348	159437	1
CP142617.1	159437	159497	0
CP142617.1	159497	159562	1
CP142617.1	159562	159653	2
CP142617.1	159653	159657	1
CP142617.1	159657	159834	0
CP142617.1	159834	159940	1
CP142617.1	159940	159944	2
CP142617.1	159944	159967	3
CP142617.1	159967	159969	2
CP142617.1	159969	160017	3
CP142617.1	160017	160066	4
CP142617.1	160066	160084	3
CP142617.1	160084	160101	2
CP142617.1	160101	160102	1
CP142617.1	160102	160153	2
CP142617.1	160153	160265	1
CP142617.1	160265	160368	0
CP142617.1	160368	160448	1
CP142617.1	160448	160529	2
CP142617.1	160529	160677	1
CP142617.1	160677	160802	0
CP142617.1	160802	160857	1
CP142617.1	160857	160864	0
CP142617.1	160864	160918	1
CP142617.1	160918	160919	0
CP142617.1	160919	161037	1
CP142617.1	161037	161058	0
CP142617.1	161058	161082	1
CP142617.1	161082	161102	2
CP142617.1	161102	161165	1
CP142617.1	161165	161166	0
CP142617.1	161166	161185	1
CP142617.1	161185	161198	2
CP142617.1	161198	161222	3
CP142617.1	161222	161223	2
CP142617.1	161223	161318	3
CP142617.1	161318	161319	1
CP142617.1	161319	161340	2
CP142617.1	161340	161498	1
CP142617.1	161498	161542	2
CP142617.1	161542	161561	1
CP142617.1	161561	161562	0
CP142617.1	161562	161571	1
CP142617.1	161571	161635	2
CP142617.1	161635	161642	1
CP142617.1	161642	161672	2
CP142617.1	161672	161674	1
CP142617.1	161674	161684	2
CP142617.1	161684	161685	1
CP142617.1	161685	161691	2
CP142617.1	161691	161696	3
CP142617.1	161696	161731	2
CP142617.1	161731	161747	3
CP142617.1	161747	161753	2
CP142617.1	161753	161754	1
CP142617.1	161754	161821	2
CP142617.1	161821	161860	1
CP142617.1	161860	161865	0
CP142617.1	161865	161869	1
CP142617.1	161869	161876	2
CP142617.1	161876	161882	1
CP142617.1	161882	161936	2
CP142617.1	161936	161939	1
CP142617.1	161939	161982	2
CP142617.1	161982	161991	1
CP142617.1	161991	162190	0
CP142617.1	162190	162231	1
CP142617.1	162231	162233	0
CP142617.1	162233	162317	1
CP142617.1	162317	162631	0
CP142617.1	162631	162694	1
CP142617.1	162694	162966	0
CP142617.1	162966	163028	1
CP142617.1	163028	163031	2
CP142617.1	163031	163044	3
CP142617.1	163044	163075	2
CP142617.1	163075	163090	3
CP142617.1	163090	163091	2
CP142617.1	163091	163095	3
CP142617.1	163095	163097	2
CP142617.1	163097	163117	3
CP142617.1	163117	163118	2
CP142617.1	163118	163126	3
CP142617.1	163126	163161	2
CP142617.1	163161	163187	1
CP142617.1	163187	163198	2
CP142617.1	163198	163205	3
CP142617.1	163205	163253	4
CP142617.1	163253	163256	5
CP142617.1	163256	163270	4
CP142617.1	163270	163312	5
CP142617.1	163312	163315	4
CP142617.1	163315	163319	3
CP142617.1	163319	163329	2
CP142617.1	163329	163336	3
CP142617.1	163336	163337	2
CP142617.1	163337	163371	3
CP142617.1	163371	163398	2
CP142617.1	163398	163400	1
CP142617.1	163400	163406	0
CP142617.1	163406	163412	1
CP142617.1	163412	163511	2
CP142617.1	163511	163574	1
CP142617.1	163574	163764	0
CP142617.1	163764	164054	1
CP142617.1	164054	164067	2
CP142617.1	164067	164068	1
CP142617.1	164068	164073	2
CP142617.1	164073	164158	3
CP142617.1	164158	164173	2
CP142617.1	164173	164206	3
CP142617.1	164206	164241	2
CP142617.1	164241	164253	3
CP142617.1	164253	164276	2
CP142617.1	164276	164277	1
CP142617.1	164277	164290	2
CP142617.1	164290	164302	1
CP142617.1	164302	164313	2
CP142617.1	164313	164334	1
CP142617.1	164334	164355	2
CP142617.1	164355	164360	1
CP142617.1	164360	164414	2
CP142617.1	164414	164430	3
CP142617.1	164430	164453	4
CP142617.1	164453	164478	3
CP142617.1	164478	164539	4
CP142617.1	164539	164579	3
CP142617.1	164579	164580	2
CP142617.1	164580	164621	3
CP142617.1	164621	164626	2
CP142617.1	164626	164643	1
CP142617.1	164643	164828	0
CP142617.1	164828	165032	1
CP142617.1	165032	165190	0
CP142617.1	165190	165206	1
CP142617.1	165206	165220	2
CP142617.1	165220	165221	1
CP142617.1	165221	165253	2
CP142617.1	165253	165315	1
CP142617.1	165315	165369	2
CP142617.1	165369	165428	1
CP142617.1	165428	165518	0
CP142617.1	165518	165560	1
CP142617.1	165560	165650	0
CP142617.1	165650	165776	1
CP142617.1	165776	165828	2
CP142617.1	165828	165875	1
CP142617.1	165875	165879	0
CP142617.1	165879	165960	1
CP142617.1	165960	165961	0
CP142617.1	165961	165985	1
CP142617.1	165985	166068	0
CP142617.1	166068	166166	1
CP142617.1	166166	166167	2
CP142617.1	166167	166185	1
CP142617.1	166185	166227	2
CP142617.1	166227	166236	1
CP142617.1	166236	166239	0
CP142617.1	166239	166255	1
CP142617.1	166255	166350	2
CP142617.1	166350	166387	3
CP142617.1	166387	166398	4
CP142617.1	166398	166410	5
CP142617.1	166410	166428	4
CP142617.1	166428	166476	3
CP142617.1	166476	166526	2
CP142617.1	166526	166599	1
CP142617.1	166599	166654	0
CP142617.1	166654	166666	1
CP142617.1	166666	166667	0
CP142617.1	166667	166703	1
CP142617.1	166703	166741	2
CP142617.1	166741	166742	1
CP142617.1	166742	166757	2
CP142617.1	166757	166759	1
CP142617.1	166759	166776	2
CP142617.1	166776	166791	1
CP142617.1	166791	166792	0
CP142617.1	166792	166907	1
CP142617.1	166907	166970	2
CP142617.1	166970	167027	1
CP142617.1	167027	167157	0
CP142617.1	167157	167283	1
CP142617.1	167283	167359	2
CP142617.1	167359	167587	1
CP142617.1	167587	167594	2
CP142617.1	167594	167621	3
CP142617.1	167621	167623	4
CP142617.1	167623	167655	3
CP142617.1	167655	167729	2
CP142617.1	167729	167769	1
CP142617.1	167769	167772	0
CP142617.1	167772	167853	1
CP142617.1	167853	167854	0
CP142617.1	167854	167890	1
CP142617.1	167890	168084	0
CP142617.1	168084	168331	1
CP142617.1	168331	168403	0
CP142617.1	168403	168466	1
CP142617.1	168466	168481	0
CP142617.1	168481	168561	1
CP142617.1	168561	168671	0
CP142617.1	168671	168721	1
CP142617.1	168721	168746	2
CP142617.1	168746	168747	1
CP142617.1	168747	168772	2
CP142617.1	168772	168800	1
CP142617.1	168800	168808	0
CP142617.1	168808	168860	1
CP142617.1	168860	168884	2
CP142617.1	168884	168885	1
CP142617.1	168885	168952	2
CP142617.1	168952	169100	1
CP142617.1	169100	169432	0
CP142617.1	169432	169466	1
CP142617.1	169466	169722	0
CP142617.1	169722	169790	1
CP142617.1	169790	169824	2
CP142617.1	169824	169828	3
CP142617.1	169828	169881	2
CP142617.1	169881	169948	1
CP142617.1	169948	170021	0
CP142617.1	170021	170028	1
CP142617.1	170028	170069	2
CP142617.1	170069	170197	1
CP142617.1	170197	170219	0
CP142617.1	170219	170270	1
CP142617.1	170270	170356	0
CP142617.1	170356	170418	1
CP142617.1	170418	170527	2
CP142617.1	170527	170532	1
CP142617.1	170532	170538	2
CP142617.1	170538	170542	1
CP142617.1	170542	170543	0
CP142617.1	170543	170548	1
CP142617.1	170548	170569	2
CP142617.1	170569	170570	1
CP142617.1	170570	170614	2
CP142617.1	170614	170682	1
CP142617.1	170682	170685	0
CP142617.1	170685	170693	1
CP142617.1	170693	170754	2
CP142617.1	170754	170765	3
CP142617.1	170765	170779	2
CP142617.1	170779	170857	1
CP142617.1	170857	171303	0
CP142617.1	171303	171354	1
CP142617.1	171354	171358	0
CP142617.1	171358	171383	1
CP142617.1	171383	171409	2
CP142617.1	171409	171410	1
CP142617.1	171410	171422	2
CP142617.1	171422	171479	3
CP142617.1	171479	171517	2
CP142617.1	171517	171620	1
CP142617.1	171620	171623	0
CP142617.1	171623	171639	1
CP142617.1	171639	171641	2
CP142617.1	171641	171642	1
CP142617.1	171642	171645	2
CP142617.1	171645	171682	1
CP142617.1	171682	171740	2
CP142617.1	171740	171765	1
CP142617.1	171765	171957	0
CP142617.1	171957	172018	1
CP142617.1	172018	172035	2
CP142617.1	172035	172037	1
CP142617.1	172037	172100	2
CP142617.1	172100	172178	1
CP142617.1	172178	172187	0
CP142617.1	172187	172259	1
CP142617.1	172259	172455	0
CP142617.1	172455	172460	1
CP142617.1	172460	172463	0
CP142617.1	172463	172548	1
CP142617.1	172548	172600	0
CP142617.1	172600	172673	1
CP142617.1	172673	172761	2
CP142617.1	172761	172762	1
CP142617.1	172762	172788	2
CP142617.1	172788	172800	3
CP142617.1	172800	172806	2
CP142617.1	172806	172816	3
CP142617.1	172816	172817	1
CP142617.1	172817	172850	3
CP142617.1	172850	172864	2
CP142617.1	172864	172898	1
CP142617.1	172898	172910	0
CP142617.1	172910	172943	1
CP142617.1	172943	172944	0
CP142617.1	172944	172970	1
CP142617.1	172970	172974	0
CP142617.1	172974	173005	1
CP142617.1	173005	173119	2
CP142617.1	173119	173187	3
CP142617.1	173187	173188	2
CP142617.1	173188	173197	3
CP142617.1	173197	173243	2
CP142617.1	173243	173267	1
CP142617.1	173267	173333	2
CP142617.1	173333	173357	1
CP142617.1	173357	173365	0
CP142617.1	173365	173419	1
CP142617.1	173419	173572	0
CP142617.1	173572	173589	1
CP142617.1	173589	173591	0
CP142617.1	173591	173641	1
CP142617.1	173641	173819	0
CP142617.1	173819	173920	1
CP142617.1	173920	174067	0
CP142617.1	174067	174123	1
CP142617.1	174123	174154	2
CP142617.1	174154	174217	1
CP142617.1	174217	174285	0
CP142617.1	174285	174349	1
CP142617.1	174349	174485	0
CP142617.1	174485	174581	1
CP142617.1	174581	174582	0
CP142617.1	174582	174638	1
CP142617.1	174638	174716	0
CP142617.1	174716	174742	1
CP142617.1	174742	174743	0
CP142617.1	174743	174803	1
CP142617.1	174803	174805	0
CP142617.1	174805	174816	1
CP142617.1	174816	174884	2
CP142617.1	174884	174885	0
CP142617.1	174885	174893	2
CP142617.1	174893	174937	3
CP142617.1	174937	174971	4
CP142617.1	174971	174978	3
CP142617.1	174978	174979	2
CP142617.1	174979	174989	3
CP142617.1	174989	175060	4
CP142617.1	175060	175064	3
CP142617.1	175064	175066	2
CP142617.1	175066	175080	3
CP142617.1	175080	175094	4
CP142617.1	175094	175095	1
CP142617.1	175095	175121	4
CP142617.1	175121	175127	3
CP142617.1	175127	175128	2
CP142617.1	175128	175139	3
CP142617.1	175139	175165	2
CP142617.1	175165	175366	0
CP142617.1	175366	175403	1
CP142617.1	175403	175412	0
CP142617.1	175412	175465	1
CP142617.1	175465	175497	2
CP142617.1	175497	175533	1
CP142617.1	175533	175583	2
CP142617.1	175583	175585	3
CP142617.1	175585	175618	2
CP142617.1	175618	175683	1
CP142617.1	175683	175749	0
CP142617.1	175749	175778	1
CP142617.1	175778	175796	2
CP142617.1	175796	175812	3
CP142617.1	175812	175823	2
CP142617.1	175823	175828	3
CP142617.1	175828	175881	4
CP142617.1	175881	175883	3
CP142617.1	175883	175898	4
CP142617.1	175898	175901	5
CP142617.1	175901	175937	4
CP142617.1	175937	175938	3
CP142617.1	175938	175960	4
CP142617.1	175960	175962	3
CP142617.1	175962	175963	1
CP142617.1	175963	175964	2
CP142617.1	175964	175987	3
CP142617.1	175987	176046	2
CP142617.1	176046	176047	1
CP142617.1	176047	176060	2
CP142617.1	176060	176064	1
CP142617.1	176064	176071	2
CP142617.1	176071	176073	1
CP142617.1	176073	176104	2
CP142617.1	176104	176106	1
CP142617.1	176106	176112	2
CP142617.1	176112	176127	1
CP142617.1	176127	176137	0
CP142617.1	176137	176152	1
CP142617.1	176152	176275	2
CP142617.1	176275	176325	3
CP142617.1	176325	176349	2
CP142617.1	176349	176418	3
CP142617.1	176418	176435	2
CP142617.1	176435	176445	1
CP142617.1	176445	176450	0
CP142617.1	176450	176560	1
CP142617.1	176560	176735	0
CP142617.1	176735	176787	1
CP142617.1	176787	176923	0
CP142617.1	176923	176968	1
CP142617.1	176968	176969	0
CP142617.1	176969	176988	1
CP142617.1	176988	177116	0
CP142617.1	177116	177254	1
CP142617.1	177254	177255	0
CP142617.1	177255	177320	1
CP142617.1	177320	177323	0
CP142617.1	177323	177324	1
CP142617.1	177324	177353	2
CP142617.1	177353	177389	1
CP142617.1	177389	177390	0
CP142617.1	177390	177400	1
CP142617.1	177400	177455	2
CP142617.1	177455	177462	1
CP142617.1	177462	177510	0
CP142617.1	177510	177536	1
CP142617.1	177536	177631	2
CP142617.1	177631	177728	1
CP142617.1	177728	177729	0
CP142617.1	177729	177734	1
CP142617.1	177734	177826	0
CP142617.1	177826	177892	1
CP142617.1	177892	177911	0
CP142617.1	177911	177956	1
CP142617.1	177956	177959	0
CP142617.1	177959	178007	1
CP142617.1	178007	178047	2
CP142617.1	178047	178076	1
CP142617.1	178076	178102	0
CP142617.1	178102	178130	1
CP142617.1	178130	178205	2
CP142617.1	178205	178240	1
CP142617.1	178240	178368	0
CP142617.1	178368	178399	1
CP142617.1	178399	178437	2
CP142617.1	178437	178680	1
CP142617.1	178680	178681	2
CP142617.1	178681	178741	3
CP142617.1	178741	178747	2
CP142617.1	178747	178817	4
CP142617.1	178817	178828	3
CP142617.1	178828	178835	2
CP142617.1	178835	178961	1
CP142617.1	178961	179007	2
CP142617.1	179007	179036	3
CP142617.1	179036	179047	2
CP142617.1	179047	179051	1
CP142617.1	179051	179077	2
CP142617.1	179077	179078	1
CP142617.1	179078	179114	2
CP142617.1	179114	179275	1
CP142617.1	179275	179480	0
CP142617.1	179480	179528	1
CP142617.1	179528	179531	0
CP142617.1	179531	179556	1
CP142617.1	179556	179571	0
CP142617.1	179571	179746	1
CP142617.1	179746	179826	0
CP142617.1	179826	179985	1
CP142617.1	179985	179996	0
CP142617.1	179996	180029	1
CP142617.1	180029	180185	0
CP142617.1	180185	180308	1
CP142617.1	180308	180318	2
CP142617.1	180318	180358	1
CP142617.1	180358	180359	0
CP142617.1	180359	180394	1
CP142617.1	180394	180395	0
CP142617.1	180395	180424	1
CP142617.1	180424	180442	2
CP142617.1	180442	180447	3
CP142617.1	180447	180596	2
CP142617.1	180596	180598	1
CP142617.1	180598	180600	0
CP142617.1	180600	180659	1
CP142617.1	180659	180703	2
CP142617.1	180703	180704	1
CP142617.1	180704	180724	2
CP142617.1	180724	180748	1
CP142617.1	180748	180775	0
CP142617.1	180775	180803	1
CP142617.1	180803	180861	2
CP142617.1	180861	180900	1
CP142617.1	180900	180907	0
CP142617.1	180907	180922	1
CP142617.1	180922	180930	2
CP142617.1	180930	180982	1
CP142617.1	180982	181011	2
CP142617.1	181011	181021	1
CP142617.1	181021	181029	2
CP142617.1	181029	181054	3
CP142617.1	181054	181115	2
CP142617.1	181115	181142	1
CP142617.1	181142	181341	0
CP142617.1	181341	181358	1
CP142617.1	181358	181481	2
CP142617.1	181481	181507	1
CP142617.1	181507	181551	0
CP142617.1	181551	181744	1
CP142617.1	181744	181791	0
CP142617.1	181791	181851	1
CP142617.1	181851	181859	2
CP142617.1	181859	181893	1
CP142617.1	181893	181896	0
CP142617.1	181896	181903	1
CP142617.1	181903	181951	2
CP142617.1	181951	181990	3
CP142617.1	181990	182008	2
CP142617.1	182008	182052	3
CP142617.1	182052	182069	2
CP142617.1	182069	182078	1
CP142617.1	182078	182093	0
CP142617.1	182093	182134	1
CP142617.1	182134	182225	0
CP142617.1	182225	182230	1
CP142617.1	182230	182258	2
CP142617.1	182258	182259	1
CP142617.1	182259	182280	2
CP142617.1	182280	182447	1
CP142617.1	182447	182448	0
CP142617.1	182448	182499	1
CP142617.1	182499	182549	0
CP142617.1	182549	182758	1
CP142617.1	182758	182759	0
CP142617.1	182759	182787	1
CP142617.1	182787	182816	2
CP142617.1	182816	182822	3
CP142617.1	182822	182898	2
CP142617.1	182898	183040	1
CP142617.1	183040	183055	0
CP142617.1	183055	183152	1
CP142617.1	183152	183204	0
CP142617.1	183204	183319	1
CP142617.1	183319	183329	2
CP142617.1	183329	183341	3
CP142617.1	183341	183346	2
CP142617.1	183346	183347	1
CP142617.1	183347	183397	2
CP142617.1	183397	183427	1
CP142617.1	183427	183439	0
CP142617.1	183439	183526	1
CP142617.1	183526	183628	0
CP142617.1	183628	183641	1
CP142617.1	183641	183700	2
CP142617.1	183700	183913	1
CP142617.1	183913	183984	2
CP142617.1	183984	184014	1
CP142617.1	184014	184332	0
CP142617.1	184332	184349	1
CP142617.1	184349	184356	0
CP142617.1	184356	184360	1
CP142617.1	184360	184361	0
CP142617.1	184361	184435	1
CP142617.1	184435	184554	2
CP142617.1	184554	184585	1
CP142617.1	184585	184587	0
CP142617.1	184587	184798	1
CP142617.1	184798	184874	0
CP142617.1	184874	184973	1
CP142617.1	184973	185008	0
CP142617.1	185008	185099	1
CP142617.1	185099	185127	0
CP142617.1	185127	185238	1
CP142617.1	185238	185280	0
CP142617.1	185280	185430	1
CP142617.1	185430	185509	0
CP142617.1	185509	185521	1
CP142617.1	185521	185522	0
CP142617.1	185522	185539	1
CP142617.1	185539	185541	0
CP142617.1	185541	185609	1
CP142617.1	185609	185610	0
CP142617.1	185610	185703	1
CP142617.1	185703	186018	0
CP142617.1	186018	186189	1
CP142617.1	186189	186388	0
CP142617.1	186388	186417	1
CP142617.1	186417	186486	2
CP142617.1	186486	186489	1
CP142617.1	186489	186497	2
CP142617.1	186497	186512	1
CP142617.1	186512	186522	2
CP142617.1	186522	186557	1
CP142617.1	186557	186558	0
CP142617.1	186558	186636	1
CP142617.1	186636	186647	2
CP142617.1	186647	186696	3
CP142617.1	186696	186697	2
CP142617.1	186697	186721	3
CP142617.1	186721	186776	2
CP142617.1	186776	186820	1
CP142617.1	186820	186831	0
CP142617.1	186831	186992	1
CP142617.1	186992	186997	0
CP142617.1	186997	187086	1
CP142617.1	187086	187133	2
CP142617.1	187133	187138	3
CP142617.1	187138	187158	2
CP142617.1	187158	187160	1
CP142617.1	187160	187180	2
CP142617.1	187180	187181	1
CP142617.1	187181	187187	2
CP142617.1	187187	187189	1
CP142617.1	187189	187213	2
CP142617.1	187213	187236	3
CP142617.1	187236	187241	4
CP142617.1	187241	187296	5
CP142617.1	187296	187311	6
CP142617.1	187311	187318	5
CP142617.1	187318	187350	4
CP142617.1	187350	187355	5
CP142617.1	187355	187356	4
CP142617.1	187356	187363	5
CP142617.1	187363	187364	4
CP142617.1	187364	187365	5
CP142617.1	187365	187366	4
CP142617.1	187366	187381	5
CP142617.1	187381	187382	3
CP142617.1	187382	187383	4
CP142617.1	187383	187384	3
CP142617.1	187384	187387	4
CP142617.1	187387	187389	5
CP142617.1	187389	187394	4
CP142617.1	187394	187395	3
CP142617.1	187395	187442	4
CP142617.1	187442	187497	3
CP142617.1	187497	187532	4
CP142617.1	187532	187533	0
CP142617.1	187533	187577	4
CP142617.1	187577	187593	3
CP142617.1	187593	187698	2
CP142617.1	187698	187702	0
CP142617.1	187702	187747	1
CP142617.1	187747	187769	2
CP142617.1	187769	187785	1
CP142617.1	187785	187974	2
CP142617.1	187974	188011	1
CP142617.1	188011	188035	0
CP142617.1	188035	188117	1
CP142617.1	188117	188118	0
CP142617.1	188118	188172	1
CP142617.1	188172	188395	0
CP142617.1	188395	188502	1
CP142617.1	188502	188523	0
CP142617.1	188523	188675	1
CP142617.1	188675	188764	2
CP142617.1	188764	188765	1
CP142617.1	188765	188790	2
CP142617.1	188790	188824	3
CP142617.1	188824	188839	2
CP142617.1	188839	188879	3
CP142617.1	188879	188909	2
CP142617.1	188909	188910	1
CP142617.1	188910	189031	2
CP142617.1	189031	189062	1
CP142617.1	189062	189076	2
CP142617.1	189076	189111	3
CP142617.1	189111	189150	2
CP142617.1	189150	189181	1
CP142617.1	189181	189285	0
CP142617.1	189285	189401	1
CP142617.1	189401	189459	2
CP142617.1	189459	189478	1
CP142617.1	189478	189489	0
CP142617.1	189489	189503	1
CP142617.1	189503	189544	2
CP142617.1	189544	189546	1
CP142617.1	189546	189554	3
CP142617.1	189554	189555	2
CP142617.1	189555	189566	3
CP142617.1	189566	189576	2
CP142617.1	189576	189577	1
CP142617.1	189577	189631	2
CP142617.1	189631	189632	0
CP142617.1	189632	189640	2
CP142617.1	189640	189668	1
CP142617.1	189668	189669	0
CP142617.1	189669	189729	1
CP142617.1	189729	189769	2
CP142617.1	189769	189825	3
CP142617.1	189825	189850	4
CP142617.1	189850	189851	2
CP142617.1	189851	189865	3
CP142617.1	189865	189868	4
CP142617.1	189868	189869	3
CP142617.1	189869	189898	4
CP142617.1	189898	189899	3
CP142617.1	189899	189900	2
CP142617.1	189900	189902	1
CP142617.1	189902	189906	2
CP142617.1	189906	189910	1
CP142617.1	189910	189941	2
CP142617.1	189941	189943	1
CP142617.1	189943	189950	2
CP142617.1	189950	189963	1
CP142617.1	189963	190028	2
CP142617.1	190028	190194	1
CP142617.1	190194	190220	0
CP142617.1	190220	190277	1
CP142617.1	190277	190302	0
CP142617.1	190302	190344	1
CP142617.1	190344	190391	2
CP142617.1	190391	190395	3
CP142617.1	190395	190402	2
CP142617.1	190402	190404	1
CP142617.1	190404	190405	2
CP142617.1	190405	190465	3
CP142617.1	190465	190498	2
CP142617.1	190498	190504	1
CP142617.1	190504	190505	0
CP142617.1	190505	190543	1
CP142617.1	190543	190554	2
CP142617.1	190554	190557	1
CP142617.1	190557	190584	2
CP142617.1	190584	190620	1
CP142617.1	190620	190638	0
CP142617.1	190638	190647	1
CP142617.1	190647	190714	2
CP142617.1	190714	190760	3
CP142617.1	190760	190836	2
CP142617.1	190836	190891	3
CP142617.1	190891	190931	2
CP142617.1	190931	190932	1
CP142617.1	190932	190991	2
CP142617.1	190991	190992	1
CP142617.1	190992	191077	2
CP142617.1	191077	191082	1
CP142617.1	191082	191123	2
CP142617.1	191123	191154	1
CP142617.1	191154	191165	2
CP142617.1	191165	191198	1
CP142617.1	191198	191223	2
CP142617.1	191223	191232	1
CP142617.1	191232	191366	2
CP142617.1	191366	191484	1
CP142617.1	191484	191485	0
CP142617.1	191485	191584	1
CP142617.1	191584	191601	2
CP142617.1	191601	191660	1
CP142617.1	191660	191753	0
CP142617.1	191753	191826	1
CP142617.1	191826	191829	0
CP142617.1	191829	191877	1
CP142617.1	191877	191919	0
CP142617.1	191919	191920	1
CP142617.1	191920	191942	2
CP142617.1	191942	191943	1
CP142617.1	191943	191984	2
CP142617.1	191984	191989	3
CP142617.1	191989	192038	2
CP142617.1	192038	192039	1
CP142617.1	192039	192107	2
CP142617.1	192107	192158	1
CP142617.1	192158	192250	0
CP142617.1	192250	192297	1
CP142617.1	192297	192345	0
CP142617.1	192345	192362	1
CP142617.1	192362	192391	2
CP142617.1	192391	192393	1
CP142617.1	192393	192415	2
CP142617.1	192415	192438	3
CP142617.1	192438	192439	2
CP142617.1	192439	192440	0
CP142617.1	192440	192453	1
CP142617.1	192453	192469	2
CP142617.1	192469	192526	1
CP142617.1	192526	192680	2
CP142617.1	192680	192708	3
CP142617.1	192708	192711	1
CP142617.1	192711	192812	2
CP142617.1	192812	192814	1
CP142617.1	192814	192818	0
CP142617.1	192818	192885	1
CP142617.1	192885	192976	0
CP142617.1	192976	193108	1
CP142617.1	193108	193109	2
CP142617.1	193109	193131	3
CP142617.1	193131	193179	4
CP142617.1	193179	193180	3
CP142617.1	193180	193188	4
CP142617.1	193188	193189	3
CP142617.1	193189	193230	4
CP142617.1	193230	193251	5
CP142617.1	193251	193261	4
CP142617.1	193261	193277	3
CP142617.1	193277	193278	2
CP142617.1	193278	193347	3
CP142617.1	193347	193365	2
CP142617.1	193365	193446	1
CP142617.1	193446	193450	0
CP142617.1	193450	193453	1
CP142617.1	193453	193454	0
CP142617.1	193454	193494	1
CP142617.1	193494	193496	0
CP142617.1	193496	193606	1
CP142617.1	193606	193612	0
CP142617.1	193612	193650	1
CP142617.1	193650	193664	0
CP142617.1	193664	193727	1
CP142617.1	193727	193848	0
CP142617.1	193848	193925	1
CP142617.1	193925	193926	0
CP142617.1	193926	193937	1
CP142617.1	193937	193976	2
CP142617.1	193976	194023	1
CP142617.1	194023	194035	0
CP142617.1	194035	194207	1
CP142617.1	194207	194258	0
CP142617.1	194258	194283	1
CP142617.1	194283	194320	2
CP142617.1	194320	194321	1
CP142617.1	194321	194323	2
CP142617.1	194323	194327	3
CP142617.1	194327	194330	2
CP142617.1	194330	194395	3
CP142617.1	194395	194398	2
CP142617.1	194398	194402	3
CP142617.1	194402	194433	4
CP142617.1	194433	194436	5
CP142617.1	194436	194553	4
CP142617.1	194553	194556	3
CP142617.1	194556	194574	4
CP142617.1	194574	194581	3
CP142617.1	194581	194626	4
CP142617.1	194626	194637	5
CP142617.1	194637	194638	4
CP142617.1	194638	194760	5
CP142617.1	194760	194777	4
CP142617.1	194777	194778	3
CP142617.1	194778	194790	4
CP142617.1	194790	194806	5
CP142617.1	194806	194813	6
CP142617.1	194813	194832	5
CP142617.1	194832	194892	4
CP142617.1	194892	194899	3
CP142617.1	194899	194926	2
CP142617.1	194926	194967	3
CP142617.1	194967	195010	2
CP142617.1	195010	195011	1
CP142617.1	195011	195023	2
CP142617.1	195023	195060	1
CP142617.1	195060	195275	0
CP142617.1	195275	195394	1
CP142617.1	195394	195498	2
CP142617.1	195498	195499	1
CP142617.1	195499	195504	2
CP142617.1	195504	195551	1
CP142617.1	195551	195553	0
CP142617.1	195553	195661	1
CP142617.1	195661	195711	0
CP142617.1	195711	195713	1
CP142617.1	195713	195763	2
CP142617.1	195763	195764	1
CP142617.1	195764	195772	2
CP142617.1	195772	195776	1
CP142617.1	195776	195827	2
CP142617.1	195827	195840	1
CP142617.1	195840	195857	0
CP142617.1	195857	195932	1
CP142617.1	195932	195956	2
CP142617.1	195956	195957	1
CP142617.1	195957	195964	2
CP142617.1	195964	195965	1
CP142617.1	195965	195998	2
CP142617.1	195998	196000	3
CP142617.1	196000	196065	2
CP142617.1	196065	196074	1
CP142617.1	196074	196091	2
CP142617.1	196091	196092	1
CP142617.1	196092	196123	2
CP142617.1	196123	196176	1
CP142617.1	196176	196179	0
CP142617.1	196179	196196	1
CP142617.1	196196	196199	0
CP142617.1	196199	196325	1
CP142617.1	196325	196337	3
CP142617.1	196337	196360	4
CP142617.1	196360	196392	5
CP142617.1	196392	196405	4
CP142617.1	196405	196407	5
CP142617.1	196407	196416	4
CP142617.1	196416	196428	3
CP142617.1	196428	196462	2
CP142617.1	196462	196505	1
CP142617.1	196505	196507	0
CP142617.1	196507	196588	1
CP142617.1	196588	196756	0
CP142617.1	196756	196766	1
CP142617.1	196766	196827	2
CP142617.1	196827	196862	3
CP142617.1	196862	196901	2
CP142617.1	196901	196905	3
CP142617.1	196905	196935	2
CP142617.1	196935	196952	3
CP142617.1	196952	196953	2
CP142617.1	196953	196981	3
CP142617.1	196981	196983	2
CP142617.1	196983	196990	3
CP142617.1	196990	197019	2
CP142617.1	197019	197075	3
CP142617.1	197075	197094	4
CP142617.1	197094	197141	3
CP142617.1	197141	197203	2
CP142617.1	197203	197208	3
CP142617.1	197208	197211	1
CP142617.1	197211	197216	2
CP142617.1	197216	197221	3
CP142617.1	197221	197222	0
CP142617.1	197222	197232	2
CP142617.1	197232	197233	0
CP142617.1	197233	197243	2
CP142617.1	197243	197244	0
CP142617.1	197244	197293	2
CP142617.1	197293	197455	1
CP142617.1	197455	197463	0
CP142617.1	197463	197531	1
CP142617.1	197531	197584	0
CP142617.1	197584	197603	1
CP142617.1	197603	197698	2
CP142617.1	197698	197770	3
CP142617.1	197770	197794	2
CP142617.1	197794	197797	1
CP142617.1	197797	197976	2
CP142617.1	197976	197990	1
CP142617.1	197990	197991	0
CP142617.1	197991	198126	1
CP142617.1	198126	198258	0
CP142617.1	198258	198307	1
CP142617.1	198307	198309	0
CP142617.1	198309	198452	2
CP142617.1	198452	198486	1
CP142617.1	198486	198558	2
CP142617.1	198558	198637	1
CP142617.1	198637	198644	2
CP142617.1	198644	198646	3
CP142617.1	198646	198647	4
CP142617.1	198647	198649	3
CP142617.1	198649	198720	4
CP142617.1	198720	198724	3
CP142617.1	198724	198739	2
CP142617.1	198739	198775	1
CP142617.1	198775	198811	2
CP142617.1	198811	198812	1
CP142617.1	198812	198822	2
CP142617.1	198822	198823	1
CP142617.1	198823	198900	2
CP142617.1	198900	198964	1
CP142617.1	198964	198992	0
CP142617.1	198992	199143	1
CP142617.1	199143	199182	2
CP142617.1	199182	199258	1
CP142617.1	199258	199285	0
CP142617.1	199285	199329	1
CP142617.1	199329	199331	0
CP142617.1	199331	199368	1
CP142617.1	199368	199420	2
CP142617.1	199420	199438	3
CP142617.1	199438	199440	1
CP142617.1	199440	199475	3
CP142617.1	199475	199493	2
CP142617.1	199493	199524	1
CP142617.1	199524	199550	2
CP142617.1	199550	199570	3
CP142617.1	199570	199614	2
CP142617.1	199614	199615	1
CP142617.1	199615	199638	2
CP142617.1	199638	199714	1
CP142617.1	199714	199739	0
CP142617.1	199739	199771	1
CP142617.1	199771	199774	0
CP142617.1	199774	199800	1
CP142617.1	199800	199848	0
CP142617.1	199848	199902	1
CP142617.1	199902	200011	0
CP142617.1	200011	200048	1
CP142617.1	200048	200293	0
CP142617.1	200293	200345	1
CP142617.1	200345	200447	0
CP142617.1	200447	200476	1
CP142617.1	200476	200477	0
CP142617.1	200477	200602	1
CP142617.1	200602	200603	0
CP142617.1	200603	200639	1
CP142617.1	200639	200641	0
CP142617.1	200641	200653	1
CP142617.1	200653	200743	2
CP142617.1	200743	200744	1
CP142617.1	200744	200780	2
CP142617.1	200780	200871	1
CP142617.1	200871	200873	0
CP142617.1	200873	201051	1
CP142617.1	201051	201075	2
CP142617.1	201075	201111	3
CP142617.1	201111	201112	2
CP142617.1	201112	201136	3
CP142617.1	201136	201168	2
CP142617.1	201168	201225	3
CP142617.1	201225	201227	2
CP142617.1	201227	201247	3
CP142617.1	201247	201248	2
CP142617.1	201248	201319	3
CP142617.1	201319	201323	2
CP142617.1	201323	201392	1
CP142617.1	201392	201427	0
CP142617.1	201427	201509	1
CP142617.1	201509	201512	0
CP142617.1	201512	201515	1
CP142617.1	201515	201537	2
CP142617.1	201537	201558	3
CP142617.1	201558	201560	2
CP142617.1	201560	201577	3
CP142617.1	201577	201580	2
CP142617.1	201580	201628	3
CP142617.1	201628	201639	4
CP142617.1	201639	201683	3
CP142617.1	201683	201729	2
CP142617.1	201729	201786	3
CP142617.1	201786	201806	4
CP142617.1	201806	201827	3
CP142617.1	201827	201833	4
CP142617.1	201833	201838	3
CP142617.1	201838	201877	2
CP142617.1	201877	201940	1
CP142617.1	201940	201972	0
CP142617.1	201972	201990	1
CP142617.1	201990	202038	2
CP142617.1	202038	202084	3
CP142617.1	202084	202085	4
CP142617.1	202085	202133	5
CP142617.1	202133	202180	4
CP142617.1	202180	202184	3
CP142617.1	202184	202187	4
CP142617.1	202187	202190	5
CP142617.1	202190	202191	4
CP142617.1	202191	202206	5
CP142617.1	202206	202236	6
CP142617.1	202236	202242	5
CP142617.1	202242	202243	4
CP142617.1	202243	202244	3
CP142617.1	202244	202288	4
CP142617.1	202288	202295	3
CP142617.1	202295	202336	2
CP142617.1	202336	202423	1
CP142617.1	202423	202431	2
CP142617.1	202431	202500	1
CP142617.1	202500	202502	0
CP142617.1	202502	202609	1
CP142617.1	202609	202719	0
CP142617.1	202719	202753	1
CP142617.1	202753	202764	2
CP142617.1	202764	202765	1
CP142617.1	202765	202776	2
CP142617.1	202776	202814	1
CP142617.1	202814	202884	2
CP142617.1	202884	202886	1
CP142617.1	202886	202898	2
CP142617.1	202898	202899	1
CP142617.1	202899	202904	2
CP142617.1	202904	202917	1
CP142617.1	202917	202976	2
CP142617.1	202976	203021	1
CP142617.1	203021	203022	0
CP142617.1	203022	203065	1
CP142617.1	203065	203074	2
CP142617.1	203074	203184	1
CP142617.1	203184	203388	0
CP142617.1	203388	203414	1
CP142617.1	203414	203433	2
CP142617.1	203433	203449	3
CP142617.1	203449	203514	2
CP142617.1	203514	203533	3
CP142617.1	203533	203538	2
CP142617.1	203538	203561	3
CP142617.1	203561	203562	2
CP142617.1	203562	203568	3
CP142617.1	203568	203723	2
CP142617.1	203723	203752	3
CP142617.1	203752	203768	4
CP142617.1	203768	203769	2
CP142617.1	203769	203787	4
CP142617.1	203787	203797	3
CP142617.1	203797	203808	4
CP142617.1	203808	203834	3
CP142617.1	203834	203868	2
CP142617.1	203868	203875	1
CP142617.1	203875	203876	0
CP142617.1	203876	203958	1
CP142617.1	203958	204007	2
CP142617.1	204007	204044	1
CP142617.1	204044	204101	0
CP142617.1	204101	204152	1
CP142617.1	204152	204203	2
CP142617.1	204203	204211	1
CP142617.1	204211	204212	2
CP142617.1	204212	204224	3
CP142617.1	204224	204266	2
CP142617.1	204266	204361	1
CP142617.1	204361	204365	0
CP142617.1	204365	204426	2
CP142617.1	204426	204427	1
CP142617.1	204427	204456	2
CP142617.1	204456	204468	1
CP142617.1	204468	204472	2
CP142617.1	204472	204511	1
CP142617.1	204511	204513	0
CP142617.1	204513	204528	1
CP142617.1	204528	204581	0
CP142617.1	204581	204624	1
CP142617.1	204624	204625	0
CP142617.1	204625	204713	1
CP142617.1	204713	204717	0
CP142617.1	204717	204768	1
CP142617.1	204768	204774	0
CP142617.1	204774	204936	1
CP142617.1	204936	204974	2
CP142617.1	204974	204975	1
CP142617.1	204975	204982	2
CP142617.1	204982	205002	1
CP142617.1	205002	205158	0
CP142617.1	205158	205182	1
CP142617.1	205182	205202	2
CP142617.1	205202	205250	3
CP142617.1	205250	205398	2
CP142617.1	205398	205501	1
CP142617.1	205501	205683	0
CP142617.1	205683	205968	1
CP142617.1	205968	206023	2
CP142617.1	206023	206028	3
CP142617.1	206028	206029	2
CP142617.1	206029	206030	3
CP142617.1	206030	206036	4
CP142617.1	206036	206100	3
CP142617.1	206100	206101	2
CP142617.1	206101	206109	0
CP142617.1	206109	206202	1
CP142617.1	206202	206266	2
CP142617.1	206266	206267	1
CP142617.1	206267	206282	2
CP142617.1	206282	206285	1
CP142617.1	206285	206290	2
CP142617.1	206290	206311	3
CP142617.1	206311	206323	2
CP142617.1	206323	206335	1
CP142617.1	206335	206338	0
CP142617.1	206338	206410	1
CP142617.1	206410	206418	2
CP142617.1	206418	206496	1
CP142617.1	206496	206567	0
CP142617.1	206567	206646	1
CP142617.1	206646	206788	0
CP142617.1	206788	206800	1
CP142617.1	206800	206873	2
CP142617.1	206873	206877	1
CP142617.1	206877	206923	0
CP142617.1	206923	207082	1
CP142617.1	207082	207085	0
CP142617.1	207085	207118	1
CP142617.1	207118	207141	2
CP142617.1	207141	207142	1
CP142617.1	207142	207202	2
CP142617.1	207202	207269	1
CP142617.1	207269	207315	0
CP142617.1	207315	207341	1
CP142617.1	207341	207342	0
CP142617.1	207342	207455	1
CP142617.1	207455	207480	2
CP142617.1	207480	207486	3
CP142617.1	207486	207539	2
CP142617.1	207539	207568	1
CP142617.1	207568	207625	2
CP142617.1	207625	207626	1
CP142617.1	207626	207631	2
CP142617.1	207631	207632	1
CP142617.1	207632	207661	2
CP142617.1	207661	207745	1
CP142617.1	207745	207751	0
CP142617.1	207751	207760	1
CP142617.1	207760	207808	2
CP142617.1	207808	207820	1
CP142617.1	207820	207832	0
CP142617.1	207832	207962	1
CP142617.1	207962	207963	2
CP142617.1	207963	208021	3
CP142617.1	208021	208035	2
CP142617.1	208035	208169	1
CP142617.1	208169	208175	0
CP142617.1	208175	208190	1
CP142617.1	208190	208191	0
CP142617.1	208191	208232	1
CP142617.1	208232	208233	0
CP142617.1	208233	208309	1
CP142617.1	208309	208576	0
CP142617.1	208576	208588	1
CP142617.1	208588	208592	0
CP142617.1	208592	208650	1
CP142617.1	208650	208708	0
CP142617.1	208708	208768	1
CP142617.1	208768	208975	0
CP142617.1	208975	208994	1
CP142617.1	208994	209014	2
CP142617.1	209014	209018	1
CP142617.1	209018	209095	2
CP142617.1	209095	209116	3
CP142617.1	209116	209143	4
CP142617.1	209143	209188	3
CP142617.1	209188	209194	2
CP142617.1	209194	209220	1
CP142617.1	209220	209228	0
CP142617.1	209228	209235	1
CP142617.1	209235	209240	2
CP142617.1	209240	209256	3
CP142617.1	209256	209296	2
CP142617.1	209296	209395	1
CP142617.1	209395	209444	2
CP142617.1	209444	209579	1
CP142617.1	209579	209642	0
CP142617.1	209642	209684	1
CP142617.1	209684	209771	0
CP142617.1	209771	209824	1
CP142617.1	209824	209917	2
CP142617.1	209917	209918	1
CP142617.1	209918	209927	2
CP142617.1	209927	209944	1
CP142617.1	209944	210016	0
CP142617.1	210016	210059	1
CP142617.1	210059	210223	0
CP142617.1	210223	210261	1
CP142617.1	210261	210290	2
CP142617.1	210290	210433	1
CP142617.1	210433	210615	0
CP142617.1	210615	210640	1
CP142617.1	210640	210697	2
CP142617.1	210697	210724	3
CP142617.1	210724	210732	4
CP142617.1	210732	210734	3
CP142617.1	210734	210743	4
CP142617.1	210743	210792	5
CP142617.1	210792	210796	4
CP142617.1	210796	210833	5
CP142617.1	210833	210884	4
CP142617.1	210884	210935	3
CP142617.1	210935	210940	4
CP142617.1	210940	210959	3
CP142617.1	210959	210991	2
CP142617.1	210991	210992	1
CP142617.1	210992	211054	2
CP142617.1	211054	211125	1
CP142617.1	211125	211180	2
CP142617.1	211180	211181	1
CP142617.1	211181	211196	2
CP142617.1	211196	211211	3
CP142617.1	211211	211274	2
CP142617.1	211274	211607	0
CP142617.1	211607	211622	1
CP142617.1	211622	211633	2
CP142617.1	211633	211634	1
CP142617.1	211634	211698	2
CP142617.1	211698	211802	1
CP142617.1	211802	211808	2
CP142617.1	211808	211860	3
CP142617.1	211860	211865	2
CP142617.1	211865	211868	1
CP142617.1	211868	211919	2
CP142617.1	211919	211973	1
CP142617.1	211973	212030	0
CP142617.1	212030	212100	1
CP142617.1	212100	212144	2
CP142617.1	212144	212190	1
CP142617.1	212190	212192	0
CP142617.1	212192	212264	1
CP142617.1	212264	212345	0
CP142617.1	212345	212387	1
CP142617.1	212387	212393	2
CP142617.1	212393	212489	1
CP142617.1	212489	212495	2
CP142617.1	212495	212524	3
CP142617.1	212524	212526	2
CP142617.1	212526	212538	3
CP142617.1	212538	212549	2
CP142617.1	212549	212566	3
CP142617.1	212566	212567	2
CP142617.1	212567	212625	3
CP142617.1	212625	212644	2
CP142617.1	212644	212646	1
CP142617.1	212646	212647	2
CP142617.1	212647	212650	1
CP142617.1	212650	212693	2
CP142617.1	212693	212699	0
CP142617.1	212699	212832	2
CP142617.1	212832	212854	1
CP142617.1	212854	212890	2
CP142617.1	212890	212891	0
CP142617.1	212891	212898	2
CP142617.1	212898	212899	1
CP142617.1	212899	212912	2
CP142617.1	212912	212956	3
CP142617.1	212956	213036	2
CP142617.1	213036	213043	3
CP142617.1	213043	213211	1
CP142617.1	213211	213316	0
CP142617.1	213316	213446	1
CP142617.1	213446	213460	0
CP142617.1	213460	213517	1
CP142617.1	213517	213585	0
CP142617.1	213585	213599	1
CP142617.1	213599	213624	2
CP142617.1	213624	213669	3
CP142617.1	213669	213672	2
CP142617.1	213672	213673	1
CP142617.1	213673	213697	2
CP142617.1	213697	213740	1
CP142617.1	213740	213894	0
CP142617.1	213894	213923	1
CP142617.1	213923	213932	2
CP142617.1	213932	213987	3
CP142617.1	213987	214031	2
CP142617.1	214031	214033	1
CP142617.1	214033	214079	2
CP142617.1	214079	214083	1
CP142617.1	214083	214115	2
CP142617.1	214115	214117	1
CP142617.1	214117	214183	0
CP142617.1	214183	214408	1
CP142617.1	214408	214415	2
CP142617.1	214415	214416	1
CP142617.1	214416	214448	2
CP142617.1	214448	214511	3
CP142617.1	214511	214587	2
CP142617.1	214587	214626	1
CP142617.1	214626	214685	2
CP142617.1	214685	214702	3
CP142617.1	214702	214805	2
CP142617.1	214805	214808	1
CP142617.1	214808	214859	2
CP142617.1	214859	214916	1
CP142617.1	214916	214970	0
CP142617.1	214970	214985	1
CP142617.1	214985	214987	0
CP142617.1	214987	215073	1
CP142617.1	215073	215191	0
CP142617.1	215191	215241	1
CP142617.1	215241	215242	0
CP142617.1	215242	215252	1
CP142617.1	215252	215534	0
CP142617.1	215534	215539	1
CP142617.1	215539	215612	2
CP142617.1	215612	215773	1
CP142617.1	215773	215887	0
CP142617.1	215887	215928	1
CP142617.1	215928	215952	2
CP142617.1	215952	215978	3
CP142617.1	215978	215981	2
CP142617.1	215981	215995	3
CP142617.1	215995	216064	2
CP142617.1	216064	216065	1
CP142617.1	216065	216090	3
CP142617.1	216090	216114	2
CP142617.1	216114	216214	1
CP142617.1	216214	216274	2
CP142617.1	216274	216289	1
CP142617.1	216289	216382	0
CP142617.1	216382	216436	1
CP142617.1	216436	216444	2
CP142617.1	216444	216445	1
CP142617.1	216445	216483	2
CP142617.1	216483	216615	1
CP142617.1	216615	216633	0
CP142617.1	216633	216744	1
CP142617.1	216744	216763	0
CP142617.1	216763	216820	1
CP142617.1	216820	216914	0
CP142617.1	216914	216943	1
CP142617.1	216943	216950	0
CP142617.1	216950	216992	1
CP142617.1	216992	217044	2
CP142617.1	217044	217240	1
CP142617.1	217240	217250	0
CP142617.1	217250	217255	1
CP142617.1	217255	217288	2
CP142617.1	217288	217403	1
CP142617.1	217403	217407	0
CP142617.1	217407	217419	1
CP142617.1	217419	217459	2
CP142617.1	217459	217669	1
CP142617.1	217669	217917	0
CP142617.1	217917	218003	1
CP142617.1	218003	218036	0
CP142617.1	218036	218085	1
CP142617.1	218085	218125	0
CP142617.1	218125	218191	1
CP142617.1	218191	218195	0
CP142617.1	218195	218201	1
CP142617.1	218201	218226	2
CP142617.1	218226	218322	1
CP142617.1	218322	218323	0
CP142617.1	218323	218338	1
CP142617.1	218338	218348	0
CP142617.1	218348	218506	1
CP142617.1	218506	218509	0
CP142617.1	218509	218615	1
CP142617.1	218615	218672	2
CP142617.1	218672	218687	3
CP142617.1	218687	218688	2
CP142617.1	218688	218746	3
CP142617.1	218746	218755	4
CP142617.1	218755	218863	3
CP142617.1	218863	218960	2
CP142617.1	218960	219121	1
CP142617.1	219121	219133	2
CP142617.1	219133	219236	3
CP142617.1	219236	219257	4
CP142617.1	219257	219268	5
CP142617.1	219268	219278	4
CP142617.1	219278	219310	3
CP142617.1	219310	219326	2
CP142617.1	219326	219466	1
CP142617.1	219466	219467	0
CP142617.1	219467	219513	1
CP142617.1	219513	219548	2
CP142617.1	219548	219549	1
CP142617.1	219549	219550	0
CP142617.1	219550	219553	1
CP142617.1	219553	219601	2
CP142617.1	219601	219625	1
CP142617.1	219625	219648	2
CP142617.1	219648	219920	1
CP142617.1	219920	219942	0
CP142617.1	219942	220027	1
CP142617.1	220027	220356	0
CP142617.1	220356	220357	1
CP142617.1	220357	220430	2
CP142617.1	220430	220551	1
CP142617.1	220551	220561	2
CP142617.1	220561	220573	3
CP142617.1	220573	220575	1
CP142617.1	220575	220576	2
CP142617.1	220576	220578	3
CP142617.1	220578	220583	4
CP142617.1	220583	220601	5
CP142617.1	220601	220615	6
CP142617.1	220615	220654	5
CP142617.1	220654	220659	4
CP142617.1	220659	220660	3
CP142617.1	220660	220676	4
CP142617.1	220676	220677	3
CP142617.1	220677	220691	4
CP142617.1	220691	220698	3
CP142617.1	220698	220699	2
CP142617.1	220699	220707	3
CP142617.1	220707	220708	2
CP142617.1	220708	220710	3
CP142617.1	220710	220711	2
CP142617.1	220711	220719	3
CP142617.1	220719	220720	2
CP142617.1	220720	220725	3
CP142617.1	220725	220726	2
CP142617.1	220726	220755	3
CP142617.1	220755	220774	2
CP142617.1	220774	220775	1
CP142617.1	220775	220782	2
CP142617.1	220782	220821	1
CP142617.1	220821	220824	2
CP142617.1	220824	220825	1
CP142617.1	220825	220853	2
CP142617.1	220853	220928	3
CP142617.1	220928	220929	2
CP142617.1	220929	220945	3
CP142617.1	220945	220946	2
CP142617.1	220946	220951	3
CP142617.1	220951	221015	2
CP142617.1	221015	221033	4
CP142617.1	221033	221044	3
CP142617.1	221044	221066	2
CP142617.1	221066	221071	3
CP142617.1	221071	221073	2
CP142617.1	221073	221077	3
CP142617.1	221077	221081	1
CP142617.1	221081	221149	3
CP142617.1	221149	221151	0
CP142617.1	221151	221152	1
CP142617.1	221152	221163	4
CP142617.1	221163	221169	3
CP142617.1	221169	221174	4
CP142617.1	221174	221175	2
CP142617.1	221175	221176	3
CP142617.1	221176	221205	5
CP142617.1	221205	221207	4
CP142617.1	221207	221231	5
CP142617.1	221231	221233	3
CP142617.1	221233	221236	5
CP142617.1	221236	221237	4
CP142617.1	221237	221266	5
CP142617.1	221266	221271	3
CP142617.1	221271	221350	2
CP142617.1	221350	221351	0
CP142617.1	221351	221356	2
CP142617.1	221356	221502	1
CP142617.1	221502	221570	0
CP142617.1	221570	221689	1
CP142617.1	221689	221690	0
CP142617.1	221690	221718	1
CP142617.1	221718	221793	2
CP142617.1	221793	221811	3
CP142617.1	221811	221813	2
CP142617.1	221813	221825	3
CP142617.1	221825	221844	4
CP142617.1	221844	221845	3
CP142617.1	221845	221964	2
CP142617.1	221964	222017	3
CP142617.1	222017	222027	4
CP142617.1	222027	222035	5
CP142617.1	222035	222069	6
CP142617.1	222069	222086	5
CP142617.1	222086	222088	4
CP142617.1	222088	222089	3
CP142617.1	222089	222129	5
CP142617.1	222129	222149	4
CP142617.1	222149	222177	3
CP142617.1	222177	222178	2
CP142617.1	222178	222213	3
CP142617.1	222213	222258	2
CP142617.1	222258	222270	1
CP142617.1	222270	222331	2
CP142617.1	222331	222413	1
CP142617.1	222413	222463	2
CP142617.1	222463	222513	1
CP142617.1	222513	222539	2
CP142617.1	222539	222540	1
CP142617.1	222540	222590	2
CP142617.1	222590	222612	3
CP142617.1	222612	222632	4
CP142617.1	222632	222641	3
CP142617.1	222641	222642	2
CP142617.1	222642	222668	3
CP142617.1	222668	222699	2
CP142617.1	222699	222718	3
CP142617.1	222718	222720	2
CP142617.1	222720	222726	1
CP142617.1	222726	222750	3
CP142617.1	222750	222765	2
CP142617.1	222765	222819	1
CP142617.1	222819	222845	0
CP142617.1	222845	222848	1
CP142617.1	222848	222914	2
CP142617.1	222914	222943	1
CP142617.1	222943	222976	2
CP142617.1	222976	222977	1
CP142617.1	222977	222978	2
CP142617.1	222978	222983	1
CP142617.1	222983	223011	2
CP142617.1	223011	223031	1
CP142617.1	223031	223043	2
CP142617.1	223043	223044	1
CP142617.1	223044	223087	2
CP142617.1	223087	223109	1
CP142617.1	223109	223211	0
CP142617.1	223211	223222	1
CP142617.1	223222	223235	2
CP142617.1	223235	223259	3
CP142617.1	223259	223262	2
CP142617.1	223262	223317	3
CP142617.1	223317	223416	2
CP142617.1	223416	223432	3
CP142617.1	223432	223437	4
CP142617.1	223437	223438	3
CP142617.1	223438	223439	4
CP142617.1	223439	223457	5
CP142617.1	223457	223463	4
CP142617.1	223463	223490	3
CP142617.1	223490	223496	4
CP142617.1	223496	223502	3
CP142617.1	223502	223541	4
CP142617.1	223541	223544	3
CP142617.1	223544	223584	4
CP142617.1	223584	223626	3
CP142617.1	223626	223667	2
CP142617.1	223667	223672	1
CP142617.1	223672	223855	0
CP142617.1	223855	223879	1
CP142617.1	223879	223938	2
CP142617.1	223938	223951	1
CP142617.1	223951	224023	0
CP142617.1	224023	224083	1
CP142617.1	224083	224084	0
CP142617.1	224084	224143	1
CP142617.1	224143	224342	0
CP142617.1	224342	224368	1
CP142617.1	224368	224369	0
CP142617.1	224369	224383	1
CP142617.1	224383	224405	2
CP142617.1	224405	224437	3
CP142617.1	224437	224441	4
CP142617.1	224441	224442	3
CP142617.1	224442	224447	4
CP142617.1	224447	224514	3
CP142617.1	224514	224523	2
CP142617.1	224523	224540	1
CP142617.1	224540	224850	0
CP142617.1	224850	224896	1
CP142617.1	224896	224968	2
CP142617.1	224968	225129	1
CP142617.1	225129	225178	2
CP142617.1	225178	225196	1
CP142617.1	225196	225197	0
CP142617.1	225197	225234	1
CP142617.1	225234	225236	0
CP142617.1	225236	225257	1
CP142617.1	225257	225451	0
CP142617.1	225451	225509	1
CP142617.1	225509	225561	2
CP142617.1	225561	225616	1
CP142617.1	225616	225627	2
CP142617.1	225627	225681	1
CP142617.1	225681	225715	2
CP142617.1	225715	225718	1
CP142617.1	225718	225722	2
CP142617.1	225722	225734	3
CP142617.1	225734	225889	2
CP142617.1	225889	225937	1
CP142617.1	225937	225954	0
CP142617.1	225954	226095	1
CP142617.1	226095	226184	0
CP142617.1	226184	226338	1
CP142617.1	226338	226500	0
CP142617.1	226500	226527	1
CP142617.1	226527	226600	2
CP142617.1	226600	226620	3
CP142617.1	226620	226652	2
CP142617.1	226652	226653	1
CP142617.1	226653	226705	2
CP142617.1	226705	226721	3
CP142617.1	226721	226722	0
CP142617.1	226722	226724	1
CP142617.1	226724	226725	2
CP142617.1	226725	226754	3
CP142617.1	226754	226762	2
CP142617.1	226762	226799	3
CP142617.1	226799	226856	2
CP142617.1	226856	226888	1
CP142617.1	226888	226889	0
CP142617.1	226889	226931	1
CP142617.1	226931	226984	0
CP142617.1	226984	227145	1
CP142617.1	227145	227146	0
CP142617.1	227146	227157	1
CP142617.1	227157	227180	2
CP142617.1	227180	227181	1
CP142617.1	227181	227203	2
CP142617.1	227203	227225	3
CP142617.1	227225	227228	2
CP142617.1	227228	227231	1
CP142617.1	227231	227260	2
CP142617.1	227260	227287	1
CP142617.1	227287	227308	2
CP142617.1	227308	227309	1
CP142617.1	227309	227342	2
CP142617.1	227342	227381	1
CP142617.1	227381	227410	2
CP142617.1	227410	227426	1
CP142617.1	227426	227452	2
CP142617.1	227452	227455	1
CP142617.1	227455	227487	2
CP142617.1	227487	227572	1
CP142617.1	227572	227642	2
CP142617.1	227642	227644	1
CP142617.1	227644	227688	2
CP142617.1	227688	227771	1
CP142617.1	227771	227781	0
CP142617.1	227781	227858	1
CP142617.1	227858	227993	0
CP142617.1	227993	228019	1
CP142617.1	228019	228105	2
CP142617.1	228105	228165	1
CP142617.1	228165	228235	0
CP142617.1	228235	228256	1
CP142617.1	228256	228319	2
CP142617.1	228319	228324	3
CP142617.1	228324	228365	4
CP142617.1	228365	228424	3
CP142617.1	228424	228458	2
CP142617.1	228458	228485	1
CP142617.1	228485	228652	0
CP142617.1	228652	228666	1
CP142617.1	228666	228667	0
CP142617.1	228667	228670	1
CP142617.1	228670	228691	2
CP142617.1	228691	228695	1
CP142617.1	228695	228743	2
CP142617.1	228743	228775	3
CP142617.1	228775	228818	4
CP142617.1	228818	228827	3
CP142617.1	228827	228846	2
CP142617.1	228846	228864	1
CP142617.1	228864	228887	2
CP142617.1	228887	228888	1
CP142617.1	228888	228907	2
CP142617.1	228907	228916	3
CP142617.1	228916	229062	2
CP142617.1	229062	229063	1
CP142617.1	229063	229088	2
CP142617.1	229088	229128	1
CP142617.1	229128	229158	2
CP142617.1	229158	229160	1
CP142617.1	229160	229164	2
CP142617.1	229164	229206	1
CP142617.1	229206	229207	0
CP142617.1	229207	229365	1
CP142617.1	229365	229478	0
CP142617.1	229478	229481	1
CP142617.1	229481	229490	2
CP142617.1	229490	229491	1
CP142617.1	229491	229494	2
CP142617.1	229494	229496	1
CP142617.1	229496	229520	2
CP142617.1	229520	229529	1
CP142617.1	229529	229589	2
CP142617.1	229589	229622	1
CP142617.1	229622	229675	2
CP142617.1	229675	229677	1
CP142617.1	229677	229692	0
CP142617.1	229692	229757	1
CP142617.1	229757	229764	0
CP142617.1	229764	229867	2
CP142617.1	229867	229868	1
CP142617.1	229868	229895	2
CP142617.1	229895	229904	3
CP142617.1	229904	229905	2
CP142617.1	229905	229910	3
CP142617.1	229910	229977	2
CP142617.1	229977	229986	3
CP142617.1	229986	229998	2
CP142617.1	229998	229999	1
CP142617.1	229999	230045	2
CP142617.1	230045	230078	3
CP142617.1	230078	230093	4
CP142617.1	230093	230101	3
CP142617.1	230101	230122	4
CP142617.1	230122	230139	5
CP142617.1	230139	230143	4
CP142617.1	230143	230172	3
CP142617.1	230172	230174	2
CP142617.1	230174	230188	3
CP142617.1	230188	230189	2
CP142617.1	230189	230244	3
CP142617.1	230244	230277	2
CP142617.1	230277	230338	1
CP142617.1	230338	230375	0
CP142617.1	230375	230398	1
CP142617.1	230398	230412	0
CP142617.1	230412	230423	1
CP142617.1	230423	230424	0
CP142617.1	230424	230468	1
CP142617.1	230468	230480	2
CP142617.1	230480	230528	3
CP142617.1	230528	230532	2
CP142617.1	230532	230537	3
CP142617.1	230537	230564	4
CP142617.1	230564	230565	3
CP142617.1	230565	230573	4
CP142617.1	230573	230617	3
CP142617.1	230617	230624	4
CP142617.1	230624	230650	3
CP142617.1	230650	230654	2
CP142617.1	230654	230664	3
CP142617.1	230664	230698	2
CP142617.1	230698	230873	1
CP142617.1	230873	230927	0
CP142617.1	230927	230957	1
CP142617.1	230957	230967	2
CP142617.1	230967	230968	1
CP142617.1	230968	231009	2
CP142617.1	231009	231031	4
CP142617.1	231031	231059	3
CP142617.1	231059	231060	2
CP142617.1	231060	231077	3
CP142617.1	231077	231114	2
CP142617.1	231114	231189	1
CP142617.1	231189	231206	2
CP142617.1	231206	231272	1
CP142617.1	231272	231385	0
CP142617.1	231385	231396	1
CP142617.1	231396	231421	2
CP142617.1	231421	231429	1
CP142617.1	231429	231492	2
CP142617.1	231492	231550	1
CP142617.1	231550	231946	0
CP142617.1	231946	231963	1
CP142617.1	231963	231965	2
CP142617.1	231965	232039	3
CP142617.1	232039	232041	2
CP142617.1	232041	232044	1
CP142617.1	232044	232046	0
CP142617.1	232046	232095	1
CP142617.1	232095	232164	2
CP142617.1	232164	232172	1
CP142617.1	232172	232181	2
CP142617.1	232181	232184	1
CP142617.1	232184	232220	2
CP142617.1	232220	232315	1
CP142617.1	232315	232406	2
CP142617.1	232406	232407	1
CP142617.1	232407	232413	2
CP142617.1	232413	232416	1
CP142617.1	232416	232422	2
CP142617.1	232422	232452	3
CP142617.1	232452	232462	4
CP142617.1	232462	232532	3
CP142617.1	232532	232577	4
CP142617.1	232577	232604	3
CP142617.1	232604	232605	2
CP142617.1	232605	232613	3
CP142617.1	232613	232629	2
CP142617.1	232629	232635	1
CP142617.1	232635	232703	0
CP142617.1	232703	232841	1
CP142617.1	232841	232855	2
CP142617.1	232855	232898	1
CP142617.1	232898	232899	0
CP142617.1	232899	232994	1
CP142617.1	232994	233050	2
CP142617.1	233050	233054	1
CP142617.1	233054	233055	0
CP142617.1	233055	233101	1
CP142617.1	233101	233155	0
CP142617.1	233155	233178	1
CP142617.1	233178	233247	2
CP142617.1	233247	233395	1
CP142617.1	233395	233407	0
CP142617.1	233407	233426	1
CP142617.1	233426	233509	2
CP142617.1	233509	233510	1
CP142617.1	233510	233523	2
CP142617.1	233523	233524	1
CP142617.1	233524	233554	2
CP142617.1	233554	233563	1
CP142617.1	233563	233620	0
CP142617.1	233620	233682	1
CP142617.1	233682	233771	0
CP142617.1	233771	233809	1
CP142617.1	233809	233854	2
CP142617.1	233854	233918	3
CP142617.1	233918	233921	2
CP142617.1	233921	233952	3
CP142617.1	233952	233957	2
CP142617.1	233957	233964	1
CP142617.1	233964	233965	0
CP142617.1	233965	234011	1
CP142617.1	234011	234113	2
CP142617.1	234113	234172	1
CP142617.1	234172	234259	2
CP142617.1	234259	234278	1
CP142617.1	234278	234290	2
CP142617.1	234290	234291	1
CP142617.1	234291	234356	2
CP142617.1	234356	234395	1
CP142617.1	234395	234436	2
CP142617.1	234436	234476	1
CP142617.1	234476	234615	2
CP142617.1	234615	234617	1
CP142617.1	234617	234766	2
CP142617.1	234766	234807	1
CP142617.1	234807	234861	2
CP142617.1	234861	234872	1
CP142617.1	234872	235117	0
CP142617.1	235117	235214	1
CP142617.1	235214	235296	0
CP142617.1	235296	235341	1
CP142617.1	235341	235493	0
CP142617.1	235493	235518	1
CP142617.1	235518	235519	0
CP142617.1	235519	235585	1
CP142617.1	235585	235636	0
CP142617.1	235636	235706	1
CP142617.1	235706	235719	2
CP142617.1	235719	235746	3
CP142617.1	235746	235748	2
CP142617.1	235748	235837	3
CP142617.1	235837	235841	2
CP142617.1	235841	235845	1
CP142617.1	235845	235872	2
CP142617.1	235872	235879	3
CP142617.1	235879	235910	2
CP142617.1	235910	235920	1
CP142617.1	235920	235928	2
CP142617.1	235928	235957	1
CP142617.1	235957	236032	0
CP142617.1	236032	236092	1
CP142617.1	236092	236117	2
CP142617.1	236117	236177	1
CP142617.1	236177	236241	2
CP142617.1	236241	236252	1
CP142617.1	236252	236288	2
CP142617.1	236288	236291	1
CP142617.1	236291	236316	0
CP142617.1	236316	236328	1
CP142617.1	236328	236343	2
CP142617.1	236343	236352	3
CP142617.1	236352	236353	2
CP142617.1	236353	236364	3
CP142617.1	236364	236439	4
CP142617.1	236439	236477	3
CP142617.1	236477	236543	2
CP142617.1	236543	236629	3
CP142617.1	236629	236639	4
CP142617.1	236639	236648	3
CP142617.1	236648	236677	2
CP142617.1	236677	236701	3
CP142617.1	236701	236703	1
CP142617.1	236703	236716	3
CP142617.1	236716	236717	4
CP142617.1	236717	236731	3
CP142617.1	236731	236774	2
CP142617.1	236774	236893	1
CP142617.1	236893	236902	2
CP142617.1	236902	236903	1
CP142617.1	236903	236927	2
CP142617.1	236927	236986	3
CP142617.1	236986	236989	2
CP142617.1	236989	237020	3
CP142617.1	237020	237104	2
CP142617.1	237104	237156	1
CP142617.1	237156	237255	0
CP142617.1	237255	237368	1
CP142617.1	237368	237376	2
CP142617.1	237376	237418	1
CP142617.1	237418	237473	0
CP142617.1	237473	237561	1
CP142617.1	237561	237605	0
CP142617.1	237605	237867	1
CP142617.1	237867	237904	0
CP142617.1	237904	237942	1
CP142617.1	237942	237972	0
CP142617.1	237972	238034	1
CP142617.1	238034	238035	0
CP142617.1	238035	238065	1
CP142617.1	238065	238256	0
CP142617.1	238256	238326	1
CP142617.1	238326	238327	0
CP142617.1	238327	238411	1
CP142617.1	238411	238415	0
CP142617.1	238415	238471	1
CP142617.1	238471	238503	0
CP142617.1	238503	238558	1
CP142617.1	238558	238628	2
CP142617.1	238628	238629	1
CP142617.1	238629	238645	2
CP142617.1	238645	238646	1
CP142617.1	238646	238694	2
CP142617.1	238694	238712	1
CP142617.1	238712	238741	2
CP142617.1	238741	238765	3
CP142617.1	238765	238819	2
CP142617.1	238819	238820	1
CP142617.1	238820	238888	2
CP142617.1	238888	238899	3
CP142617.1	238899	238916	4
CP142617.1	238916	238950	3
CP142617.1	238950	238951	2
CP142617.1	238951	238969	1
CP142617.1	238969	239018	0
CP142617.1	239018	239031	1
CP142617.1	239031	239125	2
CP142617.1	239125	239126	1
CP142617.1	239126	239131	2
CP142617.1	239131	239133	1
CP142617.1	239133	239166	2
CP142617.1	239166	239178	1
CP142617.1	239178	239181	0
CP142617.1	239181	239277	1
CP142617.1	239277	239278	0
CP142617.1	239278	239336	1
CP142617.1	239336	239338	0
CP142617.1	239338	239362	1
CP142617.1	239362	239427	2
CP142617.1	239427	239500	1
CP142617.1	239500	239519	2
CP142617.1	239519	239525	1
CP142617.1	239525	239560	2
CP142617.1	239560	239569	1
CP142617.1	239569	239573	0
CP142617.1	239573	239597	1
CP142617.1	239597	239601	0
CP142617.1	239601	239662	1
CP142617.1	239662	239663	0
CP142617.1	239663	239682	1
CP142617.1	239682	239687	2
CP142617.1	239687	239709	3
CP142617.1	239709	239711	2
CP142617.1	239711	239776	3
CP142617.1	239776	239792	2
CP142617.1	239792	239912	1
CP142617.1	239912	239919	0
CP142617.1	239919	239927	1
CP142617.1	239927	239959	2
CP142617.1	239959	239965	1
CP142617.1	239965	239986	2
CP142617.1	239986	239989	1
CP142617.1	239989	240034	2
CP142617.1	240034	240037	1
CP142617.1	240037	240055	2
CP142617.1	240055	240145	1
CP142617.1	240145	240152	2
CP142617.1	240152	240153	1
CP142617.1	240153	240194	2
CP142617.1	240194	240202	3
CP142617.1	240202	240253	2
CP142617.1	240253	240266	1
CP142617.1	240266	240300	0
CP142617.1	240300	240413	1
CP142617.1	240413	240427	2
CP142617.1	240427	240494	1
CP142617.1	240494	240573	2
CP142617.1	240573	240613	3
CP142617.1	240613	240681	2
CP142617.1	240681	241094	0
CP142617.1	241094	241096	1
CP142617.1	241096	241200	2
CP142617.1	241200	241202	1
CP142617.1	241202	241205	2
CP142617.1	241205	241219	3
CP142617.1	241219	241316	2
CP142617.1	241316	241401	1
CP142617.1	241401	241403	0
CP142617.1	241403	241498	1
CP142617.1	241498	241570	2
CP142617.1	241570	241617	3
CP142617.1	241617	241654	4
CP142617.1	241654	241681	3
CP142617.1	241681	241755	2
CP142617.1	241755	241762	1
CP142617.1	241762	241884	0
CP142617.1	241884	241937	1
CP142617.1	241937	242042	0
CP142617.1	242042	242056	2
CP142617.1	242056	242057	1
CP142617.1	242057	242210	2
CP142617.1	242210	242216	1
CP142617.1	242216	242219	0
CP142617.1	242219	242250	1
CP142617.1	242250	242387	0
CP142617.1	242387	242519	1
CP142617.1	242519	242555	2
CP142617.1	242555	242556	1
CP142617.1	242556	242561	2
CP142617.1	242561	242562	1
CP142617.1	242562	242609	2
CP142617.1	242609	242629	1
CP142617.1	242629	242630	0
CP142617.1	242630	242643	1
CP142617.1	242643	242720	0
CP142617.1	242720	242876	1
CP142617.1	242876	242955	0
CP142617.1	242955	243000	1
CP142617.1	243000	243059	2
CP142617.1	243059	243064	3
CP142617.1	243064	243132	2
CP142617.1	243132	243156	3
CP142617.1	243156	243262	2
CP142617.1	243262	243278	3
CP142617.1	243278	243295	2
CP142617.1	243295	243296	1
CP142617.1	243296	243398	2
CP142617.1	243398	243405	1
CP142617.1	243405	243468	0
CP142617.1	243468	243537	1
CP142617.1	243537	243565	0
CP142617.1	243565	243682	1
CP142617.1	243682	243683	0
CP142617.1	243683	243685	1
CP142617.1	243685	243707	2
CP142617.1	243707	243710	1
CP142617.1	243710	243734	2
CP142617.1	243734	243832	1
CP142617.1	243832	243868	0
CP142617.1	243868	244045	1
CP142617.1	244045	244046	0
CP142617.1	244046	244106	1
CP142617.1	244106	244214	0
CP142617.1	244214	244310	1
CP142617.1	244310	244341	2
CP142617.1	244341	244419	3
CP142617.1	244419	244460	4
CP142617.1	244460	244472	3
CP142617.1	244472	244477	4
CP142617.1	244477	244535	3
CP142617.1	244535	244537	1
CP142617.1	244537	244633	0
CP142617.1	244633	244730	2
CP142617.1	244730	244778	1
CP142617.1	244778	244800	0
CP142617.1	244800	244847	1
CP142617.1	244847	244848	0
CP142617.1	244848	244871	1
CP142617.1	244871	244971	0
CP142617.1	244971	245041	1
CP142617.1	245041	245062	2
CP142617.1	245062	245133	1
CP142617.1	245133	245134	0
CP142617.1	245134	245280	1
CP142617.1	245280	245281	0
CP142617.1	245281	245425	1
CP142617.1	245425	245472	0
CP142617.1	245472	245588	1
CP142617.1	245588	245590	0
CP142617.1	245590	245618	1
CP142617.1	245618	245697	0
CP142617.1	245697	245732	1
CP142617.1	245732	245755	2
CP142617.1	245755	245758	1
CP142617.1	245758	245761	2
CP142617.1	245761	245825	3
CP142617.1	245825	245841	4
CP142617.1	245841	245842	3
CP142617.1	245842	245895	4
CP142617.1	245895	245903	3
CP142617.1	245903	245930	2
CP142617.1	245930	245984	1
CP142617.1	245984	246080	0
CP142617.1	246080	246189	1
CP142617.1	246189	246225	2
CP142617.1	246225	246253	1
CP142617.1	246253	246327	0
CP142617.1	246327	246335	1
CP142617.1	246335	246388	2
CP142617.1	246388	246430	1
CP142617.1	246430	246532	0
CP142617.1	246532	246569	1
CP142617.1	246569	246570	0
CP142617.1	246570	246606	1
CP142617.1	246606	246613	2
CP142617.1	246613	246640	3
CP142617.1	246640	246663	4
CP142617.1	246663	246664	3
CP142617.1	246664	246665	4
CP142617.1	246665	246666	3
CP142617.1	246666	246676	4
CP142617.1	246676	246749	5
CP142617.1	246749	246750	4
CP142617.1	246750	246756	5
CP142617.1	246756	246761	4
CP142617.1	246761	246762	3
CP142617.1	246762	246763	2
CP142617.1	246763	246769	3
CP142617.1	246769	246771	2
CP142617.1	246771	246786	3
CP142617.1	246786	246811	2
CP142617.1	246811	246818	1
CP142617.1	246818	246835	2
CP142617.1	246835	246869	1
CP142617.1	246869	246900	2
CP142617.1	246900	246951	1
CP142617.1	246951	247019	2
CP142617.1	247019	247020	1
CP142617.1	247020	247024	2
CP142617.1	247024	247026	1
CP142617.1	247026	247061	2
CP142617.1	247061	247081	3
CP142617.1	247081	247082	2
CP142617.1	247082	247099	3
CP142617.1	247099	247113	4
CP142617.1	247113	247130	3
CP142617.1	247130	247159	2
CP142617.1	247159	247182	3
CP142617.1	247182	247198	4
CP142617.1	247198	247233	3
CP142617.1	247233	247238	4
CP142617.1	247238	247246	3
CP142617.1	247246	247252	2
CP142617.1	247252	247285	3
CP142617.1	247285	247336	2
CP142617.1	247336	247550	1
CP142617.1	247550	247780	0
CP142617.1	247780	247815	1
CP142617.1	247815	247816	0
CP142617.1	247816	247835	1
CP142617.1	247835	247895	2
CP142617.1	247895	247902	1
CP142617.1	247902	247912	0
CP142617.1	247912	247997	1
CP142617.1	247997	248003	0
CP142617.1	248003	248100	1
CP142617.1	248100	248105	2
CP142617.1	248105	248174	1
CP142617.1	248174	248177	0
CP142617.1	248177	248311	1
CP142617.1	248311	248333	0
CP142617.1	248333	248396	1
CP142617.1	248396	248439	2
CP142617.1	248439	248595	1
CP142617.1	248595	248605	0
CP142617.1	248605	248651	1
CP142617.1	248651	248666	0
CP142617.1	248666	248676	1
CP142617.1	248676	248684	2
CP142617.1	248684	248716	3
CP142617.1	248716	248769	2
CP142617.1	248769	249027	1
CP142617.1	249027	249029	0
CP142617.1	249029	249030	1
CP142617.1	249030	249083	2
CP142617.1	249083	249085	1
CP142617.1	249085	249101	2
CP142617.1	249101	249103	1
CP142617.1	249103	249178	2
CP142617.1	249178	249189	3
CP142617.1	249189	249198	2
CP142617.1	249198	249199	1
CP142617.1	249199	249219	2
CP142617.1	249219	249433	1
CP142617.1	249433	249608	0
CP142617.1	249608	249670	1
CP142617.1	249670	249708	0
CP142617.1	249708	249765	1
CP142617.1	249765	249766	0
CP142617.1	249766	249879	1
CP142617.1	249879	250084	0
CP142617.1	250084	250186	1
CP142617.1	250186	250219	0
CP142617.1	250219	250243	1
CP142617.1	250243	250246	0
CP142617.1	250246	250274	1
CP142617.1	250274	250275	0
CP142617.1	250275	250307	1
CP142617.1	250307	250310	0
CP142617.1	250310	250324	1
CP142617.1	250324	250336	2
CP142617.1	250336	250344	3
CP142617.1	250344	250348	2
CP142617.1	250348	250369	3
CP142617.1	250369	250370	1
CP142617.1	250370	250401	3
CP142617.1	250401	250420	4
CP142617.1	250420	250422	3
CP142617.1	250422	250425	1
CP142617.1	250425	250455	3
CP142617.1	250455	250508	2
CP142617.1	250508	250537	1
CP142617.1	250537	250573	2
CP142617.1	250573	250621	1
CP142617.1	250621	250624	2
CP142617.1	250624	250701	3
CP142617.1	250701	250802	2
CP142617.1	250802	250813	3
CP142617.1	250813	250815	2
CP142617.1	250815	250816	1
CP142617.1	250816	250862	2
CP142617.1	250862	250866	1
CP142617.1	250866	250923	2
CP142617.1	250923	250945	1
CP142617.1	250945	251153	0
CP142617.1	251153	251222	1
CP142617.1	251222	251228	2
CP142617.1	251228	251318	1
CP142617.1	251318	251509	0
CP142617.1	251509	251601	1
CP142617.1	251601	251602	0
CP142617.1	251602	251670	1
CP142617.1	251670	251682	0
CP142617.1	251682	251699	1
CP142617.1	251699	251781	2
CP142617.1	251781	251785	0
CP142617.1	251785	251823	3
CP142617.1	251823	251824	2
CP142617.1	251824	251831	1
CP142617.1	251831	251834	2
CP142617.1	251834	251842	1
CP142617.1	251842	251878	2
CP142617.1	251878	251895	1
CP142617.1	251895	251909	2
CP142617.1	251909	251910	1
CP142617.1	251910	251911	0
CP142617.1	251911	252130	1
CP142617.1	252130	252201	0
CP142617.1	252201	252207	1
CP142617.1	252207	252209	0
CP142617.1	252209	252296	1
CP142617.1	252296	252301	2
CP142617.1	252301	252302	1
CP142617.1	252302	252385	2
CP142617.1	252385	252428	3
CP142617.1	252428	252463	2
CP142617.1	252463	252481	1
CP142617.1	252481	252538	2
CP142617.1	252538	252541	1
CP142617.1	252541	252587	2
CP142617.1	252587	252599	1
CP142617.1	252599	252654	0
CP142617.1	252654	252717	1
CP142617.1	252717	252719	0
CP142617.1	252719	252736	1
CP142617.1	252736	252737	0
CP142617.1	252737	252915	1
CP142617.1	252915	252949	2
CP142617.1	252949	252959	3
CP142617.1	252959	252960	2
CP142617.1	252960	252974	3
CP142617.1	252974	252991	2
CP142617.1	252991	252993	1
CP142617.1	252993	253005	2
CP142617.1	253005	253008	3
CP142617.1	253008	253011	2
CP142617.1	253011	253012	3
CP142617.1	253012	253020	4
CP142617.1	253020	253030	5
CP142617.1	253030	253031	3
CP142617.1	253031	253041	5
CP142617.1	253041	253043	2
CP142617.1	253043	253044	4
CP142617.1	253044	253065	5
CP142617.1	253065	253067	4
CP142617.1	253067	253079	3
CP142617.1	253079	253096	2
CP142617.1	253096	253098	1
CP142617.1	253098	253471	0
CP142617.1	253471	253502	1
CP142617.1	253502	253503	0
CP142617.1	253503	253529	1
CP142617.1	253529	253617	2
CP142617.1	253617	253651	3
CP142617.1	253651	253654	2
CP142617.1	253654	253667	3
CP142617.1	253667	253670	1
CP142617.1	253670	253743	2
CP142617.1	253743	253803	1
CP142617.1	253803	254024	0
CP142617.1	254024	254292	1
CP142617.1	254292	254560	0
CP142617.1	254560	254615	1
CP142617.1	254615	254833	0
CP142617.1	254833	254853	1
CP142617.1	254853	254894	2
CP142617.1	254894	255001	1
CP142617.1	255001	255046	2
CP142617.1	255046	255075	3
CP142617.1	255075	255104	2
CP142617.1	255104	255113	3
CP142617.1	255113	255128	2
CP142617.1	255128	255191	1
CP142617.1	255191	255237	0
CP142617.1	255237	255354	1
CP142617.1	255354	255355	0
CP142617.1	255355	255390	1
CP142617.1	255390	255425	2
CP142617.1	255425	255459	3
CP142617.1	255459	255464	2
CP142617.1	255464	255491	1
CP142617.1	255491	255494	0
CP142617.1	255494	255515	2
CP142617.1	255515	255568	3
CP142617.1	255568	255589	2
CP142617.1	255589	255646	3
CP142617.1	255646	255678	2
CP142617.1	255678	255933	1
CP142617.1	255933	255934	0
CP142617.1	255934	255936	1
CP142617.1	255936	256001	2
CP142617.1	256001	256021	1
CP142617.1	256021	256172	0
CP142617.1	256172	256239	1
CP142617.1	256239	256317	0
CP142617.1	256317	256373	1
CP142617.1	256373	256639	0
CP142617.1	256639	256641	1
CP142617.1	256641	256674	2
CP142617.1	256674	256675	1
CP142617.1	256675	256678	0
CP142617.1	256678	256681	1
CP142617.1	256681	256723	2
CP142617.1	256723	256724	1
CP142617.1	256724	256764	2
CP142617.1	256764	256767	1
CP142617.1	256767	256821	2
CP142617.1	256821	256920	1
CP142617.1	256920	256922	0
CP142617.1	256922	256929	1
CP142617.1	256929	256932	0
CP142617.1	256932	256936	1
CP142617.1	256936	256951	2
CP142617.1	256951	257047	1
CP142617.1	257047	257113	2
CP142617.1	257113	257142	1
CP142617.1	257142	257143	0
CP142617.1	257143	257260	1
CP142617.1	257260	257262	0
CP142617.1	257262	257299	1
CP142617.1	257299	257479	0
CP142617.1	257479	257546	1
CP142617.1	257546	257633	0
CP142617.1	257633	257644	1
CP142617.1	257644	257754	2
CP142617.1	257754	257755	1
CP142617.1	257755	257800	2
CP142617.1	257800	257820	3
CP142617.1	257820	257847	2
CP142617.1	257847	257860	3
CP142617.1	257860	258021	2
CP142617.1	258021	258062	3
CP142617.1	258062	258079	2
CP142617.1	258079	258091	1
CP142617.1	258091	258092	0
CP142617.1	258092	258094	1
CP142617.1	258094	258155	2
CP142617.1	258155	258184	1
CP142617.1	258184	258396	0
CP142617.1	258396	258419	1
CP142617.1	258419	258599	2
CP142617.1	258599	258602	1
CP142617.1	258602	258654	3
CP142617.1	258654	258662	4
CP142617.1	258662	258668	3
CP142617.1	258668	258686	2
CP142617.1	258686	258689	1
CP142617.1	258689	258731	2
CP142617.1	258731	258840	1
CP142617.1	258840	258843	2
CP142617.1	258843	258902	3
CP142617.1	258902	258914	2
CP142617.1	258914	258967	0
CP142617.1	258967	259028	1
CP142617.1	259028	259390	0
CP142617.1	259390	259460	1
CP142617.1	259460	259545	2
CP142617.1	259545	259546	1
CP142617.1	259546	259554	2
CP142617.1	259554	259557	1
CP142617.1	259557	259563	0
CP142617.1	259563	259634	1
CP142617.1	259634	259688	0
CP142617.1	259688	259728	1
CP142617.1	259728	259730	0
CP142617.1	259730	259743	2
CP142617.1	259743	259744	1
CP142617.1	259744	259749	2
CP142617.1	259749	259750	1
CP142617.1	259750	259791	2
CP142617.1	259791	260043	1
CP142617.1	260043	260091	0
CP142617.1	260091	260237	1
CP142617.1	260237	260238	0
CP142617.1	260238	260289	1
CP142617.1	260289	260354	2
CP142617.1	260354	260372	1
CP142617.1	260372	260373	0
CP142617.1	260373	260428	1
CP142617.1	260428	260429	0
CP142617.1	260429	260552	1
CP142617.1	260552	260726	0
CP142617.1	260726	260740	1
CP142617.1	260740	260823	2
CP142617.1	260823	260835	1
CP142617.1	260835	261010	0
CP142617.1	261010	261057	1
CP142617.1	261057	261065	0
CP142617.1	261065	261113	1
CP142617.1	261113	261166	0
CP142617.1	261166	261176	1
CP142617.1	261176	261255	2
CP142617.1	261255	261283	1
CP142617.1	261283	261463	0
CP142617.1	261463	261741	1
CP142617.1	261741	261797	0
CP142617.1	261797	261817	1
CP142617.1	261817	261827	0
CP142617.1	261827	261959	1
CP142617.1	261959	262128	0
CP142617.1	262128	262232	1
CP142617.1	262232	262387	0
CP142617.1	262387	262454	1
CP142617.1	262454	262457	0
CP142617.1	262457	262497	1
CP142617.1	262497	262498	0
CP142617.1	262498	262580	1
CP142617.1	262580	262667	0
CP142617.1	262667	262724	1
CP142617.1	262724	262743	0
CP142617.1	262743	262770	1
CP142617.1	262770	262773	0
CP142617.1	262773	262914	1
CP142617.1	262914	262937	2
CP142617.1	262937	262941	0
CP142617.1	262941	262955	2
CP142617.1	262955	262997	3
CP142617.1	262997	263009	2
CP142617.1	263009	263043	1
CP142617.1	263043	263044	0
CP142617.1	263044	263098	1
CP142617.1	263098	263120	2
CP142617.1	263120	263122	0
CP142617.1	263122	263128	2
CP142617.1	263128	263129	1
CP142617.1	263129	263143	2
CP142617.1	263143	263198	3
CP142617.1	263198	263216	2
CP142617.1	263216	263373	1
CP142617.1	263373	263389	2
CP142617.1	263389	263550	1
CP142617.1	263550	263623	0
CP142617.1	263623	263625	1
CP142617.1	263625	263681	2
CP142617.1	263681	263712	3
CP142617.1	263712	263730	2
CP142617.1	263730	263760	1
CP142617.1	263760	263761	0
CP142617.1	263761	263823	1
CP142617.1	263823	263841	0
CP142617.1	263841	263928	1
CP142617.1	263928	264011	0
CP142617.1	264011	264095	1
CP142617.1	264095	264132	0
CP142617.1	264132	264148	1
CP142617.1	264148	264190	2
CP142617.1	264190	264216	3
CP142617.1	264216	264217	1
CP142617.1	264217	264219	2
CP142617.1	264219	264313	3
CP142617.1	264313	264320	2
CP142617.1	264320	264321	1
CP142617.1	264321	264354	2
CP142617.1	264354	264358	1
CP142617.1	264358	264372	0
CP142617.1	264372	264395	1
CP142617.1	264395	264423	2
CP142617.1	264423	264437	1
CP142617.1	264437	264451	0
CP142617.1	264451	264464	1
CP142617.1	264464	264476	0
CP142617.1	264476	264507	1
CP142617.1	264507	264526	2
CP142617.1	264526	264590	1
CP142617.1	264590	264616	2
CP142617.1	264616	264702	3
CP142617.1	264702	264719	2
CP142617.1	264719	264720	1
CP142617.1	264720	264742	2
CP142617.1	264742	264743	3
CP142617.1	264743	264800	2
CP142617.1	264800	264834	3
CP142617.1	264834	264844	2
CP142617.1	264844	264860	3
CP142617.1	264860	264861	2
CP142617.1	264861	264869	3
CP142617.1	264869	264927	2
CP142617.1	264927	264931	1
CP142617.1	264931	264949	2
CP142617.1	264949	265065	3
CP142617.1	265065	265074	4
CP142617.1	265074	265075	3
CP142617.1	265075	265109	4
CP142617.1	265109	265147	3
CP142617.1	265147	265212	2
CP142617.1	265212	265255	1
CP142617.1	265255	265285	0
CP142617.1	265285	265463	1
CP142617.1	265463	265464	0
CP142617.1	265464	265531	1
CP142617.1	265531	265578	0
CP142617.1	265578	265631	1
CP142617.1	265631	265633	0
CP142617.1	265633	265776	1
CP142617.1	265776	265823	0
CP142617.1	265823	265848	1
CP142617.1	265848	265861	0
CP142617.1	265861	265993	1
CP142617.1	265993	266009	0
CP142617.1	266009	266077	1
CP142617.1	266077	266105	2
CP142617.1	266105	266107	1
CP142617.1	266107	266136	2
CP142617.1	266136	266282	1
CP142617.1	266282	266335	2
CP142617.1	266335	266342	1
CP142617.1	266342	266344	2
CP142617.1	266344	266357	3
CP142617.1	266357	266358	1
CP142617.1	266358	266412	3
CP142617.1	266412	266427	2
CP142617.1	266427	266487	1
CP142617.1	266487	266499	0
CP142617.1	266499	266655	1
CP142617.1	266655	266658	0
CP142617.1	266658	266682	1
CP142617.1	266682	266683	0
CP142617.1	266683	266713	1
CP142617.1	266713	266821	2
CP142617.1	266821	266845	3
CP142617.1	266845	266846	2
CP142617.1	266846	266851	3
CP142617.1	266851	266860	4
CP142617.1	266860	266861	3
CP142617.1	266861	266870	4
CP142617.1	266870	266881	5
CP142617.1	266881	266885	4
CP142617.1	266885	266887	5
CP142617.1	266887	266888	4
CP142617.1	266888	266936	5
CP142617.1	266936	266982	4
CP142617.1	266982	267009	3
CP142617.1	267009	267079	2
CP142617.1	267079	267161	1
CP142617.1	267161	267484	0
CP142617.1	267484	267575	1
CP142617.1	267575	267584	2
CP142617.1	267584	267660	1
CP142617.1	267660	267841	0
CP142617.1	267841	268110	1
CP142617.1	268110	268218	2
CP142617.1	268218	268220	1
CP142617.1	268220	268254	2
CP142617.1	268254	268345	1
CP142617.1	268345	268356	2
CP142617.1	268356	268523	1
CP142617.1	268523	268524	0
CP142617.1	268524	268620	1
CP142617.1	268620	268634	0
CP142617.1	268634	268653	1
CP142617.1	268653	268666	2
CP142617.1	268666	268668	1
CP142617.1	268668	268741	2
CP142617.1	268741	268749	1
CP142617.1	268749	268808	2
CP142617.1	268808	268809	1
CP142617.1	268809	268827	2
CP142617.1	268827	268838	1
CP142617.1	268838	268841	2
CP142617.1	268841	269024	1
CP142617.1	269024	269073	2
CP142617.1	269073	269246	1
CP142617.1	269246	269247	0
CP142617.1	269247	269292	1
CP142617.1	269292	269323	2
CP142617.1	269323	269363	1
CP142617.1	269363	269473	0
CP142617.1	269473	269518	1
CP142617.1	269518	269533	2
CP142617.1	269533	269659	1
CP142617.1	269659	269677	0
CP142617.1	269677	269779	1
CP142617.1	269779	269883	0
CP142617.1	269883	269996	1
CP142617.1	269996	269997	0
CP142617.1	269997	270034	1
CP142617.1	270034	270239	0
CP142617.1	270239	270377	1
CP142617.1	270377	270466	2
CP142617.1	270466	270585	1
CP142617.1	270585	270586	0
CP142617.1	270586	270648	1
CP142617.1	270648	270658	0
CP142617.1	270658	270727	1
CP142617.1	270727	270782	0
CP142617.1	270782	270838	1
CP142617.1	270838	270895	0
CP142617.1	270895	270956	1
CP142617.1	270956	270992	0
CP142617.1	270992	271185	1
CP142617.1	271185	271218	2
CP142617.1	271218	271219	1
CP142617.1	271219	271253	2
CP142617.1	271253	271317	1
CP142617.1	271317	271318	0
CP142617.1	271318	271424	1
CP142617.1	271424	271434	2
CP142617.1	271434	271654	1
CP142617.1	271654	271856	0
CP142617.1	271856	271988	1
CP142617.1	271988	272016	2
CP142617.1	272016	272062	3
CP142617.1	272062	272075	4
CP142617.1	272075	272111	3
CP142617.1	272111	272220	2
CP142617.1	272220	272251	1
CP142617.1	272251	272252	0
CP142617.1	272252	272304	1
CP142617.1	272304	272382	0
CP142617.1	272382	272452	1
CP142617.1	272452	272549	0
CP142617.1	272549	272618	1
CP142617.1	272618	272693	0
CP142617.1	272693	272801	1
CP142617.1	272801	272858	2
CP142617.1	272858	272877	3
CP142617.1	272877	272885	4
CP142617.1	272885	272966	5
CP142617.1	272966	272991	4
CP142617.1	272991	272992	3
CP142617.1	272992	272994	2
CP142617.1	272994	273022	1
CP142617.1	273022	273152	0
CP142617.1	273152	273205	1
CP142617.1	273205	273385	2
CP142617.1	273385	273396	3
CP142617.1	273396	273414	2
CP142617.1	273414	273415	1
CP142617.1	273415	273416	0
CP142617.1	273416	273417	1
CP142617.1	273417	273430	2
CP142617.1	273430	273455	1
CP142617.1	273455	273522	0
CP142617.1	273522	273654	1
CP142617.1	273654	273666	0
CP142617.1	273666	273670	1
CP142617.1	273670	273671	0
CP142617.1	273671	273807	1
CP142617.1	273807	273864	2
CP142617.1	273864	273910	3
CP142617.1	273910	273919	2
CP142617.1	273919	273928	3
CP142617.1	273928	273988	2
CP142617.1	273988	273999	3
CP142617.1	273999	274015	2
CP142617.1	274015	274026	3
CP142617.1	274026	274060	2
CP142617.1	274060	274062	1
CP142617.1	274062	274070	0
CP142617.1	274070	274104	1
CP142617.1	274104	274121	2
CP142617.1	274121	274133	1
CP142617.1	274133	274136	0
CP142617.1	274136	274173	1
CP142617.1	274173	274190	2
CP142617.1	274190	274191	1
CP142617.1	274191	274251	2
CP142617.1	274251	274280	3
CP142617.1	274280	274281	2
CP142617.1	274281	274285	3
CP142617.1	274285	274387	2
CP142617.1	274387	274400	3
CP142617.1	274400	274412	2
CP142617.1	274412	274434	3
CP142617.1	274434	274473	2
CP142617.1	274473	274476	1
CP142617.1	274476	274502	2
CP142617.1	274502	274523	1
CP142617.1	274523	274589	2
CP142617.1	274589	274608	1
CP142617.1	274608	274653	2
CP142617.1	274653	274671	1
CP142617.1	274671	274678	2
CP142617.1	274678	274718	3
CP142617.1	274718	274726	2
CP142617.1	274726	274734	3
CP142617.1	274734	274766	2
CP142617.1	274766	274778	1
CP142617.1	274778	275008	0
CP142617.1	275008	275062	1
CP142617.1	275062	275147	2
CP142617.1	275147	275162	3
CP142617.1	275162	275189	4
CP142617.1	275189	275221	3
CP142617.1	275221	275232	2
CP142617.1	275232	275252	3
CP142617.1	275252	275331	2
CP142617.1	275331	275332	1
CP142617.1	275332	275436	2
CP142617.1	275436	275445	3
CP142617.1	275445	275495	2
CP142617.1	275495	275512	1
CP142617.1	275512	275589	2
CP142617.1	275589	275606	1
CP142617.1	275606	275656	0
CP142617.1	275656	275714	1
CP142617.1	275714	275885	0
CP142617.1	275885	276105	1
CP142617.1	276105	276147	0
CP142617.1	276147	276176	1
CP142617.1	276176	276251	2
CP142617.1	276251	276275	3
CP142617.1	276275	276399	1
CP142617.1	276399	276464	2
CP142617.1	276464	276465	1
CP142617.1	276465	276512	2
CP142617.1	276512	276548	3
CP142617.1	276548	276577	2
CP142617.1	276577	276580	1
CP142617.1	276580	276647	2
CP142617.1	276647	276657	3
CP142617.1	276657	276734	2
CP142617.1	276734	276772	1
CP142617.1	276772	276793	0
CP142617.1	276793	276847	1
CP142617.1	276847	276878	2
CP142617.1	276878	276889	1
CP142617.1	276889	276959	2
CP142617.1	276959	276977	3
CP142617.1	276977	277020	2
CP142617.1	277020	277021	1
CP142617.1	277021	277029	2
CP142617.1	277029	277038	1
CP142617.1	277038	277039	0
CP142617.1	277039	277127	1
CP142617.1	277127	277199	3
CP142617.1	277199	277204	4
CP142617.1	277204	277228	2
CP142617.1	277228	277327	1
CP142617.1	277327	277391	0
CP142617.1	277391	277451	1
CP142617.1	277451	277457	0
CP142617.1	277457	277529	1
CP142617.1	277529	277532	0
CP142617.1	277532	277611	1
CP142617.1	277611	277910	0
CP142617.1	277910	278014	1
CP142617.1	278014	278254	0
CP142617.1	278254	278287	1
CP142617.1	278287	278373	2
CP142617.1	278373	278375	3
CP142617.1	278375	278376	2
CP142617.1	278376	278431	3
CP142617.1	278431	278447	2
CP142617.1	278447	278696	1
CP142617.1	278696	278710	2
CP142617.1	278710	278711	1
CP142617.1	278711	278775	2
CP142617.1	278775	278818	1
CP142617.1	278818	278819	0
CP142617.1	278819	278863	1
CP142617.1	278863	278864	0
CP142617.1	278864	278932	1
CP142617.1	278932	279142	0
CP142617.1	279142	279207	1
CP142617.1	279207	279255	0
CP142617.1	279255	279286	1
CP142617.1	279286	279336	2
CP142617.1	279336	279344	3
CP142617.1	279344	279399	2
CP142617.1	279399	279618	1
CP142617.1	279618	279622	0
CP142617.1	279622	279687	1
CP142617.1	279687	279775	0
CP142617.1	279775	279823	1
CP142617.1	279823	279849	2
CP142617.1	279849	279869	1
CP142617.1	279869	280001	2
CP142617.1	280001	280028	3
CP142617.1	280028	280029	2
CP142617.1	280029	280035	3
CP142617.1	280035	280036	2
CP142617.1	280036	280071	3
CP142617.1	280071	280125	2
CP142617.1	280125	280135	1
CP142617.1	280135	280236	0
CP142617.1	280236	280342	1
CP142617.1	280342	280348	2
CP142617.1	280348	280397	1
CP142617.1	280397	280401	0
CP142617.1	280401	280489	1
CP142617.1	280489	280535	2
CP142617.1	280535	280596	3
CP142617.1	280596	280597	2
CP142617.1	280597	280599	3
CP142617.1	280599	280668	2
CP142617.1	280668	280674	1
CP142617.1	280674	280798	0
CP142617.1	280798	280887	1
CP142617.1	280887	280987	2
CP142617.1	280987	280996	1
CP142617.1	280996	281000	2
CP142617.1	281000	281015	1
CP142617.1	281015	281060	2
CP142617.1	281060	281116	1
CP142617.1	281116	281282	0
CP142617.1	281282	281302	1
CP142617.1	281302	281303	0
CP142617.1	281303	281345	1
CP142617.1	281345	281351	2
CP142617.1	281351	281379	3
CP142617.1	281379	281406	4
CP142617.1	281406	281415	3
CP142617.1	281415	281466	4
CP142617.1	281466	281478	3
CP142617.1	281478	281479	1
CP142617.1	281479	281480	2
CP142617.1	281480	281489	3
CP142617.1	281489	281492	2
CP142617.1	281492	281530	3
CP142617.1	281530	281547	2
CP142617.1	281547	281635	3
CP142617.1	281635	281710	2
CP142617.1	281710	281714	1
CP142617.1	281714	281742	2
CP142617.1	281742	281745	0
CP142617.1	281745	281775	2
CP142617.1	281775	281779	3
CP142617.1	281779	281795	2
CP142617.1	281795	281828	3
CP142617.1	281828	281894	2
CP142617.1	281894	281895	1
CP142617.1	281895	281952	2
CP142617.1	281952	282002	1
CP142617.1	282002	282003	0
CP142617.1	282003	282069	1
CP142617.1	282069	282181	0
CP142617.1	282181	282336	1
CP142617.1	282336	282353	2
CP142617.1	282353	282358	1
CP142617.1	282358	282427	2
CP142617.1	282427	282433	1
CP142617.1	282433	282444	2
CP142617.1	282444	282532	3
CP142617.1	282532	282550	2
CP142617.1	282550	282562	1
CP142617.1	282562	282637	0
CP142617.1	282637	282665	1
CP142617.1	282665	282666	0
CP142617.1	282666	282697	1
CP142617.1	282697	282767	2
CP142617.1	282767	282792	1
CP142617.1	282792	282817	2
CP142617.1	282817	282877	1
CP142617.1	282877	283009	0
CP142617.1	283009	283040	1
CP142617.1	283040	283043	0
CP142617.1	283043	283093	1
CP142617.1	283093	283129	2
CP142617.1	283129	283146	3
CP142617.1	283146	283173	4
CP142617.1	283173	283212	5
CP142617.1	283212	283213	4
CP142617.1	283213	283292	5
CP142617.1	283292	283300	4
CP142617.1	283300	283376	5
CP142617.1	283376	283387	4
CP142617.1	283387	283399	3
CP142617.1	283399	283415	4
CP142617.1	283415	283427	3
CP142617.1	283427	283484	2
CP142617.1	283484	283491	3
CP142617.1	283491	283536	2
CP142617.1	283536	283537	1
CP142617.1	283537	283587	2
CP142617.1	283587	283659	3
CP142617.1	283659	283697	2
CP142617.1	283697	283737	1
CP142617.1	283737	283788	2
CP142617.1	283788	283874	1
CP142617.1	283874	284010	0
CP142617.1	284010	284075	1
CP142617.1	284075	284127	2
CP142617.1	284127	284246	1
CP142617.1	284246	284371	0
CP142617.1	284371	284431	1
CP142617.1	284431	284579	0
CP142617.1	284579	284729	1
CP142617.1	284729	284741	2
CP142617.1	284741	284746	1
CP142617.1	284746	284763	2
CP142617.1	284763	284779	3
CP142617.1	284779	284818	2
CP142617.1	284818	284838	1
CP142617.1	284838	284841	0
CP142617.1	284841	284957	1
CP142617.1	284957	285071	0
CP142617.1	285071	285256	1
CP142617.1	285256	285285	2
CP142617.1	285285	285351	1
CP142617.1	285351	285352	0
CP142617.1	285352	285389	1
CP142617.1	285389	285504	0
CP142617.1	285504	285652	1
CP142617.1	285652	285773	0
CP142617.1	285773	285819	1
CP142617.1	285819	285822	0
CP142617.1	285822	285854	1
CP142617.1	285854	285876	2
CP142617.1	285876	285893	3
CP142617.1	285893	285918	4
CP142617.1	285918	285967	3
CP142617.1	285967	285969	2
CP142617.1	285969	285986	3
CP142617.1	285986	285994	2
CP142617.1	285994	285995	0
CP142617.1	285995	286029	2
CP142617.1	286029	286031	3
CP142617.1	286031	286054	2
CP142617.1	286054	286063	1
CP142617.1	286063	286072	2
CP142617.1	286072	286075	1
CP142617.1	286075	286115	2
CP142617.1	286115	286189	1
CP142617.1	286189	286241	2
CP142617.1	286241	286255	1
CP142617.1	286255	286292	0
CP142617.1	286292	286408	1
CP142617.1	286408	286411	0
CP142617.1	286411	286426	1
CP142617.1	286426	286476	2
CP142617.1	286476	286496	3
CP142617.1	286496	286497	2
CP142617.1	286497	286505	3
CP142617.1	286505	286506	2
CP142617.1	286506	286512	3
CP142617.1	286512	286514	0
CP142617.1	286514	286527	3
CP142617.1	286527	286528	0
CP142617.1	286528	286542	3
CP142617.1	286542	286586	4
CP142617.1	286586	286599	3
CP142617.1	286599	286621	4
CP142617.1	286621	286624	3
CP142617.1	286624	286642	4
CP142617.1	286642	286667	3
CP142617.1	286667	286679	2
CP142617.1	286679	286755	1
CP142617.1	286755	286765	0
CP142617.1	286765	286770	1
CP142617.1	286770	286822	2
CP142617.1	286822	286948	3
CP142617.1	286948	286949	2
CP142617.1	286949	286963	3
CP142617.1	286963	287124	0
CP142617.1	287124	287221	1
CP142617.1	287221	287224	0
CP142617.1	287224	287357	2
CP142617.1	287357	287426	1
CP142617.1	287426	287491	0
CP142617.1	287491	287495	1
CP142617.1	287495	287644	2
CP142617.1	287644	287646	3
CP142617.1	287646	287787	2
CP142617.1	287787	287817	3
CP142617.1	287817	287850	2
CP142617.1	287850	287881	3
CP142617.1	287881	287882	2
CP142617.1	287882	287910	3
CP142617.1	287910	287911	4
CP142617.1	287911	287912	3
CP142617.1	287912	288039	4
CP142617.1	288039	288040	3
CP142617.1	288040	288064	2
CP142617.1	288064	288073	1
CP142617.1	288073	288081	0
CP142617.1	288081	288102	1
CP142617.1	288102	288103	0
CP142617.1	288103	288117	1
CP142617.1	288117	288140	2
CP142617.1	288140	288155	1
CP142617.1	288155	288198	2
CP142617.1	288198	288227	1
CP142617.1	288227	288397	0
CP142617.1	288397	288466	1
CP142617.1	288466	288467	0
CP142617.1	288467	288480	1
CP142617.1	288480	288596	0
CP142617.1	288596	288710	1
CP142617.1	288710	288815	2
CP142617.1	288815	288830	1
CP142617.1	288830	288832	0
CP142617.1	288832	288852	1
CP142617.1	288852	288927	2
CP142617.1	288927	288982	0
CP142617.1	288982	288996	1
CP142617.1	288996	289013	2
CP142617.1	289013	289014	1
CP142617.1	289014	289049	2
CP142617.1	289049	289070	3
CP142617.1	289070	289155	4
CP142617.1	289155	289185	3
CP142617.1	289185	289190	2
CP142617.1	289190	289209	3
CP142617.1	289209	289249	1
CP142617.1	289249	289252	0
CP142617.1	289252	289315	1
CP142617.1	289315	289481	0
CP142617.1	289481	289523	1
CP142617.1	289523	289613	2
CP142617.1	289613	289712	1
CP142617.1	289712	289742	2
CP142617.1	289742	289785	3
CP142617.1	289785	289786	1
CP142617.1	289786	289789	2
CP142617.1	289789	289791	3
CP142617.1	289791	289801	2
CP142617.1	289801	289841	3
CP142617.1	289841	289914	2
CP142617.1	289914	289919	3
CP142617.1	289919	289931	4
CP142617.1	289931	289948	3
CP142617.1	289948	289949	2
CP142617.1	289949	289967	3
CP142617.1	289967	289968	1
CP142617.1	289968	289979	3
CP142617.1	289979	289999	2
CP142617.1	289999	290003	1
CP142617.1	290003	290096	2
CP142617.1	290096	290098	1
CP142617.1	290098	290106	2
CP142617.1	290106	290107	1
CP142617.1	290107	290110	2
CP142617.1	290110	290115	1
CP142617.1	290115	290151	2
CP142617.1	290151	290247	1
CP142617.1	290247	290248	0
CP142617.1	290248	290277	1
CP142617.1	290277	290289	2
CP142617.1	290289	290290	1
CP142617.1	290290	290323	2
CP142617.1	290323	290416	1
CP142617.1	290416	290417	0
CP142617.1	290417	290423	1
CP142617.1	290423	290424	0
CP142617.1	290424	290438	1
CP142617.1	290438	290439	2
CP142617.1	290439	290440	1
CP142617.1	290440	290493	2
CP142617.1	290493	290538	1
CP142617.1	290538	290541	0
CP142617.1	290541	290550	1
CP142617.1	290550	290567	2
CP142617.1	290567	290578	3
CP142617.1	290578	290590	2
CP142617.1	290590	290608	3
CP142617.1	290608	290609	0
CP142617.1	290609	290610	2
CP142617.1	290610	290628	3
CP142617.1	290628	290633	2
CP142617.1	290633	290638	3
CP142617.1	290638	290642	2
CP142617.1	290642	290644	3
CP142617.1	290644	290689	2
CP142617.1	290689	290691	0
CP142617.1	290691	290692	1
CP142617.1	290692	290702	2
CP142617.1	290702	290703	1
CP142617.1	290703	290728	2
CP142617.1	290728	290748	1
CP142617.1	290748	291037	0
CP142617.1	291037	291122	1
CP142617.1	291122	291123	0
CP142617.1	291123	291134	1
CP142617.1	291134	291139	2
CP142617.1	291139	291174	1
CP142617.1	291174	291264	0
CP142617.1	291264	291307	1
CP142617.1	291307	291312	2
CP142617.1	291312	291334	3
CP142617.1	291334	291405	2
CP142617.1	291405	291420	1
CP142617.1	291420	291526	2
CP142617.1	291526	291686	1
CP142617.1	291686	291807	2
CP142617.1	291807	291850	1
CP142617.1	291850	291865	0
CP142617.1	291865	291945	1
CP142617.1	291945	291946	0
CP142617.1	291946	291992	1
CP142617.1	291992	292089	0
CP142617.1	292089	292097	1
CP142617.1	292097	292121	2
CP142617.1	292121	292122	1
CP142617.1	292122	292123	0
CP142617.1	292123	292153	2
CP142617.1	292153	292167	3
CP142617.1	292167	292174	2
CP142617.1	292174	292175	1
CP142617.1	292175	292215	2
CP142617.1	292215	292260	1
CP142617.1	292260	292416	0
CP142617.1	292416	292453	1
CP142617.1	292453	292553	2
CP142617.1	292553	292567	1
CP142617.1	292567	292678	0
CP142617.1	292678	292734	1
CP142617.1	292734	293028	0
CP142617.1	293028	293100	1
CP142617.1	293100	293154	2
CP142617.1	293154	293164	3
CP142617.1	293164	293165	2
CP142617.1	293165	293200	3
CP142617.1	293200	293247	2
CP142617.1	293247	293258	3
CP142617.1	293258	293364	2
CP142617.1	293364	293425	1
CP142617.1	293425	293453	2
CP142617.1	293453	293454	1
CP142617.1	293454	293455	0
CP142617.1	293455	293494	2
CP142617.1	293494	293515	3
CP142617.1	293515	293518	4
CP142617.1	293518	293553	3
CP142617.1	293553	293561	2
CP142617.1	293561	293583	3
CP142617.1	293583	293613	4
CP142617.1	293613	293702	3
CP142617.1	293702	293717	2
CP142617.1	293717	293785	3
CP142617.1	293785	293787	4
CP142617.1	293787	293816	3
CP142617.1	293816	293824	2
CP142617.1	293824	293838	1
CP142617.1	293838	293868	2
CP142617.1	293868	293876	3
CP142617.1	293876	293916	2
CP142617.1	293916	293941	3
CP142617.1	293941	293960	2
CP142617.1	293960	294024	1
CP142617.1	294024	294073	2
CP142617.1	294073	294074	1
CP142617.1	294074	294083	2
CP142617.1	294083	294122	3
CP142617.1	294122	294143	2
CP142617.1	294143	294149	1
CP142617.1	294149	294247	2
CP142617.1	294247	294279	3
CP142617.1	294279	294288	2
CP142617.1	294288	294302	1
CP142617.1	294302	294376	2
CP142617.1	294376	294377	1
CP142617.1	294377	294384	2
CP142617.1	294384	294611	1
CP142617.1	294611	294951	0
CP142617.1	294951	295018	1
CP142617.1	295018	295030	2
CP142617.1	295030	295254	1
CP142617.1	295254	295262	2
CP142617.1	295262	295318	3
CP142617.1	295318	295342	2
CP142617.1	295342	295346	1
CP142617.1	295346	295448	2
CP142617.1	295448	295503	3
CP142617.1	295503	295519	4
CP142617.1	295519	295520	3
CP142617.1	295520	295537	4
CP142617.1	295537	295587	5
CP142617.1	295587	295598	4
CP142617.1	295598	295599	3
CP142617.1	295599	295625	4
CP142617.1	295625	295761	3
CP142617.1	295761	295796	2
CP142617.1	295796	295842	3
CP142617.1	295842	295857	2
CP142617.1	295857	295872	3
CP142617.1	295872	295887	4
CP142617.1	295887	295937	3
CP142617.1	295937	295939	1
CP142617.1	295939	295952	2
CP142617.1	295952	295955	1
CP142617.1	295955	295962	2
CP142617.1	295962	295963	1
CP142617.1	295963	295987	2
CP142617.1	295987	295996	1
CP142617.1	295996	296015	2
CP142617.1	296015	296018	1
CP142617.1	296018	296050	2
CP142617.1	296050	296062	1
CP142617.1	296062	296080	2
CP142617.1	296080	296123	3
CP142617.1	296123	296124	2
CP142617.1	296124	296161	3
CP142617.1	296161	296164	2
CP142617.1	296164	296180	3
CP142617.1	296180	296200	2
CP142617.1	296200	296263	3
CP142617.1	296263	296291	4
CP142617.1	296291	296293	3
CP142617.1	296293	296330	4
CP142617.1	296330	296343	3
CP142617.1	296343	296344	2
CP142617.1	296344	296345	1
CP142617.1	296345	296376	2
CP142617.1	296376	296499	1
CP142617.1	296499	296507	0
CP142617.1	296507	296546	1
CP142617.1	296546	296625	0
CP142617.1	296625	296682	2
CP142617.1	296682	296685	1
CP142617.1	296685	296696	2
CP142617.1	296696	296741	1
CP142617.1	296741	296813	0
CP142617.1	296813	296919	1
CP142617.1	296919	296942	0
CP142617.1	296942	296945	1
CP142617.1	296945	296986	2
CP142617.1	296986	296987	1
CP142617.1	296987	297086	2
CP142617.1	297086	297093	1
CP142617.1	297093	297123	2
CP142617.1	297123	297128	1
CP142617.1	297128	297134	2
CP142617.1	297134	297174	1
CP142617.1	297174	297203	2
CP142617.1	297203	297204	1
CP142617.1	297204	297239	2
CP142617.1	297239	297261	3
CP142617.1	297261	297272	2
CP142617.1	297272	297355	3
CP142617.1	297355	297401	2
CP142617.1	297401	297421	3
CP142617.1	297421	297481	2
CP142617.1	297481	297499	1
CP142617.1	297499	297556	0
CP142617.1	297556	297621	1
CP142617.1	297621	297624	0
CP142617.1	297624	297651	1
CP142617.1	297651	297652	2
CP142617.1	297652	297744	1
CP142617.1	297744	297761	0
CP142617.1	297761	297803	1
CP142617.1	297803	297804	0
CP142617.1	297804	297896	1
CP142617.1	297896	298001	0
CP142617.1	298001	298019	1
CP142617.1	298019	298020	0
CP142617.1	298020	298062	1
CP142617.1	298062	298063	0
CP142617.1	298063	298075	1
CP142617.1	298075	298076	2
CP142617.1	298076	298105	1
CP142617.1	298105	298114	2
CP142617.1	298114	298176	3
CP142617.1	298176	298177	2
CP142617.1	298177	298183	3
CP142617.1	298183	298222	2
CP142617.1	298222	298224	3
CP142617.1	298224	298225	2
CP142617.1	298225	298237	3
CP142617.1	298237	298252	2
CP142617.1	298252	298255	1
CP142617.1	298255	298276	2
CP142617.1	298276	298279	1
CP142617.1	298279	298285	0
CP142617.1	298285	298302	2
CP142617.1	298302	298321	1
CP142617.1	298321	298335	2
CP142617.1	298335	298343	3
CP142617.1	298343	298344	4
CP142617.1	298344	298365	3
CP142617.1	298365	298399	2
CP142617.1	298399	298400	0
CP142617.1	298400	298402	1
CP142617.1	298402	298475	2
CP142617.1	298475	298515	1
CP142617.1	298515	298517	0
CP142617.1	298517	298601	1
CP142617.1	298601	298628	0
CP142617.1	298628	298694	1
CP142617.1	298694	298729	0
CP142617.1	298729	298817	1
CP142617.1	298817	299000	0
CP142617.1	299000	299128	1
CP142617.1	299128	299351	0
CP142617.1	299351	299597	1
CP142617.1	299597	299605	0
CP142617.1	299605	299628	1
CP142617.1	299628	299653	2
CP142617.1	299653	299674	3
CP142617.1	299674	299736	2
CP142617.1	299736	299738	1
CP142617.1	299738	299740	2
CP142617.1	299740	299741	1
CP142617.1	299741	299751	2
CP142617.1	299751	299775	3
CP142617.1	299775	299822	2
CP142617.1	299822	299824	1
CP142617.1	299824	299856	2
CP142617.1	299856	299882	1
CP142617.1	299882	299883	0
CP142617.1	299883	300045	1
CP142617.1	300045	300051	2
CP142617.1	300051	300099	1
CP142617.1	300099	300132	0
CP142617.1	300132	300253	1
CP142617.1	300253	300285	0
CP142617.1	300285	300347	1
CP142617.1	300347	300410	2
CP142617.1	300410	300606	1
CP142617.1	300606	300613	2
CP142617.1	300613	300615	1
CP142617.1	300615	300662	2
CP142617.1	300662	300665	1
CP142617.1	300665	300685	2
CP142617.1	300685	300808	1
CP142617.1	300808	301059	0
CP142617.1	301059	301288	1
CP142617.1	301288	301350	2
CP142617.1	301350	301363	1
CP142617.1	301363	301382	2
CP142617.1	301382	301422	3
CP142617.1	301422	301488	2
CP142617.1	301488	301509	3
CP142617.1	301509	301541	2
CP142617.1	301541	301562	1
CP142617.1	301562	301652	2
CP142617.1	301652	301670	1
CP142617.1	301670	301760	0
CP142617.1	301760	301772	1
CP142617.1	301772	301838	2
CP142617.1	301838	301862	1
CP142617.1	301862	301938	2
CP142617.1	301938	302045	1
CP142617.1	302045	302050	2
CP142617.1	302050	302121	3
CP142617.1	302121	302151	2
CP142617.1	302151	302170	1
CP142617.1	302170	302211	2
CP142617.1	302211	302287	1
CP142617.1	302287	302529	0
CP142617.1	302529	302557	1
CP142617.1	302557	302559	0
CP142617.1	302559	302673	1
CP142617.1	302673	302676	0
CP142617.1	302676	302728	1
CP142617.1	302728	302743	0
CP142617.1	302743	302778	1
CP142617.1	302778	302798	0
CP142617.1	302798	302816	1
CP142617.1	302816	302831	2
CP142617.1	302831	302843	3
CP142617.1	302843	302957	4
CP142617.1	302957	302980	3
CP142617.1	302980	302981	2
CP142617.1	302981	302982	3
CP142617.1	302982	302990	4
CP142617.1	302990	303036	3
CP142617.1	303036	303037	2
CP142617.1	303037	303040	3
CP142617.1	303040	303052	4
CP142617.1	303052	303070	5
CP142617.1	303070	303071	1
CP142617.1	303071	303072	4
CP142617.1	303072	303077	5
CP142617.1	303077	303141	4
CP142617.1	303141	303158	3
CP142617.1	303158	303190	2
CP142617.1	303190	303268	1
CP142617.1	303268	303305	2
CP142617.1	303305	303306	1
CP142617.1	303306	303325	2
CP142617.1	303325	303338	3
CP142617.1	303338	303395	2
CP142617.1	303395	303457	3
CP142617.1	303457	303496	2
CP142617.1	303496	303497	1
CP142617.1	303497	303520	2
CP142617.1	303520	303571	1
CP142617.1	303571	303661	0
CP142617.1	303661	303811	1
CP142617.1	303811	303849	2
CP142617.1	303849	303856	3
CP142617.1	303856	303859	2
CP142617.1	303859	303881	1
CP142617.1	303881	303891	2
CP142617.1	303891	303892	1
CP142617.1	303892	303946	2
CP142617.1	303946	303954	1
CP142617.1	303954	304101	0
CP142617.1	304101	304183	1
CP142617.1	304183	304184	0
CP142617.1	304184	304218	1
CP142617.1	304218	304248	2
CP142617.1	304248	304249	0
CP142617.1	304249	304250	1
CP142617.1	304250	304283	2
CP142617.1	304283	304289	1
CP142617.1	304289	304340	0
CP142617.1	304340	304392	1
CP142617.1	304392	304397	0
CP142617.1	304397	304424	1
CP142617.1	304424	304446	2
CP142617.1	304446	304447	1
CP142617.1	304447	304460	2
CP142617.1	304460	304462	1
CP142617.1	304462	304466	2
CP142617.1	304466	304469	1
CP142617.1	304469	304478	2
CP142617.1	304478	304503	3
CP142617.1	304503	304533	2
CP142617.1	304533	304546	1
CP142617.1	304546	304600	2
CP142617.1	304600	304617	1
CP142617.1	304617	304621	2
CP142617.1	304621	304705	3
CP142617.1	304705	304761	2
CP142617.1	304761	304763	1
CP142617.1	304763	304781	2
CP142617.1	304781	304816	1
CP142617.1	304816	304837	2
CP142617.1	304837	304856	3
CP142617.1	304856	304905	4
CP142617.1	304905	304918	5
CP142617.1	304918	304924	4
CP142617.1	304924	304925	2
CP142617.1	304925	304930	3
CP142617.1	304930	304963	2
CP142617.1	304963	304975	1
CP142617.1	304975	305008	2
CP142617.1	305008	305163	1
CP142617.1	305163	305224	2
CP142617.1	305224	305239	1
CP142617.1	305239	305349	0
CP142617.1	305349	305537	1
CP142617.1	305537	305628	0
CP142617.1	305628	305737	1
CP142617.1	305737	305738	0
CP142617.1	305738	305814	1
CP142617.1	305814	305815	2
CP142617.1	305815	305846	1
CP142617.1	305846	305924	0
CP142617.1	305924	306137	1
CP142617.1	306137	306161	2
CP142617.1	306161	306167	0
CP142617.1	306167	306168	1
CP142617.1	306168	306225	2
CP142617.1	306225	306250	1
CP142617.1	306250	306251	0
CP142617.1	306251	306264	1
CP142617.1	306264	306304	2
CP142617.1	306304	306315	1
CP142617.1	306315	306390	0
CP142617.1	306390	306425	1
CP142617.1	306425	306451	2
CP142617.1	306451	306475	3
CP142617.1	306475	306476	1
CP142617.1	306476	306514	3
CP142617.1	306514	306547	4
CP142617.1	306547	306557	5
CP142617.1	306557	306559	4
CP142617.1	306559	306564	5
CP142617.1	306564	306616	6
CP142617.1	306616	306650	5
CP142617.1	306650	306651	4
CP142617.1	306651	306712	2
CP142617.1	306712	306862	1
CP142617.1	306862	306902	0
CP142617.1	306902	307033	1
CP142617.1	307033	307048	0
CP142617.1	307048	307102	1
CP142617.1	307102	307105	0
CP142617.1	307105	307115	1
CP142617.1	307115	307116	0
CP142617.1	307116	307119	1
CP142617.1	307119	307135	2
CP142617.1	307135	307174	3
CP142617.1	307174	307195	1
CP142617.1	307195	307244	3
CP142617.1	307244	307255	2
CP142617.1	307255	307286	3
CP142617.1	307286	307288	4
CP142617.1	307288	307289	3
CP142617.1	307289	307290	2
CP142617.1	307290	307300	4
CP142617.1	307300	307304	5
CP142617.1	307304	307363	6
CP142617.1	307363	307403	5
CP142617.1	307403	307427	4
CP142617.1	307427	307429	3
CP142617.1	307429	307440	4
CP142617.1	307440	307443	3
CP142617.1	307443	307450	2
CP142617.1	307450	307477	3
CP142617.1	307477	307480	1
CP142617.1	307480	307572	0
CP142617.1	307572	307642	2
CP142617.1	307642	307647	1
CP142617.1	307647	307652	0
CP142617.1	307652	307656	1
CP142617.1	307656	307738	2
CP142617.1	307738	307742	1
CP142617.1	307742	307745	0
CP142617.1	307745	307789	1
CP142617.1	307789	308268	0
CP142617.1	308268	308409	1
CP142617.1	308409	308413	0
CP142617.1	308413	308468	1
CP142617.1	308468	308491	0
CP142617.1	308491	308540	1
CP142617.1	308540	308541	0
CP142617.1	308541	308542	1
CP142617.1	308542	308563	2
CP142617.1	308563	308565	3
CP142617.1	308565	308657	2
CP142617.1	308657	308666	1
CP142617.1	308666	308677	0
CP142617.1	308677	308708	1
CP142617.1	308708	308721	2
CP142617.1	308721	308768	3
CP142617.1	308768	308777	4
CP142617.1	308777	308790	3
CP142617.1	308790	308804	4
CP142617.1	308804	308811	3
CP142617.1	308811	308844	4
CP142617.1	308844	308862	3
CP142617.1	308862	308863	2
CP142617.1	308863	308876	3
CP142617.1	308876	308943	2
CP142617.1	308943	308975	1
CP142617.1	308975	308990	0
CP142617.1	308990	309012	1
CP142617.1	309012	309016	0
CP142617.1	309016	309086	1
CP142617.1	309086	309109	2
CP142617.1	309109	309187	1
CP142617.1	309187	309253	2
CP142617.1	309253	309386	1
CP142617.1	309386	309498	0
CP142617.1	309498	309648	1
CP142617.1	309648	309696	0
CP142617.1	309696	309732	1
CP142617.1	309732	309849	2
CP142617.1	309849	309884	1
CP142617.1	309884	310092	0
CP142617.1	310092	310232	1
CP142617.1	310232	310265	2
CP142617.1	310265	310273	3
CP142617.1	310273	310296	4
CP142617.1	310296	310333	3
CP142617.1	310333	310350	4
CP142617.1	310350	310351	3
CP142617.1	310351	310372	4
CP142617.1	310372	310373	2
CP142617.1	310373	310434	4
CP142617.1	310434	310438	3
CP142617.1	310438	310477	2
CP142617.1	310477	310483	1
CP142617.1	310483	310568	2
CP142617.1	310568	310627	1
CP142617.1	310627	310675	2
CP142617.1	310675	310685	3
CP142617.1	310685	310687	4
CP142617.1	310687	310735	3
CP142617.1	310735	310816	2
CP142617.1	310816	310821	1
CP142617.1	310821	310848	0
CP142617.1	310848	310911	1
CP142617.1	310911	310912	0
CP142617.1	310912	310951	1
CP142617.1	310951	310953	0
CP142617.1	310953	310986	1
CP142617.1	310986	311007	2
CP142617.1	311007	311008	1
CP142617.1	311008	311020	2
CP142617.1	311020	311081	3
CP142617.1	311081	311082	2
CP142617.1	311082	311103	3
CP142617.1	311103	311202	4
CP142617.1	311202	311227	3
CP142617.1	311227	311304	2
CP142617.1	311304	311306	1
CP142617.1	311306	311308	2
CP142617.1	311308	311348	3
CP142617.1	311348	311384	2
CP142617.1	311384	311388	1
CP142617.1	311388	311421	2
CP142617.1	311421	311422	1
CP142617.1	311422	311450	2
CP142617.1	311450	311459	1
CP142617.1	311459	311527	2
CP142617.1	311527	311538	1
CP142617.1	311538	311810	0
CP142617.1	311810	311912	1
CP142617.1	311912	311915	0
CP142617.1	311915	311951	1
CP142617.1	311951	311992	2
CP142617.1	311992	311995	1
CP142617.1	311995	311998	2
CP142617.1	311998	312009	3
CP142617.1	312009	312035	2
CP142617.1	312035	312065	1
CP142617.1	312065	312093	0
CP142617.1	312093	312104	1
CP142617.1	312104	312110	2
CP142617.1	312110	312131	3
CP142617.1	312131	312133	2
CP142617.1	312133	312155	3
CP142617.1	312155	312162	4
CP142617.1	312162	312163	3
CP142617.1	312163	312198	4
CP142617.1	312198	312229	3
CP142617.1	312229	312288	2
CP142617.1	312288	312508	1
CP142617.1	312508	312537	2
CP142617.1	312537	312563	1
CP142617.1	312563	312640	0
CP142617.1	312640	312713	1
CP142617.1	312713	312714	0
CP142617.1	312714	312812	1
CP142617.1	312812	312855	2
CP142617.1	312855	313121	1
CP142617.1	313121	313144	0
CP142617.1	313144	313216	1
CP142617.1	313216	313275	2
CP142617.1	313275	313338	1
CP142617.1	313338	313339	0
CP142617.1	313339	313369	1
CP142617.1	313369	313370	0
CP142617.1	313370	313373	1
CP142617.1	313373	313374	0
CP142617.1	313374	313386	1
CP142617.1	313386	313485	2
CP142617.1	313485	313523	3
CP142617.1	313523	313675	2
CP142617.1	313675	313732	1
CP142617.1	313732	313806	2
CP142617.1	313806	313870	1
CP142617.1	313870	314000	0
CP142617.1	314000	314094	1
CP142617.1	314094	314148	2
CP142617.1	314148	314157	1
CP142617.1	314157	314206	2
CP142617.1	314206	314260	1
CP142617.1	314260	314271	2
CP142617.1	314271	314307	1
CP142617.1	314307	314345	2
CP142617.1	314345	314379	1
CP142617.1	314379	314416	0
CP142617.1	314416	314467	1
CP142617.1	314467	314474	2
CP142617.1	314474	314475	1
CP142617.1	314475	314495	2
CP142617.1	314495	314497	3
CP142617.1	314497	314499	2
CP142617.1	314499	314500	1
CP142617.1	314500	314521	2
CP142617.1	314521	314551	3
CP142617.1	314551	314552	2
CP142617.1	314552	314558	3
CP142617.1	314558	314559	2
CP142617.1	314559	314563	3
CP142617.1	314563	314620	4
CP142617.1	314620	314629	3
CP142617.1	314629	314635	2
CP142617.1	314635	314751	1
CP142617.1	314751	314865	0
CP142617.1	314865	314879	1
CP142617.1	314879	314899	2
CP142617.1	314899	314902	1
CP142617.1	314902	315011	2
CP142617.1	315011	315030	1
CP142617.1	315030	315511	0
CP142617.1	315511	315555	1
CP142617.1	315555	315619	0
CP142617.1	315619	315659	1
CP142617.1	315659	315666	0
CP142617.1	315666	315801	1
CP142617.1	315801	315813	0
CP142617.1	315813	315820	1
CP142617.1	315820	315866	2
CP142617.1	315866	315900	1
CP142617.1	315900	315978	2
CP142617.1	315978	315980	1
CP142617.1	315980	315982	0
CP142617.1	315982	316010	1
CP142617.1	316010	316034	2
CP142617.1	316034	316035	1
CP142617.1	316035	316073	2
CP142617.1	316073	316085	1
CP142617.1	316085	316093	0
CP142617.1	316093	316131	1
CP142617.1	316131	316132	0
CP142617.1	316132	316208	1
CP142617.1	316208	316302	2
CP142617.1	316302	316402	1
CP142617.1	316402	316465	0
CP142617.1	316465	316556	1
CP142617.1	316556	316795	0
CP142617.1	316795	316844	1
CP142617.1	316844	316846	0
CP142617.1	316846	316860	1
CP142617.1	316860	316869	2
CP142617.1	316869	316888	1
CP142617.1	316888	317015	2
CP142617.1	317015	317021	1
CP142617.1	317021	317074	2
CP142617.1	317074	317076	1
CP142617.1	317076	317101	2
CP142617.1	317101	317103	1
CP142617.1	317103	317107	0
CP142617.1	317107	317159	1
CP142617.1	317159	317211	0
CP142617.1	317211	317377	1
CP142617.1	317377	317392	2
CP142617.1	317392	317422	3
CP142617.1	317422	317425	2
CP142617.1	317425	317430	1
CP142617.1	317430	317478	2
CP142617.1	317478	317511	1
CP142617.1	317511	317518	2
CP142617.1	317518	317545	1
CP142617.1	317545	317548	0
CP142617.1	317548	317619	1
CP142617.1	317619	317723	0
CP142617.1	317723	317731	1
CP142617.1	317731	317732	0
CP142617.1	317732	317761	1
CP142617.1	317761	317762	0
CP142617.1	317762	317798	1
CP142617.1	317798	317810	2
CP142617.1	317810	317946	3
CP142617.1	317946	318018	2
CP142617.1	318018	318089	3
CP142617.1	318089	318178	2
CP142617.1	318178	318231	1
CP142617.1	318231	318290	2
CP142617.1	318290	318291	3
CP142617.1	318291	318412	2
CP142617.1	318412	318427	3
CP142617.1	318427	318449	4
CP142617.1	318449	318453	5
CP142617.1	318453	318489	4
CP142617.1	318489	318499	2
CP142617.1	318499	318500	1
CP142617.1	318500	318564	2
CP142617.1	318564	318649	3
CP142617.1	318649	318677	4
CP142617.1	318677	318686	3
CP142617.1	318686	318699	4
CP142617.1	318699	318703	3
CP142617.1	318703	318735	4
CP142617.1	318735	318739	3
CP142617.1	318739	318740	2
CP142617.1	318740	318748	3
CP142617.1	318748	318788	4
CP142617.1	318788	318804	3
CP142617.1	318804	318819	2
CP142617.1	318819	318973	1
CP142617.1	318973	319481	0
CP142617.1	319481	319566	1
CP142617.1	319566	319567	0
CP142617.1	319567	319590	1
CP142617.1	319590	319594	0
CP142617.1	319594	319646	1
CP142617.1	319646	319707	2
CP142617.1	319707	319754	1
CP142617.1	319754	319790	0
CP142617.1	319790	320062	1
CP142617.1	320062	320089	2
CP142617.1	320089	320163	1
CP142617.1	320163	320192	2
CP142617.1	320192	320208	3
CP142617.1	320208	320209	2
CP142617.1	320209	320220	3
CP142617.1	320220	320259	4
CP142617.1	320259	320285	3
CP142617.1	320285	320317	4
CP142617.1	320317	320318	3
CP142617.1	320318	320357	4
CP142617.1	320357	320358	0
CP142617.1	320358	320370	4
CP142617.1	320370	320403	3
CP142617.1	320403	320408	2
CP142617.1	320408	320414	3
CP142617.1	320414	320418	2
CP142617.1	320418	320423	3
CP142617.1	320423	320425	2
CP142617.1	320425	320428	3
CP142617.1	320428	320432	2
CP142617.1	320432	320433	1
CP142617.1	320433	320513	2
CP142617.1	320513	320517	1
CP142617.1	320517	320560	2
CP142617.1	320560	320566	1
CP142617.1	320566	320567	0
CP142617.1	320567	320676	1
CP142617.1	320676	320678	0
CP142617.1	320678	320690	1
CP142617.1	320690	320747	2
CP142617.1	320747	320874	1
CP142617.1	320874	320883	0
CP142617.1	320883	320966	1
CP142617.1	320966	321158	0
CP142617.1	321158	321213	1
CP142617.1	321213	321214	0
CP142617.1	321214	321243	1
CP142617.1	321243	321319	2
CP142617.1	321319	321335	3
CP142617.1	321335	321426	2
CP142617.1	321426	321428	1
CP142617.1	321428	321450	2
CP142617.1	321450	321494	1
CP142617.1	321494	321622	2
CP142617.1	321622	321623	1
CP142617.1	321623	321655	2
CP142617.1	321655	321744	1
CP142617.1	321744	321792	2
CP142617.1	321792	321809	1
CP142617.1	321809	321812	0
CP142617.1	321812	321888	1
CP142617.1	321888	322132	0
CP142617.1	322132	322225	1
CP142617.1	322225	322475	0
CP142617.1	322475	322526	2
CP142617.1	322526	322690	1
CP142617.1	322690	322741	2
CP142617.1	322741	322761	3
CP142617.1	322761	322766	2
CP142617.1	322766	322769	3
CP142617.1	322769	322798	4
CP142617.1	322798	322820	3
CP142617.1	322820	322872	2
CP142617.1	322872	322925	1
CP142617.1	322925	322926	0
CP142617.1	322926	322950	1
CP142617.1	322950	323022	2
CP142617.1	323022	323046	1
CP142617.1	323046	323050	0
CP142617.1	323050	323079	2
CP142617.1	323079	323088	3
CP142617.1	323088	323089	2
CP142617.1	323089	323136	3
CP142617.1	323136	323144	2
CP142617.1	323144	323200	3
CP142617.1	323200	323220	2
CP142617.1	323220	323285	1
CP142617.1	323285	323286	0
CP142617.1	323286	323314	1
CP142617.1	323314	323330	2
CP142617.1	323330	323402	3
CP142617.1	323402	323411	2
CP142617.1	323411	323418	1
CP142617.1	323418	323468	2
CP142617.1	323468	323503	1
CP142617.1	323503	323572	2
CP142617.1	323572	323576	1
CP142617.1	323576	323579	0
CP142617.1	323579	323673	1
CP142617.1	323673	323674	2
CP142617.1	323674	323779	1
CP142617.1	323779	323787	2
CP142617.1	323787	323810	3
CP142617.1	323810	323849	4
CP142617.1	323849	323850	3
CP142617.1	323850	323887	4
CP142617.1	323887	323913	3
CP142617.1	323913	323938	2
CP142617.1	323938	323958	1
CP142617.1	323958	323974	0
CP142617.1	323974	324042	1
CP142617.1	324042	324441	0
CP142617.1	324441	324620	1
CP142617.1	324620	324623	0
CP142617.1	324623	324627	1
CP142617.1	324627	324643	2
CP142617.1	324643	324679	1
CP142617.1	324679	324695	2
CP142617.1	324695	324723	3
CP142617.1	324723	324821	2
CP142617.1	324821	324822	1
CP142617.1	324822	325042	2
CP142617.1	325042	325071	1
CP142617.1	325071	325085	0
CP142617.1	325085	325151	1
CP142617.1	325151	325182	0
CP142617.1	325182	325451	1
CP142617.1	325451	325509	0
CP142617.1	325509	325819	1
CP142617.1	325819	325941	0
CP142617.1	325941	326048	1
CP142617.1	326048	326050	0
CP142617.1	326050	326080	1
CP142617.1	326080	326118	0
CP142617.1	326118	326176	1
CP142617.1	326176	326232	2
CP142617.1	326232	326233	0
CP142617.1	326233	326258	2
CP142617.1	326258	326259	1
CP142617.1	326259	326280	2
CP142617.1	326280	326391	1
CP142617.1	326391	326445	0
CP142617.1	326445	326470	1
CP142617.1	326470	326471	0
CP142617.1	326471	326611	1
CP142617.1	326611	326688	0
CP142617.1	326688	326876	1
CP142617.1	326876	326937	0
CP142617.1	326937	326977	1
CP142617.1	326977	327008	0
CP142617.1	327008	327065	1
CP142617.1	327065	327066	0
CP142617.1	327066	327319	1
CP142617.1	327319	327329	0
CP142617.1	327329	327362	1
CP142617.1	327362	327391	2
CP142617.1	327391	327397	1
CP142617.1	327397	327414	2
CP142617.1	327414	327424	3
CP142617.1	327424	327440	2
CP142617.1	327440	327459	3
CP142617.1	327459	327469	2
CP142617.1	327469	327528	1
CP142617.1	327528	327537	0
CP142617.1	327537	327556	1
CP142617.1	327556	327557	0
CP142617.1	327557	327655	1
CP142617.1	327655	327656	0
CP142617.1	327656	327674	1
CP142617.1	327674	327675	0
CP142617.1	327675	327704	1
CP142617.1	327704	327745	2
CP142617.1	327745	327959	1
CP142617.1	327959	328153	0
CP142617.1	328153	328171	1
CP142617.1	328171	328275	2
CP142617.1	328275	328345	1
CP142617.1	328345	328698	0
CP142617.1	328698	328785	1
CP142617.1	328785	328841	0
CP142617.1	328841	328900	1
CP142617.1	328900	328938	0
CP142617.1	328938	328999	1
CP142617.1	328999	329017	2
CP142617.1	329017	329118	1
CP142617.1	329118	329250	0
CP142617.1	329250	329268	1
CP142617.1	329268	329288	3
CP142617.1	329288	329293	2
CP142617.1	329293	329295	3
CP142617.1	329295	329306	4
CP142617.1	329306	329308	3
CP142617.1	329308	329316	4
CP142617.1	329316	329328	3
CP142617.1	329328	329373	2
CP142617.1	329373	329447	1
CP142617.1	329447	329450	2
CP142617.1	329450	329451	1
CP142617.1	329451	329453	2
CP142617.1	329453	329463	1
CP142617.1	329463	329501	2
CP142617.1	329501	329504	1
CP142617.1	329504	329507	0
CP142617.1	329507	329537	1
CP142617.1	329537	329541	2
CP142617.1	329541	329659	1
CP142617.1	329659	329684	0
CP142617.1	329684	329713	1
CP142617.1	329713	329729	2
CP142617.1	329729	329731	3
CP142617.1	329731	329782	4
CP142617.1	329782	329786	3
CP142617.1	329786	329855	2
CP142617.1	329855	329862	1
CP142617.1	329862	329863	0
CP142617.1	329863	329942	1
CP142617.1	329942	329990	0
CP142617.1	329990	330081	1
CP142617.1	330081	330217	0
CP142617.1	330217	330233	1
CP142617.1	330233	330247	2
CP142617.1	330247	330255	3
CP142617.1	330255	330256	2
CP142617.1	330256	330298	3
CP142617.1	330298	330356	2
CP142617.1	330356	330464	1
CP142617.1	330464	330493	2
CP142617.1	330493	330520	1
CP142617.1	330520	330530	0
CP142617.1	330530	330547	1
CP142617.1	330547	330600	2
CP142617.1	330600	330634	1
CP142617.1	330634	330762	2
CP142617.1	330762	330764	1
CP142617.1	330764	330784	2
CP142617.1	330784	330897	3
CP142617.1	330897	330898	2
CP142617.1	330898	330922	3
CP142617.1	330922	330927	4
CP142617.1	330927	330931	3
CP142617.1	330931	330932	2
CP142617.1	330932	330992	3
CP142617.1	330992	331018	2
CP142617.1	331018	331019	1
CP142617.1	331019	331049	2
CP142617.1	331049	331101	3
CP142617.1	331101	331103	4
CP142617.1	331103	331196	5
CP142617.1	331196	331198	4
CP142617.1	331198	331199	5
CP142617.1	331199	331200	4
CP142617.1	331200	331201	3
CP142617.1	331201	331206	2
CP142617.1	331206	331212	1
CP142617.1	331212	331213	0
CP142617.1	331213	331229	2
CP142617.1	331229	331235	3
CP142617.1	331235	331239	2
CP142617.1	331239	331264	3
CP142617.1	331264	331265	2
CP142617.1	331265	331312	3
CP142617.1	331312	331313	2
CP142617.1	331313	331399	1
CP142617.1	331399	331783	0
CP142617.1	331783	331842	1
CP142617.1	331842	331974	0
CP142617.1	331974	331978	1
CP142617.1	331978	331979	0
CP142617.1	331979	332064	1
CP142617.1	332064	332130	2
CP142617.1	332130	332131	0
CP142617.1	332131	332144	1
CP142617.1	332144	332159	2
CP142617.1	332159	332186	3
CP142617.1	332186	332218	2
CP142617.1	332218	332352	1
CP142617.1	332352	332368	2
CP142617.1	332368	332370	1
CP142617.1	332370	332395	2
CP142617.1	332395	332407	1
CP142617.1	332407	332413	0
CP142617.1	332413	332434	1
CP142617.1	332434	332668	0
CP142617.1	332668	332743	1
CP142617.1	332743	332764	2
CP142617.1	332764	332767	1
CP142617.1	332767	332814	2
CP142617.1	332814	332864	1
CP142617.1	332864	332923	0
CP142617.1	332923	332979	1
CP142617.1	332979	333038	2
CP142617.1	333038	333147	1
CP142617.1	333147	333215	0
CP142617.1	333215	333233	1
CP142617.1	333233	333302	2
CP142617.1	333302	333400	1
CP142617.1	333400	333401	0
CP142617.1	333401	333404	1
CP142617.1	333404	333421	2
CP142617.1	333421	333422	0
CP142617.1	333422	333455	2
CP142617.1	333455	333456	1
CP142617.1	333456	333531	2
CP142617.1	333531	333544	1
CP142617.1	333544	333545	0
CP142617.1	333545	333572	1
CP142617.1	333572	333617	2
CP142617.1	333617	333648	3
CP142617.1	333648	333653	2
CP142617.1	333653	333694	3
CP142617.1	333694	333699	2
CP142617.1	333699	333702	1
CP142617.1	333702	333770	2
CP142617.1	333770	333896	1
CP142617.1	333896	333908	0
CP142617.1	333908	333910	1
CP142617.1	333910	333983	2
CP142617.1	333983	334003	3
CP142617.1	334003	334006	2
CP142617.1	334006	334048	3
CP142617.1	334048	334061	4
CP142617.1	334061	334062	3
CP142617.1	334062	334069	4
CP142617.1	334069	334070	3
CP142617.1	334070	334077	4
CP142617.1	334077	334105	3
CP142617.1	334105	334172	2
CP142617.1	334172	334239	1
CP142617.1	334239	334306	2
CP142617.1	334306	334307	1
CP142617.1	334307	334363	2
CP142617.1	334363	334394	1
CP142617.1	334394	334409	2
CP142617.1	334409	334411	1
CP142617.1	334411	334433	2
CP142617.1	334433	334434	1
CP142617.1	334434	334473	2
CP142617.1	334473	334500	1
CP142617.1	334500	334511	0
CP142617.1	334511	334601	1
CP142617.1	334601	334724	2
CP142617.1	334724	334740	1
CP142617.1	334740	334755	2
CP142617.1	334755	334756	1
CP142617.1	334756	334766	2
CP142617.1	334766	334781	1
CP142617.1	334781	334868	2
CP142617.1	334868	334911	3
CP142617.1	334911	334952	2
CP142617.1	334952	335066	1
CP142617.1	335066	335123	0
CP142617.1	335123	335215	1
CP142617.1	335215	335256	0
CP142617.1	335256	335417	1
CP142617.1	335417	335421	2
CP142617.1	335421	335470	1
CP142617.1	335470	335527	0
CP142617.1	335527	335618	1
CP142617.1	335618	335655	2
CP142617.1	335655	335657	1
CP142617.1	335657	335660	0
CP142617.1	335660	335665	1
CP142617.1	335665	335725	2
CP142617.1	335725	335785	1
CP142617.1	335785	335827	2
CP142617.1	335827	335846	3
CP142617.1	335846	335864	4
CP142617.1	335864	335880	3
CP142617.1	335880	335908	2
CP142617.1	335908	335910	1
CP142617.1	335910	335919	0
CP142617.1	335919	335932	1
CP142617.1	335932	335954	2
CP142617.1	335954	335963	3
CP142617.1	335963	336003	4
CP142617.1	336003	336005	3
CP142617.1	336005	336019	4
CP142617.1	336019	336058	3
CP142617.1	336058	336146	2
CP142617.1	336146	336150	1
CP142617.1	336150	336151	0
CP142617.1	336151	336178	1
CP142617.1	336178	336190	2
CP142617.1	336190	336191	3
CP142617.1	336191	336193	4
CP142617.1	336193	336201	5
CP142617.1	336201	336258	4
CP142617.1	336258	336293	3
CP142617.1	336293	336310	2
CP142617.1	336310	336334	3
CP142617.1	336334	336362	2
CP142617.1	336362	336364	1
CP142617.1	336364	336369	2
CP142617.1	336369	336403	3
CP142617.1	336403	336405	2
CP142617.1	336405	336466	3
CP142617.1	336466	336500	4
CP142617.1	336500	336524	3
CP142617.1	336524	336573	2
CP142617.1	336573	336651	1
CP142617.1	336651	336732	2
CP142617.1	336732	336745	1
CP142617.1	336745	337288	0
CP142617.1	337288	337315	1
CP142617.1	337315	337355	2
CP142617.1	337355	337392	1
CP142617.1	337392	337551	0
CP142617.1	337551	337558	1
CP142617.1	337558	337686	2
CP142617.1	337686	337701	1
CP142617.1	337701	337731	2
CP142617.1	337731	337732	1
CP142617.1	337732	337735	2
CP142617.1	337735	337770	1
CP142617.1	337770	337804	2
CP142617.1	337804	337831	3
CP142617.1	337831	337865	2
CP142617.1	337865	337866	1
CP142617.1	337866	337896	0
CP142617.1	337896	337940	1
CP142617.1	337940	338030	2
CP142617.1	338030	338034	1
CP142617.1	338034	338046	0
CP142617.1	338046	338260	1
CP142617.1	338260	338263	2
CP142617.1	338263	338315	1
CP142617.1	338315	338329	0
CP142617.1	338329	338358	1
CP142617.1	338358	338393	2
CP142617.1	338393	338416	1
CP142617.1	338416	338595	0
CP142617.1	338595	338605	1
CP142617.1	338605	338606	0
CP142617.1	338606	338740	1
CP142617.1	338740	338757	0
CP142617.1	338757	338860	1
CP142617.1	338860	338861	0
CP142617.1	338861	338928	1
CP142617.1	338928	339036	0
CP142617.1	339036	339079	1
CP142617.1	339079	339125	0
CP142617.1	339125	339133	1
CP142617.1	339133	339150	2
CP142617.1	339150	339151	1
CP142617.1	339151	339163	2
CP142617.1	339163	339166	1
CP142617.1	339166	339191	2
CP142617.1	339191	339199	1
CP142617.1	339199	339205	0
CP142617.1	339205	339361	1
CP142617.1	339361	339668	0
CP142617.1	339668	339676	1
CP142617.1	339676	339731	2
CP142617.1	339731	339732	1
CP142617.1	339732	339757	2
CP142617.1	339757	339762	1
CP142617.1	339762	339803	2
CP142617.1	339803	339903	1
CP142617.1	339903	339904	0
CP142617.1	339904	339916	1
CP142617.1	339916	339917	0
CP142617.1	339917	339972	1
CP142617.1	339972	340418	0
CP142617.1	340418	340627	1
CP142617.1	340627	340629	2
CP142617.1	340629	340655	3
CP142617.1	340655	340711	2
CP142617.1	340711	340752	1
CP142617.1	340752	340771	2
CP142617.1	340771	340772	1
CP142617.1	340772	340777	2
CP142617.1	340777	340813	3
CP142617.1	340813	340840	2
CP142617.1	340840	340841	1
CP142617.1	340841	340868	2
CP142617.1	340868	340879	3
CP142617.1	340879	340886	4
CP142617.1	340886	340887	5
CP142617.1	340887	340910	4
CP142617.1	340910	340926	5
CP142617.1	340926	340946	4
CP142617.1	340946	340964	3
CP142617.1	340964	340982	4
CP142617.1	340982	340983	3
CP142617.1	340983	341054	4
CP142617.1	341054	341091	3
CP142617.1	341091	341101	2
CP142617.1	341101	341216	1
CP142617.1	341216	341451	0
CP142617.1	341451	341473	1
CP142617.1	341473	341474	0
CP142617.1	341474	341554	1
CP142617.1	341554	341647	0
CP142617.1	341647	341660	1
CP142617.1	341660	341757	2
CP142617.1	341757	341762	1
CP142617.1	341762	341773	0
CP142617.1	341773	341896	1
CP142617.1	341896	341968	2
CP142617.1	341968	342002	1
CP142617.1	342002	342087	2
CP142617.1	342087	342108	1
CP142617.1	342108	342321	0
CP142617.1	342321	342404	1
CP142617.1	342404	342479	0
CP142617.1	342479	342483	1
CP142617.1	342483	342615	2
CP142617.1	342615	342618	1
CP142617.1	342618	342619	2
CP142617.1	342619	342643	1
CP142617.1	342643	342691	0
CP142617.1	342691	342721	1
CP142617.1	342721	342724	0
CP142617.1	342724	342794	1
CP142617.1	342794	342871	0
CP142617.1	342871	342901	1
CP142617.1	342901	342915	0
CP142617.1	342915	342920	1
CP142617.1	342920	342977	2
CP142617.1	342977	342984	1
CP142617.1	342984	343007	2
CP142617.1	343007	343009	1
CP142617.1	343009	343065	2
CP142617.1	343065	343066	1
CP142617.1	343066	343082	2
CP142617.1	343082	343083	1
CP142617.1	343083	343093	2
CP142617.1	343093	343133	1
CP142617.1	343133	343216	2
CP142617.1	343216	343219	3
CP142617.1	343219	343232	4
CP142617.1	343232	343258	3
CP142617.1	343258	343353	2
CP142617.1	343353	343359	1
CP142617.1	343359	343373	0
CP142617.1	343373	343379	1
CP142617.1	343379	343451	2
CP142617.1	343451	343478	3
CP142617.1	343478	343531	2
CP142617.1	343531	343532	0
CP142617.1	343532	343551	2
CP142617.1	343551	343553	3
CP142617.1	343553	343563	4
CP142617.1	343563	343570	3
CP142617.1	343570	343572	2
CP142617.1	343572	343670	3
CP142617.1	343670	343691	2
CP142617.1	343691	343718	1
CP142617.1	343718	343728	2
CP142617.1	343728	343834	1
CP142617.1	343834	343955	2
CP142617.1	343955	344014	1
CP142617.1	344014	344025	2
CP142617.1	344025	344113	3
CP142617.1	344113	344155	2
CP142617.1	344155	344181	1
CP142617.1	344181	344239	0
CP142617.1	344239	344320	1
CP142617.1	344320	344342	2
CP142617.1	344342	344345	1
CP142617.1	344345	344370	2
CP142617.1	344370	344371	1
CP142617.1	344371	344396	2
CP142617.1	344396	344437	3
CP142617.1	344437	344440	2
CP142617.1	344440	344453	3
CP142617.1	344453	344462	2
CP142617.1	344462	344473	1
CP142617.1	344473	344492	2
CP142617.1	344492	344502	3
CP142617.1	344502	344503	2
CP142617.1	344503	344518	3
CP142617.1	344518	344529	2
CP142617.1	344529	344533	3
CP142617.1	344533	344560	2
CP142617.1	344560	344676	1
CP142617.1	344676	344735	0
CP142617.1	344735	344736	1
CP142617.1	344736	344758	2
CP142617.1	344758	344759	1
CP142617.1	344759	344801	2
CP142617.1	344801	344829	3
CP142617.1	344829	344890	2
CP142617.1	344890	344892	1
CP142617.1	344892	344913	2
CP142617.1	344913	344915	1
CP142617.1	344915	344937	2
CP142617.1	344937	344986	1
CP142617.1	344986	345000	2
CP142617.1	345000	345008	1
CP142617.1	345008	345011	2
CP142617.1	345011	345065	3
CP142617.1	345065	345110	4
CP142617.1	345110	345123	5
CP142617.1	345123	345150	6
CP142617.1	345150	345186	5
CP142617.1	345186	345193	6
CP142617.1	345193	345194	5
CP142617.1	345194	345202	6
CP142617.1	345202	345212	5
CP142617.1	345212	345213	4
CP142617.1	345213	345219	5
CP142617.1	345219	345220	4
CP142617.1	345220	345244	5
CP142617.1	345244	345258	4
CP142617.1	345258	345321	3
CP142617.1	345321	345421	2
CP142617.1	345421	345422	3
CP142617.1	345422	345452	2
CP142617.1	345452	345453	0
CP142617.1	345453	345461	2
CP142617.1	345461	345484	3
CP142617.1	345484	345491	2
CP142617.1	345491	345492	3
CP142617.1	345492	345493	1
CP142617.1	345493	345518	3
CP142617.1	345518	345527	2
CP142617.1	345527	345564	1
CP142617.1	345564	345565	0
CP142617.1	345565	345620	1
CP142617.1	345620	345887	0
CP142617.1	345887	345956	1
CP142617.1	345956	345957	0
CP142617.1	345957	345958	1
CP142617.1	345958	346071	2
CP142617.1	346071	346075	3
CP142617.1	346075	346092	2
CP142617.1	346092	346178	1
CP142617.1	346178	346241	0
CP142617.1	346241	346257	1
CP142617.1	346257	346320	2
CP142617.1	346320	346412	3
CP142617.1	346412	346413	2
CP142617.1	346413	346420	3
CP142617.1	346420	346424	4
CP142617.1	346424	346425	3
CP142617.1	346425	346474	4
CP142617.1	346474	346494	3
CP142617.1	346494	346507	2
CP142617.1	346507	346597	1
CP142617.1	346597	346635	2
CP142617.1	346635	346636	1
CP142617.1	346636	346665	2
CP142617.1	346665	346692	1
CP142617.1	346692	346703	0
CP142617.1	346703	346728	1
CP142617.1	346728	346740	2
CP142617.1	346740	346779	3
CP142617.1	346779	346800	2
CP142617.1	346800	346801	1
CP142617.1	346801	346839	2
CP142617.1	346839	346869	1
CP142617.1	346869	346877	2
CP142617.1	346877	346969	1
CP142617.1	346969	346975	0
CP142617.1	346975	347022	1
CP142617.1	347022	347033	2
CP142617.1	347033	347034	1
CP142617.1	347034	347088	2
CP142617.1	347088	347205	1
CP142617.1	347205	347206	0
CP142617.1	347206	347228	1
CP142617.1	347228	347311	0
CP142617.1	347311	347455	1
CP142617.1	347455	347693	0
CP142617.1	347693	347696	1
CP142617.1	347696	347759	2
CP142617.1	347759	347760	1
CP142617.1	347760	347761	2
CP142617.1	347761	347795	1
CP142617.1	347795	347832	0
CP142617.1	347832	347881	1
CP142617.1	347881	347882	0
CP142617.1	347882	347912	1
CP142617.1	347912	347915	0
CP142617.1	347915	347968	1
CP142617.1	347968	348073	2
CP142617.1	348073	348097	1
CP142617.1	348097	348105	0
CP142617.1	348105	348112	1
CP142617.1	348112	348133	2
CP142617.1	348133	348157	3
CP142617.1	348157	348214	2
CP142617.1	348214	348247	1
CP142617.1	348247	348403	0
CP142617.1	348403	348435	1
CP142617.1	348435	348489	2
CP142617.1	348489	348490	1
CP142617.1	348490	348496	2
CP142617.1	348496	348597	1
CP142617.1	348597	348849	0
CP142617.1	348849	348968	1
CP142617.1	348968	349025	2
CP142617.1	349025	349040	3
CP142617.1	349040	349043	2
CP142617.1	349043	349058	3
CP142617.1	349058	349069	4
CP142617.1	349069	349101	3
CP142617.1	349101	349135	4
CP142617.1	349135	349140	5
CP142617.1	349140	349148	4
CP142617.1	349148	349238	3
CP142617.1	349238	349254	4
CP142617.1	349254	349255	3
CP142617.1	349255	349268	2
CP142617.1	349268	349353	1
CP142617.1	349353	349355	0
CP142617.1	349355	349394	1
CP142617.1	349394	349567	0
CP142617.1	349567	349579	1
CP142617.1	349579	349581	0
CP142617.1	349581	349625	1
CP142617.1	349625	349638	2
CP142617.1	349638	349659	3
CP142617.1	349659	349721	2
CP142617.1	349721	349722	1
CP142617.1	349722	349737	2
CP142617.1	349737	349746	0
CP142617.1	349746	349755	2
CP142617.1	349755	349788	3
CP142617.1	349788	349837	4
CP142617.1	349837	349839	3
CP142617.1	349839	349850	4
CP142617.1	349850	349869	3
CP142617.1	349869	349870	2
CP142617.1	349870	349896	3
CP142617.1	349896	349899	2
CP142617.1	349899	349912	1
CP142617.1	349912	349924	0
CP142617.1	349924	349991	1
CP142617.1	349991	349996	2
CP142617.1	349996	350014	1
CP142617.1	350014	350048	2
CP142617.1	350048	350159	3
CP142617.1	350159	350160	2
CP142617.1	350160	350175	1
CP142617.1	350175	350176	0
CP142617.1	350176	350234	1
CP142617.1	350234	350243	2
CP142617.1	350243	350308	3
CP142617.1	350308	350347	2
CP142617.1	350347	350388	1
CP142617.1	350388	350404	0
CP142617.1	350404	350489	1
CP142617.1	350489	350506	2
CP142617.1	350506	350507	1
CP142617.1	350507	350541	2
CP142617.1	350541	350664	1
CP142617.1	350664	350713	2
CP142617.1	350713	350780	1
CP142617.1	350780	350894	0
CP142617.1	350894	350912	1
CP142617.1	350912	351058	2
CP142617.1	351058	351062	3
CP142617.1	351062	351111	4
CP142617.1	351111	351143	5
CP142617.1	351143	351179	4
CP142617.1	351179	351196	3
CP142617.1	351196	351221	4
CP142617.1	351221	351300	3
CP142617.1	351300	351305	2
CP142617.1	351305	351306	1
CP142617.1	351306	351336	2
CP142617.1	351336	351364	1
CP142617.1	351364	351367	2
CP142617.1	351367	351408	1
CP142617.1	351408	351437	0
CP142617.1	351437	351483	1
CP142617.1	351483	351488	0
CP142617.1	351488	351528	1
CP142617.1	351528	351587	2
CP142617.1	351587	351588	1
CP142617.1	351588	351591	2
CP142617.1	351591	351600	1
CP142617.1	351600	351607	0
CP142617.1	351607	351753	1
CP142617.1	351753	351766	0
CP142617.1	351766	351776	1
CP142617.1	351776	351779	2
CP142617.1	351779	351780	1
CP142617.1	351780	351812	2
CP142617.1	351812	351842	3
CP142617.1	351842	351843	2
CP142617.1	351843	351844	1
CP142617.1	351844	351861	3
CP142617.1	351861	351876	2
CP142617.1	351876	351922	3
CP142617.1	351922	351938	2
CP142617.1	351938	351939	1
CP142617.1	351939	351990	0
CP142617.1	351990	352001	1
CP142617.1	352001	352007	2
CP142617.1	352007	352008	1
CP142617.1	352008	352061	2
CP142617.1	352061	352078	1
CP142617.1	352078	352081	2
CP142617.1	352081	352089	3
CP142617.1	352089	352146	2
CP142617.1	352146	352260	1
CP142617.1	352260	352265	2
CP142617.1	352265	352302	1
CP142617.1	352302	352305	0
CP142617.1	352305	352381	1
CP142617.1	352381	352405	2
CP142617.1	352405	352406	1
CP142617.1	352406	352432	2
CP142617.1	352432	352447	3
CP142617.1	352447	352448	2
CP142617.1	352448	352488	1
CP142617.1	352488	352592	2
CP142617.1	352592	352616	3
CP142617.1	352616	352633	2
CP142617.1	352633	352645	1
CP142617.1	352645	352646	0
CP142617.1	352646	352746	1
CP142617.1	352746	352859	0
CP142617.1	352859	353105	1
CP142617.1	353105	353109	2
CP142617.1	353109	353202	3
CP142617.1	353202	353285	2
CP142617.1	353285	353360	1
CP142617.1	353360	353513	0
CP142617.1	353513	353535	1
CP142617.1	353535	353552	2
CP142617.1	353552	353553	1
CP142617.1	353553	353584	2
CP142617.1	353584	353585	1
CP142617.1	353585	353666	2
CP142617.1	353666	353667	1
CP142617.1	353667	353702	2
CP142617.1	353702	353756	3
CP142617.1	353756	353786	4
CP142617.1	353786	353801	3
CP142617.1	353801	353826	2
CP142617.1	353826	353841	3
CP142617.1	353841	353847	2
CP142617.1	353847	353855	3
CP142617.1	353855	353876	4
CP142617.1	353876	353879	3
CP142617.1	353879	353888	4
CP142617.1	353888	353938	3
CP142617.1	353938	353973	2
CP142617.1	353973	354000	3
CP142617.1	354000	354010	4
CP142617.1	354010	354011	3
CP142617.1	354011	354151	4
CP142617.1	354151	354161	3
CP142617.1	354161	354184	2
CP142617.1	354184	354198	1
CP142617.1	354198	354413	0
CP142617.1	354413	354467	1
CP142617.1	354467	354471	2
CP142617.1	354471	354495	3
CP142617.1	354495	354548	2
CP142617.1	354548	354554	3
CP142617.1	354554	354555	2
CP142617.1	354555	354556	3
CP142617.1	354556	354557	4
CP142617.1	354557	354559	2
CP142617.1	354559	354583	3
CP142617.1	354583	354588	4
CP142617.1	354588	354595	3
CP142617.1	354595	354609	2
CP142617.1	354609	354633	3
CP142617.1	354633	354652	4
CP142617.1	354652	354694	3
CP142617.1	354694	354724	2
CP142617.1	354724	354726	1
CP142617.1	354726	354796	0
CP142617.1	354796	354819	1
CP142617.1	354819	354847	2
CP142617.1	354847	354848	1
CP142617.1	354848	354874	2
CP142617.1	354874	354881	1
CP142617.1	354881	354882	0
CP142617.1	354882	354892	1
CP142617.1	354892	355041	0
CP142617.1	355041	355088	1
CP142617.1	355088	355148	2
CP142617.1	355148	355187	3
CP142617.1	355187	355188	2
CP142617.1	355188	355212	3
CP142617.1	355212	355213	2
CP142617.1	355213	355220	3
CP142617.1	355220	355222	2
CP142617.1	355222	355272	3
CP142617.1	355272	355315	2
CP142617.1	355315	355353	3
CP142617.1	355353	355388	2
CP142617.1	355388	355411	1
CP142617.1	355411	355436	2
CP142617.1	355436	355656	1
CP142617.1	355656	355662	0
CP142617.1	355662	355801	1
CP142617.1	355801	355891	0
CP142617.1	355891	355973	1
CP142617.1	355973	355997	0
CP142617.1	355997	356057	1
CP142617.1	356057	356422	0
CP142617.1	356422	356477	1
CP142617.1	356477	356826	0
CP142617.1	356826	356848	1
CP142617.1	356848	356850	0
CP142617.1	356850	356955	1
CP142617.1	356955	357026	2
CP142617.1	357026	357087	1
CP142617.1	357087	357124	0
CP142617.1	357124	357223	1
CP142617.1	357223	357275	2
CP142617.1	357275	357279	1
CP142617.1	357279	357453	2
CP142617.1	357453	357521	3
CP142617.1	357521	357574	2
CP142617.1	357574	357575	1
CP142617.1	357575	357578	2
CP142617.1	357578	357579	1
CP142617.1	357579	357596	2
CP142617.1	357596	357601	1
CP142617.1	357601	357629	2
CP142617.1	357629	357642	1
CP142617.1	357642	357643	0
CP142617.1	357643	357654	1
CP142617.1	357654	357678	2
CP142617.1	357678	357680	1
CP142617.1	357680	357834	2
CP142617.1	357834	357854	1
CP142617.1	357854	357967	0
CP142617.1	357967	358052	1
CP142617.1	358052	358060	0
CP142617.1	358060	358271	1
CP142617.1	358271	358327	0
CP142617.1	358327	358342	1
CP142617.1	358342	358432	2
CP142617.1	358432	358444	3
CP142617.1	358444	358489	4
CP142617.1	358489	358491	3
CP142617.1	358491	358525	4
CP142617.1	358525	358526	2
CP142617.1	358526	358527	1
CP142617.1	358527	358534	3
CP142617.1	358534	358535	2
CP142617.1	358535	358557	3
CP142617.1	358557	358571	4
CP142617.1	358571	358575	3
CP142617.1	358575	358583	2
CP142617.1	358583	358631	1
CP142617.1	358631	358751	0
CP142617.1	358751	358780	1
CP142617.1	358780	358781	0
CP142617.1	358781	358793	1
CP142617.1	358793	358802	2
CP142617.1	358802	358873	3
CP142617.1	358873	358875	2
CP142617.1	358875	358893	3
CP142617.1	358893	358894	2
CP142617.1	358894	358900	3
CP142617.1	358900	358901	2
CP142617.1	358901	358971	3
CP142617.1	358971	358972	1
CP142617.1	358972	358974	2
CP142617.1	358974	358979	3
CP142617.1	358979	359017	2
CP142617.1	359017	359020	1
CP142617.1	359020	359040	0
CP142617.1	359040	359062	1
CP142617.1	359062	359141	2
CP142617.1	359141	359142	3
CP142617.1	359142	359163	2
CP142617.1	359163	359177	3
CP142617.1	359177	359178	2
CP142617.1	359178	359185	3
CP142617.1	359185	359220	2
CP142617.1	359220	359304	3
CP142617.1	359304	359360	2
CP142617.1	359360	359405	1
CP142617.1	359405	359432	0
CP142617.1	359432	359448	1
CP142617.1	359448	359450	0
CP142617.1	359450	359543	1
CP142617.1	359543	359655	0
CP142617.1	359655	359777	1
CP142617.1	359777	359909	0
CP142617.1	359909	359986	1
CP142617.1	359986	360042	2
CP142617.1	360042	360043	1
CP142617.1	360043	360046	2
CP142617.1	360046	360287	1
CP142617.1	360287	360298	0
CP142617.1	360298	360338	1
CP142617.1	360338	360351	2
CP142617.1	360351	360397	3
CP142617.1	360397	360398	2
CP142617.1	360398	360447	4
CP142617.1	360447	360448	3
CP142617.1	360448	360450	4
CP142617.1	360450	360550	3
CP142617.1	360550	360552	2
CP142617.1	360552	360566	3
CP142617.1	360566	360586	2
CP142617.1	360586	360594	3
CP142617.1	360594	360605	2
CP142617.1	360605	360716	3
CP142617.1	360716	360725	4
CP142617.1	360725	360747	3
CP142617.1	360747	360850	4
CP142617.1	360850	360968	3
CP142617.1	360968	360996	2
CP142617.1	360996	361048	1
CP142617.1	361048	361260	0
CP142617.1	361260	361320	1
CP142617.1	361320	361488	0
CP142617.1	361488	361567	1
CP142617.1	361567	361673	2
CP142617.1	361673	361676	1
CP142617.1	361676	361765	0
CP142617.1	361765	361857	1
CP142617.1	361857	361895	2
CP142617.1	361895	361897	3
CP142617.1	361897	361991	2
CP142617.1	361991	362062	1
CP142617.1	362062	362267	0
CP142617.1	362267	362342	1
CP142617.1	362342	362426	0
CP142617.1	362426	362516	1
CP142617.1	362516	362523	0
CP142617.1	362523	362596	1
CP142617.1	362596	362599	0
CP142617.1	362599	362652	1
CP142617.1	362652	362748	2
CP142617.1	362748	362765	3
CP142617.1	362765	362780	4
CP142617.1	362780	362781	3
CP142617.1	362781	362794	4
CP142617.1	362794	362816	3
CP142617.1	362816	362818	1
CP142617.1	362818	362825	3
CP142617.1	362825	362839	4
CP142617.1	362839	362848	5
CP142617.1	362848	362851	4
CP142617.1	362851	362890	3
CP142617.1	362890	362921	2
CP142617.1	362921	362932	1
CP142617.1	362932	362992	2
CP142617.1	362992	362993	0
CP142617.1	362993	362994	1
CP142617.1	362994	363032	2
CP142617.1	363032	363101	1
CP142617.1	363101	363117	2
CP142617.1	363117	363151	3
CP142617.1	363151	363153	2
CP142617.1	363153	363154	1
CP142617.1	363154	363284	0
CP142617.1	363284	363362	1
CP142617.1	363362	363417	0
CP142617.1	363417	363432	1
CP142617.1	363432	363433	0
CP142617.1	363433	363468	1
CP142617.1	363468	363469	0
CP142617.1	363469	363554	1
CP142617.1	363554	363557	0
CP142617.1	363557	363615	1
CP142617.1	363615	363723	0
CP142617.1	363723	363806	1
CP142617.1	363806	363808	0
CP142617.1	363808	363856	1
CP142617.1	363856	363858	0
CP142617.1	363858	363868	1
CP142617.1	363868	363869	0
CP142617.1	363869	363904	1
CP142617.1	363904	363905	0
CP142617.1	363905	363915	1
CP142617.1	363915	364133	0
CP142617.1	364133	364198	1
CP142617.1	364198	364229	0
CP142617.1	364229	364339	1
CP142617.1	364339	364387	2
CP142617.1	364387	364439	1
CP142617.1	364439	364501	0
CP142617.1	364501	364533	1
CP142617.1	364533	364536	0
CP142617.1	364536	364567	1
CP142617.1	364567	364584	2
CP142617.1	364584	364607	1
CP142617.1	364607	364610	0
CP142617.1	364610	364765	1
CP142617.1	364765	364837	0
CP142617.1	364837	364912	1
CP142617.1	364912	365024	2
CP142617.1	365024	365031	1
CP142617.1	365031	365047	0
CP142617.1	365047	365053	1
CP142617.1	365053	365162	2
CP142617.1	365162	365165	1
CP142617.1	365165	365226	2
CP142617.1	365226	365229	1
CP142617.1	365229	365251	2
CP142617.1	365251	365310	1
CP142617.1	365310	365341	0
CP142617.1	365341	365356	1
CP142617.1	365356	365357	0
CP142617.1	365357	365420	1
CP142617.1	365420	365455	2
CP142617.1	365455	365475	3
CP142617.1	365475	365507	2
CP142617.1	365507	365526	1
CP142617.1	365526	365541	2
CP142617.1	365541	365544	1
CP142617.1	365544	365555	2
CP142617.1	365555	365624	1
CP142617.1	365624	365665	0
CP142617.1	365665	365730	1
CP142617.1	365730	365930	0
CP142617.1	365930	366008	1
CP142617.1	366008	366023	0
CP142617.1	366023	366116	1
CP142617.1	366116	366126	2
CP142617.1	366126	366127	1
CP142617.1	366127	366208	2
CP142617.1	366208	366276	1
CP142617.1	366276	366336	0
CP142617.1	366336	366411	1
CP142617.1	366411	366454	2
CP142617.1	366454	366464	1
CP142617.1	366464	366495	2
CP142617.1	366495	366514	3
CP142617.1	366514	366618	2
CP142617.1	366618	366619	1
CP142617.1	366619	366655	2
CP142617.1	366655	366656	1
CP142617.1	366656	366675	2
CP142617.1	366675	366794	1
CP142617.1	366794	366795	0
CP142617.1	366795	366817	1
CP142617.1	366817	366854	0
CP142617.1	366854	367084	1
CP142617.1	367084	367349	0
CP142617.1	367349	367452	1
CP142617.1	367452	367485	2
CP142617.1	367485	367489	1
CP142617.1	367489	367511	2
CP142617.1	367511	367519	3
CP142617.1	367519	367559	2
CP142617.1	367559	367626	1
CP142617.1	367626	367652	2
CP142617.1	367652	367656	1
CP142617.1	367656	367693	2
CP142617.1	367693	367694	1
CP142617.1	367694	367704	2
CP142617.1	367704	367798	1
CP142617.1	367798	367890	0
CP142617.1	367890	367915	1
CP142617.1	367915	368031	2
CP142617.1	368031	368043	1
CP142617.1	368043	368044	0
CP142617.1	368044	368088	1
CP142617.1	368088	368155	2
CP142617.1	368155	368191	3
CP142617.1	368191	368197	2
CP142617.1	368197	368209	3
CP142617.1	368209	368262	4
CP142617.1	368262	368269	3
CP142617.1	368269	368277	2
CP142617.1	368277	368379	1
CP142617.1	368379	368389	0
CP142617.1	368389	368408	1
CP142617.1	368408	368535	0
CP142617.1	368535	368549	1
CP142617.1	368549	368561	0
CP142617.1	368561	368592	1
CP142617.1	368592	368604	0
CP142617.1	368604	368678	1
CP142617.1	368678	368681	0
CP142617.1	368681	368683	1
CP142617.1	368683	368828	2
CP142617.1	368828	368938	1
CP142617.1	368938	369134	0
CP142617.1	369134	369154	1
CP142617.1	369154	369163	2
CP142617.1	369163	369164	0
CP142617.1	369164	369165	1
CP142617.1	369165	369220	2
CP142617.1	369220	369236	1
CP142617.1	369236	369247	2
CP142617.1	369247	369262	3
CP142617.1	369262	369295	4
CP142617.1	369295	369299	3
CP142617.1	369299	369337	2
CP142617.1	369337	369377	1
CP142617.1	369377	369378	0
CP142617.1	369378	369399	1
CP142617.1	369399	369400	0
CP142617.1	369400	369458	1
CP142617.1	369458	369492	0
CP142617.1	369492	369548	1
CP142617.1	369548	369549	0
CP142617.1	369549	369555	1
CP142617.1	369555	369569	0
CP142617.1	369569	369587	1
CP142617.1	369587	369594	2
CP142617.1	369594	369735	1
CP142617.1	369735	369737	0
CP142617.1	369737	369760	1
CP142617.1	369760	369894	0
CP142617.1	369894	369898	1
CP142617.1	369898	369931	2
CP142617.1	369931	369932	0
CP142617.1	369932	369952	2
CP142617.1	369952	370027	1
CP142617.1	370027	370226	0
CP142617.1	370226	370297	1
CP142617.1	370297	370317	0
CP142617.1	370317	370366	1
CP142617.1	370366	370501	0
CP142617.1	370501	370535	1
CP142617.1	370535	370538	0
CP142617.1	370538	370589	1
CP142617.1	370589	370596	2
CP142617.1	370596	370776	1
CP142617.1	370776	370779	0
CP142617.1	370779	370798	1
CP142617.1	370798	370837	0
CP142617.1	370837	370856	1
CP142617.1	370856	370859	0
CP142617.1	370859	370902	1
CP142617.1	370902	370925	0
CP142617.1	370925	370948	1
CP142617.1	370948	371000	2
CP142617.1	371000	371019	1
CP142617.1	371019	371080	2
CP142617.1	371080	371221	0
CP142617.1	371221	371241	2
CP142617.1	371241	371250	3
CP142617.1	371250	371251	2
CP142617.1	371251	371284	3
CP142617.1	371284	371291	2
CP142617.1	371291	371310	3
CP142617.1	371310	371366	2
CP142617.1	371366	371378	1
CP142617.1	371378	371384	0
CP142617.1	371384	371433	1
CP142617.1	371433	371516	0
CP142617.1	371516	371567	1
CP142617.1	371567	371771	0
CP142617.1	371771	371794	1
CP142617.1	371794	371803	2
CP142617.1	371803	371896	3
CP142617.1	371896	371897	2
CP142617.1	371897	371903	3
CP142617.1	371903	371907	2
CP142617.1	371907	371909	1
CP142617.1	371909	371910	0
CP142617.1	371910	371923	2
CP142617.1	371923	371925	1
CP142617.1	371925	371951	2
CP142617.1	371951	372163	1
CP142617.1	372163	372167	2
CP142617.1	372167	372176	3
CP142617.1	372176	372322	2
CP142617.1	372322	372406	1
CP142617.1	372406	372432	2
CP142617.1	372432	372453	3
CP142617.1	372453	372480	2
CP142617.1	372480	372504	1
CP142617.1	372504	372520	2
CP142617.1	372520	372536	3
CP142617.1	372536	372537	2
CP142617.1	372537	372609	3
CP142617.1	372609	372623	2
CP142617.1	372623	372624	1
CP142617.1	372624	372641	2
CP142617.1	372641	372679	1
CP142617.1	372679	372688	0
CP142617.1	372688	372808	1
CP142617.1	372808	372892	0
CP142617.1	372892	373005	1
CP142617.1	373005	373418	0
CP142617.1	373418	373443	1
CP142617.1	373443	373466	2
CP142617.1	373466	373480	3
CP142617.1	373480	373481	2
CP142617.1	373481	373500	3
CP142617.1	373500	373541	2
CP142617.1	373541	373576	3
CP142617.1	373576	373578	2
CP142617.1	373578	373619	1
CP142617.1	373619	373675	2
CP142617.1	373675	373730	1
CP142617.1	373730	373732	0
CP142617.1	373732	373748	1
CP142617.1	373748	373770	2
CP142617.1	373770	373797	3
CP142617.1	373797	373805	2
CP142617.1	373805	373825	3
CP142617.1	373825	373833	2
CP142617.1	373833	373835	1
CP142617.1	373835	373851	2
CP142617.1	373851	373927	1
CP142617.1	373927	374026	0
CP142617.1	374026	374052	1
CP142617.1	374052	374107	2
CP142617.1	374107	374110	1
CP142617.1	374110	374124	2
CP142617.1	374124	374137	1
CP142617.1	374137	374142	0
CP142617.1	374142	374195	1
CP142617.1	374195	374231	2
CP142617.1	374231	374389	1
CP142617.1	374389	374456	2
CP142617.1	374456	374581	1
CP142617.1	374581	374656	2
CP142617.1	374656	374860	1
CP142617.1	374860	374919	2
CP142617.1	374919	374969	3
CP142617.1	374969	375019	4
CP142617.1	375019	375093	3
CP142617.1	375093	375094	2
CP142617.1	375094	375102	3
CP142617.1	375102	375103	2
CP142617.1	375103	375236	3
CP142617.1	375236	375247	2
CP142617.1	375247	375304	1
CP142617.1	375304	375345	2
CP142617.1	375345	375358	3
CP142617.1	375358	375364	2
CP142617.1	375364	375454	1
CP142617.1	375454	375527	2
CP142617.1	375527	375553	1
CP142617.1	375553	375557	0
CP142617.1	375557	375584	1
CP142617.1	375584	375587	0
CP142617.1	375587	375615	1
CP142617.1	375615	375617	0
CP142617.1	375617	375696	1
CP142617.1	375696	375712	2
CP142617.1	375712	375736	1
CP142617.1	375736	375738	2
CP142617.1	375738	375801	3
CP142617.1	375801	375822	4
CP142617.1	375822	375824	3
CP142617.1	375824	375825	2
CP142617.1	375825	375826	3
CP142617.1	375826	375851	4
CP142617.1	375851	375862	5
CP142617.1	375862	375880	4
CP142617.1	375880	375910	3
CP142617.1	375910	375933	2
CP142617.1	375933	375984	1
CP142617.1	375984	376040	0
CP142617.1	376040	376055	1
CP142617.1	376055	376114	2
CP142617.1	376114	376115	1
CP142617.1	376115	376124	2
CP142617.1	376124	376125	1
CP142617.1	376125	376127	2
CP142617.1	376127	376129	1
CP142617.1	376129	376147	2
CP142617.1	376147	376242	1
CP142617.1	376242	376248	0
CP142617.1	376248	376306	1
CP142617.1	376306	376365	0
CP142617.1	376365	376464	1
CP142617.1	376464	376569	0
CP142617.1	376569	376738	1
CP142617.1	376738	376747	2
CP142617.1	376747	376766	1
CP142617.1	376766	376776	0
CP142617.1	376776	376804	1
CP142617.1	376804	376854	2
CP142617.1	376854	376855	1
CP142617.1	376855	376859	2
CP142617.1	376859	376861	1
CP142617.1	376861	376912	2
CP142617.1	376912	376947	1
CP142617.1	376947	376985	2
CP142617.1	376985	376999	1
CP142617.1	376999	377109	0
CP142617.1	377109	377137	1
CP142617.1	377137	377148	0
CP142617.1	377148	377207	1
CP142617.1	377207	377215	2
CP142617.1	377215	377221	3
CP142617.1	377221	377222	2
CP142617.1	377222	377243	3
CP142617.1	377243	377272	2
CP142617.1	377272	377294	3
CP142617.1	377294	377314	2
CP142617.1	377314	377317	1
CP142617.1	377317	377321	2
CP142617.1	377321	377324	1
CP142617.1	377324	377343	2
CP142617.1	377343	377345	1
CP142617.1	377345	377360	2
CP142617.1	377360	377363	3
CP142617.1	377363	377364	2
CP142617.1	377364	377372	3
CP142617.1	377372	377373	2
CP142617.1	377373	377397	3
CP142617.1	377397	377401	2
CP142617.1	377401	377404	1
CP142617.1	377404	377497	2
CP142617.1	377497	377498	1
CP142617.1	377498	377530	2
CP142617.1	377530	377569	3
CP142617.1	377569	377571	1
CP142617.1	377571	377578	0
CP142617.1	377578	377579	2
CP142617.1	377579	377601	3
CP142617.1	377601	377613	2
CP142617.1	377613	377623	1
CP142617.1	377623	377626	0
CP142617.1	377626	377632	1
CP142617.1	377632	377716	0
CP142617.1	377716	377729	1
CP142617.1	377729	377794	2
CP142617.1	377794	377804	1
CP142617.1	377804	377822	2
CP142617.1	377822	377906	1
CP142617.1	377906	377932	2
CP142617.1	377932	377933	1
CP142617.1	377933	378035	2
CP142617.1	378035	378036	1
CP142617.1	378036	378082	2
CP142617.1	378082	378246	1
CP142617.1	378246	378281	2
CP142617.1	378281	378331	1
CP142617.1	378331	378364	0
CP142617.1	378364	378431	1
CP142617.1	378431	378604	0
CP142617.1	378604	378724	1
CP142617.1	378724	378746	0
CP142617.1	378746	378912	1
CP142617.1	378912	379188	0
CP142617.1	379188	379202	1
CP142617.1	379202	379205	0
CP142617.1	379205	379226	1
CP142617.1	379226	379239	2
CP142617.1	379239	379240	1
CP142617.1	379240	379266	2
CP142617.1	379266	379284	3
CP142617.1	379284	379317	2
CP142617.1	379317	379438	1
CP142617.1	379438	379458	2
CP142617.1	379458	379468	3
CP142617.1	379468	379471	2
CP142617.1	379471	379531	3
CP142617.1	379531	379532	1
CP142617.1	379532	379533	2
CP142617.1	379533	379577	3
CP142617.1	379577	379625	2
CP142617.1	379625	379749	3
CP142617.1	379749	379750	0
CP142617.1	379750	379785	3
CP142617.1	379785	379792	2
CP142617.1	379792	379809	3
CP142617.1	379809	379815	4
CP142617.1	379815	379818	3
CP142617.1	379818	379832	4
CP142617.1	379832	379835	3
CP142617.1	379835	379858	4
CP142617.1	379858	379860	3
CP142617.1	379860	379874	4
CP142617.1	379874	379877	3
CP142617.1	379877	379878	4
CP142617.1	379878	379885	5
CP142617.1	379885	379886	4
CP142617.1	379886	379937	5
CP142617.1	379937	379940	4
CP142617.1	379940	380000	5
CP142617.1	380000	380057	4
CP142617.1	380057	380090	3
CP142617.1	380090	380102	2
CP142617.1	380102	380109	3
CP142617.1	380109	380110	2
CP142617.1	380110	380133	3
CP142617.1	380133	380134	2
CP142617.1	380134	380139	3
CP142617.1	380139	380166	2
CP142617.1	380166	380210	1
CP142617.1	380210	380231	0
CP142617.1	380231	380311	1
CP142617.1	380311	380491	0
CP142617.1	380491	380651	1
CP142617.1	380651	380928	0
CP142617.1	380928	381048	1
CP142617.1	381048	381164	0
CP142617.1	381164	381300	1
CP142617.1	381300	381395	2
CP142617.1	381395	381442	1
CP142617.1	381442	381470	2
CP142617.1	381470	381486	3
CP142617.1	381486	381538	2
CP142617.1	381538	381539	1
CP142617.1	381539	381823	0
CP142617.1	381823	381843	1
CP142617.1	381843	381916	2
CP142617.1	381916	382050	1
CP142617.1	382050	382094	2
CP142617.1	382094	382095	1
CP142617.1	382095	382174	2
CP142617.1	382174	382175	0
CP142617.1	382175	382197	2
CP142617.1	382197	382202	0
CP142617.1	382202	382254	2
CP142617.1	382254	382302	1
CP142617.1	382302	382338	2
CP142617.1	382338	382354	1
CP142617.1	382354	382364	0
CP142617.1	382364	382419	1
CP142617.1	382419	382423	2
CP142617.1	382423	382462	1
CP142617.1	382462	382483	2
CP142617.1	382483	382528	1
CP142617.1	382528	382588	2
CP142617.1	382588	382589	1
CP142617.1	382589	382609	2
CP142617.1	382609	382610	1
CP142617.1	382610	382651	2
CP142617.1	382651	382656	3
CP142617.1	382656	382683	2
CP142617.1	382683	382684	1
CP142617.1	382684	382724	2
CP142617.1	382724	382725	1
CP142617.1	382725	382754	2
CP142617.1	382754	382820	1
CP142617.1	382820	382826	2
CP142617.1	382826	382855	3
CP142617.1	382855	382856	1
CP142617.1	382856	382857	2
CP142617.1	382857	382899	3
CP142617.1	382899	383049	2
CP142617.1	383049	383105	1
CP142617.1	383105	383263	0
CP142617.1	383263	383291	1
CP142617.1	383291	383295	2
CP142617.1	383295	383333	3
CP142617.1	383333	383348	2
CP142617.1	383348	383413	1
CP142617.1	383413	383544	2
CP142617.1	383544	383643	1
CP142617.1	383643	383694	0
CP142617.1	383694	383743	1
CP142617.1	383743	383752	0
CP142617.1	383752	383788	1
CP142617.1	383788	383833	2
CP142617.1	383833	383850	1
CP142617.1	383850	383867	2
CP142617.1	383867	383874	1
CP142617.1	383874	383876	0
CP142617.1	383876	383937	1
CP142617.1	383937	383953	2
CP142617.1	383953	383991	1
CP142617.1	383991	384025	0
CP142617.1	384025	384040	1
CP142617.1	384040	384095	2
CP142617.1	384095	384206	1
CP142617.1	384206	384225	2
CP142617.1	384225	384226	1
CP142617.1	384226	384340	2
CP142617.1	384340	384414	1
CP142617.1	384414	384425	0
CP142617.1	384425	384439	1
CP142617.1	384439	384475	2
CP142617.1	384475	384485	3
CP142617.1	384485	384568	2
CP142617.1	384568	384635	1
CP142617.1	384635	384638	2
CP142617.1	384638	384669	3
CP142617.1	384669	384733	2
CP142617.1	384733	384741	3
CP142617.1	384741	384814	2
CP142617.1	384814	384816	1
CP142617.1	384816	384946	2
CP142617.1	384946	384970	1
CP142617.1	384970	384977	0
CP142617.1	384977	385051	1
CP142617.1	385051	385058	2
CP142617.1	385058	385067	1
CP142617.1	385067	385104	2
CP142617.1	385104	385121	1
CP142617.1	385121	385254	0
CP142617.1	385254	385283	1
CP142617.1	385283	385304	2
CP142617.1	385304	385305	1
CP142617.1	385305	385325	2
CP142617.1	385325	385504	1
CP142617.1	385504	385936	0
CP142617.1	385936	385997	1
CP142617.1	385997	386139	0
CP142617.1	386139	386155	1
CP142617.1	386155	386156	0
CP142617.1	386156	386186	1
CP142617.1	386186	386188	2
CP142617.1	386188	386227	3
CP142617.1	386227	386228	2
CP142617.1	386228	386242	4
CP142617.1	386242	386245	3
CP142617.1	386245	386251	4
CP142617.1	386251	386290	3
CP142617.1	386290	386300	2
CP142617.1	386300	386304	1
CP142617.1	386304	386323	2
CP142617.1	386323	386332	1
CP142617.1	386332	386339	0
CP142617.1	386339	386350	1
CP142617.1	386350	386382	2
CP142617.1	386382	386427	1
CP142617.1	386427	386474	2
CP142617.1	386474	386478	3
CP142617.1	386478	386504	2
CP142617.1	386504	386530	3
CP142617.1	386530	386574	2
CP142617.1	386574	386582	1
CP142617.1	386582	386585	2
CP142617.1	386585	386601	1
CP142617.1	386601	386629	2
CP142617.1	386629	386662	1
CP142617.1	386662	386703	2
CP142617.1	386703	386705	0
CP142617.1	386705	386743	2
CP142617.1	386743	386793	3
CP142617.1	386793	386879	2
CP142617.1	386879	386914	3
CP142617.1	386914	386915	2
CP142617.1	386915	386941	3
CP142617.1	386941	387002	2
CP142617.1	387002	387130	1
CP142617.1	387130	387174	2
CP142617.1	387174	387245	1
CP142617.1	387245	387387	0
CP142617.1	387387	387475	1
CP142617.1	387475	387501	2
CP142617.1	387501	387535	3
CP142617.1	387535	387650	2
CP142617.1	387650	387699	1
CP142617.1	387699	387700	2
CP142617.1	387700	387772	1
CP142617.1	387772	387784	2
CP142617.1	387784	387896	1
CP142617.1	387896	387915	2
CP142617.1	387915	387917	1
CP142617.1	387917	387939	2
CP142617.1	387939	387990	1
CP142617.1	387990	388009	2
CP142617.1	388009	388055	3
CP142617.1	388055	388066	2
CP142617.1	388066	388115	3
CP142617.1	388115	388119	4
CP142617.1	388119	388182	3
CP142617.1	388182	388282	2
CP142617.1	388282	388309	1
CP142617.1	388309	388313	0
CP142617.1	388313	388411	1
CP142617.1	388411	388585	0
CP142617.1	388585	388609	1
CP142617.1	388609	388636	2
CP142617.1	388636	388641	1
CP142617.1	388641	388651	2
CP142617.1	388651	388652	1
CP142617.1	388652	388664	2
CP142617.1	388664	388691	3
CP142617.1	388691	388692	2
CP142617.1	388692	388699	3
CP142617.1	388699	388710	2
CP142617.1	388710	388749	3
CP142617.1	388749	388778	2
CP142617.1	388778	388804	3
CP142617.1	388804	388805	2
CP142617.1	388805	388842	3
CP142617.1	388842	388857	4
CP142617.1	388857	388880	3
CP142617.1	388880	388919	2
CP142617.1	388919	388924	1
CP142617.1	388924	388944	2
CP142617.1	388944	388965	1
CP142617.1	388965	388983	2
CP142617.1	388983	388989	1
CP142617.1	388989	389030	2
CP142617.1	389030	389058	1
CP142617.1	389058	389059	0
CP142617.1	389059	389078	1
CP142617.1	389078	389080	0
CP142617.1	389080	389114	1
CP142617.1	389114	389143	0
CP142617.1	389143	389179	1
CP142617.1	389179	389180	2
CP142617.1	389180	389227	3
CP142617.1	389227	389228	2
CP142617.1	389228	389251	3
CP142617.1	389251	389279	2
CP142617.1	389279	389329	1
CP142617.1	389329	389434	2
CP142617.1	389434	389437	1
CP142617.1	389437	389440	2
CP142617.1	389440	389463	1
CP142617.1	389463	389498	2
CP142617.1	389498	389500	1
CP142617.1	389500	389532	2
CP142617.1	389532	389533	1
CP142617.1	389533	389540	2
CP142617.1	389540	389543	1
CP142617.1	389543	389549	0
CP142617.1	389549	389688	1
CP142617.1	389688	389723	0
CP142617.1	389723	389915	1
CP142617.1	389915	390033	2
CP142617.1	390033	390041	1
CP142617.1	390041	390076	2
CP142617.1	390076	390104	3
CP142617.1	390104	390129	2
CP142617.1	390129	390148	1
CP142617.1	390148	390153	2
CP142617.1	390153	390155	1
CP142617.1	390155	390156	0
CP142617.1	390156	390305	1
CP142617.1	390305	390329	2
CP142617.1	390329	390330	1
CP142617.1	390330	390374	2
CP142617.1	390374	390377	1
CP142617.1	390377	390388	2
CP142617.1	390388	390413	1
CP142617.1	390413	390430	2
CP142617.1	390430	390452	3
CP142617.1	390452	390480	2
CP142617.1	390480	390525	3
CP142617.1	390525	390527	2
CP142617.1	390527	390561	3
CP142617.1	390561	390584	2
CP142617.1	390584	390587	0
CP142617.1	390587	390617	2
CP142617.1	390617	390625	3
CP142617.1	390625	390642	2
CP142617.1	390642	390715	1
CP142617.1	390715	390718	0
CP142617.1	390718	390725	1
CP142617.1	390725	390727	2
CP142617.1	390727	390788	3
CP142617.1	390788	390791	2
CP142617.1	390791	390842	3
CP142617.1	390842	390856	2
CP142617.1	390856	390923	1
CP142617.1	390923	390991	2
CP142617.1	390991	390992	1
CP142617.1	390992	391019	2
CP142617.1	391019	391025	1
CP142617.1	391025	391112	0
CP142617.1	391112	391149	1
CP142617.1	391149	391150	0
CP142617.1	391150	391177	1
CP142617.1	391177	391196	2
CP142617.1	391196	391197	1
CP142617.1	391197	391251	2
CP142617.1	391251	391269	1
CP142617.1	391269	391356	2
CP142617.1	391356	391357	0
CP142617.1	391357	391358	1
CP142617.1	391358	391412	2
CP142617.1	391412	391442	3
CP142617.1	391442	391444	4
CP142617.1	391444	391451	3
CP142617.1	391451	391457	2
CP142617.1	391457	391529	1
CP142617.1	391529	391594	2
CP142617.1	391594	391638	1
CP142617.1	391638	391687	2
CP142617.1	391687	391725	3
CP142617.1	391725	391728	2
CP142617.1	391728	391744	3
CP142617.1	391744	391745	2
CP142617.1	391745	391775	3
CP142617.1	391775	391783	2
CP142617.1	391783	391788	0
CP142617.1	391788	391925	1
CP142617.1	391925	391967	2
CP142617.1	391967	392000	1
CP142617.1	392000	392088	0
CP142617.1	392088	392098	1
CP142617.1	392098	392101	0
CP142617.1	392101	392157	1
CP142617.1	392157	392158	0
CP142617.1	392158	392224	1
CP142617.1	392224	392230	0
CP142617.1	392230	392439	1
CP142617.1	392439	392440	0
CP142617.1	392440	392495	1
CP142617.1	392495	392525	2
CP142617.1	392525	392533	1
CP142617.1	392533	392551	2
CP142617.1	392551	392552	1
CP142617.1	392552	392621	2
CP142617.1	392621	392635	3
CP142617.1	392635	392681	2
CP142617.1	392681	392871	1
CP142617.1	392871	392936	2
CP142617.1	392936	392978	1
CP142617.1	392978	393119	0
CP142617.1	393119	393375	1
CP142617.1	393375	393457	0
CP142617.1	393457	393493	1
CP142617.1	393493	393558	2
CP142617.1	393558	393559	1
CP142617.1	393559	393561	0
CP142617.1	393561	393563	2
CP142617.1	393563	393564	1
CP142617.1	393564	393565	0
CP142617.1	393565	393569	2
CP142617.1	393569	393601	3
CP142617.1	393601	393604	2
CP142617.1	393604	393605	0
CP142617.1	393605	393606	1
CP142617.1	393606	393639	2
CP142617.1	393639	393647	1
CP142617.1	393647	393728	2
CP142617.1	393728	393747	3
CP142617.1	393747	393783	2
CP142617.1	393783	393846	1
CP142617.1	393846	393863	0
CP142617.1	393863	393915	1
CP142617.1	393915	393917	0
CP142617.1	393917	393946	1
CP142617.1	393946	393963	0
CP142617.1	393963	394001	1
CP142617.1	394001	394002	0
CP142617.1	394002	394008	1
CP142617.1	394008	394032	2
CP142617.1	394032	394035	1
CP142617.1	394035	394149	2
CP142617.1	394149	394160	3
CP142617.1	394160	394173	4
CP142617.1	394173	394202	3
CP142617.1	394202	394241	2
CP142617.1	394241	394252	1
CP142617.1	394252	394258	2
CP142617.1	394258	394313	1
CP142617.1	394313	394319	2
CP142617.1	394319	394339	3
CP142617.1	394339	394348	2
CP142617.1	394348	394351	1
CP142617.1	394351	394468	2
CP142617.1	394468	394516	1
CP142617.1	394516	394520	0
CP142617.1	394520	394610	1
CP142617.1	394610	394704	0
CP142617.1	394704	394710	1
CP142617.1	394710	394713	2
CP142617.1	394713	394844	3
CP142617.1	394844	394847	0
CP142617.1	394847	394857	3
CP142617.1	394857	394860	2
CP142617.1	394860	394876	3
CP142617.1	394876	394884	2
CP142617.1	394884	394951	1
CP142617.1	394951	394961	0
CP142617.1	394961	395025	1
CP142617.1	395025	395241	0
CP142617.1	395241	395382	1
CP142617.1	395382	395384	0
CP142617.1	395384	395436	1
CP142617.1	395436	395497	0
CP142617.1	395497	395563	1
CP142617.1	395563	395768	0
CP142617.1	395768	395795	1
CP142617.1	395795	395838	2
CP142617.1	395838	395906	1
CP142617.1	395906	395922	0
CP142617.1	395922	395955	1
CP142617.1	395955	395956	2
CP142617.1	395956	396058	3
CP142617.1	396058	396073	4
CP142617.1	396073	396097	5
CP142617.1	396097	396102	4
CP142617.1	396102	396103	3
CP142617.1	396103	396126	4
CP142617.1	396126	396157	3
CP142617.1	396157	396200	2
CP142617.1	396200	396208	1
CP142617.1	396208	396268	0
CP142617.1	396268	396348	1
CP142617.1	396348	396350	0
CP142617.1	396350	396366	1
CP142617.1	396366	396367	0
CP142617.1	396367	396382	1
CP142617.1	396382	396383	0
CP142617.1	396383	396430	1
CP142617.1	396430	396453	2
CP142617.1	396453	396546	1
CP142617.1	396546	396547	0
CP142617.1	396547	396648	1
CP142617.1	396648	396703	2
CP142617.1	396703	396739	3
CP142617.1	396739	396747	2
CP142617.1	396747	396756	3
CP142617.1	396756	396792	2
CP142617.1	396792	396793	1
CP142617.1	396793	396802	2
CP142617.1	396802	396803	1
CP142617.1	396803	396817	2
CP142617.1	396817	396832	1
CP142617.1	396832	396834	0
CP142617.1	396834	396861	1
CP142617.1	396861	397281	0
CP142617.1	397281	397332	1
CP142617.1	397332	397334	2
CP142617.1	397334	397352	3
CP142617.1	397352	397362	4
CP142617.1	397362	397363	3
CP142617.1	397363	397384	4
CP142617.1	397384	397403	3
CP142617.1	397403	397417	2
CP142617.1	397417	397433	1
CP142617.1	397433	397442	0
CP142617.1	397442	397500	1
CP142617.1	397500	397700	0
CP142617.1	397700	397763	1
CP142617.1	397763	397772	2
CP142617.1	397772	397773	1
CP142617.1	397773	397798	2
CP142617.1	397798	397801	1
CP142617.1	397801	397802	2
CP142617.1	397802	397841	3
CP142617.1	397841	397864	2
CP142617.1	397864	397875	3
CP142617.1	397875	397877	2
CP142617.1	397877	397921	3
CP142617.1	397921	397963	2
CP142617.1	397963	398039	3
CP142617.1	398039	398076	2
CP142617.1	398076	398087	3
CP142617.1	398087	398126	2
CP142617.1	398126	398138	1
CP142617.1	398138	398189	0
CP142617.1	398189	398228	1
CP142617.1	398228	398234	0
CP142617.1	398234	398279	1
CP142617.1	398279	398423	0
CP142617.1	398423	398512	1
CP142617.1	398512	398621	0
CP142617.1	398621	398622	1
CP142617.1	398622	398632	2
CP142617.1	398632	398638	3
CP142617.1	398638	398644	4
CP142617.1	398644	398645	3
CP142617.1	398645	398681	4
CP142617.1	398681	398699	3
CP142617.1	398699	398700	2
CP142617.1	398700	398723	3
CP142617.1	398723	398740	2
CP142617.1	398740	398773	3
CP142617.1	398773	398776	2
CP142617.1	398776	398812	3
CP142617.1	398812	398839	4
CP142617.1	398839	398845	3
CP142617.1	398845	398846	2
CP142617.1	398846	398876	3
CP142617.1	398876	398903	4
CP142617.1	398903	398929	3
CP142617.1	398929	398943	4
CP142617.1	398943	398971	3
CP142617.1	398971	398980	2
CP142617.1	398980	399032	1
CP142617.1	399032	399046	0
CP142617.1	399046	399169	1
CP142617.1	399169	399256	2
CP142617.1	399256	399312	1
CP142617.1	399312	399364	2
CP142617.1	399364	399476	1
CP142617.1	399476	399479	0
CP142617.1	399479	399481	1
CP142617.1	399481	399487	2
CP142617.1	399487	399518	3
CP142617.1	399518	399542	4
CP142617.1	399542	399549	3
CP142617.1	399549	399552	4
CP142617.1	399552	399560	3
CP142617.1	399560	399597	2
CP142617.1	399597	399628	1
CP142617.1	399628	400024	0
CP142617.1	400024	400027	1
CP142617.1	400027	400032	2
CP142617.1	400032	400045	3
CP142617.1	400045	400119	4
CP142617.1	400119	400156	3
CP142617.1	400156	400246	2
CP142617.1	400246	400378	1
CP142617.1	400378	400392	2
CP142617.1	400392	400407	1
CP142617.1	400407	400418	0
CP142617.1	400418	400449	1
CP142617.1	400449	400562	2
CP142617.1	400562	400621	1
CP142617.1	400621	400691	0
CP142617.1	400691	400852	1
CP142617.1	400852	400981	0
CP142617.1	400981	401072	1
CP142617.1	401072	401131	2
CP142617.1	401131	401184	1
CP142617.1	401184	401321	2
CP142617.1	401321	401322	1
CP142617.1	401322	401325	2
CP142617.1	401325	401354	3
CP142617.1	401354	401359	2
CP142617.1	401359	401395	3
CP142617.1	401395	401421	4
CP142617.1	401421	401426	3
CP142617.1	401426	401434	4
CP142617.1	401434	401435	3
CP142617.1	401435	401438	2
CP142617.1	401438	401467	3
CP142617.1	401467	401514	2
CP142617.1	401514	401545	3
CP142617.1	401545	401546	2
CP142617.1	401546	401547	3
CP142617.1	401547	401596	2
CP142617.1	401596	401610	3
CP142617.1	401610	401611	2
CP142617.1	401611	401660	3
CP142617.1	401660	401665	2
CP142617.1	401665	401700	1
CP142617.1	401700	401744	0
CP142617.1	401744	401858	1
CP142617.1	401858	401896	2
CP142617.1	401896	401898	1
CP142617.1	401898	401909	2
CP142617.1	401909	401927	1
CP142617.1	401927	401928	0
CP142617.1	401928	402058	1
CP142617.1	402058	402169	2
CP142617.1	402169	402179	1
CP142617.1	402179	402180	0
CP142617.1	402180	402296	1
CP142617.1	402296	402392	0
CP142617.1	402392	402462	1
CP142617.1	402462	402516	2
CP142617.1	402516	402517	1
CP142617.1	402517	402539	2
CP142617.1	402539	402578	1
CP142617.1	402578	402592	2
CP142617.1	402592	402755	1
CP142617.1	402755	402781	2
CP142617.1	402781	402804	3
CP142617.1	402804	402826	2
CP142617.1	402826	402869	3
CP142617.1	402869	402870	2
CP142617.1	402870	402895	3
CP142617.1	402895	402919	2
CP142617.1	402919	403003	1
CP142617.1	403003	403026	0
CP142617.1	403026	403116	1
CP142617.1	403116	403154	0
CP142617.1	403154	403290	1
CP142617.1	403290	403318	0
CP142617.1	403318	403391	1
CP142617.1	403391	403413	2
CP142617.1	403413	403422	3
CP142617.1	403422	403437	2
CP142617.1	403437	403463	3
CP142617.1	403463	403465	2
CP142617.1	403465	403492	3
CP142617.1	403492	403543	2
CP142617.1	403543	403557	1
CP142617.1	403557	403558	0
CP142617.1	403558	403574	1
CP142617.1	403574	403577	2
CP142617.1	403577	403626	3
CP142617.1	403626	403648	0
CP142617.1	403648	403726	1
CP142617.1	403726	403728	0
CP142617.1	403728	403905	1
CP142617.1	403905	404206	0
CP142617.1	404206	404211	1
CP142617.1	404211	404251	2
CP142617.1	404251	404253	3
CP142617.1	404253	404259	2
CP142617.1	404259	404409	1
CP142617.1	404409	404435	2
CP142617.1	404435	404453	1
CP142617.1	404453	404490	2
CP142617.1	404490	404522	3
CP142617.1	404522	404557	2
CP142617.1	404557	404597	1
CP142617.1	404597	404700	0
CP142617.1	404700	404767	1
CP142617.1	404767	404768	0
CP142617.1	404768	404815	1
CP142617.1	404815	404851	2
CP142617.1	404851	404856	1
CP142617.1	404856	404870	2
CP142617.1	404870	404871	1
CP142617.1	404871	404872	0
CP142617.1	404872	404873	1
CP142617.1	404873	404913	2
CP142617.1	404913	404914	1
CP142617.1	404914	405068	0
CP142617.1	405068	405110	1
CP142617.1	405110	405165	2
CP142617.1	405165	405227	1
CP142617.1	405227	405230	0
CP142617.1	405230	405237	1
CP142617.1	405237	405317	2
CP142617.1	405317	405412	1
CP142617.1	405412	405444	2
CP142617.1	405444	405479	1
CP142617.1	405479	405538	2
CP142617.1	405538	405611	1
CP142617.1	405611	405674	0
CP142617.1	405674	405692	1
CP142617.1	405692	405693	0
CP142617.1	405693	405764	1
CP142617.1	405764	405767	0
CP142617.1	405767	405769	1
CP142617.1	405769	405773	2
CP142617.1	405773	405807	3
CP142617.1	405807	405808	2
CP142617.1	405808	405834	3
CP142617.1	405834	405835	1
CP142617.1	405835	405901	2
CP142617.1	405901	405903	0
CP142617.1	405903	405905	1
CP142617.1	405905	405919	2
CP142617.1	405919	405922	0
CP142617.1	405922	405937	2
CP142617.1	405937	405942	3
CP142617.1	405942	405969	4
CP142617.1	405969	405979	3
CP142617.1	405979	406028	2
CP142617.1	406028	406082	1
CP142617.1	406082	406094	2
CP142617.1	406094	406178	1
CP142617.1	406178	406194	2
CP142617.1	406194	406209	1
CP142617.1	406209	406240	2
CP142617.1	406240	406277	3
CP142617.1	406277	406292	2
CP142617.1	406292	406312	3
CP142617.1	406312	406350	2
CP142617.1	406350	406623	1
CP142617.1	406623	406723	0
CP142617.1	406723	406812	1
CP142617.1	406812	406916	0
CP142617.1	406916	406971	1
CP142617.1	406971	406972	0
CP142617.1	406972	406982	1
CP142617.1	406982	406990	2
CP142617.1	406990	406992	1
CP142617.1	406992	407033	2
CP142617.1	407033	407036	1
CP142617.1	407036	407037	2
CP142617.1	407037	407050	1
CP142617.1	407050	407264	0
CP142617.1	407264	407283	1
CP142617.1	407283	407292	0
CP142617.1	407292	407466	1
CP142617.1	407466	407499	0
CP142617.1	407499	407555	1
CP142617.1	407555	407691	2
CP142617.1	407691	407720	1
CP142617.1	407720	407761	2
CP142617.1	407761	407782	1
CP142617.1	407782	407837	2
CP142617.1	407837	407843	3
CP142617.1	407843	407863	4
CP142617.1	407863	407870	5
CP142617.1	407870	407884	4
CP142617.1	407884	407886	3
CP142617.1	407886	407902	2
CP142617.1	407902	407954	3
CP142617.1	407954	407986	4
CP142617.1	407986	407997	3
CP142617.1	407997	408037	2
CP142617.1	408037	408041	1
CP142617.1	408041	408075	2
CP142617.1	408075	408078	3
CP142617.1	408078	408091	4
CP142617.1	408091	408092	2
CP142617.1	408092	408095	4
CP142617.1	408095	408101	3
CP142617.1	408101	408102	4
CP142617.1	408102	408103	3
CP142617.1	408103	408109	5
CP142617.1	408109	408138	4
CP142617.1	408138	408140	5
CP142617.1	408140	408148	4
CP142617.1	408148	408149	3
CP142617.1	408149	408162	4
CP142617.1	408162	408163	3
CP142617.1	408163	408177	4
CP142617.1	408177	408182	3
CP142617.1	408182	408186	4
CP142617.1	408186	408187	3
CP142617.1	408187	408215	4
CP142617.1	408215	408234	3
CP142617.1	408234	408236	2
CP142617.1	408236	408237	4
CP142617.1	408237	408243	3
CP142617.1	408243	408249	2
CP142617.1	408249	408283	3
CP142617.1	408283	408287	4
CP142617.1	408287	408298	5
CP142617.1	408298	408305	4
CP142617.1	408305	408329	5
CP142617.1	408329	408368	3
CP142617.1	408368	408377	2
CP142617.1	408377	408383	1
CP142617.1	408383	408411	2
CP142617.1	408411	408420	3
CP142617.1	408420	408462	2
CP142617.1	408462	408517	1
CP142617.1	408517	408672	0
CP142617.1	408672	408727	1
CP142617.1	408727	408751	2
CP142617.1	408751	408904	1
CP142617.1	408904	408941	2
CP142617.1	408941	408957	3
CP142617.1	408957	409007	2
CP142617.1	409007	409008	1
CP142617.1	409008	409009	0
CP142617.1	409009	409011	1
CP142617.1	409011	409033	2
CP142617.1	409033	409069	3
CP142617.1	409069	409130	2
CP142617.1	409130	409212	1
CP142617.1	409212	409265	2
CP142617.1	409265	409268	1
CP142617.1	409268	409290	2
CP142617.1	409290	409535	1
CP142617.1	409535	409558	2
CP142617.1	409558	409577	1
CP142617.1	409577	409718	2
CP142617.1	409718	409796	1
CP142617.1	409796	409800	2
CP142617.1	409800	409867	3
CP142617.1	409867	409895	2
CP142617.1	409895	409921	1
CP142617.1	409921	410006	0
CP142617.1	410006	410057	1
CP142617.1	410057	410087	2
CP142617.1	410087	410088	1
CP142617.1	410088	410123	2
CP142617.1	410123	410247	1
CP142617.1	410247	410349	2
CP142617.1	410349	410350	1
CP142617.1	410350	410419	2
CP142617.1	410419	410454	1
CP142617.1	410454	410459	0
CP142617.1	410459	410642	1
CP142617.1	410642	410744	2
CP142617.1	410744	410745	1
CP142617.1	410745	410753	2
CP142617.1	410753	410809	3
CP142617.1	410809	410850	2
CP142617.1	410850	410858	3
CP142617.1	410858	410859	2
CP142617.1	410859	410906	3
CP142617.1	410906	410913	2
CP142617.1	410913	410916	1
CP142617.1	410916	410946	0
CP142617.1	410946	411057	1
CP142617.1	411057	411059	0
CP142617.1	411059	411227	1
CP142617.1	411227	411231	0
CP142617.1	411231	411321	1
CP142617.1	411321	411329	2
CP142617.1	411329	411477	1
CP142617.1	411477	411511	2
CP142617.1	411511	411573	1
CP142617.1	411573	411654	2
CP142617.1	411654	411682	1
CP142617.1	411682	411845	0
CP142617.1	411845	411896	1
CP142617.1	411896	411900	2
CP142617.1	411900	411924	3
CP142617.1	411924	411974	2
CP142617.1	411974	411979	1
CP142617.1	411979	411995	2
CP142617.1	411995	411996	1
CP142617.1	411996	412132	2
CP142617.1	412132	412134	0
CP142617.1	412134	412135	2
CP142617.1	412135	412148	3
CP142617.1	412148	412151	2
CP142617.1	412151	412168	3
CP142617.1	412168	412181	2
CP142617.1	412181	412207	1
CP142617.1	412207	412284	0
CP142617.1	412284	412292	1
CP142617.1	412292	412375	2
CP142617.1	412375	412439	1
CP142617.1	412439	412492	2
CP142617.1	412492	412493	1
CP142617.1	412493	412530	2
CP142617.1	412530	412556	1
CP142617.1	412556	412565	0
CP142617.1	412565	412624	1
CP142617.1	412624	413048	0
CP142617.1	413048	413118	1
CP142617.1	413118	413140	2
CP142617.1	413140	413162	1
CP142617.1	413162	413173	2
CP142617.1	413173	413376	1
CP142617.1	413376	413464	2
CP142617.1	413464	413590	1
CP142617.1	413590	413718	0
CP142617.1	413718	413791	1
CP142617.1	413791	413794	2
CP142617.1	413794	413882	3
CP142617.1	413882	413931	2
CP142617.1	413931	413986	1
CP142617.1	413986	414042	0
CP142617.1	414042	414074	1
CP142617.1	414074	414088	0
CP142617.1	414088	414230	1
CP142617.1	414230	414238	0
CP142617.1	414238	414360	1
CP142617.1	414360	414363	0
CP142617.1	414363	414377	1
CP142617.1	414377	414515	0
CP142617.1	414515	414524	1
CP142617.1	414524	414541	2
CP142617.1	414541	414553	1
CP142617.1	414553	414556	2
CP142617.1	414556	414602	3
CP142617.1	414602	414603	2
CP142617.1	414603	414622	3
CP142617.1	414622	414669	2
CP142617.1	414669	414696	1
CP142617.1	414696	414710	0
CP142617.1	414710	414808	1
CP142617.1	414808	414832	2
CP142617.1	414832	414843	3
CP142617.1	414843	414844	2
CP142617.1	414844	414852	3
CP142617.1	414852	414853	2
CP142617.1	414853	414894	3
CP142617.1	414894	414913	2
CP142617.1	414913	414922	3
CP142617.1	414922	414942	2
CP142617.1	414942	414944	0
CP142617.1	414944	414945	1
CP142617.1	414945	414970	2
CP142617.1	414970	415026	1
CP142617.1	415026	415129	0
CP142617.1	415129	415162	1
CP142617.1	415162	415277	2
CP142617.1	415277	415297	1
CP142617.1	415297	415310	0
CP142617.1	415310	415474	1
CP142617.1	415474	415485	0
CP142617.1	415485	415586	1
CP142617.1	415586	415676	2
CP142617.1	415676	415763	1
CP142617.1	415763	415847	2
CP142617.1	415847	415894	1
CP142617.1	415894	415898	0
CP142617.1	415898	416153	1
CP142617.1	416153	416182	0
CP142617.1	416182	416205	1
CP142617.1	416205	416264	2
CP142617.1	416264	416277	1
CP142617.1	416277	416419	0
CP142617.1	416419	416431	1
CP142617.1	416431	416467	2
CP142617.1	416467	416468	1
CP142617.1	416468	416496	2
CP142617.1	416496	416566	1
CP142617.1	416566	417075	0
CP142617.1	417075	417219	1
CP142617.1	417219	417229	2
CP142617.1	417229	417265	3
CP142617.1	417265	417266	2
CP142617.1	417266	417336	1
CP142617.1	417336	417355	2
CP142617.1	417355	417373	3
CP142617.1	417373	417389	4
CP142617.1	417389	417390	3
CP142617.1	417390	417396	4
CP142617.1	417396	417407	3
CP142617.1	417407	417512	4
CP142617.1	417512	417572	3
CP142617.1	417572	417592	4
CP142617.1	417592	417608	3
CP142617.1	417608	417615	2
CP142617.1	417615	417620	1
CP142617.1	417620	417636	2
CP142617.1	417636	417700	1
CP142617.1	417700	417736	0
CP142617.1	417736	417739	1
CP142617.1	417739	417823	2
CP142617.1	417823	417865	3
CP142617.1	417865	417874	4
CP142617.1	417874	417879	5
CP142617.1	417879	417892	6
CP142617.1	417892	417894	5
CP142617.1	417894	417929	6
CP142617.1	417929	417930	5
CP142617.1	417930	417971	6
CP142617.1	417971	417977	5
CP142617.1	417977	417980	4
CP142617.1	417980	417981	3
CP142617.1	417981	418039	2
CP142617.1	418039	418081	1
CP142617.1	418081	418162	0
CP142617.1	418162	418210	1
CP142617.1	418210	418227	0
CP142617.1	418227	418291	1
CP142617.1	418291	418597	0
CP142617.1	418597	418649	1
CP142617.1	418649	418651	0
CP142617.1	418651	418721	2
CP142617.1	418721	418755	1
CP142617.1	418755	418946	0
CP142617.1	418946	419142	1
CP142617.1	419142	419201	2
CP142617.1	419201	419204	1
CP142617.1	419204	419244	2
CP142617.1	419244	419258	1
CP142617.1	419258	419283	2
CP142617.1	419283	419287	1
CP142617.1	419287	419350	2
CP142617.1	419350	419362	1
CP142617.1	419362	419385	2
CP142617.1	419385	419431	3
CP142617.1	419431	419446	2
CP142617.1	419446	419534	1
CP142617.1	419534	419550	2
CP142617.1	419550	419640	3
CP142617.1	419640	419641	2
CP142617.1	419641	419722	3
CP142617.1	419722	419723	2
CP142617.1	419723	419753	1
CP142617.1	419753	419774	2
CP142617.1	419774	419775	1
CP142617.1	419775	419818	2
CP142617.1	419818	419837	3
CP142617.1	419837	419863	4
CP142617.1	419863	419864	3
CP142617.1	419864	419873	4
CP142617.1	419873	419905	3
CP142617.1	419905	419919	2
CP142617.1	419919	419928	1
CP142617.1	419928	420018	2
CP142617.1	420018	420023	3
CP142617.1	420023	420082	2
CP142617.1	420082	420120	1
CP142617.1	420120	420158	2
CP142617.1	420158	420194	1
CP142617.1	420194	420238	2
CP142617.1	420238	420288	3
CP142617.1	420288	420295	2
CP142617.1	420295	420343	1
CP142617.1	420343	420481	0
CP142617.1	420481	420543	1
CP142617.1	420543	420547	0
CP142617.1	420547	420638	1
CP142617.1	420638	420761	2
CP142617.1	420761	420771	3
CP142617.1	420771	420791	4
CP142617.1	420791	420843	3
CP142617.1	420843	420844	2
CP142617.1	420844	420846	3
CP142617.1	420846	420904	2
CP142617.1	420904	421072	1
CP142617.1	421072	421176	0
CP142617.1	421176	421270	1
CP142617.1	421270	421545	0
CP142617.1	421545	421607	1
CP142617.1	421607	421610	2
CP142617.1	421610	421671	3
CP142617.1	421671	421709	4
CP142617.1	421709	421729	3
CP142617.1	421729	421753	4
CP142617.1	421753	421754	3
CP142617.1	421754	421760	4
CP142617.1	421760	421765	5
CP142617.1	421765	421786	4
CP142617.1	421786	421812	3
CP142617.1	421812	421826	2
CP142617.1	421826	421830	1
CP142617.1	421830	421834	0
CP142617.1	421834	422025	1
CP142617.1	422025	422031	0
CP142617.1	422031	422115	1
CP142617.1	422115	422130	0
CP142617.1	422130	422204	1
CP142617.1	422204	422487	0
CP142617.1	422487	422534	1
CP142617.1	422534	422783	0
CP142617.1	422783	422850	1
CP142617.1	422850	422871	2
CP142617.1	422871	422873	0
CP142617.1	422873	422893	2
CP142617.1	422893	422907	3
CP142617.1	422907	422908	2
CP142617.1	422908	422909	1
CP142617.1	422909	422922	3
CP142617.1	422922	422923	1
CP142617.1	422923	422955	3
CP142617.1	422955	422956	2
CP142617.1	422956	422957	1
CP142617.1	422957	423041	2
CP142617.1	423041	423255	0
CP142617.1	423255	423326	1
CP142617.1	423326	423526	0
CP142617.1	423526	423630	1
CP142617.1	423630	423703	2
CP142617.1	423703	423704	1
CP142617.1	423704	423751	2
CP142617.1	423751	423752	1
CP142617.1	423752	423761	2
CP142617.1	423761	423800	1
CP142617.1	423800	423808	0
CP142617.1	423808	423816	1
CP142617.1	423816	423827	2
CP142617.1	423827	423831	1
CP142617.1	423831	423921	2
CP142617.1	423921	423931	1
CP142617.1	423931	423932	0
CP142617.1	423932	424014	1
CP142617.1	424014	424031	2
CP142617.1	424031	424053	1
CP142617.1	424053	424090	2
CP142617.1	424090	424110	1
CP142617.1	424110	424133	2
CP142617.1	424133	424203	1
CP142617.1	424203	424263	2
CP142617.1	424263	424264	1
CP142617.1	424264	424288	2
CP142617.1	424288	424356	1
CP142617.1	424356	424497	0
CP142617.1	424497	424524	1
CP142617.1	424524	424571	2
CP142617.1	424571	424572	1
CP142617.1	424572	424577	2
CP142617.1	424577	424582	1
CP142617.1	424582	424583	0
CP142617.1	424583	424627	1
CP142617.1	424627	424803	0
CP142617.1	424803	424859	1
CP142617.1	424859	424877	0
CP142617.1	424877	424902	1
CP142617.1	424902	424936	2
CP142617.1	424936	424941	3
CP142617.1	424941	424964	2
CP142617.1	424964	424965	0
CP142617.1	424965	424969	1
CP142617.1	424969	424970	0
CP142617.1	424970	425073	1
CP142617.1	425073	425074	0
CP142617.1	425074	425197	1
CP142617.1	425197	425230	0
CP142617.1	425230	425288	1
CP142617.1	425288	425333	2
CP142617.1	425333	425410	1
CP142617.1	425410	425437	2
CP142617.1	425437	425466	3
CP142617.1	425466	425483	2
CP142617.1	425483	425513	3
CP142617.1	425513	425528	2
CP142617.1	425528	425542	1
CP142617.1	425542	425558	2
CP142617.1	425558	425594	3
CP142617.1	425594	425642	2
CP142617.1	425642	425651	1
CP142617.1	425651	425836	0
CP142617.1	425836	425931	1
CP142617.1	425931	425967	2
CP142617.1	425967	426055	1
CP142617.1	426055	426056	0
CP142617.1	426056	426119	1
CP142617.1	426119	426137	0
CP142617.1	426137	426193	1
CP142617.1	426193	426229	2
CP142617.1	426229	426352	1
CP142617.1	426352	426624	0
CP142617.1	426624	426648	1
CP142617.1	426648	426720	2
CP142617.1	426720	426733	3
CP142617.1	426733	426757	4
CP142617.1	426757	426764	3
CP142617.1	426764	426767	2
CP142617.1	426767	426791	3
CP142617.1	426791	426792	2
CP142617.1	426792	426798	3
CP142617.1	426798	426858	2
CP142617.1	426858	426907	1
CP142617.1	426907	426952	0
CP142617.1	426952	426987	1
CP142617.1	426987	426989	0
CP142617.1	426989	427050	1
CP142617.1	427050	427057	2
CP142617.1	427057	427071	3
CP142617.1	427071	427163	2
CP142617.1	427163	427268	1
CP142617.1	427268	427492	0
CP142617.1	427492	427496	1
CP142617.1	427496	427558	2
CP142617.1	427558	427603	3
CP142617.1	427603	427606	2
CP142617.1	427606	427617	3
CP142617.1	427617	427634	2
CP142617.1	427634	427658	3
CP142617.1	427658	427662	2
CP142617.1	427662	427668	0
CP142617.1	427668	427682	2
CP142617.1	427682	427702	1
CP142617.1	427702	427715	2
CP142617.1	427715	427730	3
CP142617.1	427730	427731	2
CP142617.1	427731	427737	3
CP142617.1	427737	427738	2
CP142617.1	427738	427740	3
CP142617.1	427740	427743	2
CP142617.1	427743	427751	3
CP142617.1	427751	427752	4
CP142617.1	427752	427778	5
CP142617.1	427778	427789	4
CP142617.1	427789	427819	5
CP142617.1	427819	427833	4
CP142617.1	427833	427869	3
CP142617.1	427869	427870	1
CP142617.1	427870	427871	2
CP142617.1	427871	427905	3
CP142617.1	427905	427926	2
CP142617.1	427926	427943	1
CP142617.1	427943	428000	2
CP142617.1	428000	428001	1
CP142617.1	428001	428092	2
CP142617.1	428092	428096	1
CP142617.1	428096	428105	2
CP142617.1	428105	428113	3
CP142617.1	428113	428126	2
CP142617.1	428126	428132	1
CP142617.1	428132	428194	2
CP142617.1	428194	428195	1
CP142617.1	428195	428227	2
CP142617.1	428227	428286	1
CP142617.1	428286	428294	0
CP142617.1	428294	428309	1
CP142617.1	428309	428386	2
CP142617.1	428386	428389	1
CP142617.1	428389	428404	2
CP142617.1	428404	428405	1
CP142617.1	428405	428410	2
CP142617.1	428410	428414	3
CP142617.1	428414	428472	4
CP142617.1	428472	428485	3
CP142617.1	428485	428526	4
CP142617.1	428526	428572	3
CP142617.1	428572	428624	2
CP142617.1	428624	428646	1
CP142617.1	428646	428655	2
CP142617.1	428655	428792	1
CP142617.1	428792	428796	0
CP142617.1	428796	428804	1
CP142617.1	428804	428832	2
CP142617.1	428832	428969	1
CP142617.1	428969	429010	0
CP142617.1	429010	429065	1
CP142617.1	429065	429136	2
CP142617.1	429136	429160	1
CP142617.1	429160	429161	0
CP142617.1	429161	429169	1
CP142617.1	429169	429185	0
CP142617.1	429185	429190	1
CP142617.1	429190	429216	2
CP142617.1	429216	429263	3
CP142617.1	429263	429264	2
CP142617.1	429264	429305	3
CP142617.1	429305	429323	2
CP142617.1	429323	429329	3
CP142617.1	429329	429335	2
CP142617.1	429335	429336	1
CP142617.1	429336	429370	2
CP142617.1	429370	429377	3
CP142617.1	429377	429389	2
CP142617.1	429389	429390	1
CP142617.1	429390	429391	0
CP142617.1	429391	429435	1
CP142617.1	429435	429456	2
CP142617.1	429456	429529	3
CP142617.1	429529	429532	2
CP142617.1	429532	429565	3
CP142617.1	429565	429609	2
CP142617.1	429609	429643	3
CP142617.1	429643	429650	2
CP142617.1	429650	429676	3
CP142617.1	429676	429679	2
CP142617.1	429679	429692	3
CP142617.1	429692	429693	2
CP142617.1	429693	429714	3
CP142617.1	429714	429720	2
CP142617.1	429720	429783	1
CP142617.1	429783	430045	0
CP142617.1	430045	430100	1
CP142617.1	430100	430129	2
CP142617.1	430129	430154	1
CP142617.1	430154	430197	2
CP142617.1	430197	430227	3
CP142617.1	430227	430228	2
CP142617.1	430228	430260	3
CP142617.1	430260	430315	2
CP142617.1	430315	430414	1
CP142617.1	430414	430443	0
CP142617.1	430443	430524	1
CP142617.1	430524	430529	2
CP142617.1	430529	430619	1
CP142617.1	430619	430628	2
CP142617.1	430628	430662	3
CP142617.1	430662	430716	2
CP142617.1	430716	430726	1
CP142617.1	430726	430780	2
CP142617.1	430780	430781	1
CP142617.1	430781	430806	2
CP142617.1	430806	430812	1
CP142617.1	430812	430884	0
CP142617.1	430884	431029	1
CP142617.1	431029	431270	0
CP142617.1	431270	431310	1
CP142617.1	431310	431338	2
CP142617.1	431338	431392	3
CP142617.1	431392	431469	2
CP142617.1	431469	431483	3
CP142617.1	431483	431484	2
CP142617.1	431484	431492	3
CP142617.1	431492	431530	2
CP142617.1	431530	431556	3
CP142617.1	431556	431559	4
CP142617.1	431559	431567	5
CP142617.1	431567	431574	4
CP142617.1	431574	431575	3
CP142617.1	431575	431582	4
CP142617.1	431582	431583	3
CP142617.1	431583	431601	4
CP142617.1	431601	431602	3
CP142617.1	431602	431609	4
CP142617.1	431609	431677	3
CP142617.1	431677	431680	2
CP142617.1	431680	431681	3
CP142617.1	431681	431738	1
CP142617.1	431738	431859	2
CP142617.1	431859	431864	1
CP142617.1	431864	431912	2
CP142617.1	431912	431968	3
CP142617.1	431968	431969	2
CP142617.1	431969	431976	3
CP142617.1	431976	431986	2
CP142617.1	431986	431987	1
CP142617.1	431987	432057	0
CP142617.1	432057	432130	1
CP142617.1	432130	432131	0
CP142617.1	432131	432415	1
CP142617.1	432415	432420	0
CP142617.1	432420	432423	1
CP142617.1	432423	432436	2
CP142617.1	432436	432437	1
CP142617.1	432437	432538	2
CP142617.1	432538	432539	1
CP142617.1	432539	432592	0
CP142617.1	432592	432594	1
CP142617.1	432594	432686	2
CP142617.1	432686	432695	1
CP142617.1	432695	432715	2
CP142617.1	432715	432729	3
CP142617.1	432729	432785	2
CP142617.1	432785	432845	1
CP142617.1	432845	432847	0
CP142617.1	432847	432849	1
CP142617.1	432849	432877	2
CP142617.1	432877	432944	3
CP142617.1	432944	432947	2
CP142617.1	432947	432973	3
CP142617.1	432973	432974	1
CP142617.1	432974	432988	3
CP142617.1	432988	432989	2
CP142617.1	432989	432999	1
CP142617.1	432999	433023	2
CP142617.1	433023	433172	1
CP142617.1	433172	433302	0
CP142617.1	433302	433311	1
CP142617.1	433311	433340	2
CP142617.1	433340	433341	1
CP142617.1	433341	433389	2
CP142617.1	433389	433470	1
CP142617.1	433470	433486	2
CP142617.1	433486	433562	1
CP142617.1	433562	433592	2
CP142617.1	433592	433632	3
CP142617.1	433632	433642	4
CP142617.1	433642	433657	3
CP142617.1	433657	433676	2
CP142617.1	433676	433694	1
CP142617.1	433694	433698	2
CP142617.1	433698	433793	1
CP142617.1	433793	433998	0
CP142617.1	433998	434082	1
CP142617.1	434082	434100	2
CP142617.1	434100	434121	3
CP142617.1	434121	434122	2
CP142617.1	434122	434167	3
CP142617.1	434167	434224	4
CP142617.1	434224	434227	3
CP142617.1	434227	434269	2
CP142617.1	434269	434271	1
CP142617.1	434271	434322	2
CP142617.1	434322	434383	1
CP142617.1	434383	434447	0
CP142617.1	434447	434458	1
CP142617.1	434458	434556	2
CP142617.1	434556	434571	1
CP142617.1	434571	434604	2
CP142617.1	434604	434624	3
CP142617.1	434624	434626	2
CP142617.1	434626	434637	3
CP142617.1	434637	434638	2
CP142617.1	434638	434697	3
CP142617.1	434697	434705	2
CP142617.1	434705	434754	1
CP142617.1	434754	434774	2
CP142617.1	434774	434795	3
CP142617.1	434795	434796	2
CP142617.1	434796	434816	3
CP142617.1	434816	434817	2
CP142617.1	434817	434829	3
CP142617.1	434829	434850	2
CP142617.1	434850	434883	3
CP142617.1	434883	434886	0
CP142617.1	434886	434913	3
CP142617.1	434913	434915	2
CP142617.1	434915	434925	1
CP142617.1	434925	435105	0
CP142617.1	435105	435202	1
CP142617.1	435202	435237	2
CP142617.1	435237	435310	3
CP142617.1	435310	435317	2
CP142617.1	435317	435320	3
CP142617.1	435320	435339	2
CP142617.1	435339	435343	1
CP142617.1	435343	435393	2
CP142617.1	435393	435530	1
CP142617.1	435530	435537	2
CP142617.1	435537	435662	1
CP142617.1	435662	435671	2
CP142617.1	435671	435730	1
CP142617.1	435730	435772	2
CP142617.1	435772	435803	3
CP142617.1	435803	435819	4
CP142617.1	435819	435854	5
CP142617.1	435854	435857	4
CP142617.1	435857	435858	3
CP142617.1	435858	435859	4
CP142617.1	435859	435890	5
CP142617.1	435890	435910	4
CP142617.1	435910	435925	3
CP142617.1	435925	435929	4
CP142617.1	435929	436038	3
CP142617.1	436038	436044	2
CP142617.1	436044	436046	3
CP142617.1	436046	436061	2
CP142617.1	436061	436139	3
CP142617.1	436139	436141	2
CP142617.1	436141	436159	3
CP142617.1	436159	436182	2
CP142617.1	436182	436238	1
CP142617.1	436238	436693	0
CP142617.1	436693	436732	1
CP142617.1	436732	436811	2
CP142617.1	436811	436931	1
CP142617.1	436931	436966	2
CP142617.1	436966	436987	1
CP142617.1	436987	437061	0
CP142617.1	437061	437066	1
CP142617.1	437066	437068	2
CP142617.1	437068	437105	3
CP142617.1	437105	437121	4
CP142617.1	437121	437128	5
CP142617.1	437128	437144	4
CP142617.1	437144	437152	5
CP142617.1	437152	437241	4
CP142617.1	437241	437244	1
CP142617.1	437244	437259	0
CP142617.1	437259	437262	1
CP142617.1	437262	437268	4
CP142617.1	437268	437274	1
CP142617.1	437274	437275	4
CP142617.1	437275	437321	5
CP142617.1	437321	437339	4
CP142617.1	437339	437352	3
CP142617.1	437352	437394	1
CP142617.1	437394	437486	0
CP142617.1	437486	437604	1
CP142617.1	437604	438114	0
CP142617.1	438114	438150	1
CP142617.1	438150	438171	2
CP142617.1	438171	438192	1
CP142617.1	438192	438193	0
CP142617.1	438193	438231	1
CP142617.1	438231	438521	0
CP142617.1	438521	438640	1
CP142617.1	438640	438756	2
CP142617.1	438756	438778	1
CP142617.1	438778	438779	0
CP142617.1	438779	438785	1
CP142617.1	438785	438826	2
CP142617.1	438826	438834	3
CP142617.1	438834	438891	2
CP142617.1	438891	438968	1
CP142617.1	438968	438969	2
CP142617.1	438969	438971	3
CP142617.1	438971	439055	2
CP142617.1	439055	439061	1
CP142617.1	439061	439077	0
CP142617.1	439077	439152	1
CP142617.1	439152	439169	0
CP142617.1	439169	439228	2
CP142617.1	439228	439258	1
CP142617.1	439258	439272	0
CP142617.1	439272	439287	1
CP142617.1	439287	439323	2
CP142617.1	439323	439326	1
CP142617.1	439326	439376	2
CP142617.1	439376	439433	1
CP142617.1	439433	439548	2
CP142617.1	439548	439553	1
CP142617.1	439553	439850	0
CP142617.1	439850	439863	1
CP142617.1	439863	439888	2
CP142617.1	439888	439940	3
CP142617.1	439940	439941	2
CP142617.1	439941	439995	3
CP142617.1	439995	440012	2
CP142617.1	440012	440042	1
CP142617.1	440042	440134	0
CP142617.1	440134	440167	1
CP142617.1	440167	440168	0
CP142617.1	440168	440201	1
CP142617.1	440201	440202	0
CP142617.1	440202	440222	1
CP142617.1	440222	440226	0
CP142617.1	440226	440231	1
CP142617.1	440231	440329	2
CP142617.1	440329	440346	1
CP142617.1	440346	440349	0
CP142617.1	440349	440370	1
CP142617.1	440370	440381	2
CP142617.1	440381	440382	3
CP142617.1	440382	440437	2
CP142617.1	440437	440588	1
CP142617.1	440588	440623	0
CP142617.1	440623	440715	1
CP142617.1	440715	440716	2
CP142617.1	440716	440717	1
CP142617.1	440717	440791	2
CP142617.1	440791	440811	1
CP142617.1	440811	440843	0
CP142617.1	440843	440859	1
CP142617.1	440859	440880	2
CP142617.1	440880	440881	0
CP142617.1	440881	440899	2
CP142617.1	440899	440926	3
CP142617.1	440926	440991	2
CP142617.1	440991	441015	3
CP142617.1	441015	441050	2
CP142617.1	441050	441066	1
CP142617.1	441066	441384	0
CP142617.1	441384	441461	1
CP142617.1	441461	441471	0
CP142617.1	441471	441491	1
CP142617.1	441491	441644	2
CP142617.1	441644	441645	1
CP142617.1	441645	441671	2
CP142617.1	441671	441674	1
CP142617.1	441674	441738	2
CP142617.1	441738	441744	1
CP142617.1	441744	441747	0
CP142617.1	441747	441834	1
CP142617.1	441834	441839	0
CP142617.1	441839	441841	1
CP142617.1	441841	441880	2
CP142617.1	441880	441907	1
CP142617.1	441907	441948	2
CP142617.1	441948	441959	1
CP142617.1	441959	441962	0
CP142617.1	441962	441998	1
CP142617.1	441998	442005	0
CP142617.1	442005	442082	1
CP142617.1	442082	442132	2
CP142617.1	442132	442240	1
CP142617.1	442240	442284	2
CP142617.1	442284	442328	3
CP142617.1	442328	442329	2
CP142617.1	442329	442369	3
CP142617.1	442369	442375	2
CP142617.1	442375	442376	1
CP142617.1	442376	442418	2
CP142617.1	442418	442444	1
CP142617.1	442444	442446	2
CP142617.1	442446	442489	1
CP142617.1	442489	442504	2
CP142617.1	442504	442505	1
CP142617.1	442505	442535	2
CP142617.1	442535	442538	1
CP142617.1	442538	442551	2
CP142617.1	442551	442568	1
CP142617.1	442568	442815	0
CP142617.1	442815	442916	1
CP142617.1	442916	442992	0
CP142617.1	442992	443221	1
CP142617.1	443221	443332	0
CP142617.1	443332	443383	1
CP142617.1	443383	443418	2
CP142617.1	443418	443430	3
CP142617.1	443430	443435	2
CP142617.1	443435	443444	3
CP142617.1	443444	443469	4
CP142617.1	443469	443471	3
CP142617.1	443471	443497	4
CP142617.1	443497	443499	3
CP142617.1	443499	443528	4
CP142617.1	443528	443541	3
CP142617.1	443541	443558	4
CP142617.1	443558	443562	3
CP142617.1	443562	443587	2
CP142617.1	443587	443595	1
CP142617.1	443595	443603	2
CP142617.1	443603	443635	3
CP142617.1	443635	443636	1
CP142617.1	443636	443637	0
CP142617.1	443637	443656	3
CP142617.1	443656	443683	4
CP142617.1	443683	443684	3
CP142617.1	443684	443686	2
CP142617.1	443686	443696	3
CP142617.1	443696	443698	2
CP142617.1	443698	443744	3
CP142617.1	443744	443764	2
CP142617.1	443764	443782	1
CP142617.1	443782	444067	0
CP142617.1	444067	444087	3
CP142617.1	444087	444143	4
CP142617.1	444143	444146	2
CP142617.1	444146	444172	4
CP142617.1	444172	444176	2
CP142617.1	444176	444185	1
CP142617.1	444185	444258	2
CP142617.1	444258	444305	1
CP142617.1	444305	444408	2
CP142617.1	444408	444416	1
CP142617.1	444416	444489	0
CP142617.1	444489	444500	1
CP142617.1	444500	444507	2
CP142617.1	444507	444510	1
CP142617.1	444510	444524	2
CP142617.1	444524	444527	1
CP142617.1	444527	444528	2
CP142617.1	444528	444627	3
CP142617.1	444627	444628	2
CP142617.1	444628	444630	3
CP142617.1	444630	444652	2
CP142617.1	444652	444666	3
CP142617.1	444666	444735	2
CP142617.1	444735	444736	1
CP142617.1	444736	444768	2
CP142617.1	444768	444780	3
CP142617.1	444780	444792	2
CP142617.1	444792	444800	1
CP142617.1	444800	444819	2
CP142617.1	444819	444856	3
CP142617.1	444856	444956	2
CP142617.1	444956	444967	1
CP142617.1	444967	444968	0
CP142617.1	444968	445005	1
CP142617.1	445005	445028	2
CP142617.1	445028	445049	1
CP142617.1	445049	445064	2
CP142617.1	445064	445065	1
CP142617.1	445065	445125	2
CP142617.1	445125	445141	1
CP142617.1	445141	445192	0
CP142617.1	445192	445242	1
CP142617.1	445242	445508	0
CP142617.1	445508	445550	1
CP142617.1	445550	445551	0
CP142617.1	445551	445586	1
CP142617.1	445586	445589	0
CP142617.1	445589	445659	1
CP142617.1	445659	445765	0
CP142617.1	445765	445781	1
CP142617.1	445781	445838	2
CP142617.1	445838	445882	1
CP142617.1	445882	445928	2
CP142617.1	445928	445929	1
CP142617.1	445929	446072	2
CP142617.1	446072	446073	1
CP142617.1	446073	446114	2
CP142617.1	446114	446131	3
CP142617.1	446131	446133	2
CP142617.1	446133	446149	1
CP142617.1	446149	446150	0
CP142617.1	446150	446194	1
CP142617.1	446194	446260	0
CP142617.1	446260	446340	1
CP142617.1	446340	446364	2
CP142617.1	446364	446365	1
CP142617.1	446365	446393	2
CP142617.1	446393	446433	1
CP142617.1	446433	446456	0
CP142617.1	446456	446475	1
CP142617.1	446475	446491	2
CP142617.1	446491	446492	1
CP142617.1	446492	446539	2
CP142617.1	446539	446553	3
CP142617.1	446553	446599	2
CP142617.1	446599	446611	1
CP142617.1	446611	446613	2
CP142617.1	446613	446681	1
CP142617.1	446681	446705	3
CP142617.1	446705	446707	2
CP142617.1	446707	446710	3
CP142617.1	446710	446711	2
CP142617.1	446711	446725	3
CP142617.1	446725	446742	2
CP142617.1	446742	446767	1
CP142617.1	446767	446798	0
CP142617.1	446798	447060	1
CP142617.1	447060	447062	0
CP142617.1	447062	447101	1
CP142617.1	447101	447135	0
CP142617.1	447135	447236	1
CP142617.1	447236	447316	2
CP142617.1	447316	447448	1
CP142617.1	447448	447627	2
CP142617.1	447627	447628	1
CP142617.1	447628	447653	2
CP142617.1	447653	447657	3
CP142617.1	447657	447660	4
CP142617.1	447660	447674	3
CP142617.1	447674	447675	1
CP142617.1	447675	447697	3
CP142617.1	447697	447725	4
CP142617.1	447725	447728	3
CP142617.1	447728	447738	4
CP142617.1	447738	447753	3
CP142617.1	447753	447756	2
CP142617.1	447756	447765	3
CP142617.1	447765	447773	2
CP142617.1	447773	447838	1
CP142617.1	447838	447846	0
CP142617.1	447846	447884	1
CP142617.1	447884	447913	0
CP142617.1	447913	447958	1
CP142617.1	447958	448000	2
CP142617.1	448000	448018	3
CP142617.1	448018	448058	2
CP142617.1	448058	448117	1
CP142617.1	448117	448142	0
CP142617.1	448142	448442	1
CP142617.1	448442	448444	0
CP142617.1	448444	448653	1
CP142617.1	448653	448673	2
CP142617.1	448673	448677	3
CP142617.1	448677	448722	2
CP142617.1	448722	448723	1
CP142617.1	448723	448748	2
CP142617.1	448748	448749	1
CP142617.1	448749	448752	2
CP142617.1	448752	448754	1
CP142617.1	448754	448770	2
CP142617.1	448770	448771	1
CP142617.1	448771	448772	2
CP142617.1	448772	448773	1
CP142617.1	448773	448790	2
CP142617.1	448790	448794	1
CP142617.1	448794	448797	0
CP142617.1	448797	448813	1
CP142617.1	448813	448814	0
CP142617.1	448814	448874	1
CP142617.1	448874	448929	0
CP142617.1	448929	449034	1
CP142617.1	449034	449114	2
CP142617.1	449114	449115	1
CP142617.1	449115	449130	2
CP142617.1	449130	449135	3
CP142617.1	449135	449178	2
CP142617.1	449178	449210	3
CP142617.1	449210	449232	2
CP142617.1	449232	449260	3
CP142617.1	449260	449267	2
CP142617.1	449267	449268	1
CP142617.1	449268	449305	2
CP142617.1	449305	449334	3
CP142617.1	449334	449383	2
CP142617.1	449383	449406	3
CP142617.1	449406	449465	2
CP142617.1	449465	449467	1
CP142617.1	449467	449487	2
CP142617.1	449487	449507	1
CP142617.1	449507	449508	0
CP142617.1	449508	449538	1
CP142617.1	449538	449542	2
CP142617.1	449542	449543	1
CP142617.1	449543	449562	2
CP142617.1	449562	449565	1
CP142617.1	449565	449577	2
CP142617.1	449577	449578	1
CP142617.1	449578	449607	2
CP142617.1	449607	449615	1
CP142617.1	449615	449641	2
CP142617.1	449641	449668	3
CP142617.1	449668	449687	2
CP142617.1	449687	449719	3
CP142617.1	449719	449742	4
CP142617.1	449742	449764	3
CP142617.1	449764	449765	2
CP142617.1	449765	449771	3
CP142617.1	449771	449772	2
CP142617.1	449772	449773	1
CP142617.1	449773	449780	2
CP142617.1	449780	449783	1
CP142617.1	449783	449793	2
CP142617.1	449793	449816	3
CP142617.1	449816	449817	2
CP142617.1	449817	449818	1
CP142617.1	449818	449825	2
CP142617.1	449825	449826	1
CP142617.1	449826	449851	2
CP142617.1	449851	449852	1
CP142617.1	449852	449857	2
CP142617.1	449857	449859	1
CP142617.1	449859	449914	2
CP142617.1	449914	449915	1
CP142617.1	449915	449923	2
CP142617.1	449923	449925	1
CP142617.1	449925	449934	2
CP142617.1	449934	449940	1
CP142617.1	449940	450018	2
CP142617.1	450018	450043	3
CP142617.1	450043	450114	2
CP142617.1	450114	450128	1
CP142617.1	450128	450152	2
CP142617.1	450152	450161	3
CP142617.1	450161	450294	2
CP142617.1	450294	450526	1
CP142617.1	450526	450527	0
CP142617.1	450527	450727	1
CP142617.1	450727	450920	0
CP142617.1	450920	450990	1
CP142617.1	450990	451305	0
CP142617.1	451305	451341	1
CP142617.1	451341	451373	3
CP142617.1	451373	451376	2
CP142617.1	451376	451381	1
CP142617.1	451381	451549	0
CP142617.1	451549	451557	3
CP142617.1	451557	451563	4
CP142617.1	451563	451585	5
CP142617.1	451585	451586	3
CP142617.1	451586	451587	2
CP142617.1	451587	451588	1
CP142617.1	451588	451599	5
CP142617.1	451599	451634	4
CP142617.1	451634	451672	5
CP142617.1	451672	451673	4
CP142617.1	451673	451714	5
CP142617.1	451714	451720	4
CP142617.1	451720	451764	3
CP142617.1	451764	451768	4
CP142617.1	451768	451812	3
CP142617.1	451812	451914	2
CP142617.1	451914	451936	1
CP142617.1	451936	451949	2
CP142617.1	451949	452011	1
CP142617.1	452011	452014	2
CP142617.1	452014	452019	1
CP142617.1	452019	452058	2
CP142617.1	452058	452105	1
CP142617.1	452105	452235	2
CP142617.1	452235	452236	1
CP142617.1	452236	452340	2
CP142617.1	452340	452440	1
CP142617.1	452440	452443	2
CP142617.1	452443	452444	1
CP142617.1	452444	452468	2
CP142617.1	452468	452479	3
CP142617.1	452479	452494	4
CP142617.1	452494	452500	3
CP142617.1	452500	452502	2
CP142617.1	452502	452508	3
CP142617.1	452508	452509	2
CP142617.1	452509	452512	3
CP142617.1	452512	452519	2
CP142617.1	452519	452520	0
CP142617.1	452520	452541	2
CP142617.1	452541	452542	0
CP142617.1	452542	452543	1
CP142617.1	452543	452581	2
CP142617.1	452581	452686	1
CP142617.1	452686	452724	2
CP142617.1	452724	452726	0
CP142617.1	452726	452727	1
CP142617.1	452727	452728	2
CP142617.1	452728	452729	3
CP142617.1	452729	452765	4
CP142617.1	452765	452791	3
CP142617.1	452791	452792	2
CP142617.1	452792	452797	3
CP142617.1	452797	452837	2
CP142617.1	452837	452841	1
CP142617.1	452841	452871	2
CP142617.1	452871	452958	1
CP142617.1	452958	452959	0
CP142617.1	452959	452978	1
CP142617.1	452978	453080	2
CP142617.1	453080	453097	3
CP142617.1	453097	453100	2
CP142617.1	453100	453124	3
CP142617.1	453124	453174	2
CP142617.1	453174	453219	1
CP142617.1	453219	453276	2
CP142617.1	453276	453283	1
CP142617.1	453283	453330	0
CP142617.1	453330	453369	1
CP142617.1	453369	453418	2
CP142617.1	453418	453431	1
CP142617.1	453431	453450	0
CP142617.1	453450	453525	1
CP142617.1	453525	453545	0
CP142617.1	453545	453560	1
CP142617.1	453560	453693	2
CP142617.1	453693	453696	0
CP142617.1	453696	453721	2
CP142617.1	453721	453723	1
CP142617.1	453723	453783	2
CP142617.1	453783	453803	1
CP142617.1	453803	453806	0
CP142617.1	453806	453812	1
CP142617.1	453812	453838	2
CP142617.1	453838	453888	3
CP142617.1	453888	453909	2
CP142617.1	453909	453929	1
CP142617.1	453929	454050	0
CP142617.1	454050	454101	1
CP142617.1	454101	454104	0
CP142617.1	454104	454110	1
CP142617.1	454110	454122	2
CP142617.1	454122	454130	3
CP142617.1	454130	454132	2
CP142617.1	454132	454140	3
CP142617.1	454140	454184	4
CP142617.1	454184	454187	3
CP142617.1	454187	454209	2
CP142617.1	454209	454230	1
CP142617.1	454230	454248	2
CP142617.1	454248	454293	1
CP142617.1	454293	454372	0
CP142617.1	454372	454446	1
CP142617.1	454446	454449	0
CP142617.1	454449	454474	1
CP142617.1	454474	454478	2
CP142617.1	454478	454479	1
CP142617.1	454479	454554	2
CP142617.1	454554	454555	1
CP142617.1	454555	454562	2
CP142617.1	454562	454563	1
CP142617.1	454563	454588	2
CP142617.1	454588	454625	1
CP142617.1	454625	454655	2
CP142617.1	454655	454656	1
CP142617.1	454656	454659	2
CP142617.1	454659	454736	3
CP142617.1	454736	454748	2
CP142617.1	454748	454749	1
CP142617.1	454749	454753	2
CP142617.1	454753	454755	1
CP142617.1	454755	454801	0
CP142617.1	454801	454833	1
CP142617.1	454833	454834	0
CP142617.1	454834	454844	1
CP142617.1	454844	454879	2
CP142617.1	454879	454991	1
CP142617.1	454991	455002	2
CP142617.1	455002	455176	1
CP142617.1	455176	455218	2
CP142617.1	455218	455240	1
CP142617.1	455240	455294	0
CP142617.1	455294	455373	1
CP142617.1	455373	455381	2
CP142617.1	455381	455497	1
CP142617.1	455497	455505	0
CP142617.1	455505	455539	1
CP142617.1	455539	455634	0
CP142617.1	455634	455643	1
CP142617.1	455643	455674	2
CP142617.1	455674	455740	3
CP142617.1	455740	455741	2
CP142617.1	455741	455824	3
CP142617.1	455824	455877	2
CP142617.1	455877	455882	3
CP142617.1	455882	455914	4
CP142617.1	455914	455918	3
CP142617.1	455918	455920	2
CP142617.1	455920	455957	3
CP142617.1	455957	455972	2
CP142617.1	455972	455975	1
CP142617.1	455975	455982	2
CP142617.1	455982	455983	1
CP142617.1	455983	456015	2
CP142617.1	456015	456016	1
CP142617.1	456016	456020	0
CP142617.1	456020	456022	1
CP142617.1	456022	456042	2
CP142617.1	456042	456043	1
CP142617.1	456043	456058	2
CP142617.1	456058	456070	3
CP142617.1	456070	456084	4
CP142617.1	456084	456098	3
CP142617.1	456098	456159	2
CP142617.1	456159	456177	1
CP142617.1	456177	456183	2
CP142617.1	456183	456184	1
CP142617.1	456184	456223	2
CP142617.1	456223	456231	1
CP142617.1	456231	456264	2
CP142617.1	456264	456265	1
CP142617.1	456265	456266	2
CP142617.1	456266	456289	3
CP142617.1	456289	456363	2
CP142617.1	456363	456368	1
CP142617.1	456368	456415	0
CP142617.1	456415	456506	1
CP142617.1	456506	456528	2
CP142617.1	456528	456554	1
CP142617.1	456554	456613	2
CP142617.1	456613	456614	1
CP142617.1	456614	456634	2
CP142617.1	456634	456640	3
CP142617.1	456640	456688	2
CP142617.1	456688	456719	3
CP142617.1	456719	456802	4
CP142617.1	456802	456806	5
CP142617.1	456806	456862	4
CP142617.1	456862	456894	3
CP142617.1	456894	456918	2
CP142617.1	456918	456966	1
CP142617.1	456966	456980	2
CP142617.1	456980	456981	1
CP142617.1	456981	457021	2
CP142617.1	457021	457050	3
CP142617.1	457050	457098	2
CP142617.1	457098	457187	1
CP142617.1	457187	457277	0
CP142617.1	457277	457329	1
CP142617.1	457329	457350	2
CP142617.1	457350	457361	3
CP142617.1	457361	457362	2
CP142617.1	457362	457377	3
CP142617.1	457377	457409	2
CP142617.1	457409	457494	1
CP142617.1	457494	457537	2
CP142617.1	457537	457539	1
CP142617.1	457539	457611	2
CP142617.1	457611	457623	3
CP142617.1	457623	457624	2
CP142617.1	457624	457625	1
CP142617.1	457625	457683	2
CP142617.1	457683	457710	1
CP142617.1	457710	457820	0
CP142617.1	457820	457948	1
CP142617.1	457948	457969	2
CP142617.1	457969	457970	1
CP142617.1	457970	457999	2
CP142617.1	457999	458002	0
CP142617.1	458002	458026	2
CP142617.1	458026	458037	1
CP142617.1	458037	458175	0
CP142617.1	458175	458226	1
CP142617.1	458226	458227	0
CP142617.1	458227	458293	2
CP142617.1	458293	458308	1
CP142617.1	458308	458327	0
CP142617.1	458327	458458	1
CP142617.1	458458	458517	0
CP142617.1	458517	458556	1
CP142617.1	458556	458557	0
CP142617.1	458557	458626	1
CP142617.1	458626	458639	2
CP142617.1	458639	458671	3
CP142617.1	458671	458672	2
CP142617.1	458672	458677	3
CP142617.1	458677	458721	2
CP142617.1	458721	458751	1
CP142617.1	458751	458863	0
CP142617.1	458863	458942	1
CP142617.1	458942	459040	0
CP142617.1	459040	459101	1
CP142617.1	459101	459150	2
CP142617.1	459150	459151	1
CP142617.1	459151	459178	2
CP142617.1	459178	459185	3
CP142617.1	459185	459189	2
CP142617.1	459189	459192	3
CP142617.1	459192	459199	4
CP142617.1	459199	459237	3
CP142617.1	459237	459259	4
CP142617.1	459259	459260	3
CP142617.1	459260	459263	2
CP142617.1	459263	459268	3
CP142617.1	459268	459269	2
CP142617.1	459269	459335	3
CP142617.1	459335	459337	4
CP142617.1	459337	459339	2
CP142617.1	459339	459341	4
CP142617.1	459341	459354	5
CP142617.1	459354	459357	4
CP142617.1	459357	459368	5
CP142617.1	459368	459371	4
CP142617.1	459371	459372	1
CP142617.1	459372	459447	4
CP142617.1	459447	459471	3
CP142617.1	459471	459478	2
CP142617.1	459478	459496	1
CP142617.1	459496	459600	0
CP142617.1	459600	459604	1
CP142617.1	459604	459775	2
CP142617.1	459775	459819	1
CP142617.1	459819	459822	0
CP142617.1	459822	459846	1
CP142617.1	459846	459847	0
CP142617.1	459847	459926	1
CP142617.1	459926	459966	2
CP142617.1	459966	459986	3
CP142617.1	459986	459987	2
CP142617.1	459987	460004	3
CP142617.1	460004	460045	2
CP142617.1	460045	460049	1
CP142617.1	460049	460054	2
CP142617.1	460054	460056	3
CP142617.1	460056	460066	4
CP142617.1	460066	460067	3
CP142617.1	460067	460081	2
CP142617.1	460081	460085	1
CP142617.1	460085	460156	2
CP142617.1	460156	460322	1
CP142617.1	460322	460332	0
CP142617.1	460332	460359	1
CP142617.1	460359	460360	0
CP142617.1	460360	460471	1
CP142617.1	460471	460687	0
CP142617.1	460687	460785	1
CP142617.1	460785	460907	2
CP142617.1	460907	460914	3
CP142617.1	460914	460966	2
CP142617.1	460966	461013	1
CP142617.1	461013	461015	0
CP142617.1	461015	461065	2
CP142617.1	461065	461142	1
CP142617.1	461142	461143	0
CP142617.1	461143	461213	1
CP142617.1	461213	461218	2
CP142617.1	461218	461219	1
CP142617.1	461219	461278	2
CP142617.1	461278	461292	4
CP142617.1	461292	461295	2
CP142617.1	461295	461342	3
CP142617.1	461342	461344	1
CP142617.1	461344	461348	2
CP142617.1	461348	461369	1
CP142617.1	461369	461431	2
CP142617.1	461431	461501	3
CP142617.1	461501	461505	4
CP142617.1	461505	461514	3
CP142617.1	461514	461515	4
CP142617.1	461515	461570	3
CP142617.1	461570	461602	2
CP142617.1	461602	461670	1
CP142617.1	461670	461876	0
CP142617.1	461876	461898	1
CP142617.1	461898	461953	2
CP142617.1	461953	462035	1
CP142617.1	462035	462180	2
CP142617.1	462180	462370	1
CP142617.1	462370	462413	0
CP142617.1	462413	462419	1
CP142617.1	462419	462420	0
CP142617.1	462420	462443	1
CP142617.1	462443	462445	0
CP142617.1	462445	462460	1
CP142617.1	462460	462469	2
CP142617.1	462469	462470	1
CP142617.1	462470	462472	2
CP142617.1	462472	462473	1
CP142617.1	462473	462494	2
CP142617.1	462494	462496	1
CP142617.1	462496	462515	2
CP142617.1	462515	462735	1
CP142617.1	462735	462867	2
CP142617.1	462867	462889	1
CP142617.1	462889	462956	0
CP142617.1	462956	463102	1
CP142617.1	463102	463170	0
CP142617.1	463170	463218	1
CP142617.1	463218	463237	0
CP142617.1	463237	463270	1
CP142617.1	463270	463310	2
CP142617.1	463310	463329	1
CP142617.1	463329	463348	0
CP142617.1	463348	463611	1
CP142617.1	463611	463634	0
CP142617.1	463634	463741	1
CP142617.1	463741	463742	2
CP142617.1	463742	463808	1
CP142617.1	463808	463813	2
CP142617.1	463813	463837	3
CP142617.1	463837	463920	2
CP142617.1	463920	463968	1
CP142617.1	463968	464010	2
CP142617.1	464010	464026	1
CP142617.1	464026	464052	2
CP142617.1	464052	464078	3
CP142617.1	464078	464111	2
CP142617.1	464111	464253	1
CP142617.1	464253	464422	0
CP142617.1	464422	464510	1
CP142617.1	464510	464602	0
CP142617.1	464602	464783	1
CP142617.1	464783	464794	2
CP142617.1	464794	464825	1
CP142617.1	464825	465099	0
CP142617.1	465099	465312	1
CP142617.1	465312	465367	0
CP142617.1	465367	465406	1
CP142617.1	465406	465522	2
CP142617.1	465522	465572	1
CP142617.1	465572	465624	2
CP142617.1	465624	465652	3
CP142617.1	465652	465680	2
CP142617.1	465680	465722	1
CP142617.1	465722	465736	2
CP142617.1	465736	465917	1
CP142617.1	465917	466132	0
CP142617.1	466132	466292	1
CP142617.1	466292	466465	0
CP142617.1	466465	466514	1
CP142617.1	466514	466653	2
CP142617.1	466653	466654	1
CP142617.1	466654	466661	2
CP142617.1	466661	466695	3
CP142617.1	466695	466707	2
CP142617.1	466707	466717	3
CP142617.1	466717	466723	2
CP142617.1	466723	466772	1
CP142617.1	466772	467079	0
CP142617.1	467079	467223	1
CP142617.1	467223	467244	2
CP142617.1	467244	467256	1
CP142617.1	467256	467270	2
CP142617.1	467270	467271	1
CP142617.1	467271	467343	2
CP142617.1	467343	467507	1
CP142617.1	467507	467898	0
CP142617.1	467898	467974	1
CP142617.1	467974	467977	0
CP142617.1	467977	468094	1
CP142617.1	468094	468096	0
CP142617.1	468096	468148	1
CP142617.1	468148	468222	0
CP142617.1	468222	468240	1
CP142617.1	468240	468322	2
CP142617.1	468322	468442	1
CP142617.1	468442	468460	2
CP142617.1	468460	468487	3
CP142617.1	468487	468531	4
CP142617.1	468531	468540	3
CP142617.1	468540	468547	2
CP142617.1	468547	468555	3
CP142617.1	468555	468558	0
CP142617.1	468558	468577	1
CP142617.1	468577	468641	2
CP142617.1	468641	468643	3
CP142617.1	468643	468644	2
CP142617.1	468644	468691	3
CP142617.1	468691	468692	2
CP142617.1	468692	468709	3
CP142617.1	468709	468750	2
CP142617.1	468750	468766	3
CP142617.1	468766	468776	2
CP142617.1	468776	468784	1
CP142617.1	468784	468817	2
CP142617.1	468817	468866	3
CP142617.1	468866	468893	2
CP142617.1	468893	468900	1
CP142617.1	468900	468904	0
CP142617.1	468904	468983	1
CP142617.1	468983	469045	0
CP142617.1	469045	469086	1
CP142617.1	469086	469087	0
CP142617.1	469087	469198	1
CP142617.1	469198	469237	2
CP142617.1	469237	469249	1
CP142617.1	469249	469294	2
CP142617.1	469294	469333	1
CP142617.1	469333	469406	2
CP142617.1	469406	469420	3
CP142617.1	469420	469424	2
CP142617.1	469424	469508	1
CP142617.1	469508	469596	2
CP142617.1	469596	469597	1
CP142617.1	469597	469600	2
CP142617.1	469600	469630	1
CP142617.1	469630	469633	0
CP142617.1	469633	469721	1
CP142617.1	469721	470124	0
CP142617.1	470124	470248	1
CP142617.1	470248	470346	2
CP142617.1	470346	470355	1
CP142617.1	470355	470388	2
CP142617.1	470388	470464	1
CP142617.1	470464	470533	2
CP142617.1	470533	470593	1
CP142617.1	470593	470615	2
CP142617.1	470615	470627	3
CP142617.1	470627	470629	2
CP142617.1	470629	470630	1
CP142617.1	470630	470689	2
CP142617.1	470689	470819	1
CP142617.1	470819	471034	0
CP142617.1	471034	471137	1
CP142617.1	471137	471160	0
CP142617.1	471160	471214	1
CP142617.1	471214	471303	0
CP142617.1	471303	471354	1
CP142617.1	471354	471458	2
CP142617.1	471458	471506	3
CP142617.1	471506	471605	2
CP142617.1	471605	471607	3
CP142617.1	471607	471648	2
CP142617.1	471648	471675	3
CP142617.1	471675	471734	2
CP142617.1	471734	471758	1
CP142617.1	471758	471780	2
CP142617.1	471780	471781	1
CP142617.1	471781	471825	2
CP142617.1	471825	471838	3
CP142617.1	471838	471849	4
CP142617.1	471849	471864	5
CP142617.1	471864	471865	4
CP142617.1	471865	471902	5
CP142617.1	471902	471941	4
CP142617.1	471941	471975	3
CP142617.1	471975	471998	2
CP142617.1	471998	472027	3
CP142617.1	472027	472038	2
CP142617.1	472038	472102	3
CP142617.1	472102	472134	2
CP142617.1	472134	472169	1
CP142617.1	472169	472204	0
CP142617.1	472204	472237	1
CP142617.1	472237	472248	2
CP142617.1	472248	472267	1
CP142617.1	472267	472318	2
CP142617.1	472318	472362	3
CP142617.1	472362	472398	2
CP142617.1	472398	472490	1
CP142617.1	472490	472524	0
CP142617.1	472524	472589	1
CP142617.1	472589	472598	2
CP142617.1	472598	472613	1
CP142617.1	472613	472626	2
CP142617.1	472626	472670	3
CP142617.1	472670	472671	2
CP142617.1	472671	472680	3
CP142617.1	472680	472693	2
CP142617.1	472693	472696	1
CP142617.1	472696	472778	2
CP142617.1	472778	472841	1
CP142617.1	472841	472879	2
CP142617.1	472879	472893	1
CP142617.1	472893	472907	2
CP142617.1	472907	472931	1
CP142617.1	472931	472939	2
CP142617.1	472939	472980	3
CP142617.1	472980	472981	2
CP142617.1	472981	473009	3
CP142617.1	473009	473103	2
CP142617.1	473103	473104	1
CP142617.1	473104	473108	2
CP142617.1	473108	473123	1
CP142617.1	473123	473154	0
CP142617.1	473154	473249	1
CP142617.1	473249	473281	2
CP142617.1	473281	473284	1
CP142617.1	473284	473292	2
CP142617.1	473292	473294	3
CP142617.1	473294	473320	4
CP142617.1	473320	473323	3
CP142617.1	473323	473427	4
CP142617.1	473427	473429	3
CP142617.1	473429	473458	2
CP142617.1	473458	473507	1
CP142617.1	473507	473567	2
CP142617.1	473567	473569	1
CP142617.1	473569	473572	2
CP142617.1	473572	473591	3
CP142617.1	473591	473602	2
CP142617.1	473602	473603	1
CP142617.1	473603	473659	2
CP142617.1	473659	473808	1
CP142617.1	473808	473829	2
CP142617.1	473829	473905	3
CP142617.1	473905	473926	2
CP142617.1	473926	473975	1
CP142617.1	473975	473980	2
CP142617.1	473980	474014	3
CP142617.1	474014	474029	2
CP142617.1	474029	474109	3
CP142617.1	474109	474110	2
CP142617.1	474110	474150	3
CP142617.1	474150	474199	2
CP142617.1	474199	474298	1
CP142617.1	474298	474299	0
CP142617.1	474299	474309	1
CP142617.1	474309	474470	0
CP142617.1	474470	474471	2
CP142617.1	474471	474527	3
CP142617.1	474527	474537	4
CP142617.1	474537	474569	1
CP142617.1	474569	474605	0
CP142617.1	474605	474658	1
CP142617.1	474658	474684	0
CP142617.1	474684	474790	1
CP142617.1	474790	474812	2
CP142617.1	474812	474851	3
CP142617.1	474851	474881	4
CP142617.1	474881	474884	3
CP142617.1	474884	474955	2
CP142617.1	474955	475006	1
CP142617.1	475006	475093	2
CP142617.1	475093	475126	1
CP142617.1	475126	475127	0
CP142617.1	475127	475140	1
CP142617.1	475140	475174	0
CP142617.1	475174	475282	1
CP142617.1	475282	475338	2
CP142617.1	475338	475408	1
CP142617.1	475408	475451	0
CP142617.1	475451	475534	1
CP142617.1	475534	475574	0
CP142617.1	475574	475637	1
CP142617.1	475637	475697	2
CP142617.1	475697	475760	3
CP142617.1	475760	475762	2
CP142617.1	475762	475837	3
CP142617.1	475837	475840	2
CP142617.1	475840	475859	3
CP142617.1	475859	475875	2
CP142617.1	475875	476002	1
CP142617.1	476002	476130	0
CP142617.1	476130	476354	1
CP142617.1	476354	476492	2
CP142617.1	476492	476493	1
CP142617.1	476493	476517	3
CP142617.1	476517	476518	2
CP142617.1	476518	476567	3
CP142617.1	476567	476569	4
CP142617.1	476569	476591	3
CP142617.1	476591	476625	2
CP142617.1	476625	476668	3
CP142617.1	476668	476677	2
CP142617.1	476677	476687	1
CP142617.1	476687	476837	0
CP142617.1	476837	476890	1
CP142617.1	476890	476893	0
CP142617.1	476893	476958	1
CP142617.1	476958	476968	2
CP142617.1	476968	477105	1
CP142617.1	477105	477141	0
CP142617.1	477141	477257	1
CP142617.1	477257	477260	2
CP142617.1	477260	477322	1
CP142617.1	477322	477323	0
CP142617.1	477323	477344	1
CP142617.1	477344	477347	0
CP142617.1	477347	477401	1
CP142617.1	477401	477470	2
CP142617.1	477470	477473	1
CP142617.1	477473	477479	2
CP142617.1	477479	477482	1
CP142617.1	477482	477486	2
CP142617.1	477486	477487	1
CP142617.1	477487	477515	2
CP142617.1	477515	477623	1
CP142617.1	477623	478009	0
CP142617.1	478009	478040	2
CP142617.1	478040	478101	3
CP142617.1	478101	478102	2
CP142617.1	478102	478122	3
CP142617.1	478122	478153	2
CP142617.1	478153	478165	3
CP142617.1	478165	478214	4
CP142617.1	478214	478216	2
CP142617.1	478216	478217	1
CP142617.1	478217	478220	3
CP142617.1	478220	478274	2
CP142617.1	478274	478291	1
CP142617.1	478291	478294	0
CP142617.1	478294	478368	1
CP142617.1	478368	478383	2
CP142617.1	478383	478392	1
CP142617.1	478392	478401	0
CP142617.1	478401	478438	1
CP142617.1	478438	478662	2
CP142617.1	478662	478701	1
CP142617.1	478701	478702	0
CP142617.1	478702	478784	1
CP142617.1	478784	478787	0
CP142617.1	478787	478809	1
CP142617.1	478809	478810	0
CP142617.1	478810	478853	1
CP142617.1	478853	479172	0
CP142617.1	479172	479251	1
CP142617.1	479251	479260	2
CP142617.1	479260	479261	1
CP142617.1	479261	479266	2
CP142617.1	479266	479280	1
CP142617.1	479280	479285	2
CP142617.1	479285	479336	3
CP142617.1	479336	479337	2
CP142617.1	479337	479374	3
CP142617.1	479374	479389	2
CP142617.1	479389	479456	3
CP142617.1	479456	479504	2
CP142617.1	479504	479573	3
CP142617.1	479573	479655	2
CP142617.1	479655	479691	1
CP142617.1	479691	479693	0
CP142617.1	479693	479708	1
CP142617.1	479708	479740	0
CP142617.1	479740	479917	1
CP142617.1	479917	480132	0
CP142617.1	480132	480161	1
CP142617.1	480161	480162	0
CP142617.1	480162	480222	1
CP142617.1	480222	480268	2
CP142617.1	480268	480336	3
CP142617.1	480336	480374	2
CP142617.1	480374	480387	3
CP142617.1	480387	480433	2
CP142617.1	480433	480444	1
CP142617.1	480444	480525	0
CP142617.1	480525	480561	1
CP142617.1	480561	480562	0
CP142617.1	480562	480613	1
CP142617.1	480613	480708	0
CP142617.1	480708	480725	1
CP142617.1	480725	480787	2
CP142617.1	480787	480791	1
CP142617.1	480791	480847	2
CP142617.1	480847	480848	1
CP142617.1	480848	480861	2
CP142617.1	480861	480895	1
CP142617.1	480895	480944	0
CP142617.1	480944	480970	1
CP142617.1	480970	481018	2
CP142617.1	481018	481168	1
CP142617.1	481168	481315	0
CP142617.1	481315	481318	1
CP142617.1	481318	481319	2
CP142617.1	481319	481412	3
CP142617.1	481412	481490	2
CP142617.1	481490	481545	1
CP142617.1	481545	481554	0
CP142617.1	481554	481604	1
CP142617.1	481604	481607	0
CP142617.1	481607	481648	1
CP142617.1	481648	481762	2
CP142617.1	481762	481783	1
CP142617.1	481783	481930	2
CP142617.1	481930	481932	0
CP142617.1	481932	481934	1
CP142617.1	481934	481982	2
CP142617.1	481982	482074	1
CP142617.1	482074	482075	0
CP142617.1	482075	482085	1
CP142617.1	482085	482203	0
CP142617.1	482203	482332	1
CP142617.1	482332	482335	0
CP142617.1	482335	482368	1
CP142617.1	482368	482416	2
CP142617.1	482416	482444	1
CP142617.1	482444	482533	0
CP142617.1	482533	482758	1
CP142617.1	482758	482771	2
CP142617.1	482771	482775	3
CP142617.1	482775	482776	2
CP142617.1	482776	482784	3
CP142617.1	482784	482794	4
CP142617.1	482794	482811	5
CP142617.1	482811	482812	6
CP142617.1	482812	482841	5
CP142617.1	482841	482844	4
CP142617.1	482844	482845	3
CP142617.1	482845	482866	4
CP142617.1	482866	482871	3
CP142617.1	482871	482940	2
CP142617.1	482940	482968	1
CP142617.1	482968	483073	2
CP142617.1	483073	483095	3
CP142617.1	483095	483099	2
CP142617.1	483099	483189	1
CP142617.1	483189	483489	0
CP142617.1	483489	483510	1
CP142617.1	483510	483512	0
CP142617.1	483512	483518	1
CP142617.1	483518	483572	2
CP142617.1	483572	483576	1
CP142617.1	483576	483577	0
CP142617.1	483577	483616	1
CP142617.1	483616	483631	2
CP142617.1	483631	483633	1
CP142617.1	483633	483684	2
CP142617.1	483684	483717	1
CP142617.1	483717	483718	0
CP142617.1	483718	483721	1
CP142617.1	483721	483777	2
CP142617.1	483777	483778	0
CP142617.1	483778	483784	2
CP142617.1	483784	483840	3
CP142617.1	483840	483848	2
CP142617.1	483848	483856	3
CP142617.1	483856	483861	2
CP142617.1	483861	483925	1
CP142617.1	483925	483949	0
CP142617.1	483949	484021	1
CP142617.1	484021	484117	0
CP142617.1	484117	484141	1
CP142617.1	484141	484165	2
CP142617.1	484165	484199	3
CP142617.1	484199	484216	2
CP142617.1	484216	484275	1
CP142617.1	484275	484336	2
CP142617.1	484336	484337	1
CP142617.1	484337	484384	2
CP142617.1	484384	484510	1
CP142617.1	484510	484586	2
CP142617.1	484586	484604	1
CP142617.1	484604	484694	2
CP142617.1	484694	484702	1
CP142617.1	484702	484816	0
CP142617.1	484816	484859	1
CP142617.1	484859	484860	0
CP142617.1	484860	484919	1
CP142617.1	484919	484939	2
CP142617.1	484939	485029	1
CP142617.1	485029	485090	2
CP142617.1	485090	485099	1
CP142617.1	485099	485138	2
CP142617.1	485138	485168	3
CP142617.1	485168	485208	2
CP142617.1	485208	485319	1
CP142617.1	485319	485431	0
CP142617.1	485431	485502	1
CP142617.1	485502	485531	0
CP142617.1	485531	485888	1
CP142617.1	485888	485945	2
CP142617.1	485945	485955	1
CP142617.1	485955	486005	2
CP142617.1	486005	486010	3
CP142617.1	486010	486011	1
CP142617.1	486011	486069	3
CP142617.1	486069	486080	2
CP142617.1	486080	486202	1
CP142617.1	486202	486205	2
CP142617.1	486205	486222	1
CP142617.1	486222	486240	2
CP142617.1	486240	486317	3
CP142617.1	486317	486325	2
CP142617.1	486325	486371	1
CP142617.1	486371	486387	2
CP142617.1	486387	486388	1
CP142617.1	486388	486391	2
CP142617.1	486391	486418	3
CP142617.1	486418	486421	2
CP142617.1	486421	486422	1
CP142617.1	486422	486423	2
CP142617.1	486423	486438	3
CP142617.1	486438	486466	2
CP142617.1	486466	486509	1
CP142617.1	486509	486560	2
CP142617.1	486560	486645	3
CP142617.1	486645	486654	4
CP142617.1	486654	486659	3
CP142617.1	486659	486664	2
CP142617.1	486664	486667	1
CP142617.1	486667	486670	2
CP142617.1	486670	486701	3
CP142617.1	486701	486737	2
CP142617.1	486737	486769	3
CP142617.1	486769	486804	2
CP142617.1	486804	486808	1
CP142617.1	486808	486878	2
CP142617.1	486878	486890	1
CP142617.1	486890	486969	2
CP142617.1	486969	486997	1
CP142617.1	486997	487152	0
CP142617.1	487152	487204	1
CP142617.1	487204	487264	2
CP142617.1	487264	487354	3
CP142617.1	487354	487377	4
CP142617.1	487377	487390	3
CP142617.1	487390	487483	2
CP142617.1	487483	487491	1
CP142617.1	487491	487534	0
CP142617.1	487534	487576	1
CP142617.1	487576	487658	2
CP142617.1	487658	487659	1
CP142617.1	487659	487674	2
CP142617.1	487674	487683	1
CP142617.1	487683	487718	2
CP142617.1	487718	487843	1
CP142617.1	487843	487886	2
CP142617.1	487886	487891	1
CP142617.1	487891	487987	2
CP142617.1	487987	488030	1
CP142617.1	488030	488072	2
CP142617.1	488072	488087	3
CP142617.1	488087	488166	2
CP142617.1	488166	488181	3
CP142617.1	488181	488193	2
CP142617.1	488193	488222	3
CP142617.1	488222	488273	2
CP142617.1	488273	488295	1
CP142617.1	488295	488322	2
CP142617.1	488322	488349	1
CP142617.1	488349	488408	2
CP142617.1	488408	488411	1
CP142617.1	488411	488451	2
CP142617.1	488451	488494	1
CP142617.1	488494	488523	0
CP142617.1	488523	488578	1
CP142617.1	488578	488596	0
CP142617.1	488596	488635	1
CP142617.1	488635	488768	0
CP142617.1	488768	488812	1
CP142617.1	488812	488832	2
CP142617.1	488832	488833	1
CP142617.1	488833	488885	2
CP142617.1	488885	488897	3
CP142617.1	488897	488934	4
CP142617.1	488934	488935	1
CP142617.1	488935	488940	4
CP142617.1	488940	488974	3
CP142617.1	488974	488981	2
CP142617.1	488981	489003	1
CP142617.1	489003	489008	2
CP142617.1	489008	489057	1
CP142617.1	489057	489083	2
CP142617.1	489083	489084	1
CP142617.1	489084	489098	2
CP142617.1	489098	489204	3
CP142617.1	489204	489226	2
CP142617.1	489226	489292	1
CP142617.1	489292	489316	0
CP142617.1	489316	489342	1
CP142617.1	489342	489430	2
CP142617.1	489430	489558	1
CP142617.1	489558	489601	0
CP142617.1	489601	489649	1
CP142617.1	489649	489650	0
CP142617.1	489650	489759	1
CP142617.1	489759	489790	2
CP142617.1	489790	489814	3
CP142617.1	489814	489816	2
CP142617.1	489816	489842	3
CP142617.1	489842	489904	2
CP142617.1	489904	490010	1
CP142617.1	490010	490014	2
CP142617.1	490014	490090	1
CP142617.1	490090	490224	0
CP142617.1	490224	490392	1
CP142617.1	490392	490466	0
CP142617.1	490466	490663	1
CP142617.1	490663	490724	0
CP142617.1	490724	490766	1
CP142617.1	490766	490830	2
CP142617.1	490830	490831	3
CP142617.1	490831	490868	2
CP142617.1	490868	490881	3
CP142617.1	490881	491002	2
CP142617.1	491002	491005	1
CP142617.1	491005	491113	0
CP142617.1	491113	491180	1
CP142617.1	491180	491290	0
CP142617.1	491290	491294	1
CP142617.1	491294	491319	2
CP142617.1	491319	491320	1
CP142617.1	491320	491476	2
CP142617.1	491476	491554	1
CP142617.1	491554	491590	0
CP142617.1	491590	491631	1
CP142617.1	491631	491673	2
CP142617.1	491673	491681	1
CP142617.1	491681	491682	0
CP142617.1	491682	491710	1
CP142617.1	491710	491719	2
CP142617.1	491719	491899	1
CP142617.1	491899	491952	0
CP142617.1	491952	492028	1
CP142617.1	492028	492042	2
CP142617.1	492042	492090	1
CP142617.1	492090	492092	2
CP142617.1	492092	492093	1
CP142617.1	492093	492215	2
CP142617.1	492215	492246	1
CP142617.1	492246	492253	2
CP142617.1	492253	492266	3
CP142617.1	492266	492288	2
CP142617.1	492288	492316	3
CP142617.1	492316	492350	2
CP142617.1	492350	492400	1
CP142617.1	492400	492600	0
CP142617.1	492600	492716	1
CP142617.1	492716	492891	0
CP142617.1	492891	492965	1
CP142617.1	492965	492989	2
CP142617.1	492989	492990	1
CP142617.1	492990	493038	2
CP142617.1	493038	493080	1
CP142617.1	493080	493081	0
CP142617.1	493081	493155	1
CP142617.1	493155	493159	2
CP142617.1	493159	493160	1
CP142617.1	493160	493169	2
CP142617.1	493169	493180	1
CP142617.1	493180	493215	2
CP142617.1	493215	493216	1
CP142617.1	493216	493234	2
CP142617.1	493234	493235	1
CP142617.1	493235	493253	2
CP142617.1	493253	493309	3
CP142617.1	493309	493364	2
CP142617.1	493364	493397	1
CP142617.1	493397	493419	0
CP142617.1	493419	493493	1
CP142617.1	493493	493729	0
CP142617.1	493729	493786	1
CP142617.1	493786	493794	0
CP142617.1	493794	493833	1
CP142617.1	493833	493935	0
CP142617.1	493935	493946	2
CP142617.1	493946	493974	3
CP142617.1	493974	493975	1
CP142617.1	493975	493976	2
CP142617.1	493976	493992	3
CP142617.1	493992	494033	4
CP142617.1	494033	494034	3
CP142617.1	494034	494094	2
CP142617.1	494094	494142	1
CP142617.1	494142	494213	2
CP142617.1	494213	494268	1
CP142617.1	494268	494286	2
CP142617.1	494286	494287	1
CP142617.1	494287	494303	2
CP142617.1	494303	494483	1
CP142617.1	494483	494665	0
CP142617.1	494665	494770	1
CP142617.1	494770	494802	2
CP142617.1	494802	494813	1
CP142617.1	494813	494816	2
CP142617.1	494816	494817	1
CP142617.1	494817	494842	2
CP142617.1	494842	494843	1
CP142617.1	494843	494855	2
CP142617.1	494855	494873	1
CP142617.1	494873	494876	2
CP142617.1	494876	494877	1
CP142617.1	494877	494933	2
CP142617.1	494933	495049	3
CP142617.1	495049	495050	2
CP142617.1	495050	495096	3
CP142617.1	495096	495159	4
CP142617.1	495159	495170	3
CP142617.1	495170	495171	2
CP142617.1	495171	495214	1
CP142617.1	495214	495230	2
CP142617.1	495230	495235	1
CP142617.1	495235	495286	2
CP142617.1	495286	495309	1
CP142617.1	495309	495311	0
CP142617.1	495311	495373	1
CP142617.1	495373	495455	2
CP142617.1	495455	495460	3
CP142617.1	495460	495517	2
CP142617.1	495517	495530	1
CP142617.1	495530	495544	2
CP142617.1	495544	495770	1
CP142617.1	495770	495807	2
CP142617.1	495807	495923	1
CP142617.1	495923	495928	2
CP142617.1	495928	495930	1
CP142617.1	495930	495931	0
CP142617.1	495931	495943	2
CP142617.1	495943	495946	1
CP142617.1	495946	495952	2
CP142617.1	495952	495953	1
CP142617.1	495953	495978	2
CP142617.1	495978	496049	1
CP142617.1	496049	496298	0
CP142617.1	496298	496388	1
CP142617.1	496388	496416	0
CP142617.1	496416	496453	1
CP142617.1	496453	496454	0
CP142617.1	496454	496464	1
CP142617.1	496464	496508	2
CP142617.1	496508	496558	1
CP142617.1	496558	496559	0
CP142617.1	496559	496561	1
CP142617.1	496561	496601	2
CP142617.1	496601	496606	1
CP142617.1	496606	496607	0
CP142617.1	496607	496733	1
CP142617.1	496733	496737	0
CP142617.1	496737	496746	1
CP142617.1	496746	496968	0
CP142617.1	496968	497035	1
CP142617.1	497035	497092	2
CP142617.1	497092	497108	1
CP142617.1	497108	497159	2
CP142617.1	497159	497160	1
CP142617.1	497160	497174	2
CP142617.1	497174	497307	1
CP142617.1	497307	497412	0
CP142617.1	497412	497496	1
CP142617.1	497496	497822	0
CP142617.1	497822	497875	1
CP142617.1	497875	497899	2
CP142617.1	497899	497900	0
CP142617.1	497900	497916	2
CP142617.1	497916	497925	3
CP142617.1	497925	497928	2
CP142617.1	497928	497929	1
CP142617.1	497929	497930	0
CP142617.1	497930	497933	1
CP142617.1	497933	498012	2
CP142617.1	498012	498042	3
CP142617.1	498042	498043	2
CP142617.1	498043	498083	3
CP142617.1	498083	498092	2
CP142617.1	498092	498154	3
CP142617.1	498154	498175	4
CP142617.1	498175	498176	2
CP142617.1	498176	498179	3
CP142617.1	498179	498182	2
CP142617.1	498182	498224	3
CP142617.1	498224	498225	2
CP142617.1	498225	498228	3
CP142617.1	498228	498235	4
CP142617.1	498235	498236	3
CP142617.1	498236	498275	4
CP142617.1	498275	498291	5
CP142617.1	498291	498292	4
CP142617.1	498292	498343	5
CP142617.1	498343	498364	4
CP142617.1	498364	498377	5
CP142617.1	498377	498384	4
CP142617.1	498384	498420	3
CP142617.1	498420	498466	4
CP142617.1	498466	498473	3
CP142617.1	498473	498543	2
CP142617.1	498543	498574	3
CP142617.1	498574	498587	4
CP142617.1	498587	498625	5
CP142617.1	498625	498627	4
CP142617.1	498627	498629	5
CP142617.1	498629	498648	4
CP142617.1	498648	498649	3
CP142617.1	498649	498691	4
CP142617.1	498691	498692	3
CP142617.1	498692	498726	4
CP142617.1	498726	498754	3
CP142617.1	498754	498769	4
CP142617.1	498769	498771	5
CP142617.1	498771	498863	4
CP142617.1	498863	498870	3
CP142617.1	498870	498903	2
CP142617.1	498903	498934	1
CP142617.1	498934	498937	0
CP142617.1	498937	499028	1
CP142617.1	499028	499261	0
CP142617.1	499261	499268	1
CP142617.1	499268	499291	2
CP142617.1	499291	499315	1
CP142617.1	499315	499316	0
CP142617.1	499316	499330	1
CP142617.1	499330	499333	0
CP142617.1	499333	499443	1
CP142617.1	499443	499485	0
CP142617.1	499485	499506	1
CP142617.1	499506	499536	2
CP142617.1	499536	499558	1
CP142617.1	499558	499589	0
CP142617.1	499589	499672	1
CP142617.1	499672	499709	2
CP142617.1	499709	499710	1
CP142617.1	499710	499724	2
CP142617.1	499724	499829	1
CP142617.1	499829	500112	0
CP142617.1	500112	500167	1
CP142617.1	500167	500277	0
CP142617.1	500277	500283	1
CP142617.1	500283	500295	3
CP142617.1	500295	500296	2
CP142617.1	500296	500310	3
CP142617.1	500310	500311	2
CP142617.1	500311	500349	3
CP142617.1	500349	500356	2
CP142617.1	500356	500521	1
CP142617.1	500521	500537	0
CP142617.1	500537	500565	1
CP142617.1	500565	500636	2
CP142617.1	500636	500645	3
CP142617.1	500645	500727	2
CP142617.1	500727	500824	1
CP142617.1	500824	500841	2
CP142617.1	500841	500842	1
CP142617.1	500842	500863	2
CP142617.1	500863	500903	1
CP142617.1	500903	501174	0
CP142617.1	501174	501264	1
CP142617.1	501264	501364	0
CP142617.1	501364	501414	1
CP142617.1	501414	501480	2
CP142617.1	501480	501490	1
CP142617.1	501490	501498	2
CP142617.1	501498	501679	1
CP142617.1	501679	501728	2
CP142617.1	501728	501779	1
CP142617.1	501779	501827	2
CP142617.1	501827	501828	1
CP142617.1	501828	501830	0
CP142617.1	501830	501831	1
CP142617.1	501831	501894	2
CP142617.1	501894	501950	1
CP142617.1	501950	502065	0
CP142617.1	502065	502136	1
CP142617.1	502136	502243	0
CP142617.1	502243	502335	1
CP142617.1	502335	502341	2
CP142617.1	502341	502356	1
CP142617.1	502356	502358	0
CP142617.1	502358	502370	1
CP142617.1	502370	502371	0
CP142617.1	502371	502403	1
CP142617.1	502403	502431	0
CP142617.1	502431	502478	1
CP142617.1	502478	502479	0
CP142617.1	502479	502490	1
CP142617.1	502490	502544	0
CP142617.1	502544	502562	1
CP142617.1	502562	502603	2
CP142617.1	502603	502604	1
CP142617.1	502604	502644	2
CP142617.1	502644	502650	1
CP142617.1	502650	502660	0
CP142617.1	502660	502693	1
CP142617.1	502693	502830	2
CP142617.1	502830	502832	1
CP142617.1	502832	502840	2
CP142617.1	502840	502843	1
CP142617.1	502843	502901	2
CP142617.1	502901	502904	1
CP142617.1	502904	502950	2
CP142617.1	502950	502959	1
CP142617.1	502959	502961	0
CP142617.1	502961	503082	1
CP142617.1	503082	503284	0
CP142617.1	503284	503319	1
CP142617.1	503319	503344	2
CP142617.1	503344	503345	1
CP142617.1	503345	503347	2
CP142617.1	503347	503350	1
CP142617.1	503350	503388	2
CP142617.1	503388	503401	1
CP142617.1	503401	503403	0
CP142617.1	503403	503490	1
CP142617.1	503490	503620	0
CP142617.1	503620	503743	1
CP142617.1	503743	503764	2
CP142617.1	503764	503836	3
CP142617.1	503836	503863	2
CP142617.1	503863	503865	1
CP142617.1	503865	503871	2
CP142617.1	503871	503872	1
CP142617.1	503872	503876	2
CP142617.1	503876	503877	1
CP142617.1	503877	503888	2
CP142617.1	503888	503905	1
CP142617.1	503905	504002	2
CP142617.1	504002	504019	1
CP142617.1	504019	504022	0
CP142617.1	504022	504046	1
CP142617.1	504046	504067	2
CP142617.1	504067	504154	1
CP142617.1	504154	504386	0
CP142617.1	504386	504464	1
CP142617.1	504464	504616	0
CP142617.1	504616	504675	1
CP142617.1	504675	504694	2
CP142617.1	504694	504716	3
CP142617.1	504716	504780	2
CP142617.1	504780	504812	1
CP142617.1	504812	504813	0
CP142617.1	504813	504817	1
CP142617.1	504817	504829	0
CP142617.1	504829	504898	1
CP142617.1	504898	504916	2
CP142617.1	504916	504917	1
CP142617.1	504917	504943	2
CP142617.1	504943	504951	3
CP142617.1	504951	504952	2
CP142617.1	504952	504967	4
CP142617.1	504967	504968	3
CP142617.1	504968	504998	4
CP142617.1	504998	504999	2
CP142617.1	504999	505010	4
CP142617.1	505010	505012	3
CP142617.1	505012	505013	4
CP142617.1	505013	505053	3
CP142617.1	505053	505065	2
CP142617.1	505065	505068	1
CP142617.1	505068	505080	2
CP142617.1	505080	505082	1
CP142617.1	505082	505240	0
CP142617.1	505240	505303	1
CP142617.1	505303	505324	2
CP142617.1	505324	505340	3
CP142617.1	505340	505355	2
CP142617.1	505355	505468	1
CP142617.1	505468	505475	0
CP142617.1	505475	505486	1
CP142617.1	505486	505487	0
CP142617.1	505487	505503	2
CP142617.1	505503	505504	1
CP142617.1	505504	505516	2
CP142617.1	505516	505543	3
CP142617.1	505543	505545	2
CP142617.1	505545	505557	3
CP142617.1	505557	505614	2
CP142617.1	505614	505670	1
CP142617.1	505670	505671	0
CP142617.1	505671	505899	1
CP142617.1	505899	505900	0
CP142617.1	505900	506082	1
CP142617.1	506082	506138	0
CP142617.1	506138	506151	1
CP142617.1	506151	506174	2
CP142617.1	506174	506204	3
CP142617.1	506204	506237	4
CP142617.1	506237	506295	3
CP142617.1	506295	506327	2
CP142617.1	506327	506383	3
CP142617.1	506383	506391	2
CP142617.1	506391	506446	1
CP142617.1	506446	506474	2
CP142617.1	506474	506508	3
CP142617.1	506508	506594	2
CP142617.1	506594	506596	1
CP142617.1	506596	506601	2
CP142617.1	506601	506615	1
CP142617.1	506615	506746	2
CP142617.1	506746	506776	1
CP142617.1	506776	506781	0
CP142617.1	506781	506808	1
CP142617.1	506808	506830	2
CP142617.1	506830	506839	3
CP142617.1	506839	506840	2
CP142617.1	506840	506863	3
CP142617.1	506863	506918	2
CP142617.1	506918	506939	1
CP142617.1	506939	506992	2
CP142617.1	506992	507000	3
CP142617.1	507000	507023	2
CP142617.1	507023	507029	1
CP142617.1	507029	507030	2
CP142617.1	507030	507046	1
CP142617.1	507046	507070	2
CP142617.1	507070	507133	1
CP142617.1	507133	507262	0
CP142617.1	507262	507315	1
CP142617.1	507315	507384	0
CP142617.1	507384	507523	1
CP142617.1	507523	507524	0
CP142617.1	507524	507633	1
CP142617.1	507633	507853	0
CP142617.1	507853	507917	1
CP142617.1	507917	508011	0
CP142617.1	508011	508072	1
CP142617.1	508072	508137	2
CP142617.1	508137	508277	3
CP142617.1	508277	508282	2
CP142617.1	508282	508312	3
CP142617.1	508312	508362	2
CP142617.1	508362	508366	1
CP142617.1	508366	508368	2
CP142617.1	508368	508370	1
CP142617.1	508370	508410	2
CP142617.1	508410	508480	1
CP142617.1	508480	508578	2
CP142617.1	508578	508594	1
CP142617.1	508594	508730	2
CP142617.1	508730	508749	3
CP142617.1	508749	508786	2
CP142617.1	508786	508787	1
CP142617.1	508787	508799	2
CP142617.1	508799	508823	1
CP142617.1	508823	508863	0
CP142617.1	508863	509051	1
CP142617.1	509051	509060	2
CP142617.1	509060	509062	3
CP142617.1	509062	509135	2
CP142617.1	509135	509188	3
CP142617.1	509188	509234	2
CP142617.1	509234	509272	1
CP142617.1	509272	509273	0
CP142617.1	509273	509367	1
CP142617.1	509367	509946	0
CP142617.1	509946	509964	1
CP142617.1	509964	509980	2
CP142617.1	509980	509981	1
CP142617.1	509981	509993	2
CP142617.1	509993	510029	3
CP142617.1	510029	510053	2
CP142617.1	510053	510166	1
CP142617.1	510166	510290	2
CP142617.1	510290	510316	3
CP142617.1	510316	510378	2
CP142617.1	510378	510494	1
CP142617.1	510494	510517	2
CP142617.1	510517	510518	1
CP142617.1	510518	510598	2
CP142617.1	510598	510599	0
CP142617.1	510599	510638	1
CP142617.1	510638	510853	0
CP142617.1	510853	510913	1
CP142617.1	510913	511151	0
CP142617.1	511151	511244	1
CP142617.1	511244	511265	2
CP142617.1	511265	511323	3
CP142617.1	511323	511324	2
CP142617.1	511324	511348	3
CP142617.1	511348	511362	2
CP142617.1	511362	511396	1
CP142617.1	511396	511476	2
CP142617.1	511476	511501	3
CP142617.1	511501	511504	2
CP142617.1	511504	511508	3
CP142617.1	511508	511568	2
CP142617.1	511568	511569	1
CP142617.1	511569	511602	2
CP142617.1	511602	511608	1
CP142617.1	511608	511609	0
CP142617.1	511609	511610	1
CP142617.1	511610	511617	2
CP142617.1	511617	511621	1
CP142617.1	511621	511636	2
CP142617.1	511636	511647	3
CP142617.1	511647	511679	4
CP142617.1	511679	511685	3
CP142617.1	511685	511688	2
CP142617.1	511688	511691	3
CP142617.1	511691	511694	2
CP142617.1	511694	511725	3
CP142617.1	511725	511728	2
CP142617.1	511728	511729	0
CP142617.1	511729	511730	2
CP142617.1	511730	511762	3
CP142617.1	511762	511800	2
CP142617.1	511800	511821	1
CP142617.1	511821	511847	2
CP142617.1	511847	511858	1
CP142617.1	511858	511862	0
CP142617.1	511862	511887	1
CP142617.1	511887	511894	2
CP142617.1	511894	511991	1
CP142617.1	511991	512040	0
CP142617.1	512040	512050	1
CP142617.1	512050	512090	2
CP142617.1	512090	512170	3
CP142617.1	512170	512260	4
CP142617.1	512260	512267	3
CP142617.1	512267	512270	2
CP142617.1	512270	512273	1
CP142617.1	512273	512315	0
CP142617.1	512315	512374	1
CP142617.1	512374	512615	0
CP142617.1	512615	512649	1
CP142617.1	512649	512666	2
CP142617.1	512666	512705	1
CP142617.1	512705	512717	2
CP142617.1	512717	512779	1
CP142617.1	512779	513003	0
CP142617.1	513003	513134	1
CP142617.1	513134	513173	0
CP142617.1	513173	513203	1
CP142617.1	513203	513247	2
CP142617.1	513247	513248	1
CP142617.1	513248	513298	2
CP142617.1	513298	513329	1
CP142617.1	513329	513536	0
CP142617.1	513536	513546	1
CP142617.1	513546	513578	2
CP142617.1	513578	513609	3
CP142617.1	513609	513623	2
CP142617.1	513623	513626	1
CP142617.1	513626	513635	0
CP142617.1	513635	513728	1
CP142617.1	513728	513732	2
CP142617.1	513732	513734	1
CP142617.1	513734	513894	2
CP142617.1	513894	513896	1
CP142617.1	513896	513908	2
CP142617.1	513908	513911	1
CP142617.1	513911	513938	2
CP142617.1	513938	513990	1
CP142617.1	513990	513997	2
CP142617.1	513997	513998	1
CP142617.1	513998	514093	2
CP142617.1	514093	514134	1
CP142617.1	514134	514161	2
CP142617.1	514161	514164	1
CP142617.1	514164	514202	2
CP142617.1	514202	514212	3
CP142617.1	514212	514228	2
CP142617.1	514228	514252	3
CP142617.1	514252	514253	2
CP142617.1	514253	514257	3
CP142617.1	514257	514259	2
CP142617.1	514259	514267	3
CP142617.1	514267	514351	4
CP142617.1	514351	514355	5
CP142617.1	514355	514357	4
CP142617.1	514357	514359	5
CP142617.1	514359	514361	4
CP142617.1	514361	514362	3
CP142617.1	514362	514406	4
CP142617.1	514406	514443	3
CP142617.1	514443	514497	2
CP142617.1	514497	514594	1
CP142617.1	514594	514595	0
CP142617.1	514595	514613	1
CP142617.1	514613	514628	2
CP142617.1	514628	514635	1
CP142617.1	514635	514641	0
CP142617.1	514641	514647	1
CP142617.1	514647	514648	0
CP142617.1	514648	514660	1
CP142617.1	514660	514663	0
CP142617.1	514663	514856	1
CP142617.1	514856	514859	0
CP142617.1	514859	514965	1
CP142617.1	514965	514967	0
CP142617.1	514967	515083	1
CP142617.1	515083	515192	0
CP142617.1	515192	515193	1
CP142617.1	515193	515201	2
CP142617.1	515201	515202	1
CP142617.1	515202	515266	2
CP142617.1	515266	515269	1
CP142617.1	515269	515272	2
CP142617.1	515272	515275	1
CP142617.1	515275	515410	2
CP142617.1	515410	515609	1
CP142617.1	515609	515675	2
CP142617.1	515675	515703	3
CP142617.1	515703	515770	2
CP142617.1	515770	515835	1
CP142617.1	515835	515854	0
CP142617.1	515854	515916	1
CP142617.1	515916	515959	0
CP142617.1	515959	515987	1
CP142617.1	515987	515989	0
CP142617.1	515989	516000	1
CP142617.1	516000	516004	0
CP142617.1	516004	516046	1
CP142617.1	516046	516050	2
CP142617.1	516050	516069	1
CP142617.1	516069	516142	2
CP142617.1	516142	516173	1
CP142617.1	516173	516278	0
CP142617.1	516278	516352	1
CP142617.1	516352	516353	0
CP142617.1	516353	516457	1
CP142617.1	516457	516516	2
CP142617.1	516516	516520	1
CP142617.1	516520	516577	2
CP142617.1	516577	516619	3
CP142617.1	516619	516689	2
CP142617.1	516689	516735	1
CP142617.1	516735	516776	0
CP142617.1	516776	516785	1
CP142617.1	516785	516846	2
CP142617.1	516846	516972	1
CP142617.1	516972	517207	0
CP142617.1	517207	517280	1
CP142617.1	517280	517356	0
CP142617.1	517356	517402	1
CP142617.1	517402	517423	2
CP142617.1	517423	517424	1
CP142617.1	517424	517425	0
CP142617.1	517425	517426	1
CP142617.1	517426	517460	2
CP142617.1	517460	517500	1
CP142617.1	517500	517513	2
CP142617.1	517513	517628	1
CP142617.1	517628	517656	2
CP142617.1	517656	517683	3
CP142617.1	517683	517690	2
CP142617.1	517690	517868	1
CP142617.1	517868	518000	0
CP142617.1	518000	518119	1
CP142617.1	518119	518255	0
CP142617.1	518255	518279	1
CP142617.1	518279	518328	2
CP142617.1	518328	518336	1
CP142617.1	518336	518565	0
CP142617.1	518565	518608	1
CP142617.1	518608	518616	2
CP142617.1	518616	518694	1
CP142617.1	518694	518834	0
CP142617.1	518834	518894	1
CP142617.1	518894	518903	2
CP142617.1	518903	519033	3
CP142617.1	519033	519034	2
CP142617.1	519034	519098	1
CP142617.1	519098	519176	0
CP142617.1	519176	519307	1
CP142617.1	519307	519346	2
CP142617.1	519346	519347	1
CP142617.1	519347	519361	3
CP142617.1	519361	519362	2
CP142617.1	519362	519369	3
CP142617.1	519369	519423	2
CP142617.1	519423	519424	1
CP142617.1	519424	519431	2
CP142617.1	519431	519434	1
CP142617.1	519434	519436	2
CP142617.1	519436	519439	1
CP142617.1	519439	519471	2
CP142617.1	519471	519585	1
CP142617.1	519585	519627	2
CP142617.1	519627	519675	1
CP142617.1	519675	519690	2
CP142617.1	519690	519766	1
CP142617.1	519766	519826	0
CP142617.1	519826	519868	1
CP142617.1	519868	519937	2
CP142617.1	519937	519963	3
CP142617.1	519963	519964	2
CP142617.1	519964	519973	3
CP142617.1	519973	519976	2
CP142617.1	519976	519983	3
CP142617.1	519983	519993	4
CP142617.1	519993	519994	3
CP142617.1	519994	520010	4
CP142617.1	520010	520051	3
CP142617.1	520051	520173	2
CP142617.1	520173	520184	1
CP142617.1	520184	520312	0
CP142617.1	520312	520433	1
CP142617.1	520433	520456	0
CP142617.1	520456	520532	1
CP142617.1	520532	520574	2
CP142617.1	520574	520575	1
CP142617.1	520575	520582	2
CP142617.1	520582	520587	3
CP142617.1	520587	520598	4
CP142617.1	520598	520629	5
CP142617.1	520629	520635	4
CP142617.1	520635	520636	3
CP142617.1	520636	520640	5
CP142617.1	520640	520642	4
CP142617.1	520642	520646	5
CP142617.1	520646	520659	4
CP142617.1	520659	520742	3
CP142617.1	520742	520793	2
CP142617.1	520793	520868	1
CP142617.1	520868	520900	0
CP142617.1	520900	520919	2
CP142617.1	520919	520920	1
CP142617.1	520920	520922	0
CP142617.1	520922	520958	2
CP142617.1	520958	521007	3
CP142617.1	521007	521118	2
CP142617.1	521118	521157	3
CP142617.1	521157	521170	2
CP142617.1	521170	521204	1
CP142617.1	521204	521242	2
CP142617.1	521242	521244	3
CP142617.1	521244	521319	2
CP142617.1	521319	521391	1
CP142617.1	521391	521410	2
CP142617.1	521410	521445	1
CP142617.1	521445	521593	2
CP142617.1	521593	521653	3
CP142617.1	521653	521654	2
CP142617.1	521654	521676	3
CP142617.1	521676	521699	2
CP142617.1	521699	521738	3
CP142617.1	521738	521740	2
CP142617.1	521740	521774	3
CP142617.1	521774	521779	4
CP142617.1	521779	521811	3
CP142617.1	521811	521869	2
CP142617.1	521869	522177	0
CP142617.1	522177	522219	1
CP142617.1	522219	522238	2
CP142617.1	522238	522239	0
CP142617.1	522239	522254	2
CP142617.1	522254	522255	1
CP142617.1	522255	522267	2
CP142617.1	522267	522270	1
CP142617.1	522270	522329	2
CP142617.1	522329	522411	1
CP142617.1	522411	522717	0
CP142617.1	522717	522736	1
CP142617.1	522736	522883	2
CP142617.1	522883	522892	1
CP142617.1	522892	522911	0
CP142617.1	522911	522973	1
CP142617.1	522973	522974	2
CP142617.1	522974	522975	1
CP142617.1	522975	523021	2
CP142617.1	523021	523022	1
CP142617.1	523022	523028	2
CP142617.1	523028	523056	3
CP142617.1	523056	523063	4
CP142617.1	523063	523087	3
CP142617.1	523087	523088	2
CP142617.1	523088	523153	3
CP142617.1	523153	523162	2
CP142617.1	523162	523213	3
CP142617.1	523213	523270	2
CP142617.1	523270	523275	3
CP142617.1	523275	523313	2
CP142617.1	523313	523405	1
CP142617.1	523405	523406	0
CP142617.1	523406	523525	1
CP142617.1	523525	523754	0
CP142617.1	523754	523911	1
CP142617.1	523911	524121	0
CP142617.1	524121	524183	1
CP142617.1	524183	524200	0
CP142617.1	524200	524299	1
CP142617.1	524299	524337	0
CP142617.1	524337	524428	1
CP142617.1	524428	524429	0
CP142617.1	524429	524518	1
CP142617.1	524518	524657	0
CP142617.1	524657	524681	1
CP142617.1	524681	524695	2
CP142617.1	524695	524726	3
CP142617.1	524726	524739	2
CP142617.1	524739	524748	3
CP142617.1	524748	524750	2
CP142617.1	524750	524816	3
CP142617.1	524816	524903	2
CP142617.1	524903	524945	1
CP142617.1	524945	524953	0
CP142617.1	524953	524961	1
CP142617.1	524961	524963	0
CP142617.1	524963	524969	1
CP142617.1	524969	524991	2
CP142617.1	524991	525004	1
CP142617.1	525004	525049	2
CP142617.1	525049	525065	1
CP142617.1	525065	525101	0
CP142617.1	525101	525177	1
CP142617.1	525177	525205	0
CP142617.1	525205	525247	1
CP142617.1	525247	525316	2
CP142617.1	525316	525398	1
CP142617.1	525398	525399	0
CP142617.1	525399	525405	1
CP142617.1	525405	525427	2
CP142617.1	525427	525653	1
CP142617.1	525653	525802	0
CP142617.1	525802	525861	1
CP142617.1	525861	525890	0
CP142617.1	525890	525935	1
CP142617.1	525935	526253	0
CP142617.1	526253	526265	1
CP142617.1	526265	526267	0
CP142617.1	526267	526313	1
CP142617.1	526313	526400	2
CP142617.1	526400	526559	1
CP142617.1	526559	526667	0
CP142617.1	526667	526830	1
CP142617.1	526830	526848	2
CP142617.1	526848	526869	3
CP142617.1	526869	526884	2
CP142617.1	526884	526895	1
CP142617.1	526895	526998	2
CP142617.1	526998	527002	1
CP142617.1	527002	527003	0
CP142617.1	527003	527157	1
CP142617.1	527157	527167	2
CP142617.1	527167	527224	3
CP142617.1	527224	527232	4
CP142617.1	527232	527233	5
CP142617.1	527233	527234	4
CP142617.1	527234	527296	5
CP142617.1	527296	527297	3
CP142617.1	527297	527308	5
CP142617.1	527308	527313	4
CP142617.1	527313	527314	3
CP142617.1	527314	527327	4
CP142617.1	527327	527345	3
CP142617.1	527345	527346	1
CP142617.1	527346	527356	3
CP142617.1	527356	527384	4
CP142617.1	527384	527385	3
CP142617.1	527385	527391	4
CP142617.1	527391	527396	3
CP142617.1	527396	527397	2
CP142617.1	527397	527400	3
CP142617.1	527400	527408	4
CP142617.1	527408	527411	3
CP142617.1	527411	527437	4
CP142617.1	527437	527453	3
CP142617.1	527453	527455	2
CP142617.1	527455	527458	3
CP142617.1	527458	527495	2
CP142617.1	527495	527600	1
CP142617.1	527600	527701	0
CP142617.1	527701	527758	1
CP142617.1	527758	527767	2
CP142617.1	527767	527808	1
CP142617.1	527808	527906	2
CP142617.1	527906	527993	3
CP142617.1	527993	528021	4
CP142617.1	528021	528048	3
CP142617.1	528048	528067	2
CP142617.1	528067	528198	1
CP142617.1	528198	528251	2
CP142617.1	528251	528320	1
CP142617.1	528320	528322	0
CP142617.1	528322	528409	1
CP142617.1	528409	528431	2
CP142617.1	528431	528450	3
CP142617.1	528450	528467	2
CP142617.1	528467	528481	3
CP142617.1	528481	528517	4
CP142617.1	528517	528520	3
CP142617.1	528520	528523	4
CP142617.1	528523	528538	3
CP142617.1	528538	528539	2
CP142617.1	528539	528547	3
CP142617.1	528547	528568	2
CP142617.1	528568	528582	3
CP142617.1	528582	528593	2
CP142617.1	528593	528596	1
CP142617.1	528596	528661	2
CP142617.1	528661	528662	0
CP142617.1	528662	528724	2
CP142617.1	528724	528780	1
CP142617.1	528780	528930	0
CP142617.1	528930	528998	1
CP142617.1	528998	529018	0
CP142617.1	529018	529082	1
CP142617.1	529082	529083	0
CP142617.1	529083	529233	1
CP142617.1	529233	529257	2
CP142617.1	529257	529292	1
CP142617.1	529292	529408	2
CP142617.1	529408	529445	1
CP142617.1	529445	529452	0
CP142617.1	529452	529501	1
CP142617.1	529501	529547	2
CP142617.1	529547	529595	3
CP142617.1	529595	529610	2
CP142617.1	529610	529612	1
CP142617.1	529612	529626	2
CP142617.1	529626	529630	1
CP142617.1	529630	529649	2
CP142617.1	529649	529675	1
CP142617.1	529675	529916	0
CP142617.1	529916	529982	2
CP142617.1	529982	530026	3
CP142617.1	530026	530040	2
CP142617.1	530040	530111	1
CP142617.1	530111	530459	0
CP142617.1	530459	530829	1
CP142617.1	530829	530836	0
CP142617.1	530836	530882	1
CP142617.1	530882	530948	2
CP142617.1	530948	531083	0
CP142617.1	531083	531142	2
CP142617.1	531142	531161	3
CP142617.1	531161	531268	2
CP142617.1	531268	531284	1
CP142617.1	531284	531410	2
CP142617.1	531410	531411	1
CP142617.1	531411	531438	2
CP142617.1	531438	531452	1
CP142617.1	531452	531472	0
CP142617.1	531472	531551	1
CP142617.1	531551	531592	2
CP142617.1	531592	531686	1
CP142617.1	531686	531715	0
CP142617.1	531715	531790	1
CP142617.1	531790	531854	2
CP142617.1	531854	531945	1
CP142617.1	531945	532301	0
CP142617.1	532301	532308	1
CP142617.1	532308	532375	2
CP142617.1	532375	532484	1
CP142617.1	532484	532504	2
CP142617.1	532504	532505	1
CP142617.1	532505	532508	2
CP142617.1	532508	532525	1
CP142617.1	532525	532570	2
CP142617.1	532570	532571	3
CP142617.1	532571	532581	2
CP142617.1	532581	532630	1
CP142617.1	532630	532652	2
CP142617.1	532652	532654	1
CP142617.1	532654	532662	2
CP142617.1	532662	532669	1
CP142617.1	532669	532696	2
CP142617.1	532696	532703	1
CP142617.1	532703	532724	0
CP142617.1	532724	532767	1
CP142617.1	532767	532847	2
CP142617.1	532847	532910	1
CP142617.1	532910	532919	0
CP142617.1	532919	532922	1
CP142617.1	532922	533002	2
CP142617.1	533002	533067	1
CP142617.1	533067	533108	2
CP142617.1	533108	533145	1
CP142617.1	533145	533154	0
CP142617.1	533154	533155	1
CP142617.1	533155	533238	2
CP142617.1	533238	533333	1
CP142617.1	533333	533369	2
CP142617.1	533369	533377	3
CP142617.1	533377	533378	1
CP142617.1	533378	533379	2
CP142617.1	533379	533396	3
CP142617.1	533396	533434	2
CP142617.1	533434	533443	1
CP142617.1	533443	533480	2
CP142617.1	533480	533548	3
CP142617.1	533548	533597	2
CP142617.1	533597	533598	1
CP142617.1	533598	533621	2
CP142617.1	533621	533622	1
CP142617.1	533622	533687	2
CP142617.1	533687	533707	1
CP142617.1	533707	533774	2
CP142617.1	533774	533784	3
CP142617.1	533784	533788	2
CP142617.1	533788	533801	3
CP142617.1	533801	533802	2
CP142617.1	533802	533805	3
CP142617.1	533805	533865	4
CP142617.1	533865	533879	3
CP142617.1	533879	533893	2
CP142617.1	533893	534014	1
CP142617.1	534014	534022	2
CP142617.1	534022	534028	3
CP142617.1	534028	534044	2
CP142617.1	534044	534049	3
CP142617.1	534049	534050	1
CP142617.1	534050	534053	2
CP142617.1	534053	534054	1
CP142617.1	534054	534055	2
CP142617.1	534055	534181	3
CP142617.1	534181	534182	1
CP142617.1	534182	534228	3
CP142617.1	534228	534229	2
CP142617.1	534229	534230	1
CP142617.1	534230	534255	2
CP142617.1	534255	534311	3
CP142617.1	534311	534362	2
CP142617.1	534362	534612	1
CP142617.1	534612	534613	0
CP142617.1	534613	534670	1
CP142617.1	534670	534728	2
CP142617.1	534728	534735	1
CP142617.1	534735	535329	0
CP142617.1	535329	535363	1
CP142617.1	535363	535407	2
CP142617.1	535407	535472	3
CP142617.1	535472	535492	2
CP142617.1	535492	535499	3
CP142617.1	535499	535500	1
CP142617.1	535500	535612	3
CP142617.1	535612	535613	2
CP142617.1	535613	535617	3
CP142617.1	535617	535635	2
CP142617.1	535635	535648	1
CP142617.1	535648	535681	0
CP142617.1	535681	535703	1
CP142617.1	535703	535704	0
CP142617.1	535704	535753	1
CP142617.1	535753	535754	0
CP142617.1	535754	535784	1
CP142617.1	535784	535904	2
CP142617.1	535904	535961	1
CP142617.1	535961	535987	2
CP142617.1	535987	535988	0
CP142617.1	535988	536011	1
CP142617.1	536011	536014	0
CP142617.1	536014	536053	1
CP142617.1	536053	536097	0
CP142617.1	536097	536192	1
CP142617.1	536192	536418	0
CP142617.1	536418	536421	1
CP142617.1	536421	536476	2
CP142617.1	536476	536486	3
CP142617.1	536486	536487	2
CP142617.1	536487	536511	3
CP142617.1	536511	536514	2
CP142617.1	536514	536523	3
CP142617.1	536523	536551	4
CP142617.1	536551	536587	3
CP142617.1	536587	536620	2
CP142617.1	536620	536626	1
CP142617.1	536626	536653	0
CP142617.1	536653	536751	1
CP142617.1	536751	536752	0
CP142617.1	536752	536813	1
CP142617.1	536813	536825	2
CP142617.1	536825	536924	1
CP142617.1	536924	536925	0
CP142617.1	536925	536928	1
CP142617.1	536928	536939	2
CP142617.1	536939	537029	1
CP142617.1	537029	537229	0
CP142617.1	537229	537303	1
CP142617.1	537303	537304	0
CP142617.1	537304	537429	1
CP142617.1	537429	537593	0
CP142617.1	537593	537609	1
CP142617.1	537609	537628	2
CP142617.1	537628	537639	3
CP142617.1	537639	537685	2
CP142617.1	537685	537798	1
CP142617.1	537798	537808	2
CP142617.1	537808	537823	1
CP142617.1	537823	537893	2
CP142617.1	537893	537894	1
CP142617.1	537894	537896	0
CP142617.1	537896	538007	1
CP142617.1	538007	538009	0
CP142617.1	538009	538103	1
CP142617.1	538103	538178	2
CP142617.1	538178	538207	1
CP142617.1	538207	538257	2
CP142617.1	538257	538270	3
CP142617.1	538270	538271	2
CP142617.1	538271	538276	3
CP142617.1	538276	538280	2
CP142617.1	538280	538307	3
CP142617.1	538307	538318	4
CP142617.1	538318	538340	3
CP142617.1	538340	538407	4
CP142617.1	538407	538412	3
CP142617.1	538412	538492	4
CP142617.1	538492	538493	3
CP142617.1	538493	538499	4
CP142617.1	538499	538505	3
CP142617.1	538505	538519	2
CP142617.1	538519	538666	1
CP142617.1	538666	538694	2
CP142617.1	538694	538695	1
CP142617.1	538695	538788	2
CP142617.1	538788	538803	3
CP142617.1	538803	538842	2
CP142617.1	538842	538843	1
CP142617.1	538843	538858	2
CP142617.1	538858	538867	1
CP142617.1	538867	538868	0
CP142617.1	538868	538917	1
CP142617.1	538917	539025	0
CP142617.1	539025	539121	1
CP142617.1	539121	539122	0
CP142617.1	539122	539123	1
CP142617.1	539123	539151	2
CP142617.1	539151	539152	1
CP142617.1	539152	539212	2
CP142617.1	539212	539246	1
CP142617.1	539246	539270	2
CP142617.1	539270	539317	3
CP142617.1	539317	539318	2
CP142617.1	539318	539364	3
CP142617.1	539364	539365	2
CP142617.1	539365	539375	1
CP142617.1	539375	539429	2
CP142617.1	539429	539437	3
CP142617.1	539437	539494	2
CP142617.1	539494	539517	1
CP142617.1	539517	539522	0
CP142617.1	539522	539678	1
CP142617.1	539678	539682	0
CP142617.1	539682	539747	1
CP142617.1	539747	539748	0
CP142617.1	539748	539836	1
CP142617.1	539836	540069	0
CP142617.1	540069	540121	1
CP142617.1	540121	540122	0
CP142617.1	540122	540143	1
CP142617.1	540143	540195	2
CP142617.1	540195	540199	3
CP142617.1	540199	540226	2
CP142617.1	540226	540288	3
CP142617.1	540288	540297	2
CP142617.1	540297	540370	1
CP142617.1	540370	540505	0
CP142617.1	540505	540547	1
CP142617.1	540547	540557	2
CP142617.1	540557	540560	1
CP142617.1	540560	540602	2
CP142617.1	540602	540603	1
CP142617.1	540603	540607	2
CP142617.1	540607	540622	3
CP142617.1	540622	540713	2
CP142617.1	540713	540758	1
CP142617.1	540758	540928	0
CP142617.1	540928	541092	1
CP142617.1	541092	541394	0
CP142617.1	541394	541632	1
CP142617.1	541632	541641	2
CP142617.1	541641	541645	1
CP142617.1	541645	541694	2
CP142617.1	541694	541711	3
CP142617.1	541711	541728	2
CP142617.1	541728	541772	1
CP142617.1	541772	541835	2
CP142617.1	541835	541836	1
CP142617.1	541836	541903	2
CP142617.1	541903	541963	3
CP142617.1	541963	541971	4
CP142617.1	541971	541982	3
CP142617.1	541982	541983	2
CP142617.1	541983	542008	3
CP142617.1	542008	542017	2
CP142617.1	542017	542022	3
CP142617.1	542022	542024	2
CP142617.1	542024	542057	3
CP142617.1	542057	542093	4
CP142617.1	542093	542112	3
CP142617.1	542112	542125	2
CP142617.1	542125	542161	1
CP142617.1	542161	542273	0
CP142617.1	542273	542333	1
CP142617.1	542333	542345	0
CP142617.1	542345	542446	1
CP142617.1	542446	542470	2
CP142617.1	542470	542478	3
CP142617.1	542478	542526	4
CP142617.1	542526	542552	3
CP142617.1	542552	542594	2
CP142617.1	542594	542610	1
CP142617.1	542610	542939	0
CP142617.1	542939	543063	1
CP142617.1	543063	543064	0
CP142617.1	543064	543141	1
CP142617.1	543141	543158	0
CP142617.1	543158	543186	1
CP142617.1	543186	543229	2
CP142617.1	543229	543235	1
CP142617.1	543235	543242	2
CP142617.1	543242	543277	1
CP142617.1	543277	543278	2
CP142617.1	543278	543279	3
CP142617.1	543279	543330	2
CP142617.1	543330	543333	1
CP142617.1	543333	543423	2
CP142617.1	543423	543437	1
CP142617.1	543437	543518	0
CP142617.1	543518	543543	1
CP142617.1	543543	543544	0
CP142617.1	543544	543547	1
CP142617.1	543547	543549	0
CP142617.1	543549	543623	1
CP142617.1	543623	543624	0
CP142617.1	543624	543634	1
CP142617.1	543634	543694	2
CP142617.1	543694	543697	1
CP142617.1	543697	543703	2
CP142617.1	543703	543728	3
CP142617.1	543728	543745	2
CP142617.1	543745	543746	1
CP142617.1	543746	543750	2
CP142617.1	543750	543763	3
CP142617.1	543763	543767	2
CP142617.1	543767	543789	3
CP142617.1	543789	543790	2
CP142617.1	543790	543811	3
CP142617.1	543811	543839	2
CP142617.1	543839	543865	3
CP142617.1	543865	543897	2
CP142617.1	543897	543908	1
CP142617.1	543908	543915	2
CP142617.1	543915	543928	1
CP142617.1	543928	543980	2
CP142617.1	543980	543999	1
CP142617.1	543999	544033	2
CP142617.1	544033	544038	1
CP142617.1	544038	544050	2
CP142617.1	544050	544080	3
CP142617.1	544080	544083	2
CP142617.1	544083	544087	1
CP142617.1	544087	544090	2
CP142617.1	544090	544097	3
CP142617.1	544097	544099	2
CP142617.1	544099	544104	3
CP142617.1	544104	544105	1
CP142617.1	544105	544107	2
CP142617.1	544107	544110	3
CP142617.1	544110	544111	2
CP142617.1	544111	544130	3
CP142617.1	544130	544151	2
CP142617.1	544151	544154	0
CP142617.1	544154	544164	2
CP142617.1	544164	544252	1
CP142617.1	544252	544253	0
CP142617.1	544253	544280	1
CP142617.1	544280	544294	0
CP142617.1	544294	544321	1
CP142617.1	544321	544348	2
CP142617.1	544348	544351	1
CP142617.1	544351	544431	2
CP142617.1	544431	544434	1
CP142617.1	544434	544450	2
CP142617.1	544450	544594	1
CP142617.1	544594	544608	2
CP142617.1	544608	544611	1
CP142617.1	544611	544623	2
CP142617.1	544623	544624	1
CP142617.1	544624	544625	0
CP142617.1	544625	544707	1
CP142617.1	544707	544827	2
CP142617.1	544827	544828	1
CP142617.1	544828	544872	0
CP142617.1	544872	544918	1
CP142617.1	544918	544979	2
CP142617.1	544979	545006	3
CP142617.1	545006	545009	2
CP142617.1	545009	545010	3
CP142617.1	545010	545044	4
CP142617.1	545044	545062	3
CP142617.1	545062	545092	4
CP142617.1	545092	545165	3
CP142617.1	545165	545206	2
CP142617.1	545206	545281	1
CP142617.1	545281	545471	0
CP142617.1	545471	545479	1
CP142617.1	545479	545491	2
CP142617.1	545491	545492	1
CP142617.1	545492	545542	2
CP142617.1	545542	545628	1
CP142617.1	545628	545667	0
CP142617.1	545667	545789	1
CP142617.1	545789	545892	0
CP142617.1	545892	545955	1
CP142617.1	545955	545965	2
CP142617.1	545965	545966	1
CP142617.1	545966	546024	2
CP142617.1	546024	546038	1
CP142617.1	546038	546161	0
CP142617.1	546161	546264	1
CP142617.1	546264	546268	0
CP142617.1	546268	546275	1
CP142617.1	546275	546331	2
CP142617.1	546331	546351	3
CP142617.1	546351	546352	2
CP142617.1	546352	546357	3
CP142617.1	546357	546399	4
CP142617.1	546399	546400	3
CP142617.1	546400	546407	4
CP142617.1	546407	546408	2
CP142617.1	546408	546416	4
CP142617.1	546416	546417	3
CP142617.1	546417	546461	4
CP142617.1	546461	546473	3
CP142617.1	546473	546474	2
CP142617.1	546474	546488	3
CP142617.1	546488	546509	4
CP142617.1	546509	546534	3
CP142617.1	546534	546548	4
CP142617.1	546548	546549	1
CP142617.1	546549	546574	4
CP142617.1	546574	546625	3
CP142617.1	546625	546635	2
CP142617.1	546635	546636	1
CP142617.1	546636	546658	2
CP142617.1	546658	546686	3
CP142617.1	546686	546711	2
CP142617.1	546711	546756	3
CP142617.1	546756	546789	4
CP142617.1	546789	546817	3
CP142617.1	546817	546821	2
CP142617.1	546821	546910	0
CP142617.1	546910	546967	1
CP142617.1	546967	546976	2
CP142617.1	546976	547015	1
CP142617.1	547015	547018	0
CP142617.1	547018	547038	1
CP142617.1	547038	547050	2
CP142617.1	547050	547051	1
CP142617.1	547051	547090	2
CP142617.1	547090	547166	1
CP142617.1	547166	547173	2
CP142617.1	547173	547210	3
CP142617.1	547210	547241	4
CP142617.1	547241	547251	3
CP142617.1	547251	547316	2
CP142617.1	547316	547325	1
CP142617.1	547325	547381	2
CP142617.1	547381	547382	1
CP142617.1	547382	547391	2
CP142617.1	547391	547393	1
CP142617.1	547393	547440	2
CP142617.1	547440	547464	1
CP142617.1	547464	547465	0
CP142617.1	547465	547540	1
CP142617.1	547540	547557	0
CP142617.1	547557	547687	1
CP142617.1	547687	547714	2
CP142617.1	547714	547715	1
CP142617.1	547715	547718	0
CP142617.1	547718	547766	1
CP142617.1	547766	547850	0
CP142617.1	547850	547889	1
CP142617.1	547889	547890	2
CP142617.1	547890	547940	3
CP142617.1	547940	547960	2
CP142617.1	547960	548047	3
CP142617.1	548047	548096	2
CP142617.1	548096	548123	1
CP142617.1	548123	548190	2
CP142617.1	548190	548212	3
CP142617.1	548212	548244	2
CP142617.1	548244	548290	1
CP142617.1	548290	548405	0
CP142617.1	548405	548418	1
CP142617.1	548418	548420	0
CP142617.1	548420	548459	1
CP142617.1	548459	548460	0
CP142617.1	548460	548465	1
CP142617.1	548465	548466	0
CP142617.1	548466	548549	1
CP142617.1	548549	548566	2
CP142617.1	548566	548567	0
CP142617.1	548567	548568	1
CP142617.1	548568	548601	2
CP142617.1	548601	548619	1
CP142617.1	548619	548649	0
CP142617.1	548649	548690	1
CP142617.1	548690	548693	2
CP142617.1	548693	548747	1
CP142617.1	548747	548825	2
CP142617.1	548825	548873	3
CP142617.1	548873	548954	2
CP142617.1	548954	549209	1
CP142617.1	549209	549212	0
CP142617.1	549212	549262	1
CP142617.1	549262	549342	2
CP142617.1	549342	549362	3
CP142617.1	549362	549370	4
CP142617.1	549370	549374	3
CP142617.1	549374	549393	4
CP142617.1	549393	549402	3
CP142617.1	549402	549419	2
CP142617.1	549419	549420	1
CP142617.1	549420	549485	0
CP142617.1	549485	549513	1
CP142617.1	549513	549514	0
CP142617.1	549514	549529	1
CP142617.1	549529	549530	0
CP142617.1	549530	549551	1
CP142617.1	549551	549718	0
CP142617.1	549718	549800	1
CP142617.1	549800	549811	2
CP142617.1	549811	549877	1
CP142617.1	549877	549894	2
CP142617.1	549894	549943	1
CP142617.1	549943	549983	2
CP142617.1	549983	549984	1
CP142617.1	549984	550034	2
CP142617.1	550034	550062	3
CP142617.1	550062	550073	2
CP142617.1	550073	550074	0
CP142617.1	550074	550076	1
CP142617.1	550076	550101	2
CP142617.1	550101	550102	1
CP142617.1	550102	550122	2
CP142617.1	550122	550150	1
CP142617.1	550150	550186	2
CP142617.1	550186	550187	1
CP142617.1	550187	550192	2
CP142617.1	550192	550196	1
CP142617.1	550196	550243	2
CP142617.1	550243	550254	1
CP142617.1	550254	550255	0
CP142617.1	550255	550300	1
CP142617.1	550300	550406	0
CP142617.1	550406	550654	1
CP142617.1	550654	550771	0
CP142617.1	550771	550892	1
CP142617.1	550892	551009	2
CP142617.1	551009	551135	1
CP142617.1	551135	551186	2
CP142617.1	551186	551263	1
CP142617.1	551263	551270	0
CP142617.1	551270	551323	1
CP142617.1	551323	551736	0
CP142617.1	551736	551744	1
CP142617.1	551744	551831	2
CP142617.1	551831	551862	1
CP142617.1	551862	551863	0
CP142617.1	551863	551903	1
CP142617.1	551903	551904	0
CP142617.1	551904	551920	1
CP142617.1	551920	551947	2
CP142617.1	551947	551949	1
CP142617.1	551949	551982	2
CP142617.1	551982	551985	1
CP142617.1	551985	552001	2
CP142617.1	552001	552004	0
CP142617.1	552004	552037	2
CP142617.1	552037	552057	3
CP142617.1	552057	552058	2
CP142617.1	552058	552059	0
CP142617.1	552059	552080	2
CP142617.1	552080	552085	1
CP142617.1	552085	552115	2
CP142617.1	552115	552125	3
CP142617.1	552125	552211	1
CP142617.1	552211	552252	2
CP142617.1	552252	552264	3
CP142617.1	552264	552299	2
CP142617.1	552299	552398	1
CP142617.1	552398	552403	0
CP142617.1	552403	552485	1
CP142617.1	552485	552488	2
CP142617.1	552488	552528	3
CP142617.1	552528	552561	4
CP142617.1	552561	552562	2
CP142617.1	552562	552567	4
CP142617.1	552567	552578	5
CP142617.1	552578	552617	4
CP142617.1	552617	552626	3
CP142617.1	552626	552698	4
CP142617.1	552698	552700	3
CP142617.1	552700	552754	2
CP142617.1	552754	552758	0
CP142617.1	552758	552806	1
CP142617.1	552806	553145	0
CP142617.1	553145	553212	1
CP142617.1	553212	553224	0
CP142617.1	553224	553228	1
CP142617.1	553228	553230	0
CP142617.1	553230	553251	1
CP142617.1	553251	553252	0
CP142617.1	553252	553307	1
CP142617.1	553307	553311	2
CP142617.1	553311	553371	3
CP142617.1	553371	553385	2
CP142617.1	553385	553400	1
CP142617.1	553400	553534	0
CP142617.1	553534	553569	1
CP142617.1	553569	553590	2
CP142617.1	553590	553592	1
CP142617.1	553592	553597	0
CP142617.1	553597	553599	1
CP142617.1	553599	553625	2
CP142617.1	553625	553632	3
CP142617.1	553632	553654	2
CP142617.1	553654	553686	1
CP142617.1	553686	553739	2
CP142617.1	553739	553742	3
CP142617.1	553742	553789	2
CP142617.1	553789	553903	1
CP142617.1	553903	553904	0
CP142617.1	553904	553932	1
CP142617.1	553932	553933	0
CP142617.1	553933	554134	1
CP142617.1	554134	554138	0
CP142617.1	554138	554221	1
CP142617.1	554221	554267	2
CP142617.1	554267	554280	3
CP142617.1	554280	554324	2
CP142617.1	554324	554396	1
CP142617.1	554396	554456	2
CP142617.1	554456	554457	1
CP142617.1	554457	554459	2
CP142617.1	554459	554514	3
CP142617.1	554514	554515	2
CP142617.1	554515	554520	3
CP142617.1	554520	554562	2
CP142617.1	554562	554564	1
CP142617.1	554564	554588	0
CP142617.1	554588	554784	1
CP142617.1	554784	554982	0
CP142617.1	554982	555138	1
CP142617.1	555138	555201	2
CP142617.1	555201	555203	3
CP142617.1	555203	555278	2
CP142617.1	555278	555281	1
CP142617.1	555281	555297	2
CP142617.1	555297	555321	3
CP142617.1	555321	555326	4
CP142617.1	555326	555356	3
CP142617.1	555356	555413	4
CP142617.1	555413	555478	3
CP142617.1	555478	555490	2
CP142617.1	555490	555535	3
CP142617.1	555535	555537	1
CP142617.1	555537	555542	0
CP142617.1	555542	555642	1
CP142617.1	555642	555643	0
CP142617.1	555643	555676	1
CP142617.1	555676	555691	2
CP142617.1	555691	555851	1
CP142617.1	555851	555885	2
CP142617.1	555885	555886	1
CP142617.1	555886	555959	2
CP142617.1	555959	555963	1
CP142617.1	555963	555992	2
CP142617.1	555992	555999	1
CP142617.1	555999	556011	0
CP142617.1	556011	556100	1
CP142617.1	556100	556133	2
CP142617.1	556133	556136	1
CP142617.1	556136	556202	2
CP142617.1	556202	556204	3
CP142617.1	556204	556243	2
CP142617.1	556243	556244	3
CP142617.1	556244	556249	4
CP142617.1	556249	556250	3
CP142617.1	556250	556277	2
CP142617.1	556277	556279	1
CP142617.1	556279	556479	0
CP142617.1	556479	556487	3
CP142617.1	556487	556533	4
CP142617.1	556533	556555	3
CP142617.1	556555	556556	2
CP142617.1	556556	556558	1
CP142617.1	556558	556574	2
CP142617.1	556574	556679	1
CP142617.1	556679	556742	2
CP142617.1	556742	556805	3
CP142617.1	556805	556849	2
CP142617.1	556849	556869	3
CP142617.1	556869	556913	2
CP142617.1	556913	556994	3
CP142617.1	556994	557001	2
CP142617.1	557001	557027	3
CP142617.1	557027	557082	2
CP142617.1	557082	557103	3
CP142617.1	557103	557104	2
CP142617.1	557104	557134	1
CP142617.1	557134	557145	0
CP142617.1	557145	557165	1
CP142617.1	557165	557192	2
CP142617.1	557192	557219	3
CP142617.1	557219	557228	4
CP142617.1	557228	557233	5
CP142617.1	557233	557236	4
CP142617.1	557236	557281	5
CP142617.1	557281	557291	4
CP142617.1	557291	557292	3
CP142617.1	557292	557312	4
CP142617.1	557312	557323	3
CP142617.1	557323	557343	2
CP142617.1	557343	557394	1
CP142617.1	557394	557443	2
CP142617.1	557443	557444	1
CP142617.1	557444	557472	2
CP142617.1	557472	557475	1
CP142617.1	557475	557476	0
CP142617.1	557476	557508	1
CP142617.1	557508	557519	2
CP142617.1	557519	557520	1
CP142617.1	557520	557548	2
CP142617.1	557548	557559	3
CP142617.1	557559	557573	2
CP142617.1	557573	557574	0
CP142617.1	557574	557584	2
CP142617.1	557584	557604	1
CP142617.1	557604	557628	0
CP142617.1	557628	557777	1
CP142617.1	557777	557781	0
CP142617.1	557781	557856	1
CP142617.1	557856	557900	2
CP142617.1	557900	557932	1
CP142617.1	557932	558044	0
CP142617.1	558044	558145	1
CP142617.1	558145	558181	2
CP142617.1	558181	558188	1
CP142617.1	558188	558201	2
CP142617.1	558201	558223	1
CP142617.1	558223	558261	2
CP142617.1	558261	558313	1
CP142617.1	558313	558351	2
CP142617.1	558351	558404	1
CP142617.1	558404	558407	0
CP142617.1	558407	558475	1
CP142617.1	558475	558513	2
CP142617.1	558513	558514	1
CP142617.1	558514	558548	2
CP142617.1	558548	558791	1
CP142617.1	558791	558832	2
CP142617.1	558832	558852	3
CP142617.1	558852	558894	2
CP142617.1	558894	559061	1
CP142617.1	559061	559348	0
CP142617.1	559348	559369	1
CP142617.1	559369	559410	2
CP142617.1	559410	559438	3
CP142617.1	559438	559471	2
CP142617.1	559471	559475	1
CP142617.1	559475	559477	2
CP142617.1	559477	559513	3
CP142617.1	559513	559533	2
CP142617.1	559533	559556	3
CP142617.1	559556	559744	2
CP142617.1	559744	559792	3
CP142617.1	559792	559832	2
CP142617.1	559832	559960	1
CP142617.1	559960	560014	2
CP142617.1	560014	560026	1
CP142617.1	560026	560093	2
CP142617.1	560093	560122	1
CP142617.1	560122	560199	2
CP142617.1	560199	560247	1
CP142617.1	560247	560248	0
CP142617.1	560248	560304	1
CP142617.1	560304	560323	0
CP142617.1	560323	560327	1
CP142617.1	560327	560404	2
CP142617.1	560404	560464	1
CP142617.1	560464	560499	2
CP142617.1	560499	560547	3
CP142617.1	560547	560553	2
CP142617.1	560553	560584	3
CP142617.1	560584	560637	2
CP142617.1	560637	560646	0
CP142617.1	560646	560706	1
CP142617.1	560706	560844	0
CP142617.1	560844	560902	1
CP142617.1	560902	561225	0
CP142617.1	561225	561395	1
CP142617.1	561395	561482	0
CP142617.1	561482	561532	1
CP142617.1	561532	561543	0
CP142617.1	561543	561604	1
CP142617.1	561604	561685	2
CP142617.1	561685	561686	1
CP142617.1	561686	561814	0
CP142617.1	561814	562002	1
CP142617.1	562002	562132	0
CP142617.1	562132	562224	1
CP142617.1	562224	562238	0
CP142617.1	562238	562250	1
CP142617.1	562250	562283	2
CP142617.1	562283	562353	1
CP142617.1	562353	562373	0
CP142617.1	562373	562439	1
CP142617.1	562439	562448	0
CP142617.1	562448	562452	1
CP142617.1	562452	562530	2
CP142617.1	562530	562531	1
CP142617.1	562531	562608	2
CP142617.1	562608	562610	1
CP142617.1	562610	562621	0
CP142617.1	562621	562643	1
CP142617.1	562643	562704	2
CP142617.1	562704	562735	3
CP142617.1	562735	562800	2
CP142617.1	562800	562876	1
CP142617.1	562876	562878	0
CP142617.1	562878	562944	1
CP142617.1	562944	562968	2
CP142617.1	562968	563001	3
CP142617.1	563001	563113	2
CP142617.1	563113	563141	1
CP142617.1	563141	563179	0
CP142617.1	563179	563283	1
CP142617.1	563283	563346	2
CP142617.1	563346	563365	1
CP142617.1	563365	563369	2
CP142617.1	563369	563421	3
CP142617.1	563421	563450	2
CP142617.1	563450	563473	3
CP142617.1	563473	563486	2
CP142617.1	563486	563489	1
CP142617.1	563489	563508	2
CP142617.1	563508	563509	1
CP142617.1	563509	563553	2
CP142617.1	563553	563554	1
CP142617.1	563554	563611	2
CP142617.1	563611	563612	1
CP142617.1	563612	563639	2
CP142617.1	563639	563710	1
CP142617.1	563710	563736	0
CP142617.1	563736	563744	1
CP142617.1	563744	563827	2
CP142617.1	563827	563926	1
CP142617.1	563926	564006	0
CP142617.1	564006	564065	1
CP142617.1	564065	564402	0
CP142617.1	564402	564436	1
CP142617.1	564436	564451	2
CP142617.1	564451	564452	1
CP142617.1	564452	564463	3
CP142617.1	564463	564464	0
CP142617.1	564464	564511	3
CP142617.1	564511	564521	2
CP142617.1	564521	564650	1
CP142617.1	564650	564668	2
CP142617.1	564668	564690	1
CP142617.1	564690	564694	0
CP142617.1	564694	564713	1
CP142617.1	564713	564715	2
CP142617.1	564715	564821	1
CP142617.1	564821	564871	2
CP142617.1	564871	564948	1
CP142617.1	564948	565143	0
CP142617.1	565143	565213	1
CP142617.1	565213	565418	0
CP142617.1	565418	565486	1
CP142617.1	565486	565500	0
CP142617.1	565500	565586	1
CP142617.1	565586	565588	2
CP142617.1	565588	565665	3
CP142617.1	565665	565693	2
CP142617.1	565693	565701	3
CP142617.1	565701	565703	2
CP142617.1	565703	565771	3
CP142617.1	565771	565853	2
CP142617.1	565853	565883	1
CP142617.1	565883	565887	2
CP142617.1	565887	565951	1
CP142617.1	565951	566010	2
CP142617.1	566010	566025	1
CP142617.1	566025	566030	0
CP142617.1	566030	566091	1
CP142617.1	566091	566166	0
CP142617.1	566166	566268	1
CP142617.1	566268	566293	2
CP142617.1	566293	566294	1
CP142617.1	566294	566302	2
CP142617.1	566302	566307	1
CP142617.1	566307	566365	2
CP142617.1	566365	566366	0
CP142617.1	566366	566386	2
CP142617.1	566386	566440	1
CP142617.1	566440	566484	0
CP142617.1	566484	566498	1
CP142617.1	566498	566529	2
CP142617.1	566529	566538	1
CP142617.1	566538	566544	2
CP142617.1	566544	566546	1
CP142617.1	566546	566547	2
CP142617.1	566547	566550	1
CP142617.1	566550	566576	2
CP142617.1	566576	566621	1
CP142617.1	566621	566624	0
CP142617.1	566624	566695	1
CP142617.1	566695	566756	2
CP142617.1	566756	566770	1
CP142617.1	566770	566771	0
CP142617.1	566771	566779	1
CP142617.1	566779	566835	2
CP142617.1	566835	566853	1
CP142617.1	566853	566909	2
CP142617.1	566909	566967	1
CP142617.1	566967	567500	0
CP142617.1	567500	567565	1
CP142617.1	567565	567566	0
CP142617.1	567566	567590	1
CP142617.1	567590	567872	0
CP142617.1	567872	567885	1
CP142617.1	567885	567929	2
CP142617.1	567929	567934	1
CP142617.1	567934	567935	0
CP142617.1	567935	567989	1
CP142617.1	567989	568050	0
CP142617.1	568050	568111	1
CP142617.1	568111	568114	0
CP142617.1	568114	568134	1
CP142617.1	568134	568141	0
CP142617.1	568141	568255	1
CP142617.1	568255	568281	0
CP142617.1	568281	568296	1
CP142617.1	568296	568297	0
CP142617.1	568297	568336	1
CP142617.1	568336	568341	0
CP142617.1	568341	568416	1
CP142617.1	568416	568432	0
CP142617.1	568432	568514	1
CP142617.1	568514	568679	0
CP142617.1	568679	568715	1
CP142617.1	568715	568805	2
CP142617.1	568805	568806	1
CP142617.1	568806	568845	2
CP142617.1	568845	568846	0
CP142617.1	568846	568876	2
CP142617.1	568876	568879	1
CP142617.1	568879	568898	2
CP142617.1	568898	568915	1
CP142617.1	568915	568922	2
CP142617.1	568922	568958	3
CP142617.1	568958	568964	4
CP142617.1	568964	568976	3
CP142617.1	568976	569028	4
CP142617.1	569028	569038	3
CP142617.1	569038	569074	4
CP142617.1	569074	569128	3
CP142617.1	569128	569134	2
CP142617.1	569134	569211	1
CP142617.1	569211	569214	0
CP142617.1	569214	569258	1
CP142617.1	569258	569286	0
CP142617.1	569286	569328	1
CP142617.1	569328	569331	0
CP142617.1	569331	569343	1
CP142617.1	569343	569362	0
CP142617.1	569362	569457	1
CP142617.1	569457	569547	2
CP142617.1	569547	569587	1
CP142617.1	569587	569648	0
CP142617.1	569648	569722	1
CP142617.1	569722	569963	0
CP142617.1	569963	570033	1
CP142617.1	570033	570165	0
CP142617.1	570165	570171	1
CP142617.1	570171	570172	0
CP142617.1	570172	570216	1
CP142617.1	570216	570454	0
CP142617.1	570454	570480	1
CP142617.1	570480	570481	0
CP142617.1	570481	570489	1
CP142617.1	570489	570610	2
CP142617.1	570610	570628	3
CP142617.1	570628	570629	2
CP142617.1	570629	570650	3
CP142617.1	570650	570761	2
CP142617.1	570761	570764	1
CP142617.1	570764	570910	2
CP142617.1	570910	570917	1
CP142617.1	570917	571185	0
CP142617.1	571185	571252	1
CP142617.1	571252	571295	0
CP142617.1	571295	571349	1
CP142617.1	571349	571361	0
CP142617.1	571361	571386	1
CP142617.1	571386	571533	2
CP142617.1	571533	571548	3
CP142617.1	571548	571550	2
CP142617.1	571550	571555	3
CP142617.1	571555	571600	2
CP142617.1	571600	571629	1
CP142617.1	571629	571695	2
CP142617.1	571695	571700	1
CP142617.1	571700	571751	2
CP142617.1	571751	572009	0
CP142617.1	572009	572047	2
CP142617.1	572047	572056	1
CP142617.1	572056	572057	0
CP142617.1	572057	572097	1
CP142617.1	572097	572175	0
CP142617.1	572175	572209	1
CP142617.1	572209	572586	0
CP142617.1	572586	572768	1
CP142617.1	572768	572797	2
CP142617.1	572797	572870	1
CP142617.1	572870	572890	0
CP142617.1	572890	572956	1
CP142617.1	572956	573017	2
CP142617.1	573017	573063	3
CP142617.1	573063	573064	2
CP142617.1	573064	573071	3
CP142617.1	573071	573079	2
CP142617.1	573079	573085	1
CP142617.1	573085	573107	0
CP142617.1	573107	573164	1
CP142617.1	573164	573166	0
CP142617.1	573166	573311	1
CP142617.1	573311	573347	2
CP142617.1	573347	573377	1
CP142617.1	573377	573428	0
CP142617.1	573428	573497	1
CP142617.1	573497	573582	2
CP142617.1	573582	573583	1
CP142617.1	573583	573635	2
CP142617.1	573635	573658	1
CP142617.1	573658	573720	2
CP142617.1	573720	573721	1
CP142617.1	573721	573900	2
CP142617.1	573900	573952	1
CP142617.1	573952	573998	2
CP142617.1	573998	574008	1
CP142617.1	574008	574015	2
CP142617.1	574015	574026	1
CP142617.1	574026	574027	0
CP142617.1	574027	574037	1
CP142617.1	574037	574038	0
CP142617.1	574038	574170	1
CP142617.1	574170	574171	0
CP142617.1	574171	574200	1
CP142617.1	574200	574243	2
CP142617.1	574243	574244	1
CP142617.1	574244	574265	2
CP142617.1	574265	574280	1
CP142617.1	574280	574291	0
CP142617.1	574291	574431	1
CP142617.1	574431	574437	2
CP142617.1	574437	574468	1
CP142617.1	574468	574632	2
CP142617.1	574632	574693	1
CP142617.1	574693	574724	0
CP142617.1	574724	574754	1
CP142617.1	574754	574756	0
CP142617.1	574756	574780	1
CP142617.1	574780	574812	0
CP142617.1	574812	574817	1
CP142617.1	574817	574823	2
CP142617.1	574823	574831	3
CP142617.1	574831	574832	1
CP142617.1	574832	574861	3
CP142617.1	574861	574862	1
CP142617.1	574862	574878	3
CP142617.1	574878	574881	2
CP142617.1	574881	575020	3
CP142617.1	575020	575031	4
CP142617.1	575031	575032	0
CP142617.1	575032	575057	4
CP142617.1	575057	575102	3
CP142617.1	575102	575103	4
CP142617.1	575103	575117	3
CP142617.1	575117	575118	2
CP142617.1	575118	575139	3
CP142617.1	575139	575161	2
CP142617.1	575161	575179	3
CP142617.1	575179	575180	2
CP142617.1	575180	575181	1
CP142617.1	575181	575182	2
CP142617.1	575182	575226	3
CP142617.1	575226	575259	2
CP142617.1	575259	575262	1
CP142617.1	575262	575263	0
CP142617.1	575263	575425	1
CP142617.1	575425	575459	2
CP142617.1	575459	575461	1
CP142617.1	575461	575537	2
CP142617.1	575537	575549	1
CP142617.1	575549	575595	2
CP142617.1	575595	575625	1
CP142617.1	575625	575683	0
CP142617.1	575683	575775	1
CP142617.1	575775	575776	0
CP142617.1	575776	575824	1
CP142617.1	575824	575853	2
CP142617.1	575853	575854	1
CP142617.1	575854	575900	2
CP142617.1	575900	575914	1
CP142617.1	575914	575924	0
CP142617.1	575924	575940	1
CP142617.1	575940	575943	0
CP142617.1	575943	576034	1
CP142617.1	576034	576035	0
CP142617.1	576035	576073	1
CP142617.1	576073	576101	2
CP142617.1	576101	576117	3
CP142617.1	576117	576175	2
CP142617.1	576175	576442	1
CP142617.1	576442	576478	2
CP142617.1	576478	576482	1
CP142617.1	576482	576483	0
CP142617.1	576483	576485	1
CP142617.1	576485	576535	2
CP142617.1	576535	576536	1
CP142617.1	576536	576592	2
CP142617.1	576592	576593	1
CP142617.1	576593	576848	2
CP142617.1	576848	576870	1
CP142617.1	576870	576873	0
CP142617.1	576873	576914	1
CP142617.1	576914	576916	0
CP142617.1	576916	577036	1
CP142617.1	577036	577134	2
CP142617.1	577134	577144	1
CP142617.1	577144	577164	0
CP142617.1	577164	577200	1
CP142617.1	577200	577293	2
CP142617.1	577293	577294	0
CP142617.1	577294	577308	2
CP142617.1	577308	577309	0
CP142617.1	577309	577377	2
CP142617.1	577377	577417	1
CP142617.1	577417	577418	0
CP142617.1	577418	577442	1
CP142617.1	577442	577447	2
CP142617.1	577447	577596	1
CP142617.1	577596	577614	2
CP142617.1	577614	577762	1
CP142617.1	577762	577823	2
CP142617.1	577823	577839	3
CP142617.1	577839	577852	2
CP142617.1	577852	577878	3
CP142617.1	577878	577883	2
CP142617.1	577883	577913	3
CP142617.1	577913	577916	2
CP142617.1	577916	577917	1
CP142617.1	577917	577933	2
CP142617.1	577933	577936	1
CP142617.1	577936	577988	2
CP142617.1	577988	577998	3
CP142617.1	577998	577999	4
CP142617.1	577999	578042	5
CP142617.1	578042	578051	4
CP142617.1	578051	578056	3
CP142617.1	578056	578099	2
CP142617.1	578099	578100	1
CP142617.1	578100	578122	2
CP142617.1	578122	578190	1
CP142617.1	578190	578272	2
CP142617.1	578272	578273	1
CP142617.1	578273	578285	2
CP142617.1	578285	578508	1
CP142617.1	578508	578671	0
CP142617.1	578671	578695	1
CP142617.1	578695	578797	2
CP142617.1	578797	578854	1
CP142617.1	578854	578938	0
CP142617.1	578938	579041	1
CP142617.1	579041	579042	0
CP142617.1	579042	579097	1
CP142617.1	579097	579115	2
CP142617.1	579115	579126	1
CP142617.1	579126	579185	3
CP142617.1	579185	579233	2
CP142617.1	579233	579247	3
CP142617.1	579247	579259	4
CP142617.1	579259	579286	3
CP142617.1	579286	579303	2
CP142617.1	579303	579316	1
CP142617.1	579316	579319	2
CP142617.1	579319	579464	3
CP142617.1	579464	579472	4
CP142617.1	579472	579478	5
CP142617.1	579478	579480	4
CP142617.1	579480	579515	3
CP142617.1	579515	579518	4
CP142617.1	579518	579519	3
CP142617.1	579519	579529	4
CP142617.1	579529	579541	3
CP142617.1	579541	579542	2
CP142617.1	579542	579583	3
CP142617.1	579583	579584	4
CP142617.1	579584	579614	5
CP142617.1	579614	579643	4
CP142617.1	579643	579708	3
CP142617.1	579708	579730	2
CP142617.1	579730	579808	1
CP142617.1	579808	579940	0
CP142617.1	579940	580141	1
CP142617.1	580141	580457	0
CP142617.1	580457	580484	1
CP142617.1	580484	580516	2
CP142617.1	580516	580723	1
CP142617.1	580723	580737	2
CP142617.1	580737	580738	1
CP142617.1	580738	580771	2
CP142617.1	580771	580817	1
CP142617.1	580817	580819	0
CP142617.1	580819	580840	1
CP142617.1	580840	581060	0
CP142617.1	581060	581093	1
CP142617.1	581093	581301	2
CP142617.1	581301	581414	1
CP142617.1	581414	581513	0
CP142617.1	581513	581544	1
CP142617.1	581544	581545	0
CP142617.1	581545	581639	1
CP142617.1	581639	581801	0
CP142617.1	581801	581850	1
CP142617.1	581850	581933	2
CP142617.1	581933	581935	1
CP142617.1	581935	581939	2
CP142617.1	581939	582055	1
CP142617.1	582055	582058	0
CP142617.1	582058	582158	1
CP142617.1	582158	582195	0
CP142617.1	582195	582355	1
CP142617.1	582355	582378	2
CP142617.1	582378	582381	1
CP142617.1	582381	582454	2
CP142617.1	582454	582462	3
CP142617.1	582462	582463	2
CP142617.1	582463	582487	3
CP142617.1	582487	582498	2
CP142617.1	582498	582501	3
CP142617.1	582501	582515	2
CP142617.1	582515	582548	3
CP142617.1	582548	582567	4
CP142617.1	582567	582624	3
CP142617.1	582624	582626	4
CP142617.1	582626	582647	3
CP142617.1	582647	582650	2
CP142617.1	582650	582713	1
CP142617.1	582713	582761	2
CP142617.1	582761	582772	1
CP142617.1	582772	582785	2
CP142617.1	582785	582787	1
CP142617.1	582787	582823	2
CP142617.1	582823	582849	1
CP142617.1	582849	582853	0
CP142617.1	582853	582927	1
CP142617.1	582927	583107	0
CP142617.1	583107	583115	1
CP142617.1	583115	583179	2
CP142617.1	583179	583315	1
CP142617.1	583315	583380	0
CP142617.1	583380	583426	1
CP142617.1	583426	583442	2
CP142617.1	583442	583471	3
CP142617.1	583471	583487	4
CP142617.1	583487	583515	3
CP142617.1	583515	583518	4
CP142617.1	583518	583567	3
CP142617.1	583567	583569	2
CP142617.1	583569	583648	1
CP142617.1	583648	583715	2
CP142617.1	583715	583716	1
CP142617.1	583716	583739	2
CP142617.1	583739	583833	1
CP142617.1	583833	583834	0
CP142617.1	583834	583865	1
CP142617.1	583865	583927	2
CP142617.1	583927	583934	1
CP142617.1	583934	584180	0
CP142617.1	584180	584263	1
CP142617.1	584263	584306	0
CP142617.1	584306	584371	1
CP142617.1	584371	584394	0
CP142617.1	584394	584522	1
CP142617.1	584522	584780	0
CP142617.1	584780	584805	1
CP142617.1	584805	584808	0
CP142617.1	584808	584880	1
CP142617.1	584880	584890	0
CP142617.1	584890	584900	1
CP142617.1	584900	584901	0
CP142617.1	584901	584908	1
CP142617.1	584908	584941	2
CP142617.1	584941	585004	3
CP142617.1	585004	585125	2
CP142617.1	585125	585140	1
CP142617.1	585140	585179	2
CP142617.1	585179	585197	0
CP142617.1	585197	585245	1
CP142617.1	585245	585246	0
CP142617.1	585246	585268	1
CP142617.1	585268	585325	2
CP142617.1	585325	585348	1
CP142617.1	585348	585415	0
CP142617.1	585415	585720	1
CP142617.1	585720	585816	0
CP142617.1	585816	585907	1
CP142617.1	585907	586059	0
CP142617.1	586059	586086	1
CP142617.1	586086	586110	2
CP142617.1	586110	586149	1
CP142617.1	586149	586175	2
CP142617.1	586175	586176	0
CP142617.1	586176	586177	1
CP142617.1	586177	586234	2
CP142617.1	586234	586293	1
CP142617.1	586293	586368	0
CP142617.1	586368	586417	1
CP142617.1	586417	586451	2
CP142617.1	586451	586453	1
CP142617.1	586453	586454	0
CP142617.1	586454	586521	2
CP142617.1	586521	586524	1
CP142617.1	586524	586568	2
CP142617.1	586568	586599	1
CP142617.1	586599	586643	0
CP142617.1	586643	586674	1
CP142617.1	586674	586675	0
CP142617.1	586675	586712	1
CP142617.1	586712	586899	0
CP142617.1	586899	586926	1
CP142617.1	586926	586936	2
CP142617.1	586936	586942	3
CP142617.1	586942	586962	4
CP142617.1	586962	586964	3
CP142617.1	586964	586975	4
CP142617.1	586975	587076	3
CP142617.1	587076	587102	2
CP142617.1	587102	587111	3
CP142617.1	587111	587139	4
CP142617.1	587139	587153	3
CP142617.1	587153	587192	2
CP142617.1	587192	587221	3
CP142617.1	587221	587338	2
CP142617.1	587338	587376	1
CP142617.1	587376	587377	0
CP142617.1	587377	587445	1
CP142617.1	587445	587604	0
CP142617.1	587604	587724	1
CP142617.1	587724	587726	0
CP142617.1	587726	587729	1
CP142617.1	587729	587755	2
CP142617.1	587755	587756	1
CP142617.1	587756	587800	2
CP142617.1	587800	587859	3
CP142617.1	587859	587898	4
CP142617.1	587898	587922	3
CP142617.1	587922	587923	1
CP142617.1	587923	587935	3
CP142617.1	587935	587936	2
CP142617.1	587936	587959	3
CP142617.1	587959	587988	2
CP142617.1	587988	588000	3
CP142617.1	588000	588020	2
CP142617.1	588020	588022	1
CP142617.1	588022	588028	2
CP142617.1	588028	588029	0
CP142617.1	588029	588041	2
CP142617.1	588041	588094	1
CP142617.1	588094	588253	0
CP142617.1	588253	588258	1
CP142617.1	588258	588376	2
CP142617.1	588376	588378	1
CP142617.1	588378	588394	2
CP142617.1	588394	588417	1
CP142617.1	588417	588418	0
CP142617.1	588418	588460	1
CP142617.1	588460	588538	0
CP142617.1	588538	588543	1
CP142617.1	588543	588704	2
CP142617.1	588704	588726	1
CP142617.1	588726	588770	2
CP142617.1	588770	588775	1
CP142617.1	588775	588799	2
CP142617.1	588799	588824	1
CP142617.1	588824	589046	0
CP142617.1	589046	589242	1
CP142617.1	589242	589254	0
CP142617.1	589254	589300	1
CP142617.1	589300	589477	0
CP142617.1	589477	589498	1
CP142617.1	589498	589535	2
CP142617.1	589535	589536	1
CP142617.1	589536	589568	2
CP142617.1	589568	589597	1
CP142617.1	589597	589668	0
CP142617.1	589668	589811	1
CP142617.1	589811	589816	2
CP142617.1	589816	589819	1
CP142617.1	589819	589824	2
CP142617.1	589824	589825	1
CP142617.1	589825	589841	2
CP142617.1	589841	589899	3
CP142617.1	589899	589900	0
CP142617.1	589900	589923	3
CP142617.1	589923	589924	2
CP142617.1	589924	589929	3
CP142617.1	589929	589934	4
CP142617.1	589934	589935	2
CP142617.1	589935	589944	4
CP142617.1	589944	589947	3
CP142617.1	589947	589953	4
CP142617.1	589953	589954	3
CP142617.1	589954	589970	4
CP142617.1	589970	589971	3
CP142617.1	589971	589972	4
CP142617.1	589972	590086	3
CP142617.1	590086	590104	2
CP142617.1	590104	590114	3
CP142617.1	590114	590155	1
CP142617.1	590155	590197	2
CP142617.1	590197	590250	1
CP142617.1	590250	590352	2
CP142617.1	590352	590353	1
CP142617.1	590353	590386	2
CP142617.1	590386	590514	1
CP142617.1	590514	590651	2
CP142617.1	590651	590673	1
CP142617.1	590673	590698	0
CP142617.1	590698	590749	1
CP142617.1	590749	590783	0
CP142617.1	590783	590940	1
CP142617.1	590940	590985	0
CP142617.1	590985	591017	1
CP142617.1	591017	591062	2
CP142617.1	591062	591063	1
CP142617.1	591063	591089	2
CP142617.1	591089	591100	3
CP142617.1	591100	591101	1
CP142617.1	591101	591102	3
CP142617.1	591102	591106	4
CP142617.1	591106	591109	3
CP142617.1	591109	591131	4
CP142617.1	591131	591134	3
CP142617.1	591134	591137	4
CP142617.1	591137	591147	3
CP142617.1	591147	591151	2
CP142617.1	591151	591180	3
CP142617.1	591180	591233	2
CP142617.1	591233	591307	1
CP142617.1	591307	591341	2
CP142617.1	591341	591454	1
CP142617.1	591454	591455	0
CP142617.1	591455	591473	1
CP142617.1	591473	591549	2
CP142617.1	591549	591550	1
CP142617.1	591550	591583	2
CP142617.1	591583	591608	3
CP142617.1	591608	591650	2
CP142617.1	591650	591693	3
CP142617.1	591693	591704	2
CP142617.1	591704	591771	1
CP142617.1	591771	591832	2
CP142617.1	591832	591851	3
CP142617.1	591851	591860	4
CP142617.1	591860	591862	3
CP142617.1	591862	591866	4
CP142617.1	591866	591867	2
CP142617.1	591867	591868	3
CP142617.1	591868	591897	4
CP142617.1	591897	591924	3
CP142617.1	591924	591925	2
CP142617.1	591925	591944	3
CP142617.1	591944	591973	2
CP142617.1	591973	591979	3
CP142617.1	591979	591988	2
CP142617.1	591988	592026	3
CP142617.1	592026	592076	2
CP142617.1	592076	592077	0
CP142617.1	592077	592133	2
CP142617.1	592133	592138	1
CP142617.1	592138	592147	2
CP142617.1	592147	592157	1
CP142617.1	592157	592182	2
CP142617.1	592182	592238	1
CP142617.1	592238	592310	2
CP142617.1	592310	592321	3
CP142617.1	592321	592399	2
CP142617.1	592399	592400	1
CP142617.1	592400	592448	2
CP142617.1	592448	592503	1
CP142617.1	592503	592534	0
CP142617.1	592534	592587	1
CP142617.1	592587	592692	2
CP142617.1	592692	592722	3
CP142617.1	592722	592741	2
CP142617.1	592741	592743	1
CP142617.1	592743	592771	2
CP142617.1	592771	592803	3
CP142617.1	592803	592856	2
CP142617.1	592856	592863	1
CP142617.1	592863	592871	0
CP142617.1	592871	592901	1
CP142617.1	592901	593386	0
CP142617.1	593386	593392	1
CP142617.1	593392	593450	2
CP142617.1	593450	593471	1
CP142617.1	593471	593480	0
CP142617.1	593480	593657	1
CP142617.1	593657	593739	2
CP142617.1	593739	593772	1
CP142617.1	593772	593791	2
CP142617.1	593791	593815	1
CP142617.1	593815	593823	0
CP142617.1	593823	593866	1
CP142617.1	593866	593985	0
CP142617.1	593985	594034	1
CP142617.1	594034	594057	2
CP142617.1	594057	594144	1
CP142617.1	594144	594167	0
CP142617.1	594167	594211	1
CP142617.1	594211	594241	2
CP142617.1	594241	594246	1
CP142617.1	594246	594247	0
CP142617.1	594247	594301	1
CP142617.1	594301	594302	0
CP142617.1	594302	594318	1
CP142617.1	594318	594377	0
CP142617.1	594377	594431	1
CP142617.1	594431	594496	0
CP142617.1	594496	594534	1
CP142617.1	594534	594537	0
CP142617.1	594537	594606	2
CP142617.1	594606	594672	3
CP142617.1	594672	594719	2
CP142617.1	594719	594721	1
CP142617.1	594721	594752	2
CP142617.1	594752	594803	3
CP142617.1	594803	594822	2
CP142617.1	594822	594849	1
CP142617.1	594849	594888	0
CP142617.1	594888	594996	1
CP142617.1	594996	595028	2
CP142617.1	595028	595038	1
CP142617.1	595038	595065	2
CP142617.1	595065	595081	1
CP142617.1	595081	595214	2
CP142617.1	595214	595235	1
CP142617.1	595235	595245	2
CP142617.1	595245	595273	3
CP142617.1	595273	595289	4
CP142617.1	595289	595297	3
CP142617.1	595297	595299	2
CP142617.1	595299	595381	1
CP142617.1	595381	595382	0
CP142617.1	595382	595405	1
CP142617.1	595405	595458	0
CP142617.1	595458	595637	1
CP142617.1	595637	595826	0
CP142617.1	595826	595967	1
CP142617.1	595967	595968	2
CP142617.1	595968	595970	1
CP142617.1	595970	595988	2
CP142617.1	595988	595989	1
CP142617.1	595989	596044	2
CP142617.1	596044	596111	1
CP142617.1	596111	596120	0
CP142617.1	596120	596141	1
CP142617.1	596141	596213	0
CP142617.1	596213	596223	1
CP142617.1	596223	596224	0
CP142617.1	596224	596261	1
CP142617.1	596261	596263	0
CP142617.1	596263	596292	1
CP142617.1	596292	596302	0
CP142617.1	596302	596409	1
CP142617.1	596409	596502	0
CP142617.1	596502	596729	1
CP142617.1	596729	596864	0
CP142617.1	596864	596872	1
CP142617.1	596872	596912	2
CP142617.1	596912	596997	3
CP142617.1	596997	597003	2
CP142617.1	597003	597038	3
CP142617.1	597038	597068	2
CP142617.1	597068	597076	1
CP142617.1	597076	597161	0
CP142617.1	597161	597369	1
CP142617.1	597369	597618	0
CP142617.1	597618	597819	1
CP142617.1	597819	597822	2
CP142617.1	597822	597870	1
CP142617.1	597870	597980	0
CP142617.1	597980	597983	1
CP142617.1	597983	598003	2
CP142617.1	598003	598004	1
CP142617.1	598004	598050	2
CP142617.1	598050	598056	1
CP142617.1	598056	598057	0
CP142617.1	598057	598068	1
CP142617.1	598068	598248	0
CP142617.1	598248	598310	1
CP142617.1	598310	598351	2
CP142617.1	598351	598370	3
CP142617.1	598370	598371	2
CP142617.1	598371	598372	1
CP142617.1	598372	598398	2
CP142617.1	598398	598455	3
CP142617.1	598455	598460	4
CP142617.1	598460	598462	3
CP142617.1	598462	598494	4
CP142617.1	598494	598503	3
CP142617.1	598503	598529	4
CP142617.1	598529	598533	3
CP142617.1	598533	598578	2
CP142617.1	598578	598579	1
CP142617.1	598579	598621	2
CP142617.1	598621	598627	1
CP142617.1	598627	598663	0
CP142617.1	598663	598702	1
CP142617.1	598702	598709	0
CP142617.1	598709	598715	1
CP142617.1	598715	598731	2
CP142617.1	598731	598762	3
CP142617.1	598762	598786	2
CP142617.1	598786	598859	3
CP142617.1	598859	598915	4
CP142617.1	598915	598939	3
CP142617.1	598939	598980	2
CP142617.1	598980	598981	1
CP142617.1	598981	599139	0
CP142617.1	599139	599199	1
CP142617.1	599199	599468	0
CP142617.1	599468	599698	1
CP142617.1	599698	599706	0
CP142617.1	599706	599707	1
CP142617.1	599707	599721	2
CP142617.1	599721	599723	0
CP142617.1	599723	599771	2
CP142617.1	599771	599783	1
CP142617.1	599783	599874	0
CP142617.1	599874	599925	1
CP142617.1	599925	599980	0
CP142617.1	599980	599983	1
CP142617.1	599983	600042	2
CP142617.1	600042	600060	1
CP142617.1	600060	600249	0
CP142617.1	600249	600318	1
CP142617.1	600318	600628	0
CP142617.1	600628	600629	1
CP142617.1	600629	600644	2
CP142617.1	600644	600646	0
CP142617.1	600646	600663	2
CP142617.1	600663	600669	3
CP142617.1	600669	600674	2
CP142617.1	600674	600682	3
CP142617.1	600682	600683	1
CP142617.1	600683	600684	2
CP142617.1	600684	600722	3
CP142617.1	600722	600743	2
CP142617.1	600743	600763	3
CP142617.1	600763	600764	2
CP142617.1	600764	600804	3
CP142617.1	600804	600829	2
CP142617.1	600829	600830	1
CP142617.1	600830	600833	2
CP142617.1	600833	600837	1
CP142617.1	600837	600882	2
CP142617.1	600882	600895	3
CP142617.1	600895	601000	2
CP142617.1	601000	601117	1
CP142617.1	601117	601118	0
CP142617.1	601118	601124	1
CP142617.1	601124	601136	2
CP142617.1	601136	601138	0
CP142617.1	601138	601172	2
CP142617.1	601172	601232	3
CP142617.1	601232	601233	2
CP142617.1	601233	601234	3
CP142617.1	601234	601242	2
CP142617.1	601242	601255	1
CP142617.1	601255	601258	2
CP142617.1	601258	601265	3
CP142617.1	601265	601266	2
CP142617.1	601266	601278	3
CP142617.1	601278	601315	4
CP142617.1	601315	601318	3
CP142617.1	601318	601319	4
CP142617.1	601319	601320	3
CP142617.1	601320	601327	4
CP142617.1	601327	601355	3
CP142617.1	601355	601388	2
CP142617.1	601388	601418	1
CP142617.1	601418	601571	0
CP142617.1	601571	601707	1
CP142617.1	601707	601747	0
CP142617.1	601747	601758	1
CP142617.1	601758	601804	2
CP142617.1	601804	601805	0
CP142617.1	601805	601860	2
CP142617.1	601860	601900	0
CP142617.1	601900	601968	1
CP142617.1	601968	601975	0
CP142617.1	601975	602002	1
CP142617.1	602002	602003	0
CP142617.1	602003	602047	1
CP142617.1	602047	602219	0
CP142617.1	602219	602303	2
CP142617.1	602303	602339	3
CP142617.1	602339	602377	1
CP142617.1	602377	602378	2
CP142617.1	602378	602380	1
CP142617.1	602380	602399	2
CP142617.1	602399	602400	0
CP142617.1	602400	602401	1
CP142617.1	602401	602435	2
CP142617.1	602435	602446	1
CP142617.1	602446	602448	0
CP142617.1	602448	602516	1
CP142617.1	602516	602517	2
CP142617.1	602517	602593	3
CP142617.1	602593	602626	2
CP142617.1	602626	602639	1
CP142617.1	602639	602709	0
CP142617.1	602709	602773	1
CP142617.1	602773	602782	2
CP142617.1	602782	602784	3
CP142617.1	602784	602787	2
CP142617.1	602787	602826	3
CP142617.1	602826	602831	4
CP142617.1	602831	602849	3
CP142617.1	602849	603049	2
CP142617.1	603049	603092	1
CP142617.1	603092	603112	2
CP142617.1	603112	603283	1
CP142617.1	603283	603284	0
CP142617.1	603284	603349	1
CP142617.1	603349	603422	0
CP142617.1	603422	603469	1
CP142617.1	603469	603530	2
CP142617.1	603530	603593	3
CP142617.1	603593	603642	2
CP142617.1	603642	603673	1
CP142617.1	603673	603772	2
CP142617.1	603772	603813	1
CP142617.1	603813	604109	0
CP142617.1	604109	604115	1
CP142617.1	604115	604228	2
CP142617.1	604228	604229	1
CP142617.1	604229	604234	2
CP142617.1	604234	604239	1
CP142617.1	604239	604242	2
CP142617.1	604242	604243	1
CP142617.1	604243	604265	2
CP142617.1	604265	604296	1
CP142617.1	604296	604325	0
CP142617.1	604325	604397	1
CP142617.1	604397	604399	0
CP142617.1	604399	604495	1
CP142617.1	604495	604498	0
CP142617.1	604498	604569	1
CP142617.1	604569	604614	0
CP142617.1	604614	604670	1
CP142617.1	604670	604731	2
CP142617.1	604731	604732	1
CP142617.1	604732	604762	2
CP142617.1	604762	604808	1
CP142617.1	604808	604899	0
CP142617.1	604899	604918	1
CP142617.1	604918	604934	2
CP142617.1	604934	604987	3
CP142617.1	604987	604988	2
CP142617.1	604988	604994	3
CP142617.1	604994	605018	2
CP142617.1	605018	605019	1
CP142617.1	605019	605127	0
CP142617.1	605127	605209	1
CP142617.1	605209	605362	0
CP142617.1	605362	605387	1
CP142617.1	605387	605397	0
CP142617.1	605397	605435	1
CP142617.1	605435	605449	0
CP142617.1	605449	605466	1
CP142617.1	605466	605523	2
CP142617.1	605523	605563	1
CP142617.1	605563	605592	2
CP142617.1	605592	605642	1
CP142617.1	605642	605643	0
CP142617.1	605643	605687	1
CP142617.1	605687	605898	0
CP142617.1	605898	605913	1
CP142617.1	605913	605926	2
CP142617.1	605926	605959	3
CP142617.1	605959	605961	2
CP142617.1	605961	605982	3
CP142617.1	605982	606018	2
CP142617.1	606018	606023	1
CP142617.1	606023	606062	2
CP142617.1	606062	606063	1
CP142617.1	606063	606088	2
CP142617.1	606088	606096	1
CP142617.1	606096	606148	0
CP142617.1	606148	606298	1
CP142617.1	606298	606313	2
CP142617.1	606313	606364	3
CP142617.1	606364	606399	2
CP142617.1	606399	606467	1
CP142617.1	606467	606517	2
CP142617.1	606517	606571	1
CP142617.1	606571	606641	2
CP142617.1	606641	606709	1
CP142617.1	606709	606812	0
CP142617.1	606812	606866	1
CP142617.1	606866	607007	0
CP142617.1	607007	607094	1
CP142617.1	607094	607168	0
CP142617.1	607168	607215	1
CP142617.1	607215	607223	0
CP142617.1	607223	607278	1
CP142617.1	607278	607360	0
CP142617.1	607360	607512	1
CP142617.1	607512	607527	2
CP142617.1	607527	607558	3
CP142617.1	607558	607623	4
CP142617.1	607623	607625	3
CP142617.1	607625	607626	4
CP142617.1	607626	607673	3
CP142617.1	607673	607707	2
CP142617.1	607707	607708	1
CP142617.1	607708	607730	2
CP142617.1	607730	607808	1
CP142617.1	607808	608055	0
CP142617.1	608055	608132	1
CP142617.1	608132	608181	2
CP142617.1	608181	608183	1
CP142617.1	608183	608239	2
CP142617.1	608239	608247	3
CP142617.1	608247	608267	2
CP142617.1	608267	608278	3
CP142617.1	608278	608300	4
CP142617.1	608300	608301	3
CP142617.1	608301	608304	4
CP142617.1	608304	608319	3
CP142617.1	608319	608347	2
CP142617.1	608347	608370	1
CP142617.1	608370	608420	0
CP142617.1	608420	608439	1
CP142617.1	608439	608554	2
CP142617.1	608554	608572	1
CP142617.1	608572	608621	2
CP142617.1	608621	608744	1
CP142617.1	608744	608884	0
CP142617.1	608884	608950	1
CP142617.1	608950	608951	0
CP142617.1	608951	609011	1
CP142617.1	609011	609131	0
CP142617.1	609131	609170	1
CP142617.1	609170	609323	2
CP142617.1	609323	609369	3
CP142617.1	609369	609370	2
CP142617.1	609370	609379	3
CP142617.1	609379	609408	2
CP142617.1	609408	609414	1
CP142617.1	609414	609620	0
CP142617.1	609620	609708	1
CP142617.1	609708	609710	2
CP142617.1	609710	609804	1
CP142617.1	609804	610102	0
CP142617.1	610102	610191	1
CP142617.1	610191	610366	0
CP142617.1	610366	610380	1
CP142617.1	610380	610431	2
CP142617.1	610431	610465	4
CP142617.1	610465	610466	3
CP142617.1	610466	610477	4
CP142617.1	610477	610503	3
CP142617.1	610503	610534	1
CP142617.1	610534	610567	2
CP142617.1	610567	610578	1
CP142617.1	610578	610607	2
CP142617.1	610607	610717	1
CP142617.1	610717	610841	0
CP142617.1	610841	610862	1
CP142617.1	610862	610877	2
CP142617.1	610877	610906	3
CP142617.1	610906	610937	2
CP142617.1	610937	610968	1
CP142617.1	610968	611017	0
CP142617.1	611017	611114	1
CP142617.1	611114	611221	0
CP142617.1	611221	611312	1
CP142617.1	611312	611324	2
CP142617.1	611324	611378	3
CP142617.1	611378	611410	2
CP142617.1	611410	611555	1
CP142617.1	611555	611574	0
CP142617.1	611574	611641	1
CP142617.1	611641	612007	0
CP142617.1	612007	612068	1
CP142617.1	612068	612212	0
CP142617.1	612212	612344	1
CP142617.1	612344	612346	2
CP142617.1	612346	612360	3
CP142617.1	612360	612368	2
CP142617.1	612368	612369	1
CP142617.1	612369	612412	2
CP142617.1	612412	612459	1
CP142617.1	612459	612462	0
CP142617.1	612462	612514	1
CP142617.1	612514	612536	2
CP142617.1	612536	612555	1
CP142617.1	612555	612594	2
CP142617.1	612594	612606	3
CP142617.1	612606	612753	2
CP142617.1	612753	612839	1
CP142617.1	612839	612923	0
CP142617.1	612923	612983	1
CP142617.1	612983	613007	2
CP142617.1	613007	613036	1
CP142617.1	613036	613121	0
CP142617.1	613121	613215	1
CP142617.1	613215	613281	2
CP142617.1	613281	613370	1
CP142617.1	613370	613375	2
CP142617.1	613375	613376	3
CP142617.1	613376	613383	2
CP142617.1	613383	613427	3
CP142617.1	613427	613437	2
CP142617.1	613437	613444	1
CP142617.1	613444	613445	0
CP142617.1	613445	613468	1
CP142617.1	613468	613496	2
CP142617.1	613496	613595	1
CP142617.1	613595	613596	0
CP142617.1	613596	613600	1
CP142617.1	613600	613642	2
CP142617.1	613642	613644	1
CP142617.1	613644	613694	2
CP142617.1	613694	613825	1
CP142617.1	613825	613898	0
CP142617.1	613898	613996	1
CP142617.1	613996	614019	2
CP142617.1	614019	614022	1
CP142617.1	614022	614023	2
CP142617.1	614023	614028	3
CP142617.1	614028	614029	4
CP142617.1	614029	614082	5
CP142617.1	614082	614085	3
CP142617.1	614085	614110	4
CP142617.1	614110	614130	3
CP142617.1	614130	614133	2
CP142617.1	614133	614166	3
CP142617.1	614166	614175	2
CP142617.1	614175	614198	1
CP142617.1	614198	614528	0
CP142617.1	614528	614555	1
CP142617.1	614555	614556	0
CP142617.1	614556	614576	1
CP142617.1	614576	614577	0
CP142617.1	614577	614588	1
CP142617.1	614588	614590	0
CP142617.1	614590	614608	1
CP142617.1	614608	614661	0
CP142617.1	614661	614766	1
CP142617.1	614766	614767	0
CP142617.1	614767	614780	1
CP142617.1	614780	615269	0
CP142617.1	615269	615337	1
CP142617.1	615337	615415	0
CP142617.1	615415	615436	1
CP142617.1	615436	615456	2
CP142617.1	615456	615457	1
CP142617.1	615457	615525	2
CP142617.1	615525	615557	1
CP142617.1	615557	615574	2
CP142617.1	615574	615608	1
CP142617.1	615608	615609	0
CP142617.1	615609	615723	1
CP142617.1	615723	615747	0
CP142617.1	615747	615759	1
CP142617.1	615759	615839	2
CP142617.1	615839	615857	1
CP142617.1	615857	615920	2
CP142617.1	615920	615975	1
CP142617.1	615975	616003	0
CP142617.1	616003	616010	1
CP142617.1	616010	616069	2
CP142617.1	616069	616087	3
CP142617.1	616087	616115	4
CP142617.1	616115	616140	5
CP142617.1	616140	616142	4
CP142617.1	616142	616189	3
CP142617.1	616189	616198	4
CP142617.1	616198	616199	3
CP142617.1	616199	616219	4
CP142617.1	616219	616245	3
CP142617.1	616245	616312	2
CP142617.1	616312	616322	1
CP142617.1	616322	616422	2
CP142617.1	616422	616424	1
CP142617.1	616424	616530	2
CP142617.1	616530	616572	1
CP142617.1	616572	616602	2
CP142617.1	616602	616701	1
CP142617.1	616701	616717	0
CP142617.1	616717	616773	1
CP142617.1	616773	616858	2
CP142617.1	616858	616942	1
CP142617.1	616942	617090	0
CP142617.1	617090	617130	1
CP142617.1	617130	617139	0
CP142617.1	617139	617227	1
CP142617.1	617227	617304	2
CP142617.1	617304	617305	1
CP142617.1	617305	617308	2
CP142617.1	617308	617323	1
CP142617.1	617323	617324	0
CP142617.1	617324	617435	1
CP142617.1	617435	617688	0
CP142617.1	617688	617922	1
CP142617.1	617922	618015	0
CP142617.1	618015	618080	1
CP142617.1	618080	618105	0
CP142617.1	618105	618229	1
CP142617.1	618229	618277	2
CP142617.1	618277	618286	1
CP142617.1	618286	618371	0
CP142617.1	618371	618439	1
CP142617.1	618439	618465	2
CP142617.1	618465	618481	1
CP142617.1	618481	618482	2
CP142617.1	618482	618484	1
CP142617.1	618484	618504	2
CP142617.1	618504	618505	0
CP142617.1	618505	618528	2
CP142617.1	618528	618529	1
CP142617.1	618529	618558	2
CP142617.1	618558	618607	1
CP142617.1	618607	618644	0
CP142617.1	618644	618646	1
CP142617.1	618646	618668	2
CP142617.1	618668	618673	3
CP142617.1	618673	618738	4
CP142617.1	618738	618744	3
CP142617.1	618744	618822	2
CP142617.1	618822	618828	3
CP142617.1	618828	618834	2
CP142617.1	618834	618844	3
CP142617.1	618844	618875	4
CP142617.1	618875	618889	3
CP142617.1	618889	618892	4
CP142617.1	618892	618901	5
CP142617.1	618901	618902	4
CP142617.1	618902	618904	3
CP142617.1	618904	618905	4
CP142617.1	618905	618918	5
CP142617.1	618918	618933	4
CP142617.1	618933	618996	3
CP142617.1	618996	619006	2
CP142617.1	619006	619020	3
CP142617.1	619020	619312	2
CP142617.1	619312	619313	1
CP142617.1	619313	619320	2
CP142617.1	619320	619338	3
CP142617.1	619338	619377	2
CP142617.1	619377	619442	1
CP142617.1	619442	619479	0
CP142617.1	619479	619490	1
CP142617.1	619490	619492	0
CP142617.1	619492	619496	1
CP142617.1	619496	619498	2
CP142617.1	619498	619502	1
CP142617.1	619502	619550	2
CP142617.1	619550	619551	1
CP142617.1	619551	619558	2
CP142617.1	619558	619573	3
CP142617.1	619573	619585	2
CP142617.1	619585	619591	0
CP142617.1	619591	619668	2
CP142617.1	619668	619743	1
CP142617.1	619743	619990	0
CP142617.1	619990	620089	1
CP142617.1	620089	620640	0
CP142617.1	620640	620720	1
CP142617.1	620720	620754	0
CP142617.1	620754	621012	1
CP142617.1	621012	621032	0
CP142617.1	621032	621085	1
CP142617.1	621085	621125	0
CP142617.1	621125	621165	1
CP142617.1	621165	621315	0
CP142617.1	621315	621441	1
CP142617.1	621441	621444	0
CP142617.1	621444	621526	1
CP142617.1	621526	621527	0
CP142617.1	621527	621549	1
CP142617.1	621549	621550	0
CP142617.1	621550	621571	1
CP142617.1	621571	621585	0
CP142617.1	621585	621659	1
CP142617.1	621659	621695	0
CP142617.1	621695	621762	1
CP142617.1	621762	621788	0
CP142617.1	621788	621806	1
CP142617.1	621806	621845	2
CP142617.1	621845	621856	1
CP142617.1	621856	621861	2
CP142617.1	621861	621890	1
CP142617.1	621890	621891	0
CP142617.1	621891	621961	1
CP142617.1	621961	622032	2
CP142617.1	622032	622049	1
CP142617.1	622049	622104	2
CP142617.1	622104	622120	1
CP142617.1	622120	622123	2
CP142617.1	622123	622124	3
CP142617.1	622124	622151	4
CP142617.1	622151	622152	3
CP142617.1	622152	622236	4
CP142617.1	622236	622268	3
CP142617.1	622268	622269	0
CP142617.1	622269	622270	2
CP142617.1	622270	622271	3
CP142617.1	622271	622281	4
CP142617.1	622281	622283	3
CP142617.1	622283	622285	2
CP142617.1	622285	622355	3
CP142617.1	622355	622364	2
CP142617.1	622364	622365	1
CP142617.1	622365	622371	2
CP142617.1	622371	622483	1
CP142617.1	622483	622484	2
CP142617.1	622484	622501	1
CP142617.1	622501	622555	2
CP142617.1	622555	622556	1
CP142617.1	622556	622574	2
CP142617.1	622574	622577	1
CP142617.1	622577	622641	2
CP142617.1	622641	622679	1
CP142617.1	622679	622746	2
CP142617.1	622746	622784	3
CP142617.1	622784	622790	2
CP142617.1	622790	622870	1
CP142617.1	622870	622975	2
CP142617.1	622975	622977	1
CP142617.1	622977	623006	2
CP142617.1	623006	623011	1
CP142617.1	623011	623013	0
CP142617.1	623013	623189	1
CP142617.1	623189	623232	0
CP142617.1	623232	623322	1
CP142617.1	623322	623343	0
CP142617.1	623343	623382	1
CP142617.1	623382	623553	2
CP142617.1	623553	623587	3
CP142617.1	623587	623588	4
CP142617.1	623588	623625	3
CP142617.1	623625	623633	2
CP142617.1	623633	623641	1
CP142617.1	623641	623643	2
CP142617.1	623643	623669	3
CP142617.1	623669	623675	2
CP142617.1	623675	623695	3
CP142617.1	623695	623731	2
CP142617.1	623731	623748	1
CP142617.1	623748	623829	2
CP142617.1	623829	623884	1
CP142617.1	623884	624205	0
CP142617.1	624205	624278	1
CP142617.1	624278	624279	0
CP142617.1	624279	624311	1
CP142617.1	624311	624320	2
CP142617.1	624320	624330	1
CP142617.1	624330	624334	2
CP142617.1	624334	624340	1
CP142617.1	624340	624421	2
CP142617.1	624421	624449	1
CP142617.1	624449	624458	0
CP142617.1	624458	624485	1
CP142617.1	624485	624892	0
CP142617.1	624892	624941	1
CP142617.1	624941	624942	0
CP142617.1	624942	625058	1
CP142617.1	625058	625059	0
CP142617.1	625059	625083	1
CP142617.1	625083	625186	0
CP142617.1	625186	625456	1
CP142617.1	625456	625457	0
CP142617.1	625457	625503	1
CP142617.1	625503	625546	2
CP142617.1	625546	625563	3
CP142617.1	625563	625594	2
CP142617.1	625594	625605	1
CP142617.1	625605	625614	2
CP142617.1	625614	625639	1
CP142617.1	625639	625640	0
CP142617.1	625640	625707	1
CP142617.1	625707	625789	0
CP142617.1	625789	625848	1
CP142617.1	625848	626017	0
CP142617.1	626017	626028	1
CP142617.1	626028	626093	2
CP142617.1	626093	626193	1
CP142617.1	626193	626228	0
CP142617.1	626228	626269	1
CP142617.1	626269	626283	0
CP142617.1	626283	626314	1
CP142617.1	626314	626680	0
CP142617.1	626680	626818	1
CP142617.1	626818	626897	2
CP142617.1	626897	626898	3
CP142617.1	626898	626900	2
CP142617.1	626900	627002	3
CP142617.1	627002	627007	2
CP142617.1	627007	627008	0
CP142617.1	627008	627016	2
CP142617.1	627016	627085	1
CP142617.1	627085	627095	0
CP142617.1	627095	627108	1
CP142617.1	627108	627212	2
CP142617.1	627212	627213	0
CP142617.1	627213	627214	1
CP142617.1	627214	627242	2
CP142617.1	627242	627300	1
CP142617.1	627300	627301	0
CP142617.1	627301	627404	1
CP142617.1	627404	627670	0
CP142617.1	627670	627766	1
CP142617.1	627766	628059	0
CP142617.1	628059	628078	1
CP142617.1	628078	628079	0
CP142617.1	628079	628086	1
CP142617.1	628086	628129	2
CP142617.1	628129	628136	1
CP142617.1	628136	628171	2
CP142617.1	628171	628219	1
CP142617.1	628219	628313	0
CP142617.1	628313	628331	1
CP142617.1	628331	628436	2
CP142617.1	628436	628441	1
CP142617.1	628441	628471	2
CP142617.1	628471	628489	3
CP142617.1	628489	628495	2
CP142617.1	628495	628508	1
CP142617.1	628508	628524	2
CP142617.1	628524	628584	3
CP142617.1	628584	628624	2
CP142617.1	628624	628855	1
CP142617.1	628855	629015	0
