CP142610.1	0	59	0
CP142610.1	59	69	1
CP142610.1	69	214	2
CP142610.1	214	215	1
CP142610.1	215	237	2
CP142610.1	237	275	3
CP142610.1	275	277	2
CP142610.1	277	287	3
CP142610.1	287	322	2
CP142610.1	322	339	1
CP142610.1	339	356	0
CP142610.1	356	431	1
CP142610.1	431	496	2
CP142610.1	496	595	1
CP142610.1	595	626	0
CP142610.1	626	704	1
CP142610.1	704	796	0
CP142610.1	796	825	1
CP142610.1	825	826	0
CP142610.1	826	929	1
CP142610.1	929	990	0
CP142610.1	990	1079	1
CP142610.1	1079	1249	0
CP142610.1	1249	1345	1
CP142610.1	1345	1521	0
CP142610.1	1521	1599	1
CP142610.1	1599	1613	0
CP142610.1	1613	1853	1
CP142610.1	1853	1905	2
CP142610.1	1905	1915	1
CP142610.1	1915	2110	2
CP142610.1	2110	2170	0
CP142610.1	2170	2246	1
CP142610.1	2246	2301	0
CP142610.1	2301	2356	1
CP142610.1	2356	2617	0
CP142610.1	2617	2756	1
CP142610.1	2756	3144	0
CP142610.1	3144	3219	1
CP142610.1	3219	3266	0
CP142610.1	3266	3309	1
CP142610.1	3309	3317	2
CP142610.1	3317	3349	3
CP142610.1	3349	3354	4
CP142610.1	3354	3357	3
CP142610.1	3357	3368	4
CP142610.1	3368	3369	3
CP142610.1	3369	3385	4
CP142610.1	3385	3392	3
CP142610.1	3392	3393	2
CP142610.1	3393	3465	3
CP142610.1	3465	3506	2
CP142610.1	3506	3519	1
CP142610.1	3519	3661	0
CP142610.1	3661	3729	1
CP142610.1	3729	3769	0
CP142610.1	3769	3827	1
CP142610.1	3827	3891	0
CP142610.1	3891	3957	1
CP142610.1	3957	4050	2
CP142610.1	4050	4247	1
CP142610.1	4247	4248	0
CP142610.1	4248	4573	1
CP142610.1	4573	4586	0
CP142610.1	4586	4664	1
CP142610.1	4664	4700	2
CP142610.1	4700	4709	1
CP142610.1	4709	4733	0
CP142610.1	4733	4741	1
CP142610.1	4741	4744	0
CP142610.1	4744	4778	1
CP142610.1	4778	4782	0
CP142610.1	4782	4800	1
CP142610.1	4800	4814	0
CP142610.1	4814	4900	1
CP142610.1	4900	4995	0
CP142610.1	4995	5103	1
CP142610.1	5103	5153	2
CP142610.1	5153	5158	3
CP142610.1	5158	5159	2
CP142610.1	5159	5179	3
CP142610.1	5179	5180	4
CP142610.1	5180	5182	3
CP142610.1	5182	5215	4
CP142610.1	5215	5217	3
CP142610.1	5217	5218	2
CP142610.1	5218	5258	3
CP142610.1	5258	5275	2
CP142610.1	5275	5304	3
CP142610.1	5304	5311	2
CP142610.1	5311	5316	1
CP142610.1	5316	5375	2
CP142610.1	5375	5418	1
CP142610.1	5418	5462	2
CP142610.1	5462	5463	3
CP142610.1	5463	5628	2
CP142610.1	5628	5656	1
CP142610.1	5656	5827	0
CP142610.1	5827	5897	1
CP142610.1	5897	6000	0
CP142610.1	6000	6219	1
CP142610.1	6219	6227	2
CP142610.1	6227	6254	3
CP142610.1	6254	6255	2
CP142610.1	6255	6265	3
CP142610.1	6265	6332	2
CP142610.1	6332	6353	1
CP142610.1	6353	6354	2
CP142610.1	6354	6356	3
CP142610.1	6356	6364	4
CP142610.1	6364	6427	5
CP142610.1	6427	6430	4
CP142610.1	6430	6452	5
CP142610.1	6452	6454	3
CP142610.1	6454	6460	4
CP142610.1	6460	6461	3
CP142610.1	6461	6484	4
CP142610.1	6484	6510	3
CP142610.1	6510	6528	1
CP142610.1	6528	6536	2
CP142610.1	6536	6595	1
CP142610.1	6595	6596	0
CP142610.1	6596	6699	1
CP142610.1	6699	6729	2
CP142610.1	6729	6741	3
CP142610.1	6741	6742	1
CP142610.1	6742	6763	2
CP142610.1	6763	6767	1
CP142610.1	6767	6793	2
CP142610.1	6793	6876	3
CP142610.1	6876	6898	2
CP142610.1	6898	6899	1
CP142610.1	6899	6900	2
CP142610.1	6900	6903	1
CP142610.1	6903	6914	2
CP142610.1	6914	6955	1
CP142610.1	6955	6957	0
CP142610.1	6957	6978	1
CP142610.1	6978	6997	2
CP142610.1	6997	7021	3
CP142610.1	7021	7061	2
CP142610.1	7061	7065	3
CP142610.1	7065	7084	2
CP142610.1	7084	7196	3
CP142610.1	7196	7207	2
CP142610.1	7207	7227	1
CP142610.1	7227	7317	2
CP142610.1	7317	7319	1
CP142610.1	7319	7466	0
CP142610.1	7466	7532	1
CP142610.1	7532	7639	2
CP142610.1	7639	7664	1
CP142610.1	7664	7677	2
CP142610.1	7677	7814	1
CP142610.1	7814	7820	0
CP142610.1	7820	7841	1
CP142610.1	7841	7858	2
CP142610.1	7858	7886	1
CP142610.1	7886	7979	0
CP142610.1	7979	8026	1
CP142610.1	8026	8027	0
CP142610.1	8027	8047	1
CP142610.1	8047	8093	2
CP142610.1	8093	8114	1
CP142610.1	8114	8174	2
CP142610.1	8174	8175	1
CP142610.1	8175	8178	2
CP142610.1	8178	8231	1
CP142610.1	8231	8351	0
CP142610.1	8351	8493	1
CP142610.1	8493	8563	2
CP142610.1	8563	8591	3
CP142610.1	8591	8603	2
CP142610.1	8603	8659	1
CP142610.1	8659	8689	0
CP142610.1	8689	8828	1
CP142610.1	8828	8908	0
CP142610.1	8908	8979	1
CP142610.1	8979	8983	2
CP142610.1	8983	9039	3
CP142610.1	9039	9043	2
CP142610.1	9043	9069	1
CP142610.1	9069	9306	0
CP142610.1	9306	9361	1
CP142610.1	9361	9362	0
CP142610.1	9362	9527	1
CP142610.1	9527	9536	2
CP142610.1	9536	9546	3
CP142610.1	9546	9548	2
CP142610.1	9548	9625	3
CP142610.1	9625	9650	2
CP142610.1	9650	9682	3
CP142610.1	9682	9683	2
CP142610.1	9683	9716	3
CP142610.1	9716	9725	2
CP142610.1	9725	9775	3
CP142610.1	9775	9883	2
CP142610.1	9883	9957	3
CP142610.1	9957	9967	2
CP142610.1	9967	9968	1
CP142610.1	9968	9989	2
CP142610.1	9989	10018	3
CP142610.1	10018	10032	2
CP142610.1	10032	10034	1
CP142610.1	10034	10048	0
CP142610.1	10048	10108	1
CP142610.1	10108	10157	2
CP142610.1	10157	10177	3
CP142610.1	10177	10195	2
CP142610.1	10195	10201	3
CP142610.1	10201	10220	2
CP142610.1	10220	10306	1
CP142610.1	10306	10322	0
CP142610.1	10322	10368	1
CP142610.1	10368	10370	0
CP142610.1	10370	10409	1
CP142610.1	10409	10430	2
CP142610.1	10430	10431	1
CP142610.1	10431	10436	2
CP142610.1	10436	10503	1
CP142610.1	10503	10963	0
CP142610.1	10963	11061	1
CP142610.1	11061	11064	0
CP142610.1	11064	11196	1
CP142610.1	11196	11259	2
CP142610.1	11259	11443	1
CP142610.1	11443	11527	2
CP142610.1	11527	11637	1
CP142610.1	11637	11698	2
CP142610.1	11698	11755	1
CP142610.1	11755	11916	2
CP142610.1	11916	11973	1
CP142610.1	11973	11982	2
CP142610.1	11982	11998	3
CP142610.1	11998	12002	2
CP142610.1	12002	12006	3
CP142610.1	12006	12008	2
CP142610.1	12008	12012	4
CP142610.1	12012	12064	3
CP142610.1	12064	12101	2
CP142610.1	12101	12104	1
CP142610.1	12104	12152	0
CP142610.1	12152	12239	1
CP142610.1	12239	12522	0
CP142610.1	12522	12609	1
CP142610.1	12609	12713	2
CP142610.1	12713	12719	3
CP142610.1	12719	12738	4
CP142610.1	12738	12790	3
CP142610.1	12790	12812	4
CP142610.1	12812	12838	5
CP142610.1	12838	12841	6
CP142610.1	12841	12860	5
CP142610.1	12860	12861	4
CP142610.1	12861	12872	5
CP142610.1	12872	12890	4
CP142610.1	12890	12897	3
CP142610.1	12897	12937	2
CP142610.1	12937	12945	1
CP142610.1	12945	12957	2
CP142610.1	12957	13023	3
CP142610.1	13023	13027	1
CP142610.1	13027	13030	0
CP142610.1	13030	13060	2
CP142610.1	13060	13061	0
CP142610.1	13061	13062	1
CP142610.1	13062	13079	2
CP142610.1	13079	13095	1
CP142610.1	13095	13096	2
CP142610.1	13096	13113	1
CP142610.1	13113	13119	0
CP142610.1	13119	13182	1
CP142610.1	13182	13301	0
CP142610.1	13301	13406	1
CP142610.1	13406	13487	2
CP142610.1	13487	13505	1
CP142610.1	13505	13888	0
CP142610.1	13888	13984	1
CP142610.1	13984	14023	0
CP142610.1	14023	14228	1
CP142610.1	14228	14382	0
CP142610.1	14382	14474	1
CP142610.1	14474	14498	2
CP142610.1	14498	14643	3
CP142610.1	14643	14663	4
CP142610.1	14663	14709	3
CP142610.1	14709	14722	5
CP142610.1	14722	14748	4
CP142610.1	14748	14751	3
CP142610.1	14751	14822	4
CP142610.1	14822	14852	3
CP142610.1	14852	14855	2
CP142610.1	14855	14860	1
CP142610.1	14860	14862	0
CP142610.1	14862	14985	1
CP142610.1	14985	15059	0
CP142610.1	15059	15124	1
CP142610.1	15124	15147	0
CP142610.1	15147	15148	1
CP142610.1	15148	15199	2
CP142610.1	15199	15200	1
CP142610.1	15200	15201	2
CP142610.1	15201	15234	1
CP142610.1	15234	15235	0
CP142610.1	15235	15382	1
CP142610.1	15382	15437	0
CP142610.1	15437	15453	1
CP142610.1	15453	15513	2
CP142610.1	15513	15541	1
CP142610.1	15541	15584	0
CP142610.1	15584	15604	1
CP142610.1	15604	15648	2
CP142610.1	15648	15673	1
CP142610.1	15673	15705	0
CP142610.1	15705	15717	1
CP142610.1	15717	15759	2
CP142610.1	15759	15793	3
CP142610.1	15793	15810	2
CP142610.1	15810	15894	3
CP142610.1	15894	15924	2
CP142610.1	15924	15926	1
CP142610.1	15926	15985	2
CP142610.1	15985	15988	1
CP142610.1	15988	16008	2
CP142610.1	16008	16025	1
CP142610.1	16025	16068	2
CP142610.1	16068	16069	1
CP142610.1	16069	16145	2
CP142610.1	16145	16169	1
CP142610.1	16169	16185	2
CP142610.1	16185	16186	1
CP142610.1	16186	16299	2
CP142610.1	16299	16397	1
CP142610.1	16397	16430	0
CP142610.1	16430	16470	1
CP142610.1	16470	16491	2
CP142610.1	16491	16505	1
CP142610.1	16505	16506	0
CP142610.1	16506	16545	1
CP142610.1	16545	16815	0
CP142610.1	16815	16843	1
CP142610.1	16843	16880	2
CP142610.1	16880	16893	1
CP142610.1	16893	17024	2
CP142610.1	17024	17030	1
CP142610.1	17030	17383	0
CP142610.1	17383	17398	1
CP142610.1	17398	17472	2
CP142610.1	17472	17476	3
CP142610.1	17476	17491	4
CP142610.1	17491	17524	3
CP142610.1	17524	17553	2
CP142610.1	17553	17585	3
CP142610.1	17585	17658	2
CP142610.1	17658	17663	3
CP142610.1	17663	17681	2
CP142610.1	17681	17697	3
CP142610.1	17697	17706	2
CP142610.1	17706	17715	1
CP142610.1	17715	17721	2
CP142610.1	17721	17743	1
CP142610.1	17743	17790	2
CP142610.1	17790	17830	1
CP142610.1	17830	17855	2
CP142610.1	17855	17921	3
CP142610.1	17921	17930	4
CP142610.1	17930	17931	2
CP142610.1	17931	17933	3
CP142610.1	17933	17953	4
CP142610.1	17953	17976	3
CP142610.1	17976	18002	2
CP142610.1	18002	18022	1
CP142610.1	18022	18041	0
CP142610.1	18041	18204	1
CP142610.1	18204	18209	0
CP142610.1	18209	18219	1
CP142610.1	18219	18318	2
CP142610.1	18318	18369	1
CP142610.1	18369	18440	2
CP142610.1	18440	18496	3
CP142610.1	18496	18583	2
CP142610.1	18583	18633	1
CP142610.1	18633	18689	2
CP142610.1	18689	18771	3
CP142610.1	18771	18812	2
CP142610.1	18812	18875	1
CP142610.1	18875	19384	0
CP142610.1	19384	19452	1
CP142610.1	19452	19469	0
CP142610.1	19469	19474	1
CP142610.1	19474	19477	2
CP142610.1	19477	19503	3
CP142610.1	19503	19507	2
CP142610.1	19507	19508	1
CP142610.1	19508	19510	3
CP142610.1	19510	19518	4
CP142610.1	19518	19519	3
CP142610.1	19519	19543	4
CP142610.1	19543	19581	3
CP142610.1	19581	19587	2
CP142610.1	19587	19603	3
CP142610.1	19603	19604	2
CP142610.1	19604	19605	3
CP142610.1	19605	19607	2
CP142610.1	19607	19695	3
CP142610.1	19695	19723	2
CP142610.1	19723	19724	1
CP142610.1	19724	19746	2
CP142610.1	19746	19801	1
CP142610.1	19801	20023	0
CP142610.1	20023	20155	1
CP142610.1	20155	20497	0
CP142610.1	20497	20573	1
CP142610.1	20573	20576	2
CP142610.1	20576	20577	1
CP142610.1	20577	20598	2
CP142610.1	20598	20703	1
CP142610.1	20703	20710	0
CP142610.1	20710	20772	1
CP142610.1	20772	20789	2
CP142610.1	20789	20814	3
CP142610.1	20814	20831	2
CP142610.1	20831	20933	1
CP142610.1	20933	20990	2
CP142610.1	20990	21018	1
CP142610.1	21018	21193	0
CP142610.1	21193	21257	1
CP142610.1	21257	21295	2
CP142610.1	21295	21327	1
CP142610.1	21327	21367	2
CP142610.1	21367	21370	1
CP142610.1	21370	21419	2
CP142610.1	21419	21420	1
CP142610.1	21420	21461	2
CP142610.1	21461	21468	3
CP142610.1	21468	21478	2
CP142610.1	21478	21553	1
CP142610.1	21553	21577	0
CP142610.1	21577	21650	1
CP142610.1	21650	21713	2
CP142610.1	21713	21754	1
CP142610.1	21754	21781	0
CP142610.1	21781	21923	1
CP142610.1	21923	21924	2
CP142610.1	21924	22011	1
CP142610.1	22011	22021	2
CP142610.1	22021	22069	1
CP142610.1	22069	22194	0
CP142610.1	22194	22212	1
CP142610.1	22212	22259	2
CP142610.1	22259	22295	3
CP142610.1	22295	22297	2
CP142610.1	22297	22306	1
CP142610.1	22306	22325	2
CP142610.1	22325	22329	1
CP142610.1	22329	22396	0
CP142610.1	22396	22451	1
CP142610.1	22451	22603	0
CP142610.1	22603	22730	1
CP142610.1	22730	22744	2
CP142610.1	22744	22782	3
CP142610.1	22782	22791	2
CP142610.1	22791	22814	1
CP142610.1	22814	22835	2
CP142610.1	22835	22843	3
CP142610.1	22843	22892	4
CP142610.1	22892	22905	3
CP142610.1	22905	22906	2
CP142610.1	22906	22940	3
CP142610.1	22940	22951	2
CP142610.1	22951	22997	1
CP142610.1	22997	23314	0
CP142610.1	23314	23378	1
CP142610.1	23378	23408	2
CP142610.1	23408	23553	1
CP142610.1	23553	23648	0
CP142610.1	23648	23767	1
CP142610.1	23767	23783	0
CP142610.1	23783	23803	1
CP142610.1	23803	23840	2
CP142610.1	23840	23858	1
CP142610.1	23858	23879	2
CP142610.1	23879	23917	3
CP142610.1	23917	23970	2
CP142610.1	23970	24017	1
CP142610.1	24017	24062	0
CP142610.1	24062	24065	1
CP142610.1	24065	24142	2
CP142610.1	24142	24216	1
CP142610.1	24216	24234	2
CP142610.1	24234	24235	1
CP142610.1	24235	24247	2
CP142610.1	24247	24294	1
CP142610.1	24294	24340	0
CP142610.1	24340	24344	1
CP142610.1	24344	24403	2
CP142610.1	24403	24556	1
CP142610.1	24556	24578	0
CP142610.1	24578	24607	1
CP142610.1	24607	24608	0
CP142610.1	24608	24628	1
CP142610.1	24628	24633	0
CP142610.1	24633	24765	1
CP142610.1	24765	25073	0
CP142610.1	25073	25140	1
CP142610.1	25140	25194	2
CP142610.1	25194	25200	3
CP142610.1	25200	25240	2
CP142610.1	25240	25259	3
CP142610.1	25259	25269	2
CP142610.1	25269	25280	0
CP142610.1	25280	25283	1
CP142610.1	25283	25304	2
CP142610.1	25304	25305	1
CP142610.1	25305	25342	2
CP142610.1	25342	25393	1
CP142610.1	25393	25776	0
CP142610.1	25776	25806	1
CP142610.1	25806	25833	2
CP142610.1	25833	25945	1
CP142610.1	25945	25957	0
CP142610.1	25957	25998	1
CP142610.1	25998	26121	2
CP142610.1	26121	26194	1
CP142610.1	26194	26252	2
CP142610.1	26252	26253	3
CP142610.1	26253	26303	4
CP142610.1	26303	26313	3
CP142610.1	26313	26357	2
CP142610.1	26357	26376	1
CP142610.1	26376	26426	0
CP142610.1	26426	26458	1
CP142610.1	26458	26466	2
CP142610.1	26466	26471	3
CP142610.1	26471	26472	2
CP142610.1	26472	26486	3
CP142610.1	26486	26488	2
CP142610.1	26488	26506	3
CP142610.1	26506	26522	2
CP142610.1	26522	26539	1
CP142610.1	26539	26554	0
CP142610.1	26554	26674	1
CP142610.1	26674	26675	0
CP142610.1	26675	26678	1
CP142610.1	26678	26755	0
CP142610.1	26755	26779	1
CP142610.1	26779	26884	2
CP142610.1	26884	26885	0
CP142610.1	26885	26912	2
CP142610.1	26912	26916	1
CP142610.1	26916	26926	0
CP142610.1	26926	26951	1
CP142610.1	26951	26964	2
CP142610.1	26964	27132	1
CP142610.1	27132	27475	0
CP142610.1	27475	27564	1
CP142610.1	27564	27566	0
CP142610.1	27566	27619	1
CP142610.1	27619	27639	0
CP142610.1	27639	27703	1
CP142610.1	27703	27732	2
CP142610.1	27732	27752	1
CP142610.1	27752	27960	0
CP142610.1	27960	28008	1
CP142610.1	28008	28011	0
CP142610.1	28011	28054	1
CP142610.1	28054	28055	0
CP142610.1	28055	28093	1
CP142610.1	28093	28128	2
CP142610.1	28128	28168	1
CP142610.1	28168	28197	2
CP142610.1	28197	28200	3
CP142610.1	28200	28201	2
CP142610.1	28201	28217	3
CP142610.1	28217	28221	2
CP142610.1	28221	28226	1
CP142610.1	28226	28227	2
CP142610.1	28227	28238	3
CP142610.1	28238	28239	1
CP142610.1	28239	28240	2
CP142610.1	28240	28256	3
CP142610.1	28256	28257	4
CP142610.1	28257	28270	3
CP142610.1	28270	28279	5
CP142610.1	28279	28286	4
CP142610.1	28286	28290	3
CP142610.1	28290	28302	4
CP142610.1	28302	28314	3
CP142610.1	28314	28315	1
CP142610.1	28315	28321	3
CP142610.1	28321	28332	2
CP142610.1	28332	28333	1
CP142610.1	28333	28344	2
CP142610.1	28344	28347	1
CP142610.1	28347	28372	2
CP142610.1	28372	28373	1
CP142610.1	28373	28394	2
CP142610.1	28394	28403	3
CP142610.1	28403	28404	2
CP142610.1	28404	28420	3
CP142610.1	28420	28421	2
CP142610.1	28421	28429	1
CP142610.1	28429	28457	3
CP142610.1	28457	28458	2
CP142610.1	28458	28477	3
CP142610.1	28477	28481	4
CP142610.1	28481	28505	3
CP142610.1	28505	28508	2
CP142610.1	28508	28518	3
CP142610.1	28518	28519	2
CP142610.1	28519	28523	1
CP142610.1	28523	28556	2
CP142610.1	28556	28616	1
CP142610.1	28616	28637	2
CP142610.1	28637	28648	1
CP142610.1	28648	28675	2
CP142610.1	28675	28819	1
CP142610.1	28819	28825	0
CP142610.1	28825	28909	1
CP142610.1	28909	28919	0
CP142610.1	28919	28996	2
CP142610.1	28996	29038	1
CP142610.1	29038	29113	0
CP142610.1	29113	29124	1
CP142610.1	29124	29125	2
CP142610.1	29125	29166	3
CP142610.1	29166	29169	2
CP142610.1	29169	29202	3
CP142610.1	29202	29204	2
CP142610.1	29204	29221	3
CP142610.1	29221	29242	2
CP142610.1	29242	29264	3
CP142610.1	29264	29265	2
CP142610.1	29265	29293	3
CP142610.1	29293	29295	2
CP142610.1	29295	29310	3
CP142610.1	29310	29321	2
CP142610.1	29321	29335	3
CP142610.1	29335	29344	2
CP142610.1	29344	29374	3
CP142610.1	29374	29414	2
CP142610.1	29414	29434	1
CP142610.1	29434	29437	0
CP142610.1	29437	29446	1
CP142610.1	29446	29471	2
CP142610.1	29471	29473	1
CP142610.1	29473	29480	2
CP142610.1	29480	29481	1
CP142610.1	29481	29519	3
CP142610.1	29519	29522	0
CP142610.1	29522	29525	2
CP142610.1	29525	29532	3
CP142610.1	29532	29533	2
CP142610.1	29533	29591	3
CP142610.1	29591	29622	2
CP142610.1	29622	29767	1
CP142610.1	29767	29776	0
CP142610.1	29776	29836	1
CP142610.1	29836	29858	2
CP142610.1	29858	29859	1
CP142610.1	29859	29910	2
CP142610.1	29910	29914	1
CP142610.1	29914	29923	2
CP142610.1	29923	29936	3
CP142610.1	29936	29938	4
CP142610.1	29938	29977	5
CP142610.1	29977	29986	4
CP142610.1	29986	29999	3
CP142610.1	29999	30000	2
CP142610.1	30000	30022	3
CP142610.1	30022	30090	2
CP142610.1	30090	30102	3
CP142610.1	30102	30116	2
CP142610.1	30116	30181	1
CP142610.1	30181	30247	0
CP142610.1	30247	30297	1
CP142610.1	30297	30345	2
CP142610.1	30345	30346	1
CP142610.1	30346	30383	2
CP142610.1	30383	30384	1
CP142610.1	30384	30408	2
CP142610.1	30408	30459	3
CP142610.1	30459	30472	4
CP142610.1	30472	30473	3
CP142610.1	30473	30474	4
CP142610.1	30474	30475	2
CP142610.1	30475	30513	4
CP142610.1	30513	30525	3
CP142610.1	30525	30551	4
CP142610.1	30551	30595	3
CP142610.1	30595	30609	2
CP142610.1	30609	30622	1
CP142610.1	30622	30698	0
CP142610.1	30698	30834	1
CP142610.1	30834	30861	2
CP142610.1	30861	30937	3
CP142610.1	30937	30955	2
CP142610.1	30955	31002	1
CP142610.1	31002	31028	2
CP142610.1	31028	31045	1
CP142610.1	31045	31078	2
CP142610.1	31078	31154	1
CP142610.1	31154	31274	2
CP142610.1	31274	31276	1
CP142610.1	31276	31406	0
CP142610.1	31406	31417	1
CP142610.1	31417	31437	2
CP142610.1	31437	31438	1
CP142610.1	31438	31440	2
CP142610.1	31440	31442	1
CP142610.1	31442	31503	2
CP142610.1	31503	31511	1
CP142610.1	31511	31512	0
CP142610.1	31512	31558	1
CP142610.1	31558	31559	0
CP142610.1	31559	31663	1
CP142610.1	31663	31776	0
CP142610.1	31776	31913	1
CP142610.1	31913	32005	0
CP142610.1	32005	32097	1
CP142610.1	32097	32301	0
CP142610.1	32301	32340	1
CP142610.1	32340	32344	2
CP142610.1	32344	32351	1
CP142610.1	32351	32377	2
CP142610.1	32377	32378	1
CP142610.1	32378	32400	2
CP142610.1	32400	32457	1
CP142610.1	32457	32480	2
CP142610.1	32480	32502	3
CP142610.1	32502	32503	1
CP142610.1	32503	32548	3
CP142610.1	32548	32551	2
CP142610.1	32551	32554	3
CP142610.1	32554	32568	2
CP142610.1	32568	32650	1
CP142610.1	32650	32655	0
CP142610.1	32655	32676	1
CP142610.1	32676	32710	0
CP142610.1	32710	32838	1
CP142610.1	32838	32855	0
CP142610.1	32855	32940	1
CP142610.1	32940	33054	0
CP142610.1	33054	33068	1
CP142610.1	33068	33069	0
CP142610.1	33069	33073	1
CP142610.1	33073	33074	0
CP142610.1	33074	33099	1
CP142610.1	33099	33153	2
CP142610.1	33153	33160	1
CP142610.1	33160	33165	2
CP142610.1	33165	33176	1
CP142610.1	33176	33187	0
CP142610.1	33187	33283	1
CP142610.1	33283	33370	0
CP142610.1	33370	33382	1
CP142610.1	33382	33383	0
CP142610.1	33383	33561	1
CP142610.1	33561	33634	0
CP142610.1	33634	33699	1
CP142610.1	33699	33728	2
CP142610.1	33728	33747	3
CP142610.1	33747	33767	2
CP142610.1	33767	33813	3
CP142610.1	33813	33875	2
CP142610.1	33875	33876	1
CP142610.1	33876	33959	0
CP142610.1	33959	34120	1
CP142610.1	34120	34137	2
CP142610.1	34137	34158	3
CP142610.1	34158	34203	2
CP142610.1	34203	34238	1
CP142610.1	34238	34329	0
CP142610.1	34329	34330	1
CP142610.1	34330	34403	2
CP142610.1	34403	34404	1
CP142610.1	34404	34442	2
CP142610.1	34442	34466	1
CP142610.1	34466	34522	2
CP142610.1	34522	34585	1
CP142610.1	34585	34591	0
CP142610.1	34591	34618	1
CP142610.1	34618	34682	2
CP142610.1	34682	34705	1
CP142610.1	34705	34728	2
CP142610.1	34728	34772	1
CP142610.1	34772	34892	0
CP142610.1	34892	34931	1
CP142610.1	34931	34990	2
CP142610.1	34990	35125	1
CP142610.1	35125	35160	0
CP142610.1	35160	35253	1
CP142610.1	35253	35311	0
CP142610.1	35311	35329	1
CP142610.1	35329	35383	2
CP142610.1	35383	35403	1
CP142610.1	35403	35583	0
CP142610.1	35583	35643	1
CP142610.1	35643	35861	0
CP142610.1	35861	35877	1
CP142610.1	35877	35926	2
CP142610.1	35926	35928	4
CP142610.1	35928	35981	3
CP142610.1	35981	36012	2
CP142610.1	36012	36055	1
CP142610.1	36055	36059	2
CP142610.1	36059	36169	3
CP142610.1	36169	36175	2
CP142610.1	36175	36184	1
CP142610.1	36184	36207	2
CP142610.1	36207	36422	1
CP142610.1	36422	36439	0
CP142610.1	36439	36446	1
CP142610.1	36446	36475	2
CP142610.1	36475	36491	3
CP142610.1	36491	36493	4
CP142610.1	36493	36494	3
CP142610.1	36494	36501	4
CP142610.1	36501	36664	3
CP142610.1	36664	36665	2
CP142610.1	36665	36701	3
CP142610.1	36701	36713	2
CP142610.1	36713	36734	1
CP142610.1	36734	36792	2
CP142610.1	36792	36826	1
CP142610.1	36826	36834	2
CP142610.1	36834	36865	3
CP142610.1	36865	36867	2
CP142610.1	36867	36871	3
CP142610.1	36871	36891	4
CP142610.1	36891	36892	3
CP142610.1	36892	36893	4
CP142610.1	36893	36908	5
CP142610.1	36908	36924	6
CP142610.1	36924	36925	5
CP142610.1	36925	36939	6
CP142610.1	36939	36960	5
CP142610.1	36960	36964	4
CP142610.1	36964	36974	3
CP142610.1	36974	36975	2
CP142610.1	36975	37001	3
CP142610.1	37001	37017	2
CP142610.1	37017	37071	3
CP142610.1	37071	37087	2
CP142610.1	37087	37090	0
CP142610.1	37090	37100	2
CP142610.1	37100	37159	3
CP142610.1	37159	37173	4
CP142610.1	37173	37295	3
CP142610.1	37295	37349	2
CP142610.1	37349	37534	1
CP142610.1	37534	37557	2
CP142610.1	37557	37560	1
CP142610.1	37560	37561	0
CP142610.1	37561	37585	1
CP142610.1	37585	37587	0
CP142610.1	37587	37603	1
CP142610.1	37603	37622	2
CP142610.1	37622	37624	1
CP142610.1	37624	37658	2
CP142610.1	37658	37661	1
CP142610.1	37661	37700	2
CP142610.1	37700	37701	1
CP142610.1	37701	37722	2
CP142610.1	37722	37772	3
CP142610.1	37772	37824	2
CP142610.1	37824	37865	1
CP142610.1	37865	38005	0
CP142610.1	38005	38106	1
CP142610.1	38106	38114	0
CP142610.1	38114	38253	1
CP142610.1	38253	38419	2
CP142610.1	38419	38449	1
CP142610.1	38449	38511	2
CP142610.1	38511	38553	3
CP142610.1	38553	38565	4
CP142610.1	38565	38573	3
CP142610.1	38573	38609	4
CP142610.1	38609	38613	3
CP142610.1	38613	38627	2
CP142610.1	38627	38654	3
CP142610.1	38654	38662	4
CP142610.1	38662	38668	5
CP142610.1	38668	38673	6
CP142610.1	38673	38684	5
CP142610.1	38684	38698	4
CP142610.1	38698	38732	5
CP142610.1	38732	38733	4
CP142610.1	38733	38741	5
CP142610.1	38741	38773	4
CP142610.1	38773	38788	3
CP142610.1	38788	38809	2
CP142610.1	38809	38815	1
CP142610.1	38815	38818	0
CP142610.1	38818	38827	1
CP142610.1	38827	38828	0
CP142610.1	38828	38907	1
CP142610.1	38907	38919	2
CP142610.1	38919	38929	3
CP142610.1	38929	38930	2
CP142610.1	38930	38936	3
CP142610.1	38936	38992	2
CP142610.1	38992	39154	1
CP142610.1	39154	39163	2
CP142610.1	39163	39183	3
CP142610.1	39183	39211	2
CP142610.1	39211	39212	1
CP142610.1	39212	39219	2
CP142610.1	39219	39220	1
CP142610.1	39220	39273	2
CP142610.1	39273	39286	1
CP142610.1	39286	39346	2
CP142610.1	39346	39351	1
CP142610.1	39351	39480	0
CP142610.1	39480	39528	1
CP142610.1	39528	39575	2
CP142610.1	39575	39579	1
CP142610.1	39579	39611	2
CP142610.1	39611	39689	1
CP142610.1	39689	39712	0
CP142610.1	39712	39835	1
CP142610.1	39835	39938	0
CP142610.1	39938	39994	1
CP142610.1	39994	40052	0
CP142610.1	40052	40133	1
CP142610.1	40133	40179	2
CP142610.1	40179	40180	1
CP142610.1	40180	40220	2
CP142610.1	40220	40222	1
CP142610.1	40222	40282	2
CP142610.1	40282	40286	1
CP142610.1	40286	40293	2
CP142610.1	40293	40473	1
CP142610.1	40473	40491	0
CP142610.1	40491	40559	1
CP142610.1	40559	40591	0
CP142610.1	40591	40827	1
CP142610.1	40827	40828	0
CP142610.1	40828	40835	1
CP142610.1	40835	40836	0
CP142610.1	40836	40847	1
CP142610.1	40847	40849	0
CP142610.1	40849	40855	1
CP142610.1	40855	40929	2
CP142610.1	40929	40937	1
CP142610.1	40937	41006	2
CP142610.1	41006	41009	1
CP142610.1	41009	41177	2
CP142610.1	41177	41178	1
CP142610.1	41178	41278	2
CP142610.1	41278	41287	1
CP142610.1	41287	41291	2
CP142610.1	41291	41382	1
CP142610.1	41382	41388	0
CP142610.1	41388	41482	1
CP142610.1	41482	41526	0
CP142610.1	41526	41552	1
CP142610.1	41552	41553	0
CP142610.1	41553	41576	1
CP142610.1	41576	41631	0
CP142610.1	41631	41798	1
CP142610.1	41798	41800	0
CP142610.1	41800	41813	1
CP142610.1	41813	41850	2
CP142610.1	41850	41947	1
CP142610.1	41947	41969	0
CP142610.1	41969	42162	1
CP142610.1	42162	42310	0
CP142610.1	42310	42350	1
CP142610.1	42350	42402	2
CP142610.1	42402	42415	3
CP142610.1	42415	42469	2
CP142610.1	42469	42488	3
CP142610.1	42488	42575	2
CP142610.1	42575	42577	1
CP142610.1	42577	42590	2
CP142610.1	42590	42596	1
CP142610.1	42596	42617	2
CP142610.1	42617	42642	1
CP142610.1	42642	42653	0
CP142610.1	42653	42725	1
CP142610.1	42725	42809	0
CP142610.1	42809	42872	1
CP142610.1	42872	43112	0
CP142610.1	43112	43137	1
CP142610.1	43137	43140	0
CP142610.1	43140	43400	1
CP142610.1	43400	43620	0
CP142610.1	43620	43671	1
CP142610.1	43671	44364	0
CP142610.1	44364	44551	1
CP142610.1	44551	44552	0
CP142610.1	44552	44667	1
CP142610.1	44667	44689	0
CP142610.1	44689	44715	1
CP142610.1	44715	44756	2
CP142610.1	44756	44799	1
CP142610.1	44799	44810	2
CP142610.1	44810	44835	3
CP142610.1	44835	44854	2
CP142610.1	44854	44885	3
CP142610.1	44885	44947	2
CP142610.1	44947	44974	3
CP142610.1	44974	45006	2
CP142610.1	45006	45012	1
CP142610.1	45012	45032	2
CP142610.1	45032	45090	1
CP142610.1	45090	45213	0
CP142610.1	45213	45216	1
CP142610.1	45216	45224	2
CP142610.1	45224	45225	1
CP142610.1	45225	45233	2
CP142610.1	45233	45292	3
CP142610.1	45292	45325	2
CP142610.1	45325	45335	1
CP142610.1	45335	45438	2
CP142610.1	45438	45448	1
CP142610.1	45448	45522	2
CP142610.1	45522	45652	1
CP142610.1	45652	45702	0
CP142610.1	45702	45766	1
CP142610.1	45766	45799	0
CP142610.1	45799	45826	1
CP142610.1	45826	45836	2
CP142610.1	45836	45837	1
CP142610.1	45837	45883	2
CP142610.1	45883	46015	1
CP142610.1	46015	46016	0
CP142610.1	46016	46048	1
CP142610.1	46048	46084	2
CP142610.1	46084	46104	1
CP142610.1	46104	46105	0
CP142610.1	46105	46115	1
CP142610.1	46115	46124	2
CP142610.1	46124	46139	3
CP142610.1	46139	46178	2
CP142610.1	46178	46215	1
CP142610.1	46215	46246	0
CP142610.1	46246	46260	1
CP142610.1	46260	46293	2
CP142610.1	46293	46322	3
CP142610.1	46322	46330	4
CP142610.1	46330	46331	3
CP142610.1	46331	46332	2
CP142610.1	46332	46374	3
CP142610.1	46374	46379	2
CP142610.1	46379	46383	1
CP142610.1	46383	46475	2
CP142610.1	46475	46518	1
CP142610.1	46518	46568	2
CP142610.1	46568	46572	1
CP142610.1	46572	46646	0
CP142610.1	46646	46749	1
CP142610.1	46749	46788	2
CP142610.1	46788	46813	3
CP142610.1	46813	46822	4
CP142610.1	46822	46823	3
CP142610.1	46823	46836	4
CP142610.1	46836	46859	3
CP142610.1	46859	46890	2
CP142610.1	46890	46891	1
CP142610.1	46891	46901	2
CP142610.1	46901	46926	1
CP142610.1	46926	46963	2
CP142610.1	46963	47262	1
CP142610.1	47262	47266	2
CP142610.1	47266	47298	1
CP142610.1	47298	47354	0
CP142610.1	47354	47431	1
CP142610.1	47431	47434	0
CP142610.1	47434	47670	1
CP142610.1	47670	47707	0
CP142610.1	47707	47766	1
CP142610.1	47766	47914	0
CP142610.1	47914	48013	1
CP142610.1	48013	48020	2
CP142610.1	48020	48021	1
CP142610.1	48021	48053	2
CP142610.1	48053	48068	1
CP142610.1	48068	48209	0
CP142610.1	48209	48384	1
CP142610.1	48384	48597	0
CP142610.1	48597	48670	1
CP142610.1	48670	48678	0
CP142610.1	48678	48719	1
CP142610.1	48719	48753	2
CP142610.1	48753	48755	1
CP142610.1	48755	48771	2
CP142610.1	48771	48797	3
CP142610.1	48797	48866	2
CP142610.1	48866	48870	1
CP142610.1	48870	48889	0
CP142610.1	48889	48964	1
CP142610.1	48964	49001	0
CP142610.1	49001	49065	1
CP142610.1	49065	49102	2
CP142610.1	49102	49140	1
CP142610.1	49140	49218	2
CP142610.1	49218	49219	1
CP142610.1	49219	49246	2
CP142610.1	49246	49313	3
CP142610.1	49313	49492	2
CP142610.1	49492	49530	1
CP142610.1	49530	49656	0
CP142610.1	49656	49700	1
CP142610.1	49700	49716	2
CP142610.1	49716	49757	1
CP142610.1	49757	49909	0
CP142610.1	49909	49963	1
CP142610.1	49963	50028	2
CP142610.1	50028	50068	3
CP142610.1	50068	50088	2
CP142610.1	50088	50118	1
CP142610.1	50118	50161	0
CP142610.1	50161	50171	1
CP142610.1	50171	50172	0
CP142610.1	50172	50206	1
CP142610.1	50206	50411	0
CP142610.1	50411	50493	1
CP142610.1	50493	50494	0
CP142610.1	50494	50495	1
CP142610.1	50495	50522	2
CP142610.1	50522	50523	1
CP142610.1	50523	50606	2
CP142610.1	50606	50615	1
CP142610.1	50615	50633	2
CP142610.1	50633	50635	1
CP142610.1	50635	50710	2
CP142610.1	50710	50778	1
CP142610.1	50778	50829	0
CP142610.1	50829	50885	1
CP142610.1	50885	50895	2
CP142610.1	50895	50963	1
CP142610.1	50963	51001	2
CP142610.1	51001	51010	1
CP142610.1	51010	51013	0
CP142610.1	51013	51094	1
CP142610.1	51094	51238	0
CP142610.1	51238	51310	1
CP142610.1	51310	51316	0
CP142610.1	51316	51340	1
CP142610.1	51340	51341	0
CP142610.1	51341	51433	1
CP142610.1	51433	51434	0
CP142610.1	51434	51461	1
CP142610.1	51461	51489	2
CP142610.1	51489	51513	3
CP142610.1	51513	51535	4
CP142610.1	51535	51537	3
CP142610.1	51537	51586	4
CP142610.1	51586	51599	3
CP142610.1	51599	51629	4
CP142610.1	51629	51656	3
CP142610.1	51656	51670	2
CP142610.1	51670	51688	1
CP142610.1	51688	51705	0
CP142610.1	51705	51818	1
CP142610.1	51818	51903	2
CP142610.1	51903	51926	1
CP142610.1	51926	51957	0
CP142610.1	51957	52023	1
CP142610.1	52023	52105	2
CP142610.1	52105	52112	1
CP142610.1	52112	52136	2
CP142610.1	52136	52147	1
CP142610.1	52147	52150	0
CP142610.1	52150	52170	1
CP142610.1	52170	52171	0
CP142610.1	52171	52227	1
CP142610.1	52227	52228	0
CP142610.1	52228	52269	1
CP142610.1	52269	52292	2
CP142610.1	52292	52312	3
CP142610.1	52312	52314	2
CP142610.1	52314	52322	3
CP142610.1	52322	52353	2
CP142610.1	52353	52447	1
CP142610.1	52447	52450	0
CP142610.1	52450	52508	1
CP142610.1	52508	52509	0
CP142610.1	52509	52669	1
CP142610.1	52669	52872	0
CP142610.1	52872	52932	1
CP142610.1	52932	52935	0
CP142610.1	52935	52986	1
CP142610.1	52986	52987	0
CP142610.1	52987	53037	1
CP142610.1	53037	53084	2
CP142610.1	53084	53173	1
CP142610.1	53173	53245	2
CP142610.1	53245	53247	3
CP142610.1	53247	53301	4
CP142610.1	53301	53303	3
CP142610.1	53303	53307	4
CP142610.1	53307	53326	3
CP142610.1	53326	53355	2
CP142610.1	53355	53373	1
CP142610.1	53373	53392	0
CP142610.1	53392	53409	1
CP142610.1	53409	53410	0
CP142610.1	53410	53467	1
CP142610.1	53467	53478	0
CP142610.1	53478	53497	1
CP142610.1	53497	53501	0
CP142610.1	53501	53590	1
CP142610.1	53590	53606	2
CP142610.1	53606	53649	1
CP142610.1	53649	53677	2
CP142610.1	53677	53716	1
CP142610.1	53716	53785	2
CP142610.1	53785	53904	1
CP142610.1	53904	53905	0
CP142610.1	53905	53952	1
CP142610.1	53952	53954	0
CP142610.1	53954	53981	1
CP142610.1	53981	54001	2
CP142610.1	54001	54002	1
CP142610.1	54002	54026	2
CP142610.1	54026	54027	0
CP142610.1	54027	54036	1
CP142610.1	54036	54057	2
CP142610.1	54057	54125	1
CP142610.1	54125	54169	0
CP142610.1	54169	54224	1
CP142610.1	54224	54502	0
CP142610.1	54502	54575	1
CP142610.1	54575	54607	2
CP142610.1	54607	54628	3
CP142610.1	54628	54701	2
CP142610.1	54701	54709	1
CP142610.1	54709	54729	0
CP142610.1	54729	54760	1
CP142610.1	54760	54764	0
CP142610.1	54764	54874	1
CP142610.1	54874	55050	2
CP142610.1	55050	55128	1
CP142610.1	55128	55167	2
CP142610.1	55167	55169	1
CP142610.1	55169	55240	2
CP142610.1	55240	55245	3
CP142610.1	55245	55350	2
CP142610.1	55350	55351	1
CP142610.1	55351	55390	2
CP142610.1	55390	55409	3
CP142610.1	55409	55436	4
CP142610.1	55436	55440	5
CP142610.1	55440	55455	6
CP142610.1	55455	55465	5
CP142610.1	55465	55478	4
CP142610.1	55478	55493	3
CP142610.1	55493	55494	2
CP142610.1	55494	55542	3
CP142610.1	55542	55550	4
CP142610.1	55550	55560	3
CP142610.1	55560	55650	2
CP142610.1	55650	55667	3
CP142610.1	55667	55698	2
CP142610.1	55698	55710	3
CP142610.1	55710	55711	2
CP142610.1	55711	55722	3
CP142610.1	55722	55724	2
CP142610.1	55724	55754	3
CP142610.1	55754	55757	2
CP142610.1	55757	55761	1
CP142610.1	55761	55768	2
CP142610.1	55768	55769	1
CP142610.1	55769	55822	2
CP142610.1	55822	55833	3
CP142610.1	55833	55879	2
CP142610.1	55879	55912	1
CP142610.1	55912	56060	2
CP142610.1	56060	56063	0
CP142610.1	56063	56094	2
CP142610.1	56094	56098	3
CP142610.1	56098	56184	2
CP142610.1	56184	56217	3
CP142610.1	56217	56218	2
CP142610.1	56218	56227	3
CP142610.1	56227	56285	2
CP142610.1	56285	56298	1
CP142610.1	56298	56481	0
CP142610.1	56481	56603	1
CP142610.1	56603	56607	0
CP142610.1	56607	56622	1
CP142610.1	56622	56671	0
CP142610.1	56671	56697	1
CP142610.1	56697	56721	2
CP142610.1	56721	56723	1
CP142610.1	56723	56765	2
CP142610.1	56765	56809	3
CP142610.1	56809	56811	2
CP142610.1	56811	56813	1
CP142610.1	56813	56814	2
CP142610.1	56814	56848	3
CP142610.1	56848	56849	2
CP142610.1	56849	56856	3
CP142610.1	56856	56866	2
CP142610.1	56866	56887	1
CP142610.1	56887	56904	0
CP142610.1	56904	56935	1
CP142610.1	56935	56979	2
CP142610.1	56979	56988	3
CP142610.1	56988	57003	2
CP142610.1	57003	57009	3
CP142610.1	57009	57012	2
CP142610.1	57012	57021	3
CP142610.1	57021	57046	2
CP142610.1	57046	57086	1
CP142610.1	57086	57334	0
CP142610.1	57334	57371	1
CP142610.1	57371	57565	2
CP142610.1	57565	57595	1
CP142610.1	57595	57631	0
CP142610.1	57631	57640	1
CP142610.1	57640	57716	2
CP142610.1	57716	57721	1
CP142610.1	57721	57767	0
CP142610.1	57767	57858	1
CP142610.1	57858	57914	0
CP142610.1	57914	57968	1
CP142610.1	57968	58002	2
CP142610.1	58002	58049	3
CP142610.1	58049	58094	2
CP142610.1	58094	58110	1
CP142610.1	58110	58148	0
CP142610.1	58148	58207	1
CP142610.1	58207	58218	0
CP142610.1	58218	58242	1
CP142610.1	58242	58243	0
CP142610.1	58243	58294	1
CP142610.1	58294	58362	0
CP142610.1	58362	58406	2
CP142610.1	58406	58441	3
CP142610.1	58441	58446	2
CP142610.1	58446	58493	1
CP142610.1	58493	58566	0
CP142610.1	58566	58591	1
CP142610.1	58591	58592	0
CP142610.1	58592	58636	1
CP142610.1	58636	59038	0
CP142610.1	59038	59174	1
CP142610.1	59174	59705	0
CP142610.1	59705	59731	2
CP142610.1	59731	59750	3
CP142610.1	59750	59751	2
CP142610.1	59751	59753	3
CP142610.1	59753	59841	2
CP142610.1	59841	59884	1
CP142610.1	59884	59988	2
CP142610.1	59988	60056	1
CP142610.1	60056	60254	0
CP142610.1	60254	60301	1
CP142610.1	60301	60339	0
CP142610.1	60339	60436	1
CP142610.1	60436	60657	0
CP142610.1	60657	60831	1
CP142610.1	60831	60968	0
CP142610.1	60968	61000	1
CP142610.1	61000	61053	2
CP142610.1	61053	61101	1
CP142610.1	61101	61204	2
CP142610.1	61204	61205	1
CP142610.1	61205	61508	0
CP142610.1	61508	61597	1
CP142610.1	61597	61639	0
CP142610.1	61639	61662	1
CP142610.1	61662	61673	2
CP142610.1	61673	61684	1
CP142610.1	61684	61702	2
CP142610.1	61702	61703	1
CP142610.1	61703	61737	2
CP142610.1	61737	61852	1
CP142610.1	61852	61911	2
CP142610.1	61911	61931	1
CP142610.1	61931	62026	2
CP142610.1	62026	62039	3
CP142610.1	62039	62059	2
CP142610.1	62059	62061	1
CP142610.1	62061	62145	2
CP142610.1	62145	62172	1
CP142610.1	62172	62173	2
CP142610.1	62173	62225	3
CP142610.1	62225	62232	4
CP142610.1	62232	62266	3
CP142610.1	62266	62268	2
CP142610.1	62268	62305	3
CP142610.1	62305	62306	2
CP142610.1	62306	62338	3
CP142610.1	62338	62381	4
CP142610.1	62381	62397	3
CP142610.1	62397	62398	2
CP142610.1	62398	62424	1
CP142610.1	62424	62440	2
CP142610.1	62440	62475	1
CP142610.1	62475	62543	2
CP142610.1	62543	62544	1
CP142610.1	62544	62550	2
CP142610.1	62550	62564	1
CP142610.1	62564	62588	2
CP142610.1	62588	62677	1
CP142610.1	62677	62835	0
CP142610.1	62835	62903	1
CP142610.1	62903	63114	0
CP142610.1	63114	63180	1
CP142610.1	63180	63407	0
CP142610.1	63407	63460	1
CP142610.1	63460	63751	0
CP142610.1	63751	63834	1
CP142610.1	63834	63835	0
CP142610.1	63835	63921	1
CP142610.1	63921	63922	0
CP142610.1	63922	63936	1
CP142610.1	63936	63953	2
CP142610.1	63953	63970	1
CP142610.1	63970	63982	2
CP142610.1	63982	64036	3
CP142610.1	64036	64044	4
CP142610.1	64044	64061	3
CP142610.1	64061	64069	4
CP142610.1	64069	64070	3
CP142610.1	64070	64082	4
CP142610.1	64082	64091	5
CP142610.1	64091	64100	4
CP142610.1	64100	64134	3
CP142610.1	64134	64174	2
CP142610.1	64174	64194	3
CP142610.1	64194	64206	2
CP142610.1	64206	64244	1
CP142610.1	64244	64325	0
CP142610.1	64325	64485	1
CP142610.1	64485	64499	0
CP142610.1	64499	64523	1
CP142610.1	64523	64527	0
CP142610.1	64527	64660	1
CP142610.1	64660	64676	2
CP142610.1	64676	64696	3
CP142610.1	64696	64802	4
CP142610.1	64802	64803	3
CP142610.1	64803	64805	4
CP142610.1	64805	64848	3
CP142610.1	64848	64852	2
CP142610.1	64852	64913	1
CP142610.1	64913	64949	0
CP142610.1	64949	65099	1
CP142610.1	65099	65132	0
CP142610.1	65132	65178	1
CP142610.1	65178	65180	0
CP142610.1	65180	65218	1
CP142610.1	65218	65244	2
CP142610.1	65244	65281	3
CP142610.1	65281	65293	4
CP142610.1	65293	65344	3
CP142610.1	65344	65445	2
CP142610.1	65445	65523	1
CP142610.1	65523	65524	0
CP142610.1	65524	65631	1
CP142610.1	65631	65667	2
CP142610.1	65667	65814	1
CP142610.1	65814	65860	2
CP142610.1	65860	65911	1
CP142610.1	65911	65990	0
CP142610.1	65990	66102	1
CP142610.1	66102	66282	0
CP142610.1	66282	66307	1
CP142610.1	66307	66384	2
CP142610.1	66384	66415	1
CP142610.1	66415	66443	2
CP142610.1	66443	66451	1
CP142610.1	66451	66453	2
CP142610.1	66453	66552	3
CP142610.1	66552	66581	2
CP142610.1	66581	66660	1
CP142610.1	66660	66786	0
CP142610.1	66786	66871	1
CP142610.1	66871	66916	0
CP142610.1	66916	66998	1
CP142610.1	66998	67028	0
CP142610.1	67028	67049	1
CP142610.1	67049	67050	0
CP142610.1	67050	67106	1
CP142610.1	67106	67173	0
CP142610.1	67173	67292	1
CP142610.1	67292	67463	2
CP142610.1	67463	67506	1
CP142610.1	67506	67591	0
CP142610.1	67591	67619	1
CP142610.1	67619	67622	0
CP142610.1	67622	67713	1
CP142610.1	67713	67780	2
CP142610.1	67780	67782	3
CP142610.1	67782	67831	2
CP142610.1	67831	67837	1
CP142610.1	67837	67839	2
CP142610.1	67839	67922	1
CP142610.1	67922	67930	0
CP142610.1	67930	67963	1
CP142610.1	67963	67984	2
CP142610.1	67984	67985	0
CP142610.1	67985	68008	2
CP142610.1	68008	68047	3
CP142610.1	68047	68049	2
CP142610.1	68049	68082	3
CP142610.1	68082	68129	2
CP142610.1	68129	68169	1
CP142610.1	68169	68232	2
CP142610.1	68232	68271	1
CP142610.1	68271	68319	2
CP142610.1	68319	68356	1
CP142610.1	68356	68372	2
CP142610.1	68372	68396	1
CP142610.1	68396	68440	2
CP142610.1	68440	68471	1
CP142610.1	68471	68719	0
CP142610.1	68719	68765	1
CP142610.1	68765	68829	2
CP142610.1	68829	68864	3
CP142610.1	68864	68890	4
CP142610.1	68890	68916	3
CP142610.1	68916	68920	4
CP142610.1	68920	68934	3
CP142610.1	68934	68958	4
CP142610.1	68958	68967	3
CP142610.1	68967	68980	4
CP142610.1	68980	69036	3
CP142610.1	69036	69061	2
CP142610.1	69061	69095	1
CP142610.1	69095	69096	0
CP142610.1	69096	69114	1
CP142610.1	69114	69520	0
CP142610.1	69520	69592	1
CP142610.1	69592	70022	0
CP142610.1	70022	70047	1
CP142610.1	70047	70053	0
CP142610.1	70053	70090	1
CP142610.1	70090	70332	0
CP142610.1	70332	70408	1
CP142610.1	70408	70411	0
CP142610.1	70411	70414	1
CP142610.1	70414	70458	2
CP142610.1	70458	70467	3
CP142610.1	70467	70495	4
CP142610.1	70495	70533	3
CP142610.1	70533	70563	2
CP142610.1	70563	70667	1
CP142610.1	70667	70671	0
CP142610.1	70671	70715	1
CP142610.1	70715	70741	0
CP142610.1	70741	70900	1
CP142610.1	70900	71017	2
CP142610.1	71017	71073	3
CP142610.1	71073	71075	1
CP142610.1	71075	71080	2
CP142610.1	71080	71111	3
CP142610.1	71111	71127	4
CP142610.1	71127	71166	3
CP142610.1	71166	71181	2
CP142610.1	71181	71220	1
CP142610.1	71220	71230	0
CP142610.1	71230	71254	1
CP142610.1	71254	71256	0
CP142610.1	71256	71257	1
CP142610.1	71257	71279	2
CP142610.1	71279	71281	1
CP142610.1	71281	71301	2
CP142610.1	71301	71303	1
CP142610.1	71303	71384	2
CP142610.1	71384	71397	1
CP142610.1	71397	71483	2
CP142610.1	71483	71492	1
CP142610.1	71492	71517	0
CP142610.1	71517	71574	1
CP142610.1	71574	71607	0
CP142610.1	71607	71709	1
CP142610.1	71709	71711	0
CP142610.1	71711	71775	1
CP142610.1	71775	71798	0
CP142610.1	71798	71853	1
CP142610.1	71853	71895	0
CP142610.1	71895	71900	1
CP142610.1	71900	71995	2
CP142610.1	71995	72073	1
CP142610.1	72073	72133	2
CP142610.1	72133	72138	3
CP142610.1	72138	72139	2
CP142610.1	72139	72171	4
CP142610.1	72171	72172	3
CP142610.1	72172	72177	4
CP142610.1	72177	72185	3
CP142610.1	72185	72192	2
CP142610.1	72192	72194	1
CP142610.1	72194	72207	2
CP142610.1	72207	72208	0
CP142610.1	72208	72209	1
CP142610.1	72209	72229	2
CP142610.1	72229	72230	1
CP142610.1	72230	72397	0
CP142610.1	72397	72453	1
CP142610.1	72453	72454	0
CP142610.1	72454	72466	1
CP142610.1	72466	72516	2
CP142610.1	72516	72517	1
CP142610.1	72517	72531	2
CP142610.1	72531	72545	1
CP142610.1	72545	72614	0
CP142610.1	72614	72684	1
CP142610.1	72684	72685	0
CP142610.1	72685	72769	1
CP142610.1	72769	72770	0
CP142610.1	72770	72792	1
CP142610.1	72792	72844	0
CP142610.1	72844	72915	1
CP142610.1	72915	72922	2
CP142610.1	72922	73004	3
CP142610.1	73004	73067	2
CP142610.1	73067	73096	1
CP142610.1	73096	73218	0
CP142610.1	73218	73219	1
CP142610.1	73219	73248	2
CP142610.1	73248	73261	3
CP142610.1	73261	73262	2
CP142610.1	73262	73322	3
CP142610.1	73322	73343	2
CP142610.1	73343	73346	1
CP142610.1	73346	73376	2
CP142610.1	73376	73475	3
CP142610.1	73475	73478	2
CP142610.1	73478	73481	1
CP142610.1	73481	73491	2
CP142610.1	73491	73533	1
CP142610.1	73533	73622	0
CP142610.1	73622	73686	1
CP142610.1	73686	73699	0
CP142610.1	73699	73806	1
CP142610.1	73806	73883	2
CP142610.1	73883	73886	1
CP142610.1	73886	73887	2
CP142610.1	73887	73891	1
CP142610.1	73891	74128	0
CP142610.1	74128	74212	1
CP142610.1	74212	74213	0
CP142610.1	74213	74294	1
CP142610.1	74294	74326	0
CP142610.1	74326	74392	1
CP142610.1	74392	74417	0
CP142610.1	74417	74541	1
CP142610.1	74541	74737	0
CP142610.1	74737	74860	1
CP142610.1	74860	74867	0
CP142610.1	74867	74893	1
CP142610.1	74893	74898	0
CP142610.1	74898	75011	1
CP142610.1	75011	75013	2
CP142610.1	75013	75058	3
CP142610.1	75058	75076	2
CP142610.1	75076	75100	3
CP142610.1	75100	75124	2
CP142610.1	75124	75209	3
CP142610.1	75209	75215	2
CP142610.1	75215	75306	1
CP142610.1	75306	75586	0
CP142610.1	75586	75598	1
CP142610.1	75598	75647	2
CP142610.1	75647	75649	1
CP142610.1	75649	75672	2
CP142610.1	75672	75681	1
CP142610.1	75681	75757	0
CP142610.1	75757	75811	1
CP142610.1	75811	75812	0
CP142610.1	75812	75849	1
CP142610.1	75849	75869	0
CP142610.1	75869	75919	1
CP142610.1	75919	75988	2
CP142610.1	75988	75994	3
CP142610.1	75994	76054	2
CP142610.1	76054	76057	0
CP142610.1	76057	76120	2
CP142610.1	76120	76178	1
CP142610.1	76178	76199	0
CP142610.1	76199	76309	1
CP142610.1	76309	76391	2
CP142610.1	76391	76415	3
CP142610.1	76415	76438	2
CP142610.1	76438	76440	1
CP142610.1	76440	76441	2
CP142610.1	76441	76452	1
CP142610.1	76452	76455	0
CP142610.1	76455	76545	1
CP142610.1	76545	76546	0
CP142610.1	76546	76625	1
CP142610.1	76625	76631	0
CP142610.1	76631	76642	1
CP142610.1	76642	76645	0
CP142610.1	76645	76700	1
CP142610.1	76700	76753	2
CP142610.1	76753	76834	1
CP142610.1	76834	76843	0
CP142610.1	76843	76862	1
CP142610.1	76862	76866	0
CP142610.1	76866	76868	1
CP142610.1	76868	76929	2
CP142610.1	76929	76944	1
CP142610.1	76944	77206	0
CP142610.1	77206	77272	1
CP142610.1	77272	77276	2
CP142610.1	77276	77280	1
CP142610.1	77280	77309	2
CP142610.1	77309	77392	3
CP142610.1	77392	77406	4
CP142610.1	77406	77408	3
CP142610.1	77408	77465	2
CP142610.1	77465	77519	1
CP142610.1	77519	77582	2
CP142610.1	77582	77625	1
CP142610.1	77625	77743	0
CP142610.1	77743	77807	1
CP142610.1	77807	77949	0
CP142610.1	77949	78076	1
CP142610.1	78076	78157	0
CP142610.1	78157	78198	1
CP142610.1	78198	78208	2
CP142610.1	78208	78252	3
CP142610.1	78252	78258	4
CP142610.1	78258	78261	3
CP142610.1	78261	78262	1
CP142610.1	78262	78264	2
CP142610.1	78264	78322	3
CP142610.1	78322	78373	2
CP142610.1	78373	78374	1
CP142610.1	78374	78375	2
CP142610.1	78375	78403	3
CP142610.1	78403	78414	2
CP142610.1	78414	78415	1
CP142610.1	78415	78425	2
CP142610.1	78425	78430	1
CP142610.1	78430	78539	2
CP142610.1	78539	78542	1
CP142610.1	78542	78543	2
CP142610.1	78543	78556	1
CP142610.1	78556	78567	2
CP142610.1	78567	78570	1
CP142610.1	78570	78573	0
CP142610.1	78573	78592	1
CP142610.1	78592	78596	0
CP142610.1	78596	78646	1
CP142610.1	78646	78692	0
CP142610.1	78692	78694	1
CP142610.1	78694	78776	2
CP142610.1	78776	78777	1
CP142610.1	78777	78796	2
CP142610.1	78796	78798	1
CP142610.1	78798	78821	2
CP142610.1	78821	78824	1
CP142610.1	78824	78844	2
CP142610.1	78844	78878	1
CP142610.1	78878	78937	2
CP142610.1	78937	78939	1
CP142610.1	78939	78945	2
CP142610.1	78945	78946	1
CP142610.1	78946	78954	2
CP142610.1	78954	78958	3
CP142610.1	78958	78960	2
CP142610.1	78960	78983	1
CP142610.1	78983	79030	2
CP142610.1	79030	79031	1
CP142610.1	79031	79167	2
CP142610.1	79167	79315	1
CP142610.1	79315	79339	2
CP142610.1	79339	79429	1
CP142610.1	79429	79438	2
CP142610.1	79438	79451	3
CP142610.1	79451	79452	2
CP142610.1	79452	79460	3
CP142610.1	79460	79464	4
CP142610.1	79464	79469	3
CP142610.1	79469	79472	4
CP142610.1	79472	79481	3
CP142610.1	79481	79501	4
CP142610.1	79501	79513	3
CP142610.1	79513	79658	2
CP142610.1	79658	79713	1
CP142610.1	79713	79718	2
CP142610.1	79718	79744	1
CP142610.1	79744	79784	2
CP142610.1	79784	79805	1
CP142610.1	79805	79807	0
CP142610.1	79807	79890	1
CP142610.1	79890	79893	0
CP142610.1	79893	79960	1
CP142610.1	79960	80093	2
CP142610.1	80093	80103	1
CP142610.1	80103	80104	0
CP142610.1	80104	80158	1
CP142610.1	80158	80186	0
CP142610.1	80186	80259	1
CP142610.1	80259	80269	0
CP142610.1	80269	80302	1
CP142610.1	80302	80312	2
CP142610.1	80312	80313	1
CP142610.1	80313	80391	2
CP142610.1	80391	80464	3
CP142610.1	80464	80559	2
CP142610.1	80559	80625	1
CP142610.1	80625	80655	2
CP142610.1	80655	80656	1
CP142610.1	80656	80703	2
CP142610.1	80703	80714	1
CP142610.1	80714	80818	0
CP142610.1	80818	80845	1
CP142610.1	80845	81019	2
CP142610.1	81019	81059	1
CP142610.1	81059	81061	0
CP142610.1	81061	81127	1
CP142610.1	81127	81128	0
CP142610.1	81128	81198	1
CP142610.1	81198	81199	2
CP142610.1	81199	81227	3
CP142610.1	81227	81260	4
CP142610.1	81260	81280	3
CP142610.1	81280	81331	2
CP142610.1	81331	81379	1
CP142610.1	81379	81409	2
CP142610.1	81409	81422	3
CP142610.1	81422	81546	2
CP142610.1	81546	81669	1
CP142610.1	81669	81696	2
CP142610.1	81696	81742	1
CP142610.1	81742	81799	2
CP142610.1	81799	81807	1
CP142610.1	81807	81869	0
CP142610.1	81869	81905	1
CP142610.1	81905	81906	0
CP142610.1	81906	81965	1
CP142610.1	81965	82030	3
CP142610.1	82030	82043	4
CP142610.1	82043	82046	3
CP142610.1	82046	82049	4
CP142610.1	82049	82052	5
CP142610.1	82052	82053	4
CP142610.1	82053	82054	3
CP142610.1	82054	82062	5
CP142610.1	82062	82065	4
CP142610.1	82065	82068	3
CP142610.1	82068	82073	4
CP142610.1	82073	82078	3
CP142610.1	82078	82079	2
CP142610.1	82079	82102	3
CP142610.1	82102	82114	2
CP142610.1	82114	82150	3
CP142610.1	82150	82162	2
CP142610.1	82162	82226	1
CP142610.1	82226	82311	0
CP142610.1	82311	82419	1
CP142610.1	82419	82420	0
CP142610.1	82420	82444	1
CP142610.1	82444	82909	0
CP142610.1	82909	82965	1
CP142610.1	82965	82968	0
CP142610.1	82968	83172	1
CP142610.1	83172	83182	2
CP142610.1	83182	83318	1
CP142610.1	83318	83321	0
CP142610.1	83321	83336	1
CP142610.1	83336	83467	0
CP142610.1	83467	83611	1
CP142610.1	83611	83680	0
CP142610.1	83680	83681	1
CP142610.1	83681	83792	2
CP142610.1	83792	83839	1
CP142610.1	83839	83841	0
CP142610.1	83841	83883	1
CP142610.1	83883	83885	0
CP142610.1	83885	83908	1
CP142610.1	83908	83914	2
CP142610.1	83914	83935	1
CP142610.1	83935	83987	2
CP142610.1	83987	83990	1
CP142610.1	83990	84016	2
CP142610.1	84016	84068	3
CP142610.1	84068	84071	2
CP142610.1	84071	84144	3
CP142610.1	84144	84155	2
CP142610.1	84155	84158	1
CP142610.1	84158	84167	2
CP142610.1	84167	84244	1
CP142610.1	84244	84368	0
CP142610.1	84368	84398	1
CP142610.1	84398	84401	0
CP142610.1	84401	84410	1
CP142610.1	84410	84412	2
CP142610.1	84412	84422	1
CP142610.1	84422	84426	0
CP142610.1	84426	84523	1
CP142610.1	84523	84534	2
CP142610.1	84534	84536	1
CP142610.1	84536	84549	2
CP142610.1	84549	84583	1
CP142610.1	84583	84605	2
CP142610.1	84605	84616	3
CP142610.1	84616	84626	4
CP142610.1	84626	84631	3
CP142610.1	84631	84642	4
CP142610.1	84642	84659	5
CP142610.1	84659	84675	4
CP142610.1	84675	84676	3
CP142610.1	84676	84677	4
CP142610.1	84677	84678	3
CP142610.1	84678	84696	4
CP142610.1	84696	84697	3
CP142610.1	84697	84720	4
CP142610.1	84720	84740	5
CP142610.1	84740	84744	4
CP142610.1	84744	84745	3
CP142610.1	84745	84746	4
CP142610.1	84746	84752	5
CP142610.1	84752	84756	4
CP142610.1	84756	84757	3
CP142610.1	84757	84808	4
CP142610.1	84808	84809	3
CP142610.1	84809	84864	4
CP142610.1	84864	84882	3
CP142610.1	84882	84888	2
CP142610.1	84888	84943	1
CP142610.1	84943	84985	2
CP142610.1	84985	85085	1
CP142610.1	85085	85544	0
CP142610.1	85544	85622	1
CP142610.1	85622	85649	0
CP142610.1	85649	85666	1
CP142610.1	85666	85751	2
CP142610.1	85751	85757	1
CP142610.1	85757	85760	0
CP142610.1	85760	85890	1
CP142610.1	85890	85893	0
CP142610.1	85893	85897	1
CP142610.1	85897	85978	2
CP142610.1	85978	85980	1
CP142610.1	85980	85994	2
CP142610.1	85994	86010	1
CP142610.1	86010	86067	2
CP142610.1	86067	86068	1
CP142610.1	86068	86160	2
CP142610.1	86160	86167	1
CP142610.1	86167	86344	0
CP142610.1	86344	86443	1
CP142610.1	86443	86454	0
CP142610.1	86454	86522	1
CP142610.1	86522	86523	0
CP142610.1	86523	86536	1
CP142610.1	86536	86596	2
CP142610.1	86596	86602	1
CP142610.1	86602	86686	0
CP142610.1	86686	86740	1
CP142610.1	86740	86789	0
CP142610.1	86789	86818	1
CP142610.1	86818	86826	2
CP142610.1	86826	86827	1
CP142610.1	86827	86835	2
CP142610.1	86835	86964	1
CP142610.1	86964	87008	0
CP142610.1	87008	87085	1
CP142610.1	87085	87496	0
CP142610.1	87496	87568	1
CP142610.1	87568	87570	0
CP142610.1	87570	87659	1
CP142610.1	87659	87669	0
CP142610.1	87669	87696	1
CP142610.1	87696	87766	2
CP142610.1	87766	87778	3
CP142610.1	87778	87805	4
CP142610.1	87805	87829	3
CP142610.1	87829	87849	2
CP142610.1	87849	87852	1
CP142610.1	87852	87883	2
CP142610.1	87883	87893	3
CP142610.1	87893	87896	2
CP142610.1	87896	87939	3
CP142610.1	87939	87953	4
CP142610.1	87953	87973	3
CP142610.1	87973	87996	4
CP142610.1	87996	88018	3
CP142610.1	88018	88019	2
CP142610.1	88019	88048	3
CP142610.1	88048	88049	4
CP142610.1	88049	88061	3
CP142610.1	88061	88064	2
CP142610.1	88064	88113	3
CP142610.1	88113	88158	2
CP142610.1	88158	88159	3
CP142610.1	88159	88170	2
CP142610.1	88170	88205	1
CP142610.1	88205	88209	0
CP142610.1	88209	88215	1
CP142610.1	88215	88218	0
CP142610.1	88218	88254	1
CP142610.1	88254	88255	0
CP142610.1	88255	88297	1
CP142610.1	88297	88298	0
CP142610.1	88298	88355	1
CP142610.1	88355	88402	0
CP142610.1	88402	88466	1
CP142610.1	88466	88550	0
CP142610.1	88550	88555	1
CP142610.1	88555	88670	2
CP142610.1	88670	88685	3
CP142610.1	88685	88756	2
CP142610.1	88756	88757	1
CP142610.1	88757	88821	2
CP142610.1	88821	88823	1
CP142610.1	88823	88891	2
CP142610.1	88891	88941	1
CP142610.1	88941	88982	2
CP142610.1	88982	88986	1
CP142610.1	88986	88990	2
CP142610.1	88990	89059	3
CP142610.1	89059	89178	2
CP142610.1	89178	89229	1
CP142610.1	89229	89230	0
CP142610.1	89230	89309	1
CP142610.1	89309	89350	2
CP142610.1	89350	89351	1
CP142610.1	89351	89357	2
CP142610.1	89357	89376	1
CP142610.1	89376	89399	2
CP142610.1	89399	89464	1
CP142610.1	89464	89541	0
CP142610.1	89541	89560	1
CP142610.1	89560	89562	0
CP142610.1	89562	89571	1
CP142610.1	89571	89652	2
CP142610.1	89652	89653	1
CP142610.1	89653	89671	2
CP142610.1	89671	89690	1
CP142610.1	89690	89811	0
CP142610.1	89811	89857	1
CP142610.1	89857	89868	2
CP142610.1	89868	89920	1
CP142610.1	89920	89978	0
CP142610.1	89978	90097	1
CP142610.1	90097	90099	0
CP142610.1	90099	90133	1
CP142610.1	90133	90149	0
CP142610.1	90149	90152	1
CP142610.1	90152	90180	2
CP142610.1	90180	90326	1
CP142610.1	90326	90418	0
CP142610.1	90418	90437	1
CP142610.1	90437	90447	0
CP142610.1	90447	90488	1
CP142610.1	90488	90490	0
CP142610.1	90490	90530	1
CP142610.1	90530	90668	0
CP142610.1	90668	90734	1
CP142610.1	90734	90752	0
CP142610.1	90752	90862	1
CP142610.1	90862	90874	0
CP142610.1	90874	90902	1
CP142610.1	90902	90958	2
CP142610.1	90958	90959	1
CP142610.1	90959	90976	2
CP142610.1	90976	91013	3
CP142610.1	91013	91014	2
CP142610.1	91014	91026	1
CP142610.1	91026	91047	2
CP142610.1	91047	91069	1
CP142610.1	91069	91092	0
CP142610.1	91092	91121	1
CP142610.1	91121	91123	0
CP142610.1	91123	91144	1
CP142610.1	91144	91285	2
CP142610.1	91285	91367	3
CP142610.1	91367	91371	2
CP142610.1	91371	91383	3
CP142610.1	91383	91423	2
CP142610.1	91423	91439	1
CP142610.1	91439	91473	0
CP142610.1	91473	91553	1
CP142610.1	91553	91555	2
CP142610.1	91555	91577	3
CP142610.1	91577	91579	2
CP142610.1	91579	91593	1
CP142610.1	91593	91635	2
CP142610.1	91635	91649	1
CP142610.1	91649	91909	0
CP142610.1	91909	91921	1
CP142610.1	91921	91954	2
CP142610.1	91954	91955	3
CP142610.1	91955	92007	4
CP142610.1	92007	92011	3
CP142610.1	92011	92020	2
CP142610.1	92020	92021	1
CP142610.1	92021	92063	2
CP142610.1	92063	92087	1
CP142610.1	92087	92177	0
CP142610.1	92177	92194	1
CP142610.1	92194	92208	2
CP142610.1	92208	92249	3
CP142610.1	92249	92260	2
CP142610.1	92260	92393	1
CP142610.1	92393	92479	0
CP142610.1	92479	92587	1
CP142610.1	92587	92783	0
CP142610.1	92783	92865	1
CP142610.1	92865	92883	0
CP142610.1	92883	93027	1
CP142610.1	93027	93059	2
CP142610.1	93059	93123	1
CP142610.1	93123	93124	0
CP142610.1	93124	93193	1
CP142610.1	93193	93211	0
CP142610.1	93211	93366	1
CP142610.1	93366	93439	0
CP142610.1	93439	93652	1
CP142610.1	93652	93682	0
CP142610.1	93682	93730	1
CP142610.1	93730	93835	2
CP142610.1	93835	93844	1
CP142610.1	93844	93846	0
CP142610.1	93846	93897	1
CP142610.1	93897	93900	0
CP142610.1	93900	93922	2
CP142610.1	93922	93971	1
CP142610.1	93971	94034	0
CP142610.1	94034	94135	1
CP142610.1	94135	94141	2
CP142610.1	94141	94149	1
CP142610.1	94149	94162	2
CP142610.1	94162	94197	3
CP142610.1	94197	94240	4
CP142610.1	94240	94251	3
CP142610.1	94251	94257	2
CP142610.1	94257	94270	3
CP142610.1	94270	94271	1
CP142610.1	94271	94272	2
CP142610.1	94272	94309	3
CP142610.1	94309	94320	2
CP142610.1	94320	94321	1
CP142610.1	94321	94324	0
CP142610.1	94324	94359	2
CP142610.1	94359	94362	1
CP142610.1	94362	94371	2
CP142610.1	94371	94389	3
CP142610.1	94389	94408	2
CP142610.1	94408	94472	3
CP142610.1	94472	94485	2
CP142610.1	94485	94592	1
CP142610.1	94592	94593	0
CP142610.1	94593	94625	1
CP142610.1	94625	94643	2
CP142610.1	94643	94646	3
CP142610.1	94646	94650	4
CP142610.1	94650	94661	3
CP142610.1	94661	94676	4
CP142610.1	94676	94699	3
CP142610.1	94699	94715	4
CP142610.1	94715	94717	3
CP142610.1	94717	94719	4
CP142610.1	94719	94723	3
CP142610.1	94723	94734	2
CP142610.1	94734	94750	3
CP142610.1	94750	94771	2
CP142610.1	94771	94791	3
CP142610.1	94791	94815	2
CP142610.1	94815	94883	3
CP142610.1	94883	94884	2
CP142610.1	94884	94915	3
CP142610.1	94915	94926	4
CP142610.1	94926	94945	5
CP142610.1	94945	95007	4
CP142610.1	95007	95024	3
CP142610.1	95024	95025	1
CP142610.1	95025	95026	2
CP142610.1	95026	95042	3
CP142610.1	95042	95044	4
CP142610.1	95044	95060	3
CP142610.1	95060	95062	2
CP142610.1	95062	95087	3
CP142610.1	95087	95090	2
CP142610.1	95090	95115	3
CP142610.1	95115	95121	4
CP142610.1	95121	95149	3
CP142610.1	95149	95214	4
CP142610.1	95214	95217	3
CP142610.1	95217	95278	4
CP142610.1	95278	95296	3
CP142610.1	95296	95297	2
CP142610.1	95297	95366	3
CP142610.1	95366	95374	4
CP142610.1	95374	95404	3
CP142610.1	95404	95405	2
CP142610.1	95405	95408	3
CP142610.1	95408	95409	2
CP142610.1	95409	95434	3
CP142610.1	95434	95444	5
CP142610.1	95444	95474	4
CP142610.1	95474	95480	3
CP142610.1	95480	95604	2
CP142610.1	95604	95680	1
CP142610.1	95680	95795	0
CP142610.1	95795	95844	1
CP142610.1	95844	95848	0
CP142610.1	95848	95851	1
CP142610.1	95851	95869	2
CP142610.1	95869	95870	1
CP142610.1	95870	95879	2
CP142610.1	95879	95891	1
CP142610.1	95891	95903	2
CP142610.1	95903	96124	1
CP142610.1	96124	96145	0
CP142610.1	96145	96214	1
CP142610.1	96214	96574	0
CP142610.1	96574	96638	1
CP142610.1	96638	96661	2
CP142610.1	96661	96721	3
CP142610.1	96721	96722	2
CP142610.1	96722	96769	1
CP142610.1	96769	96789	0
CP142610.1	96789	96849	1
CP142610.1	96849	96971	0
CP142610.1	96971	97063	1
CP142610.1	97063	97231	0
CP142610.1	97231	97246	1
CP142610.1	97246	97314	2
CP142610.1	97314	97467	1
CP142610.1	97467	97468	0
CP142610.1	97468	97489	1
CP142610.1	97489	97781	0
CP142610.1	97781	97837	1
CP142610.1	97837	97874	0
CP142610.1	97874	97935	1
CP142610.1	97935	98018	2
CP142610.1	98018	98042	1
CP142610.1	98042	98066	2
CP142610.1	98066	98163	1
CP142610.1	98163	98165	0
CP142610.1	98165	98179	1
CP142610.1	98179	98215	2
CP142610.1	98215	98259	1
CP142610.1	98259	98387	2
CP142610.1	98387	98403	3
CP142610.1	98403	98459	2
CP142610.1	98459	98474	1
CP142610.1	98474	98553	2
CP142610.1	98553	98554	1
CP142610.1	98554	98576	2
CP142610.1	98576	98595	3
CP142610.1	98595	98763	2
CP142610.1	98763	98802	3
CP142610.1	98802	98820	4
CP142610.1	98820	98821	3
CP142610.1	98821	98866	4
CP142610.1	98866	98898	3
CP142610.1	98898	98904	2
CP142610.1	98904	98932	3
CP142610.1	98932	99007	2
CP142610.1	99007	99032	3
CP142610.1	99032	99056	2
CP142610.1	99056	99073	3
CP142610.1	99073	99074	1
CP142610.1	99074	99079	3
CP142610.1	99079	99091	2
CP142610.1	99091	99123	1
CP142610.1	99123	99373	0
CP142610.1	99373	99450	1
CP142610.1	99450	99521	2
CP142610.1	99521	99523	1
CP142610.1	99523	99565	2
CP142610.1	99565	99608	1
CP142610.1	99608	99638	2
CP142610.1	99638	99639	1
CP142610.1	99639	99685	2
CP142610.1	99685	99715	3
CP142610.1	99715	99727	2
CP142610.1	99727	99748	3
CP142610.1	99748	99750	2
CP142610.1	99750	99768	3
CP142610.1	99768	99805	2
CP142610.1	99805	99882	1
CP142610.1	99882	99883	0
CP142610.1	99883	100008	1
CP142610.1	100008	100039	0
CP142610.1	100039	100084	1
CP142610.1	100084	100104	2
CP142610.1	100104	100235	1
CP142610.1	100235	100245	0
CP142610.1	100245	100249	1
CP142610.1	100249	100276	2
CP142610.1	100276	100280	1
CP142610.1	100280	100283	0
CP142610.1	100283	100437	1
CP142610.1	100437	100499	0
CP142610.1	100499	100675	1
CP142610.1	100675	100683	2
CP142610.1	100683	100733	1
CP142610.1	100733	100734	0
CP142610.1	100734	100754	1
CP142610.1	100754	100800	2
CP142610.1	100800	100807	3
CP142610.1	100807	100825	2
CP142610.1	100825	100843	3
CP142610.1	100843	100844	2
CP142610.1	100844	100890	3
CP142610.1	100890	100891	2
CP142610.1	100891	100923	3
CP142610.1	100923	100960	2
CP142610.1	100960	100971	1
CP142610.1	100971	100979	0
CP142610.1	100979	101043	1
CP142610.1	101043	101055	0
CP142610.1	101055	101083	1
CP142610.1	101083	101084	0
CP142610.1	101084	101099	2
CP142610.1	101099	101137	3
CP142610.1	101137	101183	2
CP142610.1	101183	101188	1
CP142610.1	101188	101191	0
CP142610.1	101191	101227	1
CP142610.1	101227	101306	0
CP142610.1	101306	101355	1
CP142610.1	101355	101364	2
CP142610.1	101364	101456	1
CP142610.1	101456	101679	0
CP142610.1	101679	101763	1
CP142610.1	101763	101788	2
CP142610.1	101788	101814	1
CP142610.1	101814	101954	0
CP142610.1	101954	102024	1
CP142610.1	102024	102091	2
CP142610.1	102091	102122	1
CP142610.1	102122	102515	0
CP142610.1	102515	102540	1
CP142610.1	102540	102564	2
CP142610.1	102564	102565	1
CP142610.1	102565	102601	2
CP142610.1	102601	102627	1
CP142610.1	102627	102636	2
CP142610.1	102636	102639	1
CP142610.1	102639	102721	2
CP142610.1	102721	102737	1
CP142610.1	102737	102766	0
CP142610.1	102766	102793	1
CP142610.1	102793	102801	0
CP142610.1	102801	102853	1
CP142610.1	102853	102857	2
CP142610.1	102857	102858	1
CP142610.1	102858	102872	2
CP142610.1	102872	102888	3
CP142610.1	102888	102889	2
CP142610.1	102889	102906	3
CP142610.1	102906	102946	4
CP142610.1	102946	102981	3
CP142610.1	102981	103011	2
CP142610.1	103011	103086	1
CP142610.1	103086	103265	0
CP142610.1	103265	103290	1
CP142610.1	103290	103296	0
CP142610.1	103296	103425	2
CP142610.1	103425	103473	1
CP142610.1	103473	103479	2
CP142610.1	103479	103519	3
CP142610.1	103519	103541	2
CP142610.1	103541	103542	1
CP142610.1	103542	103544	0
CP142610.1	103544	103568	1
CP142610.1	103568	103578	0
CP142610.1	103578	103620	1
CP142610.1	103620	103680	2
CP142610.1	103680	103681	1
CP142610.1	103681	103687	2
CP142610.1	103687	103689	1
CP142610.1	103689	103731	2
CP142610.1	103731	103737	1
CP142610.1	103737	103758	2
CP142610.1	103758	103763	0
CP142610.1	103763	103789	2
CP142610.1	103789	103819	3
CP142610.1	103819	103838	4
CP142610.1	103838	103839	3
CP142610.1	103839	103858	4
CP142610.1	103858	103864	3
CP142610.1	103864	103881	2
CP142610.1	103881	103934	1
CP142610.1	103934	104598	0
CP142610.1	104598	104618	1
CP142610.1	104618	104656	2
CP142610.1	104656	104693	1
CP142610.1	104693	104764	2
CP142610.1	104764	104766	1
CP142610.1	104766	105051	0
CP142610.1	105051	105097	1
CP142610.1	105097	105174	2
CP142610.1	105174	105176	0
CP142610.1	105176	105231	2
CP142610.1	105231	105318	3
CP142610.1	105318	105341	4
CP142610.1	105341	105349	5
CP142610.1	105349	105366	4
CP142610.1	105366	105403	5
CP142610.1	105403	105404	4
CP142610.1	105404	105411	5
CP142610.1	105411	105431	4
CP142610.1	105431	105461	3
CP142610.1	105461	105463	2
CP142610.1	105463	105469	3
CP142610.1	105469	105471	2
CP142610.1	105471	105626	1
CP142610.1	105626	105659	2
CP142610.1	105659	105719	3
CP142610.1	105719	105744	4
CP142610.1	105744	105761	3
CP142610.1	105761	105762	2
CP142610.1	105762	105816	3
CP142610.1	105816	105824	2
CP142610.1	105824	105853	3
CP142610.1	105853	105859	2
CP142610.1	105859	105909	3
CP142610.1	105909	105932	4
CP142610.1	105932	105933	3
CP142610.1	105933	105937	4
CP142610.1	105937	105950	3
CP142610.1	105950	105951	2
CP142610.1	105951	105987	3
CP142610.1	105987	106021	2
CP142610.1	106021	106040	1
CP142610.1	106040	106068	2
CP142610.1	106068	106160	3
CP142610.1	106160	106167	2
CP142610.1	106167	106170	1
CP142610.1	106170	106337	0
CP142610.1	106337	106340	1
CP142610.1	106340	106435	2
CP142610.1	106435	106524	1
CP142610.1	106524	106582	2
CP142610.1	106582	106609	1
CP142610.1	106609	106772	0
CP142610.1	106772	106801	1
CP142610.1	106801	106802	0
CP142610.1	106802	106831	1
CP142610.1	106831	107057	0
CP142610.1	107057	107224	1
CP142610.1	107224	107290	2
CP142610.1	107290	107291	0
CP142610.1	107291	107354	2
CP142610.1	107354	107364	1
CP142610.1	107364	107416	0
CP142610.1	107416	107499	1
CP142610.1	107499	107751	0
CP142610.1	107751	107777	1
CP142610.1	107777	107850	2
CP142610.1	107850	107885	1
CP142610.1	107885	107958	0
CP142610.1	107958	108024	1
CP142610.1	108024	108078	2
CP142610.1	108078	108100	1
CP142610.1	108100	108101	0
CP142610.1	108101	108135	1
CP142610.1	108135	108136	0
CP142610.1	108136	108248	1
CP142610.1	108248	108258	2
CP142610.1	108258	108306	1
CP142610.1	108306	108340	2
CP142610.1	108340	108417	1
CP142610.1	108417	108439	2
CP142610.1	108439	108460	3
CP142610.1	108460	108461	2
CP142610.1	108461	108500	3
CP142610.1	108500	108502	2
CP142610.1	108502	108507	3
CP142610.1	108507	108576	2
CP142610.1	108576	108606	1
CP142610.1	108606	108608	0
CP142610.1	108608	108630	1
CP142610.1	108630	108694	2
CP142610.1	108694	108709	3
CP142610.1	108709	108719	2
CP142610.1	108719	108752	3
CP142610.1	108752	108758	2
CP142610.1	108758	108822	1
CP142610.1	108822	108823	0
CP142610.1	108823	108844	1
CP142610.1	108844	108845	0
CP142610.1	108845	108861	1
CP142610.1	108861	108862	0
CP142610.1	108862	108883	1
CP142610.1	108883	108911	0
CP142610.1	108911	108981	1
CP142610.1	108981	109093	0
CP142610.1	109093	109123	1
CP142610.1	109123	109146	2
CP142610.1	109146	109147	1
CP142610.1	109147	109156	2
CP142610.1	109156	109166	3
CP142610.1	109166	109167	2
CP142610.1	109167	109231	3
CP142610.1	109231	109308	2
CP142610.1	109308	109358	1
CP142610.1	109358	109359	0
CP142610.1	109359	109386	1
CP142610.1	109386	109389	0
CP142610.1	109389	109452	1
CP142610.1	109452	109500	0
CP142610.1	109500	109507	1
CP142610.1	109507	109509	0
CP142610.1	109509	109527	1
CP142610.1	109527	109529	0
CP142610.1	109529	109750	1
CP142610.1	109750	109773	2
CP142610.1	109773	109776	1
CP142610.1	109776	109832	2
CP142610.1	109832	109841	1
CP142610.1	109841	109854	2
CP142610.1	109854	109904	3
CP142610.1	109904	109905	4
CP142610.1	109905	109911	3
CP142610.1	109911	109928	2
CP142610.1	109928	109997	1
CP142610.1	109997	110260	0
CP142610.1	110260	110339	1
CP142610.1	110339	110377	2
CP142610.1	110377	110433	1
CP142610.1	110433	110434	0
CP142610.1	110434	110517	1
CP142610.1	110517	110538	2
CP142610.1	110538	110590	1
CP142610.1	110590	110606	0
CP142610.1	110606	110665	1
CP142610.1	110665	110693	0
CP142610.1	110693	110700	1
CP142610.1	110700	110715	2
CP142610.1	110715	110716	1
CP142610.1	110716	110723	2
CP142610.1	110723	110724	1
CP142610.1	110724	110762	2
CP142610.1	110762	110763	1
CP142610.1	110763	110828	2
CP142610.1	110828	110843	1
CP142610.1	110843	110958	2
CP142610.1	110958	110996	3
CP142610.1	110996	111037	2
CP142610.1	111037	111157	1
CP142610.1	111157	111232	0
CP142610.1	111232	111240	1
CP142610.1	111240	111325	2
CP142610.1	111325	111345	1
CP142610.1	111345	111362	2
CP142610.1	111362	111369	1
CP142610.1	111369	111418	2
CP142610.1	111418	111498	1
CP142610.1	111498	111544	2
CP142610.1	111544	111564	3
CP142610.1	111564	111588	4
CP142610.1	111588	111594	5
CP142610.1	111594	111612	4
CP142610.1	111612	111637	3
CP142610.1	111637	111639	2
CP142610.1	111639	111668	1
CP142610.1	111668	111737	2
CP142610.1	111737	111894	1
CP142610.1	111894	112028	0
CP142610.1	112028	112170	1
CP142610.1	112170	112191	2
CP142610.1	112191	112192	1
CP142610.1	112192	112202	2
CP142610.1	112202	112207	1
CP142610.1	112207	112351	0
CP142610.1	112351	112414	1
CP142610.1	112414	112448	2
CP142610.1	112448	112449	1
CP142610.1	112449	112489	2
CP142610.1	112489	112505	1
CP142610.1	112505	112506	2
CP142610.1	112506	112533	3
CP142610.1	112533	112537	2
CP142610.1	112537	112551	3
CP142610.1	112551	112554	1
CP142610.1	112554	112601	3
CP142610.1	112601	112602	2
CP142610.1	112602	112605	3
CP142610.1	112605	112609	2
CP142610.1	112609	112626	3
CP142610.1	112626	112627	2
CP142610.1	112627	112677	3
CP142610.1	112677	112678	2
CP142610.1	112678	112684	3
CP142610.1	112684	112685	2
CP142610.1	112685	112686	1
CP142610.1	112686	112698	3
CP142610.1	112698	112701	2
CP142610.1	112701	112718	3
CP142610.1	112718	112745	2
CP142610.1	112745	112841	1
CP142610.1	112841	112934	0
CP142610.1	112934	113204	1
CP142610.1	113204	113205	0
CP142610.1	113205	113224	1
CP142610.1	113224	113443	0
CP142610.1	113443	113518	1
CP142610.1	113518	113774	0
CP142610.1	113774	113796	1
CP142610.1	113796	113797	0
CP142610.1	113797	113951	1
CP142610.1	113951	113952	2
CP142610.1	113952	114059	1
CP142610.1	114059	114065	2
CP142610.1	114065	114119	3
CP142610.1	114119	114145	2
CP142610.1	114145	114168	1
CP142610.1	114168	114169	0
CP142610.1	114169	114250	1
CP142610.1	114250	114251	0
CP142610.1	114251	114304	1
CP142610.1	114304	114305	0
CP142610.1	114305	114328	1
CP142610.1	114328	114380	2
CP142610.1	114380	114400	3
CP142610.1	114400	114401	2
CP142610.1	114401	114403	3
CP142610.1	114403	114446	2
CP142610.1	114446	114447	1
CP142610.1	114447	114451	2
CP142610.1	114451	114452	1
CP142610.1	114452	114477	2
CP142610.1	114477	114478	1
CP142610.1	114478	114525	2
CP142610.1	114525	114562	1
CP142610.1	114562	114633	2
CP142610.1	114633	114711	1
CP142610.1	114711	114712	0
CP142610.1	114712	114771	1
CP142610.1	114771	114786	2
CP142610.1	114786	114871	1
CP142610.1	114871	114983	2
CP142610.1	114983	115037	1
CP142610.1	115037	115073	2
CP142610.1	115073	115140	3
CP142610.1	115140	115141	2
CP142610.1	115141	115149	3
CP142610.1	115149	115164	2
CP142610.1	115164	115166	1
CP142610.1	115166	115219	0
CP142610.1	115219	115316	1
CP142610.1	115316	115319	0
CP142610.1	115319	115431	1
CP142610.1	115431	115469	0
CP142610.1	115469	115626	1
CP142610.1	115626	115653	0
CP142610.1	115653	115663	1
CP142610.1	115663	115675	2
CP142610.1	115675	115676	1
CP142610.1	115676	115685	2
CP142610.1	115685	115712	3
CP142610.1	115712	115727	2
CP142610.1	115727	115773	1
CP142610.1	115773	115888	0
CP142610.1	115888	115896	1
CP142610.1	115896	115930	2
CP142610.1	115930	115932	1
CP142610.1	115932	115973	2
CP142610.1	115973	116013	3
CP142610.1	116013	116100	4
CP142610.1	116100	116139	3
CP142610.1	116139	116167	2
CP142610.1	116167	116180	1
CP142610.1	116180	116400	0
CP142610.1	116400	116405	1
CP142610.1	116405	116406	2
CP142610.1	116406	116435	3
CP142610.1	116435	116463	2
CP142610.1	116463	116481	1
CP142610.1	116481	116519	0
CP142610.1	116519	116590	1
CP142610.1	116590	116608	2
CP142610.1	116608	116630	1
CP142610.1	116630	116652	0
CP142610.1	116652	116716	1
CP142610.1	116716	116718	0
CP142610.1	116718	116744	1
CP142610.1	116744	116870	0
CP142610.1	116870	116903	1
CP142610.1	116903	117090	0
CP142610.1	117090	117102	1
CP142610.1	117102	117197	2
CP142610.1	117197	117207	1
CP142610.1	117207	117215	0
CP142610.1	117215	117269	1
CP142610.1	117269	117372	0
CP142610.1	117372	117386	1
CP142610.1	117386	117387	0
CP142610.1	117387	117432	1
CP142610.1	117432	117441	0
CP142610.1	117441	117491	1
CP142610.1	117491	117587	2
CP142610.1	117587	117796	1
CP142610.1	117796	117838	2
CP142610.1	117838	117865	3
CP142610.1	117865	117866	2
CP142610.1	117866	117868	1
CP142610.1	117868	117899	2
CP142610.1	117899	117955	3
CP142610.1	117955	117956	2
CP142610.1	117956	117961	3
CP142610.1	117961	117998	2
CP142610.1	117998	118001	0
CP142610.1	118001	118020	2
CP142610.1	118020	118027	0
CP142610.1	118027	118053	2
CP142610.1	118053	118086	3
CP142610.1	118086	118145	2
CP142610.1	118145	118186	1
CP142610.1	118186	118250	0
CP142610.1	118250	118465	1
CP142610.1	118465	118496	2
CP142610.1	118496	118549	1
CP142610.1	118549	118728	0
CP142610.1	118728	118735	1
CP142610.1	118735	118878	2
CP142610.1	118878	118937	1
CP142610.1	118937	119245	0
CP142610.1	119245	119250	1
CP142610.1	119250	119302	2
CP142610.1	119302	119310	1
CP142610.1	119310	119414	0
CP142610.1	119414	119526	1
CP142610.1	119526	119662	0
CP142610.1	119662	119729	1
CP142610.1	119729	120015	0
CP142610.1	120015	120150	1
CP142610.1	120150	120193	2
CP142610.1	120193	120211	1
CP142610.1	120211	120255	2
CP142610.1	120255	120274	1
CP142610.1	120274	120510	0
CP142610.1	120510	120628	1
CP142610.1	120628	120644	2
CP142610.1	120644	120645	1
CP142610.1	120645	120679	2
CP142610.1	120679	120772	1
CP142610.1	120772	120813	0
CP142610.1	120813	120866	1
CP142610.1	120866	120956	0
CP142610.1	120956	120990	1
CP142610.1	120990	121002	2
CP142610.1	121002	121005	3
CP142610.1	121005	121029	4
CP142610.1	121029	121039	3
CP142610.1	121039	121149	4
CP142610.1	121149	121184	5
CP142610.1	121184	121200	6
CP142610.1	121200	121202	5
CP142610.1	121202	121205	4
CP142610.1	121205	121206	0
CP142610.1	121206	121225	4
CP142610.1	121225	121227	5
CP142610.1	121227	121298	4
CP142610.1	121298	121300	3
CP142610.1	121300	121303	4
CP142610.1	121303	121355	2
CP142610.1	121355	121363	3
CP142610.1	121363	121384	4
CP142610.1	121384	121397	3
CP142610.1	121397	121407	2
CP142610.1	121407	121413	1
CP142610.1	121413	121527	2
CP142610.1	121527	121546	3
CP142610.1	121546	121638	4
CP142610.1	121638	121639	3
CP142610.1	121639	121650	4
CP142610.1	121650	121682	3
CP142610.1	121682	121751	2
CP142610.1	121751	121782	1
CP142610.1	121782	121863	2
CP142610.1	121863	121867	1
CP142610.1	121867	121889	2
CP142610.1	121889	121896	3
CP142610.1	121896	121954	2
CP142610.1	121954	122026	1
CP142610.1	122026	122029	0
CP142610.1	122029	122130	1
CP142610.1	122130	122138	2
CP142610.1	122138	122155	1
CP142610.1	122155	122203	2
CP142610.1	122203	122264	1
CP142610.1	122264	122271	0
CP142610.1	122271	122344	1
CP142610.1	122344	122362	0
CP142610.1	122362	122451	1
CP142610.1	122451	122516	2
CP142610.1	122516	122546	1
CP142610.1	122546	123038	0
CP142610.1	123038	123069	1
CP142610.1	123069	123097	2
CP142610.1	123097	123098	1
CP142610.1	123098	123111	2
CP142610.1	123111	123120	3
CP142610.1	123120	123126	2
CP142610.1	123126	123127	1
CP142610.1	123127	123179	2
CP142610.1	123179	123180	1
CP142610.1	123180	123181	0
CP142610.1	123181	123209	1
CP142610.1	123209	123210	0
CP142610.1	123210	123224	1
CP142610.1	123224	123227	2
CP142610.1	123227	123290	1
CP142610.1	123290	123587	0
CP142610.1	123587	123734	1
CP142610.1	123734	123737	2
CP142610.1	123737	123739	1
CP142610.1	123739	123771	2
CP142610.1	123771	123782	3
CP142610.1	123782	123783	2
CP142610.1	123783	123803	3
CP142610.1	123803	123859	2
CP142610.1	123859	123893	3
CP142610.1	123893	123911	2
CP142610.1	123911	123913	1
CP142610.1	123913	123917	2
CP142610.1	123917	123948	1
CP142610.1	123948	124064	0
CP142610.1	124064	124218	1
CP142610.1	124218	124227	0
CP142610.1	124227	124246	1
CP142610.1	124246	124247	0
CP142610.1	124247	124313	1
CP142610.1	124313	124451	0
CP142610.1	124451	124612	1
CP142610.1	124612	124628	2
CP142610.1	124628	124641	1
CP142610.1	124641	124661	2
CP142610.1	124661	124662	1
CP142610.1	124662	124719	2
CP142610.1	124719	124720	1
CP142610.1	124720	124721	0
CP142610.1	124721	124733	2
CP142610.1	124733	124771	3
CP142610.1	124771	124782	2
CP142610.1	124782	124784	0
CP142610.1	124784	124785	1
CP142610.1	124785	124807	2
CP142610.1	124807	124951	1
CP142610.1	124951	124960	2
CP142610.1	124960	125092	1
CP142610.1	125092	125181	2
CP142610.1	125181	125182	1
CP142610.1	125182	125188	2
CP142610.1	125188	125281	3
CP142610.1	125281	125282	2
CP142610.1	125282	125290	3
CP142610.1	125290	125293	2
CP142610.1	125293	125297	3
CP142610.1	125297	125368	2
CP142610.1	125368	125369	1
CP142610.1	125369	125391	2
CP142610.1	125391	125444	1
CP142610.1	125444	125498	0
CP142610.1	125498	125582	1
CP142610.1	125582	125617	2
CP142610.1	125617	125618	0
CP142610.1	125618	125632	2
CP142610.1	125632	125680	1
CP142610.1	125680	125690	2
CP142610.1	125690	125691	0
CP142610.1	125691	125748	2
CP142610.1	125748	125774	1
CP142610.1	125774	125994	0
CP142610.1	125994	126078	1
CP142610.1	126078	126134	2
CP142610.1	126134	126138	1
CP142610.1	126138	126186	0
CP142610.1	126186	126247	1
CP142610.1	126247	126276	2
CP142610.1	126276	126303	1
CP142610.1	126303	126304	0
CP142610.1	126304	126325	1
CP142610.1	126325	126409	0
CP142610.1	126409	126643	1
CP142610.1	126643	126854	0
CP142610.1	126854	126870	1
CP142610.1	126870	126881	2
CP142610.1	126881	126931	3
CP142610.1	126931	126998	2
CP142610.1	126998	127060	1
CP142610.1	127060	127077	0
CP142610.1	127077	127146	1
CP142610.1	127146	127227	0
CP142610.1	127227	127281	1
CP142610.1	127281	127306	2
CP142610.1	127306	127364	1
CP142610.1	127364	127403	0
CP142610.1	127403	127555	1
CP142610.1	127555	127753	0
CP142610.1	127753	127761	1
CP142610.1	127761	127762	0
CP142610.1	127762	127776	1
CP142610.1	127776	127846	2
CP142610.1	127846	127897	1
CP142610.1	127897	127899	0
CP142610.1	127899	127910	1
CP142610.1	127910	128049	0
CP142610.1	128049	128058	1
CP142610.1	128058	128059	0
CP142610.1	128059	128100	1
CP142610.1	128100	128295	0
CP142610.1	128295	128343	1
CP142610.1	128343	128453	2
CP142610.1	128453	128538	1
CP142610.1	128538	128545	2
CP142610.1	128545	128546	1
CP142610.1	128546	128626	2
CP142610.1	128626	128676	3
CP142610.1	128676	128708	2
CP142610.1	128708	128709	1
CP142610.1	128709	128735	2
CP142610.1	128735	128758	1
CP142610.1	128758	128775	2
CP142610.1	128775	128839	3
CP142610.1	128839	128840	2
CP142610.1	128840	128854	3
CP142610.1	128854	128896	2
CP142610.1	128896	128902	1
CP142610.1	128902	129103	0
CP142610.1	129103	129211	1
CP142610.1	129211	129227	2
CP142610.1	129227	129260	3
CP142610.1	129260	129261	2
CP142610.1	129261	129332	3
CP142610.1	129332	129368	2
CP142610.1	129368	129486	1
CP142610.1	129486	129555	2
CP142610.1	129555	129584	1
CP142610.1	129584	129588	0
CP142610.1	129588	129603	1
CP142610.1	129603	129605	0
CP142610.1	129605	129613	1
CP142610.1	129613	129617	0
CP142610.1	129617	129742	1
CP142610.1	129742	129745	0
CP142610.1	129745	129757	1
CP142610.1	129757	129825	2
CP142610.1	129825	129895	1
CP142610.1	129895	129915	2
CP142610.1	129915	129952	3
CP142610.1	129952	129963	2
CP142610.1	129963	129967	1
CP142610.1	129967	130026	2
CP142610.1	130026	130032	3
CP142610.1	130032	130042	4
CP142610.1	130042	130083	5
CP142610.1	130083	130096	4
CP142610.1	130096	130097	2
CP142610.1	130097	130118	4
CP142610.1	130118	130146	3
CP142610.1	130146	130147	2
CP142610.1	130147	130156	3
CP142610.1	130156	130201	2
CP142610.1	130201	130209	1
CP142610.1	130209	130233	0
CP142610.1	130233	130343	1
CP142610.1	130343	130346	0
CP142610.1	130346	130455	1
CP142610.1	130455	130456	0
CP142610.1	130456	130555	1
CP142610.1	130555	130641	0
CP142610.1	130641	130681	1
CP142610.1	130681	130693	2
CP142610.1	130693	130790	1
CP142610.1	130790	130791	0
CP142610.1	130791	130835	1
CP142610.1	130835	130917	2
CP142610.1	130917	131054	1
CP142610.1	131054	131089	2
CP142610.1	131089	131180	1
CP142610.1	131180	131197	0
CP142610.1	131197	131204	1
CP142610.1	131204	131206	2
CP142610.1	131206	131222	3
CP142610.1	131222	131224	2
CP142610.1	131224	131268	3
CP142610.1	131268	131275	2
CP142610.1	131275	131346	1
CP142610.1	131346	131367	0
CP142610.1	131367	131401	1
CP142610.1	131401	131479	2
CP142610.1	131479	131482	1
CP142610.1	131482	131526	2
CP142610.1	131526	131545	3
CP142610.1	131545	131586	4
CP142610.1	131586	131591	3
CP142610.1	131591	131594	2
CP142610.1	131594	131622	1
CP142610.1	131622	131687	2
CP142610.1	131687	131753	1
CP142610.1	131753	131801	2
CP142610.1	131801	131853	3
CP142610.1	131853	131866	2
CP142610.1	131866	131872	3
CP142610.1	131872	131875	2
CP142610.1	131875	131879	3
CP142610.1	131879	131903	2
CP142610.1	131903	132016	1
CP142610.1	132016	132033	0
CP142610.1	132033	132072	1
CP142610.1	132072	132096	2
CP142610.1	132096	132327	1
CP142610.1	132327	132335	2
CP142610.1	132335	132400	3
CP142610.1	132400	132408	2
CP142610.1	132408	132411	1
CP142610.1	132411	132422	0
CP142610.1	132422	132423	1
CP142610.1	132423	132511	3
CP142610.1	132511	132710	2
CP142610.1	132710	132769	1
CP142610.1	132769	133020	0
CP142610.1	133020	133041	1
CP142610.1	133041	133042	0
CP142610.1	133042	133045	1
CP142610.1	133045	133046	0
CP142610.1	133046	133060	1
CP142610.1	133060	133096	2
CP142610.1	133096	133146	3
CP142610.1	133146	133156	2
CP142610.1	133156	133247	1
CP142610.1	133247	133255	0
CP142610.1	133255	133304	1
CP142610.1	133304	133305	0
CP142610.1	133305	133366	1
CP142610.1	133366	133410	0
CP142610.1	133410	133487	1
CP142610.1	133487	133554	0
CP142610.1	133554	133617	1
CP142610.1	133617	133711	0
CP142610.1	133711	133775	1
CP142610.1	133775	133910	0
CP142610.1	133910	133950	1
CP142610.1	133950	133990	2
CP142610.1	133990	134042	1
CP142610.1	134042	134051	2
CP142610.1	134051	134112	3
CP142610.1	134112	134160	4
CP142610.1	134160	134163	5
CP142610.1	134163	134164	2
CP142610.1	134164	134190	5
CP142610.1	134190	134238	4
CP142610.1	134238	134256	3
CP142610.1	134256	134292	2
CP142610.1	134292	134293	0
CP142610.1	134293	134294	1
CP142610.1	134294	134316	2
CP142610.1	134316	134324	3
CP142610.1	134324	134325	2
CP142610.1	134325	134348	3
CP142610.1	134348	134360	2
CP142610.1	134360	134402	1
CP142610.1	134402	134450	2
CP142610.1	134450	134451	1
CP142610.1	134451	134538	2
CP142610.1	134538	134574	1
CP142610.1	134574	134717	2
CP142610.1	134717	134736	3
CP142610.1	134736	134759	2
CP142610.1	134759	134773	3
CP142610.1	134773	134780	2
CP142610.1	134780	134843	3
CP142610.1	134843	134846	2
CP142610.1	134846	134901	3
CP142610.1	134901	134959	2
CP142610.1	134959	135045	1
CP142610.1	135045	135076	2
CP142610.1	135076	135077	1
CP142610.1	135077	135104	2
CP142610.1	135104	135132	3
CP142610.1	135132	135229	2
CP142610.1	135229	135272	1
CP142610.1	135272	135302	2
CP142610.1	135302	135315	3
CP142610.1	135315	135316	1
CP142610.1	135316	135317	2
CP142610.1	135317	135333	3
CP142610.1	135333	135334	2
CP142610.1	135334	135335	1
CP142610.1	135335	135405	2
CP142610.1	135405	135424	3
CP142610.1	135424	135448	2
CP142610.1	135448	135463	1
CP142610.1	135463	135499	2
CP142610.1	135499	135501	3
CP142610.1	135501	135502	2
CP142610.1	135502	135512	3
CP142610.1	135512	135556	2
CP142610.1	135556	135610	1
CP142610.1	135610	135849	0
CP142610.1	135849	135885	1
CP142610.1	135885	135886	0
CP142610.1	135886	135916	1
CP142610.1	135916	135917	0
CP142610.1	135917	136025	1
CP142610.1	136025	136178	0
CP142610.1	136178	136229	1
CP142610.1	136229	136290	0
CP142610.1	136290	136371	1
CP142610.1	136371	136413	2
CP142610.1	136413	136414	1
CP142610.1	136414	136443	2
CP142610.1	136443	136461	3
CP142610.1	136461	136587	2
CP142610.1	136587	136699	1
CP142610.1	136699	136954	0
CP142610.1	136954	137083	1
CP142610.1	137083	137126	2
CP142610.1	137126	137157	1
CP142610.1	137157	137161	0
CP142610.1	137161	137170	1
CP142610.1	137170	137178	2
CP142610.1	137178	137316	3
CP142610.1	137316	137360	2
CP142610.1	137360	137387	1
CP142610.1	137387	137439	0
CP142610.1	137439	137497	1
CP142610.1	137497	137639	0
CP142610.1	137639	137722	1
CP142610.1	137722	137806	2
CP142610.1	137806	137816	1
CP142610.1	137816	137849	2
CP142610.1	137849	137853	3
CP142610.1	137853	138042	2
CP142610.1	138042	138079	1
CP142610.1	138079	138250	0
CP142610.1	138250	138320	1
CP142610.1	138320	138604	0
CP142610.1	138604	138647	1
CP142610.1	138647	138667	2
CP142610.1	138667	138668	3
CP142610.1	138668	138669	2
CP142610.1	138669	138707	3
CP142610.1	138707	138712	2
CP142610.1	138712	138750	3
CP142610.1	138750	138776	2
CP142610.1	138776	138780	1
CP142610.1	138780	138790	2
CP142610.1	138790	138902	1
CP142610.1	138902	138907	2
CP142610.1	138907	138936	1
CP142610.1	138936	138938	0
CP142610.1	138938	138948	1
CP142610.1	138948	138973	2
CP142610.1	138973	139085	1
CP142610.1	139085	139112	2
CP142610.1	139112	139132	3
CP142610.1	139132	139159	2
CP142610.1	139159	139211	1
CP142610.1	139211	139221	2
CP142610.1	139221	139230	3
CP142610.1	139230	139339	4
CP142610.1	139339	139392	3
CP142610.1	139392	139428	4
CP142610.1	139428	139440	3
CP142610.1	139440	139448	2
CP142610.1	139448	139492	1
CP142610.1	139492	139505	2
CP142610.1	139505	139540	1
CP142610.1	139540	139545	0
CP142610.1	139545	139678	1
CP142610.1	139678	139692	2
CP142610.1	139692	139772	1
CP142610.1	139772	139913	0
CP142610.1	139913	139928	1
CP142610.1	139928	139931	0
CP142610.1	139931	140003	1
CP142610.1	140003	140043	0
CP142610.1	140043	140179	1
CP142610.1	140179	140180	0
CP142610.1	140180	140186	1
CP142610.1	140186	140214	2
CP142610.1	140214	140296	1
CP142610.1	140296	140438	0
CP142610.1	140438	140467	1
CP142610.1	140467	140560	2
CP142610.1	140560	140574	3
CP142610.1	140574	140596	4
CP142610.1	140596	140622	5
CP142610.1	140622	140625	6
CP142610.1	140625	140627	4
CP142610.1	140627	140656	5
CP142610.1	140656	140712	4
CP142610.1	140712	140753	3
CP142610.1	140753	140850	2
CP142610.1	140850	140883	3
CP142610.1	140883	140972	2
CP142610.1	140972	140974	1
CP142610.1	140974	141024	0
CP142610.1	141024	141118	1
CP142610.1	141118	141220	2
CP142610.1	141220	141252	3
CP142610.1	141252	141270	2
CP142610.1	141270	141308	1
CP142610.1	141308	141521	0
CP142610.1	141521	141590	1
CP142610.1	141590	141591	0
CP142610.1	141591	141625	1
CP142610.1	141625	141971	0
CP142610.1	141971	142070	1
CP142610.1	142070	142079	2
CP142610.1	142079	142094	3
CP142610.1	142094	142096	2
CP142610.1	142096	142097	1
CP142610.1	142097	142099	3
CP142610.1	142099	142124	2
CP142610.1	142124	142125	1
CP142610.1	142125	142146	2
CP142610.1	142146	142163	1
CP142610.1	142163	142168	0
CP142610.1	142168	142178	1
CP142610.1	142178	142197	2
CP142610.1	142197	142241	3
CP142610.1	142241	142242	2
CP142610.1	142242	142280	3
CP142610.1	142280	142312	2
CP142610.1	142312	142337	3
CP142610.1	142337	142341	2
CP142610.1	142341	142344	1
CP142610.1	142344	142345	0
CP142610.1	142345	142436	1
CP142610.1	142436	142507	2
CP142610.1	142507	142508	1
CP142610.1	142508	142551	2
CP142610.1	142551	142651	1
CP142610.1	142651	142736	2
CP142610.1	142736	142749	1
CP142610.1	142749	142769	2
CP142610.1	142769	142778	1
CP142610.1	142778	142802	2
CP142610.1	142802	142813	1
CP142610.1	142813	142827	2
CP142610.1	142827	142861	1
CP142610.1	142861	142922	2
CP142610.1	142922	142926	1
CP142610.1	142926	142929	0
CP142610.1	142929	142933	1
CP142610.1	142933	142977	2
CP142610.1	142977	143006	1
CP142610.1	143006	143127	2
CP142610.1	143127	143224	1
CP142610.1	143224	143231	0
CP142610.1	143231	143235	1
CP142610.1	143235	143244	2
CP142610.1	143244	143309	3
CP142610.1	143309	143311	2
CP142610.1	143311	143319	3
CP142610.1	143319	143343	2
CP142610.1	143343	143507	1
CP142610.1	143507	143508	2
CP142610.1	143508	143611	1
CP142610.1	143611	143652	2
CP142610.1	143652	143653	1
CP142610.1	143653	143659	2
CP142610.1	143659	143664	3
CP142610.1	143664	143665	2
CP142610.1	143665	143684	3
CP142610.1	143684	143703	2
CP142610.1	143703	143765	3
CP142610.1	143765	143832	4
CP142610.1	143832	143844	3
CP142610.1	143844	143871	4
CP142610.1	143871	143885	3
CP142610.1	143885	143887	2
CP142610.1	143887	143910	3
CP142610.1	143910	143923	2
CP142610.1	143923	143924	1
CP142610.1	143924	143930	2
CP142610.1	143930	143959	1
CP142610.1	143959	143980	0
CP142610.1	143980	144170	1
CP142610.1	144170	144312	0
CP142610.1	144312	144358	1
CP142610.1	144358	144451	0
CP142610.1	144451	144499	1
CP142610.1	144499	144519	0
CP142610.1	144519	144548	1
CP142610.1	144548	144549	0
CP142610.1	144549	144594	1
CP142610.1	144594	144606	2
CP142610.1	144606	144679	1
CP142610.1	144679	144745	2
CP142610.1	144745	144747	1
CP142610.1	144747	144793	2
CP142610.1	144793	144859	1
CP142610.1	144859	144938	2
CP142610.1	144938	145024	1
CP142610.1	145024	145026	0
CP142610.1	145026	145030	1
CP142610.1	145030	145293	0
CP142610.1	145293	145308	1
CP142610.1	145308	145309	0
CP142610.1	145309	145385	2
CP142610.1	145385	145393	3
CP142610.1	145393	145402	2
CP142610.1	145402	145426	3
CP142610.1	145426	145433	4
CP142610.1	145433	145449	3
CP142610.1	145449	145497	2
CP142610.1	145497	145576	1
CP142610.1	145576	145609	2
CP142610.1	145609	145647	3
CP142610.1	145647	145667	4
CP142610.1	145667	145671	3
CP142610.1	145671	145706	4
CP142610.1	145706	145709	3
CP142610.1	145709	145711	4
CP142610.1	145711	145732	3
CP142610.1	145732	145736	2
CP142610.1	145736	145777	3
CP142610.1	145777	145862	2
CP142610.1	145862	146047	1
CP142610.1	146047	146085	2
CP142610.1	146085	146166	1
CP142610.1	146166	146208	0
CP142610.1	146208	146304	1
CP142610.1	146304	146305	0
CP142610.1	146305	146315	1
CP142610.1	146315	146419	0
CP142610.1	146419	146427	1
CP142610.1	146427	146432	0
CP142610.1	146432	146508	1
CP142610.1	146508	146562	2
CP142610.1	146562	146574	3
CP142610.1	146574	146577	2
CP142610.1	146577	146583	3
CP142610.1	146583	146584	2
CP142610.1	146584	146587	1
CP142610.1	146587	146634	3
CP142610.1	146634	146636	2
CP142610.1	146636	146653	3
CP142610.1	146653	146659	1
CP142610.1	146659	146665	3
CP142610.1	146665	146670	2
CP142610.1	146670	146673	0
CP142610.1	146673	146674	2
CP142610.1	146674	146686	3
CP142610.1	146686	146739	4
CP142610.1	146739	146792	3
CP142610.1	146792	146877	2
CP142610.1	146877	146903	1
CP142610.1	146903	146904	2
CP142610.1	146904	147186	1
CP142610.1	147186	147295	0
CP142610.1	147295	147357	1
CP142610.1	147357	147360	0
CP142610.1	147360	147484	1
CP142610.1	147484	147485	0
CP142610.1	147485	147504	1
CP142610.1	147504	147560	2
CP142610.1	147560	147588	1
CP142610.1	147588	147630	0
CP142610.1	147630	147641	1
CP142610.1	147641	147642	0
CP142610.1	147642	147660	1
CP142610.1	147660	147761	2
CP142610.1	147761	147800	1
CP142610.1	147800	147829	0
CP142610.1	147829	147865	1
CP142610.1	147865	147946	2
CP142610.1	147946	148019	1
CP142610.1	148019	148087	0
CP142610.1	148087	148152	1
CP142610.1	148152	148250	0
CP142610.1	148250	148269	1
CP142610.1	148269	148348	2
CP142610.1	148348	148349	1
CP142610.1	148349	148356	0
CP142610.1	148356	148407	2
CP142610.1	148407	148412	1
CP142610.1	148412	148568	2
CP142610.1	148568	148602	3
CP142610.1	148602	148605	2
CP142610.1	148605	148610	3
CP142610.1	148610	148622	4
CP142610.1	148622	148623	3
CP142610.1	148623	148642	4
CP142610.1	148642	148661	3
CP142610.1	148661	148665	2
CP142610.1	148665	148676	1
CP142610.1	148676	148677	2
CP142610.1	148677	148701	3
CP142610.1	148701	148777	2
CP142610.1	148777	148812	1
CP142610.1	148812	148817	2
CP142610.1	148817	148818	1
CP142610.1	148818	148867	2
CP142610.1	148867	148892	3
CP142610.1	148892	148917	4
CP142610.1	148917	148918	3
CP142610.1	148918	148948	2
CP142610.1	148948	148967	1
CP142610.1	148967	148987	2
CP142610.1	148987	149029	3
CP142610.1	149029	149032	0
CP142610.1	149032	149054	3
CP142610.1	149054	149070	4
CP142610.1	149070	149101	3
CP142610.1	149101	149158	2
CP142610.1	149158	149186	3
CP142610.1	149186	149209	2
CP142610.1	149209	149298	1
CP142610.1	149298	149513	0
CP142610.1	149513	149568	1
CP142610.1	149568	149736	0
CP142610.1	149736	149818	1
CP142610.1	149818	149819	0
CP142610.1	149819	149839	1
CP142610.1	149839	149921	0
CP142610.1	149921	149992	1
CP142610.1	149992	150012	2
CP142610.1	150012	150019	1
CP142610.1	150019	150029	2
CP142610.1	150029	150031	1
CP142610.1	150031	150135	2
CP142610.1	150135	150225	1
CP142610.1	150225	150314	0
CP142610.1	150314	150353	1
CP142610.1	150353	150400	2
CP142610.1	150400	150401	1
CP142610.1	150401	150439	2
CP142610.1	150439	150483	1
CP142610.1	150483	150485	0
CP142610.1	150485	150501	1
CP142610.1	150501	150519	0
CP142610.1	150519	150605	1
CP142610.1	150605	150907	0
CP142610.1	150907	150945	1
CP142610.1	150945	150948	0
CP142610.1	150948	151015	1
CP142610.1	151015	151047	2
CP142610.1	151047	151052	1
CP142610.1	151052	151083	2
CP142610.1	151083	151095	1
CP142610.1	151095	151123	2
CP142610.1	151123	151180	1
CP142610.1	151180	151192	0
CP142610.1	151192	151279	1
CP142610.1	151279	151562	0
CP142610.1	151562	151615	1
CP142610.1	151615	151639	2
CP142610.1	151639	151702	1
CP142610.1	151702	151750	2
CP142610.1	151750	151960	1
CP142610.1	151960	151986	2
CP142610.1	151986	152081	1
CP142610.1	152081	152238	0
CP142610.1	152238	152249	1
CP142610.1	152249	152272	2
CP142610.1	152272	152330	3
CP142610.1	152330	152415	2
CP142610.1	152415	152509	1
CP142610.1	152509	152849	0
CP142610.1	152849	152904	1
CP142610.1	152904	153081	0
CP142610.1	153081	153103	1
CP142610.1	153103	153123	2
CP142610.1	153123	153153	1
CP142610.1	153153	153165	2
CP142610.1	153165	153241	1
CP142610.1	153241	153243	0
CP142610.1	153243	153273	1
CP142610.1	153273	153298	0
CP142610.1	153298	153360	1
CP142610.1	153360	153362	2
CP142610.1	153362	153405	1
CP142610.1	153405	153461	2
CP142610.1	153461	153493	3
CP142610.1	153493	153542	2
CP142610.1	153542	153560	1
CP142610.1	153560	153565	0
CP142610.1	153565	153731	1
CP142610.1	153731	153818	2
CP142610.1	153818	153858	3
CP142610.1	153858	153879	4
CP142610.1	153879	153887	5
CP142610.1	153887	153888	4
CP142610.1	153888	153890	5
CP142610.1	153890	153906	4
CP142610.1	153906	153909	5
CP142610.1	153909	153921	4
CP142610.1	153921	153938	3
CP142610.1	153938	153947	2
CP142610.1	153947	153981	1
CP142610.1	153981	153997	2
CP142610.1	153997	154042	3
CP142610.1	154042	154058	2
CP142610.1	154058	154067	1
CP142610.1	154067	154149	2
CP142610.1	154149	154155	1
CP142610.1	154155	154252	2
CP142610.1	154252	154280	3
CP142610.1	154280	154300	2
CP142610.1	154300	154301	1
CP142610.1	154301	154325	2
CP142610.1	154325	154337	3
CP142610.1	154337	154353	4
CP142610.1	154353	154356	3
CP142610.1	154356	154361	4
CP142610.1	154361	154366	3
CP142610.1	154366	154367	2
CP142610.1	154367	154369	1
CP142610.1	154369	154370	0
CP142610.1	154370	154374	3
CP142610.1	154374	154390	4
CP142610.1	154390	154391	3
CP142610.1	154391	154392	4
CP142610.1	154392	154393	3
CP142610.1	154393	154417	4
CP142610.1	154417	154427	5
CP142610.1	154427	154473	4
CP142610.1	154473	154493	3
CP142610.1	154493	154502	2
CP142610.1	154502	154511	1
CP142610.1	154511	154516	2
CP142610.1	154516	154517	1
CP142610.1	154517	154527	2
CP142610.1	154527	154528	1
CP142610.1	154528	154553	2
CP142610.1	154553	154554	1
CP142610.1	154554	154564	2
CP142610.1	154564	154569	1
CP142610.1	154569	154589	2
CP142610.1	154589	154641	1
CP142610.1	154641	154717	0
CP142610.1	154717	154761	1
CP142610.1	154761	154921	0
CP142610.1	154921	154953	1
CP142610.1	154953	154998	0
CP142610.1	154998	155100	1
CP142610.1	155100	155135	2
CP142610.1	155135	155136	1
CP142610.1	155136	155238	2
CP142610.1	155238	155255	3
CP142610.1	155255	155256	2
CP142610.1	155256	155278	3
CP142610.1	155278	155310	2
CP142610.1	155310	155327	1
CP142610.1	155327	155408	0
CP142610.1	155408	155591	1
CP142610.1	155591	155708	0
CP142610.1	155708	155796	1
CP142610.1	155796	155828	2
CP142610.1	155828	155852	3
CP142610.1	155852	155884	2
CP142610.1	155884	155892	1
CP142610.1	155892	155897	2
CP142610.1	155897	155915	1
CP142610.1	155915	156047	2
CP142610.1	156047	156050	1
CP142610.1	156050	156173	2
CP142610.1	156173	156188	3
CP142610.1	156188	156218	2
CP142610.1	156218	156227	1
CP142610.1	156227	156303	2
CP142610.1	156303	156304	1
CP142610.1	156304	156311	2
CP142610.1	156311	156364	1
CP142610.1	156364	156434	2
CP142610.1	156434	156456	3
CP142610.1	156456	156508	2
CP142610.1	156508	156514	1
CP142610.1	156514	156575	0
CP142610.1	156575	156591	1
CP142610.1	156591	156609	2
CP142610.1	156609	156610	1
CP142610.1	156610	156701	2
CP142610.1	156701	156743	3
CP142610.1	156743	156874	2
CP142610.1	156874	157147	1
CP142610.1	157147	157389	0
CP142610.1	157389	157467	1
CP142610.1	157467	157474	2
CP142610.1	157474	157509	1
CP142610.1	157509	157524	2
CP142610.1	157524	157526	1
CP142610.1	157526	157563	2
CP142610.1	157563	157571	3
CP142610.1	157571	157639	2
CP142610.1	157639	157650	3
CP142610.1	157650	157651	2
CP142610.1	157651	157665	3
CP142610.1	157665	157669	2
CP142610.1	157669	157686	1
CP142610.1	157686	157738	2
CP142610.1	157738	157741	1
CP142610.1	157741	157765	2
CP142610.1	157765	157777	3
CP142610.1	157777	157804	2
CP142610.1	157804	157805	1
CP142610.1	157805	157809	2
CP142610.1	157809	157844	1
CP142610.1	157844	157862	2
CP142610.1	157862	157902	3
CP142610.1	157902	157905	2
CP142610.1	157905	157918	3
CP142610.1	157918	157986	2
CP142610.1	157986	158018	1
CP142610.1	158018	158133	0
CP142610.1	158133	158201	1
CP142610.1	158201	158257	0
CP142610.1	158257	158327	1
CP142610.1	158327	158394	0
CP142610.1	158394	158460	1
CP142610.1	158460	158536	2
CP142610.1	158536	158575	3
CP142610.1	158575	158576	2
CP142610.1	158576	158604	3
CP142610.1	158604	158631	2
CP142610.1	158631	158744	1
CP142610.1	158744	158763	2
CP142610.1	158763	158767	1
CP142610.1	158767	158784	2
CP142610.1	158784	158786	1
CP142610.1	158786	158833	2
CP142610.1	158833	158854	1
CP142610.1	158854	158951	2
CP142610.1	158951	158974	1
CP142610.1	158974	158992	2
CP142610.1	158992	159002	1
CP142610.1	159002	159005	0
CP142610.1	159005	159041	1
CP142610.1	159041	159071	0
CP142610.1	159071	159240	1
CP142610.1	159240	159274	2
CP142610.1	159274	159326	3
CP142610.1	159326	159370	2
CP142610.1	159370	159388	1
CP142610.1	159388	159695	0
CP142610.1	159695	159729	1
CP142610.1	159729	159772	0
CP142610.1	159772	159872	1
CP142610.1	159872	159928	2
CP142610.1	159928	159929	0
CP142610.1	159929	159954	2
CP142610.1	159954	160031	1
CP142610.1	160031	160065	2
CP142610.1	160065	160229	1
CP142610.1	160229	160273	2
CP142610.1	160273	160389	0
CP142610.1	160389	160472	1
CP142610.1	160472	160566	2
CP142610.1	160566	160681	1
CP142610.1	160681	160809	2
CP142610.1	160809	160886	1
CP142610.1	160886	160891	2
CP142610.1	160891	161006	1
CP142610.1	161006	161134	2
CP142610.1	161134	161150	3
CP142610.1	161150	161182	2
CP142610.1	161182	161200	1
CP142610.1	161200	161201	0
CP142610.1	161201	161262	1
CP142610.1	161262	161295	0
CP142610.1	161295	161342	1
CP142610.1	161342	161350	2
CP142610.1	161350	161353	3
CP142610.1	161353	161385	2
CP142610.1	161385	161388	3
CP142610.1	161388	161406	4
CP142610.1	161406	161421	5
CP142610.1	161421	161439	4
CP142610.1	161439	161440	3
CP142610.1	161440	161442	4
CP142610.1	161442	161443	3
CP142610.1	161443	161469	4
CP142610.1	161469	161488	3
CP142610.1	161488	161509	4
CP142610.1	161509	161519	3
CP142610.1	161519	161549	4
CP142610.1	161549	161551	3
CP142610.1	161551	161552	2
CP142610.1	161552	161580	3
CP142610.1	161580	161604	2
CP142610.1	161604	161613	1
CP142610.1	161613	161624	0
CP142610.1	161624	161665	1
CP142610.1	161665	161668	0
CP142610.1	161668	161705	1
CP142610.1	161705	161709	0
CP142610.1	161709	161734	1
CP142610.1	161734	161884	0
CP142610.1	161884	162029	1
CP142610.1	162029	162090	2
CP142610.1	162090	162094	1
CP142610.1	162094	162126	2
CP142610.1	162126	162142	1
CP142610.1	162142	162144	2
CP142610.1	162144	162149	3
CP142610.1	162149	162208	2
CP142610.1	162208	162280	1
CP142610.1	162280	162300	0
CP142610.1	162300	162376	1
CP142610.1	162376	162488	0
CP142610.1	162488	162504	1
CP142610.1	162504	162505	0
CP142610.1	162505	162584	1
CP142610.1	162584	162610	0
CP142610.1	162610	162614	1
CP142610.1	162614	162639	2
CP142610.1	162639	162644	3
CP142610.1	162644	162651	4
CP142610.1	162651	162652	3
CP142610.1	162652	162654	4
CP142610.1	162654	162662	3
CP142610.1	162662	162666	2
CP142610.1	162666	162706	3
CP142610.1	162706	162709	4
CP142610.1	162709	162710	3
CP142610.1	162710	162711	4
CP142610.1	162711	162815	3
CP142610.1	162815	162817	2
CP142610.1	162817	162818	1
CP142610.1	162818	162837	2
CP142610.1	162837	162845	1
CP142610.1	162845	162895	0
CP142610.1	162895	162944	1
CP142610.1	162944	162967	2
CP142610.1	162967	162982	3
CP142610.1	162982	162983	2
CP142610.1	162983	162997	3
CP142610.1	162997	163011	4
CP142610.1	163011	163048	3
CP142610.1	163048	163054	2
CP142610.1	163054	163111	3
CP142610.1	163111	163118	4
CP142610.1	163118	163136	3
CP142610.1	163136	163150	4
CP142610.1	163150	163156	5
CP142610.1	163156	163209	4
CP142610.1	163209	163236	3
CP142610.1	163236	163263	2
CP142610.1	163263	163265	1
CP142610.1	163265	163300	0
CP142610.1	163300	163374	1
CP142610.1	163374	163400	0
CP142610.1	163400	163523	1
CP142610.1	163523	163524	0
CP142610.1	163524	163525	1
CP142610.1	163525	163595	2
CP142610.1	163595	163606	1
CP142610.1	163606	163655	2
CP142610.1	163655	163681	1
CP142610.1	163681	163689	2
CP142610.1	163689	163960	1
CP142610.1	163960	164107	0
CP142610.1	164107	164262	1
CP142610.1	164262	164294	0
CP142610.1	164294	164379	1
CP142610.1	164379	164391	0
CP142610.1	164391	164411	1
CP142610.1	164411	164454	2
CP142610.1	164454	164476	1
CP142610.1	164476	164477	0
CP142610.1	164477	164499	1
CP142610.1	164499	164541	0
CP142610.1	164541	164725	1
CP142610.1	164725	164786	0
CP142610.1	164786	164832	1
CP142610.1	164832	164845	2
CP142610.1	164845	164886	3
CP142610.1	164886	164934	2
CP142610.1	164934	164945	1
CP142610.1	164945	164948	2
CP142610.1	164948	165007	1
CP142610.1	165007	165272	0
CP142610.1	165272	165349	1
CP142610.1	165349	165402	0
CP142610.1	165402	165517	1
CP142610.1	165517	165592	0
CP142610.1	165592	165624	1
CP142610.1	165624	165652	2
CP142610.1	165652	165684	1
CP142610.1	165684	165723	0
CP142610.1	165723	165830	1
CP142610.1	165830	166030	0
CP142610.1	166030	166032	1
CP142610.1	166032	166042	2
CP142610.1	166042	166045	1
CP142610.1	166045	166098	2
CP142610.1	166098	166103	1
CP142610.1	166103	166152	0
CP142610.1	166152	166194	1
CP142610.1	166194	166204	2
CP142610.1	166204	166205	3
CP142610.1	166205	166240	2
CP142610.1	166240	166276	1
CP142610.1	166276	166280	2
CP142610.1	166280	166283	3
CP142610.1	166283	166317	2
CP142610.1	166317	166359	3
CP142610.1	166359	166367	2
CP142610.1	166367	166414	3
CP142610.1	166414	166445	2
CP142610.1	166445	166454	1
CP142610.1	166454	166469	0
CP142610.1	166469	166546	1
CP142610.1	166546	166586	0
CP142610.1	166586	166613	1
CP142610.1	166613	166626	2
CP142610.1	166626	166627	1
CP142610.1	166627	166643	2
CP142610.1	166643	166691	3
CP142610.1	166691	166695	2
CP142610.1	166695	166915	0
CP142610.1	166915	167003	1
CP142610.1	167003	167262	0
CP142610.1	167262	167291	1
CP142610.1	167291	167294	2
CP142610.1	167294	167295	1
CP142610.1	167295	167319	2
CP142610.1	167319	167341	1
CP142610.1	167341	167372	2
CP142610.1	167372	167375	1
CP142610.1	167375	167451	2
CP142610.1	167451	167459	1
CP142610.1	167459	167462	2
CP142610.1	167462	167489	3
CP142610.1	167489	167490	2
CP142610.1	167490	167533	3
CP142610.1	167533	167553	2
CP142610.1	167553	167614	1
CP142610.1	167614	167702	0
CP142610.1	167702	167710	1
CP142610.1	167710	167762	2
CP142610.1	167762	167764	1
CP142610.1	167764	167837	2
CP142610.1	167837	167882	1
CP142610.1	167882	167898	2
CP142610.1	167898	167899	0
CP142610.1	167899	167915	2
CP142610.1	167915	167941	1
CP142610.1	167941	167948	2
CP142610.1	167948	168060	1
CP142610.1	168060	168077	0
CP142610.1	168077	168084	1
CP142610.1	168084	168165	2
CP142610.1	168165	168173	1
CP142610.1	168173	168218	0
CP142610.1	168218	168307	1
CP142610.1	168307	168308	0
CP142610.1	168308	168545	1
CP142610.1	168545	168900	0
CP142610.1	168900	168908	1
CP142610.1	168908	168921	2
CP142610.1	168921	168961	3
CP142610.1	168961	168974	2
CP142610.1	168974	169010	1
CP142610.1	169010	169018	0
CP142610.1	169018	169020	1
CP142610.1	169020	169091	2
CP142610.1	169091	169137	1
CP142610.1	169137	169174	2
CP142610.1	169174	169216	3
CP142610.1	169216	169271	2
CP142610.1	169271	169299	1
CP142610.1	169299	169314	0
CP142610.1	169314	169383	1
CP142610.1	169383	169407	2
CP142610.1	169407	169453	1
CP142610.1	169453	169586	0
CP142610.1	169586	169702	1
CP142610.1	169702	169710	2
CP142610.1	169710	169711	1
CP142610.1	169711	169767	2
CP142610.1	169767	169768	1
CP142610.1	169768	169777	2
CP142610.1	169777	169856	1
CP142610.1	169856	169863	2
CP142610.1	169863	169894	1
CP142610.1	169894	169971	2
CP142610.1	169971	170015	1
CP142610.1	170015	170161	0
CP142610.1	170161	170229	1
CP142610.1	170229	170267	0
CP142610.1	170267	170429	1
CP142610.1	170429	170442	0
CP142610.1	170442	170509	1
CP142610.1	170509	170595	0
CP142610.1	170595	170703	1
CP142610.1	170703	170755	2
CP142610.1	170755	170813	3
CP142610.1	170813	170833	2
CP142610.1	170833	170847	1
CP142610.1	170847	170914	2
CP142610.1	170914	171008	1
CP142610.1	171008	171076	2
CP142610.1	171076	171091	3
CP142610.1	171091	171114	2
CP142610.1	171114	171123	3
CP142610.1	171123	171133	2
CP142610.1	171133	171252	3
CP142610.1	171252	171267	2
CP142610.1	171267	171313	1
CP142610.1	171313	171332	2
CP142610.1	171332	171346	3
CP142610.1	171346	171347	2
CP142610.1	171347	171393	4
CP142610.1	171393	171428	3
CP142610.1	171428	171515	2
CP142610.1	171515	171516	1
CP142610.1	171516	171519	0
CP142610.1	171519	171524	1
CP142610.1	171524	171565	2
CP142610.1	171565	171583	1
CP142610.1	171583	171650	2
CP142610.1	171650	171702	1
CP142610.1	171702	171777	0
CP142610.1	171777	171861	1
CP142610.1	171861	171983	0
CP142610.1	171983	172037	1
CP142610.1	172037	172244	0
CP142610.1	172244	172260	1
CP142610.1	172260	172281	2
CP142610.1	172281	172410	3
CP142610.1	172410	172462	2
CP142610.1	172462	172486	3
CP142610.1	172486	172491	2
CP142610.1	172491	172516	1
CP142610.1	172516	172642	2
CP142610.1	172642	172644	1
CP142610.1	172644	172661	2
CP142610.1	172661	172662	1
CP142610.1	172662	172693	2
CP142610.1	172693	172712	3
CP142610.1	172712	172726	4
CP142610.1	172726	172768	3
CP142610.1	172768	172769	2
CP142610.1	172769	172770	1
CP142610.1	172770	172797	3
CP142610.1	172797	172833	2
CP142610.1	172833	172868	1
CP142610.1	172868	172902	0
CP142610.1	172902	172917	1
CP142610.1	172917	172989	2
CP142610.1	172989	172999	1
CP142610.1	172999	173031	2
CP142610.1	173031	173034	1
CP142610.1	173034	173035	0
CP142610.1	173035	173036	1
CP142610.1	173036	173070	2
CP142610.1	173070	173071	0
CP142610.1	173071	173091	2
CP142610.1	173091	173165	3
CP142610.1	173165	173171	2
CP142610.1	173171	173176	1
CP142610.1	173176	173186	2
CP142610.1	173186	173204	3
CP142610.1	173204	173233	2
CP142610.1	173233	173255	3
CP142610.1	173255	173293	2
CP142610.1	173293	173294	1
CP142610.1	173294	173297	2
CP142610.1	173297	173299	1
CP142610.1	173299	173336	2
CP142610.1	173336	173369	1
CP142610.1	173369	173393	0
CP142610.1	173393	173414	1
CP142610.1	173414	173429	0
CP142610.1	173429	173471	1
CP142610.1	173471	173486	2
CP142610.1	173486	173539	1
CP142610.1	173539	173548	2
CP142610.1	173548	173796	1
CP142610.1	173796	174086	0
CP142610.1	174086	174152	1
CP142610.1	174152	174187	0
CP142610.1	174187	174291	1
CP142610.1	174291	174317	2
CP142610.1	174317	174351	3
CP142610.1	174351	174354	4
CP142610.1	174354	174393	3
CP142610.1	174393	174394	2
CP142610.1	174394	174399	3
CP142610.1	174399	174456	2
CP142610.1	174456	174494	1
CP142610.1	174494	174496	0
CP142610.1	174496	174574	1
CP142610.1	174574	174781	0
CP142610.1	174781	174820	1
CP142610.1	174820	174837	2
CP142610.1	174837	174845	1
CP142610.1	174845	175000	2
CP142610.1	175000	175023	3
CP142610.1	175023	175025	1
CP142610.1	175025	175026	3
CP142610.1	175026	175074	2
CP142610.1	175074	175110	1
CP142610.1	175110	175214	0
CP142610.1	175214	175439	1
CP142610.1	175439	175494	0
CP142610.1	175494	175526	1
CP142610.1	175526	175531	2
CP142610.1	175531	175542	3
CP142610.1	175542	175543	2
CP142610.1	175543	175583	3
CP142610.1	175583	175594	2
CP142610.1	175594	175599	1
CP142610.1	175599	175600	2
CP142610.1	175600	175632	1
CP142610.1	175632	175643	2
CP142610.1	175643	175671	3
CP142610.1	175671	175711	2
CP142610.1	175711	175780	1
CP142610.1	175780	175825	2
CP142610.1	175825	175833	4
CP142610.1	175833	175845	5
CP142610.1	175845	175943	4
CP142610.1	175943	175944	3
CP142610.1	175944	175971	4
CP142610.1	175971	175998	5
CP142610.1	175998	176019	2
CP142610.1	176019	176035	1
CP142610.1	176035	176039	2
CP142610.1	176039	176118	1
CP142610.1	176118	176119	0
CP142610.1	176119	176137	1
CP142610.1	176137	176179	0
CP142610.1	176179	176214	1
CP142610.1	176214	176215	0
CP142610.1	176215	176236	1
CP142610.1	176236	176240	2
CP142610.1	176240	176246	3
CP142610.1	176246	176249	2
CP142610.1	176249	176285	3
CP142610.1	176285	176309	4
CP142610.1	176309	176316	3
CP142610.1	176316	176317	1
CP142610.1	176317	176319	2
CP142610.1	176319	176323	3
CP142610.1	176323	176349	2
CP142610.1	176349	176396	1
CP142610.1	176396	176408	0
CP142610.1	176408	176409	1
CP142610.1	176409	176529	2
CP142610.1	176529	176530	0
CP142610.1	176530	176539	2
CP142610.1	176539	176541	1
CP142610.1	176541	176552	2
CP142610.1	176552	176553	1
CP142610.1	176553	176584	2
CP142610.1	176584	176585	1
CP142610.1	176585	176597	2
CP142610.1	176597	176609	1
CP142610.1	176609	177059	0
CP142610.1	177059	177209	1
CP142610.1	177209	177217	0
CP142610.1	177217	177306	1
CP142610.1	177306	177314	0
CP142610.1	177314	177319	1
CP142610.1	177319	177323	2
CP142610.1	177323	177324	1
CP142610.1	177324	177377	2
CP142610.1	177377	177394	3
CP142610.1	177394	177406	2
CP142610.1	177406	177451	3
CP142610.1	177451	177455	2
CP142610.1	177455	177456	1
CP142610.1	177456	177463	0
CP142610.1	177463	177464	1
CP142610.1	177464	177473	2
CP142610.1	177473	177476	1
CP142610.1	177476	177494	2
CP142610.1	177494	177495	1
CP142610.1	177495	177557	2
CP142610.1	177557	177563	1
CP142610.1	177563	177599	2
CP142610.1	177599	177669	3
CP142610.1	177669	177734	2
CP142610.1	177734	177810	1
CP142610.1	177810	177917	0
CP142610.1	177917	178030	1
CP142610.1	178030	178267	0
CP142610.1	178267	178378	1
CP142610.1	178378	178500	2
CP142610.1	178500	178506	1
CP142610.1	178506	178524	2
CP142610.1	178524	178526	1
CP142610.1	178526	178528	0
CP142610.1	178528	178534	1
CP142610.1	178534	178661	2
CP142610.1	178661	178673	3
CP142610.1	178673	178698	2
CP142610.1	178698	178740	1
CP142610.1	178740	178775	2
CP142610.1	178775	178898	1
CP142610.1	178898	178937	2
CP142610.1	178937	178962	3
CP142610.1	178962	178967	2
CP142610.1	178967	178981	3
CP142610.1	178981	179016	4
CP142610.1	179016	179025	3
CP142610.1	179025	179026	2
CP142610.1	179026	179031	3
CP142610.1	179031	179056	2
CP142610.1	179056	179057	1
CP142610.1	179057	179063	2
CP142610.1	179063	179064	1
CP142610.1	179064	179066	2
CP142610.1	179066	179071	1
CP142610.1	179071	179084	0
CP142610.1	179084	179118	1
CP142610.1	179118	179128	2
CP142610.1	179128	179129	1
CP142610.1	179129	179130	2
CP142610.1	179130	179140	3
CP142610.1	179140	179156	4
CP142610.1	179156	179158	3
CP142610.1	179158	179164	4
CP142610.1	179164	179172	3
CP142610.1	179172	179198	4
CP142610.1	179198	179199	2
CP142610.1	179199	179256	4
CP142610.1	179256	179264	3
CP142610.1	179264	179341	2
CP142610.1	179341	179351	3
CP142610.1	179351	179352	2
CP142610.1	179352	179358	4
CP142610.1	179358	179388	3
CP142610.1	179388	179389	1
CP142610.1	179389	179428	3
CP142610.1	179428	179429	0
CP142610.1	179429	179430	1
CP142610.1	179430	179465	3
CP142610.1	179465	179476	2
CP142610.1	179476	179518	3
CP142610.1	179518	179548	1
CP142610.1	179548	179554	0
CP142610.1	179554	179556	1
CP142610.1	179556	179568	2
CP142610.1	179568	179569	1
CP142610.1	179569	179590	2
CP142610.1	179590	179630	3
CP142610.1	179630	179646	2
CP142610.1	179646	179648	1
CP142610.1	179648	179685	2
CP142610.1	179685	179711	3
CP142610.1	179711	179717	2
CP142610.1	179717	179733	1
CP142610.1	179733	179753	2
CP142610.1	179753	179771	3
CP142610.1	179771	179806	2
CP142610.1	179806	179855	1
CP142610.1	179855	180149	0
CP142610.1	180149	180181	1
CP142610.1	180181	180200	2
CP142610.1	180200	180230	1
CP142610.1	180230	180242	2
CP142610.1	180242	180290	1
CP142610.1	180290	180484	0
CP142610.1	180484	180549	1
CP142610.1	180549	180550	0
CP142610.1	180550	180564	1
CP142610.1	180564	180682	0
CP142610.1	180682	180768	1
CP142610.1	180768	180916	0
CP142610.1	180916	181009	1
CP142610.1	181009	181025	2
CP142610.1	181025	181087	1
CP142610.1	181087	181136	2
CP142610.1	181136	181139	1
CP142610.1	181139	181190	2
CP142610.1	181190	181260	1
CP142610.1	181260	181310	2
CP142610.1	181310	181359	3
CP142610.1	181359	181360	2
CP142610.1	181360	181374	3
CP142610.1	181374	181376	2
CP142610.1	181376	181432	3
CP142610.1	181432	181439	2
CP142610.1	181439	181448	3
CP142610.1	181448	181491	2
CP142610.1	181491	181505	3
CP142610.1	181505	181578	2
CP142610.1	181578	181610	3
CP142610.1	181610	181646	2
CP142610.1	181646	181760	1
CP142610.1	181760	181835	0
CP142610.1	181835	182042	1
CP142610.1	182042	182049	0
CP142610.1	182049	182097	1
CP142610.1	182097	182282	0
CP142610.1	182282	182296	1
CP142610.1	182296	182297	0
CP142610.1	182297	182301	1
CP142610.1	182301	182328	2
CP142610.1	182328	182356	3
CP142610.1	182356	182456	2
CP142610.1	182456	182460	3
CP142610.1	182460	182462	2
CP142610.1	182462	182486	3
CP142610.1	182486	182598	2
CP142610.1	182598	182634	1
CP142610.1	182634	182695	0
CP142610.1	182695	182781	1
CP142610.1	182781	182955	0
CP142610.1	182955	183018	1
CP142610.1	183018	183019	0
CP142610.1	183019	183041	1
CP142610.1	183041	183169	0
CP142610.1	183169	183241	1
CP142610.1	183241	183287	0
CP142610.1	183287	183364	1
CP142610.1	183364	183367	0
CP142610.1	183367	183374	1
CP142610.1	183374	183536	2
CP142610.1	183536	183548	3
CP142610.1	183548	183565	2
CP142610.1	183565	183597	1
CP142610.1	183597	183612	2
CP142610.1	183612	183649	3
CP142610.1	183649	183652	0
CP142610.1	183652	183699	3
CP142610.1	183699	183700	2
CP142610.1	183700	183732	3
CP142610.1	183732	183767	2
CP142610.1	183767	183876	1
CP142610.1	183876	183887	2
CP142610.1	183887	183894	1
CP142610.1	183894	183932	2
CP142610.1	183932	183957	3
CP142610.1	183957	183958	2
CP142610.1	183958	183973	3
CP142610.1	183973	184006	4
CP142610.1	184006	184075	3
CP142610.1	184075	184099	2
CP142610.1	184099	184100	1
CP142610.1	184100	184111	2
CP142610.1	184111	184128	1
CP142610.1	184128	184232	0
CP142610.1	184232	184318	1
CP142610.1	184318	184372	2
CP142610.1	184372	184374	1
CP142610.1	184374	184387	2
CP142610.1	184387	184399	1
CP142610.1	184399	184401	2
CP142610.1	184401	184479	1
CP142610.1	184479	184497	2
CP142610.1	184497	184509	3
CP142610.1	184509	184540	2
CP142610.1	184540	184573	3
CP142610.1	184573	184619	2
CP142610.1	184619	184630	1
CP142610.1	184630	184653	2
CP142610.1	184653	184654	1
CP142610.1	184654	184664	2
CP142610.1	184664	184720	1
CP142610.1	184720	184790	2
CP142610.1	184790	184791	1
CP142610.1	184791	184826	2
CP142610.1	184826	184831	1
CP142610.1	184831	184905	0
CP142610.1	184905	184921	1
CP142610.1	184921	184922	0
CP142610.1	184922	185027	1
CP142610.1	185027	185028	0
CP142610.1	185028	185088	1
CP142610.1	185088	185127	2
CP142610.1	185127	185152	1
CP142610.1	185152	185160	0
CP142610.1	185160	185199	1
CP142610.1	185199	185202	2
CP142610.1	185202	185266	3
CP142610.1	185266	185326	2
CP142610.1	185326	185366	1
CP142610.1	185366	185378	2
CP142610.1	185378	185394	3
CP142610.1	185394	185395	2
CP142610.1	185395	185424	4
CP142610.1	185424	185426	3
CP142610.1	185426	185438	4
CP142610.1	185438	185447	5
CP142610.1	185447	185462	4
CP142610.1	185462	185463	3
CP142610.1	185463	185468	2
CP142610.1	185468	185476	3
CP142610.1	185476	185477	2
CP142610.1	185477	185524	3
CP142610.1	185524	185566	2
CP142610.1	185566	185584	1
CP142610.1	185584	185794	0
CP142610.1	185794	185866	1
CP142610.1	185866	186067	0
CP142610.1	186067	186125	1
CP142610.1	186125	186144	2
CP142610.1	186144	186146	1
CP142610.1	186146	186248	2
CP142610.1	186248	186303	1
CP142610.1	186303	186307	0
CP142610.1	186307	186323	1
CP142610.1	186323	186345	2
CP142610.1	186345	186346	1
CP142610.1	186346	186387	2
CP142610.1	186387	186388	1
CP142610.1	186388	186405	2
CP142610.1	186405	186442	1
CP142610.1	186442	186444	0
CP142610.1	186444	186472	1
CP142610.1	186472	186475	0
CP142610.1	186475	186820	1
CP142610.1	186820	186822	2
CP142610.1	186822	186825	3
CP142610.1	186825	186890	2
CP142610.1	186890	186933	1
CP142610.1	186933	186997	2
CP142610.1	186997	187020	3
CP142610.1	187020	187026	2
CP142610.1	187026	187027	1
CP142610.1	187027	187088	2
CP142610.1	187088	187093	1
CP142610.1	187093	187095	0
CP142610.1	187095	187148	1
CP142610.1	187148	187153	0
CP142610.1	187153	187424	1
CP142610.1	187424	187691	0
CP142610.1	187691	187846	1
CP142610.1	187846	187878	2
CP142610.1	187878	187949	1
CP142610.1	187949	187958	0
CP142610.1	187958	187993	1
CP142610.1	187993	188109	0
CP142610.1	188109	188167	1
CP142610.1	188167	188316	0
CP142610.1	188316	188467	1
CP142610.1	188467	188626	0
CP142610.1	188626	188658	1
CP142610.1	188658	188660	0
CP142610.1	188660	188693	1
CP142610.1	188693	188889	0
CP142610.1	188889	188923	1
CP142610.1	188923	188966	2
CP142610.1	188966	188967	1
CP142610.1	188967	189013	2
CP142610.1	189013	189025	1
CP142610.1	189025	189127	0
CP142610.1	189127	189174	1
CP142610.1	189174	189177	0
CP142610.1	189177	189187	1
CP142610.1	189187	189225	2
CP142610.1	189225	189226	1
CP142610.1	189226	189405	2
CP142610.1	189405	189477	1
CP142610.1	189477	189541	0
CP142610.1	189541	189582	1
CP142610.1	189582	189585	0
CP142610.1	189585	189753	1
CP142610.1	189753	189797	0
CP142610.1	189797	189906	1
CP142610.1	189906	189972	0
CP142610.1	189972	190102	1
CP142610.1	190102	190103	0
CP142610.1	190103	190113	1
CP142610.1	190113	190246	0
CP142610.1	190246	190389	1
CP142610.1	190389	190657	0
CP142610.1	190657	190695	1
CP142610.1	190695	190696	0
CP142610.1	190696	190713	1
CP142610.1	190713	190728	2
CP142610.1	190728	190729	1
CP142610.1	190729	190730	2
CP142610.1	190730	191092	1
CP142610.1	191092	191344	0
CP142610.1	191344	191427	1
CP142610.1	191427	191457	2
CP142610.1	191457	191481	3
CP142610.1	191481	191502	2
CP142610.1	191502	191536	3
CP142610.1	191536	191549	2
CP142610.1	191549	191556	3
CP142610.1	191556	191557	4
CP142610.1	191557	191564	3
CP142610.1	191564	191575	4
CP142610.1	191575	191597	3
CP142610.1	191597	191604	4
CP142610.1	191604	191641	5
CP142610.1	191641	191686	6
CP142610.1	191686	191694	5
CP142610.1	191694	191738	6
CP142610.1	191738	191741	5
CP142610.1	191741	191754	6
CP142610.1	191754	191776	5
CP142610.1	191776	191792	4
CP142610.1	191792	191812	3
CP142610.1	191812	191813	2
CP142610.1	191813	191826	3
CP142610.1	191826	191884	2
CP142610.1	191884	191922	1
CP142610.1	191922	191949	0
CP142610.1	191949	192006	1
CP142610.1	192006	192048	2
CP142610.1	192048	192088	1
CP142610.1	192088	192182	0
CP142610.1	192182	192207	1
CP142610.1	192207	192208	0
CP142610.1	192208	192384	1
CP142610.1	192384	192454	0
CP142610.1	192454	192509	1
CP142610.1	192509	192521	0
CP142610.1	192521	192530	1
CP142610.1	192530	192547	2
CP142610.1	192547	192586	3
CP142610.1	192586	192587	2
CP142610.1	192587	192588	3
CP142610.1	192588	192598	4
CP142610.1	192598	192599	3
CP142610.1	192599	192615	4
CP142610.1	192615	192623	5
CP142610.1	192623	192626	4
CP142610.1	192626	192632	5
CP142610.1	192632	192638	4
CP142610.1	192638	192651	3
CP142610.1	192651	192760	2
CP142610.1	192760	192768	3
CP142610.1	192768	192821	2
CP142610.1	192821	192900	3
CP142610.1	192900	192932	2
CP142610.1	192932	193003	1
CP142610.1	193003	193008	0
CP142610.1	193008	193010	1
CP142610.1	193010	193055	2
CP142610.1	193055	193101	0
CP142610.1	193101	193154	1
CP142610.1	193154	193155	0
CP142610.1	193155	193218	1
CP142610.1	193218	193451	0
CP142610.1	193451	193541	1
CP142610.1	193541	193550	0
CP142610.1	193550	193604	1
CP142610.1	193604	193691	0
CP142610.1	193691	193715	1
CP142610.1	193715	193716	0
CP142610.1	193716	193783	1
CP142610.1	193783	193869	2
CP142610.1	193869	193870	1
CP142610.1	193870	193907	2
CP142610.1	193907	193934	1
CP142610.1	193934	193997	2
CP142610.1	193997	193998	0
CP142610.1	193998	194045	2
CP142610.1	194045	194055	1
CP142610.1	194055	194057	2
CP142610.1	194057	194059	1
CP142610.1	194059	194072	2
CP142610.1	194072	194073	1
CP142610.1	194073	194091	2
CP142610.1	194091	194136	1
CP142610.1	194136	194157	0
CP142610.1	194157	194236	1
CP142610.1	194236	194285	0
CP142610.1	194285	194388	1
CP142610.1	194388	194518	0
CP142610.1	194518	194588	1
CP142610.1	194588	194595	0
CP142610.1	194595	194638	1
CP142610.1	194638	194657	2
CP142610.1	194657	194698	1
CP142610.1	194698	194730	0
CP142610.1	194730	194791	1
CP142610.1	194791	195163	0
CP142610.1	195163	195191	1
CP142610.1	195191	195299	2
CP142610.1	195299	195302	3
CP142610.1	195302	195305	4
CP142610.1	195305	195392	3
CP142610.1	195392	195479	2
CP142610.1	195479	195596	3
CP142610.1	195596	195598	4
CP142610.1	195598	195608	3
CP142610.1	195608	195615	2
CP142610.1	195615	195693	1
CP142610.1	195693	195706	2
CP142610.1	195706	195732	3
CP142610.1	195732	195738	2
CP142610.1	195738	195772	3
CP142610.1	195772	195802	2
CP142610.1	195802	195856	1
CP142610.1	195856	195878	0
CP142610.1	195878	195883	1
CP142610.1	195883	195884	0
CP142610.1	195884	195916	1
CP142610.1	195916	195918	0
CP142610.1	195918	195988	1
CP142610.1	195988	196010	2
CP142610.1	196010	196020	1
CP142610.1	196020	196073	2
CP142610.1	196073	196095	1
CP142610.1	196095	196097	0
CP142610.1	196097	196171	1
CP142610.1	196171	196305	0
CP142610.1	196305	196386	1
CP142610.1	196386	196430	2
CP142610.1	196430	196604	1
CP142610.1	196604	196652	2
CP142610.1	196652	196701	1
CP142610.1	196701	196737	2
CP142610.1	196737	196738	1
CP142610.1	196738	196750	2
CP142610.1	196750	196757	1
CP142610.1	196757	196881	0
CP142610.1	196881	196974	1
CP142610.1	196974	196975	0
CP142610.1	196975	197019	1
CP142610.1	197019	197034	2
CP142610.1	197034	197135	1
CP142610.1	197135	197175	2
CP142610.1	197175	197178	1
CP142610.1	197178	197188	2
CP142610.1	197188	197236	3
CP142610.1	197236	197244	2
CP142610.1	197244	197245	1
CP142610.1	197245	197249	3
CP142610.1	197249	197265	2
CP142610.1	197265	197267	1
CP142610.1	197267	197278	2
CP142610.1	197278	197279	1
CP142610.1	197279	197305	2
CP142610.1	197305	197351	3
CP142610.1	197351	197441	2
CP142610.1	197441	197469	1
CP142610.1	197469	197527	2
CP142610.1	197527	197599	1
CP142610.1	197599	197657	0
CP142610.1	197657	197836	1
CP142610.1	197836	198060	0
CP142610.1	198060	198062	1
CP142610.1	198062	198146	2
CP142610.1	198146	198178	1
CP142610.1	198178	198188	0
CP142610.1	198188	198194	1
CP142610.1	198194	198204	2
CP142610.1	198204	198205	1
CP142610.1	198205	198219	2
CP142610.1	198219	198222	3
CP142610.1	198222	198228	4
CP142610.1	198228	198229	3
CP142610.1	198229	198260	4
CP142610.1	198260	198298	3
CP142610.1	198298	198299	2
CP142610.1	198299	198303	3
CP142610.1	198303	198304	4
CP142610.1	198304	198305	2
CP142610.1	198305	198344	4
CP142610.1	198344	198350	3
CP142610.1	198350	198441	2
CP142610.1	198441	198483	1
CP142610.1	198483	198613	0
CP142610.1	198613	198748	1
CP142610.1	198748	198770	2
CP142610.1	198770	198789	1
CP142610.1	198789	198790	0
CP142610.1	198790	198946	1
CP142610.1	198946	198980	0
CP142610.1	198980	199029	1
CP142610.1	199029	199034	2
CP142610.1	199034	199039	3
CP142610.1	199039	199090	4
CP142610.1	199090	199091	3
CP142610.1	199091	199102	4
CP142610.1	199102	199177	3
CP142610.1	199177	199181	2
CP142610.1	199181	199193	3
CP142610.1	199193	199234	2
CP142610.1	199234	199260	4
CP142610.1	199260	199273	5
CP142610.1	199273	199294	4
CP142610.1	199294	199295	5
CP142610.1	199295	199317	4
CP142610.1	199317	199322	3
CP142610.1	199322	199329	4
CP142610.1	199329	199330	3
CP142610.1	199330	199338	4
CP142610.1	199338	199374	3
CP142610.1	199374	199376	2
CP142610.1	199376	199430	3
CP142610.1	199430	199455	2
CP142610.1	199455	199491	1
CP142610.1	199491	199510	2
CP142610.1	199510	199512	1
CP142610.1	199512	199535	2
CP142610.1	199535	199536	1
CP142610.1	199536	199549	2
CP142610.1	199549	199567	1
CP142610.1	199567	199704	0
CP142610.1	199704	199758	1
CP142610.1	199758	199759	0
CP142610.1	199759	199786	1
CP142610.1	199786	199791	0
CP142610.1	199791	199836	1
CP142610.1	199836	199906	0
CP142610.1	199906	200018	1
CP142610.1	200018	200042	2
CP142610.1	200042	200049	1
CP142610.1	200049	200081	2
CP142610.1	200081	200126	3
CP142610.1	200126	200147	2
CP142610.1	200147	200189	1
CP142610.1	200189	200191	2
CP142610.1	200191	200193	3
CP142610.1	200193	200222	4
CP142610.1	200222	200223	3
CP142610.1	200223	200225	4
CP142610.1	200225	200242	5
CP142610.1	200242	200243	4
CP142610.1	200243	200288	5
CP142610.1	200288	200343	6
CP142610.1	200343	200361	5
CP142610.1	200361	200362	4
CP142610.1	200362	200374	5
CP142610.1	200374	200375	4
CP142610.1	200375	200392	5
CP142610.1	200392	200420	4
CP142610.1	200420	200441	3
CP142610.1	200441	200442	2
CP142610.1	200442	200453	3
CP142610.1	200453	200470	2
CP142610.1	200470	200471	0
CP142610.1	200471	200554	2
CP142610.1	200554	200556	3
CP142610.1	200556	200605	2
CP142610.1	200605	200614	1
CP142610.1	200614	200619	0
CP142610.1	200619	200747	1
CP142610.1	200747	200778	2
CP142610.1	200778	200833	3
CP142610.1	200833	200834	2
CP142610.1	200834	200903	3
CP142610.1	200903	200905	2
CP142610.1	200905	200908	1
CP142610.1	200908	200921	2
CP142610.1	200921	200939	1
CP142610.1	200939	200949	2
CP142610.1	200949	200956	3
CP142610.1	200956	200968	2
CP142610.1	200968	200970	1
CP142610.1	200970	200977	2
CP142610.1	200977	200978	1
CP142610.1	200978	201009	2
CP142610.1	201009	201017	3
CP142610.1	201017	201052	4
CP142610.1	201052	201062	5
CP142610.1	201062	201088	4
CP142610.1	201088	201089	2
CP142610.1	201089	201090	3
CP142610.1	201090	201095	4
CP142610.1	201095	201106	3
CP142610.1	201106	201107	2
CP142610.1	201107	201109	3
CP142610.1	201109	201110	2
CP142610.1	201110	201120	3
CP142610.1	201120	201156	2
CP142610.1	201156	201160	1
CP142610.1	201160	201204	2
CP142610.1	201204	201205	1
CP142610.1	201205	201206	2
CP142610.1	201206	201207	1
CP142610.1	201207	201234	2
CP142610.1	201234	201237	1
CP142610.1	201237	201262	2
CP142610.1	201262	201280	1
CP142610.1	201280	201283	0
CP142610.1	201283	201347	1
CP142610.1	201347	201424	0
CP142610.1	201424	201508	1
CP142610.1	201508	201544	2
CP142610.1	201544	201556	3
CP142610.1	201556	201607	2
CP142610.1	201607	201611	1
CP142610.1	201611	201768	0
CP142610.1	201768	201823	1
CP142610.1	201823	201826	0
CP142610.1	201826	201847	1
CP142610.1	201847	201848	0
CP142610.1	201848	201882	1
CP142610.1	201882	201954	2
CP142610.1	201954	202006	3
CP142610.1	202006	202056	2
CP142610.1	202056	202057	1
CP142610.1	202057	202067	2
CP142610.1	202067	202094	3
CP142610.1	202094	202097	2
CP142610.1	202097	202098	1
CP142610.1	202098	202109	2
CP142610.1	202109	202328	1
CP142610.1	202328	202388	2
CP142610.1	202388	202389	1
CP142610.1	202389	202400	2
CP142610.1	202400	202428	3
CP142610.1	202428	202435	2
CP142610.1	202435	202457	3
CP142610.1	202457	202458	2
CP142610.1	202458	202462	3
CP142610.1	202462	202493	2
CP142610.1	202493	202508	3
CP142610.1	202508	202509	4
CP142610.1	202509	202517	3
CP142610.1	202517	202571	4
CP142610.1	202571	202579	3
CP142610.1	202579	202608	2
CP142610.1	202608	202724	1
CP142610.1	202724	202747	2
CP142610.1	202747	202788	1
CP142610.1	202788	202789	0
CP142610.1	202789	202881	1
CP142610.1	202881	202882	0
CP142610.1	202882	202893	1
CP142610.1	202893	202923	2
CP142610.1	202923	202924	1
CP142610.1	202924	202961	2
CP142610.1	202961	202966	1
CP142610.1	202966	203077	0
CP142610.1	203077	203147	1
CP142610.1	203147	203249	2
CP142610.1	203249	203256	3
CP142610.1	203256	203302	2
CP142610.1	203302	203303	1
CP142610.1	203303	203327	3
CP142610.1	203327	203352	2
CP142610.1	203352	203376	1
CP142610.1	203376	203378	0
CP142610.1	203378	203407	1
CP142610.1	203407	203439	2
CP142610.1	203439	203525	1
CP142610.1	203525	203647	0
CP142610.1	203647	203657	1
CP142610.1	203657	203658	0
CP142610.1	203658	203755	1
CP142610.1	203755	203758	0
CP142610.1	203758	203870	1
CP142610.1	203870	203871	0
CP142610.1	203871	203879	1
CP142610.1	203879	203880	0
CP142610.1	203880	203910	1
CP142610.1	203910	204101	0
CP142610.1	204101	204262	1
CP142610.1	204262	204327	2
CP142610.1	204327	204356	1
CP142610.1	204356	204378	2
CP142610.1	204378	204438	1
CP142610.1	204438	204494	2
CP142610.1	204494	204541	3
CP142610.1	204541	204594	2
CP142610.1	204594	204702	3
CP142610.1	204702	204703	2
CP142610.1	204703	204705	3
CP142610.1	204705	204706	2
CP142610.1	204706	204711	3
CP142610.1	204711	204754	2
CP142610.1	204754	204799	1
CP142610.1	204799	204807	2
CP142610.1	204807	204825	3
CP142610.1	204825	204826	2
CP142610.1	204826	204827	3
CP142610.1	204827	204831	4
CP142610.1	204831	204861	3
CP142610.1	204861	204875	4
CP142610.1	204875	204931	3
CP142610.1	204931	204963	2
CP142610.1	204963	205004	1
CP142610.1	205004	205017	2
CP142610.1	205017	205019	1
CP142610.1	205019	205040	2
CP142610.1	205040	205045	1
CP142610.1	205045	205107	2
CP142610.1	205107	205128	3
CP142610.1	205128	205180	4
CP142610.1	205180	205188	3
CP142610.1	205188	205191	2
CP142610.1	205191	205268	1
CP142610.1	205268	205376	2
CP142610.1	205376	205439	1
CP142610.1	205439	205585	0
CP142610.1	205585	205653	1
CP142610.1	205653	205673	0
CP142610.1	205673	205744	1
CP142610.1	205744	205874	0
CP142610.1	205874	205932	1
CP142610.1	205932	205938	0
CP142610.1	205938	205962	1
CP142610.1	205962	205963	0
CP142610.1	205963	206079	1
CP142610.1	206079	206232	0
CP142610.1	206232	206312	1
CP142610.1	206312	206599	0
CP142610.1	206599	206664	1
CP142610.1	206664	206665	0
CP142610.1	206665	206713	1
CP142610.1	206713	206724	0
CP142610.1	206724	206740	1
CP142610.1	206740	206799	2
CP142610.1	206799	206817	1
CP142610.1	206817	206957	0
CP142610.1	206957	207003	1
CP142610.1	207003	207004	0
CP142610.1	207004	207044	1
CP142610.1	207044	207056	0
CP142610.1	207056	207077	1
CP142610.1	207077	207238	2
CP142610.1	207238	207239	1
CP142610.1	207239	207241	2
CP142610.1	207241	207256	1
CP142610.1	207256	207271	2
CP142610.1	207271	207413	1
CP142610.1	207413	207414	0
CP142610.1	207414	207423	1
CP142610.1	207423	207842	0
CP142610.1	207842	207914	1
CP142610.1	207914	207917	0
CP142610.1	207917	208045	1
CP142610.1	208045	208069	2
CP142610.1	208069	208070	1
CP142610.1	208070	208081	2
CP142610.1	208081	208082	1
CP142610.1	208082	208136	2
CP142610.1	208136	208137	1
CP142610.1	208137	208204	2
CP142610.1	208204	208245	1
CP142610.1	208245	208369	0
CP142610.1	208369	208420	2
CP142610.1	208420	208483	1
CP142610.1	208483	208487	2
CP142610.1	208487	208548	1
CP142610.1	208548	208759	0
CP142610.1	208759	208907	1
CP142610.1	208907	208925	2
CP142610.1	208925	208945	1
CP142610.1	208945	208946	0
CP142610.1	208946	208949	1
CP142610.1	208949	208950	2
CP142610.1	208950	208972	3
CP142610.1	208972	208991	4
CP142610.1	208991	209001	3
CP142610.1	209001	209002	2
CP142610.1	209002	209007	3
CP142610.1	209007	209035	2
CP142610.1	209035	209059	1
CP142610.1	209059	209062	0
CP142610.1	209062	209127	1
CP142610.1	209127	209219	2
CP142610.1	209219	209220	1
CP142610.1	209220	209221	2
CP142610.1	209221	209225	3
CP142610.1	209225	209248	2
CP142610.1	209248	209305	3
CP142610.1	209305	209308	2
CP142610.1	209308	209321	3
CP142610.1	209321	209338	4
CP142610.1	209338	209339	3
CP142610.1	209339	209379	2
CP142610.1	209379	209424	3
CP142610.1	209424	209451	2
CP142610.1	209451	209453	1
CP142610.1	209453	209464	2
CP142610.1	209464	209547	1
CP142610.1	209547	209562	2
CP142610.1	209562	209600	1
CP142610.1	209600	209844	0
CP142610.1	209844	209894	1
CP142610.1	209894	209945	2
CP142610.1	209945	209948	1
CP142610.1	209948	210037	0
CP142610.1	210037	210118	1
CP142610.1	210118	210291	2
CP142610.1	210291	210322	1
CP142610.1	210322	210330	0
CP142610.1	210330	210397	1
CP142610.1	210397	210407	0
CP142610.1	210407	210545	1
CP142610.1	210545	210564	0
CP142610.1	210564	210763	1
CP142610.1	210763	210790	2
CP142610.1	210790	210815	3
CP142610.1	210815	210816	2
CP142610.1	210816	210846	3
CP142610.1	210846	210873	2
CP142610.1	210873	211003	3
CP142610.1	211003	211009	2
CP142610.1	211009	211010	1
CP142610.1	211010	211018	2
CP142610.1	211018	211028	3
CP142610.1	211028	211087	4
CP142610.1	211087	211108	3
CP142610.1	211108	211109	2
CP142610.1	211109	211251	1
CP142610.1	211251	211259	0
CP142610.1	211259	211302	1
CP142610.1	211302	211314	0
CP142610.1	211314	211516	1
CP142610.1	211516	211518	0
CP142610.1	211518	211522	1
CP142610.1	211522	211620	0
CP142610.1	211620	211733	1
CP142610.1	211733	211821	0
CP142610.1	211821	211884	1
CP142610.1	211884	212128	0
CP142610.1	212128	212181	1
CP142610.1	212181	212244	0
CP142610.1	212244	212284	1
CP142610.1	212284	212285	2
CP142610.1	212285	212299	3
CP142610.1	212299	212455	2
CP142610.1	212455	212461	1
CP142610.1	212461	212462	2
CP142610.1	212462	212678	1
CP142610.1	212678	212725	0
CP142610.1	212725	212765	1
CP142610.1	212765	212766	0
CP142610.1	212766	212813	1
CP142610.1	212813	212822	0
CP142610.1	212822	212891	1
CP142610.1	212891	212899	0
CP142610.1	212899	212957	1
CP142610.1	212957	213078	0
CP142610.1	213078	213126	1
CP142610.1	213126	213304	0
CP142610.1	213304	213337	1
CP142610.1	213337	213338	0
CP142610.1	213338	213370	1
CP142610.1	213370	213422	2
CP142610.1	213422	213426	3
CP142610.1	213426	213480	2
CP142610.1	213480	213527	1
CP142610.1	213527	213537	2
CP142610.1	213537	213579	1
CP142610.1	213579	213706	2
CP142610.1	213706	213715	1
CP142610.1	213715	213716	0
CP142610.1	213716	213839	1
CP142610.1	213839	213912	2
CP142610.1	213912	213922	3
CP142610.1	213922	213940	2
CP142610.1	213940	213986	3
CP142610.1	213986	213987	2
CP142610.1	213987	214014	3
CP142610.1	214014	214038	2
CP142610.1	214038	214124	1
CP142610.1	214124	214172	0
CP142610.1	214172	214229	1
CP142610.1	214229	214278	2
CP142610.1	214278	214407	1
CP142610.1	214407	214492	0
CP142610.1	214492	214512	1
CP142610.1	214512	214532	2
CP142610.1	214532	214538	1
CP142610.1	214538	214575	2
CP142610.1	214575	214581	1
CP142610.1	214581	214596	0
CP142610.1	214596	214603	1
CP142610.1	214603	214617	2
CP142610.1	214617	214618	1
CP142610.1	214618	214728	2
CP142610.1	214728	214760	1
CP142610.1	214760	214842	0
CP142610.1	214842	214975	1
CP142610.1	214975	214985	0
CP142610.1	214985	215044	1
CP142610.1	215044	215203	0
CP142610.1	215203	215204	1
CP142610.1	215204	215301	2
CP142610.1	215301	215349	1
CP142610.1	215349	215413	0
CP142610.1	215413	215572	1
CP142610.1	215572	215672	0
CP142610.1	215672	215725	1
CP142610.1	215725	215790	2
CP142610.1	215790	215830	1
CP142610.1	215830	215834	0
CP142610.1	215834	215880	1
CP142610.1	215880	215883	0
CP142610.1	215883	216042	1
CP142610.1	216042	216051	0
CP142610.1	216051	216064	1
CP142610.1	216064	216084	2
CP142610.1	216084	216085	1
CP142610.1	216085	216105	2
CP142610.1	216105	216255	1
CP142610.1	216255	216256	0
CP142610.1	216256	216303	1
CP142610.1	216303	216647	0
CP142610.1	216647	216666	1
CP142610.1	216666	216693	2
CP142610.1	216693	216694	0
CP142610.1	216694	216695	1
CP142610.1	216695	216724	2
CP142610.1	216724	216749	1
CP142610.1	216749	216752	0
CP142610.1	216752	216754	1
CP142610.1	216754	216755	0
CP142610.1	216755	216842	1
CP142610.1	216842	216844	0
CP142610.1	216844	216916	1
CP142610.1	216916	216939	2
CP142610.1	216939	216940	1
CP142610.1	216940	216950	2
CP142610.1	216950	216991	1
CP142610.1	216991	217040	0
CP142610.1	217040	217193	1
CP142610.1	217193	217205	0
CP142610.1	217205	217208	1
CP142610.1	217208	217269	2
CP142610.1	217269	217398	1
CP142610.1	217398	217703	0
CP142610.1	217703	217750	1
CP142610.1	217750	217974	0
CP142610.1	217974	218076	1
CP142610.1	218076	218083	2
CP142610.1	218083	218085	1
CP142610.1	218085	218194	2
CP142610.1	218194	218242	1
CP142610.1	218242	218294	2
CP142610.1	218294	218400	1
CP142610.1	218400	218416	2
CP142610.1	218416	218420	3
CP142610.1	218420	218480	4
CP142610.1	218480	218525	3
CP142610.1	218525	218552	2
CP142610.1	218552	218592	1
CP142610.1	218592	218707	0
CP142610.1	218707	218826	1
CP142610.1	218826	218861	0
CP142610.1	218861	218891	1
CP142610.1	218891	218893	0
CP142610.1	218893	218922	1
CP142610.1	218922	219162	0
CP142610.1	219162	219335	1
CP142610.1	219335	219374	2
CP142610.1	219374	219385	1
CP142610.1	219385	219528	0
CP142610.1	219528	219587	1
CP142610.1	219587	219609	2
CP142610.1	219609	219649	1
CP142610.1	219649	219777	2
CP142610.1	219777	219783	1
CP142610.1	219783	219820	2
CP142610.1	219820	219823	1
CP142610.1	219823	219862	2
CP142610.1	219862	219872	3
CP142610.1	219872	219881	2
CP142610.1	219881	219882	1
CP142610.1	219882	219930	2
CP142610.1	219930	219993	1
CP142610.1	219993	220059	2
CP142610.1	220059	220060	0
CP142610.1	220060	220061	1
CP142610.1	220061	220116	2
CP142610.1	220116	220130	1
CP142610.1	220130	220134	2
CP142610.1	220134	220167	3
CP142610.1	220167	220245	2
CP142610.1	220245	220248	1
CP142610.1	220248	220255	2
CP142610.1	220255	220294	1
CP142610.1	220294	220395	0
CP142610.1	220395	220410	1
CP142610.1	220410	220416	2
CP142610.1	220416	220479	3
CP142610.1	220479	220517	2
CP142610.1	220517	220521	3
CP142610.1	220521	220524	2
CP142610.1	220524	220541	3
CP142610.1	220541	220587	2
CP142610.1	220587	220591	0
CP142610.1	220591	220593	1
CP142610.1	220593	220606	2
CP142610.1	220606	220618	3
CP142610.1	220618	220639	4
CP142610.1	220639	220641	1
CP142610.1	220641	220657	4
CP142610.1	220657	220670	3
CP142610.1	220670	220671	2
CP142610.1	220671	220677	3
CP142610.1	220677	220678	0
CP142610.1	220678	220679	1
CP142610.1	220679	220723	3
CP142610.1	220723	220725	2
CP142610.1	220725	220727	4
CP142610.1	220727	220733	3
CP142610.1	220733	220756	4
CP142610.1	220756	220779	3
CP142610.1	220779	220781	2
CP142610.1	220781	220801	3
CP142610.1	220801	220807	2
CP142610.1	220807	220833	1
CP142610.1	220833	220834	0
CP142610.1	220834	220950	1
CP142610.1	220950	221003	2
CP142610.1	221003	221148	1
CP142610.1	221148	221172	2
CP142610.1	221172	221194	1
CP142610.1	221194	221270	0
CP142610.1	221270	221443	1
CP142610.1	221443	221445	0
CP142610.1	221445	221460	1
CP142610.1	221460	221494	2
CP142610.1	221494	221495	1
CP142610.1	221495	221502	2
CP142610.1	221502	221637	1
CP142610.1	221637	221640	0
CP142610.1	221640	221731	1
CP142610.1	221731	221892	0
CP142610.1	221892	221966	1
CP142610.1	221966	222009	0
CP142610.1	222009	222049	1
CP142610.1	222049	222312	0
CP142610.1	222312	222463	1
CP142610.1	222463	222499	2
CP142610.1	222499	222533	1
CP142610.1	222533	222561	2
CP142610.1	222561	222601	1
CP142610.1	222601	222713	0
CP142610.1	222713	222737	1
CP142610.1	222737	222738	0
CP142610.1	222738	222826	1
CP142610.1	222826	222886	0
CP142610.1	222886	222935	2
CP142610.1	222935	222973	3
CP142610.1	222973	223003	2
CP142610.1	223003	223004	1
CP142610.1	223004	223005	0
CP142610.1	223005	223009	1
CP142610.1	223009	223067	2
CP142610.1	223067	223069	1
CP142610.1	223069	223071	0
CP142610.1	223071	223110	1
CP142610.1	223110	223137	2
CP142610.1	223137	223138	1
CP142610.1	223138	223142	0
CP142610.1	223142	223200	2
CP142610.1	223200	223204	3
CP142610.1	223204	223206	2
CP142610.1	223206	223246	3
CP142610.1	223246	223278	2
CP142610.1	223278	223287	1
CP142610.1	223287	223288	0
CP142610.1	223288	223323	1
CP142610.1	223323	223362	2
CP142610.1	223362	223376	3
CP142610.1	223376	223418	4
CP142610.1	223418	223419	3
CP142610.1	223419	223530	2
CP142610.1	223530	223627	1
CP142610.1	223627	223645	2
CP142610.1	223645	223648	1
CP142610.1	223648	223670	2
CP142610.1	223670	223764	1
CP142610.1	223764	223827	2
CP142610.1	223827	223844	1
CP142610.1	223844	223846	0
CP142610.1	223846	223870	1
CP142610.1	223870	223894	2
CP142610.1	223894	223898	1
CP142610.1	223898	223918	2
CP142610.1	223918	223923	1
CP142610.1	223923	223935	2
CP142610.1	223935	223968	1
CP142610.1	223968	224026	2
CP142610.1	224026	224029	1
CP142610.1	224029	224032	0
CP142610.1	224032	224135	1
CP142610.1	224135	224187	2
CP142610.1	224187	224194	1
CP142610.1	224194	224282	0
CP142610.1	224282	224361	1
CP142610.1	224361	224379	2
CP142610.1	224379	224391	3
CP142610.1	224391	224447	2
CP142610.1	224447	224533	1
CP142610.1	224533	224655	0
CP142610.1	224655	224835	1
CP142610.1	224835	225004	0
CP142610.1	225004	225015	1
CP142610.1	225015	225034	2
CP142610.1	225034	225181	3
CP142610.1	225181	225218	2
CP142610.1	225218	225237	3
CP142610.1	225237	225325	2
CP142610.1	225325	225494	1
CP142610.1	225494	225497	0
CP142610.1	225497	225546	1
CP142610.1	225546	225578	0
CP142610.1	225578	225659	1
CP142610.1	225659	225666	2
CP142610.1	225666	225730	1
CP142610.1	225730	225901	0
CP142610.1	225901	225930	1
CP142610.1	225930	225951	2
CP142610.1	225951	226025	3
CP142610.1	226025	226043	2
CP142610.1	226043	226072	3
CP142610.1	226072	226158	2
CP142610.1	226158	226159	1
CP142610.1	226159	226162	2
CP142610.1	226162	226208	1
CP142610.1	226208	226227	0
CP142610.1	226227	226276	1
CP142610.1	226276	226284	2
CP142610.1	226284	226313	1
CP142610.1	226313	226342	2
CP142610.1	226342	226353	3
CP142610.1	226353	226358	2
CP142610.1	226358	226371	3
CP142610.1	226371	226372	2
CP142610.1	226372	226400	3
CP142610.1	226400	226402	2
CP142610.1	226402	226407	3
CP142610.1	226407	226408	2
CP142610.1	226408	226410	3
CP142610.1	226410	226455	2
CP142610.1	226455	226456	1
CP142610.1	226456	226468	2
CP142610.1	226468	226522	1
CP142610.1	226522	226537	0
CP142610.1	226537	226624	1
CP142610.1	226624	226684	2
CP142610.1	226684	226700	1
CP142610.1	226700	226728	0
CP142610.1	226728	226768	1
CP142610.1	226768	226827	2
CP142610.1	226827	226839	1
CP142610.1	226839	226842	0
CP142610.1	226842	226905	2
CP142610.1	226905	226962	1
CP142610.1	226962	227015	0
CP142610.1	227015	227037	1
CP142610.1	227037	227118	2
CP142610.1	227118	227122	3
CP142610.1	227122	227167	4
CP142610.1	227167	227176	3
CP142610.1	227176	227192	4
CP142610.1	227192	227239	3
CP142610.1	227239	227250	2
CP142610.1	227250	227264	1
CP142610.1	227264	227278	2
CP142610.1	227278	227338	3
CP142610.1	227338	227393	4
CP142610.1	227393	227395	3
CP142610.1	227395	227459	2
CP142610.1	227459	227506	1
CP142610.1	227506	227508	0
CP142610.1	227508	227543	1
CP142610.1	227543	227561	2
CP142610.1	227561	227580	3
CP142610.1	227580	227582	2
CP142610.1	227582	227657	3
CP142610.1	227657	227663	2
CP142610.1	227663	227680	3
CP142610.1	227680	227681	2
CP142610.1	227681	227779	3
CP142610.1	227779	227793	2
CP142610.1	227793	227799	1
CP142610.1	227799	227831	0
CP142610.1	227831	227916	1
CP142610.1	227916	227925	0
CP142610.1	227925	227957	1
CP142610.1	227957	227958	0
CP142610.1	227958	228006	1
CP142610.1	228006	228034	0
CP142610.1	228034	228039	1
CP142610.1	228039	228069	2
CP142610.1	228069	228072	1
CP142610.1	228072	228097	2
CP142610.1	228097	228141	1
CP142610.1	228141	228195	0
CP142610.1	228195	228203	1
CP142610.1	228203	228250	2
CP142610.1	228250	228251	1
CP142610.1	228251	228278	2
CP142610.1	228278	228343	1
CP142610.1	228343	228348	2
CP142610.1	228348	228363	3
CP142610.1	228363	228377	2
CP142610.1	228377	228390	3
CP142610.1	228390	228391	2
CP142610.1	228391	228402	3
CP142610.1	228402	228403	2
CP142610.1	228403	228421	3
CP142610.1	228421	228431	2
CP142610.1	228431	228437	1
CP142610.1	228437	228525	2
CP142610.1	228525	228534	1
CP142610.1	228534	228726	0
CP142610.1	228726	228825	1
CP142610.1	228825	228853	0
CP142610.1	228853	228958	1
CP142610.1	228958	229006	2
CP142610.1	229006	229036	1
CP142610.1	229036	229091	2
CP142610.1	229091	229138	3
CP142610.1	229138	229139	2
CP142610.1	229139	229241	1
CP142610.1	229241	229298	0
CP142610.1	229298	229366	1
CP142610.1	229366	229385	2
CP142610.1	229385	229395	1
CP142610.1	229395	229398	2
CP142610.1	229398	229399	1
CP142610.1	229399	229417	2
CP142610.1	229417	229441	1
CP142610.1	229441	229443	0
CP142610.1	229443	229449	1
CP142610.1	229449	229456	0
CP142610.1	229456	229482	1
CP142610.1	229482	229614	0
CP142610.1	229614	229649	1
CP142610.1	229649	229690	2
CP142610.1	229690	229691	1
CP142610.1	229691	229766	2
CP142610.1	229766	229828	3
CP142610.1	229828	229836	1
CP142610.1	229836	229839	0
CP142610.1	229839	229843	1
CP142610.1	229843	229931	2
CP142610.1	229931	229932	1
CP142610.1	229932	230079	2
CP142610.1	230079	230121	3
CP142610.1	230121	230153	2
CP142610.1	230153	230161	3
CP142610.1	230161	230211	2
CP142610.1	230211	230219	1
CP142610.1	230219	230284	2
CP142610.1	230284	230297	3
CP142610.1	230297	230298	2
CP142610.1	230298	230299	3
CP142610.1	230299	230314	4
CP142610.1	230314	230315	3
CP142610.1	230315	230374	4
CP142610.1	230374	230376	3
CP142610.1	230376	230377	2
CP142610.1	230377	230384	3
CP142610.1	230384	230385	2
CP142610.1	230385	230390	3
CP142610.1	230390	230459	2
CP142610.1	230459	230637	1
CP142610.1	230637	230691	2
CP142610.1	230691	230731	1
CP142610.1	230731	230897	0
CP142610.1	230897	230942	1
CP142610.1	230942	230949	0
CP142610.1	230949	231010	1
CP142610.1	231010	231032	2
CP142610.1	231032	231054	3
CP142610.1	231054	231057	2
CP142610.1	231057	231078	3
CP142610.1	231078	231079	2
CP142610.1	231079	231085	3
CP142610.1	231085	231137	4
CP142610.1	231137	231150	5
CP142610.1	231150	231167	4
CP142610.1	231167	231172	3
CP142610.1	231172	231173	2
CP142610.1	231173	231220	3
CP142610.1	231220	231243	2
CP142610.1	231243	231281	1
CP142610.1	231281	231382	0
CP142610.1	231382	231448	1
CP142610.1	231448	231449	0
CP142610.1	231449	231587	1
CP142610.1	231587	231631	0
CP142610.1	231631	231670	1
CP142610.1	231670	231672	0
CP142610.1	231672	231708	1
CP142610.1	231708	232112	0
CP142610.1	232112	232270	1
CP142610.1	232270	232485	0
CP142610.1	232485	232507	1
CP142610.1	232507	232589	2
CP142610.1	232589	232628	1
CP142610.1	232628	232762	0
CP142610.1	232762	232790	1
CP142610.1	232790	232846	2
CP142610.1	232846	232890	1
CP142610.1	232890	233012	0
CP142610.1	233012	233060	1
CP142610.1	233060	233100	2
CP142610.1	233100	233107	3
CP142610.1	233107	233125	2
CP142610.1	233125	233127	1
CP142610.1	233127	233131	2
CP142610.1	233131	233241	1
CP142610.1	233241	233265	2
CP142610.1	233265	233289	1
CP142610.1	233289	233294	2
CP142610.1	233294	233310	3
CP142610.1	233310	233324	2
CP142610.1	233324	233364	3
CP142610.1	233364	233381	2
CP142610.1	233381	233473	1
CP142610.1	233473	233490	2
CP142610.1	233490	233493	0
CP142610.1	233493	233549	2
CP142610.1	233549	233562	3
CP142610.1	233562	233581	2
CP142610.1	233581	233636	1
CP142610.1	233636	233723	0
CP142610.1	233723	233773	1
CP142610.1	233773	233792	0
CP142610.1	233792	233847	1
CP142610.1	233847	233850	0
CP142610.1	233850	233896	1
CP142610.1	233896	233906	0
CP142610.1	233906	234001	1
CP142610.1	234001	234017	0
CP142610.1	234017	234046	1
CP142610.1	234046	234053	0
CP142610.1	234053	234128	1
CP142610.1	234128	234165	0
CP142610.1	234165	234228	1
CP142610.1	234228	234229	0
CP142610.1	234229	234292	1
CP142610.1	234292	234359	0
CP142610.1	234359	234426	1
CP142610.1	234426	234447	0
CP142610.1	234447	234537	1
CP142610.1	234537	234539	0
CP142610.1	234539	234583	1
CP142610.1	234583	234596	0
CP142610.1	234596	234621	1
CP142610.1	234621	234629	2
CP142610.1	234629	234681	3
CP142610.1	234681	234690	2
CP142610.1	234690	234704	3
CP142610.1	234704	234735	2
CP142610.1	234735	234775	1
CP142610.1	234775	235050	0
CP142610.1	235050	235117	1
CP142610.1	235117	235120	0
CP142610.1	235120	235396	1
CP142610.1	235396	235398	0
CP142610.1	235398	235536	1
CP142610.1	235536	235576	0
CP142610.1	235576	235583	1
CP142610.1	235583	235728	2
CP142610.1	235728	235764	1
CP142610.1	235764	235800	2
CP142610.1	235800	235843	3
CP142610.1	235843	235849	1
CP142610.1	235849	235856	2
CP142610.1	235856	235880	3
CP142610.1	235880	235882	1
CP142610.1	235882	235888	3
CP142610.1	235888	235890	2
CP142610.1	235890	235912	3
CP142610.1	235912	235972	2
CP142610.1	235972	236085	1
CP142610.1	236085	236120	2
CP142610.1	236120	236129	1
CP142610.1	236129	236181	2
CP142610.1	236181	236200	3
CP142610.1	236200	236210	2
CP142610.1	236210	236272	1
CP142610.1	236272	236292	2
CP142610.1	236292	236315	3
CP142610.1	236315	236321	2
CP142610.1	236321	236322	3
CP142610.1	236322	236323	2
CP142610.1	236323	236349	3
CP142610.1	236349	236362	2
CP142610.1	236362	236366	1
CP142610.1	236366	236368	2
CP142610.1	236368	236429	3
CP142610.1	236429	236463	2
CP142610.1	236463	236464	1
CP142610.1	236464	236472	3
CP142610.1	236472	236474	2
CP142610.1	236474	236477	3
CP142610.1	236477	236494	4
CP142610.1	236494	236502	3
CP142610.1	236502	236535	4
CP142610.1	236535	236536	3
CP142610.1	236536	236551	4
CP142610.1	236551	236552	3
CP142610.1	236552	236554	4
CP142610.1	236554	236558	3
CP142610.1	236558	236576	2
CP142610.1	236576	236599	3
CP142610.1	236599	236609	2
CP142610.1	236609	236654	1
CP142610.1	236654	236689	2
CP142610.1	236689	236690	1
CP142610.1	236690	236835	2
CP142610.1	236835	236889	1
CP142610.1	236889	236949	0
CP142610.1	236949	237073	1
CP142610.1	237073	237076	0
CP142610.1	237076	237190	1
CP142610.1	237190	237247	0
CP142610.1	237247	237257	2
CP142610.1	237257	237319	3
CP142610.1	237319	237365	4
CP142610.1	237365	237407	5
CP142610.1	237407	237417	4
CP142610.1	237417	237427	2
CP142610.1	237427	237450	1
CP142610.1	237450	237458	0
CP142610.1	237458	237463	1
CP142610.1	237463	237464	0
CP142610.1	237464	237473	1
CP142610.1	237473	237474	0
CP142610.1	237474	237512	1
CP142610.1	237512	237585	2
CP142610.1	237585	237651	1
CP142610.1	237651	237783	2
CP142610.1	237783	237830	1
CP142610.1	237830	237941	0
CP142610.1	237941	238011	1
CP142610.1	238011	238027	2
CP142610.1	238027	238047	1
CP142610.1	238047	238105	2
CP142610.1	238105	238117	1
CP142610.1	238117	238199	0
CP142610.1	238199	238227	1
CP142610.1	238227	238266	2
CP142610.1	238266	238274	3
CP142610.1	238274	238294	2
CP142610.1	238294	238295	1
CP142610.1	238295	238318	2
CP142610.1	238318	238330	3
CP142610.1	238330	238331	2
CP142610.1	238331	238408	3
CP142610.1	238408	238429	2
CP142610.1	238429	238482	1
CP142610.1	238482	238500	2
CP142610.1	238500	238534	3
CP142610.1	238534	238561	2
CP142610.1	238561	238562	1
CP142610.1	238562	238563	0
CP142610.1	238563	238574	2
CP142610.1	238574	238576	1
CP142610.1	238576	238578	2
CP142610.1	238578	238752	1
CP142610.1	238752	238787	2
CP142610.1	238787	238827	1
CP142610.1	238827	238879	2
CP142610.1	238879	239093	1
CP142610.1	239093	239134	2
CP142610.1	239134	239139	3
CP142610.1	239139	239208	2
CP142610.1	239208	239210	1
CP142610.1	239210	239213	0
CP142610.1	239213	239231	2
CP142610.1	239231	239316	1
CP142610.1	239316	239347	0
CP142610.1	239347	239478	1
CP142610.1	239478	239495	0
CP142610.1	239495	239649	1
CP142610.1	239649	239726	2
CP142610.1	239726	239790	1
CP142610.1	239790	240102	0
CP142610.1	240102	240138	1
CP142610.1	240138	240139	0
CP142610.1	240139	240160	1
CP142610.1	240160	240167	0
CP142610.1	240167	240350	1
CP142610.1	240350	240378	0
CP142610.1	240378	240451	1
CP142610.1	240451	240501	0
CP142610.1	240501	240611	1
CP142610.1	240611	240650	0
CP142610.1	240650	240786	1
CP142610.1	240786	240787	0
CP142610.1	240787	240853	1
CP142610.1	240853	240917	2
CP142610.1	240917	240924	3
CP142610.1	240924	240947	2
CP142610.1	240947	240949	1
CP142610.1	240949	240979	2
CP142610.1	240979	240982	3
CP142610.1	240982	241026	2
CP142610.1	241026	241043	3
CP142610.1	241043	241114	2
CP142610.1	241114	241159	1
CP142610.1	241159	241206	2
CP142610.1	241206	241294	1
CP142610.1	241294	241296	0
CP142610.1	241296	241333	1
CP142610.1	241333	241482	0
CP142610.1	241482	241599	1
CP142610.1	241599	241626	0
CP142610.1	241626	241646	1
CP142610.1	241646	241647	2
CP142610.1	241647	241704	3
CP142610.1	241704	241721	2
CP142610.1	241721	241827	1
CP142610.1	241827	241828	0
CP142610.1	241828	241846	1
CP142610.1	241846	241861	0
CP142610.1	241861	241943	1
CP142610.1	241943	241999	2
CP142610.1	241999	242014	3
CP142610.1	242014	242015	1
CP142610.1	242015	242037	3
CP142610.1	242037	242040	2
CP142610.1	242040	242043	1
CP142610.1	242043	242046	2
CP142610.1	242046	242047	1
CP142610.1	242047	242083	2
CP142610.1	242083	242123	1
CP142610.1	242123	242220	0
CP142610.1	242220	242229	1
CP142610.1	242229	242230	0
CP142610.1	242230	242272	1
CP142610.1	242272	242318	2
CP142610.1	242318	242360	3
CP142610.1	242360	242362	2
CP142610.1	242362	242383	3
CP142610.1	242383	242393	2
CP142610.1	242393	242403	3
CP142610.1	242403	242415	4
CP142610.1	242415	242432	3
CP142610.1	242432	242456	2
CP142610.1	242456	242481	3
CP142610.1	242481	242519	2
CP142610.1	242519	242520	1
CP142610.1	242520	242528	2
CP142610.1	242528	242538	1
CP142610.1	242538	242564	2
CP142610.1	242564	242575	1
CP142610.1	242575	242576	2
CP142610.1	242576	242618	1
CP142610.1	242618	242679	2
CP142610.1	242679	242681	3
CP142610.1	242681	242683	2
CP142610.1	242683	242688	1
CP142610.1	242688	242708	2
CP142610.1	242708	242713	3
CP142610.1	242713	242714	2
CP142610.1	242714	242740	3
CP142610.1	242740	242758	4
CP142610.1	242758	242760	3
CP142610.1	242760	242772	4
CP142610.1	242772	242801	3
CP142610.1	242801	242828	2
CP142610.1	242828	242883	1
CP142610.1	242883	242908	2
CP142610.1	242908	242973	3
CP142610.1	242973	242986	2
CP142610.1	242986	242987	1
CP142610.1	242987	243002	2
CP142610.1	243002	243074	3
CP142610.1	243074	243081	2
CP142610.1	243081	243178	1
CP142610.1	243178	243186	2
CP142610.1	243186	243223	1
CP142610.1	243223	243228	0
CP142610.1	243228	243301	1
CP142610.1	243301	243314	0
CP142610.1	243314	243341	1
CP142610.1	243341	243406	2
CP142610.1	243406	243419	3
CP142610.1	243419	243424	4
CP142610.1	243424	243433	5
CP142610.1	243433	243434	4
CP142610.1	243434	243456	5
CP142610.1	243456	243459	6
CP142610.1	243459	243471	7
CP142610.1	243471	243487	6
CP142610.1	243487	243509	5
CP142610.1	243509	243511	4
CP142610.1	243511	243514	3
CP142610.1	243514	243557	2
CP142610.1	243557	243575	1
CP142610.1	243575	243589	0
CP142610.1	243589	243595	1
CP142610.1	243595	243608	0
CP142610.1	243608	243627	1
CP142610.1	243627	243633	0
CP142610.1	243633	243659	1
CP142610.1	243659	243662	0
CP142610.1	243662	243705	1
CP142610.1	243705	243706	0
CP142610.1	243706	243765	1
CP142610.1	243765	243767	0
CP142610.1	243767	243769	1
CP142610.1	243769	243801	2
CP142610.1	243801	243828	1
CP142610.1	243828	243878	0
CP142610.1	243878	243917	1
CP142610.1	243917	243919	0
CP142610.1	243919	243997	1
CP142610.1	243997	244112	0
CP142610.1	244112	244182	1
CP142610.1	244182	244183	0
CP142610.1	244183	244197	1
CP142610.1	244197	244209	2
CP142610.1	244209	244251	3
CP142610.1	244251	244286	2
CP142610.1	244286	244317	1
CP142610.1	244317	244435	0
CP142610.1	244435	244506	1
CP142610.1	244506	244555	2
CP142610.1	244555	244564	1
CP142610.1	244564	244669	2
CP142610.1	244669	244670	1
CP142610.1	244670	244706	0
CP142610.1	244706	244793	1
CP142610.1	244793	244795	0
CP142610.1	244795	244920	1
CP142610.1	244920	244947	2
CP142610.1	244947	244957	1
CP142610.1	244957	245004	2
CP142610.1	245004	245073	1
CP142610.1	245073	245086	2
CP142610.1	245086	245096	1
CP142610.1	245096	245142	2
CP142610.1	245142	245259	3
CP142610.1	245259	245276	4
CP142610.1	245276	245301	5
CP142610.1	245301	245311	4
CP142610.1	245311	245348	3
CP142610.1	245348	245370	2
CP142610.1	245370	245464	1
CP142610.1	245464	245488	0
CP142610.1	245488	245540	1
CP142610.1	245540	245553	2
CP142610.1	245553	245554	1
CP142610.1	245554	245651	2
CP142610.1	245651	245668	1
CP142610.1	245668	245986	0
CP142610.1	245986	246086	1
CP142610.1	246086	246103	0
CP142610.1	246103	246246	1
CP142610.1	246246	246251	0
CP142610.1	246251	246412	1
CP142610.1	246412	246431	2
CP142610.1	246431	246432	1
CP142610.1	246432	246538	2
CP142610.1	246538	246539	1
CP142610.1	246539	246564	2
CP142610.1	246564	246574	1
CP142610.1	246574	246581	0
CP142610.1	246581	246601	1
CP142610.1	246601	246680	2
CP142610.1	246680	246797	1
CP142610.1	246797	246798	0
CP142610.1	246798	246821	1
CP142610.1	246821	246937	0
CP142610.1	246937	247149	1
CP142610.1	247149	247182	0
CP142610.1	247182	247388	1
CP142610.1	247388	247408	2
CP142610.1	247408	247436	1
CP142610.1	247436	247460	2
CP142610.1	247460	247542	3
CP142610.1	247542	247570	2
CP142610.1	247570	247597	1
CP142610.1	247597	247624	2
CP142610.1	247624	247663	1
CP142610.1	247663	247667	0
CP142610.1	247667	247682	1
CP142610.1	247682	247728	2
CP142610.1	247728	247870	1
CP142610.1	247870	247971	0
CP142610.1	247971	248147	1
CP142610.1	248147	248226	0
CP142610.1	248226	248319	1
CP142610.1	248319	248360	0
CP142610.1	248360	248484	1
CP142610.1	248484	248961	0
CP142610.1	248961	248999	1
CP142610.1	248999	249000	0
CP142610.1	249000	249029	1
CP142610.1	249029	249051	0
CP142610.1	249051	249073	1
CP142610.1	249073	249082	0
CP142610.1	249082	249100	1
CP142610.1	249100	249109	0
CP142610.1	249109	249266	1
CP142610.1	249266	249280	2
CP142610.1	249280	249443	1
CP142610.1	249443	249448	2
CP142610.1	249448	249528	1
CP142610.1	249528	249542	0
CP142610.1	249542	249595	1
CP142610.1	249595	249625	0
CP142610.1	249625	249629	1
CP142610.1	249629	249703	2
CP142610.1	249703	249768	1
CP142610.1	249768	249776	2
CP142610.1	249776	249818	1
CP142610.1	249818	249819	0
CP142610.1	249819	249834	1
CP142610.1	249834	249842	0
CP142610.1	249842	249943	1
CP142610.1	249943	249989	2
CP142610.1	249989	250142	1
CP142610.1	250142	250166	2
CP142610.1	250166	250181	3
CP142610.1	250181	250183	2
CP142610.1	250183	250185	3
CP142610.1	250185	250186	2
CP142610.1	250186	250213	4
CP142610.1	250213	250229	3
CP142610.1	250229	250239	2
CP142610.1	250239	250362	1
CP142610.1	250362	250365	2
CP142610.1	250365	250406	3
CP142610.1	250406	250407	2
CP142610.1	250407	250409	1
CP142610.1	250409	250492	2
CP142610.1	250492	250504	1
CP142610.1	250504	250522	0
CP142610.1	250522	250539	1
CP142610.1	250539	250598	2
CP142610.1	250598	250658	1
CP142610.1	250658	251032	0
CP142610.1	251032	251042	1
CP142610.1	251042	251043	0
CP142610.1	251043	251295	1
CP142610.1	251295	251319	2
CP142610.1	251319	251379	1
CP142610.1	251379	251480	0
CP142610.1	251480	251613	1
CP142610.1	251613	251620	2
CP142610.1	251620	251622	1
CP142610.1	251622	251711	2
CP142610.1	251711	251712	1
CP142610.1	251712	251742	2
CP142610.1	251742	251788	1
CP142610.1	251788	251826	0
CP142610.1	251826	251863	1
CP142610.1	251863	251902	2
CP142610.1	251902	251905	1
CP142610.1	251905	251923	2
CP142610.1	251923	251925	1
CP142610.1	251925	251953	2
CP142610.1	251953	252014	1
CP142610.1	252014	252042	2
CP142610.1	252042	252114	1
CP142610.1	252114	252119	2
CP142610.1	252119	252162	3
CP142610.1	252162	252185	4
CP142610.1	252185	252222	3
CP142610.1	252222	252224	2
CP142610.1	252224	252298	1
CP142610.1	252298	252339	0
CP142610.1	252339	252421	1
CP142610.1	252421	252464	0
CP142610.1	252464	252533	1
CP142610.1	252533	252551	0
CP142610.1	252551	252600	1
CP142610.1	252600	252618	2
CP142610.1	252618	252620	3
CP142610.1	252620	252623	2
CP142610.1	252623	252647	3
CP142610.1	252647	252693	2
CP142610.1	252693	252707	3
CP142610.1	252707	252708	2
CP142610.1	252708	252745	3
CP142610.1	252745	252776	2
CP142610.1	252776	252779	1
CP142610.1	252779	252780	0
CP142610.1	252780	252787	1
CP142610.1	252787	252825	2
CP142610.1	252825	252948	1
CP142610.1	252948	252951	0
CP142610.1	252951	252981	1
CP142610.1	252981	253055	2
CP142610.1	253055	253072	1
CP142610.1	253072	253204	0
CP142610.1	253204	253301	1
CP142610.1	253301	253302	0
CP142610.1	253302	253372	1
CP142610.1	253372	253403	0
CP142610.1	253403	253414	1
CP142610.1	253414	253479	2
CP142610.1	253479	253570	1
CP142610.1	253570	253571	0
CP142610.1	253571	253618	1
CP142610.1	253618	253638	2
CP142610.1	253638	253640	1
CP142610.1	253640	253677	2
CP142610.1	253677	253688	1
CP142610.1	253688	253712	0
CP142610.1	253712	253744	1
CP142610.1	253744	253810	2
CP142610.1	253810	253811	1
CP142610.1	253811	253843	2
CP142610.1	253843	253854	3
CP142610.1	253854	253884	2
CP142610.1	253884	253920	1
CP142610.1	253920	253967	0
CP142610.1	253967	254057	1
CP142610.1	254057	254107	2
CP142610.1	254107	254110	1
CP142610.1	254110	254189	2
CP142610.1	254189	254192	1
CP142610.1	254192	254196	2
CP142610.1	254196	254203	3
CP142610.1	254203	254204	2
CP142610.1	254204	254232	3
CP142610.1	254232	254236	2
CP142610.1	254236	254261	1
CP142610.1	254261	254272	0
CP142610.1	254272	254316	1
CP142610.1	254316	254349	0
CP142610.1	254349	254419	1
CP142610.1	254419	254420	0
CP142610.1	254420	254423	1
CP142610.1	254423	254428	0
CP142610.1	254428	254436	1
CP142610.1	254436	254452	2
CP142610.1	254452	254462	1
CP142610.1	254462	254487	2
CP142610.1	254487	254550	1
CP142610.1	254550	254551	0
CP142610.1	254551	254629	1
CP142610.1	254629	254630	0
CP142610.1	254630	254683	1
CP142610.1	254683	254700	0
CP142610.1	254700	254803	1
CP142610.1	254803	254871	2
CP142610.1	254871	254910	3
CP142610.1	254910	255035	2
CP142610.1	255035	255036	1
CP142610.1	255036	255056	3
CP142610.1	255056	255077	2
CP142610.1	255077	255204	1
CP142610.1	255204	255218	2
CP142610.1	255218	255221	1
CP142610.1	255221	255256	2
CP142610.1	255256	255259	3
CP142610.1	255259	255262	2
CP142610.1	255262	255328	3
CP142610.1	255328	255371	2
CP142610.1	255371	255434	1
CP142610.1	255434	255463	0
CP142610.1	255463	255466	1
CP142610.1	255466	255560	2
CP142610.1	255560	255585	3
CP142610.1	255585	255680	2
CP142610.1	255680	255690	3
CP142610.1	255690	255734	2
CP142610.1	255734	255738	1
CP142610.1	255738	255830	2
CP142610.1	255830	255906	1
CP142610.1	255906	255916	2
CP142610.1	255916	255918	1
CP142610.1	255918	255968	2
CP142610.1	255968	256003	3
CP142610.1	256003	256021	2
CP142610.1	256021	256082	3
CP142610.1	256082	256088	4
CP142610.1	256088	256093	3
CP142610.1	256093	256094	4
CP142610.1	256094	256167	3
CP142610.1	256167	256169	2
CP142610.1	256169	256220	1
CP142610.1	256220	256252	2
CP142610.1	256252	256405	1
CP142610.1	256405	256449	2
CP142610.1	256449	256450	1
CP142610.1	256450	256470	2
CP142610.1	256470	256488	1
CP142610.1	256488	256529	2
CP142610.1	256529	256553	3
CP142610.1	256553	256574	2
CP142610.1	256574	256618	3
CP142610.1	256618	256636	2
CP142610.1	256636	256680	1
CP142610.1	256680	256683	0
CP142610.1	256683	256860	1
CP142610.1	256860	257185	0
CP142610.1	257185	257297	1
CP142610.1	257297	257306	2
CP142610.1	257306	257307	0
CP142610.1	257307	257320	2
CP142610.1	257320	257329	1
CP142610.1	257329	257349	2
CP142610.1	257349	257414	1
CP142610.1	257414	257417	0
CP142610.1	257417	257447	1
CP142610.1	257447	257675	0
CP142610.1	257675	257704	1
CP142610.1	257704	257707	0
CP142610.1	257707	257743	1
CP142610.1	257743	257775	0
CP142610.1	257775	257777	1
CP142610.1	257777	257842	2
CP142610.1	257842	257875	3
CP142610.1	257875	257985	2
CP142610.1	257985	257987	1
CP142610.1	257987	258050	0
CP142610.1	258050	258176	1
CP142610.1	258176	258407	0
CP142610.1	258407	258467	1
CP142610.1	258467	258468	0
CP142610.1	258468	258505	1
CP142610.1	258505	258510	0
CP142610.1	258510	258547	1
CP142610.1	258547	258566	0
CP142610.1	258566	258669	1
CP142610.1	258669	258671	2
CP142610.1	258671	258721	3
CP142610.1	258721	258722	2
CP142610.1	258722	258737	3
CP142610.1	258737	258738	2
CP142610.1	258738	258740	3
CP142610.1	258740	258741	2
CP142610.1	258741	258780	3
CP142610.1	258780	258800	2
CP142610.1	258800	258801	1
CP142610.1	258801	258838	2
CP142610.1	258838	258846	0
CP142610.1	258846	258873	2
CP142610.1	258873	258876	1
CP142610.1	258876	258914	2
CP142610.1	258914	259033	1
CP142610.1	259033	259044	2
CP142610.1	259044	259046	1
CP142610.1	259046	259078	2
CP142610.1	259078	259081	3
CP142610.1	259081	259086	4
CP142610.1	259086	259099	3
CP142610.1	259099	259120	4
CP142610.1	259120	259121	3
CP142610.1	259121	259124	4
CP142610.1	259124	259183	3
CP142610.1	259183	259197	2
CP142610.1	259197	259199	1
CP142610.1	259199	259212	2
CP142610.1	259212	259227	3
CP142610.1	259227	259230	4
CP142610.1	259230	259231	3
CP142610.1	259231	259264	4
CP142610.1	259264	259274	3
CP142610.1	259274	259276	2
CP142610.1	259276	259281	3
CP142610.1	259281	259286	1
CP142610.1	259286	259288	2
CP142610.1	259288	259311	1
CP142610.1	259311	259331	2
CP142610.1	259331	259401	1
CP142610.1	259401	259498	2
CP142610.1	259498	259501	1
CP142610.1	259501	259536	2
CP142610.1	259536	259563	1
CP142610.1	259563	259585	2
CP142610.1	259585	259643	1
CP142610.1	259643	259644	0
CP142610.1	259644	259679	1
CP142610.1	259679	259688	0
CP142610.1	259688	259803	1
CP142610.1	259803	259835	2
CP142610.1	259835	259971	1
CP142610.1	259971	259999	2
CP142610.1	259999	260064	1
CP142610.1	260064	260124	2
CP142610.1	260124	260132	1
CP142610.1	260132	260150	2
CP142610.1	260150	260223	1
CP142610.1	260223	260297	0
CP142610.1	260297	260301	1
CP142610.1	260301	260370	2
CP142610.1	260370	260432	3
CP142610.1	260432	260433	2
CP142610.1	260433	260438	3
CP142610.1	260438	260439	2
CP142610.1	260439	260442	3
CP142610.1	260442	260480	2
CP142610.1	260480	260481	1
CP142610.1	260481	260508	3
CP142610.1	260508	260573	2
CP142610.1	260573	260601	3
CP142610.1	260601	260604	1
CP142610.1	260604	260688	2
CP142610.1	260688	260728	1
CP142610.1	260728	260884	0
CP142610.1	260884	260984	1
CP142610.1	260984	260986	0
CP142610.1	260986	261024	1
CP142610.1	261024	261025	0
CP142610.1	261025	261030	1
CP142610.1	261030	261099	2
CP142610.1	261099	261100	0
CP142610.1	261100	261141	2
CP142610.1	261141	261148	1
CP142610.1	261148	261169	2
CP142610.1	261169	261204	1
CP142610.1	261204	261256	2
CP142610.1	261256	261268	1
CP142610.1	261268	261278	2
CP142610.1	261278	261285	1
CP142610.1	261285	261415	0
CP142610.1	261415	261557	1
CP142610.1	261557	261615	2
CP142610.1	261615	261622	1
CP142610.1	261622	261735	2
CP142610.1	261735	261761	1
CP142610.1	261761	261762	0
CP142610.1	261762	261789	1
CP142610.1	261789	261839	2
CP142610.1	261839	261896	1
CP142610.1	261896	261983	2
CP142610.1	261983	261986	1
CP142610.1	261986	262170	0
CP142610.1	262170	262189	1
CP142610.1	262189	262192	0
CP142610.1	262192	262343	1
CP142610.1	262343	262345	0
CP142610.1	262345	262348	1
CP142610.1	262348	262349	0
CP142610.1	262349	262401	1
CP142610.1	262401	262617	0
CP142610.1	262617	262633	1
CP142610.1	262633	262657	2
CP142610.1	262657	262660	1
CP142610.1	262660	262723	2
CP142610.1	262723	262792	1
CP142610.1	262792	262794	0
CP142610.1	262794	262966	1
CP142610.1	262966	263063	0
CP142610.1	263063	263077	1
CP142610.1	263077	263080	0
CP142610.1	263080	263091	1
CP142610.1	263091	263098	0
CP142610.1	263098	263107	1
CP142610.1	263107	263108	0
CP142610.1	263108	263257	1
CP142610.1	263257	263272	2
CP142610.1	263272	263280	3
CP142610.1	263280	263315	2
CP142610.1	263315	263381	1
CP142610.1	263381	263556	0
CP142610.1	263556	263607	1
CP142610.1	263607	263684	2
CP142610.1	263684	263685	1
CP142610.1	263685	263701	2
CP142610.1	263701	263823	1
CP142610.1	263823	263860	2
CP142610.1	263860	263861	1
CP142610.1	263861	263877	2
CP142610.1	263877	263902	1
CP142610.1	263902	264277	0
CP142610.1	264277	264411	1
CP142610.1	264411	264455	0
CP142610.1	264455	264522	1
CP142610.1	264522	264529	2
CP142610.1	264529	264554	1
CP142610.1	264554	264558	0
CP142610.1	264558	264711	1
CP142610.1	264711	264714	0
CP142610.1	264714	264778	1
CP142610.1	264778	264788	0
CP142610.1	264788	264867	1
CP142610.1	264867	264979	2
CP142610.1	264979	264985	1
CP142610.1	264985	265013	0
CP142610.1	265013	265014	1
CP142610.1	265014	265019	2
CP142610.1	265019	265020	0
CP142610.1	265020	265053	2
CP142610.1	265053	265067	3
CP142610.1	265067	265202	2
CP142610.1	265202	265393	1
CP142610.1	265393	265456	2
CP142610.1	265456	265495	3
CP142610.1	265495	265510	2
CP142610.1	265510	265544	1
CP142610.1	265544	265637	0
CP142610.1	265637	265667	1
CP142610.1	265667	265685	2
CP142610.1	265685	265695	3
CP142610.1	265695	265732	2
CP142610.1	265732	265858	1
CP142610.1	265858	265917	0
CP142610.1	265917	266012	1
CP142610.1	266012	266014	0
CP142610.1	266014	266107	1
CP142610.1	266107	266117	0
CP142610.1	266117	266141	1
CP142610.1	266141	266146	0
CP142610.1	266146	266188	1
CP142610.1	266188	266213	2
CP142610.1	266213	266215	1
CP142610.1	266215	266227	2
CP142610.1	266227	266230	0
CP142610.1	266230	266244	2
CP142610.1	266244	266258	3
CP142610.1	266258	266260	1
CP142610.1	266260	266263	2
CP142610.1	266263	266264	1
CP142610.1	266264	266290	2
CP142610.1	266290	266347	1
CP142610.1	266347	266384	0
CP142610.1	266384	266599	1
CP142610.1	266599	266650	0
CP142610.1	266650	266783	1
CP142610.1	266783	266916	0
CP142610.1	266916	266937	1
CP142610.1	266937	267010	2
CP142610.1	267010	267011	1
CP142610.1	267011	267026	2
CP142610.1	267026	267061	1
CP142610.1	267061	267201	2
CP142610.1	267201	267208	1
CP142610.1	267208	267226	2
CP142610.1	267226	267228	1
CP142610.1	267228	267307	2
CP142610.1	267307	267313	1
CP142610.1	267313	267472	0
CP142610.1	267472	267488	1
CP142610.1	267488	267506	2
CP142610.1	267506	267507	1
CP142610.1	267507	267574	2
CP142610.1	267574	267577	1
CP142610.1	267577	267579	0
CP142610.1	267579	267620	1
CP142610.1	267620	267641	2
CP142610.1	267641	267687	3
CP142610.1	267687	267707	2
CP142610.1	267707	267730	1
CP142610.1	267730	267905	0
CP142610.1	267905	267911	1
CP142610.1	267911	267959	2
CP142610.1	267959	267995	3
CP142610.1	267995	268001	2
CP142610.1	268001	268062	1
CP142610.1	268062	268082	2
CP142610.1	268082	268130	1
CP142610.1	268130	268249	0
CP142610.1	268249	268262	1
CP142610.1	268262	268299	2
CP142610.1	268299	268300	3
CP142610.1	268300	268348	4
CP142610.1	268348	268409	5
CP142610.1	268409	268410	4
CP142610.1	268410	268505	3
CP142610.1	268505	268520	2
CP142610.1	268520	268521	1
CP142610.1	268521	268537	2
CP142610.1	268537	268539	1
CP142610.1	268539	268578	2
CP142610.1	268578	268642	1
CP142610.1	268642	268659	0
CP142610.1	268659	268919	1
CP142610.1	268919	268935	2
CP142610.1	268935	268962	3
CP142610.1	268962	268963	2
CP142610.1	268963	268965	3
CP142610.1	268965	268967	2
CP142610.1	268967	269150	3
CP142610.1	269150	269181	2
CP142610.1	269181	269274	1
CP142610.1	269274	269311	2
CP142610.1	269311	269331	3
CP142610.1	269331	269332	2
CP142610.1	269332	269349	3
CP142610.1	269349	269379	2
CP142610.1	269379	269440	1
CP142610.1	269440	269448	2
CP142610.1	269448	269482	1
CP142610.1	269482	269535	2
CP142610.1	269535	269659	1
CP142610.1	269659	269728	0
CP142610.1	269728	269742	1
CP142610.1	269742	269743	0
CP142610.1	269743	269859	1
CP142610.1	269859	269888	0
CP142610.1	269888	270073	1
CP142610.1	270073	270119	0
CP142610.1	270119	270148	1
CP142610.1	270148	270149	0
CP142610.1	270149	270241	1
CP142610.1	270241	270298	0
CP142610.1	270298	270359	1
CP142610.1	270359	270362	0
CP142610.1	270362	270383	1
CP142610.1	270383	270384	0
CP142610.1	270384	270394	1
CP142610.1	270394	270395	0
CP142610.1	270395	270462	1
CP142610.1	270462	270534	0
CP142610.1	270534	270542	1
CP142610.1	270542	270593	2
CP142610.1	270593	270608	1
CP142610.1	270608	270659	2
CP142610.1	270659	270707	3
CP142610.1	270707	270710	2
CP142610.1	270710	270779	3
CP142610.1	270779	270834	2
CP142610.1	270834	270899	1
CP142610.1	270899	271032	0
CP142610.1	271032	271071	1
CP142610.1	271071	271143	2
CP142610.1	271143	271148	1
CP142610.1	271148	271268	0
CP142610.1	271268	271271	1
CP142610.1	271271	271315	2
CP142610.1	271315	271369	3
CP142610.1	271369	271371	2
CP142610.1	271371	271372	1
CP142610.1	271372	271412	3
CP142610.1	271412	271413	2
CP142610.1	271413	271454	3
CP142610.1	271454	271545	2
CP142610.1	271545	271570	3
CP142610.1	271570	271584	2
CP142610.1	271584	271640	1
CP142610.1	271640	271725	0
CP142610.1	271725	271877	1
CP142610.1	271877	272211	0
CP142610.1	272211	272223	1
CP142610.1	272223	272265	2
CP142610.1	272265	272308	1
CP142610.1	272308	272381	2
CP142610.1	272381	272410	1
CP142610.1	272410	272521	2
CP142610.1	272521	272586	1
CP142610.1	272586	272596	0
CP142610.1	272596	272597	1
CP142610.1	272597	272642	2
CP142610.1	272642	272669	1
CP142610.1	272669	272773	2
CP142610.1	272773	272809	1
CP142610.1	272809	272856	2
CP142610.1	272856	272942	1
CP142610.1	272942	272954	0
CP142610.1	272954	272990	1
CP142610.1	272990	273048	2
CP142610.1	273048	273050	1
CP142610.1	273050	273067	2
CP142610.1	273067	273071	1
CP142610.1	273071	273127	0
CP142610.1	273127	273188	1
CP142610.1	273188	273328	0
CP142610.1	273328	273490	1
CP142610.1	273490	273549	0
CP142610.1	273549	273567	1
CP142610.1	273567	273598	2
CP142610.1	273598	273599	1
CP142610.1	273599	273612	2
CP142610.1	273612	273632	1
CP142610.1	273632	273633	0
CP142610.1	273633	273782	1
CP142610.1	273782	273874	0
CP142610.1	273874	273978	1
CP142610.1	273978	274034	0
CP142610.1	274034	274083	1
CP142610.1	274083	274093	0
CP142610.1	274093	274270	1
CP142610.1	274270	274308	2
CP142610.1	274308	274492	1
CP142610.1	274492	274514	0
CP142610.1	274514	274556	1
CP142610.1	274556	274608	2
CP142610.1	274608	274622	3
CP142610.1	274622	274676	2
CP142610.1	274676	274677	0
CP142610.1	274677	274734	2
CP142610.1	274734	274850	1
CP142610.1	274850	274890	2
CP142610.1	274890	274901	1
CP142610.1	274901	275002	0
CP142610.1	275002	275044	1
CP142610.1	275044	275096	2
CP142610.1	275096	275155	1
CP142610.1	275155	275240	0
CP142610.1	275240	275274	1
CP142610.1	275274	275291	2
CP142610.1	275291	275337	3
CP142610.1	275337	275397	4
CP142610.1	275397	275404	5
CP142610.1	275404	275405	1
CP142610.1	275405	275434	5
CP142610.1	275434	275454	6
CP142610.1	275454	275456	5
CP142610.1	275456	275464	4
CP142610.1	275464	275466	3
CP142610.1	275466	275501	2
CP142610.1	275501	275585	1
CP142610.1	275585	275626	2
CP142610.1	275626	275637	1
CP142610.1	275637	275693	0
CP142610.1	275693	275836	1
CP142610.1	275836	275849	2
CP142610.1	275849	275890	3
CP142610.1	275890	275891	2
CP142610.1	275891	275934	3
CP142610.1	275934	275938	4
CP142610.1	275938	275959	3
CP142610.1	275959	275965	2
CP142610.1	275965	275971	1
CP142610.1	275971	275981	0
CP142610.1	275981	276112	1
CP142610.1	276112	276202	0
CP142610.1	276202	276269	1
CP142610.1	276269	276349	0
CP142610.1	276349	276422	1
CP142610.1	276422	277062	0
CP142610.1	277062	277065	1
CP142610.1	277065	277067	2
CP142610.1	277067	277079	3
CP142610.1	277079	277081	4
CP142610.1	277081	277082	3
CP142610.1	277082	277086	4
CP142610.1	277086	277098	3
CP142610.1	277098	277099	4
CP142610.1	277099	277103	6
CP142610.1	277103	277162	5
CP142610.1	277162	277170	4
CP142610.1	277170	277184	5
CP142610.1	277184	277226	4
CP142610.1	277226	277249	3
CP142610.1	277249	277302	2
CP142610.1	277302	277303	1
CP142610.1	277303	277337	2
CP142610.1	277337	277374	1
CP142610.1	277374	277433	2
CP142610.1	277433	277489	3
CP142610.1	277489	277491	2
CP142610.1	277491	277545	1
CP142610.1	277545	277555	0
CP142610.1	277555	277617	1
CP142610.1	277617	277639	0
CP142610.1	277639	277689	1
CP142610.1	277689	277708	2
CP142610.1	277708	277709	3
CP142610.1	277709	277821	2
CP142610.1	277821	277888	3
CP142610.1	277888	277894	2
CP142610.1	277894	277957	1
CP142610.1	277957	278025	2
CP142610.1	278025	278026	1
CP142610.1	278026	278027	0
CP142610.1	278027	278028	1
CP142610.1	278028	278099	2
CP142610.1	278099	278130	1
CP142610.1	278130	278193	0
CP142610.1	278193	278254	1
CP142610.1	278254	278292	2
CP142610.1	278292	278321	3
CP142610.1	278321	278389	2
CP142610.1	278389	278394	1
CP142610.1	278394	278420	2
CP142610.1	278420	278446	1
CP142610.1	278446	278564	0
CP142610.1	278564	278575	1
CP142610.1	278575	278578	0
CP142610.1	278578	278593	1
CP142610.1	278593	278613	2
CP142610.1	278613	278715	3
CP142610.1	278715	278733	2
CP142610.1	278733	278734	3
CP142610.1	278734	278813	4
CP142610.1	278813	278822	3
CP142610.1	278822	278824	1
CP142610.1	278824	278878	2
CP142610.1	278878	278879	1
CP142610.1	278879	278947	2
CP142610.1	278947	278982	1
CP142610.1	278982	279036	0
CP142610.1	279036	279086	1
CP142610.1	279086	279107	2
CP142610.1	279107	279169	1
CP142610.1	279169	279182	2
CP142610.1	279182	279185	1
CP142610.1	279185	279212	2
CP142610.1	279212	279213	1
CP142610.1	279213	279218	2
CP142610.1	279218	279253	1
CP142610.1	279253	279268	2
CP142610.1	279268	279386	1
CP142610.1	279386	279387	0
CP142610.1	279387	279453	1
CP142610.1	279453	279456	0
CP142610.1	279456	279466	1
CP142610.1	279466	279574	0
CP142610.1	279574	279635	1
CP142610.1	279635	279636	0
CP142610.1	279636	279647	1
CP142610.1	279647	279833	2
CP142610.1	279833	279886	1
CP142610.1	279886	279891	2
CP142610.1	279891	279897	1
CP142610.1	279897	279945	2
CP142610.1	279945	279946	1
CP142610.1	279946	279948	2
CP142610.1	279948	280057	3
CP142610.1	280057	280058	1
CP142610.1	280058	280116	2
CP142610.1	280116	280239	1
CP142610.1	280239	280240	0
CP142610.1	280240	280285	1
CP142610.1	280285	280287	0
CP142610.1	280287	280314	1
CP142610.1	280314	280432	0
CP142610.1	280432	280462	1
CP142610.1	280462	280470	0
CP142610.1	280470	280471	1
CP142610.1	280471	280481	2
CP142610.1	280481	280482	0
CP142610.1	280482	280548	2
CP142610.1	280548	280549	1
CP142610.1	280549	280568	2
CP142610.1	280568	280617	3
CP142610.1	280617	280633	4
CP142610.1	280633	280675	5
CP142610.1	280675	280677	6
CP142610.1	280677	280684	5
CP142610.1	280684	280726	4
CP142610.1	280726	280732	3
CP142610.1	280732	280736	4
CP142610.1	280736	280737	3
CP142610.1	280737	280781	4
CP142610.1	280781	280786	3
CP142610.1	280786	280787	2
CP142610.1	280787	280840	3
CP142610.1	280840	280843	4
CP142610.1	280843	280887	3
CP142610.1	280887	280893	2
CP142610.1	280893	281019	1
CP142610.1	281019	281254	0
CP142610.1	281254	281329	1
CP142610.1	281329	281483	0
CP142610.1	281483	281690	1
CP142610.1	281690	281710	0
CP142610.1	281710	281765	1
CP142610.1	281765	281788	2
CP142610.1	281788	281953	1
CP142610.1	281953	281956	0
CP142610.1	281956	281987	1
CP142610.1	281987	281988	0
CP142610.1	281988	282036	2
CP142610.1	282036	282172	1
CP142610.1	282172	282197	2
CP142610.1	282197	282204	1
CP142610.1	282204	282205	0
CP142610.1	282205	282344	1
CP142610.1	282344	282405	0
CP142610.1	282405	282548	1
CP142610.1	282548	282644	0
CP142610.1	282644	282703	1
CP142610.1	282703	282712	2
CP142610.1	282712	282727	3
CP142610.1	282727	282767	4
CP142610.1	282767	282821	3
CP142610.1	282821	282889	2
CP142610.1	282889	282893	3
CP142610.1	282893	282913	2
CP142610.1	282913	282990	1
CP142610.1	282990	282995	2
CP142610.1	282995	283054	3
CP142610.1	283054	283111	2
CP142610.1	283111	283113	0
CP142610.1	283113	283116	1
CP142610.1	283116	283155	2
CP142610.1	283155	283185	3
CP142610.1	283185	283194	2
CP142610.1	283194	283200	3
CP142610.1	283200	283250	2
CP142610.1	283250	283304	1
CP142610.1	283304	283316	0
CP142610.1	283316	283325	1
CP142610.1	283325	283370	2
CP142610.1	283370	283481	3
CP142610.1	283481	283505	4
CP142610.1	283505	283546	3
CP142610.1	283546	283607	2
CP142610.1	283607	283640	1
CP142610.1	283640	283645	0
CP142610.1	283645	283674	1
CP142610.1	283674	283712	0
CP142610.1	283712	283727	1
CP142610.1	283727	283772	2
CP142610.1	283772	283773	1
CP142610.1	283773	283805	2
CP142610.1	283805	283834	1
CP142610.1	283834	284162	0
CP142610.1	284162	284253	1
CP142610.1	284253	284254	0
CP142610.1	284254	284296	1
CP142610.1	284296	284337	2
CP142610.1	284337	284338	1
CP142610.1	284338	284348	2
CP142610.1	284348	284349	1
CP142610.1	284349	284369	2
CP142610.1	284369	284387	1
CP142610.1	284387	284471	0
CP142610.1	284471	284519	1
CP142610.1	284519	284566	2
CP142610.1	284566	284600	3
CP142610.1	284600	284644	4
CP142610.1	284644	284646	3
CP142610.1	284646	284653	4
CP142610.1	284653	284760	3
CP142610.1	284760	284842	2
CP142610.1	284842	284843	1
CP142610.1	284843	284861	2
CP142610.1	284861	284867	1
CP142610.1	284867	284940	0
CP142610.1	284940	284958	1
CP142610.1	284958	284960	0
CP142610.1	284960	285086	1
CP142610.1	285086	285087	0
CP142610.1	285087	285102	1
CP142610.1	285102	285112	0
CP142610.1	285112	285165	1
CP142610.1	285165	285172	0
CP142610.1	285172	285346	1
CP142610.1	285346	285347	0
CP142610.1	285347	285365	1
CP142610.1	285365	285386	0
CP142610.1	285386	285396	1
CP142610.1	285396	285397	0
CP142610.1	285397	285410	1
CP142610.1	285410	285411	0
CP142610.1	285411	285452	1
CP142610.1	285452	285527	0
CP142610.1	285527	285688	1
CP142610.1	285688	285731	2
CP142610.1	285731	285746	3
CP142610.1	285746	285785	2
CP142610.1	285785	285789	3
CP142610.1	285789	285819	2
CP142610.1	285819	285829	3
CP142610.1	285829	285846	4
CP142610.1	285846	285868	3
CP142610.1	285868	285916	4
CP142610.1	285916	285947	3
CP142610.1	285947	285960	2
CP142610.1	285960	285972	1
CP142610.1	285972	286227	0
CP142610.1	286227	286231	1
CP142610.1	286231	286276	2
CP142610.1	286276	286278	1
CP142610.1	286278	286294	2
CP142610.1	286294	286317	1
CP142610.1	286317	286318	0
CP142610.1	286318	286414	1
CP142610.1	286414	286471	2
CP142610.1	286471	286505	1
CP142610.1	286505	286567	0
CP142610.1	286567	286590	1
CP142610.1	286590	286639	2
CP142610.1	286639	286715	1
CP142610.1	286715	286746	0
CP142610.1	286746	286834	1
CP142610.1	286834	286837	0
CP142610.1	286837	286847	1
CP142610.1	286847	286848	0
CP142610.1	286848	286893	1
CP142610.1	286893	286900	2
CP142610.1	286900	286903	1
CP142610.1	286903	286913	2
CP142610.1	286913	286927	1
CP142610.1	286927	286942	2
CP142610.1	286942	286990	3
CP142610.1	286990	286991	2
CP142610.1	286991	287014	1
CP142610.1	287014	287015	0
CP142610.1	287015	287051	1
CP142610.1	287051	287257	0
CP142610.1	287257	287356	1
CP142610.1	287356	287438	0
CP142610.1	287438	287514	1
CP142610.1	287514	287537	0
CP142610.1	287537	287628	1
CP142610.1	287628	287664	2
CP142610.1	287664	287665	1
CP142610.1	287665	287704	2
CP142610.1	287704	287708	1
CP142610.1	287708	287727	2
CP142610.1	287727	287772	1
CP142610.1	287772	287898	2
CP142610.1	287898	287910	1
CP142610.1	287910	287922	0
CP142610.1	287922	288023	1
CP142610.1	288023	288099	0
CP142610.1	288099	288185	1
CP142610.1	288185	288405	0
CP142610.1	288405	288484	1
CP142610.1	288484	288584	2
CP142610.1	288584	288595	1
CP142610.1	288595	288708	0
CP142610.1	288708	288802	1
CP142610.1	288802	288890	2
CP142610.1	288890	288902	1
CP142610.1	288902	288941	2
CP142610.1	288941	289013	1
CP142610.1	289013	289014	0
CP142610.1	289014	289109	1
CP142610.1	289109	289118	0
CP142610.1	289118	289132	1
CP142610.1	289132	289183	2
CP142610.1	289183	289184	1
CP142610.1	289184	289262	2
CP142610.1	289262	289337	1
CP142610.1	289337	289338	3
CP142610.1	289338	289370	2
CP142610.1	289370	289393	3
CP142610.1	289393	289407	4
CP142610.1	289407	289408	3
CP142610.1	289408	289454	4
CP142610.1	289454	289455	3
CP142610.1	289455	289482	4
CP142610.1	289482	289520	5
CP142610.1	289520	289521	4
CP142610.1	289521	289533	5
CP142610.1	289533	289573	4
CP142610.1	289573	289585	3
CP142610.1	289585	289628	2
CP142610.1	289628	289654	1
CP142610.1	289654	289808	0
CP142610.1	289808	289900	1
CP142610.1	289900	289980	0
CP142610.1	289980	290185	1
CP142610.1	290185	290443	0
CP142610.1	290443	290451	1
CP142610.1	290451	290465	2
CP142610.1	290465	290513	3
CP142610.1	290513	290587	2
CP142610.1	290587	290605	3
CP142610.1	290605	290619	2
CP142610.1	290619	290621	1
CP142610.1	290621	290640	2
CP142610.1	290640	290677	3
CP142610.1	290677	290685	4
CP142610.1	290685	290693	3
CP142610.1	290693	290696	2
CP142610.1	290696	290697	1
CP142610.1	290697	290715	2
CP142610.1	290715	290758	3
CP142610.1	290758	290808	2
CP142610.1	290808	290810	1
CP142610.1	290810	290891	2
CP142610.1	290891	290893	1
CP142610.1	290893	290895	0
CP142610.1	290895	290974	1
CP142610.1	290974	291102	0
CP142610.1	291102	291167	1
CP142610.1	291167	291168	0
CP142610.1	291168	291169	1
CP142610.1	291169	291193	2
CP142610.1	291193	291221	3
CP142610.1	291221	291230	2
CP142610.1	291230	291244	3
CP142610.1	291244	291247	4
CP142610.1	291247	291248	3
CP142610.1	291248	291285	4
CP142610.1	291285	291287	3
CP142610.1	291287	291289	1
CP142610.1	291289	291292	2
CP142610.1	291292	291340	4
CP142610.1	291340	291341	3
CP142610.1	291341	291349	4
CP142610.1	291349	291352	3
CP142610.1	291352	291354	4
CP142610.1	291354	291357	5
CP142610.1	291357	291398	4
CP142610.1	291398	291440	3
CP142610.1	291440	291496	4
CP142610.1	291496	291500	3
CP142610.1	291500	291526	2
CP142610.1	291526	291537	3
CP142610.1	291537	291541	2
CP142610.1	291541	291546	1
CP142610.1	291546	291550	2
CP142610.1	291550	291578	3
CP142610.1	291578	291579	2
CP142610.1	291579	291580	3
CP142610.1	291580	291592	4
CP142610.1	291592	291595	5
CP142610.1	291595	291618	6
CP142610.1	291618	291619	5
CP142610.1	291619	291626	6
CP142610.1	291626	291636	5
CP142610.1	291636	291665	4
CP142610.1	291665	291720	3
CP142610.1	291720	291813	2
CP142610.1	291813	291825	1
CP142610.1	291825	291861	2
CP142610.1	291861	291871	3
CP142610.1	291871	291917	2
CP142610.1	291917	291929	3
CP142610.1	291929	291935	2
CP142610.1	291935	292041	3
CP142610.1	292041	292051	4
CP142610.1	292051	292055	3
CP142610.1	292055	292061	2
CP142610.1	292061	292091	1
CP142610.1	292091	292119	2
CP142610.1	292119	292138	1
CP142610.1	292138	292160	2
CP142610.1	292160	292163	3
CP142610.1	292163	292164	2
CP142610.1	292164	292174	3
CP142610.1	292174	292175	2
CP142610.1	292175	292200	3
CP142610.1	292200	292223	2
CP142610.1	292223	292224	1
CP142610.1	292224	292257	2
CP142610.1	292257	292294	1
CP142610.1	292294	292295	0
CP142610.1	292295	292366	1
CP142610.1	292366	292417	0
CP142610.1	292417	292434	1
CP142610.1	292434	292489	2
CP142610.1	292489	292553	3
CP142610.1	292553	292564	2
CP142610.1	292564	292577	1
CP142610.1	292577	292736	2
CP142610.1	292736	292754	1
CP142610.1	292754	292773	0
CP142610.1	292773	293005	1
CP142610.1	293005	293121	0
CP142610.1	293121	293153	1
CP142610.1	293153	293175	2
CP142610.1	293175	293285	1
CP142610.1	293285	293306	2
CP142610.1	293306	293380	1
CP142610.1	293380	293507	2
CP142610.1	293507	293512	1
CP142610.1	293512	293530	2
CP142610.1	293530	293640	1
CP142610.1	293640	293702	2
CP142610.1	293702	293718	1
CP142610.1	293718	293807	2
CP142610.1	293807	293854	1
CP142610.1	293854	293855	0
CP142610.1	293855	293994	1
CP142610.1	293994	294152	0
CP142610.1	294152	294249	1
CP142610.1	294249	294310	2
CP142610.1	294310	294325	1
CP142610.1	294325	294327	0
CP142610.1	294327	294352	1
CP142610.1	294352	294367	0
CP142610.1	294367	294442	1
CP142610.1	294442	294640	0
CP142610.1	294640	294732	1
CP142610.1	294732	295017	0
CP142610.1	295017	295187	1
CP142610.1	295187	295269	0
CP142610.1	295269	295277	1
CP142610.1	295277	295353	2
CP142610.1	295353	295414	3
CP142610.1	295414	295415	2
CP142610.1	295415	295425	3
CP142610.1	295425	295426	2
CP142610.1	295426	295440	3
CP142610.1	295440	295441	2
CP142610.1	295441	295446	1
CP142610.1	295446	295469	2
CP142610.1	295469	295470	1
CP142610.1	295470	295495	2
CP142610.1	295495	295521	3
CP142610.1	295521	295522	2
CP142610.1	295522	295523	1
CP142610.1	295523	295547	2
CP142610.1	295547	295592	1
CP142610.1	295592	295736	2
CP142610.1	295736	295737	1
CP142610.1	295737	295752	2
CP142610.1	295752	295783	1
CP142610.1	295783	295856	2
CP142610.1	295856	295934	3
CP142610.1	295934	295935	2
CP142610.1	295935	295936	1
CP142610.1	295936	295970	2
CP142610.1	295970	295974	1
CP142610.1	295974	295975	2
CP142610.1	295975	296070	1
CP142610.1	296070	296085	2
CP142610.1	296085	296091	3
CP142610.1	296091	296122	2
CP142610.1	296122	296176	3
CP142610.1	296176	296177	2
CP142610.1	296177	296181	3
CP142610.1	296181	296207	2
CP142610.1	296207	296209	1
CP142610.1	296209	296225	2
CP142610.1	296225	296226	1
CP142610.1	296226	296274	2
CP142610.1	296274	296309	3
CP142610.1	296309	296311	2
CP142610.1	296311	296326	3
CP142610.1	296326	296336	2
CP142610.1	296336	296406	1
CP142610.1	296406	296436	2
CP142610.1	296436	296437	0
CP142610.1	296437	296453	1
CP142610.1	296453	296460	2
CP142610.1	296460	296461	1
CP142610.1	296461	296544	2
CP142610.1	296544	296562	1
CP142610.1	296562	296568	2
CP142610.1	296568	296578	1
CP142610.1	296578	296623	2
CP142610.1	296623	296624	1
CP142610.1	296624	296642	2
CP142610.1	296642	296675	1
CP142610.1	296675	296961	0
CP142610.1	296961	297079	1
CP142610.1	297079	297184	0
CP142610.1	297184	297228	1
CP142610.1	297228	297232	0
CP142610.1	297232	297335	1
CP142610.1	297335	297364	0
CP142610.1	297364	297448	1
CP142610.1	297448	297461	2
CP142610.1	297461	297485	1
CP142610.1	297485	297486	0
CP142610.1	297486	297511	1
CP142610.1	297511	297512	0
CP142610.1	297512	297520	1
CP142610.1	297520	297559	0
CP142610.1	297559	297691	1
CP142610.1	297691	297738	0
CP142610.1	297738	297804	1
CP142610.1	297804	297806	0
CP142610.1	297806	297839	1
CP142610.1	297839	297850	0
CP142610.1	297850	297999	1
CP142610.1	297999	298000	2
CP142610.1	298000	298020	1
CP142610.1	298020	298068	2
CP142610.1	298068	298073	1
CP142610.1	298073	298078	2
CP142610.1	298078	298143	1
CP142610.1	298143	298471	0
CP142610.1	298471	298487	1
CP142610.1	298487	298524	2
CP142610.1	298524	298530	0
CP142610.1	298530	298536	2
CP142610.1	298536	298595	3
CP142610.1	298595	298599	2
CP142610.1	298599	298628	3
CP142610.1	298628	298673	2
CP142610.1	298673	298676	1
CP142610.1	298676	298689	2
CP142610.1	298689	298691	1
CP142610.1	298691	298729	2
CP142610.1	298729	298735	3
CP142610.1	298735	298795	2
CP142610.1	298795	298796	1
CP142610.1	298796	298866	2
CP142610.1	298866	298999	1
CP142610.1	298999	299350	0
CP142610.1	299350	299413	2
CP142610.1	299413	299430	3
CP142610.1	299430	299431	2
CP142610.1	299431	299436	3
CP142610.1	299436	299437	2
CP142610.1	299437	299442	3
CP142610.1	299442	299473	2
CP142610.1	299473	299474	1
CP142610.1	299474	299486	2
CP142610.1	299486	299493	3
CP142610.1	299493	299506	4
CP142610.1	299506	299527	5
CP142610.1	299527	299550	4
CP142610.1	299550	299586	3
CP142610.1	299586	299621	2
CP142610.1	299621	299652	1
CP142610.1	299652	299701	2
CP142610.1	299701	299736	3
CP142610.1	299736	299753	2
CP142610.1	299753	299755	1
CP142610.1	299755	299771	2
CP142610.1	299771	299779	1
CP142610.1	299779	299902	0
CP142610.1	299902	299986	1
CP142610.1	299986	300062	0
CP142610.1	300062	300065	1
CP142610.1	300065	300106	2
CP142610.1	300106	300107	1
CP142610.1	300107	300114	2
CP142610.1	300114	300115	1
CP142610.1	300115	300130	2
CP142610.1	300130	300139	3
CP142610.1	300139	300147	4
CP142610.1	300147	300150	3
CP142610.1	300150	300174	2
CP142610.1	300174	300176	3
CP142610.1	300176	300195	2
CP142610.1	300195	300196	3
CP142610.1	300196	300219	4
CP142610.1	300219	300230	3
CP142610.1	300230	300235	2
CP142610.1	300235	300270	1
CP142610.1	300270	300308	0
CP142610.1	300308	300464	1
CP142610.1	300464	300747	0
CP142610.1	300747	300963	1
CP142610.1	300963	300984	2
CP142610.1	300984	301024	1
CP142610.1	301024	301052	2
CP142610.1	301052	301055	3
CP142610.1	301055	301080	4
CP142610.1	301080	301111	3
CP142610.1	301111	301120	2
CP142610.1	301120	301135	1
CP142610.1	301135	301153	0
CP142610.1	301153	301165	1
CP142610.1	301165	301180	2
CP142610.1	301180	301181	1
CP142610.1	301181	301189	2
CP142610.1	301189	301193	1
CP142610.1	301193	301231	2
CP142610.1	301231	301237	1
CP142610.1	301237	301238	0
CP142610.1	301238	301241	1
CP142610.1	301241	301247	2
CP142610.1	301247	301278	1
CP142610.1	301278	301316	2
CP142610.1	301316	301357	3
CP142610.1	301357	301358	2
CP142610.1	301358	301374	3
CP142610.1	301374	301401	4
CP142610.1	301401	301406	3
CP142610.1	301406	301478	2
CP142610.1	301478	301482	1
CP142610.1	301482	301490	2
CP142610.1	301490	301492	1
CP142610.1	301492	301509	2
CP142610.1	301509	301510	0
CP142610.1	301510	301541	1
CP142610.1	301541	301552	0
CP142610.1	301552	301598	1
CP142610.1	301598	301765	0
CP142610.1	301765	301788	1
CP142610.1	301788	301827	2
CP142610.1	301827	301832	3
CP142610.1	301832	301833	2
CP142610.1	301833	301892	3
CP142610.1	301892	301953	2
CP142610.1	301953	301955	1
CP142610.1	301955	302033	2
CP142610.1	302033	302090	1
CP142610.1	302090	302313	0
CP142610.1	302313	302414	1
CP142610.1	302414	302417	0
CP142610.1	302417	302449	1
CP142610.1	302449	302451	0
CP142610.1	302451	302492	1
CP142610.1	302492	302499	2
CP142610.1	302499	302501	1
CP142610.1	302501	302525	2
CP142610.1	302525	302580	1
CP142610.1	302580	302592	0
CP142610.1	302592	302648	1
CP142610.1	302648	302649	0
CP142610.1	302649	302656	1
CP142610.1	302656	302657	0
CP142610.1	302657	302791	1
CP142610.1	302791	302813	2
CP142610.1	302813	302817	1
CP142610.1	302817	302906	2
CP142610.1	302906	302907	1
CP142610.1	302907	302932	2
CP142610.1	302932	302933	1
CP142610.1	302933	302956	2
CP142610.1	302956	302970	1
CP142610.1	302970	302971	0
CP142610.1	302971	303032	1
CP142610.1	303032	303035	0
CP142610.1	303035	303140	1
CP142610.1	303140	303401	0
CP142610.1	303401	303434	1
CP142610.1	303434	303518	2
CP142610.1	303518	303552	3
CP142610.1	303552	303641	2
CP142610.1	303641	303642	1
CP142610.1	303642	303690	2
CP142610.1	303690	303744	1
CP142610.1	303744	303907	0
CP142610.1	303907	304072	1
CP142610.1	304072	304096	0
CP142610.1	304096	304217	1
CP142610.1	304217	304525	0
CP142610.1	304525	304538	1
CP142610.1	304538	304539	0
CP142610.1	304539	304640	1
CP142610.1	304640	304772	2
CP142610.1	304772	304777	1
CP142610.1	304777	304876	2
CP142610.1	304876	304883	1
CP142610.1	304883	304886	0
CP142610.1	304886	304902	1
CP142610.1	304902	304904	0
CP142610.1	304904	304930	1
CP142610.1	304930	304989	2
CP142610.1	304989	305372	0
CP142610.1	305372	305517	1
CP142610.1	305517	305558	0
CP142610.1	305558	305620	1
CP142610.1	305620	305662	0
CP142610.1	305662	305742	1
CP142610.1	305742	305814	2
CP142610.1	305814	305816	3
CP142610.1	305816	305824	2
CP142610.1	305824	305942	1
CP142610.1	305942	305948	2
CP142610.1	305948	306103	1
CP142610.1	306103	306182	0
CP142610.1	306182	306274	1
CP142610.1	306274	306668	0
CP142610.1	306668	306735	1
CP142610.1	306735	306753	0
CP142610.1	306753	306756	1
CP142610.1	306756	306789	2
CP142610.1	306789	306792	3
CP142610.1	306792	306793	2
CP142610.1	306793	306825	3
CP142610.1	306825	306898	4
CP142610.1	306898	306949	3
CP142610.1	306949	306955	2
CP142610.1	306955	306992	1
CP142610.1	306992	307024	0
CP142610.1	307024	307038	1
CP142610.1	307038	307129	2
CP142610.1	307129	307136	1
CP142610.1	307136	307183	2
CP142610.1	307183	307244	1
CP142610.1	307244	307274	2
CP142610.1	307274	307459	1
CP142610.1	307459	307480	2
CP142610.1	307480	307503	1
CP142610.1	307503	307505	2
CP142610.1	307505	307551	3
CP142610.1	307551	307553	2
CP142610.1	307553	307571	3
CP142610.1	307571	307574	2
CP142610.1	307574	307577	3
CP142610.1	307577	307578	2
CP142610.1	307578	307587	3
CP142610.1	307587	307588	2
CP142610.1	307588	307629	3
CP142610.1	307629	307631	2
CP142610.1	307631	307650	1
CP142610.1	307650	307659	2
CP142610.1	307659	307663	1
CP142610.1	307663	307712	2
CP142610.1	307712	307743	1
CP142610.1	307743	307746	0
CP142610.1	307746	307751	1
CP142610.1	307751	307840	0
CP142610.1	307840	307890	1
CP142610.1	307890	307912	2
CP142610.1	307912	307914	3
CP142610.1	307914	307944	4
CP142610.1	307944	307969	3
CP142610.1	307969	307989	2
CP142610.1	307989	308199	1
CP142610.1	308199	308660	0
CP142610.1	308660	308707	1
CP142610.1	308707	308822	0
CP142610.1	308822	308872	1
CP142610.1	308872	308874	0
CP142610.1	308874	308943	1
CP142610.1	308943	308953	2
CP142610.1	308953	309032	1
CP142610.1	309032	309052	2
CP142610.1	309052	309053	1
CP142610.1	309053	309133	2
CP142610.1	309133	309156	3
CP142610.1	309156	309181	2
CP142610.1	309181	309183	1
CP142610.1	309183	309215	2
CP142610.1	309215	309225	3
CP142610.1	309225	309227	4
CP142610.1	309227	309270	3
CP142610.1	309270	309274	4
CP142610.1	309274	309275	3
CP142610.1	309275	309306	4
CP142610.1	309306	309327	3
CP142610.1	309327	309366	2
CP142610.1	309366	309367	1
CP142610.1	309367	309376	2
CP142610.1	309376	309469	1
CP142610.1	309469	309488	0
CP142610.1	309488	309647	1
CP142610.1	309647	309653	0
CP142610.1	309653	309722	1
CP142610.1	309722	309741	0
CP142610.1	309741	309882	1
CP142610.1	309882	309886	0
CP142610.1	309886	309965	1
CP142610.1	309965	310020	2
CP142610.1	310020	310028	1
CP142610.1	310028	310030	0
CP142610.1	310030	310063	1
CP142610.1	310063	310075	0
CP142610.1	310075	310097	1
CP142610.1	310097	310129	2
CP142610.1	310129	310131	1
CP142610.1	310131	310149	2
CP142610.1	310149	310150	1
CP142610.1	310150	310206	2
CP142610.1	310206	310207	1
CP142610.1	310207	310210	2
CP142610.1	310210	310216	3
CP142610.1	310216	310301	2
CP142610.1	310301	310303	1
CP142610.1	310303	310307	0
CP142610.1	310307	310477	2
CP142610.1	310477	310486	3
CP142610.1	310486	310492	2
CP142610.1	310492	310493	1
CP142610.1	310493	310555	2
CP142610.1	310555	310642	1
CP142610.1	310642	310973	0
CP142610.1	310973	311013	1
CP142610.1	311013	311020	2
CP142610.1	311020	311023	1
CP142610.1	311023	311027	2
CP142610.1	311027	311062	3
CP142610.1	311062	311078	2
CP142610.1	311078	311109	3
CP142610.1	311109	311111	0
CP142610.1	311111	311113	1
CP142610.1	311113	311114	2
CP142610.1	311114	311128	3
CP142610.1	311128	311131	2
CP142610.1	311131	311134	3
CP142610.1	311134	311135	2
CP142610.1	311135	311183	3
CP142610.1	311183	311184	0
CP142610.1	311184	311211	3
CP142610.1	311211	311229	2
CP142610.1	311229	311259	1
CP142610.1	311259	311442	0
CP142610.1	311442	311525	1
CP142610.1	311525	311864	0
CP142610.1	311864	311906	1
CP142610.1	311906	311952	2
CP142610.1	311952	311959	1
CP142610.1	311959	311968	2
CP142610.1	311968	312000	3
CP142610.1	312000	312001	1
CP142610.1	312001	312006	3
CP142610.1	312006	312017	2
CP142610.1	312017	312018	1
CP142610.1	312018	312140	2
CP142610.1	312140	312196	3
CP142610.1	312196	312206	2
CP142610.1	312206	312231	1
CP142610.1	312231	312340	2
CP142610.1	312340	312359	3
CP142610.1	312359	312412	2
CP142610.1	312412	312516	1
CP142610.1	312516	312525	0
CP142610.1	312525	312649	1
CP142610.1	312649	312736	2
CP142610.1	312736	312753	1
CP142610.1	312753	312762	0
CP142610.1	312762	312774	1
CP142610.1	312774	312836	2
CP142610.1	312836	312940	3
CP142610.1	312940	312941	2
CP142610.1	312941	312951	3
CP142610.1	312951	312975	2
CP142610.1	312975	312976	1
CP142610.1	312976	312991	2
CP142610.1	312991	312992	1
CP142610.1	312992	313012	2
CP142610.1	313012	313053	1
CP142610.1	313053	313070	2
CP142610.1	313070	313106	3
CP142610.1	313106	313124	2
CP142610.1	313124	313151	1
CP142610.1	313151	313152	0
CP142610.1	313152	313190	1
CP142610.1	313190	313198	2
CP142610.1	313198	313243	1
CP142610.1	313243	313265	2
CP142610.1	313265	313320	1
CP142610.1	313320	313383	2
CP142610.1	313383	313386	1
CP142610.1	313386	313495	2
CP142610.1	313495	313502	1
CP142610.1	313502	313506	2
CP142610.1	313506	313627	1
CP142610.1	313627	313650	2
CP142610.1	313650	313691	3
CP142610.1	313691	313701	2
CP142610.1	313701	313765	1
CP142610.1	313765	313822	2
CP142610.1	313822	313853	1
CP142610.1	313853	313858	0
CP142610.1	313858	313926	1
CP142610.1	313926	313983	2
CP142610.1	313983	314068	1
CP142610.1	314068	314075	0
CP142610.1	314075	314125	2
CP142610.1	314125	314150	1
CP142610.1	314150	314166	2
CP142610.1	314166	314241	1
CP142610.1	314241	314303	0
CP142610.1	314303	314346	1
CP142610.1	314346	314446	2
CP142610.1	314446	314470	3
CP142610.1	314470	314475	5
CP142610.1	314475	314476	4
CP142610.1	314476	314535	5
CP142610.1	314535	314542	4
CP142610.1	314542	314550	3
CP142610.1	314550	314566	2
CP142610.1	314566	314569	1
CP142610.1	314569	314597	2
CP142610.1	314597	314606	1
CP142610.1	314606	314626	2
CP142610.1	314626	314633	3
CP142610.1	314633	314690	4
CP142610.1	314690	314691	3
CP142610.1	314691	314696	4
CP142610.1	314696	314699	5
CP142610.1	314699	314708	6
CP142610.1	314708	314716	5
CP142610.1	314716	314717	3
CP142610.1	314717	314718	4
CP142610.1	314718	314725	5
CP142610.1	314725	314728	4
CP142610.1	314728	314729	5
CP142610.1	314729	314741	6
CP142610.1	314741	314774	5
CP142610.1	314774	314792	4
CP142610.1	314792	314793	3
CP142610.1	314793	314794	2
CP142610.1	314794	314796	4
CP142610.1	314796	314805	3
CP142610.1	314805	314812	4
CP142610.1	314812	314835	3
CP142610.1	314835	314866	2
CP142610.1	314866	314921	1
CP142610.1	314921	314949	2
CP142610.1	314949	314990	3
CP142610.1	314990	314992	2
CP142610.1	314992	315042	3
CP142610.1	315042	315052	2
CP142610.1	315052	315084	1
CP142610.1	315084	315147	0
CP142610.1	315147	315205	1
CP142610.1	315205	315219	2
CP142610.1	315219	315231	3
CP142610.1	315231	315263	2
CP142610.1	315263	315321	1
CP142610.1	315321	315482	0
CP142610.1	315482	315624	1
CP142610.1	315624	315695	0
CP142610.1	315695	315766	1
CP142610.1	315766	315783	2
CP142610.1	315783	315816	1
CP142610.1	315816	315929	0
CP142610.1	315929	315986	1
CP142610.1	315986	316003	2
CP142610.1	316003	316004	1
CP142610.1	316004	316061	2
CP142610.1	316061	316091	3
CP142610.1	316091	316116	4
CP142610.1	316116	316185	3
CP142610.1	316185	316210	2
CP142610.1	316210	316230	1
CP142610.1	316230	316231	0
CP142610.1	316231	316269	1
CP142610.1	316269	316326	0
CP142610.1	316326	316398	1
CP142610.1	316398	316405	0
CP142610.1	316405	316450	1
CP142610.1	316450	316735	0
CP142610.1	316735	316794	1
CP142610.1	316794	316795	0
CP142610.1	316795	316882	1
CP142610.1	316882	317091	0
CP142610.1	317091	317128	1
CP142610.1	317128	317156	2
CP142610.1	317156	317200	1
CP142610.1	317200	317208	2
CP142610.1	317208	317209	1
CP142610.1	317209	317254	2
CP142610.1	317254	317313	1
CP142610.1	317313	317317	0
CP142610.1	317317	317324	1
CP142610.1	317324	317364	0
CP142610.1	317364	317421	1
CP142610.1	317421	317433	0
CP142610.1	317433	317461	1
CP142610.1	317461	317473	2
CP142610.1	317473	317618	1
CP142610.1	317618	317627	2
CP142610.1	317627	317628	1
CP142610.1	317628	317651	2
CP142610.1	317651	317652	1
CP142610.1	317652	317725	2
CP142610.1	317725	317795	3
CP142610.1	317795	317796	2
CP142610.1	317796	317837	3
CP142610.1	317837	317898	2
CP142610.1	317898	317913	1
CP142610.1	317913	317914	0
CP142610.1	317914	317915	1
CP142610.1	317915	317973	2
CP142610.1	317973	318001	1
CP142610.1	318001	318002	0
CP142610.1	318002	318066	1
CP142610.1	318066	318151	0
CP142610.1	318151	318174	1
CP142610.1	318174	318255	2
CP142610.1	318255	318286	1
CP142610.1	318286	318339	2
CP142610.1	318339	318343	1
CP142610.1	318343	318384	2
CP142610.1	318384	318385	1
CP142610.1	318385	318399	2
CP142610.1	318399	318426	1
CP142610.1	318426	318464	2
CP142610.1	318464	318468	3
CP142610.1	318468	318481	4
CP142610.1	318481	318485	3
CP142610.1	318485	318516	4
CP142610.1	318516	318553	5
CP142610.1	318553	318571	6
CP142610.1	318571	318588	5
CP142610.1	318588	318591	4
CP142610.1	318591	318593	3
CP142610.1	318593	318594	4
CP142610.1	318594	318600	3
CP142610.1	318600	318686	2
CP142610.1	318686	318692	1
CP142610.1	318692	318693	0
CP142610.1	318693	318719	1
CP142610.1	318719	318797	2
CP142610.1	318797	318800	1
CP142610.1	318800	318810	2
CP142610.1	318810	318821	1
CP142610.1	318821	318899	0
CP142610.1	318899	318954	1
CP142610.1	318954	318960	0
CP142610.1	318960	318965	1
CP142610.1	318965	319008	2
CP142610.1	319008	319023	1
CP142610.1	319023	319076	0
CP142610.1	319076	319143	1
CP142610.1	319143	319144	0
CP142610.1	319144	319241	1
CP142610.1	319241	319462	0
CP142610.1	319462	319517	1
CP142610.1	319517	319526	0
CP142610.1	319526	319681	1
CP142610.1	319681	319682	0
CP142610.1	319682	319707	1
CP142610.1	319707	319819	0
CP142610.1	319819	319897	1
CP142610.1	319897	319898	0
CP142610.1	319898	319908	1
CP142610.1	319908	320285	0
CP142610.1	320285	320321	1
CP142610.1	320321	320344	2
CP142610.1	320344	320396	1
CP142610.1	320396	320402	0
CP142610.1	320402	320406	1
CP142610.1	320406	320456	2
CP142610.1	320456	320494	1
CP142610.1	320494	320534	2
CP142610.1	320534	320540	1
CP142610.1	320540	320552	2
CP142610.1	320552	320553	3
CP142610.1	320553	320554	4
CP142610.1	320554	320606	5
CP142610.1	320606	320607	1
CP142610.1	320607	320613	5
CP142610.1	320613	320622	4
CP142610.1	320622	320662	3
CP142610.1	320662	320664	2
CP142610.1	320664	320682	3
CP142610.1	320682	320683	1
CP142610.1	320683	320685	2
CP142610.1	320685	320689	3
CP142610.1	320689	320694	4
CP142610.1	320694	320695	3
CP142610.1	320695	320701	4
CP142610.1	320701	320709	3
CP142610.1	320709	320725	2
CP142610.1	320725	320776	1
CP142610.1	320776	320777	0
CP142610.1	320777	320786	1
CP142610.1	320786	320856	2
CP142610.1	320856	320905	1
CP142610.1	320905	320950	0
CP142610.1	320950	321259	1
CP142610.1	321259	321581	0
CP142610.1	321581	321586	1
CP142610.1	321586	321612	2
CP142610.1	321612	321638	3
CP142610.1	321638	321670	2
CP142610.1	321670	321672	0
CP142610.1	321672	321691	2
CP142610.1	321691	321727	3
CP142610.1	321727	321733	4
CP142610.1	321733	321749	3
CP142610.1	321749	321750	2
CP142610.1	321750	321818	3
CP142610.1	321818	321830	2
CP142610.1	321830	321841	3
CP142610.1	321841	321905	2
CP142610.1	321905	321907	3
CP142610.1	321907	321974	2
CP142610.1	321974	321989	3
CP142610.1	321989	321990	2
CP142610.1	321990	322017	3
CP142610.1	322017	322018	2
CP142610.1	322018	322025	3
CP142610.1	322025	322041	4
CP142610.1	322041	322057	3
CP142610.1	322057	322073	4
CP142610.1	322073	322096	3
CP142610.1	322096	322123	2
CP142610.1	322123	322203	3
CP142610.1	322203	322210	2
CP142610.1	322210	322282	1
CP142610.1	322282	322388	0
CP142610.1	322388	322494	1
CP142610.1	322494	322690	0
CP142610.1	322690	322847	1
CP142610.1	322847	322849	0
CP142610.1	322849	322882	1
CP142610.1	322882	323007	0
CP142610.1	323007	323012	1
CP142610.1	323012	323013	0
CP142610.1	323013	323114	1
CP142610.1	323114	323243	0
CP142610.1	323243	323268	1
CP142610.1	323268	323302	2
CP142610.1	323302	323388	3
CP142610.1	323388	323478	2
CP142610.1	323478	323518	1
CP142610.1	323518	323519	0
CP142610.1	323519	323526	1
CP142610.1	323526	323603	2
CP142610.1	323603	323714	1
CP142610.1	323714	323817	0
CP142610.1	323817	323833	1
CP142610.1	323833	323835	0
CP142610.1	323835	323840	1
CP142610.1	323840	323841	0
CP142610.1	323841	323877	1
CP142610.1	323877	324039	0
CP142610.1	324039	324294	1
CP142610.1	324294	324385	2
CP142610.1	324385	324390	1
CP142610.1	324390	324391	0
CP142610.1	324391	324421	1
CP142610.1	324421	324423	0
CP142610.1	324423	324440	1
CP142610.1	324440	324525	2
CP142610.1	324525	324553	1
CP142610.1	324553	324554	0
CP142610.1	324554	324565	1
CP142610.1	324565	324599	2
CP142610.1	324599	324601	1
CP142610.1	324601	324609	2
CP142610.1	324609	324612	3
CP142610.1	324612	324622	2
CP142610.1	324622	324623	1
CP142610.1	324623	324634	2
CP142610.1	324634	324637	1
CP142610.1	324637	324643	2
CP142610.1	324643	324645	1
CP142610.1	324645	324751	2
CP142610.1	324751	324773	3
CP142610.1	324773	324779	2
CP142610.1	324779	324784	1
CP142610.1	324784	324786	2
CP142610.1	324786	324802	3
CP142610.1	324802	324869	2
CP142610.1	324869	324870	1
CP142610.1	324870	324876	2
CP142610.1	324876	324887	1
CP142610.1	324887	324891	0
CP142610.1	324891	325036	1
CP142610.1	325036	325078	0
CP142610.1	325078	325212	1
CP142610.1	325212	325213	0
CP142610.1	325213	325225	1
CP142610.1	325225	325246	2
CP142610.1	325246	325258	3
CP142610.1	325258	325276	4
CP142610.1	325276	325290	3
CP142610.1	325290	325315	4
CP142610.1	325315	325347	3
CP142610.1	325347	325349	2
CP142610.1	325349	325359	3
CP142610.1	325359	325373	4
CP142610.1	325373	325374	2
CP142610.1	325374	325381	4
CP142610.1	325381	325384	3
CP142610.1	325384	325386	4
CP142610.1	325386	325388	3
CP142610.1	325388	325389	1
CP142610.1	325389	325391	2
CP142610.1	325391	325395	3
CP142610.1	325395	325455	2
CP142610.1	325455	325458	1
CP142610.1	325458	325511	2
CP142610.1	325511	325524	1
CP142610.1	325524	325546	2
CP142610.1	325546	325583	1
CP142610.1	325583	325609	2
CP142610.1	325609	325627	1
CP142610.1	325627	325628	0
CP142610.1	325628	325645	1
CP142610.1	325645	325757	0
CP142610.1	325757	325795	1
CP142610.1	325795	325843	2
CP142610.1	325843	325845	3
CP142610.1	325845	325887	2
CP142610.1	325887	325899	1
CP142610.1	325899	325913	2
CP142610.1	325913	326002	1
CP142610.1	326002	326057	2
CP142610.1	326057	326067	1
CP142610.1	326067	326100	2
CP142610.1	326100	326142	1
CP142610.1	326142	326146	2
CP142610.1	326146	326147	1
CP142610.1	326147	326165	2
CP142610.1	326165	326177	3
CP142610.1	326177	326191	4
CP142610.1	326191	326192	0
CP142610.1	326192	326207	4
CP142610.1	326207	326208	3
CP142610.1	326208	326229	4
CP142610.1	326229	326230	3
CP142610.1	326230	326232	4
CP142610.1	326232	326238	3
CP142610.1	326238	326253	2
CP142610.1	326253	326283	3
CP142610.1	326283	326291	4
CP142610.1	326291	326292	2
CP142610.1	326292	326294	1
CP142610.1	326294	326296	4
CP142610.1	326296	326299	3
CP142610.1	326299	326347	4
CP142610.1	326347	326354	3
CP142610.1	326354	326360	0
CP142610.1	326360	326403	3
CP142610.1	326403	326420	2
CP142610.1	326420	326477	1
CP142610.1	326477	326653	0
CP142610.1	326653	326701	1
CP142610.1	326701	326710	2
CP142610.1	326710	326774	3
CP142610.1	326774	326775	2
CP142610.1	326775	326823	3
CP142610.1	326823	326833	2
CP142610.1	326833	326852	1
CP142610.1	326852	326885	2
CP142610.1	326885	326940	1
CP142610.1	326940	326959	0
CP142610.1	326959	327100	1
CP142610.1	327100	327102	0
CP142610.1	327102	327103	1
CP142610.1	327103	327105	2
CP142610.1	327105	327120	3
CP142610.1	327120	327165	2
CP142610.1	327165	327183	1
CP142610.1	327183	327189	0
CP142610.1	327189	327192	1
CP142610.1	327192	327208	2
CP142610.1	327208	327209	1
CP142610.1	327209	327234	2
CP142610.1	327234	327449	1
CP142610.1	327449	327468	2
CP142610.1	327468	327469	1
CP142610.1	327469	327474	2
CP142610.1	327474	327600	3
CP142610.1	327600	327608	2
CP142610.1	327608	327622	1
CP142610.1	327622	327661	2
CP142610.1	327661	327666	1
CP142610.1	327666	327696	2
CP142610.1	327696	328317	0
CP142610.1	328317	328399	1
CP142610.1	328399	328514	0
CP142610.1	328514	328545	1
CP142610.1	328545	328546	0
CP142610.1	328546	328572	1
CP142610.1	328572	328628	0
CP142610.1	328628	328680	1
CP142610.1	328680	328685	2
CP142610.1	328685	328727	1
CP142610.1	328727	328816	2
CP142610.1	328816	328859	1
CP142610.1	328859	328886	0
CP142610.1	328886	328903	1
CP142610.1	328903	328978	2
CP142610.1	328978	328983	3
CP142610.1	328983	328994	2
CP142610.1	328994	328999	3
CP142610.1	328999	329058	2
CP142610.1	329058	329083	1
CP142610.1	329083	329096	2
CP142610.1	329096	329114	1
CP142610.1	329114	329118	2
CP142610.1	329118	329119	1
CP142610.1	329119	329123	2
CP142610.1	329123	329141	3
CP142610.1	329141	329143	2
CP142610.1	329143	329150	3
CP142610.1	329150	329152	2
CP142610.1	329152	329153	3
CP142610.1	329153	329154	2
CP142610.1	329154	329248	3
CP142610.1	329248	329315	2
CP142610.1	329315	329338	3
CP142610.1	329338	329356	4
CP142610.1	329356	329425	3
CP142610.1	329425	329426	2
CP142610.1	329426	329456	3
CP142610.1	329456	329457	2
CP142610.1	329457	329465	3
CP142610.1	329465	329471	2
CP142610.1	329471	329484	1
CP142610.1	329484	329506	0
CP142610.1	329506	329590	1
CP142610.1	329590	329631	2
CP142610.1	329631	329661	1
CP142610.1	329661	329729	0
CP142610.1	329729	329785	1
CP142610.1	329785	329789	0
CP142610.1	329789	329850	1
CP142610.1	329850	329982	0
CP142610.1	329982	330044	1
CP142610.1	330044	330052	2
CP142610.1	330052	330097	3
CP142610.1	330097	330186	2
CP142610.1	330186	330230	1
CP142610.1	330230	330231	0
CP142610.1	330231	330279	1
CP142610.1	330279	330501	0
CP142610.1	330501	330526	1
CP142610.1	330526	330572	2
CP142610.1	330572	330608	1
CP142610.1	330608	330613	2
CP142610.1	330613	330678	3
CP142610.1	330678	330745	2
CP142610.1	330745	330869	1
CP142610.1	330869	330946	0
CP142610.1	330946	331090	1
CP142610.1	331090	331093	2
CP142610.1	331093	331109	1
CP142610.1	331109	331112	0
CP142610.1	331112	331255	1
CP142610.1	331255	331261	2
CP142610.1	331261	331421	1
CP142610.1	331421	331424	0
CP142610.1	331424	331500	1
CP142610.1	331500	331517	0
CP142610.1	331517	331616	1
CP142610.1	331616	331617	0
CP142610.1	331617	331758	1
CP142610.1	331758	331759	0
CP142610.1	331759	331801	1
CP142610.1	331801	331811	2
CP142610.1	331811	331813	1
CP142610.1	331813	331834	2
CP142610.1	331834	331852	1
CP142610.1	331852	331856	0
CP142610.1	331856	331879	1
CP142610.1	331879	331883	0
CP142610.1	331883	331902	1
CP142610.1	331902	331968	2
CP142610.1	331968	332021	1
CP142610.1	332021	332258	0
CP142610.1	332258	332310	1
CP142610.1	332310	332326	2
CP142610.1	332326	332328	0
CP142610.1	332328	332372	2
CP142610.1	332372	332388	3
CP142610.1	332388	332425	4
CP142610.1	332425	332428	3
CP142610.1	332428	332433	2
CP142610.1	332433	332434	3
CP142610.1	332434	332448	2
CP142610.1	332448	332451	1
CP142610.1	332451	332468	2
CP142610.1	332468	332490	1
CP142610.1	332490	332514	2
CP142610.1	332514	332531	1
CP142610.1	332531	332535	0
CP142610.1	332535	332566	1
CP142610.1	332566	332575	0
CP142610.1	332575	332581	1
CP142610.1	332581	332586	0
CP142610.1	332586	332587	1
CP142610.1	332587	332614	2
CP142610.1	332614	332629	3
CP142610.1	332629	332637	2
CP142610.1	332637	332638	1
CP142610.1	332638	332651	2
CP142610.1	332651	332668	1
CP142610.1	332668	332684	2
CP142610.1	332684	332689	3
CP142610.1	332689	332734	4
CP142610.1	332734	332741	3
CP142610.1	332741	332743	2
CP142610.1	332743	332778	3
CP142610.1	332778	332798	2
CP142610.1	332798	332853	1
CP142610.1	332853	332854	0
CP142610.1	332854	332857	1
CP142610.1	332857	332912	0
CP142610.1	332912	332950	1
CP142610.1	332950	333024	0
CP142610.1	333024	333082	1
CP142610.1	333082	333096	0
CP142610.1	333096	333202	1
CP142610.1	333202	333205	0
CP142610.1	333205	333218	1
CP142610.1	333218	333239	2
CP142610.1	333239	333317	1
CP142610.1	333317	333354	0
CP142610.1	333354	333437	1
CP142610.1	333437	333449	2
CP142610.1	333449	333450	1
CP142610.1	333450	333486	2
CP142610.1	333486	333495	1
CP142610.1	333495	333513	2
CP142610.1	333513	333529	3
CP142610.1	333529	333587	2
CP142610.1	333587	333598	1
CP142610.1	333598	333638	2
CP142610.1	333638	333639	1
CP142610.1	333639	333650	2
CP142610.1	333650	333686	1
CP142610.1	333686	333716	2
CP142610.1	333716	333717	1
CP142610.1	333717	333750	2
CP142610.1	333750	333751	3
CP142610.1	333751	333752	2
CP142610.1	333752	333754	3
CP142610.1	333754	333757	4
CP142610.1	333757	333788	3
CP142610.1	333788	333794	2
CP142610.1	333794	333795	1
CP142610.1	333795	333799	2
CP142610.1	333799	333814	3
CP142610.1	333814	333937	2
CP142610.1	333937	333938	3
CP142610.1	333938	333967	2
CP142610.1	333967	333993	1
CP142610.1	333993	334007	2
CP142610.1	334007	334026	1
CP142610.1	334026	334041	2
CP142610.1	334041	334081	3
CP142610.1	334081	334082	2
CP142610.1	334082	334109	3
CP142610.1	334109	334111	2
CP142610.1	334111	334113	3
CP142610.1	334113	334116	4
CP142610.1	334116	334157	3
CP142610.1	334157	334158	2
CP142610.1	334158	334170	3
CP142610.1	334170	334211	2
CP142610.1	334211	334227	1
CP142610.1	334227	334620	0
CP142610.1	334620	334632	1
CP142610.1	334632	334642	2
CP142610.1	334642	334740	3
CP142610.1	334740	334829	2
CP142610.1	334829	334962	1
CP142610.1	334962	334992	2
CP142610.1	334992	335050	1
CP142610.1	335050	335123	0
CP142610.1	335123	335193	1
CP142610.1	335193	335261	0
CP142610.1	335261	335368	1
CP142610.1	335368	335453	0
CP142610.1	335453	335494	1
CP142610.1	335494	335495	0
CP142610.1	335495	335529	1
CP142610.1	335529	335589	2
CP142610.1	335589	335590	1
CP142610.1	335590	335670	0
CP142610.1	335670	335741	1
CP142610.1	335741	335745	0
CP142610.1	335745	335912	1
CP142610.1	335912	335923	0
CP142610.1	335923	335936	1
CP142610.1	335936	335978	2
CP142610.1	335978	335979	1
CP142610.1	335979	335997	2
CP142610.1	335997	336033	1
CP142610.1	336033	336165	2
CP142610.1	336165	336209	1
CP142610.1	336209	336214	0
CP142610.1	336214	336261	1
CP142610.1	336261	336323	2
CP142610.1	336323	336385	3
CP142610.1	336385	336479	2
CP142610.1	336479	336519	1
CP142610.1	336519	336523	0
CP142610.1	336523	336599	1
CP142610.1	336599	336600	2
CP142610.1	336600	336640	3
CP142610.1	336640	336646	2
CP142610.1	336646	336654	3
CP142610.1	336654	336701	2
CP142610.1	336701	336711	1
CP142610.1	336711	336774	2
CP142610.1	336774	336776	1
CP142610.1	336776	336791	2
CP142610.1	336791	336793	3
CP142610.1	336793	336838	2
CP142610.1	336838	336863	3
CP142610.1	336863	336896	2
CP142610.1	336896	336900	3
CP142610.1	336900	336946	2
CP142610.1	336946	336982	1
CP142610.1	336982	337016	2
CP142610.1	337016	337040	1
CP142610.1	337040	337049	0
CP142610.1	337049	337173	1
CP142610.1	337173	337174	0
CP142610.1	337174	337305	2
CP142610.1	337305	337374	1
CP142610.1	337374	337377	0
CP142610.1	337377	337399	1
CP142610.1	337399	337400	0
CP142610.1	337400	337412	1
CP142610.1	337412	337424	0
CP142610.1	337424	337476	1
CP142610.1	337476	337477	0
CP142610.1	337477	337533	1
CP142610.1	337533	337611	2
CP142610.1	337611	337722	1
CP142610.1	337722	337820	0
CP142610.1	337820	337878	1
CP142610.1	337878	337902	2
CP142610.1	337902	337916	3
CP142610.1	337916	337952	2
CP142610.1	337952	337953	1
CP142610.1	337953	337980	2
CP142610.1	337980	337993	1
CP142610.1	337993	338019	0
CP142610.1	338019	338086	1
CP142610.1	338086	338128	0
CP142610.1	338128	338245	1
CP142610.1	338245	338247	0
CP142610.1	338247	338282	1
CP142610.1	338282	338283	0
CP142610.1	338283	338287	1
CP142610.1	338287	338298	2
CP142610.1	338298	338303	3
CP142610.1	338303	338307	4
CP142610.1	338307	338308	5
CP142610.1	338308	338309	4
CP142610.1	338309	338358	5
CP142610.1	338358	338367	4
CP142610.1	338367	338368	3
CP142610.1	338368	338374	4
CP142610.1	338374	338401	3
CP142610.1	338401	338434	2
CP142610.1	338434	338476	1
CP142610.1	338476	338499	2
CP142610.1	338499	338512	1
CP142610.1	338512	338513	0
CP142610.1	338513	338555	1
CP142610.1	338555	338566	0
CP142610.1	338566	338595	1
CP142610.1	338595	338620	2
CP142610.1	338620	338628	1
CP142610.1	338628	338694	2
CP142610.1	338694	338725	1
CP142610.1	338725	338727	0
CP142610.1	338727	338764	1
CP142610.1	338764	338937	0
CP142610.1	338937	339039	1
CP142610.1	339039	339046	0
CP142610.1	339046	339139	1
CP142610.1	339139	339151	2
CP142610.1	339151	339199	1
CP142610.1	339199	339207	0
CP142610.1	339207	339317	1
CP142610.1	339317	339318	0
CP142610.1	339318	339504	1
CP142610.1	339504	339522	2
CP142610.1	339522	339591	1
CP142610.1	339591	339750	0
CP142610.1	339750	339802	1
CP142610.1	339802	339814	2
CP142610.1	339814	339830	1
CP142610.1	339830	339879	2
CP142610.1	339879	339901	3
CP142610.1	339901	339902	2
CP142610.1	339902	339909	3
CP142610.1	339909	339910	2
CP142610.1	339910	339912	0
CP142610.1	339912	339953	2
CP142610.1	339953	340124	1
CP142610.1	340124	340163	2
CP142610.1	340163	340309	1
CP142610.1	340309	340335	0
CP142610.1	340335	340361	1
CP142610.1	340361	340385	2
CP142610.1	340385	340531	1
CP142610.1	340531	340577	2
CP142610.1	340577	340602	1
CP142610.1	340602	340603	0
CP142610.1	340603	340827	1
CP142610.1	340827	340853	2
CP142610.1	340853	340855	1
CP142610.1	340855	340892	2
CP142610.1	340892	340932	1
CP142610.1	340932	341058	2
CP142610.1	341058	341187	1
CP142610.1	341187	341237	2
CP142610.1	341237	341238	0
CP142610.1	341238	341263	2
CP142610.1	341263	341299	1
CP142610.1	341299	341340	2
CP142610.1	341340	341443	1
CP142610.1	341443	341452	0
CP142610.1	341452	341538	1
CP142610.1	341538	341548	2
CP142610.1	341548	341549	1
CP142610.1	341549	341593	2
CP142610.1	341593	341929	1
CP142610.1	341929	342002	2
CP142610.1	342002	342033	3
CP142610.1	342033	342035	2
CP142610.1	342035	342049	3
CP142610.1	342049	342055	2
CP142610.1	342055	342073	1
CP142610.1	342073	342259	0
CP142610.1	342259	342293	1
CP142610.1	342293	342377	2
CP142610.1	342377	342397	1
CP142610.1	342397	342595	0
CP142610.1	342595	342648	1
CP142610.1	342648	342691	2
CP142610.1	342691	342692	1
CP142610.1	342692	342721	2
CP142610.1	342721	342853	1
CP142610.1	342853	342875	2
CP142610.1	342875	342876	1
CP142610.1	342876	342957	2
CP142610.1	342957	343012	3
CP142610.1	343012	343020	4
CP142610.1	343020	343038	5
CP142610.1	343038	343080	4
CP142610.1	343080	343085	5
CP142610.1	343085	343094	4
CP142610.1	343094	343118	5
CP142610.1	343118	343134	4
CP142610.1	343134	343162	3
CP142610.1	343162	343163	2
CP142610.1	343163	343172	3
CP142610.1	343172	343193	4
CP142610.1	343193	343252	3
CP142610.1	343252	343260	4
CP142610.1	343260	343265	3
CP142610.1	343265	343295	4
CP142610.1	343295	343299	3
CP142610.1	343299	343329	4
CP142610.1	343329	343350	3
CP142610.1	343350	343365	2
CP142610.1	343365	343374	1
CP142610.1	343374	343413	2
CP142610.1	343413	343450	3
CP142610.1	343450	343552	2
CP142610.1	343552	343577	1
CP142610.1	343577	343585	2
CP142610.1	343585	343602	3
CP142610.1	343602	343656	2
CP142610.1	343656	343671	1
CP142610.1	343671	343678	0
CP142610.1	343678	343985	1
CP142610.1	343985	343998	2
CP142610.1	343998	344013	3
CP142610.1	344013	344014	2
CP142610.1	344014	344029	3
CP142610.1	344029	344033	2
CP142610.1	344033	344070	3
CP142610.1	344070	344102	2
CP142610.1	344102	344130	1
CP142610.1	344130	344131	0
CP142610.1	344131	344184	1
CP142610.1	344184	344189	2
CP142610.1	344189	344192	1
CP142610.1	344192	344260	2
CP142610.1	344260	344294	3
CP142610.1	344294	344417	2
CP142610.1	344417	344433	1
CP142610.1	344433	344472	2
CP142610.1	344472	344473	0
CP142610.1	344473	344495	2
CP142610.1	344495	344505	3
CP142610.1	344505	344523	2
CP142610.1	344523	344622	1
CP142610.1	344622	344652	0
CP142610.1	344652	344745	1
CP142610.1	344745	344754	2
CP142610.1	344754	344784	3
CP142610.1	344784	344810	2
CP142610.1	344810	344851	1
CP142610.1	344851	344868	2
CP142610.1	344868	344919	3
CP142610.1	344919	344955	2
CP142610.1	344955	344972	1
CP142610.1	344972	344973	2
CP142610.1	344973	344978	3
CP142610.1	344978	344992	4
CP142610.1	344992	344995	3
CP142610.1	344995	345006	4
CP142610.1	345006	345038	5
CP142610.1	345038	345059	4
CP142610.1	345059	345104	3
CP142610.1	345104	345112	4
CP142610.1	345112	345121	3
CP142610.1	345121	345148	2
CP142610.1	345148	345263	1
CP142610.1	345263	345302	2
CP142610.1	345302	345311	1
CP142610.1	345311	345319	2
CP142610.1	345319	345369	1
CP142610.1	345369	345600	0
CP142610.1	345600	345669	1
CP142610.1	345669	345713	0
CP142610.1	345713	345850	1
CP142610.1	345850	345856	0
CP142610.1	345856	345929	1
CP142610.1	345929	346115	0
CP142610.1	346115	346137	1
CP142610.1	346137	346158	2
CP142610.1	346158	346159	1
CP142610.1	346159	346166	2
CP142610.1	346166	346168	1
CP142610.1	346168	346237	2
CP142610.1	346237	346258	1
CP142610.1	346258	346372	2
CP142610.1	346372	346388	3
CP142610.1	346388	346419	2
CP142610.1	346419	346439	1
CP142610.1	346439	346486	0
CP142610.1	346486	346515	1
CP142610.1	346515	346545	2
CP142610.1	346545	346562	1
CP142610.1	346562	346589	2
CP142610.1	346589	346666	1
CP142610.1	346666	346710	2
CP142610.1	346710	346802	1
CP142610.1	346802	346829	2
CP142610.1	346829	346935	3
CP142610.1	346935	347005	2
CP142610.1	347005	347006	0
CP142610.1	347006	347149	2
CP142610.1	347149	347156	1
CP142610.1	347156	347342	0
CP142610.1	347342	347411	1
CP142610.1	347411	347422	0
CP142610.1	347422	347423	1
CP142610.1	347423	347453	2
CP142610.1	347453	347454	0
CP142610.1	347454	347455	1
CP142610.1	347455	347494	2
CP142610.1	347494	347497	1
CP142610.1	347497	347503	2
CP142610.1	347503	347511	1
CP142610.1	347511	347521	2
CP142610.1	347521	347537	3
CP142610.1	347537	347563	2
CP142610.1	347563	347699	1
CP142610.1	347699	347715	0
CP142610.1	347715	347779	1
CP142610.1	347779	347813	2
CP142610.1	347813	347862	3
CP142610.1	347862	347913	2
CP142610.1	347913	348195	1
CP142610.1	348195	348248	2
CP142610.1	348248	348311	3
CP142610.1	348311	348355	2
CP142610.1	348355	348396	1
CP142610.1	348396	348498	0
CP142610.1	348498	348544	1
CP142610.1	348544	348594	2
CP142610.1	348594	348647	3
CP142610.1	348647	348664	2
CP142610.1	348664	348747	1
CP142610.1	348747	348749	0
CP142610.1	348749	348809	1
CP142610.1	348809	348831	2
CP142610.1	348831	348843	1
CP142610.1	348843	348871	2
CP142610.1	348871	348872	1
CP142610.1	348872	348891	2
CP142610.1	348891	348914	1
CP142610.1	348914	348926	2
CP142610.1	348926	349010	1
CP142610.1	349010	349060	2
CP142610.1	349060	349061	1
CP142610.1	349061	349108	2
CP142610.1	349108	349109	1
CP142610.1	349109	349139	2
CP142610.1	349139	349145	1
CP142610.1	349145	349147	0
CP142610.1	349147	349185	1
CP142610.1	349185	349227	0
CP142610.1	349227	349231	1
CP142610.1	349231	349233	2
CP142610.1	349233	349279	3
CP142610.1	349279	349312	2
CP142610.1	349312	349375	1
CP142610.1	349375	349479	2
CP142610.1	349479	349480	1
CP142610.1	349480	349484	2
CP142610.1	349484	349498	3
CP142610.1	349498	349511	4
CP142610.1	349511	349513	2
CP142610.1	349513	349518	4
CP142610.1	349518	349521	3
CP142610.1	349521	349522	4
CP142610.1	349522	349523	3
CP142610.1	349523	349528	4
CP142610.1	349528	349529	3
CP142610.1	349529	349532	4
CP142610.1	349532	349559	3
CP142610.1	349559	349592	2
CP142610.1	349592	349619	3
CP142610.1	349619	349622	2
CP142610.1	349622	349623	1
CP142610.1	349623	349658	2
CP142610.1	349658	349692	1
CP142610.1	349692	349693	0
CP142610.1	349693	349716	1
CP142610.1	349716	349717	0
CP142610.1	349717	349789	1
CP142610.1	349789	349840	0
CP142610.1	349840	349901	1
CP142610.1	349901	349920	0
CP142610.1	349920	349981	1
CP142610.1	349981	349989	0
CP142610.1	349989	350062	1
CP142610.1	350062	350066	0
CP142610.1	350066	350081	1
CP142610.1	350081	350099	2
CP142610.1	350099	350101	1
CP142610.1	350101	350103	0
CP142610.1	350103	350104	1
CP142610.1	350104	350151	2
CP142610.1	350151	350176	1
CP142610.1	350176	350189	2
CP142610.1	350189	350226	1
CP142610.1	350226	350272	0
CP142610.1	350272	350359	1
CP142610.1	350359	350781	0
CP142610.1	350781	350789	1
CP142610.1	350789	350794	2
CP142610.1	350794	350844	3
CP142610.1	350844	350847	2
CP142610.1	350847	350920	1
CP142610.1	350920	350925	2
CP142610.1	350925	350955	3
CP142610.1	350955	350956	2
CP142610.1	350956	350959	3
CP142610.1	350959	350963	2
CP142610.1	350963	350965	0
CP142610.1	350965	350997	2
CP142610.1	350997	351011	1
CP142610.1	351011	351137	0
CP142610.1	351137	351201	1
CP142610.1	351201	351232	2
CP142610.1	351232	351240	1
CP142610.1	351240	351268	2
CP142610.1	351268	351272	3
CP142610.1	351272	351273	2
CP142610.1	351273	351317	1
CP142610.1	351317	351328	0
CP142610.1	351328	351341	1
CP142610.1	351341	351347	2
CP142610.1	351347	351362	3
CP142610.1	351362	351365	1
CP142610.1	351365	351366	2
CP142610.1	351366	351384	3
CP142610.1	351384	351395	2
CP142610.1	351395	351412	3
CP142610.1	351412	351428	4
CP142610.1	351428	351429	3
CP142610.1	351429	351444	4
CP142610.1	351444	351453	3
CP142610.1	351453	351471	2
CP142610.1	351471	351480	3
CP142610.1	351480	351487	2
CP142610.1	351487	351545	1
CP142610.1	351545	351609	2
CP142610.1	351609	351663	1
CP142610.1	351663	351709	2
CP142610.1	351709	351719	1
CP142610.1	351719	351914	0
CP142610.1	351914	351957	1
CP142610.1	351957	351958	0
CP142610.1	351958	351982	1
CP142610.1	351982	352016	2
CP142610.1	352016	352019	1
CP142610.1	352019	352052	2
CP142610.1	352052	352056	1
CP142610.1	352056	352067	2
CP142610.1	352067	352085	1
CP142610.1	352085	352110	2
CP142610.1	352110	352260	1
CP142610.1	352260	352301	2
CP142610.1	352301	352322	1
CP142610.1	352322	352541	0
CP142610.1	352541	352545	1
CP142610.1	352545	352576	2
CP142610.1	352576	352599	3
CP142610.1	352599	352600	2
CP142610.1	352600	352640	3
CP142610.1	352640	352674	2
CP142610.1	352674	352733	1
CP142610.1	352733	353211	0
CP142610.1	353211	353256	1
CP142610.1	353256	353262	0
CP142610.1	353262	353393	1
CP142610.1	353393	353456	0
CP142610.1	353456	353561	1
CP142610.1	353561	353616	2
CP142610.1	353616	353665	1
CP142610.1	353665	353677	2
CP142610.1	353677	353679	1
CP142610.1	353679	353712	2
CP142610.1	353712	353769	1
CP142610.1	353769	353808	2
CP142610.1	353808	353852	3
CP142610.1	353852	353872	2
CP142610.1	353872	353954	3
CP142610.1	353954	353956	2
CP142610.1	353956	353958	0
CP142610.1	353958	353960	2
CP142610.1	353960	353991	3
CP142610.1	353991	354005	2
CP142610.1	354005	354089	1
CP142610.1	354089	354102	2
CP142610.1	354102	354123	3
CP142610.1	354123	354129	2
CP142610.1	354129	354132	0
CP142610.1	354132	354156	2
CP142610.1	354156	354164	1
CP142610.1	354164	354267	2
CP142610.1	354267	354334	1
CP142610.1	354334	354427	2
CP142610.1	354427	354448	1
CP142610.1	354448	354449	0
CP142610.1	354449	354475	1
CP142610.1	354475	354488	0
CP142610.1	354488	354510	1
CP142610.1	354510	354513	2
CP142610.1	354513	354552	3
CP142610.1	354552	354610	4
CP142610.1	354610	354613	3
CP142610.1	354613	354628	4
CP142610.1	354628	354636	3
CP142610.1	354636	354644	2
CP142610.1	354644	354663	1
CP142610.1	354663	354694	2
CP142610.1	354694	354731	1
CP142610.1	354731	354846	0
CP142610.1	354846	354898	1
CP142610.1	354898	354905	2
CP142610.1	354905	354911	3
CP142610.1	354911	354912	2
CP142610.1	354912	354918	3
CP142610.1	354918	354928	2
CP142610.1	354928	354970	3
CP142610.1	354970	354999	2
CP142610.1	354999	355026	3
CP142610.1	355026	355061	4
CP142610.1	355061	355089	3
CP142610.1	355089	355101	2
CP142610.1	355101	355153	1
CP142610.1	355153	355408	0
CP142610.1	355408	355468	1
CP142610.1	355468	355488	0
CP142610.1	355488	355555	1
CP142610.1	355555	355658	0
CP142610.1	355658	355666	1
CP142610.1	355666	355706	2
CP142610.1	355706	355710	1
CP142610.1	355710	355737	2
CP142610.1	355737	355775	3
CP142610.1	355775	355800	2
CP142610.1	355800	355812	3
CP142610.1	355812	355842	2
CP142610.1	355842	355867	1
CP142610.1	355867	355870	0
CP142610.1	355870	355885	1
CP142610.1	355885	355908	2
CP142610.1	355908	355926	3
CP142610.1	355926	355927	2
CP142610.1	355927	355981	3
CP142610.1	355981	356087	2
CP142610.1	356087	356197	1
CP142610.1	356197	356212	0
CP142610.1	356212	356223	1
CP142610.1	356223	356238	2
CP142610.1	356238	356239	0
CP142610.1	356239	356300	2
CP142610.1	356300	356332	1
CP142610.1	356332	356423	0
CP142610.1	356423	356515	1
CP142610.1	356515	356553	2
CP142610.1	356553	356617	3
CP142610.1	356617	356660	2
CP142610.1	356660	356676	3
CP142610.1	356676	356677	2
CP142610.1	356677	356690	3
CP142610.1	356690	356708	2
CP142610.1	356708	356711	3
CP142610.1	356711	356715	4
CP142610.1	356715	356737	5
CP142610.1	356737	356738	4
CP142610.1	356738	356759	5
CP142610.1	356759	356775	6
CP142610.1	356775	356799	5
CP142610.1	356799	356847	4
CP142610.1	356847	356868	3
CP142610.1	356868	356876	4
CP142610.1	356876	356880	3
CP142610.1	356880	356883	2
CP142610.1	356883	356916	1
CP142610.1	356916	356925	0
CP142610.1	356925	356926	1
CP142610.1	356926	356956	2
CP142610.1	356956	356957	1
CP142610.1	356957	356973	2
CP142610.1	356973	357183	1
CP142610.1	357183	357188	2
CP142610.1	357188	357197	3
CP142610.1	357197	357223	4
CP142610.1	357223	357271	3
CP142610.1	357271	357306	4
CP142610.1	357306	357314	3
CP142610.1	357314	357357	2
CP142610.1	357357	357375	1
CP142610.1	357375	357385	0
CP142610.1	357385	357460	1
CP142610.1	357460	357502	2
CP142610.1	357502	357565	1
CP142610.1	357565	357566	0
CP142610.1	357566	357570	1
CP142610.1	357570	357606	2
CP142610.1	357606	357617	3
CP142610.1	357617	357654	2
CP142610.1	357654	357680	3
CP142610.1	357680	357682	2
CP142610.1	357682	357718	1
CP142610.1	357718	357837	0
CP142610.1	357837	357935	1
CP142610.1	357935	357971	0
CP142610.1	357971	357977	1
CP142610.1	357977	357997	2
CP142610.1	357997	358006	3
CP142610.1	358006	358036	4
CP142610.1	358036	358058	3
CP142610.1	358058	358072	2
CP142610.1	358072	358188	3
CP142610.1	358188	358250	2
CP142610.1	358250	358256	1
CP142610.1	358256	358262	2
CP142610.1	358262	358302	1
CP142610.1	358302	358532	0
CP142610.1	358532	358541	1
CP142610.1	358541	358590	2
CP142610.1	358590	358605	1
CP142610.1	358605	358654	0
CP142610.1	358654	358688	1
CP142610.1	358688	358760	2
CP142610.1	358760	358788	3
CP142610.1	358788	358823	2
CP142610.1	358823	358938	1
CP142610.1	358938	358950	2
CP142610.1	358950	358951	1
CP142610.1	358951	358967	2
CP142610.1	358967	359020	1
CP142610.1	359020	359067	2
CP142610.1	359067	359073	1
CP142610.1	359073	359074	2
CP142610.1	359074	359093	3
CP142610.1	359093	359094	2
CP142610.1	359094	359127	3
CP142610.1	359127	359251	2
CP142610.1	359251	359292	1
CP142610.1	359292	359457	0
CP142610.1	359457	359505	1
CP142610.1	359505	359543	2
CP142610.1	359543	359583	1
CP142610.1	359583	360289	0
CP142610.1	360289	360305	1
CP142610.1	360305	360369	2
CP142610.1	360369	360420	3
CP142610.1	360420	360421	2
CP142610.1	360421	360427	3
CP142610.1	360427	360428	2
CP142610.1	360428	360440	1
CP142610.1	360440	360534	0
CP142610.1	360534	360597	1
CP142610.1	360597	360623	2
CP142610.1	360623	360714	1
CP142610.1	360714	360720	0
CP142610.1	360720	360837	1
CP142610.1	360837	361022	0
CP142610.1	361022	361101	1
CP142610.1	361101	361153	0
CP142610.1	361153	361238	1
CP142610.1	361238	361313	2
CP142610.1	361313	361326	1
CP142610.1	361326	361359	2
CP142610.1	361359	361360	3
CP142610.1	361360	361397	2
CP142610.1	361397	361437	1
CP142610.1	361437	361461	2
CP142610.1	361461	361588	1
CP142610.1	361588	361610	0
CP142610.1	361610	361628	1
CP142610.1	361628	361629	0
CP142610.1	361629	361636	1
CP142610.1	361636	361680	2
CP142610.1	361680	361722	3
CP142610.1	361722	361815	2
CP142610.1	361815	361824	1
CP142610.1	361824	361858	0
CP142610.1	361858	361876	1
CP142610.1	361876	361943	2
CP142610.1	361943	361970	1
CP142610.1	361970	362037	2
CP142610.1	362037	362047	3
CP142610.1	362047	362069	4
CP142610.1	362069	362098	3
CP142610.1	362098	362153	2
CP142610.1	362153	362155	1
CP142610.1	362155	362163	2
CP142610.1	362163	362179	1
CP142610.1	362179	362199	2
CP142610.1	362199	362205	3
CP142610.1	362205	362206	2
CP142610.1	362206	362215	3
CP142610.1	362215	362265	2
CP142610.1	362265	362270	1
CP142610.1	362270	362275	0
CP142610.1	362275	362325	1
CP142610.1	362325	362353	2
CP142610.1	362353	362386	3
CP142610.1	362386	362400	2
CP142610.1	362400	362401	3
CP142610.1	362401	362447	2
CP142610.1	362447	362495	1
CP142610.1	362495	362496	0
CP142610.1	362496	362651	1
CP142610.1	362651	362673	2
CP142610.1	362673	362802	1
CP142610.1	362802	362803	0
CP142610.1	362803	362843	1
CP142610.1	362843	363046	0
CP142610.1	363046	363225	1
CP142610.1	363225	363267	0
CP142610.1	363267	363306	1
CP142610.1	363306	363357	2
CP142610.1	363357	363358	1
CP142610.1	363358	363450	0
CP142610.1	363450	363516	1
CP142610.1	363516	363582	2
CP142610.1	363582	363600	1
CP142610.1	363600	363601	0
CP142610.1	363601	363645	1
CP142610.1	363645	363686	0
CP142610.1	363686	363715	1
CP142610.1	363715	363718	0
CP142610.1	363718	363858	1
CP142610.1	363858	363861	0
CP142610.1	363861	363884	1
CP142610.1	363884	363900	0
CP142610.1	363900	363958	1
CP142610.1	363958	364007	2
CP142610.1	364007	364106	3
CP142610.1	364106	364130	2
CP142610.1	364130	364131	1
CP142610.1	364131	364135	2
CP142610.1	364135	364137	3
CP142610.1	364137	364156	2
CP142610.1	364156	364157	1
CP142610.1	364157	364184	2
CP142610.1	364184	364242	3
CP142610.1	364242	364243	2
CP142610.1	364243	364296	3
CP142610.1	364296	364297	2
CP142610.1	364297	364337	3
CP142610.1	364337	364338	2
CP142610.1	364338	364381	3
CP142610.1	364381	364407	4
CP142610.1	364407	364408	3
CP142610.1	364408	364413	4
CP142610.1	364413	364414	3
CP142610.1	364414	364454	2
CP142610.1	364454	364532	1
CP142610.1	364532	364608	2
CP142610.1	364608	364609	1
CP142610.1	364609	364661	3
CP142610.1	364661	364662	0
CP142610.1	364662	364678	3
CP142610.1	364678	364683	2
CP142610.1	364683	364822	1
CP142610.1	364822	364833	2
CP142610.1	364833	364944	1
CP142610.1	364944	364979	0
CP142610.1	364979	365094	1
CP142610.1	365094	365151	2
CP142610.1	365151	365170	1
CP142610.1	365170	365231	0
CP142610.1	365231	365243	1
CP142610.1	365243	365308	2
CP142610.1	365308	365310	1
CP142610.1	365310	365312	0
CP142610.1	365312	365318	1
CP142610.1	365318	365319	2
CP142610.1	365319	365441	1
CP142610.1	365441	365492	0
CP142610.1	365492	365565	1
CP142610.1	365565	365734	2
CP142610.1	365734	365762	1
CP142610.1	365762	365871	0
CP142610.1	365871	366063	1
CP142610.1	366063	366104	2
CP142610.1	366104	366110	3
CP142610.1	366110	366128	2
CP142610.1	366128	366156	3
CP142610.1	366156	366171	2
CP142610.1	366171	366180	1
CP142610.1	366180	366220	2
CP142610.1	366220	366238	3
CP142610.1	366238	366254	2
CP142610.1	366254	366255	1
CP142610.1	366255	366258	2
CP142610.1	366258	366268	3
CP142610.1	366268	366269	2
CP142610.1	366269	366316	3
CP142610.1	366316	366351	4
CP142610.1	366351	366399	3
CP142610.1	366399	366417	2
CP142610.1	366417	366511	1
CP142610.1	366511	366524	0
CP142610.1	366524	366544	1
CP142610.1	366544	366569	2
CP142610.1	366569	366573	3
CP142610.1	366573	366574	2
CP142610.1	366574	366579	3
CP142610.1	366579	366580	2
CP142610.1	366580	366587	3
CP142610.1	366587	366643	4
CP142610.1	366643	366667	3
CP142610.1	366667	366670	2
CP142610.1	366670	366798	3
CP142610.1	366798	366819	2
CP142610.1	366819	366820	1
CP142610.1	366820	366821	0
CP142610.1	366821	366845	1
CP142610.1	366845	366859	0
CP142610.1	366859	366881	1
CP142610.1	366881	367136	2
CP142610.1	367136	367181	1
CP142610.1	367181	367192	2
CP142610.1	367192	367196	0
CP142610.1	367196	367229	2
CP142610.1	367229	367232	0
CP142610.1	367232	367328	2
CP142610.1	367328	367394	3
CP142610.1	367394	367402	2
CP142610.1	367402	367556	1
CP142610.1	367556	367835	0
CP142610.1	367835	367910	1
CP142610.1	367910	367913	0
CP142610.1	367913	367959	1
CP142610.1	367959	367960	0
CP142610.1	367960	367988	1
CP142610.1	367988	367989	0
CP142610.1	367989	368019	1
CP142610.1	368019	368078	2
CP142610.1	368078	368090	1
CP142610.1	368090	368136	0
CP142610.1	368136	368193	1
CP142610.1	368193	368267	2
CP142610.1	368267	368269	1
CP142610.1	368269	368290	2
CP142610.1	368290	368305	1
CP142610.1	368305	368306	0
CP142610.1	368306	368342	1
CP142610.1	368342	368431	0
CP142610.1	368431	368575	1
CP142610.1	368575	368861	0
CP142610.1	368861	368913	1
CP142610.1	368913	369193	0
CP142610.1	369193	369282	1
CP142610.1	369282	369328	2
CP142610.1	369328	369392	1
CP142610.1	369392	369419	2
CP142610.1	369419	369472	1
CP142610.1	369472	369562	0
CP142610.1	369562	369626	1
CP142610.1	369626	369698	2
CP142610.1	369698	369758	1
CP142610.1	369758	369803	2
CP142610.1	369803	369875	1
CP142610.1	369875	369985	0
CP142610.1	369985	370042	1
CP142610.1	370042	370191	0
CP142610.1	370191	370259	1
CP142610.1	370259	370404	0
CP142610.1	370404	370459	1
CP142610.1	370459	370460	0
CP142610.1	370460	370475	1
CP142610.1	370475	370490	2
CP142610.1	370490	370510	3
CP142610.1	370510	370512	2
CP142610.1	370512	370560	3
CP142610.1	370560	370607	2
CP142610.1	370607	370619	3
CP142610.1	370619	370621	2
CP142610.1	370621	370663	3
CP142610.1	370663	370667	4
CP142610.1	370667	370674	3
CP142610.1	370674	370682	2
CP142610.1	370682	370688	1
CP142610.1	370688	370690	2
CP142610.1	370690	370748	3
CP142610.1	370748	370876	2
CP142610.1	370876	370984	1
CP142610.1	370984	371130	0
CP142610.1	371130	371289	1
CP142610.1	371289	371291	0
CP142610.1	371291	371303	1
CP142610.1	371303	371304	0
CP142610.1	371304	371316	1
CP142610.1	371316	371497	2
CP142610.1	371497	371498	1
CP142610.1	371498	371501	2
CP142610.1	371501	371522	3
CP142610.1	371522	371550	4
CP142610.1	371550	371553	3
CP142610.1	371553	371585	4
CP142610.1	371585	371587	3
CP142610.1	371587	371597	4
CP142610.1	371597	371599	2
CP142610.1	371599	371638	3
CP142610.1	371638	371643	2
CP142610.1	371643	371656	1
CP142610.1	371656	371968	0
CP142610.1	371968	372000	1
CP142610.1	372000	372065	2
CP142610.1	372065	372139	1
CP142610.1	372139	372143	0
CP142610.1	372143	372148	1
CP142610.1	372148	372149	0
CP142610.1	372149	372253	1
CP142610.1	372253	372268	2
CP142610.1	372268	372269	1
CP142610.1	372269	372309	2
CP142610.1	372309	372381	1
CP142610.1	372381	372383	0
CP142610.1	372383	372443	1
CP142610.1	372443	372446	0
CP142610.1	372446	372465	1
CP142610.1	372465	372567	0
CP142610.1	372567	372619	1
CP142610.1	372619	372943	0
CP142610.1	372943	372950	1
CP142610.1	372950	372966	2
CP142610.1	372966	372967	1
CP142610.1	372967	372998	2
CP142610.1	372998	373231	1
CP142610.1	373231	373338	0
CP142610.1	373338	373395	1
CP142610.1	373395	373479	2
CP142610.1	373479	373480	0
CP142610.1	373480	373543	2
CP142610.1	373543	373546	1
CP142610.1	373546	373592	2
CP142610.1	373592	373654	1
CP142610.1	373654	373688	2
CP142610.1	373688	373820	1
CP142610.1	373820	373979	0
CP142610.1	373979	374015	1
CP142610.1	374015	374057	2
CP142610.1	374057	374096	1
CP142610.1	374096	374100	2
CP142610.1	374100	374102	1
CP142610.1	374102	374145	2
CP142610.1	374145	374147	4
CP142610.1	374147	374225	3
CP142610.1	374225	374229	4
CP142610.1	374229	374275	3
CP142610.1	374275	374278	2
CP142610.1	374278	374310	3
CP142610.1	374310	374311	2
CP142610.1	374311	374322	3
CP142610.1	374322	374323	2
CP142610.1	374323	374328	3
CP142610.1	374328	374329	2
CP142610.1	374329	374330	3
CP142610.1	374330	374349	4
CP142610.1	374349	374356	3
CP142610.1	374356	374361	2
CP142610.1	374361	374363	3
CP142610.1	374363	374365	2
CP142610.1	374365	374368	1
CP142610.1	374368	374392	3
CP142610.1	374392	374403	4
CP142610.1	374403	374407	3
CP142610.1	374407	374519	2
CP142610.1	374519	374521	1
CP142610.1	374521	374527	2
CP142610.1	374527	374533	1
CP142610.1	374533	374541	0
CP142610.1	374541	374619	1
CP142610.1	374619	374625	0
CP142610.1	374625	374636	1
CP142610.1	374636	374643	2
CP142610.1	374643	374667	3
CP142610.1	374667	374706	2
CP142610.1	374706	374709	3
CP142610.1	374709	374710	2
CP142610.1	374710	374726	3
CP142610.1	374726	374779	4
CP142610.1	374779	374783	3
CP142610.1	374783	374785	4
CP142610.1	374785	374786	3
CP142610.1	374786	374790	4
CP142610.1	374790	374791	3
CP142610.1	374791	374793	2
CP142610.1	374793	374797	1
CP142610.1	374797	374851	3
CP142610.1	374851	374885	2
CP142610.1	374885	374954	1
CP142610.1	374954	374962	2
CP142610.1	374962	374963	1
CP142610.1	374963	374993	2
CP142610.1	374993	375017	1
CP142610.1	375017	375018	0
CP142610.1	375018	375040	1
CP142610.1	375040	375124	0
CP142610.1	375124	375278	1
CP142610.1	375278	375294	0
CP142610.1	375294	375403	1
CP142610.1	375403	375419	2
CP142610.1	375419	375421	1
CP142610.1	375421	375474	2
CP142610.1	375474	375493	0
CP142610.1	375493	375575	1
CP142610.1	375575	375576	0
CP142610.1	375576	375621	1
CP142610.1	375621	375672	2
CP142610.1	375672	375673	0
CP142610.1	375673	375768	2
CP142610.1	375768	375774	1
CP142610.1	375774	375777	0
CP142610.1	375777	375802	1
CP142610.1	375802	375835	2
CP142610.1	375835	375862	1
CP142610.1	375862	375864	0
CP142610.1	375864	375956	1
CP142610.1	375956	376084	0
CP142610.1	376084	376163	1
CP142610.1	376163	376164	0
CP142610.1	376164	376184	1
CP142610.1	376184	376187	0
CP142610.1	376187	376237	1
CP142610.1	376237	376247	2
CP142610.1	376247	376339	1
CP142610.1	376339	376400	0
CP142610.1	376400	376406	1
CP142610.1	376406	376426	2
CP142610.1	376426	376448	3
CP142610.1	376448	376453	2
CP142610.1	376453	376524	1
CP142610.1	376524	376621	2
CP142610.1	376621	376670	1
CP142610.1	376670	376671	0
CP142610.1	376671	376780	1
CP142610.1	376780	376949	0
CP142610.1	376949	377014	1
CP142610.1	377014	377074	0
CP142610.1	377074	377132	1
CP142610.1	377132	377146	2
CP142610.1	377146	377151	1
CP142610.1	377151	377195	2
CP142610.1	377195	377203	3
CP142610.1	377203	377204	2
CP142610.1	377204	377220	3
CP142610.1	377220	377234	2
CP142610.1	377234	377237	1
CP142610.1	377237	377268	2
CP142610.1	377268	377342	1
CP142610.1	377342	377343	0
CP142610.1	377343	377402	1
CP142610.1	377402	377418	0
CP142610.1	377418	377474	2
CP142610.1	377474	377478	3
CP142610.1	377478	377720	1
CP142610.1	377720	377807	2
CP142610.1	377807	377845	1
CP142610.1	377845	377853	2
CP142610.1	377853	377858	1
CP142610.1	377858	377877	2
CP142610.1	377877	377896	1
CP142610.1	377896	377918	0
CP142610.1	377918	378014	1
CP142610.1	378014	378015	0
CP142610.1	378015	378062	1
CP142610.1	378062	378070	0
CP142610.1	378070	378073	1
CP142610.1	378073	378128	2
CP142610.1	378128	378131	0
CP142610.1	378131	378134	1
CP142610.1	378134	378139	2
CP142610.1	378139	378167	3
CP142610.1	378167	378168	2
CP142610.1	378168	378179	3
CP142610.1	378179	378186	4
CP142610.1	378186	378187	3
CP142610.1	378187	378195	4
CP142610.1	378195	378196	3
CP142610.1	378196	378198	2
CP142610.1	378198	378272	3
CP142610.1	378272	378284	2
CP142610.1	378284	378419	1
CP142610.1	378419	378423	0
CP142610.1	378423	378473	1
CP142610.1	378473	378476	0
CP142610.1	378476	378503	1
CP142610.1	378503	378505	0
CP142610.1	378505	378520	1
CP142610.1	378520	378596	0
CP142610.1	378596	378796	1
CP142610.1	378796	378799	2
CP142610.1	378799	378800	1
CP142610.1	378800	378853	2
CP142610.1	378853	378863	1
CP142610.1	378863	378870	0
CP142610.1	378870	378930	1
CP142610.1	378930	379013	2
CP142610.1	379013	379036	1
CP142610.1	379036	379293	0
CP142610.1	379293	379540	1
CP142610.1	379540	379543	0
CP142610.1	379543	379704	1
CP142610.1	379704	379733	0
CP142610.1	379733	379808	2
CP142610.1	379808	379809	1
CP142610.1	379809	379854	2
CP142610.1	379854	379865	1
CP142610.1	379865	379931	0
CP142610.1	379931	380004	1
CP142610.1	380004	380137	0
CP142610.1	380137	380212	1
CP142610.1	380212	380249	0
CP142610.1	380249	380265	1
CP142610.1	380265	380314	2
CP142610.1	380314	380320	1
CP142610.1	380320	380376	2
CP142610.1	380376	380408	3
CP142610.1	380408	380409	2
CP142610.1	380409	380412	3
CP142610.1	380412	380413	2
CP142610.1	380413	380417	3
CP142610.1	380417	380444	4
CP142610.1	380444	380499	3
CP142610.1	380499	380546	2
CP142610.1	380546	380553	3
CP142610.1	380553	380612	2
CP142610.1	380612	380702	1
CP142610.1	380702	380711	2
CP142610.1	380711	380820	3
CP142610.1	380820	380847	2
CP142610.1	380847	380855	3
CP142610.1	380855	380905	2
CP142610.1	380905	380935	3
CP142610.1	380935	380936	2
CP142610.1	380936	380987	3
CP142610.1	380987	381015	2
CP142610.1	381015	381043	3
CP142610.1	381043	381122	4
CP142610.1	381122	381128	3
CP142610.1	381128	381177	2
CP142610.1	381177	381214	3
CP142610.1	381214	381266	2
CP142610.1	381266	381299	3
CP142610.1	381299	381327	2
CP142610.1	381327	381334	3
CP142610.1	381334	381348	2
CP142610.1	381348	381430	1
CP142610.1	381430	381432	2
CP142610.1	381432	381459	3
CP142610.1	381459	381526	2
CP142610.1	381526	381548	1
CP142610.1	381548	381778	0
CP142610.1	381778	381845	1
CP142610.1	381845	381922	0
CP142610.1	381922	382106	1
CP142610.1	382106	382204	2
CP142610.1	382204	382235	3
CP142610.1	382235	382241	2
CP142610.1	382241	382392	1
CP142610.1	382392	382446	2
CP142610.1	382446	382596	1
CP142610.1	382596	382599	0
CP142610.1	382599	382619	1
CP142610.1	382619	382738	2
CP142610.1	382738	382992	1
CP142610.1	382992	382994	0
CP142610.1	382994	383007	1
CP142610.1	383007	383132	0
CP142610.1	383132	383301	1
CP142610.1	383301	383378	0
CP142610.1	383378	383395	1
CP142610.1	383395	383428	2
CP142610.1	383428	383431	1
CP142610.1	383431	383489	2
CP142610.1	383489	383603	1
CP142610.1	383603	383614	0
CP142610.1	383614	383672	1
CP142610.1	383672	383777	0
CP142610.1	383777	383837	1
CP142610.1	383837	383894	0
CP142610.1	383894	384010	1
CP142610.1	384010	384089	2
CP142610.1	384089	384149	1
CP142610.1	384149	384180	2
CP142610.1	384180	384231	1
CP142610.1	384231	384240	0
CP142610.1	384240	384263	1
CP142610.1	384263	384266	2
CP142610.1	384266	384336	1
CP142610.1	384336	384481	0
CP142610.1	384481	384492	1
CP142610.1	384492	384527	2
CP142610.1	384527	384528	3
CP142610.1	384528	384529	2
CP142610.1	384529	384578	3
CP142610.1	384578	384607	2
CP142610.1	384607	384608	1
CP142610.1	384608	384646	2
CP142610.1	384646	384689	1
CP142610.1	384689	384756	2
CP142610.1	384756	384762	3
CP142610.1	384762	384859	1
CP142610.1	384859	384888	2
CP142610.1	384888	384891	1
CP142610.1	384891	384924	2
CP142610.1	384924	384928	1
CP142610.1	384928	384938	2
CP142610.1	384938	384939	1
CP142610.1	384939	384946	2
CP142610.1	384946	384947	1
CP142610.1	384947	384955	2
CP142610.1	384955	384965	3
CP142610.1	384965	384966	2
CP142610.1	384966	384981	3
CP142610.1	384981	385018	2
CP142610.1	385018	385220	1
CP142610.1	385220	385331	0
CP142610.1	385331	385446	1
CP142610.1	385446	385586	2
CP142610.1	385586	385588	1
CP142610.1	385588	385599	2
CP142610.1	385599	385635	3
CP142610.1	385635	385639	4
CP142610.1	385639	385657	3
CP142610.1	385657	385670	2
CP142610.1	385670	385743	3
CP142610.1	385743	385767	2
CP142610.1	385767	385816	1
CP142610.1	385816	385826	2
CP142610.1	385826	385830	3
CP142610.1	385830	385831	2
CP142610.1	385831	385850	3
CP142610.1	385850	385856	2
CP142610.1	385856	385878	3
CP142610.1	385878	385895	4
CP142610.1	385895	385911	3
CP142610.1	385911	385934	2
CP142610.1	385934	385940	3
CP142610.1	385940	385990	2
CP142610.1	385990	386015	3
CP142610.1	386015	386016	1
CP142610.1	386016	386019	2
CP142610.1	386019	386062	3
CP142610.1	386062	386070	2
CP142610.1	386070	386101	1
CP142610.1	386101	386103	0
CP142610.1	386103	386131	1
CP142610.1	386131	386234	0
CP142610.1	386234	386441	1
CP142610.1	386441	386443	0
CP142610.1	386443	386447	1
CP142610.1	386447	386679	0
CP142610.1	386679	386716	1
CP142610.1	386716	386737	2
CP142610.1	386737	386738	1
CP142610.1	386738	386740	2
CP142610.1	386740	386753	1
CP142610.1	386753	386761	2
CP142610.1	386761	386762	0
CP142610.1	386762	386793	2
CP142610.1	386793	386794	1
CP142610.1	386794	386796	0
CP142610.1	386796	386797	1
CP142610.1	386797	386819	2
CP142610.1	386819	386886	1
CP142610.1	386886	386922	2
CP142610.1	386922	386923	1
CP142610.1	386923	386936	2
CP142610.1	386936	386937	1
CP142610.1	386937	386954	2
CP142610.1	386954	386987	3
CP142610.1	386987	387024	4
CP142610.1	387024	387060	3
CP142610.1	387060	387061	2
CP142610.1	387061	387062	3
CP142610.1	387062	387068	4
CP142610.1	387068	387115	3
CP142610.1	387115	387168	2
CP142610.1	387168	387388	1
CP142610.1	387388	387458	0
CP142610.1	387458	387495	1
CP142610.1	387495	387497	0
CP142610.1	387497	387680	1
CP142610.1	387680	387693	2
CP142610.1	387693	387768	3
CP142610.1	387768	387782	2
CP142610.1	387782	387783	1
CP142610.1	387783	387818	2
CP142610.1	387818	387855	1
CP142610.1	387855	387923	2
CP142610.1	387923	387970	1
CP142610.1	387970	388034	0
CP142610.1	388034	388253	1
CP142610.1	388253	388328	0
CP142610.1	388328	388383	1
CP142610.1	388383	388433	2
CP142610.1	388433	388457	1
CP142610.1	388457	388475	0
CP142610.1	388475	388502	1
CP142610.1	388502	388503	0
CP142610.1	388503	388538	1
CP142610.1	388538	388606	2
CP142610.1	388606	388710	1
CP142610.1	388710	388813	0
CP142610.1	388813	389021	1
CP142610.1	389021	389022	0
CP142610.1	389022	389138	1
CP142610.1	389138	389182	2
CP142610.1	389182	389271	1
CP142610.1	389271	389272	0
CP142610.1	389272	389279	1
CP142610.1	389279	389316	2
CP142610.1	389316	389334	1
CP142610.1	389334	389352	2
CP142610.1	389352	389433	3
CP142610.1	389433	389435	2
CP142610.1	389435	389453	3
CP142610.1	389453	389457	1
CP142610.1	389457	389520	3
CP142610.1	389520	389525	4
CP142610.1	389525	389538	3
CP142610.1	389538	389566	2
CP142610.1	389566	389630	1
CP142610.1	389630	389647	2
CP142610.1	389647	389724	3
CP142610.1	389724	389737	2
CP142610.1	389737	389741	1
CP142610.1	389741	389810	2
CP142610.1	389810	389893	1
CP142610.1	389893	389956	2
CP142610.1	389956	389957	1
CP142610.1	389957	389960	2
CP142610.1	389960	389998	3
CP142610.1	389998	389999	1
CP142610.1	389999	390010	3
CP142610.1	390010	390012	2
CP142610.1	390012	390037	3
CP142610.1	390037	390038	2
CP142610.1	390038	390054	3
CP142610.1	390054	390058	2
CP142610.1	390058	390079	3
CP142610.1	390079	390094	2
CP142610.1	390094	390143	1
CP142610.1	390143	390165	0
CP142610.1	390165	390226	1
CP142610.1	390226	390227	0
CP142610.1	390227	390323	1
CP142610.1	390323	390365	0
CP142610.1	390365	390462	1
CP142610.1	390462	390602	0
CP142610.1	390602	390683	1
CP142610.1	390683	390716	0
CP142610.1	390716	390719	1
CP142610.1	390719	390788	2
CP142610.1	390788	390790	1
CP142610.1	390790	390840	2
CP142610.1	390840	390843	0
CP142610.1	390843	390878	2
CP142610.1	390878	390994	1
CP142610.1	390994	391117	0
CP142610.1	391117	391180	1
CP142610.1	391180	391183	2
CP142610.1	391183	391239	3
CP142610.1	391239	391251	2
CP142610.1	391251	391281	3
CP142610.1	391281	391292	4
CP142610.1	391292	391295	5
CP142610.1	391295	391310	4
CP142610.1	391310	391338	3
CP142610.1	391338	391339	2
CP142610.1	391339	391350	3
CP142610.1	391350	391360	2
CP142610.1	391360	391371	3
CP142610.1	391371	391414	2
CP142610.1	391414	391418	1
CP142610.1	391418	391419	0
CP142610.1	391419	391444	1
CP142610.1	391444	391448	0
CP142610.1	391448	391496	1
CP142610.1	391496	391537	0
CP142610.1	391537	391572	1
CP142610.1	391572	391573	0
CP142610.1	391573	391578	1
CP142610.1	391578	391589	2
CP142610.1	391589	391600	3
CP142610.1	391600	391601	2
CP142610.1	391601	391645	3
CP142610.1	391645	391648	2
CP142610.1	391648	391672	3
CP142610.1	391672	391727	4
CP142610.1	391727	391747	3
CP142610.1	391747	391748	2
CP142610.1	391748	391777	3
CP142610.1	391777	391781	4
CP142610.1	391781	391833	3
CP142610.1	391833	391865	2
CP142610.1	391865	391866	1
CP142610.1	391866	391892	2
CP142610.1	391892	391893	1
CP142610.1	391893	391897	0
CP142610.1	391897	391963	1
CP142610.1	391963	391978	2
CP142610.1	391978	391988	1
CP142610.1	391988	392085	2
CP142610.1	392085	392107	1
CP142610.1	392107	392474	0
CP142610.1	392474	392495	1
CP142610.1	392495	392534	2
CP142610.1	392534	392622	1
CP142610.1	392622	392639	2
CP142610.1	392639	392653	1
CP142610.1	392653	392654	0
CP142610.1	392654	392730	1
CP142610.1	392730	392787	2
CP142610.1	392787	392862	1
CP142610.1	392862	392874	0
CP142610.1	392874	392921	1
CP142610.1	392921	392958	0
CP142610.1	392958	392983	1
CP142610.1	392983	392999	2
CP142610.1	392999	393026	1
CP142610.1	393026	393093	2
CP142610.1	393093	393197	1
CP142610.1	393197	393199	0
CP142610.1	393199	393291	1
CP142610.1	393291	393293	0
CP142610.1	393293	393331	1
CP142610.1	393331	393337	0
CP142610.1	393337	393413	1
CP142610.1	393413	393434	2
CP142610.1	393434	393445	1
CP142610.1	393445	393457	0
CP142610.1	393457	393561	1
CP142610.1	393561	393653	0
CP142610.1	393653	393674	1
CP142610.1	393674	393695	2
CP142610.1	393695	393707	3
CP142610.1	393707	393743	4
CP142610.1	393743	393792	3
CP142610.1	393792	393806	2
CP142610.1	393806	393813	1
CP142610.1	393813	393819	2
CP142610.1	393819	393820	1
CP142610.1	393820	393838	2
CP142610.1	393838	393850	3
CP142610.1	393850	393851	2
CP142610.1	393851	393852	3
CP142610.1	393852	393929	4
CP142610.1	393929	393961	3
CP142610.1	393961	394040	2
CP142610.1	394040	394042	1
CP142610.1	394042	394048	2
CP142610.1	394048	394052	1
CP142610.1	394052	394095	2
CP142610.1	394095	394187	3
CP142610.1	394187	394188	2
CP142610.1	394188	394200	3
CP142610.1	394200	394213	4
CP142610.1	394213	394214	3
CP142610.1	394214	394216	2
CP142610.1	394216	394244	3
CP142610.1	394244	394287	2
CP142610.1	394287	394318	1
CP142610.1	394318	394380	2
CP142610.1	394380	394424	3
CP142610.1	394424	394428	4
CP142610.1	394428	394429	3
CP142610.1	394429	394435	4
CP142610.1	394435	394437	2
CP142610.1	394437	394458	3
CP142610.1	394458	394462	2
CP142610.1	394462	394471	3
CP142610.1	394471	394547	4
CP142610.1	394547	394578	3
CP142610.1	394578	394649	2
CP142610.1	394649	394706	3
CP142610.1	394706	394714	2
CP142610.1	394714	394717	0
CP142610.1	394717	394812	3
CP142610.1	394812	394820	2
CP142610.1	394820	394846	1
CP142610.1	394846	394858	0
CP142610.1	394858	394956	1
CP142610.1	394956	394957	0
CP142610.1	394957	394984	1
CP142610.1	394984	395004	2
CP142610.1	395004	395005	1
CP142610.1	395005	395161	2
CP142610.1	395161	395169	1
CP142610.1	395169	395188	0
CP142610.1	395188	395245	1
CP142610.1	395245	395251	2
CP142610.1	395251	395252	1
CP142610.1	395252	395257	2
CP142610.1	395257	395275	3
CP142610.1	395275	395358	2
CP142610.1	395358	395437	1
CP142610.1	395437	395445	2
CP142610.1	395445	395519	1
CP142610.1	395519	395547	0
CP142610.1	395547	395706	1
CP142610.1	395706	395943	0
CP142610.1	395943	396041	1
CP142610.1	396041	396044	0
CP142610.1	396044	396049	1
CP142610.1	396049	396071	2
CP142610.1	396071	396084	3
CP142610.1	396084	396085	2
CP142610.1	396085	396139	3
CP142610.1	396139	396154	2
CP142610.1	396154	396160	1
CP142610.1	396160	396161	0
CP142610.1	396161	396206	1
CP142610.1	396206	396216	2
CP142610.1	396216	396298	1
CP142610.1	396298	396354	0
CP142610.1	396354	396388	1
CP142610.1	396388	396389	0
CP142610.1	396389	396457	1
CP142610.1	396457	396520	0
CP142610.1	396520	396655	1
CP142610.1	396655	396659	2
CP142610.1	396659	396672	3
CP142610.1	396672	396690	4
CP142610.1	396690	396737	5
CP142610.1	396737	396768	4
CP142610.1	396768	396797	3
CP142610.1	396797	396814	2
CP142610.1	396814	396825	3
CP142610.1	396825	396870	2
CP142610.1	396870	396873	1
CP142610.1	396873	396886	2
CP142610.1	396886	396887	1
CP142610.1	396887	396942	2
CP142610.1	396942	396958	1
CP142610.1	396958	397024	2
CP142610.1	397024	397027	1
CP142610.1	397027	397162	0
CP142610.1	397162	397411	1
CP142610.1	397411	397464	0
CP142610.1	397464	397608	1
CP142610.1	397608	397720	0
CP142610.1	397720	397723	1
CP142610.1	397723	397785	2
CP142610.1	397785	397831	1
CP142610.1	397831	397836	2
CP142610.1	397836	397846	1
CP142610.1	397846	397908	2
CP142610.1	397908	397977	1
CP142610.1	397977	398021	2
CP142610.1	398021	398024	1
CP142610.1	398024	398064	0
CP142610.1	398064	398174	1
CP142610.1	398174	398179	2
CP142610.1	398179	398256	1
CP142610.1	398256	398327	0
CP142610.1	398327	398361	1
CP142610.1	398361	398362	0
CP142610.1	398362	398458	1
CP142610.1	398458	398784	0
CP142610.1	398784	398802	1
CP142610.1	398802	398814	2
CP142610.1	398814	398815	1
CP142610.1	398815	398836	2
CP142610.1	398836	398837	1
CP142610.1	398837	398849	2
CP142610.1	398849	398869	3
CP142610.1	398869	398870	2
CP142610.1	398870	398883	3
CP142610.1	398883	398893	2
CP142610.1	398893	398963	1
CP142610.1	398963	398979	2
CP142610.1	398979	398980	1
CP142610.1	398980	398981	0
CP142610.1	398981	399001	2
CP142610.1	399001	399004	1
CP142610.1	399004	399008	2
CP142610.1	399008	399010	1
CP142610.1	399010	399020	2
CP142610.1	399020	399114	1
CP142610.1	399114	399140	2
CP142610.1	399140	399145	1
CP142610.1	399145	399168	2
CP142610.1	399168	399207	1
CP142610.1	399207	399211	2
CP142610.1	399211	399243	3
CP142610.1	399243	399245	1
CP142610.1	399245	399248	2
CP142610.1	399248	399299	3
CP142610.1	399299	399329	2
CP142610.1	399329	399364	1
CP142610.1	399364	399381	0
CP142610.1	399381	399463	1
CP142610.1	399463	399626	0
CP142610.1	399626	399770	1
CP142610.1	399770	399861	0
CP142610.1	399861	399894	1
CP142610.1	399894	399902	0
CP142610.1	399902	399942	1
CP142610.1	399942	399996	2
CP142610.1	399996	399998	1
CP142610.1	399998	400041	2
CP142610.1	400041	400055	0
CP142610.1	400055	400154	1
CP142610.1	400154	400213	0
CP142610.1	400213	400227	1
CP142610.1	400227	400281	2
CP142610.1	400281	400291	3
CP142610.1	400291	400328	2
CP142610.1	400328	400331	1
CP142610.1	400331	400345	2
CP142610.1	400345	400350	1
CP142610.1	400350	400363	0
CP142610.1	400363	400395	1
CP142610.1	400395	400482	2
CP142610.1	400482	400537	1
CP142610.1	400537	400541	2
CP142610.1	400541	400549	1
CP142610.1	400549	400630	2
CP142610.1	400630	400640	1
CP142610.1	400640	400681	2
CP142610.1	400681	400682	1
CP142610.1	400682	400701	2
CP142610.1	400701	400705	1
CP142610.1	400705	400746	2
CP142610.1	400746	400748	1
CP142610.1	400748	400765	2
CP142610.1	400765	400778	1
CP142610.1	400778	400779	0
CP142610.1	400779	400795	1
CP142610.1	400795	400827	2
CP142610.1	400827	400855	1
CP142610.1	400855	400883	2
CP142610.1	400883	400885	3
CP142610.1	400885	400894	2
CP142610.1	400894	400938	3
CP142610.1	400938	400939	2
CP142610.1	400939	400946	3
CP142610.1	400946	400962	2
CP142610.1	400962	400963	1
CP142610.1	400963	401050	2
CP142610.1	401050	401126	3
CP142610.1	401126	401127	2
CP142610.1	401127	401221	3
CP142610.1	401221	401239	2
CP142610.1	401239	401298	3
CP142610.1	401298	401310	4
CP142610.1	401310	401311	3
CP142610.1	401311	401330	4
CP142610.1	401330	401333	3
CP142610.1	401333	401413	4
CP142610.1	401413	401438	3
CP142610.1	401438	401449	2
CP142610.1	401449	401532	1
CP142610.1	401532	401547	0
CP142610.1	401547	401648	1
CP142610.1	401648	401672	0
CP142610.1	401672	401704	1
CP142610.1	401704	401705	0
CP142610.1	401705	401741	1
CP142610.1	401741	401866	0
CP142610.1	401866	401899	1
CP142610.1	401899	401926	2
CP142610.1	401926	401927	1
CP142610.1	401927	401948	2
CP142610.1	401948	401952	1
CP142610.1	401952	402056	0
CP142610.1	402056	402061	1
CP142610.1	402061	402101	2
CP142610.1	402101	402218	1
CP142610.1	402218	402219	0
CP142610.1	402219	402264	1
CP142610.1	402264	402298	2
CP142610.1	402298	402377	1
CP142610.1	402377	402460	0
CP142610.1	402460	402496	1
CP142610.1	402496	402514	0
CP142610.1	402514	402603	1
CP142610.1	402603	402630	2
CP142610.1	402630	402634	1
CP142610.1	402634	402730	2
CP142610.1	402730	402858	1
CP142610.1	402858	402942	0
CP142610.1	402942	402959	1
CP142610.1	402959	402997	2
CP142610.1	402997	403069	1
CP142610.1	403069	403178	2
CP142610.1	403178	403191	1
CP142610.1	403191	403266	0
CP142610.1	403266	403418	1
CP142610.1	403418	403433	2
CP142610.1	403433	403434	1
CP142610.1	403434	403437	0
CP142610.1	403437	403503	1
CP142610.1	403503	403539	2
CP142610.1	403539	403548	1
CP142610.1	403548	403677	2
CP142610.1	403677	403702	1
CP142610.1	403702	403737	0
CP142610.1	403737	403805	1
CP142610.1	403805	403857	2
CP142610.1	403857	404016	3
CP142610.1	404016	404053	2
CP142610.1	404053	404075	1
CP142610.1	404075	404130	2
CP142610.1	404130	404134	1
CP142610.1	404134	404157	2
CP142610.1	404157	404182	3
CP142610.1	404182	404186	2
CP142610.1	404186	404189	1
CP142610.1	404189	404192	2
CP142610.1	404192	404214	3
CP142610.1	404214	404227	2
CP142610.1	404227	404235	4
CP142610.1	404235	404249	3
CP142610.1	404249	404262	2
CP142610.1	404262	404264	1
CP142610.1	404264	404265	2
CP142610.1	404265	404346	3
CP142610.1	404346	404366	2
CP142610.1	404366	404416	3
CP142610.1	404416	404422	2
CP142610.1	404422	404464	1
CP142610.1	404464	404532	2
CP142610.1	404532	404549	1
CP142610.1	404549	404620	0
CP142610.1	404620	404663	1
CP142610.1	404663	404686	2
CP142610.1	404686	404690	3
CP142610.1	404690	404692	2
CP142610.1	404692	404696	3
CP142610.1	404696	404697	2
CP142610.1	404697	404705	3
CP142610.1	404705	404850	2
CP142610.1	404850	405009	1
CP142610.1	405009	405010	0
CP142610.1	405010	405098	1
CP142610.1	405098	405099	0
CP142610.1	405099	405235	1
CP142610.1	405235	405240	0
CP142610.1	405240	405336	1
CP142610.1	405336	405403	2
CP142610.1	405403	405416	1
CP142610.1	405416	405464	0
CP142610.1	405464	405498	1
CP142610.1	405498	405521	2
CP142610.1	405521	405626	3
CP142610.1	405626	405643	2
CP142610.1	405643	405660	3
CP142610.1	405660	405685	2
CP142610.1	405685	405687	1
CP142610.1	405687	405696	2
CP142610.1	405696	405697	1
CP142610.1	405697	405698	0
CP142610.1	405698	405700	1
CP142610.1	405700	405717	2
CP142610.1	405717	405787	1
CP142610.1	405787	405800	2
CP142610.1	405800	405965	1
CP142610.1	405965	406159	0
CP142610.1	406159	406180	1
CP142610.1	406180	406182	0
CP142610.1	406182	406215	1
CP142610.1	406215	406216	0
CP142610.1	406216	406238	1
CP142610.1	406238	406286	2
CP142610.1	406286	406329	1
CP142610.1	406329	406340	0
CP142610.1	406340	406469	1
CP142610.1	406469	406568	2
CP142610.1	406568	406569	1
CP142610.1	406569	406737	0
CP142610.1	406737	406776	1
CP142610.1	406776	406777	0
CP142610.1	406777	406900	1
CP142610.1	406900	406918	2
CP142610.1	406918	406973	3
CP142610.1	406973	406974	2
CP142610.1	406974	406977	3
CP142610.1	406977	406978	2
CP142610.1	406978	406983	3
CP142610.1	406983	407006	2
CP142610.1	407006	407007	1
CP142610.1	407007	407011	2
CP142610.1	407011	407033	1
CP142610.1	407033	407196	0
CP142610.1	407196	407273	1
CP142610.1	407273	407337	2
CP142610.1	407337	407369	3
CP142610.1	407369	407404	2
CP142610.1	407404	407444	1
CP142610.1	407444	407461	0
CP142610.1	407461	407486	1
CP142610.1	407486	407537	2
CP142610.1	407537	407551	1
CP142610.1	407551	407603	0
CP142610.1	407603	407700	1
CP142610.1	407700	407760	0
CP142610.1	407760	407770	1
CP142610.1	407770	407788	2
CP142610.1	407788	407789	0
CP142610.1	407789	407790	1
CP142610.1	407790	407792	2
CP142610.1	407792	407832	3
CP142610.1	407832	407849	4
CP142610.1	407849	407870	3
CP142610.1	407870	407873	2
CP142610.1	407873	407891	3
CP142610.1	407891	407896	2
CP142610.1	407896	407916	3
CP142610.1	407916	407970	2
CP142610.1	407970	408009	1
CP142610.1	408009	408044	2
CP142610.1	408044	408071	3
CP142610.1	408071	408115	2
CP142610.1	408115	408130	1
CP142610.1	408130	408170	2
CP142610.1	408170	408194	3
CP142610.1	408194	408214	2
CP142610.1	408214	408215	1
CP142610.1	408215	408218	2
CP142610.1	408218	408226	1
CP142610.1	408226	408277	2
CP142610.1	408277	408293	1
CP142610.1	408293	408296	0
CP142610.1	408296	408306	1
CP142610.1	408306	408336	2
CP142610.1	408336	408337	1
CP142610.1	408337	408410	2
CP142610.1	408410	408433	1
CP142610.1	408433	408531	0
CP142610.1	408531	408573	1
CP142610.1	408573	408584	2
CP142610.1	408584	408585	1
CP142610.1	408585	408588	0
CP142610.1	408588	408771	1
CP142610.1	408771	408810	2
CP142610.1	408810	408816	3
CP142610.1	408816	408820	4
CP142610.1	408820	408821	3
CP142610.1	408821	408834	4
CP142610.1	408834	408837	2
CP142610.1	408837	408849	4
CP142610.1	408849	408852	3
CP142610.1	408852	408866	4
CP142610.1	408866	408953	3
CP142610.1	408953	408962	2
CP142610.1	408962	408963	1
CP142610.1	408963	408982	2
CP142610.1	408982	408983	1
CP142610.1	408983	408996	2
CP142610.1	408996	409055	1
CP142610.1	409055	409077	2
CP142610.1	409077	409138	3
CP142610.1	409138	409148	2
CP142610.1	409148	409150	1
CP142610.1	409150	409157	0
CP142610.1	409157	409364	1
CP142610.1	409364	409365	0
CP142610.1	409365	409391	1
CP142610.1	409391	409572	0
CP142610.1	409572	409600	1
CP142610.1	409600	409602	0
CP142610.1	409602	409641	1
CP142610.1	409641	409699	2
CP142610.1	409699	409827	1
CP142610.1	409827	410059	0
CP142610.1	410059	410069	1
CP142610.1	410069	410070	0
CP142610.1	410070	410144	1
CP142610.1	410144	410145	2
CP142610.1	410145	410203	3
CP142610.1	410203	410208	2
CP142610.1	410208	410209	1
CP142610.1	410209	410231	2
CP142610.1	410231	410233	1
CP142610.1	410233	410256	2
CP142610.1	410256	410259	0
CP142610.1	410259	410268	3
CP142610.1	410268	410313	2
CP142610.1	410313	410381	1
CP142610.1	410381	410395	0
CP142610.1	410395	410453	1
CP142610.1	410453	410463	2
CP142610.1	410463	410464	1
CP142610.1	410464	410477	2
CP142610.1	410477	410480	1
CP142610.1	410480	410487	2
CP142610.1	410487	410489	1
CP142610.1	410489	410596	2
CP142610.1	410596	410624	0
CP142610.1	410624	410633	1
CP142610.1	410633	410707	2
CP142610.1	410707	410853	1
CP142610.1	410853	410966	2
CP142610.1	410966	411078	1
CP142610.1	411078	411081	2
CP142610.1	411081	411165	1
CP142610.1	411165	411248	0
CP142610.1	411248	411292	1
CP142610.1	411292	411390	0
CP142610.1	411390	411393	1
CP142610.1	411393	411396	2
CP142610.1	411396	411439	3
CP142610.1	411439	411453	2
CP142610.1	411453	411478	1
CP142610.1	411478	411656	0
CP142610.1	411656	411678	1
CP142610.1	411678	411737	2
CP142610.1	411737	411738	1
CP142610.1	411738	411778	2
CP142610.1	411778	411790	1
CP142610.1	411790	411792	0
CP142610.1	411792	411797	1
CP142610.1	411797	411800	0
CP142610.1	411800	411852	1
CP142610.1	411852	411866	0
CP142610.1	411866	411955	1
CP142610.1	411955	412050	2
CP142610.1	412050	412138	3
CP142610.1	412138	412139	2
CP142610.1	412139	412140	1
CP142610.1	412140	412192	2
CP142610.1	412192	412215	1
CP142610.1	412215	412235	0
CP142610.1	412235	412324	1
CP142610.1	412324	412428	0
CP142610.1	412428	412662	1
CP142610.1	412662	412674	2
CP142610.1	412674	412745	3
CP142610.1	412745	412810	2
CP142610.1	412810	412812	1
CP142610.1	412812	412822	0
CP142610.1	412822	412893	1
CP142610.1	412893	412897	2
CP142610.1	412897	412899	1
CP142610.1	412899	412900	2
CP142610.1	412900	412909	3
CP142610.1	412909	412953	4
CP142610.1	412953	412967	5
CP142610.1	412967	412978	4
CP142610.1	412978	413001	3
CP142610.1	413001	413015	2
CP142610.1	413015	413216	1
CP142610.1	413216	413506	0
CP142610.1	413506	413804	1
CP142610.1	413804	413819	0
CP142610.1	413819	413888	1
CP142610.1	413888	413938	2
CP142610.1	413938	413991	1
CP142610.1	413991	414078	2
CP142610.1	414078	414092	3
CP142610.1	414092	414137	4
CP142610.1	414137	414138	3
CP142610.1	414138	414139	4
CP142610.1	414139	414184	3
CP142610.1	414184	414223	2
CP142610.1	414223	414378	1
CP142610.1	414378	414472	2
CP142610.1	414472	414485	1
CP142610.1	414485	414486	0
CP142610.1	414486	414657	1
CP142610.1	414657	414658	2
CP142610.1	414658	414831	1
CP142610.1	414831	414995	2
CP142610.1	414995	415040	1
CP142610.1	415040	415165	0
CP142610.1	415165	415231	1
CP142610.1	415231	415245	2
CP142610.1	415245	415272	3
CP142610.1	415272	415273	1
CP142610.1	415273	415280	3
CP142610.1	415280	415281	2
CP142610.1	415281	415316	3
CP142610.1	415316	415348	2
CP142610.1	415348	415349	1
CP142610.1	415349	415362	2
CP142610.1	415362	415363	1
CP142610.1	415363	415412	2
CP142610.1	415412	415466	1
CP142610.1	415466	415520	0
CP142610.1	415520	415585	1
CP142610.1	415585	415628	0
CP142610.1	415628	415725	1
CP142610.1	415725	415754	2
CP142610.1	415754	415803	1
CP142610.1	415803	416015	0
CP142610.1	416015	416080	1
CP142610.1	416080	416224	0
CP142610.1	416224	416264	1
CP142610.1	416264	416265	0
CP142610.1	416265	416270	1
CP142610.1	416270	416271	0
CP142610.1	416271	416295	1
CP142610.1	416295	416296	0
CP142610.1	416296	416314	1
CP142610.1	416314	416462	0
CP142610.1	416462	416516	1
CP142610.1	416516	416518	2
CP142610.1	416518	416591	1
CP142610.1	416591	416728	0
CP142610.1	416728	416734	1
CP142610.1	416734	416738	0
CP142610.1	416738	416799	1
CP142610.1	416799	416805	0
CP142610.1	416805	416834	1
CP142610.1	416834	416867	2
CP142610.1	416867	416911	1
CP142610.1	416911	416995	2
CP142610.1	416995	416996	1
CP142610.1	416996	417020	2
CP142610.1	417020	417035	1
CP142610.1	417035	417036	0
CP142610.1	417036	417112	1
CP142610.1	417112	417270	0
CP142610.1	417270	417324	1
CP142610.1	417324	417328	0
CP142610.1	417328	417387	1
CP142610.1	417387	417433	2
CP142610.1	417433	417435	1
CP142610.1	417435	417511	2
CP142610.1	417511	417512	1
CP142610.1	417512	417524	2
CP142610.1	417524	417576	1
CP142610.1	417576	417724	0
CP142610.1	417724	417725	1
CP142610.1	417725	417797	2
CP142610.1	417797	417813	1
CP142610.1	417813	417949	0
CP142610.1	417949	418053	1
CP142610.1	418053	418138	2
CP142610.1	418138	418176	1
CP142610.1	418176	418177	0
CP142610.1	418177	418229	1
CP142610.1	418229	418279	2
CP142610.1	418279	418280	1
CP142610.1	418280	418322	2
CP142610.1	418322	418485	1
CP142610.1	418485	418496	2
CP142610.1	418496	418533	3
CP142610.1	418533	418543	2
CP142610.1	418543	418544	1
CP142610.1	418544	418570	2
CP142610.1	418570	418607	1
CP142610.1	418607	418617	0
CP142610.1	418617	418661	1
CP142610.1	418661	418671	2
CP142610.1	418671	418672	0
CP142610.1	418672	418673	1
CP142610.1	418673	418694	2
CP142610.1	418694	418695	1
CP142610.1	418695	418711	2
CP142610.1	418711	418766	1
CP142610.1	418766	418830	2
CP142610.1	418830	418866	1
CP142610.1	418866	418867	0
CP142610.1	418867	418985	1
CP142610.1	418985	419003	0
CP142610.1	419003	419219	1
CP142610.1	419219	419220	0
CP142610.1	419220	419234	1
CP142610.1	419234	419341	0
CP142610.1	419341	419417	1
CP142610.1	419417	419467	0
CP142610.1	419467	419515	1
CP142610.1	419515	419531	2
CP142610.1	419531	419539	3
CP142610.1	419539	419540	2
CP142610.1	419540	419567	3
CP142610.1	419567	419568	2
CP142610.1	419568	419581	3
CP142610.1	419581	419583	2
CP142610.1	419583	419587	3
CP142610.1	419587	419630	2
CP142610.1	419630	419694	1
CP142610.1	419694	419697	0
CP142610.1	419697	419709	1
CP142610.1	419709	419764	2
CP142610.1	419764	419765	1
CP142610.1	419765	419798	2
CP142610.1	419798	419806	1
CP142610.1	419806	419809	0
CP142610.1	419809	419812	1
CP142610.1	419812	419825	2
CP142610.1	419825	419850	3
CP142610.1	419850	419876	2
CP142610.1	419876	419877	1
CP142610.1	419877	419878	3
CP142610.1	419878	419926	4
CP142610.1	419926	419963	3
CP142610.1	419963	419976	4
CP142610.1	419976	419995	5
CP142610.1	419995	420017	4
CP142610.1	420017	420019	1
CP142610.1	420019	420039	4
CP142610.1	420039	420089	3
CP142610.1	420089	420090	1
CP142610.1	420090	420091	0
CP142610.1	420091	420200	1
CP142610.1	420200	420290	0
CP142610.1	420290	420315	1
CP142610.1	420315	420456	2
CP142610.1	420456	420498	3
CP142610.1	420498	420527	2
CP142610.1	420527	420603	1
CP142610.1	420603	420641	0
CP142610.1	420641	420651	1
CP142610.1	420651	420707	2
CP142610.1	420707	420785	1
CP142610.1	420785	420809	0
CP142610.1	420809	420865	1
CP142610.1	420865	420901	2
CP142610.1	420901	420993	1
CP142610.1	420993	421084	2
CP142610.1	421084	421117	1
CP142610.1	421117	421152	0
CP142610.1	421152	421230	1
CP142610.1	421230	421262	0
CP142610.1	421262	421296	1
CP142610.1	421296	421407	2
CP142610.1	421407	421443	1
CP142610.1	421443	421446	0
CP142610.1	421446	421471	1
CP142610.1	421471	421556	0
CP142610.1	421556	421623	1
CP142610.1	421623	421682	0
CP142610.1	421682	421683	1
CP142610.1	421683	421759	2
CP142610.1	421759	421809	1
CP142610.1	421809	421821	2
CP142610.1	421821	421882	3
CP142610.1	421882	421884	2
CP142610.1	421884	421957	1
CP142610.1	421957	421972	0
CP142610.1	421972	422053	1
CP142610.1	422053	422097	2
CP142610.1	422097	422144	1
CP142610.1	422144	422212	2
CP142610.1	422212	422213	1
CP142610.1	422213	422224	2
CP142610.1	422224	422284	1
CP142610.1	422284	422311	2
CP142610.1	422311	422312	0
CP142610.1	422312	422339	2
CP142610.1	422339	422374	1
CP142610.1	422374	422375	0
CP142610.1	422375	422400	1
CP142610.1	422400	422424	2
CP142610.1	422424	422425	1
CP142610.1	422425	422476	2
CP142610.1	422476	422477	1
CP142610.1	422477	422493	2
CP142610.1	422493	422535	1
CP142610.1	422535	422583	2
CP142610.1	422583	422631	3
CP142610.1	422631	422767	2
CP142610.1	422767	422768	1
CP142610.1	422768	422785	2
CP142610.1	422785	422803	1
CP142610.1	422803	422810	0
CP142610.1	422810	422845	1
CP142610.1	422845	422846	0
CP142610.1	422846	422893	1
CP142610.1	422893	423367	0
CP142610.1	423367	423426	1
CP142610.1	423426	423447	0
CP142610.1	423447	423461	1
CP142610.1	423461	423544	2
CP142610.1	423544	423562	1
CP142610.1	423562	423708	2
CP142610.1	423708	423734	3
CP142610.1	423734	423747	2
CP142610.1	423747	423770	1
CP142610.1	423770	423913	0
CP142610.1	423913	424037	1
CP142610.1	424037	424048	2
CP142610.1	424048	424071	1
CP142610.1	424071	424117	2
CP142610.1	424117	424165	1
CP142610.1	424165	424261	2
CP142610.1	424261	424266	3
CP142610.1	424266	424267	2
CP142610.1	424267	424297	3
CP142610.1	424297	424298	2
CP142610.1	424298	424307	3
CP142610.1	424307	424319	2
CP142610.1	424319	424320	1
CP142610.1	424320	424349	2
CP142610.1	424349	424351	1
CP142610.1	424351	424375	2
CP142610.1	424375	424419	1
CP142610.1	424419	424581	0
CP142610.1	424581	424642	1
CP142610.1	424642	424873	0
CP142610.1	424873	424946	1
CP142610.1	424946	424956	0
CP142610.1	424956	424993	1
CP142610.1	424993	425107	0
CP142610.1	425107	425203	1
CP142610.1	425203	425204	0
CP142610.1	425204	425230	1
CP142610.1	425230	425263	2
CP142610.1	425263	425266	1
CP142610.1	425266	425311	2
CP142610.1	425311	425348	1
CP142610.1	425348	425358	2
CP142610.1	425358	425418	3
CP142610.1	425418	425453	2
CP142610.1	425453	425455	1
CP142610.1	425455	425456	0
CP142610.1	425456	425564	1
CP142610.1	425564	425697	2
CP142610.1	425697	425779	1
CP142610.1	425779	425780	0
CP142610.1	425780	425790	1
CP142610.1	425790	425794	2
CP142610.1	425794	425796	1
CP142610.1	425796	425822	2
CP142610.1	425822	425823	1
CP142610.1	425823	425835	2
CP142610.1	425835	425839	1
CP142610.1	425839	425909	2
CP142610.1	425909	426010	1
CP142610.1	426010	426039	0
CP142610.1	426039	426126	1
CP142610.1	426126	426140	2
CP142610.1	426140	426185	1
CP142610.1	426185	426669	0
CP142610.1	426669	426703	1
CP142610.1	426703	426704	0
CP142610.1	426704	426731	1
CP142610.1	426731	426736	0
CP142610.1	426736	426807	1
CP142610.1	426807	426974	2
CP142610.1	426974	426983	3
CP142610.1	426983	427028	2
CP142610.1	427028	427029	1
CP142610.1	427029	427031	0
CP142610.1	427031	427067	2
CP142610.1	427067	427099	1
CP142610.1	427099	427244	0
CP142610.1	427244	427255	1
CP142610.1	427255	427353	2
CP142610.1	427353	427446	1
CP142610.1	427446	427499	0
CP142610.1	427499	427549	1
CP142610.1	427549	427552	0
CP142610.1	427552	427578	1
CP142610.1	427578	427582	0
CP142610.1	427582	427614	1
CP142610.1	427614	427889	0
CP142610.1	427889	428015	1
CP142610.1	428015	428029	0
CP142610.1	428029	428055	1
CP142610.1	428055	428056	0
CP142610.1	428056	428140	1
CP142610.1	428140	428184	0
CP142610.1	428184	428228	1
CP142610.1	428228	428229	0
CP142610.1	428229	428235	1
CP142610.1	428235	428250	2
CP142610.1	428250	428378	3
CP142610.1	428378	428380	2
CP142610.1	428380	428389	3
CP142610.1	428389	428400	1
CP142610.1	428400	428403	2
CP142610.1	428403	428411	3
CP142610.1	428411	428413	2
CP142610.1	428413	428444	3
CP142610.1	428444	428528	2
CP142610.1	428528	428535	1
CP142610.1	428535	428537	2
CP142610.1	428537	428560	1
CP142610.1	428560	428629	0
CP142610.1	428629	428654	1
CP142610.1	428654	428701	2
CP142610.1	428701	428706	1
CP142610.1	428706	428716	0
CP142610.1	428716	428765	1
CP142610.1	428765	428878	0
CP142610.1	428878	428904	1
CP142610.1	428904	428905	0
CP142610.1	428905	428938	1
CP142610.1	428938	428987	2
CP142610.1	428987	428997	3
CP142610.1	428997	429022	2
CP142610.1	429022	429037	1
CP142610.1	429037	429041	2
CP142610.1	429041	429104	1
CP142610.1	429104	429157	2
CP142610.1	429157	429284	1
CP142610.1	429284	429334	2
CP142610.1	429334	429338	1
CP142610.1	429338	429342	2
CP142610.1	429342	429405	1
CP142610.1	429405	429450	0
CP142610.1	429450	429457	1
CP142610.1	429457	429554	2
CP142610.1	429554	429556	0
CP142610.1	429556	429572	2
CP142610.1	429572	429634	1
CP142610.1	429634	429642	2
CP142610.1	429642	429643	0
CP142610.1	429643	429672	1
CP142610.1	429672	429737	2
CP142610.1	429737	429769	1
CP142610.1	429769	429796	2
CP142610.1	429796	429808	1
CP142610.1	429808	429809	0
CP142610.1	429809	429928	1
CP142610.1	429928	429960	2
CP142610.1	429960	430109	1
CP142610.1	430109	430218	0
CP142610.1	430218	430223	1
CP142610.1	430223	430285	2
CP142610.1	430285	430290	1
CP142610.1	430290	430291	0
CP142610.1	430291	430292	1
CP142610.1	430292	430341	2
CP142610.1	430341	430342	1
CP142610.1	430342	430384	2
CP142610.1	430384	430396	3
CP142610.1	430396	430488	2
CP142610.1	430488	430555	1
CP142610.1	430555	430650	0
CP142610.1	430650	430680	1
CP142610.1	430680	430758	2
CP142610.1	430758	430799	3
CP142610.1	430799	430824	2
CP142610.1	430824	430830	1
CP142610.1	430830	430897	2
CP142610.1	430897	430914	1
CP142610.1	430914	430943	2
CP142610.1	430943	430982	3
CP142610.1	430982	430996	2
CP142610.1	430996	431085	1
CP142610.1	431085	431279	0
CP142610.1	431279	431419	1
CP142610.1	431419	431438	0
CP142610.1	431438	431613	1
CP142610.1	431613	431617	0
CP142610.1	431617	431934	1
CP142610.1	431934	431935	0
CP142610.1	431935	431952	1
CP142610.1	431952	431954	0
CP142610.1	431954	431959	1
CP142610.1	431959	431985	0
CP142610.1	431985	432051	1
CP142610.1	432051	432092	0
CP142610.1	432092	432252	1
CP142610.1	432252	432315	2
CP142610.1	432315	432316	0
CP142610.1	432316	432330	2
CP142610.1	432330	432339	1
CP142610.1	432339	432422	0
CP142610.1	432422	432536	1
CP142610.1	432536	432560	0
CP142610.1	432560	432565	1
CP142610.1	432565	432567	2
CP142610.1	432567	432575	3
CP142610.1	432575	432616	4
CP142610.1	432616	432621	5
CP142610.1	432621	432622	4
CP142610.1	432622	432625	5
CP142610.1	432625	432628	4
CP142610.1	432628	432629	3
CP142610.1	432629	432700	4
CP142610.1	432700	432701	3
CP142610.1	432701	432702	4
CP142610.1	432702	432711	5
CP142610.1	432711	432723	4
CP142610.1	432723	432724	3
CP142610.1	432724	432729	4
CP142610.1	432729	432754	3
CP142610.1	432754	432766	2
CP142610.1	432766	432800	1
CP142610.1	432800	432875	2
CP142610.1	432875	432917	1
CP142610.1	432917	432966	0
CP142610.1	432966	433000	1
CP142610.1	433000	433008	2
CP142610.1	433008	433010	3
CP142610.1	433010	433063	2
CP142610.1	433063	433068	1
CP142610.1	433068	433073	2
CP142610.1	433073	433199	1
CP142610.1	433199	433275	0
CP142610.1	433275	433389	1
CP142610.1	433389	433424	2
CP142610.1	433424	433445	1
CP142610.1	433445	433458	2
CP142610.1	433458	433608	1
CP142610.1	433608	433856	0
CP142610.1	433856	433883	1
CP142610.1	433883	433885	2
CP142610.1	433885	433914	3
CP142610.1	433914	433915	2
CP142610.1	433915	433933	3
CP142610.1	433933	433937	2
CP142610.1	433937	433991	3
CP142610.1	433991	433999	2
CP142610.1	433999	434002	1
CP142610.1	434002	434027	2
CP142610.1	434027	434041	3
CP142610.1	434041	434117	2
CP142610.1	434117	434308	1
CP142610.1	434308	434341	2
CP142610.1	434341	434344	1
CP142610.1	434344	434356	2
CP142610.1	434356	434474	1
CP142610.1	434474	434551	2
CP142610.1	434551	434592	1
CP142610.1	434592	434618	2
CP142610.1	434618	434747	1
CP142610.1	434747	434812	2
CP142610.1	434812	434881	3
CP142610.1	434881	434916	2
CP142610.1	434916	434932	3
CP142610.1	434932	435003	2
CP142610.1	435003	435037	3
CP142610.1	435037	435122	2
CP142610.1	435122	435138	1
CP142610.1	435138	435140	0
CP142610.1	435140	435247	1
CP142610.1	435247	435251	0
CP142610.1	435251	435341	1
CP142610.1	435341	435368	0
CP142610.1	435368	435371	1
CP142610.1	435371	435443	2
CP142610.1	435443	435447	1
CP142610.1	435447	435526	0
CP142610.1	435526	435584	1
CP142610.1	435584	435628	2
CP142610.1	435628	435629	1
CP142610.1	435629	435653	2
CP142610.1	435653	435675	1
CP142610.1	435675	435676	0
CP142610.1	435676	435732	1
CP142610.1	435732	435863	2
CP142610.1	435863	435865	1
CP142610.1	435865	435900	2
CP142610.1	435900	435902	1
CP142610.1	435902	435908	2
CP142610.1	435908	435909	1
CP142610.1	435909	435974	0
CP142610.1	435974	436007	1
CP142610.1	436007	436010	0
CP142610.1	436010	436115	1
CP142610.1	436115	436118	2
CP142610.1	436118	436119	1
CP142610.1	436119	436143	2
CP142610.1	436143	436153	1
CP142610.1	436153	436226	2
CP142610.1	436226	436310	3
CP142610.1	436310	436344	2
CP142610.1	436344	436377	3
CP142610.1	436377	436498	2
CP142610.1	436498	436501	1
CP142610.1	436501	436511	2
CP142610.1	436511	436521	3
CP142610.1	436521	436522	2
CP142610.1	436522	436525	0
CP142610.1	436525	436526	1
CP142610.1	436526	436535	3
CP142610.1	436535	436536	2
CP142610.1	436536	436569	3
CP142610.1	436569	436570	0
CP142610.1	436570	436625	3
CP142610.1	436625	436634	4
CP142610.1	436634	436663	3
CP142610.1	436663	436742	2
CP142610.1	436742	436787	1
CP142610.1	436787	436800	2
CP142610.1	436800	436809	1
CP142610.1	436809	436848	2
CP142610.1	436848	436861	1
CP142610.1	436861	436888	0
CP142610.1	436888	436906	1
CP142610.1	436906	436910	0
CP142610.1	436910	437043	1
CP142610.1	437043	437109	0
CP142610.1	437109	437118	1
CP142610.1	437118	437119	0
CP142610.1	437119	437333	1
CP142610.1	437333	437543	2
CP142610.1	437543	437544	1
CP142610.1	437544	437642	2
CP142610.1	437642	437745	1
CP142610.1	437745	437854	0
CP142610.1	437854	437937	1
CP142610.1	437937	437940	0
CP142610.1	437940	437971	1
CP142610.1	437971	437972	0
CP142610.1	437972	437999	1
CP142610.1	437999	438018	2
CP142610.1	438018	438019	1
CP142610.1	438019	438137	2
CP142610.1	438137	438217	1
CP142610.1	438217	438383	0
CP142610.1	438383	438420	1
CP142610.1	438420	438450	2
CP142610.1	438450	438477	1
CP142610.1	438477	438546	2
CP142610.1	438546	438547	1
CP142610.1	438547	438590	2
CP142610.1	438590	438642	1
CP142610.1	438642	438769	0
CP142610.1	438769	438956	1
CP142610.1	438956	439215	0
CP142610.1	439215	439310	1
CP142610.1	439310	439369	0
CP142610.1	439369	439370	1
CP142610.1	439370	439378	2
CP142610.1	439378	439379	1
CP142610.1	439379	439434	2
CP142610.1	439434	439443	1
CP142610.1	439443	439444	0
CP142610.1	439444	439463	1
CP142610.1	439463	439490	2
CP142610.1	439490	439563	1
CP142610.1	439563	439691	2
CP142610.1	439691	439730	1
CP142610.1	439730	439803	2
CP142610.1	439803	439825	1
CP142610.1	439825	439845	2
CP142610.1	439845	439880	3
CP142610.1	439880	439897	4
CP142610.1	439897	439905	3
CP142610.1	439905	439906	2
CP142610.1	439906	439994	3
CP142610.1	439994	440030	4
CP142610.1	440030	440031	3
CP142610.1	440031	440063	4
CP142610.1	440063	440135	3
CP142610.1	440135	440147	2
CP142610.1	440147	440171	1
CP142610.1	440171	440398	0
CP142610.1	440398	440432	1
CP142610.1	440432	440500	2
CP142610.1	440500	440585	1
CP142610.1	440585	440645	2
CP142610.1	440645	440646	1
CP142610.1	440646	440656	2
CP142610.1	440656	440658	1
CP142610.1	440658	440663	2
CP142610.1	440663	440729	1
CP142610.1	440729	440784	0
CP142610.1	440784	440851	1
CP142610.1	440851	440881	2
CP142610.1	440881	440889	3
CP142610.1	440889	440930	2
CP142610.1	440930	440993	1
CP142610.1	440993	441076	0
CP142610.1	441076	441110	1
CP142610.1	441110	441111	0
CP142610.1	441111	441122	1
CP142610.1	441122	441123	0
CP142610.1	441123	441138	1
CP142610.1	441138	441139	0
CP142610.1	441139	441154	1
CP142610.1	441154	441213	0
CP142610.1	441213	441275	1
CP142610.1	441275	441357	0
CP142610.1	441357	441361	1
CP142610.1	441361	441438	2
CP142610.1	441438	441442	1
CP142610.1	441442	441505	0
CP142610.1	441505	441590	1
CP142610.1	441590	441608	0
CP142610.1	441608	441632	1
CP142610.1	441632	441666	2
CP142610.1	441666	441756	1
CP142610.1	441756	441805	2
CP142610.1	441805	441861	1
CP142610.1	441861	441887	0
CP142610.1	441887	441992	1
CP142610.1	441992	442032	0
CP142610.1	442032	442034	1
CP142610.1	442034	442106	2
CP142610.1	442106	442138	1
CP142610.1	442138	442440	0
CP142610.1	442440	442500	1
CP142610.1	442500	442829	0
CP142610.1	442829	442921	1
CP142610.1	442921	442930	0
CP142610.1	442930	443010	1
CP142610.1	443010	443027	0
CP142610.1	443027	443079	2
CP142610.1	443079	443080	1
CP142610.1	443080	443126	2
CP142610.1	443126	443146	1
CP142610.1	443146	443192	0
CP142610.1	443192	443199	1
CP142610.1	443199	443228	2
CP142610.1	443228	443246	3
CP142610.1	443246	443336	2
CP142610.1	443336	443346	1
CP142610.1	443346	443355	2
CP142610.1	443355	443561	1
CP142610.1	443561	443575	0
CP142610.1	443575	443672	1
CP142610.1	443672	443675	2
CP142610.1	443675	443676	1
CP142610.1	443676	443683	2
CP142610.1	443683	443739	1
CP142610.1	443739	443924	0
CP142610.1	443924	443959	1
CP142610.1	443959	443961	0
CP142610.1	443961	443982	1
CP142610.1	443982	444019	2
CP142610.1	444019	444020	1
CP142610.1	444020	444037	2
CP142610.1	444037	444112	1
CP142610.1	444112	444171	0
CP142610.1	444171	444196	1
CP142610.1	444196	444205	2
CP142610.1	444205	444245	3
CP142610.1	444245	444298	2
CP142610.1	444298	444362	1
CP142610.1	444362	444380	2
CP142610.1	444380	444382	0
CP142610.1	444382	444423	1
CP142610.1	444423	444495	0
CP142610.1	444495	444504	1
CP142610.1	444504	444525	2
CP142610.1	444525	444534	3
CP142610.1	444534	444535	2
CP142610.1	444535	444539	3
CP142610.1	444539	444540	0
CP142610.1	444540	444575	3
CP142610.1	444575	444576	2
CP142610.1	444576	444597	3
CP142610.1	444597	444614	2
CP142610.1	444614	444631	3
CP142610.1	444631	444664	2
CP142610.1	444664	444675	3
CP142610.1	444675	444694	2
CP142610.1	444694	444696	1
CP142610.1	444696	444705	2
CP142610.1	444705	444706	3
CP142610.1	444706	444721	2
CP142610.1	444721	444724	1
CP142610.1	444724	444773	2
CP142610.1	444773	444774	1
CP142610.1	444774	444832	2
CP142610.1	444832	444834	1
CP142610.1	444834	444867	0
CP142610.1	444867	444963	1
CP142610.1	444963	444999	2
CP142610.1	444999	445000	0
CP142610.1	445000	445002	1
CP142610.1	445002	445014	2
CP142610.1	445014	445057	3
CP142610.1	445057	445058	2
CP142610.1	445058	445063	3
CP142610.1	445063	445066	2
CP142610.1	445066	445067	1
CP142610.1	445067	445078	2
CP142610.1	445078	445082	1
CP142610.1	445082	445108	2
CP142610.1	445108	445187	1
CP142610.1	445187	445201	0
CP142610.1	445201	445244	1
CP142610.1	445244	445596	0
CP142610.1	445596	445628	1
CP142610.1	445628	445750	2
CP142610.1	445750	445826	1
CP142610.1	445826	445869	0
CP142610.1	445869	445898	1
CP142610.1	445898	445899	0
CP142610.1	445899	445903	1
CP142610.1	445903	445904	0
CP142610.1	445904	445968	1
CP142610.1	445968	446086	2
CP142610.1	446086	446109	1
CP142610.1	446109	446237	0
CP142610.1	446237	446272	1
CP142610.1	446272	446273	0
CP142610.1	446273	446315	1
CP142610.1	446315	446358	0
CP142610.1	446358	446426	1
CP142610.1	446426	446638	0
CP142610.1	446638	446645	1
CP142610.1	446645	446703	2
CP142610.1	446703	446788	1
CP142610.1	446788	446830	0
CP142610.1	446830	446868	1
CP142610.1	446868	446916	2
CP142610.1	446916	446945	1
CP142610.1	446945	446955	0
CP142610.1	446955	447019	1
CP142610.1	447019	447122	0
CP142610.1	447122	447192	1
CP142610.1	447192	447193	0
CP142610.1	447193	447243	1
CP142610.1	447243	447271	2
CP142610.1	447271	447392	3
CP142610.1	447392	447394	2
CP142610.1	447394	447409	3
CP142610.1	447409	447431	4
CP142610.1	447431	447465	5
CP142610.1	447465	447466	4
CP142610.1	447466	447468	5
CP142610.1	447468	447472	4
CP142610.1	447472	447473	3
CP142610.1	447473	447497	4
CP142610.1	447497	447512	3
CP142610.1	447512	447519	2
CP142610.1	447519	447563	3
CP142610.1	447563	447581	2
CP142610.1	447581	447593	1
CP142610.1	447593	447629	2
CP142610.1	447629	447632	1
CP142610.1	447632	447635	2
CP142610.1	447635	447657	1
CP142610.1	447657	447747	2
CP142610.1	447747	447748	1
CP142610.1	447748	447754	2
CP142610.1	447754	447817	1
CP142610.1	447817	447852	0
CP142610.1	447852	447877	1
CP142610.1	447877	447942	2
CP142610.1	447942	448038	1
CP142610.1	448038	448045	2
CP142610.1	448045	448070	1
CP142610.1	448070	448071	0
CP142610.1	448071	448210	1
CP142610.1	448210	448540	0
CP142610.1	448540	448592	1
CP142610.1	448592	448601	0
CP142610.1	448601	448621	1
CP142610.1	448621	448622	0
CP142610.1	448622	448644	1
CP142610.1	448644	448648	0
CP142610.1	448648	448687	2
CP142610.1	448687	448698	1
CP142610.1	448698	448803	0
CP142610.1	448803	448888	1
CP142610.1	448888	448908	0
CP142610.1	448908	448921	1
CP142610.1	448921	448930	2
CP142610.1	448930	448931	1
CP142610.1	448931	449010	2
CP142610.1	449010	449104	1
CP142610.1	449104	449121	2
CP142610.1	449121	449131	3
CP142610.1	449131	449140	4
CP142610.1	449140	449141	3
CP142610.1	449141	449157	4
CP142610.1	449157	449169	3
CP142610.1	449169	449191	4
CP142610.1	449191	449209	3
CP142610.1	449209	449223	2
CP142610.1	449223	449224	1
CP142610.1	449224	449227	2
CP142610.1	449227	449244	1
CP142610.1	449244	449304	2
CP142610.1	449304	449365	1
CP142610.1	449365	449438	2
CP142610.1	449438	449441	1
CP142610.1	449441	449516	2
CP142610.1	449516	449550	1
CP142610.1	449550	450013	0
CP142610.1	450013	450060	1
CP142610.1	450060	450085	2
CP142610.1	450085	450096	1
CP142610.1	450096	450115	2
CP142610.1	450115	450169	3
CP142610.1	450169	450176	2
CP142610.1	450176	450214	1
CP142610.1	450214	450289	0
CP142610.1	450289	450315	1
CP142610.1	450315	450316	0
CP142610.1	450316	450363	1
CP142610.1	450363	450377	0
CP142610.1	450377	450495	1
CP142610.1	450495	450560	0
CP142610.1	450560	450624	1
CP142610.1	450624	450631	2
CP142610.1	450631	450746	3
CP142610.1	450746	450750	2
CP142610.1	450750	450757	1
CP142610.1	450757	450758	0
CP142610.1	450758	450782	1
CP142610.1	450782	451169	0
CP142610.1	451169	451210	1
CP142610.1	451210	451214	2
CP142610.1	451214	451290	3
CP142610.1	451290	451325	2
CP142610.1	451325	451352	1
CP142610.1	451352	451353	0
CP142610.1	451353	451383	1
CP142610.1	451383	451388	0
CP142610.1	451388	451523	1
CP142610.1	451523	451596	0
CP142610.1	451596	451690	1
CP142610.1	451690	451717	2
CP142610.1	451717	451724	1
CP142610.1	451724	451747	2
CP142610.1	451747	451762	3
CP142610.1	451762	451768	2
CP142610.1	451768	451801	3
CP142610.1	451801	451828	2
CP142610.1	451828	451879	1
CP142610.1	451879	452114	0
CP142610.1	452114	452195	1
CP142610.1	452195	452336	0
CP142610.1	452336	452357	1
CP142610.1	452357	452358	0
CP142610.1	452358	452494	1
CP142610.1	452494	452691	0
CP142610.1	452691	452705	1
CP142610.1	452705	452709	0
CP142610.1	452709	452741	1
CP142610.1	452741	452776	0
CP142610.1	452776	452858	1
CP142610.1	452858	452990	2
CP142610.1	452990	452993	3
CP142610.1	452993	453027	2
CP142610.1	453027	453058	3
CP142610.1	453058	453060	2
CP142610.1	453060	453096	1
CP142610.1	453096	453280	0
CP142610.1	453280	453283	1
CP142610.1	453283	453311	2
CP142610.1	453311	453336	3
CP142610.1	453336	453339	2
CP142610.1	453339	453344	3
CP142610.1	453344	453345	1
CP142610.1	453345	453347	2
CP142610.1	453347	453368	3
CP142610.1	453368	453392	2
CP142610.1	453392	453414	3
CP142610.1	453414	453499	2
CP142610.1	453499	453518	3
CP142610.1	453518	453554	2
CP142610.1	453554	453563	1
CP142610.1	453563	453570	2
CP142610.1	453570	453581	3
CP142610.1	453581	453589	2
CP142610.1	453589	453593	1
CP142610.1	453593	453599	2
CP142610.1	453599	453634	3
CP142610.1	453634	453651	2
CP142610.1	453651	453667	1
CP142610.1	453667	453850	0
CP142610.1	453850	453916	1
CP142610.1	453916	453921	2
CP142610.1	453921	453970	1
CP142610.1	453970	453972	0
CP142610.1	453972	454023	1
CP142610.1	454023	454024	0
CP142610.1	454024	454048	1
CP142610.1	454048	454050	0
CP142610.1	454050	454127	1
CP142610.1	454127	454334	0
CP142610.1	454334	454349	1
CP142610.1	454349	454383	2
CP142610.1	454383	454509	3
CP142610.1	454509	454539	2
CP142610.1	454539	454547	1
CP142610.1	454547	454549	2
CP142610.1	454549	454550	1
CP142610.1	454550	454564	2
CP142610.1	454564	454573	3
CP142610.1	454573	454607	4
CP142610.1	454607	454611	3
CP142610.1	454611	454617	2
CP142610.1	454617	454814	1
CP142610.1	454814	454843	2
CP142610.1	454843	454854	1
CP142610.1	454854	454857	0
CP142610.1	454857	454906	1
CP142610.1	454906	454907	0
CP142610.1	454907	454927	1
CP142610.1	454927	454937	2
CP142610.1	454937	454991	1
CP142610.1	454991	455233	0
CP142610.1	455233	455248	1
CP142610.1	455248	455344	2
CP142610.1	455344	455423	1
CP142610.1	455423	455463	2
CP142610.1	455463	455524	1
CP142610.1	455524	455653	0
CP142610.1	455653	455806	1
CP142610.1	455806	455849	2
CP142610.1	455849	455896	1
CP142610.1	455896	455936	2
CP142610.1	455936	455937	1
CP142610.1	455937	455940	2
CP142610.1	455940	455949	3
CP142610.1	455949	455970	4
CP142610.1	455970	455972	3
CP142610.1	455972	456001	4
CP142610.1	456001	456003	3
CP142610.1	456003	456004	2
CP142610.1	456004	456042	3
CP142610.1	456042	456043	2
CP142610.1	456043	456044	1
CP142610.1	456044	456070	2
CP142610.1	456070	456090	1
CP142610.1	456090	456162	2
CP142610.1	456162	456224	3
CP142610.1	456224	456254	2
CP142610.1	456254	456326	1
CP142610.1	456326	456534	0
CP142610.1	456534	456742	1
CP142610.1	456742	456964	0
CP142610.1	456964	457002	1
CP142610.1	457002	457067	2
CP142610.1	457067	457106	1
CP142610.1	457106	457109	0
CP142610.1	457109	457123	1
CP142610.1	457123	457176	2
CP142610.1	457176	457269	1
CP142610.1	457269	457337	0
CP142610.1	457337	457368	1
CP142610.1	457368	457430	2
CP142610.1	457430	457431	0
CP142610.1	457431	457500	2
CP142610.1	457500	457582	1
CP142610.1	457582	457602	2
CP142610.1	457602	457647	1
CP142610.1	457647	457663	2
CP142610.1	457663	457664	1
CP142610.1	457664	457731	2
CP142610.1	457731	457738	1
CP142610.1	457738	457752	0
CP142610.1	457752	457802	1
CP142610.1	457802	457858	2
CP142610.1	457858	457911	1
CP142610.1	457911	458029	0
CP142610.1	458029	458108	1
CP142610.1	458108	458161	2
CP142610.1	458161	458182	3
CP142610.1	458182	458228	2
CP142610.1	458228	458256	3
CP142610.1	458256	458331	2
CP142610.1	458331	458352	1
CP142610.1	458352	458422	0
CP142610.1	458422	458563	1
CP142610.1	458563	458623	2
CP142610.1	458623	458626	1
CP142610.1	458626	458632	2
CP142610.1	458632	458635	1
CP142610.1	458635	458646	2
CP142610.1	458646	458719	3
CP142610.1	458719	458790	2
CP142610.1	458790	458791	1
CP142610.1	458791	458826	2
CP142610.1	458826	458843	3
CP142610.1	458843	458865	2
CP142610.1	458865	458866	1
CP142610.1	458866	458884	2
CP142610.1	458884	459027	1
CP142610.1	459027	459030	0
CP142610.1	459030	459038	1
CP142610.1	459038	459060	2
CP142610.1	459060	459063	1
CP142610.1	459063	459106	2
CP142610.1	459106	459132	3
CP142610.1	459132	459178	2
CP142610.1	459178	459180	0
CP142610.1	459180	459222	1
CP142610.1	459222	459277	0
CP142610.1	459277	459334	1
CP142610.1	459334	459395	2
CP142610.1	459395	459396	1
CP142610.1	459396	459462	2
CP142610.1	459462	459479	1
CP142610.1	459479	459616	0
CP142610.1	459616	459712	1
CP142610.1	459712	459775	2
CP142610.1	459775	459784	3
CP142610.1	459784	459785	2
CP142610.1	459785	459788	3
CP142610.1	459788	459823	2
CP142610.1	459823	459826	1
CP142610.1	459826	459847	3
CP142610.1	459847	459864	2
CP142610.1	459864	459873	3
CP142610.1	459873	459879	2
CP142610.1	459879	459893	3
CP142610.1	459893	459963	2
CP142610.1	459963	459986	1
CP142610.1	459986	460040	2
CP142610.1	460040	460041	1
CP142610.1	460041	460046	2
CP142610.1	460046	460048	1
CP142610.1	460048	460066	2
CP142610.1	460066	460069	3
CP142610.1	460069	460084	4
CP142610.1	460084	460113	3
CP142610.1	460113	460179	2
CP142610.1	460179	460181	1
CP142610.1	460181	460235	2
CP142610.1	460235	460246	1
CP142610.1	460246	460336	0
CP142610.1	460336	460381	1
CP142610.1	460381	460384	0
CP142610.1	460384	460485	1
CP142610.1	460485	460509	2
CP142610.1	460509	460664	1
CP142610.1	460664	460684	2
CP142610.1	460684	460686	1
CP142610.1	460686	460690	0
CP142610.1	460690	460778	1
CP142610.1	460778	460808	0
CP142610.1	460808	460893	1
CP142610.1	460893	460929	0
CP142610.1	460929	460938	1
CP142610.1	460938	460990	2
CP142610.1	460990	461108	3
CP142610.1	461108	461136	2
CP142610.1	461136	461192	1
CP142610.1	461192	461253	2
CP142610.1	461253	461254	1
CP142610.1	461254	461269	2
CP142610.1	461269	461487	1
CP142610.1	461487	461501	0
CP142610.1	461501	461712	1
CP142610.1	461712	461773	0
CP142610.1	461773	461785	1
CP142610.1	461785	461844	2
CP142610.1	461844	461875	1
CP142610.1	461875	462199	0
CP142610.1	462199	462322	1
CP142610.1	462322	462323	0
CP142610.1	462323	462418	1
CP142610.1	462418	462451	2
CP142610.1	462451	462455	1
CP142610.1	462455	462617	0
CP142610.1	462617	462687	1
CP142610.1	462687	462771	0
CP142610.1	462771	462809	1
CP142610.1	462809	462992	0
CP142610.1	462992	463086	1
CP142610.1	463086	463149	2
CP142610.1	463149	463178	1
CP142610.1	463178	463200	2
CP142610.1	463200	463233	3
CP142610.1	463233	463249	2
CP142610.1	463249	463250	1
CP142610.1	463250	463284	2
CP142610.1	463284	463290	1
CP142610.1	463290	463421	0
CP142610.1	463421	463433	1
CP142610.1	463433	463434	0
CP142610.1	463434	463551	1
CP142610.1	463551	463562	0
CP142610.1	463562	463597	1
CP142610.1	463597	463669	0
CP142610.1	463669	463827	1
CP142610.1	463827	463828	0
CP142610.1	463828	463916	1
CP142610.1	463916	464164	0
CP142610.1	464164	464179	1
CP142610.1	464179	464190	2
CP142610.1	464190	464240	3
CP142610.1	464240	464275	2
CP142610.1	464275	464300	1
CP142610.1	464300	464303	2
CP142610.1	464303	464312	1
CP142610.1	464312	464313	0
CP142610.1	464313	464424	1
CP142610.1	464424	464522	0
CP142610.1	464522	464572	1
CP142610.1	464572	464576	2
CP142610.1	464576	464616	1
CP142610.1	464616	464814	2
CP142610.1	464814	464841	1
CP142610.1	464841	464902	0
CP142610.1	464902	464932	1
CP142610.1	464932	464933	2
CP142610.1	464933	464966	1
CP142610.1	464966	464968	0
CP142610.1	464968	464973	1
CP142610.1	464973	464983	2
CP142610.1	464983	465036	3
CP142610.1	465036	465070	4
CP142610.1	465070	465076	5
CP142610.1	465076	465145	4
CP142610.1	465145	465152	3
CP142610.1	465152	465155	2
CP142610.1	465155	465188	3
CP142610.1	465188	465243	2
CP142610.1	465243	465256	1
CP142610.1	465256	465259	2
CP142610.1	465259	465260	1
CP142610.1	465260	465297	2
CP142610.1	465297	465333	1
CP142610.1	465333	465348	0
CP142610.1	465348	465382	1
CP142610.1	465382	465465	2
CP142610.1	465465	465532	1
CP142610.1	465532	465547	2
CP142610.1	465547	465590	3
CP142610.1	465590	465608	4
CP142610.1	465608	465609	3
CP142610.1	465609	465612	4
CP142610.1	465612	465623	3
CP142610.1	465623	465672	4
CP142610.1	465672	465673	3
CP142610.1	465673	465677	4
CP142610.1	465677	465701	3
CP142610.1	465701	465754	2
CP142610.1	465754	465770	3
CP142610.1	465770	465771	2
CP142610.1	465771	465796	3
CP142610.1	465796	465811	2
CP142610.1	465811	465852	1
CP142610.1	465852	466171	0
CP142610.1	466171	466242	1
CP142610.1	466242	466253	0
CP142610.1	466253	466350	1
CP142610.1	466350	466598	0
CP142610.1	466598	466697	1
CP142610.1	466697	466804	2
CP142610.1	466804	466807	1
CP142610.1	466807	466808	0
CP142610.1	466808	466843	1
CP142610.1	466843	466965	0
CP142610.1	466965	466973	1
CP142610.1	466973	466974	0
CP142610.1	466974	467000	1
CP142610.1	467000	467074	2
CP142610.1	467074	467082	1
CP142610.1	467082	467172	2
CP142610.1	467172	467203	1
CP142610.1	467203	467349	0
CP142610.1	467349	467463	1
CP142610.1	467463	467475	2
CP142610.1	467475	467538	3
CP142610.1	467538	467540	4
CP142610.1	467540	467541	3
CP142610.1	467541	467566	4
CP142610.1	467566	467567	3
CP142610.1	467567	467570	4
CP142610.1	467570	467573	3
CP142610.1	467573	467574	2
CP142610.1	467574	467640	3
CP142610.1	467640	467645	2
CP142610.1	467645	467666	3
CP142610.1	467666	467696	2
CP142610.1	467696	467708	1
CP142610.1	467708	467724	2
CP142610.1	467724	467735	1
CP142610.1	467735	467759	2
CP142610.1	467759	467768	1
CP142610.1	467768	467769	0
CP142610.1	467769	467782	1
CP142610.1	467782	467813	2
CP142610.1	467813	467815	1
CP142610.1	467815	467817	2
CP142610.1	467817	467861	1
CP142610.1	467861	468426	0
CP142610.1	468426	468460	1
CP142610.1	468460	468514	2
CP142610.1	468514	468522	1
CP142610.1	468522	468544	2
CP142610.1	468544	468605	1
CP142610.1	468605	468746	2
CP142610.1	468746	468800	1
CP142610.1	468800	468808	2
CP142610.1	468808	468924	3
CP142610.1	468924	468949	2
CP142610.1	468949	469103	1
CP142610.1	469103	469215	0
CP142610.1	469215	469412	1
CP142610.1	469412	469475	2
CP142610.1	469475	469488	1
CP142610.1	469488	469657	0
CP142610.1	469657	469755	1
CP142610.1	469755	470006	0
CP142610.1	470006	470062	1
CP142610.1	470062	470136	2
CP142610.1	470136	470138	1
CP142610.1	470138	470145	0
CP142610.1	470145	470345	2
CP142610.1	470345	470396	1
CP142610.1	470396	470436	2
CP142610.1	470436	470477	1
CP142610.1	470477	470523	2
CP142610.1	470523	470534	3
CP142610.1	470534	470633	2
CP142610.1	470633	470678	3
CP142610.1	470678	470700	2
CP142610.1	470700	470756	3
CP142610.1	470756	470797	2
CP142610.1	470797	470798	1
CP142610.1	470798	470802	2
CP142610.1	470802	470818	3
CP142610.1	470818	470819	2
CP142610.1	470819	470822	3
CP142610.1	470822	470832	2
CP142610.1	470832	470892	1
CP142610.1	470892	470982	0
CP142610.1	470982	471051	1
CP142610.1	471051	471053	0
CP142610.1	471053	471123	1
CP142610.1	471123	471154	2
CP142610.1	471154	471239	1
CP142610.1	471239	471240	2
CP142610.1	471240	471244	1
CP142610.1	471244	471286	2
CP142610.1	471286	471339	1
CP142610.1	471339	471342	0
CP142610.1	471342	471367	1
CP142610.1	471367	471370	0
CP142610.1	471370	471427	1
CP142610.1	471427	471594	2
CP142610.1	471594	471634	1
CP142610.1	471634	471651	2
CP142610.1	471651	471716	1
CP142610.1	471716	471788	2
CP142610.1	471788	471832	3
CP142610.1	471832	471833	2
CP142610.1	471833	471844	1
CP142610.1	471844	471890	3
CP142610.1	471890	471942	2
CP142610.1	471942	472091	1
CP142610.1	472091	472200	0
CP142610.1	472200	472419	1
CP142610.1	472419	472513	2
CP142610.1	472513	472521	1
CP142610.1	472521	473014	0
CP142610.1	473014	473043	1
CP142610.1	473043	473044	0
CP142610.1	473044	473052	1
CP142610.1	473052	473053	0
CP142610.1	473053	473075	1
CP142610.1	473075	473094	2
CP142610.1	473094	473122	3
CP142610.1	473122	473124	2
CP142610.1	473124	473125	1
CP142610.1	473125	473195	2
CP142610.1	473195	473290	3
CP142610.1	473290	473292	2
CP142610.1	473292	473305	1
CP142610.1	473305	473334	0
CP142610.1	473334	473392	1
CP142610.1	473392	473394	0
CP142610.1	473394	473413	1
CP142610.1	473413	473418	0
CP142610.1	473418	473426	1
CP142610.1	473426	473427	0
CP142610.1	473427	473449	1
CP142610.1	473449	473481	0
CP142610.1	473481	473486	1
CP142610.1	473486	473498	2
CP142610.1	473498	473529	3
CP142610.1	473529	473532	2
CP142610.1	473532	473561	3
CP142610.1	473561	473573	2
CP142610.1	473573	473592	1
CP142610.1	473592	474300	0
CP142610.1	474300	474410	1
CP142610.1	474410	474411	0
CP142610.1	474411	474462	1
CP142610.1	474462	474485	2
CP142610.1	474485	474625	1
CP142610.1	474625	474628	0
CP142610.1	474628	474700	1
CP142610.1	474700	474903	0
CP142610.1	474903	474972	1
CP142610.1	474972	474992	2
CP142610.1	474992	475113	1
CP142610.1	475113	475131	0
CP142610.1	475131	475232	1
CP142610.1	475232	475259	2
CP142610.1	475259	475272	1
CP142610.1	475272	475286	0
CP142610.1	475286	475372	1
CP142610.1	475372	475964	0
CP142610.1	475964	476057	2
CP142610.1	476057	476075	3
CP142610.1	476075	476144	4
CP142610.1	476144	476145	3
CP142610.1	476145	476146	2
CP142610.1	476146	476155	3
CP142610.1	476155	476199	4
CP142610.1	476199	476200	3
CP142610.1	476200	476212	4
CP142610.1	476212	476213	3
CP142610.1	476213	476278	4
CP142610.1	476278	476312	3
CP142610.1	476312	476354	2
CP142610.1	476354	476375	3
CP142610.1	476375	476394	2
CP142610.1	476394	476399	1
CP142610.1	476399	476429	2
CP142610.1	476429	476438	1
CP142610.1	476438	476593	0
CP142610.1	476593	476766	1
CP142610.1	476766	476777	0
CP142610.1	476777	476784	1
CP142610.1	476784	476789	0
CP142610.1	476789	476791	1
CP142610.1	476791	476799	2
CP142610.1	476799	476800	0
CP142610.1	476800	476850	2
CP142610.1	476850	476900	3
CP142610.1	476900	477009	2
CP142610.1	477009	477038	1
CP142610.1	477038	477051	0
CP142610.1	477051	477058	1
CP142610.1	477058	477089	2
CP142610.1	477089	477174	3
CP142610.1	477174	477228	2
CP142610.1	477228	477277	3
CP142610.1	477277	477285	2
CP142610.1	477285	477374	1
CP142610.1	477374	477377	0
CP142610.1	477377	477410	1
CP142610.1	477410	477413	0
CP142610.1	477413	477439	1
CP142610.1	477439	477446	2
CP142610.1	477446	477449	1
CP142610.1	477449	477487	2
CP142610.1	477487	477547	3
CP142610.1	477547	477557	2
CP142610.1	477557	477572	1
CP142610.1	477572	477612	2
CP142610.1	477612	477666	1
CP142610.1	477666	477732	2
CP142610.1	477732	477772	1
CP142610.1	477772	477809	2
CP142610.1	477809	477810	1
CP142610.1	477810	477817	2
CP142610.1	477817	477821	1
CP142610.1	477821	477837	2
CP142610.1	477837	477838	1
CP142610.1	477838	477882	2
CP142610.1	477882	477883	1
CP142610.1	477883	477948	2
CP142610.1	477948	478041	1
CP142610.1	478041	478061	2
CP142610.1	478061	478063	3
CP142610.1	478063	478064	2
CP142610.1	478064	478070	3
CP142610.1	478070	478102	2
CP142610.1	478102	478106	3
CP142610.1	478106	478107	2
CP142610.1	478107	478165	3
CP142610.1	478165	478173	2
CP142610.1	478173	478224	1
CP142610.1	478224	478234	2
CP142610.1	478234	478315	1
CP142610.1	478315	478322	0
CP142610.1	478322	478382	1
CP142610.1	478382	478493	2
CP142610.1	478493	478525	1
CP142610.1	478525	478526	0
CP142610.1	478526	478533	1
CP142610.1	478533	478534	0
CP142610.1	478534	478561	1
CP142610.1	478561	478714	0
CP142610.1	478714	478954	1
CP142610.1	478954	478997	0
CP142610.1	478997	479041	1
CP142610.1	479041	479043	0
CP142610.1	479043	479048	1
CP142610.1	479048	479115	2
CP142610.1	479115	479119	1
CP142610.1	479119	479126	0
CP142610.1	479126	479164	1
CP142610.1	479164	479167	0
CP142610.1	479167	479243	1
CP142610.1	479243	479282	0
CP142610.1	479282	479348	1
CP142610.1	479348	479390	2
CP142610.1	479390	479391	1
CP142610.1	479391	479397	2
CP142610.1	479397	479485	1
CP142610.1	479485	479546	2
CP142610.1	479546	479582	1
CP142610.1	479582	479591	2
CP142610.1	479591	479680	1
CP142610.1	479680	479755	2
CP142610.1	479755	479758	1
CP142610.1	479758	479775	2
CP142610.1	479775	479780	1
CP142610.1	479780	479797	2
CP142610.1	479797	479847	1
CP142610.1	479847	479854	2
CP142610.1	479854	479875	3
CP142610.1	479875	479915	2
CP142610.1	479915	479968	1
CP142610.1	479968	479972	0
CP142610.1	479972	479990	1
CP142610.1	479990	480034	0
CP142610.1	480034	480188	1
CP142610.1	480188	480278	2
CP142610.1	480278	480329	1
CP142610.1	480329	480332	0
CP142610.1	480332	480403	1
CP142610.1	480403	480476	2
CP142610.1	480476	480478	3
CP142610.1	480478	480500	2
CP142610.1	480500	480670	1
CP142610.1	480670	480679	2
CP142610.1	480679	480777	3
CP142610.1	480777	480800	2
CP142610.1	480800	480821	3
CP142610.1	480821	480832	2
CP142610.1	480832	480871	3
CP142610.1	480871	480873	2
CP142610.1	480873	480879	3
CP142610.1	480879	480881	2
CP142610.1	480881	480895	3
CP142610.1	480895	480949	4
CP142610.1	480949	481008	3
CP142610.1	481008	481056	4
CP142610.1	481056	481061	3
CP142610.1	481061	481087	2
CP142610.1	481087	481393	1
CP142610.1	481393	481472	0
CP142610.1	481472	481558	1
CP142610.1	481558	481585	2
CP142610.1	481585	481592	3
CP142610.1	481592	481593	2
CP142610.1	481593	481607	3
CP142610.1	481607	481610	2
CP142610.1	481610	481615	1
CP142610.1	481615	481678	2
CP142610.1	481678	481828	1
CP142610.1	481828	481885	2
CP142610.1	481885	481888	1
CP142610.1	481888	481896	2
CP142610.1	481896	481898	1
CP142610.1	481898	481970	2
CP142610.1	481970	482052	1
CP142610.1	482052	482055	0
CP142610.1	482055	482071	1
CP142610.1	482071	482072	0
CP142610.1	482072	482108	1
CP142610.1	482108	482171	2
CP142610.1	482171	482180	1
CP142610.1	482180	482196	0
CP142610.1	482196	482253	1
CP142610.1	482253	482372	0
CP142610.1	482372	482428	1
CP142610.1	482428	482429	0
CP142610.1	482429	482454	1
CP142610.1	482454	482736	0
CP142610.1	482736	482756	1
CP142610.1	482756	482812	2
CP142610.1	482812	482941	1
CP142610.1	482941	482986	2
CP142610.1	482986	483007	3
CP142610.1	483007	483063	2
CP142610.1	483063	483089	1
CP142610.1	483089	483092	0
CP142610.1	483092	483113	1
CP142610.1	483113	483211	2
CP142610.1	483211	483234	1
CP142610.1	483234	483895	0
CP142610.1	483895	483916	1
CP142610.1	483916	483920	0
CP142610.1	483920	483991	1
CP142610.1	483991	484088	0
CP142610.1	484088	484195	1
CP142610.1	484195	484201	0
CP142610.1	484201	484297	1
CP142610.1	484297	484370	2
CP142610.1	484370	484376	1
CP142610.1	484376	484421	0
CP142610.1	484421	484498	1
CP142610.1	484498	484573	2
CP142610.1	484573	484668	1
CP142610.1	484668	484693	2
CP142610.1	484693	484773	1
CP142610.1	484773	485356	0
CP142610.1	485356	485468	1
CP142610.1	485468	485518	0
CP142610.1	485518	485588	1
CP142610.1	485588	485591	2
CP142610.1	485591	485686	1
CP142610.1	485686	485687	0
CP142610.1	485687	485705	1
CP142610.1	485705	485708	0
CP142610.1	485708	485741	1
CP142610.1	485741	485754	2
CP142610.1	485754	485801	3
CP142610.1	485801	485846	2
CP142610.1	485846	485859	3
CP142610.1	485859	485896	2
CP142610.1	485896	485916	1
CP142610.1	485916	485918	2
CP142610.1	485918	485933	3
CP142610.1	485933	485952	2
CP142610.1	485952	485953	1
CP142610.1	485953	485996	2
CP142610.1	485996	486010	1
CP142610.1	486010	486129	0
CP142610.1	486129	486223	1
CP142610.1	486223	486391	2
CP142610.1	486391	486399	1
CP142610.1	486399	486441	2
CP142610.1	486441	486442	1
CP142610.1	486442	486473	3
CP142610.1	486473	486474	1
CP142610.1	486474	486476	2
CP142610.1	486476	486519	3
CP142610.1	486519	486556	2
CP142610.1	486556	486578	3
CP142610.1	486578	486580	2
CP142610.1	486580	486592	3
CP142610.1	486592	486652	2
CP142610.1	486652	486655	1
CP142610.1	486655	486759	2
CP142610.1	486759	486819	1
CP142610.1	486819	486853	2
CP142610.1	486853	486905	1
CP142610.1	486905	486906	0
CP142610.1	486906	486950	1
CP142610.1	486950	486952	0
CP142610.1	486952	486961	1
CP142610.1	486961	486962	0
CP142610.1	486962	486980	1
CP142610.1	486980	486991	2
CP142610.1	486991	486992	1
CP142610.1	486992	487026	2
CP142610.1	487026	487035	1
CP142610.1	487035	487191	0
CP142610.1	487191	487285	1
CP142610.1	487285	487286	0
CP142610.1	487286	487311	1
CP142610.1	487311	487340	0
CP142610.1	487340	487346	1
CP142610.1	487346	487398	2
CP142610.1	487398	487458	1
CP142610.1	487458	487484	2
CP142610.1	487484	487504	1
CP142610.1	487504	487505	0
CP142610.1	487505	487523	1
CP142610.1	487523	487951	0
CP142610.1	487951	488038	1
CP142610.1	488038	488072	2
CP142610.1	488072	488073	1
CP142610.1	488073	488086	2
CP142610.1	488086	488089	1
CP142610.1	488089	488104	2
CP142610.1	488104	488107	1
CP142610.1	488107	488179	2
CP142610.1	488179	488270	1
CP142610.1	488270	488271	0
CP142610.1	488271	488315	1
CP142610.1	488315	488318	0
CP142610.1	488318	488334	1
CP142610.1	488334	488335	0
CP142610.1	488335	488518	1
CP142610.1	488518	488536	0
CP142610.1	488536	488542	1
CP142610.1	488542	488624	2
CP142610.1	488624	488625	1
CP142610.1	488625	488763	2
CP142610.1	488763	488788	3
CP142610.1	488788	488801	2
CP142610.1	488801	488802	1
CP142610.1	488802	488897	2
CP142610.1	488897	488945	3
CP142610.1	488945	488982	4
CP142610.1	488982	488992	3
CP142610.1	488992	488996	2
CP142610.1	488996	488997	1
CP142610.1	488997	489015	2
CP142610.1	489015	489016	1
CP142610.1	489016	489041	2
CP142610.1	489041	489042	1
CP142610.1	489042	489047	2
CP142610.1	489047	489119	1
CP142610.1	489119	489137	2
CP142610.1	489137	489179	1
CP142610.1	489179	489206	0
CP142610.1	489206	489366	1
CP142610.1	489366	489521	0
CP142610.1	489521	489531	1
CP142610.1	489531	489602	2
CP142610.1	489602	489633	3
CP142610.1	489633	489665	2
CP142610.1	489665	489668	1
CP142610.1	489668	489673	2
CP142610.1	489673	489697	1
CP142610.1	489697	489698	0
CP142610.1	489698	489804	1
CP142610.1	489804	489847	3
CP142610.1	489847	489849	2
CP142610.1	489849	489865	3
CP142610.1	489865	489939	2
CP142610.1	489939	489941	1
CP142610.1	489941	489949	2
CP142610.1	489949	489994	1
CP142610.1	489994	489995	0
CP142610.1	489995	490095	1
CP142610.1	490095	490175	2
CP142610.1	490175	490196	1
CP142610.1	490196	490259	0
CP142610.1	490259	490272	1
CP142610.1	490272	490288	2
CP142610.1	490288	490289	1
CP142610.1	490289	490301	2
CP142610.1	490301	490313	3
CP142610.1	490313	490342	2
CP142610.1	490342	490344	1
CP142610.1	490344	490357	2
CP142610.1	490357	490359	1
CP142610.1	490359	490406	2
CP142610.1	490406	490413	1
CP142610.1	490413	490443	2
CP142610.1	490443	490514	1
CP142610.1	490514	490530	0
CP142610.1	490530	490655	1
CP142610.1	490655	490859	0
CP142610.1	490859	490888	1
CP142610.1	490888	490915	2
CP142610.1	490915	490940	3
CP142610.1	490940	491019	4
CP142610.1	491019	491045	3
CP142610.1	491045	491096	2
CP142610.1	491096	491134	1
CP142610.1	491134	491221	2
CP142610.1	491221	491241	1
CP142610.1	491241	491287	2
CP142610.1	491287	491333	3
CP142610.1	491333	491340	2
CP142610.1	491340	491353	1
CP142610.1	491353	491436	0
CP142610.1	491436	491520	1
CP142610.1	491520	491553	2
CP142610.1	491553	491565	1
CP142610.1	491565	491580	2
CP142610.1	491580	491581	1
CP142610.1	491581	491629	2
CP142610.1	491629	491630	1
CP142610.1	491630	491636	2
CP142610.1	491636	491720	1
CP142610.1	491720	491731	2
CP142610.1	491731	491748	3
CP142610.1	491748	491749	2
CP142610.1	491749	491750	3
CP142610.1	491750	491764	2
CP142610.1	491764	491768	3
CP142610.1	491768	491769	2
CP142610.1	491769	491770	1
CP142610.1	491770	491772	2
CP142610.1	491772	491824	3
CP142610.1	491824	491828	2
CP142610.1	491828	491838	3
CP142610.1	491838	491840	2
CP142610.1	491840	491850	3
CP142610.1	491850	491851	2
CP142610.1	491851	491856	3
CP142610.1	491856	491863	2
CP142610.1	491863	491864	1
CP142610.1	491864	491899	2
CP142610.1	491899	491940	3
CP142610.1	491940	491958	2
CP142610.1	491958	491962	3
CP142610.1	491962	492016	2
CP142610.1	492016	492018	1
CP142610.1	492018	492019	0
CP142610.1	492019	492048	1
CP142610.1	492048	492150	0
CP142610.1	492150	492187	1
CP142610.1	492187	492188	0
CP142610.1	492188	492369	1
CP142610.1	492369	492404	2
CP142610.1	492404	492435	3
CP142610.1	492435	492437	2
CP142610.1	492437	492486	1
CP142610.1	492486	492490	2
CP142610.1	492490	492491	1
CP142610.1	492491	492545	2
CP142610.1	492545	492546	1
CP142610.1	492546	492561	2
CP142610.1	492561	492565	1
CP142610.1	492565	492619	2
CP142610.1	492619	492640	1
CP142610.1	492640	492691	2
CP142610.1	492691	492758	3
CP142610.1	492758	492843	2
CP142610.1	492843	492956	1
CP142610.1	492956	492968	2
CP142610.1	492968	493046	1
CP142610.1	493046	493047	0
CP142610.1	493047	493075	1
CP142610.1	493075	493085	2
CP142610.1	493085	493086	1
CP142610.1	493086	493087	2
CP142610.1	493087	493090	1
CP142610.1	493090	493188	2
CP142610.1	493188	493191	1
CP142610.1	493191	493195	2
CP142610.1	493195	493252	1
CP142610.1	493252	493313	0
CP142610.1	493313	493395	1
CP142610.1	493395	493396	0
CP142610.1	493396	493502	1
CP142610.1	493502	493532	2
CP142610.1	493532	493533	1
CP142610.1	493533	493564	2
CP142610.1	493564	493579	1
CP142610.1	493579	493703	0
CP142610.1	493703	493725	1
CP142610.1	493725	493728	0
CP142610.1	493728	493748	1
CP142610.1	493748	493773	2
CP142610.1	493773	493805	1
CP142610.1	493805	493815	0
CP142610.1	493815	493900	1
CP142610.1	493900	493920	2
CP142610.1	493920	493973	1
CP142610.1	493973	493974	0
CP142610.1	493974	494094	1
CP142610.1	494094	494171	2
CP142610.1	494171	494202	1
CP142610.1	494202	494261	2
CP142610.1	494261	494366	1
CP142610.1	494366	494375	0
CP142610.1	494375	494410	1
CP142610.1	494410	494411	0
CP142610.1	494411	494477	1
CP142610.1	494477	494487	2
CP142610.1	494487	494557	1
CP142610.1	494557	494634	2
CP142610.1	494634	494636	1
CP142610.1	494636	494637	2
CP142610.1	494637	494729	1
CP142610.1	494729	494740	2
CP142610.1	494740	494744	1
CP142610.1	494744	494762	2
CP142610.1	494762	494766	1
CP142610.1	494766	494832	2
CP142610.1	494832	494949	1
CP142610.1	494949	494978	0
CP142610.1	494978	495018	1
CP142610.1	495018	495114	2
CP142610.1	495114	495115	1
CP142610.1	495115	495125	2
CP142610.1	495125	495126	1
CP142610.1	495126	495134	2
CP142610.1	495134	495144	1
CP142610.1	495144	495164	2
CP142610.1	495164	495167	1
CP142610.1	495167	495168	0
CP142610.1	495168	495224	1
CP142610.1	495224	495321	0
CP142610.1	495321	495439	1
CP142610.1	495439	495442	0
CP142610.1	495442	495475	1
CP142610.1	495475	495563	2
CP142610.1	495563	495590	1
CP142610.1	495590	495618	0
CP142610.1	495618	495679	1
CP142610.1	495679	495696	2
CP142610.1	495696	495778	1
CP142610.1	495778	495792	0
CP142610.1	495792	495838	1
CP142610.1	495838	495839	0
CP142610.1	495839	495866	1
CP142610.1	495866	495868	0
CP142610.1	495868	495869	1
CP142610.1	495869	495913	2
CP142610.1	495913	495916	1
CP142610.1	495916	495936	2
CP142610.1	495936	495951	1
CP142610.1	495951	495956	0
CP142610.1	495956	496033	1
CP142610.1	496033	496037	0
CP142610.1	496037	496098	1
CP142610.1	496098	496468	0
CP142610.1	496468	496556	1
CP142610.1	496556	496791	0
CP142610.1	496791	496872	1
CP142610.1	496872	496909	2
CP142610.1	496909	496914	1
CP142610.1	496914	496951	2
CP142610.1	496951	496967	1
CP142610.1	496967	497058	0
CP142610.1	497058	497171	1
CP142610.1	497171	497206	2
CP142610.1	497206	497209	1
CP142610.1	497209	497231	2
CP142610.1	497231	497232	1
CP142610.1	497232	497255	0
CP142610.1	497255	497260	1
CP142610.1	497260	497262	0
CP142610.1	497262	497418	1
CP142610.1	497418	497425	2
CP142610.1	497425	497559	1
CP142610.1	497559	497670	0
CP142610.1	497670	497685	1
CP142610.1	497685	497686	0
CP142610.1	497686	497714	1
CP142610.1	497714	497762	2
CP142610.1	497762	497771	3
CP142610.1	497771	497788	4
CP142610.1	497788	497790	3
CP142610.1	497790	497792	4
CP142610.1	497792	497812	5
CP142610.1	497812	497814	4
CP142610.1	497814	497815	5
CP142610.1	497815	497816	3
CP142610.1	497816	497819	1
CP142610.1	497819	497820	2
CP142610.1	497820	497832	4
CP142610.1	497832	497833	3
CP142610.1	497833	497862	4
CP142610.1	497862	497876	3
CP142610.1	497876	497910	2
CP142610.1	497910	497932	1
CP142610.1	497932	497962	0
CP142610.1	497962	497963	1
CP142610.1	497963	498016	2
CP142610.1	498016	498019	1
CP142610.1	498019	498025	2
CP142610.1	498025	498090	3
CP142610.1	498090	498114	2
CP142610.1	498114	498170	1
CP142610.1	498170	498181	0
CP142610.1	498181	498263	1
CP142610.1	498263	498443	0
CP142610.1	498443	498701	1
CP142610.1	498701	498702	0
CP142610.1	498702	498712	1
CP142610.1	498712	498743	2
CP142610.1	498743	498831	1
CP142610.1	498831	498833	2
CP142610.1	498833	498879	3
CP142610.1	498879	498882	2
CP142610.1	498882	498935	3
CP142610.1	498935	498938	4
CP142610.1	498938	498949	3
CP142610.1	498949	498950	4
CP142610.1	498950	498966	3
CP142610.1	498966	498974	2
CP142610.1	498974	499021	3
CP142610.1	499021	499022	2
CP142610.1	499022	499032	3
CP142610.1	499032	499057	2
CP142610.1	499057	499060	0
CP142610.1	499060	499088	2
CP142610.1	499088	499144	1
CP142610.1	499144	499146	0
CP142610.1	499146	499155	1
CP142610.1	499155	499161	2
CP142610.1	499161	499162	1
CP142610.1	499162	499227	2
CP142610.1	499227	499294	1
CP142610.1	499294	499338	2
CP142610.1	499338	499466	1
CP142610.1	499466	499497	0
CP142610.1	499497	499541	1
CP142610.1	499541	499598	2
CP142610.1	499598	499605	1
CP142610.1	499605	499611	2
CP142610.1	499611	499667	1
CP142610.1	499667	499709	2
CP142610.1	499709	499712	1
CP142610.1	499712	499725	2
CP142610.1	499725	499735	3
CP142610.1	499735	499829	2
CP142610.1	499829	499838	1
CP142610.1	499838	499967	0
CP142610.1	499967	499999	1
CP142610.1	499999	500050	2
CP142610.1	500050	500051	1
CP142610.1	500051	500099	2
CP142610.1	500099	500166	1
CP142610.1	500166	500189	2
CP142610.1	500189	500190	1
CP142610.1	500190	500216	2
CP142610.1	500216	500221	1
CP142610.1	500221	500224	2
CP142610.1	500224	500261	1
CP142610.1	500261	500264	0
CP142610.1	500264	500319	1
CP142610.1	500319	500361	2
CP142610.1	500361	500373	1
CP142610.1	500373	500379	2
CP142610.1	500379	500381	1
CP142610.1	500381	500418	2
CP142610.1	500418	500421	3
CP142610.1	500421	500437	2
CP142610.1	500437	500438	1
CP142610.1	500438	500489	2
CP142610.1	500489	500494	1
CP142610.1	500494	500515	0
CP142610.1	500515	500524	1
CP142610.1	500524	500525	0
CP142610.1	500525	500545	1
CP142610.1	500545	500546	0
CP142610.1	500546	500572	1
CP142610.1	500572	500610	2
CP142610.1	500610	500625	1
CP142610.1	500625	500626	0
CP142610.1	500626	500639	1
CP142610.1	500639	500749	2
CP142610.1	500749	500758	1
CP142610.1	500758	500764	0
CP142610.1	500764	500857	1
CP142610.1	500857	501081	0
CP142610.1	501081	501134	1
CP142610.1	501134	501423	0
CP142610.1	501423	501621	1
CP142610.1	501621	501636	2
CP142610.1	501636	501641	1
CP142610.1	501641	501645	2
CP142610.1	501645	501673	3
CP142610.1	501673	501674	0
CP142610.1	501674	501796	3
CP142610.1	501796	501929	2
CP142610.1	501929	501955	1
CP142610.1	501955	502037	2
CP142610.1	502037	502038	1
CP142610.1	502038	502155	2
CP142610.1	502155	502171	3
CP142610.1	502171	502176	2
CP142610.1	502176	502177	1
CP142610.1	502177	502197	2
CP142610.1	502197	502271	1
CP142610.1	502271	502480	0
CP142610.1	502480	502526	1
CP142610.1	502526	502610	2
CP142610.1	502610	502673	1
CP142610.1	502673	502733	2
CP142610.1	502733	502734	1
CP142610.1	502734	502752	2
CP142610.1	502752	502753	1
CP142610.1	502753	502764	2
CP142610.1	502764	502765	1
CP142610.1	502765	502779	2
CP142610.1	502779	502860	3
CP142610.1	502860	502983	2
CP142610.1	502983	502999	1
CP142610.1	502999	503186	0
CP142610.1	503186	503265	1
CP142610.1	503265	503301	0
CP142610.1	503301	503310	1
CP142610.1	503310	503315	2
CP142610.1	503315	503370	3
CP142610.1	503370	503374	2
CP142610.1	503374	503401	1
CP142610.1	503401	503437	2
CP142610.1	503437	503442	1
CP142610.1	503442	503473	2
CP142610.1	503473	503474	0
CP142610.1	503474	503492	2
CP142610.1	503492	503499	1
CP142610.1	503499	503524	2
CP142610.1	503524	503576	3
CP142610.1	503576	503578	4
CP142610.1	503578	503624	3
CP142610.1	503624	503647	4
CP142610.1	503647	503648	3
CP142610.1	503648	503687	4
CP142610.1	503687	503709	3
CP142610.1	503709	503717	2
CP142610.1	503717	503747	1
CP142610.1	503747	503783	0
CP142610.1	503783	503806	1
CP142610.1	503806	503856	2
CP142610.1	503856	504043	1
CP142610.1	504043	504264	0
CP142610.1	504264	504283	1
CP142610.1	504283	504284	0
CP142610.1	504284	504444	1
CP142610.1	504444	504458	2
CP142610.1	504458	504467	3
CP142610.1	504467	504514	4
CP142610.1	504514	504556	3
CP142610.1	504556	504573	2
CP142610.1	504573	504634	1
CP142610.1	504634	504684	0
CP142610.1	504684	504742	1
CP142610.1	504742	504773	2
CP142610.1	504773	504788	1
CP142610.1	504788	504792	0
CP142610.1	504792	504818	1
CP142610.1	504818	504851	0
CP142610.1	504851	504894	1
CP142610.1	504894	504911	0
CP142610.1	504911	504972	1
CP142610.1	504972	505016	2
CP142610.1	505016	505070	1
CP142610.1	505070	505072	0
CP142610.1	505072	505073	1
CP142610.1	505073	505139	2
CP142610.1	505139	505172	1
CP142610.1	505172	505311	0
CP142610.1	505311	505316	1
CP142610.1	505316	505412	2
CP142610.1	505412	505483	1
CP142610.1	505483	505499	0
CP142610.1	505499	505588	1
CP142610.1	505588	505667	2
CP142610.1	505667	505798	1
CP142610.1	505798	505799	0
CP142610.1	505799	505807	1
CP142610.1	505807	505814	0
CP142610.1	505814	505882	1
CP142610.1	505882	505884	2
CP142610.1	505884	505952	1
CP142610.1	505952	506091	0
CP142610.1	506091	506299	1
CP142610.1	506299	506316	2
CP142610.1	506316	506328	3
CP142610.1	506328	506353	2
CP142610.1	506353	506390	1
CP142610.1	506390	506403	0
CP142610.1	506403	506475	1
CP142610.1	506475	506477	2
CP142610.1	506477	506516	3
CP142610.1	506516	506518	2
CP142610.1	506518	506528	3
CP142610.1	506528	506546	4
CP142610.1	506546	506557	3
CP142610.1	506557	506559	2
CP142610.1	506559	506570	3
CP142610.1	506570	506571	2
CP142610.1	506571	506585	3
CP142610.1	506585	506586	2
CP142610.1	506586	506594	1
CP142610.1	506594	506595	3
CP142610.1	506595	506602	2
CP142610.1	506602	506618	3
CP142610.1	506618	506619	2
CP142610.1	506619	506620	3
CP142610.1	506620	506624	4
CP142610.1	506624	506625	2
CP142610.1	506625	506632	4
CP142610.1	506632	506633	3
CP142610.1	506633	506645	4
CP142610.1	506645	506648	3
CP142610.1	506648	506688	4
CP142610.1	506688	506690	3
CP142610.1	506690	506691	2
CP142610.1	506691	506696	3
CP142610.1	506696	506735	2
CP142610.1	506735	506797	1
CP142610.1	506797	506835	2
CP142610.1	506835	506836	1
CP142610.1	506836	506852	2
CP142610.1	506852	506868	1
CP142610.1	506868	506879	0
CP142610.1	506879	507003	1
CP142610.1	507003	507004	0
CP142610.1	507004	507187	1
CP142610.1	507187	507250	2
CP142610.1	507250	507302	1
CP142610.1	507302	507348	0
CP142610.1	507348	507370	1
CP142610.1	507370	507371	0
CP142610.1	507371	507425	1
CP142610.1	507425	507472	2
CP142610.1	507472	507546	1
CP142610.1	507546	507843	0
CP142610.1	507843	507857	1
CP142610.1	507857	507917	2
CP142610.1	507917	507933	1
CP142610.1	507933	507943	2
CP142610.1	507943	508080	1
CP142610.1	508080	508138	2
CP142610.1	508138	508141	0
CP142610.1	508141	508144	2
CP142610.1	508144	508237	3
CP142610.1	508237	508243	2
CP142610.1	508243	508367	1
CP142610.1	508367	508400	0
CP142610.1	508400	508406	1
CP142610.1	508406	508443	2
CP142610.1	508443	508485	3
CP142610.1	508485	508553	2
CP142610.1	508553	508578	1
CP142610.1	508578	508580	0
CP142610.1	508580	508735	1
CP142610.1	508735	508790	2
CP142610.1	508790	508791	0
CP142610.1	508791	508816	2
CP142610.1	508816	508835	3
CP142610.1	508835	508857	4
CP142610.1	508857	508880	3
CP142610.1	508880	508891	4
CP142610.1	508891	508912	3
CP142610.1	508912	508955	4
CP142610.1	508955	508962	3
CP142610.1	508962	509035	2
CP142610.1	509035	509130	1
CP142610.1	509130	509221	2
CP142610.1	509221	509231	1
CP142610.1	509231	509297	2
CP142610.1	509297	509388	1
CP142610.1	509388	509409	0
CP142610.1	509409	509452	1
CP142610.1	509452	509683	0
CP142610.1	509683	509702	2
CP142610.1	509702	509736	3
CP142610.1	509736	509742	2
CP142610.1	509742	509791	1
CP142610.1	509791	509891	0
CP142610.1	509891	509928	1
CP142610.1	509928	509929	0
CP142610.1	509929	510048	1
CP142610.1	510048	510096	2
CP142610.1	510096	510143	1
CP142610.1	510143	510185	2
CP142610.1	510185	510191	1
CP142610.1	510191	510372	0
CP142610.1	510372	510491	1
CP142610.1	510491	510546	0
CP142610.1	510546	510663	1
CP142610.1	510663	510698	0
CP142610.1	510698	510702	1
CP142610.1	510702	510723	2
CP142610.1	510723	510727	3
CP142610.1	510727	510729	2
CP142610.1	510729	510732	3
CP142610.1	510732	510743	4
CP142610.1	510743	510744	3
CP142610.1	510744	510773	4
CP142610.1	510773	510783	5
CP142610.1	510783	510802	6
CP142610.1	510802	510804	5
CP142610.1	510804	510854	6
CP142610.1	510854	510884	5
CP142610.1	510884	510885	3
CP142610.1	510885	510892	4
CP142610.1	510892	510915	3
CP142610.1	510915	510919	1
CP142610.1	510919	510946	3
CP142610.1	510946	510965	2
CP142610.1	510965	510969	3
CP142610.1	510969	510970	2
CP142610.1	510970	510978	3
CP142610.1	510978	511016	4
CP142610.1	511016	511040	3
CP142610.1	511040	511060	2
CP142610.1	511060	511061	1
CP142610.1	511061	511072	2
CP142610.1	511072	511091	1
CP142610.1	511091	511206	2
CP142610.1	511206	511288	1
CP142610.1	511288	511313	0
CP142610.1	511313	511321	1
CP142610.1	511321	511322	0
CP142610.1	511322	511333	1
CP142610.1	511333	511338	2
CP142610.1	511338	511339	1
CP142610.1	511339	511386	2
CP142610.1	511386	511407	1
CP142610.1	511407	511408	0
CP142610.1	511408	511467	1
CP142610.1	511467	511612	0
CP142610.1	511612	511642	1
CP142610.1	511642	511643	0
CP142610.1	511643	511704	1
CP142610.1	511704	511705	0
CP142610.1	511705	511726	1
CP142610.1	511726	511727	0
CP142610.1	511727	511772	1
CP142610.1	511772	511778	2
CP142610.1	511778	511779	0
CP142610.1	511779	511793	2
CP142610.1	511793	511795	1
CP142610.1	511795	511796	0
CP142610.1	511796	511797	1
CP142610.1	511797	511838	2
CP142610.1	511838	511879	0
CP142610.1	511879	512001	1
CP142610.1	512001	512067	0
CP142610.1	512067	512197	1
CP142610.1	512197	512241	0
CP142610.1	512241	512298	1
CP142610.1	512298	512303	0
CP142610.1	512303	512307	1
CP142610.1	512307	512343	2
CP142610.1	512343	512351	1
CP142610.1	512351	512364	2
CP142610.1	512364	512388	1
CP142610.1	512388	512391	0
CP142610.1	512391	512445	1
CP142610.1	512445	512598	0
CP142610.1	512598	512658	1
CP142610.1	512658	512899	0
CP142610.1	512899	512966	1
CP142610.1	512966	513064	2
CP142610.1	513064	513069	1
CP142610.1	513069	513089	0
CP142610.1	513089	513231	1
CP142610.1	513231	513233	0
CP142610.1	513233	513274	1
CP142610.1	513274	513277	0
CP142610.1	513277	513486	1
CP142610.1	513486	513573	2
CP142610.1	513573	513602	1
CP142610.1	513602	513604	0
CP142610.1	513604	513617	2
CP142610.1	513617	513620	1
CP142610.1	513620	513624	2
CP142610.1	513624	513625	1
CP142610.1	513625	513695	2
CP142610.1	513695	513713	1
CP142610.1	513713	513789	2
CP142610.1	513789	513812	1
CP142610.1	513812	513821	0
CP142610.1	513821	513939	1
CP142610.1	513939	513942	2
CP142610.1	513942	514048	3
CP142610.1	514048	514090	2
CP142610.1	514090	514200	1
CP142610.1	514200	514366	0
CP142610.1	514366	514402	1
CP142610.1	514402	514433	2
CP142610.1	514433	514434	0
CP142610.1	514434	514463	2
CP142610.1	514463	514467	1
CP142610.1	514467	514617	0
CP142610.1	514617	514640	1
CP142610.1	514640	514730	2
CP142610.1	514730	514779	1
CP142610.1	514779	514795	2
CP142610.1	514795	514799	1
CP142610.1	514799	514801	2
CP142610.1	514801	514814	3
CP142610.1	514814	514815	2
CP142610.1	514815	514829	3
CP142610.1	514829	514830	2
CP142610.1	514830	514838	3
CP142610.1	514838	514850	4
CP142610.1	514850	514851	3
CP142610.1	514851	514859	4
CP142610.1	514859	514877	5
CP142610.1	514877	514878	4
CP142610.1	514878	514886	5
CP142610.1	514886	514894	4
CP142610.1	514894	514921	5
CP142610.1	514921	514923	4
CP142610.1	514923	514924	5
CP142610.1	514924	514927	4
CP142610.1	514927	514936	5
CP142610.1	514936	514937	4
CP142610.1	514937	514938	5
CP142610.1	514938	514946	4
CP142610.1	514946	515000	3
CP142610.1	515000	515005	2
CP142610.1	515005	515006	1
CP142610.1	515006	515095	2
CP142610.1	515095	515133	3
CP142610.1	515133	515134	2
CP142610.1	515134	515137	3
CP142610.1	515137	515138	2
CP142610.1	515138	515150	3
CP142610.1	515150	515166	2
CP142610.1	515166	515167	1
CP142610.1	515167	515172	2
CP142610.1	515172	515186	1
CP142610.1	515186	515196	2
CP142610.1	515196	515233	3
CP142610.1	515233	515272	2
CP142610.1	515272	515292	1
CP142610.1	515292	515427	0
CP142610.1	515427	515516	1
CP142610.1	515516	515518	0
CP142610.1	515518	515522	1
CP142610.1	515522	515523	2
CP142610.1	515523	515546	3
CP142610.1	515546	515547	2
CP142610.1	515547	515566	3
CP142610.1	515566	515574	2
CP142610.1	515574	515612	3
CP142610.1	515612	515632	4
CP142610.1	515632	515635	3
CP142610.1	515635	515636	2
CP142610.1	515636	515665	3
CP142610.1	515665	515746	2
CP142610.1	515746	515757	1
CP142610.1	515757	515799	2
CP142610.1	515799	515838	3
CP142610.1	515838	515882	2
CP142610.1	515882	515896	1
CP142610.1	515896	515898	2
CP142610.1	515898	515899	3
CP142610.1	515899	515905	4
CP142610.1	515905	515934	5
CP142610.1	515934	515944	6
CP142610.1	515944	515993	7
CP142610.1	515993	516002	6
CP142610.1	516002	516006	5
CP142610.1	516006	516019	6
CP142610.1	516019	516051	5
CP142610.1	516051	516062	4
CP142610.1	516062	516086	5
CP142610.1	516086	516088	4
CP142610.1	516088	516101	5
CP142610.1	516101	516112	4
CP142610.1	516112	516129	3
CP142610.1	516129	516131	2
CP142610.1	516131	516173	3
CP142610.1	516173	516211	4
CP142610.1	516211	516240	3
CP142610.1	516240	516247	4
CP142610.1	516247	516248	3
CP142610.1	516248	516274	4
CP142610.1	516274	516280	3
CP142610.1	516280	516325	2
CP142610.1	516325	516428	1
CP142610.1	516428	516473	2
CP142610.1	516473	516505	1
CP142610.1	516505	516526	2
CP142610.1	516526	516577	3
CP142610.1	516577	516598	2
CP142610.1	516598	516639	1
CP142610.1	516639	516917	0
CP142610.1	516917	516991	1
CP142610.1	516991	517119	0
CP142610.1	517119	517211	1
CP142610.1	517211	517314	2
CP142610.1	517314	517333	3
CP142610.1	517333	517378	2
CP142610.1	517378	517383	1
CP142610.1	517383	517410	0
CP142610.1	517410	517444	1
CP142610.1	517444	517445	0
CP142610.1	517445	517488	1
CP142610.1	517488	517628	0
CP142610.1	517628	517697	1
CP142610.1	517697	517715	0
CP142610.1	517715	517749	1
CP142610.1	517749	517766	2
CP142610.1	517766	517824	3
CP142610.1	517824	517843	2
CP142610.1	517843	517874	3
CP142610.1	517874	517887	4
CP142610.1	517887	517888	3
CP142610.1	517888	517938	4
CP142610.1	517938	517959	3
CP142610.1	517959	518011	2
CP142610.1	518011	518076	1
CP142610.1	518076	518177	0
CP142610.1	518177	518248	2
CP142610.1	518248	518300	3
CP142610.1	518300	518310	2
CP142610.1	518310	518331	1
CP142610.1	518331	518413	2
CP142610.1	518413	518414	3
CP142610.1	518414	518415	2
CP142610.1	518415	518430	3
CP142610.1	518430	518494	4
CP142610.1	518494	518495	3
CP142610.1	518495	518533	2
CP142610.1	518533	518586	1
CP142610.1	518586	518737	2
CP142610.1	518737	518792	1
CP142610.1	518792	518801	2
CP142610.1	518801	518843	1
CP142610.1	518843	518883	2
CP142610.1	518883	518886	1
CP142610.1	518886	518888	0
CP142610.1	518888	518907	1
CP142610.1	518907	518957	0
CP142610.1	518957	519011	1
CP142610.1	519011	519101	2
CP142610.1	519101	519102	3
CP142610.1	519102	519135	2
CP142610.1	519135	519144	1
CP142610.1	519144	519146	0
CP142610.1	519146	519295	1
CP142610.1	519295	519332	2
CP142610.1	519332	519342	1
CP142610.1	519342	519346	0
CP142610.1	519346	519367	1
CP142610.1	519367	519375	0
CP142610.1	519375	519387	1
CP142610.1	519387	519468	2
CP142610.1	519468	519555	1
CP142610.1	519555	519566	2
CP142610.1	519566	519613	3
CP142610.1	519613	519617	2
CP142610.1	519617	519618	1
CP142610.1	519618	519620	2
CP142610.1	519620	519685	3
CP142610.1	519685	519686	2
CP142610.1	519686	519692	3
CP142610.1	519692	519695	2
CP142610.1	519695	519696	1
CP142610.1	519696	519722	2
CP142610.1	519722	519733	1
CP142610.1	519733	519755	0
CP142610.1	519755	519804	1
CP142610.1	519804	519824	2
CP142610.1	519824	519826	1
CP142610.1	519826	519877	2
CP142610.1	519877	519944	1
CP142610.1	519944	519965	2
CP142610.1	519965	519997	1
CP142610.1	519997	520075	0
CP142610.1	520075	520319	1
CP142610.1	520319	520389	0
CP142610.1	520389	520446	1
CP142610.1	520446	520448	2
CP142610.1	520448	520459	1
CP142610.1	520459	520596	2
CP142610.1	520596	520638	3
CP142610.1	520638	520683	2
CP142610.1	520683	520713	3
CP142610.1	520713	520746	2
CP142610.1	520746	521091	0
CP142610.1	521091	521102	1
CP142610.1	521102	521103	0
CP142610.1	521103	521186	1
CP142610.1	521186	521373	0
CP142610.1	521373	521416	1
CP142610.1	521416	521477	0
CP142610.1	521477	521569	1
CP142610.1	521569	521580	2
CP142610.1	521580	521596	1
CP142610.1	521596	521611	2
CP142610.1	521611	521628	3
CP142610.1	521628	521693	4
CP142610.1	521693	521694	3
CP142610.1	521694	521721	4
CP142610.1	521721	521722	3
CP142610.1	521722	521747	4
CP142610.1	521747	521761	3
CP142610.1	521761	521800	2
CP142610.1	521800	521825	1
CP142610.1	521825	522012	0
CP142610.1	522012	522047	1
CP142610.1	522047	522048	0
CP142610.1	522048	522096	1
CP142610.1	522096	522304	0
CP142610.1	522304	522324	1
CP142610.1	522324	522361	2
CP142610.1	522361	522377	1
CP142610.1	522377	522405	2
CP142610.1	522405	522433	1
CP142610.1	522433	522435	0
CP142610.1	522435	522455	1
CP142610.1	522455	522498	2
CP142610.1	522498	522530	3
CP142610.1	522530	522531	1
CP142610.1	522531	522532	2
CP142610.1	522532	522538	3
CP142610.1	522538	522545	2
CP142610.1	522545	522557	3
CP142610.1	522557	522558	2
CP142610.1	522558	522575	3
CP142610.1	522575	522576	2
CP142610.1	522576	522596	3
CP142610.1	522596	522597	2
CP142610.1	522597	522615	3
CP142610.1	522615	522618	1
CP142610.1	522618	522619	3
CP142610.1	522619	522638	2
CP142610.1	522638	522713	1
CP142610.1	522713	522774	0
CP142610.1	522774	522930	1
CP142610.1	522930	522936	0
CP142610.1	522936	522991	1
CP142610.1	522991	523017	0
CP142610.1	523017	523094	1
CP142610.1	523094	523176	2
CP142610.1	523176	523177	1
CP142610.1	523177	523188	2
CP142610.1	523188	523261	1
CP142610.1	523261	523280	0
CP142610.1	523280	523364	1
CP142610.1	523364	523367	2
CP142610.1	523367	523381	1
CP142610.1	523381	523559	2
CP142610.1	523559	523578	1
CP142610.1	523578	523579	0
CP142610.1	523579	523601	1
CP142610.1	523601	523657	0
CP142610.1	523657	523678	1
CP142610.1	523678	523706	2
CP142610.1	523706	523707	0
CP142610.1	523707	523708	1
CP142610.1	523708	523784	2
CP142610.1	523784	523904	1
CP142610.1	523904	523905	0
CP142610.1	523905	523959	2
CP142610.1	523959	524050	1
CP142610.1	524050	524067	2
CP142610.1	524067	524133	1
CP142610.1	524133	524322	0
CP142610.1	524322	524375	1
CP142610.1	524375	524429	0
CP142610.1	524429	524476	1
CP142610.1	524476	524502	2
CP142610.1	524502	524530	3
CP142610.1	524530	524539	2
CP142610.1	524539	524561	3
CP142610.1	524561	524565	2
CP142610.1	524565	524619	3
CP142610.1	524619	524664	2
CP142610.1	524664	524736	1
CP142610.1	524736	524875	2
CP142610.1	524875	524891	1
CP142610.1	524891	524893	0
CP142610.1	524893	524933	1
CP142610.1	524933	524943	0
CP142610.1	524943	524972	3
CP142610.1	524972	525003	4
CP142610.1	525003	525012	5
CP142610.1	525012	525016	4
CP142610.1	525016	525027	3
CP142610.1	525027	525032	2
CP142610.1	525032	525035	1
CP142610.1	525035	525045	2
CP142610.1	525045	525047	1
CP142610.1	525047	525071	2
CP142610.1	525071	525104	1
CP142610.1	525104	525145	2
CP142610.1	525145	525228	1
CP142610.1	525228	525237	0
CP142610.1	525237	525281	1
CP142610.1	525281	525284	0
CP142610.1	525284	525392	1
CP142610.1	525392	525394	0
CP142610.1	525394	525434	1
CP142610.1	525434	525451	0
CP142610.1	525451	525519	1
CP142610.1	525519	525581	2
CP142610.1	525581	525594	1
CP142610.1	525594	525855	0
CP142610.1	525855	525894	1
CP142610.1	525894	525934	2
CP142610.1	525934	525986	1
CP142610.1	525986	526015	0
CP142610.1	526015	526020	1
CP142610.1	526020	526063	2
CP142610.1	526063	526088	3
CP142610.1	526088	526090	2
CP142610.1	526090	526095	3
CP142610.1	526095	526121	4
CP142610.1	526121	526165	3
CP142610.1	526165	526213	2
CP142610.1	526213	526298	1
CP142610.1	526298	526323	2
CP142610.1	526323	526324	1
CP142610.1	526324	526336	2
CP142610.1	526336	526380	1
CP142610.1	526380	526395	0
CP142610.1	526395	526444	1
CP142610.1	526444	526457	0
CP142610.1	526457	526469	1
CP142610.1	526469	526470	0
CP142610.1	526470	526607	1
CP142610.1	526607	526644	0
CP142610.1	526644	526777	1
CP142610.1	526777	527306	0
CP142610.1	527306	527365	1
CP142610.1	527365	527432	2
CP142610.1	527432	527492	3
CP142610.1	527492	527499	4
CP142610.1	527499	527600	3
CP142610.1	527600	527603	4
CP142610.1	527603	527608	3
CP142610.1	527608	527628	2
CP142610.1	527628	527750	1
CP142610.1	527750	527841	2
CP142610.1	527841	527884	1
CP142610.1	527884	528088	0
CP142610.1	528088	528110	1
CP142610.1	528110	528116	2
CP142610.1	528116	528136	3
CP142610.1	528136	528142	4
CP142610.1	528142	528143	3
CP142610.1	528143	528166	4
CP142610.1	528166	528192	3
CP142610.1	528192	528197	2
CP142610.1	528197	528207	3
CP142610.1	528207	528209	2
CP142610.1	528209	528236	3
CP142610.1	528236	528239	2
CP142610.1	528239	528241	1
CP142610.1	528241	528247	2
CP142610.1	528247	528281	1
CP142610.1	528281	528326	2
CP142610.1	528326	528359	3
CP142610.1	528359	528399	2
CP142610.1	528399	528451	1
CP142610.1	528451	528546	0
CP142610.1	528546	528548	1
CP142610.1	528548	528564	2
CP142610.1	528564	528574	3
CP142610.1	528574	528575	2
CP142610.1	528575	528612	3
CP142610.1	528612	528622	2
CP142610.1	528622	528625	1
CP142610.1	528625	528660	0
CP142610.1	528660	528731	1
CP142610.1	528731	528817	2
CP142610.1	528817	528838	3
CP142610.1	528838	528867	2
CP142610.1	528867	528929	1
CP142610.1	528929	529052	2
CP142610.1	529052	529143	1
CP142610.1	529143	529160	0
CP142610.1	529160	529173	1
CP142610.1	529173	529253	2
CP142610.1	529253	529342	1
CP142610.1	529342	529483	0
CP142610.1	529483	529528	1
CP142610.1	529528	529530	0
CP142610.1	529530	529531	1
CP142610.1	529531	529564	2
CP142610.1	529564	529587	3
CP142610.1	529587	529589	2
CP142610.1	529589	529625	3
CP142610.1	529625	529650	2
CP142610.1	529650	529675	1
CP142610.1	529675	529700	2
CP142610.1	529700	529703	1
CP142610.1	529703	529730	2
CP142610.1	529730	529916	1
CP142610.1	529916	530031	0
CP142610.1	530031	530105	1
CP142610.1	530105	530116	2
CP142610.1	530116	530169	1
CP142610.1	530169	530236	2
CP142610.1	530236	530270	1
CP142610.1	530270	530357	0
CP142610.1	530357	530383	1
CP142610.1	530383	530427	2
CP142610.1	530427	530456	3
CP142610.1	530456	530459	2
CP142610.1	530459	530577	3
CP142610.1	530577	530612	2
CP142610.1	530612	530661	3
CP142610.1	530661	530674	2
CP142610.1	530674	530780	1
CP142610.1	530780	530785	2
CP142610.1	530785	530790	1
CP142610.1	530790	530798	2
CP142610.1	530798	530823	3
CP142610.1	530823	530825	2
CP142610.1	530825	530842	3
CP142610.1	530842	530888	2
CP142610.1	530888	530890	1
CP142610.1	530890	531219	0
CP142610.1	531219	531270	1
CP142610.1	531270	531326	0
CP142610.1	531326	531416	1
CP142610.1	531416	531455	2
CP142610.1	531455	531463	1
CP142610.1	531463	531545	2
CP142610.1	531545	531715	3
CP142610.1	531715	531716	2
CP142610.1	531716	531722	3
CP142610.1	531722	531755	4
CP142610.1	531755	531778	3
CP142610.1	531778	531798	2
CP142610.1	531798	531877	3
CP142610.1	531877	531882	4
CP142610.1	531882	531976	3
CP142610.1	531976	531985	2
CP142610.1	531985	531995	1
CP142610.1	531995	531996	2
CP142610.1	531996	532026	1
CP142610.1	532026	532030	0
CP142610.1	532030	532039	1
CP142610.1	532039	532077	2
CP142610.1	532077	532078	1
CP142610.1	532078	532145	2
CP142610.1	532145	532299	0
CP142610.1	532299	532314	1
CP142610.1	532314	532373	2
CP142610.1	532373	532395	1
CP142610.1	532395	532408	0
CP142610.1	532408	532542	1
CP142610.1	532542	532620	2
CP142610.1	532620	532653	1
CP142610.1	532653	533066	0
CP142610.1	533066	533123	1
CP142610.1	533123	533169	0
CP142610.1	533169	533295	1
CP142610.1	533295	533788	0
CP142610.1	533788	533852	1
CP142610.1	533852	533928	2
CP142610.1	533928	533932	1
CP142610.1	533932	533950	2
CP142610.1	533950	533955	3
CP142610.1	533955	533957	2
CP142610.1	533957	533958	3
CP142610.1	533958	533961	2
CP142610.1	533961	533983	3
CP142610.1	533983	533984	2
CP142610.1	533984	534030	3
CP142610.1	534030	534035	2
CP142610.1	534035	534102	1
CP142610.1	534102	534128	2
CP142610.1	534128	534189	1
CP142610.1	534189	534208	2
CP142610.1	534208	534275	1
CP142610.1	534275	534305	2
CP142610.1	534305	534379	3
CP142610.1	534379	534381	2
CP142610.1	534381	534387	3
CP142610.1	534387	534390	1
CP142610.1	534390	534435	3
CP142610.1	534435	534450	2
CP142610.1	534450	534486	1
CP142610.1	534486	534545	0
CP142610.1	534545	534554	1
CP142610.1	534554	534555	0
CP142610.1	534555	534598	1
CP142610.1	534598	534601	0
CP142610.1	534601	534627	1
CP142610.1	534627	534660	2
CP142610.1	534660	534663	1
CP142610.1	534663	534700	2
CP142610.1	534700	534711	1
CP142610.1	534711	534731	0
CP142610.1	534731	534803	1
CP142610.1	534803	534829	0
CP142610.1	534829	535063	1
CP142610.1	535063	535064	0
CP142610.1	535064	535128	1
CP142610.1	535128	535156	2
CP142610.1	535156	535227	1
CP142610.1	535227	535245	2
CP142610.1	535245	535252	1
CP142610.1	535252	535274	2
CP142610.1	535274	535306	3
CP142610.1	535306	535315	2
CP142610.1	535315	535355	1
CP142610.1	535355	535414	0
CP142610.1	535414	535516	1
CP142610.1	535516	535568	0
CP142610.1	535568	535570	1
CP142610.1	535570	535636	2
CP142610.1	535636	535637	1
CP142610.1	535637	535669	2
CP142610.1	535669	535684	1
CP142610.1	535684	535685	0
CP142610.1	535685	535703	1
CP142610.1	535703	535758	2
CP142610.1	535758	535790	1
CP142610.1	535790	535811	2
CP142610.1	535811	535812	0
CP142610.1	535812	535832	1
CP142610.1	535832	535884	2
CP142610.1	535884	535885	1
CP142610.1	535885	535887	0
CP142610.1	535887	535979	2
CP142610.1	535979	535993	1
CP142610.1	535993	535995	2
CP142610.1	535995	536046	1
CP142610.1	536046	536047	0
CP142610.1	536047	536092	1
CP142610.1	536092	536104	2
CP142610.1	536104	536105	1
CP142610.1	536105	536121	2
CP142610.1	536121	536146	1
CP142610.1	536146	536165	0
CP142610.1	536165	536259	1
CP142610.1	536259	536287	2
CP142610.1	536287	536322	3
CP142610.1	536322	536369	2
CP142610.1	536369	536473	1
CP142610.1	536473	536535	0
CP142610.1	536535	536589	1
CP142610.1	536589	536590	0
CP142610.1	536590	536635	1
CP142610.1	536635	536697	0
CP142610.1	536697	536762	1
CP142610.1	536762	536914	0
CP142610.1	536914	537012	1
CP142610.1	537012	537038	2
CP142610.1	537038	537044	3
CP142610.1	537044	537045	2
CP142610.1	537045	537046	1
CP142610.1	537046	537090	2
CP142610.1	537090	537091	1
CP142610.1	537091	537162	2
CP142610.1	537162	537163	1
CP142610.1	537163	537219	2
CP142610.1	537219	537227	1
CP142610.1	537227	537228	0
CP142610.1	537228	537242	1
CP142610.1	537242	537395	0
CP142610.1	537395	537486	1
CP142610.1	537486	537495	2
CP142610.1	537495	537496	1
CP142610.1	537496	537561	2
CP142610.1	537561	537617	1
CP142610.1	537617	537659	0
CP142610.1	537659	537900	1
CP142610.1	537900	537954	0
CP142610.1	537954	538053	1
CP142610.1	538053	538202	0
CP142610.1	538202	538224	1
CP142610.1	538224	538228	0
CP142610.1	538228	538284	1
CP142610.1	538284	538285	2
CP142610.1	538285	538296	3
CP142610.1	538296	538323	2
CP142610.1	538323	538411	3
CP142610.1	538411	538416	2
CP142610.1	538416	538442	1
CP142610.1	538442	538502	2
CP142610.1	538502	538550	1
CP142610.1	538550	538565	2
CP142610.1	538565	538619	1
CP142610.1	538619	538670	0
CP142610.1	538670	538729	1
CP142610.1	538729	538871	0
CP142610.1	538871	538893	1
CP142610.1	538893	538908	0
CP142610.1	538908	539043	1
CP142610.1	539043	539044	0
CP142610.1	539044	539122	1
CP142610.1	539122	539127	0
CP142610.1	539127	539210	1
CP142610.1	539210	539314	0
CP142610.1	539314	539382	1
CP142610.1	539382	539757	0
CP142610.1	539757	539946	1
CP142610.1	539946	539979	2
CP142610.1	539979	540014	3
CP142610.1	540014	540068	2
CP142610.1	540068	540139	1
CP142610.1	540139	540190	0
CP142610.1	540190	540236	1
CP142610.1	540236	540313	2
CP142610.1	540313	540427	1
CP142610.1	540427	540506	2
CP142610.1	540506	540507	1
CP142610.1	540507	540521	2
CP142610.1	540521	540583	1
CP142610.1	540583	540604	2
CP142610.1	540604	540607	1
CP142610.1	540607	540617	3
CP142610.1	540617	540629	2
CP142610.1	540629	540632	0
CP142610.1	540632	540635	2
CP142610.1	540635	540683	3
CP142610.1	540683	540720	2
CP142610.1	540720	540721	0
CP142610.1	540721	540722	1
CP142610.1	540722	540771	2
CP142610.1	540771	540805	1
CP142610.1	540805	540830	0
CP142610.1	540830	540850	1
CP142610.1	540850	540887	2
CP142610.1	540887	540909	3
CP142610.1	540909	540912	2
CP142610.1	540912	540971	3
CP142610.1	540971	540975	2
CP142610.1	540975	540981	1
CP142610.1	540981	540989	2
CP142610.1	540989	540992	1
CP142610.1	540992	541037	2
CP142610.1	541037	541055	1
CP142610.1	541055	541073	0
CP142610.1	541073	541159	1
CP142610.1	541159	541223	2
CP142610.1	541223	541224	1
CP142610.1	541224	541254	2
CP142610.1	541254	541277	1
CP142610.1	541277	541350	2
CP142610.1	541350	541362	3
CP142610.1	541362	541384	2
CP142610.1	541384	541386	1
CP142610.1	541386	541392	2
CP142610.1	541392	541394	1
CP142610.1	541394	541447	2
CP142610.1	541447	541448	1
CP142610.1	541448	541501	2
CP142610.1	541501	541512	1
CP142610.1	541512	541513	0
CP142610.1	541513	541616	1
CP142610.1	541616	541675	2
CP142610.1	541675	541678	1
CP142610.1	541678	541710	2
CP142610.1	541710	541742	3
CP142610.1	541742	541776	2
CP142610.1	541776	541778	0
CP142610.1	541778	541844	2
CP142610.1	541844	541940	1
CP142610.1	541940	541941	2
CP142610.1	541941	541942	1
CP142610.1	541942	541963	2
CP142610.1	541963	542030	1
CP142610.1	542030	542065	2
CP142610.1	542065	542076	1
CP142610.1	542076	542180	2
CP142610.1	542180	542181	3
CP142610.1	542181	542195	2
CP142610.1	542195	542227	3
CP142610.1	542227	542246	2
CP142610.1	542246	542247	1
CP142610.1	542247	542272	0
CP142610.1	542272	542432	1
CP142610.1	542432	542435	2
CP142610.1	542435	542442	1
CP142610.1	542442	542461	2
CP142610.1	542461	542499	3
CP142610.1	542499	542508	4
CP142610.1	542508	542517	5
CP142610.1	542517	542558	4
CP142610.1	542558	542591	3
CP142610.1	542591	542635	2
CP142610.1	542635	542638	1
CP142610.1	542638	542652	2
CP142610.1	542652	542654	3
CP142610.1	542654	542715	2
CP142610.1	542715	542718	1
CP142610.1	542718	542775	0
CP142610.1	542775	542808	1
CP142610.1	542808	542837	2
CP142610.1	542837	542838	3
CP142610.1	542838	542881	4
CP142610.1	542881	542890	3
CP142610.1	542890	542891	2
CP142610.1	542891	542897	3
CP142610.1	542897	542912	4
CP142610.1	542912	542913	2
CP142610.1	542913	542925	4
CP142610.1	542925	542937	5
CP142610.1	542937	542965	4
CP142610.1	542965	542966	3
CP142610.1	542966	542993	2
CP142610.1	542993	542994	1
CP142610.1	542994	542997	2
CP142610.1	542997	543013	3
CP142610.1	543013	543014	2
CP142610.1	543014	543015	3
CP142610.1	543015	543039	4
CP142610.1	543039	543071	3
CP142610.1	543071	543132	2
CP142610.1	543132	543138	1
CP142610.1	543138	543147	0
CP142610.1	543147	543280	1
CP142610.1	543280	543305	2
CP142610.1	543305	543370	1
CP142610.1	543370	543417	2
CP142610.1	543417	543496	3
CP142610.1	543496	543561	2
CP142610.1	543561	543562	1
CP142610.1	543562	543606	2
CP142610.1	543606	543621	3
CP142610.1	543621	543622	2
CP142610.1	543622	543648	3
CP142610.1	543648	543670	4
CP142610.1	543670	543677	5
CP142610.1	543677	543678	4
CP142610.1	543678	543704	3
CP142610.1	543704	543712	2
CP142610.1	543712	543713	1
CP142610.1	543713	543823	2
CP142610.1	543823	543825	3
CP142610.1	543825	543826	2
CP142610.1	543826	543951	1
CP142610.1	543951	543976	0
CP142610.1	543976	544149	1
CP142610.1	544149	544253	2
CP142610.1	544253	544254	1
CP142610.1	544254	544265	2
CP142610.1	544265	544287	3
CP142610.1	544287	544288	2
CP142610.1	544288	544352	3
CP142610.1	544352	544372	2
CP142610.1	544372	544470	1
CP142610.1	544470	544482	2
CP142610.1	544482	544492	1
CP142610.1	544492	544493	0
CP142610.1	544493	544498	1
CP142610.1	544498	544554	2
CP142610.1	544554	544555	0
CP142610.1	544555	544572	2
CP142610.1	544572	544575	1
CP142610.1	544575	544592	2
CP142610.1	544592	544593	1
CP142610.1	544593	544612	2
CP142610.1	544612	544630	4
CP142610.1	544630	544680	3
CP142610.1	544680	544773	2
CP142610.1	544773	544937	1
CP142610.1	544937	544938	2
CP142610.1	544938	545061	1
CP142610.1	545061	545441	0
CP142610.1	545441	545517	1
CP142610.1	545517	545518	0
CP142610.1	545518	545560	1
CP142610.1	545560	545566	2
CP142610.1	545566	545568	1
CP142610.1	545568	545585	2
CP142610.1	545585	545733	1
CP142610.1	545733	545779	0
CP142610.1	545779	545830	1
CP142610.1	545830	545863	2
CP142610.1	545863	545864	1
CP142610.1	545864	545883	2
CP142610.1	545883	545979	1
CP142610.1	545979	546109	0
CP142610.1	546109	546181	1
CP142610.1	546181	546201	2
CP142610.1	546201	546212	3
CP142610.1	546212	546254	4
CP142610.1	546254	546292	3
CP142610.1	546292	546310	2
CP142610.1	546310	546401	1
CP142610.1	546401	546402	0
CP142610.1	546402	546455	1
CP142610.1	546455	546488	0
CP142610.1	546488	546758	1
CP142610.1	546758	546857	0
CP142610.1	546857	546999	1
CP142610.1	546999	547011	0
CP142610.1	547011	547037	1
CP142610.1	547037	547167	2
CP142610.1	547167	547196	1
CP142610.1	547196	547260	0
CP142610.1	547260	547378	1
CP142610.1	547378	547409	2
CP142610.1	547409	547410	1
CP142610.1	547410	547416	2
CP142610.1	547416	547417	1
CP142610.1	547417	547418	2
CP142610.1	547418	547458	3
CP142610.1	547458	547482	4
CP142610.1	547482	547498	3
CP142610.1	547498	547511	4
CP142610.1	547511	547540	3
CP142610.1	547540	547576	2
CP142610.1	547576	547650	3
CP142610.1	547650	547659	2
CP142610.1	547659	547687	3
CP142610.1	547687	547736	2
CP142610.1	547736	547737	1
CP142610.1	547737	547794	2
CP142610.1	547794	547819	1
CP142610.1	547819	547885	0
CP142610.1	547885	547939	1
CP142610.1	547939	547952	2
CP142610.1	547952	547980	1
CP142610.1	547980	548064	2
CP142610.1	548064	548074	1
CP142610.1	548074	548081	2
CP142610.1	548081	548083	1
CP142610.1	548083	548126	2
CP142610.1	548126	548161	1
CP142610.1	548161	548162	0
CP142610.1	548162	548492	1
CP142610.1	548492	548493	0
CP142610.1	548493	548512	1
CP142610.1	548512	548514	0
CP142610.1	548514	548670	1
CP142610.1	548670	548679	0
CP142610.1	548679	548783	1
CP142610.1	548783	548874	0
CP142610.1	548874	548929	1
CP142610.1	548929	549224	0
CP142610.1	549224	549348	1
CP142610.1	549348	549571	0
CP142610.1	549571	549620	1
CP142610.1	549620	549663	2
CP142610.1	549663	549754	3
CP142610.1	549754	549761	2
CP142610.1	549761	549788	1
CP142610.1	549788	549799	2
CP142610.1	549799	549894	1
CP142610.1	549894	549953	2
CP142610.1	549953	550046	1
CP142610.1	550046	550052	0
CP142610.1	550052	550123	1
CP142610.1	550123	550219	0
CP142610.1	550219	550281	1
CP142610.1	550281	550283	0
CP142610.1	550283	550285	1
CP142610.1	550285	550304	2
CP142610.1	550304	550306	1
CP142610.1	550306	550307	0
CP142610.1	550307	550477	1
CP142610.1	550477	550547	0
CP142610.1	550547	550593	1
CP142610.1	550593	550597	2
CP142610.1	550597	550624	3
CP142610.1	550624	550629	2
CP142610.1	550629	550632	0
CP142610.1	550632	550636	1
CP142610.1	550636	550640	0
CP142610.1	550640	550702	1
CP142610.1	550702	550785	0
CP142610.1	550785	550889	1
CP142610.1	550889	550916	2
CP142610.1	550916	550995	1
CP142610.1	550995	551011	2
CP142610.1	551011	551057	3
CP142610.1	551057	551073	2
CP142610.1	551073	551081	3
CP142610.1	551081	551105	2
CP142610.1	551105	551111	1
CP142610.1	551111	551136	2
CP142610.1	551136	551315	1
CP142610.1	551315	551318	2
CP142610.1	551318	551322	1
CP142610.1	551322	551361	2
CP142610.1	551361	551362	1
CP142610.1	551362	551377	2
CP142610.1	551377	551406	3
CP142610.1	551406	551407	2
CP142610.1	551407	551443	3
CP142610.1	551443	551452	0
CP142610.1	551452	551481	4
CP142610.1	551481	551600	3
CP142610.1	551600	551692	2
CP142610.1	551692	551702	3
CP142610.1	551702	551729	4
CP142610.1	551729	551730	3
CP142610.1	551730	551737	4
CP142610.1	551737	551742	5
CP142610.1	551742	551772	4
CP142610.1	551772	551776	3
CP142610.1	551776	551779	4
CP142610.1	551779	551802	5
CP142610.1	551802	551804	6
CP142610.1	551804	551833	5
CP142610.1	551833	551840	3
CP142610.1	551840	551842	2
CP142610.1	551842	551845	0
CP142610.1	551845	551847	1
CP142610.1	551847	551862	3
CP142610.1	551862	551892	2
CP142610.1	551892	551974	1
CP142610.1	551974	552016	2
CP142610.1	552016	552050	1
CP142610.1	552050	552071	2
CP142610.1	552071	552072	0
CP142610.1	552072	552114	1
CP142610.1	552114	552174	0
CP142610.1	552174	552219	1
CP142610.1	552219	552220	0
CP142610.1	552220	552276	1
CP142610.1	552276	552283	0
CP142610.1	552283	552327	1
CP142610.1	552327	552395	2
CP142610.1	552395	552458	1
CP142610.1	552458	552555	0
CP142610.1	552555	552599	1
CP142610.1	552599	552815	0
CP142610.1	552815	552889	1
CP142610.1	552889	552949	0
CP142610.1	552949	552963	1
CP142610.1	552963	552964	0
CP142610.1	552964	553027	1
CP142610.1	553027	553314	0
CP142610.1	553314	553431	1
CP142610.1	553431	553550	2
CP142610.1	553550	553640	1
CP142610.1	553640	553717	2
CP142610.1	553717	553748	3
CP142610.1	553748	553749	2
CP142610.1	553749	553760	3
CP142610.1	553760	553780	2
CP142610.1	553780	553856	1
CP142610.1	553856	553945	0
CP142610.1	553945	554048	1
CP142610.1	554048	554135	0
CP142610.1	554135	554194	1
CP142610.1	554194	554196	0
CP142610.1	554196	554234	1
CP142610.1	554234	554283	0
CP142610.1	554283	554365	1
CP142610.1	554365	554508	0
CP142610.1	554508	554610	1
CP142610.1	554610	554616	2
CP142610.1	554616	554649	3
CP142610.1	554649	554683	2
CP142610.1	554683	554684	1
CP142610.1	554684	554696	2
CP142610.1	554696	554727	3
CP142610.1	554727	554797	2
CP142610.1	554797	554835	3
CP142610.1	554835	554859	2
CP142610.1	554859	554860	1
CP142610.1	554860	554919	2
CP142610.1	554919	554927	3
CP142610.1	554927	554930	1
CP142610.1	554930	554948	3
CP142610.1	554948	555051	2
CP142610.1	555051	555091	3
CP142610.1	555091	555118	2
CP142610.1	555118	555176	1
CP142610.1	555176	555214	0
CP142610.1	555214	555458	1
CP142610.1	555458	555471	2
CP142610.1	555471	555514	3
CP142610.1	555514	555606	2
CP142610.1	555606	555641	1
CP142610.1	555641	555642	0
CP142610.1	555642	555647	1
CP142610.1	555647	555700	0
CP142610.1	555700	555705	1
CP142610.1	555705	555724	2
CP142610.1	555724	555725	1
CP142610.1	555725	555775	2
CP142610.1	555775	555801	1
CP142610.1	555801	555807	0
CP142610.1	555807	555851	1
CP142610.1	555851	555882	2
CP142610.1	555882	555902	1
CP142610.1	555902	555911	0
CP142610.1	555911	555914	1
CP142610.1	555914	555915	0
CP142610.1	555915	555942	1
CP142610.1	555942	556001	0
CP142610.1	556001	556059	1
CP142610.1	556059	556066	0
CP142610.1	556066	556146	1
CP142610.1	556146	556148	0
CP142610.1	556148	556194	1
CP142610.1	556194	556234	2
CP142610.1	556234	556369	1
CP142610.1	556369	556758	0
CP142610.1	556758	556784	1
CP142610.1	556784	556788	0
CP142610.1	556788	556813	1
CP142610.1	556813	556843	2
CP142610.1	556843	556921	3
CP142610.1	556921	556975	2
CP142610.1	556975	557085	1
CP142610.1	557085	557160	3
CP142610.1	557160	557183	2
CP142610.1	557183	557191	1
CP142610.1	557191	557227	2
CP142610.1	557227	557334	1
CP142610.1	557334	557335	0
CP142610.1	557335	557336	1
CP142610.1	557336	557455	2
CP142610.1	557455	557471	1
CP142610.1	557471	557489	2
CP142610.1	557489	557534	1
CP142610.1	557534	557565	2
CP142610.1	557565	557605	3
CP142610.1	557605	557638	2
CP142610.1	557638	557686	1
CP142610.1	557686	557712	2
CP142610.1	557712	557715	1
CP142610.1	557715	557724	2
CP142610.1	557724	557731	1
CP142610.1	557731	557732	0
CP142610.1	557732	557783	1
CP142610.1	557783	557784	0
CP142610.1	557784	557836	1
CP142610.1	557836	557837	0
CP142610.1	557837	557847	1
CP142610.1	557847	557894	2
CP142610.1	557894	558009	1
CP142610.1	558009	558012	0
CP142610.1	558012	558051	1
CP142610.1	558051	558053	0
CP142610.1	558053	558113	1
CP142610.1	558113	558155	0
CP142610.1	558155	558211	1
CP142610.1	558211	558294	2
CP142610.1	558294	558387	1
CP142610.1	558387	558513	0
CP142610.1	558513	558672	1
CP142610.1	558672	558677	2
CP142610.1	558677	558678	1
CP142610.1	558678	558724	2
CP142610.1	558724	558740	1
CP142610.1	558740	558799	2
CP142610.1	558799	558802	1
CP142610.1	558802	558855	2
CP142610.1	558855	558903	1
CP142610.1	558903	558911	0
CP142610.1	558911	558993	1
CP142610.1	558993	559056	0
CP142610.1	559056	559175	1
CP142610.1	559175	559176	0
CP142610.1	559176	559208	1
CP142610.1	559208	559222	2
CP142610.1	559222	559277	1
CP142610.1	559277	559290	2
CP142610.1	559290	559291	1
CP142610.1	559291	559295	2
CP142610.1	559295	559296	1
CP142610.1	559296	559334	2
CP142610.1	559334	559393	1
CP142610.1	559393	559484	0
CP142610.1	559484	559496	1
CP142610.1	559496	559501	0
CP142610.1	559501	559634	1
CP142610.1	559634	559649	0
CP142610.1	559649	559684	1
CP142610.1	559684	559685	0
CP142610.1	559685	559759	1
CP142610.1	559759	559793	2
CP142610.1	559793	559853	1
CP142610.1	559853	559931	0
CP142610.1	559931	559940	1
CP142610.1	559940	559999	2
CP142610.1	559999	560088	1
CP142610.1	560088	560410	0
CP142610.1	560410	560539	1
CP142610.1	560539	560637	0
CP142610.1	560637	560668	1
CP142610.1	560668	560676	0
CP142610.1	560676	560793	1
CP142610.1	560793	560829	2
CP142610.1	560829	560872	1
CP142610.1	560872	561003	0
CP142610.1	561003	561044	1
CP142610.1	561044	561061	2
CP142610.1	561061	561067	1
CP142610.1	561067	561121	2
CP142610.1	561121	561187	1
CP142610.1	561187	561276	0
CP142610.1	561276	561339	1
CP142610.1	561339	561340	0
CP142610.1	561340	561373	1
CP142610.1	561373	561390	2
CP142610.1	561390	561416	1
CP142610.1	561416	561542	2
CP142610.1	561542	561643	1
CP142610.1	561643	561650	0
CP142610.1	561650	561719	1
CP142610.1	561719	562015	0
CP142610.1	562015	562066	1
CP142610.1	562066	562176	2
CP142610.1	562176	562236	1
CP142610.1	562236	562288	0
CP142610.1	562288	562327	1
CP142610.1	562327	562486	0
CP142610.1	562486	562523	1
CP142610.1	562523	562527	0
CP142610.1	562527	562559	1
CP142610.1	562559	562562	0
CP142610.1	562562	562595	1
CP142610.1	562595	562615	0
CP142610.1	562615	562650	1
CP142610.1	562650	562659	2
CP142610.1	562659	562660	1
CP142610.1	562660	562696	2
CP142610.1	562696	562697	3
CP142610.1	562697	562698	2
CP142610.1	562698	562728	3
CP142610.1	562728	562730	0
CP142610.1	562730	562731	2
CP142610.1	562731	562791	3
CP142610.1	562791	562797	2
CP142610.1	562797	562798	1
CP142610.1	562798	562819	2
CP142610.1	562819	562825	1
CP142610.1	562825	562826	0
CP142610.1	562826	562865	1
CP142610.1	562865	562890	2
CP142610.1	562890	562891	1
CP142610.1	562891	562913	2
CP142610.1	562913	563077	1
CP142610.1	563077	563552	0
CP142610.1	563552	563631	1
CP142610.1	563631	563706	0
CP142610.1	563706	563725	1
CP142610.1	563725	563726	0
CP142610.1	563726	563737	1
CP142610.1	563737	563761	2
CP142610.1	563761	563762	1
CP142610.1	563762	563791	2
CP142610.1	563791	563832	1
CP142610.1	563832	563922	0
CP142610.1	563922	563944	1
CP142610.1	563944	563948	0
CP142610.1	563948	563992	1
CP142610.1	563992	563993	0
CP142610.1	563993	564025	1
CP142610.1	564025	564095	0
CP142610.1	564095	564104	1
CP142610.1	564104	564106	0
CP142610.1	564106	564162	1
CP142610.1	564162	564289	0
CP142610.1	564289	564346	1
CP142610.1	564346	564347	0
CP142610.1	564347	564350	1
CP142610.1	564350	564367	0
CP142610.1	564367	564382	1
CP142610.1	564382	564407	2
CP142610.1	564407	564408	1
CP142610.1	564408	564421	2
CP142610.1	564421	564422	1
CP142610.1	564422	564437	2
CP142610.1	564437	564582	1
CP142610.1	564582	564592	0
CP142610.1	564592	564642	1
CP142610.1	564642	564643	0
CP142610.1	564643	564794	1
CP142610.1	564794	564798	2
CP142610.1	564798	564858	3
CP142610.1	564858	564879	2
CP142610.1	564879	564908	3
CP142610.1	564908	564910	2
CP142610.1	564910	564975	3
CP142610.1	564975	564978	2
CP142610.1	564978	564982	3
CP142610.1	564982	564985	2
CP142610.1	564985	564989	3
CP142610.1	564989	564990	2
CP142610.1	564990	564992	3
CP142610.1	564992	564993	2
CP142610.1	564993	565015	3
CP142610.1	565015	565023	2
CP142610.1	565023	565041	1
CP142610.1	565041	565244	2
CP142610.1	565244	565352	1
CP142610.1	565352	565455	0
CP142610.1	565455	565463	1
CP142610.1	565463	565486	2
CP142610.1	565486	565488	1
CP142610.1	565488	565489	2
CP142610.1	565489	565491	1
CP142610.1	565491	565510	2
CP142610.1	565510	565516	3
CP142610.1	565516	565557	2
CP142610.1	565557	565562	1
CP142610.1	565562	565724	2
CP142610.1	565724	565728	1
CP142610.1	565728	565773	0
CP142610.1	565773	565821	1
CP142610.1	565821	565892	2
CP142610.1	565892	566009	3
CP142610.1	566009	566026	2
CP142610.1	566026	566037	1
CP142610.1	566037	566224	0
CP142610.1	566224	566332	1
CP142610.1	566332	566334	0
CP142610.1	566334	566347	1
CP142610.1	566347	566388	2
CP142610.1	566388	566445	1
CP142610.1	566445	566935	0
CP142610.1	566935	567009	1
CP142610.1	567009	567011	0
CP142610.1	567011	567016	1
CP142610.1	567016	567035	2
CP142610.1	567035	567036	0
CP142610.1	567036	567067	2
CP142610.1	567067	567068	0
CP142610.1	567068	567071	2
CP142610.1	567071	567072	0
CP142610.1	567072	567116	2
CP142610.1	567116	567119	1
CP142610.1	567119	567160	2
CP142610.1	567160	567223	1
CP142610.1	567223	567239	0
CP142610.1	567239	567318	1
CP142610.1	567318	567496	0
CP142610.1	567496	567606	1
CP142610.1	567606	567696	0
CP142610.1	567696	567740	1
CP142610.1	567740	567775	2
CP142610.1	567775	567796	3
CP142610.1	567796	567827	2
CP142610.1	567827	567844	1
CP142610.1	567844	567858	0
CP142610.1	567858	567932	1
CP142610.1	567932	567999	2
CP142610.1	567999	568073	3
CP142610.1	568073	568090	2
CP142610.1	568090	568147	3
CP142610.1	568147	568166	4
CP142610.1	568166	568176	3
CP142610.1	568176	568204	4
CP142610.1	568204	568219	5
CP142610.1	568219	568239	4
CP142610.1	568239	568283	3
CP142610.1	568283	568351	2
CP142610.1	568351	568401	1
CP142610.1	568401	568787	0
CP142610.1	568787	568831	1
CP142610.1	568831	568834	0
CP142610.1	568834	568853	1
CP142610.1	568853	568854	0
CP142610.1	568854	568962	1
CP142610.1	568962	569021	2
CP142610.1	569021	569328	1
CP142610.1	569328	569420	0
CP142610.1	569420	569452	1
CP142610.1	569452	569453	0
CP142610.1	569453	569454	1
CP142610.1	569454	569498	2
CP142610.1	569498	569528	3
CP142610.1	569528	569536	2
CP142610.1	569536	569539	3
CP142610.1	569539	569540	2
CP142610.1	569540	569566	3
CP142610.1	569566	569567	2
CP142610.1	569567	569586	3
CP142610.1	569586	569602	2
CP142610.1	569602	569614	3
CP142610.1	569614	569615	2
CP142610.1	569615	569628	3
CP142610.1	569628	569646	2
CP142610.1	569646	569662	1
CP142610.1	569662	569690	2
CP142610.1	569690	569722	1
CP142610.1	569722	570068	0
CP142610.1	570068	570146	1
CP142610.1	570146	570150	2
CP142610.1	570150	570166	3
CP142610.1	570166	570167	2
CP142610.1	570167	570183	3
CP142610.1	570183	570246	4
CP142610.1	570246	570288	3
CP142610.1	570288	570310	2
CP142610.1	570310	570352	1
CP142610.1	570352	570395	2
CP142610.1	570395	570450	3
CP142610.1	570450	570474	4
CP142610.1	570474	570475	2
CP142610.1	570475	570476	3
CP142610.1	570476	570482	4
CP142610.1	570482	570483	3
CP142610.1	570483	570508	4
CP142610.1	570508	570515	3
CP142610.1	570515	570535	2
CP142610.1	570535	570548	3
CP142610.1	570548	570549	0
CP142610.1	570549	570575	3
CP142610.1	570575	570601	2
CP142610.1	570601	570602	1
CP142610.1	570602	570658	2
CP142610.1	570658	570706	1
CP142610.1	570706	570723	2
CP142610.1	570723	570727	1
CP142610.1	570727	570740	2
CP142610.1	570740	570783	3
CP142610.1	570783	570809	2
CP142610.1	570809	570818	1
CP142610.1	570818	570820	0
CP142610.1	570820	570907	1
CP142610.1	570907	570948	2
CP142610.1	570948	570960	3
CP142610.1	570960	570961	2
CP142610.1	570961	570968	3
CP142610.1	570968	570969	2
CP142610.1	570969	570972	3
CP142610.1	570972	570975	2
CP142610.1	570975	570986	3
CP142610.1	570986	571032	2
CP142610.1	571032	571084	3
CP142610.1	571084	571158	2
CP142610.1	571158	571165	1
CP142610.1	571165	571293	0
CP142610.1	571293	571316	1
CP142610.1	571316	571317	0
CP142610.1	571317	571331	1
CP142610.1	571331	571335	0
CP142610.1	571335	571410	1
CP142610.1	571410	571433	2
CP142610.1	571433	571434	0
CP142610.1	571434	571464	2
CP142610.1	571464	571489	1
CP142610.1	571489	571495	0
CP142610.1	571495	571537	1
CP142610.1	571537	571720	0
CP142610.1	571720	571768	1
CP142610.1	571768	571769	0
CP142610.1	571769	571844	1
CP142610.1	571844	571847	0
CP142610.1	571847	571894	1
CP142610.1	571894	571895	0
CP142610.1	571895	572029	1
CP142610.1	572029	572073	0
CP142610.1	572073	572103	1
CP142610.1	572103	572105	2
CP142610.1	572105	572131	3
CP142610.1	572131	572135	4
CP142610.1	572135	572138	3
CP142610.1	572138	572142	4
CP142610.1	572142	572143	3
CP142610.1	572143	572155	4
CP142610.1	572155	572160	3
CP142610.1	572160	572216	4
CP142610.1	572216	572226	3
CP142610.1	572226	572231	2
CP142610.1	572231	572233	3
CP142610.1	572233	572237	2
CP142610.1	572237	572239	1
CP142610.1	572239	572249	2
CP142610.1	572249	572260	1
CP142610.1	572260	572264	0
CP142610.1	572264	572306	1
CP142610.1	572306	572323	0
CP142610.1	572323	572414	1
CP142610.1	572414	572485	2
CP142610.1	572485	572486	1
CP142610.1	572486	572513	2
CP142610.1	572513	572514	1
CP142610.1	572514	572558	2
CP142610.1	572558	572561	1
CP142610.1	572561	572612	2
CP142610.1	572612	572685	1
CP142610.1	572685	572751	0
CP142610.1	572751	572787	1
CP142610.1	572787	572788	0
CP142610.1	572788	572821	1
CP142610.1	572821	572823	0
CP142610.1	572823	572858	1
CP142610.1	572858	572892	2
CP142610.1	572892	572903	1
CP142610.1	572903	572995	0
CP142610.1	572995	573055	1
CP142610.1	573055	573086	2
CP142610.1	573086	573116	1
CP142610.1	573116	573161	2
CP142610.1	573161	573163	1
CP142610.1	573163	573184	2
CP142610.1	573184	573339	1
CP142610.1	573339	573387	0
CP142610.1	573387	573428	1
CP142610.1	573428	573520	2
CP142610.1	573520	573576	1
CP142610.1	573576	573608	2
CP142610.1	573608	573652	1
CP142610.1	573652	573667	0
CP142610.1	573667	573769	1
CP142610.1	573769	573770	0
CP142610.1	573770	573783	1
CP142610.1	573783	573787	0
CP142610.1	573787	573800	1
CP142610.1	573800	573802	0
CP142610.1	573802	573803	1
CP142610.1	573803	573822	2
CP142610.1	573822	573829	3
CP142610.1	573829	573849	2
CP142610.1	573849	573893	3
CP142610.1	573893	573915	2
CP142610.1	573915	573918	1
CP142610.1	573918	573934	2
CP142610.1	573934	573944	3
CP142610.1	573944	573945	2
CP142610.1	573945	573970	3
CP142610.1	573970	573999	2
CP142610.1	573999	574036	1
CP142610.1	574036	574139	0
CP142610.1	574139	574176	1
CP142610.1	574176	574178	0
CP142610.1	574178	574201	1
CP142610.1	574201	574255	0
CP142610.1	574255	574387	1
CP142610.1	574387	574390	0
CP142610.1	574390	574493	1
CP142610.1	574493	574607	0
CP142610.1	574607	574613	1
CP142610.1	574613	574683	2
CP142610.1	574683	574760	1
CP142610.1	574760	574763	0
CP142610.1	574763	574780	1
CP142610.1	574780	574783	0
CP142610.1	574783	574900	1
CP142610.1	574900	574915	0
CP142610.1	574915	574957	1
CP142610.1	574957	575004	0
CP142610.1	575004	575062	1
CP142610.1	575062	575148	0
CP142610.1	575148	575149	1
CP142610.1	575149	575163	2
CP142610.1	575163	575182	3
CP142610.1	575182	575183	2
CP142610.1	575183	575231	3
CP142610.1	575231	575232	2
CP142610.1	575232	575296	3
CP142610.1	575296	575394	2
CP142610.1	575394	575406	3
CP142610.1	575406	575437	2
CP142610.1	575437	575453	1
CP142610.1	575453	575496	2
CP142610.1	575496	575497	1
CP142610.1	575497	575529	2
CP142610.1	575529	575530	1
CP142610.1	575530	575613	2
CP142610.1	575613	575738	1
CP142610.1	575738	576027	0
CP142610.1	576027	576042	1
CP142610.1	576042	576047	2
CP142610.1	576047	576050	1
CP142610.1	576050	576101	2
CP142610.1	576101	576102	1
CP142610.1	576102	576103	0
CP142610.1	576103	576187	1
CP142610.1	576187	576193	2
CP142610.1	576193	576258	4
CP142610.1	576258	576260	3
CP142610.1	576260	576269	4
CP142610.1	576269	576272	5
CP142610.1	576272	576273	4
CP142610.1	576273	576280	3
CP142610.1	576280	576281	2
CP142610.1	576281	576285	3
CP142610.1	576285	576328	2
CP142610.1	576328	576357	3
CP142610.1	576357	576407	2
CP142610.1	576407	576471	3
CP142610.1	576471	576494	2
CP142610.1	576494	576518	1
CP142610.1	576518	576557	2
CP142610.1	576557	576601	3
CP142610.1	576601	576609	2
CP142610.1	576609	576675	1
CP142610.1	576675	576830	0
CP142610.1	576830	576959	1
CP142610.1	576959	577120	0
CP142610.1	577120	577157	1
CP142610.1	577157	577178	2
CP142610.1	577178	577265	3
CP142610.1	577265	577307	2
CP142610.1	577307	577318	3
CP142610.1	577318	577323	2
CP142610.1	577323	577324	1
CP142610.1	577324	577350	2
CP142610.1	577350	577374	3
CP142610.1	577374	577375	2
CP142610.1	577375	577376	3
CP142610.1	577376	577392	4
CP142610.1	577392	577393	3
CP142610.1	577393	577400	4
CP142610.1	577400	577401	5
CP142610.1	577401	577433	4
CP142610.1	577433	577440	3
CP142610.1	577440	577449	4
CP142610.1	577449	577453	5
CP142610.1	577453	577483	4
CP142610.1	577483	577557	3
CP142610.1	577557	577584	2
CP142610.1	577584	577585	1
CP142610.1	577585	577590	2
CP142610.1	577590	577653	1
CP142610.1	577653	577663	2
CP142610.1	577663	577666	1
CP142610.1	577666	577743	2
CP142610.1	577743	577787	1
CP142610.1	577787	577945	0
CP142610.1	577945	577995	1
CP142610.1	577995	578182	2
CP142610.1	578182	578196	0
CP142610.1	578196	578220	2
CP142610.1	578220	578256	1
CP142610.1	578256	578270	2
CP142610.1	578270	578274	0
CP142610.1	578274	578284	2
CP142610.1	578284	578298	3
CP142610.1	578298	578299	2
CP142610.1	578299	578345	3
CP142610.1	578345	578394	4
CP142610.1	578394	578397	3
CP142610.1	578397	578410	2
CP142610.1	578410	578454	3
CP142610.1	578454	578455	2
CP142610.1	578455	578475	3
CP142610.1	578475	578476	2
CP142610.1	578476	578521	3
CP142610.1	578521	578561	2
CP142610.1	578561	578580	0
CP142610.1	578580	578616	1
CP142610.1	578616	578699	2
CP142610.1	578699	578700	1
CP142610.1	578700	578756	2
CP142610.1	578756	578786	3
CP142610.1	578786	578846	2
CP142610.1	578846	578852	1
CP142610.1	578852	578956	2
CP142610.1	578956	579248	1
CP142610.1	579248	579293	2
CP142610.1	579293	579324	3
CP142610.1	579324	579395	2
CP142610.1	579395	579398	1
CP142610.1	579398	579432	2
CP142610.1	579432	579443	3
CP142610.1	579443	579453	2
CP142610.1	579453	579471	1
CP142610.1	579471	579489	0
CP142610.1	579489	579622	1
CP142610.1	579622	579627	2
CP142610.1	579627	579652	3
CP142610.1	579652	579654	2
CP142610.1	579654	579660	1
CP142610.1	579660	579675	2
CP142610.1	579675	579677	1
CP142610.1	579677	579707	3
CP142610.1	579707	579750	2
CP142610.1	579750	579783	1
CP142610.1	579783	579821	2
CP142610.1	579821	579824	1
CP142610.1	579824	579862	2
CP142610.1	579862	579981	1
CP142610.1	579981	580017	0
CP142610.1	580017	580101	1
CP142610.1	580101	580131	0
CP142610.1	580131	580249	1
CP142610.1	580249	580315	0
CP142610.1	580315	580431	1
CP142610.1	580431	580498	0
CP142610.1	580498	580597	1
CP142610.1	580597	580607	2
CP142610.1	580607	580609	1
CP142610.1	580609	580650	2
CP142610.1	580650	580663	1
CP142610.1	580663	580664	0
CP142610.1	580664	580695	1
CP142610.1	580695	580746	0
CP142610.1	580746	580811	1
CP142610.1	580811	580844	0
CP142610.1	580844	581047	1
CP142610.1	581047	581070	2
CP142610.1	581070	581074	3
CP142610.1	581074	581108	2
CP142610.1	581108	581267	1
CP142610.1	581267	581330	0
CP142610.1	581330	581375	1
CP142610.1	581375	581439	2
CP142610.1	581439	581440	1
CP142610.1	581440	581452	2
CP142610.1	581452	581499	3
CP142610.1	581499	581554	2
CP142610.1	581554	581567	1
CP142610.1	581567	581879	0
CP142610.1	581879	581994	1
CP142610.1	581994	582091	0
CP142610.1	582091	582115	1
CP142610.1	582115	582131	2
CP142610.1	582131	582164	3
CP142610.1	582164	582169	2
CP142610.1	582169	582180	3
CP142610.1	582180	582190	2
CP142610.1	582190	582191	1
CP142610.1	582191	582218	2
CP142610.1	582218	582282	1
CP142610.1	582282	582301	0
CP142610.1	582301	582384	1
CP142610.1	582384	582516	0
CP142610.1	582516	582566	1
CP142610.1	582566	582626	2
CP142610.1	582626	582627	1
CP142610.1	582627	582639	2
CP142610.1	582639	582658	3
CP142610.1	582658	582668	2
CP142610.1	582668	582673	1
CP142610.1	582673	582691	2
CP142610.1	582691	582693	1
CP142610.1	582693	582717	2
CP142610.1	582717	582843	1
CP142610.1	582843	582911	2
CP142610.1	582911	582946	1
CP142610.1	582946	583000	0
CP142610.1	583000	583005	1
CP142610.1	583005	583390	2
CP142610.1	583390	583455	1
CP142610.1	583455	583457	2
CP142610.1	583457	583580	1
CP142610.1	583580	583726	0
CP142610.1	583726	583747	1
CP142610.1	583747	583803	2
CP142610.1	583803	583972	1
CP142610.1	583972	584007	0
CP142610.1	584007	584114	1
CP142610.1	584114	584115	0
CP142610.1	584115	584150	1
CP142610.1	584150	584266	0
CP142610.1	584266	584316	1
CP142610.1	584316	584317	2
CP142610.1	584317	584343	3
CP142610.1	584343	584350	2
CP142610.1	584350	584375	3
CP142610.1	584375	584394	2
CP142610.1	584394	584469	1
CP142610.1	584469	584488	2
CP142610.1	584488	584505	1
CP142610.1	584505	584595	2
CP142610.1	584595	584626	1
CP142610.1	584626	584646	2
CP142610.1	584646	584648	1
CP142610.1	584648	584663	2
CP142610.1	584663	584667	1
CP142610.1	584667	584719	2
CP142610.1	584719	584728	1
CP142610.1	584728	584756	0
CP142610.1	584756	584815	1
CP142610.1	584815	584840	2
CP142610.1	584840	584848	1
CP142610.1	584848	584861	0
CP142610.1	584861	584922	1
CP142610.1	584922	584954	2
CP142610.1	584954	584960	1
CP142610.1	584960	584961	0
CP142610.1	584961	585058	1
CP142610.1	585058	585114	0
CP142610.1	585114	585144	1
CP142610.1	585144	585145	0
CP142610.1	585145	585251	1
CP142610.1	585251	585253	0
CP142610.1	585253	585287	1
CP142610.1	585287	585374	2
CP142610.1	585374	585411	1
CP142610.1	585411	585800	0
CP142610.1	585800	585803	1
CP142610.1	585803	585868	2
CP142610.1	585868	585895	1
CP142610.1	585895	585922	2
CP142610.1	585922	585946	1
CP142610.1	585946	585947	2
CP142610.1	585947	586096	1
CP142610.1	586096	586098	0
CP142610.1	586098	586153	1
CP142610.1	586153	586206	2
CP142610.1	586206	586248	1
CP142610.1	586248	586480	0
CP142610.1	586480	586535	1
CP142610.1	586535	586542	2
CP142610.1	586542	586610	1
CP142610.1	586610	586621	2
CP142610.1	586621	586627	1
CP142610.1	586627	586640	2
CP142610.1	586640	586642	1
CP142610.1	586642	586659	2
CP142610.1	586659	586715	3
CP142610.1	586715	586798	2
CP142610.1	586798	586827	1
CP142610.1	586827	586909	2
CP142610.1	586909	586915	3
CP142610.1	586915	586922	2
CP142610.1	586922	586967	1
CP142610.1	586967	586971	0
CP142610.1	586971	587089	1
CP142610.1	587089	587090	0
CP142610.1	587090	587097	1
CP142610.1	587097	587100	2
CP142610.1	587100	587112	3
CP142610.1	587112	587141	4
CP142610.1	587141	587144	3
CP142610.1	587144	587146	4
CP142610.1	587146	587181	3
CP142610.1	587181	587260	1
CP142610.1	587260	587335	0
CP142610.1	587335	587415	1
CP142610.1	587415	587450	2
CP142610.1	587450	587504	3
CP142610.1	587504	587563	2
CP142610.1	587563	587625	1
CP142610.1	587625	587680	2
CP142610.1	587680	587745	1
CP142610.1	587745	587807	0
CP142610.1	587807	587974	1
CP142610.1	587974	587975	0
CP142610.1	587975	587984	1
CP142610.1	587984	587995	0
CP142610.1	587995	588050	1
CP142610.1	588050	588054	2
CP142610.1	588054	588071	4
CP142610.1	588071	588081	3
CP142610.1	588081	588082	2
CP142610.1	588082	588206	3
CP142610.1	588206	588233	2
CP142610.1	588233	588250	3
CP142610.1	588250	588252	2
CP142610.1	588252	588276	3
CP142610.1	588276	588291	2
CP142610.1	588291	588297	1
CP142610.1	588297	588401	2
CP142610.1	588401	588411	1
CP142610.1	588411	588443	2
CP142610.1	588443	588444	3
CP142610.1	588444	588445	2
CP142610.1	588445	588477	3
CP142610.1	588477	588524	2
CP142610.1	588524	588556	3
CP142610.1	588556	588573	2
CP142610.1	588573	588592	1
CP142610.1	588592	588812	0
CP142610.1	588812	588823	1
CP142610.1	588823	588868	2
CP142610.1	588868	588871	1
CP142610.1	588871	588979	2
CP142610.1	588979	588980	1
CP142610.1	588980	588986	2
CP142610.1	588986	589004	3
CP142610.1	589004	589034	2
CP142610.1	589034	589035	1
CP142610.1	589035	589042	2
CP142610.1	589042	589086	3
CP142610.1	589086	589092	2
CP142610.1	589092	589093	1
CP142610.1	589093	589096	2
CP142610.1	589096	589212	1
CP142610.1	589212	589222	0
CP142610.1	589222	589314	1
CP142610.1	589314	589390	0
CP142610.1	589390	589408	1
CP142610.1	589408	589419	2
CP142610.1	589419	589420	1
CP142610.1	589420	589456	3
CP142610.1	589456	589457	2
CP142610.1	589457	589463	3
CP142610.1	589463	589466	2
CP142610.1	589466	589480	3
CP142610.1	589480	589491	2
CP142610.1	589491	589522	1
CP142610.1	589522	589529	2
CP142610.1	589529	589534	1
CP142610.1	589534	589590	2
CP142610.1	589590	589591	3
CP142610.1	589591	589638	2
CP142610.1	589638	589656	3
CP142610.1	589656	589717	2
CP142610.1	589717	589795	1
CP142610.1	589795	589812	2
CP142610.1	589812	589902	1
CP142610.1	589902	589904	2
CP142610.1	589904	589909	3
CP142610.1	589909	589919	2
CP142610.1	589919	589920	1
CP142610.1	589920	589931	2
CP142610.1	589931	589933	1
CP142610.1	589933	589947	2
CP142610.1	589947	589948	1
CP142610.1	589948	589972	2
CP142610.1	589972	590054	1
CP142610.1	590054	590085	2
CP142610.1	590085	590096	3
CP142610.1	590096	590128	2
CP142610.1	590128	590146	1
CP142610.1	590146	590147	2
CP142610.1	590147	590150	1
CP142610.1	590150	590181	2
CP142610.1	590181	590196	1
CP142610.1	590196	590279	0
CP142610.1	590279	590367	1
CP142610.1	590367	590536	0
CP142610.1	590536	590544	1
CP142610.1	590544	590618	2
CP142610.1	590618	590619	1
CP142610.1	590619	590658	2
CP142610.1	590658	590661	0
CP142610.1	590661	590692	2
CP142610.1	590692	590693	1
CP142610.1	590693	590737	2
CP142610.1	590737	590738	1
CP142610.1	590738	590744	2
CP142610.1	590744	590745	1
CP142610.1	590745	590746	2
CP142610.1	590746	590775	3
CP142610.1	590775	590778	2
CP142610.1	590778	590802	3
CP142610.1	590802	590821	2
CP142610.1	590821	590849	1
CP142610.1	590849	590860	2
CP142610.1	590860	590870	1
CP142610.1	590870	590871	0
CP142610.1	590871	590916	1
CP142610.1	590916	590918	0
CP142610.1	590918	590975	1
CP142610.1	590975	591019	2
CP142610.1	591019	591029	1
CP142610.1	591029	591030	0
CP142610.1	591030	591067	1
CP142610.1	591067	591070	0
CP142610.1	591070	591143	1
CP142610.1	591143	591153	2
CP142610.1	591153	591199	3
CP142610.1	591199	591200	2
CP142610.1	591200	591247	3
CP142610.1	591247	591252	4
CP142610.1	591252	591260	3
CP142610.1	591260	591287	4
CP142610.1	591287	591351	3
CP142610.1	591351	591352	2
CP142610.1	591352	591372	3
CP142610.1	591372	591385	2
CP142610.1	591385	591428	1
CP142610.1	591428	591429	0
CP142610.1	591429	591448	1
CP142610.1	591448	591510	0
CP142610.1	591510	591571	1
CP142610.1	591571	591955	0
CP142610.1	591955	592008	1
CP142610.1	592008	592014	0
CP142610.1	592014	592075	1
CP142610.1	592075	592081	0
CP142610.1	592081	592084	1
CP142610.1	592084	592150	2
CP142610.1	592150	592177	1
CP142610.1	592177	592203	2
CP142610.1	592203	592267	1
CP142610.1	592267	592310	0
CP142610.1	592310	592341	1
CP142610.1	592341	592373	2
CP142610.1	592373	592376	1
CP142610.1	592376	592381	2
CP142610.1	592381	592388	1
CP142610.1	592388	592408	2
CP142610.1	592408	592480	1
CP142610.1	592480	592481	0
CP142610.1	592481	592486	1
CP142610.1	592486	592633	0
CP142610.1	592633	592670	1
CP142610.1	592670	592700	2
CP142610.1	592700	592701	1
CP142610.1	592701	592804	2
CP142610.1	592804	592810	1
CP142610.1	592810	592865	2
CP142610.1	592865	592958	1
CP142610.1	592958	592995	2
CP142610.1	592995	593023	3
CP142610.1	593023	593034	0
CP142610.1	593034	593068	2
CP142610.1	593068	593212	1
CP142610.1	593212	593351	0
CP142610.1	593351	593366	1
CP142610.1	593366	593429	2
CP142610.1	593429	593475	1
CP142610.1	593475	593477	0
CP142610.1	593477	593502	1
CP142610.1	593502	593552	0
CP142610.1	593552	593646	1
CP142610.1	593646	593678	0
CP142610.1	593678	593760	1
CP142610.1	593760	593761	0
CP142610.1	593761	593762	1
CP142610.1	593762	593809	2
CP142610.1	593809	593812	1
CP142610.1	593812	593950	2
CP142610.1	593950	593976	1
CP142610.1	593976	593977	0
CP142610.1	593977	594019	1
CP142610.1	594019	594072	2
CP142610.1	594072	594073	1
CP142610.1	594073	594105	2
CP142610.1	594105	594153	1
CP142610.1	594153	594421	0
CP142610.1	594421	594463	1
CP142610.1	594463	594498	2
CP142610.1	594498	594557	1
CP142610.1	594557	594574	0
CP142610.1	594574	594621	1
CP142610.1	594621	594634	2
CP142610.1	594634	594874	1
CP142610.1	594874	594947	0
CP142610.1	594947	594954	1
CP142610.1	594954	594975	2
CP142610.1	594975	594976	1
CP142610.1	594976	595011	2
CP142610.1	595011	595013	1
CP142610.1	595013	595022	2
CP142610.1	595022	595023	1
CP142610.1	595023	595091	2
CP142610.1	595091	595209	1
CP142610.1	595209	595290	2
CP142610.1	595290	595292	1
CP142610.1	595292	595332	0
CP142610.1	595332	595376	1
CP142610.1	595376	595423	2
CP142610.1	595423	595440	1
CP142610.1	595440	595441	0
CP142610.1	595441	595450	1
CP142610.1	595450	595452	0
CP142610.1	595452	595477	1
CP142610.1	595477	595709	0
CP142610.1	595709	595761	1
CP142610.1	595761	595769	2
CP142610.1	595769	595778	1
CP142610.1	595778	595779	0
CP142610.1	595779	595808	1
CP142610.1	595808	596021	0
CP142610.1	596021	596111	1
CP142610.1	596111	596258	2
CP142610.1	596258	596341	1
CP142610.1	596341	596633	0
CP142610.1	596633	596715	1
CP142610.1	596715	596793	0
CP142610.1	596793	596823	1
CP142610.1	596823	596865	2
CP142610.1	596865	596869	1
CP142610.1	596869	596882	2
CP142610.1	596882	596908	1
CP142610.1	596908	596946	2
CP142610.1	596946	596954	3
CP142610.1	596954	596966	2
CP142610.1	596966	596986	3
CP142610.1	596986	597006	4
CP142610.1	597006	597007	3
CP142610.1	597007	597026	2
CP142610.1	597026	597123	3
CP142610.1	597123	597124	2
CP142610.1	597124	597152	3
CP142610.1	597152	597187	2
CP142610.1	597187	597249	3
CP142610.1	597249	597251	2
CP142610.1	597251	597410	1
CP142610.1	597410	597412	2
CP142610.1	597412	597425	1
CP142610.1	597425	597426	2
CP142610.1	597426	597436	3
CP142610.1	597436	597476	4
CP142610.1	597476	597488	3
CP142610.1	597488	597509	2
CP142610.1	597509	597514	3
CP142610.1	597514	597617	2
CP142610.1	597617	597644	3
CP142610.1	597644	597671	2
CP142610.1	597671	597673	1
CP142610.1	597673	597772	0
CP142610.1	597772	597792	1
CP142610.1	597792	597793	0
CP142610.1	597793	597815	1
CP142610.1	597815	597870	2
CP142610.1	597870	597885	1
CP142610.1	597885	597895	2
CP142610.1	597895	597922	3
CP142610.1	597922	597984	2
CP142610.1	597984	598026	1
CP142610.1	598026	598034	2
CP142610.1	598034	598203	3
CP142610.1	598203	598286	2
CP142610.1	598286	598288	0
CP142610.1	598288	598358	2
CP142610.1	598358	598415	1
CP142610.1	598415	598467	0
CP142610.1	598467	598516	1
CP142610.1	598516	598726	0
CP142610.1	598726	598764	1
CP142610.1	598764	598781	0
CP142610.1	598781	598827	1
CP142610.1	598827	598832	0
CP142610.1	598832	598860	1
CP142610.1	598860	598948	2
CP142610.1	598948	598970	1
CP142610.1	598970	598996	0
CP142610.1	598996	599103	1
CP142610.1	599103	599126	2
CP142610.1	599126	599127	3
CP142610.1	599127	599148	4
CP142610.1	599148	599180	3
CP142610.1	599180	599187	2
CP142610.1	599187	599230	3
CP142610.1	599230	599335	2
CP142610.1	599335	599338	1
CP142610.1	599338	599347	2
CP142610.1	599347	599439	1
CP142610.1	599439	599440	2
CP142610.1	599440	599527	1
CP142610.1	599527	599562	2
CP142610.1	599562	599608	3
CP142610.1	599608	599613	4
CP142610.1	599613	599618	3
CP142610.1	599618	599631	2
CP142610.1	599631	599652	3
CP142610.1	599652	599682	4
CP142610.1	599682	599699	3
CP142610.1	599699	599726	4
CP142610.1	599726	599727	2
CP142610.1	599727	599728	3
CP142610.1	599728	599744	4
CP142610.1	599744	599751	3
CP142610.1	599751	599755	2
CP142610.1	599755	599771	1
CP142610.1	599771	599782	2
CP142610.1	599782	599802	3
CP142610.1	599802	599805	4
CP142610.1	599805	599809	3
CP142610.1	599809	599813	2
CP142610.1	599813	599836	3
CP142610.1	599836	599851	2
CP142610.1	599851	599929	1
CP142610.1	599929	599971	0
CP142610.1	599971	600156	1
CP142610.1	600156	600190	0
CP142610.1	600190	600240	1
CP142610.1	600240	600251	0
CP142610.1	600251	600366	1
CP142610.1	600366	600369	0
CP142610.1	600369	600427	1
CP142610.1	600427	600431	2
CP142610.1	600431	600506	1
CP142610.1	600506	600520	0
CP142610.1	600520	600575	1
CP142610.1	600575	600690	2
CP142610.1	600690	600710	3
CP142610.1	600710	600712	2
CP142610.1	600712	600719	3
CP142610.1	600719	600720	2
CP142610.1	600720	600807	3
CP142610.1	600807	600827	2
CP142610.1	600827	600834	1
CP142610.1	600834	600989	0
CP142610.1	600989	600995	1
CP142610.1	600995	601035	2
CP142610.1	601035	601043	3
CP142610.1	601043	601047	4
CP142610.1	601047	601094	3
CP142610.1	601094	601096	2
CP142610.1	601096	601109	3
CP142610.1	601109	601111	2
CP142610.1	601111	601178	3
CP142610.1	601178	601181	2
CP142610.1	601181	601243	1
CP142610.1	601243	601244	0
CP142610.1	601244	601272	1
CP142610.1	601272	601369	0
CP142610.1	601369	601434	1
CP142610.1	601434	601435	0
CP142610.1	601435	601538	1
CP142610.1	601538	601539	0
CP142610.1	601539	601558	1
CP142610.1	601558	601565	2
CP142610.1	601565	601643	3
CP142610.1	601643	601644	2
CP142610.1	601644	601650	3
CP142610.1	601650	601651	2
CP142610.1	601651	601673	3
CP142610.1	601673	601721	2
CP142610.1	601721	601722	1
CP142610.1	601722	601766	2
CP142610.1	601766	601767	1
CP142610.1	601767	601776	2
CP142610.1	601776	601782	1
CP142610.1	601782	601783	0
CP142610.1	601783	601866	1
CP142610.1	601866	601930	0
CP142610.1	601930	602010	1
CP142610.1	602010	602027	2
CP142610.1	602027	602055	1
CP142610.1	602055	602062	2
CP142610.1	602062	602077	1
CP142610.1	602077	602113	2
CP142610.1	602113	602133	1
CP142610.1	602133	602187	0
CP142610.1	602187	602278	1
CP142610.1	602278	602346	2
CP142610.1	602346	602368	3
CP142610.1	602368	602369	2
CP142610.1	602369	602370	1
CP142610.1	602370	602383	2
CP142610.1	602383	602391	3
CP142610.1	602391	602392	2
CP142610.1	602392	602420	3
CP142610.1	602420	602421	2
CP142610.1	602421	602422	1
CP142610.1	602422	602427	2
CP142610.1	602427	602429	1
CP142610.1	602429	602497	2
CP142610.1	602497	602535	3
CP142610.1	602535	602557	4
CP142610.1	602557	602558	3
CP142610.1	602558	602571	4
CP142610.1	602571	602639	3
CP142610.1	602639	602650	2
CP142610.1	602650	602651	1
CP142610.1	602651	602724	2
CP142610.1	602724	602821	1
CP142610.1	602821	602850	0
CP142610.1	602850	602964	1
CP142610.1	602964	603093	0
CP142610.1	603093	603101	1
CP142610.1	603101	603140	2
CP142610.1	603140	603194	3
CP142610.1	603194	603280	2
CP142610.1	603280	603281	1
CP142610.1	603281	603307	2
CP142610.1	603307	603308	1
CP142610.1	603308	603332	2
CP142610.1	603332	603368	1
CP142610.1	603368	603377	2
CP142610.1	603377	603407	3
CP142610.1	603407	603408	2
CP142610.1	603408	603429	3
CP142610.1	603429	603431	2
CP142610.1	603431	603462	3
CP142610.1	603462	603471	2
CP142610.1	603471	603580	1
CP142610.1	603580	603581	0
CP142610.1	603581	603595	1
CP142610.1	603595	603669	0
CP142610.1	603669	603682	1
CP142610.1	603682	603692	2
CP142610.1	603692	603768	3
CP142610.1	603768	603769	2
CP142610.1	603769	603793	3
CP142610.1	603793	603795	4
CP142610.1	603795	603822	3
CP142610.1	603822	603877	2
CP142610.1	603877	603902	1
CP142610.1	603902	603903	0
CP142610.1	603903	604024	1
CP142610.1	604024	604059	0
CP142610.1	604059	604133	1
CP142610.1	604133	604148	0
CP142610.1	604148	604153	1
CP142610.1	604153	604201	2
CP142610.1	604201	604227	1
CP142610.1	604227	604230	0
CP142610.1	604230	604240	1
CP142610.1	604240	604279	0
CP142610.1	604279	604399	1
CP142610.1	604399	604473	0
CP142610.1	604473	604521	1
CP142610.1	604521	604543	2
CP142610.1	604543	604598	1
CP142610.1	604598	604705	0
CP142610.1	604705	604793	1
CP142610.1	604793	605033	0
CP142610.1	605033	605090	1
CP142610.1	605090	605309	0
CP142610.1	605309	605369	1
CP142610.1	605369	605386	2
CP142610.1	605386	605431	3
CP142610.1	605431	605434	1
CP142610.1	605434	605442	3
CP142610.1	605442	605446	2
CP142610.1	605446	605456	1
CP142610.1	605456	605723	0
CP142610.1	605723	605725	1
CP142610.1	605725	605746	2
CP142610.1	605746	605832	3
CP142610.1	605832	605882	2
CP142610.1	605882	605885	1
CP142610.1	605885	605906	2
CP142610.1	605906	605923	1
CP142610.1	605923	605970	0
CP142610.1	605970	606031	1
CP142610.1	606031	606130	0
CP142610.1	606130	606133	1
CP142610.1	606133	606134	0
CP142610.1	606134	606189	1
CP142610.1	606189	606197	2
CP142610.1	606197	606308	3
CP142610.1	606308	606344	4
CP142610.1	606344	606346	3
CP142610.1	606346	606350	4
CP142610.1	606350	606351	3
CP142610.1	606351	606353	2
CP142610.1	606353	606356	4
CP142610.1	606356	606357	3
CP142610.1	606357	606377	4
CP142610.1	606377	606383	3
CP142610.1	606383	606389	2
CP142610.1	606389	606515	1
CP142610.1	606515	606549	2
CP142610.1	606549	606554	1
CP142610.1	606554	606602	0
CP142610.1	606602	606623	1
CP142610.1	606623	606762	2
CP142610.1	606762	606803	1
CP142610.1	606803	606838	0
CP142610.1	606838	606886	1
CP142610.1	606886	606890	2
CP142610.1	606890	607002	3
CP142610.1	607002	607059	2
CP142610.1	607059	607073	1
CP142610.1	607073	607120	0
CP142610.1	607120	607179	1
CP142610.1	607179	607230	0
CP142610.1	607230	607412	1
CP142610.1	607412	607547	0
CP142610.1	607547	607626	1
CP142610.1	607626	607629	0
CP142610.1	607629	607731	1
CP142610.1	607731	607745	2
CP142610.1	607745	607746	1
CP142610.1	607746	607783	2
CP142610.1	607783	607811	1
CP142610.1	607811	607955	0
CP142610.1	607955	608214	1
CP142610.1	608214	608317	0
CP142610.1	608317	608340	1
CP142610.1	608340	608348	0
CP142610.1	608348	608352	1
CP142610.1	608352	608406	2
CP142610.1	608406	608486	1
CP142610.1	608486	608567	0
CP142610.1	608567	608665	1
CP142610.1	608665	608736	0
CP142610.1	608736	608790	1
CP142610.1	608790	608798	0
CP142610.1	608798	608889	1
CP142610.1	608889	608937	2
CP142610.1	608937	608955	1
CP142610.1	608955	608960	0
CP142610.1	608960	609005	1
CP142610.1	609005	609022	2
CP142610.1	609022	609078	1
CP142610.1	609078	609358	0
CP142610.1	609358	609435	1
CP142610.1	609435	609437	2
CP142610.1	609437	609473	3
CP142610.1	609473	609483	2
CP142610.1	609483	609561	3
CP142610.1	609561	609633	2
CP142610.1	609633	609720	1
CP142610.1	609720	609825	0
CP142610.1	609825	609848	1
CP142610.1	609848	609849	0
CP142610.1	609849	609862	1
CP142610.1	609862	609863	0
CP142610.1	609863	609898	1
CP142610.1	609898	609985	0
CP142610.1	609985	609987	1
CP142610.1	609987	610058	2
CP142610.1	610058	610088	1
CP142610.1	610088	610123	0
CP142610.1	610123	610211	1
CP142610.1	610211	610212	0
CP142610.1	610212	610242	1
CP142610.1	610242	610253	2
CP142610.1	610253	610256	1
CP142610.1	610256	610352	2
CP142610.1	610352	610402	1
CP142610.1	610402	610406	2
CP142610.1	610406	610413	1
CP142610.1	610413	610430	2
CP142610.1	610430	610485	3
CP142610.1	610485	610486	2
CP142610.1	610486	610490	3
CP142610.1	610490	610491	2
CP142610.1	610491	610496	1
CP142610.1	610496	610530	2
CP142610.1	610530	610608	4
CP142610.1	610608	610651	3
CP142610.1	610651	610654	2
CP142610.1	610654	610687	3
CP142610.1	610687	610688	2
CP142610.1	610688	610689	3
CP142610.1	610689	610690	2
CP142610.1	610690	610691	3
CP142610.1	610691	610733	4
CP142610.1	610733	610734	2
CP142610.1	610734	610757	4
CP142610.1	610757	610759	3
CP142610.1	610759	610760	1
CP142610.1	610760	610761	3
CP142610.1	610761	610778	4
CP142610.1	610778	610779	3
CP142610.1	610779	610793	4
CP142610.1	610793	610796	3
CP142610.1	610796	610798	2
CP142610.1	610798	610800	3
CP142610.1	610800	610803	1
CP142610.1	610803	610805	3
CP142610.1	610805	610821	2
CP142610.1	610821	610825	1
CP142610.1	610825	610830	2
CP142610.1	610830	610834	1
CP142610.1	610834	610862	2
CP142610.1	610862	610931	1
CP142610.1	610931	611158	0
CP142610.1	611158	611241	1
CP142610.1	611241	611257	2
CP142610.1	611257	611273	3
CP142610.1	611273	611294	2
CP142610.1	611294	611295	1
CP142610.1	611295	611310	2
CP142610.1	611310	611315	3
CP142610.1	611315	611321	4
CP142610.1	611321	611345	3
CP142610.1	611345	611347	2
CP142610.1	611347	611349	1
CP142610.1	611349	611356	3
CP142610.1	611356	611358	2
CP142610.1	611358	611369	3
CP142610.1	611369	611389	2
CP142610.1	611389	611402	1
CP142610.1	611402	611621	0
CP142610.1	611621	611676	1
CP142610.1	611676	611688	0
CP142610.1	611688	611723	1
CP142610.1	611723	611729	0
CP142610.1	611729	611746	1
CP142610.1	611746	611777	2
CP142610.1	611777	611841	3
CP142610.1	611841	611852	2
CP142610.1	611852	611857	1
CP142610.1	611857	611889	0
CP142610.1	611889	611978	1
CP142610.1	611978	612040	0
CP142610.1	612040	612095	1
CP142610.1	612095	612108	2
CP142610.1	612108	612109	1
CP142610.1	612109	612150	2
CP142610.1	612150	612177	3
CP142610.1	612177	612187	2
CP142610.1	612187	612213	1
CP142610.1	612213	612405	0
CP142610.1	612405	612534	1
CP142610.1	612534	612537	2
CP142610.1	612537	612557	3
CP142610.1	612557	612558	2
CP142610.1	612558	612647	3
CP142610.1	612647	612670	2
CP142610.1	612670	612671	1
CP142610.1	612671	612932	0
CP142610.1	612932	613030	1
CP142610.1	613030	613052	0
CP142610.1	613052	613057	1
CP142610.1	613057	613058	0
CP142610.1	613058	613167	1
CP142610.1	613167	613222	2
CP142610.1	613222	613247	1
CP142610.1	613247	613328	0
CP142610.1	613328	613388	1
CP142610.1	613388	613434	2
CP142610.1	613434	613449	1
CP142610.1	613449	613484	2
CP142610.1	613484	613505	1
CP142610.1	613505	613560	0
CP142610.1	613560	613645	1
CP142610.1	613645	613646	0
CP142610.1	613646	613827	1
CP142610.1	613827	613837	2
CP142610.1	613837	613838	1
CP142610.1	613838	613969	2
CP142610.1	613969	613971	1
CP142610.1	613971	613975	2
CP142610.1	613975	613983	1
CP142610.1	613983	613985	0
CP142610.1	613985	614056	1
CP142610.1	614056	614060	0
CP142610.1	614060	614132	1
CP142610.1	614132	614259	0
CP142610.1	614259	614261	1
CP142610.1	614261	614330	2
CP142610.1	614330	614336	1
CP142610.1	614336	614350	2
CP142610.1	614350	614369	1
CP142610.1	614369	614450	2
CP142610.1	614450	614467	3
CP142610.1	614467	614468	2
CP142610.1	614468	614487	3
CP142610.1	614487	614491	2
CP142610.1	614491	614499	1
CP142610.1	614499	614517	0
CP142610.1	614517	614537	1
CP142610.1	614537	614544	2
CP142610.1	614544	614564	3
CP142610.1	614564	614597	4
CP142610.1	614597	614659	3
CP142610.1	614659	614670	2
CP142610.1	614670	614673	1
CP142610.1	614673	614701	2
CP142610.1	614701	614738	3
CP142610.1	614738	614787	2
CP142610.1	614787	614790	1
CP142610.1	614790	614873	2
CP142610.1	614873	614874	1
CP142610.1	614874	614910	2
CP142610.1	614910	614912	1
CP142610.1	614912	614916	0
CP142610.1	614916	614917	1
CP142610.1	614917	614960	2
CP142610.1	614960	615012	1
CP142610.1	615012	615071	2
CP142610.1	615071	615161	3
CP142610.1	615161	615162	2
CP142610.1	615162	615182	3
CP142610.1	615182	615184	2
CP142610.1	615184	615187	3
CP142610.1	615187	615191	2
CP142610.1	615191	615229	3
CP142610.1	615229	615272	2
CP142610.1	615272	615302	1
CP142610.1	615302	615339	0
CP142610.1	615339	615400	1
CP142610.1	615400	615414	2
CP142610.1	615414	615447	3
CP142610.1	615447	615469	4
CP142610.1	615469	615472	3
CP142610.1	615472	615482	2
CP142610.1	615482	615612	1
CP142610.1	615612	615649	0
CP142610.1	615649	615682	1
CP142610.1	615682	615892	2
CP142610.1	615892	615898	3
CP142610.1	615898	615905	5
CP142610.1	615905	615907	3
CP142610.1	615907	615916	4
CP142610.1	615916	615917	3
CP142610.1	615917	615962	4
CP142610.1	615962	615982	3
CP142610.1	615982	615992	2
CP142610.1	615992	615993	1
CP142610.1	615993	616001	2
CP142610.1	616001	616004	1
CP142610.1	616004	616057	2
CP142610.1	616057	616093	1
CP142610.1	616093	616113	2
CP142610.1	616113	616157	1
CP142610.1	616157	616170	2
CP142610.1	616170	616172	1
CP142610.1	616172	616184	2
CP142610.1	616184	616186	1
CP142610.1	616186	616211	2
CP142610.1	616211	616261	3
CP142610.1	616261	616323	2
CP142610.1	616323	616390	1
CP142610.1	616390	616391	0
CP142610.1	616391	616409	1
CP142610.1	616409	616534	2
CP142610.1	616534	616562	1
CP142610.1	616562	616595	2
CP142610.1	616595	616623	3
CP142610.1	616623	616627	2
CP142610.1	616627	616629	1
CP142610.1	616629	616645	2
CP142610.1	616645	616674	3
CP142610.1	616674	616681	2
CP142610.1	616681	616932	1
CP142610.1	616932	616992	2
CP142610.1	616992	616996	1
CP142610.1	616996	617005	2
CP142610.1	617005	617166	3
CP142610.1	617166	617171	2
CP142610.1	617171	617338	1
CP142610.1	617338	617422	0
CP142610.1	617422	617563	1
CP142610.1	617563	617578	2
CP142610.1	617578	617582	3
CP142610.1	617582	617583	2
CP142610.1	617583	617601	3
CP142610.1	617601	617612	2
CP142610.1	617612	617628	3
CP142610.1	617628	617653	4
CP142610.1	617653	617669	3
CP142610.1	617669	617706	2
CP142610.1	617706	617733	1
CP142610.1	617733	617852	0
CP142610.1	617852	617922	1
CP142610.1	617922	618060	0
CP142610.1	618060	618106	3
CP142610.1	618106	618107	2
CP142610.1	618107	618108	1
CP142610.1	618108	618173	3
CP142610.1	618173	618176	2
CP142610.1	618176	618183	3
CP142610.1	618183	618193	2
CP142610.1	618193	618213	3
CP142610.1	618213	618214	2
CP142610.1	618214	618242	3
CP142610.1	618242	618250	4
CP142610.1	618250	618288	3
CP142610.1	618288	618394	2
CP142610.1	618394	618402	1
CP142610.1	618402	618510	0
CP142610.1	618510	618643	1
CP142610.1	618643	618730	2
CP142610.1	618730	618944	1
CP142610.1	618944	618945	2
CP142610.1	618945	619003	1
CP142610.1	619003	619006	0
CP142610.1	619006	619027	1
CP142610.1	619027	619031	0
CP142610.1	619031	619077	1
CP142610.1	619077	619149	0
CP142610.1	619149	619287	1
CP142610.1	619287	619360	0
CP142610.1	619360	619548	1
CP142610.1	619548	619695	2
CP142610.1	619695	619702	3
CP142610.1	619702	619724	4
CP142610.1	619724	619755	5
CP142610.1	619755	619792	4
CP142610.1	619792	619871	3
CP142610.1	619871	619872	2
CP142610.1	619872	619887	1
CP142610.1	619887	619910	2
CP142610.1	619910	619956	3
CP142610.1	619956	619970	2
CP142610.1	619970	619995	1
CP142610.1	619995	620076	0
CP142610.1	620076	620171	1
CP142610.1	620171	620336	0
CP142610.1	620336	620369	1
CP142610.1	620369	620370	0
CP142610.1	620370	620535	1
CP142610.1	620535	620628	0
CP142610.1	620628	620707	1
CP142610.1	620707	620751	0
CP142610.1	620751	620856	1
CP142610.1	620856	620859	0
CP142610.1	620859	620899	1
CP142610.1	620899	620999	0
CP142610.1	620999	621015	1
CP142610.1	621015	621054	2
CP142610.1	621054	621064	3
CP142610.1	621064	621107	4
CP142610.1	621107	621111	3
CP142610.1	621111	621127	4
CP142610.1	621127	621142	3
CP142610.1	621142	621176	1
CP142610.1	621176	621189	0
CP142610.1	621189	621325	1
CP142610.1	621325	621331	2
CP142610.1	621331	621363	3
CP142610.1	621363	621389	2
CP142610.1	621389	621570	0
CP142610.1	621570	621636	1
CP142610.1	621636	621681	0
CP142610.1	621681	621711	1
CP142610.1	621711	621713	0
CP142610.1	621713	621743	1
CP142610.1	621743	621804	0
CP142610.1	621804	621821	1
CP142610.1	621821	621832	0
CP142610.1	621832	621954	1
CP142610.1	621954	621966	0
CP142610.1	621966	622031	1
CP142610.1	622031	622046	0
CP142610.1	622046	622107	1
CP142610.1	622107	622147	0
CP142610.1	622147	622210	1
CP142610.1	622210	622211	0
CP142610.1	622211	622336	1
CP142610.1	622336	622610	0
CP142610.1	622610	622669	1
CP142610.1	622669	622691	0
CP142610.1	622691	622753	1
CP142610.1	622753	622757	0
CP142610.1	622757	622838	1
CP142610.1	622838	622879	0
CP142610.1	622879	622918	2
CP142610.1	622918	622922	3
CP142610.1	622922	622938	4
CP142610.1	622938	622979	3
CP142610.1	622979	622997	2
CP142610.1	622997	623001	3
CP142610.1	623001	623095	2
CP142610.1	623095	623113	3
CP142610.1	623113	623128	2
CP142610.1	623128	623164	3
CP142610.1	623164	623226	2
CP142610.1	623226	623227	1
CP142610.1	623227	623245	2
CP142610.1	623245	623299	3
CP142610.1	623299	623300	2
CP142610.1	623300	623327	3
CP142610.1	623327	623335	2
CP142610.1	623335	623373	1
CP142610.1	623373	623475	0
CP142610.1	623475	623539	1
CP142610.1	623539	623615	0
CP142610.1	623615	623637	1
CP142610.1	623637	623638	0
CP142610.1	623638	623740	1
CP142610.1	623740	623790	0
CP142610.1	623790	623791	1
CP142610.1	623791	623805	2
CP142610.1	623805	623861	3
CP142610.1	623861	623869	2
CP142610.1	623869	623882	3
CP142610.1	623882	623935	2
CP142610.1	623935	624020	1
CP142610.1	624020	624088	0
CP142610.1	624088	624130	1
CP142610.1	624130	624131	0
CP142610.1	624131	624136	1
CP142610.1	624136	624145	0
CP142610.1	624145	624204	1
CP142610.1	624204	624464	0
CP142610.1	624464	624557	1
CP142610.1	624557	624648	2
CP142610.1	624648	624650	0
CP142610.1	624650	624654	1
CP142610.1	624654	624655	0
CP142610.1	624655	624756	1
CP142610.1	624756	624757	0
CP142610.1	624757	624759	1
CP142610.1	624759	624814	2
CP142610.1	624814	624815	1
CP142610.1	624815	624829	2
CP142610.1	624829	624893	1
CP142610.1	624893	624894	0
CP142610.1	624894	624906	1
CP142610.1	624906	624928	2
CP142610.1	624928	625006	3
CP142610.1	625006	625061	2
CP142610.1	625061	625123	3
CP142610.1	625123	625139	4
CP142610.1	625139	625152	3
CP142610.1	625152	625197	4
CP142610.1	625197	625217	3
CP142610.1	625217	625263	2
CP142610.1	625263	625442	1
CP142610.1	625442	625444	0
CP142610.1	625444	625486	1
CP142610.1	625486	625605	0
CP142610.1	625605	625731	1
CP142610.1	625731	625763	0
CP142610.1	625763	625777	1
CP142610.1	625777	625886	2
CP142610.1	625886	625912	3
CP142610.1	625912	625927	2
CP142610.1	625927	625930	3
CP142610.1	625930	626004	2
CP142610.1	626004	626024	3
CP142610.1	626024	626025	2
CP142610.1	626025	626055	3
CP142610.1	626055	626107	2
CP142610.1	626107	626113	1
CP142610.1	626113	626140	2
CP142610.1	626140	626142	1
CP142610.1	626142	626200	2
CP142610.1	626200	626215	1
CP142610.1	626215	626292	2
CP142610.1	626292	626312	1
CP142610.1	626312	626375	2
CP142610.1	626375	626388	1
CP142610.1	626388	626395	2
CP142610.1	626395	626404	3
CP142610.1	626404	626411	2
CP142610.1	626411	626432	3
CP142610.1	626432	626435	2
CP142610.1	626435	626451	3
CP142610.1	626451	626452	2
CP142610.1	626452	626527	3
CP142610.1	626527	626535	4
CP142610.1	626535	626555	3
CP142610.1	626555	626619	4
CP142610.1	626619	626664	3
CP142610.1	626664	626667	2
CP142610.1	626667	626709	1
CP142610.1	626709	626710	0
CP142610.1	626710	626791	1
CP142610.1	626791	626864	2
CP142610.1	626864	626917	1
CP142610.1	626917	626918	0
CP142610.1	626918	626978	1
CP142610.1	626978	627005	0
CP142610.1	627005	627099	1
CP142610.1	627099	627369	0
CP142610.1	627369	627442	1
CP142610.1	627442	627523	0
CP142610.1	627523	627546	1
CP142610.1	627546	627587	2
CP142610.1	627587	627644	1
CP142610.1	627644	627645	0
CP142610.1	627645	627683	1
CP142610.1	627683	627685	0
CP142610.1	627685	627696	1
CP142610.1	627696	627721	0
CP142610.1	627721	627889	1
CP142610.1	627889	627890	0
CP142610.1	627890	627902	1
CP142610.1	627902	627976	0
CP142610.1	627976	627992	1
CP142610.1	627992	628114	2
CP142610.1	628114	628124	3
CP142610.1	628124	628132	4
CP142610.1	628132	628133	3
CP142610.1	628133	628172	4
CP142610.1	628172	628173	3
CP142610.1	628173	628215	4
CP142610.1	628215	628216	3
CP142610.1	628216	628222	4
CP142610.1	628222	628230	3
CP142610.1	628230	628246	2
CP142610.1	628246	628249	1
CP142610.1	628249	628283	0
CP142610.1	628283	628292	1
CP142610.1	628292	628326	2
CP142610.1	628326	628331	1
CP142610.1	628331	628337	2
CP142610.1	628337	628342	1
CP142610.1	628342	628348	2
CP142610.1	628348	628392	3
CP142610.1	628392	628410	2
CP142610.1	628410	628444	3
CP142610.1	628444	628567	2
CP142610.1	628567	628568	1
CP142610.1	628568	628596	2
CP142610.1	628596	628605	1
CP142610.1	628605	628608	0
CP142610.1	628608	628638	1
CP142610.1	628638	628667	2
CP142610.1	628667	628689	1
CP142610.1	628689	628697	2
CP142610.1	628697	628699	1
CP142610.1	628699	628737	2
CP142610.1	628737	628739	1
CP142610.1	628739	628760	2
CP142610.1	628760	628855	1
CP142610.1	628855	629190	0
CP142610.1	629190	629366	1
CP142610.1	629366	629367	0
CP142610.1	629367	629379	1
CP142610.1	629379	629380	0
CP142610.1	629380	629386	1
CP142610.1	629386	629413	2
CP142610.1	629413	629422	1
CP142610.1	629422	629454	2
CP142610.1	629454	629505	1
CP142610.1	629505	629811	0
CP142610.1	629811	629813	1
CP142610.1	629813	629884	2
CP142610.1	629884	629894	1
CP142610.1	629894	629918	2
CP142610.1	629918	629920	1
CP142610.1	629920	629997	2
CP142610.1	629997	630029	3
CP142610.1	630029	630051	2
CP142610.1	630051	630139	1
CP142610.1	630139	630193	0
CP142610.1	630193	630199	1
CP142610.1	630199	630201	0
CP142610.1	630201	630352	1
CP142610.1	630352	630396	2
CP142610.1	630396	630407	1
CP142610.1	630407	630470	2
CP142610.1	630470	630489	1
CP142610.1	630489	630523	2
CP142610.1	630523	630524	1
CP142610.1	630524	630545	2
CP142610.1	630545	630648	1
CP142610.1	630648	630676	0
CP142610.1	630676	630820	1
CP142610.1	630820	630849	0
CP142610.1	630849	630932	1
CP142610.1	630932	630939	0
CP142610.1	630939	631012	1
CP142610.1	631012	631148	0
CP142610.1	631148	631207	1
CP142610.1	631207	631243	2
CP142610.1	631243	631266	3
CP142610.1	631266	631372	2
CP142610.1	631372	631409	3
CP142610.1	631409	631427	4
CP142610.1	631427	631441	3
CP142610.1	631441	631448	2
CP142610.1	631448	631965	1
CP142610.1	631965	631968	0
CP142610.1	631968	631984	2
CP142610.1	631984	632019	1
CP142610.1	632019	632020	0
CP142610.1	632020	632043	1
CP142610.1	632043	632044	0
CP142610.1	632044	632128	1
CP142610.1	632128	632129	0
CP142610.1	632129	632165	1
CP142610.1	632165	632245	0
