Chromosome	Start	End	Feature_Type	Details	Reads
contig_10000	263869	263909	intergenic	.	contig_10000:263869-263909
contig_10002	140661	140777	intergenic	.	contig_10002:140661-140777
contig_10002	681513	681577	intergenic	.	contig_10002:681513-681577
contig_10009	284202	284358	intergenic	.	contig_10009:284202-284358
contig_10010	8835	8950	intergenic	.	contig_10010:8835-8950
contig_10010	115163	115390	intergenic	.	contig_10010:115163-115390
contig_10017	45079	45160	gene,mRNA	.	contig_10017:45079-45160,contig_10017:45079-45160
contig_10024	215567	215695	intergenic	.	contig_10024:215567-215695
contig_10024	216003	216079	intergenic	.	contig_10024:216003-216079
contig_10024	587726	587842	gene,mRNA,stop_codon,exon,CDS	.	contig_10024:587726-587842,contig_10024:587726-587842,contig_10024:587726-587842,contig_10024:587726-587842,contig_10024:587726-587842
contig_10024	660896	661072	intergenic	.	contig_10024:660896-661072
contig_10024	894280	894351	intergenic	.	contig_10024:894280-894351
contig_10024	942618	942823	intergenic	.	contig_10024:942618-942823
contig_10024	1162380	1162568	intergenic	.	contig_10024:1162380-1162568
contig_10027	53851	54209	intergenic	.	contig_10027:53851-54209
contig_10027	160659	160876	gene,mRNA	.	contig_10027:160659-160876,contig_10027:160659-160876
contig_10029	61255	61424	intergenic	.	contig_10029:61255-61424
contig_10029	144582	144902	gene,mRNA	.	contig_10029:144582-144902,contig_10029:144582-144902
contig_10029	176762	176992	gene,mRNA	.	contig_10029:176762-176992,contig_10029:176762-176992
contig_10029	204180	204296	gene,mRNA	.	contig_10029:204180-204296,contig_10029:204180-204296
contig_10029	204717	204816	gene,mRNA	.	contig_10029:204717-204816,contig_10029:204717-204816
contig_10029	351468	351556	intergenic	.	contig_10029:351468-351556
contig_10029	355294	355558	intergenic	.	contig_10029:355294-355558
contig_10029	612457	612496	intergenic	.	contig_10029:612457-612496
contig_10029	612907	613006	intergenic	.	contig_10029:612907-613006
contig_10029	613062	613186	intergenic	.	contig_10029:613062-613186
contig_10029	640172	640335	intergenic	.	contig_10029:640172-640335
contig_10029	992320	992545	gene,mRNA	.	contig_10029:992320-992545,contig_10029:992320-992545
contig_10029	1185958	1186131	gene,mRNA	.	contig_10029:1185958-1186131,contig_10029:1185958-1186131
contig_10029	1205431	1205581	intergenic	.	contig_10029:1205431-1205581
contig_10029	1601302	1601410	gene,mRNA	.	contig_10029:1601302-1601410,contig_10029:1601302-1601410
contig_10029	1700302	1700375	intergenic	.	contig_10029:1700302-1700375
contig_10029	1700675	1700844	intergenic	.	contig_10029:1700675-1700844
contig_10029	1734512	1734605	gene,mRNA	.	contig_10029:1734512-1734605,contig_10029:1734512-1734605
contig_1004	560648	560748	intergenic	.	contig_1004:560648-560748
contig_1004	576869	577330	intergenic	.	contig_1004:576869-577330
contig_1004	576869	577999	gene,polyA_signal_sequence,mRNA,stop_codon,exon,CDS	.	contig_1004:576869-577999,contig_1004:576869-577999,contig_1004:576869-577999,contig_1004:576869-577999,contig_1004:576869-577999,contig_1004:576869-577999
contig_1004	777561	777889	intergenic	.	contig_1004:777561-777889
contig_1004	1148490	1148655	intergenic	.	contig_1004:1148490-1148655
contig_1004	1273464	1273517	intergenic	.	contig_1004:1273464-1273517
contig_1004	1332517	1332693	intergenic	.	contig_1004:1332517-1332693
contig_10044	41735	41909	intergenic	.	contig_10044:41735-41909
contig_10044	362268	362461	intergenic	.	contig_10044:362268-362461
contig_10044	555027	555182	intergenic	.	contig_10044:555027-555182
contig_10044	576706	577239	gene,mRNA	.	contig_10044:576706-577239,contig_10044:576706-577239
contig_10044	829688	829967	intergenic	.	contig_10044:829688-829967
contig_10044	928709	929014	intergenic	.	contig_10044:928709-929014
contig_10044	992170	992486	intergenic	.	contig_10044:992170-992486
contig_10044	1064499	1064545	intergenic	.	contig_10044:1064499-1064545
contig_10047	30120	30288	gene,mRNA	.	contig_10047:30120-30288,contig_10047:30120-30288
contig_10048	332953	333030	intergenic	.	contig_10048:332953-333030
contig_10048	344769	345311	intergenic	.	contig_10048:344769-345311
contig_10048	360240	360295	intergenic	.	contig_10048:360240-360295
contig_10053	226693	226810	intergenic	.	contig_10053:226693-226810
contig_10053	273894	273976	intergenic	.	contig_10053:273894-273976
contig_10053	275792	276092	intergenic	.	contig_10053:275792-276092
contig_10053	373913	374244	gene,mRNA	.	contig_10053:373913-374244,contig_10053:373913-374244
contig_10053	461906	462019	intergenic	.	contig_10053:461906-462019
contig_10053	581125	581266	intergenic	.	contig_10053:581125-581266
contig_10053	747416	747749	gene,mRNA	.	contig_10053:747416-747749,contig_10053:747416-747749
contig_10053	920403	920694	intergenic	.	contig_10053:920403-920694
contig_10053	941872	941921	intergenic	.	contig_10053:941872-941921
contig_10053	1003121	1003364	intergenic	.	contig_10053:1003121-1003364
contig_10053	1349676	1349711	intergenic	.	contig_10053:1349676-1349711
contig_10053	1446962	1447025	intergenic	.	contig_10053:1446962-1447025
contig_10054	528266	528321	intergenic	.	contig_10054:528266-528321
contig_10054	535481	535718	intergenic	.	contig_10054:535481-535718
contig_10054	861761	861998	intergenic	.	contig_10054:861761-861998
contig_10054	1128931	1129017	gene,mRNA	.	contig_10054:1128931-1129017,contig_10054:1128931-1129017
contig_10060	27120	27170	gene,mRNA	.	contig_10060:27120-27170,contig_10060:27120-27170
contig_10060	27772	27865	gene,mRNA	.	contig_10060:27772-27865,contig_10060:27772-27865
contig_10060	169870	169955	intergenic	.	contig_10060:169870-169955
contig_10070	93728	93865	intergenic	.	contig_10070:93728-93865
contig_10070	93945	94031	intergenic	.	contig_10070:93945-94031
contig_10084	128460	128556	gene,mRNA	.	contig_10084:128460-128556,contig_10084:128460-128556
contig_10084	327229	327289	intergenic	.	contig_10084:327229-327289
contig_10084	574622	574661	intergenic	.	contig_10084:574622-574661
contig_10084	623133	623232	intergenic	.	contig_10084:623133-623232
contig_10084	706799	706867	gene,mRNA,stop_codon,exon,CDS	.	contig_10084:706799-706867,contig_10084:706799-706867,contig_10084:706799-706867,contig_10084:706799-706867,contig_10084:706799-706867
contig_10084	733308	733420	intergenic	.	contig_10084:733308-733420
contig_10084	733616	733769	intergenic	.	contig_10084:733616-733769
contig_10084	812073	812171	gene,mRNA	.	contig_10084:812073-812171,contig_10084:812073-812171
contig_10084	949793	949912	gene,mRNA	.	contig_10084:949793-949912,contig_10084:949793-949912
contig_10084	1270819	1271029	intergenic	.	contig_10084:1270819-1271029
contig_10084	1368839	1368924	intergenic	.	contig_10084:1368839-1368924
contig_10084	1369192	1369332	intergenic	.	contig_10084:1369192-1369332
contig_10084	1663171	1663295	intergenic	.	contig_10084:1663171-1663295
contig_10084	1663650	1663713	intergenic	.	contig_10084:1663650-1663713
contig_10084	1712468	1712503	intergenic	.	contig_10084:1712468-1712503
contig_10085	347195	347258	intergenic	.	contig_10085:347195-347258
contig_10085	371121	371160	intergenic	.	contig_10085:371121-371160
contig_10087	185969	186024	gene,mRNA	.	contig_10087:185969-186024,contig_10087:185969-186024
contig_10087	186135	186191	gene,mRNA	.	contig_10087:186135-186191,contig_10087:186135-186191
contig_10087	611579	611717	intergenic	.	contig_10087:611579-611717
contig_10088	143718	143939	intergenic	.	contig_10088:143718-143939
contig_1009	1282370	1282542	gene,mRNA	.	contig_1009:1282370-1282542,contig_1009:1282370-1282542
contig_10094	171967	172146	gene,mRNA	.	contig_10094:171967-172146,contig_10094:171967-172146
contig_10094	243776	243927	gene,mRNA	.	contig_10094:243776-243927,contig_10094:243776-243927
contig_10094	558367	558443	intergenic	.	contig_10094:558367-558443
contig_10094	819053	819216	intergenic	.	contig_10094:819053-819216
contig_10097	42781	43105	exon,CDS,gene,mRNA	.	contig_10097:42781-43105,contig_10097:42781-43105,contig_10097:42781-43105,contig_10097:42781-43105
contig_10097	732403	732589	intergenic	.	contig_10097:732403-732589
contig_10097	854228	854437	gene,mRNA	.	contig_10097:854228-854437,contig_10097:854228-854437
contig_101	205429	205620	intergenic	.	contig_101:205429-205620
contig_101	336410	336460	gene	.	contig_101:336410-336460
contig_1010	64838	64883	exon,CDS,gene,mRNA	.	contig_1010:64838-64883,contig_1010:64838-64883,contig_1010:64838-64883,contig_1010:64838-64883
contig_10103	92868	92958	intergenic	.	contig_10103:92868-92958
contig_10103	136236	136395	intergenic	.	contig_10103:136236-136395
contig_10103	240525	240807	intergenic	.	contig_10103:240525-240807
contig_10103	453442	453539	intergenic	.	contig_10103:453442-453539
contig_10106	97295	97513	intergenic	.	contig_10106:97295-97513
contig_10106	150481	150612	intergenic	.	contig_10106:150481-150612
contig_10106	151288	151409	intergenic	.	contig_10106:151288-151409
contig_10106	494852	494885	intergenic	.	contig_10106:494852-494885
contig_10106	494982	495084	intergenic	.	contig_10106:494982-495084
contig_10106	547171	547333	intergenic	.	contig_10106:547171-547333
contig_10106	589060	589237	intergenic	.	contig_10106:589060-589237
contig_10106	698379	698640	intergenic	.	contig_10106:698379-698640
contig_10106	705073	705312	intergenic	.	contig_10106:705073-705312
contig_10106	743579	743657	intergenic	.	contig_10106:743579-743657
contig_10106	1049394	1049880	intergenic	.	contig_10106:1049394-1049880
contig_10106	1172144	1172268	gene,mRNA	.	contig_10106:1172144-1172268,contig_10106:1172144-1172268
contig_10106	1500534	1500846	intergenic	.	contig_10106:1500534-1500846
contig_1011	195100	195237	gene,mRNA	.	contig_1011:195100-195237,contig_1011:195100-195237
contig_1011	255492	255723	intergenic	.	contig_1011:255492-255723
contig_1011	377151	377318	intergenic	.	contig_1011:377151-377318
contig_1011	988759	988988	intergenic	.	contig_1011:988759-988988
contig_10118	561657	561701	intergenic	.	contig_10118:561657-561701
contig_10123	472980	473175	gene,mRNA	.	contig_10123:472980-473175,contig_10123:472980-473175
contig_1013	337632	337781	gene,mRNA	.	contig_1013:337632-337781,contig_1013:337632-337781
contig_1013	558500	558560	intergenic	.	contig_1013:558500-558560
contig_1013	558500	558776	start_codon,exon,CDS,gene,mRNA	.	contig_1013:558500-558776,contig_1013:558500-558776,contig_1013:558500-558776,contig_1013:558500-558776,contig_1013:558500-558776
contig_10134	38163	38231	gene,mRNA	.	contig_10134:38163-38231,contig_10134:38163-38231
contig_10134	532343	532672	gene,mRNA	.	contig_10134:532343-532672,contig_10134:532343-532672
contig_10134	593860	594187	intergenic	.	contig_10134:593860-594187
contig_10134	752020	752232	intergenic	.	contig_10134:752020-752232
contig_10134	866902	866990	intergenic	.	contig_10134:866902-866990
contig_10134	867305	867707	intergenic	.	contig_10134:867305-867707
contig_10134	880953	881367	gene,polyA_signal_sequence	.	contig_10134:880953-881367,contig_10134:880953-881367
contig_10134	881067	881367	intergenic	.	contig_10134:881067-881367
contig_10134	997655	997823	intergenic	.	contig_10134:997655-997823
contig_10134	997909	998182	intergenic	.	contig_10134:997909-998182
contig_10134	1000162	1000319	intergenic	.	contig_10134:1000162-1000319
contig_10134	1073803	1073894	intergenic	.	contig_10134:1073803-1073894
contig_10134	1196812	1197141	intergenic	.	contig_10134:1196812-1197141
contig_10138	485667	485715	intergenic	.	contig_10138:485667-485715
contig_10138	831810	832294	intergenic	.	contig_10138:831810-832294
contig_10138	832380	832442	intergenic	.	contig_10138:832380-832442
contig_10138	1456072	1456182	gene,mRNA	.	contig_10138:1456072-1456182,contig_10138:1456072-1456182
contig_10141	109512	109552	intergenic	.	contig_10141:109512-109552
contig_10141	109632	109698	intergenic	.	contig_10141:109632-109698
contig_10153	60808	60924	intergenic	.	contig_10153:60808-60924
contig_10153	61393	61680	intergenic	.	contig_10153:61393-61680
contig_10159	435453	435541	intergenic	.	contig_10159:435453-435541
contig_1016	65047	65107	intergenic	.	contig_1016:65047-65107
contig_1016	677374	677485	intergenic	.	contig_1016:677374-677485
contig_1016	775324	775474	intergenic	.	contig_1016:775324-775474
contig_10166	218625	218754	intergenic	.	contig_10166:218625-218754
contig_10167	150839	150975	gene,mRNA	.	contig_10167:150839-150975,contig_10167:150839-150975
contig_10167	336057	336163	intergenic	.	contig_10167:336057-336163
contig_10167	432467	432701	intergenic	.	contig_10167:432467-432701
contig_10167	504836	504888	intergenic	.	contig_10167:504836-504888
contig_10167	504947	505083	intergenic	.	contig_10167:504947-505083
contig_10172	138384	138453	intergenic	.	contig_10172:138384-138453
contig_10172	447579	447681	intergenic	.	contig_10172:447579-447681
contig_10172	1335242	1335385	intergenic	.	contig_10172:1335242-1335385
contig_10174	18082	18281	intergenic	.	contig_10174:18082-18281
contig_10174	341799	341911	intergenic	.	contig_10174:341799-341911
contig_10176	307766	307855	intergenic	.	contig_10176:307766-307855
contig_10177	159522	159622	intergenic	.	contig_10177:159522-159622
contig_10179	601080	601127	gene,mRNA	.	contig_10179:601080-601127,contig_10179:601080-601127
contig_10185	187433	187633	intergenic	.	contig_10185:187433-187633
contig_10187	53560	53596	intergenic	.	contig_10187:53560-53596
contig_10189	9152	9437	intergenic	.	contig_10189:9152-9437
contig_1019	248307	248618	gene,mRNA	.	contig_1019:248307-248618,contig_1019:248307-248618
contig_1019	248712	248954	gene,mRNA	.	contig_1019:248712-248954,contig_1019:248712-248954
contig_1019	385820	385952	intergenic	.	contig_1019:385820-385952
contig_1019	791393	791472	gene,mRNA	.	contig_1019:791393-791472,contig_1019:791393-791472
contig_1019	932031	932276	intergenic	.	contig_1019:932031-932276
contig_1019	1107089	1107347	intergenic	.	contig_1019:1107089-1107347
contig_1019	1147565	1147801	intergenic	.	contig_1019:1147565-1147801
contig_1019	1188086	1188307	intergenic	.	contig_1019:1188086-1188307
contig_10190	95052	95418	exon,CDS,stop_codon,polyA_signal_sequence,gene,mRNA	.	contig_10190:95052-95418,contig_10190:95052-95418,contig_10190:95052-95418,contig_10190:95052-95418,contig_10190:95052-95418,contig_10190:95052-95418
contig_10190	95211	95418	intergenic	.	contig_10190:95211-95418
contig_10190	96694	96809	intergenic	.	contig_10190:96694-96809
contig_10191	140874	141084	gene,mRNA	.	contig_10191:140874-141084,contig_10191:140874-141084
contig_10191	141148	141270	gene,mRNA	.	contig_10191:141148-141270,contig_10191:141148-141270
contig_10191	199096	199241	gene,mRNA	.	contig_10191:199096-199241,contig_10191:199096-199241
contig_10191	538113	538237	intergenic	.	contig_10191:538113-538237
contig_10191	550409	550598	intergenic	.	contig_10191:550409-550598
contig_10191	1419992	1420258	intergenic	.	contig_10191:1419992-1420258
contig_10191	1792531	1792981	gene,mRNA	.	contig_10191:1792531-1792981,contig_10191:1792531-1792981
contig_10191	1793069	1793138	gene,mRNA	.	contig_10191:1793069-1793138,contig_10191:1793069-1793138
contig_10191	1981916	1982033	gene,mRNA	.	contig_10191:1981916-1982033,contig_10191:1981916-1982033
contig_10192	27372	27464	gene,mRNA	.	contig_10192:27372-27464,contig_10192:27372-27464
contig_10196	592690	592935	intergenic	.	contig_10196:592690-592935
contig_10196	936781	937001	gene,mRNA	.	contig_10196:936781-937001,contig_10196:936781-937001
contig_10196	976892	977029	gene,mRNA	.	contig_10196:976892-977029,contig_10196:976892-977029
contig_10200	227169	227232	intergenic	.	contig_10200:227169-227232
contig_10200	480639	480802	intergenic	.	contig_10200:480639-480802
contig_10200	596134	596453	intergenic	.	contig_10200:596134-596453
contig_10202	14921	15202	intergenic	.	contig_10202:14921-15202
contig_10202	59445	59565	intergenic	.	contig_10202:59445-59565
contig_10202	155267	155624	intergenic	.	contig_10202:155267-155624
contig_10202	194619	194756	intergenic	.	contig_10202:194619-194756
contig_10202	201186	201416	intergenic	.	contig_10202:201186-201416
contig_10203	131234	131523	intergenic	.	contig_10203:131234-131523
contig_10203	210976	211162	intergenic	.	contig_10203:210976-211162
contig_1022	106376	106600	gene,mRNA	.	contig_1022:106376-106600,contig_1022:106376-106600
contig_1022	165675	165822	intergenic	.	contig_1022:165675-165822
contig_1022	167559	167683	intergenic	.	contig_1022:167559-167683
contig_1022	308717	309112	intergenic	.	contig_1022:308717-309112
contig_1022	588114	588159	intergenic	.	contig_1022:588114-588159
contig_1022	588354	588451	intergenic	.	contig_1022:588354-588451
contig_1022	646299	646386	intergenic	.	contig_1022:646299-646386
contig_1022	691105	691143	intergenic	.	contig_1022:691105-691143
contig_1022	767016	767158	intergenic	.	contig_1022:767016-767158
contig_1022	788034	788106	intergenic	.	contig_1022:788034-788106
contig_1022	873283	873482	intergenic	.	contig_1022:873283-873482
contig_1022	873562	873676	intergenic	.	contig_1022:873562-873676
contig_1022	987723	988039	intergenic	.	contig_1022:987723-988039
contig_1022	1059778	1060061	intergenic	.	contig_1022:1059778-1060061
contig_1022	1341328	1341449	intergenic	.	contig_1022:1341328-1341449
contig_1022	1470289	1470652	intergenic	.	contig_1022:1470289-1470652
contig_1022	1490930	1491281	intergenic	.	contig_1022:1490930-1491281
contig_1022	1491590	1491721	intergenic	.	contig_1022:1491590-1491721
contig_1022	1566873	1567153	intergenic	.	contig_1022:1566873-1567153
contig_1022	1568011	1568110	intergenic	.	contig_1022:1568011-1568110
contig_1022	1585882	1586038	intergenic	.	contig_1022:1585882-1586038
contig_1022	1586134	1586194	intergenic	.	contig_1022:1586134-1586194
contig_1022	1627514	1627881	intergenic	.	contig_1022:1627514-1627881
contig_1022	1688991	1689261	intergenic	.	contig_1022:1688991-1689261
contig_1022	1838845	1839245	gene,mRNA	.	contig_1022:1838845-1839245,contig_1022:1838845-1839245
contig_1022	2051088	2051405	exon,CDS,start_codon,gene,mRNA	.	contig_1022:2051088-2051405,contig_1022:2051088-2051405,contig_1022:2051088-2051405,contig_1022:2051088-2051405,contig_1022:2051088-2051405
contig_1022	2051395	2051405	intergenic	.	contig_1022:2051395-2051405
contig_1022	2146568	2146743	intergenic	.	contig_1022:2146568-2146743
contig_1022	2168912	2169008	intergenic	.	contig_1022:2168912-2169008
contig_1022	2169072	2169324	intergenic	.	contig_1022:2169072-2169324
contig_1022	2255869	2255943	intergenic	.	contig_1022:2255869-2255943
contig_1022	2341846	2341889	intergenic	.	contig_1022:2341846-2341889
contig_1022	2342003	2342192	intergenic	.	contig_1022:2342003-2342192
contig_1022	2342285	2342497	intergenic	.	contig_1022:2342285-2342497
contig_1022	2527577	2527721	intergenic	.	contig_1022:2527577-2527721
contig_1022	2591116	2591729	gene,mRNA	.	contig_1022:2591116-2591729,contig_1022:2591116-2591729
contig_1022	2765589	2765666	intergenic	.	contig_1022:2765589-2765666
contig_1022	2829660	2829701	intergenic	.	contig_1022:2829660-2829701
contig_1022	2829754	2829846	intergenic	.	contig_1022:2829754-2829846
contig_1022	2948229	2948448	intergenic	.	contig_1022:2948229-2948448
contig_10222	40167	40265	intergenic	.	contig_10222:40167-40265
contig_10224	110898	111081	intergenic	.	contig_10224:110898-111081
contig_10224	145774	145874	intergenic	.	contig_10224:145774-145874
contig_10224	477144	477196	gene,mRNA	.	contig_10224:477144-477196,contig_10224:477144-477196
contig_10224	547935	548278	gene,mRNA	.	contig_10224:547935-548278,contig_10224:547935-548278
contig_10224	548364	548624	gene,mRNA	.	contig_10224:548364-548624,contig_10224:548364-548624
contig_10225	85531	85631	intergenic	.	contig_10225:85531-85631
contig_10225	229458	229601	intergenic	.	contig_10225:229458-229601
contig_10225	395001	395288	intergenic	.	contig_10225:395001-395288
contig_10227	415045	415196	intergenic	.	contig_10227:415045-415196
contig_10227	709316	709445	intergenic	.	contig_10227:709316-709445
contig_1023	11743	11951	intergenic	.	contig_1023:11743-11951
contig_1023	878972	879363	gene,mRNA	.	contig_1023:878972-879363,contig_1023:878972-879363
contig_1023	1164708	1164762	intergenic	.	contig_1023:1164708-1164762
contig_1023	1301332	1301468	intergenic	.	contig_1023:1301332-1301468
contig_1023	1301941	1302085	intergenic	.	contig_1023:1301941-1302085
contig_1023	1328664	1328743	intergenic	.	contig_1023:1328664-1328743
contig_1023	1330130	1330470	intergenic	.	contig_1023:1330130-1330470
contig_1023	1707775	1707822	intergenic	.	contig_1023:1707775-1707822
contig_10232	40166	40224	intergenic	.	contig_10232:40166-40224
contig_10232	40299	40500	intergenic	.	contig_10232:40299-40500
contig_10232	141448	141677	intergenic	.	contig_10232:141448-141677
contig_10232	158838	159035	intergenic	.	contig_10232:158838-159035
contig_10232	225489	225749	intergenic	.	contig_10232:225489-225749
contig_10232	247015	247094	intergenic	.	contig_10232:247015-247094
contig_10232	342143	342175	intergenic	.	contig_10232:342143-342175
contig_10232	430790	430873	intergenic	.	contig_10232:430790-430873
contig_10233	90366	90432	gene,mRNA	.	contig_10233:90366-90432,contig_10233:90366-90432
contig_10233	557448	557534	intergenic	.	contig_10233:557448-557534
contig_10233	878092	878327	intergenic	.	contig_10233:878092-878327
contig_10233	922557	922795	intergenic	.	contig_10233:922557-922795
contig_10234	223207	223285	gene,mRNA	.	contig_10234:223207-223285,contig_10234:223207-223285
contig_10236	61631	61721	gene,mRNA	.	contig_10236:61631-61721,contig_10236:61631-61721
contig_10240	277141	277581	intergenic	.	contig_10240:277141-277581
contig_10242	139341	139811	gene,mRNA,stop_codon,exon,CDS	.	contig_10242:139341-139811,contig_10242:139341-139811,contig_10242:139341-139811,contig_10242:139341-139811,contig_10242:139341-139811
contig_10242	341833	342032	intergenic	.	contig_10242:341833-342032
contig_10242	396402	396597	intergenic	.	contig_10242:396402-396597
contig_10242	477260	477297	gene,mRNA	.	contig_10242:477260-477297,contig_10242:477260-477297
contig_10242	588803	588833	intergenic	.	contig_10242:588803-588833
contig_10242	645229	645393	intergenic	.	contig_10242:645229-645393
contig_10243	156867	156946	intergenic	.	contig_10243:156867-156946
contig_10243	255878	256007	intergenic	.	contig_10243:255878-256007
contig_10244	436383	436429	intergenic	.	contig_10244:436383-436429
contig_10244	695302	695433	intergenic	.	contig_10244:695302-695433
contig_10245	524095	524179	intergenic	.	contig_10245:524095-524179
contig_10254	501994	502268	intergenic	.	contig_10254:501994-502268
contig_10254	591932	592142	gene,mRNA	.	contig_10254:591932-592142,contig_10254:591932-592142
contig_10254	697791	697914	intergenic	.	contig_10254:697791-697914
contig_10254	1086389	1086558	intergenic	.	contig_10254:1086389-1086558
contig_1026	168584	168760	intergenic	.	contig_1026:168584-168760
contig_1026	636935	637060	intergenic	.	contig_1026:636935-637060
contig_1026	1640546	1640727	gene,mRNA	.	contig_1026:1640546-1640727,contig_1026:1640546-1640727
contig_1026	1722864	1722989	intergenic	.	contig_1026:1722864-1722989
contig_1026	1902608	1902673	intergenic	.	contig_1026:1902608-1902673
contig_1026	2038251	2038303	intergenic	.	contig_1026:2038251-2038303
contig_1026	2431139	2431409	intergenic	.	contig_1026:2431139-2431409
contig_1026	2646271	2646385	intergenic	.	contig_1026:2646271-2646385
contig_1026	2982131	2982813	gene,mRNA	.	contig_1026:2982131-2982813,contig_1026:2982131-2982813
contig_1026	3365414	3365598	intergenic	.	contig_1026:3365414-3365598
contig_1026	3661423	3661492	intergenic	.	contig_1026:3661423-3661492
contig_10261	142557	142817	gene,mRNA	.	contig_10261:142557-142817,contig_10261:142557-142817
contig_10261	286805	286986	gene,mRNA	.	contig_10261:286805-286986,contig_10261:286805-286986
contig_10264	89610	89797	intergenic	.	contig_10264:89610-89797
contig_10266	8301	8600	intergenic	.	contig_10266:8301-8600
contig_10267	722510	722860	intergenic	.	contig_10267:722510-722860
contig_1027	640142	640354	intergenic	.	contig_1027:640142-640354
contig_1027	686991	687083	intergenic	.	contig_1027:686991-687083
contig_1027	876991	877060	intergenic	.	contig_1027:876991-877060
contig_1027	877355	877385	intergenic	.	contig_1027:877355-877385
contig_1027	1042952	1043058	intergenic	.	contig_1027:1042952-1043058
contig_10270	67894	67934	intergenic	.	contig_10270:67894-67934
contig_10270	154943	155152	intergenic	.	contig_10270:154943-155152
contig_10276	421421	421521	intergenic	.	contig_10276:421421-421521
contig_10276	504066	504760	intergenic	.	contig_10276:504066-504760
contig_10281	163441	163611	intergenic	.	contig_10281:163441-163611
contig_10284	43168	43271	exon,CDS,gene,mRNA	.	contig_10284:43168-43271,contig_10284:43168-43271,contig_10284:43168-43271,contig_10284:43168-43271
contig_10284	112364	112480	gene,polyA_signal_sequence	.	contig_10284:112364-112480,contig_10284:112364-112480
contig_10284	112409	112480	intergenic	.	contig_10284:112409-112480
contig_10286	218304	218462	gene,mRNA	.	contig_10286:218304-218462,contig_10286:218304-218462
contig_10293	57413	57514	gene,mRNA	.	contig_10293:57413-57514,contig_10293:57413-57514
contig_10300	76783	77023	intergenic	.	contig_10300:76783-77023
contig_10300	78958	79313	intergenic	.	contig_10300:78958-79313
contig_10300	234496	234636	intergenic	.	contig_10300:234496-234636
contig_10300	351244	351396	gene,mRNA	.	contig_10300:351244-351396,contig_10300:351244-351396
contig_10300	351765	352030	gene,mRNA	.	contig_10300:351765-352030,contig_10300:351765-352030
contig_10302	101421	101480	intergenic	.	contig_10302:101421-101480
contig_10313	69310	69545	intergenic	.	contig_10313:69310-69545
contig_10314	141592	141762	mRNA,gene	.	contig_10314:141592-141762,contig_10314:141592-141762
contig_10314	194760	194916	intergenic	.	contig_10314:194760-194916
contig_10314	300755	301001	intergenic	.	contig_10314:300755-301001
contig_10314	301742	301788	intergenic	.	contig_10314:301742-301788
contig_10314	387031	387107	intergenic	.	contig_10314:387031-387107
contig_10314	418319	418598	intergenic	.	contig_10314:418319-418598
contig_10314	434962	435049	intergenic	.	contig_10314:434962-435049
contig_10314	472698	472840	intergenic	.	contig_10314:472698-472840
contig_10315	226781	226983	intergenic	.	contig_10315:226781-226983
contig_10321	81096	81178	exon,CDS,gene,mRNA	.	contig_10321:81096-81178,contig_10321:81096-81178,contig_10321:81096-81178,contig_10321:81096-81178
contig_1034	533942	534144	intergenic	.	contig_1034:533942-534144
contig_1034	583034	583198	intergenic	.	contig_1034:583034-583198
contig_1034	759202	759621	intergenic	.	contig_1034:759202-759621
contig_1034	865743	865974	intergenic	.	contig_1034:865743-865974
contig_1034	882483	882539	intergenic	.	contig_1034:882483-882539
contig_1034	1078137	1078304	intergenic	.	contig_1034:1078137-1078304
contig_1034	1114593	1114986	intergenic	.	contig_1034:1114593-1114986
contig_10340	12537	12980	intergenic	.	contig_10340:12537-12980
contig_10340	395676	395845	intergenic	.	contig_10340:395676-395845
contig_10340	459708	460001	intergenic	.	contig_10340:459708-460001
contig_10340	460676	460749	intergenic	.	contig_10340:460676-460749
contig_10340	529944	530220	intergenic	.	contig_10340:529944-530220
contig_10340	530693	530866	intergenic	.	contig_10340:530693-530866
contig_10340	819121	819343	intergenic	.	contig_10340:819121-819343
contig_10340	1001986	1002165	intergenic	.	contig_10340:1001986-1002165
contig_10340	1012431	1012507	intergenic	.	contig_10340:1012431-1012507
contig_10340	1012815	1012918	intergenic	.	contig_10340:1012815-1012918
contig_10342	101249	101486	gene,mRNA	.	contig_10342:101249-101486,contig_10342:101249-101486
contig_10346	200099	200321	intergenic	.	contig_10346:200099-200321
contig_10346	299143	299206	intergenic	.	contig_10346:299143-299206
contig_10346	724564	724830	intergenic	.	contig_10346:724564-724830
contig_10348	172672	172865	intergenic	.	contig_10348:172672-172865
contig_10349	387741	387840	intergenic	.	contig_10349:387741-387840
contig_10351	29207	29339	gene,mRNA	.	contig_10351:29207-29339,contig_10351:29207-29339
contig_10354	32207	32291	intergenic	.	contig_10354:32207-32291
contig_10354	570095	570162	intergenic	.	contig_10354:570095-570162
contig_10354	583672	583752	intergenic	.	contig_10354:583672-583752
contig_10354	737343	737380	intergenic	.	contig_10354:737343-737380
contig_10357	293100	293343	gene,mRNA	.	contig_10357:293100-293343,contig_10357:293100-293343
contig_10357	330381	330466	intergenic	.	contig_10357:330381-330466
contig_10357	406037	406130	intergenic	.	contig_10357:406037-406130
contig_10357	406567	406668	intergenic	.	contig_10357:406567-406668
contig_1036	187111	187259	intergenic	.	contig_1036:187111-187259
contig_1036	201114	201154	intergenic	.	contig_1036:201114-201154
contig_1036	674237	674485	intergenic	.	contig_1036:674237-674485
contig_1036	752121	752248	intergenic	.	contig_1036:752121-752248
contig_10361	151314	151453	intergenic	.	contig_10361:151314-151453
contig_10361	198554	198744	intergenic	.	contig_10361:198554-198744
contig_10361	363251	363421	gene,mRNA	.	contig_10361:363251-363421,contig_10361:363251-363421
contig_10361	584827	584963	intergenic	.	contig_10361:584827-584963
contig_10362	24643	24748	intergenic	.	contig_10362:24643-24748
contig_10362	103548	103634	intergenic	.	contig_10362:103548-103634
contig_10362	104055	104165	intergenic	.	contig_10362:104055-104165
contig_10362	135206	135328	intergenic	.	contig_10362:135206-135328
contig_10365	386201	386303	gene,mRNA	.	contig_10365:386201-386303,contig_10365:386201-386303
contig_10365	532994	533077	intergenic	.	contig_10365:532994-533077
contig_10365	668151	668206	intergenic	.	contig_10365:668151-668206
contig_10365	706807	706947	intergenic	.	contig_10365:706807-706947
contig_10366	24943	25043	intergenic	.	contig_10366:24943-25043
contig_1037	163856	163963	intergenic	.	contig_1037:163856-163963
contig_10373	95023	95324	intergenic	.	contig_10373:95023-95324
contig_10373	278684	278866	intergenic	.	contig_10373:278684-278866
contig_10373	360649	360862	intergenic	.	contig_10373:360649-360862
contig_10374	144163	144505	intergenic	.	contig_10374:144163-144505
contig_10382	39717	39820	gene,mRNA	.	contig_10382:39717-39820,contig_10382:39717-39820
contig_1039	485204	485383	intergenic	.	contig_1039:485204-485383
contig_1039	709487	709668	intergenic	.	contig_1039:709487-709668
contig_1039	715708	715845	intergenic	.	contig_1039:715708-715845
contig_10393	104030	104100	intergenic	.	contig_10393:104030-104100
contig_10393	358772	358836	intergenic	.	contig_10393:358772-358836
contig_10393	569211	569306	intergenic	.	contig_10393:569211-569306
contig_10393	741532	741578	intergenic	.	contig_10393:741532-741578
contig_10393	741684	741805	intergenic	.	contig_10393:741684-741805
contig_10393	885516	885877	intergenic	.	contig_10393:885516-885877
contig_10393	991451	991502	intergenic	.	contig_10393:991451-991502
contig_10393	1022903	1023063	intergenic	.	contig_10393:1022903-1023063
contig_10393	1045493	1045604	intergenic	.	contig_10393:1045493-1045604
contig_10393	1050921	1051047	intergenic	.	contig_10393:1050921-1051047
contig_10393	1111330	1111543	intergenic	.	contig_10393:1111330-1111543
contig_10393	1232365	1232915	intergenic	.	contig_10393:1232365-1232915
contig_10397	332572	332702	intergenic	.	contig_10397:332572-332702
contig_10397	388310	388424	intergenic	.	contig_10397:388310-388424
contig_10409	29175	29306	gene,mRNA	.	contig_10409:29175-29306,contig_10409:29175-29306
contig_10418	7566	7668	intergenic	.	contig_10418:7566-7668
contig_10418	7792	7840	intergenic	.	contig_10418:7792-7840
contig_10420	172551	172643	intergenic	.	contig_10420:172551-172643
contig_10420	172957	173042	intergenic	.	contig_10420:172957-173042
contig_10425	81260	81467	gene,mRNA	.	contig_10425:81260-81467,contig_10425:81260-81467
contig_10428	69848	70061	intergenic	.	contig_10428:69848-70061
contig_10428	103724	104000	intergenic	.	contig_10428:103724-104000
contig_10428	117973	118082	intergenic	.	contig_10428:117973-118082
contig_10430	79837	79990	intergenic	.	contig_10430:79837-79990
contig_10432	135962	136205	intergenic	.	contig_10432:135962-136205
contig_10432	330077	330215	gene,mRNA	.	contig_10432:330077-330215,contig_10432:330077-330215
contig_10432	1315162	1315305	intergenic	.	contig_10432:1315162-1315305
contig_10435	18318	18797	intergenic	.	contig_10435:18318-18797
contig_10435	23026	23098	intergenic	.	contig_10435:23026-23098
contig_1044	101602	101748	gene,mRNA	.	contig_1044:101602-101748,contig_1044:101602-101748
contig_1044	291159	291429	intergenic	.	contig_1044:291159-291429
contig_1044	375461	375563	intergenic	.	contig_1044:375461-375563
contig_10443	43866	44026	intergenic	.	contig_10443:43866-44026
contig_10445	30897	30979	intergenic	.	contig_10445:30897-30979
contig_10446	127804	127892	intergenic	.	contig_10446:127804-127892
contig_10447	54624	54779	intergenic	.	contig_10447:54624-54779
contig_10447	61651	61771	intergenic	.	contig_10447:61651-61771
contig_10448	129911	130097	gene,mRNA	.	contig_10448:129911-130097,contig_10448:129911-130097
contig_10448	131228	131448	gene,mRNA	.	contig_10448:131228-131448,contig_10448:131228-131448
contig_10448	227119	227334	intergenic	.	contig_10448:227119-227334
contig_10448	244218	244599	intergenic	.	contig_10448:244218-244599
contig_10449	27192	27384	intergenic	.	contig_10449:27192-27384
contig_10449	287899	287973	intergenic	.	contig_10449:287899-287973
contig_10449	349761	349903	intergenic	.	contig_10449:349761-349903
contig_10449	350060	350165	intergenic	.	contig_10449:350060-350165
contig_10449	442905	443040	intergenic	.	contig_10449:442905-443040
contig_10450	179000	179178	gene,mRNA	.	contig_10450:179000-179178,contig_10450:179000-179178
contig_1046	102270	102310	intergenic	.	contig_1046:102270-102310
contig_10481	89804	89921	intergenic	.	contig_10481:89804-89921
contig_10481	176996	177089	intergenic	.	contig_10481:176996-177089
contig_10481	312083	312329	intergenic	.	contig_10481:312083-312329
contig_10484	30334	30785	intergenic	.	contig_10484:30334-30785
contig_10485	111100	111187	gene	.	contig_10485:111100-111187
contig_10485	495521	495828	gene,mRNA	.	contig_10485:495521-495828,contig_10485:495521-495828
contig_10504	133810	133942	intergenic	.	contig_10504:133810-133942
contig_10514	41175	41279	intergenic	.	contig_10514:41175-41279
contig_10514	191995	192113	intergenic	.	contig_10514:191995-192113
contig_10514	273455	273850	intergenic	.	contig_10514:273455-273850
contig_10515	16185	16546	intergenic	.	contig_10515:16185-16546
contig_10515	48250	48443	intergenic	.	contig_10515:48250-48443
contig_10515	92315	92509	intergenic	.	contig_10515:92315-92509
contig_10516	119017	119227	intergenic	.	contig_10516:119017-119227
contig_10516	134413	134749	intergenic	.	contig_10516:134413-134749
contig_10516	296045	296506	intergenic	.	contig_10516:296045-296506
contig_10516	382367	382477	intergenic	.	contig_10516:382367-382477
contig_10516	399124	399603	intergenic	.	contig_10516:399124-399603
contig_10516	407333	407471	intergenic	.	contig_10516:407333-407471
contig_10516	435773	435964	intergenic	.	contig_10516:435773-435964
contig_10516	436465	436633	intergenic	.	contig_10516:436465-436633
contig_10516	436725	437066	intergenic	.	contig_10516:436725-437066
contig_10516	461186	461275	intergenic	.	contig_10516:461186-461275
contig_10516	461345	461494	intergenic	.	contig_10516:461345-461494
contig_10516	494832	494963	intergenic	.	contig_10516:494832-494963
contig_10516	600795	601066	gene,mRNA	.	contig_10516:600795-601066,contig_10516:600795-601066
contig_10516	730652	730907	gene,mRNA	.	contig_10516:730652-730907,contig_10516:730652-730907
contig_10516	785096	785223	intergenic	.	contig_10516:785096-785223
contig_10516	785532	785569	intergenic	.	contig_10516:785532-785569
contig_10516	789692	790458	intergenic	.	contig_10516:789692-790458
contig_10518	7162	7305	intergenic	.	contig_10518:7162-7305
contig_10529	277338	277972	gene,mRNA	.	contig_10529:277338-277972,contig_10529:277338-277972
contig_10529	279134	279188	intergenic	.	contig_10529:279134-279188
contig_1053	63923	64201	intergenic	.	contig_1053:63923-64201
contig_1053	371430	371661	gene,mRNA	.	contig_1053:371430-371661,contig_1053:371430-371661
contig_1053	437566	437825	intergenic	.	contig_1053:437566-437825
contig_1053	1686147	1686198	gene,mRNA	.	contig_1053:1686147-1686198,contig_1053:1686147-1686198
contig_10538	34405	34610	intergenic	.	contig_10538:34405-34610
contig_10538	69676	69897	intergenic	.	contig_10538:69676-69897
contig_10541	6857	7020	gene,mRNA	.	contig_10541:6857-7020,contig_10541:6857-7020
contig_10541	53549	53661	gene,mRNA	.	contig_10541:53549-53661,contig_10541:53549-53661
contig_10541	318328	318566	intergenic	.	contig_10541:318328-318566
contig_10541	397530	397640	intergenic	.	contig_10541:397530-397640
contig_10541	512634	512722	intergenic	.	contig_10541:512634-512722
contig_10542	347237	347321	intergenic	.	contig_10542:347237-347321
contig_10542	347421	347799	intergenic	.	contig_10542:347421-347799
contig_10547	391437	391509	gene,mRNA	.	contig_10547:391437-391509,contig_10547:391437-391509
contig_10556	3203	3351	intergenic	.	contig_10556:3203-3351
contig_10556	8138	8375	intergenic	.	contig_10556:8138-8375
contig_10558	62273	62382	intergenic	.	contig_10558:62273-62382
contig_10558	100102	100140	intergenic	.	contig_10558:100102-100140
contig_1056	57276	57336	gene,mRNA	.	contig_1056:57276-57336,contig_1056:57276-57336
contig_10560	568431	569035	intergenic	.	contig_10560:568431-569035
contig_10560	639584	639918	intergenic	.	contig_10560:639584-639918
contig_1059	32406	32792	gene,mRNA	.	contig_1059:32406-32792,contig_1059:32406-32792
contig_1059	175979	176073	intergenic	.	contig_1059:175979-176073
contig_1059	176125	176253	intergenic	.	contig_1059:176125-176253
contig_1059	223187	223282	gene,mRNA	.	contig_1059:223187-223282,contig_1059:223187-223282
contig_1059	263433	263465	intergenic	.	contig_1059:263433-263465
contig_1059	282209	282277	gene,mRNA	.	contig_1059:282209-282277,contig_1059:282209-282277
contig_1059	282374	282506	gene,mRNA	.	contig_1059:282374-282506,contig_1059:282374-282506
contig_1059	285998	286248	gene,mRNA	.	contig_1059:285998-286248,contig_1059:285998-286248
contig_1059	396470	396748	intergenic	.	contig_1059:396470-396748
contig_1059	396807	396898	intergenic	.	contig_1059:396807-396898
contig_1059	744875	745097	gene,mRNA	.	contig_1059:744875-745097,contig_1059:744875-745097
contig_1059	977669	977825	intergenic	.	contig_1059:977669-977825
contig_1059	977923	978031	intergenic	.	contig_1059:977923-978031
contig_1059	1470154	1470374	intergenic	.	contig_1059:1470154-1470374
contig_1059	1725404	1725836	intergenic	.	contig_1059:1725404-1725836
contig_1059	1731282	1731532	intergenic	.	contig_1059:1731282-1731532
contig_1061	187412	187652	gene,mRNA	.	contig_1061:187412-187652,contig_1061:187412-187652
contig_1061	337167	337390	intergenic	.	contig_1061:337167-337390
contig_1061	680401	680626	intergenic	.	contig_1061:680401-680626
contig_1061	1363444	1363637	gene,mRNA	.	contig_1061:1363444-1363637,contig_1061:1363444-1363637
contig_1061	1896704	1896965	gene,mRNA	.	contig_1061:1896704-1896965,contig_1061:1896704-1896965
contig_1061	1914445	1914922	gene,mRNA	.	contig_1061:1914445-1914922,contig_1061:1914445-1914922
contig_1061	2311638	2311833	intergenic	.	contig_1061:2311638-2311833
contig_1061	2359802	2359888	intergenic	.	contig_1061:2359802-2359888
contig_1061	2359946	2360041	intergenic	.	contig_1061:2359946-2360041
contig_1061	3940540	3940647	intergenic	.	contig_1061:3940540-3940647
contig_1061	3995286	3995682	intergenic	.	contig_1061:3995286-3995682
contig_1061	4239840	4239882	intergenic	.	contig_1061:4239840-4239882
contig_1061	4456478	4456835	intergenic	.	contig_1061:4456478-4456835
contig_1061	4819014	4819251	intergenic	.	contig_1061:4819014-4819251
contig_1061	5216483	5216606	intergenic	.	contig_1061:5216483-5216606
contig_1061	5216972	5217117	intergenic	.	contig_1061:5216972-5217117
contig_1061	5304380	5304758	gene,mRNA	.	contig_1061:5304380-5304758,contig_1061:5304380-5304758
contig_1064	156073	156268	intergenic	.	contig_1064:156073-156268
contig_1064	157900	158054	intergenic	.	contig_1064:157900-158054
contig_1064	605797	605970	intergenic	.	contig_1064:605797-605970
contig_1064	1147392	1147544	intergenic	.	contig_1064:1147392-1147544
contig_1064	1730548	1730725	intergenic	.	contig_1064:1730548-1730725
contig_1064	2848103	2848248	intergenic	.	contig_1064:2848103-2848248
contig_1064	2848393	2848529	intergenic	.	contig_1064:2848393-2848529
contig_1064	3055062	3055180	intergenic	.	contig_1064:3055062-3055180
contig_1064	4732552	4732857	intergenic	.	contig_1064:4732552-4732857
contig_1064	4733474	4733598	intergenic	.	contig_1064:4733474-4733598
contig_1064	5048481	5048636	gene,mRNA	.	contig_1064:5048481-5048636,contig_1064:5048481-5048636
contig_1064	5093784	5093840	intergenic	.	contig_1064:5093784-5093840
contig_1064	5230423	5230504	gene,mRNA	.	contig_1064:5230423-5230504,contig_1064:5230423-5230504
contig_1070	672154	672446	gene,mRNA	.	contig_1070:672154-672446,contig_1070:672154-672446
contig_1071	292602	292766	intergenic	.	contig_1071:292602-292766
contig_1071	292817	292885	intergenic	.	contig_1071:292817-292885
contig_1071	900928	901038	intergenic	.	contig_1071:900928-901038
contig_1071	1053511	1053699	intergenic	.	contig_1071:1053511-1053699
contig_1071	1619264	1619669	intergenic	.	contig_1071:1619264-1619669
contig_1075	132310	132404	intergenic	.	contig_1075:132310-132404
contig_1075	143899	144000	intergenic	.	contig_1075:143899-144000
contig_1075	205385	205450	intergenic	.	contig_1075:205385-205450
contig_1075	388782	388906	intergenic	.	contig_1075:388782-388906
contig_1075	389034	389130	intergenic	.	contig_1075:389034-389130
contig_1075	518454	518870	intergenic	.	contig_1075:518454-518870
contig_1075	525902	525946	intergenic	.	contig_1075:525902-525946
contig_1075	611056	611429	intergenic	.	contig_1075:611056-611429
contig_1075	784318	784939	intergenic	.	contig_1075:784318-784939
contig_1075	1561411	1561460	intergenic	.	contig_1075:1561411-1561460
contig_1078	193981	194114	gene,mRNA	.	contig_1078:193981-194114,contig_1078:193981-194114
contig_1078	385481	385696	intergenic	.	contig_1078:385481-385696
contig_1078	452990	453134	intergenic	.	contig_1078:452990-453134
contig_1078	658464	658682	intergenic	.	contig_1078:658464-658682
contig_1078	1571127	1571321	intergenic	.	contig_1078:1571127-1571321
contig_1078	1863024	1863186	gene,mRNA	.	contig_1078:1863024-1863186,contig_1078:1863024-1863186
contig_1078	2013428	2013625	intergenic	.	contig_1078:2013428-2013625
contig_1078	2612692	2612754	intergenic	.	contig_1078:2612692-2612754
contig_1078	2803976	2804054	intergenic	.	contig_1078:2803976-2804054
contig_108	1625651	1625790	intergenic	.	contig_108:1625651-1625790
contig_108	2303445	2303537	intergenic	.	contig_108:2303445-2303537
contig_108	2765563	2765625	gene,mRNA	.	contig_108:2765563-2765625,contig_108:2765563-2765625
contig_1083	443435	443570	intergenic	.	contig_1083:443435-443570
contig_1083	645851	645999	intergenic	.	contig_1083:645851-645999
contig_1083	772260	772467	intergenic	.	contig_1083:772260-772467
contig_1083	1307607	1307821	intergenic	.	contig_1083:1307607-1307821
contig_1083	1307920	1307988	intergenic	.	contig_1083:1307920-1307988
contig_1083	1411444	1411514	intergenic	.	contig_1083:1411444-1411514
contig_1083	1733499	1733601	intergenic	.	contig_1083:1733499-1733601
contig_1083	2048355	2048422	intergenic	.	contig_1083:2048355-2048422
contig_1086	99828	99958	gene,mRNA	.	contig_1086:99828-99958,contig_1086:99828-99958
contig_1086	493316	493421	intergenic	.	contig_1086:493316-493421
contig_1086	493845	494045	intergenic	.	contig_1086:493845-494045
contig_1086	653147	653219	intergenic	.	contig_1086:653147-653219
contig_1086	1296007	1296037	intergenic	.	contig_1086:1296007-1296037
contig_1086	1346764	1346822	intergenic	.	contig_1086:1346764-1346822
contig_1101	122516	122726	intergenic	.	contig_1101:122516-122726
contig_1101	357106	357220	gene,mRNA	.	contig_1101:357106-357220,contig_1101:357106-357220
contig_1101	956803	957043	gene,mRNA	.	contig_1101:956803-957043,contig_1101:956803-957043
contig_1101	1071289	1071655	intergenic	.	contig_1101:1071289-1071655
contig_1101	1199061	1199168	intergenic	.	contig_1101:1199061-1199168
contig_1103	161373	161469	gene,mRNA	.	contig_1103:161373-161469,contig_1103:161373-161469
contig_1103	161578	161673	gene,mRNA	.	contig_1103:161578-161673,contig_1103:161578-161673
contig_1103	338659	338868	gene,mRNA	.	contig_1103:338659-338868,contig_1103:338659-338868
contig_1103	372188	372687	intergenic	.	contig_1103:372188-372687
contig_1103	444983	445117	intergenic	.	contig_1103:444983-445117
contig_1103	465749	465855	gene,mRNA	.	contig_1103:465749-465855,contig_1103:465749-465855
contig_1103	465930	466064	gene,mRNA	.	contig_1103:465930-466064,contig_1103:465930-466064
contig_1103	514119	514211	intergenic	.	contig_1103:514119-514211
contig_1103	593610	593735	gene,mRNA	.	contig_1103:593610-593735,contig_1103:593610-593735
contig_1103	798875	798916	intergenic	.	contig_1103:798875-798916
contig_1107	109621	109701	intergenic	.	contig_1107:109621-109701
contig_1107	154653	154792	gene,mRNA	.	contig_1107:154653-154792,contig_1107:154653-154792
contig_1107	189816	190018	gene,mRNA	.	contig_1107:189816-190018,contig_1107:189816-190018
contig_1107	523491	523564	intergenic	.	contig_1107:523491-523564
contig_1107	993806	993886	intergenic	.	contig_1107:993806-993886
contig_1107	1432244	1432383	gene,mRNA	.	contig_1107:1432244-1432383,contig_1107:1432244-1432383
contig_111	177352	177457	gene,mRNA	.	contig_111:177352-177457,contig_111:177352-177457
contig_111	1312432	1312469	gene,mRNA	.	contig_111:1312432-1312469,contig_111:1312432-1312469
contig_1114	395471	395532	intergenic	.	contig_1114:395471-395532
contig_1114	564858	564915	intergenic	.	contig_1114:564858-564915
contig_1114	586662	586704	intergenic	.	contig_1114:586662-586704
contig_112	256100	256279	intergenic	.	contig_112:256100-256279
contig_112	393103	393166	intergenic	.	contig_112:393103-393166
contig_112	689127	689188	gene,mRNA	.	contig_112:689127-689188,contig_112:689127-689188
contig_112	1538862	1538927	intergenic	.	contig_112:1538862-1538927
contig_1120	402081	402180	intergenic	.	contig_1120:402081-402180
contig_1120	528841	528974	gene	.	contig_1120:528841-528974
contig_1120	897225	897369	intergenic	.	contig_1120:897225-897369
contig_1120	897445	897790	intergenic	.	contig_1120:897445-897790
contig_1120	904479	904833	intergenic	.	contig_1120:904479-904833
contig_1124	196931	197069	gene,mRNA	.	contig_1124:196931-197069,contig_1124:196931-197069
contig_1126	23115	23347	intergenic	.	contig_1126:23115-23347
contig_1126	130195	130236	intergenic	.	contig_1126:130195-130236
contig_1126	130298	130366	intergenic	.	contig_1126:130298-130366
contig_1126	197042	197083	intergenic	.	contig_1126:197042-197083
contig_1126	224510	224599	intergenic	.	contig_1126:224510-224599
contig_1126	345205	345489	intergenic	.	contig_1126:345205-345489
contig_1126	592023	592243	gene,mRNA	.	contig_1126:592023-592243,contig_1126:592023-592243
contig_1126	613431	613530	gene,mRNA	.	contig_1126:613431-613530,contig_1126:613431-613530
contig_1126	691848	692036	intergenic	.	contig_1126:691848-692036
contig_1126	769138	769421	gene,mRNA	.	contig_1126:769138-769421,contig_1126:769138-769421
contig_1126	786000	786151	gene,mRNA	.	contig_1126:786000-786151,contig_1126:786000-786151
contig_1126	786324	786821	gene,mRNA	.	contig_1126:786324-786821,contig_1126:786324-786821
contig_1126	808121	808808	intergenic	.	contig_1126:808121-808808
contig_1126	1136328	1136605	intergenic	.	contig_1126:1136328-1136605
contig_1126	1151899	1151986	intergenic	.	contig_1126:1151899-1151986
contig_1126	1399319	1399493	intergenic	.	contig_1126:1399319-1399493
contig_1126	1426764	1426936	intergenic	.	contig_1126:1426764-1426936
contig_1126	1696966	1697025	intergenic	.	contig_1126:1696966-1697025
contig_1126	1697121	1697362	intergenic	.	contig_1126:1697121-1697362
contig_1126	1763233	1763321	gene,mRNA	.	contig_1126:1763233-1763321,contig_1126:1763233-1763321
contig_1126	2104163	2104375	gene,mRNA	.	contig_1126:2104163-2104375,contig_1126:2104163-2104375
contig_1126	2105159	2105245	gene,mRNA	.	contig_1126:2105159-2105245,contig_1126:2105159-2105245
contig_1126	2364699	2365129	intergenic	.	contig_1126:2364699-2365129
contig_1126	2427131	2427233	gene,mRNA	.	contig_1126:2427131-2427233,contig_1126:2427131-2427233
contig_1126	2742286	2742477	gene,mRNA	.	contig_1126:2742286-2742477,contig_1126:2742286-2742477
contig_1127	607998	608129	intergenic	.	contig_1127:607998-608129
contig_1128	417527	417683	intergenic	.	contig_1128:417527-417683
contig_113	154060	154180	gene,mRNA	.	contig_113:154060-154180,contig_113:154060-154180
contig_1136	150836	150918	gene,mRNA	.	contig_1136:150836-150918,contig_1136:150836-150918
contig_1136	480363	480530	gene,mRNA	.	contig_1136:480363-480530,contig_1136:480363-480530
contig_1136	762393	762618	intergenic	.	contig_1136:762393-762618
contig_1136	1038930	1039069	intergenic	.	contig_1136:1038930-1039069
contig_1136	1182790	1182924	intergenic	.	contig_1136:1182790-1182924
contig_1136	1183200	1183429	intergenic	.	contig_1136:1183200-1183429
contig_1136	1183601	1183663	intergenic	.	contig_1136:1183601-1183663
contig_1136	1183724	1183942	intergenic	.	contig_1136:1183724-1183942
contig_1136	1303380	1303536	intergenic	.	contig_1136:1303380-1303536
contig_1136	1422130	1422343	intergenic	.	contig_1136:1422130-1422343
contig_1136	1727772	1727894	intergenic	.	contig_1136:1727772-1727894
contig_1136	1744181	1744278	gene,mRNA	.	contig_1136:1744181-1744278,contig_1136:1744181-1744278
contig_1136	1900981	1901241	gene,mRNA	.	contig_1136:1900981-1901241,contig_1136:1900981-1901241
contig_1136	1954931	1954984	intergenic	.	contig_1136:1954931-1954984
contig_1136	2433421	2433469	intergenic	.	contig_1136:2433421-2433469
contig_1136	2465164	2465257	gene,mRNA	.	contig_1136:2465164-2465257,contig_1136:2465164-2465257
contig_1136	2727808	2728004	intergenic	.	contig_1136:2727808-2728004
contig_1136	2749633	2749703	gene,mRNA	.	contig_1136:2749633-2749703,contig_1136:2749633-2749703
contig_1136	2749983	2750091	gene,mRNA	.	contig_1136:2749983-2750091,contig_1136:2749983-2750091
contig_1136	2751623	2751859	gene,mRNA	.	contig_1136:2751623-2751859,contig_1136:2751623-2751859
contig_1136	2829957	2830085	intergenic	.	contig_1136:2829957-2830085
contig_1136	2977952	2978029	intergenic	.	contig_1136:2977952-2978029
contig_1136	3156408	3156637	intergenic	.	contig_1136:3156408-3156637
contig_1136	3192429	3193016	intergenic	.	contig_1136:3192429-3193016
contig_1136	3270589	3270774	intergenic	.	contig_1136:3270589-3270774
contig_114	198629	198815	intergenic	.	contig_114:198629-198815
contig_1149	63577	63857	intergenic	.	contig_1149:63577-63857
contig_1149	123851	123996	intergenic	.	contig_1149:123851-123996
contig_1149	383360	383418	intergenic	.	contig_1149:383360-383418
contig_1149	622531	622735	gene,mRNA	.	contig_1149:622531-622735,contig_1149:622531-622735
contig_1149	1075068	1075166	intergenic	.	contig_1149:1075068-1075166
contig_1149	1075284	1075416	intergenic	.	contig_1149:1075284-1075416
contig_1149	1222606	1222872	intergenic	.	contig_1149:1222606-1222872
contig_1149	1534057	1534132	gene,mRNA	.	contig_1149:1534057-1534132,contig_1149:1534057-1534132
contig_115	595801	595957	intergenic	.	contig_115:595801-595957
contig_115	754293	754527	gene,mRNA	.	contig_115:754293-754527,contig_115:754293-754527
contig_1153	33408	33589	intergenic	.	contig_1153:33408-33589
contig_1153	66056	66109	gene,mRNA	.	contig_1153:66056-66109,contig_1153:66056-66109
contig_1155	28115	28222	intergenic	.	contig_1155:28115-28222
contig_1158	81288	81374	gene,mRNA	.	contig_1158:81288-81374,contig_1158:81288-81374
contig_1158	1030771	1030957	gene,mRNA	.	contig_1158:1030771-1030957,contig_1158:1030771-1030957
contig_1158	1088337	1088437	gene,mRNA	.	contig_1158:1088337-1088437,contig_1158:1088337-1088437
contig_1158	1336714	1337056	intergenic	.	contig_1158:1336714-1337056
contig_116	113733	113790	intergenic	.	contig_116:113733-113790
contig_116	468821	469004	intergenic	.	contig_116:468821-469004
contig_1160	506044	506143	gene,mRNA	.	contig_1160:506044-506143,contig_1160:506044-506143
contig_1160	544076	544330	gene,mRNA	.	contig_1160:544076-544330,contig_1160:544076-544330
contig_1160	598344	598576	intergenic	.	contig_1160:598344-598576
contig_1160	1199147	1199234	intergenic	.	contig_1160:1199147-1199234
contig_1160	1407022	1407229	intergenic	.	contig_1160:1407022-1407229
contig_1160	1724908	1725109	gene,mRNA	.	contig_1160:1724908-1725109,contig_1160:1724908-1725109
contig_1160	1867952	1868172	intergenic	.	contig_1160:1867952-1868172
contig_1160	2067975	2068135	gene,mRNA	.	contig_1160:2067975-2068135,contig_1160:2067975-2068135
contig_1160	2232077	2232192	gene,mRNA	.	contig_1160:2232077-2232192,contig_1160:2232077-2232192
contig_1160	2614724	2614905	intergenic	.	contig_1160:2614724-2614905
contig_1160	2637483	2637719	intergenic	.	contig_1160:2637483-2637719
contig_1160	3161927	3161968	intergenic	.	contig_1160:3161927-3161968
contig_1160	3345599	3345786	intergenic	.	contig_1160:3345599-3345786
contig_1160	3496084	3496194	intergenic	.	contig_1160:3496084-3496194
contig_1160	3734339	3734414	gene,mRNA	.	contig_1160:3734339-3734414,contig_1160:3734339-3734414
contig_1160	3750251	3750362	intergenic	.	contig_1160:3750251-3750362
contig_1160	3777997	3778088	intergenic	.	contig_1160:3777997-3778088
contig_1160	3817974	3818303	gene,mRNA	.	contig_1160:3817974-3818303,contig_1160:3817974-3818303
contig_1161	97199	97249	gene,mRNA	.	contig_1161:97199-97249,contig_1161:97199-97249
contig_1161	116411	116744	gene,mRNA	.	contig_1161:116411-116744,contig_1161:116411-116744
contig_1161	302059	302431	intergenic	.	contig_1161:302059-302431
contig_1161	302862	302937	intergenic	.	contig_1161:302862-302937
contig_1161	311958	312454	intergenic	.	contig_1161:311958-312454
contig_1161	426684	426785	intergenic	.	contig_1161:426684-426785
contig_1165	914705	914929	intergenic	.	contig_1165:914705-914929
contig_1165	1596210	1596310	intergenic	.	contig_1165:1596210-1596310
contig_1165	1596409	1596453	intergenic	.	contig_1165:1596409-1596453
contig_1165	1743357	1743458	intergenic	.	contig_1165:1743357-1743458
contig_1165	1750835	1750960	intergenic	.	contig_1165:1750835-1750960
contig_1165	1756995	1757052	intergenic	.	contig_1165:1756995-1757052
contig_1165	1847051	1847115	intergenic	.	contig_1165:1847051-1847115
contig_1165	1970099	1970266	gene,mRNA	.	contig_1165:1970099-1970266,contig_1165:1970099-1970266
contig_1165	2004335	2004432	intergenic	.	contig_1165:2004335-2004432
contig_1165	2202831	2203236	intergenic	.	contig_1165:2202831-2203236
contig_1170	123906	123988	intergenic	.	contig_1170:123906-123988
contig_1176	60566	60719	intergenic	.	contig_1176:60566-60719
contig_1176	399142	399250	intergenic	.	contig_1176:399142-399250
contig_1176	937349	937404	intergenic	.	contig_1176:937349-937404
contig_1176	1002010	1002263	intergenic	.	contig_1176:1002010-1002263
contig_1176	1347579	1347721	intergenic	.	contig_1176:1347579-1347721
contig_1176	1455992	1456273	intergenic	.	contig_1176:1455992-1456273
contig_1176	1456336	1456554	intergenic	.	contig_1176:1456336-1456554
contig_1176	1607822	1607982	gene,mRNA	.	contig_1176:1607822-1607982,contig_1176:1607822-1607982
contig_1176	1775302	1775400	intergenic	.	contig_1176:1775302-1775400
contig_1178	334070	334132	gene,mRNA	.	contig_1178:334070-334132,contig_1178:334070-334132
contig_1198	34548	34995	gene,mRNA	.	contig_1198:34548-34995,contig_1198:34548-34995
contig_1198	879376	879599	intergenic	.	contig_1198:879376-879599
contig_1198	902980	903081	intergenic	.	contig_1198:902980-903081
contig_1198	1018648	1018862	intergenic	.	contig_1198:1018648-1018862
contig_1198	1161376	1161558	intergenic	.	contig_1198:1161376-1161558
contig_1198	1171260	1171394	intergenic	.	contig_1198:1171260-1171394
contig_1198	1171446	1171730	intergenic	.	contig_1198:1171446-1171730
contig_1198	1198108	1198311	intergenic	.	contig_1198:1198108-1198311
contig_1198	1215890	1216048	intergenic	.	contig_1198:1215890-1216048
contig_1198	1235334	1235454	intergenic	.	contig_1198:1235334-1235454
contig_1198	1292952	1293271	exon,CDS,gene,mRNA	.	contig_1198:1292952-1293271,contig_1198:1292952-1293271,contig_1198:1292952-1293271,contig_1198:1292952-1293271
contig_1198	1528497	1528699	intergenic	.	contig_1198:1528497-1528699
contig_1199	630722	630907	intergenic	.	contig_1199:630722-630907
contig_1199	630961	631122	intergenic	.	contig_1199:630961-631122
contig_1199	748480	748626	intergenic	.	contig_1199:748480-748626
contig_1199	903340	903491	intergenic	.	contig_1199:903340-903491
contig_1199	903549	903620	intergenic	.	contig_1199:903549-903620
contig_1199	968051	968148	intergenic	.	contig_1199:968051-968148
contig_1199	968527	968726	intergenic	.	contig_1199:968527-968726
contig_120	157095	157236	gene,mRNA	.	contig_120:157095-157236,contig_120:157095-157236
contig_120	958065	958129	gene,mRNA	.	contig_120:958065-958129,contig_120:958065-958129
contig_120	958182	958301	gene,mRNA	.	contig_120:958182-958301,contig_120:958182-958301
contig_1200	229010	229104	intergenic	.	contig_1200:229010-229104
contig_1200	597745	597792	intergenic	.	contig_1200:597745-597792
contig_1200	754760	754867	gene,mRNA	.	contig_1200:754760-754867,contig_1200:754760-754867
contig_1200	1137157	1137290	intergenic	.	contig_1200:1137157-1137290
contig_1202	1190839	1190898	gene,mRNA	.	contig_1202:1190839-1190898,contig_1202:1190839-1190898
contig_1202	1329821	1329904	intergenic	.	contig_1202:1329821-1329904
contig_1202	1347109	1347424	intergenic	.	contig_1202:1347109-1347424
contig_1202	1599520	1599642	intergenic	.	contig_1202:1599520-1599642
contig_1202	1600978	1601079	intergenic	.	contig_1202:1600978-1601079
contig_1202	1766214	1766461	intergenic	.	contig_1202:1766214-1766461
contig_1202	2379795	2379870	intergenic	.	contig_1202:2379795-2379870
contig_1203	58650	58873	intergenic	.	contig_1203:58650-58873
contig_1203	514106	514344	gene,mRNA	.	contig_1203:514106-514344,contig_1203:514106-514344
contig_1203	538483	538629	gene,mRNA	.	contig_1203:538483-538629,contig_1203:538483-538629
contig_1203	613037	613138	intergenic	.	contig_1203:613037-613138
contig_1203	648624	648785	intergenic	.	contig_1203:648624-648785
contig_1203	937509	937597	intergenic	.	contig_1203:937509-937597
contig_1203	1098696	1098772	gene,mRNA	.	contig_1203:1098696-1098772,contig_1203:1098696-1098772
contig_1203	1207630	1207758	gene	.	contig_1203:1207630-1207758
contig_1203	1238678	1238710	gene,mRNA	.	contig_1203:1238678-1238710,contig_1203:1238678-1238710
contig_1203	1282642	1282764	intergenic	.	contig_1203:1282642-1282764
contig_1203	1283127	1283337	intergenic	.	contig_1203:1283127-1283337
contig_1203	1313749	1313789	intergenic	.	contig_1203:1313749-1313789
contig_1203	1314091	1314357	intergenic	.	contig_1203:1314091-1314357
contig_1203	1514184	1514324	intergenic	.	contig_1203:1514184-1514324
contig_1203	1533469	1533718	intergenic	.	contig_1203:1533469-1533718
contig_1203	1552034	1552206	intergenic	.	contig_1203:1552034-1552206
contig_1203	1578237	1578320	intergenic	.	contig_1203:1578237-1578320
contig_1203	1875751	1875969	intergenic	.	contig_1203:1875751-1875969
contig_1218	39909	40045	intergenic	.	contig_1218:39909-40045
contig_1218	40237	40299	intergenic	.	contig_1218:40237-40299
contig_1218	40571	40703	intergenic	.	contig_1218:40571-40703
contig_1218	515276	515376	gene,mRNA	.	contig_1218:515276-515376,contig_1218:515276-515376
contig_1218	524748	525019	gene,mRNA	.	contig_1218:524748-525019,contig_1218:524748-525019
contig_1218	1050552	1050620	gene,mRNA	.	contig_1218:1050552-1050620,contig_1218:1050552-1050620
contig_1218	1364799	1364934	intergenic	.	contig_1218:1364799-1364934
contig_1218	1431125	1431197	intergenic	.	contig_1218:1431125-1431197
contig_1218	1488309	1488491	intergenic	.	contig_1218:1488309-1488491
contig_1218	1674641	1674818	gene,mRNA	.	contig_1218:1674641-1674818,contig_1218:1674641-1674818
contig_1218	2039566	2039796	intergenic	.	contig_1218:2039566-2039796
contig_1218	2057195	2057318	intergenic	.	contig_1218:2057195-2057318
contig_1218	2105106	2105203	intergenic	.	contig_1218:2105106-2105203
contig_1218	2735177	2735429	gene,mRNA	.	contig_1218:2735177-2735429,contig_1218:2735177-2735429
contig_1218	2751196	2751787	gene,mRNA	.	contig_1218:2751196-2751787,contig_1218:2751196-2751787
contig_1218	3427761	3427998	gene,mRNA	.	contig_1218:3427761-3427998,contig_1218:3427761-3427998
contig_1218	3978089	3978148	intergenic	.	contig_1218:3978089-3978148
contig_1218	3983589	3983876	intergenic	.	contig_1218:3983589-3983876
contig_1220	213876	213953	intergenic	.	contig_1220:213876-213953
contig_1220	941357	941419	intergenic	.	contig_1220:941357-941419
contig_1220	1152258	1152435	intergenic	.	contig_1220:1152258-1152435
contig_1220	1360510	1360685	intergenic	.	contig_1220:1360510-1360685
contig_1220	1384130	1384305	intergenic	.	contig_1220:1384130-1384305
contig_1220	1432742	1432932	intergenic	.	contig_1220:1432742-1432932
contig_1222	177507	177571	intergenic	.	contig_1222:177507-177571
contig_1222	268623	268744	intergenic	.	contig_1222:268623-268744
contig_1223	39426	39608	gene,mRNA	.	contig_1223:39426-39608,contig_1223:39426-39608
contig_1224	187539	187872	gene,mRNA	.	contig_1224:187539-187872,contig_1224:187539-187872
contig_1224	318812	318893	gene,mRNA	.	contig_1224:318812-318893,contig_1224:318812-318893
contig_1224	319289	319365	gene,mRNA	.	contig_1224:319289-319365,contig_1224:319289-319365
contig_1224	582978	583365	intergenic	.	contig_1224:582978-583365
contig_1224	707204	707301	intergenic	.	contig_1224:707204-707301
contig_1224	715969	716077	gene,mRNA	.	contig_1224:715969-716077,contig_1224:715969-716077
contig_1224	819495	819582	gene,mRNA	.	contig_1224:819495-819582,contig_1224:819495-819582
contig_1224	1815787	1815901	intergenic	.	contig_1224:1815787-1815901
contig_1226	17500	17665	intergenic	.	contig_1226:17500-17665
contig_1226	243928	244028	intergenic	.	contig_1226:243928-244028
contig_1226	268704	268977	intergenic	.	contig_1226:268704-268977
contig_1226	274116	274293	intergenic	.	contig_1226:274116-274293
contig_1226	620540	620647	intergenic	.	contig_1226:620540-620647
contig_1226	787272	787416	intergenic	.	contig_1226:787272-787416
contig_1226	889310	889378	intergenic	.	contig_1226:889310-889378
contig_1226	889439	889534	intergenic	.	contig_1226:889439-889534
contig_1226	1304717	1304895	intergenic	.	contig_1226:1304717-1304895
contig_1226	1310499	1310582	intergenic	.	contig_1226:1310499-1310582
contig_1226	1580803	1580884	intergenic	.	contig_1226:1580803-1580884
contig_1228	38454	38538	intergenic	.	contig_1228:38454-38538
contig_1228	702847	703168	intergenic	.	contig_1228:702847-703168
contig_1228	937580	937790	intergenic	.	contig_1228:937580-937790
contig_1228	938240	938304	intergenic	.	contig_1228:938240-938304
contig_123	299765	300039	intergenic	.	contig_123:299765-300039
contig_123	440733	440994	intergenic	.	contig_123:440733-440994
contig_123	1394947	1395045	intergenic	.	contig_123:1394947-1395045
contig_1231	526203	526260	gene,mRNA	.	contig_1231:526203-526260,contig_1231:526203-526260
contig_1231	902708	902749	intergenic	.	contig_1231:902708-902749
contig_1231	1753437	1753573	intergenic	.	contig_1231:1753437-1753573
contig_1231	1756652	1756984	intergenic	.	contig_1231:1756652-1756984
contig_124	58644	59121	intergenic	.	contig_124:58644-59121
contig_126	216471	216579	intergenic	.	contig_126:216471-216579
contig_126	216882	216956	intergenic	.	contig_126:216882-216956
contig_126	1044711	1044897	exon,CDS,gene,mRNA	.	contig_126:1044711-1044897,contig_126:1044711-1044897,contig_126:1044711-1044897,contig_126:1044711-1044897
contig_126	1326139	1326242	intergenic	.	contig_126:1326139-1326242
contig_126	1823785	1824039	gene,mRNA	.	contig_126:1823785-1824039,contig_126:1823785-1824039
contig_126	2003105	2003297	intergenic	.	contig_126:2003105-2003297
contig_1263	95161	95615	gene,mRNA	.	contig_1263:95161-95615,contig_1263:95161-95615
contig_1263	202765	202954	gene,mRNA	.	contig_1263:202765-202954,contig_1263:202765-202954
contig_1263	300912	301205	intergenic	.	contig_1263:300912-301205
contig_1263	324196	324436	intergenic	.	contig_1263:324196-324436
contig_1263	497346	497571	intergenic	.	contig_1263:497346-497571
contig_1263	532448	532549	intergenic	.	contig_1263:532448-532549
contig_1263	553054	553088	gene,mRNA	.	contig_1263:553054-553088,contig_1263:553054-553088
contig_1263	553260	553331	gene,mRNA,exon,CDS	.	contig_1263:553260-553331,contig_1263:553260-553331,contig_1263:553260-553331,contig_1263:553260-553331
contig_1263	637984	638129	intergenic	.	contig_1263:637984-638129
contig_1263	638428	638532	intergenic	.	contig_1263:638428-638532
contig_1263	843192	843266	intergenic	.	contig_1263:843192-843266
contig_1263	843771	843827	intergenic	.	contig_1263:843771-843827
contig_1263	843909	844000	intergenic	.	contig_1263:843909-844000
contig_1263	894781	894965	intergenic	.	contig_1263:894781-894965
contig_1263	923956	924020	intergenic	.	contig_1263:923956-924020
contig_1263	1049937	1050042	intergenic	.	contig_1263:1049937-1050042
contig_1263	1050721	1050979	intergenic	.	contig_1263:1050721-1050979
contig_1263	1156880	1156955	gene,mRNA	.	contig_1263:1156880-1156955,contig_1263:1156880-1156955
contig_1263	1341308	1341465	gene,mRNA	.	contig_1263:1341308-1341465,contig_1263:1341308-1341465
contig_1263	1374620	1374694	gene,mRNA	.	contig_1263:1374620-1374694,contig_1263:1374620-1374694
contig_1263	1454300	1454456	intergenic	.	contig_1263:1454300-1454456
contig_1263	1456286	1456350	stop_codon,exon,CDS,gene,mRNA	.	contig_1263:1456286-1456350,contig_1263:1456286-1456350,contig_1263:1456286-1456350,contig_1263:1456286-1456350,contig_1263:1456286-1456350
contig_1263	1559216	1559279	gene	.	contig_1263:1559216-1559279
contig_1263	1559535	1559724	gene,mRNA,exon,CDS	.	contig_1263:1559535-1559724,contig_1263:1559535-1559724,contig_1263:1559535-1559724,contig_1263:1559535-1559724
contig_1263	1612074	1612383	gene,mRNA	.	contig_1263:1612074-1612383,contig_1263:1612074-1612383
contig_1263	1659018	1659154	intergenic	.	contig_1263:1659018-1659154
contig_1263	1715480	1715842	intergenic	.	contig_1263:1715480-1715842
contig_127	68320	68355	intergenic	.	contig_127:68320-68355
contig_130	132308	132360	intergenic	.	contig_130:132308-132360
contig_133	742882	742959	gene,mRNA	.	contig_133:742882-742959,contig_133:742882-742959
contig_133	1006307	1006624	intergenic	.	contig_133:1006307-1006624
contig_133	1008251	1008288	intergenic	.	contig_133:1008251-1008288
contig_136	866537	866817	gene,mRNA	.	contig_136:866537-866817,contig_136:866537-866817
contig_139	977313	977487	intergenic	.	contig_139:977313-977487
contig_141	541949	542110	intergenic	.	contig_141:541949-542110
contig_141	1529827	1529946	gene	.	contig_141:1529827-1529946
contig_141	1791575	1791643	intergenic	.	contig_141:1791575-1791643
contig_141	1794249	1794526	intergenic	.	contig_141:1794249-1794526
contig_1482	808887	809192	intergenic	.	contig_1482:808887-809192
contig_1482	956613	956648	intergenic	.	contig_1482:956613-956648
contig_1483	37883	38203	intergenic	.	contig_1483:37883-38203
contig_1483	174412	174598	intergenic	.	contig_1483:174412-174598
contig_1483	301957	302129	intergenic	.	contig_1483:301957-302129
contig_1483	318159	318227	intergenic	.	contig_1483:318159-318227
contig_1483	613602	613814	intergenic	.	contig_1483:613602-613814
contig_1483	739955	740063	gene,mRNA	.	contig_1483:739955-740063,contig_1483:739955-740063
contig_1483	1069700	1069920	intergenic	.	contig_1483:1069700-1069920
contig_1483	1327599	1327789	intergenic	.	contig_1483:1327599-1327789
contig_1483	1395416	1395597	intergenic	.	contig_1483:1395416-1395597
contig_1483	1448776	1448875	gene,mRNA	.	contig_1483:1448776-1448875,contig_1483:1448776-1448875
contig_1483	1448969	1449365	gene,mRNA	.	contig_1483:1448969-1449365,contig_1483:1448969-1449365
contig_1483	1536582	1536935	intergenic	.	contig_1483:1536582-1536935
contig_1483	1707408	1707816	intergenic	.	contig_1483:1707408-1707816
contig_1483	1723397	1723529	intergenic	.	contig_1483:1723397-1723529
contig_1483	1752698	1752929	intergenic	.	contig_1483:1752698-1752929
contig_1483	1766211	1766513	intergenic	.	contig_1483:1766211-1766513
contig_1483	1867651	1867695	intergenic	.	contig_1483:1867651-1867695
contig_1483	1867765	1867978	intergenic	.	contig_1483:1867765-1867978
contig_1483	1947034	1947095	intergenic	.	contig_1483:1947034-1947095
contig_1483	2066303	2066395	intergenic	.	contig_1483:2066303-2066395
contig_1483	2076950	2077028	intergenic	.	contig_1483:2076950-2077028
contig_1483	2485931	2486384	intergenic	.	contig_1483:2485931-2486384
contig_1483	2569193	2569420	intergenic	.	contig_1483:2569193-2569420
contig_1483	2586757	2586888	intergenic	.	contig_1483:2586757-2586888
contig_1483	2587022	2587162	intergenic	.	contig_1483:2587022-2587162
contig_1483	2899586	2899708	intergenic	.	contig_1483:2899586-2899708
contig_1483	2997421	2997553	intergenic	.	contig_1483:2997421-2997553
contig_1483	3059052	3059101	intergenic	.	contig_1483:3059052-3059101
contig_1483	3391056	3391100	intergenic	.	contig_1483:3391056-3391100
contig_1483	3459243	3459430	intergenic	.	contig_1483:3459243-3459430
contig_1483	3510779	3510877	intergenic	.	contig_1483:3510779-3510877
contig_1483	3778398	3778516	intergenic	.	contig_1483:3778398-3778516
contig_1483	4164787	4164840	intergenic	.	contig_1483:4164787-4164840
contig_1483	4164927	4165145	intergenic	.	contig_1483:4164927-4165145
contig_1483	4191848	4191957	gene,mRNA	.	contig_1483:4191848-4191957,contig_1483:4191848-4191957
contig_1483	4192039	4192096	gene,mRNA	.	contig_1483:4192039-4192096,contig_1483:4192039-4192096
contig_1483	4192197	4192229	gene,mRNA	.	contig_1483:4192197-4192229,contig_1483:4192197-4192229
contig_1483	4315230	4315605	exon,CDS,stop_codon,gene,mRNA	.	contig_1483:4315230-4315605,contig_1483:4315230-4315605,contig_1483:4315230-4315605,contig_1483:4315230-4315605,contig_1483:4315230-4315605
contig_1483	4336539	4336736	intergenic	.	contig_1483:4336539-4336736
contig_1483	4353286	4353681	intergenic	.	contig_1483:4353286-4353681
contig_1483	4628179	4628266	gene,mRNA	.	contig_1483:4628179-4628266,contig_1483:4628179-4628266
contig_1483	4863382	4863793	intergenic	.	contig_1483:4863382-4863793
contig_1483	5012025	5012355	intergenic	.	contig_1483:5012025-5012355
contig_1483	5101578	5101721	intergenic	.	contig_1483:5101578-5101721
contig_1483	5127313	5127599	intergenic	.	contig_1483:5127313-5127599
contig_1483	5127694	5127878	intergenic	.	contig_1483:5127694-5127878
contig_1483	5274683	5274861	intergenic	.	contig_1483:5274683-5274861
contig_1483	5274928	5274963	intergenic	.	contig_1483:5274928-5274963
contig_1484	425359	425585	intergenic	.	contig_1484:425359-425585
contig_1484	1239140	1239433	intergenic	.	contig_1484:1239140-1239433
contig_1484	1291144	1291253	gene,mRNA	.	contig_1484:1291144-1291253,contig_1484:1291144-1291253
contig_1484	1292009	1292216	gene,mRNA	.	contig_1484:1292009-1292216,contig_1484:1292009-1292216
contig_1484	1335522	1335562	intergenic	.	contig_1484:1335522-1335562
contig_1484	2574514	2574649	intergenic	.	contig_1484:2574514-2574649
contig_1484	2599547	2599703	intergenic	.	contig_1484:2599547-2599703
contig_1484	2599760	2599870	intergenic	.	contig_1484:2599760-2599870
contig_1484	2633466	2633632	gene,mRNA	.	contig_1484:2633466-2633632,contig_1484:2633466-2633632
contig_1484	2699718	2699755	intergenic	.	contig_1484:2699718-2699755
contig_1484	2854112	2854269	intergenic	.	contig_1484:2854112-2854269
contig_1484	2919221	2919360	intergenic	.	contig_1484:2919221-2919360
contig_1484	2919412	2919482	intergenic	.	contig_1484:2919412-2919482
contig_1484	2938259	2938566	intergenic	.	contig_1484:2938259-2938566
contig_1484	2954541	2954610	intergenic	.	contig_1484:2954541-2954610
contig_1484	3247531	3247631	intergenic	.	contig_1484:3247531-3247631
contig_1484	3261236	3261398	intergenic	.	contig_1484:3261236-3261398
contig_1484	3297584	3297967	intergenic	.	contig_1484:3297584-3297967
contig_1484	3407165	3407462	intergenic	.	contig_1484:3407165-3407462
contig_1484	3488473	3488578	gene,mRNA	.	contig_1484:3488473-3488578,contig_1484:3488473-3488578
contig_1484	3558366	3558533	gene,mRNA	.	contig_1484:3558366-3558533,contig_1484:3558366-3558533
contig_1484	3563194	3563294	gene,mRNA	.	contig_1484:3563194-3563294,contig_1484:3563194-3563294
contig_1484	3803704	3803972	intergenic	.	contig_1484:3803704-3803972
contig_1484	3871721	3872014	intergenic	.	contig_1484:3871721-3872014
contig_1484	3985899	3985993	intergenic	.	contig_1484:3985899-3985993
contig_1484	3986189	3986372	intergenic	.	contig_1484:3986189-3986372
contig_1484	4288935	4289162	gene,mRNA	.	contig_1484:4288935-4289162,contig_1484:4288935-4289162
contig_1484	4338694	4338881	intergenic	.	contig_1484:4338694-4338881
contig_1496	147339	147465	intergenic	.	contig_1496:147339-147465
contig_1496	190636	190864	intergenic	.	contig_1496:190636-190864
contig_1496	795585	795763	intergenic	.	contig_1496:795585-795763
contig_1496	931278	931526	gene,mRNA	.	contig_1496:931278-931526,contig_1496:931278-931526
contig_1496	1568340	1568403	gene,mRNA	.	contig_1496:1568340-1568403,contig_1496:1568340-1568403
contig_1496	1625957	1626006	intergenic	.	contig_1496:1625957-1626006
contig_1496	2010943	2011380	intergenic	.	contig_1496:2010943-2011380
contig_1496	2046264	2046332	intergenic	.	contig_1496:2046264-2046332
contig_1496	2336571	2336792	gene,mRNA	.	contig_1496:2336571-2336792,contig_1496:2336571-2336792
contig_1496	2392174	2392426	intergenic	.	contig_1496:2392174-2392426
contig_1496	2424901	2425044	intergenic	.	contig_1496:2424901-2425044
contig_1496	2595985	2596218	intergenic	.	contig_1496:2595985-2596218
contig_1496	2635403	2635862	intergenic	.	contig_1496:2635403-2635862
contig_1496	2807705	2807991	intergenic	.	contig_1496:2807705-2807991
contig_1496	2859226	2859263	intergenic	.	contig_1496:2859226-2859263
contig_1496	2984497	2984659	gene,mRNA	.	contig_1496:2984497-2984659,contig_1496:2984497-2984659
contig_1496	3397424	3397740	gene,mRNA	.	contig_1496:3397424-3397740,contig_1496:3397424-3397740
contig_1496	3640843	3641087	intergenic	.	contig_1496:3640843-3641087
contig_1496	3737389	3737430	gene,mRNA	.	contig_1496:3737389-3737430,contig_1496:3737389-3737430
contig_1496	4041424	4041521	intergenic	.	contig_1496:4041424-4041521
contig_1500	323669	323705	intergenic	.	contig_1500:323669-323705
contig_1507	76791	76837	intergenic	.	contig_1507:76791-76837
contig_1508	234474	234632	intergenic	.	contig_1508:234474-234632
contig_1508	638727	638840	intergenic	.	contig_1508:638727-638840
contig_1508	683549	683708	intergenic	.	contig_1508:683549-683708
contig_1508	744813	745047	gene,mRNA	.	contig_1508:744813-745047,contig_1508:744813-745047
contig_1509	76679	76729	intergenic	.	contig_1509:76679-76729
contig_151	1057965	1058057	intergenic	.	contig_151:1057965-1058057
contig_1512	58349	58546	intergenic	.	contig_1512:58349-58546
contig_1512	310813	310919	intergenic	.	contig_1512:310813-310919
contig_1513	465725	465763	intergenic	.	contig_1513:465725-465763
contig_1515	404520	404566	gene,mRNA	.	contig_1515:404520-404566,contig_1515:404520-404566
contig_1515	504083	504332	intergenic	.	contig_1515:504083-504332
contig_1515	504083	504523	start_codon,exon,CDS,gene,mRNA	.	contig_1515:504083-504523,contig_1515:504083-504523,contig_1515:504083-504523,contig_1515:504083-504523,contig_1515:504083-504523
contig_1516	112546	112653	intergenic	.	contig_1516:112546-112653
contig_1516	150625	150920	intergenic	.	contig_1516:150625-150920
contig_1516	404738	404939	intergenic	.	contig_1516:404738-404939
contig_1516	1187433	1187554	gene,mRNA	.	contig_1516:1187433-1187554,contig_1516:1187433-1187554
contig_1516	1242207	1242433	intergenic	.	contig_1516:1242207-1242433
contig_1517	162920	162997	intergenic	.	contig_1517:162920-162997
contig_1517	279793	280022	intergenic	.	contig_1517:279793-280022
contig_1517	514319	514555	intergenic	.	contig_1517:514319-514555
contig_1517	1313393	1313457	intergenic	.	contig_1517:1313393-1313457
contig_1527	56383	56477	intergenic	.	contig_1527:56383-56477
contig_1527	57188	57233	intergenic	.	contig_1527:57188-57233
contig_1527	642548	642785	intergenic	.	contig_1527:642548-642785
contig_1527	1320315	1320380	gene,mRNA	.	contig_1527:1320315-1320380,contig_1527:1320315-1320380
contig_1527	1486270	1486425	gene,mRNA	.	contig_1527:1486270-1486425,contig_1527:1486270-1486425
contig_1527	1743908	1744008	intergenic	.	contig_1527:1743908-1744008
contig_1527	2140423	2140504	intergenic	.	contig_1527:2140423-2140504
contig_1527	2255288	2255387	intergenic	.	contig_1527:2255288-2255387
contig_1529	428474	428563	intergenic	.	contig_1529:428474-428563
contig_1529	442082	442171	intergenic	.	contig_1529:442082-442171
contig_1533	1003869	1004129	intergenic	.	contig_1533:1003869-1004129
contig_1533	1702171	1702352	intergenic	.	contig_1533:1702171-1702352
contig_1533	2077675	2077746	intergenic	.	contig_1533:2077675-2077746
contig_1533	2301288	2301363	gene,mRNA	.	contig_1533:2301288-2301363,contig_1533:2301288-2301363
contig_1537	36152	36282	intergenic	.	contig_1537:36152-36282
contig_1539	49732	49956	intergenic	.	contig_1539:49732-49956
contig_1539	255192	255298	intergenic	.	contig_1539:255192-255298
contig_1541	424619	424692	intergenic	.	contig_1541:424619-424692
contig_1541	424767	424849	intergenic	.	contig_1541:424767-424849
contig_1542	67794	67890	intergenic	.	contig_1542:67794-67890
contig_1542	214934	214999	intergenic	.	contig_1542:214934-214999
contig_1542	309893	309991	intergenic	.	contig_1542:309893-309991
contig_1542	432628	432889	intergenic	.	contig_1542:432628-432889
contig_1542	476074	476298	intergenic	.	contig_1542:476074-476298
contig_1542	636793	636866	intergenic	.	contig_1542:636793-636866
contig_1542	1050011	1050325	intergenic	.	contig_1542:1050011-1050325
contig_1546	31776	31909	intergenic	.	contig_1546:31776-31909
contig_1546	190083	190268	intergenic	.	contig_1546:190083-190268
contig_1550	529961	530022	intergenic	.	contig_1550:529961-530022
contig_1550	924896	925159	intergenic	.	contig_1550:924896-925159
contig_1550	1042481	1042553	intergenic	.	contig_1550:1042481-1042553
contig_1550	1160891	1161068	intergenic	.	contig_1550:1160891-1161068
contig_1550	1513518	1513567	intergenic	.	contig_1550:1513518-1513567
contig_1550	2131603	2131676	intergenic	.	contig_1550:2131603-2131676
contig_1550	2131734	2132034	intergenic	.	contig_1550:2131734-2132034
contig_1550	2131734	2132076	polyA_signal_sequence,gene	.	contig_1550:2131734-2132076,contig_1550:2131734-2132076
contig_1550	2793755	2793830	intergenic	.	contig_1550:2793755-2793830
contig_156	202446	202513	intergenic	.	contig_156:202446-202513
contig_1573	468661	469016	intergenic	.	contig_1573:468661-469016
contig_1573	1091688	1091954	intergenic	.	contig_1573:1091688-1091954
contig_1573	1293292	1293399	gene,mRNA	.	contig_1573:1293292-1293399,contig_1573:1293292-1293399
contig_1573	1410965	1411193	intergenic	.	contig_1573:1410965-1411193
contig_1573	1507433	1507483	intergenic	.	contig_1573:1507433-1507483
contig_1573	1983764	1983818	gene,mRNA	.	contig_1573:1983764-1983818,contig_1573:1983764-1983818
contig_1573	2159919	2160633	intergenic	.	contig_1573:2159919-2160633
contig_1573	2349977	2350050	intergenic	.	contig_1573:2349977-2350050
contig_1573	2450486	2450558	intergenic	.	contig_1573:2450486-2450558
contig_1573	2471750	2472037	intergenic	.	contig_1573:2471750-2472037
contig_1573	2546194	2546572	intergenic	.	contig_1573:2546194-2546572
contig_1573	2775526	2775643	intergenic	.	contig_1573:2775526-2775643
contig_1573	2804174	2804380	intergenic	.	contig_1573:2804174-2804380
contig_1573	2939517	2939674	intergenic	.	contig_1573:2939517-2939674
contig_1573	2939852	2939899	intergenic	.	contig_1573:2939852-2939899
contig_1573	3017322	3017441	intergenic	.	contig_1573:3017322-3017441
contig_1573	3133600	3133774	intergenic	.	contig_1573:3133600-3133774
contig_1573	3133826	3134075	intergenic	.	contig_1573:3133826-3134075
contig_1573	3343760	3344291	intergenic	.	contig_1573:3343760-3344291
contig_1579	909825	910065	intergenic	.	contig_1579:909825-910065
contig_1579	1029769	1029927	intergenic	.	contig_1579:1029769-1029927
contig_1579	1115643	1115804	gene,mRNA	.	contig_1579:1115643-1115804,contig_1579:1115643-1115804
contig_1579	1219496	1219549	gene,mRNA	.	contig_1579:1219496-1219549,contig_1579:1219496-1219549
contig_1579	1441101	1441268	gene,mRNA	.	contig_1579:1441101-1441268,contig_1579:1441101-1441268
contig_1579	1441536	1441636	gene,mRNA	.	contig_1579:1441536-1441636,contig_1579:1441536-1441636
contig_1579	1779854	1780185	gene,mRNA	.	contig_1579:1779854-1780185,contig_1579:1779854-1780185
contig_1579	1821215	1821450	gene,mRNA	.	contig_1579:1821215-1821450,contig_1579:1821215-1821450
contig_1579	1876149	1876295	intergenic	.	contig_1579:1876149-1876295
contig_158	368220	368326	intergenic	.	contig_158:368220-368326
contig_158	907204	907279	intergenic	.	contig_158:907204-907279
contig_161	534282	534608	intergenic	.	contig_161:534282-534608
contig_161	885659	885953	intergenic	.	contig_161:885659-885953
contig_161	1260570	1260948	gene,mRNA,exon,CDS,stop_codon,polyA_signal_sequence	.	contig_161:1260570-1260948,contig_161:1260570-1260948,contig_161:1260570-1260948,contig_161:1260570-1260948,contig_161:1260570-1260948,contig_161:1260570-1260948
contig_161	1260882	1260948	intergenic	.	contig_161:1260882-1260948
contig_161	1377219	1377264	intergenic	.	contig_161:1377219-1377264
contig_161	1473852	1474279	gene,mRNA	.	contig_161:1473852-1474279,contig_161:1473852-1474279
contig_1615	116012	116190	gene,mRNA	.	contig_1615:116012-116190,contig_1615:116012-116190
contig_165	607780	607885	intergenic	.	contig_165:607780-607885
contig_165	1246336	1246382	intergenic	.	contig_165:1246336-1246382
contig_165	1319864	1320073	intergenic	.	contig_165:1319864-1320073
contig_165	1378022	1378053	intergenic	.	contig_165:1378022-1378053
contig_165	1565684	1565903	gene,mRNA	.	contig_165:1565684-1565903,contig_165:1565684-1565903
contig_166	376494	376592	intergenic	.	contig_166:376494-376592
contig_166	376683	376739	intergenic	.	contig_166:376683-376739
contig_1663	61151	61646	intergenic	.	contig_1663:61151-61646
contig_1663	288796	289009	gene,mRNA	.	contig_1663:288796-289009,contig_1663:288796-289009
contig_1663	361327	361450	intergenic	.	contig_1663:361327-361450
contig_1663	413879	413960	intergenic	.	contig_1663:413879-413960
contig_1663	462924	463107	intergenic	.	contig_1663:462924-463107
contig_1663	551638	551741	intergenic	.	contig_1663:551638-551741
contig_1663	551810	551882	intergenic	.	contig_1663:551810-551882
contig_1663	583253	583637	intergenic	.	contig_1663:583253-583637
contig_1663	584112	584197	intergenic	.	contig_1663:584112-584197
contig_1665	352892	353217	intergenic	.	contig_1665:352892-353217
contig_167	33242	33615	intergenic	.	contig_167:33242-33615
contig_1676	724239	724308	gene,mRNA	.	contig_1676:724239-724308,contig_1676:724239-724308
contig_1676	1092293	1092376	gene,mRNA	.	contig_1676:1092293-1092376,contig_1676:1092293-1092376
contig_1676	1092457	1092517	gene,mRNA	.	contig_1676:1092457-1092517,contig_1676:1092457-1092517
contig_1676	1181630	1181756	intergenic	.	contig_1676:1181630-1181756
contig_1677	261796	261943	intergenic	.	contig_1677:261796-261943
contig_1683	20249	20457	gene,mRNA	.	contig_1683:20249-20457,contig_1683:20249-20457
contig_1683	464490	464533	intergenic	.	contig_1683:464490-464533
contig_1683	1442642	1442914	intergenic	.	contig_1683:1442642-1442914
contig_1683	1443002	1443257	intergenic	.	contig_1683:1443002-1443257
contig_1683	1482696	1482911	intergenic	.	contig_1683:1482696-1482911
contig_1683	1565396	1565752	intergenic	.	contig_1683:1565396-1565752
contig_1683	1583479	1583674	intergenic	.	contig_1683:1583479-1583674
contig_1686	241099	241343	intergenic	.	contig_1686:241099-241343
contig_1686	337422	337637	intergenic	.	contig_1686:337422-337637
contig_1686	507844	507921	intergenic	.	contig_1686:507844-507921
contig_1686	1423767	1423895	intergenic	.	contig_1686:1423767-1423895
contig_1686	2181854	2181899	intergenic	.	contig_1686:2181854-2181899
contig_1689	41352	41423	intergenic	.	contig_1689:41352-41423
contig_169	254339	254512	intergenic	.	contig_169:254339-254512
contig_1690	272857	273066	intergenic	.	contig_1690:272857-273066
contig_1690	663093	663142	intergenic	.	contig_1690:663093-663142
contig_1690	822905	823022	intergenic	.	contig_1690:822905-823022
contig_1690	823467	823545	intergenic	.	contig_1690:823467-823545
contig_1690	1053981	1054107	intergenic	.	contig_1690:1053981-1054107
contig_1690	1125739	1126272	intergenic	.	contig_1690:1125739-1126272
contig_1690	1262333	1262496	intergenic	.	contig_1690:1262333-1262496
contig_1690	1482016	1482152	intergenic	.	contig_1690:1482016-1482152
contig_1690	1482204	1482381	intergenic	.	contig_1690:1482204-1482381
contig_1690	2159769	2159893	intergenic	.	contig_1690:2159769-2159893
contig_1695	198814	198916	intergenic	.	contig_1695:198814-198916
contig_1695	280040	280117	gene,mRNA	.	contig_1695:280040-280117,contig_1695:280040-280117
contig_1695	351676	351728	gene,mRNA	.	contig_1695:351676-351728,contig_1695:351676-351728
contig_1695	740858	741473	intergenic	.	contig_1695:740858-741473
contig_1695	1115948	1116177	intergenic	.	contig_1695:1115948-1116177
contig_1695	1644948	1645091	intergenic	.	contig_1695:1644948-1645091
contig_1695	1706070	1706277	intergenic	.	contig_1695:1706070-1706277
contig_1695	1754962	1755045	intergenic	.	contig_1695:1754962-1755045
contig_1695	1857417	1857693	gene,mRNA	.	contig_1695:1857417-1857693,contig_1695:1857417-1857693
contig_1695	1948616	1948829	intergenic	.	contig_1695:1948616-1948829
contig_1695	2738755	2738957	intergenic	.	contig_1695:2738755-2738957
contig_1695	2912943	2913137	intergenic	.	contig_1695:2912943-2913137
contig_1695	2962126	2962248	intergenic	.	contig_1695:2962126-2962248
contig_1701	126114	126315	intergenic	.	contig_1701:126114-126315
contig_1701	235346	235446	intergenic	.	contig_1701:235346-235446
contig_1701	666771	666936	intergenic	.	contig_1701:666771-666936
contig_1701	1114632	1114783	intergenic	.	contig_1701:1114632-1114783
contig_1701	1400852	1400923	intergenic	.	contig_1701:1400852-1400923
contig_1701	2085195	2085512	intergenic	.	contig_1701:2085195-2085512
contig_1701	2126650	2126855	intergenic	.	contig_1701:2126650-2126855
contig_1701	3617015	3617185	intergenic	.	contig_1701:3617015-3617185
contig_1701	3930663	3930905	intergenic	.	contig_1701:3930663-3930905
contig_1703	209148	209297	intergenic	.	contig_1703:209148-209297
contig_1703	321024	321135	intergenic	.	contig_1703:321024-321135
contig_1703	321810	321954	intergenic	.	contig_1703:321810-321954
contig_1703	323112	323328	exon,CDS,gene,mRNA	.	contig_1703:323112-323328,contig_1703:323112-323328,contig_1703:323112-323328,contig_1703:323112-323328
contig_1703	379942	380116	intergenic	.	contig_1703:379942-380116
contig_1712	155258	155707	intergenic	.	contig_1712:155258-155707
contig_172	347216	347265	intergenic	.	contig_172:347216-347265
contig_173	50313	50413	exon,CDS,gene,mRNA	.	contig_173:50313-50413,contig_173:50313-50413,contig_173:50313-50413,contig_173:50313-50413
contig_1734	752592	752732	intergenic	.	contig_1734:752592-752732
contig_1734	868820	868920	intergenic	.	contig_1734:868820-868920
contig_1734	929860	929967	gene,mRNA	.	contig_1734:929860-929967,contig_1734:929860-929967
contig_1734	930069	930169	gene,mRNA	.	contig_1734:930069-930169,contig_1734:930069-930169
contig_1734	1410821	1410921	gene,mRNA	.	contig_1734:1410821-1410921,contig_1734:1410821-1410921
contig_1734	1584474	1584607	intergenic	.	contig_1734:1584474-1584607
contig_175	591936	592078	intergenic	.	contig_175:591936-592078
contig_178	464378	464588	gene,mRNA	.	contig_178:464378-464588,contig_178:464378-464588
contig_1801	413205	413268	intergenic	.	contig_1801:413205-413268
contig_1801	782934	782966	intergenic	.	contig_1801:782934-782966
contig_1801	1010998	1011076	intergenic	.	contig_1801:1010998-1011076
contig_1812	83206	83427	intergenic	.	contig_1812:83206-83427
contig_1812	140142	140379	gene,mRNA	.	contig_1812:140142-140379,contig_1812:140142-140379
contig_1812	244000	244187	gene,mRNA	.	contig_1812:244000-244187,contig_1812:244000-244187
contig_1812	387344	387521	intergenic	.	contig_1812:387344-387521
contig_1812	831914	832098	intergenic	.	contig_1812:831914-832098
contig_1812	832161	832390	intergenic	.	contig_1812:832161-832390
contig_1812	877931	878095	intergenic	.	contig_1812:877931-878095
contig_1812	1680898	1681010	intergenic	.	contig_1812:1680898-1681010
contig_184	1302761	1302814	gene,mRNA	.	contig_184:1302761-1302814,contig_184:1302761-1302814
contig_1862	116902	117086	gene,mRNA	.	contig_1862:116902-117086,contig_1862:116902-117086
contig_1862	274831	275031	intergenic	.	contig_1862:274831-275031
contig_1862	426243	426285	intergenic	.	contig_1862:426243-426285
contig_1862	426366	426525	intergenic	.	contig_1862:426366-426525
contig_1862	428054	428106	intergenic	.	contig_1862:428054-428106
contig_1862	898418	898647	intergenic	.	contig_1862:898418-898647
contig_1862	921546	921789	gene,mRNA	.	contig_1862:921546-921789,contig_1862:921546-921789
contig_1862	1105681	1105840	intergenic	.	contig_1862:1105681-1105840
contig_1862	1130657	1130885	intergenic	.	contig_1862:1130657-1130885
contig_1862	1288134	1288234	intergenic	.	contig_1862:1288134-1288234
contig_1862	1554162	1554279	intergenic	.	contig_1862:1554162-1554279
contig_1862	1623364	1623532	intergenic	.	contig_1862:1623364-1623532
contig_1862	1623640	1623833	intergenic	.	contig_1862:1623640-1623833
contig_1862	1793398	1793713	intergenic	.	contig_1862:1793398-1793713
contig_1862	1817945	1818055	intergenic	.	contig_1862:1817945-1818055
contig_1862	1817945	1818331	gene,mRNA,start_codon,exon,CDS	.	contig_1862:1817945-1818331,contig_1862:1817945-1818331,contig_1862:1817945-1818331,contig_1862:1817945-1818331,contig_1862:1817945-1818331
contig_1862	1937732	1937963	gene,mRNA	.	contig_1862:1937732-1937963,contig_1862:1937732-1937963
contig_1862	1973256	1973331	intergenic	.	contig_1862:1973256-1973331
contig_1862	2044350	2044424	intergenic	.	contig_1862:2044350-2044424
contig_1862	2768568	2768640	gene,mRNA	.	contig_1862:2768568-2768640,contig_1862:2768568-2768640
contig_1862	2971804	2971955	gene,mRNA	.	contig_1862:2971804-2971955,contig_1862:2971804-2971955
contig_1862	3434060	3434090	intergenic	.	contig_1862:3434060-3434090
contig_1862	3963639	3963841	intergenic	.	contig_1862:3963639-3963841
contig_1862	4111114	4111194	intergenic	.	contig_1862:4111114-4111194
contig_1862	4150767	4150967	intergenic	.	contig_1862:4150767-4150967
contig_1862	4182124	4182338	gene,mRNA,exon,CDS	.	contig_1862:4182124-4182338,contig_1862:4182124-4182338,contig_1862:4182124-4182338,contig_1862:4182124-4182338
contig_1862	4469591	4469768	intergenic	.	contig_1862:4469591-4469768
contig_1862	4598629	4598726	gene,mRNA	.	contig_1862:4598629-4598726,contig_1862:4598629-4598726
contig_1862	4626540	4626729	gene,mRNA	.	contig_1862:4626540-4626729,contig_1862:4626540-4626729
contig_1862	4685143	4685306	intergenic	.	contig_1862:4685143-4685306
contig_1862	4685362	4685446	intergenic	.	contig_1862:4685362-4685446
contig_1862	4690384	4690654	intergenic	.	contig_1862:4690384-4690654
contig_1862	4693475	4693571	intergenic	.	contig_1862:4693475-4693571
contig_1862	4823312	4823610	intergenic	.	contig_1862:4823312-4823610
contig_1862	4831177	4831231	intergenic	.	contig_1862:4831177-4831231
contig_1862	4831177	4831538	polyA_signal_sequence,stop_codon,exon,CDS,gene,mRNA	.	contig_1862:4831177-4831538,contig_1862:4831177-4831538,contig_1862:4831177-4831538,contig_1862:4831177-4831538,contig_1862:4831177-4831538,contig_1862:4831177-4831538
contig_1862	5071945	5072158	intergenic	.	contig_1862:5071945-5072158
contig_1862	5307256	5307284	intergenic	.	contig_1862:5307256-5307284
contig_1862	5307256	5307547	start_codon,exon,CDS,gene,mRNA	.	contig_1862:5307256-5307547,contig_1862:5307256-5307547,contig_1862:5307256-5307547,contig_1862:5307256-5307547,contig_1862:5307256-5307547
contig_1862	5492503	5492615	intergenic	.	contig_1862:5492503-5492615
contig_1867	482374	482429	gene,mRNA	.	contig_1867:482374-482429,contig_1867:482374-482429
contig_1867	949633	949715	intergenic	.	contig_1867:949633-949715
contig_1867	949767	949894	intergenic	.	contig_1867:949767-949894
contig_1873	558296	558380	intergenic	.	contig_1873:558296-558380
contig_1873	1556301	1556404	gene,mRNA	.	contig_1873:1556301-1556404,contig_1873:1556301-1556404
contig_1878	23302	23677	intergenic	.	contig_1878:23302-23677
contig_1878	427821	428062	gene,mRNA	.	contig_1878:427821-428062,contig_1878:427821-428062
contig_1878	470941	470992	intergenic	.	contig_1878:470941-470992
contig_1878	862827	862964	gene,mRNA	.	contig_1878:862827-862964,contig_1878:862827-862964
contig_1878	863188	863253	gene,mRNA	.	contig_1878:863188-863253,contig_1878:863188-863253
contig_1878	863321	863526	gene,mRNA	.	contig_1878:863321-863526,contig_1878:863321-863526
contig_1878	1101906	1101980	intergenic	.	contig_1878:1101906-1101980
contig_1878	1233863	1233976	gene,mRNA	.	contig_1878:1233863-1233976,contig_1878:1233863-1233976
contig_1878	1234032	1234137	gene,mRNA	.	contig_1878:1234032-1234137,contig_1878:1234032-1234137
contig_1878	1625508	1625680	intergenic	.	contig_1878:1625508-1625680
contig_1878	1719239	1719353	gene,mRNA	.	contig_1878:1719239-1719353,contig_1878:1719239-1719353
contig_1878	1719900	1720179	gene,mRNA	.	contig_1878:1719900-1720179,contig_1878:1719900-1720179
contig_1878	1733490	1733686	gene,mRNA	.	contig_1878:1733490-1733686,contig_1878:1733490-1733686
contig_1878	1733802	1734043	gene,mRNA	.	contig_1878:1733802-1734043,contig_1878:1733802-1734043
contig_1878	1752410	1752672	gene,mRNA	.	contig_1878:1752410-1752672,contig_1878:1752410-1752672
contig_1878	1909438	1909577	intergenic	.	contig_1878:1909438-1909577
contig_1878	2051647	2051897	intergenic	.	contig_1878:2051647-2051897
contig_1878	2087448	2087680	intergenic	.	contig_1878:2087448-2087680
contig_1878	2292440	2292514	gene,polyA_signal_sequence	.	contig_1878:2292440-2292514,contig_1878:2292440-2292514
contig_1878	2292458	2292514	intergenic	.	contig_1878:2292458-2292514
contig_1878	2506277	2506436	intergenic	.	contig_1878:2506277-2506436
contig_1878	2518121	2518174	intergenic	.	contig_1878:2518121-2518174
contig_1878	2518389	2518481	intergenic	.	contig_1878:2518389-2518481
contig_1878	2611523	2612024	intergenic	.	contig_1878:2611523-2612024
contig_1878	2667186	2667517	intergenic	.	contig_1878:2667186-2667517
contig_1878	2709368	2709558	intergenic	.	contig_1878:2709368-2709558
contig_1878	3016950	3017337	intergenic	.	contig_1878:3016950-3017337
contig_1878	3303039	3303216	intergenic	.	contig_1878:3303039-3303216
contig_1878	3363637	3363865	intergenic	.	contig_1878:3363637-3363865
contig_1878	3376939	3377003	intergenic	.	contig_1878:3376939-3377003
contig_1878	3458006	3458188	intergenic	.	contig_1878:3458006-3458188
contig_1878	3641609	3641745	intergenic	.	contig_1878:3641609-3641745
contig_1878	3641827	3642013	intergenic	.	contig_1878:3641827-3642013
contig_1878	3716098	3716241	intergenic	.	contig_1878:3716098-3716241
contig_1878	3877351	3877624	intergenic	.	contig_1878:3877351-3877624
contig_1878	3906668	3907015	intergenic	.	contig_1878:3906668-3907015
contig_1878	4052982	4053291	intergenic	.	contig_1878:4052982-4053291
contig_1878	4080169	4080462	gene,mRNA	.	contig_1878:4080169-4080462,contig_1878:4080169-4080462
contig_1878	4089122	4089279	gene,mRNA	.	contig_1878:4089122-4089279,contig_1878:4089122-4089279
contig_1878	4089638	4089870	gene,mRNA	.	contig_1878:4089638-4089870,contig_1878:4089638-4089870
contig_1886	138700	138857	intergenic	.	contig_1886:138700-138857
contig_1886	139590	139697	intergenic	.	contig_1886:139590-139697
contig_1886	212973	213192	intergenic	.	contig_1886:212973-213192
contig_1886	293810	294259	gene,mRNA,exon,CDS,stop_codon,polyA_signal_sequence	.	contig_1886:293810-294259,contig_1886:293810-294259,contig_1886:293810-294259,contig_1886:293810-294259,contig_1886:293810-294259,contig_1886:293810-294259
contig_1886	294234	294259	intergenic	.	contig_1886:294234-294259
contig_1886	386621	386766	intergenic	.	contig_1886:386621-386766
contig_1886	395813	395917	intergenic	.	contig_1886:395813-395917
contig_1886	453015	453046	intergenic	.	contig_1886:453015-453046
contig_1886	894035	894131	intergenic	.	contig_1886:894035-894131
contig_1886	894323	894656	intergenic	.	contig_1886:894323-894656
contig_191	253120	253325	gene,mRNA	.	contig_191:253120-253325,contig_191:253120-253325
contig_191	558116	558169	intergenic	.	contig_191:558116-558169
contig_191	637796	637847	intergenic	.	contig_191:637796-637847
contig_191	638136	638288	intergenic	.	contig_191:638136-638288
contig_191	960783	960916	gene,mRNA	.	contig_191:960783-960916,contig_191:960783-960916
contig_191	1271246	1271330	intergenic	.	contig_191:1271246-1271330
contig_191	1271433	1271473	intergenic	.	contig_191:1271433-1271473
contig_191	1311496	1311641	intergenic	.	contig_191:1311496-1311641
contig_191	1379882	1379921	intergenic	.	contig_191:1379882-1379921
contig_191	1659984	1660164	intergenic	.	contig_191:1659984-1660164
contig_191	1798900	1799089	intergenic	.	contig_191:1798900-1799089
contig_191	1799414	1799467	intergenic	.	contig_191:1799414-1799467
contig_191	1799706	1799832	intergenic	.	contig_191:1799706-1799832
contig_191	1801744	1801846	intergenic	.	contig_191:1801744-1801846
contig_191	1801946	1802048	intergenic	.	contig_191:1801946-1802048
contig_191	2174677	2174749	intergenic	.	contig_191:2174677-2174749
contig_191	2174836	2175090	intergenic	.	contig_191:2174836-2175090
contig_191	2180000	2180058	intergenic	.	contig_191:2180000-2180058
contig_191	2180171	2180249	intergenic	.	contig_191:2180171-2180249
contig_191	3092546	3092601	gene,mRNA	.	contig_191:3092546-3092601,contig_191:3092546-3092601
contig_191	3260409	3260546	intergenic	.	contig_191:3260409-3260546
contig_191	3509322	3509456	intergenic	.	contig_191:3509322-3509456
contig_1921	427865	428290	gene,mRNA	.	contig_1921:427865-428290,contig_1921:427865-428290
contig_1921	584159	584474	intergenic	.	contig_1921:584159-584474
contig_1921	730162	730338	intergenic	.	contig_1921:730162-730338
contig_1921	783025	783128	intergenic	.	contig_1921:783025-783128
contig_1921	789790	789870	gene,mRNA	.	contig_1921:789790-789870,contig_1921:789790-789870
contig_1923	145187	145252	intergenic	.	contig_1923:145187-145252
contig_193	358150	358251	gene,mRNA	.	contig_193:358150-358251,contig_193:358150-358251
contig_195	147160	147219	gene,mRNA	.	contig_195:147160-147219,contig_195:147160-147219
contig_195	969624	969835	gene,mRNA	.	contig_195:969624-969835,contig_195:969624-969835
contig_195	972960	973012	gene,mRNA	.	contig_195:972960-973012,contig_195:972960-973012
contig_195	1679272	1679503	intergenic	.	contig_195:1679272-1679503
contig_195	2015874	2016072	gene,mRNA	.	contig_195:2015874-2016072,contig_195:2015874-2016072
contig_195	2249485	2249625	intergenic	.	contig_195:2249485-2249625
contig_195	2353231	2353536	gene,mRNA	.	contig_195:2353231-2353536,contig_195:2353231-2353536
contig_195	2355736	2355847	gene,mRNA	.	contig_195:2355736-2355847,contig_195:2355736-2355847
contig_195	2468447	2468676	intergenic	.	contig_195:2468447-2468676
contig_195	2494930	2494983	intergenic	.	contig_195:2494930-2494983
contig_195	2503835	2503929	intergenic	.	contig_195:2503835-2503929
contig_1961	378100	378193	intergenic	.	contig_1961:378100-378193
contig_1961	513125	513422	gene,mRNA	.	contig_1961:513125-513422,contig_1961:513125-513422
contig_1961	671126	671189	gene,mRNA	.	contig_1961:671126-671189,contig_1961:671126-671189
contig_1961	2078585	2078615	intergenic	.	contig_1961:2078585-2078615
contig_1961	2502521	2502577	intergenic	.	contig_1961:2502521-2502577
contig_1961	2625309	2625430	gene,mRNA	.	contig_1961:2625309-2625430,contig_1961:2625309-2625430
contig_1961	3406771	3407071	gene,mRNA	.	contig_1961:3406771-3407071,contig_1961:3406771-3407071
contig_1961	3668790	3668859	gene,mRNA	.	contig_1961:3668790-3668859,contig_1961:3668790-3668859
contig_1961	3915399	3915566	gene,mRNA	.	contig_1961:3915399-3915566,contig_1961:3915399-3915566
contig_1961	4893235	4893314	intergenic	.	contig_1961:4893235-4893314
contig_1961	5082121	5082394	intergenic	.	contig_1961:5082121-5082394
contig_1962	51346	51482	intergenic	.	contig_1962:51346-51482
contig_1962	124581	124717	intergenic	.	contig_1962:124581-124717
contig_1962	220557	220752	gene,mRNA	.	contig_1962:220557-220752,contig_1962:220557-220752
contig_1962	418874	418940	gene,mRNA	.	contig_1962:418874-418940,contig_1962:418874-418940
contig_1962	504272	504335	intergenic	.	contig_1962:504272-504335
contig_1962	686354	686590	gene,mRNA,exon,CDS,start_codon	.	contig_1962:686354-686590,contig_1962:686354-686590,contig_1962:686354-686590,contig_1962:686354-686590,contig_1962:686354-686590
contig_1962	686521	686590	intergenic	.	contig_1962:686521-686590
contig_1962	686644	686844	intergenic	.	contig_1962:686644-686844
contig_1962	834887	834958	gene,mRNA	.	contig_1962:834887-834958,contig_1962:834887-834958
contig_1973	1150799	1151230	intergenic	.	contig_1973:1150799-1151230
contig_1973	1848535	1848632	gene,mRNA	.	contig_1973:1848535-1848632,contig_1973:1848535-1848632
contig_1977	175042	175245	intergenic	.	contig_1977:175042-175245
contig_1977	538180	538535	intergenic	.	contig_1977:538180-538535
contig_1977	900413	900671	intergenic	.	contig_1977:900413-900671
contig_1977	1045622	1045839	intergenic	.	contig_1977:1045622-1045839
contig_1977	1395543	1395687	intergenic	.	contig_1977:1395543-1395687
contig_1977	1499964	1500384	intergenic	.	contig_1977:1499964-1500384
contig_1977	1590309	1590466	intergenic	.	contig_1977:1590309-1590466
contig_1977	1590549	1590627	intergenic	.	contig_1977:1590549-1590627
contig_1977	1767696	1767871	intergenic	.	contig_1977:1767696-1767871
contig_1977	2049725	2050013	intergenic	.	contig_1977:2049725-2050013
contig_1985	76805	76976	intergenic	.	contig_1985:76805-76976
contig_1993	914	1002	intergenic	.	contig_1993:914-1002
contig_1993	505441	505494	intergenic	.	contig_1993:505441-505494
contig_1998	478921	478974	intergenic	.	contig_1998:478921-478974
contig_1998	649078	649228	intergenic	.	contig_1998:649078-649228
contig_1998	1276206	1276360	intergenic	.	contig_1998:1276206-1276360
contig_1998	1775555	1775763	intergenic	.	contig_1998:1775555-1775763
contig_1998	2158472	2158704	intergenic	.	contig_1998:2158472-2158704
contig_1999	204854	204948	intergenic	.	contig_1999:204854-204948
contig_1999	247179	247439	intergenic	.	contig_1999:247179-247439
contig_1999	438138	438396	intergenic	.	contig_1999:438138-438396
contig_1999	438540	438693	intergenic	.	contig_1999:438540-438693
contig_1999	503194	503290	intergenic	.	contig_1999:503194-503290
contig_1999	503652	503788	intergenic	.	contig_1999:503652-503788
contig_1999	508375	508593	intergenic	.	contig_1999:508375-508593
contig_1999	508846	508886	intergenic	.	contig_1999:508846-508886
contig_1999	617819	618135	gene,mRNA	.	contig_1999:617819-618135,contig_1999:617819-618135
contig_1999	701301	701384	intergenic	.	contig_1999:701301-701384
contig_1999	701857	701896	intergenic	.	contig_1999:701857-701896
contig_1999	809655	809693	intergenic	.	contig_1999:809655-809693
contig_1999	936776	936861	intergenic	.	contig_1999:936776-936861
contig_1999	980695	980869	intergenic	.	contig_1999:980695-980869
contig_1999	1122773	1122969	intergenic	.	contig_1999:1122773-1122969
contig_1999	1194853	1195012	intergenic	.	contig_1999:1194853-1195012
contig_1999	1267620	1267741	gene,mRNA	.	contig_1999:1267620-1267741,contig_1999:1267620-1267741
contig_1999	1557464	1557641	intergenic	.	contig_1999:1557464-1557641
contig_201	193138	193179	intergenic	.	contig_201:193138-193179
contig_201	260194	260477	intergenic	.	contig_201:260194-260477
contig_201	315918	315977	intergenic	.	contig_201:315918-315977
contig_2014	133751	133868	gene,mRNA	.	contig_2014:133751-133868,contig_2014:133751-133868
contig_2014	721726	722038	gene,mRNA	.	contig_2014:721726-722038,contig_2014:721726-722038
contig_2023	65865	65965	intergenic	.	contig_2023:65865-65965
contig_2023	313138	313284	intergenic	.	contig_2023:313138-313284
contig_2023	330129	330535	intergenic	.	contig_2023:330129-330535
contig_2023	507087	507145	intergenic	.	contig_2023:507087-507145
contig_2026	490657	490708	intergenic	.	contig_2026:490657-490708
contig_2027	370432	370663	intergenic	.	contig_2027:370432-370663
contig_2027	405463	405793	intergenic	.	contig_2027:405463-405793
contig_2027	498582	498773	intergenic	.	contig_2027:498582-498773
contig_2027	734686	734984	gene,mRNA	.	contig_2027:734686-734984,contig_2027:734686-734984
contig_2031	301899	301998	intergenic	.	contig_2031:301899-301998
contig_2031	520685	520752	gene,mRNA	.	contig_2031:520685-520752,contig_2031:520685-520752
contig_2031	939636	939770	intergenic	.	contig_2031:939636-939770
contig_2031	1261510	1261746	intergenic	.	contig_2031:1261510-1261746
contig_2031	1409900	1410303	exon,CDS,start_codon,gene,mRNA	.	contig_2031:1409900-1410303,contig_2031:1409900-1410303,contig_2031:1409900-1410303,contig_2031:1409900-1410303,contig_2031:1409900-1410303
contig_2031	1410096	1410303	intergenic	.	contig_2031:1410096-1410303
contig_2035	5792	5896	intergenic	.	contig_2035:5792-5896
contig_2035	301856	302161	intergenic	.	contig_2035:301856-302161
contig_2035	392222	392375	gene,mRNA	.	contig_2035:392222-392375,contig_2035:392222-392375
contig_2035	442501	442616	gene,mRNA	.	contig_2035:442501-442616,contig_2035:442501-442616
contig_2035	510557	510671	mRNA,gene	.	contig_2035:510557-510671,contig_2035:510557-510671
contig_2035	511233	511407	mRNA,gene	.	contig_2035:511233-511407,contig_2035:511233-511407
contig_2036	145208	145246	intergenic	.	contig_2036:145208-145246
contig_2036	145807	146261	intergenic	.	contig_2036:145807-146261
contig_2036	165968	166123	intergenic	.	contig_2036:165968-166123
contig_2036	414516	414696	intergenic	.	contig_2036:414516-414696
contig_2036	459983	460177	gene,mRNA	.	contig_2036:459983-460177,contig_2036:459983-460177
contig_2036	483384	483494	intergenic	.	contig_2036:483384-483494
contig_2036	916086	916251	intergenic	.	contig_2036:916086-916251
contig_2036	922885	922976	intergenic	.	contig_2036:922885-922976
contig_2036	923220	923587	intergenic	.	contig_2036:923220-923587
contig_2039	823098	823280	gene,mRNA	.	contig_2039:823098-823280,contig_2039:823098-823280
contig_2067	280788	280948	intergenic	.	contig_2067:280788-280948
contig_2067	408608	408959	intergenic	.	contig_2067:408608-408959
contig_2067	618244	618443	intergenic	.	contig_2067:618244-618443
contig_2067	634937	635157	intergenic	.	contig_2067:634937-635157
contig_2067	635247	635316	intergenic	.	contig_2067:635247-635316
contig_2067	918404	918598	intergenic	.	contig_2067:918404-918598
contig_2094	480658	480859	intergenic	.	contig_2094:480658-480859
contig_2094	576826	577403	intergenic	.	contig_2094:576826-577403
contig_2094	1156058	1156169	intergenic	.	contig_2094:1156058-1156169
contig_2094	1274375	1274485	intergenic	.	contig_2094:1274375-1274485
contig_2114	1650793	1651133	gene,mRNA	.	contig_2114:1650793-1651133,contig_2114:1650793-1651133
contig_2114	1974405	1974659	intergenic	.	contig_2114:1974405-1974659
contig_2114	2036566	2036719	gene,mRNA	.	contig_2114:2036566-2036719,contig_2114:2036566-2036719
contig_2114	2168168	2168386	exon,CDS,gene,mRNA	.	contig_2114:2168168-2168386,contig_2114:2168168-2168386,contig_2114:2168168-2168386,contig_2114:2168168-2168386
contig_2114	2352183	2352469	gene,mRNA	.	contig_2114:2352183-2352469,contig_2114:2352183-2352469
contig_2114	2411607	2411848	intergenic	.	contig_2114:2411607-2411848
contig_2124	3621	4125	intergenic	.	contig_2124:3621-4125
contig_2124	84786	84935	intergenic	.	contig_2124:84786-84935
contig_2124	391443	391490	intergenic	.	contig_2124:391443-391490
contig_2124	424870	425008	intergenic	.	contig_2124:424870-425008
contig_2124	490632	490821	intergenic	.	contig_2124:490632-490821
contig_2124	641951	642045	intergenic	.	contig_2124:641951-642045
contig_2124	1284735	1284824	intergenic	.	contig_2124:1284735-1284824
contig_2124	1553958	1554011	intergenic	.	contig_2124:1553958-1554011
contig_2124	1677076	1677288	intergenic	.	contig_2124:1677076-1677288
contig_2124	1975232	1975288	intergenic	.	contig_2124:1975232-1975288
contig_2124	2082024	2082222	intergenic	.	contig_2124:2082024-2082222
contig_2130	226419	226682	intergenic	.	contig_2130:226419-226682
contig_2130	479858	480110	intergenic	.	contig_2130:479858-480110
contig_2130	631782	632007	intergenic	.	contig_2130:631782-632007
contig_2130	730392	730576	intergenic	.	contig_2130:730392-730576
contig_2130	775758	775940	intergenic	.	contig_2130:775758-775940
contig_2130	1033595	1033697	intergenic	.	contig_2130:1033595-1033697
contig_2130	1059227	1059499	intergenic	.	contig_2130:1059227-1059499
contig_2130	1071872	1071910	intergenic	.	contig_2130:1071872-1071910
contig_2130	1194653	1194782	intergenic	.	contig_2130:1194653-1194782
contig_2130	1256672	1256900	intergenic	.	contig_2130:1256672-1256900
contig_2130	1287296	1287603	intergenic	.	contig_2130:1287296-1287603
contig_2142	132337	132507	gene,mRNA	.	contig_2142:132337-132507,contig_2142:132337-132507
contig_2142	170715	170783	intergenic	.	contig_2142:170715-170783
contig_2142	335337	335718	intergenic	.	contig_2142:335337-335718
contig_2143	141261	141362	intergenic	.	contig_2143:141261-141362
contig_2143	320961	321094	intergenic	.	contig_2143:320961-321094
contig_2143	321182	321319	intergenic	.	contig_2143:321182-321319
contig_2149	181125	181204	gene,mRNA	.	contig_2149:181125-181204,contig_2149:181125-181204
contig_2149	318407	318765	gene,mRNA	.	contig_2149:318407-318765,contig_2149:318407-318765
contig_215	388410	388587	intergenic	.	contig_215:388410-388587
contig_215	1150520	1150621	gene,mRNA	.	contig_215:1150520-1150621,contig_215:1150520-1150621
contig_2152	278229	278341	intergenic	.	contig_2152:278229-278341
contig_2152	471545	472084	intergenic	.	contig_2152:471545-472084
contig_2152	475651	475868	gene,mRNA	.	contig_2152:475651-475868,contig_2152:475651-475868
contig_216	273361	273500	intergenic	.	contig_216:273361-273500
contig_216	556562	556628	intergenic	.	contig_216:556562-556628
contig_218	237284	237487	gene,mRNA	.	contig_218:237284-237487,contig_218:237284-237487
contig_218	739349	739411	intergenic	.	contig_218:739349-739411
contig_218	839793	839946	intergenic	.	contig_218:839793-839946
contig_2186	305571	305668	intergenic	.	contig_2186:305571-305668
contig_2189	71489	71716	gene,mRNA	.	contig_2189:71489-71716,contig_2189:71489-71716
contig_2189	222881	223028	intergenic	.	contig_2189:222881-223028
contig_2189	282973	283132	intergenic	.	contig_2189:282973-283132
contig_2189	283219	283471	intergenic	.	contig_2189:283219-283471
contig_2189	636256	636384	intergenic	.	contig_2189:636256-636384
contig_2189	886171	886466	intergenic	.	contig_2189:886171-886466
contig_2189	886560	886909	intergenic	.	contig_2189:886560-886909
contig_2189	887575	887625	intergenic	.	contig_2189:887575-887625
contig_2189	1175019	1175115	intergenic	.	contig_2189:1175019-1175115
contig_2189	1397376	1397482	intergenic	.	contig_2189:1397376-1397482
contig_2203	30146	30218	gene,mRNA	.	contig_2203:30146-30218,contig_2203:30146-30218
contig_2208	1237339	1237596	intergenic	.	contig_2208:1237339-1237596
contig_2208	1501244	1501333	intergenic	.	contig_2208:1501244-1501333
contig_2208	1687573	1687658	intergenic	.	contig_2208:1687573-1687658
contig_2208	1862372	1862753	intergenic	.	contig_2208:1862372-1862753
contig_2208	2672903	2673028	intergenic	.	contig_2208:2672903-2673028
contig_2208	2744977	2745106	intergenic	.	contig_2208:2744977-2745106
contig_2210	61525	61920	intergenic	.	contig_2210:61525-61920
contig_2216	25441	25540	gene,mRNA,exon,CDS	.	contig_2216:25441-25540,contig_2216:25441-25540,contig_2216:25441-25540,contig_2216:25441-25540
contig_2216	25781	25981	gene,mRNA,exon,CDS	.	contig_2216:25781-25981,contig_2216:25781-25981,contig_2216:25781-25981,contig_2216:25781-25981
contig_2216	27852	27952	gene,mRNA,exon,CDS	.	contig_2216:27852-27952,contig_2216:27852-27952,contig_2216:27852-27952,contig_2216:27852-27952
contig_2216	28051	28251	gene,mRNA,exon,CDS	.	contig_2216:28051-28251,contig_2216:28051-28251,contig_2216:28051-28251,contig_2216:28051-28251
contig_2216	28952	29052	intergenic	.	contig_2216:28952-29052
contig_2216	29246	29279	intergenic	.	contig_2216:29246-29279
contig_2220	278251	278309	intergenic	.	contig_2220:278251-278309
contig_2220	559127	559361	intergenic	.	contig_2220:559127-559361
contig_2220	683101	683229	intergenic	.	contig_2220:683101-683229
contig_2220	684027	684381	intergenic	.	contig_2220:684027-684381
contig_2220	822646	822676	gene,mRNA	.	contig_2220:822646-822676,contig_2220:822646-822676
contig_2220	1566093	1566125	intergenic	.	contig_2220:1566093-1566125
contig_2220	1604279	1604448	gene,mRNA	.	contig_2220:1604279-1604448,contig_2220:1604279-1604448
contig_2220	1643690	1643820	gene,mRNA	.	contig_2220:1643690-1643820,contig_2220:1643690-1643820
contig_2223	45722	45919	intergenic	.	contig_2223:45722-45919
contig_2223	443411	443479	gene,mRNA	.	contig_2223:443411-443479,contig_2223:443411-443479
contig_2223	443551	443767	gene,mRNA	.	contig_2223:443551-443767,contig_2223:443551-443767
contig_2223	1429604	1430064	intergenic	.	contig_2223:1429604-1430064
contig_2223	1430184	1430381	intergenic	.	contig_2223:1430184-1430381
contig_2223	1612535	1612627	gene,mRNA	.	contig_2223:1612535-1612627,contig_2223:1612535-1612627
contig_2223	1648452	1648645	gene,mRNA	.	contig_2223:1648452-1648645,contig_2223:1648452-1648645
contig_2223	1648707	1648924	gene,mRNA	.	contig_2223:1648707-1648924,contig_2223:1648707-1648924
contig_2223	2150281	2150721	intergenic	.	contig_2223:2150281-2150721
contig_2223	2208055	2208120	intergenic	.	contig_2223:2208055-2208120
contig_2223	2289203	2289258	gene,mRNA	.	contig_2223:2289203-2289258,contig_2223:2289203-2289258
contig_2223	2387054	2387112	intergenic	.	contig_2223:2387054-2387112
contig_223	29444	29597	intergenic	.	contig_223:29444-29597
contig_2231	269756	269914	gene,mRNA	.	contig_2231:269756-269914,contig_2231:269756-269914
contig_2231	471545	471710	intergenic	.	contig_2231:471545-471710
contig_2231	543831	544110	intergenic	.	contig_2231:543831-544110
contig_2232	52046	52139	gene,mRNA	.	contig_2232:52046-52139,contig_2232:52046-52139
contig_2232	162199	162454	gene,mRNA	.	contig_2232:162199-162454,contig_2232:162199-162454
contig_2232	218648	218818	gene,mRNA	.	contig_2232:218648-218818,contig_2232:218648-218818
contig_2232	286670	286842	intergenic	.	contig_2232:286670-286842
contig_2232	448357	448435	intergenic	.	contig_2232:448357-448435
contig_2232	493705	493854	intergenic	.	contig_2232:493705-493854
contig_2232	526076	526450	gene,mRNA	.	contig_2232:526076-526450,contig_2232:526076-526450
contig_2232	845589	845692	intergenic	.	contig_2232:845589-845692
contig_2232	918729	918942	gene,mRNA	.	contig_2232:918729-918942,contig_2232:918729-918942
contig_2232	919038	919079	gene,mRNA	.	contig_2232:919038-919079,contig_2232:919038-919079
contig_2239	703104	703474	intergenic	.	contig_2239:703104-703474
contig_2239	958090	958139	intergenic	.	contig_2239:958090-958139
contig_2239	958778	959294	intergenic	.	contig_2239:958778-959294
contig_2239	1033368	1033450	intergenic	.	contig_2239:1033368-1033450
contig_2245	101576	101986	gene,mRNA	.	contig_2245:101576-101986,contig_2245:101576-101986
contig_2246	60310	60758	intergenic	.	contig_2246:60310-60758
contig_2246	383109	383212	gene	.	contig_2246:383109-383212
contig_225	398507	398922	gene,mRNA	.	contig_225:398507-398922,contig_225:398507-398922
contig_2250	19075	19173	gene,mRNA	.	contig_2250:19075-19173,contig_2250:19075-19173
contig_2250	133201	133290	intergenic	.	contig_2250:133201-133290
contig_2254	184725	184794	intergenic	.	contig_2254:184725-184794
contig_2254	185099	185383	intergenic	.	contig_2254:185099-185383
contig_2254	604746	604835	intergenic	.	contig_2254:604746-604835
contig_2254	604920	604989	intergenic	.	contig_2254:604920-604989
contig_2254	1543436	1543572	intergenic	.	contig_2254:1543436-1543572
contig_2256	154360	154399	intergenic	.	contig_2256:154360-154399
contig_2256	423070	423105	intergenic	.	contig_2256:423070-423105
contig_2267	258454	258629	intergenic	.	contig_2267:258454-258629
contig_228	986382	986605	gene,mRNA	.	contig_228:986382-986605,contig_228:986382-986605
contig_2291	15420	15574	intergenic	.	contig_2291:15420-15574
contig_230	511832	511916	intergenic	.	contig_230:511832-511916
contig_230	948403	948577	intergenic	.	contig_230:948403-948577
contig_230	1136993	1137240	intergenic	.	contig_230:1136993-1137240
contig_2327	495793	495994	intergenic	.	contig_2327:495793-495994
contig_2327	710062	710112	intergenic	.	contig_2327:710062-710112
contig_2327	773329	773387	intergenic	.	contig_2327:773329-773387
contig_2327	1022808	1023106	gene,mRNA	.	contig_2327:1022808-1023106,contig_2327:1022808-1023106
contig_2327	1050139	1050330	gene,mRNA	.	contig_2327:1050139-1050330,contig_2327:1050139-1050330
contig_2331	114093	114260	intergenic	.	contig_2331:114093-114260
contig_2343	279891	280007	intergenic	.	contig_2343:279891-280007
contig_2343	700580	700783	intergenic	.	contig_2343:700580-700783
contig_2343	916210	916620	intergenic	.	contig_2343:916210-916620
contig_2343	1009110	1009155	intergenic	.	contig_2343:1009110-1009155
contig_2343	1210795	1210887	intergenic	.	contig_2343:1210795-1210887
contig_2343	1572555	1572782	gene,mRNA	.	contig_2343:1572555-1572782,contig_2343:1572555-1572782
contig_2343	1937964	1938074	intergenic	.	contig_2343:1937964-1938074
contig_2344	442088	442345	intergenic	.	contig_2344:442088-442345
contig_2344	646390	646693	intergenic	.	contig_2344:646390-646693
contig_2344	940734	940837	intergenic	.	contig_2344:940734-940837
contig_2344	940734	940903	gene,polyA_signal_sequence	.	contig_2344:940734-940903,contig_2344:940734-940903
contig_2344	1146063	1146295	gene,mRNA	.	contig_2344:1146063-1146295,contig_2344:1146063-1146295
contig_2344	1195223	1195551	gene,mRNA	.	contig_2344:1195223-1195551,contig_2344:1195223-1195551
contig_2344	1231744	1231845	gene,mRNA	.	contig_2344:1231744-1231845,contig_2344:1231744-1231845
contig_2344	1740634	1740751	intergenic	.	contig_2344:1740634-1740751
contig_2344	1740807	1740945	intergenic	.	contig_2344:1740807-1740945
contig_2344	1819577	1819938	intergenic	.	contig_2344:1819577-1819938
contig_2344	1960075	1960378	intergenic	.	contig_2344:1960075-1960378
contig_2344	3013673	3013805	gene,mRNA	.	contig_2344:3013673-3013805,contig_2344:3013673-3013805
contig_2344	3239758	3239815	gene,mRNA	.	contig_2344:3239758-3239815,contig_2344:3239758-3239815
contig_2344	3293507	3293630	gene,mRNA	.	contig_2344:3293507-3293630,contig_2344:3293507-3293630
contig_2344	3838549	3838648	gene,mRNA	.	contig_2344:3838549-3838648,contig_2344:3838549-3838648
contig_2344	4052015	4052359	gene,mRNA	.	contig_2344:4052015-4052359,contig_2344:4052015-4052359
contig_2344	4265876	4266018	intergenic	.	contig_2344:4265876-4266018
contig_2344	4542633	4542740	intergenic	.	contig_2344:4542633-4542740
contig_2344	4814306	4814715	gene,mRNA	.	contig_2344:4814306-4814715,contig_2344:4814306-4814715
contig_2344	4913994	4914285	gene,mRNA	.	contig_2344:4913994-4914285,contig_2344:4913994-4914285
contig_2344	5205499	5205843	gene,mRNA	.	contig_2344:5205499-5205843,contig_2344:5205499-5205843
contig_2344	5213923	5213983	gene,mRNA	.	contig_2344:5213923-5213983,contig_2344:5213923-5213983
contig_2344	5307508	5307635	gene,mRNA	.	contig_2344:5307508-5307635,contig_2344:5307508-5307635
contig_2344	5517017	5517103	gene,mRNA	.	contig_2344:5517017-5517103,contig_2344:5517017-5517103
contig_2344	5633587	5633680	intergenic	.	contig_2344:5633587-5633680
contig_2344	6076475	6076540	intergenic	.	contig_2344:6076475-6076540
contig_2344	6095817	6096005	intergenic	.	contig_2344:6095817-6096005
contig_2344	6185195	6185339	intergenic	.	contig_2344:6185195-6185339
contig_235	393944	394172	gene,mRNA,exon,CDS	.	contig_235:393944-394172,contig_235:393944-394172,contig_235:393944-394172,contig_235:393944-394172
contig_235	451892	452036	intergenic	.	contig_235:451892-452036
contig_235	1503671	1503811	intergenic	.	contig_235:1503671-1503811
contig_235	2203744	2204014	gene,mRNA,exon,CDS	.	contig_235:2203744-2204014,contig_235:2203744-2204014,contig_235:2203744-2204014,contig_235:2203744-2204014
contig_2355	368531	368680	intergenic	.	contig_2355:368531-368680
contig_2356	272932	273465	gene,mRNA	.	contig_2356:272932-273465,contig_2356:272932-273465
contig_2356	273777	273877	gene,mRNA	.	contig_2356:273777-273877,contig_2356:273777-273877
contig_2356	483208	483390	intergenic	.	contig_2356:483208-483390
contig_2356	620418	620654	gene,mRNA	.	contig_2356:620418-620654,contig_2356:620418-620654
contig_2356	620764	620971	gene,mRNA	.	contig_2356:620764-620971,contig_2356:620764-620971
contig_2356	905615	906107	intergenic	.	contig_2356:905615-906107
contig_2356	1023884	1024266	gene,mRNA	.	contig_2356:1023884-1024266,contig_2356:1023884-1024266
contig_2357	235768	235835	intergenic	.	contig_2357:235768-235835
contig_2357	878504	878571	intergenic	.	contig_2357:878504-878571
contig_2357	1278585	1278747	gene,mRNA	.	contig_2357:1278585-1278747,contig_2357:1278585-1278747
contig_2358	661017	661094	intergenic	.	contig_2358:661017-661094
contig_2358	732209	732466	gene,mRNA	.	contig_2358:732209-732466,contig_2358:732209-732466
contig_2358	869845	870101	intergenic	.	contig_2358:869845-870101
contig_2358	872331	872453	intergenic	.	contig_2358:872331-872453
contig_2358	872533	872697	intergenic	.	contig_2358:872533-872697
contig_2358	1234971	1235046	intergenic	.	contig_2358:1234971-1235046
contig_2358	1317026	1317296	intergenic	.	contig_2358:1317026-1317296
contig_2358	1338621	1338882	intergenic	.	contig_2358:1338621-1338882
contig_2358	1364235	1364607	intergenic	.	contig_2358:1364235-1364607
contig_2358	1521754	1522196	intergenic	.	contig_2358:1521754-1522196
contig_2358	1616891	1617204	gene,mRNA	.	contig_2358:1616891-1617204,contig_2358:1616891-1617204
contig_2358	1840125	1840166	gene,mRNA	.	contig_2358:1840125-1840166,contig_2358:1840125-1840166
contig_2358	2132410	2132511	intergenic	.	contig_2358:2132410-2132511
contig_2358	2132782	2132883	intergenic	.	contig_2358:2132782-2132883
contig_2358	2986053	2986183	intergenic	.	contig_2358:2986053-2986183
contig_2358	2989169	2989204	intergenic	.	contig_2358:2989169-2989204
contig_2358	3180100	3180149	intergenic	.	contig_2358:3180100-3180149
contig_2360	13443	13610	intergenic	.	contig_2360:13443-13610
contig_2360	82058	82440	intergenic	.	contig_2360:82058-82440
contig_2360	518335	518453	gene,mRNA	.	contig_2360:518335-518453,contig_2360:518335-518453
contig_2360	752130	752433	intergenic	.	contig_2360:752130-752433
contig_2360	1080771	1081039	intergenic	.	contig_2360:1080771-1081039
contig_2367	289155	289233	gene,mRNA	.	contig_2367:289155-289233,contig_2367:289155-289233
contig_2367	682226	682359	gene,mRNA	.	contig_2367:682226-682359,contig_2367:682226-682359
contig_2367	683980	684069	gene,mRNA	.	contig_2367:683980-684069,contig_2367:683980-684069
contig_2367	710585	710648	gene,mRNA	.	contig_2367:710585-710648,contig_2367:710585-710648
contig_2367	710708	710796	gene,mRNA	.	contig_2367:710708-710796,contig_2367:710708-710796
contig_2369	84148	84345	intergenic	.	contig_2369:84148-84345
contig_2369	84567	84761	intergenic	.	contig_2369:84567-84761
contig_2369	88131	88205	intergenic	.	contig_2369:88131-88205
contig_2369	116340	116471	intergenic	.	contig_2369:116340-116471
contig_2369	180212	180405	intergenic	.	contig_2369:180212-180405
contig_237	151815	152029	exon,CDS,gene,mRNA	.	contig_237:151815-152029,contig_237:151815-152029,contig_237:151815-152029,contig_237:151815-152029
contig_2376	348727	348874	intergenic	.	contig_2376:348727-348874
contig_2376	348727	349081	polyA_signal_sequence,stop_codon,exon,CDS,gene,mRNA	.	contig_2376:348727-349081,contig_2376:348727-349081,contig_2376:348727-349081,contig_2376:348727-349081,contig_2376:348727-349081,contig_2376:348727-349081
contig_2377	316879	317032	intergenic	.	contig_2377:316879-317032
contig_2384	167136	167225	gene,mRNA	.	contig_2384:167136-167225,contig_2384:167136-167225
contig_2384	224874	225126	intergenic	.	contig_2384:224874-225126
contig_2384	225252	225499	intergenic	.	contig_2384:225252-225499
contig_2384	543797	543925	intergenic	.	contig_2384:543797-543925
contig_2384	632679	633038	intergenic	.	contig_2384:632679-633038
contig_2384	658771	658822	intergenic	.	contig_2384:658771-658822
contig_2384	892225	892449	intergenic	.	contig_2384:892225-892449
contig_2384	923785	923949	gene	.	contig_2384:923785-923949
contig_2387	5815	5975	intergenic	.	contig_2387:5815-5975
contig_2388	58081	58191	exon,CDS,gene,mRNA	.	contig_2388:58081-58191,contig_2388:58081-58191,contig_2388:58081-58191,contig_2388:58081-58191
contig_2388	1271657	1271727	gene,mRNA	.	contig_2388:1271657-1271727,contig_2388:1271657-1271727
contig_2388	1272034	1272461	gene,mRNA,exon,CDS	.	contig_2388:1272034-1272461,contig_2388:1272034-1272461,contig_2388:1272034-1272461,contig_2388:1272034-1272461
contig_2388	1303104	1303183	intergenic	.	contig_2388:1303104-1303183
contig_2388	1470863	1471118	intergenic	.	contig_2388:1470863-1471118
contig_2388	1498607	1498949	gene,mRNA	.	contig_2388:1498607-1498949,contig_2388:1498607-1498949
contig_2388	1630692	1630747	intergenic	.	contig_2388:1630692-1630747
contig_2388	1635557	1635841	intergenic	.	contig_2388:1635557-1635841
contig_2388	1667196	1667255	gene,mRNA	.	contig_2388:1667196-1667255,contig_2388:1667196-1667255
contig_2388	1865128	1865202	intergenic	.	contig_2388:1865128-1865202
contig_2388	1890300	1890407	intergenic	.	contig_2388:1890300-1890407
contig_2388	1910968	1911078	gene,mRNA	.	contig_2388:1910968-1911078,contig_2388:1910968-1911078
contig_2388	1957349	1957573	intergenic	.	contig_2388:1957349-1957573
contig_2388	2116221	2116428	intergenic	.	contig_2388:2116221-2116428
contig_2388	2410597	2410654	gene,mRNA	.	contig_2388:2410597-2410654,contig_2388:2410597-2410654
contig_2388	2669563	2669734	intergenic	.	contig_2388:2669563-2669734
contig_2388	2720608	2721059	intergenic	.	contig_2388:2720608-2721059
contig_2388	2733180	2733334	intergenic	.	contig_2388:2733180-2733334
contig_2388	2735727	2735822	intergenic	.	contig_2388:2735727-2735822
contig_2388	2735897	2735942	intergenic	.	contig_2388:2735897-2735942
contig_2388	3277050	3277276	intergenic	.	contig_2388:3277050-3277276
contig_2388	3838032	3838151	intergenic	.	contig_2388:3838032-3838151
contig_2388	3932778	3933095	gene,mRNA	.	contig_2388:3932778-3933095,contig_2388:3932778-3933095
contig_2397	442684	442931	intergenic	.	contig_2397:442684-442931
contig_2397	516163	516628	intergenic	.	contig_2397:516163-516628
contig_2397	555313	555440	intergenic	.	contig_2397:555313-555440
contig_2397	827046	827127	intergenic	.	contig_2397:827046-827127
contig_2397	827366	827586	intergenic	.	contig_2397:827366-827586
contig_2397	857653	857829	intergenic	.	contig_2397:857653-857829
contig_24	86033	86065	intergenic	.	contig_24:86033-86065
contig_24	137527	137728	intergenic	.	contig_24:137527-137728
contig_24	1330325	1330425	intergenic	.	contig_24:1330325-1330425
contig_2400	238100	238209	gene,mRNA	.	contig_2400:238100-238209,contig_2400:238100-238209
contig_2400	305330	305610	intergenic	.	contig_2400:305330-305610
contig_2400	471593	471805	intergenic	.	contig_2400:471593-471805
contig_2400	506381	506511	intergenic	.	contig_2400:506381-506511
contig_2400	506836	507003	intergenic	.	contig_2400:506836-507003
contig_2405	447046	447155	intergenic	.	contig_2405:447046-447155
contig_2405	661000	661421	intergenic	.	contig_2405:661000-661421
contig_2405	679537	679644	intergenic	.	contig_2405:679537-679644
contig_2405	681390	681529	intergenic	.	contig_2405:681390-681529
contig_2405	1171048	1171167	gene,mRNA	.	contig_2405:1171048-1171167,contig_2405:1171048-1171167
contig_2405	1222287	1222370	gene,mRNA	.	contig_2405:1222287-1222370,contig_2405:1222287-1222370
contig_2405	1242914	1243150	gene,mRNA	.	contig_2405:1242914-1243150,contig_2405:1242914-1243150
contig_2405	1489816	1489952	intergenic	.	contig_2405:1489816-1489952
contig_2405	1555453	1555703	intergenic	.	contig_2405:1555453-1555703
contig_2405	1604340	1604450	intergenic	.	contig_2405:1604340-1604450
contig_2405	1725614	1725651	intergenic	.	contig_2405:1725614-1725651
contig_2406	19004	19111	intergenic	.	contig_2406:19004-19111
contig_2406	19251	19497	intergenic	.	contig_2406:19251-19497
contig_2408	599243	599505	intergenic	.	contig_2408:599243-599505
contig_2408	1022625	1022800	intergenic	.	contig_2408:1022625-1022800
contig_2408	1698220	1698348	intergenic	.	contig_2408:1698220-1698348
contig_2408	1729987	1730220	exon,CDS,gene,mRNA	.	contig_2408:1729987-1730220,contig_2408:1729987-1730220,contig_2408:1729987-1730220,contig_2408:1729987-1730220
contig_2408	1791066	1791184	gene,mRNA	.	contig_2408:1791066-1791184,contig_2408:1791066-1791184
contig_2408	1921851	1921933	intergenic	.	contig_2408:1921851-1921933
contig_2408	2034095	2034203	intergenic	.	contig_2408:2034095-2034203
contig_2408	2351663	2351728	intergenic	.	contig_2408:2351663-2351728
contig_2409	88794	88972	intergenic	.	contig_2409:88794-88972
contig_2409	97925	97967	gene,mRNA	.	contig_2409:97925-97967,contig_2409:97925-97967
contig_2409	244049	244440	intergenic	.	contig_2409:244049-244440
contig_2409	244493	244714	intergenic	.	contig_2409:244493-244714
contig_2415	64607	64768	intergenic	.	contig_2415:64607-64768
contig_2415	64832	64894	intergenic	.	contig_2415:64832-64894
contig_2415	182981	183103	intergenic	.	contig_2415:182981-183103
contig_2417	374843	374953	intergenic	.	contig_2417:374843-374953
contig_2417	953272	953543	intergenic	.	contig_2417:953272-953543
contig_2417	1055658	1055896	gene,mRNA	.	contig_2417:1055658-1055896,contig_2417:1055658-1055896
contig_2417	1145135	1145500	gene,mRNA	.	contig_2417:1145135-1145500,contig_2417:1145135-1145500
contig_2424	185240	185351	gene,mRNA	.	contig_2424:185240-185351,contig_2424:185240-185351
contig_2424	393386	393569	intergenic	.	contig_2424:393386-393569
contig_2424	519236	519329	intergenic	.	contig_2424:519236-519329
contig_2424	661428	661599	gene,mRNA	.	contig_2424:661428-661599,contig_2424:661428-661599
contig_2425	897514	897629	intergenic	.	contig_2425:897514-897629
contig_2425	1005041	1005270	intergenic	.	contig_2425:1005041-1005270
contig_2425	1030698	1030768	intergenic	.	contig_2425:1030698-1030768
contig_2430	217	273	intergenic	.	contig_2430:217-273
contig_2431	176855	176896	gene,mRNA	.	contig_2431:176855-176896,contig_2431:176855-176896
contig_2431	687157	687399	intergenic	.	contig_2431:687157-687399
contig_2431	687576	687659	intergenic	.	contig_2431:687576-687659
contig_2431	708956	709092	intergenic	.	contig_2431:708956-709092
contig_2431	764180	764457	intergenic	.	contig_2431:764180-764457
contig_2431	870073	870129	intergenic	.	contig_2431:870073-870129
contig_2431	890720	890779	intergenic	.	contig_2431:890720-890779
contig_2431	1192378	1192516	intergenic	.	contig_2431:1192378-1192516
contig_2431	1271832	1272103	intergenic	.	contig_2431:1271832-1272103
contig_2431	1691889	1692024	intergenic	.	contig_2431:1691889-1692024
contig_2431	1720189	1720689	intergenic	.	contig_2431:1720189-1720689
contig_2431	1720889	1720990	intergenic	.	contig_2431:1720889-1720990
contig_2431	1721189	1721289	intergenic	.	contig_2431:1721189-1721289
contig_2431	1783583	1783628	intergenic	.	contig_2431:1783583-1783628
contig_2431	1813312	1813435	intergenic	.	contig_2431:1813312-1813435
contig_2431	1830283	1830392	intergenic	.	contig_2431:1830283-1830392
contig_2431	1830461	1830811	intergenic	.	contig_2431:1830461-1830811
contig_2431	1945869	1946002	intergenic	.	contig_2431:1945869-1946002
contig_2431	2040041	2040116	intergenic	.	contig_2431:2040041-2040116
contig_2431	2244304	2244435	intergenic	.	contig_2431:2244304-2244435
contig_2436	70604	71368	intergenic	.	contig_2436:70604-71368
contig_246	578481	578535	gene,mRNA	.	contig_246:578481-578535,contig_246:578481-578535
contig_2466	161990	162208	intergenic	.	contig_2466:161990-162208
contig_2466	183768	183924	intergenic	.	contig_2466:183768-183924
contig_2466	321647	321813	intergenic	.	contig_2466:321647-321813
contig_2466	491854	491929	intergenic	.	contig_2466:491854-491929
contig_2466	491985	492041	intergenic	.	contig_2466:491985-492041
contig_2466	492115	492355	intergenic	.	contig_2466:492115-492355
contig_2466	778197	778542	intergenic	.	contig_2466:778197-778542
contig_2469	109486	109571	intergenic	.	contig_2469:109486-109571
contig_2469	203039	203243	intergenic	.	contig_2469:203039-203243
contig_2469	205210	205363	intergenic	.	contig_2469:205210-205363
contig_2469	780877	780930	intergenic	.	contig_2469:780877-780930
contig_247	40102	40217	gene,mRNA	.	contig_247:40102-40217,contig_247:40102-40217
contig_2478	209828	210128	intergenic	.	contig_2478:209828-210128
contig_2478	212027	212276	intergenic	.	contig_2478:212027-212276
contig_2478	597777	598081	gene,mRNA	.	contig_2478:597777-598081,contig_2478:597777-598081
contig_2478	664869	664967	intergenic	.	contig_2478:664869-664967
contig_2478	683430	683471	intergenic	.	contig_2478:683430-683471
contig_248	361988	362235	intergenic	.	contig_248:361988-362235
contig_248	431192	431335	intergenic	.	contig_248:431192-431335
contig_2486	49426	49515	gene,mRNA	.	contig_2486:49426-49515,contig_2486:49426-49515
contig_2486	85449	85598	intergenic	.	contig_2486:85449-85598
contig_2486	199565	199718	intergenic	.	contig_2486:199565-199718
contig_2486	529379	529482	intergenic	.	contig_2486:529379-529482
contig_2486	698770	698897	intergenic	.	contig_2486:698770-698897
contig_2486	721934	722076	intergenic	.	contig_2486:721934-722076
contig_2486	1002729	1002865	intergenic	.	contig_2486:1002729-1002865
contig_2486	1422616	1423003	intergenic	.	contig_2486:1422616-1423003
contig_2486	2080719	2080815	intergenic	.	contig_2486:2080719-2080815
contig_2486	2155004	2155416	intergenic	.	contig_2486:2155004-2155416
contig_2486	2438795	2439118	intergenic	.	contig_2486:2438795-2439118
contig_2487	40621	40736	intergenic	.	contig_2487:40621-40736
contig_2487	48071	48256	gene,mRNA	.	contig_2487:48071-48256,contig_2487:48071-48256
contig_2487	111253	111415	gene,mRNA	.	contig_2487:111253-111415,contig_2487:111253-111415
contig_2487	362432	362487	intergenic	.	contig_2487:362432-362487
contig_2487	442418	442561	intergenic	.	contig_2487:442418-442561
contig_2487	442679	442860	intergenic	.	contig_2487:442679-442860
contig_2487	1019817	1019870	gene,mRNA	.	contig_2487:1019817-1019870,contig_2487:1019817-1019870
contig_2487	1062198	1062657	intergenic	.	contig_2487:1062198-1062657
contig_2487	1085491	1085591	intergenic	.	contig_2487:1085491-1085591
contig_2490	383222	383606	intergenic	.	contig_2490:383222-383606
contig_2492	38156	38255	intergenic	.	contig_2492:38156-38255
contig_2492	228594	228682	gene,mRNA	.	contig_2492:228594-228682,contig_2492:228594-228682
contig_2494	351613	351684	gene,mRNA	.	contig_2494:351613-351684,contig_2494:351613-351684
contig_2506	519189	519410	intergenic	.	contig_2506:519189-519410
contig_2506	781536	781602	intergenic	.	contig_2506:781536-781602
contig_2506	849643	849754	intergenic	.	contig_2506:849643-849754
contig_2506	893501	893776	intergenic	.	contig_2506:893501-893776
contig_251	29445	29607	intergenic	.	contig_251:29445-29607
contig_251	301696	301726	gene,mRNA	.	contig_251:301696-301726,contig_251:301696-301726
contig_251	384529	384702	intergenic	.	contig_251:384529-384702
contig_2510	119595	119717	intergenic	.	contig_2510:119595-119717
contig_2510	439870	440023	intergenic	.	contig_2510:439870-440023
contig_2510	974592	974675	intergenic	.	contig_2510:974592-974675
contig_2510	1027039	1027298	intergenic	.	contig_2510:1027039-1027298
contig_2511	170594	170839	gene,mRNA	.	contig_2511:170594-170839,contig_2511:170594-170839
contig_2511	454824	454967	intergenic	.	contig_2511:454824-454967
contig_2511	628267	628311	intergenic	.	contig_2511:628267-628311
contig_2517	368721	368765	intergenic	.	contig_2517:368721-368765
contig_2517	630731	631305	intergenic	.	contig_2517:630731-631305
contig_2517	670211	670475	intergenic	.	contig_2517:670211-670475
contig_2525	70447	70519	gene,mRNA	.	contig_2525:70447-70519,contig_2525:70447-70519
contig_2525	149317	149409	intergenic	.	contig_2525:149317-149409
contig_2525	757087	757751	intergenic	.	contig_2525:757087-757751
contig_2525	1251887	1251932	intergenic	.	contig_2525:1251887-1251932
contig_2525	1298401	1298592	intergenic	.	contig_2525:1298401-1298592
contig_2525	1396317	1396749	intergenic	.	contig_2525:1396317-1396749
contig_2525	1435526	1435735	intergenic	.	contig_2525:1435526-1435735
contig_2525	1436077	1436201	intergenic	.	contig_2525:1436077-1436201
contig_2525	1495288	1495838	gene,mRNA	.	contig_2525:1495288-1495838,contig_2525:1495288-1495838
contig_2525	1516885	1517510	gene,mRNA	.	contig_2525:1516885-1517510,contig_2525:1516885-1517510
contig_2525	1738847	1738895	intergenic	.	contig_2525:1738847-1738895
contig_2525	1901318	1901464	gene,mRNA	.	contig_2525:1901318-1901464,contig_2525:1901318-1901464
contig_2525	2149538	2149573	intergenic	.	contig_2525:2149538-2149573
contig_2525	2293673	2293782	intergenic	.	contig_2525:2293673-2293782
contig_2525	2801021	2801363	intergenic	.	contig_2525:2801021-2801363
contig_2525	2998551	2998635	intergenic	.	contig_2525:2998551-2998635
contig_2525	3019491	3019544	intergenic	.	contig_2525:3019491-3019544
contig_2528	198834	198912	gene,mRNA	.	contig_2528:198834-198912,contig_2528:198834-198912
contig_2528	299227	299401	intergenic	.	contig_2528:299227-299401
contig_2528	317572	317626	intergenic	.	contig_2528:317572-317626
contig_2528	695651	695926	intergenic	.	contig_2528:695651-695926
contig_2528	808927	808983	intergenic	.	contig_2528:808927-808983
contig_2528	952306	952485	intergenic	.	contig_2528:952306-952485
contig_2528	972461	972624	intergenic	.	contig_2528:972461-972624
contig_2528	973059	973170	intergenic	.	contig_2528:973059-973170
contig_2528	1092738	1092825	intergenic	.	contig_2528:1092738-1092825
contig_2528	1333789	1334056	intergenic	.	contig_2528:1333789-1334056
contig_2528	1400089	1400703	intergenic	.	contig_2528:1400089-1400703
contig_2528	1531853	1531979	intergenic	.	contig_2528:1531853-1531979
contig_2528	1534331	1534460	intergenic	.	contig_2528:1534331-1534460
contig_2528	1686880	1687247	gene,mRNA	.	contig_2528:1686880-1687247,contig_2528:1686880-1687247
contig_2528	1912602	1912703	intergenic	.	contig_2528:1912602-1912703
contig_2528	2450683	2450935	intergenic	.	contig_2528:2450683-2450935
contig_2528	2499278	2499729	intergenic	.	contig_2528:2499278-2499729
contig_2528	2499780	2499812	intergenic	.	contig_2528:2499780-2499812
contig_2528	2633175	2633353	intergenic	.	contig_2528:2633175-2633353
contig_2528	2719196	2719273	intergenic	.	contig_2528:2719196-2719273
contig_2528	2881128	2881241	intergenic	.	contig_2528:2881128-2881241
contig_2528	3022825	3023014	intergenic	.	contig_2528:3022825-3023014
contig_2528	3123766	3123822	intergenic	.	contig_2528:3123766-3123822
contig_2528	3208313	3208429	gene,mRNA	.	contig_2528:3208313-3208429,contig_2528:3208313-3208429
contig_2528	3450211	3450405	intergenic	.	contig_2528:3450211-3450405
contig_2528	3508146	3508207	intergenic	.	contig_2528:3508146-3508207
contig_253	159622	159894	gene,mRNA	.	contig_253:159622-159894,contig_253:159622-159894
contig_2540	469040	469523	intergenic	.	contig_2540:469040-469523
contig_2540	885181	885505	gene,mRNA	.	contig_2540:885181-885505,contig_2540:885181-885505
contig_2540	1162019	1162288	gene,mRNA	.	contig_2540:1162019-1162288,contig_2540:1162019-1162288
contig_2540	1200406	1200600	intergenic	.	contig_2540:1200406-1200600
contig_2540	1222448	1222537	intergenic	.	contig_2540:1222448-1222537
contig_2540	1264615	1264743	intergenic	.	contig_2540:1264615-1264743
contig_2540	2136399	2136568	intergenic	.	contig_2540:2136399-2136568
contig_2547	320454	320742	intergenic	.	contig_2547:320454-320742
contig_2547	320967	321140	intergenic	.	contig_2547:320967-321140
contig_2547	482812	483615	gene,mRNA,exon,CDS	.	contig_2547:482812-483615,contig_2547:482812-483615,contig_2547:482812-483615,contig_2547:482812-483615
contig_2547	506070	506319	gene,mRNA	.	contig_2547:506070-506319,contig_2547:506070-506319
contig_2547	637488	637540	intergenic	.	contig_2547:637488-637540
contig_2547	1110793	1110900	intergenic	.	contig_2547:1110793-1110900
contig_2547	1196148	1196188	intergenic	.	contig_2547:1196148-1196188
contig_2547	1196244	1196329	intergenic	.	contig_2547:1196244-1196329
contig_2547	1243315	1243419	intergenic	.	contig_2547:1243315-1243419
contig_2549	244579	244612	intergenic	.	contig_2549:244579-244612
contig_2549	299015	299082	intergenic	.	contig_2549:299015-299082
contig_2552	287198	287380	intergenic	.	contig_2552:287198-287380
contig_2552	442146	442562	intergenic	.	contig_2552:442146-442562
contig_2552	759791	759946	intergenic	.	contig_2552:759791-759946
contig_2552	760003	760110	intergenic	.	contig_2552:760003-760110
contig_2552	863847	863997	intergenic	.	contig_2552:863847-863997
contig_2552	959900	960121	gene,mRNA	.	contig_2552:959900-960121,contig_2552:959900-960121
contig_2553	156615	156819	intergenic	.	contig_2553:156615-156819
contig_2553	174405	174526	intergenic	.	contig_2553:174405-174526
contig_2553	202306	202392	intergenic	.	contig_2553:202306-202392
contig_2555	11801	11901	gene,mRNA,exon,CDS	.	contig_2555:11801-11901,contig_2555:11801-11901,contig_2555:11801-11901,contig_2555:11801-11901
contig_256	273151	273388	intergenic	.	contig_256:273151-273388
contig_256	284843	284882	intergenic	.	contig_256:284843-284882
contig_2567	47195	47346	intergenic	.	contig_2567:47195-47346
contig_2567	72331	72482	intergenic	.	contig_2567:72331-72482
contig_2567	311326	311422	intergenic	.	contig_2567:311326-311422
contig_2567	386203	386258	intergenic	.	contig_2567:386203-386258
contig_2567	404709	404819	intergenic	.	contig_2567:404709-404819
contig_2567	514474	514638	intergenic	.	contig_2567:514474-514638
contig_2576	146295	146477	intergenic	.	contig_2576:146295-146477
contig_2576	193551	193710	intergenic	.	contig_2576:193551-193710
contig_2595	53726	53935	gene,mRNA	.	contig_2595:53726-53935,contig_2595:53726-53935
contig_2595	248007	248157	gene,mRNA	.	contig_2595:248007-248157,contig_2595:248007-248157
contig_2595	582814	583611	intergenic	.	contig_2595:582814-583611
contig_2595	1325500	1325728	intergenic	.	contig_2595:1325500-1325728
contig_2595	1540057	1540262	intergenic	.	contig_2595:1540057-1540262
contig_2595	1846958	1847052	intergenic	.	contig_2595:1846958-1847052
contig_2595	1847395	1847660	intergenic	.	contig_2595:1847395-1847660
contig_2595	2410477	2410627	intergenic	.	contig_2595:2410477-2410627
contig_2595	2867770	2868001	intergenic	.	contig_2595:2867770-2868001
contig_2595	3341661	3341761	intergenic	.	contig_2595:3341661-3341761
contig_2595	3675867	3676171	intergenic	.	contig_2595:3675867-3676171
contig_2599	446513	446853	gene,mRNA	.	contig_2599:446513-446853,contig_2599:446513-446853
contig_2599	888960	889163	intergenic	.	contig_2599:888960-889163
contig_2601	100159	100370	intergenic	.	contig_2601:100159-100370
contig_2601	109563	109751	intergenic	.	contig_2601:109563-109751
contig_2601	134049	134148	intergenic	.	contig_2601:134049-134148
contig_2601	167502	167632	intergenic	.	contig_2601:167502-167632
contig_2601	177978	178115	intergenic	.	contig_2601:177978-178115
contig_2601	254723	254821	intergenic	.	contig_2601:254723-254821
contig_2601	420005	420229	intergenic	.	contig_2601:420005-420229
contig_2601	425391	425592	intergenic	.	contig_2601:425391-425592
contig_2601	544236	544433	intergenic	.	contig_2601:544236-544433
contig_2601	656503	656694	intergenic	.	contig_2601:656503-656694
contig_2601	988273	988650	intergenic	.	contig_2601:988273-988650
contig_2601	988705	988827	intergenic	.	contig_2601:988705-988827
contig_2601	989345	989534	intergenic	.	contig_2601:989345-989534
contig_2605	351048	351305	intergenic	.	contig_2605:351048-351305
contig_2614	473686	473976	intergenic	.	contig_2614:473686-473976
contig_2614	1093453	1093507	intergenic	.	contig_2614:1093453-1093507
contig_2614	1449142	1449243	intergenic	.	contig_2614:1449142-1449243
contig_2616	232488	232581	intergenic	.	contig_2616:232488-232581
contig_2616	236917	236961	intergenic	.	contig_2616:236917-236961
contig_2616	252479	252908	intergenic	.	contig_2616:252479-252908
contig_2616	298843	298986	intergenic	.	contig_2616:298843-298986
contig_2616	420876	421031	intergenic	.	contig_2616:420876-421031
contig_2616	501484	501763	intergenic	.	contig_2616:501484-501763
contig_2616	1294628	1294802	intergenic	.	contig_2616:1294628-1294802
contig_2616	1381505	1381557	intergenic	.	contig_2616:1381505-1381557
contig_2616	1653171	1653213	gene,mRNA	.	contig_2616:1653171-1653213,contig_2616:1653171-1653213
contig_2616	2053272	2053457	intergenic	.	contig_2616:2053272-2053457
contig_2617	733410	733615	intergenic	.	contig_2617:733410-733615
contig_2617	771460	771502	intergenic	.	contig_2617:771460-771502
contig_2617	1204970	1205170	intergenic	.	contig_2617:1204970-1205170
contig_2617	1449773	1450237	intergenic	.	contig_2617:1449773-1450237
contig_2617	1757767	1757896	intergenic	.	contig_2617:1757767-1757896
contig_2617	1796073	1796254	intergenic	.	contig_2617:1796073-1796254
contig_2617	1953089	1953401	intergenic	.	contig_2617:1953089-1953401
contig_2617	2093995	2094095	intergenic	.	contig_2617:2093995-2094095
contig_2617	2094190	2094316	intergenic	.	contig_2617:2094190-2094316
contig_2617	2094417	2094496	intergenic	.	contig_2617:2094417-2094496
contig_2617	2153869	2154004	intergenic	.	contig_2617:2153869-2154004
contig_2617	2171439	2171623	intergenic	.	contig_2617:2171439-2171623
contig_2617	2313220	2313572	gene,mRNA	.	contig_2617:2313220-2313572,contig_2617:2313220-2313572
contig_2617	2423061	2423132	intergenic	.	contig_2617:2423061-2423132
contig_2617	2684213	2684378	exon,CDS,gene,mRNA	.	contig_2617:2684213-2684378,contig_2617:2684213-2684378,contig_2617:2684213-2684378,contig_2617:2684213-2684378
contig_2617	3103473	3103794	intergenic	.	contig_2617:3103473-3103794
contig_262	136195	136326	intergenic	.	contig_262:136195-136326
contig_262	185804	186031	intergenic	.	contig_262:185804-186031
contig_262	235063	235567	intergenic	.	contig_262:235063-235567
contig_262	350411	350636	gene,mRNA	.	contig_262:350411-350636,contig_262:350411-350636
contig_262	473846	474311	intergenic	.	contig_262:473846-474311
contig_262	498707	498817	intergenic	.	contig_262:498707-498817
contig_262	624205	624319	intergenic	.	contig_262:624205-624319
contig_262	741079	741302	intergenic	.	contig_262:741079-741302
contig_262	744670	744737	intergenic	.	contig_262:744670-744737
contig_262	744849	744949	intergenic	.	contig_262:744849-744949
contig_262	789217	789499	intergenic	.	contig_262:789217-789499
contig_262	994929	995042	intergenic	.	contig_262:994929-995042
contig_262	1066658	1066857	intergenic	.	contig_262:1066658-1066857
contig_262	1315129	1315373	intergenic	.	contig_262:1315129-1315373
contig_2620	3354	3417	intergenic	.	contig_2620:3354-3417
contig_2620	3480	3816	intergenic	.	contig_2620:3480-3816
contig_2620	3895	4005	intergenic	.	contig_2620:3895-4005
contig_2621	187786	188086	intergenic	.	contig_2621:187786-188086
contig_2621	242417	242829	intergenic	.	contig_2621:242417-242829
contig_2621	435598	435911	gene,mRNA	.	contig_2621:435598-435911,contig_2621:435598-435911
contig_2621	544365	544494	gene,mRNA	.	contig_2621:544365-544494,contig_2621:544365-544494
contig_2627	11893	12065	intergenic	.	contig_2627:11893-12065
contig_263	203864	203952	intergenic	.	contig_263:203864-203952
contig_263	263199	263579	intergenic	.	contig_263:263199-263579
contig_263	492716	493143	intergenic	.	contig_263:492716-493143
contig_263	626794	627157	intergenic	.	contig_263:626794-627157
contig_263	781756	781828	intergenic	.	contig_263:781756-781828
contig_263	1112400	1112573	intergenic	.	contig_263:1112400-1112573
contig_263	1323989	1324236	intergenic	.	contig_263:1323989-1324236
contig_263	1496672	1496734	intergenic	.	contig_263:1496672-1496734
contig_263	1499742	1499953	gene,mRNA	.	contig_263:1499742-1499953,contig_263:1499742-1499953
contig_2640	949917	950544	gene,mRNA	.	contig_2640:949917-950544,contig_2640:949917-950544
contig_2640	1093722	1094263	gene,mRNA	.	contig_2640:1093722-1094263,contig_2640:1093722-1094263
contig_2640	1340903	1341029	gene,mRNA	.	contig_2640:1340903-1341029,contig_2640:1340903-1341029
contig_2649	351888	352008	gene,mRNA	.	contig_2649:351888-352008,contig_2649:351888-352008
contig_2649	830297	830431	intergenic	.	contig_2649:830297-830431
contig_2649	848976	849060	gene,polyA_signal_sequence	.	contig_2649:848976-849060,contig_2649:848976-849060
contig_2649	849037	849060	intergenic	.	contig_2649:849037-849060
contig_2649	887141	887332	intergenic	.	contig_2649:887141-887332
contig_2649	933233	933505	intergenic	.	contig_2649:933233-933505
contig_2649	1183521	1183678	intergenic	.	contig_2649:1183521-1183678
contig_265	140699	140848	intergenic	.	contig_265:140699-140848
contig_2651	155629	155680	gene,mRNA	.	contig_2651:155629-155680,contig_2651:155629-155680
contig_2651	183653	184035	polyA_signal_sequence,gene	.	contig_2651:183653-184035,contig_2651:183653-184035
contig_2651	183672	184035	intergenic	.	contig_2651:183672-184035
contig_2651	403971	404364	intergenic	.	contig_2651:403971-404364
contig_2651	578105	578206	gene,mRNA	.	contig_2651:578105-578206,contig_2651:578105-578206
contig_2651	659790	660058	gene,mRNA	.	contig_2651:659790-660058,contig_2651:659790-660058
contig_2651	660128	660301	gene,mRNA	.	contig_2651:660128-660301,contig_2651:660128-660301
contig_2651	1058404	1058505	gene,mRNA	.	contig_2651:1058404-1058505,contig_2651:1058404-1058505
contig_2651	1622579	1622790	intergenic	.	contig_2651:1622579-1622790
contig_2651	1869637	1869718	intergenic	.	contig_2651:1869637-1869718
contig_2651	1987567	1987807	gene,mRNA	.	contig_2651:1987567-1987807,contig_2651:1987567-1987807
contig_2651	2061057	2061194	gene,mRNA	.	contig_2651:2061057-2061194,contig_2651:2061057-2061194
contig_2652	49610	49858	intergenic	.	contig_2652:49610-49858
contig_2652	74395	74550	intergenic	.	contig_2652:74395-74550
contig_2652	172530	173003	intergenic	.	contig_2652:172530-173003
contig_2652	271840	272217	intergenic	.	contig_2652:271840-272217
contig_2652	414756	414897	intergenic	.	contig_2652:414756-414897
contig_2652	414967	415037	intergenic	.	contig_2652:414967-415037
contig_2652	481292	481543	intergenic	.	contig_2652:481292-481543
contig_2652	488642	488743	intergenic	.	contig_2652:488642-488743
contig_2652	574935	574991	gene,mRNA	.	contig_2652:574935-574991,contig_2652:574935-574991
contig_2652	715753	716244	gene,mRNA	.	contig_2652:715753-716244,contig_2652:715753-716244
contig_2652	907275	907344	intergenic	.	contig_2652:907275-907344
contig_2652	999060	999227	intergenic	.	contig_2652:999060-999227
contig_2656	17112	17376	intergenic	.	contig_2656:17112-17376
contig_2665	361302	361399	gene,mRNA	.	contig_2665:361302-361399,contig_2665:361302-361399
contig_2665	523335	523506	gene,mRNA,exon,CDS	.	contig_2665:523335-523506,contig_2665:523335-523506,contig_2665:523335-523506,contig_2665:523335-523506
contig_2665	553795	553908	intergenic	.	contig_2665:553795-553908
contig_2666	392514	392651	gene,mRNA	.	contig_2666:392514-392651,contig_2666:392514-392651
contig_2666	392727	392763	gene,mRNA	.	contig_2666:392727-392763,contig_2666:392727-392763
contig_2666	397918	398079	gene,mRNA	.	contig_2666:397918-398079,contig_2666:397918-398079
contig_2666	398380	398552	gene,mRNA	.	contig_2666:398380-398552,contig_2666:398380-398552
contig_2666	463092	463341	gene,mRNA	.	contig_2666:463092-463341,contig_2666:463092-463341
contig_2666	681650	681802	intergenic	.	contig_2666:681650-681802
contig_2666	1363114	1363281	intergenic	.	contig_2666:1363114-1363281
contig_2666	1390490	1390722	gene,mRNA	.	contig_2666:1390490-1390722,contig_2666:1390490-1390722
contig_2666	1459193	1459482	gene,mRNA	.	contig_2666:1459193-1459482,contig_2666:1459193-1459482
contig_2666	1544086	1544211	intergenic	.	contig_2666:1544086-1544211
contig_2666	1545773	1545886	intergenic	.	contig_2666:1545773-1545886
contig_2666	1581864	1582108	intergenic	.	contig_2666:1581864-1582108
contig_2666	1615368	1615604	intergenic	.	contig_2666:1615368-1615604
contig_2666	1647595	1647734	intergenic	.	contig_2666:1647595-1647734
contig_2674	605576	605667	intergenic	.	contig_2674:605576-605667
contig_2674	1404682	1404726	intergenic	.	contig_2674:1404682-1404726
contig_2674	1712295	1712348	intergenic	.	contig_2674:1712295-1712348
contig_2674	2007547	2007583	intergenic	.	contig_2674:2007547-2007583
contig_2674	2091587	2091708	intergenic	.	contig_2674:2091587-2091708
contig_2674	2418069	2418457	intergenic	.	contig_2674:2418069-2418457
contig_2674	2902615	2902849	intergenic	.	contig_2674:2902615-2902849
contig_2674	3040065	3040110	intergenic	.	contig_2674:3040065-3040110
contig_2674	3040177	3040248	intergenic	.	contig_2674:3040177-3040248
contig_2674	3063098	3063108	intergenic	.	contig_2674:3063098-3063108
contig_2674	3063098	3063431	polyA_signal_sequence,stop_codon,exon,CDS,gene,mRNA	.	contig_2674:3063098-3063431,contig_2674:3063098-3063431,contig_2674:3063098-3063431,contig_2674:3063098-3063431,contig_2674:3063098-3063431,contig_2674:3063098-3063431
contig_2674	3212718	3212897	intergenic	.	contig_2674:3212718-3212897
contig_2674	3252532	3252712	intergenic	.	contig_2674:3252532-3252712
contig_2674	3415272	3415481	gene,mRNA	.	contig_2674:3415272-3415481,contig_2674:3415272-3415481
contig_2674	3426325	3426601	intergenic	.	contig_2674:3426325-3426601
contig_2674	3719879	3720065	intergenic	.	contig_2674:3719879-3720065
contig_2674	3737610	3737769	intergenic	.	contig_2674:3737610-3737769
contig_2674	3943389	3943635	intergenic	.	contig_2674:3943389-3943635
contig_2674	4504834	4504892	intergenic	.	contig_2674:4504834-4504892
contig_2674	4504950	4505036	intergenic	.	contig_2674:4504950-4505036
contig_2676	280234	280332	intergenic	.	contig_2676:280234-280332
contig_2676	754539	754616	intergenic	.	contig_2676:754539-754616
contig_2676	1311340	1311398	intergenic	.	contig_2676:1311340-1311398
contig_2676	1349564	1349644	intergenic	.	contig_2676:1349564-1349644
contig_2676	1594066	1594351	intergenic	.	contig_2676:1594066-1594351
contig_268	302731	302863	intergenic	.	contig_268:302731-302863
contig_2695	499650	499757	intergenic	.	contig_2695:499650-499757
contig_2695	569715	569821	gene,mRNA	.	contig_2695:569715-569821,contig_2695:569715-569821
contig_2695	695852	695927	gene,mRNA	.	contig_2695:695852-695927,contig_2695:695852-695927
contig_2695	696244	696463	gene,mRNA	.	contig_2695:696244-696463,contig_2695:696244-696463
contig_2695	998469	998513	intergenic	.	contig_2695:998469-998513
contig_2695	998632	998663	intergenic	.	contig_2695:998632-998663
contig_2695	1041392	1041427	intergenic	.	contig_2695:1041392-1041427
contig_27	777422	777705	intergenic	.	contig_27:777422-777705
contig_27	1260971	1261127	gene,mRNA	.	contig_27:1260971-1261127,contig_27:1260971-1261127
contig_27	1261279	1261381	gene,mRNA	.	contig_27:1261279-1261381,contig_27:1261279-1261381
contig_27	1265955	1266020	gene,mRNA	.	contig_27:1265955-1266020,contig_27:1265955-1266020
contig_27	1443944	1444044	intergenic	.	contig_27:1443944-1444044
contig_27	1899311	1899575	gene,mRNA,exon,CDS,exon,CDS	.	contig_27:1899311-1899575,contig_27:1899311-1899575,contig_27:1899311-1899575,contig_27:1899311-1899575,contig_27:1899311-1899575,contig_27:1899311-1899575
contig_270	176331	176456	gene,mRNA	.	contig_270:176331-176456,contig_270:176331-176456
contig_2700	308115	308446	intergenic	.	contig_2700:308115-308446
contig_2700	801086	801118	intergenic	.	contig_2700:801086-801118
contig_2700	877013	877059	intergenic	.	contig_2700:877013-877059
contig_2700	1157214	1157330	gene,mRNA	.	contig_2700:1157214-1157330,contig_2700:1157214-1157330
contig_2700	1244451	1244691	gene,mRNA	.	contig_2700:1244451-1244691,contig_2700:1244451-1244691
contig_2700	1652682	1652744	intergenic	.	contig_2700:1652682-1652744
contig_2700	1653063	1653309	intergenic	.	contig_2700:1653063-1653309
contig_2700	1926644	1926920	intergenic	.	contig_2700:1926644-1926920
contig_2700	2007345	2007508	intergenic	.	contig_2700:2007345-2007508
contig_2700	2688142	2688227	intergenic	.	contig_2700:2688142-2688227
contig_2700	2688499	2688565	intergenic	.	contig_2700:2688499-2688565
contig_2709	223953	224057	intergenic	.	contig_2709:223953-224057
contig_2716	6325	6438	intergenic	.	contig_2716:6325-6438
contig_2717	1076751	1077187	gene,mRNA	.	contig_2717:1076751-1077187,contig_2717:1076751-1077187
contig_2717	1197983	1198087	gene,mRNA	.	contig_2717:1197983-1198087,contig_2717:1197983-1198087
contig_2717	1597842	1597935	intergenic	.	contig_2717:1597842-1597935
contig_2717	1802542	1802653	gene,mRNA	.	contig_2717:1802542-1802653,contig_2717:1802542-1802653
contig_2717	2314146	2314176	intergenic	.	contig_2717:2314146-2314176
contig_2726	94575	94767	intergenic	.	contig_2726:94575-94767
contig_2726	153498	153543	intergenic	.	contig_2726:153498-153543
contig_2726	153651	153778	intergenic	.	contig_2726:153651-153778
contig_2726	558497	558845	intergenic	.	contig_2726:558497-558845
contig_2726	628474	628549	intergenic	.	contig_2726:628474-628549
contig_2726	642604	642640	intergenic	.	contig_2726:642604-642640
contig_2733	590282	590337	gene,mRNA	.	contig_2733:590282-590337,contig_2733:590282-590337
contig_2733	1128384	1128623	intergenic	.	contig_2733:1128384-1128623
contig_2733	1268166	1268282	intergenic	.	contig_2733:1268166-1268282
contig_2733	1342588	1343195	intergenic	.	contig_2733:1342588-1343195
contig_2733	1787207	1787410	gene,mRNA	.	contig_2733:1787207-1787410,contig_2733:1787207-1787410
contig_2733	1991264	1991488	intergenic	.	contig_2733:1991264-1991488
contig_2733	2511771	2511854	intergenic	.	contig_2733:2511771-2511854
contig_2733	3308613	3308862	intergenic	.	contig_2733:3308613-3308862
contig_2733	3490550	3490594	intergenic	.	contig_2733:3490550-3490594
contig_275	54865	55015	gene,mRNA	.	contig_275:54865-55015,contig_275:54865-55015
contig_2796	33553	33751	intergenic	.	contig_2796:33553-33751
contig_2796	35836	35917	intergenic	.	contig_2796:35836-35917
contig_2796	36064	36141	intergenic	.	contig_2796:36064-36141
contig_2796	77706	77959	intergenic	.	contig_2796:77706-77959
contig_2796	161614	161779	intergenic	.	contig_2796:161614-161779
contig_2796	437000	437158	intergenic	.	contig_2796:437000-437158
contig_2796	467238	467372	intergenic	.	contig_2796:467238-467372
contig_2822	419449	419689	intergenic	.	contig_2822:419449-419689
contig_2826	491987	492018	gene,mRNA	.	contig_2826:491987-492018,contig_2826:491987-492018
contig_2826	826218	826317	intergenic	.	contig_2826:826218-826317
contig_2826	887181	887369	intergenic	.	contig_2826:887181-887369
contig_2830	223759	223898	intergenic	.	contig_2830:223759-223898
contig_2830	313574	313694	intergenic	.	contig_2830:313574-313694
contig_2833	158700	158926	intergenic	.	contig_2833:158700-158926
contig_2833	386092	386223	gene,mRNA	.	contig_2833:386092-386223,contig_2833:386092-386223
contig_2833	1363680	1363773	intergenic	.	contig_2833:1363680-1363773
contig_2833	1364041	1364127	intergenic	.	contig_2833:1364041-1364127
contig_2833	1595220	1595278	intergenic	.	contig_2833:1595220-1595278
contig_2833	1595220	1595305	gene,mRNA,start_codon,exon,CDS	.	contig_2833:1595220-1595305,contig_2833:1595220-1595305,contig_2833:1595220-1595305,contig_2833:1595220-1595305,contig_2833:1595220-1595305
contig_2841	227365	227470	intergenic	.	contig_2841:227365-227470
contig_286	125727	125812	intergenic	.	contig_286:125727-125812
contig_286	181099	181141	intergenic	.	contig_286:181099-181141
contig_286	181442	181528	intergenic	.	contig_286:181442-181528
contig_286	1750121	1750221	gene,mRNA	.	contig_286:1750121-1750221,contig_286:1750121-1750221
contig_286	1950291	1950385	intergenic	.	contig_286:1950291-1950385
contig_286	2265473	2265587	intergenic	.	contig_286:2265473-2265587
contig_286	2622133	2622301	intergenic	.	contig_286:2622133-2622301
contig_286	2791267	2791482	intergenic	.	contig_286:2791267-2791482
contig_286	3354005	3354079	intergenic	.	contig_286:3354005-3354079
contig_286	3359908	3360008	intergenic	.	contig_286:3359908-3360008
contig_286	3463965	3464089	gene,mRNA	.	contig_286:3463965-3464089,contig_286:3463965-3464089
contig_286	3912135	3912278	gene,mRNA	.	contig_286:3912135-3912278,contig_286:3912135-3912278
contig_286	3950268	3950356	gene,mRNA	.	contig_286:3950268-3950356,contig_286:3950268-3950356
contig_286	4156721	4156778	intergenic	.	contig_286:4156721-4156778
contig_286	4279168	4279346	gene,mRNA,exon,CDS	.	contig_286:4279168-4279346,contig_286:4279168-4279346,contig_286:4279168-4279346,contig_286:4279168-4279346
contig_286	5007302	5007446	intergenic	.	contig_286:5007302-5007446
contig_286	5725282	5725473	intergenic	.	contig_286:5725282-5725473
contig_2896	768923	769328	intergenic	.	contig_2896:768923-769328
contig_2896	878806	878864	gene,mRNA	.	contig_2896:878806-878864,contig_2896:878806-878864
contig_2908	116734	117083	intergenic	.	contig_2908:116734-117083
contig_2908	141307	141358	intergenic	.	contig_2908:141307-141358
contig_2908	179994	180053	intergenic	.	contig_2908:179994-180053
contig_2908	270311	270590	intergenic	.	contig_2908:270311-270590
contig_2908	270656	270985	intergenic	.	contig_2908:270656-270985
contig_2908	271870	272251	intergenic	.	contig_2908:271870-272251
contig_2908	470879	471039	intergenic	.	contig_2908:470879-471039
contig_2908	1351028	1351311	gene,mRNA	.	contig_2908:1351028-1351311,contig_2908:1351028-1351311
contig_2908	1818063	1818164	gene,mRNA	.	contig_2908:1818063-1818164,contig_2908:1818063-1818164
contig_2919	24406	24724	intergenic	.	contig_2919:24406-24724
contig_2919	24782	24900	intergenic	.	contig_2919:24782-24900
contig_2919	56180	56404	intergenic	.	contig_2919:56180-56404
contig_2919	685900	686085	intergenic	.	contig_2919:685900-686085
contig_2919	686212	686498	intergenic	.	contig_2919:686212-686498
contig_2919	1274539	1274643	intergenic	.	contig_2919:1274539-1274643
contig_2919	1657078	1657308	intergenic	.	contig_2919:1657078-1657308
contig_2919	1706011	1706197	intergenic	.	contig_2919:1706011-1706197
contig_292	545078	545526	intergenic	.	contig_292:545078-545526
contig_292	1489200	1489255	gene,mRNA	.	contig_292:1489200-1489255,contig_292:1489200-1489255
contig_292	2428882	2428979	intergenic	.	contig_292:2428882-2428979
contig_292	2584608	2584690	intergenic	.	contig_292:2584608-2584690
contig_292	2789050	2789198	intergenic	.	contig_292:2789050-2789198
contig_292	3288915	3289155	gene,mRNA	.	contig_292:3288915-3289155,contig_292:3288915-3289155
contig_292	3516974	3517084	gene,mRNA	.	contig_292:3516974-3517084,contig_292:3516974-3517084
contig_292	4187989	4188096	gene,mRNA	.	contig_292:4187989-4188096,contig_292:4187989-4188096
contig_292	4421693	4421738	intergenic	.	contig_292:4421693-4421738
contig_292	6038394	6038468	gene,mRNA	.	contig_292:6038394-6038468,contig_292:6038394-6038468
contig_292	6774838	6775066	intergenic	.	contig_292:6774838-6775066
contig_292	7018299	7018505	intergenic	.	contig_292:7018299-7018505
contig_292	7054632	7054763	intergenic	.	contig_292:7054632-7054763
contig_292	7584110	7584319	intergenic	.	contig_292:7584110-7584319
contig_2920	78770	78852	intergenic	.	contig_2920:78770-78852
contig_2920	165510	165587	intergenic	.	contig_2920:165510-165587
contig_2920	259952	260074	intergenic	.	contig_2920:259952-260074
contig_2922	1209	1352	intergenic	.	contig_2922:1209-1352
contig_2929	124128	124193	intergenic	.	contig_2929:124128-124193
contig_2929	254991	255070	intergenic	.	contig_2929:254991-255070
contig_2929	255133	255171	intergenic	.	contig_2929:255133-255171
contig_2929	272729	273073	intergenic	.	contig_2929:272729-273073
contig_293	281412	281881	intergenic	.	contig_293:281412-281881
contig_2942	16651	16841	gene,mRNA,stop_codon,exon,CDS	.	contig_2942:16651-16841,contig_2942:16651-16841,contig_2942:16651-16841,contig_2942:16651-16841,contig_2942:16651-16841
contig_2942	16930	17440	intergenic	.	contig_2942:16930-17440
contig_2942	18210	18361	gene,mRNA,exon,CDS	.	contig_2942:18210-18361,contig_2942:18210-18361,contig_2942:18210-18361,contig_2942:18210-18361
contig_295	648883	649040	intergenic	.	contig_295:648883-649040
contig_295	734327	734372	intergenic	.	contig_295:734327-734372
contig_2959	518194	518537	intergenic	.	contig_2959:518194-518537
contig_2959	890495	890622	intergenic	.	contig_2959:890495-890622
contig_2959	890753	890919	intergenic	.	contig_2959:890753-890919
contig_2959	942329	942396	intergenic	.	contig_2959:942329-942396
contig_2959	1129652	1129997	gene,mRNA	.	contig_2959:1129652-1129997,contig_2959:1129652-1129997
contig_2959	1137623	1137760	gene,mRNA	.	contig_2959:1137623-1137760,contig_2959:1137623-1137760
contig_2959	1302995	1303143	gene,mRNA	.	contig_2959:1302995-1303143,contig_2959:1302995-1303143
contig_2970	474477	474583	intergenic	.	contig_2970:474477-474583
contig_2970	475791	475931	intergenic	.	contig_2970:475791-475931
contig_2979	77703	77790	gene,mRNA	.	contig_2979:77703-77790,contig_2979:77703-77790
contig_298	96291	96378	intergenic	.	contig_298:96291-96378
contig_298	595466	595637	gene,mRNA	.	contig_298:595466-595637,contig_298:595466-595637
contig_298	1044401	1044625	intergenic	.	contig_298:1044401-1044625
contig_299	110473	110524	intergenic	.	contig_299:110473-110524
contig_299	845873	845932	gene,mRNA	.	contig_299:845873-845932,contig_299:845873-845932
contig_299	1728477	1728611	intergenic	.	contig_299:1728477-1728611
contig_299	2082899	2083203	intergenic	.	contig_299:2082899-2083203
contig_299	2209101	2209235	intergenic	.	contig_299:2209101-2209235
contig_299	2587009	2587342	intergenic	.	contig_299:2587009-2587342
contig_299	2649987	2650353	intergenic	.	contig_299:2649987-2650353
contig_299	3126587	3126746	intergenic	.	contig_299:3126587-3126746
contig_3000	167594	167783	intergenic	.	contig_3000:167594-167783
contig_3000	361452	361764	intergenic	.	contig_3000:361452-361764
contig_3000	373518	373759	intergenic	.	contig_3000:373518-373759
contig_3000	380648	380737	intergenic	.	contig_3000:380648-380737
contig_3000	1134286	1134418	gene,mRNA	.	contig_3000:1134286-1134418,contig_3000:1134286-1134418
contig_3000	1469428	1469479	gene,mRNA,gene,mRNA	.	contig_3000:1469428-1469479,contig_3000:1469428-1469479,contig_3000:1469428-1469479,contig_3000:1469428-1469479
contig_3000	1523221	1523388	intergenic	.	contig_3000:1523221-1523388
contig_3000	1616008	1616778	intergenic	.	contig_3000:1616008-1616778
contig_3000	2521966	2522028	intergenic	.	contig_3000:2521966-2522028
contig_3000	2874743	2875195	intergenic	.	contig_3000:2874743-2875195
contig_3000	3290625	3290863	gene,mRNA	.	contig_3000:3290625-3290863,contig_3000:3290625-3290863
contig_3000	3696880	3697016	intergenic	.	contig_3000:3696880-3697016
contig_3000	3805356	3805574	intergenic	.	contig_3000:3805356-3805574
contig_3000	3825776	3825969	intergenic	.	contig_3000:3825776-3825969
contig_3000	3826258	3826509	intergenic	.	contig_3000:3826258-3826509
contig_301	1030647	1030770	intergenic	.	contig_301:1030647-1030770
contig_301	2059790	2060034	intergenic	.	contig_301:2059790-2060034
contig_3017	45275	45409	intergenic	.	contig_3017:45275-45409
contig_3017	138986	139157	intergenic	.	contig_3017:138986-139157
contig_3017	205762	205935	gene,mRNA	.	contig_3017:205762-205935,contig_3017:205762-205935
contig_3017	206430	206891	gene,mRNA	.	contig_3017:206430-206891,contig_3017:206430-206891
contig_3017	252965	253303	intergenic	.	contig_3017:252965-253303
contig_3017	284780	284972	gene,mRNA	.	contig_3017:284780-284972,contig_3017:284780-284972
contig_3017	400326	400635	intergenic	.	contig_3017:400326-400635
contig_3017	758454	758644	gene,mRNA	.	contig_3017:758454-758644,contig_3017:758454-758644
contig_3017	916809	916937	intergenic	.	contig_3017:916809-916937
contig_303	191117	191268	intergenic	.	contig_303:191117-191268
contig_303	211269	211332	intergenic	.	contig_303:211269-211332
contig_303	576707	576745	gene,mRNA	.	contig_303:576707-576745,contig_303:576707-576745
contig_303	729857	730180	intergenic	.	contig_303:729857-730180
contig_303	796752	796916	intergenic	.	contig_303:796752-796916
contig_303	803686	803742	intergenic	.	contig_303:803686-803742
contig_303	950548	951024	intergenic	.	contig_303:950548-951024
contig_304	524108	524246	intergenic	.	contig_304:524108-524246
contig_304	527975	528148	intergenic	.	contig_304:527975-528148
contig_304	618479	618590	intergenic	.	contig_304:618479-618590
contig_3064	75898	75978	intergenic	.	contig_3064:75898-75978
contig_3070	613723	613937	intergenic	.	contig_3070:613723-613937
contig_308	60521	60687	intergenic	.	contig_308:60521-60687
contig_308	60827	60997	intergenic	.	contig_308:60827-60997
contig_3109	3162	3267	intergenic	.	contig_3109:3162-3267
contig_3133	7743	7821	intergenic	.	contig_3133:7743-7821
contig_3133	7909	7975	intergenic	.	contig_3133:7909-7975
contig_3134	9162	9243	intergenic	.	contig_3134:9162-9243
contig_3134	9326	9427	intergenic	.	contig_3134:9326-9427
contig_3139	27328	27630	intergenic	.	contig_3139:27328-27630
contig_3139	260541	260701	intergenic	.	contig_3139:260541-260701
contig_3139	267308	267411	intergenic	.	contig_3139:267308-267411
contig_3139	297332	297432	intergenic	.	contig_3139:297332-297432
contig_314	257448	257531	intergenic	.	contig_314:257448-257531
contig_314	1780289	1780386	intergenic	.	contig_314:1780289-1780386
contig_3145	563785	563949	intergenic	.	contig_3145:563785-563949
contig_3146	1150656	1150775	gene,mRNA	.	contig_3146:1150656-1150775,contig_3146:1150656-1150775
contig_3146	1401948	1402073	intergenic	.	contig_3146:1401948-1402073
contig_3146	1568910	1568995	gene,mRNA	.	contig_3146:1568910-1568995,contig_3146:1568910-1568995
contig_3148	794500	794654	gene,mRNA	.	contig_3148:794500-794654,contig_3148:794500-794654
contig_3148	1089866	1089924	intergenic	.	contig_3148:1089866-1089924
contig_3148	1090304	1090498	intergenic	.	contig_3148:1090304-1090498
contig_3148	1232792	1232971	intergenic	.	contig_3148:1232792-1232971
contig_3148	1411294	1411407	intergenic	.	contig_3148:1411294-1411407
contig_3148	1582648	1582867	intergenic	.	contig_3148:1582648-1582867
contig_3148	1582983	1583080	intergenic	.	contig_3148:1582983-1583080
contig_3155	658118	658255	intergenic	.	contig_3155:658118-658255
contig_3155	660563	660640	intergenic	.	contig_3155:660563-660640
contig_3155	660913	660974	intergenic	.	contig_3155:660913-660974
contig_3156	78341	78481	intergenic	.	contig_3156:78341-78481
contig_3158	59833	60094	gene,mRNA	.	contig_3158:59833-60094,contig_3158:59833-60094
contig_3163	101303	101490	gene,mRNA	.	contig_3163:101303-101490,contig_3163:101303-101490
contig_3164	136652	136711	intergenic	.	contig_3164:136652-136711
contig_3165	93462	93525	intergenic	.	contig_3165:93462-93525
contig_3165	219806	219860	intergenic	.	contig_3165:219806-219860
contig_3165	585890	585972	intergenic	.	contig_3165:585890-585972
contig_3165	714875	714992	intergenic	.	contig_3165:714875-714992
contig_3165	715075	715115	intergenic	.	contig_3165:715075-715115
contig_3169	312620	312700	intergenic	.	contig_3169:312620-312700
contig_3169	449392	449666	gene,mRNA	.	contig_3169:449392-449666,contig_3169:449392-449666
contig_3177	38075	38260	gene,mRNA	.	contig_3177:38075-38260,contig_3177:38075-38260
contig_3177	93180	93349	gene,mRNA	.	contig_3177:93180-93349,contig_3177:93180-93349
contig_3177	163624	163812	intergenic	.	contig_3177:163624-163812
contig_3177	164767	164898	intergenic	.	contig_3177:164767-164898
contig_3177	164963	165096	intergenic	.	contig_3177:164963-165096
contig_318	810000	810041	gene,mRNA,exon,CDS	.	contig_318:810000-810041,contig_318:810000-810041,contig_318:810000-810041,contig_318:810000-810041
contig_3182	166750	167054	gene,mRNA	.	contig_3182:166750-167054,contig_3182:166750-167054
contig_3195	100509	100805	intergenic	.	contig_3195:100509-100805
contig_3198	86987	87079	gene,mRNA	.	contig_3198:86987-87079,contig_3198:86987-87079
contig_3198	625824	625880	intergenic	.	contig_3198:625824-625880
contig_3198	855359	855479	intergenic	.	contig_3198:855359-855479
contig_3198	896164	896216	intergenic	.	contig_3198:896164-896216
contig_3198	1597364	1597724	intergenic	.	contig_3198:1597364-1597724
contig_3198	1631067	1631217	intergenic	.	contig_3198:1631067-1631217
contig_3198	1955534	1955641	intergenic	.	contig_3198:1955534-1955641
contig_3198	2337421	2337478	intergenic	.	contig_3198:2337421-2337478
contig_3198	2539631	2539811	gene,mRNA	.	contig_3198:2539631-2539811,contig_3198:2539631-2539811
contig_3198	2701874	2701996	intergenic	.	contig_3198:2701874-2701996
contig_3198	2702700	2702898	intergenic	.	contig_3198:2702700-2702898
contig_3212	332867	332998	intergenic	.	contig_3212:332867-332998
contig_3212	510423	510724	intergenic	.	contig_3212:510423-510724
contig_3213	434415	434631	intergenic	.	contig_3213:434415-434631
contig_3213	752855	753094	intergenic	.	contig_3213:752855-753094
contig_3213	788017	788277	intergenic	.	contig_3213:788017-788277
contig_3213	843389	843602	intergenic	.	contig_3213:843389-843602
contig_3213	933018	933122	intergenic	.	contig_3213:933018-933122
contig_3213	945284	945692	intergenic	.	contig_3213:945284-945692
contig_3213	1057106	1057196	gene,mRNA	.	contig_3213:1057106-1057196,contig_3213:1057106-1057196
contig_322	731680	731739	intergenic	.	contig_322:731680-731739
contig_322	746193	746350	intergenic	.	contig_322:746193-746350
contig_322	1495661	1495728	intergenic	.	contig_322:1495661-1495728
contig_322	1495779	1495928	intergenic	.	contig_322:1495779-1495928
contig_322	1575636	1575758	intergenic	.	contig_322:1575636-1575758
contig_322	1745071	1745304	gene,mRNA	.	contig_322:1745071-1745304,contig_322:1745071-1745304
contig_322	1745932	1746035	gene,mRNA	.	contig_322:1745932-1746035,contig_322:1745932-1746035
contig_322	1977815	1978050	intergenic	.	contig_322:1977815-1978050
contig_322	2152193	2152373	exon,CDS,gene,mRNA	.	contig_322:2152193-2152373,contig_322:2152193-2152373,contig_322:2152193-2152373,contig_322:2152193-2152373
contig_3221	362782	362926	intergenic	.	contig_3221:362782-362926
contig_3221	374859	375101	intergenic	.	contig_3221:374859-375101
contig_3229	323385	323492	intergenic	.	contig_3229:323385-323492
contig_3242	1250	1477	intergenic	.	contig_3242:1250-1477
contig_325	1248405	1248519	gene,mRNA	.	contig_325:1248405-1248519,contig_325:1248405-1248519
contig_3254	874860	875049	gene,mRNA	.	contig_3254:874860-875049,contig_3254:874860-875049
contig_3254	1150212	1150339	gene,mRNA	.	contig_3254:1150212-1150339,contig_3254:1150212-1150339
contig_3254	1182006	1182201	gene,mRNA	.	contig_3254:1182006-1182201,contig_3254:1182006-1182201
contig_3254	1226693	1227279	gene,mRNA,exon,CDS,start_codon	.	contig_3254:1226693-1227279,contig_3254:1226693-1227279,contig_3254:1226693-1227279,contig_3254:1226693-1227279,contig_3254:1226693-1227279
contig_3254	1227117	1227279	intergenic	.	contig_3254:1227117-1227279
contig_3254	1432797	1432970	gene,mRNA	.	contig_3254:1432797-1432970,contig_3254:1432797-1432970
contig_3254	1557242	1557526	gene,mRNA	.	contig_3254:1557242-1557526,contig_3254:1557242-1557526
contig_3254	1792549	1792752	intergenic	.	contig_3254:1792549-1792752
contig_3261	10741	10801	intergenic	.	contig_3261:10741-10801
contig_327	322689	322768	intergenic	.	contig_327:322689-322768
contig_327	382182	382560	intergenic	.	contig_327:382182-382560
contig_327	455105	455410	intergenic	.	contig_327:455105-455410
contig_3278	239364	239433	intergenic	.	contig_3278:239364-239433
contig_3279	43974	44148	gene,mRNA	.	contig_3279:43974-44148,contig_3279:43974-44148
contig_3279	285761	286054	intergenic	.	contig_3279:285761-286054
contig_3281	353367	353477	intergenic	.	contig_3281:353367-353477
contig_3281	445000	445248	gene,mRNA	.	contig_3281:445000-445248,contig_3281:445000-445248
contig_3281	642672	643052	gene,mRNA	.	contig_3281:642672-643052,contig_3281:642672-643052
contig_3287	108553	108772	intergenic	.	contig_3287:108553-108772
contig_3287	833952	834324	gene,mRNA	.	contig_3287:833952-834324,contig_3287:833952-834324
contig_3287	872490	872553	intergenic	.	contig_3287:872490-872553
contig_3287	1284859	1285081	intergenic	.	contig_3287:1284859-1285081
contig_3287	1302561	1302619	gene,mRNA	.	contig_3287:1302561-1302619,contig_3287:1302561-1302619
contig_3287	1358618	1358830	gene,mRNA	.	contig_3287:1358618-1358830,contig_3287:1358618-1358830
contig_3287	1517889	1517989	gene,mRNA	.	contig_3287:1517889-1517989,contig_3287:1517889-1517989
contig_3287	1518046	1518154	gene,mRNA	.	contig_3287:1518046-1518154,contig_3287:1518046-1518154
contig_3287	1724259	1724338	intergenic	.	contig_3287:1724259-1724338
contig_3287	2267917	2267975	gene,mRNA	.	contig_3287:2267917-2267975,contig_3287:2267917-2267975
contig_3293	829754	830121	intergenic	.	contig_3293:829754-830121
contig_33	224260	224404	intergenic	.	contig_33:224260-224404
contig_33	561284	561461	intergenic	.	contig_33:561284-561461
contig_3300	422743	422866	intergenic	.	contig_3300:422743-422866
contig_3300	592800	592999	gene,mRNA	.	contig_3300:592800-592999,contig_3300:592800-592999
contig_3315	88633	88901	gene,mRNA	.	contig_3315:88633-88901,contig_3315:88633-88901
contig_3315	159830	159895	gene,mRNA	.	contig_3315:159830-159895,contig_3315:159830-159895
contig_3315	160159	160432	gene,mRNA	.	contig_3315:160159-160432,contig_3315:160159-160432
contig_3315	239553	239715	intergenic	.	contig_3315:239553-239715
contig_3330	668537	668592	gene,mRNA	.	contig_3330:668537-668592,contig_3330:668537-668592
contig_3330	2026601	2026851	gene,mRNA	.	contig_3330:2026601-2026851,contig_3330:2026601-2026851
contig_3330	2082936	2083188	gene,mRNA	.	contig_3330:2082936-2083188,contig_3330:2082936-2083188
contig_3330	2127831	2128139	intergenic	.	contig_3330:2127831-2128139
contig_3331	251525	251640	gene,mRNA	.	contig_3331:251525-251640,contig_3331:251525-251640
contig_3331	664575	664832	gene,mRNA	.	contig_3331:664575-664832,contig_3331:664575-664832
contig_3331	1684076	1684185	gene,mRNA	.	contig_3331:1684076-1684185,contig_3331:1684076-1684185
contig_3334	144861	145136	intergenic	.	contig_3334:144861-145136
contig_3334	172605	172772	intergenic	.	contig_3334:172605-172772
contig_3334	372247	372503	intergenic	.	contig_3334:372247-372503
contig_3334	391355	391416	gene,mRNA	.	contig_3334:391355-391416,contig_3334:391355-391416
contig_3334	409348	409645	gene,mRNA	.	contig_3334:409348-409645,contig_3334:409348-409645
contig_3334	755033	755123	intergenic	.	contig_3334:755033-755123
contig_334	846860	847197	intergenic	.	contig_334:846860-847197
contig_334	1203246	1203373	intergenic	.	contig_334:1203246-1203373
contig_334	1388172	1388249	intergenic	.	contig_334:1388172-1388249
contig_334	1642555	1642683	gene,mRNA,exon,CDS	.	contig_334:1642555-1642683,contig_334:1642555-1642683,contig_334:1642555-1642683,contig_334:1642555-1642683
contig_3345	628637	628826	intergenic	.	contig_3345:628637-628826
contig_3346	0	79	intergenic	.	contig_3346:0-79
contig_3352	460687	460838	intergenic	.	contig_3352:460687-460838
contig_3356	92030	92130	intergenic	.	contig_3356:92030-92130
contig_3356	297761	297859	intergenic	.	contig_3356:297761-297859
contig_3356	338455	338553	intergenic	.	contig_3356:338455-338553
contig_3356	461275	461503	intergenic	.	contig_3356:461275-461503
contig_3356	597504	597677	intergenic	.	contig_3356:597504-597677
contig_3356	638436	638500	intergenic	.	contig_3356:638436-638500
contig_3356	834389	834819	intergenic	.	contig_3356:834389-834819
contig_3356	875073	875160	intergenic	.	contig_3356:875073-875160
contig_3356	992216	992468	intergenic	.	contig_3356:992216-992468
contig_3356	1073998	1074391	intergenic	.	contig_3356:1073998-1074391
contig_3356	1133001	1133127	intergenic	.	contig_3356:1133001-1133127
contig_3356	1133454	1133520	intergenic	.	contig_3356:1133454-1133520
contig_3356	1633844	1633927	gene,mRNA	.	contig_3356:1633844-1633927,contig_3356:1633844-1633927
contig_3357	160573	160618	intergenic	.	contig_3357:160573-160618
contig_3368	218737	218865	intergenic	.	contig_3368:218737-218865
contig_3368	424085	424446	intergenic	.	contig_3368:424085-424446
contig_3368	767065	767202	intergenic	.	contig_3368:767065-767202
contig_3368	938850	938987	intergenic	.	contig_3368:938850-938987
contig_3369	862871	862948	intergenic	.	contig_3369:862871-862948
contig_3369	1003641	1003972	intergenic	.	contig_3369:1003641-1003972
contig_3384	196948	197065	intergenic	.	contig_3384:196948-197065
contig_3390	425612	425677	gene,mRNA	.	contig_3390:425612-425677,contig_3390:425612-425677
contig_3397	263495	263697	intergenic	.	contig_3397:263495-263697
contig_3397	281972	282218	intergenic	.	contig_3397:281972-282218
contig_3397	323565	323787	intergenic	.	contig_3397:323565-323787
contig_3397	418782	418837	intergenic	.	contig_3397:418782-418837
contig_3397	419142	419198	intergenic	.	contig_3397:419142-419198
contig_3397	483499	483790	gene,mRNA	.	contig_3397:483499-483790,contig_3397:483499-483790
contig_3397	553976	554061	gene,mRNA	.	contig_3397:553976-554061,contig_3397:553976-554061
contig_3397	641945	642138	gene,mRNA	.	contig_3397:641945-642138,contig_3397:641945-642138
contig_3397	840759	840799	intergenic	.	contig_3397:840759-840799
contig_3397	868511	868676	intergenic	.	contig_3397:868511-868676
contig_3410	249361	249746	intergenic	.	contig_3410:249361-249746
contig_3412	70474	70513	gene,mRNA	.	contig_3412:70474-70513,contig_3412:70474-70513
contig_3412	106628	106663	exon,CDS,gene,mRNA	.	contig_3412:106628-106663,contig_3412:106628-106663,contig_3412:106628-106663,contig_3412:106628-106663
contig_3412	527164	527231	intergenic	.	contig_3412:527164-527231
contig_3412	527680	527786	intergenic	.	contig_3412:527680-527786
contig_3413	491754	492131	gene,mRNA	.	contig_3413:491754-492131,contig_3413:491754-492131
contig_3414	113280	113386	gene,mRNA	.	contig_3414:113280-113386,contig_3414:113280-113386
contig_3417	146044	146112	intergenic	.	contig_3417:146044-146112
contig_3425	45555	45634	intergenic	.	contig_3425:45555-45634
contig_3432	443018	443143	intergenic	.	contig_3432:443018-443143
contig_3437	58299	58708	intergenic	.	contig_3437:58299-58708
contig_3437	77172	77405	intergenic	.	contig_3437:77172-77405
contig_3437	83245	83499	intergenic	.	contig_3437:83245-83499
contig_3437	505391	505574	intergenic	.	contig_3437:505391-505574
contig_350	607915	607981	intergenic	.	contig_350:607915-607981
contig_350	1030550	1030595	gene,mRNA,exon,CDS	.	contig_350:1030550-1030595,contig_350:1030550-1030595,contig_350:1030550-1030595,contig_350:1030550-1030595
contig_3508	17005	17318	gene,mRNA	.	contig_3508:17005-17318,contig_3508:17005-17318
contig_3508	52961	53111	gene,mRNA	.	contig_3508:52961-53111,contig_3508:52961-53111
contig_3508	91549	92068	intergenic	.	contig_3508:91549-92068
contig_3508	213759	213878	intergenic	.	contig_3508:213759-213878
contig_3508	511868	512004	intergenic	.	contig_3508:511868-512004
contig_3508	721242	721427	gene,mRNA	.	contig_3508:721242-721427,contig_3508:721242-721427
contig_3508	880331	880586	intergenic	.	contig_3508:880331-880586
contig_3508	880671	881024	intergenic	.	contig_3508:880671-881024
contig_351	44244	44380	intergenic	.	contig_351:44244-44380
contig_351	53263	53460	intergenic	.	contig_351:53263-53460
contig_351	304204	304353	intergenic	.	contig_351:304204-304353
contig_351	519045	519274	intergenic	.	contig_351:519045-519274
contig_351	778683	779426	intergenic	.	contig_351:778683-779426
contig_351	855476	855814	intergenic	.	contig_351:855476-855814
contig_3510	146753	146894	intergenic	.	contig_3510:146753-146894
contig_3510	274019	274121	intergenic	.	contig_3510:274019-274121
contig_3510	547880	548037	gene,mRNA	.	contig_3510:547880-548037,contig_3510:547880-548037
contig_3545	205070	205339	intergenic	.	contig_3545:205070-205339
contig_3545	411763	412207	gene,mRNA	.	contig_3545:411763-412207,contig_3545:411763-412207
contig_3545	598264	598424	intergenic	.	contig_3545:598264-598424
contig_3548	3706	3783	intergenic	.	contig_3548:3706-3783
contig_3548	4179	4378	intergenic	.	contig_3548:4179-4378
contig_3548	4671	4793	intergenic	.	contig_3548:4671-4793
contig_3554	286542	286959	gene,mRNA	.	contig_3554:286542-286959,contig_3554:286542-286959
contig_3554	644886	645023	intergenic	.	contig_3554:644886-645023
contig_3554	810112	810203	intergenic	.	contig_3554:810112-810203
contig_3554	946870	947181	intergenic	.	contig_3554:946870-947181
contig_3554	1257576	1257766	gene,mRNA	.	contig_3554:1257576-1257766,contig_3554:1257576-1257766
contig_3554	1844825	1844879	intergenic	.	contig_3554:1844825-1844879
contig_3554	1868518	1868581	intergenic	.	contig_3554:1868518-1868581
contig_3554	2022574	2022798	intergenic	.	contig_3554:2022574-2022798
contig_3554	2227954	2228062	intergenic	.	contig_3554:2227954-2228062
contig_3554	2228141	2228458	intergenic	.	contig_3554:2228141-2228458
contig_3554	2244069	2244275	intergenic	.	contig_3554:2244069-2244275
contig_3554	2244799	2244942	intergenic	.	contig_3554:2244799-2244942
contig_3554	2245002	2245108	intergenic	.	contig_3554:2245002-2245108
contig_3554	2745789	2745954	intergenic	.	contig_3554:2745789-2745954
contig_3554	3086480	3086686	intergenic	.	contig_3554:3086480-3086686
contig_3554	3120887	3121040	intergenic	.	contig_3554:3120887-3121040
contig_3554	3138838	3139332	intergenic	.	contig_3554:3138838-3139332
contig_3564	21695	21725	intergenic	.	contig_3564:21695-21725
contig_3572	292244	292316	gene,mRNA	.	contig_3572:292244-292316,contig_3572:292244-292316
contig_3572	508924	509164	intergenic	.	contig_3572:508924-509164
contig_3572	556242	556377	intergenic	.	contig_3572:556242-556377
contig_3572	673826	673963	intergenic	.	contig_3572:673826-673963
contig_3572	674370	674582	intergenic	.	contig_3572:674370-674582
contig_3572	702840	702978	intergenic	.	contig_3572:702840-702978
contig_3572	721399	721491	intergenic	.	contig_3572:721399-721491
contig_3572	1014340	1014389	intergenic	.	contig_3572:1014340-1014389
contig_3594	79184	79270	gene,mRNA	.	contig_3594:79184-79270,contig_3594:79184-79270
contig_3594	439968	440268	gene,mRNA	.	contig_3594:439968-440268,contig_3594:439968-440268
contig_3594	574179	574301	intergenic	.	contig_3594:574179-574301
contig_3594	574510	574604	intergenic	.	contig_3594:574510-574604
contig_3594	574918	575041	intergenic	.	contig_3594:574918-575041
contig_3597	190678	190850	intergenic	.	contig_3597:190678-190850
contig_3598	4229	4475	intergenic	.	contig_3598:4229-4475
contig_3598	219171	219268	intergenic	.	contig_3598:219171-219268
contig_3598	270687	270795	intergenic	.	contig_3598:270687-270795
contig_3598	481252	481297	intergenic	.	contig_3598:481252-481297
contig_3598	481252	481568	polyA_signal_sequence,stop_codon,exon,CDS,gene,mRNA	.	contig_3598:481252-481568,contig_3598:481252-481568,contig_3598:481252-481568,contig_3598:481252-481568,contig_3598:481252-481568,contig_3598:481252-481568
contig_3598	559754	559827	intergenic	.	contig_3598:559754-559827
contig_3598	594449	594789	intergenic	.	contig_3598:594449-594789
contig_3598	1590673	1590780	intergenic	.	contig_3598:1590673-1590780
contig_36	1439132	1439344	intergenic	.	contig_36:1439132-1439344
contig_3621	69048	69258	intergenic	.	contig_3621:69048-69258
contig_3621	332857	332975	intergenic	.	contig_3621:332857-332975
contig_3621	360467	360615	intergenic	.	contig_3621:360467-360615
contig_363	68835	68935	intergenic	.	contig_363:68835-68935
contig_363	87423	87773	intergenic	.	contig_363:87423-87773
contig_363	117314	117455	intergenic	.	contig_363:117314-117455
contig_363	1136197	1136411	intergenic	.	contig_363:1136197-1136411
contig_363	1258504	1258578	intergenic	.	contig_363:1258504-1258578
contig_363	1392026	1392459	intergenic	.	contig_363:1392026-1392459
contig_363	1480520	1480709	intergenic	.	contig_363:1480520-1480709
contig_363	2029788	2029839	intergenic	.	contig_363:2029788-2029839
contig_363	2029910	2029956	intergenic	.	contig_363:2029910-2029956
contig_363	2052495	2052678	intergenic	.	contig_363:2052495-2052678
contig_363	2416837	2416937	intergenic	.	contig_363:2416837-2416937
contig_363	2952061	2952110	gene,mRNA	.	contig_363:2952061-2952110,contig_363:2952061-2952110
contig_363	3286603	3286745	intergenic	.	contig_363:3286603-3286745
contig_3632	183483	183678	intergenic	.	contig_3632:183483-183678
contig_3632	449974	450034	intergenic	.	contig_3632:449974-450034
contig_3632	676465	676726	gene,mRNA	.	contig_3632:676465-676726,contig_3632:676465-676726
contig_3659	4758	5453	intergenic	.	contig_3659:4758-5453
contig_3659	140669	140971	intergenic	.	contig_3659:140669-140971
contig_3659	177646	177901	gene,mRNA	.	contig_3659:177646-177901,contig_3659:177646-177901
contig_3659	275778	275936	intergenic	.	contig_3659:275778-275936
contig_3659	372039	372201	intergenic	.	contig_3659:372039-372201
contig_3659	381822	382064	intergenic	.	contig_3659:381822-382064
contig_3659	401548	401866	intergenic	.	contig_3659:401548-401866
contig_3659	438132	438409	intergenic	.	contig_3659:438132-438409
contig_3659	552655	553226	intergenic	.	contig_3659:552655-553226
contig_3659	814450	814553	intergenic	.	contig_3659:814450-814553
contig_3659	814670	815172	intergenic	.	contig_3659:814670-815172
contig_3659	871853	872049	intergenic	.	contig_3659:871853-872049
contig_3659	990360	990541	gene,mRNA	.	contig_3659:990360-990541,contig_3659:990360-990541
contig_3659	1209778	1210070	intergenic	.	contig_3659:1209778-1210070
contig_3659	1414614	1414757	gene,mRNA	.	contig_3659:1414614-1414757,contig_3659:1414614-1414757
contig_3659	1415785	1415831	gene,mRNA	.	contig_3659:1415785-1415831,contig_3659:1415785-1415831
contig_3659	1416304	1416345	gene,mRNA	.	contig_3659:1416304-1416345,contig_3659:1416304-1416345
contig_3659	1418051	1418366	gene,mRNA	.	contig_3659:1418051-1418366,contig_3659:1418051-1418366
contig_366	258801	258929	gene,mRNA	.	contig_366:258801-258929,contig_366:258801-258929
contig_366	634838	635020	intergenic	.	contig_366:634838-635020
contig_367	575960	576028	intergenic	.	contig_367:575960-576028
contig_3671	579270	579312	intergenic	.	contig_3671:579270-579312
contig_3671	579604	579917	intergenic	.	contig_3671:579604-579917
contig_3673	377362	377467	intergenic	.	contig_3673:377362-377467
contig_3673	837170	837311	intergenic	.	contig_3673:837170-837311
contig_3673	977352	977424	intergenic	.	contig_3673:977352-977424
contig_3673	1910958	1911089	intergenic	.	contig_3673:1910958-1911089
contig_3676	306095	306334	intergenic	.	contig_3676:306095-306334
contig_3676	455834	456150	intergenic	.	contig_3676:455834-456150
contig_3676	997209	997297	intergenic	.	contig_3676:997209-997297
contig_3676	1004052	1004147	intergenic	.	contig_3676:1004052-1004147
contig_3676	1004239	1004381	intergenic	.	contig_3676:1004239-1004381
contig_3676	1193464	1193655	gene,mRNA	.	contig_3676:1193464-1193655,contig_3676:1193464-1193655
contig_3676	1282331	1282455	gene,mRNA	.	contig_3676:1282331-1282455,contig_3676:1282331-1282455
contig_3676	1367305	1367366	gene,mRNA	.	contig_3676:1367305-1367366,contig_3676:1367305-1367366
contig_3685	167381	167809	intergenic	.	contig_3685:167381-167809
contig_37	160647	160795	intergenic	.	contig_37:160647-160795
contig_370	112699	112827	intergenic	.	contig_370:112699-112827
contig_370	1169065	1169218	intergenic	.	contig_370:1169065-1169218
contig_3706	632987	633087	gene,mRNA	.	contig_3706:632987-633087,contig_3706:632987-633087
contig_3706	633144	633490	gene,mRNA	.	contig_3706:633144-633490,contig_3706:633144-633490
contig_3706	824050	824292	intergenic	.	contig_3706:824050-824292
contig_3706	824408	824482	intergenic	.	contig_3706:824408-824482
contig_3706	1020629	1020673	intergenic	.	contig_3706:1020629-1020673
contig_3706	1336158	1336286	intergenic	.	contig_3706:1336158-1336286
contig_3706	1393140	1393404	intergenic	.	contig_3706:1393140-1393404
contig_3709	690531	690634	intergenic	.	contig_3709:690531-690634
contig_3709	691066	691207	intergenic	.	contig_3709:691066-691207
contig_3709	900951	901304	intergenic	.	contig_3709:900951-901304
contig_3709	913354	913500	intergenic	.	contig_3709:913354-913500
contig_3709	1029323	1029396	intergenic	.	contig_3709:1029323-1029396
contig_3709	1680005	1680204	intergenic	.	contig_3709:1680005-1680204
contig_3709	3327964	3328146	intergenic	.	contig_3709:3327964-3328146
contig_371	150625	150722	intergenic	.	contig_371:150625-150722
contig_3711	53654	53753	intergenic	.	contig_3711:53654-53753
contig_3711	270377	270757	intergenic	.	contig_3711:270377-270757
contig_3711	309126	309223	intergenic	.	contig_3711:309126-309223
contig_3711	360885	360976	intergenic	.	contig_3711:360885-360976
contig_3711	660080	660424	exon,CDS,gene,mRNA	.	contig_3711:660080-660424,contig_3711:660080-660424,contig_3711:660080-660424,contig_3711:660080-660424
contig_3711	859267	859443	gene,mRNA	.	contig_3711:859267-859443,contig_3711:859267-859443
contig_3711	1017725	1017843	intergenic	.	contig_3711:1017725-1017843
contig_3711	1021750	1021835	intergenic	.	contig_3711:1021750-1021835
contig_3711	1022107	1022184	intergenic	.	contig_3711:1022107-1022184
contig_3711	1070161	1070254	intergenic	.	contig_3711:1070161-1070254
contig_3711	1194930	1195288	intergenic	.	contig_3711:1194930-1195288
contig_3711	1204400	1204643	intergenic	.	contig_3711:1204400-1204643
contig_3711	1204712	1204750	intergenic	.	contig_3711:1204712-1204750
contig_3716	42036	42077	intergenic	.	contig_3716:42036-42077
contig_3716	485018	485245	gene,mRNA	.	contig_3716:485018-485245,contig_3716:485018-485245
contig_3716	487149	487560	gene,mRNA	.	contig_3716:487149-487560,contig_3716:487149-487560
contig_3716	487615	487757	gene,mRNA	.	contig_3716:487615-487757,contig_3716:487615-487757
contig_3716	513417	513547	intergenic	.	contig_3716:513417-513547
contig_3727	56962	57067	intergenic	.	contig_3727:56962-57067
contig_3727	67019	67294	intergenic	.	contig_3727:67019-67294
contig_3727	88459	88641	intergenic	.	contig_3727:88459-88641
contig_3727	277725	277998	intergenic	.	contig_3727:277725-277998
contig_3729	98753	99003	intergenic	.	contig_3729:98753-99003
contig_3729	245490	245696	gene,mRNA	.	contig_3729:245490-245696,contig_3729:245490-245696
contig_3729	259419	259555	gene,mRNA	.	contig_3729:259419-259555,contig_3729:259419-259555
contig_3729	280708	280751	gene,mRNA	.	contig_3729:280708-280751,contig_3729:280708-280751
contig_3740	145547	145732	gene,mRNA	.	contig_3740:145547-145732,contig_3740:145547-145732
contig_3744	35797	35827	intergenic	.	contig_3744:35797-35827
contig_3748	32723	32854	gene,mRNA	.	contig_3748:32723-32854,contig_3748:32723-32854
contig_3748	32967	33038	gene,mRNA	.	contig_3748:32967-33038,contig_3748:32967-33038
contig_3748	149110	149235	intergenic	.	contig_3748:149110-149235
contig_3748	481191	481357	intergenic	.	contig_3748:481191-481357
contig_3748	554113	554190	intergenic	.	contig_3748:554113-554190
contig_3748	581176	581408	intergenic	.	contig_3748:581176-581408
contig_3748	634416	634533	intergenic	.	contig_3748:634416-634533
contig_3748	634611	634670	intergenic	.	contig_3748:634611-634670
contig_3748	713692	713997	intergenic	.	contig_3748:713692-713997
contig_3748	731035	731102	intergenic	.	contig_3748:731035-731102
contig_3748	814457	814700	intergenic	.	contig_3748:814457-814700
contig_3748	909002	909284	intergenic	.	contig_3748:909002-909284
contig_3748	1236228	1236354	intergenic	.	contig_3748:1236228-1236354
contig_3748	1236659	1236979	intergenic	.	contig_3748:1236659-1236979
contig_3748	1285656	1285756	intergenic	.	contig_3748:1285656-1285756
contig_3749	80718	80759	intergenic	.	contig_3749:80718-80759
contig_3749	428351	428489	intergenic	.	contig_3749:428351-428489
contig_3756	126346	126881	intergenic	.	contig_3756:126346-126881
contig_3756	1142390	1142547	intergenic	.	contig_3756:1142390-1142547
contig_3756	1286673	1286854	intergenic	.	contig_3756:1286673-1286854
contig_376	555692	555883	intergenic	.	contig_376:555692-555883
contig_376	771777	771812	intergenic	.	contig_376:771777-771812
contig_376	1339063	1339100	gene,mRNA	.	contig_376:1339063-1339100,contig_376:1339063-1339100
contig_376	1513723	1513908	intergenic	.	contig_376:1513723-1513908
contig_376	1513992	1514054	intergenic	.	contig_376:1513992-1514054
contig_376	1529927	1530086	intergenic	.	contig_376:1529927-1530086
contig_376	1719624	1719816	intergenic	.	contig_376:1719624-1719816
contig_376	1870027	1870667	intergenic	.	contig_376:1870027-1870667
contig_3763	340650	340726	intergenic	.	contig_3763:340650-340726
contig_3763	426375	426478	gene,mRNA	.	contig_3763:426375-426478,contig_3763:426375-426478
contig_3763	515999	516123	intergenic	.	contig_3763:515999-516123
contig_3763	516211	516363	intergenic	.	contig_3763:516211-516363
contig_3766	1550786	1550928	intergenic	.	contig_3766:1550786-1550928
contig_3766	1550979	1551179	intergenic	.	contig_3766:1550979-1551179
contig_3766	1554922	1555011	intergenic	.	contig_3766:1554922-1555011
contig_3766	1673145	1673374	intergenic	.	contig_3766:1673145-1673374
contig_3766	1840777	1841005	intergenic	.	contig_3766:1840777-1841005
contig_3766	1841094	1841162	intergenic	.	contig_3766:1841094-1841162
contig_3766	1841354	1841629	intergenic	.	contig_3766:1841354-1841629
contig_3766	1953691	1953959	gene,mRNA	.	contig_3766:1953691-1953959,contig_3766:1953691-1953959
contig_3766	2140109	2140210	intergenic	.	contig_3766:2140109-2140210
contig_377	369712	369859	gene,mRNA	.	contig_377:369712-369859,contig_377:369712-369859
contig_3778	394534	394866	intergenic	.	contig_3778:394534-394866
contig_3778	649764	650008	intergenic	.	contig_3778:649764-650008
contig_3778	1066740	1066876	intergenic	.	contig_3778:1066740-1066876
contig_3778	1401144	1401299	intergenic	.	contig_3778:1401144-1401299
contig_3778	1401397	1401517	intergenic	.	contig_3778:1401397-1401517
contig_3778	1417904	1417969	gene,mRNA	.	contig_3778:1417904-1417969,contig_3778:1417904-1417969
contig_3778	2284728	2284945	intergenic	.	contig_3778:2284728-2284945
contig_3778	2421791	2421891	intergenic	.	contig_3778:2421791-2421891
contig_3779	427907	428038	gene,mRNA	.	contig_3779:427907-428038,contig_3779:427907-428038
contig_3787	31683	31801	intergenic	.	contig_3787:31683-31801
contig_3787	108120	108190	gene,mRNA	.	contig_3787:108120-108190,contig_3787:108120-108190
contig_3787	213178	213479	intergenic	.	contig_3787:213178-213479
contig_3787	249527	249719	gene,mRNA	.	contig_3787:249527-249719,contig_3787:249527-249719
contig_3792	289564	289869	gene,polyA_signal_sequence	.	contig_3792:289564-289869,contig_3792:289564-289869
contig_3792	289634	289869	intergenic	.	contig_3792:289634-289869
contig_3792	1013210	1013604	gene,mRNA	.	contig_3792:1013210-1013604,contig_3792:1013210-1013604
contig_3792	1153316	1153399	gene,mRNA	.	contig_3792:1153316-1153399,contig_3792:1153316-1153399
contig_3792	1153913	1154056	gene,mRNA	.	contig_3792:1153913-1154056,contig_3792:1153913-1154056
contig_3792	1219356	1219585	intergenic	.	contig_3792:1219356-1219585
contig_3792	1260556	1260647	intergenic	.	contig_3792:1260556-1260647
contig_381	12202	12283	gene,mRNA	.	contig_381:12202-12283,contig_381:12202-12283
contig_381	1082406	1082843	intergenic	.	contig_381:1082406-1082843
contig_3816	143782	144038	intergenic	.	contig_3816:143782-144038
contig_3816	147781	147937	intergenic	.	contig_3816:147781-147937
contig_3817	31193	31318	intergenic	.	contig_3817:31193-31318
contig_3830	16972	17083	intergenic	.	contig_3830:16972-17083
contig_3830	1694750	1694999	intergenic	.	contig_3830:1694750-1694999
contig_3830	1857610	1857917	intergenic	.	contig_3830:1857610-1857917
contig_3830	1858043	1858302	intergenic	.	contig_3830:1858043-1858302
contig_3830	3032685	3032749	intergenic	.	contig_3830:3032685-3032749
contig_3830	3044456	3045096	intergenic	.	contig_3830:3044456-3045096
contig_3834	374786	374851	intergenic	.	contig_3834:374786-374851
contig_3834	588004	588288	intergenic	.	contig_3834:588004-588288
contig_3834	754299	754453	intergenic	.	contig_3834:754299-754453
contig_3834	992358	992927	gene,mRNA,exon,CDS	.	contig_3834:992358-992927,contig_3834:992358-992927,contig_3834:992358-992927,contig_3834:992358-992927
contig_3834	1053748	1053809	intergenic	.	contig_3834:1053748-1053809
contig_3834	1116012	1116148	intergenic	.	contig_3834:1116012-1116148
contig_385	1184657	1184752	gene,mRNA	.	contig_385:1184657-1184752,contig_385:1184657-1184752
contig_385	1225597	1225665	intergenic	.	contig_385:1225597-1225665
contig_385	1702426	1702521	gene,mRNA	.	contig_385:1702426-1702521,contig_385:1702426-1702521
contig_3856	182641	182722	intergenic	.	contig_3856:182641-182722
contig_3856	183015	183127	intergenic	.	contig_3856:183015-183127
contig_3856	432497	432629	intergenic	.	contig_3856:432497-432629
contig_3856	456591	456950	gene,mRNA	.	contig_3856:456591-456950,contig_3856:456591-456950
contig_3856	1175280	1175381	intergenic	.	contig_3856:1175280-1175381
contig_3856	1175491	1175620	intergenic	.	contig_3856:1175491-1175620
contig_386	214904	215181	intergenic	.	contig_386:214904-215181
contig_386	571212	571305	intergenic	.	contig_386:571212-571305
contig_387	112492	112573	gene,mRNA	.	contig_387:112492-112573,contig_387:112492-112573
contig_387	112672	112907	gene,mRNA	.	contig_387:112672-112907,contig_387:112672-112907
contig_387	385110	385331	intergenic	.	contig_387:385110-385331
contig_387	448211	448516	exon,CDS,start_codon,gene,mRNA	.	contig_387:448211-448516,contig_387:448211-448516,contig_387:448211-448516,contig_387:448211-448516,contig_387:448211-448516
contig_387	448512	448516	intergenic	.	contig_387:448512-448516
contig_387	1001912	1002035	gene,mRNA	.	contig_387:1001912-1002035,contig_387:1001912-1002035
contig_387	1112551	1112600	intergenic	.	contig_387:1112551-1112600
contig_3884	671592	671730	intergenic	.	contig_3884:671592-671730
contig_3884	768174	768481	gene,mRNA	.	contig_3884:768174-768481,contig_3884:768174-768481
contig_3891	22976	23028	intergenic	.	contig_3891:22976-23028
contig_3895	117472	117679	intergenic	.	contig_3895:117472-117679
contig_3895	258417	258666	intergenic	.	contig_3895:258417-258666
contig_3895	714459	714614	intergenic	.	contig_3895:714459-714614
contig_3895	715189	715301	intergenic	.	contig_3895:715189-715301
contig_390	103738	103779	gene,mRNA	.	contig_390:103738-103779,contig_390:103738-103779
contig_3909	31354	31387	intergenic	.	contig_3909:31354-31387
contig_3910	311982	312099	intergenic	.	contig_3910:311982-312099
contig_3910	312230	312363	intergenic	.	contig_3910:312230-312363
contig_3928	623145	623326	gene,mRNA	.	contig_3928:623145-623326,contig_3928:623145-623326
contig_3928	760250	760455	intergenic	.	contig_3928:760250-760455
contig_3928	1009788	1009933	intergenic	.	contig_3928:1009788-1009933
contig_394	320766	320913	intergenic	.	contig_394:320766-320913
contig_3941	187000	187346	intergenic	.	contig_3941:187000-187346
contig_3941	336993	337058	intergenic	.	contig_3941:336993-337058
contig_3941	859539	859684	intergenic	.	contig_3941:859539-859684
contig_3941	915268	915701	intergenic	.	contig_3941:915268-915701
contig_395	354130	354252	intergenic	.	contig_395:354130-354252
contig_3954	25328	25747	intergenic	.	contig_3954:25328-25747
contig_397	6882	7080	intergenic	.	contig_397:6882-7080
contig_397	7226	7346	intergenic	.	contig_397:7226-7346
contig_397	79649	79810	intergenic	.	contig_397:79649-79810
contig_4	642840	643377	gene,mRNA	.	contig_4:642840-643377,contig_4:642840-643377
contig_4	643655	643866	gene,mRNA	.	contig_4:643655-643866,contig_4:643655-643866
contig_4	1843292	1843499	intergenic	.	contig_4:1843292-1843499
contig_4	1843776	1843829	intergenic	.	contig_4:1843776-1843829
contig_400	365283	365346	gene,mRNA	.	contig_400:365283-365346,contig_400:365283-365346
contig_400	859462	859517	intergenic	.	contig_400:859462-859517
contig_4006	155392	155520	intergenic	.	contig_4006:155392-155520
contig_4006	158193	158295	intergenic	.	contig_4006:158193-158295
contig_4006	201389	201621	gene,mRNA	.	contig_4006:201389-201621,contig_4006:201389-201621
contig_4006	258185	258463	intergenic	.	contig_4006:258185-258463
contig_401	138752	138808	intergenic	.	contig_401:138752-138808
contig_401	185987	186142	intergenic	.	contig_401:185987-186142
contig_401	223297	223398	gene,mRNA	.	contig_401:223297-223398,contig_401:223297-223398
contig_401	281940	282052	intergenic	.	contig_401:281940-282052
contig_401	822878	823068	gene,mRNA	.	contig_401:822878-823068,contig_401:822878-823068
contig_401	1101668	1101918	intergenic	.	contig_401:1101668-1101918
contig_401	1238842	1239009	intergenic	.	contig_401:1238842-1239009
contig_401	1842669	1842821	intergenic	.	contig_401:1842669-1842821
contig_4010	117148	117182	intergenic	.	contig_4010:117148-117182
contig_4010	117148	117645	polyA_signal_sequence,stop_codon,exon,CDS,gene,mRNA	.	contig_4010:117148-117645,contig_4010:117148-117645,contig_4010:117148-117645,contig_4010:117148-117645,contig_4010:117148-117645,contig_4010:117148-117645
contig_403	330053	330127	gene,mRNA	.	contig_403:330053-330127,contig_403:330053-330127
contig_405	31172	31222	intergenic	.	contig_405:31172-31222
contig_4061	325914	326009	intergenic	.	contig_4061:325914-326009
contig_4065	393709	393808	intergenic	.	contig_4065:393709-393808
contig_4071	152486	152600	gene,mRNA	.	contig_4071:152486-152600,contig_4071:152486-152600
contig_4071	335755	335879	gene,polyA_signal_sequence	.	contig_4071:335755-335879,contig_4071:335755-335879
contig_4071	335760	335879	intergenic	.	contig_4071:335760-335879
contig_4071	495420	495520	gene,mRNA	.	contig_4071:495420-495520,contig_4071:495420-495520
contig_4073	3934	4056	intergenic	.	contig_4073:3934-4056
contig_408	139153	139363	intergenic	.	contig_408:139153-139363
contig_408	254297	254344	intergenic	.	contig_408:254297-254344
contig_408	304206	304555	gene,mRNA	.	contig_408:304206-304555,contig_408:304206-304555
contig_4081	112475	112665	intergenic	.	contig_4081:112475-112665
contig_4081	656015	656152	intergenic	.	contig_4081:656015-656152
contig_4081	895347	895743	gene,mRNA	.	contig_4081:895347-895743,contig_4081:895347-895743
contig_4081	1317707	1317860	intergenic	.	contig_4081:1317707-1317860
contig_4081	2043226	2043575	intergenic	.	contig_4081:2043226-2043575
contig_4081	2126842	2126897	intergenic	.	contig_4081:2126842-2126897
contig_4081	2345781	2345867	intergenic	.	contig_4081:2345781-2345867
contig_4081	2366578	2366937	intergenic	.	contig_4081:2366578-2366937
contig_4081	2456919	2457156	intergenic	.	contig_4081:2456919-2457156
contig_4081	2491071	2491211	gene,mRNA	.	contig_4081:2491071-2491211,contig_4081:2491071-2491211
contig_4081	2523298	2523345	gene,mRNA	.	contig_4081:2523298-2523345,contig_4081:2523298-2523345
contig_4081	2523444	2523526	gene,mRNA	.	contig_4081:2523444-2523526,contig_4081:2523444-2523526
contig_4081	2582770	2582888	intergenic	.	contig_4081:2582770-2582888
contig_4081	2703596	2703678	intergenic	.	contig_4081:2703596-2703678
contig_4081	3166307	3166590	gene,mRNA	.	contig_4081:3166307-3166590,contig_4081:3166307-3166590
contig_4081	3170921	3170996	gene,mRNA	.	contig_4081:3170921-3170996,contig_4081:3170921-3170996
contig_4081	3263112	3263182	gene,mRNA	.	contig_4081:3263112-3263182,contig_4081:3263112-3263182
contig_4081	3288212	3288604	intergenic	.	contig_4081:3288212-3288604
contig_4081	3325950	3326098	intergenic	.	contig_4081:3325950-3326098
contig_4081	3347755	3347876	intergenic	.	contig_4081:3347755-3347876
contig_4081	3348277	3348405	intergenic	.	contig_4081:3348277-3348405
contig_4081	3350519	3350836	intergenic	.	contig_4081:3350519-3350836
contig_4081	3403785	3403982	gene,mRNA	.	contig_4081:3403785-3403982,contig_4081:3403785-3403982
contig_4081	3404762	3404851	gene,mRNA	.	contig_4081:3404762-3404851,contig_4081:3404762-3404851
contig_4081	3484314	3484506	intergenic	.	contig_4081:3484314-3484506
contig_4081	3526922	3527117	intergenic	.	contig_4081:3526922-3527117
contig_4094	252645	252866	intergenic	.	contig_4094:252645-252866
contig_4094	348735	348798	intergenic	.	contig_4094:348735-348798
contig_4094	716203	716378	intergenic	.	contig_4094:716203-716378
contig_4094	757525	757593	intergenic	.	contig_4094:757525-757593
contig_4094	965231	965341	intergenic	.	contig_4094:965231-965341
contig_4094	1104979	1105157	intergenic	.	contig_4094:1104979-1105157
contig_4103	89860	89962	intergenic	.	contig_4103:89860-89962
contig_4103	90065	90283	intergenic	.	contig_4103:90065-90283
contig_412	275834	275885	gene,mRNA	.	contig_412:275834-275885,contig_412:275834-275885
contig_4122	12515	12643	intergenic	.	contig_4122:12515-12643
contig_4122	12818	12990	intergenic	.	contig_4122:12818-12990
contig_4122	142993	143429	intergenic	.	contig_4122:142993-143429
contig_4122	186999	187180	intergenic	.	contig_4122:186999-187180
contig_4122	439808	439978	intergenic	.	contig_4122:439808-439978
contig_4141	549257	549451	gene,mRNA	.	contig_4141:549257-549451,contig_4141:549257-549451
contig_4141	619156	619269	gene,mRNA	.	contig_4141:619156-619269,contig_4141:619156-619269
contig_4141	628045	628400	gene,mRNA	.	contig_4141:628045-628400,contig_4141:628045-628400
contig_4141	679996	680162	intergenic	.	contig_4141:679996-680162
contig_4141	723480	723949	intergenic	.	contig_4141:723480-723949
contig_4141	741104	741295	intergenic	.	contig_4141:741104-741295
contig_4141	907472	907904	intergenic	.	contig_4141:907472-907904
contig_418	214397	214502	gene,mRNA	.	contig_418:214397-214502,contig_418:214397-214502
contig_418	228570	228923	gene,mRNA	.	contig_418:228570-228923,contig_418:228570-228923
contig_4185	39664	39737	intergenic	.	contig_4185:39664-39737
contig_4185	40066	40115	intergenic	.	contig_4185:40066-40115
contig_4185	640719	640993	intergenic	.	contig_4185:640719-640993
contig_4186	120642	120682	intergenic	.	contig_4186:120642-120682
contig_4186	120783	120816	intergenic	.	contig_4186:120783-120816
contig_4186	313789	313903	gene,mRNA	.	contig_4186:313789-313903,contig_4186:313789-313903
contig_4186	601307	601367	gene,mRNA	.	contig_4186:601307-601367,contig_4186:601307-601367
contig_4187	96233	96394	intergenic	.	contig_4187:96233-96394
contig_4187	193539	193852	intergenic	.	contig_4187:193539-193852
contig_4187	335068	335676	gene,mRNA	.	contig_4187:335068-335676,contig_4187:335068-335676
contig_4187	399582	399686	intergenic	.	contig_4187:399582-399686
contig_4187	809871	809981	intergenic	.	contig_4187:809871-809981
contig_4187	894696	894953	gene,mRNA	.	contig_4187:894696-894953,contig_4187:894696-894953
contig_4189	43266	43409	intergenic	.	contig_4189:43266-43409
contig_4189	186984	187173	intergenic	.	contig_4189:186984-187173
contig_4189	222304	222345	intergenic	.	contig_4189:222304-222345
contig_419	104823	105079	intergenic	.	contig_419:104823-105079
contig_4193	309604	309731	gene,mRNA	.	contig_4193:309604-309731,contig_4193:309604-309731
contig_4193	397766	397829	intergenic	.	contig_4193:397766-397829
contig_4197	59763	60023	intergenic	.	contig_4197:59763-60023
contig_4197	60080	60354	intergenic	.	contig_4197:60080-60354
contig_4197	60478	60606	intergenic	.	contig_4197:60478-60606
contig_4197	101429	101597	intergenic	.	contig_4197:101429-101597
contig_4197	253070	253105	intergenic	.	contig_4197:253070-253105
contig_4197	253431	253522	intergenic	.	contig_4197:253431-253522
contig_4197	364024	364375	intergenic	.	contig_4197:364024-364375
contig_4197	403230	403437	intergenic	.	contig_4197:403230-403437
contig_420	104078	104155	gene,mRNA	.	contig_420:104078-104155,contig_420:104078-104155
contig_420	104208	104314	gene,mRNA	.	contig_420:104208-104314,contig_420:104208-104314
contig_420	817248	817424	intergenic	.	contig_420:817248-817424
contig_420	1920931	1921188	intergenic	.	contig_420:1920931-1921188
contig_4202	154652	154757	gene,mRNA	.	contig_4202:154652-154757,contig_4202:154652-154757
contig_4202	155060	155101	gene,mRNA	.	contig_4202:155060-155101,contig_4202:155060-155101
contig_4235	22662	22713	intergenic	.	contig_4235:22662-22713
contig_4235	151219	151422	intergenic	.	contig_4235:151219-151422
contig_4235	214110	214173	gene,mRNA	.	contig_4235:214110-214173,contig_4235:214110-214173
contig_4235	656597	656776	intergenic	.	contig_4235:656597-656776
contig_4235	910080	910307	intergenic	.	contig_4235:910080-910307
contig_4235	926966	927399	intergenic	.	contig_4235:926966-927399
contig_4235	1218052	1218152	intergenic	.	contig_4235:1218052-1218152
contig_4248	415245	415437	intergenic	.	contig_4248:415245-415437
contig_4249	228172	228276	intergenic	.	contig_4249:228172-228276
contig_4249	351435	351474	gene,mRNA	.	contig_4249:351435-351474,contig_4249:351435-351474
contig_425	86015	86440	intergenic	.	contig_425:86015-86440
contig_425	323175	323504	intergenic	.	contig_425:323175-323504
contig_4253	353759	353905	intergenic	.	contig_4253:353759-353905
contig_4253	859625	859730	intergenic	.	contig_4253:859625-859730
contig_426	382570	382825	intergenic	.	contig_426:382570-382825
contig_426	1070090	1070362	intergenic	.	contig_426:1070090-1070362
contig_426	1518336	1518389	intergenic	.	contig_426:1518336-1518389
contig_4264	386764	387010	intergenic	.	contig_4264:386764-387010
contig_4270	288849	289001	intergenic	.	contig_4270:288849-289001
contig_4270	454907	454979	intergenic	.	contig_4270:454907-454979
contig_4270	503572	503674	intergenic	.	contig_4270:503572-503674
contig_4270	503750	503809	intergenic	.	contig_4270:503750-503809
contig_4272	12654	12701	intergenic	.	contig_4272:12654-12701
contig_4279	212207	212261	intergenic	.	contig_4279:212207-212261
contig_4279	754473	754740	exon,CDS,gene,mRNA	.	contig_4279:754473-754740,contig_4279:754473-754740,contig_4279:754473-754740,contig_4279:754473-754740
contig_4279	943199	943399	intergenic	.	contig_4279:943199-943399
contig_4279	1144493	1144543	intergenic	.	contig_4279:1144493-1144543
contig_4279	1342861	1342940	intergenic	.	contig_4279:1342861-1342940
contig_4279	2096907	2096961	intergenic	.	contig_4279:2096907-2096961
contig_4279	2300046	2300271	intergenic	.	contig_4279:2300046-2300271
contig_4279	2396276	2396352	gene,mRNA	.	contig_4279:2396276-2396352,contig_4279:2396276-2396352
contig_4279	2579783	2580146	intergenic	.	contig_4279:2579783-2580146
contig_4279	2795425	2795597	gene,mRNA	.	contig_4279:2795425-2795597,contig_4279:2795425-2795597
contig_4279	2878385	2878614	intergenic	.	contig_4279:2878385-2878614
contig_4279	3137045	3137154	gene,mRNA	.	contig_4279:3137045-3137154,contig_4279:3137045-3137154
contig_4279	3304469	3304712	intergenic	.	contig_4279:3304469-3304712
contig_4279	3448375	3448892	intergenic	.	contig_4279:3448375-3448892
contig_4279	3449274	3449383	intergenic	.	contig_4279:3449274-3449383
contig_4279	3706109	3706213	gene,mRNA,exon,CDS	.	contig_4279:3706109-3706213,contig_4279:3706109-3706213,contig_4279:3706109-3706213,contig_4279:3706109-3706213
contig_4279	3734776	3734839	intergenic	.	contig_4279:3734776-3734839
contig_4279	3944500	3944826	intergenic	.	contig_4279:3944500-3944826
contig_4279	3949992	3950251	intergenic	.	contig_4279:3949992-3950251
contig_4279	4070406	4070759	gene,mRNA	.	contig_4279:4070406-4070759,contig_4279:4070406-4070759
contig_4279	4100187	4100352	intergenic	.	contig_4279:4100187-4100352
contig_4279	4133302	4133368	intergenic	.	contig_4279:4133302-4133368
contig_4279	4347310	4347674	intergenic	.	contig_4279:4347310-4347674
contig_4279	4348530	4348792	intergenic	.	contig_4279:4348530-4348792
contig_4279	4414820	4414936	intergenic	.	contig_4279:4414820-4414936
contig_4279	4905067	4905267	intergenic	.	contig_4279:4905067-4905267
contig_4279	5066189	5066260	gene,mRNA,exon,CDS	.	contig_4279:5066189-5066260,contig_4279:5066189-5066260,contig_4279:5066189-5066260,contig_4279:5066189-5066260
contig_4279	5374836	5375104	intergenic	.	contig_4279:5374836-5375104
contig_4279	5531093	5531456	gene,mRNA,exon,CDS	.	contig_4279:5531093-5531456,contig_4279:5531093-5531456,contig_4279:5531093-5531456,contig_4279:5531093-5531456
contig_428	1357106	1357214	intergenic	.	contig_428:1357106-1357214
contig_428	1372013	1372060	intergenic	.	contig_428:1372013-1372060
contig_428	1372111	1372210	intergenic	.	contig_428:1372111-1372210
contig_428	1713028	1713167	intergenic	.	contig_428:1713028-1713167
contig_428	2607680	2607851	intergenic	.	contig_428:2607680-2607851
contig_428	2710045	2710156	intergenic	.	contig_428:2710045-2710156
contig_428	2714280	2714312	intergenic	.	contig_428:2714280-2714312
contig_428	2851239	2851350	intergenic	.	contig_428:2851239-2851350
contig_428	2884330	2884683	intergenic	.	contig_428:2884330-2884683
contig_428	2914526	2914648	intergenic	.	contig_428:2914526-2914648
contig_4295	3907	3990	intergenic	.	contig_4295:3907-3990
contig_4298	652642	652789	intergenic	.	contig_4298:652642-652789
contig_4298	743996	744195	intergenic	.	contig_4298:743996-744195
contig_4298	942410	942715	gene,mRNA	.	contig_4298:942410-942715,contig_4298:942410-942715
contig_43	377012	377518	intergenic	.	contig_43:377012-377518
contig_43	1190182	1190254	intergenic	.	contig_43:1190182-1190254
contig_43	2040886	2040935	intergenic	.	contig_43:2040886-2040935
contig_4307	3593	3807	gene,mRNA	.	contig_4307:3593-3807,contig_4307:3593-3807
contig_4308	81966	82058	gene,mRNA	.	contig_4308:81966-82058,contig_4308:81966-82058
contig_431	86307	86438	gene,mRNA	.	contig_431:86307-86438,contig_431:86307-86438
contig_431	177833	177909	intergenic	.	contig_431:177833-177909
contig_431	393891	394045	intergenic	.	contig_431:393891-394045
contig_431	394354	394551	intergenic	.	contig_431:394354-394551
contig_431	457456	457619	intergenic	.	contig_431:457456-457619
contig_431	529283	529534	intergenic	.	contig_431:529283-529534
contig_431	679186	679311	gene,mRNA	.	contig_431:679186-679311,contig_431:679186-679311
contig_431	825614	825907	intergenic	.	contig_431:825614-825907
contig_431	943566	943752	intergenic	.	contig_431:943566-943752
contig_431	1021918	1022222	gene,mRNA	.	contig_431:1021918-1022222,contig_431:1021918-1022222
contig_431	1119143	1119244	gene,mRNA	.	contig_431:1119143-1119244,contig_431:1119143-1119244
contig_431	1152526	1152635	intergenic	.	contig_431:1152526-1152635
contig_431	1152882	1153035	intergenic	.	contig_431:1152882-1153035
contig_431	1270704	1270819	intergenic	.	contig_431:1270704-1270819
contig_431	1315717	1315972	intergenic	.	contig_431:1315717-1315972
contig_4311	247261	247462	intergenic	.	contig_4311:247261-247462
contig_4318	89097	89322	gene,mRNA	.	contig_4318:89097-89322,contig_4318:89097-89322
contig_432	347542	347647	intergenic	.	contig_432:347542-347647
contig_432	361730	361830	gene,mRNA	.	contig_432:361730-361830,contig_432:361730-361830
contig_433	271553	271850	intergenic	.	contig_433:271553-271850
contig_4332	156654	156813	intergenic	.	contig_4332:156654-156813
contig_4332	328086	328307	intergenic	.	contig_4332:328086-328307
contig_434	132158	132267	intergenic	.	contig_434:132158-132267
contig_434	1108768	1108837	intergenic	.	contig_434:1108768-1108837
contig_4355	50556	50817	intergenic	.	contig_4355:50556-50817
contig_4355	188855	188909	intergenic	.	contig_4355:188855-188909
contig_4355	203032	203202	intergenic	.	contig_4355:203032-203202
contig_4355	203321	203433	intergenic	.	contig_4355:203321-203433
contig_4355	261688	262118	intergenic	.	contig_4355:261688-262118
contig_4355	338998	339178	intergenic	.	contig_4355:338998-339178
contig_4355	499651	499897	intergenic	.	contig_4355:499651-499897
contig_4366	152789	152843	intergenic	.	contig_4366:152789-152843
contig_4376	7623	7901	intergenic	.	contig_4376:7623-7901
contig_4376	83670	83752	intergenic	.	contig_4376:83670-83752
contig_4376	416636	416829	intergenic	.	contig_4376:416636-416829
contig_4376	877693	877743	gene,mRNA	.	contig_4376:877693-877743,contig_4376:877693-877743
contig_438	74675	74882	intergenic	.	contig_438:74675-74882
contig_438	850329	850452	intergenic	.	contig_438:850329-850452
contig_438	941029	941137	intergenic	.	contig_438:941029-941137
contig_439	531792	531983	intergenic	.	contig_439:531792-531983
contig_439	554299	554376	intergenic	.	contig_439:554299-554376
contig_439	1487646	1487894	intergenic	.	contig_439:1487646-1487894
contig_441	180366	180505	intergenic	.	contig_441:180366-180505
contig_441	180366	180788	gene,polyA_signal_sequence,mRNA,stop_codon,exon,CDS	.	contig_441:180366-180788,contig_441:180366-180788,contig_441:180366-180788,contig_441:180366-180788,contig_441:180366-180788,contig_441:180366-180788
contig_4412	224077	224234	gene,mRNA	.	contig_4412:224077-224234,contig_4412:224077-224234
contig_4412	550955	551261	gene,mRNA	.	contig_4412:550955-551261,contig_4412:550955-551261
contig_4416	172745	172879	gene,mRNA	.	contig_4416:172745-172879,contig_4416:172745-172879
contig_442	281852	281913	intergenic	.	contig_442:281852-281913
contig_442	285735	286007	intergenic	.	contig_442:285735-286007
contig_442	336026	336248	intergenic	.	contig_442:336026-336248
contig_442	687823	687976	intergenic	.	contig_442:687823-687976
contig_442	688044	688112	intergenic	.	contig_442:688044-688112
contig_442	1965359	1965753	intergenic	.	contig_442:1965359-1965753
contig_4430	1066339	1066557	intergenic	.	contig_4430:1066339-1066557
contig_4430	1426049	1426227	intergenic	.	contig_4430:1426049-1426227
contig_4430	1676047	1676163	intergenic	.	contig_4430:1676047-1676163
contig_4430	1732938	1733041	intergenic	.	contig_4430:1732938-1733041
contig_4435	944332	944439	intergenic	.	contig_4435:944332-944439
contig_4438	489373	489483	gene,mRNA	.	contig_4438:489373-489483,contig_4438:489373-489483
contig_4438	849579	849700	intergenic	.	contig_4438:849579-849700
contig_4438	866077	866584	intergenic	.	contig_4438:866077-866584
contig_4438	1015967	1015992	intergenic	.	contig_4438:1015967-1015992
contig_4438	1015967	1016278	gene,mRNA,start_codon,exon,CDS,stop_codon,polyA_signal_sequence	.	contig_4438:1015967-1016278,contig_4438:1015967-1016278,contig_4438:1015967-1016278,contig_4438:1015967-1016278,contig_4438:1015967-1016278,contig_4438:1015967-1016278,contig_4438:1015967-1016278
contig_4438	1016254	1016278	intergenic	.	contig_4438:1016254-1016278
contig_4438	1016342	1016444	intergenic	.	contig_4438:1016342-1016444
contig_4438	1088303	1088454	intergenic	.	contig_4438:1088303-1088454
contig_4438	1301535	1301591	intergenic	.	contig_4438:1301535-1301591
contig_4438	1310660	1310794	intergenic	.	contig_4438:1310660-1310794
contig_4438	2311163	2311344	intergenic	.	contig_4438:2311163-2311344
contig_4438	2356868	2357033	intergenic	.	contig_4438:2356868-2357033
contig_4438	2417032	2417142	intergenic	.	contig_4438:2417032-2417142
contig_4438	2446471	2446834	gene,mRNA	.	contig_4438:2446471-2446834,contig_4438:2446471-2446834
contig_4438	2630225	2630572	intergenic	.	contig_4438:2630225-2630572
contig_4438	2726504	2726831	intergenic	.	contig_4438:2726504-2726831
contig_4438	3179769	3179843	intergenic	.	contig_4438:3179769-3179843
contig_444	585730	585866	intergenic	.	contig_444:585730-585866
contig_444	844974	845178	intergenic	.	contig_444:844974-845178
contig_444	975660	975915	intergenic	.	contig_444:975660-975915
contig_444	976316	976682	intergenic	.	contig_444:976316-976682
contig_444	1165437	1165584	gene,mRNA	.	contig_444:1165437-1165584,contig_444:1165437-1165584
contig_444	1166121	1166272	gene,mRNA	.	contig_444:1166121-1166272,contig_444:1166121-1166272
contig_4442	73302	73463	intergenic	.	contig_4442:73302-73463
contig_445	410506	410597	intergenic	.	contig_445:410506-410597
contig_445	471828	471946	intergenic	.	contig_445:471828-471946
contig_4461	359916	360191	intergenic	.	contig_4461:359916-360191
contig_4461	360503	360566	intergenic	.	contig_4461:360503-360566
contig_4461	535746	536252	gene,mRNA	.	contig_4461:535746-536252,contig_4461:535746-536252
contig_4461	859330	859499	intergenic	.	contig_4461:859330-859499
contig_4461	887054	887207	intergenic	.	contig_4461:887054-887207
contig_4461	887290	887701	intergenic	.	contig_4461:887290-887701
contig_4461	1017319	1017465	intergenic	.	contig_4461:1017319-1017465
contig_4461	1118127	1118395	intergenic	.	contig_4461:1118127-1118395
contig_4461	1228882	1229138	intergenic	.	contig_4461:1228882-1229138
contig_4461	1313605	1313968	intergenic	.	contig_4461:1313605-1313968
contig_4461	1422495	1422703	intergenic	.	contig_4461:1422495-1422703
contig_4461	1451323	1451452	intergenic	.	contig_4461:1451323-1451452
contig_4461	1509277	1509380	intergenic	.	contig_4461:1509277-1509380
contig_447	223044	223361	gene,mRNA	.	contig_447:223044-223361,contig_447:223044-223361
contig_447	226864	226996	gene,mRNA	.	contig_447:226864-226996,contig_447:226864-226996
contig_447	256642	256756	gene,mRNA	.	contig_447:256642-256756,contig_447:256642-256756
contig_447	301064	301357	gene,mRNA	.	contig_447:301064-301357,contig_447:301064-301357
contig_447	426838	426900	gene,mRNA	.	contig_447:426838-426900,contig_447:426838-426900
contig_447	427051	427142	gene,mRNA	.	contig_447:427051-427142,contig_447:427051-427142
contig_447	690914	690960	intergenic	.	contig_447:690914-690960
contig_4476	110845	111106	gene,mRNA	.	contig_4476:110845-111106,contig_4476:110845-111106
contig_4476	396389	396435	gene,mRNA	.	contig_4476:396389-396435,contig_4476:396389-396435
contig_4476	521334	521529	gene,mRNA	.	contig_4476:521334-521529,contig_4476:521334-521529
contig_4476	597759	598058	intergenic	.	contig_4476:597759-598058
contig_4476	981986	982048	intergenic	.	contig_4476:981986-982048
contig_4477	91781	92037	intergenic	.	contig_4477:91781-92037
contig_4477	192040	192130	gene,mRNA	.	contig_4477:192040-192130,contig_4477:192040-192130
contig_4477	735667	735910	intergenic	.	contig_4477:735667-735910
contig_4477	1074501	1074817	intergenic	.	contig_4477:1074501-1074817
contig_4477	1199361	1199587	intergenic	.	contig_4477:1199361-1199587
contig_4477	1525433	1525806	intergenic	.	contig_4477:1525433-1525806
contig_4477	1923275	1923367	intergenic	.	contig_4477:1923275-1923367
contig_4477	2062146	2062290	intergenic	.	contig_4477:2062146-2062290
contig_4479	80509	80713	intergenic	.	contig_4479:80509-80713
contig_4479	96518	96690	intergenic	.	contig_4479:96518-96690
contig_4479	110398	110494	intergenic	.	contig_4479:110398-110494
contig_4479	134695	134797	intergenic	.	contig_4479:134695-134797
contig_4487	407288	407361	intergenic	.	contig_4487:407288-407361
contig_4487	552586	552890	intergenic	.	contig_4487:552586-552890
contig_4487	593051	593289	intergenic	.	contig_4487:593051-593289
contig_4487	1187044	1187115	intergenic	.	contig_4487:1187044-1187115
contig_4487	1426046	1426307	intergenic	.	contig_4487:1426046-1426307
contig_449	90850	90932	gene,mRNA	.	contig_449:90850-90932,contig_449:90850-90932
contig_449	192610	192784	gene,mRNA	.	contig_449:192610-192784,contig_449:192610-192784
contig_449	339042	339090	intergenic	.	contig_449:339042-339090
contig_449	439960	440012	intergenic	.	contig_449:439960-440012
contig_4494	617774	617972	intergenic	.	contig_4494:617774-617972
contig_45	100295	100370	intergenic	.	contig_45:100295-100370
contig_45	104765	104905	intergenic	.	contig_45:104765-104905
contig_450	1073622	1073759	intergenic	.	contig_450:1073622-1073759
contig_450	1928486	1928613	intergenic	.	contig_450:1928486-1928613
contig_450	1928689	1928879	intergenic	.	contig_450:1928689-1928879
contig_450	2273262	2273653	gene,mRNA	.	contig_450:2273262-2273653,contig_450:2273262-2273653
contig_450	2643275	2643553	intergenic	.	contig_450:2643275-2643553
contig_451	166164	166372	intergenic	.	contig_451:166164-166372
contig_451	585467	585674	intergenic	.	contig_451:585467-585674
contig_4513	220918	221292	gene,mRNA	.	contig_4513:220918-221292,contig_4513:220918-221292
contig_4514	103292	103536	intergenic	.	contig_4514:103292-103536
contig_4514	239172	239287	intergenic	.	contig_4514:239172-239287
contig_4514	311731	312118	intergenic	.	contig_4514:311731-312118
contig_4514	1560314	1560384	gene,mRNA	.	contig_4514:1560314-1560384,contig_4514:1560314-1560384
contig_4514	1869722	1869820	intergenic	.	contig_4514:1869722-1869820
contig_4514	1870099	1870169	intergenic	.	contig_4514:1870099-1870169
contig_4519	148009	148050	gene,mRNA	.	contig_4519:148009-148050,contig_4519:148009-148050
contig_4519	155616	155734	gene,mRNA	.	contig_4519:155616-155734,contig_4519:155616-155734
contig_4519	166666	166844	gene,mRNA	.	contig_4519:166666-166844,contig_4519:166666-166844
contig_4519	652420	652531	intergenic	.	contig_4519:652420-652531
contig_452	373380	373531	intergenic	.	contig_452:373380-373531
contig_4520	449874	449944	intergenic	.	contig_4520:449874-449944
contig_4521	96014	96228	intergenic	.	contig_4521:96014-96228
contig_454	689492	689637	intergenic	.	contig_454:689492-689637
contig_454	1337750	1337819	gene,mRNA	.	contig_454:1337750-1337819,contig_454:1337750-1337819
contig_4547	84490	84753	gene,mRNA	.	contig_4547:84490-84753,contig_4547:84490-84753
contig_4547	281655	281726	gene,mRNA	.	contig_4547:281655-281726,contig_4547:281655-281726
contig_4547	642757	642920	intergenic	.	contig_4547:642757-642920
contig_4548	127421	127716	intergenic	.	contig_4548:127421-127716
contig_4548	142250	142435	intergenic	.	contig_4548:142250-142435
contig_4549	192442	192741	intergenic	.	contig_4549:192442-192741
contig_4549	340252	340415	intergenic	.	contig_4549:340252-340415
contig_4549	491280	491422	gene,mRNA	.	contig_4549:491280-491422,contig_4549:491280-491422
contig_4549	574479	574624	intergenic	.	contig_4549:574479-574624
contig_4549	590983	591087	intergenic	.	contig_4549:590983-591087
contig_455	235710	235786	intergenic	.	contig_455:235710-235786
contig_455	409571	409773	intergenic	.	contig_455:409571-409773
contig_457	249613	249680	gene,mRNA	.	contig_457:249613-249680,contig_457:249613-249680
contig_457	716933	716971	intergenic	.	contig_457:716933-716971
contig_457	717062	717109	intergenic	.	contig_457:717062-717109
contig_457	717180	717233	intergenic	.	contig_457:717180-717233
contig_4579	187056	187264	intergenic	.	contig_4579:187056-187264
contig_4579	187929	188366	intergenic	.	contig_4579:187929-188366
contig_4579	205623	205765	gene,mRNA	.	contig_4579:205623-205765,contig_4579:205623-205765
contig_4579	205897	206095	gene,mRNA	.	contig_4579:205897-206095,contig_4579:205897-206095
contig_4579	251360	251405	intergenic	.	contig_4579:251360-251405
contig_4579	276509	276659	intergenic	.	contig_4579:276509-276659
contig_4579	276742	276928	intergenic	.	contig_4579:276742-276928
contig_4579	526325	526730	intergenic	.	contig_4579:526325-526730
contig_4579	584608	584748	intergenic	.	contig_4579:584608-584748
contig_4579	601722	602016	intergenic	.	contig_4579:601722-602016
contig_4579	602106	602225	intergenic	.	contig_4579:602106-602225
contig_4579	602293	602397	intergenic	.	contig_4579:602293-602397
contig_4579	678919	679216	intergenic	.	contig_4579:678919-679216
contig_4579	825088	825326	intergenic	.	contig_4579:825088-825326
contig_4579	861526	861698	intergenic	.	contig_4579:861526-861698
contig_4579	976633	976739	intergenic	.	contig_4579:976633-976739
contig_4579	1085894	1085959	intergenic	.	contig_4579:1085894-1085959
contig_4586	218183	218225	gene,mRNA	.	contig_4586:218183-218225,contig_4586:218183-218225
contig_4586	548336	548612	gene,mRNA	.	contig_4586:548336-548612,contig_4586:548336-548612
contig_4587	110667	110771	gene,mRNA	.	contig_4587:110667-110771,contig_4587:110667-110771
contig_4587	110822	110876	gene,mRNA	.	contig_4587:110822-110876,contig_4587:110822-110876
contig_4587	216170	216255	intergenic	.	contig_4587:216170-216255
contig_4587	601764	601952	intergenic	.	contig_4587:601764-601952
contig_4587	1003156	1003360	gene,mRNA	.	contig_4587:1003156-1003360,contig_4587:1003156-1003360
contig_4606	62425	62684	intergenic	.	contig_4606:62425-62684
contig_4606	286670	286768	intergenic	.	contig_4606:286670-286768
contig_4606	320323	320386	intergenic	.	contig_4606:320323-320386
contig_4609	185756	185820	intergenic	.	contig_4609:185756-185820
contig_461	540115	540175	gene,mRNA	.	contig_461:540115-540175,contig_461:540115-540175
contig_461	540315	540510	gene,mRNA	.	contig_461:540315-540510,contig_461:540315-540510
contig_4610	13695	13847	intergenic	.	contig_4610:13695-13847
contig_4610	54851	55105	intergenic	.	contig_4610:54851-55105
contig_4610	396649	396745	intergenic	.	contig_4610:396649-396745
contig_4610	454391	454747	gene,mRNA	.	contig_4610:454391-454747,contig_4610:454391-454747
contig_4610	507264	507409	gene,mRNA	.	contig_4610:507264-507409,contig_4610:507264-507409
contig_4610	522819	523134	exon,CDS,gene,mRNA	.	contig_4610:522819-523134,contig_4610:522819-523134,contig_4610:522819-523134,contig_4610:522819-523134
contig_4614	52346	52507	intergenic	.	contig_4614:52346-52507
contig_4614	157058	157234	intergenic	.	contig_4614:157058-157234
contig_4614	440459	440502	intergenic	.	contig_4614:440459-440502
contig_4614	1094086	1094188	intergenic	.	contig_4614:1094086-1094188
contig_4628	82107	82195	gene,mRNA	.	contig_4628:82107-82195,contig_4628:82107-82195
contig_463	90499	90615	intergenic	.	contig_463:90499-90615
contig_463	90788	91181	intergenic	.	contig_463:90788-91181
contig_4647	317594	317874	intergenic	.	contig_4647:317594-317874
contig_4647	321032	321101	intergenic	.	contig_4647:321032-321101
contig_4647	334711	334911	intergenic	.	contig_4647:334711-334911
contig_4647	664769	664965	gene,mRNA	.	contig_4647:664769-664965,contig_4647:664769-664965
contig_4647	955635	955679	intergenic	.	contig_4647:955635-955679
contig_4647	1112385	1112659	gene,mRNA	.	contig_4647:1112385-1112659,contig_4647:1112385-1112659
contig_4651	13595	13760	intergenic	.	contig_4651:13595-13760
contig_4651	75373	75505	intergenic	.	contig_4651:75373-75505
contig_4651	75596	75674	intergenic	.	contig_4651:75596-75674
contig_4651	289841	290165	intergenic	.	contig_4651:289841-290165
contig_4658	589737	589778	gene,mRNA	.	contig_4658:589737-589778,contig_4658:589737-589778
contig_4659	405749	406180	intergenic	.	contig_4659:405749-406180
contig_4659	541289	541479	intergenic	.	contig_4659:541289-541479
contig_4659	752783	752958	gene,mRNA	.	contig_4659:752783-752958,contig_4659:752783-752958
contig_466	854842	854971	intergenic	.	contig_466:854842-854971
contig_466	976978	977041	gene,mRNA	.	contig_466:976978-977041,contig_466:976978-977041
contig_467	727451	727487	intergenic	.	contig_467:727451-727487
contig_467	764240	764327	intergenic	.	contig_467:764240-764327
contig_467	1062537	1062772	intergenic	.	contig_467:1062537-1062772
contig_467	1323274	1323691	intergenic	.	contig_467:1323274-1323691
contig_467	2027368	2027417	intergenic	.	contig_467:2027368-2027417
contig_4673	101073	101151	intergenic	.	contig_4673:101073-101151
contig_4684	345412	345609	gene,mRNA	.	contig_4684:345412-345609,contig_4684:345412-345609
contig_469	65159	65288	gene,mRNA	.	contig_469:65159-65288,contig_469:65159-65288
contig_469	396423	396593	intergenic	.	contig_469:396423-396593
contig_469	622016	622265	gene,mRNA	.	contig_469:622016-622265,contig_469:622016-622265
contig_469	818811	818914	intergenic	.	contig_469:818811-818914
contig_4695	194939	195077	intergenic	.	contig_4695:194939-195077
contig_4695	209459	209500	intergenic	.	contig_4695:209459-209500
contig_4695	551608	551713	intergenic	.	contig_4695:551608-551713
contig_4696	159284	159386	intergenic	.	contig_4696:159284-159386
contig_4696	475998	476477	intergenic	.	contig_4696:475998-476477
contig_4696	1013356	1013464	gene,mRNA	.	contig_4696:1013356-1013464,contig_4696:1013356-1013464
contig_4696	1013569	1013704	gene,mRNA	.	contig_4696:1013569-1013704,contig_4696:1013569-1013704
contig_4696	1057849	1057957	intergenic	.	contig_4696:1057849-1057957
contig_4696	1103064	1103235	intergenic	.	contig_4696:1103064-1103235
contig_4696	1186238	1186402	intergenic	.	contig_4696:1186238-1186402
contig_4696	1186467	1186572	intergenic	.	contig_4696:1186467-1186572
contig_470	130513	130674	intergenic	.	contig_470:130513-130674
contig_470	190278	190475	gene,mRNA	.	contig_470:190278-190475,contig_470:190278-190475
contig_470	464995	465073	gene,mRNA	.	contig_470:464995-465073,contig_470:464995-465073
contig_470	465482	465963	exon,CDS,start_codon,gene,mRNA	.	contig_470:465482-465963,contig_470:465482-465963,contig_470:465482-465963,contig_470:465482-465963,contig_470:465482-465963
contig_470	465872	465963	intergenic	.	contig_470:465872-465963
contig_470	687268	687347	intergenic	.	contig_470:687268-687347
contig_470	710111	710248	intergenic	.	contig_470:710111-710248
contig_4701	114339	114378	intergenic	.	contig_4701:114339-114378
contig_4701	129481	129517	gene,mRNA	.	contig_4701:129481-129517,contig_4701:129481-129517
contig_4701	201782	201970	intergenic	.	contig_4701:201782-201970
contig_4701	245028	245175	intergenic	.	contig_4701:245028-245175
contig_4701	281903	282046	gene,mRNA	.	contig_4701:281903-282046,contig_4701:281903-282046
contig_4701	376315	376357	intergenic	.	contig_4701:376315-376357
contig_4702	349576	349762	intergenic	.	contig_4702:349576-349762
contig_4702	563065	563103	gene,mRNA	.	contig_4702:563065-563103,contig_4702:563065-563103
contig_472	267669	267950	intergenic	.	contig_472:267669-267950
contig_4731	391478	391612	intergenic	.	contig_4731:391478-391612
contig_4742	44704	44891	intergenic	.	contig_4742:44704-44891
contig_4742	107849	107956	intergenic	.	contig_4742:107849-107956
contig_4742	326937	327061	intergenic	.	contig_4742:326937-327061
contig_4742	329533	329813	intergenic	.	contig_4742:329533-329813
contig_4742	358344	358508	intergenic	.	contig_4742:358344-358508
contig_4742	379575	379795	intergenic	.	contig_4742:379575-379795
contig_4742	396059	396322	gene,mRNA	.	contig_4742:396059-396322,contig_4742:396059-396322
contig_4742	419743	419916	intergenic	.	contig_4742:419743-419916
contig_4742	511682	511980	intergenic	.	contig_4742:511682-511980
contig_4742	599380	599447	intergenic	.	contig_4742:599380-599447
contig_4742	613368	613571	intergenic	.	contig_4742:613368-613571
contig_4753	108090	108285	intergenic	.	contig_4753:108090-108285
contig_4753	462272	462349	intergenic	.	contig_4753:462272-462349
contig_4753	480796	480913	intergenic	.	contig_4753:480796-480913
contig_4753	523567	523655	intergenic	.	contig_4753:523567-523655
contig_4753	598651	598862	intergenic	.	contig_4753:598651-598862
contig_4753	615949	616210	intergenic	.	contig_4753:615949-616210
contig_4753	632296	632370	intergenic	.	contig_4753:632296-632370
contig_4753	681084	681596	intergenic	.	contig_4753:681084-681596
contig_4753	1007270	1007374	intergenic	.	contig_4753:1007270-1007374
contig_4753	1151961	1152145	intergenic	.	contig_4753:1151961-1152145
contig_4753	1192810	1192926	intergenic	.	contig_4753:1192810-1192926
contig_476	408549	408680	intergenic	.	contig_476:408549-408680
contig_476	602673	602751	intergenic	.	contig_476:602673-602751
contig_476	725729	725908	intergenic	.	contig_476:725729-725908
contig_476	745997	746095	intergenic	.	contig_476:745997-746095
contig_476	883104	883312	intergenic	.	contig_476:883104-883312
contig_476	973339	973527	intergenic	.	contig_476:973339-973527
contig_476	1043634	1043770	intergenic	.	contig_476:1043634-1043770
contig_476	1277835	1278154	intergenic	.	contig_476:1277835-1278154
contig_4763	643447	643647	intergenic	.	contig_4763:643447-643647
contig_4763	643725	644038	gene,mRNA,stop_codon,exon,CDS	.	contig_4763:643725-644038,contig_4763:643725-644038,contig_4763:643725-644038,contig_4763:643725-644038,contig_4763:643725-644038
contig_4763	1143841	1143997	intergenic	.	contig_4763:1143841-1143997
contig_4763	1143841	1144126	start_codon,exon,CDS,gene,mRNA	.	contig_4763:1143841-1144126,contig_4763:1143841-1144126,contig_4763:1143841-1144126,contig_4763:1143841-1144126,contig_4763:1143841-1144126
contig_4763	1175414	1175477	gene,mRNA	.	contig_4763:1175414-1175477,contig_4763:1175414-1175477
contig_4763	1180648	1180712	gene	.	contig_4763:1180648-1180712
contig_4763	1439905	1440010	intergenic	.	contig_4763:1439905-1440010
contig_477	59059	59239	intergenic	.	contig_477:59059-59239
contig_477	349546	349699	intergenic	.	contig_477:349546-349699
contig_477	989364	989437	intergenic	.	contig_477:989364-989437
contig_4771	117085	117169	gene,mRNA	.	contig_4771:117085-117169,contig_4771:117085-117169
contig_4779	129569	129912	gene,mRNA	.	contig_4779:129569-129912,contig_4779:129569-129912
contig_4779	211970	212039	gene,mRNA	.	contig_4779:211970-212039,contig_4779:211970-212039
contig_4779	222909	223283	polyA_signal_sequence,gene	.	contig_4779:222909-223283,contig_4779:222909-223283
contig_4779	222961	223283	intergenic	.	contig_4779:222961-223283
contig_478	162213	162469	intergenic	.	contig_478:162213-162469
contig_479	184624	184848	gene,mRNA	.	contig_479:184624-184848,contig_479:184624-184848
contig_479	202435	202551	intergenic	.	contig_479:202435-202551
contig_479	605216	605401	intergenic	.	contig_479:605216-605401
contig_479	617361	617538	intergenic	.	contig_479:617361-617538
contig_479	874201	874491	intergenic	.	contig_479:874201-874491
contig_479	918275	918339	intergenic	.	contig_479:918275-918339
contig_479	918724	918759	intergenic	.	contig_479:918724-918759
contig_479	1419913	1419992	intergenic	.	contig_479:1419913-1419992
contig_479	1908708	1908971	gene,mRNA	.	contig_479:1908708-1908971,contig_479:1908708-1908971
contig_479	2071926	2072315	intergenic	.	contig_479:2071926-2072315
contig_479	2112775	2112857	intergenic	.	contig_479:2112775-2112857
contig_479	2215924	2215987	intergenic	.	contig_479:2215924-2215987
contig_479	2729021	2729079	intergenic	.	contig_479:2729021-2729079
contig_479	2930694	2930890	intergenic	.	contig_479:2930694-2930890
contig_479	3000292	3000344	intergenic	.	contig_479:3000292-3000344
contig_480	1090824	1091167	intergenic	.	contig_480:1090824-1091167
contig_480	1300124	1300182	intergenic	.	contig_480:1300124-1300182
contig_480	1443332	1443465	intergenic	.	contig_480:1443332-1443465
contig_480	2057582	2057746	intergenic	.	contig_480:2057582-2057746
contig_480	2551558	2551752	intergenic	.	contig_480:2551558-2551752
contig_480	2956283	2956449	intergenic	.	contig_480:2956283-2956449
contig_4817	34525	34704	intergenic	.	contig_4817:34525-34704
contig_4817	270123	270282	intergenic	.	contig_4817:270123-270282
contig_4817	270392	270552	intergenic	.	contig_4817:270392-270552
contig_4817	394034	394211	intergenic	.	contig_4817:394034-394211
contig_4817	394520	394633	intergenic	.	contig_4817:394520-394633
contig_4817	394520	394644	gene,polyA_signal_sequence	.	contig_4817:394520-394644,contig_4817:394520-394644
contig_4817	486410	486548	intergenic	.	contig_4817:486410-486548
contig_4817	839130	839289	intergenic	.	contig_4817:839130-839289
contig_4817	1202754	1202879	intergenic	.	contig_4817:1202754-1202879
contig_4817	1202930	1203109	intergenic	.	contig_4817:1202930-1203109
contig_4817	1349058	1349106	intergenic	.	contig_4817:1349058-1349106
contig_4817	1687898	1688048	intergenic	.	contig_4817:1687898-1688048
contig_4817	1981064	1981387	gene,mRNA	.	contig_4817:1981064-1981387,contig_4817:1981064-1981387
contig_4817	2382150	2382339	intergenic	.	contig_4817:2382150-2382339
contig_4818	1336291	1336543	intergenic	.	contig_4818:1336291-1336543
contig_4818	1339724	1340045	intergenic	.	contig_4818:1339724-1340045
contig_4818	1604830	1604895	gene,mRNA	.	contig_4818:1604830-1604895,contig_4818:1604830-1604895
contig_4818	1681965	1682065	intergenic	.	contig_4818:1681965-1682065
contig_4818	1966991	1967313	intergenic	.	contig_4818:1966991-1967313
contig_482	547583	547766	gene,mRNA	.	contig_482:547583-547766,contig_482:547583-547766
contig_482	900426	900509	intergenic	.	contig_482:900426-900509
contig_482	934030	934192	gene,mRNA	.	contig_482:934030-934192,contig_482:934030-934192
contig_4832	110048	110307	intergenic	.	contig_4832:110048-110307
contig_4832	194679	194821	intergenic	.	contig_4832:194679-194821
contig_4832	252202	252497	intergenic	.	contig_4832:252202-252497
contig_4848	600602	600703	intergenic	.	contig_4848:600602-600703
contig_4848	678140	678199	intergenic	.	contig_4848:678140-678199
contig_4848	965252	965403	intergenic	.	contig_4848:965252-965403
contig_4848	1003395	1003539	intergenic	.	contig_4848:1003395-1003539
contig_4848	1140559	1140683	intergenic	.	contig_4848:1140559-1140683
contig_4848	1507100	1507188	intergenic	.	contig_4848:1507100-1507188
contig_4848	1518786	1518994	intergenic	.	contig_4848:1518786-1518994
contig_4848	1518786	1519205	start_codon,exon,CDS,gene,mRNA	.	contig_4848:1518786-1519205,contig_4848:1518786-1519205,contig_4848:1518786-1519205,contig_4848:1518786-1519205,contig_4848:1518786-1519205
contig_4848	1551467	1551595	gene,mRNA	.	contig_4848:1551467-1551595,contig_4848:1551467-1551595
contig_4848	1618326	1618420	gene,mRNA	.	contig_4848:1618326-1618420,contig_4848:1618326-1618420
contig_4848	1745782	1745959	intergenic	.	contig_4848:1745782-1745959
contig_4848	1765858	1765897	intergenic	.	contig_4848:1765858-1765897
contig_4848	2566896	2566968	intergenic	.	contig_4848:2566896-2566968
contig_4848	2705830	2705990	intergenic	.	contig_4848:2705830-2705990
contig_4848	2751999	2752112	intergenic	.	contig_4848:2751999-2752112
contig_4848	2791096	2791401	intergenic	.	contig_4848:2791096-2791401
contig_4848	2853609	2853826	intergenic	.	contig_4848:2853609-2853826
contig_4848	2951417	2951729	intergenic	.	contig_4848:2951417-2951729
contig_4848	3150012	3150162	intergenic	.	contig_4848:3150012-3150162
contig_4848	3359656	3359707	intergenic	.	contig_4848:3359656-3359707
contig_4848	3360171	3360360	intergenic	.	contig_4848:3360171-3360360
contig_4848	3888232	3888473	intergenic	.	contig_4848:3888232-3888473
contig_4848	4248072	4248347	gene,mRNA	.	contig_4848:4248072-4248347,contig_4848:4248072-4248347
contig_4848	4317385	4317467	intergenic	.	contig_4848:4317385-4317467
contig_4848	4317385	4317761	gene,polyA_signal_sequence,mRNA,stop_codon,exon,CDS,start_codon	.	contig_4848:4317385-4317761,contig_4848:4317385-4317761,contig_4848:4317385-4317761,contig_4848:4317385-4317761,contig_4848:4317385-4317761,contig_4848:4317385-4317761,contig_4848:4317385-4317761
contig_4848	4317667	4317761	intergenic	.	contig_4848:4317667-4317761
contig_4848	4349240	4349328	intergenic	.	contig_4848:4349240-4349328
contig_4870	174255	174456	intergenic	.	contig_4870:174255-174456
contig_4870	174566	174630	intergenic	.	contig_4870:174566-174630
contig_4870	438095	438132	intergenic	.	contig_4870:438095-438132
contig_4870	438444	439042	intergenic	.	contig_4870:438444-439042
contig_4870	519821	519868	intergenic	.	contig_4870:519821-519868
contig_4870	591675	591816	intergenic	.	contig_4870:591675-591816
contig_4877	75478	75564	intergenic	.	contig_4877:75478-75564
contig_4877	75971	76064	intergenic	.	contig_4877:75971-76064
contig_4877	80638	80759	intergenic	.	contig_4877:80638-80759
contig_4877	247142	247235	intergenic	.	contig_4877:247142-247235
contig_488	239644	239869	intergenic	.	contig_488:239644-239869
contig_4880	37573	37725	gene,mRNA	.	contig_4880:37573-37725,contig_4880:37573-37725
contig_4880	87319	87501	gene,mRNA	.	contig_4880:87319-87501,contig_4880:87319-87501
contig_4880	93254	93360	gene,mRNA	.	contig_4880:93254-93360,contig_4880:93254-93360
contig_4880	152435	152658	intergenic	.	contig_4880:152435-152658
contig_4880	173898	174093	gene,mRNA	.	contig_4880:173898-174093,contig_4880:173898-174093
contig_4887	106303	106418	intergenic	.	contig_4887:106303-106418
contig_4887	277564	277829	intergenic	.	contig_4887:277564-277829
contig_4887	551071	551146	intergenic	.	contig_4887:551071-551146
contig_4887	903903	904183	intergenic	.	contig_4887:903903-904183
contig_4887	1004233	1004473	intergenic	.	contig_4887:1004233-1004473
contig_4887	1296293	1296336	intergenic	.	contig_4887:1296293-1296336
contig_4887	1408054	1408101	intergenic	.	contig_4887:1408054-1408101
contig_4887	1408254	1408291	intergenic	.	contig_4887:1408254-1408291
contig_489	32593	32808	intergenic	.	contig_489:32593-32808
contig_489	33329	33388	intergenic	.	contig_489:33329-33388
contig_489	60601	60726	intergenic	.	contig_489:60601-60726
contig_489	308588	308699	intergenic	.	contig_489:308588-308699
contig_489	950502	950610	intergenic	.	contig_489:950502-950610
contig_491	701414	701501	intergenic	.	contig_491:701414-701501
contig_491	1386722	1386925	gene,mRNA	.	contig_491:1386722-1386925,contig_491:1386722-1386925
contig_4918	669947	670280	gene,mRNA	.	contig_4918:669947-670280,contig_4918:669947-670280
contig_4919	181102	181288	intergenic	.	contig_4919:181102-181288
contig_492	1710992	1711085	intergenic	.	contig_492:1710992-1711085
contig_492	1718874	1718980	intergenic	.	contig_492:1718874-1718980
contig_492	1790427	1790781	gene,mRNA	.	contig_492:1790427-1790781,contig_492:1790427-1790781
contig_492	1791049	1791132	gene,mRNA	.	contig_492:1791049-1791132,contig_492:1791049-1791132
contig_492	1823295	1823526	gene,mRNA	.	contig_492:1823295-1823526,contig_492:1823295-1823526
contig_492	1995862	1996517	gene,mRNA	.	contig_492:1995862-1996517,contig_492:1995862-1996517
contig_492	2153375	2153549	gene,mRNA	.	contig_492:2153375-2153549,contig_492:2153375-2153549
contig_4920	209982	210165	gene,mRNA	.	contig_4920:209982-210165,contig_4920:209982-210165
contig_4920	454375	454533	intergenic	.	contig_4920:454375-454533
contig_4920	546837	547030	intergenic	.	contig_4920:546837-547030
contig_4920	637978	638294	intergenic	.	contig_4920:637978-638294
contig_4920	671275	671391	intergenic	.	contig_4920:671275-671391
contig_4920	1037984	1038265	gene,mRNA	.	contig_4920:1037984-1038265,contig_4920:1037984-1038265
contig_4927	379333	379448	intergenic	.	contig_4927:379333-379448
contig_4927	435215	435325	gene,mRNA	.	contig_4927:435215-435325,contig_4927:435215-435325
contig_4927	726121	726229	intergenic	.	contig_4927:726121-726229
contig_4927	756906	756959	intergenic	.	contig_4927:756906-756959
contig_4927	1463571	1463701	intergenic	.	contig_4927:1463571-1463701
contig_4927	1547903	1548162	intergenic	.	contig_4927:1547903-1548162
contig_4927	1548234	1548314	intergenic	.	contig_4927:1548234-1548314
contig_4927	1586226	1586277	intergenic	.	contig_4927:1586226-1586277
contig_4927	1810803	1811112	intergenic	.	contig_4927:1810803-1811112
contig_4927	2045943	2046105	gene,mRNA	.	contig_4927:2045943-2046105,contig_4927:2045943-2046105
contig_4927	2641383	2641413	intergenic	.	contig_4927:2641383-2641413
contig_4928	1085533	1085582	intergenic	.	contig_4928:1085533-1085582
contig_4928	1553652	1553981	intergenic	.	contig_4928:1553652-1553981
contig_4928	1874633	1874811	intergenic	.	contig_4928:1874633-1874811
contig_4928	2061626	2061703	gene,mRNA	.	contig_4928:2061626-2061703,contig_4928:2061626-2061703
contig_4928	2061779	2061877	gene,mRNA	.	contig_4928:2061779-2061877,contig_4928:2061779-2061877
contig_4928	2565346	2565398	intergenic	.	contig_4928:2565346-2565398
contig_4928	2938782	2939065	gene,mRNA	.	contig_4928:2938782-2939065,contig_4928:2938782-2939065
contig_4928	3276521	3276873	intergenic	.	contig_4928:3276521-3276873
contig_4928	3935018	3935135	intergenic	.	contig_4928:3935018-3935135
contig_4928	4472928	4473076	intergenic	.	contig_4928:4472928-4473076
contig_4930	2480	2622	intergenic	.	contig_4930:2480-2622
contig_494	429057	429093	intergenic	.	contig_494:429057-429093
contig_494	708944	708998	intergenic	.	contig_494:708944-708998
contig_494	947325	947517	intergenic	.	contig_494:947325-947517
contig_494	1084483	1084658	intergenic	.	contig_494:1084483-1084658
contig_494	1146475	1146591	intergenic	.	contig_494:1146475-1146591
contig_494	1374550	1374612	intergenic	.	contig_494:1374550-1374612
contig_494	1506457	1506650	intergenic	.	contig_494:1506457-1506650
contig_494	1607462	1607522	gene	.	contig_494:1607462-1607522
contig_494	1643204	1643454	intergenic	.	contig_494:1643204-1643454
contig_494	1643506	1643671	intergenic	.	contig_494:1643506-1643671
contig_494	2570298	2570684	gene,mRNA,exon,CDS	.	contig_494:2570298-2570684,contig_494:2570298-2570684,contig_494:2570298-2570684,contig_494:2570298-2570684
contig_494	2676272	2676521	intergenic	.	contig_494:2676272-2676521
contig_4942	389405	389542	intergenic	.	contig_4942:389405-389542
contig_4942	389605	389736	intergenic	.	contig_4942:389605-389736
contig_4943	14013	14051	intergenic	.	contig_4943:14013-14051
contig_4943	164876	165057	intergenic	.	contig_4943:164876-165057
contig_4948	120875	121099	intergenic	.	contig_4948:120875-121099
contig_4948	121428	121552	intergenic	.	contig_4948:121428-121552
contig_4948	172831	172938	gene,mRNA	.	contig_4948:172831-172938,contig_4948:172831-172938
contig_4948	203857	204197	intergenic	.	contig_4948:203857-204197
contig_4948	217948	218100	intergenic	.	contig_4948:217948-218100
contig_4948	392297	392384	intergenic	.	contig_4948:392297-392384
contig_4948	392755	392836	intergenic	.	contig_4948:392755-392836
contig_4948	571281	571437	intergenic	.	contig_4948:571281-571437
contig_4948	732566	732783	intergenic	.	contig_4948:732566-732783
contig_4948	741092	741305	intergenic	.	contig_4948:741092-741305
contig_4948	753355	753486	intergenic	.	contig_4948:753355-753486
contig_4948	807244	807409	intergenic	.	contig_4948:807244-807409
contig_4948	1014497	1014700	intergenic	.	contig_4948:1014497-1014700
contig_4948	1094798	1094862	gene,mRNA	.	contig_4948:1094798-1094862,contig_4948:1094798-1094862
contig_4948	1392697	1392976	exon,CDS,stop_codon,gene,mRNA	.	contig_4948:1392697-1392976,contig_4948:1392697-1392976,contig_4948:1392697-1392976,contig_4948:1392697-1392976,contig_4948:1392697-1392976
contig_4948	1532284	1532601	intergenic	.	contig_4948:1532284-1532601
contig_4948	1697485	1697559	intergenic	.	contig_4948:1697485-1697559
contig_4948	1775077	1775133	intergenic	.	contig_4948:1775077-1775133
contig_4948	1850032	1850087	intergenic	.	contig_4948:1850032-1850087
contig_4948	1850850	1850949	intergenic	.	contig_4948:1850850-1850949
contig_4948	2075469	2075648	intergenic	.	contig_4948:2075469-2075648
contig_4948	2105217	2105625	intergenic	.	contig_4948:2105217-2105625
contig_4948	2187078	2187275	gene,mRNA	.	contig_4948:2187078-2187275,contig_4948:2187078-2187275
contig_495	334935	335027	gene,polyA_signal_sequence	.	contig_495:334935-335027,contig_495:334935-335027
contig_495	334994	335027	intergenic	.	contig_495:334994-335027
contig_495	621833	621883	intergenic	.	contig_495:621833-621883
contig_495	985400	985472	intergenic	.	contig_495:985400-985472
contig_495	1016658	1016853	intergenic	.	contig_495:1016658-1016853
contig_495	1017391	1017499	intergenic	.	contig_495:1017391-1017499
contig_495	1172323	1172485	intergenic	.	contig_495:1172323-1172485
contig_495	1848475	1848659	gene,mRNA	.	contig_495:1848475-1848659,contig_495:1848475-1848659
contig_495	1980054	1980155	gene,mRNA	.	contig_495:1980054-1980155,contig_495:1980054-1980155
contig_495	2349313	2349546	intergenic	.	contig_495:2349313-2349546
contig_495	2893895	2893942	intergenic	.	contig_495:2893895-2893942
contig_495	3082843	3082914	intergenic	.	contig_495:3082843-3082914
contig_495	3082975	3083029	intergenic	.	contig_495:3082975-3083029
contig_495	3756989	3757113	intergenic	.	contig_495:3756989-3757113
contig_495	4107691	4107727	intergenic	.	contig_495:4107691-4107727
contig_495	4221116	4221230	intergenic	.	contig_495:4221116-4221230
contig_4966	148334	148518	gene,mRNA	.	contig_4966:148334-148518,contig_4966:148334-148518
contig_4966	148849	148915	gene,mRNA	.	contig_4966:148849-148915,contig_4966:148849-148915
contig_4966	477451	477715	intergenic	.	contig_4966:477451-477715
contig_4966	531011	531488	intergenic	.	contig_4966:531011-531488
contig_4966	565258	565374	intergenic	.	contig_4966:565258-565374
contig_4966	583111	583240	intergenic	.	contig_4966:583111-583240
contig_4966	595417	595466	intergenic	.	contig_4966:595417-595466
contig_4966	595538	595579	intergenic	.	contig_4966:595538-595579
contig_4966	619362	619531	intergenic	.	contig_4966:619362-619531
contig_4966	619812	620301	intergenic	.	contig_4966:619812-620301
contig_4967	56836	57207	intergenic	.	contig_4967:56836-57207
contig_4967	141719	141860	intergenic	.	contig_4967:141719-141860
contig_4967	442677	442735	gene,mRNA	.	contig_4967:442677-442735,contig_4967:442677-442735
contig_4967	596012	596112	gene,mRNA	.	contig_4967:596012-596112,contig_4967:596012-596112
contig_4967	607965	608302	intergenic	.	contig_4967:607965-608302
contig_4967	802636	802774	intergenic	.	contig_4967:802636-802774
contig_4967	926552	926874	intergenic	.	contig_4967:926552-926874
contig_4967	970499	970746	intergenic	.	contig_4967:970499-970746
contig_4967	986438	986771	intergenic	.	contig_4967:986438-986771
contig_4967	996087	996189	intergenic	.	contig_4967:996087-996189
contig_4967	1408926	1409044	intergenic	.	contig_4967:1408926-1409044
contig_4967	1927986	1928471	intergenic	.	contig_4967:1927986-1928471
contig_4967	1963755	1963833	intergenic	.	contig_4967:1963755-1963833
contig_4971	49717	49910	intergenic	.	contig_4971:49717-49910
contig_4971	462295	462657	gene,mRNA	.	contig_4971:462295-462657,contig_4971:462295-462657
contig_4988	250681	250924	intergenic	.	contig_4988:250681-250924
contig_4988	525344	525597	intergenic	.	contig_4988:525344-525597
contig_4988	579517	579677	intergenic	.	contig_4988:579517-579677
contig_4988	581352	581417	intergenic	.	contig_4988:581352-581417
contig_4988	823175	823427	intergenic	.	contig_4988:823175-823427
contig_4988	922005	922164	intergenic	.	contig_4988:922005-922164
contig_4988	922479	922632	intergenic	.	contig_4988:922479-922632
contig_4988	1035003	1035438	intergenic	.	contig_4988:1035003-1035438
contig_4999	57462	57512	gene,mRNA	.	contig_4999:57462-57512,contig_4999:57462-57512
contig_4999	319304	319670	intergenic	.	contig_4999:319304-319670
contig_4999	694793	694917	intergenic	.	contig_4999:694793-694917
contig_500	478080	478262	intergenic	.	contig_500:478080-478262
contig_500	956573	956659	gene,mRNA	.	contig_500:956573-956659,contig_500:956573-956659
contig_500	1883736	1883876	intergenic	.	contig_500:1883736-1883876
contig_5006	1294745	1294848	intergenic	.	contig_5006:1294745-1294848
contig_5007	14540	14573	intergenic	.	contig_5007:14540-14573
contig_501	39957	40238	gene,mRNA	.	contig_501:39957-40238,contig_501:39957-40238
contig_502	282557	282880	intergenic	.	contig_502:282557-282880
contig_5029	186299	186575	intergenic	.	contig_5029:186299-186575
contig_5029	490065	490228	intergenic	.	contig_5029:490065-490228
contig_5029	1272325	1272689	intergenic	.	contig_5029:1272325-1272689
contig_5029	1439489	1439549	intergenic	.	contig_5029:1439489-1439549
contig_503	789346	789502	intergenic	.	contig_503:789346-789502
contig_503	1285885	1285943	intergenic	.	contig_503:1285885-1285943
contig_503	1286536	1286716	intergenic	.	contig_503:1286536-1286716
contig_5036	14297	14381	intergenic	.	contig_5036:14297-14381
contig_504	45885	45993	intergenic	.	contig_504:45885-45993
contig_504	686310	686411	gene,mRNA	.	contig_504:686310-686411,contig_504:686310-686411
contig_504	954169	954473	gene,mRNA	.	contig_504:954169-954473,contig_504:954169-954473
contig_504	1336744	1336943	gene,mRNA	.	contig_504:1336744-1336943,contig_504:1336744-1336943
contig_5041	77743	77876	intergenic	.	contig_5041:77743-77876
contig_5042	275581	275705	intergenic	.	contig_5042:275581-275705
contig_5042	282839	283131	gene,mRNA	.	contig_5042:282839-283131,contig_5042:282839-283131
contig_5042	320760	321015	gene,mRNA	.	contig_5042:320760-321015,contig_5042:320760-321015
contig_5042	370300	370508	intergenic	.	contig_5042:370300-370508
contig_5043	163404	163522	intergenic	.	contig_5043:163404-163522
contig_5047	266918	267018	gene,mRNA,exon,CDS	.	contig_5047:266918-267018,contig_5047:266918-267018,contig_5047:266918-267018,contig_5047:266918-267018
contig_5047	403065	403292	intergenic	.	contig_5047:403065-403292
contig_505	368151	368259	gene,mRNA	.	contig_505:368151-368259,contig_505:368151-368259
contig_508	289298	289650	gene,mRNA	.	contig_508:289298-289650,contig_508:289298-289650
contig_5096	87113	87391	intergenic	.	contig_5096:87113-87391
contig_5096	400134	400412	gene,mRNA	.	contig_5096:400134-400412,contig_5096:400134-400412
contig_5096	437642	437830	gene,mRNA	.	contig_5096:437642-437830,contig_5096:437642-437830
contig_5096	563224	563292	intergenic	.	contig_5096:563224-563292
contig_5102	73790	73867	intergenic	.	contig_5102:73790-73867
contig_5102	133572	133898	intergenic	.	contig_5102:133572-133898
contig_5102	178354	178851	intergenic	.	contig_5102:178354-178851
contig_5102	219394	219540	intergenic	.	contig_5102:219394-219540
contig_5102	219595	219890	intergenic	.	contig_5102:219595-219890
contig_5117	448180	448399	intergenic	.	contig_5117:448180-448399
contig_5117	1018611	1018696	intergenic	.	contig_5117:1018611-1018696
contig_5117	1018845	1019052	intergenic	.	contig_5117:1018845-1019052
contig_5117	1047878	1048014	intergenic	.	contig_5117:1047878-1048014
contig_5117	1189531	1189592	intergenic	.	contig_5117:1189531-1189592
contig_5117	1407190	1407249	intergenic	.	contig_5117:1407190-1407249
contig_5117	1848218	1848413	intergenic	.	contig_5117:1848218-1848413
contig_5130	13397	13503	intergenic	.	contig_5130:13397-13503
contig_5136	3679	3753	intergenic	.	contig_5136:3679-3753
contig_5137	8999	9302	intergenic	.	contig_5137:8999-9302
contig_5137	258870	259129	intergenic	.	contig_5137:258870-259129
contig_5137	719446	719628	gene,mRNA	.	contig_5137:719446-719628,contig_5137:719446-719628
contig_5137	740402	740441	gene,mRNA	.	contig_5137:740402-740441,contig_5137:740402-740441
contig_5137	1012738	1012880	intergenic	.	contig_5137:1012738-1012880
contig_5137	1013913	1014063	intergenic	.	contig_5137:1013913-1014063
contig_5137	1121434	1121699	gene,mRNA	.	contig_5137:1121434-1121699,contig_5137:1121434-1121699
contig_5137	1342847	1343202	intergenic	.	contig_5137:1342847-1343202
contig_5137	1350177	1350500	intergenic	.	contig_5137:1350177-1350500
contig_5137	1498436	1498768	exon,CDS,stop_codon,polyA_signal_sequence,gene,mRNA	.	contig_5137:1498436-1498768,contig_5137:1498436-1498768,contig_5137:1498436-1498768,contig_5137:1498436-1498768,contig_5137:1498436-1498768,contig_5137:1498436-1498768
contig_5137	1498746	1498768	intergenic	.	contig_5137:1498746-1498768
contig_5137	1503679	1503934	intergenic	.	contig_5137:1503679-1503934
contig_5137	1615398	1615524	intergenic	.	contig_5137:1615398-1615524
contig_5137	1633530	1633855	intergenic	.	contig_5137:1633530-1633855
contig_5139	105519	105566	intergenic	.	contig_5139:105519-105566
contig_514	303975	304095	intergenic	.	contig_514:303975-304095
contig_514	498166	498324	intergenic	.	contig_514:498166-498324
contig_5146	68632	68744	intergenic	.	contig_5146:68632-68744
contig_515	551617	551819	intergenic	.	contig_515:551617-551819
contig_515	1508151	1508189	intergenic	.	contig_515:1508151-1508189
contig_515	1575067	1575156	intergenic	.	contig_515:1575067-1575156
contig_515	1576247	1576354	intergenic	.	contig_515:1576247-1576354
contig_515	1576563	1576742	intergenic	.	contig_515:1576563-1576742
contig_515	1913119	1913151	intergenic	.	contig_515:1913119-1913151
contig_515	1913425	1913849	intergenic	.	contig_515:1913425-1913849
contig_515	1914275	1914338	intergenic	.	contig_515:1914275-1914338
contig_515	2262046	2262238	intergenic	.	contig_515:2262046-2262238
contig_515	2262576	2262739	intergenic	.	contig_515:2262576-2262739
contig_515	2438520	2438686	exon,CDS,gene,mRNA	.	contig_515:2438520-2438686,contig_515:2438520-2438686,contig_515:2438520-2438686,contig_515:2438520-2438686
contig_515	2676041	2676092	intergenic	.	contig_515:2676041-2676092
contig_515	2773326	2773389	intergenic	.	contig_515:2773326-2773389
contig_515	3315816	3315918	intergenic	.	contig_515:3315816-3315918
contig_5152	52481	52548	intergenic	.	contig_5152:52481-52548
contig_5158	355228	355436	intergenic	.	contig_5158:355228-355436
contig_516	12534	12564	intergenic	.	contig_516:12534-12564
contig_516	112351	112620	intergenic	.	contig_516:112351-112620
contig_516	192771	193039	intergenic	.	contig_516:192771-193039
contig_516	370231	370314	intergenic	.	contig_516:370231-370314
contig_516	370771	370877	intergenic	.	contig_516:370771-370877
contig_516	505467	505640	intergenic	.	contig_516:505467-505640
contig_516	628066	628165	gene,mRNA	.	contig_516:628066-628165,contig_516:628066-628165
contig_516	750863	751062	intergenic	.	contig_516:750863-751062
contig_517	330776	331213	intergenic	.	contig_517:330776-331213
contig_517	647412	647524	intergenic	.	contig_517:647412-647524
contig_518	560565	560866	gene,mRNA	.	contig_518:560565-560866,contig_518:560565-560866
contig_518	959238	959403	intergenic	.	contig_518:959238-959403
contig_5180	441834	441869	intergenic	.	contig_5180:441834-441869
contig_5181	527978	528134	intergenic	.	contig_5181:527978-528134
contig_5181	613742	613931	intergenic	.	contig_5181:613742-613931
contig_5181	614049	614174	intergenic	.	contig_5181:614049-614174
contig_5193	395696	396311	intergenic	.	contig_5193:395696-396311
contig_5193	503713	503794	intergenic	.	contig_5193:503713-503794
contig_5204	96491	96574	intergenic	.	contig_5204:96491-96574
contig_5204	112449	112812	intergenic	.	contig_5204:112449-112812
contig_5204	225153	225335	intergenic	.	contig_5204:225153-225335
contig_5204	256069	256310	intergenic	.	contig_5204:256069-256310
contig_5204	345187	345506	intergenic	.	contig_5204:345187-345506
contig_5204	550860	550951	intergenic	.	contig_5204:550860-550951
contig_5204	568455	568612	intergenic	.	contig_5204:568455-568612
contig_5204	691946	692152	intergenic	.	contig_5204:691946-692152
contig_5211	146828	146928	intergenic	.	contig_5211:146828-146928
contig_5211	311432	311524	intergenic	.	contig_5211:311432-311524
contig_5216	390305	390561	intergenic	.	contig_5216:390305-390561
contig_5216	1033300	1033596	intergenic	.	contig_5216:1033300-1033596
contig_5226	6311	6470	intergenic	.	contig_5226:6311-6470
contig_5226	72417	72529	intergenic	.	contig_5226:72417-72529
contig_5236	21039	21112	intergenic	.	contig_5236:21039-21112
contig_5236	21333	21434	intergenic	.	contig_5236:21333-21434
contig_5238	163571	163754	intergenic	.	contig_5238:163571-163754
contig_5238	322771	322862	gene,mRNA	.	contig_5238:322771-322862,contig_5238:322771-322862
contig_5238	340870	340908	gene,mRNA	.	contig_5238:340870-340908,contig_5238:340870-340908
contig_5238	610435	610527	gene,mRNA	.	contig_5238:610435-610527,contig_5238:610435-610527
contig_5238	733478	733809	gene,mRNA	.	contig_5238:733478-733809,contig_5238:733478-733809
contig_5238	1146549	1146718	intergenic	.	contig_5238:1146549-1146718
contig_5238	1218294	1218589	intergenic	.	contig_5238:1218294-1218589
contig_525	384521	384620	gene,mRNA	.	contig_525:384521-384620,contig_525:384521-384620
contig_5252	240428	240491	gene,mRNA	.	contig_5252:240428-240491,contig_5252:240428-240491
contig_5252	333469	333566	gene,mRNA	.	contig_5252:333469-333566,contig_5252:333469-333566
contig_5252	864328	864488	gene,mRNA	.	contig_5252:864328-864488,contig_5252:864328-864488
contig_5259	74884	74970	intergenic	.	contig_5259:74884-74970
contig_5259	527782	527845	intergenic	.	contig_5259:527782-527845
contig_5259	527916	528006	intergenic	.	contig_5259:527916-528006
contig_5259	528326	528472	intergenic	.	contig_5259:528326-528472
contig_526	419586	419687	intergenic	.	contig_526:419586-419687
contig_526	498299	498753	gene,mRNA	.	contig_526:498299-498753,contig_526:498299-498753
contig_526	526122	526225	gene,mRNA	.	contig_526:526122-526225,contig_526:526122-526225
contig_526	545520	545641	gene,mRNA	.	contig_526:545520-545641,contig_526:545520-545641
contig_526	580335	580482	gene,mRNA	.	contig_526:580335-580482,contig_526:580335-580482
contig_526	667525	667776	intergenic	.	contig_526:667525-667776
contig_526	716449	716520	gene,mRNA	.	contig_526:716449-716520,contig_526:716449-716520
contig_526	1116884	1116987	gene,mRNA	.	contig_526:1116884-1116987,contig_526:1116884-1116987
contig_526	1638471	1638750	gene,mRNA	.	contig_526:1638471-1638750,contig_526:1638471-1638750
contig_526	1857348	1857876	intergenic	.	contig_526:1857348-1857876
contig_526	1965702	1965782	intergenic	.	contig_526:1965702-1965782
contig_526	2051961	2052084	intergenic	.	contig_526:2051961-2052084
contig_526	2052395	2052590	intergenic	.	contig_526:2052395-2052590
contig_526	2152945	2153305	intergenic	.	contig_526:2152945-2153305
contig_526	2425145	2425529	intergenic	.	contig_526:2425145-2425529
contig_526	2511831	2511862	intergenic	.	contig_526:2511831-2511862
contig_526	2541714	2541871	gene,mRNA	.	contig_526:2541714-2541871,contig_526:2541714-2541871
contig_526	2580906	2581054	gene,mRNA	.	contig_526:2580906-2581054,contig_526:2580906-2581054
contig_526	2584658	2584809	gene,mRNA	.	contig_526:2584658-2584809,contig_526:2584658-2584809
contig_5274	212098	212181	intergenic	.	contig_5274:212098-212181
contig_5274	223546	223607	intergenic	.	contig_5274:223546-223607
contig_5274	223748	223859	intergenic	.	contig_5274:223748-223859
contig_5274	258843	258960	intergenic	.	contig_5274:258843-258960
contig_5274	295295	295447	intergenic	.	contig_5274:295295-295447
contig_5280	314486	314599	intergenic	.	contig_5280:314486-314599
contig_5283	47940	48069	intergenic	.	contig_5283:47940-48069
contig_5283	48453	48553	intergenic	.	contig_5283:48453-48553
contig_5283	48612	48746	intergenic	.	contig_5283:48612-48746
contig_5287	477459	477538	intergenic	.	contig_5287:477459-477538
contig_5287	477648	477921	intergenic	.	contig_5287:477648-477921
contig_5287	650684	650899	intergenic	.	contig_5287:650684-650899
contig_5287	708087	708212	intergenic	.	contig_5287:708087-708212
contig_5287	725185	725453	intergenic	.	contig_5287:725185-725453
contig_5287	889857	889980	intergenic	.	contig_5287:889857-889980
contig_5287	979257	979426	intergenic	.	contig_5287:979257-979426
contig_5287	1290088	1290236	intergenic	.	contig_5287:1290088-1290236
contig_5287	1657811	1658156	intergenic	.	contig_5287:1657811-1658156
contig_5287	2067482	2067528	intergenic	.	contig_5287:2067482-2067528
contig_5287	2070234	2070487	intergenic	.	contig_5287:2070234-2070487
contig_5287	2074523	2074774	intergenic	.	contig_5287:2074523-2074774
contig_5287	2074854	2075094	intergenic	.	contig_5287:2074854-2075094
contig_5287	2259324	2259395	intergenic	.	contig_5287:2259324-2259395
contig_529	36258	36288	intergenic	.	contig_529:36258-36288
contig_529	546195	546442	intergenic	.	contig_529:546195-546442
contig_529	630437	630612	intergenic	.	contig_529:630437-630612
contig_530	181950	182057	intergenic	.	contig_530:181950-182057
contig_530	871924	872007	gene,mRNA	.	contig_530:871924-872007,contig_530:871924-872007
contig_530	946710	946982	gene,mRNA	.	contig_530:946710-946982,contig_530:946710-946982
contig_530	1169983	1170244	intergenic	.	contig_530:1169983-1170244
contig_530	1564254	1564322	intergenic	.	contig_530:1564254-1564322
contig_5300	125820	126157	intergenic	.	contig_5300:125820-126157
contig_5300	179087	179314	intergenic	.	contig_5300:179087-179314
contig_5300	210237	210374	intergenic	.	contig_5300:210237-210374
contig_5318	17350	17396	intergenic	.	contig_5318:17350-17396
contig_5318	65043	65183	gene	.	contig_5318:65043-65183
contig_5318	140145	140352	intergenic	.	contig_5318:140145-140352
contig_5318	407920	407990	intergenic	.	contig_5318:407920-407990
contig_5319	13759	14009	gene,mRNA	.	contig_5319:13759-14009,contig_5319:13759-14009
contig_5319	224867	225105	intergenic	.	contig_5319:224867-225105
contig_5319	452057	452173	intergenic	.	contig_5319:452057-452173
contig_5319	468433	468535	intergenic	.	contig_5319:468433-468535
contig_5319	477757	477922	intergenic	.	contig_5319:477757-477922
contig_5319	548025	548197	intergenic	.	contig_5319:548025-548197
contig_5319	602733	603037	intergenic	.	contig_5319:602733-603037
contig_532	2521377	2521485	intergenic	.	contig_532:2521377-2521485
contig_532	2646027	2646069	intergenic	.	contig_532:2646027-2646069
contig_532	2664833	2665347	intergenic	.	contig_532:2664833-2665347
contig_532	2665452	2665571	intergenic	.	contig_532:2665452-2665571
contig_532	2757120	2757198	intergenic	.	contig_532:2757120-2757198
contig_532	2801776	2801958	intergenic	.	contig_532:2801776-2801958
contig_532	3146766	3147041	gene,mRNA	.	contig_532:3146766-3147041,contig_532:3146766-3147041
contig_532	3456652	3456708	intergenic	.	contig_532:3456652-3456708
contig_532	3456652	3457023	start_codon,exon,CDS,gene,mRNA	.	contig_532:3456652-3457023,contig_532:3456652-3457023,contig_532:3456652-3457023,contig_532:3456652-3457023,contig_532:3456652-3457023
contig_532	3514519	3514550	intergenic	.	contig_532:3514519-3514550
contig_5338	106959	107013	intergenic	.	contig_5338:106959-107013
contig_5339	115774	116044	intergenic	.	contig_5339:115774-116044
contig_534	1014805	1015002	intergenic	.	contig_534:1014805-1015002
contig_535	106617	106778	gene,mRNA	.	contig_535:106617-106778,contig_535:106617-106778
contig_535	158748	158885	gene,mRNA	.	contig_535:158748-158885,contig_535:158748-158885
contig_535	870846	870921	intergenic	.	contig_535:870846-870921
contig_5357	114246	114413	intergenic	.	contig_5357:114246-114413
contig_5374	359009	359131	gene,mRNA	.	contig_5374:359009-359131,contig_5374:359009-359131
contig_5374	359419	359634	gene,mRNA	.	contig_5374:359419-359634,contig_5374:359419-359634
contig_5383	122656	122981	gene,mRNA	.	contig_5383:122656-122981,contig_5383:122656-122981
contig_5383	153421	153464	gene,mRNA	.	contig_5383:153421-153464,contig_5383:153421-153464
contig_5383	217534	217654	intergenic	.	contig_5383:217534-217654
contig_5383	327679	327755	intergenic	.	contig_5383:327679-327755
contig_5383	327881	328296	intergenic	.	contig_5383:327881-328296
contig_5385	15443	15561	intergenic	.	contig_5385:15443-15561
contig_5385	331511	331643	intergenic	.	contig_5385:331511-331643
contig_5399	2082	2286	intergenic	.	contig_5399:2082-2286
contig_5399	2345	2558	intergenic	.	contig_5399:2345-2558
contig_5400	2758	2963	intergenic	.	contig_5400:2758-2963
contig_5400	3176	3241	intergenic	.	contig_5400:3176-3241
contig_5415	121449	121537	intergenic	.	contig_5415:121449-121537
contig_5415	499721	499912	intergenic	.	contig_5415:499721-499912
contig_5419	42913	43013	intergenic	.	contig_5419:42913-43013
contig_5419	770748	770862	intergenic	.	contig_5419:770748-770862
contig_5419	771142	771222	intergenic	.	contig_5419:771142-771222
contig_5419	771142	771316	gene,polyA_signal_sequence	.	contig_5419:771142-771316,contig_5419:771142-771316
contig_5419	1374351	1374413	intergenic	.	contig_5419:1374351-1374413
contig_5419	1575536	1575628	intergenic	.	contig_5419:1575536-1575628
contig_5419	1670542	1670605	intergenic	.	contig_5419:1670542-1670605
contig_5419	2037313	2037514	intergenic	.	contig_5419:2037313-2037514
contig_5419	2619580	2619838	intergenic	.	contig_5419:2619580-2619838
contig_5419	2846465	2846534	gene,mRNA	.	contig_5419:2846465-2846534,contig_5419:2846465-2846534
contig_5419	2846836	2846962	gene,mRNA	.	contig_5419:2846836-2846962,contig_5419:2846836-2846962
contig_542	70529	70586	intergenic	.	contig_542:70529-70586
contig_542	406511	406644	intergenic	.	contig_542:406511-406644
contig_542	506197	506413	intergenic	.	contig_542:506197-506413
contig_542	687789	687834	gene,mRNA	.	contig_542:687789-687834,contig_542:687789-687834
contig_542	731912	732001	intergenic	.	contig_542:731912-732001
contig_542	791634	791865	intergenic	.	contig_542:791634-791865
contig_542	1238063	1238314	gene,mRNA	.	contig_542:1238063-1238314,contig_542:1238063-1238314
contig_542	1289379	1289486	intergenic	.	contig_542:1289379-1289486
contig_542	1714476	1714620	intergenic	.	contig_542:1714476-1714620
contig_542	1733382	1733568	intergenic	.	contig_542:1733382-1733568
contig_542	2313189	2313474	gene,mRNA	.	contig_542:2313189-2313474,contig_542:2313189-2313474
contig_542	2313776	2314185	gene,mRNA	.	contig_542:2313776-2314185,contig_542:2313776-2314185
contig_542	2903944	2904052	intergenic	.	contig_542:2903944-2904052
contig_545	27426	27530	intergenic	.	contig_545:27426-27530
contig_545	108060	108161	intergenic	.	contig_545:108060-108161
contig_545	568347	568428	intergenic	.	contig_545:568347-568428
contig_545	830872	831008	intergenic	.	contig_545:830872-831008
contig_545	863069	863515	intergenic	.	contig_545:863069-863515
contig_545	917063	917154	intergenic	.	contig_545:917063-917154
contig_545	1110755	1110832	intergenic	.	contig_545:1110755-1110832
contig_5458	46576	46775	intergenic	.	contig_5458:46576-46775
contig_546	373013	373071	intergenic	.	contig_546:373013-373071
contig_546	771388	771643	gene,mRNA	.	contig_546:771388-771643,contig_546:771388-771643
contig_546	778985	779123	gene,mRNA	.	contig_546:778985-779123,contig_546:778985-779123
contig_546	782794	782975	intergenic	.	contig_546:782794-782975
contig_546	955864	955979	intergenic	.	contig_546:955864-955979
contig_546	1306721	1306833	gene,mRNA	.	contig_546:1306721-1306833,contig_546:1306721-1306833
contig_546	1421016	1421435	gene,mRNA,exon,CDS	.	contig_546:1421016-1421435,contig_546:1421016-1421435,contig_546:1421016-1421435,contig_546:1421016-1421435
contig_546	1903936	1904054	intergenic	.	contig_546:1903936-1904054
contig_546	1916543	1916786	intergenic	.	contig_546:1916543-1916786
contig_546	1953370	1953556	intergenic	.	contig_546:1953370-1953556
contig_546	2108001	2108215	intergenic	.	contig_546:2108001-2108215
contig_546	2190371	2190447	intergenic	.	contig_546:2190371-2190447
contig_546	2190719	2190987	intergenic	.	contig_546:2190719-2190987
contig_546	3177807	3177872	intergenic	.	contig_546:3177807-3177872
contig_546	3602975	3603032	intergenic	.	contig_546:3602975-3603032
contig_546	4624953	4625002	intergenic	.	contig_546:4624953-4625002
contig_546	4914110	4914202	intergenic	.	contig_546:4914110-4914202
contig_546	5140079	5140353	intergenic	.	contig_546:5140079-5140353
contig_546	5255255	5255356	gene,mRNA	.	contig_546:5255255-5255356,contig_546:5255255-5255356
contig_546	5547137	5547217	intergenic	.	contig_546:5547137-5547217
contig_546	5547285	5547756	intergenic	.	contig_546:5547285-5547756
contig_546	5547865	5547955	intergenic	.	contig_546:5547865-5547955
contig_547	81535	81636	intergenic	.	contig_547:81535-81636
contig_548	272789	272995	gene,mRNA,exon,CDS,stop_codon	.	contig_548:272789-272995,contig_548:272789-272995,contig_548:272789-272995,contig_548:272789-272995,contig_548:272789-272995
contig_548	401877	401930	intergenic	.	contig_548:401877-401930
contig_548	429895	430371	intergenic	.	contig_548:429895-430371
contig_548	562134	562291	intergenic	.	contig_548:562134-562291
contig_548	608824	608951	intergenic	.	contig_548:608824-608951
contig_548	617193	617324	intergenic	.	contig_548:617193-617324
contig_548	770777	771000	intergenic	.	contig_548:770777-771000
contig_548	952588	952762	intergenic	.	contig_548:952588-952762
contig_548	994590	994636	intergenic	.	contig_548:994590-994636
contig_548	1006548	1006699	intergenic	.	contig_548:1006548-1006699
contig_548	1040861	1041048	intergenic	.	contig_548:1040861-1041048
contig_5481	310487	310748	gene,mRNA	.	contig_5481:310487-310748,contig_5481:310487-310748
contig_5484	4016	4082	intergenic	.	contig_5484:4016-4082
contig_5484	4016	4348	polyA_signal_sequence,stop_codon,exon,CDS,gene,mRNA	.	contig_5484:4016-4348,contig_5484:4016-4348,contig_5484:4016-4348,contig_5484:4016-4348,contig_5484:4016-4348,contig_5484:4016-4348
contig_5485	169012	169112	intergenic	.	contig_5485:169012-169112
contig_5486	93994	94072	intergenic	.	contig_5486:93994-94072
contig_549	115107	115208	intergenic	.	contig_549:115107-115208
contig_549	425617	425926	intergenic	.	contig_549:425617-425926
contig_55	371494	371549	intergenic	.	contig_55:371494-371549
contig_550	335100	335278	intergenic	.	contig_550:335100-335278
contig_550	473037	473251	intergenic	.	contig_550:473037-473251
contig_550	1174470	1174677	intergenic	.	contig_550:1174470-1174677
contig_550	1494776	1495023	intergenic	.	contig_550:1494776-1495023
contig_550	2357104	2357169	intergenic	.	contig_550:2357104-2357169
contig_550	2487921	2488041	intergenic	.	contig_550:2487921-2488041
contig_550	2491265	2491511	intergenic	.	contig_550:2491265-2491511
contig_550	2543271	2543382	intergenic	.	contig_550:2543271-2543382
contig_5506	206135	206300	gene,mRNA	.	contig_5506:206135-206300,contig_5506:206135-206300
contig_5506	873218	873505	intergenic	.	contig_5506:873218-873505
contig_5528	73570	73635	gene,mRNA	.	contig_5528:73570-73635,contig_5528:73570-73635
contig_5528	262993	263377	gene,mRNA	.	contig_5528:262993-263377,contig_5528:262993-263377
contig_553	152068	152244	intergenic	.	contig_553:152068-152244
contig_554	1325888	1326028	intergenic	.	contig_554:1325888-1326028
contig_554	1326100	1326234	intergenic	.	contig_554:1326100-1326234
contig_554	2289257	2289351	gene,mRNA	.	contig_554:2289257-2289351,contig_554:2289257-2289351
contig_554	3552318	3552464	intergenic	.	contig_554:3552318-3552464
contig_554	3618321	3618509	intergenic	.	contig_554:3618321-3618509
contig_554	3814517	3814728	intergenic	.	contig_554:3814517-3814728
contig_554	3855865	3856008	intergenic	.	contig_554:3855865-3856008
contig_554	3942076	3942279	intergenic	.	contig_554:3942076-3942279
contig_554	4146728	4146795	intergenic	.	contig_554:4146728-4146795
contig_554	4351450	4351574	intergenic	.	contig_554:4351450-4351574
contig_5544	51626	51812	intergenic	.	contig_5544:51626-51812
contig_5544	309738	309842	intergenic	.	contig_5544:309738-309842
contig_5545	67462	67600	intergenic	.	contig_5545:67462-67600
contig_5545	228653	228865	intergenic	.	contig_5545:228653-228865
contig_5545	274915	274976	gene,mRNA	.	contig_5545:274915-274976,contig_5545:274915-274976
contig_5545	440364	440537	intergenic	.	contig_5545:440364-440537
contig_5545	701097	701244	gene,mRNA	.	contig_5545:701097-701244,contig_5545:701097-701244
contig_5545	1400865	1400962	intergenic	.	contig_5545:1400865-1400962
contig_5545	1469242	1469506	intergenic	.	contig_5545:1469242-1469506
contig_5545	1483149	1483327	intergenic	.	contig_5545:1483149-1483327
contig_5549	58057	58204	gene,mRNA	.	contig_5549:58057-58204,contig_5549:58057-58204
contig_5550	71856	72137	gene,polyA_signal_sequence	.	contig_5550:71856-72137,contig_5550:71856-72137
contig_5550	72033	72137	intergenic	.	contig_5550:72033-72137
contig_5553	216951	217057	gene,mRNA	.	contig_5553:216951-217057,contig_5553:216951-217057
contig_5553	264501	264737	gene,mRNA	.	contig_5553:264501-264737,contig_5553:264501-264737
contig_5553	304261	304443	intergenic	.	contig_5553:304261-304443
contig_5553	499471	499607	gene,mRNA	.	contig_5553:499471-499607,contig_5553:499471-499607
contig_556	43205	43426	intergenic	.	contig_556:43205-43426
contig_556	228503	228595	intergenic	.	contig_556:228503-228595
contig_5570	156116	156158	intergenic	.	contig_5570:156116-156158
contig_5570	612444	612488	intergenic	.	contig_5570:612444-612488
contig_5570	612610	612760	intergenic	.	contig_5570:612610-612760
contig_5570	654428	654481	intergenic	.	contig_5570:654428-654481
contig_5570	654539	654626	intergenic	.	contig_5570:654539-654626
contig_5570	666668	666789	intergenic	.	contig_5570:666668-666789
contig_5570	666905	666996	intergenic	.	contig_5570:666905-666996
contig_5570	917519	917610	intergenic	.	contig_5570:917519-917610
contig_5570	918130	918343	intergenic	.	contig_5570:918130-918343
contig_5570	1203265	1203650	intergenic	.	contig_5570:1203265-1203650
contig_5570	1277571	1277629	gene,mRNA	.	contig_5570:1277571-1277629,contig_5570:1277571-1277629
contig_5570	1278274	1278425	gene,mRNA	.	contig_5570:1278274-1278425,contig_5570:1278274-1278425
contig_5570	1378753	1378939	intergenic	.	contig_5570:1378753-1378939
contig_5576	162046	162238	gene,mRNA	.	contig_5576:162046-162238,contig_5576:162046-162238
contig_5585	188526	188588	intergenic	.	contig_5585:188526-188588
contig_5585	649566	649693	intergenic	.	contig_5585:649566-649693
contig_5597	21020	21055	intergenic	.	contig_5597:21020-21055
contig_56	659205	659415	gene,mRNA	.	contig_56:659205-659415,contig_56:659205-659415
contig_5600	5172	5256	intergenic	.	contig_5600:5172-5256
contig_5609	369675	369878	intergenic	.	contig_5609:369675-369878
contig_5609	922655	922698	intergenic	.	contig_5609:922655-922698
contig_5609	934099	934381	intergenic	.	contig_5609:934099-934381
contig_5617	79626	79742	intergenic	.	contig_5617:79626-79742
contig_5617	167291	167560	intergenic	.	contig_5617:167291-167560
contig_5617	615660	615828	intergenic	.	contig_5617:615660-615828
contig_5617	1344864	1345063	gene,mRNA	.	contig_5617:1344864-1345063,contig_5617:1344864-1345063
contig_5617	1486145	1486182	gene,mRNA	.	contig_5617:1486145-1486182,contig_5617:1486145-1486182
contig_5617	1486275	1486421	gene,mRNA	.	contig_5617:1486275-1486421,contig_5617:1486275-1486421
contig_562	2941	3041	intergenic	.	contig_562:2941-3041
contig_5637	451900	452218	intergenic	.	contig_5637:451900-452218
contig_5669	225513	225671	intergenic	.	contig_5669:225513-225671
contig_5669	451889	452078	gene,mRNA	.	contig_5669:451889-452078,contig_5669:451889-452078
contig_567	809028	809105	intergenic	.	contig_567:809028-809105
contig_5674	38002	38216	intergenic	.	contig_5674:38002-38216
contig_5674	210892	210957	gene	.	contig_5674:210892-210957
contig_5679	56543	57101	intergenic	.	contig_5679:56543-57101
contig_568	82167	82367	exon,CDS,start_codon,gene,mRNA	.	contig_568:82167-82367,contig_568:82167-82367,contig_568:82167-82367,contig_568:82167-82367,contig_568:82167-82367
contig_568	82247	82367	intergenic	.	contig_568:82247-82367
contig_568	82542	82642	gene,mRNA,start_codon,exon,CDS	.	contig_568:82542-82642,contig_568:82542-82642,contig_568:82542-82642,contig_568:82542-82642,contig_568:82542-82642
contig_568	82843	83143	gene,mRNA,exon,CDS	.	contig_568:82843-83143,contig_568:82843-83143,contig_568:82843-83143,contig_568:82843-83143
contig_568	83541	83641	gene,mRNA,exon,CDS	.	contig_568:83541-83641,contig_568:83541-83641,contig_568:83541-83641,contig_568:83541-83641
contig_568	84041	84182	gene,mRNA,exon,CDS	.	contig_568:84041-84182,contig_568:84041-84182,contig_568:84041-84182,contig_568:84041-84182
contig_568	84382	84482	gene,mRNA,exon,CDS	.	contig_568:84382-84482,contig_568:84382-84482,contig_568:84382-84482,contig_568:84382-84482
contig_568	84790	84933	gene,polyA_signal_sequence	.	contig_568:84790-84933,contig_568:84790-84933
contig_568	84880	84933	intergenic	.	contig_568:84880-84933
contig_568	824167	824324	intergenic	.	contig_568:824167-824324
contig_568	824400	824475	intergenic	.	contig_568:824400-824475
contig_568	861806	862138	intergenic	.	contig_568:861806-862138
contig_568	1287354	1287647	intergenic	.	contig_568:1287354-1287647
contig_568	1313674	1313922	intergenic	.	contig_568:1313674-1313922
contig_568	2151790	2151871	intergenic	.	contig_568:2151790-2151871
contig_568	2180650	2180692	intergenic	.	contig_568:2180650-2180692
contig_568	2399709	2399762	intergenic	.	contig_568:2399709-2399762
contig_568	2489273	2489522	intergenic	.	contig_568:2489273-2489522
contig_568	2496017	2496223	intergenic	.	contig_568:2496017-2496223
contig_568	2575495	2575610	gene,mRNA	.	contig_568:2575495-2575610,contig_568:2575495-2575610
contig_568	2751879	2751998	intergenic	.	contig_568:2751879-2751998
contig_568	2812854	2813216	exon,CDS,gene,mRNA	.	contig_568:2812854-2813216,contig_568:2812854-2813216,contig_568:2812854-2813216,contig_568:2812854-2813216
contig_568	2987616	2987773	intergenic	.	contig_568:2987616-2987773
contig_568	3066794	3067014	intergenic	.	contig_568:3066794-3067014
contig_568	3965652	3965844	gene,mRNA	.	contig_568:3965652-3965844,contig_568:3965652-3965844
contig_568	4287958	4288292	gene,mRNA	.	contig_568:4287958-4288292,contig_568:4287958-4288292
contig_568	4354475	4354583	gene,mRNA	.	contig_568:4354475-4354583,contig_568:4354475-4354583
contig_5681	690556	690612	intergenic	.	contig_5681:690556-690612
contig_5686	203887	203994	intergenic	.	contig_5686:203887-203994
contig_5686	250070	250270	intergenic	.	contig_5686:250070-250270
contig_5686	298071	298132	intergenic	.	contig_5686:298071-298132
contig_5686	428701	428762	intergenic	.	contig_5686:428701-428762
contig_5686	717572	717690	intergenic	.	contig_5686:717572-717690
contig_5686	812574	812714	intergenic	.	contig_5686:812574-812714
contig_5686	879171	879288	intergenic	.	contig_5686:879171-879288
contig_5686	890993	891134	intergenic	.	contig_5686:890993-891134
contig_5686	942628	942786	intergenic	.	contig_5686:942628-942786
contig_5686	1167259	1167427	intergenic	.	contig_5686:1167259-1167427
contig_5686	1167529	1167727	intergenic	.	contig_5686:1167529-1167727
contig_5686	2176818	2177208	intergenic	.	contig_5686:2176818-2177208
contig_5686	2400473	2400567	intergenic	.	contig_5686:2400473-2400567
contig_5686	2521318	2521435	intergenic	.	contig_5686:2521318-2521435
contig_5686	2577775	2577942	gene,mRNA	.	contig_5686:2577775-2577942,contig_5686:2577775-2577942
contig_5686	2972243	2972286	gene,mRNA	.	contig_5686:2972243-2972286,contig_5686:2972243-2972286
contig_5686	3126845	3126969	intergenic	.	contig_5686:3126845-3126969
contig_5686	3127106	3127151	intergenic	.	contig_5686:3127106-3127151
contig_5686	3153479	3153558	intergenic	.	contig_5686:3153479-3153558
contig_5686	3730808	3730881	intergenic	.	contig_5686:3730808-3730881
contig_5686	3763382	3763681	intergenic	.	contig_5686:3763382-3763681
contig_5686	4176618	4176811	intergenic	.	contig_5686:4176618-4176811
contig_5696	1035179	1035721	intergenic	.	contig_5696:1035179-1035721
contig_5696	1035179	1036236	gene,mRNA,start_codon,exon,CDS,stop_codon	.	contig_5696:1035179-1036236,contig_5696:1035179-1036236,contig_5696:1035179-1036236,contig_5696:1035179-1036236,contig_5696:1035179-1036236,contig_5696:1035179-1036236
contig_5696	1183594	1183827	intergenic	.	contig_5696:1183594-1183827
contig_5696	1248089	1248160	intergenic	.	contig_5696:1248089-1248160
contig_5696	1642009	1642095	intergenic	.	contig_5696:1642009-1642095
contig_5696	1711057	1711215	intergenic	.	contig_5696:1711057-1711215
contig_5696	1765721	1765834	intergenic	.	contig_5696:1765721-1765834
contig_5696	1879421	1879704	intergenic	.	contig_5696:1879421-1879704
contig_5696	2243615	2243781	intergenic	.	contig_5696:2243615-2243781
contig_5696	2316312	2316488	intergenic	.	contig_5696:2316312-2316488
contig_5696	2567113	2567180	intergenic	.	contig_5696:2567113-2567180
contig_5696	2613489	2613586	gene,mRNA	.	contig_5696:2613489-2613586,contig_5696:2613489-2613586
contig_5696	2914967	2915245	intergenic	.	contig_5696:2914967-2915245
contig_5697	441992	442026	intergenic	.	contig_5697:441992-442026
contig_5697	816300	816439	gene,mRNA	.	contig_5697:816300-816439,contig_5697:816300-816439
contig_5697	1047482	1047512	gene,mRNA	.	contig_5697:1047482-1047512,contig_5697:1047482-1047512
contig_5697	1980680	1980866	intergenic	.	contig_5697:1980680-1980866
contig_5697	2329845	2330411	intergenic	.	contig_5697:2329845-2330411
contig_5697	2360603	2360962	intergenic	.	contig_5697:2360603-2360962
contig_5697	2765030	2765209	gene,mRNA	.	contig_5697:2765030-2765209,contig_5697:2765030-2765209
contig_570	50231	50590	intergenic	.	contig_570:50231-50590
contig_570	58603	58788	intergenic	.	contig_570:58603-58788
contig_570	84441	84506	intergenic	.	contig_570:84441-84506
contig_570	112471	112513	intergenic	.	contig_570:112471-112513
contig_570	120100	120214	intergenic	.	contig_570:120100-120214
contig_570	233329	233419	intergenic	.	contig_570:233329-233419
contig_570	374035	374178	intergenic	.	contig_570:374035-374178
contig_570	640528	640760	intergenic	.	contig_570:640528-640760
contig_570	2195036	2195151	gene,mRNA	.	contig_570:2195036-2195151,contig_570:2195036-2195151
contig_5703	426512	426587	intergenic	.	contig_5703:426512-426587
contig_572	438574	438719	gene,mRNA	.	contig_572:438574-438719,contig_572:438574-438719
contig_572	1086670	1086726	intergenic	.	contig_572:1086670-1086726
contig_5724	192026	192189	gene,mRNA	.	contig_5724:192026-192189,contig_5724:192026-192189
contig_5724	301838	301898	intergenic	.	contig_5724:301838-301898
contig_5724	935658	935713	intergenic	.	contig_5724:935658-935713
contig_573	50947	51438	gene,mRNA	.	contig_573:50947-51438,contig_573:50947-51438
contig_573	352098	352478	intergenic	.	contig_573:352098-352478
contig_573	377057	377102	gene,mRNA	.	contig_573:377057-377102,contig_573:377057-377102
contig_5734	209752	209903	intergenic	.	contig_5734:209752-209903
contig_5734	775307	775423	intergenic	.	contig_5734:775307-775423
contig_5734	1258384	1258487	intergenic	.	contig_5734:1258384-1258487
contig_5734	1484582	1484773	intergenic	.	contig_5734:1484582-1484773
contig_5734	2095390	2095579	intergenic	.	contig_5734:2095390-2095579
contig_574	472116	472524	intergenic	.	contig_574:472116-472524
contig_574	483958	484113	intergenic	.	contig_574:483958-484113
contig_574	589143	589214	intergenic	.	contig_574:589143-589214
contig_5740	404594	404899	intergenic	.	contig_5740:404594-404899
contig_5741	56937	57229	gene,mRNA	.	contig_5741:56937-57229,contig_5741:56937-57229
contig_5741	210878	211038	intergenic	.	contig_5741:210878-211038
contig_5741	299006	299176	intergenic	.	contig_5741:299006-299176
contig_5741	846996	847154	gene,mRNA	.	contig_5741:846996-847154,contig_5741:846996-847154
contig_575	296975	297109	intergenic	.	contig_575:296975-297109
contig_575	411700	411781	intergenic	.	contig_575:411700-411781
contig_575	503786	504100	polyA_signal_sequence,gene	.	contig_575:503786-504100,contig_575:503786-504100
contig_575	503994	504100	intergenic	.	contig_575:503994-504100
contig_575	703564	703725	intergenic	.	contig_575:703564-703725
contig_575	782345	782579	intergenic	.	contig_575:782345-782579
contig_575	1157349	1157582	gene,mRNA	.	contig_575:1157349-1157582,contig_575:1157349-1157582
contig_575	1174769	1175070	gene,mRNA	.	contig_575:1174769-1175070,contig_575:1174769-1175070
contig_575	1209876	1210136	intergenic	.	contig_575:1209876-1210136
contig_575	1362937	1363041	intergenic	.	contig_575:1362937-1363041
contig_575	1397288	1397777	intergenic	.	contig_575:1397288-1397777
contig_575	1468712	1468902	intergenic	.	contig_575:1468712-1468902
contig_575	1866243	1866393	intergenic	.	contig_575:1866243-1866393
contig_575	1931047	1931292	intergenic	.	contig_575:1931047-1931292
contig_575	2096883	2097043	gene,mRNA	.	contig_575:2096883-2097043,contig_575:2096883-2097043
contig_575	2224074	2224330	intergenic	.	contig_575:2224074-2224330
contig_575	2224418	2224496	intergenic	.	contig_575:2224418-2224496
contig_575	2301790	2301868	intergenic	.	contig_575:2301790-2301868
contig_575	2394217	2394532	gene,mRNA	.	contig_575:2394217-2394532,contig_575:2394217-2394532
contig_575	2399320	2399412	gene,mRNA	.	contig_575:2399320-2399412,contig_575:2399320-2399412
contig_575	2399677	2399731	gene,mRNA	.	contig_575:2399677-2399731,contig_575:2399677-2399731
contig_575	2459150	2459367	intergenic	.	contig_575:2459150-2459367
contig_575	2481773	2481824	intergenic	.	contig_575:2481773-2481824
contig_5761	500246	500856	intergenic	.	contig_5761:500246-500856
contig_5761	877465	877602	intergenic	.	contig_5761:877465-877602
contig_5761	1022889	1023050	gene,mRNA	.	contig_5761:1022889-1023050,contig_5761:1022889-1023050
contig_5761	1241687	1241787	intergenic	.	contig_5761:1241687-1241787
contig_5761	1241851	1242088	intergenic	.	contig_5761:1241851-1242088
contig_5761	1342250	1342335	intergenic	.	contig_5761:1342250-1342335
contig_5761	1818951	1819074	gene,mRNA	.	contig_5761:1818951-1819074,contig_5761:1818951-1819074
contig_5761	2656076	2656473	intergenic	.	contig_5761:2656076-2656473
contig_5767	14150	14385	intergenic	.	contig_5767:14150-14385
contig_5767	14486	14596	intergenic	.	contig_5767:14486-14596
contig_5768	97780	97879	gene,mRNA	.	contig_5768:97780-97879,contig_5768:97780-97879
contig_5768	527975	528190	gene,mRNA	.	contig_5768:527975-528190,contig_5768:527975-528190
contig_5808	25925	26185	intergenic	.	contig_5808:25925-26185
contig_5808	26660	26875	intergenic	.	contig_5808:26660-26875
contig_5808	123690	123931	intergenic	.	contig_5808:123690-123931
contig_5808	310064	310195	intergenic	.	contig_5808:310064-310195
contig_5808	415396	415616	intergenic	.	contig_5808:415396-415616
contig_5808	425995	426091	intergenic	.	contig_5808:425995-426091
contig_5808	513240	513391	intergenic	.	contig_5808:513240-513391
contig_5808	650032	650369	intergenic	.	contig_5808:650032-650369
contig_582	792755	792828	intergenic	.	contig_582:792755-792828
contig_582	976589	976912	intergenic	.	contig_582:976589-976912
contig_582	988409	988525	intergenic	.	contig_582:988409-988525
contig_582	988807	989041	intergenic	.	contig_582:988807-989041
contig_582	1159712	1159813	intergenic	.	contig_582:1159712-1159813
contig_582	1311117	1311158	gene,mRNA	.	contig_582:1311117-1311158,contig_582:1311117-1311158
contig_582	1616588	1616885	intergenic	.	contig_582:1616588-1616885
contig_582	1684191	1684289	intergenic	.	contig_582:1684191-1684289
contig_582	1684355	1684440	intergenic	.	contig_582:1684355-1684440
contig_582	2152828	2152906	gene,mRNA	.	contig_582:2152828-2152906,contig_582:2152828-2152906
contig_582	2430379	2430438	gene,mRNA	.	contig_582:2430379-2430438,contig_582:2430379-2430438
contig_582	2581103	2581234	gene,mRNA	.	contig_582:2581103-2581234,contig_582:2581103-2581234
contig_582	2644894	2645222	intergenic	.	contig_582:2644894-2645222
contig_582	2765467	2765684	intergenic	.	contig_582:2765467-2765684
contig_582	2886778	2886906	intergenic	.	contig_582:2886778-2886906
contig_582	3149464	3149557	intergenic	.	contig_582:3149464-3149557
contig_582	3471404	3471573	intergenic	.	contig_582:3471404-3471573
contig_582	3471695	3471811	intergenic	.	contig_582:3471695-3471811
contig_582	3498164	3498455	intergenic	.	contig_582:3498164-3498455
contig_582	4003317	4003487	intergenic	.	contig_582:4003317-4003487
contig_582	4404921	4405406	gene,mRNA	.	contig_582:4404921-4405406,contig_582:4404921-4405406
contig_582	4753823	4753889	gene,mRNA	.	contig_582:4753823-4753889,contig_582:4753823-4753889
contig_5828	397509	397605	intergenic	.	contig_5828:397509-397605
contig_5828	1775611	1775728	intergenic	.	contig_5828:1775611-1775728
contig_5828	2776675	2776734	intergenic	.	contig_5828:2776675-2776734
contig_583	315642	315880	gene,mRNA	.	contig_583:315642-315880,contig_583:315642-315880
contig_583	440708	440771	intergenic	.	contig_583:440708-440771
contig_583	476917	477092	intergenic	.	contig_583:476917-477092
contig_583	1296914	1297256	intergenic	.	contig_583:1296914-1297256
contig_583	1397810	1397969	gene,mRNA	.	contig_583:1397810-1397969,contig_583:1397810-1397969
contig_583	1409914	1410113	gene,mRNA	.	contig_583:1409914-1410113,contig_583:1409914-1410113
contig_583	1571558	1571624	intergenic	.	contig_583:1571558-1571624
contig_583	1853597	1853797	intergenic	.	contig_583:1853597-1853797
contig_583	2251185	2251674	gene,mRNA	.	contig_583:2251185-2251674,contig_583:2251185-2251674
contig_583	2265415	2265629	gene,mRNA	.	contig_583:2265415-2265629,contig_583:2265415-2265629
contig_583	2553589	2553629	intergenic	.	contig_583:2553589-2553629
contig_583	2577207	2577346	intergenic	.	contig_583:2577207-2577346
contig_5838	184780	184870	intergenic	.	contig_5838:184780-184870
contig_584	43957	44429	intergenic	.	contig_584:43957-44429
contig_5859	6371	6850	intergenic	.	contig_5859:6371-6850
contig_586	530245	530308	gene,mRNA	.	contig_586:530245-530308,contig_586:530245-530308
contig_5866	100640	100799	intergenic	.	contig_5866:100640-100799
contig_5906	212121	212257	gene,mRNA	.	contig_5906:212121-212257,contig_5906:212121-212257
contig_5906	635626	635693	intergenic	.	contig_5906:635626-635693
contig_5906	690322	690598	intergenic	.	contig_5906:690322-690598
contig_5909	235596	235671	intergenic	.	contig_5909:235596-235671
contig_5909	428187	428300	intergenic	.	contig_5909:428187-428300
contig_5909	531658	531786	intergenic	.	contig_5909:531658-531786
contig_5909	531844	531915	intergenic	.	contig_5909:531844-531915
contig_5909	669821	670046	stop_codon,exon,CDS,gene,mRNA	.	contig_5909:669821-670046,contig_5909:669821-670046,contig_5909:669821-670046,contig_5909:669821-670046,contig_5909:669821-670046
contig_5909	906469	906782	intergenic	.	contig_5909:906469-906782
contig_5909	1093647	1093764	intergenic	.	contig_5909:1093647-1093764
contig_5913	85309	85662	intergenic	.	contig_5913:85309-85662
contig_5914	698006	698227	intergenic	.	contig_5914:698006-698227
contig_5914	1075661	1075809	intergenic	.	contig_5914:1075661-1075809
contig_5914	1143834	1144032	intergenic	.	contig_5914:1143834-1144032
contig_5914	1175238	1175399	intergenic	.	contig_5914:1175238-1175399
contig_5914	1239184	1239257	intergenic	.	contig_5914:1239184-1239257
contig_5917	15119	15276	intergenic	.	contig_5917:15119-15276
contig_592	922797	922954	intergenic	.	contig_592:922797-922954
contig_592	934808	934942	intergenic	.	contig_592:934808-934942
contig_592	935095	935295	intergenic	.	contig_592:935095-935295
contig_592	949018	949404	intergenic	.	contig_592:949018-949404
contig_592	1415909	1416030	intergenic	.	contig_592:1415909-1416030
contig_5921	28845	28911	intergenic	.	contig_5921:28845-28911
contig_5971	51617	51987	exon,CDS,start_codon,gene,mRNA	.	contig_5971:51617-51987,contig_5971:51617-51987,contig_5971:51617-51987,contig_5971:51617-51987,contig_5971:51617-51987
contig_5971	51847	51987	intergenic	.	contig_5971:51847-51987
contig_5983	61849	61979	intergenic	.	contig_5983:61849-61979
contig_5983	91419	91520	intergenic	.	contig_5983:91419-91520
contig_5983	173233	173413	intergenic	.	contig_5983:173233-173413
contig_5983	188405	188505	intergenic	.	contig_5983:188405-188505
contig_6013	172769	172827	gene,mRNA	.	contig_6013:172769-172827,contig_6013:172769-172827
contig_6013	297266	297430	gene,mRNA	.	contig_6013:297266-297430,contig_6013:297266-297430
contig_6013	620379	620757	gene,mRNA	.	contig_6013:620379-620757,contig_6013:620379-620757
contig_6013	719664	719723	intergenic	.	contig_6013:719664-719723
contig_6013	720847	720993	intergenic	.	contig_6013:720847-720993
contig_6013	766067	766187	intergenic	.	contig_6013:766067-766187
contig_6016	323492	323664	intergenic	.	contig_6016:323492-323664
contig_6016	381709	381977	intergenic	.	contig_6016:381709-381977
contig_6016	917524	917577	gene,mRNA	.	contig_6016:917524-917577,contig_6016:917524-917577
contig_6016	1213949	1214181	intergenic	.	contig_6016:1213949-1214181
contig_6016	1375526	1375681	intergenic	.	contig_6016:1375526-1375681
contig_6016	1438116	1438216	intergenic	.	contig_6016:1438116-1438216
contig_6016	1441384	1441520	intergenic	.	contig_6016:1441384-1441520
contig_6016	1606051	1606302	intergenic	.	contig_6016:1606051-1606302
contig_6016	1808480	1808672	intergenic	.	contig_6016:1808480-1808672
contig_6016	1883211	1883532	gene,mRNA,exon,CDS,start_codon	.	contig_6016:1883211-1883532,contig_6016:1883211-1883532,contig_6016:1883211-1883532,contig_6016:1883211-1883532,contig_6016:1883211-1883532
contig_6016	1883508	1883532	intergenic	.	contig_6016:1883508-1883532
contig_6016	2017004	2017260	gene,mRNA	.	contig_6016:2017004-2017260,contig_6016:2017004-2017260
contig_602	79966	80133	intergenic	.	contig_602:79966-80133
contig_6025	194702	194770	intergenic	.	contig_6025:194702-194770
contig_6025	510160	510334	gene,mRNA	.	contig_6025:510160-510334,contig_6025:510160-510334
contig_6025	998390	998438	gene,mRNA	.	contig_6025:998390-998438,contig_6025:998390-998438
contig_6025	1318199	1318366	gene,mRNA	.	contig_6025:1318199-1318366,contig_6025:1318199-1318366
contig_6025	1320353	1320719	gene,mRNA	.	contig_6025:1320353-1320719,contig_6025:1320353-1320719
contig_6025	1547068	1547188	intergenic	.	contig_6025:1547068-1547188
contig_6025	1591855	1592074	intergenic	.	contig_6025:1591855-1592074
contig_6038	625140	625291	gene,mRNA	.	contig_6038:625140-625291,contig_6038:625140-625291
contig_6038	625431	625470	gene,mRNA	.	contig_6038:625431-625470,contig_6038:625431-625470
contig_6039	24646	24762	gene,mRNA	.	contig_6039:24646-24762,contig_6039:24646-24762
contig_6048	162893	162954	intergenic	.	contig_6048:162893-162954
contig_6052	150425	150467	intergenic	.	contig_6052:150425-150467
contig_6062	10990	11288	intergenic	.	contig_6062:10990-11288
contig_6062	11432	11591	intergenic	.	contig_6062:11432-11591
contig_6062	64073	64349	intergenic	.	contig_6062:64073-64349
contig_6062	64410	64571	intergenic	.	contig_6062:64410-64571
contig_6062	89064	89222	intergenic	.	contig_6062:89064-89222
contig_6062	89064	89473	gene,polyA_signal_sequence,mRNA,stop_codon,exon,CDS	.	contig_6062:89064-89473,contig_6062:89064-89473,contig_6062:89064-89473,contig_6062:89064-89473,contig_6062:89064-89473,contig_6062:89064-89473
contig_6062	190514	190623	intergenic	.	contig_6062:190514-190623
contig_6062	466243	466388	intergenic	.	contig_6062:466243-466388
contig_6062	466653	466791	intergenic	.	contig_6062:466653-466791
contig_6062	502032	502189	intergenic	.	contig_6062:502032-502189
contig_6062	558555	558677	intergenic	.	contig_6062:558555-558677
contig_6062	676500	676734	intergenic	.	contig_6062:676500-676734
contig_6062	695224	695334	intergenic	.	contig_6062:695224-695334
contig_6062	695431	695516	intergenic	.	contig_6062:695431-695516
contig_6068	146534	147102	gene,mRNA,exon,CDS,stop_codon,polyA_signal_sequence	.	contig_6068:146534-147102,contig_6068:146534-147102,contig_6068:146534-147102,contig_6068:146534-147102,contig_6068:146534-147102,contig_6068:146534-147102
contig_6068	146903	147102	intergenic	.	contig_6068:146903-147102
contig_607	25233	25408	intergenic	.	contig_607:25233-25408
contig_607	124881	125113	intergenic	.	contig_607:124881-125113
contig_6075	58870	58951	gene,mRNA	.	contig_6075:58870-58951,contig_6075:58870-58951
contig_6075	356782	356977	intergenic	.	contig_6075:356782-356977
contig_6075	418156	418489	gene,polyA_signal_sequence	.	contig_6075:418156-418489,contig_6075:418156-418489
contig_6075	418442	418489	intergenic	.	contig_6075:418442-418489
contig_6075	743123	743189	intergenic	.	contig_6075:743123-743189
contig_6090	678200	678333	gene,mRNA	.	contig_6090:678200-678333,contig_6090:678200-678333
contig_6090	678392	678643	gene,mRNA	.	contig_6090:678392-678643,contig_6090:678392-678643
contig_6090	971512	971593	intergenic	.	contig_6090:971512-971593
contig_6090	1012689	1012832	intergenic	.	contig_6090:1012689-1012832
contig_6090	1013769	1014181	intergenic	.	contig_6090:1013769-1014181
contig_6090	1059854	1060216	intergenic	.	contig_6090:1059854-1060216
contig_6090	1085057	1085269	intergenic	.	contig_6090:1085057-1085269
contig_6090	1395248	1395422	gene,mRNA	.	contig_6090:1395248-1395422,contig_6090:1395248-1395422
contig_6091	69481	69823	intergenic	.	contig_6091:69481-69823
contig_6091	407293	407446	gene,mRNA	.	contig_6091:407293-407446,contig_6091:407293-407446
contig_610	43038	43294	intergenic	.	contig_610:43038-43294
contig_6103	209743	209994	intergenic	.	contig_6103:209743-209994
contig_6103	289380	289625	intergenic	.	contig_6103:289380-289625
contig_6103	295527	295872	intergenic	.	contig_6103:295527-295872
contig_6108	34983	35456	intergenic	.	contig_6108:34983-35456
contig_6108	178606	178918	intergenic	.	contig_6108:178606-178918
contig_6117	135155	135348	intergenic	.	contig_6117:135155-135348
contig_612	366911	367157	intergenic	.	contig_612:366911-367157
contig_612	545140	545286	intergenic	.	contig_612:545140-545286
contig_612	918794	918941	gene,mRNA	.	contig_612:918794-918941,contig_612:918794-918941
contig_6123	60567	60623	gene,mRNA	.	contig_6123:60567-60623,contig_6123:60567-60623
contig_6123	61188	61232	gene,mRNA	.	contig_6123:61188-61232,contig_6123:61188-61232
contig_6123	61464	61617	gene,mRNA	.	contig_6123:61464-61617,contig_6123:61464-61617
contig_6128	452977	453047	intergenic	.	contig_6128:452977-453047
contig_6128	453488	453740	intergenic	.	contig_6128:453488-453740
contig_6142	123093	123311	intergenic	.	contig_6142:123093-123311
contig_6142	486048	486190	intergenic	.	contig_6142:486048-486190
contig_6142	1104363	1104544	intergenic	.	contig_6142:1104363-1104544
contig_6145	55480	55633	intergenic	.	contig_6145:55480-55633
contig_6145	55714	55872	intergenic	.	contig_6145:55714-55872
contig_6145	185065	185163	intergenic	.	contig_6145:185065-185163
contig_6145	387248	387449	intergenic	.	contig_6145:387248-387449
contig_6145	851669	852014	gene,mRNA	.	contig_6145:851669-852014,contig_6145:851669-852014
contig_6145	904654	904692	gene,mRNA	.	contig_6145:904654-904692,contig_6145:904654-904692
contig_6145	932441	932536	gene,mRNA	.	contig_6145:932441-932536,contig_6145:932441-932536
contig_6145	1356006	1356062	gene,mRNA	.	contig_6145:1356006-1356062,contig_6145:1356006-1356062
contig_6145	1668356	1668585	intergenic	.	contig_6145:1668356-1668585
contig_616	639967	640038	intergenic	.	contig_616:639967-640038
contig_616	656260	656356	intergenic	.	contig_616:656260-656356
contig_616	788451	788517	gene,mRNA	.	contig_616:788451-788517,contig_616:788451-788517
contig_616	867554	867584	intergenic	.	contig_616:867554-867584
contig_6162	1274520	1274641	intergenic	.	contig_6162:1274520-1274641
contig_6162	1447984	1448290	gene,mRNA	.	contig_6162:1447984-1448290,contig_6162:1447984-1448290
contig_6162	2026158	2026208	intergenic	.	contig_6162:2026158-2026208
contig_618	127613	127750	intergenic	.	contig_618:127613-127750
contig_623	7840	7898	intergenic	.	contig_623:7840-7898
contig_623	758658	758814	intergenic	.	contig_623:758658-758814
contig_624	160743	161021	intergenic	.	contig_624:160743-161021
contig_624	437797	438076	intergenic	.	contig_624:437797-438076
contig_624	684914	685204	gene,mRNA	.	contig_624:684914-685204,contig_624:684914-685204
contig_624	1030942	1031144	gene,mRNA	.	contig_624:1030942-1031144,contig_624:1030942-1031144
contig_624	1108950	1109110	gene,mRNA	.	contig_624:1108950-1109110,contig_624:1108950-1109110
contig_624	1175192	1175735	exon,CDS,gene,mRNA	.	contig_624:1175192-1175735,contig_624:1175192-1175735,contig_624:1175192-1175735,contig_624:1175192-1175735
contig_624	1297895	1298423	intergenic	.	contig_624:1297895-1298423
contig_6240	8562	8766	intergenic	.	contig_6240:8562-8766
contig_6241	4701	4808	intergenic	.	contig_6241:4701-4808
contig_6258	20175	20225	intergenic	.	contig_6258:20175-20225
contig_6258	20652	20859	intergenic	.	contig_6258:20652-20859
contig_6258	131165	131224	intergenic	.	contig_6258:131165-131224
contig_6258	161880	162009	intergenic	.	contig_6258:161880-162009
contig_6258	248553	248720	intergenic	.	contig_6258:248553-248720
contig_6258	268286	268353	intergenic	.	contig_6258:268286-268353
contig_6258	381760	382008	intergenic	.	contig_6258:381760-382008
contig_6258	382297	382466	intergenic	.	contig_6258:382297-382466
contig_6258	405110	405445	intergenic	.	contig_6258:405110-405445
contig_6258	564471	564774	intergenic	.	contig_6258:564471-564774
contig_6258	657691	657746	intergenic	.	contig_6258:657691-657746
contig_6258	769879	769979	intergenic	.	contig_6258:769879-769979
contig_6258	770048	770343	intergenic	.	contig_6258:770048-770343
contig_6258	871694	871854	intergenic	.	contig_6258:871694-871854
contig_6258	970997	971065	intergenic	.	contig_6258:970997-971065
contig_6258	1049183	1049499	intergenic	.	contig_6258:1049183-1049499
contig_6258	1249675	1249916	intergenic	.	contig_6258:1249675-1249916
contig_6258	1458078	1458254	intergenic	.	contig_6258:1458078-1458254
contig_6258	1551990	1552067	gene,mRNA	.	contig_6258:1551990-1552067,contig_6258:1551990-1552067
contig_6258	1613546	1613640	gene,mRNA	.	contig_6258:1613546-1613640,contig_6258:1613546-1613640
contig_6258	1749455	1749558	intergenic	.	contig_6258:1749455-1749558
contig_6258	1764356	1764733	gene,mRNA	.	contig_6258:1764356-1764733,contig_6258:1764356-1764733
contig_6258	2440510	2440585	gene,mRNA	.	contig_6258:2440510-2440585,contig_6258:2440510-2440585
contig_6258	2698162	2698367	intergenic	.	contig_6258:2698162-2698367
contig_6258	2822197	2822330	intergenic	.	contig_6258:2822197-2822330
contig_6258	2998213	2998334	intergenic	.	contig_6258:2998213-2998334
contig_6258	3105208	3105351	intergenic	.	contig_6258:3105208-3105351
contig_6258	3221362	3221544	intergenic	.	contig_6258:3221362-3221544
contig_6258	3405449	3405786	intergenic	.	contig_6258:3405449-3405786
contig_6258	3524867	3524922	intergenic	.	contig_6258:3524867-3524922
contig_6258	3657475	3657616	intergenic	.	contig_6258:3657475-3657616
contig_6258	3798126	3798326	gene,mRNA	.	contig_6258:3798126-3798326,contig_6258:3798126-3798326
contig_6258	3809505	3809752	gene,mRNA	.	contig_6258:3809505-3809752,contig_6258:3809505-3809752
contig_626	301129	301289	intergenic	.	contig_626:301129-301289
contig_626	355523	355602	intergenic	.	contig_626:355523-355602
contig_626	467902	468070	gene,mRNA	.	contig_626:467902-468070,contig_626:467902-468070
contig_626	483813	484135	gene,mRNA	.	contig_626:483813-484135,contig_626:483813-484135
contig_626	484211	484269	gene,mRNA	.	contig_626:484211-484269,contig_626:484211-484269
contig_6262	19779	19977	intergenic	.	contig_6262:19779-19977
contig_6275	260270	260732	intergenic	.	contig_6275:260270-260732
contig_6275	306547	306699	intergenic	.	contig_6275:306547-306699
contig_6275	306793	306829	intergenic	.	contig_6275:306793-306829
contig_6275	405637	405830	intergenic	.	contig_6275:405637-405830
contig_6275	480137	480306	intergenic	.	contig_6275:480137-480306
contig_6275	480691	480747	intergenic	.	contig_6275:480691-480747
contig_6275	964672	964744	intergenic	.	contig_6275:964672-964744
contig_6275	964893	965040	intergenic	.	contig_6275:964893-965040
contig_6275	979577	979672	intergenic	.	contig_6275:979577-979672
contig_6275	1023906	1024183	gene,mRNA	.	contig_6275:1023906-1024183,contig_6275:1023906-1024183
contig_6275	1232567	1232703	intergenic	.	contig_6275:1232567-1232703
contig_6275	1665941	1666007	intergenic	.	contig_6275:1665941-1666007
contig_6277	69975	70039	intergenic	.	contig_6277:69975-70039
contig_6277	556615	556869	intergenic	.	contig_6277:556615-556869
contig_6285	347120	347289	intergenic	.	contig_6285:347120-347289
contig_629	1228475	1228753	gene,mRNA	.	contig_629:1228475-1228753,contig_629:1228475-1228753
contig_629	1473401	1473512	intergenic	.	contig_629:1473401-1473512
contig_629	1670136	1670177	gene,mRNA	.	contig_629:1670136-1670177,contig_629:1670136-1670177
contig_6304	7632	8114	gene,mRNA	.	contig_6304:7632-8114,contig_6304:7632-8114
contig_6304	434777	434888	intergenic	.	contig_6304:434777-434888
contig_6304	521981	522184	intergenic	.	contig_6304:521981-522184
contig_6304	593499	593681	intergenic	.	contig_6304:593499-593681
contig_6304	737296	737346	intergenic	.	contig_6304:737296-737346
contig_6304	865376	865601	gene,mRNA	.	contig_6304:865376-865601,contig_6304:865376-865601
contig_6304	1061944	1062156	intergenic	.	contig_6304:1061944-1062156
contig_6304	1345024	1345068	gene,mRNA	.	contig_6304:1345024-1345068,contig_6304:1345024-1345068
contig_6304	1496083	1496334	intergenic	.	contig_6304:1496083-1496334
contig_6304	1552795	1552992	intergenic	.	contig_6304:1552795-1552992
contig_6304	1652060	1652123	intergenic	.	contig_6304:1652060-1652123
contig_6304	1669647	1670005	gene,mRNA	.	contig_6304:1669647-1670005,contig_6304:1669647-1670005
contig_6304	1854031	1854144	intergenic	.	contig_6304:1854031-1854144
contig_6304	1854412	1854540	intergenic	.	contig_6304:1854412-1854540
contig_6304	1881422	1881515	intergenic	.	contig_6304:1881422-1881515
contig_6304	1882808	1882924	intergenic	.	contig_6304:1882808-1882924
contig_6304	1908436	1908745	intergenic	.	contig_6304:1908436-1908745
contig_6304	1953113	1953166	intergenic	.	contig_6304:1953113-1953166
contig_6304	1953848	1954067	intergenic	.	contig_6304:1953848-1954067
contig_6304	2018029	2018331	intergenic	.	contig_6304:2018029-2018331
contig_631	149787	149844	intergenic	.	contig_631:149787-149844
contig_631	426671	427201	intergenic	.	contig_631:426671-427201
contig_6311	140081	140144	intergenic	.	contig_6311:140081-140144
contig_6313	84678	84773	intergenic	.	contig_6313:84678-84773
contig_6313	84678	84823	gene,polyA_signal_sequence	.	contig_6313:84678-84823,contig_6313:84678-84823
contig_6316	573119	573166	intergenic	.	contig_6316:573119-573166
contig_6316	594386	594745	gene,mRNA	.	contig_6316:594386-594745,contig_6316:594386-594745
contig_632	328450	328528	gene,mRNA	.	contig_632:328450-328528,contig_632:328450-328528
contig_632	1031059	1031350	intergenic	.	contig_632:1031059-1031350
contig_632	1049740	1049842	intergenic	.	contig_632:1049740-1049842
contig_632	1197243	1197631	intergenic	.	contig_632:1197243-1197631
contig_632	1305474	1305621	intergenic	.	contig_632:1305474-1305621
contig_632	1381308	1381389	intergenic	.	contig_632:1381308-1381389
contig_632	1696057	1696196	intergenic	.	contig_632:1696057-1696196
contig_632	1777671	1777847	intergenic	.	contig_632:1777671-1777847
contig_632	1777961	1778056	intergenic	.	contig_632:1777961-1778056
contig_632	1870570	1870907	intergenic	.	contig_632:1870570-1870907
contig_633	91402	91639	intergenic	.	contig_633:91402-91639
contig_633	234681	234806	intergenic	.	contig_633:234681-234806
contig_633	234990	235095	intergenic	.	contig_633:234990-235095
contig_633	630758	631198	intergenic	.	contig_633:630758-631198
contig_633	846904	847063	intergenic	.	contig_633:846904-847063
contig_633	1379229	1379301	gene,mRNA	.	contig_633:1379229-1379301,contig_633:1379229-1379301
contig_6350	3339	3397	gene,mRNA,exon,CDS	.	contig_6350:3339-3397,contig_6350:3339-3397,contig_6350:3339-3397,contig_6350:3339-3397
contig_6350	7097	7155	intergenic	.	contig_6350:7097-7155
contig_6352	1206659	1206877	gene,mRNA,exon,CDS,stop_codon,polyA_signal_sequence	.	contig_6352:1206659-1206877,contig_6352:1206659-1206877,contig_6352:1206659-1206877,contig_6352:1206659-1206877,contig_6352:1206659-1206877,contig_6352:1206659-1206877
contig_6352	1206829	1206877	intergenic	.	contig_6352:1206829-1206877
contig_6360	29645	30164	intergenic	.	contig_6360:29645-30164
contig_6360	363654	363804	intergenic	.	contig_6360:363654-363804
contig_6399	427158	427420	intergenic	.	contig_6399:427158-427420
contig_6399	546080	546201	intergenic	.	contig_6399:546080-546201
contig_6399	546303	546457	intergenic	.	contig_6399:546303-546457
contig_6399	708298	708453	intergenic	.	contig_6399:708298-708453
contig_6407	26603	26833	intergenic	.	contig_6407:26603-26833
contig_6410	8811	8875	intergenic	.	contig_6410:8811-8875
contig_6414	5614	5727	intergenic	.	contig_6414:5614-5727
contig_6417	66613	66852	intergenic	.	contig_6417:66613-66852
contig_6417	623732	624081	intergenic	.	contig_6417:623732-624081
contig_6417	744870	744911	intergenic	.	contig_6417:744870-744911
contig_6417	832763	832893	intergenic	.	contig_6417:832763-832893
contig_6417	907793	907974	gene,mRNA	.	contig_6417:907793-907974,contig_6417:907793-907974
contig_6417	1048497	1048599	intergenic	.	contig_6417:1048497-1048599
contig_6417	1167502	1167651	intergenic	.	contig_6417:1167502-1167651
contig_6419	3047	3092	intergenic	.	contig_6419:3047-3092
contig_6446	105511	105585	intergenic	.	contig_6446:105511-105585
contig_6446	435209	435409	intergenic	.	contig_6446:435209-435409
contig_6446	445958	446115	intergenic	.	contig_6446:445958-446115
contig_6446	542664	542854	gene,mRNA	.	contig_6446:542664-542854,contig_6446:542664-542854
contig_6446	596525	596637	gene,mRNA	.	contig_6446:596525-596637,contig_6446:596525-596637
contig_6446	596694	597095	gene,mRNA	.	contig_6446:596694-597095,contig_6446:596694-597095
contig_6446	829615	829770	intergenic	.	contig_6446:829615-829770
contig_6446	830370	830638	intergenic	.	contig_6446:830370-830638
contig_6446	992002	992190	intergenic	.	contig_6446:992002-992190
contig_6446	1135159	1135390	gene,mRNA	.	contig_6446:1135159-1135390,contig_6446:1135159-1135390
contig_6446	1238102	1238287	intergenic	.	contig_6446:1238102-1238287
contig_6446	1306677	1306761	intergenic	.	contig_6446:1306677-1306761
contig_6446	1364539	1364880	intergenic	.	contig_6446:1364539-1364880
contig_6446	1507098	1507139	intergenic	.	contig_6446:1507098-1507139
contig_6446	1507321	1507593	intergenic	.	contig_6446:1507321-1507593
contig_6446	1514725	1514927	intergenic	.	contig_6446:1514725-1514927
contig_6446	1560220	1560295	intergenic	.	contig_6446:1560220-1560295
contig_6446	1888955	1889321	intergenic	.	contig_6446:1888955-1889321
contig_6446	1970969	1971247	intergenic	.	contig_6446:1970969-1971247
contig_6446	2052115	2052289	gene,mRNA	.	contig_6446:2052115-2052289,contig_6446:2052115-2052289
contig_6446	2144371	2144494	intergenic	.	contig_6446:2144371-2144494
contig_6446	2258129	2258230	intergenic	.	contig_6446:2258129-2258230
contig_6446	2284102	2284310	intergenic	.	contig_6446:2284102-2284310
contig_6446	2321745	2321905	intergenic	.	contig_6446:2321745-2321905
contig_6446	2492899	2492970	gene,mRNA	.	contig_6446:2492899-2492970,contig_6446:2492899-2492970
contig_6446	2626562	2626820	intergenic	.	contig_6446:2626562-2626820
contig_6446	2630236	2630346	intergenic	.	contig_6446:2630236-2630346
contig_6446	3046425	3046566	intergenic	.	contig_6446:3046425-3046566
contig_6446	3152478	3152525	intergenic	.	contig_6446:3152478-3152525
contig_6446	3277546	3277619	intergenic	.	contig_6446:3277546-3277619
contig_6446	3435474	3435781	gene,mRNA	.	contig_6446:3435474-3435781,contig_6446:3435474-3435781
contig_6447	127457	127589	intergenic	.	contig_6447:127457-127589
contig_6469	89003	89060	intergenic	.	contig_6469:89003-89060
contig_6476	76026	76264	intergenic	.	contig_6476:76026-76264
contig_6476	315017	315201	intergenic	.	contig_6476:315017-315201
contig_6476	359310	359342	intergenic	.	contig_6476:359310-359342
contig_6476	586099	586221	intergenic	.	contig_6476:586099-586221
contig_6476	783243	783448	intergenic	.	contig_6476:783243-783448
contig_6476	909973	910089	gene,mRNA	.	contig_6476:909973-910089,contig_6476:909973-910089
contig_6496	22862	23097	intergenic	.	contig_6496:22862-23097
contig_6496	205924	206087	intergenic	.	contig_6496:205924-206087
contig_6496	257507	257646	intergenic	.	contig_6496:257507-257646
contig_650	182666	183015	intergenic	.	contig_650:182666-183015
contig_650	320893	320959	intergenic	.	contig_650:320893-320959
contig_650	342790	342990	intergenic	.	contig_650:342790-342990
contig_650	674711	674817	gene,mRNA	.	contig_650:674711-674817,contig_650:674711-674817
contig_650	708176	708419	intergenic	.	contig_650:708176-708419
contig_650	757518	757709	intergenic	.	contig_650:757518-757709
contig_650	780102	780309	intergenic	.	contig_650:780102-780309
contig_650	973437	973631	intergenic	.	contig_650:973437-973631
contig_650	1361283	1361500	intergenic	.	contig_650:1361283-1361500
contig_650	1676379	1676597	intergenic	.	contig_650:1676379-1676597
contig_650	1948004	1948107	intergenic	.	contig_650:1948004-1948107
contig_651	227398	227776	intergenic	.	contig_651:227398-227776
contig_651	319436	319888	intergenic	.	contig_651:319436-319888
contig_651	703523	703590	intergenic	.	contig_651:703523-703590
contig_651	1188915	1189110	intergenic	.	contig_651:1188915-1189110
contig_652	88622	88914	gene,mRNA	.	contig_652:88622-88914,contig_652:88622-88914
contig_652	242111	242381	intergenic	.	contig_652:242111-242381
contig_652	510112	510214	intergenic	.	contig_652:510112-510214
contig_652	912054	912166	intergenic	.	contig_652:912054-912166
contig_652	982548	982795	gene,mRNA	.	contig_652:982548-982795,contig_652:982548-982795
contig_652	986053	986242	gene,mRNA	.	contig_652:986053-986242,contig_652:986053-986242
contig_652	1225972	1226136	gene,mRNA	.	contig_652:1225972-1226136,contig_652:1225972-1226136
contig_652	1798558	1798696	gene,mRNA	.	contig_652:1798558-1798696,contig_652:1798558-1798696
contig_652	1805089	1805310	exon,CDS,start_codon,gene,mRNA	.	contig_652:1805089-1805310,contig_652:1805089-1805310,contig_652:1805089-1805310,contig_652:1805089-1805310,contig_652:1805089-1805310
contig_652	1805305	1805310	intergenic	.	contig_652:1805305-1805310
contig_652	1805618	1805657	intergenic	.	contig_652:1805618-1805657
contig_652	1911092	1911241	intergenic	.	contig_652:1911092-1911241
contig_652	2051920	2052011	intergenic	.	contig_652:2051920-2052011
contig_652	2237434	2237558	intergenic	.	contig_652:2237434-2237558
contig_6524	72574	72671	intergenic	.	contig_6524:72574-72671
contig_6524	224256	224554	intergenic	.	contig_6524:224256-224554
contig_6524	280958	281081	intergenic	.	contig_6524:280958-281081
contig_6524	281170	281303	intergenic	.	contig_6524:281170-281303
contig_657	642384	642484	gene,mRNA	.	contig_657:642384-642484,contig_657:642384-642484
contig_657	847371	847526	gene	.	contig_657:847371-847526
contig_657	847862	847923	intergenic	.	contig_657:847862-847923
contig_657	910590	910767	gene,mRNA	.	contig_657:910590-910767,contig_657:910590-910767
contig_657	910906	911226	gene,mRNA	.	contig_657:910906-911226,contig_657:910906-911226
contig_657	980117	980208	gene,mRNA	.	contig_657:980117-980208,contig_657:980117-980208
contig_657	1102918	1103311	intergenic	.	contig_657:1102918-1103311
contig_657	1439221	1439403	intergenic	.	contig_657:1439221-1439403
contig_657	1474956	1475163	intergenic	.	contig_657:1474956-1475163
contig_657	1649720	1649822	intergenic	.	contig_657:1649720-1649822
contig_657	1650245	1650561	intergenic	.	contig_657:1650245-1650561
contig_657	2170409	2170571	intergenic	.	contig_657:2170409-2170571
contig_657	2170696	2170878	intergenic	.	contig_657:2170696-2170878
contig_657	2451598	2451958	gene,mRNA	.	contig_657:2451598-2451958,contig_657:2451598-2451958
contig_659	113869	114057	intergenic	.	contig_659:113869-114057
contig_6595	115386	115525	intergenic	.	contig_6595:115386-115525
contig_6596	58919	59174	gene,mRNA	.	contig_6596:58919-59174,contig_6596:58919-59174
contig_6596	93605	93741	intergenic	.	contig_6596:93605-93741
contig_6596	316169	316294	intergenic	.	contig_6596:316169-316294
contig_6596	347462	347583	intergenic	.	contig_6596:347462-347583
contig_6596	430431	430767	intergenic	.	contig_6596:430431-430767
contig_6596	430431	430969	start_codon,exon,CDS,gene,mRNA	.	contig_6596:430431-430969,contig_6596:430431-430969,contig_6596:430431-430969,contig_6596:430431-430969,contig_6596:430431-430969
contig_6596	585061	585249	gene,mRNA	.	contig_6596:585061-585249,contig_6596:585061-585249
contig_6596	1146497	1146632	intergenic	.	contig_6596:1146497-1146632
contig_6596	1173504	1173683	intergenic	.	contig_6596:1173504-1173683
contig_6596	1179422	1179539	intergenic	.	contig_6596:1179422-1179539
contig_660	410149	410279	gene,mRNA	.	contig_660:410149-410279,contig_660:410149-410279
contig_660	439045	439242	gene,mRNA	.	contig_660:439045-439242,contig_660:439045-439242
contig_6600	16034	16212	intergenic	.	contig_6600:16034-16212
contig_6600	288132	288456	intergenic	.	contig_6600:288132-288456
contig_6600	356542	356696	intergenic	.	contig_6600:356542-356696
contig_6600	543131	543370	gene,mRNA	.	contig_6600:543131-543370,contig_6600:543131-543370
contig_6600	610420	610607	intergenic	.	contig_6600:610420-610607
contig_6600	728247	728538	intergenic	.	contig_6600:728247-728538
contig_6600	728247	728724	gene,mRNA,start_codon,exon,CDS,stop_codon	.	contig_6600:728247-728724,contig_6600:728247-728724,contig_6600:728247-728724,contig_6600:728247-728724,contig_6600:728247-728724,contig_6600:728247-728724
contig_6600	806844	807070	intergenic	.	contig_6600:806844-807070
contig_6600	811672	811810	intergenic	.	contig_6600:811672-811810
contig_6600	937985	938125	intergenic	.	contig_6600:937985-938125
contig_6600	1086467	1086690	gene,mRNA	.	contig_6600:1086467-1086690,contig_6600:1086467-1086690
contig_6600	1094054	1094327	intergenic	.	contig_6600:1094054-1094327
contig_6600	1118094	1118608	intergenic	.	contig_6600:1118094-1118608
contig_6600	1130879	1131074	intergenic	.	contig_6600:1130879-1131074
contig_6600	1179985	1180251	intergenic	.	contig_6600:1179985-1180251
contig_6600	1213979	1214349	intergenic	.	contig_6600:1213979-1214349
contig_6600	1226842	1226941	intergenic	.	contig_6600:1226842-1226941
contig_6600	1352369	1352435	intergenic	.	contig_6600:1352369-1352435
contig_6600	1548157	1548581	intergenic	.	contig_6600:1548157-1548581
contig_6600	1578236	1578392	intergenic	.	contig_6600:1578236-1578392
contig_6600	1672973	1673016	exon,CDS,gene,mRNA	.	contig_6600:1672973-1673016,contig_6600:1672973-1673016,contig_6600:1672973-1673016,contig_6600:1672973-1673016
contig_6600	1739544	1739604	gene,mRNA	.	contig_6600:1739544-1739604,contig_6600:1739544-1739604
contig_6600	1740198	1740292	gene,mRNA	.	contig_6600:1740198-1740292,contig_6600:1740198-1740292
contig_6600	1787630	1787730	gene,mRNA	.	contig_6600:1787630-1787730,contig_6600:1787630-1787730
contig_6600	1787931	1787988	gene,mRNA	.	contig_6600:1787931-1787988,contig_6600:1787931-1787988
contig_6600	2402313	2402412	intergenic	.	contig_6600:2402313-2402412
contig_6600	2467411	2467615	intergenic	.	contig_6600:2467411-2467615
contig_6600	2576612	2576748	intergenic	.	contig_6600:2576612-2576748
contig_6601	56907	57088	intergenic	.	contig_6601:56907-57088
contig_6601	57503	57680	intergenic	.	contig_6601:57503-57680
contig_6601	85929	86206	gene,mRNA	.	contig_6601:85929-86206,contig_6601:85929-86206
contig_6601	237910	238006	intergenic	.	contig_6601:237910-238006
contig_6601	238058	238243	intergenic	.	contig_6601:238058-238243
contig_6601	290886	291148	intergenic	.	contig_6601:290886-291148
contig_6601	592025	592150	gene,mRNA	.	contig_6601:592025-592150,contig_6601:592025-592150
contig_6601	613499	613617	gene,mRNA	.	contig_6601:613499-613617,contig_6601:613499-613617
contig_6601	613771	613944	gene,mRNA	.	contig_6601:613771-613944,contig_6601:613771-613944
contig_6601	812397	812494	intergenic	.	contig_6601:812397-812494
contig_6601	833414	833600	intergenic	.	contig_6601:833414-833600
contig_6601	978673	978836	intergenic	.	contig_6601:978673-978836
contig_6601	1005874	1006000	intergenic	.	contig_6601:1005874-1006000
contig_6601	1075354	1075499	intergenic	.	contig_6601:1075354-1075499
contig_661	85342	85558	intergenic	.	contig_661:85342-85558
contig_661	85881	85926	intergenic	.	contig_661:85881-85926
contig_661	111986	112171	intergenic	.	contig_661:111986-112171
contig_661	385989	386189	intergenic	.	contig_661:385989-386189
contig_661	386262	386300	intergenic	.	contig_661:386262-386300
contig_6651	119807	119917	intergenic	.	contig_6651:119807-119917
contig_6651	212887	213212	intergenic	.	contig_6651:212887-213212
contig_6651	245408	245794	intergenic	.	contig_6651:245408-245794
contig_6651	620857	621240	intergenic	.	contig_6651:620857-621240
contig_6651	638537	638569	intergenic	.	contig_6651:638537-638569
contig_6651	692558	692629	intergenic	.	contig_6651:692558-692629
contig_6651	848870	848953	intergenic	.	contig_6651:848870-848953
contig_6651	1112998	1113320	intergenic	.	contig_6651:1112998-1113320
contig_6651	1508756	1508899	intergenic	.	contig_6651:1508756-1508899
contig_6695	787736	787933	gene,mRNA	.	contig_6695:787736-787933,contig_6695:787736-787933
contig_6695	788143	788288	gene,mRNA	.	contig_6695:788143-788288,contig_6695:788143-788288
contig_6699	180083	180450	intergenic	.	contig_6699:180083-180450
contig_6699	590089	590327	gene,mRNA	.	contig_6699:590089-590327,contig_6699:590089-590327
contig_6699	598791	599216	gene,mRNA,exon,CDS,start_codon	.	contig_6699:598791-599216,contig_6699:598791-599216,contig_6699:598791-599216,contig_6699:598791-599216,contig_6699:598791-599216
contig_6699	598927	599216	intergenic	.	contig_6699:598927-599216
contig_6699	814231	814646	intergenic	.	contig_6699:814231-814646
contig_6699	902171	902364	intergenic	.	contig_6699:902171-902364
contig_6699	907063	907148	intergenic	.	contig_6699:907063-907148
contig_6699	980257	980559	gene,mRNA	.	contig_6699:980257-980559,contig_6699:980257-980559
contig_6709	299482	299769	intergenic	.	contig_6709:299482-299769
contig_6709	966933	967245	gene,mRNA	.	contig_6709:966933-967245,contig_6709:966933-967245
contig_6709	987706	987908	gene,mRNA	.	contig_6709:987706-987908,contig_6709:987706-987908
contig_6740	221958	222118	intergenic	.	contig_6740:221958-222118
contig_6740	518168	518323	intergenic	.	contig_6740:518168-518323
contig_6740	544332	544426	intergenic	.	contig_6740:544332-544426
contig_6740	544930	545059	intergenic	.	contig_6740:544930-545059
contig_6740	691196	691312	intergenic	.	contig_6740:691196-691312
contig_6740	692158	692266	intergenic	.	contig_6740:692158-692266
contig_6740	891164	891426	gene,mRNA,exon,CDS,stop_codon,polyA_signal_sequence	.	contig_6740:891164-891426,contig_6740:891164-891426,contig_6740:891164-891426,contig_6740:891164-891426,contig_6740:891164-891426,contig_6740:891164-891426
contig_6740	891369	891426	intergenic	.	contig_6740:891369-891426
contig_6740	920373	920675	intergenic	.	contig_6740:920373-920675
contig_6740	1204508	1204650	intergenic	.	contig_6740:1204508-1204650
contig_6740	1204771	1204965	intergenic	.	contig_6740:1204771-1204965
contig_6740	1227027	1227349	intergenic	.	contig_6740:1227027-1227349
contig_6740	1341868	1342560	intergenic	.	contig_6740:1341868-1342560
contig_6740	1435078	1435282	intergenic	.	contig_6740:1435078-1435282
contig_6740	1708987	1709145	intergenic	.	contig_6740:1708987-1709145
contig_6740	1709370	1709415	intergenic	.	contig_6740:1709370-1709415
contig_6742	59962	60025	gene,mRNA	.	contig_6742:59962-60025,contig_6742:59962-60025
contig_6743	102536	102639	intergenic	.	contig_6743:102536-102639
contig_675	977093	977149	intergenic	.	contig_675:977093-977149
contig_675	978866	978936	intergenic	.	contig_675:978866-978936
contig_675	1040690	1040747	intergenic	.	contig_675:1040690-1040747
contig_675	1040844	1040910	intergenic	.	contig_675:1040844-1040910
contig_675	1041064	1041119	intergenic	.	contig_675:1041064-1041119
contig_675	1514876	1514935	gene,mRNA	.	contig_675:1514876-1514935,contig_675:1514876-1514935
contig_6771	303227	303419	intergenic	.	contig_6771:303227-303419
contig_6771	351726	351804	intergenic	.	contig_6771:351726-351804
contig_6771	462848	463041	intergenic	.	contig_6771:462848-463041
contig_6771	537193	537453	intergenic	.	contig_6771:537193-537453
contig_6771	537662	537981	polyA_signal_sequence,stop_codon,exon,CDS,gene,mRNA	.	contig_6771:537662-537981,contig_6771:537662-537981,contig_6771:537662-537981,contig_6771:537662-537981,contig_6771:537662-537981,contig_6771:537662-537981
contig_6771	625389	625556	intergenic	.	contig_6771:625389-625556
contig_6787	8045	8117	intergenic	.	contig_6787:8045-8117
contig_6799	42941	43395	intergenic	.	contig_6799:42941-43395
contig_6821	4221	4320	intergenic	.	contig_6821:4221-4320
contig_6847	91957	92028	intergenic	.	contig_6847:91957-92028
contig_6847	104468	105008	intergenic	.	contig_6847:104468-105008
contig_6847	309287	309679	intergenic	.	contig_6847:309287-309679
contig_6847	588563	588629	intergenic	.	contig_6847:588563-588629
contig_6847	674696	674865	intergenic	.	contig_6847:674696-674865
contig_6847	1682807	1682912	gene,mRNA	.	contig_6847:1682807-1682912,contig_6847:1682807-1682912
contig_6847	1692949	1693215	gene,mRNA	.	contig_6847:1692949-1693215,contig_6847:1692949-1693215
contig_6847	2232207	2232341	intergenic	.	contig_6847:2232207-2232341
contig_6847	3570730	3570796	intergenic	.	contig_6847:3570730-3570796
contig_6847	3587049	3587202	intergenic	.	contig_6847:3587049-3587202
contig_6847	3838875	3838932	intergenic	.	contig_6847:3838875-3838932
contig_6847	4166346	4166768	intergenic	.	contig_6847:4166346-4166768
contig_6847	4610241	4610374	intergenic	.	contig_6847:4610241-4610374
contig_6847	4614810	4614957	intergenic	.	contig_6847:4614810-4614957
contig_686	167483	167685	intergenic	.	contig_686:167483-167685
contig_686	862589	862792	intergenic	.	contig_686:862589-862792
contig_686	1273925	1273968	gene,mRNA	.	contig_686:1273925-1273968,contig_686:1273925-1273968
contig_6862	259803	259858	intergenic	.	contig_6862:259803-259858
contig_6876	6416	6476	gene,mRNA,exon,CDS	.	contig_6876:6416-6476,contig_6876:6416-6476,contig_6876:6416-6476,contig_6876:6416-6476
contig_6877	259836	259928	gene,mRNA	.	contig_6877:259836-259928,contig_6877:259836-259928
contig_6877	523972	524311	intergenic	.	contig_6877:523972-524311
contig_688	492074	492135	intergenic	.	contig_688:492074-492135
contig_688	510503	510752	intergenic	.	contig_688:510503-510752
contig_688	510838	511061	intergenic	.	contig_688:510838-511061
contig_688	552368	552409	intergenic	.	contig_688:552368-552409
contig_688	636680	636769	gene,mRNA	.	contig_688:636680-636769,contig_688:636680-636769
contig_6881	38033	38348	intergenic	.	contig_6881:38033-38348
contig_6881	38716	38942	intergenic	.	contig_6881:38716-38942
contig_6881	306117	306165	gene,mRNA	.	contig_6881:306117-306165,contig_6881:306117-306165
contig_6881	359623	359730	gene,mRNA	.	contig_6881:359623-359730,contig_6881:359623-359730
contig_6881	420787	420962	gene,mRNA	.	contig_6881:420787-420962,contig_6881:420787-420962
contig_6881	433840	433935	gene,mRNA	.	contig_6881:433840-433935,contig_6881:433840-433935
contig_6881	781693	781803	intergenic	.	contig_6881:781693-781803
contig_6881	782036	782212	intergenic	.	contig_6881:782036-782212
contig_6881	1074572	1074676	gene,mRNA	.	contig_6881:1074572-1074676,contig_6881:1074572-1074676
contig_6881	1075021	1075169	gene,mRNA	.	contig_6881:1075021-1075169,contig_6881:1075021-1075169
contig_6881	1088076	1088151	gene,mRNA	.	contig_6881:1088076-1088151,contig_6881:1088076-1088151
contig_6881	1088519	1088580	gene,mRNA	.	contig_6881:1088519-1088580,contig_6881:1088519-1088580
contig_6881	1101078	1101409	intergenic	.	contig_6881:1101078-1101409
contig_6881	1160966	1161295	intergenic	.	contig_6881:1160966-1161295
contig_6881	1222798	1222942	intergenic	.	contig_6881:1222798-1222942
contig_6882	154472	154524	gene,mRNA	.	contig_6882:154472-154524,contig_6882:154472-154524
contig_691	78453	78649	intergenic	.	contig_691:78453-78649
contig_691	528244	528347	intergenic	.	contig_691:528244-528347
contig_691	642806	642882	intergenic	.	contig_691:642806-642882
contig_691	643322	643547	intergenic	.	contig_691:643322-643547
contig_691	650603	650857	intergenic	.	contig_691:650603-650857
contig_691	879597	879655	intergenic	.	contig_691:879597-879655
contig_691	879729	880034	intergenic	.	contig_691:879729-880034
contig_691	1076744	1076867	gene,mRNA	.	contig_691:1076744-1076867,contig_691:1076744-1076867
contig_691	1122461	1122492	gene,mRNA	.	contig_691:1122461-1122492,contig_691:1122461-1122492
contig_691	1360913	1361003	intergenic	.	contig_691:1360913-1361003
contig_691	1372450	1372669	intergenic	.	contig_691:1372450-1372669
contig_691	1450164	1450367	intergenic	.	contig_691:1450164-1450367
contig_691	1940902	1940990	gene,mRNA	.	contig_691:1940902-1940990,contig_691:1940902-1940990
contig_691	2137131	2137287	intergenic	.	contig_691:2137131-2137287
contig_691	2217753	2217890	polyA_signal_sequence,gene	.	contig_691:2217753-2217890,contig_691:2217753-2217890
contig_691	2217755	2217890	intergenic	.	contig_691:2217755-2217890
contig_691	2515775	2515946	intergenic	.	contig_691:2515775-2515946
contig_691	2541776	2541850	intergenic	.	contig_691:2541776-2541850
contig_691	2693308	2693577	gene,mRNA	.	contig_691:2693308-2693577,contig_691:2693308-2693577
contig_691	2808107	2808177	exon,CDS,gene,mRNA	.	contig_691:2808107-2808177,contig_691:2808107-2808177,contig_691:2808107-2808177,contig_691:2808107-2808177
contig_691	2808238	2808440	exon,CDS,gene,mRNA	.	contig_691:2808238-2808440,contig_691:2808238-2808440,contig_691:2808238-2808440,contig_691:2808238-2808440
contig_691	3154416	3154522	intergenic	.	contig_691:3154416-3154522
contig_691	3237310	3237445	gene,mRNA	.	contig_691:3237310-3237445,contig_691:3237310-3237445
contig_691	3264333	3264505	gene,mRNA	.	contig_691:3264333-3264505,contig_691:3264333-3264505
contig_691	3371205	3371462	gene,mRNA	.	contig_691:3371205-3371462,contig_691:3371205-3371462
contig_691	3429498	3429723	gene,mRNA	.	contig_691:3429498-3429723,contig_691:3429498-3429723
contig_691	3506721	3506903	intergenic	.	contig_691:3506721-3506903
contig_692	72868	73006	intergenic	.	contig_692:72868-73006
contig_693	124113	124267	gene,mRNA	.	contig_693:124113-124267,contig_693:124113-124267
contig_693	579024	579299	intergenic	.	contig_693:579024-579299
contig_693	987990	988327	intergenic	.	contig_693:987990-988327
contig_693	991605	991728	intergenic	.	contig_693:991605-991728
contig_6930	233286	233545	gene,mRNA	.	contig_6930:233286-233545,contig_6930:233286-233545
contig_6930	233834	233936	gene,mRNA	.	contig_6930:233834-233936,contig_6930:233834-233936
contig_6944	4589	4627	intergenic	.	contig_6944:4589-4627
contig_695	525379	525515	gene,mRNA	.	contig_695:525379-525515,contig_695:525379-525515
contig_695	783055	783115	gene,mRNA	.	contig_695:783055-783115,contig_695:783055-783115
contig_6956	71920	72017	intergenic	.	contig_6956:71920-72017
contig_6966	152	277	intergenic	.	contig_6966:152-277
contig_698	177981	178034	intergenic	.	contig_698:177981-178034
contig_698	315219	315380	intergenic	.	contig_698:315219-315380
contig_698	385504	385566	gene,mRNA	.	contig_698:385504-385566,contig_698:385504-385566
contig_698	566131	566184	intergenic	.	contig_698:566131-566184
contig_698	566241	566509	intergenic	.	contig_698:566241-566509
contig_698	566591	566827	intergenic	.	contig_698:566591-566827
contig_698	648035	648112	intergenic	.	contig_698:648035-648112
contig_698	814381	814476	intergenic	.	contig_698:814381-814476
contig_698	1072307	1072431	intergenic	.	contig_698:1072307-1072431
contig_698	1480852	1481021	intergenic	.	contig_698:1480852-1481021
contig_698	1558637	1558723	intergenic	.	contig_698:1558637-1558723
contig_698	1558969	1559275	intergenic	.	contig_698:1558969-1559275
contig_698	1711539	1711767	intergenic	.	contig_698:1711539-1711767
contig_698	1733581	1733643	intergenic	.	contig_698:1733581-1733643
contig_698	1825504	1825621	intergenic	.	contig_698:1825504-1825621
contig_698	1873318	1873438	intergenic	.	contig_698:1873318-1873438
contig_699	137278	137521	intergenic	.	contig_699:137278-137521
contig_699	137578	137790	intergenic	.	contig_699:137578-137790
contig_699	538355	538459	intergenic	.	contig_699:538355-538459
contig_6990	123506	123621	intergenic	.	contig_6990:123506-123621
contig_6995	434643	434719	intergenic	.	contig_6995:434643-434719
contig_70	148654	148742	gene,mRNA	.	contig_70:148654-148742,contig_70:148654-148742
contig_70	827992	828271	intergenic	.	contig_70:827992-828271
contig_70	850916	851233	intergenic	.	contig_70:850916-851233
contig_70	894954	895089	intergenic	.	contig_70:894954-895089
contig_70	1220759	1221048	gene,mRNA	.	contig_70:1220759-1221048,contig_70:1220759-1221048
contig_70	1302244	1302419	intergenic	.	contig_70:1302244-1302419
contig_70	1320391	1320476	intergenic	.	contig_70:1320391-1320476
contig_70	1695216	1695495	intergenic	.	contig_70:1695216-1695495
contig_70	1769831	1769927	intergenic	.	contig_70:1769831-1769927
contig_70	1960708	1960772	intergenic	.	contig_70:1960708-1960772
contig_70	2024239	2024461	intergenic	.	contig_70:2024239-2024461
contig_701	74767	74894	intergenic	.	contig_701:74767-74894
contig_701	488752	488791	intergenic	.	contig_701:488752-488791
contig_701	1667502	1667555	intergenic	.	contig_701:1667502-1667555
contig_701	1708088	1708312	intergenic	.	contig_701:1708088-1708312
contig_701	1708371	1708677	intergenic	.	contig_701:1708371-1708677
contig_701	2222920	2223019	intergenic	.	contig_701:2222920-2223019
contig_701	2295391	2295740	intergenic	.	contig_701:2295391-2295740
contig_701	2727777	2728087	intergenic	.	contig_701:2727777-2728087
contig_701	2992534	2992664	intergenic	.	contig_701:2992534-2992664
contig_701	3320577	3320873	gene,mRNA	.	contig_701:3320577-3320873,contig_701:3320577-3320873
contig_701	3407429	3407644	intergenic	.	contig_701:3407429-3407644
contig_701	3776060	3776130	intergenic	.	contig_701:3776060-3776130
contig_701	4005640	4005754	intergenic	.	contig_701:4005640-4005754
contig_701	4076904	4076981	intergenic	.	contig_701:4076904-4076981
contig_701	4125215	4125586	intergenic	.	contig_701:4125215-4125586
contig_7012	130629	130695	intergenic	.	contig_7012:130629-130695
contig_7012	405585	405708	gene,mRNA	.	contig_7012:405585-405708,contig_7012:405585-405708
contig_7012	505365	505460	intergenic	.	contig_7012:505365-505460
contig_7012	694591	694621	intergenic	.	contig_7012:694591-694621
contig_704	420785	420940	intergenic	.	contig_704:420785-420940
contig_7040	101008	101252	intergenic	.	contig_7040:101008-101252
contig_7040	345811	345964	intergenic	.	contig_7040:345811-345964
contig_7040	594945	595188	intergenic	.	contig_7040:594945-595188
contig_7040	595492	595562	intergenic	.	contig_7040:595492-595562
contig_7040	716329	716535	intergenic	.	contig_7040:716329-716535
contig_7042	250343	250481	intergenic	.	contig_7042:250343-250481
contig_7042	268616	268907	intergenic	.	contig_7042:268616-268907
contig_7042	268991	269081	intergenic	.	contig_7042:268991-269081
contig_7042	416672	416854	gene,mRNA	.	contig_7042:416672-416854,contig_7042:416672-416854
contig_7042	579197	579248	intergenic	.	contig_7042:579197-579248
contig_7042	701578	701725	intergenic	.	contig_7042:701578-701725
contig_7042	703010	703101	intergenic	.	contig_7042:703010-703101
contig_7042	1259626	1259683	intergenic	.	contig_7042:1259626-1259683
contig_7042	1657779	1657838	intergenic	.	contig_7042:1657779-1657838
contig_7044	116921	116952	gene,mRNA	.	contig_7044:116921-116952,contig_7044:116921-116952
contig_705	162056	162306	intergenic	.	contig_705:162056-162306
contig_705	441284	441436	intergenic	.	contig_705:441284-441436
contig_705	842574	842623	intergenic	.	contig_705:842574-842623
contig_705	916713	916917	intergenic	.	contig_705:916713-916917
contig_705	917072	917190	intergenic	.	contig_705:917072-917190
contig_705	1256363	1256616	gene,mRNA	.	contig_705:1256363-1256616,contig_705:1256363-1256616
contig_705	1402166	1402196	intergenic	.	contig_705:1402166-1402196
contig_7064	29699	29752	intergenic	.	contig_7064:29699-29752
contig_7067	65033	65224	intergenic	.	contig_7067:65033-65224
contig_7067	65300	65380	intergenic	.	contig_7067:65300-65380
contig_7067	126768	126930	intergenic	.	contig_7067:126768-126930
contig_7067	248370	248646	intergenic	.	contig_7067:248370-248646
contig_7067	468079	468115	intergenic	.	contig_7067:468079-468115
contig_7067	639519	639630	intergenic	.	contig_7067:639519-639630
contig_7067	671494	671791	intergenic	.	contig_7067:671494-671791
contig_7067	734596	734799	gene,mRNA	.	contig_7067:734596-734799,contig_7067:734596-734799
contig_7067	745614	745793	gene,mRNA	.	contig_7067:745614-745793,contig_7067:745614-745793
contig_708	195095	195197	intergenic	.	contig_708:195095-195197
contig_708	378592	378760	gene,mRNA	.	contig_708:378592-378760,contig_708:378592-378760
contig_708	904676	904886	intergenic	.	contig_708:904676-904886
contig_708	972518	972581	intergenic	.	contig_708:972518-972581
contig_708	1379985	1380167	intergenic	.	contig_708:1379985-1380167
contig_708	1544133	1544340	intergenic	.	contig_708:1544133-1544340
contig_7086	4528	4790	intergenic	.	contig_7086:4528-4790
contig_7086	65615	65745	intergenic	.	contig_7086:65615-65745
contig_7086	490654	490704	intergenic	.	contig_7086:490654-490704
contig_7086	509765	509798	gene,mRNA	.	contig_7086:509765-509798,contig_7086:509765-509798
contig_7086	510069	510252	gene,mRNA	.	contig_7086:510069-510252,contig_7086:510069-510252
contig_7086	888595	888698	intergenic	.	contig_7086:888595-888698
contig_7088	1091	1234	intergenic	.	contig_7088:1091-1234
contig_709	564325	564465	intergenic	.	contig_709:564325-564465
contig_7090	144706	144734	intergenic	.	contig_7090:144706-144734
contig_7090	144706	145064	gene,mRNA,start_codon,exon,CDS,stop_codon	.	contig_7090:144706-145064,contig_7090:144706-145064,contig_7090:144706-145064,contig_7090:144706-145064,contig_7090:144706-145064,contig_7090:144706-145064
contig_7090	145226	145449	gene,polyA_signal_sequence	.	contig_7090:145226-145449,contig_7090:145226-145449
contig_7090	145364	145449	intergenic	.	contig_7090:145364-145449
contig_7090	277331	277529	intergenic	.	contig_7090:277331-277529
contig_7090	400530	400749	intergenic	.	contig_7090:400530-400749
contig_710	121058	121120	intergenic	.	contig_710:121058-121120
contig_710	546766	546802	intergenic	.	contig_710:546766-546802
contig_710	656730	656832	gene,mRNA	.	contig_710:656730-656832,contig_710:656730-656832
contig_710	657112	657278	gene,mRNA	.	contig_710:657112-657278,contig_710:657112-657278
contig_7117	47193	47436	intergenic	.	contig_7117:47193-47436
contig_714	352503	352640	intergenic	.	contig_714:352503-352640
contig_714	443317	444277	exon,CDS,stop_codon,polyA_signal_sequence,gene,mRNA,start_codon,exon,CDS,gene,mRNA	.	contig_714:443317-444277,contig_714:443317-444277,contig_714:443317-444277,contig_714:443317-444277,contig_714:443317-444277,contig_714:443317-444277,contig_714:443317-444277,contig_714:443317-444277,contig_714:443317-444277,contig_714:443317-444277,contig_714:443317-444277
contig_714	443739	443977	intergenic	.	contig_714:443739-443977
contig_7154	47868	48341	intergenic	.	contig_7154:47868-48341
contig_716	498795	498826	gene,mRNA	.	contig_716:498795-498826,contig_716:498795-498826
contig_716	599489	599599	intergenic	.	contig_716:599489-599599
contig_716	602901	603008	intergenic	.	contig_716:602901-603008
contig_716	924152	924373	gene,mRNA	.	contig_716:924152-924373,contig_716:924152-924373
contig_7161	3620	3816	intergenic	.	contig_7161:3620-3816
contig_717	1187011	1187143	intergenic	.	contig_717:1187011-1187143
contig_718	381824	382007	intergenic	.	contig_718:381824-382007
contig_7182	153467	153852	intergenic	.	contig_7182:153467-153852
contig_7182	331457	331548	intergenic	.	contig_7182:331457-331548
contig_7182	331603	331809	intergenic	.	contig_7182:331603-331809
contig_7182	480115	480294	intergenic	.	contig_7182:480115-480294
contig_7182	661486	661596	gene,mRNA	.	contig_7182:661486-661596,contig_7182:661486-661596
contig_7196	288666	288830	intergenic	.	contig_7196:288666-288830
contig_7196	314222	314367	intergenic	.	contig_7196:314222-314367
contig_7196	318273	318373	intergenic	.	contig_7196:318273-318373
contig_7196	726733	726775	intergenic	.	contig_7196:726733-726775
contig_7196	894176	894433	intergenic	.	contig_7196:894176-894433
contig_7196	1064753	1064909	intergenic	.	contig_7196:1064753-1064909
contig_7196	1253684	1253785	intergenic	.	contig_7196:1253684-1253785
contig_7196	1499846	1499973	intergenic	.	contig_7196:1499846-1499973
contig_7196	1500040	1500128	intergenic	.	contig_7196:1500040-1500128
contig_7196	1500405	1500452	intergenic	.	contig_7196:1500405-1500452
contig_72	212713	212917	intergenic	.	contig_72:212713-212917
contig_7210	200983	201162	intergenic	.	contig_7210:200983-201162
contig_7210	232884	233018	intergenic	.	contig_7210:232884-233018
contig_7210	285578	285645	intergenic	.	contig_7210:285578-285645
contig_7210	360208	360577	intergenic	.	contig_7210:360208-360577
contig_7210	466378	466812	intergenic	.	contig_7210:466378-466812
contig_7210	466872	466996	intergenic	.	contig_7210:466872-466996
contig_7210	493484	493737	intergenic	.	contig_7210:493484-493737
contig_7210	569331	569464	intergenic	.	contig_7210:569331-569464
contig_7210	1064886	1065062	intergenic	.	contig_7210:1064886-1065062
contig_7210	1166943	1166996	intergenic	.	contig_7210:1166943-1166996
contig_7210	1225544	1225653	intergenic	.	contig_7210:1225544-1225653
contig_7227	130917	131077	gene,mRNA	.	contig_7227:130917-131077,contig_7227:130917-131077
contig_7227	178992	179211	intergenic	.	contig_7227:178992-179211
contig_7227	365383	365519	intergenic	.	contig_7227:365383-365519
contig_7227	445964	446231	intergenic	.	contig_7227:445964-446231
contig_7227	485579	485680	intergenic	.	contig_7227:485579-485680
contig_7227	485830	486033	intergenic	.	contig_7227:485830-486033
contig_7235	170553	170764	intergenic	.	contig_7235:170553-170764
contig_7235	232715	232980	intergenic	.	contig_7235:232715-232980
contig_7235	290444	290546	intergenic	.	contig_7235:290444-290546
contig_7235	314703	314801	intergenic	.	contig_7235:314703-314801
contig_7235	425088	425275	gene,mRNA	.	contig_7235:425088-425275,contig_7235:425088-425275
contig_7235	556419	556572	gene,mRNA	.	contig_7235:556419-556572,contig_7235:556419-556572
contig_7235	586321	586491	gene,mRNA	.	contig_7235:586321-586491,contig_7235:586321-586491
contig_724	21298	21343	intergenic	.	contig_724:21298-21343
contig_724	98647	98731	intergenic	.	contig_724:98647-98731
contig_724	263480	263542	intergenic	.	contig_724:263480-263542
contig_724	263791	263854	intergenic	.	contig_724:263791-263854
contig_724	263906	264023	intergenic	.	contig_724:263906-264023
contig_724	266983	267230	intergenic	.	contig_724:266983-267230
contig_724	290713	290813	intergenic	.	contig_724:290713-290813
contig_724	294662	294701	intergenic	.	contig_724:294662-294701
contig_724	319985	320056	gene,mRNA	.	contig_724:319985-320056,contig_724:319985-320056
contig_724	569505	569717	gene,mRNA	.	contig_724:569505-569717,contig_724:569505-569717
contig_724	647617	647666	gene,mRNA,exon,CDS	.	contig_724:647617-647666,contig_724:647617-647666,contig_724:647617-647666,contig_724:647617-647666
contig_724	647719	647791	intergenic	.	contig_724:647719-647791
contig_724	648081	648195	intergenic	.	contig_724:648081-648195
contig_724	936258	936475	intergenic	.	contig_724:936258-936475
contig_724	1633478	1633751	intergenic	.	contig_724:1633478-1633751
contig_724	1778422	1778772	intergenic	.	contig_724:1778422-1778772
contig_724	1872378	1872450	intergenic	.	contig_724:1872378-1872450
contig_724	1873316	1873405	intergenic	.	contig_724:1873316-1873405
contig_7247	302799	302889	intergenic	.	contig_7247:302799-302889
contig_7247	303254	303415	intergenic	.	contig_7247:303254-303415
contig_7247	435480	435713	intergenic	.	contig_7247:435480-435713
contig_7247	487308	487639	gene,mRNA	.	contig_7247:487308-487639,contig_7247:487308-487639
contig_7247	520488	520933	gene,mRNA	.	contig_7247:520488-520933,contig_7247:520488-520933
contig_7247	632025	632255	intergenic	.	contig_7247:632025-632255
contig_7247	632310	632504	intergenic	.	contig_7247:632310-632504
contig_7247	709286	709412	intergenic	.	contig_7247:709286-709412
contig_7247	944331	944435	intergenic	.	contig_7247:944331-944435
contig_725	299618	299780	intergenic	.	contig_725:299618-299780
contig_7258	473944	474015	intergenic	.	contig_7258:473944-474015
contig_7258	474107	474373	intergenic	.	contig_7258:474107-474373
contig_7258	534498	534857	intergenic	.	contig_7258:534498-534857
contig_7258	654691	655151	exon,CDS,gene,mRNA	.	contig_7258:654691-655151,contig_7258:654691-655151,contig_7258:654691-655151,contig_7258:654691-655151
contig_7258	1310736	1310836	intergenic	.	contig_7258:1310736-1310836
contig_7258	1311606	1311671	intergenic	.	contig_7258:1311606-1311671
contig_7258	1743811	1744187	gene,mRNA	.	contig_7258:1743811-1744187,contig_7258:1743811-1744187
contig_7258	1782907	1782969	intergenic	.	contig_7258:1782907-1782969
contig_728	284082	284143	gene,mRNA	.	contig_728:284082-284143,contig_728:284082-284143
contig_728	434247	434415	intergenic	.	contig_728:434247-434415
contig_7309	21675	22056	intergenic	.	contig_7309:21675-22056
contig_7309	328347	328388	intergenic	.	contig_7309:328347-328388
contig_7309	1049373	1049595	intergenic	.	contig_7309:1049373-1049595
contig_7309	1140246	1140763	intergenic	.	contig_7309:1140246-1140763
contig_732	517434	517551	intergenic	.	contig_732:517434-517551
contig_732	1332940	1333057	gene,mRNA	.	contig_732:1332940-1333057,contig_732:1332940-1333057
contig_732	1961274	1961521	intergenic	.	contig_732:1961274-1961521
contig_732	2236263	2236361	intergenic	.	contig_732:2236263-2236361
contig_7328	53710	53875	intergenic	.	contig_7328:53710-53875
contig_7328	115173	115373	intergenic	.	contig_7328:115173-115373
contig_7328	148273	148664	intergenic	.	contig_7328:148273-148664
contig_7328	349632	349935	intergenic	.	contig_7328:349632-349935
contig_7328	363925	364278	intergenic	.	contig_7328:363925-364278
contig_7328	429343	429448	intergenic	.	contig_7328:429343-429448
contig_7328	492540	492664	intergenic	.	contig_7328:492540-492664
contig_7328	558683	558837	intergenic	.	contig_7328:558683-558837
contig_7328	616220	616416	gene,mRNA	.	contig_7328:616220-616416,contig_7328:616220-616416
contig_7328	616507	616662	gene,mRNA	.	contig_7328:616507-616662,contig_7328:616507-616662
contig_7328	712808	713035	intergenic	.	contig_7328:712808-713035
contig_7328	814480	814578	intergenic	.	contig_7328:814480-814578
contig_7328	867593	867845	gene,mRNA,exon,CDS,stop_codon	.	contig_7328:867593-867845,contig_7328:867593-867845,contig_7328:867593-867845,contig_7328:867593-867845,contig_7328:867593-867845
contig_7328	948423	948583	intergenic	.	contig_7328:948423-948583
contig_7328	1175356	1175613	intergenic	.	contig_7328:1175356-1175613
contig_7328	1175697	1175836	intergenic	.	contig_7328:1175697-1175836
contig_7328	1226188	1226388	intergenic	.	contig_7328:1226188-1226388
contig_7328	1285238	1285359	intergenic	.	contig_7328:1285238-1285359
contig_7328	1307280	1307412	intergenic	.	contig_7328:1307280-1307412
contig_7328	1323441	1323562	intergenic	.	contig_7328:1323441-1323562
contig_7328	1359352	1359540	intergenic	.	contig_7328:1359352-1359540
contig_7328	1490159	1490482	intergenic	.	contig_7328:1490159-1490482
contig_7328	1490545	1490642	intergenic	.	contig_7328:1490545-1490642
contig_734	98089	98208	intergenic	.	contig_734:98089-98208
contig_734	112683	112899	intergenic	.	contig_734:112683-112899
contig_734	165055	165288	intergenic	.	contig_734:165055-165288
contig_735	167776	167923	intergenic	.	contig_735:167776-167923
contig_735	200769	200901	intergenic	.	contig_735:200769-200901
contig_735	437316	437911	intergenic	.	contig_735:437316-437911
contig_735	468711	469217	intergenic	.	contig_735:468711-469217
contig_735	776023	776180	intergenic	.	contig_735:776023-776180
contig_735	1665688	1665800	intergenic	.	contig_735:1665688-1665800
contig_735	1758720	1758815	intergenic	.	contig_735:1758720-1758815
contig_735	2331218	2331332	intergenic	.	contig_735:2331218-2331332
contig_7361	142408	142535	gene,mRNA	.	contig_7361:142408-142535,contig_7361:142408-142535
contig_7361	242998	243227	gene,mRNA	.	contig_7361:242998-243227,contig_7361:242998-243227
contig_7382	236520	236747	intergenic	.	contig_7382:236520-236747
contig_74	827201	827362	gene,mRNA	.	contig_74:827201-827362,contig_74:827201-827362
contig_74	1934332	1934808	intergenic	.	contig_74:1934332-1934808
contig_74	1968254	1968398	intergenic	.	contig_74:1968254-1968398
contig_74	2068033	2068370	intergenic	.	contig_74:2068033-2068370
contig_74	2335471	2335653	intergenic	.	contig_74:2335471-2335653
contig_74	2335725	2335849	intergenic	.	contig_74:2335725-2335849
contig_7422	358947	359259	intergenic	.	contig_7422:358947-359259
contig_743	154122	154339	gene,mRNA	.	contig_743:154122-154339,contig_743:154122-154339
contig_743	330497	330745	intergenic	.	contig_743:330497-330745
contig_744	75642	75702	intergenic	.	contig_744:75642-75702
contig_7449	46221	46395	intergenic	.	contig_7449:46221-46395
contig_7449	46721	46880	intergenic	.	contig_7449:46721-46880
contig_7449	74960	75034	intergenic	.	contig_7449:74960-75034
contig_745	126640	126935	intergenic	.	contig_745:126640-126935
contig_745	417949	417994	intergenic	.	contig_745:417949-417994
contig_745	1225303	1225588	intergenic	.	contig_745:1225303-1225588
contig_745	1366992	1367172	intergenic	.	contig_745:1366992-1367172
contig_745	1690840	1690875	intergenic	.	contig_745:1690840-1690875
contig_7454	215770	216152	intergenic	.	contig_7454:215770-216152
contig_7454	624001	624119	intergenic	.	contig_7454:624001-624119
contig_7454	1072594	1072665	intergenic	.	contig_7454:1072594-1072665
contig_7454	1532519	1532644	gene,mRNA,exon,CDS	.	contig_7454:1532519-1532644,contig_7454:1532519-1532644,contig_7454:1532519-1532644,contig_7454:1532519-1532644
contig_7454	1965719	1965766	intergenic	.	contig_7454:1965719-1965766
contig_7454	2000825	2000926	gene,mRNA	.	contig_7454:2000825-2000926,contig_7454:2000825-2000926
contig_7455	485731	485845	gene,mRNA	.	contig_7455:485731-485845,contig_7455:485731-485845
contig_7455	1725271	1725575	intergenic	.	contig_7455:1725271-1725575
contig_746	105605	105854	intergenic	.	contig_746:105605-105854
contig_746	495248	495296	intergenic	.	contig_746:495248-495296
contig_746	961273	961661	intergenic	.	contig_746:961273-961661
contig_746	1003442	1003724	gene,mRNA,exon,CDS,start_codon	.	contig_746:1003442-1003724,contig_746:1003442-1003724,contig_746:1003442-1003724,contig_746:1003442-1003724,contig_746:1003442-1003724
contig_746	1003701	1003724	intergenic	.	contig_746:1003701-1003724
contig_746	1150777	1150831	gene,mRNA	.	contig_746:1150777-1150831,contig_746:1150777-1150831
contig_7474	380036	380126	intergenic	.	contig_7474:380036-380126
contig_7474	380190	380459	intergenic	.	contig_7474:380190-380459
contig_7474	522740	522970	intergenic	.	contig_7474:522740-522970
contig_749	326646	327033	gene,mRNA	.	contig_749:326646-327033,contig_749:326646-327033
contig_751	173441	173614	intergenic	.	contig_751:173441-173614
contig_751	368327	368457	intergenic	.	contig_751:368327-368457
contig_751	587402	587432	intergenic	.	contig_751:587402-587432
contig_751	1424732	1424821	intergenic	.	contig_751:1424732-1424821
contig_751	1954692	1954846	gene,mRNA	.	contig_751:1954692-1954846,contig_751:1954692-1954846
contig_751	1957357	1957467	gene,mRNA	.	contig_751:1957357-1957467,contig_751:1957357-1957467
contig_751	2166033	2166252	intergenic	.	contig_751:2166033-2166252
contig_7524	468447	468599	intergenic	.	contig_7524:468447-468599
contig_753	798097	798324	intergenic	.	contig_753:798097-798324
contig_753	992540	992597	intergenic	.	contig_753:992540-992597
contig_753	1065968	1066039	intergenic	.	contig_753:1065968-1066039
contig_7535	109922	110052	intergenic	.	contig_7535:109922-110052
contig_7535	1073115	1073153	intergenic	.	contig_7535:1073115-1073153
contig_7535	1672664	1672858	intergenic	.	contig_7535:1672664-1672858
contig_754	308812	308941	intergenic	.	contig_754:308812-308941
contig_754	491741	491907	intergenic	.	contig_754:491741-491907
contig_7556	760053	760145	gene,mRNA	.	contig_7556:760053-760145,contig_7556:760053-760145
contig_7556	772394	772487	intergenic	.	contig_7556:772394-772487
contig_7556	1216509	1216617	intergenic	.	contig_7556:1216509-1216617
contig_7556	1523164	1523313	gene,mRNA	.	contig_7556:1523164-1523313,contig_7556:1523164-1523313
contig_7556	1596862	1597176	gene,mRNA	.	contig_7556:1596862-1597176,contig_7556:1596862-1597176
contig_7565	28186	28248	intergenic	.	contig_7565:28186-28248
contig_7566	38544	38587	intergenic	.	contig_7566:38544-38587
contig_7577	110881	110999	intergenic	.	contig_7577:110881-110999
contig_7585	135634	135739	intergenic	.	contig_7585:135634-135739
contig_7593	283029	283123	intergenic	.	contig_7593:283029-283123
contig_7593	382337	382380	gene,mRNA	.	contig_7593:382337-382380,contig_7593:382337-382380
contig_7593	382458	382525	gene,mRNA	.	contig_7593:382458-382525,contig_7593:382458-382525
contig_7593	707893	708103	intergenic	.	contig_7593:707893-708103
contig_7593	854959	855244	intergenic	.	contig_7593:854959-855244
contig_7593	873715	873791	gene,mRNA	.	contig_7593:873715-873791,contig_7593:873715-873791
contig_7593	920090	920201	gene,mRNA	.	contig_7593:920090-920201,contig_7593:920090-920201
contig_7593	1063965	1064013	gene,mRNA	.	contig_7593:1063965-1064013,contig_7593:1063965-1064013
contig_7593	1627791	1628282	gene,mRNA	.	contig_7593:1627791-1628282,contig_7593:1627791-1628282
contig_7593	1848371	1848442	intergenic	.	contig_7593:1848371-1848442
contig_7593	2047380	2047553	intergenic	.	contig_7593:2047380-2047553
contig_7593	2142030	2142131	intergenic	.	contig_7593:2142030-2142131
contig_7593	2154026	2154195	polyA_signal_sequence,stop_codon,exon,CDS,gene,mRNA	.	contig_7593:2154026-2154195,contig_7593:2154026-2154195,contig_7593:2154026-2154195,contig_7593:2154026-2154195,contig_7593:2154026-2154195,contig_7593:2154026-2154195
contig_7593	2276223	2276525	intergenic	.	contig_7593:2276223-2276525
contig_7593	2276676	2276844	intergenic	.	contig_7593:2276676-2276844
contig_7593	2404190	2404288	gene,mRNA	.	contig_7593:2404190-2404288,contig_7593:2404190-2404288
contig_7593	2429106	2429371	intergenic	.	contig_7593:2429106-2429371
contig_7593	2477310	2477440	intergenic	.	contig_7593:2477310-2477440
contig_7593	2477752	2478003	intergenic	.	contig_7593:2477752-2478003
contig_7593	2516071	2516164	intergenic	.	contig_7593:2516071-2516164
contig_7593	2516316	2516578	intergenic	.	contig_7593:2516316-2516578
contig_7593	2607220	2607434	intergenic	.	contig_7593:2607220-2607434
contig_7593	2778289	2778437	intergenic	.	contig_7593:2778289-2778437
contig_7593	2836298	2836476	intergenic	.	contig_7593:2836298-2836476
contig_7593	3167658	3167868	gene,mRNA	.	contig_7593:3167658-3167868,contig_7593:3167658-3167868
contig_7593	3184749	3185283	gene,mRNA	.	contig_7593:3184749-3185283,contig_7593:3184749-3185283
contig_7593	3543389	3543557	intergenic	.	contig_7593:3543389-3543557
contig_7593	3615661	3615721	intergenic	.	contig_7593:3615661-3615721
contig_7593	4512608	4512743	intergenic	.	contig_7593:4512608-4512743
contig_7593	4657018	4657342	intergenic	.	contig_7593:4657018-4657342
contig_7593	4894351	4894418	gene,mRNA	.	contig_7593:4894351-4894418,contig_7593:4894351-4894418
contig_7593	5032325	5032488	gene,mRNA	.	contig_7593:5032325-5032488,contig_7593:5032325-5032488
contig_7593	5121665	5121867	intergenic	.	contig_7593:5121665-5121867
contig_7593	5425136	5425187	intergenic	.	contig_7593:5425136-5425187
contig_7593	5449861	5450078	intergenic	.	contig_7593:5449861-5450078
contig_7593	5678498	5678569	intergenic	.	contig_7593:5678498-5678569
contig_7593	5837695	5837829	intergenic	.	contig_7593:5837695-5837829
contig_7593	5983718	5983767	intergenic	.	contig_7593:5983718-5983767
contig_7593	6247852	6247926	intergenic	.	contig_7593:6247852-6247926
contig_7593	6249042	6249171	intergenic	.	contig_7593:6249042-6249171
contig_7593	6356265	6356431	intergenic	.	contig_7593:6356265-6356431
contig_7593	6517137	6517291	intergenic	.	contig_7593:6517137-6517291
contig_760	202459	202560	intergenic	.	contig_760:202459-202560
contig_760	395345	395609	intergenic	.	contig_760:395345-395609
contig_760	492034	492091	intergenic	.	contig_760:492034-492091
contig_760	1085255	1085612	intergenic	.	contig_760:1085255-1085612
contig_760	1112112	1112159	intergenic	.	contig_760:1112112-1112159
contig_760	1112823	1112904	intergenic	.	contig_760:1112823-1112904
contig_760	1194963	1195032	gene,mRNA	.	contig_760:1194963-1195032,contig_760:1194963-1195032
contig_760	1195144	1195319	gene,mRNA	.	contig_760:1195144-1195319,contig_760:1195144-1195319
contig_760	1207186	1207312	gene,mRNA	.	contig_760:1207186-1207312,contig_760:1207186-1207312
contig_760	1509810	1510057	intergenic	.	contig_760:1509810-1510057
contig_760	1510423	1510647	intergenic	.	contig_760:1510423-1510647
contig_760	1540607	1540791	intergenic	.	contig_760:1540607-1540791
contig_760	2097882	2097997	intergenic	.	contig_760:2097882-2097997
contig_760	2228494	2228627	intergenic	.	contig_760:2228494-2228627
contig_760	2662908	2662994	intergenic	.	contig_760:2662908-2662994
contig_760	3136977	3137367	gene,mRNA	.	contig_760:3136977-3137367,contig_760:3136977-3137367
contig_760	3146184	3146468	intergenic	.	contig_760:3146184-3146468
contig_760	3147142	3147243	intergenic	.	contig_760:3147142-3147243
contig_760	3290515	3290606	gene,mRNA	.	contig_760:3290515-3290606,contig_760:3290515-3290606
contig_7602	99425	99493	intergenic	.	contig_7602:99425-99493
contig_7602	105177	105437	intergenic	.	contig_7602:105177-105437
contig_7602	150791	151036	intergenic	.	contig_7602:150791-151036
contig_7602	229594	229814	gene,mRNA	.	contig_7602:229594-229814,contig_7602:229594-229814
contig_7602	260247	260360	gene,mRNA	.	contig_7602:260247-260360,contig_7602:260247-260360
contig_7602	260457	260542	gene,mRNA	.	contig_7602:260457-260542,contig_7602:260457-260542
contig_7602	362607	362749	intergenic	.	contig_7602:362607-362749
contig_7602	375270	375412	intergenic	.	contig_7602:375270-375412
contig_7602	383572	383974	intergenic	.	contig_7602:383572-383974
contig_7602	545404	545502	gene,mRNA	.	contig_7602:545404-545502,contig_7602:545404-545502
contig_7602	768188	768537	gene,mRNA	.	contig_7602:768188-768537,contig_7602:768188-768537
contig_7602	768714	768944	gene,mRNA	.	contig_7602:768714-768944,contig_7602:768714-768944
contig_7602	798223	798344	gene,mRNA	.	contig_7602:798223-798344,contig_7602:798223-798344
contig_7602	1271503	1271658	intergenic	.	contig_7602:1271503-1271658
contig_7602	1271800	1271886	intergenic	.	contig_7602:1271800-1271886
contig_761	14406	14564	intergenic	.	contig_761:14406-14564
contig_7610	2832	2876	intergenic	.	contig_7610:2832-2876
contig_7610	3141	3221	intergenic	.	contig_7610:3141-3221
contig_7638	16085	16115	intergenic	.	contig_7638:16085-16115
contig_7638	142894	142985	intergenic	.	contig_7638:142894-142985
contig_7638	143100	143207	intergenic	.	contig_7638:143100-143207
contig_765	247392	247725	gene,mRNA	.	contig_765:247392-247725,contig_765:247392-247725
contig_765	270872	270931	intergenic	.	contig_765:270872-270931
contig_765	552554	552917	intergenic	.	contig_765:552554-552917
contig_765	622060	622240	intergenic	.	contig_765:622060-622240
contig_765	848409	848673	intergenic	.	contig_765:848409-848673
contig_765	1135568	1135694	intergenic	.	contig_765:1135568-1135694
contig_765	1377374	1377454	intergenic	.	contig_765:1377374-1377454
contig_765	1377513	1377620	intergenic	.	contig_765:1377513-1377620
contig_765	1450169	1450320	intergenic	.	contig_765:1450169-1450320
contig_765	1680775	1680839	intergenic	.	contig_765:1680775-1680839
contig_765	1783022	1783617	intergenic	.	contig_765:1783022-1783617
contig_765	1853080	1853216	gene,mRNA	.	contig_765:1853080-1853216,contig_765:1853080-1853216
contig_765	2011147	2011393	intergenic	.	contig_765:2011147-2011393
contig_765	2108522	2108809	intergenic	.	contig_765:2108522-2108809
contig_765	2123579	2123644	intergenic	.	contig_765:2123579-2123644
contig_765	2133502	2133605	intergenic	.	contig_765:2133502-2133605
contig_765	2199500	2199681	intergenic	.	contig_765:2199500-2199681
contig_765	3132915	3133014	mRNA,gene	.	contig_765:3132915-3133014,contig_765:3132915-3133014
contig_765	3227519	3227933	gene,mRNA	.	contig_765:3227519-3227933,contig_765:3227519-3227933
contig_765	3244461	3244609	gene,mRNA	.	contig_765:3244461-3244609,contig_765:3244461-3244609
contig_7650	653620	653819	intergenic	.	contig_7650:653620-653819
contig_7650	889437	889506	intergenic	.	contig_7650:889437-889506
contig_7650	968569	968686	intergenic	.	contig_7650:968569-968686
contig_7650	969013	969244	intergenic	.	contig_7650:969013-969244
contig_7650	1381962	1381997	intergenic	.	contig_7650:1381962-1381997
contig_7650	1478170	1478364	intergenic	.	contig_7650:1478170-1478364
contig_7650	1502099	1502436	intergenic	.	contig_7650:1502099-1502436
contig_7650	1573070	1573264	intergenic	.	contig_7650:1573070-1573264
contig_7650	1781759	1782079	intergenic	.	contig_7650:1781759-1782079
contig_7650	1822868	1823007	intergenic	.	contig_7650:1822868-1823007
contig_7650	1935205	1935492	intergenic	.	contig_7650:1935205-1935492
contig_7650	1974379	1974646	intergenic	.	contig_7650:1974379-1974646
contig_7650	1974700	1974795	intergenic	.	contig_7650:1974700-1974795
contig_7650	2171499	2171622	intergenic	.	contig_7650:2171499-2171622
contig_7650	2189337	2189434	intergenic	.	contig_7650:2189337-2189434
contig_7650	2394799	2394884	intergenic	.	contig_7650:2394799-2394884
contig_7650	2415458	2415663	intergenic	.	contig_7650:2415458-2415663
contig_7650	2555345	2555628	intergenic	.	contig_7650:2555345-2555628
contig_7650	3156345	3156682	intergenic	.	contig_7650:3156345-3156682
contig_7650	3505268	3505389	intergenic	.	contig_7650:3505268-3505389
contig_7650	3598370	3598441	intergenic	.	contig_7650:3598370-3598441
contig_7659	65097	65183	intergenic	.	contig_7659:65097-65183
contig_766	494154	494496	intergenic	.	contig_766:494154-494496
contig_766	708765	709030	intergenic	.	contig_766:708765-709030
contig_766	1260035	1260106	intergenic	.	contig_766:1260035-1260106
contig_766	1671238	1671293	gene,mRNA	.	contig_766:1671238-1671293,contig_766:1671238-1671293
contig_7667	115714	115776	intergenic	.	contig_7667:115714-115776
contig_769	93467	93561	intergenic	.	contig_769:93467-93561
contig_769	552889	553210	intergenic	.	contig_769:552889-553210
contig_769	1829770	1829833	intergenic	.	contig_769:1829770-1829833
contig_772	54093	54304	intergenic	.	contig_772:54093-54304
contig_772	280863	280936	gene,mRNA	.	contig_772:280863-280936,contig_772:280863-280936
contig_772	744939	745233	intergenic	.	contig_772:744939-745233
contig_772	924371	924707	intergenic	.	contig_772:924371-924707
contig_772	924907	924965	intergenic	.	contig_772:924907-924965
contig_772	1517332	1517432	intergenic	.	contig_772:1517332-1517432
contig_772	1517332	1517510	gene,polyA_signal_sequence	.	contig_772:1517332-1517510,contig_772:1517332-1517510
contig_772	1523559	1524158	intergenic	.	contig_772:1523559-1524158
contig_772	1783200	1783241	intergenic	.	contig_772:1783200-1783241
contig_772	1863784	1863846	intergenic	.	contig_772:1863784-1863846
contig_772	2203271	2203345	intergenic	.	contig_772:2203271-2203345
contig_772	2851123	2851400	gene,mRNA	.	contig_772:2851123-2851400,contig_772:2851123-2851400
contig_772	3063152	3063441	intergenic	.	contig_772:3063152-3063441
contig_772	3081575	3081625	gene,mRNA	.	contig_772:3081575-3081625,contig_772:3081575-3081625
contig_772	3081995	3082081	gene,mRNA	.	contig_772:3081995-3082081,contig_772:3081995-3082081
contig_772	3101065	3101200	gene,mRNA	.	contig_772:3101065-3101200,contig_772:3101065-3101200
contig_772	3101966	3102275	gene,mRNA	.	contig_772:3101966-3102275,contig_772:3101966-3102275
contig_772	3400893	3400964	intergenic	.	contig_772:3400893-3400964
contig_772	3492790	3493097	intergenic	.	contig_772:3492790-3493097
contig_772	3516362	3516450	intergenic	.	contig_772:3516362-3516450
contig_772	3516529	3516741	intergenic	.	contig_772:3516529-3516741
contig_772	3847762	3847851	gene,mRNA	.	contig_772:3847762-3847851,contig_772:3847762-3847851
contig_772	4032949	4033263	gene,mRNA	.	contig_772:4032949-4033263,contig_772:4032949-4033263
contig_772	4312616	4312863	intergenic	.	contig_772:4312616-4312863
contig_772	4372222	4372443	intergenic	.	contig_772:4372222-4372443
contig_772	4473906	4474169	intergenic	.	contig_772:4473906-4474169
contig_772	4547826	4547940	intergenic	.	contig_772:4547826-4547940
contig_772	4672827	4673086	intergenic	.	contig_772:4672827-4673086
contig_772	4673158	4673226	intergenic	.	contig_772:4673158-4673226
contig_772	4688300	4688436	intergenic	.	contig_772:4688300-4688436
contig_772	4714191	4714298	intergenic	.	contig_772:4714191-4714298
contig_7735	266735	266860	gene,mRNA	.	contig_7735:266735-266860,contig_7735:266735-266860
contig_7735	402453	402547	intergenic	.	contig_7735:402453-402547
contig_7735	627064	627232	gene,mRNA	.	contig_7735:627064-627232,contig_7735:627064-627232
contig_7735	1618213	1618447	intergenic	.	contig_7735:1618213-1618447
contig_7735	3316417	3316634	gene,mRNA	.	contig_7735:3316417-3316634,contig_7735:3316417-3316634
contig_774	103252	103574	intergenic	.	contig_774:103252-103574
contig_774	336810	337107	gene,mRNA	.	contig_774:336810-337107,contig_774:336810-337107
contig_775	102319	102870	intergenic	.	contig_775:102319-102870
contig_775	580043	580147	intergenic	.	contig_775:580043-580147
contig_775	645537	645706	intergenic	.	contig_775:645537-645706
contig_775	796434	796529	gene,mRNA	.	contig_775:796434-796529,contig_775:796434-796529
contig_775	855926	856033	gene,mRNA	.	contig_775:855926-856033,contig_775:855926-856033
contig_775	1305750	1305801	intergenic	.	contig_775:1305750-1305801
contig_775	1462789	1463073	intergenic	.	contig_775:1462789-1463073
contig_775	1547089	1547586	gene,mRNA	.	contig_775:1547089-1547586,contig_775:1547089-1547586
contig_775	1750138	1750355	gene,mRNA	.	contig_775:1750138-1750355,contig_775:1750138-1750355
contig_776	37024	37129	intergenic	.	contig_776:37024-37129
contig_776	94525	94671	intergenic	.	contig_776:94525-94671
contig_776	206783	206934	intergenic	.	contig_776:206783-206934
contig_776	820396	820497	gene,mRNA	.	contig_776:820396-820497,contig_776:820396-820497
contig_776	820845	820977	exon,CDS,gene,mRNA	.	contig_776:820845-820977,contig_776:820845-820977,contig_776:820845-820977,contig_776:820845-820977
contig_776	830460	830632	intergenic	.	contig_776:830460-830632
contig_7772	28194	28406	gene,mRNA	.	contig_7772:28194-28406,contig_7772:28194-28406
contig_7776	24331	24432	intergenic	.	contig_7776:24331-24432
contig_7776	741223	741294	intergenic	.	contig_7776:741223-741294
contig_7776	750710	750814	intergenic	.	contig_7776:750710-750814
contig_7776	812563	812697	intergenic	.	contig_7776:812563-812697
contig_7776	1011226	1011574	intergenic	.	contig_7776:1011226-1011574
contig_7776	1025638	1025860	intergenic	.	contig_7776:1025638-1025860
contig_781	74237	74347	gene,mRNA	.	contig_781:74237-74347,contig_781:74237-74347
contig_781	200098	200396	stop_codon,exon,CDS,gene,mRNA	.	contig_781:200098-200396,contig_781:200098-200396,contig_781:200098-200396,contig_781:200098-200396,contig_781:200098-200396
contig_781	272109	272200	gene,mRNA	.	contig_781:272109-272200,contig_781:272109-272200
contig_781	653245	653556	intergenic	.	contig_781:653245-653556
contig_781	653627	653665	intergenic	.	contig_781:653627-653665
contig_781	777554	777679	intergenic	.	contig_781:777554-777679
contig_781	975267	975363	intergenic	.	contig_781:975267-975363
contig_781	1268639	1268728	intergenic	.	contig_781:1268639-1268728
contig_781	1628154	1628524	intergenic	.	contig_781:1628154-1628524
contig_781	1904825	1904901	intergenic	.	contig_781:1904825-1904901
contig_781	1962528	1962638	intergenic	.	contig_781:1962528-1962638
contig_781	1963010	1963156	intergenic	.	contig_781:1963010-1963156
contig_781	1992751	1992804	intergenic	.	contig_781:1992751-1992804
contig_781	2345343	2345435	gene,mRNA	.	contig_781:2345343-2345435,contig_781:2345343-2345435
contig_7827	72860	72943	intergenic	.	contig_7827:72860-72943
contig_7827	615347	615569	intergenic	.	contig_7827:615347-615569
contig_7827	735709	735836	gene,mRNA	.	contig_7827:735709-735836,contig_7827:735709-735836
contig_7827	1093626	1093760	intergenic	.	contig_7827:1093626-1093760
contig_7827	1360396	1360493	intergenic	.	contig_7827:1360396-1360493
contig_7827	1376174	1376451	intergenic	.	contig_7827:1376174-1376451
contig_785	3167	3248	intergenic	.	contig_785:3167-3248
contig_7857	510349	510595	intergenic	.	contig_7857:510349-510595
contig_7860	57148	57209	intergenic	.	contig_7860:57148-57209
contig_7860	130223	130487	exon,CDS,gene,mRNA	.	contig_7860:130223-130487,contig_7860:130223-130487,contig_7860:130223-130487,contig_7860:130223-130487
contig_7860	321754	321952	intergenic	.	contig_7860:321754-321952
contig_7865	18544	18670	intergenic	.	contig_7865:18544-18670
contig_7865	18753	19108	intergenic	.	contig_7865:18753-19108
contig_7865	273008	273309	intergenic	.	contig_7865:273008-273309
contig_7865	290638	290884	intergenic	.	contig_7865:290638-290884
contig_787	403571	403695	intergenic	.	contig_787:403571-403695
contig_787	695654	696296	intergenic	.	contig_787:695654-696296
contig_787	762934	763052	gene,mRNA	.	contig_787:762934-763052,contig_787:762934-763052
contig_787	781452	781545	gene,mRNA	.	contig_787:781452-781545,contig_787:781452-781545
contig_7875	68940	69127	intergenic	.	contig_7875:68940-69127
contig_7875	171983	172132	intergenic	.	contig_7875:171983-172132
contig_7875	214090	214212	intergenic	.	contig_7875:214090-214212
contig_7875	277332	277508	gene,mRNA	.	contig_7875:277332-277508,contig_7875:277332-277508
contig_7875	362126	362251	intergenic	.	contig_7875:362126-362251
contig_7875	569306	569607	exon,CDS,start_codon,gene,mRNA	.	contig_7875:569306-569607,contig_7875:569306-569607,contig_7875:569306-569607,contig_7875:569306-569607,contig_7875:569306-569607
contig_7875	569517	569607	intergenic	.	contig_7875:569517-569607
contig_7875	677422	677667	intergenic	.	contig_7875:677422-677667
contig_7875	752785	752873	intergenic	.	contig_7875:752785-752873
contig_7875	980527	980703	intergenic	.	contig_7875:980527-980703
contig_7875	1204682	1204907	intergenic	.	contig_7875:1204682-1204907
contig_7875	1603150	1603200	intergenic	.	contig_7875:1603150-1603200
contig_7875	1822543	1822779	gene,mRNA	.	contig_7875:1822543-1822779,contig_7875:1822543-1822779
contig_7875	1836713	1836897	gene,mRNA	.	contig_7875:1836713-1836897,contig_7875:1836713-1836897
contig_7875	2098688	2098845	intergenic	.	contig_7875:2098688-2098845
contig_7875	2207442	2207533	intergenic	.	contig_7875:2207442-2207533
contig_7875	2498900	2498940	intergenic	.	contig_7875:2498900-2498940
contig_7875	2623028	2623173	intergenic	.	contig_7875:2623028-2623173
contig_7875	2658660	2658924	intergenic	.	contig_7875:2658660-2658924
contig_7875	2846912	2847095	intergenic	.	contig_7875:2846912-2847095
contig_7875	2938805	2938878	intergenic	.	contig_7875:2938805-2938878
contig_7875	3459763	3459905	intergenic	.	contig_7875:3459763-3459905
contig_788	190314	190541	gene,mRNA	.	contig_788:190314-190541,contig_788:190314-190541
contig_788	635445	635531	gene,mRNA	.	contig_788:635445-635531,contig_788:635445-635531
contig_7887	124471	124559	gene,mRNA	.	contig_7887:124471-124559,contig_7887:124471-124559
contig_7887	390787	390945	intergenic	.	contig_7887:390787-390945
contig_7887	471081	471262	intergenic	.	contig_7887:471081-471262
contig_7887	603605	603701	intergenic	.	contig_7887:603605-603701
contig_7887	603866	603966	intergenic	.	contig_7887:603866-603966
contig_7887	609321	609469	intergenic	.	contig_7887:609321-609469
contig_7887	714456	714726	intergenic	.	contig_7887:714456-714726
contig_7887	1205026	1205104	intergenic	.	contig_7887:1205026-1205104
contig_7887	1210247	1210297	intergenic	.	contig_7887:1210247-1210297
contig_7887	1673433	1673469	intergenic	.	contig_7887:1673433-1673469
contig_7887	1770716	1770884	intergenic	.	contig_7887:1770716-1770884
contig_789	448072	448201	intergenic	.	contig_789:448072-448201
contig_789	461141	461315	intergenic	.	contig_789:461141-461315
contig_789	620337	620539	gene,mRNA	.	contig_789:620337-620539,contig_789:620337-620539
contig_7901	161019	161349	gene,mRNA	.	contig_7901:161019-161349,contig_7901:161019-161349
contig_7925	52445	52602	intergenic	.	contig_7925:52445-52602
contig_7925	72027	72119	intergenic	.	contig_7925:72027-72119
contig_7925	206678	207031	gene,mRNA	.	contig_7925:206678-207031,contig_7925:206678-207031
contig_7925	439800	439854	intergenic	.	contig_7925:439800-439854
contig_7925	581906	582102	intergenic	.	contig_7925:581906-582102
contig_7925	764974	765180	intergenic	.	contig_7925:764974-765180
contig_7925	784873	785032	intergenic	.	contig_7925:784873-785032
contig_7925	795410	795581	intergenic	.	contig_7925:795410-795581
contig_7925	795928	796028	intergenic	.	contig_7925:795928-796028
contig_7925	796703	796966	intergenic	.	contig_7925:796703-796966
contig_7925	874327	874437	intergenic	.	contig_7925:874327-874437
contig_7925	874497	874564	intergenic	.	contig_7925:874497-874564
contig_794	738984	739225	intergenic	.	contig_794:738984-739225
contig_7943	134920	134950	intergenic	.	contig_7943:134920-134950
contig_7943	135002	135156	intergenic	.	contig_7943:135002-135156
contig_7943	399654	399993	gene,mRNA	.	contig_7943:399654-399993,contig_7943:399654-399993
contig_7943	648489	648615	gene,mRNA	.	contig_7943:648489-648615,contig_7943:648489-648615
contig_7956	2585	2838	intergenic	.	contig_7956:2585-2838
contig_7956	3681	3830	intergenic	.	contig_7956:3681-3830
contig_7988	160123	160426	intergenic	.	contig_7988:160123-160426
contig_8010	128333	128383	gene,mRNA	.	contig_8010:128333-128383,contig_8010:128333-128383
contig_8014	2279	2318	intergenic	.	contig_8014:2279-2318
contig_8014	233937	234457	intergenic	.	contig_8014:233937-234457
contig_8014	266518	267081	gene,mRNA	.	contig_8014:266518-267081,contig_8014:266518-267081
contig_8014	380566	380814	intergenic	.	contig_8014:380566-380814
contig_8014	403142	403276	intergenic	.	contig_8014:403142-403276
contig_8014	428048	428303	intergenic	.	contig_8014:428048-428303
contig_8014	443775	443839	intergenic	.	contig_8014:443775-443839
contig_8014	444123	444259	intergenic	.	contig_8014:444123-444259
contig_8014	582116	582233	gene	.	contig_8014:582116-582233
contig_8014	669271	669698	intergenic	.	contig_8014:669271-669698
contig_8021	46623	46778	gene,mRNA	.	contig_8021:46623-46778,contig_8021:46623-46778
contig_8021	46845	46928	gene,mRNA	.	contig_8021:46845-46928,contig_8021:46845-46928
contig_8021	47263	47478	gene,mRNA	.	contig_8021:47263-47478,contig_8021:47263-47478
contig_8031	32746	32980	intergenic	.	contig_8031:32746-32980
contig_8035	18783	18888	intergenic	.	contig_8035:18783-18888
contig_8057	429717	429958	intergenic	.	contig_8057:429717-429958
contig_8057	522779	522881	intergenic	.	contig_8057:522779-522881
contig_8057	657382	657512	intergenic	.	contig_8057:657382-657512
contig_8057	884251	884381	intergenic	.	contig_8057:884251-884381
contig_806	138182	138447	intergenic	.	contig_806:138182-138447
contig_806	159211	159287	intergenic	.	contig_806:159211-159287
contig_806	230479	230758	intergenic	.	contig_806:230479-230758
contig_806	278204	278527	intergenic	.	contig_806:278204-278527
contig_806	1470545	1470605	gene,mRNA	.	contig_806:1470545-1470605,contig_806:1470545-1470605
contig_806	2130382	2130444	intergenic	.	contig_806:2130382-2130444
contig_806	2131332	2131462	intergenic	.	contig_806:2131332-2131462
contig_806	2172901	2173112	intergenic	.	contig_806:2172901-2173112
contig_806	2256968	2257047	intergenic	.	contig_806:2256968-2257047
contig_806	2257271	2257321	intergenic	.	contig_806:2257271-2257321
contig_806	2418378	2418474	intergenic	.	contig_806:2418378-2418474
contig_806	2418611	2418793	intergenic	.	contig_806:2418611-2418793
contig_806	3365685	3365928	intergenic	.	contig_806:3365685-3365928
contig_806	3484503	3484668	intergenic	.	contig_806:3484503-3484668
contig_806	3715066	3715125	intergenic	.	contig_806:3715066-3715125
contig_8086	407401	407648	intergenic	.	contig_8086:407401-407648
contig_811	382580	382737	gene,mRNA	.	contig_811:382580-382737,contig_811:382580-382737
contig_811	538465	538575	intergenic	.	contig_811:538465-538575
contig_811	750132	750216	intergenic	.	contig_811:750132-750216
contig_812	74351	74416	gene,mRNA	.	contig_812:74351-74416,contig_812:74351-74416
contig_8121	248058	248269	intergenic	.	contig_8121:248058-248269
contig_8121	519638	519706	intergenic	.	contig_8121:519638-519706
contig_8121	565232	565417	intergenic	.	contig_8121:565232-565417
contig_8121	992218	992498	intergenic	.	contig_8121:992218-992498
contig_8121	2075818	2075992	intergenic	.	contig_8121:2075818-2075992
contig_8121	2094932	2095123	intergenic	.	contig_8121:2094932-2095123
contig_8121	2106793	2107017	intergenic	.	contig_8121:2106793-2107017
contig_8121	2205355	2205498	intergenic	.	contig_8121:2205355-2205498
contig_8124	82036	82111	intergenic	.	contig_8124:82036-82111
contig_8124	150211	150264	gene,mRNA	.	contig_8124:150211-150264,contig_8124:150211-150264
contig_8124	239791	240202	intergenic	.	contig_8124:239791-240202
contig_8124	1749644	1749755	intergenic	.	contig_8124:1749644-1749755
contig_8124	1957474	1957535	intergenic	.	contig_8124:1957474-1957535
contig_8124	2358488	2358580	intergenic	.	contig_8124:2358488-2358580
contig_8127	95184	95254	intergenic	.	contig_8127:95184-95254
contig_8127	184727	184822	intergenic	.	contig_8127:184727-184822
contig_8127	203806	203857	intergenic	.	contig_8127:203806-203857
contig_8127	227663	227832	intergenic	.	contig_8127:227663-227832
contig_8127	328856	328987	intergenic	.	contig_8127:328856-328987
contig_8127	367567	367695	intergenic	.	contig_8127:367567-367695
contig_8127	367755	368015	intergenic	.	contig_8127:367755-368015
contig_813	207726	208193	intergenic	.	contig_813:207726-208193
contig_813	280050	280122	intergenic	.	contig_813:280050-280122
contig_813	284257	284382	intergenic	.	contig_813:284257-284382
contig_8140	100808	101009	intergenic	.	contig_8140:100808-101009
contig_8140	152402	152443	intergenic	.	contig_8140:152402-152443
contig_8140	156568	156681	intergenic	.	contig_8140:156568-156681
contig_8142	150451	150868	gene,mRNA	.	contig_8142:150451-150868,contig_8142:150451-150868
contig_816	306176	306315	intergenic	.	contig_816:306176-306315
contig_816	406772	406857	intergenic	.	contig_816:406772-406857
contig_816	683456	683577	gene,mRNA	.	contig_816:683456-683577,contig_816:683456-683577
contig_816	748012	748299	gene,mRNA	.	contig_816:748012-748299,contig_816:748012-748299
contig_8167	213901	213986	intergenic	.	contig_8167:213901-213986
contig_8167	242179	242283	intergenic	.	contig_8167:242179-242283
contig_8167	641243	641372	intergenic	.	contig_8167:641243-641372
contig_8171	14284	14343	intergenic	.	contig_8171:14284-14343
contig_820	596193	596388	intergenic	.	contig_820:596193-596388
contig_820	728401	728577	intergenic	.	contig_820:728401-728577
contig_820	798904	799088	intergenic	.	contig_820:798904-799088
contig_820	852673	852954	intergenic	.	contig_820:852673-852954
contig_820	886826	886957	intergenic	.	contig_820:886826-886957
contig_820	1200091	1200175	intergenic	.	contig_820:1200091-1200175
contig_820	1237006	1237132	intergenic	.	contig_820:1237006-1237132
contig_8224	198338	198524	intergenic	.	contig_8224:198338-198524
contig_8224	475155	475363	intergenic	.	contig_8224:475155-475363
contig_8224	607856	607932	gene,mRNA	.	contig_8224:607856-607932,contig_8224:607856-607932
contig_8224	655534	655717	intergenic	.	contig_8224:655534-655717
contig_8232	399467	399555	gene,mRNA	.	contig_8232:399467-399555,contig_8232:399467-399555
contig_8235	520275	520397	intergenic	.	contig_8235:520275-520397
contig_8235	520275	520453	gene,polyA_signal_sequence	.	contig_8235:520275-520453,contig_8235:520275-520453
contig_8244	26664	26814	intergenic	.	contig_8244:26664-26814
contig_8244	252513	252770	gene,mRNA,exon,CDS	.	contig_8244:252513-252770,contig_8244:252513-252770,contig_8244:252513-252770,contig_8244:252513-252770
contig_8244	291834	292025	intergenic	.	contig_8244:291834-292025
contig_8244	699977	700079	intergenic	.	contig_8244:699977-700079
contig_8244	700231	700330	intergenic	.	contig_8244:700231-700330
contig_8244	962000	962096	intergenic	.	contig_8244:962000-962096
contig_8244	1044095	1044300	intergenic	.	contig_8244:1044095-1044300
contig_8244	1110683	1110944	intergenic	.	contig_8244:1110683-1110944
contig_8277	120640	120837	intergenic	.	contig_8277:120640-120837
contig_8277	192673	192703	intergenic	.	contig_8277:192673-192703
contig_828	142684	143022	intergenic	.	contig_828:142684-143022
contig_828	501051	501193	gene,mRNA	.	contig_828:501051-501193,contig_828:501051-501193
contig_828	696044	696236	intergenic	.	contig_828:696044-696236
contig_828	910191	910299	gene,mRNA	.	contig_828:910191-910299,contig_828:910191-910299
contig_828	923556	923699	gene,mRNA	.	contig_828:923556-923699,contig_828:923556-923699
contig_828	1268121	1268396	intergenic	.	contig_828:1268121-1268396
contig_828	1365567	1365887	gene,mRNA	.	contig_828:1365567-1365887,contig_828:1365567-1365887
contig_828	1728967	1728999	intergenic	.	contig_828:1728967-1728999
contig_828	1728967	1729297	gene,mRNA,start_codon,exon,CDS	.	contig_828:1728967-1729297,contig_828:1728967-1729297,contig_828:1728967-1729297,contig_828:1728967-1729297,contig_828:1728967-1729297
contig_828	1930226	1930327	gene,mRNA	.	contig_828:1930226-1930327,contig_828:1930226-1930327
contig_829	41165	41257	intergenic	.	contig_829:41165-41257
contig_83	130397	130523	gene,mRNA	.	contig_83:130397-130523,contig_83:130397-130523
contig_832	1654375	1654593	intergenic	.	contig_832:1654375-1654593
contig_832	2296620	2296703	intergenic	.	contig_832:2296620-2296703
contig_834	1051541	1052050	intergenic	.	contig_834:1051541-1052050
contig_835	123939	124048	intergenic	.	contig_835:123939-124048
contig_835	342460	342576	intergenic	.	contig_835:342460-342576
contig_835	438403	438467	intergenic	.	contig_835:438403-438467
contig_835	630771	631026	intergenic	.	contig_835:630771-631026
contig_835	911249	911316	intergenic	.	contig_835:911249-911316
contig_835	981722	981886	exon,CDS,gene,mRNA	.	contig_835:981722-981886,contig_835:981722-981886,contig_835:981722-981886,contig_835:981722-981886
contig_835	1453895	1453971	intergenic	.	contig_835:1453895-1453971
contig_835	1454200	1454276	intergenic	.	contig_835:1454200-1454276
contig_835	1548785	1549024	intergenic	.	contig_835:1548785-1549024
contig_835	2003936	2004213	intergenic	.	contig_835:2003936-2004213
contig_835	2285623	2285718	intergenic	.	contig_835:2285623-2285718
contig_835	2653721	2653899	intergenic	.	contig_835:2653721-2653899
contig_835	2965089	2965198	intergenic	.	contig_835:2965089-2965198
contig_835	3119029	3119404	intergenic	.	contig_835:3119029-3119404
contig_835	3608021	3608336	intergenic	.	contig_835:3608021-3608336
contig_835	3707269	3707362	intergenic	.	contig_835:3707269-3707362
contig_836	556989	557055	gene,mRNA	.	contig_836:556989-557055,contig_836:556989-557055
contig_836	580863	580951	intergenic	.	contig_836:580863-580951
contig_838	66125	66212	gene,mRNA	.	contig_838:66125-66212,contig_838:66125-66212
contig_8381	47879	47946	intergenic	.	contig_8381:47879-47946
contig_842	79006	79314	stop_codon,exon,CDS,gene,mRNA	.	contig_842:79006-79314,contig_842:79006-79314,contig_842:79006-79314,contig_842:79006-79314,contig_842:79006-79314
contig_842	79414	79514	exon,CDS,gene,mRNA	.	contig_842:79414-79514,contig_842:79414-79514,contig_842:79414-79514,contig_842:79414-79514
contig_842	79755	79855	exon,CDS,gene,mRNA	.	contig_842:79755-79855,contig_842:79755-79855,contig_842:79755-79855,contig_842:79755-79855
contig_842	80057	80157	gene,mRNA	.	contig_842:80057-80157,contig_842:80057-80157
contig_842	80355	80452	gene,mRNA	.	contig_842:80355-80452,contig_842:80355-80452
contig_842	82844	82940	exon,CDS,exon,CDS,start_codon,gene,mRNA	.	contig_842:82844-82940,contig_842:82844-82940,contig_842:82844-82940,contig_842:82844-82940,contig_842:82844-82940,contig_842:82844-82940,contig_842:82844-82940
contig_842	82907	82940	intergenic	.	contig_842:82907-82940
contig_843	58250	58316	intergenic	.	contig_843:58250-58316
contig_843	59881	60164	intergenic	.	contig_843:59881-60164
contig_843	250793	250924	intergenic	.	contig_843:250793-250924
contig_843	667450	667522	intergenic	.	contig_843:667450-667522
contig_843	777173	777354	intergenic	.	contig_843:777173-777354
contig_843	1022604	1022795	intergenic	.	contig_843:1022604-1022795
contig_843	1071576	1071734	gene,mRNA	.	contig_843:1071576-1071734,contig_843:1071576-1071734
contig_843	1072213	1072382	gene,mRNA	.	contig_843:1072213-1072382,contig_843:1072213-1072382
contig_843	1098120	1098231	gene,mRNA	.	contig_843:1098120-1098231,contig_843:1098120-1098231
contig_843	1268861	1268957	intergenic	.	contig_843:1268861-1268957
contig_844	242712	242772	gene,mRNA	.	contig_844:242712-242772,contig_844:242712-242772
contig_844	243452	243532	gene,mRNA	.	contig_844:243452-243532,contig_844:243452-243532
contig_844	298874	298989	intergenic	.	contig_844:298874-298989
contig_8448	77726	77792	intergenic	.	contig_8448:77726-77792
contig_8448	191708	191934	intergenic	.	contig_8448:191708-191934
contig_8448	310257	310686	intergenic	.	contig_8448:310257-310686
contig_8448	311045	311099	intergenic	.	contig_8448:311045-311099
contig_8448	311404	311443	intergenic	.	contig_8448:311404-311443
contig_8448	421737	421818	intergenic	.	contig_8448:421737-421818
contig_846	669784	670022	intergenic	.	contig_846:669784-670022
contig_846	997641	997701	intergenic	.	contig_846:997641-997701
contig_846	1093832	1093890	gene,mRNA	.	contig_846:1093832-1093890,contig_846:1093832-1093890
contig_846	1445924	1445989	intergenic	.	contig_846:1445924-1445989
contig_846	1446097	1446139	intergenic	.	contig_846:1446097-1446139
contig_846	2890056	2890243	intergenic	.	contig_846:2890056-2890243
contig_8477	153688	153724	gene,mRNA	.	contig_8477:153688-153724,contig_8477:153688-153724
contig_8495	477739	477827	intergenic	.	contig_8495:477739-477827
contig_8502	402950	403395	intergenic	.	contig_8502:402950-403395
contig_852	30071	30219	intergenic	.	contig_852:30071-30219
contig_852	362120	362286	intergenic	.	contig_852:362120-362286
contig_852	451365	451724	intergenic	.	contig_852:451365-451724
contig_852	570722	570878	intergenic	.	contig_852:570722-570878
contig_852	754128	754226	gene,mRNA	.	contig_852:754128-754226,contig_852:754128-754226
contig_852	1606985	1607081	gene,mRNA	.	contig_852:1606985-1607081,contig_852:1606985-1607081
contig_852	1793841	1794058	gene,mRNA	.	contig_852:1793841-1794058,contig_852:1793841-1794058
contig_852	1851988	1852221	gene,mRNA	.	contig_852:1851988-1852221,contig_852:1851988-1852221
contig_8528	100002	100145	intergenic	.	contig_8528:100002-100145
contig_8528	848343	848496	intergenic	.	contig_8528:848343-848496
contig_8528	1189178	1189425	intergenic	.	contig_8528:1189178-1189425
contig_8544	213048	213106	intergenic	.	contig_8544:213048-213106
contig_8544	428832	428977	intergenic	.	contig_8544:428832-428977
contig_857	175950	176178	intergenic	.	contig_857:175950-176178
contig_857	198391	198741	intergenic	.	contig_857:198391-198741
contig_857	459574	459779	intergenic	.	contig_857:459574-459779
contig_857	459574	459835	gene,polyA_signal_sequence	.	contig_857:459574-459835,contig_857:459574-459835
contig_857	670791	671034	intergenic	.	contig_857:670791-671034
contig_857	721721	721928	intergenic	.	contig_857:721721-721928
contig_857	848557	848806	intergenic	.	contig_857:848557-848806
contig_857	1111612	1111697	intergenic	.	contig_857:1111612-1111697
contig_857	1839762	1839969	intergenic	.	contig_857:1839762-1839969
contig_857	2000678	2000890	intergenic	.	contig_857:2000678-2000890
contig_857	2019069	2019180	intergenic	.	contig_857:2019069-2019180
contig_857	2023335	2023372	intergenic	.	contig_857:2023335-2023372
contig_8572	467307	467559	intergenic	.	contig_8572:467307-467559
contig_8572	517496	517871	intergenic	.	contig_8572:517496-517871
contig_8572	549733	549773	intergenic	.	contig_8572:549733-549773
contig_8575	108852	109035	intergenic	.	contig_8575:108852-109035
contig_8575	109579	109627	intergenic	.	contig_8575:109579-109627
contig_8575	234109	234205	intergenic	.	contig_8575:234109-234205
contig_8575	234285	234333	intergenic	.	contig_8575:234285-234333
contig_8575	235116	235351	intergenic	.	contig_8575:235116-235351
contig_8575	657407	657463	intergenic	.	contig_8575:657407-657463
contig_8575	971167	971280	intergenic	.	contig_8575:971167-971280
contig_8575	971493	971641	intergenic	.	contig_8575:971493-971641
contig_8575	1386185	1386413	intergenic	.	contig_8575:1386185-1386413
contig_8575	1715974	1716144	intergenic	.	contig_8575:1715974-1716144
contig_8575	1716364	1716496	intergenic	.	contig_8575:1716364-1716496
contig_8575	2028645	2028786	intergenic	.	contig_8575:2028645-2028786
contig_8575	2389241	2389496	intergenic	.	contig_8575:2389241-2389496
contig_8575	2543997	2544086	gene,mRNA	.	contig_8575:2543997-2544086,contig_8575:2543997-2544086
contig_8575	2626171	2626255	intergenic	.	contig_8575:2626171-2626255
contig_8575	2920752	2920857	gene,mRNA	.	contig_8575:2920752-2920857,contig_8575:2920752-2920857
contig_8575	3064877	3065123	gene,mRNA	.	contig_8575:3064877-3065123,contig_8575:3064877-3065123
contig_8575	3417347	3417551	intergenic	.	contig_8575:3417347-3417551
contig_8575	3550158	3550333	intergenic	.	contig_8575:3550158-3550333
contig_8575	3733481	3733699	intergenic	.	contig_8575:3733481-3733699
contig_8575	3900759	3900888	intergenic	.	contig_8575:3900759-3900888
contig_8575	4439018	4439231	intergenic	.	contig_8575:4439018-4439231
contig_8575	4812519	4812735	intergenic	.	contig_8575:4812519-4812735
contig_8575	5040842	5041144	intergenic	.	contig_8575:5040842-5041144
contig_8575	5116130	5116240	intergenic	.	contig_8575:5116130-5116240
contig_8575	5646016	5646200	intergenic	.	contig_8575:5646016-5646200
contig_8575	5715957	5716192	intergenic	.	contig_8575:5715957-5716192
contig_8575	5762823	5762878	intergenic	.	contig_8575:5762823-5762878
contig_8575	5986026	5986143	intergenic	.	contig_8575:5986026-5986143
contig_8575	5986194	5986350	intergenic	.	contig_8575:5986194-5986350
contig_8575	5996278	5996457	intergenic	.	contig_8575:5996278-5996457
contig_8575	6075066	6075339	intergenic	.	contig_8575:6075066-6075339
contig_8575	6099164	6099310	intergenic	.	contig_8575:6099164-6099310
contig_8575	6704997	6705580	intergenic	.	contig_8575:6704997-6705580
contig_8575	6840468	6840573	intergenic	.	contig_8575:6840468-6840573
contig_8575	6863827	6864350	intergenic	.	contig_8575:6863827-6864350
contig_8575	7099380	7099480	intergenic	.	contig_8575:7099380-7099480
contig_8575	7925131	7925302	gene,mRNA	.	contig_8575:7925131-7925302,contig_8575:7925131-7925302
contig_8575	8154921	8155190	intergenic	.	contig_8575:8154921-8155190
contig_8601	227052	227343	intergenic	.	contig_8601:227052-227343
contig_8601	366382	366534	intergenic	.	contig_8601:366382-366534
contig_8612	76570	76638	intergenic	.	contig_8612:76570-76638
contig_8635	459719	459986	gene,mRNA	.	contig_8635:459719-459986,contig_8635:459719-459986
contig_8635	546369	546542	intergenic	.	contig_8635:546369-546542
contig_8635	850162	850364	gene,mRNA	.	contig_8635:850162-850364,contig_8635:850162-850364
contig_8635	1483645	1483692	intergenic	.	contig_8635:1483645-1483692
contig_865	498748	498808	intergenic	.	contig_865:498748-498808
contig_869	288872	289119	intergenic	.	contig_869:288872-289119
contig_8712	28147	28454	intergenic	.	contig_8712:28147-28454
contig_8712	287796	287885	intergenic	.	contig_8712:287796-287885
contig_8712	287954	288223	intergenic	.	contig_8712:287954-288223
contig_872	1065723	1066025	intergenic	.	contig_872:1065723-1066025
contig_872	1230788	1230892	intergenic	.	contig_872:1230788-1230892
contig_872	1242936	1243204	intergenic	.	contig_872:1242936-1243204
contig_872	1402457	1402542	intergenic	.	contig_872:1402457-1402542
contig_872	1679119	1679212	intergenic	.	contig_872:1679119-1679212
contig_874	5478	5580	intergenic	.	contig_874:5478-5580
contig_876	1517848	1517973	intergenic	.	contig_876:1517848-1517973
contig_876	1528733	1528809	intergenic	.	contig_876:1528733-1528809
contig_876	1679068	1679210	gene,mRNA	.	contig_876:1679068-1679210,contig_876:1679068-1679210
contig_877	214766	214910	intergenic	.	contig_877:214766-214910
contig_877	320245	320473	intergenic	.	contig_877:320245-320473
contig_877	462946	463158	intergenic	.	contig_877:462946-463158
contig_877	676830	677000	gene,mRNA	.	contig_877:676830-677000,contig_877:676830-677000
contig_877	1257859	1257968	intergenic	.	contig_877:1257859-1257968
contig_878	467150	467452	intergenic	.	contig_878:467150-467452
contig_878	887738	888057	intergenic	.	contig_878:887738-888057
contig_88	375288	375343	intergenic	.	contig_88:375288-375343
contig_88	611975	612057	intergenic	.	contig_88:611975-612057
contig_88	719665	719737	gene,mRNA	.	contig_88:719665-719737,contig_88:719665-719737
contig_88	1041335	1041450	intergenic	.	contig_88:1041335-1041450
contig_88	1326817	1326879	intergenic	.	contig_88:1326817-1326879
contig_88	1539949	1540160	intergenic	.	contig_88:1539949-1540160
contig_882	72089	72217	intergenic	.	contig_882:72089-72217
contig_8831	334902	335129	intergenic	.	contig_8831:334902-335129
contig_8831	360065	360119	intergenic	.	contig_8831:360065-360119
contig_8831	360200	360263	intergenic	.	contig_8831:360200-360263
contig_8831	630516	630743	intergenic	.	contig_8831:630516-630743
contig_8831	887569	887650	intergenic	.	contig_8831:887569-887650
contig_886	34691	34794	intergenic	.	contig_886:34691-34794
contig_886	586615	586832	intergenic	.	contig_886:586615-586832
contig_886	1007740	1007778	intergenic	.	contig_886:1007740-1007778
contig_886	1113499	1113709	intergenic	.	contig_886:1113499-1113709
contig_886	1249922	1249998	intergenic	.	contig_886:1249922-1249998
contig_886	1294062	1294197	intergenic	.	contig_886:1294062-1294197
contig_886	1343909	1344094	intergenic	.	contig_886:1343909-1344094
contig_886	1484713	1484813	gene,mRNA	.	contig_886:1484713-1484813,contig_886:1484713-1484813
contig_886	1617290	1617436	intergenic	.	contig_886:1617290-1617436
contig_886	1777175	1777338	intergenic	.	contig_886:1777175-1777338
contig_886	1897187	1897369	gene,mRNA	.	contig_886:1897187-1897369,contig_886:1897187-1897369
contig_8871	414540	414853	intergenic	.	contig_8871:414540-414853
contig_8871	491655	491877	gene,mRNA	.	contig_8871:491655-491877,contig_8871:491655-491877
contig_8874	363036	363191	gene,mRNA	.	contig_8874:363036-363191,contig_8874:363036-363191
contig_8874	1116682	1116827	intergenic	.	contig_8874:1116682-1116827
contig_8874	1431975	1432212	intergenic	.	contig_8874:1431975-1432212
contig_8874	1445734	1446069	gene,mRNA,exon,CDS,start_codon	.	contig_8874:1445734-1446069,contig_8874:1445734-1446069,contig_8874:1445734-1446069,contig_8874:1445734-1446069,contig_8874:1445734-1446069
contig_8874	1445978	1446069	intergenic	.	contig_8874:1445978-1446069
contig_8887	433083	433230	intergenic	.	contig_8887:433083-433230
contig_8887	1050464	1050539	intergenic	.	contig_8887:1050464-1050539
contig_8887	1050685	1050733	intergenic	.	contig_8887:1050685-1050733
contig_889	74725	74822	gene,mRNA	.	contig_889:74725-74822,contig_889:74725-74822
contig_889	230885	231178	exon,CDS,gene,mRNA	.	contig_889:230885-231178,contig_889:230885-231178,contig_889:230885-231178,contig_889:230885-231178
contig_889	288997	289222	intergenic	.	contig_889:288997-289222
contig_889	295579	295654	intergenic	.	contig_889:295579-295654
contig_889	295840	295916	intergenic	.	contig_889:295840-295916
contig_889	377478	377524	intergenic	.	contig_889:377478-377524
contig_889	473501	473609	intergenic	.	contig_889:473501-473609
contig_889	789934	789972	intergenic	.	contig_889:789934-789972
contig_889	869515	869741	gene,mRNA,exon,CDS	.	contig_889:869515-869741,contig_889:869515-869741,contig_889:869515-869741,contig_889:869515-869741
contig_889	976993	977045	gene,mRNA	.	contig_889:976993-977045,contig_889:976993-977045
contig_891	392678	392754	gene,mRNA	.	contig_891:392678-392754,contig_891:392678-392754
contig_8932	421400	421593	intergenic	.	contig_8932:421400-421593
contig_8932	552262	552355	intergenic	.	contig_8932:552262-552355
contig_8949	139313	139350	intergenic	.	contig_8949:139313-139350
contig_8949	167407	167603	intergenic	.	contig_8949:167407-167603
contig_8949	332922	333128	gene,mRNA	.	contig_8949:332922-333128,contig_8949:332922-333128
contig_8949	341661	341761	intergenic	.	contig_8949:341661-341761
contig_896	159357	159489	intergenic	.	contig_896:159357-159489
contig_896	478245	478447	intergenic	.	contig_896:478245-478447
contig_8967	37	164	intergenic	.	contig_8967:37-164
contig_8985	470575	470938	intergenic	.	contig_8985:470575-470938
contig_8985	595432	595691	intergenic	.	contig_8985:595432-595691
contig_8985	648002	648183	intergenic	.	contig_8985:648002-648183
contig_8993	35767	35903	intergenic	.	contig_8993:35767-35903
contig_90	293238	293268	intergenic	.	contig_90:293238-293268
contig_9007	293968	294021	intergenic	.	contig_9007:293968-294021
contig_9007	690037	690226	intergenic	.	contig_9007:690037-690226
contig_9007	767544	767637	intergenic	.	contig_9007:767544-767637
contig_9007	919915	920030	intergenic	.	contig_9007:919915-920030
contig_901	162255	162429	intergenic	.	contig_901:162255-162429
contig_906	200178	200212	intergenic	.	contig_906:200178-200212
contig_906	517693	517854	intergenic	.	contig_906:517693-517854
contig_906	1584331	1584447	intergenic	.	contig_906:1584331-1584447
contig_906	1990094	1990320	intergenic	.	contig_906:1990094-1990320
contig_906	2098050	2098173	gene,mRNA	.	contig_906:2098050-2098173,contig_906:2098050-2098173
contig_906	2524531	2524694	intergenic	.	contig_906:2524531-2524694
contig_906	2651401	2651615	intergenic	.	contig_906:2651401-2651615
contig_906	2883536	2883826	intergenic	.	contig_906:2883536-2883826
contig_906	3306559	3306709	intergenic	.	contig_906:3306559-3306709
contig_906	3496252	3496645	intergenic	.	contig_906:3496252-3496645
contig_906	3869220	3869345	intergenic	.	contig_906:3869220-3869345
contig_906	3999588	3999750	intergenic	.	contig_906:3999588-3999750
contig_906	4000027	4000064	intergenic	.	contig_906:4000027-4000064
contig_906	4200878	4200938	intergenic	.	contig_906:4200878-4200938
contig_908	360777	360999	intergenic	.	contig_908:360777-360999
contig_908	395572	395717	intergenic	.	contig_908:395572-395717
contig_908	548971	549082	intergenic	.	contig_908:548971-549082
contig_908	550534	550544	intergenic	.	contig_908:550534-550544
contig_908	550534	550760	start_codon,exon,CDS,gene,mRNA	.	contig_908:550534-550760,contig_908:550534-550760,contig_908:550534-550760,contig_908:550534-550760,contig_908:550534-550760
contig_908	1061044	1061300	intergenic	.	contig_908:1061044-1061300
contig_908	1651084	1651658	intergenic	.	contig_908:1651084-1651658
contig_908	2178573	2178869	intergenic	.	contig_908:2178573-2178869
contig_908	2292223	2292550	intergenic	.	contig_908:2292223-2292550
contig_908	2404610	2404643	intergenic	.	contig_908:2404610-2404643
contig_908	2769315	2769545	intergenic	.	contig_908:2769315-2769545
contig_908	2974065	2974287	intergenic	.	contig_908:2974065-2974287
contig_908	3020661	3020720	intergenic	.	contig_908:3020661-3020720
contig_908	3023761	3023870	intergenic	.	contig_908:3023761-3023870
contig_908	3719128	3719196	intergenic	.	contig_908:3719128-3719196
contig_908	3818378	3818578	gene,mRNA	.	contig_908:3818378-3818578,contig_908:3818378-3818578
contig_908	4305665	4305917	gene,mRNA	.	contig_908:4305665-4305917,contig_908:4305665-4305917
contig_909	723810	723872	intergenic	.	contig_909:723810-723872
contig_909	871118	871249	intergenic	.	contig_909:871118-871249
contig_909	961622	961862	intergenic	.	contig_909:961622-961862
contig_9187	53079	53178	intergenic	.	contig_9187:53079-53178
contig_9187	159731	160119	intergenic	.	contig_9187:159731-160119
contig_9187	160216	160336	intergenic	.	contig_9187:160216-160336
contig_9187	160415	160456	intergenic	.	contig_9187:160415-160456
contig_9187	243912	244041	gene,mRNA	.	contig_9187:243912-244041,contig_9187:243912-244041
contig_9187	247529	247892	gene,mRNA	.	contig_9187:247529-247892,contig_9187:247529-247892
contig_9187	324620	324766	intergenic	.	contig_9187:324620-324766
contig_9187	422171	422355	intergenic	.	contig_9187:422171-422355
contig_9187	444376	444476	gene,mRNA	.	contig_9187:444376-444476,contig_9187:444376-444476
contig_9187	466619	466728	intergenic	.	contig_9187:466619-466728
contig_9187	562552	562663	gene,mRNA	.	contig_9187:562552-562663,contig_9187:562552-562663
contig_9187	601899	602004	gene,mRNA	.	contig_9187:601899-602004,contig_9187:601899-602004
contig_9187	674815	674916	gene,mRNA	.	contig_9187:674815-674916,contig_9187:674815-674916
contig_9187	675005	675204	gene,mRNA	.	contig_9187:675005-675204,contig_9187:675005-675204
contig_9187	753559	753615	gene,mRNA	.	contig_9187:753559-753615,contig_9187:753559-753615
contig_9187	849144	849236	intergenic	.	contig_9187:849144-849236
contig_9187	868705	868878	gene,mRNA	.	contig_9187:868705-868878,contig_9187:868705-868878
contig_9187	1382095	1382329	intergenic	.	contig_9187:1382095-1382329
contig_9190	308629	308997	intergenic	.	contig_9190:308629-308997
contig_9190	316860	317014	intergenic	.	contig_9190:316860-317014
contig_9190	324826	324936	intergenic	.	contig_9190:324826-324936
contig_921	320137	320208	gene,mRNA	.	contig_921:320137-320208,contig_921:320137-320208
contig_921	634385	634472	intergenic	.	contig_921:634385-634472
contig_9215	2496	2817	gene,mRNA,exon,CDS	.	contig_9215:2496-2817,contig_9215:2496-2817,contig_9215:2496-2817,contig_9215:2496-2817
contig_922	150531	150585	gene,mRNA	.	contig_922:150531-150585,contig_922:150531-150585
contig_922	355079	355152	intergenic	.	contig_922:355079-355152
contig_9226	1650451	1650635	intergenic	.	contig_9226:1650451-1650635
contig_9256	22551	22639	intergenic	.	contig_9256:22551-22639
contig_9256	230538	230815	intergenic	.	contig_9256:230538-230815
contig_9256	235636	235709	intergenic	.	contig_9256:235636-235709
contig_9258	38257	38472	intergenic	.	contig_9258:38257-38472
contig_9258	251389	251486	intergenic	.	contig_9258:251389-251486
contig_927	167238	167554	gene,mRNA,exon,CDS	.	contig_927:167238-167554,contig_927:167238-167554,contig_927:167238-167554,contig_927:167238-167554
contig_929	112240	112474	intergenic	.	contig_929:112240-112474
contig_9291	135727	135927	gene,mRNA,exon,CDS	.	contig_9291:135727-135927,contig_9291:135727-135927,contig_9291:135727-135927,contig_9291:135727-135927
contig_9291	314146	314207	intergenic	.	contig_9291:314146-314207
contig_9291	1053994	1054182	gene,mRNA	.	contig_9291:1053994-1054182,contig_9291:1053994-1054182
contig_9305	149947	150424	intergenic	.	contig_9305:149947-150424
contig_9305	382303	382629	intergenic	.	contig_9305:382303-382629
contig_9305	393324	393390	intergenic	.	contig_9305:393324-393390
contig_9305	448871	449099	intergenic	.	contig_9305:448871-449099
contig_9305	545525	545560	intergenic	.	contig_9305:545525-545560
contig_9305	633207	633503	intergenic	.	contig_9305:633207-633503
contig_9305	677164	677334	intergenic	.	contig_9305:677164-677334
contig_9355	63215	63637	intergenic	.	contig_9355:63215-63637
contig_9362	86743	86878	intergenic	.	contig_9362:86743-86878
contig_9362	508827	509047	intergenic	.	contig_9362:508827-509047
contig_939	123403	123596	intergenic	.	contig_939:123403-123596
contig_939	258826	258880	intergenic	.	contig_939:258826-258880
contig_939	471660	471739	gene,mRNA	.	contig_939:471660-471739,contig_939:471660-471739
contig_939	568701	568891	gene,mRNA	.	contig_939:568701-568891,contig_939:568701-568891
contig_939	948568	948743	intergenic	.	contig_939:948568-948743
contig_939	954995	955295	intergenic	.	contig_939:954995-955295
contig_939	1051255	1051682	intergenic	.	contig_939:1051255-1051682
contig_939	1260861	1260986	gene,mRNA	.	contig_939:1260861-1260986,contig_939:1260861-1260986
contig_939	1281751	1281871	intergenic	.	contig_939:1281751-1281871
contig_939	1728870	1728967	intergenic	.	contig_939:1728870-1728967
contig_939	1762969	1763246	intergenic	.	contig_939:1762969-1763246
contig_939	1781767	1781983	intergenic	.	contig_939:1781767-1781983
contig_939	1848740	1848816	intergenic	.	contig_939:1848740-1848816
contig_939	1894047	1894124	intergenic	.	contig_939:1894047-1894124
contig_939	2013792	2013940	intergenic	.	contig_939:2013792-2013940
contig_939	2014020	2014120	intergenic	.	contig_939:2014020-2014120
contig_939	2166648	2166834	intergenic	.	contig_939:2166648-2166834
contig_939	2356813	2356984	intergenic	.	contig_939:2356813-2356984
contig_939	2535541	2535752	intergenic	.	contig_939:2535541-2535752
contig_939	2535918	2535954	intergenic	.	contig_939:2535918-2535954
contig_939	2553348	2553473	intergenic	.	contig_939:2553348-2553473
contig_9427	632911	633083	gene,mRNA	.	contig_9427:632911-633083,contig_9427:632911-633083
contig_9427	633302	633488	gene,mRNA	.	contig_9427:633302-633488,contig_9427:633302-633488
contig_9463	78688	78976	intergenic	.	contig_9463:78688-78976
contig_947	165566	165646	intergenic	.	contig_947:165566-165646
contig_947	273509	273577	intergenic	.	contig_947:273509-273577
contig_947	350496	350684	intergenic	.	contig_947:350496-350684
contig_947	355030	355339	intergenic	.	contig_947:355030-355339
contig_947	775075	775126	intergenic	.	contig_947:775075-775126
contig_947	1035148	1035251	intergenic	.	contig_947:1035148-1035251
contig_947	1035332	1035414	intergenic	.	contig_947:1035332-1035414
contig_947	1319995	1320181	intergenic	.	contig_947:1319995-1320181
contig_947	2515756	2515802	intergenic	.	contig_947:2515756-2515802
contig_947	2578774	2578911	intergenic	.	contig_947:2578774-2578911
contig_947	3813064	3813484	intergenic	.	contig_947:3813064-3813484
contig_947	4817881	4817949	intergenic	.	contig_947:4817881-4817949
contig_947	5028850	5029171	intergenic	.	contig_947:5028850-5029171
contig_947	5698718	5698754	intergenic	.	contig_947:5698718-5698754
contig_947	5741369	5741513	intergenic	.	contig_947:5741369-5741513
contig_947	5861603	5861950	intergenic	.	contig_947:5861603-5861950
contig_949	299929	299973	intergenic	.	contig_949:299929-299973
contig_949	304613	304968	intergenic	.	contig_949:304613-304968
contig_949	386880	387058	intergenic	.	contig_949:386880-387058
contig_949	482097	482202	intergenic	.	contig_949:482097-482202
contig_949	604062	604159	intergenic	.	contig_949:604062-604159
contig_949	858511	858995	intergenic	.	contig_949:858511-858995
contig_9514	100797	100910	intergenic	.	contig_9514:100797-100910
contig_9514	241204	241353	intergenic	.	contig_9514:241204-241353
contig_9514	274823	275185	intergenic	.	contig_9514:274823-275185
contig_9514	515228	515392	intergenic	.	contig_9514:515228-515392
contig_9514	809837	809940	intergenic	.	contig_9514:809837-809940
contig_9514	810043	810164	intergenic	.	contig_9514:810043-810164
contig_9514	816211	816282	intergenic	.	contig_9514:816211-816282
contig_9514	886723	886999	gene,mRNA	.	contig_9514:886723-886999,contig_9514:886723-886999
contig_9514	896198	896247	gene,mRNA	.	contig_9514:896198-896247,contig_9514:896198-896247
contig_9514	911917	912349	gene,mRNA	.	contig_9514:911917-912349,contig_9514:911917-912349
contig_9520	211579	211769	intergenic	.	contig_9520:211579-211769
contig_9520	393075	393305	intergenic	.	contig_9520:393075-393305
contig_9520	412414	412515	intergenic	.	contig_9520:412414-412515
contig_9520	443460	443698	intergenic	.	contig_9520:443460-443698
contig_9522	37403	37516	gene,mRNA	.	contig_9522:37403-37516,contig_9522:37403-37516
contig_9558	239237	239329	gene,mRNA	.	contig_9558:239237-239329,contig_9558:239237-239329
contig_9558	284699	284768	gene,mRNA	.	contig_9558:284699-284768,contig_9558:284699-284768
contig_9558	337324	337388	intergenic	.	contig_9558:337324-337388
contig_9558	1173484	1173662	intergenic	.	contig_9558:1173484-1173662
contig_9558	2096276	2096592	intergenic	.	contig_9558:2096276-2096592
contig_9558	2529513	2529705	intergenic	.	contig_9558:2529513-2529705
contig_9558	2660222	2660298	intergenic	.	contig_9558:2660222-2660298
contig_9558	2946717	2946756	intergenic	.	contig_9558:2946717-2946756
contig_9558	2946717	2946775	polyA_signal_sequence,gene	.	contig_9558:2946717-2946775,contig_9558:2946717-2946775
contig_9558	2946843	2947104	gene	.	contig_9558:2946843-2947104
contig_966	282822	282890	intergenic	.	contig_966:282822-282890
contig_967	486585	486785	intergenic	.	contig_967:486585-486785
contig_967	488109	488133	intergenic	.	contig_967:488109-488133
contig_967	488109	488532	polyA_signal_sequence,stop_codon,exon,CDS,gene,mRNA	.	contig_967:488109-488532,contig_967:488109-488532,contig_967:488109-488532,contig_967:488109-488532,contig_967:488109-488532,contig_967:488109-488532
contig_967	858133	858191	gene,mRNA	.	contig_967:858133-858191,contig_967:858133-858191
contig_967	1077709	1077951	intergenic	.	contig_967:1077709-1077951
contig_9678	359430	359635	intergenic	.	contig_9678:359430-359635
contig_9686	76635	76756	gene,mRNA	.	contig_9686:76635-76756,contig_9686:76635-76756
contig_9686	126900	127115	intergenic	.	contig_9686:126900-127115
contig_9686	227942	228013	gene,mRNA	.	contig_9686:227942-228013,contig_9686:227942-228013
contig_9686	231088	231315	gene,mRNA	.	contig_9686:231088-231315,contig_9686:231088-231315
contig_9686	287920	288086	intergenic	.	contig_9686:287920-288086
contig_9686	288173	288261	intergenic	.	contig_9686:288173-288261
contig_9697	97108	97182	gene,mRNA	.	contig_9697:97108-97182,contig_9697:97108-97182
contig_9697	179428	179633	gene,mRNA	.	contig_9697:179428-179633,contig_9697:179428-179633
contig_9698	37251	37643	gene,mRNA	.	contig_9698:37251-37643,contig_9698:37251-37643
contig_9698	53484	53635	intergenic	.	contig_9698:53484-53635
contig_9699	65458	65636	intergenic	.	contig_9699:65458-65636
contig_9699	65732	65960	intergenic	.	contig_9699:65732-65960
contig_9699	111426	111622	intergenic	.	contig_9699:111426-111622
contig_970	200565	200964	intergenic	.	contig_970:200565-200964
contig_970	997312	997424	gene,mRNA	.	contig_970:997312-997424,contig_970:997312-997424
contig_970	997535	997700	gene,mRNA	.	contig_970:997535-997700,contig_970:997535-997700
contig_9705	65901	66351	gene,mRNA	.	contig_9705:65901-66351,contig_9705:65901-66351
contig_9705	322433	322586	intergenic	.	contig_9705:322433-322586
contig_9705	495071	495324	intergenic	.	contig_9705:495071-495324
contig_9705	588385	588506	gene,mRNA	.	contig_9705:588385-588506,contig_9705:588385-588506
contig_9706	162031	162317	intergenic	.	contig_9706:162031-162317
contig_971	90621	90883	gene,mRNA	.	contig_971:90621-90883,contig_971:90621-90883
contig_971	296116	296328	gene,mRNA	.	contig_971:296116-296328,contig_971:296116-296328
contig_9714	528483	528724	gene,mRNA	.	contig_9714:528483-528724,contig_9714:528483-528724
contig_9716	625751	625786	intergenic	.	contig_9716:625751-625786
contig_9716	650059	650193	gene,mRNA	.	contig_9716:650059-650193,contig_9716:650059-650193
contig_9716	713736	713930	intergenic	.	contig_9716:713736-713930
contig_9716	714218	714433	intergenic	.	contig_9716:714218-714433
contig_9716	883269	883545	intergenic	.	contig_9716:883269-883545
contig_9716	937224	937408	intergenic	.	contig_9716:937224-937408
contig_9716	1016810	1016856	intergenic	.	contig_9716:1016810-1016856
contig_9716	1075363	1075569	intergenic	.	contig_9716:1075363-1075569
contig_9716	1091548	1091864	intergenic	.	contig_9716:1091548-1091864
contig_9716	1159204	1159322	intergenic	.	contig_9716:1159204-1159322
contig_9717	174940	175022	gene,mRNA	.	contig_9717:174940-175022,contig_9717:174940-175022
contig_9718	127596	127725	intergenic	.	contig_9718:127596-127725
contig_9718	325126	325185	gene,mRNA	.	contig_9718:325126-325185,contig_9718:325126-325185
contig_9718	471811	472022	intergenic	.	contig_9718:471811-472022
contig_9722	115945	115998	intergenic	.	contig_9722:115945-115998
contig_9723	450184	450263	intergenic	.	contig_9723:450184-450263
contig_9729	344199	344407	intergenic	.	contig_9729:344199-344407
contig_973	440825	441092	gene,mRNA	.	contig_973:440825-441092,contig_973:440825-441092
contig_973	480251	480476	gene,mRNA	.	contig_973:480251-480476,contig_973:480251-480476
contig_973	1021818	1021859	gene,mRNA	.	contig_973:1021818-1021859,contig_973:1021818-1021859
contig_973	1142423	1142620	intergenic	.	contig_973:1142423-1142620
contig_9732	25870	25950	intergenic	.	contig_9732:25870-25950
contig_9732	35951	36142	intergenic	.	contig_9732:35951-36142
contig_9732	53548	53800	intergenic	.	contig_9732:53548-53800
contig_9732	70061	70233	intergenic	.	contig_9732:70061-70233
contig_9732	214607	214790	intergenic	.	contig_9732:214607-214790
contig_9732	226182	226405	intergenic	.	contig_9732:226182-226405
contig_9732	254332	254544	intergenic	.	contig_9732:254332-254544
contig_9732	267841	268014	intergenic	.	contig_9732:267841-268014
contig_9732	308660	308846	intergenic	.	contig_9732:308660-308846
contig_9732	325363	325567	intergenic	.	contig_9732:325363-325567
contig_9732	352162	352397	intergenic	.	contig_9732:352162-352397
contig_9732	474651	474734	intergenic	.	contig_9732:474651-474734
contig_9732	537722	537892	intergenic	.	contig_9732:537722-537892
contig_9736	347174	347230	intergenic	.	contig_9736:347174-347230
contig_9738	28796	29161	intergenic	.	contig_9738:28796-29161
contig_9740	187967	188284	intergenic	.	contig_9740:187967-188284
contig_9741	329441	329522	intergenic	.	contig_9741:329441-329522
contig_9741	472206	472300	intergenic	.	contig_9741:472206-472300
contig_9741	522934	522986	gene,mRNA	.	contig_9741:522934-522986,contig_9741:522934-522986
contig_9745	400160	400466	intergenic	.	contig_9745:400160-400466
contig_9745	470685	470785	intergenic	.	contig_9745:470685-470785
contig_9750	12386	12716	intergenic	.	contig_9750:12386-12716
contig_9750	768670	768913	intergenic	.	contig_9750:768670-768913
contig_9750	1026898	1027274	gene,mRNA	.	contig_9750:1026898-1027274,contig_9750:1026898-1027274
contig_9752	71506	71686	intergenic	.	contig_9752:71506-71686
contig_9753	39528	39647	intergenic	.	contig_9753:39528-39647
contig_9756	857589	857823	intergenic	.	contig_9756:857589-857823
contig_9756	1327022	1327233	intergenic	.	contig_9756:1327022-1327233
contig_9756	1403263	1403311	intergenic	.	contig_9756:1403263-1403311
contig_9757	250952	250994	intergenic	.	contig_9757:250952-250994
contig_9757	261975	262044	intergenic	.	contig_9757:261975-262044
contig_9764	309990	310199	intergenic	.	contig_9764:309990-310199
contig_9765	44232	44452	intergenic	.	contig_9765:44232-44452
contig_9765	1053118	1053186	intergenic	.	contig_9765:1053118-1053186
contig_9765	1409289	1409363	gene,mRNA	.	contig_9765:1409289-1409363,contig_9765:1409289-1409363
contig_9771	222058	222607	gene,mRNA	.	contig_9771:222058-222607,contig_9771:222058-222607
contig_9771	306267	306621	intergenic	.	contig_9771:306267-306621
contig_9772	15079	15179	exon,CDS,gene,mRNA	.	contig_9772:15079-15179,contig_9772:15079-15179,contig_9772:15079-15179,contig_9772:15079-15179
contig_9772	237522	237570	exon,CDS,gene,mRNA	.	contig_9772:237522-237570,contig_9772:237522-237570,contig_9772:237522-237570,contig_9772:237522-237570
contig_9772	656743	656851	intergenic	.	contig_9772:656743-656851
contig_9784	135513	135631	intergenic	.	contig_9784:135513-135631
contig_9786	577796	577966	intergenic	.	contig_9786:577796-577966
contig_9786	992636	992774	intergenic	.	contig_9786:992636-992774
contig_9786	992857	992947	intergenic	.	contig_9786:992857-992947
contig_9790	87348	87736	intergenic	.	contig_9790:87348-87736
contig_9791	12751	12888	intergenic	.	contig_9791:12751-12888
contig_9791	110256	110722	intergenic	.	contig_9791:110256-110722
contig_9791	250628	250968	gene,mRNA	.	contig_9791:250628-250968,contig_9791:250628-250968
contig_9794	373614	373840	intergenic	.	contig_9794:373614-373840
contig_9794	436303	436543	intergenic	.	contig_9794:436303-436543
contig_9794	1200092	1200608	intergenic	.	contig_9794:1200092-1200608
contig_9794	1404008	1404259	intergenic	.	contig_9794:1404008-1404259
contig_9798	73291	73351	gene,mRNA	.	contig_9798:73291-73351,contig_9798:73291-73351
contig_9799	384113	384342	intergenic	.	contig_9799:384113-384342
contig_9799	647335	647393	intergenic	.	contig_9799:647335-647393
contig_9799	744009	744279	intergenic	.	contig_9799:744009-744279
contig_9799	754864	754980	intergenic	.	contig_9799:754864-754980
contig_9799	755296	755389	intergenic	.	contig_9799:755296-755389
contig_9799	966788	966818	exon,CDS,gene,mRNA	.	contig_9799:966788-966818,contig_9799:966788-966818,contig_9799:966788-966818,contig_9799:966788-966818
contig_9799	1449255	1449346	intergenic	.	contig_9799:1449255-1449346
contig_9799	1853782	1853966	intergenic	.	contig_9799:1853782-1853966
contig_9799	1918550	1918951	intergenic	.	contig_9799:1918550-1918951
contig_980	85078	85255	gene,mRNA	.	contig_980:85078-85255,contig_980:85078-85255
contig_980	577726	577768	intergenic	.	contig_980:577726-577768
contig_9800	57057	57295	intergenic	.	contig_9800:57057-57295
contig_9800	76980	77105	intergenic	.	contig_9800:76980-77105
contig_9801	128871	128994	intergenic	.	contig_9801:128871-128994
contig_9801	129110	129208	intergenic	.	contig_9801:129110-129208
contig_9803	80314	80344	intergenic	.	contig_9803:80314-80344
contig_9804	122288	122490	intergenic	.	contig_9804:122288-122490
contig_9804	305935	306187	intergenic	.	contig_9804:305935-306187
contig_9804	413241	413386	gene,mRNA	.	contig_9804:413241-413386,contig_9804:413241-413386
contig_9804	677792	678182	intergenic	.	contig_9804:677792-678182
contig_9804	683786	683908	intergenic	.	contig_9804:683786-683908
contig_9804	824288	824490	gene,mRNA	.	contig_9804:824288-824490,contig_9804:824288-824490
contig_9804	1083929	1084003	gene,mRNA	.	contig_9804:1083929-1084003,contig_9804:1083929-1084003
contig_9804	1151216	1151413	gene,mRNA	.	contig_9804:1151216-1151413,contig_9804:1151216-1151413
contig_9804	1298998	1299164	gene,mRNA	.	contig_9804:1298998-1299164,contig_9804:1298998-1299164
contig_9804	1468886	1469019	gene,mRNA	.	contig_9804:1468886-1469019,contig_9804:1468886-1469019
contig_9804	1547219	1547291	intergenic	.	contig_9804:1547219-1547291
contig_9804	1547219	1547628	gene,polyA_signal_sequence,mRNA,stop_codon,exon,CDS	.	contig_9804:1547219-1547628,contig_9804:1547219-1547628,contig_9804:1547219-1547628,contig_9804:1547219-1547628,contig_9804:1547219-1547628,contig_9804:1547219-1547628
contig_9806	102261	102428	intergenic	.	contig_9806:102261-102428
contig_9806	350264	350356	gene,mRNA	.	contig_9806:350264-350356,contig_9806:350264-350356
contig_9806	391551	391686	intergenic	.	contig_9806:391551-391686
contig_9806	409741	409840	intergenic	.	contig_9806:409741-409840
contig_9806	686248	686309	intergenic	.	contig_9806:686248-686309
contig_9806	784184	784603	intergenic	.	contig_9806:784184-784603
contig_9806	789002	789107	intergenic	.	contig_9806:789002-789107
contig_9809	268948	269057	intergenic	.	contig_9809:268948-269057
contig_981	30240	30483	intergenic	.	contig_981:30240-30483
contig_981	327669	327825	intergenic	.	contig_981:327669-327825
contig_981	341780	341877	intergenic	.	contig_981:341780-341877
contig_981	929280	929593	intergenic	.	contig_981:929280-929593
contig_981	1690294	1690606	intergenic	.	contig_981:1690294-1690606
contig_981	1892380	1892710	intergenic	.	contig_981:1892380-1892710
contig_981	2097859	2097951	gene,mRNA	.	contig_981:2097859-2097951,contig_981:2097859-2097951
contig_9816	262392	262694	intergenic	.	contig_9816:262392-262694
contig_9816	453666	453835	intergenic	.	contig_9816:453666-453835
contig_9816	453666	453985	polyA_signal_sequence,stop_codon,exon,CDS,gene,mRNA	.	contig_9816:453666-453985,contig_9816:453666-453985,contig_9816:453666-453985,contig_9816:453666-453985,contig_9816:453666-453985,contig_9816:453666-453985
contig_9816	474227	474533	gene,mRNA	.	contig_9816:474227-474533,contig_9816:474227-474533
contig_9816	586836	586960	intergenic	.	contig_9816:586836-586960
contig_9816	636821	636851	intergenic	.	contig_9816:636821-636851
contig_9816	636965	637067	intergenic	.	contig_9816:636965-637067
contig_9817	38989	39176	gene,mRNA	.	contig_9817:38989-39176,contig_9817:38989-39176
contig_9818	112222	112279	gene,mRNA	.	contig_9818:112222-112279,contig_9818:112222-112279
contig_9822	230136	230351	intergenic	.	contig_9822:230136-230351
contig_9822	230402	230860	intergenic	.	contig_9822:230402-230860
contig_9822	393888	394373	intergenic	.	contig_9822:393888-394373
contig_9822	927929	927987	intergenic	.	contig_9822:927929-927987
contig_9822	928248	928351	intergenic	.	contig_9822:928248-928351
contig_9825	867354	867392	intergenic	.	contig_9825:867354-867392
contig_9825	973463	973660	intergenic	.	contig_9825:973463-973660
contig_9825	1261097	1261241	gene,mRNA	.	contig_9825:1261097-1261241,contig_9825:1261097-1261241
contig_9825	1373701	1374041	intergenic	.	contig_9825:1373701-1374041
contig_9825	1384179	1384310	intergenic	.	contig_9825:1384179-1384310
contig_9828	808900	809020	intergenic	.	contig_9828:808900-809020
contig_9829	870573	870695	intergenic	.	contig_9829:870573-870695
contig_9829	1504699	1504746	gene,mRNA	.	contig_9829:1504699-1504746,contig_9829:1504699-1504746
contig_9836	20829	20951	intergenic	.	contig_9836:20829-20951
contig_9836	428711	428806	intergenic	.	contig_9836:428711-428806
contig_9836	526658	526725	intergenic	.	contig_9836:526658-526725
contig_9836	635653	635769	gene,mRNA	.	contig_9836:635653-635769,contig_9836:635653-635769
contig_9836	641677	641907	gene,mRNA	.	contig_9836:641677-641907,contig_9836:641677-641907
contig_9840	46646	46760	intergenic	.	contig_9840:46646-46760
contig_9847	74176	74263	intergenic	.	contig_9847:74176-74263
contig_9857	86823	87103	gene,mRNA	.	contig_9857:86823-87103,contig_9857:86823-87103
contig_9863	210541	211013	intergenic	.	contig_9863:210541-211013
contig_9867	888009	888095	intergenic	.	contig_9867:888009-888095
contig_9867	911269	911825	intergenic	.	contig_9867:911269-911825
contig_9888	94910	95183	gene,mRNA	.	contig_9888:94910-95183,contig_9888:94910-95183
contig_9888	132397	132505	gene,mRNA	.	contig_9888:132397-132505,contig_9888:132397-132505
contig_9888	1305282	1305736	intergenic	.	contig_9888:1305282-1305736
contig_9888	1338764	1338980	intergenic	.	contig_9888:1338764-1338980
contig_9888	1396068	1396283	intergenic	.	contig_9888:1396068-1396283
contig_9894	16055	16302	intergenic	.	contig_9894:16055-16302
contig_9895	80115	80312	intergenic	.	contig_9895:80115-80312
contig_9895	290275	290313	gene,mRNA	.	contig_9895:290275-290313,contig_9895:290275-290313
contig_9895	333338	333655	gene,mRNA	.	contig_9895:333338-333655,contig_9895:333338-333655
contig_9900	329724	330023	gene,mRNA	.	contig_9900:329724-330023,contig_9900:329724-330023
contig_9900	374373	374564	intergenic	.	contig_9900:374373-374564
contig_9900	438619	439096	intergenic	.	contig_9900:438619-439096
contig_9900	450438	450712	intergenic	.	contig_9900:450438-450712
contig_9902	114811	115043	intergenic	.	contig_9902:114811-115043
contig_9902	294775	294872	intergenic	.	contig_9902:294775-294872
contig_9905	141292	141415	intergenic	.	contig_9905:141292-141415
contig_9905	402954	403019	intergenic	.	contig_9905:402954-403019
contig_9905	640817	640942	intergenic	.	contig_9905:640817-640942
contig_9905	1377898	1378150	intergenic	.	contig_9905:1377898-1378150
contig_9905	1427500	1427937	intergenic	.	contig_9905:1427500-1427937
contig_9906	104012	104291	intergenic	.	contig_9906:104012-104291
contig_9906	140661	140709	gene,mRNA	.	contig_9906:140661-140709,contig_9906:140661-140709
contig_9906	154183	154330	gene,mRNA	.	contig_9906:154183-154330,contig_9906:154183-154330
contig_9910	35596	35987	gene,mRNA	.	contig_9910:35596-35987,contig_9910:35596-35987
contig_9910	236943	237049	gene,mRNA	.	contig_9910:236943-237049,contig_9910:236943-237049
contig_9910	310588	310676	gene,mRNA	.	contig_9910:310588-310676,contig_9910:310588-310676
contig_9911	115000	115197	gene,mRNA	.	contig_9911:115000-115197,contig_9911:115000-115197
contig_9911	201895	201945	intergenic	.	contig_9911:201895-201945
contig_9911	202726	202891	intergenic	.	contig_9911:202726-202891
contig_9911	202993	203093	intergenic	.	contig_9911:202993-203093
contig_9917	206474	206539	intergenic	.	contig_9917:206474-206539
contig_9917	432084	432205	gene,mRNA	.	contig_9917:432084-432205,contig_9917:432084-432205
contig_9917	474674	474949	gene,mRNA	.	contig_9917:474674-474949,contig_9917:474674-474949
contig_9917	626064	626392	gene,mRNA	.	contig_9917:626064-626392,contig_9917:626064-626392
contig_9917	700319	700421	intergenic	.	contig_9917:700319-700421
contig_9917	700319	700463	gene,polyA_signal_sequence	.	contig_9917:700319-700463,contig_9917:700319-700463
contig_9917	752427	752543	intergenic	.	contig_9917:752427-752543
contig_9921	88535	88746	intergenic	.	contig_9921:88535-88746
contig_9921	162556	162598	intergenic	.	contig_9921:162556-162598
contig_9921	162892	162928	intergenic	.	contig_9921:162892-162928
contig_9921	165402	165689	intergenic	.	contig_9921:165402-165689
contig_9921	167045	167165	intergenic	.	contig_9921:167045-167165
contig_9921	475868	476146	intergenic	.	contig_9921:475868-476146
contig_9921	793064	793351	intergenic	.	contig_9921:793064-793351
contig_9921	800050	800134	intergenic	.	contig_9921:800050-800134
contig_9921	906682	906724	intergenic	.	contig_9921:906682-906724
contig_9922	133177	133518	intergenic	.	contig_9922:133177-133518
contig_9922	466549	466580	intergenic	.	contig_9922:466549-466580
contig_9924	57694	57838	gene,mRNA	.	contig_9924:57694-57838,contig_9924:57694-57838
contig_9924	132435	132652	intergenic	.	contig_9924:132435-132652
contig_9929	44104	44285	gene,mRNA	.	contig_9929:44104-44285,contig_9929:44104-44285
contig_993	138552	138701	intergenic	.	contig_993:138552-138701
contig_993	292399	292512	intergenic	.	contig_993:292399-292512
contig_993	465582	465731	intergenic	.	contig_993:465582-465731
contig_993	465795	466111	intergenic	.	contig_993:465795-466111
contig_993	495411	495455	intergenic	.	contig_993:495411-495455
contig_993	600472	600639	gene,mRNA	.	contig_993:600472-600639,contig_993:600472-600639
contig_993	781717	781766	intergenic	.	contig_993:781717-781766
contig_993	855664	855725	intergenic	.	contig_993:855664-855725
contig_993	949554	949945	intergenic	.	contig_993:949554-949945
contig_993	1452133	1452320	intergenic	.	contig_993:1452133-1452320
contig_9938	57414	57607	intergenic	.	contig_9938:57414-57607
contig_9938	220626	220880	gene,mRNA	.	contig_9938:220626-220880,contig_9938:220626-220880
contig_9949	122515	122660	intergenic	.	contig_9949:122515-122660
contig_9949	153625	153909	intergenic	.	contig_9949:153625-153909
contig_9949	272689	272847	intergenic	.	contig_9949:272689-272847
contig_9949	348901	349222	gene,mRNA	.	contig_9949:348901-349222,contig_9949:348901-349222
contig_9949	429920	430058	intergenic	.	contig_9949:429920-430058
contig_9949	664614	664690	intergenic	.	contig_9949:664614-664690
contig_9949	672847	672951	intergenic	.	contig_9949:672847-672951
contig_9949	773653	773761	intergenic	.	contig_9949:773653-773761
contig_995	14785	14846	intergenic	.	contig_995:14785-14846
contig_995	644557	644726	intergenic	.	contig_995:644557-644726
contig_995	691265	691765	intergenic	.	contig_995:691265-691765
contig_9950	209768	209838	intergenic	.	contig_9950:209768-209838
contig_9950	264065	264218	intergenic	.	contig_9950:264065-264218
contig_9950	307550	307790	intergenic	.	contig_9950:307550-307790
contig_9950	362204	362315	intergenic	.	contig_9950:362204-362315
contig_9952	57979	58088	intergenic	.	contig_9952:57979-58088
contig_9952	58165	58346	intergenic	.	contig_9952:58165-58346
contig_9953	186120	186428	intergenic	.	contig_9953:186120-186428
contig_9955	110730	110870	intergenic	.	contig_9955:110730-110870
contig_9955	157299	157532	intergenic	.	contig_9955:157299-157532
contig_996	127917	127948	intergenic	.	contig_996:127917-127948
contig_9961	192869	192973	intergenic	.	contig_9961:192869-192973
contig_9961	193054	193162	intergenic	.	contig_9961:193054-193162
contig_9961	217908	218005	intergenic	.	contig_9961:217908-218005
contig_9966	193612	193666	gene,mRNA	.	contig_9966:193612-193666,contig_9966:193612-193666
contig_9966	195353	195517	gene,mRNA	.	contig_9966:195353-195517,contig_9966:195353-195517
contig_9972	279945	280050	intergenic	.	contig_9972:279945-280050
contig_9972	281699	281846	intergenic	.	contig_9972:281699-281846
contig_9973	170406	170720	intergenic	.	contig_9973:170406-170720
contig_9973	358612	358790	intergenic	.	contig_9973:358612-358790
contig_9985	15821	16087	intergenic	.	contig_9985:15821-16087
contig_9985	17223	17382	intergenic	.	contig_9985:17223-17382
contig_9985	78807	79008	gene,mRNA	.	contig_9985:78807-79008,contig_9985:78807-79008
contig_9998	220528	220597	intergenic	.	contig_9998:220528-220597
