Chromosome	Start	End	Feature_Type	Details	Reads
contig_10	10400	10623	intergenic	.	contig_10:10400-10623
contig_10025	752544	752718	intergenic	.	contig_10025:752544-752718
contig_10025	843253	843381	intergenic	.	contig_10025:843253-843381
contig_10025	1034280	1034376	intergenic	.	contig_10025:1034280-1034376
contig_10025	1177832	1177916	gene,mRNA	.	contig_10025:1177832-1177916,contig_10025:1177832-1177916
contig_10025	1471831	1471911	intergenic	.	contig_10025:1471831-1471911
contig_10025	1528272	1528358	intergenic	.	contig_10025:1528272-1528358
contig_10025	1791555	1791661	intergenic	.	contig_10025:1791555-1791661
contig_10061	285979	286107	intergenic	.	contig_10061:285979-286107
contig_10070	421936	422054	gene,mRNA	.	contig_10070:421936-422054,contig_10070:421936-422054
contig_10070	501802	502007	intergenic	.	contig_10070:501802-502007
contig_10070	739164	739247	gene,mRNA	.	contig_10070:739164-739247,contig_10070:739164-739247
contig_10070	954368	954398	intergenic	.	contig_10070:954368-954398
contig_10070	2356275	2356352	gene,mRNA	.	contig_10070:2356275-2356352,contig_10070:2356275-2356352
contig_10070	4215287	4215552	gene,mRNA	.	contig_10070:4215287-4215552,contig_10070:4215287-4215552
contig_10070	4398406	4398487	intergenic	.	contig_10070:4398406-4398487
contig_10070	4490984	4491059	gene,mRNA	.	contig_10070:4490984-4491059,contig_10070:4490984-4491059
contig_10070	4625375	4625616	gene,mRNA	.	contig_10070:4625375-4625616,contig_10070:4625375-4625616
contig_10070	4789185	4789369	intergenic	.	contig_10070:4789185-4789369
contig_10070	4927110	4927253	intergenic	.	contig_10070:4927110-4927253
contig_10070	5004693	5004752	intergenic	.	contig_10070:5004693-5004752
contig_10070	5438306	5438439	intergenic	.	contig_10070:5438306-5438439
contig_10070	5618280	5618366	intergenic	.	contig_10070:5618280-5618366
contig_10071	63216	63401	intergenic	.	contig_10071:63216-63401
contig_10071	213604	213737	intergenic	.	contig_10071:213604-213737
contig_10088	148604	148728	gene,mRNA	.	contig_10088:148604-148728,contig_10088:148604-148728
contig_10088	477487	477814	intergenic	.	contig_10088:477487-477814
contig_10088	477901	477994	intergenic	.	contig_10088:477901-477994
contig_10088	1126665	1126714	intergenic	.	contig_10088:1126665-1126714
contig_10088	1182676	1182747	intergenic	.	contig_10088:1182676-1182747
contig_10088	1574944	1575325	intergenic	.	contig_10088:1574944-1575325
contig_10088	1690233	1690500	gene,mRNA	.	contig_10088:1690233-1690500,contig_10088:1690233-1690500
contig_10088	1701319	1701545	gene,mRNA	.	contig_10088:1701319-1701545,contig_10088:1701319-1701545
contig_10088	1767495	1767626	intergenic	.	contig_10088:1767495-1767626
contig_10088	1840480	1841202	gene,mRNA	.	contig_10088:1840480-1841202,contig_10088:1840480-1841202
contig_10088	2488058	2488273	gene,mRNA	.	contig_10088:2488058-2488273,contig_10088:2488058-2488273
contig_10088	2572616	2572838	intergenic	.	contig_10088:2572616-2572838
contig_10088	2614307	2614393	intergenic	.	contig_10088:2614307-2614393
contig_10088	2648450	2648553	gene,mRNA	.	contig_10088:2648450-2648553,contig_10088:2648450-2648553
contig_10088	3152426	3152694	gene,mRNA	.	contig_10088:3152426-3152694,contig_10088:3152426-3152694
contig_10204	438364	438642	intergenic	.	contig_10204:438364-438642
contig_10204	483257	483396	intergenic	.	contig_10204:483257-483396
contig_10204	613861	614058	intergenic	.	contig_10204:613861-614058
contig_10204	735292	735554	intergenic	.	contig_10204:735292-735554
contig_10204	888288	888383	intergenic	.	contig_10204:888288-888383
contig_10204	888438	888791	intergenic	.	contig_10204:888438-888791
contig_10204	888857	888893	intergenic	.	contig_10204:888857-888893
contig_10204	895674	895720	intergenic	.	contig_10204:895674-895720
contig_10204	1005606	1005767	intergenic	.	contig_10204:1005606-1005767
contig_10204	1124940	1125057	intergenic	.	contig_10204:1124940-1125057
contig_10204	1199129	1199196	intergenic	.	contig_10204:1199129-1199196
contig_10204	1211279	1211763	intergenic	.	contig_10204:1211279-1211763
contig_10204	1289078	1289200	intergenic	.	contig_10204:1289078-1289200
contig_10204	1373401	1373436	intergenic	.	contig_10204:1373401-1373436
contig_10204	1443370	1443403	intergenic	.	contig_10204:1443370-1443403
contig_10204	1779826	1780096	intergenic	.	contig_10204:1779826-1780096
contig_10204	1889541	1889812	gene,mRNA	.	contig_10204:1889541-1889812,contig_10204:1889541-1889812
contig_10226	184881	185057	intergenic	.	contig_10226:184881-185057
contig_10226	1348745	1348879	intergenic	.	contig_10226:1348745-1348879
contig_10226	1349090	1349143	intergenic	.	contig_10226:1349090-1349143
contig_10226	2592834	2593032	intergenic	.	contig_10226:2592834-2593032
contig_10226	3397685	3397809	gene,mRNA	.	contig_10226:3397685-3397809,contig_10226:3397685-3397809
contig_10226	4031497	4031567	intergenic	.	contig_10226:4031497-4031567
contig_10226	4547703	4547801	intergenic	.	contig_10226:4547703-4547801
contig_10226	5474549	5474809	intergenic	.	contig_10226:5474549-5474809
contig_10226	6126729	6127040	gene,mRNA	.	contig_10226:6126729-6127040,contig_10226:6126729-6127040
contig_10226	6127153	6127274	gene,mRNA	.	contig_10226:6127153-6127274,contig_10226:6127153-6127274
contig_10226	6127684	6127923	gene,mRNA	.	contig_10226:6127684-6127923,contig_10226:6127684-6127923
contig_10226	7374012	7374258	intergenic	.	contig_10226:7374012-7374258
contig_10226	7635345	7635644	intergenic	.	contig_10226:7635345-7635644
contig_10226	7927200	7927423	gene,mRNA	.	contig_10226:7927200-7927423,contig_10226:7927200-7927423
contig_10226	7963010	7963095	gene,mRNA	.	contig_10226:7963010-7963095,contig_10226:7963010-7963095
contig_10226	8290459	8290511	gene,mRNA	.	contig_10226:8290459-8290511,contig_10226:8290459-8290511
contig_10226	8434374	8434770	intergenic	.	contig_10226:8434374-8434770
contig_10226	8758485	8758635	intergenic	.	contig_10226:8758485-8758635
contig_10226	8780953	8781037	gene,mRNA	.	contig_10226:8780953-8781037,contig_10226:8780953-8781037
contig_10237	61667	61879	intergenic	.	contig_10237:61667-61879
contig_10237	62887	62991	intergenic	.	contig_10237:62887-62991
contig_10237	364004	364178	intergenic	.	contig_10237:364004-364178
contig_10237	940799	941039	intergenic	.	contig_10237:940799-941039
contig_10237	1384371	1384600	intergenic	.	contig_10237:1384371-1384600
contig_10237	1697097	1697280	intergenic	.	contig_10237:1697097-1697280
contig_10237	1740963	1741063	intergenic	.	contig_10237:1740963-1741063
contig_10237	1918608	1918831	intergenic	.	contig_10237:1918608-1918831
contig_10237	2215540	2216053	intergenic	.	contig_10237:2215540-2216053
contig_10237	2241272	2241347	intergenic	.	contig_10237:2241272-2241347
contig_10264	11233	11313	intergenic	.	contig_10264:11233-11313
contig_10264	405923	406114	intergenic	.	contig_10264:405923-406114
contig_10264	522485	522564	intergenic	.	contig_10264:522485-522564
contig_10264	906971	907114	intergenic	.	contig_10264:906971-907114
contig_10264	988159	988389	intergenic	.	contig_10264:988159-988389
contig_10264	1117801	1117850	intergenic	.	contig_10264:1117801-1117850
contig_10264	1283667	1283738	intergenic	.	contig_10264:1283667-1283738
contig_10264	1467148	1467410	intergenic	.	contig_10264:1467148-1467410
contig_10264	1889981	1890126	intergenic	.	contig_10264:1889981-1890126
contig_10264	1941510	1941583	intergenic	.	contig_10264:1941510-1941583
contig_10277	616031	616087	intergenic	.	contig_10277:616031-616087
contig_10277	1752655	1752841	intergenic	.	contig_10277:1752655-1752841
contig_10277	1753142	1753267	intergenic	.	contig_10277:1753142-1753267
contig_10307	386875	386910	gene,mRNA	.	contig_10307:386875-386910,contig_10307:386875-386910
contig_10319	30672	30781	gene,mRNA	.	contig_10319:30672-30781,contig_10319:30672-30781
contig_10346	463605	463772	intergenic	.	contig_10346:463605-463772
contig_10346	1438909	1439180	intergenic	.	contig_10346:1438909-1439180
contig_10346	1625990	1626184	intergenic	.	contig_10346:1625990-1626184
contig_10346	1980808	1980848	intergenic	.	contig_10346:1980808-1980848
contig_10346	3373260	3373333	intergenic	.	contig_10346:3373260-3373333
contig_10346	4436173	4436204	intergenic	.	contig_10346:4436173-4436204
contig_10369	366670	366799	gene,mRNA	.	contig_10369:366670-366799,contig_10369:366670-366799
contig_10369	366975	367257	gene,mRNA	.	contig_10369:366975-367257,contig_10369:366975-367257
contig_10369	390169	390205	intergenic	.	contig_10369:390169-390205
contig_10369	990400	990504	intergenic	.	contig_10369:990400-990504
contig_10369	1252988	1253289	gene,mRNA	.	contig_10369:1252988-1253289,contig_10369:1252988-1253289
contig_10369	1673730	1673955	intergenic	.	contig_10369:1673730-1673955
contig_10369	2184322	2184581	gene,mRNA	.	contig_10369:2184322-2184581,contig_10369:2184322-2184581
contig_10369	2488795	2489192	intergenic	.	contig_10369:2488795-2489192
contig_10369	2665980	2666162	intergenic	.	contig_10369:2665980-2666162
contig_10369	2840070	2840161	intergenic	.	contig_10369:2840070-2840161
contig_10369	2900900	2900945	intergenic	.	contig_10369:2900900-2900945
contig_10369	3043172	3043434	intergenic	.	contig_10369:3043172-3043434
contig_10369	3144794	3145168	gene,mRNA	.	contig_10369:3144794-3145168,contig_10369:3144794-3145168
contig_10369	3180914	3180982	intergenic	.	contig_10369:3180914-3180982
contig_10369	3416561	3416633	intergenic	.	contig_10369:3416561-3416633
contig_10369	3601235	3601304	gene,mRNA	.	contig_10369:3601235-3601304,contig_10369:3601235-3601304
contig_10372	314456	314897	intergenic	.	contig_10372:314456-314897
contig_10372	492011	492267	intergenic	.	contig_10372:492011-492267
contig_10372	528491	528553	intergenic	.	contig_10372:528491-528553
contig_10372	604354	604537	gene,mRNA	.	contig_10372:604354-604537,contig_10372:604354-604537
contig_10374	935890	936199	intergenic	.	contig_10374:935890-936199
contig_10374	976968	977037	intergenic	.	contig_10374:976968-977037
contig_10374	1091177	1091264	intergenic	.	contig_10374:1091177-1091264
contig_10374	1236910	1237159	intergenic	.	contig_10374:1236910-1237159
contig_10374	1324342	1324680	intergenic	.	contig_10374:1324342-1324680
contig_10374	1350531	1350627	intergenic	.	contig_10374:1350531-1350627
contig_10374	1350935	1351112	intergenic	.	contig_10374:1350935-1351112
contig_10374	1458905	1458994	intergenic	.	contig_10374:1458905-1458994
contig_10374	1462601	1462977	intergenic	.	contig_10374:1462601-1462977
contig_10374	1921961	1922035	gene,mRNA	.	contig_10374:1921961-1922035,contig_10374:1921961-1922035
contig_10374	1951335	1951510	intergenic	.	contig_10374:1951335-1951510
contig_10374	1955409	1955801	intergenic	.	contig_10374:1955409-1955801
contig_10374	2015219	2015357	intergenic	.	contig_10374:2015219-2015357
contig_10391	44507	44742	gene,mRNA	.	contig_10391:44507-44742,contig_10391:44507-44742
contig_10391	525801	525869	intergenic	.	contig_10391:525801-525869
contig_10391	549820	549991	intergenic	.	contig_10391:549820-549991
contig_10391	879256	879424	intergenic	.	contig_10391:879256-879424
contig_10391	1033557	1033944	gene,mRNA	.	contig_10391:1033557-1033944,contig_10391:1033557-1033944
contig_10391	1259997	1260265	gene,mRNA	.	contig_10391:1259997-1260265,contig_10391:1259997-1260265
contig_10391	1260567	1260643	gene,mRNA	.	contig_10391:1260567-1260643,contig_10391:1260567-1260643
contig_10391	1362976	1363081	gene,mRNA	.	contig_10391:1362976-1363081,contig_10391:1362976-1363081
contig_10398	119263	119346	gene,mRNA	.	contig_10398:119263-119346,contig_10398:119263-119346
contig_10445	4663	4744	intergenic	.	contig_10445:4663-4744
contig_10445	177370	177546	intergenic	.	contig_10445:177370-177546
contig_10445	326646	326768	intergenic	.	contig_10445:326646-326768
contig_10445	386464	386619	intergenic	.	contig_10445:386464-386619
contig_10445	466003	466148	intergenic	.	contig_10445:466003-466148
contig_10445	815972	816333	intergenic	.	contig_10445:815972-816333
contig_10445	912543	912627	intergenic	.	contig_10445:912543-912627
contig_10445	1134029	1134307	intergenic	.	contig_10445:1134029-1134307
contig_10445	1276659	1276737	intergenic	.	contig_10445:1276659-1276737
contig_10445	1571132	1571251	intergenic	.	contig_10445:1571132-1571251
contig_10445	1571334	1571412	intergenic	.	contig_10445:1571334-1571412
contig_10449	261846	261977	gene,mRNA	.	contig_10449:261846-261977,contig_10449:261846-261977
contig_10449	319920	320020	gene,mRNA,exon,CDS	.	contig_10449:319920-320020,contig_10449:319920-320020,contig_10449:319920-320020,contig_10449:319920-320020
contig_10449	321566	321666	gene,mRNA,exon,CDS	.	contig_10449:321566-321666,contig_10449:321566-321666,contig_10449:321566-321666,contig_10449:321566-321666
contig_10449	321874	321974	gene	.	contig_10449:321874-321974
contig_10449	322074	322121	intergenic	.	contig_10449:322074-322121
contig_10480	85361	85716	intergenic	.	contig_10480:85361-85716
contig_10480	194143	194315	intergenic	.	contig_10480:194143-194315
contig_10480	619574	619683	intergenic	.	contig_10480:619574-619683
contig_10480	1035726	1035912	intergenic	.	contig_10480:1035726-1035912
contig_10480	1079979	1080429	intergenic	.	contig_10480:1079979-1080429
contig_10480	1098565	1098637	intergenic	.	contig_10480:1098565-1098637
contig_10480	1330458	1330648	intergenic	.	contig_10480:1330458-1330648
contig_10480	1330458	1330870	start_codon,exon,CDS,gene,mRNA	.	contig_10480:1330458-1330870,contig_10480:1330458-1330870,contig_10480:1330458-1330870,contig_10480:1330458-1330870,contig_10480:1330458-1330870
contig_10480	1706645	1706858	intergenic	.	contig_10480:1706645-1706858
contig_10480	1942855	1942953	intergenic	.	contig_10480:1942855-1942953
contig_10480	1943195	1943299	intergenic	.	contig_10480:1943195-1943299
contig_10480	1977953	1978302	intergenic	.	contig_10480:1977953-1978302
contig_10529	278660	278764	intergenic	.	contig_10529:278660-278764
contig_10529	1354171	1354373	intergenic	.	contig_10529:1354171-1354373
contig_10529	1542444	1542497	intergenic	.	contig_10529:1542444-1542497
contig_10569	279420	279602	intergenic	.	contig_10569:279420-279602
contig_10569	1270069	1270250	intergenic	.	contig_10569:1270069-1270250
contig_10569	2283885	2284024	intergenic	.	contig_10569:2283885-2284024
contig_10569	2658491	2658653	intergenic	.	contig_10569:2658491-2658653
contig_10569	3304544	3304861	gene,mRNA	.	contig_10569:3304544-3304861,contig_10569:3304544-3304861
contig_10569	3387374	3387873	gene,mRNA	.	contig_10569:3387374-3387873,contig_10569:3387374-3387873
contig_10569	3579523	3579555	gene,mRNA	.	contig_10569:3579523-3579555,contig_10569:3579523-3579555
contig_10569	3726670	3726722	intergenic	.	contig_10569:3726670-3726722
contig_10640	399234	399574	intergenic	.	contig_10640:399234-399574
contig_10640	646000	646094	gene,mRNA	.	contig_10640:646000-646094,contig_10640:646000-646094
contig_10640	646202	646340	gene,mRNA	.	contig_10640:646202-646340,contig_10640:646202-646340
contig_10643	15705	15781	gene,mRNA	.	contig_10643:15705-15781,contig_10643:15705-15781
contig_10647	581825	581934	gene,mRNA	.	contig_10647:581825-581934,contig_10647:581825-581934
contig_10647	751174	751319	gene,mRNA	.	contig_10647:751174-751319,contig_10647:751174-751319
contig_10647	830311	830925	intergenic	.	contig_10647:830311-830925
contig_10647	1015471	1015550	intergenic	.	contig_10647:1015471-1015550
contig_10647	1435362	1435716	intergenic	.	contig_10647:1435362-1435716
contig_10647	1894060	1894275	intergenic	.	contig_10647:1894060-1894275
contig_10647	1922979	1923129	intergenic	.	contig_10647:1922979-1923129
contig_10647	2101449	2101693	intergenic	.	contig_10647:2101449-2101693
contig_10647	2101746	2101890	intergenic	.	contig_10647:2101746-2101890
contig_10647	2192964	2193040	intergenic	.	contig_10647:2192964-2193040
contig_10699	36291	36348	intergenic	.	contig_10699:36291-36348
contig_10719	808590	808632	intergenic	.	contig_10719:808590-808632
contig_10719	1722226	1722296	gene,mRNA	.	contig_10719:1722226-1722296,contig_10719:1722226-1722296
contig_10741	391280	391323	intergenic	.	contig_10741:391280-391323
contig_10741	735010	735118	gene,mRNA	.	contig_10741:735010-735118,contig_10741:735010-735118
contig_10741	755799	755874	gene,mRNA	.	contig_10741:755799-755874,contig_10741:755799-755874
contig_10741	755994	756200	gene,mRNA	.	contig_10741:755994-756200,contig_10741:755994-756200
contig_10741	952953	953201	intergenic	.	contig_10741:952953-953201
contig_10741	1259763	1259909	intergenic	.	contig_10741:1259763-1259909
contig_10741	2000667	2000884	intergenic	.	contig_10741:2000667-2000884
contig_10741	2147739	2147902	intergenic	.	contig_10741:2147739-2147902
contig_10741	2731754	2731878	intergenic	.	contig_10741:2731754-2731878
contig_10741	2846331	2846362	intergenic	.	contig_10741:2846331-2846362
contig_10807	1952994	1953033	gene,mRNA	.	contig_10807:1952994-1953033,contig_10807:1952994-1953033
contig_10809	246870	246928	gene,mRNA	.	contig_10809:246870-246928,contig_10809:246870-246928
contig_10809	482996	483119	intergenic	.	contig_10809:482996-483119
contig_10809	1209319	1209504	intergenic	.	contig_10809:1209319-1209504
contig_10809	1317842	1317929	intergenic	.	contig_10809:1317842-1317929
contig_10809	1443789	1444144	intergenic	.	contig_10809:1443789-1444144
contig_10809	1549581	1549685	intergenic	.	contig_10809:1549581-1549685
contig_10809	1689344	1689527	gene,mRNA	.	contig_10809:1689344-1689527,contig_10809:1689344-1689527
contig_10809	1870426	1870505	intergenic	.	contig_10809:1870426-1870505
contig_10809	1976062	1976295	intergenic	.	contig_10809:1976062-1976295
contig_10809	2185422	2185500	intergenic	.	contig_10809:2185422-2185500
contig_10809	2536898	2537036	intergenic	.	contig_10809:2536898-2537036
contig_10809	3017154	3017302	intergenic	.	contig_10809:3017154-3017302
contig_10809	3694919	3695012	intergenic	.	contig_10809:3694919-3695012
contig_10809	3838253	3838345	intergenic	.	contig_10809:3838253-3838345
contig_10809	4479338	4479436	gene,mRNA	.	contig_10809:4479338-4479436,contig_10809:4479338-4479436
contig_10809	5241977	5242309	gene,mRNA	.	contig_10809:5241977-5242309,contig_10809:5241977-5242309
contig_10809	5345740	5345812	intergenic	.	contig_10809:5345740-5345812
contig_10809	5511027	5511455	intergenic	.	contig_10809:5511027-5511455
contig_10809	5611718	5611828	intergenic	.	contig_10809:5611718-5611828
contig_10809	6152528	6152658	intergenic	.	contig_10809:6152528-6152658
contig_10843	177624	177656	intergenic	.	contig_10843:177624-177656
contig_10843	628544	628779	intergenic	.	contig_10843:628544-628779
contig_10843	1507482	1507851	intergenic	.	contig_10843:1507482-1507851
contig_10843	1647717	1647771	intergenic	.	contig_10843:1647717-1647771
contig_10843	2079181	2079746	intergenic	.	contig_10843:2079181-2079746
contig_10843	2490300	2490439	intergenic	.	contig_10843:2490300-2490439
contig_10843	3569124	3569412	intergenic	.	contig_10843:3569124-3569412
contig_10843	3583792	3583914	intergenic	.	contig_10843:3583792-3583914
contig_10843	3878956	3879352	intergenic	.	contig_10843:3878956-3879352
contig_10843	4012431	4012504	gene,mRNA	.	contig_10843:4012431-4012504,contig_10843:4012431-4012504
contig_10843	4443241	4443506	intergenic	.	contig_10843:4443241-4443506
contig_10843	4789950	4790035	gene,mRNA	.	contig_10843:4789950-4790035,contig_10843:4789950-4790035
contig_10847	1133726	1134016	intergenic	.	contig_10847:1133726-1134016
contig_10847	1302185	1302241	intergenic	.	contig_10847:1302185-1302241
contig_10847	1302770	1302822	intergenic	.	contig_10847:1302770-1302822
contig_10847	1479956	1480153	intergenic	.	contig_10847:1479956-1480153
contig_10847	1569023	1569115	intergenic	.	contig_10847:1569023-1569115
contig_10847	1622146	1622194	intergenic	.	contig_10847:1622146-1622194
contig_10847	1642307	1642398	intergenic	.	contig_10847:1642307-1642398
contig_10847	1721075	1721303	intergenic	.	contig_10847:1721075-1721303
contig_10847	1774734	1774810	intergenic	.	contig_10847:1774734-1774810
contig_10847	1945297	1945646	intergenic	.	contig_10847:1945297-1945646
contig_10847	2826537	2826763	gene,mRNA	.	contig_10847:2826537-2826763,contig_10847:2826537-2826763
contig_10847	3003887	3004102	intergenic	.	contig_10847:3003887-3004102
contig_10847	3433127	3433219	gene,mRNA	.	contig_10847:3433127-3433219,contig_10847:3433127-3433219
contig_10847	3862723	3862783	gene,mRNA	.	contig_10847:3862723-3862783,contig_10847:3862723-3862783
contig_10855	14264	14370	intergenic	.	contig_10855:14264-14370
contig_10855	48974	49465	intergenic	.	contig_10855:48974-49465
contig_10855	200512	200615	intergenic	.	contig_10855:200512-200615
contig_10855	419063	419376	gene,mRNA	.	contig_10855:419063-419376,contig_10855:419063-419376
contig_10855	662884	663032	intergenic	.	contig_10855:662884-663032
contig_10855	1412136	1412351	gene,mRNA	.	contig_10855:1412136-1412351,contig_10855:1412136-1412351
contig_10855	1488105	1488448	intergenic	.	contig_10855:1488105-1488448
contig_10855	1488508	1488700	intergenic	.	contig_10855:1488508-1488700
contig_10859	845481	845538	intergenic	.	contig_10859:845481-845538
contig_10859	2573670	2574080	intergenic	.	contig_10859:2573670-2574080
contig_10859	3039511	3039701	gene,mRNA	.	contig_10859:3039511-3039701,contig_10859:3039511-3039701
contig_10859	3229431	3229738	intergenic	.	contig_10859:3229431-3229738
contig_10880	76677	76745	intergenic	.	contig_10880:76677-76745
contig_10880	466269	466348	intergenic	.	contig_10880:466269-466348
contig_10880	952222	952646	intergenic	.	contig_10880:952222-952646
contig_10880	976521	976710	intergenic	.	contig_10880:976521-976710
contig_10880	1388013	1388188	intergenic	.	contig_10880:1388013-1388188
contig_10880	1518505	1518583	intergenic	.	contig_10880:1518505-1518583
contig_10880	2284492	2284732	gene,mRNA	.	contig_10880:2284492-2284732,contig_10880:2284492-2284732
contig_10880	3097421	3097670	intergenic	.	contig_10880:3097421-3097670
contig_10880	3165791	3165866	intergenic	.	contig_10880:3165791-3165866
contig_10880	3197101	3197316	intergenic	.	contig_10880:3197101-3197316
contig_10880	3332165	3332318	gene,mRNA	.	contig_10880:3332165-3332318,contig_10880:3332165-3332318
contig_10880	3836793	3836874	gene,mRNA	.	contig_10880:3836793-3836874,contig_10880:3836793-3836874
contig_10880	3994481	3994598	intergenic	.	contig_10880:3994481-3994598
contig_10880	4152825	4153038	intergenic	.	contig_10880:4152825-4153038
contig_10880	4648561	4648800	intergenic	.	contig_10880:4648561-4648800
contig_10880	4696404	4696521	intergenic	.	contig_10880:4696404-4696521
contig_10880	4715759	4715908	intergenic	.	contig_10880:4715759-4715908
contig_10880	4858522	4858693	intergenic	.	contig_10880:4858522-4858693
contig_10880	5744913	5745339	intergenic	.	contig_10880:5744913-5745339
contig_10880	5838315	5838492	gene,mRNA	.	contig_10880:5838315-5838492,contig_10880:5838315-5838492
contig_10880	5905123	5905594	intergenic	.	contig_10880:5905123-5905594
contig_10880	5910909	5911034	intergenic	.	contig_10880:5910909-5911034
contig_10880	6006771	6006876	intergenic	.	contig_10880:6006771-6006876
contig_10880	6080007	6080071	intergenic	.	contig_10880:6080007-6080071
contig_10880	6080637	6081019	intergenic	.	contig_10880:6080637-6081019
contig_10880	6215936	6216026	intergenic	.	contig_10880:6215936-6216026
contig_10880	6520485	6520572	gene,mRNA	.	contig_10880:6520485-6520572,contig_10880:6520485-6520572
contig_10880	6676457	6676825	gene,mRNA,exon,CDS,start_codon	.	contig_10880:6676457-6676825,contig_10880:6676457-6676825,contig_10880:6676457-6676825,contig_10880:6676457-6676825,contig_10880:6676457-6676825
contig_10880	6676660	6676825	intergenic	.	contig_10880:6676660-6676825
contig_10880	6698385	6698508	intergenic	.	contig_10880:6698385-6698508
contig_10880	6731708	6731906	intergenic	.	contig_10880:6731708-6731906
contig_10880	7063794	7063937	gene,mRNA	.	contig_10880:7063794-7063937,contig_10880:7063794-7063937
contig_10880	8187544	8187629	intergenic	.	contig_10880:8187544-8187629
contig_10880	8234288	8234373	intergenic	.	contig_10880:8234288-8234373
contig_10889	138414	138631	intergenic	.	contig_10889:138414-138631
contig_10889	368729	368762	intergenic	.	contig_10889:368729-368762
contig_10889	583786	584012	intergenic	.	contig_10889:583786-584012
contig_10889	704929	705052	gene,mRNA	.	contig_10889:704929-705052,contig_10889:704929-705052
contig_10889	886644	886861	intergenic	.	contig_10889:886644-886861
contig_10889	1070470	1070563	intergenic	.	contig_10889:1070470-1070563
contig_10889	1195178	1195264	intergenic	.	contig_10889:1195178-1195264
contig_10889	2003597	2003656	intergenic	.	contig_10889:2003597-2003656
contig_10889	2003771	2004244	intergenic	.	contig_10889:2003771-2004244
contig_10889	2043497	2043662	intergenic	.	contig_10889:2043497-2043662
contig_10889	2050315	2050657	intergenic	.	contig_10889:2050315-2050657
contig_10889	2441776	2441999	intergenic	.	contig_10889:2441776-2441999
contig_10889	2565359	2565857	intergenic	.	contig_10889:2565359-2565857
contig_10889	2681758	2682221	exon,CDS,gene,mRNA	.	contig_10889:2681758-2682221,contig_10889:2681758-2682221,contig_10889:2681758-2682221,contig_10889:2681758-2682221
contig_10889	2782717	2782773	intergenic	.	contig_10889:2782717-2782773
contig_10889	2840871	2840924	intergenic	.	contig_10889:2840871-2840924
contig_10889	2857198	2857298	intergenic	.	contig_10889:2857198-2857298
contig_10889	2978370	2978592	intergenic	.	contig_10889:2978370-2978592
contig_10889	3128444	3128676	gene,mRNA	.	contig_10889:3128444-3128676,contig_10889:3128444-3128676
contig_10889	3303979	3304177	intergenic	.	contig_10889:3303979-3304177
contig_10889	3350747	3350856	intergenic	.	contig_10889:3350747-3350856
contig_10988	81883	82028	intergenic	.	contig_10988:81883-82028
contig_10988	593435	593480	intergenic	.	contig_10988:593435-593480
contig_10988	593585	593840	intergenic	.	contig_10988:593585-593840
contig_10988	711746	711790	intergenic	.	contig_10988:711746-711790
contig_10988	1875981	1876143	intergenic	.	contig_10988:1875981-1876143
contig_10988	1901874	1901997	intergenic	.	contig_10988:1901874-1901997
contig_10988	2065481	2065867	intergenic	.	contig_10988:2065481-2065867
contig_10988	2225747	2225985	intergenic	.	contig_10988:2225747-2225985
contig_10988	2452502	2452882	gene,mRNA,exon,CDS,stop_codon,polyA_signal_sequence	.	contig_10988:2452502-2452882,contig_10988:2452502-2452882,contig_10988:2452502-2452882,contig_10988:2452502-2452882,contig_10988:2452502-2452882,contig_10988:2452502-2452882
contig_10988	2452774	2452882	intergenic	.	contig_10988:2452774-2452882
contig_10988	2480183	2480344	intergenic	.	contig_10988:2480183-2480344
contig_10988	2937167	2937218	gene,mRNA	.	contig_10988:2937167-2937218,contig_10988:2937167-2937218
contig_10988	3207364	3207493	gene,mRNA	.	contig_10988:3207364-3207493,contig_10988:3207364-3207493
contig_11022	381906	382259	gene,mRNA	.	contig_11022:381906-382259,contig_11022:381906-382259
contig_11022	1402238	1402280	intergenic	.	contig_11022:1402238-1402280
contig_11022	2289519	2289563	gene,mRNA	.	contig_11022:2289519-2289563,contig_11022:2289519-2289563
contig_11022	2808857	2808912	intergenic	.	contig_11022:2808857-2808912
contig_11124	51831	52075	intergenic	.	contig_11124:51831-52075
contig_11124	65497	65659	intergenic	.	contig_11124:65497-65659
contig_11124	72099	72405	intergenic	.	contig_11124:72099-72405
contig_11124	89396	89776	intergenic	.	contig_11124:89396-89776
contig_11128	834058	834176	gene,mRNA	.	contig_11128:834058-834176,contig_11128:834058-834176
contig_11138	151366	151466	gene,mRNA	.	contig_11138:151366-151466,contig_11138:151366-151466
contig_11138	170680	170992	gene,mRNA	.	contig_11138:170680-170992,contig_11138:170680-170992
contig_11138	628129	628247	intergenic	.	contig_11138:628129-628247
contig_11138	1088151	1088200	intergenic	.	contig_11138:1088151-1088200
contig_11138	1396804	1396909	intergenic	.	contig_11138:1396804-1396909
contig_11146	337277	337427	gene,mRNA	.	contig_11146:337277-337427,contig_11146:337277-337427
contig_11146	377471	377662	intergenic	.	contig_11146:377471-377662
contig_11146	451158	451494	intergenic	.	contig_11146:451158-451494
contig_11146	978861	979132	intergenic	.	contig_11146:978861-979132
contig_11146	1068100	1068236	intergenic	.	contig_11146:1068100-1068236
contig_11146	1151872	1152253	intergenic	.	contig_11146:1151872-1152253
contig_11146	1321571	1321637	gene,mRNA	.	contig_11146:1321571-1321637,contig_11146:1321571-1321637
contig_11146	1398320	1398483	gene,mRNA	.	contig_11146:1398320-1398483,contig_11146:1398320-1398483
contig_11146	2496594	2496658	intergenic	.	contig_11146:2496594-2496658
contig_11146	3566585	3566615	intergenic	.	contig_11146:3566585-3566615
contig_11146	4479423	4479545	intergenic	.	contig_11146:4479423-4479545
contig_11157	114479	114650	intergenic	.	contig_11157:114479-114650
contig_11157	486470	486593	intergenic	.	contig_11157:486470-486593
contig_11157	581812	582031	gene,mRNA	.	contig_11157:581812-582031,contig_11157:581812-582031
contig_11157	1233289	1233428	intergenic	.	contig_11157:1233289-1233428
contig_11157	1246159	1246200	intergenic	.	contig_11157:1246159-1246200
contig_11157	1264339	1264650	intergenic	.	contig_11157:1264339-1264650
contig_11157	1958456	1958553	intergenic	.	contig_11157:1958456-1958553
contig_11157	2108560	2108825	gene,mRNA	.	contig_11157:2108560-2108825,contig_11157:2108560-2108825
contig_11168	86407	86538	intergenic	.	contig_11168:86407-86538
contig_11169	258004	258144	intergenic	.	contig_11169:258004-258144
contig_11169	273849	274115	intergenic	.	contig_11169:273849-274115
contig_11169	292214	292244	gene,mRNA	.	contig_11169:292214-292244,contig_11169:292214-292244
contig_11169	292774	293043	gene,mRNA	.	contig_11169:292774-293043,contig_11169:292774-293043
contig_11169	358946	359045	intergenic	.	contig_11169:358946-359045
contig_11169	405312	405730	intergenic	.	contig_11169:405312-405730
contig_11169	496783	496963	intergenic	.	contig_11169:496783-496963
contig_11169	527036	527276	intergenic	.	contig_11169:527036-527276
contig_11169	553531	553777	intergenic	.	contig_11169:553531-553777
contig_11169	555575	555723	intergenic	.	contig_11169:555575-555723
contig_11169	555936	556064	intergenic	.	contig_11169:555936-556064
contig_11169	566105	566284	intergenic	.	contig_11169:566105-566284
contig_11169	614299	614487	intergenic	.	contig_11169:614299-614487
contig_11169	631235	631325	intergenic	.	contig_11169:631235-631325
contig_11169	634648	634785	intergenic	.	contig_11169:634648-634785
contig_11169	642452	642576	intergenic	.	contig_11169:642452-642576
contig_11177	186513	186577	gene,mRNA	.	contig_11177:186513-186577,contig_11177:186513-186577
contig_11177	1055074	1055123	intergenic	.	contig_11177:1055074-1055123
contig_11177	1650139	1650237	gene,mRNA	.	contig_11177:1650139-1650237,contig_11177:1650139-1650237
contig_11177	3111712	3111812	intergenic	.	contig_11177:3111712-3111812
contig_11177	3749856	3750070	intergenic	.	contig_11177:3749856-3750070
contig_11177	3915737	3916203	gene,mRNA	.	contig_11177:3915737-3916203,contig_11177:3915737-3916203
contig_11177	3936161	3936370	intergenic	.	contig_11177:3936161-3936370
contig_11177	4844662	4844970	intergenic	.	contig_11177:4844662-4844970
contig_11177	5144109	5144271	intergenic	.	contig_11177:5144109-5144271
contig_11177	5286437	5286492	gene,mRNA	.	contig_11177:5286437-5286492,contig_11177:5286437-5286492
contig_11177	5499093	5499192	gene,mRNA	.	contig_11177:5499093-5499192,contig_11177:5499093-5499192
contig_11177	6064209	6064262	intergenic	.	contig_11177:6064209-6064262
contig_11177	6139859	6139900	intergenic	.	contig_11177:6139859-6139900
contig_11177	6517827	6517943	gene,mRNA,exon,CDS	.	contig_11177:6517827-6517943,contig_11177:6517827-6517943,contig_11177:6517827-6517943,contig_11177:6517827-6517943
contig_11177	7260105	7260248	intergenic	.	contig_11177:7260105-7260248
contig_11177	8977251	8977409	intergenic	.	contig_11177:8977251-8977409
contig_11177	9766349	9766795	gene,mRNA,exon,CDS,stop_codon,polyA_signal_sequence	.	contig_11177:9766349-9766795,contig_11177:9766349-9766795,contig_11177:9766349-9766795,contig_11177:9766349-9766795,contig_11177:9766349-9766795,contig_11177:9766349-9766795
contig_11177	9766779	9766795	intergenic	.	contig_11177:9766779-9766795
contig_11177	9979368	9979465	intergenic	.	contig_11177:9979368-9979465
contig_11177	10295073	10295180	intergenic	.	contig_11177:10295073-10295180
contig_11177	10532924	10533080	intergenic	.	contig_11177:10532924-10533080
contig_11177	10594260	10594308	intergenic	.	contig_11177:10594260-10594308
contig_11182	97968	98135	gene,mRNA	.	contig_11182:97968-98135,contig_11182:97968-98135
contig_11182	1283492	1283585	intergenic	.	contig_11182:1283492-1283585
contig_11182	1611006	1611059	intergenic	.	contig_11182:1611006-1611059
contig_11182	1966687	1966848	intergenic	.	contig_11182:1966687-1966848
contig_11182	2147507	2147722	intergenic	.	contig_11182:2147507-2147722
contig_11195	113583	113648	gene,mRNA	.	contig_11195:113583-113648,contig_11195:113583-113648
contig_11195	907650	907929	intergenic	.	contig_11195:907650-907929
contig_11195	913359	913565	intergenic	.	contig_11195:913359-913565
contig_11200	546284	546374	gene,mRNA	.	contig_11200:546284-546374,contig_11200:546284-546374
contig_11200	1103335	1103529	intergenic	.	contig_11200:1103335-1103529
contig_11200	1103788	1104109	intergenic	.	contig_11200:1103788-1104109
contig_11203	70980	71298	intergenic	.	contig_11203:70980-71298
contig_11203	72089	72153	intergenic	.	contig_11203:72089-72153
contig_11203	253882	254055	intergenic	.	contig_11203:253882-254055
contig_11203	537751	537814	intergenic	.	contig_11203:537751-537814
contig_11203	571279	571334	intergenic	.	contig_11203:571279-571334
contig_11203	757377	757541	intergenic	.	contig_11203:757377-757541
contig_11203	1419231	1419689	intergenic	.	contig_11203:1419231-1419689
contig_11203	1561721	1561943	gene,mRNA	.	contig_11203:1561721-1561943,contig_11203:1561721-1561943
contig_11203	1562244	1562292	gene,mRNA	.	contig_11203:1562244-1562292,contig_11203:1562244-1562292
contig_11203	1625057	1625219	intergenic	.	contig_11203:1625057-1625219
contig_11203	1799867	1799987	intergenic	.	contig_11203:1799867-1799987
contig_11203	1970386	1970454	intergenic	.	contig_11203:1970386-1970454
contig_11203	2578190	2578362	intergenic	.	contig_11203:2578190-2578362
contig_11203	2586540	2586659	intergenic	.	contig_11203:2586540-2586659
contig_11203	2725322	2725571	intergenic	.	contig_11203:2725322-2725571
contig_11203	2728947	2729586	intergenic	.	contig_11203:2728947-2729586
contig_11203	2891934	2892386	gene,mRNA,exon,CDS	.	contig_11203:2891934-2892386,contig_11203:2891934-2892386,contig_11203:2891934-2892386,contig_11203:2891934-2892386
contig_11203	3035033	3035098	intergenic	.	contig_11203:3035033-3035098
contig_11230	15927	16055	intergenic	.	contig_11230:15927-16055
contig_11230	16228	16380	intergenic	.	contig_11230:16228-16380
contig_11230	434425	434500	intergenic	.	contig_11230:434425-434500
contig_11230	500773	500840	intergenic	.	contig_11230:500773-500840
contig_11230	888834	888982	intergenic	.	contig_11230:888834-888982
contig_11230	1118099	1118212	intergenic	.	contig_11230:1118099-1118212
contig_11230	1155328	1155575	intergenic	.	contig_11230:1155328-1155575
contig_11230	1155906	1155969	intergenic	.	contig_11230:1155906-1155969
contig_11230	1200866	1200989	intergenic	.	contig_11230:1200866-1200989
contig_11230	1201053	1201092	intergenic	.	contig_11230:1201053-1201092
contig_11230	1208863	1209025	intergenic	.	contig_11230:1208863-1209025
contig_11230	1410283	1410439	intergenic	.	contig_11230:1410283-1410439
contig_11230	1545002	1545397	intergenic	.	contig_11230:1545002-1545397
contig_11230	1555991	1556116	intergenic	.	contig_11230:1555991-1556116
contig_11230	1716572	1716766	intergenic	.	contig_11230:1716572-1716766
contig_11230	1821847	1822108	intergenic	.	contig_11230:1821847-1822108
contig_11230	1982104	1982154	intergenic	.	contig_11230:1982104-1982154
contig_11230	2193324	2193588	intergenic	.	contig_11230:2193324-2193588
contig_11230	2632590	2632837	intergenic	.	contig_11230:2632590-2632837
contig_11230	2636592	2636742	intergenic	.	contig_11230:2636592-2636742
contig_11230	2636794	2636982	intergenic	.	contig_11230:2636794-2636982
contig_11230	2941546	2941735	intergenic	.	contig_11230:2941546-2941735
contig_11230	2945021	2945109	intergenic	.	contig_11230:2945021-2945109
contig_11230	3005967	3006039	intergenic	.	contig_11230:3005967-3006039
contig_11230	3173366	3173460	intergenic	.	contig_11230:3173366-3173460
contig_11230	3199685	3200040	intergenic	.	contig_11230:3199685-3200040
contig_11230	3496316	3496348	intergenic	.	contig_11230:3496316-3496348
contig_11230	3571529	3571703	intergenic	.	contig_11230:3571529-3571703
contig_11230	3616070	3616233	intergenic	.	contig_11230:3616070-3616233
contig_11230	4816062	4816350	gene,mRNA	.	contig_11230:4816062-4816350,contig_11230:4816062-4816350
contig_11230	5184325	5184391	intergenic	.	contig_11230:5184325-5184391
contig_11230	5184861	5184947	intergenic	.	contig_11230:5184861-5184947
contig_11255	455729	455948	gene,mRNA	.	contig_11255:455729-455948,contig_11255:455729-455948
contig_11255	1316343	1316449	intergenic	.	contig_11255:1316343-1316449
contig_11255	1507509	1507606	intergenic	.	contig_11255:1507509-1507606
contig_11255	1718752	1718857	intergenic	.	contig_11255:1718752-1718857
contig_11255	1962311	1962476	intergenic	.	contig_11255:1962311-1962476
contig_11255	2768048	2768156	gene,mRNA	.	contig_11255:2768048-2768156,contig_11255:2768048-2768156
contig_11301	1730976	1731090	intergenic	.	contig_11301:1730976-1731090
contig_11301	1880824	1880899	intergenic	.	contig_11301:1880824-1880899
contig_11301	1952617	1953306	gene,mRNA	.	contig_11301:1952617-1953306,contig_11301:1952617-1953306
contig_11301	2389819	2389926	intergenic	.	contig_11301:2389819-2389926
contig_11301	2719293	2719341	intergenic	.	contig_11301:2719293-2719341
contig_11301	3354738	3355022	intergenic	.	contig_11301:3354738-3355022
contig_11301	3612564	3612685	intergenic	.	contig_11301:3612564-3612685
contig_11301	5464597	5464693	intergenic	.	contig_11301:5464597-5464693
contig_11301	5464816	5464870	intergenic	.	contig_11301:5464816-5464870
contig_11301	5547838	5548085	intergenic	.	contig_11301:5547838-5548085
contig_11309	62536	62708	gene,mRNA	.	contig_11309:62536-62708,contig_11309:62536-62708
contig_11309	232217	232349	intergenic	.	contig_11309:232217-232349
contig_11309	491148	491241	intergenic	.	contig_11309:491148-491241
contig_11309	1240226	1240278	intergenic	.	contig_11309:1240226-1240278
contig_11309	1659482	1659607	gene,mRNA	.	contig_11309:1659482-1659607,contig_11309:1659482-1659607
contig_11324	75145	75181	intergenic	.	contig_11324:75145-75181
contig_11324	1149995	1150064	intergenic	.	contig_11324:1149995-1150064
contig_11324	1178967	1179040	gene,mRNA	.	contig_11324:1178967-1179040,contig_11324:1178967-1179040
contig_11324	1210514	1210604	intergenic	.	contig_11324:1210514-1210604
contig_11324	1663206	1663300	intergenic	.	contig_11324:1663206-1663300
contig_11324	3290465	3290613	intergenic	.	contig_11324:3290465-3290613
contig_1133	79668	79760	intergenic	.	contig_1133:79668-79760
contig_11350	28271	28323	intergenic	.	contig_11350:28271-28323
contig_11353	220855	220983	intergenic	.	contig_11353:220855-220983
contig_11353	221314	221407	intergenic	.	contig_11353:221314-221407
contig_11353	619687	619763	gene,mRNA	.	contig_11353:619687-619763,contig_11353:619687-619763
contig_11353	1162976	1163153	intergenic	.	contig_11353:1162976-1163153
contig_11458	89183	89332	intergenic	.	contig_11458:89183-89332
contig_11458	421059	421198	intergenic	.	contig_11458:421059-421198
contig_11458	421059	421294	gene,polyA_signal_sequence	.	contig_11458:421059-421294,contig_11458:421059-421294
contig_11458	725853	725980	intergenic	.	contig_11458:725853-725980
contig_11458	928045	928333	intergenic	.	contig_11458:928045-928333
contig_11458	1020123	1020467	intergenic	.	contig_11458:1020123-1020467
contig_11458	1048228	1048486	intergenic	.	contig_11458:1048228-1048486
contig_11458	1549799	1549903	intergenic	.	contig_11458:1549799-1549903
contig_11458	2430753	2431278	intergenic	.	contig_11458:2430753-2431278
contig_11458	2540510	2540613	gene,mRNA	.	contig_11458:2540510-2540613,contig_11458:2540510-2540613
contig_11458	2540670	2540870	gene,mRNA	.	contig_11458:2540670-2540870,contig_11458:2540670-2540870
contig_11458	2568851	2568925	intergenic	.	contig_11458:2568851-2568925
contig_11458	2568851	2568943	polyA_signal_sequence,gene	.	contig_11458:2568851-2568943,contig_11458:2568851-2568943
contig_11458	2660838	2661027	intergenic	.	contig_11458:2660838-2661027
contig_11458	2671895	2672067	intergenic	.	contig_11458:2671895-2672067
contig_11510	73069	73214	intergenic	.	contig_11510:73069-73214
contig_11537	266423	266557	intergenic	.	contig_11537:266423-266557
contig_11537	281512	281613	intergenic	.	contig_11537:281512-281613
contig_11537	384430	384580	intergenic	.	contig_11537:384430-384580
contig_11537	503107	503177	intergenic	.	contig_11537:503107-503177
contig_11544	395600	395810	intergenic	.	contig_11544:395600-395810
contig_11544	1465116	1465161	exon,CDS,gene,mRNA	.	contig_11544:1465116-1465161,contig_11544:1465116-1465161,contig_11544:1465116-1465161,contig_11544:1465116-1465161
contig_11544	1731625	1731841	gene,mRNA	.	contig_11544:1731625-1731841,contig_11544:1731625-1731841
contig_11572	104550	104815	intergenic	.	contig_11572:104550-104815
contig_11574	16329	16504	intergenic	.	contig_11574:16329-16504
contig_11607	43052	43082	intergenic	.	contig_11607:43052-43082
contig_11617	179301	179611	polyA_signal_sequence,stop_codon,exon,CDS,gene,mRNA	.	contig_11617:179301-179611,contig_11617:179301-179611,contig_11617:179301-179611,contig_11617:179301-179611,contig_11617:179301-179611,contig_11617:179301-179611
contig_11617	671341	671798	intergenic	.	contig_11617:671341-671798
contig_11617	1146039	1146172	intergenic	.	contig_11617:1146039-1146172
contig_11617	1282774	1282875	intergenic	.	contig_11617:1282774-1282875
contig_11703	985110	985249	intergenic	.	contig_11703:985110-985249
contig_11703	1035963	1036059	intergenic	.	contig_11703:1035963-1036059
contig_11708	135541	135776	intergenic	.	contig_11708:135541-135776
contig_11708	2052341	2052501	intergenic	.	contig_11708:2052341-2052501
contig_11708	2276097	2276303	gene,mRNA	.	contig_11708:2276097-2276303,contig_11708:2276097-2276303
contig_11708	2276406	2276455	gene,mRNA	.	contig_11708:2276406-2276455,contig_11708:2276406-2276455
contig_11708	2474488	2474680	intergenic	.	contig_11708:2474488-2474680
contig_11708	3104225	3104379	intergenic	.	contig_11708:3104225-3104379
contig_11713	116644	116885	intergenic	.	contig_11713:116644-116885
contig_11713	568445	568771	gene,mRNA	.	contig_11713:568445-568771,contig_11713:568445-568771
contig_11713	576245	576344	gene,mRNA	.	contig_11713:576245-576344,contig_11713:576245-576344
contig_11713	860622	860809	intergenic	.	contig_11713:860622-860809
contig_11713	1902150	1902435	gene,mRNA	.	contig_11713:1902150-1902435,contig_11713:1902150-1902435
contig_11713	2330173	2330281	intergenic	.	contig_11713:2330173-2330281
contig_11713	2546035	2546086	intergenic	.	contig_11713:2546035-2546086
contig_11713	2651631	2651745	intergenic	.	contig_11713:2651631-2651745
contig_11713	2719307	2719374	intergenic	.	contig_11713:2719307-2719374
contig_11713	3089625	3089829	intergenic	.	contig_11713:3089625-3089829
contig_11713	3323608	3323670	intergenic	.	contig_11713:3323608-3323670
contig_11713	3783160	3783307	gene,mRNA	.	contig_11713:3783160-3783307,contig_11713:3783160-3783307
contig_11713	3788254	3788503	gene,mRNA	.	contig_11713:3788254-3788503,contig_11713:3788254-3788503
contig_11713	4019715	4019887	gene,mRNA	.	contig_11713:4019715-4019887,contig_11713:4019715-4019887
contig_11715	14417	14545	intergenic	.	contig_11715:14417-14545
contig_11773	713497	713584	gene,mRNA	.	contig_11773:713497-713584,contig_11773:713497-713584
contig_11773	1066712	1066754	intergenic	.	contig_11773:1066712-1066754
contig_11773	1339522	1339564	gene,mRNA	.	contig_11773:1339522-1339564,contig_11773:1339522-1339564
contig_11773	1348765	1349129	gene,mRNA	.	contig_11773:1348765-1349129,contig_11773:1348765-1349129
contig_11773	1354464	1354600	gene,mRNA	.	contig_11773:1354464-1354600,contig_11773:1354464-1354600
contig_11773	1354802	1354852	gene,mRNA	.	contig_11773:1354802-1354852,contig_11773:1354802-1354852
contig_11773	1551979	1552209	gene,mRNA	.	contig_11773:1551979-1552209,contig_11773:1551979-1552209
contig_11773	1724437	1724566	gene,mRNA	.	contig_11773:1724437-1724566,contig_11773:1724437-1724566
contig_11773	1740416	1740702	gene,mRNA	.	contig_11773:1740416-1740702,contig_11773:1740416-1740702
contig_11773	2293339	2293532	gene,mRNA	.	contig_11773:2293339-2293532,contig_11773:2293339-2293532
contig_11773	2293627	2293772	gene,mRNA	.	contig_11773:2293627-2293772,contig_11773:2293627-2293772
contig_11773	2635706	2635778	intergenic	.	contig_11773:2635706-2635778
contig_11773	2703103	2703201	intergenic	.	contig_11773:2703103-2703201
contig_11773	2736338	2736375	intergenic	.	contig_11773:2736338-2736375
contig_11773	2736741	2736874	intergenic	.	contig_11773:2736741-2736874
contig_11810	97606	97643	gene,mRNA	.	contig_11810:97606-97643,contig_11810:97606-97643
contig_11810	231200	231518	gene,mRNA	.	contig_11810:231200-231518,contig_11810:231200-231518
contig_11810	429105	429209	intergenic	.	contig_11810:429105-429209
contig_11810	1072381	1072588	intergenic	.	contig_11810:1072381-1072588
contig_11810	1574674	1574710	intergenic	.	contig_11810:1574674-1574710
contig_11810	1735691	1735880	intergenic	.	contig_11810:1735691-1735880
contig_11810	1802449	1802619	intergenic	.	contig_11810:1802449-1802619
contig_11810	1878909	1879221	gene,mRNA	.	contig_11810:1878909-1879221,contig_11810:1878909-1879221
contig_11810	2233666	2233791	gene,mRNA	.	contig_11810:2233666-2233791,contig_11810:2233666-2233791
contig_11810	2421076	2421385	intergenic	.	contig_11810:2421076-2421385
contig_11810	2581580	2581790	intergenic	.	contig_11810:2581580-2581790
contig_11810	2971185	2971486	intergenic	.	contig_11810:2971185-2971486
contig_11907	181037	181211	intergenic	.	contig_11907:181037-181211
contig_11907	490751	490965	intergenic	.	contig_11907:490751-490965
contig_11907	649308	649776	intergenic	.	contig_11907:649308-649776
contig_11907	1517452	1517629	intergenic	.	contig_11907:1517452-1517629
contig_11907	1518942	1519135	intergenic	.	contig_11907:1518942-1519135
contig_11907	1538096	1538301	intergenic	.	contig_11907:1538096-1538301
contig_11907	1544566	1544899	intergenic	.	contig_11907:1544566-1544899
contig_11907	1574329	1574453	gene,mRNA	.	contig_11907:1574329-1574453,contig_11907:1574329-1574453
contig_11907	1677774	1677840	gene,mRNA	.	contig_11907:1677774-1677840,contig_11907:1677774-1677840
contig_11907	1764146	1764390	intergenic	.	contig_11907:1764146-1764390
contig_11917	10238	10288	intergenic	.	contig_11917:10238-10288
contig_11917	72095	72280	intergenic	.	contig_11917:72095-72280
contig_11917	597567	597843	intergenic	.	contig_11917:597567-597843
contig_11917	665794	665976	exon,CDS,gene,mRNA	.	contig_11917:665794-665976,contig_11917:665794-665976,contig_11917:665794-665976,contig_11917:665794-665976
contig_11917	735345	735582	gene,mRNA	.	contig_11917:735345-735582,contig_11917:735345-735582
contig_11917	769451	769594	gene,mRNA	.	contig_11917:769451-769594,contig_11917:769451-769594
contig_11917	891623	891865	intergenic	.	contig_11917:891623-891865
contig_11917	1204840	1205045	intergenic	.	contig_11917:1204840-1205045
contig_11917	1251042	1251389	intergenic	.	contig_11917:1251042-1251389
contig_11917	1421722	1421908	gene,mRNA	.	contig_11917:1421722-1421908,contig_11917:1421722-1421908
contig_11917	1425944	1426069	gene,mRNA	.	contig_11917:1425944-1426069,contig_11917:1425944-1426069
contig_11917	1525118	1525287	intergenic	.	contig_11917:1525118-1525287
contig_11917	1572428	1572642	intergenic	.	contig_11917:1572428-1572642
contig_11917	1822279	1822342	gene,mRNA	.	contig_11917:1822279-1822342,contig_11917:1822279-1822342
contig_11917	1849277	1849477	gene,mRNA	.	contig_11917:1849277-1849477,contig_11917:1849277-1849477
contig_11917	1849731	1849875	gene,mRNA	.	contig_11917:1849731-1849875,contig_11917:1849731-1849875
contig_11917	2134722	2134844	gene,mRNA	.	contig_11917:2134722-2134844,contig_11917:2134722-2134844
contig_11917	2151115	2151266	intergenic	.	contig_11917:2151115-2151266
contig_11932	54441	54613	intergenic	.	contig_11932:54441-54613
contig_11932	301396	301466	intergenic	.	contig_11932:301396-301466
contig_11932	398003	398081	intergenic	.	contig_11932:398003-398081
contig_11932	446155	446438	intergenic	.	contig_11932:446155-446438
contig_11932	588230	588289	intergenic	.	contig_11932:588230-588289
contig_11932	589118	589371	intergenic	.	contig_11932:589118-589371
contig_11932	768952	769132	intergenic	.	contig_11932:768952-769132
contig_11932	1032747	1032914	gene,mRNA	.	contig_11932:1032747-1032914,contig_11932:1032747-1032914
contig_11932	1120573	1120666	intergenic	.	contig_11932:1120573-1120666
contig_11932	1120740	1120945	intergenic	.	contig_11932:1120740-1120945
contig_11932	1204829	1205006	gene,mRNA	.	contig_11932:1204829-1205006,contig_11932:1204829-1205006
contig_11932	1277254	1277410	intergenic	.	contig_11932:1277254-1277410
contig_11932	1355962	1356346	gene,mRNA	.	contig_11932:1355962-1356346,contig_11932:1355962-1356346
contig_11932	1641323	1641490	intergenic	.	contig_11932:1641323-1641490
contig_11932	1767219	1767391	intergenic	.	contig_11932:1767219-1767391
contig_11932	1767463	1767692	intergenic	.	contig_11932:1767463-1767692
contig_11932	1834392	1834493	gene,mRNA	.	contig_11932:1834392-1834493,contig_11932:1834392-1834493
contig_11932	1834552	1834664	gene,mRNA	.	contig_11932:1834552-1834664,contig_11932:1834552-1834664
contig_11932	1938365	1938423	intergenic	.	contig_11932:1938365-1938423
contig_11932	2374082	2374293	intergenic	.	contig_11932:2374082-2374293
contig_11932	2751765	2751883	intergenic	.	contig_11932:2751765-2751883
contig_11932	2765536	2765687	intergenic	.	contig_11932:2765536-2765687
contig_11932	2928988	2929072	gene,mRNA	.	contig_11932:2928988-2929072,contig_11932:2928988-2929072
contig_11932	4030012	4030126	gene,mRNA	.	contig_11932:4030012-4030126,contig_11932:4030012-4030126
contig_11932	4620837	4621186	gene,mRNA	.	contig_11932:4620837-4621186,contig_11932:4620837-4621186
contig_11932	4632363	4632642	gene,mRNA	.	contig_11932:4632363-4632642,contig_11932:4632363-4632642
contig_11932	5545190	5545232	intergenic	.	contig_11932:5545190-5545232
contig_11932	5687305	5687359	gene,mRNA	.	contig_11932:5687305-5687359,contig_11932:5687305-5687359
contig_11932	5889660	5890005	intergenic	.	contig_11932:5889660-5890005
contig_11932	6372495	6372610	intergenic	.	contig_11932:6372495-6372610
contig_11932	6372882	6373024	intergenic	.	contig_11932:6372882-6373024
contig_11932	6373648	6374495	intergenic	.	contig_11932:6373648-6374495
contig_11932	6448695	6448926	intergenic	.	contig_11932:6448695-6448926
contig_11932	6531560	6531702	intergenic	.	contig_11932:6531560-6531702
contig_11932	7378106	7378269	intergenic	.	contig_11932:7378106-7378269
contig_11932	7677649	7677729	intergenic	.	contig_11932:7677649-7677729
contig_11932	7677840	7677915	intergenic	.	contig_11932:7677840-7677915
contig_11998	166450	166677	intergenic	.	contig_11998:166450-166677
contig_11998	220252	220497	gene,mRNA	.	contig_11998:220252-220497,contig_11998:220252-220497
contig_11998	579263	579442	intergenic	.	contig_11998:579263-579442
contig_11998	645532	645603	intergenic	.	contig_11998:645532-645603
contig_11998	645685	645757	intergenic	.	contig_11998:645685-645757
contig_11998	661354	661390	intergenic	.	contig_11998:661354-661390
contig_11998	662414	662455	intergenic	.	contig_11998:662414-662455
contig_12006	16165	16354	intergenic	.	contig_12006:16165-16354
contig_12006	48995	49169	gene,mRNA	.	contig_12006:48995-49169,contig_12006:48995-49169
contig_12006	55405	55575	gene,mRNA	.	contig_12006:55405-55575,contig_12006:55405-55575
contig_12006	55645	55886	gene,mRNA	.	contig_12006:55645-55886,contig_12006:55645-55886
contig_12006	55951	55996	gene,mRNA	.	contig_12006:55951-55996,contig_12006:55951-55996
contig_12006	282166	282298	gene,mRNA	.	contig_12006:282166-282298,contig_12006:282166-282298
contig_12006	341931	342006	gene,mRNA	.	contig_12006:341931-342006,contig_12006:341931-342006
contig_12031	1230856	1231014	intergenic	.	contig_12031:1230856-1231014
contig_12031	1331134	1331345	intergenic	.	contig_12031:1331134-1331345
contig_12031	1382747	1382779	intergenic	.	contig_12031:1382747-1382779
contig_12031	1403540	1403892	gene,mRNA	.	contig_12031:1403540-1403892,contig_12031:1403540-1403892
contig_12031	1458355	1458478	intergenic	.	contig_12031:1458355-1458478
contig_12031	1587275	1587445	intergenic	.	contig_12031:1587275-1587445
contig_12031	1702590	1702755	intergenic	.	contig_12031:1702590-1702755
contig_12031	1702841	1703290	intergenic	.	contig_12031:1702841-1703290
contig_12031	1850879	1850940	intergenic	.	contig_12031:1850879-1850940
contig_12031	1902020	1902281	intergenic	.	contig_12031:1902020-1902281
contig_12031	2086021	2086299	gene,mRNA	.	contig_12031:2086021-2086299,contig_12031:2086021-2086299
contig_12031	2139989	2140024	intergenic	.	contig_12031:2139989-2140024
contig_12035_part1	99558	99608	intergenic	.	contig_12035_part1:99558-99608
contig_12035_part1	99973	100020	intergenic	.	contig_12035_part1:99973-100020
contig_12061	938338	938457	intergenic	.	contig_12061:938338-938457
contig_12061	1225399	1225474	intergenic	.	contig_12061:1225399-1225474
contig_12061	1288427	1288525	intergenic	.	contig_12061:1288427-1288525
contig_12061	1646295	1646488	intergenic	.	contig_12061:1646295-1646488
contig_12061	1714805	1715028	gene,mRNA	.	contig_12061:1714805-1715028,contig_12061:1714805-1715028
contig_12061	1758622	1758758	gene,mRNA	.	contig_12061:1758622-1758758,contig_12061:1758622-1758758
contig_12061	1995578	1995796	intergenic	.	contig_12061:1995578-1995796
contig_12061	2661652	2661872	intergenic	.	contig_12061:2661652-2661872
contig_12061	2802341	2802515	intergenic	.	contig_12061:2802341-2802515
contig_12061	2888944	2889326	gene,mRNA	.	contig_12061:2888944-2889326,contig_12061:2888944-2889326
contig_12061	2889462	2889602	gene,mRNA	.	contig_12061:2889462-2889602,contig_12061:2889462-2889602
contig_12061	3141740	3141837	intergenic	.	contig_12061:3141740-3141837
contig_12061	3901709	3901838	intergenic	.	contig_12061:3901709-3901838
contig_12061	3912313	3912458	intergenic	.	contig_12061:3912313-3912458
contig_12061	4357821	4358233	intergenic	.	contig_12061:4357821-4358233
contig_12061	4451047	4451215	gene,mRNA	.	contig_12061:4451047-4451215,contig_12061:4451047-4451215
contig_12061	4525735	4526040	intergenic	.	contig_12061:4525735-4526040
contig_12062	44271	44313	intergenic	.	contig_12062:44271-44313
contig_12075	205540	205763	intergenic	.	contig_12075:205540-205763
contig_12075	385338	385543	intergenic	.	contig_12075:385338-385543
contig_12075	392723	392808	intergenic	.	contig_12075:392723-392808
contig_12075	392943	393164	intergenic	.	contig_12075:392943-393164
contig_12075	400410	400685	intergenic	.	contig_12075:400410-400685
contig_12075	1039017	1039067	intergenic	.	contig_12075:1039017-1039067
contig_12075	1160185	1160288	intergenic	.	contig_12075:1160185-1160288
contig_12075	1170831	1171016	intergenic	.	contig_12075:1170831-1171016
contig_12075	1293563	1293706	intergenic	.	contig_12075:1293563-1293706
contig_12075	1391151	1391243	intergenic	.	contig_12075:1391151-1391243
contig_12075	1391670	1391934	intergenic	.	contig_12075:1391670-1391934
contig_12075	1392256	1392326	intergenic	.	contig_12075:1392256-1392326
contig_12098	16132	16294	intergenic	.	contig_12098:16132-16294
contig_12098	480341	480418	gene,mRNA	.	contig_12098:480341-480418,contig_12098:480341-480418
contig_12098	1314801	1315052	intergenic	.	contig_12098:1314801-1315052
contig_12098	2064441	2064698	intergenic	.	contig_12098:2064441-2064698
contig_1218	322978	323063	intergenic	.	contig_1218:322978-323063
contig_1218	397717	397790	gene,mRNA	.	contig_1218:397717-397790,contig_1218:397717-397790
contig_12189	9102	9243	intergenic	.	contig_12189:9102-9243
contig_12229	14526	14636	intergenic	.	contig_12229:14526-14636
contig_12229	36603	36756	intergenic	.	contig_12229:36603-36756
contig_12230	19017	19316	intergenic	.	contig_12230:19017-19316
contig_12230	83430	83574	intergenic	.	contig_12230:83430-83574
contig_12230	110582	110618	intergenic	.	contig_12230:110582-110618
contig_12230	110701	110973	intergenic	.	contig_12230:110701-110973
contig_12230	146688	146913	intergenic	.	contig_12230:146688-146913
contig_12237	340791	340886	gene,mRNA	.	contig_12237:340791-340886,contig_12237:340791-340886
contig_12237	356407	356540	intergenic	.	contig_12237:356407-356540
contig_12237	1031078	1031238	gene,mRNA	.	contig_12237:1031078-1031238,contig_12237:1031078-1031238
contig_12237	1126744	1127052	intergenic	.	contig_12237:1126744-1127052
contig_12237	1207828	1207929	intergenic	.	contig_12237:1207828-1207929
contig_12237	1584711	1584871	gene,mRNA	.	contig_12237:1584711-1584871,contig_12237:1584711-1584871
contig_12237	1713468	1713642	gene,mRNA	.	contig_12237:1713468-1713642,contig_12237:1713468-1713642
contig_12237	1892072	1892224	gene,mRNA	.	contig_12237:1892072-1892224,contig_12237:1892072-1892224
contig_12237	2401355	2401535	intergenic	.	contig_12237:2401355-2401535
contig_12237	2868959	2869187	gene,mRNA	.	contig_12237:2868959-2869187,contig_12237:2868959-2869187
contig_12237	2981686	2981909	intergenic	.	contig_12237:2981686-2981909
contig_12237	3130654	3130944	intergenic	.	contig_12237:3130654-3130944
contig_12237	3192259	3192522	intergenic	.	contig_12237:3192259-3192522
contig_12237	3412821	3412916	intergenic	.	contig_12237:3412821-3412916
contig_12237	3413224	3413282	intergenic	.	contig_12237:3413224-3413282
contig_12237	3487236	3487332	intergenic	.	contig_12237:3487236-3487332
contig_12270	54806	54956	intergenic	.	contig_12270:54806-54956
contig_12270	74790	74929	intergenic	.	contig_12270:74790-74929
contig_12270	283216	283247	intergenic	.	contig_12270:283216-283247
contig_12270	578329	578520	intergenic	.	contig_12270:578329-578520
contig_12270	1176209	1176455	intergenic	.	contig_12270:1176209-1176455
contig_12270	1269436	1269520	intergenic	.	contig_12270:1269436-1269520
contig_12270	1284414	1284485	gene,mRNA	.	contig_12270:1284414-1284485,contig_12270:1284414-1284485
contig_12270	2422454	2422667	intergenic	.	contig_12270:2422454-2422667
contig_12270	2588090	2588336	intergenic	.	contig_12270:2588090-2588336
contig_12270	2868402	2868614	gene,mRNA	.	contig_12270:2868402-2868614,contig_12270:2868402-2868614
contig_12270	2994911	2995334	intergenic	.	contig_12270:2994911-2995334
contig_12270	3348148	3348227	intergenic	.	contig_12270:3348148-3348227
contig_12270	3590200	3590549	intergenic	.	contig_12270:3590200-3590549
contig_12270	3986756	3986872	intergenic	.	contig_12270:3986756-3986872
contig_12270	4380655	4380699	intergenic	.	contig_12270:4380655-4380699
contig_12270	4442998	4443054	intergenic	.	contig_12270:4442998-4443054
contig_12270	4605474	4605635	intergenic	.	contig_12270:4605474-4605635
contig_12270	4648977	4649085	intergenic	.	contig_12270:4648977-4649085
contig_12270	4827659	4827718	intergenic	.	contig_12270:4827659-4827718
contig_12270	5203186	5203361	intergenic	.	contig_12270:5203186-5203361
contig_12270	5442568	5442675	gene,mRNA	.	contig_12270:5442568-5442675,contig_12270:5442568-5442675
contig_12270	5443041	5443258	gene,mRNA	.	contig_12270:5443041-5443258,contig_12270:5443041-5443258
contig_12270	5461367	5461534	gene,mRNA	.	contig_12270:5461367-5461534,contig_12270:5461367-5461534
contig_12270	5694987	5695262	intergenic	.	contig_12270:5694987-5695262
contig_12270	5732576	5732649	intergenic	.	contig_12270:5732576-5732649
contig_12300	60960	61037	intergenic	.	contig_12300:60960-61037
contig_12300	182225	182447	intergenic	.	contig_12300:182225-182447
contig_12311	300622	300710	intergenic	.	contig_12311:300622-300710
contig_12311	2098685	2098948	intergenic	.	contig_12311:2098685-2098948
contig_12311	2454599	2454738	intergenic	.	contig_12311:2454599-2454738
contig_12311	2496174	2496639	intergenic	.	contig_12311:2496174-2496639
contig_12323	17920	18016	intergenic	.	contig_12323:17920-18016
contig_12323	102980	103017	gene,mRNA	.	contig_12323:102980-103017,contig_12323:102980-103017
contig_12382	154461	154535	intergenic	.	contig_12382:154461-154535
contig_12382	380209	380320	intergenic	.	contig_12382:380209-380320
contig_12382	502407	502735	intergenic	.	contig_12382:502407-502735
contig_12382	508123	508207	intergenic	.	contig_12382:508123-508207
contig_12382	753717	753898	intergenic	.	contig_12382:753717-753898
contig_12413	407019	407097	intergenic	.	contig_12413:407019-407097
contig_12473	146936	147088	gene,mRNA	.	contig_12473:146936-147088,contig_12473:146936-147088
contig_12473	430660	430785	intergenic	.	contig_12473:430660-430785
contig_12473	663021	663551	intergenic	.	contig_12473:663021-663551
contig_12473	1052855	1052992	intergenic	.	contig_12473:1052855-1052992
contig_12473	1162094	1162304	intergenic	.	contig_12473:1162094-1162304
contig_12473	1162384	1162457	intergenic	.	contig_12473:1162384-1162457
contig_12473	1251083	1251130	intergenic	.	contig_12473:1251083-1251130
contig_12473	1255563	1255761	intergenic	.	contig_12473:1255563-1255761
contig_12473	1276484	1276747	intergenic	.	contig_12473:1276484-1276747
contig_12473	1276800	1277018	intergenic	.	contig_12473:1276800-1277018
contig_12473	1332782	1332924	intergenic	.	contig_12473:1332782-1332924
contig_12473	1450098	1450566	intergenic	.	contig_12473:1450098-1450566
contig_12473	1607934	1608116	intergenic	.	contig_12473:1607934-1608116
contig_12473	1899168	1899257	intergenic	.	contig_12473:1899168-1899257
contig_12489	485527	485589	gene,mRNA	.	contig_12489:485527-485589,contig_12489:485527-485589
contig_12489	612604	612772	intergenic	.	contig_12489:612604-612772
contig_12517	311204	311337	intergenic	.	contig_12517:311204-311337
contig_12517	832855	833219	intergenic	.	contig_12517:832855-833219
contig_12517	1040021	1040159	gene,mRNA	.	contig_12517:1040021-1040159,contig_12517:1040021-1040159
contig_12517	1062654	1062824	gene,mRNA	.	contig_12517:1062654-1062824,contig_12517:1062654-1062824
contig_12517	1983164	1983239	gene,mRNA	.	contig_12517:1983164-1983239,contig_12517:1983164-1983239
contig_12517	2416540	2416592	intergenic	.	contig_12517:2416540-2416592
contig_12526	13568	13685	intergenic	.	contig_12526:13568-13685
contig_12526	118857	118930	gene,mRNA	.	contig_12526:118857-118930,contig_12526:118857-118930
contig_12526	121827	122218	gene,mRNA	.	contig_12526:121827-122218,contig_12526:121827-122218
contig_12526	393772	393823	intergenic	.	contig_12526:393772-393823
contig_12526	484353	484641	intergenic	.	contig_12526:484353-484641
contig_12526	1464847	1465090	intergenic	.	contig_12526:1464847-1465090
contig_12526	1465239	1465439	intergenic	.	contig_12526:1465239-1465439
contig_12526	1572803	1573001	intergenic	.	contig_12526:1572803-1573001
contig_12553	127579	127628	intergenic	.	contig_12553:127579-127628
contig_12553	948732	948860	gene,mRNA	.	contig_12553:948732-948860,contig_12553:948732-948860
contig_12553	948989	949244	gene,mRNA	.	contig_12553:948989-949244,contig_12553:948989-949244
contig_12553	1442821	1442908	intergenic	.	contig_12553:1442821-1442908
contig_12553	1757483	1757591	intergenic	.	contig_12553:1757483-1757591
contig_12570	122701	122872	gene,mRNA	.	contig_12570:122701-122872,contig_12570:122701-122872
contig_12570	123268	123455	gene,mRNA	.	contig_12570:123268-123455,contig_12570:123268-123455
contig_12570	219550	219633	intergenic	.	contig_12570:219550-219633
contig_12570	274143	274286	intergenic	.	contig_12570:274143-274286
contig_12570	1184985	1185242	intergenic	.	contig_12570:1184985-1185242
contig_12570	1379718	1379850	intergenic	.	contig_12570:1379718-1379850
contig_12570	1385693	1385853	intergenic	.	contig_12570:1385693-1385853
contig_12570	1507949	1508084	intergenic	.	contig_12570:1507949-1508084
contig_12570	1508281	1508315	intergenic	.	contig_12570:1508281-1508315
contig_12570	1509822	1509927	intergenic	.	contig_12570:1509822-1509927
contig_12570	1572178	1572275	intergenic	.	contig_12570:1572178-1572275
contig_12570	1572589	1572925	intergenic	.	contig_12570:1572589-1572925
contig_12570	1816049	1816408	intergenic	.	contig_12570:1816049-1816408
contig_12570	2025863	2025988	intergenic	.	contig_12570:2025863-2025988
contig_12570	2032668	2032916	intergenic	.	contig_12570:2032668-2032916
contig_12570	2298070	2298218	gene,mRNA	.	contig_12570:2298070-2298218,contig_12570:2298070-2298218
contig_12570	2539259	2539391	intergenic	.	contig_12570:2539259-2539391
contig_12570	2623493	2623736	intergenic	.	contig_12570:2623493-2623736
contig_12570	2682396	2682463	intergenic	.	contig_12570:2682396-2682463
contig_12570	2683542	2683745	intergenic	.	contig_12570:2683542-2683745
contig_12570	2724449	2724504	intergenic	.	contig_12570:2724449-2724504
contig_12570	2797525	2797776	intergenic	.	contig_12570:2797525-2797776
contig_12570	2797954	2798052	intergenic	.	contig_12570:2797954-2798052
contig_12570	3151711	3151886	gene,mRNA	.	contig_12570:3151711-3151886,contig_12570:3151711-3151886
contig_12570	3226052	3226328	intergenic	.	contig_12570:3226052-3226328
contig_12570	3606760	3606958	intergenic	.	contig_12570:3606760-3606958
contig_12570	3659002	3659122	gene,mRNA	.	contig_12570:3659002-3659122,contig_12570:3659002-3659122
contig_12570	4054590	4054687	intergenic	.	contig_12570:4054590-4054687
contig_12570	4054965	4055341	intergenic	.	contig_12570:4054965-4055341
contig_12570	4068803	4068933	intergenic	.	contig_12570:4068803-4068933
contig_12570	4264174	4264343	intergenic	.	contig_12570:4264174-4264343
contig_12570	4290160	4290352	gene,mRNA	.	contig_12570:4290160-4290352,contig_12570:4290160-4290352
contig_12570	4334606	4335163	exon,CDS,stop_codon,polyA_signal_sequence,gene,mRNA	.	contig_12570:4334606-4335163,contig_12570:4334606-4335163,contig_12570:4334606-4335163,contig_12570:4334606-4335163,contig_12570:4334606-4335163,contig_12570:4334606-4335163
contig_12570	4335031	4335163	intergenic	.	contig_12570:4335031-4335163
contig_12570	4414491	4414661	intergenic	.	contig_12570:4414491-4414661
contig_12570	4536410	4536440	intergenic	.	contig_12570:4536410-4536440
contig_12570	4771127	4771401	intergenic	.	contig_12570:4771127-4771401
contig_12570	4978111	4978306	intergenic	.	contig_12570:4978111-4978306
contig_12570	5006963	5007154	intergenic	.	contig_12570:5006963-5007154
contig_12570	5061289	5061391	intergenic	.	contig_12570:5061289-5061391
contig_12570	5061549	5061839	intergenic	.	contig_12570:5061549-5061839
contig_12631	140881	141036	intergenic	.	contig_12631:140881-141036
contig_12631	1023249	1023443	gene,mRNA,exon,CDS	.	contig_12631:1023249-1023443,contig_12631:1023249-1023443,contig_12631:1023249-1023443,contig_12631:1023249-1023443
contig_12631	2546171	2546323	intergenic	.	contig_12631:2546171-2546323
contig_12631	2829346	2829563	intergenic	.	contig_12631:2829346-2829563
contig_12651	1036886	1036941	gene,mRNA	.	contig_12651:1036886-1036941,contig_12651:1036886-1036941
contig_12651	1136557	1136770	intergenic	.	contig_12651:1136557-1136770
contig_12651	1249892	1249959	intergenic	.	contig_12651:1249892-1249959
contig_12669	142982	143040	intergenic	.	contig_12669:142982-143040
contig_12669	544862	544917	intergenic	.	contig_12669:544862-544917
contig_12669	1153655	1153708	gene,mRNA	.	contig_12669:1153655-1153708,contig_12669:1153655-1153708
contig_12669	1154209	1154272	gene,mRNA	.	contig_12669:1154209-1154272,contig_12669:1154209-1154272
contig_12669	1919390	1919449	gene,mRNA	.	contig_12669:1919390-1919449,contig_12669:1919390-1919449
contig_12669	2057756	2057870	intergenic	.	contig_12669:2057756-2057870
contig_12695	130812	130927	intergenic	.	contig_12695:130812-130927
contig_12695	131049	131109	intergenic	.	contig_12695:131049-131109
contig_12695	1391935	1392167	intergenic	.	contig_12695:1391935-1392167
contig_12695	1978501	1979153	exon,CDS,stop_codon,polyA_signal_sequence,gene,mRNA	.	contig_12695:1978501-1979153,contig_12695:1978501-1979153,contig_12695:1978501-1979153,contig_12695:1978501-1979153,contig_12695:1978501-1979153,contig_12695:1978501-1979153
contig_12695	1978704	1979153	intergenic	.	contig_12695:1978704-1979153
contig_12695	3049897	3050092	gene,mRNA	.	contig_12695:3049897-3050092,contig_12695:3049897-3050092
contig_12695	3050230	3050332	gene,mRNA	.	contig_12695:3050230-3050332,contig_12695:3050230-3050332
contig_12695	3110471	3110600	intergenic	.	contig_12695:3110471-3110600
contig_12695	3425188	3425237	intergenic	.	contig_12695:3425188-3425237
contig_12695	3616258	3616668	intergenic	.	contig_12695:3616258-3616668
contig_12695	3885170	3885236	intergenic	.	contig_12695:3885170-3885236
contig_12695	3953688	3953724	intergenic	.	contig_12695:3953688-3953724
contig_12695	4715012	4715145	intergenic	.	contig_12695:4715012-4715145
contig_12707	443329	443359	intergenic	.	contig_12707:443329-443359
contig_12707	640344	640389	intergenic	.	contig_12707:640344-640389
contig_12707	938638	938738	gene,mRNA	.	contig_12707:938638-938738,contig_12707:938638-938738
contig_12707	938847	938947	gene,mRNA	.	contig_12707:938847-938947,contig_12707:938847-938947
contig_12717	1707138	1707295	intergenic	.	contig_12717:1707138-1707295
contig_12717	1784393	1784602	intergenic	.	contig_12717:1784393-1784602
contig_12717	1818499	1818630	intergenic	.	contig_12717:1818499-1818630
contig_12766	269837	269868	intergenic	.	contig_12766:269837-269868
contig_12783	1026440	1026547	intergenic	.	contig_12783:1026440-1026547
contig_12783	2073739	2073853	intergenic	.	contig_12783:2073739-2073853
contig_12783	3497919	3497990	intergenic	.	contig_12783:3497919-3497990
contig_12783	5954025	5954372	intergenic	.	contig_12783:5954025-5954372
contig_12783	5971030	5971101	intergenic	.	contig_12783:5971030-5971101
contig_12783	6023972	6024808	intergenic	.	contig_12783:6023972-6024808
contig_12792	622025	622092	intergenic	.	contig_12792:622025-622092
contig_12792	638731	638892	intergenic	.	contig_12792:638731-638892
contig_12792	664820	664896	intergenic	.	contig_12792:664820-664896
contig_12792	694061	694195	intergenic	.	contig_12792:694061-694195
contig_12792	842052	842156	gene,mRNA	.	contig_12792:842052-842156,contig_12792:842052-842156
contig_12792	1154689	1154773	intergenic	.	contig_12792:1154689-1154773
contig_12792	1646795	1646914	intergenic	.	contig_12792:1646795-1646914
contig_12792	2024214	2024435	intergenic	.	contig_12792:2024214-2024435
contig_12792	2479545	2479672	intergenic	.	contig_12792:2479545-2479672
contig_12792	2634702	2634935	intergenic	.	contig_12792:2634702-2634935
contig_12792	2900854	2901191	intergenic	.	contig_12792:2900854-2901191
contig_12792	3549694	3549751	gene,mRNA	.	contig_12792:3549694-3549751,contig_12792:3549694-3549751
contig_12792	3730276	3730399	gene,mRNA	.	contig_12792:3730276-3730399,contig_12792:3730276-3730399
contig_12792	3891950	3892176	intergenic	.	contig_12792:3891950-3892176
contig_12792	4174072	4174116	intergenic	.	contig_12792:4174072-4174116
contig_12852	49439	49953	gene,mRNA	.	contig_12852:49439-49953,contig_12852:49439-49953
contig_12852	292875	293000	intergenic	.	contig_12852:292875-293000
contig_12873	336276	336389	gene,mRNA	.	contig_12873:336276-336389,contig_12873:336276-336389
contig_12873	384163	384281	gene,mRNA	.	contig_12873:384163-384281,contig_12873:384163-384281
contig_12873	429125	429205	gene,mRNA	.	contig_12873:429125-429205,contig_12873:429125-429205
contig_12873	588260	588339	intergenic	.	contig_12873:588260-588339
contig_12873	969454	969506	intergenic	.	contig_12873:969454-969506
contig_12873	969454	969640	gene,polyA_signal_sequence,mRNA,stop_codon,exon,CDS	.	contig_12873:969454-969640,contig_12873:969454-969640,contig_12873:969454-969640,contig_12873:969454-969640,contig_12873:969454-969640,contig_12873:969454-969640
contig_12873	1056977	1057167	intergenic	.	contig_12873:1056977-1057167
contig_12873	1201332	1201452	intergenic	.	contig_12873:1201332-1201452
contig_12873	1360813	1360949	gene,mRNA	.	contig_12873:1360813-1360949,contig_12873:1360813-1360949
contig_12873	1361062	1361256	gene,mRNA	.	contig_12873:1361062-1361256,contig_12873:1361062-1361256
contig_12873	1361356	1361882	gene,mRNA	.	contig_12873:1361356-1361882,contig_12873:1361356-1361882
contig_12873	1549843	1550063	intergenic	.	contig_12873:1549843-1550063
contig_12873	1695691	1695923	intergenic	.	contig_12873:1695691-1695923
contig_12873	1867279	1867499	intergenic	.	contig_12873:1867279-1867499
contig_12873	1967385	1967484	intergenic	.	contig_12873:1967385-1967484
contig_12873	2358232	2358285	intergenic	.	contig_12873:2358232-2358285
contig_12873	2413294	2413345	gene,mRNA	.	contig_12873:2413294-2413345,contig_12873:2413294-2413345
contig_12873	2651756	2651835	gene,mRNA	.	contig_12873:2651756-2651835,contig_12873:2651756-2651835
contig_12873	2984791	2984870	gene,mRNA	.	contig_12873:2984791-2984870,contig_12873:2984791-2984870
contig_12873	3460412	3460750	gene,mRNA	.	contig_12873:3460412-3460750,contig_12873:3460412-3460750
contig_12873	3534795	3534996	gene,mRNA	.	contig_12873:3534795-3534996,contig_12873:3534795-3534996
contig_12873	3581370	3581496	gene,mRNA	.	contig_12873:3581370-3581496,contig_12873:3581370-3581496
contig_12873	3665444	3665772	intergenic	.	contig_12873:3665444-3665772
contig_12873	3869096	3869205	intergenic	.	contig_12873:3869096-3869205
contig_12873	4439901	4440261	intergenic	.	contig_12873:4439901-4440261
contig_12873	4540076	4540199	intergenic	.	contig_12873:4540076-4540199
contig_12873	4540373	4540487	intergenic	.	contig_12873:4540373-4540487
contig_12873	4725095	4725146	intergenic	.	contig_12873:4725095-4725146
contig_12964	62649	62719	intergenic	.	contig_12964:62649-62719
contig_12964	320669	320798	intergenic	.	contig_12964:320669-320798
contig_12964	529405	529541	intergenic	.	contig_12964:529405-529541
contig_12964	617432	617512	intergenic	.	contig_12964:617432-617512
contig_12964	748044	748153	intergenic	.	contig_12964:748044-748153
contig_12964	871057	871256	intergenic	.	contig_12964:871057-871256
contig_12964	1070432	1070688	intergenic	.	contig_12964:1070432-1070688
contig_12964	1070904	1070971	intergenic	.	contig_12964:1070904-1070971
contig_12964	1090557	1090640	intergenic	.	contig_12964:1090557-1090640
contig_12964	1288958	1289008	gene,mRNA	.	contig_12964:1288958-1289008,contig_12964:1288958-1289008
contig_12964	1327781	1327820	gene,mRNA	.	contig_12964:1327781-1327820,contig_12964:1327781-1327820
contig_12964	1327961	1328027	gene,mRNA	.	contig_12964:1327961-1328027,contig_12964:1327961-1328027
contig_12964	1387815	1388054	gene,mRNA	.	contig_12964:1387815-1388054,contig_12964:1387815-1388054
contig_12964	1611471	1611578	intergenic	.	contig_12964:1611471-1611578
contig_12964	2031182	2031246	intergenic	.	contig_12964:2031182-2031246
contig_12964	2163277	2163350	gene,mRNA	.	contig_12964:2163277-2163350,contig_12964:2163277-2163350
contig_1300	23128	23158	intergenic	.	contig_1300:23128-23158
contig_13023	135443	135766	intergenic	.	contig_13023:135443-135766
contig_13023	355033	355434	intergenic	.	contig_13023:355033-355434
contig_13023	435410	435509	intergenic	.	contig_13023:435410-435509
contig_13023	544817	544891	gene,mRNA	.	contig_13023:544817-544891,contig_13023:544817-544891
contig_13023	716628	716806	intergenic	.	contig_13023:716628-716806
contig_13023	801083	801185	intergenic	.	contig_13023:801083-801185
contig_13023	801294	801474	intergenic	.	contig_13023:801294-801474
contig_13023	801530	801570	intergenic	.	contig_13023:801530-801570
contig_13023	1317591	1317714	intergenic	.	contig_13023:1317591-1317714
contig_13023	1320537	1321005	intergenic	.	contig_13023:1320537-1321005
contig_13023	1617351	1617477	intergenic	.	contig_13023:1617351-1617477
contig_13023	1620372	1620632	gene,mRNA	.	contig_13023:1620372-1620632,contig_13023:1620372-1620632
contig_13023	1673420	1673571	gene,mRNA	.	contig_13023:1673420-1673571,contig_13023:1673420-1673571
contig_13023	1779547	1779630	gene	.	contig_13023:1779547-1779630
contig_13023	1790701	1790830	intergenic	.	contig_13023:1790701-1790830
contig_13023	1791907	1792183	intergenic	.	contig_13023:1791907-1792183
contig_13023	1824177	1824335	gene,mRNA	.	contig_13023:1824177-1824335,contig_13023:1824177-1824335
contig_13023	2146801	2146981	intergenic	.	contig_13023:2146801-2146981
contig_13023	2191064	2191457	gene,mRNA	.	contig_13023:2191064-2191457,contig_13023:2191064-2191457
contig_13023	2193218	2193468	gene,mRNA	.	contig_13023:2193218-2193468,contig_13023:2193218-2193468
contig_13023	2237932	2238075	intergenic	.	contig_13023:2237932-2238075
contig_13023	2795534	2795671	intergenic	.	contig_13023:2795534-2795671
contig_13023	2918789	2918823	intergenic	.	contig_13023:2918789-2918823
contig_13023	2918934	2919031	intergenic	.	contig_13023:2918934-2919031
contig_13023	3414806	3415031	gene,mRNA	.	contig_13023:3414806-3415031,contig_13023:3414806-3415031
contig_13023	3546901	3547044	intergenic	.	contig_13023:3546901-3547044
contig_13023	3616432	3616515	intergenic	.	contig_13023:3616432-3616515
contig_13023	3616874	3616914	intergenic	.	contig_13023:3616874-3616914
contig_13023	3630072	3630194	intergenic	.	contig_13023:3630072-3630194
contig_13023	3741558	3741623	intergenic	.	contig_13023:3741558-3741623
contig_13023	3929434	3929651	gene,mRNA	.	contig_13023:3929434-3929651,contig_13023:3929434-3929651
contig_13023	3976841	3976987	gene,mRNA	.	contig_13023:3976841-3976987,contig_13023:3976841-3976987
contig_13023	4123595	4124256	gene,mRNA	.	contig_13023:4123595-4124256,contig_13023:4123595-4124256
contig_13023	4199132	4199243	intergenic	.	contig_13023:4199132-4199243
contig_13023	4199326	4199421	intergenic	.	contig_13023:4199326-4199421
contig_13023	4199489	4199525	intergenic	.	contig_13023:4199489-4199525
contig_13023	4279273	4279399	gene,mRNA	.	contig_13023:4279273-4279399,contig_13023:4279273-4279399
contig_13023	4340399	4340541	intergenic	.	contig_13023:4340399-4340541
contig_13023	4504222	4504269	intergenic	.	contig_13023:4504222-4504269
contig_13023	4579168	4579274	gene,mRNA,exon,CDS,stop_codon	.	contig_13023:4579168-4579274,contig_13023:4579168-4579274,contig_13023:4579168-4579274,contig_13023:4579168-4579274,contig_13023:4579168-4579274
contig_13023	5179644	5179929	intergenic	.	contig_13023:5179644-5179929
contig_13023	5225190	5225297	intergenic	.	contig_13023:5225190-5225297
contig_13023	5307960	5308451	intergenic	.	contig_13023:5307960-5308451
contig_13023	5683109	5683111	intergenic	.	contig_13023:5683109-5683111
contig_13023	5683109	5683408	polyA_signal_sequence,stop_codon,exon,CDS,gene,mRNA	.	contig_13023:5683109-5683408,contig_13023:5683109-5683408,contig_13023:5683109-5683408,contig_13023:5683109-5683408,contig_13023:5683109-5683408,contig_13023:5683109-5683408
contig_13023	5684816	5685229	exon,CDS,gene,mRNA	.	contig_13023:5684816-5685229,contig_13023:5684816-5685229,contig_13023:5684816-5685229,contig_13023:5684816-5685229
contig_13023	6235777	6235972	intergenic	.	contig_13023:6235777-6235972
contig_13023	6607445	6607600	intergenic	.	contig_13023:6607445-6607600
contig_13023	6864645	6864949	intergenic	.	contig_13023:6864645-6864949
contig_13023	6963716	6963827	intergenic	.	contig_13023:6963716-6963827
contig_13023	7177687	7177765	gene,mRNA	.	contig_13023:7177687-7177765,contig_13023:7177687-7177765
contig_13023	7177901	7178001	gene,mRNA	.	contig_13023:7177901-7178001,contig_13023:7177901-7178001
contig_13023	7993694	7993904	intergenic	.	contig_13023:7993694-7993904
contig_13023	8067496	8067735	intergenic	.	contig_13023:8067496-8067735
contig_13023	8090224	8090353	intergenic	.	contig_13023:8090224-8090353
contig_13041	246255	246342	intergenic	.	contig_13041:246255-246342
contig_13041	478560	478629	intergenic	.	contig_13041:478560-478629
contig_13041	551022	551210	intergenic	.	contig_13041:551022-551210
contig_13041	652837	652952	intergenic	.	contig_13041:652837-652952
contig_13041	707183	707386	intergenic	.	contig_13041:707183-707386
contig_13041	899118	899281	intergenic	.	contig_13041:899118-899281
contig_13041	960034	960197	gene,mRNA	.	contig_13041:960034-960197,contig_13041:960034-960197
contig_13041	1047496	1047609	intergenic	.	contig_13041:1047496-1047609
contig_13041	1097147	1097329	intergenic	.	contig_13041:1097147-1097329
contig_13041	1298502	1298668	intergenic	.	contig_13041:1298502-1298668
contig_13041	1305379	1305787	intergenic	.	contig_13041:1305379-1305787
contig_13055	401290	401326	intergenic	.	contig_13055:401290-401326
contig_13055	407372	407452	intergenic	.	contig_13055:407372-407452
contig_13055	613805	613866	intergenic	.	contig_13055:613805-613866
contig_13055	614305	614539	intergenic	.	contig_13055:614305-614539
contig_13055	699480	699533	intergenic	.	contig_13055:699480-699533
contig_13055	719879	720099	intergenic	.	contig_13055:719879-720099
contig_13055	1255066	1255714	intergenic	.	contig_13055:1255066-1255714
contig_13055	1306647	1306738	intergenic	.	contig_13055:1306647-1306738
contig_13055	1648332	1648634	intergenic	.	contig_13055:1648332-1648634
contig_13055	1959776	1960003	intergenic	.	contig_13055:1959776-1960003
contig_13055	1994064	1994430	intergenic	.	contig_13055:1994064-1994430
contig_13055	2102989	2103111	intergenic	.	contig_13055:2102989-2103111
contig_13055	2182545	2182777	intergenic	.	contig_13055:2182545-2182777
contig_13055	2186013	2186127	intergenic	.	contig_13055:2186013-2186127
contig_13055	2802012	2802123	gene,mRNA	.	contig_13055:2802012-2802123,contig_13055:2802012-2802123
contig_13055	2921761	2921890	gene,mRNA	.	contig_13055:2921761-2921890,contig_13055:2921761-2921890
contig_13055	3978110	3978208	intergenic	.	contig_13055:3978110-3978208
contig_13055	4744570	4744702	intergenic	.	contig_13055:4744570-4744702
contig_13055	4905877	4905959	polyA_signal_sequence,gene	.	contig_13055:4905877-4905959,contig_13055:4905877-4905959
contig_13055	4905885	4905959	intergenic	.	contig_13055:4905885-4905959
contig_13059	162669	162843	gene,mRNA	.	contig_13059:162669-162843,contig_13059:162669-162843
contig_13059	525313	525414	intergenic	.	contig_13059:525313-525414
contig_13059	569123	569165	intergenic	.	contig_13059:569123-569165
contig_13059	569454	569645	intergenic	.	contig_13059:569454-569645
contig_13059	636553	636896	gene,mRNA	.	contig_13059:636553-636896,contig_13059:636553-636896
contig_13059	729287	729588	intergenic	.	contig_13059:729287-729588
contig_13059	1034208	1034353	intergenic	.	contig_13059:1034208-1034353
contig_13075	545151	545321	intergenic	.	contig_13075:545151-545321
contig_13075	1215085	1215242	intergenic	.	contig_13075:1215085-1215242
contig_13075	1343270	1343465	gene,mRNA	.	contig_13075:1343270-1343465,contig_13075:1343270-1343465
contig_13075	1831927	1832082	intergenic	.	contig_13075:1831927-1832082
contig_13075	2170547	2170682	intergenic	.	contig_13075:2170547-2170682
contig_13075	2418352	2418715	intergenic	.	contig_13075:2418352-2418715
contig_13075	2654316	2654492	intergenic	.	contig_13075:2654316-2654492
contig_13075	3697670	3697981	exon,CDS,gene,mRNA	.	contig_13075:3697670-3697981,contig_13075:3697670-3697981,contig_13075:3697670-3697981,contig_13075:3697670-3697981
contig_13075	4054535	4054602	intergenic	.	contig_13075:4054535-4054602
contig_13075	4070323	4070445	intergenic	.	contig_13075:4070323-4070445
contig_13075	4788998	4789102	gene,mRNA	.	contig_13075:4788998-4789102,contig_13075:4788998-4789102
contig_13075	5637216	5637326	intergenic	.	contig_13075:5637216-5637326
contig_13086	223948	224016	gene,mRNA	.	contig_13086:223948-224016,contig_13086:223948-224016
contig_13086	940021	940090	gene,mRNA	.	contig_13086:940021-940090,contig_13086:940021-940090
contig_13099	86449	86614	gene,mRNA	.	contig_13099:86449-86614,contig_13099:86449-86614
contig_13319	98625	98685	intergenic	.	contig_13319:98625-98685
contig_13319	354277	354462	gene,mRNA	.	contig_13319:354277-354462,contig_13319:354277-354462
contig_13319	431670	431937	intergenic	.	contig_13319:431670-431937
contig_13319	432219	432428	intergenic	.	contig_13319:432219-432428
contig_13319	480569	480709	gene,mRNA	.	contig_13319:480569-480709,contig_13319:480569-480709
contig_13326	204938	204974	intergenic	.	contig_13326:204938-204974
contig_13326	205606	205636	intergenic	.	contig_13326:205606-205636
contig_13358	451871	452126	intergenic	.	contig_13358:451871-452126
contig_13358	525659	525895	intergenic	.	contig_13358:525659-525895
contig_13358	681905	682264	intergenic	.	contig_13358:681905-682264
contig_13358	682366	682543	intergenic	.	contig_13358:682366-682543
contig_13358	950554	950682	intergenic	.	contig_13358:950554-950682
contig_13358	953353	953500	intergenic	.	contig_13358:953353-953500
contig_13358	1098345	1098376	intergenic	.	contig_13358:1098345-1098376
contig_13358	1527051	1527219	intergenic	.	contig_13358:1527051-1527219
contig_13377	175442	175629	intergenic	.	contig_13377:175442-175629
contig_13377	175442	175706	gene,polyA_signal_sequence	.	contig_13377:175442-175706,contig_13377:175442-175706
contig_13377	542113	542354	intergenic	.	contig_13377:542113-542354
contig_13377	1549137	1549407	intergenic	.	contig_13377:1549137-1549407
contig_13377	1683589	1683718	intergenic	.	contig_13377:1683589-1683718
contig_13377	1847783	1847961	intergenic	.	contig_13377:1847783-1847961
contig_13377	1945919	1946053	intergenic	.	contig_13377:1945919-1946053
contig_13377	2397997	2398260	intergenic	.	contig_13377:2397997-2398260
contig_13377	2397997	2398392	gene,polyA_signal_sequence	.	contig_13377:2397997-2398392,contig_13377:2397997-2398392
contig_13377	2495997	2496083	gene,mRNA	.	contig_13377:2495997-2496083,contig_13377:2495997-2496083
contig_13377	2517793	2517854	gene,mRNA	.	contig_13377:2517793-2517854,contig_13377:2517793-2517854
contig_13377	2756655	2756796	gene,mRNA	.	contig_13377:2756655-2756796,contig_13377:2756655-2756796
contig_13377	2756848	2756955	gene,mRNA	.	contig_13377:2756848-2756955,contig_13377:2756848-2756955
contig_13377	2997453	2997545	intergenic	.	contig_13377:2997453-2997545
contig_13377	2997801	2997838	intergenic	.	contig_13377:2997801-2997838
contig_13377	2997912	2998007	intergenic	.	contig_13377:2997912-2998007
contig_13377	3426376	3426429	intergenic	.	contig_13377:3426376-3426429
contig_13382	554013	554160	intergenic	.	contig_13382:554013-554160
contig_13382	908131	908300	intergenic	.	contig_13382:908131-908300
contig_13382	936093	936251	intergenic	.	contig_13382:936093-936251
contig_13382	1550591	1550688	intergenic	.	contig_13382:1550591-1550688
contig_13459	453744	453806	gene,mRNA	.	contig_13459:453744-453806,contig_13459:453744-453806
contig_13459	782611	782975	intergenic	.	contig_13459:782611-782975
contig_13459	1181105	1181298	intergenic	.	contig_13459:1181105-1181298
contig_13459	2673889	2674447	intergenic	.	contig_13459:2673889-2674447
contig_13459	3984164	3984218	gene,mRNA	.	contig_13459:3984164-3984218,contig_13459:3984164-3984218
contig_13459	4595976	4596214	intergenic	.	contig_13459:4595976-4596214
contig_13462	323927	324081	gene,mRNA	.	contig_13462:323927-324081,contig_13462:323927-324081
contig_13462	509507	509637	intergenic	.	contig_13462:509507-509637
contig_13462	509699	509796	intergenic	.	contig_13462:509699-509796
contig_13462	687181	687400	intergenic	.	contig_13462:687181-687400
contig_13462	902007	902115	gene,mRNA	.	contig_13462:902007-902115,contig_13462:902007-902115
contig_13462	1227683	1227754	intergenic	.	contig_13462:1227683-1227754
contig_13462	1332743	1332841	intergenic	.	contig_13462:1332743-1332841
contig_13462	1507953	1508036	intergenic	.	contig_13462:1507953-1508036
contig_13462	2061286	2061356	intergenic	.	contig_13462:2061286-2061356
contig_13494	1257409	1257491	intergenic	.	contig_13494:1257409-1257491
contig_13494	1286188	1286218	intergenic	.	contig_13494:1286188-1286218
contig_13495	59402	59452	intergenic	.	contig_13495:59402-59452
contig_13495	424302	424382	intergenic	.	contig_13495:424302-424382
contig_13551	90169	90274	intergenic	.	contig_13551:90169-90274
contig_13551	250530	250698	intergenic	.	contig_13551:250530-250698
contig_13551	288030	288302	intergenic	.	contig_13551:288030-288302
contig_13551	569501	569625	intergenic	.	contig_13551:569501-569625
contig_13551	569722	569768	intergenic	.	contig_13551:569722-569768
contig_13551	609703	609857	intergenic	.	contig_13551:609703-609857
contig_13551	866008	866160	gene,mRNA	.	contig_13551:866008-866160,contig_13551:866008-866160
contig_13551	1455696	1455874	gene,mRNA	.	contig_13551:1455696-1455874,contig_13551:1455696-1455874
contig_13551	1507448	1507616	intergenic	.	contig_13551:1507448-1507616
contig_13551	1567426	1567558	gene,mRNA	.	contig_13551:1567426-1567558,contig_13551:1567426-1567558
contig_13594	682396	682566	intergenic	.	contig_13594:682396-682566
contig_13604	27975	28363	intergenic	.	contig_13604:27975-28363
contig_13604	30516	30918	intergenic	.	contig_13604:30516-30918
contig_13645	1425	1526	intergenic	.	contig_13645:1425-1526
contig_13646	529334	529434	intergenic	.	contig_13646:529334-529434
contig_13646	1439033	1439107	gene,mRNA	.	contig_13646:1439033-1439107,contig_13646:1439033-1439107
contig_13761	315985	316187	intergenic	.	contig_13761:315985-316187
contig_13761	484326	484491	intergenic	.	contig_13761:484326-484491
contig_13761	484550	484758	intergenic	.	contig_13761:484550-484758
contig_13761	678889	678963	intergenic	.	contig_13761:678889-678963
contig_13761	1072688	1072815	intergenic	.	contig_13761:1072688-1072815
contig_13761	1313224	1313316	gene,mRNA	.	contig_13761:1313224-1313316,contig_13761:1313224-1313316
contig_13761	1762154	1762222	intergenic	.	contig_13761:1762154-1762222
contig_13761	1870970	1871119	intergenic	.	contig_13761:1870970-1871119
contig_13761	2442097	2442175	intergenic	.	contig_13761:2442097-2442175
contig_13761	2667903	2667993	intergenic	.	contig_13761:2667903-2667993
contig_13761	2781028	2781139	intergenic	.	contig_13761:2781028-2781139
contig_13782	752665	752813	intergenic	.	contig_13782:752665-752813
contig_13822	471151	471298	intergenic	.	contig_13822:471151-471298
contig_13989	422809	422996	gene,mRNA	.	contig_13989:422809-422996,contig_13989:422809-422996
contig_13989	446265	446343	gene,mRNA	.	contig_13989:446265-446343,contig_13989:446265-446343
contig_13989	446647	446832	gene,mRNA	.	contig_13989:446647-446832,contig_13989:446647-446832
contig_13989	1757430	1757673	intergenic	.	contig_13989:1757430-1757673
contig_14038	199219	199404	intergenic	.	contig_14038:199219-199404
contig_14038	320239	320278	intergenic	.	contig_14038:320239-320278
contig_14038	439337	439588	intergenic	.	contig_14038:439337-439588
contig_14038	770093	770136	intergenic	.	contig_14038:770093-770136
contig_14038	1029873	1029992	intergenic	.	contig_14038:1029873-1029992
contig_14038	1464519	1464748	gene,mRNA	.	contig_14038:1464519-1464748,contig_14038:1464519-1464748
contig_14038	1469247	1469486	gene,mRNA	.	contig_14038:1469247-1469486,contig_14038:1469247-1469486
contig_14038	1530248	1530491	intergenic	.	contig_14038:1530248-1530491
contig_14038	1967450	1967538	intergenic	.	contig_14038:1967450-1967538
contig_14038	2227246	2227405	gene,mRNA	.	contig_14038:2227246-2227405,contig_14038:2227246-2227405
contig_14038	2284019	2284193	intergenic	.	contig_14038:2284019-2284193
contig_14180	1519791	1519969	intergenic	.	contig_14180:1519791-1519969
contig_14180	1520131	1520231	intergenic	.	contig_14180:1520131-1520231
contig_14180	1531553	1531596	intergenic	.	contig_14180:1531553-1531596
contig_14191	154291	154341	intergenic	.	contig_14191:154291-154341
contig_14191	388890	388948	gene,mRNA	.	contig_14191:388890-388948,contig_14191:388890-388948
contig_14192	29049	29115	intergenic	.	contig_14192:29049-29115
contig_14207	15983	16072	intergenic	.	contig_14207:15983-16072
contig_14207	397130	397295	intergenic	.	contig_14207:397130-397295
contig_14207	474891	475176	intergenic	.	contig_14207:474891-475176
contig_14207	488933	489152	intergenic	.	contig_14207:488933-489152
contig_14207	714863	715077	intergenic	.	contig_14207:714863-715077
contig_14207	815220	815364	gene,mRNA	.	contig_14207:815220-815364,contig_14207:815220-815364
contig_14207	887806	887982	intergenic	.	contig_14207:887806-887982
contig_14207	1278417	1278531	intergenic	.	contig_14207:1278417-1278531
contig_14207	1567713	1567858	intergenic	.	contig_14207:1567713-1567858
contig_14207	1893858	1894004	gene,mRNA	.	contig_14207:1893858-1894004,contig_14207:1893858-1894004
contig_14207	1934436	1934617	intergenic	.	contig_14207:1934436-1934617
contig_14267	515180	515247	intergenic	.	contig_14267:515180-515247
contig_14267	857319	857386	intergenic	.	contig_14267:857319-857386
contig_14267	1022362	1022529	gene,mRNA	.	contig_14267:1022362-1022529,contig_14267:1022362-1022529
contig_14267	1297238	1297280	intergenic	.	contig_14267:1297238-1297280
contig_14267	1537458	1537511	intergenic	.	contig_14267:1537458-1537511
contig_14267	1735852	1735912	intergenic	.	contig_14267:1735852-1735912
contig_14267	1796994	1797132	intergenic	.	contig_14267:1796994-1797132
contig_14267	1909896	1909982	intergenic	.	contig_14267:1909896-1909982
contig_14267	2179513	2179664	intergenic	.	contig_14267:2179513-2179664
contig_14267	2816739	2816871	intergenic	.	contig_14267:2816739-2816871
contig_14267	3576883	3577316	intergenic	.	contig_14267:3576883-3577316
contig_14267	4077563	4077824	gene,mRNA	.	contig_14267:4077563-4077824,contig_14267:4077563-4077824
contig_14267	4354232	4354723	intergenic	.	contig_14267:4354232-4354723
contig_14267	4457972	4458114	mRNA,gene	.	contig_14267:4457972-4458114,contig_14267:4457972-4458114
contig_14267	4777360	4777403	intergenic	.	contig_14267:4777360-4777403
contig_14267	5113331	5113364	intergenic	.	contig_14267:5113331-5113364
contig_14267	5502769	5502911	intergenic	.	contig_14267:5502769-5502911
contig_14267	6246437	6246667	intergenic	.	contig_14267:6246437-6246667
contig_14267	6487843	6487987	intergenic	.	contig_14267:6487843-6487987
contig_14267	6733065	6733329	intergenic	.	contig_14267:6733065-6733329
contig_14267	7045348	7045608	intergenic	.	contig_14267:7045348-7045608
contig_14267	7341394	7341474	intergenic	.	contig_14267:7341394-7341474
contig_14267	7397139	7397479	intergenic	.	contig_14267:7397139-7397479
contig_14267	7452609	7452694	intergenic	.	contig_14267:7452609-7452694
contig_14267	7633057	7633130	intergenic	.	contig_14267:7633057-7633130
contig_14267	8061827	8061977	intergenic	.	contig_14267:8061827-8061977
contig_14267	8190016	8190193	intergenic	.	contig_14267:8190016-8190193
contig_14267	8492263	8492327	intergenic	.	contig_14267:8492263-8492327
contig_14267	9608782	9608878	intergenic	.	contig_14267:9608782-9608878
contig_14267	9921555	9921614	intergenic	.	contig_14267:9921555-9921614
contig_14267	10146913	10147019	intergenic	.	contig_14267:10146913-10147019
contig_14267	10168461	10168561	intergenic	.	contig_14267:10168461-10168561
contig_14267	10949930	10949992	intergenic	.	contig_14267:10949930-10949992
contig_14346	456968	457232	gene,mRNA	.	contig_14346:456968-457232,contig_14346:456968-457232
contig_14346	464356	464493	gene,mRNA	.	contig_14346:464356-464493,contig_14346:464356-464493
contig_14346	472423	472742	gene,mRNA	.	contig_14346:472423-472742,contig_14346:472423-472742
contig_14346	472812	472903	gene,mRNA	.	contig_14346:472812-472903,contig_14346:472812-472903
contig_144	30370	30468	intergenic	.	contig_144:30370-30468
contig_14402	395941	396029	intergenic	.	contig_14402:395941-396029
contig_14402	396184	396382	intergenic	.	contig_14402:396184-396382
contig_14425	132406	132514	intergenic	.	contig_14425:132406-132514
contig_14425	509345	509438	gene,mRNA	.	contig_14425:509345-509438,contig_14425:509345-509438
contig_14425	509524	509644	gene,mRNA	.	contig_14425:509524-509644,contig_14425:509524-509644
contig_14425	795021	795147	intergenic	.	contig_14425:795021-795147
contig_14425	959834	959938	intergenic	.	contig_14425:959834-959938
contig_14425	1259991	1260226	intergenic	.	contig_14425:1259991-1260226
contig_14425	1435597	1435705	intergenic	.	contig_14425:1435597-1435705
contig_14425	1468515	1468742	intergenic	.	contig_14425:1468515-1468742
contig_14425	1798374	1798464	gene,mRNA	.	contig_14425:1798374-1798464,contig_14425:1798374-1798464
contig_14425	1963269	1963315	intergenic	.	contig_14425:1963269-1963315
contig_14425	2061995	2062260	gene,mRNA	.	contig_14425:2061995-2062260,contig_14425:2061995-2062260
contig_14425	2247923	2247968	intergenic	.	contig_14425:2247923-2247968
contig_14425	2495054	2495270	intergenic	.	contig_14425:2495054-2495270
contig_14425	2924379	2924563	gene,mRNA	.	contig_14425:2924379-2924563,contig_14425:2924379-2924563
contig_14506	126855	126998	intergenic	.	contig_14506:126855-126998
contig_14506	239563	239663	gene,mRNA,exon,CDS	.	contig_14506:239563-239663,contig_14506:239563-239663,contig_14506:239563-239663,contig_14506:239563-239663
contig_14506	241008	241108	gene,mRNA,exon,CDS	.	contig_14506:241008-241108,contig_14506:241008-241108,contig_14506:241008-241108,contig_14506:241008-241108
contig_14506	418348	418383	intergenic	.	contig_14506:418348-418383
contig_14520	49981	50423	intergenic	.	contig_14520:49981-50423
contig_14571	131670	131811	intergenic	.	contig_14571:131670-131811
contig_14571	523295	523552	intergenic	.	contig_14571:523295-523552
contig_14571	948368	948506	intergenic	.	contig_14571:948368-948506
contig_14571	1001541	1001577	intergenic	.	contig_14571:1001541-1001577
contig_14571	1105166	1105201	intergenic	.	contig_14571:1105166-1105201
contig_14626	35940	36001	gene,mRNA	.	contig_14626:35940-36001,contig_14626:35940-36001
contig_14626	1081918	1082078	intergenic	.	contig_14626:1081918-1082078
contig_14626	2521716	2521925	intergenic	.	contig_14626:2521716-2521925
contig_14626	2561187	2561254	intergenic	.	contig_14626:2561187-2561254
contig_14626	3066241	3066331	intergenic	.	contig_14626:3066241-3066331
contig_14626	3653269	3653375	gene,polyA_signal_sequence	.	contig_14626:3653269-3653375,contig_14626:3653269-3653375
contig_14626	3653300	3653375	intergenic	.	contig_14626:3653300-3653375
contig_14626	3790856	3790968	intergenic	.	contig_14626:3790856-3790968
contig_14626	4361651	4361690	gene,mRNA	.	contig_14626:4361651-4361690,contig_14626:4361651-4361690
contig_14626	5275462	5275642	intergenic	.	contig_14626:5275462-5275642
contig_14626	5306126	5306191	intergenic	.	contig_14626:5306126-5306191
contig_14626	5776753	5776841	intergenic	.	contig_14626:5776753-5776841
contig_14626	6016459	6016618	intergenic	.	contig_14626:6016459-6016618
contig_14626	6332646	6332720	intergenic	.	contig_14626:6332646-6332720
contig_14626	6860227	6860363	intergenic	.	contig_14626:6860227-6860363
contig_14626	6860447	6860528	intergenic	.	contig_14626:6860447-6860528
contig_14626	6864528	6864920	intergenic	.	contig_14626:6864528-6864920
contig_14626	7275194	7275372	intergenic	.	contig_14626:7275194-7275372
contig_14626	7275508	7275541	intergenic	.	contig_14626:7275508-7275541
contig_14626	7595133	7595198	intergenic	.	contig_14626:7595133-7595198
contig_14626	8677187	8677372	intergenic	.	contig_14626:8677187-8677372
contig_14626	8714044	8714192	intergenic	.	contig_14626:8714044-8714192
contig_14626	8796369	8796440	intergenic	.	contig_14626:8796369-8796440
contig_1470	41637	41850	intergenic	.	contig_1470:41637-41850
contig_14768	4274	4390	intergenic	.	contig_14768:4274-4390
contig_14826	48620	48793	gene,mRNA	.	contig_14826:48620-48793,contig_14826:48620-48793
contig_14826	416033	416105	intergenic	.	contig_14826:416033-416105
contig_14826	624269	624590	intergenic	.	contig_14826:624269-624590
contig_14826	646444	646506	intergenic	.	contig_14826:646444-646506
contig_14826	854628	854697	intergenic	.	contig_14826:854628-854697
contig_14826	1072919	1073187	gene,mRNA	.	contig_14826:1072919-1073187,contig_14826:1072919-1073187
contig_14856	33525	33592	intergenic	.	contig_14856:33525-33592
contig_14856	1540453	1540629	intergenic	.	contig_14856:1540453-1540629
contig_14856	2208144	2208198	intergenic	.	contig_14856:2208144-2208198
contig_14856	2209673	2209740	intergenic	.	contig_14856:2209673-2209740
contig_14856	2685449	2685643	intergenic	.	contig_14856:2685449-2685643
contig_14856	2802191	2802249	gene,mRNA	.	contig_14856:2802191-2802249,contig_14856:2802191-2802249
contig_14928	1215348	1215526	gene,mRNA	.	contig_14928:1215348-1215526,contig_14928:1215348-1215526
contig_14928	1299888	1299927	intergenic	.	contig_14928:1299888-1299927
contig_14928	1728679	1728767	intergenic	.	contig_14928:1728679-1728767
contig_14928	2289047	2289310	intergenic	.	contig_14928:2289047-2289310
contig_14928	3634746	3634897	intergenic	.	contig_14928:3634746-3634897
contig_14928	3815138	3815206	gene,mRNA	.	contig_14928:3815138-3815206,contig_14928:3815138-3815206
contig_14928	4607174	4607375	intergenic	.	contig_14928:4607174-4607375
contig_14928	4976696	4976737	intergenic	.	contig_14928:4976696-4976737
contig_14928	6328709	6329074	intergenic	.	contig_14928:6328709-6329074
contig_14928	6413404	6413510	intergenic	.	contig_14928:6413404-6413510
contig_14928	6512353	6512535	intergenic	.	contig_14928:6512353-6512535
contig_14928	6577494	6577676	intergenic	.	contig_14928:6577494-6577676
contig_14928	6783655	6783704	intergenic	.	contig_14928:6783655-6783704
contig_14928	7304399	7304678	intergenic	.	contig_14928:7304399-7304678
contig_14928	7839571	7839631	intergenic	.	contig_14928:7839571-7839631
contig_14928	8001400	8001709	gene,mRNA,exon,CDS	.	contig_14928:8001400-8001709,contig_14928:8001400-8001709,contig_14928:8001400-8001709,contig_14928:8001400-8001709
contig_14928	8007921	8008167	intergenic	.	contig_14928:8007921-8008167
contig_14928	8042680	8043060	intergenic	.	contig_14928:8042680-8043060
contig_14928	8296617	8296754	intergenic	.	contig_14928:8296617-8296754
contig_14928	8470028	8470188	intergenic	.	contig_14928:8470028-8470188
contig_14928	8497834	8497971	intergenic	.	contig_14928:8497834-8497971
contig_14928	8544047	8544159	intergenic	.	contig_14928:8544047-8544159
contig_14928	8581799	8581902	intergenic	.	contig_14928:8581799-8581902
contig_14928	8586014	8586086	intergenic	.	contig_14928:8586014-8586086
contig_14928	8596782	8596955	intergenic	.	contig_14928:8596782-8596955
contig_14928	8754805	8754849	intergenic	.	contig_14928:8754805-8754849
contig_14928	8754922	8755295	intergenic	.	contig_14928:8754922-8755295
contig_14928	8773136	8773181	intergenic	.	contig_14928:8773136-8773181
contig_14928	8854604	8854750	intergenic	.	contig_14928:8854604-8854750
contig_14928	8863972	8864066	intergenic	.	contig_14928:8863972-8864066
contig_14928	9368512	9368711	intergenic	.	contig_14928:9368512-9368711
contig_14928	9368512	9368826	gene,polyA_signal_sequence	.	contig_14928:9368512-9368826,contig_14928:9368512-9368826
contig_14928	9401604	9401702	intergenic	.	contig_14928:9401604-9401702
contig_14937	496236	496306	intergenic	.	contig_14937:496236-496306
contig_14937	809147	809328	intergenic	.	contig_14937:809147-809328
contig_14937	2098389	2098620	intergenic	.	contig_14937:2098389-2098620
contig_14937	2668638	2668717	intergenic	.	contig_14937:2668638-2668717
contig_14937	2956042	2956198	intergenic	.	contig_14937:2956042-2956198
contig_14937	3319835	3320097	intergenic	.	contig_14937:3319835-3320097
contig_14937	3320177	3320372	intergenic	.	contig_14937:3320177-3320372
contig_14937	3385705	3385761	intergenic	.	contig_14937:3385705-3385761
contig_14937	3750743	3750825	intergenic	.	contig_14937:3750743-3750825
contig_14937	3831019	3831152	intergenic	.	contig_14937:3831019-3831152
contig_14937	4189357	4189604	gene,mRNA	.	contig_14937:4189357-4189604,contig_14937:4189357-4189604
contig_14937	4212271	4212309	gene,mRNA	.	contig_14937:4212271-4212309,contig_14937:4212271-4212309
contig_14937	4320343	4320452	intergenic	.	contig_14937:4320343-4320452
contig_14937	4481060	4481122	intergenic	.	contig_14937:4481060-4481122
contig_14937	4594974	4595042	intergenic	.	contig_14937:4594974-4595042
contig_14937	4752234	4752269	intergenic	.	contig_14937:4752234-4752269
contig_14937	5403907	5403984	intergenic	.	contig_14937:5403907-5403984
contig_14937	5433637	5433694	intergenic	.	contig_14937:5433637-5433694
contig_14937	5440425	5440490	intergenic	.	contig_14937:5440425-5440490
contig_14937	5605428	5605892	intergenic	.	contig_14937:5605428-5605892
contig_14937	5765853	5765925	intergenic	.	contig_14937:5765853-5765925
contig_14937	5893120	5893222	intergenic	.	contig_14937:5893120-5893222
contig_14937	5965136	5965216	gene,mRNA	.	contig_14937:5965136-5965216,contig_14937:5965136-5965216
contig_14937	6048986	6049032	intergenic	.	contig_14937:6048986-6049032
contig_14937	7068537	7068688	intergenic	.	contig_14937:7068537-7068688
contig_14937	7104424	7104575	intergenic	.	contig_14937:7104424-7104575
contig_14937	7191166	7191317	intergenic	.	contig_14937:7191166-7191317
contig_14937	7353408	7353639	intergenic	.	contig_14937:7353408-7353639
contig_14937	7590394	7590551	intergenic	.	contig_14937:7590394-7590551
contig_150	224840	224899	intergenic	.	contig_150:224840-224899
contig_15041	103642	103868	gene,mRNA	.	contig_15041:103642-103868,contig_15041:103642-103868
contig_15124	39382	39521	intergenic	.	contig_15124:39382-39521
contig_15124	69607	69711	intergenic	.	contig_15124:69607-69711
contig_15124	650241	650378	gene,mRNA	.	contig_15124:650241-650378,contig_15124:650241-650378
contig_15124	1244407	1244656	intergenic	.	contig_15124:1244407-1244656
contig_15124	1353019	1353054	intergenic	.	contig_15124:1353019-1353054
contig_15124	2001796	2001884	intergenic	.	contig_15124:2001796-2001884
contig_15124	2159534	2159655	intergenic	.	contig_15124:2159534-2159655
contig_15124	2212691	2212913	gene,mRNA	.	contig_15124:2212691-2212913,contig_15124:2212691-2212913
contig_15124	2544013	2544094	intergenic	.	contig_15124:2544013-2544094
contig_15133	974083	974171	gene,mRNA	.	contig_15133:974083-974171,contig_15133:974083-974171
contig_15133	1443604	1443895	exon,CDS,gene,mRNA	.	contig_15133:1443604-1443895,contig_15133:1443604-1443895,contig_15133:1443604-1443895,contig_15133:1443604-1443895
contig_15133	1478364	1478500	intergenic	.	contig_15133:1478364-1478500
contig_15159	7663	7796	intergenic	.	contig_15159:7663-7796
contig_1519	382452	382548	intergenic	.	contig_1519:382452-382548
contig_1519	401672	401875	intergenic	.	contig_1519:401672-401875
contig_1519	578689	579273	gene,mRNA,exon,CDS,stop_codon,polyA_signal_sequence	.	contig_1519:578689-579273,contig_1519:578689-579273,contig_1519:578689-579273,contig_1519:578689-579273,contig_1519:578689-579273,contig_1519:578689-579273
contig_1519	579049	579273	intergenic	.	contig_1519:579049-579273
contig_1519	587391	587563	intergenic	.	contig_1519:587391-587563
contig_1519	1809620	1809690	gene,mRNA	.	contig_1519:1809620-1809690,contig_1519:1809620-1809690
contig_1519	1938075	1938209	gene,mRNA	.	contig_1519:1938075-1938209,contig_1519:1938075-1938209
contig_1519	2679310	2679405	gene,mRNA	.	contig_1519:2679310-2679405,contig_1519:2679310-2679405
contig_1519	2683848	2683943	gene,mRNA	.	contig_1519:2683848-2683943,contig_1519:2683848-2683943
contig_1519	3121656	3121759	intergenic	.	contig_1519:3121656-3121759
contig_1519	4349171	4349285	gene,mRNA	.	contig_1519:4349171-4349285,contig_1519:4349171-4349285
contig_1519	4692105	4692174	intergenic	.	contig_1519:4692105-4692174
contig_1519	4694919	4695341	intergenic	.	contig_1519:4694919-4695341
contig_1519	5175032	5175314	intergenic	.	contig_1519:5175032-5175314
contig_1519	5509196	5509234	intergenic	.	contig_1519:5509196-5509234
contig_1519	5546370	5546636	intergenic	.	contig_1519:5546370-5546636
contig_1519	5678760	5678928	intergenic	.	contig_1519:5678760-5678928
contig_1519	5893556	5893604	gene,mRNA	.	contig_1519:5893556-5893604,contig_1519:5893556-5893604
contig_15267	69515	69593	intergenic	.	contig_15267:69515-69593
contig_15267	260342	260834	intergenic	.	contig_15267:260342-260834
contig_15267	278006	278080	intergenic	.	contig_15267:278006-278080
contig_15267	438982	439545	intergenic	.	contig_15267:438982-439545
contig_15267	769277	769348	gene,mRNA	.	contig_15267:769277-769348,contig_15267:769277-769348
contig_15307	1426534	1426639	intergenic	.	contig_15307:1426534-1426639
contig_15307	1475501	1475619	intergenic	.	contig_15307:1475501-1475619
contig_15337	1396191	1396318	intergenic	.	contig_15337:1396191-1396318
contig_15337	2397087	2397176	intergenic	.	contig_15337:2397087-2397176
contig_15337	2698111	2698813	gene,mRNA,exon,CDS,stop_codon,polyA_signal_sequence	.	contig_15337:2698111-2698813,contig_15337:2698111-2698813,contig_15337:2698111-2698813,contig_15337:2698111-2698813,contig_15337:2698111-2698813,contig_15337:2698111-2698813
contig_15337	2698790	2698813	intergenic	.	contig_15337:2698790-2698813
contig_15337	2711024	2711083	intergenic	.	contig_15337:2711024-2711083
contig_15337	2847498	2847696	intergenic	.	contig_15337:2847498-2847696
contig_15337	2888801	2888902	intergenic	.	contig_15337:2888801-2888902
contig_15337	2960228	2960503	intergenic	.	contig_15337:2960228-2960503
contig_15337	2989335	2989556	gene,mRNA,exon,CDS	.	contig_15337:2989335-2989556,contig_15337:2989335-2989556,contig_15337:2989335-2989556,contig_15337:2989335-2989556
contig_15337	3061889	3061931	intergenic	.	contig_15337:3061889-3061931
contig_15337	3086351	3086495	intergenic	.	contig_15337:3086351-3086495
contig_15337	3459441	3459744	intergenic	.	contig_15337:3459441-3459744
contig_15337	4025065	4025319	gene,mRNA	.	contig_15337:4025065-4025319,contig_15337:4025065-4025319
contig_15337	4102344	4102464	gene,mRNA	.	contig_15337:4102344-4102464,contig_15337:4102344-4102464
contig_15337	4547044	4547208	intergenic	.	contig_15337:4547044-4547208
contig_15337	4975583	4975736	gene,mRNA	.	contig_15337:4975583-4975736,contig_15337:4975583-4975736
contig_15342	53563	53637	intergenic	.	contig_15342:53563-53637
contig_15342	162470	162738	intergenic	.	contig_15342:162470-162738
contig_15342	624654	624733	gene,mRNA	.	contig_15342:624654-624733,contig_15342:624654-624733
contig_15342	2689509	2689661	gene,mRNA	.	contig_15342:2689509-2689661,contig_15342:2689509-2689661
contig_15414	257905	257993	intergenic	.	contig_15414:257905-257993
contig_15414	744565	744773	intergenic	.	contig_15414:744565-744773
contig_15414	1683774	1684241	intergenic	.	contig_15414:1683774-1684241
contig_15414	2016379	2016477	intergenic	.	contig_15414:2016379-2016477
contig_15414	2037685	2037737	intergenic	.	contig_15414:2037685-2037737
contig_15414	2173104	2173226	intergenic	.	contig_15414:2173104-2173226
contig_15414	2288527	2288724	intergenic	.	contig_15414:2288527-2288724
contig_15414	2387061	2387230	intergenic	.	contig_15414:2387061-2387230
contig_15414	2940208	2940305	intergenic	.	contig_15414:2940208-2940305
contig_15414	2940385	2940620	intergenic	.	contig_15414:2940385-2940620
contig_15414	2990021	2990523	intergenic	.	contig_15414:2990021-2990523
contig_15414	3538062	3538193	intergenic	.	contig_15414:3538062-3538193
contig_15414	5075545	5075659	intergenic	.	contig_15414:5075545-5075659
contig_15414	5191341	5191385	intergenic	.	contig_15414:5191341-5191385
contig_15441	231370	231432	intergenic	.	contig_15441:231370-231432
contig_15441	474126	474227	intergenic	.	contig_15441:474126-474227
contig_15441	570006	570326	intergenic	.	contig_15441:570006-570326
contig_15463	186181	186245	gene,mRNA	.	contig_15463:186181-186245,contig_15463:186181-186245
contig_15484	72389	72541	gene,mRNA	.	contig_15484:72389-72541,contig_15484:72389-72541
contig_15484	138328	138442	intergenic	.	contig_15484:138328-138442
contig_15484	171203	171489	intergenic	.	contig_15484:171203-171489
contig_15484	219972	220071	intergenic	.	contig_15484:219972-220071
contig_15484	373397	373829	intergenic	.	contig_15484:373397-373829
contig_15484	422217	422486	gene,mRNA	.	contig_15484:422217-422486,contig_15484:422217-422486
contig_15484	422800	422917	gene,mRNA	.	contig_15484:422800-422917,contig_15484:422800-422917
contig_15484	1092762	1092794	intergenic	.	contig_15484:1092762-1092794
contig_15484	1290115	1290402	gene,mRNA	.	contig_15484:1290115-1290402,contig_15484:1290115-1290402
contig_15484	1361047	1361315	intergenic	.	contig_15484:1361047-1361315
contig_15484	1509551	1509697	intergenic	.	contig_15484:1509551-1509697
contig_15526	364152	364344	intergenic	.	contig_15526:364152-364344
contig_15526	758993	759059	intergenic	.	contig_15526:758993-759059
contig_15526	891457	891586	intergenic	.	contig_15526:891457-891586
contig_15526	1799372	1799461	intergenic	.	contig_15526:1799372-1799461
contig_15526	2397078	2397136	intergenic	.	contig_15526:2397078-2397136
contig_1568	63313	63369	intergenic	.	contig_1568:63313-63369
contig_15686	50323	50391	gene,mRNA	.	contig_15686:50323-50391,contig_15686:50323-50391
contig_15686	1467219	1467288	intergenic	.	contig_15686:1467219-1467288
contig_15686	2576008	2576099	gene,mRNA	.	contig_15686:2576008-2576099,contig_15686:2576008-2576099
contig_15686	3380461	3380564	intergenic	.	contig_15686:3380461-3380564
contig_15686	3937840	3937952	intergenic	.	contig_15686:3937840-3937952
contig_15686	5439614	5439698	intergenic	.	contig_15686:5439614-5439698
contig_15802	263039	263089	intergenic	.	contig_15802:263039-263089
contig_15802	765522	765582	gene,polyA_signal_sequence	.	contig_15802:765522-765582,contig_15802:765522-765582
contig_15802	765543	765582	intergenic	.	contig_15802:765543-765582
contig_15802	824250	824707	intergenic	.	contig_15802:824250-824707
contig_15802	1080044	1080215	intergenic	.	contig_15802:1080044-1080215
contig_15802	1136573	1136654	intergenic	.	contig_15802:1136573-1136654
contig_15802	1351026	1351075	intergenic	.	contig_15802:1351026-1351075
contig_15802	2475106	2475233	intergenic	.	contig_15802:2475106-2475233
contig_15802	2952199	2952336	intergenic	.	contig_15802:2952199-2952336
contig_15802	3118787	3118818	intergenic	.	contig_15802:3118787-3118818
contig_1581	237502	237616	gene,mRNA	.	contig_1581:237502-237616,contig_1581:237502-237616
contig_1581	247112	247242	gene,mRNA	.	contig_1581:247112-247242,contig_1581:247112-247242
contig_1581	254832	254895	gene,mRNA	.	contig_1581:254832-254895,contig_1581:254832-254895
contig_1581	254987	255100	gene,mRNA	.	contig_1581:254987-255100,contig_1581:254987-255100
contig_1581	255392	255473	gene,mRNA	.	contig_1581:255392-255473,contig_1581:255392-255473
contig_1581	541415	541787	gene,mRNA	.	contig_1581:541415-541787,contig_1581:541415-541787
contig_1581	1285672	1286116	intergenic	.	contig_1581:1285672-1286116
contig_1581	1327258	1327355	intergenic	.	contig_1581:1327258-1327355
contig_1581	1396918	1396971	intergenic	.	contig_1581:1396918-1396971
contig_1581	1501702	1501922	intergenic	.	contig_1581:1501702-1501922
contig_1581	1635977	1636210	intergenic	.	contig_1581:1635977-1636210
contig_1581	1709355	1709641	gene,mRNA	.	contig_1581:1709355-1709641,contig_1581:1709355-1709641
contig_1581	2017801	2017880	gene,mRNA	.	contig_1581:2017801-2017880,contig_1581:2017801-2017880
contig_1581	2239105	2239492	gene,mRNA	.	contig_1581:2239105-2239492,contig_1581:2239105-2239492
contig_1581	2241309	2241485	gene,mRNA	.	contig_1581:2241309-2241485,contig_1581:2241309-2241485
contig_1581	2241955	2242019	gene,mRNA	.	contig_1581:2241955-2242019,contig_1581:2241955-2242019
contig_1581	2249872	2249937	gene,mRNA	.	contig_1581:2249872-2249937,contig_1581:2249872-2249937
contig_1581	2275931	2276077	gene,mRNA	.	contig_1581:2275931-2276077,contig_1581:2275931-2276077
contig_1581	2903810	2903861	intergenic	.	contig_1581:2903810-2903861
contig_1581	3014526	3014567	intergenic	.	contig_1581:3014526-3014567
contig_1581	3087524	3087947	intergenic	.	contig_1581:3087524-3087947
contig_1581	3118715	3119195	intergenic	.	contig_1581:3118715-3119195
contig_1581	3325479	3325633	gene,mRNA	.	contig_1581:3325479-3325633,contig_1581:3325479-3325633
contig_1581	3770101	3770306	gene,mRNA	.	contig_1581:3770101-3770306,contig_1581:3770101-3770306
contig_1581	3789091	3789299	gene,mRNA	.	contig_1581:3789091-3789299,contig_1581:3789091-3789299
contig_1581	3811731	3812053	gene,mRNA	.	contig_1581:3811731-3812053,contig_1581:3811731-3812053
contig_1581	4391542	4391584	intergenic	.	contig_1581:4391542-4391584
contig_1581	4722328	4722667	intergenic	.	contig_1581:4722328-4722667
contig_1581	4745155	4745307	intergenic	.	contig_1581:4745155-4745307
contig_1581	5728853	5729377	intergenic	.	contig_1581:5728853-5729377
contig_15860	94355	94437	intergenic	.	contig_15860:94355-94437
contig_15860	421163	421208	intergenic	.	contig_15860:421163-421208
contig_15860	537274	537495	intergenic	.	contig_15860:537274-537495
contig_15860	1150192	1150259	intergenic	.	contig_15860:1150192-1150259
contig_1587	219564	219603	intergenic	.	contig_1587:219564-219603
contig_1587	553320	553452	intergenic	.	contig_1587:553320-553452
contig_1587	640661	640818	intergenic	.	contig_1587:640661-640818
contig_1587	640661	640841	gene,polyA_signal_sequence	.	contig_1587:640661-640841,contig_1587:640661-640841
contig_1600	120156	120315	gene,mRNA	.	contig_1600:120156-120315,contig_1600:120156-120315
contig_1600	204184	204276	intergenic	.	contig_1600:204184-204276
contig_1600	268733	268890	intergenic	.	contig_1600:268733-268890
contig_1600	439891	440049	intergenic	.	contig_1600:439891-440049
contig_1600	440475	440628	intergenic	.	contig_1600:440475-440628
contig_1600	440690	440945	intergenic	.	contig_1600:440690-440945
contig_1600	534497	534839	intergenic	.	contig_1600:534497-534839
contig_1600	663766	663968	intergenic	.	contig_1600:663766-663968
contig_1600	1341833	1342081	intergenic	.	contig_1600:1341833-1342081
contig_1600	2007971	2008436	intergenic	.	contig_1600:2007971-2008436
contig_1600	2192416	2192556	intergenic	.	contig_1600:2192416-2192556
contig_1600	2196954	2197097	intergenic	.	contig_1600:2196954-2197097
contig_1600	2274352	2274385	intergenic	.	contig_1600:2274352-2274385
contig_1600	2657068	2657138	intergenic	.	contig_1600:2657068-2657138
contig_1600	2735422	2735477	intergenic	.	contig_1600:2735422-2735477
contig_1600	3015075	3015200	gene,mRNA	.	contig_1600:3015075-3015200,contig_1600:3015075-3015200
contig_16002	2317	2490	gene	.	contig_16002:2317-2490
contig_16013	185197	185352	intergenic	.	contig_16013:185197-185352
contig_16013	185460	185588	intergenic	.	contig_16013:185460-185588
contig_16013	185460	185645	gene,mRNA,start_codon,exon,CDS	.	contig_16013:185460-185645,contig_16013:185460-185645,contig_16013:185460-185645,contig_16013:185460-185645,contig_16013:185460-185645
contig_16013	185722	186022	gene,mRNA,exon,CDS	.	contig_16013:185722-186022,contig_16013:185722-186022,contig_16013:185722-186022,contig_16013:185722-186022
contig_16013	186774	186874	gene,mRNA,exon,CDS	.	contig_16013:186774-186874,contig_16013:186774-186874,contig_16013:186774-186874,contig_16013:186774-186874
contig_16013	186981	187145	gene,mRNA,exon,CDS	.	contig_16013:186981-187145,contig_16013:186981-187145,contig_16013:186981-187145,contig_16013:186981-187145
contig_16013	536356	536420	intergenic	.	contig_16013:536356-536420
contig_16074	5637	5769	intergenic	.	contig_16074:5637-5769
contig_16153	104822	105111	gene,mRNA	.	contig_16153:104822-105111,contig_16153:104822-105111
contig_16153	176768	176980	gene,mRNA	.	contig_16153:176768-176980,contig_16153:176768-176980
contig_16153	494909	494982	gene,mRNA	.	contig_16153:494909-494982,contig_16153:494909-494982
contig_16153	533899	533964	intergenic	.	contig_16153:533899-533964
contig_16153	596026	596062	intergenic	.	contig_16153:596026-596062
contig_16155	49285	49369	intergenic	.	contig_16155:49285-49369
contig_16155	49786	50095	intergenic	.	contig_16155:49786-50095
contig_16155	145689	145811	intergenic	.	contig_16155:145689-145811
contig_16155	315282	315418	gene,mRNA	.	contig_16155:315282-315418,contig_16155:315282-315418
contig_16155	859767	860097	intergenic	.	contig_16155:859767-860097
contig_16174	216551	216749	intergenic	.	contig_16174:216551-216749
contig_16182	488457	488783	gene,mRNA,exon,CDS,stop_codon,polyA_signal_sequence	.	contig_16182:488457-488783,contig_16182:488457-488783,contig_16182:488457-488783,contig_16182:488457-488783,contig_16182:488457-488783,contig_16182:488457-488783
contig_16182	488726	488783	intergenic	.	contig_16182:488726-488783
contig_16182	495277	495670	intergenic	.	contig_16182:495277-495670
contig_16182	807290	807492	intergenic	.	contig_16182:807290-807492
contig_16182	840051	840251	gene,mRNA	.	contig_16182:840051-840251,contig_16182:840051-840251
contig_16182	1087238	1087378	intergenic	.	contig_16182:1087238-1087378
contig_16182	1149523	1149597	intergenic	.	contig_16182:1149523-1149597
contig_16182	1158279	1158396	intergenic	.	contig_16182:1158279-1158396
contig_16182	1319454	1319690	intergenic	.	contig_16182:1319454-1319690
contig_16182	1320027	1320030	intergenic	.	contig_16182:1320027-1320030
contig_16182	1320027	1320137	start_codon,exon,CDS,gene,mRNA	.	contig_16182:1320027-1320137,contig_16182:1320027-1320137,contig_16182:1320027-1320137,contig_16182:1320027-1320137,contig_16182:1320027-1320137
contig_16182	1320211	1320342	gene,mRNA	.	contig_16182:1320211-1320342,contig_16182:1320211-1320342
contig_16182	1416895	1416996	intergenic	.	contig_16182:1416895-1416996
contig_16182	1599579	1599759	gene,mRNA	.	contig_16182:1599579-1599759,contig_16182:1599579-1599759
contig_16182	1641198	1641240	gene,mRNA	.	contig_16182:1641198-1641240,contig_16182:1641198-1641240
contig_16200	815205	815251	gene,mRNA	.	contig_16200:815205-815251,contig_16200:815205-815251
contig_16200	870582	870750	intergenic	.	contig_16200:870582-870750
contig_16200	884265	884396	intergenic	.	contig_16200:884265-884396
contig_16200	1427949	1428339	intergenic	.	contig_16200:1427949-1428339
contig_16200	1610379	1610553	intergenic	.	contig_16200:1610379-1610553
contig_16200	1793387	1793417	intergenic	.	contig_16200:1793387-1793417
contig_16200	2240735	2240968	gene,mRNA,exon,CDS	.	contig_16200:2240735-2240968,contig_16200:2240735-2240968,contig_16200:2240735-2240968,contig_16200:2240735-2240968
contig_16200	2454441	2454573	gene,mRNA	.	contig_16200:2454441-2454573,contig_16200:2454441-2454573
contig_16200	2644381	2644481	gene,mRNA	.	contig_16200:2644381-2644481,contig_16200:2644381-2644481
contig_16200	2822200	2822257	intergenic	.	contig_16200:2822200-2822257
contig_16200	2996823	2997036	intergenic	.	contig_16200:2996823-2997036
contig_16200	3550197	3550404	intergenic	.	contig_16200:3550197-3550404
contig_16200	3619764	3619996	intergenic	.	contig_16200:3619764-3619996
contig_16200	3664242	3664438	intergenic	.	contig_16200:3664242-3664438
contig_16200	3716697	3716981	intergenic	.	contig_16200:3716697-3716981
contig_16200	3724939	3724996	intergenic	.	contig_16200:3724939-3724996
contig_16200	3840144	3840370	gene,mRNA	.	contig_16200:3840144-3840370,contig_16200:3840144-3840370
contig_16202	869307	869926	gene,mRNA	.	contig_16202:869307-869926,contig_16202:869307-869926
contig_16202	1180759	1180814	gene,mRNA	.	contig_16202:1180759-1180814,contig_16202:1180759-1180814
contig_16202	1379177	1379396	gene,mRNA	.	contig_16202:1379177-1379396,contig_16202:1379177-1379396
contig_16204	462734	462859	intergenic	.	contig_16204:462734-462859
contig_16204	565617	565678	intergenic	.	contig_16204:565617-565678
contig_16204	1448101	1448310	intergenic	.	contig_16204:1448101-1448310
contig_16204	1649845	1650175	intergenic	.	contig_16204:1649845-1650175
contig_16204	1695168	1695341	intergenic	.	contig_16204:1695168-1695341
contig_16204	1907774	1908137	intergenic	.	contig_16204:1907774-1908137
contig_16204	2096819	2097184	intergenic	.	contig_16204:2096819-2097184
contig_16204	2233248	2233312	intergenic	.	contig_16204:2233248-2233312
contig_16204	3819005	3819044	intergenic	.	contig_16204:3819005-3819044
contig_16204	4772379	4772504	intergenic	.	contig_16204:4772379-4772504
contig_16204	4875225	4875307	gene,mRNA	.	contig_16204:4875225-4875307,contig_16204:4875225-4875307
contig_16204	5136511	5136640	intergenic	.	contig_16204:5136511-5136640
contig_16225	537247	537344	intergenic	.	contig_16225:537247-537344
contig_16297	194494	194663	intergenic	.	contig_16297:194494-194663
contig_16377	560942	560981	gene,mRNA	.	contig_16377:560942-560981,contig_16377:560942-560981
contig_16377	570742	570783	gene,mRNA	.	contig_16377:570742-570783,contig_16377:570742-570783
contig_16377	571238	571328	gene,mRNA	.	contig_16377:571238-571328,contig_16377:571238-571328
contig_16377	579191	579516	gene,mRNA	.	contig_16377:579191-579516,contig_16377:579191-579516
contig_16377	628838	628923	intergenic	.	contig_16377:628838-628923
contig_16378	124429	124472	intergenic	.	contig_16378:124429-124472
contig_16378	160740	160815	intergenic	.	contig_16378:160740-160815
contig_16378	160880	161117	intergenic	.	contig_16378:160880-161117
contig_16378	468379	468616	gene,mRNA	.	contig_16378:468379-468616,contig_16378:468379-468616
contig_16378	514829	514887	gene,mRNA	.	contig_16378:514829-514887,contig_16378:514829-514887
contig_16378	762156	762326	intergenic	.	contig_16378:762156-762326
contig_16378	1027689	1027813	intergenic	.	contig_16378:1027689-1027813
contig_16397	88648	88702	gene,mRNA	.	contig_16397:88648-88702,contig_16397:88648-88702
contig_16408	225227	225327	gene,mRNA,exon,CDS	.	contig_16408:225227-225327,contig_16408:225227-225327,contig_16408:225227-225327,contig_16408:225227-225327
contig_16408	225936	226036	gene,mRNA,exon,CDS	.	contig_16408:225936-226036,contig_16408:225936-226036,contig_16408:225936-226036,contig_16408:225936-226036
contig_16408	226336	226477	gene,mRNA,exon,CDS	.	contig_16408:226336-226477,contig_16408:226336-226477,contig_16408:226336-226477,contig_16408:226336-226477
contig_16408	501286	501574	intergenic	.	contig_16408:501286-501574
contig_16408	641200	641300	intergenic	.	contig_16408:641200-641300
contig_16461	186992	187050	intergenic	.	contig_16461:186992-187050
contig_16461	250762	251643	gene,mRNA	.	contig_16461:250762-251643,contig_16461:250762-251643
contig_16461	489258	489348	intergenic	.	contig_16461:489258-489348
contig_16461	611460	611531	intergenic	.	contig_16461:611460-611531
contig_16463	758140	758238	intergenic	.	contig_16463:758140-758238
contig_16508	740902	741130	intergenic	.	contig_16508:740902-741130
contig_16508	771857	771914	intergenic	.	contig_16508:771857-771914
contig_16508	1535921	1536026	intergenic	.	contig_16508:1535921-1536026
contig_16508	1558578	1558594	intergenic	.	contig_16508:1558578-1558594
contig_16508	1558578	1558646	gene,polyA_signal_sequence	.	contig_16508:1558578-1558646,contig_16508:1558578-1558646
contig_16515	741101	741200	intergenic	.	contig_16515:741101-741200
contig_16595	411907	411991	gene,mRNA	.	contig_16595:411907-411991,contig_16595:411907-411991
contig_16595	457191	457256	intergenic	.	contig_16595:457191-457256
contig_16614	1222634	1222778	intergenic	.	contig_16614:1222634-1222778
contig_16614	1635480	1635546	intergenic	.	contig_16614:1635480-1635546
contig_16614	1635892	1635942	intergenic	.	contig_16614:1635892-1635942
contig_16614	2557040	2557215	intergenic	.	contig_16614:2557040-2557215
contig_16614	2678498	2678593	intergenic	.	contig_16614:2678498-2678593
contig_16614	2700102	2700358	intergenic	.	contig_16614:2700102-2700358
contig_16614	3132949	3133002	gene,mRNA	.	contig_16614:3132949-3133002,contig_16614:3132949-3133002
contig_16614	4523048	4523155	intergenic	.	contig_16614:4523048-4523155
contig_16726_part1	24250	24371	intergenic	.	contig_16726_part1:24250-24371
contig_16767	10306	10411	intergenic	.	contig_16767:10306-10411
contig_168	193054	193114	intergenic	.	contig_168:193054-193114
contig_16814	141058	141148	intergenic	.	contig_16814:141058-141148
contig_16814	197509	197721	intergenic	.	contig_16814:197509-197721
contig_16814	248828	248947	intergenic	.	contig_16814:248828-248947
contig_16814	268341	268409	mRNA,gene	.	contig_16814:268341-268409,contig_16814:268341-268409
contig_16858	153996	154096	intergenic	.	contig_16858:153996-154096
contig_16858	287085	287121	intergenic	.	contig_16858:287085-287121
contig_16858	750894	750994	intergenic	.	contig_16858:750894-750994
contig_16858	873935	874122	intergenic	.	contig_16858:873935-874122
contig_16858	969208	969691	intergenic	.	contig_16858:969208-969691
contig_16858	1273511	1273605	intergenic	.	contig_16858:1273511-1273605
contig_16858	1473921	1474329	intergenic	.	contig_16858:1473921-1474329
contig_16858	1666751	1666815	intergenic	.	contig_16858:1666751-1666815
contig_16858	1840378	1840545	intergenic	.	contig_16858:1840378-1840545
contig_16858	2048361	2048602	gene,mRNA	.	contig_16858:2048361-2048602,contig_16858:2048361-2048602
contig_16858	2103247	2103358	intergenic	.	contig_16858:2103247-2103358
contig_16858	2107238	2107427	intergenic	.	contig_16858:2107238-2107427
contig_16858	2226789	2226921	intergenic	.	contig_16858:2226789-2226921
contig_16858	2537224	2537376	intergenic	.	contig_16858:2537224-2537376
contig_16858	2541844	2541945	intergenic	.	contig_16858:2541844-2541945
contig_16858	2701286	2701448	intergenic	.	contig_16858:2701286-2701448
contig_16858	2728654	2728883	intergenic	.	contig_16858:2728654-2728883
contig_16858	3142699	3142850	intergenic	.	contig_16858:3142699-3142850
contig_16858	3188697	3188782	intergenic	.	contig_16858:3188697-3188782
contig_16858	3255477	3255524	gene,mRNA	.	contig_16858:3255477-3255524,contig_16858:3255477-3255524
contig_16858	3255863	3255937	gene,mRNA	.	contig_16858:3255863-3255937,contig_16858:3255863-3255937
contig_16858	3435750	3435970	intergenic	.	contig_16858:3435750-3435970
contig_16858	3668022	3668176	intergenic	.	contig_16858:3668022-3668176
contig_16858	3820398	3820559	intergenic	.	contig_16858:3820398-3820559
contig_16858	3873720	3873809	gene,mRNA	.	contig_16858:3873720-3873809,contig_16858:3873720-3873809
contig_16858	3878341	3878505	gene,mRNA	.	contig_16858:3878341-3878505,contig_16858:3878341-3878505
contig_16862	109803	109895	intergenic	.	contig_16862:109803-109895
contig_16862	240908	241014	gene,mRNA	.	contig_16862:240908-241014,contig_16862:240908-241014
contig_16862	510754	510848	intergenic	.	contig_16862:510754-510848
contig_16862	773247	773538	gene,mRNA	.	contig_16862:773247-773538,contig_16862:773247-773538
contig_16876	1190306	1190353	intergenic	.	contig_16876:1190306-1190353
contig_16884	227918	228010	intergenic	.	contig_16884:227918-228010
contig_16884	307839	307922	intergenic	.	contig_16884:307839-307922
contig_16888	233826	233858	intergenic	.	contig_16888:233826-233858
contig_16888	320516	320623	gene,mRNA	.	contig_16888:320516-320623,contig_16888:320516-320623
contig_16888	398074	398151	gene,mRNA	.	contig_16888:398074-398151,contig_16888:398074-398151
contig_16888	942625	942767	gene,mRNA	.	contig_16888:942625-942767,contig_16888:942625-942767
contig_16888	1319341	1319398	gene,mRNA	.	contig_16888:1319341-1319398,contig_16888:1319341-1319398
contig_16888	1715776	1715825	intergenic	.	contig_16888:1715776-1715825
contig_16888	1715968	1716016	intergenic	.	contig_16888:1715968-1716016
contig_16888	2057920	2058154	intergenic	.	contig_16888:2057920-2058154
contig_16888	3135816	3135863	intergenic	.	contig_16888:3135816-3135863
contig_16888	3161199	3161444	intergenic	.	contig_16888:3161199-3161444
contig_16888	3495716	3495746	intergenic	.	contig_16888:3495716-3495746
contig_16888	3496012	3496056	intergenic	.	contig_16888:3496012-3496056
contig_16903	118674	118786	intergenic	.	contig_16903:118674-118786
contig_16903	272560	272948	intergenic	.	contig_16903:272560-272948
contig_16903	311944	312217	intergenic	.	contig_16903:311944-312217
contig_16903	320839	321022	intergenic	.	contig_16903:320839-321022
contig_16903	577922	578297	intergenic	.	contig_16903:577922-578297
contig_16903	1020286	1020353	intergenic	.	contig_16903:1020286-1020353
contig_16903	1207085	1207333	intergenic	.	contig_16903:1207085-1207333
contig_16903	1260060	1260126	intergenic	.	contig_16903:1260060-1260126
contig_16903	1326801	1326919	intergenic	.	contig_16903:1326801-1326919
contig_16903	1339120	1339262	intergenic	.	contig_16903:1339120-1339262
contig_16903	1669784	1669920	intergenic	.	contig_16903:1669784-1669920
contig_16903	1863597	1863961	intergenic	.	contig_16903:1863597-1863961
contig_16903	1913195	1913422	intergenic	.	contig_16903:1913195-1913422
contig_16903	2082183	2082279	intergenic	.	contig_16903:2082183-2082279
contig_16903	2090315	2091512	intergenic	.	contig_16903:2090315-2091512
contig_16903	2110415	2110515	intergenic	.	contig_16903:2110415-2110515
contig_16903	2111272	2111318	intergenic	.	contig_16903:2111272-2111318
contig_16903	2239966	2240098	intergenic	.	contig_16903:2239966-2240098
contig_16903	2240161	2240430	intergenic	.	contig_16903:2240161-2240430
contig_16903	2250777	2250888	intergenic	.	contig_16903:2250777-2250888
contig_16903	2294944	2295139	gene,mRNA	.	contig_16903:2294944-2295139,contig_16903:2294944-2295139
contig_16903	2295192	2295261	gene,mRNA	.	contig_16903:2295192-2295261,contig_16903:2295192-2295261
contig_16903	2349923	2349968	gene,mRNA	.	contig_16903:2349923-2349968,contig_16903:2349923-2349968
contig_16903	2350089	2350185	gene,mRNA	.	contig_16903:2350089-2350185,contig_16903:2350089-2350185
contig_16927	39069	39166	intergenic	.	contig_16927:39069-39166
contig_16934	36681	36976	gene,mRNA	.	contig_16934:36681-36976,contig_16934:36681-36976
contig_16934	361452	361583	intergenic	.	contig_16934:361452-361583
contig_16996	857606	857670	intergenic	.	contig_16996:857606-857670
contig_1708	1005144	1005434	intergenic	.	contig_1708:1005144-1005434
contig_1708	2164704	2164752	exon,CDS,gene,mRNA	.	contig_1708:2164704-2164752,contig_1708:2164704-2164752,contig_1708:2164704-2164752,contig_1708:2164704-2164752
contig_1708	2164952	2165034	exon,CDS,gene,mRNA	.	contig_1708:2164952-2165034,contig_1708:2164952-2165034,contig_1708:2164952-2165034,contig_1708:2164952-2165034
contig_1708	2269893	2269993	exon,CDS,gene,mRNA	.	contig_1708:2269893-2269993,contig_1708:2269893-2269993,contig_1708:2269893-2269993,contig_1708:2269893-2269993
contig_1708	2481037	2481137	exon,CDS,gene,mRNA	.	contig_1708:2481037-2481137,contig_1708:2481037-2481137,contig_1708:2481037-2481137,contig_1708:2481037-2481137
contig_1708	3213942	3214033	intergenic	.	contig_1708:3213942-3214033
contig_1708	3341487	3341593	intergenic	.	contig_1708:3341487-3341593
contig_1708	3716046	3716354	gene,mRNA	.	contig_1708:3716046-3716354,contig_1708:3716046-3716354
contig_1708	3953022	3953283	intergenic	.	contig_1708:3953022-3953283
contig_1708	4336436	4336868	intergenic	.	contig_1708:4336436-4336868
contig_1708	4552690	4552814	intergenic	.	contig_1708:4552690-4552814
contig_1708	4780890	4780991	intergenic	.	contig_1708:4780890-4780991
contig_1708	4946627	4946771	intergenic	.	contig_1708:4946627-4946771
contig_1708	5162402	5162466	intergenic	.	contig_1708:5162402-5162466
contig_1708	5459500	5459705	intergenic	.	contig_1708:5459500-5459705
contig_1708	5582965	5583144	intergenic	.	contig_1708:5582965-5583144
contig_1708	5721874	5721933	intergenic	.	contig_1708:5721874-5721933
contig_1708	5864435	5864785	intergenic	.	contig_1708:5864435-5864785
contig_1708	5899496	5899598	intergenic	.	contig_1708:5899496-5899598
contig_1708	5922976	5923232	intergenic	.	contig_1708:5922976-5923232
contig_1708	6622198	6622366	intergenic	.	contig_1708:6622198-6622366
contig_1709	90799	90865	intergenic	.	contig_1709:90799-90865
contig_1709	116567	116991	gene,mRNA	.	contig_1709:116567-116991,contig_1709:116567-116991
contig_1709	462236	462464	intergenic	.	contig_1709:462236-462464
contig_1709	1240098	1240187	intergenic	.	contig_1709:1240098-1240187
contig_1709	2278047	2278321	intergenic	.	contig_1709:2278047-2278321
contig_1709	2448254	2448676	intergenic	.	contig_1709:2448254-2448676
contig_1709	2802165	2802300	intergenic	.	contig_1709:2802165-2802300
contig_1709	2904533	2904574	intergenic	.	contig_1709:2904533-2904574
contig_1709	3659894	3659968	intergenic	.	contig_1709:3659894-3659968
contig_1709	3742233	3742482	intergenic	.	contig_1709:3742233-3742482
contig_1709	3802067	3802332	intergenic	.	contig_1709:3802067-3802332
contig_1709	3802391	3802696	intergenic	.	contig_1709:3802391-3802696
contig_1709	3968101	3968261	intergenic	.	contig_1709:3968101-3968261
contig_1709	6215248	6215342	intergenic	.	contig_1709:6215248-6215342
contig_1709	6215469	6215526	intergenic	.	contig_1709:6215469-6215526
contig_1709	6558889	6559621	intergenic	.	contig_1709:6558889-6559621
contig_1709	6647967	6648300	gene,mRNA	.	contig_1709:6647967-6648300,contig_1709:6647967-6648300
contig_1709	7001558	7001616	intergenic	.	contig_1709:7001558-7001616
contig_1709	7003507	7003596	intergenic	.	contig_1709:7003507-7003596
contig_1709	7265926	7266234	intergenic	.	contig_1709:7265926-7266234
contig_1709	7880725	7880936	intergenic	.	contig_1709:7880725-7880936
contig_1709	7969941	7970119	gene,mRNA	.	contig_1709:7969941-7970119,contig_1709:7969941-7970119
contig_17091	114908	115041	gene,mRNA	.	contig_17091:114908-115041,contig_17091:114908-115041
contig_17091	115318	115595	gene,mRNA	.	contig_17091:115318-115595,contig_17091:115318-115595
contig_17091	187708	187790	intergenic	.	contig_17091:187708-187790
contig_17091	554431	554856	intergenic	.	contig_17091:554431-554856
contig_17091	564701	565234	gene,mRNA,exon,CDS,stop_codon,polyA_signal_sequence	.	contig_17091:564701-565234,contig_17091:564701-565234,contig_17091:564701-565234,contig_17091:564701-565234,contig_17091:564701-565234,contig_17091:564701-565234
contig_17091	565082	565234	intergenic	.	contig_17091:565082-565234
contig_17091	731033	731170	intergenic	.	contig_17091:731033-731170
contig_17091	1004184	1004511	gene,mRNA	.	contig_17091:1004184-1004511,contig_17091:1004184-1004511
contig_17091	1011669	1011748	gene,mRNA	.	contig_17091:1011669-1011748,contig_17091:1011669-1011748
contig_17102	785053	785185	intergenic	.	contig_17102:785053-785185
contig_17106	130662	130724	intergenic	.	contig_17106:130662-130724
contig_17141	377274	377394	intergenic	.	contig_17141:377274-377394
contig_17141	417364	417470	gene,mRNA	.	contig_17141:417364-417470,contig_17141:417364-417470
contig_17141	585611	585856	intergenic	.	contig_17141:585611-585856
contig_17142	471075	471192	gene,mRNA	.	contig_17142:471075-471192,contig_17142:471075-471192
contig_17142	811478	811521	intergenic	.	contig_17142:811478-811521
contig_17142	988738	988790	gene,mRNA	.	contig_17142:988738-988790,contig_17142:988738-988790
contig_17142	1035963	1036065	gene,mRNA	.	contig_17142:1035963-1036065,contig_17142:1035963-1036065
contig_17142	1395275	1395507	intergenic	.	contig_17142:1395275-1395507
contig_17144	23071	23482	gene,mRNA	.	contig_17144:23071-23482,contig_17144:23071-23482
contig_17144	92063	92098	gene,mRNA	.	contig_17144:92063-92098,contig_17144:92063-92098
contig_17144	92497	92569	gene,mRNA	.	contig_17144:92497-92569,contig_17144:92497-92569
contig_17144	203620	204097	gene,mRNA	.	contig_17144:203620-204097,contig_17144:203620-204097
contig_17144	298090	298213	intergenic	.	contig_17144:298090-298213
contig_17144	828156	828329	gene,mRNA	.	contig_17144:828156-828329,contig_17144:828156-828329
contig_17144	864766	864960	gene,mRNA	.	contig_17144:864766-864960,contig_17144:864766-864960
contig_17144	997094	997151	intergenic	.	contig_17144:997094-997151
contig_17144	997307	997418	intergenic	.	contig_17144:997307-997418
contig_17144	1104054	1104223	gene,mRNA	.	contig_17144:1104054-1104223,contig_17144:1104054-1104223
contig_17160	4647	4702	intergenic	.	contig_17160:4647-4702
contig_17160	29668	29881	intergenic	.	contig_17160:29668-29881
contig_17185	121933	122481	gene,mRNA	.	contig_17185:121933-122481,contig_17185:121933-122481
contig_17185	122549	122691	gene,mRNA	.	contig_17185:122549-122691,contig_17185:122549-122691
contig_17185	514522	514869	intergenic	.	contig_17185:514522-514869
contig_17185	653487	653562	gene,mRNA	.	contig_17185:653487-653562,contig_17185:653487-653562
contig_17185	653620	653868	gene,mRNA	.	contig_17185:653620-653868,contig_17185:653620-653868
contig_17191	178240	178470	gene,mRNA	.	contig_17191:178240-178470,contig_17191:178240-178470
contig_17191	342609	342663	intergenic	.	contig_17191:342609-342663
contig_17191	342739	342879	intergenic	.	contig_17191:342739-342879
contig_17191	409984	410167	intergenic	.	contig_17191:409984-410167
contig_17226	1333550	1333612	intergenic	.	contig_17226:1333550-1333612
contig_17228	473360	473720	gene,mRNA	.	contig_17228:473360-473720,contig_17228:473360-473720
contig_17252	55899	56287	intergenic	.	contig_17252:55899-56287
contig_17252	164468	164548	intergenic	.	contig_17252:164468-164548
contig_17252	363399	363509	gene,mRNA	.	contig_17252:363399-363509,contig_17252:363399-363509
contig_17252	406501	406613	gene,mRNA	.	contig_17252:406501-406613,contig_17252:406501-406613
contig_1726	80246	80606	intergenic	.	contig_1726:80246-80606
contig_1726	768368	768526	gene,mRNA	.	contig_1726:768368-768526,contig_1726:768368-768526
contig_1726	1104433	1104512	intergenic	.	contig_1726:1104433-1104512
contig_1726	1108395	1108458	intergenic	.	contig_1726:1108395-1108458
contig_1726	1153637	1153833	intergenic	.	contig_1726:1153637-1153833
contig_1726	1283688	1284007	intergenic	.	contig_1726:1283688-1284007
contig_1726	1327905	1327980	intergenic	.	contig_1726:1327905-1327980
contig_1726	1446828	1446964	intergenic	.	contig_1726:1446828-1446964
contig_1726	2013782	2013918	intergenic	.	contig_1726:2013782-2013918
contig_1726	2278464	2278524	gene	.	contig_1726:2278464-2278524
contig_1726	2626026	2626293	exon,CDS,gene,mRNA	.	contig_1726:2626026-2626293,contig_1726:2626026-2626293,contig_1726:2626026-2626293,contig_1726:2626026-2626293
contig_1726	2629712	2629944	intergenic	.	contig_1726:2629712-2629944
contig_17318	632624	632773	gene,mRNA	.	contig_17318:632624-632773,contig_17318:632624-632773
contig_17318	872863	873004	intergenic	.	contig_17318:872863-873004
contig_17318	990939	991136	intergenic	.	contig_17318:990939-991136
contig_17331	30782	30858	intergenic	.	contig_17331:30782-30858
contig_17331	285190	285240	gene,mRNA	.	contig_17331:285190-285240,contig_17331:285190-285240
contig_17331	1405309	1405439	intergenic	.	contig_17331:1405309-1405439
contig_17331	1421678	1421920	intergenic	.	contig_17331:1421678-1421920
contig_17331	1708317	1708360	intergenic	.	contig_17331:1708317-1708360
contig_17331	1797596	1797793	intergenic	.	contig_17331:1797596-1797793
contig_17331	2098640	2099221	intergenic	.	contig_17331:2098640-2099221
contig_17331	2300529	2300671	intergenic	.	contig_17331:2300529-2300671
contig_17331	5719680	5719780	gene,mRNA	.	contig_17331:5719680-5719780,contig_17331:5719680-5719780
contig_17331	5811791	5811957	intergenic	.	contig_17331:5811791-5811957
contig_17331	6615793	6615868	gene,mRNA	.	contig_17331:6615793-6615868,contig_17331:6615793-6615868
contig_17331	7286202	7286314	intergenic	.	contig_17331:7286202-7286314
contig_17343	723535	723812	intergenic	.	contig_17343:723535-723812
contig_17343	1004945	1005304	gene,mRNA	.	contig_17343:1004945-1005304,contig_17343:1004945-1005304
contig_17343	1457722	1458053	intergenic	.	contig_17343:1457722-1458053
contig_17343	1627505	1627560	intergenic	.	contig_17343:1627505-1627560
contig_17343	1895447	1895522	intergenic	.	contig_17343:1895447-1895522
contig_17347	163024	163126	gene,mRNA	.	contig_17347:163024-163126,contig_17347:163024-163126
contig_17347	190971	191042	gene,mRNA	.	contig_17347:190971-191042,contig_17347:190971-191042
contig_17347	243009	243154	gene,mRNA	.	contig_17347:243009-243154,contig_17347:243009-243154
contig_17347	261226	261337	gene,mRNA	.	contig_17347:261226-261337,contig_17347:261226-261337
contig_17370	708761	708878	intergenic	.	contig_17370:708761-708878
contig_17384	608502	608744	intergenic	.	contig_17384:608502-608744
contig_17390	245743	245865	gene,mRNA	.	contig_17390:245743-245865,contig_17390:245743-245865
contig_17390	248520	248636	gene,mRNA	.	contig_17390:248520-248636,contig_17390:248520-248636
contig_17390	497107	497319	intergenic	.	contig_17390:497107-497319
contig_17390	1649029	1649231	intergenic	.	contig_17390:1649029-1649231
contig_17390	1649358	1649433	intergenic	.	contig_17390:1649358-1649433
contig_17390	1724023	1724382	intergenic	.	contig_17390:1724023-1724382
contig_17390	1829756	1829914	intergenic	.	contig_17390:1829756-1829914
contig_17442	193611	193672	intergenic	.	contig_17442:193611-193672
contig_17465	32896	33048	intergenic	.	contig_17465:32896-33048
contig_17466	21209	21258	gene,mRNA	.	contig_17466:21209-21258,contig_17466:21209-21258
contig_17466	107074	107329	intergenic	.	contig_17466:107074-107329
contig_17466	204370	204709	intergenic	.	contig_17466:204370-204709
contig_17466	401993	402136	intergenic	.	contig_17466:401993-402136
contig_17466	402254	402388	intergenic	.	contig_17466:402254-402388
contig_17466	402508	402726	intergenic	.	contig_17466:402508-402726
contig_17466	447590	447628	intergenic	.	contig_17466:447590-447628
contig_17466	634055	634307	gene,mRNA	.	contig_17466:634055-634307,contig_17466:634055-634307
contig_17466	781255	781311	intergenic	.	contig_17466:781255-781311
contig_17466	853696	853785	intergenic	.	contig_17466:853696-853785
contig_17466	1021385	1021872	gene,mRNA	.	contig_17466:1021385-1021872,contig_17466:1021385-1021872
contig_17476	223977	224331	intergenic	.	contig_17476:223977-224331
contig_17487	760587	760753	intergenic	.	contig_17487:760587-760753
contig_17517	176132	176366	intergenic	.	contig_17517:176132-176366
contig_17517	247462	247923	gene,mRNA	.	contig_17517:247462-247923,contig_17517:247462-247923
contig_17517	348267	348535	intergenic	.	contig_17517:348267-348535
contig_17517	388143	388349	intergenic	.	contig_17517:388143-388349
contig_17517	472192	472643	intergenic	.	contig_17517:472192-472643
contig_17517	723987	724131	intergenic	.	contig_17517:723987-724131
contig_17536	308833	308911	intergenic	.	contig_17536:308833-308911
contig_17558	739272	739449	intergenic	.	contig_17558:739272-739449
contig_17558	921706	921985	intergenic	.	contig_17558:921706-921985
contig_1756	6617	6674	intergenic	.	contig_1756:6617-6674
contig_17572	128794	129171	gene,mRNA	.	contig_17572:128794-129171,contig_17572:128794-129171
contig_17572	461618	461709	intergenic	.	contig_17572:461618-461709
contig_17572	461798	462043	intergenic	.	contig_17572:461798-462043
contig_17572	614900	615004	intergenic	.	contig_17572:614900-615004
contig_17572	616952	617113	intergenic	.	contig_17572:616952-617113
contig_17572	1022007	1022291	intergenic	.	contig_17572:1022007-1022291
contig_17572	1208425	1208525	intergenic	.	contig_17572:1208425-1208525
contig_17572	1431017	1431439	intergenic	.	contig_17572:1431017-1431439
contig_17572	1533256	1533406	intergenic	.	contig_17572:1533256-1533406
contig_17573	237556	237760	gene,mRNA	.	contig_17573:237556-237760,contig_17573:237556-237760
contig_17574	41561	41786	gene,mRNA	.	contig_17574:41561-41786,contig_17574:41561-41786
contig_17642	153038	153303	gene,mRNA	.	contig_17642:153038-153303,contig_17642:153038-153303
contig_17642	322685	322897	gene,mRNA	.	contig_17642:322685-322897,contig_17642:322685-322897
contig_17642	383601	383977	intergenic	.	contig_17642:383601-383977
contig_17642	671013	671417	intergenic	.	contig_17642:671013-671417
contig_17642	691407	691884	intergenic	.	contig_17642:691407-691884
contig_17642	781856	781936	intergenic	.	contig_17642:781856-781936
contig_17642	824212	824427	intergenic	.	contig_17642:824212-824427
contig_17642	1705585	1705644	gene,mRNA	.	contig_17642:1705585-1705644,contig_17642:1705585-1705644
contig_17642	2064360	2064547	intergenic	.	contig_17642:2064360-2064547
contig_17642	2107982	2108053	intergenic	.	contig_17642:2107982-2108053
contig_17649	223736	223825	gene,mRNA	.	contig_17649:223736-223825,contig_17649:223736-223825
contig_17649	798118	798155	intergenic	.	contig_17649:798118-798155
contig_17649	850648	850755	intergenic	.	contig_17649:850648-850755
contig_17651	142728	142814	intergenic	.	contig_17651:142728-142814
contig_17651	142901	142948	intergenic	.	contig_17651:142901-142948
contig_17651	157158	157256	intergenic	.	contig_17651:157158-157256
contig_17660	412175	412299	intergenic	.	contig_17660:412175-412299
contig_17670	268024	268332	intergenic	.	contig_17670:268024-268332
contig_17670	421755	421946	gene,mRNA	.	contig_17670:421755-421946,contig_17670:421755-421946
contig_17670	528632	528734	intergenic	.	contig_17670:528632-528734
contig_17670	570807	571226	intergenic	.	contig_17670:570807-571226
contig_17670	573687	573808	intergenic	.	contig_17670:573687-573808
contig_17670	573870	573922	intergenic	.	contig_17670:573870-573922
contig_17670	577487	578160	intergenic	.	contig_17670:577487-578160
contig_17670	699554	699785	intergenic	.	contig_17670:699554-699785
contig_17670	939669	939790	intergenic	.	contig_17670:939669-939790
contig_17670	1011341	1011851	intergenic	.	contig_17670:1011341-1011851
contig_17670	1093346	1093546	intergenic	.	contig_17670:1093346-1093546
contig_17670	1319664	1319804	intergenic	.	contig_17670:1319664-1319804
contig_17670	1661087	1661235	intergenic	.	contig_17670:1661087-1661235
contig_17670	1661348	1661408	intergenic	.	contig_17670:1661348-1661408
contig_17670	1807760	1807896	intergenic	.	contig_17670:1807760-1807896
contig_17670	1981792	1981887	gene,mRNA	.	contig_17670:1981792-1981887,contig_17670:1981792-1981887
contig_17670	2056955	2057273	intergenic	.	contig_17670:2056955-2057273
contig_17670	2156985	2157214	intergenic	.	contig_17670:2156985-2157214
contig_17683	358068	358149	intergenic	.	contig_17683:358068-358149
contig_17683	358333	358368	intergenic	.	contig_17683:358333-358368
contig_17683	358428	358488	intergenic	.	contig_17683:358428-358488
contig_17683	358612	358814	intergenic	.	contig_17683:358612-358814
contig_17683	381934	381964	intergenic	.	contig_17683:381934-381964
contig_17683	516260	516486	intergenic	.	contig_17683:516260-516486
contig_17683	702886	703093	intergenic	.	contig_17683:702886-703093
contig_17683	703610	703774	intergenic	.	contig_17683:703610-703774
contig_17683	788254	788468	intergenic	.	contig_17683:788254-788468
contig_17684	299461	299561	intergenic	.	contig_17684:299461-299561
contig_17684	299637	299680	intergenic	.	contig_17684:299637-299680
contig_17721	2322	2374	intergenic	.	contig_17721:2322-2374
contig_17721	25813	25865	intergenic	.	contig_17721:25813-25865
contig_17721	111866	111937	intergenic	.	contig_17721:111866-111937
contig_17721	112812	112965	intergenic	.	contig_17721:112812-112965
contig_17721	170394	170528	intergenic	.	contig_17721:170394-170528
contig_17732	78607	78766	gene,mRNA	.	contig_17732:78607-78766,contig_17732:78607-78766
contig_17732	269984	270043	intergenic	.	contig_17732:269984-270043
contig_17732	270094	270437	intergenic	.	contig_17732:270094-270437
contig_1774	736440	736471	intergenic	.	contig_1774:736440-736471
contig_1774	1383450	1383480	intergenic	.	contig_1774:1383450-1383480
contig_1774	1797530	1797570	intergenic	.	contig_1774:1797530-1797570
contig_1774	1797824	1798182	intergenic	.	contig_1774:1797824-1798182
contig_1774	1798272	1798442	intergenic	.	contig_1774:1798272-1798442
contig_1774	2579009	2579121	intergenic	.	contig_1774:2579009-2579121
contig_1774	3026740	3026863	intergenic	.	contig_1774:3026740-3026863
contig_1774	5528953	5529059	intergenic	.	contig_1774:5528953-5529059
contig_1774	5992384	5992452	intergenic	.	contig_1774:5992384-5992452
contig_1774	6400992	6401113	intergenic	.	contig_1774:6400992-6401113
contig_1774	6689668	6689759	intergenic	.	contig_1774:6689668-6689759
contig_17742	277254	277500	gene,mRNA	.	contig_17742:277254-277500,contig_17742:277254-277500
contig_17746	517867	518011	intergenic	.	contig_17746:517867-518011
contig_17778	50891	50984	intergenic	.	contig_17778:50891-50984
contig_17829	494999	495205	intergenic	.	contig_17829:494999-495205
contig_17829	501486	501521	intergenic	.	contig_17829:501486-501521
contig_17829	535333	535606	intergenic	.	contig_17829:535333-535606
contig_1783	151154	151228	intergenic	.	contig_1783:151154-151228
contig_1783	151285	151437	intergenic	.	contig_1783:151285-151437
contig_1783	280631	280740	intergenic	.	contig_1783:280631-280740
contig_1783	649274	649574	gene,mRNA	.	contig_1783:649274-649574,contig_1783:649274-649574
contig_1783	1369438	1369556	intergenic	.	contig_1783:1369438-1369556
contig_1783	3575672	3575882	gene,mRNA	.	contig_1783:3575672-3575882,contig_1783:3575672-3575882
contig_1783	4132769	4132882	intergenic	.	contig_1783:4132769-4132882
contig_1783	4759472	4759596	gene,mRNA	.	contig_1783:4759472-4759596,contig_1783:4759472-4759596
contig_1783	5633059	5633122	intergenic	.	contig_1783:5633059-5633122
contig_1783	5899539	5899665	intergenic	.	contig_1783:5899539-5899665
contig_1783	5900093	5900218	intergenic	.	contig_1783:5900093-5900218
contig_1783	6338816	6338990	intergenic	.	contig_1783:6338816-6338990
contig_1783	6442701	6442826	gene,mRNA	.	contig_1783:6442701-6442826,contig_1783:6442701-6442826
contig_1783	7462765	7462868	intergenic	.	contig_1783:7462765-7462868
contig_1783	7669985	7670092	intergenic	.	contig_1783:7669985-7670092
contig_1783	7712601	7712700	intergenic	.	contig_1783:7712601-7712700
contig_17843	275572	275729	gene,mRNA	.	contig_17843:275572-275729,contig_17843:275572-275729
contig_17843	391699	391828	intergenic	.	contig_17843:391699-391828
contig_17847	545473	545631	intergenic	.	contig_17847:545473-545631
contig_17862	699143	699578	intergenic	.	contig_17862:699143-699578
contig_17862	709456	709816	intergenic	.	contig_17862:709456-709816
contig_17862	1020978	1021076	intergenic	.	contig_17862:1020978-1021076
contig_17862	1064494	1064569	intergenic	.	contig_17862:1064494-1064569
contig_17865	67551	67739	intergenic	.	contig_17865:67551-67739
contig_17865	545991	546067	intergenic	.	contig_17865:545991-546067
contig_17865	860616	860736	intergenic	.	contig_17865:860616-860736
contig_17865	1003089	1003191	gene,mRNA	.	contig_17865:1003089-1003191,contig_17865:1003089-1003191
contig_17865	1171009	1171099	intergenic	.	contig_17865:1171009-1171099
contig_17865	1367434	1367515	gene,mRNA	.	contig_17865:1367434-1367515,contig_17865:1367434-1367515
contig_17865	2095692	2095912	gene,mRNA	.	contig_17865:2095692-2095912,contig_17865:2095692-2095912
contig_17865	2496149	2496359	intergenic	.	contig_17865:2496149-2496359
contig_17865	2669477	2669680	intergenic	.	contig_17865:2669477-2669680
contig_17865	2681529	2681804	intergenic	.	contig_17865:2681529-2681804
contig_17865	3261402	3261549	intergenic	.	contig_17865:3261402-3261549
contig_17865	3407875	3408012	intergenic	.	contig_17865:3407875-3408012
contig_17865	3501805	3502145	intergenic	.	contig_17865:3501805-3502145
contig_17865	3763441	3763507	intergenic	.	contig_17865:3763441-3763507
contig_17865	3935291	3935378	intergenic	.	contig_17865:3935291-3935378
contig_17865	3987428	3987497	intergenic	.	contig_17865:3987428-3987497
contig_17900	484616	485352	gene,mRNA	.	contig_17900:484616-485352,contig_17900:484616-485352
contig_17900	497003	497116	gene,mRNA	.	contig_17900:497003-497116,contig_17900:497003-497116
contig_17923	196504	196716	intergenic	.	contig_17923:196504-196716
contig_17923	490299	490644	gene,mRNA	.	contig_17923:490299-490644,contig_17923:490299-490644
contig_17931	601060	601136	gene,mRNA	.	contig_17931:601060-601136,contig_17931:601060-601136
contig_17931	1202194	1202367	intergenic	.	contig_17931:1202194-1202367
contig_17931	1551270	1551338	intergenic	.	contig_17931:1551270-1551338
contig_17931	1655129	1655196	intergenic	.	contig_17931:1655129-1655196
contig_1796	99160	99373	intergenic	.	contig_1796:99160-99373
contig_1796	221857	222102	gene,mRNA	.	contig_1796:221857-222102,contig_1796:221857-222102
contig_1796	716864	716979	intergenic	.	contig_1796:716864-716979
contig_1796	717706	717796	intergenic	.	contig_1796:717706-717796
contig_1796	754396	754426	intergenic	.	contig_1796:754396-754426
contig_1796	1003253	1003424	intergenic	.	contig_1796:1003253-1003424
contig_1796	1227680	1227778	gene,mRNA	.	contig_1796:1227680-1227778,contig_1796:1227680-1227778
contig_1796	1247207	1247360	gene,mRNA	.	contig_1796:1247207-1247360,contig_1796:1247207-1247360
contig_1796	1369403	1369511	intergenic	.	contig_1796:1369403-1369511
contig_1796	1538302	1538504	intergenic	.	contig_1796:1538302-1538504
contig_1796	1604837	1604914	intergenic	.	contig_1796:1604837-1604914
contig_1796	1734450	1734482	intergenic	.	contig_1796:1734450-1734482
contig_1796	1911388	1911703	intergenic	.	contig_1796:1911388-1911703
contig_1796	1980087	1980203	intergenic	.	contig_1796:1980087-1980203
contig_1796	1980260	1980322	intergenic	.	contig_1796:1980260-1980322
contig_1796	1980260	1980338	polyA_signal_sequence,stop_codon,exon,CDS,gene,mRNA	.	contig_1796:1980260-1980338,contig_1796:1980260-1980338,contig_1796:1980260-1980338,contig_1796:1980260-1980338,contig_1796:1980260-1980338,contig_1796:1980260-1980338
contig_1796	2384115	2384195	gene,mRNA	.	contig_1796:2384115-2384195,contig_1796:2384115-2384195
contig_1796	2480127	2480215	intergenic	.	contig_1796:2480127-2480215
contig_1796	2536402	2536485	intergenic	.	contig_1796:2536402-2536485
contig_1796	2674705	2674845	intergenic	.	contig_1796:2674705-2674845
contig_1796	2675012	2675139	intergenic	.	contig_1796:2675012-2675139
contig_1796	3057528	3057735	intergenic	.	contig_1796:3057528-3057735
contig_1796	3057528	3057886	gene,polyA_signal_sequence	.	contig_1796:3057528-3057886,contig_1796:3057528-3057886
contig_17966	361445	361804	intergenic	.	contig_17966:361445-361804
contig_17978	882634	882705	intergenic	.	contig_17978:882634-882705
contig_17999	7812	7926	intergenic	.	contig_17999:7812-7926
contig_17999	324387	324620	intergenic	.	contig_17999:324387-324620
contig_17999	325212	325461	intergenic	.	contig_17999:325212-325461
contig_17999	675952	676039	intergenic	.	contig_17999:675952-676039
contig_1804	49514	49729	intergenic	.	contig_1804:49514-49729
contig_1808	52125	52392	intergenic	.	contig_1808:52125-52392
contig_188	117502	117681	gene,mRNA	.	contig_188:117502-117681,contig_188:117502-117681
contig_188	143351	143596	gene,mRNA	.	contig_188:143351-143596,contig_188:143351-143596
contig_188	165243	165329	intergenic	.	contig_188:165243-165329
contig_188	349326	349458	gene,mRNA	.	contig_188:349326-349458,contig_188:349326-349458
contig_188	402068	402370	intergenic	.	contig_188:402068-402370
contig_188	498798	498992	intergenic	.	contig_188:498798-498992
contig_188	573576	573825	gene,mRNA	.	contig_188:573576-573825,contig_188:573576-573825
contig_188	576564	576801	gene,mRNA	.	contig_188:576564-576801,contig_188:576564-576801
contig_188	601436	601539	gene,mRNA	.	contig_188:601436-601539,contig_188:601436-601539
contig_188	696633	696841	intergenic	.	contig_188:696633-696841
contig_188	696953	697001	intergenic	.	contig_188:696953-697001
contig_188	874549	874619	gene,mRNA	.	contig_188:874549-874619,contig_188:874549-874619
contig_188	884922	885134	gene,mRNA	.	contig_188:884922-885134,contig_188:884922-885134
contig_188	944108	944188	intergenic	.	contig_188:944108-944188
contig_188	944296	944442	intergenic	.	contig_188:944296-944442
contig_188	958449	958663	intergenic	.	contig_188:958449-958663
contig_188	1190994	1191060	intergenic	.	contig_188:1190994-1191060
contig_188	1194366	1194470	intergenic	.	contig_188:1194366-1194470
contig_188	1463898	1464075	intergenic	.	contig_188:1463898-1464075
contig_19	124949	125162	intergenic	.	contig_19:124949-125162
contig_19	362026	362139	intergenic	.	contig_19:362026-362139
contig_19	558180	558380	intergenic	.	contig_19:558180-558380
contig_19	581563	581655	intergenic	.	contig_19:581563-581655
contig_19	637622	638031	gene,mRNA	.	contig_19:637622-638031,contig_19:637622-638031
contig_19	725232	725295	intergenic	.	contig_19:725232-725295
contig_19	725441	725500	intergenic	.	contig_19:725441-725500
contig_19	725608	725648	intergenic	.	contig_19:725608-725648
contig_19	795745	795775	intergenic	.	contig_19:795745-795775
contig_19	1273291	1273351	intergenic	.	contig_19:1273291-1273351
contig_19	1498232	1498305	intergenic	.	contig_19:1498232-1498305
contig_19	1704169	1704320	intergenic	.	contig_19:1704169-1704320
contig_19	1936481	1936553	intergenic	.	contig_19:1936481-1936553
contig_19	1980414	1980546	intergenic	.	contig_19:1980414-1980546
contig_19	2311091	2311174	gene,mRNA	.	contig_19:2311091-2311174,contig_19:2311091-2311174
contig_19	2389995	2390111	intergenic	.	contig_19:2389995-2390111
contig_19	2827861	2827961	intergenic	.	contig_19:2827861-2827961
contig_19	3058086	3058323	intergenic	.	contig_19:3058086-3058323
contig_19	3951703	3951969	gene,mRNA	.	contig_19:3951703-3951969,contig_19:3951703-3951969
contig_19	3994344	3994507	intergenic	.	contig_19:3994344-3994507
contig_19	4637894	4638073	intergenic	.	contig_19:4637894-4638073
contig_19	4858319	4858379	gene,mRNA	.	contig_19:4858319-4858379,contig_19:4858319-4858379
contig_19	5079144	5079201	gene,mRNA	.	contig_19:5079144-5079201,contig_19:5079144-5079201
contig_19	5111075	5111309	intergenic	.	contig_19:5111075-5111309
contig_19	5298624	5298700	intergenic	.	contig_19:5298624-5298700
contig_19	5641615	5641689	gene,mRNA	.	contig_19:5641615-5641689,contig_19:5641615-5641689
contig_19	5641817	5641978	gene,mRNA	.	contig_19:5641817-5641978,contig_19:5641817-5641978
contig_19	5907749	5907855	exon,CDS,gene,mRNA	.	contig_19:5907749-5907855,contig_19:5907749-5907855,contig_19:5907749-5907855,contig_19:5907749-5907855
contig_19	6054116	6054148	intergenic	.	contig_19:6054116-6054148
contig_19	6058821	6059132	intergenic	.	contig_19:6058821-6059132
contig_19	6084142	6084249	intergenic	.	contig_19:6084142-6084249
contig_19	6217322	6217563	intergenic	.	contig_19:6217322-6217563
contig_19	6265062	6265127	intergenic	.	contig_19:6265062-6265127
contig_19	6633012	6633160	intergenic	.	contig_19:6633012-6633160
contig_19	6997891	6997987	gene,mRNA	.	contig_19:6997891-6997987,contig_19:6997891-6997987
contig_19	7306438	7306493	intergenic	.	contig_19:7306438-7306493
contig_19	7306577	7306681	intergenic	.	contig_19:7306577-7306681
contig_19	7708206	7708284	intergenic	.	contig_19:7708206-7708284
contig_19	7979469	7979531	gene,mRNA	.	contig_19:7979469-7979531,contig_19:7979469-7979531
contig_19	8184472	8184868	gene,mRNA,stop_codon,exon,CDS,exon,CDS	.	contig_19:8184472-8184868,contig_19:8184472-8184868,contig_19:8184472-8184868,contig_19:8184472-8184868,contig_19:8184472-8184868,contig_19:8184472-8184868,contig_19:8184472-8184868
contig_19	8393662	8393883	gene,mRNA	.	contig_19:8393662-8393883,contig_19:8393662-8393883
contig_19	8809948	8810089	gene,mRNA	.	contig_19:8809948-8810089,contig_19:8809948-8810089
contig_19	8810174	8810297	gene,mRNA	.	contig_19:8810174-8810297,contig_19:8810174-8810297
contig_19	9156587	9156771	intergenic	.	contig_19:9156587-9156771
contig_19	9882965	9883172	gene,polyA_signal_sequence	.	contig_19:9882965-9883172,contig_19:9882965-9883172
contig_19	9883102	9883172	intergenic	.	contig_19:9883102-9883172
contig_19	9895210	9895371	intergenic	.	contig_19:9895210-9895371
contig_19	9895803	9895835	intergenic	.	contig_19:9895803-9895835
contig_19	10050398	10050473	intergenic	.	contig_19:10050398-10050473
contig_19	10050677	10051063	intergenic	.	contig_19:10050677-10051063
contig_19	10051449	10051512	intergenic	.	contig_19:10051449-10051512
contig_19	10766819	10766898	gene,mRNA	.	contig_19:10766819-10766898,contig_19:10766819-10766898
contig_19	10999863	10999929	intergenic	.	contig_19:10999863-10999929
contig_19	11727814	11727925	intergenic	.	contig_19:11727814-11727925
contig_19	11815239	11815340	intergenic	.	contig_19:11815239-11815340
contig_19	12201904	12201962	gene,mRNA	.	contig_19:12201904-12201962,contig_19:12201904-12201962
contig_19	12310441	12310605	gene,mRNA	.	contig_19:12310441-12310605,contig_19:12310441-12310605
contig_19	12494960	12495155	intergenic	.	contig_19:12494960-12495155
contig_19	12587925	12588058	intergenic	.	contig_19:12587925-12588058
contig_19	12762559	12762835	intergenic	.	contig_19:12762559-12762835
contig_19	13168864	13168979	intergenic	.	contig_19:13168864-13168979
contig_19	13290444	13290604	intergenic	.	contig_19:13290444-13290604
contig_19	13338750	13338838	intergenic	.	contig_19:13338750-13338838
contig_19	13558362	13558509	gene,mRNA	.	contig_19:13558362-13558509,contig_19:13558362-13558509
contig_19	13650209	13650385	gene,mRNA	.	contig_19:13650209-13650385,contig_19:13650209-13650385
contig_19	13744370	13744495	intergenic	.	contig_19:13744370-13744495
contig_19	13744599	13744712	intergenic	.	contig_19:13744599-13744712
contig_1917	66805	66835	intergenic	.	contig_1917:66805-66835
contig_194	158318	158610	intergenic	.	contig_194:158318-158610
contig_194	533324	533482	intergenic	.	contig_194:533324-533482
contig_1986	621362	621408	intergenic	.	contig_1986:621362-621408
contig_1986	770659	770948	intergenic	.	contig_1986:770659-770948
contig_1986	954901	954947	intergenic	.	contig_1986:954901-954947
contig_1986	2042531	2042582	intergenic	.	contig_1986:2042531-2042582
contig_1986	2085398	2085579	intergenic	.	contig_1986:2085398-2085579
contig_1986	2496658	2496778	intergenic	.	contig_1986:2496658-2496778
contig_1986	2560097	2560164	intergenic	.	contig_1986:2560097-2560164
contig_1986	2616035	2616374	intergenic	.	contig_1986:2616035-2616374
contig_1986	3181131	3181232	intergenic	.	contig_1986:3181131-3181232
contig_1986	3218722	3218887	intergenic	.	contig_1986:3218722-3218887
contig_1986	3218722	3218950	polyA_signal_sequence,gene	.	contig_1986:3218722-3218950,contig_1986:3218722-3218950
contig_1986	4052408	4052502	intergenic	.	contig_1986:4052408-4052502
contig_1986	4682828	4682954	gene,mRNA	.	contig_1986:4682828-4682954,contig_1986:4682828-4682954
contig_1988	543255	543333	intergenic	.	contig_1988:543255-543333
contig_2034	1706107	1706298	intergenic	.	contig_2034:1706107-1706298
contig_2049	71609	71700	intergenic	.	contig_2049:71609-71700
contig_208	2639913	2639943	intergenic	.	contig_208:2639913-2639943
contig_208	2686620	2686675	intergenic	.	contig_208:2686620-2686675
contig_214	242005	242036	intergenic	.	contig_214:242005-242036
contig_214	583677	583953	intergenic	.	contig_214:583677-583953
contig_2201	407884	407915	intergenic	.	contig_2201:407884-407915
contig_2201	708617	708657	intergenic	.	contig_2201:708617-708657
contig_2201	1207307	1207391	intergenic	.	contig_2201:1207307-1207391
contig_2201	1207525	1207588	intergenic	.	contig_2201:1207525-1207588
contig_2201	1468120	1468630	intergenic	.	contig_2201:1468120-1468630
contig_2201	1965581	1965687	intergenic	.	contig_2201:1965581-1965687
contig_2201	1997903	1998117	intergenic	.	contig_2201:1997903-1998117
contig_2201	2096740	2096784	intergenic	.	contig_2201:2096740-2096784
contig_2201	2521073	2521372	intergenic	.	contig_2201:2521073-2521372
contig_2201	2768211	2768304	intergenic	.	contig_2201:2768211-2768304
contig_2201	3672111	3672268	intergenic	.	contig_2201:3672111-3672268
contig_2201	4240472	4240829	intergenic	.	contig_2201:4240472-4240829
contig_2201	4345553	4345634	intergenic	.	contig_2201:4345553-4345634
contig_2201	4524531	4524560	intergenic	.	contig_2201:4524531-4524560
contig_2201	4524531	4524619	gene,mRNA,start_codon,exon,CDS	.	contig_2201:4524531-4524619,contig_2201:4524531-4524619,contig_2201:4524531-4524619,contig_2201:4524531-4524619,contig_2201:4524531-4524619
contig_2201	5163385	5163473	intergenic	.	contig_2201:5163385-5163473
contig_2201	5572904	5572988	polyA_signal_sequence,gene	.	contig_2201:5572904-5572988,contig_2201:5572904-5572988
contig_2201	5572981	5572988	intergenic	.	contig_2201:5572981-5572988
contig_2201	6195398	6195468	gene,mRNA	.	contig_2201:6195398-6195468,contig_2201:6195398-6195468
contig_2201	7639200	7639553	intergenic	.	contig_2201:7639200-7639553
contig_2201	7807347	7807661	intergenic	.	contig_2201:7807347-7807661
contig_2201	8871003	8871104	intergenic	.	contig_2201:8871003-8871104
contig_2201	9034523	9034650	intergenic	.	contig_2201:9034523-9034650
contig_2201	9432118	9432184	gene,mRNA	.	contig_2201:9432118-9432184,contig_2201:9432118-9432184
contig_2261	45183	45367	gene,mRNA,exon,CDS	.	contig_2261:45183-45367,contig_2261:45183-45367,contig_2261:45183-45367,contig_2261:45183-45367
contig_2261	166886	167018	intergenic	.	contig_2261:166886-167018
contig_2261	167361	167400	intergenic	.	contig_2261:167361-167400
contig_2261	214050	214158	intergenic	.	contig_2261:214050-214158
contig_2261	354275	354660	intergenic	.	contig_2261:354275-354660
contig_2261	688370	688461	intergenic	.	contig_2261:688370-688461
contig_2261	819404	819605	gene,mRNA,exon,CDS	.	contig_2261:819404-819605,contig_2261:819404-819605,contig_2261:819404-819605,contig_2261:819404-819605
contig_2261	1028884	1028957	intergenic	.	contig_2261:1028884-1028957
contig_2261	1118926	1119209	gene,mRNA	.	contig_2261:1118926-1119209,contig_2261:1118926-1119209
contig_2261	1418921	1419075	intergenic	.	contig_2261:1418921-1419075
contig_2261	1918677	1918728	gene,mRNA	.	contig_2261:1918677-1918728,contig_2261:1918677-1918728
contig_2261	2024566	2024820	intergenic	.	contig_2261:2024566-2024820
contig_2261	2027904	2028054	intergenic	.	contig_2261:2027904-2028054
contig_2261	2079462	2079693	intergenic	.	contig_2261:2079462-2079693
contig_2261	2338939	2339150	intergenic	.	contig_2261:2338939-2339150
contig_2261	2464257	2464433	intergenic	.	contig_2261:2464257-2464433
contig_2261	2524283	2524443	intergenic	.	contig_2261:2524283-2524443
contig_2261	2533095	2533195	intergenic	.	contig_2261:2533095-2533195
contig_2261	2915307	2915543	intergenic	.	contig_2261:2915307-2915543
contig_2261	2962921	2963110	gene,mRNA	.	contig_2261:2962921-2963110,contig_2261:2962921-2963110
contig_2261	2964245	2964341	gene,mRNA	.	contig_2261:2964245-2964341,contig_2261:2964245-2964341
contig_2261	3824821	3824909	intergenic	.	contig_2261:3824821-3824909
contig_2261	4263216	4264095	intergenic	.	contig_2261:4263216-4264095
contig_2261	4473404	4473710	intergenic	.	contig_2261:4473404-4473710
contig_2261	4527742	4528024	gene,mRNA	.	contig_2261:4527742-4528024,contig_2261:4527742-4528024
contig_2261	4648657	4648762	intergenic	.	contig_2261:4648657-4648762
contig_2261	4892850	4892984	intergenic	.	contig_2261:4892850-4892984
contig_2261	4999867	5000131	gene,mRNA	.	contig_2261:4999867-5000131,contig_2261:4999867-5000131
contig_2261	5058451	5058636	gene,mRNA	.	contig_2261:5058451-5058636,contig_2261:5058451-5058636
contig_2261	5230731	5231096	intergenic	.	contig_2261:5230731-5231096
contig_2261	5231277	5231367	intergenic	.	contig_2261:5231277-5231367
contig_2261	5751362	5751527	intergenic	.	contig_2261:5751362-5751527
contig_2261	5751750	5751845	intergenic	.	contig_2261:5751750-5751845
contig_2261	5759929	5759999	intergenic	.	contig_2261:5759929-5759999
contig_2261	5760077	5760124	intergenic	.	contig_2261:5760077-5760124
contig_2261	5826508	5826586	intergenic	.	contig_2261:5826508-5826586
contig_2261	5848131	5848315	intergenic	.	contig_2261:5848131-5848315
contig_2261	5872983	5873161	intergenic	.	contig_2261:5872983-5873161
contig_2261	5910056	5910350	intergenic	.	contig_2261:5910056-5910350
contig_2261	5992309	5992472	intergenic	.	contig_2261:5992309-5992472
contig_2261	6018960	6019347	intergenic	.	contig_2261:6018960-6019347
contig_2261	6091792	6091940	intergenic	.	contig_2261:6091792-6091940
contig_2261	6249433	6249563	intergenic	.	contig_2261:6249433-6249563
contig_2261	6249657	6249888	intergenic	.	contig_2261:6249657-6249888
contig_2261	6260987	6261017	intergenic	.	contig_2261:6260987-6261017
contig_2261	6269497	6269606	intergenic	.	contig_2261:6269497-6269606
contig_2261	6364875	6365284	stop_codon,exon,CDS,gene,mRNA	.	contig_2261:6364875-6365284,contig_2261:6364875-6365284,contig_2261:6364875-6365284,contig_2261:6364875-6365284,contig_2261:6364875-6365284
contig_2261	6365625	6365729	exon,CDS,gene,mRNA	.	contig_2261:6365625-6365729,contig_2261:6365625-6365729,contig_2261:6365625-6365729,contig_2261:6365625-6365729
contig_2261	6422618	6422845	intergenic	.	contig_2261:6422618-6422845
contig_2261	6490873	6491025	intergenic	.	contig_2261:6490873-6491025
contig_2261	6583717	6583885	intergenic	.	contig_2261:6583717-6583885
contig_2261	6739922	6740001	intergenic	.	contig_2261:6739922-6740001
contig_2261	6771727	6772004	intergenic	.	contig_2261:6771727-6772004
contig_2261	6796241	6796393	intergenic	.	contig_2261:6796241-6796393
contig_2261	6863438	6863624	intergenic	.	contig_2261:6863438-6863624
contig_2261	7141095	7141255	intergenic	.	contig_2261:7141095-7141255
contig_2261	7211453	7211838	intergenic	.	contig_2261:7211453-7211838
contig_2261	7349247	7349337	intergenic	.	contig_2261:7349247-7349337
contig_2261	7616518	7616589	gene,mRNA	.	contig_2261:7616518-7616589,contig_2261:7616518-7616589
contig_2261	7825655	7825796	gene,mRNA	.	contig_2261:7825655-7825796,contig_2261:7825655-7825796
contig_2261	8385918	8386284	intergenic	.	contig_2261:8385918-8386284
contig_2261	8396604	8396651	intergenic	.	contig_2261:8396604-8396651
contig_2261	8455852	8456026	intergenic	.	contig_2261:8455852-8456026
contig_2261	8496997	8497033	intergenic	.	contig_2261:8496997-8497033
contig_2261	8497286	8497377	intergenic	.	contig_2261:8497286-8497377
contig_2261	8563074	8563220	gene,mRNA	.	contig_2261:8563074-8563220,contig_2261:8563074-8563220
contig_2261	8563300	8563396	gene,mRNA	.	contig_2261:8563300-8563396,contig_2261:8563300-8563396
contig_2261	8678843	8679023	intergenic	.	contig_2261:8678843-8679023
contig_2261	9218988	9219207	gene,mRNA	.	contig_2261:9218988-9219207,contig_2261:9218988-9219207
contig_2261	10643098	10643143	intergenic	.	contig_2261:10643098-10643143
contig_2261	10853096	10853221	intergenic	.	contig_2261:10853096-10853221
contig_2261	10854310	10854346	intergenic	.	contig_2261:10854310-10854346
contig_2261	11515723	11515929	intergenic	.	contig_2261:11515723-11515929
contig_2261	11619695	11619914	intergenic	.	contig_2261:11619695-11619914
contig_2261	13563961	13564064	intergenic	.	contig_2261:13563961-13564064
contig_2287	709478	709644	intergenic	.	contig_2287:709478-709644
contig_2287	913222	913371	intergenic	.	contig_2287:913222-913371
contig_2287	1074162	1074328	gene,mRNA	.	contig_2287:1074162-1074328,contig_2287:1074162-1074328
contig_2287	1129068	1129397	intergenic	.	contig_2287:1129068-1129397
contig_2287	3174740	3174795	gene,mRNA	.	contig_2287:3174740-3174795,contig_2287:3174740-3174795
contig_2287	5126488	5126626	intergenic	.	contig_2287:5126488-5126626
contig_2287	5433839	5433897	intergenic	.	contig_2287:5433839-5433897
contig_2287	6118163	6118318	intergenic	.	contig_2287:6118163-6118318
contig_2287	6566845	6567079	intergenic	.	contig_2287:6566845-6567079
contig_2287	6694706	6694736	intergenic	.	contig_2287:6694706-6694736
contig_2287	6961973	6962280	intergenic	.	contig_2287:6961973-6962280
contig_2287	7224041	7224156	intergenic	.	contig_2287:7224041-7224156
contig_2287	7224219	7224381	intergenic	.	contig_2287:7224219-7224381
contig_2287	8120540	8120738	intergenic	.	contig_2287:8120540-8120738
contig_2287	8215600	8215788	intergenic	.	contig_2287:8215600-8215788
contig_2287	8265486	8265612	intergenic	.	contig_2287:8265486-8265612
contig_2287	8709583	8709874	intergenic	.	contig_2287:8709583-8709874
contig_2287	9048831	9049008	intergenic	.	contig_2287:9048831-9049008
contig_2287	9426202	9426248	intergenic	.	contig_2287:9426202-9426248
contig_2287	10582549	10582659	intergenic	.	contig_2287:10582549-10582659
contig_2287	10633527	10633670	intergenic	.	contig_2287:10633527-10633670
contig_2287	10854679	10854739	intergenic	.	contig_2287:10854679-10854739
contig_2287	11176933	11177088	gene,mRNA	.	contig_2287:11176933-11177088,contig_2287:11176933-11177088
contig_2287	11380909	11381101	intergenic	.	contig_2287:11380909-11381101
contig_2287	11551777	11552086	gene,mRNA	.	contig_2287:11551777-11552086,contig_2287:11551777-11552086
contig_2287	11809816	11809897	intergenic	.	contig_2287:11809816-11809897
contig_2287	12150034	12150207	intergenic	.	contig_2287:12150034-12150207
contig_2287	12673864	12673902	intergenic	.	contig_2287:12673864-12673902
contig_2287	13042383	13042499	intergenic	.	contig_2287:13042383-13042499
contig_2287	13600829	13601033	gene,mRNA	.	contig_2287:13600829-13601033,contig_2287:13600829-13601033
contig_2287	14185920	14185996	intergenic	.	contig_2287:14185920-14185996
contig_2287	14656785	14656860	intergenic	.	contig_2287:14656785-14656860
contig_2287	14718019	14718278	intergenic	.	contig_2287:14718019-14718278
contig_2287	15714025	15714116	intergenic	.	contig_2287:15714025-15714116
contig_2287	16081929	16082069	intergenic	.	contig_2287:16081929-16082069
contig_2287	16119728	16119764	intergenic	.	contig_2287:16119728-16119764
contig_2287	17431137	17431418	intergenic	.	contig_2287:17431137-17431418
contig_2287	17539324	17539499	gene,mRNA	.	contig_2287:17539324-17539499,contig_2287:17539324-17539499
contig_2287	17955551	17955744	intergenic	.	contig_2287:17955551-17955744
contig_2287	18069814	18069967	intergenic	.	contig_2287:18069814-18069967
contig_2287	18112135	18112186	intergenic	.	contig_2287:18112135-18112186
contig_2287	18187287	18187377	intergenic	.	contig_2287:18187287-18187377
contig_2287	18192148	18192347	intergenic	.	contig_2287:18192148-18192347
contig_2287	18713856	18713981	intergenic	.	contig_2287:18713856-18713981
contig_2287	18849139	18849258	intergenic	.	contig_2287:18849139-18849258
contig_2287	19509224	19509411	intergenic	.	contig_2287:19509224-19509411
contig_2287	19848933	19848984	intergenic	.	contig_2287:19848933-19848984
contig_2287	19874549	19874757	intergenic	.	contig_2287:19874549-19874757
contig_2287	20707461	20707520	gene,mRNA	.	contig_2287:20707461-20707520,contig_2287:20707461-20707520
contig_2287	20827258	20827353	intergenic	.	contig_2287:20827258-20827353
contig_2287	21278382	21278668	gene,mRNA	.	contig_2287:21278382-21278668,contig_2287:21278382-21278668
contig_2287	22019759	22019826	intergenic	.	contig_2287:22019759-22019826
contig_2287	22043128	22043166	intergenic	.	contig_2287:22043128-22043166
contig_2287	22045794	22046147	intergenic	.	contig_2287:22045794-22046147
contig_2315	555959	556087	gene,mRNA	.	contig_2315:555959-556087,contig_2315:555959-556087
contig_2315	920698	920836	gene,mRNA	.	contig_2315:920698-920836,contig_2315:920698-920836
contig_2315	999686	999924	intergenic	.	contig_2315:999686-999924
contig_2315	2678827	2678893	intergenic	.	contig_2315:2678827-2678893
contig_2315	3693879	3694253	intergenic	.	contig_2315:3693879-3694253
contig_2315	4920283	4920393	intergenic	.	contig_2315:4920283-4920393
contig_2315	5008249	5008437	gene,mRNA	.	contig_2315:5008249-5008437,contig_2315:5008249-5008437
contig_2315	5567989	5568305	gene,mRNA	.	contig_2315:5567989-5568305,contig_2315:5567989-5568305
contig_2318	246650	246740	gene,mRNA	.	contig_2318:246650-246740,contig_2318:246650-246740
contig_2318	757788	757861	gene,mRNA	.	contig_2318:757788-757861,contig_2318:757788-757861
contig_2318	757992	758055	gene,mRNA	.	contig_2318:757992-758055,contig_2318:757992-758055
contig_2318	1454418	1454527	intergenic	.	contig_2318:1454418-1454527
contig_2318	1454610	1454666	intergenic	.	contig_2318:1454610-1454666
contig_2318	1897843	1897952	intergenic	.	contig_2318:1897843-1897952
contig_2318	2124248	2124297	intergenic	.	contig_2318:2124248-2124297
contig_2318	2371500	2371650	intergenic	.	contig_2318:2371500-2371650
contig_2318	2492870	2492916	intergenic	.	contig_2318:2492870-2492916
contig_2318	2914100	2914195	intergenic	.	contig_2318:2914100-2914195
contig_2318	2914505	2914632	intergenic	.	contig_2318:2914505-2914632
contig_2318	3821902	3821942	intergenic	.	contig_2318:3821902-3821942
contig_2318	4546541	4546735	intergenic	.	contig_2318:4546541-4546735
contig_2318	5053491	5053597	intergenic	.	contig_2318:5053491-5053597
contig_2318	6158853	6159443	gene,mRNA	.	contig_2318:6158853-6159443,contig_2318:6158853-6159443
contig_2318	6453424	6453500	intergenic	.	contig_2318:6453424-6453500
contig_2318	6502190	6502220	gene,mRNA	.	contig_2318:6502190-6502220,contig_2318:6502190-6502220
contig_2318	6568795	6568879	intergenic	.	contig_2318:6568795-6568879
contig_2318	6877011	6877167	intergenic	.	contig_2318:6877011-6877167
contig_2318	6994456	6994664	intergenic	.	contig_2318:6994456-6994664
contig_2318	7626425	7626653	intergenic	.	contig_2318:7626425-7626653
contig_2318	7703861	7703935	gene,mRNA	.	contig_2318:7703861-7703935,contig_2318:7703861-7703935
contig_2318	7860983	7861258	intergenic	.	contig_2318:7860983-7861258
contig_2318	7878037	7878199	intergenic	.	contig_2318:7878037-7878199
contig_2318	7956846	7956965	intergenic	.	contig_2318:7956846-7956965
contig_2318	8181964	8182017	intergenic	.	contig_2318:8181964-8182017
contig_2318	8415040	8415279	intergenic	.	contig_2318:8415040-8415279
contig_2321	152640	153462	exon,CDS,stop_codon,polyA_signal_sequence,start_codon,exon,CDS,gene,mRNA,gene,mRNA	.	contig_2321:152640-153462,contig_2321:152640-153462,contig_2321:152640-153462,contig_2321:152640-153462,contig_2321:152640-153462,contig_2321:152640-153462,contig_2321:152640-153462,contig_2321:152640-153462,contig_2321:152640-153462,contig_2321:152640-153462,contig_2321:152640-153462
contig_2321	152966	153100	intergenic	.	contig_2321:152966-153100
contig_2405	220462	220513	intergenic	.	contig_2405:220462-220513
contig_2449	184469	184686	intergenic	.	contig_2449:184469-184686
contig_2449	386281	386324	intergenic	.	contig_2449:386281-386324
contig_2449	398997	399135	intergenic	.	contig_2449:398997-399135
contig_2449	733563	733731	intergenic	.	contig_2449:733563-733731
contig_2449	841323	841378	intergenic	.	contig_2449:841323-841378
contig_2449	868521	868625	intergenic	.	contig_2449:868521-868625
contig_2449	972987	973333	intergenic	.	contig_2449:972987-973333
contig_2449	1178891	1178977	intergenic	.	contig_2449:1178891-1178977
contig_2449	1230608	1230855	intergenic	.	contig_2449:1230608-1230855
contig_2449	1980051	1980317	gene,mRNA	.	contig_2449:1980051-1980317,contig_2449:1980051-1980317
contig_2449	2511996	2512573	intergenic	.	contig_2449:2511996-2512573
contig_2449	2551125	2551191	intergenic	.	contig_2449:2551125-2551191
contig_2449	2667809	2667898	intergenic	.	contig_2449:2667809-2667898
contig_2449	2674505	2674820	intergenic	.	contig_2449:2674505-2674820
contig_2449	2904596	2904741	intergenic	.	contig_2449:2904596-2904741
contig_2449	2913710	2914024	intergenic	.	contig_2449:2913710-2914024
contig_2449	3334110	3334288	intergenic	.	contig_2449:3334110-3334288
contig_2449	3348234	3348343	intergenic	.	contig_2449:3348234-3348343
contig_2449	3348402	3348483	intergenic	.	contig_2449:3348402-3348483
contig_2449	3550064	3550245	intergenic	.	contig_2449:3550064-3550245
contig_2449	3587513	3587583	intergenic	.	contig_2449:3587513-3587583
contig_2449	3716628	3716685	intergenic	.	contig_2449:3716628-3716685
contig_2449	3851108	3851186	intergenic	.	contig_2449:3851108-3851186
contig_2449	3877398	3877503	gene,mRNA	.	contig_2449:3877398-3877503,contig_2449:3877398-3877503
contig_2449	3942838	3942984	exon,CDS,gene,mRNA	.	contig_2449:3942838-3942984,contig_2449:3942838-3942984,contig_2449:3942838-3942984,contig_2449:3942838-3942984
contig_2449	4125323	4125464	intergenic	.	contig_2449:4125323-4125464
contig_2449	4126949	4127222	intergenic	.	contig_2449:4126949-4127222
contig_2449	4629981	4630082	intergenic	.	contig_2449:4629981-4630082
contig_2449	4634410	4634506	intergenic	.	contig_2449:4634410-4634506
contig_2449	5604122	5604424	intergenic	.	contig_2449:5604122-5604424
contig_2449	5709822	5710016	intergenic	.	contig_2449:5709822-5710016
contig_2449	6199774	6199996	gene,mRNA	.	contig_2449:6199774-6199996,contig_2449:6199774-6199996
contig_2449	6687302	6687343	gene,mRNA	.	contig_2449:6687302-6687343,contig_2449:6687302-6687343
contig_2449	6776705	6776810	gene,mRNA	.	contig_2449:6776705-6776810,contig_2449:6776705-6776810
contig_2449	7007325	7007445	intergenic	.	contig_2449:7007325-7007445
contig_2449	7035670	7035818	intergenic	.	contig_2449:7035670-7035818
contig_2449	7055100	7055285	gene,mRNA	.	contig_2449:7055100-7055285,contig_2449:7055100-7055285
contig_2449	7061852	7061967	intergenic	.	contig_2449:7061852-7061967
contig_2449	7114366	7114424	intergenic	.	contig_2449:7114366-7114424
contig_2449	7952109	7952251	intergenic	.	contig_2449:7952109-7952251
contig_2449	8019220	8019318	intergenic	.	contig_2449:8019220-8019318
contig_2449	8019375	8019428	intergenic	.	contig_2449:8019375-8019428
contig_2449	8033156	8033197	intergenic	.	contig_2449:8033156-8033197
contig_2449	8045825	8046048	intergenic	.	contig_2449:8045825-8046048
contig_2449	10217955	10217990	intergenic	.	contig_2449:10217955-10217990
contig_2449	10698795	10698942	intergenic	.	contig_2449:10698795-10698942
contig_2449	11872890	11872952	intergenic	.	contig_2449:11872890-11872952
contig_2449	12086397	12086501	gene,mRNA	.	contig_2449:12086397-12086501,contig_2449:12086397-12086501
contig_2471	1119943	1120130	gene,mRNA	.	contig_2471:1119943-1120130,contig_2471:1119943-1120130
contig_2471	1559166	1559244	gene,mRNA	.	contig_2471:1559166-1559244,contig_2471:1559166-1559244
contig_2471	2643469	2643726	gene,mRNA	.	contig_2471:2643469-2643726,contig_2471:2643469-2643726
contig_2471	3218822	3218857	intergenic	.	contig_2471:3218822-3218857
contig_2471	3713345	3713411	intergenic	.	contig_2471:3713345-3713411
contig_2471	3713548	3713604	intergenic	.	contig_2471:3713548-3713604
contig_2471	5530580	5530782	intergenic	.	contig_2471:5530580-5530782
contig_2471	6331276	6331368	intergenic	.	contig_2471:6331276-6331368
contig_2471	8110105	8110182	gene,mRNA	.	contig_2471:8110105-8110182,contig_2471:8110105-8110182
contig_2471	8739117	8739200	intergenic	.	contig_2471:8739117-8739200
contig_2471	9081504	9081560	intergenic	.	contig_2471:9081504-9081560
contig_2471	10169503	10169575	intergenic	.	contig_2471:10169503-10169575
contig_2471	10279274	10279826	intergenic	.	contig_2471:10279274-10279826
contig_2471	12055402	12055568	gene,mRNA	.	contig_2471:12055402-12055568,contig_2471:12055402-12055568
contig_2471	12320238	12320430	intergenic	.	contig_2471:12320238-12320430
contig_2471	12593313	12593412	intergenic	.	contig_2471:12593313-12593412
contig_2471	12727475	12727691	intergenic	.	contig_2471:12727475-12727691
contig_2471	12992772	12992936	intergenic	.	contig_2471:12992772-12992936
contig_2471	13880352	13880478	intergenic	.	contig_2471:13880352-13880478
contig_2471	13948747	13948792	intergenic	.	contig_2471:13948747-13948792
contig_2471	14026476	14026533	gene,mRNA	.	contig_2471:14026476-14026533,contig_2471:14026476-14026533
contig_2471	14055177	14055261	intergenic	.	contig_2471:14055177-14055261
contig_2471	14439456	14439555	intergenic	.	contig_2471:14439456-14439555
contig_2471	14799024	14799414	intergenic	.	contig_2471:14799024-14799414
contig_2471	15929366	15929433	intergenic	.	contig_2471:15929366-15929433
contig_2471	16286678	16286946	intergenic	.	contig_2471:16286678-16286946
contig_2471	16672876	16672937	intergenic	.	contig_2471:16672876-16672937
contig_2471	16736095	16736144	intergenic	.	contig_2471:16736095-16736144
contig_2471	17090247	17090529	intergenic	.	contig_2471:17090247-17090529
contig_2471	17195964	17196167	intergenic	.	contig_2471:17195964-17196167
contig_2471	17436864	17436967	intergenic	.	contig_2471:17436864-17436967
contig_2471	17625600	17625661	intergenic	.	contig_2471:17625600-17625661
contig_2471	18208210	18208255	intergenic	.	contig_2471:18208210-18208255
contig_2471	18453532	18453587	intergenic	.	contig_2471:18453532-18453587
contig_2471	18503096	18503414	intergenic	.	contig_2471:18503096-18503414
contig_2471	18503580	18503656	intergenic	.	contig_2471:18503580-18503656
contig_2481	1051479	1051555	intergenic	.	contig_2481:1051479-1051555
contig_2481	1297289	1297393	gene,mRNA	.	contig_2481:1297289-1297393,contig_2481:1297289-1297393
contig_2481	1957935	1958129	intergenic	.	contig_2481:1957935-1958129
contig_2481	2033391	2033516	gene,mRNA	.	contig_2481:2033391-2033516,contig_2481:2033391-2033516
contig_2481	2190534	2190636	intergenic	.	contig_2481:2190534-2190636
contig_2481	2204288	2204408	intergenic	.	contig_2481:2204288-2204408
contig_2481	2253726	2253771	gene,mRNA	.	contig_2481:2253726-2253771,contig_2481:2253726-2253771
contig_2481	2433225	2433376	gene,mRNA	.	contig_2481:2433225-2433376,contig_2481:2433225-2433376
contig_2481	2448873	2448933	gene,mRNA	.	contig_2481:2448873-2448933,contig_2481:2448873-2448933
contig_2481	2590848	2591005	intergenic	.	contig_2481:2590848-2591005
contig_2481	2896680	2896849	intergenic	.	contig_2481:2896680-2896849
contig_2481	2925022	2925111	gene,mRNA	.	contig_2481:2925022-2925111,contig_2481:2925022-2925111
contig_2481	3098008	3098211	gene,mRNA	.	contig_2481:3098008-3098211,contig_2481:3098008-3098211
contig_2481	3267707	3268045	intergenic	.	contig_2481:3267707-3268045
contig_2481	3578036	3578308	intergenic	.	contig_2481:3578036-3578308
contig_2481	3674200	3674244	intergenic	.	contig_2481:3674200-3674244
contig_2481	3889262	3889315	intergenic	.	contig_2481:3889262-3889315
contig_2481	3943889	3943954	intergenic	.	contig_2481:3943889-3943954
contig_2481	4084066	4084193	intergenic	.	contig_2481:4084066-4084193
contig_2481	4184071	4184102	intergenic	.	contig_2481:4184071-4184102
contig_2481	4870235	4870471	gene,mRNA	.	contig_2481:4870235-4870471,contig_2481:4870235-4870471
contig_2481	6716889	6716919	intergenic	.	contig_2481:6716889-6716919
contig_2481	8616371	8616545	intergenic	.	contig_2481:8616371-8616545
contig_2481	8667918	8668076	intergenic	.	contig_2481:8667918-8668076
contig_2481	8874147	8874560	intergenic	.	contig_2481:8874147-8874560
contig_2481	9064751	9064797	intergenic	.	contig_2481:9064751-9064797
contig_2481	9074066	9074168	intergenic	.	contig_2481:9074066-9074168
contig_2481	9082706	9082806	intergenic	.	contig_2481:9082706-9082806
contig_2481	9192187	9192257	intergenic	.	contig_2481:9192187-9192257
contig_2481	9574898	9575172	intergenic	.	contig_2481:9574898-9575172
contig_2481	10039728	10039775	intergenic	.	contig_2481:10039728-10039775
contig_2481	10119312	10119547	gene,mRNA,exon,CDS	.	contig_2481:10119312-10119547,contig_2481:10119312-10119547,contig_2481:10119312-10119547,contig_2481:10119312-10119547
contig_2481	10599398	10599465	intergenic	.	contig_2481:10599398-10599465
contig_2481	10637614	10637859	intergenic	.	contig_2481:10637614-10637859
contig_2481	11298462	11298588	intergenic	.	contig_2481:11298462-11298588
contig_2481	11411318	11411645	intergenic	.	contig_2481:11411318-11411645
contig_2481	11507978	11508119	intergenic	.	contig_2481:11507978-11508119
contig_2481	11538750	11538813	intergenic	.	contig_2481:11538750-11538813
contig_2481	12017951	12018029	intergenic	.	contig_2481:12017951-12018029
contig_2481	12143510	12143613	intergenic	.	contig_2481:12143510-12143613
contig_2481	12217781	12217825	intergenic	.	contig_2481:12217781-12217825
contig_2481	12530380	12530485	intergenic	.	contig_2481:12530380-12530485
contig_2530	619359	619566	intergenic	.	contig_2530:619359-619566
contig_2530	737179	737318	gene,mRNA	.	contig_2530:737179-737318,contig_2530:737179-737318
contig_2530	1291461	1291550	gene,mRNA	.	contig_2530:1291461-1291550,contig_2530:1291461-1291550
contig_2530	1410873	1410947	intergenic	.	contig_2530:1410873-1410947
contig_2530	1849523	1849722	intergenic	.	contig_2530:1849523-1849722
contig_2530	1904894	1905181	intergenic	.	contig_2530:1904894-1905181
contig_2530	2031754	2031932	gene,mRNA	.	contig_2530:2031754-2031932,contig_2530:2031754-2031932
contig_2530	2299870	2300047	gene,mRNA	.	contig_2530:2299870-2300047,contig_2530:2299870-2300047
contig_2530	2520352	2520540	gene,mRNA	.	contig_2530:2520352-2520540,contig_2530:2520352-2520540
contig_2530	2688429	2688635	gene,mRNA	.	contig_2530:2688429-2688635,contig_2530:2688429-2688635
contig_2530	2852085	2852389	gene,mRNA	.	contig_2530:2852085-2852389,contig_2530:2852085-2852389
contig_2530	3328102	3328347	intergenic	.	contig_2530:3328102-3328347
contig_2530	3867532	3867886	gene,mRNA	.	contig_2530:3867532-3867886,contig_2530:3867532-3867886
contig_2530	4024574	4024778	intergenic	.	contig_2530:4024574-4024778
contig_2530	4433946	4434208	intergenic	.	contig_2530:4433946-4434208
contig_2541	446218	446473	intergenic	.	contig_2541:446218-446473
contig_2541	1005735	1005806	gene,mRNA	.	contig_2541:1005735-1005806,contig_2541:1005735-1005806
contig_2541	1305093	1305358	intergenic	.	contig_2541:1305093-1305358
contig_2541	1380729	1380892	intergenic	.	contig_2541:1380729-1380892
contig_2541	1667759	1667955	gene,mRNA	.	contig_2541:1667759-1667955,contig_2541:1667759-1667955
contig_2541	1723018	1723066	intergenic	.	contig_2541:1723018-1723066
contig_2541	1966351	1966531	intergenic	.	contig_2541:1966351-1966531
contig_2541	2002826	2002883	intergenic	.	contig_2541:2002826-2002883
contig_2541	2677852	2677959	intergenic	.	contig_2541:2677852-2677959
contig_2541	2797529	2797582	intergenic	.	contig_2541:2797529-2797582
contig_2541	5802567	5802749	gene,mRNA	.	contig_2541:5802567-5802749,contig_2541:5802567-5802749
contig_2541	5974251	5974340	gene,mRNA	.	contig_2541:5974251-5974340,contig_2541:5974251-5974340
contig_2541	6848630	6848818	gene,mRNA	.	contig_2541:6848630-6848818,contig_2541:6848630-6848818
contig_2541	7685003	7685190	gene,mRNA	.	contig_2541:7685003-7685190,contig_2541:7685003-7685190
contig_2541	7740760	7740816	gene,mRNA	.	contig_2541:7740760-7740816,contig_2541:7740760-7740816
contig_2541	8073882	8074139	intergenic	.	contig_2541:8073882-8074139
contig_2541	8195690	8196007	intergenic	.	contig_2541:8195690-8196007
contig_2541	8418144	8418314	intergenic	.	contig_2541:8418144-8418314
contig_2541	8565524	8565590	intergenic	.	contig_2541:8565524-8565590
contig_2541	9387703	9387843	intergenic	.	contig_2541:9387703-9387843
contig_2541	9388086	9388248	intergenic	.	contig_2541:9388086-9388248
contig_2541	9399319	9399420	intergenic	.	contig_2541:9399319-9399420
contig_2541	9435623	9435807	intergenic	.	contig_2541:9435623-9435807
contig_2541	9488728	9489061	intergenic	.	contig_2541:9488728-9489061
contig_2541	9720047	9720343	gene,mRNA	.	contig_2541:9720047-9720343,contig_2541:9720047-9720343
contig_2541	9901816	9901985	intergenic	.	contig_2541:9901816-9901985
contig_2544	334077	334480	intergenic	.	contig_2544:334077-334480
contig_2544	1119187	1119357	intergenic	.	contig_2544:1119187-1119357
contig_2544	1361514	1361670	intergenic	.	contig_2544:1361514-1361670
contig_2544	1646196	1646506	gene,mRNA	.	contig_2544:1646196-1646506,contig_2544:1646196-1646506
contig_2544	1832447	1832482	intergenic	.	contig_2544:1832447-1832482
contig_2544	1836525	1836713	intergenic	.	contig_2544:1836525-1836713
contig_2544	1888168	1888212	intergenic	.	contig_2544:1888168-1888212
contig_2544	1967895	1967947	intergenic	.	contig_2544:1967895-1967947
contig_2544	2021800	2021948	intergenic	.	contig_2544:2021800-2021948
contig_2544	2021800	2022065	gene,mRNA,start_codon,exon,CDS	.	contig_2544:2021800-2022065,contig_2544:2021800-2022065,contig_2544:2021800-2022065,contig_2544:2021800-2022065,contig_2544:2021800-2022065
contig_2544	2237677	2238005	intergenic	.	contig_2544:2237677-2238005
contig_2544	2363384	2363511	intergenic	.	contig_2544:2363384-2363511
contig_2544	2375384	2375429	intergenic	.	contig_2544:2375384-2375429
contig_2544	2598061	2598310	intergenic	.	contig_2544:2598061-2598310
contig_2544	2800811	2800956	gene,mRNA	.	contig_2544:2800811-2800956,contig_2544:2800811-2800956
contig_2544	3340935	3341327	exon,CDS,start_codon,gene,mRNA	.	contig_2544:3340935-3341327,contig_2544:3340935-3341327,contig_2544:3340935-3341327,contig_2544:3340935-3341327,contig_2544:3340935-3341327
contig_2544	3341242	3341327	intergenic	.	contig_2544:3341242-3341327
contig_2544	3602836	3602916	gene	.	contig_2544:3602836-3602916
contig_2544	4412041	4412099	gene,mRNA	.	contig_2544:4412041-4412099,contig_2544:4412041-4412099
contig_2544	4723153	4723381	gene,mRNA	.	contig_2544:4723153-4723381,contig_2544:4723153-4723381
contig_2544	4723511	4723776	gene,mRNA	.	contig_2544:4723511-4723776,contig_2544:4723511-4723776
contig_2678	251960	252007	intergenic	.	contig_2678:251960-252007
contig_274	52431	52899	intergenic	.	contig_274:52431-52899
contig_274	224515	224580	intergenic	.	contig_274:224515-224580
contig_274	291022	291125	intergenic	.	contig_274:291022-291125
contig_274	417679	417990	gene,mRNA	.	contig_274:417679-417990,contig_274:417679-417990
contig_274	580944	581031	intergenic	.	contig_274:580944-581031
contig_274	601357	601567	intergenic	.	contig_274:601357-601567
contig_274	1052105	1052293	intergenic	.	contig_274:1052105-1052293
contig_274	1662454	1662640	intergenic	.	contig_274:1662454-1662640
contig_274	2246135	2246226	intergenic	.	contig_274:2246135-2246226
contig_274	2765156	2765484	intergenic	.	contig_274:2765156-2765484
contig_274	2899825	2899952	intergenic	.	contig_274:2899825-2899952
contig_274	3230276	3230432	gene,mRNA	.	contig_274:3230276-3230432,contig_274:3230276-3230432
contig_274	3270624	3270687	gene,mRNA	.	contig_274:3270624-3270687,contig_274:3270624-3270687
contig_274	3317227	3317431	gene,mRNA	.	contig_274:3317227-3317431,contig_274:3317227-3317431
contig_274	3552647	3552836	gene,mRNA	.	contig_274:3552647-3552836,contig_274:3552647-3552836
contig_2780	287037	287332	intergenic	.	contig_2780:287037-287332
contig_2780	513621	514130	intergenic	.	contig_2780:513621-514130
contig_2780	555432	555539	intergenic	.	contig_2780:555432-555539
contig_2780	770458	770614	intergenic	.	contig_2780:770458-770614
contig_2792	570819	571006	intergenic	.	contig_2792:570819-571006
contig_2792	829472	829512	gene,mRNA	.	contig_2792:829472-829512,contig_2792:829472-829512
contig_2792	895267	895380	intergenic	.	contig_2792:895267-895380
contig_2806	12584	12656	intergenic	.	contig_2806:12584-12656
contig_2835	301393	301634	intergenic	.	contig_2835:301393-301634
contig_2835	359061	359192	intergenic	.	contig_2835:359061-359192
contig_2835	359429	359543	intergenic	.	contig_2835:359429-359543
contig_2835	380431	380604	intergenic	.	contig_2835:380431-380604
contig_2835	1995311	1995452	gene,mRNA	.	contig_2835:1995311-1995452,contig_2835:1995311-1995452
contig_2835	2510217	2510315	intergenic	.	contig_2835:2510217-2510315
contig_2835	2520949	2520979	intergenic	.	contig_2835:2520949-2520979
contig_2835	2984302	2984472	intergenic	.	contig_2835:2984302-2984472
contig_2835	3420541	3420837	gene,mRNA	.	contig_2835:3420541-3420837,contig_2835:3420541-3420837
contig_2835	3421059	3421277	gene,mRNA	.	contig_2835:3421059-3421277,contig_2835:3421059-3421277
contig_2856	399467	399628	intergenic	.	contig_2856:399467-399628
contig_2856	447252	447537	gene,mRNA	.	contig_2856:447252-447537,contig_2856:447252-447537
contig_2856	1075415	1075481	gene,mRNA	.	contig_2856:1075415-1075481,contig_2856:1075415-1075481
contig_2856	1246039	1246383	intergenic	.	contig_2856:1246039-1246383
contig_2856	1306356	1306445	intergenic	.	contig_2856:1306356-1306445
contig_2856	1540504	1540632	intergenic	.	contig_2856:1540504-1540632
contig_2856	1547608	1547692	intergenic	.	contig_2856:1547608-1547692
contig_2856	1622328	1622493	intergenic	.	contig_2856:1622328-1622493
contig_2856	1747149	1747340	intergenic	.	contig_2856:1747149-1747340
contig_2856	1943614	1943712	gene,mRNA	.	contig_2856:1943614-1943712,contig_2856:1943614-1943712
contig_2856	2097342	2097545	intergenic	.	contig_2856:2097342-2097545
contig_2856	2216018	2216062	intergenic	.	contig_2856:2216018-2216062
contig_2856	2216133	2216223	intergenic	.	contig_2856:2216133-2216223
contig_2856	2296415	2296593	intergenic	.	contig_2856:2296415-2296593
contig_2856	2304251	2304451	intergenic	.	contig_2856:2304251-2304451
contig_2856	2343806	2343928	intergenic	.	contig_2856:2343806-2343928
contig_2856	2344423	2344549	intergenic	.	contig_2856:2344423-2344549
contig_2856	2435046	2435228	intergenic	.	contig_2856:2435046-2435228
contig_2856	2558018	2558130	intergenic	.	contig_2856:2558018-2558130
contig_2856	2675822	2676063	intergenic	.	contig_2856:2675822-2676063
contig_2856	2676173	2676210	intergenic	.	contig_2856:2676173-2676210
contig_2856	2688142	2688328	intergenic	.	contig_2856:2688142-2688328
contig_2856	2906310	2906368	intergenic	.	contig_2856:2906310-2906368
contig_2856	3008624	3008721	gene,mRNA	.	contig_2856:3008624-3008721,contig_2856:3008624-3008721
contig_2856	3035253	3035542	gene,mRNA	.	contig_2856:3035253-3035542,contig_2856:3035253-3035542
contig_2856	3171887	3172108	intergenic	.	contig_2856:3171887-3172108
contig_2856	3543084	3543271	intergenic	.	contig_2856:3543084-3543271
contig_2856	3640052	3640213	gene,mRNA	.	contig_2856:3640052-3640213,contig_2856:3640052-3640213
contig_2856	4032119	4032173	gene,mRNA	.	contig_2856:4032119-4032173,contig_2856:4032119-4032173
contig_2856	4037096	4037191	gene,mRNA	.	contig_2856:4037096-4037191,contig_2856:4037096-4037191
contig_2856	4215462	4216148	intergenic	.	contig_2856:4215462-4216148
contig_2856	4364362	4364569	intergenic	.	contig_2856:4364362-4364569
contig_2856	4389143	4389373	intergenic	.	contig_2856:4389143-4389373
contig_2856	4507706	4508318	intergenic	.	contig_2856:4507706-4508318
contig_2856	4706109	4706217	intergenic	.	contig_2856:4706109-4706217
contig_2856	4736379	4736664	intergenic	.	contig_2856:4736379-4736664
contig_2856	4788519	4788771	intergenic	.	contig_2856:4788519-4788771
contig_2856	4939675	4939770	intergenic	.	contig_2856:4939675-4939770
contig_2856	5156933	5157164	intergenic	.	contig_2856:5156933-5157164
contig_2856	5378704	5378742	intergenic	.	contig_2856:5378704-5378742
contig_2888	441530	441715	intergenic	.	contig_2888:441530-441715
contig_2888	540713	540929	intergenic	.	contig_2888:540713-540929
contig_2888	635850	636026	gene,mRNA	.	contig_2888:635850-636026,contig_2888:635850-636026
contig_2888	718601	718747	intergenic	.	contig_2888:718601-718747
contig_2888	859098	859174	intergenic	.	contig_2888:859098-859174
contig_2888	859296	859526	intergenic	.	contig_2888:859296-859526
contig_2888	1377227	1377406	intergenic	.	contig_2888:1377227-1377406
contig_2888	2009682	2010035	intergenic	.	contig_2888:2009682-2010035
contig_2888	2575577	2575888	intergenic	.	contig_2888:2575577-2575888
contig_2888	2608357	2608454	intergenic	.	contig_2888:2608357-2608454
contig_2888	2826196	2826313	gene,mRNA	.	contig_2888:2826196-2826313,contig_2888:2826196-2826313
contig_2888	3156387	3156942	intergenic	.	contig_2888:3156387-3156942
contig_2888	3253601	3253636	intergenic	.	contig_2888:3253601-3253636
contig_2888	3284347	3284385	intergenic	.	contig_2888:3284347-3284385
contig_2888	3579094	3579194	intergenic	.	contig_2888:3579094-3579194
contig_2888	3768593	3768768	intergenic	.	contig_2888:3768593-3768768
contig_2888	3801099	3801217	intergenic	.	contig_2888:3801099-3801217
contig_2888	3801429	3801580	intergenic	.	contig_2888:3801429-3801580
contig_2888	3896240	3896295	gene,mRNA	.	contig_2888:3896240-3896295,contig_2888:3896240-3896295
contig_2888	4046845	4047107	intergenic	.	contig_2888:4046845-4047107
contig_2888	4079394	4079496	gene,mRNA	.	contig_2888:4079394-4079496,contig_2888:4079394-4079496
contig_2888	4293720	4293894	intergenic	.	contig_2888:4293720-4293894
contig_2888	4556370	4556467	intergenic	.	contig_2888:4556370-4556467
contig_2888	4636516	4636569	gene,mRNA	.	contig_2888:4636516-4636569,contig_2888:4636516-4636569
contig_2888	4785761	4785912	intergenic	.	contig_2888:4785761-4785912
contig_2888	4786204	4786380	intergenic	.	contig_2888:4786204-4786380
contig_2888	4870903	4871116	gene,mRNA	.	contig_2888:4870903-4871116,contig_2888:4870903-4871116
contig_2888	5178511	5178761	intergenic	.	contig_2888:5178511-5178761
contig_2888	5808193	5808264	intergenic	.	contig_2888:5808193-5808264
contig_2888	6622948	6623137	intergenic	.	contig_2888:6622948-6623137
contig_2888	6698521	6698569	intergenic	.	contig_2888:6698521-6698569
contig_2888	6778438	6778618	intergenic	.	contig_2888:6778438-6778618
contig_2968	469176	469223	intergenic	.	contig_2968:469176-469223
contig_2968	475126	475183	intergenic	.	contig_2968:475126-475183
contig_2968	853293	853494	intergenic	.	contig_2968:853293-853494
contig_2968	1879346	1879464	gene,mRNA	.	contig_2968:1879346-1879464,contig_2968:1879346-1879464
contig_2968	1935453	1935570	gene,mRNA	.	contig_2968:1935453-1935570,contig_2968:1935453-1935570
contig_2968	2270893	2271158	intergenic	.	contig_2968:2270893-2271158
contig_2968	2466084	2466264	intergenic	.	contig_2968:2466084-2466264
contig_2968	2766880	2767362	intergenic	.	contig_2968:2766880-2767362
contig_2968	2807777	2807856	intergenic	.	contig_2968:2807777-2807856
contig_2968	2864466	2864582	gene,mRNA	.	contig_2968:2864466-2864582,contig_2968:2864466-2864582
contig_2968	3328623	3328801	gene,mRNA	.	contig_2968:3328623-3328801,contig_2968:3328623-3328801
contig_2968	3518910	3519010	intergenic	.	contig_2968:3518910-3519010
contig_2968	3793026	3793243	gene,mRNA	.	contig_2968:3793026-3793243,contig_2968:3793026-3793243
contig_2968	3793552	3793651	gene,mRNA	.	contig_2968:3793552-3793651,contig_2968:3793552-3793651
contig_2968	3892815	3893129	gene,mRNA	.	contig_2968:3892815-3893129,contig_2968:3892815-3893129
contig_2968	4199097	4199159	intergenic	.	contig_2968:4199097-4199159
contig_2968	4689084	4689280	intergenic	.	contig_2968:4689084-4689280
contig_2968	4777920	4778062	intergenic	.	contig_2968:4777920-4778062
contig_2968	4791349	4791475	intergenic	.	contig_2968:4791349-4791475
contig_3126	353350	353507	intergenic	.	contig_3126:353350-353507
contig_3126	607330	607548	intergenic	.	contig_3126:607330-607548
contig_3126	1236679	1236711	intergenic	.	contig_3126:1236679-1236711
contig_3126	1526686	1526778	intergenic	.	contig_3126:1526686-1526778
contig_3126	2099328	2099435	intergenic	.	contig_3126:2099328-2099435
contig_3126	2192235	2192424	intergenic	.	contig_3126:2192235-2192424
contig_3126	2192235	2192677	gene,polyA_signal_sequence,mRNA,stop_codon,exon,CDS	.	contig_3126:2192235-2192677,contig_3126:2192235-2192677,contig_3126:2192235-2192677,contig_3126:2192235-2192677,contig_3126:2192235-2192677,contig_3126:2192235-2192677
contig_3126	2602099	2602178	intergenic	.	contig_3126:2602099-2602178
contig_3126	2654571	2654860	intergenic	.	contig_3126:2654571-2654860
contig_3126	2762689	2762785	intergenic	.	contig_3126:2762689-2762785
contig_3126	2863750	2863804	intergenic	.	contig_3126:2863750-2863804
contig_3126	2902161	2902293	intergenic	.	contig_3126:2902161-2902293
contig_3126	3496673	3496797	gene,mRNA	.	contig_3126:3496673-3496797,contig_3126:3496673-3496797
contig_3127	83544	83627	intergenic	.	contig_3127:83544-83627
contig_3127	307564	307698	intergenic	.	contig_3127:307564-307698
contig_3127	309003	309034	intergenic	.	contig_3127:309003-309034
contig_3127	756969	757131	gene,mRNA	.	contig_3127:756969-757131,contig_3127:756969-757131
contig_3127	870498	870792	gene,mRNA	.	contig_3127:870498-870792,contig_3127:870498-870792
contig_3127	1192519	1192802	gene,mRNA	.	contig_3127:1192519-1192802,contig_3127:1192519-1192802
contig_3127	1408861	1408988	gene,mRNA	.	contig_3127:1408861-1408988,contig_3127:1408861-1408988
contig_3127	1435503	1435544	gene,mRNA	.	contig_3127:1435503-1435544,contig_3127:1435503-1435544
contig_3127	1465587	1465670	gene,mRNA	.	contig_3127:1465587-1465670,contig_3127:1465587-1465670
contig_3127	1583788	1583860	gene,mRNA	.	contig_3127:1583788-1583860,contig_3127:1583788-1583860
contig_3127	1780237	1780322	intergenic	.	contig_3127:1780237-1780322
contig_3127	2093810	2094057	intergenic	.	contig_3127:2093810-2094057
contig_3127	2226250	2226340	intergenic	.	contig_3127:2226250-2226340
contig_3127	2734860	2734924	gene,mRNA	.	contig_3127:2734860-2734924,contig_3127:2734860-2734924
contig_3127	2824038	2824234	gene,mRNA	.	contig_3127:2824038-2824234,contig_3127:2824038-2824234
contig_3127	2918804	2918958	intergenic	.	contig_3127:2918804-2918958
contig_3127	3241101	3241167	intergenic	.	contig_3127:3241101-3241167
contig_3127	4276072	4276163	intergenic	.	contig_3127:4276072-4276163
contig_3127	4664804	4664962	intergenic	.	contig_3127:4664804-4664962
contig_3127	4796705	4796805	gene,mRNA	.	contig_3127:4796705-4796805,contig_3127:4796705-4796805
contig_3127	4821048	4821145	gene,mRNA	.	contig_3127:4821048-4821145,contig_3127:4821048-4821145
contig_3127	4821433	4821496	gene,mRNA	.	contig_3127:4821433-4821496,contig_3127:4821433-4821496
contig_3127	5723462	5723616	intergenic	.	contig_3127:5723462-5723616
contig_3133	145612	145770	intergenic	.	contig_3133:145612-145770
contig_3141	37274	37467	intergenic	.	contig_3141:37274-37467
contig_3147	108259	108344	intergenic	.	contig_3147:108259-108344
contig_3147	426380	426556	intergenic	.	contig_3147:426380-426556
contig_3147	469367	469655	intergenic	.	contig_3147:469367-469655
contig_3147	879098	879383	intergenic	.	contig_3147:879098-879383
contig_3147	925943	926051	gene,mRNA	.	contig_3147:925943-926051,contig_3147:925943-926051
contig_3147	1218380	1218463	intergenic	.	contig_3147:1218380-1218463
contig_3147	1349664	1350051	intergenic	.	contig_3147:1349664-1350051
contig_3147	1970674	1970910	intergenic	.	contig_3147:1970674-1970910
contig_3147	2942214	2942504	intergenic	.	contig_3147:2942214-2942504
contig_3147	3528305	3528548	exon,CDS,gene,mRNA	.	contig_3147:3528305-3528548,contig_3147:3528305-3528548,contig_3147:3528305-3528548,contig_3147:3528305-3528548
contig_3147	3534774	3534955	gene,mRNA	.	contig_3147:3534774-3534955,contig_3147:3534774-3534955
contig_3147	3795078	3795299	gene,mRNA	.	contig_3147:3795078-3795299,contig_3147:3795078-3795299
contig_3147	3829486	3829581	intergenic	.	contig_3147:3829486-3829581
contig_3147	4218435	4218515	intergenic	.	contig_3147:4218435-4218515
contig_3147	4219346	4219439	intergenic	.	contig_3147:4219346-4219439
contig_3147	5089528	5089534	intergenic	.	contig_3147:5089528-5089534
contig_3147	5089528	5089749	gene,mRNA,start_codon,exon,CDS	.	contig_3147:5089528-5089749,contig_3147:5089528-5089749,contig_3147:5089528-5089749,contig_3147:5089528-5089749,contig_3147:5089528-5089749
contig_3254	148497	148711	gene,mRNA	.	contig_3254:148497-148711,contig_3254:148497-148711
contig_3254	482880	483015	intergenic	.	contig_3254:482880-483015
contig_3254	483160	483383	intergenic	.	contig_3254:483160-483383
contig_3254	1053244	1053370	intergenic	.	contig_3254:1053244-1053370
contig_3254	1228565	1228665	intergenic	.	contig_3254:1228565-1228665
contig_3254	1566004	1566550	gene,mRNA	.	contig_3254:1566004-1566550,contig_3254:1566004-1566550
contig_3254	1689168	1689226	intergenic	.	contig_3254:1689168-1689226
contig_3254	2096281	2096480	intergenic	.	contig_3254:2096281-2096480
contig_3254	2376650	2376708	intergenic	.	contig_3254:2376650-2376708
contig_3254	2376826	2377015	intergenic	.	contig_3254:2376826-2377015
contig_3254	2436679	2436848	intergenic	.	contig_3254:2436679-2436848
contig_3254	2701847	2701891	intergenic	.	contig_3254:2701847-2701891
contig_3254	2704965	2705128	intergenic	.	contig_3254:2704965-2705128
contig_3254	2705231	2705486	intergenic	.	contig_3254:2705231-2705486
contig_3254	2826124	2826294	gene,mRNA	.	contig_3254:2826124-2826294,contig_3254:2826124-2826294
contig_3254	2930548	2930646	gene,mRNA	.	contig_3254:2930548-2930646,contig_3254:2930548-2930646
contig_3254	3845150	3845259	intergenic	.	contig_3254:3845150-3845259
contig_3254	3845378	3845423	intergenic	.	contig_3254:3845378-3845423
contig_3254	4067171	4067285	intergenic	.	contig_3254:4067171-4067285
contig_3254	4087628	4087722	intergenic	.	contig_3254:4087628-4087722
contig_3254	4103345	4103431	intergenic	.	contig_3254:4103345-4103431
contig_3254	4144477	4144860	intergenic	.	contig_3254:4144477-4144860
contig_3254	4231841	4231906	gene,mRNA	.	contig_3254:4231841-4231906,contig_3254:4231841-4231906
contig_3254	4309075	4309226	intergenic	.	contig_3254:4309075-4309226
contig_3254	4309659	4309743	intergenic	.	contig_3254:4309659-4309743
contig_3254	4347459	4347605	intergenic	.	contig_3254:4347459-4347605
contig_3254	4421898	4422035	intergenic	.	contig_3254:4421898-4422035
contig_3254	4484414	4484540	gene,mRNA	.	contig_3254:4484414-4484540,contig_3254:4484414-4484540
contig_3254	5132637	5133003	gene,mRNA	.	contig_3254:5132637-5133003,contig_3254:5132637-5133003
contig_3254	5141818	5142302	intergenic	.	contig_3254:5141818-5142302
contig_3254	6347614	6347687	intergenic	.	contig_3254:6347614-6347687
contig_3254	6349834	6349901	intergenic	.	contig_3254:6349834-6349901
contig_3254	6527042	6527166	intergenic	.	contig_3254:6527042-6527166
contig_3254	7049150	7049248	gene,mRNA	.	contig_3254:7049150-7049248,contig_3254:7049150-7049248
contig_3254	7353417	7353739	gene,mRNA	.	contig_3254:7353417-7353739,contig_3254:7353417-7353739
contig_3256	670486	670710	intergenic	.	contig_3256:670486-670710
contig_3256	687820	687889	intergenic	.	contig_3256:687820-687889
contig_3256	745029	745220	intergenic	.	contig_3256:745029-745220
contig_3256	1283813	1283989	intergenic	.	contig_3256:1283813-1283989
contig_3256	1297205	1297300	intergenic	.	contig_3256:1297205-1297300
contig_3256	1297413	1297765	intergenic	.	contig_3256:1297413-1297765
contig_3288	45111	45376	intergenic	.	contig_3288:45111-45376
contig_3288	56188	56278	intergenic	.	contig_3288:56188-56278
contig_3303	1002088	1002224	intergenic	.	contig_3303:1002088-1002224
contig_3303	1230672	1231054	intergenic	.	contig_3303:1230672-1231054
contig_3307	881612	881669	gene,mRNA	.	contig_3307:881612-881669,contig_3307:881612-881669
contig_3307	1021739	1021828	intergenic	.	contig_3307:1021739-1021828
contig_3307	1600348	1600413	intergenic	.	contig_3307:1600348-1600413
contig_3307	1988292	1988388	intergenic	.	contig_3307:1988292-1988388
contig_3307	2056105	2056165	intergenic	.	contig_3307:2056105-2056165
contig_3307	2088911	2089195	intergenic	.	contig_3307:2088911-2089195
contig_3307	2139814	2140013	gene,mRNA	.	contig_3307:2139814-2140013,contig_3307:2139814-2140013
contig_3307	2530291	2530458	intergenic	.	contig_3307:2530291-2530458
contig_3307	2687709	2687930	gene,mRNA	.	contig_3307:2687709-2687930,contig_3307:2687709-2687930
contig_3307	2750317	2750918	intergenic	.	contig_3307:2750317-2750918
contig_3307	2762258	2762694	gene,mRNA,exon,CDS,exon,CDS	.	contig_3307:2762258-2762694,contig_3307:2762258-2762694,contig_3307:2762258-2762694,contig_3307:2762258-2762694,contig_3307:2762258-2762694,contig_3307:2762258-2762694
contig_3307	2860128	2860335	intergenic	.	contig_3307:2860128-2860335
contig_3307	2926134	2926326	intergenic	.	contig_3307:2926134-2926326
contig_3307	2950343	2950428	intergenic	.	contig_3307:2950343-2950428
contig_3307	3141461	3141678	intergenic	.	contig_3307:3141461-3141678
contig_3307	3186449	3186931	intergenic	.	contig_3307:3186449-3186931
contig_3307	3244106	3244369	intergenic	.	contig_3307:3244106-3244369
contig_3307	3423623	3423661	intergenic	.	contig_3307:3423623-3423661
contig_3307	3597459	3597703	intergenic	.	contig_3307:3597459-3597703
contig_3307	3919047	3919343	intergenic	.	contig_3307:3919047-3919343
contig_3307	4653397	4653517	intergenic	.	contig_3307:4653397-4653517
contig_3307	4951577	4951787	intergenic	.	contig_3307:4951577-4951787
contig_3309	655163	655225	intergenic	.	contig_3309:655163-655225
contig_3309	755704	755754	gene,mRNA	.	contig_3309:755704-755754,contig_3309:755704-755754
contig_3309	1097686	1097750	intergenic	.	contig_3309:1097686-1097750
contig_3309	1172355	1172427	intergenic	.	contig_3309:1172355-1172427
contig_3309	1580306	1580349	intergenic	.	contig_3309:1580306-1580349
contig_3309	1799281	1799491	intergenic	.	contig_3309:1799281-1799491
contig_3309	2034306	2034409	intergenic	.	contig_3309:2034306-2034409
contig_3312	300723	300825	intergenic	.	contig_3312:300723-300825
contig_3312	301304	301404	intergenic	.	contig_3312:301304-301404
contig_3312	302273	302369	gene,polyA_signal_sequence	.	contig_3312:302273-302369,contig_3312:302273-302369
contig_3454	941794	941938	gene,mRNA	.	contig_3454:941794-941938,contig_3454:941794-941938
contig_3454	1322085	1322407	intergenic	.	contig_3454:1322085-1322407
contig_3454	2216684	2216774	gene,mRNA	.	contig_3454:2216684-2216774,contig_3454:2216684-2216774
contig_3459	191903	191962	intergenic	.	contig_3459:191903-191962
contig_3459	1703256	1703338	gene,mRNA	.	contig_3459:1703256-1703338,contig_3459:1703256-1703338
contig_3459	2195691	2196021	intergenic	.	contig_3459:2195691-2196021
contig_3459	2406656	2406981	intergenic	.	contig_3459:2406656-2406981
contig_3459	3885791	3885950	gene,mRNA	.	contig_3459:3885791-3885950,contig_3459:3885791-3885950
contig_3459	3961243	3961338	gene	.	contig_3459:3961243-3961338
contig_3459	4194420	4194919	intergenic	.	contig_3459:4194420-4194919
contig_3508_part1	34514	34630	intergenic	.	contig_3508_part1:34514-34630
contig_3508_part2	99129	99179	intergenic	.	contig_3508_part2:99129-99179
contig_356	402434	403025	intergenic	.	contig_356:402434-403025
contig_356	402434	403462	polyA_signal_sequence,stop_codon,exon,CDS,gene,mRNA	.	contig_356:402434-403462,contig_356:402434-403462,contig_356:402434-403462,contig_356:402434-403462,contig_356:402434-403462,contig_356:402434-403462
contig_356	988538	988653	intergenic	.	contig_356:988538-988653
contig_356	1829527	1829727	gene,mRNA	.	contig_356:1829527-1829727,contig_356:1829527-1829727
contig_356	1932957	1933035	intergenic	.	contig_356:1932957-1933035
contig_356	3506753	3506847	intergenic	.	contig_356:3506753-3506847
contig_356	3911487	3911768	intergenic	.	contig_356:3911487-3911768
contig_356	4030563	4030761	intergenic	.	contig_356:4030563-4030761
contig_356	4913919	4913983	intergenic	.	contig_356:4913919-4913983
contig_356	5738038	5738211	intergenic	.	contig_356:5738038-5738211
contig_356	5987696	5987840	intergenic	.	contig_356:5987696-5987840
contig_356	6611448	6611747	intergenic	.	contig_356:6611448-6611747
contig_356	6769535	6769600	gene,mRNA	.	contig_356:6769535-6769600,contig_356:6769535-6769600
contig_3588	343546	343646	intergenic	.	contig_3588:343546-343646
contig_3588	344155	344219	intergenic	.	contig_3588:344155-344219
contig_3599	18655	18768	intergenic	.	contig_3599:18655-18768
contig_3612_part2	438	517	intergenic	.	contig_3612_part2:438-517
contig_3612_part2	1386	1486	intergenic	.	contig_3612_part2:1386-1486
contig_3631	83837	83910	intergenic	.	contig_3631:83837-83910
contig_3640	701425	701516	intergenic	.	contig_3640:701425-701516
contig_3644	118825	118871	intergenic	.	contig_3644:118825-118871
contig_3644	646675	646924	intergenic	.	contig_3644:646675-646924
contig_3644	1145634	1145911	intergenic	.	contig_3644:1145634-1145911
contig_3644	2028094	2028162	intergenic	.	contig_3644:2028094-2028162
contig_3644	2045218	2045266	intergenic	.	contig_3644:2045218-2045266
contig_3644	2529179	2529233	intergenic	.	contig_3644:2529179-2529233
contig_3644	2855173	2855276	intergenic	.	contig_3644:2855173-2855276
contig_3644	3758908	3759011	intergenic	.	contig_3644:3758908-3759011
contig_3644	4703542	4703655	intergenic	.	contig_3644:4703542-4703655
contig_3644	4782430	4782604	intergenic	.	contig_3644:4782430-4782604
contig_3644	4887138	4887384	intergenic	.	contig_3644:4887138-4887384
contig_3644	5042189	5042289	gene,mRNA	.	contig_3644:5042189-5042289,contig_3644:5042189-5042289
contig_3644	5746921	5747005	intergenic	.	contig_3644:5746921-5747005
contig_3644	5761172	5761282	intergenic	.	contig_3644:5761172-5761282
contig_3644	6306358	6306458	intergenic	.	contig_3644:6306358-6306458
contig_3644	6409469	6409656	intergenic	.	contig_3644:6409469-6409656
contig_3644	8967370	8967502	intergenic	.	contig_3644:8967370-8967502
contig_3644	9182187	9182525	intergenic	.	contig_3644:9182187-9182525
contig_3644	9314682	9315088	intergenic	.	contig_3644:9314682-9315088
contig_3644	9390273	9390327	intergenic	.	contig_3644:9390273-9390327
contig_3644	9612620	9612742	intergenic	.	contig_3644:9612620-9612742
contig_3644	9649398	9649540	intergenic	.	contig_3644:9649398-9649540
contig_3644	9679467	9679570	intergenic	.	contig_3644:9679467-9679570
contig_3644	9850129	9850416	intergenic	.	contig_3644:9850129-9850416
contig_3644	10628538	10628689	intergenic	.	contig_3644:10628538-10628689
contig_3644	11300046	11300202	intergenic	.	contig_3644:11300046-11300202
contig_3644	11316999	11317039	intergenic	.	contig_3644:11316999-11317039
contig_3644	11578622	11578852	intergenic	.	contig_3644:11578622-11578852
contig_3644	12220147	12220631	intergenic	.	contig_3644:12220147-12220631
contig_3644	13024807	13024878	intergenic	.	contig_3644:13024807-13024878
contig_3644	13025142	13025199	intergenic	.	contig_3644:13025142-13025199
contig_3644	13027984	13028112	intergenic	.	contig_3644:13027984-13028112
contig_3644	13187971	13188042	intergenic	.	contig_3644:13187971-13188042
contig_3644	13346928	13346973	intergenic	.	contig_3644:13346928-13346973
contig_3644	13495434	13495482	intergenic	.	contig_3644:13495434-13495482
contig_3644	14035193	14035261	intergenic	.	contig_3644:14035193-14035261
contig_3644	14110306	14110417	intergenic	.	contig_3644:14110306-14110417
contig_3644	14129389	14129453	intergenic	.	contig_3644:14129389-14129453
contig_3644	14165634	14165732	intergenic	.	contig_3644:14165634-14165732
contig_3644	14469065	14469249	gene,mRNA	.	contig_3644:14469065-14469249,contig_3644:14469065-14469249
contig_3644	14469326	14469395	gene,mRNA	.	contig_3644:14469326-14469395,contig_3644:14469326-14469395
contig_3644	14548250	14548377	intergenic	.	contig_3644:14548250-14548377
contig_3644	14611496	14611655	intergenic	.	contig_3644:14611496-14611655
contig_3644	14694822	14695032	intergenic	.	contig_3644:14694822-14695032
contig_3644	14708257	14708401	intergenic	.	contig_3644:14708257-14708401
contig_3644	14919292	14919409	gene,mRNA	.	contig_3644:14919292-14919409,contig_3644:14919292-14919409
contig_3644	15231270	15231452	intergenic	.	contig_3644:15231270-15231452
contig_3644	15737894	15738041	intergenic	.	contig_3644:15737894-15738041
contig_3644	15901456	15901725	intergenic	.	contig_3644:15901456-15901725
contig_3644	16209817	16210248	gene,mRNA	.	contig_3644:16209817-16210248,contig_3644:16209817-16210248
contig_3644	16440075	16440136	intergenic	.	contig_3644:16440075-16440136
contig_3644	16731125	16731405	intergenic	.	contig_3644:16731125-16731405
contig_3644	16731125	16732182	gene,mRNA,start_codon,exon,CDS,exon,CDS	.	contig_3644:16731125-16732182,contig_3644:16731125-16732182,contig_3644:16731125-16732182,contig_3644:16731125-16732182,contig_3644:16731125-16732182,contig_3644:16731125-16732182,contig_3644:16731125-16732182
contig_3644	16883244	16883347	intergenic	.	contig_3644:16883244-16883347
contig_3644	17419703	17419733	intergenic	.	contig_3644:17419703-17419733
contig_3644	18697163	18697273	gene,mRNA	.	contig_3644:18697163-18697273,contig_3644:18697163-18697273
contig_3644	18980450	18980603	gene,mRNA	.	contig_3644:18980450-18980603,contig_3644:18980450-18980603
contig_3644	19297361	19297523	intergenic	.	contig_3644:19297361-19297523
contig_3644	19879709	19879812	intergenic	.	contig_3644:19879709-19879812
contig_3644	20612173	20612265	intergenic	.	contig_3644:20612173-20612265
contig_3644	20632117	20632174	intergenic	.	contig_3644:20632117-20632174
contig_3644	20788587	20788756	intergenic	.	contig_3644:20788587-20788756
contig_3644	21349955	21350007	gene,mRNA	.	contig_3644:21349955-21350007,contig_3644:21349955-21350007
contig_3644	21387486	21387653	intergenic	.	contig_3644:21387486-21387653
contig_3644	21696615	21696838	gene,mRNA	.	contig_3644:21696615-21696838,contig_3644:21696615-21696838
contig_3645	175611	175773	gene,mRNA	.	contig_3645:175611-175773,contig_3645:175611-175773
contig_3646	180478	180533	intergenic	.	contig_3646:180478-180533
contig_3647	15922	15963	intergenic	.	contig_3647:15922-15963
contig_3647	315260	315412	intergenic	.	contig_3647:315260-315412
contig_3647	759131	759356	gene,mRNA	.	contig_3647:759131-759356,contig_3647:759131-759356
contig_3647	1560807	1560846	gene,mRNA	.	contig_3647:1560807-1560846,contig_3647:1560807-1560846
contig_3647	1661097	1661179	polyA_signal_sequence,gene	.	contig_3647:1661097-1661179,contig_3647:1661097-1661179
contig_3647	1661118	1661179	intergenic	.	contig_3647:1661118-1661179
contig_3647	4690269	4690567	intergenic	.	contig_3647:4690269-4690567
contig_3647	5014508	5014607	intergenic	.	contig_3647:5014508-5014607
contig_3647	5112375	5112419	intergenic	.	contig_3647:5112375-5112419
contig_3647	5634320	5634386	gene,mRNA	.	contig_3647:5634320-5634386,contig_3647:5634320-5634386
contig_3647	5816829	5816895	gene,mRNA	.	contig_3647:5816829-5816895,contig_3647:5816829-5816895
contig_3657	36752	36782	intergenic	.	contig_3657:36752-36782
contig_3657	964207	964316	gene,mRNA	.	contig_3657:964207-964316,contig_3657:964207-964316
contig_3657	1015547	1015622	intergenic	.	contig_3657:1015547-1015622
contig_3657	3203807	3204233	gene,mRNA	.	contig_3657:3203807-3204233,contig_3657:3203807-3204233
contig_3657	3231386	3231532	intergenic	.	contig_3657:3231386-3231532
contig_3657	3233470	3233509	intergenic	.	contig_3657:3233470-3233509
contig_3666	784055	784180	gene,mRNA	.	contig_3666:784055-784180,contig_3666:784055-784180
contig_3666	1503294	1503350	intergenic	.	contig_3666:1503294-1503350
contig_3752	8616	8812	intergenic	.	contig_3752:8616-8812
contig_3775	52767	52832	intergenic	.	contig_3775:52767-52832
contig_3775	600353	600499	intergenic	.	contig_3775:600353-600499
contig_3775	798253	798322	intergenic	.	contig_3775:798253-798322
contig_3775	828645	828805	gene,mRNA	.	contig_3775:828645-828805,contig_3775:828645-828805
contig_3775	1673739	1673839	gene,mRNA	.	contig_3775:1673739-1673839,contig_3775:1673739-1673839
contig_3775	1765463	1765737	intergenic	.	contig_3775:1765463-1765737
contig_3775	2286303	2286690	intergenic	.	contig_3775:2286303-2286690
contig_3775	2413709	2413866	intergenic	.	contig_3775:2413709-2413866
contig_3818	428104	428427	intergenic	.	contig_3818:428104-428427
contig_3818	471155	471213	intergenic	.	contig_3818:471155-471213
contig_3818	494899	495135	intergenic	.	contig_3818:494899-495135
contig_3818	495294	495808	intergenic	.	contig_3818:495294-495808
contig_3818	495944	496033	intergenic	.	contig_3818:495944-496033
contig_3818	818350	818389	intergenic	.	contig_3818:818350-818389
contig_3818	1183033	1183424	intergenic	.	contig_3818:1183033-1183424
contig_3818	1475674	1475930	gene,mRNA	.	contig_3818:1475674-1475930,contig_3818:1475674-1475930
contig_3818	1529446	1529656	intergenic	.	contig_3818:1529446-1529656
contig_3818	1554993	1555121	intergenic	.	contig_3818:1554993-1555121
contig_3818	1637261	1637411	intergenic	.	contig_3818:1637261-1637411
contig_3818	1659951	1660165	intergenic	.	contig_3818:1659951-1660165
contig_3818	2108352	2108533	intergenic	.	contig_3818:2108352-2108533
contig_3835	339876	340055	gene,mRNA	.	contig_3835:339876-340055,contig_3835:339876-340055
contig_3835	416127	416207	intergenic	.	contig_3835:416127-416207
contig_3835	815090	815185	intergenic	.	contig_3835:815090-815185
contig_3835	1156686	1156758	intergenic	.	contig_3835:1156686-1156758
contig_3835	2213794	2213894	gene,mRNA	.	contig_3835:2213794-2213894,contig_3835:2213794-2213894
contig_3835	2215423	2215623	gene,mRNA	.	contig_3835:2215423-2215623,contig_3835:2215423-2215623
contig_3835	2216123	2216223	gene,mRNA	.	contig_3835:2216123-2216223,contig_3835:2216123-2216223
contig_3835	2216423	2216523	gene,mRNA	.	contig_3835:2216423-2216523,contig_3835:2216423-2216523
contig_3835	2733493	2733664	intergenic	.	contig_3835:2733493-2733664
contig_3913	89142	89174	intergenic	.	contig_3913:89142-89174
contig_4049	159027	159182	intergenic	.	contig_4049:159027-159182
contig_4049	159506	159731	intergenic	.	contig_4049:159506-159731
contig_4049	332871	333116	intergenic	.	contig_4049:332871-333116
contig_4049	448177	448278	intergenic	.	contig_4049:448177-448278
contig_4049	448337	448410	intergenic	.	contig_4049:448337-448410
contig_4049	647674	647850	intergenic	.	contig_4049:647674-647850
contig_4049	1621870	1622008	gene,mRNA	.	contig_4049:1621870-1622008,contig_4049:1621870-1622008
contig_4049	2244466	2244602	intergenic	.	contig_4049:2244466-2244602
contig_4049	2290083	2290151	intergenic	.	contig_4049:2290083-2290151
contig_4049	2418918	2418979	intergenic	.	contig_4049:2418918-2418979
contig_4049	3381094	3381140	intergenic	.	contig_4049:3381094-3381140
contig_4049	3499201	3499303	intergenic	.	contig_4049:3499201-3499303
contig_4049	3499354	3499472	intergenic	.	contig_4049:3499354-3499472
contig_4049	3555788	3555821	intergenic	.	contig_4049:3555788-3555821
contig_4193_part1	32870	32973	intergenic	.	contig_4193_part1:32870-32973
contig_4193_part1	34288	34327	intergenic	.	contig_4193_part1:34288-34327
contig_4193_part2	28521	28626	intergenic	.	contig_4193_part2:28521-28626
contig_4193_part2	416102	416182	intergenic	.	contig_4193_part2:416102-416182
contig_4193_part2	417407	417476	intergenic	.	contig_4193_part2:417407-417476
contig_4193_part2	419573	419613	intergenic	.	contig_4193_part2:419573-419613
contig_4193_part2	1224044	1224481	intergenic	.	contig_4193_part2:1224044-1224481
contig_4193_part2	1751004	1751133	intergenic	.	contig_4193_part2:1751004-1751133
contig_4193_part2	2186242	2186397	intergenic	.	contig_4193_part2:2186242-2186397
contig_4193_part2	3490877	3490912	gene,mRNA	.	contig_4193_part2:3490877-3490912,contig_4193_part2:3490877-3490912
contig_4193_part2	3853093	3853369	intergenic	.	contig_4193_part2:3853093-3853369
contig_4193_part2	4297428	4297853	intergenic	.	contig_4193_part2:4297428-4297853
contig_4193_part2	4766137	4766180	gene,mRNA	.	contig_4193_part2:4766137-4766180,contig_4193_part2:4766137-4766180
contig_4193_part2	4882045	4882264	intergenic	.	contig_4193_part2:4882045-4882264
contig_4193_part2	5552551	5552803	intergenic	.	contig_4193_part2:5552551-5552803
contig_4234	768416	768562	intergenic	.	contig_4234:768416-768562
contig_4234	856945	857187	intergenic	.	contig_4234:856945-857187
contig_4234	932254	932444	intergenic	.	contig_4234:932254-932444
contig_4234	940887	941047	intergenic	.	contig_4234:940887-941047
contig_4234	974671	975396	intergenic	.	contig_4234:974671-975396
contig_4234	1054574	1054689	intergenic	.	contig_4234:1054574-1054689
contig_4234	1056559	1057013	intergenic	.	contig_4234:1056559-1057013
contig_4234	1156871	1156966	intergenic	.	contig_4234:1156871-1156966
contig_4234	1243748	1243885	gene,mRNA	.	contig_4234:1243748-1243885,contig_4234:1243748-1243885
contig_4234	1297551	1297641	intergenic	.	contig_4234:1297551-1297641
contig_4234	1297698	1297876	intergenic	.	contig_4234:1297698-1297876
contig_4234	1390994	1391244	intergenic	.	contig_4234:1390994-1391244
contig_4234	1392368	1392884	intergenic	.	contig_4234:1392368-1392884
contig_4234	1416072	1416159	intergenic	.	contig_4234:1416072-1416159
contig_4234	2101848	2101894	gene,mRNA	.	contig_4234:2101848-2101894,contig_4234:2101848-2101894
contig_4234	2102010	2102169	gene,mRNA	.	contig_4234:2102010-2102169,contig_4234:2102010-2102169
contig_4234	2401377	2401777	intergenic	.	contig_4234:2401377-2401777
contig_4234	2467456	2467585	intergenic	.	contig_4234:2467456-2467585
contig_4234	2976315	2976722	intergenic	.	contig_4234:2976315-2976722
contig_4234	2976985	2977161	intergenic	.	contig_4234:2976985-2977161
contig_4234	3186028	3186531	intergenic	.	contig_4234:3186028-3186531
contig_4234	3547367	3547446	intergenic	.	contig_4234:3547367-3547446
contig_4234	3607682	3607744	intergenic	.	contig_4234:3607682-3607744
contig_4234	3756959	3757039	gene,mRNA	.	contig_4234:3756959-3757039,contig_4234:3756959-3757039
contig_4234	3757096	3757447	gene,mRNA	.	contig_4234:3757096-3757447,contig_4234:3757096-3757447
contig_4234	3931776	3931853	intergenic	.	contig_4234:3931776-3931853
contig_4234	3992295	3992512	intergenic	.	contig_4234:3992295-3992512
contig_4234	4118794	4119005	gene,mRNA	.	contig_4234:4118794-4119005,contig_4234:4118794-4119005
contig_4234	4252120	4252245	gene,mRNA	.	contig_4234:4252120-4252245,contig_4234:4252120-4252245
contig_4234	4408324	4408459	intergenic	.	contig_4234:4408324-4408459
contig_4234	4924621	4924762	intergenic	.	contig_4234:4924621-4924762
contig_4234	5010778	5010889	intergenic	.	contig_4234:5010778-5010889
contig_4234	5627544	5627832	gene,mRNA	.	contig_4234:5627544-5627832,contig_4234:5627544-5627832
contig_4234	5628528	5628794	gene,mRNA	.	contig_4234:5628528-5628794,contig_4234:5628528-5628794
contig_4234	5677056	5677432	intergenic	.	contig_4234:5677056-5677432
contig_4234	5808863	5809112	intergenic	.	contig_4234:5808863-5809112
contig_4234	6355205	6355405	intergenic	.	contig_4234:6355205-6355405
contig_4234	6355502	6355765	intergenic	.	contig_4234:6355502-6355765
contig_4234	6449637	6449706	intergenic	.	contig_4234:6449637-6449706
contig_4246	863589	863689	intergenic	.	contig_4246:863589-863689
contig_4246	2762073	2762209	intergenic	.	contig_4246:2762073-2762209
contig_4246	2910882	2910986	intergenic	.	contig_4246:2910882-2910986
contig_4246	2994389	2994447	intergenic	.	contig_4246:2994389-2994447
contig_4246	3496377	3496505	gene,mRNA	.	contig_4246:3496377-3496505,contig_4246:3496377-3496505
contig_4246	3657929	3657964	intergenic	.	contig_4246:3657929-3657964
contig_4246	3699427	3699502	gene,mRNA	.	contig_4246:3699427-3699502,contig_4246:3699427-3699502
contig_4246	3947388	3947484	intergenic	.	contig_4246:3947388-3947484
contig_4246	4011820	4012134	intergenic	.	contig_4246:4011820-4012134
contig_4246	4157175	4157383	intergenic	.	contig_4246:4157175-4157383
contig_4246	4561580	4561798	intergenic	.	contig_4246:4561580-4561798
contig_4246	4923720	4923820	gene,mRNA	.	contig_4246:4923720-4923820,contig_4246:4923720-4923820
contig_4250	518801	519013	intergenic	.	contig_4250:518801-519013
contig_4250	587844	587910	intergenic	.	contig_4250:587844-587910
contig_4250	702281	702503	intergenic	.	contig_4250:702281-702503
contig_4250	1359375	1359773	intergenic	.	contig_4250:1359375-1359773
contig_4250	1415280	1415395	intergenic	.	contig_4250:1415280-1415395
contig_4250	1543564	1543669	intergenic	.	contig_4250:1543564-1543669
contig_4250	1621302	1621454	intergenic	.	contig_4250:1621302-1621454
contig_4250	1716630	1716792	intergenic	.	contig_4250:1716630-1716792
contig_4250	1800506	1800556	intergenic	.	contig_4250:1800506-1800556
contig_4250	1833301	1833599	exon,CDS,gene,mRNA	.	contig_4250:1833301-1833599,contig_4250:1833301-1833599,contig_4250:1833301-1833599,contig_4250:1833301-1833599
contig_4250	1903553	1903839	intergenic	.	contig_4250:1903553-1903839
contig_4250	1946972	1947064	intergenic	.	contig_4250:1946972-1947064
contig_4250	2047814	2047897	intergenic	.	contig_4250:2047814-2047897
contig_4250	2164881	2165006	intergenic	.	contig_4250:2164881-2165006
contig_4250	2492031	2492241	intergenic	.	contig_4250:2492031-2492241
contig_4250	2495956	2496134	intergenic	.	contig_4250:2495956-2496134
contig_4250	3058702	3058752	intergenic	.	contig_4250:3058702-3058752
contig_4250	3190361	3190531	intergenic	.	contig_4250:3190361-3190531
contig_4250	3208638	3208755	intergenic	.	contig_4250:3208638-3208755
contig_4250	3355791	3355885	intergenic	.	contig_4250:3355791-3355885
contig_4250	3456921	3456982	intergenic	.	contig_4250:3456921-3456982
contig_4255	100994	101236	intergenic	.	contig_4255:100994-101236
contig_4255	374414	374605	intergenic	.	contig_4255:374414-374605
contig_4255	496830	497020	gene,mRNA	.	contig_4255:496830-497020,contig_4255:496830-497020
contig_4255	646417	646577	intergenic	.	contig_4255:646417-646577
contig_4255	1252362	1252417	gene,mRNA	.	contig_4255:1252362-1252417,contig_4255:1252362-1252417
contig_4255	1292462	1292559	gene,mRNA	.	contig_4255:1292462-1292559,contig_4255:1292462-1292559
contig_4269	560473	560590	intergenic	.	contig_4269:560473-560590
contig_4269	560641	560747	intergenic	.	contig_4269:560641-560747
contig_4269	1051750	1051975	intergenic	.	contig_4269:1051750-1051975
contig_4269	1192294	1192410	gene,mRNA	.	contig_4269:1192294-1192410,contig_4269:1192294-1192410
contig_4269	1192461	1192589	gene,mRNA	.	contig_4269:1192461-1192589,contig_4269:1192461-1192589
contig_4269	2621968	2622065	intergenic	.	contig_4269:2621968-2622065
contig_4269	2815609	2815715	intergenic	.	contig_4269:2815609-2815715
contig_4269	3018722	3018890	intergenic	.	contig_4269:3018722-3018890
contig_4269	3224033	3224113	intergenic	.	contig_4269:3224033-3224113
contig_4269	3421685	3421721	intergenic	.	contig_4269:3421685-3421721
contig_4269	3421810	3421945	intergenic	.	contig_4269:3421810-3421945
contig_4269	3817182	3817329	intergenic	.	contig_4269:3817182-3817329
contig_4269	4397466	4397556	intergenic	.	contig_4269:4397466-4397556
contig_4269	5360477	5360707	intergenic	.	contig_4269:5360477-5360707
contig_4330	247227	247295	intergenic	.	contig_4330:247227-247295
contig_4330	499082	499192	intergenic	.	contig_4330:499082-499192
contig_4330	960229	960356	intergenic	.	contig_4330:960229-960356
contig_4330	964843	965016	intergenic	.	contig_4330:964843-965016
contig_4330	1311878	1312445	intergenic	.	contig_4330:1311878-1312445
contig_4330	1679013	1679081	intergenic	.	contig_4330:1679013-1679081
contig_4330	1890337	1890518	intergenic	.	contig_4330:1890337-1890518
contig_4330	2281005	2281121	intergenic	.	contig_4330:2281005-2281121
contig_4330	2283841	2283934	intergenic	.	contig_4330:2283841-2283934
contig_4330	2341834	2341935	intergenic	.	contig_4330:2341834-2341935
contig_4330	2595210	2595508	intergenic	.	contig_4330:2595210-2595508
contig_4330	3067656	3067691	intergenic	.	contig_4330:3067656-3067691
contig_4330	3086699	3086965	intergenic	.	contig_4330:3086699-3086965
contig_4330	3107205	3107475	intergenic	.	contig_4330:3107205-3107475
contig_4330	3587003	3587213	intergenic	.	contig_4330:3587003-3587213
contig_4330	3588389	3589156	intergenic	.	contig_4330:3588389-3589156
contig_4330	4415042	4415212	intergenic	.	contig_4330:4415042-4415212
contig_4330	4481557	4481622	intergenic	.	contig_4330:4481557-4481622
contig_4330	4586945	4587057	intergenic	.	contig_4330:4586945-4587057
contig_4330	4931659	4932125	intergenic	.	contig_4330:4931659-4932125
contig_4330	5208048	5208340	intergenic	.	contig_4330:5208048-5208340
contig_4330	5411303	5411462	gene,mRNA	.	contig_4330:5411303-5411462,contig_4330:5411303-5411462
contig_4330	5417056	5417150	gene,mRNA	.	contig_4330:5417056-5417150,contig_4330:5417056-5417150
contig_4330	6391794	6391853	gene,mRNA	.	contig_4330:6391794-6391853,contig_4330:6391794-6391853
contig_4330	7471136	7471340	intergenic	.	contig_4330:7471136-7471340
contig_4330	7559376	7559589	gene,mRNA	.	contig_4330:7559376-7559589,contig_4330:7559376-7559589
contig_4330	7674540	7674736	intergenic	.	contig_4330:7674540-7674736
contig_4330	7707413	7707557	intergenic	.	contig_4330:7707413-7707557
contig_435	1142799	1142897	gene,mRNA	.	contig_435:1142799-1142897,contig_435:1142799-1142897
contig_435	1363052	1363273	intergenic	.	contig_435:1363052-1363273
contig_435	1390244	1390283	intergenic	.	contig_435:1390244-1390283
contig_435	1696097	1696127	gene,mRNA	.	contig_435:1696097-1696127,contig_435:1696097-1696127
contig_435	2317741	2317780	intergenic	.	contig_435:2317741-2317780
contig_435	2869485	2869560	intergenic	.	contig_435:2869485-2869560
contig_435	3311498	3311590	intergenic	.	contig_435:3311498-3311590
contig_435	4251471	4251535	intergenic	.	contig_435:4251471-4251535
contig_435	4451685	4451715	intergenic	.	contig_435:4451685-4451715
contig_435	5477000	5477238	gene,mRNA	.	contig_435:5477000-5477238,contig_435:5477000-5477238
contig_435	5607411	5607601	intergenic	.	contig_435:5607411-5607601
contig_435	5684579	5684762	gene,mRNA	.	contig_435:5684579-5684762,contig_435:5684579-5684762
contig_435	10097365	10097496	intergenic	.	contig_435:10097365-10097496
contig_435	11281832	11282074	intergenic	.	contig_435:11281832-11282074
contig_435	11514221	11514536	intergenic	.	contig_435:11514221-11514536
contig_435	11648160	11648367	intergenic	.	contig_435:11648160-11648367
contig_435	12030809	12030859	intergenic	.	contig_435:12030809-12030859
contig_435	12745291	12745383	intergenic	.	contig_435:12745291-12745383
contig_435	13177611	13177689	intergenic	.	contig_435:13177611-13177689
contig_435	13682831	13682895	intergenic	.	contig_435:13682831-13682895
contig_435	15806604	15806832	gene,mRNA	.	contig_435:15806604-15806832,contig_435:15806604-15806832
contig_435	16814269	16814406	intergenic	.	contig_435:16814269-16814406
contig_435	17362807	17362839	gene,mRNA	.	contig_435:17362807-17362839,contig_435:17362807-17362839
contig_435	17563446	17563693	intergenic	.	contig_435:17563446-17563693
contig_435	18098023	18098216	intergenic	.	contig_435:18098023-18098216
contig_435	19697380	19697493	gene,mRNA	.	contig_435:19697380-19697493,contig_435:19697380-19697493
contig_435	22395012	22395183	intergenic	.	contig_435:22395012-22395183
contig_435	25194663	25194895	intergenic	.	contig_435:25194663-25194895
contig_435	27733884	27733971	gene,mRNA	.	contig_435:27733884-27733971,contig_435:27733884-27733971
contig_435	27983470	27983585	intergenic	.	contig_435:27983470-27983585
contig_435	30039774	30039889	intergenic	.	contig_435:30039774-30039889
contig_4388	1795990	1796044	intergenic	.	contig_4388:1795990-1796044
contig_4391	2177543	2177604	intergenic	.	contig_4391:2177543-2177604
contig_4391	2268662	2268812	gene,mRNA	.	contig_4391:2268662-2268812,contig_4391:2268662-2268812
contig_4397	111262	111484	intergenic	.	contig_4397:111262-111484
contig_4400	57079	57134	intergenic	.	contig_4400:57079-57134
contig_4400	514525	514643	gene,mRNA	.	contig_4400:514525-514643,contig_4400:514525-514643
contig_4400	667537	667616	gene,mRNA	.	contig_4400:667537-667616,contig_4400:667537-667616
contig_4400	710023	710369	gene,mRNA	.	contig_4400:710023-710369,contig_4400:710023-710369
contig_4400	1248919	1249146	intergenic	.	contig_4400:1248919-1249146
contig_4400	2532730	2533107	intergenic	.	contig_4400:2532730-2533107
contig_4400	2605505	2605732	intergenic	.	contig_4400:2605505-2605732
contig_4400	2659379	2659580	intergenic	.	contig_4400:2659379-2659580
contig_4400	2680318	2680462	intergenic	.	contig_4400:2680318-2680462
contig_4400	2975166	2975342	intergenic	.	contig_4400:2975166-2975342
contig_442	240868	240909	gene	.	contig_442:240868-240909
contig_442	908770	908849	gene,mRNA	.	contig_442:908770-908849,contig_442:908770-908849
contig_442	1067579	1067881	intergenic	.	contig_442:1067579-1067881
contig_442	1579577	1579751	gene,mRNA	.	contig_442:1579577-1579751,contig_442:1579577-1579751
contig_442	2273479	2273785	gene,mRNA	.	contig_442:2273479-2273785,contig_442:2273479-2273785
contig_442	2772951	2772991	intergenic	.	contig_442:2772951-2772991
contig_442	3089303	3089485	gene,mRNA	.	contig_442:3089303-3089485,contig_442:3089303-3089485
contig_4463	10836	11201	gene,mRNA	.	contig_4463:10836-11201,contig_4463:10836-11201
contig_4463	457054	457182	intergenic	.	contig_4463:457054-457182
contig_4463	524483	524713	intergenic	.	contig_4463:524483-524713
contig_4463	735897	736092	intergenic	.	contig_4463:735897-736092
contig_4463	810011	810105	gene,mRNA	.	contig_4463:810011-810105,contig_4463:810011-810105
contig_4463	1092573	1092646	intergenic	.	contig_4463:1092573-1092646
contig_4463	1584406	1584658	intergenic	.	contig_4463:1584406-1584658
contig_4463	2494228	2494293	gene,mRNA	.	contig_4463:2494228-2494293,contig_4463:2494228-2494293
contig_4463	2806535	2806715	intergenic	.	contig_4463:2806535-2806715
contig_4463	3766400	3766614	intergenic	.	contig_4463:3766400-3766614
contig_4468	206030	206306	intergenic	.	contig_4468:206030-206306
contig_4468	1071465	1071498	intergenic	.	contig_4468:1071465-1071498
contig_4512	442541	442738	gene,mRNA	.	contig_4512:442541-442738,contig_4512:442541-442738
contig_4512	444453	444529	gene,mRNA	.	contig_4512:444453-444529,contig_4512:444453-444529
contig_4512	601159	601473	intergenic	.	contig_4512:601159-601473
contig_4563	811262	811429	intergenic	.	contig_4563:811262-811429
contig_4563	837474	837538	gene,mRNA	.	contig_4563:837474-837538,contig_4563:837474-837538
contig_4563	1064082	1064211	intergenic	.	contig_4563:1064082-1064211
contig_4563	1419819	1419888	intergenic	.	contig_4563:1419819-1419888
contig_4563	2160863	2160965	gene,mRNA	.	contig_4563:2160863-2160965,contig_4563:2160863-2160965
contig_4594	558059	558233	gene,mRNA	.	contig_4594:558059-558233,contig_4594:558059-558233
contig_4594	1212900	1212989	gene,mRNA	.	contig_4594:1212900-1212989,contig_4594:1212900-1212989
contig_4594	2249943	2250172	gene,mRNA	.	contig_4594:2249943-2250172,contig_4594:2249943-2250172
contig_4594	2583424	2583572	intergenic	.	contig_4594:2583424-2583572
contig_4594	2764994	2765120	intergenic	.	contig_4594:2764994-2765120
contig_4594	3057712	3057781	intergenic	.	contig_4594:3057712-3057781
contig_4594	3591776	3591826	gene,mRNA	.	contig_4594:3591776-3591826,contig_4594:3591776-3591826
contig_4594	3718765	3718951	intergenic	.	contig_4594:3718765-3718951
contig_4594	4021999	4022049	intergenic	.	contig_4594:4021999-4022049
contig_4594	4032543	4032662	intergenic	.	contig_4594:4032543-4032662
contig_4594	4251403	4251828	gene,mRNA	.	contig_4594:4251403-4251828,contig_4594:4251403-4251828
contig_4594	4772939	4772990	intergenic	.	contig_4594:4772939-4772990
contig_4594	4827202	4827422	gene,mRNA	.	contig_4594:4827202-4827422,contig_4594:4827202-4827422
contig_4594	5325893	5326122	intergenic	.	contig_4594:5325893-5326122
contig_4594	5391302	5391407	intergenic	.	contig_4594:5391302-5391407
contig_4598	106425	106830	gene,mRNA	.	contig_4598:106425-106830,contig_4598:106425-106830
contig_4632	3746881	3746911	intergenic	.	contig_4632:3746881-3746911
contig_4632	4421910	4421981	intergenic	.	contig_4632:4421910-4421981
contig_4632	6164647	6164843	intergenic	.	contig_4632:6164647-6164843
contig_4632	6734452	6734761	intergenic	.	contig_4632:6734452-6734761
contig_4632	7119228	7119288	gene,mRNA	.	contig_4632:7119228-7119288,contig_4632:7119228-7119288
contig_4632	8083655	8083728	intergenic	.	contig_4632:8083655-8083728
contig_4632	8356544	8357015	intergenic	.	contig_4632:8356544-8357015
contig_4632	8467579	8467730	intergenic	.	contig_4632:8467579-8467730
contig_4632	10527101	10527195	intergenic	.	contig_4632:10527101-10527195
contig_4632	14063986	14064183	intergenic	.	contig_4632:14063986-14064183
contig_4632	14156976	14157034	intergenic	.	contig_4632:14156976-14157034
contig_4632	15383125	15383361	intergenic	.	contig_4632:15383125-15383361
contig_4632	15446568	15446611	gene,mRNA	.	contig_4632:15446568-15446611,contig_4632:15446568-15446611
contig_4632	17370831	17371013	gene,mRNA	.	contig_4632:17370831-17371013,contig_4632:17370831-17371013
contig_4632	17515084	17515202	intergenic	.	contig_4632:17515084-17515202
contig_4632	18519208	18519646	gene,mRNA	.	contig_4632:18519208-18519646,contig_4632:18519208-18519646
contig_4632	19154078	19154320	gene,mRNA	.	contig_4632:19154078-19154320,contig_4632:19154078-19154320
contig_4632	19314613	19314821	stop_codon,exon,CDS,gene,mRNA	.	contig_4632:19314613-19314821,contig_4632:19314613-19314821,contig_4632:19314613-19314821,contig_4632:19314613-19314821,contig_4632:19314613-19314821
contig_4632	19315021	19315121	exon,CDS,gene,mRNA	.	contig_4632:19315021-19315121,contig_4632:19315021-19315121,contig_4632:19315021-19315121,contig_4632:19315021-19315121
contig_4632	19315362	19315462	exon,CDS,gene,mRNA	.	contig_4632:19315362-19315462,contig_4632:19315362-19315462,contig_4632:19315362-19315462,contig_4632:19315362-19315462
contig_4632	19316572	19316772	start_codon,gene,mRNA,exon,CDS	.	contig_4632:19316572-19316772,contig_4632:19316572-19316772,contig_4632:19316572-19316772,contig_4632:19316572-19316772,contig_4632:19316572-19316772
contig_4632	20332044	20332136	gene,mRNA	.	contig_4632:20332044-20332136,contig_4632:20332044-20332136
contig_4632	20715799	20715849	intergenic	.	contig_4632:20715799-20715849
contig_4632	21584762	21584846	intergenic	.	contig_4632:21584762-21584846
contig_4632	22418024	22418090	intergenic	.	contig_4632:22418024-22418090
contig_4632	22437933	22438078	intergenic	.	contig_4632:22437933-22438078
contig_4632	24249966	24250009	intergenic	.	contig_4632:24249966-24250009
contig_4632	24256621	24256824	intergenic	.	contig_4632:24256621-24256824
contig_4632	24694843	24694952	intergenic	.	contig_4632:24694843-24694952
contig_4644	322765	322885	intergenic	.	contig_4644:322765-322885
contig_4644	798324	798382	intergenic	.	contig_4644:798324-798382
contig_4644	966599	966643	intergenic	.	contig_4644:966599-966643
contig_4644	1269564	1269633	intergenic	.	contig_4644:1269564-1269633
contig_4692	229262	229377	intergenic	.	contig_4692:229262-229377
contig_4692	1654758	1654817	intergenic	.	contig_4692:1654758-1654817
contig_4692	1887672	1887851	intergenic	.	contig_4692:1887672-1887851
contig_4692	2537133	2537205	gene,mRNA	.	contig_4692:2537133-2537205,contig_4692:2537133-2537205
contig_4695	623647	623829	intergenic	.	contig_4695:623647-623829
contig_4695	937143	937268	intergenic	.	contig_4695:937143-937268
contig_4695	1089637	1089692	intergenic	.	contig_4695:1089637-1089692
contig_4695	1182597	1182739	intergenic	.	contig_4695:1182597-1182739
contig_4695	1255751	1255847	intergenic	.	contig_4695:1255751-1255847
contig_4695	1264363	1264540	intergenic	.	contig_4695:1264363-1264540
contig_4695	1330103	1330236	intergenic	.	contig_4695:1330103-1330236
contig_4695	1399393	1399703	gene,mRNA	.	contig_4695:1399393-1399703,contig_4695:1399393-1399703
contig_4695	1504399	1504509	intergenic	.	contig_4695:1504399-1504509
contig_4695	1507467	1507632	intergenic	.	contig_4695:1507467-1507632
contig_4713	63881	63936	gene,mRNA	.	contig_4713:63881-63936,contig_4713:63881-63936
contig_4713	370908	370994	gene,mRNA,gene,mRNA	.	contig_4713:370908-370994,contig_4713:370908-370994,contig_4713:370908-370994,contig_4713:370908-370994
contig_4713	2980783	2981477	intergenic	.	contig_4713:2980783-2981477
contig_4738	1188448	1188749	intergenic	.	contig_4738:1188448-1188749
contig_4738	1211980	1212045	gene,mRNA	.	contig_4738:1211980-1212045,contig_4738:1211980-1212045
contig_4738	1403458	1403577	intergenic	.	contig_4738:1403458-1403577
contig_4738	1578277	1578338	intergenic	.	contig_4738:1578277-1578338
contig_4738	2086022	2086087	intergenic	.	contig_4738:2086022-2086087
contig_4738	2574557	2574773	gene,mRNA	.	contig_4738:2574557-2574773,contig_4738:2574557-2574773
contig_4738	3250245	3250466	gene,mRNA	.	contig_4738:3250245-3250466,contig_4738:3250245-3250466
contig_4738	3614569	3615027	intergenic	.	contig_4738:3614569-3615027
contig_4738	3720079	3720219	intergenic	.	contig_4738:3720079-3720219
contig_4738	3868048	3868103	intergenic	.	contig_4738:3868048-3868103
contig_4738	4082545	4082735	intergenic	.	contig_4738:4082545-4082735
contig_4738	4561708	4561793	gene,mRNA	.	contig_4738:4561708-4561793,contig_4738:4561708-4561793
contig_4738	4982747	4982824	intergenic	.	contig_4738:4982747-4982824
contig_4738	5077494	5077551	intergenic	.	contig_4738:5077494-5077551
contig_4738	5236005	5236075	intergenic	.	contig_4738:5236005-5236075
contig_4738	5236186	5236344	intergenic	.	contig_4738:5236186-5236344
contig_4738	5507938	5508151	intergenic	.	contig_4738:5507938-5508151
contig_4738	5536662	5536763	intergenic	.	contig_4738:5536662-5536763
contig_4738	5568096	5568274	intergenic	.	contig_4738:5568096-5568274
contig_4738	5630127	5630229	gene,mRNA	.	contig_4738:5630127-5630229,contig_4738:5630127-5630229
contig_4738	6045269	6045510	intergenic	.	contig_4738:6045269-6045510
contig_4738	6102819	6102889	intergenic	.	contig_4738:6102819-6102889
contig_4738	6146027	6146083	intergenic	.	contig_4738:6146027-6146083
contig_4738	6274815	6274892	intergenic	.	contig_4738:6274815-6274892
contig_4738	6453509	6453555	intergenic	.	contig_4738:6453509-6453555
contig_4738	6626632	6626736	intergenic	.	contig_4738:6626632-6626736
contig_4793	943615	943880	intergenic	.	contig_4793:943615-943880
contig_4793	1854906	1855029	gene,mRNA	.	contig_4793:1854906-1855029,contig_4793:1854906-1855029
contig_4793	2300660	2300828	intergenic	.	contig_4793:2300660-2300828
contig_4793	2702894	2702975	intergenic	.	contig_4793:2702894-2702975
contig_4793	2852422	2852607	intergenic	.	contig_4793:2852422-2852607
contig_4793	2920759	2920900	intergenic	.	contig_4793:2920759-2920900
contig_4793	3813727	3813799	gene,mRNA	.	contig_4793:3813727-3813799,contig_4793:3813727-3813799
contig_4793	3921458	3921564	intergenic	.	contig_4793:3921458-3921564
contig_4793	4116249	4116495	intergenic	.	contig_4793:4116249-4116495
contig_4793	4641026	4641250	gene,mRNA	.	contig_4793:4641026-4641250,contig_4793:4641026-4641250
contig_4793	4768090	4768268	intergenic	.	contig_4793:4768090-4768268
contig_4793	5114976	5115152	intergenic	.	contig_4793:5114976-5115152
contig_4795	151862	151940	intergenic	.	contig_4795:151862-151940
contig_4795	290272	290583	intergenic	.	contig_4795:290272-290583
contig_4795	808041	808071	intergenic	.	contig_4795:808041-808071
contig_4795	1767392	1767447	gene,mRNA,exon,CDS,stop_codon,polyA_signal_sequence	.	contig_4795:1767392-1767447,contig_4795:1767392-1767447,contig_4795:1767392-1767447,contig_4795:1767392-1767447,contig_4795:1767392-1767447,contig_4795:1767392-1767447
contig_4795	1767417	1767447	intergenic	.	contig_4795:1767417-1767447
contig_4795	1767754	1767893	intergenic	.	contig_4795:1767754-1767893
contig_4795	1790209	1790326	intergenic	.	contig_4795:1790209-1790326
contig_4795	1790469	1790544	intergenic	.	contig_4795:1790469-1790544
contig_4817	984318	984419	intergenic	.	contig_4817:984318-984419
contig_4817	1635821	1635922	gene,mRNA	.	contig_4817:1635821-1635922,contig_4817:1635821-1635922
contig_4817	1942347	1942488	intergenic	.	contig_4817:1942347-1942488
contig_4817	2165094	2165250	intergenic	.	contig_4817:2165094-2165250
contig_4817	2936023	2936365	intergenic	.	contig_4817:2936023-2936365
contig_4817	2943665	2943812	intergenic	.	contig_4817:2943665-2943812
contig_4817	3042766	3042843	intergenic	.	contig_4817:3042766-3042843
contig_4817	3244477	3244536	intergenic	.	contig_4817:3244477-3244536
contig_4817	3409605	3409762	intergenic	.	contig_4817:3409605-3409762
contig_4817	3803905	3804016	intergenic	.	contig_4817:3803905-3804016
contig_4817	3890955	3891030	intergenic	.	contig_4817:3890955-3891030
contig_4817	3999899	3999970	intergenic	.	contig_4817:3999899-3999970
contig_4845	150263	150334	intergenic	.	contig_4845:150263-150334
contig_4845	270046	270313	intergenic	.	contig_4845:270046-270313
contig_4845	571290	571343	intergenic	.	contig_4845:571290-571343
contig_4845	828270	828435	intergenic	.	contig_4845:828270-828435
contig_4845	1186767	1186820	gene,mRNA	.	contig_4845:1186767-1186820,contig_4845:1186767-1186820
contig_4845	3076791	3076904	gene,mRNA	.	contig_4845:3076791-3076904,contig_4845:3076791-3076904
contig_4845	4771990	4772115	intergenic	.	contig_4845:4771990-4772115
contig_4845	6157308	6157484	intergenic	.	contig_4845:6157308-6157484
contig_4845	6511958	6512211	gene,mRNA	.	contig_4845:6511958-6512211,contig_4845:6511958-6512211
contig_4845	6513748	6513844	gene,mRNA	.	contig_4845:6513748-6513844,contig_4845:6513748-6513844
contig_4845	6612301	6612473	intergenic	.	contig_4845:6612301-6612473
contig_4845	6854348	6854662	intergenic	.	contig_4845:6854348-6854662
contig_4845	7103429	7103526	intergenic	.	contig_4845:7103429-7103526
contig_4845	7107399	7107444	intergenic	.	contig_4845:7107399-7107444
contig_4845	7250363	7250424	intergenic	.	contig_4845:7250363-7250424
contig_4845	7252153	7252310	intergenic	.	contig_4845:7252153-7252310
contig_4845	7284087	7285120	intergenic	.	contig_4845:7284087-7285120
contig_4845	7303829	7304022	intergenic	.	contig_4845:7303829-7304022
contig_4845	7632168	7632276	intergenic	.	contig_4845:7632168-7632276
contig_4845	7829156	7829229	gene,mRNA	.	contig_4845:7829156-7829229,contig_4845:7829156-7829229
contig_4845	7875419	7875501	intergenic	.	contig_4845:7875419-7875501
contig_4845	7947566	7947778	intergenic	.	contig_4845:7947566-7947778
contig_4845	8443975	8444162	intergenic	.	contig_4845:8443975-8444162
contig_4845	8553284	8553582	intergenic	.	contig_4845:8553284-8553582
contig_4845	9413425	9414074	gene,mRNA	.	contig_4845:9413425-9414074,contig_4845:9413425-9414074
contig_4845	9494779	9494914	intergenic	.	contig_4845:9494779-9494914
contig_4845	9556663	9556728	intergenic	.	contig_4845:9556663-9556728
contig_4845	9841502	9842020	intergenic	.	contig_4845:9841502-9842020
contig_4845	10093439	10093635	gene,mRNA	.	contig_4845:10093439-10093635,contig_4845:10093439-10093635
contig_4845	10189487	10189737	exon,CDS,stop_codon,gene,mRNA	.	contig_4845:10189487-10189737,contig_4845:10189487-10189737,contig_4845:10189487-10189737,contig_4845:10189487-10189737,contig_4845:10189487-10189737
contig_4845	10943001	10943116	intergenic	.	contig_4845:10943001-10943116
contig_4845	10992724	10993042	intergenic	.	contig_4845:10992724-10993042
contig_4845	11058806	11058873	intergenic	.	contig_4845:11058806-11058873
contig_4845	11117597	11117720	intergenic	.	contig_4845:11117597-11117720
contig_4845	11379036	11379251	intergenic	.	contig_4845:11379036-11379251
contig_4845	11388227	11388432	intergenic	.	contig_4845:11388227-11388432
contig_4845	11572949	11573014	intergenic	.	contig_4845:11572949-11573014
contig_4845	11681035	11681172	intergenic	.	contig_4845:11681035-11681172
contig_4845	11681272	11681319	intergenic	.	contig_4845:11681272-11681319
contig_4845	11797668	11797742	intergenic	.	contig_4845:11797668-11797742
contig_4845	11908314	11908438	intergenic	.	contig_4845:11908314-11908438
contig_4845	12439553	12439967	intergenic	.	contig_4845:12439553-12439967
contig_4845	12573953	12574024	intergenic	.	contig_4845:12573953-12574024
contig_4845	13080762	13080997	intergenic	.	contig_4845:13080762-13080997
contig_4845	13126482	13126582	gene,mRNA,exon,CDS	.	contig_4845:13126482-13126582,contig_4845:13126482-13126582,contig_4845:13126482-13126582,contig_4845:13126482-13126582
contig_4845	13128807	13128877	intergenic	.	contig_4845:13128807-13128877
contig_4845	13128937	13129037	intergenic	.	contig_4845:13128937-13129037
contig_4845	13184274	13184659	intergenic	.	contig_4845:13184274-13184659
contig_4845	13545840	13546158	intergenic	.	contig_4845:13545840-13546158
contig_4845	13722386	13722856	intergenic	.	contig_4845:13722386-13722856
contig_4845	13864999	13865500	exon,CDS,stop_codon,polyA_signal_sequence,gene,mRNA	.	contig_4845:13864999-13865500,contig_4845:13864999-13865500,contig_4845:13864999-13865500,contig_4845:13864999-13865500,contig_4845:13864999-13865500,contig_4845:13864999-13865500
contig_4845	13865448	13865500	intergenic	.	contig_4845:13865448-13865500
contig_4845	14124326	14124494	intergenic	.	contig_4845:14124326-14124494
contig_4845	14218007	14218085	intergenic	.	contig_4845:14218007-14218085
contig_4845	14218143	14218296	intergenic	.	contig_4845:14218143-14218296
contig_4845	14323920	14324049	intergenic	.	contig_4845:14323920-14324049
contig_4845	14477319	14477693	intergenic	.	contig_4845:14477319-14477693
contig_4845	14529622	14529719	intergenic	.	contig_4845:14529622-14529719
contig_4845	14529794	14529885	intergenic	.	contig_4845:14529794-14529885
contig_4845	14978167	14978198	intergenic	.	contig_4845:14978167-14978198
contig_4845	15067620	15067664	intergenic	.	contig_4845:15067620-15067664
contig_4845	15107020	15107239	intergenic	.	contig_4845:15107020-15107239
contig_4845	15267562	15267777	intergenic	.	contig_4845:15267562-15267777
contig_4845	15701757	15701930	intergenic	.	contig_4845:15701757-15701930
contig_4845	15713609	15713679	intergenic	.	contig_4845:15713609-15713679
contig_4845	16040744	16040872	gene,mRNA	.	contig_4845:16040744-16040872,contig_4845:16040744-16040872
contig_4845	17110526	17110658	intergenic	.	contig_4845:17110526-17110658
contig_4845	17150679	17150824	intergenic	.	contig_4845:17150679-17150824
contig_4845	18634528	18634582	intergenic	.	contig_4845:18634528-18634582
contig_4845	18678789	18678901	intergenic	.	contig_4845:18678789-18678901
contig_4845	19317948	19318003	intergenic	.	contig_4845:19317948-19318003
contig_4845	19807145	19807306	gene,mRNA	.	contig_4845:19807145-19807306,contig_4845:19807145-19807306
contig_4845	20083101	20083340	intergenic	.	contig_4845:20083101-20083340
contig_4845	20132511	20132636	intergenic	.	contig_4845:20132511-20132636
contig_4863	872742	872945	intergenic	.	contig_4863:872742-872945
contig_4863	883515	883695	intergenic	.	contig_4863:883515-883695
contig_4863	1592880	1593145	intergenic	.	contig_4863:1592880-1593145
contig_4863	1666417	1666643	intergenic	.	contig_4863:1666417-1666643
contig_4863	1828774	1828842	intergenic	.	contig_4863:1828774-1828842
contig_4863	3664415	3664634	gene,mRNA	.	contig_4863:3664415-3664634,contig_4863:3664415-3664634
contig_4863	3819736	3819847	intergenic	.	contig_4863:3819736-3819847
contig_4863	3885222	3885466	gene,mRNA,exon,CDS	.	contig_4863:3885222-3885466,contig_4863:3885222-3885466,contig_4863:3885222-3885466,contig_4863:3885222-3885466
contig_4863	4134958	4135350	intergenic	.	contig_4863:4134958-4135350
contig_4863	4135403	4135622	intergenic	.	contig_4863:4135403-4135622
contig_4863	4140869	4140929	intergenic	.	contig_4863:4140869-4140929
contig_4863	4426362	4426596	intergenic	.	contig_4863:4426362-4426596
contig_4872	899524	899662	intergenic	.	contig_4872:899524-899662
contig_4872	1783835	1783905	intergenic	.	contig_4872:1783835-1783905
contig_4872	2194801	2194958	intergenic	.	contig_4872:2194801-2194958
contig_4878	355152	355278	intergenic	.	contig_4878:355152-355278
contig_4878	2053885	2053947	intergenic	.	contig_4878:2053885-2053947
contig_4878	2261423	2261574	intergenic	.	contig_4878:2261423-2261574
contig_4878	2262261	2262407	intergenic	.	contig_4878:2262261-2262407
contig_4878	2535548	2535609	intergenic	.	contig_4878:2535548-2535609
contig_4878	2567688	2567723	intergenic	.	contig_4878:2567688-2567723
contig_4878	2963234	2963355	intergenic	.	contig_4878:2963234-2963355
contig_4878	3015196	3015333	gene,mRNA	.	contig_4878:3015196-3015333,contig_4878:3015196-3015333
contig_4878	3412366	3412457	intergenic	.	contig_4878:3412366-3412457
contig_4878	3607626	3607673	gene,mRNA,exon,CDS	.	contig_4878:3607626-3607673,contig_4878:3607626-3607673,contig_4878:3607626-3607673,contig_4878:3607626-3607673
contig_4878	4737814	4737935	intergenic	.	contig_4878:4737814-4737935
contig_4878	5135180	5135477	intergenic	.	contig_4878:5135180-5135477
contig_4878	5403042	5403101	intergenic	.	contig_4878:5403042-5403101
contig_4878	5599942	5600077	intergenic	.	contig_4878:5599942-5600077
contig_4878	5600140	5600238	intergenic	.	contig_4878:5600140-5600238
contig_4878	5677999	5678039	intergenic	.	contig_4878:5677999-5678039
contig_4878	5783122	5783405	intergenic	.	contig_4878:5783122-5783405
contig_4878	5949683	5949890	intergenic	.	contig_4878:5949683-5949890
contig_4878	6412476	6412558	intergenic	.	contig_4878:6412476-6412558
contig_4878	7342803	7343031	intergenic	.	contig_4878:7342803-7343031
contig_4878	7554390	7554493	intergenic	.	contig_4878:7554390-7554493
contig_4878	8086421	8086495	intergenic	.	contig_4878:8086421-8086495
contig_4878	8467967	8468416	intergenic	.	contig_4878:8467967-8468416
contig_4878	8540486	8540715	intergenic	.	contig_4878:8540486-8540715
contig_4878	8938982	8939088	intergenic	.	contig_4878:8938982-8939088
contig_4878	8939152	8939357	intergenic	.	contig_4878:8939152-8939357
contig_4878	9124554	9124961	intergenic	.	contig_4878:9124554-9124961
contig_4878	9252508	9252702	intergenic	.	contig_4878:9252508-9252702
contig_4878	9548391	9548457	intergenic	.	contig_4878:9548391-9548457
contig_4878	9612225	9612467	gene,mRNA	.	contig_4878:9612225-9612467,contig_4878:9612225-9612467
contig_4878	9630552	9630642	gene,mRNA,exon,CDS,gene,mRNA	.	contig_4878:9630552-9630642,contig_4878:9630552-9630642,contig_4878:9630552-9630642,contig_4878:9630552-9630642,contig_4878:9630552-9630642,contig_4878:9630552-9630642
contig_4878	9723973	9724228	intergenic	.	contig_4878:9723973-9724228
contig_4878	9762387	9762572	gene,mRNA	.	contig_4878:9762387-9762572,contig_4878:9762387-9762572
contig_4878	9912835	9913039	intergenic	.	contig_4878:9912835-9913039
contig_4878	9965108	9965241	intergenic	.	contig_4878:9965108-9965241
contig_4878	10607576	10607817	gene,mRNA	.	contig_4878:10607576-10607817,contig_4878:10607576-10607817
contig_4878	11282901	11283046	gene,mRNA	.	contig_4878:11282901-11283046,contig_4878:11282901-11283046
contig_4878	11283317	11283365	gene,mRNA	.	contig_4878:11283317-11283365,contig_4878:11283317-11283365
contig_4878	12039059	12039131	gene,mRNA	.	contig_4878:12039059-12039131,contig_4878:12039059-12039131
contig_4878	12045145	12045255	intergenic	.	contig_4878:12045145-12045255
contig_4878	12336261	12336362	gene,mRNA	.	contig_4878:12336261-12336362,contig_4878:12336261-12336362
contig_4878	13295862	13295977	intergenic	.	contig_4878:13295862-13295977
contig_4878	13813086	13813405	intergenic	.	contig_4878:13813086-13813405
contig_4878	13820353	13820498	intergenic	.	contig_4878:13820353-13820498
contig_4878	14763819	14764183	intergenic	.	contig_4878:14763819-14764183
contig_4878	15236712	15237001	intergenic	.	contig_4878:15236712-15237001
contig_4878	15456404	15456621	intergenic	.	contig_4878:15456404-15456621
contig_4878	16701526	16701683	gene,mRNA	.	contig_4878:16701526-16701683,contig_4878:16701526-16701683
contig_4878	16797366	16797595	intergenic	.	contig_4878:16797366-16797595
contig_4878	16849696	16849858	intergenic	.	contig_4878:16849696-16849858
contig_4878	17004706	17004963	intergenic	.	contig_4878:17004706-17004963
contig_4878	17163967	17164142	intergenic	.	contig_4878:17163967-17164142
contig_4878	17388996	17389403	intergenic	.	contig_4878:17388996-17389403
contig_4878	17401853	17401941	intergenic	.	contig_4878:17401853-17401941
contig_4878	17539844	17539929	intergenic	.	contig_4878:17539844-17539929
contig_4878	17545921	17546171	intergenic	.	contig_4878:17545921-17546171
contig_4878	17671378	17671694	intergenic	.	contig_4878:17671378-17671694
contig_4878	17936185	17936541	gene,mRNA	.	contig_4878:17936185-17936541,contig_4878:17936185-17936541
contig_4878	18153879	18153937	intergenic	.	contig_4878:18153879-18153937
contig_4878	18544348	18544432	intergenic	.	contig_4878:18544348-18544432
contig_4878	18809840	18809925	gene,mRNA	.	contig_4878:18809840-18809925,contig_4878:18809840-18809925
contig_4878	18948500	18948726	intergenic	.	contig_4878:18948500-18948726
contig_4878	18970246	18970283	intergenic	.	contig_4878:18970246-18970283
contig_4878	18985150	18985219	intergenic	.	contig_4878:18985150-18985219
contig_4878	19312363	19312587	gene,polyA_signal_sequence	.	contig_4878:19312363-19312587,contig_4878:19312363-19312587
contig_4878	19312432	19312587	intergenic	.	contig_4878:19312432-19312587
contig_4878	19312936	19313031	intergenic	.	contig_4878:19312936-19313031
contig_4878	19399592	19399725	intergenic	.	contig_4878:19399592-19399725
contig_4878	19726393	19726590	intergenic	.	contig_4878:19726393-19726590
contig_4883	104189	104329	intergenic	.	contig_4883:104189-104329
contig_4883	143139	143542	intergenic	.	contig_4883:143139-143542
contig_4883	288302	288593	intergenic	.	contig_4883:288302-288593
contig_4883	377501	377616	intergenic	.	contig_4883:377501-377616
contig_4883	454809	454965	gene,mRNA	.	contig_4883:454809-454965,contig_4883:454809-454965
contig_4883	455276	455361	gene,mRNA	.	contig_4883:455276-455361,contig_4883:455276-455361
contig_4883	687600	687815	intergenic	.	contig_4883:687600-687815
contig_4883	742186	742306	intergenic	.	contig_4883:742186-742306
contig_4883	836642	836823	gene	.	contig_4883:836642-836823
contig_4883	960420	960604	gene,mRNA	.	contig_4883:960420-960604,contig_4883:960420-960604
contig_4883	1015730	1016127	intergenic	.	contig_4883:1015730-1016127
contig_4883	1016523	1016716	intergenic	.	contig_4883:1016523-1016716
contig_4883	1118919	1119137	intergenic	.	contig_4883:1118919-1119137
contig_4883	1330477	1330815	intergenic	.	contig_4883:1330477-1330815
contig_4883	1740791	1740924	gene,mRNA	.	contig_4883:1740791-1740924,contig_4883:1740791-1740924
contig_4883	1814006	1814219	intergenic	.	contig_4883:1814006-1814219
contig_4883	2053510	2053581	intergenic	.	contig_4883:2053510-2053581
contig_4883	2218539	2218840	intergenic	.	contig_4883:2218539-2218840
contig_4883	2243665	2244016	intergenic	.	contig_4883:2243665-2244016
contig_4883	2394063	2394301	gene,mRNA	.	contig_4883:2394063-2394301,contig_4883:2394063-2394301
contig_4883	2510476	2510779	intergenic	.	contig_4883:2510476-2510779
contig_4883	2668885	2669137	gene,mRNA	.	contig_4883:2668885-2669137,contig_4883:2668885-2669137
contig_4883	2685219	2685336	intergenic	.	contig_4883:2685219-2685336
contig_4883	2811537	2811678	gene,mRNA	.	contig_4883:2811537-2811678,contig_4883:2811537-2811678
contig_4883	3090255	3090320	intergenic	.	contig_4883:3090255-3090320
contig_4883	3141584	3141796	intergenic	.	contig_4883:3141584-3141796
contig_4883	3207479	3207616	intergenic	.	contig_4883:3207479-3207616
contig_4883	3341548	3341652	gene,mRNA	.	contig_4883:3341548-3341652,contig_4883:3341548-3341652
contig_4883	3396723	3396926	gene,mRNA	.	contig_4883:3396723-3396926,contig_4883:3396723-3396926
contig_4883	3400149	3400212	intergenic	.	contig_4883:3400149-3400212
contig_4883	3468730	3468777	intergenic	.	contig_4883:3468730-3468777
contig_4883	3496965	3497072	intergenic	.	contig_4883:3496965-3497072
contig_4883	3510753	3511012	intergenic	.	contig_4883:3510753-3511012
contig_4883	3566240	3566624	intergenic	.	contig_4883:3566240-3566624
contig_4883	3567016	3567146	intergenic	.	contig_4883:3567016-3567146
contig_4883	3638421	3638790	intergenic	.	contig_4883:3638421-3638790
contig_4883	3758710	3759000	intergenic	.	contig_4883:3758710-3759000
contig_4883	3759061	3759271	intergenic	.	contig_4883:3759061-3759271
contig_4883	3900692	3900928	intergenic	.	contig_4883:3900692-3900928
contig_4883	3958037	3958133	intergenic	.	contig_4883:3958037-3958133
contig_4883	4771014	4771108	gene,mRNA	.	contig_4883:4771014-4771108,contig_4883:4771014-4771108
contig_4883	4926844	4926916	intergenic	.	contig_4883:4926844-4926916
contig_4951	388686	388849	intergenic	.	contig_4951:388686-388849
contig_4951	388924	389196	intergenic	.	contig_4951:388924-389196
contig_4951	506797	507089	intergenic	.	contig_4951:506797-507089
contig_4951	1121698	1122129	intergenic	.	contig_4951:1121698-1122129
contig_4961	378347	378620	intergenic	.	contig_4961:378347-378620
contig_4994	1137402	1137475	gene,mRNA	.	contig_4994:1137402-1137475,contig_4994:1137402-1137475
contig_4994	1599389	1599469	intergenic	.	contig_4994:1599389-1599469
contig_4994	2468658	2468815	gene,mRNA	.	contig_4994:2468658-2468815,contig_4994:2468658-2468815
contig_4994	3107789	3107927	intergenic	.	contig_4994:3107789-3107927
contig_4994	3567185	3567364	gene,mRNA	.	contig_4994:3567185-3567364,contig_4994:3567185-3567364
contig_4994	3998635	3998729	intergenic	.	contig_4994:3998635-3998729
contig_4994	4593251	4593391	intergenic	.	contig_4994:4593251-4593391
contig_4994	4664728	4665138	intergenic	.	contig_4994:4664728-4665138
contig_4994	5374833	5375181	intergenic	.	contig_4994:5374833-5375181
contig_4994	5414977	5415084	gene,mRNA	.	contig_4994:5414977-5415084,contig_4994:5414977-5415084
contig_4994	6534196	6534289	gene,mRNA	.	contig_4994:6534196-6534289,contig_4994:6534196-6534289
contig_5007	162583	163015	intergenic	.	contig_5007:162583-163015
contig_5007	818239	818350	gene,mRNA	.	contig_5007:818239-818350,contig_5007:818239-818350
contig_5007	971443	971574	intergenic	.	contig_5007:971443-971574
contig_5007	1467241	1467332	gene,mRNA	.	contig_5007:1467241-1467332,contig_5007:1467241-1467332
contig_5007	5304933	5305242	gene,mRNA	.	contig_5007:5304933-5305242,contig_5007:5304933-5305242
contig_5118	86214	86316	intergenic	.	contig_5118:86214-86316
contig_5118	163412	163589	intergenic	.	contig_5118:163412-163589
contig_5118	1218361	1218447	intergenic	.	contig_5118:1218361-1218447
contig_5118	1259104	1259246	intergenic	.	contig_5118:1259104-1259246
contig_5118	1821489	1821540	intergenic	.	contig_5118:1821489-1821540
contig_5118	2060644	2060738	intergenic	.	contig_5118:2060644-2060738
contig_5118	2131397	2131585	intergenic	.	contig_5118:2131397-2131585
contig_5118	2271364	2271546	intergenic	.	contig_5118:2271364-2271546
contig_5118	2428934	2429296	intergenic	.	contig_5118:2428934-2429296
contig_5118	2455557	2455595	gene,mRNA	.	contig_5118:2455557-2455595,contig_5118:2455557-2455595
contig_5122	723249	723303	gene,mRNA	.	contig_5122:723249-723303,contig_5122:723249-723303
contig_5122	2033287	2033352	intergenic	.	contig_5122:2033287-2033352
contig_5122	2046544	2046676	intergenic	.	contig_5122:2046544-2046676
contig_5122	2471172	2471230	gene,mRNA	.	contig_5122:2471172-2471230,contig_5122:2471172-2471230
contig_5122	4343242	4343452	intergenic	.	contig_5122:4343242-4343452
contig_5137	264286	264319	gene,mRNA	.	contig_5137:264286-264319,contig_5137:264286-264319
contig_5137	291483	291603	intergenic	.	contig_5137:291483-291603
contig_5137	1030766	1030913	intergenic	.	contig_5137:1030766-1030913
contig_5137	1877383	1877600	intergenic	.	contig_5137:1877383-1877600
contig_5137	2154805	2154864	intergenic	.	contig_5137:2154805-2154864
contig_5137	2584281	2584517	intergenic	.	contig_5137:2584281-2584517
contig_5137	2648929	2649062	intergenic	.	contig_5137:2648929-2649062
contig_5137	3249420	3249460	intergenic	.	contig_5137:3249420-3249460
contig_5137	3499089	3499204	intergenic	.	contig_5137:3499089-3499204
contig_5137	4152452	4152682	intergenic	.	contig_5137:4152452-4152682
contig_5137	4180661	4180840	intergenic	.	contig_5137:4180661-4180840
contig_5137	4352560	4352666	intergenic	.	contig_5137:4352560-4352666
contig_5137	4784345	4784518	gene,mRNA	.	contig_5137:4784345-4784518,contig_5137:4784345-4784518
contig_5137	4933351	4933451	gene,mRNA	.	contig_5137:4933351-4933451,contig_5137:4933351-4933451
contig_5137	5036852	5036909	intergenic	.	contig_5137:5036852-5036909
contig_5137	5747086	5747193	intergenic	.	contig_5137:5747086-5747193
contig_5137	5747348	5747532	intergenic	.	contig_5137:5747348-5747532
contig_5137	6783944	6784034	intergenic	.	contig_5137:6783944-6784034
contig_5137	8449740	8449823	intergenic	.	contig_5137:8449740-8449823
contig_5137	8585070	8585153	intergenic	.	contig_5137:8585070-8585153
contig_5137	10330006	10330064	intergenic	.	contig_5137:10330006-10330064
contig_5137	10352956	10353246	intergenic	.	contig_5137:10352956-10353246
contig_5137	11899981	11900031	intergenic	.	contig_5137:11899981-11900031
contig_5137	11900156	11900416	intergenic	.	contig_5137:11900156-11900416
contig_5137	12142330	12142523	intergenic	.	contig_5137:12142330-12142523
contig_5154	128892	129102	intergenic	.	contig_5154:128892-129102
contig_5154	254011	254147	intergenic	.	contig_5154:254011-254147
contig_5154	456368	456667	intergenic	.	contig_5154:456368-456667
contig_5154	1045463	1045516	gene,mRNA	.	contig_5154:1045463-1045516,contig_5154:1045463-1045516
contig_5154	1355983	1356119	gene,mRNA	.	contig_5154:1355983-1356119,contig_5154:1355983-1356119
contig_5154	1392306	1392609	intergenic	.	contig_5154:1392306-1392609
contig_5154	1392701	1392775	intergenic	.	contig_5154:1392701-1392775
contig_5154	1512330	1512436	gene,mRNA	.	contig_5154:1512330-1512436,contig_5154:1512330-1512436
contig_5154	1512741	1512872	gene,mRNA	.	contig_5154:1512741-1512872,contig_5154:1512741-1512872
contig_5154	1777578	1777632	intergenic	.	contig_5154:1777578-1777632
contig_5154	1777833	1777883	intergenic	.	contig_5154:1777833-1777883
contig_5154	1831726	1831804	intergenic	.	contig_5154:1831726-1831804
contig_5154	3387947	3388248	intergenic	.	contig_5154:3387947-3388248
contig_5154	3388451	3388547	intergenic	.	contig_5154:3388451-3388547
contig_5154	3654019	3654167	intergenic	.	contig_5154:3654019-3654167
contig_5154	3682036	3682199	intergenic	.	contig_5154:3682036-3682199
contig_5154	3750909	3751073	intergenic	.	contig_5154:3750909-3751073
contig_5154	3851680	3851802	intergenic	.	contig_5154:3851680-3851802
contig_5154	3863264	3863319	intergenic	.	contig_5154:3863264-3863319
contig_5154	3924369	3924771	stop_codon,exon,CDS,gene,mRNA	.	contig_5154:3924369-3924771,contig_5154:3924369-3924771,contig_5154:3924369-3924771,contig_5154:3924369-3924771,contig_5154:3924369-3924771
contig_5154	4000404	4000516	gene,mRNA	.	contig_5154:4000404-4000516,contig_5154:4000404-4000516
contig_5154	4236919	4237183	intergenic	.	contig_5154:4236919-4237183
contig_5154	4293662	4293853	intergenic	.	contig_5154:4293662-4293853
contig_5154	4295720	4295940	intergenic	.	contig_5154:4295720-4295940
contig_5154	4383454	4383759	intergenic	.	contig_5154:4383454-4383759
contig_5154	4456997	4457395	intergenic	.	contig_5154:4456997-4457395
contig_5188	920730	920786	gene,mRNA	.	contig_5188:920730-920786,contig_5188:920730-920786
contig_5188	1657588	1657641	intergenic	.	contig_5188:1657588-1657641
contig_5188	2181441	2181626	intergenic	.	contig_5188:2181441-2181626
contig_5188	2419394	2419582	intergenic	.	contig_5188:2419394-2419582
contig_5304	49637	49720	intergenic	.	contig_5304:49637-49720
contig_5371	113216	113300	gene,mRNA	.	contig_5371:113216-113300,contig_5371:113216-113300
contig_5371	179445	179525	gene,mRNA	.	contig_5371:179445-179525,contig_5371:179445-179525
contig_5371	214486	214661	intergenic	.	contig_5371:214486-214661
contig_5371	214808	214912	intergenic	.	contig_5371:214808-214912
contig_5371	1073169	1073310	intergenic	.	contig_5371:1073169-1073310
contig_5381	33073	33254	intergenic	.	contig_5381:33073-33254
contig_5381	33306	33349	intergenic	.	contig_5381:33306-33349
contig_5456	15316	15464	intergenic	.	contig_5456:15316-15464
contig_5456	55270	55388	intergenic	.	contig_5456:55270-55388
contig_5456	118029	118366	intergenic	.	contig_5456:118029-118366
contig_5456	150209	150337	intergenic	.	contig_5456:150209-150337
contig_5456	253066	253130	intergenic	.	contig_5456:253066-253130
contig_5456	289380	289507	intergenic	.	contig_5456:289380-289507
contig_5456	376508	376817	intergenic	.	contig_5456:376508-376817
contig_5456	600144	600281	intergenic	.	contig_5456:600144-600281
contig_5456	895634	895826	intergenic	.	contig_5456:895634-895826
contig_5456	1092983	1093096	intergenic	.	contig_5456:1092983-1093096
contig_5456	1302370	1302713	gene,mRNA	.	contig_5456:1302370-1302713,contig_5456:1302370-1302713
contig_5456	1601572	1601669	gene,mRNA	.	contig_5456:1601572-1601669,contig_5456:1601572-1601669
contig_5456	2272347	2272530	gene,mRNA	.	contig_5456:2272347-2272530,contig_5456:2272347-2272530
contig_5456	2301220	2301438	intergenic	.	contig_5456:2301220-2301438
contig_5456	2369488	2369610	gene,mRNA	.	contig_5456:2369488-2369610,contig_5456:2369488-2369610
contig_5456	2388961	2389006	gene,mRNA	.	contig_5456:2388961-2389006,contig_5456:2388961-2389006
contig_5456	2389076	2389443	gene,mRNA	.	contig_5456:2389076-2389443,contig_5456:2389076-2389443
contig_5456	2953566	2953915	intergenic	.	contig_5456:2953566-2953915
contig_5456	2999637	2999672	intergenic	.	contig_5456:2999637-2999672
contig_5456	3150959	3151062	intergenic	.	contig_5456:3150959-3151062
contig_5456	3151186	3151405	intergenic	.	contig_5456:3151186-3151405
contig_5456	3645677	3645852	intergenic	.	contig_5456:3645677-3645852
contig_5456	3646155	3646299	intergenic	.	contig_5456:3646155-3646299
contig_5456	3752273	3752372	intergenic	.	contig_5456:3752273-3752372
contig_5456	3854649	3854849	intergenic	.	contig_5456:3854649-3854849
contig_5456	4085994	4086580	intergenic	.	contig_5456:4085994-4086580
contig_5456	4086799	4086842	intergenic	.	contig_5456:4086799-4086842
contig_5456	4378385	4378443	intergenic	.	contig_5456:4378385-4378443
contig_5456	4438689	4438741	gene,mRNA	.	contig_5456:4438689-4438741,contig_5456:4438689-4438741
contig_5456	4462662	4463048	intergenic	.	contig_5456:4462662-4463048
contig_5456	4490548	4490683	intergenic	.	contig_5456:4490548-4490683
contig_5456	4509905	4509980	intergenic	.	contig_5456:4509905-4509980
contig_5456	4576836	4577367	intergenic	.	contig_5456:4576836-4577367
contig_5456	4728506	4728653	polyA_signal_sequence,gene	.	contig_5456:4728506-4728653,contig_5456:4728506-4728653
contig_5456	4728635	4728653	intergenic	.	contig_5456:4728635-4728653
contig_5456	4913644	4913910	intergenic	.	contig_5456:4913644-4913910
contig_5456	5413628	5413745	intergenic	.	contig_5456:5413628-5413745
contig_5456	5820559	5820602	intergenic	.	contig_5456:5820559-5820602
contig_5456	5832392	5832736	intergenic	.	contig_5456:5832392-5832736
contig_5456	5857060	5857443	intergenic	.	contig_5456:5857060-5857443
contig_5456	5886889	5887204	intergenic	.	contig_5456:5886889-5887204
contig_5456	5902046	5902328	intergenic	.	contig_5456:5902046-5902328
contig_5456	6239187	6239291	intergenic	.	contig_5456:6239187-6239291
contig_5456	6446878	6447199	gene,mRNA	.	contig_5456:6446878-6447199,contig_5456:6446878-6447199
contig_5456	6538577	6538674	intergenic	.	contig_5456:6538577-6538674
contig_5456	6571128	6571529	intergenic	.	contig_5456:6571128-6571529
contig_5456	6745163	6745256	intergenic	.	contig_5456:6745163-6745256
contig_5456	6764931	6765086	intergenic	.	contig_5456:6764931-6765086
contig_5456	6910206	6910328	intergenic	.	contig_5456:6910206-6910328
contig_5456	6964823	6965182	intergenic	.	contig_5456:6964823-6965182
contig_5456	6976219	6976296	intergenic	.	contig_5456:6976219-6976296
contig_5456	7113786	7113838	intergenic	.	contig_5456:7113786-7113838
contig_5456	7335933	7336037	intergenic	.	contig_5456:7335933-7336037
contig_5456	7349286	7349383	intergenic	.	contig_5456:7349286-7349383
contig_5456	7521582	7521607	intergenic	.	contig_5456:7521582-7521607
contig_5456	7521582	7521736	start_codon,exon,CDS,gene,mRNA	.	contig_5456:7521582-7521736,contig_5456:7521582-7521736,contig_5456:7521582-7521736,contig_5456:7521582-7521736,contig_5456:7521582-7521736
contig_5456	7553733	7553873	gene,mRNA	.	contig_5456:7553733-7553873,contig_5456:7553733-7553873
contig_5456	7792904	7793083	intergenic	.	contig_5456:7792904-7793083
contig_5456	7793165	7793386	intergenic	.	contig_5456:7793165-7793386
contig_5456	7808370	7808481	intergenic	.	contig_5456:7808370-7808481
contig_5456	7899874	7900061	gene,mRNA	.	contig_5456:7899874-7900061,contig_5456:7899874-7900061
contig_5456	7920528	7920702	gene,mRNA	.	contig_5456:7920528-7920702,contig_5456:7920528-7920702
contig_5456	8068455	8068812	intergenic	.	contig_5456:8068455-8068812
contig_5456	8099009	8099361	gene,mRNA	.	contig_5456:8099009-8099361,contig_5456:8099009-8099361
contig_5456	8148096	8148203	intergenic	.	contig_5456:8148096-8148203
contig_5456	8148276	8148374	intergenic	.	contig_5456:8148276-8148374
contig_5456	8231019	8231348	gene,mRNA	.	contig_5456:8231019-8231348,contig_5456:8231019-8231348
contig_5456	8776576	8776780	intergenic	.	contig_5456:8776576-8776780
contig_5456	8831201	8831288	intergenic	.	contig_5456:8831201-8831288
contig_5456	8943969	8944166	gene,mRNA	.	contig_5456:8943969-8944166,contig_5456:8943969-8944166
contig_5456	9047208	9047439	gene,mRNA	.	contig_5456:9047208-9047439,contig_5456:9047208-9047439
contig_5456	9067038	9067484	intergenic	.	contig_5456:9067038-9067484
contig_5456	9225346	9225517	gene,mRNA	.	contig_5456:9225346-9225517,contig_5456:9225346-9225517
contig_5456	9828324	9828668	intergenic	.	contig_5456:9828324-9828668
contig_5456	10210798	10210872	gene,mRNA	.	contig_5456:10210798-10210872,contig_5456:10210798-10210872
contig_5456	11040640	11040715	gene,mRNA	.	contig_5456:11040640-11040715,contig_5456:11040640-11040715
contig_5456	11413892	11414200	gene,mRNA	.	contig_5456:11413892-11414200,contig_5456:11413892-11414200
contig_5456	12048613	12048690	intergenic	.	contig_5456:12048613-12048690
contig_5456	12303620	12303704	gene,mRNA	.	contig_5456:12303620-12303704,contig_5456:12303620-12303704
contig_5456	12735149	12735304	gene,mRNA	.	contig_5456:12735149-12735304,contig_5456:12735149-12735304
contig_5456	13369360	13369449	intergenic	.	contig_5456:13369360-13369449
contig_5499	134030	134226	intergenic	.	contig_5499:134030-134226
contig_5499	186896	187085	intergenic	.	contig_5499:186896-187085
contig_5499	359355	359390	intergenic	.	contig_5499:359355-359390
contig_5499	420619	420801	intergenic	.	contig_5499:420619-420801
contig_5499	433810	434107	intergenic	.	contig_5499:433810-434107
contig_5499	527248	527405	intergenic	.	contig_5499:527248-527405
contig_5499	702922	703026	gene,mRNA	.	contig_5499:702922-703026,contig_5499:702922-703026
contig_5499	761240	761339	intergenic	.	contig_5499:761240-761339
contig_5499	1151141	1151355	intergenic	.	contig_5499:1151141-1151355
contig_5499	1302674	1302963	intergenic	.	contig_5499:1302674-1302963
contig_5499	1446202	1446579	intergenic	.	contig_5499:1446202-1446579
contig_5499	1691322	1691468	intergenic	.	contig_5499:1691322-1691468
contig_5499	1765045	1765099	gene,mRNA	.	contig_5499:1765045-1765099,contig_5499:1765045-1765099
contig_5499	2064099	2064251	gene,mRNA	.	contig_5499:2064099-2064251,contig_5499:2064099-2064251
contig_5499	2083832	2084005	intergenic	.	contig_5499:2083832-2084005
contig_5499	2105582	2106030	intergenic	.	contig_5499:2105582-2106030
contig_5499	2106088	2106216	intergenic	.	contig_5499:2106088-2106216
contig_5499	2114282	2114488	intergenic	.	contig_5499:2114282-2114488
contig_5499	2114671	2114799	intergenic	.	contig_5499:2114671-2114799
contig_5499	2290025	2290262	intergenic	.	contig_5499:2290025-2290262
contig_5499	2746229	2746329	intergenic	.	contig_5499:2746229-2746329
contig_5499	2831202	2831584	intergenic	.	contig_5499:2831202-2831584
contig_5499	2891960	2892251	exon,CDS,gene,mRNA	.	contig_5499:2891960-2892251,contig_5499:2891960-2892251,contig_5499:2891960-2892251,contig_5499:2891960-2892251
contig_5499	2994137	2994367	intergenic	.	contig_5499:2994137-2994367
contig_5499	3013282	3013340	intergenic	.	contig_5499:3013282-3013340
contig_5499	3090787	3090943	intergenic	.	contig_5499:3090787-3090943
contig_5499	3206451	3206803	intergenic	.	contig_5499:3206451-3206803
contig_5499	3369317	3369485	intergenic	.	contig_5499:3369317-3369485
contig_5499	3716862	3716931	intergenic	.	contig_5499:3716862-3716931
contig_5499	3778179	3778389	intergenic	.	contig_5499:3778179-3778389
contig_5499	3794593	3794740	intergenic	.	contig_5499:3794593-3794740
contig_5499	3867973	3868266	intergenic	.	contig_5499:3867973-3868266
contig_5499	3896253	3896390	intergenic	.	contig_5499:3896253-3896390
contig_5499	4068385	4068582	intergenic	.	contig_5499:4068385-4068582
contig_5499	4078301	4078431	intergenic	.	contig_5499:4078301-4078431
contig_5499	4214374	4214648	intergenic	.	contig_5499:4214374-4214648
contig_5499	4238245	4238309	intergenic	.	contig_5499:4238245-4238309
contig_5499	4239846	4240015	intergenic	.	contig_5499:4239846-4240015
contig_5499	4374737	4374820	gene,mRNA	.	contig_5499:4374737-4374820,contig_5499:4374737-4374820
contig_5499	4690565	4690796	intergenic	.	contig_5499:4690565-4690796
contig_5499	4723898	4724320	intergenic	.	contig_5499:4723898-4724320
contig_5499	4870138	4870336	gene,mRNA	.	contig_5499:4870138-4870336,contig_5499:4870138-4870336
contig_5499	5820520	5820632	mRNA,gene	.	contig_5499:5820520-5820632,contig_5499:5820520-5820632
contig_5499	5854197	5854743	intergenic	.	contig_5499:5854197-5854743
contig_5499	5926299	5926474	intergenic	.	contig_5499:5926299-5926474
contig_5499	6134188	6134913	intergenic	.	contig_5499:6134188-6134913
contig_5499	6252660	6252759	intergenic	.	contig_5499:6252660-6252759
contig_5499	6286018	6286343	intergenic	.	contig_5499:6286018-6286343
contig_5499	6522372	6522960	intergenic	.	contig_5499:6522372-6522960
contig_5499	7118181	7118259	intergenic	.	contig_5499:7118181-7118259
contig_5499	7242838	7242940	intergenic	.	contig_5499:7242838-7242940
contig_5499	7285945	7286080	intergenic	.	contig_5499:7285945-7286080
contig_5499	7286255	7286455	intergenic	.	contig_5499:7286255-7286455
contig_5499	7365209	7365726	intergenic	.	contig_5499:7365209-7365726
contig_5522	38917	39016	intergenic	.	contig_5522:38917-39016
contig_5522	39106	39346	intergenic	.	contig_5522:39106-39346
contig_5522	64131	64262	gene,mRNA	.	contig_5522:64131-64262,contig_5522:64131-64262
contig_5522	308374	308509	intergenic	.	contig_5522:308374-308509
contig_5522	308566	308849	intergenic	.	contig_5522:308566-308849
contig_5522	314894	315041	gene,mRNA	.	contig_5522:314894-315041,contig_5522:314894-315041
contig_5522	592994	593286	gene,mRNA	.	contig_5522:592994-593286,contig_5522:592994-593286
contig_5522	729916	730266	intergenic	.	contig_5522:729916-730266
contig_5522	810897	811466	intergenic	.	contig_5522:810897-811466
contig_5522	1150315	1151029	intergenic	.	contig_5522:1150315-1151029
contig_5522	1523118	1523342	intergenic	.	contig_5522:1523118-1523342
contig_5565	351889	352062	intergenic	.	contig_5565:351889-352062
contig_5565	392031	392113	intergenic	.	contig_5565:392031-392113
contig_5565	806213	806322	intergenic	.	contig_5565:806213-806322
contig_5565	823796	824032	intergenic	.	contig_5565:823796-824032
contig_5565	842288	842460	intergenic	.	contig_5565:842288-842460
contig_5565	1370957	1371014	gene,mRNA	.	contig_5565:1370957-1371014,contig_5565:1370957-1371014
contig_5565	1517897	1517949	gene,mRNA	.	contig_5565:1517897-1517949,contig_5565:1517897-1517949
contig_5565	3359711	3359815	gene,mRNA	.	contig_5565:3359711-3359815,contig_5565:3359711-3359815
contig_5565	4162004	4162078	intergenic	.	contig_5565:4162004-4162078
contig_5565	4238652	4238971	intergenic	.	contig_5565:4238652-4238971
contig_5565	4579084	4579260	gene,mRNA	.	contig_5565:4579084-4579260,contig_5565:4579084-4579260
contig_5565	5015636	5015896	gene,mRNA	.	contig_5565:5015636-5015896,contig_5565:5015636-5015896
contig_5565	5248619	5248675	gene,mRNA	.	contig_5565:5248619-5248675,contig_5565:5248619-5248675
contig_5565	5339291	5339573	intergenic	.	contig_5565:5339291-5339573
contig_5565	5973586	5973721	intergenic	.	contig_5565:5973586-5973721
contig_5565	6250232	6250305	intergenic	.	contig_5565:6250232-6250305
contig_5565	6476867	6476919	intergenic	.	contig_5565:6476867-6476919
contig_5565	7751445	7751532	gene,mRNA	.	contig_5565:7751445-7751532,contig_5565:7751445-7751532
contig_5565	7976188	7976295	intergenic	.	contig_5565:7976188-7976295
contig_5565	8108710	8108810	intergenic	.	contig_5565:8108710-8108810
contig_5565	8297284	8297487	intergenic	.	contig_5565:8297284-8297487
contig_5565	8328277	8328396	intergenic	.	contig_5565:8328277-8328396
contig_5565	9666326	9666367	gene,mRNA	.	contig_5565:9666326-9666367,contig_5565:9666326-9666367
contig_5565	10408495	10408660	intergenic	.	contig_5565:10408495-10408660
contig_5565	10440412	10440519	intergenic	.	contig_5565:10440412-10440519
contig_5565	10465009	10465123	gene,mRNA	.	contig_5565:10465009-10465123,contig_5565:10465009-10465123
contig_5565	10974763	10974900	intergenic	.	contig_5565:10974763-10974900
contig_5565	11129166	11129366	intergenic	.	contig_5565:11129166-11129366
contig_5565	11397718	11397973	gene,mRNA	.	contig_5565:11397718-11397973,contig_5565:11397718-11397973
contig_5565	11965209	11965460	intergenic	.	contig_5565:11965209-11965460
contig_5565	12030884	12031052	gene,mRNA	.	contig_5565:12030884-12031052,contig_5565:12030884-12031052
contig_5565	12150066	12150504	intergenic	.	contig_5565:12150066-12150504
contig_5565	12569526	12569587	intergenic	.	contig_5565:12569526-12569587
contig_5565	12617485	12617532	intergenic	.	contig_5565:12617485-12617532
contig_5565	12955753	12955888	intergenic	.	contig_5565:12955753-12955888
contig_5565	12956011	12956166	intergenic	.	contig_5565:12956011-12956166
contig_5565	13297603	13297855	gene,mRNA	.	contig_5565:13297603-13297855,contig_5565:13297603-13297855
contig_5565	13603729	13603759	intergenic	.	contig_5565:13603729-13603759
contig_5565	13646145	13646180	intergenic	.	contig_5565:13646145-13646180
contig_5565	14353667	14353760	intergenic	.	contig_5565:14353667-14353760
contig_5565	15396057	15396127	gene,mRNA	.	contig_5565:15396057-15396127,contig_5565:15396057-15396127
contig_5565	15437630	15437719	intergenic	.	contig_5565:15437630-15437719
contig_5565	15577767	15578391	intergenic	.	contig_5565:15577767-15578391
contig_5565	15690056	15690135	intergenic	.	contig_5565:15690056-15690135
contig_5565	16031301	16031529	intergenic	.	contig_5565:16031301-16031529
contig_5565	16208306	16208669	intergenic	.	contig_5565:16208306-16208669
contig_5565	16222356	16222718	intergenic	.	contig_5565:16222356-16222718
contig_5565	16595174	16595382	intergenic	.	contig_5565:16595174-16595382
contig_5565	16762749	16762899	gene,mRNA	.	contig_5565:16762749-16762899,contig_5565:16762749-16762899
contig_5565	16791620	16791767	intergenic	.	contig_5565:16791620-16791767
contig_5565	16878844	16878965	gene,mRNA	.	contig_5565:16878844-16878965,contig_5565:16878844-16878965
contig_5565	16900047	16900201	intergenic	.	contig_5565:16900047-16900201
contig_5565	17013006	17013453	intergenic	.	contig_5565:17013006-17013453
contig_5565	17259497	17260004	intergenic	.	contig_5565:17259497-17260004
contig_5565	17414236	17414490	intergenic	.	contig_5565:17414236-17414490
contig_5565	17854071	17854138	intergenic	.	contig_5565:17854071-17854138
contig_5565	18638432	18638471	intergenic	.	contig_5565:18638432-18638471
contig_5565	18854872	18854971	intergenic	.	contig_5565:18854872-18854971
contig_5565	18916013	18916103	gene,mRNA	.	contig_5565:18916013-18916103,contig_5565:18916013-18916103
contig_5565	19005896	19005936	intergenic	.	contig_5565:19005896-19005936
contig_5565	19919114	19919239	intergenic	.	contig_5565:19919114-19919239
contig_5565	20250593	20250676	intergenic	.	contig_5565:20250593-20250676
contig_5565	21683393	21683920	intergenic	.	contig_5565:21683393-21683920
contig_5565	22018511	22018595	gene,mRNA	.	contig_5565:22018511-22018595,contig_5565:22018511-22018595
contig_5565	22258161	22258407	intergenic	.	contig_5565:22258161-22258407
contig_5565	22608264	22608369	intergenic	.	contig_5565:22608264-22608369
contig_5565	23157670	23157780	intergenic	.	contig_5565:23157670-23157780
contig_5565	23327431	23327512	intergenic	.	contig_5565:23327431-23327512
contig_5579	109056	109096	gene,mRNA	.	contig_5579:109056-109096,contig_5579:109056-109096
contig_5579	381828	381859	gene,mRNA	.	contig_5579:381828-381859,contig_5579:381828-381859
contig_5579	382783	382825	exon,CDS,gene,mRNA	.	contig_5579:382783-382825,contig_5579:382783-382825,contig_5579:382783-382825,contig_5579:382783-382825
contig_5593	1049854	1049977	intergenic	.	contig_5593:1049854-1049977
contig_5593	1117855	1117962	gene,mRNA	.	contig_5593:1117855-1117962,contig_5593:1117855-1117962
contig_5593	1147876	1148060	intergenic	.	contig_5593:1147876-1148060
contig_5593	1679384	1679495	gene,mRNA	.	contig_5593:1679384-1679495,contig_5593:1679384-1679495
contig_5593	1727475	1727688	gene,mRNA	.	contig_5593:1727475-1727688,contig_5593:1727475-1727688
contig_5593	2324754	2324864	intergenic	.	contig_5593:2324754-2324864
contig_5593	2325190	2325322	intergenic	.	contig_5593:2325190-2325322
contig_5593	2465243	2465682	intergenic	.	contig_5593:2465243-2465682
contig_5593	3197097	3197211	intergenic	.	contig_5593:3197097-3197211
contig_5593	3587609	3587827	gene,mRNA	.	contig_5593:3587609-3587827,contig_5593:3587609-3587827
contig_5593	3759862	3760185	exon,CDS,gene,mRNA	.	contig_5593:3759862-3760185,contig_5593:3759862-3760185,contig_5593:3759862-3760185,contig_5593:3759862-3760185
contig_5593	3929982	3930050	intergenic	.	contig_5593:3929982-3930050
contig_5593	3975983	3976215	intergenic	.	contig_5593:3975983-3976215
contig_5593	4564267	4564490	intergenic	.	contig_5593:4564267-4564490
contig_5593	5205226	5205373	intergenic	.	contig_5593:5205226-5205373
contig_5593	5351191	5351259	intergenic	.	contig_5593:5351191-5351259
contig_5593	5351333	5351447	intergenic	.	contig_5593:5351333-5351447
contig_5593	5418655	5418823	intergenic	.	contig_5593:5418655-5418823
contig_5593	5508216	5508410	gene,mRNA	.	contig_5593:5508216-5508410,contig_5593:5508216-5508410
contig_5593	5508501	5508655	gene,mRNA	.	contig_5593:5508501-5508655,contig_5593:5508501-5508655
contig_5593	5558360	5558496	gene,mRNA	.	contig_5593:5558360-5558496,contig_5593:5558360-5558496
contig_5605	101567	101640	intergenic	.	contig_5605:101567-101640
contig_5605	303692	303934	intergenic	.	contig_5605:303692-303934
contig_5605	636585	636813	intergenic	.	contig_5605:636585-636813
contig_5605	792169	792322	gene,mRNA	.	contig_5605:792169-792322,contig_5605:792169-792322
contig_5605	792430	792694	exon,CDS,start_codon,gene,mRNA	.	contig_5605:792430-792694,contig_5605:792430-792694,contig_5605:792430-792694,contig_5605:792430-792694,contig_5605:792430-792694
contig_5605	792513	792694	intergenic	.	contig_5605:792513-792694
contig_5605	1010021	1010051	gene,mRNA	.	contig_5605:1010021-1010051,contig_5605:1010021-1010051
contig_5605	1023769	1023939	intergenic	.	contig_5605:1023769-1023939
contig_5605	1026431	1026585	intergenic	.	contig_5605:1026431-1026585
contig_5605	1272072	1272285	intergenic	.	contig_5605:1272072-1272285
contig_5605	1303739	1303829	gene,mRNA	.	contig_5605:1303739-1303829,contig_5605:1303739-1303829
contig_5605	2107897	2107994	intergenic	.	contig_5605:2107897-2107994
contig_5605	2135171	2135284	intergenic	.	contig_5605:2135171-2135284
contig_5605	2251673	2251909	gene,mRNA	.	contig_5605:2251673-2251909,contig_5605:2251673-2251909
contig_5605	2347377	2347548	intergenic	.	contig_5605:2347377-2347548
contig_5605	2432167	2432243	intergenic	.	contig_5605:2432167-2432243
contig_5605	2946118	2946226	gene,mRNA	.	contig_5605:2946118-2946226,contig_5605:2946118-2946226
contig_5605	3004362	3004712	intergenic	.	contig_5605:3004362-3004712
contig_5605	3297164	3297222	intergenic	.	contig_5605:3297164-3297222
contig_5605	3446314	3446496	intergenic	.	contig_5605:3446314-3446496
contig_5605	3685169	3685366	intergenic	.	contig_5605:3685169-3685366
contig_5605	3730715	3730871	intergenic	.	contig_5605:3730715-3730871
contig_5605	3752377	3752607	intergenic	.	contig_5605:3752377-3752607
contig_5605	3831280	3831397	intergenic	.	contig_5605:3831280-3831397
contig_5605	3848543	3848582	intergenic	.	contig_5605:3848543-3848582
contig_5605	4242209	4242451	intergenic	.	contig_5605:4242209-4242451
contig_5605	4628586	4628896	intergenic	.	contig_5605:4628586-4628896
contig_5605	4765353	4765419	gene,mRNA	.	contig_5605:4765353-4765419,contig_5605:4765353-4765419
contig_5605	4765483	4765666	gene,mRNA	.	contig_5605:4765483-4765666,contig_5605:4765483-4765666
contig_5605	4944690	4944892	intergenic	.	contig_5605:4944690-4944892
contig_5605	5349346	5349520	intergenic	.	contig_5605:5349346-5349520
contig_5605	5526568	5526598	intergenic	.	contig_5605:5526568-5526598
contig_5605	6719256	6719313	intergenic	.	contig_5605:6719256-6719313
contig_5614	321888	322140	gene,mRNA	.	contig_5614:321888-322140,contig_5614:321888-322140
contig_5614	352061	352141	intergenic	.	contig_5614:352061-352141
contig_5614	407054	407254	gene,mRNA	.	contig_5614:407054-407254,contig_5614:407054-407254
contig_5614	891207	891468	gene,mRNA	.	contig_5614:891207-891468,contig_5614:891207-891468
contig_5614	1191922	1192196	intergenic	.	contig_5614:1191922-1192196
contig_5614	1375574	1375748	intergenic	.	contig_5614:1375574-1375748
contig_5614	1750322	1750498	intergenic	.	contig_5614:1750322-1750498
contig_5614	2012271	2012315	intergenic	.	contig_5614:2012271-2012315
contig_5614	2092514	2092628	intergenic	.	contig_5614:2092514-2092628
contig_5614	2375674	2375827	gene,mRNA	.	contig_5614:2375674-2375827,contig_5614:2375674-2375827
contig_5625	32475	32522	intergenic	.	contig_5625:32475-32522
contig_5625	422936	423110	intergenic	.	contig_5625:422936-423110
contig_5625	1559822	1559973	intergenic	.	contig_5625:1559822-1559973
contig_5625	1812091	1812190	intergenic	.	contig_5625:1812091-1812190
contig_5625	3030215	3030510	intergenic	.	contig_5625:3030215-3030510
contig_5625	3048683	3048967	intergenic	.	contig_5625:3048683-3048967
contig_5625	3968644	3968687	intergenic	.	contig_5625:3968644-3968687
contig_5625	4386631	4386745	intergenic	.	contig_5625:4386631-4386745
contig_5625	4793785	4793989	intergenic	.	contig_5625:4793785-4793989
contig_5625	4856715	4856797	gene,mRNA	.	contig_5625:4856715-4856797,contig_5625:4856715-4856797
contig_5625	5416351	5416445	gene,mRNA	.	contig_5625:5416351-5416445,contig_5625:5416351-5416445
contig_5625	5503956	5503995	intergenic	.	contig_5625:5503956-5503995
contig_5625	6205643	6205797	intergenic	.	contig_5625:6205643-6205797
contig_5625	6235841	6236026	intergenic	.	contig_5625:6235841-6236026
contig_5625	7145312	7145443	intergenic	.	contig_5625:7145312-7145443
contig_5625	7145645	7145695	intergenic	.	contig_5625:7145645-7145695
contig_5625	7258783	7258928	intergenic	.	contig_5625:7258783-7258928
contig_5625	7452326	7452425	intergenic	.	contig_5625:7452326-7452425
contig_5625	7897348	7897517	gene,mRNA	.	contig_5625:7897348-7897517,contig_5625:7897348-7897517
contig_5625	8141330	8141407	intergenic	.	contig_5625:8141330-8141407
contig_5625	8141707	8141817	intergenic	.	contig_5625:8141707-8141817
contig_5625	8624873	8624949	intergenic	.	contig_5625:8624873-8624949
contig_5625	8717256	8717293	intergenic	.	contig_5625:8717256-8717293
contig_5625	8846971	8847150	intergenic	.	contig_5625:8846971-8847150
contig_5625	9014695	9014950	intergenic	.	contig_5625:9014695-9014950
contig_5625	9154614	9155015	intergenic	.	contig_5625:9154614-9155015
contig_5625	9400006	9400278	intergenic	.	contig_5625:9400006-9400278
contig_5625	9756243	9756343	intergenic	.	contig_5625:9756243-9756343
contig_5625	9815185	9815255	intergenic	.	contig_5625:9815185-9815255
contig_5625	9970080	9970283	intergenic	.	contig_5625:9970080-9970283
contig_5625	10728493	10728538	intergenic	.	contig_5625:10728493-10728538
contig_5625	10824337	10824525	intergenic	.	contig_5625:10824337-10824525
contig_5625	10861707	10861788	intergenic	.	contig_5625:10861707-10861788
contig_5625	11080308	11080491	intergenic	.	contig_5625:11080308-11080491
contig_5625	13292805	13292968	intergenic	.	contig_5625:13292805-13292968
contig_5625	13325254	13325331	gene,mRNA	.	contig_5625:13325254-13325331,contig_5625:13325254-13325331
contig_5625	13560738	13560883	intergenic	.	contig_5625:13560738-13560883
contig_5625	14477297	14477434	gene,mRNA	.	contig_5625:14477297-14477434,contig_5625:14477297-14477434
contig_5625	15033647	15033833	intergenic	.	contig_5625:15033647-15033833
contig_5625	15038096	15038195	intergenic	.	contig_5625:15038096-15038195
contig_5625	15411160	15411328	intergenic	.	contig_5625:15411160-15411328
contig_5625	15509846	15509995	gene,mRNA	.	contig_5625:15509846-15509995,contig_5625:15509846-15509995
contig_5625	15575554	15575603	intergenic	.	contig_5625:15575554-15575603
contig_5625	15605217	15605312	intergenic	.	contig_5625:15605217-15605312
contig_5663	884041	884430	intergenic	.	contig_5663:884041-884430
contig_5768	179000	179190	gene,mRNA	.	contig_5768:179000-179190,contig_5768:179000-179190
contig_5768	288480	288580	gene,mRNA	.	contig_5768:288480-288580,contig_5768:288480-288580
contig_5768	288664	288701	gene,mRNA	.	contig_5768:288664-288701,contig_5768:288664-288701
contig_5785	212038	212642	gene,mRNA	.	contig_5785:212038-212642,contig_5785:212038-212642
contig_5785	484412	484443	intergenic	.	contig_5785:484412-484443
contig_5785	778582	778841	gene,mRNA	.	contig_5785:778582-778841,contig_5785:778582-778841
contig_5785	957377	957568	intergenic	.	contig_5785:957377-957568
contig_5785	1079871	1079957	gene,mRNA	.	contig_5785:1079871-1079957,contig_5785:1079871-1079957
contig_5785	1202812	1203005	gene,mRNA	.	contig_5785:1202812-1203005,contig_5785:1202812-1203005
contig_5785	1203065	1203107	gene,mRNA	.	contig_5785:1203065-1203107,contig_5785:1203065-1203107
contig_5785	1435967	1436040	gene,mRNA	.	contig_5785:1435967-1436040,contig_5785:1435967-1436040
contig_5785	1493251	1493411	gene,mRNA	.	contig_5785:1493251-1493411,contig_5785:1493251-1493411
contig_5785	1539826	1539887	intergenic	.	contig_5785:1539826-1539887
contig_5785	1606785	1606949	intergenic	.	contig_5785:1606785-1606949
contig_5785	1853934	1854153	gene,mRNA	.	contig_5785:1853934-1854153,contig_5785:1853934-1854153
contig_5785	2142043	2142393	intergenic	.	contig_5785:2142043-2142393
contig_5785	2315989	2316044	gene,mRNA	.	contig_5785:2315989-2316044,contig_5785:2315989-2316044
contig_5785	2330197	2330270	gene,mRNA	.	contig_5785:2330197-2330270,contig_5785:2330197-2330270
contig_5785	2472901	2473362	gene,mRNA	.	contig_5785:2472901-2473362,contig_5785:2472901-2473362
contig_5785	2484277	2484635	gene,mRNA	.	contig_5785:2484277-2484635,contig_5785:2484277-2484635
contig_5785	2540428	2540706	gene,mRNA	.	contig_5785:2540428-2540706,contig_5785:2540428-2540706
contig_5803	40488	40530	gene,mRNA	.	contig_5803:40488-40530,contig_5803:40488-40530
contig_5803	291407	292005	intergenic	.	contig_5803:291407-292005
contig_5803	486747	486835	intergenic	.	contig_5803:486747-486835
contig_5803	517236	517388	intergenic	.	contig_5803:517236-517388
contig_5803	517667	517722	intergenic	.	contig_5803:517667-517722
contig_5803	897732	897787	intergenic	.	contig_5803:897732-897787
contig_5803	1282078	1282396	gene,mRNA	.	contig_5803:1282078-1282396,contig_5803:1282078-1282396
contig_5803	1332483	1332585	gene,mRNA	.	contig_5803:1332483-1332585,contig_5803:1332483-1332585
contig_5803	1617890	1617940	intergenic	.	contig_5803:1617890-1617940
contig_5803	1794412	1794487	intergenic	.	contig_5803:1794412-1794487
contig_5803	1794591	1794753	intergenic	.	contig_5803:1794591-1794753
contig_5803	1798106	1798249	intergenic	.	contig_5803:1798106-1798249
contig_5803	1897797	1898256	intergenic	.	contig_5803:1897797-1898256
contig_5803	2123318	2123355	intergenic	.	contig_5803:2123318-2123355
contig_5803	2731865	2732243	intergenic	.	contig_5803:2731865-2732243
contig_5803	2863840	2863968	intergenic	.	contig_5803:2863840-2863968
contig_5803	3031952	3032166	gene,mRNA	.	contig_5803:3031952-3032166,contig_5803:3031952-3032166
contig_5803	3098145	3098345	intergenic	.	contig_5803:3098145-3098345
contig_5803	3549442	3549595	gene,mRNA	.	contig_5803:3549442-3549595,contig_5803:3549442-3549595
contig_5803	3591944	3592009	polyA_signal_sequence,gene	.	contig_5803:3591944-3592009,contig_5803:3591944-3592009
contig_5803	3591979	3592009	intergenic	.	contig_5803:3591979-3592009
contig_5810	428641	428671	intergenic	.	contig_5810:428641-428671
contig_5812	415215	415259	intergenic	.	contig_5812:415215-415259
contig_5812	874329	874544	intergenic	.	contig_5812:874329-874544
contig_5897	661226	661471	intergenic	.	contig_5897:661226-661471
contig_5897	2432349	2432642	gene,mRNA	.	contig_5897:2432349-2432642,contig_5897:2432349-2432642
contig_5897	2598237	2598324	intergenic	.	contig_5897:2598237-2598324
contig_5897	3896218	3896360	gene,mRNA	.	contig_5897:3896218-3896360,contig_5897:3896218-3896360
contig_5897	3896412	3896688	gene,mRNA	.	contig_5897:3896412-3896688,contig_5897:3896412-3896688
contig_5897	6092944	6093169	intergenic	.	contig_5897:6092944-6093169
contig_5897	6313102	6313320	intergenic	.	contig_5897:6313102-6313320
contig_5897	6514953	6515006	intergenic	.	contig_5897:6514953-6515006
contig_5897	6514953	6515051	gene,polyA_signal_sequence	.	contig_5897:6514953-6515051,contig_5897:6514953-6515051
contig_5897	6585008	6585299	intergenic	.	contig_5897:6585008-6585299
contig_5897	6773612	6773653	intergenic	.	contig_5897:6773612-6773653
contig_5911	558965	559078	gene,mRNA	.	contig_5911:558965-559078,contig_5911:558965-559078
contig_5911	887652	887832	intergenic	.	contig_5911:887652-887832
contig_5911	1068385	1068485	gene,mRNA,exon,CDS	.	contig_5911:1068385-1068485,contig_5911:1068385-1068485,contig_5911:1068385-1068485,contig_5911:1068385-1068485
contig_5911	1256831	1256887	intergenic	.	contig_5911:1256831-1256887
contig_5911	1430484	1430641	intergenic	.	contig_5911:1430484-1430641
contig_5911	1462703	1462844	intergenic	.	contig_5911:1462703-1462844
contig_5911	1483054	1483366	intergenic	.	contig_5911:1483054-1483366
contig_5911	1571907	1572353	gene,mRNA	.	contig_5911:1571907-1572353,contig_5911:1571907-1572353
contig_5911	1619900	1620003	intergenic	.	contig_5911:1619900-1620003
contig_5911	1913802	1913950	intergenic	.	contig_5911:1913802-1913950
contig_5911	1998703	1998833	intergenic	.	contig_5911:1998703-1998833
contig_5911	1999171	1999355	intergenic	.	contig_5911:1999171-1999355
contig_5911	2044375	2044776	intergenic	.	contig_5911:2044375-2044776
contig_5911	2459053	2459196	intergenic	.	contig_5911:2459053-2459196
contig_5911	3152310	3152662	intergenic	.	contig_5911:3152310-3152662
contig_5911	3168499	3168678	intergenic	.	contig_5911:3168499-3168678
contig_5911	3463539	3463633	intergenic	.	contig_5911:3463539-3463633
contig_5911	3463954	3463990	intergenic	.	contig_5911:3463954-3463990
contig_5911	3570576	3570921	intergenic	.	contig_5911:3570576-3570921
contig_5911	3682075	3682183	intergenic	.	contig_5911:3682075-3682183
contig_5911	3899750	3899929	intergenic	.	contig_5911:3899750-3899929
contig_5911	3972718	3972992	intergenic	.	contig_5911:3972718-3972992
contig_5911	4306339	4306439	intergenic	.	contig_5911:4306339-4306439
contig_5911	5118709	5118872	intergenic	.	contig_5911:5118709-5118872
contig_5911	5279812	5280105	intergenic	.	contig_5911:5279812-5280105
contig_5911	5770428	5770606	intergenic	.	contig_5911:5770428-5770606
contig_5911	5812999	5813294	intergenic	.	contig_5911:5812999-5813294
contig_5911	5853207	5853359	gene,mRNA	.	contig_5911:5853207-5853359,contig_5911:5853207-5853359
contig_5911	5924754	5925078	intergenic	.	contig_5911:5924754-5925078
contig_5911	5935850	5936019	intergenic	.	contig_5911:5935850-5936019
contig_5911	6033097	6033313	gene,mRNA	.	contig_5911:6033097-6033313,contig_5911:6033097-6033313
contig_5911	6338026	6338197	intergenic	.	contig_5911:6338026-6338197
contig_5911	6413302	6413598	gene,mRNA	.	contig_5911:6413302-6413598,contig_5911:6413302-6413598
contig_5978	520193	520362	intergenic	.	contig_5978:520193-520362
contig_5978	1522226	1522430	intergenic	.	contig_5978:1522226-1522430
contig_599	64955	65101	intergenic	.	contig_599:64955-65101
contig_599	337279	337332	intergenic	.	contig_599:337279-337332
contig_599	1110226	1110326	gene,mRNA	.	contig_599:1110226-1110326,contig_599:1110226-1110326
contig_6	421987	422083	intergenic	.	contig_6:421987-422083
contig_6	895488	895545	intergenic	.	contig_6:895488-895545
contig_6	3260252	3260350	intergenic	.	contig_6:3260252-3260350
contig_6	3461199	3461254	intergenic	.	contig_6:3461199-3461254
contig_6	3636283	3636542	intergenic	.	contig_6:3636283-3636542
contig_6	3636283	3636579	start_codon,exon,CDS,gene,mRNA	.	contig_6:3636283-3636579,contig_6:3636283-3636579,contig_6:3636283-3636579,contig_6:3636283-3636579,contig_6:3636283-3636579
contig_6057	68330	68407	intergenic	.	contig_6057:68330-68407
contig_6082	321617	321691	intergenic	.	contig_6082:321617-321691
contig_6168	977987	978144	intergenic	.	contig_6168:977987-978144
contig_6168	1482816	1483046	intergenic	.	contig_6168:1482816-1483046
contig_6168	2031170	2031249	gene,mRNA	.	contig_6168:2031170-2031249,contig_6168:2031170-2031249
contig_6168	2380031	2380323	intergenic	.	contig_6168:2380031-2380323
contig_6168	2415101	2415189	gene,mRNA	.	contig_6168:2415101-2415189,contig_6168:2415101-2415189
contig_6172_part1	305807	305945	intergenic	.	contig_6172_part1:305807-305945
contig_6172_part1	336913	336975	intergenic	.	contig_6172_part1:336913-336975
contig_6172_part1	404499	404738	intergenic	.	contig_6172_part1:404499-404738
contig_6172_part1	463467	463499	intergenic	.	contig_6172_part1:463467-463499
contig_6172_part1	498937	499093	intergenic	.	contig_6172_part1:498937-499093
contig_6172_part1	804920	805067	intergenic	.	contig_6172_part1:804920-805067
contig_6172_part1	1095833	1096133	intergenic	.	contig_6172_part1:1095833-1096133
contig_6172_part2	223226	223287	intergenic	.	contig_6172_part2:223226-223287
contig_6172_part2	414556	414635	intergenic	.	contig_6172_part2:414556-414635
contig_6172_part2	986733	986836	intergenic	.	contig_6172_part2:986733-986836
contig_6172_part2	1220334	1220487	intergenic	.	contig_6172_part2:1220334-1220487
contig_6172_part2	1373342	1373569	intergenic	.	contig_6172_part2:1373342-1373569
contig_6172_part2	1406960	1407103	intergenic	.	contig_6172_part2:1406960-1407103
contig_6172_part2	1696187	1696631	intergenic	.	contig_6172_part2:1696187-1696631
contig_6172_part2	1837790	1837903	intergenic	.	contig_6172_part2:1837790-1837903
contig_6172_part2	2178539	2178761	intergenic	.	contig_6172_part2:2178539-2178761
contig_6172_part2	2607091	2607186	intergenic	.	contig_6172_part2:2607091-2607186
contig_6172_part2	2857781	2857900	intergenic	.	contig_6172_part2:2857781-2857900
contig_6172_part2	3082812	3082897	intergenic	.	contig_6172_part2:3082812-3082897
contig_6172_part2	3226256	3226497	intergenic	.	contig_6172_part2:3226256-3226497
contig_6172_part2	3254986	3255187	intergenic	.	contig_6172_part2:3254986-3255187
contig_6172_part2	3258883	3259083	intergenic	.	contig_6172_part2:3258883-3259083
contig_6172_part2	3702370	3702725	intergenic	.	contig_6172_part2:3702370-3702725
contig_6172_part2	3924324	3924372	intergenic	.	contig_6172_part2:3924324-3924372
contig_6172_part2	4057437	4057588	gene,mRNA	.	contig_6172_part2:4057437-4057588,contig_6172_part2:4057437-4057588
contig_6172_part2	4472784	4472884	gene,mRNA	.	contig_6172_part2:4472784-4472884,contig_6172_part2:4472784-4472884
contig_6172_part2	4550343	4550549	intergenic	.	contig_6172_part2:4550343-4550549
contig_6213	48547	48646	intergenic	.	contig_6213:48547-48646
contig_6213	186647	187012	intergenic	.	contig_6213:186647-187012
contig_6245	1289401	1289501	gene,mRNA	.	contig_6245:1289401-1289501,contig_6245:1289401-1289501
contig_6245	2047598	2047777	gene,mRNA	.	contig_6245:2047598-2047777,contig_6245:2047598-2047777
contig_6245	2227116	2227256	gene,mRNA	.	contig_6245:2227116-2227256,contig_6245:2227116-2227256
contig_6245	2443144	2443320	intergenic	.	contig_6245:2443144-2443320
contig_6245	2562761	2562846	intergenic	.	contig_6245:2562761-2562846
contig_6245	2907858	2908130	gene,mRNA	.	contig_6245:2907858-2908130,contig_6245:2907858-2908130
contig_6245	3595139	3595544	intergenic	.	contig_6245:3595139-3595544
contig_6245	3627196	3627290	intergenic	.	contig_6245:3627196-3627290
contig_6276	654809	654893	gene,mRNA	.	contig_6276:654809-654893,contig_6276:654809-654893
contig_6276	674056	674094	intergenic	.	contig_6276:674056-674094
contig_6276	1291373	1291471	intergenic	.	contig_6276:1291373-1291471
contig_6276	1330922	1331070	intergenic	.	contig_6276:1330922-1331070
contig_6276	1810511	1810566	intergenic	.	contig_6276:1810511-1810566
contig_6276	2173435	2173719	intergenic	.	contig_6276:2173435-2173719
contig_6276	2689698	2689777	intergenic	.	contig_6276:2689698-2689777
contig_6276	3106913	3107013	intergenic	.	contig_6276:3106913-3107013
contig_6276	3113505	3113572	intergenic	.	contig_6276:3113505-3113572
contig_6276	3113662	3114312	intergenic	.	contig_6276:3113662-3114312
contig_6276	3130293	3130788	intergenic	.	contig_6276:3130293-3130788
contig_6276	3130932	3131034	intergenic	.	contig_6276:3130932-3131034
contig_6276	5332662	5332827	intergenic	.	contig_6276:5332662-5332827
contig_6321	92807	92971	gene,mRNA	.	contig_6321:92807-92971,contig_6321:92807-92971
contig_6321	126815	126961	gene,mRNA	.	contig_6321:126815-126961,contig_6321:126815-126961
contig_6339	36994	37133	gene,mRNA	.	contig_6339:36994-37133,contig_6339:36994-37133
contig_6339	268919	268954	intergenic	.	contig_6339:268919-268954
contig_6339	350002	350123	gene,mRNA	.	contig_6339:350002-350123,contig_6339:350002-350123
contig_6339	596796	596940	intergenic	.	contig_6339:596796-596940
contig_6339	619904	619976	intergenic	.	contig_6339:619904-619976
contig_6339	619904	620189	gene,polyA_signal_sequence	.	contig_6339:619904-620189,contig_6339:619904-620189
contig_6339	916457	916505	intergenic	.	contig_6339:916457-916505
contig_6339	930515	930790	intergenic	.	contig_6339:930515-930790
contig_6339	1148657	1148927	intergenic	.	contig_6339:1148657-1148927
contig_6339	1149020	1149178	intergenic	.	contig_6339:1149020-1149178
contig_6339	1363741	1363902	intergenic	.	contig_6339:1363741-1363902
contig_6339	1475990	1476329	intergenic	.	contig_6339:1475990-1476329
contig_6339	2258421	2258729	intergenic	.	contig_6339:2258421-2258729
contig_6339	2348482	2348702	intergenic	.	contig_6339:2348482-2348702
contig_6339	2527472	2527694	intergenic	.	contig_6339:2527472-2527694
contig_6339	2563642	2563858	intergenic	.	contig_6339:2563642-2563858
contig_6339	2991948	2992078	intergenic	.	contig_6339:2991948-2992078
contig_6339	3504900	3505129	intergenic	.	contig_6339:3504900-3505129
contig_6339	3878660	3878732	intergenic	.	contig_6339:3878660-3878732
contig_6339	3914042	3914298	gene,mRNA	.	contig_6339:3914042-3914298,contig_6339:3914042-3914298
contig_6339	4086344	4086384	intergenic	.	contig_6339:4086344-4086384
contig_6339	4102112	4102284	gene,mRNA	.	contig_6339:4102112-4102284,contig_6339:4102112-4102284
contig_6339	4103106	4103278	intergenic	.	contig_6339:4103106-4103278
contig_6339	4105781	4105823	intergenic	.	contig_6339:4105781-4105823
contig_6339	4717550	4717621	intergenic	.	contig_6339:4717550-4717621
contig_6339	4772203	4772421	intergenic	.	contig_6339:4772203-4772421
contig_6353	313514	313689	gene,mRNA	.	contig_6353:313514-313689,contig_6353:313514-313689
contig_6353	1190596	1190955	intergenic	.	contig_6353:1190596-1190955
contig_6353	1373165	1373308	gene,mRNA	.	contig_6353:1373165-1373308,contig_6353:1373165-1373308
contig_6353	1687076	1687190	intergenic	.	contig_6353:1687076-1687190
contig_6353	1687289	1687577	intergenic	.	contig_6353:1687289-1687577
contig_6353	2944490	2944720	gene,mRNA	.	contig_6353:2944490-2944720,contig_6353:2944490-2944720
contig_6353	2944774	2944825	gene,mRNA	.	contig_6353:2944774-2944825,contig_6353:2944774-2944825
contig_6353	2986759	2987000	intergenic	.	contig_6353:2986759-2987000
contig_6353	3016244	3016492	intergenic	.	contig_6353:3016244-3016492
contig_6392	570005	570049	intergenic	.	contig_6392:570005-570049
contig_6392	1019147	1019249	intergenic	.	contig_6392:1019147-1019249
contig_6392	1079450	1079515	intergenic	.	contig_6392:1079450-1079515
contig_6392	1113726	1114128	intergenic	.	contig_6392:1113726-1114128
contig_6407	88015	88072	intergenic	.	contig_6407:88015-88072
contig_6412	122858	122917	exon,CDS,gene,mRNA	.	contig_6412:122858-122917,contig_6412:122858-122917,contig_6412:122858-122917,contig_6412:122858-122917
contig_6412	232919	233319	intergenic	.	contig_6412:232919-233319
contig_6412	249491	249549	intergenic	.	contig_6412:249491-249549
contig_6412	249600	249650	intergenic	.	contig_6412:249600-249650
contig_6412	475868	475935	intergenic	.	contig_6412:475868-475935
contig_6412	702875	702986	intergenic	.	contig_6412:702875-702986
contig_6412	775502	775840	gene,mRNA	.	contig_6412:775502-775840,contig_6412:775502-775840
contig_6412	1028110	1028147	intergenic	.	contig_6412:1028110-1028147
contig_6412	1462668	1462917	intergenic	.	contig_6412:1462668-1462917
contig_6412	1676778	1676840	intergenic	.	contig_6412:1676778-1676840
contig_6434	576731	576859	intergenic	.	contig_6434:576731-576859
contig_6434	1475173	1475391	intergenic	.	contig_6434:1475173-1475391
contig_6434	1480519	1480783	intergenic	.	contig_6434:1480519-1480783
contig_6434	1543206	1543647	intergenic	.	contig_6434:1543206-1543647
contig_6500	580300	580370	intergenic	.	contig_6500:580300-580370
contig_6500	700026	700120	intergenic	.	contig_6500:700026-700120
contig_6500	700302	700460	intergenic	.	contig_6500:700302-700460
contig_6500	842493	842721	intergenic	.	contig_6500:842493-842721
contig_6500	1139672	1139735	gene,mRNA	.	contig_6500:1139672-1139735,contig_6500:1139672-1139735
contig_6500	1456313	1456429	intergenic	.	contig_6500:1456313-1456429
contig_6500	1456524	1457072	intergenic	.	contig_6500:1456524-1457072
contig_6500	1540503	1540753	intergenic	.	contig_6500:1540503-1540753
contig_6500	1862868	1862964	intergenic	.	contig_6500:1862868-1862964
contig_6500	1997086	1997258	intergenic	.	contig_6500:1997086-1997258
contig_6500	2311688	2311727	intergenic	.	contig_6500:2311688-2311727
contig_6500	2338990	2339155	intergenic	.	contig_6500:2338990-2339155
contig_6500	2838520	2838732	gene,mRNA,exon,CDS,stop_codon	.	contig_6500:2838520-2838732,contig_6500:2838520-2838732,contig_6500:2838520-2838732,contig_6500:2838520-2838732,contig_6500:2838520-2838732
contig_6500	3384499	3384594	intergenic	.	contig_6500:3384499-3384594
contig_6500	3624493	3624779	intergenic	.	contig_6500:3624493-3624779
contig_6500	4176745	4176876	intergenic	.	contig_6500:4176745-4176876
contig_6500	4392892	4392958	intergenic	.	contig_6500:4392892-4392958
contig_6500	4462126	4462593	intergenic	.	contig_6500:4462126-4462593
contig_6500	4824117	4824173	intergenic	.	contig_6500:4824117-4824173
contig_6500	5330056	5330207	intergenic	.	contig_6500:5330056-5330207
contig_6500	5354685	5354770	intergenic	.	contig_6500:5354685-5354770
contig_6500	5631018	5631073	intergenic	.	contig_6500:5631018-5631073
contig_6500	6597982	6598216	intergenic	.	contig_6500:6597982-6598216
contig_6500	7068664	7068734	intergenic	.	contig_6500:7068664-7068734
contig_6500	7625990	7626068	intergenic	.	contig_6500:7625990-7626068
contig_6500	7685606	7685799	gene,mRNA	.	contig_6500:7685606-7685799,contig_6500:7685606-7685799
contig_6500	7741932	7741984	gene,mRNA	.	contig_6500:7741932-7741984,contig_6500:7741932-7741984
contig_6500	7852432	7852524	intergenic	.	contig_6500:7852432-7852524
contig_6500	7988776	7988998	intergenic	.	contig_6500:7988776-7988998
contig_6500	8054916	8055068	intergenic	.	contig_6500:8054916-8055068
contig_6500	8311849	8311934	intergenic	.	contig_6500:8311849-8311934
contig_6500	9762715	9762749	intergenic	.	contig_6500:9762715-9762749
contig_6500	9830905	9831077	intergenic	.	contig_6500:9830905-9831077
contig_6500	9948097	9948144	intergenic	.	contig_6500:9948097-9948144
contig_6500	10149897	10150107	gene,mRNA	.	contig_6500:10149897-10150107,contig_6500:10149897-10150107
contig_6500	11471387	11472018	intergenic	.	contig_6500:11471387-11472018
contig_6500	11612742	11612821	intergenic	.	contig_6500:11612742-11612821
contig_6500	12086857	12087357	exon,CDS,stop_codon,gene,mRNA	.	contig_6500:12086857-12087357,contig_6500:12086857-12087357,contig_6500:12086857-12087357,contig_6500:12086857-12087357,contig_6500:12086857-12087357
contig_6500	12346380	12346539	intergenic	.	contig_6500:12346380-12346539
contig_6518	86059	86836	intergenic	.	contig_6518:86059-86836
contig_6518	87213	87302	intergenic	.	contig_6518:87213-87302
contig_6518	160573	160750	intergenic	.	contig_6518:160573-160750
contig_6518	424073	424278	gene,mRNA	.	contig_6518:424073-424278,contig_6518:424073-424278
contig_6518	490279	490554	intergenic	.	contig_6518:490279-490554
contig_6518	557729	557825	intergenic	.	contig_6518:557729-557825
contig_6518	589437	589561	intergenic	.	contig_6518:589437-589561
contig_6518	692360	692430	intergenic	.	contig_6518:692360-692430
contig_6518	1307592	1307795	intergenic	.	contig_6518:1307592-1307795
contig_6518	1309088	1309471	intergenic	.	contig_6518:1309088-1309471
contig_6518	1549428	1549500	intergenic	.	contig_6518:1549428-1549500
contig_6518	1550423	1550749	intergenic	.	contig_6518:1550423-1550749
contig_6518	1576766	1576856	intergenic	.	contig_6518:1576766-1576856
contig_6518	1669069	1669155	intergenic	.	contig_6518:1669069-1669155
contig_6518	1835180	1835241	intergenic	.	contig_6518:1835180-1835241
contig_6518	1858975	1859206	intergenic	.	contig_6518:1858975-1859206
contig_6518	1902336	1902520	intergenic	.	contig_6518:1902336-1902520
contig_6530	225034	225154	intergenic	.	contig_6530:225034-225154
contig_6530	276879	276936	intergenic	.	contig_6530:276879-276936
contig_6530	774224	774584	exon,CDS,stop_codon,polyA_signal_sequence,gene,mRNA	.	contig_6530:774224-774584,contig_6530:774224-774584,contig_6530:774224-774584,contig_6530:774224-774584,contig_6530:774224-774584,contig_6530:774224-774584
contig_6530	774534	774584	intergenic	.	contig_6530:774534-774584
contig_6530	1286945	1287025	intergenic	.	contig_6530:1286945-1287025
contig_6530	1545757	1545891	intergenic	.	contig_6530:1545757-1545891
contig_6530	2535301	2535415	gene,mRNA	.	contig_6530:2535301-2535415,contig_6530:2535301-2535415
contig_6530	3741464	3741531	intergenic	.	contig_6530:3741464-3741531
contig_6530	4489698	4489768	gene,mRNA	.	contig_6530:4489698-4489768,contig_6530:4489698-4489768
contig_6530	4780017	4780182	intergenic	.	contig_6530:4780017-4780182
contig_6530	5264852	5264989	intergenic	.	contig_6530:5264852-5264989
contig_6530	5378940	5379015	intergenic	.	contig_6530:5378940-5379015
contig_6530	5554703	5554957	intergenic	.	contig_6530:5554703-5554957
contig_6530	5902108	5902212	intergenic	.	contig_6530:5902108-5902212
contig_6530	5942328	5942575	intergenic	.	contig_6530:5942328-5942575
contig_6530	6164194	6164305	intergenic	.	contig_6530:6164194-6164305
contig_6530	6594769	6594927	intergenic	.	contig_6530:6594769-6594927
contig_6530	7962245	7962307	intergenic	.	contig_6530:7962245-7962307
contig_6530	8065944	8066006	intergenic	.	contig_6530:8065944-8066006
contig_6530	8787885	8787993	intergenic	.	contig_6530:8787885-8787993
contig_6530	8907136	8907201	intergenic	.	contig_6530:8907136-8907201
contig_6530	8907799	8908033	intergenic	.	contig_6530:8907799-8908033
contig_6530	9014828	9015043	gene,mRNA	.	contig_6530:9014828-9015043,contig_6530:9014828-9015043
contig_6530	9112776	9112855	intergenic	.	contig_6530:9112776-9112855
contig_6530	10003998	10004066	intergenic	.	contig_6530:10003998-10004066
contig_6530	11326422	11326480	intergenic	.	contig_6530:11326422-11326480
contig_6530	11345682	11345917	intergenic	.	contig_6530:11345682-11345917
contig_6530	12510027	12510117	intergenic	.	contig_6530:12510027-12510117
contig_6573	196457	196957	gene,mRNA	.	contig_6573:196457-196957,contig_6573:196457-196957
contig_6573	373986	374109	gene,mRNA	.	contig_6573:373986-374109,contig_6573:373986-374109
contig_6573	394862	395008	gene,mRNA	.	contig_6573:394862-395008,contig_6573:394862-395008
contig_6573	901278	901369	gene,mRNA	.	contig_6573:901278-901369,contig_6573:901278-901369
contig_6573	901481	901523	gene,mRNA	.	contig_6573:901481-901523,contig_6573:901481-901523
contig_6573	2020672	2020764	intergenic	.	contig_6573:2020672-2020764
contig_6573	2067042	2067266	intergenic	.	contig_6573:2067042-2067266
contig_6573	2428764	2428823	intergenic	.	contig_6573:2428764-2428823
contig_6573	2534537	2534873	intergenic	.	contig_6573:2534537-2534873
contig_6573	3166528	3166592	intergenic	.	contig_6573:3166528-3166592
contig_6573	3278529	3278812	intergenic	.	contig_6573:3278529-3278812
contig_6573	3450923	3450992	intergenic	.	contig_6573:3450923-3450992
contig_6573	4224809	4225017	gene,mRNA	.	contig_6573:4224809-4225017,contig_6573:4224809-4225017
contig_6573	4497074	4497126	gene,mRNA	.	contig_6573:4497074-4497126,contig_6573:4497074-4497126
contig_6573	5169099	5169284	intergenic	.	contig_6573:5169099-5169284
contig_6573	5218171	5218344	intergenic	.	contig_6573:5218171-5218344
contig_6573	5348227	5348423	intergenic	.	contig_6573:5348227-5348423
contig_6573	5441576	5441680	intergenic	.	contig_6573:5441576-5441680
contig_6573	5503356	5503479	intergenic	.	contig_6573:5503356-5503479
contig_6573	6123128	6123214	intergenic	.	contig_6573:6123128-6123214
contig_6573	6304687	6304747	intergenic	.	contig_6573:6304687-6304747
contig_6573	7359403	7359644	intergenic	.	contig_6573:7359403-7359644
contig_6573	8181308	8181374	intergenic	.	contig_6573:8181308-8181374
contig_6573	8295197	8295364	intergenic	.	contig_6573:8295197-8295364
contig_6573	8954870	8954938	intergenic	.	contig_6573:8954870-8954938
contig_6573	8997433	8997551	intergenic	.	contig_6573:8997433-8997551
contig_6573	9133573	9133634	intergenic	.	contig_6573:9133573-9133634
contig_6573	9133686	9133734	intergenic	.	contig_6573:9133686-9133734
contig_6610	1707321	1707421	gene,mRNA,exon,CDS	.	contig_6610:1707321-1707421,contig_6610:1707321-1707421,contig_6610:1707321-1707421,contig_6610:1707321-1707421
contig_6655	1034422	1034459	intergenic	.	contig_6655:1034422-1034459
contig_6669_part2	628465	628503	intergenic	.	contig_6669_part2:628465-628503
contig_6669_part2	1065588	1065693	intergenic	.	contig_6669_part2:1065588-1065693
contig_6669_part2	1219709	1219900	intergenic	.	contig_6669_part2:1219709-1219900
contig_6669_part2	1277977	1278077	intergenic	.	contig_6669_part2:1277977-1278077
contig_6669_part2	1616438	1616657	intergenic	.	contig_6669_part2:1616438-1616657
contig_6669_part2	1809342	1809393	intergenic	.	contig_6669_part2:1809342-1809393
contig_6669_part2	2848712	2848762	intergenic	.	contig_6669_part2:2848712-2848762
contig_6669_part2	3353879	3354106	intergenic	.	contig_6669_part2:3353879-3354106
contig_6669_part2	3357266	3357426	intergenic	.	contig_6669_part2:3357266-3357426
contig_6669_part2	3779839	3779898	intergenic	.	contig_6669_part2:3779839-3779898
contig_6669_part2	4531536	4531661	intergenic	.	contig_6669_part2:4531536-4531661
contig_6669_part2	4601801	4601969	intergenic	.	contig_6669_part2:4601801-4601969
contig_6692	8913	8974	intergenic	.	contig_6692:8913-8974
contig_6726	132499	132631	intergenic	.	contig_6726:132499-132631
contig_6726	826063	826162	gene,mRNA	.	contig_6726:826063-826162,contig_6726:826063-826162
contig_6726	1754727	1754837	intergenic	.	contig_6726:1754727-1754837
contig_6726	2296970	2297022	intergenic	.	contig_6726:2296970-2297022
contig_6726	2379881	2379985	intergenic	.	contig_6726:2379881-2379985
contig_6726	2423731	2423781	intergenic	.	contig_6726:2423731-2423781
contig_6726	2424012	2424058	intergenic	.	contig_6726:2424012-2424058
contig_6726	2789020	2789108	intergenic	.	contig_6726:2789020-2789108
contig_6726	3267941	3268014	intergenic	.	contig_6726:3267941-3268014
contig_6726	3794710	3794788	intergenic	.	contig_6726:3794710-3794788
contig_6726	4369580	4369689	intergenic	.	contig_6726:4369580-4369689
contig_6738	302840	302885	intergenic	.	contig_6738:302840-302885
contig_6738	303684	303819	intergenic	.	contig_6738:303684-303819
contig_6738	338060	338571	exon,CDS,stop_codon,polyA_signal_sequence,gene,mRNA	.	contig_6738:338060-338571,contig_6738:338060-338571,contig_6738:338060-338571,contig_6738:338060-338571,contig_6738:338060-338571,contig_6738:338060-338571
contig_6738	338507	338571	intergenic	.	contig_6738:338507-338571
contig_6738	529487	529611	intergenic	.	contig_6738:529487-529611
contig_6738	1867038	1867147	gene,mRNA	.	contig_6738:1867038-1867147,contig_6738:1867038-1867147
contig_6738	2246762	2246939	intergenic	.	contig_6738:2246762-2246939
contig_6738	2404157	2404204	intergenic	.	contig_6738:2404157-2404204
contig_6738	2427800	2428085	intergenic	.	contig_6738:2427800-2428085
contig_6738	2551644	2551687	intergenic	.	contig_6738:2551644-2551687
contig_6738	2552252	2552321	intergenic	.	contig_6738:2552252-2552321
contig_6738	2605686	2605774	intergenic	.	contig_6738:2605686-2605774
contig_6738	3113843	3114019	intergenic	.	contig_6738:3113843-3114019
contig_675	94962	95062	gene,mRNA,stop_codon,exon,CDS	.	contig_675:94962-95062,contig_675:94962-95062,contig_675:94962-95062,contig_675:94962-95062,contig_675:94962-95062
contig_675	486020	486109	intergenic	.	contig_675:486020-486109
contig_675	1219536	1219566	intergenic	.	contig_675:1219536-1219566
contig_6759	138055	138170	intergenic	.	contig_6759:138055-138170
contig_6759	163080	163121	intergenic	.	contig_6759:163080-163121
contig_6759	296700	296739	intergenic	.	contig_6759:296700-296739
contig_6759	310272	310374	intergenic	.	contig_6759:310272-310374
contig_6759	540183	540334	intergenic	.	contig_6759:540183-540334
contig_6759	5615801	5615897	intergenic	.	contig_6759:5615801-5615897
contig_6759	6257531	6257694	gene,mRNA	.	contig_6759:6257531-6257694,contig_6759:6257531-6257694
contig_6759	6375016	6375252	gene,mRNA	.	contig_6759:6375016-6375252,contig_6759:6375016-6375252
contig_6759	6427186	6427274	intergenic	.	contig_6759:6427186-6427274
contig_6759	6671941	6672190	intergenic	.	contig_6759:6671941-6672190
contig_676	597190	597269	intergenic	.	contig_676:597190-597269
contig_676	989529	989635	intergenic	.	contig_676:989529-989635
contig_6787	26173	26381	intergenic	.	contig_6787:26173-26381
contig_6787	380523	380580	intergenic	.	contig_6787:380523-380580
contig_6787	399412	399565	intergenic	.	contig_6787:399412-399565
contig_6787	685560	685649	intergenic	.	contig_6787:685560-685649
contig_6787	1287572	1287774	gene,mRNA	.	contig_6787:1287572-1287774,contig_6787:1287572-1287774
contig_6787	2986729	2986833	intergenic	.	contig_6787:2986729-2986833
contig_6787	3125673	3125773	intergenic	.	contig_6787:3125673-3125773
contig_6788	33074	33299	intergenic	.	contig_6788:33074-33299
contig_6879	1422007	1422183	intergenic	.	contig_6879:1422007-1422183
contig_6879	1439850	1439937	intergenic	.	contig_6879:1439850-1439937
contig_6879	1517368	1517458	intergenic	.	contig_6879:1517368-1517458
contig_6879	1798662	1798786	gene,mRNA	.	contig_6879:1798662-1798786,contig_6879:1798662-1798786
contig_6879	2182477	2182543	intergenic	.	contig_6879:2182477-2182543
contig_6879	3100946	3101133	intergenic	.	contig_6879:3100946-3101133
contig_6892	350751	350801	gene,mRNA	.	contig_6892:350751-350801,contig_6892:350751-350801
contig_6892	350861	351148	gene,mRNA	.	contig_6892:350861-351148,contig_6892:350861-351148
contig_6892	749963	750119	intergenic	.	contig_6892:749963-750119
contig_6892	821270	821366	intergenic	.	contig_6892:821270-821366
contig_6892	822877	822913	intergenic	.	contig_6892:822877-822913
contig_6892	1200154	1200525	intergenic	.	contig_6892:1200154-1200525
contig_6892	1230370	1230419	intergenic	.	contig_6892:1230370-1230419
contig_6892	1418177	1418404	intergenic	.	contig_6892:1418177-1418404
contig_6892	1895352	1895443	intergenic	.	contig_6892:1895352-1895443
contig_6892	1923208	1923694	intergenic	.	contig_6892:1923208-1923694
contig_6892	2048511	2048675	intergenic	.	contig_6892:2048511-2048675
contig_6892	2902062	2902202	intergenic	.	contig_6892:2902062-2902202
contig_6892	2902538	2902568	intergenic	.	contig_6892:2902538-2902568
contig_6892	2972517	2972642	intergenic	.	contig_6892:2972517-2972642
contig_6912	57575	57666	intergenic	.	contig_6912:57575-57666
contig_701	28433	28559	intergenic	.	contig_701:28433-28559
contig_7050	121112	121306	intergenic	.	contig_7050:121112-121306
contig_7050	122663	122722	intergenic	.	contig_7050:122663-122722
contig_7050	1033181	1033413	gene,mRNA	.	contig_7050:1033181-1033413,contig_7050:1033181-1033413
contig_7050	1436315	1436512	intergenic	.	contig_7050:1436315-1436512
contig_7050	1592210	1592240	intergenic	.	contig_7050:1592210-1592240
contig_7050	1681301	1681366	intergenic	.	contig_7050:1681301-1681366
contig_7050	1826849	1826970	intergenic	.	contig_7050:1826849-1826970
contig_7050	2294186	2294376	intergenic	.	contig_7050:2294186-2294376
contig_7050	4313539	4313714	intergenic	.	contig_7050:4313539-4313714
contig_7050	5214234	5214413	gene,mRNA	.	contig_7050:5214234-5214413,contig_7050:5214234-5214413
contig_7050	5538951	5539078	intergenic	.	contig_7050:5538951-5539078
contig_7050	5718235	5718366	intergenic	.	contig_7050:5718235-5718366
contig_7050	5777119	5777221	intergenic	.	contig_7050:5777119-5777221
contig_7050	5816297	5816409	intergenic	.	contig_7050:5816297-5816409
contig_7050	6285969	6286095	intergenic	.	contig_7050:6285969-6286095
contig_7050	6434383	6434473	intergenic	.	contig_7050:6434383-6434473
contig_7050	6616213	6616759	intergenic	.	contig_7050:6616213-6616759
contig_7050	7067851	7067907	intergenic	.	contig_7050:7067851-7067907
contig_7050	7265948	7266048	gene,mRNA	.	contig_7050:7265948-7266048,contig_7050:7265948-7266048
contig_7050	7266104	7266167	gene,mRNA	.	contig_7050:7266104-7266167,contig_7050:7266104-7266167
contig_7050	7676847	7676947	intergenic	.	contig_7050:7676847-7676947
contig_7050	8047656	8047886	intergenic	.	contig_7050:8047656-8047886
contig_7050	8534611	8534747	intergenic	.	contig_7050:8534611-8534747
contig_7050	8631415	8631480	intergenic	.	contig_7050:8631415-8631480
contig_7050	8762591	8762762	exon,CDS,gene,mRNA	.	contig_7050:8762591-8762762,contig_7050:8762591-8762762,contig_7050:8762591-8762762,contig_7050:8762591-8762762
contig_7050	8780851	8781049	intergenic	.	contig_7050:8780851-8781049
contig_7050	8899239	8899423	gene,mRNA	.	contig_7050:8899239-8899423,contig_7050:8899239-8899423
contig_7065	82379	82852	gene,mRNA	.	contig_7065:82379-82852,contig_7065:82379-82852
contig_7065	737926	738206	intergenic	.	contig_7065:737926-738206
contig_7065	956408	956544	gene,mRNA	.	contig_7065:956408-956544,contig_7065:956408-956544
contig_7065	1747027	1747113	intergenic	.	contig_7065:1747027-1747113
contig_7065	1747027	1747567	gene,mRNA,start_codon,exon,CDS	.	contig_7065:1747027-1747567,contig_7065:1747027-1747567,contig_7065:1747027-1747567,contig_7065:1747027-1747567,contig_7065:1747027-1747567
contig_7065	1902438	1902554	gene,mRNA	.	contig_7065:1902438-1902554,contig_7065:1902438-1902554
contig_7065	2006412	2006487	intergenic	.	contig_7065:2006412-2006487
contig_7091	43830	43922	intergenic	.	contig_7091:43830-43922
contig_7091	43999	44166	intergenic	.	contig_7091:43999-44166
contig_7091	1429730	1430036	gene,mRNA	.	contig_7091:1429730-1430036,contig_7091:1429730-1430036
contig_7091	1509135	1509204	gene,mRNA	.	contig_7091:1509135-1509204,contig_7091:1509135-1509204
contig_7091	1536500	1536672	intergenic	.	contig_7091:1536500-1536672
contig_7091	1537094	1537151	intergenic	.	contig_7091:1537094-1537151
contig_7091	1606831	1606876	intergenic	.	contig_7091:1606831-1606876
contig_7091	1810262	1810326	intergenic	.	contig_7091:1810262-1810326
contig_7113	51483	51600	intergenic	.	contig_7113:51483-51600
contig_7113	90872	91069	intergenic	.	contig_7113:90872-91069
contig_7113	91413	91472	intergenic	.	contig_7113:91413-91472
contig_7113	256056	256181	intergenic	.	contig_7113:256056-256181
contig_7114	81614	81768	intergenic	.	contig_7114:81614-81768
contig_7114	94848	94902	intergenic	.	contig_7114:94848-94902
contig_7114	423637	423770	intergenic	.	contig_7114:423637-423770
contig_7114	455944	456073	intergenic	.	contig_7114:455944-456073
contig_7114	630313	630383	gene,mRNA	.	contig_7114:630313-630383,contig_7114:630313-630383
contig_7114	905546	905711	intergenic	.	contig_7114:905546-905711
contig_7114	936638	936783	intergenic	.	contig_7114:936638-936783
contig_7114	1951295	1951332	gene,mRNA	.	contig_7114:1951295-1951332,contig_7114:1951295-1951332
contig_7127	197893	197988	intergenic	.	contig_7127:197893-197988
contig_7127	198343	198456	intergenic	.	contig_7127:198343-198456
contig_7127	510290	510427	gene,mRNA	.	contig_7127:510290-510427,contig_7127:510290-510427
contig_7127	621503	621694	intergenic	.	contig_7127:621503-621694
contig_7127	789614	789820	intergenic	.	contig_7127:789614-789820
contig_7127	921221	921788	gene,mRNA	.	contig_7127:921221-921788,contig_7127:921221-921788
contig_7127	1017814	1017854	gene,mRNA	.	contig_7127:1017814-1017854,contig_7127:1017814-1017854
contig_7134	98513	98562	intergenic	.	contig_7134:98513-98562
contig_7134	483145	483483	gene,mRNA	.	contig_7134:483145-483483,contig_7134:483145-483483
contig_7134	1279871	1280069	intergenic	.	contig_7134:1279871-1280069
contig_7134	1400015	1400167	intergenic	.	contig_7134:1400015-1400167
contig_7134	1432057	1432224	intergenic	.	contig_7134:1432057-1432224
contig_7134	1705368	1705665	intergenic	.	contig_7134:1705368-1705665
contig_7134	1899639	1899693	intergenic	.	contig_7134:1899639-1899693
contig_7134	1947584	1947750	intergenic	.	contig_7134:1947584-1947750
contig_7134	2055859	2056018	gene,mRNA	.	contig_7134:2055859-2056018,contig_7134:2055859-2056018
contig_7134	2418396	2418526	intergenic	.	contig_7134:2418396-2418526
contig_7134	2495920	2496116	intergenic	.	contig_7134:2495920-2496116
contig_7134	2520779	2521109	intergenic	.	contig_7134:2520779-2521109
contig_7134	2683514	2683898	gene,mRNA	.	contig_7134:2683514-2683898,contig_7134:2683514-2683898
contig_7134	2928887	2928975	intergenic	.	contig_7134:2928887-2928975
contig_7134	3114980	3115178	gene,mRNA	.	contig_7134:3114980-3115178,contig_7134:3114980-3115178
contig_7134	3229014	3229423	intergenic	.	contig_7134:3229014-3229423
contig_7134	3279098	3279340	intergenic	.	contig_7134:3279098-3279340
contig_7134	3831580	3831857	intergenic	.	contig_7134:3831580-3831857
contig_7134	3957565	3957715	intergenic	.	contig_7134:3957565-3957715
contig_7134	4128614	4129257	intergenic	.	contig_7134:4128614-4129257
contig_7134	4495213	4495401	intergenic	.	contig_7134:4495213-4495401
contig_7134	4577054	4577150	intergenic	.	contig_7134:4577054-4577150
contig_7134	4653635	4653793	intergenic	.	contig_7134:4653635-4653793
contig_7134	4723690	4723932	intergenic	.	contig_7134:4723690-4723932
contig_7134	4772657	4772751	intergenic	.	contig_7134:4772657-4772751
contig_7134	4772866	4772951	intergenic	.	contig_7134:4772866-4772951
contig_7134	4773026	4773374	intergenic	.	contig_7134:4773026-4773374
contig_7134	4981174	4981293	intergenic	.	contig_7134:4981174-4981293
contig_7134	5112291	5112413	gene,mRNA	.	contig_7134:5112291-5112413,contig_7134:5112291-5112413
contig_7134	5218490	5218740	intergenic	.	contig_7134:5218490-5218740
contig_7134	5282971	5283016	intergenic	.	contig_7134:5282971-5283016
contig_7134	5297657	5297804	intergenic	.	contig_7134:5297657-5297804
contig_7134	5342521	5342631	intergenic	.	contig_7134:5342521-5342631
contig_7134	5394423	5394616	intergenic	.	contig_7134:5394423-5394616
contig_7134	5511315	5511351	intergenic	.	contig_7134:5511315-5511351
contig_7134	5587392	5587443	intergenic	.	contig_7134:5587392-5587443
contig_7134	5587670	5587717	intergenic	.	contig_7134:5587670-5587717
contig_7134	5628276	5628452	intergenic	.	contig_7134:5628276-5628452
contig_7134	5744044	5744118	gene,mRNA	.	contig_7134:5744044-5744118,contig_7134:5744044-5744118
contig_7134	6216904	6217003	intergenic	.	contig_7134:6216904-6217003
contig_7134	6272693	6272928	intergenic	.	contig_7134:6272693-6272928
contig_7134	6330102	6330477	intergenic	.	contig_7134:6330102-6330477
contig_7134	6330552	6330613	intergenic	.	contig_7134:6330552-6330613
contig_7134	6346782	6346899	intergenic	.	contig_7134:6346782-6346899
contig_7134	6467697	6467794	intergenic	.	contig_7134:6467697-6467794
contig_7134	6710342	6710378	gene,mRNA	.	contig_7134:6710342-6710378,contig_7134:6710342-6710378
contig_7134	7450462	7450794	intergenic	.	contig_7134:7450462-7450794
contig_7134	7543962	7544037	intergenic	.	contig_7134:7543962-7544037
contig_7134	7647799	7648155	intergenic	.	contig_7134:7647799-7648155
contig_7134	7660728	7660774	intergenic	.	contig_7134:7660728-7660774
contig_7134	7733795	7733995	intergenic	.	contig_7134:7733795-7733995
contig_7134	8021049	8021138	intergenic	.	contig_7134:8021049-8021138
contig_7134	8037803	8037944	intergenic	.	contig_7134:8037803-8037944
contig_7134	8215525	8215942	intergenic	.	contig_7134:8215525-8215942
contig_7134	8246354	8246479	intergenic	.	contig_7134:8246354-8246479
contig_7134	8558653	8558971	gene,mRNA	.	contig_7134:8558653-8558971,contig_7134:8558653-8558971
contig_7134	8999460	8999491	intergenic	.	contig_7134:8999460-8999491
contig_7134	9248514	9248798	gene,mRNA	.	contig_7134:9248514-9248798,contig_7134:9248514-9248798
contig_7134	9445190	9445391	intergenic	.	contig_7134:9445190-9445391
contig_7134	9445506	9445819	intergenic	.	contig_7134:9445506-9445819
contig_7134	9527115	9527194	intergenic	.	contig_7134:9527115-9527194
contig_7134	9743738	9743894	intergenic	.	contig_7134:9743738-9743894
contig_7134	9824164	9824472	intergenic	.	contig_7134:9824164-9824472
contig_714	938919	939367	intergenic	.	contig_714:938919-939367
contig_714	1001940	1002027	intergenic	.	contig_714:1001940-1002027
contig_7168	640845	641049	intergenic	.	contig_7168:640845-641049
contig_7168	679938	680124	intergenic	.	contig_7168:679938-680124
contig_7168	914203	914339	intergenic	.	contig_7168:914203-914339
contig_7168	914565	914620	intergenic	.	contig_7168:914565-914620
contig_7168	4022374	4022438	intergenic	.	contig_7168:4022374-4022438
contig_717	730846	731016	intergenic	.	contig_717:730846-731016
contig_7212	160312	160532	intergenic	.	contig_7212:160312-160532
contig_7212	877650	877794	intergenic	.	contig_7212:877650-877794
contig_7212	1070437	1070584	intergenic	.	contig_7212:1070437-1070584
contig_7212	1148883	1148972	intergenic	.	contig_7212:1148883-1148972
contig_7212	1149027	1149472	intergenic	.	contig_7212:1149027-1149472
contig_7212	1270440	1270481	intergenic	.	contig_7212:1270440-1270481
contig_7212	1417023	1417094	intergenic	.	contig_7212:1417023-1417094
contig_7212	1504955	1505093	intergenic	.	contig_7212:1504955-1505093
contig_7212	1620001	1620145	gene,mRNA,exon,CDS	.	contig_7212:1620001-1620145,contig_7212:1620001-1620145,contig_7212:1620001-1620145,contig_7212:1620001-1620145
contig_7212	1652464	1652554	intergenic	.	contig_7212:1652464-1652554
contig_7212	1785816	1786068	intergenic	.	contig_7212:1785816-1786068
contig_7212	3044387	3044544	exon,CDS,gene,mRNA	.	contig_7212:3044387-3044544,contig_7212:3044387-3044544,contig_7212:3044387-3044544,contig_7212:3044387-3044544
contig_7212	3636827	3637335	exon,CDS,stop_codon,polyA_signal_sequence,gene,mRNA	.	contig_7212:3636827-3637335,contig_7212:3636827-3637335,contig_7212:3636827-3637335,contig_7212:3636827-3637335,contig_7212:3636827-3637335,contig_7212:3636827-3637335
contig_7212	3910209	3910381	intergenic	.	contig_7212:3910209-3910381
contig_7212	5335212	5335260	gene,mRNA	.	contig_7212:5335212-5335260,contig_7212:5335212-5335260
contig_7212	5567252	5567511	gene,mRNA	.	contig_7212:5567252-5567511,contig_7212:5567252-5567511
contig_7212	5706033	5707100	intergenic	.	contig_7212:5706033-5707100
contig_7212	5720608	5720798	gene,mRNA	.	contig_7212:5720608-5720798,contig_7212:5720608-5720798
contig_7212	5731249	5731317	gene,mRNA	.	contig_7212:5731249-5731317,contig_7212:5731249-5731317
contig_7212	5951981	5952081	gene,mRNA	.	contig_7212:5951981-5952081,contig_7212:5951981-5952081
contig_7212	5952279	5952378	gene,mRNA	.	contig_7212:5952279-5952378,contig_7212:5952279-5952378
contig_7212	6016225	6016303	gene,mRNA	.	contig_7212:6016225-6016303,contig_7212:6016225-6016303
contig_7212	6210669	6210833	intergenic	.	contig_7212:6210669-6210833
contig_7212	6229743	6230141	intergenic	.	contig_7212:6229743-6230141
contig_7235	19065	19453	intergenic	.	contig_7235:19065-19453
contig_7294	122238	122404	intergenic	.	contig_7294:122238-122404
contig_7294	1086103	1086296	intergenic	.	contig_7294:1086103-1086296
contig_7294	1138822	1138895	intergenic	.	contig_7294:1138822-1138895
contig_7294	1555274	1555672	gene,mRNA	.	contig_7294:1555274-1555672,contig_7294:1555274-1555672
contig_7294	1555776	1555967	gene,mRNA	.	contig_7294:1555776-1555967,contig_7294:1555776-1555967
contig_7294	1568688	1568741	intergenic	.	contig_7294:1568688-1568741
contig_7294	1568688	1568937	gene,mRNA,start_codon,exon,CDS	.	contig_7294:1568688-1568937,contig_7294:1568688-1568937,contig_7294:1568688-1568937,contig_7294:1568688-1568937,contig_7294:1568688-1568937
contig_7294	1735837	1736003	intergenic	.	contig_7294:1735837-1736003
contig_7294	1942463	1942813	intergenic	.	contig_7294:1942463-1942813
contig_7294	1999076	1999296	intergenic	.	contig_7294:1999076-1999296
contig_7294	2030379	2030796	intergenic	.	contig_7294:2030379-2030796
contig_7316	264367	264630	gene,mRNA	.	contig_7316:264367-264630,contig_7316:264367-264630
contig_7316	567102	567422	intergenic	.	contig_7316:567102-567422
contig_7322	38447	38711	gene,mRNA	.	contig_7322:38447-38711,contig_7322:38447-38711
contig_7322	345546	345740	gene,mRNA	.	contig_7322:345546-345740,contig_7322:345546-345740
contig_7325	251567	251610	intergenic	.	contig_7325:251567-251610
contig_7325	255357	255399	intergenic	.	contig_7325:255357-255399
contig_734	54334	54556	intergenic	.	contig_734:54334-54556
contig_734	264851	264970	gene,mRNA	.	contig_734:264851-264970,contig_734:264851-264970
contig_734	375515	375704	intergenic	.	contig_734:375515-375704
contig_734	460068	460116	intergenic	.	contig_734:460068-460116
contig_734	1673168	1673217	intergenic	.	contig_734:1673168-1673217
contig_734	2839307	2839354	intergenic	.	contig_734:2839307-2839354
contig_734	3702831	3702999	intergenic	.	contig_734:3702831-3702999
contig_734	3724504	3724666	intergenic	.	contig_734:3724504-3724666
contig_734	3903113	3903365	intergenic	.	contig_734:3903113-3903365
contig_734	6960348	6960395	intergenic	.	contig_734:6960348-6960395
contig_734	7901502	7901556	intergenic	.	contig_734:7901502-7901556
contig_734	8696964	8697093	intergenic	.	contig_734:8696964-8697093
contig_734	9023290	9023399	intergenic	.	contig_734:9023290-9023399
contig_734	9405107	9405304	intergenic	.	contig_734:9405107-9405304
contig_7345_part1	125675	125747	intergenic	.	contig_7345_part1:125675-125747
contig_7345_part1	125835	125936	intergenic	.	contig_7345_part1:125835-125936
contig_7345_part1	186674	186704	intergenic	.	contig_7345_part1:186674-186704
contig_7345_part1	453594	453687	intergenic	.	contig_7345_part1:453594-453687
contig_7345_part1	522521	522707	intergenic	.	contig_7345_part1:522521-522707
contig_7345_part1	568816	569046	intergenic	.	contig_7345_part1:568816-569046
contig_7345_part1	643941	644037	intergenic	.	contig_7345_part1:643941-644037
contig_7345_part2	354588	354757	intergenic	.	contig_7345_part2:354588-354757
contig_7345_part2	433477	433551	intergenic	.	contig_7345_part2:433477-433551
contig_7345_part2	620141	620281	intergenic	.	contig_7345_part2:620141-620281
contig_7345_part2	756013	756079	intergenic	.	contig_7345_part2:756013-756079
contig_7345_part2	1567157	1567227	intergenic	.	contig_7345_part2:1567157-1567227
contig_7345_part2	2411447	2411547	intergenic	.	contig_7345_part2:2411447-2411547
contig_7345_part2	2590295	2590350	intergenic	.	contig_7345_part2:2590295-2590350
contig_7345_part2	2923914	2924198	intergenic	.	contig_7345_part2:2923914-2924198
contig_7345_part2	3191604	3191675	gene,mRNA	.	contig_7345_part2:3191604-3191675,contig_7345_part2:3191604-3191675
contig_7345_part2	3635444	3635494	intergenic	.	contig_7345_part2:3635444-3635494
contig_7345_part2	3635572	3635844	intergenic	.	contig_7345_part2:3635572-3635844
contig_7345_part2	3744766	3744826	gene,mRNA	.	contig_7345_part2:3744766-3744826,contig_7345_part2:3744766-3744826
contig_7345_part2	3756284	3756387	intergenic	.	contig_7345_part2:3756284-3756387
contig_7345_part2	3862450	3862635	gene,mRNA	.	contig_7345_part2:3862450-3862635,contig_7345_part2:3862450-3862635
contig_7345_part2	4018626	4018734	gene,mRNA	.	contig_7345_part2:4018626-4018734,contig_7345_part2:4018626-4018734
contig_7345_part2	4019035	4019712	gene,mRNA	.	contig_7345_part2:4019035-4019712,contig_7345_part2:4019035-4019712
contig_735	1725240	1725350	gene,mRNA	.	contig_735:1725240-1725350,contig_735:1725240-1725350
contig_735	2015135	2015450	intergenic	.	contig_735:2015135-2015450
contig_735	2230392	2230621	intergenic	.	contig_735:2230392-2230621
contig_735	2829353	2829456	intergenic	.	contig_735:2829353-2829456
contig_735	3262235	3262252	intergenic	.	contig_735:3262235-3262252
contig_735	3262235	3262740	gene,polyA_signal_sequence,mRNA,stop_codon,exon,CDS	.	contig_735:3262235-3262740,contig_735:3262235-3262740,contig_735:3262235-3262740,contig_735:3262235-3262740,contig_735:3262235-3262740,contig_735:3262235-3262740
contig_735	3362534	3362618	gene,mRNA	.	contig_735:3362534-3362618,contig_735:3362534-3362618
contig_735	3590154	3590307	intergenic	.	contig_735:3590154-3590307
contig_735	3857470	3857604	intergenic	.	contig_735:3857470-3857604
contig_735	4127233	4127466	intergenic	.	contig_735:4127233-4127466
contig_735	4790685	4790772	intergenic	.	contig_735:4790685-4790772
contig_735	4963897	4964045	intergenic	.	contig_735:4963897-4964045
contig_735	4981821	4981977	intergenic	.	contig_735:4981821-4981977
contig_735	4996405	4996514	intergenic	.	contig_735:4996405-4996514
contig_735	5358107	5358308	intergenic	.	contig_735:5358107-5358308
contig_735	5578010	5578131	intergenic	.	contig_735:5578010-5578131
contig_735	5667263	5667394	intergenic	.	contig_735:5667263-5667394
contig_7352	99164	99334	intergenic	.	contig_7352:99164-99334
contig_7352	201251	201355	intergenic	.	contig_7352:201251-201355
contig_7352	348799	348893	gene,mRNA	.	contig_7352:348799-348893,contig_7352:348799-348893
contig_7352	348987	349054	gene,mRNA	.	contig_7352:348987-349054,contig_7352:348987-349054
contig_7352	587976	588156	intergenic	.	contig_7352:587976-588156
contig_7352	714684	714931	intergenic	.	contig_7352:714684-714931
contig_7352	1228797	1228957	intergenic	.	contig_7352:1228797-1228957
contig_7352	1305958	1306179	intergenic	.	contig_7352:1305958-1306179
contig_7352	1700091	1700134	intergenic	.	contig_7352:1700091-1700134
contig_7352	2270938	2271229	intergenic	.	contig_7352:2270938-2271229
contig_7352	3006353	3006763	intergenic	.	contig_7352:3006353-3006763
contig_7352	3565101	3565197	gene,mRNA	.	contig_7352:3565101-3565197,contig_7352:3565101-3565197
contig_7352	3746808	3747001	intergenic	.	contig_7352:3746808-3747001
contig_7352	4107835	4108104	exon,CDS,gene,mRNA	.	contig_7352:4107835-4108104,contig_7352:4107835-4108104,contig_7352:4107835-4108104,contig_7352:4107835-4108104
contig_7352	4196598	4196666	intergenic	.	contig_7352:4196598-4196666
contig_7352	4774876	4774912	intergenic	.	contig_7352:4774876-4774912
contig_7352	5002064	5002123	gene,mRNA	.	contig_7352:5002064-5002123,contig_7352:5002064-5002123
contig_7352	5783365	5783550	intergenic	.	contig_7352:5783365-5783550
contig_7359	1006075	1006292	polyA_signal_sequence,gene	.	contig_7359:1006075-1006292,contig_7359:1006075-1006292
contig_7359	1006159	1006292	intergenic	.	contig_7359:1006159-1006292
contig_7359	1035354	1035548	gene,mRNA	.	contig_7359:1035354-1035548,contig_7359:1035354-1035548
contig_7359	1123569	1123813	intergenic	.	contig_7359:1123569-1123813
contig_7359	1502809	1503143	gene,mRNA	.	contig_7359:1502809-1503143,contig_7359:1502809-1503143
contig_7359	1537997	1538097	intergenic	.	contig_7359:1537997-1538097
contig_7359	2298403	2298438	intergenic	.	contig_7359:2298403-2298438
contig_7359	2298491	2298544	intergenic	.	contig_7359:2298491-2298544
contig_7359	2312197	2312393	intergenic	.	contig_7359:2312197-2312393
contig_7359	2318835	2319022	intergenic	.	contig_7359:2318835-2319022
contig_7359	2574589	2574717	gene,mRNA	.	contig_7359:2574589-2574717,contig_7359:2574589-2574717
contig_7359	2594715	2594746	gene,mRNA	.	contig_7359:2594715-2594746,contig_7359:2594715-2594746
contig_7359	2622441	2622482	intergenic	.	contig_7359:2622441-2622482
contig_7359	2865449	2865496	intergenic	.	contig_7359:2865449-2865496
contig_7359	2919381	2919756	intergenic	.	contig_7359:2919381-2919756
contig_7359	2921931	2921978	intergenic	.	contig_7359:2921931-2921978
contig_7359	2929581	2929856	intergenic	.	contig_7359:2929581-2929856
contig_7359	3130330	3130517	intergenic	.	contig_7359:3130330-3130517
contig_7359	3205167	3205302	intergenic	.	contig_7359:3205167-3205302
contig_7359	3228202	3228259	intergenic	.	contig_7359:3228202-3228259
contig_7359	3235718	3235791	intergenic	.	contig_7359:3235718-3235791
contig_7359	3335608	3335693	gene,mRNA	.	contig_7359:3335608-3335693,contig_7359:3335608-3335693
contig_7359	3518923	3519220	intergenic	.	contig_7359:3518923-3519220
contig_7359	3664292	3664460	intergenic	.	contig_7359:3664292-3664460
contig_7359	4322969	4323040	intergenic	.	contig_7359:4322969-4323040
contig_7359	4693717	4694086	gene,mRNA	.	contig_7359:4693717-4694086,contig_7359:4693717-4694086
contig_7359	4717839	4718057	gene,mRNA	.	contig_7359:4717839-4718057,contig_7359:4717839-4718057
contig_7359	5126849	5126923	intergenic	.	contig_7359:5126849-5126923
contig_7359	5202085	5202271	intergenic	.	contig_7359:5202085-5202271
contig_7359	7624311	7624404	intergenic	.	contig_7359:7624311-7624404
contig_7359	7628604	7628767	intergenic	.	contig_7359:7628604-7628767
contig_7359	8245428	8245490	intergenic	.	contig_7359:8245428-8245490
contig_7359	8398392	8398711	intergenic	.	contig_7359:8398392-8398711
contig_7359	8427575	8427752	intergenic	.	contig_7359:8427575-8427752
contig_7359	8463786	8463962	intergenic	.	contig_7359:8463786-8463962
contig_7359	8544720	8544863	gene,mRNA	.	contig_7359:8544720-8544863,contig_7359:8544720-8544863
contig_7359	8651046	8651220	intergenic	.	contig_7359:8651046-8651220
contig_736	248575	248778	intergenic	.	contig_736:248575-248778
contig_736	329576	329850	intergenic	.	contig_736:329576-329850
contig_736	331893	332178	intergenic	.	contig_736:331893-332178
contig_736	364067	364245	intergenic	.	contig_736:364067-364245
contig_7433	195225	195980	intergenic	.	contig_7433:195225-195980
contig_7433	278704	278761	intergenic	.	contig_7433:278704-278761
contig_7433	700593	700659	intergenic	.	contig_7433:700593-700659
contig_7433	1589502	1589942	gene,mRNA	.	contig_7433:1589502-1589942,contig_7433:1589502-1589942
contig_7433	2313625	2313780	intergenic	.	contig_7433:2313625-2313780
contig_7433	2643018	2643283	gene,mRNA	.	contig_7433:2643018-2643283,contig_7433:2643018-2643283
contig_7433	2756947	2757150	intergenic	.	contig_7433:2756947-2757150
contig_7463	335815	335922	intergenic	.	contig_7463:335815-335922
contig_7463	1053989	1054181	intergenic	.	contig_7463:1053989-1054181
contig_7463	1166002	1166144	intergenic	.	contig_7463:1166002-1166144
contig_7463	2076319	2076430	intergenic	.	contig_7463:2076319-2076430
contig_7463	2077094	2077324	intergenic	.	contig_7463:2077094-2077324
contig_7463	2412072	2412275	gene,mRNA	.	contig_7463:2412072-2412275,contig_7463:2412072-2412275
contig_7463	2615823	2615912	intergenic	.	contig_7463:2615823-2615912
contig_7463	2727635	2728036	intergenic	.	contig_7463:2727635-2728036
contig_7463	3064256	3064493	intergenic	.	contig_7463:3064256-3064493
contig_7463	3184830	3184918	intergenic	.	contig_7463:3184830-3184918
contig_7463	3333059	3333152	intergenic	.	contig_7463:3333059-3333152
contig_7463	3901652	3901716	intergenic	.	contig_7463:3901652-3901716
contig_7493	795282	795415	gene,mRNA	.	contig_7493:795282-795415,contig_7493:795282-795415
contig_7516	1957386	1957468	intergenic	.	contig_7516:1957386-1957468
contig_7516	2629774	2629855	gene,mRNA	.	contig_7516:2629774-2629855,contig_7516:2629774-2629855
contig_7539	322406	322653	intergenic	.	contig_7539:322406-322653
contig_7539	345420	345500	intergenic	.	contig_7539:345420-345500
contig_7539	346125	346280	intergenic	.	contig_7539:346125-346280
contig_7539	346379	346519	intergenic	.	contig_7539:346379-346519
contig_7539	354395	354644	intergenic	.	contig_7539:354395-354644
contig_7539	373346	373597	intergenic	.	contig_7539:373346-373597
contig_7539	615229	615341	intergenic	.	contig_7539:615229-615341
contig_7539	713247	713330	intergenic	.	contig_7539:713247-713330
contig_7539	773076	773171	intergenic	.	contig_7539:773076-773171
contig_7539	916950	917052	intergenic	.	contig_7539:916950-917052
contig_7539	941887	941929	gene,mRNA	.	contig_7539:941887-941929,contig_7539:941887-941929
contig_7539	1046576	1047473	intergenic	.	contig_7539:1046576-1047473
contig_7539	1299069	1299302	intergenic	.	contig_7539:1299069-1299302
contig_7539	1339967	1340032	intergenic	.	contig_7539:1339967-1340032
contig_7539	1340123	1340348	intergenic	.	contig_7539:1340123-1340348
contig_7539	1368030	1368155	intergenic	.	contig_7539:1368030-1368155
contig_7539	1648345	1648511	intergenic	.	contig_7539:1648345-1648511
contig_7539	2109829	2109906	intergenic	.	contig_7539:2109829-2109906
contig_7539	2131549	2131794	intergenic	.	contig_7539:2131549-2131794
contig_7539	2231071	2231520	intergenic	.	contig_7539:2231071-2231520
contig_7539	2487584	2487789	intergenic	.	contig_7539:2487584-2487789
contig_7539	2510153	2510405	intergenic	.	contig_7539:2510153-2510405
contig_7539	2680666	2680759	intergenic	.	contig_7539:2680666-2680759
contig_7539	2872268	2872495	intergenic	.	contig_7539:2872268-2872495
contig_7539	2874781	2874955	intergenic	.	contig_7539:2874781-2874955
contig_7539	2951871	2952350	intergenic	.	contig_7539:2951871-2952350
contig_7539	3053900	3053983	gene,mRNA	.	contig_7539:3053900-3053983,contig_7539:3053900-3053983
contig_7539	3056586	3056696	gene,mRNA	.	contig_7539:3056586-3056696,contig_7539:3056586-3056696
contig_757	288917	289099	gene,mRNA	.	contig_757:288917-289099,contig_757:288917-289099
contig_7649	185525	185592	intergenic	.	contig_7649:185525-185592
contig_7649	185655	186022	intergenic	.	contig_7649:185655-186022
contig_7653	66467	66501	intergenic	.	contig_7653:66467-66501
contig_7654	26216	26364	gene,mRNA	.	contig_7654:26216-26364,contig_7654:26216-26364
contig_7667	161423	161502	gene,mRNA	.	contig_7667:161423-161502,contig_7667:161423-161502
contig_7667	1021091	1021219	intergenic	.	contig_7667:1021091-1021219
contig_7667	1338797	1338883	intergenic	.	contig_7667:1338797-1338883
contig_7667	1759207	1759315	intergenic	.	contig_7667:1759207-1759315
contig_7667	1911298	1911382	intergenic	.	contig_7667:1911298-1911382
contig_7668	266640	267149	gene,mRNA	.	contig_7668:266640-267149,contig_7668:266640-267149
contig_7668	1299748	1299855	intergenic	.	contig_7668:1299748-1299855
contig_7668	1473763	1474522	intergenic	.	contig_7668:1473763-1474522
contig_7668	2003158	2003270	intergenic	.	contig_7668:2003158-2003270
contig_7668	2511251	2511343	intergenic	.	contig_7668:2511251-2511343
contig_7668	2627553	2627603	gene,mRNA	.	contig_7668:2627553-2627603,contig_7668:2627553-2627603
contig_7668	2808177	2808223	intergenic	.	contig_7668:2808177-2808223
contig_7668	2903395	2903481	gene,mRNA	.	contig_7668:2903395-2903481,contig_7668:2903395-2903481
contig_7668	3004318	3004399	gene,mRNA	.	contig_7668:3004318-3004399,contig_7668:3004318-3004399
contig_7668	3004517	3004608	gene,mRNA	.	contig_7668:3004517-3004608,contig_7668:3004517-3004608
contig_7668	3266725	3266798	gene,mRNA	.	contig_7668:3266725-3266798,contig_7668:3266725-3266798
contig_7668	3418854	3419189	intergenic	.	contig_7668:3418854-3419189
contig_7668	3583979	3584309	gene,mRNA	.	contig_7668:3583979-3584309,contig_7668:3583979-3584309
contig_7668	4003293	4003542	intergenic	.	contig_7668:4003293-4003542
contig_7668	4075176	4075716	intergenic	.	contig_7668:4075176-4075716
contig_7668	4807896	4807947	intergenic	.	contig_7668:4807896-4807947
contig_7668	4878910	4879208	intergenic	.	contig_7668:4878910-4879208
contig_7668	5135534	5135939	gene,mRNA	.	contig_7668:5135534-5135939,contig_7668:5135534-5135939
contig_7668	5854930	5855058	intergenic	.	contig_7668:5854930-5855058
contig_7668	5934641	5934882	intergenic	.	contig_7668:5934641-5934882
contig_7668	6048099	6048170	intergenic	.	contig_7668:6048099-6048170
contig_7668	6942563	6942600	intergenic	.	contig_7668:6942563-6942600
contig_7668	6942973	6943053	intergenic	.	contig_7668:6942973-6943053
contig_7668	6943562	6943601	intergenic	.	contig_7668:6943562-6943601
contig_7668	7246270	7246346	intergenic	.	contig_7668:7246270-7246346
contig_7668	7261316	7261552	intergenic	.	contig_7668:7261316-7261552
contig_7668	7347935	7348107	intergenic	.	contig_7668:7347935-7348107
contig_7668	7372017	7372098	intergenic	.	contig_7668:7372017-7372098
contig_7668	7531171	7531297	intergenic	.	contig_7668:7531171-7531297
contig_7668	7911535	7911623	intergenic	.	contig_7668:7911535-7911623
contig_7668	7911711	7911772	intergenic	.	contig_7668:7911711-7911772
contig_7673	3071221	3071329	intergenic	.	contig_7673:3071221-3071329
contig_7673	3071383	3071565	intergenic	.	contig_7673:3071383-3071565
contig_7673	3508574	3508685	intergenic	.	contig_7673:3508574-3508685
contig_7685	431780	431835	intergenic	.	contig_7685:431780-431835
contig_7685	433876	433965	intergenic	.	contig_7685:433876-433965
contig_7685	494083	494230	intergenic	.	contig_7685:494083-494230
contig_7685	575135	575179	intergenic	.	contig_7685:575135-575179
contig_7685	609942	609997	intergenic	.	contig_7685:609942-609997
contig_7685	685309	685358	gene,mRNA	.	contig_7685:685309-685358,contig_7685:685309-685358
contig_7685	722900	723039	intergenic	.	contig_7685:722900-723039
contig_7685	726450	726648	intergenic	.	contig_7685:726450-726648
contig_7685	870248	870296	gene,mRNA	.	contig_7685:870248-870296,contig_7685:870248-870296
contig_7685	882832	882891	gene,mRNA	.	contig_7685:882832-882891,contig_7685:882832-882891
contig_7685	971816	972163	intergenic	.	contig_7685:971816-972163
contig_7685	1576709	1576825	intergenic	.	contig_7685:1576709-1576825
contig_7685	1597765	1597913	gene,mRNA	.	contig_7685:1597765-1597913,contig_7685:1597765-1597913
contig_7685	1754817	1755268	intergenic	.	contig_7685:1754817-1755268
contig_7685	1948202	1948261	intergenic	.	contig_7685:1948202-1948261
contig_7685	2034091	2034208	intergenic	.	contig_7685:2034091-2034208
contig_7685	2251013	2251386	intergenic	.	contig_7685:2251013-2251386
contig_7685	2980182	2980743	intergenic	.	contig_7685:2980182-2980743
contig_7685	3035827	3035929	intergenic	.	contig_7685:3035827-3035929
contig_7685	3035982	3036481	intergenic	.	contig_7685:3035982-3036481
contig_7685	3036678	3036961	intergenic	.	contig_7685:3036678-3036961
contig_7685	3426843	3426909	gene,mRNA	.	contig_7685:3426843-3426909,contig_7685:3426843-3426909
contig_7715	40214	40414	intergenic	.	contig_7715:40214-40414
contig_7715	255647	255717	intergenic	.	contig_7715:255647-255717
contig_7715	456233	456380	gene,mRNA	.	contig_7715:456233-456380,contig_7715:456233-456380
contig_7715	2034963	2035030	gene,mRNA	.	contig_7715:2034963-2035030,contig_7715:2034963-2035030
contig_7715	2458677	2458841	intergenic	.	contig_7715:2458677-2458841
contig_7715	2637202	2637482	intergenic	.	contig_7715:2637202-2637482
contig_7715	2664896	2665125	intergenic	.	contig_7715:2664896-2665125
contig_7715	2774834	2775194	intergenic	.	contig_7715:2774834-2775194
contig_7715	2996275	2996316	intergenic	.	contig_7715:2996275-2996316
contig_7715	3093750	3093832	intergenic	.	contig_7715:3093750-3093832
contig_7715	3133224	3133715	intergenic	.	contig_7715:3133224-3133715
contig_7715	3222701	3222759	intergenic	.	contig_7715:3222701-3222759
contig_7715	3359487	3359710	intergenic	.	contig_7715:3359487-3359710
contig_7715	3922455	3922699	intergenic	.	contig_7715:3922455-3922699
contig_7715	5180311	5180392	intergenic	.	contig_7715:5180311-5180392
contig_7715	5396858	5396950	intergenic	.	contig_7715:5396858-5396950
contig_7715	5397057	5397228	intergenic	.	contig_7715:5397057-5397228
contig_7715	6072184	6072296	intergenic	.	contig_7715:6072184-6072296
contig_7715	6282093	6282164	gene,mRNA	.	contig_7715:6282093-6282164,contig_7715:6282093-6282164
contig_7715	6959675	6959795	intergenic	.	contig_7715:6959675-6959795
contig_7715	7217981	7218122	intergenic	.	contig_7715:7217981-7218122
contig_7715	7450758	7450881	intergenic	.	contig_7715:7450758-7450881
contig_7715	8081185	8081313	intergenic	.	contig_7715:8081185-8081313
contig_7715	8081456	8081676	intergenic	.	contig_7715:8081456-8081676
contig_7715	8557290	8557434	intergenic	.	contig_7715:8557290-8557434
contig_7715	8557523	8557567	intergenic	.	contig_7715:8557523-8557567
contig_7715	8805058	8805318	intergenic	.	contig_7715:8805058-8805318
contig_7715	9190000	9190203	gene,mRNA	.	contig_7715:9190000-9190203,contig_7715:9190000-9190203
contig_7715	9520634	9520962	intergenic	.	contig_7715:9520634-9520962
contig_7715	9742859	9742966	intergenic	.	contig_7715:9742859-9742966
contig_7715	10544193	10544370	intergenic	.	contig_7715:10544193-10544370
contig_7715	10977496	10977573	intergenic	.	contig_7715:10977496-10977573
contig_7715	11407827	11407906	intergenic	.	contig_7715:11407827-11407906
contig_7715	11805936	11806175	intergenic	.	contig_7715:11805936-11806175
contig_7715	11949829	11949912	gene,mRNA	.	contig_7715:11949829-11949912,contig_7715:11949829-11949912
contig_7715	12468532	12468943	intergenic	.	contig_7715:12468532-12468943
contig_7715	12857030	12857075	gene,mRNA	.	contig_7715:12857030-12857075,contig_7715:12857030-12857075
contig_7747	536238	536356	intergenic	.	contig_7747:536238-536356
contig_7747	792106	792170	intergenic	.	contig_7747:792106-792170
contig_7747	824118	824153	intergenic	.	contig_7747:824118-824153
contig_7747	896839	897283	exon,CDS,gene,mRNA	.	contig_7747:896839-897283,contig_7747:896839-897283,contig_7747:896839-897283,contig_7747:896839-897283
contig_7747	949422	949671	intergenic	.	contig_7747:949422-949671
contig_7747	1866573	1867086	intergenic	.	contig_7747:1866573-1867086
contig_7747	2240285	2240350	gene,mRNA	.	contig_7747:2240285-2240350,contig_7747:2240285-2240350
contig_7747	2280013	2280687	gene,mRNA	.	contig_7747:2280013-2280687,contig_7747:2280013-2280687
contig_7747	2486297	2486364	gene,mRNA	.	contig_7747:2486297-2486364,contig_7747:2486297-2486364
contig_7747	2524475	2524653	intergenic	.	contig_7747:2524475-2524653
contig_7747	2679274	2679489	gene,mRNA	.	contig_7747:2679274-2679489,contig_7747:2679274-2679489
contig_7747	2843650	2843686	intergenic	.	contig_7747:2843650-2843686
contig_7897	116752	117004	gene,mRNA	.	contig_7897:116752-117004,contig_7897:116752-117004
contig_7897	258601	258702	intergenic	.	contig_7897:258601-258702
contig_7897	725260	725683	intergenic	.	contig_7897:725260-725683
contig_7897	1338484	1338658	intergenic	.	contig_7897:1338484-1338658
contig_7897	1393789	1394067	intergenic	.	contig_7897:1393789-1394067
contig_7919	46262	46451	intergenic	.	contig_7919:46262-46451
contig_7919	1149940	1150175	gene,mRNA	.	contig_7919:1149940-1150175,contig_7919:1149940-1150175
contig_7919	1206761	1206862	intergenic	.	contig_7919:1206761-1206862
contig_7919	1429855	1430003	intergenic	.	contig_7919:1429855-1430003
contig_7919	1459850	1459926	gene,mRNA	.	contig_7919:1459850-1459926,contig_7919:1459850-1459926
contig_7919	1460001	1460216	gene,mRNA	.	contig_7919:1460001-1460216,contig_7919:1460001-1460216
contig_7919	1696182	1696511	intergenic	.	contig_7919:1696182-1696511
contig_7919	1975977	1976164	intergenic	.	contig_7919:1975977-1976164
contig_7919	2261824	2262009	intergenic	.	contig_7919:2261824-2262009
contig_7919	2367048	2367117	intergenic	.	contig_7919:2367048-2367117
contig_7919	2589520	2589695	intergenic	.	contig_7919:2589520-2589695
contig_7919	2916659	2916805	intergenic	.	contig_7919:2916659-2916805
contig_7919	3142589	3142659	intergenic	.	contig_7919:3142589-3142659
contig_7919	3421171	3421229	intergenic	.	contig_7919:3421171-3421229
contig_7919	3517637	3517759	intergenic	.	contig_7919:3517637-3517759
contig_7919	3517857	3517958	intergenic	.	contig_7919:3517857-3517958
contig_7919	3548715	3548752	intergenic	.	contig_7919:3548715-3548752
contig_7919	3564695	3564928	intergenic	.	contig_7919:3564695-3564928
contig_7919	3669273	3669332	intergenic	.	contig_7919:3669273-3669332
contig_7919	3999600	3999754	intergenic	.	contig_7919:3999600-3999754
contig_7919	4380292	4380506	intergenic	.	contig_7919:4380292-4380506
contig_7919	4454887	4455048	intergenic	.	contig_7919:4454887-4455048
contig_7919	4481361	4481406	intergenic	.	contig_7919:4481361-4481406
contig_7919	4507720	4507839	intergenic	.	contig_7919:4507720-4507839
contig_7919	4792155	4792381	intergenic	.	contig_7919:4792155-4792381
contig_7919	4896205	4896656	intergenic	.	contig_7919:4896205-4896656
contig_7919	4976096	4976194	intergenic	.	contig_7919:4976096-4976194
contig_7919	5021343	5021508	intergenic	.	contig_7919:5021343-5021508
contig_7919	5065059	5065094	intergenic	.	contig_7919:5065059-5065094
contig_7919	5398257	5398459	gene,mRNA	.	contig_7919:5398257-5398459,contig_7919:5398257-5398459
contig_7919	5554019	5554117	intergenic	.	contig_7919:5554019-5554117
contig_7919	5664005	5664122	intergenic	.	contig_7919:5664005-5664122
contig_7919	5812612	5812674	intergenic	.	contig_7919:5812612-5812674
contig_7919	5883898	5884084	intergenic	.	contig_7919:5883898-5884084
contig_7919	5884190	5884311	intergenic	.	contig_7919:5884190-5884311
contig_7919	6094554	6094661	intergenic	.	contig_7919:6094554-6094661
contig_7942	29282	29409	intergenic	.	contig_7942:29282-29409
contig_7950	106569	106629	intergenic	.	contig_7950:106569-106629
contig_7972	405573	405748	gene,mRNA	.	contig_7972:405573-405748,contig_7972:405573-405748
contig_7972	493046	493137	intergenic	.	contig_7972:493046-493137
contig_7972	1000919	1001013	intergenic	.	contig_7972:1000919-1001013
contig_7972	1051443	1051624	intergenic	.	contig_7972:1051443-1051624
contig_7972	1051689	1051780	intergenic	.	contig_7972:1051689-1051780
contig_7972	1051847	1052459	intergenic	.	contig_7972:1051847-1052459
contig_7972	1220271	1220323	intergenic	.	contig_7972:1220271-1220323
contig_7972	1484001	1484130	intergenic	.	contig_7972:1484001-1484130
contig_7972	2165721	2165880	gene,mRNA	.	contig_7972:2165721-2165880,contig_7972:2165721-2165880
contig_7972	2348227	2348275	gene,mRNA,gene,mRNA	.	contig_7972:2348227-2348275,contig_7972:2348227-2348275,contig_7972:2348227-2348275,contig_7972:2348227-2348275
contig_8012	32592	32636	gene,mRNA	.	contig_8012:32592-32636,contig_8012:32592-32636
contig_8012	111611	111808	intergenic	.	contig_8012:111611-111808
contig_8012	301349	301480	intergenic	.	contig_8012:301349-301480
contig_8012	440155	440748	intergenic	.	contig_8012:440155-440748
contig_8012	461328	461450	gene,mRNA	.	contig_8012:461328-461450,contig_8012:461328-461450
contig_8012	636569	636794	gene,mRNA	.	contig_8012:636569-636794,contig_8012:636569-636794
contig_8017	548490	548549	gene,mRNA	.	contig_8017:548490-548549,contig_8017:548490-548549
contig_8017	930282	930400	gene,mRNA	.	contig_8017:930282-930400,contig_8017:930282-930400
contig_8040	288357	288479	intergenic	.	contig_8040:288357-288479
contig_8040	1655403	1655444	intergenic	.	contig_8040:1655403-1655444
contig_8040	1915224	1915225	intergenic	.	contig_8040:1915224-1915225
contig_8040	1915224	1915302	gene,polyA_signal_sequence	.	contig_8040:1915224-1915302,contig_8040:1915224-1915302
contig_8053	61605	61724	intergenic	.	contig_8053:61605-61724
contig_8137	257805	257948	intergenic	.	contig_8137:257805-257948
contig_8137	309826	309920	intergenic	.	contig_8137:309826-309920
contig_8137	407250	407502	intergenic	.	contig_8137:407250-407502
contig_8137	417187	417391	intergenic	.	contig_8137:417187-417391
contig_8137	438024	438365	intergenic	.	contig_8137:438024-438365
contig_8137	482578	482783	intergenic	.	contig_8137:482578-482783
contig_8137	713732	713979	intergenic	.	contig_8137:713732-713979
contig_8137	749909	750077	intergenic	.	contig_8137:749909-750077
contig_8137	784989	785083	gene,mRNA	.	contig_8137:784989-785083,contig_8137:784989-785083
contig_8137	806295	806681	gene,mRNA	.	contig_8137:806295-806681,contig_8137:806295-806681
contig_8137	861795	862033	intergenic	.	contig_8137:861795-862033
contig_8137	902225	902487	intergenic	.	contig_8137:902225-902487
contig_8137	1048720	1049006	intergenic	.	contig_8137:1048720-1049006
contig_8137	1171619	1172119	intergenic	.	contig_8137:1171619-1172119
contig_8137	1337727	1337965	intergenic	.	contig_8137:1337727-1337965
contig_8137	1600655	1600750	intergenic	.	contig_8137:1600655-1600750
contig_8143	1081204	1081369	gene,mRNA	.	contig_8143:1081204-1081369,contig_8143:1081204-1081369
contig_8143	1848342	1848374	intergenic	.	contig_8143:1848342-1848374
contig_8143	3221612	3221750	intergenic	.	contig_8143:3221612-3221750
contig_8143	3380886	3380961	gene,mRNA	.	contig_8143:3380886-3380961,contig_8143:3380886-3380961
contig_8143	3535908	3535963	gene,mRNA	.	contig_8143:3535908-3535963,contig_8143:3535908-3535963
contig_8143	4170277	4170515	intergenic	.	contig_8143:4170277-4170515
contig_8143	4355955	4356055	intergenic	.	contig_8143:4355955-4356055
contig_8143	4398264	4398456	intergenic	.	contig_8143:4398264-4398456
contig_8143	4567388	4567485	gene,mRNA	.	contig_8143:4567388-4567485,contig_8143:4567388-4567485
contig_8143	4668567	4668908	intergenic	.	contig_8143:4668567-4668908
contig_8143	4812617	4812719	intergenic	.	contig_8143:4812617-4812719
contig_8163	233630	233800	intergenic	.	contig_8163:233630-233800
contig_8163	255049	255119	intergenic	.	contig_8163:255049-255119
contig_8163	365895	366294	gene,mRNA	.	contig_8163:365895-366294,contig_8163:365895-366294
contig_8201	722950	723086	intergenic	.	contig_8201:722950-723086
contig_8201	777653	777797	gene,mRNA	.	contig_8201:777653-777797,contig_8201:777653-777797
contig_8201	788921	789086	gene,mRNA	.	contig_8201:788921-789086,contig_8201:788921-789086
contig_8201	1247881	1247979	intergenic	.	contig_8201:1247881-1247979
contig_8201	1248031	1248141	intergenic	.	contig_8201:1248031-1248141
contig_8201	1370599	1370649	gene,mRNA	.	contig_8201:1370599-1370649,contig_8201:1370599-1370649
contig_8212	1829233	1829283	intergenic	.	contig_8212:1829233-1829283
contig_8212	3396532	3396664	intergenic	.	contig_8212:3396532-3396664
contig_8212	3397275	3397332	intergenic	.	contig_8212:3397275-3397332
contig_8212	3400827	3401060	intergenic	.	contig_8212:3400827-3401060
contig_8212	3401115	3401301	intergenic	.	contig_8212:3401115-3401301
contig_8212	3729361	3729477	intergenic	.	contig_8212:3729361-3729477
contig_8273	240630	240830	intergenic	.	contig_8273:240630-240830
contig_8273	546030	546253	intergenic	.	contig_8273:546030-546253
contig_8273	588997	589141	intergenic	.	contig_8273:588997-589141
contig_8273	1375859	1376064	gene,mRNA	.	contig_8273:1375859-1376064,contig_8273:1375859-1376064
contig_8273	1853065	1853143	intergenic	.	contig_8273:1853065-1853143
contig_8273	2329433	2329526	gene,mRNA	.	contig_8273:2329433-2329526,contig_8273:2329433-2329526
contig_8286	156042	156245	intergenic	.	contig_8286:156042-156245
contig_8286	239680	239775	intergenic	.	contig_8286:239680-239775
contig_8286	293202	293606	intergenic	.	contig_8286:293202-293606
contig_8302	116513	116641	intergenic	.	contig_8302:116513-116641
contig_8302	134809	134862	intergenic	.	contig_8302:134809-134862
contig_8302	428475	428829	intergenic	.	contig_8302:428475-428829
contig_8302	428475	429556	gene,polyA_signal_sequence,mRNA,stop_codon,exon,CDS,start_codon	.	contig_8302:428475-429556,contig_8302:428475-429556,contig_8302:428475-429556,contig_8302:428475-429556,contig_8302:428475-429556,contig_8302:428475-429556,contig_8302:428475-429556
contig_8302	429235	429556	intergenic	.	contig_8302:429235-429556
contig_8302	557555	557639	intergenic	.	contig_8302:557555-557639
contig_8302	600919	601002	intergenic	.	contig_8302:600919-601002
contig_8302	619726	619792	intergenic	.	contig_8302:619726-619792
contig_8302	800661	800799	intergenic	.	contig_8302:800661-800799
contig_8302	1040670	1040722	intergenic	.	contig_8302:1040670-1040722
contig_8302	1047990	1048083	intergenic	.	contig_8302:1047990-1048083
contig_8302	1201403	1201546	intergenic	.	contig_8302:1201403-1201546
contig_8302	1300131	1300305	intergenic	.	contig_8302:1300131-1300305
contig_8302	1300458	1300626	intergenic	.	contig_8302:1300458-1300626
contig_8302	1655441	1655553	intergenic	.	contig_8302:1655441-1655553
contig_8302	2468468	2468691	intergenic	.	contig_8302:2468468-2468691
contig_8302	2905132	2905284	intergenic	.	contig_8302:2905132-2905284
contig_8302	2932756	2932895	intergenic	.	contig_8302:2932756-2932895
contig_8302	3581175	3581233	intergenic	.	contig_8302:3581175-3581233
contig_8302	4248999	4249048	gene,mRNA	.	contig_8302:4248999-4249048,contig_8302:4248999-4249048
contig_839	32924	33087	gene,mRNA	.	contig_839:32924-33087,contig_839:32924-33087
contig_839	286088	286205	gene,mRNA	.	contig_839:286088-286205,contig_839:286088-286205
contig_839	286269	286554	exon,CDS,gene,mRNA	.	contig_839:286269-286554,contig_839:286269-286554,contig_839:286269-286554,contig_839:286269-286554
contig_839	350841	351055	gene,mRNA	.	contig_839:350841-351055,contig_839:350841-351055
contig_839	356555	356721	gene,mRNA	.	contig_839:356555-356721,contig_839:356555-356721
contig_839	377535	377598	gene,mRNA	.	contig_839:377535-377598,contig_839:377535-377598
contig_839	411188	411508	gene,mRNA	.	contig_839:411188-411508,contig_839:411188-411508
contig_839	835034	835201	intergenic	.	contig_839:835034-835201
contig_839	900840	900893	intergenic	.	contig_839:900840-900893
contig_839	973061	973201	intergenic	.	contig_839:973061-973201
contig_839	973256	973521	intergenic	.	contig_839:973256-973521
contig_839	1099841	1100039	intergenic	.	contig_839:1099841-1100039
contig_839	1164770	1164812	intergenic	.	contig_839:1164770-1164812
contig_839	1165098	1165188	intergenic	.	contig_839:1165098-1165188
contig_839	1261104	1261233	intergenic	.	contig_839:1261104-1261233
contig_839	1458145	1458205	intergenic	.	contig_839:1458145-1458205
contig_839	1544414	1544767	intergenic	.	contig_839:1544414-1544767
contig_839	1707854	1708034	intergenic	.	contig_839:1707854-1708034
contig_839	1792183	1792253	gene,mRNA	.	contig_839:1792183-1792253,contig_839:1792183-1792253
contig_839	1819987	1820187	intergenic	.	contig_839:1819987-1820187
contig_839	1901587	1901653	intergenic	.	contig_839:1901587-1901653
contig_839	1920219	1920444	intergenic	.	contig_839:1920219-1920444
contig_839	1958399	1958474	intergenic	.	contig_839:1958399-1958474
contig_839	1958529	1958609	intergenic	.	contig_839:1958529-1958609
contig_839	2066201	2066257	intergenic	.	contig_839:2066201-2066257
contig_839	2369186	2369216	intergenic	.	contig_839:2369186-2369216
contig_839	2369529	2369701	intergenic	.	contig_839:2369529-2369701
contig_839	2397511	2397658	intergenic	.	contig_839:2397511-2397658
contig_839	2972577	2972819	intergenic	.	contig_839:2972577-2972819
contig_839	2973124	2973200	intergenic	.	contig_839:2973124-2973200
contig_839	2992017	2992070	intergenic	.	contig_839:2992017-2992070
contig_839	3109905	3110140	intergenic	.	contig_839:3109905-3110140
contig_839	3337926	3338001	intergenic	.	contig_839:3337926-3338001
contig_839	4012567	4012716	intergenic	.	contig_839:4012567-4012716
contig_839	4256321	4256671	intergenic	.	contig_839:4256321-4256671
contig_839	4461102	4461346	intergenic	.	contig_839:4461102-4461346
contig_839	4790218	4790332	gene,mRNA	.	contig_839:4790218-4790332,contig_839:4790218-4790332
contig_839	5010972	5011031	intergenic	.	contig_839:5010972-5011031
contig_839	5042771	5042834	intergenic	.	contig_839:5042771-5042834
contig_839	5091108	5091207	intergenic	.	contig_839:5091108-5091207
contig_839	5314125	5314261	intergenic	.	contig_839:5314125-5314261
contig_839	5488408	5488816	intergenic	.	contig_839:5488408-5488816
contig_839	5783018	5783551	intergenic	.	contig_839:5783018-5783551
contig_839	6489598	6489890	intergenic	.	contig_839:6489598-6489890
contig_839	6537468	6537597	intergenic	.	contig_839:6537468-6537597
contig_839	7079977	7080012	intergenic	.	contig_839:7079977-7080012
contig_839	7243490	7243561	intergenic	.	contig_839:7243490-7243561
contig_8415	128093	128155	intergenic	.	contig_8415:128093-128155
contig_8447	325318	325581	gene,mRNA	.	contig_8447:325318-325581,contig_8447:325318-325581
contig_8447	889129	889274	intergenic	.	contig_8447:889129-889274
contig_8447	1093934	1094164	gene,mRNA	.	contig_8447:1093934-1094164,contig_8447:1093934-1094164
contig_8456	160227	160343	intergenic	.	contig_8456:160227-160343
contig_8456	197441	197530	intergenic	.	contig_8456:197441-197530
contig_8456	1033174	1033243	intergenic	.	contig_8456:1033174-1033243
contig_8456	1535632	1536022	intergenic	.	contig_8456:1535632-1536022
contig_8456	1934919	1935065	intergenic	.	contig_8456:1934919-1935065
contig_8456	2077954	2078073	intergenic	.	contig_8456:2077954-2078073
contig_8456	2744422	2744613	intergenic	.	contig_8456:2744422-2744613
contig_8456	3005936	3005971	gene,mRNA	.	contig_8456:3005936-3005971,contig_8456:3005936-3005971
contig_8456	3162254	3162515	intergenic	.	contig_8456:3162254-3162515
contig_8456	3327340	3327477	intergenic	.	contig_8456:3327340-3327477
contig_8456	3474060	3474154	intergenic	.	contig_8456:3474060-3474154
contig_8456	4013309	4013515	intergenic	.	contig_8456:4013309-4013515
contig_8456	4013576	4013797	intergenic	.	contig_8456:4013576-4013797
contig_8456	4063846	4063902	intergenic	.	contig_8456:4063846-4063902
contig_8456	4345084	4345179	gene,mRNA	.	contig_8456:4345084-4345179,contig_8456:4345084-4345179
contig_8456	5264001	5264271	intergenic	.	contig_8456:5264001-5264271
contig_8456	5269229	5269581	intergenic	.	contig_8456:5269229-5269581
contig_8456	5395272	5395461	intergenic	.	contig_8456:5395272-5395461
contig_8473	72982	73324	intergenic	.	contig_8473:72982-73324
contig_8473	764669	764820	intergenic	.	contig_8473:764669-764820
contig_8473	1599016	1599100	intergenic	.	contig_8473:1599016-1599100
contig_8473	2181869	2181964	gene,mRNA	.	contig_8473:2181869-2181964,contig_8473:2181869-2181964
contig_8473	2290751	2290788	intergenic	.	contig_8473:2290751-2290788
contig_8473	4500409	4500687	intergenic	.	contig_8473:4500409-4500687
contig_8473	4604467	4604835	intergenic	.	contig_8473:4604467-4604835
contig_8473	4699945	4700004	intergenic	.	contig_8473:4699945-4700004
contig_8473	4987900	4988167	intergenic	.	contig_8473:4987900-4988167
contig_8473	5196462	5196540	intergenic	.	contig_8473:5196462-5196540
contig_8473	5434458	5434598	intergenic	.	contig_8473:5434458-5434598
contig_8473	5434659	5434708	intergenic	.	contig_8473:5434659-5434708
contig_8473	6450582	6450789	gene,mRNA	.	contig_8473:6450582-6450789,contig_8473:6450582-6450789
contig_8473	7629216	7629411	gene,mRNA	.	contig_8473:7629216-7629411,contig_8473:7629216-7629411
contig_8473	8128106	8128154	gene,mRNA	.	contig_8473:8128106-8128154,contig_8473:8128106-8128154
contig_8473	8143310	8143438	gene,mRNA	.	contig_8473:8143310-8143438,contig_8473:8143310-8143438
contig_8473	8341452	8341709	intergenic	.	contig_8473:8341452-8341709
contig_8473	8377788	8378015	intergenic	.	contig_8473:8377788-8378015
contig_8473	8488276	8488366	gene	.	contig_8473:8488276-8488366
contig_8473	9231581	9231801	gene,mRNA	.	contig_8473:9231581-9231801,contig_8473:9231581-9231801
contig_8473	9418168	9418254	intergenic	.	contig_8473:9418168-9418254
contig_8473	10058051	10058116	intergenic	.	contig_8473:10058051-10058116
contig_8473	10172665	10172703	intergenic	.	contig_8473:10172665-10172703
contig_8473	10431506	10431722	intergenic	.	contig_8473:10431506-10431722
contig_8473	10617774	10618006	intergenic	.	contig_8473:10617774-10618006
contig_8473	11287294	11287354	gene,mRNA	.	contig_8473:11287294-11287354,contig_8473:11287294-11287354
contig_8473	11944008	11944108	intergenic	.	contig_8473:11944008-11944108
contig_8473	12220393	12220596	intergenic	.	contig_8473:12220393-12220596
contig_8473	12223945	12224015	intergenic	.	contig_8473:12223945-12224015
contig_8473	12940123	12940230	intergenic	.	contig_8473:12940123-12940230
contig_8501	98254	98469	intergenic	.	contig_8501:98254-98469
contig_8502	192202	192339	intergenic	.	contig_8502:192202-192339
contig_8502	243063	243314	gene,mRNA	.	contig_8502:243063-243314,contig_8502:243063-243314
contig_8502	255807	256197	gene,mRNA	.	contig_8502:255807-256197,contig_8502:255807-256197
contig_8502	313386	313550	intergenic	.	contig_8502:313386-313550
contig_8502	328750	328894	intergenic	.	contig_8502:328750-328894
contig_8502	466201	466657	intergenic	.	contig_8502:466201-466657
contig_8502	554849	554891	intergenic	.	contig_8502:554849-554891
contig_8502	554849	555205	start_codon,exon,CDS,gene,mRNA	.	contig_8502:554849-555205,contig_8502:554849-555205,contig_8502:554849-555205,contig_8502:554849-555205,contig_8502:554849-555205
contig_8502	556460	556858	gene,mRNA	.	contig_8502:556460-556858,contig_8502:556460-556858
contig_8502	1186327	1186384	intergenic	.	contig_8502:1186327-1186384
contig_8502	1398645	1398704	intergenic	.	contig_8502:1398645-1398704
contig_8502	1796926	1797439	intergenic	.	contig_8502:1796926-1797439
contig_8502	2172538	2172735	intergenic	.	contig_8502:2172538-2172735
contig_8502	2204045	2204274	intergenic	.	contig_8502:2204045-2204274
contig_8502	2351297	2351457	gene	.	contig_8502:2351297-2351457
contig_8502	3985164	3985646	intergenic	.	contig_8502:3985164-3985646
contig_8502	4037327	4037594	intergenic	.	contig_8502:4037327-4037594
contig_8502	4513361	4513497	intergenic	.	contig_8502:4513361-4513497
contig_8502	5043068	5043215	intergenic	.	contig_8502:5043068-5043215
contig_8502	5356380	5356503	intergenic	.	contig_8502:5356380-5356503
contig_86	72002	72065	intergenic	.	contig_86:72002-72065
contig_8647	261070	261124	gene,mRNA	.	contig_8647:261070-261124,contig_8647:261070-261124
contig_8647	1223108	1223296	intergenic	.	contig_8647:1223108-1223296
contig_8647	1338726	1338876	gene,mRNA	.	contig_8647:1338726-1338876,contig_8647:1338726-1338876
contig_8647	1378233	1378451	gene,mRNA	.	contig_8647:1378233-1378451,contig_8647:1378233-1378451
contig_8663	31370	31450	intergenic	.	contig_8663:31370-31450
contig_8663	180915	181064	intergenic	.	contig_8663:180915-181064
contig_8663	373097	373219	intergenic	.	contig_8663:373097-373219
contig_8663	376764	377015	intergenic	.	contig_8663:376764-377015
contig_8663	393332	393398	intergenic	.	contig_8663:393332-393398
contig_8663	394123	394310	intergenic	.	contig_8663:394123-394310
contig_8663	482136	482232	intergenic	.	contig_8663:482136-482232
contig_8663	592019	592546	intergenic	.	contig_8663:592019-592546
contig_8663	1479580	1479883	intergenic	.	contig_8663:1479580-1479883
contig_8663	1480563	1480615	intergenic	.	contig_8663:1480563-1480615
contig_8663	1736550	1736759	gene,mRNA	.	contig_8663:1736550-1736759,contig_8663:1736550-1736759
contig_8663	2345450	2345671	intergenic	.	contig_8663:2345450-2345671
contig_8663	2382780	2383253	intergenic	.	contig_8663:2382780-2383253
contig_8663	2638758	2638929	intergenic	.	contig_8663:2638758-2638929
contig_8663	2817685	2817896	intergenic	.	contig_8663:2817685-2817896
contig_8663	2892051	2892277	gene,mRNA	.	contig_8663:2892051-2892277,contig_8663:2892051-2892277
contig_8663	3141396	3141553	gene,mRNA	.	contig_8663:3141396-3141553,contig_8663:3141396-3141553
contig_8663	3843189	3843377	intergenic	.	contig_8663:3843189-3843377
contig_8663	4256794	4256951	gene,mRNA	.	contig_8663:4256794-4256951,contig_8663:4256794-4256951
contig_8663	4263885	4264067	exon,CDS,start_codon,gene,mRNA	.	contig_8663:4263885-4264067,contig_8663:4263885-4264067,contig_8663:4263885-4264067,contig_8663:4263885-4264067,contig_8663:4263885-4264067
contig_8663	4264052	4264067	intergenic	.	contig_8663:4264052-4264067
contig_8663	4287304	4287551	intergenic	.	contig_8663:4287304-4287551
contig_8663	4295791	4296154	intergenic	.	contig_8663:4295791-4296154
contig_8663	4393948	4394371	intergenic	.	contig_8663:4393948-4394371
contig_8663	4454534	4454620	intergenic	.	contig_8663:4454534-4454620
contig_8663	4702989	4703142	gene,mRNA	.	contig_8663:4702989-4703142,contig_8663:4702989-4703142
contig_8663	4733491	4733912	intergenic	.	contig_8663:4733491-4733912
contig_8663	4928416	4928476	intergenic	.	contig_8663:4928416-4928476
contig_8663	4931114	4931234	intergenic	.	contig_8663:4931114-4931234
contig_8663	4931696	4932035	intergenic	.	contig_8663:4931696-4932035
contig_8663	5064573	5064626	intergenic	.	contig_8663:5064573-5064626
contig_8663	5127870	5127973	intergenic	.	contig_8663:5127870-5127973
contig_8715	91431	91732	intergenic	.	contig_8715:91431-91732
contig_8715	119927	120040	intergenic	.	contig_8715:119927-120040
contig_8715	150992	151278	intergenic	.	contig_8715:150992-151278
contig_8715	352393	352564	intergenic	.	contig_8715:352393-352564
contig_8715	481673	481767	intergenic	.	contig_8715:481673-481767
contig_8715	481837	481876	intergenic	.	contig_8715:481837-481876
contig_8715	826695	826842	gene,mRNA	.	contig_8715:826695-826842,contig_8715:826695-826842
contig_8715	1027968	1028039	intergenic	.	contig_8715:1027968-1028039
contig_8715	1090483	1090700	gene,mRNA	.	contig_8715:1090483-1090700,contig_8715:1090483-1090700
contig_8715	1348083	1348222	intergenic	.	contig_8715:1348083-1348222
contig_8715	1348598	1348688	intergenic	.	contig_8715:1348598-1348688
contig_8715	2246639	2246938	intergenic	.	contig_8715:2246639-2246938
contig_8715	2501145	2501446	gene,mRNA	.	contig_8715:2501145-2501446,contig_8715:2501145-2501446
contig_8715	2936498	2936909	intergenic	.	contig_8715:2936498-2936909
contig_8715	2937486	2937606	intergenic	.	contig_8715:2937486-2937606
contig_8715	3248408	3248560	gene,mRNA	.	contig_8715:3248408-3248560,contig_8715:3248408-3248560
contig_8715	3441359	3441667	gene,mRNA	.	contig_8715:3441359-3441667,contig_8715:3441359-3441667
contig_8715	3867460	3867731	gene,mRNA	.	contig_8715:3867460-3867731,contig_8715:3867460-3867731
contig_8715	4153482	4153622	intergenic	.	contig_8715:4153482-4153622
contig_8715	4188080	4188229	intergenic	.	contig_8715:4188080-4188229
contig_8715	4316021	4316192	intergenic	.	contig_8715:4316021-4316192
contig_8715	4664683	4664814	intergenic	.	contig_8715:4664683-4664814
contig_8715	4904375	4904802	intergenic	.	contig_8715:4904375-4904802
contig_8715	5113288	5113392	intergenic	.	contig_8715:5113288-5113392
contig_8715	5209948	5210194	intergenic	.	contig_8715:5209948-5210194
contig_8715	5322295	5322423	intergenic	.	contig_8715:5322295-5322423
contig_8715	5572940	5572985	intergenic	.	contig_8715:5572940-5572985
contig_8715	5646268	5646368	gene,mRNA	.	contig_8715:5646268-5646368,contig_8715:5646268-5646368
contig_8715	5724431	5724549	gene,mRNA	.	contig_8715:5724431-5724549,contig_8715:5724431-5724549
contig_8715	5769602	5769669	gene,mRNA	.	contig_8715:5769602-5769669,contig_8715:5769602-5769669
contig_8715	5781964	5782229	gene,mRNA	.	contig_8715:5781964-5782229,contig_8715:5781964-5782229
contig_8715	6264679	6264819	intergenic	.	contig_8715:6264679-6264819
contig_8715	6448478	6448619	intergenic	.	contig_8715:6448478-6448619
contig_8715	6465727	6465790	intergenic	.	contig_8715:6465727-6465790
contig_8715	6496549	6496598	intergenic	.	contig_8715:6496549-6496598
contig_8715	6554714	6555090	intergenic	.	contig_8715:6554714-6555090
contig_8715	9162588	9162817	intergenic	.	contig_8715:9162588-9162817
contig_8752	321011	321167	intergenic	.	contig_8752:321011-321167
contig_8752	350180	350339	intergenic	.	contig_8752:350180-350339
contig_8752	350180	350426	start_codon,exon,CDS,gene,mRNA	.	contig_8752:350180-350426,contig_8752:350180-350426,contig_8752:350180-350426,contig_8752:350180-350426,contig_8752:350180-350426
contig_8752	518872	518949	intergenic	.	contig_8752:518872-518949
contig_8752	2665622	2665675	intergenic	.	contig_8752:2665622-2665675
contig_8752	3014059	3014091	gene,mRNA	.	contig_8752:3014059-3014091,contig_8752:3014059-3014091
contig_8752	3014357	3014616	gene,mRNA	.	contig_8752:3014357-3014616,contig_8752:3014357-3014616
contig_8752	3215938	3215995	intergenic	.	contig_8752:3215938-3215995
contig_8752	3334872	3334976	gene,mRNA	.	contig_8752:3334872-3334976,contig_8752:3334872-3334976
contig_8797	134099	134441	intergenic	.	contig_8797:134099-134441
contig_8912	129254	129548	intergenic	.	contig_8912:129254-129548
contig_8912	186806	186867	intergenic	.	contig_8912:186806-186867
contig_8912	187038	187178	intergenic	.	contig_8912:187038-187178
contig_8912	213129	213305	intergenic	.	contig_8912:213129-213305
contig_8912	352883	352926	gene,mRNA	.	contig_8912:352883-352926,contig_8912:352883-352926
contig_8912	353020	353108	gene,mRNA	.	contig_8912:353020-353108,contig_8912:353020-353108
contig_8912	1155629	1155866	intergenic	.	contig_8912:1155629-1155866
contig_8912	1915965	1916215	gene,mRNA	.	contig_8912:1915965-1916215,contig_8912:1915965-1916215
contig_8921	847843	847895	gene,mRNA	.	contig_8921:847843-847895,contig_8921:847843-847895
contig_8921	1171886	1172172	gene,mRNA	.	contig_8921:1171886-1172172,contig_8921:1171886-1172172
contig_8921	1811462	1811694	intergenic	.	contig_8921:1811462-1811694
contig_8921	2307717	2307908	intergenic	.	contig_8921:2307717-2307908
contig_8921	2377445	2377680	intergenic	.	contig_8921:2377445-2377680
contig_8921	2451407	2451550	intergenic	.	contig_8921:2451407-2451550
contig_8921	2537727	2537779	intergenic	.	contig_8921:2537727-2537779
contig_8921	2538040	2538197	intergenic	.	contig_8921:2538040-2538197
contig_8921	2575088	2575361	gene,mRNA	.	contig_8921:2575088-2575361,contig_8921:2575088-2575361
contig_8921	3265891	3265991	intergenic	.	contig_8921:3265891-3265991
contig_8947	60641	60917	gene,mRNA	.	contig_8947:60641-60917,contig_8947:60641-60917
contig_8947	130655	130705	intergenic	.	contig_8947:130655-130705
contig_8947	130779	130979	intergenic	.	contig_8947:130779-130979
contig_8947	198944	199001	intergenic	.	contig_8947:198944-199001
contig_8947	291919	291959	gene,mRNA	.	contig_8947:291919-291959,contig_8947:291919-291959
contig_8947	698686	699032	intergenic	.	contig_8947:698686-699032
contig_8947	739696	739875	intergenic	.	contig_8947:739696-739875
contig_8956	9240	9371	intergenic	.	contig_8956:9240-9371
contig_8956	425748	425852	gene,mRNA	.	contig_8956:425748-425852,contig_8956:425748-425852
contig_8956	444916	445144	gene,mRNA	.	contig_8956:444916-445144,contig_8956:444916-445144
contig_8956	447429	448097	gene,mRNA	.	contig_8956:447429-448097,contig_8956:447429-448097
contig_8956	545257	545343	intergenic	.	contig_8956:545257-545343
contig_8956	632742	632936	intergenic	.	contig_8956:632742-632936
contig_8956	883408	883616	intergenic	.	contig_8956:883408-883616
contig_8963	81030	81088	intergenic	.	contig_8963:81030-81088
contig_8963	533420	533635	intergenic	.	contig_8963:533420-533635
contig_8963	542233	542397	intergenic	.	contig_8963:542233-542397
contig_8963	630536	631105	intergenic	.	contig_8963:630536-631105
contig_8963	855396	855755	intergenic	.	contig_8963:855396-855755
contig_8963	992533	992889	gene,mRNA,exon,CDS,start_codon	.	contig_8963:992533-992889,contig_8963:992533-992889,contig_8963:992533-992889,contig_8963:992533-992889,contig_8963:992533-992889
contig_8963	992884	992889	intergenic	.	contig_8963:992884-992889
contig_8963	997330	997446	intergenic	.	contig_8963:997330-997446
contig_8963	1053086	1053397	intergenic	.	contig_8963:1053086-1053397
contig_8963	1461972	1462159	intergenic	.	contig_8963:1461972-1462159
contig_8963	2074602	2074787	gene,mRNA,exon,CDS	.	contig_8963:2074602-2074787,contig_8963:2074602-2074787,contig_8963:2074602-2074787,contig_8963:2074602-2074787
contig_8963	2833530	2833593	gene,mRNA	.	contig_8963:2833530-2833593,contig_8963:2833530-2833593
contig_8963	3528989	3529192	intergenic	.	contig_8963:3528989-3529192
contig_8963	3614310	3614545	intergenic	.	contig_8963:3614310-3614545
contig_8963	3620838	3620944	intergenic	.	contig_8963:3620838-3620944
contig_8963	3621005	3621123	intergenic	.	contig_8963:3621005-3621123
contig_8963	3886164	3886223	intergenic	.	contig_8963:3886164-3886223
contig_8963	4093006	4093128	intergenic	.	contig_8963:4093006-4093128
contig_8963	4415190	4415397	intergenic	.	contig_8963:4415190-4415397
contig_8963	4564977	4565150	intergenic	.	contig_8963:4564977-4565150
contig_8963	4719344	4719560	intergenic	.	contig_8963:4719344-4719560
contig_8963	4719719	4719868	intergenic	.	contig_8963:4719719-4719868
contig_8963	4839866	4839930	intergenic	.	contig_8963:4839866-4839930
contig_8963	4933303	4933566	intergenic	.	contig_8963:4933303-4933566
contig_8996	286769	286810	intergenic	.	contig_8996:286769-286810
contig_8996	522271	522370	gene,mRNA	.	contig_8996:522271-522370,contig_8996:522271-522370
contig_8996	762389	762558	intergenic	.	contig_8996:762389-762558
contig_8996	797854	798198	intergenic	.	contig_8996:797854-798198
contig_8996	1264684	1264858	intergenic	.	contig_8996:1264684-1264858
contig_8996	1341980	1342029	gene,mRNA	.	contig_8996:1341980-1342029,contig_8996:1341980-1342029
contig_8996	1537116	1537433	intergenic	.	contig_8996:1537116-1537433
contig_8996	1728132	1728539	intergenic	.	contig_8996:1728132-1728539
contig_8996	1903215	1903445	intergenic	.	contig_8996:1903215-1903445
contig_8996	2242513	2242579	intergenic	.	contig_8996:2242513-2242579
contig_8996	2525376	2525440	intergenic	.	contig_8996:2525376-2525440
contig_8996	2554914	2555014	gene,mRNA	.	contig_8996:2554914-2555014,contig_8996:2554914-2555014
contig_8996	2613322	2613451	intergenic	.	contig_8996:2613322-2613451
contig_8996	2636761	2636975	intergenic	.	contig_8996:2636761-2636975
contig_8996	2723416	2723482	intergenic	.	contig_8996:2723416-2723482
contig_8996	2891843	2892107	intergenic	.	contig_8996:2891843-2892107
contig_8996	2900798	2900974	intergenic	.	contig_8996:2900798-2900974
contig_8996	5257031	5257109	intergenic	.	contig_8996:5257031-5257109
contig_8996	5261934	5262076	intergenic	.	contig_8996:5261934-5262076
contig_8996	5292043	5292213	intergenic	.	contig_8996:5292043-5292213
contig_8996	5403275	5403378	intergenic	.	contig_8996:5403275-5403378
contig_8996	5414389	5414451	intergenic	.	contig_8996:5414389-5414451
contig_8996	5562906	5563062	intergenic	.	contig_8996:5562906-5563062
contig_8996	5597013	5597282	intergenic	.	contig_8996:5597013-5597282
contig_8996	5735145	5735324	gene,mRNA	.	contig_8996:5735145-5735324,contig_8996:5735145-5735324
contig_8996	5967957	5968034	intergenic	.	contig_8996:5967957-5968034
contig_8996	6306794	6307012	intergenic	.	contig_8996:6306794-6307012
contig_8996	6724965	6725127	intergenic	.	contig_8996:6724965-6725127
contig_8996	6838499	6838624	intergenic	.	contig_8996:6838499-6838624
contig_8996	6888760	6888896	intergenic	.	contig_8996:6888760-6888896
contig_8996	6932027	6932083	intergenic	.	contig_8996:6932027-6932083
contig_8996	7242907	7243061	intergenic	.	contig_8996:7242907-7243061
contig_8996	7472187	7472356	intergenic	.	contig_8996:7472187-7472356
contig_8996	8316295	8316490	intergenic	.	contig_8996:8316295-8316490
contig_9034	1248362	1248427	intergenic	.	contig_9034:1248362-1248427
contig_9034	1862522	1862707	intergenic	.	contig_9034:1862522-1862707
contig_9034	1912471	1912726	intergenic	.	contig_9034:1912471-1912726
contig_9034	1981451	1981506	intergenic	.	contig_9034:1981451-1981506
contig_9034	1983270	1983431	intergenic	.	contig_9034:1983270-1983431
contig_9034	2118648	2118994	intergenic	.	contig_9034:2118648-2118994
contig_9034	2205783	2206045	intergenic	.	contig_9034:2205783-2206045
contig_9034	2206244	2206319	intergenic	.	contig_9034:2206244-2206319
contig_9034	2209213	2209469	intergenic	.	contig_9034:2209213-2209469
contig_9034	2313993	2314379	intergenic	.	contig_9034:2313993-2314379
contig_9034	2315377	2315479	intergenic	.	contig_9034:2315377-2315479
contig_9034	2379426	2379538	intergenic	.	contig_9034:2379426-2379538
contig_9034	2495473	2495513	intergenic	.	contig_9034:2495473-2495513
contig_9034	2887316	2887454	gene,mRNA	.	contig_9034:2887316-2887454,contig_9034:2887316-2887454
contig_9034	3023446	3023550	intergenic	.	contig_9034:3023446-3023550
contig_9034	3082689	3082915	intergenic	.	contig_9034:3082689-3082915
contig_9034	3584864	3584995	intergenic	.	contig_9034:3584864-3584995
contig_9034	3590469	3590583	gene,mRNA	.	contig_9034:3590469-3590583,contig_9034:3590469-3590583
contig_9034	4510005	4510159	intergenic	.	contig_9034:4510005-4510159
contig_9034	4510213	4510285	intergenic	.	contig_9034:4510213-4510285
contig_9034	4526565	4526865	intergenic	.	contig_9034:4526565-4526865
contig_9034	4636772	4637224	intergenic	.	contig_9034:4636772-4637224
contig_9042	40371	40523	intergenic	.	contig_9042:40371-40523
contig_9042	42166	42364	intergenic	.	contig_9042:42166-42364
contig_9221	431235	431329	intergenic	.	contig_9221:431235-431329
contig_9221	756968	757043	gene,mRNA	.	contig_9221:756968-757043,contig_9221:756968-757043
contig_9221	946106	946200	gene,mRNA	.	contig_9221:946106-946200,contig_9221:946106-946200
contig_9221	978811	978908	gene,mRNA	.	contig_9221:978811-978908,contig_9221:978811-978908
contig_9221	1359804	1359879	intergenic	.	contig_9221:1359804-1359879
contig_9221	2081168	2081248	intergenic	.	contig_9221:2081168-2081248
contig_9221	2081351	2081502	intergenic	.	contig_9221:2081351-2081502
contig_9225	1146098	1146324	intergenic	.	contig_9225:1146098-1146324
contig_9225	4110692	4110809	intergenic	.	contig_9225:4110692-4110809
contig_9225	4110692	4110853	polyA_signal_sequence,gene	.	contig_9225:4110692-4110853,contig_9225:4110692-4110853
contig_9225	5441316	5441829	intergenic	.	contig_9225:5441316-5441829
contig_9225	6508630	6508705	intergenic	.	contig_9225:6508630-6508705
contig_9225	7784517	7784598	intergenic	.	contig_9225:7784517-7784598
contig_9268	1650124	1650168	intergenic	.	contig_9268:1650124-1650168
contig_9306	416855	416925	intergenic	.	contig_9306:416855-416925
contig_9306	847850	848149	intergenic	.	contig_9306:847850-848149
contig_9306	934332	934399	intergenic	.	contig_9306:934332-934399
contig_9306	934539	934603	intergenic	.	contig_9306:934539-934603
contig_9306	1201482	1201525	intergenic	.	contig_9306:1201482-1201525
contig_9306	1486928	1487229	gene,mRNA	.	contig_9306:1486928-1487229,contig_9306:1486928-1487229
contig_9306	1933481	1934027	intergenic	.	contig_9306:1933481-1934027
contig_9306	2567635	2567766	intergenic	.	contig_9306:2567635-2567766
contig_9363	305869	306191	gene,mRNA	.	contig_9363:305869-306191,contig_9363:305869-306191
contig_9363	306260	306350	gene,mRNA	.	contig_9363:306260-306350,contig_9363:306260-306350
contig_9363	338018	338397	intergenic	.	contig_9363:338018-338397
contig_9363	341335	341532	intergenic	.	contig_9363:341335-341532
contig_9363	341845	341885	intergenic	.	contig_9363:341845-341885
contig_9363	341944	342044	intergenic	.	contig_9363:341944-342044
contig_9363	449735	449904	intergenic	.	contig_9363:449735-449904
contig_9363	640160	640318	intergenic	.	contig_9363:640160-640318
contig_9363	726320	726379	intergenic	.	contig_9363:726320-726379
contig_9363	933114	933196	intergenic	.	contig_9363:933114-933196
contig_9363	964864	965123	intergenic	.	contig_9363:964864-965123
contig_9363	995682	995876	intergenic	.	contig_9363:995682-995876
contig_9363	1205558	1205630	intergenic	.	contig_9363:1205558-1205630
contig_9363	1233217	1233528	gene,mRNA,exon,CDS,exon,CDS,start_codon	.	contig_9363:1233217-1233528,contig_9363:1233217-1233528,contig_9363:1233217-1233528,contig_9363:1233217-1233528,contig_9363:1233217-1233528,contig_9363:1233217-1233528,contig_9363:1233217-1233528
contig_9363	1233461	1233528	intergenic	.	contig_9363:1233461-1233528
contig_9363	1715781	1715868	intergenic	.	contig_9363:1715781-1715868
contig_9363	1795514	1795711	intergenic	.	contig_9363:1795514-1795711
contig_9363	1833277	1833499	intergenic	.	contig_9363:1833277-1833499
contig_9363	2217184	2217243	gene,mRNA	.	contig_9363:2217184-2217243,contig_9363:2217184-2217243
contig_9431	29940	30136	intergenic	.	contig_9431:29940-30136
contig_9455	21150	21213	intergenic	.	contig_9455:21150-21213
contig_9455	21297	21397	intergenic	.	contig_9455:21297-21397
contig_9455	21606	21806	intergenic	.	contig_9455:21606-21806
contig_9486	203071	203309	gene,mRNA	.	contig_9486:203071-203309,contig_9486:203071-203309
contig_9486	431882	431961	intergenic	.	contig_9486:431882-431961
contig_9486	682806	682850	gene,mRNA	.	contig_9486:682806-682850,contig_9486:682806-682850
contig_9486	857132	857230	intergenic	.	contig_9486:857132-857230
contig_9486	860099	860349	intergenic	.	contig_9486:860099-860349
contig_9486	1085492	1085646	gene,mRNA	.	contig_9486:1085492-1085646,contig_9486:1085492-1085646
contig_9486	1687185	1687244	intergenic	.	contig_9486:1687185-1687244
contig_9486	1754743	1754861	intergenic	.	contig_9486:1754743-1754861
contig_9486	2243018	2243242	intergenic	.	contig_9486:2243018-2243242
contig_9486	2449811	2449857	intergenic	.	contig_9486:2449811-2449857
contig_9486	2552618	2552922	intergenic	.	contig_9486:2552618-2552922
contig_9486	2819693	2819903	intergenic	.	contig_9486:2819693-2819903
contig_9486	3000021	3000209	intergenic	.	contig_9486:3000021-3000209
contig_9486	3655244	3655344	intergenic	.	contig_9486:3655244-3655344
contig_9486	3744243	3744312	intergenic	.	contig_9486:3744243-3744312
contig_9486	3753520	3753694	intergenic	.	contig_9486:3753520-3753694
contig_9486	4113519	4113599	intergenic	.	contig_9486:4113519-4113599
contig_9486	4303314	4303443	gene,mRNA	.	contig_9486:4303314-4303443,contig_9486:4303314-4303443
contig_9486	4490576	4490776	mRNA,exon,CDS,gene	.	contig_9486:4490576-4490776,contig_9486:4490576-4490776,contig_9486:4490576-4490776,contig_9486:4490576-4490776
contig_9486	4820991	4821028	intergenic	.	contig_9486:4820991-4821028
contig_9486	5762119	5762215	intergenic	.	contig_9486:5762119-5762215
contig_9486	5817932	5818008	intergenic	.	contig_9486:5817932-5818008
contig_9486	5874133	5874404	intergenic	.	contig_9486:5874133-5874404
contig_9486	6348903	6348989	intergenic	.	contig_9486:6348903-6348989
contig_9486	6860169	6860281	intergenic	.	contig_9486:6860169-6860281
contig_9486	6914616	6914682	intergenic	.	contig_9486:6914616-6914682
contig_9486	7120116	7120295	intergenic	.	contig_9486:7120116-7120295
contig_9486	7158792	7158874	intergenic	.	contig_9486:7158792-7158874
contig_9486	7365279	7365377	intergenic	.	contig_9486:7365279-7365377
contig_9504	282484	282740	intergenic	.	contig_9504:282484-282740
contig_9504	630570	630798	gene,mRNA	.	contig_9504:630570-630798,contig_9504:630570-630798
contig_9504	683447	683624	gene,mRNA	.	contig_9504:683447-683624,contig_9504:683447-683624
contig_9504	844324	844406	intergenic	.	contig_9504:844324-844406
contig_9504	999712	999813	intergenic	.	contig_9504:999712-999813
contig_9504	1512190	1512235	intergenic	.	contig_9504:1512190-1512235
contig_9504	1512295	1512376	intergenic	.	contig_9504:1512295-1512376
contig_9504	1571139	1571404	intergenic	.	contig_9504:1571139-1571404
contig_9504	2196034	2196086	intergenic	.	contig_9504:2196034-2196086
contig_9504	2763687	2763766	intergenic	.	contig_9504:2763687-2763766
contig_9504	2764093	2764155	intergenic	.	contig_9504:2764093-2764155
contig_9504	2777774	2777857	intergenic	.	contig_9504:2777774-2777857
contig_9504	2847776	2847941	gene,mRNA	.	contig_9504:2847776-2847941,contig_9504:2847776-2847941
contig_9504	3050280	3050648	intergenic	.	contig_9504:3050280-3050648
contig_9504	3415528	3415682	intergenic	.	contig_9504:3415528-3415682
contig_9504	3435791	3435861	intergenic	.	contig_9504:3435791-3435861
contig_9504	3747943	3748026	intergenic	.	contig_9504:3747943-3748026
contig_9504	4070291	4070426	intergenic	.	contig_9504:4070291-4070426
contig_9504	5539396	5539446	intergenic	.	contig_9504:5539396-5539446
contig_9504	5763883	5764040	intergenic	.	contig_9504:5763883-5764040
contig_9526	1365024	1365109	intergenic	.	contig_9526:1365024-1365109
contig_9526	1976756	1976945	intergenic	.	contig_9526:1976756-1976945
contig_9526	2072477	2072681	intergenic	.	contig_9526:2072477-2072681
contig_9526	2775727	2776120	intergenic	.	contig_9526:2775727-2776120
contig_9526	3129693	3130104	gene,mRNA	.	contig_9526:3129693-3130104,contig_9526:3129693-3130104
contig_9526	3780741	3780961	gene,mRNA	.	contig_9526:3780741-3780961,contig_9526:3780741-3780961
contig_9526	4397376	4397500	gene	.	contig_9526:4397376-4397500
contig_9526	6463797	6463992	intergenic	.	contig_9526:6463797-6463992
contig_9541	786293	786349	intergenic	.	contig_9541:786293-786349
contig_9569	40465	40538	intergenic	.	contig_9569:40465-40538
contig_9569	400340	400701	intergenic	.	contig_9569:400340-400701
contig_9569	526918	527101	intergenic	.	contig_9569:526918-527101
contig_9569	661665	661792	intergenic	.	contig_9569:661665-661792
contig_9569	931130	931242	intergenic	.	contig_9569:931130-931242
contig_9569	1683885	1684010	intergenic	.	contig_9569:1683885-1684010
contig_9569	1824545	1824719	intergenic	.	contig_9569:1824545-1824719
contig_9569	1895089	1895231	intergenic	.	contig_9569:1895089-1895231
contig_9569	1975362	1975566	intergenic	.	contig_9569:1975362-1975566
contig_9569	2004079	2004141	intergenic	.	contig_9569:2004079-2004141
contig_9569	2004208	2004262	intergenic	.	contig_9569:2004208-2004262
contig_9569	2901080	2901225	intergenic	.	contig_9569:2901080-2901225
contig_9569	2903693	2903799	intergenic	.	contig_9569:2903693-2903799
contig_9569	2931698	2932113	intergenic	.	contig_9569:2931698-2932113
contig_9569	3927957	3928090	intergenic	.	contig_9569:3927957-3928090
contig_9569	4012779	4012832	intergenic	.	contig_9569:4012779-4012832
contig_9569	4012914	4013038	intergenic	.	contig_9569:4012914-4013038
contig_9569	4013551	4013677	intergenic	.	contig_9569:4013551-4013677
contig_9569	4580174	4580328	intergenic	.	contig_9569:4580174-4580328
contig_9569	4679223	4679314	gene,mRNA	.	contig_9569:4679223-4679314,contig_9569:4679223-4679314
contig_9569	4738683	4738762	intergenic	.	contig_9569:4738683-4738762
contig_9569	4765475	4765525	intergenic	.	contig_9569:4765475-4765525
contig_9569	5335846	5336025	intergenic	.	contig_9569:5335846-5336025
contig_9569	5335846	5336290	gene,mRNA,start_codon,exon,CDS	.	contig_9569:5335846-5336290,contig_9569:5335846-5336290,contig_9569:5335846-5336290,contig_9569:5335846-5336290,contig_9569:5335846-5336290
contig_9569	5824901	5825075	gene,mRNA	.	contig_9569:5824901-5825075,contig_9569:5824901-5825075
contig_9569	6124493	6124765	intergenic	.	contig_9569:6124493-6124765
contig_9569	6475275	6475331	gene,mRNA	.	contig_9569:6475275-6475331,contig_9569:6475275-6475331
contig_9569	7018822	7018924	gene,mRNA	.	contig_9569:7018822-7018924,contig_9569:7018822-7018924
contig_959	642845	642890	gene,mRNA	.	contig_959:642845-642890,contig_959:642845-642890
contig_9611	411139	411251	intergenic	.	contig_9611:411139-411251
contig_9611	712252	712368	intergenic	.	contig_9611:712252-712368
contig_9611	793498	793669	intergenic	.	contig_9611:793498-793669
contig_9611	938590	938821	intergenic	.	contig_9611:938590-938821
contig_9611	1083529	1083629	intergenic	.	contig_9611:1083529-1083629
contig_9611	1083716	1083765	intergenic	.	contig_9611:1083716-1083765
contig_9611	1571462	1571590	gene,mRNA	.	contig_9611:1571462-1571590,contig_9611:1571462-1571590
contig_9611	1763790	1764086	intergenic	.	contig_9611:1763790-1764086
contig_9626	604106	604178	intergenic	.	contig_9626:604106-604178
contig_9626	741135	741648	intergenic	.	contig_9626:741135-741648
contig_9626	810863	810963	intergenic	.	contig_9626:810863-810963
contig_9626	919733	920192	intergenic	.	contig_9626:919733-920192
contig_9626	1058539	1058585	intergenic	.	contig_9626:1058539-1058585
contig_9626	1253822	1253949	intergenic	.	contig_9626:1253822-1253949
contig_9626	1356654	1356723	intergenic	.	contig_9626:1356654-1356723
contig_9626	1440943	1441089	intergenic	.	contig_9626:1440943-1441089
contig_9626	1441177	1441240	intergenic	.	contig_9626:1441177-1441240
contig_9626	1566236	1566305	intergenic	.	contig_9626:1566236-1566305
contig_9626	1566757	1567130	intergenic	.	contig_9626:1566757-1567130
contig_9626	1624243	1624464	intergenic	.	contig_9626:1624243-1624464
contig_9626	2268757	2268964	gene,mRNA	.	contig_9626:2268757-2268964,contig_9626:2268757-2268964
contig_9626	2478675	2478978	gene,mRNA	.	contig_9626:2478675-2478978,contig_9626:2478675-2478978
contig_9626	2639439	2639591	gene,mRNA	.	contig_9626:2639439-2639591,contig_9626:2639439-2639591
contig_9633	46731	46808	intergenic	.	contig_9633:46731-46808
contig_9633	64093	64215	intergenic	.	contig_9633:64093-64215
contig_9634	13287	13716	intergenic	.	contig_9634:13287-13716
contig_9664	402401	402485	intergenic	.	contig_9664:402401-402485
contig_9683	138062	138204	intergenic	.	contig_9683:138062-138204
contig_9683	187251	187458	intergenic	.	contig_9683:187251-187458
contig_9683	380451	380529	intergenic	.	contig_9683:380451-380529
contig_9683	562946	563016	intergenic	.	contig_9683:562946-563016
contig_9683	635297	635372	intergenic	.	contig_9683:635297-635372
contig_9683	682474	682521	intergenic	.	contig_9683:682474-682521
contig_9683	887550	887676	intergenic	.	contig_9683:887550-887676
contig_9683	887768	888015	intergenic	.	contig_9683:887768-888015
contig_9683	1082831	1082884	intergenic	.	contig_9683:1082831-1082884
contig_9683	1422699	1422778	gene,mRNA	.	contig_9683:1422699-1422778,contig_9683:1422699-1422778
contig_9683	2168124	2168293	intergenic	.	contig_9683:2168124-2168293
contig_9683	2168402	2168505	intergenic	.	contig_9683:2168402-2168505
contig_9683	2691546	2691657	gene,mRNA	.	contig_9683:2691546-2691657,contig_9683:2691546-2691657
contig_9683	2741266	2741485	intergenic	.	contig_9683:2741266-2741485
contig_9693	704275	704393	intergenic	.	contig_9693:704275-704393
contig_9693	742305	742465	gene,mRNA	.	contig_9693:742305-742465,contig_9693:742305-742465
contig_9693	1893275	1893333	intergenic	.	contig_9693:1893275-1893333
contig_9693	2189363	2189430	gene,mRNA	.	contig_9693:2189363-2189430,contig_9693:2189363-2189430
contig_9693	2339739	2339872	gene,mRNA	.	contig_9693:2339739-2339872,contig_9693:2339739-2339872
contig_9693	2710305	2710781	gene,mRNA	.	contig_9693:2710305-2710781,contig_9693:2710305-2710781
contig_9693	2781934	2782085	intergenic	.	contig_9693:2781934-2782085
contig_9700	357878	358007	intergenic	.	contig_9700:357878-358007
contig_9700	659783	660150	intergenic	.	contig_9700:659783-660150
contig_9700	710320	710386	intergenic	.	contig_9700:710320-710386
contig_9700	976982	977037	intergenic	.	contig_9700:976982-977037
contig_9700	2056149	2056319	intergenic	.	contig_9700:2056149-2056319
contig_9700	2438883	2439093	gene,mRNA	.	contig_9700:2438883-2439093,contig_9700:2438883-2439093
contig_9700	2824420	2824490	intergenic	.	contig_9700:2824420-2824490
contig_9700	3410209	3410239	exon,CDS,gene,mRNA	.	contig_9700:3410209-3410239,contig_9700:3410209-3410239,contig_9700:3410209-3410239,contig_9700:3410209-3410239
contig_9700	3800653	3800738	gene,mRNA	.	contig_9700:3800653-3800738,contig_9700:3800653-3800738
contig_9700	3876175	3876222	intergenic	.	contig_9700:3876175-3876222
contig_9700	4482055	4482174	gene	.	contig_9700:4482055-4482174
contig_9700	4912595	4912841	intergenic	.	contig_9700:4912595-4912841
contig_9700	4927182	4927378	gene,mRNA	.	contig_9700:4927182-4927378,contig_9700:4927182-4927378
contig_9700	5253274	5253508	intergenic	.	contig_9700:5253274-5253508
contig_9700	5417065	5417141	intergenic	.	contig_9700:5417065-5417141
contig_9700	5463811	5464043	intergenic	.	contig_9700:5463811-5464043
contig_9700	5838638	5838794	gene,mRNA	.	contig_9700:5838638-5838794,contig_9700:5838638-5838794
contig_9700	6216114	6216220	intergenic	.	contig_9700:6216114-6216220
contig_9700	6261434	6261721	intergenic	.	contig_9700:6261434-6261721
contig_9700	6262013	6262128	intergenic	.	contig_9700:6262013-6262128
contig_9700	6275868	6275987	intergenic	.	contig_9700:6275868-6275987
contig_9700	6632778	6632917	gene,mRNA	.	contig_9700:6632778-6632917,contig_9700:6632778-6632917
contig_9700	7461019	7461239	gene,mRNA	.	contig_9700:7461019-7461239,contig_9700:7461019-7461239
contig_9700	7822981	7823230	intergenic	.	contig_9700:7822981-7823230
contig_9700	8192266	8192483	gene,mRNA	.	contig_9700:8192266-8192483,contig_9700:8192266-8192483
contig_9723	2262	2405	intergenic	.	contig_9723:2262-2405
contig_9723	400593	400797	gene,mRNA	.	contig_9723:400593-400797,contig_9723:400593-400797
contig_9723	457132	457263	intergenic	.	contig_9723:457132-457263
contig_9736	215807	215923	gene,mRNA	.	contig_9736:215807-215923,contig_9736:215807-215923
contig_9736	348829	348868	intergenic	.	contig_9736:348829-348868
contig_9736	348943	349020	intergenic	.	contig_9736:348943-349020
contig_9736	420826	421137	intergenic	.	contig_9736:420826-421137
contig_9736	450331	450422	intergenic	.	contig_9736:450331-450422
contig_9736	633609	633878	intergenic	.	contig_9736:633609-633878
contig_9736	634031	634240	intergenic	.	contig_9736:634031-634240
contig_9736	659526	659651	intergenic	.	contig_9736:659526-659651
contig_9736	659709	659855	intergenic	.	contig_9736:659709-659855
contig_9736	755054	755215	intergenic	.	contig_9736:755054-755215
contig_9736	796035	796269	intergenic	.	contig_9736:796035-796269
contig_9736	1136991	1137241	gene,mRNA	.	contig_9736:1136991-1137241,contig_9736:1136991-1137241
contig_9736	1137329	1137404	gene,mRNA	.	contig_9736:1137329-1137404,contig_9736:1137329-1137404
contig_9928	54748	54778	intergenic	.	contig_9928:54748-54778
contig_9954	164766	164982	gene,mRNA	.	contig_9954:164766-164982,contig_9954:164766-164982
contig_9954	289192	289280	intergenic	.	contig_9954:289192-289280
contig_9954	836767	836877	intergenic	.	contig_9954:836767-836877
contig_9954	1078846	1078935	intergenic	.	contig_9954:1078846-1078935
contig_9954	1128568	1128704	intergenic	.	contig_9954:1128568-1128704
contig_9954	1168792	1168882	intergenic	.	contig_9954:1168792-1168882
contig_9954	1523609	1523823	intergenic	.	contig_9954:1523609-1523823
contig_9954	2367707	2367835	intergenic	.	contig_9954:2367707-2367835
contig_9954	2368108	2368151	intergenic	.	contig_9954:2368108-2368151
contig_9954	2378323	2378616	intergenic	.	contig_9954:2378323-2378616
contig_9954	2482853	2482916	intergenic	.	contig_9954:2482853-2482916
contig_9954	2680259	2680371	intergenic	.	contig_9954:2680259-2680371
contig_9954	2957441	2957656	intergenic	.	contig_9954:2957441-2957656
contig_9954	3101860	3102010	intergenic	.	contig_9954:3101860-3102010
contig_9954	3162529	3162644	intergenic	.	contig_9954:3162529-3162644
contig_9958	11011	11188	intergenic	.	contig_9958:11011-11188
contig_9965	1228478	1228567	gene,mRNA	.	contig_9965:1228478-1228567,contig_9965:1228478-1228567
contig_9965	1432196	1432276	intergenic	.	contig_9965:1432196-1432276
contig_9965	1918108	1918263	gene,mRNA	.	contig_9965:1918108-1918263,contig_9965:1918108-1918263
contig_9965	2402885	2402960	intergenic	.	contig_9965:2402885-2402960
contig_9965	2403209	2403248	intergenic	.	contig_9965:2403209-2403248
contig_9965	3517342	3517510	intergenic	.	contig_9965:3517342-3517510
contig_9965	3582429	3582635	gene,mRNA	.	contig_9965:3582429-3582635,contig_9965:3582429-3582635
contig_9965	3819917	3820158	gene,mRNA	.	contig_9965:3819917-3820158,contig_9965:3819917-3820158
contig_9969	72720	72750	intergenic	.	contig_9969:72720-72750
contig_9987	534854	534964	gene,mRNA,exon,CDS	.	contig_9987:534854-534964,contig_9987:534854-534964,contig_9987:534854-534964,contig_9987:534854-534964
contig_9987	535365	535565	gene,mRNA,exon,CDS	.	contig_9987:535365-535565,contig_9987:535365-535565,contig_9987:535365-535565,contig_9987:535365-535565
contig_9987	2098084	2098246	intergenic	.	contig_9987:2098084-2098246
contig_9987	2526227	2526337	gene,mRNA	.	contig_9987:2526227-2526337,contig_9987:2526227-2526337
contig_9987	2580615	2580859	intergenic	.	contig_9987:2580615-2580859
contig_9987	2838570	2838730	intergenic	.	contig_9987:2838570-2838730
contig_9987	3557268	3557309	intergenic	.	contig_9987:3557268-3557309
contig_9987	3557373	3557465	intergenic	.	contig_9987:3557373-3557465
