Chromosome	Start	End	Feature_Type	Details	Reads
1001	201250	201452	intergenic	.	1001:201250-201452
1003	82330	82757	exon,CDS,gene,mRNA		1003:82330-82757
1005	339237	339360	gene,mRNA		1005:339237-339360
1007	191461	191524	intergenic	.	1007:191461-191524
1008	29776	29835	intergenic	.	1008:29776-29835
1014	277531	277598	intergenic	.	1014:277531-277598
1015	222084	222749	gene,mRNA		1015:222084-222749
102	262906	262984	intergenic	.	102:262906-262984
102	289921	290104	intergenic	.	102:289921-290104
1029	214664	214694	gene,mRNA		1029:214664-214694
1035	6518	6580	intergenic	.	1035:6518-6580
1035	276031	276111	intergenic	.	1035:276031-276111
1036	153706	153949	intergenic	.	1036:153706-153949
1038	215525	215798	intergenic	.	1038:215525-215798
1039	85413	85506	intergenic	.	1039:85413-85506
1040	195706	195748	gene,mRNA		1040:195706-195748
105	203606	203710	gene,mRNA		105:203606-203710
1050	53908	53968	gene,mRNA		1050:53908-53968
1053	108743	108806	gene,mRNA		1053:108743-108806
1055	238987	239112	intergenic	.	1055:238987-239112
1056	71543	71746	exon,CDS,gene,mRNA		1056:71543-71746
1057	414825	414924	intergenic	.	1057:414825-414924
1057	415042	415205	intergenic	.	1057:415042-415205
1057	440544	440611	intergenic	.	1057:440544-440611
1058	630495	630685	intergenic	.	1058:630495-630685
1059	185348	185401	intergenic	.	1059:185348-185401
106	1977	2072	intergenic	.	106:1977-2072
1063	353295	353348	gene		1063:353295-353348
1065	3071	3217	gene,polyA_signal_sequence		1065:3071-3217
106832	447	860	intergenic	.	106832:447-860
1069	113541	113634	gene,mRNA		1069:113541-113634
1073	194501	194553	intergenic	.	1073:194501-194553
1078	146487	146614	gene,mRNA		1078:146487-146614
1080	77370	77553	intergenic	.	1080:77370-77553
1088	258271	258502	polyA_signal_sequence,gene		1088:258271-258502
1092	147263	147499	intergenic	.	1092:147263-147499
1094	164611	164794	intergenic	.	1094:164611-164794
1095	351086	351203	intergenic	.	1095:351086-351203
1097	162460	162530	gene,mRNA,exon,CDS,stop_codon		1097:162460-162530
1099	85177	85414	intergenic	.	1099:85177-85414
1108	58257	58310	intergenic	.	1108:58257-58310
1108	58367	58701	intergenic	.	1108:58367-58701
1108	77469	77674	intergenic	.	1108:77469-77674
1111	2125	2749	intergenic	.	1111:2125-2749
1114	131358	131520	gene,mRNA		1114:131358-131520
1115	194303	194537	intergenic	.	1115:194303-194537
1115	571518	571607	intergenic	.	1115:571518-571607
1116	75970	76026	intergenic	.	1116:75970-76026
1118	216961	217021	intergenic	.	1118:216961-217021
1118	610804	610903	gene,mRNA		1118:610804-610903
1118	1289113	1289261	gene,mRNA		1118:1289113-1289261
112	128685	128752	gene,mRNA		112:128685-128752
112	173947	174021	gene,mRNA		112:173947-174021
1124	6436	6752	intergenic	.	1124:6436-6752
1124	6858	6910	intergenic	.	1124:6858-6910
1124	28635	28729	gene,mRNA		1124:28635-28729
1138	23883	24048	intergenic	.	1138:23883-24048
114	156265	156363	intergenic	.	114:156265-156363
114	176819	176995	intergenic	.	114:176819-176995
1140	112031	112107	gene,mRNA		1140:112031-112107
1144	39395	39917	intergenic	.	1144:39395-39917
1145	26714	26773	gene,mRNA		1145:26714-26773
1150	101952	102092	intergenic	.	1150:101952-102092
1151	193733	194170	intergenic	.	1151:193733-194170
1156	275881	276220	intergenic	.	1156:275881-276220
1157	179525	179689	gene,polyA_signal_sequence		1157:179525-179689
1160	31276	31391	gene,mRNA		1160:31276-31391
1162	249430	249674	gene,polyA_signal_sequence		1162:249430-249674
1164	289662	289904	intergenic	.	1164:289662-289904
1165	157700	157771	gene,mRNA		1165:157700-157771
1168	175173	175599	intergenic	.	1168:175173-175599
1172	16853	16920	gene,mRNA		1172:16853-16920
1173	689542	689815	exon,CDS,stop_codon,polyA_signal_sequence,gene,mRNA		1173:689542-689815
1173	814099	814185	intergenic	.	1173:814099-814185
1181	118966	119011	intergenic	.	1181:118966-119011
1189	338131	338392	intergenic	.	1189:338131-338392
1191	396358	396541	intergenic	.	1191:396358-396541
1191	488740	489064	intergenic	.	1191:488740-489064
1191	637599	638046	intergenic	.	1191:637599-638046
1200	198130	198342	intergenic	.	1200:198130-198342
1203	11963	12291	gene,mRNA		1203:11963-12291
1207	66291	66510	intergenic	.	1207:66291-66510
1207	581209	581283	intergenic	.	1207:581209-581283
1207	583941	584101	gene		1207:583941-584101
1208	90109	90188	intergenic	.	1208:90109-90188
121	66182	66338	gene,mRNA		121:66182-66338
1226	297245	297395	intergenic	.	1226:297245-297395
1228	193765	194011	gene,mRNA		1228:193765-194011
1229	26094	26311	intergenic	.	1229:26094-26311
1238	47759	47914	gene		1238:47759-47914
1241	55244	55303	intergenic	.	1241:55244-55303
1241	87410	87447	gene,mRNA		1241:87410-87447
1243	701120	701184	gene,mRNA		1243:701120-701184
1245	219548	219663	intergenic	.	1245:219548-219663
125	275100	275185	intergenic	.	125:275100-275185
125	464695	465029	intergenic	.	125:464695-465029
1261	318377	318469	intergenic	.	1261:318377-318469
1261	762549	762669	intergenic	.	1261:762549-762669
1270	537328	537397	gene,mRNA		1270:537328-537397
1273	199450	199631	intergenic	.	1273:199450-199631
1275	137851	137977	gene,mRNA		1275:137851-137977
1275	138306	138432	gene,mRNA		1275:138306-138432
1275	138699	138906	gene,mRNA		1275:138699-138906
1276	43616	43895	intergenic	.	1276:43616-43895
1276	121581	121800	intergenic	.	1276:121581-121800
1276	181104	181286	intergenic	.	1276:181104-181286
1281	527753	527810	intergenic	.	1281:527753-527810
1285	238915	239048	gene,mRNA		1285:238915-239048
1287	68443	68618	gene,mRNA		1287:68443-68618
129	197206	197290	gene,mRNA		129:197206-197290
129	294921	294990	intergenic	.	129:294921-294990
1301	581208	581356	intergenic	.	1301:581208-581356
1301	746982	747126	gene,mRNA		1301:746982-747126
1305	33520	34122	exon,CDS,start_codon,gene,mRNA		1305:33520-34122
1307	136849	136946	intergenic	.	1307:136849-136946
1307	139504	139651	intergenic	.	1307:139504-139651
131	172762	172930	gene,mRNA		131:172762-172930
1319	204535	204595	gene,mRNA		1319:204535-204595
132	58311	58543	intergenic	.	132:58311-58543
1320	39745	39842	intergenic	.	1320:39745-39842
1321	354361	354498	intergenic	.	1321:354361-354498
1322	9351	9421	intergenic	.	1322:9351-9421
1322	174739	174810	intergenic	.	1322:174739-174810
1326	621781	621861	intergenic	.	1326:621781-621861
1327	679787	679819	gene,mRNA		1327:679787-679819
1327	725064	725442	intergenic	.	1327:725064-725442
1329	633176	633349	intergenic	.	1329:633176-633349
137937	477	714	intergenic	.	137937:477-714
139	29986	30188	intergenic	.	139:29986-30188
139	182824	183006	intergenic	.	139:182824-183006
141	58853	59135	intergenic	.	141:58853-59135
142	289251	289438	intergenic	.	142:289251-289438
155	80962	81027	intergenic	.	155:80962-81027
159257	126	597	intergenic	.	159257:126-597
162	124303	124424	intergenic	.	162:124303-124424
164	21050	21151	intergenic	.	164:21050-21151
169	54382	54503	intergenic	.	169:54382-54503
173	302262	302407	gene,mRNA		173:302262-302407
177	472426	472569	gene,mRNA		177:472426-472569
179	301632	301732	intergenic	.	179:301632-301732
185	48413	48469	intergenic	.	185:48413-48469
186	127664	127800	gene,mRNA		186:127664-127800
197	260972	261052	intergenic	.	197:260972-261052
201	18446	18514	intergenic	.	201:18446-18514
208	80865	80923	gene,mRNA		208:80865-80923
23	376305	376411	gene,mRNA		23:376305-376411
235	56260	56494	intergenic	.	235:56260-56494
24	187359	187437	gene,mRNA		24:187359-187437
240	132501	132619	intergenic	.	240:132501-132619
246	121887	121952	intergenic	.	246:121887-121952
246	122451	122590	intergenic	.	246:122451-122590
248670	568	599	intergenic	.	248670:568-599
25	1089801	1089946	intergenic	.	25:1089801-1089946
25	1186242	1186578	gene,mRNA,stop_codon,exon,CDS		25:1186242-1186578
255	314673	314938	intergenic	.	255:314673-314938
257	168497	168555	gene,mRNA		257:168497-168555
258	46062	46092	intergenic	.	258:46062-46092
274	238732	239037	intergenic	.	274:238732-239037
274	239124	239854	intergenic	.	274:239124-239854
275	67153	67253	gene,mRNA		275:67153-67253
275	67461	67561	gene,mRNA		275:67461-67561
282325	2	64	intergenic	.	282325:2-64
289	22283	22403	intergenic	.	289:22283-22403
289	49728	49931	intergenic	.	289:49728-49931
289	95357	95458	gene,mRNA		289:95357-95458
293277	779	944	intergenic	.	293277:779-944
302	12986	13065	intergenic	.	302:12986-13065
307	141317	141401	intergenic	.	307:141317-141401
312	21605	21712	intergenic	.	312:21605-21712
312217	371	401	intergenic	.	312217:371-401
32606	67	271	intergenic	.	32606:67-271
329	81839	82136	intergenic	.	329:81839-82136
33	728703	728901	exon,CDS,stop_codon,gene,mRNA		33:728703-728901
330	3436	3757	intergenic	.	330:3436-3757
335327	17	129	intergenic	.	335327:17-129
337701	142	205	intergenic	.	337701:142-205
340	96791	96861	intergenic	.	340:96791-96861
341337	1684	2050	intergenic	.	341337:1684-2050
343	170436	170504	intergenic	.	343:170436-170504
343	172601	172750	gene,mRNA		343:172601-172750
343	172815	172894	gene,mRNA		343:172815-172894
348	135210	135242	gene,mRNA		348:135210-135242
348	135563	135664	gene,mRNA		348:135563-135664
348125	173	217	intergenic	.	348125:173-217
349	252727	253104	intergenic	.	349:252727-253104
349	350768	350800	intergenic	.	349:350768-350800
35285	2215	2282	intergenic	.	35285:2215-2282
353944	1137	1306	intergenic	.	353944:1137-1306
354	357955	358539	intergenic	.	354:357955-358539
354781	86	304	intergenic	.	354781:86-304
355264	191	248	intergenic	.	355264:191-248
355350	1594	1732	intergenic	.	355350:1594-1732
356874	445	668	intergenic	.	356874:445-668
361	222071	222121	intergenic	.	361:222071-222121
362	367457	367605	intergenic	.	362:367457-367605
362664	366	452	intergenic	.	362664:366-452
368	209417	209575	intergenic	.	368:209417-209575
370	163670	163738	gene,mRNA		370:163670-163738
371	144776	144860	intergenic	.	371:144776-144860
371	445761	445958	intergenic	.	371:445761-445958
372	395497	395557	gene,mRNA		372:395497-395557
375	59334	59384	gene,mRNA		375:59334-59384
376646	233	504	intergenic	.	376646:233-504
378	231963	232012	gene,mRNA		378:231963-232012
38	10268	10554	exon,CDS,gene,mRNA		38:10268-10554
38	462496	462645	intergenic	.	38:462496-462645
38	728160	728427	intergenic	.	38:728160-728427
38	833060	833193	intergenic	.	38:833060-833193
381	115593	115723	gene,mRNA		381:115593-115723
381388	251	328	intergenic	.	381388:251-328
381502	708	1021	intergenic	.	381502:708-1021
383	310652	310808	gene,mRNA		383:310652-310808
383234	607	758	intergenic	.	383234:607-758
383234	866	976	intergenic	.	383234:866-976
384156	40	87	intergenic	.	384156:40-87
384156	595	695	gene,mRNA,exon,CDS		384156:595-695
384559	201	390	intergenic	.	384559:201-390
385135	3320	3524	intergenic	.	385135:3320-3524
386	268068	268198	gene,mRNA		386:268068-268198
386636	790	870	intergenic	.	386636:790-870
389645	2327	2427	intergenic	.	389645:2327-2427
39	419039	419255	gene,mRNA		39:419039-419255
390037	2856	3067	intergenic	.	390037:2856-3067
390129	2192	2337	intergenic	.	390129:2192-2337
390365	1719	1985	intergenic	.	390365:1719-1985
390671	1350	1572	intergenic	.	390671:1350-1572
390671	1711	1866	intergenic	.	390671:1711-1866
391	98955	99073	gene,mRNA		391:98955-99073
391	115295	115401	gene,mRNA		391:115295-115401
391	371003	371182	gene,mRNA		391:371003-371182
391	371307	371427	gene,mRNA		391:371307-371427
391375	1802	2107	intergenic	.	391375:1802-2107
393223	2419	2464	intergenic	.	393223:2419-2464
393225	134	254	intergenic	.	393225:134-254
393239	2361	2433	intergenic	.	393239:2361-2433
393269	1190	1390	intergenic	.	393269:1190-1390
393322	2249	2382	intergenic	.	393322:2249-2382
393414	1947	1996	intergenic	.	393414:1947-1996
393626	2162	2213	intergenic	.	393626:2162-2213
395075	2058	2129	intergenic	.	395075:2058-2129
395659	1030	1177	intergenic	.	395659:1030-1177
396	74181	74261	intergenic	.	396:74181-74261
396	278576	278624	intergenic	.	396:278576-278624
396708	3045	3251	intergenic	.	396708:3045-3251
397	216905	217139	gene,mRNA		397:216905-217139
398562	788	888	intergenic	.	398562:788-888
400	33293	33354	intergenic	.	400:33293-33354
400076	1885	2007	intergenic	.	400076:1885-2007
400377	1618	1741	intergenic	.	400377:1618-1741
400532	550	604	intergenic	.	400532:550-604
400532	900	1033	intergenic	.	400532:900-1033
400913	2573	2720	intergenic	.	400913:2573-2720
401	39693	39760	gene,mRNA		401:39693-39760
401566	3034	3190	gene,mRNA,exon,CDS		401566:3034-3190
401788	1244	1461	gene,mRNA,exon,CDS,start_codon		401788:1244-1461
402023	9475	9802	gene,mRNA		402023:9475-9802
402038	490	809	intergenic	.	402038:490-809
402210	1579	1624	intergenic	.	402210:1579-1624
402475	3326	3686	intergenic	.	402475:3326-3686
402653	9622	9873	gene,mRNA,exon,CDS,start_codon		402653:9622-9873
402884	5836	5910	intergenic	.	402884:5836-5910
402961	506	589	intergenic	.	402961:506-589
402961	932	1070	intergenic	.	402961:932-1070
402961	1399	1456	intergenic	.	402961:1399-1456
403358	260	674	intergenic	.	403358:260-674
403605	2027	2177	intergenic	.	403605:2027-2177
403721	2938	2984	intergenic	.	403721:2938-2984
403721	3060	3105	intergenic	.	403721:3060-3105
403920	2373	2426	intergenic	.	403920:2373-2426
403952	5072	5315	intergenic	.	403952:5072-5315
404	29581	29636	gene,mRNA		404:29581-29636
404239	880	1051	intergenic	.	404239:880-1051
404395	744	848	intergenic	.	404395:744-848
404438	10151	10261	intergenic	.	404438:10151-10261
404702	8594	8779	intergenic	.	404702:8594-8779
404770	4454	4496	intergenic	.	404770:4454-4496
404849	2446	2620	intergenic	.	404849:2446-2620
405	24443	24618	intergenic	.	405:24443-24618
405097	1470	1663	intergenic	.	405097:1470-1663
405290	2943	3076	intergenic	.	405290:2943-3076
405357	10306	10379	intergenic	.	405357:10306-10379
405357	10653	10774	intergenic	.	405357:10653-10774
405359	409	470	intergenic	.	405359:409-470
405433	1432	1695	intergenic	.	405433:1432-1695
405492	603	657	intergenic	.	405492:603-657
405519	15308	15340	intergenic	.	405519:15308-15340
405581	3129	3290	intergenic	.	405581:3129-3290
405616	4357	4480	intergenic	.	405616:4357-4480
405655	891	1097	intergenic	.	405655:891-1097
405866	29	97	intergenic	.	405866:29-97
405928	5235	5471	intergenic	.	405928:5235-5471
406046	1301	1457	intergenic	.	406046:1301-1457
406128	1897	2049	intergenic	.	406128:1897-2049
406158	340	683	intergenic	.	406158:340-683
406177	1778	1838	intergenic	.	406177:1778-1838
406206	1744	1860	intergenic	.	406206:1744-1860
406245	10903	11135	intergenic	.	406245:10903-11135
406259	695	894	intergenic	.	406259:695-894
406315	1585	1659	intergenic	.	406315:1585-1659
406467	4019	4076	intergenic	.	406467:4019-4076
406548	488	590	intergenic	.	406548:488-590
406641	646	1068	intergenic	.	406641:646-1068
406729	12930	12967	intergenic	.	406729:12930-12967
406784	1215	1416	intergenic	.	406784:1215-1416
406840	9327	9399	intergenic	.	406840:9327-9399
407444	6048	6190	intergenic	.	407444:6048-6190
407492	210	318	intergenic	.	407492:210-318
407706	2651	2884	intergenic	.	407706:2651-2884
407756	444	476	intergenic	.	407756:444-476
408000	3478	3541	intergenic	.	408000:3478-3541
408080	12453	12727	intergenic	.	408080:12453-12727
408143	1177	1261	intergenic	.	408143:1177-1261
408200	948	992	intergenic	.	408200:948-992
408406	2812	3277	intergenic	.	408406:2812-3277
409586	1891	1945	gene,mRNA		409586:1891-1945
409605	1264	1449	intergenic	.	409605:1264-1449
410830	6452	6529	intergenic	.	410830:6452-6529
410832	1047	1240	intergenic	.	410832:1047-1240
411610	1684	1727	intergenic	.	411610:1684-1727
411669	1102	1184	intergenic	.	411669:1102-1184
411672	2066	2292	intergenic	.	411672:2066-2292
411735	1388	1466	intergenic	.	411735:1388-1466
411790	4581	5051	intergenic	.	411790:4581-5051
418017	5545	5756	intergenic	.	418017:5545-5756
418129	2858	2967	intergenic	.	418129:2858-2967
418147	2963	3025	intergenic	.	418147:2963-3025
418415	0	275	intergenic	.	418415:0-275
418671	3480	3621	intergenic	.	418671:3480-3621
418711	1751	1783	intergenic	.	418711:1751-1783
418837	5595	5729	intergenic	.	418837:5595-5729
419409	491	521	intergenic	.	419409:491-521
421486	8423	8546	intergenic	.	421486:8423-8546
421761	1044	1170	intergenic	.	421761:1044-1170
422087	4240	4409	intergenic	.	422087:4240-4409
422682	3321	3366	intergenic	.	422682:3321-3366
423	29249	29315	gene		423:29249-29315
423089	741	898	intergenic	.	423089:741-898
423231	3059	3191	intergenic	.	423231:3059-3191
425	189945	190000	intergenic	.	425:189945-190000
426263	1299	1557	intergenic	.	426263:1299-1557
430245	183	371	intergenic	.	430245:183-371
432616	12595	12784	intergenic	.	432616:12595-12784
432660	60	191	intergenic	.	432660:60-191
432661	4975	5077	intergenic	.	432661:4975-5077
432727	5404	5714	gene,mRNA		432727:5404-5714
438	64565	64625	intergenic	.	438:64565-64625
438801	1153	1312	intergenic	.	438801:1153-1312
439072	961	1034	intergenic	.	439072:961-1034
439113	2034	2222	intergenic	.	439113:2034-2222
439115	5061	5266	intergenic	.	439115:5061-5266
439490	3634	3779	intergenic	.	439490:3634-3779
439492	2218	2283	intergenic	.	439492:2218-2283
439492	2407	2493	intergenic	.	439492:2407-2493
439492	2560	2669	intergenic	.	439492:2560-2669
439509	5690	5846	intergenic	.	439509:5690-5846
439725	517	674	intergenic	.	439725:517-674
439823	33330	33424	gene,mRNA		439823:33330-33424
439862	3440	3539	intergenic	.	439862:3440-3539
439977	1382	1507	intergenic	.	439977:1382-1507
439977	1575	1663	intergenic	.	439977:1575-1663
440017	2035	2097	intergenic	.	440017:2035-2097
440122	6601	6844	intergenic	.	440122:6601-6844
440180	104	160	intergenic	.	440180:104-160
440358	14767	14906	gene,polyA_signal_sequence		440358:14767-14906
440553	1237	1389	intergenic	.	440553:1237-1389
440592	6243	6362	intergenic	.	440592:6243-6362
440710	1985	2063	intergenic	.	440710:1985-2063
440941	2895	2947	intergenic	.	440941:2895-2947
441	434640	434824	gene,mRNA		441:434640-434824
441082	25	146	intergenic	.	441082:25-146
441118	4709	4829	intergenic	.	441118:4709-4829
441254	1093	1234	intergenic	.	441254:1093-1234
441254	1326	1416	intergenic	.	441254:1326-1416
441284	2573	2728	intergenic	.	441284:2573-2728
441437	548	623	intergenic	.	441437:548-623
441482	3252	3530	intergenic	.	441482:3252-3530
441555	5975	6033	intergenic	.	441555:5975-6033
441678	4961	5075	intergenic	.	441678:4961-5075
441678	8705	8847	intergenic	.	441678:8705-8847
441718	4007	4155	intergenic	.	441718:4007-4155
441756	3826	3874	intergenic	.	441756:3826-3874
441983	8139	8327	intergenic	.	441983:8139-8327
442054	3804	3933	intergenic	.	442054:3804-3933
442088	5118	5397	gene,mRNA,exon,CDS		442088:5118-5397
442557	6629	6933	intergenic	.	442557:6629-6933
443	202198	202229	gene,mRNA		443:202198-202229
443	230788	230818	exon,CDS,gene,mRNA		443:230788-230818
443160	436	650	intergenic	.	443160:436-650
443276	1844	2055	intergenic	.	443276:1844-2055
443493	1698	1814	intergenic	.	443493:1698-1814
443617	15083	15278	intergenic	.	443617:15083-15278
443811	5364	5600	intergenic	.	443811:5364-5600
443925	2467	2674	intergenic	.	443925:2467-2674
444179	136	199	intergenic	.	444179:136-199
444493	2930	3102	intergenic	.	444493:2930-3102
444670	584	673	intergenic	.	444670:584-673
444840	16694	16835	intergenic	.	444840:16694-16835
445355	4543	4841	intergenic	.	445355:4543-4841
445355	4933	5084	intergenic	.	445355:4933-5084
445454	2473	2535	intergenic	.	445454:2473-2535
445604	67	296	intergenic	.	445604:67-296
445661	1339	1409	intergenic	.	445661:1339-1409
445733	1208	1359	intergenic	.	445733:1208-1359
446	110172	110245	intergenic	.	446:110172-110245
446	355244	355324	intergenic	.	446:355244-355324
446313	6516	6554	intergenic	.	446313:6516-6554
446424	1247	1383	intergenic	.	446424:1247-1383
446793	74	321	gene,mRNA,start_codon,exon,CDS		446793:74-321
446888	8109	8196	intergenic	.	446888:8109-8196
446965	9563	9764	intergenic	.	446965:9563-9764
447110	949	1012	intergenic	.	447110:949-1012
447811	4261	4482	intergenic	.	447811:4261-4482
447811	4676	4818	intergenic	.	447811:4676-4818
448449	1934	2158	intergenic	.	448449:1934-2158
448449	2529	2598	intergenic	.	448449:2529-2598
449149	1504	1699	intergenic	.	449149:1504-1699
449291	42	139	intergenic	.	449291:42-139
45	263121	263154	intergenic	.	45:263121-263154
450186	95	289	intergenic	.	450186:95-289
450507	889	1172	intergenic	.	450507:889-1172
450516	1771	1916	intergenic	.	450516:1771-1916
450575	2763	2988	intergenic	.	450575:2763-2988
450885	5392	5499	intergenic	.	450885:5392-5499
450887	4497	4740	intergenic	.	450887:4497-4740
451126	1093	1208	intergenic	.	451126:1093-1208
451558	10356	10642	exon,CDS,gene,mRNA		451558:10356-10642
451698	1407	1608	intergenic	.	451698:1407-1608
452184	1634	1715	intergenic	.	452184:1634-1715
452284	5787	5847	intergenic	.	452284:5787-5847
453205	94	199	intergenic	.	453205:94-199
454007	72	128	intergenic	.	454007:72-128
454189	939	1122	intergenic	.	454189:939-1122
456859	824	871	intergenic	.	456859:824-871
457749	1414	1454	intergenic	.	457749:1414-1454
458996	4555	4934	intergenic	.	458996:4555-4934
458996	5020	5159	intergenic	.	458996:5020-5159
459	111187	111256	gene,mRNA		459:111187-111256
459	115559	115935	gene,mRNA		459:115559-115935
459352	886	1041	intergenic	.	459352:886-1041
459584	10454	10554	intergenic	.	459584:10454-10554
460355	179	295	intergenic	.	460355:179-295
46075	1762	1922	intergenic	.	46075:1762-1922
461125	1285	1350	intergenic	.	461125:1285-1350
461387	2760	2908	intergenic	.	461387:2760-2908
461438	3501	3555	intergenic	.	461438:3501-3555
461578	9463	9512	intergenic	.	461578:9463-9512
461585	1346	1438	intergenic	.	461585:1346-1438
461793	6	106	gene,mRNA,exon,CDS		461793:6-106
461952	173	286	intergenic	.	461952:173-286
461952	504	858	gene,polyA_signal_sequence,mRNA,stop_codon,exon,CDS,start_codon		461952:504-858
463721	286	566	intergenic	.	463721:286-566
463721	689	743	intergenic	.	463721:689-743
464362	1824	2104	intergenic	.	464362:1824-2104
466580	163	264	intergenic	.	466580:163-264
468529	463	497	intergenic	.	468529:463-497
469154	219	303	intergenic	.	469154:219-303
469154	885	1027	intergenic	.	469154:885-1027
469853	796	896	intergenic	.	469853:796-896
470	419	633	intergenic	.	470:419-633
470	49464	49606	intergenic	.	470:49464-49606
472	398821	398889	intergenic	.	472:398821-398889
474535	3596	3736	intergenic	.	474535:3596-3736
474559	2787	2853	intergenic	.	474559:2787-2853
474562	1457	1601	intergenic	.	474562:1457-1601
476031	218	411	intergenic	.	476031:218-411
476110	589	689	gene,mRNA,start_codon,exon,CDS		476110:589-689
476146	8884	9250	intergenic	.	476146:8884-9250
476168	15618	15732	intergenic	.	476168:15618-15732
476300	4412	4487	intergenic	.	476300:4412-4487
476460	25	68	intergenic	.	476460:25-68
476544	750	949	intergenic	.	476544:750-949
476608	4779	5213	intergenic	.	476608:4779-5213
477282	2187	2416	intergenic	.	477282:2187-2416
477798	2116	2173	intergenic	.	477798:2116-2173
477813	11718	11810	intergenic	.	477813:11718-11810
477819	27143	27188	intergenic	.	477819:27143-27188
477861	1033	1356	intergenic	.	477861:1033-1356
477912	9802	9914	intergenic	.	477912:9802-9914
477912	11814	11868	intergenic	.	477912:11814-11868
477918	6092	6341	gene,mRNA		477918:6092-6341
477942	27735	27835	exon,CDS,gene,mRNA		477942:27735-27835
477944	10811	11507	intergenic	.	477944:10811-11507
478054	171	366	intergenic	.	478054:171-366
478161	989	1207	intergenic	.	478161:989-1207
479273	3979	4131	intergenic	.	479273:3979-4131
479717	1105	1157	intergenic	.	479717:1105-1157
48	477243	477288	gene,mRNA,exon,CDS		48:477243-477288
480282	610	645	intergenic	.	480282:610-645
480396	3673	3737	intergenic	.	480396:3673-3737
480407	428	534	intergenic	.	480407:428-534
480579	5558	5690	intergenic	.	480579:5558-5690
480629	4418	4665	intergenic	.	480629:4418-4665
480727	1999	2110	intergenic	.	480727:1999-2110
481213	1445	1554	intergenic	.	481213:1445-1554
482189	2371	2522	intergenic	.	482189:2371-2522
482785	0	77	intergenic	.	482785:0-77
483056	413	619	intergenic	.	483056:413-619
483316	1085	1116	intergenic	.	483316:1085-1116
483877	3649	3717	intergenic	.	483877:3649-3717
484076	1125	1339	intergenic	.	484076:1125-1339
484415	1771	2010	intergenic	.	484415:1771-2010
484924	4215	4525	intergenic	.	484924:4215-4525
485214	3378	3425	intergenic	.	485214:3378-3425
485964	134	494	intergenic	.	485964:134-494
487399	1755	2109	intergenic	.	487399:1755-2109
487468	480	515	intergenic	.	487468:480-515
487653	634	1003	intergenic	.	487653:634-1003
488183	1062	1264	intergenic	.	488183:1062-1264
488827	950	1007	intergenic	.	488827:950-1007
490	3253	3534	gene,mRNA		490:3253-3534
490	75849	75980	intergenic	.	490:75849-75980
491800	132	190	intergenic	.	491800:132-190
491883	1317	1389	intergenic	.	491883:1317-1389
492476	1718	2298	intergenic	.	492476:1718-2298
493219	273	524	intergenic	.	493219:273-524
495560	536	571	gene,mRNA,exon,CDS		495560:536-571
495975	470	500	intergenic	.	495975:470-500
496078	943	1171	intergenic	.	496078:943-1171
497676	788	995	intergenic	.	497676:788-995
498334	3095	3201	intergenic	.	498334:3095-3201
498339	10041	10076	intergenic	.	498339:10041-10076
498420	2307	2424	intergenic	.	498420:2307-2424
499681	1832	1907	intergenic	.	499681:1832-1907
499681	1963	2003	intergenic	.	499681:1963-2003
499716	2588	2796	intergenic	.	499716:2588-2796
499737	336	464	intergenic	.	499737:336-464
500159	1002	1065	gene,mRNA		500159:1002-1065
500159	1164	1237	gene,mRNA,exon,CDS		500159:1164-1237
500604	777	855	intergenic	.	500604:777-855
500614	5081	5176	intergenic	.	500614:5081-5176
500877	1009	1229	intergenic	.	500877:1009-1229
500891	2612	2783	gene,mRNA		500891:2612-2783
500925	2215	2261	intergenic	.	500925:2215-2261
500925	2322	2353	intergenic	.	500925:2322-2353
501288	6612	6772	intergenic	.	501288:6612-6772
501350	19244	19431	intergenic	.	501350:19244-19431
501358	418	482	intergenic	.	501358:418-482
501378	23086	23282	intergenic	.	501378:23086-23282
501437	2501	2740	intergenic	.	501437:2501-2740
501487	8180	8433	intergenic	.	501487:8180-8433
501495	7348	7689	intergenic	.	501495:7348-7689
501604	7851	7957	intergenic	.	501604:7851-7957
501692	18533	18615	intergenic	.	501692:18533-18615
501746	5294	5439	intergenic	.	501746:5294-5439
501931	1171	1225	intergenic	.	501931:1171-1225
502094	938	1006	intergenic	.	502094:938-1006
502273	8859	8961	intergenic	.	502273:8859-8961
502337	574	754	intergenic	.	502337:574-754
502452	7756	8058	intergenic	.	502452:7756-8058
502636	2	46	intergenic	.	502636:2-46
502657	19555	19655	intergenic	.	502657:19555-19655
502707	709	1102	gene,polyA_signal_sequence,mRNA,stop_codon,exon,CDS		502707:709-1102
503	230281	230322	intergenic	.	503:230281-230322
503135	1757	1799	intergenic	.	503135:1757-1799
504440	1424	1482	intergenic	.	504440:1424-1482
504876	8260	8553	intergenic	.	504876:8260-8553
505505	206	443	intergenic	.	505505:206-443
506817	57612	57883	intergenic	.	506817:57612-57883
506884	569	625	intergenic	.	506884:569-625
507166	6798	6846	gene,mRNA,exon,CDS		507166:6798-6846
507356	2379	2618	intergenic	.	507356:2379-2618
508471	7147	7220	intergenic	.	508471:7147-7220
508722	263	348	intergenic	.	508722:263-348
508964	6485	6600	intergenic	.	508964:6485-6600
508966	617	868	gene,mRNA,exon,CDS,start_codon		508966:617-868
509	39821	39879	gene,mRNA		509:39821-39879
509048	763	938	intergenic	.	509048:763-938
509429	93	130	intergenic	.	509429:93-130
509469	378	511	intergenic	.	509469:378-511
509480	846	1064	intergenic	.	509480:846-1064
509920	1842	1943	intergenic	.	509920:1842-1943
510282	9523	9921	exon,CDS,gene,mRNA		510282:9523-9921
510346	8002	8425	intergenic	.	510346:8002-8425
510392	4144	4256	gene,mRNA		510392:4144-4256
510413	96	345	intergenic	.	510413:96-345
512563	4110	4370	intergenic	.	512563:4110-4370
512567	1086	1207	intergenic	.	512567:1086-1207
512909	6520	6584	intergenic	.	512909:6520-6584
513133	1699	1929	intergenic	.	513133:1699-1929
513280	1889	1995	intergenic	.	513280:1889-1995
513732	3229	3285	intergenic	.	513732:3229-3285
513779	2318	2448	intergenic	.	513779:2318-2448
513792	2551	2750	intergenic	.	513792:2551-2750
514049	767	830	intergenic	.	514049:767-830
514260	1280	1421	intergenic	.	514260:1280-1421
514287	3348	3448	intergenic	.	514287:3348-3448
514287	4056	4197	gene,mRNA,exon,CDS		514287:4056-4197
515	49345	49708	exon,CDS,stop_codon,polyA_signal_sequence,gene,mRNA		515:49345-49708
515011	3553	3625	gene,mRNA		515011:3553-3625
515145	489	543	intergenic	.	515145:489-543
515157	419	798	intergenic	.	515157:419-798
515352	1392	1605	intergenic	.	515352:1392-1605
515461	94	434	intergenic	.	515461:94-434
515663	5946	6077	intergenic	.	515663:5946-6077
516095	4591	4667	intergenic	.	516095:4591-4667
516246	502	791	intergenic	.	516246:502-791
516279	6755	6808	intergenic	.	516279:6755-6808
516700	1422	1463	intergenic	.	516700:1422-1463
517217	3190	3435	intergenic	.	517217:3190-3435
517218	2059	2151	intergenic	.	517218:2059-2151
518033	736	975	intergenic	.	518033:736-975
518478	1572	1609	intergenic	.	518478:1572-1609
519409	0	72	intergenic	.	519409:0-72
519462	4681	4813	intergenic	.	519462:4681-4813
519493	9842	9967	intergenic	.	519493:9842-9967
519527	2439	2571	intergenic	.	519527:2439-2571
520504	1396	1611	intergenic	.	520504:1396-1611
520746	495	750	intergenic	.	520746:495-750
520803	452	776	intergenic	.	520803:452-776
521	37154	37284	gene,mRNA		521:37154-37284
524	205256	205528	gene,mRNA,exon,CDS,start_codon,gene,polyA_signal_sequence		524:205256-205528
524	205594	205864	gene		524:205594-205864
525561	437	534	intergenic	.	525561:437-534
525561	651	772	intergenic	.	525561:651-772
526848	217	296	intergenic	.	526848:217-296
527	19263	19522	intergenic	.	527:19263-19522
527362	586	875	intergenic	.	527362:586-875
528035	959	1297	intergenic	.	528035:959-1297
528424	35	205	intergenic	.	528424:35-205
529577	134	303	intergenic	.	529577:134-303
529648	5250	5644	intergenic	.	529648:5250-5644
53	640975	641029	gene,mRNA		53:640975-641029
53	812604	812714	gene,mRNA		53:812604-812714
531869	5403	5580	intergenic	.	531869:5403-5580
531914	872	929	intergenic	.	531914:872-929
532337	10559	10905	intergenic	.	532337:10559-10905
533	11946	12097	intergenic	.	533:11946-12097
533	12211	12389	polyA_signal_sequence,stop_codon,exon,CDS,gene,mRNA		533:12211-12389
533	79921	80014	gene,mRNA		533:79921-80014
533032	4221	4419	intergenic	.	533032:4221-4419
533430	60	113	intergenic	.	533430:60-113
535550	1004	1095	gene,mRNA		535550:1004-1095
536438	1130	1231	intergenic	.	536438:1130-1231
536489	177	254	intergenic	.	536489:177-254
54	393609	393725	intergenic	.	54:393609-393725
541946	896	976	intergenic	.	541946:896-976
543346	863	1040	intergenic	.	543346:863-1040
544	26054	26140	gene,mRNA		544:26054-26140
548149	1293	1415	intergenic	.	548149:1293-1415
55	349582	350072	intergenic	.	55:349582-350072
55	350138	350228	intergenic	.	55:350138-350228
550758	2417	2550	intergenic	.	550758:2417-2550
551130	42	137	intergenic	.	551130:42-137
551130	421	521	intergenic	.	551130:421-521
552015	987	1186	intergenic	.	552015:987-1186
556	139250	139404	gene,mRNA		556:139250-139404
556738	846	909	intergenic	.	556738:846-909
557308	481	584	intergenic	.	557308:481-584
558	316207	316329	gene,mRNA		558:316207-316329
558887	160	234	intergenic	.	558887:160-234
558979	467	550	intergenic	.	558979:467-550
561	61140	61313	gene,mRNA		561:61140-61313
561019	0	256	intergenic	.	561019:0-256
562881	246	436	intergenic	.	562881:246-436
563	47448	47648	gene,mRNA		563:47448-47648
565471	155	470	intergenic	.	565471:155-470
565824	99	134	intergenic	.	565824:99-134
571902	1078	1203	intergenic	.	571902:1078-1203
572358	856	931	intergenic	.	572358:856-931
574245	3	168	intergenic	.	574245:3-168
575897	801	941	intergenic	.	575897:801-941
576	35236	35395	intergenic	.	576:35236-35395
576	143544	143636	intergenic	.	576:143544-143636
577119	196	257	intergenic	.	577119:196-257
578	125275	125312	intergenic	.	578:125275-125312
579	233952	234099	gene,mRNA		579:233952-234099
579	381910	381990	intergenic	.	579:381910-381990
58	547430	547522	intergenic	.	58:547430-547522
580	77489	77868	intergenic	.	580:77489-77868
580394	1284	1561	intergenic	.	580394:1284-1561
581	25499	25905	gene,mRNA		581:25499-25905
586	314134	314270	gene,mRNA		586:314134-314270
588	12730	12890	gene,mRNA		588:12730-12890
588	58306	58424	gene,mRNA		588:58306-58424
588048	127	184	intergenic	.	588048:127-184
588632	7554	7617	intergenic	.	588632:7554-7617
589897	1535	1631	intergenic	.	589897:1535-1631
59	749699	749847	gene,mRNA		59:749699-749847
590	27345	27578	intergenic	.	590:27345-27578
590512	976	1019	intergenic	.	590512:976-1019
591270	4150	4312	intergenic	.	591270:4150-4312
591571	4286	4418	intergenic	.	591571:4286-4418
591643	1941	2061	intergenic	.	591643:1941-2061
591701	372	620	intergenic	.	591701:372-620
591900	326	460	intergenic	.	591900:326-460
591922	5693	5844	intergenic	.	591922:5693-5844
592070	224	421	intergenic	.	592070:224-421
592083	1394	1696	gene,mRNA,exon,CDS,start_codon		592083:1394-1696
592158	3202	3267	intergenic	.	592158:3202-3267
592290	6669	7206	intergenic	.	592290:6669-7206
592352	202	314	intergenic	.	592352:202-314
592754	1003	1095	intergenic	.	592754:1003-1095
592754	1685	1783	intergenic	.	592754:1685-1783
593112	1114	1195	intergenic	.	593112:1114-1195
593153	2082	2692	intergenic	.	593153:2082-2692
593197	2962	3164	intergenic	.	593197:2962-3164
593413	50	143	intergenic	.	593413:50-143
593909	824	904	intergenic	.	593909:824-904
594020	289	393	intergenic	.	594020:289-393
594060	2640	3083	intergenic	.	594060:2640-3083
594540	5471	5904	gene,mRNA,start_codon,exon,CDS,stop_codon,polyA_signal_sequence		594540:5471-5904
594545	721	833	intergenic	.	594545:721-833
594562	7446	7496	intergenic	.	594562:7446-7496
594719	531	688	intergenic	.	594719:531-688
594719	870	927	intergenic	.	594719:870-927
594777	14	251	intergenic	.	594777:14-251
594837	66	137	intergenic	.	594837:66-137
595513	1365	1446	intergenic	.	595513:1365-1446
596105	2434	2464	intergenic	.	596105:2434-2464
596634	4537	4605	intergenic	.	596634:4537-4605
597	152136	152180	gene,mRNA		597:152136-152180
597223	6228	6557	intergenic	.	597223:6228-6557
597778	311	415	intergenic	.	597778:311-415
597778	510	680	intergenic	.	597778:510-680
598	67857	68157	stop_codon,exon,CDS,gene,mRNA		598:67857-68157
598	164445	164522	gene,mRNA		598:164445-164522
598478	1051	1081	intergenic	.	598478:1051-1081
598905	1306	1364	intergenic	.	598905:1306-1364
599009	761	852	intergenic	.	599009:761-852
599020	1785	1880	intergenic	.	599020:1785-1880
599020	1943	2172	intergenic	.	599020:1943-2172
599275	2772	2986	intergenic	.	599275:2772-2986
599777	1926	2134	intergenic	.	599777:1926-2134
600046	28	102	intergenic	.	600046:28-102
600360	2015	2230	intergenic	.	600360:2015-2230
600602	1892	2213	gene,mRNA,stop_codon,exon,CDS,start_codon		600602:1892-2213
600603	387	417	intergenic	.	600603:387-417
600744	71	157	intergenic	.	600744:71-157
600744	423	477	intergenic	.	600744:423-477
601052	2720	2781	intergenic	.	601052:2720-2781
601052	2839	2943	intergenic	.	601052:2839-2943
601294	14452	14552	intergenic	.	601294:14452-14552
601533	5230	5388	intergenic	.	601533:5230-5388
601765	553	745	intergenic	.	601765:553-745
601767	1625	1702	intergenic	.	601767:1625-1702
601919	2618	2763	intergenic	.	601919:2618-2763
601960	1980	2068	intergenic	.	601960:1980-2068
602	173221	173280	gene,mRNA		602:173221-173280
602046	565	617	intergenic	.	602046:565-617
602124	6745	6902	gene,mRNA		602124:6745-6902
602124	7124	7247	gene,mRNA		602124:7124-7247
602138	2483	2534	intergenic	.	602138:2483-2534
602190	1231	1349	intergenic	.	602190:1231-1349
602336	952	1027	intergenic	.	602336:952-1027
602453	2841	3018	intergenic	.	602453:2841-3018
602572	1786	1955	intergenic	.	602572:1786-1955
602609	917	1099	intergenic	.	602609:917-1099
602610	3938	4270	intergenic	.	602610:3938-4270
602623	3448	3567	intergenic	.	602623:3448-3567
602715	2770	2897	intergenic	.	602715:2770-2897
602773	1332	1543	intergenic	.	602773:1332-1543
602864	719	803	intergenic	.	602864:719-803
603	35487	35616	gene		603:35487-35616
603058	2	232	intergenic	.	603058:2-232
603075	5636	5787	intergenic	.	603075:5636-5787
603463	539	628	intergenic	.	603463:539-628
603880	1884	1929	intergenic	.	603880:1884-1929
603884	3674	3758	intergenic	.	603884:3674-3758
604014	5897	5977	intergenic	.	604014:5897-5977
604034	2381	2477	intergenic	.	604034:2381-2477
604088	3245	3301	intergenic	.	604088:3245-3301
604122	2070	2152	intergenic	.	604122:2070-2152
604241	4604	4657	intergenic	.	604241:4604-4657
604244	7907	8044	intergenic	.	604244:7907-8044
604368	2254	2596	intergenic	.	604368:2254-2596
604375	3745	3845	intergenic	.	604375:3745-3845
604391	7075	7838	gene,mRNA,exon,CDS		604391:7075-7838
604730	3674	3767	intergenic	.	604730:3674-3767
604730	4054	4172	intergenic	.	604730:4054-4172
605	78197	78315	intergenic	.	605:78197-78315
605364	1126	1182	intergenic	.	605364:1126-1182
607894	1749	1960	intergenic	.	607894:1749-1960
608	199289	199350	gene,mRNA		608:199289-199350
608375	949	1042	intergenic	.	608375:949-1042
60856	830	1023	intergenic	.	60856:830-1023
609363	1359	1413	intergenic	.	609363:1359-1413
61	210	306	intergenic	.	61:210-306
610794	710	874	intergenic	.	610794:710-874
610907	318	548	intergenic	.	610907:318-548
611564	1393	1592	intergenic	.	611564:1393-1592
613	21769	22037	intergenic	.	613:21769-22037
614	156975	157057	gene,mRNA		614:156975-157057
615608	62	336	intergenic	.	615608:62-336
616262	9669	9801	intergenic	.	616262:9669-9801
616326	0	93	intergenic	.	616326:0-93
617	94121	94201	intergenic	.	617:94121-94201
619281	57	192	intergenic	.	619281:57-192
620	75735	75809	intergenic	.	620:75735-75809
621751	2486	2521	gene,mRNA		621751:2486-2521
621770	5933	6154	intergenic	.	621770:5933-6154
621809	8363	8506	intergenic	.	621809:8363-8506
621849	3382	3437	intergenic	.	621849:3382-3437
621887	11125	11376	intergenic	.	621887:11125-11376
621891	5958	6210	intergenic	.	621891:5958-6210
621967	4351	4415	intergenic	.	621967:4351-4415
622063	424	523	intergenic	.	622063:424-523
622063	643	881	intergenic	.	622063:643-881
622196	4521	4569	intergenic	.	622196:4521-4569
622668	686	732	intergenic	.	622668:686-732
622668	966	1073	intergenic	.	622668:966-1073
622668	1499	1574	intergenic	.	622668:1499-1574
623072	16337	16724	intergenic	.	623072:16337-16724
623339	281	449	intergenic	.	623339:281-449
623485	4100	4352	intergenic	.	623485:4100-4352
623582	169	302	intergenic	.	623582:169-302
623848	8705	8787	intergenic	.	623848:8705-8787
623916	432	692	intergenic	.	623916:432-692
623946	4390	4953	intergenic	.	623946:4390-4953
623946	5193	5288	intergenic	.	623946:5193-5288
623954	3185	3263	intergenic	.	623954:3185-3263
623954	3634	3737	intergenic	.	623954:3634-3737
623954	3942	4090	intergenic	.	623954:3942-4090
623987	3129	3230	intergenic	.	623987:3129-3230
623987	3294	3528	intergenic	.	623987:3294-3528
624076	1627	1828	intergenic	.	624076:1627-1828
624130	74	218	intergenic	.	624130:74-218
624706	730	838	intergenic	.	624706:730-838
625512	4795	4996	gene,mRNA		625512:4795-4996
625662	150	320	intergenic	.	625662:150-320
625662	845	1016	intergenic	.	625662:845-1016
626062	1133	1172	intergenic	.	626062:1133-1172
626658	779	1012	intergenic	.	626658:779-1012
627056	164	269	intergenic	.	627056:164-269
627249	231	287	intergenic	.	627249:231-287
627249	915	969	intergenic	.	627249:915-969
628	3856	3927	intergenic	.	628:3856-3927
628146	210	320	intergenic	.	628146:210-320
628169	85	476	intergenic	.	628169:85-476
628169	714	1045	intergenic	.	628169:714-1045
628352	361	446	intergenic	.	628352:361-446
631239	15	51	intergenic	.	631239:15-51
631406	603	668	intergenic	.	631406:603-668
634682	907	974	intergenic	.	634682:907-974
634682	1857	1954	intergenic	.	634682:1857-1954
634682	2740	2840	intergenic	.	634682:2740-2840
635150	486	651	intergenic	.	635150:486-651
635788	519	635	intergenic	.	635788:519-635
636438	2051	2151	gene,mRNA,exon,CDS		636438:2051-2151
636785	2208	2283	intergenic	.	636785:2208-2283
636907	1269	1456	intergenic	.	636907:1269-1456
637	404194	404306	intergenic	.	637:404194-404306
637031	2874	3010	gene,mRNA		637031:2874-3010
637033	5002	5065	intergenic	.	637033:5002-5065
637265	11108	11277	intergenic	.	637265:11108-11277
637268	2048	2404	intergenic	.	637268:2048-2404
637352	3021	3051	intergenic	.	637352:3021-3051
637591	4003	4281	intergenic	.	637591:4003-4281
637637	10130	10281	intergenic	.	637637:10130-10281
637673	6025	6202	intergenic	.	637673:6025-6202
637688	4584	4918	intergenic	.	637688:4584-4918
637688	10554	10608	intergenic	.	637688:10554-10608
637688	10681	10890	intergenic	.	637688:10681-10890
637696	5657	5829	intergenic	.	637696:5657-5829
637697	16992	17202	intergenic	.	637697:16992-17202
637697	17482	17597	intergenic	.	637697:17482-17597
637722	250	337	intergenic	.	637722:250-337
637723	43715	43883	gene,mRNA		637723:43715-43883
637922	1028	1095	intergenic	.	637922:1028-1095
637977	1075	1344	intergenic	.	637977:1075-1344
637989	15751	16198	intergenic	.	637989:15751-16198
637996	772	928	intergenic	.	637996:772-928
637997	3250	3468	intergenic	.	637997:3250-3468
638102	3623	3690	intergenic	.	638102:3623-3690
638188	7946	8059	intergenic	.	638188:7946-8059
638188	8113	8533	intergenic	.	638188:8113-8533
638221	3979	4985	gene,mRNA,exon,CDS		638221:3979-4985
638328	1853	2119	intergenic	.	638328:1853-2119
638359	1511	1894	intergenic	.	638359:1511-1894
638376	4583	4709	intergenic	.	638376:4583-4709
638422	6938	7112	gene,mRNA		638422:6938-7112
638626	3713	3796	intergenic	.	638626:3713-3796
639060	8291	8594	intergenic	.	639060:8291-8594
639111	701	1132	intergenic	.	639111:701-1132
639126	3378	3764	intergenic	.	639126:3378-3764
639177	565	875	intergenic	.	639177:565-875
639224	9532	9605	intergenic	.	639224:9532-9605
639242	659	830	intergenic	.	639242:659-830
639242	929	1040	intergenic	.	639242:929-1040
639308	23024	23188	intergenic	.	639308:23024-23188
639351	7502	7583	intergenic	.	639351:7502-7583
639368	12033	12114	intergenic	.	639368:12033-12114
639368	15077	15222	intergenic	.	639368:15077-15222
639685	1339	1491	intergenic	.	639685:1339-1491
639715	1658	1721	intergenic	.	639715:1658-1721
639773	911	1286	intergenic	.	639773:911-1286
639860	49	363	intergenic	.	639860:49-363
639907	434	662	intergenic	.	639907:434-662
640232	78	147	intergenic	.	640232:78-147
640291	3438	3510	gene,mRNA		640291:3438-3510
640312	91	121	intergenic	.	640312:91-121
640788	3159	3286	intergenic	.	640788:3159-3286
641095	2805	3017	intergenic	.	641095:2805-3017
641112	15	96	intergenic	.	641112:15-96
641124	6330	6368	intergenic	.	641124:6330-6368
641139	4097	4428	intergenic	.	641139:4097-4428
641289	1079	1129	intergenic	.	641289:1079-1129
641378	3938	4058	intergenic	.	641378:3938-4058
641543	9714	9933	intergenic	.	641543:9714-9933
641560	6765	6881	intergenic	.	641560:6765-6881
641560	9577	9848	intergenic	.	641560:9577-9848
641564	4260	4554	intergenic	.	641564:4260-4554
641564	4701	4994	intergenic	.	641564:4701-4994
641754	3799	3999	intergenic	.	641754:3799-3999
641832	924	1218	intergenic	.	641832:924-1218
642087	4531	4948	intergenic	.	642087:4531-4948
642154	1948	2003	intergenic	.	642154:1948-2003
642297	0	351	intergenic	.	642297:0-351
642340	860	1060	intergenic	.	642340:860-1060
642399	1659	1801	intergenic	.	642399:1659-1801
642513	390	683	gene,mRNA,start_codon,exon,CDS		642513:390-683
642521	2475	2603	intergenic	.	642521:2475-2603
642741	0	192	gene,polyA_signal_sequence		642741:0-192
642768	349	429	intergenic	.	642768:349-429
642768	1358	1551	intergenic	.	642768:1358-1551
642854	6811	7072	gene,mRNA		642854:6811-7072
643032	751	948	intergenic	.	643032:751-948
643843	217	282	intergenic	.	643843:217-282
643857	214	514	intergenic	.	643857:214-514
644128	2434	2512	intergenic	.	644128:2434-2512
644157	1263	1316	intergenic	.	644157:1263-1316
644317	859	935	intergenic	.	644317:859-935
644387	1617	1919	intergenic	.	644387:1617-1919
644660	1042	1292	intergenic	.	644660:1042-1292
644775	464	655	intergenic	.	644775:464-655
644903	1390	1447	intergenic	.	644903:1390-1447
645441	3100	3166	intergenic	.	645441:3100-3166
645450	1881	2081	gene,mRNA		645450:1881-2081
645450	2281	2481	gene,mRNA		645450:2281-2481
645463	4476	4520	intergenic	.	645463:4476-4520
645532	5747	5790	intergenic	.	645532:5747-5790
645575	3569	3758	intergenic	.	645575:3569-3758
645725	1859	1978	intergenic	.	645725:1859-1978
645903	1407	1490	intergenic	.	645903:1407-1490
646111	954	1302	intergenic	.	646111:954-1302
646111	1596	1686	intergenic	.	646111:1596-1686
646150	3	224	intergenic	.	646150:3-224
646180	4729	4814	intergenic	.	646180:4729-4814
646339	419	470	intergenic	.	646339:419-470
646783	188	219	intergenic	.	646783:188-219
647	13427	13564	intergenic	.	647:13427-13564
647013	3387	3533	intergenic	.	647013:3387-3533
647038	538	729	intergenic	.	647038:538-729
647069	8	298	intergenic	.	647069:8-298
647105	5125	5212	intergenic	.	647105:5125-5212
647141	6119	6291	intergenic	.	647141:6119-6291
647521	1583	1669	intergenic	.	647521:1583-1669
647552	7696	7797	intergenic	.	647552:7696-7797
647552	8392	8649	intergenic	.	647552:8392-8649
647999	700	930	intergenic	.	647999:700-930
648	339819	339966	gene,mRNA		648:339819-339966
648055	884	1063	intergenic	.	648055:884-1063
648062	3019	3300	intergenic	.	648062:3019-3300
648139	896	1009	intergenic	.	648139:896-1009
648270	1007	1150	intergenic	.	648270:1007-1150
648514	6717	6814	intergenic	.	648514:6717-6814
648637	833	885	intergenic	.	648637:833-885
648654	479	541	intergenic	.	648654:479-541
648662	7778	7849	intergenic	.	648662:7778-7849
648671	643	746	intergenic	.	648671:643-746
648804	4780	4872	intergenic	.	648804:4780-4872
648980	4660	4833	intergenic	.	648980:4660-4833
649	500822	500962	gene,mRNA		649:500822-500962
649065	878	937	intergenic	.	649065:878-937
649065	2259	2356	intergenic	.	649065:2259-2356
649065	2789	2854	intergenic	.	649065:2789-2854
649239	5727	5830	gene,mRNA		649239:5727-5830
649368	1146	1352	intergenic	.	649368:1146-1352
649684	6746	6886	intergenic	.	649684:6746-6886
649697	1103	1211	intergenic	.	649697:1103-1211
649806	547	661	gene,mRNA,exon,CDS		649806:547-661
650061	1533	1698	intergenic	.	650061:1533-1698
650376	3347	3490	intergenic	.	650376:3347-3490
650477	1764	2067	intergenic	.	650477:1764-2067
650831	1641	1749	intergenic	.	650831:1641-1749
650916	4823	5442	gene,mRNA		650916:4823-5442
651168	847	901	intergenic	.	651168:847-901
651221	2151	2228	intergenic	.	651221:2151-2228
651701	1265	1394	gene,mRNA		651701:1265-1394
652061	1258	1414	intergenic	.	652061:1258-1414
652658	436	637	intergenic	.	652658:436-637
652983	946	1012	intergenic	.	652983:946-1012
653711	256	387	intergenic	.	653711:256-387
655	3327	3426	intergenic	.	655:3327-3426
655263	864	1175	intergenic	.	655263:864-1175
656079	504	709	intergenic	.	656079:504-709
656445	1633	1669	intergenic	.	656445:1633-1669
656445	1925	2109	intergenic	.	656445:1925-2109
656448	118	331	intergenic	.	656448:118-331
656585	585	643	intergenic	.	656585:585-643
656597	176	287	intergenic	.	656597:176-287
656685	661	734	intergenic	.	656685:661-734
656723	917	1348	intergenic	.	656723:917-1348
656724	1062	1368	intergenic	.	656724:1062-1368
657318	3359	3449	intergenic	.	657318:3359-3449
657555	1009	1173	intergenic	.	657555:1009-1173
657659	701	947	intergenic	.	657659:701-947
657801	583	925	intergenic	.	657801:583-925
658401	681	810	intergenic	.	658401:681-810
658868	378	612	intergenic	.	658868:378-612
659206	351	517	intergenic	.	659206:351-517
66	30698	31100	intergenic	.	66:30698-31100
660	75673	75727	gene,mRNA		660:75673-75727
660066	341	505	intergenic	.	660066:341-505
660560	749	860	intergenic	.	660560:749-860
660792	366	453	intergenic	.	660792:366-453
660816	1142	1398	intergenic	.	660816:1142-1398
661	78235	78272	intergenic	.	661:78235-78272
661031	713	883	intergenic	.	661031:713-883
661639	465	684	intergenic	.	661639:465-684
662465	412	534	intergenic	.	662465:412-534
662504	422	507	intergenic	.	662504:422-507
663039	59	134	intergenic	.	663039:59-134
663608	123	159	intergenic	.	663608:123-159
663961	59	284	intergenic	.	663961:59-284
664148	45	152	intergenic	.	664148:45-152
664783	264	693	intergenic	.	664783:264-693
665066	866	1023	intergenic	.	665066:866-1023
665233	235	374	intergenic	.	665233:235-374
665867	2250	2517	intergenic	.	665867:2250-2517
665948	0	88	intergenic	.	665948:0-88
665973	205	358	intergenic	.	665973:205-358
666519	1762	1862	intergenic	.	666519:1762-1862
666519	1960	2096	intergenic	.	666519:1960-2096
668	304180	304321	gene,mRNA		668:304180-304321
668	669180	669433	intergenic	.	668:669180-669433
668373	1211	1285	intergenic	.	668373:1211-1285
668612	1254	1475	intergenic	.	668612:1254-1475
668976	148	232	intergenic	.	668976:148-232
669028	4426	4692	intergenic	.	669028:4426-4692
669100	285	379	intergenic	.	669100:285-379
669118	0	407	intergenic	.	669118:0-407
67	111420	111476	intergenic	.	67:111420-111476
670168	139	430	intergenic	.	670168:139-430
671	81223	81274	intergenic	.	671:81223-81274
671513	895	1050	intergenic	.	671513:895-1050
671634	0	243	intergenic	.	671634:0-243
672219	800	1067	intergenic	.	672219:800-1067
672524	85	153	intergenic	.	672524:85-153
672713	60	175	intergenic	.	672713:60-175
672756	848	997	intergenic	.	672756:848-997
672811	321	513	gene,mRNA,exon,CDS		672811:321-513
673275	392	572	intergenic	.	673275:392-572
674	23759	23968	intergenic	.	674:23759-23968
674	335479	335558	intergenic	.	674:335479-335558
674460	677	729	intergenic	.	674460:677-729
674710	144	279	intergenic	.	674710:144-279
674726	2145	2326	intergenic	.	674726:2145-2326
674910	945	1020	intergenic	.	674910:945-1020
674938	1265	1621	intergenic	.	674938:1265-1621
675067	4039	4189	intergenic	.	675067:4039-4189
675263	2088	2436	intergenic	.	675263:2088-2436
676	198425	198565	intergenic	.	676:198425-198565
676296	319	537	intergenic	.	676296:319-537
676391	1964	2033	intergenic	.	676391:1964-2033
676842	2488	2689	intergenic	.	676842:2488-2689
676965	567	724	intergenic	.	676965:567-724
677005	305	340	intergenic	.	677005:305-340
677102	55	219	intergenic	.	677102:55-219
678528	856	921	intergenic	.	678528:856-921
68	4985	5115	intergenic	.	68:4985-5115
68	543230	543312	exon,CDS,gene,mRNA		68:543230-543312
68	543412	543512	exon,CDS,gene,mRNA		68:543412-543512
680	296640	296762	intergenic	.	680:296640-296762
680	342680	342850	intergenic	.	680:342680-342850
681556	933	990	intergenic	.	681556:933-990
683811	8440	8549	intergenic	.	683811:8440-8549
684	360943	361068	intergenic	.	684:360943-361068
685551	21	173	intergenic	.	685551:21-173
685602	312	342	intergenic	.	685602:312-342
685737	7	119	intergenic	.	685737:7-119
685854	6792	6955	intergenic	.	685854:6792-6955
685884	4801	5264	intergenic	.	685884:4801-5264
686207	162	243	intergenic	.	686207:162-243
686318	2504	2687	intergenic	.	686318:2504-2687
686656	3377	3423	intergenic	.	686656:3377-3423
686657	2992	3663	gene,mRNA		686657:2992-3663
686978	6684	6747	intergenic	.	686978:6684-6747
687	466059	466222	intergenic	.	687:466059-466222
687428	1558	1726	intergenic	.	687428:1558-1726
687505	474	632	intergenic	.	687505:474-632
687518	1829	1879	intergenic	.	687518:1829-1879
687607	1460	1696	intergenic	.	687607:1460-1696
687657	4842	4893	intergenic	.	687657:4842-4893
687999	1052	1174	intergenic	.	687999:1052-1174
688173	1126	1391	intergenic	.	688173:1126-1391
688238	1852	1985	intergenic	.	688238:1852-1985
688242	18769	18915	intergenic	.	688242:18769-18915
688429	433	622	intergenic	.	688429:433-622
688479	2214	2406	intergenic	.	688479:2214-2406
688557	1870	1912	gene,mRNA		688557:1870-1912
688596	931	1215	intergenic	.	688596:931-1215
688659	1200	1475	intergenic	.	688659:1200-1475
688855	1343	1718	intergenic	.	688855:1343-1718
688995	2548	2587	intergenic	.	688995:2548-2587
689030	274	696	intergenic	.	689030:274-696
689183	887	1058	intergenic	.	689183:887-1058
689469	9621	9818	intergenic	.	689469:9621-9818
689628	448	741	intergenic	.	689628:448-741
689891	1027	1124	intergenic	.	689891:1027-1124
689995	662	1293	gene,mRNA,start_codon,exon,CDS,stop_codon		689995:662-1293
690057	1455	1739	gene,mRNA,start_codon,exon,CDS		690057:1455-1739
690115	1455	1934	intergenic	.	690115:1455-1934
690151	1943	2104	intergenic	.	690151:1943-2104
690225	2809	2891	intergenic	.	690225:2809-2891
690397	1835	1980	intergenic	.	690397:1835-1980
690680	105	428	intergenic	.	690680:105-428
691	4712	4915	gene,mRNA		691:4712-4915
691052	5277	5428	intergenic	.	691052:5277-5428
691342	837	1098	intergenic	.	691342:837-1098
691440	793	844	intergenic	.	691440:793-844
691543	765	914	intergenic	.	691543:765-914
691583	34	199	intergenic	.	691583:34-199
692242	1138	1256	intergenic	.	692242:1138-1256
692656	1398	1552	intergenic	.	692656:1398-1552
693427	788	1038	intergenic	.	693427:788-1038
693502	468	691	intergenic	.	693502:468-691
693768	2810	2941	intergenic	.	693768:2810-2941
693851	1607	2057	intergenic	.	693851:1607-2057
693854	3841	4017	intergenic	.	693854:3841-4017
693952	1296	1443	intergenic	.	693952:1296-1443
693994	177	231	intergenic	.	693994:177-231
694298	2180	2283	intergenic	.	694298:2180-2283
694381	8276	8538	intergenic	.	694381:8276-8538
694510	5939	6198	intergenic	.	694510:5939-6198
694637	3379	3421	intergenic	.	694637:3379-3421
694665	1258	1409	intergenic	.	694665:1258-1409
694687	1772	2077	intergenic	.	694687:1772-2077
694701	1026	1249	intergenic	.	694701:1026-1249
694787	1863	1999	intergenic	.	694787:1863-1999
694859	6023	6160	intergenic	.	694859:6023-6160
694877	2865	3093	intergenic	.	694877:2865-3093
695005	1178	1289	intergenic	.	695005:1178-1289
695134	183	304	intergenic	.	695134:183-304
695257	972	1192	intergenic	.	695257:972-1192
695446	66	134	intergenic	.	695446:66-134
695550	2316	2451	intergenic	.	695550:2316-2451
695774	7328	7398	gene,mRNA		695774:7328-7398
696	229882	230082	intergenic	.	696:229882-230082
696025	2267	2447	intergenic	.	696025:2267-2447
696259	8067	8581	intergenic	.	696259:8067-8581
696286	6414	6568	intergenic	.	696286:6414-6568
696389	611	714	intergenic	.	696389:611-714
696433	4644	4729	intergenic	.	696433:4644-4729
696567	3056	3171	intergenic	.	696567:3056-3171
697170	1802	1949	intergenic	.	697170:1802-1949
697171	554	997	gene,polyA_signal_sequence,mRNA,stop_codon,exon,CDS		697171:554-997
697524	332	400	intergenic	.	697524:332-400
697618	2053	2120	intergenic	.	697618:2053-2120
697626	11265	11442	intergenic	.	697626:11265-11442
697654	1496	1642	intergenic	.	697654:1496-1642
697665	22670	22821	intergenic	.	697665:22670-22821
697688	10255	10362	intergenic	.	697688:10255-10362
697757	72	113	intergenic	.	697757:72-113
697889	6366	6724	intergenic	.	697889:6366-6724
697910	64	167	intergenic	.	697910:64-167
697943	1062	1129	intergenic	.	697943:1062-1129
698202	6413	6546	gene,mRNA		698202:6413-6546
698459	2367	2500	intergenic	.	698459:2367-2500
698552	3334	3588	intergenic	.	698552:3334-3588
698633	524	1006	gene,mRNA,stop_codon,exon,CDS,start_codon		698633:524-1006
698682	5025	5145	intergenic	.	698682:5025-5145
698689	1521	1925	intergenic	.	698689:1521-1925
698811	3395	3461	intergenic	.	698811:3395-3461
698837	1940	1996	intergenic	.	698837:1940-1996
699231	1013	1096	intergenic	.	699231:1013-1096
699242	5785	6041	intergenic	.	699242:5785-6041
699261	3570	3766	intergenic	.	699261:3570-3766
699565	3183	3314	intergenic	.	699565:3183-3314
699742	2961	3183	intergenic	.	699742:2961-3183
699782	3953	4211	intergenic	.	699782:3953-4211
700	89281	89662	intergenic	.	700:89281-89662
700027	3789	4116	intergenic	.	700027:3789-4116
700133	8897	9081	intergenic	.	700133:8897-9081
700226	4689	4834	intergenic	.	700226:4689-4834
700284	2139	2349	intergenic	.	700284:2139-2349
700305	857	947	intergenic	.	700305:857-947
700305	1438	1532	intergenic	.	700305:1438-1532
700369	852	1004	intergenic	.	700369:852-1004
700733	1393	1674	gene,polyA_signal_sequence,mRNA,stop_codon,exon,CDS,start_codon		700733:1393-1674
700777	896	1054	intergenic	.	700777:896-1054
700845	5012	5078	intergenic	.	700845:5012-5078
700850	6098	6181	intergenic	.	700850:6098-6181
701058	1465	1645	intergenic	.	701058:1465-1645
701068	7413	7554	intergenic	.	701068:7413-7554
701188	2392	2483	intergenic	.	701188:2392-2483
701204	23201	23372	intergenic	.	701204:23201-23372
701240	10858	11000	gene,mRNA		701240:10858-11000
701242	6658	7375	gene,mRNA		701242:6658-7375
701373	849	1035	intergenic	.	701373:849-1035
701418	5201	5349	gene		701418:5201-5349
701578	10829	10891	gene,mRNA		701578:10829-10891
701602	586	660	intergenic	.	701602:586-660
702	64514	64572	gene,mRNA		702:64514-64572
702003	2703	2784	intergenic	.	702003:2703-2784
702136	1319	1478	intergenic	.	702136:1319-1478
702250	122	566	intergenic	.	702250:122-566
702250	664	912	intergenic	.	702250:664-912
702291	304	471	intergenic	.	702291:304-471
702315	907	988	intergenic	.	702315:907-988
702331	2551	2864	intergenic	.	702331:2551-2864
702366	683	800	intergenic	.	702366:683-800
702366	1561	1778	intergenic	.	702366:1561-1778
702679	546	646	intergenic	.	702679:546-646
702886	1102	1203	intergenic	.	702886:1102-1203
702890	6070	6310	gene,mRNA		702890:6070-6310
702916	1218	1283	intergenic	.	702916:1218-1283
702984	179	220	intergenic	.	702984:179-220
703044	634	780	intergenic	.	703044:634-780
703701	883	1057	intergenic	.	703701:883-1057
704073	1234	1408	intergenic	.	704073:1234-1408
704152	504	589	gene,mRNA		704152:504-589
704152	661	837	gene,mRNA		704152:661-837
704211	7120	7239	intergenic	.	704211:7120-7239
704667	1856	1923	intergenic	.	704667:1856-1923
705660	841	907	intergenic	.	705660:841-907
706777	1275	1457	intergenic	.	706777:1275-1457
706883	13485	13738	intergenic	.	706883:13485-13738
706956	2435	2885	gene,mRNA		706956:2435-2885
706962	14208	14314	intergenic	.	706962:14208-14314
707016	2350	2449	intergenic	.	707016:2350-2449
707118	8254	8328	intergenic	.	707118:8254-8328
707119	9250	9318	gene,mRNA		707119:9250-9318
707475	789	863	intergenic	.	707475:789-863
708094	2236	2317	intergenic	.	708094:2236-2317
708311	5782	5847	intergenic	.	708311:5782-5847
708365	13418	13592	intergenic	.	708365:13418-13592
708401	10069	10243	intergenic	.	708401:10069-10243
708414	602	814	intergenic	.	708414:602-814
708460	51691	51773	intergenic	.	708460:51691-51773
708481	81192	81420	intergenic	.	708481:81192-81420
708482	2157	2208	intergenic	.	708482:2157-2208
708788	344	444	intergenic	.	708788:344-444
708969	813	882	intergenic	.	708969:813-882
709377	1326	1410	intergenic	.	709377:1326-1410
709410	903	987	intergenic	.	709410:903-987
709422	3795	4227	intergenic	.	709422:3795-4227
709498	6245	6392	gene		709498:6245-6392
709548	1252	1313	intergenic	.	709548:1252-1313
709628	25213	25261	intergenic	.	709628:25213-25261
709827	3082	3153	intergenic	.	709827:3082-3153
709995	1155	1258	intergenic	.	709995:1155-1258
709995	1910	2213	intergenic	.	709995:1910-2213
71	351619	351825	intergenic	.	71:351619-351825
710043	11222	11288	intergenic	.	710043:11222-11288
710056	3406	3638	gene,mRNA,exon,CDS,stop_codon,polyA_signal_sequence		710056:3406-3638
710086	6970	7116	intergenic	.	710086:6970-7116
710105	5867	6030	intergenic	.	710105:5867-6030
710166	4087	4278	intergenic	.	710166:4087-4278
710172	4979	5042	intergenic	.	710172:4979-5042
710174	7867	8015	gene,mRNA		710174:7867-8015
710177	2991	3250	intergenic	.	710177:2991-3250
710186	2710	2943	intergenic	.	710186:2710-2943
710186	3181	3220	intergenic	.	710186:3181-3220
710328	1437	1552	intergenic	.	710328:1437-1552
710364	7913	8203	intergenic	.	710364:7913-8203
710578	3848	3935	intergenic	.	710578:3848-3935
710692	17780	17911	intergenic	.	710692:17780-17911
710755	15441	15511	gene,mRNA		710755:15441-15511
711	120565	120854	gene,mRNA		711:120565-120854
711064	7595	7777	intergenic	.	711064:7595-7777
711123	6417	6481	intergenic	.	711123:6417-6481
711125	75	234	intergenic	.	711125:75-234
711173	2783	2847	intergenic	.	711173:2783-2847
711184	9604	9687	intergenic	.	711184:9604-9687
711198	724	824	intergenic	.	711198:724-824
711284	5529	5844	intergenic	.	711284:5529-5844
711316	1314	1404	gene,mRNA		711316:1314-1404
711316	1456	1804	gene,mRNA		711316:1456-1804
711332	8405	8573	intergenic	.	711332:8405-8573
711380	514	790	intergenic	.	711380:514-790
711464	4793	4834	intergenic	.	711464:4793-4834
711567	10038	10315	intergenic	.	711567:10038-10315
711713	50461	50563	gene,mRNA		711713:50461-50563
711741	54386	54422	intergenic	.	711741:54386-54422
711765	5162	5334	intergenic	.	711765:5162-5334
711806	3050	3282	intergenic	.	711806:3050-3282
711815	24489	24551	intergenic	.	711815:24489-24551
711826	22142	22277	intergenic	.	711826:22142-22277
712266	2950	3081	intergenic	.	712266:2950-3081
712337	818	883	intergenic	.	712337:818-883
712441	5080	5264	gene,mRNA		712441:5080-5264
712608	1479	1613	intergenic	.	712608:1479-1613
712608	1912	2295	intergenic	.	712608:1912-2295
712641	7248	7648	intergenic	.	712641:7248-7648
712962	35	170	intergenic	.	712962:35-170
712965	646	800	intergenic	.	712965:646-800
712988	7060	7252	intergenic	.	712988:7060-7252
713039	2680	2749	intergenic	.	713039:2680-2749
713251	6693	6755	intergenic	.	713251:6693-6755
713345	4168	4301	gene,mRNA		713345:4168-4301
713610	2668	2701	intergenic	.	713610:2668-2701
713721	982	1361	intergenic	.	713721:982-1361
713721	1434	1609	intergenic	.	713721:1434-1609
713806	393	833	intergenic	.	713806:393-833
713890	456	711	intergenic	.	713890:456-711
713914	1245	1334	intergenic	.	713914:1245-1334
713930	7523	7750	intergenic	.	713930:7523-7750
713994	42	196	intergenic	.	713994:42-196
714009	1739	1877	intergenic	.	714009:1739-1877
714137	11036	11270	intergenic	.	714137:11036-11270
714151	7724	7918	gene,mRNA		714151:7724-7918
714190	984	1267	intergenic	.	714190:984-1267
714220	652	1044	gene,polyA_signal_sequence		714220:652-1044
714396	1058	1098	intergenic	.	714396:1058-1098
714401	1204	1264	intergenic	.	714401:1204-1264
714644	173	416	intergenic	.	714644:173-416
714672	10541	10683	gene,mRNA,exon,CDS		714672:10541-10683
714678	1287	1360	intergenic	.	714678:1287-1360
714684	6516	6672	intergenic	.	714684:6516-6672
714784	6165	6333	intergenic	.	714784:6165-6333
714785	2086	2739	intergenic	.	714785:2086-2739
714802	159	454	intergenic	.	714802:159-454
714936	502	569	intergenic	.	714936:502-569
715	156842	156929	gene,mRNA		715:156842-156929
715003	973	1027	intergenic	.	715003:973-1027
715200	6288	6319	intergenic	.	715200:6288-6319
715299	6311	6771	gene,mRNA		715299:6311-6771
715521	1131	1397	intergenic	.	715521:1131-1397
715595	1261	1483	intergenic	.	715595:1261-1483
715846	1017	1250	intergenic	.	715846:1017-1250
715847	3875	4009	intergenic	.	715847:3875-4009
715888	1170	1220	intergenic	.	715888:1170-1220
715997	2127	2520	intergenic	.	715997:2127-2520
716170	3184	3380	intergenic	.	716170:3184-3380
716283	749	819	intergenic	.	716283:749-819
716442	2053	2155	intergenic	.	716442:2053-2155
717010	588	681	intergenic	.	717010:588-681
717190	6498	6866	intergenic	.	717190:6498-6866
717193	5876	5932	intergenic	.	717193:5876-5932
717306	3377	3491	intergenic	.	717306:3377-3491
717319	4512	4590	intergenic	.	717319:4512-4590
717379	67	225	intergenic	.	717379:67-225
717425	1529	1878	intergenic	.	717425:1529-1878
718153	1885	2009	intergenic	.	718153:1885-2009
718177	120	740	intergenic	.	718177:120-740
718196	183	272	intergenic	.	718196:183-272
718287	4308	4451	gene,mRNA		718287:4308-4451
718470	1839	1950	intergenic	.	718470:1839-1950
718823	1170	1248	intergenic	.	718823:1170-1248
718931	1639	1796	intergenic	.	718931:1639-1796
719103	550	813	intergenic	.	719103:550-813
719276	5272	5501	intergenic	.	719276:5272-5501
719276	5757	6044	intergenic	.	719276:5757-6044
719283	2077	2134	intergenic	.	719283:2077-2134
719355	1441	1548	intergenic	.	719355:1441-1548
719369	603	636	gene,mRNA		719369:603-636
719523	2485	2640	intergenic	.	719523:2485-2640
719627	1427	1583	intergenic	.	719627:1427-1583
719750	1097	1232	intergenic	.	719750:1097-1232
719907	1848	2009	intergenic	.	719907:1848-2009
719968	1740	1872	intergenic	.	719968:1740-1872
720142	11650	11756	intergenic	.	720142:11650-11756
720333	2805	2889	intergenic	.	720333:2805-2889
720340	5442	5502	intergenic	.	720340:5442-5502
720598	0	137	intergenic	.	720598:0-137
720684	1036	1175	intergenic	.	720684:1036-1175
720704	1770	1814	intergenic	.	720704:1770-1814
720720	3554	3727	intergenic	.	720720:3554-3727
720799	4290	4819	intergenic	.	720799:4290-4819
720799	6184	6266	intergenic	.	720799:6184-6266
720841	1869	2044	intergenic	.	720841:1869-2044
720861	2772	2849	gene,mRNA		720861:2772-2849
720959	2307	2460	intergenic	.	720959:2307-2460
721	48469	48617	intergenic	.	721:48469-48617
721051	1594	1716	intergenic	.	721051:1594-1716
721278	392	487	intergenic	.	721278:392-487
721349	418	565	intergenic	.	721349:418-565
721361	950	1131	intergenic	.	721361:950-1131
721362	7262	7432	intergenic	.	721362:7262-7432
721375	11088	11443	intergenic	.	721375:11088-11443
721405	1045	1220	intergenic	.	721405:1045-1220
721427	488	669	intergenic	.	721427:488-669
721457	3800	4112	intergenic	.	721457:3800-4112
721464	12936	13035	intergenic	.	721464:12936-13035
721464	13336	14006	intergenic	.	721464:13336-14006
721558	6297	6460	intergenic	.	721558:6297-6460
721561	10	178	intergenic	.	721561:10-178
721690	0	331	intergenic	.	721690:0-331
721758	1997	2136	intergenic	.	721758:1997-2136
721774	735	956	intergenic	.	721774:735-956
721830	830	1295	gene,mRNA,start_codon,exon,CDS		721830:830-1295
721903	104	180	intergenic	.	721903:104-180
721934	3021	3212	intergenic	.	721934:3021-3212
721990	0	445	intergenic	.	721990:0-445
722	352591	352789	intergenic	.	722:352591-352789
722186	741	832	intergenic	.	722186:741-832
722325	550	685	intergenic	.	722325:550-685
722516	930	1073	intergenic	.	722516:930-1073
722616	2876	3019	intergenic	.	722616:2876-3019
722935	857	912	intergenic	.	722935:857-912
722937	4682	4772	intergenic	.	722937:4682-4772
723	469111	469236	intergenic	.	723:469111-469236
723110	1074	1176	intergenic	.	723110:1074-1176
723396	416	538	intergenic	.	723396:416-538
723456	919	1014	intergenic	.	723456:919-1014
723593	2655	2784	intergenic	.	723593:2655-2784
723814	987	1247	intergenic	.	723814:987-1247
723831	1637	1805	intergenic	.	723831:1637-1805
724529	127	334	intergenic	.	724529:127-334
724535	1052	1351	intergenic	.	724535:1052-1351
724542	312	459	intergenic	.	724542:312-459
724550	396	695	gene,mRNA,exon,CDS		724550:396-695
725168	302	515	intergenic	.	725168:302-515
725311	682	821	intergenic	.	725311:682-821
725363	978	1122	intergenic	.	725363:978-1122
725398	1053	1121	intergenic	.	725398:1053-1121
725569	43	233	intergenic	.	725569:43-233
725784	857	1038	intergenic	.	725784:857-1038
725936	786	823	intergenic	.	725936:786-823
726105	955	1061	intergenic	.	726105:955-1061
726507	631	893	intergenic	.	726507:631-893
726646	1783	2078	intergenic	.	726646:1783-2078
726836	737	941	intergenic	.	726836:737-941
727	58858	59011	gene,mRNA		727:58858-59011
727169	627	944	gene,mRNA,exon,CDS		727169:627-944
727707	659	708	intergenic	.	727707:659-708
727752	1325	1583	intergenic	.	727752:1325-1583
727767	1139	1251	intergenic	.	727767:1139-1251
727825	1824	1954	intergenic	.	727825:1824-1954
727976	2227	2345	intergenic	.	727976:2227-2345
728125	673	889	intergenic	.	728125:673-889
728532	1362	1501	intergenic	.	728532:1362-1501
728604	2860	3080	intergenic	.	728604:2860-3080
729023	2741	2784	intergenic	.	729023:2741-2784
729041	759	913	intergenic	.	729041:759-913
729269	758	871	intergenic	.	729269:758-871
729823	511	914	intergenic	.	729823:511-914
729905	1666	1836	intergenic	.	729905:1666-1836
730	118229	118383	gene,mRNA		730:118229-118383
730815	4798	4865	intergenic	.	730815:4798-4865
730963	1133	1405	intergenic	.	730963:1133-1405
731	402573	402814	mRNA,gene		731:402573-402814
731114	228	488	intergenic	.	731114:228-488
731194	6197	6422	intergenic	.	731194:6197-6422
731219	995	1279	intergenic	.	731219:995-1279
731401	442	654	intergenic	.	731401:442-654
731791	234	452	intergenic	.	731791:234-452
731801	33	204	intergenic	.	731801:33-204
731803	723	953	intergenic	.	731803:723-953
731945	7484	7545	intergenic	.	731945:7484-7545
732040	782	1017	intergenic	.	732040:782-1017
732065	262	447	intergenic	.	732065:262-447
732531	4369	4535	intergenic	.	732531:4369-4535
732715	1548	1610	intergenic	.	732715:1548-1610
732744	4094	4324	intergenic	.	732744:4094-4324
732787	995	1048	intergenic	.	732787:995-1048
733230	903	1038	intergenic	.	733230:903-1038
733431	1292	1482	intergenic	.	733431:1292-1482
733446	442	600	intergenic	.	733446:442-600
733474	564	636	intergenic	.	733474:564-636
733524	555	661	intergenic	.	733524:555-661
733595	1187	1350	intergenic	.	733595:1187-1350
733604	1007	1096	intergenic	.	733604:1007-1096
733681	580	703	intergenic	.	733681:580-703
734170	1694	2166	intergenic	.	734170:1694-2166
735218	839	1169	intergenic	.	735218:839-1169
735293	779	920	intergenic	.	735293:779-920
735679	421	795	intergenic	.	735679:421-795
735793	1898	2061	intergenic	.	735793:1898-2061
735940	5036	5066	intergenic	.	735940:5036-5066
735940	5517	5561	intergenic	.	735940:5517-5561
736115	1416	1769	gene,mRNA,exon,CDS		736115:1416-1769
736143	26	94	intergenic	.	736143:26-94
736369	1147	1187	intergenic	.	736369:1147-1187
736603	1842	1908	intergenic	.	736603:1842-1908
736658	462	493	intergenic	.	736658:462-493
736682	408	552	intergenic	.	736682:408-552
736790	1787	1963	intergenic	.	736790:1787-1963
736847	1006	1099	intergenic	.	736847:1006-1099
736872	784	832	intergenic	.	736872:784-832
736875	471	730	intergenic	.	736875:471-730
736987	2798	2938	intergenic	.	736987:2798-2938
736995	4272	4453	intergenic	.	736995:4272-4453
737	39979	40596	gene,mRNA		737:39979-40596
737001	4264	4498	intergenic	.	737001:4264-4498
737066	1774	2313	intergenic	.	737066:1774-2313
737149	321	455	intergenic	.	737149:321-455
737384	1613	1728	intergenic	.	737384:1613-1728
737566	4618	4886	gene,mRNA		737566:4618-4886
737583	719	857	intergenic	.	737583:719-857
737614	5783	5980	intergenic	.	737614:5783-5980
737627	1155	1406	intergenic	.	737627:1155-1406
737812	2406	2473	intergenic	.	737812:2406-2473
737844	3099	3143	intergenic	.	737844:3099-3143
737980	1343	1378	intergenic	.	737980:1343-1378
738146	268	337	intergenic	.	738146:268-337
738185	995	1480	intergenic	.	738185:995-1480
738337	1966	2604	intergenic	.	738337:1966-2604
738349	2078	2237	intergenic	.	738349:2078-2237
738414	2816	2886	intergenic	.	738414:2816-2886
738589	258	436	intergenic	.	738589:258-436
738600	1807	1892	intergenic	.	738600:1807-1892
738757	780	932	intergenic	.	738757:780-932
739109	1309	1340	intergenic	.	739109:1309-1340
739165	3590	3731	intergenic	.	739165:3590-3731
739423	727	891	gene,mRNA,start_codon,exon,CDS		739423:727-891
739520	297	598	intergenic	.	739520:297-598
739576	3222	3511	intergenic	.	739576:3222-3511
739697	3159	3214	intergenic	.	739697:3159-3214
739719	5609	5642	intergenic	.	739719:5609-5642
739973	488	979	intergenic	.	739973:488-979
740	181439	181601	gene,mRNA		740:181439-181601
740031	2215	2351	intergenic	.	740031:2215-2351
740034	2789	2875	intergenic	.	740034:2789-2875
740112	5424	5513	intergenic	.	740112:5424-5513
740185	1564	1688	gene,mRNA		740185:1564-1688
740367	737	904	intergenic	.	740367:737-904
740367	1181	1242	intergenic	.	740367:1181-1242
740376	4721	4986	intergenic	.	740376:4721-4986
740426	2365	2451	intergenic	.	740426:2365-2451
740568	135	344	intergenic	.	740568:135-344
740571	289	779	intergenic	.	740571:289-779
740602	757	839	intergenic	.	740602:757-839
740664	596	749	intergenic	.	740664:596-749
740908	3055	3205	intergenic	.	740908:3055-3205
741544	4417	4548	intergenic	.	741544:4417-4548
741594	15090	15288	intergenic	.	741594:15090-15288
741594	68437	68562	intergenic	.	741594:68437-68562
741683	10028	10411	intergenic	.	741683:10028-10411
741782	2227	2403	intergenic	.	741782:2227-2403
741927	29	124	intergenic	.	741927:29-124
742	7328	7703	intergenic	.	742:7328-7703
742148	3549	3645	intergenic	.	742148:3549-3645
742158	92	282	intergenic	.	742158:92-282
742290	526	1080	intergenic	.	742290:526-1080
742419	2579	2655	intergenic	.	742419:2579-2655
742419	2961	3160	intergenic	.	742419:2961-3160
742434	7588	7662	intergenic	.	742434:7588-7662
742510	14286	14526	intergenic	.	742510:14286-14526
742593	3376	3434	intergenic	.	742593:3376-3434
742642	744	974	gene,mRNA		742642:744-974
742662	141	264	intergenic	.	742662:141-264
742751	836	1169	intergenic	.	742751:836-1169
742828	339	442	intergenic	.	742828:339-442
743325	1649	1690	intergenic	.	743325:1649-1690
743425	5768	5838	intergenic	.	743425:5768-5838
743612	3822	3854	intergenic	.	743612:3822-3854
743637	68	132	intergenic	.	743637:68-132
743765	1963	2063	intergenic	.	743765:1963-2063
743867	1762	1971	intergenic	.	743867:1762-1971
744046	4550	4608	intergenic	.	744046:4550-4608
744070	1086	1331	intergenic	.	744070:1086-1331
744073	4492	4606	gene,mRNA		744073:4492-4606
744097	239	435	intergenic	.	744097:239-435
744195	6088	6187	intergenic	.	744195:6088-6187
744271	5438	5955	intergenic	.	744271:5438-5955
744342	11766	11957	intergenic	.	744342:11766-11957
744365	2056	2254	intergenic	.	744365:2056-2254
744367	3240	3418	intergenic	.	744367:3240-3418
744460	371	456	intergenic	.	744460:371-456
744695	139924	139991	intergenic	.	744695:139924-139991
744709	10601	10649	intergenic	.	744709:10601-10649
744920	12249	12306	intergenic	.	744920:12249-12306
744939	1426	1496	intergenic	.	744939:1426-1496
744991	6354	6401	intergenic	.	744991:6354-6401
744997	11441	11706	intergenic	.	744997:11441-11706
745481	1133	1465	intergenic	.	745481:1133-1465
745492	1536	1628	intergenic	.	745492:1536-1628
745568	7850	7957	intergenic	.	745568:7850-7957
745608	5017	5054	intergenic	.	745608:5017-5054
745845	3756	3788	intergenic	.	745845:3756-3788
745845	5073	5134	intergenic	.	745845:5073-5134
745980	228	278	intergenic	.	745980:228-278
746049	1248	1422	intergenic	.	746049:1248-1422
746225	38741	38791	intergenic	.	746225:38741-38791
746233	4795	4902	intergenic	.	746233:4795-4902
746273	4251	4353	intergenic	.	746273:4251-4353
746292	59	245	intergenic	.	746292:59-245
746306	9674	9966	intergenic	.	746306:9674-9966
746633	27	162	intergenic	.	746633:27-162
746723	7599	7677	gene,mRNA		746723:7599-7677
746723	7736	7926	gene,mRNA		746723:7736-7926
746966	78	111	intergenic	.	746966:78-111
746966	11454	11522	intergenic	.	746966:11454-11522
747021	480	771	intergenic	.	747021:480-771
747216	5158	5241	intergenic	.	747216:5158-5241
747359	7805	7999	gene,mRNA		747359:7805-7999
747444	1372	1450	intergenic	.	747444:1372-1450
747473	3633	3704	intergenic	.	747473:3633-3704
747515	5109	5345	gene,mRNA		747515:5109-5345
747545	561	704	intergenic	.	747545:561-704
747610	155	440	intergenic	.	747610:155-440
747622	2932	3054	intergenic	.	747622:2932-3054
747726	3364	3466	intergenic	.	747726:3364-3466
747794	1933	2033	intergenic	.	747794:1933-2033
747809	4436	4575	intergenic	.	747809:4436-4575
747815	4632	4708	intergenic	.	747815:4632-4708
747843	3182	3292	gene,mRNA		747843:3182-3292
747900	6105	6181	intergenic	.	747900:6105-6181
748	23626	23665	intergenic	.	748:23626-23665
748	167631	167815	intergenic	.	748:167631-167815
748	167997	168247	intergenic	.	748:167997-168247
748006	2187	2265	intergenic	.	748006:2187-2265
748231	1607	1728	intergenic	.	748231:1607-1728
748337	543	675	intergenic	.	748337:543-675
748362	760	815	intergenic	.	748362:760-815
748434	370	775	intergenic	.	748434:370-775
748653	165	394	intergenic	.	748653:165-394
748939	2986	3174	intergenic	.	748939:2986-3174
749218	1208	1407	intergenic	.	749218:1208-1407
749454	7538	7729	intergenic	.	749454:7538-7729
749468	204	294	intergenic	.	749468:204-294
749534	1911	2040	intergenic	.	749534:1911-2040
749550	12395	12577	intergenic	.	749550:12395-12577
749753	1404	1569	intergenic	.	749753:1404-1569
749876	2920	3175	intergenic	.	749876:2920-3175
749929	7	200	intergenic	.	749929:7-200
749945	1146	1679	intergenic	.	749945:1146-1679
750073	677	805	intergenic	.	750073:677-805
750108	74	167	intergenic	.	750108:74-167
750233	4628	4801	intergenic	.	750233:4628-4801
750424	24196	24316	intergenic	.	750424:24196-24316
750426	14472	14662	intergenic	.	750426:14472-14662
750432	1596	2025	intergenic	.	750432:1596-2025
750437	2171	2327	intergenic	.	750437:2171-2327
750439	9115	9154	intergenic	.	750439:9115-9154
750521	4352	4430	intergenic	.	750521:4352-4430
750533	889	1081	intergenic	.	750533:889-1081
750536	85	259	intergenic	.	750536:85-259
750669	571	631	gene		750669:571-631
750769	926	985	intergenic	.	750769:926-985
750822	7245	7329	intergenic	.	750822:7245-7329
750822	7650	7680	intergenic	.	750822:7650-7680
750822	7774	7971	intergenic	.	750822:7774-7971
750825	3155	3191	intergenic	.	750825:3155-3191
750854	181765	181865	intergenic	.	750854:181765-181865
750854	182365	182465	gene,mRNA,exon,CDS		750854:182365-182465
750871	2929	3120	intergenic	.	750871:2929-3120
750882	740	1040	intergenic	.	750882:740-1040
750926	2963	3220	gene,mRNA,exon,CDS,stop_codon,polyA_signal_sequence		750926:2963-3220
751043	2400	2805	intergenic	.	751043:2400-2805
751082	6497	6707	intergenic	.	751082:6497-6707
751088	55447	55498	gene,mRNA		751088:55447-55498
751106	75	242	intergenic	.	751106:75-242
751113	50773	51009	intergenic	.	751113:50773-51009
751114	113159	113359	exon,CDS,gene,mRNA		751114:113159-113359
751114	113859	113959	gene,mRNA		751114:113859-113959
751114	115108	115208	gene		751114:115108-115208
751192	890	993	intergenic	.	751192:890-993
751192	1177	1366	intergenic	.	751192:1177-1366
751226	3400	3607	intergenic	.	751226:3400-3607
751472	18007	18045	intergenic	.	751472:18007-18045
751472	18416	18512	intergenic	.	751472:18416-18512
751494	6182	6325	intergenic	.	751494:6182-6325
751552	2327	2378	intergenic	.	751552:2327-2378
751552	2650	2881	intergenic	.	751552:2650-2881
751769	4258	4331	intergenic	.	751769:4258-4331
751769	4662	4767	intergenic	.	751769:4662-4767
751798	2093	2357	intergenic	.	751798:2093-2357
751889	2708	2871	intergenic	.	751889:2708-2871
752006	1556	1614	intergenic	.	752006:1556-1614
752026	10250	10280	intergenic	.	752026:10250-10280
752083	3847	4048	intergenic	.	752083:3847-4048
752190	14469	14702	gene,mRNA		752190:14469-14702
752208	4595	4795	intergenic	.	752208:4595-4795
752241	5928	6047	gene,polyA_signal_sequence		752241:5928-6047
752260	2821	2996	intergenic	.	752260:2821-2996
752432	11343	11408	intergenic	.	752432:11343-11408
752481	1733	2118	gene,mRNA,stop_codon,exon,CDS,start_codon		752481:1733-2118
752535	5288	5341	intergenic	.	752535:5288-5341
752535	5464	5508	intergenic	.	752535:5464-5508
752676	395	431	intergenic	.	752676:395-431
752799	43	416	gene,polyA_signal_sequence,mRNA,stop_codon,exon,CDS		752799:43-416
752945	1719	1757	intergenic	.	752945:1719-1757
752973	3681	3857	gene,mRNA		752973:3681-3857
753004	1763	2002	intergenic	.	753004:1763-2002
753017	3973	4243	intergenic	.	753017:3973-4243
753041	3896	4122	intergenic	.	753041:3896-4122
753185	1038	1238	intergenic	.	753185:1038-1238
753291	56690	56766	intergenic	.	753291:56690-56766
753294	1088	1222	intergenic	.	753294:1088-1222
753321	2919	3019	intergenic	.	753321:2919-3019
753321	3071	3183	intergenic	.	753321:3071-3183
753334	7326	7386	intergenic	.	753334:7326-7386
753346	2411	2578	intergenic	.	753346:2411-2578
753387	55461	55555	intergenic	.	753387:55461-55555
753477	6880	7080	intergenic	.	753477:6880-7080
753502	2601	2661	intergenic	.	753502:2601-2661
753523	9516	9748	intergenic	.	753523:9516-9748
753556	3203	3619	intergenic	.	753556:3203-3619
753581	5632	5698	intergenic	.	753581:5632-5698
753581	7670	7772	intergenic	.	753581:7670-7772
753670	77222	77323	intergenic	.	753670:77222-77323
753670	94607	94790	intergenic	.	753670:94607-94790
753680	7396	7498	intergenic	.	753680:7396-7498
753774	5682	5999	gene,mRNA		753774:5682-5999
753791	27526	27626	gene,mRNA		753791:27526-27626
753881	277	540	intergenic	.	753881:277-540
753903	2563	2611	intergenic	.	753903:2563-2611
753953	1214	1623	intergenic	.	753953:1214-1623
754045	538	713	intergenic	.	754045:538-713
754120	673	956	gene,mRNA,start_codon,exon,CDS		754120:673-956
754232	7173	7285	intergenic	.	754232:7173-7285
754232	7419	7640	intergenic	.	754232:7419-7640
754307	333	403	intergenic	.	754307:333-403
754528	1945	2037	gene,mRNA,stop_codon,exon,CDS		754528:1945-2037
754633	5302	5503	intergenic	.	754633:5302-5503
754642	2327	2761	intergenic	.	754642:2327-2761
754842	4635	5096	intergenic	.	754842:4635-5096
754942	4288	4381	intergenic	.	754942:4288-4381
755006	2344	2408	intergenic	.	755006:2344-2408
755100	859	1084	gene,mRNA		755100:859-1084
755190	755	1004	gene,mRNA		755190:755-1004
755252	2959	3253	intergenic	.	755252:2959-3253
755264	6119	6159	intergenic	.	755264:6119-6159
75536	606	748	intergenic	.	75536:606-748
755398	1212	1488	intergenic	.	755398:1212-1488
755407	113816	113995	intergenic	.	755407:113816-113995
755456	659	1030	intergenic	.	755456:659-1030
755613	7117	7296	intergenic	.	755613:7117-7296
755782	218	476	intergenic	.	755782:218-476
755784	1919	2239	intergenic	.	755784:1919-2239
755846	1578	1825	intergenic	.	755846:1578-1825
755850	5899	5974	intergenic	.	755850:5899-5974
755863	910	1059	gene		755863:910-1059
755979	3225	3287	intergenic	.	755979:3225-3287
756	53934	54071	intergenic	.	756:53934-54071
756	208753	208879	intergenic	.	756:208753-208879
756017	806	1012	intergenic	.	756017:806-1012
756017	1078	1171	intergenic	.	756017:1078-1171
756036	2074	2218	intergenic	.	756036:2074-2218
756073	3683	3872	intergenic	.	756073:3683-3872
756163	6153	6201	intergenic	.	756163:6153-6201
756184	2817	2974	intergenic	.	756184:2817-2974
756234	2460	2709	intergenic	.	756234:2460-2709
756406	320	538	intergenic	.	756406:320-538
756416	1389	1644	intergenic	.	756416:1389-1644
756436	808	1004	intergenic	.	756436:808-1004
756497	166	266	intergenic	.	756497:166-266
756556	2906	3008	intergenic	.	756556:2906-3008
756733	4138	4389	intergenic	.	756733:4138-4389
756781	141	296	intergenic	.	756781:141-296
756841	2008	2111	intergenic	.	756841:2008-2111
756891	427	726	gene,mRNA		756891:427-726
757004	2498	2647	intergenic	.	757004:2498-2647
757027	3125	3203	intergenic	.	757027:3125-3203
757057	192	272	intergenic	.	757057:192-272
757291	779	1077	intergenic	.	757291:779-1077
757349	611	779	intergenic	.	757349:611-779
757379	146	240	intergenic	.	757379:146-240
757549	3272	3756	intergenic	.	757549:3272-3756
757681	2295	2429	intergenic	.	757681:2295-2429
757681	2796	2894	intergenic	.	757681:2796-2894
757731	7316	7450	intergenic	.	757731:7316-7450
757979	210	289	intergenic	.	757979:210-289
758073	3947	4072	intergenic	.	758073:3947-4072
758096	414	492	intergenic	.	758096:414-492
758122	12145	12304	intergenic	.	758122:12145-12304
758122	12774	12997	intergenic	.	758122:12774-12997
758122	13494	13537	intergenic	.	758122:13494-13537
758268	3694	3950	intergenic	.	758268:3694-3950
758286	1522	2090	intergenic	.	758286:1522-2090
758309	611	846	intergenic	.	758309:611-846
758446	109	229	intergenic	.	758446:109-229
758452	842	887	intergenic	.	758452:842-887
758491	147	272	intergenic	.	758491:147-272
758707	2035	2186	intergenic	.	758707:2035-2186
758952	1613	1851	intergenic	.	758952:1613-1851
758986	3750	3885	intergenic	.	758986:3750-3885
759450	2976	3025	intergenic	.	759450:2976-3025
759511	1091	1146	intergenic	.	759511:1091-1146
759618	902	1262	intergenic	.	759618:902-1262
759702	2531	2871	intergenic	.	759702:2531-2871
759735	2391	2822	intergenic	.	759735:2391-2822
759787	6776	6842	intergenic	.	759787:6776-6842
759821	2622	2704	intergenic	.	759821:2622-2704
76	222813	222933	gene,mRNA		76:222813-222933
760003	94	429	intergenic	.	760003:94-429
760005	1421	1611	intergenic	.	760005:1421-1611
760098	1660	1732	intergenic	.	760098:1660-1732
760308	1780	2162	intergenic	.	760308:1780-2162
760415	666	713	intergenic	.	760415:666-713
760456	6824	6865	intergenic	.	760456:6824-6865
760713	2260	2912	gene,mRNA,exon,CDS,stop_codon		760713:2260-2912
760783	675	1021	intergenic	.	760783:675-1021
761	98710	98758	gene,mRNA		761:98710-98758
761464	786	1077	intergenic	.	761464:786-1077
76151	484	594	intergenic	.	76151:484-594
761594	1720	1775	intergenic	.	761594:1720-1775
761628	85	272	intergenic	.	761628:85-272
761753	1502	1674	intergenic	.	761753:1502-1674
761892	558	737	intergenic	.	761892:558-737
762075	8	226	intergenic	.	762075:8-226
762302	112	178	intergenic	.	762302:112-178
762328	670	1002	intergenic	.	762328:670-1002
762555	1045	1168	intergenic	.	762555:1045-1168
762594	1412	1560	intergenic	.	762594:1412-1560
762594	1678	1735	intergenic	.	762594:1678-1735
762620	6195	6267	intergenic	.	762620:6195-6267
762678	148	482	intergenic	.	762678:148-482
763183	839	927	intergenic	.	763183:839-927
763225	1945	2061	intergenic	.	763225:1945-2061
763276	1000	1164	intergenic	.	763276:1000-1164
763448	1887	2048	intergenic	.	763448:1887-2048
763668	181	211	intergenic	.	763668:181-211
763871	904	1375	intergenic	.	763871:904-1375
763972	372	557	intergenic	.	763972:372-557
763983	330	495	intergenic	.	763983:330-495
764204	999	1182	intergenic	.	764204:999-1182
764473	16	848	intergenic	.	764473:16-848
764586	11363	11484	intergenic	.	764586:11363-11484
764630	182	343	intergenic	.	764630:182-343
765063	2191	2337	intergenic	.	765063:2191-2337
765480	150	349	intergenic	.	765480:150-349
765589	1565	1800	intergenic	.	765589:1565-1800
765656	589	679	intergenic	.	765656:589-679
765800	3293	3456	intergenic	.	765800:3293-3456
765826	548	702	intergenic	.	765826:548-702
765895	11097	11299	gene,mRNA		765895:11097-11299
766	229052	229114	gene,mRNA		766:229052-229114
766037	324	381	intergenic	.	766037:324-381
766130	2904	3006	intergenic	.	766130:2904-3006
766211	982	1157	intergenic	.	766211:982-1157
766252	996	1158	intergenic	.	766252:996-1158
766602	41	184	intergenic	.	766602:41-184
766631	839	943	intergenic	.	766631:839-943
766654	1766	2142	intergenic	.	766654:1766-2142
766708	1547	1649	intergenic	.	766708:1547-1649
766964	0	33	intergenic	.	766964:0-33
766990	1827	2205	intergenic	.	766990:1827-2205
767287	50	100	intergenic	.	767287:50-100
767352	1306	1527	intergenic	.	767352:1306-1527
767427	1888	2081	intergenic	.	767427:1888-2081
767578	5650	6042	intergenic	.	767578:5650-6042
767596	1846	2122	intergenic	.	767596:1846-2122
767603	170	233	intergenic	.	767603:170-233
767922	326	376	intergenic	.	767922:326-376
767928	1354	1939	gene,mRNA,exon,CDS		767928:1354-1939
767962	9201	9390	intergenic	.	767962:9201-9390
768100	7166	7340	intergenic	.	768100:7166-7340
768189	1053	1113	intergenic	.	768189:1053-1113
768189	1188	1461	intergenic	.	768189:1188-1461
768347	5069	5284	gene,mRNA,exon,CDS		768347:5069-5284
768507	3780	4057	intergenic	.	768507:3780-4057
768510	1514	1609	intergenic	.	768510:1514-1609
768607	4520	4649	intergenic	.	768607:4520-4649
768669	3727	3925	intergenic	.	768669:3727-3925
768793	3176	3532	intergenic	.	768793:3176-3532
768812	2928	3148	intergenic	.	768812:2928-3148
769	684895	685037	intergenic	.	769:684895-685037
769128	2504	2671	intergenic	.	769128:2504-2671
769194	1513	1815	intergenic	.	769194:1513-1815
769275	3797	3999	gene,mRNA		769275:3797-3999
769325	6592	6652	intergenic	.	769325:6592-6652
769357	6885	7248	gene,mRNA		769357:6885-7248
769435	5076	5248	intergenic	.	769435:5076-5248
769708	1197	1387	intergenic	.	769708:1197-1387
769728	2319	2423	intergenic	.	769728:2319-2423
769833	423	586	intergenic	.	769833:423-586
769833	660	698	intergenic	.	769833:660-698
769914	5306	5390	intergenic	.	769914:5306-5390
769948	41	74	intergenic	.	769948:41-74
77	227970	228131	intergenic	.	77:227970-228131
770059	6324	6623	intergenic	.	770059:6324-6623
770066	1396	1524	intergenic	.	770066:1396-1524
770189	3194	3272	intergenic	.	770189:3194-3272
770777	2213	2288	intergenic	.	770777:2213-2288
770847	2567	2616	intergenic	.	770847:2567-2616
771194	3090	3239	intergenic	.	771194:3090-3239
771321	2984	3078	intergenic	.	771321:2984-3078
771355	1991	2198	intergenic	.	771355:1991-2198
771381	1522	1579	intergenic	.	771381:1522-1579
771461	10822	11215	intergenic	.	771461:10822-11215
771528	4037	4077	intergenic	.	771528:4037-4077
771545	2051	2293	intergenic	.	771545:2051-2293
771570	1608	1879	intergenic	.	771570:1608-1879
771658	1073	1244	intergenic	.	771658:1073-1244
771734	8359	8432	intergenic	.	771734:8359-8432
771763	2467	2535	intergenic	.	771763:2467-2535
772056	3903	3991	intergenic	.	772056:3903-3991
772309	7687	7892	gene,mRNA		772309:7687-7892
772343	395	459	intergenic	.	772343:395-459
772481	2416	2667	gene,polyA_signal_sequence		772481:2416-2667
772634	2603	2696	intergenic	.	772634:2603-2696
772787	3147	3224	intergenic	.	772787:3147-3224
772980	4913	4977	intergenic	.	772980:4913-4977
773131	2332	2502	intergenic	.	773131:2332-2502
773168	6287	6340	intergenic	.	773168:6287-6340
773207	1309	1419	intergenic	.	773207:1309-1419
773221	616	755	intergenic	.	773221:616-755
773333	7798	7938	intergenic	.	773333:7798-7938
773405	21225	21307	intergenic	.	773405:21225-21307
773438	3817	3874	intergenic	.	773438:3817-3874
773438	4013	4060	intergenic	.	773438:4013-4060
773445	4202	4587	intergenic	.	773445:4202-4587
773468	7356	7464	gene,mRNA		773468:7356-7464
773606	1211	1351	intergenic	.	773606:1211-1351
773606	1439	1510	intergenic	.	773606:1439-1510
773703	1699	1784	intergenic	.	773703:1699-1784
773703	2997	3112	intergenic	.	773703:2997-3112
773806	1380	1616	intergenic	.	773806:1380-1616
773878	1316	1403	intergenic	.	773878:1316-1403
773889	13004	13124	intergenic	.	773889:13004-13124
774149	3431	3704	intergenic	.	774149:3431-3704
774284	5475	5627	intergenic	.	774284:5475-5627
774302	3820	3998	intergenic	.	774302:3820-3998
774322	380	429	intergenic	.	774322:380-429
774407	3946	4112	intergenic	.	774407:3946-4112
774466	4040	4073	intergenic	.	774466:4040-4073
774488	2070	2238	intergenic	.	774488:2070-2238
774488	2538	2755	intergenic	.	774488:2538-2755
774598	1902	2083	intergenic	.	774598:1902-2083
774691	1323	1463	intergenic	.	774691:1323-1463
774691	1751	1892	intergenic	.	774691:1751-1892
774709	1519	1671	intergenic	.	774709:1519-1671
774809	3441	3630	intergenic	.	774809:3441-3630
774851	17535	17972	intergenic	.	774851:17535-17972
774887	7236	7289	intergenic	.	774887:7236-7289
775	61887	61944	intergenic	.	775:61887-61944
775	154770	154856	intergenic	.	775:154770-154856
775088	1171	1217	intergenic	.	775088:1171-1217
775088	1270	1374	intergenic	.	775088:1270-1374
775184	3502	3732	intergenic	.	775184:3502-3732
775194	6329	6447	gene,mRNA		775194:6329-6447
775303	3457	3538	intergenic	.	775303:3457-3538
775327	128	314	intergenic	.	775327:128-314
775328	584	702	intergenic	.	775328:584-702
775432	3474	3613	intergenic	.	775432:3474-3613
775432	3732	3815	intergenic	.	775432:3732-3815
775454	153	356	intergenic	.	775454:153-356
775488	3454	3537	intergenic	.	775488:3454-3537
775521	5806	6012	intergenic	.	775521:5806-6012
775614	1638	1909	intergenic	.	775614:1638-1909
775664	13122	13272	intergenic	.	775664:13122-13272
775843	1488	1555	intergenic	.	775843:1488-1555
775917	729	777	intergenic	.	775917:729-777
776124	448	924	intergenic	.	776124:448-924
776165	4902	5016	intergenic	.	776165:4902-5016
776435	1009	1044	intergenic	.	776435:1009-1044
776435	1139	1448	intergenic	.	776435:1139-1448
776435	1604	1725	intergenic	.	776435:1604-1725
776435	1778	1814	intergenic	.	776435:1778-1814
776435	1916	2173	intergenic	.	776435:1916-2173
776451	1260	1370	gene,mRNA		776451:1260-1370
776474	15013	15081	intergenic	.	776474:15013-15081
776658	2957	3014	intergenic	.	776658:2957-3014
776674	7898	7965	intergenic	.	776674:7898-7965
776753	4088	4133	gene		776753:4088-4133
776827	1068	1111	intergenic	.	776827:1068-1111
776918	3375	3790	intergenic	.	776918:3375-3790
777	140771	141019	gene,mRNA		777:140771-141019
777056	18580	18672	intergenic	.	777056:18580-18672
777085	317	777	intergenic	.	777085:317-777
777096	412	485	intergenic	.	777096:412-485
777120	5279	5608	intergenic	.	777120:5279-5608
777156	1912	2294	intergenic	.	777156:1912-2294
777203	2507	2582	intergenic	.	777203:2507-2582
777205	479	781	intergenic	.	777205:479-781
777211	2311	2386	intergenic	.	777211:2311-2386
777240	24413	24554	intergenic	.	777240:24413-24554
777240	35212	35273	intergenic	.	777240:35212-35273
777240	35324	35418	intergenic	.	777240:35324-35418
777244	374	417	intergenic	.	777244:374-417
777336	57064	57315	intergenic	.	777336:57064-57315
777422	1267	1347	intergenic	.	777422:1267-1347
777474	2746	2886	intergenic	.	777474:2746-2886
777662	4042	4192	intergenic	.	777662:4042-4192
777679	3687	3784	intergenic	.	777679:3687-3784
777687	2379	2438	intergenic	.	777687:2379-2438
777782	24282	24651	gene		777782:24282-24651
777785	1430	1807	intergenic	.	777785:1430-1807
777788	5925	6001	intergenic	.	777788:5925-6001
777809	10672	10835	intergenic	.	777809:10672-10835
777821	3558	3638	intergenic	.	777821:3558-3638
777912	488	729	intergenic	.	777912:488-729
777922	5742	5830	intergenic	.	777922:5742-5830
777946	1853	2054	intergenic	.	777946:1853-2054
777948	15529	15694	intergenic	.	777948:15529-15694
777971	1899	2125	intergenic	.	777971:1899-2125
778	97232	97299	gene,mRNA		778:97232-97299
778077	1466	1624	intergenic	.	778077:1466-1624
778133	0	72	intergenic	.	778133:0-72
778158	4974	5028	intergenic	.	778158:4974-5028
778238	6393	6903	intergenic	.	778238:6393-6903
778277	3603	3728	intergenic	.	778277:3603-3728
778401	1348	1458	intergenic	.	778401:1348-1458
778477	2251	2382	intergenic	.	778477:2251-2382
778617	12535	12595	intergenic	.	778617:12535-12595
778655	4952	5048	intergenic	.	778655:4952-5048
778670	9318	9475	intergenic	.	778670:9318-9475
778815	70098	70342	intergenic	.	778815:70098-70342
778852	1128	1214	intergenic	.	778852:1128-1214
778861	574	647	intergenic	.	778861:574-647
778880	490	688	intergenic	.	778880:490-688
778895	3476	3651	intergenic	.	778895:3476-3651
778895	27235	27302	intergenic	.	778895:27235-27302
778962	2509	2768	intergenic	.	778962:2509-2768
778999	2073	2197	intergenic	.	778999:2073-2197
778999	2475	2687	intergenic	.	778999:2475-2687
779	195740	195867	intergenic	.	779:195740-195867
779028	6071	6108	intergenic	.	779028:6071-6108
779103	3559	3610	intergenic	.	779103:3559-3610
779131	196161	196206	intergenic	.	779131:196161-196206
779159	10646	10755	intergenic	.	779159:10646-10755
779159	11685	11880	intergenic	.	779159:11685-11880
779255	2189	2251	intergenic	.	779255:2189-2251
779435	3765	4053	intergenic	.	779435:3765-4053
779478	3162	3329	intergenic	.	779478:3162-3329
779528	0	45	intergenic	.	779528:0-45
779542	28034	28335	gene,mRNA		779542:28034-28335
779606	363	662	intergenic	.	779606:363-662
779945	25782	25819	intergenic	.	779945:25782-25819
780041	4209	4340	intergenic	.	780041:4209-4340
780061	1417	1809	gene,mRNA		780061:1417-1809
780428	4337	4443	intergenic	.	780428:4337-4443
780487	0	107	intergenic	.	780487:0-107
780518	1874	1987	intergenic	.	780518:1874-1987
780636	3901	4008	intergenic	.	780636:3901-4008
780799	1185	1218	intergenic	.	780799:1185-1218
780969	4707	4795	intergenic	.	780969:4707-4795
781014	1214	1438	intergenic	.	781014:1214-1438
781099	1320	1388	intergenic	.	781099:1320-1388
781139	2224	2344	intergenic	.	781139:2224-2344
781220	103	297	intergenic	.	781220:103-297
781481	3056	3221	intergenic	.	781481:3056-3221
781506	914	966	intergenic	.	781506:914-966
781635	3680	3950	intergenic	.	781635:3680-3950
781646	2105	2195	gene,mRNA		781646:2105-2195
781709	5689	5744	intergenic	.	781709:5689-5744
781812	79747	79902	intergenic	.	781812:79747-79902
781815	72	517	intergenic	.	781815:72-517
781816	4016	4076	intergenic	.	781816:4016-4076
781925	5769	6017	intergenic	.	781925:5769-6017
781926	1860	2201	intergenic	.	781926:1860-2201
781963	1051	1241	intergenic	.	781963:1051-1241
781968	1780	1839	intergenic	.	781968:1780-1839
781982	5208	5325	intergenic	.	781982:5208-5325
782059	2406	2576	intergenic	.	782059:2406-2576
782068	2920	3011	intergenic	.	782068:2920-3011
782217	1141	1182	intergenic	.	782217:1141-1182
782339	1246	1436	intergenic	.	782339:1246-1436
782472	2836	2903	intergenic	.	782472:2836-2903
782889	2471	2839	intergenic	.	782889:2471-2839
782994	6865	6975	intergenic	.	782994:6865-6975
783105	1251	1293	intergenic	.	783105:1251-1293
783105	1592	1728	intergenic	.	783105:1592-1728
783108	795	1080	intergenic	.	783108:795-1080
783110	998	1141	intergenic	.	783110:998-1141
783376	2266	2413	intergenic	.	783376:2266-2413
783463	1703	1837	intergenic	.	783463:1703-1837
783480	223	425	intergenic	.	783480:223-425
783565	618	803	intergenic	.	783565:618-803
783567	1589	1673	intergenic	.	783567:1589-1673
783671	3588	4043	intergenic	.	783671:3588-4043
783769	1402	1657	intergenic	.	783769:1402-1657
783831	155	453	intergenic	.	783831:155-453
783832	1600	1634	intergenic	.	783832:1600-1634
783904	2357	2449	intergenic	.	783904:2357-2449
784	59328	59463	intergenic	.	784:59328-59463
784146	3027	3239	intergenic	.	784146:3027-3239
784332	523	801	intergenic	.	784332:523-801
784332	1630	1677	intergenic	.	784332:1630-1677
784477	1792	2166	intergenic	.	784477:1792-2166
784624	0	210	intergenic	.	784624:0-210
784816	567	691	intergenic	.	784816:567-691
784858	2827	2896	intergenic	.	784858:2827-2896
784878	0	161	intergenic	.	784878:0-161
784963	1460	1508	intergenic	.	784963:1460-1508
785054	1070	1306	intergenic	.	785054:1070-1306
785144	1794	1976	intergenic	.	785144:1794-1976
785219	1868	1952	intergenic	.	785219:1868-1952
785255	2209	2437	intergenic	.	785255:2209-2437
785293	1426	1785	intergenic	.	785293:1426-1785
785364	878	930	intergenic	.	785364:878-930
785565	2320	2437	intergenic	.	785565:2320-2437
785591	3967	4021	intergenic	.	785591:3967-4021
785650	37	304	intergenic	.	785650:37-304
785784	1196	1689	intergenic	.	785784:1196-1689
785981	1338	1405	intergenic	.	785981:1338-1405
786257	3763	3853	gene,polyA_signal_sequence		786257:3763-3853
786273	153	204	intergenic	.	786273:153-204
786298	1345	1409	intergenic	.	786298:1345-1409
786366	3826	4012	intergenic	.	786366:3826-4012
786638	323	388	intergenic	.	786638:323-388
786661	3894	3970	intergenic	.	786661:3894-3970
786883	14	181	intergenic	.	786883:14-181
787000	9295	9389	intergenic	.	787000:9295-9389
787048	1512	1635	intergenic	.	787048:1512-1635
787166	4686	4888	intergenic	.	787166:4686-4888
787302	41481	41680	intergenic	.	787302:41481-41680
787302	41742	41825	intergenic	.	787302:41742-41825
787341	734	1040	intergenic	.	787341:734-1040
787341	2878	3044	intergenic	.	787341:2878-3044
787433	671	854	intergenic	.	787433:671-854
787492	1896	1935	intergenic	.	787492:1896-1935
787557	3546	3811	intergenic	.	787557:3546-3811
787603	2254	2366	intergenic	.	787603:2254-2366
787666	2480	2511	intergenic	.	787666:2480-2511
787723	1742	1817	intergenic	.	787723:1742-1817
788014	77	250	intergenic	.	788014:77-250
788126	7039	7227	gene,mRNA		788126:7039-7227
788133	7321	7375	intergenic	.	788133:7321-7375
788170	3221	3355	intergenic	.	788170:3221-3355
788299	1547	1620	intergenic	.	788299:1547-1620
788418	3165	3251	intergenic	.	788418:3165-3251
788559	433	751	intergenic	.	788559:433-751
788569	2905	3346	intergenic	.	788569:2905-3346
788608	969	1105	intergenic	.	788608:969-1105
788708	2606	2679	intergenic	.	788708:2606-2679
788744	1395	1720	intergenic	.	788744:1395-1720
788752	4808	4859	intergenic	.	788752:4808-4859
788757	1183	1214	intergenic	.	788757:1183-1214
789033	1938	2108	intergenic	.	789033:1938-2108
789105	1568	1626	intergenic	.	789105:1568-1626
789206	24243	24283	intergenic	.	789206:24243-24283
789211	394	655	intergenic	.	789211:394-655
789295	1848	1912	intergenic	.	789295:1848-1912
789395	215	301	intergenic	.	789395:215-301
789528	3065	3128	intergenic	.	789528:3065-3128
789543	1057	1244	intergenic	.	789543:1057-1244
789552	3648	3720	intergenic	.	789552:3648-3720
789559	299	737	intergenic	.	789559:299-737
789562	526	687	intergenic	.	789562:526-687
789659	3161	3361	intergenic	.	789659:3161-3361
789909	219	336	gene,mRNA,exon,CDS		789909:219-336
789945	1630	1770	intergenic	.	789945:1630-1770
789999	435	624	intergenic	.	789999:435-624
790022	1161	1359	intergenic	.	790022:1161-1359
790357	25071	25148	intergenic	.	790357:25071-25148
790378	2595	2996	gene,mRNA,start_codon,exon,CDS,stop_codon		790378:2595-2996
790494	576	758	intergenic	.	790494:576-758
790531	2037	2170	intergenic	.	790531:2037-2170
790700	712	951	intergenic	.	790700:712-951
790700	1046	1249	gene,mRNA,exon,CDS,start_codon		790700:1046-1249
790795	5495	5681	intergenic	.	790795:5495-5681
790882	3220	3346	intergenic	.	790882:3220-3346
790917	2792	2884	intergenic	.	790917:2792-2884
791102	722	953	intergenic	.	791102:722-953
791102	1053	1109	intergenic	.	791102:1053-1109
791194	552	947	intergenic	.	791194:552-947
791232	5924	6073	intergenic	.	791232:5924-6073
791235	4457	4717	intergenic	.	791235:4457-4717
791250	2922	2972	intergenic	.	791250:2922-2972
791290	2356	2826	intergenic	.	791290:2356-2826
791467	655	883	intergenic	.	791467:655-883
791746	3049	3116	gene,mRNA		791746:3049-3116
791850	318	505	intergenic	.	791850:318-505
791870	1537	1621	intergenic	.	791870:1537-1621
791946	35088	35140	intergenic	.	791946:35088-35140
791951	3666	3794	intergenic	.	791951:3666-3794
792	335435	335739	intergenic	.	792:335435-335739
792179	931	994	intergenic	.	792179:931-994
792185	3049	3104	intergenic	.	792185:3049-3104
792185	3425	3542	intergenic	.	792185:3425-3542
792271	3852	3964	intergenic	.	792271:3852-3964
792271	4565	4618	intergenic	.	792271:4565-4618
792410	8652	8879	intergenic	.	792410:8652-8879
792451	5946	6012	intergenic	.	792451:5946-6012
792567	2018	2234	intergenic	.	792567:2018-2234
792654	2713	2895	intergenic	.	792654:2713-2895
792657	3220	3580	intergenic	.	792657:3220-3580
792726	2085	2141	intergenic	.	792726:2085-2141
792726	2255	2430	intergenic	.	792726:2255-2430
792894	2739	2801	intergenic	.	792894:2739-2801
792956	1954	2039	intergenic	.	792956:1954-2039
792997	1737	1849	intergenic	.	792997:1737-1849
793112	1550	1617	intergenic	.	793112:1550-1617
793222	5198	5229	intergenic	.	793222:5198-5229
793241	211	459	intergenic	.	793241:211-459
793277	54	323	intergenic	.	793277:54-323
793340	706	776	intergenic	.	793340:706-776
793355	4098	4333	intergenic	.	793355:4098-4333
793417	23554	23586	gene,mRNA		793417:23554-23586
793514	1748	1844	intergenic	.	793514:1748-1844
793521	4365	4401	intergenic	.	793521:4365-4401
793565	5985	6027	intergenic	.	793565:5985-6027
793565	6078	6224	intergenic	.	793565:6078-6224
793587	4767	4886	intergenic	.	793587:4767-4886
793603	4715	4818	intergenic	.	793603:4715-4818
793664	9476	9740	intergenic	.	793664:9476-9740
793664	11783	11875	intergenic	.	793664:11783-11875
793803	20345	20544	gene,mRNA		793803:20345-20544
793803	21193	21240	gene,mRNA		793803:21193-21240
793834	3580	3817	intergenic	.	793834:3580-3817
793834	4021	4262	intergenic	.	793834:4021-4262
793835	159	199	intergenic	.	793835:159-199
793866	1203	1262	intergenic	.	793866:1203-1262
793878	2643	2882	intergenic	.	793878:2643-2882
793911	2563	2870	intergenic	.	793911:2563-2870
793957	5414	5619	intergenic	.	793957:5414-5619
793974	2645	3072	intergenic	.	793974:2645-3072
794	8008	8067	intergenic	.	794:8008-8067
794105	22639	22789	intergenic	.	794105:22639-22789
794165	2167	2271	intergenic	.	794165:2167-2271
794171	4715	4896	intergenic	.	794171:4715-4896
794197	1892	2252	intergenic	.	794197:1892-2252
794197	2487	2642	intergenic	.	794197:2487-2642
794204	4487	4862	intergenic	.	794204:4487-4862
794219	830	908	intergenic	.	794219:830-908
794280	14592	14629	intergenic	.	794280:14592-14629
794338	61436	61717	intergenic	.	794338:61436-61717
794416	218	418	intergenic	.	794416:218-418
794435	1930	2194	intergenic	.	794435:1930-2194
794455	348	472	intergenic	.	794455:348-472
794485	193	249	intergenic	.	794485:193-249
794589	6779	6934	intergenic	.	794589:6779-6934
794609	3724	4078	intergenic	.	794609:3724-4078
794646	7095	7140	intergenic	.	794646:7095-7140
794669	179	246	intergenic	.	794669:179-246
794788	0	256	intergenic	.	794788:0-256
794938	6121	6378	intergenic	.	794938:6121-6378
794959	77171	77371	intergenic	.	794959:77171-77371
794960	234494	234599	gene,mRNA		794960:234494-234599
794960	249545	249590	intergenic	.	794960:249545-249590
794960	249867	249946	intergenic	.	794960:249867-249946
794960	250258	250416	intergenic	.	794960:250258-250416
795004	1248	1507	intergenic	.	795004:1248-1507
795006	228042	228173	gene,mRNA		795006:228042-228173
795137	3583	3620	gene,polyA_signal_sequence		795137:3583-3620
795211	1525	1736	intergenic	.	795211:1525-1736
795230	5458	5555	intergenic	.	795230:5458-5555
795267	2493	2570	intergenic	.	795267:2493-2570
795267	2690	2802	intergenic	.	795267:2690-2802
795293	53	106	intergenic	.	795293:53-106
795332	3003	3111	intergenic	.	795332:3003-3111
795446	7936	8044	intergenic	.	795446:7936-8044
795446	8558	8779	intergenic	.	795446:8558-8779
795578	1926	1976	gene,mRNA		795578:1926-1976
795639	5762	5862	intergenic	.	795639:5762-5862
795785	3098	3331	intergenic	.	795785:3098-3331
795814	740	797	intergenic	.	795814:740-797
795814	1268	1320	intergenic	.	795814:1268-1320
795952	2003	2136	intergenic	.	795952:2003-2136
796007	2590	2899	intergenic	.	796007:2590-2899
796050	5549	5901	intergenic	.	796050:5549-5901
796130	3825	3893	intergenic	.	796130:3825-3893
796165	3470	3586	intergenic	.	796165:3470-3586
796212	8560	8954	intergenic	.	796212:8560-8954
796402	5776	5807	intergenic	.	796402:5776-5807
796483	1476	1781	intergenic	.	796483:1476-1781
796513	2892	3165	intergenic	.	796513:2892-3165
796598	3390	3711	intergenic	.	796598:3390-3711
796629	3039	3277	intergenic	.	796629:3039-3277
796647	324	428	gene,polyA_signal_sequence		796647:324-428
796657	17237	17370	intergenic	.	796657:17237-17370
796791	3096	3176	intergenic	.	796791:3096-3176
796818	3568	3617	intergenic	.	796818:3568-3617
796874	53761	53969	intergenic	.	796874:53761-53969
796876	2506	2653	intergenic	.	796876:2506-2653
796915	3176	3311	intergenic	.	796915:3176-3311
797135	10	368	intergenic	.	797135:10-368
797174	2883	2983	intergenic	.	797174:2883-2983
797221	2143	2229	gene,mRNA		797221:2143-2229
797303	2234	2434	intergenic	.	797303:2234-2434
797306	4906	5101	intergenic	.	797306:4906-5101
797408	4853	5033	intergenic	.	797408:4853-5033
797430	826	1068	intergenic	.	797430:826-1068
797430	1167	1426	intergenic	.	797430:1167-1426
797459	1638	1819	intergenic	.	797459:1638-1819
797483	954	1063	intergenic	.	797483:954-1063
797719	2679	3203	intergenic	.	797719:2679-3203
797723	35179	35397	intergenic	.	797723:35179-35397
797822	1815	2111	intergenic	.	797822:1815-2111
797882	2115	2248	intergenic	.	797882:2115-2248
797902	2397	2512	intergenic	.	797902:2397-2512
797969	3031	3157	intergenic	.	797969:3031-3157
798111	1117	1435	intergenic	.	798111:1117-1435
798128	7655	7839	intergenic	.	798128:7655-7839
798201	510	580	intergenic	.	798201:510-580
798209	1626	1959	intergenic	.	798209:1626-1959
798382	0	151	intergenic	.	798382:0-151
798385	1624	1994	intergenic	.	798385:1624-1994
798397	1893	2062	intergenic	.	798397:1893-2062
798440	1924	2119	intergenic	.	798440:1924-2119
798540	2066	2248	intergenic	.	798540:2066-2248
798648	3049	3097	intergenic	.	798648:3049-3097
798739	568	773	intergenic	.	798739:568-773
798877	742	1206	intergenic	.	798877:742-1206
798988	311	494	intergenic	.	798988:311-494
799	45360	45729	exon,CDS,gene,mRNA		799:45360-45729
799044	1972	2066	intergenic	.	799044:1972-2066
799053	2025	2086	intergenic	.	799053:2025-2086
799108	26	61	intergenic	.	799108:26-61
799214	3669	3759	gene,mRNA		799214:3669-3759
799214	3933	4248	gene,mRNA		799214:3933-4248
799216	3849	3942	intergenic	.	799216:3849-3942
799361	299	431	intergenic	.	799361:299-431
799387	3795	3998	intergenic	.	799387:3795-3998
799424	2890	2941	intergenic	.	799424:2890-2941
799496	2391	2548	intergenic	.	799496:2391-2548
799575	2042	2205	intergenic	.	799575:2042-2205
799580	8152	8381	intergenic	.	799580:8152-8381
799614	3856	4141	intergenic	.	799614:3856-4141
799734	241	586	intergenic	.	799734:241-586
799743	5684	5770	intergenic	.	799743:5684-5770
799766	122	340	intergenic	.	799766:122-340
799870	2577	2758	intergenic	.	799870:2577-2758
799880	554	632	intergenic	.	799880:554-632
799881	1648	1877	intergenic	.	799881:1648-1877
799893	13499	13707	intergenic	.	799893:13499-13707
800144	3835	3981	intergenic	.	800144:3835-3981
800171	673	752	intergenic	.	800171:673-752
800208	993	1176	gene,mRNA,start_codon,exon,CDS		800208:993-1176
800403	595	656	intergenic	.	800403:595-656
800527	130	281	intergenic	.	800527:130-281
800587	3136	3196	intergenic	.	800587:3136-3196
800663	6166	6327	intergenic	.	800663:6166-6327
800674	9274	9446	intergenic	.	800674:9274-9446
800678	4381	4653	gene,polyA_signal_sequence		800678:4381-4653
800806	2739	2988	intergenic	.	800806:2739-2988
800959	956	1050	intergenic	.	800959:956-1050
801	398978	399169	intergenic	.	801:398978-399169
801087	3423	3697	intergenic	.	801087:3423-3697
801186	5159	5270	intergenic	.	801186:5159-5270
801419	12	94	intergenic	.	801419:12-94
801434	4917	5084	intergenic	.	801434:4917-5084
801453	709	889	intergenic	.	801453:709-889
801623	4995	5179	intergenic	.	801623:4995-5179
801659	3371	3616	intergenic	.	801659:3371-3616
801722	2400	2504	gene,mRNA,start_codon,exon,CDS		801722:2400-2504
801722	2822	3046	gene,mRNA		801722:2822-3046
801773	5430	5530	gene,mRNA		801773:5430-5530
801873	165	233	intergenic	.	801873:165-233
801894	890	931	intergenic	.	801894:890-931
801900	802	923	intergenic	.	801900:802-923
801915	23042	23309	intergenic	.	801915:23042-23309
801915	23376	23629	intergenic	.	801915:23376-23629
801915	23706	23894	intergenic	.	801915:23706-23894
801927	6749	6840	intergenic	.	801927:6749-6840
802	43296	43575	gene,mRNA		802:43296-43575
802010	9979	10042	intergenic	.	802010:9979-10042
802137	4365	4478	intergenic	.	802137:4365-4478
802148	1244	1611	intergenic	.	802148:1244-1611
802202	4334	4481	intergenic	.	802202:4334-4481
802253	5221	5285	intergenic	.	802253:5221-5285
802302	2555	2678	intergenic	.	802302:2555-2678
802331	4121	4452	intergenic	.	802331:4121-4452
802350	6546	6631	intergenic	.	802350:6546-6631
802410	6180	6502	intergenic	.	802410:6180-6502
802427	2924	3012	intergenic	.	802427:2924-3012
802481	1604	1692	intergenic	.	802481:1604-1692
802564	17147	17340	intergenic	.	802564:17147-17340
802590	9005	9088	intergenic	.	802590:9005-9088
802630	4927	4971	intergenic	.	802630:4927-4971
802641	9043	9201	intergenic	.	802641:9043-9201
802662	4166	4225	intergenic	.	802662:4166-4225
802684	4249	4304	intergenic	.	802684:4249-4304
802696	42134	42227	intergenic	.	802696:42134-42227
802790	3802	3886	intergenic	.	802790:3802-3886
802874	4880	5315	intergenic	.	802874:4880-5315
802958	1854	1998	intergenic	.	802958:1854-1998
802973	6695	6828	intergenic	.	802973:6695-6828
803047	2776	3109	intergenic	.	803047:2776-3109
803169	25159	25200	gene,mRNA		803169:25159-25200
803170	2978	3091	intergenic	.	803170:2978-3091
803206	379	469	intergenic	.	803206:379-469
803348	0	58	intergenic	.	803348:0-58
803364	9264	9432	intergenic	.	803364:9264-9432
803450	1363	1444	intergenic	.	803450:1363-1444
803450	1538	1706	intergenic	.	803450:1538-1706
803471	13093	13257	intergenic	.	803471:13093-13257
803471	128047	128178	intergenic	.	803471:128047-128178
803482	2789	2932	intergenic	.	803482:2789-2932
803649	51938	52050	gene,mRNA		803649:51938-52050
803758	5770	5829	intergenic	.	803758:5770-5829
803773	4047	4175	intergenic	.	803773:4047-4175
803777	5590	5689	intergenic	.	803777:5590-5689
803784	134616	134647	gene,mRNA		803784:134616-134647
803787	34956	35215	intergenic	.	803787:34956-35215
803794	66430	66503	intergenic	.	803794:66430-66503
803794	137232	137341	intergenic	.	803794:137232-137341
803816	2018	2258	gene,mRNA		803816:2018-2258
803864	203	284	intergenic	.	803864:203-284
803864	1460	1753	intergenic	.	803864:1460-1753
803970	5589	5760	intergenic	.	803970:5589-5760
803977	192947	193292	intergenic	.	803977:192947-193292
804006	4347	4469	intergenic	.	804006:4347-4469
804038	6294	6457	gene,mRNA		804038:6294-6457
804041	7505	7703	intergenic	.	804041:7505-7703
804142	50	175	intergenic	.	804142:50-175
804248	8491	8747	intergenic	.	804248:8491-8747
804260	185	401	intergenic	.	804260:185-401
804271	1446	1494	intergenic	.	804271:1446-1494
804284	431	536	intergenic	.	804284:431-536
804285	5761	5941	intergenic	.	804285:5761-5941
804325	116493	116656	intergenic	.	804325:116493-116656
804382	1250	1360	intergenic	.	804382:1250-1360
804433	10719	11039	intergenic	.	804433:10719-11039
804438	701	1025	intergenic	.	804438:701-1025
804555	568	727	intergenic	.	804555:568-727
804619	4129	4180	intergenic	.	804619:4129-4180
804668	17305	17488	intergenic	.	804668:17305-17488
804676	5800	6026	intergenic	.	804676:5800-6026
804679	710	1221	intergenic	.	804679:710-1221
804694	601	798	intergenic	.	804694:601-798
804712	17	52	intergenic	.	804712:17-52
804737	97	280	intergenic	.	804737:97-280
804738	2563	2749	intergenic	.	804738:2563-2749
804738	2902	2983	intergenic	.	804738:2902-2983
804910	511	771	intergenic	.	804910:511-771
804914	28183	28311	intergenic	.	804914:28183-28311
804966	0	63	intergenic	.	804966:0-63
805	46388	46783	intergenic	.	805:46388-46783
805	116028	116145	intergenic	.	805:116028-116145
805059	935	1317	intergenic	.	805059:935-1317
805239	104435	104712	intergenic	.	805239:104435-104712
805369	3108	3300	intergenic	.	805369:3108-3300
805457	7464	7703	intergenic	.	805457:7464-7703
805471	492	693	intergenic	.	805471:492-693
805607	832	935	intergenic	.	805607:832-935
805762	1139	1210	intergenic	.	805762:1139-1210
805843	2473	2932	intergenic	.	805843:2473-2932
805857	130	323	intergenic	.	805857:130-323
805876	5432	5613	intergenic	.	805876:5432-5613
805898	1770	2025	intergenic	.	805898:1770-2025
805902	2380	2421	intergenic	.	805902:2380-2421
805933	791	965	intergenic	.	805933:791-965
805938	699	931	intergenic	.	805938:699-931
805975	4442	4572	intergenic	.	805975:4442-4572
805999	33	277	intergenic	.	805999:33-277
806	127677	127795	gene,mRNA		806:127677-127795
806	309483	309552	gene,mRNA		806:309483-309552
806140	2655	2731	intergenic	.	806140:2655-2731
806160	2906	3140	intergenic	.	806160:2906-3140
806187	3696	3781	gene		806187:3696-3781
806291	693	839	intergenic	.	806291:693-839
806558	3712	3742	intergenic	.	806558:3712-3742
806668	259	604	intergenic	.	806668:259-604
806820	2760	2819	intergenic	.	806820:2760-2819
806821	50613	51060	intergenic	.	806821:50613-51060
806899	5674	5726	intergenic	.	806899:5674-5726
806942	715	1003	gene,mRNA,exon,CDS		806942:715-1003
806942	1055	1398	gene,mRNA		806942:1055-1398
806966	4272	4308	intergenic	.	806966:4272-4308
807096	3758	4022	intergenic	.	807096:3758-4022
807194	3858	4110	gene,mRNA		807194:3858-4110
807196	10205	10298	intergenic	.	807196:10205-10298
807354	3934	4002	intergenic	.	807354:3934-4002
807354	4206	4324	intergenic	.	807354:4206-4324
807354	4627	4738	intergenic	.	807354:4627-4738
807376	1431	1505	intergenic	.	807376:1431-1505
807516	6823	6946	intergenic	.	807516:6823-6946
807534	4849	4992	intergenic	.	807534:4849-4992
807655	556	671	intergenic	.	807655:556-671
807683	40941	41098	intergenic	.	807683:40941-41098
807694	3305	3621	intergenic	.	807694:3305-3621
807726	1586	1693	intergenic	.	807726:1586-1693
807775	3750	4006	intergenic	.	807775:3750-4006
807775	4315	4443	intergenic	.	807775:4315-4443
807940	1587	1650	intergenic	.	807940:1587-1650
808093	5000	5129	intergenic	.	808093:5000-5129
808105	5456	5553	intergenic	.	808105:5456-5553
808135	1523	1711	intergenic	.	808135:1523-1711
808183	2408	2476	intergenic	.	808183:2408-2476
808184	2695	2754	intergenic	.	808184:2695-2754
808203	477	711	intergenic	.	808203:477-711
808212	7581	7683	intergenic	.	808212:7581-7683
808225	42100	42204	intergenic	.	808225:42100-42204
808256	158105	158150	intergenic	.	808256:158105-158150
808264	3370	3593	intergenic	.	808264:3370-3593
808269	1888	1959	intergenic	.	808269:1888-1959
808342	651	942	intergenic	.	808342:651-942
808342	1324	1384	intergenic	.	808342:1324-1384
808350	3209	3311	intergenic	.	808350:3209-3311
808444	2141	2291	intergenic	.	808444:2141-2291
808544	236491	236538	gene,mRNA,exon,CDS		808544:236491-236538
808544	388173	388361	intergenic	.	808544:388173-388361
808548	3105	3250	intergenic	.	808548:3105-3250
808585	3284	3319	intergenic	.	808585:3284-3319
808585	5148	5427	intergenic	.	808585:5148-5427
808599	31622	31801	intergenic	.	808599:31622-31801
808609	51916	51981	gene		808609:51916-51981
808613	10098	10208	intergenic	.	808613:10098-10208
808613	10564	10656	intergenic	.	808613:10564-10656
808646	16288	16612	intergenic	.	808646:16288-16612
808650	5620	5713	intergenic	.	808650:5620-5713
808675	3808	3851	intergenic	.	808675:3808-3851
808690	2612	2798	intergenic	.	808690:2612-2798
808779	1556	1645	intergenic	.	808779:1556-1645
808780	1856	1969	intergenic	.	808780:1856-1969
808840	3316	3435	intergenic	.	808840:3316-3435
808841	2913	3067	intergenic	.	808841:2913-3067
808841	3331	3529	intergenic	.	808841:3331-3529
808856	1673	2050	intergenic	.	808856:1673-2050
808876	1249	1580	intergenic	.	808876:1249-1580
808919	3516	3685	intergenic	.	808919:3516-3685
808927	1556	1796	intergenic	.	808927:1556-1796
809038	3579	3677	intergenic	.	809038:3579-3677
809055	3354	3427	intergenic	.	809055:3354-3427
809134	19436	19493	intergenic	.	809134:19436-19493
809134	19793	19871	intergenic	.	809134:19793-19871
809155	4518	4594	intergenic	.	809155:4518-4594
809302	2315	2547	gene,mRNA		809302:2315-2547
809308	7777	8109	intergenic	.	809308:7777-8109
809314	6093	6303	intergenic	.	809314:6093-6303
809338	4339	4442	intergenic	.	809338:4339-4442
809351	61557	61737	intergenic	.	809351:61557-61737
809389	101665	101795	intergenic	.	809389:101665-101795
809460	5331	5546	intergenic	.	809460:5331-5546
809564	5335	5454	intergenic	.	809564:5335-5454
809570	10943	11117	intergenic	.	809570:10943-11117
809633	1265	1411	intergenic	.	809633:1265-1411
809648	3498	3674	intergenic	.	809648:3498-3674
809648	36966	37066	intergenic	.	809648:36966-37066
809659	46021	46220	intergenic	.	809659:46021-46220
809671	32409	32708	intergenic	.	809671:32409-32708
809674	19732	19988	intergenic	.	809674:19732-19988
809675	56152	56276	gene,mRNA		809675:56152-56276
809675	56347	56520	gene,mRNA		809675:56347-56520
809704	172	209	intergenic	.	809704:172-209
809742	3333	3524	intergenic	.	809742:3333-3524
809874	3673	3912	intergenic	.	809874:3673-3912
809930	4468	4618	intergenic	.	809930:4468-4618
81	274807	274972	intergenic	.	81:274807-274972
810144	9980	10219	intergenic	.	810144:9980-10219
810183	1674	1812	intergenic	.	810183:1674-1812
810230	6277	6439	intergenic	.	810230:6277-6439
810257	3528	3630	intergenic	.	810257:3528-3630
810374	2119	2265	intergenic	.	810374:2119-2265
810426	918	1039	intergenic	.	810426:918-1039
810557	5323	5398	intergenic	.	810557:5323-5398
810557	36127	36205	intergenic	.	810557:36127-36205
810583	3512	3784	intergenic	.	810583:3512-3784
810611	3034	3273	intergenic	.	810611:3034-3273
810652	1284	1372	intergenic	.	810652:1284-1372
810715	3927	4049	intergenic	.	810715:3927-4049
810715	4325	4480	intergenic	.	810715:4325-4480
810765	2640	2671	intergenic	.	810765:2640-2671
810829	181	240	intergenic	.	810829:181-240
810892	1245	1462	gene,mRNA		810892:1245-1462
810915	1086	1240	intergenic	.	810915:1086-1240
810920	5398	5641	intergenic	.	810920:5398-5641
810931	5120	5269	intergenic	.	810931:5120-5269
810970	6135	6186	intergenic	.	810970:6135-6186
811004	12175	12205	intergenic	.	811004:12175-12205
811051	7426	7525	intergenic	.	811051:7426-7525
811062	7005	7045	intergenic	.	811062:7005-7045
811164	8092	8266	gene,mRNA		811164:8092-8266
811310	6690	6934	intergenic	.	811310:6690-6934
811326	8709	8797	gene,mRNA		811326:8709-8797
811353	4910	5002	intergenic	.	811353:4910-5002
811411	7679	7825	intergenic	.	811411:7679-7825
811446	74913	75049	gene,mRNA		811446:74913-75049
811454	4787	4855	intergenic	.	811454:4787-4855
811492	7992	8036	intergenic	.	811492:7992-8036
811562	2568	2598	intergenic	.	811562:2568-2598
811576	8667	8838	intergenic	.	811576:8667-8838
811609	5152	5278	intergenic	.	811609:5152-5278
811629	7669	7845	intergenic	.	811629:7669-7845
811718	5014	5274	intergenic	.	811718:5014-5274
811737	2793	3006	gene,mRNA		811737:2793-3006
811765	4303	4653	intergenic	.	811765:4303-4653
811766	186510	186662	intergenic	.	811766:186510-186662
811767	24030	24089	intergenic	.	811767:24030-24089
811832	3910	4272	intergenic	.	811832:3910-4272
811860	9353	9500	intergenic	.	811860:9353-9500
811908	315	450	intergenic	.	811908:315-450
811910	4533	4628	intergenic	.	811910:4533-4628
811959	11574	11640	intergenic	.	811959:11574-11640
811961	3350	3599	intergenic	.	811961:3350-3599
811971	5646	5689	intergenic	.	811971:5646-5689
811980	1167	1308	intergenic	.	811980:1167-1308
812015	9422	9463	intergenic	.	812015:9422-9463
812024	4609	4815	intergenic	.	812024:4609-4815
812037	1220	1821	gene,mRNA,start_codon,exon,CDS		812037:1220-1821
812059	2057	2401	gene,polyA_signal_sequence,mRNA,stop_codon,exon,CDS		812059:2057-2401
812190	41029	41264	intergenic	.	812190:41029-41264
812191	37839	37911	gene,mRNA		812191:37839-37911
812195	2574	2795	intergenic	.	812195:2574-2795
812245	66135	66294	intergenic	.	812245:66135-66294
812317	2057	2161	intergenic	.	812317:2057-2161
812435	2323	2544	gene		812435:2323-2544
812446	295078	295394	intergenic	.	812446:295078-295394
812531	535	803	intergenic	.	812531:535-803
812531	1077	1164	intergenic	.	812531:1077-1164
812547	38424	38506	intergenic	.	812547:38424-38506
812872	24715	24789	intergenic	.	812872:24715-24789
813097	1182	1450	intergenic	.	813097:1182-1450
813100	101	144	intergenic	.	813100:101-144
813100	373	412	intergenic	.	813100:373-412
813192	206	339	intergenic	.	813192:206-339
813288	31825	32043	intergenic	.	813288:31825-32043
813350	2656	2686	intergenic	.	813350:2656-2686
813374	1397	1576	intergenic	.	813374:1397-1576
813374	1657	1823	intergenic	.	813374:1657-1823
813408	5006	5405	gene,mRNA		813408:5006-5405
813538	7021	7057	intergenic	.	813538:7021-7057
813545	325332	325693	intergenic	.	813545:325332-325693
813548	24201	24262	gene,mRNA		813548:24201-24262
813553	2917	3156	gene,mRNA		813553:2917-3156
813589	146352	146475	intergenic	.	813589:146352-146475
813595	1214	1428	intergenic	.	813595:1214-1428
813610	3190	3362	intergenic	.	813610:3190-3362
813686	5427	5585	intergenic	.	813686:5427-5585
813850	3320	3432	gene,mRNA		813850:3320-3432
813850	3563	3683	gene,mRNA		813850:3563-3683
813850	66480	66551	gene,mRNA		813850:66480-66551
813868	4928	5107	intergenic	.	813868:4928-5107
813908	25546	25593	intergenic	.	813908:25546-25593
813910	20837	20995	intergenic	.	813910:20837-20995
813932	5171	5277	intergenic	.	813932:5171-5277
813950	42060	42108	intergenic	.	813950:42060-42108
813962	18639	18823	intergenic	.	813962:18639-18823
813980	25745	25856	intergenic	.	813980:25745-25856
814033	10412	10525	gene,mRNA		814033:10412-10525
814066	10675	11097	intergenic	.	814066:10675-11097
814141	8836	8884	intergenic	.	814141:8836-8884
814147	6858	6888	intergenic	.	814147:6858-6888
814162	5474	5795	intergenic	.	814162:5474-5795
814184	4301	4440	intergenic	.	814184:4301-4440
814250	6	271	intergenic	.	814250:6-271
814256	0	79	intergenic	.	814256:0-79
814427	7197	7270	intergenic	.	814427:7197-7270
814506	5366	5699	intergenic	.	814506:5366-5699
814631	13646	13705	gene,mRNA		814631:13646-13705
814632	4999	5238	intergenic	.	814632:4999-5238
814660	4476	4606	gene,mRNA		814660:4476-4606
814703	124361	124566	gene,mRNA		814703:124361-124566
814781	7591	7643	intergenic	.	814781:7591-7643
814857	78371	78452	gene,mRNA		814857:78371-78452
814866	16336	16816	intergenic	.	814866:16336-16816
814880	9295	9383	intergenic	.	814880:9295-9383
814948	67145	67182	intergenic	.	814948:67145-67182
814970	2031	2239	intergenic	.	814970:2031-2239
815027	41852	42094	gene,mRNA		815027:41852-42094
815028	30128	30415	intergenic	.	815028:30128-30415
815038	10627	10734	intergenic	.	815038:10627-10734
815078	41	102	intergenic	.	815078:41-102
815143	28869	29005	intergenic	.	815143:28869-29005
815146	8371	8555	intergenic	.	815146:8371-8555
815174	937	1108	intergenic	.	815174:937-1108
815179	596	638	intergenic	.	815179:596-638
815256	10725	10873	intergenic	.	815256:10725-10873
815256	26282	26318	intergenic	.	815256:26282-26318
815281	31384	31419	intergenic	.	815281:31384-31419
815286	6881	6941	intergenic	.	815286:6881-6941
815286	7222	7269	intergenic	.	815286:7222-7269
815312	7067	7288	intergenic	.	815312:7067-7288
815329	20455	20786	intergenic	.	815329:20455-20786
815333	7540	8015	intergenic	.	815333:7540-8015
815345	5071	5280	gene,mRNA,exon,CDS		815345:5071-5280
815362	113366	113522	intergenic	.	815362:113366-113522
815384	62400	62685	gene,mRNA		815384:62400-62685
815449	22705	22757	intergenic	.	815449:22705-22757
815483	101679	101825	intergenic	.	815483:101679-101825
815514	13284	13476	intergenic	.	815514:13284-13476
815554	15080	15139	intergenic	.	815554:15080-15139
815574	38934	38968	intergenic	.	815574:38934-38968
815623	5011	5403	gene,mRNA,exon,CDS,exon,CDS		815623:5011-5403
815630	1667	1839	intergenic	.	815630:1667-1839
815647	7028	7149	intergenic	.	815647:7028-7149
815653	1924	1954	intergenic	.	815653:1924-1954
815734	6898	7001	intergenic	.	815734:6898-7001
815749	109265	109526	intergenic	.	815749:109265-109526
815778	7180	7257	intergenic	.	815778:7180-7257
815781	78368	78433	gene,mRNA		815781:78368-78433
815788	12063	12356	intergenic	.	815788:12063-12356
815789	8875	8939	gene,mRNA,exon,CDS		815789:8875-8939
815798	68618	69084	gene,mRNA		815798:68618-69084
815844	4959	5186	intergenic	.	815844:4959-5186
815882	14183	14374	intergenic	.	815882:14183-14374
815895	74544	74748	intergenic	.	815895:74544-74748
815910	122322	122518	gene,mRNA		815910:122322-122518
815910	232183	232503	intergenic	.	815910:232183-232503
815912	48490	48608	intergenic	.	815912:48490-48608
815917	10026	10097	intergenic	.	815917:10026-10097
815923	48975	49017	intergenic	.	815923:48975-49017
815946	6164	6230	gene,mRNA		815946:6164-6230
815962	5033	5154	intergenic	.	815962:5033-5154
815962	5332	5589	intergenic	.	815962:5332-5589
815992	3735	3789	intergenic	.	815992:3735-3789
816039	59816	59970	gene,mRNA		816039:59816-59970
816056	71448	71549	intergenic	.	816056:71448-71549
816074	941	998	intergenic	.	816074:941-998
816120	8626	8682	intergenic	.	816120:8626-8682
816144	35491	35585	gene,mRNA		816144:35491-35585
816208	3957	4131	intergenic	.	816208:3957-4131
816259	229	837	intergenic	.	816259:229-837
816403	1605	1704	gene,mRNA		816403:1605-1704
816420	40598	40847	intergenic	.	816420:40598-40847
816439	1413	1670	intergenic	.	816439:1413-1670
816443	2572	2752	intergenic	.	816443:2572-2752
816477	4363	4413	mRNA,gene		816477:4363-4413
816483	4375	4630	intergenic	.	816483:4375-4630
816487	2313	2496	intergenic	.	816487:2313-2496
816490	6180	6686	intergenic	.	816490:6180-6686
816594	3886	4100	intergenic	.	816594:3886-4100
816594	7298	7710	intergenic	.	816594:7298-7710
816602	8777	8903	intergenic	.	816602:8777-8903
816618	8225	8323	intergenic	.	816618:8225-8323
816622	1400	1453	intergenic	.	816622:1400-1453
816695	5456	5669	intergenic	.	816695:5456-5669
816697	800	1051	gene,mRNA		816697:800-1051
816739	3867	3923	intergenic	.	816739:3867-3923
816757	11420	11572	gene,mRNA,exon,CDS		816757:11420-11572
816781	15156	15257	intergenic	.	816781:15156-15257
816805	25066	25253	intergenic	.	816805:25066-25253
816819	5752	5874	intergenic	.	816819:5752-5874
816823	2717	2885	intergenic	.	816823:2717-2885
816840	6629	6922	intergenic	.	816840:6629-6922
816910	16610	16743	intergenic	.	816910:16610-16743
816928	4542	4797	intergenic	.	816928:4542-4797
816962	3849	3910	intergenic	.	816962:3849-3910
816985	47610	48079	intergenic	.	816985:47610-48079
817020	4068	4312	intergenic	.	817020:4068-4312
817024	37946	37976	intergenic	.	817024:37946-37976
817036	65546	65650	intergenic	.	817036:65546-65650
817054	120721	120851	intergenic	.	817054:120721-120851
817057	616414	616505	intergenic	.	817057:616414-616505
817059	92866	93203	intergenic	.	817059:92866-93203
817077	1813	1966	intergenic	.	817077:1813-1966
817088	49507	49627	intergenic	.	817088:49507-49627
817128	8366	8529	intergenic	.	817128:8366-8529
817132	5666	6004	intergenic	.	817132:5666-6004
817141	9246	9372	intergenic	.	817141:9246-9372
817168	589046	589217	gene,mRNA		817168:589046-589217
817171	147309	147489	gene,mRNA		817171:147309-147489
817176	193320	193412	intergenic	.	817176:193320-193412
817178	279040	279251	intergenic	.	817178:279040-279251
817210	4907	5139	intergenic	.	817210:4907-5139
817254	4882	5087	intergenic	.	817254:4882-5087
817305	6483	6674	intergenic	.	817305:6483-6674
817474	5388	5584	intergenic	.	817474:5388-5584
817475	124	427	intergenic	.	817475:124-427
817561	6192	6264	intergenic	.	817561:6192-6264
817572	9319	9435	intergenic	.	817572:9319-9435
817581	471	949	intergenic	.	817581:471-949
817588	599	701	intergenic	.	817588:599-701
817589	28110	28143	intergenic	.	817589:28110-28143
817589	30456	30689	intergenic	.	817589:30456-30689
817670	3535	3666	intergenic	.	817670:3535-3666
817685	23719	23984	intergenic	.	817685:23719-23984
817734	5695	5808	intergenic	.	817734:5695-5808
817807	3189	3257	intergenic	.	817807:3189-3257
817827	1367	1613	intergenic	.	817827:1367-1613
817857	1047	1096	intergenic	.	817857:1047-1096
817902	344341	344429	intergenic	.	817902:344341-344429
817905	65377	65458	gene,mRNA		817905:65377-65458
817916	21537	21615	intergenic	.	817916:21537-21615
817916	111425	111715	gene,mRNA		817916:111425-111715
817938	421	586	intergenic	.	817938:421-586
817940	52817	53003	intergenic	.	817940:52817-53003
817965	9933	10412	intergenic	.	817965:9933-10412
817969	5008	5053	intergenic	.	817969:5008-5053
817969	41992	42066	intergenic	.	817969:41992-42066
817979	21030	21295	intergenic	.	817979:21030-21295
818012	213563	213750	gene,mRNA		818012:213563-213750
818017	14	344	intergenic	.	818017:14-344
818040	11740	11834	intergenic	.	818040:11740-11834
818064	4766	4900	intergenic	.	818064:4766-4900
818093	43304	43352	intergenic	.	818093:43304-43352
818119	281344	281461	intergenic	.	818119:281344-281461
818153	589	691	intergenic	.	818153:589-691
818197	8278	8362	intergenic	.	818197:8278-8362
818210	18684	18747	gene,mRNA		818210:18684-18747
818211	22142	22172	intergenic	.	818211:22142-22172
818283	15154	15342	intergenic	.	818283:15154-15342
818290	16699	16766	gene,mRNA		818290:16699-16766
818310	5968	6094	intergenic	.	818310:5968-6094
818310	6447	6670	intergenic	.	818310:6447-6670
818320	403	589	intergenic	.	818320:403-589
818332	23632	23780	intergenic	.	818332:23632-23780
818343	1656	1728	intergenic	.	818343:1656-1728
818348	6773	6836	gene,mRNA		818348:6773-6836
818351	5230	5463	intergenic	.	818351:5230-5463
818385	220939	221406	intergenic	.	818385:220939-221406
818388	1426	1515	intergenic	.	818388:1426-1515
818398	700	781	intergenic	.	818398:700-781
818421	163479	163562	intergenic	.	818421:163479-163562
818421	602299	602443	intergenic	.	818421:602299-602443
818436	3462	3699	intergenic	.	818436:3462-3699
818440	10061	10120	gene,mRNA		818440:10061-10120
818489	27596	27744	intergenic	.	818489:27596-27744
818505	16825	17090	exon,CDS,stop_codon,polyA_signal_sequence,gene,mRNA		818505:16825-17090
818517	90302	90522	intergenic	.	818517:90302-90522
818517	90806	90879	intergenic	.	818517:90806-90879
818578	29060	29199	intergenic	.	818578:29060-29199
818597	715598	715714	intergenic	.	818597:715598-715714
818597	805999	806145	intergenic	.	818597:805999-806145
818672	2924	3074	intergenic	.	818672:2924-3074
818724	12728	13151	intergenic	.	818724:12728-13151
818729	140563	140637	intergenic	.	818729:140563-140637
818731	25680	25867	intergenic	.	818731:25680-25867
818742	3194	3256	intergenic	.	818742:3194-3256
818823	1454	1493	intergenic	.	818823:1454-1493
818833	19417	19579	intergenic	.	818833:19417-19579
818835	30689	30747	gene,mRNA		818835:30689-30747
818835	30932	31095	gene,mRNA		818835:30932-31095
818835	57189	57321	gene,mRNA		818835:57189-57321
818863	3086	3188	gene,mRNA		818863:3086-3188
818863	3347	3423	gene,mRNA		818863:3347-3423
818866	13123	13383	intergenic	.	818866:13123-13383
818884	52195	52402	intergenic	.	818884:52195-52402
818887	111241	111305	intergenic	.	818887:111241-111305
818887	111379	111462	intergenic	.	818887:111379-111462
818900	72205	72307	gene,mRNA		818900:72205-72307
818903	170489	170685	gene,mRNA		818903:170489-170685
818903	438793	438985	gene,mRNA		818903:438793-438985
818906	5381	5457	intergenic	.	818906:5381-5457
818907	20344	20386	intergenic	.	818907:20344-20386
818921	77411	77635	gene,mRNA		818921:77411-77635
818922	4926	5160	intergenic	.	818922:4926-5160
818959	278450	278504	gene,mRNA		818959:278450-278504
819031	125949	126128	intergenic	.	819031:125949-126128
819111	307119	307170	intergenic	.	819111:307119-307170
819141	21427	21620	intergenic	.	819141:21427-21620
819162	11745	12153	gene,mRNA		819162:11745-12153
819280	33740	33924	intergenic	.	819280:33740-33924
819290	41184	41282	intergenic	.	819290:41184-41282
819290	124785	124841	intergenic	.	819290:124785-124841
819300	19052	19297	intergenic	.	819300:19052-19297
819301	3035	3112	intergenic	.	819301:3035-3112
819308	70080	70457	intergenic	.	819308:70080-70457
819308	72812	72933	intergenic	.	819308:72812-72933
819379	8288	8588	intergenic	.	819379:8288-8588
819413	51797	51942	gene,polyA_signal_sequence		819413:51797-51942
819418	12921	13128	intergenic	.	819418:12921-13128
819463	42856	42917	intergenic	.	819463:42856-42917
819480	113312	113450	intergenic	.	819480:113312-113450
819493	20927	21042	intergenic	.	819493:20927-21042
819493	56006	56152	intergenic	.	819493:56006-56152
819499	18609	18665	gene,mRNA		819499:18609-18665
819503	1045	1140	intergenic	.	819503:1045-1140
819513	320994	321100	intergenic	.	819513:320994-321100
819544	9678	9856	gene,mRNA,exon,CDS		819544:9678-9856
819550	66227	66634	intergenic	.	819550:66227-66634
819554	1693	1844	intergenic	.	819554:1693-1844
819574	140137	140265	gene,mRNA		819574:140137-140265
819584	296	554	intergenic	.	819584:296-554
819588	48465	48517	intergenic	.	819588:48465-48517
819593	7799	7849	intergenic	.	819593:7799-7849
819632	12382	12500	intergenic	.	819632:12382-12500
819645	17733	17771	intergenic	.	819645:17733-17771
819645	18329	18462	intergenic	.	819645:18329-18462
819653	73256	73358	gene,mRNA		819653:73256-73358
819675	1996	2244	intergenic	.	819675:1996-2244
819700	14387	14564	gene,mRNA		819700:14387-14564
819713	17851	17987	intergenic	.	819713:17851-17987
819713	70238	70302	intergenic	.	819713:70238-70302
819714	201119	201292	intergenic	.	819714:201119-201292
819720	241624	241857	intergenic	.	819720:241624-241857
819732	24198	24348	intergenic	.	819732:24198-24348
819751	26856	26934	intergenic	.	819751:26856-26934
819821	4956	5263	gene,mRNA		819821:4956-5263
819826	28549	28715	gene,mRNA		819826:28549-28715
819826	203773	203829	gene,mRNA		819826:203773-203829
819828	47546	47580	intergenic	.	819828:47546-47580
819831	62766	63090	gene,mRNA		819831:62766-63090
819856	144798	144918	intergenic	.	819856:144798-144918
819917	81	252	intergenic	.	819917:81-252
819946	7088	7410	intergenic	.	819946:7088-7410
819948	3567	3693	intergenic	.	819948:3567-3693
819953	68548	68606	intergenic	.	819953:68548-68606
819976	3140	3310	gene,mRNA,exon,CDS		819976:3140-3310
819976	3402	3565	gene,mRNA		819976:3402-3565
819982	2899	3043	intergenic	.	819982:2899-3043
820019	371779	371941	intergenic	.	820019:371779-371941
820019	525639	525826	intergenic	.	820019:525639-525826
820019	636556	636821	intergenic	.	820019:636556-636821
820019	991005	991239	intergenic	.	820019:991005-991239
820019	1348235	1348291	intergenic	.	820019:1348235-1348291
820037	104664	104765	intergenic	.	820037:104664-104765
820098	10363	10428	intergenic	.	820098:10363-10428
820140	6689	6774	intergenic	.	820140:6689-6774
820151	71606	71790	intergenic	.	820151:71606-71790
820185	6781	6827	gene,mRNA		820185:6781-6827
820198	16347	16610	intergenic	.	820198:16347-16610
820203	44129	44484	intergenic	.	820203:44129-44484
820213	1441244	1441310	gene,mRNA		820213:1441244-1441310
820216	1983	2075	gene,mRNA		820216:1983-2075
820229	34651	34723	intergenic	.	820229:34651-34723
820232	208806	208847	intergenic	.	820232:208806-208847
820248	22593	22838	intergenic	.	820248:22593-22838
820261	10841	11473	intergenic	.	820261:10841-11473
820271	11562	11940	intergenic	.	820271:11562-11940
820275	1732	1926	intergenic	.	820275:1732-1926
820289	3828	3916	intergenic	.	820289:3828-3916
820293	8715	8837	gene,mRNA		820293:8715-8837
820295	11497	11559	intergenic	.	820295:11497-11559
820297	126582	126749	gene,mRNA		820297:126582-126749
820301	12055	12160	intergenic	.	820301:12055-12160
820319	2743	2810	intergenic	.	820319:2743-2810
820328	64709	64774	gene,mRNA		820328:64709-64774
820330	77045	77106	intergenic	.	820330:77045-77106
820330	80211	80470	intergenic	.	820330:80211-80470
820338	168335	168393	gene,mRNA		820338:168335-168393
820338	656080	656441	intergenic	.	820338:656080-656441
820354	12408	12750	intergenic	.	820354:12408-12750
820355	94155	94289	intergenic	.	820355:94155-94289
820385	1229	1320	intergenic	.	820385:1229-1320
820399	12380	12445	intergenic	.	820399:12380-12445
820401	10717	10896	intergenic	.	820401:10717-10896
820402	4516	4768	intergenic	.	820402:4516-4768
820405	3006	3118	gene,mRNA		820405:3006-3118
820454	53176	53213	gene,mRNA		820454:53176-53213
820456	5843	5938	gene,mRNA,exon,CDS		820456:5843-5938
820456	6242	6549	gene,mRNA,exon,CDS		820456:6242-6549
820474	14036	14119	polyA_signal_sequence,gene		820474:14036-14119
820481	2203	2374	gene,mRNA		820481:2203-2374
820511	63271	63479	gene,mRNA		820511:63271-63479
820511	148931	149080	intergenic	.	820511:148931-149080
820521	52563	52794	intergenic	.	820521:52563-52794
820524	1731	2000	intergenic	.	820524:1731-2000
820534	11055	11130	intergenic	.	820534:11055-11130
820546	88898	88962	gene,mRNA		820546:88898-88962
820552	554	731	intergenic	.	820552:554-731
820553	1193	1244	intergenic	.	820553:1193-1244
820553	1435	1530	intergenic	.	820553:1435-1530
820554	49430	49503	intergenic	.	820554:49430-49503
820558	94152	94661	intergenic	.	820558:94152-94661
820613	225314	225826	intergenic	.	820613:225314-225826
820640	3305	3387	intergenic	.	820640:3305-3387
820650	194569	194895	gene,mRNA		820650:194569-194895
820668	143905	144108	intergenic	.	820668:143905-144108
820672	8470	8602	intergenic	.	820672:8470-8602
820679	60587	60768	intergenic	.	820679:60587-60768
820683	33215	33483	gene,mRNA		820683:33215-33483
820683	33555	33723	gene,mRNA		820683:33555-33723
820687	3405	3623	gene,mRNA		820687:3405-3623
820747	7106	7190	intergenic	.	820747:7106-7190
820782	83303	83468	gene,mRNA		820782:83303-83468
820794	65410	65652	intergenic	.	820794:65410-65652
820832	91298	91542	intergenic	.	820832:91298-91542
820876	3009	3119	gene,polyA_signal_sequence		820876:3009-3119
820877	15317	15552	intergenic	.	820877:15317-15552
820891	24866	25057	gene,mRNA		820891:24866-25057
820897	109099	109158	intergenic	.	820897:109099-109158
820902	3966	4270	intergenic	.	820902:3966-4270
820923	142447	142697	intergenic	.	820923:142447-142697
820925	41896	42053	intergenic	.	820925:41896-42053
820951	28702	28808	gene,mRNA		820951:28702-28808
820976	87454	87557	intergenic	.	820976:87454-87557
820979	17534	17653	gene,mRNA		820979:17534-17653
820982	9237	9288	gene,mRNA		820982:9237-9288
820988	25821	26104	intergenic	.	820988:25821-26104
820990	59544	59596	intergenic	.	820990:59544-59596
821009	653520	653582	intergenic	.	821009:653520-653582
821051	55561	55720	gene,mRNA		821051:55561-55720
821070	1975	2086	intergenic	.	821070:1975-2086
821083	41121	41320	intergenic	.	821083:41121-41320
821083	41371	41432	intergenic	.	821083:41371-41432
821083	82023	82280	intergenic	.	821083:82023-82280
821096	21389	21453	gene,mRNA		821096:21389-21453
821118	6104	6161	intergenic	.	821118:6104-6161
821118	8800	8913	intergenic	.	821118:8800-8913
821118	24131	24269	gene,mRNA		821118:24131-24269
821120	18903	18970	intergenic	.	821120:18903-18970
821120	43919	44185	intergenic	.	821120:43919-44185
821120	61557	61657	gene,mRNA		821120:61557-61657
821134	130424	130720	intergenic	.	821134:130424-130720
821134	130943	131134	intergenic	.	821134:130943-131134
821148	36175	36435	intergenic	.	821148:36175-36435
821148	36575	36628	intergenic	.	821148:36575-36628
821162	878	1217	gene,mRNA		821162:878-1217
821162	3118	3161	gene,mRNA		821162:3118-3161
821173	30868	30972	intergenic	.	821173:30868-30972
821174	84673	84713	gene,mRNA		821174:84673-84713
821180	49858	49950	intergenic	.	821180:49858-49950
821195	138794	139111	gene,mRNA		821195:138794-139111
821196	102580	102779	intergenic	.	821196:102580-102779
821214	56735	56847	intergenic	.	821214:56735-56847
821215	65801	66042	gene,mRNA		821215:65801-66042
821224	56584	56664	intergenic	.	821224:56584-56664
821241	59898	60116	intergenic	.	821241:59898-60116
821241	60167	60308	intergenic	.	821241:60167-60308
821245	56548	56626	intergenic	.	821245:56548-56626
821281	4112	4382	intergenic	.	821281:4112-4382
821292	13283	13507	intergenic	.	821292:13283-13507
821306	22589	22747	intergenic	.	821306:22589-22747
821307	77896	78141	gene,mRNA		821307:77896-78141
821334	168594	168700	intergenic	.	821334:168594-168700
821386	1007	1438	intergenic	.	821386:1007-1438
821426	7811	8039	intergenic	.	821426:7811-8039
821428	119776	119990	gene,mRNA		821428:119776-119990
821430	99397	99512	intergenic	.	821430:99397-99512
821430	136357	136583	gene,mRNA		821430:136357-136583
821440	147037	147204	intergenic	.	821440:147037-147204
821440	209142	209204	gene,mRNA		821440:209142-209204
821456	13517	13583	intergenic	.	821456:13517-13583
821456	41302	41531	gene,mRNA		821456:41302-41531
821461	8295	8526	intergenic	.	821461:8295-8526
821520	47605	47739	intergenic	.	821520:47605-47739
821521	153536	153656	intergenic	.	821521:153536-153656
821522	88652	88895	intergenic	.	821522:88652-88895
821526	172263	172352	intergenic	.	821526:172263-172352
821527	210353	210951	start_codon,exon,CDS,gene,mRNA		821527:210353-210951
821554	111019	111214	stop_codon,exon,CDS,gene,mRNA		821554:111019-111214
821567	41630	41940	gene,mRNA		821567:41630-41940
821572	51406	51562	gene,mRNA		821572:51406-51562
821604	94093	94341	intergenic	.	821604:94093-94341
821627	811	997	intergenic	.	821627:811-997
821631	51024	51508	gene,mRNA		821631:51024-51508
821635	25951	26032	intergenic	.	821635:25951-26032
821639	124335	124369	gene,mRNA		821639:124335-124369
821645	18751	18881	gene,mRNA		821645:18751-18881
821660	14372	14610	intergenic	.	821660:14372-14610
821664	95894	95924	intergenic	.	821664:95894-95924
821688	103262	103551	intergenic	.	821688:103262-103551
821696	31238	31465	intergenic	.	821696:31238-31465
821697	68572	68628	intergenic	.	821697:68572-68628
821705	209153	209202	gene,mRNA		821705:209153-209202
821705	209737	209959	gene,mRNA		821705:209737-209959
821706	244700	244767	intergenic	.	821706:244700-244767
821706	245047	245120	intergenic	.	821706:245047-245120
821706	245208	245304	intergenic	.	821706:245208-245304
821708	119950	120098	intergenic	.	821708:119950-120098
821725	82516	82768	gene,mRNA		821725:82516-82768
821726	5397	5445	intergenic	.	821726:5397-5445
821729	180682	180955	intergenic	.	821729:180682-180955
821736	171459	171543	intergenic	.	821736:171459-171543
821740	28106	28184	intergenic	.	821740:28106-28184
821766	32749	32802	intergenic	.	821766:32749-32802
821768	3514	3710	intergenic	.	821768:3514-3710
821802	32771	32958	gene,mRNA		821802:32771-32958
821824	14684	14908	gene,mRNA		821824:14684-14908
821859	15999	16225	gene,mRNA		821859:15999-16225
821859	51737	51802	gene,mRNA		821859:51737-51802
821866	9274	9411	intergenic	.	821866:9274-9411
821893	193152	193273	gene,mRNA		821893:193152-193273
821902	46249	46450	intergenic	.	821902:46249-46450
821919	16025	16082	intergenic	.	821919:16025-16082
821930	71759	72157	intergenic	.	821930:71759-72157
821952	101712	101803	gene,mRNA		821952:101712-101803
821968	32703	32931	gene,mRNA		821968:32703-32931
821980	225181	225298	intergenic	.	821980:225181-225298
821983	45470	45605	gene,mRNA		821983:45470-45605
821984	4687	4868	intergenic	.	821984:4687-4868
822006	10617	10702	gene,mRNA		822006:10617-10702
822013	66798	67318	intergenic	.	822013:66798-67318
822026	104099	104250	gene,mRNA		822026:104099-104250
822037	21602	21740	gene,mRNA		822037:21602-21740
822039	141775	141838	gene,mRNA		822039:141775-141838
822046	83399	83936	intergenic	.	822046:83399-83936
822059	234272	234302	gene,mRNA		822059:234272-234302
822070	313576	313830	gene,mRNA		822070:313576-313830
822071	105676	105757	intergenic	.	822071:105676-105757
822079	13599	13848	intergenic	.	822079:13599-13848
822079	13995	14063	intergenic	.	822079:13995-14063
822083	6387	6557	gene,mRNA		822083:6387-6557
822092	86685	86753	intergenic	.	822092:86685-86753
822104	2674	2859	intergenic	.	822104:2674-2859
822153	24040	24319	intergenic	.	822153:24040-24319
822161	74894	75016	intergenic	.	822161:74894-75016
822175	1805	1918	gene,mRNA		822175:1805-1918
822200	1513	1661	intergenic	.	822200:1513-1661
822202	1283	1343	intergenic	.	822202:1283-1343
822206	27147	27340	gene,mRNA		822206:27147-27340
822232	182097	182147	intergenic	.	822232:182097-182147
822332	29556	29710	intergenic	.	822332:29556-29710
822380	3216	3380	intergenic	.	822380:3216-3380
823	23975	24034	intergenic	.	823:23975-24034
826984	7735	7930	intergenic	.	826984:7735-7930
827	7220	7268	intergenic	.	827:7220-7268
828193	7885	8029	gene,mRNA		828193:7885-8029
829480	42859	42953	gene,mRNA		829480:42859-42953
829481	43016	43110	gene,mRNA		829481:43016-43110
834660	367	717	intergenic	.	834660:367-717
835	33738	33904	intergenic	.	835:33738-33904
836	113496	113572	intergenic	.	836:113496-113572
837	20008	20112	intergenic	.	837:20008-20112
837954	5307	5407	intergenic	.	837954:5307-5407
837956	5304	5406	intergenic	.	837956:5304-5406
839719	3783	3898	intergenic	.	839719:3783-3898
84	606205	606484	intergenic	.	84:606205-606484
84	704765	704897	intergenic	.	84:704765-704897
840633	334	428	intergenic	.	840633:334-428
842	34936	35516	intergenic	.	842:34936-35516
843543	721	860	intergenic	.	843543:721-860
844301	372	717	intergenic	.	844301:372-717
845984	25336	25390	intergenic	.	845984:25336-25390
847130	1739	1784	intergenic	.	847130:1739-1784
847332	0	207	intergenic	.	847332:0-207
847395	689	783	intergenic	.	847395:689-783
847569	21771	22068	intergenic	.	847569:21771-22068
847631	2367	2708	intergenic	.	847631:2367-2708
851	13380	13495	gene,mRNA		851:13380-13495
853092	921	1009	intergenic	.	853092:921-1009
853092	2417	2517	intergenic	.	853092:2417-2517
853092	2621	2721	intergenic	.	853092:2621-2721
853092	3082	3181	intergenic	.	853092:3082-3181
853192	12074	12134	intergenic	.	853192:12074-12134
853254	37457	37714	gene,mRNA		853254:37457-37714
853332	18826	18909	intergenic	.	853332:18826-18909
853473	20009	20185	gene,mRNA		853473:20009-20185
853487	37026	37271	intergenic	.	853487:37026-37271
853510	50024	50343	intergenic	.	853510:50024-50343
853729	20946	21046	intergenic	.	853729:20946-21046
853783	57836	57928	gene,mRNA		853783:57836-57928
857	137995	138139	intergenic	.	857:137995-138139
857	1219079	1219168	intergenic	.	857:1219079-1219168
857	1219259	1219365	intergenic	.	857:1219259-1219365
87	59129	59178	gene,mRNA		87:59129-59178
872	170769	170865	gene,mRNA		872:170769-170865
87619	100	196	intergenic	.	87619:100-196
878	488284	488630	gene,mRNA		878:488284-488630
878	652070	652214	gene,mRNA		878:652070-652214
878	665014	665135	gene,mRNA		878:665014-665135
882	81886	82032	gene,mRNA		882:81886-82032
883	252543	253267	gene,mRNA		883:252543-253267
885	229301	229448	gene,mRNA		885:229301-229448
894	116382	116469	gene,mRNA		894:116382-116469
895	130572	130645	intergenic	.	895:130572-130645
901	22202	22332	intergenic	.	901:22202-22332
901	144354	144413	intergenic	.	901:144354-144413
902	96091	96208	intergenic	.	902:96091-96208
908	61954	61997	gene,mRNA		908:61954-61997
910	76255	76307	gene,mRNA		910:76255-76307
914	766063	766151	intergenic	.	914:766063-766151
914	813533	813595	intergenic	.	914:813533-813595
915	32990	33185	intergenic	.	915:32990-33185
915	263792	263989	intergenic	.	915:263792-263989
922	846119	846314	gene,mRNA		922:846119-846314
922	846414	846483	gene,mRNA		922:846414-846483
924	606774	607113	gene,mRNA		924:606774-607113
924	743299	743721	intergenic	.	924:743299-743721
933	397139	397198	gene,mRNA		933:397139-397198
934	338308	338631	gene,mRNA		934:338308-338631
935	372926	373030	gene,mRNA		935:372926-373030
936	123546	123739	gene,mRNA		936:123546-123739
938	14276	14376	gene,mRNA		938:14276-14376
938	14817	14917	gene,mRNA,exon,CDS		938:14817-14917
944	93067	93151	gene,mRNA		944:93067-93151
956	52477	52656	intergenic	.	956:52477-52656
972	1582	1725	gene,mRNA		972:1582-1725
972	56656	56847	intergenic	.	972:56656-56847
974	9566	9664	gene,mRNA		974:9566-9664
991	188986	189068	gene,mRNA		991:188986-189068
994	198410	198474	polyA_signal_sequence,gene		994:198410-198474
997	433767	433836	gene,mRNA		997:433767-433836
998	280043	280135	gene,mRNA		998:280043-280135
