Chromosome	Start	End	Feature_Type	Details	Reads
contig_10167	152463	152516	intergenic	.	contig_10167:152463-152516
contig_10167	152593	152742	intergenic	.	contig_10167:152593-152742
contig_10167	936203	936267	gene,mRNA		contig_10167:936203-936267
contig_10171	40614	40883	intergenic	.	contig_10171:40614-40883
contig_10231	23782	23825	intergenic	.	contig_10231:23782-23825
contig_10236	126472	126816	intergenic	.	contig_10236:126472-126816
contig_10239	969	1017	intergenic	.	contig_10239:969-1017
contig_10289	187310	187510	gene,mRNA		contig_10289:187310-187510
contig_10299	210591	210764	intergenic	.	contig_10299:210591-210764
contig_10299	338325	338611	intergenic	.	contig_10299:338325-338611
contig_10299	899328	899526	intergenic	.	contig_10299:899328-899526
contig_10299	1075178	1075208	intergenic	.	contig_10299:1075178-1075208
contig_10355	58205	58346	intergenic	.	contig_10355:58205-58346
contig_10355	61484	61540	intergenic	.	contig_10355:61484-61540
contig_10355	118895	119190	intergenic	.	contig_10355:118895-119190
contig_10355	249021	249123	intergenic	.	contig_10355:249021-249123
contig_10355	554111	554187	intergenic	.	contig_10355:554111-554187
contig_10355	631369	631753	intergenic	.	contig_10355:631369-631753
contig_10360	493258	493400	intergenic	.	contig_10360:493258-493400
contig_10360	550772	550839	intergenic	.	contig_10360:550772-550839
contig_10360	1626675	1626771	intergenic	.	contig_10360:1626675-1626771
contig_10360	2083142	2083414	intergenic	.	contig_10360:2083142-2083414
contig_10360	2114058	2114193	intergenic	.	contig_10360:2114058-2114193
contig_10360	2114439	2114575	intergenic	.	contig_10360:2114439-2114575
contig_10360	2213033	2213228	intergenic	.	contig_10360:2213033-2213228
contig_10360	2395470	2395515	intergenic	.	contig_10360:2395470-2395515
contig_10360	2395923	2395987	intergenic	.	contig_10360:2395923-2395987
contig_10360	2553747	2553918	intergenic	.	contig_10360:2553747-2553918
contig_10360	2586321	2586403	gene,mRNA		contig_10360:2586321-2586403
contig_10360	3321158	3321335	intergenic	.	contig_10360:3321158-3321335
contig_10360	3593300	3593356	intergenic	.	contig_10360:3593300-3593356
contig_10360	3764307	3764544	intergenic	.	contig_10360:3764307-3764544
contig_10360	3834396	3834470	intergenic	.	contig_10360:3834396-3834470
contig_10360	4878560	4878910	intergenic	.	contig_10360:4878560-4878910
contig_10367	196645	196943	intergenic	.	contig_10367:196645-196943
contig_10412	112334	112481	intergenic	.	contig_10412:112334-112481
contig_10425	79481	79661	intergenic	.	contig_10425:79481-79661
contig_10425	103851	104105	intergenic	.	contig_10425:103851-104105
contig_10425	149267	149869	exon,CDS,stop_codon,polyA_signal_sequence,gene,mRNA		contig_10425:149267-149869
contig_10425	172039	172153	intergenic	.	contig_10425:172039-172153
contig_10428	102203	102752	gene,mRNA		contig_10428:102203-102752
contig_10434	3641	3864	intergenic	.	contig_10434:3641-3864
contig_10434	26456	26588	intergenic	.	contig_10434:26456-26588
contig_10467	1859	1973	intergenic	.	contig_10467:1859-1973
contig_10467	2030	2120	intergenic	.	contig_10467:2030-2120
contig_10553	279090	279163	intergenic	.	contig_10553:279090-279163
contig_10553	915126	915183	intergenic	.	contig_10553:915126-915183
contig_10590	191685	191794	intergenic	.	contig_10590:191685-191794
contig_10590	395927	396076	gene,mRNA		contig_10590:395927-396076
contig_10590	399237	399742	gene,mRNA		contig_10590:399237-399742
contig_10590	611202	611356	intergenic	.	contig_10590:611202-611356
contig_10608	63067	63179	intergenic	.	contig_10608:63067-63179
contig_10608	169032	169147	intergenic	.	contig_10608:169032-169147
contig_10608	230916	231109	intergenic	.	contig_10608:230916-231109
contig_10608	763526	763795	intergenic	.	contig_10608:763526-763795
contig_10620	111170	111213	intergenic	.	contig_10620:111170-111213
contig_10620	111285	111369	intergenic	.	contig_10620:111285-111369
contig_10620	613555	613636	intergenic	.	contig_10620:613555-613636
contig_10620	1344609	1344664	gene,mRNA		contig_10620:1344609-1344664
contig_10620	1617166	1617400	intergenic	.	contig_10620:1617166-1617400
contig_10620	2220648	2220792	intergenic	.	contig_10620:2220648-2220792
contig_10627	1287308	1287365	intergenic	.	contig_10627:1287308-1287365
contig_10627	1707517	1707873	intergenic	.	contig_10627:1707517-1707873
contig_10627	1843728	1843949	intergenic	.	contig_10627:1843728-1843949
contig_10636	676159	676280	intergenic	.	contig_10636:676159-676280
contig_10636	1282024	1282179	intergenic	.	contig_10636:1282024-1282179
contig_10636	1327077	1327299	gene,mRNA		contig_10636:1327077-1327299
contig_10636	2106946	2107142	intergenic	.	contig_10636:2106946-2107142
contig_10636	2220923	2221242	intergenic	.	contig_10636:2220923-2221242
contig_10725	44763	45024	intergenic	.	contig_10725:44763-45024
contig_10725	132087	132272	intergenic	.	contig_10725:132087-132272
contig_10725	299150	299285	intergenic	.	contig_10725:299150-299285
contig_10725	307677	307961	intergenic	.	contig_10725:307677-307961
contig_10725	341842	342127	intergenic	.	contig_10725:341842-342127
contig_10725	532513	532752	intergenic	.	contig_10725:532513-532752
contig_10725	603584	603744	intergenic	.	contig_10725:603584-603744
contig_10725	706413	706572	intergenic	.	contig_10725:706413-706572
contig_10725	775110	775171	intergenic	.	contig_10725:775110-775171
contig_10725	775596	775660	intergenic	.	contig_10725:775596-775660
contig_10725	788040	788668	intergenic	.	contig_10725:788040-788668
contig_10761	166892	167055	intergenic	.	contig_10761:166892-167055
contig_10761	612082	612140	intergenic	.	contig_10761:612082-612140
contig_10761	612424	612470	intergenic	.	contig_10761:612424-612470
contig_10761	613347	613437	intergenic	.	contig_10761:613347-613437
contig_10761	1097466	1097570	intergenic	.	contig_10761:1097466-1097570
contig_10761	1245709	1245867	intergenic	.	contig_10761:1245709-1245867
contig_10761	1309299	1309361	intergenic	.	contig_10761:1309299-1309361
contig_10761	1608894	1608996	gene,mRNA		contig_10761:1608894-1608996
contig_10761	2173460	2173808	intergenic	.	contig_10761:2173460-2173808
contig_10761	2194144	2194248	intergenic	.	contig_10761:2194144-2194248
contig_10761	2401778	2401993	intergenic	.	contig_10761:2401778-2401993
contig_10761	2447530	2448151	intergenic	.	contig_10761:2447530-2448151
contig_10761	2479238	2479443	intergenic	.	contig_10761:2479238-2479443
contig_10776	100532	100685	intergenic	.	contig_10776:100532-100685
contig_10776	100859	100984	intergenic	.	contig_10776:100859-100984
contig_10776	650394	650599	gene,mRNA		contig_10776:650394-650599
contig_10776	955368	955429	gene,mRNA		contig_10776:955368-955429
contig_10776	987142	987218	intergenic	.	contig_10776:987142-987218
contig_10791	36568	36598	intergenic	.	contig_10791:36568-36598
contig_10794	539436	539527	gene,mRNA		contig_10794:539436-539527
contig_10794	539813	540090	gene,mRNA		contig_10794:539813-540090
contig_10794	719003	719490	intergenic	.	contig_10794:719003-719490
contig_10794	1127908	1128019	intergenic	.	contig_10794:1127908-1128019
contig_10800	424790	425203	gene,mRNA		contig_10800:424790-425203
contig_10800	503339	503422	intergenic	.	contig_10800:503339-503422
contig_10800	551861	552028	intergenic	.	contig_10800:551861-552028
contig_10818	1286764	1286904	intergenic	.	contig_10818:1286764-1286904
contig_10818	1570580	1570903	intergenic	.	contig_10818:1570580-1570903
contig_10818	2443946	2444222	intergenic	.	contig_10818:2443946-2444222
contig_10847_part1	198801	198908	intergenic	.	contig_10847_part1:198801-198908
contig_10888	25223	25283	intergenic	.	contig_10888:25223-25283
contig_10888	25434	25514	intergenic	.	contig_10888:25434-25514
contig_10888	666750	666929	intergenic	.	contig_10888:666750-666929
contig_10899	4736	4881	intergenic	.	contig_10899:4736-4881
contig_10899	8220	8567	intergenic	.	contig_10899:8220-8567
contig_10900	12744	12903	intergenic	.	contig_10900:12744-12903
contig_10900	13108	13290	intergenic	.	contig_10900:13108-13290
contig_10922	7640	7764	intergenic	.	contig_10922:7640-7764
contig_1093	797929	798198	gene,mRNA		contig_1093:797929-798198
contig_10941	164004	164156	gene,mRNA		contig_10941:164004-164156
contig_10941	164363	164491	gene,mRNA		contig_10941:164363-164491
contig_10941	428521	428838	gene,mRNA		contig_10941:428521-428838
contig_10941	449698	449770	intergenic	.	contig_10941:449698-449770
contig_10941	873819	873981	gene,mRNA		contig_10941:873819-873981
contig_10941	1016624	1016777	intergenic	.	contig_10941:1016624-1016777
contig_10941	2240025	2240257	intergenic	.	contig_10941:2240025-2240257
contig_10941	2431522	2431689	intergenic	.	contig_10941:2431522-2431689
contig_10941	2440727	2440853	intergenic	.	contig_10941:2440727-2440853
contig_10941	2441160	2441265	intergenic	.	contig_10941:2441160-2441265
contig_10941	2526566	2526666	intergenic	.	contig_10941:2526566-2526666
contig_10941	2653012	2653342	gene,mRNA		contig_10941:2653012-2653342
contig_10989	54193	54334	exon,CDS,gene,mRNA		contig_10989:54193-54334
contig_10995	20318	20422	gene,mRNA		contig_10995:20318-20422
contig_1101	70777	70883	intergenic	.	contig_1101:70777-70883
contig_11029	36036	36136	exon,CDS,gene,mRNA		contig_11029:36036-36136
contig_11062	644004	644238	intergenic	.	contig_11062:644004-644238
contig_11078	118020	118300	gene,mRNA		contig_11078:118020-118300
contig_11078	179127	179159	gene,mRNA		contig_11078:179127-179159
contig_11078	294976	295292	gene,mRNA		contig_11078:294976-295292
contig_11078	341778	342012	intergenic	.	contig_11078:341778-342012
contig_11141	36485	37039	intergenic	.	contig_11141:36485-37039
contig_11152	16945	17020	intergenic	.	contig_11152:16945-17020
contig_11184	82832	83263	intergenic	.	contig_11184:82832-83263
contig_11184	192032	192568	gene,mRNA,exon,CDS		contig_11184:192032-192568
contig_11184	971130	971374	intergenic	.	contig_11184:971130-971374
contig_11204	15000	15218	intergenic	.	contig_11204:15000-15218
contig_11204	141429	141502	intergenic	.	contig_11204:141429-141502
contig_11204	141563	141631	intergenic	.	contig_11204:141563-141631
contig_11303	343090	343192	gene,mRNA		contig_11303:343090-343192
contig_11303	488930	488988	intergenic	.	contig_11303:488930-488988
contig_11303	489073	489343	intergenic	.	contig_11303:489073-489343
contig_11303	625523	625641	gene,mRNA		contig_11303:625523-625641
contig_11303	811873	812200	intergenic	.	contig_11303:811873-812200
contig_11303	814366	814461	intergenic	.	contig_11303:814366-814461
contig_11313	65985	66111	gene,mRNA		contig_11313:65985-66111
contig_11320	189124	189284	gene,mRNA		contig_11320:189124-189284
contig_11320	395857	396129	gene,mRNA		contig_11320:395857-396129
contig_11320	453169	453260	gene,mRNA		contig_11320:453169-453260
contig_11320	658633	658785	intergenic	.	contig_11320:658633-658785
contig_11320	659072	659195	intergenic	.	contig_11320:659072-659195
contig_11338	103911	104209	gene,mRNA		contig_11338:103911-104209
contig_11338	410716	410780	polyA_signal_sequence,gene		contig_11338:410716-410780
contig_11338	578254	578596	intergenic	.	contig_11338:578254-578596
contig_11338	684778	685003	intergenic	.	contig_11338:684778-685003
contig_11338	755977	756066	intergenic	.	contig_11338:755977-756066
contig_11338	872108	872172	intergenic	.	contig_11338:872108-872172
contig_11338	872230	872300	intergenic	.	contig_11338:872230-872300
contig_11338	907018	907295	gene,mRNA		contig_11338:907018-907295
contig_11338	951324	951409	intergenic	.	contig_11338:951324-951409
contig_11355	1085985	1086430	intergenic	.	contig_11355:1085985-1086430
contig_11396	29706	29864	intergenic	.	contig_11396:29706-29864
contig_11396	311932	312033	intergenic	.	contig_11396:311932-312033
contig_11396	479137	479247	intergenic	.	contig_11396:479137-479247
contig_11416	5995	6179	intergenic	.	contig_11416:5995-6179
contig_11416	6279	6480	intergenic	.	contig_11416:6279-6480
contig_11440	201339	201422	gene,mRNA		contig_11440:201339-201422
contig_11440	378231	378295	gene,mRNA		contig_11440:378231-378295
contig_11440	398563	398642	intergenic	.	contig_11440:398563-398642
contig_11440	398946	399132	intergenic	.	contig_11440:398946-399132
contig_11440	407981	408114	gene,mRNA		contig_11440:407981-408114
contig_11440	413828	413922	gene,mRNA		contig_11440:413828-413922
contig_11440	584544	584917	intergenic	.	contig_11440:584544-584917
contig_11445	127964	128209	intergenic	.	contig_11445:127964-128209
contig_11459	429939	430153	gene,mRNA		contig_11459:429939-430153
contig_11459	430220	430293	gene,mRNA		contig_11459:430220-430293
contig_11468	3679	3872	intergenic	.	contig_11468:3679-3872
contig_11497	150348	150499	intergenic	.	contig_11497:150348-150499
contig_11497	935850	935907	intergenic	.	contig_11497:935850-935907
contig_11497	1451085	1451169	intergenic	.	contig_11497:1451085-1451169
contig_11501	363909	364490	gene,mRNA		contig_11501:363909-364490
contig_11502	441390	441468	intergenic	.	contig_11502:441390-441468
contig_11502	814376	814523	gene,mRNA		contig_11502:814376-814523
contig_11502	1632724	1632776	intergenic	.	contig_11502:1632724-1632776
contig_11549	639729	639799	gene,mRNA		contig_11549:639729-639799
contig_11561	177634	177707	intergenic	.	contig_11561:177634-177707
contig_11561	433790	434091	intergenic	.	contig_11561:433790-434091
contig_11561	866967	867096	intergenic	.	contig_11561:866967-867096
contig_11561	1106509	1106671	gene,mRNA,exon,CDS		contig_11561:1106509-1106671
contig_11561	1317131	1317329	intergenic	.	contig_11561:1317131-1317329
contig_11561	1693770	1694009	intergenic	.	contig_11561:1693770-1694009
contig_11646	231386	231675	gene,mRNA		contig_11646:231386-231675
contig_11646	350873	350935	intergenic	.	contig_11646:350873-350935
contig_11646	939965	940095	intergenic	.	contig_11646:939965-940095
contig_11646	1135238	1135752	intergenic	.	contig_11646:1135238-1135752
contig_11671	2429	2462	intergenic	.	contig_11671:2429-2462
contig_11672	237	323	intergenic	.	contig_11672:237-323
contig_11680	120622	120721	intergenic	.	contig_11680:120622-120721
contig_11680	246336	246569	intergenic	.	contig_11680:246336-246569
contig_11680	399707	399898	intergenic	.	contig_11680:399707-399898
contig_11680	399960	399996	intergenic	.	contig_11680:399960-399996
contig_11680	465345	465411	intergenic	.	contig_11680:465345-465411
contig_11680	587719	587891	intergenic	.	contig_11680:587719-587891
contig_11680	861679	861976	intergenic	.	contig_11680:861679-861976
contig_11680	919330	919382	intergenic	.	contig_11680:919330-919382
contig_11748	216147	216239	gene,mRNA		contig_11748:216147-216239
contig_11748	396709	396840	gene,mRNA		contig_11748:396709-396840
contig_1175	139927	140042	gene,mRNA		contig_1175:139927-140042
contig_11755	27883	27953	intergenic	.	contig_11755:27883-27953
contig_11755	217775	217908	intergenic	.	contig_11755:217775-217908
contig_11755	402285	402559	intergenic	.	contig_11755:402285-402559
contig_11755	615843	616031	intergenic	.	contig_11755:615843-616031
contig_11755	646662	646718	gene,mRNA		contig_11755:646662-646718
contig_11755	840390	840719	gene,mRNA		contig_11755:840390-840719
contig_11755	1069617	1069977	gene,mRNA		contig_11755:1069617-1069977
contig_11769	1012080	1012119	intergenic	.	contig_11769:1012080-1012119
contig_11769	1127127	1127238	intergenic	.	contig_11769:1127127-1127238
contig_11769	1441929	1442107	intergenic	.	contig_11769:1441929-1442107
contig_11776	264372	264522	gene,mRNA		contig_11776:264372-264522
contig_11776	302270	302504	gene,mRNA		contig_11776:302270-302504
contig_11786	40601	40730	intergenic	.	contig_11786:40601-40730
contig_11786	88346	88427	intergenic	.	contig_11786:88346-88427
contig_11786	354518	354623	intergenic	.	contig_11786:354518-354623
contig_11786	453884	454224	intergenic	.	contig_11786:453884-454224
contig_11786	1162589	1162667	intergenic	.	contig_11786:1162589-1162667
contig_11791	383087	383236	intergenic	.	contig_11791:383087-383236
contig_11791	383306	383414	intergenic	.	contig_11791:383306-383414
contig_11794	315273	315330	gene,mRNA		contig_11794:315273-315330
contig_1181	180000	180100	gene,mRNA		contig_1181:180000-180100
contig_1181	180300	180400	gene,mRNA		contig_1181:180300-180400
contig_11816	3832	4072	intergenic	.	contig_11816:3832-4072
contig_11822	5169	5221	intergenic	.	contig_11822:5169-5221
contig_11847	7081	7138	intergenic	.	contig_11847:7081-7138
contig_11881	483510	483540	intergenic	.	contig_11881:483510-483540
contig_11882	145955	146065	intergenic	.	contig_11882:145955-146065
contig_11882	1196705	1196930	intergenic	.	contig_11882:1196705-1196930
contig_11882	1594725	1595018	intergenic	.	contig_11882:1594725-1595018
contig_11882	2041780	2041868	intergenic	.	contig_11882:2041780-2041868
contig_11882	2166630	2166770	intergenic	.	contig_11882:2166630-2166770
contig_11882	2252740	2252815	gene,mRNA		contig_11882:2252740-2252815
contig_11882	2702162	2702226	intergenic	.	contig_11882:2702162-2702226
contig_11882	2885106	2885313	gene,mRNA		contig_11882:2885106-2885313
contig_1189	1258460	1259098	intergenic	.	contig_1189:1258460-1259098
contig_11952	213497	213565	intergenic	.	contig_11952:213497-213565
contig_11952	388489	388778	gene,mRNA		contig_11952:388489-388778
contig_11952	391433	391502	gene,mRNA		contig_11952:391433-391502
contig_11952	716998	717251	intergenic	.	contig_11952:716998-717251
contig_11952	755849	755949	intergenic	.	contig_11952:755849-755949
contig_1196	7264	7347	intergenic	.	contig_1196:7264-7347
contig_11964	734715	734926	intergenic	.	contig_11964:734715-734926
contig_11977	249934	249996	intergenic	.	contig_11977:249934-249996
contig_11984	355854	356061	intergenic	.	contig_11984:355854-356061
contig_11988	58172	58259	intergenic	.	contig_11988:58172-58259
contig_11988	336774	336849	intergenic	.	contig_11988:336774-336849
contig_1203	122553	122602	gene,mRNA		contig_1203:122553-122602
contig_12059	81317	81402	intergenic	.	contig_12059:81317-81402
contig_121	1878596	1878659	gene,mRNA		contig_121:1878596-1878659
contig_121	2032280	2032339	intergenic	.	contig_121:2032280-2032339
contig_121	2380087	2380139	intergenic	.	contig_121:2380087-2380139
contig_121	2888357	2888742	exon,CDS,exon,CDS,gene,mRNA		contig_121:2888357-2888742
contig_12133	730148	730248	intergenic	.	contig_12133:730148-730248
contig_12133	739641	740042	intergenic	.	contig_12133:739641-740042
contig_12133	796048	796160	intergenic	.	contig_12133:796048-796160
contig_12181	313280	313442	intergenic	.	contig_12181:313280-313442
contig_12181	623050	623190	gene,mRNA		contig_12181:623050-623190
contig_12181	1649634	1649853	gene,mRNA		contig_12181:1649634-1649853
contig_12181	2247860	2247890	gene,mRNA		contig_12181:2247860-2247890
contig_12181	2703812	2704012	exon,CDS,stop_codon,gene,mRNA		contig_12181:2703812-2704012
contig_12194	156378	156419	intergenic	.	contig_12194:156378-156419
contig_12194	156491	156621	intergenic	.	contig_12194:156491-156621
contig_1220	26665	26968	gene,mRNA		contig_1220:26665-26968
contig_1220	1558327	1558433	intergenic	.	contig_1220:1558327-1558433
contig_12216	6075	6304	intergenic	.	contig_12216:6075-6304
contig_12277	352743	352800	gene,mRNA		contig_12277:352743-352800
contig_1228	656460	656856	intergenic	.	contig_1228:656460-656856
contig_1228	656986	657213	intergenic	.	contig_1228:656986-657213
contig_12375	591990	592347	intergenic	.	contig_12375:591990-592347
contig_12401	224298	224345	intergenic	.	contig_12401:224298-224345
contig_12424	43	342	intergenic	.	contig_12424:43-342
contig_12424	1401	1537	intergenic	.	contig_12424:1401-1537
contig_12424	1772	1869	intergenic	.	contig_12424:1772-1869
contig_12441	57174	57319	intergenic	.	contig_12441:57174-57319
contig_12441	140875	141091	intergenic	.	contig_12441:140875-141091
contig_12441	459577	459637	intergenic	.	contig_12441:459577-459637
contig_12441	1475363	1475442	intergenic	.	contig_12441:1475363-1475442
contig_12441	1614482	1614599	gene,mRNA		contig_12441:1614482-1614599
contig_1247	119434	119549	intergenic	.	contig_1247:119434-119549
contig_1247	976748	976798	intergenic	.	contig_1247:976748-976798
contig_1247	1171813	1171891	intergenic	.	contig_1247:1171813-1171891
contig_1247	1426737	1427124	intergenic	.	contig_1247:1426737-1427124
contig_1247	1683644	1683858	intergenic	.	contig_1247:1683644-1683858
contig_1247	2147098	2147213	intergenic	.	contig_1247:2147098-2147213
contig_1247	2850826	2850869	intergenic	.	contig_1247:2850826-2850869
contig_1247	2918336	2918639	intergenic	.	contig_1247:2918336-2918639
contig_1248	916121	916392	intergenic	.	contig_1248:916121-916392
contig_1248	1332140	1332301	intergenic	.	contig_1248:1332140-1332301
contig_1248	1469260	1469312	intergenic	.	contig_1248:1469260-1469312
contig_1248	1892295	1892508	intergenic	.	contig_1248:1892295-1892508
contig_1248	1934360	1934593	intergenic	.	contig_1248:1934360-1934593
contig_1248	2109281	2109433	intergenic	.	contig_1248:2109281-2109433
contig_12511	190909	190971	intergenic	.	contig_12511:190909-190971
contig_12511	191050	191155	intergenic	.	contig_12511:191050-191155
contig_12511	229425	229615	intergenic	.	contig_12511:229425-229615
contig_12516	149816	149903	intergenic	.	contig_12516:149816-149903
contig_12517	57734	57930	intergenic	.	contig_12517:57734-57930
contig_12520	14064	14299	intergenic	.	contig_12520:14064-14299
contig_12522	287	362	intergenic	.	contig_12522:287-362
contig_12540	36231	36388	gene,mRNA		contig_12540:36231-36388
contig_12549	20060	20135	intergenic	.	contig_12549:20060-20135
contig_12549	27728	27897	intergenic	.	contig_12549:27728-27897
contig_12549	42430	43121	intergenic	.	contig_12549:42430-43121
contig_1256	463464	463562	gene,mRNA		contig_1256:463464-463562
contig_12570	36452	36520	gene,mRNA		contig_12570:36452-36520
contig_12570	497239	497441	intergenic	.	contig_12570:497239-497441
contig_12570	836683	836822	intergenic	.	contig_12570:836683-836822
contig_12570	1010911	1011001	intergenic	.	contig_12570:1010911-1011001
contig_12570	1332644	1332744	intergenic	.	contig_12570:1332644-1332744
contig_12570	1332862	1333048	intergenic	.	contig_12570:1332862-1333048
contig_12570	1333248	1333348	intergenic	.	contig_12570:1333248-1333348
contig_12570	1333622	1333746	intergenic	.	contig_12570:1333622-1333746
contig_12570	1333857	1333926	intergenic	.	contig_12570:1333857-1333926
contig_12570	1334406	1334516	intergenic	.	contig_12570:1334406-1334516
contig_12570	1335177	1335239	intergenic	.	contig_12570:1335177-1335239
contig_12570	1604264	1604317	intergenic	.	contig_12570:1604264-1604317
contig_12570	1845602	1845755	intergenic	.	contig_12570:1845602-1845755
contig_12572	32261	32513	intergenic	.	contig_12572:32261-32513
contig_12577	346534	346926	gene,mRNA,start_codon,exon,CDS		contig_12577:346534-346926
contig_12600	21286	21392	intergenic	.	contig_12600:21286-21392
contig_12646	14248	14417	gene,mRNA		contig_12646:14248-14417
contig_12646	14829	14868	gene,mRNA		contig_12646:14829-14868
contig_12646	384417	384520	intergenic	.	contig_12646:384417-384520
contig_12646	645933	646068	intergenic	.	contig_12646:645933-646068
contig_12646	744016	744304	gene,mRNA		contig_12646:744016-744304
contig_12646	867457	867637	intergenic	.	contig_12646:867457-867637
contig_12700	297557	297726	intergenic	.	contig_12700:297557-297726
contig_12700	334021	334400	intergenic	.	contig_12700:334021-334400
contig_12700	334913	335286	intergenic	.	contig_12700:334913-335286
contig_12700	335393	335760	intergenic	.	contig_12700:335393-335760
contig_12779	31394	31426	intergenic	.	contig_12779:31394-31426
contig_12813	3396	3480	intergenic	.	contig_12813:3396-3480
contig_1283	125505	125653	intergenic	.	contig_1283:125505-125653
contig_1283	184351	184395	gene,mRNA		contig_1283:184351-184395
contig_1283	464787	464887	gene		contig_1283:464787-464887
contig_1283	465626	465726	gene,mRNA,exon,CDS		contig_1283:465626-465726
contig_12840	237924	237967	intergenic	.	contig_12840:237924-237967
contig_12840	329883	330011	intergenic	.	contig_12840:329883-330011
contig_12840	524045	524118	intergenic	.	contig_12840:524045-524118
contig_12844	9319	9440	intergenic	.	contig_12844:9319-9440
contig_12857	75888	76062	intergenic	.	contig_12857:75888-76062
contig_12889	365425	365490	gene,mRNA		contig_12889:365425-365490
contig_12889	792331	792394	intergenic	.	contig_12889:792331-792394
contig_12895	362066	362152	intergenic	.	contig_12895:362066-362152
contig_12895	475697	476229	intergenic	.	contig_12895:475697-476229
contig_12895	650682	650880	intergenic	.	contig_12895:650682-650880
contig_12895	775212	775468	intergenic	.	contig_12895:775212-775468
contig_12929	28124	28224	gene,mRNA,exon,CDS		contig_12929:28124-28224
contig_12929	28722	28922	gene,mRNA,exon,CDS		contig_12929:28722-28922
contig_1296	252471	252598	intergenic	.	contig_1296:252471-252598
contig_1296	1712588	1712647	intergenic	.	contig_1296:1712588-1712647
contig_1296	2064186	2064334	intergenic	.	contig_1296:2064186-2064334
contig_12960	33863	34010	intergenic	.	contig_12960:33863-34010
contig_12960	46966	47093	intergenic	.	contig_12960:46966-47093
contig_13012	118	154	intergenic	.	contig_13012:118-154
contig_13035	51421	51451	intergenic	.	contig_13035:51421-51451
contig_13035	245030	245111	intergenic	.	contig_13035:245030-245111
contig_13035	294131	294286	intergenic	.	contig_13035:294131-294286
contig_13035	530172	530294	intergenic	.	contig_13035:530172-530294
contig_1304	216049	216092	intergenic	.	contig_1304:216049-216092
contig_13057	382498	382742	intergenic	.	contig_13057:382498-382742
contig_13057	427332	427426	intergenic	.	contig_13057:427332-427426
contig_13058	15737	16099	intergenic	.	contig_13058:15737-16099
contig_13058	271179	271229	gene,mRNA		contig_13058:271179-271229
contig_13093	10143	10256	intergenic	.	contig_13093:10143-10256
contig_13098	9010	9303	intergenic	.	contig_13098:9010-9303
contig_13111	3859	4146	intergenic	.	contig_13111:3859-4146
contig_13115	91221	91498	gene,mRNA		contig_13115:91221-91498
contig_13123	6812	6951	intergenic	.	contig_13123:6812-6951
contig_13126	2263	2631	intergenic	.	contig_13126:2263-2631
contig_13141	55786	55857	intergenic	.	contig_13141:55786-55857
contig_13205	2030	2131	intergenic	.	contig_13205:2030-2131
contig_13205	380157	380338	gene,mRNA		contig_13205:380157-380338
contig_13307	429	521	intergenic	.	contig_13307:429-521
contig_13311_part1	52870	52938	intergenic	.	contig_13311_part1:52870-52938
contig_13311_part1	53359	53418	intergenic	.	contig_13311_part1:53359-53418
contig_13311_part2	1647	1687	intergenic	.	contig_13311_part2:1647-1687
contig_13426	2788	3085	intergenic	.	contig_13426:2788-3085
contig_13426	3235	3412	intergenic	.	contig_13426:3235-3412
contig_13449	44575	44787	intergenic	.	contig_13449:44575-44787
contig_1353	39637	39687	intergenic	.	contig_1353:39637-39687
contig_1353	559069	559232	gene,mRNA		contig_1353:559069-559232
contig_1353	1441290	1441380	intergenic	.	contig_1353:1441290-1441380
contig_1353	1520459	1520807	gene,mRNA		contig_1353:1520459-1520807
contig_1353	1629520	1629924	gene,mRNA		contig_1353:1629520-1629924
contig_1353	1903174	1903242	intergenic	.	contig_1353:1903174-1903242
contig_1353	2009406	2009535	intergenic	.	contig_1353:2009406-2009535
contig_1353	2009593	2009743	intergenic	.	contig_1353:2009593-2009743
contig_13572	167326	167392	intergenic	.	contig_13572:167326-167392
contig_13572	297553	297613	intergenic	.	contig_13572:297553-297613
contig_13572	1183997	1184372	intergenic	.	contig_13572:1183997-1184372
contig_1362	132248	132626	gene,mRNA		contig_1362:132248-132626
contig_1362	219442	219616	intergenic	.	contig_1362:219442-219616
contig_1362	246269	246361	intergenic	.	contig_1362:246269-246361
contig_1362	901986	902160	intergenic	.	contig_1362:901986-902160
contig_13636	4660	4750	intergenic	.	contig_13636:4660-4750
contig_13643	2763	2832	intergenic	.	contig_13643:2763-2832
contig_13643	23523	23671	gene,mRNA		contig_13643:23523-23671
contig_13676	955359	955423	intergenic	.	contig_13676:955359-955423
contig_13676	1279746	1279796	intergenic	.	contig_13676:1279746-1279796
contig_13735	6018	6084	intergenic	.	contig_13735:6018-6084
contig_13735	6167	6246	intergenic	.	contig_13735:6167-6246
contig_13754	106916	107292	intergenic	.	contig_13754:106916-107292
contig_13754	520877	521024	intergenic	.	contig_13754:520877-521024
contig_13754	571892	571922	gene,mRNA		contig_13754:571892-571922
contig_13756	5469	5555	intergenic	.	contig_13756:5469-5555
contig_13788	100202	100399	intergenic	.	contig_13788:100202-100399
contig_13800	4158882	4158962	intergenic	.	contig_13800:4158882-4158962
contig_13800	4522261	4522360	intergenic	.	contig_13800:4522261-4522360
contig_13800	4619365	4619606	intergenic	.	contig_13800:4619365-4619606
contig_13811	84412	84532	intergenic	.	contig_13811:84412-84532
contig_13816	230700	230953	intergenic	.	contig_13816:230700-230953
contig_13826	308796	308944	intergenic	.	contig_13826:308796-308944
contig_13826	585198	585391	intergenic	.	contig_13826:585198-585391
contig_13826	809283	809360	intergenic	.	contig_13826:809283-809360
contig_13826	947999	948085	intergenic	.	contig_13826:947999-948085
contig_13826	1515684	1515948	gene,mRNA		contig_13826:1515684-1515948
contig_13906	314585	314653	intergenic	.	contig_13906:314585-314653
contig_13906	1950056	1950217	intergenic	.	contig_13906:1950056-1950217
contig_13906	1979287	1979506	intergenic	.	contig_13906:1979287-1979506
contig_13906	2276915	2276960	intergenic	.	contig_13906:2276915-2276960
contig_13921	28895	28981	intergenic	.	contig_13921:28895-28981
contig_13956	20336	20405	intergenic	.	contig_13956:20336-20405
contig_13956	863775	863942	intergenic	.	contig_13956:863775-863942
contig_13957	115526	115820	intergenic	.	contig_13957:115526-115820
contig_13957	116061	116250	gene,polyA_signal_sequence		contig_13957:116061-116250
contig_13988	481634	481724	intergenic	.	contig_13988:481634-481724
contig_13998	227233	227300	intergenic	.	contig_13998:227233-227300
contig_1401	158989	159058	gene,mRNA		contig_1401:158989-159058
contig_14013	481040	481207	intergenic	.	contig_14013:481040-481207
contig_14013	481346	481463	intergenic	.	contig_14013:481346-481463
contig_1402	2134116	2134325	gene,mRNA		contig_1402:2134116-2134325
contig_14051	253427	253627	intergenic	.	contig_14051:253427-253627
contig_14056	234294	234421	intergenic	.	contig_14056:234294-234421
contig_1407	745693	745802	intergenic	.	contig_1407:745693-745802
contig_1407	1823087	1823153	intergenic	.	contig_1407:1823087-1823153
contig_1407	1993609	1993670	intergenic	.	contig_1407:1993609-1993670
contig_1407	2504214	2504634	intergenic	.	contig_1407:2504214-2504634
contig_1407	2964549	2964803	intergenic	.	contig_1407:2964549-2964803
contig_14075	13	56	intergenic	.	contig_14075:13-56
contig_14077	157988	158142	intergenic	.	contig_14077:157988-158142
contig_14077	1029145	1029285	intergenic	.	contig_14077:1029145-1029285
contig_14108	445863	446152	gene,mRNA		contig_14108:445863-446152
contig_14108	624979	625033	gene,mRNA		contig_14108:624979-625033
contig_14108	625436	625495	gene,mRNA		contig_14108:625436-625495
contig_14108	742545	742836	intergenic	.	contig_14108:742545-742836
contig_14108	797437	797701	intergenic	.	contig_14108:797437-797701
contig_14108	1082094	1082209	intergenic	.	contig_14108:1082094-1082209
contig_14108	1228334	1228547	intergenic	.	contig_14108:1228334-1228547
contig_14108	1268928	1269117	intergenic	.	contig_14108:1268928-1269117
contig_14108	1269190	1269389	intergenic	.	contig_14108:1269190-1269389
contig_14108	1315429	1315728	intergenic	.	contig_14108:1315429-1315728
contig_14108	1557912	1557977	intergenic	.	contig_14108:1557912-1557977
contig_14108	2408875	2409044	gene,mRNA		contig_14108:2408875-2409044
contig_14108	2599121	2599236	intergenic	.	contig_14108:2599121-2599236
contig_14108	2674875	2675096	intergenic	.	contig_14108:2674875-2675096
contig_14214	251006	251093	gene,mRNA		contig_14214:251006-251093
contig_14227	2992	3447	intergenic	.	contig_14227:2992-3447
contig_14228	290383	290545	stop_codon,exon,CDS,gene,mRNA		contig_14228:290383-290545
contig_14228	1011843	1012026	intergenic	.	contig_14228:1011843-1012026
contig_14228	1282417	1282683	gene,mRNA		contig_14228:1282417-1282683
contig_14228	1631620	1631716	intergenic	.	contig_14228:1631620-1631716
contig_14228	1692837	1693115	gene,mRNA		contig_14228:1692837-1693115
contig_14228	1811367	1811477	intergenic	.	contig_14228:1811367-1811477
contig_14228	2134027	2134257	intergenic	.	contig_14228:2134027-2134257
contig_14228	2180333	2180379	intergenic	.	contig_14228:2180333-2180379
contig_14228	2203650	2203853	intergenic	.	contig_14228:2203650-2203853
contig_14228	2204226	2204456	intergenic	.	contig_14228:2204226-2204456
contig_14228	2503403	2503497	intergenic	.	contig_14228:2503403-2503497
contig_14228	2600230	2600603	intergenic	.	contig_14228:2600230-2600603
contig_14228	2601296	2601346	intergenic	.	contig_14228:2601296-2601346
contig_1426	115235	115295	intergenic	.	contig_1426:115235-115295
contig_14282	77666	77873	gene,mRNA		contig_14282:77666-77873
contig_14282	221202	221414	intergenic	.	contig_14282:221202-221414
contig_14282	328883	328951	intergenic	.	contig_14282:328883-328951
contig_14282	343945	344334	intergenic	.	contig_14282:343945-344334
contig_14282	344801	345140	intergenic	.	contig_14282:344801-345140
contig_14282	351870	351995	intergenic	.	contig_14282:351870-351995
contig_14282	352271	352427	intergenic	.	contig_14282:352271-352427
contig_14288	570204	570283	gene,mRNA		contig_14288:570204-570283
contig_14288	1559250	1559389	intergenic	.	contig_14288:1559250-1559389
contig_14288	2216731	2216782	intergenic	.	contig_14288:2216731-2216782
contig_14288	2217182	2217256	intergenic	.	contig_14288:2217182-2217256
contig_14288	2557804	2557880	gene,mRNA		contig_14288:2557804-2557880
contig_14300	1887	2195	intergenic	.	contig_14300:1887-2195
contig_1432	60487	60587	gene,polyA_signal_sequence		contig_1432:60487-60587
contig_1432	60986	61086	gene,mRNA,exon,CDS		contig_1432:60986-61086
contig_1432	63264	63297	intergenic	.	contig_1432:63264-63297
contig_14323	89304	89409	gene,mRNA		contig_14323:89304-89409
contig_14323	105835	105896	gene,mRNA		contig_14323:105835-105896
contig_14365	95899	96041	intergenic	.	contig_14365:95899-96041
contig_14400	102010	102141	gene,mRNA		contig_14400:102010-102141
contig_14400	183407	183626	intergenic	.	contig_14400:183407-183626
contig_14408	143115	143302	gene,mRNA		contig_14408:143115-143302
contig_14408	143613	143738	gene,mRNA,exon,CDS,start_codon		contig_14408:143613-143738
contig_14408	208903	208974	intergenic	.	contig_14408:208903-208974
contig_14408	466236	466282	intergenic	.	contig_14408:466236-466282
contig_14408	633825	633923	intergenic	.	contig_14408:633825-633923
contig_14410	147062	147354	gene,mRNA		contig_14410:147062-147354
contig_1443	491118	491215	intergenic	.	contig_1443:491118-491215
contig_1443	760645	760743	intergenic	.	contig_1443:760645-760743
contig_1443	803834	804011	intergenic	.	contig_1443:803834-804011
contig_1443	1615727	1615820	intergenic	.	contig_1443:1615727-1615820
contig_1443	1691896	1692002	intergenic	.	contig_1443:1691896-1692002
contig_14437	8917	9249	intergenic	.	contig_14437:8917-9249
contig_14437	435811	435957	intergenic	.	contig_14437:435811-435957
contig_14437	436036	436447	intergenic	.	contig_14437:436036-436447
contig_14437	588609	588650	intergenic	.	contig_14437:588609-588650
contig_14437	1323974	1324169	intergenic	.	contig_14437:1323974-1324169
contig_14437	1513974	1514040	intergenic	.	contig_14437:1513974-1514040
contig_14437	1741537	1741781	intergenic	.	contig_14437:1741537-1741781
contig_14474	113389	113433	intergenic	.	contig_14474:113389-113433
contig_14474	113504	113614	intergenic	.	contig_14474:113504-113614
contig_14475	610849	610972	gene,mRNA		contig_14475:610849-610972
contig_14475	611055	611161	gene,mRNA		contig_14475:611055-611161
contig_14652	74043	74517	gene,mRNA		contig_14652:74043-74517
contig_14658	25550	25607	intergenic	.	contig_14658:25550-25607
contig_14659	20267	20359	intergenic	.	contig_14659:20267-20359
contig_1471	241939	242016	intergenic	.	contig_1471:241939-242016
contig_1471	1985709	1985852	intergenic	.	contig_1471:1985709-1985852
contig_1475	492102	492338	gene,mRNA		contig_1475:492102-492338
contig_1475	636208	636411	intergenic	.	contig_1475:636208-636411
contig_1475	636473	636619	intergenic	.	contig_1475:636473-636619
contig_1475	664119	664237	intergenic	.	contig_1475:664119-664237
contig_1475	1710734	1710815	intergenic	.	contig_1475:1710734-1710815
contig_1475	2021661	2021830	intergenic	.	contig_1475:2021661-2021830
contig_1475	2245839	2246191	intergenic	.	contig_1475:2245839-2246191
contig_14855	246168	246346	intergenic	.	contig_14855:246168-246346
contig_14855	271706	271831	intergenic	.	contig_14855:271706-271831
contig_14855	499845	500003	gene,mRNA		contig_14855:499845-500003
contig_14855	673599	673710	gene,mRNA		contig_14855:673599-673710
contig_14855	765431	765551	intergenic	.	contig_14855:765431-765551
contig_14855	1196954	1197093	gene,mRNA		contig_14855:1196954-1197093
contig_14855	1710985	1711167	intergenic	.	contig_14855:1710985-1711167
contig_1487	626944	627098	intergenic	.	contig_1487:626944-627098
contig_1487	734887	734921	intergenic	.	contig_1487:734887-734921
contig_1487	1839245	1839681	intergenic	.	contig_1487:1839245-1839681
contig_1487	2052579	2053005	intergenic	.	contig_1487:2052579-2053005
contig_1487	2324821	2325186	intergenic	.	contig_1487:2324821-2325186
contig_1487	2333795	2334085	intergenic	.	contig_1487:2333795-2334085
contig_1487	2482771	2482850	gene,mRNA		contig_1487:2482771-2482850
contig_15008	5043	5073	gene,mRNA		contig_15008:5043-5073
contig_15122	105782	105837	intergenic	.	contig_15122:105782-105837
contig_15126	317067	317171	intergenic	.	contig_15126:317067-317171
contig_15126	494178	494294	intergenic	.	contig_15126:494178-494294
contig_1517	338120	338401	intergenic	.	contig_1517:338120-338401
contig_1517	500818	500991	gene,mRNA		contig_1517:500818-500991
contig_1517	560263	560486	intergenic	.	contig_1517:560263-560486
contig_1517	872039	872266	gene,mRNA		contig_1517:872039-872266
contig_1517	953572	953902	gene,mRNA		contig_1517:953572-953902
contig_1517	1125847	1126344	intergenic	.	contig_1517:1125847-1126344
contig_15186	395796	395827	intergenic	.	contig_15186:395796-395827
contig_15186	973512	973608	intergenic	.	contig_15186:973512-973608
contig_15186	973680	973794	intergenic	.	contig_15186:973680-973794
contig_15188	217746	217816	intergenic	.	contig_15188:217746-217816
contig_15188	248879	249079	gene,mRNA,start_codon,exon,CDS		contig_15188:248879-249079
contig_1519	21876	21950	intergenic	.	contig_1519:21876-21950
contig_15210	158561	158829	intergenic	.	contig_15210:158561-158829
contig_15210	392703	392777	intergenic	.	contig_15210:392703-392777
contig_15210	507283	507522	intergenic	.	contig_15210:507283-507522
contig_1523	86665	86884	intergenic	.	contig_1523:86665-86884
contig_1523	753050	753241	gene,mRNA		contig_1523:753050-753241
contig_15231	20023	20272	intergenic	.	contig_15231:20023-20272
contig_15231	687600	688196	intergenic	.	contig_15231:687600-688196
contig_15231	695753	695904	gene,mRNA		contig_15231:695753-695904
contig_15231	973118	973241	intergenic	.	contig_15231:973118-973241
contig_15282	7672	7748	intergenic	.	contig_15282:7672-7748
contig_1531	889150	890064	intergenic	.	contig_1531:889150-890064
contig_15319	478692	478929	gene,mRNA		contig_15319:478692-478929
contig_15319	725087	725165	intergenic	.	contig_15319:725087-725165
contig_15323	5798	5924	intergenic	.	contig_15323:5798-5924
contig_15356	104103	104187	gene,mRNA		contig_15356:104103-104187
contig_15356	512678	512767	intergenic	.	contig_15356:512678-512767
contig_15356	539847	539911	intergenic	.	contig_15356:539847-539911
contig_15375	91628	91694	intergenic	.	contig_15375:91628-91694
contig_15415	460679	460761	gene,mRNA		contig_15415:460679-460761
contig_15415	670500	670661	intergenic	.	contig_15415:670500-670661
contig_15415	1029922	1030115	intergenic	.	contig_15415:1029922-1030115
contig_15415	1834141	1834273	intergenic	.	contig_15415:1834141-1834273
contig_15415	1952799	1952963	gene,mRNA		contig_15415:1952799-1952963
contig_15415	2485251	2485346	gene,mRNA		contig_15415:2485251-2485346
contig_1545	18031	18152	intergenic	.	contig_1545:18031-18152
contig_1545	71106	71285	gene,mRNA		contig_1545:71106-71285
contig_1546	768614	768821	intergenic	.	contig_1546:768614-768821
contig_1546	1031416	1031493	intergenic	.	contig_1546:1031416-1031493
contig_1546	1512950	1513274	intergenic	.	contig_1546:1512950-1513274
contig_1546	1827216	1827429	intergenic	.	contig_1546:1827216-1827429
contig_1546	1850983	1851087	intergenic	.	contig_1546:1850983-1851087
contig_1546	2405188	2405260	intergenic	.	contig_1546:2405188-2405260
contig_1546	3065530	3065635	gene,mRNA		contig_1546:3065530-3065635
contig_15493	55975	56178	intergenic	.	contig_15493:55975-56178
contig_15493	257707	257862	intergenic	.	contig_15493:257707-257862
contig_15493	260426	260541	intergenic	.	contig_15493:260426-260541
contig_15495	5417	5726	intergenic	.	contig_15495:5417-5726
contig_15528	81404	81443	intergenic	.	contig_15528:81404-81443
contig_15548	10744	10802	intergenic	.	contig_15548:10744-10802
contig_15551	290691	290949	intergenic	.	contig_15551:290691-290949
contig_15551	464968	465263	intergenic	.	contig_15551:464968-465263
contig_15551	924375	924483	intergenic	.	contig_15551:924375-924483
contig_15551	1213950	1214418	intergenic	.	contig_15551:1213950-1214418
contig_15559	22894	23078	intergenic	.	contig_15559:22894-23078
contig_15574	365705	366125	intergenic	.	contig_15574:365705-366125
contig_15598	13395	13425	intergenic	.	contig_15598:13395-13425
contig_15623	795	1151	intergenic	.	contig_15623:795-1151
contig_15624	11855	11954	intergenic	.	contig_15624:11855-11954
contig_15647	180000	180125	intergenic	.	contig_15647:180000-180125
contig_1565	0	83	intergenic	.	contig_1565:0-83
contig_1568	1168423	1168591	intergenic	.	contig_1568:1168423-1168591
contig_1568	1388595	1388930	intergenic	.	contig_1568:1388595-1388930
contig_15740	120935	120970	gene,mRNA		contig_15740:120935-120970
contig_15740	206126	206222	intergenic	.	contig_15740:206126-206222
contig_15740	371756	371857	gene,mRNA		contig_15740:371756-371857
contig_15740	372129	372222	gene,mRNA		contig_15740:372129-372222
contig_15740	762981	763088	intergenic	.	contig_15740:762981-763088
contig_15772	49898	49991	intergenic	.	contig_15772:49898-49991
contig_15772	79669	79821	intergenic	.	contig_15772:79669-79821
contig_15772	81602	81701	intergenic	.	contig_15772:81602-81701
contig_15795	98337	98367	intergenic	.	contig_15795:98337-98367
contig_15800	41434	41902	intergenic	.	contig_15800:41434-41902
contig_15811	117142	117214	gene,mRNA		contig_15811:117142-117214
contig_15877	41577	41677	intergenic	.	contig_15877:41577-41677
contig_15923	32714	32852	intergenic	.	contig_15923:32714-32852
contig_15947	25694	25740	intergenic	.	contig_15947:25694-25740
contig_15993	18834	18948	intergenic	.	contig_15993:18834-18948
contig_16028	431	476	intergenic	.	contig_16028:431-476
contig_16028	554	663	intergenic	.	contig_16028:554-663
contig_16039	357852	358146	intergenic	.	contig_16039:357852-358146
contig_16039	634081	634291	intergenic	.	contig_16039:634081-634291
contig_16057	533080	533201	intergenic	.	contig_16057:533080-533201
contig_16072	83498	83651	intergenic	.	contig_16072:83498-83651
contig_1609	569038	569115	intergenic	.	contig_1609:569038-569115
contig_1609	600019	600094	intergenic	.	contig_1609:600019-600094
contig_1609	825288	825354	intergenic	.	contig_1609:825288-825354
contig_16112	46310	46607	intergenic	.	contig_16112:46310-46607
contig_1615	295499	295570	intergenic	.	contig_1615:295499-295570
contig_1615	1056036	1056066	intergenic	.	contig_1615:1056036-1056066
contig_1615	1551264	1551422	intergenic	.	contig_1615:1551264-1551422
contig_1615	2356588	2356634	gene,mRNA		contig_1615:2356588-2356634
contig_1615	2428556	2428736	gene,mRNA		contig_1615:2428556-2428736
contig_16176	309852	309975	intergenic	.	contig_16176:309852-309975
contig_16176	398815	398902	intergenic	.	contig_16176:398815-398902
contig_16176	684383	684629	gene,mRNA		contig_16176:684383-684629
contig_16176	764485	764546	gene,mRNA		contig_16176:764485-764546
contig_16176	1456664	1456788	intergenic	.	contig_16176:1456664-1456788
contig_16176	2142161	2142235	gene,mRNA		contig_16176:2142161-2142235
contig_16176	2279316	2279555	intergenic	.	contig_16176:2279316-2279555
contig_16176	2555546	2555608	gene,mRNA		contig_16176:2555546-2555608
contig_16176	2613781	2613964	gene,mRNA		contig_16176:2613781-2613964
contig_16176	2642584	2642825	gene,mRNA		contig_16176:2642584-2642825
contig_16176	4359849	4359911	gene,mRNA		contig_16176:4359849-4359911
contig_16176	4462888	4463117	intergenic	.	contig_16176:4462888-4463117
contig_16176	4463199	4463357	intergenic	.	contig_16176:4463199-4463357
contig_16188	14146	14335	intergenic	.	contig_16188:14146-14335
contig_16188	14406	14507	intergenic	.	contig_16188:14406-14507
contig_16208	24959	25042	intergenic	.	contig_16208:24959-25042
contig_16212	10329	10430	intergenic	.	contig_16212:10329-10430
contig_16213	443448	443673	intergenic	.	contig_16213:443448-443673
contig_16213	957857	957912	intergenic	.	contig_16213:957857-957912
contig_16213	1031254	1031317	intergenic	.	contig_16213:1031254-1031317
contig_16213	1104265	1104588	intergenic	.	contig_16213:1104265-1104588
contig_16213	1106815	1106867	intergenic	.	contig_16213:1106815-1106867
contig_16216	395677	395740	gene,mRNA		contig_16216:395677-395740
contig_16258	176030	176200	intergenic	.	contig_16258:176030-176200
contig_16300	1547	1743	intergenic	.	contig_16300:1547-1743
contig_16306	402858	403123	intergenic	.	contig_16306:402858-403123
contig_16376	50612	50712	intergenic	.	contig_16376:50612-50712
contig_16376	69108	69371	intergenic	.	contig_16376:69108-69371
contig_16376	224579	224911	intergenic	.	contig_16376:224579-224911
contig_16378	118204	118366	intergenic	.	contig_16378:118204-118366
contig_16405	172589	172775	intergenic	.	contig_16405:172589-172775
contig_16405	194437	194536	gene,mRNA		contig_16405:194437-194536
contig_16405	306942	307032	intergenic	.	contig_16405:306942-307032
contig_16405	307375	307512	intergenic	.	contig_16405:307375-307512
contig_16409	257366	257441	intergenic	.	contig_16409:257366-257441
contig_16409	297460	297635	gene,mRNA		contig_16409:297460-297635
contig_16409	649042	649619	gene,mRNA		contig_16409:649042-649619
contig_16409	878709	878906	intergenic	.	contig_16409:878709-878906
contig_16416	23519	23732	gene,mRNA		contig_16416:23519-23732
contig_16416	144231	144396	intergenic	.	contig_16416:144231-144396
contig_16416	433475	433771	intergenic	.	contig_16416:433475-433771
contig_16416	752735	753317	gene,polyA_signal_sequence		contig_16416:752735-753317
contig_16416	796559	796813	gene,mRNA		contig_16416:796559-796813
contig_16416	931613	931786	intergenic	.	contig_16416:931613-931786
contig_16416	959455	959569	intergenic	.	contig_16416:959455-959569
contig_16416	1050558	1050831	intergenic	.	contig_16416:1050558-1050831
contig_16416	1078082	1078427	intergenic	.	contig_16416:1078082-1078427
contig_16416	1143686	1143888	intergenic	.	contig_16416:1143686-1143888
contig_16416	1176739	1176924	intergenic	.	contig_16416:1176739-1176924
contig_16416	1182560	1182627	intergenic	.	contig_16416:1182560-1182627
contig_16416	1542674	1542958	intergenic	.	contig_16416:1542674-1542958
contig_16416	1636873	1636964	gene,mRNA		contig_16416:1636873-1636964
contig_16433	130712	130765	intergenic	.	contig_16433:130712-130765
contig_16433	130835	130909	intergenic	.	contig_16433:130835-130909
contig_16435	193903	193973	intergenic	.	contig_16435:193903-193973
contig_16435	197287	197461	intergenic	.	contig_16435:197287-197461
contig_16435	429727	429842	intergenic	.	contig_16435:429727-429842
contig_16435	1610547	1610606	intergenic	.	contig_16435:1610547-1610606
contig_16435	2910398	2910669	intergenic	.	contig_16435:2910398-2910669
contig_16435	3007402	3007582	intergenic	.	contig_16435:3007402-3007582
contig_16435	3636206	3636425	intergenic	.	contig_16435:3636206-3636425
contig_16450	15214	15330	intergenic	.	contig_16450:15214-15330
contig_16457	24117	24197	intergenic	.	contig_16457:24117-24197
contig_16468	6442	6708	intergenic	.	contig_16468:6442-6708
contig_16528	249501	249532	intergenic	.	contig_16528:249501-249532
contig_1658	1236176	1236502	gene,mRNA		contig_1658:1236176-1236502
contig_1658	2362490	2362644	intergenic	.	contig_1658:2362490-2362644
contig_1658	3222491	3222552	gene,mRNA		contig_1658:3222491-3222552
contig_1658	3222615	3223020	exon,CDS,start_codon,gene,mRNA		contig_1658:3222615-3223020
contig_1658	3282726	3282799	intergenic	.	contig_1658:3282726-3282799
contig_1658	5164576	5164710	intergenic	.	contig_1658:5164576-5164710
contig_1658	5760251	5760344	intergenic	.	contig_1658:5760251-5760344
contig_16643	26463	26516	intergenic	.	contig_16643:26463-26516
contig_1665	316480	316538	gene,mRNA		contig_1665:316480-316538
contig_16697	363897	364149	intergenic	.	contig_16697:363897-364149
contig_16697	533660	533824	gene,mRNA		contig_16697:533660-533824
contig_1682	366255	366342	gene,mRNA		contig_1682:366255-366342
contig_1682	1259011	1259115	intergenic	.	contig_1682:1259011-1259115
contig_1682	2415982	2416019	intergenic	.	contig_1682:2415982-2416019
contig_1682	2607543	2607740	intergenic	.	contig_1682:2607543-2607740
contig_1685	482941	483167	gene,mRNA		contig_1685:482941-483167
contig_1685	894466	894683	gene,mRNA		contig_1685:894466-894683
contig_16874	3543	3856	intergenic	.	contig_16874:3543-3856
contig_16883	174928	174995	intergenic	.	contig_16883:174928-174995
contig_16883	528283	528380	gene,mRNA		contig_16883:528283-528380
contig_1697	1536382	1536455	gene,mRNA		contig_1697:1536382-1536455
contig_1697	1713712	1713792	gene,mRNA		contig_1697:1713712-1713792
contig_1697	2281388	2281463	intergenic	.	contig_1697:2281388-2281463
contig_1697	2317338	2317448	intergenic	.	contig_1697:2317338-2317448
contig_16977	351167	351411	gene,mRNA		contig_16977:351167-351411
contig_16977	871498	871560	intergenic	.	contig_16977:871498-871560
contig_16977	1014642	1014900	gene,mRNA		contig_16977:1014642-1014900
contig_17019	104957	105216	gene,mRNA		contig_17019:104957-105216
contig_17052	292188	292356	gene,mRNA		contig_17052:292188-292356
contig_17052	292423	292522	gene,mRNA		contig_17052:292423-292522
contig_17167	459681	459810	intergenic	.	contig_17167:459681-459810
contig_1718	1234791	1234953	intergenic	.	contig_1718:1234791-1234953
contig_1718	1597146	1597856	gene,mRNA		contig_1718:1597146-1597856
contig_1718	1885640	1886072	intergenic	.	contig_1718:1885640-1886072
contig_1718	3318063	3318199	polyA_signal_sequence,gene		contig_1718:3318063-3318199
contig_1718	3328172	3328319	gene,mRNA		contig_1718:3328172-3328319
contig_1718	3556399	3556792	intergenic	.	contig_1718:3556399-3556792
contig_1718	3568297	3568553	intergenic	.	contig_1718:3568297-3568553
contig_1718	3648980	3649124	intergenic	.	contig_1718:3648980-3649124
contig_1718	3729739	3729864	intergenic	.	contig_1718:3729739-3729864
contig_1718	4186544	4186592	intergenic	.	contig_1718:4186544-4186592
contig_1718	4385951	4386346	intergenic	.	contig_1718:4385951-4386346
contig_1718	4667444	4667532	gene,mRNA		contig_1718:4667444-4667532
contig_1718	4771243	4771377	intergenic	.	contig_1718:4771243-4771377
contig_1719	291162	291654	intergenic	.	contig_1719:291162-291654
contig_1719	295092	295238	intergenic	.	contig_1719:295092-295238
contig_17205	16447	16762	gene,mRNA		contig_17205:16447-16762
contig_17205	16871	16901	gene,mRNA		contig_17205:16871-16901
contig_17205	240794	240841	intergenic	.	contig_17205:240794-240841
contig_17206	7325	7549	gene,polyA_signal_sequence		contig_17206:7325-7549
contig_17240	12684	12893	intergenic	.	contig_17240:12684-12893
contig_17240	13381	13501	intergenic	.	contig_17240:13381-13501
contig_17240	285427	285843	intergenic	.	contig_17240:285427-285843
contig_17240	1492009	1492197	intergenic	.	contig_17240:1492009-1492197
contig_17240	1492292	1492498	intergenic	.	contig_17240:1492292-1492498
contig_17240	2216134	2216538	intergenic	.	contig_17240:2216134-2216538
contig_17240	2620478	2620709	intergenic	.	contig_17240:2620478-2620709
contig_17253	212283	212362	intergenic	.	contig_17253:212283-212362
contig_17253	1164052	1164258	gene,mRNA		contig_17253:1164052-1164258
contig_17253	1164353	1164699	gene,mRNA		contig_17253:1164353-1164699
contig_17293	130007	130137	gene,mRNA		contig_17293:130007-130137
contig_17349	113651	113905	gene,mRNA		contig_17349:113651-113905
contig_17349	171950	172180	intergenic	.	contig_17349:171950-172180
contig_17349	433086	433173	intergenic	.	contig_17349:433086-433173
contig_17349	686315	686522	intergenic	.	contig_17349:686315-686522
contig_17350	337734	337798	intergenic	.	contig_17350:337734-337798
contig_17350	350103	350505	intergenic	.	contig_17350:350103-350505
contig_17350	401642	401711	intergenic	.	contig_17350:401642-401711
contig_17350	867040	867142	intergenic	.	contig_17350:867040-867142
contig_17350	915396	915527	intergenic	.	contig_17350:915396-915527
contig_17350	1143737	1143831	intergenic	.	contig_17350:1143737-1143831
contig_17350	1398437	1398613	intergenic	.	contig_17350:1398437-1398613
contig_17350	1437457	1438006	intergenic	.	contig_17350:1437457-1438006
contig_17350	1524926	1525195	gene,mRNA		contig_17350:1524926-1525195
contig_17359	37296	37362	intergenic	.	contig_17359:37296-37362
contig_1736	537545	537613	intergenic	.	contig_1736:537545-537613
contig_1736	819589	819696	intergenic	.	contig_1736:819589-819696
contig_1736	856766	856891	intergenic	.	contig_1736:856766-856891
contig_17373	410174	410297	gene,mRNA		contig_17373:410174-410297
contig_17373	1097635	1097793	intergenic	.	contig_17373:1097635-1097793
contig_1740	107884	107980	gene,mRNA		contig_1740:107884-107980
contig_1740	108186	108258	gene,mRNA		contig_1740:108186-108258
contig_1744	683527	683563	intergenic	.	contig_1744:683527-683563
contig_1748	311353	311405	gene,mRNA,gene,mRNA		contig_1748:311353-311405
contig_1748	312667	312756	gene,mRNA,gene,mRNA		contig_1748:312667-312756
contig_1748	543962	544147	gene,mRNA		contig_1748:543962-544147
contig_1748	1278377	1278437	gene,mRNA		contig_1748:1278377-1278437
contig_1748	3084469	3084537	intergenic	.	contig_1748:3084469-3084537
contig_1748	3084602	3084740	intergenic	.	contig_1748:3084602-3084740
contig_1748	4645597	4645729	intergenic	.	contig_1748:4645597-4645729
contig_1748	5047271	5047370	intergenic	.	contig_1748:5047271-5047370
contig_1748	5361041	5361132	gene,mRNA		contig_1748:5361041-5361132
contig_1748	5874841	5875037	intergenic	.	contig_1748:5874841-5875037
contig_1748	6226252	6226322	intergenic	.	contig_1748:6226252-6226322
contig_17537	61276	61506	intergenic	.	contig_17537:61276-61506
contig_17546	51799	51894	intergenic	.	contig_17546:51799-51894
contig_17565	8863	9110	intergenic	.	contig_17565:8863-9110
contig_17587	863772	863847	intergenic	.	contig_17587:863772-863847
contig_17609	501224	501303	intergenic	.	contig_17609:501224-501303
contig_17609	501363	501528	intergenic	.	contig_17609:501363-501528
contig_17609	757161	757279	intergenic	.	contig_17609:757161-757279
contig_17609	792396	792602	intergenic	.	contig_17609:792396-792602
contig_17609	1129087	1129467	intergenic	.	contig_17609:1129087-1129467
contig_17609	1469265	1469528	intergenic	.	contig_17609:1469265-1469528
contig_17609	2332527	2332592	intergenic	.	contig_17609:2332527-2332592
contig_17609	3289385	3289771	intergenic	.	contig_17609:3289385-3289771
contig_17638	6115	6189	intergenic	.	contig_17638:6115-6189
contig_17685	46500	46599	gene,mRNA		contig_17685:46500-46599
contig_1770	896167	896307	intergenic	.	contig_1770:896167-896307
contig_1770	2581408	2581438	intergenic	.	contig_1770:2581408-2581438
contig_1770	4448715	4448839	intergenic	.	contig_1770:4448715-4448839
contig_1770	5087648	5087850	intergenic	.	contig_1770:5087648-5087850
contig_1770	5687065	5687198	intergenic	.	contig_1770:5687065-5687198
contig_1770	6085713	6085806	intergenic	.	contig_1770:6085713-6085806
contig_17708	33306	33470	intergenic	.	contig_17708:33306-33470
contig_17721	27312	27390	intergenic	.	contig_17721:27312-27390
contig_17721	265555	265622	gene,mRNA		contig_17721:265555-265622
contig_1775	92742	92810	gene,mRNA		contig_1775:92742-92810
contig_1775	149615	149803	gene,mRNA		contig_1775:149615-149803
contig_1775	1335476	1335749	gene,mRNA,exon,CDS,start_codon		contig_1775:1335476-1335749
contig_1775	1367201	1367284	intergenic	.	contig_1775:1367201-1367284
contig_1775	1520591	1520738	intergenic	.	contig_1775:1520591-1520738
contig_1775	1590567	1590835	intergenic	.	contig_1775:1590567-1590835
contig_17809	837014	837226	intergenic	.	contig_17809:837014-837226
contig_17809	919887	920042	gene,mRNA		contig_17809:919887-920042
contig_1784	128518	128767	gene,mRNA		contig_1784:128518-128767
contig_1784	159673	159886	intergenic	.	contig_1784:159673-159886
contig_17847	856	998	intergenic	.	contig_17847:856-998
contig_17859	171633	171745	intergenic	.	contig_17859:171633-171745
contig_17859	171823	172085	intergenic	.	contig_17859:171823-172085
contig_17859	196407	196731	stop_codon,gene,mRNA,exon,CDS		contig_17859:196407-196731
contig_17859	196803	196909	intergenic	.	contig_17859:196803-196909
contig_17866	857900	858010	gene,mRNA		contig_17866:857900-858010
contig_17866	906413	906452	gene,mRNA		contig_17866:906413-906452
contig_17866	1213183	1213385	gene,mRNA		contig_17866:1213183-1213385
contig_17866	2799268	2799339	intergenic	.	contig_17866:2799268-2799339
contig_17876	420189	420465	intergenic	.	contig_17876:420189-420465
contig_17876	1708233	1708390	intergenic	.	contig_17876:1708233-1708390
contig_17876	1807598	1807798	gene,mRNA		contig_17876:1807598-1807798
contig_1788	658054	658250	intergenic	.	contig_1788:658054-658250
contig_1788	873795	873835	intergenic	.	contig_1788:873795-873835
contig_1788	1877276	1877570	intergenic	.	contig_1788:1877276-1877570
contig_1788	2062712	2062831	intergenic	.	contig_1788:2062712-2062831
contig_1788	2186052	2186636	gene,mRNA		contig_1788:2186052-2186636
contig_17888	642	699	intergenic	.	contig_17888:642-699
contig_17929	62294	62354	gene,mRNA		contig_17929:62294-62354
contig_17929	123260	123574	intergenic	.	contig_17929:123260-123574
contig_17929	213059	213097	intergenic	.	contig_17929:213059-213097
contig_17955	255659	255696	intergenic	.	contig_17955:255659-255696
contig_17982	257609	257802	intergenic	.	contig_17982:257609-257802
contig_17982	270297	270487	intergenic	.	contig_17982:270297-270487
contig_18015	114090	114200	intergenic	.	contig_18015:114090-114200
contig_18015	333734	333866	intergenic	.	contig_18015:333734-333866
contig_18015	351331	351371	gene,mRNA		contig_18015:351331-351371
contig_18015	356262	356325	gene,mRNA		contig_18015:356262-356325
contig_18015	377756	377887	gene,mRNA		contig_18015:377756-377887
contig_18015	378097	378210	gene,mRNA		contig_18015:378097-378210
contig_1803	875717	875988	intergenic	.	contig_1803:875717-875988
contig_1803	1162333	1162581	intergenic	.	contig_1803:1162333-1162581
contig_1803	1688197	1688550	intergenic	.	contig_1803:1688197-1688550
contig_1803	2288488	2288529	intergenic	.	contig_1803:2288488-2288529
contig_1803	3187680	3187849	intergenic	.	contig_1803:3187680-3187849
contig_1803	3187904	3188253	intergenic	.	contig_1803:3187904-3188253
contig_18032	149633	149794	polyA_signal_sequence,gene		contig_18032:149633-149794
contig_18049	1775	1924	intergenic	.	contig_18049:1775-1924
contig_18072	66220	66289	intergenic	.	contig_18072:66220-66289
contig_18072	209156	209275	intergenic	.	contig_18072:209156-209275
contig_18098	211083	211152	intergenic	.	contig_18098:211083-211152
contig_18098	312728	312799	intergenic	.	contig_18098:312728-312799
contig_18098	628865	629035	intergenic	.	contig_18098:628865-629035
contig_18098	781263	781481	intergenic	.	contig_18098:781263-781481
contig_18098	917981	918241	intergenic	.	contig_18098:917981-918241
contig_18098	1031385	1031495	intergenic	.	contig_18098:1031385-1031495
contig_18098	1240689	1241163	gene,mRNA		contig_18098:1240689-1241163
contig_18098	1326157	1326534	intergenic	.	contig_18098:1326157-1326534
contig_18111	212466	212567	intergenic	.	contig_18111:212466-212567
contig_18111	706148	706230	intergenic	.	contig_18111:706148-706230
contig_18199	3334	3490	intergenic	.	contig_18199:3334-3490
contig_18204	8631	8721	intergenic	.	contig_18204:8631-8721
contig_18230	4155	4323	intergenic	.	contig_18230:4155-4323
contig_18231	6055	6271	intergenic	.	contig_18231:6055-6271
contig_18355	32702	32817	intergenic	.	contig_18355:32702-32817
contig_18355	428420	428450	intergenic	.	contig_18355:428420-428450
contig_18367	126778	126815	intergenic	.	contig_18367:126778-126815
contig_18367	127682	127827	intergenic	.	contig_18367:127682-127827
contig_18367	166181	166426	intergenic	.	contig_18367:166181-166426
contig_18367	182051	182198	intergenic	.	contig_18367:182051-182198
contig_18470	195390	195494	intergenic	.	contig_18470:195390-195494
contig_18470	612302	612450	intergenic	.	contig_18470:612302-612450
contig_18482	69850	70089	intergenic	.	contig_18482:69850-70089
contig_18482	273590	273865	intergenic	.	contig_18482:273590-273865
contig_18482	331583	331686	intergenic	.	contig_18482:331583-331686
contig_18482	446570	446659	intergenic	.	contig_18482:446570-446659
contig_18482	849573	849639	intergenic	.	contig_18482:849573-849639
contig_18482	989666	989781	intergenic	.	contig_18482:989666-989781
contig_18482	1026013	1026089	intergenic	.	contig_18482:1026013-1026089
contig_18561	18903	19083	intergenic	.	contig_18561:18903-19083
contig_18561	455035	455075	intergenic	.	contig_18561:455035-455075
contig_18561	991408	992010	intergenic	.	contig_18561:991408-992010
contig_18561	1008879	1009085	gene,mRNA,exon,CDS,stop_codon,polyA_signal_sequence		contig_18561:1008879-1009085
contig_18561	1092361	1092443	intergenic	.	contig_18561:1092361-1092443
contig_1858	264289	264345	intergenic	.	contig_1858:264289-264345
contig_1858	264865	264944	intergenic	.	contig_1858:264865-264944
contig_1858	348567	348715	gene,mRNA		contig_1858:348567-348715
contig_1858	447861	448001	intergenic	.	contig_1858:447861-448001
contig_1858	573737	573855	gene,mRNA		contig_1858:573737-573855
contig_1858	906882	907120	intergenic	.	contig_1858:906882-907120
contig_18583	1304872	1304990	intergenic	.	contig_18583:1304872-1304990
contig_18630	59814	59914	gene,mRNA		contig_18630:59814-59914
contig_18645	2169	2478	intergenic	.	contig_18645:2169-2478
contig_18658	115758	115951	intergenic	.	contig_18658:115758-115951
contig_18667	41411	41547	intergenic	.	contig_18667:41411-41547
contig_18671	984	1087	intergenic	.	contig_18671:984-1087
contig_1869	1427	1476	intergenic	.	contig_1869:1427-1476
contig_1869	70690	70828	intergenic	.	contig_1869:70690-70828
contig_1869	553565	553610	intergenic	.	contig_1869:553565-553610
contig_1869	582581	582775	gene,mRNA		contig_1869:582581-582775
contig_1869	689516	689700	intergenic	.	contig_1869:689516-689700
contig_1869	840444	840723	intergenic	.	contig_1869:840444-840723
contig_1869	893240	893298	intergenic	.	contig_1869:893240-893298
contig_1869	894184	894285	intergenic	.	contig_1869:894184-894285
contig_1869	1010151	1010378	intergenic	.	contig_1869:1010151-1010378
contig_1869	1164028	1164121	intergenic	.	contig_1869:1164028-1164121
contig_1869	1302703	1302919	intergenic	.	contig_1869:1302703-1302919
contig_1869	1334310	1334454	intergenic	.	contig_1869:1334310-1334454
contig_1869	1685910	1686082	intergenic	.	contig_1869:1685910-1686082
contig_1869	2210267	2210366	gene,mRNA		contig_1869:2210267-2210366
contig_1869	2735688	2735761	intergenic	.	contig_1869:2735688-2735761
contig_1869	2926568	2926645	gene,mRNA		contig_1869:2926568-2926645
contig_1869	3006967	3007081	intergenic	.	contig_1869:3006967-3007081
contig_1869	3007169	3007353	intergenic	.	contig_1869:3007169-3007353
contig_1869	3044369	3044561	intergenic	.	contig_1869:3044369-3044561
contig_1869	3062684	3062754	gene,mRNA		contig_1869:3062684-3062754
contig_1869	3141257	3141379	intergenic	.	contig_1869:3141257-3141379
contig_1869	4538327	4538475	intergenic	.	contig_1869:4538327-4538475
contig_1869	5425970	5426048	intergenic	.	contig_1869:5425970-5426048
contig_1869	5739423	5739633	intergenic	.	contig_1869:5739423-5739633
contig_1869	5893005	5893325	intergenic	.	contig_1869:5893005-5893325
contig_1869	5938182	5938269	intergenic	.	contig_1869:5938182-5938269
contig_1869	6042461	6042717	intergenic	.	contig_1869:6042461-6042717
contig_1869	6129976	6130099	intergenic	.	contig_1869:6129976-6130099
contig_1869	6130162	6130298	intergenic	.	contig_1869:6130162-6130298
contig_1869	6171471	6171603	intergenic	.	contig_1869:6171471-6171603
contig_18696	128557	128619	intergenic	.	contig_18696:128557-128619
contig_18696	233750	233870	gene,mRNA		contig_18696:233750-233870
contig_18783	77199	77376	gene,mRNA		contig_18783:77199-77376
contig_18783	462576	462686	gene,mRNA,exon,CDS,stop_codon		contig_18783:462576-462686
contig_18783	660859	660977	intergenic	.	contig_18783:660859-660977
contig_18783	989759	989905	intergenic	.	contig_18783:989759-989905
contig_18783	1145865	1146105	intergenic	.	contig_18783:1145865-1146105
contig_18783	1208912	1208958	intergenic	.	contig_18783:1208912-1208958
contig_1879	376044	376190	intergenic	.	contig_1879:376044-376190
contig_1879	404183	404223	intergenic	.	contig_1879:404183-404223
contig_18872	144518	144794	intergenic	.	contig_18872:144518-144794
contig_18872	331934	331995	intergenic	.	contig_18872:331934-331995
contig_18934	1272431	1272622	gene,mRNA		contig_18934:1272431-1272622
contig_18934	1618117	1618169	gene,mRNA		contig_18934:1618117-1618169
contig_18945	399853	400030	intergenic	.	contig_18945:399853-400030
contig_1895	459963	460231	intergenic	.	contig_1895:459963-460231
contig_1895	887769	888030	gene,mRNA		contig_1895:887769-888030
contig_18952	59806	59904	gene,mRNA		contig_18952:59806-59904
contig_18952	1541370	1541406	gene,mRNA		contig_18952:1541370-1541406
contig_1896	1570673	1570735	intergenic	.	contig_1896:1570673-1570735
contig_1896	3069907	3070006	gene,mRNA		contig_1896:3069907-3070006
contig_1896	3191326	3191630	intergenic	.	contig_1896:3191326-3191630
contig_1896	3241019	3241277	intergenic	.	contig_1896:3241019-3241277
contig_1896	3597788	3598063	intergenic	.	contig_1896:3597788-3598063
contig_1896	4142693	4142761	intergenic	.	contig_1896:4142693-4142761
contig_1896	4881135	4881303	gene,mRNA		contig_1896:4881135-4881303
contig_1896	6551010	6551161	intergenic	.	contig_1896:6551010-6551161
contig_1896	6635411	6635566	intergenic	.	contig_1896:6635411-6635566
contig_18975	80516	80730	intergenic	.	contig_18975:80516-80730
contig_18975	110248	110316	gene,mRNA		contig_18975:110248-110316
contig_18975	112243	112361	gene,mRNA		contig_18975:112243-112361
contig_18980	135418	135513	intergenic	.	contig_18980:135418-135513
contig_18980	135602	135866	intergenic	.	contig_18980:135602-135866
contig_18980	280276	280444	intergenic	.	contig_18980:280276-280444
contig_18980	468843	469111	intergenic	.	contig_18980:468843-469111
contig_18980	984279	984496	intergenic	.	contig_18980:984279-984496
contig_18980	1090483	1090812	gene,mRNA		contig_18980:1090483-1090812
contig_18980	1224774	1224994	gene,mRNA		contig_18980:1224774-1224994
contig_18980	1453903	1454034	intergenic	.	contig_18980:1453903-1454034
contig_1899	44915	45060	gene,mRNA		contig_1899:44915-45060
contig_1899	446071	446105	intergenic	.	contig_1899:446071-446105
contig_19069	14771	14830	intergenic	.	contig_19069:14771-14830
contig_1908	254091	254153	gene,mRNA		contig_1908:254091-254153
contig_19086	8081	8162	intergenic	.	contig_19086:8081-8162
contig_19086	8463	8678	intergenic	.	contig_19086:8463-8678
contig_19161	108862	109058	intergenic	.	contig_19161:108862-109058
contig_19161	264780	264816	intergenic	.	contig_19161:264780-264816
contig_19161	272475	272632	intergenic	.	contig_19161:272475-272632
contig_19172	369532	369632	intergenic	.	contig_19172:369532-369632
contig_19172	440751	440877	intergenic	.	contig_19172:440751-440877
contig_19172	442478	442841	intergenic	.	contig_19172:442478-442841
contig_19172	1359963	1360232	intergenic	.	contig_19172:1359963-1360232
contig_19172	1360284	1360328	intergenic	.	contig_19172:1360284-1360328
contig_19172	1427568	1427832	intergenic	.	contig_19172:1427568-1427832
contig_19172	1535741	1536103	intergenic	.	contig_19172:1535741-1536103
contig_19172	1555994	1556329	intergenic	.	contig_19172:1555994-1556329
contig_19186	209285	209641	intergenic	.	contig_19186:209285-209641
contig_19186	306207	306255	intergenic	.	contig_19186:306207-306255
contig_19186	357580	357613	intergenic	.	contig_19186:357580-357613
contig_19186	422270	422665	intergenic	.	contig_19186:422270-422665
contig_19189	679433	679813	intergenic	.	contig_19189:679433-679813
contig_19189	776188	776281	intergenic	.	contig_19189:776188-776281
contig_19189	776339	776507	intergenic	.	contig_19189:776339-776507
contig_19213	578302	578411	intergenic	.	contig_19213:578302-578411
contig_19228	59520	59761	intergenic	.	contig_19228:59520-59761
contig_19239	60402	60780	gene,mRNA		contig_19239:60402-60780
contig_19239	148692	148803	intergenic	.	contig_19239:148692-148803
contig_1925	1863150	1863270	gene,mRNA		contig_1925:1863150-1863270
contig_1925	2115989	2116198	gene,mRNA,exon,CDS		contig_1925:2115989-2116198
contig_19258	382067	382303	intergenic	.	contig_19258:382067-382303
contig_19258	489625	489710	intergenic	.	contig_19258:489625-489710
contig_19260	315898	316006	gene,mRNA		contig_19260:315898-316006
contig_19260	638001	638281	intergenic	.	contig_19260:638001-638281
contig_19260	1917206	1917285	gene,mRNA		contig_19260:1917206-1917285
contig_1929	365123	365156	intergenic	.	contig_1929:365123-365156
contig_1933	421757	422128	intergenic	.	contig_1933:421757-422128
contig_1933	454217	454593	gene,mRNA,exon,CDS,stop_codon,polyA_signal_sequence		contig_1933:454217-454593
contig_19385	143164	143288	intergenic	.	contig_19385:143164-143288
contig_19404	272731	272806	intergenic	.	contig_19404:272731-272806
contig_19407	381628	381802	intergenic	.	contig_19407:381628-381802
contig_19438	761629	761717	gene,mRNA		contig_19438:761629-761717
contig_19438	1293999	1294166	intergenic	.	contig_19438:1293999-1294166
contig_19438	1732599	1732686	intergenic	.	contig_19438:1732599-1732686
contig_19438	1827016	1827219	intergenic	.	contig_19438:1827016-1827219
contig_19438	2971939	2972233	intergenic	.	contig_19438:2971939-2972233
contig_19438	3505559	3505694	intergenic	.	contig_19438:3505559-3505694
contig_19462	8758	8896	intergenic	.	contig_19462:8758-8896
contig_19591	1535	1650	intergenic	.	contig_19591:1535-1650
contig_19603	134414	135069	intergenic	.	contig_19603:134414-135069
contig_19603	292594	292944	gene,mRNA		contig_19603:292594-292944
contig_19603	293607	293668	gene,mRNA		contig_19603:293607-293668
contig_19603	429349	429474	intergenic	.	contig_19603:429349-429474
contig_19623	53648	53690	gene,mRNA		contig_19623:53648-53690
contig_19629	2217	2318	intergenic	.	contig_19629:2217-2318
contig_19629	2650	2784	intergenic	.	contig_19629:2650-2784
contig_19637	39700	39858	intergenic	.	contig_19637:39700-39858
contig_19649	58976	59091	gene,mRNA		contig_19649:58976-59091
contig_19649	59221	59331	gene,mRNA		contig_19649:59221-59331
contig_19649	160389	160694	intergenic	.	contig_19649:160389-160694
contig_19649	677378	677421	intergenic	.	contig_19649:677378-677421
contig_19676	265421	265523	gene,mRNA		contig_19676:265421-265523
contig_1970	1428918	1428961	intergenic	.	contig_1970:1428918-1428961
contig_1970	2420747	2420898	intergenic	.	contig_1970:2420747-2420898
contig_1970	2960082	2960247	intergenic	.	contig_1970:2960082-2960247
contig_1970	4106335	4106435	gene,mRNA,exon,CDS		contig_1970:4106335-4106435
contig_1970	5094730	5094919	intergenic	.	contig_1970:5094730-5094919
contig_19701	4039	4361	intergenic	.	contig_19701:4039-4361
contig_19714	4153	4524	intergenic	.	contig_19714:4153-4524
contig_19714	4592	4676	intergenic	.	contig_19714:4592-4676
contig_19721	28561	28708	intergenic	.	contig_19721:28561-28708
contig_1976	949791	949957	intergenic	.	contig_1976:949791-949957
contig_1976	1035898	1036074	gene,mRNA		contig_1976:1035898-1036074
contig_1976	1229989	1230299	intergenic	.	contig_1976:1229989-1230299
contig_1976	1272258	1272636	gene,mRNA		contig_1976:1272258-1272636
contig_1976	1679834	1680547	intergenic	.	contig_1976:1679834-1680547
contig_1976	2277912	2277985	intergenic	.	contig_1976:2277912-2277985
contig_1976	2439030	2439267	gene,mRNA		contig_1976:2439030-2439267
contig_1976	2516632	2516801	gene,mRNA		contig_1976:2516632-2516801
contig_1976	2690948	2691219	intergenic	.	contig_1976:2690948-2691219
contig_1976	2779941	2780076	intergenic	.	contig_1976:2779941-2780076
contig_1976	2809016	2809419	intergenic	.	contig_1976:2809016-2809419
contig_1976	3130760	3130895	intergenic	.	contig_1976:3130760-3130895
contig_1976	3671909	3672071	intergenic	.	contig_1976:3671909-3672071
contig_1976	3728552	3728633	intergenic	.	contig_1976:3728552-3728633
contig_1976	3732377	3732443	intergenic	.	contig_1976:3732377-3732443
contig_1976	3867732	3867907	intergenic	.	contig_1976:3867732-3867907
contig_1976	3958017	3958137	gene,mRNA		contig_1976:3958017-3958137
contig_1976	4093487	4093608	intergenic	.	contig_1976:4093487-4093608
contig_19775	226167	226228	intergenic	.	contig_19775:226167-226228
contig_1978	659561	659632	gene,mRNA		contig_1978:659561-659632
contig_1978	1266673	1266719	intergenic	.	contig_1978:1266673-1266719
contig_1978	2112698	2112825	start_codon,exon,CDS,gene,mRNA		contig_1978:2112698-2112825
contig_19902	278170	278248	gene,mRNA		contig_19902:278170-278248
contig_19902	445851	445952	intergenic	.	contig_19902:445851-445952
contig_19902	604394	604457	intergenic	.	contig_19902:604394-604457
contig_19902	813931	814032	intergenic	.	contig_19902:813931-814032
contig_19906	13683	13992	intergenic	.	contig_19906:13683-13992
contig_19976	119460	119661	intergenic	.	contig_19976:119460-119661
contig_19998	3565	3784	intergenic	.	contig_19998:3565-3784
contig_2003	261096	261198	intergenic	.	contig_2003:261096-261198
contig_2003	520116	520196	intergenic	.	contig_2003:520116-520196
contig_2003	1134183	1134314	intergenic	.	contig_2003:1134183-1134314
contig_2003	1904193	1904233	intergenic	.	contig_2003:1904193-1904233
contig_2003	2229856	2230097	intergenic	.	contig_2003:2229856-2230097
contig_2003	2230379	2230587	intergenic	.	contig_2003:2230379-2230587
contig_2003	2813660	2813925	gene,mRNA		contig_2003:2813660-2813925
contig_20079	6135	6469	intergenic	.	contig_20079:6135-6469
contig_20079	142056	142192	intergenic	.	contig_20079:142056-142192
contig_20089	129999	130060	intergenic	.	contig_20089:129999-130060
contig_20137	55617	55936	intergenic	.	contig_20137:55617-55936
contig_2021	73216	73305	intergenic	.	contig_2021:73216-73305
contig_20217	1224839	1225034	intergenic	.	contig_20217:1224839-1225034
contig_2022	84772	85060	intergenic	.	contig_2022:84772-85060
contig_20235	7216	7438	intergenic	.	contig_20235:7216-7438
contig_20294	537224	537512	intergenic	.	contig_20294:537224-537512
contig_20294	793659	793755	intergenic	.	contig_20294:793659-793755
contig_2031	2277322	2277418	intergenic	.	contig_2031:2277322-2277418
contig_2031	2576794	2576842	intergenic	.	contig_2031:2576794-2576842
contig_2031	3354959	3355126	intergenic	.	contig_2031:3354959-3355126
contig_20371	273515	273680	intergenic	.	contig_20371:273515-273680
contig_20371	273976	274228	intergenic	.	contig_20371:273976-274228
contig_20371	328136	328217	intergenic	.	contig_20371:328136-328217
contig_20371	387042	387166	intergenic	.	contig_20371:387042-387166
contig_20373	4796	4880	intergenic	.	contig_20373:4796-4880
contig_20385	559016	559164	gene,mRNA		contig_20385:559016-559164
contig_20385	1024963	1025174	intergenic	.	contig_20385:1024963-1025174
contig_20385	1063096	1063183	intergenic	.	contig_20385:1063096-1063183
contig_20406	29120	29194	gene,mRNA		contig_20406:29120-29194
contig_20429	2296	2338	intergenic	.	contig_20429:2296-2338
contig_20445	6485	6674	intergenic	.	contig_20445:6485-6674
contig_2045	520952	521207	intergenic	.	contig_2045:520952-521207
contig_2045	521356	521521	intergenic	.	contig_2045:521356-521521
contig_2045	1017280	1017359	intergenic	.	contig_2045:1017280-1017359
contig_2045	1629972	1630059	intergenic	.	contig_2045:1629972-1630059
contig_2045	2097333	2097511	gene,mRNA		contig_2045:2097333-2097511
contig_2045	3510558	3510784	gene,mRNA		contig_2045:3510558-3510784
contig_2045	3510843	3510969	gene,mRNA		contig_2045:3510843-3510969
contig_2045	3575442	3576322	intergenic	.	contig_2045:3575442-3576322
contig_20510	636156	636383	gene,mRNA		contig_20510:636156-636383
contig_2057	18467	18569	intergenic	.	contig_2057:18467-18569
contig_20591	244116	244479	intergenic	.	contig_20591:244116-244479
contig_20591	463091	463180	gene,mRNA		contig_20591:463091-463180
contig_20591	729558	729732	gene,mRNA,start_codon,exon,CDS		contig_20591:729558-729732
contig_20598	271526	271564	intergenic	.	contig_20598:271526-271564
contig_20598	511989	512177	intergenic	.	contig_20598:511989-512177
contig_20598	514793	514849	intergenic	.	contig_20598:514793-514849
contig_20609	125433	125554	gene,mRNA		contig_20609:125433-125554
contig_20609	172280	172493	intergenic	.	contig_20609:172280-172493
contig_20609	189660	189863	intergenic	.	contig_20609:189660-189863
contig_20609	299018	299076	intergenic	.	contig_20609:299018-299076
contig_20609	670482	670705	intergenic	.	contig_20609:670482-670705
contig_20609	1227831	1227969	intergenic	.	contig_20609:1227831-1227969
contig_20609	2155585	2155863	intergenic	.	contig_20609:2155585-2155863
contig_2068	24682	24861	intergenic	.	contig_2068:24682-24861
contig_2068	440879	440983	intergenic	.	contig_2068:440879-440983
contig_2068	1312830	1312984	intergenic	.	contig_2068:1312830-1312984
contig_2068	2095028	2095207	intergenic	.	contig_2068:2095028-2095207
contig_2068	2274643	2274755	intergenic	.	contig_2068:2274643-2274755
contig_2068	3707385	3707533	gene,mRNA		contig_2068:3707385-3707533
contig_2068	3728959	3729092	gene,mRNA		contig_2068:3728959-3729092
contig_2068	5100052	5100130	gene,mRNA		contig_2068:5100052-5100130
contig_2068	5161434	5161620	gene,mRNA		contig_2068:5161434-5161620
contig_2077	57372	57488	intergenic	.	contig_2077:57372-57488
contig_20835	294664	294719	gene,mRNA		contig_20835:294664-294719
contig_20872	421379	421569	intergenic	.	contig_20872:421379-421569
contig_2092	236177	236277	intergenic	.	contig_2092:236177-236277
contig_2092	695969	696069	intergenic	.	contig_2092:695969-696069
contig_2092	710856	710948	intergenic	.	contig_2092:710856-710948
contig_20922	76871	77036	intergenic	.	contig_20922:76871-77036
contig_20938	125729	126239	intergenic	.	contig_20938:125729-126239
contig_20938	529254	529420	intergenic	.	contig_20938:529254-529420
contig_20956	7924	8118	intergenic	.	contig_20956:7924-8118
contig_20956	8383	8661	intergenic	.	contig_20956:8383-8661
contig_2096	14320	14405	gene,mRNA		contig_2096:14320-14405
contig_2096	202291	202361	intergenic	.	contig_2096:202291-202361
contig_2096	202649	202696	intergenic	.	contig_2096:202649-202696
contig_2096	308220	308329	intergenic	.	contig_2096:308220-308329
contig_2096	963646	963752	gene,mRNA		contig_2096:963646-963752
contig_2096	1619070	1619225	gene,mRNA		contig_2096:1619070-1619225
contig_2096	1700627	1700864	intergenic	.	contig_2096:1700627-1700864
contig_2096	1737502	1737558	intergenic	.	contig_2096:1737502-1737558
contig_2096	1738392	1738638	intergenic	.	contig_2096:1738392-1738638
contig_2096	1793085	1793276	intergenic	.	contig_2096:1793085-1793276
contig_21017	292587	292683	intergenic	.	contig_21017:292587-292683
contig_2108	544332	544452	gene,mRNA		contig_2108:544332-544452
contig_21137	10548	10784	intergenic	.	contig_21137:10548-10784
contig_2115	902696	902884	intergenic	.	contig_2115:902696-902884
contig_2115	949713	949768	intergenic	.	contig_2115:949713-949768
contig_2115	1581075	1581325	gene,mRNA		contig_2115:1581075-1581325
contig_2115	1731998	1732169	intergenic	.	contig_2115:1731998-1732169
contig_2115	1997150	1997223	intergenic	.	contig_2115:1997150-1997223
contig_2115	2299757	2299826	intergenic	.	contig_2115:2299757-2299826
contig_21174	8518	8617	intergenic	.	contig_21174:8518-8617
contig_2123	1146445	1146521	intergenic	.	contig_2123:1146445-1146521
contig_2123	1495740	1495808	intergenic	.	contig_2123:1495740-1495808
contig_2123	2597783	2598160	gene,mRNA		contig_2123:2597783-2598160
contig_2123	3218563	3218607	intergenic	.	contig_2123:3218563-3218607
contig_2123	3368414	3368512	intergenic	.	contig_2123:3368414-3368512
contig_21236	51713	51879	intergenic	.	contig_21236:51713-51879
contig_2131	126791	126860	intergenic	.	contig_2131:126791-126860
contig_2131	131544	131636	intergenic	.	contig_2131:131544-131636
contig_2131	435448	435602	intergenic	.	contig_2131:435448-435602
contig_2131	755559	755713	intergenic	.	contig_2131:755559-755713
contig_2131	758877	758948	intergenic	.	contig_2131:758877-758948
contig_2131	1036809	1036850	gene,mRNA		contig_2131:1036809-1036850
contig_2131	1342904	1342963	gene,mRNA		contig_2131:1342904-1342963
contig_2131	1606205	1606349	intergenic	.	contig_2131:1606205-1606349
contig_2131	2549175	2549361	gene,mRNA		contig_2131:2549175-2549361
contig_2131	2774146	2774432	gene,mRNA		contig_2131:2774146-2774432
contig_21345	5086	5145	intergenic	.	contig_21345:5086-5145
contig_2137	107158	107258	exon,CDS,gene,mRNA		contig_2137:107158-107258
contig_2137	107761	107961	exon,CDS,gene,mRNA		contig_2137:107761-107961
contig_2137	108302	108402	exon,CDS,gene,mRNA		contig_2137:108302-108402
contig_21426	228659	229156	intergenic	.	contig_21426:228659-229156
contig_21426	842365	842692	intergenic	.	contig_21426:842365-842692
contig_21493	20477	20592	intergenic	.	contig_21493:20477-20592
contig_21499	437712	437969	intergenic	.	contig_21499:437712-437969
contig_21499	617080	617168	gene,mRNA		contig_21499:617080-617168
contig_21504	15030	15172	intergenic	.	contig_21504:15030-15172
contig_21600	6993	7065	gene,mRNA,exon,CDS		contig_21600:6993-7065
contig_21645	158846	159113	intergenic	.	contig_21645:158846-159113
contig_21645	603712	604129	intergenic	.	contig_21645:603712-604129
contig_21645	743351	743456	intergenic	.	contig_21645:743351-743456
contig_21645	1003365	1003405	gene,mRNA		contig_21645:1003365-1003405
contig_21652	7184	7284	intergenic	.	contig_21652:7184-7284
contig_2166	1468961	1469568	intergenic	.	contig_2166:1468961-1469568
contig_2166	1469686	1469778	intergenic	.	contig_2166:1469686-1469778
contig_2166	1591552	1591711	gene,mRNA		contig_2166:1591552-1591711
contig_2166	1591767	1591906	gene,mRNA		contig_2166:1591767-1591906
contig_2166	1819365	1819665	intergenic	.	contig_2166:1819365-1819665
contig_2166	1990890	1991009	gene,mRNA		contig_2166:1990890-1991009
contig_2166	2367704	2367777	gene,mRNA		contig_2166:2367704-2367777
contig_2166	3000242	3000371	intergenic	.	contig_2166:3000242-3000371
contig_2166	4001973	4002021	intergenic	.	contig_2166:4001973-4002021
contig_2166	4083448	4083590	intergenic	.	contig_2166:4083448-4083590
contig_21660	391356	391481	intergenic	.	contig_21660:391356-391481
contig_21660	391534	391659	intergenic	.	contig_21660:391534-391659
contig_21660	639703	639900	intergenic	.	contig_21660:639703-639900
contig_21660	640304	640462	intergenic	.	contig_21660:640304-640462
contig_21660	659993	660355	gene,mRNA		contig_21660:659993-660355
contig_21660	723174	723323	gene,mRNA		contig_21660:723174-723323
contig_2173	208815	208920	gene,mRNA		contig_2173:208815-208920
contig_2173	628529	628632	intergenic	.	contig_2173:628529-628632
contig_2173	730774	731011	intergenic	.	contig_2173:730774-731011
contig_2173	731078	731243	intergenic	.	contig_2173:731078-731243
contig_2173	969521	969748	intergenic	.	contig_2173:969521-969748
contig_21791	431792	432018	gene,mRNA		contig_21791:431792-432018
contig_2180	530003	530106	intergenic	.	contig_2180:530003-530106
contig_2180	837620	837663	intergenic	.	contig_2180:837620-837663
contig_21800	4102	4323	intergenic	.	contig_21800:4102-4323
contig_21812	116677	116866	intergenic	.	contig_21812:116677-116866
contig_21812	478210	478379	gene,mRNA		contig_21812:478210-478379
contig_21812	661583	661718	intergenic	.	contig_21812:661583-661718
contig_21834	63206	63259	intergenic	.	contig_21834:63206-63259
contig_21834	171975	172338	intergenic	.	contig_21834:171975-172338
contig_21834	194892	194954	intergenic	.	contig_21834:194892-194954
contig_21837	538077	538125	intergenic	.	contig_21837:538077-538125
contig_21837	718832	719191	intergenic	.	contig_21837:718832-719191
contig_21837	824193	824581	intergenic	.	contig_21837:824193-824581
contig_21837	828177	828482	intergenic	.	contig_21837:828177-828482
contig_21837	979905	980217	intergenic	.	contig_21837:979905-980217
contig_21856	319	772	intergenic	.	contig_21856:319-772
contig_21872	88112	88463	intergenic	.	contig_21872:88112-88463
contig_21872	127027	127340	intergenic	.	contig_21872:127027-127340
contig_21872	170541	170655	intergenic	.	contig_21872:170541-170655
contig_21872	217402	217905	gene,mRNA		contig_21872:217402-217905
contig_21872	602456	602512	intergenic	.	contig_21872:602456-602512
contig_21872	848179	848609	intergenic	.	contig_21872:848179-848609
contig_21872	1035858	1035966	intergenic	.	contig_21872:1035858-1035966
contig_21872	1060283	1060393	intergenic	.	contig_21872:1060283-1060393
contig_21872	1086503	1086576	intergenic	.	contig_21872:1086503-1086576
contig_21872	1086867	1087065	intergenic	.	contig_21872:1086867-1087065
contig_21872	1111945	1112278	intergenic	.	contig_21872:1111945-1112278
contig_21918	563914	564146	gene,mRNA		contig_21918:563914-564146
contig_21918	633881	633928	gene,mRNA,exon,CDS		contig_21918:633881-633928
contig_21918	780936	781075	intergenic	.	contig_21918:780936-781075
contig_21918	1205490	1205634	gene,mRNA		contig_21918:1205490-1205634
contig_21918	1265110	1265315	intergenic	.	contig_21918:1265110-1265315
contig_21918	1512488	1512692	intergenic	.	contig_21918:1512488-1512692
contig_2195	21071	21202	intergenic	.	contig_2195:21071-21202
contig_2195	195596	195659	intergenic	.	contig_2195:195596-195659
contig_2195	793651	793681	intergenic	.	contig_2195:793651-793681
contig_2195	844055	844125	intergenic	.	contig_2195:844055-844125
contig_22072	16477	16859	intergenic	.	contig_22072:16477-16859
contig_22079	13107	13613	intergenic	.	contig_22079:13107-13613
contig_22139	328753	328804	gene		contig_22139:328753-328804
contig_22183	1290	1374	gene,mRNA		contig_22183:1290-1374
contig_22183	1438	1498	gene,mRNA		contig_22183:1438-1498
contig_22183	1805	1856	gene,mRNA		contig_22183:1805-1856
contig_22203	858559	858615	intergenic	.	contig_22203:858559-858615
contig_22203	858953	859054	intergenic	.	contig_22203:858953-859054
contig_22203	1082853	1083006	intergenic	.	contig_22203:1082853-1083006
contig_2222	11123	11422	stop_codon,exon,CDS,gene,mRNA		contig_2222:11123-11422
contig_2222	33195	33602	intergenic	.	contig_2222:33195-33602
contig_2222	193865	194064	intergenic	.	contig_2222:193865-194064
contig_2222	1297554	1297687	intergenic	.	contig_2222:1297554-1297687
contig_22300	213875	213929	intergenic	.	contig_22300:213875-213929
contig_22363	192498	192596	intergenic	.	contig_22363:192498-192596
contig_22374	10503	10826	intergenic	.	contig_22374:10503-10826
contig_22376	172939	173064	intergenic	.	contig_22376:172939-173064
contig_22376	186636	186746	intergenic	.	contig_22376:186636-186746
contig_22376	210618	210816	intergenic	.	contig_22376:210618-210816
contig_22376	355015	355379	intergenic	.	contig_22376:355015-355379
contig_22376	409762	409867	intergenic	.	contig_22376:409762-409867
contig_22376	588813	588933	intergenic	.	contig_22376:588813-588933
contig_22376	729732	730048	intergenic	.	contig_22376:729732-730048
contig_22376	749296	749499	intergenic	.	contig_22376:749296-749499
contig_22376	759736	759791	intergenic	.	contig_22376:759736-759791
contig_22376	837594	837697	intergenic	.	contig_22376:837594-837697
contig_22401	170896	170949	gene,mRNA		contig_22401:170896-170949
contig_22401	427307	427487	intergenic	.	contig_22401:427307-427487
contig_22401	457804	457988	intergenic	.	contig_22401:457804-457988
contig_22401	986336	986415	intergenic	.	contig_22401:986336-986415
contig_22417	307777	307851	intergenic	.	contig_22417:307777-307851
contig_22417	336129	336432	intergenic	.	contig_22417:336129-336432
contig_22425	272047	272283	intergenic	.	contig_22425:272047-272283
contig_22425	470552	470749	intergenic	.	contig_22425:470552-470749
contig_22425	815331	815391	intergenic	.	contig_22425:815331-815391
contig_2243	20778	20987	intergenic	.	contig_2243:20778-20987
contig_22443	171118	171283	gene,mRNA		contig_22443:171118-171283
contig_22444	76224	76302	intergenic	.	contig_22444:76224-76302
contig_22458	63855	63938	intergenic	.	contig_22458:63855-63938
contig_22460	191196	191249	intergenic	.	contig_22460:191196-191249
contig_22460	191442	191648	intergenic	.	contig_22460:191442-191648
contig_22460	421767	421965	intergenic	.	contig_22460:421767-421965
contig_22460	583819	583897	intergenic	.	contig_22460:583819-583897
contig_22480	0	172	intergenic	.	contig_22480:0-172
contig_22481	67794	68207	intergenic	.	contig_22481:67794-68207
contig_22481	355187	355480	intergenic	.	contig_22481:355187-355480
contig_22481	697660	698120	intergenic	.	contig_22481:697660-698120
contig_22481	898450	898545	intergenic	.	contig_22481:898450-898545
contig_22481	1398248	1398682	intergenic	.	contig_22481:1398248-1398682
contig_22481	1570182	1570245	intergenic	.	contig_22481:1570182-1570245
contig_22491	423502	423922	intergenic	.	contig_22491:423502-423922
contig_22491	653901	654286	gene,mRNA		contig_22491:653901-654286
contig_22505	582948	583273	gene,mRNA,start_codon,exon,CDS		contig_22505:582948-583273
contig_22505	645579	645752	intergenic	.	contig_22505:645579-645752
contig_22523	46137	46205	gene,mRNA		contig_22523:46137-46205
contig_22524	217922	218083	intergenic	.	contig_22524:217922-218083
contig_22524	1041952	1042281	gene,mRNA		contig_22524:1041952-1042281
contig_22534	38	118	intergenic	.	contig_22534:38-118
contig_22534	263595	263651	gene,mRNA		contig_22534:263595-263651
contig_22534	263710	263783	gene,mRNA		contig_22534:263710-263783
contig_22534	397667	397963	intergenic	.	contig_22534:397667-397963
contig_22545	149360	149569	gene,mRNA		contig_22545:149360-149569
contig_22547	193790	194053	intergenic	.	contig_22547:193790-194053
contig_22547	753483	753674	intergenic	.	contig_22547:753483-753674
contig_22547	795658	795809	intergenic	.	contig_22547:795658-795809
contig_22547	1191623	1191870	gene,mRNA		contig_22547:1191623-1191870
contig_22580	435452	435658	gene,mRNA		contig_22580:435452-435658
contig_22580	443769	443857	gene,mRNA		contig_22580:443769-443857
contig_22587	329809	329987	intergenic	.	contig_22587:329809-329987
contig_22587	625508	625591	gene,mRNA		contig_22587:625508-625591
contig_22587	1126245	1126401	intergenic	.	contig_22587:1126245-1126401
contig_22587	1179985	1180176	intergenic	.	contig_22587:1179985-1180176
contig_22587	1957009	1957085	intergenic	.	contig_22587:1957009-1957085
contig_22587	2033887	2034333	intergenic	.	contig_22587:2033887-2034333
contig_22587	2156289	2156451	intergenic	.	contig_22587:2156289-2156451
contig_22587	2747159	2747714	intergenic	.	contig_22587:2747159-2747714
contig_22602	96762	97125	intergenic	.	contig_22602:96762-97125
contig_22602	276400	276762	intergenic	.	contig_22602:276400-276762
contig_22602	417506	417606	intergenic	.	contig_22602:417506-417606
contig_22611	49048	49232	intergenic	.	contig_22611:49048-49232
contig_2262	214508	214623	intergenic	.	contig_2262:214508-214623
contig_22627	14934	15034	exon,CDS,gene,mRNA		contig_22627:14934-15034
contig_22627	15234	15334	exon,CDS,gene,mRNA		contig_22627:15234-15334
contig_22630	196720	196992	intergenic	.	contig_22630:196720-196992
contig_22630	582362	582826	intergenic	.	contig_22630:582362-582826
contig_22631	279734	279823	intergenic	.	contig_22631:279734-279823
contig_22631	369313	369377	gene,mRNA		contig_22631:369313-369377
contig_22631	751738	751961	intergenic	.	contig_22631:751738-751961
contig_22631	958029	958174	intergenic	.	contig_22631:958029-958174
contig_22633	90175	90307	intergenic	.	contig_22633:90175-90307
contig_22637	593874	594094	intergenic	.	contig_22637:593874-594094
contig_22637	594360	594602	intergenic	.	contig_22637:594360-594602
contig_22637	954517	954681	intergenic	.	contig_22637:954517-954681
contig_22638	476198	476890	intergenic	.	contig_22638:476198-476890
contig_22638	495400	495475	intergenic	.	contig_22638:495400-495475
contig_22638	658649	658698	gene,mRNA,exon,CDS		contig_22638:658649-658698
contig_22638	658872	658925	gene,mRNA		contig_22638:658872-658925
contig_22638	659031	659075	gene,mRNA		contig_22638:659031-659075
contig_22638	1507133	1507232	intergenic	.	contig_22638:1507133-1507232
contig_2265	152985	153087	intergenic	.	contig_2265:152985-153087
contig_2267	478701	478836	intergenic	.	contig_2267:478701-478836
contig_2267	2048140	2048233	intergenic	.	contig_2267:2048140-2048233
contig_22672	121380	121675	intergenic	.	contig_22672:121380-121675
contig_22675	234100	234217	intergenic	.	contig_22675:234100-234217
contig_22676	7138	7443	intergenic	.	contig_22676:7138-7443
contig_22687	363142	363279	intergenic	.	contig_22687:363142-363279
contig_22687	496631	496772	intergenic	.	contig_22687:496631-496772
contig_2270	552619	552926	intergenic	.	contig_2270:552619-552926
contig_2270	725367	725455	intergenic	.	contig_2270:725367-725455
contig_2270	1229821	1230081	intergenic	.	contig_2270:1229821-1230081
contig_2270	1286533	1286723	intergenic	.	contig_2270:1286533-1286723
contig_2270	1631546	1631758	gene,mRNA		contig_2270:1631546-1631758
contig_2270	1713960	1714080	intergenic	.	contig_2270:1713960-1714080
contig_2270	1850680	1850811	intergenic	.	contig_2270:1850680-1850811
contig_2270	1851207	1851351	intergenic	.	contig_2270:1851207-1851351
contig_2270	1905990	1906272	intergenic	.	contig_2270:1905990-1906272
contig_2270	2452949	2453242	intergenic	.	contig_2270:2452949-2453242
contig_2270	2640616	2640737	intergenic	.	contig_2270:2640616-2640737
contig_2270	2747667	2747754	intergenic	.	contig_2270:2747667-2747754
contig_2270	2858193	2858474	intergenic	.	contig_2270:2858193-2858474
contig_22703	97263	97323	intergenic	.	contig_22703:97263-97323
contig_22704	460684	460873	intergenic	.	contig_22704:460684-460873
contig_2271	295797	295862	intergenic	.	contig_2271:295797-295862
contig_2271	847364	847512	intergenic	.	contig_2271:847364-847512
contig_2271	963494	963624	intergenic	.	contig_2271:963494-963624
contig_2271	1223808	1223864	intergenic	.	contig_2271:1223808-1223864
contig_2271	1331663	1331826	intergenic	.	contig_2271:1331663-1331826
contig_2271	1400461	1400666	intergenic	.	contig_2271:1400461-1400666
contig_2271	1461173	1461272	intergenic	.	contig_2271:1461173-1461272
contig_2271	1624348	1624576	gene,mRNA		contig_2271:1624348-1624576
contig_2271	1998099	1998199	intergenic	.	contig_2271:1998099-1998199
contig_2271	2000439	2000547	exon,CDS,stop_codon,gene,mRNA		contig_2271:2000439-2000547
contig_2271	3083557	3083607	intergenic	.	contig_2271:3083557-3083607
contig_2271	3835151	3835277	gene,mRNA		contig_2271:3835151-3835277
contig_2271	3966747	3966795	intergenic	.	contig_2271:3966747-3966795
contig_2271	4556475	4556756	intergenic	.	contig_2271:4556475-4556756
contig_2271	4678302	4678414	intergenic	.	contig_2271:4678302-4678414
contig_2271	4686398	4686516	intergenic	.	contig_2271:4686398-4686516
contig_2271	4764391	4764491	intergenic	.	contig_2271:4764391-4764491
contig_2271	5033896	5034061	gene		contig_2271:5033896-5034061
contig_2271	5204365	5204455	intergenic	.	contig_2271:5204365-5204455
contig_2271	5603049	5603198	intergenic	.	contig_2271:5603049-5603198
contig_2271	5871328	5871779	gene,mRNA		contig_2271:5871328-5871779
contig_2271	6716340	6716537	intergenic	.	contig_2271:6716340-6716537
contig_2271	6874188	6874334	intergenic	.	contig_2271:6874188-6874334
contig_2271	7406547	7406976	intergenic	.	contig_2271:7406547-7406976
contig_2271	7420317	7420378	intergenic	.	contig_2271:7420317-7420378
contig_2271	7420525	7420645	intergenic	.	contig_2271:7420525-7420645
contig_22716	123146	123215	intergenic	.	contig_22716:123146-123215
contig_22729	1162896	1163085	gene,mRNA		contig_22729:1162896-1163085
contig_2273	226711	227070	intergenic	.	contig_2273:226711-227070
contig_2273	325279	325351	intergenic	.	contig_2273:325279-325351
contig_22731	591479	591606	intergenic	.	contig_22731:591479-591606
contig_22731	730460	730555	gene,mRNA		contig_22731:730460-730555
contig_22733	1237479	1237552	intergenic	.	contig_22733:1237479-1237552
contig_22754	197484	197727	gene,mRNA		contig_22754:197484-197727
contig_22754	378639	378669	exon,CDS,gene,mRNA		contig_22754:378639-378669
contig_22758	128437	128601	intergenic	.	contig_22758:128437-128601
contig_2276	64278	64346	gene,mRNA		contig_2276:64278-64346
contig_2276	412684	412906	intergenic	.	contig_2276:412684-412906
contig_22760	143644	143715	intergenic	.	contig_22760:143644-143715
contig_22761	340285	340400	intergenic	.	contig_22761:340285-340400
contig_22761	340757	340847	intergenic	.	contig_22761:340757-340847
contig_22761	687918	688347	intergenic	.	contig_22761:687918-688347
contig_22761	713182	713310	gene,mRNA		contig_22761:713182-713310
contig_22761	790829	791061	intergenic	.	contig_22761:790829-791061
contig_2278	71696	71773	gene,mRNA		contig_2278:71696-71773
contig_2278	458686	458803	intergenic	.	contig_2278:458686-458803
contig_22803	224950	225012	gene,mRNA		contig_22803:224950-225012
contig_22820	40068	40510	intergenic	.	contig_22820:40068-40510
contig_22821	46406	46506	intergenic	.	contig_22821:46406-46506
contig_22821	48006	48106	gene,mRNA,exon,CDS		contig_22821:48006-48106
contig_22838	191059	191245	intergenic	.	contig_22838:191059-191245
contig_22838	807712	807920	intergenic	.	contig_22838:807712-807920
contig_22838	1474983	1475070	intergenic	.	contig_22838:1474983-1475070
contig_22838	1895332	1895499	intergenic	.	contig_22838:1895332-1895499
contig_22838	2378387	2378543	intergenic	.	contig_22838:2378387-2378543
contig_22848	269360	269444	intergenic	.	contig_22848:269360-269444
contig_22848	444306	444414	intergenic	.	contig_22848:444306-444414
contig_22849	119492	119663	intergenic	.	contig_22849:119492-119663
contig_22860	625181	625390	gene,mRNA		contig_22860:625181-625390
contig_22860	653291	653372	intergenic	.	contig_22860:653291-653372
contig_22860	653427	653536	intergenic	.	contig_22860:653427-653536
contig_22860	877258	877475	intergenic	.	contig_22860:877258-877475
contig_22860	877539	877637	intergenic	.	contig_22860:877539-877637
contig_22880	68251	68335	intergenic	.	contig_22880:68251-68335
contig_22880	331807	332056	intergenic	.	contig_22880:331807-332056
contig_22885	218480	218591	intergenic	.	contig_22885:218480-218591
contig_22885	528072	528313	intergenic	.	contig_22885:528072-528313
contig_2296	249743	249858	gene,mRNA		contig_2296:249743-249858
contig_22975	66094	66159	gene,mRNA		contig_22975:66094-66159
contig_2302	4042	4073	intergenic	.	contig_2302:4042-4073
contig_2302	565343	565417	intergenic	.	contig_2302:565343-565417
contig_2302	1104370	1104432	intergenic	.	contig_2302:1104370-1104432
contig_2302	1249360	1249562	intergenic	.	contig_2302:1249360-1249562
contig_2302	2896901	2896967	intergenic	.	contig_2302:2896901-2896967
contig_2302	3058139	3058245	intergenic	.	contig_2302:3058139-3058245
contig_2302	5368908	5369050	gene,mRNA		contig_2302:5368908-5369050
contig_2302	7185717	7185800	intergenic	.	contig_2302:7185717-7185800
contig_2302	7187450	7187499	intergenic	.	contig_2302:7187450-7187499
contig_23044	66012	66225	intergenic	.	contig_23044:66012-66225
contig_23121	73478	73531	gene,mRNA		contig_23121:73478-73531
contig_23121	95408	95506	intergenic	.	contig_23121:95408-95506
contig_23177	58514	58570	intergenic	.	contig_23177:58514-58570
contig_23177	190684	190745	intergenic	.	contig_23177:190684-190745
contig_23221	97814	97977	intergenic	.	contig_23221:97814-97977
contig_23254	346799	346999	intergenic	.	contig_23254:346799-346999
contig_23266	39985	40239	intergenic	.	contig_23266:39985-40239
contig_23266	62308	62366	intergenic	.	contig_23266:62308-62366
contig_23266	1436461	1436496	intergenic	.	contig_23266:1436461-1436496
contig_23266	1436854	1436954	intergenic	.	contig_23266:1436854-1436954
contig_23266	1466966	1467224	intergenic	.	contig_23266:1466966-1467224
contig_23280	13660	13707	intergenic	.	contig_23280:13660-13707
contig_23281	215779	215971	intergenic	.	contig_23281:215779-215971
contig_23282	290349	290401	intergenic	.	contig_23282:290349-290401
contig_23300	16558	16765	intergenic	.	contig_23300:16558-16765
contig_23300	334872	335085	intergenic	.	contig_23300:334872-335085
contig_23304	88945	89135	intergenic	.	contig_23304:88945-89135
contig_2333	1984896	1985015	intergenic	.	contig_2333:1984896-1985015
contig_2333	2400775	2400836	intergenic	.	contig_2333:2400775-2400836
contig_2333	2602528	2602646	gene,mRNA		contig_2333:2602528-2602646
contig_2333	3979948	3979993	intergenic	.	contig_2333:3979948-3979993
contig_2333	4471191	4471506	intergenic	.	contig_2333:4471191-4471506
contig_2333	4471598	4471697	intergenic	.	contig_2333:4471598-4471697
contig_2333	4471771	4471950	intergenic	.	contig_2333:4471771-4471950
contig_2333	4561657	4561901	intergenic	.	contig_2333:4561657-4561901
contig_2333	4936437	4936468	intergenic	.	contig_2333:4936437-4936468
contig_23333	235724	235904	intergenic	.	contig_23333:235724-235904
contig_23339	3042	3114	intergenic	.	contig_23339:3042-3114
contig_23351	320217	320468	intergenic	.	contig_23351:320217-320468
contig_23351	900708	900786	intergenic	.	contig_23351:900708-900786
contig_23355	115194	115260	intergenic	.	contig_23355:115194-115260
contig_23355	125027	125216	intergenic	.	contig_23355:125027-125216
contig_23355	221650	221897	intergenic	.	contig_23355:221650-221897
contig_23367	354411	354569	intergenic	.	contig_23367:354411-354569
contig_23372	44006	44106	intergenic	.	contig_23372:44006-44106
contig_23385	70766	70818	intergenic	.	contig_23385:70766-70818
contig_23385	297383	297691	intergenic	.	contig_23385:297383-297691
contig_23393	191649	192044	polyA_signal_sequence,gene		contig_23393:191649-192044
contig_23393	253833	253880	intergenic	.	contig_23393:253833-253880
contig_23394	67909	68185	intergenic	.	contig_23394:67909-68185
contig_23402	118869	118919	intergenic	.	contig_23402:118869-118919
contig_23414	219575	219642	intergenic	.	contig_23414:219575-219642
contig_23470	452838	452948	intergenic	.	contig_23470:452838-452948
contig_23473	18311	18464	intergenic	.	contig_23473:18311-18464
contig_23478	88454	88829	intergenic	.	contig_23478:88454-88829
contig_23478	119962	120125	intergenic	.	contig_23478:119962-120125
contig_23509	177409	177801	intergenic	.	contig_23509:177409-177801
contig_23509	196174	196297	intergenic	.	contig_23509:196174-196297
contig_23509	242384	242472	intergenic	.	contig_23509:242384-242472
contig_2353	2075154	2075354	intergenic	.	contig_2353:2075154-2075354
contig_23562	842032	842208	gene,mRNA,exon,CDS,exon,CDS		contig_23562:842032-842208
contig_23581	79532	79758	gene,mRNA		contig_23581:79532-79758
contig_23581	333267	333432	gene,mRNA		contig_23581:333267-333432
contig_23581	333755	333817	gene,mRNA		contig_23581:333755-333817
contig_2360	875085	875148	gene,mRNA		contig_2360:875085-875148
contig_2360	979587	979618	gene,mRNA		contig_2360:979587-979618
contig_23610	522583	522628	intergenic	.	contig_23610:522583-522628
contig_23654	449330	449590	intergenic	.	contig_23654:449330-449590
contig_23669	65452	65639	intergenic	.	contig_23669:65452-65639
contig_23669	304597	304755	intergenic	.	contig_23669:304597-304755
contig_23669	481022	481107	intergenic	.	contig_23669:481022-481107
contig_23669	481387	481491	intergenic	.	contig_23669:481387-481491
contig_23669	502760	502806	intergenic	.	contig_23669:502760-502806
contig_23669	502917	503077	intergenic	.	contig_23669:502917-503077
contig_2372	79493	79788	intergenic	.	contig_2372:79493-79788
contig_2372	223549	223595	intergenic	.	contig_2372:223549-223595
contig_2372	223836	224036	intergenic	.	contig_2372:223836-224036
contig_2372	339680	339733	intergenic	.	contig_2372:339680-339733
contig_2372	589181	589485	intergenic	.	contig_2372:589181-589485
contig_2372	982003	982199	exon,CDS,start_codon,gene,mRNA		contig_2372:982003-982199
contig_2372	1655874	1656021	intergenic	.	contig_2372:1655874-1656021
contig_2372	2031043	2031300	intergenic	.	contig_2372:2031043-2031300
contig_2372	2175228	2175380	intergenic	.	contig_2372:2175228-2175380
contig_2372	2475266	2475511	intergenic	.	contig_2372:2475266-2475511
contig_2372	3383533	3383737	intergenic	.	contig_2372:3383533-3383737
contig_2372	4668521	4668626	intergenic	.	contig_2372:4668521-4668626
contig_2372	6265498	6265554	gene,mRNA		contig_2372:6265498-6265554
contig_23738	83076	83119	gene,mRNA		contig_23738:83076-83119
contig_23738	85026	85146	gene,mRNA		contig_23738:85026-85146
contig_23738	85574	85650	gene,mRNA		contig_23738:85574-85650
contig_23738	166998	167148	intergenic	.	contig_23738:166998-167148
contig_23738	331974	332088	intergenic	.	contig_23738:331974-332088
contig_23775	56903	57128	intergenic	.	contig_23775:56903-57128
contig_23805	60615	60699	gene,mRNA		contig_23805:60615-60699
contig_23805	186798	186879	gene,mRNA		contig_23805:186798-186879
contig_2381	1013972	1014037	intergenic	.	contig_2381:1013972-1014037
contig_2381	1468165	1468249	intergenic	.	contig_2381:1468165-1468249
contig_2381	2778768	2778822	intergenic	.	contig_2381:2778768-2778822
contig_2381	3577826	3577976	intergenic	.	contig_2381:3577826-3577976
contig_2381	3748899	3749108	intergenic	.	contig_2381:3748899-3749108
contig_2381	3749191	3749261	intergenic	.	contig_2381:3749191-3749261
contig_2381	5020450	5020621	intergenic	.	contig_2381:5020450-5020621
contig_2381	5020719	5020896	intergenic	.	contig_2381:5020719-5020896
contig_2381	5782083	5782186	intergenic	.	contig_2381:5782083-5782186
contig_2381	5924460	5924707	intergenic	.	contig_2381:5924460-5924707
contig_2381	6984374	6984618	intergenic	.	contig_2381:6984374-6984618
contig_23814	245572	245672	intergenic	.	contig_23814:245572-245672
contig_23814	314360	314619	gene,mRNA		contig_23814:314360-314619
contig_23822	401424	401811	gene,mRNA		contig_23822:401424-401811
contig_23833	382267	382501	intergenic	.	contig_23833:382267-382501
contig_23837	82191	82368	intergenic	.	contig_23837:82191-82368
contig_23837	95082	95280	intergenic	.	contig_23837:95082-95280
contig_23837	123576	123723	intergenic	.	contig_23837:123576-123723
contig_2384	337141	337262	intergenic	.	contig_2384:337141-337262
contig_2384	704085	704116	intergenic	.	contig_2384:704085-704116
contig_2385	1242815	1242882	intergenic	.	contig_2385:1242815-1242882
contig_2385	2162164	2162465	intergenic	.	contig_2385:2162164-2162465
contig_2385	2304122	2304205	intergenic	.	contig_2385:2304122-2304205
contig_2385	2304274	2304325	intergenic	.	contig_2385:2304274-2304325
contig_2385	2670216	2670257	intergenic	.	contig_2385:2670216-2670257
contig_23862	752914	753091	gene,mRNA		contig_23862:752914-753091
contig_23869	127295	127404	intergenic	.	contig_23869:127295-127404
contig_23883	3632	3704	gene,mRNA		contig_23883:3632-3704
contig_23884	201710	201772	intergenic	.	contig_23884:201710-201772
contig_23896	109860	109939	intergenic	.	contig_23896:109860-109939
contig_23896	124960	125560	intergenic	.	contig_23896:124960-125560
contig_23903	34228	34358	gene,mRNA		contig_23903:34228-34358
contig_23922	475429	475472	intergenic	.	contig_23922:475429-475472
contig_23922	580669	580744	intergenic	.	contig_23922:580669-580744
contig_23925	29348	29446	gene,mRNA		contig_23925:29348-29446
contig_2393	363574	363803	gene,mRNA		contig_2393:363574-363803
contig_2393	549678	549801	intergenic	.	contig_2393:549678-549801
contig_23934	78081	78234	intergenic	.	contig_23934:78081-78234
contig_23934	395662	396045	intergenic	.	contig_23934:395662-396045
contig_23950	130820	130920	intergenic	.	contig_23950:130820-130920
contig_23950	156924	157091	intergenic	.	contig_23950:156924-157091
contig_23952	3029	3238	intergenic	.	contig_23952:3029-3238
contig_23952	3450	3508	intergenic	.	contig_23952:3450-3508
contig_23956	428151	428302	intergenic	.	contig_23956:428151-428302
contig_23965	101838	102218	gene,mRNA		contig_23965:101838-102218
contig_23965	303133	303232	intergenic	.	contig_23965:303133-303232
contig_23965	423247	423422	intergenic	.	contig_23965:423247-423422
contig_23972	1647	1729	intergenic	.	contig_23972:1647-1729
contig_23986	457802	458040	gene,mRNA		contig_23986:457802-458040
contig_23988	17158	17271	intergenic	.	contig_23988:17158-17271
contig_24001	12039	12273	intergenic	.	contig_24001:12039-12273
contig_24007	199181	199285	intergenic	.	contig_24007:199181-199285
contig_24029	181135	181323	intergenic	.	contig_24029:181135-181323
contig_24029	262029	262101	intergenic	.	contig_24029:262029-262101
contig_24029	313933	314107	intergenic	.	contig_24029:313933-314107
contig_24040	56856	57071	gene,mRNA		contig_24040:56856-57071
contig_24040	71284	71405	intergenic	.	contig_24040:71284-71405
contig_24052	25005	25092	intergenic	.	contig_24052:25005-25092
contig_24054	320367	320696	intergenic	.	contig_24054:320367-320696
contig_24070	98069	98114	intergenic	.	contig_24070:98069-98114
contig_24071	49883	49944	intergenic	.	contig_24071:49883-49944
contig_24076	139886	140143	intergenic	.	contig_24076:139886-140143
contig_24088	29215	29458	intergenic	.	contig_24088:29215-29458
contig_24098	163	239	intergenic	.	contig_24098:163-239
contig_24119	45662	46111	intergenic	.	contig_24119:45662-46111
contig_24176	35537	35847	gene,mRNA		contig_24176:35537-35847
contig_2418	165708	165822	intergenic	.	contig_2418:165708-165822
contig_2418	408881	408927	intergenic	.	contig_2418:408881-408927
contig_2418	1060685	1060860	intergenic	.	contig_2418:1060685-1060860
contig_2418	1482693	1482909	intergenic	.	contig_2418:1482693-1482909
contig_2418	2084157	2084498	intergenic	.	contig_2418:2084157-2084498
contig_2418	2586723	2586794	intergenic	.	contig_2418:2586723-2586794
contig_2418	2587747	2587809	intergenic	.	contig_2418:2587747-2587809
contig_2424_part1	206107	206186	intergenic	.	contig_2424_part1:206107-206186
contig_2427	32199	32705	intergenic	.	contig_2427:32199-32705
contig_2427	637418	637463	intergenic	.	contig_2427:637418-637463
contig_2427	678244	678507	intergenic	.	contig_2427:678244-678507
contig_2427	678629	678729	intergenic	.	contig_2427:678629-678729
contig_2427	1024427	1024995	intergenic	.	contig_2427:1024427-1024995
contig_2427	1175826	1175981	intergenic	.	contig_2427:1175826-1175981
contig_2427	1751529	1751819	gene,mRNA		contig_2427:1751529-1751819
contig_2427	2187194	2187431	intergenic	.	contig_2427:2187194-2187431
contig_2427	2384113	2384212	intergenic	.	contig_2427:2384113-2384212
contig_2427	2496993	2497184	intergenic	.	contig_2427:2496993-2497184
contig_2440	328662	328767	gene,mRNA		contig_2440:328662-328767
contig_2443	2947878	2948069	intergenic	.	contig_2443:2947878-2948069
contig_2462	758473	758641	intergenic	.	contig_2462:758473-758641
contig_2463	1500855	1500917	intergenic	.	contig_2463:1500855-1500917
contig_2490	513193	513269	intergenic	.	contig_2490:513193-513269
contig_2490	563181	563307	intergenic	.	contig_2490:563181-563307
contig_2490	919563	919662	intergenic	.	contig_2490:919563-919662
contig_2490	987266	987421	gene,mRNA		contig_2490:987266-987421
contig_2490	2206837	2206885	intergenic	.	contig_2490:2206837-2206885
contig_2490	2339360	2339504	intergenic	.	contig_2490:2339360-2339504
contig_2490	2694646	2694751	intergenic	.	contig_2490:2694646-2694751
contig_2490	2883389	2883424	gene,mRNA		contig_2490:2883389-2883424
contig_2490	2939460	2939646	gene,mRNA		contig_2490:2939460-2939646
contig_2490	3446144	3446210	gene,mRNA		contig_2490:3446144-3446210
contig_2490	3517960	3518032	intergenic	.	contig_2490:3517960-3518032
contig_2490	4178219	4178266	intergenic	.	contig_2490:4178219-4178266
contig_2490	4220168	4220287	intergenic	.	contig_2490:4220168-4220287
contig_2490	5012841	5013053	intergenic	.	contig_2490:5012841-5013053
contig_2490	5655377	5655763	gene,mRNA		contig_2490:5655377-5655763
contig_2490	5983508	5983694	gene,mRNA		contig_2490:5983508-5983694
contig_2490	6414806	6414844	gene,mRNA		contig_2490:6414806-6414844
contig_2501	305101	305171	intergenic	.	contig_2501:305101-305171
contig_2501	499437	499607	intergenic	.	contig_2501:499437-499607
contig_2501	1493900	1494046	intergenic	.	contig_2501:1493900-1494046
contig_2501	2497762	2497876	intergenic	.	contig_2501:2497762-2497876
contig_2501	2535407	2535489	intergenic	.	contig_2501:2535407-2535489
contig_2501	2535883	2536142	intergenic	.	contig_2501:2535883-2536142
contig_2501	2719607	2719722	intergenic	.	contig_2501:2719607-2719722
contig_2510	1007132	1007210	intergenic	.	contig_2510:1007132-1007210
contig_252	245356	245412	intergenic	.	contig_252:245356-245412
contig_252	470571	470767	intergenic	.	contig_252:470571-470767
contig_252	1915031	1915089	gene,mRNA		contig_252:1915031-1915089
contig_252	2828551	2828827	intergenic	.	contig_252:2828551-2828827
contig_252	3327819	3328083	gene,mRNA		contig_252:3327819-3328083
contig_252	3532649	3532734	gene,mRNA		contig_252:3532649-3532734
contig_252	4118570	4118773	intergenic	.	contig_252:4118570-4118773
contig_2523	412882	412966	intergenic	.	contig_2523:412882-412966
contig_2523	1120602	1120668	gene,mRNA		contig_2523:1120602-1120668
contig_2523	1587062	1587223	intergenic	.	contig_2523:1587062-1587223
contig_2523	3021519	3021607	intergenic	.	contig_2523:3021519-3021607
contig_2523	3093464	3093770	intergenic	.	contig_2523:3093464-3093770
contig_2523	3331409	3331691	intergenic	.	contig_2523:3331409-3331691
contig_2523	3331972	3332042	intergenic	.	contig_2523:3331972-3332042
contig_2523	5272364	5272555	intergenic	.	contig_2523:5272364-5272555
contig_2523	5293167	5293475	intergenic	.	contig_2523:5293167-5293475
contig_2523	5348512	5348868	intergenic	.	contig_2523:5348512-5348868
contig_2523	5466047	5466252	intergenic	.	contig_2523:5466047-5466252
contig_2523	5568642	5568847	intergenic	.	contig_2523:5568642-5568847
contig_2523	5753727	5753935	intergenic	.	contig_2523:5753727-5753935
contig_2584	1183540	1183693	intergenic	.	contig_2584:1183540-1183693
contig_2593	520248	520396	intergenic	.	contig_2593:520248-520396
contig_2593	1060873	1060931	intergenic	.	contig_2593:1060873-1060931
contig_2599	97917	98102	start_codon,exon,CDS,gene,mRNA		contig_2599:97917-98102
contig_2601	334432	334486	intergenic	.	contig_2601:334432-334486
contig_2629	570377	570468	gene,mRNA		contig_2629:570377-570468
contig_2629	595804	595866	gene,mRNA		contig_2629:595804-595866
contig_2654	587561	587948	intergenic	.	contig_2654:587561-587948
contig_2658	422027	422220	intergenic	.	contig_2658:422027-422220
contig_2658	422285	422370	intergenic	.	contig_2658:422285-422370
contig_2661	62233	62334	intergenic	.	contig_2661:62233-62334
contig_2662	671028	671105	intergenic	.	contig_2662:671028-671105
contig_2689	4414	4541	intergenic	.	contig_2689:4414-4541
contig_2732	532638	532692	intergenic	.	contig_2732:532638-532692
contig_2754	242896	243098	intergenic	.	contig_2754:242896-243098
contig_2754	959816	959936	intergenic	.	contig_2754:959816-959936
contig_2772	94253	94394	gene,mRNA		contig_2772:94253-94394
contig_2772	333324	333413	intergenic	.	contig_2772:333324-333413
contig_2772	399843	400037	intergenic	.	contig_2772:399843-400037
contig_2772	488792	488982	gene		contig_2772:488792-488982
contig_2772	705640	705925	intergenic	.	contig_2772:705640-705925
contig_2772	1483619	1483759	intergenic	.	contig_2772:1483619-1483759
contig_2772	1953274	1953365	intergenic	.	contig_2772:1953274-1953365
contig_2772	3486568	3486655	intergenic	.	contig_2772:3486568-3486655
contig_2772	5658072	5658114	intergenic	.	contig_2772:5658072-5658114
contig_2772	5669402	5669650	intergenic	.	contig_2772:5669402-5669650
contig_2772	5802578	5802846	intergenic	.	contig_2772:5802578-5802846
contig_2778	510700	510928	intergenic	.	contig_2778:510700-510928
contig_2778	802169	802340	intergenic	.	contig_2778:802169-802340
contig_2778	1004897	1005264	gene,mRNA		contig_2778:1004897-1005264
contig_2801	66278	66309	intergenic	.	contig_2801:66278-66309
contig_2818	427822	428096	intergenic	.	contig_2818:427822-428096
contig_2818	454936	455347	intergenic	.	contig_2818:454936-455347
contig_2818	768505	768583	intergenic	.	contig_2818:768505-768583
contig_2818	827696	827781	gene,mRNA		contig_2818:827696-827781
contig_2818	1212729	1212930	intergenic	.	contig_2818:1212729-1212930
contig_2818	1747982	1748440	intergenic	.	contig_2818:1747982-1748440
contig_2852	267411	268201	gene,mRNA		contig_2852:267411-268201
contig_2852	281781	281940	intergenic	.	contig_2852:281781-281940
contig_2852	433484	433647	intergenic	.	contig_2852:433484-433647
contig_2852	478991	479536	intergenic	.	contig_2852:478991-479536
contig_2852	1483839	1484080	intergenic	.	contig_2852:1483839-1484080
contig_2852	1682377	1682496	gene,mRNA		contig_2852:1682377-1682496
contig_2852	2084191	2084248	intergenic	.	contig_2852:2084191-2084248
contig_2852	2398624	2399319	intergenic	.	contig_2852:2398624-2399319
contig_2852	2965165	2965221	gene,mRNA		contig_2852:2965165-2965221
contig_2852	4544363	4544471	intergenic	.	contig_2852:4544363-4544471
contig_2852	4838463	4838692	intergenic	.	contig_2852:4838463-4838692
contig_2852	4851448	4851530	intergenic	.	contig_2852:4851448-4851530
contig_2852	5288376	5288495	gene,mRNA,exon,CDS,start_codon		contig_2852:5288376-5288495
contig_2852	5593733	5593907	intergenic	.	contig_2852:5593733-5593907
contig_2854	845547	845630	intergenic	.	contig_2854:845547-845630
contig_2870	151900	151932	gene,mRNA		contig_2870:151900-151932
contig_2870	306566	306644	intergenic	.	contig_2870:306566-306644
contig_2870	622018	622102	gene,mRNA		contig_2870:622018-622102
contig_2870	1199938	1200098	gene,mRNA		contig_2870:1199938-1200098
contig_29	1515526	1515693	gene,mRNA		contig_29:1515526-1515693
contig_29	1743519	1743709	gene,mRNA		contig_29:1743519-1743709
contig_2916	588733	588792	intergenic	.	contig_2916:588733-588792
contig_2916	588863	588936	intergenic	.	contig_2916:588863-588936
contig_2916	589086	589248	intergenic	.	contig_2916:589086-589248
contig_2916	600751	600911	intergenic	.	contig_2916:600751-600911
contig_2916	727435	727671	gene,mRNA		contig_2916:727435-727671
contig_2938	419030	419274	gene,mRNA		contig_2938:419030-419274
contig_2938	1373005	1373150	intergenic	.	contig_2938:1373005-1373150
contig_2938	1373489	1373640	intergenic	.	contig_2938:1373489-1373640
contig_2938	1717235	1717377	intergenic	.	contig_2938:1717235-1717377
contig_2938	2243996	2244065	gene,mRNA		contig_2938:2243996-2244065
contig_2938	2244204	2244397	gene,mRNA		contig_2938:2244204-2244397
contig_2963	579168	579421	intergenic	.	contig_2963:579168-579421
contig_2963	579886	579920	intergenic	.	contig_2963:579886-579920
contig_2963	908626	908658	mRNA,gene		contig_2963:908626-908658
contig_2963	1081625	1081876	intergenic	.	contig_2963:1081625-1081876
contig_2963	1139782	1139909	intergenic	.	contig_2963:1139782-1139909
contig_2963	1155659	1155973	intergenic	.	contig_2963:1155659-1155973
contig_2963	1748436	1748593	intergenic	.	contig_2963:1748436-1748593
contig_2963	3043235	3043416	intergenic	.	contig_2963:3043235-3043416
contig_2963	3049327	3049431	intergenic	.	contig_2963:3049327-3049431
contig_2963	3145595	3145729	gene,mRNA		contig_2963:3145595-3145729
contig_2964	589814	589896	intergenic	.	contig_2964:589814-589896
contig_2964	851195	851305	intergenic	.	contig_2964:851195-851305
contig_2964	926222	926346	intergenic	.	contig_2964:926222-926346
contig_2964	961846	961897	intergenic	.	contig_2964:961846-961897
contig_2964	1495593	1495705	intergenic	.	contig_2964:1495593-1495705
contig_2964	1495792	1495943	intergenic	.	contig_2964:1495792-1495943
contig_2964	1512982	1513215	intergenic	.	contig_2964:1512982-1513215
contig_2964	1772548	1772846	intergenic	.	contig_2964:1772548-1772846
contig_2975	1321887	1321958	intergenic	.	contig_2975:1321887-1321958
contig_2975	1477096	1477197	intergenic	.	contig_2975:1477096-1477197
contig_2975	1578113	1578201	intergenic	.	contig_2975:1578113-1578201
contig_2975	1714207	1714281	gene,mRNA		contig_2975:1714207-1714281
contig_2975	1737703	1737775	intergenic	.	contig_2975:1737703-1737775
contig_2975	2208121	2208287	intergenic	.	contig_2975:2208121-2208287
contig_2975	2342278	2342420	polyA_signal_sequence,gene		contig_2975:2342278-2342420
contig_2979	150042	150130	gene,mRNA		contig_2979:150042-150130
contig_2979	1291028	1291109	gene,mRNA		contig_2979:1291028-1291109
contig_2979	1638145	1638205	intergenic	.	contig_2979:1638145-1638205
contig_2979	2361799	2361919	intergenic	.	contig_2979:2361799-2361919
contig_2980	119993	120060	gene,mRNA		contig_2980:119993-120060
contig_2981	589899	589944	intergenic	.	contig_2981:589899-589944
contig_2982	703770	703856	intergenic	.	contig_2982:703770-703856
contig_2982	779333	779434	intergenic	.	contig_2982:779333-779434
contig_2982	2062549	2062595	intergenic	.	contig_2982:2062549-2062595
contig_2987	90235	90358	gene,mRNA		contig_2987:90235-90358
contig_2987	118299	118344	gene,mRNA		contig_2987:118299-118344
contig_2987	268249	268536	gene,mRNA		contig_2987:268249-268536
contig_2987	382008	382149	gene,mRNA		contig_2987:382008-382149
contig_2989	329371	329458	gene,mRNA		contig_2989:329371-329458
contig_2989	1351678	1351823	intergenic	.	contig_2989:1351678-1351823
contig_2989	1351885	1352060	intergenic	.	contig_2989:1351885-1352060
contig_2989	1352136	1352412	intergenic	.	contig_2989:1352136-1352412
contig_2989	1748477	1748572	intergenic	.	contig_2989:1748477-1748572
contig_2989	2058524	2058870	gene,mRNA		contig_2989:2058524-2058870
contig_2989	2982736	2983059	intergenic	.	contig_2989:2982736-2983059
contig_2989	5319799	5320267	gene,mRNA		contig_2989:5319799-5320267
contig_2989	6153185	6153232	gene,mRNA		contig_2989:6153185-6153232
contig_30	359478	359525	gene,mRNA		contig_30:359478-359525
contig_30	378255	378534	intergenic	.	contig_30:378255-378534
contig_3007	23211	23292	intergenic	.	contig_3007:23211-23292
contig_3008	60070	60132	intergenic	.	contig_3008:60070-60132
contig_3036	1171165	1171296	intergenic	.	contig_3036:1171165-1171296
contig_3036	1171392	1171477	intergenic	.	contig_3036:1171392-1171477
contig_3041	418498	418554	intergenic	.	contig_3041:418498-418554
contig_3043	1286283	1286362	intergenic	.	contig_3043:1286283-1286362
contig_3043	1716926	1716991	intergenic	.	contig_3043:1716926-1716991
contig_3043	2981154	2981233	intergenic	.	contig_3043:2981154-2981233
contig_3049	444614	444863	intergenic	.	contig_3049:444614-444863
contig_3049	533142	533435	intergenic	.	contig_3049:533142-533435
contig_3049	1060871	1061069	intergenic	.	contig_3049:1060871-1061069
contig_3049	1188213	1188528	intergenic	.	contig_3049:1188213-1188528
contig_3049	1231055	1231351	intergenic	.	contig_3049:1231055-1231351
contig_3049	1257468	1257544	intergenic	.	contig_3049:1257468-1257544
contig_3049	1306027	1306182	intergenic	.	contig_3049:1306027-1306182
contig_3050	245745	245804	gene,mRNA		contig_3050:245745-245804
contig_3075	98623	98886	gene,mRNA		contig_3075:98623-98886
contig_3095	69501	69597	gene,mRNA		contig_3095:69501-69597
contig_3097	46879	46979	gene,mRNA,exon,CDS,start_codon		contig_3097:46879-46979
contig_3098	18039	18103	gene,mRNA,exon,CDS		contig_3098:18039-18103
contig_3098	18313	18413	gene,mRNA,exon,CDS		contig_3098:18313-18413
contig_3098	19172	19263	intergenic	.	contig_3098:19172-19263
contig_3098	19797	19836	gene		contig_3098:19797-19836
contig_3103	520978	521008	intergenic	.	contig_3103:520978-521008
contig_3103	967556	967869	intergenic	.	contig_3103:967556-967869
contig_3141	86353	86416	intergenic	.	contig_3141:86353-86416
contig_3141	481951	482391	gene,mRNA		contig_3141:481951-482391
contig_3141	696760	696831	intergenic	.	contig_3141:696760-696831
contig_3143	8112	8181	intergenic	.	contig_3143:8112-8181
contig_3167	138509	138726	intergenic	.	contig_3167:138509-138726
contig_3167	1787323	1787453	intergenic	.	contig_3167:1787323-1787453
contig_3167	2255320	2255625	intergenic	.	contig_3167:2255320-2255625
contig_3167	2290519	2290587	intergenic	.	contig_3167:2290519-2290587
contig_3168	1968424	1968575	intergenic	.	contig_3168:1968424-1968575
contig_3168	2812064	2812153	intergenic	.	contig_3168:2812064-2812153
contig_3168	3491588	3491658	intergenic	.	contig_3168:3491588-3491658
contig_3168	3680070	3680106	intergenic	.	contig_3168:3680070-3680106
contig_3168	4267299	4267364	intergenic	.	contig_3168:4267299-4267364
contig_3168	4305805	4305916	intergenic	.	contig_3168:4305805-4305916
contig_3168	4306201	4306305	intergenic	.	contig_3168:4306201-4306305
contig_3168	5684777	5685116	gene,mRNA		contig_3168:5684777-5685116
contig_3168	5949004	5949252	intergenic	.	contig_3168:5949004-5949252
contig_3168	7077990	7078213	gene,mRNA		contig_3168:7077990-7078213
contig_3168	7253904	7254128	gene,mRNA		contig_3168:7253904-7254128
contig_3194	239889	239961	intergenic	.	contig_3194:239889-239961
contig_3194	299581	299665	intergenic	.	contig_3194:299581-299665
contig_3194	886703	886856	intergenic	.	contig_3194:886703-886856
contig_3194	924555	924610	intergenic	.	contig_3194:924555-924610
contig_3194	1066086	1066273	intergenic	.	contig_3194:1066086-1066273
contig_3214	27049	27123	intergenic	.	contig_3214:27049-27123
contig_3259	391780	391907	intergenic	.	contig_3259:391780-391907
contig_3259	858401	858743	exon,CDS,gene,mRNA		contig_3259:858401-858743
contig_3259	1560695	1560947	intergenic	.	contig_3259:1560695-1560947
contig_3259	1563479	1564026	intergenic	.	contig_3259:1563479-1564026
contig_3259	1700921	1701019	gene,mRNA		contig_3259:1700921-1701019
contig_3259	2200235	2200425	gene,mRNA		contig_3259:2200235-2200425
contig_3259	2253845	2253988	gene,mRNA		contig_3259:2253845-2253988
contig_3259	3290663	3290774	gene,mRNA		contig_3259:3290663-3290774
contig_3259	3503421	3503534	gene,mRNA		contig_3259:3503421-3503534
contig_3259	3636314	3636353	intergenic	.	contig_3259:3636314-3636353
contig_3280	1263038	1263175	intergenic	.	contig_3280:1263038-1263175
contig_3304	470	627	intergenic	.	contig_3304:470-627
contig_3304	139583	139671	intergenic	.	contig_3304:139583-139671
contig_3320	66584	66757	gene,mRNA		contig_3320:66584-66757
contig_3320	228340	228548	gene,mRNA		contig_3320:228340-228548
contig_3320	323023	323276	intergenic	.	contig_3320:323023-323276
contig_3320	323327	323593	intergenic	.	contig_3320:323327-323593
contig_3320	395336	395485	intergenic	.	contig_3320:395336-395485
contig_3320	611736	611949	intergenic	.	contig_3320:611736-611949
contig_3320	795310	795410	intergenic	.	contig_3320:795310-795410
contig_3320	1080664	1080738	intergenic	.	contig_3320:1080664-1080738
contig_3320	1142406	1142674	intergenic	.	contig_3320:1142406-1142674
contig_3320	1481361	1481558	gene,mRNA,start_codon,exon,CDS		contig_3320:1481361-1481558
contig_3320	1675920	1676070	intergenic	.	contig_3320:1675920-1676070
contig_3329	1990163	1990558	gene,mRNA,exon,CDS,stop_codon,polyA_signal_sequence		contig_3329:1990163-1990558
contig_3329	2009966	2010003	intergenic	.	contig_3329:2009966-2010003
contig_3329	2467631	2467841	gene,mRNA		contig_3329:2467631-2467841
contig_3329	2928115	2928447	gene,mRNA		contig_3329:2928115-2928447
contig_3344	13093	13123	intergenic	.	contig_3344:13093-13123
contig_3344	603670	603735	intergenic	.	contig_3344:603670-603735
contig_3353	334740	334779	gene,mRNA		contig_3353:334740-334779
contig_3353	334865	335023	gene,mRNA		contig_3353:334865-335023
contig_3353	366441	366579	intergenic	.	contig_3353:366441-366579
contig_3353	654420	654663	intergenic	.	contig_3353:654420-654663
contig_3357	48120	48285	intergenic	.	contig_3357:48120-48285
contig_3369	54247	54515	intergenic	.	contig_3369:54247-54515
contig_3369	68167	68216	intergenic	.	contig_3369:68167-68216
contig_3369	173941	174283	intergenic	.	contig_3369:173941-174283
contig_3388	32821	32903	intergenic	.	contig_3388:32821-32903
contig_3388	114639	114752	intergenic	.	contig_3388:114639-114752
contig_3388	735501	735834	intergenic	.	contig_3388:735501-735834
contig_3388	885027	885220	intergenic	.	contig_3388:885027-885220
contig_3388	1026988	1027058	intergenic	.	contig_3388:1026988-1027058
contig_3388	1229709	1229962	intergenic	.	contig_3388:1229709-1229962
contig_3388	1230205	1230300	intergenic	.	contig_3388:1230205-1230300
contig_3388	1253659	1253838	intergenic	.	contig_3388:1253659-1253838
contig_3388	1253892	1254028	intergenic	.	contig_3388:1253892-1254028
contig_3388	1268152	1268318	intergenic	.	contig_3388:1268152-1268318
contig_3388	1296000	1296117	intergenic	.	contig_3388:1296000-1296117
contig_3388	1662141	1662457	intergenic	.	contig_3388:1662141-1662457
contig_3388	1968549	1968682	intergenic	.	contig_3388:1968549-1968682
contig_3388	2347952	2348026	intergenic	.	contig_3388:2347952-2348026
contig_3389	16613	16644	gene,mRNA		contig_3389:16613-16644
contig_3398	772865	772964	gene,mRNA		contig_3398:772865-772964
contig_3398	1502368	1502458	gene,mRNA		contig_3398:1502368-1502458
contig_3398	1558197	1558267	intergenic	.	contig_3398:1558197-1558267
contig_3399	357105	357244	gene,mRNA		contig_3399:357105-357244
contig_3399	550283	550386	gene,mRNA		contig_3399:550283-550386
contig_3399	1268856	1268887	intergenic	.	contig_3399:1268856-1268887
contig_3399	1325127	1325284	gene,mRNA		contig_3399:1325127-1325284
contig_3399	1352037	1352223	exon,CDS,start_codon,gene,mRNA		contig_3399:1352037-1352223
contig_34	280472	280698	intergenic	.	contig_34:280472-280698
contig_34	421978	422055	gene,mRNA		contig_34:421978-422055
contig_3400	124844	125016	gene,mRNA,exon,CDS,stop_codon		contig_3400:124844-125016
contig_3400	382218	382370	intergenic	.	contig_3400:382218-382370
contig_3407	292349	292493	intergenic	.	contig_3407:292349-292493
contig_3407	1073519	1073662	intergenic	.	contig_3407:1073519-1073662
contig_3415	254127	254315	intergenic	.	contig_3415:254127-254315
contig_3415	379658	379695	intergenic	.	contig_3415:379658-379695
contig_3415	1187469	1187610	intergenic	.	contig_3415:1187469-1187610
contig_3416	55115	55297	gene,mRNA		contig_3416:55115-55297
contig_3416	60149	60456	gene,mRNA		contig_3416:60149-60456
contig_3416	106346	106724	gene,mRNA		contig_3416:106346-106724
contig_3416	861490	861622	intergenic	.	contig_3416:861490-861622
contig_343	136403	136508	intergenic	.	contig_343:136403-136508
contig_343	885135	885322	intergenic	.	contig_343:885135-885322
contig_343	1252136	1252201	gene,mRNA		contig_343:1252136-1252201
contig_3433	124858	124992	gene,mRNA		contig_3433:124858-124992
contig_3442	28242	28339	intergenic	.	contig_3442:28242-28339
contig_3442	28726	28826	intergenic	.	contig_3442:28726-28826
contig_3442	29127	29227	intergenic	.	contig_3442:29127-29227
contig_3465	466763	466962	intergenic	.	contig_3465:466763-466962
contig_3465	1618888	1618985	intergenic	.	contig_3465:1618888-1618985
contig_3484	199528	199628	gene,mRNA		contig_3484:199528-199628
contig_3485	1071294	1071460	intergenic	.	contig_3485:1071294-1071460
contig_3485	1665813	1665864	intergenic	.	contig_3485:1665813-1665864
contig_3487	54868	55034	intergenic	.	contig_3487:54868-55034
contig_3488	106624	106672	intergenic	.	contig_3488:106624-106672
contig_3488	431751	431781	intergenic	.	contig_3488:431751-431781
contig_3488	1242958	1243019	gene,mRNA		contig_3488:1242958-1243019
contig_3488	1337762	1337899	intergenic	.	contig_3488:1337762-1337899
contig_3488	1542039	1542238	intergenic	.	contig_3488:1542039-1542238
contig_3488	1658340	1658416	intergenic	.	contig_3488:1658340-1658416
contig_3488	2290495	2290740	gene,mRNA		contig_3488:2290495-2290740
contig_3488	2550043	2550168	intergenic	.	contig_3488:2550043-2550168
contig_3488	2584089	2584261	intergenic	.	contig_3488:2584089-2584261
contig_3488	2980042	2980152	gene,mRNA		contig_3488:2980042-2980152
contig_3488	3007760	3007944	gene,mRNA		contig_3488:3007760-3007944
contig_3488	3499516	3499601	gene,mRNA		contig_3488:3499516-3499601
contig_3488	3676626	3676785	intergenic	.	contig_3488:3676626-3676785
contig_3488	3684810	3685024	intergenic	.	contig_3488:3684810-3685024
contig_3488	4004396	4004672	intergenic	.	contig_3488:4004396-4004672
contig_3488	4297391	4297463	intergenic	.	contig_3488:4297391-4297463
contig_3488	4377256	4377314	intergenic	.	contig_3488:4377256-4377314
contig_3488	4411775	4411860	intergenic	.	contig_3488:4411775-4411860
contig_3488	4493200	4493367	intergenic	.	contig_3488:4493200-4493367
contig_3491	318603	318655	intergenic	.	contig_3491:318603-318655
contig_3491	612266	612558	intergenic	.	contig_3491:612266-612558
contig_3491	803388	803463	intergenic	.	contig_3491:803388-803463
contig_3491	803528	803648	intergenic	.	contig_3491:803528-803648
contig_3491	1173848	1173921	intergenic	.	contig_3491:1173848-1173921
contig_3492	425065	425201	gene,mRNA		contig_3492:425065-425201
contig_3492	719449	719738	gene,polyA_signal_sequence		contig_3492:719449-719738
contig_3503	455124	455155	intergenic	.	contig_3503:455124-455155
contig_3519	108978	109254	intergenic	.	contig_3519:108978-109254
contig_3530	1559443	1559691	intergenic	.	contig_3530:1559443-1559691
contig_3530	1824805	1824864	gene,mRNA		contig_3530:1824805-1824864
contig_3530	2272976	2273024	gene,mRNA		contig_3530:2272976-2273024
contig_3530	2455207	2455379	intergenic	.	contig_3530:2455207-2455379
contig_3537	1149768	1149934	gene,mRNA		contig_3537:1149768-1149934
contig_3563	381325	381452	gene,mRNA		contig_3563:381325-381452
contig_3563	907181	907279	intergenic	.	contig_3563:907181-907279
contig_3563	928979	929054	intergenic	.	contig_3563:928979-929054
contig_3563	1239065	1239231	intergenic	.	contig_3563:1239065-1239231
contig_3563	1325860	1325991	gene,mRNA		contig_3563:1325860-1325991
contig_3563	1433094	1433331	gene,mRNA		contig_3563:1433094-1433331
contig_3563	1518861	1518951	intergenic	.	contig_3563:1518861-1518951
contig_3563	1820747	1820952	intergenic	.	contig_3563:1820747-1820952
contig_3563	1821029	1821166	intergenic	.	contig_3563:1821029-1821166
contig_3563	2076660	2076723	intergenic	.	contig_3563:2076660-2076723
contig_3565	241194	241568	intergenic	.	contig_3565:241194-241568
contig_3565	982091	982170	intergenic	.	contig_3565:982091-982170
contig_3565	1120131	1120393	intergenic	.	contig_3565:1120131-1120393
contig_3565	1579298	1579474	gene,mRNA		contig_3565:1579298-1579474
contig_3571	924353	924599	gene,mRNA		contig_3571:924353-924599
contig_3572	340122	340215	intergenic	.	contig_3572:340122-340215
contig_3582	1216755	1216989	gene,mRNA		contig_3582:1216755-1216989
contig_3583	99197	99372	intergenic	.	contig_3583:99197-99372
contig_3585	558887	559022	gene,mRNA		contig_3585:558887-559022
contig_3585	845605	846035	intergenic	.	contig_3585:845605-846035
contig_3586	70246	70352	gene,mRNA		contig_3586:70246-70352
contig_3633	903147	903238	intergenic	.	contig_3633:903147-903238
contig_3633	903289	903471	intergenic	.	contig_3633:903289-903471
contig_3673	265394	265530	intergenic	.	contig_3673:265394-265530
contig_3673	543944	544077	intergenic	.	contig_3673:543944-544077
contig_3673	598044	598112	gene,mRNA		contig_3673:598044-598112
contig_3673	598357	598459	gene,mRNA		contig_3673:598357-598459
contig_3701	14965	15059	intergenic	.	contig_3701:14965-15059
contig_3703	72352	72452	intergenic	.	contig_3703:72352-72452
contig_3712	53053	53117	intergenic	.	contig_3712:53053-53117
contig_3731	15639	15896	intergenic	.	contig_3731:15639-15896
contig_3732	23185	23220	intergenic	.	contig_3732:23185-23220
contig_3732	256929	257086	gene,mRNA		contig_3732:256929-257086
contig_3732	415636	415728	intergenic	.	contig_3732:415636-415728
contig_3732	629939	630104	gene,mRNA		contig_3732:629939-630104
contig_3732	672005	672186	intergenic	.	contig_3732:672005-672186
contig_3732	1371168	1371325	intergenic	.	contig_3732:1371168-1371325
contig_3732	1504757	1504870	intergenic	.	contig_3732:1504757-1504870
contig_3732	2333339	2333574	intergenic	.	contig_3732:2333339-2333574
contig_3732	2366351	2366436	intergenic	.	contig_3732:2366351-2366436
contig_3732	3527180	3527309	intergenic	.	contig_3732:3527180-3527309
contig_3747	325783	325896	intergenic	.	contig_3747:325783-325896
contig_3747	543947	544123	intergenic	.	contig_3747:543947-544123
contig_3747	735681	736158	gene,mRNA		contig_3747:735681-736158
contig_3747	792134	792383	intergenic	.	contig_3747:792134-792383
contig_3747	974087	974317	intergenic	.	contig_3747:974087-974317
contig_3747	1237356	1237757	intergenic	.	contig_3747:1237356-1237757
contig_3747	1450701	1450753	intergenic	.	contig_3747:1450701-1450753
contig_3748	220139	220293	intergenic	.	contig_3748:220139-220293
contig_3748	320785	321037	intergenic	.	contig_3748:320785-321037
contig_3748	395194	395435	intergenic	.	contig_3748:395194-395435
contig_3748	620130	620186	intergenic	.	contig_3748:620130-620186
contig_3748	620470	620917	intergenic	.	contig_3748:620470-620917
contig_3748	1079537	1079957	intergenic	.	contig_3748:1079537-1079957
contig_3748	1209279	1209640	gene,mRNA		contig_3748:1209279-1209640
contig_3748	2078138	2078401	polyA_signal_sequence,stop_codon,exon,CDS,gene,mRNA		contig_3748:2078138-2078401
contig_3748	2112657	2112758	gene,mRNA		contig_3748:2112657-2112758
contig_3748	3033815	3033853	gene,mRNA		contig_3748:3033815-3033853
contig_3748	3124917	3125104	intergenic	.	contig_3748:3124917-3125104
contig_3748	3393883	3393926	intergenic	.	contig_3748:3393883-3393926
contig_3748	3504948	3505068	intergenic	.	contig_3748:3504948-3505068
contig_3748	3531135	3531204	intergenic	.	contig_3748:3531135-3531204
contig_3748	3537654	3537772	intergenic	.	contig_3748:3537654-3537772
contig_3781	493743	493797	intergenic	.	contig_3781:493743-493797
contig_3781	1032486	1032640	gene,mRNA		contig_3781:1032486-1032640
contig_3781	1079633	1079701	intergenic	.	contig_3781:1079633-1079701
contig_3796	39940	39970	intergenic	.	contig_3796:39940-39970
contig_3796	317851	318099	gene,mRNA		contig_3796:317851-318099
contig_3796	318459	318506	gene,mRNA		contig_3796:318459-318506
contig_3796	556060	556172	gene,mRNA		contig_3796:556060-556172
contig_3814	644602	644711	gene,mRNA		contig_3814:644602-644711
contig_3814	713694	713994	intergenic	.	contig_3814:713694-713994
contig_3816	194785	195040	gene,mRNA		contig_3816:194785-195040
contig_3816	242372	242553	exon,CDS,start_codon,gene,mRNA		contig_3816:242372-242553
contig_3816	250255	250557	intergenic	.	contig_3816:250255-250557
contig_3816	321553	321765	intergenic	.	contig_3816:321553-321765
contig_3816	331986	332207	intergenic	.	contig_3816:331986-332207
contig_3816	541327	541658	intergenic	.	contig_3816:541327-541658
contig_3816	1059635	1059852	intergenic	.	contig_3816:1059635-1059852
contig_3816	1292578	1292640	gene,mRNA		contig_3816:1292578-1292640
contig_3819	231051	231107	gene,mRNA		contig_3819:231051-231107
contig_3827	110248	110371	intergenic	.	contig_3827:110248-110371
contig_3827	110782	110892	intergenic	.	contig_3827:110782-110892
contig_3827	944981	945539	gene,mRNA		contig_3827:944981-945539
contig_3837	400675	400820	intergenic	.	contig_3837:400675-400820
contig_3837	913015	913205	intergenic	.	contig_3837:913015-913205
contig_3837	977849	978040	intergenic	.	contig_3837:977849-978040
contig_3837	1224878	1225092	intergenic	.	contig_3837:1224878-1225092
contig_3837	1318355	1318445	intergenic	.	contig_3837:1318355-1318445
contig_3837	1673290	1673342	intergenic	.	contig_3837:1673290-1673342
contig_3837	2334999	2335144	gene,mRNA		contig_3837:2334999-2335144
contig_3880	81239	81302	intergenic	.	contig_3880:81239-81302
contig_3880	81376	81439	intergenic	.	contig_3880:81376-81439
contig_3880	134135	134208	intergenic	.	contig_3880:134135-134208
contig_3880	418810	418890	gene,mRNA		contig_3880:418810-418890
contig_3880	428306	428364	gene,mRNA		contig_3880:428306-428364
contig_3880	779719	779918	intergenic	.	contig_3880:779719-779918
contig_3880	1120483	1120720	gene,mRNA		contig_3880:1120483-1120720
contig_3880	1429558	1429694	intergenic	.	contig_3880:1429558-1429694
contig_3880	1861193	1861285	intergenic	.	contig_3880:1861193-1861285
contig_3881	166457	166725	intergenic	.	contig_3881:166457-166725
contig_3881	508900	508963	intergenic	.	contig_3881:508900-508963
contig_3881	1075685	1075956	gene,mRNA		contig_3881:1075685-1075956
contig_3881	4686691	4686760	intergenic	.	contig_3881:4686691-4686760
contig_3881	5073735	5073789	intergenic	.	contig_3881:5073735-5073789
contig_3881	5074088	5074208	intergenic	.	contig_3881:5074088-5074208
contig_3883	420179	420418	gene,mRNA		contig_3883:420179-420418
contig_3896	421714	421817	intergenic	.	contig_3896:421714-421817
contig_3896	421889	422048	intergenic	.	contig_3896:421889-422048
contig_3896	903348	903517	intergenic	.	contig_3896:903348-903517
contig_3896	903664	903993	intergenic	.	contig_3896:903664-903993
contig_3896	957714	958027	intergenic	.	contig_3896:957714-958027
contig_3896	1015208	1015526	intergenic	.	contig_3896:1015208-1015526
contig_3896	1143362	1143451	intergenic	.	contig_3896:1143362-1143451
contig_3896	1194454	1194664	intergenic	.	contig_3896:1194454-1194664
contig_3896	1230222	1230423	intergenic	.	contig_3896:1230222-1230423
contig_3896	1356501	1356614	intergenic	.	contig_3896:1356501-1356614
contig_3896	1859881	1859985	intergenic	.	contig_3896:1859881-1859985
contig_3896	2255336	2255623	gene,mRNA		contig_3896:2255336-2255623
contig_3934	280596	280772	intergenic	.	contig_3934:280596-280772
contig_3935	1457987	1458237	intergenic	.	contig_3935:1457987-1458237
contig_3935	1733470	1733730	intergenic	.	contig_3935:1733470-1733730
contig_3935	2267534	2267692	intergenic	.	contig_3935:2267534-2267692
contig_3935	2279368	2279668	intergenic	.	contig_3935:2279368-2279668
contig_3935	3392946	3392993	intergenic	.	contig_3935:3392946-3392993
contig_3938	281329	281431	gene,mRNA		contig_3938:281329-281431
contig_3938	603272	603314	gene,mRNA		contig_3938:603272-603314
contig_3938	1265645	1265697	intergenic	.	contig_3938:1265645-1265697
contig_3938	2043339	2043630	intergenic	.	contig_3938:2043339-2043630
contig_3938	2553574	2553604	intergenic	.	contig_3938:2553574-2553604
contig_3938	2657079	2657281	intergenic	.	contig_3938:2657079-2657281
contig_3938	2672041	2672359	intergenic	.	contig_3938:2672041-2672359
contig_3938	3176150	3176208	gene,mRNA		contig_3938:3176150-3176208
contig_3938	3365757	3365975	intergenic	.	contig_3938:3365757-3365975
contig_3938	3435320	3435995	intergenic	.	contig_3938:3435320-3435995
contig_3938	3490818	3491368	intergenic	.	contig_3938:3490818-3491368
contig_3938	3568515	3568622	intergenic	.	contig_3938:3568515-3568622
contig_3951	201708	201801	gene		contig_3951:201708-201801
contig_3951	202102	202202	intergenic	.	contig_3951:202102-202202
contig_3951	202396	202501	intergenic	.	contig_3951:202396-202501
contig_3951	203262	203362	gene,mRNA,exon,CDS		contig_3951:203262-203362
contig_3954	217284	217384	intergenic	.	contig_3954:217284-217384
contig_3954	217485	217580	intergenic	.	contig_3954:217485-217580
contig_3954	217881	217982	intergenic	.	contig_3954:217881-217982
contig_3954	253573	253672	intergenic	.	contig_3954:253573-253672
contig_3957	291909	292103	gene,mRNA		contig_3957:291909-292103
contig_3957	363742	363784	intergenic	.	contig_3957:363742-363784
contig_3957	828344	828608	exon,CDS,gene,mRNA		contig_3957:828344-828608
contig_3957	895768	895886	gene,mRNA		contig_3957:895768-895886
contig_3957	896304	896412	gene,mRNA		contig_3957:896304-896412
contig_3957	1479644	1479732	intergenic	.	contig_3957:1479644-1479732
contig_3957	2417661	2417975	intergenic	.	contig_3957:2417661-2417975
contig_3957	2922911	2923092	intergenic	.	contig_3957:2922911-2923092
contig_3957	2932189	2932424	intergenic	.	contig_3957:2932189-2932424
contig_3968	542926	543063	intergenic	.	contig_3968:542926-543063
contig_3969	31912	32285	intergenic	.	contig_3969:31912-32285
contig_3969	83235	83400	intergenic	.	contig_3969:83235-83400
contig_3983	47115	47276	gene,mRNA		contig_3983:47115-47276
contig_4018	3920	3979	intergenic	.	contig_4018:3920-3979
contig_4032	89253	89523	intergenic	.	contig_4032:89253-89523
contig_4032	138003	138155	gene,mRNA		contig_4032:138003-138155
contig_4032	728303	728512	intergenic	.	contig_4032:728303-728512
contig_4032	788220	788295	intergenic	.	contig_4032:788220-788295
contig_4032	1136299	1136369	intergenic	.	contig_4032:1136299-1136369
contig_4032	1573795	1574030	intergenic	.	contig_4032:1573795-1574030
contig_4032	1776544	1776634	intergenic	.	contig_4032:1776544-1776634
contig_4032	1801669	1801810	intergenic	.	contig_4032:1801669-1801810
contig_4032	1946524	1946767	intergenic	.	contig_4032:1946524-1946767
contig_4032	1991676	1991827	gene,mRNA		contig_4032:1991676-1991827
contig_4032	3335066	3335344	intergenic	.	contig_4032:3335066-3335344
contig_4032	3595438	3595584	intergenic	.	contig_4032:3595438-3595584
contig_4032	3653545	3653760	gene,mRNA		contig_4032:3653545-3653760
contig_4032	4014052	4014185	gene,mRNA		contig_4032:4014052-4014185
contig_4032	4015105	4015157	gene,mRNA		contig_4032:4015105-4015157
contig_4032	4616719	4616783	gene,mRNA		contig_4032:4616719-4616783
contig_4032	6150011	6150453	intergenic	.	contig_4032:6150011-6150453
contig_4032	6544864	6545022	intergenic	.	contig_4032:6544864-6545022
contig_4047	147972	148230	intergenic	.	contig_4047:147972-148230
contig_4047	300727	301049	intergenic	.	contig_4047:300727-301049
contig_4047	309422	309525	gene,mRNA		contig_4047:309422-309525
contig_4047	309584	309873	gene,mRNA		contig_4047:309584-309873
contig_4047	508478	508606	intergenic	.	contig_4047:508478-508606
contig_4047	568149	568194	intergenic	.	contig_4047:568149-568194
contig_4047	1900113	1900164	gene,mRNA		contig_4047:1900113-1900164
contig_4049	324313	324610	intergenic	.	contig_4049:324313-324610
contig_4049	354409	354594	gene,mRNA		contig_4049:354409-354594
contig_4072	127937	128040	intergenic	.	contig_4072:127937-128040
contig_4086	30165	30272	intergenic	.	contig_4086:30165-30272
contig_4105	625878	626071	gene,mRNA		contig_4105:625878-626071
contig_4125	388240	388367	gene,mRNA		contig_4125:388240-388367
contig_4129	752100	752307	intergenic	.	contig_4129:752100-752307
contig_4129	767970	768245	intergenic	.	contig_4129:767970-768245
contig_4129	952374	952516	intergenic	.	contig_4129:952374-952516
contig_4129	961451	961858	gene,mRNA		contig_4129:961451-961858
contig_4129	1258791	1259166	intergenic	.	contig_4129:1258791-1259166
contig_4129	1742924	1743003	gene,mRNA		contig_4129:1742924-1743003
contig_4129	1775363	1775705	gene,mRNA		contig_4129:1775363-1775705
contig_4129	2083475	2083618	intergenic	.	contig_4129:2083475-2083618
contig_4129	2985285	2985672	intergenic	.	contig_4129:2985285-2985672
contig_4129	3017634	3017719	intergenic	.	contig_4129:3017634-3017719
contig_4129	3068629	3068703	intergenic	.	contig_4129:3068629-3068703
contig_4129	3662244	3662376	gene,mRNA		contig_4129:3662244-3662376
contig_4129	4416051	4416612	gene,polyA_signal_sequence,mRNA,stop_codon,exon,CDS,start_codon		contig_4129:4416051-4416612
contig_4129	4673874	4673990	gene,mRNA		contig_4129:4673874-4673990
contig_4129	5330796	5330884	gene,mRNA		contig_4129:5330796-5330884
contig_4129	5661970	5662013	intergenic	.	contig_4129:5661970-5662013
contig_4129	5662366	5662553	intergenic	.	contig_4129:5662366-5662553
contig_4129	5721610	5721737	gene,mRNA		contig_4129:5721610-5721737
contig_4136	694546	694872	intergenic	.	contig_4136:694546-694872
contig_4136	1334659	1334952	intergenic	.	contig_4136:1334659-1334952
contig_4153	307677	307869	intergenic	.	contig_4153:307677-307869
contig_4153	421124	421284	intergenic	.	contig_4153:421124-421284
contig_4153	1199424	1199484	gene,mRNA		contig_4153:1199424-1199484
contig_4180	368505	368623	intergenic	.	contig_4180:368505-368623
contig_4180	561142	561199	intergenic	.	contig_4180:561142-561199
contig_4192	168956	169032	gene,mRNA		contig_4192:168956-169032
contig_4192	268556	269071	gene,mRNA		contig_4192:268556-269071
contig_4192	480794	480851	gene,mRNA		contig_4192:480794-480851
contig_4192	1660860	1661117	intergenic	.	contig_4192:1660860-1661117
contig_4206	98001	98053	gene,mRNA		contig_4206:98001-98053
contig_4206	948754	948798	gene,mRNA		contig_4206:948754-948798
contig_4206	1164110	1164236	intergenic	.	contig_4206:1164110-1164236
contig_4212	249918	250158	intergenic	.	contig_4212:249918-250158
contig_4212	1857313	1857805	intergenic	.	contig_4212:1857313-1857805
contig_4212	2666629	2666679	intergenic	.	contig_4212:2666629-2666679
contig_4212	3038782	3038981	intergenic	.	contig_4212:3038782-3038981
contig_4212	3388735	3388833	intergenic	.	contig_4212:3388735-3388833
contig_4212	3407527	3407637	intergenic	.	contig_4212:3407527-3407637
contig_4212	4946019	4946080	intergenic	.	contig_4212:4946019-4946080
contig_4222	1127776	1127824	intergenic	.	contig_4222:1127776-1127824
contig_4222	2158932	2159014	gene,mRNA		contig_4222:2158932-2159014
contig_4222	3444122	3444185	intergenic	.	contig_4222:3444122-3444185
contig_4249	142707	143063	gene,mRNA		contig_4249:142707-143063
contig_4249	512660	512763	intergenic	.	contig_4249:512660-512763
contig_4249	531103	531342	intergenic	.	contig_4249:531103-531342
contig_4249	534400	534464	intergenic	.	contig_4249:534400-534464
contig_4249	631359	631610	intergenic	.	contig_4249:631359-631610
contig_4260	45929	45984	intergenic	.	contig_4260:45929-45984
contig_4280	137625	137828	intergenic	.	contig_4280:137625-137828
contig_4280	539018	539837	intergenic	.	contig_4280:539018-539837
contig_43	1122908	1122968	intergenic	.	contig_43:1122908-1122968
contig_43	1133939	1134213	intergenic	.	contig_43:1133939-1134213
contig_43	1890723	1890799	intergenic	.	contig_43:1890723-1890799
contig_4326	831784	831915	intergenic	.	contig_4326:831784-831915
contig_4326	1197917	1198161	intergenic	.	contig_4326:1197917-1198161
contig_4326	1783495	1783594	intergenic	.	contig_4326:1783495-1783594
contig_4326	2300139	2300212	gene,mRNA		contig_4326:2300139-2300212
contig_4326	2370969	2371003	intergenic	.	contig_4326:2370969-2371003
contig_4369	41359	41665	polyA_signal_sequence,gene		contig_4369:41359-41665
contig_4369	197926	198152	intergenic	.	contig_4369:197926-198152
contig_4369	824297	824512	intergenic	.	contig_4369:824297-824512
contig_4369	1458322	1458464	gene,mRNA		contig_4369:1458322-1458464
contig_4369	1617876	1618015	gene,polyA_signal_sequence		contig_4369:1617876-1618015
contig_4369	1899160	1899252	gene,mRNA		contig_4369:1899160-1899252
contig_4369	2112897	2113006	gene,mRNA		contig_4369:2112897-2113006
contig_4369	2491450	2491831	intergenic	.	contig_4369:2491450-2491831
contig_4369	2769809	2770009	exon,CDS,gene,mRNA		contig_4369:2769809-2770009
contig_4369	2850037	2850196	intergenic	.	contig_4369:2850037-2850196
contig_4379	389899	390003	intergenic	.	contig_4379:389899-390003
contig_4379	422877	422981	intergenic	.	contig_4379:422877-422981
contig_4397	392097	392154	intergenic	.	contig_4397:392097-392154
contig_4397	462192	462496	gene,polyA_signal_sequence,mRNA,stop_codon,exon,CDS		contig_4397:462192-462496
contig_4431	664336	664401	intergenic	.	contig_4431:664336-664401
contig_4431	697188	697388	gene,mRNA		contig_4431:697188-697388
contig_4431	856761	856916	gene,mRNA		contig_4431:856761-856916
contig_4431	2104195	2104342	gene,mRNA		contig_4431:2104195-2104342
contig_4431	2527185	2527315	intergenic	.	contig_4431:2527185-2527315
contig_4441	30842	30909	intergenic	.	contig_4441:30842-30909
contig_4455	879748	879800	intergenic	.	contig_4455:879748-879800
contig_4455	880038	880089	intergenic	.	contig_4455:880038-880089
contig_4455	880633	880758	intergenic	.	contig_4455:880633-880758
contig_4455	1738793	1738892	intergenic	.	contig_4455:1738793-1738892
contig_4459	158545	158686	intergenic	.	contig_4459:158545-158686
contig_4459	536598	536630	intergenic	.	contig_4459:536598-536630
contig_4459	578332	578459	intergenic	.	contig_4459:578332-578459
contig_4459	826890	826979	intergenic	.	contig_4459:826890-826979
contig_4459	1159493	1159562	gene,mRNA		contig_4459:1159493-1159562
contig_4459	1159634	1159729	gene,mRNA		contig_4459:1159634-1159729
contig_4459	1285664	1286082	intergenic	.	contig_4459:1285664-1286082
contig_446	460888	461136	intergenic	.	contig_446:460888-461136
contig_446	638325	638363	intergenic	.	contig_446:638325-638363
contig_4476	1378351	1378429	intergenic	.	contig_4476:1378351-1378429
contig_4477	67190	67263	gene,mRNA		contig_4477:67190-67263
contig_4477	102846	103204	intergenic	.	contig_4477:102846-103204
contig_4477	333924	334046	intergenic	.	contig_4477:333924-334046
contig_448	35885	36000	intergenic	.	contig_448:35885-36000
contig_448	110848	110928	intergenic	.	contig_448:110848-110928
contig_448	360465	361087	gene,mRNA		contig_448:360465-361087
contig_448	788807	789034	intergenic	.	contig_448:788807-789034
contig_448	791463	791637	intergenic	.	contig_448:791463-791637
contig_4497	63219	63321	intergenic	.	contig_4497:63219-63321
contig_4504	25079	25274	gene,mRNA		contig_4504:25079-25274
contig_4504	589735	589886	intergenic	.	contig_4504:589735-589886
contig_4504	815534	815590	intergenic	.	contig_4504:815534-815590
contig_4504	1075335	1075369	gene,mRNA		contig_4504:1075335-1075369
contig_4504	1368980	1369052	intergenic	.	contig_4504:1368980-1369052
contig_4504	1829536	1829660	intergenic	.	contig_4504:1829536-1829660
contig_4504	1830290	1830604	intergenic	.	contig_4504:1830290-1830604
contig_4504	1923605	1923741	intergenic	.	contig_4504:1923605-1923741
contig_4504	2325140	2325288	gene,mRNA		contig_4504:2325140-2325288
contig_4504	2621503	2621642	gene,mRNA		contig_4504:2621503-2621642
contig_4519	559	788	intergenic	.	contig_4519:559-788
contig_4526	710018	710145	intergenic	.	contig_4526:710018-710145
contig_4538	109906	110048	gene,mRNA		contig_4538:109906-110048
contig_4538	381916	382100	intergenic	.	contig_4538:381916-382100
contig_4538	775396	775496	intergenic	.	contig_4538:775396-775496
contig_4538	797658	797742	intergenic	.	contig_4538:797658-797742
contig_4538	1079924	1080015	intergenic	.	contig_4538:1079924-1080015
contig_4538	1615770	1615851	intergenic	.	contig_4538:1615770-1615851
contig_4538	1682241	1682434	intergenic	.	contig_4538:1682241-1682434
contig_4538	1816969	1817152	intergenic	.	contig_4538:1816969-1817152
contig_4541	91904	92009	intergenic	.	contig_4541:91904-92009
contig_4542	76246	76325	intergenic	.	contig_4542:76246-76325
contig_4574	72327	72632	intergenic	.	contig_4574:72327-72632
contig_4574	96749	96942	intergenic	.	contig_4574:96749-96942
contig_4600	87892	88435	intergenic	.	contig_4600:87892-88435
contig_4600	111079	111284	intergenic	.	contig_4600:111079-111284
contig_4611	9699	9790	intergenic	.	contig_4611:9699-9790
contig_4617	97202	97316	intergenic	.	contig_4617:97202-97316
contig_4618	2873	3157	intergenic	.	contig_4618:2873-3157
contig_4635	426041	426111	gene,mRNA		contig_4635:426041-426111
contig_4637	471256	471315	gene,mRNA		contig_4637:471256-471315
contig_4637	508006	508160	intergenic	.	contig_4637:508006-508160
contig_4637	652591	652775	intergenic	.	contig_4637:652591-652775
contig_4637	787430	787743	intergenic	.	contig_4637:787430-787743
contig_4637	830558	830693	intergenic	.	contig_4637:830558-830693
contig_4637	830976	831071	intergenic	.	contig_4637:830976-831071
contig_4637	885040	885121	intergenic	.	contig_4637:885040-885121
contig_4639	1014301	1014401	intergenic	.	contig_4639:1014301-1014401
contig_4640	647303	647379	intergenic	.	contig_4640:647303-647379
contig_4640	647652	647708	intergenic	.	contig_4640:647652-647708
contig_4640	648257	648358	intergenic	.	contig_4640:648257-648358
contig_4642	1113193	1113766	intergenic	.	contig_4642:1113193-1113766
contig_4642	1688135	1688355	intergenic	.	contig_4642:1688135-1688355
contig_4642	2329167	2329230	intergenic	.	contig_4642:2329167-2329230
contig_4650	1421197	1421300	gene,mRNA		contig_4650:1421197-1421300
contig_4650	1421360	1421415	gene,mRNA		contig_4650:1421360-1421415
contig_4650	1789808	1790249	intergenic	.	contig_4650:1789808-1790249
contig_4651	517483	517552	gene,mRNA		contig_4651:517483-517552
contig_4651	651888	651934	intergenic	.	contig_4651:651888-651934
contig_4651	652225	652362	intergenic	.	contig_4651:652225-652362
contig_4651	1734080	1734275	intergenic	.	contig_4651:1734080-1734275
contig_4651	1905420	1905846	intergenic	.	contig_4651:1905420-1905846
contig_4651	2047248	2047289	intergenic	.	contig_4651:2047248-2047289
contig_4651	2057419	2057513	intergenic	.	contig_4651:2057419-2057513
contig_4651	2728706	2728767	intergenic	.	contig_4651:2728706-2728767
contig_4651	2920781	2920993	intergenic	.	contig_4651:2920781-2920993
contig_4658	1046532	1046586	gene,mRNA		contig_4658:1046532-1046586
contig_4658	1110525	1110626	intergenic	.	contig_4658:1110525-1110626
contig_4665	421676	421844	gene,mRNA		contig_4665:421676-421844
contig_4669	51619	51676	intergenic	.	contig_4669:51619-51676
contig_4674	174538	174722	intergenic	.	contig_4674:174538-174722
contig_4674	188127	188383	intergenic	.	contig_4674:188127-188383
contig_4675	38418	38565	intergenic	.	contig_4675:38418-38565
contig_4676	28945	29096	intergenic	.	contig_4676:28945-29096
contig_4679	775179	775244	intergenic	.	contig_4679:775179-775244
contig_4679	2218182	2218391	intergenic	.	contig_4679:2218182-2218391
contig_4679	2247680	2247715	intergenic	.	contig_4679:2247680-2247715
contig_4679	2909752	2909782	intergenic	.	contig_4679:2909752-2909782
contig_4680	513172	513217	gene,mRNA,exon,CDS		contig_4680:513172-513217
contig_4680	624889	625052	gene,mRNA		contig_4680:624889-625052
contig_4680	1460218	1460388	intergenic	.	contig_4680:1460218-1460388
contig_4680	1493779	1493914	intergenic	.	contig_4680:1493779-1493914
contig_4699	75237	75298	intergenic	.	contig_4699:75237-75298
contig_4699	75349	75441	intergenic	.	contig_4699:75349-75441
contig_4699	106792	106859	intergenic	.	contig_4699:106792-106859
contig_4699	247179	247438	intergenic	.	contig_4699:247179-247438
contig_4699	312119	312306	intergenic	.	contig_4699:312119-312306
contig_4699	797054	797499	gene,mRNA		contig_4699:797054-797499
contig_4699	970196	970386	intergenic	.	contig_4699:970196-970386
contig_4699	1083994	1084216	intergenic	.	contig_4699:1083994-1084216
contig_4699	1193205	1193286	intergenic	.	contig_4699:1193205-1193286
contig_4699	1193355	1193404	intergenic	.	contig_4699:1193355-1193404
contig_4699	1286202	1286282	intergenic	.	contig_4699:1286202-1286282
contig_4699	1788256	1788682	gene,mRNA		contig_4699:1788256-1788682
contig_4699	1885889	1885942	intergenic	.	contig_4699:1885889-1885942
contig_4699	1933813	1933997	intergenic	.	contig_4699:1933813-1933997
contig_4699	2246916	2247017	intergenic	.	contig_4699:2246916-2247017
contig_4705	236434	236610	intergenic	.	contig_4705:236434-236610
contig_4705	236682	236782	intergenic	.	contig_4705:236682-236782
contig_4705	400851	400974	intergenic	.	contig_4705:400851-400974
contig_4705	538267	538457	intergenic	.	contig_4705:538267-538457
contig_4705	806856	806929	gene,mRNA		contig_4705:806856-806929
contig_4705	807195	807423	gene,mRNA		contig_4705:807195-807423
contig_4718	120448	120585	gene,mRNA		contig_4718:120448-120585
contig_4722	103957	104157	intergenic	.	contig_4722:103957-104157
contig_4722	387769	388027	intergenic	.	contig_4722:387769-388027
contig_4722	556449	556600	intergenic	.	contig_4722:556449-556600
contig_4722	625133	625351	intergenic	.	contig_4722:625133-625351
contig_4722	1341935	1342022	intergenic	.	contig_4722:1341935-1342022
contig_4722	1766542	1766625	gene,mRNA		contig_4722:1766542-1766625
contig_4722	2528373	2528458	intergenic	.	contig_4722:2528373-2528458
contig_4722	3180861	3180927	intergenic	.	contig_4722:3180861-3180927
contig_4722	3241541	3241611	intergenic	.	contig_4722:3241541-3241611
contig_4722	4819039	4819200	intergenic	.	contig_4722:4819039-4819200
contig_4722	4899112	4899191	gene,mRNA		contig_4722:4899112-4899191
contig_4722	5043031	5043124	intergenic	.	contig_4722:5043031-5043124
contig_4726	176817	177054	intergenic	.	contig_4726:176817-177054
contig_4729	145604	145706	intergenic	.	contig_4729:145604-145706
contig_4729	257446	257796	intergenic	.	contig_4729:257446-257796
contig_4729	333426	333595	intergenic	.	contig_4729:333426-333595
contig_4735	4656	5023	intergenic	.	contig_4735:4656-5023
contig_4735	502589	502619	gene,mRNA		contig_4735:502589-502619
contig_4735	587031	587150	intergenic	.	contig_4735:587031-587150
contig_4745	140623	140851	intergenic	.	contig_4745:140623-140851
contig_4745	908782	908847	intergenic	.	contig_4745:908782-908847
contig_4748	43022	43057	intergenic	.	contig_4748:43022-43057
contig_4751	609211	609306	intergenic	.	contig_4751:609211-609306
contig_4751	609576	609681	intergenic	.	contig_4751:609576-609681
contig_4751	1212153	1212273	intergenic	.	contig_4751:1212153-1212273
contig_4751	1261354	1261470	intergenic	.	contig_4751:1261354-1261470
contig_4768	785384	785533	intergenic	.	contig_4768:785384-785533
contig_4768	2048963	2049041	intergenic	.	contig_4768:2048963-2049041
contig_4768	2358990	2359044	gene,mRNA		contig_4768:2358990-2359044
contig_4768	2462445	2462491	gene,mRNA		contig_4768:2462445-2462491
contig_4768	2462900	2462971	gene,mRNA		contig_4768:2462900-2462971
contig_4787	757063	757240	gene,mRNA		contig_4787:757063-757240
contig_4787	928313	928424	intergenic	.	contig_4787:928313-928424
contig_4787	1072649	1072680	intergenic	.	contig_4787:1072649-1072680
contig_4787	1072815	1073100	intergenic	.	contig_4787:1072815-1073100
contig_4787	1126295	1126603	intergenic	.	contig_4787:1126295-1126603
contig_4787	1569854	1570089	intergenic	.	contig_4787:1569854-1570089
contig_4787	2151665	2152182	intergenic	.	contig_4787:2151665-2152182
contig_4787	2274921	2275001	intergenic	.	contig_4787:2274921-2275001
contig_4787	2528372	2528887	intergenic	.	contig_4787:2528372-2528887
contig_4812	311606	311755	intergenic	.	contig_4812:311606-311755
contig_4812	397745	397798	gene,mRNA		contig_4812:397745-397798
contig_4812	538951	539186	intergenic	.	contig_4812:538951-539186
contig_4812	668441	668545	intergenic	.	contig_4812:668441-668545
contig_4812	806769	806838	intergenic	.	contig_4812:806769-806838
contig_4817	490155	490246	intergenic	.	contig_4817:490155-490246
contig_4817	973125	973156	intergenic	.	contig_4817:973125-973156
contig_4834	243641	243771	gene,mRNA		contig_4834:243641-243771
contig_4834	1197675	1197732	intergenic	.	contig_4834:1197675-1197732
contig_4839	35452	35591	gene,mRNA		contig_4839:35452-35591
contig_4842	635868	635994	intergenic	.	contig_4842:635868-635994
contig_4844	288980	289048	intergenic	.	contig_4844:288980-289048
contig_4845	324590	324708	intergenic	.	contig_4845:324590-324708
contig_4845	953410	953480	intergenic	.	contig_4845:953410-953480
contig_4845	1110356	1110749	intergenic	.	contig_4845:1110356-1110749
contig_4845	1268962	1269128	intergenic	.	contig_4845:1268962-1269128
contig_4845	1281705	1282009	intergenic	.	contig_4845:1281705-1282009
contig_4845	1318362	1318458	polyA_signal_sequence,gene		contig_4845:1318362-1318458
contig_4845	1650966	1651134	gene,mRNA		contig_4845:1650966-1651134
contig_4845	1950751	1950911	intergenic	.	contig_4845:1950751-1950911
contig_4845	2252995	2253125	intergenic	.	contig_4845:2252995-2253125
contig_4845	2905588	2905824	intergenic	.	contig_4845:2905588-2905824
contig_4845	3402810	3402855	gene,mRNA		contig_4845:3402810-3402855
contig_4851	471487	471589	intergenic	.	contig_4851:471487-471589
contig_4863	274536	274758	intergenic	.	contig_4863:274536-274758
contig_4863	334039	334105	intergenic	.	contig_4863:334039-334105
contig_4863	388280	388408	intergenic	.	contig_4863:388280-388408
contig_4870	209360	209531	intergenic	.	contig_4870:209360-209531
contig_4875	504706	505107	intergenic	.	contig_4875:504706-505107
contig_4875	1263063	1263391	intergenic	.	contig_4875:1263063-1263391
contig_4875	1380219	1380280	intergenic	.	contig_4875:1380219-1380280
contig_4875	1989289	1989545	intergenic	.	contig_4875:1989289-1989545
contig_4875	2142439	2142479	intergenic	.	contig_4875:2142439-2142479
contig_4886	18325	18389	intergenic	.	contig_4886:18325-18389
contig_4891_part1	50320	50408	intergenic	.	contig_4891_part1:50320-50408
contig_4891_part1	50663	50781	intergenic	.	contig_4891_part1:50663-50781
contig_4897	186533	186648	intergenic	.	contig_4897:186533-186648
contig_4897	386483	386599	gene,mRNA		contig_4897:386483-386599
contig_4897	402734	402877	gene,mRNA		contig_4897:402734-402877
contig_4897	992032	992259	gene,mRNA		contig_4897:992032-992259
contig_4900	85614	85840	intergenic	.	contig_4900:85614-85840
contig_4901	2357	2526	intergenic	.	contig_4901:2357-2526
contig_4902	354994	355143	gene,mRNA		contig_4902:354994-355143
contig_4902	541845	542203	gene,mRNA		contig_4902:541845-542203
contig_4902	1380928	1381213	intergenic	.	contig_4902:1380928-1381213
contig_4902	1940592	1940708	intergenic	.	contig_4902:1940592-1940708
contig_4902	2418029	2418217	intergenic	.	contig_4902:2418029-2418217
contig_4906	312834	312949	intergenic	.	contig_4906:312834-312949
contig_4906	518185	518527	gene,mRNA		contig_4906:518185-518527
contig_4906	886883	886973	intergenic	.	contig_4906:886883-886973
contig_4906	1497909	1498049	intergenic	.	contig_4906:1497909-1498049
contig_4906	1540062	1540403	intergenic	.	contig_4906:1540062-1540403
contig_4906	2500382	2500432	intergenic	.	contig_4906:2500382-2500432
contig_4906	2578181	2578384	intergenic	.	contig_4906:2578181-2578384
contig_4906	3224894	3225103	gene,mRNA		contig_4906:3224894-3225103
contig_4906	3225171	3225285	gene,mRNA		contig_4906:3225171-3225285
contig_4906	3272807	3272895	intergenic	.	contig_4906:3272807-3272895
contig_4907	730774	730885	gene,mRNA		contig_4907:730774-730885
contig_4907	1327825	1327915	intergenic	.	contig_4907:1327825-1327915
contig_4907	1353550	1353658	gene,mRNA		contig_4907:1353550-1353658
contig_4907	1744670	1744813	gene,mRNA		contig_4907:1744670-1744813
contig_4907	2253697	2253880	intergenic	.	contig_4907:2253697-2253880
contig_4907	3728107	3728148	intergenic	.	contig_4907:3728107-3728148
contig_4907	3917264	3917341	intergenic	.	contig_4907:3917264-3917341
contig_4914	158866	159051	gene,mRNA		contig_4914:158866-159051
contig_4915	364971	365038	intergenic	.	contig_4915:364971-365038
contig_4915	2203751	2203884	intergenic	.	contig_4915:2203751-2203884
contig_4915	2265457	2265528	intergenic	.	contig_4915:2265457-2265528
contig_4915	2281505	2281672	intergenic	.	contig_4915:2281505-2281672
contig_4915	2285686	2285844	intergenic	.	contig_4915:2285686-2285844
contig_4915	2466129	2466178	intergenic	.	contig_4915:2466129-2466178
contig_4926	103419	103464	intergenic	.	contig_4926:103419-103464
contig_4926	482893	482941	intergenic	.	contig_4926:482893-482941
contig_4935	191057	191270	gene,mRNA		contig_4935:191057-191270
contig_4938	88966	89103	intergenic	.	contig_4938:88966-89103
contig_4938	91086	91296	intergenic	.	contig_4938:91086-91296
contig_4942	108909	109028	intergenic	.	contig_4942:108909-109028
contig_4944	691216	691313	intergenic	.	contig_4944:691216-691313
contig_4944	979106	979244	intergenic	.	contig_4944:979106-979244
contig_4944	1069320	1069435	intergenic	.	contig_4944:1069320-1069435
contig_4944	1069578	1069681	intergenic	.	contig_4944:1069578-1069681
contig_4944	1126567	1126697	gene,mRNA		contig_4944:1126567-1126697
contig_4944	1611996	1612066	intergenic	.	contig_4944:1611996-1612066
contig_4944	1626899	1626936	intergenic	.	contig_4944:1626899-1626936
contig_4945	188702	188983	intergenic	.	contig_4945:188702-188983
contig_4950	110030	110213	intergenic	.	contig_4950:110030-110213
contig_4951	18862	18951	intergenic	.	contig_4951:18862-18951
contig_4970	1076843	1076898	intergenic	.	contig_4970:1076843-1076898
contig_4972	95493	95564	gene,mRNA		contig_4972:95493-95564
contig_4972	722230	722478	intergenic	.	contig_4972:722230-722478
contig_4972	859090	859269	intergenic	.	contig_4972:859090-859269
contig_4972	1083750	1083807	gene,mRNA		contig_4972:1083750-1083807
contig_4972	1662606	1662668	intergenic	.	contig_4972:1662606-1662668
contig_4981	326223	326258	gene,mRNA		contig_4981:326223-326258
contig_4981	326334	326499	gene,mRNA		contig_4981:326334-326499
contig_4981	368861	369067	intergenic	.	contig_4981:368861-369067
contig_4981	381671	381783	intergenic	.	contig_4981:381671-381783
contig_4981	553494	553637	intergenic	.	contig_4981:553494-553637
contig_4981	558206	558419	intergenic	.	contig_4981:558206-558419
contig_4981	713267	713406	intergenic	.	contig_4981:713267-713406
contig_4981	713520	713592	intergenic	.	contig_4981:713520-713592
contig_4998	546707	546933	intergenic	.	contig_4998:546707-546933
contig_4998	1396066	1396288	intergenic	.	contig_4998:1396066-1396288
contig_4998	1429638	1429786	intergenic	.	contig_4998:1429638-1429786
contig_4998	1625871	1625941	gene,mRNA		contig_4998:1625871-1625941
contig_4998	1860740	1860974	gene,mRNA		contig_4998:1860740-1860974
contig_4999	28584	28614	intergenic	.	contig_4999:28584-28614
contig_4999	1248510	1248584	intergenic	.	contig_4999:1248510-1248584
contig_5023	634889	634961	intergenic	.	contig_5023:634889-634961
contig_5023	837259	837327	intergenic	.	contig_5023:837259-837327
contig_5023	915418	915532	intergenic	.	contig_5023:915418-915532
contig_5023	915621	915828	intergenic	.	contig_5023:915621-915828
contig_5023	1086767	1086953	intergenic	.	contig_5023:1086767-1086953
contig_5027	469840	469924	intergenic	.	contig_5027:469840-469924
contig_5027	599131	599304	intergenic	.	contig_5027:599131-599304
contig_5027	1007519	1007612	gene,mRNA		contig_5027:1007519-1007612
contig_5027	1103438	1103555	intergenic	.	contig_5027:1103438-1103555
contig_5027	1104547	1104627	intergenic	.	contig_5027:1104547-1104627
contig_5027	1307191	1307326	intergenic	.	contig_5027:1307191-1307326
contig_5027	1602332	1602458	intergenic	.	contig_5027:1602332-1602458
contig_5027	1724495	1725096	intergenic	.	contig_5027:1724495-1725096
contig_5027	2276036	2276223	intergenic	.	contig_5027:2276036-2276223
contig_5027	2597565	2597849	intergenic	.	contig_5027:2597565-2597849
contig_5027	2954600	2954784	exon,CDS,gene,mRNA		contig_5027:2954600-2954784
contig_5027	3450140	3450280	intergenic	.	contig_5027:3450140-3450280
contig_5027	3523064	3523281	intergenic	.	contig_5027:3523064-3523281
contig_5048	696542	696607	gene,mRNA		contig_5048:696542-696607
contig_5049	324188	324358	intergenic	.	contig_5049:324188-324358
contig_5068	457387	457668	intergenic	.	contig_5068:457387-457668
contig_5074	1058908	1059020	intergenic	.	contig_5074:1058908-1059020
contig_5075	278161	278290	gene,mRNA		contig_5075:278161-278290
contig_5075	599610	599657	intergenic	.	contig_5075:599610-599657
contig_5075	783011	783122	intergenic	.	contig_5075:783011-783122
contig_5075	1072442	1072647	intergenic	.	contig_5075:1072442-1072647
contig_5077	60253	60791	intergenic	.	contig_5077:60253-60791
contig_5077	1143079	1143127	intergenic	.	contig_5077:1143079-1143127
contig_5077	1964558	1964730	intergenic	.	contig_5077:1964558-1964730
contig_5077	2027974	2028118	intergenic	.	contig_5077:2027974-2028118
contig_5077	2088913	2089282	intergenic	.	contig_5077:2088913-2089282
contig_5077	2186616	2187027	intergenic	.	contig_5077:2186616-2187027
contig_5077	2911755	2911794	gene,mRNA		contig_5077:2911755-2911794
contig_5077	3357482	3357575	gene,mRNA		contig_5077:3357482-3357575
contig_5077	3784956	3785020	intergenic	.	contig_5077:3784956-3785020
contig_5077	4118323	4118498	intergenic	.	contig_5077:4118323-4118498
contig_5077	4471916	4472089	intergenic	.	contig_5077:4471916-4472089
contig_5077	4561265	4561321	intergenic	.	contig_5077:4561265-4561321
contig_5077	4748403	4748524	gene,mRNA		contig_5077:4748403-4748524
contig_5077	5176317	5176660	intergenic	.	contig_5077:5176317-5176660
contig_5077	5226904	5227153	intergenic	.	contig_5077:5226904-5227153
contig_5077	5577310	5577459	intergenic	.	contig_5077:5577310-5577459
contig_5077	5998928	5999014	gene,mRNA		contig_5077:5998928-5999014
contig_5077	7320439	7320514	intergenic	.	contig_5077:7320439-7320514
contig_5077	7321010	7321136	intergenic	.	contig_5077:7321010-7321136
contig_5078	51429	51699	intergenic	.	contig_5078:51429-51699
contig_5078	55733	56182	intergenic	.	contig_5078:55733-56182
contig_5078	56260	56342	intergenic	.	contig_5078:56260-56342
contig_5080	453872	454031	intergenic	.	contig_5080:453872-454031
contig_5080	1244986	1245205	intergenic	.	contig_5080:1244986-1245205
contig_5080	1288848	1289186	gene,mRNA,start_codon,exon,CDS		contig_5080:1288848-1289186
contig_5080	1336589	1336891	intergenic	.	contig_5080:1336589-1336891
contig_5089	8380	8779	intergenic	.	contig_5089:8380-8779
contig_5090	261347	261467	intergenic	.	contig_5090:261347-261467
contig_5090	261602	261693	intergenic	.	contig_5090:261602-261693
contig_5091	391701	392327	intergenic	.	contig_5091:391701-392327
contig_5091	556738	556786	intergenic	.	contig_5091:556738-556786
contig_5091	557380	557540	intergenic	.	contig_5091:557380-557540
contig_5091	705548	705762	gene,mRNA		contig_5091:705548-705762
contig_5091	1163100	1163133	intergenic	.	contig_5091:1163100-1163133
contig_5091	1165810	1166045	intergenic	.	contig_5091:1165810-1166045
contig_5106	544196	544256	gene,mRNA		contig_5106:544196-544256
contig_5117	106836	106940	intergenic	.	contig_5117:106836-106940
contig_5126	121028	121077	intergenic	.	contig_5126:121028-121077
contig_5127	61058	61282	gene,mRNA		contig_5127:61058-61282
contig_5127	371719	371844	intergenic	.	contig_5127:371719-371844
contig_5127	518915	518981	intergenic	.	contig_5127:518915-518981
contig_5127	552449	552535	intergenic	.	contig_5127:552449-552535
contig_5127	846635	846814	intergenic	.	contig_5127:846635-846814
contig_5144	135775	136081	intergenic	.	contig_5144:135775-136081
contig_5144	624253	624324	intergenic	.	contig_5144:624253-624324
contig_5144	1326549	1326711	intergenic	.	contig_5144:1326549-1326711
contig_5144	2092560	2092626	intergenic	.	contig_5144:2092560-2092626
contig_5148	143589	143724	intergenic	.	contig_5148:143589-143724
contig_5148	912951	913115	gene,mRNA		contig_5148:912951-913115
contig_5151	300677	300773	intergenic	.	contig_5151:300677-300773
contig_5151	301078	301110	intergenic	.	contig_5151:301078-301110
contig_5151	301487	301707	intergenic	.	contig_5151:301487-301707
contig_5151	359140	359220	intergenic	.	contig_5151:359140-359220
contig_5155	95141	95251	gene,mRNA		contig_5155:95141-95251
contig_5156	202803	202853	intergenic	.	contig_5156:202803-202853
contig_5157	2196141	2196506	intergenic	.	contig_5157:2196141-2196506
contig_5158	299931	300127	intergenic	.	contig_5158:299931-300127
contig_5158	695205	695549	intergenic	.	contig_5158:695205-695549
contig_5159	1397838	1397878	intergenic	.	contig_5159:1397838-1397878
contig_5159	1397946	1398104	intergenic	.	contig_5159:1397946-1398104
contig_5182	138153	138293	intergenic	.	contig_5182:138153-138293
contig_5182	138885	138988	intergenic	.	contig_5182:138885-138988
contig_5182	216748	216814	intergenic	.	contig_5182:216748-216814
contig_5182	334762	334839	intergenic	.	contig_5182:334762-334839
contig_5182	334897	335086	intergenic	.	contig_5182:334897-335086
contig_5182	366252	366320	intergenic	.	contig_5182:366252-366320
contig_5182	568292	568670	polyA_signal_sequence,stop_codon,exon,CDS,gene,mRNA		contig_5182:568292-568670
contig_5182	813416	813577	gene,mRNA		contig_5182:813416-813577
contig_5182	960082	960176	intergenic	.	contig_5182:960082-960176
contig_5182	1233716	1233765	gene,mRNA		contig_5182:1233716-1233765
contig_5183	290784	291030	intergenic	.	contig_5183:290784-291030
contig_5184	138071	138101	intergenic	.	contig_5184:138071-138101
contig_5224	48863	48900	intergenic	.	contig_5224:48863-48900
contig_5231	1089414	1089456	intergenic	.	contig_5231:1089414-1089456
contig_5231	1573571	1573616	intergenic	.	contig_5231:1573571-1573616
contig_5231	1574883	1574998	intergenic	.	contig_5231:1574883-1574998
contig_5231	1725381	1725537	intergenic	.	contig_5231:1725381-1725537
contig_5231	2953558	2953654	gene,mRNA		contig_5231:2953558-2953654
contig_5231	2953770	2954045	gene,mRNA		contig_5231:2953770-2954045
contig_5231	2954347	2954480	gene,mRNA		contig_5231:2954347-2954480
contig_5233	74140	74379	exon,CDS,gene,mRNA		contig_5233:74140-74379
contig_5233	167652	167696	intergenic	.	contig_5233:167652-167696
contig_5236	30166	30398	gene,mRNA		contig_5236:30166-30398
contig_5243	51622	51872	intergenic	.	contig_5243:51622-51872
contig_5243	608769	609014	intergenic	.	contig_5243:608769-609014
contig_5243	917999	918488	intergenic	.	contig_5243:917999-918488
contig_5243	1444659	1445072	intergenic	.	contig_5243:1444659-1445072
contig_5255	720242	720297	intergenic	.	contig_5255:720242-720297
contig_5255	1086145	1086229	intergenic	.	contig_5255:1086145-1086229
contig_5272	21998	22361	intergenic	.	contig_5272:21998-22361
contig_5272	113526	113602	intergenic	.	contig_5272:113526-113602
contig_5272	113909	113987	intergenic	.	contig_5272:113909-113987
contig_5272	704153	704404	intergenic	.	contig_5272:704153-704404
contig_5272	709674	709906	intergenic	.	contig_5272:709674-709906
contig_5272	1166062	1166177	gene,mRNA,gene,mRNA		contig_5272:1166062-1166177
contig_5272	1916583	1916741	intergenic	.	contig_5272:1916583-1916741
contig_5272	2242645	2242699	intergenic	.	contig_5272:2242645-2242699
contig_5272	2259614	2259694	intergenic	.	contig_5272:2259614-2259694
contig_5275	106738	106827	intergenic	.	contig_5275:106738-106827
contig_5275	564066	564244	intergenic	.	contig_5275:564066-564244
contig_5275	1467324	1467448	intergenic	.	contig_5275:1467324-1467448
contig_5275	1644502	1644599	intergenic	.	contig_5275:1644502-1644599
contig_5275	2112029	2112170	intergenic	.	contig_5275:2112029-2112170
contig_5275	2466618	2466904	gene,mRNA		contig_5275:2466618-2466904
contig_5277	54828	55010	intergenic	.	contig_5277:54828-55010
contig_5277	218333	218369	intergenic	.	contig_5277:218333-218369
contig_5277	218421	218508	intergenic	.	contig_5277:218421-218508
contig_5281	406945	407167	intergenic	.	contig_5281:406945-407167
contig_5283	303209	303486	intergenic	.	contig_5283:303209-303486
contig_5283	399219	399369	intergenic	.	contig_5283:399219-399369
contig_5283	440505	440588	intergenic	.	contig_5283:440505-440588
contig_5283	440938	440981	intergenic	.	contig_5283:440938-440981
contig_5283	441254	441372	intergenic	.	contig_5283:441254-441372
contig_5283	672110	672318	intergenic	.	contig_5283:672110-672318
contig_5283	797017	797124	intergenic	.	contig_5283:797017-797124
contig_5283	797176	797208	intergenic	.	contig_5283:797176-797208
contig_5283	1150792	1150887	intergenic	.	contig_5283:1150792-1150887
contig_5283	1154064	1154363	intergenic	.	contig_5283:1154064-1154363
contig_5283	1238570	1238721	gene,mRNA		contig_5283:1238570-1238721
contig_5283	1362060	1362441	intergenic	.	contig_5283:1362060-1362441
contig_5283	1593589	1593630	intergenic	.	contig_5283:1593589-1593630
contig_5283	2215699	2215962	gene,mRNA		contig_5283:2215699-2215962
contig_5283	2350206	2350462	gene,mRNA		contig_5283:2350206-2350462
contig_5283	2894296	2894365	gene,mRNA		contig_5283:2894296-2894365
contig_5283	2983189	2983285	intergenic	.	contig_5283:2983189-2983285
contig_5283	3418900	3419301	gene,mRNA		contig_5283:3418900-3419301
contig_5283	3494142	3494188	intergenic	.	contig_5283:3494142-3494188
contig_5283	3891375	3891565	gene,mRNA		contig_5283:3891375-3891565
contig_5283	4131659	4131691	intergenic	.	contig_5283:4131659-4131691
contig_5306	716948	717128	gene,mRNA		contig_5306:716948-717128
contig_5306	936688	937120	intergenic	.	contig_5306:936688-937120
contig_5306	1644374	1644506	intergenic	.	contig_5306:1644374-1644506
contig_5306	2048737	2048812	intergenic	.	contig_5306:2048737-2048812
contig_5307	499665	499778	intergenic	.	contig_5307:499665-499778
contig_5307	542382	542515	intergenic	.	contig_5307:542382-542515
contig_5307	981668	981755	intergenic	.	contig_5307:981668-981755
contig_5307	1652777	1652966	intergenic	.	contig_5307:1652777-1652966
contig_5307	2449245	2449285	intergenic	.	contig_5307:2449245-2449285
contig_5315	1310714	1310869	intergenic	.	contig_5315:1310714-1310869
contig_5315	1312225	1312281	intergenic	.	contig_5315:1312225-1312281
contig_5315	1312414	1312535	intergenic	.	contig_5315:1312414-1312535
contig_5315	1519876	1520017	intergenic	.	contig_5315:1519876-1520017
contig_5315	1938307	1938361	intergenic	.	contig_5315:1938307-1938361
contig_5315	2610816	2610849	gene,mRNA		contig_5315:2610816-2610849
contig_5315	2638168	2638198	exon,CDS,gene,mRNA		contig_5315:2638168-2638198
contig_5318	1026631	1026683	intergenic	.	contig_5318:1026631-1026683
contig_5322	1092864	1093041	intergenic	.	contig_5322:1092864-1093041
contig_5322	1686005	1686071	gene,mRNA		contig_5322:1686005-1686071
contig_5322	1879712	1879812	gene,mRNA		contig_5322:1879712-1879812
contig_5322	2569554	2569687	gene,mRNA		contig_5322:2569554-2569687
contig_5322	2981156	2981205	intergenic	.	contig_5322:2981156-2981205
contig_5322	3376729	3376834	gene,mRNA		contig_5322:3376729-3376834
contig_5322	3794466	3794519	intergenic	.	contig_5322:3794466-3794519
contig_5322	5034948	5035349	gene,mRNA		contig_5322:5034948-5035349
contig_5322	5325840	5326182	intergenic	.	contig_5322:5325840-5326182
contig_5322	5548859	5548918	gene,mRNA		contig_5322:5548859-5548918
contig_5322	5663339	5663425	gene,mRNA		contig_5322:5663339-5663425
contig_5322	6078641	6078688	intergenic	.	contig_5322:6078641-6078688
contig_5322	7410781	7410836	intergenic	.	contig_5322:7410781-7410836
contig_5322	7462408	7462584	intergenic	.	contig_5322:7462408-7462584
contig_5322	7558529	7558609	intergenic	.	contig_5322:7558529-7558609
contig_5322	7652923	7653202	intergenic	.	contig_5322:7652923-7653202
contig_5322	7952821	7952916	intergenic	.	contig_5322:7952821-7952916
contig_5322	8392308	8392505	gene,mRNA		contig_5322:8392308-8392505
contig_5322	8618149	8618457	intergenic	.	contig_5322:8618149-8618457
contig_5322	8918828	8918910	intergenic	.	contig_5322:8918828-8918910
contig_5325	201812	201879	intergenic	.	contig_5325:201812-201879
contig_5325	292788	293041	intergenic	.	contig_5325:292788-293041
contig_5325	293141	293242	intergenic	.	contig_5325:293141-293242
contig_5325	326475	326586	gene,mRNA		contig_5325:326475-326586
contig_5325	327090	327185	gene,mRNA		contig_5325:327090-327185
contig_5325	700047	700106	gene,mRNA		contig_5325:700047-700106
contig_5325	701819	701864	gene,mRNA		contig_5325:701819-701864
contig_5328	110885	111195	intergenic	.	contig_5328:110885-111195
contig_5328	792446	792599	gene,mRNA,stop_codon,exon,CDS		contig_5328:792446-792599
contig_5328	792677	792720	gene,mRNA,exon,CDS		contig_5328:792677-792720
contig_5328	1248673	1248834	gene,mRNA		contig_5328:1248673-1248834
contig_5328	1552549	1552615	intergenic	.	contig_5328:1552549-1552615
contig_5328	1552948	1553015	intergenic	.	contig_5328:1552948-1553015
contig_5328	2667576	2667740	intergenic	.	contig_5328:2667576-2667740
contig_5328	2667822	2667990	intergenic	.	contig_5328:2667822-2667990
contig_5328	2914166	2914271	gene,mRNA		contig_5328:2914166-2914271
contig_5328	3231898	3232128	intergenic	.	contig_5328:3231898-3232128
contig_5328	3313554	3313677	intergenic	.	contig_5328:3313554-3313677
contig_5328	3461038	3461247	intergenic	.	contig_5328:3461038-3461247
contig_5328	5088627	5088717	intergenic	.	contig_5328:5088627-5088717
contig_5328	5106313	5106545	intergenic	.	contig_5328:5106313-5106545
contig_5334	594072	594153	gene,mRNA		contig_5334:594072-594153
contig_5334	3390800	3390860	gene,mRNA		contig_5334:3390800-3390860
contig_5335	1696822	1697021	gene,mRNA		contig_5335:1696822-1697021
contig_5356	250244	250432	intergenic	.	contig_5356:250244-250432
contig_5356	740836	740890	intergenic	.	contig_5356:740836-740890
contig_5356	843705	843836	intergenic	.	contig_5356:843705-843836
contig_5356	1435086	1435200	intergenic	.	contig_5356:1435086-1435200
contig_5356	1435281	1435463	intergenic	.	contig_5356:1435281-1435463
contig_5356	1521728	1521955	intergenic	.	contig_5356:1521728-1521955
contig_5356	1652642	1652757	intergenic	.	contig_5356:1652642-1652757
contig_5356	1678424	1678498	intergenic	.	contig_5356:1678424-1678498
contig_5356	3362306	3362493	intergenic	.	contig_5356:3362306-3362493
contig_5356	3756727	3756920	gene,mRNA		contig_5356:3756727-3756920
contig_5357	113895	114108	intergenic	.	contig_5357:113895-114108
contig_5357	447393	447740	intergenic	.	contig_5357:447393-447740
contig_5357	2195692	2195754	intergenic	.	contig_5357:2195692-2195754
contig_5357	2293118	2293237	intergenic	.	contig_5357:2293118-2293237
contig_5357	3158737	3158815	gene,mRNA		contig_5357:3158737-3158815
contig_5357	3536838	3536890	intergenic	.	contig_5357:3536838-3536890
contig_5357	3998951	3999396	intergenic	.	contig_5357:3998951-3999396
contig_5357	4341936	4342079	intergenic	.	contig_5357:4341936-4342079
contig_5359	887588	887693	intergenic	.	contig_5359:887588-887693
contig_5359	969005	969167	intergenic	.	contig_5359:969005-969167
contig_5359	1013021	1013123	intergenic	.	contig_5359:1013021-1013123
contig_5359	1157681	1157763	intergenic	.	contig_5359:1157681-1157763
contig_5381	168231	168325	intergenic	.	contig_5381:168231-168325
contig_5381	470710	471032	intergenic	.	contig_5381:470710-471032
contig_5381	515318	515706	intergenic	.	contig_5381:515318-515706
contig_5381	521175	521303	intergenic	.	contig_5381:521175-521303
contig_5381	652994	653326	intergenic	.	contig_5381:652994-653326
contig_5381	738859	738962	intergenic	.	contig_5381:738859-738962
contig_5381	1064974	1065499	intergenic	.	contig_5381:1064974-1065499
contig_5381	1558698	1559030	intergenic	.	contig_5381:1558698-1559030
contig_5381	1691097	1691313	gene,mRNA		contig_5381:1691097-1691313
contig_5381	1921114	1921257	gene,mRNA		contig_5381:1921114-1921257
contig_5381	1961150	1961245	intergenic	.	contig_5381:1961150-1961245
contig_5381	2215320	2215414	intergenic	.	contig_5381:2215320-2215414
contig_5391	151466	151584	intergenic	.	contig_5391:151466-151584
contig_5391	417298	417437	intergenic	.	contig_5391:417298-417437
contig_5398	142029	142137	intergenic	.	contig_5398:142029-142137
contig_5398	203844	204055	intergenic	.	contig_5398:203844-204055
contig_5398	270814	271051	intergenic	.	contig_5398:270814-271051
contig_5402	303448	303682	gene,mRNA		contig_5402:303448-303682
contig_5407	303292	303429	intergenic	.	contig_5407:303292-303429
contig_5407	592211	592277	intergenic	.	contig_5407:592211-592277
contig_5407	1019818	1019873	intergenic	.	contig_5407:1019818-1019873
contig_5407	1951044	1951096	intergenic	.	contig_5407:1951044-1951096
contig_5407	2776283	2776390	intergenic	.	contig_5407:2776283-2776390
contig_5407	2842231	2842324	intergenic	.	contig_5407:2842231-2842324
contig_5407	2929881	2929923	intergenic	.	contig_5407:2929881-2929923
contig_5413	208656	208902	intergenic	.	contig_5413:208656-208902
contig_5413	1478981	1479464	intergenic	.	contig_5413:1478981-1479464
contig_5413	1552755	1552813	gene,mRNA		contig_5413:1552755-1552813
contig_5413	2110709	2110785	intergenic	.	contig_5413:2110709-2110785
contig_5413	2199227	2199406	intergenic	.	contig_5413:2199227-2199406
contig_5413	3044713	3044876	gene,mRNA		contig_5413:3044713-3044876
contig_5413	3339923	3340162	intergenic	.	contig_5413:3339923-3340162
contig_5413	3631254	3631368	intergenic	.	contig_5413:3631254-3631368
contig_5413	4730340	4730521	intergenic	.	contig_5413:4730340-4730521
contig_5413	5345788	5345915	intergenic	.	contig_5413:5345788-5345915
contig_5416	82070	82371	exon,CDS,gene,mRNA		contig_5416:82070-82371
contig_5417	978068	978326	intergenic	.	contig_5417:978068-978326
contig_5417	978697	978783	intergenic	.	contig_5417:978697-978783
contig_5417	1285878	1285989	intergenic	.	contig_5417:1285878-1285989
contig_5417	1334810	1335080	intergenic	.	contig_5417:1334810-1335080
contig_5417	1493547	1493662	gene,mRNA		contig_5417:1493547-1493662
contig_5426	115042	115264	intergenic	.	contig_5426:115042-115264
contig_5426	115361	115396	intergenic	.	contig_5426:115361-115396
contig_5426	247460	247588	intergenic	.	contig_5426:247460-247588
contig_5426	840316	840416	gene,mRNA		contig_5426:840316-840416
contig_5434	320216	320314	intergenic	.	contig_5434:320216-320314
contig_5434	450662	451180	intergenic	.	contig_5434:450662-451180
contig_5434	797204	797484	gene,mRNA		contig_5434:797204-797484
contig_5434	962245	962383	gene,mRNA		contig_5434:962245-962383
contig_5434	2316149	2316280	intergenic	.	contig_5434:2316149-2316280
contig_5434	2316441	2316554	intergenic	.	contig_5434:2316441-2316554
contig_5434	2602709	2602812	intergenic	.	contig_5434:2602709-2602812
contig_5434	2677899	2678145	intergenic	.	contig_5434:2677899-2678145
contig_5434	2779151	2779330	intergenic	.	contig_5434:2779151-2779330
contig_5434	2799722	2799894	intergenic	.	contig_5434:2799722-2799894
contig_5441	13590	13705	intergenic	.	contig_5441:13590-13705
contig_5454	100659	100720	intergenic	.	contig_5454:100659-100720
contig_5457	116186	116326	intergenic	.	contig_5457:116186-116326
contig_5457	201687	202055	intergenic	.	contig_5457:201687-202055
contig_5457	1257821	1257876	intergenic	.	contig_5457:1257821-1257876
contig_5457	1347997	1348060	intergenic	.	contig_5457:1347997-1348060
contig_5457	1709717	1709921	intergenic	.	contig_5457:1709717-1709921
contig_5457	2070200	2070363	gene,mRNA		contig_5457:2070200-2070363
contig_5457	2667739	2667903	intergenic	.	contig_5457:2667739-2667903
contig_5457	2668010	2668113	intergenic	.	contig_5457:2668010-2668113
contig_5457	2981123	2981202	intergenic	.	contig_5457:2981123-2981202
contig_5457	3047566	3047596	intergenic	.	contig_5457:3047566-3047596
contig_5457	3058604	3058902	intergenic	.	contig_5457:3058604-3058902
contig_5457	3204358	3204399	intergenic	.	contig_5457:3204358-3204399
contig_5457	3332544	3332615	intergenic	.	contig_5457:3332544-3332615
contig_5457	3626442	3626487	intergenic	.	contig_5457:3626442-3626487
contig_5496	248958	249054	intergenic	.	contig_5496:248958-249054
contig_5496	860944	861050	intergenic	.	contig_5496:860944-861050
contig_5496	1195450	1195513	gene,mRNA		contig_5496:1195450-1195513
contig_5496	2002805	2002868	intergenic	.	contig_5496:2002805-2002868
contig_5496	2084565	2084967	intergenic	.	contig_5496:2084565-2084967
contig_5496	2326617	2326658	intergenic	.	contig_5496:2326617-2326658
contig_5496	2513407	2513575	gene,mRNA		contig_5496:2513407-2513575
contig_5496	2513646	2513701	gene,mRNA		contig_5496:2513646-2513701
contig_5505	13015	13060	intergenic	.	contig_5505:13015-13060
contig_5505	309371	309534	intergenic	.	contig_5505:309371-309534
contig_5505	429990	430115	gene,mRNA		contig_5505:429990-430115
contig_5505	691675	691767	intergenic	.	contig_5505:691675-691767
contig_5505	1520047	1520220	intergenic	.	contig_5505:1520047-1520220
contig_5505	1583499	1583626	intergenic	.	contig_5505:1583499-1583626
contig_5505	1647028	1647118	intergenic	.	contig_5505:1647028-1647118
contig_5505	1647170	1647304	intergenic	.	contig_5505:1647170-1647304
contig_5505	2452055	2452356	gene,mRNA		contig_5505:2452055-2452356
contig_5509	448790	448923	intergenic	.	contig_5509:448790-448923
contig_5509	787213	787563	exon,CDS,gene,mRNA		contig_5509:787213-787563
contig_5509	833878	834108	gene,mRNA		contig_5509:833878-834108
contig_5509	1178813	1178844	intergenic	.	contig_5509:1178813-1178844
contig_5509	1179161	1179470	intergenic	.	contig_5509:1179161-1179470
contig_5509	1180259	1180380	intergenic	.	contig_5509:1180259-1180380
contig_5509	1251489	1251614	intergenic	.	contig_5509:1251489-1251614
contig_5509	3074688	3074857	intergenic	.	contig_5509:3074688-3074857
contig_5509	4348804	4349154	intergenic	.	contig_5509:4348804-4349154
contig_5509	4394019	4394344	intergenic	.	contig_5509:4394019-4394344
contig_5520	861913	861997	gene,mRNA		contig_5520:861913-861997
contig_5520	1889989	1890171	intergenic	.	contig_5520:1889989-1890171
contig_5520	2089291	2089325	intergenic	.	contig_5520:2089291-2089325
contig_5520	2583513	2583677	intergenic	.	contig_5520:2583513-2583677
contig_5534	276798	277083	intergenic	.	contig_5534:276798-277083
contig_5534	835270	835418	intergenic	.	contig_5534:835270-835418
contig_5534	916678	916818	intergenic	.	contig_5534:916678-916818
contig_5534	2417935	2418055	intergenic	.	contig_5534:2417935-2418055
contig_5534	3021439	3021637	intergenic	.	contig_5534:3021439-3021637
contig_5534	3378361	3378393	intergenic	.	contig_5534:3378361-3378393
contig_5534	4056768	4056988	gene,mRNA		contig_5534:4056768-4056988
contig_5541	655980	656190	intergenic	.	contig_5541:655980-656190
contig_5541	656553	656746	intergenic	.	contig_5541:656553-656746
contig_5541	697311	697723	intergenic	.	contig_5541:697311-697723
contig_5541	820601	820645	intergenic	.	contig_5541:820601-820645
contig_5541	1241984	1242037	intergenic	.	contig_5541:1241984-1242037
contig_5541	1304262	1304624	intergenic	.	contig_5541:1304262-1304624
contig_5541	1539078	1539361	intergenic	.	contig_5541:1539078-1539361
contig_5541	1624227	1624312	intergenic	.	contig_5541:1624227-1624312
contig_5544	78875	79045	gene,mRNA		contig_5544:78875-79045
contig_5547	238755	238935	intergenic	.	contig_5547:238755-238935
contig_5547	613981	614162	gene		contig_5547:613981-614162
contig_5558	194561	194708	intergenic	.	contig_5558:194561-194708
contig_5558	271623	271856	gene,mRNA		contig_5558:271623-271856
contig_5558	345177	345403	intergenic	.	contig_5558:345177-345403
contig_5558	606758	606862	gene,mRNA		contig_5558:606758-606862
contig_5558	737947	738101	intergenic	.	contig_5558:737947-738101
contig_5558	874066	874152	gene,mRNA,exon,CDS		contig_5558:874066-874152
contig_5558	1170549	1170749	intergenic	.	contig_5558:1170549-1170749
contig_5558	1347463	1347530	intergenic	.	contig_5558:1347463-1347530
contig_5558	1455145	1455304	intergenic	.	contig_5558:1455145-1455304
contig_5558	1699489	1699598	intergenic	.	contig_5558:1699489-1699598
contig_5558	1829011	1829529	intergenic	.	contig_5558:1829011-1829529
contig_5558	1970573	1970900	gene,mRNA		contig_5558:1970573-1970900
contig_5565	667667	667781	intergenic	.	contig_5565:667667-667781
contig_5565	1137469	1137596	gene,mRNA,gene,mRNA		contig_5565:1137469-1137596
contig_5565	1489845	1490060	intergenic	.	contig_5565:1489845-1490060
contig_5565	1520571	1520680	intergenic	.	contig_5565:1520571-1520680
contig_5706	23128	23296	intergenic	.	contig_5706:23128-23296
contig_5776	361501	361719	intergenic	.	contig_5776:361501-361719
contig_5863	576087	576280	intergenic	.	contig_5863:576087-576280
contig_5863	913783	913994	intergenic	.	contig_5863:913783-913994
contig_5863	1460676	1460789	intergenic	.	contig_5863:1460676-1460789
contig_5863	1644394	1644495	intergenic	.	contig_5863:1644394-1644495
contig_5879	222729	222857	intergenic	.	contig_5879:222729-222857
contig_5879	223163	223240	intergenic	.	contig_5879:223163-223240
contig_5879	338275	338594	intergenic	.	contig_5879:338275-338594
contig_5882	525042	525284	intergenic	.	contig_5882:525042-525284
contig_5883	408430	408738	intergenic	.	contig_5883:408430-408738
contig_5883	502855	503144	intergenic	.	contig_5883:502855-503144
contig_5883	887302	887335	intergenic	.	contig_5883:887302-887335
contig_5883	901102	901167	intergenic	.	contig_5883:901102-901167
contig_5883	1037487	1037757	intergenic	.	contig_5883:1037487-1037757
contig_5883	1075739	1075869	intergenic	.	contig_5883:1075739-1075869
contig_5889	435055	435256	gene,mRNA		contig_5889:435055-435256
contig_5889	750790	750854	intergenic	.	contig_5889:750790-750854
contig_5889	975192	975332	gene,mRNA		contig_5889:975192-975332
contig_5889	1176594	1176735	gene,mRNA		contig_5889:1176594-1176735
contig_5889	1253094	1253244	intergenic	.	contig_5889:1253094-1253244
contig_5889	1813092	1813303	intergenic	.	contig_5889:1813092-1813303
contig_5889	3314657	3314704	intergenic	.	contig_5889:3314657-3314704
contig_5956	150089	150128	intergenic	.	contig_5956:150089-150128
contig_6056	210847	211068	intergenic	.	contig_6056:210847-211068
contig_6056	736074	736192	intergenic	.	contig_6056:736074-736192
contig_6088	35168	35258	intergenic	.	contig_6088:35168-35258
contig_6088	35347	35417	intergenic	.	contig_6088:35347-35417
contig_6168	229617	229886	intergenic	.	contig_6168:229617-229886
contig_6168	331652	331892	intergenic	.	contig_6168:331652-331892
contig_6168	497438	497801	intergenic	.	contig_6168:497438-497801
contig_6168	854827	854896	intergenic	.	contig_6168:854827-854896
contig_6168	1134279	1134405	intergenic	.	contig_6168:1134279-1134405
contig_6168	1375673	1375911	exon,CDS,gene,mRNA		contig_6168:1375673-1375911
contig_6168	1798115	1798268	intergenic	.	contig_6168:1798115-1798268
contig_6168	2724794	2724840	intergenic	.	contig_6168:2724794-2724840
contig_6257	703304	703521	intergenic	.	contig_6257:703304-703521
contig_6257	918755	918958	intergenic	.	contig_6257:918755-918958
contig_6257	1069463	1069916	intergenic	.	contig_6257:1069463-1069916
contig_6257	1437305	1437339	intergenic	.	contig_6257:1437305-1437339
contig_6257	1822046	1822194	exon,CDS,gene,mRNA		contig_6257:1822046-1822194
contig_6257	2093210	2093292	exon,CDS,gene,mRNA		contig_6257:2093210-2093292
contig_6257	2172797	2172897	exon,CDS,gene,mRNA		contig_6257:2172797-2172897
contig_6257	2799850	2800017	gene,mRNA		contig_6257:2799850-2800017
contig_6270	412666	412953	intergenic	.	contig_6270:412666-412953
contig_6270	475818	476234	intergenic	.	contig_6270:475818-476234
contig_6270	929629	929796	intergenic	.	contig_6270:929629-929796
contig_6270	982180	982537	intergenic	.	contig_6270:982180-982537
contig_6273	93772	93807	intergenic	.	contig_6273:93772-93807
contig_6273	323288	323703	intergenic	.	contig_6273:323288-323703
contig_6273	701660	701799	intergenic	.	contig_6273:701660-701799
contig_6273	886613	887096	gene,mRNA		contig_6273:886613-887096
contig_6273	887170	887471	gene,mRNA		contig_6273:887170-887471
contig_6289	16942	17007	intergenic	.	contig_6289:16942-17007
contig_6289	64270	64352	intergenic	.	contig_6289:64270-64352
contig_6289	64626	64826	intergenic	.	contig_6289:64626-64826
contig_6289	84064	84099	intergenic	.	contig_6289:84064-84099
contig_6289	170176	170403	intergenic	.	contig_6289:170176-170403
contig_6289	222670	222789	intergenic	.	contig_6289:222670-222789
contig_6289	508476	508570	gene,mRNA		contig_6289:508476-508570
contig_6289	524751	524872	intergenic	.	contig_6289:524751-524872
contig_6289	602264	602367	gene,mRNA		contig_6289:602264-602367
contig_6292	703387	703621	intergenic	.	contig_6292:703387-703621
contig_6292	1009079	1009408	intergenic	.	contig_6292:1009079-1009408
contig_6420	79268	79334	intergenic	.	contig_6420:79268-79334
contig_6424	57471	57525	intergenic	.	contig_6424:57471-57525
contig_6424	57621	57942	intergenic	.	contig_6424:57621-57942
contig_6424	102681	102933	intergenic	.	contig_6424:102681-102933
contig_6467	1045899	1045961	intergenic	.	contig_6467:1045899-1045961
contig_6467	1100510	1100691	intergenic	.	contig_6467:1100510-1100691
contig_6467	1704438	1704604	intergenic	.	contig_6467:1704438-1704604
contig_6467	2352738	2352855	intergenic	.	contig_6467:2352738-2352855
contig_6467	2642927	2643052	intergenic	.	contig_6467:2642927-2643052
contig_6467	2677857	2677935	intergenic	.	contig_6467:2677857-2677935
contig_6498	64229	64317	intergenic	.	contig_6498:64229-64317
contig_6498	207607	207697	intergenic	.	contig_6498:207607-207697
contig_6498	284766	285001	intergenic	.	contig_6498:284766-285001
contig_6498	494496	495061	intergenic	.	contig_6498:494496-495061
contig_6498	840000	840092	intergenic	.	contig_6498:840000-840092
contig_6498	1017294	1017476	gene,mRNA		contig_6498:1017294-1017476
contig_6498	1017984	1018212	gene,mRNA		contig_6498:1017984-1018212
contig_6498	1052323	1052384	gene,mRNA		contig_6498:1052323-1052384
contig_6498	1400052	1400104	intergenic	.	contig_6498:1400052-1400104
contig_6522	443109	443168	intergenic	.	contig_6522:443109-443168
contig_6522	635442	635584	intergenic	.	contig_6522:635442-635584
contig_6522	2039506	2039680	intergenic	.	contig_6522:2039506-2039680
contig_6522	2050643	2050977	intergenic	.	contig_6522:2050643-2050977
contig_6522	2236791	2236842	intergenic	.	contig_6522:2236791-2236842
contig_6522	3164395	3164452	gene,mRNA		contig_6522:3164395-3164452
contig_6523	212531	212653	intergenic	.	contig_6523:212531-212653
contig_6523	217429	217567	intergenic	.	contig_6523:217429-217567
contig_6523	266547	266847	intergenic	.	contig_6523:266547-266847
contig_6523	515714	515940	intergenic	.	contig_6523:515714-515940
contig_6523	646325	646506	intergenic	.	contig_6523:646325-646506
contig_6523	1042390	1042498	intergenic	.	contig_6523:1042390-1042498
contig_6523	1188009	1188228	intergenic	.	contig_6523:1188009-1188228
contig_6523	1249135	1249368	intergenic	.	contig_6523:1249135-1249368
contig_6534	4203	4237	intergenic	.	contig_6534:4203-4237
contig_6534	6188	6267	intergenic	.	contig_6534:6188-6267
contig_6563	45994	46059	intergenic	.	contig_6563:45994-46059
contig_6643	1219797	1219924	intergenic	.	contig_6643:1219797-1219924
contig_6643	1220097	1220172	intergenic	.	contig_6643:1220097-1220172
contig_6643	1559641	1559701	intergenic	.	contig_6643:1559641-1559701
contig_6643	1809057	1809139	intergenic	.	contig_6643:1809057-1809139
contig_6643	2945409	2945571	gene,mRNA		contig_6643:2945409-2945571
contig_6643	3297674	3297767	intergenic	.	contig_6643:3297674-3297767
contig_6644	43204	43269	intergenic	.	contig_6644:43204-43269
contig_6644	220403	220545	intergenic	.	contig_6644:220403-220545
contig_6644	1536141	1536254	intergenic	.	contig_6644:1536141-1536254
contig_6646	73359	73462	gene,mRNA		contig_6646:73359-73462
contig_6646	84345	84435	gene,mRNA		contig_6646:84345-84435
contig_6657	62132	62207	intergenic	.	contig_6657:62132-62207
contig_6657	166794	166969	intergenic	.	contig_6657:166794-166969
contig_6657	577942	578095	intergenic	.	contig_6657:577942-578095
contig_6657	871326	871391	intergenic	.	contig_6657:871326-871391
contig_6657	1434858	1435051	intergenic	.	contig_6657:1434858-1435051
contig_6709	561403	561515	intergenic	.	contig_6709:561403-561515
contig_6709	1302079	1302316	intergenic	.	contig_6709:1302079-1302316
contig_6731	145808	145906	intergenic	.	contig_6731:145808-145906
contig_6731	246585	246859	intergenic	.	contig_6731:246585-246859
contig_6743	459706	459767	gene,mRNA		contig_6743:459706-459767
contig_6743	880226	880744	intergenic	.	contig_6743:880226-880744
contig_6743	1251648	1251737	intergenic	.	contig_6743:1251648-1251737
contig_679	311680	311726	intergenic	.	contig_679:311680-311726
contig_679	1134086	1134294	intergenic	.	contig_679:1134086-1134294
contig_6839	70754	70829	intergenic	.	contig_6839:70754-70829
contig_6888	19872	20089	intergenic	.	contig_6888:19872-20089
contig_6889	297219	297423	intergenic	.	contig_6889:297219-297423
contig_6889	465692	465909	intergenic	.	contig_6889:465692-465909
contig_6889	724658	724855	intergenic	.	contig_6889:724658-724855
contig_6889	751069	751201	intergenic	.	contig_6889:751069-751201
contig_691	517255	517286	intergenic	.	contig_691:517255-517286
contig_6918	42991	43165	intergenic	.	contig_6918:42991-43165
contig_6918	240813	240963	intergenic	.	contig_6918:240813-240963
contig_6918	297090	297335	intergenic	.	contig_6918:297090-297335
contig_6918	312578	312783	intergenic	.	contig_6918:312578-312783
contig_6918	491550	491604	intergenic	.	contig_6918:491550-491604
contig_6918	666686	666929	intergenic	.	contig_6918:666686-666929
contig_6918	841456	841489	intergenic	.	contig_6918:841456-841489
contig_6918	911714	912050	gene,mRNA		contig_6918:911714-912050
contig_6918	1015300	1015451	gene,mRNA		contig_6918:1015300-1015451
contig_6918	1222145	1222382	intergenic	.	contig_6918:1222145-1222382
contig_6918	1895793	1895996	gene,mRNA		contig_6918:1895793-1895996
contig_6918	1896068	1896180	gene,mRNA		contig_6918:1896068-1896180
contig_6918	2391993	2392246	intergenic	.	contig_6918:2391993-2392246
contig_6918	2394703	2395065	intergenic	.	contig_6918:2394703-2395065
contig_6918	2463514	2463550	intergenic	.	contig_6918:2463514-2463550
contig_6918	2530722	2530924	intergenic	.	contig_6918:2530722-2530924
contig_6918	2614201	2614241	intergenic	.	contig_6918:2614201-2614241
contig_6918	2911042	2911214	intergenic	.	contig_6918:2911042-2911214
contig_6918	3003840	3004249	intergenic	.	contig_6918:3003840-3004249
contig_6918	3132984	3133108	intergenic	.	contig_6918:3132984-3133108
contig_6918	3133387	3133491	intergenic	.	contig_6918:3133387-3133491
contig_693	275731	275803	gene,mRNA		contig_693:275731-275803
contig_693	489785	489884	gene,mRNA		contig_693:489785-489884
contig_693	1237269	1237526	intergenic	.	contig_693:1237269-1237526
contig_6979	226163	226235	gene,mRNA		contig_6979:226163-226235
contig_6979	324485	324824	intergenic	.	contig_6979:324485-324824
contig_6979	424257	424373	intergenic	.	contig_6979:424257-424373
contig_6979	1475923	1476001	intergenic	.	contig_6979:1475923-1476001
contig_6979	1478816	1479059	intergenic	.	contig_6979:1478816-1479059
contig_6999	259796	259867	intergenic	.	contig_6999:259796-259867
contig_7015	589793	590180	intergenic	.	contig_7015:589793-590180
contig_7015	655823	655896	gene,mRNA		contig_7015:655823-655896
contig_7015	667956	668041	gene,mRNA		contig_7015:667956-668041
contig_7015	824470	824704	intergenic	.	contig_7015:824470-824704
contig_7015	897987	898327	intergenic	.	contig_7015:897987-898327
contig_7015	898394	898939	intergenic	.	contig_7015:898394-898939
contig_7015	899294	899443	intergenic	.	contig_7015:899294-899443
contig_7015	1161626	1161666	intergenic	.	contig_7015:1161626-1161666
contig_7015	1329195	1329352	gene,mRNA		contig_7015:1329195-1329352
contig_7015	1433616	1433812	intergenic	.	contig_7015:1433616-1433812
contig_7015	1905921	1906073	intergenic	.	contig_7015:1905921-1906073
contig_7015	1907776	1907857	intergenic	.	contig_7015:1907776-1907857
contig_7015	2459646	2459753	intergenic	.	contig_7015:2459646-2459753
contig_703	121420	121612	intergenic	.	contig_703:121420-121612
contig_7032	221131	221262	intergenic	.	contig_7032:221131-221262
contig_7032	566919	567031	intergenic	.	contig_7032:566919-567031
contig_7032	1144853	1144942	gene,mRNA		contig_7032:1144853-1144942
contig_7032	1529375	1529422	gene,mRNA		contig_7032:1529375-1529422
contig_7036	56552	56706	intergenic	.	contig_7036:56552-56706
contig_7036	57271	57335	intergenic	.	contig_7036:57271-57335
contig_7036	326948	327035	intergenic	.	contig_7036:326948-327035
contig_7036	401815	401930	mRNA,gene		contig_7036:401815-401930
contig_7040	366720	366833	intergenic	.	contig_7040:366720-366833
contig_7040	366901	366943	intergenic	.	contig_7040:366901-366943
contig_7040	367459	367552	intergenic	.	contig_7040:367459-367552
contig_7040	425275	425474	intergenic	.	contig_7040:425275-425474
contig_7040	840019	840143	intergenic	.	contig_7040:840019-840143
contig_7040	851979	852049	intergenic	.	contig_7040:851979-852049
contig_7040	902322	902391	intergenic	.	contig_7040:902322-902391
contig_7040	1354720	1354912	gene,mRNA		contig_7040:1354720-1354912
contig_7040	1354972	1355150	gene,mRNA		contig_7040:1354972-1355150
contig_7040	1571355	1571478	intergenic	.	contig_7040:1571355-1571478
contig_7040	1803638	1803763	intergenic	.	contig_7040:1803638-1803763
contig_7040	2265810	2266017	intergenic	.	contig_7040:2265810-2266017
contig_7040	2422312	2422365	intergenic	.	contig_7040:2422312-2422365
contig_7040	2437346	2437401	intergenic	.	contig_7040:2437346-2437401
contig_7083	81199	81273	intergenic	.	contig_7083:81199-81273
contig_7083	329653	329774	intergenic	.	contig_7083:329653-329774
contig_7083	545442	545740	intergenic	.	contig_7083:545442-545740
contig_7083	557938	558187	intergenic	.	contig_7083:557938-558187
contig_7083	727824	727955	intergenic	.	contig_7083:727824-727955
contig_7083	832674	832944	intergenic	.	contig_7083:832674-832944
contig_7083	994123	994339	intergenic	.	contig_7083:994123-994339
contig_7083	1044732	1044996	intergenic	.	contig_7083:1044732-1044996
contig_7083	1240352	1240753	gene,mRNA		contig_7083:1240352-1240753
contig_7083	1292019	1292387	gene,mRNA		contig_7083:1292019-1292387
contig_7083	1486516	1486581	intergenic	.	contig_7083:1486516-1486581
contig_7083	3033871	3033971	gene,mRNA		contig_7083:3033871-3033971
contig_7083	3115327	3115427	gene,mRNA,exon,CDS		contig_7083:3115327-3115427
contig_7083	3117579	3117623	intergenic	.	contig_7083:3117579-3117623
contig_7236	241	341	gene		contig_7236:241-341
contig_7236	1690	1790	gene,mRNA		contig_7236:1690-1790
contig_7236	3863	3963	gene,mRNA,exon,CDS,start_codon		contig_7236:3863-3963
contig_7412	7549	7617	intergenic	.	contig_7412:7549-7617
contig_7413	27984	28038	intergenic	.	contig_7413:27984-28038
contig_746	285348	285519	intergenic	.	contig_746:285348-285519
contig_746	1107807	1108048	intergenic	.	contig_746:1107807-1108048
contig_746	1694784	1694936	intergenic	.	contig_746:1694784-1694936
contig_7479	43664	43744	intergenic	.	contig_7479:43664-43744
contig_7479	133320	133418	gene,mRNA		contig_7479:133320-133418
contig_7479	513027	513175	intergenic	.	contig_7479:513027-513175
contig_7479	527800	528011	intergenic	.	contig_7479:527800-528011
contig_7479	528077	528169	intergenic	.	contig_7479:528077-528169
contig_7479	917847	917921	intergenic	.	contig_7479:917847-917921
contig_7485	2355	2404	intergenic	.	contig_7485:2355-2404
contig_7492	236575	236635	intergenic	.	contig_7492:236575-236635
contig_7492	634106	634403	intergenic	.	contig_7492:634106-634403
contig_7492	640326	640548	intergenic	.	contig_7492:640326-640548
contig_7494	1555	1756	intergenic	.	contig_7494:1555-1756
contig_7509	15033	15102	intergenic	.	contig_7509:15033-15102
contig_7525	113133	113254	intergenic	.	contig_7525:113133-113254
contig_7525	260053	260173	intergenic	.	contig_7525:260053-260173
contig_7525	260437	260522	intergenic	.	contig_7525:260437-260522
contig_7525	650902	651144	intergenic	.	contig_7525:650902-651144
contig_7525	651225	651267	intergenic	.	contig_7525:651225-651267
contig_7525	2528147	2528347	intergenic	.	contig_7525:2528147-2528347
contig_7525	3776082	3776357	intergenic	.	contig_7525:3776082-3776357
contig_7525	4523160	4523257	intergenic	.	contig_7525:4523160-4523257
contig_7533	373874	374001	gene,mRNA		contig_7533:373874-374001
contig_7576	213960	214246	intergenic	.	contig_7576:213960-214246
contig_7576	822557	822602	intergenic	.	contig_7576:822557-822602
contig_7576	909512	909582	intergenic	.	contig_7576:909512-909582
contig_7576	1178067	1178127	intergenic	.	contig_7576:1178067-1178127
contig_7576	1178434	1178536	intergenic	.	contig_7576:1178434-1178536
contig_7576	1179961	1180032	intergenic	.	contig_7576:1179961-1180032
contig_7629	1580925	1581269	gene,mRNA		contig_7629:1580925-1581269
contig_7629	2223944	2224128	gene,mRNA		contig_7629:2223944-2224128
contig_7629	2224459	2224601	gene,mRNA		contig_7629:2224459-2224601
contig_764	530675	530949	intergenic	.	contig_764:530675-530949
contig_7814	260082	260154	intergenic	.	contig_7814:260082-260154
contig_7814	442948	443011	intergenic	.	contig_7814:442948-443011
contig_7814	1211071	1211164	intergenic	.	contig_7814:1211071-1211164
contig_7819	600410	600481	intergenic	.	contig_7819:600410-600481
contig_7841	336780	336987	intergenic	.	contig_7841:336780-336987
contig_7841	600596	600736	intergenic	.	contig_7841:600596-600736
contig_7841	694594	694760	intergenic	.	contig_7841:694594-694760
contig_7841	695073	695271	intergenic	.	contig_7841:695073-695271
contig_7841	759129	759360	intergenic	.	contig_7841:759129-759360
contig_7841	1119057	1119094	intergenic	.	contig_7841:1119057-1119094
contig_7847	6851	7019	intergenic	.	contig_7847:6851-7019
contig_787	316602	316632	intergenic	.	contig_787:316602-316632
contig_787	1051474	1051649	intergenic	.	contig_787:1051474-1051649
contig_787	1604173	1604265	intergenic	.	contig_787:1604173-1604265
contig_787	1915758	1916003	intergenic	.	contig_787:1915758-1916003
contig_787	2018908	2019033	intergenic	.	contig_787:2018908-2019033
contig_787	2633420	2633513	intergenic	.	contig_787:2633420-2633513
contig_787	2701088	2701122	intergenic	.	contig_787:2701088-2701122
contig_787	3087225	3087459	intergenic	.	contig_787:3087225-3087459
contig_787	3208562	3208627	intergenic	.	contig_787:3208562-3208627
contig_787	3340735	3340838	gene,mRNA		contig_787:3340735-3340838
contig_787	3937340	3937444	intergenic	.	contig_787:3937340-3937444
contig_7933	38957	39198	intergenic	.	contig_7933:38957-39198
contig_7933	166192	166619	exon,CDS,gene,mRNA		contig_7933:166192-166619
contig_7933	230541	230594	intergenic	.	contig_7933:230541-230594
contig_7933	446958	447106	intergenic	.	contig_7933:446958-447106
contig_7933	454521	454652	intergenic	.	contig_7933:454521-454652
contig_7933	454706	454766	intergenic	.	contig_7933:454706-454766
contig_7933	490975	491112	intergenic	.	contig_7933:490975-491112
contig_7933	559160	559235	intergenic	.	contig_7933:559160-559235
contig_7933	570652	570699	intergenic	.	contig_7933:570652-570699
contig_7933	758974	759046	intergenic	.	contig_7933:758974-759046
contig_7933	1043510	1043552	intergenic	.	contig_7933:1043510-1043552
contig_7948	431793	432059	intergenic	.	contig_7948:431793-432059
contig_7949	179494	179677	gene,mRNA		contig_7949:179494-179677
contig_7950	126519	126686	intergenic	.	contig_7950:126519-126686
contig_7950	150430	150482	intergenic	.	contig_7950:150430-150482
contig_7950	165595	165905	intergenic	.	contig_7950:165595-165905
contig_7973	118959	119086	intergenic	.	contig_7973:118959-119086
contig_7973	119347	119456	intergenic	.	contig_7973:119347-119456
contig_7978	186987	187028	intergenic	.	contig_7978:186987-187028
contig_7979	23467	23649	intergenic	.	contig_7979:23467-23649
contig_7979	160068	160338	intergenic	.	contig_7979:160068-160338
contig_7981	66942	67244	intergenic	.	contig_7981:66942-67244
contig_8057	447323	447441	intergenic	.	contig_8057:447323-447441
contig_8057	701141	701755	exon,CDS,gene,mRNA		contig_8057:701141-701755
contig_8057	782659	782943	intergenic	.	contig_8057:782659-782943
contig_8057	786708	787163	intergenic	.	contig_8057:786708-787163
contig_8076	819064	819109	intergenic	.	contig_8076:819064-819109
contig_8076	819688	819905	intergenic	.	contig_8076:819688-819905
contig_8076	820402	820562	intergenic	.	contig_8076:820402-820562
contig_8076	1105397	1105509	intergenic	.	contig_8076:1105397-1105509
contig_8076	1296966	1297326	intergenic	.	contig_8076:1296966-1297326
contig_8076	1339451	1339523	intergenic	.	contig_8076:1339451-1339523
contig_8076	1347468	1347674	intergenic	.	contig_8076:1347468-1347674
contig_8076	1435561	1435761	intergenic	.	contig_8076:1435561-1435761
contig_8076	1780013	1780305	intergenic	.	contig_8076:1780013-1780305
contig_8076	1897169	1897247	gene,mRNA		contig_8076:1897169-1897247
contig_8076	2014096	2014267	gene,mRNA		contig_8076:2014096-2014267
contig_8149	233061	233206	intergenic	.	contig_8149:233061-233206
contig_8169	162144	162191	intergenic	.	contig_8169:162144-162191
contig_8169	1589083	1589193	intergenic	.	contig_8169:1589083-1589193
contig_8169	1665260	1665371	intergenic	.	contig_8169:1665260-1665371
contig_8179	132276	132526	gene,mRNA		contig_8179:132276-132526
contig_8179	392171	392238	gene,mRNA		contig_8179:392171-392238
contig_8179	526192	526426	intergenic	.	contig_8179:526192-526426
contig_8179	725750	725952	gene,mRNA		contig_8179:725750-725952
contig_8208	380717	380952	intergenic	.	contig_8208:380717-380952
contig_8208	927871	927926	gene,mRNA		contig_8208:927871-927926
contig_8227	519225	519299	gene,mRNA		contig_8227:519225-519299
contig_8227	519377	519420	gene,mRNA		contig_8227:519377-519420
contig_8227	1745767	1745817	gene,mRNA		contig_8227:1745767-1745817
contig_8227	2756333	2756496	intergenic	.	contig_8227:2756333-2756496
contig_8227	3033419	3033645	intergenic	.	contig_8227:3033419-3033645
contig_8228	155377	155776	gene,mRNA		contig_8228:155377-155776
contig_8242	4082	4296	intergenic	.	contig_8242:4082-4296
contig_8251	501665	501934	intergenic	.	contig_8251:501665-501934
contig_8251	952725	952870	intergenic	.	contig_8251:952725-952870
contig_8252	224432	224619	intergenic	.	contig_8252:224432-224619
contig_8252	396201	396292	intergenic	.	contig_8252:396201-396292
contig_8252	491744	491912	intergenic	.	contig_8252:491744-491912
contig_8320	28759	28816	intergenic	.	contig_8320:28759-28816
contig_8320	28895	28972	intergenic	.	contig_8320:28895-28972
contig_8351	5335	5435	gene,mRNA		contig_8351:5335-5435
contig_8351	299844	300346	exon,CDS,exon,CDS,gene,mRNA		contig_8351:299844-300346
contig_8351	370523	370594	gene,mRNA		contig_8351:370523-370594
contig_8351	458812	458982	intergenic	.	contig_8351:458812-458982
contig_8351	578693	578806	intergenic	.	contig_8351:578693-578806
contig_8351	688627	688708	intergenic	.	contig_8351:688627-688708
contig_8351	889456	889500	intergenic	.	contig_8351:889456-889500
contig_8351	1349560	1349715	intergenic	.	contig_8351:1349560-1349715
contig_8351	2275096	2275301	intergenic	.	contig_8351:2275096-2275301
contig_8351	2577318	2577369	intergenic	.	contig_8351:2577318-2577369
contig_8351	2677432	2677469	gene,mRNA		contig_8351:2677432-2677469
contig_8351	2728960	2729268	intergenic	.	contig_8351:2728960-2729268
contig_8351	3315467	3315865	intergenic	.	contig_8351:3315467-3315865
contig_8351	3414417	3414675	intergenic	.	contig_8351:3414417-3414675
contig_8361	821714	821790	intergenic	.	contig_8361:821714-821790
contig_8361	1422368	1422562	intergenic	.	contig_8361:1422368-1422562
contig_8361	1500784	1501072	intergenic	.	contig_8361:1500784-1501072
contig_8377	557379	557445	intergenic	.	contig_8377:557379-557445
contig_8377	557738	557802	intergenic	.	contig_8377:557738-557802
contig_841	822037	822105	intergenic	.	contig_841:822037-822105
contig_841	904746	904827	intergenic	.	contig_841:904746-904827
contig_8593	39944	39996	intergenic	.	contig_8593:39944-39996
contig_8600	51876	52104	intergenic	.	contig_8600:51876-52104
contig_8669	22453	22703	intergenic	.	contig_8669:22453-22703
contig_8669	367217	367264	intergenic	.	contig_8669:367217-367264
contig_8726	168127	168190	intergenic	.	contig_8726:168127-168190
contig_8726	250692	250953	intergenic	.	contig_8726:250692-250953
contig_8726	688141	688374	intergenic	.	contig_8726:688141-688374
contig_8726	2063763	2063989	intergenic	.	contig_8726:2063763-2063989
contig_8726	2164878	2164953	gene,mRNA		contig_8726:2164878-2164953
contig_8726	2385471	2385748	exon,CDS,gene,mRNA		contig_8726:2385471-2385748
contig_873	621528	621672	intergenic	.	contig_873:621528-621672
contig_873	1313259	1313353	intergenic	.	contig_873:1313259-1313353
contig_873	1377890	1378189	intergenic	.	contig_873:1377890-1378189
contig_873	1530659	1530780	intergenic	.	contig_873:1530659-1530780
contig_8763	394706	395067	gene,mRNA		contig_8763:394706-395067
contig_8763	979238	979286	gene,mRNA		contig_8763:979238-979286
contig_8763	1502672	1502865	gene,mRNA		contig_8763:1502672-1502865
contig_8763	1615252	1615323	intergenic	.	contig_8763:1615252-1615323
contig_8763	2314127	2314305	intergenic	.	contig_8763:2314127-2314305
contig_8763	3414257	3414468	intergenic	.	contig_8763:3414257-3414468
contig_8763	3686073	3686124	gene,mRNA		contig_8763:3686073-3686124
contig_8763	3693928	3693996	gene,mRNA		contig_8763:3693928-3693996
contig_8763	4285607	4285783	intergenic	.	contig_8763:4285607-4285783
contig_8763	5085943	5086015	intergenic	.	contig_8763:5085943-5086015
contig_8763	5450753	5450822	intergenic	.	contig_8763:5450753-5450822
contig_8763	5453600	5453972	intergenic	.	contig_8763:5453600-5453972
contig_8763	5561726	5561787	gene,mRNA		contig_8763:5561726-5561787
contig_8781	48282	48481	intergenic	.	contig_8781:48282-48481
contig_8793	254455	254919	start_codon,exon,CDS,gene,mRNA		contig_8793:254455-254919
contig_8793	424569	424883	intergenic	.	contig_8793:424569-424883
contig_8801	193558	193785	intergenic	.	contig_8801:193558-193785
contig_8801	448896	449097	intergenic	.	contig_8801:448896-449097
contig_8801	706035	706174	intergenic	.	contig_8801:706035-706174
contig_8801	831179	831302	intergenic	.	contig_8801:831179-831302
contig_8801	972880	972912	intergenic	.	contig_8801:972880-972912
contig_8816	5734	5942	intergenic	.	contig_8816:5734-5942
contig_8932	30494	30659	intergenic	.	contig_8932:30494-30659
contig_8935	5357	5409	intergenic	.	contig_8935:5357-5409
contig_8935	71897	72066	intergenic	.	contig_8935:71897-72066
contig_8936	2388	2525	intergenic	.	contig_8936:2388-2525
contig_8939	119727	119817	intergenic	.	contig_8939:119727-119817
contig_8939	2081656	2081686	intergenic	.	contig_8939:2081656-2081686
contig_8939	2695701	2695754	intergenic	.	contig_8939:2695701-2695754
contig_9022	74506	74648	intergenic	.	contig_9022:74506-74648
contig_9022	588997	589390	intergenic	.	contig_9022:588997-589390
contig_9048	81055	81311	intergenic	.	contig_9048:81055-81311
contig_9048	184079	184515	intergenic	.	contig_9048:184079-184515
contig_9048	666811	666988	intergenic	.	contig_9048:666811-666988
contig_9048	742120	742285	intergenic	.	contig_9048:742120-742285
contig_9048	763479	763650	intergenic	.	contig_9048:763479-763650
contig_9048	772562	772635	intergenic	.	contig_9048:772562-772635
contig_9048	856555	856596	gene,mRNA		contig_9048:856555-856596
contig_9048	918831	918896	intergenic	.	contig_9048:918831-918896
contig_9060	337866	337984	gene,mRNA		contig_9060:337866-337984
contig_9110	157526	157681	intergenic	.	contig_9110:157526-157681
contig_9115	117541	117590	intergenic	.	contig_9115:117541-117590
contig_9144	64018	64058	intergenic	.	contig_9144:64018-64058
contig_9172	61087	61384	gene,mRNA		contig_9172:61087-61384
contig_9177	8223	8324	gene,mRNA,exon,CDS		contig_9177:8223-8324
contig_9177	8406	8589	gene,mRNA,exon,CDS		contig_9177:8406-8589
contig_9182	6578	6696	intergenic	.	contig_9182:6578-6696
contig_9182	6845	6879	intergenic	.	contig_9182:6845-6879
contig_9211	16630	16694	gene,mRNA		contig_9211:16630-16694
contig_9221	46486	46765	intergenic	.	contig_9221:46486-46765
contig_9377	145427	145884	gene,polyA_signal_sequence,mRNA,stop_codon,exon,CDS,exon,CDS,start_codon		contig_9377:145427-145884
contig_9377	769255	769631	intergenic	.	contig_9377:769255-769631
contig_9377	855724	855760	intergenic	.	contig_9377:855724-855760
contig_9377	1056899	1057082	intergenic	.	contig_9377:1056899-1057082
contig_9377	1125854	1126069	intergenic	.	contig_9377:1125854-1126069
contig_9377	1221325	1221552	intergenic	.	contig_9377:1221325-1221552
contig_9377	1643129	1643370	intergenic	.	contig_9377:1643129-1643370
contig_9377	2064510	2064739	gene,mRNA		contig_9377:2064510-2064739
contig_9377	2144157	2144352	gene,mRNA		contig_9377:2144157-2144352
contig_9380	365987	366181	intergenic	.	contig_9380:365987-366181
contig_9385	191235	191381	intergenic	.	contig_9385:191235-191381
contig_9385	255263	255322	gene,mRNA		contig_9385:255263-255322
contig_9385	1968192	1968331	gene		contig_9385:1968192-1968331
contig_9385	2359835	2359897	intergenic	.	contig_9385:2359835-2359897
contig_9385	2638888	2639113	intergenic	.	contig_9385:2638888-2639113
contig_9385	3475202	3475272	intergenic	.	contig_9385:3475202-3475272
contig_9389	802130	802305	intergenic	.	contig_9389:802130-802305
contig_9390	3324	3355	intergenic	.	contig_9390:3324-3355
contig_9390	284929	285407	gene,mRNA		contig_9390:284929-285407
contig_9404	880431	881028	gene,mRNA,exon,CDS,start_codon		contig_9404:880431-881028
contig_9404	1038769	1038910	intergenic	.	contig_9404:1038769-1038910
contig_9404	1178532	1178731	intergenic	.	contig_9404:1178532-1178731
contig_9404	1197408	1197952	intergenic	.	contig_9404:1197408-1197952
contig_9404	1291829	1291975	intergenic	.	contig_9404:1291829-1291975
contig_9404	1292048	1292304	intergenic	.	contig_9404:1292048-1292304
contig_9404	1840403	1840554	intergenic	.	contig_9404:1840403-1840554
contig_9404	1948447	1948538	gene,mRNA		contig_9404:1948447-1948538
contig_9404	2274894	2275149	intergenic	.	contig_9404:2274894-2275149
contig_9416	188787	188839	intergenic	.	contig_9416:188787-188839
contig_9416	188960	189275	intergenic	.	contig_9416:188960-189275
contig_9416	235149	235584	gene,mRNA		contig_9416:235149-235584
contig_9416	515018	515169	intergenic	.	contig_9416:515018-515169
contig_9424	192870	193127	intergenic	.	contig_9424:192870-193127
contig_9424	587204	587234	intergenic	.	contig_9424:587204-587234
contig_9424	941214	941449	intergenic	.	contig_9424:941214-941449
contig_9424	1823414	1823447	intergenic	.	contig_9424:1823414-1823447
contig_9424	1823655	1823817	intergenic	.	contig_9424:1823655-1823817
contig_9424	1941852	1941965	intergenic	.	contig_9424:1941852-1941965
contig_9424	2016138	2016228	intergenic	.	contig_9424:2016138-2016228
contig_9424	2191736	2191946	intergenic	.	contig_9424:2191736-2191946
contig_9424	2357274	2357439	intergenic	.	contig_9424:2357274-2357439
contig_9424	2357636	2357707	intergenic	.	contig_9424:2357636-2357707
contig_9424	2593681	2593795	gene,mRNA		contig_9424:2593681-2593795
contig_9513	384175	384303	intergenic	.	contig_9513:384175-384303
contig_9513	384358	384457	intergenic	.	contig_9513:384358-384457
contig_9513	2159575	2159743	gene,mRNA		contig_9513:2159575-2159743
contig_9513	2256211	2256297	gene,mRNA		contig_9513:2256211-2256297
contig_9530	103570	104022	intergenic	.	contig_9530:103570-104022
contig_9530	209665	209793	intergenic	.	contig_9530:209665-209793
contig_961	927051	927291	intergenic	.	contig_961:927051-927291
contig_961	1624657	1624693	intergenic	.	contig_961:1624657-1624693
contig_961	1897863	1897915	intergenic	.	contig_961:1897863-1897915
contig_961	2089997	2090279	intergenic	.	contig_961:2089997-2090279
contig_9631	60082	60312	intergenic	.	contig_9631:60082-60312
contig_9655	528763	528830	intergenic	.	contig_9655:528763-528830
contig_9655	531037	531260	intergenic	.	contig_9655:531037-531260
contig_9655	1550925	1550986	gene,mRNA		contig_9655:1550925-1550986
contig_9655	1854370	1854428	gene,mRNA		contig_9655:1854370-1854428
contig_9656	794686	794786	intergenic	.	contig_9656:794686-794786
contig_9656	1558931	1559136	intergenic	.	contig_9656:1558931-1559136
contig_9656	1569220	1569474	intergenic	.	contig_9656:1569220-1569474
contig_9656	1943384	1943502	intergenic	.	contig_9656:1943384-1943502
contig_9656	2582554	2582690	gene,mRNA		contig_9656:2582554-2582690
contig_9656	2582759	2582811	gene,mRNA		contig_9656:2582759-2582811
contig_9678	94374	94520	intergenic	.	contig_9678:94374-94520
contig_9685	65381	65602	intergenic	.	contig_9685:65381-65602
contig_9694	1323737	1323802	intergenic	.	contig_9694:1323737-1323802
contig_9813	517424	517644	exon,CDS,gene,mRNA		contig_9813:517424-517644
contig_9813	1380945	1381138	intergenic	.	contig_9813:1380945-1381138
contig_9813	1425120	1425191	gene,mRNA		contig_9813:1425120-1425191
contig_9813	1647683	1647720	intergenic	.	contig_9813:1647683-1647720
contig_9819	482382	482466	intergenic	.	contig_9819:482382-482466
contig_9830	7945	8066	gene,mRNA		contig_9830:7945-8066
contig_9830	18781	18821	intergenic	.	contig_9830:18781-18821
contig_9901	109121	109229	gene,mRNA		contig_9901:109121-109229
contig_9914	272488	272662	gene,mRNA		contig_9914:272488-272662
contig_9914	403896	404072	intergenic	.	contig_9914:403896-404072
contig_9914	404260	404406	intergenic	.	contig_9914:404260-404406
contig_9914	552407	552660	intergenic	.	contig_9914:552407-552660
contig_9914	753661	753817	gene,mRNA		contig_9914:753661-753817
contig_9914	990782	990980	intergenic	.	contig_9914:990782-990980
contig_9914	1327269	1327501	gene,mRNA		contig_9914:1327269-1327501
contig_9914	1337359	1337417	intergenic	.	contig_9914:1337359-1337417
contig_9914	2242972	2243044	intergenic	.	contig_9914:2242972-2243044
contig_9914	2281444	2281680	intergenic	.	contig_9914:2281444-2281680
contig_9914	2513872	2513964	intergenic	.	contig_9914:2513872-2513964
contig_9914	2514089	2514294	intergenic	.	contig_9914:2514089-2514294
contig_9914	2678603	2678708	intergenic	.	contig_9914:2678603-2678708
contig_9966	329639	329725	intergenic	.	contig_9966:329639-329725
contig_9966	944668	944834	intergenic	.	contig_9966:944668-944834
contig_9966	944891	945099	intergenic	.	contig_9966:944891-945099
contig_9966	1366117	1366263	intergenic	.	contig_9966:1366117-1366263
contig_9967	89546	89809	gene,mRNA		contig_9967:89546-89809
contig_9967	441755	441920	intergenic	.	contig_9967:441755-441920
