Chromosome	Start	End	Feature_Type	Details	Reads
contig_10005	426954	427092	intergenic	.	contig_10005:426954-427092
contig_10085	56659	56959	gene,mRNA		contig_10085:56659-56959
contig_10085	607646	607726	gene,mRNA		contig_10085:607646-607726
contig_10117	108161	108264	intergenic	.	contig_10117:108161-108264
contig_10117	108362	108409	intergenic	.	contig_10117:108362-108409
contig_10117	121482	121735	intergenic	.	contig_10117:121482-121735
contig_10133	5267	5361	gene,polyA_signal_sequence		contig_10133:5267-5361
contig_1020	3860	4069	intergenic	.	contig_1020:3860-4069
contig_1020	4178	4254	intergenic	.	contig_1020:4178-4254
contig_1020	16495	16626	intergenic	.	contig_1020:16495-16626
contig_1020	69435	69545	intergenic	.	contig_1020:69435-69545
contig_1023	119547	119784	intergenic	.	contig_1023:119547-119784
contig_10256	41008	41342	gene,polyA_signal_sequence,mRNA,stop_codon,exon,CDS		contig_10256:41008-41342
contig_10256	168370	168480	gene,mRNA		contig_10256:168370-168480
contig_10256	675694	676016	intergenic	.	contig_10256:675694-676016
contig_10256	1096390	1096782	intergenic	.	contig_10256:1096390-1096782
contig_1026	141787	141992	start_codon,exon,CDS,gene,mRNA		contig_1026:141787-141992
contig_10287	207816	208034	intergenic	.	contig_10287:207816-208034
contig_10287	208117	208229	intergenic	.	contig_10287:208117-208229
contig_10328	79231	79428	gene,mRNA		contig_10328:79231-79428
contig_10333	282668	282743	intergenic	.	contig_10333:282668-282743
contig_10333	339054	339327	intergenic	.	contig_10333:339054-339327
contig_10333	672361	672629	intergenic	.	contig_10333:672361-672629
contig_10350	337844	338084	intergenic	.	contig_10350:337844-338084
contig_10350	530551	530636	intergenic	.	contig_10350:530551-530636
contig_10350	681006	681220	gene,mRNA		contig_10350:681006-681220
contig_10350	1086530	1086561	gene,mRNA		contig_10350:1086530-1086561
contig_10350	1332173	1332359	gene,mRNA		contig_10350:1332173-1332359
contig_10350	1332923	1332999	gene,mRNA		contig_10350:1332923-1332999
contig_10368	144908	145149	intergenic	.	contig_10368:144908-145149
contig_10368	168301	168555	intergenic	.	contig_10368:168301-168555
contig_10375	67896	68034	intergenic	.	contig_10375:67896-68034
contig_10375	656559	656621	gene,mRNA		contig_10375:656559-656621
contig_10375	700014	700206	gene,mRNA		contig_10375:700014-700206
contig_10375	730998	731273	intergenic	.	contig_10375:730998-731273
contig_10375	747886	747995	intergenic	.	contig_10375:747886-747995
contig_10375	902322	902422	intergenic	.	contig_10375:902322-902422
contig_10375	903003	903552	intergenic	.	contig_10375:903003-903552
contig_10375	903652	903752	intergenic	.	contig_10375:903652-903752
contig_10384	24785	25006	intergenic	.	contig_10384:24785-25006
contig_10384	320322	320784	intergenic	.	contig_10384:320322-320784
contig_10384	400438	400778	intergenic	.	contig_10384:400438-400778
contig_10402	906566	906688	intergenic	.	contig_10402:906566-906688
contig_10419	260879	260922	intergenic	.	contig_10419:260879-260922
contig_10441	36760	36951	gene,mRNA		contig_10441:36760-36951
contig_10441	329935	330106	gene,mRNA		contig_10441:329935-330106
contig_10441	330228	330323	gene,mRNA		contig_10441:330228-330323
contig_10469	28302	28350	gene,mRNA		contig_10469:28302-28350
contig_10469	366632	366946	gene,polyA_signal_sequence,mRNA,start_codon,exon,CDS,gene		contig_10469:366632-366946
contig_10515	623119	623299	intergenic	.	contig_10515:623119-623299
contig_10523	639310	639464	intergenic	.	contig_10523:639310-639464
contig_10545	76103	76287	intergenic	.	contig_10545:76103-76287
contig_10545	449681	449762	gene,mRNA		contig_10545:449681-449762
contig_10545	450744	450794	gene,mRNA		contig_10545:450744-450794
contig_10545	721018	721147	intergenic	.	contig_10545:721018-721147
contig_10545	721463	721571	intergenic	.	contig_10545:721463-721571
contig_10572	58035	58135	gene,mRNA,exon,CDS		contig_10572:58035-58135
contig_10572	60494	60527	gene,mRNA		contig_10572:60494-60527
contig_10572	201048	201234	intergenic	.	contig_10572:201048-201234
contig_10572	1099328	1099459	intergenic	.	contig_10572:1099328-1099459
contig_10572	1416287	1416475	intergenic	.	contig_10572:1416287-1416475
contig_10584	319734	319927	intergenic	.	contig_10584:319734-319927
contig_10638	356559	356589	exon,CDS,gene,mRNA		contig_10638:356559-356589
contig_10638	568056	568263	intergenic	.	contig_10638:568056-568263
contig_10638	670354	670823	intergenic	.	contig_10638:670354-670823
contig_10638	679732	679948	intergenic	.	contig_10638:679732-679948
contig_10649	33220	33469	intergenic	.	contig_10649:33220-33469
contig_10649	63073	63622	start_codon,exon,CDS,exon,CDS,gene,mRNA		contig_10649:63073-63622
contig_10656	107986	108151	gene,mRNA		contig_10656:107986-108151
contig_10672	29179	29230	intergenic	.	contig_10672:29179-29230
contig_10672	202267	202493	intergenic	.	contig_10672:202267-202493
contig_10672	588585	588888	gene,mRNA		contig_10672:588585-588888
contig_10672	689092	689391	intergenic	.	contig_10672:689092-689391
contig_10672	865791	865991	intergenic	.	contig_10672:865791-865991
contig_10679	3564	3652	intergenic	.	contig_10679:3564-3652
contig_10679	149272	149350	intergenic	.	contig_10679:149272-149350
contig_10679	202129	202177	intergenic	.	contig_10679:202129-202177
contig_10684	40205	40420	intergenic	.	contig_10684:40205-40420
contig_10705	561443	561631	gene,mRNA		contig_10705:561443-561631
contig_10705	902313	902550	gene,mRNA		contig_10705:902313-902550
contig_10705	950301	950356	gene,mRNA		contig_10705:950301-950356
contig_10705	996803	996936	intergenic	.	contig_10705:996803-996936
contig_10705	997007	997041	intergenic	.	contig_10705:997007-997041
contig_10705	998375	998464	intergenic	.	contig_10705:998375-998464
contig_10705	1015796	1016077	intergenic	.	contig_10705:1015796-1016077
contig_10705	1041130	1041455	intergenic	.	contig_10705:1041130-1041455
contig_10715	80542	80573	intergenic	.	contig_10715:80542-80573
contig_10725	149267	149551	intergenic	.	contig_10725:149267-149551
contig_10725	386147	386281	intergenic	.	contig_10725:386147-386281
contig_10725	393373	393422	intergenic	.	contig_10725:393373-393422
contig_10725	440602	440765	intergenic	.	contig_10725:440602-440765
contig_10725	539690	539743	intergenic	.	contig_10725:539690-539743
contig_10747	18409	18440	intergenic	.	contig_10747:18409-18440
contig_10747	148456	148661	intergenic	.	contig_10747:148456-148661
contig_10757	1004834	1005036	intergenic	.	contig_10757:1004834-1005036
contig_10757	1057411	1057554	intergenic	.	contig_10757:1057411-1057554
contig_10757	1182173	1182250	gene,mRNA		contig_10757:1182173-1182250
contig_10757	1455511	1455678	intergenic	.	contig_10757:1455511-1455678
contig_10757	1467000	1467323	intergenic	.	contig_10757:1467000-1467323
contig_10757	1467377	1467487	intergenic	.	contig_10757:1467377-1467487
contig_10870	83968	84176	intergenic	.	contig_10870:83968-84176
contig_10870	230307	230456	intergenic	.	contig_10870:230307-230456
contig_10870	247550	247760	intergenic	.	contig_10870:247550-247760
contig_10870	920264	920326	intergenic	.	contig_10870:920264-920326
contig_10870	1378273	1378470	intergenic	.	contig_10870:1378273-1378470
contig_10870	1378523	1378581	intergenic	.	contig_10870:1378523-1378581
contig_10870	2301476	2301767	intergenic	.	contig_10870:2301476-2301767
contig_10870	3072419	3072672	intergenic	.	contig_10870:3072419-3072672
contig_10898	265745	265930	intergenic	.	contig_10898:265745-265930
contig_10898	285009	285153	intergenic	.	contig_10898:285009-285153
contig_10908	156550	156630	intergenic	.	contig_10908:156550-156630
contig_10908	376343	376386	intergenic	.	contig_10908:376343-376386
contig_10908	783589	783687	intergenic	.	contig_10908:783589-783687
contig_1092	539149	539221	intergenic	.	contig_1092:539149-539221
contig_1092	851377	851586	intergenic	.	contig_1092:851377-851586
contig_1092	859446	859819	intergenic	.	contig_1092:859446-859819
contig_1092	1286625	1286928	intergenic	.	contig_1092:1286625-1286928
contig_1092	1287306	1287449	intergenic	.	contig_1092:1287306-1287449
contig_1092	1313189	1313308	intergenic	.	contig_1092:1313189-1313308
contig_1092	1551865	1551969	intergenic	.	contig_1092:1551865-1551969
contig_1092	1552030	1552166	intergenic	.	contig_1092:1552030-1552166
contig_1092	1607292	1607829	intergenic	.	contig_1092:1607292-1607829
contig_1092	1736536	1736684	intergenic	.	contig_1092:1736536-1736684
contig_1092	1959209	1959708	intergenic	.	contig_1092:1959209-1959708
contig_1092	3002618	3002804	intergenic	.	contig_1092:3002618-3002804
contig_1092	3386604	3386782	intergenic	.	contig_1092:3386604-3386782
contig_1092	3518916	3519224	intergenic	.	contig_1092:3518916-3519224
contig_1092	3820544	3820884	intergenic	.	contig_1092:3820544-3820884
contig_1092	3832560	3832951	intergenic	.	contig_1092:3832560-3832951
contig_10931	59986	60205	intergenic	.	contig_10931:59986-60205
contig_10995	190221	190320	intergenic	.	contig_10995:190221-190320
contig_10995	190970	191010	intergenic	.	contig_10995:190970-191010
contig_10995	191583	191679	intergenic	.	contig_10995:191583-191679
contig_10995	191782	192102	intergenic	.	contig_10995:191782-192102
contig_10995	262512	262698	intergenic	.	contig_10995:262512-262698
contig_10995	564238	564508	intergenic	.	contig_10995:564238-564508
contig_10995	570746	571221	gene,mRNA,exon,CDS,start_codon,polyA_signal_sequence,gene		contig_10995:570746-571221
contig_11	1694274	1694324	intergenic	.	contig_11:1694274-1694324
contig_11	1800540	1800653	intergenic	.	contig_11:1800540-1800653
contig_11	3042682	3042854	intergenic	.	contig_11:3042682-3042854
contig_11	3601556	3601670	intergenic	.	contig_11:3601556-3601670
contig_11019	170844	171121	intergenic	.	contig_11019:170844-171121
contig_11023	297311	297609	intergenic	.	contig_11023:297311-297609
contig_11023	300259	300363	intergenic	.	contig_11023:300259-300363
contig_11023	422523	422706	intergenic	.	contig_11023:422523-422706
contig_11023	774407	774733	intergenic	.	contig_11023:774407-774733
contig_11023	828629	828796	intergenic	.	contig_11023:828629-828796
contig_11023	875670	875900	intergenic	.	contig_11023:875670-875900
contig_11023	930321	930475	intergenic	.	contig_11023:930321-930475
contig_11023	946872	947009	intergenic	.	contig_11023:946872-947009
contig_11023	951030	951182	intergenic	.	contig_11023:951030-951182
contig_11040	278545	278764	intergenic	.	contig_11040:278545-278764
contig_11040	443797	443859	gene,mRNA		contig_11040:443797-443859
contig_11040	563120	563352	intergenic	.	contig_11040:563120-563352
contig_11040	597309	597730	intergenic	.	contig_11040:597309-597730
contig_11040	630247	630423	intergenic	.	contig_11040:630247-630423
contig_11043	401607	401809	gene,mRNA		contig_11043:401607-401809
contig_11043	577131	577611	gene,mRNA		contig_11043:577131-577611
contig_11043	639037	639132	gene,mRNA		contig_11043:639037-639132
contig_11043	751442	751595	gene,mRNA		contig_11043:751442-751595
contig_11043	1006365	1006629	gene,mRNA		contig_11043:1006365-1006629
contig_1106	260975	261051	intergenic	.	contig_1106:260975-261051
contig_1106	527971	528011	intergenic	.	contig_1106:527971-528011
contig_1106	543728	543935	intergenic	.	contig_1106:543728-543935
contig_1106	560084	560237	intergenic	.	contig_1106:560084-560237
contig_1106	859743	860030	gene,mRNA		contig_1106:859743-860030
contig_1106	1201052	1201204	intergenic	.	contig_1106:1201052-1201204
contig_11060	149653	149721	intergenic	.	contig_11060:149653-149721
contig_11081	386840	387046	intergenic	.	contig_11081:386840-387046
contig_11081	409380	409536	intergenic	.	contig_11081:409380-409536
contig_11081	514156	514377	intergenic	.	contig_11081:514156-514377
contig_11081	522115	522302	intergenic	.	contig_11081:522115-522302
contig_11081	557488	557905	intergenic	.	contig_11081:557488-557905
contig_11081	563301	563583	intergenic	.	contig_11081:563301-563583
contig_11081	613035	613148	intergenic	.	contig_11081:613035-613148
contig_11081	645443	645623	intergenic	.	contig_11081:645443-645623
contig_11081	684938	685005	intergenic	.	contig_11081:684938-685005
contig_11081	688112	688264	intergenic	.	contig_11081:688112-688264
contig_11081	688842	688961	intergenic	.	contig_11081:688842-688961
contig_11083	294162	294337	gene,mRNA		contig_11083:294162-294337
contig_11083	294402	294546	gene,mRNA		contig_11083:294402-294546
contig_11083	295053	295284	gene,mRNA		contig_11083:295053-295284
contig_11083	304259	304406	intergenic	.	contig_11083:304259-304406
contig_11083	393511	393622	gene,mRNA		contig_11083:393511-393622
contig_11105	69029	69330	gene,mRNA		contig_11105:69029-69330
contig_11105	121730	121798	gene,mRNA		contig_11105:121730-121798
contig_11105	1228984	1229122	intergenic	.	contig_11105:1228984-1229122
contig_11105	1474279	1474386	gene,mRNA		contig_11105:1474279-1474386
contig_11105	1619763	1620167	intergenic	.	contig_11105:1619763-1620167
contig_11125	300741	300870	gene,mRNA		contig_11125:300741-300870
contig_11125	301581	301640	gene,mRNA		contig_11125:301581-301640
contig_11125	301716	301758	gene,mRNA		contig_11125:301716-301758
contig_11125	304184	304297	gene,mRNA		contig_11125:304184-304297
contig_11173	13799	14128	intergenic	.	contig_11173:13799-14128
contig_11179	51148	51350	intergenic	.	contig_11179:51148-51350
contig_11179	171372	171738	intergenic	.	contig_11179:171372-171738
contig_11179	186699	186729	intergenic	.	contig_11179:186699-186729
contig_11179	342327	342614	intergenic	.	contig_11179:342327-342614
contig_11179	344557	344939	intergenic	.	contig_11179:344557-344939
contig_11179	345215	345272	intergenic	.	contig_11179:345215-345272
contig_11179	498127	498374	intergenic	.	contig_11179:498127-498374
contig_11179	499255	499300	intergenic	.	contig_11179:499255-499300
contig_11179	531531	531621	intergenic	.	contig_11179:531531-531621
contig_11193	27398	27528	intergenic	.	contig_11193:27398-27528
contig_11193	211602	211759	gene,mRNA		contig_11193:211602-211759
contig_11205	333944	334020	intergenic	.	contig_11205:333944-334020
contig_11205	334705	334801	intergenic	.	contig_11205:334705-334801
contig_11224	450348	450675	gene,mRNA		contig_11224:450348-450675
contig_11224	450767	450990	gene,mRNA		contig_11224:450767-450990
contig_11256	99622	99922	intergenic	.	contig_11256:99622-99922
contig_11256	179411	179590	intergenic	.	contig_11256:179411-179590
contig_11256	207299	207549	intergenic	.	contig_11256:207299-207549
contig_11256	668223	668261	intergenic	.	contig_11256:668223-668261
contig_11256	668720	668971	intergenic	.	contig_11256:668720-668971
contig_11277	111011	111215	intergenic	.	contig_11277:111011-111215
contig_11277	150190	150269	intergenic	.	contig_11277:150190-150269
contig_11277	220225	220425	intergenic	.	contig_11277:220225-220425
contig_11277	521530	521763	gene,mRNA		contig_11277:521530-521763
contig_11320	218532	218834	gene,mRNA		contig_11320:218532-218834
contig_11400	45482	45567	gene,polyA_signal_sequence		contig_11400:45482-45567
contig_11400	45723	46024	gene,mRNA,stop_codon,exon,CDS		contig_11400:45723-46024
contig_11488	122886	123095	gene,mRNA		contig_11488:122886-123095
contig_11488	163386	163533	gene,mRNA		contig_11488:163386-163533
contig_11488	1100399	1100666	intergenic	.	contig_11488:1100399-1100666
contig_11488	1101025	1101114	intergenic	.	contig_11488:1101025-1101114
contig_11488	1101170	1101504	intergenic	.	contig_11488:1101170-1101504
contig_11497	1371058	1371155	gene,mRNA		contig_11497:1371058-1371155
contig_11497	1371218	1371296	gene,mRNA		contig_11497:1371218-1371296
contig_11512	1026558	1026777	gene,mRNA		contig_11512:1026558-1026777
contig_11512	1527592	1527742	gene,mRNA		contig_11512:1527592-1527742
contig_11512	2006030	2006307	intergenic	.	contig_11512:2006030-2006307
contig_11560	597752	597889	intergenic	.	contig_11560:597752-597889
contig_11584	189302	189559	intergenic	.	contig_11584:189302-189559
contig_11595	492295	492363	intergenic	.	contig_11595:492295-492363
contig_11595	1201162	1201219	gene,mRNA		contig_11595:1201162-1201219
contig_11595	1673516	1673673	gene,mRNA		contig_11595:1673516-1673673
contig_11615	129854	130042	intergenic	.	contig_11615:129854-130042
contig_11615	130100	130540	intergenic	.	contig_11615:130100-130540
contig_11615	390305	390546	intergenic	.	contig_11615:390305-390546
contig_11661	30169	30503	intergenic	.	contig_11661:30169-30503
contig_11661	300304	300421	intergenic	.	contig_11661:300304-300421
contig_11709	53241	53584	gene		contig_11709:53241-53584
contig_11709	117024	117112	intergenic	.	contig_11709:117024-117112
contig_11717	792933	792975	intergenic	.	contig_11717:792933-792975
contig_11731	142612	142770	intergenic	.	contig_11731:142612-142770
contig_11742	4417	4636	intergenic	.	contig_11742:4417-4636
contig_11751	476580	476644	intergenic	.	contig_11751:476580-476644
contig_11751	652053	652219	intergenic	.	contig_11751:652053-652219
contig_11758	420922	421022	gene,mRNA		contig_11758:420922-421022
contig_11758	423063	423263	exon,CDS,gene,mRNA		contig_11758:423063-423263
contig_11758	992155	992502	exon,CDS,gene,mRNA		contig_11758:992155-992502
contig_11814	5498	5733	intergenic	.	contig_11814:5498-5733
contig_11814	489805	489927	intergenic	.	contig_11814:489805-489927
contig_11814	557486	557638	gene,mRNA		contig_11814:557486-557638
contig_11814	557737	557856	gene,mRNA		contig_11814:557737-557856
contig_11814	899993	900105	gene,mRNA		contig_11814:899993-900105
contig_11856	76262	76399	intergenic	.	contig_11856:76262-76399
contig_11856	344018	344288	intergenic	.	contig_11856:344018-344288
contig_11856	1944406	1944542	intergenic	.	contig_11856:1944406-1944542
contig_11856	1944605	1944719	intergenic	.	contig_11856:1944605-1944719
contig_11856	2426028	2426096	intergenic	.	contig_11856:2426028-2426096
contig_11856	2628476	2628592	intergenic	.	contig_11856:2628476-2628592
contig_11893	19715	20025	intergenic	.	contig_11893:19715-20025
contig_11893	285615	285656	intergenic	.	contig_11893:285615-285656
contig_11893	503100	503259	gene,mRNA		contig_11893:503100-503259
contig_11893	785988	786111	gene,mRNA		contig_11893:785988-786111
contig_11904	397704	397764	gene,mRNA		contig_11904:397704-397764
contig_11904	691698	691929	intergenic	.	contig_11904:691698-691929
contig_11909	180531	180654	gene,mRNA		contig_11909:180531-180654
contig_11909	308292	308433	gene,mRNA		contig_11909:308292-308433
contig_11939	213485	213982	exon,CDS,gene,mRNA		contig_11939:213485-213982
contig_11939	897463	897559	intergenic	.	contig_11939:897463-897559
contig_11961	295651	295793	intergenic	.	contig_11961:295651-295793
contig_11961	520627	520936	intergenic	.	contig_11961:520627-520936
contig_1200	186075	186197	intergenic	.	contig_1200:186075-186197
contig_1200	226805	226989	intergenic	.	contig_1200:226805-226989
contig_1200	227071	227568	polyA_signal_sequence,stop_codon,exon,CDS,gene,mRNA		contig_1200:227071-227568
contig_1200	228637	228854	gene,mRNA		contig_1200:228637-228854
contig_1200	1071407	1071473	intergenic	.	contig_1200:1071407-1071473
contig_12040	62725	63274	intergenic	.	contig_12040:62725-63274
contig_12040	316325	316371	intergenic	.	contig_12040:316325-316371
contig_12040	485269	485336	gene,mRNA		contig_12040:485269-485336
contig_12049	31583	31763	intergenic	.	contig_12049:31583-31763
contig_12049	132058	132708	intergenic	.	contig_12049:132058-132708
contig_12049	552426	552488	intergenic	.	contig_12049:552426-552488
contig_12064	45885	46181	intergenic	.	contig_12064:45885-46181
contig_12086	169588	170103	gene,mRNA		contig_12086:169588-170103
contig_12086	745937	746354	intergenic	.	contig_12086:745937-746354
contig_12086	821658	821762	gene,mRNA		contig_12086:821658-821762
contig_12086	862056	862160	gene,mRNA		contig_12086:862056-862160
contig_12086	904641	904741	intergenic	.	contig_12086:904641-904741
contig_12086	904792	905051	intergenic	.	contig_12086:904792-905051
contig_12086	966124	966291	intergenic	.	contig_12086:966124-966291
contig_12086	970274	970395	intergenic	.	contig_12086:970274-970395
contig_12086	1006597	1007078	gene,mRNA		contig_12086:1006597-1007078
contig_12086	1794532	1794631	gene,mRNA		contig_12086:1794532-1794631
contig_12086	2014058	2014164	gene,mRNA		contig_12086:2014058-2014164
contig_12086	2051410	2051583	gene,mRNA		contig_12086:2051410-2051583
contig_12086	2108819	2109074	gene,mRNA		contig_12086:2108819-2109074
contig_12086	2161029	2161357	intergenic	.	contig_12086:2161029-2161357
contig_12086	2304414	2304601	gene,mRNA		contig_12086:2304414-2304601
contig_12086	2495037	2495255	intergenic	.	contig_12086:2495037-2495255
contig_12086	2519634	2520246	intergenic	.	contig_12086:2519634-2520246
contig_12086	2658073	2658292	gene,mRNA		contig_12086:2658073-2658292
contig_12086	2698200	2698310	gene,mRNA		contig_12086:2698200-2698310
contig_12086	2872036	2872315	intergenic	.	contig_12086:2872036-2872315
contig_12086	3065156	3065266	gene,mRNA		contig_12086:3065156-3065266
contig_12086	3323777	3323817	gene,mRNA		contig_12086:3323777-3323817
contig_12103	483341	483512	gene,mRNA		contig_12103:483341-483512
contig_12152	243245	243431	intergenic	.	contig_12152:243245-243431
contig_12163	116889	116923	intergenic	.	contig_12163:116889-116923
contig_12163	117018	117151	intergenic	.	contig_12163:117018-117151
contig_12230	62091	62468	intergenic	.	contig_12230:62091-62468
contig_12230	62765	62795	intergenic	.	contig_12230:62765-62795
contig_12250	21293	21341	intergenic	.	contig_12250:21293-21341
contig_12305	24274	24460	intergenic	.	contig_12305:24274-24460
contig_12309	102743	102946	intergenic	.	contig_12309:102743-102946
contig_12309	215703	215917	gene,mRNA,exon,CDS		contig_12309:215703-215917
contig_12309	424514	424980	gene,mRNA		contig_12309:424514-424980
contig_12316	11826	11897	gene,mRNA		contig_12316:11826-11897
contig_12323	269970	270090	intergenic	.	contig_12323:269970-270090
contig_12323	313034	313075	intergenic	.	contig_12323:313034-313075
contig_12330	626464	626595	intergenic	.	contig_12330:626464-626595
contig_12336	146966	147251	intergenic	.	contig_12336:146966-147251
contig_12336	206547	206607	intergenic	.	contig_12336:206547-206607
contig_12395	681549	681667	intergenic	.	contig_12395:681549-681667
contig_12395	752867	753017	gene,mRNA		contig_12395:752867-753017
contig_12395	1365131	1365224	intergenic	.	contig_12395:1365131-1365224
contig_12402	13747	13971	intergenic	.	contig_12402:13747-13971
contig_12402	52645	52705	intergenic	.	contig_12402:52645-52705
contig_12412	29546	29580	intergenic	.	contig_12412:29546-29580
contig_12439	642172	642438	intergenic	.	contig_12439:642172-642438
contig_12439	751253	751308	intergenic	.	contig_12439:751253-751308
contig_12439	1315273	1315326	intergenic	.	contig_12439:1315273-1315326
contig_12439	1729437	1729537	gene,mRNA		contig_12439:1729437-1729537
contig_12439	1730578	1730678	gene		contig_12439:1730578-1730678
contig_12451	502701	502885	intergenic	.	contig_12451:502701-502885
contig_12459	53304	53731	intergenic	.	contig_12459:53304-53731
contig_12462	15582	15942	intergenic	.	contig_12462:15582-15942
contig_12470	559148	559196	intergenic	.	contig_12470:559148-559196
contig_12495	857454	857626	gene,mRNA		contig_12495:857454-857626
contig_12495	1168811	1169285	intergenic	.	contig_12495:1168811-1169285
contig_12495	1198703	1199048	intergenic	.	contig_12495:1198703-1199048
contig_12495	1199107	1199298	intergenic	.	contig_12495:1199107-1199298
contig_12495	1332920	1332977	intergenic	.	contig_12495:1332920-1332977
contig_12495	1333032	1333123	intergenic	.	contig_12495:1333032-1333123
contig_12495	1460863	1460904	intergenic	.	contig_12495:1460863-1460904
contig_12499	104856	105238	intergenic	.	contig_12499:104856-105238
contig_12501	215022	215231	intergenic	.	contig_12501:215022-215231
contig_12501	240968	241242	intergenic	.	contig_12501:240968-241242
contig_12501	241310	241412	intergenic	.	contig_12501:241310-241412
contig_12503	467416	467482	intergenic	.	contig_12503:467416-467482
contig_12503	468196	468285	intergenic	.	contig_12503:468196-468285
contig_12503	704364	704543	gene,mRNA		contig_12503:704364-704543
contig_12503	839816	839916	intergenic	.	contig_12503:839816-839916
contig_12503	1089276	1089376	gene,mRNA		contig_12503:1089276-1089376
contig_12503	1089976	1090076	gene,mRNA,exon,CDS		contig_12503:1089976-1090076
contig_12550	85849	85894	intergenic	.	contig_12550:85849-85894
contig_12550	86240	86321	intergenic	.	contig_12550:86240-86321
contig_12550	86799	86984	intergenic	.	contig_12550:86799-86984
contig_12558	52317	52393	intergenic	.	contig_12558:52317-52393
contig_12560	87528	87705	intergenic	.	contig_12560:87528-87705
contig_12581	230156	230367	intergenic	.	contig_12581:230156-230367
contig_12581	466303	466573	gene,mRNA		contig_12581:466303-466573
contig_12608	292137	292557	gene,mRNA		contig_12608:292137-292557
contig_12608	364148	364218	intergenic	.	contig_12608:364148-364218
contig_12627	329188	329260	intergenic	.	contig_12627:329188-329260
contig_12627	868879	868993	intergenic	.	contig_12627:868879-868993
contig_12627	1486247	1486312	intergenic	.	contig_12627:1486247-1486312
contig_12627	1486388	1486476	intergenic	.	contig_12627:1486388-1486476
contig_12627	1688827	1688887	intergenic	.	contig_12627:1688827-1688887
contig_12627	1870366	1870589	intergenic	.	contig_12627:1870366-1870589
contig_12633	185513	185572	intergenic	.	contig_12633:185513-185572
contig_12633	185669	185707	intergenic	.	contig_12633:185669-185707
contig_12640	375342	375552	intergenic	.	contig_12640:375342-375552
contig_12659	76422	76533	intergenic	.	contig_12659:76422-76533
contig_12700	355937	355976	intergenic	.	contig_12700:355937-355976
contig_12700	412686	412752	intergenic	.	contig_12700:412686-412752
contig_12709	697637	697818	intergenic	.	contig_12709:697637-697818
contig_12709	697900	698001	intergenic	.	contig_12709:697900-698001
contig_12709	1569468	1569831	intergenic	.	contig_12709:1569468-1569831
contig_12745	283721	283882	intergenic	.	contig_12745:283721-283882
contig_12745	496521	496631	intergenic	.	contig_12745:496521-496631
contig_12752	1541739	1541826	intergenic	.	contig_12752:1541739-1541826
contig_12757	346625	346782	intergenic	.	contig_12757:346625-346782
contig_12777	237392	237717	gene,mRNA		contig_12777:237392-237717
contig_1278	127697	127729	intergenic	.	contig_1278:127697-127729
contig_1278	143825	143901	intergenic	.	contig_1278:143825-143901
contig_1278	150312	150482	intergenic	.	contig_1278:150312-150482
contig_1278	193821	194036	intergenic	.	contig_1278:193821-194036
contig_12837	91474	91654	intergenic	.	contig_12837:91474-91654
contig_12837	487664	487719	intergenic	.	contig_12837:487664-487719
contig_12837	508222	508319	intergenic	.	contig_12837:508222-508319
contig_12837	508498	508861	intergenic	.	contig_12837:508498-508861
contig_12837	558882	559434	intergenic	.	contig_12837:558882-559434
contig_12837	584797	585242	intergenic	.	contig_12837:584797-585242
contig_12851	32419	32516	intergenic	.	contig_12851:32419-32516
contig_12851	151130	151452	intergenic	.	contig_12851:151130-151452
contig_12878	49656	49695	intergenic	.	contig_12878:49656-49695
contig_12878	447661	447768	gene,mRNA		contig_12878:447661-447768
contig_12878	488158	488304	intergenic	.	contig_12878:488158-488304
contig_12878	488492	488584	intergenic	.	contig_12878:488492-488584
contig_12879	69871	69951	intergenic	.	contig_12879:69871-69951
contig_12879	89922	90019	gene,mRNA		contig_12879:89922-90019
contig_1288	1140387	1140417	intergenic	.	contig_1288:1140387-1140417
contig_12884	149280	149939	intergenic	.	contig_12884:149280-149939
contig_12884	502141	502383	intergenic	.	contig_12884:502141-502383
contig_12884	535068	535233	gene,mRNA		contig_12884:535068-535233
contig_12884	777446	777652	gene,mRNA		contig_12884:777446-777652
contig_12884	871720	872368	gene,mRNA		contig_12884:871720-872368
contig_12884	890380	890744	gene,mRNA		contig_12884:890380-890744
contig_12884	969168	969208	gene,mRNA		contig_12884:969168-969208
contig_12884	969293	969480	gene,mRNA		contig_12884:969293-969480
contig_12884	1203043	1203174	gene,mRNA		contig_12884:1203043-1203174
contig_12904	904379	904456	intergenic	.	contig_12904:904379-904456
contig_12904	2532389	2532627	gene,mRNA		contig_12904:2532389-2532627
contig_12904	2637365	2637423	intergenic	.	contig_12904:2637365-2637423
contig_12904	3017068	3017168	gene,mRNA		contig_12904:3017068-3017168
contig_12904	3017268	3017568	gene,mRNA,exon,CDS		contig_12904:3017268-3017568
contig_12904	3035782	3035983	intergenic	.	contig_12904:3035782-3035983
contig_12905	226284	226390	intergenic	.	contig_12905:226284-226390
contig_12905	744613	744830	intergenic	.	contig_12905:744613-744830
contig_12905	2444722	2444767	intergenic	.	contig_12905:2444722-2444767
contig_12911	147182	147292	gene,mRNA		contig_12911:147182-147292
contig_12911	147358	147774	gene,mRNA		contig_12911:147358-147774
contig_12911	244666	245077	intergenic	.	contig_12911:244666-245077
contig_12925	250237	250643	start_codon,exon,CDS,gene,mRNA		contig_12925:250237-250643
contig_12925	250801	250853	exon,CDS,gene,mRNA		contig_12925:250801-250853
contig_12925	264273	264412	gene,mRNA		contig_12925:264273-264412
contig_12925	609167	609345	intergenic	.	contig_12925:609167-609345
contig_12925	984858	985024	intergenic	.	contig_12925:984858-985024
contig_1294	539808	539909	gene,mRNA		contig_1294:539808-539909
contig_1294	876582	876945	intergenic	.	contig_1294:876582-876945
contig_12947	300520	300713	intergenic	.	contig_12947:300520-300713
contig_12958	123463	123523	gene,mRNA		contig_12958:123463-123523
contig_12958	226572	226895	intergenic	.	contig_12958:226572-226895
contig_12958	393967	394088	intergenic	.	contig_12958:393967-394088
contig_12958	477784	477893	intergenic	.	contig_12958:477784-477893
contig_13022	285668	286297	gene,mRNA		contig_13022:285668-286297
contig_13022	294388	294621	gene,mRNA		contig_13022:294388-294621
contig_13037	126173	126357	intergenic	.	contig_13037:126173-126357
contig_13037	155906	156084	gene,mRNA		contig_13037:155906-156084
contig_13037	395971	396045	intergenic	.	contig_13037:395971-396045
contig_13037	611606	611846	gene,mRNA		contig_13037:611606-611846
contig_13037	728468	728625	intergenic	.	contig_13037:728468-728625
contig_13037	1114858	1114988	intergenic	.	contig_13037:1114858-1114988
contig_13037	1306918	1307062	intergenic	.	contig_13037:1306918-1307062
contig_13059	18740	18779	intergenic	.	contig_13059:18740-18779
contig_13059	18876	19104	gene,polyA_signal_sequence,mRNA,stop_codon,exon,CDS		contig_13059:18876-19104
contig_13072	243183	243435	intergenic	.	contig_13072:243183-243435
contig_13072	248364	248815	intergenic	.	contig_13072:248364-248815
contig_13080	58979	59143	gene,mRNA		contig_13080:58979-59143
contig_13080	345651	345745	gene,mRNA		contig_13080:345651-345745
contig_13094	73205	73544	intergenic	.	contig_13094:73205-73544
contig_1311	87136	87337	intergenic	.	contig_1311:87136-87337
contig_1312	105036	105067	intergenic	.	contig_1312:105036-105067
contig_13122	246636	247000	intergenic	.	contig_13122:246636-247000
contig_13143	77260	77473	gene,mRNA,exon,CDS		contig_13143:77260-77473
contig_13143	121009	121074	intergenic	.	contig_13143:121009-121074
contig_13143	121761	121939	intergenic	.	contig_13143:121761-121939
contig_13143	305441	305590	intergenic	.	contig_13143:305441-305590
contig_13143	306204	306304	intergenic	.	contig_13143:306204-306304
contig_13166	987920	987952	gene,mRNA		contig_13166:987920-987952
contig_13178	1242	1364	intergenic	.	contig_13178:1242-1364
contig_13197	499440	499485	intergenic	.	contig_13197:499440-499485
contig_13197	564529	564794	intergenic	.	contig_13197:564529-564794
contig_13197	565084	565257	intergenic	.	contig_13197:565084-565257
contig_13197	568140	568397	intergenic	.	contig_13197:568140-568397
contig_13197	620878	621151	gene,mRNA		contig_13197:620878-621151
contig_13197	1006736	1006892	gene,mRNA		contig_13197:1006736-1006892
contig_13197	1037173	1037333	gene,mRNA		contig_13197:1037173-1037333
contig_13197	1037467	1037607	gene,mRNA		contig_13197:1037467-1037607
contig_13197	1357298	1357426	intergenic	.	contig_13197:1357298-1357426
contig_13211	43561	43823	gene,mRNA		contig_13211:43561-43823
contig_13211	293883	294419	intergenic	.	contig_13211:293883-294419
contig_13211	331235	331490	intergenic	.	contig_13211:331235-331490
contig_13228	362586	362918	intergenic	.	contig_13228:362586-362918
contig_1323	10142	10374	intergenic	.	contig_1323:10142-10374
contig_1323	1519785	1519885	gene,polyA_signal_sequence		contig_1323:1519785-1519885
contig_13271	752723	752989	intergenic	.	contig_13271:752723-752989
contig_13271	804566	804811	intergenic	.	contig_13271:804566-804811
contig_13271	1108932	1109181	gene,mRNA		contig_13271:1108932-1109181
contig_13271	1233485	1233536	intergenic	.	contig_13271:1233485-1233536
contig_13289	400045	400144	intergenic	.	contig_13289:400045-400144
contig_13289	682951	683131	gene,mRNA		contig_13289:682951-683131
contig_13289	835012	835103	intergenic	.	contig_13289:835012-835103
contig_13312	231470	231656	intergenic	.	contig_13312:231470-231656
contig_13335	288505	288694	intergenic	.	contig_13335:288505-288694
contig_13335	631537	631660	intergenic	.	contig_13335:631537-631660
contig_13335	1589551	1589976	gene,mRNA		contig_13335:1589551-1589976
contig_13348	13512	13624	intergenic	.	contig_13348:13512-13624
contig_13348	500872	501261	gene,mRNA		contig_13348:500872-501261
contig_13348	528570	528708	intergenic	.	contig_13348:528570-528708
contig_13358	7577	8239	intergenic	.	contig_13358:7577-8239
contig_13358	96029	96202	intergenic	.	contig_13358:96029-96202
contig_13359	370379	370566	intergenic	.	contig_13359:370379-370566
contig_13379	82872	82927	intergenic	.	contig_13379:82872-82927
contig_13384	265950	266087	intergenic	.	contig_13384:265950-266087
contig_13384	560493	560835	intergenic	.	contig_13384:560493-560835
contig_13384	620239	620544	intergenic	.	contig_13384:620239-620544
contig_13384	778393	778490	gene,polyA_signal_sequence		contig_13384:778393-778490
contig_13384	911102	911535	intergenic	.	contig_13384:911102-911535
contig_13384	947643	948089	intergenic	.	contig_13384:947643-948089
contig_13384	1010907	1011124	gene,mRNA		contig_13384:1010907-1011124
contig_13384	1347126	1347317	intergenic	.	contig_13384:1347126-1347317
contig_134	58803	58882	intergenic	.	contig_134:58803-58882
contig_13409	81310	81779	intergenic	.	contig_13409:81310-81779
contig_13409	84262	84458	intergenic	.	contig_13409:84262-84458
contig_13416	73059	73156	intergenic	.	contig_13416:73059-73156
contig_13416	90125	90280	intergenic	.	contig_13416:90125-90280
contig_13416	137448	137601	intergenic	.	contig_13416:137448-137601
contig_13416	441640	441747	gene,mRNA		contig_13416:441640-441747
contig_13416	448842	449033	gene,mRNA		contig_13416:448842-449033
contig_13416	499730	499794	intergenic	.	contig_13416:499730-499794
contig_13416	528729	528895	intergenic	.	contig_13416:528729-528895
contig_13416	556916	557034	intergenic	.	contig_13416:556916-557034
contig_13416	615465	615908	intergenic	.	contig_13416:615465-615908
contig_13448	398916	398984	gene,mRNA		contig_13448:398916-398984
contig_13484	807700	807914	intergenic	.	contig_13484:807700-807914
contig_13484	923137	923603	intergenic	.	contig_13484:923137-923603
contig_13484	969345	969536	gene,mRNA		contig_13484:969345-969536
contig_13493	137474	137669	exon,CDS,gene,mRNA		contig_13493:137474-137669
contig_13493	190411	190511	gene,mRNA		contig_13493:190411-190511
contig_13493	467470	467546	gene,mRNA		contig_13493:467470-467546
contig_13493	878925	878992	gene,mRNA		contig_13493:878925-878992
contig_13493	1205793	1205980	intergenic	.	contig_13493:1205793-1205980
contig_13493	1323433	1323493	gene,mRNA		contig_13493:1323433-1323493
contig_13496	480290	480428	intergenic	.	contig_13496:480290-480428
contig_13496	549446	549582	gene,mRNA		contig_13496:549446-549582
contig_13496	940735	940933	intergenic	.	contig_13496:940735-940933
contig_13496	941006	941072	intergenic	.	contig_13496:941006-941072
contig_13496	948373	948682	intergenic	.	contig_13496:948373-948682
contig_13501	3209	3475	intergenic	.	contig_13501:3209-3475
contig_13501	13115	13412	intergenic	.	contig_13501:13115-13412
contig_13501	13621	13672	intergenic	.	contig_13501:13621-13672
contig_13501	53538	53824	intergenic	.	contig_13501:53538-53824
contig_13507	18784	18926	intergenic	.	contig_13507:18784-18926
contig_13513	78285	78406	intergenic	.	contig_13513:78285-78406
contig_13513	78538	78713	intergenic	.	contig_13513:78538-78713
contig_13513	254455	254756	intergenic	.	contig_13513:254455-254756
contig_13527	37228	37331	intergenic	.	contig_13527:37228-37331
contig_13527	104033	104115	intergenic	.	contig_13527:104033-104115
contig_13534	143615	143817	intergenic	.	contig_13534:143615-143817
contig_13563	80478	80610	intergenic	.	contig_13563:80478-80610
contig_13581	102853	103197	intergenic	.	contig_13581:102853-103197
contig_13581	121423	121512	intergenic	.	contig_13581:121423-121512
contig_13581	144540	144673	intergenic	.	contig_13581:144540-144673
contig_13597	215879	216057	intergenic	.	contig_13597:215879-216057
contig_13597	378201	378408	intergenic	.	contig_13597:378201-378408
contig_13604	5641	6046	intergenic	.	contig_13604:5641-6046
contig_13604	118660	118881	intergenic	.	contig_13604:118660-118881
contig_13662	379420	379485	intergenic	.	contig_13662:379420-379485
contig_13662	981158	981252	intergenic	.	contig_13662:981158-981252
contig_13669	456678	456802	gene,mRNA		contig_13669:456678-456802
contig_13669	456858	456991	gene,mRNA		contig_13669:456858-456991
contig_13688	9812	9901	intergenic	.	contig_13688:9812-9901
contig_13688	9963	10022	intergenic	.	contig_13688:9963-10022
contig_13688	19773	19978	intergenic	.	contig_13688:19773-19978
contig_13688	25749	25804	intergenic	.	contig_13688:25749-25804
contig_13693	65163	65293	gene,mRNA		contig_13693:65163-65293
contig_13695	83463	83605	gene,mRNA		contig_13695:83463-83605
contig_13695	83664	83995	gene,mRNA		contig_13695:83664-83995
contig_13698	299190	299338	intergenic	.	contig_13698:299190-299338
contig_13698	350974	351088	intergenic	.	contig_13698:350974-351088
contig_13782	894348	894663	gene,polyA_signal_sequence		contig_13782:894348-894663
contig_1381	1269573	1269683	gene,mRNA		contig_1381:1269573-1269683
contig_1381	2211957	2212284	intergenic	.	contig_1381:2211957-2212284
contig_1381	2752181	2752260	intergenic	.	contig_1381:2752181-2752260
contig_1381	2754941	2755152	intergenic	.	contig_1381:2754941-2755152
contig_1381	4450128	4450237	gene,mRNA		contig_1381:4450128-4450237
contig_13823	319348	319415	intergenic	.	contig_13823:319348-319415
contig_13823	319516	319681	intergenic	.	contig_13823:319516-319681
contig_13823	403352	403419	gene,mRNA		contig_13823:403352-403419
contig_13823	477479	477658	intergenic	.	contig_13823:477479-477658
contig_13823	477743	478814	intergenic	.	contig_13823:477743-478814
contig_13852	1075751	1075815	gene,mRNA		contig_13852:1075751-1075815
contig_13869	4645	4704	intergenic	.	contig_13869:4645-4704
contig_13869	4849	4904	intergenic	.	contig_13869:4849-4904
contig_13869	78498	78538	gene,mRNA		contig_13869:78498-78538
contig_1387	2250876	2250936	intergenic	.	contig_1387:2250876-2250936
contig_13907	40530	40560	gene,mRNA		contig_13907:40530-40560
contig_13907	40645	40926	gene,mRNA		contig_13907:40645-40926
contig_13907	248617	248879	gene,mRNA		contig_13907:248617-248879
contig_13907	639489	639653	intergenic	.	contig_13907:639489-639653
contig_13942	179619	179856	intergenic	.	contig_13942:179619-179856
contig_14	285414	285645	intergenic	.	contig_14:285414-285645
contig_14	638585	638855	intergenic	.	contig_14:638585-638855
contig_14	685089	685598	gene,mRNA		contig_14:685089-685598
contig_14	768590	768875	intergenic	.	contig_14:768590-768875
contig_14	769150	769298	intergenic	.	contig_14:769150-769298
contig_14054	445076	445329	gene,mRNA		contig_14054:445076-445329
contig_14070	37751	37810	intergenic	.	contig_14070:37751-37810
contig_14070	174581	174699	intergenic	.	contig_14070:174581-174699
contig_14077	87274	87400	gene,mRNA		contig_14077:87274-87400
contig_14077	271853	272045	intergenic	.	contig_14077:271853-272045
contig_14091	637396	637543	intergenic	.	contig_14091:637396-637543
contig_14091	954478	954723	gene,mRNA		contig_14091:954478-954723
contig_14098	272214	272414	exon,CDS,gene,mRNA		contig_14098:272214-272414
contig_14111	550547	550578	intergenic	.	contig_14111:550547-550578
contig_14111	614684	614836	intergenic	.	contig_14111:614684-614836
contig_14143	410140	410297	gene,mRNA		contig_14143:410140-410297
contig_14143	677981	678300	intergenic	.	contig_14143:677981-678300
contig_14143	929378	929677	intergenic	.	contig_14143:929378-929677
contig_14143	1587325	1587515	intergenic	.	contig_14143:1587325-1587515
contig_14143	1707144	1707529	intergenic	.	contig_14143:1707144-1707529
contig_14143	1775742	1776042	intergenic	.	contig_14143:1775742-1776042
contig_14153	400683	400770	intergenic	.	contig_14153:400683-400770
contig_14153	728024	728225	intergenic	.	contig_14153:728024-728225
contig_14174	194445	194919	intergenic	.	contig_14174:194445-194919
contig_14194	261348	261897	intergenic	.	contig_14194:261348-261897
contig_14282	179110	179426	gene,mRNA		contig_14282:179110-179426
contig_14282	823132	823321	intergenic	.	contig_14282:823132-823321
contig_14282	1191226	1191260	intergenic	.	contig_14282:1191226-1191260
contig_14282	1227582	1227978	intergenic	.	contig_14282:1227582-1227978
contig_14282	1335714	1335932	intergenic	.	contig_14282:1335714-1335932
contig_14282	1463010	1463112	intergenic	.	contig_14282:1463010-1463112
contig_14282	1602002	1602118	intergenic	.	contig_14282:1602002-1602118
contig_14295	24023	24305	gene,mRNA,stop_codon,exon,CDS		contig_14295:24023-24305
contig_14295	59496	59646	intergenic	.	contig_14295:59496-59646
contig_14317	412633	412842	intergenic	.	contig_14317:412633-412842
contig_14317	525768	526028	intergenic	.	contig_14317:525768-526028
contig_14317	548947	549143	intergenic	.	contig_14317:548947-549143
contig_14317	895891	896236	intergenic	.	contig_14317:895891-896236
contig_14317	908041	908530	intergenic	.	contig_14317:908041-908530
contig_1435	216140	216291	intergenic	.	contig_1435:216140-216291
contig_1435	954694	955043	gene,mRNA		contig_1435:954694-955043
contig_1436	30759	30930	gene,mRNA		contig_1436:30759-30930
contig_1436	136933	136995	intergenic	.	contig_1436:136933-136995
contig_1436	276636	276797	intergenic	.	contig_1436:276636-276797
contig_14395	378433	378623	intergenic	.	contig_14395:378433-378623
contig_14399	277358	277477	gene,mRNA		contig_14399:277358-277477
contig_14399	428901	429126	intergenic	.	contig_14399:428901-429126
contig_14399	641403	641657	polyA_signal_sequence,gene		contig_14399:641403-641657
contig_14399	641992	642356	stop_codon,exon,CDS,gene,mRNA		contig_14399:641992-642356
contig_14399	778389	778687	gene,mRNA		contig_14399:778389-778687
contig_14399	813464	813785	intergenic	.	contig_14399:813464-813785
contig_14399	940207	940430	intergenic	.	contig_14399:940207-940430
contig_14399	1056180	1056484	intergenic	.	contig_14399:1056180-1056484
contig_14497	91219	91477	gene,mRNA		contig_14497:91219-91477
contig_14497	340219	340422	intergenic	.	contig_14497:340219-340422
contig_14497	924124	924500	gene,mRNA		contig_14497:924124-924500
contig_14497	1192920	1193096	intergenic	.	contig_14497:1192920-1193096
contig_14506	60585	60812	intergenic	.	contig_14506:60585-60812
contig_14506	219996	220244	gene		contig_14506:219996-220244
contig_14506	303252	303811	intergenic	.	contig_14506:303252-303811
contig_14506	494900	495194	intergenic	.	contig_14506:494900-495194
contig_14506	495314	495396	intergenic	.	contig_14506:495314-495396
contig_14506	557990	558113	intergenic	.	contig_14506:557990-558113
contig_14536	125981	126220	intergenic	.	contig_14536:125981-126220
contig_14536	303385	303525	gene,mRNA		contig_14536:303385-303525
contig_14536	316520	316849	intergenic	.	contig_14536:316520-316849
contig_14584	43972	44073	gene,mRNA		contig_14584:43972-44073
contig_14617	27579	27642	intergenic	.	contig_14617:27579-27642
contig_14617	118232	118515	intergenic	.	contig_14617:118232-118515
contig_14652	181676	181736	intergenic	.	contig_14652:181676-181736
contig_14652	181873	182046	intergenic	.	contig_14652:181873-182046
contig_14652	282198	282247	intergenic	.	contig_14652:282198-282247
contig_14652	505696	505754	intergenic	.	contig_14652:505696-505754
contig_14652	751359	751789	stop_codon,exon,CDS,gene,mRNA		contig_14652:751359-751789
contig_14652	845343	845718	gene,mRNA		contig_14652:845343-845718
contig_14666	139126	139304	gene,mRNA		contig_14666:139126-139304
contig_14666	520458	520534	intergenic	.	contig_14666:520458-520534
contig_14673	87541	87602	gene,mRNA		contig_14673:87541-87602
contig_14676	70362	70467	gene,mRNA		contig_14676:70362-70467
contig_14676	151889	152163	intergenic	.	contig_14676:151889-152163
contig_14689	25539	25760	intergenic	.	contig_14689:25539-25760
contig_14689	571185	571598	intergenic	.	contig_14689:571185-571598
contig_14689	804056	804208	intergenic	.	contig_14689:804056-804208
contig_14775	1280663	1280740	gene,mRNA		contig_14775:1280663-1280740
contig_14775	1697156	1697198	intergenic	.	contig_14775:1697156-1697198
contig_14775	2629935	2630184	gene,mRNA		contig_14775:2629935-2630184
contig_14795	439500	439620	intergenic	.	contig_14795:439500-439620
contig_14795	439991	440166	intergenic	.	contig_14795:439991-440166
contig_14866	13642	13712	intergenic	.	contig_14866:13642-13712
contig_14866	254313	254481	intergenic	.	contig_14866:254313-254481
contig_14866	254538	254666	intergenic	.	contig_14866:254538-254666
contig_14866	849419	849502	intergenic	.	contig_14866:849419-849502
contig_14866	1458029	1458269	intergenic	.	contig_14866:1458029-1458269
contig_14866	1910324	1910606	intergenic	.	contig_14866:1910324-1910606
contig_14866	1962247	1962731	intergenic	.	contig_14866:1962247-1962731
contig_14869	189886	189963	intergenic	.	contig_14869:189886-189963
contig_14869	246586	246720	gene,mRNA		contig_14869:246586-246720
contig_14869	560430	560513	intergenic	.	contig_14869:560430-560513
contig_14869	560628	560750	intergenic	.	contig_14869:560628-560750
contig_14869	900489	900609	intergenic	.	contig_14869:900489-900609
contig_14885	523188	523425	intergenic	.	contig_14885:523188-523425
contig_14885	856952	857013	gene,mRNA		contig_14885:856952-857013
contig_14885	1452485	1452641	intergenic	.	contig_14885:1452485-1452641
contig_14897	1075703	1075789	gene,mRNA		contig_14897:1075703-1075789
contig_14897	2034959	2035255	intergenic	.	contig_14897:2034959-2035255
contig_14897	2035373	2035432	intergenic	.	contig_14897:2035373-2035432
contig_14897	2785218	2785280	intergenic	.	contig_14897:2785218-2785280
contig_14902	74183	74403	intergenic	.	contig_14902:74183-74403
contig_14902	317895	318119	intergenic	.	contig_14902:317895-318119
contig_14902	444270	444465	gene,mRNA		contig_14902:444270-444465
contig_14992	1128	1232	intergenic	.	contig_14992:1128-1232
contig_15009	297264	297515	intergenic	.	contig_15009:297264-297515
contig_15009	297796	297868	intergenic	.	contig_15009:297796-297868
contig_15009	428772	429309	intergenic	.	contig_15009:428772-429309
contig_15095	180769	180829	gene,mRNA		contig_15095:180769-180829
contig_15112	497508	497568	gene,mRNA		contig_15112:497508-497568
contig_15112	959028	959122	intergenic	.	contig_15112:959028-959122
contig_15112	1235078	1235173	intergenic	.	contig_15112:1235078-1235173
contig_15136	239291	239612	gene,mRNA		contig_15136:239291-239612
contig_15136	260312	260900	gene,mRNA		contig_15136:260312-260900
contig_15136	688009	688279	gene,mRNA		contig_15136:688009-688279
contig_15136	958148	958211	gene,mRNA		contig_15136:958148-958211
contig_15136	998014	998270	gene,mRNA		contig_15136:998014-998270
contig_15136	1672191	1672472	intergenic	.	contig_15136:1672191-1672472
contig_15136	1687887	1688136	intergenic	.	contig_15136:1687887-1688136
contig_15136	1986788	1986999	gene,mRNA		contig_15136:1986788-1986999
contig_15136	2271711	2271811	gene,mRNA		contig_15136:2271711-2271811
contig_15136	2325071	2325128	intergenic	.	contig_15136:2325071-2325128
contig_15136	3550778	3550964	intergenic	.	contig_15136:3550778-3550964
contig_15136	3599364	3599479	intergenic	.	contig_15136:3599364-3599479
contig_15136	3599877	3599971	intergenic	.	contig_15136:3599877-3599971
contig_15143	173238	173390	gene,mRNA		contig_15143:173238-173390
contig_15151	477475	477840	gene,mRNA		contig_15151:477475-477840
contig_15162	169633	169863	intergenic	.	contig_15162:169633-169863
contig_15180	36272	36444	intergenic	.	contig_15180:36272-36444
contig_15180	48928	49160	intergenic	.	contig_15180:48928-49160
contig_15180	495418	495696	intergenic	.	contig_15180:495418-495696
contig_15180	585287	585480	intergenic	.	contig_15180:585287-585480
contig_15180	712133	712492	intergenic	.	contig_15180:712133-712492
contig_15183	28089	28316	intergenic	.	contig_15183:28089-28316
contig_15213	9193	9287	intergenic	.	contig_15213:9193-9287
contig_15218	146897	147088	polyA_signal_sequence,gene		contig_15218:146897-147088
contig_15223	871865	871913	gene,mRNA		contig_15223:871865-871913
contig_15328	56417	56554	intergenic	.	contig_15328:56417-56554
contig_15356	536138	536270	intergenic	.	contig_15356:536138-536270
contig_1538	620142	620437	gene,mRNA,exon,CDS,stop_codon,polyA_signal_sequence		contig_1538:620142-620437
contig_15397	61271	61424	intergenic	.	contig_15397:61271-61424
contig_15397	130039	130292	intergenic	.	contig_15397:130039-130292
contig_15397	286835	286982	intergenic	.	contig_15397:286835-286982
contig_15397	555647	555761	intergenic	.	contig_15397:555647-555761
contig_15397	555815	556000	intergenic	.	contig_15397:555815-556000
contig_15401	159287	159671	intergenic	.	contig_15401:159287-159671
contig_15490	335205	335336	gene,mRNA		contig_15490:335205-335336
contig_15490	890152	890577	intergenic	.	contig_15490:890152-890577
contig_15490	2491244	2491398	gene,mRNA		contig_15490:2491244-2491398
contig_15495	137115	137172	intergenic	.	contig_15495:137115-137172
contig_15495	138850	139021	intergenic	.	contig_15495:138850-139021
contig_155	131433	131609	intergenic	.	contig_155:131433-131609
contig_15502	396775	396805	gene,mRNA		contig_15502:396775-396805
contig_15502	687400	687514	gene,mRNA		contig_15502:687400-687514
contig_15502	741339	741472	gene,mRNA		contig_15502:741339-741472
contig_15502	747460	747745	gene,mRNA		contig_15502:747460-747745
contig_15502	879604	879879	intergenic	.	contig_15502:879604-879879
contig_15502	922472	922654	gene,mRNA		contig_15502:922472-922654
contig_15502	1031543	1031878	gene,mRNA		contig_15502:1031543-1031878
contig_15523	1189338	1189410	gene,mRNA		contig_15523:1189338-1189410
contig_15537	35552	35635	intergenic	.	contig_15537:35552-35635
contig_15537	91775	91937	intergenic	.	contig_15537:91775-91937
contig_15537	178544	178675	intergenic	.	contig_15537:178544-178675
contig_15537	360188	360288	intergenic	.	contig_15537:360188-360288
contig_15537	362607	362739	intergenic	.	contig_15537:362607-362739
contig_15542	610811	611003	intergenic	.	contig_15542:610811-611003
contig_15542	715965	716124	intergenic	.	contig_15542:715965-716124
contig_15573	120879	121135	gene,mRNA		contig_15573:120879-121135
contig_15573	121210	121394	gene,mRNA		contig_15573:121210-121394
contig_15573	733051	733398	intergenic	.	contig_15573:733051-733398
contig_15584	168108	168274	intergenic	.	contig_15584:168108-168274
contig_15584	621304	621384	intergenic	.	contig_15584:621304-621384
contig_15584	641713	641908	intergenic	.	contig_15584:641713-641908
contig_15626	194545	194669	intergenic	.	contig_15626:194545-194669
contig_15646	65970	66155	intergenic	.	contig_15646:65970-66155
contig_15646	79929	80000	intergenic	.	contig_15646:79929-80000
contig_15646	86664	86954	intergenic	.	contig_15646:86664-86954
contig_15646	199816	199847	intergenic	.	contig_15646:199816-199847
contig_15654	1797	1922	intergenic	.	contig_15654:1797-1922
contig_15654	6885	7016	intergenic	.	contig_15654:6885-7016
contig_15654	8778	9118	intergenic	.	contig_15654:8778-9118
contig_15654	9193	9326	intergenic	.	contig_15654:9193-9326
contig_15655	2050	2160	intergenic	.	contig_15655:2050-2160
contig_15655	2250	2538	intergenic	.	contig_15655:2250-2538
contig_15661	167076	167517	intergenic	.	contig_15661:167076-167517
contig_15664	47256	47325	intergenic	.	contig_15664:47256-47325
contig_1568	542446	542722	gene,mRNA		contig_1568:542446-542722
contig_1568	1137807	1138062	intergenic	.	contig_1568:1137807-1138062
contig_15692	70674	70729	gene,mRNA,stop_codon,exon,CDS		contig_15692:70674-70729
contig_15810	489919	490051	gene,mRNA		contig_15810:489919-490051
contig_15810	632797	632862	intergenic	.	contig_15810:632797-632862
contig_15810	676812	676916	intergenic	.	contig_15810:676812-676916
contig_15810	905011	905235	intergenic	.	contig_15810:905011-905235
contig_1585	193578	194015	intergenic	.	contig_1585:193578-194015
contig_15862	290779	290987	intergenic	.	contig_15862:290779-290987
contig_15870	51114	51168	intergenic	.	contig_15870:51114-51168
contig_15903	212732	212792	intergenic	.	contig_15903:212732-212792
contig_15903	284075	284240	intergenic	.	contig_15903:284075-284240
contig_15903	650379	650777	gene,mRNA		contig_15903:650379-650777
contig_15903	650830	650965	gene,mRNA		contig_15903:650830-650965
contig_15916	106910	107194	intergenic	.	contig_15916:106910-107194
contig_15916	364613	364805	intergenic	.	contig_15916:364613-364805
contig_15919	200572	200853	intergenic	.	contig_15919:200572-200853
contig_15919	231353	231537	intergenic	.	contig_15919:231353-231537
contig_15941	12639	13003	intergenic	.	contig_15941:12639-13003
contig_15967	40645	41096	intergenic	.	contig_15967:40645-41096
contig_1598	74630	74724	intergenic	.	contig_1598:74630-74724
contig_1598	75024	75107	intergenic	.	contig_1598:75024-75107
contig_1598	183250	183390	intergenic	.	contig_1598:183250-183390
contig_1598	460973	461156	intergenic	.	contig_1598:460973-461156
contig_15987	852858	853135	exon,CDS,gene,mRNA		contig_15987:852858-853135
contig_15987	882687	883013	gene,mRNA		contig_15987:882687-883013
contig_16024	726561	726676	gene,mRNA		contig_16024:726561-726676
contig_16024	975249	975501	intergenic	.	contig_16024:975249-975501
contig_16024	1295227	1295447	gene,mRNA		contig_16024:1295227-1295447
contig_16024	1295505	1295586	gene,mRNA		contig_16024:1295505-1295586
contig_16043	362825	362937	intergenic	.	contig_16043:362825-362937
contig_16043	531930	532199	intergenic	.	contig_16043:531930-532199
contig_16043	539149	539401	gene,mRNA		contig_16043:539149-539401
contig_16043	574498	574930	gene,mRNA		contig_16043:574498-574930
contig_16043	633982	634233	gene,mRNA		contig_16043:633982-634233
contig_16043	820004	820165	intergenic	.	contig_16043:820004-820165
contig_16043	820430	820650	intergenic	.	contig_16043:820430-820650
contig_16057	804426	804589	gene,mRNA		contig_16057:804426-804589
contig_16073	9953	10067	intergenic	.	contig_16073:9953-10067
contig_16088	296265	296459	gene,mRNA		contig_16088:296265-296459
contig_16111	111417	111568	gene,mRNA		contig_16111:111417-111568
contig_16120	132866	132991	intergenic	.	contig_16120:132866-132991
contig_16120	133078	133244	intergenic	.	contig_16120:133078-133244
contig_16131	635526	635833	intergenic	.	contig_16131:635526-635833
contig_1614	2965	3118	intergenic	.	contig_1614:2965-3118
contig_1614	362010	362337	intergenic	.	contig_1614:362010-362337
contig_1614	468488	468580	intergenic	.	contig_1614:468488-468580
contig_1614	522699	522812	gene,mRNA		contig_1614:522699-522812
contig_1614	527297	527525	gene,mRNA		contig_1614:527297-527525
contig_1614	641179	641336	gene,mRNA		contig_1614:641179-641336
contig_1614	840338	840536	intergenic	.	contig_1614:840338-840536
contig_1614	840600	840713	intergenic	.	contig_1614:840600-840713
contig_1614	843658	843760	intergenic	.	contig_1614:843658-843760
contig_1614	892684	892888	intergenic	.	contig_1614:892684-892888
contig_1614	1020882	1021170	intergenic	.	contig_1614:1020882-1021170
contig_1614	1029976	1030168	intergenic	.	contig_1614:1029976-1030168
contig_1614	1380267	1380404	gene,mRNA		contig_1614:1380267-1380404
contig_1614	1380502	1380641	gene,mRNA		contig_1614:1380502-1380641
contig_1614	1546972	1547151	gene,mRNA,exon,CDS,start_codon		contig_1614:1546972-1547151
contig_1614	1803130	1803263	intergenic	.	contig_1614:1803130-1803263
contig_1614	1874347	1874550	intergenic	.	contig_1614:1874347-1874550
contig_1614	1958348	1958474	intergenic	.	contig_1614:1958348-1958474
contig_1614	2092000	2092077	gene,mRNA		contig_1614:2092000-2092077
contig_1614	2479281	2479399	intergenic	.	contig_1614:2479281-2479399
contig_1614	2479705	2479779	intergenic	.	contig_1614:2479705-2479779
contig_1614	2578017	2578064	intergenic	.	contig_1614:2578017-2578064
contig_1614	2603983	2604239	intergenic	.	contig_1614:2603983-2604239
contig_1614	2702074	2702367	gene,mRNA		contig_1614:2702074-2702367
contig_1614	3152786	3152828	gene,mRNA		contig_1614:3152786-3152828
contig_16153	997775	997847	intergenic	.	contig_16153:997775-997847
contig_16163	113456	114068	intergenic	.	contig_16163:113456-114068
contig_16163	395638	395819	intergenic	.	contig_16163:395638-395819
contig_16163	472001	472254	intergenic	.	contig_16163:472001-472254
contig_16197	1931940	1932125	intergenic	.	contig_16197:1931940-1932125
contig_16197	2156682	2156748	intergenic	.	contig_16197:2156682-2156748
contig_16197	3428732	3428923	intergenic	.	contig_16197:3428732-3428923
contig_16213	354664	354902	intergenic	.	contig_16213:354664-354902
contig_16213	355213	355352	intergenic	.	contig_16213:355213-355352
contig_16213	534961	535400	intergenic	.	contig_16213:534961-535400
contig_16213	673158	673457	intergenic	.	contig_16213:673158-673457
contig_16213	884009	884156	gene,mRNA		contig_16213:884009-884156
contig_1622	1281146	1281220	intergenic	.	contig_1622:1281146-1281220
contig_1622	2119098	2119148	intergenic	.	contig_1622:2119098-2119148
contig_1622	2137542	2137654	intergenic	.	contig_1622:2137542-2137654
contig_1622	2481690	2481791	gene,mRNA		contig_1622:2481690-2481791
contig_16237	415246	415327	intergenic	.	contig_16237:415246-415327
contig_16243	293294	293442	intergenic	.	contig_16243:293294-293442
contig_16252	26696	26855	intergenic	.	contig_16252:26696-26855
contig_16252	80326	80367	intergenic	.	contig_16252:80326-80367
contig_16287	145672	145733	gene,mRNA		contig_16287:145672-145733
contig_16287	145837	145897	gene,mRNA		contig_16287:145837-145897
contig_16300	75148	75391	intergenic	.	contig_16300:75148-75391
contig_16300	471569	472110	gene,mRNA		contig_16300:471569-472110
contig_16344	15008	15115	intergenic	.	contig_16344:15008-15115
contig_16350	116968	117154	intergenic	.	contig_16350:116968-117154
contig_16353	4239	4318	intergenic	.	contig_16353:4239-4318
contig_16353	139138	139326	intergenic	.	contig_16353:139138-139326
contig_16359	419481	419538	gene,mRNA		contig_16359:419481-419538
contig_16359	525102	525281	intergenic	.	contig_16359:525102-525281
contig_16359	525481	525635	intergenic	.	contig_16359:525481-525635
contig_16372	16652	16783	intergenic	.	contig_16372:16652-16783
contig_16372	20029	20248	intergenic	.	contig_16372:20029-20248
contig_16469	6438	6499	intergenic	.	contig_16469:6438-6499
contig_16469	54230	54281	intergenic	.	contig_16469:54230-54281
contig_16469	115909	116157	intergenic	.	contig_16469:115909-116157
contig_16470	58686	59082	intergenic	.	contig_16470:58686-59082
contig_16470	317537	317895	intergenic	.	contig_16470:317537-317895
contig_16470	665296	665495	intergenic	.	contig_16470:665296-665495
contig_16470	768057	768255	gene,mRNA		contig_16470:768057-768255
contig_16470	966438	966624	gene,mRNA		contig_16470:966438-966624
contig_1648	760668	760736	intergenic	.	contig_1648:760668-760736
contig_1648	2543306	2543595	gene,mRNA		contig_1648:2543306-2543595
contig_16496	410702	410913	intergenic	.	contig_16496:410702-410913
contig_16496	437707	437836	intergenic	.	contig_16496:437707-437836
contig_16524	104034	104170	intergenic	.	contig_16524:104034-104170
contig_16537	201021	201136	gene,mRNA		contig_16537:201021-201136
contig_16537	763466	763721	intergenic	.	contig_16537:763466-763721
contig_16537	999092	999315	intergenic	.	contig_16537:999092-999315
contig_16545	442670	442753	intergenic	.	contig_16545:442670-442753
contig_16545	588872	588938	intergenic	.	contig_16545:588872-588938
contig_16545	849723	849852	intergenic	.	contig_16545:849723-849852
contig_16545	863040	863188	intergenic	.	contig_16545:863040-863188
contig_16574	4881	5113	intergenic	.	contig_16574:4881-5113
contig_16579	17754	17963	intergenic	.	contig_16579:17754-17963
contig_16583	87472	87842	intergenic	.	contig_16583:87472-87842
contig_16583	146187	146468	intergenic	.	contig_16583:146187-146468
contig_16583	471672	471854	intergenic	.	contig_16583:471672-471854
contig_16583	491760	491860	intergenic	.	contig_16583:491760-491860
contig_16603	322724	322803	intergenic	.	contig_16603:322724-322803
contig_16603	495270	495364	intergenic	.	contig_16603:495270-495364
contig_16603	608277	608314	intergenic	.	contig_16603:608277-608314
contig_16603	843978	844138	intergenic	.	contig_16603:843978-844138
contig_16603	993553	993717	intergenic	.	contig_16603:993553-993717
contig_16645	32058	32520	intergenic	.	contig_16645:32058-32520
contig_16652	227670	227756	intergenic	.	contig_16652:227670-227756
contig_16652	318739	319034	intergenic	.	contig_16652:318739-319034
contig_16652	387334	387729	intergenic	.	contig_16652:387334-387729
contig_16670	421694	421922	intergenic	.	contig_16670:421694-421922
contig_16670	693183	693306	gene,mRNA		contig_16670:693183-693306
contig_16670	1122213	1122322	gene,mRNA		contig_16670:1122213-1122322
contig_16670	1125487	1125614	intergenic	.	contig_16670:1125487-1125614
contig_16670	1274108	1274242	intergenic	.	contig_16670:1274108-1274242
contig_16684	597444	597631	intergenic	.	contig_16684:597444-597631
contig_16684	1001349	1001541	intergenic	.	contig_16684:1001349-1001541
contig_16684	1500389	1500431	intergenic	.	contig_16684:1500389-1500431
contig_16754	610630	610821	intergenic	.	contig_16754:610630-610821
contig_16754	737718	737868	gene,mRNA		contig_16754:737718-737868
contig_16754	737919	738122	gene,mRNA		contig_16754:737919-738122
contig_16770	1506227	1506311	gene,mRNA		contig_16770:1506227-1506311
contig_16792	53747	53866	intergenic	.	contig_16792:53747-53866
contig_16792	53976	54028	intergenic	.	contig_16792:53976-54028
contig_16804	93288	93368	intergenic	.	contig_16804:93288-93368
contig_16804	105598	105714	intergenic	.	contig_16804:105598-105714
contig_16804	124037	124171	intergenic	.	contig_16804:124037-124171
contig_16808	157720	157983	intergenic	.	contig_16808:157720-157983
contig_16808	158314	158372	intergenic	.	contig_16808:158314-158372
contig_16808	298596	298961	intergenic	.	contig_16808:298596-298961
contig_16808	485649	485729	intergenic	.	contig_16808:485649-485729
contig_16808	659946	660083	intergenic	.	contig_16808:659946-660083
contig_16808	741737	741812	intergenic	.	contig_16808:741737-741812
contig_16808	742033	742122	intergenic	.	contig_16808:742033-742122
contig_16832	162759	163239	intergenic	.	contig_16832:162759-163239
contig_16832	175183	175482	gene,mRNA		contig_16832:175183-175482
contig_16832	175721	175969	gene,mRNA		contig_16832:175721-175969
contig_16857	7842	8145	intergenic	.	contig_16857:7842-8145
contig_16865	34844	35028	intergenic	.	contig_16865:34844-35028
contig_16867	68627	68852	intergenic	.	contig_16867:68627-68852
contig_16867	69749	70062	intergenic	.	contig_16867:69749-70062
contig_16867	70627	70761	intergenic	.	contig_16867:70627-70761
contig_16867	91372	91417	intergenic	.	contig_16867:91372-91417
contig_16867	239882	240065	intergenic	.	contig_16867:239882-240065
contig_16884	46923	47415	intergenic	.	contig_16884:46923-47415
contig_16884	47509	47557	intergenic	.	contig_16884:47509-47557
contig_16884	426996	427251	intergenic	.	contig_16884:426996-427251
contig_16884	503927	504067	intergenic	.	contig_16884:503927-504067
contig_16884	611824	612046	intergenic	.	contig_16884:611824-612046
contig_16884	739284	739654	intergenic	.	contig_16884:739284-739654
contig_16903	230418	230572	gene,mRNA		contig_16903:230418-230572
contig_16903	363229	363395	gene,mRNA		contig_16903:363229-363395
contig_16903	363478	363588	gene,mRNA		contig_16903:363478-363588
contig_16903	389293	389735	intergenic	.	contig_16903:389293-389735
contig_16903	496043	496241	gene,mRNA		contig_16903:496043-496241
contig_16903	582506	582669	intergenic	.	contig_16903:582506-582669
contig_16958	153052	153218	intergenic	.	contig_16958:153052-153218
contig_16958	187318	187466	intergenic	.	contig_16958:187318-187466
contig_16958	381367	381409	intergenic	.	contig_16958:381367-381409
contig_16958	454511	454827	intergenic	.	contig_16958:454511-454827
contig_16958	478721	478888	intergenic	.	contig_16958:478721-478888
contig_16985	82877	83123	intergenic	.	contig_16985:82877-83123
contig_16985	84369	84552	intergenic	.	contig_16985:84369-84552
contig_17003	86204	86598	intergenic	.	contig_17003:86204-86598
contig_17003	136131	136262	gene,mRNA		contig_17003:136131-136262
contig_17006	262642	262857	gene,mRNA		contig_17006:262642-262857
contig_17006	413509	413853	intergenic	.	contig_17006:413509-413853
contig_17006	564600	564891	gene,mRNA		contig_17006:564600-564891
contig_17006	687350	687617	gene,mRNA		contig_17006:687350-687617
contig_17044	72183	72509	intergenic	.	contig_17044:72183-72509
contig_17044	263959	264211	intergenic	.	contig_17044:263959-264211
contig_17044	378412	378669	gene,mRNA		contig_17044:378412-378669
contig_17052	679928	680006	gene,mRNA		contig_17052:679928-680006
contig_17052	1713346	1713733	intergenic	.	contig_17052:1713346-1713733
contig_17083	817929	818134	intergenic	.	contig_17083:817929-818134
contig_17083	844096	844412	intergenic	.	contig_17083:844096-844412
contig_17083	1546046	1546095	intergenic	.	contig_17083:1546046-1546095
contig_17083	1588001	1588145	intergenic	.	contig_17083:1588001-1588145
contig_17093	155625	155901	intergenic	.	contig_17093:155625-155901
contig_17093	171249	171468	intergenic	.	contig_17093:171249-171468
contig_17100	462172	462225	intergenic	.	contig_17100:462172-462225
contig_17100	592225	592275	intergenic	.	contig_17100:592225-592275
contig_17107	20011	20110	intergenic	.	contig_17107:20011-20110
contig_17107	106429	106496	intergenic	.	contig_17107:106429-106496
contig_17149	63551	63703	intergenic	.	contig_17149:63551-63703
contig_17149	213687	213948	gene,mRNA,exon,CDS		contig_17149:213687-213948
contig_17149	301477	301555	intergenic	.	contig_17149:301477-301555
contig_17262	248516	248665	intergenic	.	contig_17262:248516-248665
contig_17262	291453	291555	intergenic	.	contig_17262:291453-291555
contig_17262	366629	366840	intergenic	.	contig_17262:366629-366840
contig_17262	366891	367021	intergenic	.	contig_17262:366891-367021
contig_17262	504504	504844	intergenic	.	contig_17262:504504-504844
contig_17269	1050	1239	intergenic	.	contig_17269:1050-1239
contig_17269	335646	335823	intergenic	.	contig_17269:335646-335823
contig_17269	632038	632240	intergenic	.	contig_17269:632038-632240
contig_17269	647451	647614	intergenic	.	contig_17269:647451-647614
contig_17353	24157	24190	intergenic	.	contig_17353:24157-24190
contig_17376	48930	49234	intergenic	.	contig_17376:48930-49234
contig_17376	159362	159606	intergenic	.	contig_17376:159362-159606
contig_17391	627310	627371	intergenic	.	contig_17391:627310-627371
contig_17391	684949	685122	gene,mRNA		contig_17391:684949-685122
contig_17391	894832	894898	intergenic	.	contig_17391:894832-894898
contig_17395	90455	90495	intergenic	.	contig_17395:90455-90495
contig_17395	90812	90925	intergenic	.	contig_17395:90812-90925
contig_17395	155240	155340	gene,mRNA		contig_17395:155240-155340
contig_17395	172894	173033	intergenic	.	contig_17395:172894-173033
contig_17395	298929	299189	intergenic	.	contig_17395:298929-299189
contig_17395	502058	502220	intergenic	.	contig_17395:502058-502220
contig_17395	502425	502598	intergenic	.	contig_17395:502425-502598
contig_17395	562594	562689	intergenic	.	contig_17395:562594-562689
contig_17415	243878	244125	intergenic	.	contig_17415:243878-244125
contig_17415	292878	292917	intergenic	.	contig_17415:292878-292917
contig_17415	320143	320269	intergenic	.	contig_17415:320143-320269
contig_17415	698747	698915	intergenic	.	contig_17415:698747-698915
contig_17415	756577	756924	intergenic	.	contig_17415:756577-756924
contig_17430	87367	87401	intergenic	.	contig_17430:87367-87401
contig_17430	331024	331189	gene,mRNA		contig_17430:331024-331189
contig_17432	22354	22512	intergenic	.	contig_17432:22354-22512
contig_17433	59369	59532	intergenic	.	contig_17433:59369-59532
contig_17478	1689893	1689983	intergenic	.	contig_17478:1689893-1689983
contig_17493	1677369	1677419	intergenic	.	contig_17493:1677369-1677419
contig_17570	211420	211539	intergenic	.	contig_17570:211420-211539
contig_17576	114169	114608	intergenic	.	contig_17576:114169-114608
contig_17576	125850	126164	intergenic	.	contig_17576:125850-126164
contig_17576	166443	166784	intergenic	.	contig_17576:166443-166784
contig_17576	198450	198673	intergenic	.	contig_17576:198450-198673
contig_17576	227221	227276	intergenic	.	contig_17576:227221-227276
contig_17592	108048	108280	intergenic	.	contig_17592:108048-108280
contig_17592	371312	371450	intergenic	.	contig_17592:371312-371450
contig_17592	381324	381376	intergenic	.	contig_17592:381324-381376
contig_17592	629578	629727	gene,mRNA		contig_17592:629578-629727
contig_17592	837830	837933	intergenic	.	contig_17592:837830-837933
contig_17595	34945	35275	intergenic	.	contig_17595:34945-35275
contig_17595	1655400	1655454	intergenic	.	contig_17595:1655400-1655454
contig_17671	160886	161198	intergenic	.	contig_17671:160886-161198
contig_17671	229600	229708	intergenic	.	contig_17671:229600-229708
contig_17677	9193	9247	intergenic	.	contig_17677:9193-9247
contig_17677	44852	45143	intergenic	.	contig_17677:44852-45143
contig_17680	75200	75363	intergenic	.	contig_17680:75200-75363
contig_17680	87323	87612	intergenic	.	contig_17680:87323-87612
contig_17706	622282	622360	intergenic	.	contig_17706:622282-622360
contig_17706	623010	623148	intergenic	.	contig_17706:623010-623148
contig_17706	623212	623294	intergenic	.	contig_17706:623212-623294
contig_17706	1174167	1174396	intergenic	.	contig_17706:1174167-1174396
contig_17706	1283205	1283337	intergenic	.	contig_17706:1283205-1283337
contig_17706	1283431	1283724	intergenic	.	contig_17706:1283431-1283724
contig_17712	442053	442304	intergenic	.	contig_17712:442053-442304
contig_17716	97750	97795	intergenic	.	contig_17716:97750-97795
contig_17735	49862	49967	intergenic	.	contig_17735:49862-49967
contig_17735	97672	98126	gene,mRNA,exon,CDS,start_codon		contig_17735:97672-98126
contig_17735	206872	206998	intergenic	.	contig_17735:206872-206998
contig_17735	312848	313264	intergenic	.	contig_17735:312848-313264
contig_17735	314144	314374	intergenic	.	contig_17735:314144-314374
contig_17735	353815	354048	intergenic	.	contig_17735:353815-354048
contig_17735	354101	354174	intergenic	.	contig_17735:354101-354174
contig_17748	83568	83748	intergenic	.	contig_17748:83568-83748
contig_17748	129100	129155	intergenic	.	contig_17748:129100-129155
contig_17748	205874	206033	intergenic	.	contig_17748:205874-206033
contig_17817	81340	81428	intergenic	.	contig_17817:81340-81428
contig_17817	343405	343473	gene,mRNA		contig_17817:343405-343473
contig_17824	2034001	2034220	polyA_signal_sequence,gene		contig_17824:2034001-2034220
contig_17824	2208024	2208158	intergenic	.	contig_17824:2208024-2208158
contig_17889	14289	14387	intergenic	.	contig_17889:14289-14387
contig_17889	14466	14530	intergenic	.	contig_17889:14466-14530
contig_1792	747436	747686	intergenic	.	contig_1792:747436-747686
contig_17930	1242764	1242967	gene,mRNA		contig_17930:1242764-1242967
contig_17930	1804167	1804266	intergenic	.	contig_17930:1804167-1804266
contig_17930	1804797	1804850	intergenic	.	contig_17930:1804797-1804850
contig_17930	2287201	2287268	intergenic	.	contig_17930:2287201-2287268
contig_17930	2377989	2378075	intergenic	.	contig_17930:2377989-2378075
contig_17930	2802340	2802559	intergenic	.	contig_17930:2802340-2802559
contig_1796	350027	350217	intergenic	.	contig_1796:350027-350217
contig_1796	696632	697020	intergenic	.	contig_1796:696632-697020
contig_1796	1395073	1395347	gene,mRNA		contig_1796:1395073-1395347
contig_1796	1917107	1917279	gene,mRNA		contig_1796:1917107-1917279
contig_1796	1927430	1927499	gene,mRNA		contig_1796:1927430-1927499
contig_1796	2035679	2035724	intergenic	.	contig_1796:2035679-2035724
contig_1796	2035969	2036224	intergenic	.	contig_1796:2035969-2036224
contig_1796	2302218	2302411	intergenic	.	contig_1796:2302218-2302411
contig_1796	2590397	2590932	intergenic	.	contig_1796:2590397-2590932
contig_1796	2859927	2860096	intergenic	.	contig_1796:2859927-2860096
contig_1796	4916135	4916337	intergenic	.	contig_1796:4916135-4916337
contig_1796	5060977	5061119	intergenic	.	contig_1796:5060977-5061119
contig_18004	761648	761818	intergenic	.	contig_18004:761648-761818
contig_18044	21763	21823	intergenic	.	contig_18044:21763-21823
contig_18044	293381	293570	exon,CDS,gene,mRNA		contig_18044:293381-293570
contig_18044	303668	303755	intergenic	.	contig_18044:303668-303755
contig_18044	312790	313005	intergenic	.	contig_18044:312790-313005
contig_1806	106672	106718	intergenic	.	contig_1806:106672-106718
contig_18064	267224	267567	gene,mRNA		contig_18064:267224-267567
contig_18064	392814	393130	gene,mRNA		contig_18064:392814-393130
contig_18085	1157044	1157302	gene,mRNA		contig_18085:1157044-1157302
contig_18091	202817	203172	gene,mRNA		contig_18091:202817-203172
contig_18091	242844	242942	intergenic	.	contig_18091:242844-242942
contig_18091	243003	243106	intergenic	.	contig_18091:243003-243106
contig_18091	243180	243275	intergenic	.	contig_18091:243180-243275
contig_1812	508793	509196	intergenic	.	contig_1812:508793-509196
contig_1812	651289	651490	exon,CDS,gene,mRNA		contig_1812:651289-651490
contig_1812	934593	934900	gene,mRNA		contig_1812:934593-934900
contig_1812	1097895	1098244	stop_codon,polyA_signal_sequence,gene,mRNA,exon,CDS		contig_1812:1097895-1098244
contig_1812	1259867	1260113	gene,mRNA		contig_1812:1259867-1260113
contig_18138	751547	751763	gene,mRNA		contig_18138:751547-751763
contig_18138	854630	854686	gene,mRNA		contig_18138:854630-854686
contig_18138	981574	981816	exon,CDS,gene,mRNA		contig_18138:981574-981816
contig_18138	1030990	1031181	intergenic	.	contig_18138:1030990-1031181
contig_18177	210518	210575	intergenic	.	contig_18177:210518-210575
contig_18198	515282	515650	intergenic	.	contig_18198:515282-515650
contig_18198	580765	580860	intergenic	.	contig_18198:580765-580860
contig_18198	637417	637544	gene,mRNA		contig_18198:637417-637544
contig_18198	650425	650486	gene,mRNA		contig_18198:650425-650486
contig_18198	650822	650900	gene,mRNA		contig_18198:650822-650900
contig_18229	95188	95308	intergenic	.	contig_18229:95188-95308
contig_18229	513144	513349	intergenic	.	contig_18229:513144-513349
contig_1825	125362	125527	intergenic	.	contig_1825:125362-125527
contig_1825	254768	254918	intergenic	.	contig_1825:254768-254918
contig_18251	222842	222917	gene,mRNA		contig_18251:222842-222917
contig_18251	223016	223132	gene,mRNA		contig_18251:223016-223132
contig_18251	298108	298339	gene,mRNA		contig_18251:298108-298339
contig_18283	131321	131694	intergenic	.	contig_18283:131321-131694
contig_18283	146275	146581	intergenic	.	contig_18283:146275-146581
contig_18283	302065	302225	polyA_signal_sequence,gene		contig_18283:302065-302225
contig_1830	236846	237089	gene,mRNA		contig_1830:236846-237089
contig_18329	345892	345952	gene,mRNA		contig_18329:345892-345952
contig_18361	406168	406234	intergenic	.	contig_18361:406168-406234
contig_18388	451375	451550	intergenic	.	contig_18388:451375-451550
contig_1842	195425	195621	intergenic	.	contig_1842:195425-195621
contig_18420	124805	125029	gene,mRNA		contig_18420:124805-125029
contig_18432	193277	193571	intergenic	.	contig_18432:193277-193571
contig_18432	193669	193751	intergenic	.	contig_18432:193669-193751
contig_18467	2721	2936	gene,mRNA,exon,CDS		contig_18467:2721-2936
contig_1847	392430	392597	intergenic	.	contig_1847:392430-392597
contig_1847	1007458	1007558	start_codon,exon,CDS,gene,mRNA		contig_1847:1007458-1007558
contig_18490	332964	333023	gene,mRNA		contig_18490:332964-333023
contig_18490	340376	340717	gene,mRNA		contig_18490:340376-340717
contig_18490	549622	549736	gene,mRNA		contig_18490:549622-549736
contig_18490	550048	550171	gene,mRNA		contig_18490:550048-550171
contig_18490	558655	558728	gene,mRNA		contig_18490:558655-558728
contig_18535	530880	530979	gene,mRNA		contig_18535:530880-530979
contig_18536	137682	137804	gene,mRNA		contig_18536:137682-137804
contig_18550	195678	196151	gene,mRNA		contig_18550:195678-196151
contig_18550	705812	706113	gene,mRNA		contig_18550:705812-706113
contig_18550	735327	735516	intergenic	.	contig_18550:735327-735516
contig_1856	367509	367539	intergenic	.	contig_1856:367509-367539
contig_1859	627403	627495	intergenic	.	contig_1859:627403-627495
contig_1859	871532	871587	intergenic	.	contig_1859:871532-871587
contig_18601	26688	26881	intergenic	.	contig_18601:26688-26881
contig_18601	44451	44578	intergenic	.	contig_18601:44451-44578
contig_18601	142015	142216	intergenic	.	contig_18601:142015-142216
contig_18601	176468	176498	intergenic	.	contig_18601:176468-176498
contig_18601	198502	198651	intergenic	.	contig_18601:198502-198651
contig_18601	198727	198951	intergenic	.	contig_18601:198727-198951
contig_18601	350985	351335	intergenic	.	contig_18601:350985-351335
contig_18601	425189	425552	intergenic	.	contig_18601:425189-425552
contig_18601	490446	491141	polyA_signal_sequence,stop_codon,exon,CDS,gene,mRNA		contig_18601:490446-491141
contig_18618	192463	192584	intergenic	.	contig_18618:192463-192584
contig_18618	192639	192813	intergenic	.	contig_18618:192639-192813
contig_18627	1230586	1230732	intergenic	.	contig_18627:1230586-1230732
contig_1864	532158	532382	intergenic	.	contig_1864:532158-532382
contig_1864	1091158	1091354	intergenic	.	contig_1864:1091158-1091354
contig_1864	1321321	1321704	intergenic	.	contig_1864:1321321-1321704
contig_1864	1441694	1441754	intergenic	.	contig_1864:1441694-1441754
contig_18691	196737	196822	intergenic	.	contig_18691:196737-196822
contig_18691	632713	633049	intergenic	.	contig_18691:632713-633049
contig_18691	633130	633202	intergenic	.	contig_18691:633130-633202
contig_18691	1069742	1069772	gene,mRNA		contig_18691:1069742-1069772
contig_18708	62531	62794	intergenic	.	contig_18708:62531-62794
contig_18708	83179	83594	intergenic	.	contig_18708:83179-83594
contig_18751	910998	911208	intergenic	.	contig_18751:910998-911208
contig_18752	528935	528998	intergenic	.	contig_18752:528935-528998
contig_18761	11	111	intergenic	.	contig_18761:11-111
contig_18792	278292	278478	intergenic	.	contig_18792:278292-278478
contig_18792	448156	448322	gene,mRNA		contig_18792:448156-448322
contig_18810	1048411	1048647	intergenic	.	contig_18810:1048411-1048647
contig_18810	1072256	1072287	intergenic	.	contig_18810:1072256-1072287
contig_18827	445929	446129	gene,mRNA		contig_18827:445929-446129
contig_18827	467545	467625	intergenic	.	contig_18827:467545-467625
contig_18827	556794	557016	gene,mRNA		contig_18827:556794-557016
contig_18827	922845	922923	intergenic	.	contig_18827:922845-922923
contig_18859	139672	139703	intergenic	.	contig_18859:139672-139703
contig_1887	223601	223800	gene,mRNA		contig_1887:223601-223800
contig_1887	280448	280553	gene,mRNA		contig_1887:280448-280553
contig_1887	483367	483545	intergenic	.	contig_1887:483367-483545
contig_1887	869555	870017	intergenic	.	contig_1887:869555-870017
contig_18870	8129	8411	gene,mRNA		contig_18870:8129-8411
contig_18910	198565	198660	intergenic	.	contig_18910:198565-198660
contig_18910	342909	343088	intergenic	.	contig_18910:342909-343088
contig_18910	553187	553331	intergenic	.	contig_18910:553187-553331
contig_18910	578830	578936	gene,mRNA		contig_18910:578830-578936
contig_1894	73610	73989	intergenic	.	contig_1894:73610-73989
contig_1894	168351	168772	intergenic	.	contig_1894:168351-168772
contig_19	533737	533794	gene,mRNA		contig_19:533737-533794
contig_19	885177	885413	intergenic	.	contig_19:885177-885413
contig_19	1189904	1190019	intergenic	.	contig_19:1189904-1190019
contig_19	1190146	1190223	intergenic	.	contig_19:1190146-1190223
contig_19	1679133	1679465	intergenic	.	contig_19:1679133-1679465
contig_19033	215225	215288	gene,mRNA		contig_19033:215225-215288
contig_19033	692219	692293	intergenic	.	contig_19033:692219-692293
contig_19033	1258043	1258146	intergenic	.	contig_19033:1258043-1258146
contig_19044	171512	171626	gene,mRNA,gene,mRNA		contig_19044:171512-171626
contig_19071	220843	220943	gene,mRNA		contig_19071:220843-220943
contig_19071	222085	222185	gene,mRNA,exon,CDS,stop_codon		contig_19071:222085-222185
contig_19099	69951	70032	intergenic	.	contig_19099:69951-70032
contig_19099	157353	157788	gene,mRNA		contig_19099:157353-157788
contig_19099	597691	597831	intergenic	.	contig_19099:597691-597831
contig_19099	597888	597960	intergenic	.	contig_19099:597888-597960
contig_19099	600269	600370	intergenic	.	contig_19099:600269-600370
contig_19099	600450	600537	intergenic	.	contig_19099:600450-600537
contig_19099	806928	806958	gene,mRNA		contig_19099:806928-806958
contig_19099	1226694	1226980	gene,mRNA		contig_19099:1226694-1226980
contig_19099	1255180	1255575	exon,CDS,gene,mRNA		contig_19099:1255180-1255575
contig_19099	1255626	1255715	gene,mRNA		contig_19099:1255626-1255715
contig_19099	1255802	1255854	gene,mRNA		contig_19099:1255802-1255854
contig_19137	191081	191334	intergenic	.	contig_19137:191081-191334
contig_19137	280385	280849	intergenic	.	contig_19137:280385-280849
contig_19137	573254	573307	intergenic	.	contig_19137:573254-573307
contig_19176	459232	459292	intergenic	.	contig_19176:459232-459292
contig_19176	925271	925691	intergenic	.	contig_19176:925271-925691
contig_19176	941120	941182	intergenic	.	contig_19176:941120-941182
contig_19176	1287076	1287142	intergenic	.	contig_19176:1287076-1287142
contig_19182	21450	21839	intergenic	.	contig_19182:21450-21839
contig_1923	97630	97791	intergenic	.	contig_1923:97630-97791
contig_1923	368991	369075	gene,mRNA		contig_1923:368991-369075
contig_19242	174041	174190	gene,mRNA		contig_19242:174041-174190
contig_19244	337336	337510	intergenic	.	contig_19244:337336-337510
contig_19248	27667	27761	intergenic	.	contig_19248:27667-27761
contig_19274	55006	55283	intergenic	.	contig_19274:55006-55283
contig_19274	269567	269777	exon,CDS,gene,mRNA		contig_19274:269567-269777
contig_19274	316325	316520	intergenic	.	contig_19274:316325-316520
contig_19274	366442	366662	intergenic	.	contig_19274:366442-366662
contig_19274	765728	766225	intergenic	.	contig_19274:765728-766225
contig_19290	370971	371030	intergenic	.	contig_19290:370971-371030
contig_19322	148622	148716	intergenic	.	contig_19322:148622-148716
contig_19322	148991	149058	intergenic	.	contig_19322:148991-149058
contig_19322	522540	522668	gene,mRNA		contig_19322:522540-522668
contig_19322	587387	587466	gene,mRNA		contig_19322:587387-587466
contig_19365	469243	469578	intergenic	.	contig_19365:469243-469578
contig_1940	40206	40382	intergenic	.	contig_1940:40206-40382
contig_1940	182277	182348	intergenic	.	contig_1940:182277-182348
contig_1940	186298	187024	intergenic	.	contig_1940:186298-187024
contig_1940	234402	235021	intergenic	.	contig_1940:234402-235021
contig_1940	278908	279160	gene,mRNA		contig_1940:278908-279160
contig_19512	58547	58718	intergenic	.	contig_19512:58547-58718
contig_19512	59308	59473	intergenic	.	contig_19512:59308-59473
contig_19528	206661	206728	intergenic	.	contig_19528:206661-206728
contig_19565	15296	15452	gene,mRNA		contig_19565:15296-15452
contig_19565	373187	373410	intergenic	.	contig_19565:373187-373410
contig_19565	402819	403107	intergenic	.	contig_19565:402819-403107
contig_19565	609219	609436	intergenic	.	contig_19565:609219-609436
contig_19569	73174	73505	exon,CDS,stop_codon,polyA_signal_sequence,gene,mRNA		contig_19569:73174-73505
contig_19569	124288	124350	intergenic	.	contig_19569:124288-124350
contig_1957	419081	419330	intergenic	.	contig_1957:419081-419330
contig_19579	181823	182029	intergenic	.	contig_19579:181823-182029
contig_19579	912713	913043	intergenic	.	contig_19579:912713-913043
contig_19579	1158265	1158421	gene,mRNA		contig_19579:1158265-1158421
contig_19605	50649	50696	intergenic	.	contig_19605:50649-50696
contig_19615	689591	689702	intergenic	.	contig_19615:689591-689702
contig_19668	180285	180350	gene,mRNA		contig_19668:180285-180350
contig_19668	452402	452587	intergenic	.	contig_19668:452402-452587
contig_19668	561233	561355	gene,mRNA		contig_19668:561233-561355
contig_1970	97674	98038	intergenic	.	contig_1970:97674-98038
contig_19723	532334	532404	gene,mRNA		contig_19723:532334-532404
contig_19723	838887	838954	intergenic	.	contig_19723:838887-838954
contig_19749	72694	73029	intergenic	.	contig_19749:72694-73029
contig_19749	407226	407538	intergenic	.	contig_19749:407226-407538
contig_19749	421188	421280	intergenic	.	contig_19749:421188-421280
contig_19749	477042	477133	intergenic	.	contig_19749:477042-477133
contig_19749	517677	517828	intergenic	.	contig_19749:517677-517828
contig_19749	518391	518459	intergenic	.	contig_19749:518391-518459
contig_19754	183228	183395	intergenic	.	contig_19754:183228-183395
contig_19754	439320	439428	intergenic	.	contig_19754:439320-439428
contig_19754	439512	439615	intergenic	.	contig_19754:439512-439615
contig_19754	593540	593632	intergenic	.	contig_19754:593540-593632
contig_19754	911326	911595	intergenic	.	contig_19754:911326-911595
contig_19754	1052740	1052838	intergenic	.	contig_19754:1052740-1052838
contig_1986	85564	85661	gene,mRNA		contig_1986:85564-85661
contig_19883	68307	68461	intergenic	.	contig_19883:68307-68461
contig_19883	137337	137602	intergenic	.	contig_19883:137337-137602
contig_19883	445383	445480	gene,mRNA		contig_19883:445383-445480
contig_19905	8434	8697	intergenic	.	contig_19905:8434-8697
contig_19925	61691	61828	intergenic	.	contig_19925:61691-61828
contig_19934	61393	61638	intergenic	.	contig_19934:61393-61638
contig_19934	99813	100042	intergenic	.	contig_19934:99813-100042
contig_19934	111294	111516	intergenic	.	contig_19934:111294-111516
contig_19934	118380	118617	intergenic	.	contig_19934:118380-118617
contig_19937	878153	878222	intergenic	.	contig_19937:878153-878222
contig_19937	878930	879090	intergenic	.	contig_19937:878930-879090
contig_19937	1051747	1051970	intergenic	.	contig_19937:1051747-1051970
contig_19937	1127053	1127312	intergenic	.	contig_19937:1127053-1127312
contig_19937	1895395	1895672	intergenic	.	contig_19937:1895395-1895672
contig_19954	120029	120671	gene,mRNA,start_codon,exon,CDS,exon,CDS		contig_19954:120029-120671
contig_19954	221294	221377	intergenic	.	contig_19954:221294-221377
contig_19954	330457	330658	intergenic	.	contig_19954:330457-330658
contig_19954	455178	455588	intergenic	.	contig_19954:455178-455588
contig_19954	558641	558827	gene,mRNA		contig_19954:558641-558827
contig_19967	573429	573656	gene,mRNA		contig_19967:573429-573656
contig_19967	782377	782703	intergenic	.	contig_19967:782377-782703
contig_19967	973270	973300	intergenic	.	contig_19967:973270-973300
contig_1997	92090	92580	intergenic	.	contig_1997:92090-92580
contig_1997	138129	138274	intergenic	.	contig_1997:138129-138274
contig_1997	138342	138475	intergenic	.	contig_1997:138342-138475
contig_1997	312476	312610	gene,mRNA		contig_1997:312476-312610
contig_1997	333958	334334	intergenic	.	contig_1997:333958-334334
contig_1997	493948	494105	intergenic	.	contig_1997:493948-494105
contig_19991	286720	286812	intergenic	.	contig_19991:286720-286812
contig_19991	287030	287134	intergenic	.	contig_19991:287030-287134
contig_20106	121623	121688	intergenic	.	contig_20106:121623-121688
contig_20106	162442	162630	intergenic	.	contig_20106:162442-162630
contig_20128	48704	48841	intergenic	.	contig_20128:48704-48841
contig_20146	108206	108377	intergenic	.	contig_20146:108206-108377
contig_20146	108493	108593	intergenic	.	contig_20146:108493-108593
contig_20229	266412	266520	intergenic	.	contig_20229:266412-266520
contig_2024	5665	5834	intergenic	.	contig_2024:5665-5834
contig_2024	6135	6201	intergenic	.	contig_2024:6135-6201
contig_2024	13923	14120	intergenic	.	contig_2024:13923-14120
contig_2025	419548	419628	gene,mRNA		contig_2025:419548-419628
contig_20343	607728	608071	exon,CDS,stop_codon,gene,mRNA		contig_20343:607728-608071
contig_20343	1107931	1108044	gene,mRNA		contig_20343:1107931-1108044
contig_20343	1444597	1445095	intergenic	.	contig_20343:1444597-1445095
contig_20349	11434	11614	intergenic	.	contig_20349:11434-11614
contig_20350	375411	375482	intergenic	.	contig_20350:375411-375482
contig_20350	375866	375932	intergenic	.	contig_20350:375866-375932
contig_20433	162931	163214	intergenic	.	contig_20433:162931-163214
contig_20438	234599	234763	intergenic	.	contig_20438:234599-234763
contig_20438	357538	357604	gene,mRNA		contig_20438:357538-357604
contig_20438	357658	357730	gene,mRNA		contig_20438:357658-357730
contig_20438	580002	580139	intergenic	.	contig_20438:580002-580139
contig_20459	222723	223413	intergenic	.	contig_20459:222723-223413
contig_20459	311579	311651	intergenic	.	contig_20459:311579-311651
contig_2046	232386	232903	intergenic	.	contig_2046:232386-232903
contig_2046	668884	669210	intergenic	.	contig_2046:668884-669210
contig_2046	759412	759852	intergenic	.	contig_2046:759412-759852
contig_2046	978115	978406	intergenic	.	contig_2046:978115-978406
contig_2046	1058259	1058752	intergenic	.	contig_2046:1058259-1058752
contig_2046	1072432	1072772	intergenic	.	contig_2046:1072432-1072772
contig_20542	479931	480290	gene,mRNA		contig_20542:479931-480290
contig_20542	609784	610024	gene,mRNA		contig_20542:609784-610024
contig_20542	790173	790384	intergenic	.	contig_20542:790173-790384
contig_20546	383834	383873	intergenic	.	contig_20546:383834-383873
contig_20560	192954	193259	intergenic	.	contig_20560:192954-193259
contig_20560	508596	508711	gene,mRNA		contig_20560:508596-508711
contig_20565	64583	64741	intergenic	.	contig_20565:64583-64741
contig_2058	131932	132000	intergenic	.	contig_2058:131932-132000
contig_20603	22609	22700	intergenic	.	contig_20603:22609-22700
contig_2062	5656	6092	intergenic	.	contig_2062:5656-6092
contig_2062	78997	79200	intergenic	.	contig_2062:78997-79200
contig_2062	119955	120027	intergenic	.	contig_2062:119955-120027
contig_2062	297173	297357	gene,mRNA		contig_2062:297173-297357
contig_2062	373413	373537	intergenic	.	contig_2062:373413-373537
contig_20704	104383	104536	intergenic	.	contig_20704:104383-104536
contig_20704	955497	955801	intergenic	.	contig_20704:955497-955801
contig_20704	1113013	1113279	gene,mRNA		contig_20704:1113013-1113279
contig_20707	36907	37650	intergenic	.	contig_20707:36907-37650
contig_20707	167934	168036	intergenic	.	contig_20707:167934-168036
contig_20707	334382	334512	intergenic	.	contig_20707:334382-334512
contig_20707	466317	466535	intergenic	.	contig_20707:466317-466535
contig_2073	64867	64996	intergenic	.	contig_2073:64867-64996
contig_2073	95573	95746	gene,mRNA		contig_2073:95573-95746
contig_2073	114772	115137	exon,CDS,stop_codon,gene,mRNA		contig_2073:114772-115137
contig_20751	1036185	1036371	intergenic	.	contig_20751:1036185-1036371
contig_20769	92592	92764	intergenic	.	contig_20769:92592-92764
contig_20772	223088	223460	intergenic	.	contig_20772:223088-223460
contig_20772	451558	451627	gene,mRNA		contig_20772:451558-451627
contig_20818	11404	11643	intergenic	.	contig_20818:11404-11643
contig_20818	11716	12101	intergenic	.	contig_20818:11716-12101
contig_20837	31269	31361	intergenic	.	contig_20837:31269-31361
contig_20843	49823	50303	intergenic	.	contig_20843:49823-50303
contig_20843	82773	83051	gene,mRNA		contig_20843:82773-83051
contig_20843	83114	83280	gene,mRNA		contig_20843:83114-83280
contig_20843	113901	114185	intergenic	.	contig_20843:113901-114185
contig_20881	531948	532027	intergenic	.	contig_20881:531948-532027
contig_20881	1906893	1907006	intergenic	.	contig_20881:1906893-1907006
contig_20881	1907074	1907203	intergenic	.	contig_20881:1907074-1907203
contig_20881	2335507	2335579	intergenic	.	contig_20881:2335507-2335579
contig_20896	671421	672256	start_codon,stop_codon,gene,mRNA,exon,CDS		contig_20896:671421-672256
contig_2090	16303	16334	intergenic	.	contig_2090:16303-16334
contig_2090	16604	16699	intergenic	.	contig_2090:16604-16699
contig_2091	7570	7920	intergenic	.	contig_2091:7570-7920
contig_20921	601282	601348	intergenic	.	contig_20921:601282-601348
contig_20921	930556	930611	intergenic	.	contig_20921:930556-930611
contig_20982	0	216	intergenic	.	contig_20982:0-216
contig_21033	137862	138051	intergenic	.	contig_21033:137862-138051
contig_21033	211477	211685	gene,mRNA		contig_21033:211477-211685
contig_21033	211756	211817	gene,mRNA		contig_21033:211756-211817
contig_21033	397931	398600	gene,mRNA		contig_21033:397931-398600
contig_21046	177052	177259	intergenic	.	contig_21046:177052-177259
contig_21100	139621	139713	intergenic	.	contig_21100:139621-139713
contig_21100	139824	140246	intergenic	.	contig_21100:139824-140246
contig_21125	247688	247741	intergenic	.	contig_21125:247688-247741
contig_2116	29737	29767	intergenic	.	contig_2116:29737-29767
contig_21177	84581	84845	intergenic	.	contig_21177:84581-84845
contig_21177	206732	206951	gene,mRNA		contig_21177:206732-206951
contig_21177	260607	260817	gene,mRNA		contig_21177:260607-260817
contig_21177	629517	629573	intergenic	.	contig_21177:629517-629573
contig_21195	1071460	1071560	gene,mRNA,exon,CDS		contig_21195:1071460-1071560
contig_21201	157799	157996	intergenic	.	contig_21201:157799-157996
contig_2122	287409	287497	intergenic	.	contig_2122:287409-287497
contig_2122	437494	437718	gene,mRNA		contig_2122:437494-437718
contig_21223	779611	779642	intergenic	.	contig_21223:779611-779642
contig_21223	825807	825967	intergenic	.	contig_21223:825807-825967
contig_21230	62438	62786	intergenic	.	contig_21230:62438-62786
contig_21235	509509	509734	intergenic	.	contig_21235:509509-509734
contig_21235	644625	644872	intergenic	.	contig_21235:644625-644872
contig_21235	1071087	1071284	intergenic	.	contig_21235:1071087-1071284
contig_21240	287789	287905	exon,CDS,gene,mRNA		contig_21240:287789-287905
contig_21261	518011	518151	intergenic	.	contig_21261:518011-518151
contig_21266	4607	4981	intergenic	.	contig_21266:4607-4981
contig_21266	5506	5640	intergenic	.	contig_21266:5506-5640
contig_21279	90860	91092	intergenic	.	contig_21279:90860-91092
contig_21290	57424	57751	intergenic	.	contig_21290:57424-57751
contig_21296	81320	81383	intergenic	.	contig_21296:81320-81383
contig_21296	127401	127434	intergenic	.	contig_21296:127401-127434
contig_21296	127624	127853	intergenic	.	contig_21296:127624-127853
contig_21296	176491	176629	intergenic	.	contig_21296:176491-176629
contig_21303	483762	483961	intergenic	.	contig_21303:483762-483961
contig_21303	780337	780722	intergenic	.	contig_21303:780337-780722
contig_21322	46449	46584	intergenic	.	contig_21322:46449-46584
contig_21322	144521	144581	intergenic	.	contig_21322:144521-144581
contig_21322	174367	175044	gene,mRNA,exon,CDS		contig_21322:174367-175044
contig_21322	311836	311903	gene,mRNA		contig_21322:311836-311903
contig_21331	103702	104056	gene,mRNA,exon,CDS,stop_codon		contig_21331:103702-104056
contig_21331	433232	433449	intergenic	.	contig_21331:433232-433449
contig_21331	571759	571959	gene,mRNA		contig_21331:571759-571959
contig_2136	246901	247406	intergenic	.	contig_2136:246901-247406
contig_2136	369719	370116	intergenic	.	contig_2136:369719-370116
contig_2136	650473	650698	intergenic	.	contig_2136:650473-650698
contig_2136	727340	727499	intergenic	.	contig_2136:727340-727499
contig_21360	75843	76106	intergenic	.	contig_21360:75843-76106
contig_21360	76358	76414	intergenic	.	contig_21360:76358-76414
contig_21360	203228	203564	intergenic	.	contig_21360:203228-203564
contig_21360	607816	608288	gene,mRNA		contig_21360:607816-608288
contig_21360	1017691	1017749	gene,mRNA		contig_21360:1017691-1017749
contig_21378	319203	319384	intergenic	.	contig_21378:319203-319384
contig_21378	429155	429314	intergenic	.	contig_21378:429155-429314
contig_21394	304667	304822	gene,mRNA		contig_21394:304667-304822
contig_21394	345790	346132	intergenic	.	contig_21394:345790-346132
contig_21410	1177841	1177977	intergenic	.	contig_21410:1177841-1177977
contig_21415	275570	276201	gene,mRNA		contig_21415:275570-276201
contig_21428	1381	1510	intergenic	.	contig_21428:1381-1510
contig_21431	588858	588989	intergenic	.	contig_21431:588858-588989
contig_21431	1272592	1272740	gene,mRNA		contig_21431:1272592-1272740
contig_21433	89438	89469	intergenic	.	contig_21433:89438-89469
contig_21446	54504	54649	intergenic	.	contig_21446:54504-54649
contig_21446	69560	69738	intergenic	.	contig_21446:69560-69738
contig_21446	305362	305679	intergenic	.	contig_21446:305362-305679
contig_21446	372618	372773	intergenic	.	contig_21446:372618-372773
contig_21458	95521	95679	intergenic	.	contig_21458:95521-95679
contig_21458	95759	95828	intergenic	.	contig_21458:95759-95828
contig_21458	357344	357404	gene,mRNA		contig_21458:357344-357404
contig_21458	599492	599657	intergenic	.	contig_21458:599492-599657
contig_21458	699651	699838	intergenic	.	contig_21458:699651-699838
contig_2146	2368257	2368684	gene,mRNA		contig_2146:2368257-2368684
contig_2146	3132020	3132081	gene,mRNA		contig_2146:3132020-3132081
contig_21483	19988	20189	gene,mRNA		contig_21483:19988-20189
contig_21487	146966	147114	intergenic	.	contig_21487:146966-147114
contig_21537	47519	47708	gene,mRNA,exon,CDS,start_codon		contig_21537:47519-47708
contig_21537	47977	48278	intergenic	.	contig_21537:47977-48278
contig_21537	48410	48498	intergenic	.	contig_21537:48410-48498
contig_21544	17142	17453	intergenic	.	contig_21544:17142-17453
contig_21560	447044	447235	intergenic	.	contig_21560:447044-447235
contig_21560	845000	845198	gene,mRNA		contig_21560:845000-845198
contig_21560	848094	848139	gene,mRNA		contig_21560:848094-848139
contig_21560	1078954	1079248	intergenic	.	contig_21560:1078954-1079248
contig_21560	1107780	1108181	intergenic	.	contig_21560:1107780-1108181
contig_21560	1139489	1139576	intergenic	.	contig_21560:1139489-1139576
contig_21560	1173180	1173396	intergenic	.	contig_21560:1173180-1173396
contig_21560	1334597	1335291	gene,mRNA		contig_21560:1334597-1335291
contig_21560	2164318	2164606	intergenic	.	contig_21560:2164318-2164606
contig_21560	2164839	2164925	intergenic	.	contig_21560:2164839-2164925
contig_21560	2214628	2214898	gene,mRNA		contig_21560:2214628-2214898
contig_21571	494430	494657	gene,mRNA		contig_21571:494430-494657
contig_21571	494961	495038	gene,mRNA		contig_21571:494961-495038
contig_21571	824971	825178	gene,mRNA		contig_21571:824971-825178
contig_21571	1002818	1002917	intergenic	.	contig_21571:1002818-1002917
contig_21574	484632	484765	intergenic	.	contig_21574:484632-484765
contig_21595	1326962	1327131	intergenic	.	contig_21595:1326962-1327131
contig_21624	983288	983426	intergenic	.	contig_21624:983288-983426
contig_21639	350301	350557	intergenic	.	contig_21639:350301-350557
contig_21639	622678	622708	intergenic	.	contig_21639:622678-622708
contig_21639	682630	682915	gene,mRNA		contig_21639:682630-682915
contig_21639	1046682	1046839	intergenic	.	contig_21639:1046682-1046839
contig_21649	271503	271882	intergenic	.	contig_21649:271503-271882
contig_21649	272833	272940	intergenic	.	contig_21649:272833-272940
contig_21649	312609	312747	intergenic	.	contig_21649:312609-312747
contig_21649	958781	958841	gene,mRNA		contig_21649:958781-958841
contig_21781	14320	14533	intergenic	.	contig_21781:14320-14533
contig_218	70644	70954	intergenic	.	contig_218:70644-70954
contig_21831	78306	78448	intergenic	.	contig_21831:78306-78448
contig_21865	353630	354074	gene,mRNA,stop_codon,exon,CDS		contig_21865:353630-354074
contig_21865	420035	420338	gene,mRNA		contig_21865:420035-420338
contig_21865	550598	550894	gene,mRNA		contig_21865:550598-550894
contig_21875	42500	42604	gene,mRNA		contig_21875:42500-42604
contig_21880	156225	156293	intergenic	.	contig_21880:156225-156293
contig_21897	375783	376039	gene,mRNA		contig_21897:375783-376039
contig_21897	402007	402102	gene,mRNA		contig_21897:402007-402102
contig_21906	50689	50897	gene,mRNA		contig_21906:50689-50897
contig_21958	35293	35345	intergenic	.	contig_21958:35293-35345
contig_21958	795355	795424	intergenic	.	contig_21958:795355-795424
contig_21958	947819	948030	gene,mRNA		contig_21958:947819-948030
contig_21987	586957	587159	intergenic	.	contig_21987:586957-587159
contig_21987	702106	702197	intergenic	.	contig_21987:702106-702197
contig_21987	1107842	1108074	intergenic	.	contig_21987:1107842-1108074
contig_21987	1122031	1122159	intergenic	.	contig_21987:1122031-1122159
contig_21987	1453803	1454232	gene,mRNA,exon,CDS		contig_21987:1453803-1454232
contig_22	291925	292250	exon,CDS,gene,mRNA		contig_22:291925-292250
contig_22035	263193	263424	exon,CDS,gene,mRNA		contig_22035:263193-263424
contig_22064	375538	375837	intergenic	.	contig_22064:375538-375837
contig_22174	329483	329546	gene,mRNA		contig_22174:329483-329546
contig_22200	543503	543604	gene,mRNA		contig_22200:543503-543604
contig_22200	563710	563748	intergenic	.	contig_22200:563710-563748
contig_22229	243852	243934	intergenic	.	contig_22229:243852-243934
contig_22234	306303	306487	gene,mRNA		contig_22234:306303-306487
contig_22237	65448	66148	intergenic	.	contig_22237:65448-66148
contig_22334	140795	140922	intergenic	.	contig_22334:140795-140922
contig_22334	228810	229082	mRNA,start_codon,exon,CDS,stop_codon,gene		contig_22334:228810-229082
contig_22334	334915	335118	intergenic	.	contig_22334:334915-335118
contig_22334	602221	602342	intergenic	.	contig_22334:602221-602342
contig_22348	56856	57187	intergenic	.	contig_22348:56856-57187
contig_22348	57871	58637	intergenic	.	contig_22348:57871-58637
contig_22348	150459	150969	intergenic	.	contig_22348:150459-150969
contig_22348	233970	234148	intergenic	.	contig_22348:233970-234148
contig_22348	237285	237606	intergenic	.	contig_22348:237285-237606
contig_22348	292157	292341	intergenic	.	contig_22348:292157-292341
contig_22348	292394	292524	intergenic	.	contig_22348:292394-292524
contig_22348	294108	294287	intergenic	.	contig_22348:294108-294287
contig_22348	305372	305816	intergenic	.	contig_22348:305372-305816
contig_22496	279281	279343	gene,mRNA		contig_22496:279281-279343
contig_22508	41783	41983	gene,mRNA		contig_22508:41783-41983
contig_22512	97815	98340	gene,mRNA		contig_22512:97815-98340
contig_22521	298401	298630	intergenic	.	contig_22521:298401-298630
contig_22543	68365	68466	intergenic	.	contig_22543:68365-68466
contig_22543	251764	251868	intergenic	.	contig_22543:251764-251868
contig_22543	252020	252206	intergenic	.	contig_22543:252020-252206
contig_22543	272515	272632	intergenic	.	contig_22543:272515-272632
contig_22767	7721	7859	intergenic	.	contig_22767:7721-7859
contig_22767	361602	361808	intergenic	.	contig_22767:361602-361808
contig_22792	252680	252740	intergenic	.	contig_22792:252680-252740
contig_22792	976619	976830	intergenic	.	contig_22792:976619-976830
contig_22831	23717	23883	intergenic	.	contig_22831:23717-23883
contig_22832	131737	131819	intergenic	.	contig_22832:131737-131819
contig_22832	241782	241930	intergenic	.	contig_22832:241782-241930
contig_2285	561740	561811	intergenic	.	contig_2285:561740-561811
contig_2285	1440616	1440716	intergenic	.	contig_2285:1440616-1440716
contig_2285	2527075	2527152	intergenic	.	contig_2285:2527075-2527152
contig_2285	3197776	3197813	intergenic	.	contig_2285:3197776-3197813
contig_22853	10370	10532	gene,mRNA		contig_22853:10370-10532
contig_22853	82446	82661	intergenic	.	contig_22853:82446-82661
contig_22853	401285	401781	intergenic	.	contig_22853:401285-401781
contig_22853	502866	503142	gene,mRNA		contig_22853:502866-503142
contig_22853	529516	529765	intergenic	.	contig_22853:529516-529765
contig_22853	579580	579885	intergenic	.	contig_22853:579580-579885
contig_22853	783947	784022	intergenic	.	contig_22853:783947-784022
contig_22853	922669	922948	intergenic	.	contig_22853:922669-922948
contig_22853	923021	923081	intergenic	.	contig_22853:923021-923081
contig_22853	936883	936939	intergenic	.	contig_22853:936883-936939
contig_22853	937499	937734	intergenic	.	contig_22853:937499-937734
contig_22853	965304	965487	intergenic	.	contig_22853:965304-965487
contig_22910	117282	117385	intergenic	.	contig_22910:117282-117385
contig_22910	146963	147109	intergenic	.	contig_22910:146963-147109
contig_22910	473087	473129	intergenic	.	contig_22910:473087-473129
contig_22910	473214	473321	intergenic	.	contig_22910:473214-473321
contig_22910	513576	513709	intergenic	.	contig_22910:513576-513709
contig_22910	773120	773298	gene,mRNA		contig_22910:773120-773298
contig_22910	1054065	1054131	intergenic	.	contig_22910:1054065-1054131
contig_22921	123654	123906	intergenic	.	contig_22921:123654-123906
contig_22924	161505	161901	intergenic	.	contig_22924:161505-161901
contig_22924	180420	180535	gene,mRNA		contig_22924:180420-180535
contig_22924	514770	514801	intergenic	.	contig_22924:514770-514801
contig_23005	2068647	2068750	intergenic	.	contig_23005:2068647-2068750
contig_23005	2484675	2484834	intergenic	.	contig_23005:2484675-2484834
contig_2308	602250	602395	intergenic	.	contig_2308:602250-602395
contig_23081	15355	15486	intergenic	.	contig_23081:15355-15486
contig_23100	80330	80683	intergenic	.	contig_23100:80330-80683
contig_23100	503092	503145	intergenic	.	contig_23100:503092-503145
contig_23109	29653	29846	gene,mRNA		contig_23109:29653-29846
contig_23109	84739	84896	intergenic	.	contig_23109:84739-84896
contig_23115	91027	91080	intergenic	.	contig_23115:91027-91080
contig_23115	91323	91467	intergenic	.	contig_23115:91323-91467
contig_23115	119680	119868	intergenic	.	contig_23115:119680-119868
contig_23115	150870	151022	intergenic	.	contig_23115:150870-151022
contig_23115	292116	292276	intergenic	.	contig_23115:292116-292276
contig_23115	292914	292992	intergenic	.	contig_23115:292914-292992
contig_23136	97095	97273	intergenic	.	contig_23136:97095-97273
contig_23142	258600	258999	intergenic	.	contig_23142:258600-258999
contig_23142	579426	579651	gene,mRNA		contig_23142:579426-579651
contig_23142	663160	663434	gene,mRNA		contig_23142:663160-663434
contig_23205	127466	127505	intergenic	.	contig_23205:127466-127505
contig_23228	52775	52843	intergenic	.	contig_23228:52775-52843
contig_23228	52908	53078	intergenic	.	contig_23228:52908-53078
contig_23228	183622	183856	intergenic	.	contig_23228:183622-183856
contig_2325	54841	54872	intergenic	.	contig_2325:54841-54872
contig_2325	88013	88104	intergenic	.	contig_2325:88013-88104
contig_23275	255677	255909	intergenic	.	contig_23275:255677-255909
contig_23284	1070941	1071124	gene,mRNA		contig_23284:1070941-1071124
contig_23284	1221938	1221983	gene,mRNA,exon,CDS		contig_23284:1221938-1221983
contig_2336	410119	410219	intergenic	.	contig_2336:410119-410219
contig_2336	946512	946761	gene,mRNA		contig_2336:946512-946761
contig_23393	16502	16652	intergenic	.	contig_23393:16502-16652
contig_23408	97197	97382	gene,mRNA		contig_23408:97197-97382
contig_23443	49674	50046	intergenic	.	contig_23443:49674-50046
contig_23443	704908	705090	gene,mRNA		contig_23443:704908-705090
contig_23443	784512	784924	intergenic	.	contig_23443:784512-784924
contig_23443	872454	872495	intergenic	.	contig_23443:872454-872495
contig_23478	261982	262058	intergenic	.	contig_23478:261982-262058
contig_23478	262110	262228	intergenic	.	contig_23478:262110-262228
contig_23478	262283	262366	intergenic	.	contig_23478:262283-262366
contig_235	2310262	2310353	intergenic	.	contig_235:2310262-2310353
contig_235	2435370	2435433	intergenic	.	contig_235:2435370-2435433
contig_235	3194809	3194943	intergenic	.	contig_235:3194809-3194943
contig_235	3689490	3689678	intergenic	.	contig_235:3689490-3689678
contig_23529	70506	70644	intergenic	.	contig_23529:70506-70644
contig_23529	508059	508204	intergenic	.	contig_23529:508059-508204
contig_23576	587852	588106	gene,mRNA		contig_23576:587852-588106
contig_23576	814522	814648	gene,mRNA		contig_23576:814522-814648
contig_23623	57518	57870	intergenic	.	contig_23623:57518-57870
contig_23623	230299	230376	intergenic	.	contig_23623:230299-230376
contig_23631	4296553	4296752	gene,mRNA		contig_23631:4296553-4296752
contig_2366	35658	35725	intergenic	.	contig_2366:35658-35725
contig_2366	162872	162939	intergenic	.	contig_2366:162872-162939
contig_2366	548267	548735	gene,mRNA		contig_2366:548267-548735
contig_2366	769232	769394	intergenic	.	contig_2366:769232-769394
contig_2366	769455	769542	intergenic	.	contig_2366:769455-769542
contig_23688	101730	101867	intergenic	.	contig_23688:101730-101867
contig_237	524651	524960	intergenic	.	contig_237:524651-524960
contig_2370	76074	76355	intergenic	.	contig_2370:76074-76355
contig_2370	276981	277049	intergenic	.	contig_2370:276981-277049
contig_23708	63781	63977	intergenic	.	contig_23708:63781-63977
contig_23712	130056	130156	intergenic	.	contig_23712:130056-130156
contig_23712	396987	397018	intergenic	.	contig_23712:396987-397018
contig_23712	465345	465551	intergenic	.	contig_23712:465345-465551
contig_23757	76761	76859	intergenic	.	contig_23757:76761-76859
contig_23757	76914	77093	intergenic	.	contig_23757:76914-77093
contig_23757	90383	90498	intergenic	.	contig_23757:90383-90498
contig_23757	90554	90737	intergenic	.	contig_23757:90554-90737
contig_23776	3982	4198	intergenic	.	contig_23776:3982-4198
contig_23905	288449	288600	gene,mRNA		contig_23905:288449-288600
contig_23905	607101	607155	gene,mRNA		contig_23905:607101-607155
contig_23905	608092	608269	gene,mRNA		contig_23905:608092-608269
contig_23905	618094	618209	intergenic	.	contig_23905:618094-618209
contig_23905	834382	834649	intergenic	.	contig_23905:834382-834649
contig_23905	948293	948439	intergenic	.	contig_23905:948293-948439
contig_23905	1539235	1539528	stop_codon,exon,CDS,gene,mRNA		contig_23905:1539235-1539528
contig_23905	1600520	1600752	intergenic	.	contig_23905:1600520-1600752
contig_23970	4493	4943	intergenic	.	contig_23970:4493-4943
contig_23970	194798	194908	intergenic	.	contig_23970:194798-194908
contig_23970	292489	292804	gene,mRNA		contig_23970:292489-292804
contig_23970	292895	292995	gene,mRNA		contig_23970:292895-292995
contig_23970	439559	439668	gene,mRNA		contig_23970:439559-439668
contig_23970	549733	550018	intergenic	.	contig_23970:549733-550018
contig_23970	1261755	1261939	gene,mRNA		contig_23970:1261755-1261939
contig_23970	1286184	1286266	gene,mRNA		contig_23970:1286184-1286266
contig_23970	1460077	1460219	intergenic	.	contig_23970:1460077-1460219
contig_23970	1652424	1652487	intergenic	.	contig_23970:1652424-1652487
contig_23975	290711	291001	intergenic	.	contig_23975:290711-291001
contig_23975	291261	291449	intergenic	.	contig_23975:291261-291449
contig_23975	305464	305655	intergenic	.	contig_23975:305464-305655
contig_23975	484733	485353	intergenic	.	contig_23975:484733-485353
contig_23985	205587	205897	gene,mRNA		contig_23985:205587-205897
contig_24	365028	365552	intergenic	.	contig_24:365028-365552
contig_24	465988	466087	intergenic	.	contig_24:465988-466087
contig_24081	17833	17897	intergenic	.	contig_24081:17833-17897
contig_24081	43249	43377	intergenic	.	contig_24081:43249-43377
contig_24133	1281221	1281293	intergenic	.	contig_24133:1281221-1281293
contig_24137	526402	526658	gene,mRNA		contig_24137:526402-526658
contig_24137	725814	726083	intergenic	.	contig_24137:725814-726083
contig_24137	940621	940694	intergenic	.	contig_24137:940621-940694
contig_24137	1037723	1037962	intergenic	.	contig_24137:1037723-1037962
contig_24151	24852	25115	intergenic	.	contig_24151:24852-25115
contig_24176	159501	159582	intergenic	.	contig_24176:159501-159582
contig_24221	110212	110252	intergenic	.	contig_24221:110212-110252
contig_24248	619218	619278	intergenic	.	contig_24248:619218-619278
contig_2425	93858	93970	intergenic	.	contig_2425:93858-93970
contig_2425	228004	228040	intergenic	.	contig_2425:228004-228040
contig_2425	241222	241434	intergenic	.	contig_2425:241222-241434
contig_24335	3994760	3995045	gene,mRNA		contig_24335:3994760-3995045
contig_2434	1539840	1539995	intergenic	.	contig_2434:1539840-1539995
contig_2434	1790170	1790208	intergenic	.	contig_2434:1790170-1790208
contig_24355	106263	106422	intergenic	.	contig_24355:106263-106422
contig_24355	740462	740707	gene,mRNA		contig_24355:740462-740707
contig_24355	843283	843343	intergenic	.	contig_24355:843283-843343
contig_24355	864389	864467	intergenic	.	contig_24355:864389-864467
contig_24406	31243	31500	intergenic	.	contig_24406:31243-31500
contig_24416	70110	70355	intergenic	.	contig_24416:70110-70355
contig_24416	101291	101360	intergenic	.	contig_24416:101291-101360
contig_24416	194408	194438	intergenic	.	contig_24416:194408-194438
contig_24416	474037	474074	intergenic	.	contig_24416:474037-474074
contig_24416	739831	739979	intergenic	.	contig_24416:739831-739979
contig_2444	405560	405865	gene,mRNA		contig_2444:405560-405865
contig_2444	823369	823503	gene,mRNA		contig_2444:823369-823503
contig_2447	1087620	1087819	gene,mRNA		contig_2447:1087620-1087819
contig_2450	64542	64613	intergenic	.	contig_2450:64542-64613
contig_24505	10023	10251	intergenic	.	contig_24505:10023-10251
contig_24505	24667	24895	intergenic	.	contig_24505:24667-24895
contig_24524	286354	286454	exon,CDS,gene,mRNA		contig_24524:286354-286454
contig_24541	597301	597386	intergenic	.	contig_24541:597301-597386
contig_24541	753735	753771	gene,mRNA		contig_24541:753735-753771
contig_24541	753876	754235	gene,mRNA		contig_24541:753876-754235
contig_24541	1337818	1337869	intergenic	.	contig_24541:1337818-1337869
contig_2457	31721	31953	intergenic	.	contig_2457:31721-31953
contig_24586	224489	224551	intergenic	.	contig_24586:224489-224551
contig_24586	227740	228096	intergenic	.	contig_24586:227740-228096
contig_2462	117513	117673	intergenic	.	contig_2462:117513-117673
contig_2462	868224	868439	gene,mRNA		contig_2462:868224-868439
contig_2462	1025320	1025602	gene,mRNA		contig_2462:1025320-1025602
contig_24622	210069	210377	intergenic	.	contig_24622:210069-210377
contig_24629	179254	179402	gene,mRNA		contig_24629:179254-179402
contig_2467	229381	229753	intergenic	.	contig_2467:229381-229753
contig_2472	347145	347329	intergenic	.	contig_2472:347145-347329
contig_2472	373934	374158	intergenic	.	contig_2472:373934-374158
contig_2472	374524	374769	intergenic	.	contig_2472:374524-374769
contig_2472	615841	616231	intergenic	.	contig_2472:615841-616231
contig_2472	669155	669293	intergenic	.	contig_2472:669155-669293
contig_2472	669436	669600	exon,CDS,gene,mRNA		contig_2472:669436-669600
contig_2472	1119025	1119156	intergenic	.	contig_2472:1119025-1119156
contig_2472	1149252	1149409	intergenic	.	contig_2472:1149252-1149409
contig_2472	1373350	1373416	intergenic	.	contig_2472:1373350-1373416
contig_2472	1525632	1525814	intergenic	.	contig_2472:1525632-1525814
contig_2472	1686701	1686984	intergenic	.	contig_2472:1686701-1686984
contig_24726	65743	66083	gene,mRNA		contig_24726:65743-66083
contig_24726	105586	105829	gene,mRNA		contig_24726:105586-105829
contig_24726	215953	216267	intergenic	.	contig_24726:215953-216267
contig_24726	277026	277727	intergenic	.	contig_24726:277026-277727
contig_24726	428214	428291	intergenic	.	contig_24726:428214-428291
contig_24789	435907	436010	gene,mRNA		contig_24789:435907-436010
contig_24803	27207	27265	intergenic	.	contig_24803:27207-27265
contig_24803	178466	178696	intergenic	.	contig_24803:178466-178696
contig_24803	178994	179098	intergenic	.	contig_24803:178994-179098
contig_24803	337266	337491	intergenic	.	contig_24803:337266-337491
contig_24803	395969	396093	intergenic	.	contig_24803:395969-396093
contig_24803	396177	396239	intergenic	.	contig_24803:396177-396239
contig_2481	259053	259157	intergenic	.	contig_2481:259053-259157
contig_2481	494484	494531	gene,mRNA		contig_2481:494484-494531
contig_2481	862624	863434	intergenic	.	contig_2481:862624-863434
contig_2486	53700	53783	intergenic	.	contig_2486:53700-53783
contig_2486	968844	968931	intergenic	.	contig_2486:968844-968931
contig_2486	1410072	1410133	gene,mRNA		contig_2486:1410072-1410133
contig_24902	13681	14141	gene,mRNA		contig_24902:13681-14141
contig_24902	65418	65651	intergenic	.	contig_24902:65418-65651
contig_24902	206816	206875	intergenic	.	contig_24902:206816-206875
contig_24902	210632	210832	intergenic	.	contig_24902:210632-210832
contig_24902	318296	318407	gene,mRNA		contig_24902:318296-318407
contig_24921	67378	67503	intergenic	.	contig_24921:67378-67503
contig_24921	68182	68284	intergenic	.	contig_24921:68182-68284
contig_24921	68472	68622	intergenic	.	contig_24921:68472-68622
contig_2493	12132	12386	intergenic	.	contig_2493:12132-12386
contig_2493	305021	305328	intergenic	.	contig_2493:305021-305328
contig_2493	370526	371099	intergenic	.	contig_2493:370526-371099
contig_2493	371166	371272	intergenic	.	contig_2493:371166-371272
contig_2493	371330	371401	intergenic	.	contig_2493:371330-371401
contig_2493	389153	389484	intergenic	.	contig_2493:389153-389484
contig_2493	406206	406359	intergenic	.	contig_2493:406206-406359
contig_2493	426844	426941	intergenic	.	contig_2493:426844-426941
contig_2493	427439	427484	intergenic	.	contig_2493:427439-427484
contig_2493	472254	472538	intergenic	.	contig_2493:472254-472538
contig_2493	581352	581627	intergenic	.	contig_2493:581352-581627
contig_2493	610748	610998	intergenic	.	contig_2493:610748-610998
contig_2493	632234	632372	intergenic	.	contig_2493:632234-632372
contig_2493	632678	632822	intergenic	.	contig_2493:632678-632822
contig_25	139099	139274	gene,mRNA		contig_25:139099-139274
contig_2500	152922	153181	intergenic	.	contig_2500:152922-153181
contig_2500	338786	338970	intergenic	.	contig_2500:338786-338970
contig_2500	339101	339256	intergenic	.	contig_2500:339101-339256
contig_2500	416129	416201	intergenic	.	contig_2500:416129-416201
contig_2500	416612	416886	intergenic	.	contig_2500:416612-416886
contig_25040	124527	124757	intergenic	.	contig_25040:124527-124757
contig_25057	158188	158291	intergenic	.	contig_25057:158188-158291
contig_2509	102948	103172	exon,CDS,gene,mRNA		contig_2509:102948-103172
contig_2509	322105	322315	intergenic	.	contig_2509:322105-322315
contig_2509	707792	707849	intergenic	.	contig_2509:707792-707849
contig_2509	760596	761139	intergenic	.	contig_2509:760596-761139
contig_2509	768388	768831	intergenic	.	contig_2509:768388-768831
contig_2509	816849	817007	intergenic	.	contig_2509:816849-817007
contig_2509	908010	908161	intergenic	.	contig_2509:908010-908161
contig_2509	962393	962434	intergenic	.	contig_2509:962393-962434
contig_2509	1146373	1146601	stop_codon,exon,CDS,gene,mRNA		contig_2509:1146373-1146601
contig_2509	1353760	1354009	gene,mRNA		contig_2509:1353760-1354009
contig_2509	2122165	2122552	intergenic	.	contig_2509:2122165-2122552
contig_2509	2318621	2318888	intergenic	.	contig_2509:2318621-2318888
contig_2509	2692269	2692538	intergenic	.	contig_2509:2692269-2692538
contig_2509	3297858	3297966	intergenic	.	contig_2509:3297858-3297966
contig_2509	3464256	3464383	intergenic	.	contig_2509:3464256-3464383
contig_2509	3733921	3734057	mRNA,gene		contig_2509:3733921-3734057
contig_25140	2200	2348	intergenic	.	contig_25140:2200-2348
contig_25140	17274	17444	intergenic	.	contig_25140:17274-17444
contig_2517	112434	112549	intergenic	.	contig_2517:112434-112549
contig_25208	90339	90491	intergenic	.	contig_25208:90339-90491
contig_25219	64954	65012	intergenic	.	contig_25219:64954-65012
contig_25219	65092	65283	intergenic	.	contig_25219:65092-65283
contig_25219	566925	567171	gene,mRNA,exon,CDS		contig_25219:566925-567171
contig_25219	699240	699428	gene,mRNA		contig_25219:699240-699428
contig_25219	699510	699543	gene,mRNA		contig_25219:699510-699543
contig_25230	201543	201642	intergenic	.	contig_25230:201543-201642
contig_25238	1107813	1107855	gene,mRNA		contig_25238:1107813-1107855
contig_25266	120579	120634	gene,mRNA		contig_25266:120579-120634
contig_25266	799760	799843	intergenic	.	contig_25266:799760-799843
contig_2529	271767	272076	intergenic	.	contig_2529:271767-272076
contig_25294	906240	906297	intergenic	.	contig_25294:906240-906297
contig_25294	911965	912064	intergenic	.	contig_25294:911965-912064
contig_25294	1472036	1472081	intergenic	.	contig_25294:1472036-1472081
contig_25294	1572799	1573036	gene,mRNA		contig_25294:1572799-1573036
contig_25294	2416621	2416737	gene,mRNA		contig_25294:2416621-2416737
contig_25294	3965441	3965533	intergenic	.	contig_25294:3965441-3965533
contig_25294	3996244	3996329	intergenic	.	contig_25294:3996244-3996329
contig_25294	3996383	3996648	polyA_signal_sequence,stop_codon,exon,CDS,gene,mRNA		contig_25294:3996383-3996648
contig_25347	71412	71900	intergenic	.	contig_25347:71412-71900
contig_2535	608615	608854	intergenic	.	contig_2535:608615-608854
contig_25359	97526	97648	intergenic	.	contig_25359:97526-97648
contig_25359	126680	126738	intergenic	.	contig_25359:126680-126738
contig_25359	126851	127021	intergenic	.	contig_25359:126851-127021
contig_25359	278288	278321	intergenic	.	contig_25359:278288-278321
contig_2540	40270	40482	intergenic	.	contig_2540:40270-40482
contig_25416	983198	983341	intergenic	.	contig_25416:983198-983341
contig_25416	1105100	1105264	intergenic	.	contig_25416:1105100-1105264
contig_25483	81897	81936	intergenic	.	contig_25483:81897-81936
contig_25515	125892	126080	intergenic	.	contig_25515:125892-126080
contig_25515	146558	146813	gene,mRNA		contig_25515:146558-146813
contig_25525	107982	108101	gene,mRNA		contig_25525:107982-108101
contig_25572	116300	116447	intergenic	.	contig_25572:116300-116447
contig_25572	116681	116752	intergenic	.	contig_25572:116681-116752
contig_25575	325972	326253	intergenic	.	contig_25575:325972-326253
contig_25618	932283	932324	intergenic	.	contig_25618:932283-932324
contig_2563	415073	415138	intergenic	.	contig_2563:415073-415138
contig_2566	119065	119375	intergenic	.	contig_2566:119065-119375
contig_2566	158581	159270	intergenic	.	contig_2566:158581-159270
contig_2566	167996	168154	intergenic	.	contig_2566:167996-168154
contig_2566	474146	474496	intergenic	.	contig_2566:474146-474496
contig_2566	716009	716119	intergenic	.	contig_2566:716009-716119
contig_2566	876587	876855	intergenic	.	contig_2566:876587-876855
contig_25660	151634	151701	intergenic	.	contig_25660:151634-151701
contig_25660	331991	332133	intergenic	.	contig_25660:331991-332133
contig_25691	4358	4547	intergenic	.	contig_25691:4358-4547
contig_25691	242563	242653	intergenic	.	contig_25691:242563-242653
contig_25691	264556	264720	intergenic	.	contig_25691:264556-264720
contig_25691	264944	265044	intergenic	.	contig_25691:264944-265044
contig_25691	275172	275215	intergenic	.	contig_25691:275172-275215
contig_2576	350271	350452	intergenic	.	contig_2576:350271-350452
contig_2576	373685	373999	gene,mRNA		contig_2576:373685-373999
contig_2576	538662	538875	intergenic	.	contig_2576:538662-538875
contig_2576	597516	597737	intergenic	.	contig_2576:597516-597737
contig_2576	673917	673982	gene,mRNA		contig_2576:673917-673982
contig_2576	785803	786184	mRNA,start_codon,exon,CDS,stop_codon,gene		contig_2576:785803-786184
contig_25779	28738	28806	intergenic	.	contig_25779:28738-28806
contig_25779	33750	33892	gene,mRNA,exon,CDS		contig_25779:33750-33892
contig_25779	41955	42336	intergenic	.	contig_25779:41955-42336
contig_258	1315655	1316032	gene,mRNA		contig_258:1315655-1316032
contig_25815	24096	24534	intergenic	.	contig_25815:24096-24534
contig_25818	16994	17040	intergenic	.	contig_25818:16994-17040
contig_25869	234285	234397	intergenic	.	contig_25869:234285-234397
contig_25896	139849	140032	gene,mRNA		contig_25896:139849-140032
contig_25896	300710	300790	intergenic	.	contig_25896:300710-300790
contig_25966	166043	166077	intergenic	.	contig_25966:166043-166077
contig_25966	199008	199042	intergenic	.	contig_25966:199008-199042
contig_2597	482499	482707	intergenic	.	contig_2597:482499-482707
contig_2597	484352	484467	intergenic	.	contig_2597:484352-484467
contig_2597	847114	847274	intergenic	.	contig_2597:847114-847274
contig_2597	1079077	1079391	intergenic	.	contig_2597:1079077-1079391
contig_2597	1081517	1081808	intergenic	.	contig_2597:1081517-1081808
contig_2597	1412068	1412132	gene,mRNA		contig_2597:1412068-1412132
contig_2597	1562855	1563003	intergenic	.	contig_2597:1562855-1563003
contig_25978	571656	571753	intergenic	.	contig_25978:571656-571753
contig_26019	27654	27871	intergenic	.	contig_26019:27654-27871
contig_26019	392845	393087	intergenic	.	contig_26019:392845-393087
contig_26028	19990	20165	intergenic	.	contig_26028:19990-20165
contig_26028	42688	42788	intergenic	.	contig_26028:42688-42788
contig_26028	42889	43288	intergenic	.	contig_26028:42889-43288
contig_26028	212991	213268	intergenic	.	contig_26028:212991-213268
contig_26028	481058	481111	intergenic	.	contig_26028:481058-481111
contig_26028	481457	481615	intergenic	.	contig_26028:481457-481615
contig_26144	107885	108086	gene,mRNA		contig_26144:107885-108086
contig_26179	176497	176570	intergenic	.	contig_26179:176497-176570
contig_26179	234027	234187	gene,mRNA		contig_26179:234027-234187
contig_26179	360615	360672	intergenic	.	contig_26179:360615-360672
contig_26210	1307753	1307784	intergenic	.	contig_26210:1307753-1307784
contig_26220	681155	681259	gene,mRNA		contig_26220:681155-681259
contig_2628	8320	8539	intergenic	.	contig_2628:8320-8539
contig_2628	8590	8678	intergenic	.	contig_2628:8590-8678
contig_2628	61422	61527	intergenic	.	contig_2628:61422-61527
contig_2628	277386	277488	intergenic	.	contig_2628:277386-277488
contig_26293	335519	335549	intergenic	.	contig_26293:335519-335549
contig_26293	911374	911511	intergenic	.	contig_26293:911374-911511
contig_26302	906994	907103	gene,mRNA		contig_26302:906994-907103
contig_26302	1605221	1605477	intergenic	.	contig_26302:1605221-1605477
contig_26302	1942895	1943114	intergenic	.	contig_26302:1942895-1943114
contig_26302	1983478	1983850	intergenic	.	contig_26302:1983478-1983850
contig_2635	621666	621722	intergenic	.	contig_2635:621666-621722
contig_2635	1417334	1417441	intergenic	.	contig_2635:1417334-1417441
contig_2635	1417536	1417605	intergenic	.	contig_2635:1417536-1417605
contig_2635	2302891	2303189	intergenic	.	contig_2635:2302891-2303189
contig_2635	2770100	2770194	intergenic	.	contig_2635:2770100-2770194
contig_2635	2848021	2848386	intergenic	.	contig_2635:2848021-2848386
contig_26448	47181	47605	intergenic	.	contig_26448:47181-47605
contig_26448	198119	198310	intergenic	.	contig_26448:198119-198310
contig_2646	291632	292071	gene,mRNA		contig_2646:291632-292071
contig_26496	189516	189779	intergenic	.	contig_26496:189516-189779
contig_26496	346062	346515	intergenic	.	contig_26496:346062-346515
contig_26496	488871	488949	intergenic	.	contig_26496:488871-488949
contig_26496	492204	492241	intergenic	.	contig_26496:492204-492241
contig_26496	492297	492429	intergenic	.	contig_26496:492297-492429
contig_26558	166209	166258	intergenic	.	contig_26558:166209-166258
contig_26584	380499	380542	gene,mRNA		contig_26584:380499-380542
contig_26584	383703	383809	gene,mRNA		contig_26584:383703-383809
contig_26584	464484	464536	intergenic	.	contig_26584:464484-464536
contig_26584	464726	464824	intergenic	.	contig_26584:464726-464824
contig_2659	287096	287274	intergenic	.	contig_2659:287096-287274
contig_2659	375158	375223	intergenic	.	contig_2659:375158-375223
contig_26597	51294	51778	intergenic	.	contig_26597:51294-51778
contig_26597	532179	532263	intergenic	.	contig_26597:532179-532263
contig_26597	590210	590315	intergenic	.	contig_26597:590210-590315
contig_26733	74926	75082	intergenic	.	contig_26733:74926-75082
contig_26741	281720	282142	exon,CDS,stop_codon,polyA_signal_sequence,gene,mRNA		contig_26741:281720-282142
contig_2680	11692	11748	gene,mRNA		contig_2680:11692-11748
contig_26831	157443	157621	intergenic	.	contig_26831:157443-157621
contig_26836	24744	24899	gene,mRNA		contig_26836:24744-24899
contig_26836	138920	139408	intergenic	.	contig_26836:138920-139408
contig_26917	396319	396795	intergenic	.	contig_26917:396319-396795
contig_26935	169999	170281	intergenic	.	contig_26935:169999-170281
contig_26935	270838	271525	intergenic	.	contig_26935:270838-271525
contig_26935	738560	738815	intergenic	.	contig_26935:738560-738815
contig_26935	927509	927650	intergenic	.	contig_26935:927509-927650
contig_26935	928423	928661	intergenic	.	contig_26935:928423-928661
contig_270	93321	93529	intergenic	.	contig_270:93321-93529
contig_270	254639	254809	intergenic	.	contig_270:254639-254809
contig_270	347122	347452	intergenic	.	contig_270:347122-347452
contig_270	789914	790088	intergenic	.	contig_270:789914-790088
contig_270	1240667	1240854	intergenic	.	contig_270:1240667-1240854
contig_2702	120306	120564	intergenic	.	contig_2702:120306-120564
contig_2702	120652	120704	intergenic	.	contig_2702:120652-120704
contig_2702	120869	120943	intergenic	.	contig_2702:120869-120943
contig_2702	183209	183417	intergenic	.	contig_2702:183209-183417
contig_27038	138262	138473	intergenic	.	contig_27038:138262-138473
contig_27071	3797	3863	intergenic	.	contig_27071:3797-3863
contig_27071	146960	147073	intergenic	.	contig_27071:146960-147073
contig_2715	14988	15068	gene		contig_2715:14988-15068
contig_2715	95746	96037	intergenic	.	contig_2715:95746-96037
contig_2715	198926	198979	intergenic	.	contig_2715:198926-198979
contig_2718	360045	360160	intergenic	.	contig_2718:360045-360160
contig_2718	360220	360278	intergenic	.	contig_2718:360220-360278
contig_2718	360347	360658	intergenic	.	contig_2718:360347-360658
contig_2718	399300	399435	intergenic	.	contig_2718:399300-399435
contig_2718	505626	505921	intergenic	.	contig_2718:505626-505921
contig_2718	514312	514776	intergenic	.	contig_2718:514312-514776
contig_2718	539207	539467	intergenic	.	contig_2718:539207-539467
contig_2718	671892	672070	intergenic	.	contig_2718:671892-672070
contig_2718	732661	732872	intergenic	.	contig_2718:732661-732872
contig_2718	734559	734708	intergenic	.	contig_2718:734559-734708
contig_2718	734759	734833	intergenic	.	contig_2718:734759-734833
contig_2718	983112	983479	intergenic	.	contig_2718:983112-983479
contig_2718	994427	994832	intergenic	.	contig_2718:994427-994832
contig_2718	1146936	1147348	mRNA,exon,CDS,start_codon,gene		contig_2718:1146936-1147348
contig_2718	1149984	1150157	intergenic	.	contig_2718:1149984-1150157
contig_27220	667786	667912	intergenic	.	contig_27220:667786-667912
contig_27220	1063559	1063847	gene,mRNA		contig_27220:1063559-1063847
contig_27248	126954	127227	intergenic	.	contig_27248:126954-127227
contig_27276	149257	149500	intergenic	.	contig_27276:149257-149500
contig_27276	245805	246125	intergenic	.	contig_27276:245805-246125
contig_27363	271399	271506	gene,mRNA		contig_27363:271399-271506
contig_27381	640161	640441	intergenic	.	contig_27381:640161-640441
contig_27381	742524	742804	gene,mRNA		contig_27381:742524-742804
contig_27381	816493	816555	intergenic	.	contig_27381:816493-816555
contig_27381	939774	939837	intergenic	.	contig_27381:939774-939837
contig_27401	43660	43752	intergenic	.	contig_27401:43660-43752
contig_27401	339088	339335	intergenic	.	contig_27401:339088-339335
contig_2743	638695	638845	intergenic	.	contig_2743:638695-638845
contig_2743	1443170	1443219	intergenic	.	contig_2743:1443170-1443219
contig_27436	66730	67037	gene,mRNA		contig_27436:66730-67037
contig_27436	73679	73904	gene,mRNA		contig_27436:73679-73904
contig_27436	99830	100005	intergenic	.	contig_27436:99830-100005
contig_27436	251124	251206	intergenic	.	contig_27436:251124-251206
contig_27436	251374	251446	intergenic	.	contig_27436:251374-251446
contig_27492	10203	10517	intergenic	.	contig_27492:10203-10517
contig_27492	10822	11040	intergenic	.	contig_27492:10822-11040
contig_27492	153599	153631	intergenic	.	contig_27492:153599-153631
contig_275	663550	663686	intergenic	.	contig_275:663550-663686
contig_275	736625	736832	intergenic	.	contig_275:736625-736832
contig_275	801909	801959	gene,mRNA		contig_275:801909-801959
contig_27500	8345	8497	intergenic	.	contig_27500:8345-8497
contig_2751	7229	7438	gene,mRNA		contig_2751:7229-7438
contig_2751	90158	90299	gene,mRNA		contig_2751:90158-90299
contig_2751	277291	277450	gene,mRNA		contig_2751:277291-277450
contig_2751	277521	277666	gene,mRNA		contig_2751:277521-277666
contig_2751	277726	277908	gene,mRNA		contig_2751:277726-277908
contig_2751	615060	615697	intergenic	.	contig_2751:615060-615697
contig_2751	939278	939369	intergenic	.	contig_2751:939278-939369
contig_2751	2064378	2064502	intergenic	.	contig_2751:2064378-2064502
contig_2751	2169304	2169341	gene,mRNA		contig_2751:2169304-2169341
contig_27534	569132	569423	intergenic	.	contig_27534:569132-569423
contig_27534	587111	587221	intergenic	.	contig_27534:587111-587221
contig_27534	886262	886683	gene,mRNA		contig_27534:886262-886683
contig_27534	988661	988856	gene,mRNA		contig_27534:988661-988856
contig_27534	1214293	1214365	intergenic	.	contig_27534:1214293-1214365
contig_27559	72648	72819	intergenic	.	contig_27559:72648-72819
contig_27559	72889	72940	intergenic	.	contig_27559:72889-72940
contig_27559	424407	424485	intergenic	.	contig_27559:424407-424485
contig_2757	1261463	1261700	intergenic	.	contig_2757:1261463-1261700
contig_27573	71898	72105	intergenic	.	contig_27573:71898-72105
contig_27573	90109	90422	intergenic	.	contig_27573:90109-90422
contig_27582	52868	53017	exon,CDS,gene,mRNA		contig_27582:52868-53017
contig_27710	122298	122527	intergenic	.	contig_27710:122298-122527
contig_27710	163189	163435	intergenic	.	contig_27710:163189-163435
contig_27710	349495	349671	gene,mRNA		contig_27710:349495-349671
contig_27738	32942	33041	intergenic	.	contig_27738:32942-33041
contig_2776	7058	7432	intergenic	.	contig_2776:7058-7432
contig_2776	591261	591374	intergenic	.	contig_2776:591261-591374
contig_27778	181050	181133	intergenic	.	contig_27778:181050-181133
contig_27804	280276	280817	gene,mRNA		contig_27804:280276-280817
contig_27832	102035	102536	intergenic	.	contig_27832:102035-102536
contig_27832	263872	264179	intergenic	.	contig_27832:263872-264179
contig_27832	342112	342251	intergenic	.	contig_27832:342112-342251
contig_27832	434430	434505	intergenic	.	contig_27832:434430-434505
contig_27832	495220	495492	gene,mRNA		contig_27832:495220-495492
contig_27832	508295	508366	intergenic	.	contig_27832:508295-508366
contig_27832	508427	508547	intergenic	.	contig_27832:508427-508547
contig_27832	531113	531608	intergenic	.	contig_27832:531113-531608
contig_2788	88891	89228	intergenic	.	contig_2788:88891-89228
contig_2788	104572	104711	intergenic	.	contig_2788:104572-104711
contig_2788	192936	193296	intergenic	.	contig_2788:192936-193296
contig_2788	441846	442244	intergenic	.	contig_2788:441846-442244
contig_27959	108052	108214	intergenic	.	contig_27959:108052-108214
contig_2797	79124	79159	gene,mRNA		contig_2797:79124-79159
contig_2797	197038	197069	gene,mRNA		contig_2797:197038-197069
contig_2797	497839	498025	gene,mRNA		contig_2797:497839-498025
contig_2800	2200	2746	intergenic	.	contig_2800:2200-2746
contig_2800	558445	558680	intergenic	.	contig_2800:558445-558680
contig_2800	567075	567270	intergenic	.	contig_2800:567075-567270
contig_2800	927290	927425	intergenic	.	contig_2800:927290-927425
contig_2800	931437	931667	intergenic	.	contig_2800:931437-931667
contig_2800	1594181	1594457	gene,mRNA		contig_2800:1594181-1594457
contig_2807	3604	3781	intergenic	.	contig_2807:3604-3781
contig_28102	236170	236537	intergenic	.	contig_28102:236170-236537
contig_2811	282339	282888	gene,mRNA		contig_2811:282339-282888
contig_2811	282975	283189	gene,mRNA		contig_2811:282975-283189
contig_2811	424445	424480	intergenic	.	contig_2811:424445-424480
contig_2811	671449	671601	intergenic	.	contig_2811:671449-671601
contig_2811	1003589	1003731	intergenic	.	contig_2811:1003589-1003731
contig_28160	314561	315124	intergenic	.	contig_28160:314561-315124
contig_28160	315204	315534	intergenic	.	contig_28160:315204-315534
contig_2818	500329	500424	intergenic	.	contig_2818:500329-500424
contig_28194	49836	49938	intergenic	.	contig_28194:49836-49938
contig_28210	45058	45119	intergenic	.	contig_28210:45058-45119
contig_28210	45181	45362	intergenic	.	contig_28210:45181-45362
contig_28216	81928	82249	intergenic	.	contig_28216:81928-82249
contig_28282	820063	820252	intergenic	.	contig_28282:820063-820252
contig_28282	820530	820691	intergenic	.	contig_28282:820530-820691
contig_2830	17272	17507	intergenic	.	contig_2830:17272-17507
contig_2830	24688	24934	intergenic	.	contig_2830:24688-24934
contig_2830	51930	52304	intergenic	.	contig_2830:51930-52304
contig_2830	163782	163859	intergenic	.	contig_2830:163782-163859
contig_2830	311677	311727	intergenic	.	contig_2830:311677-311727
contig_2830	387926	388038	intergenic	.	contig_2830:387926-388038
contig_2830	633975	634116	intergenic	.	contig_2830:633975-634116
contig_28330	4084	4198	intergenic	.	contig_28330:4084-4198
contig_2835	84473	84676	intergenic	.	contig_2835:84473-84676
contig_2835	144810	144875	intergenic	.	contig_2835:144810-144875
contig_2835	145260	145367	intergenic	.	contig_2835:145260-145367
contig_2835	608494	609124	intergenic	.	contig_2835:608494-609124
contig_28361	55339	55526	intergenic	.	contig_28361:55339-55526
contig_28361	72693	72909	intergenic	.	contig_28361:72693-72909
contig_28385	5527	5851	intergenic	.	contig_28385:5527-5851
contig_28385	237150	237202	gene,mRNA		contig_28385:237150-237202
contig_28385	569343	569535	intergenic	.	contig_28385:569343-569535
contig_28426	55654	55900	intergenic	.	contig_28426:55654-55900
contig_2846	11831	11942	intergenic	.	contig_2846:11831-11942
contig_2846	20706	20863	intergenic	.	contig_2846:20706-20863
contig_28531	288159	288303	intergenic	.	contig_28531:288159-288303
contig_28531	409763	409852	intergenic	.	contig_28531:409763-409852
contig_28531	1941539	1941873	intergenic	.	contig_28531:1941539-1941873
contig_28531	1959781	1959884	intergenic	.	contig_28531:1959781-1959884
contig_28531	2021469	2021571	intergenic	.	contig_28531:2021469-2021571
contig_2857	202048	202116	intergenic	.	contig_2857:202048-202116
contig_2857	660424	660724	gene,mRNA,exon,CDS,start_codon		contig_2857:660424-660724
contig_2857	1643738	1643875	intergenic	.	contig_2857:1643738-1643875
contig_2857	1893792	1893871	intergenic	.	contig_2857:1893792-1893871
contig_2857	1921862	1921996	intergenic	.	contig_2857:1921862-1921996
contig_28570	29892	29996	intergenic	.	contig_28570:29892-29996
contig_28570	30064	30117	intergenic	.	contig_28570:30064-30117
contig_28570	164506	164680	intergenic	.	contig_28570:164506-164680
contig_28611	29261	29435	intergenic	.	contig_28611:29261-29435
contig_28639	5929	6223	intergenic	.	contig_28639:5929-6223
contig_28639	14480	14725	intergenic	.	contig_28639:14480-14725
contig_28639	48548	49053	intergenic	.	contig_28639:48548-49053
contig_28639	163879	164256	intergenic	.	contig_28639:163879-164256
contig_28639	541618	541817	intergenic	.	contig_28639:541618-541817
contig_28639	547859	547937	intergenic	.	contig_28639:547859-547937
contig_28639	587701	588006	intergenic	.	contig_28639:587701-588006
contig_28639	775903	776028	intergenic	.	contig_28639:775903-776028
contig_28639	776082	776313	intergenic	.	contig_28639:776082-776313
contig_28647	26441	26488	intergenic	.	contig_28647:26441-26488
contig_28695	62745	62888	gene,mRNA		contig_28695:62745-62888
contig_2872	316694	316809	intergenic	.	contig_2872:316694-316809
contig_2872	654718	655090	gene,mRNA		contig_2872:654718-655090
contig_28767	92387	92629	intergenic	.	contig_28767:92387-92629
contig_28767	260109	260205	intergenic	.	contig_28767:260109-260205
contig_28873	209519	209832	intergenic	.	contig_28873:209519-209832
contig_28962	55654	55808	intergenic	.	contig_28962:55654-55808
contig_28962	72416	72549	intergenic	.	contig_28962:72416-72549
contig_28962	83364	83461	intergenic	.	contig_28962:83364-83461
contig_28998	24985	25321	intergenic	.	contig_28998:24985-25321
contig_29014	214687	214923	intergenic	.	contig_29014:214687-214923
contig_29030	640574	640796	intergenic	.	contig_29030:640574-640796
contig_29030	707871	708416	intergenic	.	contig_29030:707871-708416
contig_29030	862363	862466	intergenic	.	contig_29030:862363-862466
contig_29030	921780	921994	intergenic	.	contig_29030:921780-921994
contig_29030	925159	925226	intergenic	.	contig_29030:925159-925226
contig_29158	167933	167972	intergenic	.	contig_29158:167933-167972
contig_29173	32257	32568	intergenic	.	contig_29173:32257-32568
contig_29173	97169	97703	intergenic	.	contig_29173:97169-97703
contig_29173	469558	469696	gene,mRNA		contig_29173:469558-469696
contig_29173	726623	726878	gene,mRNA		contig_29173:726623-726878
contig_29173	726961	727175	gene,mRNA		contig_29173:726961-727175
contig_29173	874794	874939	intergenic	.	contig_29173:874794-874939
contig_29173	968675	968836	intergenic	.	contig_29173:968675-968836
contig_29173	1216440	1216746	intergenic	.	contig_29173:1216440-1216746
contig_29181	142760	142958	intergenic	.	contig_29181:142760-142958
contig_29182	10951	11141	intergenic	.	contig_29182:10951-11141
contig_293	2902598	2902684	gene,mRNA		contig_293:2902598-2902684
contig_293	4251979	4252076	intergenic	.	contig_293:4251979-4252076
contig_29375	48733	48797	intergenic	.	contig_29375:48733-48797
contig_29438	184656	185067	intergenic	.	contig_29438:184656-185067
contig_29482	12293	12514	intergenic	.	contig_29482:12293-12514
contig_29483	983	1189	intergenic	.	contig_29483:983-1189
contig_29483	1458	1520	intergenic	.	contig_29483:1458-1520
contig_29553	1684	1906	intergenic	.	contig_29553:1684-1906
contig_29585	45325	45430	intergenic	.	contig_29585:45325-45430
contig_29587	49210	49303	intergenic	.	contig_29587:49210-49303
contig_29601	2461	2528	intergenic	.	contig_29601:2461-2528
contig_29601	71022	71094	intergenic	.	contig_29601:71022-71094
contig_29601	496854	497174	intergenic	.	contig_29601:496854-497174
contig_29601	734856	735134	intergenic	.	contig_29601:734856-735134
contig_29601	738157	738299	intergenic	.	contig_29601:738157-738299
contig_29601	1401007	1401176	intergenic	.	contig_29601:1401007-1401176
contig_29601	1476924	1477091	gene,mRNA		contig_29601:1476924-1477091
contig_29627	94122	94253	intergenic	.	contig_29627:94122-94253
contig_29627	234348	234465	intergenic	.	contig_29627:234348-234465
contig_29644	573416	573516	gene,mRNA,exon,CDS		contig_29644:573416-573516
contig_29667	5057	5108	intergenic	.	contig_29667:5057-5108
contig_29724	44187	44611	gene,mRNA		contig_29724:44187-44611
contig_29724	124332	124529	gene,mRNA		contig_29724:124332-124529
contig_29724	212509	212976	intergenic	.	contig_29724:212509-212976
contig_29746	162642	162674	intergenic	.	contig_29746:162642-162674
contig_29746	201510	201599	intergenic	.	contig_29746:201510-201599
contig_29768	76689	77075	intergenic	.	contig_29768:76689-77075
contig_298	123485	123601	intergenic	.	contig_298:123485-123601
contig_2982	68665	68917	intergenic	.	contig_2982:68665-68917
contig_29833	18866	18999	intergenic	.	contig_29833:18866-18999
contig_29903	146108	146397	intergenic	.	contig_29903:146108-146397
contig_29903	155589	155907	intergenic	.	contig_29903:155589-155907
contig_29903	292458	292592	exon,CDS,gene,mRNA		contig_29903:292458-292592
contig_29903	360779	360855	gene,mRNA		contig_29903:360779-360855
contig_29903	383223	383297	gene,mRNA		contig_29903:383223-383297
contig_29903	384055	384126	gene,mRNA		contig_29903:384055-384126
contig_2992	379360	379621	intergenic	.	contig_2992:379360-379621
contig_2992	555018	555080	intergenic	.	contig_2992:555018-555080
contig_2992	644430	644572	intergenic	.	contig_2992:644430-644572
contig_29937	184773	184966	gene,mRNA		contig_29937:184773-184966
contig_29937	321072	321390	intergenic	.	contig_29937:321072-321390
contig_29946	81149	81460	intergenic	.	contig_29946:81149-81460
contig_29949	146124	146603	intergenic	.	contig_29949:146124-146603
contig_29949	246177	246342	intergenic	.	contig_29949:246177-246342
contig_29949	349522	349950	gene,mRNA		contig_29949:349522-349950
contig_30005	444629	444862	intergenic	.	contig_30005:444629-444862
contig_30005	525206	525464	gene,mRNA		contig_30005:525206-525464
contig_3003	34691	34924	intergenic	.	contig_3003:34691-34924
contig_3003	426800	426997	exon,CDS,stop_codon,gene,mRNA		contig_3003:426800-426997
contig_3003	831762	832079	intergenic	.	contig_3003:831762-832079
contig_3003	1434781	1434946	gene,mRNA		contig_3003:1434781-1434946
contig_3003	1896259	1896467	intergenic	.	contig_3003:1896259-1896467
contig_3003	2371762	2371831	intergenic	.	contig_3003:2371762-2371831
contig_3003	2480777	2481040	intergenic	.	contig_3003:2480777-2481040
contig_3003	2800257	2800539	intergenic	.	contig_3003:2800257-2800539
contig_3003	3406755	3406797	intergenic	.	contig_3003:3406755-3406797
contig_3003	3443538	3443638	intergenic	.	contig_3003:3443538-3443638
contig_3003	3603684	3603893	intergenic	.	contig_3003:3603684-3603893
contig_3003	3951212	3951255	intergenic	.	contig_3003:3951212-3951255
contig_30035	717	779	intergenic	.	contig_30035:717-779
contig_30035	1096	1328	intergenic	.	contig_30035:1096-1328
contig_30035	1457	1546	intergenic	.	contig_30035:1457-1546
contig_30035	139329	139407	intergenic	.	contig_30035:139329-139407
contig_30035	157026	157371	intergenic	.	contig_30035:157026-157371
contig_30035	357457	357786	intergenic	.	contig_30035:357457-357786
contig_30035	366436	366698	intergenic	.	contig_30035:366436-366698
contig_30054	66850	67081	intergenic	.	contig_30054:66850-67081
contig_30068	80509	80608	intergenic	.	contig_30068:80509-80608
contig_30069	48145	48407	intergenic	.	contig_30069:48145-48407
contig_30069	54154	54289	intergenic	.	contig_30069:54154-54289
contig_3007	116878	117054	gene,mRNA		contig_3007:116878-117054
contig_3007	410048	410539	intergenic	.	contig_3007:410048-410539
contig_3007	459008	459337	intergenic	.	contig_3007:459008-459337
contig_3007	486936	487038	intergenic	.	contig_3007:486936-487038
contig_3007	487719	487812	intergenic	.	contig_3007:487719-487812
contig_301	21850	21954	intergenic	.	contig_301:21850-21954
contig_301	187647	187903	gene,polyA_signal_sequence		contig_301:187647-187903
contig_30150	412646	412773	gene,mRNA		contig_30150:412646-412773
contig_30173	74425	74724	intergenic	.	contig_30173:74425-74724
contig_30173	124055	124531	intergenic	.	contig_30173:124055-124531
contig_30173	179130	179291	intergenic	.	contig_30173:179130-179291
contig_30173	246199	246839	intergenic	.	contig_30173:246199-246839
contig_30173	348109	348449	intergenic	.	contig_30173:348109-348449
contig_30173	366599	366873	intergenic	.	contig_30173:366599-366873
contig_30173	395507	395871	intergenic	.	contig_30173:395507-395871
contig_30173	396593	396707	intergenic	.	contig_30173:396593-396707
contig_30173	589480	589706	intergenic	.	contig_30173:589480-589706
contig_30173	624202	624396	intergenic	.	contig_30173:624202-624396
contig_30173	886461	886594	intergenic	.	contig_30173:886461-886594
contig_30173	1145873	1146031	intergenic	.	contig_30173:1145873-1146031
contig_30173	1713273	1713443	intergenic	.	contig_30173:1713273-1713443
contig_30173	1960971	1961103	intergenic	.	contig_30173:1960971-1961103
contig_30173	1961203	1961461	intergenic	.	contig_30173:1961203-1961461
contig_30173	1992392	1992497	intergenic	.	contig_30173:1992392-1992497
contig_30173	1996664	1996902	intergenic	.	contig_30173:1996664-1996902
contig_3018	261558	261662	intergenic	.	contig_3018:261558-261662
contig_30311	6042	6247	intergenic	.	contig_30311:6042-6247
contig_30311	158925	159045	gene,mRNA		contig_30311:158925-159045
contig_30389	43059	43157	intergenic	.	contig_30389:43059-43157
contig_30446	50095	50342	intergenic	.	contig_30446:50095-50342
contig_30446	50500	50689	intergenic	.	contig_30446:50500-50689
contig_3049	468622	468867	intergenic	.	contig_3049:468622-468867
contig_30553	141287	141463	intergenic	.	contig_30553:141287-141463
contig_30553	165490	165625	intergenic	.	contig_30553:165490-165625
contig_30553	276427	276836	intergenic	.	contig_30553:276427-276836
contig_30553	333671	333935	gene,mRNA		contig_30553:333671-333935
contig_30553	462206	462466	intergenic	.	contig_30553:462206-462466
contig_30553	545151	545322	gene,mRNA		contig_30553:545151-545322
contig_30553	607887	608232	intergenic	.	contig_30553:607887-608232
contig_30553	608283	608359	intergenic	.	contig_30553:608283-608359
contig_30560	33802	33914	intergenic	.	contig_30560:33802-33914
contig_30560	33982	34065	intergenic	.	contig_30560:33982-34065
contig_30560	197696	197796	intergenic	.	contig_30560:197696-197796
contig_30560	197860	198330	intergenic	.	contig_30560:197860-198330
contig_3057	29135	29281	intergenic	.	contig_3057:29135-29281
contig_3057	498642	498682	intergenic	.	contig_3057:498642-498682
contig_3057	641890	642083	intergenic	.	contig_3057:641890-642083
contig_30589	12139	12187	gene,mRNA		contig_30589:12139-12187
contig_30620	19493	19580	gene,mRNA		contig_30620:19493-19580
contig_30620	23403	23513	gene,mRNA		contig_30620:23403-23513
contig_30620	58899	59030	intergenic	.	contig_30620:58899-59030
contig_30629	2141	2201	gene,mRNA,exon,CDS		contig_30629:2141-2201
contig_30711	24824	25211	gene,mRNA		contig_30711:24824-25211
contig_30711	118903	119162	gene,mRNA		contig_30711:118903-119162
contig_30711	174633	174896	intergenic	.	contig_30711:174633-174896
contig_30711	247172	247258	gene,mRNA		contig_30711:247172-247258
contig_30836	136050	136259	gene,mRNA		contig_30836:136050-136259
contig_30836	2207039	2207154	intergenic	.	contig_30836:2207039-2207154
contig_30836	2527318	2527381	intergenic	.	contig_30836:2527318-2527381
contig_30915	101303	101507	gene,mRNA		contig_30915:101303-101507
contig_30915	193011	193346	gene,mRNA		contig_30915:193011-193346
contig_30915	406114	406518	intergenic	.	contig_30915:406114-406518
contig_30915	406923	407117	intergenic	.	contig_30915:406923-407117
contig_310	315520	315782	intergenic	.	contig_310:315520-315782
contig_31089	169567	170050	intergenic	.	contig_31089:169567-170050
contig_311	44275	44422	intergenic	.	contig_311:44275-44422
contig_311	424988	425169	intergenic	.	contig_311:424988-425169
contig_31102	82951	83258	intergenic	.	contig_31102:82951-83258
contig_31102	221914	222073	intergenic	.	contig_31102:221914-222073
contig_3116	1395683	1396128	intergenic	.	contig_3116:1395683-1396128
contig_312	618437	618540	intergenic	.	contig_312:618437-618540
contig_312	740077	740143	intergenic	.	contig_312:740077-740143
contig_312	1121458	1121734	intergenic	.	contig_312:1121458-1121734
contig_312	1427764	1428007	gene,mRNA		contig_312:1427764-1428007
contig_312	2359761	2359806	intergenic	.	contig_312:2359761-2359806
contig_312	2681558	2681703	intergenic	.	contig_312:2681558-2681703
contig_312	3024328	3024745	intergenic	.	contig_312:3024328-3024745
contig_312	3337567	3337638	intergenic	.	contig_312:3337567-3337638
contig_31231	34300	34356	intergenic	.	contig_31231:34300-34356
contig_31231	1373773	1374377	intergenic	.	contig_31231:1373773-1374377
contig_31231	1396434	1396861	gene,mRNA,exon,CDS,exon,CDS		contig_31231:1396434-1396861
contig_31231	1404150	1404239	intergenic	.	contig_31231:1404150-1404239
contig_31238	30584	30749	intergenic	.	contig_31238:30584-30749
contig_31245	70640	70698	intergenic	.	contig_31245:70640-70698
contig_31280	16632	16696	intergenic	.	contig_31280:16632-16696
contig_31280	333938	334183	intergenic	.	contig_31280:333938-334183
contig_3139	92864	93079	intergenic	.	contig_3139:92864-93079
contig_31390	20339	20494	intergenic	.	contig_31390:20339-20494
contig_31390	49794	50014	intergenic	.	contig_31390:49794-50014
contig_31390	184789	184872	intergenic	.	contig_31390:184789-184872
contig_31424	11390	11769	intergenic	.	contig_31424:11390-11769
contig_31424	13597	13800	intergenic	.	contig_31424:13597-13800
contig_31424	63705	64109	start_codon,exon,CDS,gene,mRNA		contig_31424:63705-64109
contig_31424	64285	64426	gene,mRNA		contig_31424:64285-64426
contig_31424	166748	167048	gene,mRNA		contig_31424:166748-167048
contig_31427	295699	295785	intergenic	.	contig_31427:295699-295785
contig_31427	296354	296482	intergenic	.	contig_31427:296354-296482
contig_31463	247248	247713	intergenic	.	contig_31463:247248-247713
contig_31463	272967	273176	intergenic	.	contig_31463:272967-273176
contig_31463	520915	521247	intergenic	.	contig_31463:520915-521247
contig_31662	62685	62786	intergenic	.	contig_31662:62685-62786
contig_31662	62928	63215	intergenic	.	contig_31662:62928-63215
contig_317	261509	261598	intergenic	.	contig_317:261509-261598
contig_317	279614	279671	intergenic	.	contig_317:279614-279671
contig_317	329412	329677	gene,mRNA		contig_317:329412-329677
contig_317	709731	709906	intergenic	.	contig_317:709731-709906
contig_317	714747	714872	intergenic	.	contig_317:714747-714872
contig_317	1115795	1116062	intergenic	.	contig_317:1115795-1116062
contig_31807	63983	64501	intergenic	.	contig_31807:63983-64501
contig_31807	267916	267989	intergenic	.	contig_31807:267916-267989
contig_31816	83690	84160	gene,mRNA		contig_31816:83690-84160
contig_31816	194817	195008	intergenic	.	contig_31816:194817-195008
contig_31816	289328	289741	gene,mRNA		contig_31816:289328-289741
contig_31816	395689	395801	intergenic	.	contig_31816:395689-395801
contig_31816	626927	627069	gene,mRNA		contig_31816:626927-627069
contig_31816	692905	693030	intergenic	.	contig_31816:692905-693030
contig_31816	994774	995017	gene,mRNA		contig_31816:994774-995017
contig_31816	1083736	1083819	intergenic	.	contig_31816:1083736-1083819
contig_31816	1209989	1210076	intergenic	.	contig_31816:1209989-1210076
contig_31816	1210470	1210523	intergenic	.	contig_31816:1210470-1210523
contig_31816	1211566	1211768	intergenic	.	contig_31816:1211566-1211768
contig_31855	103581	103767	intergenic	.	contig_31855:103581-103767
contig_31862	86462	86960	gene,mRNA		contig_31862:86462-86960
contig_31862	87011	87140	gene,mRNA		contig_31862:87011-87140
contig_31872	91312	91342	intergenic	.	contig_31872:91312-91342
contig_31888	30275	30318	intergenic	.	contig_31888:30275-30318
contig_31917	385359	385407	intergenic	.	contig_31917:385359-385407
contig_31917	429484	429616	intergenic	.	contig_31917:429484-429616
contig_31917	511349	511427	intergenic	.	contig_31917:511349-511427
contig_31917	511845	511893	intergenic	.	contig_31917:511845-511893
contig_31917	511955	512054	intergenic	.	contig_31917:511955-512054
contig_32006	139398	139484	intergenic	.	contig_32006:139398-139484
contig_32012	279147	279219	intergenic	.	contig_32012:279147-279219
contig_32037	461619	461873	intergenic	.	contig_32037:461619-461873
contig_32037	504827	504947	intergenic	.	contig_32037:504827-504947
contig_32039	97698	97828	intergenic	.	contig_32039:97698-97828
contig_32044	41016	41106	intergenic	.	contig_32044:41016-41106
contig_32044	98557	98624	intergenic	.	contig_32044:98557-98624
contig_32044	98761	98791	intergenic	.	contig_32044:98761-98791
contig_32050	3825	3878	intergenic	.	contig_32050:3825-3878
contig_32050	7242	7747	intergenic	.	contig_32050:7242-7747
contig_32079	990206	990382	intergenic	.	contig_32079:990206-990382
contig_32079	1895160	1895431	gene,mRNA		contig_32079:1895160-1895431
contig_3212	93109	93368	intergenic	.	contig_3212:93109-93368
contig_3212	242602	243305	intergenic	.	contig_3212:242602-243305
contig_3212	269381	269601	intergenic	.	contig_3212:269381-269601
contig_3212	278449	278687	intergenic	.	contig_3212:278449-278687
contig_32120	278661	279093	exon,CDS,gene,mRNA		contig_32120:278661-279093
contig_32131	473117	473308	intergenic	.	contig_32131:473117-473308
contig_32131	619274	619370	gene,mRNA		contig_32131:619274-619370
contig_32131	1049120	1049401	intergenic	.	contig_32131:1049120-1049401
contig_3229	21107	21345	intergenic	.	contig_3229:21107-21345
contig_3229	619512	619723	intergenic	.	contig_3229:619512-619723
contig_3238	1207088	1207252	intergenic	.	contig_3238:1207088-1207252
contig_3247	1112283	1112385	gene,mRNA		contig_3247:1112283-1112385
contig_3247	1561259	1561745	intergenic	.	contig_3247:1561259-1561745
contig_32476	70260	70318	intergenic	.	contig_32476:70260-70318
contig_32476	399803	400072	intergenic	.	contig_32476:399803-400072
contig_32476	458922	459186	intergenic	.	contig_32476:458922-459186
contig_32476	459452	459614	intergenic	.	contig_32476:459452-459614
contig_32476	574604	574962	intergenic	.	contig_32476:574604-574962
contig_32476	628292	628515	intergenic	.	contig_32476:628292-628515
contig_32476	1017963	1018022	intergenic	.	contig_32476:1017963-1018022
contig_32476	1471345	1471673	intergenic	.	contig_32476:1471345-1471673
contig_3248	958103	958289	intergenic	.	contig_3248:958103-958289
contig_3248	959073	959136	intergenic	.	contig_3248:959073-959136
contig_3256	25752	25803	intergenic	.	contig_3256:25752-25803
contig_32566	371277	371420	intergenic	.	contig_32566:371277-371420
contig_32566	536068	536288	intergenic	.	contig_32566:536068-536288
contig_32579	66846	67099	intergenic	.	contig_32579:66846-67099
contig_32579	104615	104651	intergenic	.	contig_32579:104615-104651
contig_32579	162342	162474	intergenic	.	contig_32579:162342-162474
contig_32579	217984	218296	intergenic	.	contig_32579:217984-218296
contig_32579	242478	242995	gene,mRNA		contig_32579:242478-242995
contig_326	21737	21801	gene,mRNA		contig_326:21737-21801
contig_326	206165	206230	gene,mRNA		contig_326:206165-206230
contig_32614	13301	13464	gene,mRNA		contig_32614:13301-13464
contig_32616	34089	34222	intergenic	.	contig_32616:34089-34222
contig_32633	56222	56260	intergenic	.	contig_32633:56222-56260
contig_32642	85746	85993	intergenic	.	contig_32642:85746-85993
contig_32642	141387	141718	intergenic	.	contig_32642:141387-141718
contig_32677	1265568	1265701	intergenic	.	contig_32677:1265568-1265701
contig_32677	1331234	1331367	gene		contig_32677:1331234-1331367
contig_3269	453492	453855	gene,mRNA		contig_3269:453492-453855
contig_3269	541507	541600	gene,mRNA		contig_3269:541507-541600
contig_3269	1131823	1131921	intergenic	.	contig_3269:1131823-1131921
contig_328	696200	696443	intergenic	.	contig_328:696200-696443
contig_328	730142	730257	intergenic	.	contig_328:730142-730257
contig_328	847733	847849	intergenic	.	contig_328:847733-847849
contig_328	1155545	1155608	intergenic	.	contig_328:1155545-1155608
contig_328	1218815	1218953	intergenic	.	contig_328:1218815-1218953
contig_32811	72249	72538	intergenic	.	contig_32811:72249-72538
contig_32919	42405	42635	intergenic	.	contig_32919:42405-42635
contig_32919	42938	43054	intergenic	.	contig_32919:42938-43054
contig_3292	515544	515575	intergenic	.	contig_3292:515544-515575
contig_3292	518665	518812	intergenic	.	contig_3292:518665-518812
contig_3300	219533	219835	intergenic	.	contig_3300:219533-219835
contig_3300	506343	506498	gene,mRNA		contig_3300:506343-506498
contig_33022	47897	48001	gene,mRNA		contig_33022:47897-48001
contig_33110	316148	316368	gene,polyA_signal_sequence,mRNA,stop_codon,exon,CDS		contig_33110:316148-316368
contig_33110	363378	363726	intergenic	.	contig_33110:363378-363726
contig_33110	371104	371328	intergenic	.	contig_33110:371104-371328
contig_33110	813960	814164	intergenic	.	contig_33110:813960-814164
contig_33142	521824	521889	intergenic	.	contig_33142:521824-521889
contig_33179	165263	165304	intergenic	.	contig_33179:165263-165304
contig_33179	183668	183955	intergenic	.	contig_33179:183668-183955
contig_33211	30881	31062	intergenic	.	contig_33211:30881-31062
contig_33230	330748	330843	intergenic	.	contig_33230:330748-330843
contig_33230	331080	331189	intergenic	.	contig_33230:331080-331189
contig_333	559217	559264	intergenic	.	contig_333:559217-559264
contig_334	33593	33659	intergenic	.	contig_334:33593-33659
contig_334	48172	48382	gene,mRNA		contig_334:48172-48382
contig_3342	815707	815882	intergenic	.	contig_3342:815707-815882
contig_33438	142112	142296	gene,mRNA		contig_33438:142112-142296
contig_33475	239261	239410	intergenic	.	contig_33475:239261-239410
contig_33478	45767	45952	intergenic	.	contig_33478:45767-45952
contig_33488	80798	81123	intergenic	.	contig_33488:80798-81123
contig_33488	96088	96155	intergenic	.	contig_33488:96088-96155
contig_33488	232871	233027	intergenic	.	contig_33488:232871-233027
contig_33488	233081	233219	intergenic	.	contig_33488:233081-233219
contig_33528	231543	231641	intergenic	.	contig_33528:231543-231641
contig_33539	72164	72388	intergenic	.	contig_33539:72164-72388
contig_33539	90566	91931	start_codon,exon,CDS,exon,CDS,gene,mRNA		contig_33539:90566-91931
contig_33539	92050	92253	gene,mRNA		contig_33539:92050-92253
contig_33539	343683	343793	intergenic	.	contig_33539:343683-343793
contig_33539	351811	352050	intergenic	.	contig_33539:351811-352050
contig_33539	785085	785238	intergenic	.	contig_33539:785085-785238
contig_33539	1275102	1275190	intergenic	.	contig_33539:1275102-1275190
contig_33539	1275295	1275453	intergenic	.	contig_33539:1275295-1275453
contig_33554	114225	114646	gene,mRNA		contig_33554:114225-114646
contig_33582	115901	116045	intergenic	.	contig_33582:115901-116045
contig_33582	116324	116430	intergenic	.	contig_33582:116324-116430
contig_33593	151879	152195	intergenic	.	contig_33593:151879-152195
contig_33611	49638	50041	intergenic	.	contig_33611:49638-50041
contig_3365	32967	33040	gene,mRNA		contig_3365:32967-33040
contig_3365	84629	84833	intergenic	.	contig_3365:84629-84833
contig_3365	290528	290675	gene,mRNA		contig_3365:290528-290675
contig_3365	2335584	2335699	intergenic	.	contig_3365:2335584-2335699
contig_3365	2917978	2918046	intergenic	.	contig_3365:2917978-2918046
contig_33685	286594	286962	intergenic	.	contig_33685:286594-286962
contig_33685	287054	287163	intergenic	.	contig_33685:287054-287163
contig_33685	319375	319544	intergenic	.	contig_33685:319375-319544
contig_3375	514879	515149	gene,mRNA		contig_3375:514879-515149
contig_3375	818256	818411	intergenic	.	contig_3375:818256-818411
contig_3375	1321245	1321294	intergenic	.	contig_3375:1321245-1321294
contig_3378	70890	71065	intergenic	.	contig_3378:70890-71065
contig_3378	110826	110882	gene,mRNA		contig_3378:110826-110882
contig_3378	161779	161838	intergenic	.	contig_3378:161779-161838
contig_33869	252769	252963	intergenic	.	contig_33869:252769-252963
contig_33869	396837	396953	gene,mRNA		contig_33869:396837-396953
contig_33869	542193	542379	gene,mRNA		contig_33869:542193-542379
contig_33914	65553	65684	gene,mRNA		contig_33914:65553-65684
contig_33914	580623	580671	intergenic	.	contig_33914:580623-580671
contig_33914	1021768	1022007	intergenic	.	contig_33914:1021768-1022007
contig_33943	536394	536808	intergenic	.	contig_33943:536394-536808
contig_33967	330436	330534	intergenic	.	contig_33967:330436-330534
contig_34	327735	328018	gene,mRNA		contig_34:327735-328018
contig_34	581517	581660	intergenic	.	contig_34:581517-581660
contig_34	2270557	2270587	intergenic	.	contig_34:2270557-2270587
contig_34	2350769	2350835	intergenic	.	contig_34:2350769-2350835
contig_34097	123231	123349	intergenic	.	contig_34097:123231-123349
contig_34129	59810	60041	exon,CDS,gene,mRNA		contig_34129:59810-60041
contig_34147	25341	25604	intergenic	.	contig_34147:25341-25604
contig_34147	31041	31129	intergenic	.	contig_34147:31041-31129
contig_34147	31211	31260	intergenic	.	contig_34147:31211-31260
contig_34147	209459	209583	intergenic	.	contig_34147:209459-209583
contig_34212	28639	28768	intergenic	.	contig_34212:28639-28768
contig_34212	151426	151633	gene,mRNA		contig_34212:151426-151633
contig_34220	30795	30888	gene,mRNA		contig_34220:30795-30888
contig_34239	328168	328407	intergenic	.	contig_34239:328168-328407
contig_34239	420435	420593	intergenic	.	contig_34239:420435-420593
contig_34278	327085	327181	intergenic	.	contig_34278:327085-327181
contig_34294	10132	10182	intergenic	.	contig_34294:10132-10182
contig_34294	236869	237180	intergenic	.	contig_34294:236869-237180
contig_3437	746523	746606	intergenic	.	contig_3437:746523-746606
contig_3437	1592402	1592513	intergenic	.	contig_3437:1592402-1592513
contig_3437	2014013	2014245	gene,mRNA		contig_3437:2014013-2014245
contig_3437	3039348	3039399	intergenic	.	contig_3437:3039348-3039399
contig_3437	3496484	3496522	gene,mRNA		contig_3437:3496484-3496522
contig_3437	3496675	3496772	gene,mRNA		contig_3437:3496675-3496772
contig_3437	3862127	3862357	polyA_signal_sequence,gene		contig_3437:3862127-3862357
contig_3437	4254072	4254284	intergenic	.	contig_3437:4254072-4254284
contig_34387	13493	13633	intergenic	.	contig_34387:13493-13633
contig_34387	159500	159771	gene,mRNA		contig_34387:159500-159771
contig_34387	200782	200916	intergenic	.	contig_34387:200782-200916
contig_34387	340182	340483	intergenic	.	contig_34387:340182-340483
contig_34401	269267	269326	intergenic	.	contig_34401:269267-269326
contig_34560	33057	33322	intergenic	.	contig_34560:33057-33322
contig_34613	51760	51875	gene,mRNA		contig_34613:51760-51875
contig_34617	140771	141385	intergenic	.	contig_34617:140771-141385
contig_34638	203	303	gene,polyA_signal_sequence		contig_34638:203-303
contig_34638	1851	1951	gene,mRNA,exon,CDS		contig_34638:1851-1951
contig_3465	228124	228414	intergenic	.	contig_3465:228124-228414
contig_3465	653876	654084	intergenic	.	contig_3465:653876-654084
contig_3465	669488	669560	intergenic	.	contig_3465:669488-669560
contig_3465	669680	669829	intergenic	.	contig_3465:669680-669829
contig_3465	1121624	1121788	intergenic	.	contig_3465:1121624-1121788
contig_3465	1212328	1212452	intergenic	.	contig_3465:1212328-1212452
contig_3465	1785097	1785543	intergenic	.	contig_3465:1785097-1785543
contig_3465	1857393	1857634	intergenic	.	contig_3465:1857393-1857634
contig_3465	1963189	1963378	gene,mRNA		contig_3465:1963189-1963378
contig_3465	2187822	2188185	intergenic	.	contig_3465:2187822-2188185
contig_3465	2350048	2350203	intergenic	.	contig_3465:2350048-2350203
contig_34730	726079	726370	gene,polyA_signal_sequence		contig_34730:726079-726370
contig_34743	281839	282281	intergenic	.	contig_34743:281839-282281
contig_34750	76910	77129	intergenic	.	contig_34750:76910-77129
contig_34750	145082	145235	intergenic	.	contig_34750:145082-145235
contig_34750	187866	188053	intergenic	.	contig_34750:187866-188053
contig_34754	10548	10746	intergenic	.	contig_34754:10548-10746
contig_34754	103859	104037	intergenic	.	contig_34754:103859-104037
contig_3476	21528	21621	gene,mRNA		contig_3476:21528-21621
contig_3476	162088	162327	intergenic	.	contig_3476:162088-162327
contig_3476	298696	298847	intergenic	.	contig_3476:298696-298847
contig_34852	24051	24156	intergenic	.	contig_34852:24051-24156
contig_3488	124852	124930	gene,mRNA		contig_3488:124852-124930
contig_34925	883040	883195	intergenic	.	contig_34925:883040-883195
contig_34925	929459	929606	intergenic	.	contig_34925:929459-929606
contig_34925	1019596	1019788	gene,mRNA		contig_34925:1019596-1019788
contig_34966	206956	207136	intergenic	.	contig_34966:206956-207136
contig_35	236296	236797	intergenic	.	contig_35:236296-236797
contig_35	610149	610283	intergenic	.	contig_35:610149-610283
contig_35	731231	731363	gene,mRNA		contig_35:731231-731363
contig_35	764068	764522	gene,mRNA		contig_35:764068-764522
contig_3503	65661	65740	intergenic	.	contig_3503:65661-65740
contig_3505	7469	7632	intergenic	.	contig_3505:7469-7632
contig_3505	38751	39124	mRNA,gene		contig_3505:38751-39124
contig_35069	208447	208560	intergenic	.	contig_35069:208447-208560
contig_35069	211013	211245	intergenic	.	contig_35069:211013-211245
contig_3509	19159	19283	intergenic	.	contig_3509:19159-19283
contig_3509	19354	19437	intergenic	.	contig_3509:19354-19437
contig_3509	312028	312193	gene,mRNA		contig_3509:312028-312193
contig_35097	607012	607181	intergenic	.	contig_35097:607012-607181
contig_35097	607251	607325	intergenic	.	contig_35097:607251-607325
contig_35097	821226	821339	intergenic	.	contig_35097:821226-821339
contig_35102	43730	44019	intergenic	.	contig_35102:43730-44019
contig_35139	143313	143790	start_codon,exon,CDS,gene,mRNA		contig_35139:143313-143790
contig_35166	66244	66411	intergenic	.	contig_35166:66244-66411
contig_35166	66541	66746	intergenic	.	contig_35166:66541-66746
contig_35168	48570	48676	intergenic	.	contig_35168:48570-48676
contig_35168	73626	74031	intergenic	.	contig_35168:73626-74031
contig_35168	195420	196178	intergenic	.	contig_35168:195420-196178
contig_35168	408114	408496	intergenic	.	contig_35168:408114-408496
contig_35177	62292	62339	intergenic	.	contig_35177:62292-62339
contig_35177	62528	62585	intergenic	.	contig_35177:62528-62585
contig_35177	62676	62853	intergenic	.	contig_35177:62676-62853
contig_35177	88040	88290	intergenic	.	contig_35177:88040-88290
contig_3524	94306	94356	intergenic	.	contig_3524:94306-94356
contig_35329	345791	345843	intergenic	.	contig_35329:345791-345843
contig_35329	402867	402916	gene,mRNA		contig_35329:402867-402916
contig_35455	177518	177646	intergenic	.	contig_35455:177518-177646
contig_35455	190804	191013	intergenic	.	contig_35455:190804-191013
contig_35479	21255	21427	intergenic	.	contig_35479:21255-21427
contig_35479	22324	22504	intergenic	.	contig_35479:22324-22504
contig_35479	24478	24520	intergenic	.	contig_35479:24478-24520
contig_35479	49024	49091	intergenic	.	contig_35479:49024-49091
contig_3548	163843	164034	intergenic	.	contig_3548:163843-164034
contig_3548	355564	355850	intergenic	.	contig_3548:355564-355850
contig_3556	245886	246111	gene,mRNA		contig_3556:245886-246111
contig_3556	963999	964539	intergenic	.	contig_3556:963999-964539
contig_3556	1286629	1286765	intergenic	.	contig_3556:1286629-1286765
contig_3556	1286902	1287136	intergenic	.	contig_3556:1286902-1287136
contig_35628	70162	70257	intergenic	.	contig_35628:70162-70257
contig_3565	143752	143991	intergenic	.	contig_3565:143752-143991
contig_3565	161839	162015	intergenic	.	contig_3565:161839-162015
contig_3565	388596	388740	intergenic	.	contig_3565:388596-388740
contig_3565	389184	389383	intergenic	.	contig_3565:389184-389383
contig_35650	38157	39356	gene,polyA_signal_sequence,mRNA,stop_codon,exon,CDS,start_codon,gene,polyA_signal_sequence,mRNA,stop_codon,exon,CDS,start_codon		contig_35650:38157-39356
contig_3568	702737	702801	intergenic	.	contig_3568:702737-702801
contig_3568	917688	917738	intergenic	.	contig_3568:917688-917738
contig_35713	16206	16487	intergenic	.	contig_35713:16206-16487
contig_3572	24390	24678	intergenic	.	contig_3572:24390-24678
contig_3572	1335424	1335494	intergenic	.	contig_3572:1335424-1335494
contig_3572	1335602	1335788	intergenic	.	contig_3572:1335602-1335788
contig_3572	1502352	1502545	intergenic	.	contig_3572:1502352-1502545
contig_3572	2128999	2129247	intergenic	.	contig_3572:2128999-2129247
contig_35793	10155	10225	intergenic	.	contig_35793:10155-10225
contig_358	29502	29575	intergenic	.	contig_358:29502-29575
contig_358	374914	375056	gene,mRNA		contig_358:374914-375056
contig_358	405927	406210	intergenic	.	contig_358:405927-406210
contig_358	589188	589489	intergenic	.	contig_358:589188-589489
contig_358	1254982	1255085	intergenic	.	contig_358:1254982-1255085
contig_358	1505199	1505642	intergenic	.	contig_358:1505199-1505642
contig_358	1591065	1591423	intergenic	.	contig_358:1591065-1591423
contig_358	1875309	1875697	intergenic	.	contig_358:1875309-1875697
contig_3587	76324	76503	intergenic	.	contig_3587:76324-76503
contig_3587	873665	873742	intergenic	.	contig_3587:873665-873742
contig_3587	2289802	2289980	intergenic	.	contig_3587:2289802-2289980
contig_3587	2334418	2334553	intergenic	.	contig_3587:2334418-2334553
contig_3587	3766580	3766859	intergenic	.	contig_3587:3766580-3766859
contig_3587	4088851	4088896	intergenic	.	contig_3587:4088851-4088896
contig_3587	4089212	4089269	intergenic	.	contig_3587:4089212-4089269
contig_3587	4143337	4143433	intergenic	.	contig_3587:4143337-4143433
contig_3587	4143493	4143798	intergenic	.	contig_3587:4143493-4143798
contig_3587	4259384	4259544	intergenic	.	contig_3587:4259384-4259544
contig_3587	4316137	4316247	gene,mRNA		contig_3587:4316137-4316247
contig_3587	4641100	4641195	gene,mRNA		contig_3587:4641100-4641195
contig_36032	130145	130219	intergenic	.	contig_36032:130145-130219
contig_3612	319512	319666	intergenic	.	contig_3612:319512-319666
contig_36133	25732	25818	intergenic	.	contig_36133:25732-25818
contig_36133	26115	26221	intergenic	.	contig_36133:26115-26221
contig_36133	34040	34193	intergenic	.	contig_36133:34040-34193
contig_3617	382093	382130	intergenic	.	contig_3617:382093-382130
contig_36175	295842	296112	intergenic	.	contig_36175:295842-296112
contig_36175	461975	462252	intergenic	.	contig_36175:461975-462252
contig_36175	643929	644230	intergenic	.	contig_36175:643929-644230
contig_36175	659703	659791	intergenic	.	contig_36175:659703-659791
contig_36175	706776	706909	gene,mRNA		contig_36175:706776-706909
contig_36260	275971	276037	intergenic	.	contig_36260:275971-276037
contig_36276	69613	69935	intergenic	.	contig_36276:69613-69935
contig_36276	195086	195179	intergenic	.	contig_36276:195086-195179
contig_3630	193181	193495	intergenic	.	contig_3630:193181-193495
contig_36427	212769	213253	intergenic	.	contig_36427:212769-213253
contig_3650	131583	131818	intergenic	.	contig_3650:131583-131818
contig_3650	210306	210594	intergenic	.	contig_3650:210306-210594
contig_3650	225192	225481	intergenic	.	contig_3650:225192-225481
contig_3650	242531	242919	intergenic	.	contig_3650:242531-242919
contig_3650	278747	278835	intergenic	.	contig_3650:278747-278835
contig_3650	331521	331747	intergenic	.	contig_3650:331521-331747
contig_3650	584746	584842	intergenic	.	contig_3650:584746-584842
contig_3650	615176	615356	intergenic	.	contig_3650:615176-615356
contig_3650	903043	903200	intergenic	.	contig_3650:903043-903200
contig_3650	1212549	1212712	intergenic	.	contig_3650:1212549-1212712
contig_36655	126321	126444	intergenic	.	contig_36655:126321-126444
contig_36655	137070	137164	intergenic	.	contig_36655:137070-137164
contig_36655	139661	140075	intergenic	.	contig_36655:139661-140075
contig_36655	686113	686242	gene,mRNA		contig_36655:686113-686242
contig_36655	806295	806525	intergenic	.	contig_36655:806295-806525
contig_36655	806805	806888	intergenic	.	contig_36655:806805-806888
contig_36721	170631	170711	intergenic	.	contig_36721:170631-170711
contig_3675	23349	23772	intergenic	.	contig_3675:23349-23772
contig_3675	73659	73834	intergenic	.	contig_3675:73659-73834
contig_3675	119445	119533	intergenic	.	contig_3675:119445-119533
contig_3675	176598	176864	intergenic	.	contig_3675:176598-176864
contig_3675	362254	362351	intergenic	.	contig_3675:362254-362351
contig_36758	17311	17445	intergenic	.	contig_36758:17311-17445
contig_3678	900358	900511	intergenic	.	contig_3678:900358-900511
contig_3678	900570	900650	intergenic	.	contig_3678:900570-900650
contig_3678	3619053	3619287	intergenic	.	contig_3678:3619053-3619287
contig_3678	4599054	4599342	intergenic	.	contig_3678:4599054-4599342
contig_3678	5090622	5090700	intergenic	.	contig_3678:5090622-5090700
contig_36790	393382	393533	intergenic	.	contig_36790:393382-393533
contig_36799	3634	3714	intergenic	.	contig_36799:3634-3714
contig_36799	3824	3955	intergenic	.	contig_36799:3824-3955
contig_36900	32306	32388	intergenic	.	contig_36900:32306-32388
contig_3691	31237	31567	intergenic	.	contig_3691:31237-31567
contig_3691	323582	324093	intergenic	.	contig_3691:323582-324093
contig_3691	1460624	1460804	intergenic	.	contig_3691:1460624-1460804
contig_3691	1959935	1960413	polyA_signal_sequence,stop_codon,exon,CDS,gene,mRNA		contig_3691:1959935-1960413
contig_36982	92739	92888	intergenic	.	contig_36982:92739-92888
contig_36982	353006	353065	intergenic	.	contig_36982:353006-353065
contig_36982	457613	457790	gene,mRNA		contig_36982:457613-457790
contig_37025	11395	11478	intergenic	.	contig_37025:11395-11478
contig_37025	156481	156972	intergenic	.	contig_37025:156481-156972
contig_37030	446051	446250	intergenic	.	contig_37030:446051-446250
contig_37030	555808	555965	intergenic	.	contig_37030:555808-555965
contig_37030	556220	556285	intergenic	.	contig_37030:556220-556285
contig_37030	620132	620367	intergenic	.	contig_37030:620132-620367
contig_37061	138875	139012	intergenic	.	contig_37061:138875-139012
contig_37112	832473	832595	intergenic	.	contig_37112:832473-832595
contig_37113	52751	52913	gene,mRNA		contig_37113:52751-52913
contig_37113	52973	53126	gene,mRNA		contig_37113:52973-53126
contig_37130	53811	54045	intergenic	.	contig_37130:53811-54045
contig_37130	92621	92802	intergenic	.	contig_37130:92621-92802
contig_37138	42444	42596	intergenic	.	contig_37138:42444-42596
contig_37147	2114	2188	intergenic	.	contig_37147:2114-2188
contig_37224	169088	169287	intergenic	.	contig_37224:169088-169287
contig_37224	200989	201245	gene,mRNA		contig_37224:200989-201245
contig_37224	304271	304398	gene,mRNA		contig_37224:304271-304398
contig_37229	35002	35259	gene,mRNA,stop_codon,exon,CDS		contig_37229:35002-35259
contig_37240	575767	575835	intergenic	.	contig_37240:575767-575835
contig_37272	4994	5283	intergenic	.	contig_37272:4994-5283
contig_37305	71196	71245	intergenic	.	contig_37305:71196-71245
contig_37305	141261	141335	intergenic	.	contig_37305:141261-141335
contig_3731	180836	181478	intergenic	.	contig_3731:180836-181478
contig_3731	302828	303046	intergenic	.	contig_3731:302828-303046
contig_3731	331149	331363	gene,mRNA		contig_3731:331149-331363
contig_3731	543623	543703	gene,mRNA		contig_3731:543623-543703
contig_37349	82644	82841	intergenic	.	contig_37349:82644-82841
contig_374	90500	90570	gene,mRNA		contig_374:90500-90570
contig_374	90689	91100	gene,mRNA		contig_374:90689-91100
contig_374	456442	456892	gene,mRNA		contig_374:456442-456892
contig_3754	107613	107918	intergenic	.	contig_3754:107613-107918
contig_3754	154118	154347	intergenic	.	contig_3754:154118-154347
contig_37587	5701	5908	intergenic	.	contig_37587:5701-5908
contig_37587	6208	6329	intergenic	.	contig_37587:6208-6329
contig_37587	50182	50216	gene,mRNA		contig_37587:50182-50216
contig_37587	51405	51455	gene,mRNA		contig_37587:51405-51455
contig_37587	293890	294092	intergenic	.	contig_37587:293890-294092
contig_37599	153058	153109	intergenic	.	contig_37599:153058-153109
contig_37599	153206	153634	intergenic	.	contig_37599:153206-153634
contig_3766	38213	38374	intergenic	.	contig_3766:38213-38374
contig_3766	289251	289576	intergenic	.	contig_3766:289251-289576
contig_3766	464732	465010	intergenic	.	contig_3766:464732-465010
contig_3766	541876	541978	intergenic	.	contig_3766:541876-541978
contig_3766	680592	680754	intergenic	.	contig_3766:680592-680754
contig_3766	725626	725821	intergenic	.	contig_3766:725626-725821
contig_37688	36461	36627	intergenic	.	contig_37688:36461-36627
contig_37781	47049	47203	intergenic	.	contig_37781:47049-47203
contig_37781	47796	47967	intergenic	.	contig_37781:47796-47967
contig_37783	22966	23026	intergenic	.	contig_37783:22966-23026
contig_37786	164730	165091	intergenic	.	contig_37786:164730-165091
contig_37786	301031	301136	intergenic	.	contig_37786:301031-301136
contig_37892	367168	367365	intergenic	.	contig_37892:367168-367365
contig_37936	47975	48035	intergenic	.	contig_37936:47975-48035
contig_37936	48138	48341	intergenic	.	contig_37936:48138-48341
contig_37940	58603	58636	gene,mRNA		contig_37940:58603-58636
contig_37940	58692	58848	gene,mRNA		contig_37940:58692-58848
contig_37940	100956	101048	intergenic	.	contig_37940:100956-101048
contig_37984	160979	161104	gene,mRNA		contig_37984:160979-161104
contig_3799	258506	258655	intergenic	.	contig_3799:258506-258655
contig_3799	433910	434034	gene,mRNA		contig_3799:433910-434034
contig_38045	256598	257036	gene,mRNA		contig_38045:256598-257036
contig_38045	330916	331101	intergenic	.	contig_38045:330916-331101
contig_38045	331515	331584	intergenic	.	contig_38045:331515-331584
contig_38045	495328	495672	intergenic	.	contig_38045:495328-495672
contig_38090	11316	11645	intergenic	.	contig_38090:11316-11645
contig_38095	343768	344074	intergenic	.	contig_38095:343768-344074
contig_38095	344141	344308	intergenic	.	contig_38095:344141-344308
contig_3811	269301	269395	intergenic	.	contig_3811:269301-269395
contig_3811	461448	461638	intergenic	.	contig_3811:461448-461638
contig_3811	1462480	1462596	intergenic	.	contig_3811:1462480-1462596
contig_3811	1764689	1764764	intergenic	.	contig_3811:1764689-1764764
contig_3811	2722027	2722081	gene,mRNA		contig_3811:2722027-2722081
contig_3811	2792461	2792660	intergenic	.	contig_3811:2792461-2792660
contig_3811	2819501	2819694	intergenic	.	contig_3811:2819501-2819694
contig_3811	2955916	2956150	intergenic	.	contig_3811:2955916-2956150
contig_3811	3016732	3016807	intergenic	.	contig_3811:3016732-3016807
contig_3811	3725979	3727038	gene,mRNA,start_codon,exon,CDS,stop_codon,polyA_signal_sequence		contig_3811:3725979-3727038
contig_3811	3854178	3854428	intergenic	.	contig_3811:3854178-3854428
contig_3811	3896569	3896601	intergenic	.	contig_3811:3896569-3896601
contig_3811	3912464	3912893	intergenic	.	contig_3811:3912464-3912893
contig_3811	4081477	4081581	intergenic	.	contig_3811:4081477-4081581
contig_3811	4313903	4313986	intergenic	.	contig_3811:4313903-4313986
contig_3811	4380641	4380718	intergenic	.	contig_3811:4380641-4380718
contig_3811	4381020	4381201	intergenic	.	contig_3811:4381020-4381201
contig_3811	4545222	4545475	gene,mRNA		contig_3811:4545222-4545475
contig_3811	4900072	4900145	intergenic	.	contig_3811:4900072-4900145
contig_3811	5541227	5541517	intergenic	.	contig_3811:5541227-5541517
contig_3811	5638719	5638876	intergenic	.	contig_3811:5638719-5638876
contig_3811	5638936	5639056	intergenic	.	contig_3811:5638936-5639056
contig_38153	126133	126384	intergenic	.	contig_38153:126133-126384
contig_38153	318080	318335	gene,mRNA		contig_38153:318080-318335
contig_38235	157664	158030	gene,mRNA		contig_38235:157664-158030
contig_38239	8751	9163	intergenic	.	contig_38239:8751-9163
contig_38239	146329	146516	intergenic	.	contig_38239:146329-146516
contig_38239	146569	146716	intergenic	.	contig_38239:146569-146716
contig_38248	6272	6519	gene,polyA_signal_sequence		contig_38248:6272-6519
contig_3826	100377	100618	intergenic	.	contig_3826:100377-100618
contig_38356	158483	158584	intergenic	.	contig_38356:158483-158584
contig_38368	109741	109825	intergenic	.	contig_38368:109741-109825
contig_38368	109885	110226	intergenic	.	contig_38368:109885-110226
contig_384	1063910	1064223	intergenic	.	contig_384:1063910-1064223
contig_384	1221121	1221295	intergenic	.	contig_384:1221121-1221295
contig_384	1267326	1267566	intergenic	.	contig_384:1267326-1267566
contig_384	1832071	1832171	gene,mRNA,exon,CDS		contig_384:1832071-1832171
contig_384	1833377	1833477	gene,mRNA,exon,CDS		contig_384:1833377-1833477
contig_3840	83978	84074	gene,mRNA		contig_3840:83978-84074
contig_3840	218258	218358	intergenic	.	contig_3840:218258-218358
contig_3840	276821	276991	intergenic	.	contig_3840:276821-276991
contig_3840	277106	277278	intergenic	.	contig_3840:277106-277278
contig_3840	500461	500571	intergenic	.	contig_3840:500461-500571
contig_3840	593432	593580	intergenic	.	contig_3840:593432-593580
contig_3845	157399	157714	exon,CDS,gene,mRNA		contig_3845:157399-157714
contig_3845	1027476	1027615	intergenic	.	contig_3845:1027476-1027615
contig_3845	1027701	1027930	intergenic	.	contig_3845:1027701-1027930
contig_3845	1028198	1028233	intergenic	.	contig_3845:1028198-1028233
contig_3845	1147633	1147901	intergenic	.	contig_3845:1147633-1147901
contig_38454	431901	432066	intergenic	.	contig_38454:431901-432066
contig_3861	882284	882392	intergenic	.	contig_3861:882284-882392
contig_3861	1069987	1070095	intergenic	.	contig_3861:1069987-1070095
contig_3861	1153797	1153939	intergenic	.	contig_3861:1153797-1153939
contig_3861	1214197	1214275	intergenic	.	contig_3861:1214197-1214275
contig_3861	1214584	1214629	intergenic	.	contig_3861:1214584-1214629
contig_3861	1248169	1248209	intergenic	.	contig_3861:1248169-1248209
contig_3861	1747404	1747519	intergenic	.	contig_3861:1747404-1747519
contig_3861	1895063	1895148	intergenic	.	contig_3861:1895063-1895148
contig_38642	61639	62099	gene,mRNA		contig_38642:61639-62099
contig_38642	140101	140167	intergenic	.	contig_38642:140101-140167
contig_38642	140395	140436	intergenic	.	contig_38642:140395-140436
contig_38709	277902	278025	intergenic	.	contig_38709:277902-278025
contig_38709	293558	293670	gene,mRNA		contig_38709:293558-293670
contig_3872	1074959	1075026	intergenic	.	contig_3872:1074959-1075026
contig_3872	1379094	1379300	intergenic	.	contig_3872:1379094-1379300
contig_3872	1562551	1562812	intergenic	.	contig_3872:1562551-1562812
contig_3872	1566552	1566841	intergenic	.	contig_3872:1566552-1566841
contig_3875	9612	9650	intergenic	.	contig_3875:9612-9650
contig_38781	361719	361934	intergenic	.	contig_38781:361719-361934
contig_3883	512962	513275	intergenic	.	contig_3883:512962-513275
contig_3890	111778	112054	intergenic	.	contig_3890:111778-112054
contig_3890	276251	276414	gene,mRNA		contig_3890:276251-276414
contig_38959	52935	53194	intergenic	.	contig_38959:52935-53194
contig_3898	569673	570026	intergenic	.	contig_3898:569673-570026
contig_3898	688329	688576	gene,mRNA		contig_3898:688329-688576
contig_3898	970064	970292	gene,mRNA		contig_3898:970064-970292
contig_3898	1280168	1280520	intergenic	.	contig_3898:1280168-1280520
contig_39008	37989	38069	intergenic	.	contig_39008:37989-38069
contig_3905	293269	293387	intergenic	.	contig_3905:293269-293387
contig_3905	293613	293769	intergenic	.	contig_3905:293613-293769
contig_3905	338754	338967	intergenic	.	contig_3905:338754-338967
contig_3905	339102	339209	intergenic	.	contig_3905:339102-339209
contig_3914	354915	355077	intergenic	.	contig_3914:354915-355077
contig_3914	446751	446794	intergenic	.	contig_3914:446751-446794
contig_39177	57283	57505	intergenic	.	contig_39177:57283-57505
contig_39177	57868	57954	intergenic	.	contig_39177:57868-57954
contig_39193	935866	935961	gene,mRNA		contig_39193:935866-935961
contig_3926	154698	154728	intergenic	.	contig_3926:154698-154728
contig_3926	818313	818417	intergenic	.	contig_3926:818313-818417
contig_3926	1075433	1075576	intergenic	.	contig_3926:1075433-1075576
contig_39289	369642	369755	intergenic	.	contig_39289:369642-369755
contig_39364	103892	104214	intergenic	.	contig_39364:103892-104214
contig_39364	104290	104415	intergenic	.	contig_39364:104290-104415
contig_39364	104842	105081	intergenic	.	contig_39364:104842-105081
contig_3945	232268	232701	gene,mRNA		contig_3945:232268-232701
contig_3945	542696	542883	intergenic	.	contig_3945:542696-542883
contig_3945	745236	745339	gene,mRNA		contig_3945:745236-745339
contig_3945	745400	745520	gene,mRNA		contig_3945:745400-745520
contig_3945	1414248	1414458	intergenic	.	contig_3945:1414248-1414458
contig_3945	1417773	1417939	intergenic	.	contig_3945:1417773-1417939
contig_3945	1899644	1899925	gene,mRNA		contig_3945:1899644-1899925
contig_3945	1900060	1900176	gene,mRNA		contig_3945:1900060-1900176
contig_39645	57277	57371	intergenic	.	contig_39645:57277-57371
contig_39698	220639	220739	intergenic	.	contig_39698:220639-220739
contig_39698	274124	274478	intergenic	.	contig_39698:274124-274478
contig_3978	49	161	intergenic	.	contig_3978:49-161
contig_3978	675309	675373	intergenic	.	contig_3978:675309-675373
contig_39903	13885	14178	intergenic	.	contig_39903:13885-14178
contig_39903	45363	45611	intergenic	.	contig_39903:45363-45611
contig_39903	45982	46166	intergenic	.	contig_39903:45982-46166
contig_39905	219717	219864	intergenic	.	contig_39905:219717-219864
contig_3997	444520	444626	intergenic	.	contig_3997:444520-444626
contig_3997	831416	831460	intergenic	.	contig_3997:831416-831460
contig_39972	164387	164469	intergenic	.	contig_39972:164387-164469
contig_39972	275359	275777	intergenic	.	contig_39972:275359-275777
contig_39972	275996	276123	intergenic	.	contig_39972:275996-276123
contig_39972	282355	282562	intergenic	.	contig_39972:282355-282562
contig_3998	740328	740496	intergenic	.	contig_3998:740328-740496
contig_3998	834497	834580	intergenic	.	contig_3998:834497-834580
contig_3998	999530	999643	intergenic	.	contig_3998:999530-999643
contig_3998	999817	999852	intergenic	.	contig_3998:999817-999852
contig_3998	1264025	1264074	intergenic	.	contig_3998:1264025-1264074
contig_3998	1325528	1325794	intergenic	.	contig_3998:1325528-1325794
contig_3998	1340506	1340609	intergenic	.	contig_3998:1340506-1340609
contig_4004	111017	111162	intergenic	.	contig_4004:111017-111162
contig_40045	2361	2431	intergenic	.	contig_40045:2361-2431
contig_40211	332946	333163	intergenic	.	contig_40211:332946-333163
contig_40211	914077	914190	intergenic	.	contig_40211:914077-914190
contig_40211	1009420	1009738	intergenic	.	contig_40211:1009420-1009738
contig_40211	1052828	1052880	intergenic	.	contig_40211:1052828-1052880
contig_40346	86710	86946	intergenic	.	contig_40346:86710-86946
contig_4038	688998	689302	intergenic	.	contig_4038:688998-689302
contig_4038	703278	703446	intergenic	.	contig_4038:703278-703446
contig_4038	1781631	1781825	intergenic	.	contig_4038:1781631-1781825
contig_4038	1924044	1924116	gene,mRNA		contig_4038:1924044-1924116
contig_4038	2041638	2041866	gene,mRNA,exon,CDS,start_codon		contig_4038:2041638-2041866
contig_4038	2059562	2059673	intergenic	.	contig_4038:2059562-2059673
contig_4044	1123534	1123653	gene,mRNA		contig_4044:1123534-1123653
contig_4044	1124018	1124103	gene,mRNA		contig_4044:1124018-1124103
contig_405	624241	624406	intergenic	.	contig_405:624241-624406
contig_40509	30186	30434	intergenic	.	contig_40509:30186-30434
contig_4070	182646	183029	intergenic	.	contig_4070:182646-183029
contig_4070	259563	259635	intergenic	.	contig_4070:259563-259635
contig_4070	352015	352182	intergenic	.	contig_4070:352015-352182
contig_4070	696081	696329	intergenic	.	contig_4070:696081-696329
contig_4070	715231	715446	intergenic	.	contig_4070:715231-715446
contig_40741	105490	105642	gene,mRNA		contig_40741:105490-105642
contig_4077	67599	67905	intergenic	.	contig_4077:67599-67905
contig_4077	209446	209849	gene,mRNA,start_codon,exon,CDS,stop_codon		contig_4077:209446-209849
contig_40772	56932	57024	intergenic	.	contig_40772:56932-57024
contig_40772	124085	124358	gene,mRNA		contig_40772:124085-124358
contig_4078	937792	937920	intergenic	.	contig_4078:937792-937920
contig_40794	5399	5452	intergenic	.	contig_40794:5399-5452
contig_40921	3451	3524	intergenic	.	contig_40921:3451-3524
contig_40937	16137	16449	intergenic	.	contig_40937:16137-16449
contig_40987	85962	86032	intergenic	.	contig_40987:85962-86032
contig_41	149236	149408	intergenic	.	contig_41:149236-149408
contig_41	188478	188532	intergenic	.	contig_41:188478-188532
contig_41	188862	188990	intergenic	.	contig_41:188862-188990
contig_411	104988	105207	intergenic	.	contig_411:104988-105207
contig_412	697172	697426	polyA_signal_sequence,gene		contig_412:697172-697426
contig_412	926975	927087	intergenic	.	contig_412:926975-927087
contig_412	940254	940369	intergenic	.	contig_412:940254-940369
contig_4120	779922	779977	intergenic	.	contig_4120:779922-779977
contig_4129	37739	38241	intergenic	.	contig_4129:37739-38241
contig_4129	861225	861354	gene,mRNA		contig_4129:861225-861354
contig_4145	564011	564340	gene,mRNA		contig_4145:564011-564340
contig_4145	895673	895759	intergenic	.	contig_4145:895673-895759
contig_4145	1082770	1082910	gene,mRNA		contig_4145:1082770-1082910
contig_4145	1082980	1083251	gene,mRNA		contig_4145:1082980-1083251
contig_4145	1305914	1306259	intergenic	.	contig_4145:1305914-1306259
contig_4145	1371141	1371206	gene,mRNA		contig_4145:1371141-1371206
contig_4145	2053319	2053513	intergenic	.	contig_4145:2053319-2053513
contig_4145	2157475	2157505	intergenic	.	contig_4145:2157475-2157505
contig_41450	186544	186874	gene,mRNA		contig_41450:186544-186874
contig_41470	1152	1320	intergenic	.	contig_41470:1152-1320
contig_41480	65415	65507	intergenic	.	contig_41480:65415-65507
contig_41481	59722	59845	intergenic	.	contig_41481:59722-59845
contig_41481	257031	257105	intergenic	.	contig_41481:257031-257105
contig_41486	48999	49183	intergenic	.	contig_41486:48999-49183
contig_41490	157796	157983	intergenic	.	contig_41490:157796-157983
contig_41496	54193	54255	intergenic	.	contig_41496:54193-54255
contig_41508	56592	56735	intergenic	.	contig_41508:56592-56735
contig_41509	157421	157590	intergenic	.	contig_41509:157421-157590
contig_41509	157979	158104	intergenic	.	contig_41509:157979-158104
contig_41509	211253	211362	intergenic	.	contig_41509:211253-211362
contig_41509	211476	211678	intergenic	.	contig_41509:211476-211678
contig_41522	1163142	1163319	intergenic	.	contig_41522:1163142-1163319
contig_41524	14565	14621	intergenic	.	contig_41524:14565-14621
contig_41524	59795	59951	intergenic	.	contig_41524:59795-59951
contig_41526	211691	211822	intergenic	.	contig_41526:211691-211822
contig_41528	46298	46356	intergenic	.	contig_41528:46298-46356
contig_41531	2035968	2036430	gene,mRNA		contig_41531:2035968-2036430
contig_41531	2224402	2224637	intergenic	.	contig_41531:2224402-2224637
contig_4154	278560	278696	intergenic	.	contig_4154:278560-278696
contig_4154	310684	310964	intergenic	.	contig_4154:310684-310964
contig_4154	327833	328464	intergenic	.	contig_4154:327833-328464
contig_4154	328608	328924	intergenic	.	contig_4154:328608-328924
contig_4154	346380	346623	gene,mRNA		contig_4154:346380-346623
contig_4154	537111	537199	gene,mRNA		contig_4154:537111-537199
contig_4154	649078	649283	intergenic	.	contig_4154:649078-649283
contig_4154	1354837	1354997	intergenic	.	contig_4154:1354837-1354997
contig_41541	1404170	1404282	intergenic	.	contig_41541:1404170-1404282
contig_41541	1931428	1931700	intergenic	.	contig_41541:1931428-1931700
contig_41542	6919	7069	intergenic	.	contig_41542:6919-7069
contig_41579	433441	433478	gene,mRNA		contig_41579:433441-433478
contig_41596	434665	434825	intergenic	.	contig_41596:434665-434825
contig_41596	1264662	1264786	intergenic	.	contig_41596:1264662-1264786
contig_41596	1451193	1451247	intergenic	.	contig_41596:1451193-1451247
contig_41607	54306	54401	gene,mRNA		contig_41607:54306-54401
contig_41607	54516	54573	gene,mRNA		contig_41607:54516-54573
contig_41609	79871	80117	intergenic	.	contig_41609:79871-80117
contig_41632	108563	108722	gene,mRNA		contig_41632:108563-108722
contig_41717	369151	369592	intergenic	.	contig_41717:369151-369592
contig_41717	371761	371911	intergenic	.	contig_41717:371761-371911
contig_41717	469292	469494	intergenic	.	contig_41717:469292-469494
contig_41737	95626	95954	gene,mRNA		contig_41737:95626-95954
contig_4175	221914	221956	intergenic	.	contig_4175:221914-221956
contig_4175	350239	350441	intergenic	.	contig_4175:350239-350441
contig_418	52403	52586	intergenic	.	contig_418:52403-52586
contig_418	52662	52750	intergenic	.	contig_418:52662-52750
contig_418	129543	129597	intergenic	.	contig_418:129543-129597
contig_418	160664	160923	intergenic	.	contig_418:160664-160923
contig_418	161006	161107	intergenic	.	contig_418:161006-161107
contig_418	278058	278367	intergenic	.	contig_418:278058-278367
contig_418	338180	338295	intergenic	.	contig_418:338180-338295
contig_418	613678	613830	intergenic	.	contig_418:613678-613830
contig_418	613884	614028	intergenic	.	contig_418:613884-614028
contig_418	615882	615940	intergenic	.	contig_418:615882-615940
contig_41828	458318	458649	gene,mRNA		contig_41828:458318-458649
contig_41835	141503	141569	gene,mRNA		contig_41835:141503-141569
contig_41846	11826	12133	intergenic	.	contig_41846:11826-12133
contig_41846	113501	113881	exon,CDS,gene,mRNA		contig_41846:113501-113881
contig_41903	13034	13072	gene,mRNA		contig_41903:13034-13072
contig_41903	76821	76985	intergenic	.	contig_41903:76821-76985
contig_4193	65207	65462	intergenic	.	contig_4193:65207-65462
contig_4193	286306	286400	gene,mRNA		contig_4193:286306-286400
contig_4193	528962	529238	exon,CDS,start_codon,gene,mRNA		contig_4193:528962-529238
contig_4193	549752	550001	intergenic	.	contig_4193:549752-550001
contig_41939	304831	305351	intergenic	.	contig_41939:304831-305351
contig_41939	353234	353553	intergenic	.	contig_41939:353234-353553
contig_41939	356987	357033	intergenic	.	contig_41939:356987-357033
contig_41939	422436	422535	gene,mRNA		contig_41939:422436-422535
contig_41939	429226	429316	gene,mRNA		contig_41939:429226-429316
contig_4198	15628	15677	intergenic	.	contig_4198:15628-15677
contig_4198	128945	129359	intergenic	.	contig_4198:128945-129359
contig_41982	217271	217402	gene,mRNA		contig_41982:217271-217402
contig_41985	29281	29419	intergenic	.	contig_41985:29281-29419
contig_4199	1030845	1031111	intergenic	.	contig_4199:1030845-1031111
contig_4199	1507817	1508005	intergenic	.	contig_4199:1507817-1508005
contig_42016	152019	152049	intergenic	.	contig_42016:152019-152049
contig_42017	541543	541905	intergenic	.	contig_42017:541543-541905
contig_42022	318768	318894	intergenic	.	contig_42022:318768-318894
contig_42041	428988	429204	intergenic	.	contig_42041:428988-429204
contig_42070	267869	268051	intergenic	.	contig_42070:267869-268051
contig_42093	32983	33162	intergenic	.	contig_42093:32983-33162
contig_42099	115267	115435	intergenic	.	contig_42099:115267-115435
contig_42099	115522	115941	intergenic	.	contig_42099:115522-115941
contig_42138	304572	304754	intergenic	.	contig_42138:304572-304754
contig_42138	311378	311480	intergenic	.	contig_42138:311378-311480
contig_42145	1085404	1085567	intergenic	.	contig_42145:1085404-1085567
contig_42154	85077	85143	gene,mRNA		contig_42154:85077-85143
contig_42154	475215	475297	intergenic	.	contig_42154:475215-475297
contig_42154	475655	475783	intergenic	.	contig_42154:475655-475783
contig_42187	491465	491544	intergenic	.	contig_42187:491465-491544
contig_42187	1027928	1027958	intergenic	.	contig_42187:1027928-1027958
contig_42188	26440	26599	intergenic	.	contig_42188:26440-26599
contig_42192	334853	335006	intergenic	.	contig_42192:334853-335006
contig_42203	114298	114368	intergenic	.	contig_42203:114298-114368
contig_42224	176693	176841	intergenic	.	contig_42224:176693-176841
contig_42241	464752	464873	intergenic	.	contig_42241:464752-464873
contig_42241	468254	468490	intergenic	.	contig_42241:468254-468490
contig_42241	803355	803589	intergenic	.	contig_42241:803355-803589
contig_42257	1634559	1634626	gene,mRNA		contig_42257:1634559-1634626
contig_42279	129049	129287	intergenic	.	contig_42279:129049-129287
contig_42294	4699	4744	intergenic	.	contig_42294:4699-4744
contig_42294	9456	9675	intergenic	.	contig_42294:9456-9675
contig_42311	37088	37317	intergenic	.	contig_42311:37088-37317
contig_42346	138500	138677	intergenic	.	contig_42346:138500-138677
contig_42357	96649	96731	gene,mRNA		contig_42357:96649-96731
contig_42388	80755	81128	intergenic	.	contig_42388:80755-81128
contig_4240	161773	162020	gene,mRNA		contig_4240:161773-162020
contig_42409	55007	55055	exon,CDS,gene,mRNA		contig_42409:55007-55055
contig_42409	55155	55337	exon,CDS,gene,mRNA		contig_42409:55155-55337
contig_42435	115765	115905	gene,mRNA		contig_42435:115765-115905
contig_42457	119410	119868	gene,polyA_signal_sequence		contig_42457:119410-119868
contig_42484	489946	489977	intergenic	.	contig_42484:489946-489977
contig_42503	24381	24453	intergenic	.	contig_42503:24381-24453
contig_42527	195862	196157	intergenic	.	contig_42527:195862-196157
contig_42527	461295	461424	intergenic	.	contig_42527:461295-461424
contig_42527	689579	689642	intergenic	.	contig_42527:689579-689642
contig_4253	244299	244532	intergenic	.	contig_4253:244299-244532
contig_4253	303566	303823	intergenic	.	contig_4253:303566-303823
contig_4257	522063	522286	intergenic	.	contig_4257:522063-522286
contig_42638	37302	37547	intergenic	.	contig_42638:37302-37547
contig_42645	21367	21687	intergenic	.	contig_42645:21367-21687
contig_42645	34857	35170	intergenic	.	contig_42645:34857-35170
contig_42727	104174	104423	gene,mRNA		contig_42727:104174-104423
contig_42748	166516	166704	intergenic	.	contig_42748:166516-166704
contig_42748	193343	193962	intergenic	.	contig_42748:193343-193962
contig_42749	41867	42143	gene,mRNA		contig_42749:41867-42143
contig_42760	3083	3118	intergenic	.	contig_42760:3083-3118
contig_42772	78700	78842	intergenic	.	contig_42772:78700-78842
contig_42772	173945	174161	gene,mRNA		contig_42772:173945-174161
contig_42775	418605	418732	intergenic	.	contig_42775:418605-418732
contig_42791	91000	91452	gene,mRNA		contig_42791:91000-91452
contig_42793	17484	17640	intergenic	.	contig_42793:17484-17640
contig_4280	402496	402721	intergenic	.	contig_4280:402496-402721
contig_42831	237919	238003	intergenic	.	contig_42831:237919-238003
contig_42886	188339	188611	intergenic	.	contig_42886:188339-188611
contig_42893	11813	12120	intergenic	.	contig_42893:11813-12120
contig_4291	205965	206077	intergenic	.	contig_4291:205965-206077
contig_4291	270490	270836	gene,mRNA		contig_4291:270490-270836
contig_4291	1189839	1190002	intergenic	.	contig_4291:1189839-1190002
contig_4291	1190053	1190137	intergenic	.	contig_4291:1190053-1190137
contig_4291	1197813	1197935	intergenic	.	contig_4291:1197813-1197935
contig_4291	1279220	1279299	intergenic	.	contig_4291:1279220-1279299
contig_4291	1340995	1341509	intergenic	.	contig_4291:1340995-1341509
contig_4291	1348675	1349034	intergenic	.	contig_4291:1348675-1349034
contig_4291	1409111	1409179	intergenic	.	contig_4291:1409111-1409179
contig_4291	1409305	1409353	intergenic	.	contig_4291:1409305-1409353
contig_4291	1678378	1678481	gene,mRNA		contig_4291:1678378-1678481
contig_4291	1827331	1827555	gene,mRNA		contig_4291:1827331-1827555
contig_4291	1864459	1865128	intergenic	.	contig_4291:1864459-1865128
contig_42922	2648	2703	intergenic	.	contig_42922:2648-2703
contig_42922	166804	167020	intergenic	.	contig_42922:166804-167020
contig_42922	167292	167528	intergenic	.	contig_42922:167292-167528
contig_42922	168650	168731	intergenic	.	contig_42922:168650-168731
contig_42922	178647	178825	intergenic	.	contig_42922:178647-178825
contig_42922	179461	179555	intergenic	.	contig_42922:179461-179555
contig_42925	188304	188495	intergenic	.	contig_42925:188304-188495
contig_42925	209891	210032	intergenic	.	contig_42925:209891-210032
contig_42928	104482	104657	gene,mRNA		contig_42928:104482-104657
contig_4298	141494	141611	intergenic	.	contig_4298:141494-141611
contig_4298	269468	269777	intergenic	.	contig_4298:269468-269777
contig_42998	18978	19224	intergenic	.	contig_42998:18978-19224
contig_42998	136357	136431	intergenic	.	contig_42998:136357-136431
contig_43005	68371	68557	gene,mRNA		contig_43005:68371-68557
contig_43063	479375	479435	intergenic	.	contig_43063:479375-479435
contig_4307	249167	249211	gene,mRNA		contig_4307:249167-249211
contig_4307	487899	488135	intergenic	.	contig_4307:487899-488135
contig_43136	25725	25968	intergenic	.	contig_43136:25725-25968
contig_43173	110077	110163	intergenic	.	contig_43173:110077-110163
contig_43173	159863	160120	intergenic	.	contig_43173:159863-160120
contig_43173	243994	244185	intergenic	.	contig_43173:243994-244185
contig_43177	31988	32119	intergenic	.	contig_43177:31988-32119
contig_43243	159375	159451	intergenic	.	contig_43243:159375-159451
contig_43243	396160	396533	gene,mRNA		contig_43243:396160-396533
contig_43262	11512	11947	intergenic	.	contig_43262:11512-11947
contig_4334	1193761	1193823	intergenic	.	contig_4334:1193761-1193823
contig_4334	1193892	1194078	intergenic	.	contig_4334:1193892-1194078
contig_4334	1194476	1194541	intergenic	.	contig_4334:1194476-1194541
contig_4334	2105116	2105300	intergenic	.	contig_4334:2105116-2105300
contig_4334	2626188	2626267	gene,mRNA		contig_4334:2626188-2626267
contig_4334	3321214	3321567	intergenic	.	contig_4334:3321214-3321567
contig_4334	3367315	3367489	intergenic	.	contig_4334:3367315-3367489
contig_4334	3435345	3435597	intergenic	.	contig_4334:3435345-3435597
contig_43343	107556	107862	gene,mRNA		contig_43343:107556-107862
contig_43380	72878	72994	gene,mRNA		contig_43380:72878-72994
contig_43380	342586	342638	intergenic	.	contig_43380:342586-342638
contig_4343	369982	370201	intergenic	.	contig_4343:369982-370201
contig_4343	531941	532360	intergenic	.	contig_4343:531941-532360
contig_4343	693087	693455	intergenic	.	contig_4343:693087-693455
contig_4343	1199470	1199648	intergenic	.	contig_4343:1199470-1199648
contig_43439	72261	72311	gene,mRNA		contig_43439:72261-72311
contig_43511	126168	126270	intergenic	.	contig_43511:126168-126270
contig_43511	257505	257711	intergenic	.	contig_43511:257505-257711
contig_43539	59409	59893	intergenic	.	contig_43539:59409-59893
contig_43555	25360	25535	intergenic	.	contig_43555:25360-25535
contig_43582	241947	242041	intergenic	.	contig_43582:241947-242041
contig_43594	126482	126731	intergenic	.	contig_43594:126482-126731
contig_436	23462	23660	gene,mRNA		contig_436:23462-23660
contig_436	72370	72634	intergenic	.	contig_436:72370-72634
contig_43629	62886	63110	intergenic	.	contig_43629:62886-63110
contig_43708	117327	117435	intergenic	.	contig_43708:117327-117435
contig_43714	45650	45923	gene,mRNA		contig_43714:45650-45923
contig_43748	408574	408680	intergenic	.	contig_43748:408574-408680
contig_43750	47863	48263	intergenic	.	contig_43750:47863-48263
contig_43796	217964	218147	intergenic	.	contig_43796:217964-218147
contig_43804	15531	15653	intergenic	.	contig_43804:15531-15653
contig_43843	66957	67195	intergenic	.	contig_43843:66957-67195
contig_43843	81593	81796	intergenic	.	contig_43843:81593-81796
contig_43843	158735	158925	gene,mRNA		contig_43843:158735-158925
contig_4385	61155	61393	intergenic	.	contig_4385:61155-61393
contig_4385	93430	93649	intergenic	.	contig_4385:93430-93649
contig_4385	93718	93808	intergenic	.	contig_4385:93718-93808
contig_4385	140670	140768	intergenic	.	contig_4385:140670-140768
contig_4385	307934	308029	gene,mRNA		contig_4385:307934-308029
contig_4385	526063	526266	intergenic	.	contig_4385:526063-526266
contig_4385	530147	530440	intergenic	.	contig_4385:530147-530440
contig_4385	558210	558313	intergenic	.	contig_4385:558210-558313
contig_4385	695955	695999	gene,mRNA		contig_4385:695955-695999
contig_4385	696066	696118	gene,mRNA		contig_4385:696066-696118
contig_4385	780230	780389	gene,mRNA		contig_4385:780230-780389
contig_4385	961705	961779	intergenic	.	contig_4385:961705-961779
contig_4385	1091307	1091557	intergenic	.	contig_4385:1091307-1091557
contig_43854	180931	181031	intergenic	.	contig_43854:180931-181031
contig_4391	278145	278543	mRNA,exon,CDS,stop_codon,gene		contig_4391:278145-278543
contig_4391	1035717	1035906	intergenic	.	contig_4391:1035717-1035906
contig_4391	1366670	1366752	intergenic	.	contig_4391:1366670-1366752
contig_4391	1367050	1367205	intergenic	.	contig_4391:1367050-1367205
contig_43937	74349	74595	intergenic	.	contig_43937:74349-74595
contig_43956	183397	183540	intergenic	.	contig_43956:183397-183540
contig_43971	20076	20612	intergenic	.	contig_43971:20076-20612
contig_44037	88025	88133	intergenic	.	contig_44037:88025-88133
contig_44079	1063910	1063945	intergenic	.	contig_44079:1063910-1063945
contig_44079	1251519	1251647	exon,CDS,gene,mRNA		contig_44079:1251519-1251647
contig_44095	55317	55622	gene,mRNA		contig_44095:55317-55622
contig_44095	118714	119106	intergenic	.	contig_44095:118714-119106
contig_44096	57066	57265	intergenic	.	contig_44096:57066-57265
contig_44096	57330	57534	intergenic	.	contig_44096:57330-57534
contig_44168	16873	17286	intergenic	.	contig_44168:16873-17286
contig_44200	50265	50725	gene,mRNA		contig_44200:50265-50725
contig_44200	50802	51271	gene,mRNA		contig_44200:50802-51271
contig_44259	19467	19682	intergenic	.	contig_44259:19467-19682
contig_4432	1101659	1101715	intergenic	.	contig_4432:1101659-1101715
contig_44328	16128	16482	intergenic	.	contig_44328:16128-16482
contig_44328	53844	53941	intergenic	.	contig_44328:53844-53941
contig_44410	67102	67253	intergenic	.	contig_44410:67102-67253
contig_44450	20132	20194	intergenic	.	contig_44450:20132-20194
contig_44450	20392	20448	intergenic	.	contig_44450:20392-20448
contig_44502	80077	80180	intergenic	.	contig_44502:80077-80180
contig_44538	58988	59100	gene,mRNA		contig_44538:58988-59100
contig_44540	80045	80213	intergenic	.	contig_44540:80045-80213
contig_44540	80564	80705	gene,mRNA,start_codon,exon,CDS		contig_44540:80564-80705
contig_44540	80757	81063	gene,mRNA,exon,CDS,stop_codon,polyA_signal_sequence		contig_44540:80757-81063
contig_44570	103535	103746	intergenic	.	contig_44570:103535-103746
contig_44592	57066	57619	intergenic	.	contig_44592:57066-57619
contig_44611	52324	52436	intergenic	.	contig_44611:52324-52436
contig_44611	52675	52719	intergenic	.	contig_44611:52675-52719
contig_44611	53254	53378	intergenic	.	contig_44611:53254-53378
contig_4462	366736	366795	gene,mRNA		contig_4462:366736-366795
contig_4462	371863	371924	gene,mRNA		contig_4462:371863-371924
contig_4462	631404	631516	intergenic	.	contig_4462:631404-631516
contig_44653	10138	10194	intergenic	.	contig_44653:10138-10194
contig_44675	26302	26571	intergenic	.	contig_44675:26302-26571
contig_44675	59863	60071	gene,mRNA		contig_44675:59863-60071
contig_44710	203030	203504	intergenic	.	contig_44710:203030-203504
contig_44737	137945	138066	intergenic	.	contig_44737:137945-138066
contig_4474	56921	57454	gene,mRNA,exon,CDS,stop_codon		contig_4474:56921-57454
contig_44741	17589	17703	intergenic	.	contig_44741:17589-17703
contig_44757	28272	28475	intergenic	.	contig_44757:28272-28475
contig_448	3230585	3230644	intergenic	.	contig_448:3230585-3230644
contig_44879	78472	78659	intergenic	.	contig_44879:78472-78659
contig_449	17316	17545	gene,mRNA		contig_449:17316-17545
contig_449	56310	56416	intergenic	.	contig_449:56310-56416
contig_4491	92319	92483	intergenic	.	contig_4491:92319-92483
contig_4501	86010	86217	intergenic	.	contig_4501:86010-86217
contig_4501	459566	459748	intergenic	.	contig_4501:459566-459748
contig_4501	792772	793009	intergenic	.	contig_4501:792772-793009
contig_4501	1672614	1672757	intergenic	.	contig_4501:1672614-1672757
contig_4501	2692081	2692126	gene,mRNA		contig_4501:2692081-2692126
contig_4501	3205620	3205746	intergenic	.	contig_4501:3205620-3205746
contig_452	214687	214771	intergenic	.	contig_452:214687-214771
contig_452	214871	214973	intergenic	.	contig_452:214871-214973
contig_452	592433	592472	intergenic	.	contig_452:592433-592472
contig_452	1538565	1538969	intergenic	.	contig_452:1538565-1538969
contig_452	1913087	1913309	intergenic	.	contig_452:1913087-1913309
contig_452	1913374	1913569	intergenic	.	contig_452:1913374-1913569
contig_452	2007820	2007967	intergenic	.	contig_452:2007820-2007967
contig_452	2352461	2352616	intergenic	.	contig_452:2352461-2352616
contig_4525	55769	56255	gene,mRNA		contig_4525:55769-56255
contig_4525	71515	71816	gene,mRNA		contig_4525:71515-71816
contig_4525	335440	335521	intergenic	.	contig_4525:335440-335521
contig_4525	343400	343672	intergenic	.	contig_4525:343400-343672
contig_4525	418429	418540	intergenic	.	contig_4525:418429-418540
contig_4525	423459	423560	intergenic	.	contig_4525:423459-423560
contig_4525	565040	565102	intergenic	.	contig_4525:565040-565102
contig_4525	570364	570837	intergenic	.	contig_4525:570364-570837
contig_4525	659299	659370	gene,mRNA		contig_4525:659299-659370
contig_4525	670591	670944	gene,mRNA		contig_4525:670591-670944
contig_4525	811930	812366	intergenic	.	contig_4525:811930-812366
contig_4532	1065483	1065798	intergenic	.	contig_4532:1065483-1065798
contig_4532	1284382	1284578	intergenic	.	contig_4532:1284382-1284578
contig_4573	18701	18872	gene,mRNA		contig_4573:18701-18872
contig_458	632610	632910	gene,mRNA		contig_458:632610-632910
contig_458	633134	633228	gene,mRNA		contig_458:633134-633228
contig_458	634155	634222	gene,mRNA		contig_458:634155-634222
contig_458	634278	634330	gene,mRNA		contig_458:634278-634330
contig_458	1516651	1516772	intergenic	.	contig_458:1516651-1516772
contig_458	1607441	1607578	intergenic	.	contig_458:1607441-1607578
contig_458	1607811	1607986	intergenic	.	contig_458:1607811-1607986
contig_458	2526708	2526917	intergenic	.	contig_458:2526708-2526917
contig_458	2875900	2875948	intergenic	.	contig_458:2875900-2875948
contig_458	2876184	2876322	intergenic	.	contig_458:2876184-2876322
contig_458	2876797	2876875	intergenic	.	contig_458:2876797-2876875
contig_458	2926577	2926846	intergenic	.	contig_458:2926577-2926846
contig_458	2927586	2927686	gene,mRNA,exon,CDS		contig_458:2927586-2927686
contig_458	2927796	2927945	gene,mRNA,exon,CDS		contig_458:2927796-2927945
contig_458	3233970	3234176	gene,mRNA		contig_458:3233970-3234176
contig_458	3234268	3234377	gene,mRNA		contig_458:3234268-3234377
contig_458	3234545	3234624	gene,mRNA		contig_458:3234545-3234624
contig_458	3303203	3303364	intergenic	.	contig_458:3303203-3303364
contig_458	3303541	3303609	intergenic	.	contig_458:3303541-3303609
contig_458	3303673	3303857	intergenic	.	contig_458:3303673-3303857
contig_458	3416356	3416592	intergenic	.	contig_458:3416356-3416592
contig_4581	133489	134080	intergenic	.	contig_4581:133489-134080
contig_4581	385067	385128	intergenic	.	contig_4581:385067-385128
contig_4581	446867	447085	intergenic	.	contig_4581:446867-447085
contig_4588	26100	26274	intergenic	.	contig_4588:26100-26274
contig_4588	28254	28519	intergenic	.	contig_4588:28254-28519
contig_462	134294	134543	intergenic	.	contig_462:134294-134543
contig_462	307102	307270	intergenic	.	contig_462:307102-307270
contig_462	512444	512549	intergenic	.	contig_462:512444-512549
contig_462	539409	539439	intergenic	.	contig_462:539409-539439
contig_462	665311	665483	intergenic	.	contig_462:665311-665483
contig_462	833352	833386	intergenic	.	contig_462:833352-833386
contig_462	842636	842822	intergenic	.	contig_462:842636-842822
contig_462	858642	858862	intergenic	.	contig_462:858642-858862
contig_462	859569	859693	intergenic	.	contig_462:859569-859693
contig_462	1209468	1209576	gene,mRNA		contig_462:1209468-1209576
contig_462	1443066	1443411	intergenic	.	contig_462:1443066-1443411
contig_462	1484703	1484834	intergenic	.	contig_462:1484703-1484834
contig_4629	14288	14419	intergenic	.	contig_4629:14288-14419
contig_4632	54382	54987	intergenic	.	contig_4632:54382-54987
contig_4632	512525	512621	intergenic	.	contig_4632:512525-512621
contig_4632	525040	525082	intergenic	.	contig_4632:525040-525082
contig_4632	559031	559135	intergenic	.	contig_4632:559031-559135
contig_4632	584127	584319	intergenic	.	contig_4632:584127-584319
contig_4632	602894	603104	intergenic	.	contig_4632:602894-603104
contig_4632	741328	741438	intergenic	.	contig_4632:741328-741438
contig_4632	825601	826093	gene,mRNA		contig_4632:825601-826093
contig_4639	704231	704354	intergenic	.	contig_4639:704231-704354
contig_4644	510316	510628	intergenic	.	contig_4644:510316-510628
contig_4644	510720	510821	intergenic	.	contig_4644:510720-510821
contig_4644	525096	525222	intergenic	.	contig_4644:525096-525222
contig_4644	869790	869937	intergenic	.	contig_4644:869790-869937
contig_4644	930926	931016	intergenic	.	contig_4644:930926-931016
contig_4644	1850288	1850429	intergenic	.	contig_4644:1850288-1850429
contig_4644	2002547	2002930	intergenic	.	contig_4644:2002547-2002930
contig_4644	3292257	3292464	intergenic	.	contig_4644:3292257-3292464
contig_4644	4751766	4751830	intergenic	.	contig_4644:4751766-4751830
contig_4644	5197680	5197930	intergenic	.	contig_4644:5197680-5197930
contig_4644	6271675	6271796	gene,mRNA		contig_4644:6271675-6271796
contig_465	77208	77320	intergenic	.	contig_465:77208-77320
contig_465	431550	431591	intergenic	.	contig_465:431550-431591
contig_4658	96238	96438	intergenic	.	contig_4658:96238-96438
contig_467	604810	604941	intergenic	.	contig_467:604810-604941
contig_467	1400396	1400545	intergenic	.	contig_467:1400396-1400545
contig_467	1712222	1712321	gene,mRNA		contig_467:1712222-1712321
contig_467	4417814	4417883	intergenic	.	contig_467:4417814-4417883
contig_4676	221216	221316	gene,mRNA		contig_4676:221216-221316
contig_4689	159785	159825	intergenic	.	contig_4689:159785-159825
contig_4697	53447	53936	intergenic	.	contig_4697:53447-53936
contig_4697	334376	334613	intergenic	.	contig_4697:334376-334613
contig_4697	382790	383012	intergenic	.	contig_4697:382790-383012
contig_4697	530534	530805	gene,mRNA		contig_4697:530534-530805
contig_4729	318484	318658	intergenic	.	contig_4729:318484-318658
contig_4729	318760	319069	intergenic	.	contig_4729:318760-319069
contig_4729	349961	350429	intergenic	.	contig_4729:349961-350429
contig_473	96060	96245	intergenic	.	contig_473:96060-96245
contig_474	50126	50192	intergenic	.	contig_474:50126-50192
contig_474	50255	50764	intergenic	.	contig_474:50255-50764
contig_474	581266	581886	intergenic	.	contig_474:581266-581886
contig_474	719427	719602	intergenic	.	contig_474:719427-719602
contig_474	721682	721764	intergenic	.	contig_474:721682-721764
contig_474	1189628	1189696	intergenic	.	contig_474:1189628-1189696
contig_4786	37466	37935	intergenic	.	contig_4786:37466-37935
contig_4786	213801	214113	intergenic	.	contig_4786:213801-214113
contig_4791	209126	209381	gene,mRNA		contig_4791:209126-209381
contig_4791	219569	220005	gene,mRNA		contig_4791:219569-220005
contig_4791	234857	234977	gene,mRNA		contig_4791:234857-234977
contig_4801	87617	88095	intergenic	.	contig_4801:87617-88095
contig_4801	189318	189516	gene,mRNA		contig_4801:189318-189516
contig_4801	284314	284421	intergenic	.	contig_4801:284314-284421
contig_4801	353860	353936	gene,mRNA		contig_4801:353860-353936
contig_4801	354253	354486	gene,mRNA		contig_4801:354253-354486
contig_4801	415854	416169	gene,mRNA		contig_4801:415854-416169
contig_4801	563859	564092	intergenic	.	contig_4801:563859-564092
contig_4801	590906	590978	intergenic	.	contig_4801:590906-590978
contig_4819	484203	484527	intergenic	.	contig_4819:484203-484527
contig_4819	484618	484676	intergenic	.	contig_4819:484618-484676
contig_4825	252636	252857	intergenic	.	contig_4825:252636-252857
contig_4825	348032	348093	intergenic	.	contig_4825:348032-348093
contig_4825	473497	473663	gene,mRNA		contig_4825:473497-473663
contig_4825	700347	700769	gene,mRNA		contig_4825:700347-700769
contig_4825	1262191	1262288	intergenic	.	contig_4825:1262191-1262288
contig_4829	29134	29172	intergenic	.	contig_4829:29134-29172
contig_4829	49415	49497	start_codon,exon,CDS,gene,mRNA		contig_4829:49415-49497
contig_4834	253344	253730	intergenic	.	contig_4834:253344-253730
contig_4834	752226	752759	intergenic	.	contig_4834:752226-752759
contig_4841	172143	172332	intergenic	.	contig_4841:172143-172332
contig_485	14467	14556	intergenic	.	contig_485:14467-14556
contig_4853	132123	132249	intergenic	.	contig_4853:132123-132249
contig_4857	25048	25239	intergenic	.	contig_4857:25048-25239
contig_4857	56119	56155	intergenic	.	contig_4857:56119-56155
contig_4857	154167	154263	intergenic	.	contig_4857:154167-154263
contig_4857	182106	182175	intergenic	.	contig_4857:182106-182175
contig_4881	339956	340207	intergenic	.	contig_4881:339956-340207
contig_4881	387783	387903	gene,mRNA		contig_4881:387783-387903
contig_4881	388221	388469	gene,mRNA		contig_4881:388221-388469
contig_4886	47817	47933	intergenic	.	contig_4886:47817-47933
contig_4886	193526	193889	intergenic	.	contig_4886:193526-193889
contig_4886	250777	250828	intergenic	.	contig_4886:250777-250828
contig_4886	416329	416524	gene,mRNA		contig_4886:416329-416524
contig_4886	416602	416667	gene,mRNA		contig_4886:416602-416667
contig_4886	484830	485177	gene,mRNA		contig_4886:484830-485177
contig_489	128432	128671	gene,mRNA		contig_489:128432-128671
contig_489	128738	128811	gene,mRNA		contig_489:128738-128811
contig_489	194185	194394	intergenic	.	contig_489:194185-194394
contig_489	226608	226822	intergenic	.	contig_489:226608-226822
contig_489	256078	256286	intergenic	.	contig_489:256078-256286
contig_489	269517	269607	gene,mRNA		contig_489:269517-269607
contig_4894	1662278	1662665	gene,mRNA		contig_4894:1662278-1662665
contig_4905	1090228	1090390	intergenic	.	contig_4905:1090228-1090390
contig_4905	1850233	1850403	intergenic	.	contig_4905:1850233-1850403
contig_4905	3421081	3421301	intergenic	.	contig_4905:3421081-3421301
contig_4905	4346894	4347039	intergenic	.	contig_4905:4346894-4347039
contig_4917	70623	70824	intergenic	.	contig_4917:70623-70824
contig_4927	97814	97853	intergenic	.	contig_4927:97814-97853
contig_4927	165655	165714	intergenic	.	contig_4927:165655-165714
contig_4927	258664	258783	intergenic	.	contig_4927:258664-258783
contig_4927	357375	357443	intergenic	.	contig_4927:357375-357443
contig_4927	500215	500851	intergenic	.	contig_4927:500215-500851
contig_4927	657613	658070	polyA_signal_sequence,stop_codon,exon,CDS,gene,mRNA		contig_4927:657613-658070
contig_4927	893535	893677	intergenic	.	contig_4927:893535-893677
contig_4933	120103	120390	intergenic	.	contig_4933:120103-120390
contig_4933	122178	122388	intergenic	.	contig_4933:122178-122388
contig_4933	346219	346375	gene,mRNA		contig_4933:346219-346375
contig_4933	441699	441905	intergenic	.	contig_4933:441699-441905
contig_4933	622156	622347	intergenic	.	contig_4933:622156-622347
contig_4933	656297	656437	intergenic	.	contig_4933:656297-656437
contig_4933	684836	685153	intergenic	.	contig_4933:684836-685153
contig_4933	990641	991177	intergenic	.	contig_4933:990641-991177
contig_4978	518126	518461	gene,mRNA		contig_4978:518126-518461
contig_4978	636181	636354	intergenic	.	contig_4978:636181-636354
contig_4978	683972	684176	intergenic	.	contig_4978:683972-684176
contig_4978	695212	695346	intergenic	.	contig_4978:695212-695346
contig_4978	906276	906487	intergenic	.	contig_4978:906276-906487
contig_4985	1731786	1731905	intergenic	.	contig_4985:1731786-1731905
contig_4998	100817	100885	gene,mRNA		contig_4998:100817-100885
contig_50	94084	94343	gene,mRNA		contig_50:94084-94343
contig_50	804887	805027	gene,mRNA		contig_50:804887-805027
contig_50	1032406	1032447	intergenic	.	contig_50:1032406-1032447
contig_50	1523772	1524005	intergenic	.	contig_50:1523772-1524005
contig_50	1731363	1731584	intergenic	.	contig_50:1731363-1731584
contig_50	2028503	2028766	intergenic	.	contig_50:2028503-2028766
contig_50	2105811	2105959	intergenic	.	contig_50:2105811-2105959
contig_50	2613292	2613467	intergenic	.	contig_50:2613292-2613467
contig_5012	646959	647064	gene,mRNA		contig_5012:646959-647064
contig_5021	68158	68344	intergenic	.	contig_5021:68158-68344
contig_5021	398887	398976	intergenic	.	contig_5021:398887-398976
contig_5021	476748	476930	gene,mRNA		contig_5021:476748-476930
contig_5022	141873	142019	intergenic	.	contig_5022:141873-142019
contig_5022	365443	365543	intergenic	.	contig_5022:365443-365543
contig_5022	575877	576088	intergenic	.	contig_5022:575877-576088
contig_5022	747267	747445	intergenic	.	contig_5022:747267-747445
contig_5028	362299	362346	intergenic	.	contig_5028:362299-362346
contig_5028	475661	476114	gene,mRNA,exon,CDS,stop_codon,polyA_signal_sequence		contig_5028:475661-476114
contig_503	1208992	1209272	intergenic	.	contig_503:1208992-1209272
contig_503	1777564	1777666	intergenic	.	contig_503:1777564-1777666
contig_5037	121281	121544	intergenic	.	contig_5037:121281-121544
contig_5037	182030	182494	exon,CDS,stop_codon,gene,mRNA		contig_5037:182030-182494
contig_5076	20657	20843	intergenic	.	contig_5076:20657-20843
contig_5076	284502	284642	intergenic	.	contig_5076:284502-284642
contig_5076	394312	394356	intergenic	.	contig_5076:394312-394356
contig_5076	595439	595498	intergenic	.	contig_5076:595439-595498
contig_5087	36788	37074	intergenic	.	contig_5087:36788-37074
contig_5096	17632	17801	intergenic	.	contig_5096:17632-17801
contig_5096	244304	244476	intergenic	.	contig_5096:244304-244476
contig_512	158415	158568	intergenic	.	contig_512:158415-158568
contig_512	190638	191027	intergenic	.	contig_512:190638-191027
contig_512	251209	251282	intergenic	.	contig_512:251209-251282
contig_512	301394	301632	intergenic	.	contig_512:301394-301632
contig_513	2352	2427	intergenic	.	contig_513:2352-2427
contig_513	2479	2557	intergenic	.	contig_513:2479-2557
contig_5221	5548	5822	intergenic	.	contig_5221:5548-5822
contig_5236	651506	651682	intergenic	.	contig_5236:651506-651682
contig_5236	702658	702921	intergenic	.	contig_5236:702658-702921
contig_5236	789026	789204	intergenic	.	contig_5236:789026-789204
contig_5242	764185	764259	intergenic	.	contig_5242:764185-764259
contig_5242	838355	838431	intergenic	.	contig_5242:838355-838431
contig_5242	838510	838556	intergenic	.	contig_5242:838510-838556
contig_5250	658042	658092	intergenic	.	contig_5250:658042-658092
contig_5250	658329	658534	intergenic	.	contig_5250:658329-658534
contig_5253	88911	89116	intergenic	.	contig_5253:88911-89116
contig_5253	196216	196308	intergenic	.	contig_5253:196216-196308
contig_5253	485107	485251	intergenic	.	contig_5253:485107-485251
contig_5253	562888	563164	intergenic	.	contig_5253:562888-563164
contig_5253	643181	643419	intergenic	.	contig_5253:643181-643419
contig_5264	61636	61851	intergenic	.	contig_5264:61636-61851
contig_5266	457364	457564	intergenic	.	contig_5266:457364-457564
contig_5266	1863489	1863615	intergenic	.	contig_5266:1863489-1863615
contig_5266	2115402	2115482	intergenic	.	contig_5266:2115402-2115482
contig_5266	3135889	3135936	intergenic	.	contig_5266:3135889-3135936
contig_5266	3527453	3527580	intergenic	.	contig_5266:3527453-3527580
contig_5266	3869851	3870127	intergenic	.	contig_5266:3869851-3870127
contig_5266	3870413	3870622	intergenic	.	contig_5266:3870413-3870622
contig_5286	102523	102589	intergenic	.	contig_5286:102523-102589
contig_5286	119815	120020	intergenic	.	contig_5286:119815-120020
contig_5286	162836	163033	intergenic	.	contig_5286:162836-163033
contig_5292	110313	110524	intergenic	.	contig_5292:110313-110524
contig_5292	110640	110893	intergenic	.	contig_5292:110640-110893
contig_5292	111432	111576	intergenic	.	contig_5292:111432-111576
contig_5292	525471	525618	intergenic	.	contig_5292:525471-525618
contig_5292	635733	635802	intergenic	.	contig_5292:635733-635802
contig_5299	379615	379645	intergenic	.	contig_5299:379615-379645
contig_530	228015	228193	intergenic	.	contig_530:228015-228193
contig_5323	1228322	1228606	exon,CDS,gene,mRNA		contig_5323:1228322-1228606
contig_5323	1970450	1970494	intergenic	.	contig_5323:1970450-1970494
contig_5323	1991426	1991478	intergenic	.	contig_5323:1991426-1991478
contig_5323	1997713	1997774	intergenic	.	contig_5323:1997713-1997774
contig_534	185799	185938	intergenic	.	contig_534:185799-185938
contig_5352	309271	309391	intergenic	.	contig_5352:309271-309391
contig_5359	53068	53336	intergenic	.	contig_5359:53068-53336
contig_5359	53400	53454	intergenic	.	contig_5359:53400-53454
contig_5359	62239	62636	intergenic	.	contig_5359:62239-62636
contig_5365	31022	31063	intergenic	.	contig_5365:31022-31063
contig_5365	518712	518836	gene,mRNA		contig_5365:518712-518836
contig_5365	598642	598753	gene,mRNA		contig_5365:598642-598753
contig_5365	647981	648044	intergenic	.	contig_5365:647981-648044
contig_5365	728291	728486	intergenic	.	contig_5365:728291-728486
contig_5378	1753434	1753556	intergenic	.	contig_5378:1753434-1753556
contig_5393	907623	907772	intergenic	.	contig_5393:907623-907772
contig_5393	1028631	1028963	gene,mRNA		contig_5393:1028631-1028963
contig_5401	230000	230030	intergenic	.	contig_5401:230000-230030
contig_5401	478581	478748	gene,mRNA		contig_5401:478581-478748
contig_545	74849	74933	intergenic	.	contig_545:74849-74933
contig_5508	146473	146740	gene,mRNA		contig_5508:146473-146740
contig_5523	432843	433080	intergenic	.	contig_5523:432843-433080
contig_5523	646468	646566	intergenic	.	contig_5523:646468-646566
contig_5523	957845	957950	intergenic	.	contig_5523:957845-957950
contig_5523	1901896	1902174	intergenic	.	contig_5523:1901896-1902174
contig_5523	2013391	2013623	intergenic	.	contig_5523:2013391-2013623
contig_5523	2067176	2067425	intergenic	.	contig_5523:2067176-2067425
contig_5523	2197374	2197750	gene,mRNA,start_codon,exon,CDS		contig_5523:2197374-2197750
contig_5523	2306312	2306804	intergenic	.	contig_5523:2306312-2306804
contig_5523	2383395	2383486	gene,mRNA		contig_5523:2383395-2383486
contig_5529	260866	261008	gene,mRNA		contig_5529:260866-261008
contig_5529	390289	390396	gene,mRNA		contig_5529:390289-390396
contig_5543	25919	26017	intergenic	.	contig_5543:25919-26017
contig_5543	26363	26453	intergenic	.	contig_5543:26363-26453
contig_5543	56835	57694	intergenic	.	contig_5543:56835-57694
contig_5543	338631	338983	gene,mRNA		contig_5543:338631-338983
contig_5543	364635	364734	intergenic	.	contig_5543:364635-364734
contig_5543	395024	395169	gene,mRNA		contig_5543:395024-395169
contig_5543	421606	421757	intergenic	.	contig_5543:421606-421757
contig_5543	428398	428763	intergenic	.	contig_5543:428398-428763
contig_5543	447654	447759	intergenic	.	contig_5543:447654-447759
contig_5543	493449	493646	intergenic	.	contig_5543:493449-493646
contig_555	167849	168015	intergenic	.	contig_555:167849-168015
contig_5555	204928	204978	intergenic	.	contig_5555:204928-204978
contig_5555	497966	498097	gene,mRNA		contig_5555:497966-498097
contig_5574	7722	7802	gene,mRNA		contig_5574:7722-7802
contig_5574	31398	31520	gene,mRNA		contig_5574:31398-31520
contig_558	356808	356861	intergenic	.	contig_558:356808-356861
contig_558	356934	356971	intergenic	.	contig_558:356934-356971
contig_558	357157	357269	intergenic	.	contig_558:357157-357269
contig_558	857467	857534	intergenic	.	contig_558:857467-857534
contig_558	2049232	2049300	intergenic	.	contig_558:2049232-2049300
contig_558	2077030	2077263	gene,mRNA		contig_558:2077030-2077263
contig_558	2159294	2159603	intergenic	.	contig_558:2159294-2159603
contig_558	2197140	2197338	gene,mRNA		contig_558:2197140-2197338
contig_5582	166829	167138	intergenic	.	contig_5582:166829-167138
contig_5626	160057	160195	intergenic	.	contig_5626:160057-160195
contig_5626	747373	747566	gene,mRNA		contig_5626:747373-747566
contig_5626	788134	788402	intergenic	.	contig_5626:788134-788402
contig_5626	997893	997936	intergenic	.	contig_5626:997893-997936
contig_5626	1186167	1186197	intergenic	.	contig_5626:1186167-1186197
contig_5631	95319	95371	intergenic	.	contig_5631:95319-95371
contig_5631	835918	836097	intergenic	.	contig_5631:835918-836097
contig_5631	1392540	1392638	intergenic	.	contig_5631:1392540-1392638
contig_5631	1708850	1709088	intergenic	.	contig_5631:1708850-1709088
contig_5631	1822508	1822646	intergenic	.	contig_5631:1822508-1822646
contig_5640	9444	9570	intergenic	.	contig_5640:9444-9570
contig_5640	322836	323248	intergenic	.	contig_5640:322836-323248
contig_5640	424519	424729	intergenic	.	contig_5640:424519-424729
contig_5640	486705	487017	intergenic	.	contig_5640:486705-487017
contig_5640	744082	744226	intergenic	.	contig_5640:744082-744226
contig_5640	780138	780255	intergenic	.	contig_5640:780138-780255
contig_5655	125313	125551	gene,mRNA		contig_5655:125313-125551
contig_5655	2881507	2881589	gene,mRNA		contig_5655:2881507-2881589
contig_5655	3106725	3106996	intergenic	.	contig_5655:3106725-3106996
contig_5655	5611097	5611156	gene,mRNA		contig_5655:5611097-5611156
contig_5655	5718159	5718364	intergenic	.	contig_5655:5718159-5718364
contig_570	540505	540537	intergenic	.	contig_570:540505-540537
contig_570	579148	579234	intergenic	.	contig_570:579148-579234
contig_570	1439213	1439359	intergenic	.	contig_570:1439213-1439359
contig_570	1455059	1455189	gene,mRNA		contig_570:1455059-1455189
contig_5711	227748	228106	intergenic	.	contig_5711:227748-228106
contig_5711	266192	266373	gene,mRNA		contig_5711:266192-266373
contig_5711	284172	284377	intergenic	.	contig_5711:284172-284377
contig_5711	483902	483969	gene,mRNA		contig_5711:483902-483969
contig_5711	838440	838643	intergenic	.	contig_5711:838440-838643
contig_5711	838744	838887	intergenic	.	contig_5711:838744-838887
contig_5711	1088499	1088706	intergenic	.	contig_5711:1088499-1088706
contig_5711	1373918	1374168	intergenic	.	contig_5711:1373918-1374168
contig_5711	1506278	1506548	gene,mRNA		contig_5711:1506278-1506548
contig_5711	1702956	1703284	gene,mRNA,exon,CDS		contig_5711:1702956-1703284
contig_5715	256588	256649	intergenic	.	contig_5715:256588-256649
contig_5715	303542	303764	intergenic	.	contig_5715:303542-303764
contig_5720	3601822	3602055	intergenic	.	contig_5720:3601822-3602055
contig_5720	4334141	4334282	intergenic	.	contig_5720:4334141-4334282
contig_5720	4357532	4357751	intergenic	.	contig_5720:4357532-4357751
contig_5720	4709394	4709578	gene,mRNA		contig_5720:4709394-4709578
contig_5733	431180	431252	intergenic	.	contig_5733:431180-431252
contig_5733	1091432	1091663	intergenic	.	contig_5733:1091432-1091663
contig_5733	1386684	1386990	gene,mRNA		contig_5733:1386684-1386990
contig_575	168730	168883	gene,mRNA		contig_575:168730-168883
contig_575	1620762	1620805	intergenic	.	contig_575:1620762-1620805
contig_575	3191253	3191345	intergenic	.	contig_575:3191253-3191345
contig_575	4409518	4409803	gene,mRNA		contig_575:4409518-4409803
contig_5763	460457	460552	gene,mRNA		contig_5763:460457-460552
contig_5768	61385	61900	intergenic	.	contig_5768:61385-61900
contig_5768	63566	63731	intergenic	.	contig_5768:63566-63731
contig_5768	179444	179571	gene,mRNA		contig_5768:179444-179571
contig_5768	520453	520514	intergenic	.	contig_5768:520453-520514
contig_578	61518	61575	intergenic	.	contig_578:61518-61575
contig_578	1050593	1050644	intergenic	.	contig_578:1050593-1050644
contig_578	1095426	1095551	intergenic	.	contig_578:1095426-1095551
contig_578	1387346	1387526	intergenic	.	contig_578:1387346-1387526
contig_578	1389042	1389327	intergenic	.	contig_578:1389042-1389327
contig_5783	100397	100702	intergenic	.	contig_5783:100397-100702
contig_5783	303036	303186	intergenic	.	contig_5783:303036-303186
contig_5783	341740	341779	intergenic	.	contig_5783:341740-341779
contig_5817	38169	38208	intergenic	.	contig_5817:38169-38208
contig_5820	256950	257018	intergenic	.	contig_5820:256950-257018
contig_5821	153708	153893	intergenic	.	contig_5821:153708-153893
contig_5821	327237	327512	gene,mRNA,exon,CDS,start_codon		contig_5821:327237-327512
contig_5821	505761	506203	intergenic	.	contig_5821:505761-506203
contig_5821	891992	892045	intergenic	.	contig_5821:891992-892045
contig_5825	269624	270056	intergenic	.	contig_5825:269624-270056
contig_5827	247872	248045	intergenic	.	contig_5827:247872-248045
contig_5832	353199	353261	intergenic	.	contig_5832:353199-353261
contig_584	32284	32692	intergenic	.	contig_584:32284-32692
contig_5843	4688	4749	intergenic	.	contig_5843:4688-4749
contig_5843	28372	28736	gene,mRNA		contig_5843:28372-28736
contig_5843	134090	134191	intergenic	.	contig_5843:134090-134191
contig_5843	143284	143759	intergenic	.	contig_5843:143284-143759
contig_5855	112790	113048	intergenic	.	contig_5855:112790-113048
contig_589	109399	109504	intergenic	.	contig_589:109399-109504
contig_589	477597	477669	gene,mRNA		contig_589:477597-477669
contig_5900	74572	75108	gene,mRNA		contig_5900:74572-75108
contig_5900	344383	344686	intergenic	.	contig_5900:344383-344686
contig_5913	565571	565707	gene,mRNA		contig_5913:565571-565707
contig_5913	565772	565926	gene,mRNA		contig_5913:565772-565926
contig_5913	565990	566104	gene,mRNA		contig_5913:565990-566104
contig_5913	844265	844348	intergenic	.	contig_5913:844265-844348
contig_5913	845637	845760	intergenic	.	contig_5913:845637-845760
contig_592	2495886	2495952	intergenic	.	contig_592:2495886-2495952
contig_5931	6729	6930	intergenic	.	contig_5931:6729-6930
contig_5947	63817	63961	intergenic	.	contig_5947:63817-63961
contig_5947	466203	466316	intergenic	.	contig_5947:466203-466316
contig_5947	737458	737654	intergenic	.	contig_5947:737458-737654
contig_5947	1229179	1229280	gene,mRNA		contig_5947:1229179-1229280
contig_5958	57862	58044	intergenic	.	contig_5958:57862-58044
contig_5991	326524	326686	gene,mRNA		contig_5991:326524-326686
contig_5991	627610	627640	intergenic	.	contig_5991:627610-627640
contig_5991	719751	719860	intergenic	.	contig_5991:719751-719860
contig_5991	719927	720118	intergenic	.	contig_5991:719927-720118
contig_5991	1076666	1076792	intergenic	.	contig_5991:1076666-1076792
contig_6002	44594	44666	gene,mRNA		contig_6002:44594-44666
contig_6039	3911	4015	intergenic	.	contig_6039:3911-4015
contig_6039	116005	116117	intergenic	.	contig_6039:116005-116117
contig_6039	283499	283728	intergenic	.	contig_6039:283499-283728
contig_6049	48448	48609	gene,mRNA		contig_6049:48448-48609
contig_6049	71712	72229	intergenic	.	contig_6049:71712-72229
contig_606	72883	72942	intergenic	.	contig_606:72883-72942
contig_6092	213972	214060	intergenic	.	contig_6092:213972-214060
contig_6125	285440	285750	intergenic	.	contig_6125:285440-285750
contig_6125	720566	720671	intergenic	.	contig_6125:720566-720671
contig_6125	721073	721232	intergenic	.	contig_6125:721073-721232
contig_6125	729210	729293	intergenic	.	contig_6125:729210-729293
contig_6131	536332	536553	intergenic	.	contig_6131:536332-536553
contig_6131	563352	563481	intergenic	.	contig_6131:563352-563481
contig_6131	820260	820580	intergenic	.	contig_6131:820260-820580
contig_6154	208889	209004	intergenic	.	contig_6154:208889-209004
contig_6154	209280	209315	intergenic	.	contig_6154:209280-209315
contig_6154	209527	209621	intergenic	.	contig_6154:209527-209621
contig_6154	261243	261371	intergenic	.	contig_6154:261243-261371
contig_6175	237804	238078	intergenic	.	contig_6175:237804-238078
contig_6175	250385	250565	intergenic	.	contig_6175:250385-250565
contig_6175	851671	851701	intergenic	.	contig_6175:851671-851701
contig_6175	1852158	1852205	intergenic	.	contig_6175:1852158-1852205
contig_6175	2042719	2042793	intergenic	.	contig_6175:2042719-2042793
contig_6175	2439034	2439152	gene,mRNA		contig_6175:2439034-2439152
contig_6175	2917071	2917186	intergenic	.	contig_6175:2917071-2917186
contig_6175	3211873	3212024	gene,polyA_signal_sequence		contig_6175:3211873-3212024
contig_621	155169	155281	intergenic	.	contig_621:155169-155281
contig_6255	2984333	2984563	gene,mRNA		contig_6255:2984333-2984563
contig_6255	3573446	3573900	gene,mRNA		contig_6255:3573446-3573900
contig_6255	3975615	3975645	intergenic	.	contig_6255:3975615-3975645
contig_626	318652	318778	intergenic	.	contig_626:318652-318778
contig_626	351873	352079	intergenic	.	contig_626:351873-352079
contig_626	540164	540676	intergenic	.	contig_626:540164-540676
contig_626	947693	947801	intergenic	.	contig_626:947693-947801
contig_626	1208164	1208274	intergenic	.	contig_626:1208164-1208274
contig_626	1208329	1208379	intergenic	.	contig_626:1208329-1208379
contig_626	1664602	1664800	intergenic	.	contig_626:1664602-1664800
contig_626	1693651	1694120	intergenic	.	contig_626:1693651-1694120
contig_626	1809013	1809120	intergenic	.	contig_626:1809013-1809120
contig_626	1810719	1810899	intergenic	.	contig_626:1810719-1810899
contig_626	1868190	1868262	intergenic	.	contig_626:1868190-1868262
contig_626	1924944	1925229	intergenic	.	contig_626:1924944-1925229
contig_626	2057754	2058236	gene,mRNA,exon,CDS		contig_626:2057754-2058236
contig_626	2322115	2322463	intergenic	.	contig_626:2322115-2322463
contig_626	2657459	2657752	gene,mRNA		contig_626:2657459-2657752
contig_627	55072	55292	intergenic	.	contig_627:55072-55292
contig_627	68762	68872	intergenic	.	contig_627:68762-68872
contig_6272	123181	123517	exon,CDS,gene,mRNA		contig_6272:123181-123517
contig_6272	1924765	1924834	gene,mRNA		contig_6272:1924765-1924834
contig_6291	55336	55783	intergenic	.	contig_6291:55336-55783
contig_6291	604701	604835	intergenic	.	contig_6291:604701-604835
contig_631	533178	533338	intergenic	.	contig_631:533178-533338
contig_631	888738	888946	gene,mRNA		contig_631:888738-888946
contig_631	889200	889346	gene,mRNA		contig_631:889200-889346
contig_631	907402	907514	gene,mRNA		contig_631:907402-907514
contig_631	956458	956501	intergenic	.	contig_631:956458-956501
contig_631	1487681	1488041	start_codon,exon,CDS,gene,mRNA		contig_631:1487681-1488041
contig_6313	85094	85505	exon,CDS,gene,mRNA		contig_6313:85094-85505
contig_6313	213818	213920	gene,mRNA		contig_6313:213818-213920
contig_6313	221792	222240	gene,mRNA		contig_6313:221792-222240
contig_6313	766929	766999	gene,mRNA		contig_6313:766929-766999
contig_6313	833401	833641	intergenic	.	contig_6313:833401-833641
contig_6337	20758	21070	intergenic	.	contig_6337:20758-21070
contig_6358	134010	134393	intergenic	.	contig_6358:134010-134393
contig_6358	441023	441318	intergenic	.	contig_6358:441023-441318
contig_6358	607090	607232	intergenic	.	contig_6358:607090-607232
contig_6365	235119	235478	intergenic	.	contig_6365:235119-235478
contig_6365	321174	321570	gene,mRNA		contig_6365:321174-321570
contig_6379	101311	101466	intergenic	.	contig_6379:101311-101466
contig_6379	492703	492799	gene,mRNA		contig_6379:492703-492799
contig_6379	493037	493172	gene,mRNA		contig_6379:493037-493172
contig_6400	411483	411531	gene,mRNA		contig_6400:411483-411531
contig_6423	92306	92568	gene,mRNA		contig_6423:92306-92568
contig_6423	448497	448855	gene,mRNA		contig_6423:448497-448855
contig_6423	727717	728011	intergenic	.	contig_6423:727717-728011
contig_6429	9434	9629	intergenic	.	contig_6429:9434-9629
contig_6429	1546155	1546269	intergenic	.	contig_6429:1546155-1546269
contig_6429	1967565	1967664	intergenic	.	contig_6429:1967565-1967664
contig_6429	2157859	2158141	intergenic	.	contig_6429:2157859-2158141
contig_643	633200	633455	intergenic	.	contig_643:633200-633455
contig_643	863270	863423	intergenic	.	contig_643:863270-863423
contig_643	904763	905192	intergenic	.	contig_643:904763-905192
contig_643	906765	906972	intergenic	.	contig_643:906765-906972
contig_643	1371779	1372256	intergenic	.	contig_643:1371779-1372256
contig_643	1439607	1439812	intergenic	.	contig_643:1439607-1439812
contig_643	1505653	1505908	intergenic	.	contig_643:1505653-1505908
contig_6437	666622	666688	intergenic	.	contig_6437:666622-666688
contig_647	32986	33121	intergenic	.	contig_647:32986-33121
contig_6484	545621	545687	gene,mRNA		contig_6484:545621-545687
contig_6495	227826	228000	intergenic	.	contig_6495:227826-228000
contig_6495	249171	249423	gene,mRNA		contig_6495:249171-249423
contig_6495	340109	340263	intergenic	.	contig_6495:340109-340263
contig_6495	340386	340514	intergenic	.	contig_6495:340386-340514
contig_6495	1572337	1572617	gene,mRNA		contig_6495:1572337-1572617
contig_650	44905	44994	intergenic	.	contig_650:44905-44994
contig_6511	1656601	1656666	gene,mRNA		contig_6511:1656601-1656666
contig_6511	2316142	2316289	gene,mRNA		contig_6511:2316142-2316289
contig_6511	3179339	3179535	intergenic	.	contig_6511:3179339-3179535
contig_6520	22981	23165	intergenic	.	contig_6520:22981-23165
contig_6520	483194	483320	intergenic	.	contig_6520:483194-483320
contig_6526	327433	327687	intergenic	.	contig_6526:327433-327687
contig_6526	404152	404198	intergenic	.	contig_6526:404152-404198
contig_6526	426651	426950	intergenic	.	contig_6526:426651-426950
contig_6526	428319	428545	intergenic	.	contig_6526:428319-428545
contig_653	94382	94654	intergenic	.	contig_653:94382-94654
contig_6557	98304	98728	intergenic	.	contig_6557:98304-98728
contig_6557	299413	299456	intergenic	.	contig_6557:299413-299456
contig_6557	603985	604309	gene,mRNA		contig_6557:603985-604309
contig_6557	687146	687237	gene,mRNA		contig_6557:687146-687237
contig_656	47836	47981	intergenic	.	contig_656:47836-47981
contig_656	48318	48363	intergenic	.	contig_656:48318-48363
contig_656	48472	48562	intergenic	.	contig_656:48472-48562
contig_656	416834	416912	intergenic	.	contig_656:416834-416912
contig_656	650382	650443	gene,mRNA		contig_656:650382-650443
contig_660	1321244	1321288	intergenic	.	contig_660:1321244-1321288
contig_660	1482343	1482428	intergenic	.	contig_660:1482343-1482428
contig_6605	201042	201186	intergenic	.	contig_6605:201042-201186
contig_664	179160	179375	gene,mRNA		contig_664:179160-179375
contig_6649	286059	286175	gene,mRNA		contig_6649:286059-286175
contig_6649	930971	931075	gene,mRNA		contig_6649:930971-931075
contig_6649	1020487	1020743	gene,mRNA		contig_6649:1020487-1020743
contig_6649	1079858	1079964	intergenic	.	contig_6649:1079858-1079964
contig_668	744	856	intergenic	.	contig_668:744-856
contig_669	75665	75738	gene,mRNA		contig_669:75665-75738
contig_6746	990911	991129	intergenic	.	contig_6746:990911-991129
contig_6746	1366298	1366328	intergenic	.	contig_6746:1366298-1366328
contig_6762	66853	67104	intergenic	.	contig_6762:66853-67104
contig_6762	67188	67317	intergenic	.	contig_6762:67188-67317
contig_6762	1487601	1487773	intergenic	.	contig_6762:1487601-1487773
contig_6788	107555	107892	gene,mRNA		contig_6788:107555-107892
contig_679	62020	62061	intergenic	.	contig_679:62020-62061
contig_679	332310	332401	intergenic	.	contig_679:332310-332401
contig_679	512393	512817	intergenic	.	contig_679:512393-512817
contig_6827	227958	228131	gene,mRNA		contig_6827:227958-228131
contig_6827	408135	408282	gene,mRNA		contig_6827:408135-408282
contig_6849	38926	39139	intergenic	.	contig_6849:38926-39139
contig_6849	112272	112551	gene,mRNA		contig_6849:112272-112551
contig_6854	46335	46591	intergenic	.	contig_6854:46335-46591
contig_6854	68620	68750	intergenic	.	contig_6854:68620-68750
contig_6865	22824	22865	intergenic	.	contig_6865:22824-22865
contig_6865	170836	170936	intergenic	.	contig_6865:170836-170936
contig_6865	170990	171115	intergenic	.	contig_6865:170990-171115
contig_6865	229715	229893	intergenic	.	contig_6865:229715-229893
contig_6865	642432	642835	intergenic	.	contig_6865:642432-642835
contig_6870	424295	424339	intergenic	.	contig_6870:424295-424339
contig_6871	907404	907529	intergenic	.	contig_6871:907404-907529
contig_688	72234	72437	intergenic	.	contig_688:72234-72437
contig_6898	221923	222194	intergenic	.	contig_6898:221923-222194
contig_6898	420910	421093	gene,mRNA		contig_6898:420910-421093
contig_6933	649938	650070	gene,mRNA		contig_6933:649938-650070
contig_6933	909827	909938	intergenic	.	contig_6933:909827-909938
contig_6933	992529	992823	intergenic	.	contig_6933:992529-992823
contig_700	33542	34002	intergenic	.	contig_700:33542-34002
contig_700	655884	655976	intergenic	.	contig_700:655884-655976
contig_700	761679	761774	intergenic	.	contig_700:761679-761774
contig_701	5528	5558	intergenic	.	contig_701:5528-5558
contig_7033	198839	199019	intergenic	.	contig_7033:198839-199019
contig_7033	236560	236654	intergenic	.	contig_7033:236560-236654
contig_7033	336696	336814	intergenic	.	contig_7033:336696-336814
contig_7033	469345	469485	intergenic	.	contig_7033:469345-469485
contig_7033	940859	940949	intergenic	.	contig_7033:940859-940949
contig_708	3475905	3475996	intergenic	.	contig_708:3475905-3475996
contig_708	3983383	3983520	intergenic	.	contig_708:3983383-3983520
contig_7089	6618	6870	gene,mRNA		contig_7089:6618-6870
contig_7089	27528	27599	gene,mRNA		contig_7089:27528-27599
contig_7089	246936	247209	intergenic	.	contig_7089:246936-247209
contig_709	71428	71600	intergenic	.	contig_709:71428-71600
contig_7118	5238	5607	intergenic	.	contig_7118:5238-5607
contig_7118	5955	6076	intergenic	.	contig_7118:5955-6076
contig_7118	139884	139979	intergenic	.	contig_7118:139884-139979
contig_7118	140288	140511	intergenic	.	contig_7118:140288-140511
contig_7118	598002	598217	gene,mRNA		contig_7118:598002-598217
contig_7118	714264	714359	gene,mRNA		contig_7118:714264-714359
contig_7118	914923	915035	intergenic	.	contig_7118:914923-915035
contig_7122	415966	416030	intergenic	.	contig_7122:415966-416030
contig_7131	98780	98932	intergenic	.	contig_7131:98780-98932
contig_7131	162224	162449	intergenic	.	contig_7131:162224-162449
contig_7131	205533	205700	intergenic	.	contig_7131:205533-205700
contig_7131	231276	231927	intergenic	.	contig_7131:231276-231927
contig_7144	1171337	1171392	intergenic	.	contig_7144:1171337-1171392
contig_7153	55107	55259	intergenic	.	contig_7153:55107-55259
contig_7153	178941	179326	intergenic	.	contig_7153:178941-179326
contig_7162	7208	7541	intergenic	.	contig_7162:7208-7541
contig_7162	462568	463001	intergenic	.	contig_7162:462568-463001
contig_7162	518066	518237	intergenic	.	contig_7162:518066-518237
contig_7162	1021473	1021532	intergenic	.	contig_7162:1021473-1021532
contig_7210	806565	806736	intergenic	.	contig_7210:806565-806736
contig_7210	940527	940604	intergenic	.	contig_7210:940527-940604
contig_7210	981577	981935	intergenic	.	contig_7210:981577-981935
contig_7210	1149120	1149479	intergenic	.	contig_7210:1149120-1149479
contig_7210	1327820	1327883	intergenic	.	contig_7210:1327820-1327883
contig_7210	1407660	1407921	intergenic	.	contig_7210:1407660-1407921
contig_7210	1550777	1550872	gene,mRNA		contig_7210:1550777-1550872
contig_7210	1551031	1551392	gene,mRNA		contig_7210:1551031-1551392
contig_7210	1551766	1551812	gene,mRNA		contig_7210:1551766-1551812
contig_7210	1569731	1570099	polyA_signal_sequence,gene		contig_7210:1569731-1570099
contig_7210	1570242	1570420	exon,CDS,gene,mRNA		contig_7210:1570242-1570420
contig_7210	1798402	1798460	intergenic	.	contig_7210:1798402-1798460
contig_7210	3537378	3537590	intergenic	.	contig_7210:3537378-3537590
contig_7210	3580957	3581097	gene,mRNA		contig_7210:3580957-3581097
contig_7222	337207	337455	intergenic	.	contig_7222:337207-337455
contig_7222	1267576	1267822	intergenic	.	contig_7222:1267576-1267822
contig_727	1365724	1365764	intergenic	.	contig_727:1365724-1365764
contig_727	1669379	1669538	intergenic	.	contig_727:1669379-1669538
contig_7276	862490	862618	intergenic	.	contig_7276:862490-862618
contig_7276	1033170	1033235	intergenic	.	contig_7276:1033170-1033235
contig_7276	1130681	1130768	gene,mRNA		contig_7276:1130681-1130768
contig_7276	1577038	1577386	intergenic	.	contig_7276:1577038-1577386
contig_7276	2085517	2085551	intergenic	.	contig_7276:2085517-2085551
contig_7276	2150536	2150644	intergenic	.	contig_7276:2150536-2150644
contig_7276	6547201	6547468	gene,mRNA		contig_7276:6547201-6547468
contig_7276	7402792	7402826	intergenic	.	contig_7276:7402792-7402826
contig_7276	7402895	7402930	intergenic	.	contig_7276:7402895-7402930
contig_7276	7402983	7403044	intergenic	.	contig_7276:7402983-7403044
contig_7276	7734456	7734558	intergenic	.	contig_7276:7734456-7734558
contig_7309	251236	251336	intergenic	.	contig_7309:251236-251336
contig_733	325054	325154	intergenic	.	contig_733:325054-325154
contig_733	1003802	1004598	intergenic	.	contig_733:1003802-1004598
contig_734	589790	589896	intergenic	.	contig_734:589790-589896
contig_737	678593	678728	gene,mRNA		contig_737:678593-678728
contig_737	2012320	2012407	intergenic	.	contig_737:2012320-2012407
contig_738	1180026	1180171	exon,CDS,gene,mRNA		contig_738:1180026-1180171
contig_7413	467785	467992	intergenic	.	contig_7413:467785-467992
contig_7424	310518	310719	gene,mRNA		contig_7424:310518-310719
contig_7424	342007	342418	intergenic	.	contig_7424:342007-342418
contig_744	1748790	1748832	gene,mRNA		contig_744:1748790-1748832
contig_7463	176230	176393	intergenic	.	contig_7463:176230-176393
contig_748	414303	414451	intergenic	.	contig_748:414303-414451
contig_7484	544014	544341	gene,mRNA		contig_7484:544014-544341
contig_7491	847100	847245	gene,mRNA		contig_7491:847100-847245
contig_753	614449	614951	gene,mRNA		contig_753:614449-614951
contig_753	1288166	1288220	intergenic	.	contig_753:1288166-1288220
contig_7551	735264	735797	intergenic	.	contig_7551:735264-735797
contig_756	233589	233715	intergenic	.	contig_756:233589-233715
contig_757	302273	302476	intergenic	.	contig_757:302273-302476
contig_757	302541	302649	intergenic	.	contig_757:302541-302649
contig_757	805293	805553	intergenic	.	contig_757:805293-805553
contig_757	831223	831505	intergenic	.	contig_757:831223-831505
contig_757	905316	905366	intergenic	.	contig_757:905316-905366
contig_757	905740	905834	intergenic	.	contig_757:905740-905834
contig_757	1137391	1137447	intergenic	.	contig_757:1137391-1137447
contig_757	1597222	1597425	intergenic	.	contig_757:1597222-1597425
contig_757	1776442	1776584	intergenic	.	contig_757:1776442-1776584
contig_757	1776881	1776998	intergenic	.	contig_757:1776881-1776998
contig_7609	107151	107221	intergenic	.	contig_7609:107151-107221
contig_7609	933576	933619	intergenic	.	contig_7609:933576-933619
contig_7609	1897380	1897678	gene,polyA_signal_sequence,mRNA,stop_codon,exon,CDS,start_codon		contig_7609:1897380-1897678
contig_7617	52541	52618	intergenic	.	contig_7617:52541-52618
contig_7617	52758	52878	intergenic	.	contig_7617:52758-52878
contig_7617	53177	53233	intergenic	.	contig_7617:53177-53233
contig_7617	239050	239176	gene,mRNA		contig_7617:239050-239176
contig_7657	172412	172523	intergenic	.	contig_7657:172412-172523
contig_7657	521639	521685	intergenic	.	contig_7657:521639-521685
contig_7657	707567	707869	intergenic	.	contig_7657:707567-707869
contig_7657	1120995	1121097	intergenic	.	contig_7657:1120995-1121097
contig_7657	1121245	1121278	intergenic	.	contig_7657:1121245-1121278
contig_7657	1533999	1534102	intergenic	.	contig_7657:1533999-1534102
contig_7710	31837	31915	intergenic	.	contig_7710:31837-31915
contig_7710	302883	303144	intergenic	.	contig_7710:302883-303144
contig_7710	1764177	1764209	intergenic	.	contig_7710:1764177-1764209
contig_7720	8273	8332	intergenic	.	contig_7720:8273-8332
contig_773	435704	435812	intergenic	.	contig_773:435704-435812
contig_7730	11466	11497	intergenic	.	contig_7730:11466-11497
contig_775	701653	701817	intergenic	.	contig_775:701653-701817
contig_775	924330	924414	intergenic	.	contig_775:924330-924414
contig_775	924479	924799	intergenic	.	contig_775:924479-924799
contig_775	1954852	1955232	intergenic	.	contig_775:1954852-1955232
contig_775	2694064	2694256	intergenic	.	contig_775:2694064-2694256
contig_775	2721059	2721237	intergenic	.	contig_775:2721059-2721237
contig_775	2898883	2898953	intergenic	.	contig_775:2898883-2898953
contig_7752	39486	39920	intergenic	.	contig_7752:39486-39920
contig_7752	102039	102123	intergenic	.	contig_7752:102039-102123
contig_7752	230468	230908	intergenic	.	contig_7752:230468-230908
contig_7752	734050	734168	intergenic	.	contig_7752:734050-734168
contig_7755	325756	325988	intergenic	.	contig_7755:325756-325988
contig_7755	759959	760183	intergenic	.	contig_7755:759959-760183
contig_7762	54028	54386	intergenic	.	contig_7762:54028-54386
contig_7778	37162	37352	intergenic	.	contig_7778:37162-37352
contig_7790	360355	360536	gene,mRNA		contig_7790:360355-360536
contig_7817	490362	490567	intergenic	.	contig_7817:490362-490567
contig_7817	904937	905047	intergenic	.	contig_7817:904937-905047
contig_7817	980538	980747	intergenic	.	contig_7817:980538-980747
contig_7817	1033230	1033477	intergenic	.	contig_7817:1033230-1033477
contig_7817	1254855	1254899	intergenic	.	contig_7817:1254855-1254899
contig_7817	1813152	1813239	gene,mRNA		contig_7817:1813152-1813239
contig_7817	1966401	1966616	gene,mRNA		contig_7817:1966401-1966616
contig_7817	1966890	1966923	gene,mRNA		contig_7817:1966890-1966923
contig_7817	1985952	1986069	intergenic	.	contig_7817:1985952-1986069
contig_7817	2116121	2116282	intergenic	.	contig_7817:2116121-2116282
contig_7817	2305085	2305309	intergenic	.	contig_7817:2305085-2305309
contig_7817	2409391	2409520	intergenic	.	contig_7817:2409391-2409520
contig_7817	2471950	2472013	intergenic	.	contig_7817:2471950-2472013
contig_7817	2472091	2472374	intergenic	.	contig_7817:2472091-2472374
contig_782	59844	60083	intergenic	.	contig_782:59844-60083
contig_782	118953	119085	gene,mRNA		contig_782:118953-119085
contig_7830	68616	68767	intergenic	.	contig_7830:68616-68767
contig_7830	261856	261958	intergenic	.	contig_7830:261856-261958
contig_7830	277242	277625	intergenic	.	contig_7830:277242-277625
contig_7830	279648	279816	intergenic	.	contig_7830:279648-279816
contig_7830	301704	301774	intergenic	.	contig_7830:301704-301774
contig_7830	370876	370982	intergenic	.	contig_7830:370876-370982
contig_7830	607977	608097	intergenic	.	contig_7830:607977-608097
contig_7830	640067	640379	intergenic	.	contig_7830:640067-640379
contig_7830	692627	692704	intergenic	.	contig_7830:692627-692704
contig_7830	857489	857611	intergenic	.	contig_7830:857489-857611
contig_7830	857987	858246	intergenic	.	contig_7830:857987-858246
contig_7840	489335	489563	gene,mRNA		contig_7840:489335-489563
contig_7847	399714	399760	gene,mRNA		contig_7847:399714-399760
contig_7847	1243205	1243718	intergenic	.	contig_7847:1243205-1243718
contig_7859	88401	88638	intergenic	.	contig_7859:88401-88638
contig_7859	328762	329180	intergenic	.	contig_7859:328762-329180
contig_7859	418156	418411	intergenic	.	contig_7859:418156-418411
contig_7859	874032	874164	exon,CDS,gene,mRNA		contig_7859:874032-874164
contig_791	34817	34995	gene,mRNA		contig_791:34817-34995
contig_791	355473	355717	intergenic	.	contig_791:355473-355717
contig_7913	137903	138093	intergenic	.	contig_7913:137903-138093
contig_7913	576810	576979	gene,mRNA		contig_7913:576810-576979
contig_7913	630164	630435	gene,mRNA		contig_7913:630164-630435
contig_7913	663228	663293	gene,mRNA		contig_7913:663228-663293
contig_7913	663357	663443	gene,mRNA		contig_7913:663357-663443
contig_7913	685386	685477	gene,mRNA		contig_7913:685386-685477
contig_7913	1369746	1369818	intergenic	.	contig_7913:1369746-1369818
contig_7913	1571201	1571406	intergenic	.	contig_7913:1571201-1571406
contig_7913	1691575	1691756	intergenic	.	contig_7913:1691575-1691756
contig_7918	280427	280590	intergenic	.	contig_7918:280427-280590
contig_7918	293166	293262	gene,mRNA		contig_7918:293166-293262
contig_7918	302663	302959	intergenic	.	contig_7918:302663-302959
contig_7925	51035	51176	exon,CDS,stop_codon,polyA_signal_sequence,gene,mRNA		contig_7925:51035-51176
contig_7936	97890	98015	intergenic	.	contig_7936:97890-98015
contig_7936	98386	98452	intergenic	.	contig_7936:98386-98452
contig_7936	351248	351416	intergenic	.	contig_7936:351248-351416
contig_7953	1891	2067	intergenic	.	contig_7953:1891-2067
contig_7953	220171	220399	intergenic	.	contig_7953:220171-220399
contig_7953	308895	309086	intergenic	.	contig_7953:308895-309086
contig_7953	355709	355847	intergenic	.	contig_7953:355709-355847
contig_7953	440474	440611	gene,mRNA		contig_7953:440474-440611
contig_7953	530302	530394	intergenic	.	contig_7953:530302-530394
contig_7998	121214	121331	intergenic	.	contig_7998:121214-121331
contig_7998	226210	226500	intergenic	.	contig_7998:226210-226500
contig_7998	272458	272733	gene,mRNA		contig_7998:272458-272733
contig_7998	272791	272881	gene,mRNA		contig_7998:272791-272881
contig_7998	581094	581198	intergenic	.	contig_7998:581094-581198
contig_7998	680936	681188	intergenic	.	contig_7998:680936-681188
contig_7998	778205	778282	intergenic	.	contig_7998:778205-778282
contig_7998	803156	803272	intergenic	.	contig_7998:803156-803272
contig_800	125550	125633	gene,mRNA		contig_800:125550-125633
contig_8019	107444	107724	intergenic	.	contig_8019:107444-107724
contig_8036	7169	7307	intergenic	.	contig_8036:7169-7307
contig_8036	9827	9932	intergenic	.	contig_8036:9827-9932
contig_8036	279274	279431	intergenic	.	contig_8036:279274-279431
contig_806	173893	174021	intergenic	.	contig_806:173893-174021
contig_8061	437313	437615	intergenic	.	contig_8061:437313-437615
contig_8076	754039	754360	intergenic	.	contig_8076:754039-754360
contig_8076	1080201	1080496	intergenic	.	contig_8076:1080201-1080496
contig_8086	184063	184230	intergenic	.	contig_8086:184063-184230
contig_8095	85120	85211	intergenic	.	contig_8095:85120-85211
contig_8095	150108	150205	gene,mRNA		contig_8095:150108-150205
contig_8095	927628	927924	intergenic	.	contig_8095:927628-927924
contig_8095	950005	950208	intergenic	.	contig_8095:950005-950208
contig_8108	229061	229317	intergenic	.	contig_8108:229061-229317
contig_8108	950263	950439	intergenic	.	contig_8108:950263-950439
contig_8108	961556	961766	intergenic	.	contig_8108:961556-961766
contig_8108	1184740	1185134	intergenic	.	contig_8108:1184740-1185134
contig_8108	1467571	1467624	intergenic	.	contig_8108:1467571-1467624
contig_8111	383008	383762	gene,polyA_signal_sequence,mRNA,stop_codon,exon,CDS		contig_8111:383008-383762
contig_8111	459181	459247	intergenic	.	contig_8111:459181-459247
contig_8111	675836	676036	intergenic	.	contig_8111:675836-676036
contig_8111	879404	879721	intergenic	.	contig_8111:879404-879721
contig_8111	989975	990090	intergenic	.	contig_8111:989975-990090
contig_8133	398840	398970	intergenic	.	contig_8133:398840-398970
contig_8133	399349	399623	intergenic	.	contig_8133:399349-399623
contig_8140	491485	491635	intergenic	.	contig_8140:491485-491635
contig_8140	1363283	1363666	intergenic	.	contig_8140:1363283-1363666
contig_8170	44316	44364	gene,mRNA		contig_8170:44316-44364
contig_8170	126966	127167	intergenic	.	contig_8170:126966-127167
contig_8170	530796	530902	gene,mRNA		contig_8170:530796-530902
contig_8173	26682	26992	intergenic	.	contig_8173:26682-26992
contig_8173	290686	291040	intergenic	.	contig_8173:290686-291040
contig_8187	77580	77807	intergenic	.	contig_8187:77580-77807
contig_8187	386865	387083	intergenic	.	contig_8187:386865-387083
contig_8187	505586	505708	intergenic	.	contig_8187:505586-505708
contig_8187	663770	664038	intergenic	.	contig_8187:663770-664038
contig_8192	20512	20694	intergenic	.	contig_8192:20512-20694
contig_8192	52898	53087	intergenic	.	contig_8192:52898-53087
contig_8192	289888	289969	intergenic	.	contig_8192:289888-289969
contig_8192	387738	388210	intergenic	.	contig_8192:387738-388210
contig_8200	749209	749307	intergenic	.	contig_8200:749209-749307
contig_8200	868064	868303	intergenic	.	contig_8200:868064-868303
contig_8218	65657	66027	intergenic	.	contig_8218:65657-66027
contig_8249	441522	441568	intergenic	.	contig_8249:441522-441568
contig_8249	461268	461509	gene,mRNA,start_codon,exon,CDS		contig_8249:461268-461509
contig_8265	454881	454941	intergenic	.	contig_8265:454881-454941
contig_8265	506170	506274	intergenic	.	contig_8265:506170-506274
contig_8320	48130	48257	intergenic	.	contig_8320:48130-48257
contig_8320	48358	48404	intergenic	.	contig_8320:48358-48404
contig_8320	48469	48608	intergenic	.	contig_8320:48469-48608
contig_8367	21805	21858	intergenic	.	contig_8367:21805-21858
contig_8367	462540	462654	intergenic	.	contig_8367:462540-462654
contig_8367	501352	501396	intergenic	.	contig_8367:501352-501396
contig_8367	610560	610614	intergenic	.	contig_8367:610560-610614
contig_8375	109776	109888	gene,mRNA		contig_8375:109776-109888
contig_8375	176296	176477	intergenic	.	contig_8375:176296-176477
contig_8395	563950	564218	intergenic	.	contig_8395:563950-564218
contig_8395	599015	599130	intergenic	.	contig_8395:599015-599130
contig_8395	599207	599504	intergenic	.	contig_8395:599207-599504
contig_8395	1387920	1388174	intergenic	.	contig_8395:1387920-1388174
contig_8395	1467142	1467216	intergenic	.	contig_8395:1467142-1467216
contig_8395	2288678	2288948	intergenic	.	contig_8395:2288678-2288948
contig_8395	2459712	2459819	gene,mRNA		contig_8395:2459712-2459819
contig_8395	2660696	2660969	gene,mRNA		contig_8395:2660696-2660969
contig_8395	2841685	2841933	intergenic	.	contig_8395:2841685-2841933
contig_8408	573714	573832	gene,mRNA		contig_8408:573714-573832
contig_8408	884877	885171	intergenic	.	contig_8408:884877-885171
contig_842	397708	398020	intergenic	.	contig_842:397708-398020
contig_8447	87505	87753	gene,mRNA		contig_8447:87505-87753
contig_8458	592626	592663	intergenic	.	contig_8458:592626-592663
contig_8458	855218	855301	intergenic	.	contig_8458:855218-855301
contig_8483	355266	355364	intergenic	.	contig_8483:355266-355364
contig_8483	417644	417681	intergenic	.	contig_8483:417644-417681
contig_8483	427579	427702	intergenic	.	contig_8483:427579-427702
contig_8483	604144	604424	intergenic	.	contig_8483:604144-604424
contig_8483	1013760	1013869	intergenic	.	contig_8483:1013760-1013869
contig_8483	1013998	1014113	intergenic	.	contig_8483:1013998-1014113
contig_8483	1387091	1387191	gene,mRNA		contig_8483:1387091-1387191
contig_8483	1401566	1401619	gene,mRNA		contig_8483:1401566-1401619
contig_8505	63850	63968	gene,mRNA		contig_8505:63850-63968
contig_851	27516	27701	intergenic	.	contig_851:27516-27701
contig_8519	492718	492802	intergenic	.	contig_8519:492718-492802
contig_856	149228	149282	intergenic	.	contig_856:149228-149282
contig_8579	251393	251561	gene,mRNA		contig_8579:251393-251561
contig_8601	108271	108610	intergenic	.	contig_8601:108271-108610
contig_8601	136064	136155	intergenic	.	contig_8601:136064-136155
contig_8601	136467	136804	intergenic	.	contig_8601:136467-136804
contig_8612	4157	4482	intergenic	.	contig_8612:4157-4482
contig_8612	387717	387782	gene,mRNA		contig_8612:387717-387782
contig_8612	438503	438769	gene,mRNA		contig_8612:438503-438769
contig_8612	806771	807313	gene,polyA_signal_sequence,mRNA,stop_codon,exon,CDS		contig_8612:806771-807313
contig_8612	807374	807427	gene,mRNA		contig_8612:807374-807427
contig_8612	839681	839779	gene,mRNA		contig_8612:839681-839779
contig_8612	955115	955250	intergenic	.	contig_8612:955115-955250
contig_8612	996447	997147	intergenic	.	contig_8612:996447-997147
contig_8612	1009426	1009748	gene,mRNA		contig_8612:1009426-1009748
contig_8612	1098347	1098828	intergenic	.	contig_8612:1098347-1098828
contig_8612	1451721	1452241	intergenic	.	contig_8612:1451721-1452241
contig_8612	2761498	2761555	intergenic	.	contig_8612:2761498-2761555
contig_8612	2766947	2767318	intergenic	.	contig_8612:2766947-2767318
contig_8612	2887309	2887587	gene,mRNA		contig_8612:2887309-2887587
contig_8631	62759	62960	intergenic	.	contig_8631:62759-62960
contig_8631	561929	561966	gene,mRNA		contig_8631:561929-561966
contig_8631	1262521	1262780	intergenic	.	contig_8631:1262521-1262780
contig_8631	1319949	1320050	intergenic	.	contig_8631:1319949-1320050
contig_8631	1656113	1656670	gene,mRNA		contig_8631:1656113-1656670
contig_8631	1844975	1845097	intergenic	.	contig_8631:1844975-1845097
contig_8631	2212825	2213138	intergenic	.	contig_8631:2212825-2213138
contig_8651	73754	74012	intergenic	.	contig_8651:73754-74012
contig_8651	151065	151125	gene,mRNA		contig_8651:151065-151125
contig_8651	151544	151786	gene,mRNA		contig_8651:151544-151786
contig_8651	172670	172885	intergenic	.	contig_8651:172670-172885
contig_8651	469135	469289	gene,mRNA		contig_8651:469135-469289
contig_8651	618525	618582	intergenic	.	contig_8651:618525-618582
contig_8680	262305	262417	intergenic	.	contig_8680:262305-262417
contig_8680	337372	337484	gene,mRNA		contig_8680:337372-337484
contig_8680	457844	457919	gene,mRNA		contig_8680:457844-457919
contig_8680	648041	648316	intergenic	.	contig_8680:648041-648316
contig_8680	648378	648438	intergenic	.	contig_8680:648378-648438
contig_8680	759817	759902	intergenic	.	contig_8680:759817-759902
contig_8685	1311392	1311451	gene,mRNA		contig_8685:1311392-1311451
contig_8685	1520006	1520691	intergenic	.	contig_8685:1520006-1520691
contig_8685	1556196	1556592	intergenic	.	contig_8685:1556196-1556592
contig_8685	2019528	2019697	intergenic	.	contig_8685:2019528-2019697
contig_8714	323466	323527	intergenic	.	contig_8714:323466-323527
contig_8714	385575	385758	intergenic	.	contig_8714:385575-385758
contig_8714	387687	387734	intergenic	.	contig_8714:387687-387734
contig_8725	1435164	1435404	intergenic	.	contig_8725:1435164-1435404
contig_8725	1542617	1542660	gene,mRNA		contig_8725:1542617-1542660
contig_8731	281367	281457	intergenic	.	contig_8731:281367-281457
contig_8731	869526	869631	intergenic	.	contig_8731:869526-869631
contig_8731	1077085	1077183	intergenic	.	contig_8731:1077085-1077183
contig_8731	1097953	1098015	intergenic	.	contig_8731:1097953-1098015
contig_8731	1114772	1114889	intergenic	.	contig_8731:1114772-1114889
contig_8738	70185	70416	intergenic	.	contig_8738:70185-70416
contig_8745	137819	137947	intergenic	.	contig_8745:137819-137947
contig_8745	331584	331742	gene,mRNA		contig_8745:331584-331742
contig_8851	155078	155182	gene,mRNA		contig_8851:155078-155182
contig_8851	423351	423414	intergenic	.	contig_8851:423351-423414
contig_8851	427067	427616	intergenic	.	contig_8851:427067-427616
contig_8912	45059	45173	start_codon,exon,CDS,gene,mRNA		contig_8912:45059-45173
contig_8912	101669	101864	intergenic	.	contig_8912:101669-101864
contig_8912	266859	267110	intergenic	.	contig_8912:266859-267110
contig_8912	378072	378149	gene,mRNA		contig_8912:378072-378149
contig_8912	502856	503252	gene,mRNA		contig_8912:502856-503252
contig_8912	543960	544150	intergenic	.	contig_8912:543960-544150
contig_8919	293507	293728	intergenic	.	contig_8919:293507-293728
contig_892	1398825	1398978	intergenic	.	contig_892:1398825-1398978
contig_892	1639240	1639284	intergenic	.	contig_892:1639240-1639284
contig_892	1797215	1797332	intergenic	.	contig_892:1797215-1797332
contig_8964	24305	24482	intergenic	.	contig_8964:24305-24482
contig_8968	179481	179863	intergenic	.	contig_8968:179481-179863
contig_8968	433640	434079	intergenic	.	contig_8968:433640-434079
contig_8978	224094	224263	intergenic	.	contig_8978:224094-224263
contig_8978	400162	400472	intergenic	.	contig_8978:400162-400472
contig_8983	143850	144349	gene,mRNA		contig_8983:143850-144349
contig_8983	155876	155913	gene,mRNA		contig_8983:155876-155913
contig_8983	156063	156530	gene,mRNA		contig_8983:156063-156530
contig_8983	591471	591671	exon,CDS,start_codon,gene,mRNA		contig_8983:591471-591671
contig_9012	18676	18906	intergenic	.	contig_9012:18676-18906
contig_9029	250746	250929	intergenic	.	contig_9029:250746-250929
contig_9029	331308	331412	gene,mRNA		contig_9029:331308-331412
contig_9029	462637	462920	intergenic	.	contig_9029:462637-462920
contig_9029	517333	517468	intergenic	.	contig_9029:517333-517468
contig_9078	141417	141482	intergenic	.	contig_9078:141417-141482
contig_9109	510893	511054	gene,mRNA		contig_9109:510893-511054
contig_9112	133457	133765	gene,mRNA		contig_9112:133457-133765
contig_9112	184104	184238	intergenic	.	contig_9112:184104-184238
contig_9116	1774537	1774571	intergenic	.	contig_9116:1774537-1774571
contig_9117	56317	56527	intergenic	.	contig_9117:56317-56527
contig_9117	56651	56762	intergenic	.	contig_9117:56651-56762
contig_9117	337024	337106	intergenic	.	contig_9117:337024-337106
contig_9120	177395	177430	intergenic	.	contig_9120:177395-177430
contig_9120	177731	177967	intergenic	.	contig_9120:177731-177967
contig_9120	1397991	1398213	intergenic	.	contig_9120:1397991-1398213
contig_9120	1755445	1755533	intergenic	.	contig_9120:1755445-1755533
contig_9120	1755812	1756041	intergenic	.	contig_9120:1755812-1756041
contig_9120	1864668	1864841	intergenic	.	contig_9120:1864668-1864841
contig_9143	1073928	1073981	intergenic	.	contig_9143:1073928-1073981
contig_9143	1213576	1213681	intergenic	.	contig_9143:1213576-1213681
contig_9143	1883368	1883804	exon,CDS,gene,mRNA		contig_9143:1883368-1883804
contig_9157	135182	135331	intergenic	.	contig_9157:135182-135331
contig_9157	994147	994292	intergenic	.	contig_9157:994147-994292
contig_9157	1128164	1128230	intergenic	.	contig_9157:1128164-1128230
contig_9162	1298393	1298699	intergenic	.	contig_9162:1298393-1298699
contig_9162	1298760	1298881	intergenic	.	contig_9162:1298760-1298881
contig_9162	1456517	1456825	intergenic	.	contig_9162:1456517-1456825
contig_9200	107156	107447	intergenic	.	contig_9200:107156-107447
contig_9200	326709	326745	intergenic	.	contig_9200:326709-326745
contig_9200	514376	514541	intergenic	.	contig_9200:514376-514541
contig_9200	705989	706033	gene,mRNA		contig_9200:705989-706033
contig_9206	482058	482274	intergenic	.	contig_9206:482058-482274
contig_9206	482651	482886	intergenic	.	contig_9206:482651-482886
contig_9278	5740	5865	intergenic	.	contig_9278:5740-5865
contig_9289	187331	187364	intergenic	.	contig_9289:187331-187364
contig_9294	33448	33658	intergenic	.	contig_9294:33448-33658
contig_9294	113627	113718	intergenic	.	contig_9294:113627-113718
contig_9294	113787	113954	intergenic	.	contig_9294:113787-113954
contig_9294	496098	496300	intergenic	.	contig_9294:496098-496300
contig_9294	646172	646347	gene,mRNA		contig_9294:646172-646347
contig_9294	745076	745273	intergenic	.	contig_9294:745076-745273
contig_9294	811112	811297	intergenic	.	contig_9294:811112-811297
contig_9328	420957	421428	intergenic	.	contig_9328:420957-421428
contig_9328	1780909	1781022	intergenic	.	contig_9328:1780909-1781022
contig_9328	2340911	2341124	intergenic	.	contig_9328:2340911-2341124
contig_9328	3220785	3220825	gene,mRNA		contig_9328:3220785-3220825
contig_9328	4051066	4051223	intergenic	.	contig_9328:4051066-4051223
contig_9398	2485	2625	intergenic	.	contig_9398:2485-2625
contig_9398	140246	140372	intergenic	.	contig_9398:140246-140372
contig_9398	146359	146479	intergenic	.	contig_9398:146359-146479
contig_9398	203211	203488	intergenic	.	contig_9398:203211-203488
contig_9398	234308	234618	gene,mRNA		contig_9398:234308-234618
contig_9398	307275	307541	intergenic	.	contig_9398:307275-307541
contig_9398	428667	428749	gene,mRNA		contig_9398:428667-428749
contig_9406	64623	64770	gene,mRNA		contig_9406:64623-64770
contig_9406	723088	723128	intergenic	.	contig_9406:723088-723128
contig_9406	723186	723325	intergenic	.	contig_9406:723186-723325
contig_9406	844723	845033	intergenic	.	contig_9406:844723-845033
contig_9406	1146811	1147036	intergenic	.	contig_9406:1146811-1147036
contig_9406	1280386	1280548	intergenic	.	contig_9406:1280386-1280548
contig_9406	1280751	1280926	intergenic	.	contig_9406:1280751-1280926
contig_9406	1281142	1281279	intergenic	.	contig_9406:1281142-1281279
contig_9406	1282060	1282157	intergenic	.	contig_9406:1282060-1282157
contig_9406	1282639	1282877	intergenic	.	contig_9406:1282639-1282877
contig_9406	1288850	1288943	intergenic	.	contig_9406:1288850-1288943
contig_9406	1494012	1494074	intergenic	.	contig_9406:1494012-1494074
contig_9406	1494182	1494572	intergenic	.	contig_9406:1494182-1494572
contig_9406	1690581	1690915	intergenic	.	contig_9406:1690581-1690915
contig_9406	1693137	1693273	intergenic	.	contig_9406:1693137-1693273
contig_9412	154647	154795	intergenic	.	contig_9412:154647-154795
contig_9412	169776	169942	intergenic	.	contig_9412:169776-169942
contig_9419	507275	507332	intergenic	.	contig_9419:507275-507332
contig_9419	509971	510462	intergenic	.	contig_9419:509971-510462
contig_9419	510751	510793	intergenic	.	contig_9419:510751-510793
contig_9432	206368	206459	intergenic	.	contig_9432:206368-206459
contig_9443	198905	199295	intergenic	.	contig_9443:198905-199295
contig_9443	270275	270360	intergenic	.	contig_9443:270275-270360
contig_9466	77970	78041	intergenic	.	contig_9466:77970-78041
contig_9466	1670607	1670668	intergenic	.	contig_9466:1670607-1670668
contig_9466	1806878	1806918	intergenic	.	contig_9466:1806878-1806918
contig_9466	2081104	2081351	intergenic	.	contig_9466:2081104-2081351
contig_9469	74335	74778	intergenic	.	contig_9469:74335-74778
contig_9469	668698	668853	gene,mRNA		contig_9469:668698-668853
contig_9469	981975	982106	intergenic	.	contig_9469:981975-982106
contig_9469	1388276	1388464	intergenic	.	contig_9469:1388276-1388464
contig_9483	75122	75169	intergenic	.	contig_9483:75122-75169
contig_9483	75252	75370	intergenic	.	contig_9483:75252-75370
contig_9483	103789	103967	intergenic	.	contig_9483:103789-103967
contig_9483	141111	141385	intergenic	.	contig_9483:141111-141385
contig_9483	226345	226439	intergenic	.	contig_9483:226345-226439
contig_9483	312613	312913	intergenic	.	contig_9483:312613-312913
contig_9483	378718	378808	intergenic	.	contig_9483:378718-378808
contig_9483	379083	379295	intergenic	.	contig_9483:379083-379295
contig_9503	258583	258827	intergenic	.	contig_9503:258583-258827
contig_9503	260423	260796	intergenic	.	contig_9503:260423-260796
contig_9507	71104	71257	intergenic	.	contig_9507:71104-71257
contig_9507	301421	301741	intergenic	.	contig_9507:301421-301741
contig_9511	137151	137194	intergenic	.	contig_9511:137151-137194
contig_9511	504401	504469	intergenic	.	contig_9511:504401-504469
contig_9511	527060	527435	intergenic	.	contig_9511:527060-527435
contig_9516	292123	292507	intergenic	.	contig_9516:292123-292507
contig_9516	456098	456274	intergenic	.	contig_9516:456098-456274
contig_952	5429	5476	intergenic	.	contig_952:5429-5476
contig_957	687605	687888	intergenic	.	contig_957:687605-687888
contig_957	1254408	1254503	intergenic	.	contig_957:1254408-1254503
contig_957	1259290	1259401	intergenic	.	contig_957:1259290-1259401
contig_957	1259543	1259691	intergenic	.	contig_957:1259543-1259691
contig_957	1492244	1492394	gene,mRNA		contig_957:1492244-1492394
contig_957	1492772	1492969	gene,mRNA		contig_957:1492772-1492969
contig_957	2251362	2251518	intergenic	.	contig_957:2251362-2251518
contig_957	2365648	2365804	intergenic	.	contig_957:2365648-2365804
contig_957	2734736	2735218	intergenic	.	contig_957:2734736-2735218
contig_957	3138893	3139140	intergenic	.	contig_957:3138893-3139140
contig_957	3522097	3522336	gene,mRNA		contig_957:3522097-3522336
contig_957	3655675	3655777	intergenic	.	contig_957:3655675-3655777
contig_957	3849614	3849661	intergenic	.	contig_957:3849614-3849661
contig_957	3849780	3850132	intergenic	.	contig_957:3849780-3850132
contig_957	4409311	4409555	gene,mRNA		contig_957:4409311-4409555
contig_957	4470880	4470934	intergenic	.	contig_957:4470880-4470934
contig_957	5195695	5195795	gene,mRNA		contig_957:5195695-5195795
contig_9603	769294	769362	intergenic	.	contig_9603:769294-769362
contig_9603	1112997	1113182	gene,mRNA		contig_9603:1112997-1113182
contig_9603	1498614	1498781	intergenic	.	contig_9603:1498614-1498781
contig_9603	2679210	2679430	intergenic	.	contig_9603:2679210-2679430
contig_9603	2679518	2679692	intergenic	.	contig_9603:2679518-2679692
contig_9637	43976	44112	intergenic	.	contig_9637:43976-44112
contig_9637	80881	80945	gene,mRNA		contig_9637:80881-80945
contig_9637	279580	279643	gene,mRNA		contig_9637:279580-279643
contig_9637	359798	360042	intergenic	.	contig_9637:359798-360042
contig_9637	599491	599683	intergenic	.	contig_9637:599491-599683
contig_9637	722093	722186	intergenic	.	contig_9637:722093-722186
contig_9637	722620	722691	intergenic	.	contig_9637:722620-722691
contig_9656	1183299	1183376	gene,mRNA		contig_9656:1183299-1183376
contig_967	7130	7501	intergenic	.	contig_967:7130-7501
contig_967	355153	355370	intergenic	.	contig_967:355153-355370
contig_967	626711	626767	intergenic	.	contig_967:626711-626767
contig_967	626819	626926	intergenic	.	contig_967:626819-626926
contig_9677	413619	413818	intergenic	.	contig_9677:413619-413818
contig_971	46167	46560	intergenic	.	contig_971:46167-46560
contig_971	80291	80574	gene,mRNA,exon,CDS,stop_codon		contig_971:80291-80574
contig_972	695013	695078	gene,mRNA		contig_972:695013-695078
contig_972	843953	844110	intergenic	.	contig_972:843953-844110
contig_972	913173	913256	intergenic	.	contig_972:913173-913256
contig_972	996594	996905	intergenic	.	contig_972:996594-996905
contig_972	1040607	1041001	gene,mRNA		contig_972:1040607-1041001
contig_972	1076904	1077014	intergenic	.	contig_972:1076904-1077014
contig_9754	58524	58558	gene,mRNA		contig_9754:58524-58558
contig_9754	58609	58786	gene,mRNA		contig_9754:58609-58786
contig_9756	247937	248373	gene,mRNA		contig_9756:247937-248373
contig_9756	371267	371396	intergenic	.	contig_9756:371267-371396
contig_9756	661896	662106	intergenic	.	contig_9756:661896-662106
contig_9756	824409	824554	exon,CDS,gene,mRNA		contig_9756:824409-824554
contig_9756	824673	824839	exon,CDS,gene,mRNA		contig_9756:824673-824839
contig_9756	962741	962808	intergenic	.	contig_9756:962741-962808
contig_9756	1174531	1175093	intergenic	.	contig_9756:1174531-1175093
contig_9756	1221042	1221269	intergenic	.	contig_9756:1221042-1221269
contig_9756	1320603	1320919	intergenic	.	contig_9756:1320603-1320919
contig_9756	1782172	1782387	intergenic	.	contig_9756:1782172-1782387
contig_9776	38181	38520	gene,mRNA		contig_9776:38181-38520
contig_9782	707790	707948	intergenic	.	contig_9782:707790-707948
contig_9788	427609	427710	intergenic	.	contig_9788:427609-427710
contig_9792	146386	146492	intergenic	.	contig_9792:146386-146492
contig_9792	364129	364212	intergenic	.	contig_9792:364129-364212
contig_9792	404266	404410	intergenic	.	contig_9792:404266-404410
contig_9792	714067	714259	intergenic	.	contig_9792:714067-714259
contig_9792	834696	835105	intergenic	.	contig_9792:834696-835105
contig_9792	839055	839169	intergenic	.	contig_9792:839055-839169
contig_9797	218847	219078	gene,mRNA		contig_9797:218847-219078
contig_9797	286487	286842	intergenic	.	contig_9797:286487-286842
contig_9797	393187	393363	gene,mRNA		contig_9797:393187-393363
contig_9797	420351	420689	gene,mRNA		contig_9797:420351-420689
contig_9797	458407	459035	start_codon,exon,CDS,gene,mRNA		contig_9797:458407-459035
contig_9797	647870	647997	intergenic	.	contig_9797:647870-647997
contig_9797	648094	648141	intergenic	.	contig_9797:648094-648141
contig_9797	723646	723752	intergenic	.	contig_9797:723646-723752
contig_9811	9816	9853	intergenic	.	contig_9811:9816-9853
contig_9820	189386	189486	gene,mRNA,exon,CDS,stop_codon		contig_9820:189386-189486
contig_9868	90722	90897	intergenic	.	contig_9868:90722-90897
contig_9868	403762	403808	intergenic	.	contig_9868:403762-403808
contig_9868	542212	542491	gene,mRNA		contig_9868:542212-542491
contig_9875	542136	542424	intergenic	.	contig_9875:542136-542424
contig_9946	457171	457250	intergenic	.	contig_9946:457171-457250
contig_9976	494552	494618	intergenic	.	contig_9976:494552-494618
contig_9976	494862	494972	intergenic	.	contig_9976:494862-494972
contig_9983	751698	751987	intergenic	.	contig_9983:751698-751987
