Chromosome	Start	End	Feature_Type	Details	Reads
contig_10000	850057	850375	intergenic	.	contig_10000:850057-850375
contig_10000	1275011	1275079	gene,mRNA	.	contig_10000:1275011-1275079,contig_10000:1275011-1275079
contig_10000	1659636	1659876	intergenic	.	contig_10000:1659636-1659876
contig_10023	73740	73864	gene,mRNA	.	contig_10023:73740-73864,contig_10023:73740-73864
contig_10023	295520	295676	gene,mRNA	.	contig_10023:295520-295676,contig_10023:295520-295676
contig_10023	295769	295946	gene,mRNA	.	contig_10023:295769-295946,contig_10023:295769-295946
contig_10023	296076	296186	gene,mRNA	.	contig_10023:296076-296186,contig_10023:296076-296186
contig_10023	317992	318676	gene,mRNA,stop_codon,exon,CDS,start_codon	.	contig_10023:317992-318676,contig_10023:317992-318676,contig_10023:317992-318676,contig_10023:317992-318676,contig_10023:317992-318676,contig_10023:317992-318676
contig_10023	318546	318676	intergenic	.	contig_10023:318546-318676
contig_10023	507390	507469	intergenic	.	contig_10023:507390-507469
contig_10023	507570	507608	intergenic	.	contig_10023:507570-507608
contig_10023	540831	540891	intergenic	.	contig_10023:540831-540891
contig_10030	12636	13009	gene,mRNA	.	contig_10030:12636-13009,contig_10030:12636-13009
contig_10030	32041	32108	intergenic	.	contig_10030:32041-32108
contig_10030	482401	482906	intergenic	.	contig_10030:482401-482906
contig_10030	514797	515270	gene,mRNA	.	contig_10030:514797-515270,contig_10030:514797-515270
contig_10084	125634	126029	intergenic	.	contig_10084:125634-126029
contig_10084	147274	147382	intergenic	.	contig_10084:147274-147382
contig_10084	193216	193411	intergenic	.	contig_10084:193216-193411
contig_10084	437786	438002	intergenic	.	contig_10084:437786-438002
contig_10151	696371	696445	intergenic	.	contig_10151:696371-696445
contig_10151	698548	698754	intergenic	.	contig_10151:698548-698754
contig_10151	925388	925511	intergenic	.	contig_10151:925388-925511
contig_10151	1103564	1103773	intergenic	.	contig_10151:1103564-1103773
contig_10151	1880868	1880930	gene,mRNA	.	contig_10151:1880868-1880930,contig_10151:1880868-1880930
contig_10174	158539	158726	intergenic	.	contig_10174:158539-158726
contig_10174	342736	342799	intergenic	.	contig_10174:342736-342799
contig_10174	342887	343122	intergenic	.	contig_10174:342887-343122
contig_10174	383055	383703	intergenic	.	contig_10174:383055-383703
contig_10174	459783	459831	intergenic	.	contig_10174:459783-459831
contig_10174	460038	460343	intergenic	.	contig_10174:460038-460343
contig_10174	476766	476900	intergenic	.	contig_10174:476766-476900
contig_10174	766460	766552	intergenic	.	contig_10174:766460-766552
contig_10194	47365	47764	intergenic	.	contig_10194:47365-47764
contig_10211	511156	511230	intergenic	.	contig_10211:511156-511230
contig_10211	511338	511426	intergenic	.	contig_10211:511338-511426
contig_10211	1401918	1402282	intergenic	.	contig_10211:1401918-1402282
contig_10211	1457947	1458308	intergenic	.	contig_10211:1457947-1458308
contig_10236	10339	10616	intergenic	.	contig_10236:10339-10616
contig_10236	212924	213098	intergenic	.	contig_10236:212924-213098
contig_10236	1036453	1036612	intergenic	.	contig_10236:1036453-1036612
contig_10236	1083429	1083494	intergenic	.	contig_10236:1083429-1083494
contig_10236	1233112	1233249	gene,mRNA	.	contig_10236:1233112-1233249,contig_10236:1233112-1233249
contig_10236	1304054	1304237	intergenic	.	contig_10236:1304054-1304237
contig_1026	271402	271432	intergenic	.	contig_1026:271402-271432
contig_1026	1539434	1539573	intergenic	.	contig_1026:1539434-1539573
contig_1028	112143	112392	intergenic	.	contig_1028:112143-112392
contig_1028	282482	282862	intergenic	.	contig_1028:282482-282862
contig_1028	619123	619214	intergenic	.	contig_1028:619123-619214
contig_1028	627539	627782	intergenic	.	contig_1028:627539-627782
contig_10327	59021	59172	gene,mRNA	.	contig_10327:59021-59172,contig_10327:59021-59172
contig_10327	59237	59408	gene,mRNA	.	contig_10327:59237-59408,contig_10327:59237-59408
contig_10327	76279	76399	exon,CDS,gene,mRNA	.	contig_10327:76279-76399,contig_10327:76279-76399,contig_10327:76279-76399,contig_10327:76279-76399
contig_10327	122968	123011	intergenic	.	contig_10327:122968-123011
contig_10327	676425	676762	intergenic	.	contig_10327:676425-676762
contig_10327	802193	802683	gene,mRNA	.	contig_10327:802193-802683,contig_10327:802193-802683
contig_10327	819890	820090	intergenic	.	contig_10327:819890-820090
contig_1033	542601	542797	intergenic	.	contig_1033:542601-542797
contig_1033	562108	562170	intergenic	.	contig_1033:562108-562170
contig_1033	588925	589465	gene,mRNA	.	contig_1033:588925-589465,contig_1033:588925-589465
contig_1033	897835	897979	intergenic	.	contig_1033:897835-897979
contig_1033	898124	898355	intergenic	.	contig_1033:898124-898355
contig_10355	20203	20373	intergenic	.	contig_10355:20203-20373
contig_10355	218063	218101	intergenic	.	contig_10355:218063-218101
contig_10360	18552	18710	intergenic	.	contig_10360:18552-18710
contig_10360	344854	345185	intergenic	.	contig_10360:344854-345185
contig_10360	485832	486014	intergenic	.	contig_10360:485832-486014
contig_10360	486068	486343	intergenic	.	contig_10360:486068-486343
contig_10360	490212	490275	intergenic	.	contig_10360:490212-490275
contig_10360	742448	742570	gene,mRNA	.	contig_10360:742448-742570,contig_10360:742448-742570
contig_10385	278676	278860	gene,mRNA	.	contig_10385:278676-278860,contig_10385:278676-278860
contig_10385	316238	316302	gene	.	contig_10385:316238-316302
contig_10385	335508	335602	gene	.	contig_10385:335508-335602
contig_10385	345560	345637	gene	.	contig_10385:345560-345637
contig_10392	1699035	1699120	intergenic	.	contig_10392:1699035-1699120
contig_10392	1840192	1840291	intergenic	.	contig_10392:1840192-1840291
contig_10392	2377816	2377939	intergenic	.	contig_10392:2377816-2377939
contig_10392	2444969	2445006	intergenic	.	contig_10392:2444969-2445006
contig_10392	2536979	2537087	intergenic	.	contig_10392:2536979-2537087
contig_10392	2615608	2615667	intergenic	.	contig_10392:2615608-2615667
contig_10392	2727702	2727803	gene,mRNA	.	contig_10392:2727702-2727803,contig_10392:2727702-2727803
contig_10392	2727872	2727929	gene,mRNA	.	contig_10392:2727872-2727929,contig_10392:2727872-2727929
contig_104	404411	404830	gene,mRNA	.	contig_104:404411-404830,contig_104:404411-404830
contig_104	491386	491516	intergenic	.	contig_104:491386-491516
contig_104	1160228	1160598	intergenic	.	contig_104:1160228-1160598
contig_10400	54668	54847	intergenic	.	contig_10400:54668-54847
contig_10400	109961	110140	intergenic	.	contig_10400:109961-110140
contig_10411	11789	11953	intergenic	.	contig_10411:11789-11953
contig_10411	12155	12205	intergenic	.	contig_10411:12155-12205
contig_10411	12288	12806	intergenic	.	contig_10411:12288-12806
contig_10411	74935	74985	intergenic	.	contig_10411:74935-74985
contig_10474	136296	136457	exon,CDS,gene,mRNA	.	contig_10474:136296-136457,contig_10474:136296-136457,contig_10474:136296-136457,contig_10474:136296-136457
contig_10484	49754	50036	gene,mRNA	.	contig_10484:49754-50036,contig_10484:49754-50036
contig_10492	29664	29949	intergenic	.	contig_10492:29664-29949
contig_10492	166216	166583	intergenic	.	contig_10492:166216-166583
contig_10492	166916	166986	intergenic	.	contig_10492:166916-166986
contig_10492	167140	167327	intergenic	.	contig_10492:167140-167327
contig_10492	370143	370368	intergenic	.	contig_10492:370143-370368
contig_10492	529477	529804	intergenic	.	contig_10492:529477-529804
contig_10492	863147	863240	intergenic	.	contig_10492:863147-863240
contig_10492	869352	869418	intergenic	.	contig_10492:869352-869418
contig_10492	892007	892091	intergenic	.	contig_10492:892007-892091
contig_10496	37604	37701	intergenic	.	contig_10496:37604-37701
contig_10496	37764	37814	intergenic	.	contig_10496:37764-37814
contig_1053	79475	79630	intergenic	.	contig_1053:79475-79630
contig_1053	657571	657686	gene,mRNA	.	contig_1053:657571-657686,contig_1053:657571-657686
contig_1053	754874	755230	intergenic	.	contig_1053:754874-755230
contig_10537	58619	58790	intergenic	.	contig_10537:58619-58790
contig_1054	589103	589247	intergenic	.	contig_1054:589103-589247
contig_1054	589310	589538	intergenic	.	contig_1054:589310-589538
contig_1054	708601	708673	intergenic	.	contig_1054:708601-708673
contig_1054	1194785	1194901	intergenic	.	contig_1054:1194785-1194901
contig_1054	1561901	1561943	intergenic	.	contig_1054:1561901-1561943
contig_10543	17265	17352	intergenic	.	contig_10543:17265-17352
contig_10543	17566	17813	intergenic	.	contig_10543:17566-17813
contig_10559	25350	25566	intergenic	.	contig_10559:25350-25566
contig_10559	81249	81616	intergenic	.	contig_10559:81249-81616
contig_10559	331129	331262	intergenic	.	contig_10559:331129-331262
contig_10559	571461	571705	intergenic	.	contig_10559:571461-571705
contig_10559	632922	633020	intergenic	.	contig_10559:632922-633020
contig_10559	662934	663097	intergenic	.	contig_10559:662934-663097
contig_10569	77475	77714	intergenic	.	contig_10569:77475-77714
contig_10569	236955	237048	intergenic	.	contig_10569:236955-237048
contig_10569	717391	717495	intergenic	.	contig_10569:717391-717495
contig_10569	993597	994088	intergenic	.	contig_10569:993597-994088
contig_10569	1027456	1027493	intergenic	.	contig_10569:1027456-1027493
contig_10569	1027571	1027692	intergenic	.	contig_10569:1027571-1027692
contig_10569	1121388	1121469	intergenic	.	contig_10569:1121388-1121469
contig_10579	245916	246124	gene,mRNA	.	contig_10579:245916-246124,contig_10579:245916-246124
contig_10579	372790	372890	gene,mRNA,exon,CDS	.	contig_10579:372790-372890,contig_10579:372790-372890,contig_10579:372790-372890,contig_10579:372790-372890
contig_10579	373964	374064	gene,mRNA,exon,CDS	.	contig_10579:373964-374064,contig_10579:373964-374064,contig_10579:373964-374064,contig_10579:373964-374064
contig_10579	482061	482294	intergenic	.	contig_10579:482061-482294
contig_10638	281876	282107	intergenic	.	contig_10638:281876-282107
contig_10638	1497587	1497803	intergenic	.	contig_10638:1497587-1497803
contig_10638	2043337	2043582	intergenic	.	contig_10638:2043337-2043582
contig_10638	2399876	2399909	intergenic	.	contig_10638:2399876-2399909
contig_10638	2739467	2739497	intergenic	.	contig_10638:2739467-2739497
contig_10658	220462	220590	intergenic	.	contig_10658:220462-220590
contig_10658	220462	220816	gene,mRNA,start_codon,exon,CDS	.	contig_10658:220462-220816,contig_10658:220462-220816,contig_10658:220462-220816,contig_10658:220462-220816,contig_10658:220462-220816
contig_10703	51075	51186	intergenic	.	contig_10703:51075-51186
contig_10718	637158	637280	intergenic	.	contig_10718:637158-637280
contig_10718	637368	637475	intergenic	.	contig_10718:637368-637475
contig_10718	638240	638291	intergenic	.	contig_10718:638240-638291
contig_10723	91522	91703	gene,mRNA	.	contig_10723:91522-91703,contig_10723:91522-91703
contig_10723	156942	157035	intergenic	.	contig_10723:156942-157035
contig_10723	157334	157611	intergenic	.	contig_10723:157334-157611
contig_10731	53486	53572	intergenic	.	contig_10731:53486-53572
contig_10731	273301	273442	intergenic	.	contig_10731:273301-273442
contig_10731	394118	394288	intergenic	.	contig_10731:394118-394288
contig_10731	415768	415896	intergenic	.	contig_10731:415768-415896
contig_10731	566105	566294	intergenic	.	contig_10731:566105-566294
contig_10742	20484	20560	gene,mRNA	.	contig_10742:20484-20560,contig_10742:20484-20560
contig_10742	20634	20761	gene,mRNA	.	contig_10742:20634-20761,contig_10742:20634-20761
contig_10746	276279	276389	intergenic	.	contig_10746:276279-276389
contig_10772	679843	679933	intergenic	.	contig_10772:679843-679933
contig_10816	135061	135115	gene,mRNA	.	contig_10816:135061-135115,contig_10816:135061-135115
contig_10848	417420	417650	gene,mRNA	.	contig_10848:417420-417650,contig_10848:417420-417650
contig_10848	776454	776685	intergenic	.	contig_10848:776454-776685
contig_10848	819130	819377	intergenic	.	contig_10848:819130-819377
contig_10848	867061	867288	intergenic	.	contig_10848:867061-867288
contig_1085	23027	23126	intergenic	.	contig_1085:23027-23126
contig_1085	480470	480658	intergenic	.	contig_1085:480470-480658
contig_1085	728317	728511	intergenic	.	contig_1085:728317-728511
contig_10872	85688	85952	gene,mRNA	.	contig_10872:85688-85952,contig_10872:85688-85952
contig_10872	422323	422726	intergenic	.	contig_10872:422323-422726
contig_10872	422816	422863	intergenic	.	contig_10872:422816-422863
contig_10872	1311144	1311251	intergenic	.	contig_10872:1311144-1311251
contig_10872	1653725	1653819	gene,mRNA	.	contig_10872:1653725-1653819,contig_10872:1653725-1653819
contig_10872	2723638	2723872	gene,polyA_signal_sequence	.	contig_10872:2723638-2723872,contig_10872:2723638-2723872
contig_10872	2723771	2723872	intergenic	.	contig_10872:2723771-2723872
contig_1090	66083	66262	intergenic	.	contig_1090:66083-66262
contig_1090	940891	941129	intergenic	.	contig_1090:940891-941129
contig_1090	1045606	1045744	intergenic	.	contig_1090:1045606-1045744
contig_10908	147659	147699	intergenic	.	contig_10908:147659-147699
contig_10908	148382	148482	intergenic	.	contig_10908:148382-148482
contig_10908	737403	737434	intergenic	.	contig_10908:737403-737434
contig_10922	282075	282259	intergenic	.	contig_10922:282075-282259
contig_10931	732601	732927	gene,mRNA	.	contig_10931:732601-732927,contig_10931:732601-732927
contig_10946	292794	292843	gene,mRNA	.	contig_10946:292794-292843,contig_10946:292794-292843
contig_10946	1334488	1334563	gene,mRNA	.	contig_10946:1334488-1334563,contig_10946:1334488-1334563
contig_10964	265797	265872	intergenic	.	contig_10964:265797-265872
contig_10997	484932	484969	intergenic	.	contig_10997:484932-484969
contig_11027	1278510	1278615	intergenic	.	contig_11027:1278510-1278615
contig_11029	449774	450115	gene,mRNA,exon,CDS,start_codon	.	contig_11029:449774-450115,contig_11029:449774-450115,contig_11029:449774-450115,contig_11029:449774-450115,contig_11029:449774-450115
contig_11029	450074	450115	intergenic	.	contig_11029:450074-450115
contig_11029	569191	569430	gene,mRNA	.	contig_11029:569191-569430,contig_11029:569191-569430
contig_11047	1030244	1030372	intergenic	.	contig_11047:1030244-1030372
contig_11063	16681	16797	gene,mRNA	.	contig_11063:16681-16797,contig_11063:16681-16797
contig_11063	16874	17100	gene,mRNA	.	contig_11063:16874-17100,contig_11063:16874-17100
contig_11069	28200	28256	intergenic	.	contig_11069:28200-28256
contig_11069	28582	28768	intergenic	.	contig_11069:28582-28768
contig_11074	42462	42534	intergenic	.	contig_11074:42462-42534
contig_11074	134278	134678	intergenic	.	contig_11074:134278-134678
contig_11074	197105	197164	intergenic	.	contig_11074:197105-197164
contig_11090	5686	5769	intergenic	.	contig_11090:5686-5769
contig_11090	10528	10615	intergenic	.	contig_11090:10528-10615
contig_11090	28617	28704	intergenic	.	contig_11090:28617-28704
contig_11093	126800	126834	intergenic	.	contig_11093:126800-126834
contig_11105	29016	29057	intergenic	.	contig_11105:29016-29057
contig_11105	29016	29378	gene,mRNA,start_codon,exon,CDS	.	contig_11105:29016-29378,contig_11105:29016-29378,contig_11105:29016-29378,contig_11105:29016-29378,contig_11105:29016-29378
contig_11105	104819	105034	intergenic	.	contig_11105:104819-105034
contig_1111	22419	22652	intergenic	.	contig_1111:22419-22652
contig_11113	144759	144950	intergenic	.	contig_11113:144759-144950
contig_1112	262846	262919	intergenic	.	contig_1112:262846-262919
contig_11120	203754	203905	intergenic	.	contig_11120:203754-203905
contig_11120	548418	548547	intergenic	.	contig_11120:548418-548547
contig_11120	548752	549036	intergenic	.	contig_11120:548752-549036
contig_11120	649781	650157	intergenic	.	contig_11120:649781-650157
contig_11120	1057597	1057846	intergenic	.	contig_11120:1057597-1057846
contig_11120	1157746	1157927	gene,mRNA	.	contig_11120:1157746-1157927,contig_11120:1157746-1157927
contig_11120	1663568	1663916	gene,mRNA	.	contig_11120:1663568-1663916,contig_11120:1663568-1663916
contig_11120	1664319	1664516	gene,mRNA	.	contig_11120:1664319-1664516,contig_11120:1664319-1664516
contig_11120	1679994	1680078	gene,mRNA	.	contig_11120:1679994-1680078,contig_11120:1679994-1680078
contig_11133	439338	439550	gene,mRNA	.	contig_11133:439338-439550,contig_11133:439338-439550
contig_11133	490250	490339	intergenic	.	contig_11133:490250-490339
contig_11133	514804	514893	gene,mRNA	.	contig_11133:514804-514893,contig_11133:514804-514893
contig_11133	516880	517074	gene,mRNA	.	contig_11133:516880-517074,contig_11133:516880-517074
contig_11133	518289	518461	gene,mRNA	.	contig_11133:518289-518461,contig_11133:518289-518461
contig_11165	80290	80618	intergenic	.	contig_11165:80290-80618
contig_11165	99150	99274	intergenic	.	contig_11165:99150-99274
contig_11165	119974	120349	intergenic	.	contig_11165:119974-120349
contig_1118	498267	498376	intergenic	.	contig_1118:498267-498376
contig_1118	801900	802037	intergenic	.	contig_1118:801900-802037
contig_11192	115422	115878	gene,mRNA	.	contig_11192:115422-115878,contig_11192:115422-115878
contig_11192	411640	411704	intergenic	.	contig_11192:411640-411704
contig_11192	411760	412029	intergenic	.	contig_11192:411760-412029
contig_11192	481962	482365	intergenic	.	contig_11192:481962-482365
contig_11192	482486	482556	intergenic	.	contig_11192:482486-482556
contig_112	79613	79732	intergenic	.	contig_112:79613-79732
contig_112	862019	862150	intergenic	.	contig_112:862019-862150
contig_112	1187880	1188129	intergenic	.	contig_112:1187880-1188129
contig_112	1306235	1307027	intergenic	.	contig_112:1306235-1307027
contig_112	1781074	1781421	gene,mRNA	.	contig_112:1781074-1781421,contig_112:1781074-1781421
contig_11212	7135	7268	intergenic	.	contig_11212:7135-7268
contig_11212	233578	233740	intergenic	.	contig_11212:233578-233740
contig_11212	349161	349332	intergenic	.	contig_11212:349161-349332
contig_11212	349603	349862	intergenic	.	contig_11212:349603-349862
contig_11212	392861	393043	intergenic	.	contig_11212:392861-393043
contig_11217	222500	222869	intergenic	.	contig_11217:222500-222869
contig_11255	906199	906390	intergenic	.	contig_11255:906199-906390
contig_11255	953996	954299	intergenic	.	contig_11255:953996-954299
contig_11272	279588	279731	intergenic	.	contig_11272:279588-279731
contig_11272	978817	979070	intergenic	.	contig_11272:978817-979070
contig_11272	1089279	1089417	gene,mRNA	.	contig_11272:1089279-1089417,contig_11272:1089279-1089417
contig_11272	1307545	1307788	intergenic	.	contig_11272:1307545-1307788
contig_11272	1321709	1321843	intergenic	.	contig_11272:1321709-1321843
contig_11272	1321998	1322625	intergenic	.	contig_11272:1321998-1322625
contig_11272	1336677	1336951	intergenic	.	contig_11272:1336677-1336951
contig_11281	602815	602871	intergenic	.	contig_11281:602815-602871
contig_11281	1165599	1165781	intergenic	.	contig_11281:1165599-1165781
contig_11281	2420359	2420435	intergenic	.	contig_11281:2420359-2420435
contig_11281	2526089	2526169	intergenic	.	contig_11281:2526089-2526169
contig_113	211995	212153	intergenic	.	contig_113:211995-212153
contig_11323	275793	275901	intergenic	.	contig_11323:275793-275901
contig_11323	390326	390485	gene,mRNA	.	contig_11323:390326-390485,contig_11323:390326-390485
contig_11323	417641	417884	intergenic	.	contig_11323:417641-417884
contig_11323	417965	418112	intergenic	.	contig_11323:417965-418112
contig_11328	26938	27139	intergenic	.	contig_11328:26938-27139
contig_11328	530378	530494	gene,mRNA	.	contig_11328:530378-530494,contig_11328:530378-530494
contig_11328	544004	544055	gene,mRNA	.	contig_11328:544004-544055,contig_11328:544004-544055
contig_11328	544356	544477	gene,mRNA	.	contig_11328:544356-544477,contig_11328:544356-544477
contig_11328	544614	544714	gene,mRNA	.	contig_11328:544614-544714,contig_11328:544614-544714
contig_11328	726074	726207	gene,mRNA	.	contig_11328:726074-726207,contig_11328:726074-726207
contig_11328	765597	765711	intergenic	.	contig_11328:765597-765711
contig_11344	75124	75239	intergenic	.	contig_11344:75124-75239
contig_11344	75304	75578	intergenic	.	contig_11344:75304-75578
contig_11351	10804	11017	intergenic	.	contig_11351:10804-11017
contig_11351	235022	235232	intergenic	.	contig_11351:235022-235232
contig_11351	409432	409731	gene,mRNA	.	contig_11351:409432-409731,contig_11351:409432-409731
contig_11353	3418	3776	intergenic	.	contig_11353:3418-3776
contig_11376	71828	72080	intergenic	.	contig_11376:71828-72080
contig_11407	82521	82586	intergenic	.	contig_11407:82521-82586
contig_11407	270478	270687	gene,mRNA	.	contig_11407:270478-270687,contig_11407:270478-270687
contig_11429	368867	369057	gene,mRNA	.	contig_11429:368867-369057,contig_11429:368867-369057
contig_11429	1300234	1300283	intergenic	.	contig_11429:1300234-1300283
contig_11436	385308	385497	intergenic	.	contig_11436:385308-385497
contig_11436	424872	425142	exon,CDS,stop_codon,polyA_signal_sequence,gene,mRNA	.	contig_11436:424872-425142,contig_11436:424872-425142,contig_11436:424872-425142,contig_11436:424872-425142,contig_11436:424872-425142,contig_11436:424872-425142
contig_11436	425139	425142	intergenic	.	contig_11436:425139-425142
contig_11436	556106	556326	intergenic	.	contig_11436:556106-556326
contig_11436	575914	575964	intergenic	.	contig_11436:575914-575964
contig_11436	1061934	1062240	intergenic	.	contig_11436:1061934-1062240
contig_11436	1092241	1092288	intergenic	.	contig_11436:1092241-1092288
contig_1145	128658	128885	gene,mRNA	.	contig_1145:128658-128885,contig_1145:128658-128885
contig_1145	857112	857338	gene,mRNA	.	contig_1145:857112-857338,contig_1145:857112-857338
contig_1145	1010805	1010893	gene,mRNA	.	contig_1145:1010805-1010893,contig_1145:1010805-1010893
contig_1145	1310288	1310368	gene,mRNA	.	contig_1145:1310288-1310368,contig_1145:1310288-1310368
contig_1147	16286	16357	gene,mRNA	.	contig_1147:16286-16357,contig_1147:16286-16357
contig_1147	262546	262903	intergenic	.	contig_1147:262546-262903
contig_11525	632599	632786	intergenic	.	contig_11525:632599-632786
contig_11525	634207	634328	intergenic	.	contig_11525:634207-634328
contig_11525	818822	819055	intergenic	.	contig_11525:818822-819055
contig_11525	998254	998423	gene,mRNA	.	contig_11525:998254-998423,contig_11525:998254-998423
contig_11549	115004	115196	intergenic	.	contig_11549:115004-115196
contig_11549	364973	365191	intergenic	.	contig_11549:364973-365191
contig_11549	736347	736426	intergenic	.	contig_11549:736347-736426
contig_11549	754243	754464	intergenic	.	contig_11549:754243-754464
contig_11605	67512	67859	intergenic	.	contig_11605:67512-67859
contig_11605	182592	182662	intergenic	.	contig_11605:182592-182662
contig_11605	182592	182913	start_codon,exon,CDS,gene,mRNA	.	contig_11605:182592-182913,contig_11605:182592-182913,contig_11605:182592-182913,contig_11605:182592-182913,contig_11605:182592-182913
contig_11618	401361	401472	intergenic	.	contig_11618:401361-401472
contig_11618	404288	404512	intergenic	.	contig_11618:404288-404512
contig_11618	617096	617272	intergenic	.	contig_11618:617096-617272
contig_11618	688146	688279	intergenic	.	contig_11618:688146-688279
contig_11618	951350	951549	intergenic	.	contig_11618:951350-951549
contig_11618	1113818	1113957	intergenic	.	contig_11618:1113818-1113957
contig_11618	1114124	1114190	intergenic	.	contig_11618:1114124-1114190
contig_11629	348482	348651	intergenic	.	contig_11629:348482-348651
contig_11629	356512	356667	intergenic	.	contig_11629:356512-356667
contig_11636	104184	104307	intergenic	.	contig_11636:104184-104307
contig_11636	104392	104560	intergenic	.	contig_11636:104392-104560
contig_11636	104707	104824	intergenic	.	contig_11636:104707-104824
contig_11636	642092	642168	intergenic	.	contig_11636:642092-642168
contig_11636	661263	661353	intergenic	.	contig_11636:661263-661353
contig_11636	755692	755804	intergenic	.	contig_11636:755692-755804
contig_11652	275854	276136	gene,mRNA	.	contig_11652:275854-276136,contig_11652:275854-276136
contig_1166	69350	69417	intergenic	.	contig_1166:69350-69417
contig_1166	96464	96712	intergenic	.	contig_1166:96464-96712
contig_1166	211528	212083	intergenic	.	contig_1166:211528-212083
contig_11722	254507	254698	intergenic	.	contig_11722:254507-254698
contig_11722	455121	455332	intergenic	.	contig_11722:455121-455332
contig_11722	482566	482920	intergenic	.	contig_11722:482566-482920
contig_11722	685364	685439	intergenic	.	contig_11722:685364-685439
contig_11722	1532799	1533048	intergenic	.	contig_11722:1532799-1533048
contig_11722	1763703	1763807	intergenic	.	contig_11722:1763703-1763807
contig_11742	321404	321688	gene,mRNA	.	contig_11742:321404-321688,contig_11742:321404-321688
contig_11742	480747	480913	gene,mRNA	.	contig_11742:480747-480913,contig_11742:480747-480913
contig_11742	575724	575800	intergenic	.	contig_11742:575724-575800
contig_11781	103788	103921	intergenic	.	contig_11781:103788-103921
contig_11781	224341	224510	intergenic	.	contig_11781:224341-224510
contig_11781	224858	224935	intergenic	.	contig_11781:224858-224935
contig_11781	344016	344305	intergenic	.	contig_11781:344016-344305
contig_11781	346881	347064	intergenic	.	contig_11781:346881-347064
contig_11781	570924	571026	intergenic	.	contig_11781:570924-571026
contig_11781	663149	663368	intergenic	.	contig_11781:663149-663368
contig_11781	862402	862587	intergenic	.	contig_11781:862402-862587
contig_11781	898422	898584	intergenic	.	contig_11781:898422-898584
contig_11781	922000	922320	intergenic	.	contig_11781:922000-922320
contig_11781	1045642	1045702	intergenic	.	contig_11781:1045642-1045702
contig_11820	30681	30867	intergenic	.	contig_11820:30681-30867
contig_11831	15268	15329	intergenic	.	contig_11831:15268-15329
contig_11831	15443	15501	intergenic	.	contig_11831:15443-15501
contig_11831	134455	134733	intergenic	.	contig_11831:134455-134733
contig_11831	553743	553907	intergenic	.	contig_11831:553743-553907
contig_11831	597630	597673	intergenic	.	contig_11831:597630-597673
contig_11831	872653	872820	gene,mRNA	.	contig_11831:872653-872820,contig_11831:872653-872820
contig_11831	1197077	1197338	intergenic	.	contig_11831:1197077-1197338
contig_11831	1197449	1197615	intergenic	.	contig_11831:1197449-1197615
contig_11831	1361972	1362281	intergenic	.	contig_11831:1361972-1362281
contig_11831	1641608	1641768	intergenic	.	contig_11831:1641608-1641768
contig_1185	1439835	1439966	intergenic	.	contig_1185:1439835-1439966
contig_1185	1625586	1625713	intergenic	.	contig_1185:1625586-1625713
contig_11862	3616	3846	intergenic	.	contig_11862:3616-3846
contig_11862	272841	273221	gene,mRNA	.	contig_11862:272841-273221,contig_11862:272841-273221
contig_11892	198800	198963	gene,mRNA	.	contig_11892:198800-198963,contig_11892:198800-198963
contig_1190	112687	113000	intergenic	.	contig_1190:112687-113000
contig_1190	381410	381697	intergenic	.	contig_1190:381410-381697
contig_1190	474024	474341	intergenic	.	contig_1190:474024-474341
contig_1190	888861	889078	intergenic	.	contig_1190:888861-889078
contig_1190	1417721	1417824	gene,mRNA	.	contig_1190:1417721-1417824,contig_1190:1417721-1417824
contig_11969	169856	170115	intergenic	.	contig_11969:169856-170115
contig_11969	222025	222339	intergenic	.	contig_11969:222025-222339
contig_11969	255257	255480	intergenic	.	contig_11969:255257-255480
contig_11969	266544	266772	intergenic	.	contig_11969:266544-266772
contig_12013	500484	500707	intergenic	.	contig_12013:500484-500707
contig_12013	796566	796902	intergenic	.	contig_12013:796566-796902
contig_12013	1029896	1030091	intergenic	.	contig_12013:1029896-1030091
contig_12013	1378133	1378234	intergenic	.	contig_12013:1378133-1378234
contig_12027	335641	335896	gene,mRNA	.	contig_12027:335641-335896,contig_12027:335641-335896
contig_12027	643179	643411	gene,mRNA	.	contig_12027:643179-643411,contig_12027:643179-643411
contig_12027	1052487	1052968	gene,mRNA	.	contig_12027:1052487-1052968,contig_12027:1052487-1052968
contig_12027	1074997	1075344	gene,mRNA	.	contig_12027:1074997-1075344,contig_12027:1074997-1075344
contig_12027	2116769	2116978	intergenic	.	contig_12027:2116769-2116978
contig_12027	2120188	2120260	intergenic	.	contig_12027:2120188-2120260
contig_12027	2167561	2167629	intergenic	.	contig_12027:2167561-2167629
contig_12027	2373125	2373419	intergenic	.	contig_12027:2373125-2373419
contig_12027	2438077	2438153	intergenic	.	contig_12027:2438077-2438153
contig_12027	2459130	2459364	intergenic	.	contig_12027:2459130-2459364
contig_12027	2459660	2459703	intergenic	.	contig_12027:2459660-2459703
contig_12027	2593522	2593671	intergenic	.	contig_12027:2593522-2593671
contig_12027	2619291	2619806	gene,mRNA	.	contig_12027:2619291-2619806,contig_12027:2619291-2619806
contig_12027	3033507	3033569	gene,mRNA	.	contig_12027:3033507-3033569,contig_12027:3033507-3033569
contig_12080	1307011	1307142	intergenic	.	contig_12080:1307011-1307142
contig_12080	2088571	2088681	intergenic	.	contig_12080:2088571-2088681
contig_12080	3869305	3869572	intergenic	.	contig_12080:3869305-3869572
contig_12080	6733943	6734039	gene,mRNA	.	contig_12080:6733943-6734039,contig_12080:6733943-6734039
contig_12080	7008702	7008754	intergenic	.	contig_12080:7008702-7008754
contig_12080	8042954	8043150	gene,mRNA	.	contig_12080:8042954-8043150,contig_12080:8042954-8043150
contig_12080	8940337	8940483	gene,mRNA	.	contig_12080:8940337-8940483,contig_12080:8940337-8940483
contig_12120	514900	515086	intergenic	.	contig_12120:514900-515086
contig_12120	561872	561940	intergenic	.	contig_12120:561872-561940
contig_12152	38803	38909	intergenic	.	contig_12152:38803-38909
contig_12172	211771	211811	gene,mRNA	.	contig_12172:211771-211811,contig_12172:211771-211811
contig_12172	230489	230674	gene,mRNA	.	contig_12172:230489-230674,contig_12172:230489-230674
contig_12172	548040	548076	intergenic	.	contig_12172:548040-548076
contig_12177	286424	286661	intergenic	.	contig_12177:286424-286661
contig_12177	453104	453190	intergenic	.	contig_12177:453104-453190
contig_12188	42234	42426	intergenic	.	contig_12188:42234-42426
contig_12188	98377	98563	intergenic	.	contig_12188:98377-98563
contig_12204	38164	38486	intergenic	.	contig_12204:38164-38486
contig_12206	93388	93508	intergenic	.	contig_12206:93388-93508
contig_12206	171256	171332	gene,mRNA	.	contig_12206:171256-171332,contig_12206:171256-171332
contig_12206	215506	215545	intergenic	.	contig_12206:215506-215545
contig_12206	215875	216277	intergenic	.	contig_12206:215875-216277
contig_12206	331534	331806	intergenic	.	contig_12206:331534-331806
contig_12207	378645	378722	gene,mRNA	.	contig_12207:378645-378722,contig_12207:378645-378722
contig_12207	598741	598820	intergenic	.	contig_12207:598741-598820
contig_12217	539113	539453	intergenic	.	contig_12217:539113-539453
contig_12217	620143	620237	gene,mRNA	.	contig_12217:620143-620237,contig_12217:620143-620237
contig_123	192652	192749	intergenic	.	contig_123:192652-192749
contig_12302	41222	41379	gene,mRNA	.	contig_12302:41222-41379,contig_12302:41222-41379
contig_12312	202114	202291	intergenic	.	contig_12312:202114-202291
contig_12319	252966	253070	intergenic	.	contig_12319:252966-253070
contig_1234	748453	748650	intergenic	.	contig_1234:748453-748650
contig_12378	59113	59281	intergenic	.	contig_12378:59113-59281
contig_12378	150629	150835	intergenic	.	contig_12378:150629-150835
contig_12378	151140	151263	intergenic	.	contig_12378:151140-151263
contig_12378	193481	193515	gene,mRNA	.	contig_12378:193481-193515,contig_12378:193481-193515
contig_12378	194701	194779	gene,mRNA	.	contig_12378:194701-194779,contig_12378:194701-194779
contig_12378	463031	463261	intergenic	.	contig_12378:463031-463261
contig_12378	609238	609348	intergenic	.	contig_12378:609238-609348
contig_12394	58409	58627	intergenic	.	contig_12394:58409-58627
contig_12394	58942	59053	intergenic	.	contig_12394:58942-59053
contig_12400	167249	167635	gene,mRNA	.	contig_12400:167249-167635,contig_12400:167249-167635
contig_12419	49188	49524	intergenic	.	contig_12419:49188-49524
contig_12425	7559	7704	intergenic	.	contig_12425:7559-7704
contig_1243	74240	74353	intergenic	.	contig_1243:74240-74353
contig_1243	216222	216659	intergenic	.	contig_1243:216222-216659
contig_12430	38586	38687	intergenic	.	contig_12430:38586-38687
contig_1245	252129	252229	intergenic	.	contig_1245:252129-252229
contig_1245	252298	252383	intergenic	.	contig_1245:252298-252383
contig_12466	66421	66679	intergenic	.	contig_12466:66421-66679
contig_12466	69262	69812	intergenic	.	contig_12466:69262-69812
contig_12466	85557	85790	intergenic	.	contig_12466:85557-85790
contig_12466	115992	116147	intergenic	.	contig_12466:115992-116147
contig_12469	279086	279251	gene,mRNA	.	contig_12469:279086-279251,contig_12469:279086-279251
contig_12488	35306	35337	intergenic	.	contig_12488:35306-35337
contig_12495	503	974	intergenic	.	contig_12495:503-974
contig_12495	62382	62533	gene,mRNA	.	contig_12495:62382-62533,contig_12495:62382-62533
contig_12495	62597	62653	gene,mRNA	.	contig_12495:62597-62653,contig_12495:62597-62653
contig_12495	254834	255102	intergenic	.	contig_12495:254834-255102
contig_12495	255454	255690	intergenic	.	contig_12495:255454-255690
contig_12495	691507	691948	intergenic	.	contig_12495:691507-691948
contig_12495	764596	764781	intergenic	.	contig_12495:764596-764781
contig_12495	765196	765261	intergenic	.	contig_12495:765196-765261
contig_12495	979723	980116	intergenic	.	contig_12495:979723-980116
contig_12495	1004525	1004846	intergenic	.	contig_12495:1004525-1004846
contig_12501	136248	136742	intergenic	.	contig_12501:136248-136742
contig_1254	480612	480769	intergenic	.	contig_1254:480612-480769
contig_1254	550667	550986	intergenic	.	contig_1254:550667-550986
contig_12576	30354	30686	intergenic	.	contig_12576:30354-30686
contig_12586	14190	14678	intergenic	.	contig_12586:14190-14678
contig_126	287507	287958	gene,mRNA	.	contig_126:287507-287958,contig_126:287507-287958
contig_126	668880	669049	intergenic	.	contig_126:668880-669049
contig_126	1230485	1230656	intergenic	.	contig_126:1230485-1230656
contig_12601	40446	40508	gene,mRNA	.	contig_12601:40446-40508,contig_12601:40446-40508
contig_12712	85559	85658	intergenic	.	contig_12712:85559-85658
contig_12712	87855	87933	intergenic	.	contig_12712:87855-87933
contig_12712	1113213	1113254	gene,mRNA	.	contig_12712:1113213-1113254,contig_12712:1113213-1113254
contig_12716	840421	840778	intergenic	.	contig_12716:840421-840778
contig_12716	1156145	1156245	gene,mRNA	.	contig_12716:1156145-1156245,contig_12716:1156145-1156245
contig_12716	1437700	1438133	intergenic	.	contig_12716:1437700-1438133
contig_12770	30773	30966	intergenic	.	contig_12770:30773-30966
contig_12770	294471	294634	gene,mRNA	.	contig_12770:294471-294634,contig_12770:294471-294634
contig_12770	568083	568346	intergenic	.	contig_12770:568083-568346
contig_12770	568608	568715	intergenic	.	contig_12770:568608-568715
contig_12770	570223	570292	intergenic	.	contig_12770:570223-570292
contig_12774	66936	67078	intergenic	.	contig_12774:66936-67078
contig_12774	404765	404968	intergenic	.	contig_12774:404765-404968
contig_12794	799930	800154	intergenic	.	contig_12794:799930-800154
contig_128	12825	13045	intergenic	.	contig_128:12825-13045
contig_1280	128388	128635	intergenic	.	contig_1280:128388-128635
contig_1280	128691	128849	intergenic	.	contig_1280:128691-128849
contig_1280	1552756	1552928	intergenic	.	contig_1280:1552756-1552928
contig_12859	91439	91677	intergenic	.	contig_12859:91439-91677
contig_12859	260310	260626	intergenic	.	contig_12859:260310-260626
contig_12859	435668	435798	intergenic	.	contig_12859:435668-435798
contig_12859	632933	632989	intergenic	.	contig_12859:632933-632989
contig_12859	1110415	1110506	gene,mRNA	.	contig_12859:1110415-1110506,contig_12859:1110415-1110506
contig_12860	380679	381721	intergenic	.	contig_12860:380679-381721
contig_12867	103080	103182	intergenic	.	contig_12867:103080-103182
contig_12867	103250	103342	intergenic	.	contig_12867:103250-103342
contig_12876	55046	55204	intergenic	.	contig_12876:55046-55204
contig_129	175016	175302	intergenic	.	contig_129:175016-175302
contig_12946	189599	189688	intergenic	.	contig_12946:189599-189688
contig_12946	190062	190120	intergenic	.	contig_12946:190062-190120
contig_12946	267839	268148	intergenic	.	contig_12946:267839-268148
contig_12962	398812	399086	intergenic	.	contig_12962:398812-399086
contig_12962	499574	499829	intergenic	.	contig_12962:499574-499829
contig_12965	432318	432395	intergenic	.	contig_12965:432318-432395
contig_12965	465010	465105	intergenic	.	contig_12965:465010-465105
contig_130	750463	750501	intergenic	.	contig_130:750463-750501
contig_130	1780023	1780329	intergenic	.	contig_130:1780023-1780329
contig_130	1780436	1780499	intergenic	.	contig_130:1780436-1780499
contig_130	1956983	1957073	intergenic	.	contig_130:1956983-1957073
contig_130	4484382	4484719	intergenic	.	contig_130:4484382-4484719
contig_13001	97367	97544	intergenic	.	contig_13001:97367-97544
contig_13006	33067	33399	intergenic	.	contig_13006:33067-33399
contig_13006	130886	130933	intergenic	.	contig_13006:130886-130933
contig_13006	339384	339458	gene,mRNA	.	contig_13006:339384-339458,contig_13006:339384-339458
contig_13006	359019	359120	intergenic	.	contig_13006:359019-359120
contig_13006	556027	556122	intergenic	.	contig_13006:556027-556122
contig_13006	960234	961479	intergenic	.	contig_13006:960234-961479
contig_13006	1086155	1086306	intergenic	.	contig_13006:1086155-1086306
contig_13006	1138793	1138951	intergenic	.	contig_13006:1138793-1138951
contig_13006	1154107	1154309	intergenic	.	contig_13006:1154107-1154309
contig_13027	247288	247352	intergenic	.	contig_13027:247288-247352
contig_13027	403935	404108	gene,mRNA	.	contig_13027:403935-404108,contig_13027:403935-404108
contig_13027	4367684	4367775	intergenic	.	contig_13027:4367684-4367775
contig_13036	66866	66901	intergenic	.	contig_13036:66866-66901
contig_13036	817714	817749	intergenic	.	contig_13036:817714-817749
contig_13036	1175809	1175904	gene,mRNA	.	contig_13036:1175809-1175904,contig_13036:1175809-1175904
contig_13036	2810113	2810537	intergenic	.	contig_13036:2810113-2810537
contig_13036	3341180	3341311	gene,mRNA	.	contig_13036:3341180-3341311,contig_13036:3341180-3341311
contig_13036	4037073	4037132	intergenic	.	contig_13036:4037073-4037132
contig_13036	4118327	4118419	intergenic	.	contig_13036:4118327-4118419
contig_13044	457430	457730	intergenic	.	contig_13044:457430-457730
contig_13044	1268717	1268848	gene,mRNA	.	contig_13044:1268717-1268848,contig_13044:1268717-1268848
contig_13089	63235	63555	intergenic	.	contig_13089:63235-63555
contig_13092	17782	17952	intergenic	.	contig_13092:17782-17952
contig_13120	80216	80311	intergenic	.	contig_13120:80216-80311
contig_13120	80587	80653	intergenic	.	contig_13120:80587-80653
contig_13120	110489	110656	gene,mRNA	.	contig_13120:110489-110656,contig_13120:110489-110656
contig_13155	103480	103686	intergenic	.	contig_13155:103480-103686
contig_13155	209034	209337	intergenic	.	contig_13155:209034-209337
contig_13166	225	650	intergenic	.	contig_13166:225-650
contig_13173	557485	557734	gene,mRNA	.	contig_13173:557485-557734,contig_13173:557485-557734
contig_13183	15939	16106	intergenic	.	contig_13183:15939-16106
contig_13190	499520	499635	intergenic	.	contig_13190:499520-499635
contig_13190	707088	707188	intergenic	.	contig_13190:707088-707188
contig_132	376127	376315	intergenic	.	contig_132:376127-376315
contig_13212	125513	125668	intergenic	.	contig_13212:125513-125668
contig_13212	216568	216708	intergenic	.	contig_13212:216568-216708
contig_13212	455389	455836	intergenic	.	contig_13212:455389-455836
contig_13212	512055	512155	intergenic	.	contig_13212:512055-512155
contig_13212	642462	642553	gene,mRNA	.	contig_13212:642462-642553,contig_13212:642462-642553
contig_13212	773077	773275	intergenic	.	contig_13212:773077-773275
contig_13212	773360	773584	intergenic	.	contig_13212:773360-773584
contig_13231	64982	65139	intergenic	.	contig_13231:64982-65139
contig_13259	160584	160796	intergenic	.	contig_13259:160584-160796
contig_13259	520973	521183	gene,mRNA	.	contig_13259:520973-521183,contig_13259:520973-521183
contig_13272	251311	251448	gene,mRNA	.	contig_13272:251311-251448,contig_13272:251311-251448
contig_13297	34508	34663	intergenic	.	contig_13297:34508-34663
contig_13297	113008	113057	intergenic	.	contig_13297:113008-113057
contig_13297	206576	206736	gene,mRNA	.	contig_13297:206576-206736,contig_13297:206576-206736
contig_13297	207018	207097	gene,mRNA	.	contig_13297:207018-207097,contig_13297:207018-207097
contig_13297	277542	277692	intergenic	.	contig_13297:277542-277692
contig_13297	452366	452664	intergenic	.	contig_13297:452366-452664
contig_13316	2717	3054	intergenic	.	contig_13316:2717-3054
contig_13321	192344	192498	gene,mRNA	.	contig_13321:192344-192498,contig_13321:192344-192498
contig_13327	349618	349718	intergenic	.	contig_13327:349618-349718
contig_13327	350606	350706	gene,mRNA,exon,CDS	.	contig_13327:350606-350706,contig_13327:350606-350706,contig_13327:350606-350706,contig_13327:350606-350706
contig_13327	429947	430095	intergenic	.	contig_13327:429947-430095
contig_13331	29692	29731	intergenic	.	contig_13331:29692-29731
contig_13331	155309	155343	intergenic	.	contig_13331:155309-155343
contig_13356	6374	6440	intergenic	.	contig_13356:6374-6440
contig_13356	840158	840305	gene,mRNA	.	contig_13356:840158-840305,contig_13356:840158-840305
contig_13369	245689	245788	intergenic	.	contig_13369:245689-245788
contig_13369	245863	246291	intergenic	.	contig_13369:245863-246291
contig_13369	268441	268868	gene,mRNA,exon,CDS,exon,CDS	.	contig_13369:268441-268868,contig_13369:268441-268868,contig_13369:268441-268868,contig_13369:268441-268868,contig_13369:268441-268868,contig_13369:268441-268868
contig_1339	216902	217186	intergenic	.	contig_1339:216902-217186
contig_1339	223365	223469	intergenic	.	contig_1339:223365-223469
contig_13401	150769	150850	intergenic	.	contig_13401:150769-150850
contig_13401	164465	164842	intergenic	.	contig_13401:164465-164842
contig_13401	257169	257295	intergenic	.	contig_13401:257169-257295
contig_13401	631246	631512	intergenic	.	contig_13401:631246-631512
contig_13413	118708	118834	intergenic	.	contig_13413:118708-118834
contig_13413	1613632	1613806	intergenic	.	contig_13413:1613632-1613806
contig_1344	705989	706158	gene,mRNA	.	contig_1344:705989-706158,contig_1344:705989-706158
contig_13446	120667	120829	intergenic	.	contig_13446:120667-120829
contig_13446	165004	165212	intergenic	.	contig_13446:165004-165212
contig_1345	83276	83548	intergenic	.	contig_1345:83276-83548
contig_13455	226645	226729	intergenic	.	contig_13455:226645-226729
contig_13455	229527	229633	intergenic	.	contig_13455:229527-229633
contig_13455	667234	667422	intergenic	.	contig_13455:667234-667422
contig_13455	947791	948025	intergenic	.	contig_13455:947791-948025
contig_13455	1030456	1030505	intergenic	.	contig_13455:1030456-1030505
contig_13455	1030585	1030625	intergenic	.	contig_13455:1030585-1030625
contig_13461	210301	210341	intergenic	.	contig_13461:210301-210341
contig_13466	572306	572366	intergenic	.	contig_13466:572306-572366
contig_1347	382250	382410	intergenic	.	contig_1347:382250-382410
contig_1347	510965	511202	intergenic	.	contig_1347:510965-511202
contig_1347	619607	619671	intergenic	.	contig_1347:619607-619671
contig_1347	942928	943267	intergenic	.	contig_1347:942928-943267
contig_1347	984596	984759	intergenic	.	contig_1347:984596-984759
contig_1347	984890	985015	intergenic	.	contig_1347:984890-985015
contig_1347	1018954	1019065	intergenic	.	contig_1347:1018954-1019065
contig_1347	1346902	1347039	intergenic	.	contig_1347:1346902-1347039
contig_1347	1940491	1940862	intergenic	.	contig_1347:1940491-1940862
contig_1347	1968759	1969003	intergenic	.	contig_1347:1968759-1969003
contig_1347	1979896	1979943	intergenic	.	contig_1347:1979896-1979943
contig_1347	1980003	1980077	intergenic	.	contig_1347:1980003-1980077
contig_1347	2813502	2813582	gene,mRNA	.	contig_1347:2813502-2813582,contig_1347:2813502-2813582
contig_13473	146278	146594	gene,mRNA	.	contig_13473:146278-146594,contig_13473:146278-146594
contig_13473	214967	215032	intergenic	.	contig_13473:214967-215032
contig_13473	215100	215276	intergenic	.	contig_13473:215100-215276
contig_13473	248973	249228	intergenic	.	contig_13473:248973-249228
contig_13483	169707	170032	intergenic	.	contig_13483:169707-170032
contig_13527	505842	505970	intergenic	.	contig_13527:505842-505970
contig_13539	284187	284287	exon,CDS,gene,mRNA	.	contig_13539:284187-284287,contig_13539:284187-284287,contig_13539:284187-284287,contig_13539:284187-284287
contig_13560	524085	524182	gene,mRNA	.	contig_13560:524085-524182,contig_13560:524085-524182
contig_13600	201021	201254	gene,mRNA	.	contig_13600:201021-201254,contig_13600:201021-201254
contig_13600	591248	591542	intergenic	.	contig_13600:591248-591542
contig_13610	127963	128177	intergenic	.	contig_13610:127963-128177
contig_13632	786098	786336	intergenic	.	contig_13632:786098-786336
contig_13648	496758	496954	intergenic	.	contig_13648:496758-496954
contig_13648	515186	516338	intergenic	.	contig_13648:515186-516338
contig_13648	516401	516538	intergenic	.	contig_13648:516401-516538
contig_13648	516657	516860	intergenic	.	contig_13648:516657-516860
contig_13664	375834	375954	intergenic	.	contig_13664:375834-375954
contig_13664	423335	424024	intergenic	.	contig_13664:423335-424024
contig_13675	21171	21281	gene,mRNA	.	contig_13675:21171-21281,contig_13675:21171-21281
contig_13675	61296	61482	intergenic	.	contig_13675:61296-61482
contig_13675	209594	209984	intergenic	.	contig_13675:209594-209984
contig_13682	63397	63873	intergenic	.	contig_13682:63397-63873
contig_13682	100183	100296	gene	.	contig_13682:100183-100296
contig_13682	110977	111274	gene,mRNA	.	contig_13682:110977-111274,contig_13682:110977-111274
contig_13682	157165	157270	intergenic	.	contig_13682:157165-157270
contig_13682	418200	418353	intergenic	.	contig_13682:418200-418353
contig_13682	439325	439440	gene,mRNA	.	contig_13682:439325-439440,contig_13682:439325-439440
contig_13682	535701	535861	intergenic	.	contig_13682:535701-535861
contig_13701	208797	209228	intergenic	.	contig_13701:208797-209228
contig_13701	300596	300785	intergenic	.	contig_13701:300596-300785
contig_13704	66523	66601	intergenic	.	contig_13704:66523-66601
contig_13704	263720	264221	intergenic	.	contig_13704:263720-264221
contig_13704	813064	813308	gene,mRNA	.	contig_13704:813064-813308,contig_13704:813064-813308
contig_13722	30788	31105	intergenic	.	contig_13722:30788-31105
contig_13722	31325	31545	intergenic	.	contig_13722:31325-31545
contig_13722	251334	251381	intergenic	.	contig_13722:251334-251381
contig_13722	251681	251788	intergenic	.	contig_13722:251681-251788
contig_13732	115155	115317	intergenic	.	contig_13732:115155-115317
contig_1375	310	515	intergenic	.	contig_1375:310-515
contig_13762	1273562	1273681	intergenic	.	contig_13762:1273562-1273681
contig_13762	1274078	1274143	intergenic	.	contig_13762:1274078-1274143
contig_13762	2241427	2241633	intergenic	.	contig_13762:2241427-2241633
contig_13765	56489	56724	intergenic	.	contig_13765:56489-56724
contig_138	1095243	1095337	intergenic	.	contig_138:1095243-1095337
contig_138	2688686	2688740	intergenic	.	contig_138:2688686-2688740
contig_13805	23480	23693	intergenic	.	contig_13805:23480-23693
contig_13836	477119	477339	intergenic	.	contig_13836:477119-477339
contig_13836	555703	555902	intergenic	.	contig_13836:555703-555902
contig_13836	671881	671954	intergenic	.	contig_13836:671881-671954
contig_13836	672036	672071	intergenic	.	contig_13836:672036-672071
contig_13836	1114590	1114625	intergenic	.	contig_13836:1114590-1114625
contig_13836	1114751	1114879	intergenic	.	contig_13836:1114751-1114879
contig_13841	803791	803880	intergenic	.	contig_13841:803791-803880
contig_1386	1279145	1279219	intergenic	.	contig_1386:1279145-1279219
contig_13873	295393	295592	intergenic	.	contig_13873:295393-295592
contig_13888	59292	59587	intergenic	.	contig_13888:59292-59587
contig_13911	26396	26779	intergenic	.	contig_13911:26396-26779
contig_13980	32910	33055	intergenic	.	contig_13980:32910-33055
contig_140	63584	63635	intergenic	.	contig_140:63584-63635
contig_1401	235355	235689	intergenic	.	contig_1401:235355-235689
contig_1401	381831	381864	gene,mRNA	.	contig_1401:381831-381864,contig_1401:381831-381864
contig_1401	382057	382285	gene,mRNA	.	contig_1401:382057-382285,contig_1401:382057-382285
contig_1401	428535	428673	intergenic	.	contig_1401:428535-428673
contig_1405	284322	284530	intergenic	.	contig_1405:284322-284530
contig_1405	604373	604493	intergenic	.	contig_1405:604373-604493
contig_1405	605042	605397	intergenic	.	contig_1405:605042-605397
contig_14067	135640	135730	intergenic	.	contig_14067:135640-135730
contig_14067	138659	138909	intergenic	.	contig_14067:138659-138909
contig_14067	145847	145971	intergenic	.	contig_14067:145847-145971
contig_14067	544345	544463	gene,mRNA	.	contig_14067:544345-544463,contig_14067:544345-544463
contig_14067	616905	617041	intergenic	.	contig_14067:616905-617041
contig_14098	41471	41782	intergenic	.	contig_14098:41471-41782
contig_141	1599839	1600026	intergenic	.	contig_141:1599839-1600026
contig_14100	183597	183675	intergenic	.	contig_14100:183597-183675
contig_14100	183869	183992	intergenic	.	contig_14100:183869-183992
contig_14115	748253	748415	intergenic	.	contig_14115:748253-748415
contig_14142	103726	103921	intergenic	.	contig_14142:103726-103921
contig_14142	282756	282875	gene,mRNA	.	contig_14142:282756-282875,contig_14142:282756-282875
contig_14142	396503	396727	gene,mRNA	.	contig_14142:396503-396727,contig_14142:396503-396727
contig_14156	107527	107557	intergenic	.	contig_14156:107527-107557
contig_14178	88966	89054	gene,mRNA	.	contig_14178:88966-89054,contig_14178:88966-89054
contig_14224	555362	555823	intergenic	.	contig_14224:555362-555823
contig_1423	7790	7901	intergenic	.	contig_1423:7790-7901
contig_1423	125085	125230	intergenic	.	contig_1423:125085-125230
contig_1423	305596	305927	intergenic	.	contig_1423:305596-305927
contig_14263	79362	79962	intergenic	.	contig_14263:79362-79962
contig_14263	155468	155800	intergenic	.	contig_14263:155468-155800
contig_14309	225111	225311	intergenic	.	contig_14309:225111-225311
contig_14314	209755	210007	intergenic	.	contig_14314:209755-210007
contig_14321	277520	277582	intergenic	.	contig_14321:277520-277582
contig_14321	482432	482475	gene,mRNA	.	contig_14321:482432-482475,contig_14321:482432-482475
contig_14321	785073	785315	intergenic	.	contig_14321:785073-785315
contig_14321	845699	845880	gene,mRNA	.	contig_14321:845699-845880,contig_14321:845699-845880
contig_14321	1819898	1820103	intergenic	.	contig_14321:1819898-1820103
contig_14332	315347	315491	intergenic	.	contig_14332:315347-315491
contig_1434	96009	96098	intergenic	.	contig_1434:96009-96098
contig_1434	108045	108168	intergenic	.	contig_1434:108045-108168
contig_144	491821	491933	intergenic	.	contig_144:491821-491933
contig_144	1289025	1289096	intergenic	.	contig_144:1289025-1289096
contig_144	1304979	1305096	intergenic	.	contig_144:1304979-1305096
contig_144	1332431	1332645	intergenic	.	contig_144:1332431-1332645
contig_144	1357305	1357454	intergenic	.	contig_144:1357305-1357454
contig_14475	160169	160393	gene,mRNA	.	contig_14475:160169-160393,contig_14475:160169-160393
contig_14475	168927	169012	gene,mRNA	.	contig_14475:168927-169012,contig_14475:168927-169012
contig_14488	196621	196782	intergenic	.	contig_14488:196621-196782
contig_14500	8216	8328	intergenic	.	contig_14500:8216-8328
contig_14518	66262	66563	intergenic	.	contig_14518:66262-66563
contig_14518	193768	193991	intergenic	.	contig_14518:193768-193991
contig_14518	306545	306866	intergenic	.	contig_14518:306545-306866
contig_14529	13208	13367	intergenic	.	contig_14529:13208-13367
contig_14529	456963	456997	intergenic	.	contig_14529:456963-456997
contig_14539	20728	20825	intergenic	.	contig_14539:20728-20825
contig_14539	20884	20953	intergenic	.	contig_14539:20884-20953
contig_1455	281366	281456	intergenic	.	contig_1455:281366-281456
contig_1455	523256	523417	intergenic	.	contig_1455:523256-523417
contig_1455	616865	617685	intergenic	.	contig_1455:616865-617685
contig_14557	59852	59946	gene,mRNA	.	contig_14557:59852-59946,contig_14557:59852-59946
contig_14557	169407	169547	intergenic	.	contig_14557:169407-169547
contig_14579	337035	337165	intergenic	.	contig_14579:337035-337165
contig_14632	146128	146485	gene,mRNA	.	contig_14632:146128-146485,contig_14632:146128-146485
contig_14632	646911	647103	intergenic	.	contig_14632:646911-647103
contig_14638	283235	283334	intergenic	.	contig_14638:283235-283334
contig_14638	283709	283924	intergenic	.	contig_14638:283709-283924
contig_14638	758484	758534	intergenic	.	contig_14638:758484-758534
contig_14638	758590	758632	intergenic	.	contig_14638:758590-758632
contig_14638	1070255	1070512	intergenic	.	contig_14638:1070255-1070512
contig_14638	1092394	1092497	gene,mRNA	.	contig_14638:1092394-1092497,contig_14638:1092394-1092497
contig_14655	40422	40779	intergenic	.	contig_14655:40422-40779
contig_14655	117086	117532	intergenic	.	contig_14655:117086-117532
contig_14655	882779	882921	gene,mRNA	.	contig_14655:882779-882921,contig_14655:882779-882921
contig_14662	53490	53552	intergenic	.	contig_14662:53490-53552
contig_14662	213874	214295	intergenic	.	contig_14662:213874-214295
contig_14662	339930	340097	intergenic	.	contig_14662:339930-340097
contig_14662	340149	340255	intergenic	.	contig_14662:340149-340255
contig_14662	440610	440641	intergenic	.	contig_14662:440610-440641
contig_14673	2369	2565	intergenic	.	contig_14673:2369-2565
contig_14696	118818	118909	intergenic	.	contig_14696:118818-118909
contig_14696	132575	132782	gene,mRNA	.	contig_14696:132575-132782,contig_14696:132575-132782
contig_14696	165937	166143	intergenic	.	contig_14696:165937-166143
contig_14696	166889	166975	intergenic	.	contig_14696:166889-166975
contig_14696	203692	203800	intergenic	.	contig_14696:203692-203800
contig_14696	269618	269680	intergenic	.	contig_14696:269618-269680
contig_14696	269750	269972	intergenic	.	contig_14696:269750-269972
contig_1470	745052	745122	intergenic	.	contig_1470:745052-745122
contig_1470	1780440	1780563	intergenic	.	contig_1470:1780440-1780563
contig_1470	2010118	2010165	intergenic	.	contig_1470:2010118-2010165
contig_1470	2714658	2715061	intergenic	.	contig_1470:2714658-2715061
contig_1470	3393333	3393378	intergenic	.	contig_1470:3393333-3393378
contig_1470	4199516	4199568	gene,mRNA	.	contig_1470:4199516-4199568,contig_1470:4199516-4199568
contig_1470	4324798	4325030	intergenic	.	contig_1470:4324798-4325030
contig_1470	4650723	4650992	intergenic	.	contig_1470:4650723-4650992
contig_1470	5046930	5047013	intergenic	.	contig_1470:5046930-5047013
contig_1470	5160626	5160682	intergenic	.	contig_1470:5160626-5160682
contig_1470	5164943	5165046	intergenic	.	contig_1470:5164943-5165046
contig_1470	5845407	5845557	intergenic	.	contig_1470:5845407-5845557
contig_1470	6224355	6224549	intergenic	.	contig_1470:6224355-6224549
contig_14709	60489	60807	intergenic	.	contig_14709:60489-60807
contig_14710	133134	133348	intergenic	.	contig_14710:133134-133348
contig_14710	133635	133803	intergenic	.	contig_14710:133635-133803
contig_14710	394215	394472	intergenic	.	contig_14710:394215-394472
contig_14727	385991	386186	intergenic	.	contig_14727:385991-386186
contig_14727	386248	386677	intergenic	.	contig_14727:386248-386677
contig_14727	500656	501014	gene,mRNA	.	contig_14727:500656-501014,contig_14727:500656-501014
contig_14727	524970	525059	intergenic	.	contig_14727:524970-525059
contig_14727	618383	618597	intergenic	.	contig_14727:618383-618597
contig_14738	7765	7878	intergenic	.	contig_14738:7765-7878
contig_14738	7955	8178	intergenic	.	contig_14738:7955-8178
contig_14777	552991	553065	intergenic	.	contig_14777:552991-553065
contig_14777	552991	553292	start_codon,exon,CDS,gene,mRNA	.	contig_14777:552991-553292,contig_14777:552991-553292,contig_14777:552991-553292,contig_14777:552991-553292,contig_14777:552991-553292
contig_14777	587780	587877	intergenic	.	contig_14777:587780-587877
contig_14777	610608	610752	intergenic	.	contig_14777:610608-610752
contig_14777	943968	944202	intergenic	.	contig_14777:943968-944202
contig_14794	30139	30321	intergenic	.	contig_14794:30139-30321
contig_14794	646797	646852	intergenic	.	contig_14794:646797-646852
contig_14794	646907	646999	intergenic	.	contig_14794:646907-646999
contig_14799	120455	120622	intergenic	.	contig_14799:120455-120622
contig_14799	136110	136399	intergenic	.	contig_14799:136110-136399
contig_14799	1035482	1035863	intergenic	.	contig_14799:1035482-1035863
contig_14799	1238383	1238462	intergenic	.	contig_14799:1238383-1238462
contig_14799	1239260	1239741	intergenic	.	contig_14799:1239260-1239741
contig_14834	29966	30195	intergenic	.	contig_14834:29966-30195
contig_14834	452085	452249	intergenic	.	contig_14834:452085-452249
contig_14845	132181	132224	intergenic	.	contig_14845:132181-132224
contig_14845	132831	133013	intergenic	.	contig_14845:132831-133013
contig_14845	821783	821996	intergenic	.	contig_14845:821783-821996
contig_14892	85443	85607	gene,mRNA	.	contig_14892:85443-85607,contig_14892:85443-85607
contig_14913	37296	37433	intergenic	.	contig_14913:37296-37433
contig_14947	1134767	1134980	intergenic	.	contig_14947:1134767-1134980
contig_14947	1202080	1202602	gene,mRNA	.	contig_14947:1202080-1202602,contig_14947:1202080-1202602
contig_1496	239855	240035	intergenic	.	contig_1496:239855-240035
contig_1496	354152	354304	gene,mRNA	.	contig_1496:354152-354304,contig_1496:354152-354304
contig_1496	801553	801667	gene,mRNA	.	contig_1496:801553-801667,contig_1496:801553-801667
contig_1496	801822	801977	gene,mRNA	.	contig_1496:801822-801977,contig_1496:801822-801977
contig_14982	323371	323785	intergenic	.	contig_14982:323371-323785
contig_14985	81680	81744	intergenic	.	contig_14985:81680-81744
contig_14985	1103648	1103734	intergenic	.	contig_14985:1103648-1103734
contig_14985	2283666	2283818	intergenic	.	contig_14985:2283666-2283818
contig_15	804920	805022	gene,mRNA	.	contig_15:804920-805022,contig_15:804920-805022
contig_15	942839	942880	intergenic	.	contig_15:942839-942880
contig_1500	2404153	2404208	gene,mRNA	.	contig_1500:2404153-2404208,contig_1500:2404153-2404208
contig_1500	2474483	2474583	gene,mRNA,exon,CDS	.	contig_1500:2474483-2474583,contig_1500:2474483-2474583,contig_1500:2474483-2474583,contig_1500:2474483-2474583
contig_1500	2475794	2475894	gene,mRNA,exon,CDS	.	contig_1500:2475794-2475894,contig_1500:2475794-2475894,contig_1500:2475794-2475894,contig_1500:2475794-2475894
contig_1500	2476394	2476494	gene,mRNA,exon,CDS	.	contig_1500:2476394-2476494,contig_1500:2476394-2476494,contig_1500:2476394-2476494,contig_1500:2476394-2476494
contig_15017	273548	273642	intergenic	.	contig_15017:273548-273642
contig_15017	422532	422634	intergenic	.	contig_15017:422532-422634
contig_1503	283312	283509	intergenic	.	contig_1503:283312-283509
contig_1503	502494	502749	intergenic	.	contig_1503:502494-502749
contig_1503	563073	563171	intergenic	.	contig_1503:563073-563171
contig_1503	804384	804765	gene,mRNA	.	contig_1503:804384-804765,contig_1503:804384-804765
contig_1503	812504	812647	gene,mRNA	.	contig_1503:812504-812647,contig_1503:812504-812647
contig_1503	816286	816483	gene,mRNA	.	contig_1503:816286-816483,contig_1503:816286-816483
contig_15041	38076	38137	intergenic	.	contig_15041:38076-38137
contig_15041	156185	156366	intergenic	.	contig_15041:156185-156366
contig_15041	255018	255094	intergenic	.	contig_15041:255018-255094
contig_1505	794798	794865	intergenic	.	contig_1505:794798-794865
contig_1505	1690632	1690739	gene,mRNA	.	contig_1505:1690632-1690739,contig_1505:1690632-1690739
contig_15084	28183	28214	intergenic	.	contig_15084:28183-28214
contig_15084	324568	324857	intergenic	.	contig_15084:324568-324857
contig_15084	431907	432021	intergenic	.	contig_15084:431907-432021
contig_15084	489225	489318	intergenic	.	contig_15084:489225-489318
contig_15084	489620	489697	intergenic	.	contig_15084:489620-489697
contig_15084	556679	556761	intergenic	.	contig_15084:556679-556761
contig_15092	116458	116613	gene,mRNA	.	contig_15092:116458-116613,contig_15092:116458-116613
contig_15092	217057	217384	intergenic	.	contig_15092:217057-217384
contig_15098	276577	276642	intergenic	.	contig_15098:276577-276642
contig_15098	414485	414700	intergenic	.	contig_15098:414485-414700
contig_1511	276017	276091	gene,mRNA	.	contig_1511:276017-276091,contig_1511:276017-276091
contig_15128	99508	99550	intergenic	.	contig_15128:99508-99550
contig_15128	99625	99751	intergenic	.	contig_15128:99625-99751
contig_15128	119742	120053	gene,mRNA	.	contig_15128:119742-120053,contig_15128:119742-120053
contig_15128	191585	191737	intergenic	.	contig_15128:191585-191737
contig_15128	294636	294867	intergenic	.	contig_15128:294636-294867
contig_15128	347225	347451	intergenic	.	contig_15128:347225-347451
contig_15135	858385	858395	intergenic	.	contig_15135:858385-858395
contig_15135	858385	858485	gene,polyA_signal_sequence	.	contig_15135:858385-858485,contig_15135:858385-858485
contig_15135	858886	858986	gene,mRNA,exon,CDS	.	contig_15135:858886-858986,contig_15135:858886-858986,contig_15135:858886-858986,contig_15135:858886-858986
contig_15135	859227	859427	gene,mRNA,exon,CDS	.	contig_15135:859227-859427,contig_15135:859227-859427,contig_15135:859227-859427,contig_15135:859227-859427
contig_15135	860436	860636	gene,mRNA,exon,CDS,start_codon	.	contig_15135:860436-860636,contig_15135:860436-860636,contig_15135:860436-860636,contig_15135:860436-860636,contig_15135:860436-860636
contig_15168	46866	47213	intergenic	.	contig_15168:46866-47213
contig_15168	173409	173630	intergenic	.	contig_15168:173409-173630
contig_15168	241287	241329	intergenic	.	contig_15168:241287-241329
contig_15168	1294174	1294551	gene,mRNA	.	contig_15168:1294174-1294551,contig_15168:1294174-1294551
contig_15168	1316890	1317089	intergenic	.	contig_15168:1316890-1317089
contig_152	1704393	1704554	intergenic	.	contig_152:1704393-1704554
contig_15268	764943	764997	gene,mRNA	.	contig_15268:764943-764997,contig_15268:764943-764997
contig_15290	68174	68238	gene,mRNA	.	contig_15290:68174-68238,contig_15290:68174-68238
contig_15297	167110	167363	intergenic	.	contig_15297:167110-167363
contig_15297	182781	182950	intergenic	.	contig_15297:182781-182950
contig_15297	229751	229800	intergenic	.	contig_15297:229751-229800
contig_15297	343187	343697	gene,mRNA	.	contig_15297:343187-343697,contig_15297:343187-343697
contig_15315	165698	165965	gene,mRNA	.	contig_15315:165698-165965,contig_15315:165698-165965
contig_15315	327635	327946	intergenic	.	contig_15315:327635-327946
contig_15323	3199	3296	intergenic	.	contig_15323:3199-3296
contig_15355	1554763	1554886	intergenic	.	contig_15355:1554763-1554886
contig_15355	2237397	2237501	intergenic	.	contig_15355:2237397-2237501
contig_1537	434179	434505	intergenic	.	contig_1537:434179-434505
contig_1537	591780	591825	intergenic	.	contig_1537:591780-591825
contig_1537	1312404	1312440	intergenic	.	contig_1537:1312404-1312440
contig_1537	2341748	2342237	intergenic	.	contig_1537:2341748-2342237
contig_1537	3053635	3053874	intergenic	.	contig_1537:3053635-3053874
contig_1537	3382739	3382882	intergenic	.	contig_1537:3382739-3382882
contig_1537	3482541	3482786	intergenic	.	contig_1537:3482541-3482786
contig_1537	4631943	4632146	intergenic	.	contig_1537:4631943-4632146
contig_15375	157803	157846	intergenic	.	contig_15375:157803-157846
contig_15375	236999	237151	intergenic	.	contig_15375:236999-237151
contig_15375	265414	265619	intergenic	.	contig_15375:265414-265619
contig_15385	211798	212002	intergenic	.	contig_15385:211798-212002
contig_15396	239099	239170	intergenic	.	contig_15396:239099-239170
contig_15396	883464	883645	intergenic	.	contig_15396:883464-883645
contig_15396	1087608	1087776	gene,mRNA	.	contig_15396:1087608-1087776,contig_15396:1087608-1087776
contig_15396	1309630	1309718	intergenic	.	contig_15396:1309630-1309718
contig_15396	1316228	1316422	intergenic	.	contig_15396:1316228-1316422
contig_15396	1637154	1637483	intergenic	.	contig_15396:1637154-1637483
contig_15396	1686958	1687337	intergenic	.	contig_15396:1686958-1687337
contig_15396	1814575	1814803	intergenic	.	contig_15396:1814575-1814803
contig_15396	1848676	1848907	gene,mRNA	.	contig_15396:1848676-1848907,contig_15396:1848676-1848907
contig_15396	1860615	1860916	intergenic	.	contig_15396:1860615-1860916
contig_15396	2096302	2096432	intergenic	.	contig_15396:2096302-2096432
contig_15397	436243	436452	gene,mRNA	.	contig_15397:436243-436452,contig_15397:436243-436452
contig_15397	485029	485069	intergenic	.	contig_15397:485029-485069
contig_15397	485453	485493	intergenic	.	contig_15397:485453-485493
contig_15397	649795	650065	gene,mRNA	.	contig_15397:649795-650065,contig_15397:649795-650065
contig_15397	884569	884624	gene,mRNA	.	contig_15397:884569-884624,contig_15397:884569-884624
contig_15420	2795	2931	intergenic	.	contig_15420:2795-2931
contig_15420	42807	42901	intergenic	.	contig_15420:42807-42901
contig_15423	23895	24144	intergenic	.	contig_15423:23895-24144
contig_15426	173414	174039	intergenic	.	contig_15426:173414-174039
contig_15439	578440	578547	intergenic	.	contig_15439:578440-578547
contig_15448	281046	281277	exon,CDS,gene,mRNA	.	contig_15448:281046-281277,contig_15448:281046-281277,contig_15448:281046-281277,contig_15448:281046-281277
contig_15456	3416	3501	gene,mRNA	.	contig_15456:3416-3501,contig_15456:3416-3501
contig_15456	3792	3998	gene,mRNA	.	contig_15456:3792-3998,contig_15456:3792-3998
contig_15498	232606	232679	gene,mRNA	.	contig_15498:232606-232679,contig_15498:232606-232679
contig_155	58584	58669	gene,mRNA	.	contig_155:58584-58669,contig_155:58584-58669
contig_155	276864	276921	intergenic	.	contig_155:276864-276921
contig_155	590692	591045	gene,mRNA	.	contig_155:590692-591045,contig_155:590692-591045
contig_155	1080749	1080849	intergenic	.	contig_155:1080749-1080849
contig_155	1081133	1081229	intergenic	.	contig_155:1081133-1081229
contig_155	1704245	1704525	gene,mRNA	.	contig_155:1704245-1704525,contig_155:1704245-1704525
contig_15520	69057	69138	intergenic	.	contig_15520:69057-69138
contig_15527	7922	8046	intergenic	.	contig_15527:7922-8046
contig_15527	127298	127844	exon,CDS,start_codon,gene,mRNA	.	contig_15527:127298-127844,contig_15527:127298-127844,contig_15527:127298-127844,contig_15527:127298-127844,contig_15527:127298-127844
contig_15527	127542	127844	intergenic	.	contig_15527:127542-127844
contig_15527	158109	158353	intergenic	.	contig_15527:158109-158353
contig_15527	327259	327716	gene,mRNA	.	contig_15527:327259-327716,contig_15527:327259-327716
contig_15537	395040	395696	exon,CDS,start_codon,gene,mRNA	.	contig_15537:395040-395696,contig_15537:395040-395696,contig_15537:395040-395696,contig_15537:395040-395696,contig_15537:395040-395696
contig_15537	395661	395696	intergenic	.	contig_15537:395661-395696
contig_15538	280529	280559	intergenic	.	contig_15538:280529-280559
contig_15538	629665	629843	intergenic	.	contig_15538:629665-629843
contig_15547	58963	59020	intergenic	.	contig_15547:58963-59020
contig_15547	105299	105495	intergenic	.	contig_15547:105299-105495
contig_15547	162006	162292	intergenic	.	contig_15547:162006-162292
contig_15563	250628	250855	intergenic	.	contig_15563:250628-250855
contig_15565	72536	72820	intergenic	.	contig_15565:72536-72820
contig_15569	15557	15845	intergenic	.	contig_15569:15557-15845
contig_1557	416281	416329	gene,mRNA	.	contig_1557:416281-416329,contig_1557:416281-416329
contig_1557	583633	583805	intergenic	.	contig_1557:583633-583805
contig_1557	749525	749812	intergenic	.	contig_1557:749525-749812
contig_1557	810868	811304	intergenic	.	contig_1557:810868-811304
contig_1557	853216	853526	intergenic	.	contig_1557:853216-853526
contig_1557	1005434	1005808	intergenic	.	contig_1557:1005434-1005808
contig_1557	1186453	1186638	gene,mRNA,exon,CDS	.	contig_1557:1186453-1186638,contig_1557:1186453-1186638,contig_1557:1186453-1186638,contig_1557:1186453-1186638
contig_1557	1405298	1405523	intergenic	.	contig_1557:1405298-1405523
contig_1557	1692913	1693527	gene,mRNA	.	contig_1557:1692913-1693527,contig_1557:1692913-1693527
contig_1557	1797170	1797232	intergenic	.	contig_1557:1797170-1797232
contig_15586	573719	573888	intergenic	.	contig_15586:573719-573888
contig_15586	1174004	1174049	intergenic	.	contig_15586:1174004-1174049
contig_15586	1541992	1542193	intergenic	.	contig_15586:1541992-1542193
contig_156	649381	649850	intergenic	.	contig_156:649381-649850
contig_15616	85137	85299	intergenic	.	contig_15616:85137-85299
contig_15616	85354	85480	intergenic	.	contig_15616:85354-85480
contig_15616	149655	149956	intergenic	.	contig_15616:149655-149956
contig_15616	331158	331254	intergenic	.	contig_15616:331158-331254
contig_15626	2796	2848	intergenic	.	contig_15626:2796-2848
contig_15626	21947	22132	intergenic	.	contig_15626:21947-22132
contig_1563	187261	187572	intergenic	.	contig_1563:187261-187572
contig_1563	603713	603751	intergenic	.	contig_1563:603713-603751
contig_15641	261228	261522	intergenic	.	contig_15641:261228-261522
contig_15641	365579	365637	intergenic	.	contig_15641:365579-365637
contig_15641	366120	366214	intergenic	.	contig_15641:366120-366214
contig_15641	412909	413310	exon,CDS,gene,mRNA	.	contig_15641:412909-413310,contig_15641:412909-413310,contig_15641:412909-413310,contig_15641:412909-413310
contig_15641	659211	659567	intergenic	.	contig_15641:659211-659567
contig_15662	96435	96522	gene,mRNA,exon,CDS	.	contig_15662:96435-96522,contig_15662:96435-96522,contig_15662:96435-96522,contig_15662:96435-96522
contig_15662	96686	96831	gene,mRNA,exon,CDS,stop_codon,polyA_signal_sequence	.	contig_15662:96686-96831,contig_15662:96686-96831,contig_15662:96686-96831,contig_15662:96686-96831,contig_15662:96686-96831,contig_15662:96686-96831
contig_15662	96807	96831	intergenic	.	contig_15662:96807-96831
contig_15662	174185	174413	gene,polyA_signal_sequence	.	contig_15662:174185-174413,contig_15662:174185-174413
contig_15662	174355	174413	intergenic	.	contig_15662:174355-174413
contig_15662	184394	184656	intergenic	.	contig_15662:184394-184656
contig_15662	262295	262488	intergenic	.	contig_15662:262295-262488
contig_15730	231842	231872	intergenic	.	contig_15730:231842-231872
contig_15735	1913	2216	intergenic	.	contig_15735:1913-2216
contig_15735	581609	581908	intergenic	.	contig_15735:581609-581908
contig_15735	637321	637551	intergenic	.	contig_15735:637321-637551
contig_15735	691199	691426	intergenic	.	contig_15735:691199-691426
contig_15746	11338	11741	intergenic	.	contig_15746:11338-11741
contig_15746	48523	48651	intergenic	.	contig_15746:48523-48651
contig_15750	626619	626816	intergenic	.	contig_15750:626619-626816
contig_15750	681858	682017	intergenic	.	contig_15750:681858-682017
contig_15750	719399	719548	intergenic	.	contig_15750:719399-719548
contig_15750	778285	778497	intergenic	.	contig_15750:778285-778497
contig_15768	73350	73653	intergenic	.	contig_15768:73350-73653
contig_15768	216941	217382	intergenic	.	contig_15768:216941-217382
contig_15775	25894	26098	intergenic	.	contig_15775:25894-26098
contig_15775	178317	178361	intergenic	.	contig_15775:178317-178361
contig_15792	5847	6108	intergenic	.	contig_15792:5847-6108
contig_15797	185210	185282	intergenic	.	contig_15797:185210-185282
contig_15797	306808	306852	intergenic	.	contig_15797:306808-306852
contig_15797	307020	307067	intergenic	.	contig_15797:307020-307067
contig_15797	307176	307232	intergenic	.	contig_15797:307176-307232
contig_15797	478802	478976	intergenic	.	contig_15797:478802-478976
contig_15797	881448	881543	intergenic	.	contig_15797:881448-881543
contig_15827	18335	18421	intergenic	.	contig_15827:18335-18421
contig_15827	18792	18920	intergenic	.	contig_15827:18792-18920
contig_15831	83273	83401	intergenic	.	contig_15831:83273-83401
contig_15831	83468	83548	intergenic	.	contig_15831:83468-83548
contig_1584	4803	4865	gene,mRNA	.	contig_1584:4803-4865,contig_1584:4803-4865
contig_1584	119653	119703	intergenic	.	contig_1584:119653-119703
contig_1584	154087	154598	intergenic	.	contig_1584:154087-154598
contig_1584	193085	193262	intergenic	.	contig_1584:193085-193262
contig_15884	21147	21247	intergenic	.	contig_15884:21147-21247
contig_15884	859893	859950	intergenic	.	contig_15884:859893-859950
contig_15927	127758	127915	gene,mRNA	.	contig_15927:127758-127915,contig_15927:127758-127915
contig_15951	1211273	1211319	intergenic	.	contig_15951:1211273-1211319
contig_15951	1211438	1211550	intergenic	.	contig_15951:1211438-1211550
contig_15980	17703	17757	intergenic	.	contig_15980:17703-17757
contig_16001	658103	658175	intergenic	.	contig_16001:658103-658175
contig_16035	1591287	1591522	gene,mRNA	.	contig_16035:1591287-1591522,contig_16035:1591287-1591522
contig_16035	1635308	1635817	gene,mRNA	.	contig_16035:1635308-1635817,contig_16035:1635308-1635817
contig_16063	83986	84090	intergenic	.	contig_16063:83986-84090
contig_16063	583095	583193	intergenic	.	contig_16063:583095-583193
contig_16079	44177	44371	intergenic	.	contig_16079:44177-44371
contig_16104	2490	2583	intergenic	.	contig_16104:2490-2583
contig_16177	366539	366667	intergenic	.	contig_16177:366539-366667
contig_16177	520615	520912	intergenic	.	contig_16177:520615-520912
contig_16219	907713	907745	intergenic	.	contig_16219:907713-907745
contig_16219	949967	950043	intergenic	.	contig_16219:949967-950043
contig_1622	453411	453658	intergenic	.	contig_1622:453411-453658
contig_1622	553406	553514	intergenic	.	contig_1622:553406-553514
contig_16224	209784	209967	intergenic	.	contig_16224:209784-209967
contig_16224	267153	267593	intergenic	.	contig_16224:267153-267593
contig_16265	53010	53350	intergenic	.	contig_16265:53010-53350
contig_16286	148554	148853	gene,mRNA	.	contig_16286:148554-148853,contig_16286:148554-148853
contig_1633	312492	312683	gene,mRNA	.	contig_1633:312492-312683,contig_1633:312492-312683
contig_1633	312771	312851	gene,mRNA	.	contig_1633:312771-312851,contig_1633:312771-312851
contig_1633	801827	801879	intergenic	.	contig_1633:801827-801879
contig_1633	2292198	2292272	intergenic	.	contig_1633:2292198-2292272
contig_1633	2555657	2555768	gene,mRNA	.	contig_1633:2555657-2555768,contig_1633:2555657-2555768
contig_1633	3159597	3159720	intergenic	.	contig_1633:3159597-3159720
contig_1633	3517764	3517877	gene,mRNA	.	contig_1633:3517764-3517877,contig_1633:3517764-3517877
contig_16381	5794	5868	intergenic	.	contig_16381:5794-5868
contig_16388	83866	83944	intergenic	.	contig_16388:83866-83944
contig_16388	84010	84537	intergenic	.	contig_16388:84010-84537
contig_16388	142625	142735	intergenic	.	contig_16388:142625-142735
contig_16388	152218	152371	intergenic	.	contig_16388:152218-152371
contig_16388	152424	152546	intergenic	.	contig_16388:152424-152546
contig_16388	233801	233933	gene,mRNA	.	contig_16388:233801-233933,contig_16388:233801-233933
contig_16388	375779	376006	intergenic	.	contig_16388:375779-376006
contig_16388	376080	376227	intergenic	.	contig_16388:376080-376227
contig_16388	443703	443790	intergenic	.	contig_16388:443703-443790
contig_16394	287662	287791	intergenic	.	contig_16394:287662-287791
contig_16394	288269	288378	intergenic	.	contig_16394:288269-288378
contig_16394	439443	439487	intergenic	.	contig_16394:439443-439487
contig_16394	672908	673060	intergenic	.	contig_16394:672908-673060
contig_16402	581335	581407	intergenic	.	contig_16402:581335-581407
contig_16451	305435	305517	intergenic	.	contig_16451:305435-305517
contig_16477	34607	34774	gene,mRNA	.	contig_16477:34607-34774,contig_16477:34607-34774
contig_16477	133535	133632	exon,CDS,gene,mRNA	.	contig_16477:133535-133632,contig_16477:133535-133632,contig_16477:133535-133632,contig_16477:133535-133632
contig_16512	82556	82838	gene,mRNA	.	contig_16512:82556-82838,contig_16512:82556-82838
contig_16512	92763	92983	gene,mRNA	.	contig_16512:92763-92983,contig_16512:92763-92983
contig_16512	93120	93287	gene,mRNA	.	contig_16512:93120-93287,contig_16512:93120-93287
contig_16525	36285	36466	intergenic	.	contig_16525:36285-36466
contig_16525	468107	468230	intergenic	.	contig_16525:468107-468230
contig_16536	164066	164109	intergenic	.	contig_16536:164066-164109
contig_16547	93264	93464	intergenic	.	contig_16547:93264-93464
contig_16586	576976	577161	intergenic	.	contig_16586:576976-577161
contig_16586	577491	577582	intergenic	.	contig_16586:577491-577582
contig_16586	616262	616460	intergenic	.	contig_16586:616262-616460
contig_16596	209360	209770	intergenic	.	contig_16596:209360-209770
contig_16596	245656	246043	intergenic	.	contig_16596:245656-246043
contig_166	737120	737224	intergenic	.	contig_166:737120-737224
contig_166	737330	737410	intergenic	.	contig_166:737330-737410
contig_166	2564578	2564789	intergenic	.	contig_166:2564578-2564789
contig_166	2823821	2823982	intergenic	.	contig_166:2823821-2823982
contig_166	2911089	2911148	intergenic	.	contig_166:2911089-2911148
contig_166	2911244	2911361	intergenic	.	contig_166:2911244-2911361
contig_166	3289076	3289156	intergenic	.	contig_166:3289076-3289156
contig_166	3831620	3831796	gene,mRNA	.	contig_166:3831620-3831796,contig_166:3831620-3831796
contig_166	4470312	4470384	intergenic	.	contig_166:4470312-4470384
contig_166	4856001	4856253	gene,mRNA	.	contig_166:4856001-4856253,contig_166:4856001-4856253
contig_166	4989585	4989652	intergenic	.	contig_166:4989585-4989652
contig_166	5113510	5113724	intergenic	.	contig_166:5113510-5113724
contig_166	5122327	5122449	intergenic	.	contig_166:5122327-5122449
contig_16606	63769	64080	intergenic	.	contig_16606:63769-64080
contig_16612	21101	21201	intergenic	.	contig_16612:21101-21201
contig_16612	23748	23929	intergenic	.	contig_16612:23748-23929
contig_16704	29324	29641	intergenic	.	contig_16704:29324-29641
contig_16704	171562	171678	intergenic	.	contig_16704:171562-171678
contig_16704	575108	575309	intergenic	.	contig_16704:575108-575309
contig_16715	51988	52018	intergenic	.	contig_16715:51988-52018
contig_16739	4447	4564	intergenic	.	contig_16739:4447-4564
contig_16739	6055	6105	intergenic	.	contig_16739:6055-6105
contig_16748	2611	2685	intergenic	.	contig_16748:2611-2685
contig_16757	96359	96503	gene,mRNA	.	contig_16757:96359-96503,contig_16757:96359-96503
contig_16760	274686	274898	intergenic	.	contig_16760:274686-274898
contig_16760	278059	278260	intergenic	.	contig_16760:278059-278260
contig_16760	278498	278548	intergenic	.	contig_16760:278498-278548
contig_16769	149868	150101	intergenic	.	contig_16769:149868-150101
contig_16778	212935	213191	intergenic	.	contig_16778:212935-213191
contig_16778	535563	535710	intergenic	.	contig_16778:535563-535710
contig_16778	535829	536150	intergenic	.	contig_16778:535829-536150
contig_16806	218842	218992	intergenic	.	contig_16806:218842-218992
contig_16848	41358	41488	gene,mRNA	.	contig_16848:41358-41488,contig_16848:41358-41488
contig_16851	34611	34686	intergenic	.	contig_16851:34611-34686
contig_16851	201778	201880	intergenic	.	contig_16851:201778-201880
contig_16851	294640	294846	intergenic	.	contig_16851:294640-294846
contig_16851	318980	319171	start_codon,exon,CDS,gene,mRNA	.	contig_16851:318980-319171,contig_16851:318980-319171,contig_16851:318980-319171,contig_16851:318980-319171,contig_16851:318980-319171
contig_16880	43456	43540	intergenic	.	contig_16880:43456-43540
contig_16880	630015	630243	intergenic	.	contig_16880:630015-630243
contig_16909	1067964	1068133	intergenic	.	contig_16909:1067964-1068133
contig_16909	1081960	1082192	gene,mRNA	.	contig_16909:1081960-1082192,contig_16909:1081960-1082192
contig_16948	266954	267161	intergenic	.	contig_16948:266954-267161
contig_17040	468623	468709	intergenic	.	contig_17040:468623-468709
contig_17054	304786	305001	gene,mRNA	.	contig_17054:304786-305001,contig_17054:304786-305001
contig_17097	17228	17771	intergenic	.	contig_17097:17228-17771
contig_17104	29980	30015	intergenic	.	contig_17104:29980-30015
contig_17104	30171	30369	intergenic	.	contig_17104:30171-30369
contig_17104	146854	147050	gene,mRNA	.	contig_17104:146854-147050,contig_17104:146854-147050
contig_17104	289451	289584	intergenic	.	contig_17104:289451-289584
contig_17104	368619	368751	intergenic	.	contig_17104:368619-368751
contig_17108	99420	99543	intergenic	.	contig_17108:99420-99543
contig_17108	104129	104241	intergenic	.	contig_17108:104129-104241
contig_17108	104343	104509	intergenic	.	contig_17108:104343-104509
contig_17117	994458	995815	intergenic	.	contig_17117:994458-995815
contig_17117	1069717	1069784	intergenic	.	contig_17117:1069717-1069784
contig_17117	1148634	1148966	intergenic	.	contig_17117:1148634-1148966
contig_17143	96207	96443	intergenic	.	contig_17143:96207-96443
contig_17143	578350	578704	intergenic	.	contig_17143:578350-578704
contig_17172	173429	173548	intergenic	.	contig_17172:173429-173548
contig_17172	213442	213472	intergenic	.	contig_17172:213442-213472
contig_17183	155370	155567	intergenic	.	contig_17183:155370-155567
contig_17183	155787	155832	intergenic	.	contig_17183:155787-155832
contig_17197	141324	141390	intergenic	.	contig_17197:141324-141390
contig_172	644322	644651	gene,mRNA	.	contig_172:644322-644651,contig_172:644322-644651
contig_172	987926	988013	intergenic	.	contig_172:987926-988013
contig_172	1471054	1471119	gene,mRNA	.	contig_172:1471054-1471119,contig_172:1471054-1471119
contig_172	2096353	2096541	intergenic	.	contig_172:2096353-2096541
contig_172	2228072	2228265	intergenic	.	contig_172:2228072-2228265
contig_17215	277686	277795	intergenic	.	contig_17215:277686-277795
contig_17215	373620	373830	intergenic	.	contig_17215:373620-373830
contig_1725	413885	414412	gene,mRNA	.	contig_1725:413885-414412,contig_1725:413885-414412
contig_1725	1016816	1017204	intergenic	.	contig_1725:1016816-1017204
contig_1725	1020449	1020582	intergenic	.	contig_1725:1020449-1020582
contig_1725	1109944	1110071	intergenic	.	contig_1725:1109944-1110071
contig_1725	1126252	1126566	intergenic	.	contig_1725:1126252-1126566
contig_1728	14731	14986	intergenic	.	contig_1728:14731-14986
contig_1728	101037	101135	gene,mRNA	.	contig_1728:101037-101135,contig_1728:101037-101135
contig_1728	101411	101782	gene,mRNA	.	contig_1728:101411-101782,contig_1728:101411-101782
contig_1728	117218	117303	intergenic	.	contig_1728:117218-117303
contig_1728	153733	153804	intergenic	.	contig_1728:153733-153804
contig_17297	186583	186683	intergenic	.	contig_17297:186583-186683
contig_173	1888537	1888743	gene,mRNA	.	contig_173:1888537-1888743,contig_173:1888537-1888743
contig_173	2173180	2173450	gene,mRNA	.	contig_173:2173180-2173450,contig_173:2173180-2173450
contig_173	2486927	2487104	intergenic	.	contig_173:2486927-2487104
contig_17329	847	934	intergenic	.	contig_17329:847-934
contig_17354	377012	377280	intergenic	.	contig_17354:377012-377280
contig_17394	107306	107622	intergenic	.	contig_17394:107306-107622
contig_174	83453	83529	intergenic	.	contig_174:83453-83529
contig_174	126274	126406	gene,mRNA	.	contig_174:126274-126406,contig_174:126274-126406
contig_174	167940	167986	intergenic	.	contig_174:167940-167986
contig_174	169442	169541	intergenic	.	contig_174:169442-169541
contig_17402	50238	50545	intergenic	.	contig_17402:50238-50545
contig_17402	196322	196450	gene,mRNA	.	contig_17402:196322-196450,contig_17402:196322-196450
contig_1741	325450	325718	intergenic	.	contig_1741:325450-325718
contig_1741	331947	332137	intergenic	.	contig_1741:331947-332137
contig_1741	695585	695721	intergenic	.	contig_1741:695585-695721
contig_1741	1375169	1375479	intergenic	.	contig_1741:1375169-1375479
contig_17436	605888	605991	intergenic	.	contig_17436:605888-605991
contig_1745	783913	784207	intergenic	.	contig_1745:783913-784207
contig_1745	1587148	1587293	intergenic	.	contig_1745:1587148-1587293
contig_1745	1662960	1663183	intergenic	.	contig_1745:1662960-1663183
contig_1745	3254156	3254197	gene,mRNA	.	contig_1745:3254156-3254197,contig_1745:3254156-3254197
contig_1745	3763676	3763707	intergenic	.	contig_1745:3763676-3763707
contig_1745	3810706	3810866	intergenic	.	contig_1745:3810706-3810866
contig_1745	4959162	4959214	gene,mRNA	.	contig_1745:4959162-4959214,contig_1745:4959162-4959214
contig_1745	5020675	5020745	intergenic	.	contig_1745:5020675-5020745
contig_1745	6111327	6111482	intergenic	.	contig_1745:6111327-6111482
contig_1745	7019223	7019270	intergenic	.	contig_1745:7019223-7019270
contig_1745	7209622	7209795	intergenic	.	contig_1745:7209622-7209795
contig_1745	7539745	7539833	intergenic	.	contig_1745:7539745-7539833
contig_1745	7754507	7754687	intergenic	.	contig_1745:7754507-7754687
contig_17461	702935	703124	intergenic	.	contig_17461:702935-703124
contig_17461	1116777	1116970	intergenic	.	contig_17461:1116777-1116970
contig_17491	423655	423726	intergenic	.	contig_17491:423655-423726
contig_175	358433	358612	intergenic	.	contig_175:358433-358612
contig_175	398300	398399	intergenic	.	contig_175:398300-398399
contig_17511	324193	324339	intergenic	.	contig_17511:324193-324339
contig_17514	818668	818956	gene,mRNA	.	contig_17514:818668-818956,contig_17514:818668-818956
contig_17514	1347235	1347514	intergenic	.	contig_17514:1347235-1347514
contig_1757	1258408	1258488	gene,mRNA	.	contig_1757:1258408-1258488,contig_1757:1258408-1258488
contig_17625	156466	156938	intergenic	.	contig_17625:156466-156938
contig_1764	54268	54746	intergenic	.	contig_1764:54268-54746
contig_1764	154816	154887	intergenic	.	contig_1764:154816-154887
contig_17671	28759	29078	intergenic	.	contig_17671:28759-29078
contig_17671	58789	58877	intergenic	.	contig_17671:58789-58877
contig_17692	93487	93920	stop_codon,exon,CDS,gene,mRNA	.	contig_17692:93487-93920,contig_17692:93487-93920,contig_17692:93487-93920,contig_17692:93487-93920,contig_17692:93487-93920
contig_17696	167342	167424	intergenic	.	contig_17696:167342-167424
contig_17696	327501	327545	gene,mRNA	.	contig_17696:327501-327545,contig_17696:327501-327545
contig_177	305723	305850	intergenic	.	contig_177:305723-305850
contig_177	380460	380501	intergenic	.	contig_177:380460-380501
contig_17709	79883	80068	intergenic	.	contig_17709:79883-80068
contig_17709	193404	193626	intergenic	.	contig_17709:193404-193626
contig_17718	23834	23974	intergenic	.	contig_17718:23834-23974
contig_17727	294443	294715	intergenic	.	contig_17727:294443-294715
contig_17727	473924	474267	gene,mRNA	.	contig_17727:473924-474267,contig_17727:473924-474267
contig_17727	474590	474758	gene,mRNA	.	contig_17727:474590-474758,contig_17727:474590-474758
contig_17792	65950	66119	intergenic	.	contig_17792:65950-66119
contig_17792	66260	66452	intergenic	.	contig_17792:66260-66452
contig_17792	178623	178663	gene,mRNA	.	contig_17792:178623-178663,contig_17792:178623-178663
contig_17859	683182	683433	intergenic	.	contig_17859:683182-683433
contig_17916	108369	108560	intergenic	.	contig_17916:108369-108560
contig_17916	532237	532335	intergenic	.	contig_17916:532237-532335
contig_17916	895585	895780	intergenic	.	contig_17916:895585-895780
contig_17916	1216310	1216683	intergenic	.	contig_17916:1216310-1216683
contig_1792	354017	354240	intergenic	.	contig_1792:354017-354240
contig_1792	909808	909922	intergenic	.	contig_1792:909808-909922
contig_17926	355933	356128	intergenic	.	contig_17926:355933-356128
contig_17926	403785	404015	intergenic	.	contig_17926:403785-404015
contig_17926	547346	547452	intergenic	.	contig_17926:547346-547452
contig_17926	631557	631836	gene,mRNA	.	contig_17926:631557-631836,contig_17926:631557-631836
contig_17926	808465	808800	intergenic	.	contig_17926:808465-808800
contig_17926	938155	938278	intergenic	.	contig_17926:938155-938278
contig_17926	938421	938740	intergenic	.	contig_17926:938421-938740
contig_17926	1048030	1048252	intergenic	.	contig_17926:1048030-1048252
contig_17926	1069891	1070274	intergenic	.	contig_17926:1069891-1070274
contig_17926	1213449	1213696	intergenic	.	contig_17926:1213449-1213696
contig_17926	1264966	1265129	gene,mRNA	.	contig_17926:1264966-1265129,contig_17926:1264966-1265129
contig_17952	2265317	2265450	intergenic	.	contig_17952:2265317-2265450
contig_17992	254770	255002	gene,mRNA	.	contig_17992:254770-255002,contig_17992:254770-255002
contig_17992	357280	357336	intergenic	.	contig_17992:357280-357336
contig_17992	517033	517138	gene,mRNA	.	contig_17992:517033-517138,contig_17992:517033-517138
contig_17992	587423	587683	intergenic	.	contig_17992:587423-587683
contig_17997	32619	32894	intergenic	.	contig_17997:32619-32894
contig_1801	873001	873146	intergenic	.	contig_1801:873001-873146
contig_1801	1030308	1030412	intergenic	.	contig_1801:1030308-1030412
contig_18011	300789	300976	intergenic	.	contig_18011:300789-300976
contig_18011	664975	665058	gene,mRNA	.	contig_18011:664975-665058,contig_18011:664975-665058
contig_18011	665356	665508	gene,mRNA	.	contig_18011:665356-665508,contig_18011:665356-665508
contig_18015	377877	378003	intergenic	.	contig_18015:377877-378003
contig_18015	378331	378401	intergenic	.	contig_18015:378331-378401
contig_18015	378772	378956	intergenic	.	contig_18015:378772-378956
contig_1802	319813	319912	intergenic	.	contig_1802:319813-319912
contig_1802	378372	378685	intergenic	.	contig_1802:378372-378685
contig_1802	378769	378865	intergenic	.	contig_1802:378769-378865
contig_1802	520377	520507	intergenic	.	contig_1802:520377-520507
contig_1802	520611	520677	intergenic	.	contig_1802:520611-520677
contig_18034	1267	1431	intergenic	.	contig_18034:1267-1431
contig_18034	1737	1803	intergenic	.	contig_18034:1737-1803
contig_18034	9263	9461	intergenic	.	contig_18034:9263-9461
contig_18039	368865	368919	gene,mRNA	.	contig_18039:368865-368919,contig_18039:368865-368919
contig_18039	403195	403287	gene,mRNA	.	contig_18039:403195-403287,contig_18039:403195-403287
contig_18039	457313	457460	intergenic	.	contig_18039:457313-457460
contig_18039	461656	461848	intergenic	.	contig_18039:461656-461848
contig_18039	583405	583617	gene,mRNA	.	contig_18039:583405-583617,contig_18039:583405-583617
contig_18039	700088	700126	intergenic	.	contig_18039:700088-700126
contig_18039	768341	768715	intergenic	.	contig_18039:768341-768715
contig_18039	772418	772521	intergenic	.	contig_18039:772418-772521
contig_18039	825586	825944	intergenic	.	contig_18039:825586-825944
contig_18039	846295	846387	intergenic	.	contig_18039:846295-846387
contig_1805	169469	169516	gene	.	contig_1805:169469-169516
contig_1805	258544	258899	intergenic	.	contig_1805:258544-258899
contig_18052	18997	19212	intergenic	.	contig_18052:18997-19212
contig_18052	29132	29288	intergenic	.	contig_18052:29132-29288
contig_18074	333683	333746	intergenic	.	contig_18074:333683-333746
contig_18074	386103	386310	intergenic	.	contig_18074:386103-386310
contig_18074	458484	458676	intergenic	.	contig_18074:458484-458676
contig_18074	643456	643504	intergenic	.	contig_18074:643456-643504
contig_18087	315677	315894	intergenic	.	contig_18087:315677-315894
contig_18087	350222	350318	intergenic	.	contig_18087:350222-350318
contig_18092	52121	52263	intergenic	.	contig_18092:52121-52263
contig_18098	62028	62188	intergenic	.	contig_18098:62028-62188
contig_18098	461813	461992	intergenic	.	contig_18098:461813-461992
contig_18098	564233	564452	gene,mRNA	.	contig_18098:564233-564452,contig_18098:564233-564452
contig_18115	316557	316612	gene,mRNA	.	contig_18115:316557-316612,contig_18115:316557-316612
contig_1813	859333	859560	intergenic	.	contig_1813:859333-859560
contig_1813	1074639	1074979	intergenic	.	contig_1813:1074639-1074979
contig_1813	2846572	2846839	intergenic	.	contig_1813:2846572-2846839
contig_1813	3182688	3182766	intergenic	.	contig_1813:3182688-3182766
contig_1813	4614786	4614866	intergenic	.	contig_1813:4614786-4614866
contig_1813	4885625	4885751	intergenic	.	contig_1813:4885625-4885751
contig_1813	8864314	8864417	intergenic	.	contig_1813:8864314-8864417
contig_1813	9178093	9178143	intergenic	.	contig_1813:9178093-9178143
contig_1813	9406877	9407020	intergenic	.	contig_1813:9406877-9407020
contig_1813	10223135	10223358	intergenic	.	contig_1813:10223135-10223358
contig_1813	11702334	11702374	intergenic	.	contig_1813:11702334-11702374
contig_1813	11905719	11905892	intergenic	.	contig_1813:11905719-11905892
contig_1813	12679546	12679703	intergenic	.	contig_1813:12679546-12679703
contig_18136	829858	830165	intergenic	.	contig_18136:829858-830165
contig_18148	49932	50123	intergenic	.	contig_18148:49932-50123
contig_18148	168769	168837	intergenic	.	contig_18148:168769-168837
contig_18148	244352	244403	intergenic	.	contig_18148:244352-244403
contig_18148	1413798	1413986	intergenic	.	contig_18148:1413798-1413986
contig_18170	113958	114062	intergenic	.	contig_18170:113958-114062
contig_18170	933488	933581	gene,mRNA,gene,mRNA	.	contig_18170:933488-933581,contig_18170:933488-933581,contig_18170:933488-933581,contig_18170:933488-933581
contig_18188	156318	156378	gene,mRNA	.	contig_18188:156318-156378,contig_18188:156318-156378
contig_18199	32071	32269	intergenic	.	contig_18199:32071-32269
contig_18199	32341	32504	intergenic	.	contig_18199:32341-32504
contig_18199	242687	242899	intergenic	.	contig_18199:242687-242899
contig_18199	463806	463942	gene,mRNA	.	contig_18199:463806-463942,contig_18199:463806-463942
contig_18199	714611	714731	gene,mRNA	.	contig_18199:714611-714731,contig_18199:714611-714731
contig_18199	714833	714924	gene,mRNA	.	contig_18199:714833-714924,contig_18199:714833-714924
contig_18199	897298	897487	intergenic	.	contig_18199:897298-897487
contig_18199	930076	930169	intergenic	.	contig_18199:930076-930169
contig_18199	1284448	1284511	intergenic	.	contig_18199:1284448-1284511
contig_18199	1628953	1629015	gene,mRNA	.	contig_18199:1628953-1629015,contig_18199:1628953-1629015
contig_18199	1927189	1927530	intergenic	.	contig_18199:1927189-1927530
contig_18199	1937026	1937330	intergenic	.	contig_18199:1937026-1937330
contig_18204	114977	115056	intergenic	.	contig_18204:114977-115056
contig_18210	151878	151986	intergenic	.	contig_18210:151878-151986
contig_18210	415419	415653	intergenic	.	contig_18210:415419-415653
contig_18306	66971	67280	gene,mRNA	.	contig_18306:66971-67280,contig_18306:66971-67280
contig_18321	446411	446886	intergenic	.	contig_18321:446411-446886
contig_18321	449028	449176	intergenic	.	contig_18321:449028-449176
contig_18321	556492	556649	intergenic	.	contig_18321:556492-556649
contig_18322	353835	354321	gene,mRNA,stop_codon,exon,CDS	.	contig_18322:353835-354321,contig_18322:353835-354321,contig_18322:353835-354321,contig_18322:353835-354321,contig_18322:353835-354321
contig_18323	36964	37220	intergenic	.	contig_18323:36964-37220
contig_18323	105602	105880	intergenic	.	contig_18323:105602-105880
contig_18323	106592	106636	intergenic	.	contig_18323:106592-106636
contig_18323	165470	165583	intergenic	.	contig_18323:165470-165583
contig_18323	178985	179459	intergenic	.	contig_18323:178985-179459
contig_18353	18870	18948	intergenic	.	contig_18353:18870-18948
contig_18353	110244	110505	gene,mRNA,exon,CDS	.	contig_18353:110244-110505,contig_18353:110244-110505,contig_18353:110244-110505,contig_18353:110244-110505
contig_18377	54721	54864	intergenic	.	contig_18377:54721-54864
contig_18377	87238	87520	intergenic	.	contig_18377:87238-87520
contig_18377	104575	104919	intergenic	.	contig_18377:104575-104919
contig_18377	201035	201454	intergenic	.	contig_18377:201035-201454
contig_18377	201513	201682	intergenic	.	contig_18377:201513-201682
contig_18377	264116	264248	intergenic	.	contig_18377:264116-264248
contig_18402	120	515	intergenic	.	contig_18402:120-515
contig_18402	448976	449466	intergenic	.	contig_18402:448976-449466
contig_18402	534607	534658	intergenic	.	contig_18402:534607-534658
contig_18402	697467	697634	intergenic	.	contig_18402:697467-697634
contig_18402	738976	739060	intergenic	.	contig_18402:738976-739060
contig_18402	739147	739526	intergenic	.	contig_18402:739147-739526
contig_18438	40337	40587	intergenic	.	contig_18438:40337-40587
contig_1845	1347030	1347269	intergenic	.	contig_1845:1347030-1347269
contig_1845	3880948	3881167	intergenic	.	contig_1845:3880948-3881167
contig_1845	3904103	3904277	intergenic	.	contig_1845:3904103-3904277
contig_1845	4638994	4639235	intergenic	.	contig_1845:4638994-4639235
contig_1845	6157909	6158044	intergenic	.	contig_1845:6157909-6158044
contig_1845	6172254	6172500	intergenic	.	contig_1845:6172254-6172500
contig_1845	6576722	6576807	gene,mRNA	.	contig_1845:6576722-6576807,contig_1845:6576722-6576807
contig_1845	7311921	7311988	intergenic	.	contig_1845:7311921-7311988
contig_1845	7312244	7312446	intergenic	.	contig_1845:7312244-7312446
contig_1845	7342583	7342898	intergenic	.	contig_1845:7342583-7342898
contig_1845	8704665	8704730	intergenic	.	contig_1845:8704665-8704730
contig_1845	9572022	9572256	intergenic	.	contig_1845:9572022-9572256
contig_1845	9630973	9631126	intergenic	.	contig_1845:9630973-9631126
contig_1845	9925952	9926068	intergenic	.	contig_1845:9925952-9926068
contig_1845	10045089	10045210	gene,mRNA	.	contig_1845:10045089-10045210,contig_1845:10045089-10045210
contig_1845	10085403	10085645	intergenic	.	contig_1845:10085403-10085645
contig_1845	10354705	10354932	intergenic	.	contig_1845:10354705-10354932
contig_185	28206	28406	gene,mRNA	.	contig_185:28206-28406,contig_185:28206-28406
contig_185	45963	46658	intergenic	.	contig_185:45963-46658
contig_18515	277446	277621	intergenic	.	contig_18515:277446-277621
contig_18515	278005	278348	intergenic	.	contig_18515:278005-278348
contig_18515	309942	310047	intergenic	.	contig_18515:309942-310047
contig_18515	313470	313611	intergenic	.	contig_18515:313470-313611
contig_18523	6531	6730	intergenic	.	contig_18523:6531-6730
contig_18554	18376	18662	intergenic	.	contig_18554:18376-18662
contig_18575	135878	136186	intergenic	.	contig_18575:135878-136186
contig_18595	3720	3917	intergenic	.	contig_18595:3720-3917
contig_18595	5833	5964	intergenic	.	contig_18595:5833-5964
contig_18679	171893	172171	intergenic	.	contig_18679:171893-172171
contig_18679	209429	209627	gene,mRNA	.	contig_18679:209429-209627,contig_18679:209429-209627
contig_187	43140	43300	intergenic	.	contig_187:43140-43300
contig_187	45305	45570	intergenic	.	contig_187:45305-45570
contig_187	1982537	1982640	intergenic	.	contig_187:1982537-1982640
contig_187	2922789	2923083	intergenic	.	contig_187:2922789-2923083
contig_187	3416539	3416637	intergenic	.	contig_187:3416539-3416637
contig_187	3497034	3497387	intergenic	.	contig_187:3497034-3497387
contig_187	3752693	3752765	gene,mRNA	.	contig_187:3752693-3752765,contig_187:3752693-3752765
contig_18702	166210	166254	intergenic	.	contig_18702:166210-166254
contig_18702	284225	284345	intergenic	.	contig_18702:284225-284345
contig_18702	541828	541966	intergenic	.	contig_18702:541828-541966
contig_18746	84693	84754	intergenic	.	contig_18746:84693-84754
contig_18767	182625	182859	gene,mRNA	.	contig_18767:182625-182859,contig_18767:182625-182859
contig_1885	625523	625730	intergenic	.	contig_1885:625523-625730
contig_1885	788996	789201	intergenic	.	contig_1885:788996-789201
contig_1885	1003425	1003559	intergenic	.	contig_1885:1003425-1003559
contig_1885	1145054	1145418	intergenic	.	contig_1885:1145054-1145418
contig_1885	1205973	1206191	intergenic	.	contig_1885:1205973-1206191
contig_1885	1538483	1538665	intergenic	.	contig_1885:1538483-1538665
contig_1885	1558399	1558499	intergenic	.	contig_1885:1558399-1558499
contig_18864	303826	304084	gene,mRNA	.	contig_18864:303826-304084,contig_18864:303826-304084
contig_18936	711997	712186	intergenic	.	contig_18936:711997-712186
contig_18936	721725	722039	intergenic	.	contig_18936:721725-722039
contig_18936	881785	882183	intergenic	.	contig_18936:881785-882183
contig_18936	947206	947320	intergenic	.	contig_18936:947206-947320
contig_18952	354814	354968	intergenic	.	contig_18952:354814-354968
contig_18952	418138	418376	gene,mRNA	.	contig_18952:418138-418376,contig_18952:418138-418376
contig_18952	445796	445918	intergenic	.	contig_18952:445796-445918
contig_18952	468674	468834	intergenic	.	contig_18952:468674-468834
contig_18952	682010	682223	gene,mRNA	.	contig_18952:682010-682223,contig_18952:682010-682223
contig_18952	1427544	1427664	intergenic	.	contig_18952:1427544-1427664
contig_18952	1443895	1444125	intergenic	.	contig_18952:1443895-1444125
contig_18970	187738	187988	intergenic	.	contig_18970:187738-187988
contig_18978	265513	265667	intergenic	.	contig_18978:265513-265667
contig_18978	320725	320835	intergenic	.	contig_18978:320725-320835
contig_18978	320966	321260	intergenic	.	contig_18978:320966-321260
contig_18978	359456	359494	intergenic	.	contig_18978:359456-359494
contig_18978	359647	359888	intergenic	.	contig_18978:359647-359888
contig_18978	367553	367856	intergenic	.	contig_18978:367553-367856
contig_18978	546618	546730	intergenic	.	contig_18978:546618-546730
contig_19013	18317	18367	intergenic	.	contig_19013:18317-18367
contig_19013	49651	49858	intergenic	.	contig_19013:49651-49858
contig_19066	80581	80628	gene,mRNA	.	contig_19066:80581-80628,contig_19066:80581-80628
contig_19092	124085	124300	intergenic	.	contig_19092:124085-124300
contig_19092	148022	148080	intergenic	.	contig_19092:148022-148080
contig_19092	148971	149431	intergenic	.	contig_19092:148971-149431
contig_19216	38216	38332	intergenic	.	contig_19216:38216-38332
contig_19216	38697	39056	intergenic	.	contig_19216:38697-39056
contig_19216	50821	51013	intergenic	.	contig_19216:50821-51013
contig_1922	655142	655245	intergenic	.	contig_1922:655142-655245
contig_1922	655766	655815	intergenic	.	contig_1922:655766-655815
contig_1922	1148411	1148474	intergenic	.	contig_1922:1148411-1148474
contig_1922	1245567	1245703	intergenic	.	contig_1922:1245567-1245703
contig_1922	1685708	1685917	intergenic	.	contig_1922:1685708-1685917
contig_1922	2328096	2328387	intergenic	.	contig_1922:2328096-2328387
contig_1922	2554211	2554385	intergenic	.	contig_1922:2554211-2554385
contig_1922	2978451	2978554	intergenic	.	contig_1922:2978451-2978554
contig_1922	3001680	3002326	intergenic	.	contig_1922:3001680-3002326
contig_1922	3071598	3072003	intergenic	.	contig_1922:3071598-3072003
contig_1922	3214041	3214482	gene,mRNA	.	contig_1922:3214041-3214482,contig_1922:3214041-3214482
contig_1922	3331999	3332219	intergenic	.	contig_1922:3331999-3332219
contig_1922	3518427	3518527	gene,mRNA	.	contig_1922:3518427-3518527,contig_1922:3518427-3518527
contig_19225	106668	106959	intergenic	.	contig_19225:106668-106959
contig_19225	247231	247304	intergenic	.	contig_19225:247231-247304
contig_19225	334070	334388	intergenic	.	contig_19225:334070-334388
contig_19225	334672	334800	intergenic	.	contig_19225:334672-334800
contig_19240	200775	200983	intergenic	.	contig_19240:200775-200983
contig_19256	73117	73317	gene,mRNA	.	contig_19256:73117-73317,contig_19256:73117-73317
contig_19270	166463	166567	intergenic	.	contig_19270:166463-166567
contig_19270	237344	237517	intergenic	.	contig_19270:237344-237517
contig_19270	252260	252555	intergenic	.	contig_19270:252260-252555
contig_1931	42216	42486	gene,mRNA	.	contig_1931:42216-42486,contig_1931:42216-42486
contig_19312	43320	43549	intergenic	.	contig_19312:43320-43549
contig_19331	106452	106541	intergenic	.	contig_19331:106452-106541
contig_19331	106671	106739	intergenic	.	contig_19331:106671-106739
contig_19331	114444	114543	intergenic	.	contig_19331:114444-114543
contig_19383	953212	953536	intergenic	.	contig_19383:953212-953536
contig_19416	18968	19196	intergenic	.	contig_19416:18968-19196
contig_19416	25988	26095	intergenic	.	contig_19416:25988-26095
contig_19424	158562	158652	intergenic	.	contig_19424:158562-158652
contig_19424	177736	177769	intergenic	.	contig_19424:177736-177769
contig_19424	178069	178254	intergenic	.	contig_19424:178069-178254
contig_19424	188722	188866	intergenic	.	contig_19424:188722-188866
contig_19424	578731	578793	intergenic	.	contig_19424:578731-578793
contig_19424	646881	647071	intergenic	.	contig_19424:646881-647071
contig_19424	1201598	1201819	intergenic	.	contig_19424:1201598-1201819
contig_19424	1429479	1429800	intergenic	.	contig_19424:1429479-1429800
contig_19438	336884	337019	intergenic	.	contig_19438:336884-337019
contig_19443	155905	156057	intergenic	.	contig_19443:155905-156057
contig_19444	88551	88716	gene,mRNA	.	contig_19444:88551-88716,contig_19444:88551-88716
contig_19471	490335	490889	intergenic	.	contig_19471:490335-490889
contig_19471	603262	603292	intergenic	.	contig_19471:603262-603292
contig_19471	1083921	1084131	intergenic	.	contig_19471:1083921-1084131
contig_19471	1084975	1085183	intergenic	.	contig_19471:1084975-1085183
contig_19486	128652	128788	intergenic	.	contig_19486:128652-128788
contig_19486	141941	142195	intergenic	.	contig_19486:141941-142195
contig_195	37218	37484	intergenic	.	contig_195:37218-37484
contig_19504	137235	137378	intergenic	.	contig_19504:137235-137378
contig_19508	1100734	1100764	gene,mRNA	.	contig_19508:1100734-1100764,contig_19508:1100734-1100764
contig_1952	153924	154061	intergenic	.	contig_1952:153924-154061
contig_1952	401283	401338	intergenic	.	contig_1952:401283-401338
contig_1952	546300	546356	intergenic	.	contig_1952:546300-546356
contig_1952	574474	574595	gene,mRNA	.	contig_1952:574474-574595,contig_1952:574474-574595
contig_1952	574914	575055	gene,mRNA	.	contig_1952:574914-575055,contig_1952:574914-575055
contig_1952	1141593	1142173	gene,mRNA	.	contig_1952:1141593-1142173,contig_1952:1141593-1142173
contig_1952	1156903	1157071	gene,mRNA	.	contig_1952:1156903-1157071,contig_1952:1156903-1157071
contig_1952	1417723	1417800	gene,mRNA	.	contig_1952:1417723-1417800,contig_1952:1417723-1417800
contig_1952	1598120	1598325	intergenic	.	contig_1952:1598120-1598325
contig_19564	480372	480568	intergenic	.	contig_19564:480372-480568
contig_19564	653302	653367	intergenic	.	contig_19564:653302-653367
contig_19564	991755	991892	intergenic	.	contig_19564:991755-991892
contig_19564	1203623	1203787	intergenic	.	contig_19564:1203623-1203787
contig_19564	1877260	1877346	intergenic	.	contig_19564:1877260-1877346
contig_19567	745431	745485	intergenic	.	contig_19567:745431-745485
contig_19567	745567	745602	intergenic	.	contig_19567:745567-745602
contig_19591	143520	143718	intergenic	.	contig_19591:143520-143718
contig_19594	201897	201935	gene,mRNA	.	contig_19594:201897-201935,contig_19594:201897-201935
contig_19594	311097	311280	intergenic	.	contig_19594:311097-311280
contig_19594	340854	341262	intergenic	.	contig_19594:340854-341262
contig_19594	341872	342254	intergenic	.	contig_19594:341872-342254
contig_19599	411911	412109	gene,mRNA	.	contig_19599:411911-412109,contig_19599:411911-412109
contig_19599	1684224	1684316	intergenic	.	contig_19599:1684224-1684316
contig_19599	3746270	3746407	intergenic	.	contig_19599:3746270-3746407
contig_1962	389263	389409	intergenic	.	contig_1962:389263-389409
contig_1962	675564	675644	intergenic	.	contig_1962:675564-675644
contig_1962	675824	675883	intergenic	.	contig_1962:675824-675883
contig_1962	1477611	1477851	intergenic	.	contig_1962:1477611-1477851
contig_1962	1612356	1612581	intergenic	.	contig_1962:1612356-1612581
contig_1967	184117	184278	intergenic	.	contig_1967:184117-184278
contig_19675	412253	412439	intergenic	.	contig_19675:412253-412439
contig_19675	735098	735273	intergenic	.	contig_19675:735098-735273
contig_19675	876589	876670	intergenic	.	contig_19675:876589-876670
contig_19691	837683	837792	intergenic	.	contig_19691:837683-837792
contig_19846	617509	617666	intergenic	.	contig_19846:617509-617666
contig_19879	460597	460991	gene,mRNA	.	contig_19879:460597-460991,contig_19879:460597-460991
contig_19955	104084	104409	gene,mRNA	.	contig_19955:104084-104409,contig_19955:104084-104409
contig_19955	301342	301437	gene,mRNA	.	contig_19955:301342-301437,contig_19955:301342-301437
contig_19966	1283182	1283320	intergenic	.	contig_19966:1283182-1283320
contig_1998	169410	169471	intergenic	.	contig_1998:169410-169471
contig_19991	62884	63035	intergenic	.	contig_19991:62884-63035
contig_200	130274	130512	intergenic	.	contig_200:130274-130512
contig_20027	275816	275947	intergenic	.	contig_20027:275816-275947
contig_20027	396157	396448	intergenic	.	contig_20027:396157-396448
contig_20027	399376	399544	intergenic	.	contig_20027:399376-399544
contig_20027	530244	530384	intergenic	.	contig_20027:530244-530384
contig_20027	574208	574389	intergenic	.	contig_20027:574208-574389
contig_20027	754186	754452	gene,mRNA	.	contig_20027:754186-754452,contig_20027:754186-754452
contig_20027	892125	892379	intergenic	.	contig_20027:892125-892379
contig_20027	971316	971424	gene,mRNA	.	contig_20027:971316-971424,contig_20027:971316-971424
contig_20027	1037233	1037578	intergenic	.	contig_20027:1037233-1037578
contig_20027	1037629	1037705	intergenic	.	contig_20027:1037629-1037705
contig_20069	577749	577923	gene,mRNA	.	contig_20069:577749-577923,contig_20069:577749-577923
contig_20069	594073	594293	intergenic	.	contig_20069:594073-594293
contig_20157	314562	314774	intergenic	.	contig_20157:314562-314774
contig_20157	373390	373631	intergenic	.	contig_20157:373390-373631
contig_2022	19711	19783	intergenic	.	contig_2022:19711-19783
contig_2022	125398	125475	intergenic	.	contig_2022:125398-125475
contig_2022	233198	233275	intergenic	.	contig_2022:233198-233275
contig_2022	328047	328536	gene,mRNA	.	contig_2022:328047-328536,contig_2022:328047-328536
contig_20254	238685	238813	intergenic	.	contig_20254:238685-238813
contig_20258	48774	48905	gene,mRNA	.	contig_20258:48774-48905,contig_20258:48774-48905
contig_20258	595996	596044	intergenic	.	contig_20258:595996-596044
contig_2032	795293	795348	gene	.	contig_2032:795293-795348
contig_20344	26555	26623	intergenic	.	contig_20344:26555-26623
contig_20395	10489	10549	intergenic	.	contig_20395:10489-10549
contig_20419	106339	106464	gene,mRNA	.	contig_20419:106339-106464,contig_20419:106339-106464
contig_2046	293449	293494	gene,mRNA	.	contig_2046:293449-293494,contig_2046:293449-293494
contig_2046	401106	401190	gene,mRNA	.	contig_2046:401106-401190,contig_2046:401106-401190
contig_20470	423939	424162	intergenic	.	contig_20470:423939-424162
contig_20477	84482	84630	intergenic	.	contig_20477:84482-84630
contig_20477	99474	99599	intergenic	.	contig_20477:99474-99599
contig_20477	301182	301434	gene,mRNA,exon,CDS	.	contig_20477:301182-301434,contig_20477:301182-301434,contig_20477:301182-301434,contig_20477:301182-301434
contig_20477	479417	479588	intergenic	.	contig_20477:479417-479588
contig_20477	515831	515968	intergenic	.	contig_20477:515831-515968
contig_20477	606141	606902	intergenic	.	contig_20477:606141-606902
contig_20477	747960	748321	intergenic	.	contig_20477:747960-748321
contig_20477	751346	751477	intergenic	.	contig_20477:751346-751477
contig_20477	922401	922556	intergenic	.	contig_20477:922401-922556
contig_20477	1051629	1052142	intergenic	.	contig_20477:1051629-1052142
contig_20485	861062	861343	intergenic	.	contig_20485:861062-861343
contig_20485	863178	863363	intergenic	.	contig_20485:863178-863363
contig_20492	385238	385289	intergenic	.	contig_20492:385238-385289
contig_20492	385388	385464	intergenic	.	contig_20492:385388-385464
contig_20492	469109	469381	intergenic	.	contig_20492:469109-469381
contig_205	31868	32124	gene,mRNA,exon,CDS,stop_codon,polyA_signal_sequence	.	contig_205:31868-32124,contig_205:31868-32124,contig_205:31868-32124,contig_205:31868-32124,contig_205:31868-32124,contig_205:31868-32124
contig_205	32037	32124	intergenic	.	contig_205:32037-32124
contig_20510	150165	150324	intergenic	.	contig_20510:150165-150324
contig_20529	163422	163562	gene,mRNA	.	contig_20529:163422-163562,contig_20529:163422-163562
contig_20529	163822	163879	gene,mRNA	.	contig_20529:163822-163879,contig_20529:163822-163879
contig_20529	163975	164043	gene,mRNA	.	contig_20529:163975-164043,contig_20529:163975-164043
contig_20538	50846	51493	gene,mRNA	.	contig_20538:50846-51493,contig_20538:50846-51493
contig_20547	92388	92439	intergenic	.	contig_20547:92388-92439
contig_20547	92709	92999	intergenic	.	contig_20547:92709-92999
contig_20547	183008	183524	gene,mRNA	.	contig_20547:183008-183524,contig_20547:183008-183524
contig_20547	238091	238362	intergenic	.	contig_20547:238091-238362
contig_20582	73579	73985	intergenic	.	contig_20582:73579-73985
contig_20582	102352	102403	intergenic	.	contig_20582:102352-102403
contig_20599	136459	136585	gene,mRNA	.	contig_20599:136459-136585,contig_20599:136459-136585
contig_20599	136732	136885	gene,mRNA	.	contig_20599:136732-136885,contig_20599:136732-136885
contig_20610	80799	80887	intergenic	.	contig_20610:80799-80887
contig_20610	80959	81003	intergenic	.	contig_20610:80959-81003
contig_20653	466545	466798	gene,mRNA	.	contig_20653:466545-466798,contig_20653:466545-466798
contig_20704	490171	490222	intergenic	.	contig_20704:490171-490222
contig_20711	83204	83446	intergenic	.	contig_20711:83204-83446
contig_20711	83755	84222	intergenic	.	contig_20711:83755-84222
contig_20711	86691	87159	intergenic	.	contig_20711:86691-87159
contig_20711	165226	165465	intergenic	.	contig_20711:165226-165465
contig_20711	165543	165602	intergenic	.	contig_20711:165543-165602
contig_20711	251443	251499	intergenic	.	contig_20711:251443-251499
contig_20711	1261531	1261690	exon,CDS,gene,mRNA	.	contig_20711:1261531-1261690,contig_20711:1261531-1261690,contig_20711:1261531-1261690,contig_20711:1261531-1261690
contig_20711	1261757	1262257	exon,CDS,exon,CDS,gene,mRNA	.	contig_20711:1261757-1262257,contig_20711:1261757-1262257,contig_20711:1261757-1262257,contig_20711:1261757-1262257,contig_20711:1261757-1262257,contig_20711:1261757-1262257
contig_20711	1572526	1572675	intergenic	.	contig_20711:1572526-1572675
contig_20711	1578874	1578939	intergenic	.	contig_20711:1578874-1578939
contig_20711	1692511	1692608	intergenic	.	contig_20711:1692511-1692608
contig_20711	1693229	1693541	intergenic	.	contig_20711:1693229-1693541
contig_20711	1712163	1712247	intergenic	.	contig_20711:1712163-1712247
contig_20717	84891	85023	intergenic	.	contig_20717:84891-85023
contig_2076	104583	104999	intergenic	.	contig_2076:104583-104999
contig_2076	105092	105259	intergenic	.	contig_2076:105092-105259
contig_2076	277138	277512	gene,mRNA	.	contig_2076:277138-277512,contig_2076:277138-277512
contig_20867	78718	78787	intergenic	.	contig_20867:78718-78787
contig_20975	169093	169258	intergenic	.	contig_20975:169093-169258
contig_2098	254	500	intergenic	.	contig_2098:254-500
contig_21007	561312	561357	gene,mRNA	.	contig_21007:561312-561357,contig_21007:561312-561357
contig_21055	74681	75000	intergenic	.	contig_21055:74681-75000
contig_21055	349626	349795	intergenic	.	contig_21055:349626-349795
contig_211	96296	96556	gene,mRNA	.	contig_211:96296-96556,contig_211:96296-96556
contig_211	328760	328812	gene,mRNA	.	contig_211:328760-328812,contig_211:328760-328812
contig_211	762112	762419	intergenic	.	contig_211:762112-762419
contig_211	1383385	1383753	intergenic	.	contig_211:1383385-1383753
contig_21101	153133	153523	intergenic	.	contig_21101:153133-153523
contig_21101	342334	342375	intergenic	.	contig_21101:342334-342375
contig_21101	342462	342731	intergenic	.	contig_21101:342462-342731
contig_21101	790568	790699	intergenic	.	contig_21101:790568-790699
contig_21145	361451	361748	intergenic	.	contig_21145:361451-361748
contig_21145	754766	755262	intergenic	.	contig_21145:754766-755262
contig_2118	245096	245152	intergenic	.	contig_2118:245096-245152
contig_2118	245465	245561	intergenic	.	contig_2118:245465-245561
contig_2118	404225	404285	intergenic	.	contig_2118:404225-404285
contig_2118	425606	425636	intergenic	.	contig_2118:425606-425636
contig_21194	295010	295374	intergenic	.	contig_21194:295010-295374
contig_21194	333233	333357	intergenic	.	contig_21194:333233-333357
contig_21205	176022	176367	intergenic	.	contig_21205:176022-176367
contig_21231	137362	137439	intergenic	.	contig_21231:137362-137439
contig_2125	402240	402292	intergenic	.	contig_2125:402240-402292
contig_21263	110991	111147	intergenic	.	contig_21263:110991-111147
contig_21263	205763	205962	intergenic	.	contig_21263:205763-205962
contig_21263	617437	617943	gene,mRNA	.	contig_21263:617437-617943,contig_21263:617437-617943
contig_21263	617999	618087	gene,mRNA	.	contig_21263:617999-618087,contig_21263:617999-618087
contig_21263	786997	787228	intergenic	.	contig_21263:786997-787228
contig_21279	551240	551311	intergenic	.	contig_21279:551240-551311
contig_21290	474329	474448	intergenic	.	contig_21290:474329-474448
contig_2130	383962	384027	gene,mRNA	.	contig_2130:383962-384027,contig_2130:383962-384027
contig_2130	421056	421178	intergenic	.	contig_2130:421056-421178
contig_21325	55908	55998	gene,mRNA,stop_codon,exon,CDS	.	contig_21325:55908-55998,contig_21325:55908-55998,contig_21325:55908-55998,contig_21325:55908-55998,contig_21325:55908-55998
contig_21325	95653	95773	intergenic	.	contig_21325:95653-95773
contig_21325	138904	139169	intergenic	.	contig_21325:138904-139169
contig_21325	257681	257732	intergenic	.	contig_21325:257681-257732
contig_21325	285555	285708	gene,mRNA	.	contig_21325:285555-285708,contig_21325:285555-285708
contig_21325	707804	708092	intergenic	.	contig_21325:707804-708092
contig_21325	708185	708491	intergenic	.	contig_21325:708185-708491
contig_21325	857784	857958	intergenic	.	contig_21325:857784-857958
contig_21325	864330	864616	intergenic	.	contig_21325:864330-864616
contig_21325	871179	871453	intergenic	.	contig_21325:871179-871453
contig_21325	871551	871653	intergenic	.	contig_21325:871551-871653
contig_21325	898876	899164	intergenic	.	contig_21325:898876-899164
contig_21325	1081789	1081889	intergenic	.	contig_21325:1081789-1081889
contig_21325	1083794	1084005	intergenic	.	contig_21325:1083794-1084005
contig_2135	494696	494777	intergenic	.	contig_2135:494696-494777
contig_2135	494696	495224	start_codon,exon,CDS,gene,mRNA	.	contig_2135:494696-495224,contig_2135:494696-495224,contig_2135:494696-495224,contig_2135:494696-495224,contig_2135:494696-495224
contig_2135	520217	520343	intergenic	.	contig_2135:520217-520343
contig_2135	904472	904847	intergenic	.	contig_2135:904472-904847
contig_2135	1022964	1023182	intergenic	.	contig_2135:1022964-1023182
contig_2135	1159751	1159803	intergenic	.	contig_2135:1159751-1159803
contig_2135	1290243	1290348	intergenic	.	contig_2135:1290243-1290348
contig_21363	66226	66429	intergenic	.	contig_21363:66226-66429
contig_21420	730259	730385	intergenic	.	contig_21420:730259-730385
contig_2146	99035	99360	intergenic	.	contig_2146:99035-99360
contig_21482	82873	83018	intergenic	.	contig_21482:82873-83018
contig_21491	463453	463497	gene,mRNA	.	contig_21491:463453-463497,contig_21491:463453-463497
contig_21542	12593	12923	intergenic	.	contig_21542:12593-12923
contig_21542	12975	13069	intergenic	.	contig_21542:12975-13069
contig_21543	226294	226577	intergenic	.	contig_21543:226294-226577
contig_21585	302178	302264	intergenic	.	contig_21585:302178-302264
contig_21630	18572	18665	intergenic	.	contig_21630:18572-18665
contig_21630	418671	418951	intergenic	.	contig_21630:418671-418951
contig_21630	647668	647724	intergenic	.	contig_21630:647668-647724
contig_21630	1002860	1003053	intergenic	.	contig_21630:1002860-1003053
contig_21630	1003199	1003248	intergenic	.	contig_21630:1003199-1003248
contig_2164	319776	319912	intergenic	.	contig_2164:319776-319912
contig_21662	241605	241700	gene,mRNA	.	contig_21662:241605-241700,contig_21662:241605-241700
contig_21662	289896	290109	intergenic	.	contig_21662:289896-290109
contig_21705	2902	2992	intergenic	.	contig_21705:2902-2992
contig_21705	63132	63489	intergenic	.	contig_21705:63132-63489
contig_2175	435866	435926	gene,mRNA	.	contig_2175:435866-435926,contig_2175:435866-435926
contig_2175	706765	707088	intergenic	.	contig_2175:706765-707088
contig_2175	764391	764611	intergenic	.	contig_2175:764391-764611
contig_21760	148945	149017	gene,mRNA	.	contig_21760:148945-149017,contig_21760:148945-149017
contig_21760	149296	149467	gene,mRNA	.	contig_21760:149296-149467,contig_21760:149296-149467
contig_2177	1826464	1826621	intergenic	.	contig_2177:1826464-1826621
contig_2180	44201	44621	intergenic	.	contig_2180:44201-44621
contig_2180	369314	369460	intergenic	.	contig_2180:369314-369460
contig_2180	388208	388496	intergenic	.	contig_2180:388208-388496
contig_21861	668835	669010	intergenic	.	contig_21861:668835-669010
contig_2208	16903	17174	intergenic	.	contig_2208:16903-17174
contig_2209	4365	4544	intergenic	.	contig_2209:4365-4544
contig_2209	58228	58469	intergenic	.	contig_2209:58228-58469
contig_2209	84272	84550	gene,mRNA	.	contig_2209:84272-84550,contig_2209:84272-84550
contig_2209	192496	192882	intergenic	.	contig_2209:192496-192882
contig_22098	46707	46871	gene,mRNA	.	contig_22098:46707-46871,contig_22098:46707-46871
contig_22098	161607	162222	gene,polyA_signal_sequence	.	contig_22098:161607-162222,contig_22098:161607-162222
contig_22098	161731	162222	intergenic	.	contig_22098:161731-162222
contig_22098	177631	177786	gene,mRNA	.	contig_22098:177631-177786,contig_22098:177631-177786
contig_22098	456727	456933	gene,mRNA	.	contig_22098:456727-456933,contig_22098:456727-456933
contig_22098	456995	457096	gene,mRNA	.	contig_22098:456995-457096,contig_22098:456995-457096
contig_22098	782953	783012	intergenic	.	contig_22098:782953-783012
contig_22098	783156	783247	intergenic	.	contig_22098:783156-783247
contig_22098	783349	783411	intergenic	.	contig_22098:783349-783411
contig_22098	783495	783639	intergenic	.	contig_22098:783495-783639
contig_22098	963135	963249	gene,mRNA	.	contig_22098:963135-963249,contig_22098:963135-963249
contig_22098	1028322	1028674	intergenic	.	contig_22098:1028322-1028674
contig_22111	315386	315690	gene,mRNA	.	contig_22111:315386-315690,contig_22111:315386-315690
contig_22124	85070	85254	intergenic	.	contig_22124:85070-85254
contig_22127	25023	25514	intergenic	.	contig_22127:25023-25514
contig_22132	292535	292626	intergenic	.	contig_22132:292535-292626
contig_22132	487108	487146	intergenic	.	contig_22132:487108-487146
contig_22132	988859	989123	intergenic	.	contig_22132:988859-989123
contig_2215	160174	160289	intergenic	.	contig_2215:160174-160289
contig_2215	1153013	1153204	intergenic	.	contig_2215:1153013-1153204
contig_22172	28848	29209	intergenic	.	contig_22172:28848-29209
contig_22172	53560	53610	intergenic	.	contig_22172:53560-53610
contig_22175	244765	244989	intergenic	.	contig_22175:244765-244989
contig_22186	138081	138377	intergenic	.	contig_22186:138081-138377
contig_22210	102011	102160	intergenic	.	contig_22210:102011-102160
contig_22233	167761	168032	gene,mRNA	.	contig_22233:167761-168032,contig_22233:167761-168032
contig_22250	89119	89350	exon,CDS,gene,mRNA	.	contig_22250:89119-89350,contig_22250:89119-89350,contig_22250:89119-89350,contig_22250:89119-89350
contig_22250	852992	853145	intergenic	.	contig_22250:852992-853145
contig_22259	272568	272701	intergenic	.	contig_22259:272568-272701
contig_22285	108411	108630	intergenic	.	contig_22285:108411-108630
contig_22313	17968	18386	intergenic	.	contig_22313:17968-18386
contig_22345	39454	39601	intergenic	.	contig_22345:39454-39601
contig_22345	39771	39945	intergenic	.	contig_22345:39771-39945
contig_22345	126982	127144	intergenic	.	contig_22345:126982-127144
contig_22345	278149	278643	intergenic	.	contig_22345:278149-278643
contig_22366	921317	921914	intergenic	.	contig_22366:921317-921914
contig_2238	111613	112073	intergenic	.	contig_2238:111613-112073
contig_2244	148771	149139	intergenic	.	contig_2244:148771-149139
contig_2244	161464	161864	intergenic	.	contig_2244:161464-161864
contig_2244	180580	180649	intergenic	.	contig_2244:180580-180649
contig_2244	181169	181396	intergenic	.	contig_2244:181169-181396
contig_2244	320953	321367	intergenic	.	contig_2244:320953-321367
contig_2244	323622	323716	intergenic	.	contig_2244:323622-323716
contig_2244	752400	752432	intergenic	.	contig_2244:752400-752432
contig_2244	763402	763599	intergenic	.	contig_2244:763402-763599
contig_2244	801585	801919	intergenic	.	contig_2244:801585-801919
contig_22459	38856	38899	intergenic	.	contig_22459:38856-38899
contig_22481	29780	29984	intergenic	.	contig_22481:29780-29984
contig_22506	262977	263275	intergenic	.	contig_22506:262977-263275
contig_22506	590005	590239	intergenic	.	contig_22506:590005-590239
contig_22506	1273105	1273172	intergenic	.	contig_22506:1273105-1273172
contig_22506	1627579	1627675	intergenic	.	contig_22506:1627579-1627675
contig_22506	1652749	1652947	gene,mRNA	.	contig_22506:1652749-1652947,contig_22506:1652749-1652947
contig_22507	38414	38577	gene,mRNA	.	contig_22507:38414-38577,contig_22507:38414-38577
contig_22518	153621	153691	intergenic	.	contig_22518:153621-153691
contig_22546	260852	260994	intergenic	.	contig_22546:260852-260994
contig_22546	261052	261422	intergenic	.	contig_22546:261052-261422
contig_22571	430376	430498	gene,mRNA	.	contig_22571:430376-430498,contig_22571:430376-430498
contig_22615	102019	102100	intergenic	.	contig_22615:102019-102100
contig_22615	106418	106634	gene,mRNA	.	contig_22615:106418-106634,contig_22615:106418-106634
contig_22664	161487	161572	intergenic	.	contig_22664:161487-161572
contig_22664	567583	567686	intergenic	.	contig_22664:567583-567686
contig_22664	1020331	1020427	gene,mRNA	.	contig_22664:1020331-1020427,contig_22664:1020331-1020427
contig_22664	1461720	1462005	intergenic	.	contig_22664:1461720-1462005
contig_2270	197846	197929	intergenic	.	contig_2270:197846-197929
contig_2270	506906	506938	intergenic	.	contig_2270:506906-506938
contig_2270	1040835	1041067	intergenic	.	contig_2270:1040835-1041067
contig_2270	1055977	1056194	intergenic	.	contig_2270:1055977-1056194
contig_2270	1738185	1738244	intergenic	.	contig_2270:1738185-1738244
contig_22788	130247	130313	intergenic	.	contig_22788:130247-130313
contig_22791	1185343	1185604	gene,mRNA	.	contig_22791:1185343-1185604,contig_22791:1185343-1185604
contig_22791	1185908	1185985	gene,mRNA	.	contig_22791:1185908-1185985,contig_22791:1185908-1185985
contig_22791	1506169	1506351	gene,mRNA	.	contig_22791:1506169-1506351,contig_22791:1506169-1506351
contig_22791	1686825	1686924	intergenic	.	contig_22791:1686825-1686924
contig_22818	472993	473064	intergenic	.	contig_22818:472993-473064
contig_2282	614008	614168	intergenic	.	contig_2282:614008-614168
contig_2282	792481	792810	exon,CDS,gene,mRNA	.	contig_2282:792481-792810,contig_2282:792481-792810,contig_2282:792481-792810,contig_2282:792481-792810
contig_2282	1011815	1012080	intergenic	.	contig_2282:1011815-1012080
contig_22854	35214	35511	intergenic	.	contig_22854:35214-35511
contig_22886	15378	15479	intergenic	.	contig_22886:15378-15479
contig_22886	26016	26248	gene,mRNA	.	contig_22886:26016-26248,contig_22886:26016-26248
contig_22886	169336	169703	intergenic	.	contig_22886:169336-169703
contig_22906	10539	10636	intergenic	.	contig_22906:10539-10636
contig_22906	10752	11028	intergenic	.	contig_22906:10752-11028
contig_22906	164548	164791	gene,mRNA	.	contig_22906:164548-164791,contig_22906:164548-164791
contig_22906	182568	182656	intergenic	.	contig_22906:182568-182656
contig_22906	189143	189267	intergenic	.	contig_22906:189143-189267
contig_22920	21398	21700	gene,mRNA	.	contig_22920:21398-21700,contig_22920:21398-21700
contig_22920	22034	22222	gene,mRNA	.	contig_22920:22034-22222,contig_22920:22034-22222
contig_2293	89479	89793	intergenic	.	contig_2293:89479-89793
contig_22949	262042	262249	gene,mRNA	.	contig_22949:262042-262249,contig_22949:262042-262249
contig_22964	112442	112688	intergenic	.	contig_22964:112442-112688
contig_22964	250687	251202	intergenic	.	contig_22964:250687-251202
contig_2298	665432	665546	gene,mRNA	.	contig_2298:665432-665546,contig_2298:665432-665546
contig_2298	1053123	1053565	intergenic	.	contig_2298:1053123-1053565
contig_2298	1391970	1392305	intergenic	.	contig_2298:1391970-1392305
contig_2298	1881672	1881935	intergenic	.	contig_2298:1881672-1881935
contig_2298	2323624	2323729	intergenic	.	contig_2298:2323624-2323729
contig_22997	2967	3032	intergenic	.	contig_22997:2967-3032
contig_2302	286441	286868	gene,mRNA	.	contig_2302:286441-286868,contig_2302:286441-286868
contig_2302	530486	530604	intergenic	.	contig_2302:530486-530604
contig_23022	44469	44584	intergenic	.	contig_23022:44469-44584
contig_23022	379398	379841	gene,mRNA	.	contig_23022:379398-379841,contig_23022:379398-379841
contig_23030	108391	108490	intergenic	.	contig_23030:108391-108490
contig_23042	377387	377506	intergenic	.	contig_23042:377387-377506
contig_23072	7741	7778	intergenic	.	contig_23072:7741-7778
contig_232	248437	248467	intergenic	.	contig_232:248437-248467
contig_232	389357	389443	intergenic	.	contig_232:389357-389443
contig_232	389601	389781	intergenic	.	contig_232:389601-389781
contig_23291	707125	707286	intergenic	.	contig_23291:707125-707286
contig_23291	707437	707579	intergenic	.	contig_23291:707437-707579
contig_23291	736853	736924	intergenic	.	contig_23291:736853-736924
contig_2330	287117	287208	intergenic	.	contig_2330:287117-287208
contig_23300	3343	3478	intergenic	.	contig_23300:3343-3478
contig_23300	284150	284292	intergenic	.	contig_23300:284150-284292
contig_23306	369156	369298	intergenic	.	contig_23306:369156-369298
contig_23347	190757	190916	gene,mRNA	.	contig_23347:190757-190916,contig_23347:190757-190916
contig_23347	190967	191010	gene,mRNA	.	contig_23347:190967-191010,contig_23347:190967-191010
contig_23347	260909	261250	gene,mRNA	.	contig_23347:260909-261250,contig_23347:260909-261250
contig_23347	375873	376028	intergenic	.	contig_23347:375873-376028
contig_23347	535140	535217	intergenic	.	contig_23347:535140-535217
contig_23416	329308	329472	intergenic	.	contig_23416:329308-329472
contig_23416	440063	440287	intergenic	.	contig_23416:440063-440287
contig_2346	156332	156519	intergenic	.	contig_2346:156332-156519
contig_2346	204658	204805	intergenic	.	contig_2346:204658-204805
contig_2346	507692	507959	gene,mRNA	.	contig_2346:507692-507959,contig_2346:507692-507959
contig_23513	14999	15037	intergenic	.	contig_23513:14999-15037
contig_23513	15335	15573	intergenic	.	contig_23513:15335-15573
contig_23513	339404	339517	intergenic	.	contig_23513:339404-339517
contig_23524	84133	84448	gene,mRNA	.	contig_23524:84133-84448,contig_23524:84133-84448
contig_23524	478841	479337	intergenic	.	contig_23524:478841-479337
contig_23549	75297	75455	gene,mRNA	.	contig_23549:75297-75455,contig_23549:75297-75455
contig_23549	211526	211583	intergenic	.	contig_23549:211526-211583
contig_23549	211724	211768	intergenic	.	contig_23549:211724-211768
contig_23577	120514	120707	gene,mRNA	.	contig_23577:120514-120707,contig_23577:120514-120707
contig_23577	269244	269838	intergenic	.	contig_23577:269244-269838
contig_23577	273570	273628	intergenic	.	contig_23577:273570-273628
contig_23620	5164	5194	gene,mRNA	.	contig_23620:5164-5194,contig_23620:5164-5194
contig_2363	59217	59281	intergenic	.	contig_2363:59217-59281
contig_2363	59351	59568	intergenic	.	contig_2363:59351-59568
contig_23638	77484	77857	intergenic	.	contig_23638:77484-77857
contig_23638	196830	196886	intergenic	.	contig_23638:196830-196886
contig_2366	11839	12032	gene,polyA_signal_sequence	.	contig_2366:11839-12032,contig_2366:11839-12032
contig_2366	11906	12032	intergenic	.	contig_2366:11906-12032
contig_23714	27443	27535	gene,mRNA,exon,CDS	.	contig_23714:27443-27535,contig_23714:27443-27535,contig_23714:27443-27535,contig_23714:27443-27535
contig_23714	28281	28601	gene,mRNA,exon,CDS,stop_codon,polyA_signal_sequence	.	contig_23714:28281-28601,contig_23714:28281-28601,contig_23714:28281-28601,contig_23714:28281-28601,contig_23714:28281-28601,contig_23714:28281-28601
contig_23714	28498	28601	intergenic	.	contig_23714:28498-28601
contig_23714	219793	219945	intergenic	.	contig_23714:219793-219945
contig_23748	479619	479927	intergenic	.	contig_23748:479619-479927
contig_23748	552747	552794	intergenic	.	contig_23748:552747-552794
contig_23748	553842	554039	intergenic	.	contig_23748:553842-554039
contig_23748	635636	635728	intergenic	.	contig_23748:635636-635728
contig_23748	803982	804117	intergenic	.	contig_23748:803982-804117
contig_23748	804209	804276	intergenic	.	contig_23748:804209-804276
contig_23748	880293	880391	intergenic	.	contig_23748:880293-880391
contig_23748	979277	979312	intergenic	.	contig_23748:979277-979312
contig_2378	34660	34827	intergenic	.	contig_2378:34660-34827
contig_23792	217946	218022	intergenic	.	contig_23792:217946-218022
contig_23792	437471	437736	intergenic	.	contig_23792:437471-437736
contig_23793	162539	162719	gene,mRNA	.	contig_23793:162539-162719,contig_23793:162539-162719
contig_23814	102701	102737	gene,mRNA	.	contig_23814:102701-102737,contig_23814:102701-102737
contig_23814	106007	106208	gene,mRNA	.	contig_23814:106007-106208,contig_23814:106007-106208
contig_23814	275540	275623	intergenic	.	contig_23814:275540-275623
contig_23881	60089	60428	gene,mRNA	.	contig_23881:60089-60428,contig_23881:60089-60428
contig_23881	132726	132916	intergenic	.	contig_23881:132726-132916
contig_23881	138793	138948	intergenic	.	contig_23881:138793-138948
contig_2389	128427	128488	gene,mRNA	.	contig_2389:128427-128488,contig_2389:128427-128488
contig_2389	561407	561497	intergenic	.	contig_2389:561407-561497
contig_2389	1216580	1216723	intergenic	.	contig_2389:1216580-1216723
contig_2389	1877460	1877722	intergenic	.	contig_2389:1877460-1877722
contig_23924	59090	59244	gene,mRNA	.	contig_23924:59090-59244,contig_23924:59090-59244
contig_23924	242688	242788	intergenic	.	contig_23924:242688-242788
contig_23926	79912	79942	intergenic	.	contig_23926:79912-79942
contig_2395	756462	756563	intergenic	.	contig_2395:756462-756563
contig_2399	171859	171966	intergenic	.	contig_2399:171859-171966
contig_24064	141949	142039	intergenic	.	contig_24064:141949-142039
contig_24064	142772	143001	intergenic	.	contig_24064:142772-143001
contig_24064	165486	165700	intergenic	.	contig_24064:165486-165700
contig_24065	157835	158009	intergenic	.	contig_24065:157835-158009
contig_24082	335748	335915	intergenic	.	contig_24082:335748-335915
contig_24082	377146	377413	intergenic	.	contig_24082:377146-377413
contig_24082	590009	590057	gene,mRNA	.	contig_24082:590009-590057,contig_24082:590009-590057
contig_24088	51328	51660	intergenic	.	contig_24088:51328-51660
contig_2414	402078	402161	intergenic	.	contig_2414:402078-402161
contig_2414	405413	405605	intergenic	.	contig_2414:405413-405605
contig_24204	39214	39582	intergenic	.	contig_24204:39214-39582
contig_24204	308823	309237	intergenic	.	contig_24204:308823-309237
contig_24204	371893	371963	gene,mRNA	.	contig_24204:371893-371963,contig_24204:371893-371963
contig_24239	87854	87954	gene,mRNA	.	contig_24239:87854-87954,contig_24239:87854-87954
contig_24239	88027	88132	gene,mRNA	.	contig_24239:88027-88132,contig_24239:88027-88132
contig_24239	400877	401045	gene,mRNA	.	contig_24239:400877-401045,contig_24239:400877-401045
contig_24239	509299	509614	gene,mRNA	.	contig_24239:509299-509614,contig_24239:509299-509614
contig_2424	51503	51716	intergenic	.	contig_2424:51503-51716
contig_2424	105853	106238	intergenic	.	contig_2424:105853-106238
contig_2424	390330	390499	intergenic	.	contig_2424:390330-390499
contig_2424	390890	391021	intergenic	.	contig_2424:390890-391021
contig_2424	438412	438491	intergenic	.	contig_2424:438412-438491
contig_2424	463764	463936	intergenic	.	contig_2424:463764-463936
contig_24336	150685	151036	intergenic	.	contig_24336:150685-151036
contig_24336	382427	382742	intergenic	.	contig_24336:382427-382742
contig_24336	387784	388255	intergenic	.	contig_24336:387784-388255
contig_24336	612280	612431	intergenic	.	contig_24336:612280-612431
contig_24336	612699	612788	intergenic	.	contig_24336:612699-612788
contig_24369	11671	12087	gene,mRNA	.	contig_24369:11671-12087,contig_24369:11671-12087
contig_24369	48468	48514	gene,mRNA	.	contig_24369:48468-48514,contig_24369:48468-48514
contig_24369	235900	235961	intergenic	.	contig_24369:235900-235961
contig_24369	236013	236245	intergenic	.	contig_24369:236013-236245
contig_24370	29815	29894	intergenic	.	contig_24370:29815-29894
contig_24375	136839	136940	intergenic	.	contig_24375:136839-136940
contig_244	233289	233472	intergenic	.	contig_244:233289-233472
contig_24470	76081	76753	gene,mRNA	.	contig_24470:76081-76753,contig_24470:76081-76753
contig_24501	122540	122725	intergenic	.	contig_24501:122540-122725
contig_24501	146266	146343	intergenic	.	contig_24501:146266-146343
contig_24509	19045	19198	intergenic	.	contig_24509:19045-19198
contig_24509	41681	41727	intergenic	.	contig_24509:41681-41727
contig_24509	138106	138265	intergenic	.	contig_24509:138106-138265
contig_24509	138445	138589	intergenic	.	contig_24509:138445-138589
contig_246	194314	194485	gene,mRNA	.	contig_246:194314-194485,contig_246:194314-194485
contig_246	571940	572228	intergenic	.	contig_246:571940-572228
contig_246	1183282	1183570	intergenic	.	contig_246:1183282-1183570
contig_246	1645311	1645384	intergenic	.	contig_246:1645311-1645384
contig_246	1666021	1666207	intergenic	.	contig_246:1666021-1666207
contig_246	1696016	1696185	intergenic	.	contig_246:1696016-1696185
contig_246	2094472	2094532	gene,mRNA	.	contig_246:2094472-2094532,contig_246:2094472-2094532
contig_246	2555147	2555485	gene,mRNA	.	contig_246:2555147-2555485,contig_246:2555147-2555485
contig_246	2555594	2555716	gene,mRNA	.	contig_246:2555594-2555716,contig_246:2555594-2555716
contig_2460	136585	136629	gene,mRNA	.	contig_2460:136585-136629,contig_2460:136585-136629
contig_2460	670768	670850	exon,CDS,gene,mRNA	.	contig_2460:670768-670850,contig_2460:670768-670850,contig_2460:670768-670850,contig_2460:670768-670850
contig_24628	175500	175601	intergenic	.	contig_24628:175500-175601
contig_24639	53	237	intergenic	.	contig_24639:53-237
contig_24663	340788	341062	intergenic	.	contig_24663:340788-341062
contig_24667	167916	168132	gene,mRNA	.	contig_24667:167916-168132,contig_24667:167916-168132
contig_24667	197704	197828	gene,mRNA	.	contig_24667:197704-197828,contig_24667:197704-197828
contig_24667	360401	360653	intergenic	.	contig_24667:360401-360653
contig_24667	421855	421959	intergenic	.	contig_24667:421855-421959
contig_24667	485274	485319	intergenic	.	contig_24667:485274-485319
contig_24699	98416	98640	gene,mRNA	.	contig_24699:98416-98640,contig_24699:98416-98640
contig_24699	357387	357588	intergenic	.	contig_24699:357387-357588
contig_24699	434312	434480	intergenic	.	contig_24699:434312-434480
contig_24699	957395	957511	intergenic	.	contig_24699:957395-957511
contig_24699	957569	957784	intergenic	.	contig_24699:957569-957784
contig_24699	1118532	1118917	intergenic	.	contig_24699:1118532-1118917
contig_24699	1118999	1119037	intergenic	.	contig_24699:1118999-1119037
contig_24741	66013	66101	gene,mRNA	.	contig_24741:66013-66101,contig_24741:66013-66101
contig_2479	88528	88635	gene,mRNA	.	contig_2479:88528-88635,contig_2479:88528-88635
contig_2479	738872	739093	intergenic	.	contig_2479:738872-739093
contig_24790	147678	148139	intergenic	.	contig_24790:147678-148139
contig_24792	31839	32103	intergenic	.	contig_24792:31839-32103
contig_24812	101753	101916	gene,mRNA,exon,CDS	.	contig_24812:101753-101916,contig_24812:101753-101916,contig_24812:101753-101916,contig_24812:101753-101916
contig_24816	64363	64616	intergenic	.	contig_24816:64363-64616
contig_24816	139331	139414	intergenic	.	contig_24816:139331-139414
contig_24819	174821	174932	intergenic	.	contig_24819:174821-174932
contig_24819	437503	437567	gene,mRNA	.	contig_24819:437503-437567,contig_24819:437503-437567
contig_24819	443034	443096	gene,mRNA	.	contig_24819:443034-443096,contig_24819:443034-443096
contig_24828	1394300	1394397	gene,mRNA	.	contig_24828:1394300-1394397,contig_24828:1394300-1394397
contig_24828	1880705	1880769	intergenic	.	contig_24828:1880705-1880769
contig_24845	326541	326723	intergenic	.	contig_24845:326541-326723
contig_24845	326787	327161	intergenic	.	contig_24845:326787-327161
contig_24853	832851	833121	intergenic	.	contig_24853:832851-833121
contig_24856	173913	174049	intergenic	.	contig_24856:173913-174049
contig_2487	138336	138446	gene,mRNA	.	contig_2487:138336-138446,contig_2487:138336-138446
contig_2487	185253	185390	gene,mRNA	.	contig_2487:185253-185390,contig_2487:185253-185390
contig_2487	234148	234796	intergenic	.	contig_2487:234148-234796
contig_2487	518123	518206	intergenic	.	contig_2487:518123-518206
contig_2487	673297	673351	intergenic	.	contig_2487:673297-673351
contig_2487	693454	693608	intergenic	.	contig_2487:693454-693608
contig_2487	2669204	2669579	gene,mRNA	.	contig_2487:2669204-2669579,contig_2487:2669204-2669579
contig_2487	2669641	2669859	gene,mRNA	.	contig_2487:2669641-2669859,contig_2487:2669641-2669859
contig_2487	3317095	3317267	intergenic	.	contig_2487:3317095-3317267
contig_24903	123907	124036	intergenic	.	contig_24903:123907-124036
contig_24932	413654	413711	intergenic	.	contig_24932:413654-413711
contig_24937	12996	13069	intergenic	.	contig_24937:12996-13069
contig_2494	290282	290431	intergenic	.	contig_2494:290282-290431
contig_2494	297377	297563	intergenic	.	contig_2494:297377-297563
contig_2494	1028341	1028560	intergenic	.	contig_2494:1028341-1028560
contig_25016	95559	95738	intergenic	.	contig_25016:95559-95738
contig_25027	166586	166809	intergenic	.	contig_25027:166586-166809
contig_25027	175011	175308	intergenic	.	contig_25027:175011-175308
contig_25027	175415	175647	intergenic	.	contig_25027:175415-175647
contig_25086	3114	3169	gene,mRNA	.	contig_25086:3114-3169,contig_25086:3114-3169
contig_2512	357734	357898	intergenic	.	contig_2512:357734-357898
contig_2512	674179	674210	intergenic	.	contig_2512:674179-674210
contig_2512	1018791	1019337	intergenic	.	contig_2512:1018791-1019337
contig_25131	89393	89453	intergenic	.	contig_25131:89393-89453
contig_25131	109998	110360	intergenic	.	contig_25131:109998-110360
contig_25172	75673	75741	intergenic	.	contig_25172:75673-75741
contig_25173	102287	102493	gene,mRNA	.	contig_25173:102287-102493,contig_25173:102287-102493
contig_252	110981	111247	intergenic	.	contig_252:110981-111247
contig_252	111328	111512	intergenic	.	contig_252:111328-111512
contig_25223	27170	27262	intergenic	.	contig_25223:27170-27262
contig_25223	28716	28774	intergenic	.	contig_25223:28716-28774
contig_25223	195667	195893	intergenic	.	contig_25223:195667-195893
contig_2529	217084	217233	intergenic	.	contig_2529:217084-217233
contig_2529	299103	299489	intergenic	.	contig_2529:299103-299489
contig_2529	426706	426948	gene,mRNA	.	contig_2529:426706-426948,contig_2529:426706-426948
contig_25300	15901	16065	intergenic	.	contig_25300:15901-16065
contig_25300	54026	54319	intergenic	.	contig_25300:54026-54319
contig_25300	54810	54993	intergenic	.	contig_25300:54810-54993
contig_25306	312431	312524	intergenic	.	contig_25306:312431-312524
contig_2533	80152	80650	intergenic	.	contig_2533:80152-80650
contig_25404	169134	169208	intergenic	.	contig_25404:169134-169208
contig_25404	347567	347628	intergenic	.	contig_25404:347567-347628
contig_25420	396564	396698	intergenic	.	contig_25420:396564-396698
contig_25420	435797	435894	intergenic	.	contig_25420:435797-435894
contig_25420	436493	436643	intergenic	.	contig_25420:436493-436643
contig_25420	614054	614208	intergenic	.	contig_25420:614054-614208
contig_25420	694581	694611	gene,mRNA	.	contig_25420:694581-694611,contig_25420:694581-694611
contig_2545	905046	905284	gene,mRNA	.	contig_2545:905046-905284,contig_2545:905046-905284
contig_2545	1088861	1089256	gene,mRNA	.	contig_2545:1088861-1089256,contig_2545:1088861-1089256
contig_2554	16713	16809	intergenic	.	contig_2554:16713-16809
contig_2554	16870	16970	intergenic	.	contig_2554:16870-16970
contig_25634	484672	484813	intergenic	.	contig_25634:484672-484813
contig_25641	78260	78429	gene,mRNA	.	contig_25641:78260-78429,contig_25641:78260-78429
contig_25659	85055	85120	intergenic	.	contig_25659:85055-85120
contig_2567	190278	190583	intergenic	.	contig_2567:190278-190583
contig_2567	237976	238039	gene,mRNA	.	contig_2567:237976-238039,contig_2567:237976-238039
contig_2567	627872	628254	intergenic	.	contig_2567:627872-628254
contig_2567	786709	786801	intergenic	.	contig_2567:786709-786801
contig_2567	786869	787048	intergenic	.	contig_2567:786869-787048
contig_2567	787360	787451	intergenic	.	contig_2567:787360-787451
contig_2567	814039	814377	intergenic	.	contig_2567:814039-814377
contig_2567	1108551	1108641	intergenic	.	contig_2567:1108551-1108641
contig_2567	1310649	1310818	intergenic	.	contig_2567:1310649-1310818
contig_2567	1310872	1310956	intergenic	.	contig_2567:1310872-1310956
contig_2567	1326807	1326838	intergenic	.	contig_2567:1326807-1326838
contig_25679	12686	12950	intergenic	.	contig_25679:12686-12950
contig_25738	265272	265483	gene,mRNA	.	contig_25738:265272-265483,contig_25738:265272-265483
contig_25738	522787	522930	intergenic	.	contig_25738:522787-522930
contig_25738	523033	523236	intergenic	.	contig_25738:523033-523236
contig_25817	67728	67832	gene,mRNA	.	contig_25817:67728-67832,contig_25817:67728-67832
contig_25817	68024	68129	gene,mRNA	.	contig_25817:68024-68129,contig_25817:68024-68129
contig_25817	356722	356934	intergenic	.	contig_25817:356722-356934
contig_2584	607169	607236	intergenic	.	contig_2584:607169-607236
contig_2584	680184	680317	intergenic	.	contig_2584:680184-680317
contig_2584	2038922	2038966	intergenic	.	contig_2584:2038922-2038966
contig_2584	2236765	2236924	intergenic	.	contig_2584:2236765-2236924
contig_25879	330474	330782	intergenic	.	contig_25879:330474-330782
contig_25879	506338	506403	intergenic	.	contig_25879:506338-506403
contig_25879	506464	506782	intergenic	.	contig_25879:506464-506782
contig_25904	205548	205694	intergenic	.	contig_25904:205548-205694
contig_25941	162115	162384	intergenic	.	contig_25941:162115-162384
contig_25941	163416	163457	intergenic	.	contig_25941:163416-163457
contig_2596	143377	143481	intergenic	.	contig_2596:143377-143481
contig_2596	164816	164984	intergenic	.	contig_2596:164816-164984
contig_2596	303544	303759	intergenic	.	contig_2596:303544-303759
contig_2596	568745	568834	gene,mRNA	.	contig_2596:568745-568834,contig_2596:568745-568834
contig_2596	572878	572944	gene,mRNA	.	contig_2596:572878-572944,contig_2596:572878-572944
contig_260	994505	994641	intergenic	.	contig_260:994505-994641
contig_260	1387453	1387516	intergenic	.	contig_260:1387453-1387516
contig_260	2228859	2228952	gene,mRNA	.	contig_260:2228859-2228952,contig_260:2228859-2228952
contig_2602	145139	145189	gene,mRNA	.	contig_2602:145139-145189,contig_2602:145139-145189
contig_2602	229531	229748	intergenic	.	contig_2602:229531-229748
contig_2602	250878	250918	intergenic	.	contig_2602:250878-250918
contig_2602	790246	790406	intergenic	.	contig_2602:790246-790406
contig_2602	790475	790663	intergenic	.	contig_2602:790475-790663
contig_26060	765739	766313	intergenic	.	contig_26060:765739-766313
contig_26060	836557	836608	intergenic	.	contig_26060:836557-836608
contig_26082	9034	9226	exon,CDS,gene,mRNA	.	contig_26082:9034-9226,contig_26082:9034-9226,contig_26082:9034-9226,contig_26082:9034-9226
contig_2615	809638	809808	gene,mRNA	.	contig_2615:809638-809808,contig_2615:809638-809808
contig_2615	3178089	3178189	gene,mRNA	.	contig_2615:3178089-3178189,contig_2615:3178089-3178189
contig_2615	3626167	3626197	gene,mRNA	.	contig_2615:3626167-3626197,contig_2615:3626167-3626197
contig_2615	3909307	3909401	intergenic	.	contig_2615:3909307-3909401
contig_2615	5282116	5282205	intergenic	.	contig_2615:5282116-5282205
contig_26150	539897	539950	intergenic	.	contig_26150:539897-539950
contig_26150	566140	566201	intergenic	.	contig_26150:566140-566201
contig_26171	634459	634512	gene,mRNA	.	contig_26171:634459-634512,contig_26171:634459-634512
contig_26182	422735	423026	gene,mRNA	.	contig_26182:422735-423026,contig_26182:422735-423026
contig_2621	42880	42984	intergenic	.	contig_2621:42880-42984
contig_2621	180917	181022	gene,mRNA	.	contig_2621:180917-181022,contig_2621:180917-181022
contig_26248	9665	9790	intergenic	.	contig_26248:9665-9790
contig_26248	169232	169615	intergenic	.	contig_26248:169232-169615
contig_26259	15751	16193	gene,mRNA	.	contig_26259:15751-16193,contig_26259:15751-16193
contig_2627	8957	9215	intergenic	.	contig_2627:8957-9215
contig_2627	40078	40217	intergenic	.	contig_2627:40078-40217
contig_2627	40368	40422	intergenic	.	contig_2627:40368-40422
contig_2627	162206	162305	intergenic	.	contig_2627:162206-162305
contig_2627	268395	268428	gene,mRNA	.	contig_2627:268395-268428,contig_2627:268395-268428
contig_2627	497501	497798	intergenic	.	contig_2627:497501-497798
contig_2627	524263	524366	intergenic	.	contig_2627:524263-524366
contig_2627	653821	653970	intergenic	.	contig_2627:653821-653970
contig_2627	671554	671668	intergenic	.	contig_2627:671554-671668
contig_2627	698367	698738	intergenic	.	contig_2627:698367-698738
contig_2627	699055	699184	intergenic	.	contig_2627:699055-699184
contig_2627	738935	739089	gene,mRNA	.	contig_2627:738935-739089,contig_2627:738935-739089
contig_2627	1087798	1087977	intergenic	.	contig_2627:1087798-1087977
contig_2627	1625807	1625908	gene,mRNA	.	contig_2627:1625807-1625908,contig_2627:1625807-1625908
contig_2627	1676596	1676979	gene,mRNA	.	contig_2627:1676596-1676979,contig_2627:1676596-1676979
contig_2627	1814102	1814271	intergenic	.	contig_2627:1814102-1814271
contig_26280	15134	15339	intergenic	.	contig_26280:15134-15339
contig_26322	130855	131044	intergenic	.	contig_26322:130855-131044
contig_26335	382797	383008	intergenic	.	contig_26335:382797-383008
contig_26335	382797	383087	start_codon,exon,CDS,gene,mRNA	.	contig_26335:382797-383087,contig_26335:382797-383087,contig_26335:382797-383087,contig_26335:382797-383087,contig_26335:382797-383087
contig_26347	30521	30671	intergenic	.	contig_26347:30521-30671
contig_2635	738926	739045	gene,mRNA	.	contig_2635:738926-739045,contig_2635:738926-739045
contig_26366	34079	34560	intergenic	.	contig_26366:34079-34560
contig_26374	120682	120777	intergenic	.	contig_26374:120682-120777
contig_26374	155416	155582	intergenic	.	contig_26374:155416-155582
contig_26385	112809	113062	intergenic	.	contig_26385:112809-113062
contig_26385	413110	413214	intergenic	.	contig_26385:413110-413214
contig_26404	70382	70586	gene,mRNA	.	contig_26404:70382-70586,contig_26404:70382-70586
contig_26404	498724	498965	gene,mRNA	.	contig_26404:498724-498965,contig_26404:498724-498965
contig_2643	13189	13456	intergenic	.	contig_2643:13189-13456
contig_2643	465270	465322	intergenic	.	contig_2643:465270-465322
contig_26449	554720	554844	intergenic	.	contig_26449:554720-554844
contig_26511	14398	14454	intergenic	.	contig_26511:14398-14454
contig_26515	29206	29428	intergenic	.	contig_26515:29206-29428
contig_26515	29206	29734	gene,mRNA,start_codon,exon,CDS	.	contig_26515:29206-29734,contig_26515:29206-29734,contig_26515:29206-29734,contig_26515:29206-29734,contig_26515:29206-29734
contig_26516	109068	109136	intergenic	.	contig_26516:109068-109136
contig_26533	149802	149886	gene,mRNA	.	contig_26533:149802-149886,contig_26533:149802-149886
contig_26533	170371	170831	gene,mRNA	.	contig_26533:170371-170831,contig_26533:170371-170831
contig_26547	508604	508912	gene,mRNA	.	contig_26547:508604-508912,contig_26547:508604-508912
contig_26547	509580	509720	gene,mRNA	.	contig_26547:509580-509720,contig_26547:509580-509720
contig_26547	647695	647742	intergenic	.	contig_26547:647695-647742
contig_26547	684642	684835	intergenic	.	contig_26547:684642-684835
contig_26547	684960	685161	intergenic	.	contig_26547:684960-685161
contig_26547	854445	854546	intergenic	.	contig_26547:854445-854546
contig_26560	361867	361938	intergenic	.	contig_26560:361867-361938
contig_26560	450129	450248	intergenic	.	contig_26560:450129-450248
contig_26560	450304	450343	intergenic	.	contig_26560:450304-450343
contig_26574	408865	409099	intergenic	.	contig_26574:408865-409099
contig_26574	409214	409290	intergenic	.	contig_26574:409214-409290
contig_2661	66972	67258	intergenic	.	contig_2661:66972-67258
contig_2664	478172	478722	intergenic	.	contig_2664:478172-478722
contig_26664	182760	182876	intergenic	.	contig_26664:182760-182876
contig_26664	889791	890204	gene,mRNA	.	contig_26664:889791-890204,contig_26664:889791-890204
contig_26664	1189725	1190015	gene,mRNA	.	contig_26664:1189725-1190015,contig_26664:1189725-1190015
contig_26696	67552	67737	intergenic	.	contig_26696:67552-67737
contig_26696	80572	81265	exon,CDS,gene,mRNA	.	contig_26696:80572-81265,contig_26696:80572-81265,contig_26696:80572-81265,contig_26696:80572-81265
contig_26696	212621	212688	intergenic	.	contig_26696:212621-212688
contig_26721	248355	248444	intergenic	.	contig_26721:248355-248444
contig_2673	323214	323314	intergenic	.	contig_2673:323214-323314
contig_26825	125499	125562	intergenic	.	contig_26825:125499-125562
contig_26835	42233	42384	intergenic	.	contig_26835:42233-42384
contig_26843	59605	59828	intergenic	.	contig_26843:59605-59828
contig_26843	152147	152513	intergenic	.	contig_26843:152147-152513
contig_26866	43160	43680	gene,mRNA	.	contig_26866:43160-43680,contig_26866:43160-43680
contig_26866	339581	339872	intergenic	.	contig_26866:339581-339872
contig_26912	91369	91533	intergenic	.	contig_26912:91369-91533
contig_26913	6185	6271	intergenic	.	contig_26913:6185-6271
contig_26913	47947	48071	intergenic	.	contig_26913:47947-48071
contig_26950	32864	32998	intergenic	.	contig_26950:32864-32998
contig_26950	53418	53497	intergenic	.	contig_26950:53418-53497
contig_26990	24532	24723	intergenic	.	contig_26990:24532-24723
contig_26990	39875	39908	intergenic	.	contig_26990:39875-39908
contig_26990	43368	43468	intergenic	.	contig_26990:43368-43468
contig_27028	82941	83020	intergenic	.	contig_27028:82941-83020
contig_27028	83140	83237	intergenic	.	contig_27028:83140-83237
contig_27028	250574	250693	intergenic	.	contig_27028:250574-250693
contig_27028	251068	251276	intergenic	.	contig_27028:251068-251276
contig_27035	19763	19955	gene,mRNA	.	contig_27035:19763-19955,contig_27035:19763-19955
contig_27064	9243	9364	gene,mRNA	.	contig_27064:9243-9364,contig_27064:9243-9364
contig_27064	44045	44699	gene,mRNA,exon,CDS,stop_codon,polyA_signal_sequence	.	contig_27064:44045-44699,contig_27064:44045-44699,contig_27064:44045-44699,contig_27064:44045-44699,contig_27064:44045-44699,contig_27064:44045-44699
contig_27064	44552	44699	intergenic	.	contig_27064:44552-44699
contig_2712	272949	273010	intergenic	.	contig_2712:272949-273010
contig_2712	273172	273504	intergenic	.	contig_2712:273172-273504
contig_2712	470712	470832	intergenic	.	contig_2712:470712-470832
contig_2712	883923	884252	intergenic	.	contig_2712:883923-884252
contig_2714	52048	52098	intergenic	.	contig_2714:52048-52098
contig_2714	52150	52199	intergenic	.	contig_2714:52150-52199
contig_2719	304178	304208	intergenic	.	contig_2719:304178-304208
contig_27248	74669	74869	gene,mRNA	.	contig_27248:74669-74869,contig_27248:74669-74869
contig_2726	359144	359211	intergenic	.	contig_2726:359144-359211
contig_2726	565246	565997	intergenic	.	contig_2726:565246-565997
contig_2726	599194	599619	intergenic	.	contig_2726:599194-599619
contig_2726	796817	796919	intergenic	.	contig_2726:796817-796919
contig_2726	1066043	1066232	intergenic	.	contig_2726:1066043-1066232
contig_2726	1647707	1648036	gene,mRNA,exon,CDS,stop_codon	.	contig_2726:1647707-1648036,contig_2726:1647707-1648036,contig_2726:1647707-1648036,contig_2726:1647707-1648036,contig_2726:1647707-1648036
contig_2726	1648160	1648254	gene,polyA_signal_sequence	.	contig_2726:1648160-1648254,contig_2726:1648160-1648254
contig_2726	1648201	1648254	intergenic	.	contig_2726:1648201-1648254
contig_2726	1918270	1918571	intergenic	.	contig_2726:1918270-1918571
contig_2726	1918639	1918705	intergenic	.	contig_2726:1918639-1918705
contig_2726	1966502	1966695	gene,mRNA	.	contig_2726:1966502-1966695,contig_2726:1966502-1966695
contig_2726	1987449	1987653	intergenic	.	contig_2726:1987449-1987653
contig_2726	2049839	2049917	gene,mRNA	.	contig_2726:2049839-2049917,contig_2726:2049839-2049917
contig_2726	2188120	2188187	gene,mRNA	.	contig_2726:2188120-2188187,contig_2726:2188120-2188187
contig_27315	6463	6531	intergenic	.	contig_27315:6463-6531
contig_27316	396283	396518	intergenic	.	contig_27316:396283-396518
contig_2732	117189	117452	intergenic	.	contig_2732:117189-117452
contig_27353	75600	75659	intergenic	.	contig_27353:75600-75659
contig_27354	36445	36658	intergenic	.	contig_27354:36445-36658
contig_27354	36727	36873	intergenic	.	contig_27354:36727-36873
contig_27354	44400	44452	intergenic	.	contig_27354:44400-44452
contig_27354	44400	44759	gene,polyA_signal_sequence,mRNA,stop_codon,exon,CDS	.	contig_27354:44400-44759,contig_27354:44400-44759,contig_27354:44400-44759,contig_27354:44400-44759,contig_27354:44400-44759,contig_27354:44400-44759
contig_27380	8004	8305	intergenic	.	contig_27380:8004-8305
contig_27381	213063	213141	intergenic	.	contig_27381:213063-213141
contig_27381	213203	213341	intergenic	.	contig_27381:213203-213341
contig_27381	216390	216512	intergenic	.	contig_27381:216390-216512
contig_27381	280923	281149	intergenic	.	contig_27381:280923-281149
contig_2741	16894	17209	intergenic	.	contig_2741:16894-17209
contig_27422	281961	282038	intergenic	.	contig_27422:281961-282038
contig_27461	17131	17575	intergenic	.	contig_27461:17131-17575
contig_2748	58769	59017	intergenic	.	contig_2748:58769-59017
contig_2748	59935	59982	intergenic	.	contig_2748:59935-59982
contig_2751	19508	19966	intergenic	.	contig_2751:19508-19966
contig_2751	34478	34818	intergenic	.	contig_2751:34478-34818
contig_27536	786486	786641	intergenic	.	contig_27536:786486-786641
contig_27592	46450	46832	intergenic	.	contig_27592:46450-46832
contig_27592	66228	66453	intergenic	.	contig_27592:66228-66453
contig_27592	344809	345198	intergenic	.	contig_27592:344809-345198
contig_27592	474587	475117	intergenic	.	contig_27592:474587-475117
contig_2760	58941	59052	intergenic	.	contig_2760:58941-59052
contig_27643	386380	386480	gene,mRNA	.	contig_27643:386380-386480,contig_27643:386380-386480
contig_2768	45787	46251	intergenic	.	contig_2768:45787-46251
contig_2768	70093	70164	intergenic	.	contig_2768:70093-70164
contig_27698	57701	57795	intergenic	.	contig_27698:57701-57795
contig_27698	91552	91699	gene,mRNA	.	contig_27698:91552-91699,contig_27698:91552-91699
contig_27708	49532	49675	intergenic	.	contig_27708:49532-49675
contig_2771	3417	3543	intergenic	.	contig_2771:3417-3543
contig_2771	16450	16668	intergenic	.	contig_2771:16450-16668
contig_2771	61938	62036	intergenic	.	contig_2771:61938-62036
contig_2773	252470	252576	intergenic	.	contig_2773:252470-252576
contig_27747	86062	86101	intergenic	.	contig_27747:86062-86101
contig_27751	11204	11512	exon,CDS,gene,mRNA	.	contig_27751:11204-11512,contig_27751:11204-11512,contig_27751:11204-11512,contig_27751:11204-11512
contig_27751	61632	61767	gene,mRNA	.	contig_27751:61632-61767,contig_27751:61632-61767
contig_27755	453311	453538	intergenic	.	contig_27755:453311-453538
contig_27755	603767	604033	intergenic	.	contig_27755:603767-604033
contig_27760	227126	227221	intergenic	.	contig_27760:227126-227221
contig_27788	233288	233827	intergenic	.	contig_27788:233288-233827
contig_2787	16228	16261	intergenic	.	contig_2787:16228-16261
contig_27877	454276	454344	gene,mRNA	.	contig_27877:454276-454344,contig_27877:454276-454344
contig_2789	587	681	intergenic	.	contig_2789:587-681
contig_27999	139353	139623	gene,mRNA	.	contig_27999:139353-139623,contig_27999:139353-139623
contig_28042	263112	263166	intergenic	.	contig_28042:263112-263166
contig_28060	59727	59974	gene,mRNA	.	contig_28060:59727-59974,contig_28060:59727-59974
contig_2808	85904	85934	intergenic	.	contig_2808:85904-85934
contig_2808	377343	377430	intergenic	.	contig_2808:377343-377430
contig_2808	537736	537917	intergenic	.	contig_2808:537736-537917
contig_28082	61762	62211	intergenic	.	contig_28082:61762-62211
contig_28098	257222	257359	gene,mRNA	.	contig_28098:257222-257359,contig_28098:257222-257359
contig_28098	297807	298063	intergenic	.	contig_28098:297807-298063
contig_28121	48541	48757	gene,mRNA	.	contig_28121:48541-48757,contig_28121:48541-48757
contig_28121	234173	234271	intergenic	.	contig_28121:234173-234271
contig_28121	403998	404129	intergenic	.	contig_28121:403998-404129
contig_28146	51814	52304	exon,CDS,gene,mRNA	.	contig_28146:51814-52304,contig_28146:51814-52304,contig_28146:51814-52304,contig_28146:51814-52304
contig_28146	118471	118593	intergenic	.	contig_28146:118471-118593
contig_28146	349403	349549	intergenic	.	contig_28146:349403-349549
contig_28178	462813	462962	intergenic	.	contig_28178:462813-462962
contig_28201	38137	38418	intergenic	.	contig_28201:38137-38418
contig_2828	458789	458923	intergenic	.	contig_2828:458789-458923
contig_2842	49309	49923	intergenic	.	contig_2842:49309-49923
contig_2842	611934	612318	intergenic	.	contig_2842:611934-612318
contig_2842	1026109	1026410	intergenic	.	contig_2842:1026109-1026410
contig_28423	22057	22172	intergenic	.	contig_28423:22057-22172
contig_28462	501406	501645	intergenic	.	contig_28462:501406-501645
contig_2847	9561	9676	intergenic	.	contig_2847:9561-9676
contig_2847	116283	116556	intergenic	.	contig_2847:116283-116556
contig_2847	486352	486472	intergenic	.	contig_2847:486352-486472
contig_2847	835889	836076	gene,mRNA	.	contig_2847:835889-836076,contig_2847:835889-836076
contig_2847	859859	859930	gene,mRNA	.	contig_2847:859859-859930,contig_2847:859859-859930
contig_2851	323683	323947	gene,mRNA	.	contig_2851:323683-323947,contig_2851:323683-323947
contig_2852	374970	375138	intergenic	.	contig_2852:374970-375138
contig_2852	375916	376105	intergenic	.	contig_2852:375916-376105
contig_2852	483668	483789	intergenic	.	contig_2852:483668-483789
contig_2852	512444	512568	intergenic	.	contig_2852:512444-512568
contig_28548	451483	451646	intergenic	.	contig_28548:451483-451646
contig_28570	116711	116780	intergenic	.	contig_28570:116711-116780
contig_28631	289235	289414	gene,mRNA	.	contig_28631:289235-289414,contig_28631:289235-289414
contig_2867	116491	116629	intergenic	.	contig_2867:116491-116629
contig_2867	1053923	1054448	gene,mRNA	.	contig_2867:1053923-1054448,contig_2867:1053923-1054448
contig_28678	119176	119241	intergenic	.	contig_28678:119176-119241
contig_28678	234280	234633	intergenic	.	contig_28678:234280-234633
contig_28678	269203	269552	intergenic	.	contig_28678:269203-269552
contig_28683	99638	99708	intergenic	.	contig_28683:99638-99708
contig_28683	223116	223372	intergenic	.	contig_28683:223116-223372
contig_28683	384930	385111	intergenic	.	contig_28683:384930-385111
contig_28683	456192	456305	intergenic	.	contig_28683:456192-456305
contig_28719	48196	48357	intergenic	.	contig_28719:48196-48357
contig_28738	80030	80088	intergenic	.	contig_28738:80030-80088
contig_28738	337051	337304	intergenic	.	contig_28738:337051-337304
contig_28752	118879	119056	intergenic	.	contig_28752:118879-119056
contig_2877	73384	73454	intergenic	.	contig_2877:73384-73454
contig_28804	4207	4512	intergenic	.	contig_28804:4207-4512
contig_28804	288657	289058	intergenic	.	contig_28804:288657-289058
contig_28804	599561	600058	gene,mRNA	.	contig_28804:599561-600058,contig_28804:599561-600058
contig_28804	1324026	1324106	intergenic	.	contig_28804:1324026-1324106
contig_28804	1326648	1327039	intergenic	.	contig_28804:1326648-1327039
contig_28804	1469502	1469610	intergenic	.	contig_28804:1469502-1469610
contig_28866	3996	4547	intergenic	.	contig_28866:3996-4547
contig_28922	19823	20082	intergenic	.	contig_28922:19823-20082
contig_28965	13248	13878	intergenic	.	contig_28965:13248-13878
contig_28965	14418	14559	intergenic	.	contig_28965:14418-14559
contig_28974	63098	63168	intergenic	.	contig_28974:63098-63168
contig_28974	201043	201158	intergenic	.	contig_28974:201043-201158
contig_28998	43867	43972	gene,mRNA	.	contig_28998:43867-43972,contig_28998:43867-43972
contig_29037	1976	2046	intergenic	.	contig_29037:1976-2046
contig_29049	79756	79924	intergenic	.	contig_29049:79756-79924
contig_29049	80761	80813	intergenic	.	contig_29049:80761-80813
contig_29109	171843	171925	gene,mRNA	.	contig_29109:171843-171925,contig_29109:171843-171925
contig_29109	328461	328721	gene,mRNA	.	contig_29109:328461-328721,contig_29109:328461-328721
contig_29109	820509	820593	intergenic	.	contig_29109:820509-820593
contig_29121	46257	46289	gene,mRNA	.	contig_29121:46257-46289,contig_29121:46257-46289
contig_29121	286057	286201	intergenic	.	contig_29121:286057-286201
contig_29121	1399779	1400084	gene,mRNA	.	contig_29121:1399779-1400084,contig_29121:1399779-1400084
contig_29121	1524420	1524645	intergenic	.	contig_29121:1524420-1524645
contig_29121	1524981	1525067	intergenic	.	contig_29121:1524981-1525067
contig_29234	476801	477010	intergenic	.	contig_29234:476801-477010
contig_29234	477072	477114	intergenic	.	contig_29234:477072-477114
contig_2924	393389	393472	intergenic	.	contig_2924:393389-393472
contig_29241	250	431	intergenic	.	contig_29241:250-431
contig_29241	174534	174746	intergenic	.	contig_29241:174534-174746
contig_29241	175257	175327	intergenic	.	contig_29241:175257-175327
contig_2928	285332	285392	intergenic	.	contig_2928:285332-285392
contig_2928	285559	285628	intergenic	.	contig_2928:285559-285628
contig_2928	285704	285770	intergenic	.	contig_2928:285704-285770
contig_2928	287515	287700	intergenic	.	contig_2928:287515-287700
contig_2928	833514	833544	intergenic	.	contig_2928:833514-833544
contig_2928	841798	842305	intergenic	.	contig_2928:841798-842305
contig_2928	857846	857878	intergenic	.	contig_2928:857846-857878
contig_2928	1220285	1220431	intergenic	.	contig_2928:1220285-1220431
contig_2928	1287027	1287118	intergenic	.	contig_2928:1287027-1287118
contig_2928	2234292	2234443	intergenic	.	contig_2928:2234292-2234443
contig_2928	2388135	2388521	intergenic	.	contig_2928:2388135-2388521
contig_29318	44928	45084	intergenic	.	contig_29318:44928-45084
contig_29320	36457	36543	intergenic	.	contig_29320:36457-36543
contig_29324	211781	212045	intergenic	.	contig_29324:211781-212045
contig_29324	477062	477157	intergenic	.	contig_29324:477062-477157
contig_29324	477210	477471	intergenic	.	contig_29324:477210-477471
contig_29324	521905	522195	intergenic	.	contig_29324:521905-522195
contig_29324	641617	641728	intergenic	.	contig_29324:641617-641728
contig_29324	688888	688938	intergenic	.	contig_29324:688888-688938
contig_2938	910074	910301	intergenic	.	contig_2938:910074-910301
contig_29409	96659	96930	gene,mRNA	.	contig_29409:96659-96930,contig_29409:96659-96930
contig_29409	149683	149767	gene,mRNA	.	contig_29409:149683-149767,contig_29409:149683-149767
contig_29409	150002	150213	gene,mRNA	.	contig_29409:150002-150213,contig_29409:150002-150213
contig_29420	5943	6087	intergenic	.	contig_29420:5943-6087
contig_2947	105668	105837	intergenic	.	contig_2947:105668-105837
contig_2947	155332	155819	intergenic	.	contig_2947:155332-155819
contig_2947	173188	173489	intergenic	.	contig_2947:173188-173489
contig_29603	17465	17525	intergenic	.	contig_29603:17465-17525
contig_29648	33784	34014	gene,mRNA	.	contig_29648:33784-34014,contig_29648:33784-34014
contig_2968	813077	813308	intergenic	.	contig_2968:813077-813308
contig_2968	947046	947294	intergenic	.	contig_2968:947046-947294
contig_2968	947861	947900	intergenic	.	contig_2968:947861-947900
contig_2968	1443353	1443579	intergenic	.	contig_2968:1443353-1443579
contig_2968	2376844	2377181	intergenic	.	contig_2968:2376844-2377181
contig_2968	2967115	2967379	intergenic	.	contig_2968:2967115-2967379
contig_2968	3111476	3111636	intergenic	.	contig_2968:3111476-3111636
contig_2968	3145104	3145150	intergenic	.	contig_2968:3145104-3145150
contig_2968	3205342	3205650	intergenic	.	contig_2968:3205342-3205650
contig_2968	3861680	3861927	gene,mRNA	.	contig_2968:3861680-3861927,contig_2968:3861680-3861927
contig_2968	4174729	4174858	intergenic	.	contig_2968:4174729-4174858
contig_2968	4174915	4174973	intergenic	.	contig_2968:4174915-4174973
contig_29727	145510	145719	gene,mRNA	.	contig_29727:145510-145719,contig_29727:145510-145719
contig_29727	146431	146516	gene,mRNA	.	contig_29727:146431-146516,contig_29727:146431-146516
contig_29727	266997	267299	gene,mRNA	.	contig_29727:266997-267299,contig_29727:266997-267299
contig_29727	334210	334687	gene,mRNA	.	contig_29727:334210-334687,contig_29727:334210-334687
contig_29734	33305	33541	intergenic	.	contig_29734:33305-33541
contig_29749	275438	275563	intergenic	.	contig_29749:275438-275563
contig_29749	537999	538237	intergenic	.	contig_29749:537999-538237
contig_29764	81996	82239	intergenic	.	contig_29764:81996-82239
contig_29862	115842	116012	gene,mRNA	.	contig_29862:115842-116012,contig_29862:115842-116012
contig_29862	190927	191005	intergenic	.	contig_29862:190927-191005
contig_29927	135321	135781	intergenic	.	contig_29927:135321-135781
contig_29927	135878	136319	intergenic	.	contig_29927:135878-136319
contig_2994	229914	229998	intergenic	.	contig_2994:229914-229998
contig_2994	230390	230647	intergenic	.	contig_2994:230390-230647
contig_2994	246385	246474	intergenic	.	contig_2994:246385-246474
contig_2994	270402	270505	intergenic	.	contig_2994:270402-270505
contig_29943	78111	78440	intergenic	.	contig_29943:78111-78440
contig_29962	195239	195381	intergenic	.	contig_29962:195239-195381
contig_29997	29230	29461	gene,mRNA	.	contig_29997:29230-29461,contig_29997:29230-29461
contig_3	66384	66782	intergenic	.	contig_3:66384-66782
contig_3	229573	229761	intergenic	.	contig_3:229573-229761
contig_3	378928	379288	intergenic	.	contig_3:378928-379288
contig_3	705629	706208	intergenic	.	contig_3:705629-706208
contig_30002	158279	158454	gene,mRNA	.	contig_30002:158279-158454,contig_30002:158279-158454
contig_30038	132862	132994	intergenic	.	contig_30038:132862-132994
contig_30054	171624	171818	intergenic	.	contig_30054:171624-171818
contig_30151	159851	160019	intergenic	.	contig_30151:159851-160019
contig_30188	29607	29637	intergenic	.	contig_30188:29607-29637
contig_30215	283346	283407	gene,mRNA	.	contig_30215:283346-283407,contig_30215:283346-283407
contig_3025	255694	255993	intergenic	.	contig_3025:255694-255993
contig_3025	469102	469155	gene,mRNA	.	contig_3025:469102-469155,contig_3025:469102-469155
contig_3025	560076	560192	intergenic	.	contig_3025:560076-560192
contig_3025	1116166	1116389	gene,mRNA	.	contig_3025:1116166-1116389,contig_3025:1116166-1116389
contig_3025	1206166	1206256	intergenic	.	contig_3025:1206166-1206256
contig_3025	1232767	1232951	gene,mRNA	.	contig_3025:1232767-1232951,contig_3025:1232767-1232951
contig_30290	30865	31035	intergenic	.	contig_30290:30865-31035
contig_30290	98046	98151	intergenic	.	contig_30290:98046-98151
contig_30348	250842	251018	intergenic	.	contig_30348:250842-251018
contig_30408	57431	57483	intergenic	.	contig_30408:57431-57483
contig_30449	18563	18912	intergenic	.	contig_30449:18563-18912
contig_30475	292255	292428	intergenic	.	contig_30475:292255-292428
contig_30475	535026	535170	intergenic	.	contig_30475:535026-535170
contig_30475	630102	630374	exon,CDS,stop_codon,gene,mRNA	.	contig_30475:630102-630374,contig_30475:630102-630374,contig_30475:630102-630374,contig_30475:630102-630374,contig_30475:630102-630374
contig_30476	61885	62272	gene,mRNA	.	contig_30476:61885-62272,contig_30476:61885-62272
contig_30524	43096	43141	intergenic	.	contig_30524:43096-43141
contig_30524	117898	117991	intergenic	.	contig_30524:117898-117991
contig_30524	118718	118768	intergenic	.	contig_30524:118718-118768
contig_30524	174850	175098	intergenic	.	contig_30524:174850-175098
contig_30524	175236	175295	intergenic	.	contig_30524:175236-175295
contig_30547	77777	77908	intergenic	.	contig_30547:77777-77908
contig_30557	531653	532294	intergenic	.	contig_30557:531653-532294
contig_30610	147721	147994	intergenic	.	contig_30610:147721-147994
contig_3066	894932	895044	intergenic	.	contig_3066:894932-895044
contig_30687	70643	70744	intergenic	.	contig_30687:70643-70744
contig_30734	319669	319877	intergenic	.	contig_30734:319669-319877
contig_30873	791	977	intergenic	.	contig_30873:791-977
contig_30941	120700	120810	intergenic	.	contig_30941:120700-120810
contig_3105	300476	300657	intergenic	.	contig_3105:300476-300657
contig_3105	378702	378801	intergenic	.	contig_3105:378702-378801
contig_3105	515252	515391	intergenic	.	contig_3105:515252-515391
contig_31192	153932	154018	intergenic	.	contig_31192:153932-154018
contig_31192	416247	416378	intergenic	.	contig_31192:416247-416378
contig_31192	434828	435028	gene,mRNA	.	contig_31192:434828-435028,contig_31192:434828-435028
contig_31218	15591	15773	intergenic	.	contig_31218:15591-15773
contig_31303	34199	34363	gene,mRNA	.	contig_31303:34199-34363,contig_31303:34199-34363
contig_31303	42082	42154	intergenic	.	contig_31303:42082-42154
contig_31303	42207	42320	intergenic	.	contig_31303:42207-42320
contig_31303	236713	236936	intergenic	.	contig_31303:236713-236936
contig_31361	382835	382955	intergenic	.	contig_31361:382835-382955
contig_31361	616128	616319	intergenic	.	contig_31361:616128-616319
contig_3140	31590	31740	intergenic	.	contig_3140:31590-31740
contig_3140	48876	49054	intergenic	.	contig_3140:48876-49054
contig_31407	324834	325009	intergenic	.	contig_31407:324834-325009
contig_31507	35877	36094	intergenic	.	contig_31507:35877-36094
contig_31507	156316	156527	intergenic	.	contig_31507:156316-156527
contig_31559	348574	348618	intergenic	.	contig_31559:348574-348618
contig_31591	36989	37154	intergenic	.	contig_31591:36989-37154
contig_31735	328315	328380	intergenic	.	contig_31735:328315-328380
contig_31735	491273	491444	intergenic	.	contig_31735:491273-491444
contig_31735	492047	492148	intergenic	.	contig_31735:492047-492148
contig_3181	332310	332402	intergenic	.	contig_3181:332310-332402
contig_3181	332541	332618	intergenic	.	contig_3181:332541-332618
contig_3183	122278	122548	intergenic	.	contig_3183:122278-122548
contig_3183	276323	276498	intergenic	.	contig_3183:276323-276498
contig_3184	139590	140070	intergenic	.	contig_3184:139590-140070
contig_3184	152455	152755	gene,mRNA	.	contig_3184:152455-152755,contig_3184:152455-152755
contig_3184	152994	153079	gene,mRNA	.	contig_3184:152994-153079,contig_3184:152994-153079
contig_3184	153130	153273	gene,mRNA	.	contig_3184:153130-153273,contig_3184:153130-153273
contig_3184	232078	232503	intergenic	.	contig_3184:232078-232503
contig_3185	79273	79415	intergenic	.	contig_3185:79273-79415
contig_3185	1182124	1182413	gene,mRNA	.	contig_3185:1182124-1182413,contig_3185:1182124-1182413
contig_3185	1182681	1182823	gene,mRNA	.	contig_3185:1182681-1182823,contig_3185:1182681-1182823
contig_3185	2992279	2992438	intergenic	.	contig_3185:2992279-2992438
contig_3185	3202359	3202481	intergenic	.	contig_3185:3202359-3202481
contig_3186	438712	439024	gene,mRNA	.	contig_3186:438712-439024,contig_3186:438712-439024
contig_3186	542260	542331	intergenic	.	contig_3186:542260-542331
contig_31868	197818	197858	intergenic	.	contig_31868:197818-197858
contig_31868	198194	198314	intergenic	.	contig_31868:198194-198314
contig_31868	368275	368305	gene,mRNA	.	contig_31868:368275-368305,contig_31868:368275-368305
contig_31868	384898	385003	intergenic	.	contig_31868:384898-385003
contig_31868	385175	385280	intergenic	.	contig_31868:385175-385280
contig_31868	547194	547364	intergenic	.	contig_31868:547194-547364
contig_31868	560541	560638	intergenic	.	contig_31868:560541-560638
contig_31868	685277	685557	intergenic	.	contig_31868:685277-685557
contig_31868	957552	957640	intergenic	.	contig_31868:957552-957640
contig_31868	1215010	1215467	intergenic	.	contig_31868:1215010-1215467
contig_31894	14021	14311	intergenic	.	contig_31894:14021-14311
contig_31894	81887	82097	intergenic	.	contig_31894:81887-82097
contig_31894	93128	93410	gene,mRNA	.	contig_31894:93128-93410,contig_31894:93128-93410
contig_31911	16640	16793	intergenic	.	contig_31911:16640-16793
contig_31911	342548	342758	intergenic	.	contig_31911:342548-342758
contig_31929	71978	72358	intergenic	.	contig_31929:71978-72358
contig_31932	172412	172777	exon,CDS,gene,mRNA	.	contig_31932:172412-172777,contig_31932:172412-172777,contig_31932:172412-172777,contig_31932:172412-172777
contig_31932	337381	337554	intergenic	.	contig_31932:337381-337554
contig_31932	448441	448631	intergenic	.	contig_31932:448441-448631
contig_31932	561857	561940	intergenic	.	contig_31932:561857-561940
contig_31985	31382	31498	intergenic	.	contig_31985:31382-31498
contig_32000	863197	863341	intergenic	.	contig_32000:863197-863341
contig_32000	1119489	1119696	gene,mRNA	.	contig_32000:1119489-1119696,contig_32000:1119489-1119696
contig_32000	1551410	1551598	intergenic	.	contig_32000:1551410-1551598
contig_3202	15202	15295	gene,mRNA	.	contig_3202:15202-15295,contig_3202:15202-15295
contig_32048	51534	51681	intergenic	.	contig_32048:51534-51681
contig_32048	170816	171014	intergenic	.	contig_32048:170816-171014
contig_32048	170816	171041	gene,polyA_signal_sequence	.	contig_32048:170816-171041,contig_32048:170816-171041
contig_32048	212744	212825	exon,CDS,gene,mRNA	.	contig_32048:212744-212825,contig_32048:212744-212825,contig_32048:212744-212825,contig_32048:212744-212825
contig_32048	212887	213074	gene,mRNA	.	contig_32048:212887-213074,contig_32048:212887-213074
contig_32048	218638	218863	intergenic	.	contig_32048:218638-218863
contig_32067	38597	38932	intergenic	.	contig_32067:38597-38932
contig_32067	96687	96970	intergenic	.	contig_32067:96687-96970
contig_3209	140458	140523	gene,mRNA	.	contig_3209:140458-140523,contig_3209:140458-140523
contig_3209	140809	140933	gene,mRNA	.	contig_3209:140809-140933,contig_3209:140809-140933
contig_3209	381887	382120	intergenic	.	contig_3209:381887-382120
contig_3209	632650	632920	gene,mRNA	.	contig_3209:632650-632920,contig_3209:632650-632920
contig_3209	1251453	1251883	gene,mRNA	.	contig_3209:1251453-1251883,contig_3209:1251453-1251883
contig_3209	1338856	1339124	gene,mRNA	.	contig_3209:1338856-1339124,contig_3209:1338856-1339124
contig_3209	1342515	1342703	gene,mRNA	.	contig_3209:1342515-1342703,contig_3209:1342515-1342703
contig_3209	1342778	1342882	gene,mRNA	.	contig_3209:1342778-1342882,contig_3209:1342778-1342882
contig_3209	1603199	1603283	intergenic	.	contig_3209:1603199-1603283
contig_3209	1603574	1603720	intergenic	.	contig_3209:1603574-1603720
contig_3209	1808652	1808911	intergenic	.	contig_3209:1808652-1808911
contig_3209	2157586	2158032	intergenic	.	contig_3209:2157586-2158032
contig_3209	2249175	2249351	gene,mRNA	.	contig_3209:2249175-2249351,contig_3209:2249175-2249351
contig_3209	2331941	2332389	intergenic	.	contig_3209:2331941-2332389
contig_32131	26021	26269	intergenic	.	contig_32131:26021-26269
contig_3214	54135	54187	intergenic	.	contig_3214:54135-54187
contig_32156	128577	128821	intergenic	.	contig_32156:128577-128821
contig_3233	389649	389784	intergenic	.	contig_3233:389649-389784
contig_3233	449271	449451	intergenic	.	contig_3233:449271-449451
contig_32351	283349	283628	gene,mRNA	.	contig_32351:283349-283628,contig_32351:283349-283628
contig_32390	4549	4888	intergenic	.	contig_32390:4549-4888
contig_32405	88163	88435	intergenic	.	contig_32405:88163-88435
contig_32413	41091	41422	intergenic	.	contig_32413:41091-41422
contig_32413	52830	53116	intergenic	.	contig_32413:52830-53116
contig_32413	71358	71512	gene,mRNA	.	contig_32413:71358-71512,contig_32413:71358-71512
contig_32483	167806	168107	intergenic	.	contig_32483:167806-168107
contig_32483	170852	170978	intergenic	.	contig_32483:170852-170978
contig_32483	281378	281560	intergenic	.	contig_32483:281378-281560
contig_32483	651331	651740	intergenic	.	contig_32483:651331-651740
contig_32483	664871	664999	intergenic	.	contig_32483:664871-664999
contig_32483	707588	707664	intergenic	.	contig_32483:707588-707664
contig_32483	751709	751946	intergenic	.	contig_32483:751709-751946
contig_32483	805162	805311	intergenic	.	contig_32483:805162-805311
contig_32483	825146	825401	intergenic	.	contig_32483:825146-825401
contig_32509	37634	37676	intergenic	.	contig_32509:37634-37676
contig_32509	62679	62836	intergenic	.	contig_32509:62679-62836
contig_3258	1407491	1407964	intergenic	.	contig_3258:1407491-1407964
contig_3261	398216	398352	gene,mRNA	.	contig_3261:398216-398352,contig_3261:398216-398352
contig_3261	637271	637538	intergenic	.	contig_3261:637271-637538
contig_3261	2354156	2354338	intergenic	.	contig_3261:2354156-2354338
contig_3261	2585296	2585386	gene,mRNA	.	contig_3261:2585296-2585386,contig_3261:2585296-2585386
contig_3268	86406	86462	intergenic	.	contig_3268:86406-86462
contig_3269	420115	420242	intergenic	.	contig_3269:420115-420242
contig_3269	453740	453800	intergenic	.	contig_3269:453740-453800
contig_3269	502799	502902	intergenic	.	contig_3269:502799-502902
contig_3269	2003073	2003204	intergenic	.	contig_3269:2003073-2003204
contig_32759	111792	112037	intergenic	.	contig_32759:111792-112037
contig_32780	73726	73941	intergenic	.	contig_32780:73726-73941
contig_32788	29049	29254	intergenic	.	contig_32788:29049-29254
contig_3279	300175	300325	gene,mRNA	.	contig_3279:300175-300325,contig_3279:300175-300325
contig_3279	372833	372946	intergenic	.	contig_3279:372833-372946
contig_32794	49696	49898	intergenic	.	contig_32794:49696-49898
contig_32822	48006	48257	gene,mRNA	.	contig_32822:48006-48257,contig_32822:48006-48257
contig_32822	48661	48714	gene,mRNA	.	contig_32822:48661-48714,contig_32822:48661-48714
contig_32839	53054	53336	gene,mRNA	.	contig_32839:53054-53336,contig_32839:53054-53336
contig_3284	11741	11977	intergenic	.	contig_3284:11741-11977
contig_3291	1389	1613	intergenic	.	contig_3291:1389-1613
contig_3292	360575	360980	intergenic	.	contig_3292:360575-360980
contig_3292	462341	462405	intergenic	.	contig_3292:462341-462405
contig_32975	56092	56299	intergenic	.	contig_32975:56092-56299
contig_32975	90649	90698	intergenic	.	contig_32975:90649-90698
contig_32975	154862	155036	intergenic	.	contig_32975:154862-155036
contig_32975	240868	241149	intergenic	.	contig_32975:240868-241149
contig_32975	254209	255051	gene,mRNA	.	contig_32975:254209-255051,contig_32975:254209-255051
contig_32975	284161	284850	intergenic	.	contig_32975:284161-284850
contig_32975	295297	295453	intergenic	.	contig_32975:295297-295453
contig_32975	358971	359075	intergenic	.	contig_32975:358971-359075
contig_33008	23588	23673	intergenic	.	contig_33008:23588-23673
contig_33008	130151	130392	intergenic	.	contig_33008:130151-130392
contig_33016	52060	52119	intergenic	.	contig_33016:52060-52119
contig_33016	52509	52620	intergenic	.	contig_33016:52509-52620
contig_33016	53420	53493	intergenic	.	contig_33016:53420-53493
contig_33016	55494	55792	intergenic	.	contig_33016:55494-55792
contig_33016	68781	68859	intergenic	.	contig_33016:68781-68859
contig_33016	68922	68961	intergenic	.	contig_33016:68922-68961
contig_33016	69401	69652	intergenic	.	contig_33016:69401-69652
contig_33056	407970	408150	intergenic	.	contig_33056:407970-408150
contig_33119	209306	209367	intergenic	.	contig_33119:209306-209367
contig_33121	35037	35212	intergenic	.	contig_33121:35037-35212
contig_33181	43922	43963	intergenic	.	contig_33181:43922-43963
contig_33183	85701	85853	intergenic	.	contig_33183:85701-85853
contig_33186	62950	63332	intergenic	.	contig_33186:62950-63332
contig_33188	118194	118469	intergenic	.	contig_33188:118194-118469
contig_33188	349262	349591	intergenic	.	contig_33188:349262-349591
contig_33188	572218	572472	gene,mRNA	.	contig_33188:572218-572472,contig_33188:572218-572472
contig_33234	254808	254863	gene,mRNA	.	contig_33234:254808-254863,contig_33234:254808-254863
contig_33286	7917	8013	gene,mRNA	.	contig_33286:7917-8013,contig_33286:7917-8013
contig_33314	28628	28994	intergenic	.	contig_33314:28628-28994
contig_33323	50238	50369	intergenic	.	contig_33323:50238-50369
contig_3333	33695	33733	intergenic	.	contig_3333:33695-33733
contig_3333	373804	373891	intergenic	.	contig_3333:373804-373891
contig_3342	56551	56617	intergenic	.	contig_3342:56551-56617
contig_3342	65122	65470	intergenic	.	contig_3342:65122-65470
contig_3342	225808	225921	intergenic	.	contig_3342:225808-225921
contig_3342	225808	226291	polyA_signal_sequence,stop_codon,exon,CDS,gene,mRNA	.	contig_3342:225808-226291,contig_3342:225808-226291,contig_3342:225808-226291,contig_3342:225808-226291,contig_3342:225808-226291,contig_3342:225808-226291
contig_33559	64319	64548	intergenic	.	contig_33559:64319-64548
contig_33559	102750	102967	intergenic	.	contig_33559:102750-102967
contig_33559	103047	103083	intergenic	.	contig_33559:103047-103083
contig_33559	298450	298638	intergenic	.	contig_33559:298450-298638
contig_33559	341280	341447	intergenic	.	contig_33559:341280-341447
contig_33559	396325	396536	intergenic	.	contig_33559:396325-396536
contig_33585	146543	146627	intergenic	.	contig_33585:146543-146627
contig_33585	146950	147120	intergenic	.	contig_33585:146950-147120
contig_33585	147355	147493	intergenic	.	contig_33585:147355-147493
contig_33585	148559	148659	intergenic	.	contig_33585:148559-148659
contig_33600	1322	1382	intergenic	.	contig_33600:1322-1382
contig_33600	189889	190000	intergenic	.	contig_33600:189889-190000
contig_33600	226530	227037	gene,mRNA,exon,CDS,stop_codon,polyA_signal_sequence	.	contig_33600:226530-227037,contig_33600:226530-227037,contig_33600:226530-227037,contig_33600:226530-227037,contig_33600:226530-227037,contig_33600:226530-227037
contig_33600	227029	227037	intergenic	.	contig_33600:227029-227037
contig_33613	51898	52320	intergenic	.	contig_33613:51898-52320
contig_3374	403759	403860	gene,mRNA	.	contig_3374:403759-403860,contig_3374:403759-403860
contig_3374	419464	419498	intergenic	.	contig_3374:419464-419498
contig_3374	624377	624421	intergenic	.	contig_3374:624377-624421
contig_3374	624377	624592	gene,mRNA,start_codon,exon,CDS	.	contig_3374:624377-624592,contig_3374:624377-624592,contig_3374:624377-624592,contig_3374:624377-624592,contig_3374:624377-624592
contig_3374	749809	749968	intergenic	.	contig_3374:749809-749968
contig_3374	781626	782266	intergenic	.	contig_3374:781626-782266
contig_33768	348093	348195	intergenic	.	contig_33768:348093-348195
contig_3379	104624	104800	intergenic	.	contig_3379:104624-104800
contig_3379	851872	852052	gene,mRNA	.	contig_3379:851872-852052,contig_3379:851872-852052
contig_33793	178034	178579	intergenic	.	contig_33793:178034-178579
contig_33793	180338	180569	intergenic	.	contig_33793:180338-180569
contig_33797	2314	2460	intergenic	.	contig_33797:2314-2460
contig_33827	934819	934923	gene,mRNA	.	contig_33827:934819-934923,contig_33827:934819-934923
contig_33827	1271114	1271352	intergenic	.	contig_33827:1271114-1271352
contig_33827	1374497	1374569	intergenic	.	contig_33827:1374497-1374569
contig_33827	1587187	1587426	intergenic	.	contig_33827:1587187-1587426
contig_3387	81757	81919	intergenic	.	contig_3387:81757-81919
contig_3388	26894	27135	intergenic	.	contig_3388:26894-27135
contig_3396	53906	54014	intergenic	.	contig_3396:53906-54014
contig_3398	176872	177013	intergenic	.	contig_3398:176872-177013
contig_3406	107040	107172	intergenic	.	contig_3406:107040-107172
contig_3406	268067	268237	intergenic	.	contig_3406:268067-268237
contig_3406	449418	449567	intergenic	.	contig_3406:449418-449567
contig_3406	487315	487417	intergenic	.	contig_3406:487315-487417
contig_3406	573428	573577	intergenic	.	contig_3406:573428-573577
contig_3406	574019	574053	intergenic	.	contig_3406:574019-574053
contig_3406	574129	574259	intergenic	.	contig_3406:574129-574259
contig_3406	720237	720580	intergenic	.	contig_3406:720237-720580
contig_3406	724319	724540	intergenic	.	contig_3406:724319-724540
contig_3406	1374299	1374617	intergenic	.	contig_3406:1374299-1374617
contig_34107	42610	42963	gene,mRNA	.	contig_34107:42610-42963,contig_34107:42610-42963
contig_34107	698166	698257	intergenic	.	contig_34107:698166-698257
contig_34107	1056763	1056872	intergenic	.	contig_34107:1056763-1056872
contig_34107	1057138	1057194	intergenic	.	contig_34107:1057138-1057194
contig_34162	90187	90668	intergenic	.	contig_34162:90187-90668
contig_34162	90940	90974	intergenic	.	contig_34162:90940-90974
contig_34198	18353	18492	intergenic	.	contig_34198:18353-18492
contig_34310	26833	27017	intergenic	.	contig_34310:26833-27017
contig_34310	27465	27586	intergenic	.	contig_34310:27465-27586
contig_34356	34395	34506	intergenic	.	contig_34356:34395-34506
contig_3436	43370	43625	intergenic	.	contig_3436:43370-43625
contig_3436	541319	541604	gene,mRNA	.	contig_3436:541319-541604,contig_3436:541319-541604
contig_3436	781109	781556	intergenic	.	contig_3436:781109-781556
contig_3436	834662	834713	intergenic	.	contig_3436:834662-834713
contig_3436	1572555	1572670	intergenic	.	contig_3436:1572555-1572670
contig_3436	1948158	1948319	intergenic	.	contig_3436:1948158-1948319
contig_3436	1948463	1948611	intergenic	.	contig_3436:1948463-1948611
contig_3436	1950504	1950673	intergenic	.	contig_3436:1950504-1950673
contig_34387	340392	340488	gene,mRNA	.	contig_34387:340392-340488,contig_34387:340392-340488
contig_34450	213394	213681	intergenic	.	contig_34450:213394-213681
contig_34453	384255	384453	intergenic	.	contig_34453:384255-384453
contig_34453	384824	385005	intergenic	.	contig_34453:384824-385005
contig_3450	1602575	1602823	gene,mRNA	.	contig_3450:1602575-1602823,contig_3450:1602575-1602823
contig_3450	1602887	1603069	gene,mRNA	.	contig_3450:1602887-1603069,contig_3450:1602887-1603069
contig_34570	239621	240009	intergenic	.	contig_34570:239621-240009
contig_34570	716310	716487	gene,mRNA	.	contig_34570:716310-716487,contig_34570:716310-716487
contig_34570	1670424	1670818	intergenic	.	contig_34570:1670424-1670818
contig_34610	166672	167066	intergenic	.	contig_34610:166672-167066
contig_34745	132321	132809	intergenic	.	contig_34745:132321-132809
contig_34755	81870	82243	intergenic	.	contig_34755:81870-82243
contig_3479	127617	127699	gene,mRNA	.	contig_3479:127617-127699,contig_3479:127617-127699
contig_3479	244806	245049	gene,mRNA	.	contig_3479:244806-245049,contig_3479:244806-245049
contig_34826	193069	193199	intergenic	.	contig_34826:193069-193199
contig_34826	451527	452166	intergenic	.	contig_34826:451527-452166
contig_3485	8822	8976	intergenic	.	contig_3485:8822-8976
contig_3485	18781	18984	intergenic	.	contig_3485:18781-18984
contig_3485	45770	45874	intergenic	.	contig_3485:45770-45874
contig_3485	87512	87848	intergenic	.	contig_3485:87512-87848
contig_3487	86352	86491	intergenic	.	contig_3487:86352-86491
contig_3487	86754	86847	intergenic	.	contig_3487:86754-86847
contig_3487	126956	127218	intergenic	.	contig_3487:126956-127218
contig_3488	330441	330724	gene,mRNA,exon,CDS	.	contig_3488:330441-330724,contig_3488:330441-330724,contig_3488:330441-330724,contig_3488:330441-330724
contig_34900	199849	200033	intergenic	.	contig_34900:199849-200033
contig_34900	200210	200277	intergenic	.	contig_34900:200210-200277
contig_34900	308303	308445	gene,mRNA	.	contig_34900:308303-308445,contig_34900:308303-308445
contig_3496	239588	239663	intergenic	.	contig_3496:239588-239663
contig_3500	88572	88691	intergenic	.	contig_3500:88572-88691
contig_3507	20688	20831	gene,mRNA	.	contig_3507:20688-20831,contig_3507:20688-20831
contig_3507	130263	130430	intergenic	.	contig_3507:130263-130430
contig_3507	140450	140641	intergenic	.	contig_3507:140450-140641
contig_3507	144612	144670	intergenic	.	contig_3507:144612-144670
contig_3507	649610	649885	intergenic	.	contig_3507:649610-649885
contig_3516	257021	257074	intergenic	.	contig_3516:257021-257074
contig_3516	257232	257315	intergenic	.	contig_3516:257232-257315
contig_35164	83158	83211	intergenic	.	contig_35164:83158-83211
contig_35191	31608	31758	gene,mRNA	.	contig_35191:31608-31758,contig_35191:31608-31758
contig_3520	93269	93359	intergenic	.	contig_3520:93269-93359
contig_3520	374609	374799	intergenic	.	contig_3520:374609-374799
contig_3520	495779	495885	intergenic	.	contig_3520:495779-495885
contig_35205	64834	65054	intergenic	.	contig_35205:64834-65054
contig_35219	65886	66220	intergenic	.	contig_35219:65886-66220
contig_35219	67122	67226	intergenic	.	contig_35219:67122-67226
contig_35219	333691	333863	intergenic	.	contig_35219:333691-333863
contig_35224	117877	118066	intergenic	.	contig_35224:117877-118066
contig_35224	230046	230265	exon,CDS,gene,mRNA	.	contig_35224:230046-230265,contig_35224:230046-230265,contig_35224:230046-230265,contig_35224:230046-230265
contig_35224	435757	436241	gene,mRNA	.	contig_35224:435757-436241,contig_35224:435757-436241
contig_35224	885522	885895	intergenic	.	contig_35224:885522-885895
contig_3525	380	470	intergenic	.	contig_3525:380-470
contig_35297	20542	20617	intergenic	.	contig_35297:20542-20617
contig_3534	2099735	2099849	gene,mRNA	.	contig_3534:2099735-2099849,contig_3534:2099735-2099849
contig_3534	2107352	2107630	gene,mRNA	.	contig_3534:2107352-2107630,contig_3534:2107352-2107630
contig_3534	2333244	2333453	intergenic	.	contig_3534:2333244-2333453
contig_3534	2558270	2558418	intergenic	.	contig_3534:2558270-2558418
contig_35387	4824	5169	intergenic	.	contig_35387:4824-5169
contig_35399	132146	132362	intergenic	.	contig_35399:132146-132362
contig_354	407894	408056	intergenic	.	contig_354:407894-408056
contig_354	419945	420043	intergenic	.	contig_354:419945-420043
contig_35407	233815	233994	intergenic	.	contig_35407:233815-233994
contig_35409	13825	13959	intergenic	.	contig_35409:13825-13959
contig_35413	343775	343933	intergenic	.	contig_35413:343775-343933
contig_35415	41105	41274	intergenic	.	contig_35415:41105-41274
contig_35415	74612	75171	intergenic	.	contig_35415:74612-75171
contig_35419	72923	73023	exon,CDS,gene,mRNA	.	contig_35419:72923-73023,contig_35419:72923-73023,contig_35419:72923-73023,contig_35419:72923-73023
contig_35422	412901	413188	intergenic	.	contig_35422:412901-413188
contig_3543	333468	333791	intergenic	.	contig_3543:333468-333791
contig_35434	92307	92400	intergenic	.	contig_35434:92307-92400
contig_35434	92507	92806	intergenic	.	contig_35434:92507-92806
contig_35434	92872	93033	intergenic	.	contig_35434:92872-93033
contig_35434	93666	93766	intergenic	.	contig_35434:93666-93766
contig_35434	249744	249868	intergenic	.	contig_35434:249744-249868
contig_35434	268357	268642	intergenic	.	contig_35434:268357-268642
contig_35439	12738	12910	gene,mRNA	.	contig_35439:12738-12910,contig_35439:12738-12910
contig_35475	253681	253847	intergenic	.	contig_35475:253681-253847
contig_35479	190436	190552	intergenic	.	contig_35479:190436-190552
contig_35479	198910	198970	intergenic	.	contig_35479:198910-198970
contig_35495	3592	3750	intergenic	.	contig_35495:3592-3750
contig_35509	238753	238853	intergenic	.	contig_35509:238753-238853
contig_35524	445327	445394	intergenic	.	contig_35524:445327-445394
contig_35542	56197	56320	intergenic	.	contig_35542:56197-56320
contig_35542	56850	57114	intergenic	.	contig_35542:56850-57114
contig_35542	166217	166347	intergenic	.	contig_35542:166217-166347
contig_35542	204979	205186	intergenic	.	contig_35542:204979-205186
contig_35549	83842	83903	intergenic	.	contig_35549:83842-83903
contig_35560	855612	855712	intergenic	.	contig_35560:855612-855712
contig_35589	11973	12073	intergenic	.	contig_35589:11973-12073
contig_35589	12414	12508	intergenic	.	contig_35589:12414-12508
contig_35591	22965	23073	intergenic	.	contig_35591:22965-23073
contig_35614	21841	21947	intergenic	.	contig_35614:21841-21947
contig_3562	172330	172593	intergenic	.	contig_3562:172330-172593
contig_3562	228138	228212	intergenic	.	contig_3562:228138-228212
contig_35627	138613	139074	intergenic	.	contig_35627:138613-139074
contig_35645	120272	120373	intergenic	.	contig_35645:120272-120373
contig_35646	122249	122405	intergenic	.	contig_35646:122249-122405
contig_35646	522986	523211	intergenic	.	contig_35646:522986-523211
contig_35646	540675	540818	intergenic	.	contig_35646:540675-540818
contig_35646	776098	776198	gene	.	contig_35646:776098-776198
contig_35646	777929	778029	gene,mRNA,exon,CDS	.	contig_35646:777929-778029,contig_35646:777929-778029,contig_35646:777929-778029,contig_35646:777929-778029
contig_35673	44797	45023	intergenic	.	contig_35673:44797-45023
contig_35682	18699	18835	intergenic	.	contig_35682:18699-18835
contig_35682	136962	137382	intergenic	.	contig_35682:136962-137382
contig_35682	439955	440102	intergenic	.	contig_35682:439955-440102
contig_35686	159986	160079	intergenic	.	contig_35686:159986-160079
contig_35692	242189	242280	gene,mRNA	.	contig_35692:242189-242280,contig_35692:242189-242280
contig_35702	52459	52504	intergenic	.	contig_35702:52459-52504
contig_35702	77567	77802	intergenic	.	contig_35702:77567-77802
contig_35702	536470	536642	gene,mRNA	.	contig_35702:536470-536642,contig_35702:536470-536642
contig_3571	216642	216679	intergenic	.	contig_3571:216642-216679
contig_3571	419368	419594	intergenic	.	contig_3571:419368-419594
contig_35716	2277	2365	intergenic	.	contig_35716:2277-2365
contig_35716	22079	22411	intergenic	.	contig_35716:22079-22411
contig_35716	204549	204774	gene,mRNA,gene,mRNA	.	contig_35716:204549-204774,contig_35716:204549-204774,contig_35716:204549-204774,contig_35716:204549-204774
contig_35739	7274	7528	intergenic	.	contig_35739:7274-7528
contig_35739	14591	14881	intergenic	.	contig_35739:14591-14881
contig_3576	685527	685650	intergenic	.	contig_3576:685527-685650
contig_3576	1221036	1221110	intergenic	.	contig_3576:1221036-1221110
contig_3576	1814527	1814738	intergenic	.	contig_3576:1814527-1814738
contig_35777	106830	106906	intergenic	.	contig_35777:106830-106906
contig_35777	320657	320858	intergenic	.	contig_35777:320657-320858
contig_35786	157744	157802	intergenic	.	contig_35786:157744-157802
contig_35786	196655	196862	intergenic	.	contig_35786:196655-196862
contig_35809	55393	55428	intergenic	.	contig_35809:55393-55428
contig_35822	119018	119122	intergenic	.	contig_35822:119018-119122
contig_35825	78318	78873	intergenic	.	contig_35825:78318-78873
contig_35831	180477	180623	intergenic	.	contig_35831:180477-180623
contig_3584	102042	102274	intergenic	.	contig_3584:102042-102274
contig_3584	228340	228402	gene,mRNA	.	contig_3584:228340-228402,contig_3584:228340-228402
contig_35843	5628	5993	intergenic	.	contig_35843:5628-5993
contig_35843	55470	55529	intergenic	.	contig_35843:55470-55529
contig_35843	63324	63815	intergenic	.	contig_35843:63324-63815
contig_35882	34430	34460	intergenic	.	contig_35882:34430-34460
contig_35883	134540	134777	intergenic	.	contig_35883:134540-134777
contig_35899	229979	230084	intergenic	.	contig_35899:229979-230084
contig_35902	129708	129812	intergenic	.	contig_35902:129708-129812
contig_35902	173294	173393	intergenic	.	contig_35902:173294-173393
contig_35902	173483	173692	intergenic	.	contig_35902:173483-173692
contig_35902	202470	202671	intergenic	.	contig_35902:202470-202671
contig_35902	326526	326730	intergenic	.	contig_35902:326526-326730
contig_35904	139578	139722	intergenic	.	contig_35904:139578-139722
contig_35904	255942	256064	intergenic	.	contig_35904:255942-256064
contig_35916	161221	161428	intergenic	.	contig_35916:161221-161428
contig_3593	432466	432701	intergenic	.	contig_3593:432466-432701
contig_35933	226069	226109	intergenic	.	contig_35933:226069-226109
contig_35933	226489	226697	intergenic	.	contig_35933:226489-226697
contig_35946_part2	243421	243530	intergenic	.	contig_35946_part2:243421-243530
contig_35946_part2	244597	244702	intergenic	.	contig_35946_part2:244597-244702
contig_35946_part2	668813	668928	intergenic	.	contig_35946_part2:668813-668928
contig_35946_part2	685652	685769	intergenic	.	contig_35946_part2:685652-685769
contig_35946_part2	685907	685985	intergenic	.	contig_35946_part2:685907-685985
contig_35946_part2	869374	869462	intergenic	.	contig_35946_part2:869374-869462
contig_35946_part2	869547	869946	intergenic	.	contig_35946_part2:869547-869946
contig_35946_part2	1007199	1007256	gene,mRNA	.	contig_35946_part2:1007199-1007256,contig_35946_part2:1007199-1007256
contig_35946_part2	1053842	1053961	gene,mRNA	.	contig_35946_part2:1053842-1053961,contig_35946_part2:1053842-1053961
contig_35946_part2	1058116	1058353	gene,mRNA	.	contig_35946_part2:1058116-1058353,contig_35946_part2:1058116-1058353
contig_35946_part2	1059741	1059868	gene,mRNA	.	contig_35946_part2:1059741-1059868,contig_35946_part2:1059741-1059868
contig_35946_part2	1060101	1060247	gene,mRNA	.	contig_35946_part2:1060101-1060247,contig_35946_part2:1060101-1060247
contig_35946_part2	1192232	1192455	intergenic	.	contig_35946_part2:1192232-1192455
contig_35955	33705	33770	intergenic	.	contig_35955:33705-33770
contig_35955	285032	285102	intergenic	.	contig_35955:285032-285102
contig_35955	395969	396233	intergenic	.	contig_35955:395969-396233
contig_3596	68811	68947	intergenic	.	contig_3596:68811-68947
contig_3596	109738	109911	intergenic	.	contig_3596:109738-109911
contig_3596	109992	110486	intergenic	.	contig_3596:109992-110486
contig_3596	111572	111703	intergenic	.	contig_3596:111572-111703
contig_3596	697325	697477	intergenic	.	contig_3596:697325-697477
contig_35966	208491	208551	intergenic	.	contig_35966:208491-208551
contig_35989	340886	341095	gene,mRNA	.	contig_35989:340886-341095,contig_35989:340886-341095
contig_36006	458240	458585	gene,mRNA	.	contig_36006:458240-458585,contig_36006:458240-458585
contig_3601	214482	214555	gene,mRNA	.	contig_3601:214482-214555,contig_3601:214482-214555
contig_3601	2342764	2342799	intergenic	.	contig_3601:2342764-2342799
contig_3601	2343543	2343908	intergenic	.	contig_3601:2343543-2343908
contig_36021	68472	68671	intergenic	.	contig_36021:68472-68671
contig_36023	80686	80987	gene,mRNA	.	contig_36023:80686-80987,contig_36023:80686-80987
contig_36057	27473	27629	intergenic	.	contig_36057:27473-27629
contig_36057	59810	59901	intergenic	.	contig_36057:59810-59901
contig_36057	64132	64287	intergenic	.	contig_36057:64132-64287
contig_36057	64860	64958	intergenic	.	contig_36057:64860-64958
contig_36057	249762	249868	intergenic	.	contig_36057:249762-249868
contig_36057	371880	371972	intergenic	.	contig_36057:371880-371972
contig_36057	475218	475466	intergenic	.	contig_36057:475218-475466
contig_36075	142673	142939	intergenic	.	contig_36075:142673-142939
contig_36075	176704	176912	gene,mRNA	.	contig_36075:176704-176912,contig_36075:176704-176912
contig_36089	83434	83595	intergenic	.	contig_36089:83434-83595
contig_36089	86047	86088	intergenic	.	contig_36089:86047-86088
contig_3611	711613	711773	intergenic	.	contig_3611:711613-711773
contig_3611	1133967	1134420	intergenic	.	contig_3611:1133967-1134420
contig_3611	1234185	1234270	intergenic	.	contig_3611:1234185-1234270
contig_3611	1249822	1250061	intergenic	.	contig_3611:1249822-1250061
contig_3611	1357031	1357102	intergenic	.	contig_3611:1357031-1357102
contig_36110	8455	8513	intergenic	.	contig_36110:8455-8513
contig_36149	190847	190972	intergenic	.	contig_36149:190847-190972
contig_3616	29484	29629	intergenic	.	contig_3616:29484-29629
contig_3616	606899	607130	intergenic	.	contig_3616:606899-607130
contig_36160	80316	80491	intergenic	.	contig_36160:80316-80491
contig_36167	3215	3404	intergenic	.	contig_36167:3215-3404
contig_36181	361777	361877	intergenic	.	contig_36181:361777-361877
contig_362	1692147	1692197	intergenic	.	contig_362:1692147-1692197
contig_362	1707520	1707613	intergenic	.	contig_362:1707520-1707613
contig_362	2134626	2134873	intergenic	.	contig_362:2134626-2134873
contig_362	2248773	2248816	gene,mRNA	.	contig_362:2248773-2248816,contig_362:2248773-2248816
contig_362	3649922	3649957	gene,mRNA	.	contig_362:3649922-3649957,contig_362:3649922-3649957
contig_362	3751326	3751357	gene,mRNA	.	contig_362:3751326-3751357,contig_362:3751326-3751357
contig_362	4056863	4057047	gene,mRNA	.	contig_362:4056863-4057047,contig_362:4056863-4057047
contig_362	5453786	5453927	intergenic	.	contig_362:5453786-5453927
contig_36202	196092	196414	intergenic	.	contig_36202:196092-196414
contig_36202	196498	196572	intergenic	.	contig_36202:196498-196572
contig_36204	174548	174659	gene,mRNA	.	contig_36204:174548-174659,contig_36204:174548-174659
contig_3621	443541	443736	intergenic	.	contig_3621:443541-443736
contig_36211	58235	58328	gene,mRNA	.	contig_36211:58235-58328,contig_36211:58235-58328
contig_36211	58389	58515	gene,mRNA,exon,CDS	.	contig_36211:58389-58515,contig_36211:58389-58515,contig_36211:58389-58515,contig_36211:58389-58515
contig_36211	58567	58708	gene,mRNA,exon,CDS,start_codon	.	contig_36211:58567-58708,contig_36211:58567-58708,contig_36211:58567-58708,contig_36211:58567-58708,contig_36211:58567-58708
contig_36211	58697	58708	intergenic	.	contig_36211:58697-58708
contig_36211	59062	59233	intergenic	.	contig_36211:59062-59233
contig_36214	7436	7490	intergenic	.	contig_36214:7436-7490
contig_36214	52057	52301	intergenic	.	contig_36214:52057-52301
contig_36227	57473	57993	intergenic	.	contig_36227:57473-57993
contig_36249	261605	261692	intergenic	.	contig_36249:261605-261692
contig_36249	261771	261889	intergenic	.	contig_36249:261771-261889
contig_36251	72900	73037	intergenic	.	contig_36251:72900-73037
contig_36254	13300	13610	intergenic	.	contig_36254:13300-13610
contig_3626	65023	65247	intergenic	.	contig_3626:65023-65247
contig_3626	66196	66488	intergenic	.	contig_3626:66196-66488
contig_3626	87867	87939	intergenic	.	contig_3626:87867-87939
contig_3626	1045951	1046068	gene,mRNA	.	contig_3626:1045951-1046068,contig_3626:1045951-1046068
contig_3626	1167542	1167579	intergenic	.	contig_3626:1167542-1167579
contig_3626	1901699	1901740	intergenic	.	contig_3626:1901699-1901740
contig_3626	2624517	2624635	intergenic	.	contig_3626:2624517-2624635
contig_3626	2657270	2657500	intergenic	.	contig_3626:2657270-2657500
contig_3626	2657270	2657649	polyA_signal_sequence,stop_codon,exon,CDS,gene,mRNA	.	contig_3626:2657270-2657649,contig_3626:2657270-2657649,contig_3626:2657270-2657649,contig_3626:2657270-2657649,contig_3626:2657270-2657649,contig_3626:2657270-2657649
contig_3626	3509134	3509324	intergenic	.	contig_3626:3509134-3509324
contig_36266	33308	33385	intergenic	.	contig_36266:33308-33385
contig_36302	33753	33959	intergenic	.	contig_36302:33753-33959
contig_3631	294873	294917	gene,mRNA	.	contig_3631:294873-294917,contig_3631:294873-294917
contig_3631	294991	295258	gene,mRNA	.	contig_3631:294991-295258,contig_3631:294991-295258
contig_3631	588766	588905	intergenic	.	contig_3631:588766-588905
contig_3631	613759	614139	intergenic	.	contig_3631:613759-614139
contig_36325	27511	27828	intergenic	.	contig_36325:27511-27828
contig_36356	34342	34630	intergenic	.	contig_36356:34342-34630
contig_36356	38675	38741	intergenic	.	contig_36356:38675-38741
contig_36356	48895	49045	intergenic	.	contig_36356:48895-49045
contig_3644	267873	267982	intergenic	.	contig_3644:267873-267982
contig_3644	706041	706146	intergenic	.	contig_3644:706041-706146
contig_3644	809140	809222	intergenic	.	contig_3644:809140-809222
contig_3644	1462544	1462666	intergenic	.	contig_3644:1462544-1462666
contig_36450	6356	6616	gene,mRNA	.	contig_36450:6356-6616,contig_36450:6356-6616
contig_36477	121020	121127	intergenic	.	contig_36477:121020-121127
contig_36477	121020	121202	gene,polyA_signal_sequence,mRNA,stop_codon,exon,CDS	.	contig_36477:121020-121202,contig_36477:121020-121202,contig_36477:121020-121202,contig_36477:121020-121202,contig_36477:121020-121202,contig_36477:121020-121202
contig_36477	175449	175503	gene,mRNA	.	contig_36477:175449-175503,contig_36477:175449-175503
contig_36477	175779	176104	gene,mRNA	.	contig_36477:175779-176104,contig_36477:175779-176104
contig_36477	249576	249802	gene,mRNA	.	contig_36477:249576-249802,contig_36477:249576-249802
contig_36477	280748	280956	gene,mRNA	.	contig_36477:280748-280956,contig_36477:280748-280956
contig_36478	15642	15932	intergenic	.	contig_36478:15642-15932
contig_36485	241814	242246	intergenic	.	contig_36485:241814-242246
contig_36503	170605	170747	intergenic	.	contig_36503:170605-170747
contig_36503	206517	206801	intergenic	.	contig_36503:206517-206801
contig_36503	371521	371814	intergenic	.	contig_36503:371521-371814
contig_36513	61371	61503	intergenic	.	contig_36513:61371-61503
contig_36526	144019	144190	intergenic	.	contig_36526:144019-144190
contig_36550	36543	36644	intergenic	.	contig_36550:36543-36644
contig_36550	36696	36752	intergenic	.	contig_36550:36696-36752
contig_3657	389196	389263	intergenic	.	contig_3657:389196-389263
contig_3657	430970	431225	intergenic	.	contig_3657:430970-431225
contig_3657	813193	813342	gene,mRNA	.	contig_3657:813193-813342,contig_3657:813193-813342
contig_3657	856469	856652	intergenic	.	contig_3657:856469-856652
contig_3657	1285108	1285226	intergenic	.	contig_3657:1285108-1285226
contig_36582	280933	280978	exon,CDS,gene,mRNA	.	contig_36582:280933-280978,contig_36582:280933-280978,contig_36582:280933-280978,contig_36582:280933-280978
contig_36582	441251	441441	gene,mRNA	.	contig_36582:441251-441441,contig_36582:441251-441441
contig_36594	56312	56412	intergenic	.	contig_36594:56312-56412
contig_36594	56912	57012	gene,polyA_signal_sequence	.	contig_36594:56912-57012,contig_36594:56912-57012
contig_36594	56915	57012	intergenic	.	contig_36594:56915-57012
contig_36594	57913	58013	gene,mRNA,exon,CDS	.	contig_36594:57913-58013,contig_36594:57913-58013,contig_36594:57913-58013,contig_36594:57913-58013
contig_36594	89891	90130	intergenic	.	contig_36594:89891-90130
contig_36594	162362	162503	intergenic	.	contig_36594:162362-162503
contig_36595	71129	71291	intergenic	.	contig_36595:71129-71291
contig_36602	29735	29883	intergenic	.	contig_36602:29735-29883
contig_36602	55949	56000	intergenic	.	contig_36602:55949-56000
contig_36602	56108	56226	intergenic	.	contig_36602:56108-56226
contig_36618	40500	40702	gene,mRNA	.	contig_36618:40500-40702,contig_36618:40500-40702
contig_36639	87361	87448	intergenic	.	contig_36639:87361-87448
contig_36643	173157	173200	intergenic	.	contig_36643:173157-173200
contig_3667	132621	132662	intergenic	.	contig_3667:132621-132662
contig_36688	40093	40549	intergenic	.	contig_36688:40093-40549
contig_36688	71877	72032	intergenic	.	contig_36688:71877-72032
contig_36715	120446	120566	gene,mRNA	.	contig_36715:120446-120566,contig_36715:120446-120566
contig_36715	1362775	1362875	exon,CDS,gene,mRNA	.	contig_36715:1362775-1362875,contig_36715:1362775-1362875,contig_36715:1362775-1362875,contig_36715:1362775-1362875
contig_36715	1362985	1363081	exon,CDS,gene,mRNA	.	contig_36715:1362985-1363081,contig_36715:1362985-1363081,contig_36715:1362985-1363081,contig_36715:1362985-1363081
contig_36715	1363293	1363586	exon,CDS,gene,mRNA	.	contig_36715:1363293-1363586,contig_36715:1363293-1363586,contig_36715:1363293-1363586,contig_36715:1363293-1363586
contig_36719	31138	31360	gene,mRNA	.	contig_36719:31138-31360,contig_36719:31138-31360
contig_36742	225794	226008	intergenic	.	contig_36742:225794-226008
contig_36742	311279	311315	intergenic	.	contig_36742:311279-311315
contig_36742	311389	311537	intergenic	.	contig_36742:311389-311537
contig_36745	99638	99761	gene,mRNA	.	contig_36745:99638-99761,contig_36745:99638-99761
contig_36745	99875	99952	gene,mRNA	.	contig_36745:99875-99952,contig_36745:99875-99952
contig_36745	100033	100147	gene,mRNA	.	contig_36745:100033-100147,contig_36745:100033-100147
contig_36788	78753	78924	intergenic	.	contig_36788:78753-78924
contig_36788	118059	118381	intergenic	.	contig_36788:118059-118381
contig_36807	8510	8855	gene,mRNA,stop_codon,exon,CDS,start_codon	.	contig_36807:8510-8855,contig_36807:8510-8855,contig_36807:8510-8855,contig_36807:8510-8855,contig_36807:8510-8855,contig_36807:8510-8855
contig_36807	8736	8855	intergenic	.	contig_36807:8736-8855
contig_3681	7723	7912	intergenic	.	contig_3681:7723-7912
contig_36839	145509	145666	intergenic	.	contig_36839:145509-145666
contig_36839	384290	384457	intergenic	.	contig_36839:384290-384457
contig_36850	21685	21880	intergenic	.	contig_36850:21685-21880
contig_36850	189801	189940	intergenic	.	contig_36850:189801-189940
contig_36854	170069	170219	intergenic	.	contig_36854:170069-170219
contig_36891	168422	168707	gene,mRNA	.	contig_36891:168422-168707,contig_36891:168422-168707
contig_36895	46926	47142	intergenic	.	contig_36895:46926-47142
contig_36895	105357	105761	intergenic	.	contig_36895:105357-105761
contig_36895	160369	160589	intergenic	.	contig_36895:160369-160589
contig_36904	5385	5647	intergenic	.	contig_36904:5385-5647
contig_36918	31632	31791	intergenic	.	contig_36918:31632-31791
contig_36963	112335	112765	intergenic	.	contig_36963:112335-112765
contig_36964	70264	70314	intergenic	.	contig_36964:70264-70314
contig_36965	68511	68638	intergenic	.	contig_36965:68511-68638
contig_36990	252512	252656	intergenic	.	contig_36990:252512-252656
contig_36990	379322	379475	intergenic	.	contig_36990:379322-379475
contig_37057	72213	72435	intergenic	.	contig_37057:72213-72435
contig_37100	39111	39283	intergenic	.	contig_37100:39111-39283
contig_37100	39893	40046	intergenic	.	contig_37100:39893-40046
contig_37114	163518	163555	intergenic	.	contig_37114:163518-163555
contig_37114	163672	163758	intergenic	.	contig_37114:163672-163758
contig_37114	164076	164212	intergenic	.	contig_37114:164076-164212
contig_37134	1604	1745	intergenic	.	contig_37134:1604-1745
contig_3714	138311	138713	intergenic	.	contig_3714:138311-138713
contig_3714	185685	186038	intergenic	.	contig_3714:185685-186038
contig_37147	91487	91922	intergenic	.	contig_37147:91487-91922
contig_37159	23983	24131	exon,CDS,gene,mRNA	.	contig_37159:23983-24131,contig_37159:23983-24131,contig_37159:23983-24131,contig_37159:23983-24131
contig_37168	39275	39349	intergenic	.	contig_37168:39275-39349
contig_37168	182483	182682	intergenic	.	contig_37168:182483-182682
contig_37168	182820	183011	intergenic	.	contig_37168:182820-183011
contig_3719	32054	32203	gene,mRNA	.	contig_3719:32054-32203,contig_3719:32054-32203
contig_37190	79741	79968	gene,mRNA	.	contig_37190:79741-79968,contig_37190:79741-79968
contig_3720	7428	7628	gene,mRNA	.	contig_3720:7428-7628,contig_3720:7428-7628
contig_3720	236016	236120	intergenic	.	contig_3720:236016-236120
contig_3720	824391	824598	intergenic	.	contig_3720:824391-824598
contig_37215	134292	135139	gene,mRNA	.	contig_37215:134292-135139,contig_37215:134292-135139
contig_37222	57383	57541	intergenic	.	contig_37222:57383-57541
contig_37226	94338	94674	intergenic	.	contig_37226:94338-94674
contig_37231	40434	40816	intergenic	.	contig_37231:40434-40816
contig_37251	88394	88743	intergenic	.	contig_37251:88394-88743
contig_37274	128543	128790	intergenic	.	contig_37274:128543-128790
contig_37280	206774	206935	intergenic	.	contig_37280:206774-206935
contig_37286	62997	63116	intergenic	.	contig_37286:62997-63116
contig_37288	139869	139918	intergenic	.	contig_37288:139869-139918
contig_37290	64464	64861	intergenic	.	contig_37290:64464-64861
contig_37290	100828	100868	intergenic	.	contig_37290:100828-100868
contig_37315	27265	27414	intergenic	.	contig_37315:27265-27414
contig_37320	212616	212673	intergenic	.	contig_37320:212616-212673
contig_37338	71409	71543	gene,mRNA	.	contig_37338:71409-71543,contig_37338:71409-71543
contig_37338	72065	72306	exon,CDS,stop_codon,gene,mRNA	.	contig_37338:72065-72306,contig_37338:72065-72306,contig_37338:72065-72306,contig_37338:72065-72306,contig_37338:72065-72306
contig_37341	7265	7357	intergenic	.	contig_37341:7265-7357
contig_37341	115724	115849	intergenic	.	contig_37341:115724-115849
contig_37344	247653	247704	intergenic	.	contig_37344:247653-247704
contig_37359	109560	109771	intergenic	.	contig_37359:109560-109771
contig_37368	75705	75928	intergenic	.	contig_37368:75705-75928
contig_37368	76010	76079	intergenic	.	contig_37368:76010-76079
contig_37389	116101	116281	intergenic	.	contig_37389:116101-116281
contig_37422	52559	52775	gene,mRNA	.	contig_37422:52559-52775,contig_37422:52559-52775
contig_37450	31394	31496	intergenic	.	contig_37450:31394-31496
contig_37463	143828	144006	intergenic	.	contig_37463:143828-144006
contig_37505	129293	129728	gene,mRNA	.	contig_37505:129293-129728,contig_37505:129293-129728
contig_37512	11062	11371	intergenic	.	contig_37512:11062-11371
contig_37512	318604	319046	intergenic	.	contig_37512:318604-319046
contig_37512	383995	384333	intergenic	.	contig_37512:383995-384333
contig_37512	445628	445658	intergenic	.	contig_37512:445628-445658
contig_37522	110608	110734	intergenic	.	contig_37522:110608-110734
contig_37522	110792	110959	intergenic	.	contig_37522:110792-110959
contig_37528	90696	90785	intergenic	.	contig_37528:90696-90785
contig_37528	90871	90938	intergenic	.	contig_37528:90871-90938
contig_37528	91275	91415	intergenic	.	contig_37528:91275-91415
contig_37541	63431	63731	intergenic	.	contig_37541:63431-63731
contig_37549	33402	33500	intergenic	.	contig_37549:33402-33500
contig_37549	148488	148641	intergenic	.	contig_37549:148488-148641
contig_37566	170934	171094	intergenic	.	contig_37566:170934-171094
contig_37566	226179	226351	intergenic	.	contig_37566:226179-226351
contig_3757	887709	887835	intergenic	.	contig_3757:887709-887835
contig_3757	1281608	1282184	intergenic	.	contig_3757:1281608-1282184
contig_37589	159442	159701	intergenic	.	contig_37589:159442-159701
contig_37641	70880	71295	gene,mRNA,stop_codon,exon,CDS,start_codon	.	contig_37641:70880-71295,contig_37641:70880-71295,contig_37641:70880-71295,contig_37641:70880-71295,contig_37641:70880-71295,contig_37641:70880-71295
contig_37641	71115	71295	intergenic	.	contig_37641:71115-71295
contig_37650	153334	153447	gene,mRNA	.	contig_37650:153334-153447,contig_37650:153334-153447
contig_37650	577817	577870	intergenic	.	contig_37650:577817-577870
contig_3767	57713	57887	intergenic	.	contig_3767:57713-57887
contig_37713	96086	96323	gene,mRNA	.	contig_37713:96086-96323,contig_37713:96086-96323
contig_37713	321050	321160	intergenic	.	contig_37713:321050-321160
contig_37727	5162	5466	intergenic	.	contig_37727:5162-5466
contig_3773	83335	83528	intergenic	.	contig_3773:83335-83528
contig_3773	85409	85456	intergenic	.	contig_3773:85409-85456
contig_37738	130469	130590	gene,mRNA	.	contig_37738:130469-130590,contig_37738:130469-130590
contig_37738	130665	130754	gene,mRNA	.	contig_37738:130665-130754,contig_37738:130665-130754
contig_37752	112668	112815	intergenic	.	contig_37752:112668-112815
contig_37798	82439	82700	intergenic	.	contig_37798:82439-82700
contig_3781	740481	740645	gene,mRNA	.	contig_3781:740481-740645,contig_3781:740481-740645
contig_3781	1407544	1407886	intergenic	.	contig_3781:1407544-1407886
contig_3781	1524882	1525245	intergenic	.	contig_3781:1524882-1525245
contig_37838	166979	167233	gene,mRNA	.	contig_37838:166979-167233,contig_37838:166979-167233
contig_37838	210134	210762	gene,mRNA	.	contig_37838:210134-210762,contig_37838:210134-210762
contig_37838	264596	265086	gene,mRNA	.	contig_37838:264596-265086,contig_37838:264596-265086
contig_37838	265347	265669	gene,mRNA	.	contig_37838:265347-265669,contig_37838:265347-265669
contig_37904	3277	3379	intergenic	.	contig_37904:3277-3379
contig_37970	42754	43192	intergenic	.	contig_37970:42754-43192
contig_37970	79756	79879	intergenic	.	contig_37970:79756-79879
contig_37970	143652	143870	intergenic	.	contig_37970:143652-143870
contig_37970	506733	506960	gene,mRNA	.	contig_37970:506733-506960,contig_37970:506733-506960
contig_38053	32142	32508	intergenic	.	contig_38053:32142-32508
contig_38087	158951	159044	gene,mRNA	.	contig_38087:158951-159044,contig_38087:158951-159044
contig_38116	36247	36426	intergenic	.	contig_38116:36247-36426
contig_38144	82682	82739	gene,mRNA	.	contig_38144:82682-82739,contig_38144:82682-82739
contig_38146	9242	9564	intergenic	.	contig_38146:9242-9564
contig_38161	18502	18568	gene,mRNA	.	contig_38161:18502-18568,contig_38161:18502-18568
contig_38161	178954	179100	intergenic	.	contig_38161:178954-179100
contig_38161	213803	214260	intergenic	.	contig_38161:213803-214260
contig_3817	147830	148284	exon,CDS,stop_codon,polyA_signal_sequence,gene,mRNA	.	contig_3817:147830-148284,contig_3817:147830-148284,contig_3817:147830-148284,contig_3817:147830-148284,contig_3817:147830-148284,contig_3817:147830-148284
contig_3817	148279	148284	intergenic	.	contig_3817:148279-148284
contig_3817	148666	148723	intergenic	.	contig_3817:148666-148723
contig_38187	160902	160943	intergenic	.	contig_38187:160902-160943
contig_38188	396190	396329	gene,mRNA	.	contig_38188:396190-396329,contig_38188:396190-396329
contig_38220	32061	32116	intergenic	.	contig_38220:32061-32116
contig_3823	302316	302481	intergenic	.	contig_3823:302316-302481
contig_3823	302557	302784	intergenic	.	contig_3823:302557-302784
contig_3823	339654	339759	gene,mRNA	.	contig_3823:339654-339759,contig_3823:339654-339759
contig_3823	743694	743733	intergenic	.	contig_3823:743694-743733
contig_38257	35171	35211	intergenic	.	contig_38257:35171-35211
contig_38277	37269	37448	intergenic	.	contig_38277:37269-37448
contig_38298	6965	7010	intergenic	.	contig_38298:6965-7010
contig_38298	88064	88140	intergenic	.	contig_38298:88064-88140
contig_38312	146880	147000	intergenic	.	contig_38312:146880-147000
contig_38355	29482	29769	gene,mRNA	.	contig_38355:29482-29769,contig_38355:29482-29769
contig_38355	70328	70418	intergenic	.	contig_38355:70328-70418
contig_38367	410892	411058	gene,mRNA	.	contig_38367:410892-411058,contig_38367:410892-411058
contig_38402	99475	99528	intergenic	.	contig_38402:99475-99528
contig_38443	42842	42976	intergenic	.	contig_38443:42842-42976
contig_38443	43115	43311	intergenic	.	contig_38443:43115-43311
contig_38479	149425	149657	polyA_signal_sequence,gene	.	contig_38479:149425-149657,contig_38479:149425-149657
contig_38479	149484	149657	intergenic	.	contig_38479:149484-149657
contig_38479	237017	237166	gene,mRNA	.	contig_38479:237017-237166,contig_38479:237017-237166
contig_38564	696583	696721	intergenic	.	contig_38564:696583-696721
contig_38571	55264	55446	intergenic	.	contig_38571:55264-55446
contig_38571	99157	99399	intergenic	.	contig_38571:99157-99399
contig_3858	252540	252600	gene,mRNA,exon,CDS	.	contig_3858:252540-252600,contig_3858:252540-252600,contig_3858:252540-252600,contig_3858:252540-252600
contig_38643	22290	22541	intergenic	.	contig_38643:22290-22541
contig_38643	81909	82168	intergenic	.	contig_38643:81909-82168
contig_38643	82423	82584	intergenic	.	contig_38643:82423-82584
contig_38655	84770	84967	intergenic	.	contig_38655:84770-84967
contig_3869	371254	371536	intergenic	.	contig_3869:371254-371536
contig_3869	391956	392062	intergenic	.	contig_3869:391956-392062
contig_38692	629912	629998	intergenic	.	contig_38692:629912-629998
contig_38771	22887	23149	intergenic	.	contig_38771:22887-23149
contig_38771	23405	23461	intergenic	.	contig_38771:23405-23461
contig_38777	26651	26727	gene,mRNA	.	contig_38777:26651-26727,contig_38777:26651-26727
contig_38777	26826	26887	gene,mRNA	.	contig_38777:26826-26887,contig_38777:26826-26887
contig_38793	94685	94734	intergenic	.	contig_38793:94685-94734
contig_38793	95039	95075	intergenic	.	contig_38793:95039-95075
contig_38827	27992	28054	intergenic	.	contig_38827:27992-28054
contig_38879	30940	31179	intergenic	.	contig_38879:30940-31179
contig_3891	31629	31739	intergenic	.	contig_3891:31629-31739
contig_3891	31978	32065	intergenic	.	contig_3891:31978-32065
contig_3896	98584	98859	intergenic	.	contig_3896:98584-98859
contig_3896	146167	146413	intergenic	.	contig_3896:146167-146413
contig_3906	97448	97537	intergenic	.	contig_3906:97448-97537
contig_3906	447664	447780	exon,CDS,gene,mRNA	.	contig_3906:447664-447780,contig_3906:447664-447780,contig_3906:447664-447780,contig_3906:447664-447780
contig_3925	31777	31983	intergenic	.	contig_3925:31777-31983
contig_3925	91022	91053	intergenic	.	contig_3925:91022-91053
contig_3938	458141	458290	intergenic	.	contig_3938:458141-458290
contig_3938	529581	529623	intergenic	.	contig_3938:529581-529623
contig_3938	873592	873835	intergenic	.	contig_3938:873592-873835
contig_3939	1138515	1138570	gene,mRNA	.	contig_3939:1138515-1138570,contig_3939:1138515-1138570
contig_3950	20859	20969	intergenic	.	contig_3950:20859-20969
contig_3950	21104	21318	intergenic	.	contig_3950:21104-21318
contig_3950	27642	27713	intergenic	.	contig_3950:27642-27713
contig_3950	68713	68746	gene,mRNA	.	contig_3950:68713-68746,contig_3950:68713-68746
contig_3950	74315	74553	gene,mRNA	.	contig_3950:74315-74553,contig_3950:74315-74553
contig_3955	583929	584023	intergenic	.	contig_3955:583929-584023
contig_3955	731044	731217	gene,mRNA	.	contig_3955:731044-731217,contig_3955:731044-731217
contig_3955	949290	949427	intergenic	.	contig_3955:949290-949427
contig_3955	979962	980015	gene,mRNA	.	contig_3955:979962-980015,contig_3955:979962-980015
contig_3955	1115201	1115269	intergenic	.	contig_3955:1115201-1115269
contig_3955	1180342	1180424	intergenic	.	contig_3955:1180342-1180424
contig_3955	1466966	1467026	gene,mRNA	.	contig_3955:1466966-1467026,contig_3955:1466966-1467026
contig_3961	388556	388738	intergenic	.	contig_3961:388556-388738
contig_3972	88923	89050	intergenic	.	contig_3972:88923-89050
contig_3972	89828	89974	intergenic	.	contig_3972:89828-89974
contig_3972	90056	90214	intergenic	.	contig_3972:90056-90214
contig_3972	115474	115773	intergenic	.	contig_3972:115474-115773
contig_3977	23280	23347	intergenic	.	contig_3977:23280-23347
contig_3977	23912	24063	intergenic	.	contig_3977:23912-24063
contig_3977	59290	59515	intergenic	.	contig_3977:59290-59515
contig_3977	59921	60012	intergenic	.	contig_3977:59921-60012
contig_3977	110526	110622	intergenic	.	contig_3977:110526-110622
contig_3977	125101	125409	intergenic	.	contig_3977:125101-125409
contig_3977	475837	476290	intergenic	.	contig_3977:475837-476290
contig_4021	292850	293252	intergenic	.	contig_4021:292850-293252
contig_4066	758873	759298	intergenic	.	contig_4066:758873-759298
contig_4076	687	925	intergenic	.	contig_4076:687-925
contig_4076	255057	255164	intergenic	.	contig_4076:255057-255164
contig_408	297656	297801	intergenic	.	contig_408:297656-297801
contig_408	724755	724876	gene,mRNA	.	contig_408:724755-724876,contig_408:724755-724876
contig_408	811978	812191	gene,mRNA	.	contig_408:811978-812191,contig_408:811978-812191
contig_4083	209702	210406	intergenic	.	contig_4083:209702-210406
contig_4083	300011	300291	intergenic	.	contig_4083:300011-300291
contig_4083	512764	512924	gene,mRNA	.	contig_4083:512764-512924,contig_4083:512764-512924
contig_4083	953742	954216	intergenic	.	contig_4083:953742-954216
contig_4083	1398178	1398330	intergenic	.	contig_4083:1398178-1398330
contig_4083	2037458	2037853	intergenic	.	contig_4083:2037458-2037853
contig_4131	730039	730130	intergenic	.	contig_4131:730039-730130
contig_417	161173	161245	intergenic	.	contig_417:161173-161245
contig_417	635624	635730	intergenic	.	contig_417:635624-635730
contig_417	1132463	1132677	gene,mRNA	.	contig_417:1132463-1132677,contig_417:1132463-1132677
contig_4185	180001	180070	intergenic	.	contig_4185:180001-180070
contig_4188	1248980	1249071	intergenic	.	contig_4188:1248980-1249071
contig_419	101412	101685	intergenic	.	contig_419:101412-101685
contig_419	306921	307068	gene,mRNA	.	contig_419:306921-307068,contig_419:306921-307068
contig_419	401808	401838	gene,mRNA	.	contig_419:401808-401838,contig_419:401808-401838
contig_4215	502753	502806	gene,mRNA	.	contig_4215:502753-502806,contig_4215:502753-502806
contig_4215	502951	502989	gene,mRNA	.	contig_4215:502951-502989,contig_4215:502951-502989
contig_4257	97721	97807	gene,mRNA	.	contig_4257:97721-97807,contig_4257:97721-97807
contig_4257	97891	97970	gene,mRNA	.	contig_4257:97891-97970,contig_4257:97891-97970
contig_4257	98026	98345	gene,mRNA,exon,CDS	.	contig_4257:98026-98345,contig_4257:98026-98345,contig_4257:98026-98345,contig_4257:98026-98345
contig_4257	122244	122512	gene,mRNA	.	contig_4257:122244-122512,contig_4257:122244-122512
contig_4259	515312	515372	gene,mRNA	.	contig_4259:515312-515372,contig_4259:515312-515372
contig_4267	77319	77395	intergenic	.	contig_4267:77319-77395
contig_4267	223408	223489	intergenic	.	contig_4267:223408-223489
contig_4267	353178	353279	intergenic	.	contig_4267:353178-353279
contig_427	342328	342396	intergenic	.	contig_427:342328-342396
contig_427	355384	355820	intergenic	.	contig_427:355384-355820
contig_427	824416	824476	intergenic	.	contig_427:824416-824476
contig_427	1379059	1379118	intergenic	.	contig_427:1379059-1379118
contig_427	1400559	1400775	intergenic	.	contig_427:1400559-1400775
contig_427	1400559	1401001	gene,polyA_signal_sequence,mRNA,stop_codon,exon,CDS	.	contig_427:1400559-1401001,contig_427:1400559-1401001,contig_427:1400559-1401001,contig_427:1400559-1401001,contig_427:1400559-1401001,contig_427:1400559-1401001
contig_427	1440409	1440648	intergenic	.	contig_427:1440409-1440648
contig_428	25769	25857	intergenic	.	contig_428:25769-25857
contig_428	167595	167875	intergenic	.	contig_428:167595-167875
contig_428	227444	227961	intergenic	.	contig_428:227444-227961
contig_428	297468	297559	intergenic	.	contig_428:297468-297559
contig_428	325906	326099	intergenic	.	contig_428:325906-326099
contig_4288	165226	165487	gene,mRNA,stop_codon,exon,CDS	.	contig_4288:165226-165487,contig_4288:165226-165487,contig_4288:165226-165487,contig_4288:165226-165487,contig_4288:165226-165487
contig_4288	167913	168119	intergenic	.	contig_4288:167913-168119
contig_4288	649744	649893	intergenic	.	contig_4288:649744-649893
contig_4307	173929	174343	intergenic	.	contig_4307:173929-174343
contig_4307	302543	302764	intergenic	.	contig_4307:302543-302764
contig_4307	575442	575553	intergenic	.	contig_4307:575442-575553
contig_4307	576159	576283	intergenic	.	contig_4307:576159-576283
contig_4355	210692	210751	intergenic	.	contig_4355:210692-210751
contig_4373	128437	128545	gene,mRNA	.	contig_4373:128437-128545,contig_4373:128437-128545
contig_4379	172935	172981	gene,mRNA	.	contig_4379:172935-172981,contig_4379:172935-172981
contig_4387	256449	256611	intergenic	.	contig_4387:256449-256611
contig_4387	637071	637661	intergenic	.	contig_4387:637071-637661
contig_439	157482	157604	intergenic	.	contig_439:157482-157604
contig_439	187469	187559	intergenic	.	contig_439:187469-187559
contig_439	187925	187987	intergenic	.	contig_439:187925-187987
contig_439	210029	210223	gene,mRNA	.	contig_439:210029-210223,contig_439:210029-210223
contig_439	280444	280652	intergenic	.	contig_439:280444-280652
contig_439	397066	397254	intergenic	.	contig_439:397066-397254
contig_4392	267010	267258	gene	.	contig_4392:267010-267258
contig_4392	358684	359081	intergenic	.	contig_4392:358684-359081
contig_4392	359390	359571	intergenic	.	contig_4392:359390-359571
contig_4392	390011	390370	intergenic	.	contig_4392:390011-390370
contig_4392	578323	578618	intergenic	.	contig_4392:578323-578618
contig_4392	578694	578777	intergenic	.	contig_4392:578694-578777
contig_4392	653586	653703	intergenic	.	contig_4392:653586-653703
contig_4392	955142	955388	intergenic	.	contig_4392:955142-955388
contig_4392	1072133	1072253	intergenic	.	contig_4392:1072133-1072253
contig_4397	875959	876230	intergenic	.	contig_4397:875959-876230
contig_4398	667841	667918	intergenic	.	contig_4398:667841-667918
contig_4423	941260	941547	gene,mRNA	.	contig_4423:941260-941547,contig_4423:941260-941547
contig_4423	941627	941691	gene,mRNA	.	contig_4423:941627-941691,contig_4423:941627-941691
contig_4423	941742	941886	gene,mRNA	.	contig_4423:941742-941886,contig_4423:941742-941886
contig_4423	1698925	1699176	gene,mRNA	.	contig_4423:1698925-1699176,contig_4423:1698925-1699176
contig_4438	365358	365521	intergenic	.	contig_4438:365358-365521
contig_4438	365680	365874	intergenic	.	contig_4438:365680-365874
contig_4438	366308	366514	intergenic	.	contig_4438:366308-366514
contig_4438	1291379	1291479	gene,mRNA,exon,CDS	.	contig_4438:1291379-1291479,contig_4438:1291379-1291479,contig_4438:1291379-1291479,contig_4438:1291379-1291479
contig_4438	2073466	2073613	intergenic	.	contig_4438:2073466-2073613
contig_4438	2596732	2596938	intergenic	.	contig_4438:2596732-2596938
contig_4438	4822137	4822318	intergenic	.	contig_4438:4822137-4822318
contig_4438	5366748	5366902	intergenic	.	contig_4438:5366748-5366902
contig_4438	5608587	5608765	intergenic	.	contig_4438:5608587-5608765
contig_4438	5886434	5887184	intergenic	.	contig_4438:5886434-5887184
contig_4438	6334922	6335244	intergenic	.	contig_4438:6334922-6335244
contig_4438	6862814	6862930	intergenic	.	contig_4438:6862814-6862930
contig_4438	7171533	7171749	intergenic	.	contig_4438:7171533-7171749
contig_4438	7541188	7541245	gene,mRNA	.	contig_4438:7541188-7541245,contig_4438:7541188-7541245
contig_4453	259181	259527	intergenic	.	contig_4453:259181-259527
contig_4453	301315	301443	gene,mRNA	.	contig_4453:301315-301443,contig_4453:301315-301443
contig_4453	385938	386130	gene,mRNA	.	contig_4453:385938-386130,contig_4453:385938-386130
contig_4453	1097966	1098353	intergenic	.	contig_4453:1097966-1098353
contig_4477	20169	20316	gene,mRNA	.	contig_4477:20169-20316,contig_4477:20169-20316
contig_4477	277930	278114	intergenic	.	contig_4477:277930-278114
contig_4484	42788	42989	intergenic	.	contig_4484:42788-42989
contig_4484	43070	43139	intergenic	.	contig_4484:43070-43139
contig_4490	477313	477488	intergenic	.	contig_4490:477313-477488
contig_4492	68803	69089	intergenic	.	contig_4492:68803-69089
contig_4492	240334	240855	intergenic	.	contig_4492:240334-240855
contig_4492	774502	774670	gene,mRNA	.	contig_4492:774502-774670,contig_4492:774502-774670
contig_4492	778234	778365	gene,mRNA	.	contig_4492:778234-778365,contig_4492:778234-778365
contig_4492	831464	831783	intergenic	.	contig_4492:831464-831783
contig_4503	367770	367924	intergenic	.	contig_4503:367770-367924
contig_4503	368107	368246	intergenic	.	contig_4503:368107-368246
contig_4503	557537	557721	gene,mRNA	.	contig_4503:557537-557721,contig_4503:557537-557721
contig_4503	867805	868203	intergenic	.	contig_4503:867805-868203
contig_4548	209241	209422	intergenic	.	contig_4548:209241-209422
contig_4548	502684	502844	intergenic	.	contig_4548:502684-502844
contig_4576	209471	209597	intergenic	.	contig_4576:209471-209597
contig_4592	96224	96357	intergenic	.	contig_4592:96224-96357
contig_4592	439640	440168	intergenic	.	contig_4592:439640-440168
contig_4592	673002	673092	intergenic	.	contig_4592:673002-673092
contig_4592	816503	816843	intergenic	.	contig_4592:816503-816843
contig_4592	837104	837189	intergenic	.	contig_4592:837104-837189
contig_4625	124862	125108	intergenic	.	contig_4625:124862-125108
contig_4625	164957	165539	intergenic	.	contig_4625:164957-165539
contig_4625	748309	748679	intergenic	.	contig_4625:748309-748679
contig_4625	871683	871795	gene,mRNA	.	contig_4625:871683-871795,contig_4625:871683-871795
contig_4634	168894	169184	intergenic	.	contig_4634:168894-169184
contig_4634	169443	169647	intergenic	.	contig_4634:169443-169647
contig_4634	183906	184114	intergenic	.	contig_4634:183906-184114
contig_4643	168216	168408	gene,mRNA	.	contig_4643:168216-168408,contig_4643:168216-168408
contig_4643	296319	296452	gene,mRNA	.	contig_4643:296319-296452,contig_4643:296319-296452
contig_4649	756309	756558	intergenic	.	contig_4649:756309-756558
contig_4654	229731	230009	intergenic	.	contig_4654:229731-230009
contig_4660	1094221	1094301	intergenic	.	contig_4660:1094221-1094301
contig_4670	194574	194776	intergenic	.	contig_4670:194574-194776
contig_4670	318738	318780	intergenic	.	contig_4670:318738-318780
contig_4694	118305	118410	gene,mRNA	.	contig_4694:118305-118410,contig_4694:118305-118410
contig_4708	358830	359028	intergenic	.	contig_4708:358830-359028
contig_4708	702250	702285	gene,mRNA	.	contig_4708:702250-702285,contig_4708:702250-702285
contig_4708	1251450	1251686	intergenic	.	contig_4708:1251450-1251686
contig_4715	354462	355141	intergenic	.	contig_4715:354462-355141
contig_4728	59715	60003	intergenic	.	contig_4728:59715-60003
contig_4728	267952	268064	gene,mRNA	.	contig_4728:267952-268064,contig_4728:267952-268064
contig_4735	33986	34036	gene,mRNA	.	contig_4735:33986-34036,contig_4735:33986-34036
contig_4735	299512	299553	intergenic	.	contig_4735:299512-299553
contig_4735	299642	299805	intergenic	.	contig_4735:299642-299805
contig_4735	1161649	1161794	intergenic	.	contig_4735:1161649-1161794
contig_4735	1423333	1423499	intergenic	.	contig_4735:1423333-1423499
contig_4735	1489178	1489465	intergenic	.	contig_4735:1489178-1489465
contig_4735	1489588	1489644	intergenic	.	contig_4735:1489588-1489644
contig_4741	5716	5843	intergenic	.	contig_4741:5716-5843
contig_4744	252461	252550	intergenic	.	contig_4744:252461-252550
contig_4744	304912	305103	intergenic	.	contig_4744:304912-305103
contig_4744	419092	419141	intergenic	.	contig_4744:419092-419141
contig_4744	419092	419358	start_codon,exon,CDS,gene,mRNA	.	contig_4744:419092-419358,contig_4744:419092-419358,contig_4744:419092-419358,contig_4744:419092-419358,contig_4744:419092-419358
contig_4744	455637	455852	gene,mRNA	.	contig_4744:455637-455852,contig_4744:455637-455852
contig_4744	521423	521553	intergenic	.	contig_4744:521423-521553
contig_4744	533057	533410	intergenic	.	contig_4744:533057-533410
contig_4744	679400	679747	intergenic	.	contig_4744:679400-679747
contig_4744	719164	719573	intergenic	.	contig_4744:719164-719573
contig_4744	816620	816872	intergenic	.	contig_4744:816620-816872
contig_4744	986716	986903	intergenic	.	contig_4744:986716-986903
contig_4744	987003	987099	intergenic	.	contig_4744:987003-987099
contig_4744	1218853	1219057	gene,mRNA	.	contig_4744:1218853-1219057,contig_4744:1218853-1219057
contig_4750	361663	361730	intergenic	.	contig_4750:361663-361730
contig_4769	297807	298128	intergenic	.	contig_4769:297807-298128
contig_4769	342657	342766	intergenic	.	contig_4769:342657-342766
contig_4769	342845	343355	intergenic	.	contig_4769:342845-343355
contig_4787	1928848	1929017	intergenic	.	contig_4787:1928848-1929017
contig_4787	1929120	1929264	intergenic	.	contig_4787:1929120-1929264
contig_4787	4868343	4868857	intergenic	.	contig_4787:4868343-4868857
contig_4796	462685	462777	intergenic	.	contig_4796:462685-462777
contig_48	488366	488741	gene,mRNA	.	contig_48:488366-488741,contig_48:488366-488741
contig_4801	7328	7433	intergenic	.	contig_4801:7328-7433
contig_4816	121484	121536	gene,mRNA	.	contig_4816:121484-121536,contig_4816:121484-121536
contig_4816	286039	286193	intergenic	.	contig_4816:286039-286193
contig_4828	708982	709126	gene,mRNA	.	contig_4828:708982-709126,contig_4828:708982-709126
contig_4828	1778309	1778554	gene,mRNA	.	contig_4828:1778309-1778554,contig_4828:1778309-1778554
contig_4828	1778644	1778724	gene,mRNA	.	contig_4828:1778644-1778724,contig_4828:1778644-1778724
contig_4828	1916241	1916424	gene,mRNA	.	contig_4828:1916241-1916424,contig_4828:1916241-1916424
contig_4858	346785	346991	intergenic	.	contig_4858:346785-346991
contig_4886	132926	133069	intergenic	.	contig_4886:132926-133069
contig_4886	133416	133515	intergenic	.	contig_4886:133416-133515
contig_4894	459662	459867	intergenic	.	contig_4894:459662-459867
contig_4894	465771	466386	intergenic	.	contig_4894:465771-466386
contig_4894	575858	575967	intergenic	.	contig_4894:575858-575967
contig_4894	892437	892494	gene,mRNA	.	contig_4894:892437-892494,contig_4894:892437-892494
contig_4894	923780	923869	gene,mRNA	.	contig_4894:923780-923869,contig_4894:923780-923869
contig_4894	1978215	1978660	intergenic	.	contig_4894:1978215-1978660
contig_4894	2404900	2404947	intergenic	.	contig_4894:2404900-2404947
contig_4894	2672777	2672853	intergenic	.	contig_4894:2672777-2672853
contig_4912	337190	337436	gene,mRNA	.	contig_4912:337190-337436,contig_4912:337190-337436
contig_4912	437090	437209	intergenic	.	contig_4912:437090-437209
contig_4912	565388	565561	intergenic	.	contig_4912:565388-565561
contig_4912	565927	565973	intergenic	.	contig_4912:565927-565973
contig_4912	567073	567218	intergenic	.	contig_4912:567073-567218
contig_4912	961141	961215	intergenic	.	contig_4912:961141-961215
contig_4912	961141	961722	gene,mRNA,start_codon,exon,CDS,stop_codon	.	contig_4912:961141-961722,contig_4912:961141-961722,contig_4912:961141-961722,contig_4912:961141-961722,contig_4912:961141-961722,contig_4912:961141-961722
contig_4912	1062828	1063039	intergenic	.	contig_4912:1062828-1063039
contig_4912	1241057	1241220	intergenic	.	contig_4912:1241057-1241220
contig_4921	72510	72632	gene,mRNA	.	contig_4921:72510-72632,contig_4921:72510-72632
contig_4928	22341	22493	intergenic	.	contig_4928:22341-22493
contig_4934	65123	65321	gene,mRNA	.	contig_4934:65123-65321,contig_4934:65123-65321
contig_4934	94327	94581	gene,mRNA	.	contig_4934:94327-94581,contig_4934:94327-94581
contig_4934	190701	190870	intergenic	.	contig_4934:190701-190870
contig_4934	291437	291447	intergenic	.	contig_4934:291437-291447
contig_4934	291437	291706	gene,polyA_signal_sequence,mRNA,stop_codon,exon,CDS	.	contig_4934:291437-291706,contig_4934:291437-291706,contig_4934:291437-291706,contig_4934:291437-291706,contig_4934:291437-291706,contig_4934:291437-291706
contig_4934	341525	341842	gene,mRNA	.	contig_4934:341525-341842,contig_4934:341525-341842
contig_4936	14732	14833	intergenic	.	contig_4936:14732-14833
contig_4936	60805	61028	intergenic	.	contig_4936:60805-61028
contig_4965	36098	36489	intergenic	.	contig_4965:36098-36489
contig_4965	60386	60475	intergenic	.	contig_4965:60386-60475
contig_4966	180982	181092	intergenic	.	contig_4966:180982-181092
contig_4967	105916	105964	intergenic	.	contig_4967:105916-105964
contig_4967	106152	106208	intergenic	.	contig_4967:106152-106208
contig_4984	39762	39829	intergenic	.	contig_4984:39762-39829
contig_4984	252780	253396	intergenic	.	contig_4984:252780-253396
contig_4984	284538	285065	intergenic	.	contig_4984:284538-285065
contig_4984	308418	308580	intergenic	.	contig_4984:308418-308580
contig_4984	426422	426739	intergenic	.	contig_4984:426422-426739
contig_4984	506062	506589	gene,mRNA	.	contig_4984:506062-506589,contig_4984:506062-506589
contig_4984	893624	893754	intergenic	.	contig_4984:893624-893754
contig_4984	900938	901140	intergenic	.	contig_4984:900938-901140
contig_4993	455391	455538	intergenic	.	contig_4993:455391-455538
contig_5011	207620	207666	gene,mRNA	.	contig_5011:207620-207666,contig_5011:207620-207666
contig_5042	303743	303926	gene,mRNA	.	contig_5042:303743-303926,contig_5042:303743-303926
contig_5042	530722	530788	intergenic	.	contig_5042:530722-530788
contig_5048	25007	25313	intergenic	.	contig_5048:25007-25313
contig_5048	142562	142722	intergenic	.	contig_5048:142562-142722
contig_5048	142562	142733	gene,polyA_signal_sequence	.	contig_5048:142562-142733,contig_5048:142562-142733
contig_5048	314216	314404	intergenic	.	contig_5048:314216-314404
contig_5067	53442	53678	gene,mRNA	.	contig_5067:53442-53678,contig_5067:53442-53678
contig_5067	53845	53944	gene,mRNA	.	contig_5067:53845-53944,contig_5067:53845-53944
contig_5067	112088	112472	intergenic	.	contig_5067:112088-112472
contig_5071	36690	36793	intergenic	.	contig_5071:36690-36793
contig_5071	166205	166441	intergenic	.	contig_5071:166205-166441
contig_5071	567026	567482	intergenic	.	contig_5071:567026-567482
contig_5075	467722	467858	intergenic	.	contig_5075:467722-467858
contig_5086	114025	114129	intergenic	.	contig_5086:114025-114129
contig_5086	114025	114453	start_codon,exon,CDS,gene,mRNA	.	contig_5086:114025-114453,contig_5086:114025-114453,contig_5086:114025-114453,contig_5086:114025-114453,contig_5086:114025-114453
contig_5086	223836	224028	intergenic	.	contig_5086:223836-224028
contig_5090	19395	19589	gene,mRNA	.	contig_5090:19395-19589,contig_5090:19395-19589
contig_5107	13478	13616	intergenic	.	contig_5107:13478-13616
contig_5121	779406	779707	gene,mRNA	.	contig_5121:779406-779707,contig_5121:779406-779707
contig_5121	861624	861896	intergenic	.	contig_5121:861624-861896
contig_5149	169350	169517	intergenic	.	contig_5149:169350-169517
contig_5169	247452	247627	intergenic	.	contig_5169:247452-247627
contig_5184	220427	220681	intergenic	.	contig_5184:220427-220681
contig_5184	236207	236294	intergenic	.	contig_5184:236207-236294
contig_5184	264667	264831	gene,mRNA	.	contig_5184:264667-264831,contig_5184:264667-264831
contig_5184	265124	265349	gene,mRNA	.	contig_5184:265124-265349,contig_5184:265124-265349
contig_5184	494811	494929	intergenic	.	contig_5184:494811-494929
contig_5184	539597	539829	intergenic	.	contig_5184:539597-539829
contig_5184	642877	643195	intergenic	.	contig_5184:642877-643195
contig_5184	710093	710152	intergenic	.	contig_5184:710093-710152
contig_5184	710261	710312	intergenic	.	contig_5184:710261-710312
contig_5230	234208	234548	intergenic	.	contig_5230:234208-234548
contig_5230	339510	339712	intergenic	.	contig_5230:339510-339712
contig_5247	271320	271595	intergenic	.	contig_5247:271320-271595
contig_5250	323723	323873	gene,polyA_signal_sequence	.	contig_5250:323723-323873,contig_5250:323723-323873
contig_5250	323757	323873	intergenic	.	contig_5250:323757-323873
contig_5250	374518	374785	gene,mRNA	.	contig_5250:374518-374785,contig_5250:374518-374785
contig_5250	692753	692864	gene,mRNA	.	contig_5250:692753-692864,contig_5250:692753-692864
contig_5265	120240	120344	intergenic	.	contig_5265:120240-120344
contig_5265	358386	358445	intergenic	.	contig_5265:358386-358445
contig_5281	175754	175817	intergenic	.	contig_5281:175754-175817
contig_5290	1468199	1468263	gene,mRNA	.	contig_5290:1468199-1468263,contig_5290:1468199-1468263
contig_5353	35026	35114	intergenic	.	contig_5353:35026-35114
contig_5353	731294	731348	intergenic	.	contig_5353:731294-731348
contig_5363	106004	106231	gene,mRNA	.	contig_5363:106004-106231,contig_5363:106004-106231
contig_5363	200393	200570	intergenic	.	contig_5363:200393-200570
contig_5363	494977	495008	intergenic	.	contig_5363:494977-495008
contig_5369	288598	288676	intergenic	.	contig_5369:288598-288676
contig_54	387053	387287	intergenic	.	contig_54:387053-387287
contig_54	1090018	1090249	intergenic	.	contig_54:1090018-1090249
contig_540	275481	275798	intergenic	.	contig_540:275481-275798
contig_540	919562	919724	gene,mRNA	.	contig_540:919562-919724,contig_540:919562-919724
contig_540	1136726	1136773	gene,mRNA	.	contig_540:1136726-1136773,contig_540:1136726-1136773
contig_540	1136836	1136929	gene,mRNA	.	contig_540:1136836-1136929,contig_540:1136836-1136929
contig_540	1931401	1931501	intergenic	.	contig_540:1931401-1931501
contig_540	1932137	1932319	intergenic	.	contig_540:1932137-1932319
contig_540	2045578	2045842	intergenic	.	contig_540:2045578-2045842
contig_546	216013	216138	intergenic	.	contig_546:216013-216138
contig_546	246344	246429	intergenic	.	contig_546:246344-246429
contig_546	318900	319012	intergenic	.	contig_546:318900-319012
contig_546	324840	324906	intergenic	.	contig_546:324840-324906
contig_546	399255	399517	intergenic	.	contig_546:399255-399517
contig_546	472880	473127	intergenic	.	contig_546:472880-473127
contig_546	715416	715614	intergenic	.	contig_546:715416-715614
contig_546	929486	929565	intergenic	.	contig_546:929486-929565
contig_5466	1883038	1883080	intergenic	.	contig_5466:1883038-1883080
contig_5486	90034	90073	gene,mRNA	.	contig_5486:90034-90073,contig_5486:90034-90073
contig_5486	460074	460203	intergenic	.	contig_5486:460074-460203
contig_550	6172	6263	gene,mRNA	.	contig_550:6172-6263,contig_550:6172-6263
contig_550	13838	14281	gene,mRNA	.	contig_550:13838-14281,contig_550:13838-14281
contig_550	30443	30699	gene,mRNA	.	contig_550:30443-30699,contig_550:30443-30699
contig_550	339751	339901	intergenic	.	contig_550:339751-339901
contig_550	1027603	1027686	gene,mRNA	.	contig_550:1027603-1027686,contig_550:1027603-1027686
contig_5518	350858	351106	intergenic	.	contig_5518:350858-351106
contig_5527	160567	160706	intergenic	.	contig_5527:160567-160706
contig_5527	411552	411604	intergenic	.	contig_5527:411552-411604
contig_5533	15853	16100	intergenic	.	contig_5533:15853-16100
contig_5533	39167	39347	intergenic	.	contig_5533:39167-39347
contig_5534	43762	43861	intergenic	.	contig_5534:43762-43861
contig_5534	43762	44072	start_codon,exon,CDS,gene,mRNA	.	contig_5534:43762-44072,contig_5534:43762-44072,contig_5534:43762-44072,contig_5534:43762-44072,contig_5534:43762-44072
contig_5540	20082	20292	intergenic	.	contig_5540:20082-20292
contig_5552	5475	5640	intergenic	.	contig_5552:5475-5640
contig_5560	50067	50245	intergenic	.	contig_5560:50067-50245
contig_5560	149444	149649	intergenic	.	contig_5560:149444-149649
contig_5560	207505	207623	intergenic	.	contig_5560:207505-207623
contig_5568	1587212	1587426	intergenic	.	contig_5568:1587212-1587426
contig_5568	1592542	1592621	intergenic	.	contig_5568:1592542-1592621
contig_5568	2151415	2151746	intergenic	.	contig_5568:2151415-2151746
contig_5594	10562	10752	intergenic	.	contig_5594:10562-10752
contig_5594	706026	706282	intergenic	.	contig_5594:706026-706282
contig_5604	759127	759354	intergenic	.	contig_5604:759127-759354
contig_5604	818353	818691	intergenic	.	contig_5604:818353-818691
contig_5604	977863	977965	intergenic	.	contig_5604:977863-977965
contig_5604	979013	979232	intergenic	.	contig_5604:979013-979232
contig_5604	1123522	1123576	intergenic	.	contig_5604:1123522-1123576
contig_5604	1895856	1896025	intergenic	.	contig_5604:1895856-1896025
contig_5618	307264	308013	intergenic	.	contig_5618:307264-308013
contig_5618	355527	355931	intergenic	.	contig_5618:355527-355931
contig_5618	458441	458741	intergenic	.	contig_5618:458441-458741
contig_5618	629474	629532	gene,mRNA	.	contig_5618:629474-629532,contig_5618:629474-629532
contig_5618	635888	636011	gene,mRNA	.	contig_5618:635888-636011,contig_5618:635888-636011
contig_5618	636095	636289	gene,mRNA	.	contig_5618:636095-636289,contig_5618:636095-636289
contig_5618	905493	905787	intergenic	.	contig_5618:905493-905787
contig_5618	959521	959653	intergenic	.	contig_5618:959521-959653
contig_5618	959740	959833	intergenic	.	contig_5618:959740-959833
contig_5618	1083720	1083890	intergenic	.	contig_5618:1083720-1083890
contig_5618	1083974	1084185	intergenic	.	contig_5618:1083974-1084185
contig_5618	1189142	1189377	intergenic	.	contig_5618:1189142-1189377
contig_5618	1306236	1306426	intergenic	.	contig_5618:1306236-1306426
contig_5618	1537021	1537301	gene,mRNA	.	contig_5618:1537021-1537301,contig_5618:1537021-1537301
contig_5618	1848114	1848227	gene,mRNA	.	contig_5618:1848114-1848227,contig_5618:1848114-1848227
contig_5618	1848286	1848632	gene,mRNA	.	contig_5618:1848286-1848632,contig_5618:1848286-1848632
contig_5618	2434837	2435262	gene,mRNA,exon,CDS,stop_codon,polyA_signal_sequence	.	contig_5618:2434837-2435262,contig_5618:2434837-2435262,contig_5618:2434837-2435262,contig_5618:2434837-2435262,contig_5618:2434837-2435262,contig_5618:2434837-2435262
contig_5618	2435121	2435262	intergenic	.	contig_5618:2435121-2435262
contig_5618	2549845	2549948	intergenic	.	contig_5618:2549845-2549948
contig_5618	2607846	2608165	intergenic	.	contig_5618:2607846-2608165
contig_5618	2672860	2673025	intergenic	.	contig_5618:2672860-2673025
contig_5618	2677131	2677229	intergenic	.	contig_5618:2677131-2677229
contig_5618	2711596	2712113	intergenic	.	contig_5618:2711596-2712113
contig_5618	3473844	3474001	gene,mRNA	.	contig_5618:3473844-3474001,contig_5618:3473844-3474001
contig_5618	3531265	3531595	intergenic	.	contig_5618:3531265-3531595
contig_5618	3729058	3729232	gene,mRNA	.	contig_5618:3729058-3729232,contig_5618:3729058-3729232
contig_5618	3787343	3787520	gene,mRNA	.	contig_5618:3787343-3787520,contig_5618:3787343-3787520
contig_5618	3839446	3839814	intergenic	.	contig_5618:3839446-3839814
contig_5618	3982818	3983004	exon,CDS,stop_codon,gene,mRNA	.	contig_5618:3982818-3983004,contig_5618:3982818-3983004,contig_5618:3982818-3983004,contig_5618:3982818-3983004,contig_5618:3982818-3983004
contig_5618	4193490	4194089	intergenic	.	contig_5618:4193490-4194089
contig_5618	4321283	4321765	gene,mRNA	.	contig_5618:4321283-4321765,contig_5618:4321283-4321765
contig_5618	4362837	4363029	gene,mRNA	.	contig_5618:4362837-4363029,contig_5618:4362837-4363029
contig_5618	4538457	4538633	intergenic	.	contig_5618:4538457-4538633
contig_5618	4538688	4538730	intergenic	.	contig_5618:4538688-4538730
contig_5618	4737910	4738015	gene,mRNA	.	contig_5618:4737910-4738015,contig_5618:4737910-4738015
contig_5618	5300272	5300324	intergenic	.	contig_5618:5300272-5300324
contig_5618	5464807	5465255	gene,mRNA	.	contig_5618:5464807-5465255,contig_5618:5464807-5465255
contig_5618	5606542	5606748	gene,mRNA	.	contig_5618:5606542-5606748,contig_5618:5606542-5606748
contig_5618	6042119	6042595	intergenic	.	contig_5618:6042119-6042595
contig_5618	6042681	6042779	intergenic	.	contig_5618:6042681-6042779
contig_5618	6054216	6054715	intergenic	.	contig_5618:6054216-6054715
contig_5629	169616	169745	intergenic	.	contig_5629:169616-169745
contig_5629	231697	232015	intergenic	.	contig_5629:231697-232015
contig_5655	494943	495019	intergenic	.	contig_5655:494943-495019
contig_5660	135256	135358	intergenic	.	contig_5660:135256-135358
contig_5660	260023	260281	intergenic	.	contig_5660:260023-260281
contig_5660	526030	526341	intergenic	.	contig_5660:526030-526341
contig_567	15708	16350	intergenic	.	contig_567:15708-16350
contig_567	365011	365107	intergenic	.	contig_567:365011-365107
contig_5686	124855	125116	gene,mRNA	.	contig_5686:124855-125116,contig_5686:124855-125116
contig_5686	199858	199939	intergenic	.	contig_5686:199858-199939
contig_5694	87193	87440	gene,mRNA	.	contig_5694:87193-87440,contig_5694:87193-87440
contig_5694	697825	697867	intergenic	.	contig_5694:697825-697867
contig_5694	809487	809641	intergenic	.	contig_5694:809487-809641
contig_5713	150169	150224	intergenic	.	contig_5713:150169-150224
contig_5713	291309	291528	intergenic	.	contig_5713:291309-291528
contig_5713	513872	513948	gene,mRNA	.	contig_5713:513872-513948,contig_5713:513872-513948
contig_5713	546360	546611	gene,mRNA	.	contig_5713:546360-546611,contig_5713:546360-546611
contig_5713	818787	819067	intergenic	.	contig_5713:818787-819067
contig_5713	2037830	2037946	intergenic	.	contig_5713:2037830-2037946
contig_5713	2208591	2208653	intergenic	.	contig_5713:2208591-2208653
contig_5713	2208839	2208925	intergenic	.	contig_5713:2208839-2208925
contig_5713	2214322	2214581	intergenic	.	contig_5713:2214322-2214581
contig_5713	2346577	2346820	intergenic	.	contig_5713:2346577-2346820
contig_5726	154847	154986	intergenic	.	contig_5726:154847-154986
contig_5726	183921	184080	intergenic	.	contig_5726:183921-184080
contig_5726	489472	489596	intergenic	.	contig_5726:489472-489596
contig_5726	489712	489795	intergenic	.	contig_5726:489712-489795
contig_5726	1122094	1122434	intergenic	.	contig_5726:1122094-1122434
contig_5726	1126472	1126517	intergenic	.	contig_5726:1126472-1126517
contig_5726	1237260	1237503	intergenic	.	contig_5726:1237260-1237503
contig_573	149755	150087	intergenic	.	contig_573:149755-150087
contig_573	158769	159040	intergenic	.	contig_573:158769-159040
contig_573	288206	288319	intergenic	.	contig_573:288206-288319
contig_5741	101490	101563	intergenic	.	contig_5741:101490-101563
contig_5741	362100	362393	intergenic	.	contig_5741:362100-362393
contig_5741	480317	480404	intergenic	.	contig_5741:480317-480404
contig_5741	1064891	1065096	intergenic	.	contig_5741:1064891-1065096
contig_5741	1482625	1482755	intergenic	.	contig_5741:1482625-1482755
contig_5741	1557475	1557706	intergenic	.	contig_5741:1557475-1557706
contig_5741	1611807	1612024	intergenic	.	contig_5741:1611807-1612024
contig_5741	1751796	1751831	intergenic	.	contig_5741:1751796-1751831
contig_5765	245432	245497	intergenic	.	contig_5765:245432-245497
contig_5765	842478	842508	intergenic	.	contig_5765:842478-842508
contig_5765	1089920	1090160	intergenic	.	contig_5765:1089920-1090160
contig_5769	506268	506573	intergenic	.	contig_5769:506268-506573
contig_5790	628380	628577	intergenic	.	contig_5790:628380-628577
contig_5790	800094	800324	intergenic	.	contig_5790:800094-800324
contig_5790	823981	824366	intergenic	.	contig_5790:823981-824366
contig_5790	833335	833423	intergenic	.	contig_5790:833335-833423
contig_5790	987407	987543	intergenic	.	contig_5790:987407-987543
contig_5790	987864	987972	intergenic	.	contig_5790:987864-987972
contig_5797	61309	61439	intergenic	.	contig_5797:61309-61439
contig_5797	127405	127505	gene,mRNA	.	contig_5797:127405-127505,contig_5797:127405-127505
contig_5797	189759	189894	gene,mRNA	.	contig_5797:189759-189894,contig_5797:189759-189894
contig_581	829630	829805	intergenic	.	contig_581:829630-829805
contig_581	1091963	1092101	intergenic	.	contig_581:1091963-1092101
contig_581	1101867	1101937	intergenic	.	contig_581:1101867-1101937
contig_581	1355156	1355303	intergenic	.	contig_581:1355156-1355303
contig_581	1566666	1566857	intergenic	.	contig_581:1566666-1566857
contig_5819	336194	336460	intergenic	.	contig_5819:336194-336460
contig_5819	435033	435320	intergenic	.	contig_5819:435033-435320
contig_5819	490731	490850	intergenic	.	contig_5819:490731-490850
contig_5819	636939	637080	intergenic	.	contig_5819:636939-637080
contig_5819	885185	885361	intergenic	.	contig_5819:885185-885361
contig_5848	547493	547700	gene,mRNA	.	contig_5848:547493-547700,contig_5848:547493-547700
contig_5852	57244	57308	intergenic	.	contig_5852:57244-57308
contig_5852	327051	327222	intergenic	.	contig_5852:327051-327222
contig_5852	381871	382128	intergenic	.	contig_5852:381871-382128
contig_5852	406443	406555	intergenic	.	contig_5852:406443-406555
contig_5852	537539	537884	gene,mRNA	.	contig_5852:537539-537884,contig_5852:537539-537884
contig_5855	83830	84004	intergenic	.	contig_5855:83830-84004
contig_5881	128433	128584	intergenic	.	contig_5881:128433-128584
contig_5949	62864	62929	intergenic	.	contig_5949:62864-62929
contig_5949	189920	189989	intergenic	.	contig_5949:189920-189989
contig_5963	28958	29046	intergenic	.	contig_5963:28958-29046
contig_5970	408732	408926	intergenic	.	contig_5970:408732-408926
contig_5970	409784	409874	intergenic	.	contig_5970:409784-409874
contig_5970	409929	410275	intergenic	.	contig_5970:409929-410275
contig_5970	460517	460565	intergenic	.	contig_5970:460517-460565
contig_5970	460874	460918	intergenic	.	contig_5970:460874-460918
contig_5971	52844	53157	intergenic	.	contig_5971:52844-53157
contig_5980	142502	142865	intergenic	.	contig_5980:142502-142865
contig_5980	423530	423838	intergenic	.	contig_5980:423530-423838
contig_5980	673324	673628	intergenic	.	contig_5980:673324-673628
contig_5980	731092	731269	intergenic	.	contig_5980:731092-731269
contig_5980	731384	731483	intergenic	.	contig_5980:731384-731483
contig_6001	8189	8263	intergenic	.	contig_6001:8189-8263
contig_6010	812157	812340	intergenic	.	contig_6010:812157-812340
contig_6016	196949	197240	intergenic	.	contig_6016:196949-197240
contig_6026	145814	145934	intergenic	.	contig_6026:145814-145934
contig_6026	146037	146177	intergenic	.	contig_6026:146037-146177
contig_6026	146296	146389	intergenic	.	contig_6026:146296-146389
contig_6026	190231	190624	gene,mRNA	.	contig_6026:190231-190624,contig_6026:190231-190624
contig_6026	465191	465449	gene,mRNA	.	contig_6026:465191-465449,contig_6026:465191-465449
contig_6026	1978214	1978311	gene,mRNA	.	contig_6026:1978214-1978311,contig_6026:1978214-1978311
contig_6026	2150649	2150809	intergenic	.	contig_6026:2150649-2150809
contig_6026	2475839	2475967	intergenic	.	contig_6026:2475839-2475967
contig_6026	2788263	2788357	intergenic	.	contig_6026:2788263-2788357
contig_6048	451535	451619	intergenic	.	contig_6048:451535-451619
contig_6048	500487	500570	intergenic	.	contig_6048:500487-500570
contig_6048	558634	558789	intergenic	.	contig_6048:558634-558789
contig_6049	423801	424085	intergenic	.	contig_6049:423801-424085
contig_6049	511233	511300	intergenic	.	contig_6049:511233-511300
contig_6049	607283	607659	intergenic	.	contig_6049:607283-607659
contig_6049	1182161	1182274	intergenic	.	contig_6049:1182161-1182274
contig_6061	120435	120539	intergenic	.	contig_6061:120435-120539
contig_6061	120590	120714	intergenic	.	contig_6061:120590-120714
contig_6061	123798	123914	intergenic	.	contig_6061:123798-123914
contig_6071	355232	355780	gene,mRNA	.	contig_6071:355232-355780,contig_6071:355232-355780
contig_6071	594034	594148	gene,mRNA	.	contig_6071:594034-594148,contig_6071:594034-594148
contig_6078	113768	114014	gene,mRNA	.	contig_6078:113768-114014,contig_6078:113768-114014
contig_6098	589231	589354	intergenic	.	contig_6098:589231-589354
contig_6098	799723	799904	intergenic	.	contig_6098:799723-799904
contig_6098	1192355	1192514	intergenic	.	contig_6098:1192355-1192514
contig_6098	1503382	1503591	intergenic	.	contig_6098:1503382-1503591
contig_6098	1511211	1511584	intergenic	.	contig_6098:1511211-1511584
contig_6098	1856813	1857515	intergenic	.	contig_6098:1856813-1857515
contig_612	838693	838866	intergenic	.	contig_612:838693-838866
contig_6123	902595	902699	intergenic	.	contig_6123:902595-902699
contig_6123	1697327	1697544	intergenic	.	contig_6123:1697327-1697544
contig_6123	3015944	3016014	intergenic	.	contig_6123:3015944-3016014
contig_6123	3016117	3016309	intergenic	.	contig_6123:3016117-3016309
contig_6123	3187690	3187884	intergenic	.	contig_6123:3187690-3187884
contig_6146	10277	10671	intergenic	.	contig_6146:10277-10671
contig_6146	26382	26667	intergenic	.	contig_6146:26382-26667
contig_6146	60788	61116	intergenic	.	contig_6146:60788-61116
contig_6146	277330	277403	intergenic	.	contig_6146:277330-277403
contig_6146	277635	277734	intergenic	.	contig_6146:277635-277734
contig_6167	193661	193762	gene,mRNA	.	contig_6167:193661-193762,contig_6167:193661-193762
contig_6167	215414	215452	intergenic	.	contig_6167:215414-215452
contig_6174	88679	88914	intergenic	.	contig_6174:88679-88914
contig_6193	352215	352365	intergenic	.	contig_6193:352215-352365
contig_6193	434608	434838	intergenic	.	contig_6193:434608-434838
contig_6193	499166	499401	intergenic	.	contig_6193:499166-499401
contig_6193	516426	516613	gene,mRNA	.	contig_6193:516426-516613,contig_6193:516426-516613
contig_6196	325605	326307	intergenic	.	contig_6196:325605-326307
contig_6201	49625	49969	exon,CDS,gene,mRNA	.	contig_6201:49625-49969,contig_6201:49625-49969,contig_6201:49625-49969,contig_6201:49625-49969
contig_6201	92771	92847	intergenic	.	contig_6201:92771-92847
contig_6201	178282	178559	intergenic	.	contig_6201:178282-178559
contig_6201	227172	227337	intergenic	.	contig_6201:227172-227337
contig_6201	359555	359749	intergenic	.	contig_6201:359555-359749
contig_6201	360356	360493	intergenic	.	contig_6201:360356-360493
contig_6201	360606	360846	intergenic	.	contig_6201:360606-360846
contig_6227	65401	65475	intergenic	.	contig_6227:65401-65475
contig_6227	806798	806855	intergenic	.	contig_6227:806798-806855
contig_6227	807009	807264	intergenic	.	contig_6227:807009-807264
contig_6227	1376703	1376775	intergenic	.	contig_6227:1376703-1376775
contig_6241	182738	182990	intergenic	.	contig_6241:182738-182990
contig_6241	312767	312980	intergenic	.	contig_6241:312767-312980
contig_6242	65973	66164	gene,mRNA	.	contig_6242:65973-66164,contig_6242:65973-66164
contig_6245	179763	179979	intergenic	.	contig_6245:179763-179979
contig_6249	249779	250016	intergenic	.	contig_6249:249779-250016
contig_6249	796466	796697	intergenic	.	contig_6249:796466-796697
contig_6249	929329	929492	intergenic	.	contig_6249:929329-929492
contig_6249	929560	929632	intergenic	.	contig_6249:929560-929632
contig_6252	30833	30892	intergenic	.	contig_6252:30833-30892
contig_6252	30973	31169	intergenic	.	contig_6252:30973-31169
contig_6265	189434	189650	intergenic	.	contig_6265:189434-189650
contig_6265	242199	242735	intergenic	.	contig_6265:242199-242735
contig_6265	381587	381742	intergenic	.	contig_6265:381587-381742
contig_6272	47075	47573	intergenic	.	contig_6272:47075-47573
contig_6272	221481	221559	intergenic	.	contig_6272:221481-221559
contig_629	75325	75448	intergenic	.	contig_629:75325-75448
contig_629	75622	75787	intergenic	.	contig_629:75622-75787
contig_6318	83521	83691	gene,mRNA	.	contig_6318:83521-83691,contig_6318:83521-83691
contig_6318	96726	96817	gene,mRNA	.	contig_6318:96726-96817,contig_6318:96726-96817
contig_6321	214726	214765	intergenic	.	contig_6321:214726-214765
contig_634	534932	535046	intergenic	.	contig_634:534932-535046
contig_634	540062	540184	exon,CDS,gene,mRNA	.	contig_634:540062-540184,contig_634:540062-540184,contig_634:540062-540184,contig_634:540062-540184
contig_635	40829	41067	intergenic	.	contig_635:40829-41067
contig_635	41919	42081	intergenic	.	contig_635:41919-42081
contig_6356	49575	49846	intergenic	.	contig_6356:49575-49846
contig_6356	260460	260552	intergenic	.	contig_6356:260460-260552
contig_6356	287970	288047	intergenic	.	contig_6356:287970-288047
contig_6356	297917	298016	gene	.	contig_6356:297917-298016
contig_6356	298144	298338	polyA_signal_sequence,gene	.	contig_6356:298144-298338,contig_6356:298144-298338
contig_6356	298194	298338	intergenic	.	contig_6356:298194-298338
contig_6389	204121	204292	gene,mRNA	.	contig_6389:204121-204292,contig_6389:204121-204292
contig_6395	43589	43846	intergenic	.	contig_6395:43589-43846
contig_6395	481968	482176	intergenic	.	contig_6395:481968-482176
contig_6395	520749	520779	intergenic	.	contig_6395:520749-520779
contig_6395	811593	811850	intergenic	.	contig_6395:811593-811850
contig_6395	1003191	1003374	gene,mRNA	.	contig_6395:1003191-1003374,contig_6395:1003191-1003374
contig_6407	500770	500991	intergenic	.	contig_6407:500770-500991
contig_6422	2966	3098	intergenic	.	contig_6422:2966-3098
contig_6422	109392	109870	intergenic	.	contig_6422:109392-109870
contig_6422	178971	179236	intergenic	.	contig_6422:178971-179236
contig_6422	220020	220218	intergenic	.	contig_6422:220020-220218
contig_6422	323808	323916	intergenic	.	contig_6422:323808-323916
contig_6422	392137	392437	intergenic	.	contig_6422:392137-392437
contig_6422	447119	447434	intergenic	.	contig_6422:447119-447434
contig_6422	553394	553970	intergenic	.	contig_6422:553394-553970
contig_6422	752946	753114	intergenic	.	contig_6422:752946-753114
contig_6422	1031880	1032106	intergenic	.	contig_6422:1031880-1032106
contig_6422	1138378	1138625	intergenic	.	contig_6422:1138378-1138625
contig_6444	218622	218722	gene,mRNA	.	contig_6444:218622-218722,contig_6444:218622-218722
contig_6444	473600	473912	intergenic	.	contig_6444:473600-473912
contig_6444	487129	487463	intergenic	.	contig_6444:487129-487463
contig_6444	667984	668056	intergenic	.	contig_6444:667984-668056
contig_6444	1600341	1600549	intergenic	.	contig_6444:1600341-1600549
contig_6444	2009906	2010003	gene,mRNA	.	contig_6444:2009906-2010003,contig_6444:2009906-2010003
contig_6457	393760	393989	intergenic	.	contig_6457:393760-393989
contig_6457	525467	525684	intergenic	.	contig_6457:525467-525684
contig_6457	533846	534025	intergenic	.	contig_6457:533846-534025
contig_6457	568886	569311	intergenic	.	contig_6457:568886-569311
contig_6469	114399	114737	gene,mRNA	.	contig_6469:114399-114737,contig_6469:114399-114737
contig_6469	215045	215107	gene,mRNA	.	contig_6469:215045-215107,contig_6469:215045-215107
contig_6470	94862	95340	intergenic	.	contig_6470:94862-95340
contig_6470	157436	157552	intergenic	.	contig_6470:157436-157552
contig_6485	204560	204744	intergenic	.	contig_6485:204560-204744
contig_6485	405806	405917	intergenic	.	contig_6485:405806-405917
contig_6485	562382	562494	gene,mRNA	.	contig_6485:562382-562494,contig_6485:562382-562494
contig_6485	682536	682748	intergenic	.	contig_6485:682536-682748
contig_6485	786290	786489	intergenic	.	contig_6485:786290-786489
contig_649	3731	3880	intergenic	.	contig_649:3731-3880
contig_65	731869	731901	intergenic	.	contig_65:731869-731901
contig_65	916582	916636	gene,mRNA	.	contig_65:916582-916636,contig_65:916582-916636
contig_65	3622966	3623030	intergenic	.	contig_65:3622966-3623030
contig_65	4271051	4271220	gene,mRNA	.	contig_65:4271051-4271220,contig_65:4271051-4271220
contig_65	4433427	4433679	intergenic	.	contig_65:4433427-4433679
contig_65	4938128	4938366	gene,mRNA	.	contig_65:4938128-4938366,contig_65:4938128-4938366
contig_65	5025308	5025466	intergenic	.	contig_65:5025308-5025466
contig_65	5333146	5333228	gene,mRNA	.	contig_65:5333146-5333228,contig_65:5333146-5333228
contig_65	5333298	5333353	gene,mRNA	.	contig_65:5333298-5333353,contig_65:5333298-5333353
contig_6518	2096927	2097309	gene,mRNA	.	contig_6518:2096927-2097309,contig_6518:2096927-2097309
contig_6519	65767	65891	intergenic	.	contig_6519:65767-65891
contig_6519	65987	66079	intergenic	.	contig_6519:65987-66079
contig_6519	1212336	1212688	intergenic	.	contig_6519:1212336-1212688
contig_6519	1229645	1229791	intergenic	.	contig_6519:1229645-1229791
contig_6519	1374172	1374380	intergenic	.	contig_6519:1374172-1374380
contig_6519	1873080	1873139	intergenic	.	contig_6519:1873080-1873139
contig_6522	185093	185351	intergenic	.	contig_6522:185093-185351
contig_6522	198810	198876	intergenic	.	contig_6522:198810-198876
contig_6522	375213	375373	intergenic	.	contig_6522:375213-375373
contig_654	429895	429899	intergenic	.	contig_654:429895-429899
contig_654	429895	429997	polyA_signal_sequence,gene	.	contig_654:429895-429997,contig_654:429895-429997
contig_6543	9344	9478	intergenic	.	contig_6543:9344-9478
contig_6543	16736	17125	intergenic	.	contig_6543:16736-17125
contig_6546	270324	270618	intergenic	.	contig_6546:270324-270618
contig_6560	615535	615600	intergenic	.	contig_6560:615535-615600
contig_6565	284381	284503	intergenic	.	contig_6565:284381-284503
contig_6565	430960	431103	intergenic	.	contig_6565:430960-431103
contig_6567	826115	826339	intergenic	.	contig_6567:826115-826339
contig_6567	826567	826614	intergenic	.	contig_6567:826567-826614
contig_6567	826741	826926	intergenic	.	contig_6567:826741-826926
contig_6567	1404415	1404519	intergenic	.	contig_6567:1404415-1404519
contig_6567	1598119	1598499	exon,CDS,gene,mRNA	.	contig_6567:1598119-1598499,contig_6567:1598119-1598499,contig_6567:1598119-1598499,contig_6567:1598119-1598499
contig_6567	2741091	2741283	gene,mRNA	.	contig_6567:2741091-2741283,contig_6567:2741091-2741283
contig_6568	158970	159022	intergenic	.	contig_6568:158970-159022
contig_6568	505359	505462	intergenic	.	contig_6568:505359-505462
contig_6582	309047	309117	intergenic	.	contig_6582:309047-309117
contig_659	22678	23126	intergenic	.	contig_659:22678-23126
contig_659	50114	50353	intergenic	.	contig_659:50114-50353
contig_6594	516226	516410	intergenic	.	contig_6594:516226-516410
contig_6594	555280	555525	intergenic	.	contig_6594:555280-555525
contig_6603	212105	212210	intergenic	.	contig_6603:212105-212210
contig_6603	230369	230847	intergenic	.	contig_6603:230369-230847
contig_6603	237814	237974	intergenic	.	contig_6603:237814-237974
contig_6603	265062	265248	intergenic	.	contig_6603:265062-265248
contig_6603	293332	293661	intergenic	.	contig_6603:293332-293661
contig_6603	316967	317316	gene,mRNA	.	contig_6603:316967-317316,contig_6603:316967-317316
contig_6603	564920	565175	intergenic	.	contig_6603:564920-565175
contig_6603	595593	595975	intergenic	.	contig_6603:595593-595975
contig_6603	596027	596161	intergenic	.	contig_6603:596027-596161
contig_6603	639763	639836	intergenic	.	contig_6603:639763-639836
contig_6603	859749	859874	intergenic	.	contig_6603:859749-859874
contig_6603	860197	860258	intergenic	.	contig_6603:860197-860258
contig_662	124244	124344	intergenic	.	contig_662:124244-124344
contig_662	124397	124519	intergenic	.	contig_662:124397-124519
contig_662	128572	129087	intergenic	.	contig_662:128572-129087
contig_662	209323	209799	intergenic	.	contig_662:209323-209799
contig_6622	267377	267508	intergenic	.	contig_6622:267377-267508
contig_6641	93907	94099	gene,mRNA	.	contig_6641:93907-94099,contig_6641:93907-94099
contig_6641	94472	95027	gene,mRNA	.	contig_6641:94472-95027,contig_6641:94472-95027
contig_6647	128743	129193	intergenic	.	contig_6647:128743-129193
contig_6647	435441	435663	intergenic	.	contig_6647:435441-435663
contig_6647	596079	596202	intergenic	.	contig_6647:596079-596202
contig_6647	716149	716387	gene,mRNA	.	contig_6647:716149-716387,contig_6647:716149-716387
contig_6647	943012	943148	gene,mRNA	.	contig_6647:943012-943148,contig_6647:943012-943148
contig_6647	1020617	1020809	intergenic	.	contig_6647:1020617-1020809
contig_6647	1020954	1021194	intergenic	.	contig_6647:1020954-1021194
contig_6647	1085569	1085895	intergenic	.	contig_6647:1085569-1085895
contig_6647	1123908	1124086	intergenic	.	contig_6647:1123908-1124086
contig_665	26513	26643	intergenic	.	contig_665:26513-26643
contig_665	83829	83992	intergenic	.	contig_665:83829-83992
contig_665	217808	217989	intergenic	.	contig_665:217808-217989
contig_665	568461	568737	intergenic	.	contig_665:568461-568737
contig_665	585026	585134	intergenic	.	contig_665:585026-585134
contig_665	585235	585450	intergenic	.	contig_665:585235-585450
contig_6655	25465	25542	intergenic	.	contig_6655:25465-25542
contig_6663	325124	325207	intergenic	.	contig_6663:325124-325207
contig_6663	886816	886846	intergenic	.	contig_6663:886816-886846
contig_6679	175125	175185	gene,mRNA	.	contig_6679:175125-175185,contig_6679:175125-175185
contig_669	279701	279754	intergenic	.	contig_669:279701-279754
contig_669	279827	279872	intergenic	.	contig_669:279827-279872
contig_669	279980	280108	intergenic	.	contig_669:279980-280108
contig_6695	680872	681151	intergenic	.	contig_6695:680872-681151
contig_6695	814895	814999	intergenic	.	contig_6695:814895-814999
contig_6695	815297	815343	intergenic	.	contig_6695:815297-815343
contig_6696	54719	54789	intergenic	.	contig_6696:54719-54789
contig_6696	150690	150821	intergenic	.	contig_6696:150690-150821
contig_6696	584841	584871	gene,mRNA	.	contig_6696:584841-584871,contig_6696:584841-584871
contig_6696	737804	737851	intergenic	.	contig_6696:737804-737851
contig_6706	506262	506380	intergenic	.	contig_6706:506262-506380
contig_671	13440	13500	intergenic	.	contig_671:13440-13500
contig_6731	684	964	intergenic	.	contig_6731:684-964
contig_6731	671673	672102	intergenic	.	contig_6731:671673-672102
contig_6731	818614	818701	intergenic	.	contig_6731:818614-818701
contig_6731	835619	835667	intergenic	.	contig_6731:835619-835667
contig_6736	18198	18319	intergenic	.	contig_6736:18198-18319
contig_6757	351304	351419	intergenic	.	contig_6757:351304-351419
contig_6760	181512	181728	intergenic	.	contig_6760:181512-181728
contig_6769	526315	526362	intergenic	.	contig_6769:526315-526362
contig_6769	845561	845647	intergenic	.	contig_6769:845561-845647
contig_6779	77214	77257	intergenic	.	contig_6779:77214-77257
contig_6779	533637	533748	intergenic	.	contig_6779:533637-533748
contig_6779	667726	667756	intergenic	.	contig_6779:667726-667756
contig_678	103824	103899	intergenic	.	contig_678:103824-103899
contig_678	103824	104292	gene,polyA_signal_sequence,mRNA,stop_codon,exon,CDS	.	contig_678:103824-104292,contig_678:103824-104292,contig_678:103824-104292,contig_678:103824-104292,contig_678:103824-104292,contig_678:103824-104292
contig_678	507451	507537	intergenic	.	contig_678:507451-507537
contig_678	507451	507746	gene,mRNA,start_codon,exon,CDS	.	contig_678:507451-507746,contig_678:507451-507746,contig_678:507451-507746,contig_678:507451-507746,contig_678:507451-507746
contig_678	511518	511808	intergenic	.	contig_678:511518-511808
contig_678	2257270	2257391	intergenic	.	contig_678:2257270-2257391
contig_678	2269299	2269518	intergenic	.	contig_678:2269299-2269518
contig_678	2307948	2308153	intergenic	.	contig_678:2307948-2308153
contig_678	2332552	2332705	intergenic	.	contig_678:2332552-2332705
contig_679	555172	555374	intergenic	.	contig_679:555172-555374
contig_679	569880	570089	intergenic	.	contig_679:569880-570089
contig_679	596023	596115	intergenic	.	contig_679:596023-596115
contig_679	646052	646148	intergenic	.	contig_679:646052-646148
contig_679	972493	972804	intergenic	.	contig_679:972493-972804
contig_679	1052214	1052431	intergenic	.	contig_679:1052214-1052431
contig_679	1119024	1119624	intergenic	.	contig_679:1119024-1119624
contig_679	1377426	1377633	intergenic	.	contig_679:1377426-1377633
contig_679	2112060	2112391	intergenic	.	contig_679:2112060-2112391
contig_679	2360162	2360318	gene,mRNA	.	contig_679:2360162-2360318,contig_679:2360162-2360318
contig_679	3529603	3529787	intergenic	.	contig_679:3529603-3529787
contig_6794	162808	162930	intergenic	.	contig_6794:162808-162930
contig_6794	622826	622966	intergenic	.	contig_6794:622826-622966
contig_6794	667316	667505	intergenic	.	contig_6794:667316-667505
contig_6794	1634078	1634242	intergenic	.	contig_6794:1634078-1634242
contig_6855	132326	132429	intergenic	.	contig_6855:132326-132429
contig_6855	222116	222221	intergenic	.	contig_6855:222116-222221
contig_6855	365570	365793	intergenic	.	contig_6855:365570-365793
contig_6864	242188	242263	intergenic	.	contig_6864:242188-242263
contig_6864	257465	257535	intergenic	.	contig_6864:257465-257535
contig_6864	876501	876693	intergenic	.	contig_6864:876501-876693
contig_6864	931700	932880	intergenic	.	contig_6864:931700-932880
contig_6898	263379	263634	intergenic	.	contig_6898:263379-263634
contig_69	699142	699324	intergenic	.	contig_69:699142-699324
contig_69	976540	976616	intergenic	.	contig_69:976540-976616
contig_69	982307	982486	intergenic	.	contig_69:982307-982486
contig_69	982307	982849	polyA_signal_sequence,stop_codon,exon,CDS,gene,mRNA	.	contig_69:982307-982849,contig_69:982307-982849,contig_69:982307-982849,contig_69:982307-982849,contig_69:982307-982849,contig_69:982307-982849
contig_69	1291633	1291825	gene,mRNA	.	contig_69:1291633-1291825,contig_69:1291633-1291825
contig_69	1544966	1545235	intergenic	.	contig_69:1544966-1545235
contig_69	1545479	1545524	intergenic	.	contig_69:1545479-1545524
contig_69	2251396	2251653	gene,mRNA	.	contig_69:2251396-2251653,contig_69:2251396-2251653
contig_69	2620816	2621236	mRNA,exon,CDS,gene	.	contig_69:2620816-2621236,contig_69:2620816-2621236,contig_69:2620816-2621236,contig_69:2620816-2621236
contig_69	2950085	2950474	exon,CDS,stop_codon,gene,mRNA	.	contig_69:2950085-2950474,contig_69:2950085-2950474,contig_69:2950085-2950474,contig_69:2950085-2950474,contig_69:2950085-2950474
contig_69	3411873	3411944	intergenic	.	contig_69:3411873-3411944
contig_69	3481356	3481391	intergenic	.	contig_69:3481356-3481391
contig_69	3593834	3594036	intergenic	.	contig_69:3593834-3594036
contig_69	4229287	4229439	intergenic	.	contig_69:4229287-4229439
contig_69	4437066	4437238	intergenic	.	contig_69:4437066-4437238
contig_69	4523281	4523685	intergenic	.	contig_69:4523281-4523685
contig_69	4827346	4827521	gene,mRNA	.	contig_69:4827346-4827521,contig_69:4827346-4827521
contig_69	4930656	4930974	gene,mRNA	.	contig_69:4930656-4930974,contig_69:4930656-4930974
contig_69	4942997	4943262	gene,mRNA	.	contig_69:4942997-4943262,contig_69:4942997-4943262
contig_6921	534909	535012	intergenic	.	contig_6921:534909-535012
contig_6921	836423	836634	gene,mRNA	.	contig_6921:836423-836634,contig_6921:836423-836634
contig_6921	1107060	1107147	intergenic	.	contig_6921:1107060-1107147
contig_6921	1133390	1133524	intergenic	.	contig_6921:1133390-1133524
contig_6928	284838	285279	gene,mRNA	.	contig_6928:284838-285279,contig_6928:284838-285279
contig_6928	757120	757192	intergenic	.	contig_6928:757120-757192
contig_6928	879600	879965	intergenic	.	contig_6928:879600-879965
contig_6928	1144391	1144712	exon,CDS,stop_codon,polyA_signal_sequence,gene,mRNA	.	contig_6928:1144391-1144712,contig_6928:1144391-1144712,contig_6928:1144391-1144712,contig_6928:1144391-1144712,contig_6928:1144391-1144712,contig_6928:1144391-1144712
contig_6928	1144692	1144712	intergenic	.	contig_6928:1144692-1144712
contig_6928	1147354	1147617	intergenic	.	contig_6928:1147354-1147617
contig_6928	1245930	1246203	intergenic	.	contig_6928:1245930-1246203
contig_6932	511199	511446	intergenic	.	contig_6932:511199-511446
contig_6932	511521	511669	intergenic	.	contig_6932:511521-511669
contig_6936	368593	368709	intergenic	.	contig_6936:368593-368709
contig_6936	804234	804488	intergenic	.	contig_6936:804234-804488
contig_6936	907361	907640	intergenic	.	contig_6936:907361-907640
contig_6936	987241	987403	gene,mRNA	.	contig_6936:987241-987403,contig_6936:987241-987403
contig_6941	425127	425435	intergenic	.	contig_6941:425127-425435
contig_6949	61684	61862	gene,polyA_signal_sequence	.	contig_6949:61684-61862,contig_6949:61684-61862
contig_6949	61700	61862	intergenic	.	contig_6949:61700-61862
contig_6949	523731	523884	intergenic	.	contig_6949:523731-523884
contig_6949	1461020	1461238	intergenic	.	contig_6949:1461020-1461238
contig_6949	1804784	1805045	intergenic	.	contig_6949:1804784-1805045
contig_6949	1808523	1808554	intergenic	.	contig_6949:1808523-1808554
contig_6949	1840081	1840165	intergenic	.	contig_6949:1840081-1840165
contig_6967	506095	506340	intergenic	.	contig_6967:506095-506340
contig_7007	345299	345456	intergenic	.	contig_7007:345299-345456
contig_7007	1711803	1712072	intergenic	.	contig_7007:1711803-1712072
contig_7013	541020	541095	gene,mRNA	.	contig_7013:541020-541095,contig_7013:541020-541095
contig_7016	117667	117768	intergenic	.	contig_7016:117667-117768
contig_702	1246572	1247077	gene,mRNA	.	contig_702:1246572-1247077,contig_702:1246572-1247077
contig_7025	522750	522812	intergenic	.	contig_7025:522750-522812
contig_7045	39522	39687	intergenic	.	contig_7045:39522-39687
contig_7045	290087	290123	intergenic	.	contig_7045:290087-290123
contig_7045	403323	403417	intergenic	.	contig_7045:403323-403417
contig_7045	591115	591194	intergenic	.	contig_7045:591115-591194
contig_7045	1213761	1214005	intergenic	.	contig_7045:1213761-1214005
contig_7045	1427953	1428133	intergenic	.	contig_7045:1427953-1428133
contig_7045	1432087	1432152	intergenic	.	contig_7045:1432087-1432152
contig_7045	1485456	1485494	intergenic	.	contig_7045:1485456-1485494
contig_7045	1833966	1834339	gene,mRNA	.	contig_7045:1833966-1834339,contig_7045:1833966-1834339
contig_7045	2198128	2198207	intergenic	.	contig_7045:2198128-2198207
contig_7047	233907	234071	intergenic	.	contig_7047:233907-234071
contig_7047	234307	234482	intergenic	.	contig_7047:234307-234482
contig_7047	234717	234854	intergenic	.	contig_7047:234717-234854
contig_7047	235414	235508	intergenic	.	contig_7047:235414-235508
contig_7047	235732	235932	intergenic	.	contig_7047:235732-235932
contig_7047	472010	472076	intergenic	.	contig_7047:472010-472076
contig_7047	483657	483794	intergenic	.	contig_7047:483657-483794
contig_7047	483896	483999	intergenic	.	contig_7047:483896-483999
contig_7047	484060	484242	intergenic	.	contig_7047:484060-484242
contig_7048	143077	143262	intergenic	.	contig_7048:143077-143262
contig_7048	143339	143443	intergenic	.	contig_7048:143339-143443
contig_7048	143613	143710	intergenic	.	contig_7048:143613-143710
contig_7048	543194	543429	intergenic	.	contig_7048:543194-543429
contig_7048	814282	814428	intergenic	.	contig_7048:814282-814428
contig_7048	814628	814714	intergenic	.	contig_7048:814628-814714
contig_7048	825265	825310	intergenic	.	contig_7048:825265-825310
contig_7055	27538	27584	intergenic	.	contig_7055:27538-27584
contig_7056	50014	50145	intergenic	.	contig_7056:50014-50145
contig_7089	48589	48876	intergenic	.	contig_7089:48589-48876
contig_7089	229744	229837	intergenic	.	contig_7089:229744-229837
contig_7089	229744	230155	polyA_signal_sequence,stop_codon,exon,CDS,gene,mRNA	.	contig_7089:229744-230155,contig_7089:229744-230155,contig_7089:229744-230155,contig_7089:229744-230155,contig_7089:229744-230155,contig_7089:229744-230155
contig_7089	276738	276864	intergenic	.	contig_7089:276738-276864
contig_7139	83206	83265	intergenic	.	contig_7139:83206-83265
contig_7139	83342	83445	intergenic	.	contig_7139:83342-83445
contig_7150	289102	289326	gene,mRNA	.	contig_7150:289102-289326,contig_7150:289102-289326
contig_7150	439159	439253	intergenic	.	contig_7150:439159-439253
contig_7157	70835	70969	intergenic	.	contig_7157:70835-70969
contig_7158	307133	307205	intergenic	.	contig_7158:307133-307205
contig_7158	499438	499485	intergenic	.	contig_7158:499438-499485
contig_7159	1467845	1467941	gene,mRNA	.	contig_7159:1467845-1467941,contig_7159:1467845-1467941
contig_7159	2228011	2228284	intergenic	.	contig_7159:2228011-2228284
contig_7159	5494758	5494872	intergenic	.	contig_7159:5494758-5494872
contig_7160	1018522	1018796	intergenic	.	contig_7160:1018522-1018796
contig_7171	19173	19265	intergenic	.	contig_7171:19173-19265
contig_7171	403475	403803	intergenic	.	contig_7171:403475-403803
contig_7171	488585	488761	intergenic	.	contig_7171:488585-488761
contig_7171	575706	575780	intergenic	.	contig_7171:575706-575780
contig_7171	719041	719155	gene,mRNA	.	contig_7171:719041-719155,contig_7171:719041-719155
contig_7171	816866	817100	gene,mRNA	.	contig_7171:816866-817100,contig_7171:816866-817100
contig_7171	817605	817749	gene,mRNA	.	contig_7171:817605-817749,contig_7171:817605-817749
contig_7171	817814	817919	gene,mRNA	.	contig_7171:817814-817919,contig_7171:817814-817919
contig_7197	42959	43331	intergenic	.	contig_7197:42959-43331
contig_7197	94141	94273	intergenic	.	contig_7197:94141-94273
contig_7197	120354	120744	intergenic	.	contig_7197:120354-120744
contig_7209	73888	73988	intergenic	.	contig_7209:73888-73988
contig_7209	388817	389179	gene,mRNA	.	contig_7209:388817-389179,contig_7209:388817-389179
contig_7209	550185	550417	intergenic	.	contig_7209:550185-550417
contig_7209	860283	860659	intergenic	.	contig_7209:860283-860659
contig_7212	76879	76935	intergenic	.	contig_7212:76879-76935
contig_7212	299819	299989	intergenic	.	contig_7212:299819-299989
contig_7212	773053	773692	intergenic	.	contig_7212:773053-773692
contig_7215	6692	6768	intergenic	.	contig_7215:6692-6768
contig_7215	6877	7059	intergenic	.	contig_7215:6877-7059
contig_7266	587594	587778	intergenic	.	contig_7266:587594-587778
contig_7275	167910	168175	intergenic	.	contig_7275:167910-168175
contig_7275	203303	203502	exon,CDS,gene,mRNA	.	contig_7275:203303-203502,contig_7275:203303-203502,contig_7275:203303-203502,contig_7275:203303-203502
contig_7281	513313	513343	exon,CDS,gene,mRNA	.	contig_7281:513313-513343,contig_7281:513313-513343,contig_7281:513313-513343,contig_7281:513313-513343
contig_7281	648481	648557	intergenic	.	contig_7281:648481-648557
contig_7281	648623	648923	intergenic	.	contig_7281:648623-648923
contig_7281	722479	722685	intergenic	.	contig_7281:722479-722685
contig_7281	826270	826331	gene,mRNA	.	contig_7281:826270-826331,contig_7281:826270-826331
contig_7281	828527	828937	gene,mRNA,exon,CDS,start_codon	.	contig_7281:828527-828937,contig_7281:828527-828937,contig_7281:828527-828937,contig_7281:828527-828937,contig_7281:828527-828937
contig_7281	828660	828937	intergenic	.	contig_7281:828660-828937
contig_7281	837536	837708	intergenic	.	contig_7281:837536-837708
contig_7295	168247	168552	intergenic	.	contig_7295:168247-168552
contig_7295	546579	546645	intergenic	.	contig_7295:546579-546645
contig_7295	546759	546858	intergenic	.	contig_7295:546759-546858
contig_7295	599814	600106	gene,mRNA	.	contig_7295:599814-600106,contig_7295:599814-600106
contig_730	108514	108570	intergenic	.	contig_730:108514-108570
contig_7307	121912	122179	intergenic	.	contig_7307:121912-122179
contig_7307	136066	136140	intergenic	.	contig_7307:136066-136140
contig_7317	624717	625149	intergenic	.	contig_7317:624717-625149
contig_7346	22538	22586	intergenic	.	contig_7346:22538-22586
contig_7346	22637	22684	intergenic	.	contig_7346:22637-22684
contig_7351	235602	235662	intergenic	.	contig_7351:235602-235662
contig_7351	306679	306853	intergenic	.	contig_7351:306679-306853
contig_7351	443384	443598	intergenic	.	contig_7351:443384-443598
contig_7380	41827	41920	intergenic	.	contig_7380:41827-41920
contig_7380	217537	217810	intergenic	.	contig_7380:217537-217810
contig_7380	240657	240710	intergenic	.	contig_7380:240657-240710
contig_7380	240771	241154	intergenic	.	contig_7380:240771-241154
contig_7380	277680	277884	gene,mRNA	.	contig_7380:277680-277884,contig_7380:277680-277884
contig_7380	295259	295706	gene,mRNA	.	contig_7380:295259-295706,contig_7380:295259-295706
contig_7380	768941	769099	gene,mRNA	.	contig_7380:768941-769099,contig_7380:768941-769099
contig_7380	997838	997902	intergenic	.	contig_7380:997838-997902
contig_7380	998537	998604	intergenic	.	contig_7380:998537-998604
contig_7380	1319666	1319943	intergenic	.	contig_7380:1319666-1319943
contig_7435	142039	142491	intergenic	.	contig_7435:142039-142491
contig_7435	210317	210436	intergenic	.	contig_7435:210317-210436
contig_7445	213030	213085	intergenic	.	contig_7445:213030-213085
contig_745	427983	428248	intergenic	.	contig_745:427983-428248
contig_745	897414	897600	gene,mRNA	.	contig_745:897414-897600,contig_745:897414-897600
contig_7460	369580	369760	intergenic	.	contig_7460:369580-369760
contig_7460	499785	499990	gene,mRNA	.	contig_7460:499785-499990,contig_7460:499785-499990
contig_7465	653230	653421	gene,mRNA	.	contig_7465:653230-653421,contig_7465:653230-653421
contig_7465	1102829	1102901	gene,mRNA	.	contig_7465:1102829-1102901,contig_7465:1102829-1102901
contig_7488	234060	234184	intergenic	.	contig_7488:234060-234184
contig_7529	179099	179285	gene,mRNA	.	contig_7529:179099-179285,contig_7529:179099-179285
contig_7542	56030	56394	intergenic	.	contig_7542:56030-56394
contig_7548	125189	125273	intergenic	.	contig_7548:125189-125273
contig_7548	277378	277538	intergenic	.	contig_7548:277378-277538
contig_7548	351507	351707	gene,mRNA	.	contig_7548:351507-351707,contig_7548:351507-351707
contig_7548	360266	360318	intergenic	.	contig_7548:360266-360318
contig_7548	393580	393769	intergenic	.	contig_7548:393580-393769
contig_7553	6729	6800	intergenic	.	contig_7553:6729-6800
contig_7572	22432	22555	intergenic	.	contig_7572:22432-22555
contig_7572	484189	484419	intergenic	.	contig_7572:484189-484419
contig_7579	6463	6604	intergenic	.	contig_7579:6463-6604
contig_7579	6663	6897	intergenic	.	contig_7579:6663-6897
contig_7579	36956	37122	intergenic	.	contig_7579:36956-37122
contig_7581	81191	81311	intergenic	.	contig_7581:81191-81311
contig_7581	81671	81764	intergenic	.	contig_7581:81671-81764
contig_7581	189468	189512	intergenic	.	contig_7581:189468-189512
contig_7581	215500	215766	intergenic	.	contig_7581:215500-215766
contig_7581	317005	317222	gene,mRNA	.	contig_7581:317005-317222,contig_7581:317005-317222
contig_7590	615235	615449	gene,mRNA	.	contig_7590:615235-615449,contig_7590:615235-615449
contig_7624	124453	124513	intergenic	.	contig_7624:124453-124513
contig_7624	238997	239381	intergenic	.	contig_7624:238997-239381
contig_7624	311385	311675	intergenic	.	contig_7624:311385-311675
contig_7624	490662	490718	intergenic	.	contig_7624:490662-490718
contig_7631	65698	66021	intergenic	.	contig_7631:65698-66021
contig_7631	336414	336472	intergenic	.	contig_7631:336414-336472
contig_7631	514870	514928	intergenic	.	contig_7631:514870-514928
contig_7631	567297	567391	intergenic	.	contig_7631:567297-567391
contig_7697	252484	252641	intergenic	.	contig_7697:252484-252641
contig_7697	580022	580174	intergenic	.	contig_7697:580022-580174
contig_7697	580239	580363	intergenic	.	contig_7697:580239-580363
contig_7719	455190	455432	intergenic	.	contig_7719:455190-455432
contig_772	7585	7937	intergenic	.	contig_772:7585-7937
contig_772	97699	97835	intergenic	.	contig_772:97699-97835
contig_772	148520	148817	intergenic	.	contig_772:148520-148817
contig_772	344223	344709	intergenic	.	contig_772:344223-344709
contig_772	384224	384704	intergenic	.	contig_772:384224-384704
contig_7733	123906	124096	gene,mRNA,exon,CDS,stop_codon,polyA_signal_sequence	.	contig_7733:123906-124096,contig_7733:123906-124096,contig_7733:123906-124096,contig_7733:123906-124096,contig_7733:123906-124096,contig_7733:123906-124096
contig_7733	124091	124096	intergenic	.	contig_7733:124091-124096
contig_7733	274289	274699	intergenic	.	contig_7733:274289-274699
contig_7733	287383	287462	intergenic	.	contig_7733:287383-287462
contig_7733	661401	661504	gene,mRNA	.	contig_7733:661401-661504,contig_7733:661401-661504
contig_7733	954682	954758	gene,mRNA	.	contig_7733:954682-954758,contig_7733:954682-954758
contig_7733	963850	963880	intergenic	.	contig_7733:963850-963880
contig_7733	1180074	1180342	intergenic	.	contig_7733:1180074-1180342
contig_7805	1072446	1072826	gene,mRNA	.	contig_7805:1072446-1072826,contig_7805:1072446-1072826
contig_7805	1159181	1159247	intergenic	.	contig_7805:1159181-1159247
contig_7805	1509400	1509474	gene,mRNA	.	contig_7805:1509400-1509474,contig_7805:1509400-1509474
contig_7825	280040	280134	intergenic	.	contig_7825:280040-280134
contig_7825	280725	280853	intergenic	.	contig_7825:280725-280853
contig_7831	190817	191044	gene,mRNA	.	contig_7831:190817-191044,contig_7831:190817-191044
contig_7831	205301	205513	intergenic	.	contig_7831:205301-205513
contig_7831	303241	303279	intergenic	.	contig_7831:303241-303279
contig_7831	303354	303628	intergenic	.	contig_7831:303354-303628
contig_7831	476795	477001	intergenic	.	contig_7831:476795-477001
contig_7836	283402	283469	intergenic	.	contig_7836:283402-283469
contig_7836	330121	330277	intergenic	.	contig_7836:330121-330277
contig_7836	429931	430030	intergenic	.	contig_7836:429931-430030
contig_7836	940352	940557	gene	.	contig_7836:940352-940557
contig_7887	8443	8695	intergenic	.	contig_7887:8443-8695
contig_79	35573	35795	intergenic	.	contig_79:35573-35795
contig_79	35882	35941	intergenic	.	contig_79:35882-35941
contig_790	281801	282097	intergenic	.	contig_790:281801-282097
contig_790	322607	322704	gene,mRNA	.	contig_790:322607-322704,contig_790:322607-322704
contig_790	651351	651608	intergenic	.	contig_790:651351-651608
contig_7904	63926	64184	intergenic	.	contig_7904:63926-64184
contig_7904	73588	73708	intergenic	.	contig_7904:73588-73708
contig_7907	136115	136284	intergenic	.	contig_7907:136115-136284
contig_7907	512745	512839	intergenic	.	contig_7907:512745-512839
contig_7907	640470	640867	intergenic	.	contig_7907:640470-640867
contig_7907	825282	825539	intergenic	.	contig_7907:825282-825539
contig_7907	1037654	1037766	intergenic	.	contig_7907:1037654-1037766
contig_7922	1457	1540	intergenic	.	contig_7922:1457-1540
contig_7924	8921	9067	intergenic	.	contig_7924:8921-9067
contig_7927	37025	37232	intergenic	.	contig_7927:37025-37232
contig_7927	225354	225990	intergenic	.	contig_7927:225354-225990
contig_7927	264737	265058	intergenic	.	contig_7927:264737-265058
contig_7927	292008	292183	intergenic	.	contig_7927:292008-292183
contig_7927	403849	404211	gene,mRNA	.	contig_7927:403849-404211,contig_7927:403849-404211
contig_7927	472463	472643	gene,mRNA	.	contig_7927:472463-472643,contig_7927:472463-472643
contig_7927	609600	609850	intergenic	.	contig_7927:609600-609850
contig_7930	538776	539238	intergenic	.	contig_7930:538776-539238
contig_7930	921550	922013	intergenic	.	contig_7930:921550-922013
contig_7930	1004798	1004943	intergenic	.	contig_7930:1004798-1004943
contig_7930	1359057	1359212	intergenic	.	contig_7930:1359057-1359212
contig_7932	80748	80809	intergenic	.	contig_7932:80748-80809
contig_7932	95237	95293	intergenic	.	contig_7932:95237-95293
contig_7932	420974	421152	gene,mRNA	.	contig_7932:420974-421152,contig_7932:420974-421152
contig_7932	458135	458222	intergenic	.	contig_7932:458135-458222
contig_7932	461489	461578	intergenic	.	contig_7932:461489-461578
contig_7941	83762	84149	gene,mRNA	.	contig_7941:83762-84149,contig_7941:83762-84149
contig_7952	154142	154240	gene,mRNA	.	contig_7952:154142-154240,contig_7952:154142-154240
contig_7952	154485	154541	gene,mRNA	.	contig_7952:154485-154541,contig_7952:154485-154541
contig_7952	154594	154660	gene,mRNA	.	contig_7952:154594-154660,contig_7952:154594-154660
contig_7952	154865	155002	gene,mRNA	.	contig_7952:154865-155002,contig_7952:154865-155002
contig_7952	155477	155556	gene,mRNA	.	contig_7952:155477-155556,contig_7952:155477-155556
contig_7952	155655	155876	gene,mRNA	.	contig_7952:155655-155876,contig_7952:155655-155876
contig_7976	473581	473643	intergenic	.	contig_7976:473581-473643
contig_7976	473953	473991	intergenic	.	contig_7976:473953-473991
contig_7988	98491	98752	intergenic	.	contig_7988:98491-98752
contig_7988	104791	104927	intergenic	.	contig_7988:104791-104927
contig_7988	186521	187102	gene,mRNA	.	contig_7988:186521-187102,contig_7988:186521-187102
contig_7988	400342	400602	intergenic	.	contig_7988:400342-400602
contig_7988	404569	404743	intergenic	.	contig_7988:404569-404743
contig_7988	460696	461129	intergenic	.	contig_7988:460696-461129
contig_7988	508504	508702	intergenic	.	contig_7988:508504-508702
contig_7988	572608	572724	intergenic	.	contig_7988:572608-572724
contig_7988	572996	573068	intergenic	.	contig_7988:572996-573068
contig_7988	572996	573500	start_codon,exon,CDS,gene,mRNA	.	contig_7988:572996-573500,contig_7988:572996-573500,contig_7988:572996-573500,contig_7988:572996-573500,contig_7988:572996-573500
contig_7988	613641	614008	intergenic	.	contig_7988:613641-614008
contig_7988	649283	649407	intergenic	.	contig_7988:649283-649407
contig_7988	649498	649597	intergenic	.	contig_7988:649498-649597
contig_8001	202132	202290	gene,mRNA	.	contig_8001:202132-202290,contig_8001:202132-202290
contig_8001	487422	487500	intergenic	.	contig_8001:487422-487500
contig_8001	938613	938744	gene,mRNA	.	contig_8001:938613-938744,contig_8001:938613-938744
contig_8003	28207	28526	gene,mRNA	.	contig_8003:28207-28526,contig_8003:28207-28526
contig_8004	48426	49070	gene,mRNA	.	contig_8004:48426-49070,contig_8004:48426-49070
contig_8007	33239	33445	intergenic	.	contig_8007:33239-33445
contig_8007	280053	280224	gene,mRNA	.	contig_8007:280053-280224,contig_8007:280053-280224
contig_8007	321590	321835	intergenic	.	contig_8007:321590-321835
contig_8007	667576	668337	gene,mRNA	.	contig_8007:667576-668337,contig_8007:667576-668337
contig_8007	1090981	1091342	intergenic	.	contig_8007:1090981-1091342
contig_8007	1287600	1287743	gene,mRNA	.	contig_8007:1287600-1287743,contig_8007:1287600-1287743
contig_8007	1602403	1602634	gene,mRNA	.	contig_8007:1602403-1602634,contig_8007:1602403-1602634
contig_8007	2104344	2104492	intergenic	.	contig_8007:2104344-2104492
contig_8007	2189928	2190323	intergenic	.	contig_8007:2189928-2190323
contig_8007	2190393	2190551	intergenic	.	contig_8007:2190393-2190551
contig_8007	2434953	2435066	intergenic	.	contig_8007:2434953-2435066
contig_8007	2437427	2437732	intergenic	.	contig_8007:2437427-2437732
contig_8007	2526630	2526802	intergenic	.	contig_8007:2526630-2526802
contig_8009	469500	469750	gene,mRNA	.	contig_8009:469500-469750,contig_8009:469500-469750
contig_8009	490851	491028	gene,mRNA	.	contig_8009:490851-491028,contig_8009:490851-491028
contig_8018	72545	72785	gene,mRNA,exon,CDS	.	contig_8018:72545-72785,contig_8018:72545-72785,contig_8018:72545-72785,contig_8018:72545-72785
contig_8018	105785	105879	intergenic	.	contig_8018:105785-105879
contig_8028	673387	673498	gene,mRNA	.	contig_8028:673387-673498,contig_8028:673387-673498
contig_8035	468564	468596	intergenic	.	contig_8035:468564-468596
contig_8035	757448	757557	intergenic	.	contig_8035:757448-757557
contig_8036	8946	9129	intergenic	.	contig_8036:8946-9129
contig_8041	171035	171254	intergenic	.	contig_8041:171035-171254
contig_8041	444170	444345	intergenic	.	contig_8041:444170-444345
contig_8041	563642	563773	intergenic	.	contig_8041:563642-563773
contig_8041	824180	824213	gene,mRNA	.	contig_8041:824180-824213,contig_8041:824180-824213
contig_8059	415011	415148	intergenic	.	contig_8059:415011-415148
contig_8082	3810	4065	intergenic	.	contig_8082:3810-4065
contig_8082	437293	437367	gene,mRNA	.	contig_8082:437293-437367,contig_8082:437293-437367
contig_809	736655	736703	gene,mRNA	.	contig_809:736655-736703,contig_809:736655-736703
contig_81	139959	140201	intergenic	.	contig_81:139959-140201
contig_8115	375471	375547	intergenic	.	contig_8115:375471-375547
contig_8115	478224	478263	intergenic	.	contig_8115:478224-478263
contig_8115	488531	488690	intergenic	.	contig_8115:488531-488690
contig_8115	488858	489056	intergenic	.	contig_8115:488858-489056
contig_815	1276704	1276996	intergenic	.	contig_815:1276704-1276996
contig_8150	93235	93310	intergenic	.	contig_8150:93235-93310
contig_8177	148891	148993	gene,mRNA	.	contig_8177:148891-148993,contig_8177:148891-148993
contig_8180	155074	155241	intergenic	.	contig_8180:155074-155241
contig_8180	314870	315053	intergenic	.	contig_8180:314870-315053
contig_8223	33132	33429	intergenic	.	contig_8223:33132-33429
contig_8223	194064	194129	intergenic	.	contig_8223:194064-194129
contig_8226	104019	104245	intergenic	.	contig_8226:104019-104245
contig_8229	29977	30059	intergenic	.	contig_8229:29977-30059
contig_8229	31949	32151	intergenic	.	contig_8229:31949-32151
contig_8242	1477	1624	intergenic	.	contig_8242:1477-1624
contig_8242	1477	1722	gene,mRNA,start_codon,exon,CDS	.	contig_8242:1477-1722,contig_8242:1477-1722,contig_8242:1477-1722,contig_8242:1477-1722,contig_8242:1477-1722
contig_8242	143989	144216	intergenic	.	contig_8242:143989-144216
contig_8242	187899	187964	gene,mRNA	.	contig_8242:187899-187964,contig_8242:187899-187964
contig_8242	212119	212225	intergenic	.	contig_8242:212119-212225
contig_8242	212289	212461	intergenic	.	contig_8242:212289-212461
contig_8242	329617	329897	intergenic	.	contig_8242:329617-329897
contig_8260	33377	33511	intergenic	.	contig_8260:33377-33511
contig_8264	37826	37966	intergenic	.	contig_8264:37826-37966
contig_8264	126727	126980	intergenic	.	contig_8264:126727-126980
contig_8264	177887	177989	intergenic	.	contig_8264:177887-177989
contig_8264	309434	309546	intergenic	.	contig_8264:309434-309546
contig_8295	627672	627791	intergenic	.	contig_8295:627672-627791
contig_83	16474	16876	intergenic	.	contig_83:16474-16876
contig_83	187025	187083	intergenic	.	contig_83:187025-187083
contig_8305	55936	56013	intergenic	.	contig_8305:55936-56013
contig_8305	85579	85609	intergenic	.	contig_8305:85579-85609
contig_831	84325	84355	gene,mRNA	.	contig_831:84325-84355,contig_831:84325-84355
contig_831	1765602	1765739	intergenic	.	contig_831:1765602-1765739
contig_831	2404001	2404067	intergenic	.	contig_831:2404001-2404067
contig_831	3908520	3908943	intergenic	.	contig_831:3908520-3908943
contig_831	4687120	4687181	gene,mRNA	.	contig_831:4687120-4687181,contig_831:4687120-4687181
contig_831	5210428	5210635	intergenic	.	contig_831:5210428-5210635
contig_831	5210767	5210825	intergenic	.	contig_831:5210767-5210825
contig_831	6031132	6031174	intergenic	.	contig_831:6031132-6031174
contig_831	6031260	6031376	intergenic	.	contig_831:6031260-6031376
contig_832	12626	12864	intergenic	.	contig_832:12626-12864
contig_835	607	732	intergenic	.	contig_835:607-732
contig_835	607	973	gene,mRNA,exon,CDS,stop_codon	.	contig_835:607-973,contig_835:607-973,contig_835:607-973,contig_835:607-973,contig_835:607-973
contig_8358	270125	270321	intergenic	.	contig_8358:270125-270321
contig_8358	497909	498093	intergenic	.	contig_8358:497909-498093
contig_8358	514981	515080	intergenic	.	contig_8358:514981-515080
contig_8372	17158	17316	gene,mRNA	.	contig_8372:17158-17316,contig_8372:17158-17316
contig_8372	455347	455805	intergenic	.	contig_8372:455347-455805
contig_8385	292349	292515	intergenic	.	contig_8385:292349-292515
contig_8385	292614	292656	intergenic	.	contig_8385:292614-292656
contig_8397	119596	119762	intergenic	.	contig_8397:119596-119762
contig_8397	269565	269820	intergenic	.	contig_8397:269565-269820
contig_8397	542264	542590	intergenic	.	contig_8397:542264-542590
contig_8397	543622	543869	intergenic	.	contig_8397:543622-543869
contig_8397	544057	544268	intergenic	.	contig_8397:544057-544268
contig_8397	631167	631267	intergenic	.	contig_8397:631167-631267
contig_8397	631408	631660	intergenic	.	contig_8397:631408-631660
contig_8397	711495	711665	intergenic	.	contig_8397:711495-711665
contig_8397	771344	771716	intergenic	.	contig_8397:771344-771716
contig_8397	773256	773412	intergenic	.	contig_8397:773256-773412
contig_8397	784877	785321	intergenic	.	contig_8397:784877-785321
contig_84	2783003	2783187	intergenic	.	contig_84:2783003-2783187
contig_8403	58847	59034	intergenic	.	contig_8403:58847-59034
contig_8407	62674	62889	intergenic	.	contig_8407:62674-62889
contig_8407	63215	63521	intergenic	.	contig_8407:63215-63521
contig_8410	129646	129943	intergenic	.	contig_8410:129646-129943
contig_8410	266431	266898	intergenic	.	contig_8410:266431-266898
contig_8414	38704	39045	intergenic	.	contig_8414:38704-39045
contig_8414	769751	770018	intergenic	.	contig_8414:769751-770018
contig_8426	525675	525862	intergenic	.	contig_8426:525675-525862
contig_8442	80805	80904	gene,mRNA	.	contig_8442:80805-80904,contig_8442:80805-80904
contig_8446	288193	288294	intergenic	.	contig_8446:288193-288294
contig_8446	1094826	1095025	intergenic	.	contig_8446:1094826-1095025
contig_8446	1859656	1859718	gene,mRNA	.	contig_8446:1859656-1859718,contig_8446:1859656-1859718
contig_846	133714	134018	intergenic	.	contig_846:133714-134018
contig_846	135017	135060	intergenic	.	contig_846:135017-135060
contig_846	332167	332428	intergenic	.	contig_846:332167-332428
contig_8470	534986	535138	intergenic	.	contig_8470:534986-535138
contig_8470	606116	606320	intergenic	.	contig_8470:606116-606320
contig_8470	780893	781050	intergenic	.	contig_8470:780893-781050
contig_8470	885185	885367	intergenic	.	contig_8470:885185-885367
contig_8470	1537705	1537863	intergenic	.	contig_8470:1537705-1537863
contig_848	1005175	1005228	intergenic	.	contig_848:1005175-1005228
contig_848	1823085	1823451	intergenic	.	contig_848:1823085-1823451
contig_848	4279507	4279558	gene,mRNA	.	contig_848:4279507-4279558,contig_848:4279507-4279558
contig_848	4279620	4279720	gene,mRNA	.	contig_848:4279620-4279720,contig_848:4279620-4279720
contig_85	103858	104322	intergenic	.	contig_85:103858-104322
contig_85	160192	160279	intergenic	.	contig_85:160192-160279
contig_8505	82615	82968	intergenic	.	contig_8505:82615-82968
contig_8505	83351	83383	intergenic	.	contig_8505:83351-83383
contig_8505	370825	370955	intergenic	.	contig_8505:370825-370955
contig_8505	371045	371179	intergenic	.	contig_8505:371045-371179
contig_8556	936256	936390	intergenic	.	contig_8556:936256-936390
contig_856	3921961	3922248	intergenic	.	contig_856:3921961-3922248
contig_856	3923766	3923951	intergenic	.	contig_856:3923766-3923951
contig_856	4077463	4077531	intergenic	.	contig_856:4077463-4077531
contig_856	4123086	4123285	intergenic	.	contig_856:4123086-4123285
contig_8568	131851	131969	gene,mRNA	.	contig_8568:131851-131969,contig_8568:131851-131969
contig_8568	608001	608189	intergenic	.	contig_8568:608001-608189
contig_8594	390827	391094	intergenic	.	contig_8594:390827-391094
contig_8594	528099	528197	intergenic	.	contig_8594:528099-528197
contig_8602	1362770	1363118	intergenic	.	contig_8602:1362770-1363118
contig_8602	1461099	1461357	intergenic	.	contig_8602:1461099-1461357
contig_863	19751	19965	intergenic	.	contig_863:19751-19965
contig_8631	26910	27347	intergenic	.	contig_8631:26910-27347
contig_8632	111832	112005	intergenic	.	contig_8632:111832-112005
contig_8632	409137	409451	gene,mRNA	.	contig_8632:409137-409451,contig_8632:409137-409451
contig_8644	921846	922203	intergenic	.	contig_8644:921846-922203
contig_8659	129226	129297	intergenic	.	contig_8659:129226-129297
contig_8659	173243	173402	intergenic	.	contig_8659:173243-173402
contig_8674	281216	281416	intergenic	.	contig_8674:281216-281416
contig_8683	136508	136547	intergenic	.	contig_8683:136508-136547
contig_8683	146682	146742	intergenic	.	contig_8683:146682-146742
contig_8683	146682	146921	start_codon,exon,CDS,gene,mRNA	.	contig_8683:146682-146921,contig_8683:146682-146921,contig_8683:146682-146921,contig_8683:146682-146921,contig_8683:146682-146921
contig_869	540450	540504	gene,mRNA	.	contig_869:540450-540504,contig_869:540450-540504
contig_869	1270940	1271040	intergenic	.	contig_869:1270940-1271040
contig_869	1271140	1271240	gene,mRNA,exon,CDS	.	contig_869:1271140-1271240,contig_869:1271140-1271240,contig_869:1271140-1271240,contig_869:1271140-1271240
contig_869	1482799	1483013	intergenic	.	contig_869:1482799-1483013
contig_869	1593482	1593527	intergenic	.	contig_869:1593482-1593527
contig_869	2184261	2184464	gene,mRNA	.	contig_869:2184261-2184464,contig_869:2184261-2184464
contig_869	2253972	2254174	intergenic	.	contig_869:2253972-2254174
contig_869	2688152	2688272	intergenic	.	contig_869:2688152-2688272
contig_869	3108250	3108428	intergenic	.	contig_869:3108250-3108428
contig_869	4122509	4122547	intergenic	.	contig_869:4122509-4122547
contig_869	4122651	4122793	intergenic	.	contig_869:4122651-4122793
contig_869	5412316	5412388	intergenic	.	contig_869:5412316-5412388
contig_870	29133	29469	intergenic	.	contig_870:29133-29469
contig_8705	9260	9373	intergenic	.	contig_8705:9260-9373
contig_8705	9722	9812	intergenic	.	contig_8705:9722-9812
contig_8707	131689	131895	intergenic	.	contig_8707:131689-131895
contig_8756	40438	40790	intergenic	.	contig_8756:40438-40790
contig_8756	117699	118134	intergenic	.	contig_8756:117699-118134
contig_8763	172296	172432	intergenic	.	contig_8763:172296-172432
contig_8763	188928	189097	intergenic	.	contig_8763:188928-189097
contig_8768	518060	518304	intergenic	.	contig_8768:518060-518304
contig_8768	573461	573570	intergenic	.	contig_8768:573461-573570
contig_8768	573664	573930	intergenic	.	contig_8768:573664-573930
contig_8768	598253	598461	intergenic	.	contig_8768:598253-598461
contig_8768	862586	862788	gene,mRNA	.	contig_8768:862586-862788,contig_8768:862586-862788
contig_8774	324139	324288	intergenic	.	contig_8774:324139-324288
contig_88	456592	457062	intergenic	.	contig_88:456592-457062
contig_8802	621075	621157	intergenic	.	contig_8802:621075-621157
contig_8802	647966	648185	intergenic	.	contig_8802:647966-648185
contig_8802	1044302	1044404	intergenic	.	contig_8802:1044302-1044404
contig_8814	525269	525507	gene,mRNA	.	contig_8814:525269-525507,contig_8814:525269-525507
contig_8814	566564	566916	intergenic	.	contig_8814:566564-566916
contig_8815	409289	409470	intergenic	.	contig_8815:409289-409470
contig_8815	421002	421542	intergenic	.	contig_8815:421002-421542
contig_8815	587991	588207	gene,mRNA	.	contig_8815:587991-588207,contig_8815:587991-588207
contig_8815	588265	588370	gene,mRNA	.	contig_8815:588265-588370,contig_8815:588265-588370
contig_8815	778662	779107	intergenic	.	contig_8815:778662-779107
contig_8815	867968	868278	gene,mRNA	.	contig_8815:867968-868278,contig_8815:867968-868278
contig_8815	883896	884598	intergenic	.	contig_8815:883896-884598
contig_8815	928980	929120	intergenic	.	contig_8815:928980-929120
contig_884	266057	266388	gene,mRNA,gene,mRNA	.	contig_884:266057-266388,contig_884:266057-266388,contig_884:266057-266388,contig_884:266057-266388
contig_884	282541	282644	gene,mRNA	.	contig_884:282541-282644,contig_884:282541-282644
contig_884	774849	775172	intergenic	.	contig_884:774849-775172
contig_8846	11317	11874	intergenic	.	contig_8846:11317-11874
contig_8846	12447	12505	intergenic	.	contig_8846:12447-12505
contig_8846	13132	13231	intergenic	.	contig_8846:13132-13231
contig_888	37169	37331	intergenic	.	contig_888:37169-37331
contig_8887	1033145	1033331	intergenic	.	contig_8887:1033145-1033331
contig_8887	1083971	1084083	intergenic	.	contig_8887:1083971-1084083
contig_8887	1084238	1084345	intergenic	.	contig_8887:1084238-1084345
contig_8940	154948	155132	intergenic	.	contig_8940:154948-155132
contig_8940	452420	452463	intergenic	.	contig_8940:452420-452463
contig_8940	452550	452840	intergenic	.	contig_8940:452550-452840
contig_8940	463784	463818	intergenic	.	contig_8940:463784-463818
contig_8940	464727	464895	intergenic	.	contig_8940:464727-464895
contig_8940	596763	596883	gene,mRNA,exon,CDS	.	contig_8940:596763-596883,contig_8940:596763-596883,contig_8940:596763-596883,contig_8940:596763-596883
contig_8940	667612	667746	intergenic	.	contig_8940:667612-667746
contig_8940	687573	687667	intergenic	.	contig_8940:687573-687667
contig_8940	688442	688498	intergenic	.	contig_8940:688442-688498
contig_8943	18480	18639	gene,mRNA	.	contig_8943:18480-18639,contig_8943:18480-18639
contig_8955	322824	323127	intergenic	.	contig_8955:322824-323127
contig_8955	489375	489556	intergenic	.	contig_8955:489375-489556
contig_8955	588069	588530	intergenic	.	contig_8955:588069-588530
contig_8958	6796	7036	intergenic	.	contig_8958:6796-7036
contig_8958	144805	144845	intergenic	.	contig_8958:144805-144845
contig_8958	149509	149707	intergenic	.	contig_8958:149509-149707
contig_8958	936707	936986	exon,CDS,stop_codon,polyA_signal_sequence,gene,mRNA,start_codon,exon,CDS,gene,mRNA	.	contig_8958:936707-936986,contig_8958:936707-936986,contig_8958:936707-936986,contig_8958:936707-936986,contig_8958:936707-936986,contig_8958:936707-936986,contig_8958:936707-936986,contig_8958:936707-936986,contig_8958:936707-936986,contig_8958:936707-936986,contig_8958:936707-936986
contig_8958	936775	936968	intergenic	.	contig_8958:936775-936968
contig_8958	967908	968010	intergenic	.	contig_8958:967908-968010
contig_8958	1729587	1729656	gene,mRNA	.	contig_8958:1729587-1729656,contig_8958:1729587-1729656
contig_8958	1929692	1929908	intergenic	.	contig_8958:1929692-1929908
contig_8958	2060096	2060523	gene,mRNA	.	contig_8958:2060096-2060523,contig_8958:2060096-2060523
contig_8968	46372	46455	intergenic	.	contig_8968:46372-46455
contig_8968	149429	149657	gene,mRNA	.	contig_8968:149429-149657,contig_8968:149429-149657
contig_8968	481454	481565	exon,CDS,gene,mRNA	.	contig_8968:481454-481565,contig_8968:481454-481565,contig_8968:481454-481565,contig_8968:481454-481565
contig_8968	782097	782244	intergenic	.	contig_8968:782097-782244
contig_8968	782531	782696	intergenic	.	contig_8968:782531-782696
contig_8968	903150	903423	intergenic	.	contig_8968:903150-903423
contig_8968	1200185	1200229	intergenic	.	contig_8968:1200185-1200229
contig_8968	1240935	1241088	intergenic	.	contig_8968:1240935-1241088
contig_8968	1350514	1350713	intergenic	.	contig_8968:1350514-1350713
contig_8968	1959799	1960110	intergenic	.	contig_8968:1959799-1960110
contig_90	264206	264378	intergenic	.	contig_90:264206-264378
contig_900	519613	519722	intergenic	.	contig_900:519613-519722
contig_900	519779	519874	intergenic	.	contig_900:519779-519874
contig_900	620569	620662	intergenic	.	contig_900:620569-620662
contig_900	687267	687393	gene,mRNA	.	contig_900:687267-687393,contig_900:687267-687393
contig_900	687708	687774	gene,mRNA	.	contig_900:687708-687774,contig_900:687708-687774
contig_900	689456	689730	gene,mRNA	.	contig_900:689456-689730,contig_900:689456-689730
contig_900	906872	906946	intergenic	.	contig_900:906872-906946
contig_900	2876819	2876862	intergenic	.	contig_900:2876819-2876862
contig_900	3151528	3151656	intergenic	.	contig_900:3151528-3151656
contig_900	3344390	3344443	intergenic	.	contig_900:3344390-3344443
contig_900	3432999	3433076	intergenic	.	contig_900:3432999-3433076
contig_900	3465354	3465417	intergenic	.	contig_900:3465354-3465417
contig_900	3905275	3905623	intergenic	.	contig_900:3905275-3905623
contig_900	4512366	4512474	gene,mRNA	.	contig_900:4512366-4512474,contig_900:4512366-4512474
contig_9012	674192	674277	intergenic	.	contig_9012:674192-674277
contig_9012	1113866	1114215	intergenic	.	contig_9012:1113866-1114215
contig_9012	1114285	1114367	intergenic	.	contig_9012:1114285-1114367
contig_9017	110932	111347	intergenic	.	contig_9017:110932-111347
contig_9033	90528	90873	intergenic	.	contig_9033:90528-90873
contig_9084	480735	480975	gene,mRNA	.	contig_9084:480735-480975,contig_9084:480735-480975
contig_9095	481841	482076	gene,mRNA	.	contig_9095:481841-482076,contig_9095:481841-482076
contig_9095	594594	594697	intergenic	.	contig_9095:594594-594697
contig_9095	704938	705264	gene,mRNA	.	contig_9095:704938-705264,contig_9095:704938-705264
contig_9095	884956	885025	intergenic	.	contig_9095:884956-885025
contig_9110	226719	227053	gene,mRNA	.	contig_9110:226719-227053,contig_9110:226719-227053
contig_9113	577145	577188	gene,mRNA	.	contig_9113:577145-577188,contig_9113:577145-577188
contig_9114	207319	207488	intergenic	.	contig_9114:207319-207488
contig_9134	35441	35653	intergenic	.	contig_9134:35441-35653
contig_9134	94310	94470	intergenic	.	contig_9134:94310-94470
contig_9134	299333	299475	intergenic	.	contig_9134:299333-299475
contig_9134	425461	425508	intergenic	.	contig_9134:425461-425508
contig_9134	444835	444948	intergenic	.	contig_9134:444835-444948
contig_9134	508469	508619	intergenic	.	contig_9134:508469-508619
contig_9134	672323	672517	intergenic	.	contig_9134:672323-672517
contig_9134	815189	815319	intergenic	.	contig_9134:815189-815319
contig_9161	12407	12595	intergenic	.	contig_9161:12407-12595
contig_9161	447984	448180	gene,mRNA	.	contig_9161:447984-448180,contig_9161:447984-448180
contig_9161	501017	501251	intergenic	.	contig_9161:501017-501251
contig_918	1747605	1747669	gene,mRNA	.	contig_918:1747605-1747669,contig_918:1747605-1747669
contig_919	309545	309863	intergenic	.	contig_919:309545-309863
contig_919	358015	358186	intergenic	.	contig_919:358015-358186
contig_919	425668	425958	intergenic	.	contig_919:425668-425958
contig_919	1163576	1163803	intergenic	.	contig_919:1163576-1163803
contig_920	293262	293403	intergenic	.	contig_920:293262-293403
contig_9235	18320	18529	intergenic	.	contig_9235:18320-18529
contig_9264	55050	55391	intergenic	.	contig_9264:55050-55391
contig_9266	67447	67517	gene,mRNA	.	contig_9266:67447-67517,contig_9266:67447-67517
contig_9266	116224	116531	gene,mRNA	.	contig_9266:116224-116531,contig_9266:116224-116531
contig_9266	144876	145021	gene,mRNA	.	contig_9266:144876-145021,contig_9266:144876-145021
contig_9266	238013	238168	intergenic	.	contig_9266:238013-238168
contig_9266	295317	295400	gene,mRNA	.	contig_9266:295317-295400,contig_9266:295317-295400
contig_9266	295473	295551	gene,mRNA	.	contig_9266:295473-295551,contig_9266:295473-295551
contig_9266	863123	863323	intergenic	.	contig_9266:863123-863323
contig_93	14063	14116	intergenic	.	contig_93:14063-14116
contig_93	28369	28399	intergenic	.	contig_93:28369-28399
contig_93	350043	350100	gene,mRNA	.	contig_93:350043-350100,contig_93:350043-350100
contig_9323	87370	87442	intergenic	.	contig_9323:87370-87442
contig_933	389155	389269	intergenic	.	contig_933:389155-389269
contig_933	653392	653494	intergenic	.	contig_933:653392-653494
contig_933	1035978	1036174	intergenic	.	contig_933:1035978-1036174
contig_933	1068219	1068418	intergenic	.	contig_933:1068219-1068418
contig_933	1123995	1124189	intergenic	.	contig_933:1123995-1124189
contig_933	1153097	1153549	intergenic	.	contig_933:1153097-1153549
contig_933	1194285	1194374	intergenic	.	contig_933:1194285-1194374
contig_933	1289902	1290009	intergenic	.	contig_933:1289902-1290009
contig_933	1345281	1345353	intergenic	.	contig_933:1345281-1345353
contig_933	1398305	1398689	exon,CDS,gene,mRNA	.	contig_933:1398305-1398689,contig_933:1398305-1398689,contig_933:1398305-1398689,contig_933:1398305-1398689
contig_933	1523007	1523487	intergenic	.	contig_933:1523007-1523487
contig_933	1848537	1848610	intergenic	.	contig_933:1848537-1848610
contig_9334	50474	50741	intergenic	.	contig_9334:50474-50741
contig_9338	75947	76150	intergenic	.	contig_9338:75947-76150
contig_9338	124086	124194	intergenic	.	contig_9338:124086-124194
contig_9338	444918	445131	intergenic	.	contig_9338:444918-445131
contig_9354	7662	7821	intergenic	.	contig_9354:7662-7821
contig_9357	354115	354191	intergenic	.	contig_9357:354115-354191
contig_9357	841034	841163	intergenic	.	contig_9357:841034-841163
contig_9357	1266933	1267166	gene,mRNA	.	contig_9357:1266933-1267166,contig_9357:1266933-1267166
contig_9357	1267461	1267627	gene,mRNA	.	contig_9357:1267461-1267627,contig_9357:1267461-1267627
contig_9357	1340378	1340797	intergenic	.	contig_9357:1340378-1340797
contig_9357	1352464	1352702	intergenic	.	contig_9357:1352464-1352702
contig_9357	1708080	1708216	intergenic	.	contig_9357:1708080-1708216
contig_9357	1725704	1725871	intergenic	.	contig_9357:1725704-1725871
contig_9357	1746440	1746481	gene,mRNA	.	contig_9357:1746440-1746481,contig_9357:1746440-1746481
contig_9357	2016794	2016935	intergenic	.	contig_9357:2016794-2016935
contig_9357	2261723	2261871	intergenic	.	contig_9357:2261723-2261871
contig_9357	2383780	2383871	intergenic	.	contig_9357:2383780-2383871
contig_9357	2384319	2384401	intergenic	.	contig_9357:2384319-2384401
contig_9357	2564475	2564563	intergenic	.	contig_9357:2564475-2564563
contig_94	8226	8413	intergenic	.	contig_94:8226-8413
contig_9411	138611	138777	intergenic	.	contig_9411:138611-138777
contig_9411	555647	556057	intergenic	.	contig_9411:555647-556057
contig_9411	752364	752406	gene,mRNA	.	contig_9411:752364-752406,contig_9411:752364-752406
contig_9411	851314	851630	exon,CDS,start_codon,gene,mRNA	.	contig_9411:851314-851630,contig_9411:851314-851630,contig_9411:851314-851630,contig_9411:851314-851630,contig_9411:851314-851630
contig_9411	851450	851630	intergenic	.	contig_9411:851450-851630
contig_9417	163767	164031	gene,mRNA	.	contig_9417:163767-164031,contig_9417:163767-164031
contig_9417	1158960	1159052	intergenic	.	contig_9417:1158960-1159052
contig_9417	1159657	1159740	intergenic	.	contig_9417:1159657-1159740
contig_9417	1186190	1186281	intergenic	.	contig_9417:1186190-1186281
contig_9417	1228558	1228627	gene,mRNA	.	contig_9417:1228558-1228627,contig_9417:1228558-1228627
contig_9417	1228713	1229121	gene,mRNA	.	contig_9417:1228713-1229121,contig_9417:1228713-1229121
contig_9417	1285964	1286247	gene,mRNA	.	contig_9417:1285964-1286247,contig_9417:1285964-1286247
contig_9454	109524	109615	intergenic	.	contig_9454:109524-109615
contig_9454	126130	126232	intergenic	.	contig_9454:126130-126232
contig_9454	126321	126510	intergenic	.	contig_9454:126321-126510
contig_9454	128736	128852	intergenic	.	contig_9454:128736-128852
contig_9454	152494	152565	intergenic	.	contig_9454:152494-152565
contig_9454	340172	340234	gene,mRNA	.	contig_9454:340172-340234,contig_9454:340172-340234
contig_9454	340297	340338	gene,mRNA	.	contig_9454:340297-340338,contig_9454:340297-340338
contig_9463	156889	157026	intergenic	.	contig_9463:156889-157026
contig_9479	125625	126066	intergenic	.	contig_9479:125625-126066
contig_9479	169324	169450	intergenic	.	contig_9479:169324-169450
contig_9479	170721	170755	intergenic	.	contig_9479:170721-170755
contig_9479	170821	170957	intergenic	.	contig_9479:170821-170957
contig_9479	216750	216823	intergenic	.	contig_9479:216750-216823
contig_9479	265159	265515	intergenic	.	contig_9479:265159-265515
contig_9525	64540	64718	intergenic	.	contig_9525:64540-64718
contig_9528	74276	74318	intergenic	.	contig_9528:74276-74318
contig_9528	74276	74333	polyA_signal_sequence,gene	.	contig_9528:74276-74333,contig_9528:74276-74333
contig_9528	140346	140783	intergenic	.	contig_9528:140346-140783
contig_9528	787017	787113	intergenic	.	contig_9528:787017-787113
contig_9564	144749	145065	gene,mRNA	.	contig_9564:144749-145065,contig_9564:144749-145065
contig_9564	283843	283984	gene,mRNA	.	contig_9564:283843-283984,contig_9564:283843-283984
contig_9564	305669	305781	gene,mRNA	.	contig_9564:305669-305781,contig_9564:305669-305781
contig_9564	369564	369674	intergenic	.	contig_9564:369564-369674
contig_9564	921402	921698	intergenic	.	contig_9564:921402-921698
contig_9564	1356728	1357120	intergenic	.	contig_9564:1356728-1357120
contig_9578	24637	24728	intergenic	.	contig_9578:24637-24728
contig_9578	132958	133077	intergenic	.	contig_9578:132958-133077
contig_9578	219633	219701	intergenic	.	contig_9578:219633-219701
contig_9578	368420	369050	intergenic	.	contig_9578:368420-369050
contig_9578	484713	484794	intergenic	.	contig_9578:484713-484794
contig_9616	491044	491169	intergenic	.	contig_9616:491044-491169
contig_9616	612856	613078	intergenic	.	contig_9616:612856-613078
contig_9650	44358	44409	gene,mRNA	.	contig_9650:44358-44409,contig_9650:44358-44409
contig_9650	44508	44703	gene,mRNA	.	contig_9650:44508-44703,contig_9650:44508-44703
contig_9650	111510	111722	intergenic	.	contig_9650:111510-111722
contig_9650	387031	387242	intergenic	.	contig_9650:387031-387242
contig_9653	254692	254873	gene,mRNA	.	contig_9653:254692-254873,contig_9653:254692-254873
contig_9725	49325	49644	mRNA,exon,CDS,start_codon,gene	.	contig_9725:49325-49644,contig_9725:49325-49644,contig_9725:49325-49644,contig_9725:49325-49644,contig_9725:49325-49644
contig_9725	49505	49644	intergenic	.	contig_9725:49505-49644
contig_9732	92855	92945	intergenic	.	contig_9732:92855-92945
contig_9750	336968	337156	intergenic	.	contig_9750:336968-337156
contig_9750	590288	590344	intergenic	.	contig_9750:590288-590344
contig_9750	727907	727960	intergenic	.	contig_9750:727907-727960
contig_9750	762409	762808	intergenic	.	contig_9750:762409-762808
contig_9750	762909	762957	intergenic	.	contig_9750:762909-762957
contig_9750	763260	763359	intergenic	.	contig_9750:763260-763359
contig_9750	777011	777182	intergenic	.	contig_9750:777011-777182
contig_9750	783086	783258	intergenic	.	contig_9750:783086-783258
contig_9750	833243	833369	intergenic	.	contig_9750:833243-833369
contig_9750	841846	841877	intergenic	.	contig_9750:841846-841877
contig_9750	939472	939702	intergenic	.	contig_9750:939472-939702
contig_9750	939814	940051	intergenic	.	contig_9750:939814-940051
contig_9760	8402	8919	intergenic	.	contig_9760:8402-8919
contig_9765	350383	350533	intergenic	.	contig_9765:350383-350533
contig_9765	1305101	1305352	gene,mRNA	.	contig_9765:1305101-1305352,contig_9765:1305101-1305352
contig_9766	672025	672178	intergenic	.	contig_9766:672025-672178
contig_9787	30515	30581	intergenic	.	contig_9787:30515-30581
contig_9848	605799	605853	gene,mRNA	.	contig_9848:605799-605853,contig_9848:605799-605853
contig_9880	132998	133299	intergenic	.	contig_9880:132998-133299
contig_9880	777619	777787	intergenic	.	contig_9880:777619-777787
contig_9880	777619	777851	polyA_signal_sequence,gene	.	contig_9880:777619-777851,contig_9880:777619-777851
contig_9880	1134255	1134352	gene,mRNA	.	contig_9880:1134255-1134352,contig_9880:1134255-1134352
contig_9880	1134504	1134542	gene,mRNA	.	contig_9880:1134504-1134542,contig_9880:1134504-1134542
contig_9880	1219394	1219476	gene,mRNA	.	contig_9880:1219394-1219476,contig_9880:1219394-1219476
contig_9880	1606498	1606575	intergenic	.	contig_9880:1606498-1606575
contig_9880	2640404	2640610	gene,mRNA	.	contig_9880:2640404-2640610,contig_9880:2640404-2640610
contig_9883	86467	86580	intergenic	.	contig_9883:86467-86580
contig_9883	214849	214965	intergenic	.	contig_9883:214849-214965
contig_99	203403	203511	gene,mRNA	.	contig_99:203403-203511,contig_99:203403-203511
contig_99	670972	671189	intergenic	.	contig_99:670972-671189
contig_99	698294	698419	intergenic	.	contig_99:698294-698419
contig_99	1600532	1600569	gene,mRNA	.	contig_99:1600532-1600569,contig_99:1600532-1600569
contig_9900	289414	289475	intergenic	.	contig_9900:289414-289475
contig_9912	1357363	1357478	intergenic	.	contig_9912:1357363-1357478
contig_9925	79088	79388	intergenic	.	contig_9925:79088-79388
contig_9927	406518	406635	intergenic	.	contig_9927:406518-406635
contig_9927	453572	454208	intergenic	.	contig_9927:453572-454208
contig_9954	469905	470305	intergenic	.	contig_9954:469905-470305
contig_9972	1307113	1307180	gene,mRNA	.	contig_9972:1307113-1307180,contig_9972:1307113-1307180
contig_9980	354053	354152	gene	.	contig_9980:354053-354152
