1493 1462  97.00
contig_10025:1177832-1177916.bam
1634 1610  98.00
contig_10025:1528272-1528359.bam
531 501  94.00
contig_10025:1791555-1791708.bam
1679 1637  97.00
contig_10025:752544-752718.bam
718 690  96.00
contig_10025:843253-843380.bam
1818 1741  95.00
contig_10061:285979-286108.bam
1919 1870  97.00
contig_10070:4215287-4215552.bam
720 693  96.00
contig_10070:421936-422078.bam
138 107  77.00
contig_10070:4398406-4398485.bam
345 293  84.00
contig_10070:4789185-4789375.bam
87 54  62.00
contig_10070:5004693-5004754.bam
430 393  91.00
contig_10070:5618280-5618365.bam
1974 1817  92.00
contig_10071:63216-63398.bam
109 81  74.00
contig_10088:1182676-1182747.bam
138 91  65.00
contig_10088:1574943-1575325.bam
1701 1658  97.00
contig_10088:1767495-1767626.bam
3601 3564  98.00
contig_10088:1840480-1841206.bam
1724 1684  97.00
contig_10088:2488047-2488273.bam
2904 2863  98.00
contig_10088:3152429-3152693.bam
76 45  59.00
contig_10088:477483-477814.bam
1874 1843  98.00
contig_10204:1211279-1211763.bam
1416 1325  93.00
contig_10204:1425948-1426030.bam
1578 1545  97.00
contig_10204:1779826-1780097.bam
1679 1630  97.00
contig_10204:1889541-1889838.bam
68 34  50.00
contig_10204:483257-483396.bam
1897 1868  98.00
contig_10204:613861-614056.bam
1136 1096  96.00
contig_10204:735292-735555.bam
3420 3387  99.00
contig_10204:888342-888893.bam
1758 1706  97.00
contig_10226:1348724-1348879.bam
1499 1472  98.00
contig_10226:184881-185057.bam
1859 1818  97.00
contig_10226:2592834-2593032.bam
1436 1396  97.00
contig_10226:4547703-4547801.bam
1859 1768  95.00
contig_10226:5474549-5474806.bam
3045 2995  98.00
contig_10226:6126729-6127271.bam
1409 1355  96.00
contig_10226:6127684-6127923.bam
1810 1767  97.00
contig_10226:7635345-7635634.bam
382 345  90.00
contig_10226:7927200-7927420.bam
1674 1644  98.00
contig_10226:8758482-8758635.bam
1728 1698  98.00
contig_10226:8780953-8781037.bam
1499 1449  96.00
contig_10237:1384371-1384598.bam
1705 1680  98.00
contig_10237:1697097-1697280.bam
585 532  90.00
contig_10237:1740932-1741070.bam
333 301  90.00
contig_10237:1918643-1918831.bam
838 809  96.00
contig_10237:2215682-2216048.bam
1669 1634  97.00
contig_10237:62889-62991.bam
1837 1798  97.00
contig_10237:940799-941039.bam
158 128  81.00
contig_10264:522485-522564.bam
1941 1894  97.00
contig_10264:988159-988388.bam
557 521  93.00
contig_10277:1752655-1752841.bam
1760 1716  97.00
contig_10346:1625991-1626184.bam
1699 1660  97.00
contig_10346:3373260-3373332.bam
1886 1846  97.00
contig_10369:2488751-2489191.bam
1849 1819  98.00
contig_10369:2665980-2666162.bam
1805 1756  97.00
contig_10369:3043170-3043434.bam
1818 1777  97.00
contig_10369:3144795-3145168.bam
1767 1737  98.00
contig_10369:3601235-3601304.bam
1889 1848  97.00
contig_10369:366660-367257.bam
1372 1328  96.00
contig_10372:314456-314897.bam
1960 1931  98.00
contig_10372:492009-492267.bam
1669 1637  98.00
contig_10372:604356-604541.bam
703 657  93.00
contig_10372:695728-695851.bam
1567 1526  97.00
contig_10374:1324332-1324680.bam
1769 1727  97.00
contig_10374:1350935-1351270.bam
2002 1941  96.00
contig_10374:1462600-1462977.bam
1685 1650  97.00
contig_10374:1951336-1951508.bam
1822 1755  96.00
contig_10374:1955410-1955800.bam
1784 1753  98.00
contig_10374:2015219-2015357.bam
419 380  90.00
contig_10374:935882-936199.bam
1664 1635  98.00
contig_10391:1362976-1363081.bam
138 96  69.00
contig_10391:44507-44743.bam
1652 1582  95.00
contig_10391:549820-549998.bam
134 106  79.00
contig_10391:879257-879422.bam
1886 1830  97.00
contig_10398:119263-119352.bam
1727 1641  95.00
contig_10445:1276658-1276737.bam
1530 1482  96.00
contig_10445:177370-177546.bam
1295 1259  97.00
contig_10445:326588-326767.bam
1822 1786  98.00
contig_10445:386449-386617.bam
1789 1727  96.00
contig_10445:466003-466147.bam
1587 1527  96.00
contig_10445:815972-816334.bam
1113 1056  94.00
contig_10449:261847-261975.bam
1541 1510  97.00
contig_10480:1035714-1035914.bam
1708 1665  97.00
contig_10480:1079979-1080429.bam
1507 1474  97.00
contig_10480:1098565-1098637.bam
1903 1871  98.00
contig_10480:1330458-1330891.bam
1823 1784  97.00
contig_10480:1706645-1706858.bam
1535 1509  98.00
contig_10480:194143-194315.bam
1752 1711  97.00
contig_10480:619575-619794.bam
1444 1407  97.00
contig_10480:85360-85716.bam
87 57  65.00
contig_10529:1354171-1354373.bam
1616 1579  97.00
contig_10529:1542444-1542497.bam
1542 1503  97.00
contig_10529:278660-278764.bam
1617 1559  96.00
contig_10569:1270057-1270255.bam
1835 1792  97.00
contig_10569:2283885-2284024.bam
1713 1673  97.00
contig_10569:279420-279600.bam
3359 3328  99.00
contig_10640:646002-646340.bam
97 63  64.00
contig_10647:1435362-1435723.bam
1675 1624  96.00
contig_10647:2101450-2101889.bam
1858 1831  98.00
contig_10647:581825-581935.bam
1619 1589  98.00
contig_10647:751174-751319.bam
461 425  92.00
contig_10741:1209444-1209636.bam
414 389  93.00
contig_10741:2147739-2147901.bam
1712 1678  98.00
contig_10741:2672629-2672829.bam
1481 1443  97.00
contig_10741:735010-735118.bam
1746 1706  97.00
contig_10809:1209319-1209505.bam
1864 1831  98.00
contig_10809:1443807-1444144.bam
1621 1593  98.00
contig_10809:1549580-1549685.bam
1112 1081  97.00
contig_10809:1689343-1689528.bam
1811 1785  98.00
contig_10809:1976062-1976296.bam
246 212  86.00
contig_10809:2536896-2537036.bam
1814 1780  98.00
contig_10809:3017154-3017302.bam
113 86  76.00
contig_10809:482998-483118.bam
1676 1636  97.00
contig_10809:5511027-5511455.bam
202 174  86.00
contig_10809:6152521-6152658.bam
3391 3352  98.00
contig_10843:2079181-2079737.bam
1963 1919  97.00
contig_10843:3878955-3879352.bam
627 593  94.00
contig_10843:4012431-4012504.bam
1810 1754  96.00
contig_10843:4789950-4790035.bam
1785 1758  98.00
contig_10843:628544-628779.bam
1506 1467  97.00
contig_10847:1569023-1569115.bam
1669 1622  97.00
contig_10847:1721075-1721303.bam
1507 1476  97.00
contig_10847:1774734-1774810.bam
1826 1780  97.00
contig_10847:1945302-1945648.bam
1536 1500  97.00
contig_10855:14261-14372.bam
1809 1779  98.00
contig_10855:1488159-1488700.bam
1703 1660  97.00
contig_10855:200512-200615.bam
1535 1504  97.00
contig_10855:419062-419376.bam
2005 1969  98.00
contig_10855:48974-49465.bam
1729 1690  97.00
contig_10855:662885-663033.bam
4172 4124  98.00
contig_10859:2573669-2574081.bam
219 190  86.00
contig_10880:1518505-1518583.bam
1791 1745  97.00
contig_10880:2284493-2284731.bam
1648 1612  97.00
contig_10880:3097421-3097670.bam
1633 1582  96.00
contig_10880:3215306-3215453.bam
1721 1684  97.00
contig_10880:4648559-4648801.bam
1891 1836  97.00
contig_10880:4696404-4696522.bam
1171 1132  96.00
contig_10880:4715759-4715908.bam
1761 1714  97.00
contig_10880:5744921-5745339.bam
1649 1607  97.00
contig_10880:5838315-5838491.bam
1353 1321  97.00
contig_10880:5905199-5905609.bam
1672 1640  98.00
contig_10880:5910905-5911036.bam
1774 1744  98.00
contig_10880:6080636-6081068.bam
92 49  53.00
contig_10880:6520478-6520571.bam
1633 1585  97.00
contig_10880:6676458-6676827.bam
1725 1684  97.00
contig_10880:6698384-6698507.bam
1860 1827  98.00
contig_10880:6731708-6731906.bam
1681 1638  97.00
contig_10880:7063794-7063937.bam
3523 3483  98.00
contig_10880:952222-952588.bam
862 809  93.00
contig_10880:976521-976714.bam
255 220  86.00
contig_10889:1195178-1195264.bam
1005 971  96.00
contig_10889:138304-138632.bam
1551 1525  98.00
contig_10889:2003597-2004244.bam
1317 1294  98.00
contig_10889:2043497-2043664.bam
1866 1739  93.00
contig_10889:2050316-2050654.bam
94 54  57.00
contig_10889:2441776-2441949.bam
1912 1871  97.00
contig_10889:2565359-2565858.bam
3496 3448  98.00
contig_10889:2681759-2682221.bam
1597 1565  97.00
contig_10889:3128445-3128676.bam
1812 1777  98.00
contig_10889:3303975-3304177.bam
255 228  89.00
contig_10889:583760-584012.bam
1682 1633  97.00
contig_10988:1875981-1876164.bam
212 181  85.00
contig_10988:1901874-1902002.bam
1912 1864  97.00
contig_10988:2065481-2065866.bam
1936 1886  97.00
contig_10988:2225749-2225985.bam
1643 1597  97.00
contig_10988:2452501-2452882.bam
1906 1861  97.00
contig_10988:2480183-2480344.bam
302 277  91.00
contig_10988:3207360-3207494.bam
1777 1725  97.00
contig_10988:593435-593844.bam
1392 1359  97.00
contig_10988:81884-82028.bam
1937 1886  97.00
contig_11022:381906-382259.bam
1857 1817  97.00
contig_11124:51831-52075.bam
64 34  53.00
contig_11124:65497-65668.bam
1942 1884  97.00
contig_11124:89395-89775.bam
1651 1607  97.00
contig_11138:170680-170990.bam
1325 1297  97.00
contig_11138:545954-546040.bam
1760 1718  97.00
contig_11138:628123-628246.bam
1793 1718  95.00
contig_11146:1151872-1152248.bam
202 168  83.00
contig_11146:337276-337425.bam
1454 1410  96.00
contig_11146:377470-377662.bam
1562 1515  96.00
contig_11146:451158-451494.bam
978 951  97.00
contig_11146:978861-979132.bam
363 329  90.00
contig_11157:114479-114654.bam
1867 1830  98.00
contig_11157:1233290-1233428.bam
1457 1423  97.00
contig_11157:1400634-1400827.bam
163 122  74.00
contig_11157:1831956-1832060.bam
1648 1612  97.00
contig_11157:2108560-2108825.bam
1536 1512  98.00
contig_11157:581810-582031.bam
1888 1853  98.00
contig_11168:86407-86538.bam
126 97  76.00
contig_11169:258004-258144.bam
95 49  51.00
contig_11169:273862-274109.bam
1893 1840  97.00
contig_11169:405312-405730.bam
90 51  56.00
contig_11169:496783-496974.bam
2134 2104  98.00
contig_11169:527036-527276.bam
1781 1753  98.00
contig_11169:553529-553776.bam
619 589  95.00
contig_11169:555575-556064.bam
1780 1706  95.00
contig_11169:565468-565672.bam
1823 1786  97.00
contig_11169:614299-614488.bam
1655 1626  98.00
contig_11169:631236-631325.bam
1716 1682  98.00
contig_11169:634649-634786.bam
1865 1803  96.00
contig_11177:2612150-2612279.bam
244 212  86.00
contig_11177:3749856-3750081.bam
3680 3652  99.00
contig_11177:3915737-3916214.bam
1894 1867  98.00
contig_11177:3936161-3936370.bam
3402 3370  99.00
contig_11177:4844662-4844970.bam
182 152  83.00
contig_11177:6064209-6064261.bam
4281 4239  99.00
contig_11177:9766350-9766795.bam
300 248  82.00
contig_11177:9979368-9979464.bam
1563 1516  96.00
contig_11182:1283492-1283585.bam
1589 1553  97.00
contig_11182:1611006-1611059.bam
684 645  94.00
contig_11182:1966687-1966854.bam
1534 1497  97.00
contig_11195:113583-113648.bam
699 655  93.00
contig_11195:907650-907929.bam
1616 1588  98.00
contig_11200:1103335-1103529.bam
3221 3195  99.00
contig_11200:1103788-1104187.bam
1767 1715  97.00
contig_11203:1419223-1419697.bam
1398 1356  96.00
contig_11203:1799866-1799987.bam
1798 1761  97.00
contig_11203:2593441-2593699.bam
1846 1803  97.00
contig_11203:2728947-2729586.bam
1845 1808  97.00
contig_11203:2891912-2892386.bam
209 173  82.00
contig_11203:3035033-3035098.bam
1728 1699  98.00
contig_11203:70986-71298.bam
1740 1704  97.00
contig_11230:1118099-1118212.bam
1683 1650  98.00
contig_11230:1155327-1155575.bam
749 700  93.00
contig_11230:1208864-1209025.bam
1725 1687  97.00
contig_11230:1410283-1410439.bam
1716 1672  97.00
contig_11230:1545006-1545397.bam
1671 1641  98.00
contig_11230:1716572-1716766.bam
1849 1805  97.00
contig_11230:2193326-2193588.bam
1705 1651  96.00
contig_11230:2632589-2632837.bam
1701 1668  98.00
contig_11230:2636592-2637004.bam
1760 1738  98.00
contig_11230:2861487-2861759.bam
1667 1627  97.00
contig_11230:2941510-2941735.bam
1727 1699  98.00
contig_11230:3005967-3006039.bam
1807 1763  97.00
contig_11230:3199684-3200040.bam
713 678  95.00
contig_11230:3571529-3571703.bam
99 53  53.00
contig_11230:3616070-3616233.bam
283 249  87.00
contig_11230:434426-434501.bam
1689 1661  98.00
contig_11230:4816032-4816350.bam
1464 1423  97.00
contig_11230:979910-980199.bam
1757 1721  97.00
contig_11255:1642279-1642526.bam
1862 1822  97.00
contig_11255:1718752-1718857.bam
1791 1758  98.00
contig_11255:1962310-1962476.bam
1712 1683  98.00
contig_11255:2768049-2768157.bam
1684 1644  97.00
contig_11255:2840248-2840426.bam
145 114  78.00
contig_11255:455729-455949.bam
65 35  53.00
contig_11301:1880825-1880899.bam
1747 1704  97.00
contig_11301:1952617-1953306.bam
1814 1779  98.00
contig_11301:3354734-3355022.bam
858 818  95.00
contig_11301:5547838-5548096.bam
1646 1597  97.00
contig_11309:1659482-1659608.bam
407 373  91.00
contig_11309:232278-232349.bam
377 342  90.00
contig_11309:62536-62744.bam
1634 1596  97.00
contig_11324:1210514-1210605.bam
1767 1732  98.00
contig_11353:220855-220983.bam
716 663  92.00
contig_11458:1020123-1020467.bam
1806 1767  97.00
contig_11458:1048227-1048486.bam
1649 1612  97.00
contig_11458:2430721-2431301.bam
1495 1455  97.00
contig_11458:928044-928333.bam
1802 1775  98.00
contig_11510:73070-73339.bam
115 86  74.00
contig_11537:266423-266557.bam
133 92  69.00
contig_11537:281512-281613.bam
1590 1539  96.00
contig_11537:384430-384580.bam
1858 1825  98.00
contig_11544:1731625-1731841.bam
478 452  94.00
contig_11544:395600-395831.bam
75 41  54.00
contig_11572:104538-104815.bam
1606 1576  98.00
contig_11574:16329-16504.bam
1678 1654  98.00
contig_11617:179327-179638.bam
2711 2690  99.00
contig_11617:671341-671803.bam
1330 1284  96.00
contig_11658_part1:487849-487955.bam
1906 1869  98.00
contig_11703:985110-985249.bam
169 134  79.00
contig_11708:2474521-2474680.bam
72 39  54.00
contig_11708:3104225-3104369.bam
1517 1490  98.00
contig_11713:1902115-1902435.bam
1646 1605  97.00
contig_11713:2330173-2330281.bam
90 68  75.00
contig_11713:3783160-3783308.bam
1583 1556  98.00
contig_11713:3788254-3788504.bam
1704 1656  97.00
contig_11713:4019715-4019885.bam
1804 1772  98.00
contig_11713:568443-568771.bam
1674 1625  97.00
contig_11713:860619-860815.bam
1421 1398  98.00
contig_11715:14418-14545.bam
1774 1741  98.00
contig_11773:1348765-1349129.bam
64 32  50.00
contig_11773:1724431-1724567.bam
3228 3208  99.00
contig_11773:2293339-2293774.bam
756 728  96.00
contig_11773:2716697-2716900.bam
455 420  92.00
contig_11773:2736741-2736875.bam
1642 1594  97.00
contig_11810:1072381-1072588.bam
1736 1699  97.00
contig_11810:1802449-1802619.bam
1873 1825  97.00
contig_11810:1878909-1879222.bam
1847 1811  98.00
contig_11810:2233666-2233791.bam
1901 1864  98.00
contig_11810:2421075-2421385.bam
1923 1885  98.00
contig_11810:2971180-2971550.bam
1756 1723  98.00
contig_11907:1517452-1517629.bam
87 48  55.00
contig_11907:1677774-1677840.bam
1705 1679  98.00
contig_11907:181035-181211.bam
191 137  71.00
contig_11907:490751-490878.bam
4804 4769  99.00
contig_11907:649308-649776.bam
99 68  68.00
contig_11917:1204839-1205018.bam
1864 1836  98.00
contig_11917:1251042-1251388.bam
1729 1692  97.00
contig_11917:1425887-1426069.bam
3553 3538  99.00
contig_11917:1572423-1572642.bam
1219 1179  96.00
contig_11917:1822280-1822342.bam
1770 1727  97.00
contig_11917:2134725-2134844.bam
736 699  94.00
contig_11917:597568-597843.bam
1849 1799  97.00
contig_11917:665788-665976.bam
1401 1366  97.00
contig_11917:735343-735582.bam
1780 1754  98.00
contig_11917:891623-891865.bam
1768 1732  97.00
contig_11932:1355962-1356322.bam
1311 1270  96.00
contig_11932:1767215-1767692.bam
1489 1457  97.00
contig_11932:1834392-1834665.bam
1974 1930  97.00
contig_11932:2374058-2374293.bam
292 246  84.00
contig_11932:2751764-2751883.bam
1869 1822  97.00
contig_11932:446157-446448.bam
2067 2040  98.00
contig_11932:4632363-4632642.bam
1489 1448  97.00
contig_11932:54441-54613.bam
3376 3358  99.00
contig_11932:5889660-5889947.bam
137 103  75.00
contig_11932:6372495-6372609.bam
1799 1749  97.00
contig_11932:6448695-6448920.bam
1696 1663  98.00
contig_11932:698967-699124.bam
1395 1374  98.00
contig_11932:7677649-7677915.bam
103 66  64.00
contig_11932:768953-769132.bam
1283 1239  96.00
contig_11998:166451-166680.bam
3612 3578  99.00
contig_11998:220252-220497.bam
297 251  84.00
contig_11998:579263-579442.bam
966 950  98.00
contig_12006:282166-282298.bam
1364 1330  97.00
contig_12006:341930-342143.bam
1778 1745  98.00
contig_12006:48995-49171.bam
1741 1716  98.00
contig_12006:55405-55992.bam
1504 1468  97.00
contig_12031:1403540-1403826.bam
1824 1782  97.00
contig_12031:1458355-1458478.bam
1573 1525  96.00
contig_12031:1587274-1587451.bam
4431 4399  99.00
contig_12031:1702586-1703290.bam
1656 1623  98.00
contig_12031:1901977-1902281.bam
1846 1778  96.00
contig_12031:2086021-2086299.bam
1817 1758  96.00
contig_12061:1758622-1758759.bam
112 70  62.00
contig_12061:2661647-2661872.bam
2051 1997  97.00
contig_12061:2888944-2889602.bam
1820 1789  98.00
contig_12061:4357821-4358233.bam
1758 1718  97.00
contig_12061:4525735-4526041.bam
599 506  84.00
contig_12075:1170936-1171016.bam
1693 1656  97.00
contig_12075:1293562-1294051.bam
121 86  71.00
contig_12075:205540-205763.bam
1537 1503  97.00
contig_12098:1314801-1314977.bam
1486 1459  98.00
contig_12098:2064436-2064698.bam
1713 1655  96.00
contig_12189:9102-9243.bam
188 150  79.00
contig_1218:322978-323063.bam
1852 1664  89.00
contig_12230:110582-110972.bam
1776 1737  97.00
contig_12230:19047-19316.bam
186 150  80.00
contig_12237:1126748-1127052.bam
1670 1637  98.00
contig_12237:2401355-2401538.bam
1379 1353  98.00
contig_12237:2868960-2869187.bam
1095 1058  96.00
contig_12237:2981686-2981909.bam
2000 1947  97.00
contig_12237:3130654-3130945.bam
324 286  88.00
contig_12270:1176208-1176455.bam
1248 1197  95.00
contig_12270:1284415-1284485.bam
1715 1666  97.00
contig_12270:2422453-2422666.bam
74 38  51.00
contig_12270:2588090-2588336.bam
179 128  71.00
contig_12270:2868402-2868625.bam
590 544  92.00
contig_12270:2994874-2995330.bam
1664 1630  97.00
contig_12270:3590200-3590570.bam
444 409  92.00
contig_12270:4605474-4605636.bam
1690 1665  98.00
contig_12270:4648977-4649085.bam
1543 1510  97.00
contig_12270:5442569-5442675.bam
1150 1116  97.00
contig_12270:5461367-5461532.bam
1813 1779  98.00
contig_12270:5694988-5695309.bam
1670 1644  98.00
contig_12270:578330-578521.bam
1699 1643  96.00
contig_12300:182225-182469.bam
1421 1366  96.00
contig_12311:2454599-2454737.bam
2019 1985  98.00
contig_12311:2496174-2496668.bam
96 64  66.00
contig_12323:17896-18016.bam
954 906  94.00
contig_12382:753717-753898.bam
1899 1854  97.00
contig_12473:1162094-1162304.bam
110 65  59.00
contig_12473:1255563-1255761.bam
1984 1945  98.00
contig_12473:1276484-1277018.bam
549 516  93.00
contig_12473:1332781-1332920.bam
2020 1972  97.00
contig_12473:1450098-1450477.bam
1647 1611  97.00
contig_12473:1899167-1899257.bam
361 316  87.00
contig_12473:430660-430785.bam
2832 2787  98.00
contig_12473:663021-663551.bam
1391 1363  97.00
contig_12517:1040021-1040157.bam
1605 1566  97.00
contig_12517:1062654-1062824.bam
954 914  95.00
contig_12517:1983164-1983239.bam
1294 1266  97.00
contig_12517:832856-833182.bam
1640 1608  98.00
contig_12526:118857-118930.bam
1802 1772  98.00
contig_12526:121828-122200.bam
3260 3222  98.00
contig_12526:1464846-1465439.bam
1554 1518  97.00
contig_12526:1572803-1573001.bam
1912 1875  98.00
contig_12526:484335-484641.bam
1404 1359  96.00
contig_12570:1379717-1379850.bam
102 55  53.00
contig_12570:1507949-1508321.bam
1935 1904  98.00
contig_12570:1572585-1572925.bam
127 94  74.00
contig_12570:1816049-1816409.bam
1707 1672  97.00
contig_12570:2032668-2032916.bam
1657 1622  97.00
contig_12570:2298069-2298218.bam
80 57  71.00
contig_12570:2623493-2623736.bam
462 418  90.00
contig_12570:3226052-3226329.bam
1794 1755  97.00
contig_12570:3606688-3606958.bam
69 41  59.00
contig_12570:3659002-3659122.bam
1700 1643  96.00
contig_12570:4054966-4055341.bam
224 196  87.00
contig_12570:4068782-4068934.bam
1331 1291  96.00
contig_12570:4264174-4264343.bam
306 246  80.00
contig_12570:4290160-4290352.bam
2059 2011  97.00
contig_12570:4334606-4335163.bam
1325 1294  97.00
contig_12570:5006906-5007154.bam
435 395  90.00
contig_12570:5061246-5061838.bam
1734 1709  98.00
contig_12631:1023249-1023443.bam
1770 1746  98.00
contig_12631:140882-141037.bam
1671 1651  98.00
contig_12631:2829345-2829563.bam
191 151  79.00
contig_12669:1919389-1919529.bam
160 124  77.00
contig_12669:2057756-2057870.bam
1739 1706  98.00
contig_12695:1391935-1392168.bam
4256 4224  99.00
contig_12695:1978501-1979155.bam
246 203  82.00
contig_12695:3110470-3110600.bam
1767 1724  97.00
contig_12695:3616258-3616668.bam
1513 1469  97.00
contig_12695:3885170-3885236.bam
1937 1877  96.00
contig_12717:1784393-1784602.bam
627 581  92.00
contig_12783:1026440-1026547.bam
1660 1624  97.00
contig_12783:3497919-3497990.bam
5090 5033  98.00
contig_12783:6023943-6024808.bam
1770 1731  97.00
contig_12792:2024214-2024435.bam
1780 1750  98.00
contig_12792:2634702-2634935.bam
1689 1652  97.00
contig_12792:3891950-3892181.bam
1255 1209  96.00
contig_12792:622024-622090.bam
1600 1553  97.00
contig_12792:842053-842157.bam
3480 3435  98.00
contig_12852:49439-49953.bam
4048 4023  99.00
contig_12873:1360590-1361883.bam
1495 1441  96.00
contig_12873:336276-336389.bam
1793 1744  97.00
contig_12873:3581370-3581496.bam
1807 1790  99.00
contig_12873:3665444-3665772.bam
1607 1580  98.00
contig_12873:3869096-3869205.bam
284 243  85.00
contig_12873:429125-429205.bam
2184 2153  98.00
contig_12873:4439892-4440282.bam
1764 1715  97.00
contig_12873:588260-588339.bam
1563 1527  97.00
contig_12873:969454-969640.bam
1514 1468  96.00
contig_12964:1090557-1090640.bam
334 303  90.00
contig_12964:1387815-1388053.bam
52 31  59.00
contig_12964:1611470-1611578.bam
1401 1365  97.00
contig_12964:2031182-2031245.bam
1716 1683  98.00
contig_12964:320668-320799.bam
1765 1724  97.00
contig_12964:529406-529541.bam
1509 1483  98.00
contig_12964:871057-871259.bam
3600 3576  99.00
contig_13023:1320537-1321001.bam
1731 1698  98.00
contig_13023:1620372-1620631.bam
1732 1676  96.00
contig_13023:1779547-1779630.bam
1939 1885  97.00
contig_13023:1790701-1790855.bam
3755 3720  99.00
contig_13023:1791908-1792182.bam
1637 1600  97.00
contig_13023:2146801-2146981.bam
1857 1827  98.00
contig_13023:2191064-2191457.bam
3169 3149  99.00
contig_13023:2193232-2193468.bam
2402 2352  97.00
contig_13023:355009-355437.bam
1532 1498  97.00
contig_13023:3929434-3929651.bam
1671 1628  97.00
contig_13023:4123596-4124256.bam
78 40  51.00
contig_13023:435411-435509.bam
1853 1823  98.00
contig_13023:5179642-5179937.bam
131 86  65.00
contig_13023:5225188-5225297.bam
1582 1552  98.00
contig_13023:5308049-5308451.bam
1742 1699  97.00
contig_13023:5683108-5683408.bam
1135 1097  96.00
contig_13023:5684816-5685135.bam
133 92  69.00
contig_13023:6235777-6235972.bam
1961 1918  97.00
contig_13023:716629-716806.bam
229 188  82.00
contig_13023:7177687-7177947.bam
1815 1769  97.00
contig_13023:7993695-7993903.bam
1506 1470  97.00
contig_13023:801085-801570.bam
1463 1424  97.00
contig_13023:8090224-8090353.bam
1916 1885  98.00
contig_13041:1097145-1097330.bam
1178 1132  96.00
contig_13041:1298499-1298668.bam
2491 2453  98.00
contig_13041:1305379-1305786.bam
1264 1223  96.00
contig_13041:551022-551241.bam
1350 1309  96.00
contig_13041:652838-652952.bam
1217 1175  96.00
contig_13041:707183-707386.bam
209 155  74.00
contig_13041:899118-899275.bam
1385 1335  96.00
contig_13041:960034-960197.bam
1886 1845  97.00
contig_13055:1255064-1255714.bam
1670 1638  98.00
contig_13055:1306647-1306734.bam
1942 1911  98.00
contig_13055:1959775-1960033.bam
1887 1821  96.00
contig_13055:1994064-1994470.bam
857 820  95.00
contig_13055:2921761-2921890.bam
1732 1697  97.00
contig_13055:4744538-4744702.bam
378 333  88.00
contig_13055:4905877-4905959.bam
48 24  50.00
contig_13055:719880-720046.bam
322 294  91.00
contig_13059:1034208-1034349.bam
1733 1696  97.00
contig_13059:557911-558541.bam
1686 1651  97.00
contig_13059:569454-569641.bam
1275 1246  97.00
contig_13059:636530-636886.bam
1497 1453  97.00
contig_13059:729287-729588.bam
2163 2134  98.00
contig_13075:2418352-2418715.bam
58 31  53.00
contig_13075:2654316-2654492.bam
3304 3270  98.00
contig_13075:3697693-3697981.bam
424 395  93.00
contig_13075:4070323-4070445.bam
1697 1653  97.00
contig_13075:545151-545320.bam
173 135  78.00
contig_13086:223948-224016.bam
196 158  80.00
contig_13099:86449-86614.bam
402 363  90.00
contig_13319:354277-354462.bam
1661 1608  96.00
contig_13319:432220-432426.bam
1565 1538  98.00
contig_13319:480569-480710.bam
86 55  63.00
contig_13358:647246-647366.bam
3247 3230  99.00
contig_13358:681905-682533.bam
1845 1808  97.00
contig_13358:953352-953499.bam
1878 1832  97.00
contig_13377:175442-175706.bam
1751 1701  97.00
contig_13377:1847784-1847963.bam
647 610  94.00
contig_13377:2495997-2496083.bam
72 43  59.00
contig_13377:542113-542227.bam
467 430  92.00
contig_13382:1558020-1558123.bam
744 714  95.00
contig_13382:936093-936251.bam
1870 1813  96.00
contig_13459:2673889-2674446.bam
1745 1717  98.00
contig_13459:782615-782973.bam
1551 1527  98.00
contig_13462:1227683-1227754.bam
1445 1417  98.00
contig_13462:1332743-1332962.bam
1401 1350  96.00
contig_13462:1344389-1344529.bam
65 39  60.00
contig_13462:2061285-2061356.bam
1521 1506  99.00
contig_13494:1257409-1257491.bam
267 235  88.00
contig_13551:1455696-1455884.bam
159 127  79.00
contig_13551:1567426-1567558.bam
1272 1237  97.00
contig_13551:250530-250700.bam
479 442  92.00
contig_13551:288028-288302.bam
1768 1714  96.00
contig_13551:866008-866158.bam
2026 1982  97.00
contig_13594:682397-682565.bam
1809 1780  98.00
contig_13604:27974-28363.bam
2132 2094  98.00
contig_13761:1491125-1491449.bam
1511 1469  97.00
contig_13761:1762152-1762222.bam
1153 1126  97.00
contig_13761:1870970-1871131.bam
1660 1625  97.00
contig_13761:2442097-2442175.bam
1352 1315  97.00
contig_13761:2667903-2667993.bam
4652 4603  98.00
contig_13761:484326-484758.bam
1702 1674  98.00
contig_13782:752665-752813.bam
1470 1420  96.00
contig_13822:471151-471299.bam
1545 1509  97.00
contig_13989:1757406-1757672.bam
1756 1706  97.00
contig_13989:422812-422996.bam
1415 1372  96.00
contig_14038:1029875-1029992.bam
2095 2058  98.00
contig_14038:1464519-1464748.bam
1529 1486  97.00
contig_14038:1469249-1469485.bam
1797 1736  96.00
contig_14038:1530248-1530491.bam
73 37  50.00
contig_14038:199221-199404.bam
222 192  86.00
contig_14038:2227246-2227405.bam
1699 1674  98.00
contig_14038:439337-439588.bam
94 60  63.00
contig_14207:15983-16071.bam
578 516  89.00
contig_14207:1893857-1894004.bam
275 238  86.00
contig_14207:488933-489152.bam
1314 1281  97.00
contig_14207:714863-715077.bam
1682 1647  97.00
contig_14207:887806-887983.bam
369 343  92.00
contig_14267:10168456-10168561.bam
1779 1727  97.00
contig_14267:1796995-1797132.bam
1747 1699  97.00
contig_14267:2179513-2179664.bam
1919 1866  97.00
contig_14267:3576883-3577316.bam
125 86  68.00
contig_14267:4077581-4077825.bam
1802 1758  97.00
contig_14267:4354232-4354721.bam
1871 1821  97.00
contig_14267:6246437-6246667.bam
1504 1460  97.00
contig_14267:6487843-6487987.bam
1358 1313  96.00
contig_14267:7045348-7045610.bam
1449 1418  97.00
contig_14267:729059-729237.bam
3124 3088  98.00
contig_14267:7397139-7397481.bam
192 162  84.00
contig_14267:8061827-8061996.bam
1858 1822  98.00
contig_14267:8189999-8190197.bam
1831 1805  98.00
contig_14346:456968-457232.bam
1739 1690  97.00
contig_14346:472424-472903.bam
1584 1549  97.00
contig_14402:395941-396382.bam
1578 1543  97.00
contig_14425:1259983-1260226.bam
3111 3077  98.00
contig_14425:1468514-1468741.bam
1897 1870  98.00
contig_14425:2061995-2062260.bam
176 143  81.00
contig_14425:2495055-2495270.bam
856 823  96.00
contig_14425:2924379-2924563.bam
1318 1274  96.00
contig_14425:866097-866519.bam
88 48  54.00
contig_14506:126854-127005.bam
74 40  54.00
contig_14571:131670-131810.bam
1952 1926  98.00
contig_14571:523295-523552.bam
1757 1711  97.00
contig_14571:948368-948506.bam
1929 1902  98.00
contig_14626:1081917-1082078.bam
1851 1819  98.00
contig_14626:2521794-2522019.bam
1570 1536  97.00
contig_14626:35940-36001.bam
237 190  80.00
contig_14626:5306126-5306191.bam
237 196  82.00
contig_14626:6332645-6332720.bam
1641 1596  97.00
contig_14626:6860227-6860526.bam
1875 1839  98.00
contig_14626:8677187-8677369.bam
104 66  63.00
contig_14626:8714044-8714192.bam
1744 1698  97.00
contig_14626:896820-897100.bam
1794 1726  96.00
contig_14826:48620-48793.bam
451 419  92.00
contig_14826:624269-624590.bam
1839 1828  99.00
contig_14856:1540453-1540631.bam
308 290  94.00
contig_14856:2685449-2685643.bam
122 82  67.00
contig_14928:1728680-1728767.bam
1669 1636  98.00
contig_14928:2289047-2289310.bam
1743 1693  97.00
contig_14928:6328710-6329074.bam
775 737  95.00
contig_14928:6512355-6512536.bam
1514 1447  95.00
contig_14928:6577490-6577676.bam
1779 1723  96.00
contig_14928:8001400-8001709.bam
1918 1881  98.00
contig_14928:8007921-8008168.bam
133 96  72.00
contig_14928:8042690-8043064.bam
1742 1703  97.00
contig_14928:8296617-8296753.bam
110 83  75.00
contig_14928:8497834-8497971.bam
1553 1515  97.00
contig_14928:8586014-8586086.bam
1881 1839  97.00
contig_14928:8754805-8755297.bam
641 603  94.00
contig_14928:8854604-8854751.bam
1779 1735  97.00
contig_14928:9368511-9368826.bam
300 257  85.00
contig_14937:2098389-2098620.bam
2734 2700  98.00
contig_14937:3319835-3320372.bam
1831 1795  98.00
contig_14937:4189357-4189604.bam
92 48  52.00
contig_14937:4320343-4320452.bam
1466 1425  97.00
contig_14937:4481060-4481122.bam
2368 2332  98.00
contig_14937:5605417-5605892.bam
577 547  94.00
contig_14937:7104424-7104575.bam
601 567  94.00
contig_14937:7191166-7191317.bam
1820 1785  98.00
contig_14937:7353409-7353639.bam
1824 1782  97.00
contig_14937:809147-809328.bam
1819 1787  98.00
contig_15124:2212692-2212912.bam
1643 1605  97.00
contig_15124:2544013-2544094.bam
1729 1673  96.00
contig_15124:650241-650378.bam
66 42  63.00
contig_15133:1478367-1478500.bam
1868 1838  98.00
contig_15133:974077-974170.bam
89 74  83.00
contig_15159:7664-7797.bam
1724 1665  96.00
contig_1519:1809623-1809690.bam
1651 1622  98.00
contig_1519:1938075-1938208.bam
69 42  60.00
contig_1519:2683848-2683942.bam
1462 1416  96.00
contig_1519:401672-401874.bam
460 407  88.00
contig_1519:4349171-4349285.bam
654 620  94.00
contig_1519:5546370-5546636.bam
1718 1680  97.00
contig_1519:5678762-5678928.bam
160 136  85.00
contig_1519:587360-587575.bam
1444 1412  97.00
contig_15267:260342-260830.bam
83 58  69.00
contig_15267:278006-278080.bam
1852 1817  98.00
contig_15267:438982-439546.bam
221 170  76.00
contig_15267:769277-769348.bam
207 167  80.00
contig_15337:2397087-2397176.bam
1728 1688  97.00
contig_15337:2534638-2534799.bam
3467 3418  98.00
contig_15337:2698111-2698813.bam
218 183  83.00
contig_15337:2847500-2847695.bam
1475 1430  96.00
contig_15337:2888802-2888902.bam
1814 1771  97.00
contig_15337:2960228-2960503.bam
1910 1842  96.00
contig_15337:2989335-2989556.bam
1663 1621  97.00
contig_15337:3086351-3086495.bam
1360 1310  96.00
contig_15337:3459441-3459744.bam
1769 1702  96.00
contig_15337:4025065-4025319.bam
151 109  72.00
contig_15337:4975583-4975737.bam
1764 1714  97.00
contig_15342:1462544-1462842.bam
1847 1801  97.00
contig_15342:162470-162741.bam
91 54  59.00
contig_15342:2689509-2689661.bam
1428 1390  97.00
contig_15342:624656-624733.bam
87 46  52.00
contig_15414:1683775-1684253.bam
423 382  90.00
contig_15414:2173105-2173227.bam
1810 1759  97.00
contig_15414:2387061-2387234.bam
4894 4849  99.00
contig_15414:2940212-2940620.bam
2114 2072  98.00
contig_15414:2990021-2990523.bam
269 239  88.00
contig_15414:3538062-3538203.bam
1598 1550  96.00
contig_15414:744565-744773.bam
208 178  85.00
contig_15441:231370-231433.bam
1564 1537  98.00
contig_15441:474126-474227.bam
1821 1793  98.00
contig_15441:570006-570326.bam
1752 1723  98.00
contig_15463:186181-186245.bam
1828 1791  97.00
contig_15484:1290115-1290402.bam
1981 1944  98.00
contig_15484:171203-171489.bam
150 110  73.00
contig_15484:373399-373828.bam
1636 1536  93.00
contig_15484:422217-422493.bam
288 243  84.00
contig_15484:422800-422917.bam
3505 3464  98.00
contig_15484:494526-495014.bam
1322 1276  96.00
contig_15484:72389-72541.bam
1463 1422  97.00
contig_15526:1799372-1799461.bam
151 114  75.00
contig_15802:1080044-1080215.bam
366 328  89.00
contig_15802:2475106-2475232.bam
1806 1762  97.00
contig_15802:2952199-2952336.bam
1724 1684  97.00
contig_15802:824250-824716.bam
1547 1523  98.00
contig_1581:1285672-1286116.bam
3100 3070  99.00
contig_1581:2239105-2239525.bam
1698 1660  97.00
contig_1581:2275931-2276078.bam
1840 1801  97.00
contig_1581:247112-247247.bam
123 86  69.00
contig_1581:254832-255100.bam
1591 1564  98.00
contig_1581:3087529-3087947.bam
1841 1797  97.00
contig_1581:3118715-3119195.bam
1208 1173  97.00
contig_1581:3325479-3325633.bam
1834 1769  96.00
contig_1581:3770101-3770306.bam
1730 1665  96.00
contig_1581:3811731-3812053.bam
1610 1561  96.00
contig_1581:4722314-4722674.bam
1548 1497  96.00
contig_1581:4745155-4745307.bam
1553 1515  97.00
contig_1581:541416-541661.bam
2163 2135  98.00
contig_1581:5728916-5729378.bam
592 558  94.00
contig_1581:5816839-5817351.bam
1535 1498  97.00
contig_15860:1150192-1150259.bam
1265 1241  98.00
contig_1587:553320-553452.bam
1775 1725  97.00
contig_1587:640661-640841.bam
1746 1725  98.00
contig_16002:2317-2488.bam
807 755  93.00
contig_1600:120156-120322.bam
1567 1528  97.00
contig_1600:1341832-1342081.bam
5003 4964  99.00
contig_1600:2007971-2008377.bam
1422 1387  97.00
contig_1600:2657069-2657137.bam
1569 1534  97.00
contig_1600:268734-268890.bam
1669 1631  97.00
contig_1600:3015076-3015200.bam
1610 1577  97.00
contig_1600:440474-440941.bam
1807 1769  97.00
contig_1600:534497-534837.bam
1713 1680  98.00
contig_1600:663766-663969.bam
1606 1560  97.00
contig_16013:185197-186122.bam
1755 1609  91.00
contig_16013:536356-536420.bam
1759 1721  97.00
contig_16153:176768-176980.bam
1387 1356  97.00
contig_16153:494909-494980.bam
492 452  91.00
contig_16153:533899-533964.bam
1576 1523  96.00
contig_16155:145694-145811.bam
1753 1721  98.00
contig_16155:859766-860097.bam
1393 1319  94.00
contig_16182:1319988-1320342.bam
1706 1656  97.00
contig_16182:1599579-1599815.bam
154 121  78.00
contig_16182:488457-488783.bam
1994 1968  98.00
contig_16182:495279-495670.bam
1929 1898  98.00
contig_16182:840050-840252.bam
3365 3317  98.00
contig_16200:1427949-1428338.bam
1266 1234  97.00
contig_16200:1610379-1610553.bam
1658 1611  97.00
contig_16200:2240735-2240967.bam
173 125  72.00
contig_16200:2454442-2454573.bam
143 102  71.00
contig_16200:2644381-2644531.bam
1538 1496  97.00
contig_16200:2822201-2822257.bam
1923 1891  98.00
contig_16200:2996823-2997036.bam
1716 1682  98.00
contig_16200:3619764-3619996.bam
437 396  90.00
contig_16200:3664242-3664438.bam
1433 1400  97.00
contig_16200:3716697-3716980.bam
1604 1566  97.00
contig_16200:3724939-3724995.bam
423 381  90.00
contig_16202:1379177-1379396.bam
3590 3540  98.00
contig_16202:869307-869926.bam
1767 1733  98.00
contig_16204:1695141-1695341.bam
1874 1844  98.00
contig_16204:2096819-2097184.bam
1743 1711  98.00
contig_16204:2233248-2233312.bam
131 92  70.00
contig_16204:4875225-4875307.bam
1323 1281  96.00
contig_16377:571238-571326.bam
1805 1766  97.00
contig_16377:579192-579516.bam
1687 1656  98.00
contig_16377:628838-628923.bam
1673 1642  98.00
contig_16378:160740-161118.bam
213 171  80.00
contig_16378:762156-762326.bam
1323 1290  97.00
contig_16461:186994-187050.bam
5572 5531  99.00
contig_16461:250762-251643.bam
1899 1885  99.00
contig_16463:758140-758245.bam
1877 1833  97.00
contig_16508:1535919-1536027.bam
924 892  96.00
contig_16508:740902-741122.bam
611 573  93.00
contig_16515:741103-741200.bam
1738 1708  98.00
contig_16614:1635480-1635546.bam
1341 1298  96.00
contig_16614:2557040-2557215.bam
350 319  91.00
contig_16614:2678498-2678593.bam
1768 1727  97.00
contig_16614:2700099-2700357.bam
1716 1674  97.00
contig_16614:4523049-4523154.bam
1798 1750  97.00
contig_16814:197494-197722.bam
1629 1598  98.00
contig_16814:268339-268409.bam
74 38  51.00
contig_16858:1273513-1273604.bam
1795 1764  98.00
contig_16858:1473930-1474329.bam
156 112  71.00
contig_16858:1666750-1666945.bam
128 99  77.00
contig_16858:1840378-1840545.bam
1356 1313  96.00
contig_16858:2103247-2103358.bam
1793 1769  98.00
contig_16858:2537224-2537376.bam
1839 1794  97.00
contig_16858:2701286-2701448.bam
1085 1057  97.00
contig_16858:2728624-2728883.bam
1495 1467  98.00
contig_16858:3142699-3142857.bam
1440 1395  96.00
contig_16858:3188698-3188782.bam
1849 1808  97.00
contig_16858:3435750-3435969.bam
1604 1567  97.00
contig_16858:3820398-3820558.bam
1662 1621  97.00
contig_16858:3878341-3878505.bam
1754 1722  98.00
contig_16858:873935-874120.bam
1838 1788  97.00
contig_16858:969208-969692.bam
1656 1626  98.00
contig_16862:510755-510848.bam
1742 1712  98.00
contig_16862:773247-773538.bam
1484 1385  93.00
contig_16884:227916-228009.bam
1861 1819  97.00
contig_16888:2057912-2058160.bam
1888 1844  97.00
contig_16888:2776451-2776646.bam
172 119  69.00
contig_16888:942616-942765.bam
121 82  67.00
contig_16903:118644-118781.bam
1718 1664  96.00
contig_16903:1207085-1207332.bam
1797 1766  98.00
contig_16903:1326772-1326919.bam
1756 1723  98.00
contig_16903:1669784-1669920.bam
1678 1575  93.00
contig_16903:1863597-1863961.bam
1594 1544  96.00
contig_16903:1913195-1913421.bam
4943 4910  99.00
contig_16903:2090315-2091512.bam
763 733  96.00
contig_16903:2294944-2295261.bam
142 107  75.00
contig_16903:2349923-2350185.bam
1715 1675  97.00
contig_16903:577922-578297.bam
1392 1359  97.00
contig_16934:361453-361590.bam
1785 1747  97.00
contig_16934:36679-36976.bam
1523 1483  97.00
contig_16996:457273-457339.bam
1726 1680  97.00
contig_1708:1005144-1005424.bam
1630 1589  97.00
contig_1708:3341309-3341593.bam
1765 1729  97.00
contig_1708:3953022-3953282.bam
3659 3618  98.00
contig_1708:4336436-4336868.bam
1541 1510  97.00
contig_1708:4946628-4946842.bam
1614 1575  97.00
contig_1708:5582966-5583144.bam
1050 1009  96.00
contig_1708:5899497-5899598.bam
1687 1648  97.00
contig_1708:5923037-5923232.bam
299 262  87.00
contig_17091:1004184-1004534.bam
1775 1734  97.00
contig_17091:564701-565234.bam
3150 3124  99.00
contig_1709:116567-116987.bam
1522 1353  88.00
contig_1709:1240098-1240187.bam
1723 1695  98.00
contig_1709:2802165-2802300.bam
1806 1760  97.00
contig_1709:3659894-3659968.bam
1715 1678  97.00
contig_1709:3742233-3742465.bam
1816 1777  97.00
contig_1709:3802094-3802694.bam
1775 1743  98.00
contig_1709:3968100-3968260.bam
1789 1741  97.00
contig_1709:462236-462460.bam
1811 1775  98.00
contig_1709:6558889-6559616.bam
1384 1348  97.00
contig_1709:7003507-7003596.bam
1740 1714  98.00
contig_1709:7265927-7266234.bam
1845 1814  98.00
contig_1709:7969941-7970119.bam
1974 1930  97.00
contig_17106:168246-168445.bam
1541 1501  97.00
contig_17142:1395275-1395507.bam
2996 2957  98.00
contig_17144:203626-204096.bam
3518 3475  98.00
contig_17144:23072-23482.bam
1804 1761  97.00
contig_17144:828156-828328.bam
1538 1500  97.00
contig_17144:92497-92569.bam
1634 1600  97.00
contig_17160:29671-29881.bam
2458 2411  98.00
contig_17185:121899-122691.bam
127 93  73.00
contig_17185:514521-514869.bam
1781 1746  98.00
contig_17185:653488-653868.bam
2068 2037  98.00
contig_17228:473355-473719.bam
1743 1694  97.00
contig_17252:363399-363534.bam
1746 1709  97.00
contig_17252:406501-406613.bam
1528 1484  97.00
contig_1726:1104435-1104512.bam
2475 2442  98.00
contig_1726:1283684-1284007.bam
1341 684  51.00
contig_1726:1327905-1327981.bam
222 184  82.00
contig_1726:1446827-1446964.bam
106 74  69.00
contig_1726:2013783-2013917.bam
2039 1839  90.00
contig_1726:2629712-2629944.bam
1706 1666  97.00
contig_1726:2860316-2860497.bam
1497 1442  96.00
contig_1726:80246-80603.bam
1802 1765  97.00
contig_17318:632618-632773.bam
1738 1697  97.00
contig_17318:990939-991136.bam
1284 1235  96.00
contig_17331:1405235-1405439.bam
1723 1683  97.00
contig_17331:1421678-1421919.bam
148 122  82.00
contig_17331:1797599-1797787.bam
3639 3609  99.00
contig_17331:2098640-2099220.bam
1774 1742  98.00
contig_17331:5811791-5811957.bam
1650 1596  96.00
contig_17331:7286163-7286314.bam
781 743  95.00
contig_17343:1004962-1005304.bam
1646 1601  97.00
contig_17343:1457719-1458054.bam
87 46  52.00
contig_17343:723535-723812.bam
1867 1832  98.00
contig_17384:608502-608743.bam
1457 1420  97.00
contig_17390:1649025-1649433.bam
3457 3415  98.00
contig_17390:1724022-1724382.bam
1514 1486  98.00
contig_17390:245744-245864.bam
1460 1422  97.00
contig_17390:497089-497328.bam
1963 1937  98.00
contig_17466:1021385-1021872.bam
1741 1706  97.00
contig_17466:204366-204707.bam
2113 2073  98.00
contig_17466:401993-402726.bam
1756 1707  97.00
contig_17476:223977-224332.bam
1686 1644  97.00
contig_17517:176115-176424.bam
1713 1664  97.00
contig_17517:247462-247923.bam
738 703  95.00
contig_17517:348267-348535.bam
1749 1707  97.00
contig_17517:388144-388377.bam
257 225  87.00
contig_17517:472192-472643.bam
1636 1597  97.00
contig_17517:723989-724131.bam
1792 1759  98.00
contig_17536:308833-308911.bam
1814 1785  98.00
contig_17558:739272-739449.bam
1626 1593  97.00
contig_17572:1022007-1022337.bam
3608 3580  99.00
contig_17572:128794-129171.bam
3691 3644  98.00
contig_17572:1431018-1431439.bam
2054 2007  97.00
contig_17572:461618-462066.bam
1880 1819  96.00
contig_17573:237556-237760.bam
3085 3054  98.00
contig_17642:153038-153302.bam
1815 1776  97.00
contig_17642:383589-383973.bam
1916 1877  97.00
contig_17642:387255-387760.bam
1472 1435  97.00
contig_17642:671013-671419.bam
1680 1619  96.00
contig_17649:850649-850755.bam
1747 1717  98.00
contig_17660:412175-412299.bam
1515 1485  98.00
contig_17670:1011335-1011870.bam
1590 1548  97.00
contig_17670:1093346-1093546.bam
452 424  93.00
contig_17670:1661048-1661408.bam
1755 1721  98.00
contig_17670:1807760-1807896.bam
2008 1969  98.00
contig_17670:2056955-2057274.bam
162 133  82.00
contig_17670:2156985-2157214.bam
1750 1704  97.00
contig_17670:268025-268332.bam
1643 1600  97.00
contig_17670:421755-421947.bam
1810 1766  97.00
contig_17670:528632-528734.bam
3756 3718  98.00
contig_17670:570800-571224.bam
1852 1818  98.00
contig_17670:699554-699785.bam
1700 1663  97.00
contig_17670:939669-939791.bam
1585 1547  97.00
contig_17683:358068-358814.bam
1485 1457  98.00
contig_17683:516205-516486.bam
992 957  96.00
contig_17683:702886-703107.bam
1408 1372  97.00
contig_17732:269982-270437.bam
1352 1305  96.00
contig_17746:517867-518006.bam
1864 1849  99.00
contig_1774:1797824-1798442.bam
1462 1432  97.00
contig_1774:2579009-2579121.bam
1611 1595  99.00
contig_1774:5528949-5529058.bam
1452 1433  98.00
contig_1774:5992384-5992453.bam
1484 1452  97.00
contig_17829:535333-535606.bam
1712 1666  97.00
contig_1783:3575611-3575882.bam
1935 1882  97.00
contig_1783:4132769-4132882.bam
1514 1467  96.00
contig_1783:5633059-5633122.bam
1884 1843  97.00
contig_1783:6442702-6442826.bam
1633 1602  98.00
contig_1783:649273-649574.bam
338 305  90.00
contig_1783:7462765-7462867.bam
1901 1867  98.00
contig_1783:7669985-7670092.bam
1100 1067  97.00
contig_17843:275572-275728.bam
248 209  84.00
contig_17847:545464-545631.bam
3306 3251  98.00
contig_17862:699143-699579.bam
1831 1789  97.00
contig_17862:709456-709797.bam
1251 1228  98.00
contig_17865:2095692-2095912.bam
1819 1777  97.00
contig_17865:2669464-2669679.bam
1821 1774  97.00
contig_17865:3501805-3502143.bam
605 580  95.00
contig_17865:3935291-3935378.bam
1527 1499  98.00
contig_17865:3987428-3987497.bam
1832 1788  97.00
contig_17865:67551-67739.bam
399 369  92.00
contig_17865:722673-722787.bam
3227 3198  99.00
contig_17900:484629-485355.bam
3344 3310  98.00
contig_17923:196501-196715.bam
361 331  91.00
contig_17931:601060-601136.bam
1602 1562  97.00
contig_17966:361469-361804.bam
50 26  52.00
contig_1796:1003253-1003424.bam
97 58  59.00
contig_1796:1604837-1604915.bam
1266 1238  97.00
contig_1796:1911388-1911703.bam
1555 1528  98.00
contig_1796:1980087-1980361.bam
1297 1244  95.00
contig_1796:2384116-2384195.bam
164 127  77.00
contig_1796:2536354-2536484.bam
1493 1458  97.00
contig_1796:2674705-2675139.bam
1848 1814  98.00
contig_1796:3057526-3057859.bam
249 129  51.00
contig_1796:717706-717851.bam
1735 1683  97.00
contig_1796:99158-99373.bam
1774 1738  97.00
contig_17999:324386-324619.bam
510 477  93.00
contig_17999:325273-325463.bam
1818 1768  97.00
contig_17999:675952-676039.bam
1994 1943  97.00
contig_188:117500-117681.bam
909 875  96.00
contig_188:1194367-1194492.bam
1423 1362  95.00
contig_188:1463897-1464075.bam
473 438  92.00
contig_188:165244-165329.bam
74 43  58.00
contig_188:498798-498992.bam
631 604  95.00
contig_188:573576-573825.bam
292 260  89.00
contig_188:576519-576820.bam
288 263  91.00
contig_188:696633-696995.bam
2726 2700  99.00
contig_1986:2085398-2085579.bam
1592 1564  98.00
contig_1986:2616034-2616374.bam
1662 1613  97.00
contig_1986:3218722-3218950.bam
1649 1610  97.00
contig_1986:4682828-4682952.bam
1900 1860  97.00
contig_1986:770623-770945.bam
1661 1622  97.00
contig_1988:543255-543333.bam
1449 1399  96.00
contig_19:10050725-10051063.bam
1773 1739  98.00
contig_19:11727814-11727925.bam
1378 1329  96.00
contig_19:12310441-12310605.bam
1733 1704  98.00
contig_19:124949-125162.bam
382 348  91.00
contig_19:12494960-12495155.bam
279 244  87.00
contig_19:12587922-12588058.bam
1548 1524  98.00
contig_19:13290444-13290604.bam
1529 1498  97.00
contig_19:13338750-13338837.bam
1768 1734  98.00
contig_19:13558362-13558509.bam
1730 1694  97.00
contig_19:13650209-13650386.bam
948 904  95.00
contig_19:1936481-1936553.bam
1666 1622  97.00
contig_19:2311091-2311174.bam
3454 3422  99.00
contig_19:3058086-3058323.bam
1334 1293  96.00
contig_19:362046-362139.bam
1781 1719  96.00
contig_19:3951701-3951969.bam
932 893  95.00
contig_19:5111075-5111309.bam
295 254  86.00
contig_19:5641615-5641978.bam
60 35  58.00
contig_19:5907655-5907854.bam
1819 1791  98.00
contig_19:6058819-6059132.bam
1815 1785  98.00
contig_19:637623-638031.bam
195 141  72.00
contig_19:725232-725500.bam
331 292  88.00
contig_19:7306438-7306681.bam
59 34  57.00
contig_19:7708208-7708282.bam
188 131  69.00
contig_19:7853125-7853212.bam
1596 1556  97.00
contig_19:8184432-8184898.bam
1795 1753  97.00
contig_19:8393663-8393883.bam
1623 1581  97.00
contig_19:8809946-8810249.bam
1902 1854  97.00
contig_19:9156587-9156771.bam
1656 1616  97.00
contig_19:9882965-9883172.bam
1493 1451  97.00
contig_214:583609-583969.bam
3506 3461  98.00
contig_2201:1468120-1468636.bam
1478 1419  96.00
contig_2201:1965581-1965688.bam
1830 1782  97.00
contig_2201:2521075-2521371.bam
190 145  76.00
contig_2201:3672111-3672267.bam
3498 3463  98.00
contig_2201:4240472-4240829.bam
356 317  89.00
contig_2201:5163385-5163473.bam
1769 1728  97.00
contig_2201:7639199-7639553.bam
1535 1498  97.00
contig_2201:7807351-7807662.bam
231 189  81.00
contig_2201:8871003-8871104.bam
1630 1589  97.00
contig_2201:9034520-9034650.bam
90 52  57.00
contig_2261:1028884-1028956.bam
1799 1761  97.00
contig_2261:11619695-11619914.bam
1561 1530  98.00
contig_2261:1418921-1419075.bam
227 195  85.00
contig_2261:1918413-1918610.bam
527 496  94.00
contig_2261:2027904-2028054.bam
1600 1576  98.00
contig_2261:2079461-2079697.bam
87 46  52.00
contig_2261:2338939-2339150.bam
1537 1483  96.00
contig_2261:2408512-2408658.bam
680 647  95.00
contig_2261:2464257-2464433.bam
1763 1729  98.00
contig_2261:2915307-2915543.bam
928 884  95.00
contig_2261:2962922-2963110.bam
1463 1421  97.00
contig_2261:2964246-2964343.bam
436 398  91.00
contig_2261:3824821-3824909.bam
6927 6898  99.00
contig_2261:4263216-4264095.bam
1709 1672  97.00
contig_2261:45176-45367.bam
244 215  88.00
contig_2261:4892850-4892983.bam
3388 3364  99.00
contig_2261:5230694-5231367.bam
1706 1666  97.00
contig_2261:5751329-5751486.bam
1816 1792  98.00
contig_2261:5826508-5826588.bam
1957 1925  98.00
contig_2261:5910055-5910351.bam
243 205  84.00
contig_2261:6249406-6249888.bam
2211 2172  98.00
contig_2261:6364879-6365284.bam
488 447  91.00
contig_2261:6365618-6365728.bam
731 699  95.00
contig_2261:6422618-6422845.bam
1631 1597  97.00
contig_2261:6490873-6491025.bam
1440 1412  98.00
contig_2261:6583649-6583884.bam
1735 1680  96.00
contig_2261:6739922-6740000.bam
1847 1802  97.00
contig_2261:6771727-6772003.bam
3510 3478  99.00
contig_2261:7211453-7211838.bam
300 278  92.00
contig_2261:7349248-7349337.bam
1738 1699  97.00
contig_2261:819401-819605.bam
3304 3270  98.00
contig_2261:8385918-8386283.bam
1731 1707  98.00
contig_2261:8455805-8456042.bam
1430 1385  96.00
contig_2287:10582549-10582660.bam
1330 1293  97.00
contig_2287:10633510-10633815.bam
60 33  55.00
contig_2287:1074162-1074328.bam
1596 1554  97.00
contig_2287:10854679-10854739.bam
1747 1698  97.00
contig_2287:11176933-11177088.bam
1943 1901  97.00
contig_2287:1129068-1129397.bam
1639 1575  96.00
contig_2287:11380909-11381101.bam
1790 1733  96.00
contig_2287:11551776-11552086.bam
1860 1825  98.00
contig_2287:14718019-14718278.bam
1067 1021  95.00
contig_2287:16081923-16082069.bam
1845 1804  97.00
contig_2287:17431138-17431418.bam
129 74  57.00
contig_2287:17539324-17539499.bam
156 123  78.00
contig_2287:18192148-18192347.bam
570 524  91.00
contig_2287:18849139-18849271.bam
1794 1761  98.00
contig_2287:19509224-19509411.bam
1829 1794  98.00
contig_2287:22045794-22046147.bam
1626 1582  97.00
contig_2287:364690-364835.bam
1399 1361  97.00
contig_2287:6118164-6118318.bam
224 183  81.00
contig_2287:6961920-6962280.bam
107 77  71.00
contig_2287:709478-709644.bam
1457 1409  96.00
contig_2287:7224039-7224384.bam
1713 1683  98.00
contig_2287:8215600-8215786.bam
1632 1599  97.00
contig_2287:8265486-8265612.bam
589 555  94.00
contig_2287:8709535-8709874.bam
1710 1669  97.00
contig_2287:9048831-9049015.bam
106 73  68.00
contig_2315:155053-155225.bam
1492 1468  98.00
contig_2315:5008248-5008440.bam
1717 1663  96.00
contig_2315:999686-999924.bam
1540 1505  97.00
contig_2318:3655268-3655381.bam
3900 3869  99.00
contig_2318:6158861-6159442.bam
859 819  95.00
contig_2318:6453424-6453500.bam
1604 1575  98.00
contig_2318:6568795-6568879.bam
1824 1782  97.00
contig_2318:6994455-6994664.bam
1442 1378  95.00
contig_2318:7116371-7116478.bam
1352 1318  97.00
contig_2318:757788-758051.bam
1904 1843  96.00
contig_2318:7626426-7626652.bam
91 57  62.00
contig_2318:8341341-8341487.bam
1882 1852  98.00
contig_2318:8415040-8415280.bam
3545 3513  99.00
contig_2321:152640-153463.bam
1815 1786  98.00
contig_2449:184470-184686.bam
1843 1783  96.00
contig_2449:2913710-2914024.bam
1480 1449  97.00
contig_2449:3334110-3334286.bam
105 68  64.00
contig_2449:3348233-3348343.bam
143 111  77.00
contig_2449:3587513-3587583.bam
1738 1708  98.00
contig_2449:4125323-4125464.bam
1774 1728  97.00
contig_2449:5604122-5604424.bam
1956 1908  97.00
contig_2449:5709822-5710016.bam
1535 1477  96.00
contig_2449:6199774-6200001.bam
1774 1753  98.00
contig_2449:6776705-6776811.bam
1484 1416  95.00
contig_2449:7007325-7007462.bam
547 516  94.00
contig_2449:7035670-7035820.bam
1737 1697  97.00
contig_2449:7055100-7055360.bam
1483 1440  97.00
contig_2449:7061852-7061967.bam
750 715  95.00
contig_2449:8045819-8046048.bam
2051 2022  98.00
contig_2471:10279274-10279826.bam
1848 1800  97.00
contig_2471:12320238-12320457.bam
1511 1484  98.00
contig_2471:12992771-12992986.bam
1395 1358  97.00
contig_2471:13880351-13880478.bam
231 194  83.00
contig_2471:14439455-14439554.bam
3641 3599  98.00
contig_2471:14799024-14799414.bam
1521 1482  97.00
contig_2471:15929368-15929433.bam
1811 1773  97.00
contig_2471:16286678-16286946.bam
1698 1628  95.00
contig_2471:17090240-17090529.bam
424 370  87.00
contig_2471:17436864-17436968.bam
2821 2779  98.00
contig_2471:18503101-18503366.bam
1846 1793  97.00
contig_2471:18503580-18503656.bam
2083 2055  98.00
contig_2471:2643470-2643726.bam
1836 1790  97.00
contig_2471:5530580-5530782.bam
71 42  59.00
contig_2471:8739116-8739200.bam
1644 1611  97.00
contig_2481:10240363-10240604.bam
90 46  51.00
contig_2481:1051478-1051553.bam
1645 1617  98.00
contig_2481:11507980-11508119.bam
344 300  87.00
contig_2481:12530380-12530485.bam
123 83  67.00
contig_2481:2190534-2190636.bam
1302 1267  97.00
contig_2481:2433225-2433378.bam
1820 1759  96.00
contig_2481:2896672-2896849.bam
1619 1575  97.00
contig_2481:3098009-3098223.bam
1841 1797  97.00
contig_2481:3267707-3268044.bam
89 59  66.00
contig_2481:3284171-3284390.bam
1668 1634  97.00
contig_2481:4870235-4870471.bam
1534 1502  97.00
contig_2481:6849966-6850118.bam
1732 1695  97.00
contig_2481:8616371-8616545.bam
1364 1329  97.00
contig_2481:8667918-8668076.bam
2690 2659  98.00
contig_2481:8874147-8874560.bam
82 53  64.00
contig_2481:9074066-9074166.bam
1970 1915  97.00
contig_2481:9574898-9575172.bam
1847 1807  97.00
contig_2530:1849523-1849724.bam
1633 1577  96.00
contig_2530:2031751-2031932.bam
1810 1751  96.00
contig_2530:2299870-2300047.bam
1767 1720  97.00
contig_2530:2520352-2520539.bam
1761 1713  97.00
contig_2530:3328102-3328347.bam
92 52  56.00
contig_2530:4024644-4024778.bam
1790 1761  98.00
contig_2530:4433946-4434210.bam
1849 1816  98.00
contig_2530:619358-619566.bam
319 275  86.00
contig_2541:1005734-1005805.bam
1676 1640  97.00
contig_2541:10525123-10525192.bam
1748 1718  98.00
contig_2541:1380733-1380895.bam
1653 1597  96.00
contig_2541:2652360-2652528.bam
1887 1838  97.00
contig_2541:5802567-5802748.bam
1648 1620  98.00
contig_2541:5974251-5974341.bam
1727 1597  92.00
contig_2541:6848630-6848818.bam
792 751  94.00
contig_2541:7685003-7685190.bam
1478 1441  97.00
contig_2541:8073882-8074139.bam
1905 1868  98.00
contig_2541:8195690-8196006.bam
1802 1771  98.00
contig_2541:9387704-9387843.bam
865 833  96.00
contig_2541:9388087-9388247.bam
1813 1765  97.00
contig_2541:9435623-9435807.bam
1269 1239  97.00
contig_2541:9488722-9489061.bam
419 386  92.00
contig_2541:9720001-9720343.bam
942 886  94.00
contig_2544:1361510-1361668.bam
1694 1644  97.00
contig_2544:1646198-1646506.bam
1911 1884  98.00
contig_2544:2021800-2022064.bam
1849 1815  98.00
contig_2544:2237677-2238006.bam
3439 3411  99.00
contig_2544:334077-334480.bam
3437 3398  98.00
contig_2544:3340935-3341327.bam
1858 1818  97.00
contig_2544:4723146-4723733.bam
96 75  78.00
contig_274:1052104-1052293.bam
228 195  85.00
contig_274:224515-224580.bam
1647 1622  98.00
contig_274:2246136-2246226.bam
2006 1958  97.00
contig_274:2765156-2765484.bam
1858 1818  97.00
contig_274:2899825-2899952.bam
1527 1481  96.00
contig_274:291022-291125.bam
168 135  80.00
contig_274:3230277-3230432.bam
1490 1439  96.00
contig_274:3552645-3552836.bam
1891 1853  97.00
contig_274:417679-417990.bam
1877 1833  97.00
contig_274:52431-52899.bam
3582 3556  99.00
contig_2780:287039-287332.bam
1668 1636  98.00
contig_2780:513621-514130.bam
1782 1732  97.00
contig_2780:770455-770614.bam
1617 1601  99.00
contig_2792:570819-571004.bam
47 24  51.00
contig_2835:1995311-1995498.bam
1770 1724  97.00
contig_2835:2984301-2984472.bam
1867 1830  98.00
contig_2835:301394-301634.bam
1742 1705  97.00
contig_2835:3420541-3420837.bam
1493 1451  97.00
contig_2835:3421059-3421278.bam
616 546  88.00
contig_2835:359429-359543.bam
1553 1509  97.00
contig_2856:1075414-1075481.bam
128 84  65.00
contig_2856:1747149-1747340.bam
548 518  94.00
contig_2856:1943614-1943712.bam
1886 1841  97.00
contig_2856:2097342-2097545.bam
1701 1664  97.00
contig_2856:2296328-2296603.bam
87 60  68.00
contig_2856:2435038-2435227.bam
1828 1786  97.00
contig_2856:2675822-2676210.bam
1783 1735  97.00
contig_2856:2688142-2688326.bam
3379 3344  98.00
contig_2856:3035252-3035542.bam
1246 1207  96.00
contig_2856:3640051-3640213.bam
1461 1413  96.00
contig_2856:399467-399627.bam
2528 2500  98.00
contig_2856:4215462-4216148.bam
1751 1719  98.00
contig_2856:4364362-4364571.bam
1666 1615  96.00
contig_2856:447261-447537.bam
3589 3549  98.00
contig_2856:4507706-4508318.bam
1894 1874  98.00
contig_2856:4736379-4736664.bam
113 80  70.00
contig_2856:4788528-4788771.bam
1782 1742  97.00
contig_2856:5156933-5157163.bam
1533 1496  97.00
contig_2888:1377186-1377405.bam
1854 1815  97.00
contig_2888:2009682-2010035.bam
1164 1131  97.00
contig_2888:3156387-3156942.bam
1668 1637  98.00
contig_2888:3801099-3801584.bam
1814 1776  97.00
contig_2888:4293720-4293891.bam
1879 1812  96.00
contig_2888:441530-441713.bam
1700 1647  96.00
contig_2888:4785761-4785909.bam
1454 1406  96.00
contig_2888:4786204-4786380.bam
1489 1448  97.00
contig_2888:4870905-4871116.bam
1571 1528  97.00
contig_2888:6622948-6623137.bam
1043 1012  97.00
contig_2888:6778382-6778618.bam
172 138  80.00
contig_2968:1935454-1935570.bam
1681 1651  98.00
contig_2968:2270896-2271156.bam
1733 1706  98.00
contig_2968:2766880-2767362.bam
233 200  85.00
contig_2968:2807777-2807859.bam
1703 1664  97.00
contig_2968:3328625-3328802.bam
1745 1700  97.00
contig_2968:3793028-3793243.bam
1732 1675  96.00
contig_2968:3892814-3893129.bam
82 55  67.00
contig_2968:475126-475183.bam
1780 1752  98.00
contig_2968:4791349-4791475.bam
1472 1440  97.00
contig_2968:653769-653839.bam
1910 1845  96.00
contig_2968:853293-853494.bam
1761 1709  97.00
contig_3126:1009976-1010216.bam
1820 1762  96.00
contig_3126:2192235-2192677.bam
1845 1818  98.00
contig_3126:2602101-2602178.bam
1718 1685  98.00
contig_3126:2902161-2902292.bam
1713 1659  96.00
contig_3126:3496673-3496797.bam
1794 1759  98.00
contig_3127:1192519-1192802.bam
232 190  81.00
contig_3127:1408861-1408988.bam
383 352  91.00
contig_3127:1780237-1780322.bam
1594 1556  97.00
contig_3127:2226250-2226340.bam
3146 3118  99.00
contig_3127:2824037-2824229.bam
140 105  75.00
contig_3127:307558-307698.bam
224 190  84.00
contig_3127:3241102-3241166.bam
1407 1381  98.00
contig_3127:83552-83627.bam
1773 1742  98.00
contig_3127:870489-870792.bam
1570 1532  97.00
contig_3141:37274-37474.bam
415 376  90.00
contig_3147:1218380-1218463.bam
2831 2800  98.00
contig_3147:1349664-1350050.bam
528 478  90.00
contig_3147:1970674-1970927.bam
1836 1811  98.00
contig_3147:3737552-3737738.bam
1689 1639  97.00
contig_3147:3795078-3795299.bam
1458 1425  97.00
contig_3147:5089529-5089749.bam
2007 1958  97.00
contig_3147:879099-879383.bam
1649 1599  96.00
contig_3254:1053244-1053370.bam
3213 3177  98.00
contig_3254:1566004-1566533.bam
1689 1652  97.00
contig_3254:2096281-2096480.bam
1823 1796  98.00
contig_3254:2704966-2705496.bam
318 278  87.00
contig_3254:2930548-2930646.bam
1292 1259  97.00
contig_3254:4144477-4144860.bam
73 41  56.00
contig_3254:4309659-4309743.bam
455 411  90.00
contig_3254:4347459-4347605.bam
1448 1412  97.00
contig_3254:4421899-4422037.bam
1812 1775  97.00
contig_3254:482881-483386.bam
1915 1882  98.00
contig_3254:5132637-5133002.bam
1770 1740  98.00
contig_3254:5141818-5142302.bam
1677 1644  98.00
contig_3254:6349834-6349902.bam
512 462  90.00
contig_3254:6527042-6527166.bam
92 57  61.00
contig_3254:7049115-7049246.bam
1739 1692  97.00
contig_3254:7353417-7353739.bam
105 63  60.00
contig_3256:1283813-1283990.bam
199 160  80.00
contig_3256:1297207-1297781.bam
1712 1679  98.00
contig_3256:745029-745220.bam
1811 1763  97.00
contig_3307:2088911-2089195.bam
1845 1807  97.00
contig_3307:2139815-2140013.bam
1878 1857  98.00
contig_3307:2750317-2750919.bam
2004 1957  97.00
contig_3307:2762258-2762694.bam
1769 1714  96.00
contig_3307:3186449-3186931.bam
1538 1487  96.00
contig_3307:3244106-3244375.bam
77 44  57.00
contig_3307:3597459-3597703.bam
1893 1853  97.00
contig_3307:3919047-3919231.bam
1896 1860  98.00
contig_3307:4653397-4653517.bam
1594 1568  98.00
contig_3307:4951579-4951785.bam
86 46  53.00
contig_3309:1097686-1097750.bam
80 41  51.00
contig_3309:1172356-1172427.bam
970 936  96.00
contig_3454:1322085-1322406.bam
1310 1276  97.00
contig_3454:2216673-2216775.bam
80 48  60.00
contig_3454:941796-941938.bam
1735 1683  97.00
contig_3459:2195690-2196021.bam
1870 1831  97.00
contig_3459:2406656-2406981.bam
1481 1434  96.00
contig_3459:3961244-3961337.bam
1788 1744  97.00
contig_3459:4194420-4194919.bam
1766 1744  98.00
contig_356:1829527-1829727.bam
2262 2212  97.00
contig_356:402434-403462.bam
178 133  74.00
contig_356:4030563-4030759.bam
1592 1538  96.00
contig_356:5738038-5738213.bam
1952 1922  98.00
contig_356:5987696-5987840.bam
1697 1647  97.00
contig_356:988538-988659.bam
761 727  95.00
contig_3640:701422-701516.bam
1849 1823  98.00
contig_3644:11300046-11300202.bam
3037 3010  99.00
contig_3644:1145634-1145911.bam
2891 2849  98.00
contig_3644:11578622-11578852.bam
1905 1803  94.00
contig_3644:12220147-12220633.bam
1502 1429  95.00
contig_3644:14452621-14452954.bam
1603 1575  98.00
contig_3644:14548251-14548385.bam
1603 1566  97.00
contig_3644:14611496-14611655.bam
1839 1795  97.00
contig_3644:14694822-14695032.bam
1256 1216  96.00
contig_3644:14708257-14708400.bam
1804 1763  97.00
contig_3644:14919291-14919409.bam
1629 1587  97.00
contig_3644:15901456-15901735.bam
1897 1858  97.00
contig_3644:16209817-16210248.bam
1923 1891  98.00
contig_3644:16883244-16883347.bam
1800 1768  98.00
contig_3644:18028656-18028807.bam
1709 1660  97.00
contig_3644:18697164-18697272.bam
1712 1653  96.00
contig_3644:18980450-18980603.bam
1845 1798  97.00
contig_3644:21387486-21387653.bam
111 85  76.00
contig_3644:21500036-21500234.bam
582 540  92.00
contig_3644:2159154-2159260.bam
1924 1868  97.00
contig_3644:21696615-21696838.bam
1783 1739  97.00
contig_3644:4887138-4887384.bam
1887 1845  97.00
contig_3644:5746921-5747005.bam
1884 1837  97.00
contig_3644:646675-646816.bam
2194 2163  98.00
contig_3644:9182186-9182549.bam
3557 3508  98.00
contig_3644:9314682-9315088.bam
1148 1120  97.00
contig_3644:9390273-9390327.bam
1152 1103  95.00
contig_3644:9612614-9612742.bam
1552 1523  98.00
contig_3647:315260-315412.bam
1639 1600  97.00
contig_3647:4690269-4690566.bam
1799 1761  97.00
contig_3647:759115-759356.bam
1736 1703  98.00
contig_3657:1015547-1015623.bam
1864 1810  97.00
contig_3657:3203806-3204233.bam
970 934  96.00
contig_3666:784055-784180.bam
1721 1687  98.00
contig_3775:1511974-1512125.bam
1911 1880  98.00
contig_3775:2286303-2286693.bam
1905 1849  97.00
contig_3775:828646-828802.bam
1872 1838  98.00
contig_3818:1183032-1183426.bam
1543 1499  97.00
contig_3818:1529446-1529656.bam
87 50  57.00
contig_3818:1554993-1555169.bam
1589 1552  97.00
contig_3818:1659915-1660165.bam
1836 1795  97.00
contig_3818:2108352-2108547.bam
425 385  90.00
contig_3818:428189-428481.bam
1570 1534  97.00
contig_3835:2733493-2733666.bam
1449 1410  97.00
contig_3835:339877-340055.bam
1143 1103  96.00
contig_4049:3499202-3499480.bam
1862 1820  97.00
contig_4049:647666-647849.bam
1404 1368  97.00
contig_4193_part2:1224040-1224465.bam
1849 1809  97.00
contig_4193_part2:3853093-3853369.bam
2062 2035  98.00
contig_4193_part2:4297428-4297852.bam
1603 1560  97.00
contig_4193_part2:4358248-4358572.bam
1159 1101  94.00
contig_4193_part2:5552551-5552802.bam
1946 1910  98.00
contig_4234:1056559-1057013.bam
520 470  90.00
contig_4234:1297553-1297911.bam
1943 1902  97.00
contig_4234:1391005-1391244.bam
1786 1742  97.00
contig_4234:2101848-2102176.bam
3370 3339  99.00
contig_4234:2401380-2401777.bam
2003 1966  98.00
contig_4234:2976315-2976722.bam
1512 1476  97.00
contig_4234:2976983-2977162.bam
3479 3437  98.00
contig_4234:3186028-3186533.bam
1626 1572  96.00
contig_4234:3756959-3757499.bam
1916 1874  97.00
contig_4234:4118794-4119004.bam
1544 1517  98.00
contig_4234:4408324-4408487.bam
1712 1682  98.00
contig_4234:4924621-4924761.bam
1798 1760  97.00
contig_4234:5627545-5627833.bam
1649 1598  96.00
contig_4234:5677051-5677432.bam
1916 1864  97.00
contig_4234:5808863-5809112.bam
1871 1837  98.00
contig_4234:6275760-6276065.bam
1991 1941  97.00
contig_4234:6355205-6355765.bam
239 195  81.00
contig_4234:856936-857188.bam
1878 1832  97.00
contig_4234:932254-932443.bam
881 838  95.00
contig_4234:940887-941047.bam
4298 4263  99.00
contig_4234:974671-975396.bam
389 350  89.00
contig_4246:3496377-3496505.bam
1662 1623  97.00
contig_4246:4011820-4012134.bam
1579 1542  97.00
contig_4246:4157175-4157386.bam
1761 1728  98.00
contig_4246:4561580-4561798.bam
380 353  92.00
contig_4246:4923720-4923819.bam
1752 1721  98.00
contig_4250:1359374-1359773.bam
251 206  82.00
contig_4250:1543564-1543669.bam
1472 1427  96.00
contig_4250:1621302-1621457.bam
1622 1590  98.00
contig_4250:1716631-1716825.bam
1902 1866  98.00
contig_4250:1833301-1833599.bam
1527 1490  97.00
contig_4250:1903553-1903970.bam
1679 1635  97.00
contig_4250:1946969-1947069.bam
1789 1755  98.00
contig_4250:2047814-2047897.bam
1769 1735  98.00
contig_4250:2492031-2492242.bam
1180 1150  97.00
contig_4250:3190361-3190661.bam
169 127  75.00
contig_4250:3208638-3208755.bam
151 125  82.00
contig_4250:3355791-3355885.bam
210 175  83.00
contig_4250:3456921-3456982.bam
1337 1306  97.00
contig_4250:3526804-3526884.bam
1865 1796  96.00
contig_4250:702281-702503.bam
1806 1752  97.00
contig_4255:100994-101236.bam
140 90  64.00
contig_4255:374414-374486.bam
1537 1498  97.00
contig_4255:496829-497038.bam
1659 1624  97.00
contig_4255:646416-646618.bam
474 429  90.00
contig_4269:1192294-1192493.bam
1527 1478  96.00
contig_4269:2815609-2815714.bam
1593 1567  98.00
contig_4269:3817182-3817349.bam
1069 1041  97.00
contig_4269:4397466-4397555.bam
1755 1728  98.00
contig_4269:5360476-5360707.bam
1899 1857  97.00
contig_4269:560473-560746.bam
1853 1793  96.00
contig_4330:1890337-1890518.bam
1824 1792  98.00
contig_4330:2341834-2341935.bam
1644 1607  97.00
contig_4330:3086699-3087099.bam
1654 1620  97.00
contig_4330:3107171-3107478.bam
455 423  92.00
contig_4330:3587003-3587213.bam
1820 1787  98.00
contig_4330:3588389-3589161.bam
1512 1481  97.00
contig_4330:4415042-4415221.bam
2669 2635  98.00
contig_4330:5208048-5208340.bam
523 479  91.00
contig_4330:5417056-5417150.bam
76 40  52.00
contig_4330:7471137-7471340.bam
1807 1765  97.00
contig_4330:7559376-7559589.bam
749 617  82.00
contig_4330:7674541-7674736.bam
1691 1650  97.00
contig_4330:7707413-7707558.bam
1677 1641  97.00
contig_4330:960229-960356.bam
1784 1773  99.00
contig_435:11281832-11282074.bam
1743 1721  98.00
contig_435:1142799-1142896.bam
1689 1651  97.00
contig_435:11514221-11514533.bam
1729 1707  98.00
contig_435:12745291-12745384.bam
1357 1336  98.00
contig_435:13177611-13177689.bam
1549 1527  98.00
contig_435:13682831-13682894.bam
1830 1807  98.00
contig_435:15806604-15806832.bam
75 63  84.00
contig_435:16814267-16814406.bam
1967 1946  98.00
contig_435:17563446-17563693.bam
1698 1677  98.00
contig_435:22395012-22395183.bam
1704 1683  98.00
contig_435:25194663-25194899.bam
1788 1767  98.00
contig_435:27733884-27733971.bam
1800 1781  98.00
contig_435:5477000-5477238.bam
1653 1634  98.00
contig_435:5684579-5684763.bam
708 572  80.00
contig_4397:111262-111484.bam
1688 1652  97.00
contig_4400:2532693-2533108.bam
1943 1895  97.00
contig_4400:2605505-2605732.bam
1507 1479  98.00
contig_4400:2680319-2680462.bam
1112 1073  96.00
contig_4400:709980-710366.bam
1747 1709  97.00
contig_442:2273456-2273785.bam
1619 1588  98.00
contig_4463:1092575-1092646.bam
1514 1454  96.00
contig_4463:1584406-1584657.bam
934 900  96.00
contig_4463:3766404-3766615.bam
1845 1793  97.00
contig_4463:457054-457182.bam
2790 2755  98.00
contig_4512:601160-601474.bam
118 76  64.00
contig_4563:1419763-1419888.bam
1796 1748  97.00
contig_4594:1212900-1212988.bam
118 90  76.00
contig_4594:2764994-2765119.bam
268 236  88.00
contig_4594:3057712-3057781.bam
1698 1653  97.00
contig_4594:3718765-3718951.bam
1845 1740  94.00
contig_4594:4251403-4251828.bam
2015 1973  97.00
contig_4594:5325893-5326122.bam
3310 3232  97.00
contig_4598:106425-106830.bam
72 49  68.00
contig_4632:10527101-10527195.bam
1625 1592  97.00
contig_4632:14063985-14064183.bam
1394 1372  98.00
contig_4632:15383125-15383361.bam
1861 1833  98.00
contig_4632:17515084-17515202.bam
1837 1823  99.00
contig_4632:18519209-18519647.bam
766 748  97.00
contig_4632:19154079-19154320.bam
1582 1568  99.00
contig_4632:21584762-21584845.bam
1207 1201  99.00
contig_4632:22437932-22438078.bam
1572 1515  96.00
contig_4632:24256607-24256824.bam
1492 1472  98.00
contig_4632:24694841-24694952.bam
1404 1381  98.00
contig_4632:4421909-4421981.bam
1469 1445  98.00
contig_4632:6734452-6734680.bam
3649 3634  99.00
contig_4632:8356542-8357015.bam
1346 1305  96.00
contig_4692:1654758-1654817.bam
1624 1588  97.00
contig_4692:1887672-1887851.bam
982 949  96.00
contig_4692:5029614-5029780.bam
375 329  87.00
contig_4695:1255751-1255847.bam
145 102  70.00
contig_4695:1399426-1399703.bam
1802 1756  97.00
contig_4695:1504399-1504509.bam
70 37  52.00
contig_4695:1507450-1507632.bam
1559 1534  98.00
contig_4695:623647-623830.bam
218 184  84.00
contig_4695:937142-937268.bam
5355 5328  99.00
contig_4713:2980783-2981477.bam
1860 1818  97.00
contig_4738:1188449-1188749.bam
156 140  89.00
contig_4738:1403458-1403577.bam
1725 1684  97.00
contig_4738:2574554-2574773.bam
1916 1871  97.00
contig_4738:3250246-3250466.bam
1888 1842  97.00
contig_4738:3614594-3615028.bam
1678 1640  97.00
contig_4738:5236005-5236337.bam
1822 1785  97.00
contig_4738:5507938-5508151.bam
1354 1313  96.00
contig_4738:5536663-5536763.bam
1607 1564  97.00
contig_4738:5568097-5568274.bam
1696 1660  97.00
contig_4738:6045269-6045505.bam
1513 1420  93.00
contig_4738:6274814-6274892.bam
910 869  95.00
contig_4793:1306584-1306753.bam
1677 1602  95.00
contig_4793:1854906-1855029.bam
1655 1613  97.00
contig_4793:2852414-2852613.bam
1488 1463  98.00
contig_4793:4641027-4641250.bam
1574 1504  95.00
contig_4795:151862-151940.bam
129 83  64.00
contig_4795:1790242-1790544.bam
1852 1823  98.00
contig_4795:290273-290583.bam
1874 1827  97.00
contig_4817:2165091-2165250.bam
1610 1583  98.00
contig_4817:2936023-2936366.bam
309 276  89.00
contig_4817:2943665-2943812.bam
1440 1396  96.00
contig_4817:3409605-3409762.bam
1839 1798  97.00
contig_4817:3890955-3891030.bam
1656 1622  97.00
contig_4845:10093439-10093635.bam
212 183  86.00
contig_4845:10943001-10943116.bam
1800 1771  98.00
contig_4845:10992713-10993042.bam
1453 1420  97.00
contig_4845:11058806-11058875.bam
1809 1744  96.00
contig_4845:11388226-11388432.bam
1798 1753  97.00
contig_4845:11681037-11681319.bam
91 53  58.00
contig_4845:11908314-11908501.bam
89 51  57.00
contig_4845:13126412-13126582.bam
1719 1673  97.00
contig_4845:13184274-13184666.bam
2616 2587  98.00
contig_4845:13722386-13722854.bam
1697 1657  97.00
contig_4845:13864999-13865500.bam
1594 1544  96.00
contig_4845:14124329-14124494.bam
1961 1919  97.00
contig_4845:14477318-14477696.bam
1813 1769  97.00
contig_4845:15107021-15107239.bam
1653 1618  97.00
contig_4845:15701757-15701930.bam
1657 1621  97.00
contig_4845:15713609-15713679.bam
1430 1403  98.00
contig_4845:17150677-17150827.bam
1629 1592  97.00
contig_4845:270045-270310.bam
1754 1723  98.00
contig_4845:3076792-3076903.bam
156 116  74.00
contig_4845:6157309-6157484.bam
1589 1560  98.00
contig_4845:6511958-6512136.bam
1760 1712  97.00
contig_4845:6513748-6513844.bam
1857 1822  98.00
contig_4845:6854349-6854662.bam
1457 1428  98.00
contig_4845:7252153-7252310.bam
5233 5198  99.00
contig_4845:7284087-7285120.bam
452 418  92.00
contig_4845:7303829-7304022.bam
1372 1349  98.00
contig_4845:7829156-7829229.bam
450 400  88.00
contig_4845:8443975-8444162.bam
1927 1881  97.00
contig_4845:8553284-8553582.bam
6914 6890  99.00
contig_4845:9413425-9414104.bam
80 40  50.00
contig_4845:9494759-9494940.bam
1902 1860  97.00
contig_4863:1592880-1593143.bam
1791 1754  97.00
contig_4863:1666416-1666642.bam
89 53  59.00
contig_4863:1828746-1828843.bam
1948 1724  88.00
contig_4863:3664415-3664634.bam
1749 1712  97.00
contig_4863:3885222-3885463.bam
3570 3544  99.00
contig_4863:4134958-4135622.bam
1459 1434  98.00
contig_4863:4140869-4140929.bam
1740 1719  98.00
contig_4863:4426362-4426596.bam
674 634  94.00
contig_4872:2194801-2194956.bam
260 217  83.00
contig_4872:899524-899662.bam
160 112  70.00
contig_4878:11282901-11283538.bam
1473 1443  97.00
contig_4878:13295864-13295977.bam
1863 1827  98.00
contig_4878:13813086-13813406.bam
1950 1923  98.00
contig_4878:13820353-13820497.bam
2125 2091  98.00
contig_4878:14763819-14764183.bam
1918 1894  98.00
contig_4878:15236710-15237001.bam
1920 1878  97.00
contig_4878:15456400-15456621.bam
1937 1906  98.00
contig_4878:16797363-16797624.bam
1562 1540  98.00
contig_4878:16849702-16849858.bam
1879 1824  97.00
contig_4878:17004707-17004962.bam
1805 1757  97.00
contig_4878:17388996-17389335.bam
238 204  85.00
contig_4878:17401853-17401942.bam
524 495  94.00
contig_4878:17545907-17546171.bam
1814 1765  97.00
contig_4878:17671410-17671694.bam
1838 1793  97.00
contig_4878:17936185-17936541.bam
1521 1479  97.00
contig_4878:18544348-18544432.bam
1621 1572  96.00
contig_4878:18948500-18948725.bam
1661 1622  97.00
contig_4878:19312363-19312587.bam
1633 1601  98.00
contig_4878:19312936-19313030.bam
366 321  87.00
contig_4878:19399593-19399722.bam
267 229  85.00
contig_4878:19726394-19726590.bam
1708 1667  97.00
contig_4878:3015191-3015333.bam
1408 1374  97.00
contig_4878:3412368-3412457.bam
1925 1871  97.00
contig_4878:4737814-4737935.bam
1531 1500  97.00
contig_4878:5135180-5135477.bam
1787 1745  97.00
contig_4878:5599941-5600238.bam
135 106  78.00
contig_4878:5783117-5783405.bam
1788 1750  97.00
contig_4878:6412477-6412558.bam
2539 2497  98.00
contig_4878:8467967-8468416.bam
3501 3476  99.00
contig_4878:9124555-9124961.bam
1812 1684  92.00
contig_4878:9612228-9612543.bam
1044 1016  97.00
contig_4878:9723973-9724255.bam
1517 1483  97.00
contig_4878:9912834-9913040.bam
1462 1404  96.00
contig_4878:9965108-9965337.bam
1524 1474  96.00
contig_4883:1016523-1016716.bam
72 36  50.00
contig_4883:1330421-1330818.bam
3367 3335  99.00
contig_4883:143139-143544.bam
1777 1742  98.00
contig_4883:1740791-1740945.bam
334 290  86.00
contig_4883:1814009-1814219.bam
1753 1710  97.00
contig_4883:2218594-2218839.bam
1816 1775  97.00
contig_4883:2243665-2244016.bam
1750 1712  97.00
contig_4883:2394063-2394301.bam
93 48  51.00
contig_4883:2811514-2811713.bam
1815 1782  98.00
contig_4883:3141584-3141850.bam
1694 1656  97.00
contig_4883:3396699-3396973.bam
1772 1725  97.00
contig_4883:3510753-3511012.bam
1731 1700  98.00
contig_4883:3566240-3566625.bam
1816 1781  98.00
contig_4883:3638420-3638791.bam
2652 2621  98.00
contig_4883:3758710-3759299.bam
1492 1470  98.00
contig_4883:3900692-3900928.bam
86 43  50.00
contig_4883:4926844-4926916.bam
126 89  70.00
contig_4883:687600-687840.bam
167 127  76.00
contig_4883:742186-742305.bam
347 308  88.00
contig_4883:836642-836823.bam
3413 3379  99.00
contig_4951:1121694-1122127.bam
1903 1871  98.00
contig_4951:388690-389218.bam
3752 3700  98.00
contig_4951:506843-507089.bam
1682 1639  97.00
contig_4961:378347-378620.bam
45 25  55.00
contig_4994:1137402-1137475.bam
321 302  94.00
contig_4994:2468659-2468777.bam
94 85  90.00
contig_4994:3107789-3107928.bam
1550 1523  98.00
contig_4994:3567188-3567382.bam
1390 1376  98.00
contig_4994:3998635-3998729.bam
1956 1934  98.00
contig_4994:4593250-4593391.bam
3314 3301  99.00
contig_4994:4664725-4665137.bam
1993 1972  98.00
contig_4994:5374831-5375184.bam
1814 1786  98.00
contig_4994:5414977-5415082.bam
1230 1213  98.00
contig_4994:6534170-6534289.bam
242 219  90.00
contig_5007:1467242-1467332.bam
1903 1874  98.00
contig_5007:5304933-5305242.bam
457 408  89.00
contig_5118:1259107-1259246.bam
1969 1931  98.00
contig_5118:163411-163588.bam
1044 1001  95.00
contig_5118:2428934-2429306.bam
3345 3322  99.00
contig_5122:4343242-4343452.bam
316 276  87.00
contig_5137:10352956-10353246.bam
2003 1955  97.00
contig_5137:12142330-12142523.bam
1653 1607  97.00
contig_5137:1877385-1877604.bam
673 636  94.00
contig_5137:2584282-2584517.bam
153 120  78.00
contig_5137:3249363-3249460.bam
1905 1873  98.00
contig_5137:4784346-4784518.bam
1398 1360  97.00
contig_5137:5747348-5747531.bam
1443 1391  96.00
contig_5137:6783945-6784034.bam
499 471  94.00
contig_5137:8449740-8449825.bam
1804 1765  97.00
contig_5137:8585070-8585153.bam
1718 1686  98.00
contig_5154:1392306-1392769.bam
1597 1557  97.00
contig_5154:1831726-1831804.bam
1827 1794  98.00
contig_5154:3682036-3682492.bam
3380 3339  98.00
contig_5154:3924369-3924774.bam
452 430  95.00
contig_5154:4000391-4000516.bam
1866 1842  98.00
contig_5154:4236920-4237183.bam
190 163  85.00
contig_5154:4383454-4383767.bam
1295 1266  97.00
contig_5154:4456975-4457396.bam
1522 1488  97.00
contig_5154:456390-456665.bam
692 592  85.00
contig_5304:49637-49720.bam
1695 1649  97.00
contig_5371:1073169-1073310.bam
1692 1665  98.00
contig_5371:214486-214912.bam
1957 1911  97.00
contig_5456:11413892-11414200.bam
1712 1671  97.00
contig_5456:12735149-12735303.bam
229 188  82.00
contig_5456:1302378-1302712.bam
918 879  95.00
contig_5456:2389076-2389449.bam
1446 1404  97.00
contig_5456:253066-253130.bam
3954 3914  98.00
contig_5456:2953566-2953916.bam
1675 1638  97.00
contig_5456:3150961-3151401.bam
1630 1590  97.00
contig_5456:3645677-3645852.bam
3565 3522  98.00
contig_5456:4085994-4086581.bam
1810 1777  98.00
contig_5456:4462662-4463048.bam
462 422  91.00
contig_5456:4576836-4577388.bam
1957 1891  96.00
contig_5456:4913644-4913908.bam
1812 1758  97.00
contig_5456:5413628-5413747.bam
1800 1755  97.00
contig_5456:55270-55388.bam
3631 3594  98.00
contig_5456:5832392-5832736.bam
1707 1666  97.00
contig_5456:5857060-5857412.bam
1778 1739  97.00
contig_5456:5886889-5887203.bam
1259 1237  98.00
contig_5456:5902046-5902438.bam
201 166  82.00
contig_5456:6764932-6765038.bam
90 45  50.00
contig_5456:6910206-6910329.bam
2167 2138  98.00
contig_5456:6964807-6965187.bam
1915 1338  69.00
contig_5456:7349290-7349382.bam
1692 1637  96.00
contig_5456:7521583-7521736.bam
125 75  60.00
contig_5456:7553733-7553873.bam
2328 2297  98.00
contig_5456:7792861-7793386.bam
1794 1760  98.00
contig_5456:7899873-7900061.bam
2177 2134  98.00
contig_5456:8068455-8068812.bam
1695 1645  97.00
contig_5456:8099009-8099368.bam
324 284  87.00
contig_5456:8148097-8148203.bam
1401 1366  97.00
contig_5456:8776545-8776780.bam
1637 1607  98.00
contig_5456:8943969-8944196.bam
1807 1772  98.00
contig_5456:895635-895827.bam
221 183  82.00
contig_5456:9047206-9047439.bam
1907 1847  96.00
contig_5456:9067030-9067487.bam
109 77  70.00
contig_5456:9225346-9225517.bam
1958 1902  97.00
contig_5456:9828325-9828668.bam
2009 1952  97.00
contig_5499:1151141-1151354.bam
1831 1791  97.00
contig_5499:1302674-1302963.bam
393 355  90.00
contig_5499:1691283-1691467.bam
1539 1505  97.00
contig_5499:186896-187118.bam
1809 1759  97.00
contig_5499:2064099-2064250.bam
3180 3141  98.00
contig_5499:2105582-2106215.bam
971 932  95.00
contig_5499:2114277-2114798.bam
1834 1780  97.00
contig_5499:2290025-2290266.bam
1776 1735  97.00
contig_5499:2891960-2892251.bam
1597 1555  97.00
contig_5499:2994137-2994367.bam
1860 1820  97.00
contig_5499:3206183-3206802.bam
76 46  60.00
contig_5499:3369234-3369485.bam
1397 1350  96.00
contig_5499:3716862-3716931.bam
102 64  62.00
contig_5499:3778179-3778384.bam
1548 1513  97.00
contig_5499:3794541-3794739.bam
1821 1778  97.00
contig_5499:3896253-3896390.bam
1473 1437  97.00
contig_5499:4068385-4068582.bam
1631 1603  98.00
contig_5499:4238245-4238309.bam
1847 1809  97.00
contig_5499:433810-434104.bam
1622 1525  94.00
contig_5499:4374737-4374827.bam
1057 1008  95.00
contig_5499:4690538-4690795.bam
3095 3055  98.00
contig_5499:4723898-4724325.bam
1847 1779  96.00
contig_5499:4870138-4870336.bam
187 146  78.00
contig_5499:5820519-5820632.bam
2934 2908  99.00
contig_5499:5854197-5854743.bam
1789 1689  94.00
contig_5499:5926294-5926407.bam
1684 1643  97.00
contig_5499:6134189-6134913.bam
1581 1525  96.00
contig_5499:6286018-6286360.bam
491 454  92.00
contig_5499:6522372-6522952.bam
1599 1555  97.00
contig_5499:7118181-7118259.bam
563 529  93.00
contig_5499:7242838-7242939.bam
3508 3470  98.00
contig_5499:7285945-7286455.bam
3389 3357  99.00
contig_5499:7365208-7365732.bam
1663 1642  98.00
contig_5499:789902-790090.bam
1596 1552  97.00
contig_5522:1150300-1151027.bam
2125 2083  98.00
contig_5522:308374-308884.bam
1010 955  94.00
contig_5522:39106-39346.bam
1536 1506  98.00
contig_5522:592994-593286.bam
67 38  56.00
contig_5522:64131-64262.bam
1472 1424  96.00
contig_5522:729916-730266.bam
3117 3088  99.00
contig_5522:810897-811466.bam
282 241  85.00
contig_5565:10408495-10408660.bam
1537 1500  97.00
contig_5565:10974765-10974900.bam
509 479  94.00
contig_5565:11129147-11129367.bam
1270 1227  96.00
contig_5565:11965209-11965463.bam
1743 1713  98.00
contig_5565:12030884-12031068.bam
1685 1645  97.00
contig_5565:12150066-12150504.bam
129 86  66.00
contig_5565:12955750-12956193.bam
1881 1831  97.00
contig_5565:13297602-13297855.bam
3399 3345  98.00
contig_5565:15577767-15578391.bam
1449 1414  97.00
contig_5565:15690056-15690135.bam
1836 1801  98.00
contig_5565:16031301-16031529.bam
2594 2560  98.00
contig_5565:16208306-16208704.bam
1639 1607  98.00
contig_5565:16222356-16222718.bam
1763 1726  97.00
contig_5565:16595174-16595382.bam
1429 1391  97.00
contig_5565:16762749-16762899.bam
1889 1844  97.00
contig_5565:17259497-17260004.bam
1795 1767  98.00
contig_5565:17414236-17414489.bam
1420 1366  96.00
contig_5565:17854069-17854138.bam
1628 1601  98.00
contig_5565:18854872-18854972.bam
1618 1577  97.00
contig_5565:18916013-18916103.bam
1846 1814  98.00
contig_5565:21683389-21683920.bam
1771 1727  97.00
contig_5565:23157670-23157780.bam
905 864  95.00
contig_5565:3359710-3359815.bam
1228 1200  97.00
contig_5565:392032-392113.bam
1820 1792  98.00
contig_5565:4238652-4238971.bam
1813 1770  97.00
contig_5565:4579083-4579258.bam
1793 1758  98.00
contig_5565:5015636-5015896.bam
1375 1329  96.00
contig_5565:5248616-5248675.bam
1821 1784  97.00
contig_5565:5339287-5339573.bam
1669 1643  98.00
contig_5565:8108710-8108810.bam
1766 1718  97.00
contig_5565:823796-824032.bam
1619 1576  97.00
contig_5565:8297281-8297486.bam
1629 1578  96.00
contig_5593:1049859-1050108.bam
1236 1203  97.00
contig_5593:1727468-1727688.bam
1605 1565  97.00
contig_5593:2324755-2325322.bam
105 68  64.00
contig_5593:3587548-3587760.bam
1689 1643  97.00
contig_5593:3759862-3760185.bam
1409 1379  97.00
contig_5593:3929982-3930049.bam
1529 1478  96.00
contig_5593:3975983-3976226.bam
1888 1796  95.00
contig_5593:4564268-4564510.bam
1246 1212  97.00
contig_5593:5351198-5351444.bam
1658 1607  96.00
contig_5593:5508216-5508663.bam
109 84  77.00
contig_5593:5558360-5558512.bam
163 126  77.00
contig_5605:1023770-1023939.bam
1660 1613  97.00
contig_5605:1026431-1026584.bam
1658 1614  97.00
contig_5605:1303738-1303829.bam
1563 1519  97.00
contig_5605:2347344-2347548.bam
1280 1234  96.00
contig_5605:2946118-2946226.bam
1890 1845  97.00
contig_5605:3004362-3004712.bam
77 43  55.00
contig_5605:303692-303934.bam
1503 1472  97.00
contig_5605:3730715-3730870.bam
1836 1797  97.00
contig_5605:4242209-4242451.bam
75 42  56.00
contig_5605:4765360-4765664.bam
1766 1726  97.00
contig_5605:4944691-4944898.bam
1640 1592  97.00
contig_5605:5349346-5349520.bam
1216 1188  97.00
contig_5605:6719257-6719313.bam
99 62  62.00
contig_5605:792169-792693.bam
1800 1645  91.00
contig_5614:1191923-1192196.bam
1799 1758  97.00
contig_5614:1750322-1750498.bam
1601 1558  97.00
contig_5614:2092514-2092628.bam
257 234  91.00
contig_5614:352061-352141.bam
108 63  58.00
contig_5614:407051-407254.bam
1864 1812  97.00
contig_5625:10824337-10824526.bam
1598 1559  97.00
contig_5625:10861707-10861788.bam
1642 1601  97.00
contig_5625:11080307-11080491.bam
144 102  70.00
contig_5625:13292806-13292968.bam
1788 1693  94.00
contig_5625:13560741-13560883.bam
1527 1484  97.00
contig_5625:14477297-14477443.bam
1644 1598  97.00
contig_5625:15033647-15033833.bam
1540 1501  97.00
contig_5625:15509846-15509995.bam
1380 1343  97.00
contig_5625:3030215-3030509.bam
212 175  82.00
contig_5625:4386631-4386745.bam
1495 1471  98.00
contig_5625:4793783-4793989.bam
1661 1617  97.00
contig_5625:7145312-7145695.bam
1597 1527  95.00
contig_5625:7452329-7452425.bam
1679 1646  98.00
contig_5625:8624874-8624951.bam
1847 1780  96.00
contig_5625:8846974-8847148.bam
1687 1646  97.00
contig_5625:9154613-9155015.bam
1141 1092  95.00
contig_5625:9815186-9815255.bam
114 86  75.00
contig_5625:9970080-9970282.bam
1793 1748  97.00
contig_5663:884041-884430.bam
341 309  90.00
contig_5768:179000-179190.bam
1533 1502  97.00
contig_5785:1079872-1079957.bam
1823 1790  98.00
contig_5785:1435967-1436040.bam
1058 1016  96.00
contig_5785:1493251-1493412.bam
1672 1631  97.00
contig_5785:1606783-1606949.bam
1533 1480  96.00
contig_5785:212039-212642.bam
3388 3344  98.00
contig_5785:2472871-2473362.bam
2082 2041  98.00
contig_5785:2484277-2484634.bam
1672 1636  97.00
contig_5803:1282078-1282354.bam
1877 1816  96.00
contig_5803:1798107-1798249.bam
1788 1746  97.00
contig_5803:1897797-1898256.bam
1708 1675  98.00
contig_5803:2731865-2732243.bam
3608 3579  99.00
contig_5803:291411-291912.bam
1942 1906  98.00
contig_5803:3098061-3098345.bam
1672 1635  97.00
contig_5803:486745-486834.bam
1451 1412  97.00
contig_5803:517236-517388.bam
171 129  75.00
contig_5803:517667-517723.bam
1772 1728  97.00
contig_5812:874328-874542.bam
99 80  80.00
contig_5897:2432351-2432642.bam
82 54  65.00
contig_5897:6092944-6093192.bam
1413 1402  99.00
contig_5897:6313102-6313320.bam
512 491  95.00
contig_5897:6514954-6515050.bam
1926 1906  98.00
contig_5897:6585008-6585299.bam
1774 1757  99.00
contig_5897:661226-661504.bam
635 595  93.00
contig_5911:1430484-1430640.bam
1868 1836  98.00
contig_5911:1571907-1572377.bam
1710 1676  98.00
contig_5911:2044375-2044776.bam
3454 3423  99.00
contig_5911:3152306-3152662.bam
3390 3353  98.00
contig_5911:3570655-3570923.bam
1359 1327  97.00
contig_5911:3600666-3600786.bam
1953 1928  98.00
contig_5911:3972725-3972996.bam
1926 1901  98.00
contig_5911:4306340-4306443.bam
90 52  57.00
contig_5911:5118709-5118869.bam
115 65  56.00
contig_5911:5279765-5280296.bam
139 93  66.00
contig_5911:5770367-5770606.bam
1883 1833  97.00
contig_5911:5812999-5813293.bam
1795 1755  97.00
contig_5911:5924754-5925075.bam
1741 1666  95.00
contig_5911:6033097-6033313.bam
1750 1717  98.00
contig_5911:6337996-6338197.bam
83 54  65.00
contig_5911:6413301-6413598.bam
1741 1700  97.00
contig_5911:887652-887832.bam
1819 1778  97.00
contig_5978:1522226-1522427.bam
1708 1662  97.00
contig_5978:520193-520362.bam
1158 1107  95.00
contig_599:65023-65101.bam
1632 1583  96.00
contig_6168:1482811-1483046.bam
1842 1798  97.00
contig_6168:2380062-2380323.bam
1649 1638  99.00
contig_6172_part1:1095829-1096132.bam
1545 1494  96.00
contig_6172_part1:305752-305945.bam
492 454  92.00
contig_6172_part1:498937-499272.bam
157 131  83.00
contig_6172_part2:1373342-1373569.bam
1817 1780  97.00
contig_6172_part2:1696189-1696631.bam
1670 1623  97.00
contig_6172_part2:3082813-3082896.bam
1471 1427  97.00
contig_6172_part2:3254986-3255430.bam
328 294  89.00
contig_6172_part2:3258884-3259083.bam
1682 1642  97.00
contig_6172_part2:3702370-3702726.bam
1623 1589  97.00
contig_6172_part2:4297137-4297305.bam
949 914  96.00
contig_6172_part2:4550344-4550549.bam
1671 1641  98.00
contig_6213:186614-187012.bam
1605 1573  98.00
contig_6245:2047598-2047777.bam
1853 1584  85.00
contig_6245:2227116-2227173.bam
108 79  73.00
contig_6245:2907858-2908130.bam
1626 1578  97.00
contig_6276:2173435-2173719.bam
1723 1695  98.00
contig_6321:92807-92971.bam
99 58  58.00
contig_6339:1363741-1363920.bam
1796 1766  98.00
contig_6339:1475990-1476329.bam
1594 1558  97.00
contig_6339:2527472-2527694.bam
1720 1688  98.00
contig_6339:2991948-2992078.bam
100 59  59.00
contig_6339:36993-37131.bam
385 353  91.00
contig_6339:3878659-3878732.bam
1690 1643  97.00
contig_6339:4102112-4102284.bam
101 65  64.00
contig_6339:4772203-4772423.bam
175 144  82.00
contig_6339:596796-596940.bam
1648 1601  97.00
contig_6339:930515-930939.bam
299 261  87.00
contig_6353:1373165-1373308.bam
167 135  80.00
contig_6353:2944474-2944825.bam
1847 1809  97.00
contig_6353:2986765-2987000.bam
1812 1765  97.00
contig_6353:313513-313689.bam
1897 1862  98.00
contig_6392:1113725-1114094.bam
1328 1297  97.00
contig_6407:88016-88072.bam
3653 3616  98.00
contig_6412:232919-233319.bam
78 56  71.00
contig_6412:702875-702997.bam
1566 1543  98.00
contig_6412:747413-747556.bam
1844 1802  97.00
contig_6412:775502-775840.bam
1770 1738  98.00
contig_6434:1480519-1480784.bam
2020 1910  94.00
contig_6500:11471387-11472018.bam
422 383  90.00
contig_6500:11612742-11612822.bam
1704 1664  97.00
contig_6500:12022566-12022956.bam
1482 1440  97.00
contig_6500:12086855-12087357.bam
1525 1496  98.00
contig_6500:12346380-12346539.bam
509 463  90.00
contig_6500:17151-17271.bam
1478 1449  98.00
contig_6500:1862867-1862965.bam
594 564  94.00
contig_6500:2255461-2255580.bam
1723 1681  97.00
contig_6500:2838520-2838732.bam
3421 3380  98.00
contig_6500:3624493-3624797.bam
1432 1402  97.00
contig_6500:4392892-4392957.bam
1881 1826  97.00
contig_6500:4462127-4462593.bam
315 278  88.00
contig_6500:5330053-5330208.bam
262 235  89.00
contig_6500:7625990-7626068.bam
1688 1656  98.00
contig_6500:8311849-8311932.bam
821 786  95.00
contig_6518:1307562-1307795.bam
1929 1888  97.00
contig_6518:1309088-1309473.bam
1750 1703  97.00
contig_6518:1576766-1576856.bam
1636 1591  97.00
contig_6518:160573-160750.bam
992 951  95.00
contig_6518:1667143-1667357.bam
1751 1716  98.00
contig_6518:1858975-1859204.bam
1654 1616  97.00
contig_6518:424073-424277.bam
1614 1575  97.00
contig_6518:490271-490554.bam
1577 1533  97.00
contig_6518:589436-589561.bam
1965 1917  97.00
contig_6518:86059-86844.bam
89 56  62.00
contig_6530:225034-225156.bam
1750 1714  97.00
contig_6530:2535300-2535415.bam
356 322  90.00
contig_6530:3741464-3741531.bam
478 434  90.00
contig_6530:5264846-5264988.bam
1648 1612  97.00
contig_6530:5902108-5902212.bam
153 113  73.00
contig_6530:5942328-5942575.bam
2994 2956  98.00
contig_6530:774222-774584.bam
1759 1694  96.00
contig_6530:7962245-7962308.bam
1893 1844  97.00
contig_6530:9014828-9015043.bam
1906 1873  98.00
contig_6573:196453-196956.bam
2089 2057  98.00
contig_6573:2534537-2534874.bam
1795 1765  98.00
contig_6573:394862-395008.bam
1790 1752  97.00
contig_6573:4224809-4225017.bam
123 92  74.00
contig_6573:5218172-5218350.bam
320 264  82.00
contig_6573:5348227-5348422.bam
1633 1591  97.00
contig_6573:5503356-5503478.bam
1504 1461  97.00
contig_6573:7359360-7359644.bam
191 154  80.00
contig_6573:8295197-8295364.bam
731 698  95.00
contig_6573:8997394-8997548.bam
1723 1679  97.00
contig_6669_part2:1219709-1219900.bam
463 421  90.00
contig_6669_part2:1277978-1278074.bam
1477 1451  98.00
contig_6669_part2:1809342-1809393.bam
1825 1785  97.00
contig_6669_part2:3353879-3354105.bam
1886 1840  97.00
contig_6669_part2:4601801-4601969.bam
1786 1740  97.00
contig_6726:132499-132631.bam
96 64  66.00
contig_6726:2379881-2379985.bam
1780 1754  98.00
contig_6726:3267938-3268014.bam
562 538  95.00
contig_6738:1867045-1867149.bam
1685 1627  96.00
contig_6738:2246857-2246939.bam
1866 1832  98.00
contig_6738:2427800-2428090.bam
88 66  75.00
contig_6738:303683-303818.bam
1685 1638  97.00
contig_6738:3113842-3114027.bam
1586 1548  97.00
contig_6738:338060-338571.bam
1513 1474  97.00
contig_6759:1294255-1294383.bam
2752 2708  98.00
contig_6759:540183-540334.bam
1513 1477  97.00
contig_6759:5615801-5615896.bam
1657 1623  97.00
contig_6759:6375016-6375254.bam
1985 1944  97.00
contig_6759:6671941-6672189.bam
1452 1353  93.00
contig_675:486021-486109.bam
1272 1237  97.00
contig_6787:1287572-1287774.bam
161 130  80.00
contig_6787:399412-399564.bam
94 62  65.00
contig_6787:685560-685649.bam
2052 2019  98.00
contig_6788:33074-33299.bam
1608 1573  97.00
contig_6879:3100947-3101133.bam
1789 1748  97.00
contig_6892:1200154-1200525.bam
488 461  94.00
contig_6892:1418170-1418407.bam
3655 3619  99.00
contig_6892:1923208-1923694.bam
1485 1405  94.00
contig_6892:2972516-2972667.bam
381 303  79.00
contig_6892:3022091-3022274.bam
1567 1505  96.00
contig_6892:749909-750119.bam
270 226  83.00
contig_6892:821270-821366.bam
1379 1352  98.00
contig_6:3260252-3260349.bam
1982 1944  98.00
contig_6:3636283-3636579.bam
139 97  69.00
contig_6:421987-422083.bam
294 261  88.00
contig_701:28433-28559.bam
1850 1817  98.00
contig_7050:1033181-1033413.bam
1500 1461  97.00
contig_7050:121112-121307.bam
1757 1716  97.00
contig_7050:4313539-4313714.bam
1831 1784  97.00
contig_7050:5214234-5214456.bam
1537 1507  98.00
contig_7050:6285949-6286097.bam
3551 3523  99.00
contig_7050:6616214-6616759.bam
1795 1767  98.00
contig_7050:8047657-8047886.bam
1877 1836  97.00
contig_7050:8899239-8899423.bam
2201 2160  98.00
contig_7065:1747025-1747567.bam
1570 1526  97.00
contig_7065:737925-738207.bam
1586 1564  98.00
contig_7065:82379-82852.bam
1889 1834  97.00
contig_7091:1429730-1430035.bam
84 44  52.00
contig_7091:1536500-1536727.bam
1617 1586  98.00
contig_7091:43832-44166.bam
1770 1743  98.00
contig_7113:51424-51600.bam
135 95  70.00
contig_7113:90872-91069.bam
1680 1437  85.00
contig_7114:455946-456073.bam
2103 2071  98.00
contig_7114:81614-81769.bam
304 253  83.00
contig_7114:936636-936784.bam
3187 3137  98.00
contig_7127:921305-921788.bam
1660 1633  98.00
contig_7134:1400015-1400191.bam
1791 1377  76.00
contig_7134:1432029-1432223.bam
1762 1720  97.00
contig_7134:1705368-1705689.bam
1872 1819  97.00
contig_7134:2495920-2496115.bam
1888 1844  97.00
contig_7134:2520779-2521109.bam
93 63  67.00
contig_7134:2683514-2683898.bam
74 41  55.00
contig_7134:3114978-3115177.bam
236 193  81.00
contig_7134:3229063-3229455.bam
1752 1713  97.00
contig_7134:3279098-3279341.bam
821 784  95.00
contig_7134:3831580-3831857.bam
4427 4398  99.00
contig_7134:4128618-4129257.bam
1601 1564  97.00
contig_7134:4495201-4495401.bam
141 91  64.00
contig_7134:4577054-4577150.bam
3466 3423  98.00
contig_7134:4723690-4723932.bam
1649 1623  98.00
contig_7134:4772697-4773373.bam
1791 1740  97.00
contig_7134:483145-483482.bam
92 58  63.00
contig_7134:4981174-4981295.bam
61 35  57.00
contig_7134:5112292-5112460.bam
1525 1498  98.00
contig_7134:5342521-5342631.bam
308 267  86.00
contig_7134:5394415-5394616.bam
1795 1758  97.00
contig_7134:6272693-6272928.bam
163 132  80.00
contig_7134:6330022-6330612.bam
839 801  95.00
contig_7134:6346777-6346926.bam
92 66  71.00
contig_7134:6467698-6467794.bam
1314 1291  98.00
contig_7134:7450462-7450793.bam
1226 1193  97.00
contig_7134:7647799-7648190.bam
207 167  80.00
contig_7134:7733795-7733995.bam
1225 1179  96.00
contig_7134:8215525-8215942.bam
545 513  94.00
contig_7134:8246354-8246533.bam
2097 2060  98.00
contig_7134:9445191-9445819.bam
614 573  93.00
contig_714:938916-939367.bam
269 219  81.00
contig_7168:640845-641049.bam
1496 1461  97.00
contig_7168:679932-680124.bam
1820 1793  98.00
contig_7212:160312-160548.bam
1870 1844  98.00
contig_7212:1620001-1620154.bam
1780 1745  98.00
contig_7212:1652464-1652554.bam
819 793  96.00
contig_7212:3044387-3044544.bam
3238 3205  98.00
contig_7212:3636827-3637382.bam
191 150  78.00
contig_7212:55362-55494.bam
1970 1925  97.00
contig_7212:5567252-5567511.bam
6718 6674  99.00
contig_7212:5706033-5707100.bam
238 199  83.00
contig_7212:6016225-6016302.bam
367 329  89.00
contig_7212:6210667-6210833.bam
622 584  93.00
contig_7212:877650-877794.bam
1587 1543  97.00
contig_7235:19063-19457.bam
1702 1659  97.00
contig_7294:122231-122404.bam
2978 2939  98.00
contig_7294:1555274-1555967.bam
66 33  50.00
contig_7294:1735837-1736002.bam
1939 1901  98.00
contig_7294:1942463-1942813.bam
1736 1687  97.00
contig_7294:1999076-1999296.bam
1627 1584  97.00
contig_7316:567102-567422.bam
104 66  63.00
contig_7322:345546-345738.bam
1896 1851  97.00
contig_7322:38447-38630.bam
1753 1708  97.00
contig_7345_part1:453594-453685.bam
117 83  70.00
contig_7345_part1:568816-569046.bam
1705 1669  97.00
contig_7345_part2:2923782-2924198.bam
2260 2224  98.00
contig_7345_part2:3862450-3862635.bam
850 817  96.00
contig_7345_part2:433477-433550.bam
86 48  55.00
contig_734:3702828-3703003.bam
100 70  70.00
contig_734:375515-375704.bam
1632 1601  98.00
contig_734:54334-54563.bam
1449 1406  97.00
contig_734:8696964-8697094.bam
181 146  80.00
contig_734:9023288-9023399.bam
1684 1631  96.00
contig_734:9405062-9405309.bam
1417 1096  77.00
contig_7352:1305958-1306179.bam
1547 1497  96.00
contig_7352:201251-201355.bam
3318 3274  98.00
contig_7352:2270938-2271212.bam
1551 1503  96.00
contig_7352:3006341-3006763.bam
1580 1535  97.00
contig_7352:348789-349054.bam
1508 1474  97.00
contig_7352:3565102-3565196.bam
1910 1886  98.00
contig_7352:4107836-4108103.bam
1476 1447  98.00
contig_7352:99166-99334.bam
109 67  61.00
contig_7359:1006079-1006292.bam
137 94  68.00
contig_7359:1123570-1123815.bam
1725 1695  98.00
contig_7359:1502809-1503143.bam
1799 1763  97.00
contig_7359:2574589-2574717.bam
1758 1729  98.00
contig_7359:2919382-2919756.bam
84 57  67.00
contig_7359:2929581-2929856.bam
1656 1610  97.00
contig_7359:3205167-3205302.bam
1601 1567  97.00
contig_7359:3335608-3335693.bam
1835 1802  98.00
contig_7359:3518924-3519220.bam
1723 1681  97.00
contig_7359:4693718-4694085.bam
3263 3240  99.00
contig_7359:4717840-4718057.bam
1410 1376  97.00
contig_7359:5202085-5202273.bam
1499 1469  97.00
contig_7359:7628604-7628771.bam
195 164  84.00
contig_7359:8398392-8398711.bam
106 66  62.00
contig_7359:8427576-8427738.bam
1616 1587  98.00
contig_7359:8463787-8463962.bam
1851 1803  97.00
contig_7359:8544720-8544863.bam
477 445  93.00
contig_735:1725241-1725371.bam
1756 1710  97.00
contig_735:2015135-2015450.bam
1700 1662  97.00
contig_735:2230392-2230620.bam
2093 2063  98.00
contig_735:3262235-3262740.bam
770 714  92.00
contig_735:3590154-3590306.bam
1489 1447  97.00
contig_735:3857470-3857604.bam
3023 2993  99.00
contig_735:4127235-4127467.bam
96 51  53.00
contig_735:4790685-4790772.bam
1857 1788  96.00
contig_735:4963894-4964045.bam
1838 1759  95.00
contig_735:4981823-4981977.bam
1899 1868  98.00
contig_735:4996405-4996514.bam
1859 1740  93.00
contig_735:5358107-5358308.bam
1748 1689  96.00
contig_735:5667263-5667397.bam
1773 1726  97.00
contig_736:248575-248777.bam
1053 1024  97.00
contig_736:329576-329838.bam
1868 1839  98.00
contig_736:331892-332177.bam
1594 1549  97.00
contig_736:364067-364262.bam
4809 4773  99.00
contig_7433:1589498-1589942.bam
1922 1890  98.00
contig_7433:195197-195981.bam
1797 1767  98.00
contig_7433:2313625-2313781.bam
336 305  90.00
contig_7433:2643019-2643284.bam
1060 986  93.00
contig_7433:2757080-2757150.bam
1555 1506  96.00
contig_7433:700593-700659.bam
1503 1461  97.00
contig_7463:1053989-1054181.bam
108 73  67.00
contig_7463:1166002-1166144.bam
1511 1491  98.00
contig_7463:2077087-2077324.bam
1758 1709  97.00
contig_7463:2412066-2412275.bam
1653 1589  96.00
contig_7463:3064253-3064493.bam
171 136  79.00
contig_7463:3184829-3185324.bam
1525 1490  97.00
contig_7463:335816-335922.bam
1593 1568  98.00
contig_7516:1957386-1957468.bam
1529 1473  96.00
contig_7516:3349362-3349494.bam
3442 1987  57.00
contig_7539:1046567-1047473.bam
1654 1614  97.00
contig_7539:1299070-1299302.bam
1674 1632  97.00
contig_7539:1368006-1368155.bam
1763 1715  97.00
contig_7539:2131549-2131797.bam
1542 1505  97.00
contig_7539:2680666-2680759.bam
294 259  88.00
contig_7539:2951871-2952350.bam
1705 1662  97.00
contig_7539:3002100-3002256.bam
1620 1581  97.00
contig_7539:3053900-3053982.bam
916 886  96.00
contig_7539:3056586-3056696.bam
970 932  96.00
contig_7539:322406-322653.bam
1584 1543  97.00
contig_7539:346125-346522.bam
1402 1365  97.00
contig_7539:394948-395121.bam
1635 1609  98.00
contig_7539:773076-773171.bam
1635 1616  98.00
contig_757:288918-289098.bam
3364 3331  99.00
contig_7649:185523-186022.bam
672 352  52.00
contig_7654:26217-26358.bam
78 43  55.00
contig_7667:1338797-1338883.bam
2667 2617  98.00
contig_7668:1473763-1474585.bam
95 61  64.00
contig_7668:2511251-2511347.bam
1087 1035  95.00
contig_7668:266662-267149.bam
153 113  73.00
contig_7668:3266725-3266798.bam
1782 1764  98.00
contig_7668:3418854-3419189.bam
1756 1712  97.00
contig_7668:3583979-3584332.bam
300 260  86.00
contig_7668:3723037-3723116.bam
2862 2834  99.00
contig_7668:4003293-4003542.bam
1632 1603  98.00
contig_7668:4075186-4075716.bam
1774 1732  97.00
contig_7668:5135529-5135939.bam
1675 1650  98.00
contig_7668:7246270-7246346.bam
1790 1754  97.00
contig_7668:7261316-7261552.bam
1867 1823  97.00
contig_7668:7372017-7372098.bam
82 46  56.00
contig_7668:7531172-7531297.bam
2116 2086  98.00
contig_7673:3071221-3071565.bam
101 70  69.00
contig_7673:3508575-3508685.bam
1939 1896  97.00
contig_7685:1754817-1755268.bam
3414 3385  99.00
contig_7685:2250996-2251387.bam
4463 4429  99.00
contig_7685:2980181-2980743.bam
3628 3595  99.00
contig_7685:3035815-3036961.bam
171 138  80.00
contig_7685:431777-431835.bam
388 351  90.00
contig_7685:494081-494230.bam
609 570  93.00
contig_7685:618082-618215.bam
272 247  90.00
contig_7685:722849-723039.bam
121 89  73.00
contig_7685:726450-726648.bam
1745 1700  97.00
contig_7685:971816-972163.bam
1572 1536  97.00
contig_7715:10544193-10544370.bam
1507 1471  97.00
contig_7715:11407827-11407906.bam
1392 1360  97.00
contig_7715:11805936-11806177.bam
1748 1709  97.00
contig_7715:11949829-11949912.bam
2690 2656  98.00
contig_7715:12468510-12468901.bam
1666 1637  98.00
contig_7715:2637205-2637482.bam
276 202  73.00
contig_7715:2664973-2665125.bam
1586 1552  97.00
contig_7715:2774824-2775194.bam
97 67  69.00
contig_7715:3093750-3093832.bam
1731 1692  97.00
contig_7715:3133224-3133715.bam
750 711  94.00
contig_7715:3359487-3359710.bam
1396 1354  96.00
contig_7715:3922457-3922699.bam
1720 1681  97.00
contig_7715:40214-40415.bam
1641 1609  98.00
contig_7715:456233-456380.bam
148 118  79.00
contig_7715:5180267-5180392.bam
1691 1650  97.00
contig_7715:6072184-6072296.bam
228 186  81.00
contig_7715:6959675-6959796.bam
2771 2730  98.00
contig_7715:8081185-8081676.bam
1931 1875  97.00
contig_7715:8805058-8805318.bam
1866 1821  97.00
contig_7715:9190000-9190203.bam
1916 1880  98.00
contig_7715:9520635-9520965.bam
1729 1680  97.00
contig_7715:9742858-9742966.bam
3430 3393  98.00
contig_7747:1866578-1867089.bam
1766 1697  96.00
contig_7747:2240285-2240350.bam
6170 6136  99.00
contig_7747:2280013-2280686.bam
144 111  77.00
contig_7747:2524475-2524653.bam
86 56  65.00
contig_7747:949422-949670.bam
726 688  94.00
contig_7897:1338484-1338658.bam
1524 1482  97.00
contig_7897:1393789-1394067.bam
1746 1714  98.00
contig_7897:258601-258701.bam
1786 1747  97.00
contig_7897:725260-725683.bam
1550 1522  98.00
contig_7919:1206757-1206862.bam
1317 1291  98.00
contig_7919:1459850-1460216.bam
1617 1589  98.00
contig_7919:1696185-1696512.bam
130 86  66.00
contig_7919:1975979-1976164.bam
163 123  75.00
contig_7919:2118123-2118234.bam
1019 985  96.00
contig_7919:2261824-2262009.bam
1922 1823  94.00
contig_7919:2916663-2916802.bam
1843 1805  97.00
contig_7919:4454887-4455048.bam
1343 1296  96.00
contig_7919:46262-46446.bam
1652 1609  97.00
contig_7919:4792153-4792426.bam
712 674  94.00
contig_7919:5021343-5021508.bam
1389 1342  96.00
contig_7919:5812611-5812674.bam
1873 1846  98.00
contig_7919:5883895-5884311.bam
3310 3271  98.00
contig_7919:5988657-5989166.bam
213 164  76.00
contig_7919:6094554-6094661.bam
83 42  50.00
contig_7972:1000919-1001013.bam
1738 1701  97.00
contig_7972:1051443-1052600.bam
401 365  91.00
contig_7972:1484001-1484130.bam
207 168  81.00
contig_7972:977776-977927.bam
1803 1768  98.00
contig_8012:111611-111808.bam
1644 1592  96.00
contig_8012:301349-301480.bam
1560 1522  97.00
contig_8012:461328-461450.bam
303 273  90.00
contig_8012:636568-636794.bam
171 133  77.00
contig_8017:930282-930450.bam
108 70  64.00
contig_8040:1915224-1915302.bam
1660 1611  97.00
contig_8040:288357-288480.bam
84 60  71.00
contig_8137:1048720-1048988.bam
1610 1568  97.00
contig_8137:1171609-1172119.bam
663 625  94.00
contig_8137:1337727-1337978.bam
1580 1547  97.00
contig_8137:1600655-1600750.bam
1679 1634  97.00
contig_8137:407252-407502.bam
54 28  51.00
contig_8137:417191-417391.bam
328 290  88.00
contig_8137:713731-713980.bam
164 129  78.00
contig_8137:784989-785083.bam
1693 1632  96.00
contig_8137:806295-806680.bam
1699 1663  97.00
contig_8137:902225-902487.bam
1424 1369  96.00
contig_8143:1081204-1081369.bam
1743 1706  97.00
contig_8143:4170278-4170516.bam
2146 2102  97.00
contig_8143:4668567-4669207.bam
1809 1752  96.00
contig_8163:233631-233800.bam
1636 1592  97.00
contig_8163:365895-366294.bam
123 97  78.00
contig_8201:1247881-1248141.bam
1703 1668  97.00
contig_8201:777653-777798.bam
1629 1569  96.00
contig_8201:788921-789086.bam
1818 1788  98.00
contig_8201:918052-918251.bam
703 668  95.00
contig_8212:3396532-3396664.bam
2627 2585  98.00
contig_8212:3400827-3401313.bam
223 182  81.00
contig_8273:240630-240828.bam
1917 1872  97.00
contig_8273:546031-546253.bam
122 83  68.00
contig_8286:156042-156245.bam
2806 2772  98.00
contig_8286:218184-218633.bam
1852 1811  97.00
contig_8286:293202-293627.bam
1367 1331  97.00
contig_8302:1047991-1048083.bam
1955 1922  98.00
contig_8302:116513-116641.bam
683 649  95.00
contig_8302:1201403-1201546.bam
1691 1628  96.00
contig_8302:1300131-1300626.bam
1716 1663  96.00
contig_8302:1655441-1655553.bam
1609 1582  98.00
contig_8302:2468468-2468691.bam
3562 3520  98.00
contig_8302:428452-429556.bam
144 109  75.00
contig_8302:600919-601002.bam
1595 1564  98.00
contig_839:1458144-1458204.bam
138 97  70.00
contig_839:1792183-1792536.bam
1146 1103  96.00
contig_839:1901587-1901653.bam
1754 1723  98.00
contig_839:1920219-1920444.bam
89 45  50.00
contig_839:1958424-1958609.bam
189 158  83.00
contig_839:2066169-2066257.bam
1658 1615  97.00
contig_839:2369529-2369701.bam
1745 1703  97.00
contig_839:2397511-2398039.bam
1700 1649  97.00
contig_839:286088-286553.bam
1730 1644  95.00
contig_839:2992017-2992070.bam
1492 1440  96.00
contig_839:3109905-3110139.bam
339 294  86.00
contig_839:32924-33092.bam
80 52  65.00
contig_839:4012562-4012716.bam
222 179  80.00
contig_839:411186-411508.bam
1786 1742  97.00
contig_839:4256308-4256673.bam
1715 1664  97.00
contig_839:4461102-4461345.bam
484 424  87.00
contig_839:4790218-4790333.bam
1694 1662  98.00
contig_839:5091105-5091206.bam
1992 1954  98.00
contig_839:5488410-5488818.bam
2151 2119  98.00
contig_839:5783013-5783549.bam
1508 1436  95.00
contig_839:6489598-6489896.bam
667 633  94.00
contig_839:835035-835200.bam
2017 1981  98.00
contig_839:973048-973521.bam
1551 1518  97.00
contig_8447:1093934-1094162.bam
1594 1572  98.00
contig_8456:1535630-1535959.bam
1756 1720  97.00
contig_8456:2744415-2744611.bam
604 561  92.00
contig_8456:3327336-3327489.bam
2412 2380  98.00
contig_8456:4013309-4013797.bam
704 672  95.00
contig_8456:5264001-5264271.bam
1326 1307  98.00
contig_8456:5269229-5269578.bam
1873 1830  97.00
contig_8456:5395272-5395461.bam
1707 1663  97.00
contig_8456:6531291-6531540.bam
1559 1527  97.00
contig_8473:10431506-10431722.bam
1694 1666  98.00
contig_8473:10617776-10618007.bam
1820 1766  97.00
contig_8473:12220393-12220596.bam
415 372  89.00
contig_8473:12940124-12940230.bam
369 328  88.00
contig_8473:2181869-2181964.bam
158 127  80.00
contig_8473:434261-434378.bam
1853 1817  98.00
contig_8473:4500408-4500688.bam
3658 3613  98.00
contig_8473:4604467-4604834.bam
1860 1824  98.00
contig_8473:5434460-5434708.bam
2111 2080  98.00
contig_8473:6450587-6450789.bam
2982 2947  98.00
contig_8473:72982-73324.bam
1815 1774  97.00
contig_8473:8341453-8341708.bam
1845 1784  96.00
contig_8473:8377788-8378015.bam
1303 1268  97.00
contig_8473:9231546-9231801.bam
1877 1830  97.00
contig_8501:98254-98468.bam
3487 3451  98.00
contig_8502:1796926-1797435.bam
634 585  92.00
contig_8502:192202-192339.bam
1867 1844  98.00
contig_8502:2172538-2172736.bam
815 772  94.00
contig_8502:2351297-2351459.bam
1853 1803  97.00
contig_8502:243063-243314.bam
3538 3504  99.00
contig_8502:255802-256197.bam
1613 1585  98.00
contig_8502:328752-328894.bam
3536 3497  98.00
contig_8502:3985164-3985646.bam
3433 3392  98.00
contig_8502:466201-466657.bam
1991 1949  97.00
contig_8502:556460-556858.bam
1743 1707  97.00
contig_8647:1223106-1223296.bam
1913 1886  98.00
contig_8647:1378233-1378451.bam
1261 1221  96.00
contig_8647:872626-873035.bam
1863 1824  97.00
contig_8663:1479579-1479883.bam
1543 1503  97.00
contig_8663:2345450-2345669.bam
85 53  62.00
contig_8663:2638758-2638929.bam
1761 1718  97.00
contig_8663:2817685-2817896.bam
1318 1272  96.00
contig_8663:31370-31450.bam
1690 1658  98.00
contig_8663:373097-373219.bam
210 177  84.00
contig_8663:376402-377042.bam
1651 1618  98.00
contig_8663:3843189-3843375.bam
202 163  80.00
contig_8663:393332-393398.bam
1793 1747  97.00
contig_8663:394123-394350.bam
1480 1449  97.00
contig_8663:4256794-4256956.bam
1104 1049  95.00
contig_8663:4287303-4287552.bam
2786 2747  98.00
contig_8663:4733491-4733911.bam
1634 1589  97.00
contig_8663:4928416-4928475.bam
1881 1829  97.00
contig_8663:4931114-4931234.bam
3505 3462  98.00
contig_8663:4931452-4932035.bam
454 415  91.00
contig_8663:5127870-5127972.bam
2067 2036  98.00
contig_8663:591969-592546.bam
366 336  91.00
contig_8715:1027968-1028039.bam
3511 3474  98.00
contig_8715:1373967-1374305.bam
139 96  69.00
contig_8715:150992-151278.bam
1481 1298  87.00
contig_8715:2246639-2246947.bam
2032 1988  97.00
contig_8715:2501145-2501446.bam
1613 1586  98.00
contig_8715:2936498-2936909.bam
1690 1662  98.00
contig_8715:2937416-2937609.bam
1488 1437  96.00
contig_8715:3248407-3248560.bam
1573 1534  97.00
contig_8715:3441359-3441669.bam
1777 1740  97.00
contig_8715:4188080-4188229.bam
1264 1218  96.00
contig_8715:4904364-4904802.bam
1631 1590  97.00
contig_8715:5001830-5002209.bam
1424 1399  98.00
contig_8715:5322295-5322423.bam
1573 1539  97.00
contig_8715:5769602-5769669.bam
1738 1705  98.00
contig_8715:5781964-5782228.bam
1488 1443  96.00
contig_8715:6020125-6020215.bam
654 614  93.00
contig_8715:6554714-6555090.bam
818 782  95.00
contig_8715:826675-826842.bam
1506 1470  97.00
contig_8715:91391-91737.bam
215 179  83.00
contig_8715:9162579-9162820.bam
149 110  73.00
contig_8752:3014354-3014616.bam
77 45  58.00
contig_8752:3334869-3334975.bam
1527 1485  97.00
contig_8752:350180-350426.bam
1650 1603  97.00
contig_8912:1155629-1155866.bam
1726 1680  97.00
contig_8912:213129-213305.bam
174 129  74.00
contig_8921:1171886-1172171.bam
1900 1867  98.00
contig_8921:1811462-1811693.bam
1067 1022  95.00
contig_8921:1845453-1845703.bam
1577 1528  96.00
contig_8921:2451407-2451550.bam
1661 1619  97.00
contig_8921:2538040-2538198.bam
1599 1556  97.00
contig_8947:130651-130980.bam
1495 1467  98.00
contig_8947:698686-699059.bam
75 38  50.00
contig_8956:425748-425852.bam
1559 1526  97.00
contig_8956:444916-445149.bam
6804 6772  99.00
contig_8956:447429-448097.bam
3291 3253  98.00
contig_8956:883408-883613.bam
149 122  81.00
contig_8956:9240-9368.bam
1383 1343  97.00
contig_8963:1461950-1462159.bam
3027 2992  98.00
contig_8963:2074602-2074787.bam
1659 1618  97.00
contig_8963:3620838-3621123.bam
1238 1189  96.00
contig_8963:3886164-3886223.bam
178 139  78.00
contig_8963:4093006-4093128.bam
1998 1954  97.00
contig_8963:4719345-4719867.bam
1723 1682  97.00
contig_8963:4933304-4933566.bam
1548 1504  97.00
contig_8963:542233-542397.bam
1493 1447  96.00
contig_8963:630433-631070.bam
3594 3551  98.00
contig_8963:855396-855755.bam
1985 1953  98.00
contig_8963:992533-992906.bam
1848 1803  97.00
contig_8996:1537116-1537436.bam
1724 1691  98.00
contig_8996:2636761-2636974.bam
1561 1524  97.00
contig_8996:2723416-2723482.bam
1383 1354  97.00
contig_8996:2900753-2900974.bam
209 167  79.00
contig_8996:5261929-5262080.bam
175 130  74.00
contig_8996:5292043-5292213.bam
102 60  58.00
contig_8996:5562906-5563062.bam
1761 1706  96.00
contig_8996:5597013-5597281.bam
1586 1485  93.00
contig_8996:6306791-6307012.bam
1176 1138  96.00
contig_8996:6724965-6725127.bam
224 187  83.00
contig_8996:6838500-6838624.bam
1296 1266  97.00
contig_8996:7242907-7243078.bam
122 90  73.00
contig_8996:7472161-7472357.bam
1586 1519  95.00
contig_8996:762390-762558.bam
1690 1633  96.00
contig_8996:797852-798198.bam
1549 1499  96.00
contig_8996:8316295-8316490.bam
1480 1452  98.00
contig_9034:1912468-1912723.bam
293 260  88.00
contig_9034:1983270-1983431.bam
230 197  85.00
contig_9034:2205789-2206305.bam
1734 1707  98.00
contig_9034:2209211-2209468.bam
1053 1026  97.00
contig_9034:2313993-2314376.bam
118 83  70.00
contig_9034:2379426-2379538.bam
1699 1663  97.00
contig_9034:3082689-3082914.bam
1816 1761  96.00
contig_9034:4509999-4510285.bam
1479 1445  97.00
contig_9034:4526566-4526864.bam
1540 1490  96.00
contig_9034:4636773-4637224.bam
1822 1780  97.00
contig_9221:2081168-2081563.bam
1725 1678  97.00
contig_9221:756966-757041.bam
1837 1808  98.00
contig_9225:5441301-5441829.bam
1513 1465  96.00
contig_9306:1486914-1487228.bam
1640 1608  98.00
contig_9306:1933483-1934027.bam
1766 1729  97.00
contig_9306:847848-848148.bam
1850 1815  98.00
contig_9363:1233216-1233529.bam
1575 1543  97.00
contig_9363:1795513-1795711.bam
1468 1436  97.00
contig_9363:1833277-1833499.bam
1425 1391  97.00
contig_9363:2217184-2217243.bam
204 180  88.00
contig_9363:305869-306350.bam
72 44  61.00
contig_9363:449735-449904.bam
1423 1381  97.00
contig_9363:640132-640318.bam
200 155  77.00
contig_9363:995685-995876.bam
1615 1565  96.00
contig_9486:1754659-1754861.bam
1467 1434  97.00
contig_9486:203069-203308.bam
1903 1875  98.00
contig_9486:2243018-2243242.bam
1771 1741  98.00
contig_9486:2552599-2552922.bam
1596 1544  96.00
contig_9486:2999982-3000221.bam
1708 1664  97.00
contig_9486:3655244-3655345.bam
167 131  78.00
contig_9486:431881-431961.bam
3341 3308  99.00
contig_9486:5874133-5874403.bam
1654 1604  96.00
contig_9486:6348903-6348989.bam
1808 1763  97.00
contig_9486:7120116-7120295.bam
612 581  94.00
contig_9486:7365279-7365377.bam
1568 1528  97.00
contig_9486:857132-857230.bam
1493 1446  96.00
contig_9486:860077-860352.bam
586 539  91.00
contig_9504:1571139-1571406.bam
1419 1361  95.00
contig_9504:2655239-2655366.bam
1860 1801  96.00
contig_9504:282488-282740.bam
167 120  71.00
contig_9504:2847776-2847941.bam
1982 1935  97.00
contig_9504:3050279-3050648.bam
1791 1742  97.00
contig_9504:3415528-3415681.bam
1752 1711  97.00
contig_9504:3509432-3509725.bam
1607 1565  97.00
contig_9504:4070288-4070426.bam
3313 3285  99.00
contig_9504:630571-630798.bam
346 313  90.00
contig_9504:844324-844407.bam
1160 1142  98.00
contig_9526:2775851-2776118.bam
1864 1832  98.00
contig_9526:3129693-3130104.bam
1876 1857  98.00
contig_9526:3780741-3780956.bam
1858 1823  98.00
contig_9569:2903693-2903798.bam
1787 1751  97.00
contig_9569:2931697-2932113.bam
1642 1593  97.00
contig_9569:4679223-4679312.bam
868 824  94.00
contig_9569:4738683-4738762.bam
1708 1660  97.00
contig_9569:5335894-5336291.bam
1800 1761  97.00
contig_9569:5824900-5825113.bam
67 37  55.00
contig_9569:7018822-7018925.bam
312 272  87.00
contig_9569:931130-931242.bam
1276 1232  96.00
contig_9611:1571462-1571589.bam
1657 1616  97.00
contig_9611:1985054-1985151.bam
1757 1718  97.00
contig_9611:938590-938820.bam
132 106  80.00
contig_9626:1440943-1441087.bam
1473 1439  97.00
contig_9626:1566706-1567041.bam
1719 1689  98.00
contig_9626:1624235-1624464.bam
1919 1886  98.00
contig_9626:2478629-2478978.bam
275 244  88.00
contig_9626:604106-604178.bam
3402 3361  98.00
contig_9626:741128-741648.bam
1687 1655  98.00
contig_9626:919707-920190.bam
237 202  85.00
contig_9633:46730-46807.bam
1327 1296  97.00
contig_9633:64094-64215.bam
1763 1724  97.00
contig_9683:138064-138204.bam
857 818  95.00
contig_9683:1422700-1422777.bam
1891 1845  97.00
contig_9683:187251-187457.bam
1849 1798  97.00
contig_9683:2691546-2691657.bam
1812 1761  97.00
contig_9683:298726-298927.bam
1678 1619  96.00
contig_9683:380451-380529.bam
1750 1727  98.00
contig_9683:4168767-4169030.bam
1582 1550  97.00
contig_9683:635297-635373.bam
2063 2027  98.00
contig_9683:887547-888015.bam
1692 1664  98.00
contig_9693:2339739-2339872.bam
148 111  75.00
contig_9693:704275-704397.bam
51 29  56.00
contig_9700:2056149-2056318.bam
936 904  96.00
contig_9700:357878-358007.bam
181 151  83.00
contig_9700:4912550-4912838.bam
1530 1504  98.00
contig_9700:4927175-4927377.bam
3578 3544  99.00
contig_9700:659786-660150.bam
3249 3217  99.00
contig_9700:7822987-7823292.bam
1651 1619  98.00
contig_9736:1136991-1137404.bam
2078 2048  98.00
contig_9736:754628-755215.bam
1285 1242  96.00
contig_9736:796035-796269.bam
79 43  54.00
contig_9954:2292686-2292832.bam
1847 1814  98.00
contig_9954:2378321-2378616.bam
185 154  83.00
contig_9954:289192-289279.bam
1471 1424  96.00
contig_9954:2957455-2957655.bam
1834 1751  95.00
contig_9954:3101860-3102010.bam
512 463  90.00
contig_9954:3162529-3162645.bam
1703 1656  97.00
contig_9958:11011-11189.bam
1883 1832  97.00
contig_9965:1157682-1157794.bam
1644 1587  96.00
contig_9965:1432196-1432276.bam
1929 1890  97.00
contig_9965:1918111-1918262.bam
1682 1649  98.00
contig_9987:2098084-2098246.bam
1498 1419  94.00
contig_9987:2526227-2526337.bam
1830 1764  96.00
contig_9987:2580615-2580860.bam
