CP142632.1	0	137	0
CP142632.1	137	147	1
CP142632.1	147	203	2
CP142632.1	203	221	3
CP142632.1	221	255	2
CP142632.1	255	280	1
CP142632.1	280	283	2
CP142632.1	283	325	3
CP142632.1	325	326	2
CP142632.1	326	334	3
CP142632.1	334	361	2
CP142632.1	361	362	1
CP142632.1	362	384	0
CP142632.1	384	464	1
CP142632.1	464	527	2
CP142632.1	527	569	3
CP142632.1	569	571	2
CP142632.1	571	599	3
CP142632.1	599	628	2
CP142632.1	628	701	1
CP142632.1	701	706	2
CP142632.1	706	729	3
CP142632.1	729	741	2
CP142632.1	741	768	3
CP142632.1	768	781	2
CP142632.1	781	802	3
CP142632.1	802	818	2
CP142632.1	818	823	3
CP142632.1	823	883	2
CP142632.1	883	894	3
CP142632.1	894	912	4
CP142632.1	912	942	5
CP142632.1	942	947	4
CP142632.1	947	1006	3
CP142632.1	1006	1036	2
CP142632.1	1036	1084	1
CP142632.1	1084	1309	0
CP142632.1	1309	1381	1
CP142632.1	1381	1402	0
CP142632.1	1402	1426	1
CP142632.1	1426	1431	0
CP142632.1	1431	1476	1
CP142632.1	1476	1691	0
CP142632.1	1691	1719	1
CP142632.1	1719	1756	2
CP142632.1	1756	1758	1
CP142632.1	1758	1802	2
CP142632.1	1802	1830	1
CP142632.1	1830	1841	0
CP142632.1	1841	1889	1
CP142632.1	1889	1906	2
CP142632.1	1906	1989	1
CP142632.1	1989	1990	0
CP142632.1	1990	2007	1
CP142632.1	2007	2009	0
CP142632.1	2009	2040	1
CP142632.1	2040	2497	0
CP142632.1	2497	2549	1
CP142632.1	2549	2621	2
CP142632.1	2621	2712	1
CP142632.1	2712	2791	0
CP142632.1	2791	2853	1
CP142632.1	2853	2931	0
CP142632.1	2931	2965	1
CP142632.1	2965	2970	0
CP142632.1	2970	3054	1
CP142632.1	3054	3057	0
CP142632.1	3057	3183	1
CP142632.1	3183	3204	0
CP142632.1	3204	3209	1
CP142632.1	3209	3210	0
CP142632.1	3210	3259	1
CP142632.1	3259	3297	0
CP142632.1	3297	3342	1
CP142632.1	3342	3344	0
CP142632.1	3344	3404	1
CP142632.1	3404	3406	0
CP142632.1	3406	3420	1
CP142632.1	3420	3421	0
CP142632.1	3421	3425	1
CP142632.1	3425	3432	0
CP142632.1	3432	3464	1
CP142632.1	3464	3612	0
CP142632.1	3612	3633	1
CP142632.1	3633	3638	0
CP142632.1	3638	3642	1
CP142632.1	3642	3652	2
CP142632.1	3652	3682	3
CP142632.1	3682	3684	2
CP142632.1	3684	3718	3
CP142632.1	3718	3770	2
CP142632.1	3770	3772	3
CP142632.1	3772	3912	2
CP142632.1	3912	3932	3
CP142632.1	3932	3935	2
CP142632.1	3935	3952	3
CP142632.1	3952	3970	4
CP142632.1	3970	4029	3
CP142632.1	4029	4037	2
CP142632.1	4037	4042	3
CP142632.1	4042	4075	2
CP142632.1	4075	4149	1
CP142632.1	4149	4152	0
CP142632.1	4152	4199	1
CP142632.1	4199	4216	2
CP142632.1	4216	4217	3
CP142632.1	4217	4246	4
CP142632.1	4246	4255	3
CP142632.1	4255	4268	4
CP142632.1	4268	4269	3
CP142632.1	4269	4290	4
CP142632.1	4290	4292	3
CP142632.1	4292	4293	2
CP142632.1	4293	4294	1
CP142632.1	4294	4340	2
CP142632.1	4340	4341	1
CP142632.1	4341	4353	2
CP142632.1	4353	4370	1
CP142632.1	4370	4381	2
CP142632.1	4381	4409	3
CP142632.1	4409	4427	4
CP142632.1	4427	4428	3
CP142632.1	4428	4459	4
CP142632.1	4459	4469	3
CP142632.1	4469	4470	4
CP142632.1	4470	4486	3
CP142632.1	4486	4505	2
CP142632.1	4505	4555	1
CP142632.1	4555	4578	0
CP142632.1	4578	4666	1
CP142632.1	4666	4681	2
CP142632.1	4681	4797	1
CP142632.1	4797	4841	0
CP142632.1	4841	4869	1
CP142632.1	4869	4871	0
CP142632.1	4871	4926	1
CP142632.1	4926	4930	0
CP142632.1	4930	4981	1
CP142632.1	4981	4984	2
CP142632.1	4984	4985	1
CP142632.1	4985	5024	2
CP142632.1	5024	5027	1
CP142632.1	5027	5028	2
CP142632.1	5028	5052	3
CP142632.1	5052	5054	2
CP142632.1	5054	5061	3
CP142632.1	5061	5064	2
CP142632.1	5064	5066	1
CP142632.1	5066	5075	2
CP142632.1	5075	5076	1
CP142632.1	5076	5101	2
CP142632.1	5101	5130	1
CP142632.1	5130	5132	0
CP142632.1	5132	5202	1
CP142632.1	5202	5293	0
CP142632.1	5293	5298	1
CP142632.1	5298	5299	0
CP142632.1	5299	5347	1
CP142632.1	5347	5505	0
CP142632.1	5505	5509	1
CP142632.1	5509	5569	2
CP142632.1	5569	5589	1
CP142632.1	5589	5626	2
CP142632.1	5626	5671	1
CP142632.1	5671	5672	0
CP142632.1	5672	5695	1
CP142632.1	5695	5740	0
CP142632.1	5740	5826	1
CP142632.1	5826	5862	2
CP142632.1	5862	5863	1
CP142632.1	5863	5877	2
CP142632.1	5877	5878	1
CP142632.1	5878	5891	2
CP142632.1	5891	6048	1
CP142632.1	6048	6061	2
CP142632.1	6061	6078	1
CP142632.1	6078	6131	2
CP142632.1	6131	6163	1
CP142632.1	6163	6186	2
CP142632.1	6186	6197	1
CP142632.1	6197	6229	2
CP142632.1	6229	6232	0
CP142632.1	6232	6234	1
CP142632.1	6234	6253	2
CP142632.1	6253	6254	1
CP142632.1	6254	6257	2
CP142632.1	6257	6349	1
CP142632.1	6349	6350	0
CP142632.1	6350	6384	1
CP142632.1	6384	6386	0
CP142632.1	6386	6447	1
CP142632.1	6447	6469	0
CP142632.1	6469	6492	1
CP142632.1	6492	6539	2
CP142632.1	6539	6551	1
CP142632.1	6551	6563	2
CP142632.1	6563	6741	1
CP142632.1	6741	7067	0
CP142632.1	7067	7135	1
CP142632.1	7135	7189	0
CP142632.1	7189	7218	1
CP142632.1	7218	7222	0
CP142632.1	7222	7398	1
CP142632.1	7398	7399	0
CP142632.1	7399	7414	1
CP142632.1	7414	7415	2
CP142632.1	7415	7493	3
CP142632.1	7493	7497	2
CP142632.1	7497	7533	1
CP142632.1	7533	7534	0
CP142632.1	7534	7586	1
CP142632.1	7586	7599	2
CP142632.1	7599	7602	1
CP142632.1	7602	7627	2
CP142632.1	7627	7633	3
CP142632.1	7633	7674	2
CP142632.1	7674	7675	1
CP142632.1	7675	7688	2
CP142632.1	7688	7758	1
CP142632.1	7758	7780	2
CP142632.1	7780	7817	1
CP142632.1	7817	7822	0
CP142632.1	7822	7841	1
CP142632.1	7841	7877	0
CP142632.1	7877	7972	1
CP142632.1	7972	8061	0
CP142632.1	8061	8121	1
CP142632.1	8121	8122	0
CP142632.1	8122	8147	1
CP142632.1	8147	8276	0
CP142632.1	8276	8316	1
CP142632.1	8316	8317	0
CP142632.1	8317	8347	1
CP142632.1	8347	8397	2
CP142632.1	8397	8492	1
CP142632.1	8492	8739	0
CP142632.1	8739	8747	1
CP142632.1	8747	8748	0
CP142632.1	8748	8815	1
CP142632.1	8815	8911	0
CP142632.1	8911	8973	1
CP142632.1	8973	9038	2
CP142632.1	9038	9070	1
CP142632.1	9070	9078	2
CP142632.1	9078	9079	1
CP142632.1	9079	9081	0
CP142632.1	9081	9094	1
CP142632.1	9094	9099	2
CP142632.1	9099	9130	3
CP142632.1	9130	9176	2
CP142632.1	9176	9181	1
CP142632.1	9181	9182	2
CP142632.1	9182	9197	3
CP142632.1	9197	9202	4
CP142632.1	9202	9238	5
CP142632.1	9238	9239	4
CP142632.1	9239	9240	3
CP142632.1	9240	9257	5
CP142632.1	9257	9297	4
CP142632.1	9297	9338	3
CP142632.1	9338	9393	1
CP142632.1	9393	9403	2
CP142632.1	9403	9409	1
CP142632.1	9409	9441	2
CP142632.1	9441	9462	1
CP142632.1	9462	9674	0
CP142632.1	9674	9683	1
CP142632.1	9683	9739	2
CP142632.1	9739	9742	1
CP142632.1	9742	9744	2
CP142632.1	9744	9774	3
CP142632.1	9774	9795	2
CP142632.1	9795	9840	1
CP142632.1	9840	9851	0
CP142632.1	9851	9919	1
CP142632.1	9919	9935	2
CP142632.1	9935	9948	1
CP142632.1	9948	9949	2
CP142632.1	9949	9979	3
CP142632.1	9979	10004	2
CP142632.1	10004	10083	1
CP142632.1	10083	10090	2
CP142632.1	10090	10204	1
CP142632.1	10204	10214	2
CP142632.1	10214	10500	1
CP142632.1	10500	10503	0
CP142632.1	10503	10569	1
CP142632.1	10569	10572	0
CP142632.1	10572	10589	1
CP142632.1	10589	10624	2
CP142632.1	10624	10625	1
CP142632.1	10625	10637	2
CP142632.1	10637	10667	1
CP142632.1	10667	10684	0
CP142632.1	10684	10743	1
CP142632.1	10743	10968	0
CP142632.1	10968	11001	1
CP142632.1	11001	11025	2
CP142632.1	11025	11026	1
CP142632.1	11026	11052	2
CP142632.1	11052	11086	1
CP142632.1	11086	11087	0
CP142632.1	11087	11125	1
CP142632.1	11125	11128	0
CP142632.1	11128	11138	1
CP142632.1	11138	11156	0
CP142632.1	11156	11177	1
CP142632.1	11177	11178	0
CP142632.1	11178	11220	1
CP142632.1	11220	11250	0
CP142632.1	11250	11311	1
CP142632.1	11311	11342	2
CP142632.1	11342	11400	1
CP142632.1	11400	11517	0
CP142632.1	11517	11565	1
CP142632.1	11565	11569	2
CP142632.1	11569	11635	3
CP142632.1	11635	11688	2
CP142632.1	11688	11696	1
CP142632.1	11696	11812	0
CP142632.1	11812	11822	1
CP142632.1	11822	11838	2
CP142632.1	11838	11839	1
CP142632.1	11839	11871	2
CP142632.1	11871	11872	1
CP142632.1	11872	11955	2
CP142632.1	11955	11986	1
CP142632.1	11986	12017	0
CP142632.1	12017	12087	1
CP142632.1	12087	12112	2
CP142632.1	12112	12114	1
CP142632.1	12114	12232	2
CP142632.1	12232	12248	1
CP142632.1	12248	12251	0
CP142632.1	12251	12276	1
CP142632.1	12276	12277	0
CP142632.1	12277	12328	1
CP142632.1	12328	12344	2
CP142632.1	12344	12389	1
CP142632.1	12389	12391	0
CP142632.1	12391	12432	1
CP142632.1	12432	12435	0
CP142632.1	12435	12452	1
CP142632.1	12452	12641	0
CP142632.1	12641	12705	1
CP142632.1	12705	12752	2
CP142632.1	12752	12766	1
CP142632.1	12766	13236	0
CP142632.1	13236	13261	1
CP142632.1	13261	13377	2
CP142632.1	13377	13392	3
CP142632.1	13392	13394	2
CP142632.1	13394	13417	3
CP142632.1	13417	13421	2
CP142632.1	13421	13439	1
CP142632.1	13439	13674	0
CP142632.1	13674	13757	1
CP142632.1	13757	13762	2
CP142632.1	13762	13838	1
CP142632.1	13838	13914	0
CP142632.1	13914	13931	1
CP142632.1	13931	13949	2
CP142632.1	13949	13951	0
CP142632.1	13951	13967	2
CP142632.1	13967	13969	3
CP142632.1	13969	13996	4
CP142632.1	13996	13999	3
CP142632.1	13999	14006	4
CP142632.1	14006	14008	3
CP142632.1	14008	14018	4
CP142632.1	14018	14032	3
CP142632.1	14032	14048	2
CP142632.1	14048	14104	1
CP142632.1	14104	14106	0
CP142632.1	14106	14125	1
CP142632.1	14125	14159	2
CP142632.1	14159	14160	1
CP142632.1	14160	14271	2
CP142632.1	14271	14296	1
CP142632.1	14296	14327	2
CP142632.1	14327	14340	3
CP142632.1	14340	14444	2
CP142632.1	14444	14447	1
CP142632.1	14447	14466	2
CP142632.1	14466	14467	1
CP142632.1	14467	14496	2
CP142632.1	14496	14501	1
CP142632.1	14501	14502	0
CP142632.1	14502	14574	1
CP142632.1	14574	14575	0
CP142632.1	14575	14578	1
CP142632.1	14578	14679	2
CP142632.1	14679	14680	1
CP142632.1	14680	14699	2
CP142632.1	14699	14762	1
CP142632.1	14762	14789	0
CP142632.1	14789	14841	1
CP142632.1	14841	14844	0
CP142632.1	14844	14850	1
CP142632.1	14850	14885	2
CP142632.1	14885	14895	1
CP142632.1	14895	14896	0
CP142632.1	14896	14918	1
CP142632.1	14918	15330	0
CP142632.1	15330	15374	2
CP142632.1	15374	15375	1
CP142632.1	15375	15381	2
CP142632.1	15381	15397	3
CP142632.1	15397	15439	2
CP142632.1	15439	15473	3
CP142632.1	15473	15476	2
CP142632.1	15476	15507	1
CP142632.1	15507	15571	0
CP142632.1	15571	15613	1
CP142632.1	15613	15651	2
CP142632.1	15651	15656	1
CP142632.1	15656	15683	2
CP142632.1	15683	15705	3
CP142632.1	15705	15739	4
CP142632.1	15739	15741	3
CP142632.1	15741	15760	2
CP142632.1	15760	15763	1
CP142632.1	15763	15768	0
CP142632.1	15768	15792	1
CP142632.1	15792	15793	0
CP142632.1	15793	15808	1
CP142632.1	15808	15879	0
CP142632.1	15879	15907	1
CP142632.1	15907	15908	0
CP142632.1	15908	15928	1
CP142632.1	15928	15931	0
CP142632.1	15931	15943	1
CP142632.1	15943	15998	2
CP142632.1	15998	15999	1
CP142632.1	15999	16015	2
CP142632.1	16015	16036	1
CP142632.1	16036	16074	2
CP142632.1	16074	16081	1
CP142632.1	16081	16136	2
CP142632.1	16136	16292	1
CP142632.1	16292	16312	2
CP142632.1	16312	16315	1
CP142632.1	16315	16318	0
CP142632.1	16318	16332	1
CP142632.1	16332	16338	2
CP142632.1	16338	16342	1
CP142632.1	16342	16366	2
CP142632.1	16366	16388	3
CP142632.1	16388	16390	2
CP142632.1	16390	16402	3
CP142632.1	16402	16439	2
CP142632.1	16439	16511	1
CP142632.1	16511	16513	0
CP142632.1	16513	16533	1
CP142632.1	16533	16599	2
CP142632.1	16599	16600	1
CP142632.1	16600	16629	0
CP142632.1	16629	16716	1
CP142632.1	16716	16717	0
CP142632.1	16717	16728	1
CP142632.1	16728	16742	0
CP142632.1	16742	16751	1
CP142632.1	16751	16753	0
CP142632.1	16753	16865	1
CP142632.1	16865	16867	0
CP142632.1	16867	17028	1
CP142632.1	17028	17208	0
CP142632.1	17208	17259	1
CP142632.1	17259	17275	0
CP142632.1	17275	17329	1
CP142632.1	17329	17365	0
CP142632.1	17365	17425	1
CP142632.1	17425	17515	0
CP142632.1	17515	17549	1
CP142632.1	17549	17551	0
CP142632.1	17551	17577	1
CP142632.1	17577	17668	2
CP142632.1	17668	17802	1
CP142632.1	17802	17900	2
CP142632.1	17900	17936	3
CP142632.1	17936	17943	2
CP142632.1	17943	17992	1
CP142632.1	17992	17994	0
CP142632.1	17994	18002	1
CP142632.1	18002	18029	0
CP142632.1	18029	18083	1
CP142632.1	18083	18085	0
CP142632.1	18085	18095	1
CP142632.1	18095	18139	2
CP142632.1	18139	18141	0
CP142632.1	18141	18142	1
CP142632.1	18142	18209	2
CP142632.1	18209	18214	1
CP142632.1	18214	18229	2
CP142632.1	18229	18230	1
CP142632.1	18230	18259	2
CP142632.1	18259	18290	3
CP142632.1	18290	18317	4
CP142632.1	18317	18333	3
CP142632.1	18333	18338	2
CP142632.1	18338	18359	1
CP142632.1	18359	18362	2
CP142632.1	18362	18436	3
CP142632.1	18436	18437	2
CP142632.1	18437	18460	3
CP142632.1	18460	18480	2
CP142632.1	18480	18490	1
CP142632.1	18490	18500	2
CP142632.1	18500	18501	1
CP142632.1	18501	18528	2
CP142632.1	18528	18544	1
CP142632.1	18544	18580	2
CP142632.1	18580	18664	1
CP142632.1	18664	18694	0
CP142632.1	18694	18751	1
CP142632.1	18751	18752	0
CP142632.1	18752	18780	1
CP142632.1	18780	18803	2
CP142632.1	18803	18804	1
CP142632.1	18804	18817	2
CP142632.1	18817	18861	1
CP142632.1	18861	18864	0
CP142632.1	18864	18872	1
CP142632.1	18872	18879	0
CP142632.1	18879	18888	1
CP142632.1	18888	18891	0
CP142632.1	18891	18921	1
CP142632.1	18921	18988	0
CP142632.1	18988	19079	1
CP142632.1	19079	19302	0
CP142632.1	19302	19315	1
CP142632.1	19315	19341	2
CP142632.1	19341	19344	1
CP142632.1	19344	19408	2
CP142632.1	19408	19452	1
CP142632.1	19452	19460	0
CP142632.1	19460	19500	1
CP142632.1	19500	19640	0
CP142632.1	19640	19684	1
CP142632.1	19684	19735	2
CP142632.1	19735	19736	1
CP142632.1	19736	19807	2
CP142632.1	19807	19872	1
CP142632.1	19872	19942	0
CP142632.1	19942	20097	1
CP142632.1	20097	20171	2
CP142632.1	20171	20190	3
CP142632.1	20190	20228	2
CP142632.1	20228	20232	1
CP142632.1	20232	20233	2
CP142632.1	20233	20264	3
CP142632.1	20264	20344	2
CP142632.1	20344	20349	1
CP142632.1	20349	20407	2
CP142632.1	20407	20566	1
CP142632.1	20566	20643	2
CP142632.1	20643	20752	1
CP142632.1	20752	20849	0
CP142632.1	20849	20892	1
CP142632.1	20892	20956	0
CP142632.1	20956	21101	1
CP142632.1	21101	21135	0
CP142632.1	21135	21196	1
CP142632.1	21196	21207	2
CP142632.1	21207	21270	1
CP142632.1	21270	21310	2
CP142632.1	21310	21317	3
CP142632.1	21317	21321	2
CP142632.1	21321	21363	3
CP142632.1	21363	21385	2
CP142632.1	21385	21396	1
CP142632.1	21396	21420	0
CP142632.1	21420	21425	1
CP142632.1	21425	21427	0
CP142632.1	21427	21481	1
CP142632.1	21481	21498	2
CP142632.1	21498	21500	1
CP142632.1	21500	21510	2
CP142632.1	21510	21565	3
CP142632.1	21565	21578	4
CP142632.1	21578	21582	3
CP142632.1	21582	21627	2
CP142632.1	21627	21640	3
CP142632.1	21640	21703	2
CP142632.1	21703	21726	1
CP142632.1	21726	21929	0
CP142632.1	21929	21986	1
CP142632.1	21986	21994	2
CP142632.1	21994	22138	1
CP142632.1	22138	22186	2
CP142632.1	22186	22191	1
CP142632.1	22191	22252	2
CP142632.1	22252	22254	1
CP142632.1	22254	22285	0
CP142632.1	22285	22351	1
CP142632.1	22351	22416	2
CP142632.1	22416	22419	1
CP142632.1	22419	22490	0
CP142632.1	22490	22589	1
CP142632.1	22589	22935	0
CP142632.1	22935	22943	1
CP142632.1	22943	22944	0
CP142632.1	22944	22982	1
CP142632.1	22982	23019	2
CP142632.1	23019	23020	1
CP142632.1	23020	23045	2
CP142632.1	23045	23048	1
CP142632.1	23048	23070	2
CP142632.1	23070	23074	1
CP142632.1	23074	23101	0
CP142632.1	23101	23210	1
CP142632.1	23210	23251	2
CP142632.1	23251	23269	1
CP142632.1	23269	23342	0
CP142632.1	23342	23417	1
CP142632.1	23417	23687	0
CP142632.1	23687	23768	1
CP142632.1	23768	23793	0
CP142632.1	23793	23845	1
CP142632.1	23845	23890	0
CP142632.1	23890	23957	1
CP142632.1	23957	24138	0
CP142632.1	24138	24153	1
CP142632.1	24153	24187	2
CP142632.1	24187	24214	3
CP142632.1	24214	24216	2
CP142632.1	24216	24236	3
CP142632.1	24236	24299	2
CP142632.1	24299	24368	1
CP142632.1	24368	24477	0
CP142632.1	24477	24521	1
CP142632.1	24521	24522	0
CP142632.1	24522	24540	1
CP142632.1	24540	24542	0
CP142632.1	24542	24597	1
CP142632.1	24597	24690	0
CP142632.1	24690	24708	1
CP142632.1	24708	24709	0
CP142632.1	24709	24736	1
CP142632.1	24736	24745	2
CP142632.1	24745	24748	1
CP142632.1	24748	24769	2
CP142632.1	24769	24772	1
CP142632.1	24772	24789	2
CP142632.1	24789	24790	1
CP142632.1	24790	24807	2
CP142632.1	24807	24855	1
CP142632.1	24855	24913	2
CP142632.1	24913	25043	1
CP142632.1	25043	25080	0
CP142632.1	25080	25163	1
CP142632.1	25163	25601	0
CP142632.1	25601	25633	1
CP142632.1	25633	25650	2
CP142632.1	25650	25674	3
CP142632.1	25674	25716	2
CP142632.1	25716	25807	1
CP142632.1	25807	25818	2
CP142632.1	25818	25819	1
CP142632.1	25819	25838	2
CP142632.1	25838	25839	1
CP142632.1	25839	25851	3
CP142632.1	25851	25873	4
CP142632.1	25873	25889	3
CP142632.1	25889	25915	2
CP142632.1	25915	25965	1
CP142632.1	25965	26281	0
CP142632.1	26281	26417	1
CP142632.1	26417	26421	2
CP142632.1	26421	26485	1
CP142632.1	26485	26709	0
CP142632.1	26709	26734	1
CP142632.1	26734	26735	0
CP142632.1	26735	26798	1
CP142632.1	26798	26806	0
CP142632.1	26806	26848	1
CP142632.1	26848	26905	2
CP142632.1	26905	26906	1
CP142632.1	26906	26935	2
CP142632.1	26935	27166	1
CP142632.1	27166	27253	0
CP142632.1	27253	27300	1
CP142632.1	27300	27322	2
CP142632.1	27322	27369	1
CP142632.1	27369	27473	0
CP142632.1	27473	27486	1
CP142632.1	27486	27562	2
CP142632.1	27562	27609	1
CP142632.1	27609	27614	0
CP142632.1	27614	27645	1
CP142632.1	27645	27646	0
CP142632.1	27646	27691	1
CP142632.1	27691	27702	2
CP142632.1	27702	27750	3
CP142632.1	27750	27832	2
CP142632.1	27832	27846	3
CP142632.1	27846	27919	2
CP142632.1	27919	27930	1
CP142632.1	27930	28032	0
CP142632.1	28032	28082	1
CP142632.1	28082	28453	0
CP142632.1	28453	28500	1
CP142632.1	28500	28523	2
CP142632.1	28523	28534	1
CP142632.1	28534	28535	0
CP142632.1	28535	28565	2
CP142632.1	28565	28593	1
CP142632.1	28593	28624	0
CP142632.1	28624	28709	1
CP142632.1	28709	28915	0
CP142632.1	28915	28986	1
CP142632.1	28986	28993	0
CP142632.1	28993	29017	1
CP142632.1	29017	29018	0
CP142632.1	29018	29078	1
CP142632.1	29078	29079	0
CP142632.1	29079	29091	1
CP142632.1	29091	29092	0
CP142632.1	29092	29137	1
CP142632.1	29137	29161	2
CP142632.1	29161	29340	1
CP142632.1	29340	29783	0
CP142632.1	29783	29853	1
CP142632.1	29853	29985	0
CP142632.1	29985	30040	1
CP142632.1	30040	30132	0
CP142632.1	30132	30216	1
CP142632.1	30216	30312	0
CP142632.1	30312	30413	1
CP142632.1	30413	30477	0
CP142632.1	30477	30564	1
CP142632.1	30564	30585	2
CP142632.1	30585	30586	0
CP142632.1	30586	30728	2
CP142632.1	30728	30731	1
CP142632.1	30731	30734	0
CP142632.1	30734	30741	2
CP142632.1	30741	30744	0
CP142632.1	30744	30747	2
CP142632.1	30747	30762	3
CP142632.1	30762	30777	2
CP142632.1	30777	30782	3
CP142632.1	30782	30790	4
CP142632.1	30790	30791	3
CP142632.1	30791	30796	4
CP142632.1	30796	30815	3
CP142632.1	30815	30844	2
CP142632.1	30844	30865	3
CP142632.1	30865	30905	2
CP142632.1	30905	30909	3
CP142632.1	30909	30910	2
CP142632.1	30910	30912	1
CP142632.1	30912	30928	2
CP142632.1	30928	30931	1
CP142632.1	30931	30966	2
CP142632.1	30966	30984	3
CP142632.1	30984	31027	2
CP142632.1	31027	31037	1
CP142632.1	31037	31040	0
CP142632.1	31040	31050	1
CP142632.1	31050	31076	2
CP142632.1	31076	31077	1
CP142632.1	31077	31100	2
CP142632.1	31100	31139	1
CP142632.1	31139	31267	0
CP142632.1	31267	31329	1
CP142632.1	31329	31506	0
CP142632.1	31506	31513	1
CP142632.1	31513	31520	2
CP142632.1	31520	31535	3
CP142632.1	31535	31536	2
CP142632.1	31536	31580	3
CP142632.1	31580	31594	2
CP142632.1	31594	31600	1
CP142632.1	31600	31610	2
CP142632.1	31610	31678	1
CP142632.1	31678	31711	2
CP142632.1	31711	31727	1
CP142632.1	31727	31757	2
CP142632.1	31757	31760	1
CP142632.1	31760	31844	2
CP142632.1	31844	31860	3
CP142632.1	31860	31899	2
CP142632.1	31899	31929	1
CP142632.1	31929	32180	0
CP142632.1	32180	32222	1
CP142632.1	32222	32242	2
CP142632.1	32242	32243	1
CP142632.1	32243	32245	2
CP142632.1	32245	32253	1
CP142632.1	32253	32268	2
CP142632.1	32268	32269	1
CP142632.1	32269	32291	2
CP142632.1	32291	32304	3
CP142632.1	32304	32326	2
CP142632.1	32326	32327	3
CP142632.1	32327	32330	2
CP142632.1	32330	32345	3
CP142632.1	32345	32346	2
CP142632.1	32346	32351	3
CP142632.1	32351	32371	4
CP142632.1	32371	32374	3
CP142632.1	32374	32375	4
CP142632.1	32375	32386	5
CP142632.1	32386	32387	4
CP142632.1	32387	32388	2
CP142632.1	32388	32413	5
CP142632.1	32413	32414	4
CP142632.1	32414	32419	5
CP142632.1	32419	32420	4
CP142632.1	32420	32423	3
CP142632.1	32423	32529	2
CP142632.1	32529	32596	1
CP142632.1	32596	32603	0
CP142632.1	32603	32652	1
CP142632.1	32652	32656	0
CP142632.1	32656	32753	1
CP142632.1	32753	32790	2
CP142632.1	32790	32791	1
CP142632.1	32791	32836	2
CP142632.1	32836	32837	1
CP142632.1	32837	32847	2
CP142632.1	32847	32886	1
CP142632.1	32886	32889	2
CP142632.1	32889	32911	1
CP142632.1	32911	32947	2
CP142632.1	32947	32957	1
CP142632.1	32957	32960	0
CP142632.1	32960	32992	1
CP142632.1	32992	33045	0
CP142632.1	33045	33061	1
CP142632.1	33061	33091	2
CP142632.1	33091	33092	1
CP142632.1	33092	33102	2
CP142632.1	33102	33128	3
CP142632.1	33128	33179	2
CP142632.1	33179	33188	1
CP142632.1	33188	33205	0
CP142632.1	33205	33240	1
CP142632.1	33240	33261	2
CP142632.1	33261	33292	3
CP142632.1	33292	33307	2
CP142632.1	33307	33330	3
CP142632.1	33330	33331	2
CP142632.1	33331	33360	3
CP142632.1	33360	33361	2
CP142632.1	33361	33364	3
CP142632.1	33364	33384	4
CP142632.1	33384	33385	3
CP142632.1	33385	33406	2
CP142632.1	33406	33422	1
CP142632.1	33422	33433	0
CP142632.1	33433	33501	1
CP142632.1	33501	33613	0
CP142632.1	33613	33627	1
CP142632.1	33627	33666	2
CP142632.1	33666	33685	1
CP142632.1	33685	33687	0
CP142632.1	33687	33720	1
CP142632.1	33720	33729	2
CP142632.1	33729	33800	1
CP142632.1	33800	33872	0
CP142632.1	33872	33915	1
CP142632.1	33915	33935	2
CP142632.1	33935	33977	1
CP142632.1	33977	33991	0
CP142632.1	33991	34020	1
CP142632.1	34020	34102	2
CP142632.1	34102	34104	1
CP142632.1	34104	34127	2
CP142632.1	34127	34145	3
CP142632.1	34145	34146	2
CP142632.1	34146	34189	3
CP142632.1	34189	34193	2
CP142632.1	34193	34200	1
CP142632.1	34200	34236	2
CP142632.1	34236	34352	1
CP142632.1	34352	34368	0
CP142632.1	34368	34428	1
CP142632.1	34428	34433	0
CP142632.1	34433	34447	1
CP142632.1	34447	34466	2
CP142632.1	34466	34467	1
CP142632.1	34467	34574	2
CP142632.1	34574	34590	3
CP142632.1	34590	34591	2
CP142632.1	34591	34633	3
CP142632.1	34633	34636	2
CP142632.1	34636	34637	1
CP142632.1	34637	34638	2
CP142632.1	34638	34641	3
CP142632.1	34641	34667	2
CP142632.1	34667	34687	1
CP142632.1	34687	34688	0
CP142632.1	34688	34730	1
CP142632.1	34730	34731	0
CP142632.1	34731	34762	1
CP142632.1	34762	34775	2
CP142632.1	34775	34789	1
CP142632.1	34789	34820	2
CP142632.1	34820	34822	0
CP142632.1	34822	34823	1
CP142632.1	34823	34851	2
CP142632.1	34851	34854	3
CP142632.1	34854	34863	2
CP142632.1	34863	34891	3
CP142632.1	34891	34892	1
CP142632.1	34892	34897	3
CP142632.1	34897	34911	2
CP142632.1	34911	34912	1
CP142632.1	34912	34916	2
CP142632.1	34916	34969	3
CP142632.1	34969	34992	2
CP142632.1	34992	35037	3
CP142632.1	35037	35045	4
CP142632.1	35045	35046	3
CP142632.1	35046	35076	5
CP142632.1	35076	35079	4
CP142632.1	35079	35083	3
CP142632.1	35083	35131	5
CP142632.1	35131	35132	3
CP142632.1	35132	35133	4
CP142632.1	35133	35134	5
CP142632.1	35134	35181	4
CP142632.1	35181	35190	5
CP142632.1	35190	35203	4
CP142632.1	35203	35232	3
CP142632.1	35232	35236	2
CP142632.1	35236	35265	1
CP142632.1	35265	35607	0
CP142632.1	35607	35663	1
CP142632.1	35663	36045	0
CP142632.1	36045	36111	1
CP142632.1	36111	36112	2
CP142632.1	36112	36197	1
CP142632.1	36197	36288	0
CP142632.1	36288	36357	1
CP142632.1	36357	36394	2
CP142632.1	36394	36397	3
CP142632.1	36397	36416	2
CP142632.1	36416	36426	3
CP142632.1	36426	36446	2
CP142632.1	36446	36448	1
CP142632.1	36448	36477	2
CP142632.1	36477	36478	1
CP142632.1	36478	36522	0
CP142632.1	36522	36534	1
CP142632.1	36534	36537	0
CP142632.1	36537	36632	1
CP142632.1	36632	36724	0
CP142632.1	36724	36794	1
CP142632.1	36794	37289	0
CP142632.1	37289	37368	1
CP142632.1	37368	37392	2
CP142632.1	37392	37412	1
CP142632.1	37412	37424	2
CP142632.1	37424	37425	1
CP142632.1	37425	37458	2
CP142632.1	37458	37464	1
CP142632.1	37464	37617	0
CP142632.1	37617	37678	2
CP142632.1	37678	37684	1
CP142632.1	37684	37838	0
CP142632.1	37838	37952	1
CP142632.1	37952	37957	0
CP142632.1	37957	37982	1
CP142632.1	37982	38240	0
CP142632.1	38240	38286	1
CP142632.1	38286	38460	0
CP142632.1	38460	38492	1
CP142632.1	38492	38548	2
CP142632.1	38548	38552	1
CP142632.1	38552	38578	2
CP142632.1	38578	38579	1
CP142632.1	38579	38597	2
CP142632.1	38597	38600	1
CP142632.1	38600	38623	2
CP142632.1	38623	38637	1
CP142632.1	38637	38668	2
CP142632.1	38668	38735	1
CP142632.1	38735	38754	2
CP142632.1	38754	38755	1
CP142632.1	38755	38789	2
CP142632.1	38789	38792	1
CP142632.1	38792	38793	2
CP142632.1	38793	38839	3
CP142632.1	38839	38882	4
CP142632.1	38882	38898	3
CP142632.1	38898	38899	2
CP142632.1	38899	38900	1
CP142632.1	38900	38941	2
CP142632.1	38941	38947	1
CP142632.1	38947	38951	0
CP142632.1	38951	38953	1
CP142632.1	38953	38981	2
CP142632.1	38981	38982	1
CP142632.1	38982	39011	2
CP142632.1	39011	39041	3
CP142632.1	39041	39049	2
CP142632.1	39049	39073	3
CP142632.1	39073	39075	2
CP142632.1	39075	39084	3
CP142632.1	39084	39088	2
CP142632.1	39088	39089	1
CP142632.1	39089	39125	2
CP142632.1	39125	39324	1
CP142632.1	39324	39380	0
CP142632.1	39380	39387	1
CP142632.1	39387	39456	2
CP142632.1	39456	39540	1
CP142632.1	39540	39552	0
CP142632.1	39552	39576	1
CP142632.1	39576	39597	2
CP142632.1	39597	39660	1
CP142632.1	39660	39669	2
CP142632.1	39669	39672	1
CP142632.1	39672	39675	2
CP142632.1	39675	39684	3
CP142632.1	39684	39685	2
CP142632.1	39685	39725	3
CP142632.1	39725	39732	2
CP142632.1	39732	39750	1
CP142632.1	39750	39768	2
CP142632.1	39768	39770	1
CP142632.1	39770	39773	2
CP142632.1	39773	39777	1
CP142632.1	39777	39783	2
CP142632.1	39783	39804	1
CP142632.1	39804	39825	2
CP142632.1	39825	39915	1
CP142632.1	39915	40186	0
CP142632.1	40186	40194	1
CP142632.1	40194	40233	3
CP142632.1	40233	40234	0
CP142632.1	40234	40254	3
CP142632.1	40254	40275	2
CP142632.1	40275	40278	3
CP142632.1	40278	40326	4
CP142632.1	40326	40353	3
CP142632.1	40353	40355	2
CP142632.1	40355	40356	1
CP142632.1	40356	40368	2
CP142632.1	40368	40369	1
CP142632.1	40369	40381	2
CP142632.1	40381	40382	1
CP142632.1	40382	40385	0
CP142632.1	40385	40522	1
CP142632.1	40522	40523	0
CP142632.1	40523	40550	1
CP142632.1	40550	40595	2
CP142632.1	40595	40596	1
CP142632.1	40596	40616	2
CP142632.1	40616	40618	1
CP142632.1	40618	40634	2
CP142632.1	40634	40642	1
CP142632.1	40642	40645	2
CP142632.1	40645	40677	3
CP142632.1	40677	40699	4
CP142632.1	40699	40726	3
CP142632.1	40726	40731	2
CP142632.1	40731	40755	1
CP142632.1	40755	40777	2
CP142632.1	40777	40805	3
CP142632.1	40805	40832	2
CP142632.1	40832	40841	1
CP142632.1	40841	40888	2
CP142632.1	40888	40929	1
CP142632.1	40929	40938	0
CP142632.1	40938	40965	2
CP142632.1	40965	41013	3
CP142632.1	41013	41016	2
CP142632.1	41016	41018	1
CP142632.1	41018	41019	0
CP142632.1	41019	41022	1
CP142632.1	41022	41032	2
CP142632.1	41032	41040	3
CP142632.1	41040	41082	2
CP142632.1	41082	41198	1
CP142632.1	41198	41199	0
CP142632.1	41199	41271	1
CP142632.1	41271	41384	0
CP142632.1	41384	41479	1
CP142632.1	41479	41480	0
CP142632.1	41480	41511	1
CP142632.1	41511	41550	2
CP142632.1	41550	41584	1
CP142632.1	41584	41599	0
CP142632.1	41599	41637	1
CP142632.1	41637	41640	0
CP142632.1	41640	41646	1
CP142632.1	41646	41654	2
CP142632.1	41654	41679	3
CP142632.1	41679	41739	4
CP142632.1	41739	41754	3
CP142632.1	41754	41795	2
CP142632.1	41795	41836	1
CP142632.1	41836	41893	0
CP142632.1	41893	42017	1
CP142632.1	42017	42161	0
CP142632.1	42161	42214	1
CP142632.1	42214	42330	0
CP142632.1	42330	42453	1
CP142632.1	42453	42471	0
CP142632.1	42471	42535	1
CP142632.1	42535	42593	2
CP142632.1	42593	42645	3
CP142632.1	42645	42646	2
CP142632.1	42646	42665	1
CP142632.1	42665	42666	0
CP142632.1	42666	42679	1
CP142632.1	42679	42756	2
CP142632.1	42756	42757	1
CP142632.1	42757	42766	2
CP142632.1	42766	42839	1
CP142632.1	42839	42840	0
CP142632.1	42840	42870	1
CP142632.1	42870	42993	0
CP142632.1	42993	43098	1
CP142632.1	43098	43131	2
CP142632.1	43131	43145	3
CP142632.1	43145	43179	2
CP142632.1	43179	43188	1
CP142632.1	43188	43190	2
CP142632.1	43190	43240	3
CP142632.1	43240	43241	2
CP142632.1	43241	43284	3
CP142632.1	43284	43285	2
CP142632.1	43285	43290	3
CP142632.1	43290	43292	2
CP142632.1	43292	43298	3
CP142632.1	43298	43299	2
CP142632.1	43299	43302	3
CP142632.1	43302	43315	2
CP142632.1	43315	43334	3
CP142632.1	43334	43404	2
CP142632.1	43404	43416	3
CP142632.1	43416	43449	2
CP142632.1	43449	43524	1
CP142632.1	43524	43916	0
CP142632.1	43916	43931	1
CP142632.1	43931	43932	0
CP142632.1	43932	43945	1
CP142632.1	43945	43946	0
CP142632.1	43946	44039	1
CP142632.1	44039	44124	2
CP142632.1	44124	44140	1
CP142632.1	44140	44219	2
CP142632.1	44219	44253	1
CP142632.1	44253	44312	2
CP142632.1	44312	44330	1
CP142632.1	44330	44333	0
CP142632.1	44333	44394	1
CP142632.1	44394	44395	0
CP142632.1	44395	44417	1
CP142632.1	44417	44420	0
CP142632.1	44420	44471	1
CP142632.1	44471	44537	0
CP142632.1	44537	44613	1
CP142632.1	44613	44771	0
CP142632.1	44771	44947	1
CP142632.1	44947	44980	2
CP142632.1	44980	44982	1
CP142632.1	44982	44995	2
CP142632.1	44995	45006	3
CP142632.1	45006	45056	2
CP142632.1	45056	45060	0
CP142632.1	45060	45132	1
CP142632.1	45132	45145	2
CP142632.1	45145	45166	1
CP142632.1	45166	45169	0
CP142632.1	45169	45253	1
CP142632.1	45253	45255	0
CP142632.1	45255	45272	1
CP142632.1	45272	45323	2
CP142632.1	45323	45342	1
CP142632.1	45342	45510	0
CP142632.1	45510	45618	1
CP142632.1	45618	45676	0
CP142632.1	45676	45734	1
CP142632.1	45734	45756	2
CP142632.1	45756	45794	3
CP142632.1	45794	45838	2
CP142632.1	45838	45899	1
CP142632.1	45899	46164	0
CP142632.1	46164	46218	1
CP142632.1	46218	46532	0
CP142632.1	46532	46539	1
CP142632.1	46539	46540	2
CP142632.1	46540	46586	3
CP142632.1	46586	46587	2
CP142632.1	46587	46594	3
CP142632.1	46594	46597	2
CP142632.1	46597	46622	3
CP142632.1	46622	46623	2
CP142632.1	46623	46643	1
CP142632.1	46643	46689	2
CP142632.1	46689	46692	1
CP142632.1	46692	46693	0
CP142632.1	46693	46729	1
CP142632.1	46729	46730	0
CP142632.1	46730	46781	1
CP142632.1	46781	46840	2
CP142632.1	46840	46862	3
CP142632.1	46862	46866	2
CP142632.1	46866	46940	1
CP142632.1	46940	47000	0
CP142632.1	47000	47045	1
CP142632.1	47045	47046	0
CP142632.1	47046	47268	1
CP142632.1	47268	47331	2
CP142632.1	47331	47364	1
CP142632.1	47364	47365	0
CP142632.1	47365	47405	1
CP142632.1	47405	47577	0
CP142632.1	47577	47605	1
CP142632.1	47605	47606	0
CP142632.1	47606	47740	1
CP142632.1	47740	47758	0
CP142632.1	47758	47767	1
CP142632.1	47767	47774	2
CP142632.1	47774	47775	1
CP142632.1	47775	47800	2
CP142632.1	47800	47823	3
CP142632.1	47823	47847	4
CP142632.1	47847	47855	3
CP142632.1	47855	47856	2
CP142632.1	47856	47865	3
CP142632.1	47865	47866	2
CP142632.1	47866	47950	1
CP142632.1	47950	48014	0
CP142632.1	48014	48067	1
CP142632.1	48067	48273	0
CP142632.1	48273	48413	1
CP142632.1	48413	48417	0
CP142632.1	48417	48457	1
CP142632.1	48457	48460	0
CP142632.1	48460	48554	1
CP142632.1	48554	48587	0
CP142632.1	48587	48656	1
CP142632.1	48656	48658	2
CP142632.1	48658	48692	3
CP142632.1	48692	48696	2
CP142632.1	48696	48726	3
CP142632.1	48726	48738	2
CP142632.1	48738	48745	1
CP142632.1	48745	48811	2
CP142632.1	48811	48828	1
CP142632.1	48828	48846	0
CP142632.1	48846	48874	1
CP142632.1	48874	48877	0
CP142632.1	48877	48891	1
CP142632.1	48891	48961	2
CP142632.1	48961	48965	3
CP142632.1	48965	48980	2
CP142632.1	48980	48981	1
CP142632.1	48981	49006	2
CP142632.1	49006	49027	1
CP142632.1	49027	49078	0
CP142632.1	49078	49118	1
CP142632.1	49118	49184	2
CP142632.1	49184	49191	1
CP142632.1	49191	49229	0
CP142632.1	49229	49326	1
CP142632.1	49326	49378	0
CP142632.1	49378	49411	1
CP142632.1	49411	49443	2
CP142632.1	49443	49467	1
CP142632.1	49467	49505	2
CP142632.1	49505	49622	1
CP142632.1	49622	49677	0
CP142632.1	49677	49740	1
CP142632.1	49740	49994	0
CP142632.1	49994	50067	1
CP142632.1	50067	50103	0
CP142632.1	50103	50136	1
CP142632.1	50136	50236	2
CP142632.1	50236	50448	1
CP142632.1	50448	50455	2
CP142632.1	50455	50509	1
CP142632.1	50509	50514	2
CP142632.1	50514	50557	1
CP142632.1	50557	50580	0
CP142632.1	50580	50616	1
CP142632.1	50616	50665	2
CP142632.1	50665	50668	1
CP142632.1	50668	50699	2
CP142632.1	50699	50707	1
CP142632.1	50707	51476	0
CP142632.1	51476	51505	1
CP142632.1	51505	51550	2
CP142632.1	51550	51551	1
CP142632.1	51551	51591	2
CP142632.1	51591	51747	1
CP142632.1	51747	51788	2
CP142632.1	51788	51864	1
CP142632.1	51864	51865	0
CP142632.1	51865	51921	1
CP142632.1	51921	51938	2
CP142632.1	51938	51943	1
CP142632.1	51943	51944	2
CP142632.1	51944	52019	3
CP142632.1	52019	52055	2
CP142632.1	52055	52118	1
CP142632.1	52118	52285	0
CP142632.1	52285	52301	1
CP142632.1	52301	52353	2
CP142632.1	52353	52356	1
CP142632.1	52356	52370	2
CP142632.1	52370	52373	1
CP142632.1	52373	52385	2
CP142632.1	52385	52387	1
CP142632.1	52387	52414	2
CP142632.1	52414	52415	1
CP142632.1	52415	52468	2
CP142632.1	52468	52477	3
CP142632.1	52477	52527	2
CP142632.1	52527	52547	1
CP142632.1	52547	52693	0
CP142632.1	52693	52725	1
CP142632.1	52725	52728	0
CP142632.1	52728	52768	1
CP142632.1	52768	52806	0
CP142632.1	52806	52877	1
CP142632.1	52877	52983	2
CP142632.1	52983	53013	1
CP142632.1	53013	53037	0
CP142632.1	53037	53072	1
CP142632.1	53072	53086	2
CP142632.1	53086	53119	1
CP142632.1	53119	53152	2
CP142632.1	53152	53225	3
CP142632.1	53225	53226	2
CP142632.1	53226	53229	3
CP142632.1	53229	53236	2
CP142632.1	53236	53238	1
CP142632.1	53238	53239	2
CP142632.1	53239	53240	1
CP142632.1	53240	53309	2
CP142632.1	53309	53378	3
CP142632.1	53378	53399	2
CP142632.1	53399	53400	3
CP142632.1	53400	53456	2
CP142632.1	53456	53846	0
CP142632.1	53846	53898	1
CP142632.1	53898	53946	0
CP142632.1	53946	54009	1
CP142632.1	54009	54036	2
CP142632.1	54036	54127	1
CP142632.1	54127	54541	0
CP142632.1	54541	54596	1
CP142632.1	54596	54744	0
CP142632.1	54744	54816	1
CP142632.1	54816	54949	0
CP142632.1	54949	55068	1
CP142632.1	55068	55108	2
CP142632.1	55108	55189	1
CP142632.1	55189	55245	2
CP142632.1	55245	55260	1
CP142632.1	55260	55301	2
CP142632.1	55301	55312	1
CP142632.1	55312	55374	0
CP142632.1	55374	55419	1
CP142632.1	55419	55483	0
CP142632.1	55483	55517	1
CP142632.1	55517	55568	0
CP142632.1	55568	55598	1
CP142632.1	55598	55625	2
CP142632.1	55625	55707	1
CP142632.1	55707	55741	0
CP142632.1	55741	55823	1
CP142632.1	55823	55905	2
CP142632.1	55905	55923	1
CP142632.1	55923	55946	0
CP142632.1	55946	55963	1
CP142632.1	55963	56012	2
CP142632.1	56012	56028	1
CP142632.1	56028	56064	0
CP142632.1	56064	56076	1
CP142632.1	56076	56126	2
CP142632.1	56126	56139	1
CP142632.1	56139	56193	0
CP142632.1	56193	56194	1
CP142632.1	56194	56262	2
CP142632.1	56262	56311	3
CP142632.1	56311	56327	2
CP142632.1	56327	56456	1
CP142632.1	56456	56517	2
CP142632.1	56517	56573	1
CP142632.1	56573	56605	0
CP142632.1	56605	56622	1
CP142632.1	56622	56623	0
CP142632.1	56623	56686	1
CP142632.1	56686	56793	2
CP142632.1	56793	56797	1
CP142632.1	56797	57100	0
CP142632.1	57100	57182	1
CP142632.1	57182	57459	0
CP142632.1	57459	57462	1
CP142632.1	57462	57538	2
CP142632.1	57538	57555	3
CP142632.1	57555	57557	2
CP142632.1	57557	57621	1
CP142632.1	57621	57627	2
CP142632.1	57627	57663	1
CP142632.1	57663	57754	0
CP142632.1	57754	57786	1
CP142632.1	57786	57819	2
CP142632.1	57819	57893	1
CP142632.1	57893	57902	2
CP142632.1	57902	57903	1
CP142632.1	57903	57929	2
CP142632.1	57929	57933	1
CP142632.1	57933	57958	2
CP142632.1	57958	57992	1
CP142632.1	57992	58019	2
CP142632.1	58019	58020	1
CP142632.1	58020	58026	2
CP142632.1	58026	58031	1
CP142632.1	58031	58076	2
CP142632.1	58076	58180	1
CP142632.1	58180	58335	0
CP142632.1	58335	58364	1
CP142632.1	58364	58371	0
CP142632.1	58371	58380	1
CP142632.1	58380	58387	0
CP142632.1	58387	58415	1
CP142632.1	58415	58436	2
CP142632.1	58436	58437	0
CP142632.1	58437	58508	2
CP142632.1	58508	58535	1
CP142632.1	58535	58542	0
CP142632.1	58542	58555	1
CP142632.1	58555	58560	0
CP142632.1	58560	58562	1
CP142632.1	58562	58567	0
CP142632.1	58567	58618	1
CP142632.1	58618	58688	0
CP142632.1	58688	58697	1
CP142632.1	58697	58698	0
CP142632.1	58698	58741	1
CP142632.1	58741	58744	0
CP142632.1	58744	58760	1
CP142632.1	58760	58790	2
CP142632.1	58790	58791	1
CP142632.1	58791	58827	2
CP142632.1	58827	58828	1
CP142632.1	58828	58859	2
CP142632.1	58859	58936	1
CP142632.1	58936	59032	0
CP142632.1	59032	59153	1
CP142632.1	59153	59195	0
CP142632.1	59195	59258	1
CP142632.1	59258	59259	0
CP142632.1	59259	59343	1
CP142632.1	59343	59448	0
CP142632.1	59448	59599	1
CP142632.1	59599	59632	0
CP142632.1	59632	59661	1
CP142632.1	59661	59666	0
CP142632.1	59666	59746	1
CP142632.1	59746	59865	0
CP142632.1	59865	59907	1
CP142632.1	59907	59978	0
CP142632.1	59978	60021	1
CP142632.1	60021	60023	0
CP142632.1	60023	60116	1
CP142632.1	60116	60134	2
CP142632.1	60134	60135	1
CP142632.1	60135	60139	2
CP142632.1	60139	60175	1
CP142632.1	60175	60380	0
CP142632.1	60380	60438	1
CP142632.1	60438	60531	2
CP142632.1	60531	60554	3
CP142632.1	60554	60597	2
CP142632.1	60597	60653	1
CP142632.1	60653	60709	0
CP142632.1	60709	60797	1
CP142632.1	60797	60814	0
CP142632.1	60814	60962	1
CP142632.1	60962	61005	2
CP142632.1	61005	61006	1
CP142632.1	61006	61047	2
CP142632.1	61047	61064	3
CP142632.1	61064	61069	2
CP142632.1	61069	61074	1
CP142632.1	61074	61099	2
CP142632.1	61099	61100	1
CP142632.1	61100	61104	2
CP142632.1	61104	61115	3
CP142632.1	61115	61116	2
CP142632.1	61116	61151	3
CP142632.1	61151	61164	2
CP142632.1	61164	61224	1
CP142632.1	61224	61252	2
CP142632.1	61252	61282	1
CP142632.1	61282	61291	2
CP142632.1	61291	61361	1
CP142632.1	61361	61367	0
CP142632.1	61367	61395	1
CP142632.1	61395	61398	2
CP142632.1	61398	61399	1
CP142632.1	61399	61443	2
CP142632.1	61443	61445	3
CP142632.1	61445	61448	2
CP142632.1	61448	61453	3
CP142632.1	61453	61454	2
CP142632.1	61454	61471	3
CP142632.1	61471	61502	2
CP142632.1	61502	61734	1
CP142632.1	61734	62005	0
CP142632.1	62005	62081	1
CP142632.1	62081	62206	0
CP142632.1	62206	62269	1
CP142632.1	62269	62339	0
CP142632.1	62339	62421	1
CP142632.1	62421	62428	0
CP142632.1	62428	62447	1
CP142632.1	62447	62550	2
CP142632.1	62550	62551	3
CP142632.1	62551	62552	4
CP142632.1	62552	62621	3
CP142632.1	62621	62637	2
CP142632.1	62637	62638	1
CP142632.1	62638	62646	2
CP142632.1	62646	62721	1
CP142632.1	62721	62724	0
CP142632.1	62724	62851	1
CP142632.1	62851	63026	0
CP142632.1	63026	63077	1
CP142632.1	63077	63149	0
CP142632.1	63149	63150	1
CP142632.1	63150	63207	2
CP142632.1	63207	63254	1
CP142632.1	63254	63288	0
CP142632.1	63288	63385	1
CP142632.1	63385	63524	0
CP142632.1	63524	63756	1
CP142632.1	63756	63763	0
CP142632.1	63763	63869	1
CP142632.1	63869	63940	2
CP142632.1	63940	64008	1
CP142632.1	64008	64047	0
CP142632.1	64047	64105	1
CP142632.1	64105	64119	0
CP142632.1	64119	64157	1
CP142632.1	64157	64195	0
CP142632.1	64195	64276	1
CP142632.1	64276	64647	0
CP142632.1	64647	64677	1
CP142632.1	64677	64707	2
CP142632.1	64707	64708	1
CP142632.1	64708	64729	3
CP142632.1	64729	64731	2
CP142632.1	64731	64751	3
CP142632.1	64751	64754	2
CP142632.1	64754	64776	3
CP142632.1	64776	64817	2
CP142632.1	64817	64821	3
CP142632.1	64821	64842	2
CP142632.1	64842	64843	0
CP142632.1	64843	64845	1
CP142632.1	64845	64887	2
CP142632.1	64887	64957	1
CP142632.1	64957	65042	2
CP142632.1	65042	65064	3
CP142632.1	65064	65085	4
CP142632.1	65085	65087	3
CP142632.1	65087	65088	2
CP142632.1	65088	65089	3
CP142632.1	65089	65090	4
CP142632.1	65090	65092	3
CP142632.1	65092	65097	4
CP142632.1	65097	65105	3
CP142632.1	65105	65106	1
CP142632.1	65106	65119	2
CP142632.1	65119	65133	1
CP142632.1	65133	65145	0
CP142632.1	65145	65204	1
CP142632.1	65204	65231	0
CP142632.1	65231	65301	1
CP142632.1	65301	65442	0
CP142632.1	65442	65513	1
CP142632.1	65513	65646	0
CP142632.1	65646	65713	1
CP142632.1	65713	65735	0
CP142632.1	65735	65787	1
CP142632.1	65787	65789	0
CP142632.1	65789	65820	1
CP142632.1	65820	65886	0
CP142632.1	65886	65889	1
CP142632.1	65889	65914	2
CP142632.1	65914	65918	1
CP142632.1	65918	65920	2
CP142632.1	65920	65928	1
CP142632.1	65928	66027	2
CP142632.1	66027	66048	1
CP142632.1	66048	66064	0
CP142632.1	66064	66184	1
CP142632.1	66184	66209	2
CP142632.1	66209	66214	3
CP142632.1	66214	66229	2
CP142632.1	66229	66231	3
CP142632.1	66231	66273	4
CP142632.1	66273	66274	3
CP142632.1	66274	66300	4
CP142632.1	66300	66301	3
CP142632.1	66301	66353	2
CP142632.1	66353	66359	1
CP142632.1	66359	66364	2
CP142632.1	66364	66371	3
CP142632.1	66371	66379	4
CP142632.1	66379	66413	3
CP142632.1	66413	66431	4
CP142632.1	66431	66438	3
CP142632.1	66438	66453	2
CP142632.1	66453	66470	1
CP142632.1	66470	66530	0
CP142632.1	66530	66594	1
CP142632.1	66594	66645	2
CP142632.1	66645	66684	1
CP142632.1	66684	66700	2
CP142632.1	66700	66740	3
CP142632.1	66740	66750	2
CP142632.1	66750	66841	1
CP142632.1	66841	66844	0
CP142632.1	66844	66892	1
CP142632.1	66892	66940	0
CP142632.1	66940	66945	1
CP142632.1	66945	67009	2
CP142632.1	67009	67011	1
CP142632.1	67011	67015	2
CP142632.1	67015	67016	1
CP142632.1	67016	67073	2
CP142632.1	67073	67078	3
CP142632.1	67078	67094	4
CP142632.1	67094	67096	5
CP142632.1	67096	67097	4
CP142632.1	67097	67115	5
CP142632.1	67115	67131	4
CP142632.1	67131	67147	3
CP142632.1	67147	67153	4
CP142632.1	67153	67173	5
CP142632.1	67173	67178	4
CP142632.1	67178	67182	5
CP142632.1	67182	67187	4
CP142632.1	67187	67214	3
CP142632.1	67214	67230	4
CP142632.1	67230	67235	3
CP142632.1	67235	67288	2
CP142632.1	67288	67302	1
CP142632.1	67302	67454	0
CP142632.1	67454	67469	1
CP142632.1	67469	67479	2
CP142632.1	67479	67480	1
CP142632.1	67480	67507	2
CP142632.1	67507	67508	1
CP142632.1	67508	67529	2
CP142632.1	67529	67569	1
CP142632.1	67569	67576	0
CP142632.1	67576	67663	1
CP142632.1	67663	67664	0
CP142632.1	67664	67677	1
CP142632.1	67677	67694	0
CP142632.1	67694	67714	1
CP142632.1	67714	67768	2
CP142632.1	67768	67808	1
CP142632.1	67808	67814	0
CP142632.1	67814	67852	1
CP142632.1	67852	67861	2
CP142632.1	67861	67862	1
CP142632.1	67862	67875	2
CP142632.1	67875	67882	3
CP142632.1	67882	67891	4
CP142632.1	67891	67894	3
CP142632.1	67894	67903	4
CP142632.1	67903	67904	3
CP142632.1	67904	67905	4
CP142632.1	67905	67906	3
CP142632.1	67906	67914	4
CP142632.1	67914	67932	3
CP142632.1	67932	67938	2
CP142632.1	67938	67972	3
CP142632.1	67972	67973	2
CP142632.1	67973	67983	1
CP142632.1	67983	68004	2
CP142632.1	68004	68167	1
CP142632.1	68167	68202	2
CP142632.1	68202	68266	1
CP142632.1	68266	68349	0
CP142632.1	68349	68417	1
CP142632.1	68417	68735	0
CP142632.1	68735	68784	1
CP142632.1	68784	68787	2
CP142632.1	68787	68804	3
CP142632.1	68804	68856	2
CP142632.1	68856	68865	3
CP142632.1	68865	68996	2
CP142632.1	68996	69118	1
CP142632.1	69118	69164	2
CP142632.1	69164	69168	1
CP142632.1	69168	69259	2
CP142632.1	69259	69260	0
CP142632.1	69260	69261	1
CP142632.1	69261	69326	2
CP142632.1	69326	69349	1
CP142632.1	69349	69351	0
CP142632.1	69351	69433	1
CP142632.1	69433	69449	2
CP142632.1	69449	69499	3
CP142632.1	69499	69514	2
CP142632.1	69514	69517	1
CP142632.1	69517	69523	2
CP142632.1	69523	69567	1
CP142632.1	69567	69591	2
CP142632.1	69591	69613	1
CP142632.1	69613	69689	2
CP142632.1	69689	69690	1
CP142632.1	69690	69700	2
CP142632.1	69700	69703	1
CP142632.1	69703	69731	2
CP142632.1	69731	69732	3
CP142632.1	69732	69738	2
CP142632.1	69738	69774	3
CP142632.1	69774	69799	4
CP142632.1	69799	69813	3
CP142632.1	69813	69820	2
CP142632.1	69820	69924	1
CP142632.1	69924	69925	0
CP142632.1	69925	69927	1
CP142632.1	69927	69996	2
CP142632.1	69996	70002	1
CP142632.1	70002	70003	0
CP142632.1	70003	70034	1
CP142632.1	70034	70089	2
CP142632.1	70089	70099	1
CP142632.1	70099	70104	0
CP142632.1	70104	70142	1
CP142632.1	70142	70267	0
CP142632.1	70267	70284	1
CP142632.1	70284	70360	2
CP142632.1	70360	70481	1
CP142632.1	70481	70753	0
CP142632.1	70753	70791	1
CP142632.1	70791	70841	2
CP142632.1	70841	70886	1
CP142632.1	70886	70911	2
CP142632.1	70911	70918	1
CP142632.1	70918	70970	2
CP142632.1	70970	71028	1
CP142632.1	71028	71050	2
CP142632.1	71050	71082	1
CP142632.1	71082	71194	0
CP142632.1	71194	71257	1
CP142632.1	71257	71267	2
CP142632.1	71267	71270	1
CP142632.1	71270	71366	2
CP142632.1	71366	71380	1
CP142632.1	71380	71590	0
CP142632.1	71590	71668	1
CP142632.1	71668	71731	2
CP142632.1	71731	71756	1
CP142632.1	71756	71788	2
CP142632.1	71788	71790	1
CP142632.1	71790	71795	2
CP142632.1	71795	71831	1
CP142632.1	71831	71832	0
CP142632.1	71832	71834	1
CP142632.1	71834	71835	0
CP142632.1	71835	71971	1
CP142632.1	71971	71986	2
CP142632.1	71986	71991	1
CP142632.1	71991	72034	2
CP142632.1	72034	72053	1
CP142632.1	72053	72056	0
CP142632.1	72056	72121	1
CP142632.1	72121	72123	0
CP142632.1	72123	72150	1
CP142632.1	72150	72188	2
CP142632.1	72188	72212	3
CP142632.1	72212	72240	2
CP142632.1	72240	72293	1
CP142632.1	72293	72322	2
CP142632.1	72322	72330	1
CP142632.1	72330	72331	0
CP142632.1	72331	72384	1
CP142632.1	72384	72434	2
CP142632.1	72434	72577	1
CP142632.1	72577	72594	2
CP142632.1	72594	72664	3
CP142632.1	72664	72665	0
CP142632.1	72665	72706	2
CP142632.1	72706	72800	1
CP142632.1	72800	72835	0
CP142632.1	72835	72924	1
CP142632.1	72924	72980	2
CP142632.1	72980	73088	1
CP142632.1	73088	73211	0
CP142632.1	73211	73405	1
CP142632.1	73405	73444	2
CP142632.1	73444	73457	1
CP142632.1	73457	73466	0
CP142632.1	73466	73640	1
CP142632.1	73640	73656	2
CP142632.1	73656	73671	1
CP142632.1	73671	73672	0
CP142632.1	73672	73688	1
CP142632.1	73688	73691	0
CP142632.1	73691	73743	1
CP142632.1	73743	73762	0
CP142632.1	73762	73827	1
CP142632.1	73827	73902	0
CP142632.1	73902	73964	1
CP142632.1	73964	73968	0
CP142632.1	73968	73984	1
CP142632.1	73984	74033	2
CP142632.1	74033	74055	3
CP142632.1	74055	74059	4
CP142632.1	74059	74060	3
CP142632.1	74060	74079	4
CP142632.1	74079	74082	3
CP142632.1	74082	74085	4
CP142632.1	74085	74086	3
CP142632.1	74086	74090	4
CP142632.1	74090	74091	3
CP142632.1	74091	74097	4
CP142632.1	74097	74099	3
CP142632.1	74099	74101	4
CP142632.1	74101	74102	3
CP142632.1	74102	74108	4
CP142632.1	74108	74109	3
CP142632.1	74109	74116	4
CP142632.1	74116	74117	3
CP142632.1	74117	74132	2
CP142632.1	74132	74224	1
CP142632.1	74224	74277	2
CP142632.1	74277	74349	1
CP142632.1	74349	74350	0
CP142632.1	74350	74420	1
CP142632.1	74420	74421	2
CP142632.1	74421	74448	3
CP142632.1	74448	74450	2
CP142632.1	74450	74455	3
CP142632.1	74455	74471	2
CP142632.1	74471	74473	0
CP142632.1	74473	74475	1
CP142632.1	74475	74521	2
CP142632.1	74521	74579	3
CP142632.1	74579	74588	2
CP142632.1	74588	74646	3
CP142632.1	74646	74657	4
CP142632.1	74657	74658	3
CP142632.1	74658	74663	4
CP142632.1	74663	74664	3
CP142632.1	74664	74671	4
CP142632.1	74671	74692	3
CP142632.1	74692	74693	4
CP142632.1	74693	74712	3
CP142632.1	74712	74719	2
CP142632.1	74719	74734	3
CP142632.1	74734	74736	2
CP142632.1	74736	74781	3
CP142632.1	74781	74805	2
CP142632.1	74805	74806	1
CP142632.1	74806	74827	2
CP142632.1	74827	74838	1
CP142632.1	74838	75204	0
CP142632.1	75204	75260	1
CP142632.1	75260	76011	0
CP142632.1	76011	76026	1
CP142632.1	76026	76028	0
CP142632.1	76028	76059	1
CP142632.1	76059	76060	0
CP142632.1	76060	76070	1
CP142632.1	76070	76071	0
CP142632.1	76071	76085	1
CP142632.1	76085	76086	0
CP142632.1	76086	76189	1
CP142632.1	76189	76201	2
CP142632.1	76201	76265	1
CP142632.1	76265	76279	0
CP142632.1	76279	76374	1
CP142632.1	76374	76379	2
CP142632.1	76379	76388	3
CP142632.1	76388	76389	2
CP142632.1	76389	76404	3
CP142632.1	76404	76441	4
CP142632.1	76441	76462	3
CP142632.1	76462	76478	2
CP142632.1	76478	76494	1
CP142632.1	76494	76506	2
CP142632.1	76506	76509	1
CP142632.1	76509	76522	2
CP142632.1	76522	76541	1
CP142632.1	76541	76545	2
CP142632.1	76545	76565	3
CP142632.1	76565	76581	2
CP142632.1	76581	76589	3
CP142632.1	76589	76634	2
CP142632.1	76634	76704	1
CP142632.1	76704	76706	0
CP142632.1	76706	76763	1
CP142632.1	76763	76896	0
CP142632.1	76896	77039	1
CP142632.1	77039	77099	0
CP142632.1	77099	77142	1
CP142632.1	77142	77143	2
CP142632.1	77143	77177	3
CP142632.1	77177	77187	4
CP142632.1	77187	77209	3
CP142632.1	77209	77235	2
CP142632.1	77235	77285	1
CP142632.1	77285	77427	0
CP142632.1	77427	77575	1
CP142632.1	77575	77642	0
CP142632.1	77642	77644	1
CP142632.1	77644	77684	2
CP142632.1	77684	77723	1
CP142632.1	77723	77726	0
CP142632.1	77726	77841	1
CP142632.1	77841	77844	0
CP142632.1	77844	77907	1
CP142632.1	77907	78226	0
CP142632.1	78226	78296	1
CP142632.1	78296	78310	0
CP142632.1	78310	78356	1
CP142632.1	78356	78358	0
CP142632.1	78358	78407	1
CP142632.1	78407	78463	0
CP142632.1	78463	78523	1
CP142632.1	78523	78541	2
CP142632.1	78541	78560	3
CP142632.1	78560	78569	2
CP142632.1	78569	78573	3
CP142632.1	78573	78594	4
CP142632.1	78594	78614	3
CP142632.1	78614	78629	2
CP142632.1	78629	78652	1
CP142632.1	78652	78774	0
CP142632.1	78774	78785	1
CP142632.1	78785	78804	2
CP142632.1	78804	78806	1
CP142632.1	78806	78857	2
CP142632.1	78857	78858	0
CP142632.1	78858	78892	1
CP142632.1	78892	78999	2
CP142632.1	78999	79005	1
CP142632.1	79005	79006	0
CP142632.1	79006	79016	1
CP142632.1	79016	79017	2
CP142632.1	79017	79058	1
CP142632.1	79058	79059	0
CP142632.1	79059	79082	1
CP142632.1	79082	79085	0
CP142632.1	79085	79212	1
CP142632.1	79212	79292	0
CP142632.1	79292	79491	1
CP142632.1	79491	79492	0
CP142632.1	79492	79495	1
CP142632.1	79495	79690	0
CP142632.1	79690	79815	1
CP142632.1	79815	79855	0
CP142632.1	79855	79898	1
CP142632.1	79898	79899	0
CP142632.1	79899	79912	1
CP142632.1	79912	79952	2
CP142632.1	79952	79977	1
CP142632.1	79977	79978	0
CP142632.1	79978	79983	1
CP142632.1	79983	80024	2
CP142632.1	80024	80070	3
CP142632.1	80070	80114	1
CP142632.1	80114	80170	0
CP142632.1	80170	80230	1
CP142632.1	80230	80319	0
CP142632.1	80319	80463	1
CP142632.1	80463	80558	0
CP142632.1	80558	80660	1
CP142632.1	80660	80676	2
CP142632.1	80676	80703	3
CP142632.1	80703	80720	2
CP142632.1	80720	80743	3
CP142632.1	80743	80753	2
CP142632.1	80753	80766	1
CP142632.1	80766	80768	0
CP142632.1	80768	80804	1
CP142632.1	80804	80806	0
CP142632.1	80806	80840	1
CP142632.1	80840	80852	0
CP142632.1	80852	80903	1
CP142632.1	80903	80932	2
CP142632.1	80932	80969	1
CP142632.1	80969	81232	0
CP142632.1	81232	81316	1
CP142632.1	81316	81401	0
CP142632.1	81401	81505	1
CP142632.1	81505	81510	0
CP142632.1	81510	81536	1
CP142632.1	81536	81539	0
CP142632.1	81539	81579	1
CP142632.1	81579	81692	0
CP142632.1	81692	81720	1
CP142632.1	81720	81721	0
CP142632.1	81721	81737	1
CP142632.1	81737	81744	0
CP142632.1	81744	81781	1
CP142632.1	81781	81826	2
CP142632.1	81826	81867	3
CP142632.1	81867	81885	2
CP142632.1	81885	81888	1
CP142632.1	81888	81901	2
CP142632.1	81901	81905	1
CP142632.1	81905	81914	2
CP142632.1	81914	81930	3
CP142632.1	81930	81948	2
CP142632.1	81948	81962	3
CP142632.1	81962	81968	2
CP142632.1	81968	81998	1
CP142632.1	81998	82074	0
CP142632.1	82074	82109	1
CP142632.1	82109	82115	0
CP142632.1	82115	82154	1
CP142632.1	82154	82252	0
CP142632.1	82252	82320	1
CP142632.1	82320	82322	0
CP142632.1	82322	82340	1
CP142632.1	82340	82342	0
CP142632.1	82342	82379	1
CP142632.1	82379	82480	2
CP142632.1	82480	82507	1
CP142632.1	82507	82510	0
CP142632.1	82510	82571	1
CP142632.1	82571	82586	0
CP142632.1	82586	82638	1
CP142632.1	82638	82639	0
CP142632.1	82639	82872	1
CP142632.1	82872	82935	0
CP142632.1	82935	82980	1
CP142632.1	82980	82983	0
CP142632.1	82983	83073	1
CP142632.1	83073	83108	0
CP142632.1	83108	83177	1
CP142632.1	83177	83261	0
CP142632.1	83261	83262	1
CP142632.1	83262	83329	2
CP142632.1	83329	83332	1
CP142632.1	83332	83384	2
CP142632.1	83384	83385	1
CP142632.1	83385	83400	0
CP142632.1	83400	83523	1
CP142632.1	83523	83524	0
CP142632.1	83524	83605	1
CP142632.1	83605	83606	2
CP142632.1	83606	83625	1
CP142632.1	83625	83699	2
CP142632.1	83699	83766	1
CP142632.1	83766	83942	0
CP142632.1	83942	84039	1
CP142632.1	84039	84110	0
CP142632.1	84110	84132	1
CP142632.1	84132	84133	0
CP142632.1	84133	84168	1
CP142632.1	84168	84455	0
CP142632.1	84455	84561	1
CP142632.1	84561	84651	0
CP142632.1	84651	84760	1
CP142632.1	84760	84774	0
CP142632.1	84774	84788	1
CP142632.1	84788	84827	2
CP142632.1	84827	84848	3
CP142632.1	84848	84849	2
CP142632.1	84849	84873	3
CP142632.1	84873	84952	2
CP142632.1	84952	85002	1
CP142632.1	85002	85120	0
CP142632.1	85120	85176	1
CP142632.1	85176	85177	2
CP142632.1	85177	85234	1
CP142632.1	85234	85240	0
CP142632.1	85240	85262	1
CP142632.1	85262	85266	0
CP142632.1	85266	85311	1
CP142632.1	85311	85314	0
CP142632.1	85314	85366	1
CP142632.1	85366	85409	0
CP142632.1	85409	85423	1
CP142632.1	85423	85424	0
CP142632.1	85424	85427	1
CP142632.1	85427	85428	0
CP142632.1	85428	85434	1
CP142632.1	85434	85447	2
CP142632.1	85447	85453	0
CP142632.1	85453	85499	2
CP142632.1	85499	85660	1
CP142632.1	85660	85709	0
CP142632.1	85709	85734	1
CP142632.1	85734	85745	2
CP142632.1	85745	85809	3
CP142632.1	85809	85861	2
CP142632.1	85861	85937	1
CP142632.1	85937	85938	0
CP142632.1	85938	85994	1
CP142632.1	85994	86055	0
CP142632.1	86055	86121	1
CP142632.1	86121	86209	0
CP142632.1	86209	86264	1
CP142632.1	86264	86272	0
CP142632.1	86272	86317	1
CP142632.1	86317	86340	0
CP142632.1	86340	86409	1
CP142632.1	86409	86471	0
CP142632.1	86471	86474	1
CP142632.1	86474	86503	2
CP142632.1	86503	86504	0
CP142632.1	86504	86514	2
CP142632.1	86514	86521	1
CP142632.1	86521	86526	2
CP142632.1	86526	86534	1
CP142632.1	86534	86557	2
CP142632.1	86557	86559	1
CP142632.1	86559	86574	2
CP142632.1	86574	86575	1
CP142632.1	86575	86612	2
CP142632.1	86612	86622	1
CP142632.1	86622	86694	0
CP142632.1	86694	86707	1
CP142632.1	86707	86708	0
CP142632.1	86708	86723	1
CP142632.1	86723	86724	2
CP142632.1	86724	86776	3
CP142632.1	86776	86777	0
CP142632.1	86777	86778	1
CP142632.1	86778	86779	2
CP142632.1	86779	86780	3
CP142632.1	86780	86838	4
CP142632.1	86838	86844	3
CP142632.1	86844	86845	2
CP142632.1	86845	86880	3
CP142632.1	86880	86897	2
CP142632.1	86897	86898	1
CP142632.1	86898	86903	2
CP142632.1	86903	86906	1
CP142632.1	86906	86915	2
CP142632.1	86915	86951	1
CP142632.1	86951	86983	0
CP142632.1	86983	87079	1
CP142632.1	87079	87082	2
CP142632.1	87082	87229	1
CP142632.1	87229	87307	2
CP142632.1	87307	87456	1
CP142632.1	87456	88215	0
CP142632.1	88215	88272	1
CP142632.1	88272	88274	0
CP142632.1	88274	88328	1
CP142632.1	88328	88331	2
CP142632.1	88331	88361	1
CP142632.1	88361	88458	2
CP142632.1	88458	88506	1
CP142632.1	88506	88670	0
CP142632.1	88670	88755	1
CP142632.1	88755	88940	0
CP142632.1	88940	88975	1
CP142632.1	88975	88982	0
CP142632.1	88982	88992	1
CP142632.1	88992	89017	2
CP142632.1	89017	89036	3
CP142632.1	89036	89039	2
CP142632.1	89039	89041	1
CP142632.1	89041	89118	2
CP142632.1	89118	89159	3
CP142632.1	89159	89165	2
CP142632.1	89165	89195	3
CP142632.1	89195	89207	2
CP142632.1	89207	89225	1
CP142632.1	89225	89424	0
CP142632.1	89424	89499	1
CP142632.1	89499	89559	2
CP142632.1	89559	89560	1
CP142632.1	89560	89592	0
CP142632.1	89592	89617	1
CP142632.1	89617	89621	0
CP142632.1	89621	89623	1
CP142632.1	89623	89673	2
CP142632.1	89673	89790	1
CP142632.1	89790	89877	0
CP142632.1	89877	89884	1
CP142632.1	89884	89921	2
CP142632.1	89921	89929	3
CP142632.1	89929	89930	2
CP142632.1	89930	89936	3
CP142632.1	89936	89939	2
CP142632.1	89939	89974	3
CP142632.1	89974	90005	2
CP142632.1	90005	90037	1
CP142632.1	90037	90097	2
CP142632.1	90097	90117	1
CP142632.1	90117	90317	0
CP142632.1	90317	90352	1
CP142632.1	90352	90354	2
CP142632.1	90354	90357	1
CP142632.1	90357	90359	2
CP142632.1	90359	90396	3
CP142632.1	90396	90397	2
CP142632.1	90397	90398	1
CP142632.1	90398	90399	2
CP142632.1	90399	90432	3
CP142632.1	90432	90450	2
CP142632.1	90450	90456	1
CP142632.1	90456	90687	0
CP142632.1	90687	90723	1
CP142632.1	90723	90748	2
CP142632.1	90748	90749	1
CP142632.1	90749	90791	2
CP142632.1	90791	90792	1
CP142632.1	90792	90823	2
CP142632.1	90823	90931	1
CP142632.1	90931	90943	0
CP142632.1	90943	90960	1
CP142632.1	90960	90961	0
CP142632.1	90961	90994	1
CP142632.1	90994	91042	0
CP142632.1	91042	91050	1
CP142632.1	91050	91051	0
CP142632.1	91051	91072	1
CP142632.1	91072	91073	0
CP142632.1	91073	91103	1
CP142632.1	91103	91104	0
CP142632.1	91104	91123	1
CP142632.1	91123	91143	0
CP142632.1	91143	91167	1
CP142632.1	91167	91234	2
CP142632.1	91234	91236	1
CP142632.1	91236	91247	0
CP142632.1	91247	91317	1
CP142632.1	91317	91333	0
CP142632.1	91333	91586	1
CP142632.1	91586	91614	2
CP142632.1	91614	91617	0
CP142632.1	91617	91661	2
CP142632.1	91661	91694	1
CP142632.1	91694	91721	2
CP142632.1	91721	91723	1
CP142632.1	91723	91760	2
CP142632.1	91760	91789	3
CP142632.1	91789	91793	4
CP142632.1	91793	91795	3
CP142632.1	91795	91811	4
CP142632.1	91811	91820	3
CP142632.1	91820	91862	2
CP142632.1	91862	91887	1
CP142632.1	91887	91907	2
CP142632.1	91907	91922	1
CP142632.1	91922	91923	2
CP142632.1	91923	91931	3
CP142632.1	91931	91938	4
CP142632.1	91938	91979	5
CP142632.1	91979	91980	4
CP142632.1	91980	91995	3
CP142632.1	91995	92001	4
CP142632.1	92001	92056	3
CP142632.1	92056	92062	2
CP142632.1	92062	92070	3
CP142632.1	92070	92084	2
CP142632.1	92084	92301	1
CP142632.1	92301	92382	0
CP142632.1	92382	92442	1
CP142632.1	92442	92500	0
CP142632.1	92500	92643	1
CP142632.1	92643	92663	0
CP142632.1	92663	92712	1
CP142632.1	92712	92756	2
CP142632.1	92756	92764	1
CP142632.1	92764	92802	2
CP142632.1	92802	92805	1
CP142632.1	92805	92807	2
CP142632.1	92807	92871	1
CP142632.1	92871	92953	0
CP142632.1	92953	93021	1
CP142632.1	93021	93034	2
CP142632.1	93034	93040	3
CP142632.1	93040	93043	2
CP142632.1	93043	93050	3
CP142632.1	93050	93083	4
CP142632.1	93083	93093	3
CP142632.1	93093	93116	2
CP142632.1	93116	93129	1
CP142632.1	93129	93132	0
CP142632.1	93132	93133	1
CP142632.1	93133	93142	2
CP142632.1	93142	93143	1
CP142632.1	93143	93189	2
CP142632.1	93189	93190	1
CP142632.1	93190	93222	2
CP142632.1	93222	93258	3
CP142632.1	93258	93262	2
CP142632.1	93262	93282	3
CP142632.1	93282	93299	2
CP142632.1	93299	93324	1
CP142632.1	93324	93327	0
CP142632.1	93327	93357	1
CP142632.1	93357	93358	0
CP142632.1	93358	93368	1
CP142632.1	93368	93396	2
CP142632.1	93396	93397	1
CP142632.1	93397	93416	2
CP142632.1	93416	93477	1
CP142632.1	93477	93496	2
CP142632.1	93496	93517	3
CP142632.1	93517	93560	2
CP142632.1	93560	93569	3
CP142632.1	93569	93596	2
CP142632.1	93596	93618	3
CP142632.1	93618	93633	2
CP142632.1	93633	93639	3
CP142632.1	93639	93702	4
CP142632.1	93702	93703	2
CP142632.1	93703	93709	4
CP142632.1	93709	93711	3
CP142632.1	93711	93733	4
CP142632.1	93733	93759	3
CP142632.1	93759	93766	2
CP142632.1	93766	93768	3
CP142632.1	93768	93782	4
CP142632.1	93782	93786	3
CP142632.1	93786	93811	2
CP142632.1	93811	93812	1
CP142632.1	93812	93847	2
CP142632.1	93847	93865	1
CP142632.1	93865	93868	0
CP142632.1	93868	93881	1
CP142632.1	93881	93882	0
CP142632.1	93882	93917	1
CP142632.1	93917	94299	0
CP142632.1	94299	94335	1
CP142632.1	94335	94348	2
CP142632.1	94348	94411	3
CP142632.1	94411	94489	2
CP142632.1	94489	94506	3
CP142632.1	94506	94518	2
CP142632.1	94518	94550	1
CP142632.1	94550	94570	2
CP142632.1	94570	94602	1
CP142632.1	94602	94603	0
CP142632.1	94603	94614	1
CP142632.1	94614	94621	0
CP142632.1	94621	94635	1
CP142632.1	94635	94636	0
CP142632.1	94636	94704	1
CP142632.1	94704	94749	2
CP142632.1	94749	94814	1
CP142632.1	94814	95374	0
CP142632.1	95374	95389	1
CP142632.1	95389	95448	2
CP142632.1	95448	95451	1
CP142632.1	95451	95463	2
CP142632.1	95463	95520	1
CP142632.1	95520	95521	0
CP142632.1	95521	95551	1
CP142632.1	95551	95587	0
CP142632.1	95587	95591	1
CP142632.1	95591	95646	2
CP142632.1	95646	95668	1
CP142632.1	95668	95687	2
CP142632.1	95687	95716	3
CP142632.1	95716	95717	2
CP142632.1	95717	95730	3
CP142632.1	95730	95779	2
CP142632.1	95779	95851	1
CP142632.1	95851	95852	0
CP142632.1	95852	95903	1
CP142632.1	95903	96009	0
CP142632.1	96009	96062	1
CP142632.1	96062	96094	2
CP142632.1	96094	96096	1
CP142632.1	96096	96113	2
CP142632.1	96113	96115	1
CP142632.1	96115	96184	2
CP142632.1	96184	96211	1
CP142632.1	96211	96228	2
CP142632.1	96228	96230	1
CP142632.1	96230	96242	2
CP142632.1	96242	96247	1
CP142632.1	96247	96249	2
CP142632.1	96249	96250	1
CP142632.1	96250	96311	2
CP142632.1	96311	96312	0
CP142632.1	96312	96313	1
CP142632.1	96313	96323	2
CP142632.1	96323	96366	1
CP142632.1	96366	96830	0
CP142632.1	96830	96874	1
CP142632.1	96874	96877	0
CP142632.1	96877	96916	1
CP142632.1	96916	96983	0
CP142632.1	96983	97015	1
CP142632.1	97015	97062	2
CP142632.1	97062	97064	1
CP142632.1	97064	97100	0
CP142632.1	97100	97124	1
CP142632.1	97124	97284	2
CP142632.1	97284	97292	1
CP142632.1	97292	97645	0
CP142632.1	97645	97752	1
CP142632.1	97752	97753	0
CP142632.1	97753	97783	1
CP142632.1	97783	98027	0
CP142632.1	98027	98116	1
CP142632.1	98116	98288	0
CP142632.1	98288	98368	1
CP142632.1	98368	98393	2
CP142632.1	98393	98399	1
CP142632.1	98399	98419	2
CP142632.1	98419	98429	3
CP142632.1	98429	98463	2
CP142632.1	98463	98644	1
CP142632.1	98644	98682	0
CP142632.1	98682	98799	1
CP142632.1	98799	98803	2
CP142632.1	98803	98827	1
CP142632.1	98827	98829	0
CP142632.1	98829	98830	1
CP142632.1	98830	98845	3
CP142632.1	98845	98847	4
CP142632.1	98847	98850	2
CP142632.1	98850	98855	4
CP142632.1	98855	98857	3
CP142632.1	98857	98919	4
CP142632.1	98919	98921	3
CP142632.1	98921	98922	4
CP142632.1	98922	98936	3
CP142632.1	98936	98972	2
CP142632.1	98972	98996	1
CP142632.1	98996	98998	0
CP142632.1	98998	99000	1
CP142632.1	99000	99001	0
CP142632.1	99001	99123	1
CP142632.1	99123	99137	0
CP142632.1	99137	99179	1
CP142632.1	99179	99183	0
CP142632.1	99183	99319	1
CP142632.1	99319	99575	0
CP142632.1	99575	99679	1
CP142632.1	99679	100371	0
CP142632.1	100371	100550	1
CP142632.1	100550	100551	0
CP142632.1	100551	100636	1
CP142632.1	100636	100684	2
CP142632.1	100684	100745	1
CP142632.1	100745	100752	0
CP142632.1	100752	100763	1
CP142632.1	100763	100765	0
CP142632.1	100765	100778	1
CP142632.1	100778	100779	0
CP142632.1	100779	100823	1
CP142632.1	100823	100842	2
CP142632.1	100842	100889	1
CP142632.1	100889	100917	2
CP142632.1	100917	100980	3
CP142632.1	100980	101006	2
CP142632.1	101006	101103	1
CP142632.1	101103	101300	0
CP142632.1	101300	101327	1
CP142632.1	101327	101336	0
CP142632.1	101336	101359	1
CP142632.1	101359	101406	0
CP142632.1	101406	101421	1
CP142632.1	101421	101422	0
CP142632.1	101422	101451	1
CP142632.1	101451	101505	2
CP142632.1	101505	101517	3
CP142632.1	101517	101538	4
CP142632.1	101538	101557	3
CP142632.1	101557	101591	2
CP142632.1	101591	101598	3
CP142632.1	101598	101608	2
CP142632.1	101608	101609	3
CP142632.1	101609	101610	2
CP142632.1	101610	101642	3
CP142632.1	101642	101648	2
CP142632.1	101648	101777	1
CP142632.1	101777	101778	0
CP142632.1	101778	101784	1
CP142632.1	101784	101812	2
CP142632.1	101812	101840	1
CP142632.1	101840	101850	0
CP142632.1	101850	101855	1
CP142632.1	101855	101856	0
CP142632.1	101856	101896	1
CP142632.1	101896	101898	0
CP142632.1	101898	101967	1
CP142632.1	101967	101969	0
CP142632.1	101969	102003	1
CP142632.1	102003	102060	2
CP142632.1	102060	102081	1
CP142632.1	102081	102339	0
CP142632.1	102339	102439	1
CP142632.1	102439	102454	2
CP142632.1	102454	102494	1
CP142632.1	102494	102745	0
CP142632.1	102745	102838	1
CP142632.1	102838	102847	0
CP142632.1	102847	102878	1
CP142632.1	102878	102916	0
CP142632.1	102916	103079	1
CP142632.1	103079	103101	2
CP142632.1	103101	103110	1
CP142632.1	103110	103133	2
CP142632.1	103133	103140	1
CP142632.1	103140	103248	0
CP142632.1	103248	103360	1
CP142632.1	103360	103373	2
CP142632.1	103373	103427	3
CP142632.1	103427	103489	2
CP142632.1	103489	103527	1
CP142632.1	103527	103890	0
CP142632.1	103890	104028	1
CP142632.1	104028	104118	0
CP142632.1	104118	104169	1
CP142632.1	104169	104171	0
CP142632.1	104171	104222	1
CP142632.1	104222	104223	0
CP142632.1	104223	104263	1
CP142632.1	104263	104322	2
CP142632.1	104322	104377	1
CP142632.1	104377	104379	2
CP142632.1	104379	104380	1
CP142632.1	104380	104434	2
CP142632.1	104434	104437	1
CP142632.1	104437	104445	2
CP142632.1	104445	104496	1
CP142632.1	104496	104581	0
CP142632.1	104581	104704	1
CP142632.1	104704	104705	2
CP142632.1	104705	104757	3
CP142632.1	104757	104760	2
CP142632.1	104760	104776	1
CP142632.1	104776	104910	0
CP142632.1	104910	104981	1
CP142632.1	104981	105034	2
CP142632.1	105034	105035	1
CP142632.1	105035	105096	2
CP142632.1	105096	105118	1
CP142632.1	105118	105128	2
CP142632.1	105128	105186	1
CP142632.1	105186	105246	2
CP142632.1	105246	105282	1
CP142632.1	105282	105377	0
CP142632.1	105377	105399	1
CP142632.1	105399	105431	2
CP142632.1	105431	105447	3
CP142632.1	105447	105470	4
CP142632.1	105470	105490	5
CP142632.1	105490	105504	6
CP142632.1	105504	105505	3
CP142632.1	105505	105512	6
CP142632.1	105512	105515	5
CP142632.1	105515	105517	4
CP142632.1	105517	105520	5
CP142632.1	105520	105538	4
CP142632.1	105538	105546	3
CP142632.1	105546	105547	2
CP142632.1	105547	105634	1
CP142632.1	105634	105731	0
CP142632.1	105731	105788	1
CP142632.1	105788	105810	2
CP142632.1	105810	105881	1
CP142632.1	105881	106095	0
CP142632.1	106095	106355	1
CP142632.1	106355	106496	0
CP142632.1	106496	106499	1
CP142632.1	106499	106500	0
CP142632.1	106500	106532	1
CP142632.1	106532	106585	2
CP142632.1	106585	106602	1
CP142632.1	106602	106629	0
CP142632.1	106629	106781	1
CP142632.1	106781	106869	0
CP142632.1	106869	106877	1
CP142632.1	106877	106938	2
CP142632.1	106938	106947	1
CP142632.1	106947	107019	2
CP142632.1	107019	107054	1
CP142632.1	107054	107117	0
CP142632.1	107117	107195	1
CP142632.1	107195	107200	2
CP142632.1	107200	107217	1
CP142632.1	107217	107219	0
CP142632.1	107219	107241	1
CP142632.1	107241	107289	2
CP142632.1	107289	107294	3
CP142632.1	107294	107297	2
CP142632.1	107297	107345	1
CP142632.1	107345	107373	0
CP142632.1	107373	107391	1
CP142632.1	107391	107432	2
CP142632.1	107432	107514	1
CP142632.1	107514	107620	0
CP142632.1	107620	107658	1
CP142632.1	107658	107660	0
CP142632.1	107660	107675	1
CP142632.1	107675	107685	2
CP142632.1	107685	107692	3
CP142632.1	107692	107744	2
CP142632.1	107744	107750	1
CP142632.1	107750	107928	0
CP142632.1	107928	107989	1
CP142632.1	107989	107991	0
CP142632.1	107991	108008	1
CP142632.1	108008	108472	0
CP142632.1	108472	108481	1
CP142632.1	108481	108567	2
CP142632.1	108567	108597	1
CP142632.1	108597	108634	2
CP142632.1	108634	108673	3
CP142632.1	108673	108674	2
CP142632.1	108674	108676	3
CP142632.1	108676	108732	2
CP142632.1	108732	108739	1
CP142632.1	108739	108767	0
CP142632.1	108767	108830	1
CP142632.1	108830	108833	0
CP142632.1	108833	108872	1
CP142632.1	108872	108947	2
CP142632.1	108947	108951	1
CP142632.1	108951	108961	2
CP142632.1	108961	109018	1
CP142632.1	109018	109019	0
CP142632.1	109019	109042	1
CP142632.1	109042	109048	0
CP142632.1	109048	109061	1
CP142632.1	109061	109074	2
CP142632.1	109074	109127	3
CP142632.1	109127	109133	2
CP142632.1	109133	109175	3
CP142632.1	109175	109206	2
CP142632.1	109206	109209	1
CP142632.1	109209	109262	0
CP142632.1	109262	109315	1
CP142632.1	109315	109321	2
CP142632.1	109321	109324	1
CP142632.1	109324	109326	2
CP142632.1	109326	109349	3
CP142632.1	109349	109351	2
CP142632.1	109351	109366	1
CP142632.1	109366	109370	2
CP142632.1	109370	109438	3
CP142632.1	109438	109446	2
CP142632.1	109446	109455	1
CP142632.1	109455	109458	2
CP142632.1	109458	109489	1
CP142632.1	109489	109502	0
CP142632.1	109502	109518	1
CP142632.1	109518	109609	2
CP142632.1	109609	109611	1
CP142632.1	109611	109686	2
CP142632.1	109686	109780	1
CP142632.1	109780	109793	2
CP142632.1	109793	109794	1
CP142632.1	109794	109804	2
CP142632.1	109804	109815	3
CP142632.1	109815	109844	4
CP142632.1	109844	109931	3
CP142632.1	109931	109965	2
CP142632.1	109965	109986	1
CP142632.1	109986	110015	2
CP142632.1	110015	110038	1
CP142632.1	110038	110065	2
CP142632.1	110065	110144	1
CP142632.1	110144	110145	0
CP142632.1	110145	110168	1
CP142632.1	110168	110398	0
CP142632.1	110398	110536	1
CP142632.1	110536	110554	0
CP142632.1	110554	110605	1
CP142632.1	110605	110615	2
CP142632.1	110615	110687	1
CP142632.1	110687	110788	0
CP142632.1	110788	110839	1
CP142632.1	110839	110868	0
CP142632.1	110868	110889	1
CP142632.1	110889	110937	2
CP142632.1	110937	110945	1
CP142632.1	110945	110979	0
CP142632.1	110979	110992	1
CP142632.1	110992	110996	0
CP142632.1	110996	111040	1
CP142632.1	111040	111048	0
CP142632.1	111048	111068	1
CP142632.1	111068	111069	0
CP142632.1	111069	111162	1
CP142632.1	111162	111163	0
CP142632.1	111163	111168	1
CP142632.1	111168	111189	2
CP142632.1	111189	111201	1
CP142632.1	111201	111202	0
CP142632.1	111202	111377	1
CP142632.1	111377	111396	0
CP142632.1	111396	111450	1
CP142632.1	111450	111681	0
CP142632.1	111681	111707	1
CP142632.1	111707	111708	0
CP142632.1	111708	111760	1
CP142632.1	111760	111896	0
CP142632.1	111896	112102	1
CP142632.1	112102	112165	0
CP142632.1	112165	112270	1
CP142632.1	112270	112299	0
CP142632.1	112299	112324	1
CP142632.1	112324	112336	3
CP142632.1	112336	112337	2
CP142632.1	112337	112395	3
CP142632.1	112395	112401	2
CP142632.1	112401	112416	3
CP142632.1	112416	112417	2
CP142632.1	112417	112473	3
CP142632.1	112473	112484	4
CP142632.1	112484	112511	3
CP142632.1	112511	112512	2
CP142632.1	112512	112542	3
CP142632.1	112542	112544	2
CP142632.1	112544	112567	1
CP142632.1	112567	112568	2
CP142632.1	112568	112587	3
CP142632.1	112587	112593	0
CP142632.1	112593	112600	3
CP142632.1	112600	112646	4
CP142632.1	112646	112647	3
CP142632.1	112647	112662	4
CP142632.1	112662	112671	3
CP142632.1	112671	112710	2
CP142632.1	112710	112719	1
CP142632.1	112719	112720	0
CP142632.1	112720	112746	2
CP142632.1	112746	112763	3
CP142632.1	112763	112791	2
CP142632.1	112791	112806	1
CP142632.1	112806	112827	2
CP142632.1	112827	112837	3
CP142632.1	112837	112864	2
CP142632.1	112864	112896	1
CP142632.1	112896	112897	0
CP142632.1	112897	112968	1
CP142632.1	112968	112969	0
CP142632.1	112969	112988	1
CP142632.1	112988	113060	2
CP142632.1	113060	113089	1
CP142632.1	113089	113115	0
CP142632.1	113115	113140	1
CP142632.1	113140	113144	0
CP142632.1	113144	113199	1
CP142632.1	113199	113273	2
CP142632.1	113273	113275	3
CP142632.1	113275	113285	2
CP142632.1	113285	113343	1
CP142632.1	113343	113368	0
CP142632.1	113368	113444	1
CP142632.1	113444	113668	0
CP142632.1	113668	113701	1
CP142632.1	113701	113760	2
CP142632.1	113760	113847	1
CP142632.1	113847	113868	0
CP142632.1	113868	113878	1
CP142632.1	113878	113916	2
CP142632.1	113916	113941	3
CP142632.1	113941	113967	2
CP142632.1	113967	113971	1
CP142632.1	113971	113989	3
CP142632.1	113989	114117	2
CP142632.1	114117	114130	1
CP142632.1	114130	114167	2
CP142632.1	114167	114168	1
CP142632.1	114168	114200	2
CP142632.1	114200	114211	3
CP142632.1	114211	114215	2
CP142632.1	114215	114244	3
CP142632.1	114244	114245	2
CP142632.1	114245	114249	0
CP142632.1	114249	114256	3
CP142632.1	114256	114262	4
CP142632.1	114262	114263	3
CP142632.1	114263	114264	4
CP142632.1	114264	114276	3
CP142632.1	114276	114323	4
CP142632.1	114323	114360	3
CP142632.1	114360	114366	2
CP142632.1	114366	114411	1
CP142632.1	114411	114552	0
CP142632.1	114552	114594	1
CP142632.1	114594	114624	2
CP142632.1	114624	114675	1
CP142632.1	114675	114676	2
CP142632.1	114676	114747	3
CP142632.1	114747	114775	2
CP142632.1	114775	114787	1
CP142632.1	114787	114800	0
CP142632.1	114800	114825	1
CP142632.1	114825	114844	2
CP142632.1	114844	114851	3
CP142632.1	114851	114855	4
CP142632.1	114855	114874	3
CP142632.1	114874	114877	2
CP142632.1	114877	114883	3
CP142632.1	114883	114884	2
CP142632.1	114884	114889	3
CP142632.1	114889	114890	2
CP142632.1	114890	114894	3
CP142632.1	114894	114945	2
CP142632.1	114945	114954	1
CP142632.1	114954	114959	2
CP142632.1	114959	115003	1
CP142632.1	115003	115024	0
CP142632.1	115024	115216	1
CP142632.1	115216	115227	0
CP142632.1	115227	115299	1
CP142632.1	115299	115346	0
CP142632.1	115346	115406	1
CP142632.1	115406	115440	2
CP142632.1	115440	115452	3
CP142632.1	115452	115475	2
CP142632.1	115475	115478	1
CP142632.1	115478	115484	2
CP142632.1	115484	115500	3
CP142632.1	115500	115527	1
CP142632.1	115527	115528	0
CP142632.1	115528	115564	1
CP142632.1	115564	115613	2
CP142632.1	115613	115705	1
CP142632.1	115705	115810	0
CP142632.1	115810	115904	1
CP142632.1	115904	116039	0
CP142632.1	116039	116104	1
CP142632.1	116104	116115	0
CP142632.1	116115	116194	1
CP142632.1	116194	116213	2
CP142632.1	116213	116290	3
CP142632.1	116290	116338	2
CP142632.1	116338	116386	3
CP142632.1	116386	116402	2
CP142632.1	116402	116415	1
CP142632.1	116415	116416	0
CP142632.1	116416	116453	1
CP142632.1	116453	116531	0
CP142632.1	116531	116616	1
CP142632.1	116616	116762	0
CP142632.1	116762	116798	1
CP142632.1	116798	116803	0
CP142632.1	116803	116808	1
CP142632.1	116808	116844	2
CP142632.1	116844	116857	3
CP142632.1	116857	116884	2
CP142632.1	116884	116904	3
CP142632.1	116904	116920	2
CP142632.1	116920	116938	1
CP142632.1	116938	116992	2
CP142632.1	116992	117011	3
CP142632.1	117011	117045	4
CP142632.1	117045	117054	3
CP142632.1	117054	117057	2
CP142632.1	117057	117310	1
CP142632.1	117310	117483	0
CP142632.1	117483	117553	1
CP142632.1	117553	117778	0
CP142632.1	117778	117867	1
CP142632.1	117867	117870	2
CP142632.1	117870	117920	1
CP142632.1	117920	117922	0
CP142632.1	117922	117932	1
CP142632.1	117932	117957	2
CP142632.1	117957	117958	1
CP142632.1	117958	117993	2
CP142632.1	117993	118035	1
CP142632.1	118035	118055	2
CP142632.1	118055	118056	1
CP142632.1	118056	118069	2
CP142632.1	118069	118150	1
CP142632.1	118150	118151	0
CP142632.1	118151	118312	1
CP142632.1	118312	118383	0
CP142632.1	118383	118443	1
CP142632.1	118443	118463	2
CP142632.1	118463	118515	1
CP142632.1	118515	118559	2
CP142632.1	118559	118597	3
CP142632.1	118597	118607	2
CP142632.1	118607	118635	1
CP142632.1	118635	118704	0
CP142632.1	118704	118766	1
CP142632.1	118766	118844	2
CP142632.1	118844	118947	1
CP142632.1	118947	119011	0
CP142632.1	119011	119092	1
CP142632.1	119092	119113	2
CP142632.1	119113	119128	3
CP142632.1	119128	119130	2
CP142632.1	119130	119170	3
CP142632.1	119170	119172	2
CP142632.1	119172	119193	3
CP142632.1	119193	119198	2
CP142632.1	119198	119206	3
CP142632.1	119206	119217	4
CP142632.1	119217	119236	3
CP142632.1	119236	119241	2
CP142632.1	119241	119271	3
CP142632.1	119271	119282	2
CP142632.1	119282	119331	3
CP142632.1	119331	119345	4
CP142632.1	119345	119350	3
CP142632.1	119350	119353	4
CP142632.1	119353	119357	3
CP142632.1	119357	119420	2
CP142632.1	119420	119463	3
CP142632.1	119463	119464	2
CP142632.1	119464	119467	1
CP142632.1	119467	119472	2
CP142632.1	119472	119482	1
CP142632.1	119482	119485	0
CP142632.1	119485	119523	1
CP142632.1	119523	119524	0
CP142632.1	119524	119632	1
CP142632.1	119632	119636	0
CP142632.1	119636	119780	1
CP142632.1	119780	119782	0
CP142632.1	119782	119822	1
CP142632.1	119822	119859	2
CP142632.1	119859	119868	1
CP142632.1	119868	119869	0
CP142632.1	119869	119904	1
CP142632.1	119904	120589	0
CP142632.1	120589	120615	1
CP142632.1	120615	120648	2
CP142632.1	120648	120659	1
CP142632.1	120659	120704	2
CP142632.1	120704	120706	1
CP142632.1	120706	120713	2
CP142632.1	120713	120721	0
CP142632.1	120721	120917	1
CP142632.1	120917	120937	2
CP142632.1	120937	121010	1
CP142632.1	121010	121011	0
CP142632.1	121011	121091	1
CP142632.1	121091	121146	0
CP142632.1	121146	121194	1
CP142632.1	121194	121205	2
CP142632.1	121205	121219	3
CP142632.1	121219	121262	2
CP142632.1	121262	121284	1
CP142632.1	121284	121292	0
CP142632.1	121292	121348	1
CP142632.1	121348	121383	0
CP142632.1	121383	121465	1
CP142632.1	121465	121585	0
CP142632.1	121585	121593	1
CP142632.1	121593	121608	2
CP142632.1	121608	121652	3
CP142632.1	121652	121658	2
CP142632.1	121658	121707	1
CP142632.1	121707	121710	2
CP142632.1	121710	121722	1
CP142632.1	121722	121855	2
CP142632.1	121855	121861	1
CP142632.1	121861	121914	0
CP142632.1	121914	122023	1
CP142632.1	122023	122135	0
CP142632.1	122135	122143	1
CP142632.1	122143	122144	0
CP142632.1	122144	122353	1
CP142632.1	122353	122382	2
CP142632.1	122382	122390	1
CP142632.1	122390	122398	2
CP142632.1	122398	122414	3
CP142632.1	122414	122417	2
CP142632.1	122417	122425	3
CP142632.1	122425	122447	2
CP142632.1	122447	122468	1
CP142632.1	122468	122476	0
CP142632.1	122476	122572	1
CP142632.1	122572	122573	0
CP142632.1	122573	122619	1
CP142632.1	122619	122726	0
CP142632.1	122726	122768	1
CP142632.1	122768	122769	0
CP142632.1	122769	122806	1
CP142632.1	122806	122859	2
CP142632.1	122859	122883	1
CP142632.1	122883	122889	0
CP142632.1	122889	122929	1
CP142632.1	122929	122930	0
CP142632.1	122930	123073	1
CP142632.1	123073	123093	0
CP142632.1	123093	123175	1
CP142632.1	123175	123187	2
CP142632.1	123187	123226	1
CP142632.1	123226	123234	0
CP142632.1	123234	123336	1
CP142632.1	123336	123369	2
CP142632.1	123369	123390	1
CP142632.1	123390	123408	2
CP142632.1	123408	123409	1
CP142632.1	123409	123435	2
CP142632.1	123435	123444	1
CP142632.1	123444	123475	2
CP142632.1	123475	123486	3
CP142632.1	123486	123529	2
CP142632.1	123529	123540	1
CP142632.1	123540	123561	2
CP142632.1	123561	123589	1
CP142632.1	123589	123592	0
CP142632.1	123592	123608	1
CP142632.1	123608	123625	2
CP142632.1	123625	123628	1
CP142632.1	123628	123763	2
CP142632.1	123763	123779	1
CP142632.1	123779	124021	0
CP142632.1	124021	124128	1
CP142632.1	124128	124138	0
CP142632.1	124138	124259	1
CP142632.1	124259	124284	2
CP142632.1	124284	124408	1
CP142632.1	124408	124427	0
CP142632.1	124427	124523	1
CP142632.1	124523	124537	2
CP142632.1	124537	124546	1
CP142632.1	124546	124558	2
CP142632.1	124558	124559	3
CP142632.1	124559	124563	2
CP142632.1	124563	124564	3
CP142632.1	124564	124602	4
CP142632.1	124602	124608	3
CP142632.1	124608	124646	2
CP142632.1	124646	124652	1
CP142632.1	124652	124711	2
CP142632.1	124711	124745	3
CP142632.1	124745	124764	2
CP142632.1	124764	124789	1
CP142632.1	124789	124820	2
CP142632.1	124820	124821	1
CP142632.1	124821	124827	2
CP142632.1	124827	124830	1
CP142632.1	124830	124859	2
CP142632.1	124859	124889	1
CP142632.1	124889	124899	0
CP142632.1	124899	124993	1
CP142632.1	124993	125099	0
CP142632.1	125099	125135	1
CP142632.1	125135	125140	2
CP142632.1	125140	125141	1
CP142632.1	125141	125156	2
CP142632.1	125156	125157	1
CP142632.1	125157	125206	2
CP142632.1	125206	125264	1
CP142632.1	125264	125292	2
CP142632.1	125292	125343	1
CP142632.1	125343	125344	0
CP142632.1	125344	125345	1
CP142632.1	125345	125370	2
CP142632.1	125370	125371	1
CP142632.1	125371	125449	2
CP142632.1	125449	125650	1
CP142632.1	125650	125656	2
CP142632.1	125656	125658	1
CP142632.1	125658	125682	2
CP142632.1	125682	125712	3
CP142632.1	125712	125742	2
CP142632.1	125742	125780	3
CP142632.1	125780	125782	2
CP142632.1	125782	125793	1
CP142632.1	125793	125823	0
CP142632.1	125823	125845	1
CP142632.1	125845	125898	2
CP142632.1	125898	125908	1
CP142632.1	125908	125917	2
CP142632.1	125917	125989	1
CP142632.1	125989	126144	0
CP142632.1	126144	126145	1
CP142632.1	126145	126198	2
CP142632.1	126198	126199	1
CP142632.1	126199	126230	2
CP142632.1	126230	126469	1
CP142632.1	126469	126491	2
CP142632.1	126491	126492	1
CP142632.1	126492	126504	2
CP142632.1	126504	126506	3
CP142632.1	126506	126542	2
CP142632.1	126542	126581	1
CP142632.1	126581	126661	0
CP142632.1	126661	126784	1
CP142632.1	126784	126786	0
CP142632.1	126786	126838	1
CP142632.1	126838	127253	0
CP142632.1	127253	127293	1
CP142632.1	127293	127341	2
CP142632.1	127341	127444	1
CP142632.1	127444	127445	0
CP142632.1	127445	127520	1
CP142632.1	127520	127533	2
CP142632.1	127533	127534	1
CP142632.1	127534	127564	2
CP142632.1	127564	127574	3
CP142632.1	127574	127583	2
CP142632.1	127583	127697	1
CP142632.1	127697	127699	0
CP142632.1	127699	127702	1
CP142632.1	127702	127746	2
CP142632.1	127746	127748	1
CP142632.1	127748	127766	2
CP142632.1	127766	127795	1
CP142632.1	127795	127796	2
CP142632.1	127796	127810	1
CP142632.1	127810	127849	2
CP142632.1	127849	127874	3
CP142632.1	127874	127890	2
CP142632.1	127890	128018	1
CP142632.1	128018	128070	0
CP142632.1	128070	128147	1
CP142632.1	128147	128161	2
CP142632.1	128161	128201	3
CP142632.1	128201	128224	2
CP142632.1	128224	128231	1
CP142632.1	128231	128250	2
CP142632.1	128250	128251	1
CP142632.1	128251	128322	2
CP142632.1	128322	128377	1
CP142632.1	128377	128615	0
CP142632.1	128615	128658	1
CP142632.1	128658	128660	0
CP142632.1	128660	128678	1
CP142632.1	128678	128700	0
CP142632.1	128700	128730	1
CP142632.1	128730	128731	0
CP142632.1	128731	128754	1
CP142632.1	128754	128762	2
CP142632.1	128762	128803	1
CP142632.1	128803	128989	0
CP142632.1	128989	129050	1
CP142632.1	129050	129062	0
CP142632.1	129062	129071	1
CP142632.1	129071	129078	2
CP142632.1	129078	129082	0
CP142632.1	129082	129252	2
CP142632.1	129252	129263	1
CP142632.1	129263	129392	0
CP142632.1	129392	129445	1
CP142632.1	129445	129446	0
CP142632.1	129446	129494	1
CP142632.1	129494	129503	2
CP142632.1	129503	129504	1
CP142632.1	129504	129547	2
CP142632.1	129547	129557	1
CP142632.1	129557	129604	0
CP142632.1	129604	129715	1
CP142632.1	129715	129716	0
CP142632.1	129716	129773	1
CP142632.1	129773	129794	0
CP142632.1	129794	129830	1
CP142632.1	129830	129864	2
CP142632.1	129864	129918	3
CP142632.1	129918	129919	2
CP142632.1	129919	129947	3
CP142632.1	129947	129955	2
CP142632.1	129955	129995	1
CP142632.1	129995	129997	0
CP142632.1	129997	130009	1
CP142632.1	130009	130032	0
CP142632.1	130032	130165	1
CP142632.1	130165	130214	0
CP142632.1	130214	130225	1
CP142632.1	130225	130228	0
CP142632.1	130228	130324	1
CP142632.1	130324	130341	2
CP142632.1	130341	130346	3
CP142632.1	130346	130377	2
CP142632.1	130377	130379	1
CP142632.1	130379	130392	2
CP142632.1	130392	130393	3
CP142632.1	130393	130456	2
CP142632.1	130456	130457	1
CP142632.1	130457	130473	2
CP142632.1	130473	130487	1
CP142632.1	130487	130555	2
CP142632.1	130555	130556	1
CP142632.1	130556	130579	2
CP142632.1	130579	130600	1
CP142632.1	130600	130636	2
CP142632.1	130636	130637	3
CP142632.1	130637	130648	4
CP142632.1	130648	130653	5
CP142632.1	130653	130658	6
CP142632.1	130658	130665	5
CP142632.1	130665	130696	4
CP142632.1	130696	130712	3
CP142632.1	130712	130715	2
CP142632.1	130715	130717	3
CP142632.1	130717	130763	4
CP142632.1	130763	130769	3
CP142632.1	130769	130773	2
CP142632.1	130773	130783	1
CP142632.1	130783	130790	0
CP142632.1	130790	130823	1
CP142632.1	130823	130841	0
CP142632.1	130841	130882	1
CP142632.1	130882	130914	2
CP142632.1	130914	130960	1
CP142632.1	130960	130997	0
CP142632.1	130997	131002	1
CP142632.1	131002	131075	2
CP142632.1	131075	131076	1
CP142632.1	131076	131104	2
CP142632.1	131104	131167	1
CP142632.1	131167	131171	2
CP142632.1	131171	131232	1
CP142632.1	131232	131234	0
CP142632.1	131234	131260	1
CP142632.1	131260	131294	2
CP142632.1	131294	131316	1
CP142632.1	131316	131335	2
CP142632.1	131335	131368	3
CP142632.1	131368	131418	2
CP142632.1	131418	131419	1
CP142632.1	131419	131449	2
CP142632.1	131449	131450	1
CP142632.1	131450	131462	2
CP142632.1	131462	131484	1
CP142632.1	131484	131695	0
CP142632.1	131695	131698	1
CP142632.1	131698	131723	2
CP142632.1	131723	131727	1
CP142632.1	131727	131819	2
CP142632.1	131819	131821	1
CP142632.1	131821	131834	0
CP142632.1	131834	131907	1
CP142632.1	131907	132003	2
CP142632.1	132003	132103	1
CP142632.1	132103	132695	0
CP142632.1	132695	132777	1
CP142632.1	132777	132787	0
CP142632.1	132787	132837	1
CP142632.1	132837	132857	2
CP142632.1	132857	132859	0
CP142632.1	132859	132863	1
CP142632.1	132863	132869	2
CP142632.1	132869	132870	1
CP142632.1	132870	132878	2
CP142632.1	132878	132906	3
CP142632.1	132906	132924	2
CP142632.1	132924	132976	3
CP142632.1	132976	132992	2
CP142632.1	132992	133023	3
CP142632.1	133023	133028	4
CP142632.1	133028	133033	3
CP142632.1	133033	133040	4
CP142632.1	133040	133041	3
CP142632.1	133041	133064	4
CP142632.1	133064	133099	3
CP142632.1	133099	133115	2
CP142632.1	133115	133150	1
CP142632.1	133150	133159	2
CP142632.1	133159	133227	1
CP142632.1	133227	133324	2
CP142632.1	133324	133412	1
CP142632.1	133412	133452	2
CP142632.1	133452	133455	1
CP142632.1	133455	133468	2
CP142632.1	133468	133522	1
CP142632.1	133522	133564	0
CP142632.1	133564	133654	1
CP142632.1	133654	133696	2
CP142632.1	133696	133698	1
CP142632.1	133698	133707	2
CP142632.1	133707	133770	3
CP142632.1	133770	133777	2
CP142632.1	133777	133800	1
CP142632.1	133800	133969	0
CP142632.1	133969	134019	1
CP142632.1	134019	134053	0
CP142632.1	134053	134111	1
CP142632.1	134111	134169	0
CP142632.1	134169	134255	1
CP142632.1	134255	134256	0
CP142632.1	134256	134296	1
CP142632.1	134296	134308	2
CP142632.1	134308	134315	3
CP142632.1	134315	134316	2
CP142632.1	134316	134337	3
CP142632.1	134337	134367	4
CP142632.1	134367	134369	3
CP142632.1	134369	134374	2
CP142632.1	134374	134383	3
CP142632.1	134383	134395	4
CP142632.1	134395	134403	3
CP142632.1	134403	134405	2
CP142632.1	134405	134416	3
CP142632.1	134416	134423	2
CP142632.1	134423	134449	3
CP142632.1	134449	134455	2
CP142632.1	134455	134456	1
CP142632.1	134456	134488	2
CP142632.1	134488	134534	1
CP142632.1	134534	134539	0
CP142632.1	134539	134546	1
CP142632.1	134546	134572	2
CP142632.1	134572	134576	1
CP142632.1	134576	134681	2
CP142632.1	134681	134747	1
CP142632.1	134747	134748	0
CP142632.1	134748	134776	1
CP142632.1	134776	134950	0
CP142632.1	134950	135024	1
CP142632.1	135024	135025	0
CP142632.1	135025	135105	1
CP142632.1	135105	135124	0
CP142632.1	135124	135178	1
CP142632.1	135178	135292	0
CP142632.1	135292	135320	1
CP142632.1	135320	135342	2
CP142632.1	135342	135343	1
CP142632.1	135343	135365	2
CP142632.1	135365	135393	3
CP142632.1	135393	135403	2
CP142632.1	135403	135404	1
CP142632.1	135404	135409	2
CP142632.1	135409	135425	1
CP142632.1	135425	135749	0
CP142632.1	135749	135769	1
CP142632.1	135769	135803	2
CP142632.1	135803	135812	0
CP142632.1	135812	135848	2
CP142632.1	135848	135863	1
CP142632.1	135863	135933	0
CP142632.1	135933	135994	1
CP142632.1	135994	136069	0
CP142632.1	136069	136126	1
CP142632.1	136126	136161	2
CP142632.1	136161	136162	0
CP142632.1	136162	136163	1
CP142632.1	136163	136195	2
CP142632.1	136195	136196	1
CP142632.1	136196	136202	2
CP142632.1	136202	136243	1
CP142632.1	136243	136244	2
CP142632.1	136244	136390	1
CP142632.1	136390	136394	0
CP142632.1	136394	136435	2
CP142632.1	136435	136567	1
CP142632.1	136567	136783	0
CP142632.1	136783	136819	1
CP142632.1	136819	136850	2
CP142632.1	136850	136880	1
CP142632.1	136880	137386	0
CP142632.1	137386	137483	1
CP142632.1	137483	137498	0
CP142632.1	137498	137508	1
CP142632.1	137508	137540	2
CP142632.1	137540	137555	3
CP142632.1	137555	137564	2
CP142632.1	137564	137624	1
CP142632.1	137624	137655	0
CP142632.1	137655	137709	1
CP142632.1	137709	137740	0
CP142632.1	137740	137866	1
CP142632.1	137866	137867	0
CP142632.1	137867	138031	1
CP142632.1	138031	138102	2
CP142632.1	138102	138106	1
CP142632.1	138106	138122	2
CP142632.1	138122	138124	1
CP142632.1	138124	138155	2
CP142632.1	138155	138175	3
CP142632.1	138175	138180	2
CP142632.1	138180	138225	1
CP142632.1	138225	138308	0
CP142632.1	138308	138355	1
CP142632.1	138355	138372	2
CP142632.1	138372	138418	1
CP142632.1	138418	138420	2
CP142632.1	138420	138510	3
CP142632.1	138510	138539	2
CP142632.1	138539	138543	1
CP142632.1	138543	138561	2
CP142632.1	138561	138575	3
CP142632.1	138575	138584	2
CP142632.1	138584	138600	1
CP142632.1	138600	138621	2
CP142632.1	138621	138678	1
CP142632.1	138678	138949	0
CP142632.1	138949	139001	1
CP142632.1	139001	139002	0
CP142632.1	139002	139060	1
CP142632.1	139060	139083	0
CP142632.1	139083	139134	1
CP142632.1	139134	139223	0
CP142632.1	139223	139245	1
CP142632.1	139245	139317	2
CP142632.1	139317	139381	1
CP142632.1	139381	139437	0
CP142632.1	139437	139467	1
CP142632.1	139467	139524	2
CP142632.1	139524	139536	1
CP142632.1	139536	140084	0
CP142632.1	140084	140098	1
CP142632.1	140098	140102	0
CP142632.1	140102	140180	1
CP142632.1	140180	140218	2
CP142632.1	140218	140249	1
CP142632.1	140249	140252	0
CP142632.1	140252	140332	1
CP142632.1	140332	140359	2
CP142632.1	140359	140362	1
CP142632.1	140362	140363	2
CP142632.1	140363	140380	3
CP142632.1	140380	140393	2
CP142632.1	140393	140422	3
CP142632.1	140422	140437	4
CP142632.1	140437	140484	3
CP142632.1	140484	140504	2
CP142632.1	140504	140506	1
CP142632.1	140506	140529	2
CP142632.1	140529	140536	3
CP142632.1	140536	140537	2
CP142632.1	140537	140548	3
CP142632.1	140548	140553	4
CP142632.1	140553	140599	3
CP142632.1	140599	140601	2
CP142632.1	140601	140612	1
CP142632.1	140612	140622	3
CP142632.1	140622	140631	2
CP142632.1	140631	140635	1
CP142632.1	140635	140638	2
CP142632.1	140638	140640	1
CP142632.1	140640	140648	2
CP142632.1	140648	140653	1
CP142632.1	140653	140706	2
CP142632.1	140706	140709	1
CP142632.1	140709	140718	0
CP142632.1	140718	140759	1
CP142632.1	140759	140760	0
CP142632.1	140760	140784	1
CP142632.1	140784	140961	0
CP142632.1	140961	140993	1
CP142632.1	140993	140996	0
CP142632.1	140996	141106	1
CP142632.1	141106	141186	2
CP142632.1	141186	141203	1
CP142632.1	141203	141242	0
CP142632.1	141242	141315	1
CP142632.1	141315	141329	0
CP142632.1	141329	141351	1
CP142632.1	141351	141360	2
CP142632.1	141360	141424	3
CP142632.1	141424	141487	2
CP142632.1	141487	141506	1
CP142632.1	141506	141518	2
CP142632.1	141518	141569	3
CP142632.1	141569	141579	1
CP142632.1	141579	141597	2
CP142632.1	141597	141604	1
CP142632.1	141604	141620	0
CP142632.1	141620	141863	1
CP142632.1	141863	141872	0
CP142632.1	141872	141937	1
CP142632.1	141937	141975	0
CP142632.1	141975	141998	1
CP142632.1	141998	142052	2
CP142632.1	142052	142053	1
CP142632.1	142053	142114	2
CP142632.1	142114	142162	3
CP142632.1	142162	142167	2
CP142632.1	142167	142168	1
CP142632.1	142168	142200	2
CP142632.1	142200	142239	1
CP142632.1	142239	142322	0
CP142632.1	142322	142414	1
CP142632.1	142414	142509	0
CP142632.1	142509	142551	1
CP142632.1	142551	142659	0
CP142632.1	142659	142686	1
CP142632.1	142686	142688	0
CP142632.1	142688	142716	1
CP142632.1	142716	142926	0
CP142632.1	142926	142972	1
CP142632.1	142972	143012	2
CP142632.1	143012	143026	1
CP142632.1	143026	143037	0
CP142632.1	143037	143046	1
CP142632.1	143046	143047	0
CP142632.1	143047	143112	1
CP142632.1	143112	143143	0
CP142632.1	143143	143301	1
CP142632.1	143301	143321	0
CP142632.1	143321	143339	1
CP142632.1	143339	143380	2
CP142632.1	143380	143440	1
CP142632.1	143440	143443	2
CP142632.1	143443	143444	1
CP142632.1	143444	143508	2
CP142632.1	143508	143517	1
CP142632.1	143517	143518	0
CP142632.1	143518	143571	1
CP142632.1	143571	143658	0
CP142632.1	143658	143674	1
CP142632.1	143674	143677	0
CP142632.1	143677	143681	1
CP142632.1	143681	143741	2
CP142632.1	143741	143750	1
CP142632.1	143750	143829	0
CP142632.1	143829	143914	1
CP142632.1	143914	143950	0
CP142632.1	143950	144001	1
CP142632.1	144001	144033	0
CP142632.1	144033	144123	1
CP142632.1	144123	144214	2
CP142632.1	144214	144217	1
CP142632.1	144217	144218	0
CP142632.1	144218	144257	1
CP142632.1	144257	144267	2
CP142632.1	144267	144317	1
CP142632.1	144317	144334	2
CP142632.1	144334	144348	1
CP142632.1	144348	144375	2
CP142632.1	144375	144405	3
CP142632.1	144405	144416	4
CP142632.1	144416	144418	3
CP142632.1	144418	144474	2
CP142632.1	144474	144499	1
CP142632.1	144499	144868	0
CP142632.1	144868	144946	1
CP142632.1	144946	144953	2
CP142632.1	144953	145037	1
CP142632.1	145037	145103	2
CP142632.1	145103	145113	1
CP142632.1	145113	145116	0
CP142632.1	145116	145163	1
CP142632.1	145163	145218	2
CP142632.1	145218	145397	1
CP142632.1	145397	145408	2
CP142632.1	145408	145424	1
CP142632.1	145424	145462	2
CP142632.1	145462	145502	1
CP142632.1	145502	145541	0
CP142632.1	145541	145607	1
CP142632.1	145607	145661	2
CP142632.1	145661	145662	1
CP142632.1	145662	145678	2
CP142632.1	145678	145709	1
CP142632.1	145709	145834	2
CP142632.1	145834	145898	1
CP142632.1	145898	145901	0
CP142632.1	145901	145974	1
CP142632.1	145974	146021	2
CP142632.1	146021	146022	1
CP142632.1	146022	146084	3
CP142632.1	146084	146087	2
CP142632.1	146087	146164	1
CP142632.1	146164	146166	0
CP142632.1	146166	146208	1
CP142632.1	146208	146345	0
CP142632.1	146345	146362	1
CP142632.1	146362	146411	2
CP142632.1	146411	146412	1
CP142632.1	146412	146483	2
CP142632.1	146483	146484	1
CP142632.1	146484	146502	2
CP142632.1	146502	146518	1
CP142632.1	146518	146667	0
CP142632.1	146667	146735	1
CP142632.1	146735	146736	0
CP142632.1	146736	146747	1
CP142632.1	146747	146749	0
CP142632.1	146749	146790	1
CP142632.1	146790	146938	0
CP142632.1	146938	147023	1
CP142632.1	147023	147144	2
CP142632.1	147144	147190	1
CP142632.1	147190	147210	2
CP142632.1	147210	147244	1
CP142632.1	147244	147263	2
CP142632.1	147263	147353	1
CP142632.1	147353	147354	0
CP142632.1	147354	147370	1
CP142632.1	147370	147569	0
CP142632.1	147569	147619	1
CP142632.1	147619	147642	2
CP142632.1	147642	147689	1
CP142632.1	147689	147723	2
CP142632.1	147723	147726	1
CP142632.1	147726	147787	2
CP142632.1	147787	147789	1
CP142632.1	147789	147791	0
CP142632.1	147791	147850	1
CP142632.1	147850	147855	0
CP142632.1	147855	147889	1
CP142632.1	147889	148102	0
CP142632.1	148102	148243	1
CP142632.1	148243	148299	2
CP142632.1	148299	148305	1
CP142632.1	148305	148329	0
CP142632.1	148329	148436	1
CP142632.1	148436	148970	0
CP142632.1	148970	148989	1
CP142632.1	148989	148990	0
CP142632.1	148990	149033	1
CP142632.1	149033	149038	0
CP142632.1	149038	149082	1
CP142632.1	149082	149108	2
CP142632.1	149108	149125	3
CP142632.1	149125	149170	2
CP142632.1	149170	149179	1
CP142632.1	149179	149191	2
CP142632.1	149191	149204	3
CP142632.1	149204	149210	2
CP142632.1	149210	149264	3
CP142632.1	149264	149265	0
CP142632.1	149265	149276	3
CP142632.1	149276	149277	1
CP142632.1	149277	149280	0
CP142632.1	149280	149292	2
CP142632.1	149292	149293	1
CP142632.1	149293	149294	2
CP142632.1	149294	149302	1
CP142632.1	149302	149303	0
CP142632.1	149303	149309	1
CP142632.1	149309	149313	2
CP142632.1	149313	149324	1
CP142632.1	149324	149338	2
CP142632.1	149338	149396	1
CP142632.1	149396	149615	0
CP142632.1	149615	149769	1
CP142632.1	149769	149771	0
CP142632.1	149771	149905	1
CP142632.1	149905	149918	0
CP142632.1	149918	149981	1
CP142632.1	149981	150106	0
CP142632.1	150106	150118	1
CP142632.1	150118	150124	0
CP142632.1	150124	150179	1
CP142632.1	150179	150191	0
CP142632.1	150191	150198	1
CP142632.1	150198	150215	2
CP142632.1	150215	150217	1
CP142632.1	150217	150275	2
CP142632.1	150275	150322	1
CP142632.1	150322	150453	0
CP142632.1	150453	150525	1
CP142632.1	150525	150537	0
CP142632.1	150537	150539	1
CP142632.1	150539	150580	2
CP142632.1	150580	150591	1
CP142632.1	150591	150638	2
CP142632.1	150638	150682	1
CP142632.1	150682	150731	2
CP142632.1	150731	150740	1
CP142632.1	150740	150853	0
CP142632.1	150853	150880	1
CP142632.1	150880	150908	2
CP142632.1	150908	150924	1
CP142632.1	150924	150937	2
CP142632.1	150937	150964	3
CP142632.1	150964	150968	2
CP142632.1	150968	150982	1
CP142632.1	150982	151019	2
CP142632.1	151019	151065	1
CP142632.1	151065	151067	0
CP142632.1	151067	151126	1
CP142632.1	151126	151142	0
CP142632.1	151142	151148	1
CP142632.1	151148	151155	0
CP142632.1	151155	151198	1
CP142632.1	151198	151201	2
CP142632.1	151201	151373	1
CP142632.1	151373	151375	2
CP142632.1	151375	151428	3
CP142632.1	151428	151438	4
CP142632.1	151438	151453	3
CP142632.1	151453	151466	2
CP142632.1	151466	151508	1
CP142632.1	151508	151657	0
CP142632.1	151657	151745	1
CP142632.1	151745	151904	0
CP142632.1	151904	152003	1
CP142632.1	152003	152018	2
CP142632.1	152018	152087	1
CP142632.1	152087	152139	2
CP142632.1	152139	152153	1
CP142632.1	152153	152156	0
CP142632.1	152156	152157	1
CP142632.1	152157	152192	2
CP142632.1	152192	152193	1
CP142632.1	152193	152194	0
CP142632.1	152194	152212	1
CP142632.1	152212	152364	0
CP142632.1	152364	152416	1
CP142632.1	152416	152784	0
CP142632.1	152784	152798	1
CP142632.1	152798	152845	2
CP142632.1	152845	152850	1
CP142632.1	152850	152866	2
CP142632.1	152866	152882	1
CP142632.1	152882	152889	2
CP142632.1	152889	152903	3
CP142632.1	152903	152913	4
CP142632.1	152913	152930	3
CP142632.1	152930	152931	1
CP142632.1	152931	152984	3
CP142632.1	152984	153000	2
CP142632.1	153000	153038	1
CP142632.1	153038	153255	0
CP142632.1	153255	153321	1
CP142632.1	153321	153552	0
CP142632.1	153552	153573	1
CP142632.1	153573	153621	2
CP142632.1	153621	153622	1
CP142632.1	153622	153648	2
CP142632.1	153648	153708	1
CP142632.1	153708	153714	2
CP142632.1	153714	153821	3
CP142632.1	153821	153825	2
CP142632.1	153825	153826	1
CP142632.1	153826	153877	2
CP142632.1	153877	153912	1
CP142632.1	153912	153961	0
CP142632.1	153961	153987	1
CP142632.1	153987	154039	2
CP142632.1	154039	154040	1
CP142632.1	154040	154170	2
CP142632.1	154170	154190	1
CP142632.1	154190	154205	2
CP142632.1	154205	154223	3
CP142632.1	154223	154224	2
CP142632.1	154224	154244	3
CP142632.1	154244	154245	2
CP142632.1	154245	154254	3
CP142632.1	154254	154259	1
CP142632.1	154259	154264	3
CP142632.1	154264	154288	2
CP142632.1	154288	154301	1
CP142632.1	154301	154320	2
CP142632.1	154320	154321	1
CP142632.1	154321	154330	2
CP142632.1	154330	154331	1
CP142632.1	154331	154343	2
CP142632.1	154343	154477	1
CP142632.1	154477	154478	2
CP142632.1	154478	154543	3
CP142632.1	154543	154545	2
CP142632.1	154545	154557	3
CP142632.1	154557	154602	4
CP142632.1	154602	154609	3
CP142632.1	154609	154611	2
CP142632.1	154611	154622	3
CP142632.1	154622	154624	2
CP142632.1	154624	154629	3
CP142632.1	154629	154632	2
CP142632.1	154632	154634	1
CP142632.1	154634	154644	2
CP142632.1	154644	154683	1
CP142632.1	154683	154805	0
CP142632.1	154805	154866	1
CP142632.1	154866	154873	2
CP142632.1	154873	154957	1
CP142632.1	154957	155191	0
CP142632.1	155191	155196	1
CP142632.1	155196	155197	0
CP142632.1	155197	155262	1
CP142632.1	155262	155266	2
CP142632.1	155266	155315	1
CP142632.1	155315	155318	0
CP142632.1	155318	155331	1
CP142632.1	155331	155596	0
CP142632.1	155596	155684	1
CP142632.1	155684	155685	0
CP142632.1	155685	155754	1
CP142632.1	155754	155809	2
CP142632.1	155809	155834	1
CP142632.1	155834	155867	0
CP142632.1	155867	155955	1
CP142632.1	155955	156250	0
CP142632.1	156250	156389	1
CP142632.1	156389	156405	2
CP142632.1	156405	156406	1
CP142632.1	156406	156415	2
CP142632.1	156415	156474	1
CP142632.1	156474	156570	2
CP142632.1	156570	156614	1
CP142632.1	156614	156615	0
CP142632.1	156615	156620	1
CP142632.1	156620	156621	0
CP142632.1	156621	156726	1
CP142632.1	156726	157349	0
CP142632.1	157349	157392	1
CP142632.1	157392	157411	2
CP142632.1	157411	157533	1
CP142632.1	157533	157545	0
CP142632.1	157545	157583	1
CP142632.1	157583	157732	2
CP142632.1	157732	157733	1
CP142632.1	157733	158163	0
CP142632.1	158163	158218	1
CP142632.1	158218	158228	0
CP142632.1	158228	158361	1
CP142632.1	158361	158362	0
CP142632.1	158362	158397	1
CP142632.1	158397	158404	0
CP142632.1	158404	158421	1
CP142632.1	158421	158996	0
CP142632.1	158996	159131	1
CP142632.1	159131	159269	0
CP142632.1	159269	159334	1
CP142632.1	159334	159441	0
CP142632.1	159441	159588	1
CP142632.1	159588	159992	0
CP142632.1	159992	160027	1
CP142632.1	160027	160065	2
CP142632.1	160065	160066	1
CP142632.1	160066	160067	2
CP142632.1	160067	160068	1
CP142632.1	160068	160084	2
CP142632.1	160084	160110	1
CP142632.1	160110	160129	2
CP142632.1	160129	160130	1
CP142632.1	160130	160153	2
CP142632.1	160153	160154	1
CP142632.1	160154	160224	2
CP142632.1	160224	160234	1
CP142632.1	160234	160235	0
CP142632.1	160235	160272	1
CP142632.1	160272	160654	0
CP142632.1	160654	160800	1
CP142632.1	160800	161189	0
CP142632.1	161189	161287	1
CP142632.1	161287	161334	0
CP142632.1	161334	161409	1
CP142632.1	161409	161443	2
CP142632.1	161443	161461	3
CP142632.1	161461	161491	2
CP142632.1	161491	161521	1
CP142632.1	161521	161756	0
CP142632.1	161756	161831	1
CP142632.1	161831	161913	0
CP142632.1	161913	161919	1
CP142632.1	161919	162015	2
CP142632.1	162015	162031	1
CP142632.1	162031	162044	2
CP142632.1	162044	162126	1
CP142632.1	162126	162305	2
CP142632.1	162305	162324	1
CP142632.1	162324	162404	0
CP142632.1	162404	162490	1
CP142632.1	162490	162535	0
CP142632.1	162535	162602	1
CP142632.1	162602	162736	0
CP142632.1	162736	162808	1
CP142632.1	162808	162949	0
CP142632.1	162949	162963	1
CP142632.1	162963	162964	0
CP142632.1	162964	162990	1
CP142632.1	162990	163039	2
CP142632.1	163039	163050	3
CP142632.1	163050	163051	2
CP142632.1	163051	163058	3
CP142632.1	163058	163072	2
CP142632.1	163072	163076	3
CP142632.1	163076	163093	2
CP142632.1	163093	163094	1
CP142632.1	163094	163114	2
CP142632.1	163114	163115	3
CP142632.1	163115	163116	2
CP142632.1	163116	163141	3
CP142632.1	163141	163154	2
CP142632.1	163154	163156	1
CP142632.1	163156	163212	2
CP142632.1	163212	163214	1
CP142632.1	163214	163216	0
CP142632.1	163216	163271	1
CP142632.1	163271	163301	0
CP142632.1	163301	163316	1
CP142632.1	163316	163350	2
CP142632.1	163350	163419	1
CP142632.1	163419	163531	0
CP142632.1	163531	163541	1
CP142632.1	163541	163573	2
CP142632.1	163573	163615	3
CP142632.1	163615	163616	1
CP142632.1	163616	163617	3
CP142632.1	163617	163619	4
CP142632.1	163619	163638	3
CP142632.1	163638	163658	2
CP142632.1	163658	163742	1
CP142632.1	163742	163743	0
CP142632.1	163743	163751	1
CP142632.1	163751	163787	2
CP142632.1	163787	163815	3
CP142632.1	163815	163852	2
CP142632.1	163852	163903	1
CP142632.1	163903	163904	0
CP142632.1	163904	164012	1
CP142632.1	164012	164036	2
CP142632.1	164036	164093	1
CP142632.1	164093	164220	0
CP142632.1	164220	164290	1
CP142632.1	164290	164474	0
CP142632.1	164474	164541	1
CP142632.1	164541	164542	2
CP142632.1	164542	164657	1
CP142632.1	164657	164659	0
CP142632.1	164659	164827	1
CP142632.1	164827	164969	0
CP142632.1	164969	165073	1
CP142632.1	165073	165483	0
CP142632.1	165483	165502	1
CP142632.1	165502	165546	2
CP142632.1	165546	165680	1
CP142632.1	165680	165700	2
CP142632.1	165700	165733	3
CP142632.1	165733	165734	2
CP142632.1	165734	165782	3
CP142632.1	165782	165846	2
CP142632.1	165846	165863	3
CP142632.1	165863	165900	2
CP142632.1	165900	165906	1
CP142632.1	165906	165908	2
CP142632.1	165908	165939	1
CP142632.1	165939	165978	2
CP142632.1	165978	165992	1
CP142632.1	165992	166008	2
CP142632.1	166008	166029	3
CP142632.1	166029	166033	2
CP142632.1	166033	166045	3
CP142632.1	166045	166068	2
CP142632.1	166068	166077	1
CP142632.1	166077	166089	0
CP142632.1	166089	166161	1
CP142632.1	166161	166166	0
CP142632.1	166166	166221	1
CP142632.1	166221	166312	0
CP142632.1	166312	166329	1
CP142632.1	166329	166369	2
CP142632.1	166369	166402	3
CP142632.1	166402	166405	2
CP142632.1	166405	166430	3
CP142632.1	166430	166447	1
CP142632.1	166447	166452	2
CP142632.1	166452	166534	1
CP142632.1	166534	166628	2
CP142632.1	166628	166637	1
CP142632.1	166637	166787	0
CP142632.1	166787	166845	1
CP142632.1	166845	166908	0
CP142632.1	166908	166913	1
CP142632.1	166913	166918	2
CP142632.1	166918	166959	3
CP142632.1	166959	166964	2
CP142632.1	166964	166997	3
CP142632.1	166997	167024	2
CP142632.1	167024	167030	1
CP142632.1	167030	167058	2
CP142632.1	167058	167068	1
CP142632.1	167068	167102	2
CP142632.1	167102	167121	1
CP142632.1	167121	167123	0
CP142632.1	167123	167153	1
CP142632.1	167153	167154	0
CP142632.1	167154	167176	1
CP142632.1	167176	167177	0
CP142632.1	167177	167237	1
CP142632.1	167237	167269	2
CP142632.1	167269	167413	1
CP142632.1	167413	167416	2
CP142632.1	167416	167462	1
CP142632.1	167462	167465	0
CP142632.1	167465	167480	1
CP142632.1	167480	167490	0
CP142632.1	167490	167517	1
CP142632.1	167517	167644	0
CP142632.1	167644	167687	1
CP142632.1	167687	167702	2
CP142632.1	167702	167765	1
CP142632.1	167765	167880	0
CP142632.1	167880	167948	1
CP142632.1	167948	167961	2
CP142632.1	167961	167968	1
CP142632.1	167968	168015	3
CP142632.1	168015	168114	2
CP142632.1	168114	168159	1
CP142632.1	168159	168240	0
CP142632.1	168240	168375	1
CP142632.1	168375	168389	2
CP142632.1	168389	168437	3
CP142632.1	168437	168438	2
CP142632.1	168438	168439	3
CP142632.1	168439	168457	4
CP142632.1	168457	168459	3
CP142632.1	168459	168465	4
CP142632.1	168465	168498	3
CP142632.1	168498	168502	2
CP142632.1	168502	168517	1
CP142632.1	168517	168520	2
CP142632.1	168520	168593	1
CP142632.1	168593	168635	0
CP142632.1	168635	168719	1
CP142632.1	168719	168765	0
CP142632.1	168765	168844	1
CP142632.1	168844	168891	2
CP142632.1	168891	168899	1
CP142632.1	168899	169500	0
CP142632.1	169500	169537	1
CP142632.1	169537	169552	2
CP142632.1	169552	169569	1
CP142632.1	169569	169596	2
CP142632.1	169596	169598	1
CP142632.1	169598	169675	2
CP142632.1	169675	169679	1
CP142632.1	169679	169749	0
CP142632.1	169749	169791	1
CP142632.1	169791	169794	0
CP142632.1	169794	169880	1
CP142632.1	169880	169911	0
CP142632.1	169911	170013	1
CP142632.1	170013	170053	2
CP142632.1	170053	170135	1
CP142632.1	170135	170247	2
CP142632.1	170247	170313	1
CP142632.1	170313	170370	2
CP142632.1	170370	170424	1
CP142632.1	170424	170630	0
CP142632.1	170630	170653	1
CP142632.1	170653	170708	2
CP142632.1	170708	170809	1
CP142632.1	170809	170812	0
CP142632.1	170812	170833	1
CP142632.1	170833	170878	2
CP142632.1	170878	170882	1
CP142632.1	170882	170887	2
CP142632.1	170887	170992	1
CP142632.1	170992	171018	2
CP142632.1	171018	171055	1
CP142632.1	171055	171061	2
CP142632.1	171061	171077	1
CP142632.1	171077	171078	0
CP142632.1	171078	171131	1
CP142632.1	171131	171193	2
CP142632.1	171193	171201	1
CP142632.1	171201	171494	0
CP142632.1	171494	171536	1
CP142632.1	171536	171539	0
CP142632.1	171539	171589	1
CP142632.1	171589	171644	2
CP142632.1	171644	171649	1
CP142632.1	171649	171856	0
CP142632.1	171856	171873	1
CP142632.1	171873	171907	2
CP142632.1	171907	171979	3
CP142632.1	171979	171998	4
CP142632.1	171998	172032	3
CP142632.1	172032	172036	2
CP142632.1	172036	172038	3
CP142632.1	172038	172069	2
CP142632.1	172069	172074	1
CP142632.1	172074	172080	2
CP142632.1	172080	172111	1
CP142632.1	172111	172112	0
CP142632.1	172112	172159	1
CP142632.1	172159	172160	0
CP142632.1	172160	172179	1
CP142632.1	172179	172190	2
CP142632.1	172190	172205	3
CP142632.1	172205	172240	2
CP142632.1	172240	172262	1
CP142632.1	172262	172266	2
CP142632.1	172266	172336	1
CP142632.1	172336	172370	2
CP142632.1	172370	172371	1
CP142632.1	172371	172429	2
CP142632.1	172429	172436	1
CP142632.1	172436	172483	2
CP142632.1	172483	172486	1
CP142632.1	172486	172523	2
CP142632.1	172523	172546	1
CP142632.1	172546	172629	0
CP142632.1	172629	172755	1
CP142632.1	172755	172894	0
CP142632.1	172894	172976	1
CP142632.1	172976	172977	0
CP142632.1	172977	172999	1
CP142632.1	172999	173088	0
CP142632.1	173088	173134	1
CP142632.1	173134	173212	2
CP142632.1	173212	173324	1
CP142632.1	173324	173368	0
CP142632.1	173368	173384	1
CP142632.1	173384	173430	2
CP142632.1	173430	173433	1
CP142632.1	173433	173555	2
CP142632.1	173555	173565	1
CP142632.1	173565	174050	0
CP142632.1	174050	174129	1
CP142632.1	174129	174130	0
CP142632.1	174130	174185	1
CP142632.1	174185	174190	2
CP142632.1	174190	174200	3
CP142632.1	174200	174229	4
CP142632.1	174229	174234	3
CP142632.1	174234	174235	2
CP142632.1	174235	174236	3
CP142632.1	174236	174237	2
CP142632.1	174237	174246	3
CP142632.1	174246	174258	4
CP142632.1	174258	174284	3
CP142632.1	174284	174286	2
CP142632.1	174286	174298	3
CP142632.1	174298	174328	2
CP142632.1	174328	174365	1
CP142632.1	174365	174519	0
CP142632.1	174519	174607	1
CP142632.1	174607	174610	0
CP142632.1	174610	174625	1
CP142632.1	174625	174626	0
CP142632.1	174626	174655	1
CP142632.1	174655	174656	0
CP142632.1	174656	174717	1
CP142632.1	174717	174719	0
CP142632.1	174719	174767	1
CP142632.1	174767	174822	2
CP142632.1	174822	174841	1
CP142632.1	174841	174907	2
CP142632.1	174907	175005	1
CP142632.1	175005	175068	2
CP142632.1	175068	175086	3
CP142632.1	175086	175118	2
CP142632.1	175118	175130	3
CP142632.1	175130	175178	2
CP142632.1	175178	175187	1
CP142632.1	175187	175239	2
CP142632.1	175239	175249	1
CP142632.1	175249	175284	2
CP142632.1	175284	175297	3
CP142632.1	175297	175341	2
CP142632.1	175341	175351	1
CP142632.1	175351	175362	2
CP142632.1	175362	175410	1
CP142632.1	175410	175423	0
CP142632.1	175423	175571	1
CP142632.1	175571	175598	2
CP142632.1	175598	175687	1
CP142632.1	175687	175766	2
CP142632.1	175766	175770	1
CP142632.1	175770	176267	0
CP142632.1	176267	176292	1
CP142632.1	176292	176295	0
CP142632.1	176295	176306	1
CP142632.1	176306	176377	2
CP142632.1	176377	176390	1
CP142632.1	176390	176394	0
CP142632.1	176394	176409	1
CP142632.1	176409	176508	0
CP142632.1	176508	176514	1
CP142632.1	176514	176591	2
CP142632.1	176591	176599	1
CP142632.1	176599	176805	0
CP142632.1	176805	176881	1
CP142632.1	176881	177069	0
CP142632.1	177069	177070	1
CP142632.1	177070	177220	2
CP142632.1	177220	177286	1
CP142632.1	177286	177287	2
CP142632.1	177287	177387	1
CP142632.1	177387	177460	0
CP142632.1	177460	177495	1
CP142632.1	177495	177744	0
CP142632.1	177744	177846	1
CP142632.1	177846	177853	0
CP142632.1	177853	177907	1
CP142632.1	177907	177960	2
CP142632.1	177960	177964	3
CP142632.1	177964	177981	2
CP142632.1	177981	178057	3
CP142632.1	178057	178089	2
CP142632.1	178089	178092	1
CP142632.1	178092	178102	2
CP142632.1	178102	178108	1
CP142632.1	178108	178121	2
CP142632.1	178121	178125	0
CP142632.1	178125	178156	2
CP142632.1	178156	178158	1
CP142632.1	178158	178161	0
CP142632.1	178161	178192	1
CP142632.1	178192	178193	0
CP142632.1	178193	178206	1
CP142632.1	178206	178266	2
CP142632.1	178266	178268	3
CP142632.1	178268	178307	2
CP142632.1	178307	178317	1
CP142632.1	178317	178365	2
CP142632.1	178365	178407	1
CP142632.1	178407	178481	2
CP142632.1	178481	178546	1
CP142632.1	178546	178548	0
CP142632.1	178548	178557	1
CP142632.1	178557	178708	0
CP142632.1	178708	178772	1
CP142632.1	178772	178799	0
CP142632.1	178799	178800	1
CP142632.1	178800	178802	2
CP142632.1	178802	178841	3
CP142632.1	178841	178844	2
CP142632.1	178844	178860	3
CP142632.1	178860	178863	2
CP142632.1	178863	178909	1
CP142632.1	178909	178942	2
CP142632.1	178942	178943	1
CP142632.1	178943	178961	2
CP142632.1	178961	178983	1
CP142632.1	178983	178991	0
CP142632.1	178991	179026	1
CP142632.1	179026	179077	2
CP142632.1	179077	179079	1
CP142632.1	179079	179100	2
CP142632.1	179100	179275	1
CP142632.1	179275	179328	0
CP142632.1	179328	179385	1
CP142632.1	179385	179414	2
CP142632.1	179414	179438	3
CP142632.1	179438	179506	1
CP142632.1	179506	179534	0
CP142632.1	179534	179549	1
CP142632.1	179549	179570	2
CP142632.1	179570	179571	1
CP142632.1	179571	179576	2
CP142632.1	179576	179577	3
CP142632.1	179577	179607	2
CP142632.1	179607	179656	1
CP142632.1	179656	179664	0
CP142632.1	179664	179750	1
CP142632.1	179750	179760	2
CP142632.1	179760	179763	1
CP142632.1	179763	179812	2
CP142632.1	179812	179817	1
CP142632.1	179817	180101	0
CP142632.1	180101	180148	1
CP142632.1	180148	180159	2
CP142632.1	180159	180172	1
CP142632.1	180172	180229	2
CP142632.1	180229	180346	1
CP142632.1	180346	180410	0
CP142632.1	180410	180502	1
CP142632.1	180502	180577	2
CP142632.1	180577	180589	3
CP142632.1	180589	180607	2
CP142632.1	180607	180610	3
CP142632.1	180610	180631	4
CP142632.1	180631	180650	5
CP142632.1	180650	180682	4
CP142632.1	180682	180736	3
CP142632.1	180736	180767	2
CP142632.1	180767	180784	1
CP142632.1	180784	180906	0
CP142632.1	180906	180984	1
CP142632.1	180984	180985	0
CP142632.1	180985	181017	1
CP142632.1	181017	181089	2
CP142632.1	181089	181121	1
CP142632.1	181121	181144	2
CP142632.1	181144	181148	1
CP142632.1	181148	181181	2
CP142632.1	181181	181191	3
CP142632.1	181191	181211	2
CP142632.1	181211	181220	3
CP142632.1	181220	181229	4
CP142632.1	181229	181230	3
CP142632.1	181230	181238	4
CP142632.1	181238	181239	3
CP142632.1	181239	181240	2
CP142632.1	181240	181247	3
CP142632.1	181247	181249	2
CP142632.1	181249	181290	3
CP142632.1	181290	181389	2
CP142632.1	181389	181449	1
CP142632.1	181449	181496	0
CP142632.1	181496	181675	1
CP142632.1	181675	181680	0
CP142632.1	181680	181688	1
CP142632.1	181688	181721	2
CP142632.1	181721	181740	3
CP142632.1	181740	181747	2
CP142632.1	181747	181786	1
CP142632.1	181786	181787	0
CP142632.1	181787	181864	1
CP142632.1	181864	181866	0
CP142632.1	181866	182004	1
CP142632.1	182004	182055	0
CP142632.1	182055	182130	1
CP142632.1	182130	182398	0
CP142632.1	182398	182459	1
CP142632.1	182459	182671	0
CP142632.1	182671	182684	1
CP142632.1	182684	182698	2
CP142632.1	182698	182699	1
CP142632.1	182699	182744	2
CP142632.1	182744	182821	1
CP142632.1	182821	182860	0
CP142632.1	182860	182928	1
CP142632.1	182928	183127	0
CP142632.1	183127	183193	1
CP142632.1	183193	183242	2
CP142632.1	183242	183244	3
CP142632.1	183244	183248	2
CP142632.1	183248	183255	3
CP142632.1	183255	183256	2
CP142632.1	183256	183268	3
CP142632.1	183268	183269	1
CP142632.1	183269	183270	2
CP142632.1	183270	183307	3
CP142632.1	183307	183308	2
CP142632.1	183308	183310	3
CP142632.1	183310	183324	2
CP142632.1	183324	183371	1
CP142632.1	183371	183447	0
CP142632.1	183447	183567	1
CP142632.1	183567	183794	0
CP142632.1	183794	183796	1
CP142632.1	183796	183819	2
CP142632.1	183819	183863	3
CP142632.1	183863	183864	2
CP142632.1	183864	183868	3
CP142632.1	183868	183933	4
CP142632.1	183933	183934	3
CP142632.1	183934	183938	2
CP142632.1	183938	183958	1
CP142632.1	183958	183981	0
CP142632.1	183981	184069	1
CP142632.1	184069	184081	0
CP142632.1	184081	184169	1
CP142632.1	184169	184256	0
CP142632.1	184256	184283	1
CP142632.1	184283	184298	2
CP142632.1	184298	184342	3
CP142632.1	184342	184345	2
CP142632.1	184345	184348	1
CP142632.1	184348	184354	3
CP142632.1	184354	184400	2
CP142632.1	184400	184401	1
CP142632.1	184401	184402	0
CP142632.1	184402	184439	1
CP142632.1	184439	184624	0
CP142632.1	184624	184650	1
CP142632.1	184650	184682	2
CP142632.1	184682	184683	1
CP142632.1	184683	184700	2
CP142632.1	184700	184803	1
CP142632.1	184803	184844	2
CP142632.1	184844	184880	1
CP142632.1	184880	184887	0
CP142632.1	184887	184984	1
CP142632.1	184984	184985	0
CP142632.1	184985	185059	1
CP142632.1	185059	185060	0
CP142632.1	185060	185071	1
CP142632.1	185071	185084	2
CP142632.1	185084	185088	1
CP142632.1	185088	185124	2
CP142632.1	185124	185200	1
CP142632.1	185200	185201	0
CP142632.1	185201	185287	1
CP142632.1	185287	185290	0
CP142632.1	185290	185328	2
CP142632.1	185328	185348	1
CP142632.1	185348	185351	0
CP142632.1	185351	185380	1
CP142632.1	185380	185381	0
CP142632.1	185381	185468	1
CP142632.1	185468	185660	0
CP142632.1	185660	185721	1
CP142632.1	185721	186371	0
CP142632.1	186371	186432	1
CP142632.1	186432	186435	2
CP142632.1	186435	186436	1
CP142632.1	186436	186455	2
CP142632.1	186455	186456	1
CP142632.1	186456	186459	0
CP142632.1	186459	186462	2
CP142632.1	186462	186463	1
CP142632.1	186463	186494	2
CP142632.1	186494	186502	3
CP142632.1	186502	186508	4
CP142632.1	186508	186535	3
CP142632.1	186535	186536	2
CP142632.1	186536	186581	3
CP142632.1	186581	186607	2
CP142632.1	186607	186646	1
CP142632.1	186646	186772	2
CP142632.1	186772	186773	3
CP142632.1	186773	186774	2
CP142632.1	186774	186791	3
CP142632.1	186791	186885	2
CP142632.1	186885	186888	1
CP142632.1	186888	186908	2
CP142632.1	186908	186909	1
CP142632.1	186909	186943	2
CP142632.1	186943	186991	1
CP142632.1	186991	187007	0
CP142632.1	187007	187103	1
CP142632.1	187103	187117	2
CP142632.1	187117	187118	1
CP142632.1	187118	187127	2
CP142632.1	187127	187173	3
CP142632.1	187173	187174	2
CP142632.1	187174	187175	3
CP142632.1	187175	187182	2
CP142632.1	187182	187185	1
CP142632.1	187185	187226	2
CP142632.1	187226	187242	3
CP142632.1	187242	187245	2
CP142632.1	187245	187258	3
CP142632.1	187258	187300	2
CP142632.1	187300	187311	1
CP142632.1	187311	187389	0
CP142632.1	187389	187424	1
CP142632.1	187424	187429	2
CP142632.1	187429	187432	1
CP142632.1	187432	187440	2
CP142632.1	187440	187441	1
CP142632.1	187441	187459	2
CP142632.1	187459	187506	3
CP142632.1	187506	187520	2
CP142632.1	187520	187521	0
CP142632.1	187521	187555	2
CP142632.1	187555	187606	1
CP142632.1	187606	187844	0
CP142632.1	187844	187887	1
CP142632.1	187887	187944	2
CP142632.1	187944	187965	3
CP142632.1	187965	187978	2
CP142632.1	187978	188104	1
CP142632.1	188104	188211	0
CP142632.1	188211	188365	1
CP142632.1	188365	188554	0
CP142632.1	188554	188604	1
CP142632.1	188604	188739	0
CP142632.1	188739	188824	1
CP142632.1	188824	188829	0
CP142632.1	188829	188892	1
CP142632.1	188892	188907	2
CP142632.1	188907	188932	1
CP142632.1	188932	188936	2
CP142632.1	188936	188971	3
CP142632.1	188971	188976	2
CP142632.1	188976	188993	3
CP142632.1	188993	189033	2
CP142632.1	189033	189034	1
CP142632.1	189034	189275	0
CP142632.1	189275	189357	1
CP142632.1	189357	189501	0
CP142632.1	189501	189567	1
CP142632.1	189567	190077	0
CP142632.1	190077	190135	1
CP142632.1	190135	190150	2
CP142632.1	190150	190151	1
CP142632.1	190151	190191	2
CP142632.1	190191	190242	1
CP142632.1	190242	190338	2
CP142632.1	190338	190358	1
CP142632.1	190358	190396	0
CP142632.1	190396	190440	1
CP142632.1	190440	190449	2
CP142632.1	190449	190591	1
CP142632.1	190591	190609	2
CP142632.1	190609	190712	1
CP142632.1	190712	190760	0
CP142632.1	190760	190815	1
CP142632.1	190815	190863	0
CP142632.1	190863	190925	1
CP142632.1	190925	191031	0
CP142632.1	191031	191063	1
CP142632.1	191063	191084	2
CP142632.1	191084	191123	1
CP142632.1	191123	191124	2
CP142632.1	191124	191177	1
CP142632.1	191177	191310	0
CP142632.1	191310	191502	1
CP142632.1	191502	191553	0
CP142632.1	191553	191592	1
CP142632.1	191592	191621	2
CP142632.1	191621	191691	1
CP142632.1	191691	191756	0
CP142632.1	191756	191790	1
CP142632.1	191790	191868	2
CP142632.1	191868	191894	1
CP142632.1	191894	191944	2
CP142632.1	191944	192012	1
CP142632.1	192012	192270	0
CP142632.1	192270	192325	1
CP142632.1	192325	192612	0
CP142632.1	192612	192658	1
CP142632.1	192658	192676	2
CP142632.1	192676	192688	3
CP142632.1	192688	192689	2
CP142632.1	192689	192707	3
CP142632.1	192707	192726	2
CP142632.1	192726	192746	1
CP142632.1	192746	192748	0
CP142632.1	192748	192817	1
CP142632.1	192817	192826	2
CP142632.1	192826	192829	1
CP142632.1	192829	192877	2
CP142632.1	192877	192909	1
CP142632.1	192909	192954	2
CP142632.1	192954	192997	1
CP142632.1	192997	193140	2
CP142632.1	193140	193175	1
CP142632.1	193175	193232	0
CP142632.1	193232	193358	1
CP142632.1	193358	193386	0
CP142632.1	193386	193441	2
CP142632.1	193441	193456	1
CP142632.1	193456	193460	2
CP142632.1	193460	193462	3
CP142632.1	193462	193465	2
CP142632.1	193465	193496	3
CP142632.1	193496	193501	4
CP142632.1	193501	193504	3
CP142632.1	193504	193510	4
CP142632.1	193510	193512	3
CP142632.1	193512	193513	4
CP142632.1	193513	193518	5
CP142632.1	193518	193600	4
CP142632.1	193600	193622	3
CP142632.1	193622	193634	2
CP142632.1	193634	193702	1
CP142632.1	193702	193750	0
CP142632.1	193750	193769	1
CP142632.1	193769	193790	2
CP142632.1	193790	193798	3
CP142632.1	193798	193799	2
CP142632.1	193799	193813	3
CP142632.1	193813	193816	4
CP142632.1	193816	193872	3
CP142632.1	193872	193873	2
CP142632.1	193873	193907	1
CP142632.1	193907	193968	2
CP142632.1	193968	194186	1
CP142632.1	194186	194187	0
CP142632.1	194187	194229	1
CP142632.1	194229	194242	2
CP142632.1	194242	194290	1
CP142632.1	194290	194378	0
CP142632.1	194378	194389	1
CP142632.1	194389	194392	0
CP142632.1	194392	194393	1
CP142632.1	194393	194429	2
CP142632.1	194429	194430	1
CP142632.1	194430	194481	2
CP142632.1	194481	194537	1
CP142632.1	194537	194799	0
CP142632.1	194799	194864	1
CP142632.1	194864	194866	2
CP142632.1	194866	195002	1
CP142632.1	195002	195017	0
CP142632.1	195017	195084	1
CP142632.1	195084	195095	0
CP142632.1	195095	195133	1
CP142632.1	195133	195134	0
CP142632.1	195134	195154	1
CP142632.1	195154	195173	0
CP142632.1	195173	195206	1
CP142632.1	195206	195212	2
CP142632.1	195212	195303	1
CP142632.1	195303	195360	0
CP142632.1	195360	195387	1
CP142632.1	195387	195389	0
CP142632.1	195389	195399	1
CP142632.1	195399	195428	2
CP142632.1	195428	195473	3
CP142632.1	195473	195485	4
CP142632.1	195485	195492	5
CP142632.1	195492	195543	4
CP142632.1	195543	195544	2
CP142632.1	195544	195547	1
CP142632.1	195547	195570	4
CP142632.1	195570	195571	3
CP142632.1	195571	195590	2
CP142632.1	195590	195608	1
CP142632.1	195608	195630	2
CP142632.1	195630	195689	1
CP142632.1	195689	195703	2
CP142632.1	195703	195747	3
CP142632.1	195747	195748	2
CP142632.1	195748	195749	1
CP142632.1	195749	195757	3
CP142632.1	195757	195780	2
CP142632.1	195780	195781	1
CP142632.1	195781	195793	0
CP142632.1	195793	195803	1
CP142632.1	195803	195804	0
CP142632.1	195804	195873	1
CP142632.1	195873	195874	0
CP142632.1	195874	195897	1
CP142632.1	195897	195953	2
CP142632.1	195953	195954	1
CP142632.1	195954	195988	2
CP142632.1	195988	195989	1
CP142632.1	195989	195991	0
CP142632.1	195991	196010	1
CP142632.1	196010	196094	0
CP142632.1	196094	196263	1
CP142632.1	196263	196274	0
CP142632.1	196274	196348	1
CP142632.1	196348	196434	0
CP142632.1	196434	196484	1
CP142632.1	196484	196503	2
CP142632.1	196503	196506	1
CP142632.1	196506	196516	2
CP142632.1	196516	196517	0
CP142632.1	196517	196615	2
CP142632.1	196615	196623	1
CP142632.1	196623	196655	2
CP142632.1	196655	196686	1
CP142632.1	196686	196700	2
CP142632.1	196700	196701	1
CP142632.1	196701	196747	2
CP142632.1	196747	196748	1
CP142632.1	196748	196760	2
CP142632.1	196760	196779	1
CP142632.1	196779	196789	0
CP142632.1	196789	196937	1
CP142632.1	196937	196947	2
CP142632.1	196947	196948	1
CP142632.1	196948	196995	2
CP142632.1	196995	197022	1
CP142632.1	197022	197040	2
CP142632.1	197040	197044	1
CP142632.1	197044	197096	2
CP142632.1	197096	197098	1
CP142632.1	197098	197173	2
CP142632.1	197173	197190	1
CP142632.1	197190	197217	2
CP142632.1	197217	197218	1
CP142632.1	197218	197227	2
CP142632.1	197227	197228	1
CP142632.1	197228	197230	0
CP142632.1	197230	197320	1
CP142632.1	197320	197359	2
CP142632.1	197359	197408	3
CP142632.1	197408	197410	2
CP142632.1	197410	197434	1
CP142632.1	197434	197524	0
CP142632.1	197524	197570	1
CP142632.1	197570	197571	0
CP142632.1	197571	197601	1
CP142632.1	197601	197604	2
CP142632.1	197604	197656	1
CP142632.1	197656	197657	0
CP142632.1	197657	197700	1
CP142632.1	197700	197707	2
CP142632.1	197707	197738	3
CP142632.1	197738	197756	2
CP142632.1	197756	197766	3
CP142632.1	197766	197809	2
CP142632.1	197809	197998	1
CP142632.1	197998	198060	0
CP142632.1	198060	198099	1
CP142632.1	198099	198118	2
CP142632.1	198118	198138	3
CP142632.1	198138	198170	4
CP142632.1	198170	198187	3
CP142632.1	198187	198198	2
CP142632.1	198198	198302	1
CP142632.1	198302	198303	0
CP142632.1	198303	198319	1
CP142632.1	198319	198357	0
CP142632.1	198357	198408	1
CP142632.1	198408	198507	0
CP142632.1	198507	198540	1
CP142632.1	198540	198571	2
CP142632.1	198571	198579	1
CP142632.1	198579	198600	2
CP142632.1	198600	198616	1
CP142632.1	198616	198716	0
CP142632.1	198716	198777	1
CP142632.1	198777	198791	2
CP142632.1	198791	198855	1
CP142632.1	198855	198909	0
CP142632.1	198909	199036	1
CP142632.1	199036	199043	2
CP142632.1	199043	199108	1
CP142632.1	199108	199243	0
CP142632.1	199243	199368	1
CP142632.1	199368	199735	0
CP142632.1	199735	199796	1
CP142632.1	199796	199797	2
CP142632.1	199797	199860	3
CP142632.1	199860	199861	1
CP142632.1	199861	199872	2
CP142632.1	199872	199873	0
CP142632.1	199873	199895	3
CP142632.1	199895	199900	2
CP142632.1	199900	199905	1
CP142632.1	199905	199920	2
CP142632.1	199920	199973	1
CP142632.1	199973	199989	2
CP142632.1	199989	199990	1
CP142632.1	199990	200027	2
CP142632.1	200027	200064	1
CP142632.1	200064	200066	2
CP142632.1	200066	200112	1
CP142632.1	200112	200113	0
CP142632.1	200113	200145	1
CP142632.1	200145	200159	0
CP142632.1	200159	200188	1
CP142632.1	200188	200235	2
CP142632.1	200235	200265	1
CP142632.1	200265	200312	2
CP142632.1	200312	200485	1
CP142632.1	200485	200610	0
CP142632.1	200610	200633	1
CP142632.1	200633	200634	0
CP142632.1	200634	200661	1
CP142632.1	200661	200686	2
CP142632.1	200686	200777	1
CP142632.1	200777	200798	0
CP142632.1	200798	200865	1
CP142632.1	200865	201126	0
CP142632.1	201126	201188	1
CP142632.1	201188	201312	0
CP142632.1	201312	201330	1
CP142632.1	201330	201332	0
CP142632.1	201332	201378	1
CP142632.1	201378	201405	2
CP142632.1	201405	201415	1
CP142632.1	201415	201468	2
CP142632.1	201468	201499	1
CP142632.1	201499	201752	0
CP142632.1	201752	201815	1
CP142632.1	201815	201849	0
CP142632.1	201849	201924	1
CP142632.1	201924	201979	0
CP142632.1	201979	202080	1
CP142632.1	202080	202484	0
CP142632.1	202484	202503	1
CP142632.1	202503	202506	0
CP142632.1	202506	202620	1
CP142632.1	202620	202628	0
CP142632.1	202628	202639	1
CP142632.1	202639	202643	2
CP142632.1	202643	202655	1
CP142632.1	202655	202656	2
CP142632.1	202656	202753	3
CP142632.1	202753	202756	2
CP142632.1	202756	202757	1
CP142632.1	202757	202761	2
CP142632.1	202761	202763	1
CP142632.1	202763	202819	2
CP142632.1	202819	202946	1
CP142632.1	202946	203006	0
CP142632.1	203006	203025	1
CP142632.1	203025	203075	2
CP142632.1	203075	203094	1
CP142632.1	203094	203190	0
CP142632.1	203190	203200	1
CP142632.1	203200	203201	0
CP142632.1	203201	203202	1
CP142632.1	203202	203321	2
CP142632.1	203321	203340	1
CP142632.1	203340	203494	0
CP142632.1	203494	203662	1
CP142632.1	203662	203670	2
CP142632.1	203670	203709	1
CP142632.1	203709	203759	2
CP142632.1	203759	203760	1
CP142632.1	203760	203783	2
CP142632.1	203783	203786	1
CP142632.1	203786	203794	2
CP142632.1	203794	203831	1
CP142632.1	203831	203832	0
CP142632.1	203832	204009	1
CP142632.1	204009	204107	0
CP142632.1	204107	204241	1
CP142632.1	204241	204258	2
CP142632.1	204258	204292	1
CP142632.1	204292	204398	2
CP142632.1	204398	204399	1
CP142632.1	204399	204431	2
CP142632.1	204431	204474	1
CP142632.1	204474	204554	2
CP142632.1	204554	204586	1
CP142632.1	204586	204625	0
CP142632.1	204625	204673	1
CP142632.1	204673	204701	0
CP142632.1	204701	204868	1
CP142632.1	204868	204871	2
CP142632.1	204871	204977	1
CP142632.1	204977	205006	2
CP142632.1	205006	205014	3
CP142632.1	205014	205018	4
CP142632.1	205018	205021	3
CP142632.1	205021	205051	4
CP142632.1	205051	205053	3
CP142632.1	205053	205055	2
CP142632.1	205055	205097	1
CP142632.1	205097	205221	0
CP142632.1	205221	205247	1
CP142632.1	205247	205257	2
CP142632.1	205257	205278	3
CP142632.1	205278	205279	2
CP142632.1	205279	205285	3
CP142632.1	205285	205286	2
CP142632.1	205286	205289	3
CP142632.1	205289	205292	2
CP142632.1	205292	205297	3
CP142632.1	205297	205300	2
CP142632.1	205300	205301	1
CP142632.1	205301	205310	2
CP142632.1	205310	205351	1
CP142632.1	205351	205362	0
CP142632.1	205362	205492	1
CP142632.1	205492	205518	2
CP142632.1	205518	205519	1
CP142632.1	205519	205542	2
CP142632.1	205542	205556	3
CP142632.1	205556	205557	2
CP142632.1	205557	205576	3
CP142632.1	205576	205591	2
CP142632.1	205591	205646	3
CP142632.1	205646	205733	2
CP142632.1	205733	205776	1
CP142632.1	205776	205921	0
CP142632.1	205921	205997	1
CP142632.1	205997	206051	0
CP142632.1	206051	206168	1
CP142632.1	206168	206383	0
CP142632.1	206383	206486	1
CP142632.1	206486	206487	0
CP142632.1	206487	206496	1
CP142632.1	206496	206539	2
CP142632.1	206539	206573	3
CP142632.1	206573	206575	2
CP142632.1	206575	206590	1
CP142632.1	206590	206662	2
CP142632.1	206662	206690	1
CP142632.1	206690	206781	2
CP142632.1	206781	206821	1
CP142632.1	206821	206851	0
CP142632.1	206851	206880	1
CP142632.1	206880	206882	0
CP142632.1	206882	206885	1
CP142632.1	206885	206907	2
CP142632.1	206907	206908	1
CP142632.1	206908	206909	2
CP142632.1	206909	206914	3
CP142632.1	206914	206920	2
CP142632.1	206920	206946	3
CP142632.1	206946	206959	2
CP142632.1	206959	206962	1
CP142632.1	206962	207009	2
CP142632.1	207009	207013	1
CP142632.1	207013	207018	2
CP142632.1	207018	207019	3
CP142632.1	207019	207081	4
CP142632.1	207081	207098	3
CP142632.1	207098	207108	2
CP142632.1	207108	207165	1
CP142632.1	207165	207237	0
CP142632.1	207237	207301	1
CP142632.1	207301	207331	0
CP142632.1	207331	207343	1
CP142632.1	207343	207387	2
CP142632.1	207387	207416	1
CP142632.1	207416	207452	2
CP142632.1	207452	207486	1
CP142632.1	207486	207493	2
CP142632.1	207493	207570	3
CP142632.1	207570	207672	2
CP142632.1	207672	207703	1
CP142632.1	207703	207727	2
CP142632.1	207727	207728	1
CP142632.1	207728	207765	2
CP142632.1	207765	207787	1
CP142632.1	207787	207788	0
CP142632.1	207788	207841	1
CP142632.1	207841	207845	0
CP142632.1	207845	207990	1
CP142632.1	207990	208111	0
CP142632.1	208111	208125	1
CP142632.1	208125	208210	2
CP142632.1	208210	208223	3
CP142632.1	208223	208233	2
CP142632.1	208233	208289	3
CP142632.1	208289	208295	2
CP142632.1	208295	208352	1
CP142632.1	208352	208595	0
CP142632.1	208595	208655	1
CP142632.1	208655	208950	0
CP142632.1	208950	209173	1
CP142632.1	209173	209177	2
CP142632.1	209177	209224	1
CP142632.1	209224	209229	2
CP142632.1	209229	209280	1
CP142632.1	209280	209288	0
CP142632.1	209288	209384	1
CP142632.1	209384	209397	2
CP142632.1	209397	209419	1
CP142632.1	209419	209451	2
CP142632.1	209451	209598	1
CP142632.1	209598	209607	2
CP142632.1	209607	209675	1
CP142632.1	209675	209772	0
CP142632.1	209772	209792	1
CP142632.1	209792	209837	2
CP142632.1	209837	209900	1
CP142632.1	209900	209906	0
CP142632.1	209906	209953	1
CP142632.1	209953	209994	0
CP142632.1	209994	210091	1
CP142632.1	210091	210093	0
CP142632.1	210093	210115	1
CP142632.1	210115	210116	0
CP142632.1	210116	210174	1
CP142632.1	210174	210183	2
CP142632.1	210183	210185	1
CP142632.1	210185	210199	2
CP142632.1	210199	210255	1
CP142632.1	210255	210300	0
CP142632.1	210300	210303	1
CP142632.1	210303	210304	0
CP142632.1	210304	210349	1
CP142632.1	210349	210457	2
CP142632.1	210457	210459	0
CP142632.1	210459	210460	1
CP142632.1	210460	210474	2
CP142632.1	210474	210493	1
CP142632.1	210493	210518	2
CP142632.1	210518	210600	1
CP142632.1	210600	210788	0
CP142632.1	210788	210809	1
CP142632.1	210809	210834	2
CP142632.1	210834	210837	1
CP142632.1	210837	210864	2
CP142632.1	210864	210965	1
CP142632.1	210965	211062	0
CP142632.1	211062	211099	1
CP142632.1	211099	211101	0
CP142632.1	211101	211146	1
CP142632.1	211146	211147	0
CP142632.1	211147	211177	1
CP142632.1	211177	211182	2
CP142632.1	211182	211256	1
CP142632.1	211256	211282	0
CP142632.1	211282	211341	1
CP142632.1	211341	211394	0
CP142632.1	211394	211445	1
CP142632.1	211445	211484	2
CP142632.1	211484	211486	1
CP142632.1	211486	211493	2
CP142632.1	211493	211494	3
CP142632.1	211494	211567	4
CP142632.1	211567	211610	3
CP142632.1	211610	211623	2
CP142632.1	211623	211642	1
CP142632.1	211642	211652	2
CP142632.1	211652	211678	1
CP142632.1	211678	211679	0
CP142632.1	211679	211702	1
CP142632.1	211702	211748	2
CP142632.1	211748	211758	3
CP142632.1	211758	211759	2
CP142632.1	211759	211772	3
CP142632.1	211772	211791	4
CP142632.1	211791	211804	3
CP142632.1	211804	211838	2
CP142632.1	211838	211839	1
CP142632.1	211839	211840	2
CP142632.1	211840	211865	3
CP142632.1	211865	211903	2
CP142632.1	211903	211922	1
CP142632.1	211922	211947	0
CP142632.1	211947	212130	1
CP142632.1	212130	212174	0
CP142632.1	212174	212175	1
CP142632.1	212175	212198	2
CP142632.1	212198	212253	3
CP142632.1	212253	212254	2
CP142632.1	212254	212271	3
CP142632.1	212271	212272	1
CP142632.1	212272	212302	3
CP142632.1	212302	212350	2
CP142632.1	212350	212375	1
CP142632.1	212375	212402	0
CP142632.1	212402	212442	1
CP142632.1	212442	212454	2
CP142632.1	212454	212463	1
CP142632.1	212463	212527	2
CP142632.1	212527	212542	1
CP142632.1	212542	212555	0
CP142632.1	212555	212573	1
CP142632.1	212573	212574	0
CP142632.1	212574	212665	1
CP142632.1	212665	212765	0
CP142632.1	212765	212826	1
CP142632.1	212826	212829	0
CP142632.1	212829	212858	1
CP142632.1	212858	213117	0
CP142632.1	213117	213170	1
CP142632.1	213170	213178	2
CP142632.1	213178	213182	1
CP142632.1	213182	213216	2
CP142632.1	213216	213218	1
CP142632.1	213218	213237	2
CP142632.1	213237	213348	1
CP142632.1	213348	213446	0
CP142632.1	213446	213514	1
CP142632.1	213514	213529	2
CP142632.1	213529	213530	1
CP142632.1	213530	213547	2
CP142632.1	213547	213553	1
CP142632.1	213553	213590	2
CP142632.1	213590	213591	1
CP142632.1	213591	213625	2
CP142632.1	213625	213765	1
CP142632.1	213765	213766	0
CP142632.1	213766	213786	1
CP142632.1	213786	213804	0
CP142632.1	213804	213932	1
CP142632.1	213932	213936	2
CP142632.1	213936	213955	3
CP142632.1	213955	213979	2
CP142632.1	213979	213991	3
CP142632.1	213991	214040	4
CP142632.1	214040	214050	3
CP142632.1	214050	214158	2
CP142632.1	214158	214258	1
CP142632.1	214258	214260	0
CP142632.1	214260	214267	1
CP142632.1	214267	214387	0
CP142632.1	214387	214462	1
CP142632.1	214462	214978	0
CP142632.1	214978	215009	1
CP142632.1	215009	215043	2
CP142632.1	215043	215121	1
CP142632.1	215121	215126	0
CP142632.1	215126	215194	1
CP142632.1	215194	215339	2
CP142632.1	215339	215360	4
CP142632.1	215360	215361	3
CP142632.1	215361	215370	4
CP142632.1	215370	215406	3
CP142632.1	215406	215409	2
CP142632.1	215409	215514	3
CP142632.1	215514	215522	2
CP142632.1	215522	215566	1
CP142632.1	215566	215633	0
CP142632.1	215633	215676	1
CP142632.1	215676	215717	0
CP142632.1	215717	215752	1
CP142632.1	215752	215767	2
CP142632.1	215767	215817	3
CP142632.1	215817	215819	2
CP142632.1	215819	215822	1
CP142632.1	215822	215841	2
CP142632.1	215841	215932	1
CP142632.1	215932	215980	0
CP142632.1	215980	216001	1
CP142632.1	216001	216002	0
CP142632.1	216002	216032	1
CP142632.1	216032	216063	2
CP142632.1	216063	216097	1
CP142632.1	216097	216104	2
CP142632.1	216104	216227	1
CP142632.1	216227	216262	2
CP142632.1	216262	216274	3
CP142632.1	216274	216344	2
CP142632.1	216344	216374	1
CP142632.1	216374	216729	0
CP142632.1	216729	216765	1
CP142632.1	216765	216768	0
CP142632.1	216768	216803	1
CP142632.1	216803	216850	0
CP142632.1	216850	216892	1
CP142632.1	216892	217030	0
CP142632.1	217030	217111	1
CP142632.1	217111	217135	2
CP142632.1	217135	217168	1
CP142632.1	217168	217356	0
CP142632.1	217356	217371	1
CP142632.1	217371	217392	2
CP142632.1	217392	217393	1
CP142632.1	217393	217455	2
CP142632.1	217455	217464	3
CP142632.1	217464	217465	2
CP142632.1	217465	217492	3
CP142632.1	217492	217493	2
CP142632.1	217493	217513	3
CP142632.1	217513	217536	2
CP142632.1	217536	217552	1
CP142632.1	217552	217768	0
CP142632.1	217768	217771	1
CP142632.1	217771	217776	2
CP142632.1	217776	217858	3
CP142632.1	217858	217896	2
CP142632.1	217896	217951	1
CP142632.1	217951	218042	0
CP142632.1	218042	218054	1
CP142632.1	218054	218096	2
CP142632.1	218096	218305	1
CP142632.1	218305	218342	0
CP142632.1	218342	218359	1
CP142632.1	218359	218392	2
CP142632.1	218392	218395	1
CP142632.1	218395	218405	2
CP142632.1	218405	218406	1
CP142632.1	218406	218408	0
CP142632.1	218408	218486	1
CP142632.1	218486	218495	2
CP142632.1	218495	218529	1
CP142632.1	218529	218557	2
CP142632.1	218557	218565	3
CP142632.1	218565	218568	4
CP142632.1	218568	218601	5
CP142632.1	218601	218637	4
CP142632.1	218637	218643	3
CP142632.1	218643	218646	2
CP142632.1	218646	218661	3
CP142632.1	218661	218662	2
CP142632.1	218662	218666	3
CP142632.1	218666	218667	4
CP142632.1	218667	218710	3
CP142632.1	218710	218780	2
CP142632.1	218780	218858	1
CP142632.1	218858	218867	0
CP142632.1	218867	218890	1
CP142632.1	218890	218918	2
CP142632.1	218918	218920	1
CP142632.1	218920	218922	0
CP142632.1	218922	218923	1
CP142632.1	218923	218993	2
CP142632.1	218993	219032	1
CP142632.1	219032	219054	0
CP142632.1	219054	219122	1
CP142632.1	219122	219328	0
CP142632.1	219328	219378	1
CP142632.1	219378	219403	2
CP142632.1	219403	219455	3
CP142632.1	219455	219476	4
CP142632.1	219476	219482	3
CP142632.1	219482	219504	4
CP142632.1	219504	219513	3
CP142632.1	219513	219525	2
CP142632.1	219525	219540	3
CP142632.1	219540	219575	2
CP142632.1	219575	219603	1
CP142632.1	219603	219721	0
CP142632.1	219721	219722	1
CP142632.1	219722	219737	2
CP142632.1	219737	219739	1
CP142632.1	219739	219817	2
CP142632.1	219817	219835	1
CP142632.1	219835	219851	2
CP142632.1	219851	219866	3
CP142632.1	219866	219889	2
CP142632.1	219889	219930	1
CP142632.1	219930	219938	0
CP142632.1	219938	220082	1
CP142632.1	220082	220083	0
CP142632.1	220083	220219	1
CP142632.1	220219	220231	0
CP142632.1	220231	220291	1
CP142632.1	220291	220297	0
CP142632.1	220297	220336	1
CP142632.1	220336	220354	0
CP142632.1	220354	220401	1
CP142632.1	220401	220402	2
CP142632.1	220402	220416	1
CP142632.1	220416	220437	2
CP142632.1	220437	220438	1
CP142632.1	220438	220453	3
CP142632.1	220453	220456	2
CP142632.1	220456	220475	3
CP142632.1	220475	220505	2
CP142632.1	220505	220506	1
CP142632.1	220506	220587	2
CP142632.1	220587	220604	1
CP142632.1	220604	220873	0
CP142632.1	220873	220962	1
CP142632.1	220962	220991	0
CP142632.1	220991	220995	1
CP142632.1	220995	221032	2
CP142632.1	221032	221033	3
CP142632.1	221033	221050	4
CP142632.1	221050	221053	5
CP142632.1	221053	221063	4
CP142632.1	221063	221081	3
CP142632.1	221081	221132	4
CP142632.1	221132	221138	3
CP142632.1	221138	221147	2
CP142632.1	221147	221221	1
CP142632.1	221221	221306	0
CP142632.1	221306	221394	1
CP142632.1	221394	221460	0
CP142632.1	221460	221468	1
CP142632.1	221468	221471	0
CP142632.1	221471	221488	1
CP142632.1	221488	221532	2
CP142632.1	221532	221538	3
CP142632.1	221538	221545	4
CP142632.1	221545	221546	3
CP142632.1	221546	221593	4
CP142632.1	221593	221617	3
CP142632.1	221617	221640	2
CP142632.1	221640	221648	1
CP142632.1	221648	221822	0
CP142632.1	221822	221832	1
CP142632.1	221832	221834	0
CP142632.1	221834	221901	1
CP142632.1	221901	221911	0
CP142632.1	221911	221962	1
CP142632.1	221962	222078	2
CP142632.1	222078	222079	1
CP142632.1	222079	222126	2
CP142632.1	222126	222156	3
CP142632.1	222156	222159	2
CP142632.1	222159	222163	1
CP142632.1	222163	222166	2
CP142632.1	222166	222182	3
CP142632.1	222182	222205	4
CP142632.1	222205	222246	3
CP142632.1	222246	222271	2
CP142632.1	222271	222272	1
CP142632.1	222272	222278	0
CP142632.1	222278	222344	1
CP142632.1	222344	222349	0
CP142632.1	222349	222508	1
CP142632.1	222508	222532	0
CP142632.1	222532	222561	1
CP142632.1	222561	222568	2
CP142632.1	222568	222608	3
CP142632.1	222608	222625	2
CP142632.1	222625	222643	1
CP142632.1	222643	222646	2
CP142632.1	222646	222659	1
CP142632.1	222659	222677	2
CP142632.1	222677	222720	3
CP142632.1	222720	222791	2
CP142632.1	222791	222811	1
CP142632.1	222811	222886	2
CP142632.1	222886	222942	3
CP142632.1	222942	222959	2
CP142632.1	222959	222966	1
CP142632.1	222966	222983	2
CP142632.1	222983	223012	3
CP142632.1	223012	223039	2
CP142632.1	223039	223115	1
CP142632.1	223115	223129	0
CP142632.1	223129	223154	1
CP142632.1	223154	223172	0
CP142632.1	223172	223196	1
CP142632.1	223196	223199	0
CP142632.1	223199	223388	1
CP142632.1	223388	223536	0
CP142632.1	223536	223601	1
CP142632.1	223601	223857	0
CP142632.1	223857	223927	1
CP142632.1	223927	224000	0
CP142632.1	224000	224061	1
CP142632.1	224061	224075	2
CP142632.1	224075	224077	1
CP142632.1	224077	224079	0
CP142632.1	224079	224120	1
CP142632.1	224120	224373	0
CP142632.1	224373	224379	1
CP142632.1	224379	224407	2
CP142632.1	224407	224408	1
CP142632.1	224408	224461	2
CP142632.1	224461	224474	1
CP142632.1	224474	224555	0
CP142632.1	224555	224635	1
CP142632.1	224635	224636	0
CP142632.1	224636	224642	1
CP142632.1	224642	224680	2
CP142632.1	224680	224699	1
CP142632.1	224699	224789	2
CP142632.1	224789	224910	1
CP142632.1	224910	225059	0
CP142632.1	225059	225141	1
CP142632.1	225141	225154	0
CP142632.1	225154	225201	1
CP142632.1	225201	225214	0
CP142632.1	225214	225249	1
CP142632.1	225249	225264	2
CP142632.1	225264	225265	1
CP142632.1	225265	225305	2
CP142632.1	225305	225336	3
CP142632.1	225336	225351	4
CP142632.1	225351	225354	5
CP142632.1	225354	225356	4
CP142632.1	225356	225378	5
CP142632.1	225378	225407	4
CP142632.1	225407	225408	3
CP142632.1	225408	225422	4
CP142632.1	225422	225451	3
CP142632.1	225451	225474	2
CP142632.1	225474	225477	0
CP142632.1	225477	225611	1
CP142632.1	225611	225618	0
CP142632.1	225618	225687	1
CP142632.1	225687	225730	2
CP142632.1	225730	225826	1
CP142632.1	225826	225859	2
CP142632.1	225859	225900	1
CP142632.1	225900	226350	0
CP142632.1	226350	226424	1
CP142632.1	226424	226761	0
CP142632.1	226761	226772	1
CP142632.1	226772	226775	0
CP142632.1	226775	226875	1
CP142632.1	226875	226881	2
CP142632.1	226881	226916	1
CP142632.1	226916	227078	0
CP142632.1	227078	227204	1
CP142632.1	227204	227206	2
CP142632.1	227206	227302	1
CP142632.1	227302	227343	0
CP142632.1	227343	227344	1
CP142632.1	227344	227376	2
CP142632.1	227376	227377	0
CP142632.1	227377	227378	1
CP142632.1	227378	227408	2
CP142632.1	227408	227422	1
CP142632.1	227422	227430	2
CP142632.1	227430	227431	0
CP142632.1	227431	227476	2
CP142632.1	227476	227543	1
CP142632.1	227543	227545	0
CP142632.1	227545	227618	1
CP142632.1	227618	227620	0
CP142632.1	227620	227641	1
CP142632.1	227641	227644	0
CP142632.1	227644	227658	1
CP142632.1	227658	227659	0
CP142632.1	227659	227754	1
CP142632.1	227754	227857	0
CP142632.1	227857	227911	1
CP142632.1	227911	227912	0
CP142632.1	227912	227950	1
CP142632.1	227950	227982	2
CP142632.1	227982	227992	1
CP142632.1	227992	228025	2
CP142632.1	228025	228035	1
CP142632.1	228035	228041	0
CP142632.1	228041	228052	1
CP142632.1	228052	228068	2
CP142632.1	228068	228069	1
CP142632.1	228069	228112	2
CP142632.1	228112	228118	1
CP142632.1	228118	228217	0
CP142632.1	228217	228351	1
CP142632.1	228351	228355	0
CP142632.1	228355	228410	1
CP142632.1	228410	228443	2
CP142632.1	228443	228456	3
CP142632.1	228456	228488	4
CP142632.1	228488	228521	3
CP142632.1	228521	228523	2
CP142632.1	228523	228525	1
CP142632.1	228525	228530	2
CP142632.1	228530	228535	1
CP142632.1	228535	228536	0
CP142632.1	228536	228546	1
CP142632.1	228546	228607	2
CP142632.1	228607	228636	1
CP142632.1	228636	228646	0
CP142632.1	228646	228730	1
CP142632.1	228730	228731	0
CP142632.1	228731	228749	1
CP142632.1	228749	228823	2
CP142632.1	228823	228826	0
CP142632.1	228826	228931	2
CP142632.1	228931	228932	3
CP142632.1	228932	228942	4
CP142632.1	228942	229014	3
CP142632.1	229014	229021	4
CP142632.1	229021	229027	3
CP142632.1	229027	229037	2
CP142632.1	229037	229043	1
CP142632.1	229043	229097	2
CP142632.1	229097	229184	1
CP142632.1	229184	229252	0
CP142632.1	229252	229264	1
CP142632.1	229264	229269	2
CP142632.1	229269	229295	3
CP142632.1	229295	229300	4
CP142632.1	229300	229315	5
CP142632.1	229315	229346	4
CP142632.1	229346	229368	3
CP142632.1	229368	229391	2
CP142632.1	229391	229405	3
CP142632.1	229405	229406	2
CP142632.1	229406	229434	3
CP142632.1	229434	229467	2
CP142632.1	229467	229470	1
CP142632.1	229470	229502	0
CP142632.1	229502	229580	1
CP142632.1	229580	229599	0
CP142632.1	229599	229618	1
CP142632.1	229618	229620	2
CP142632.1	229620	229625	1
CP142632.1	229625	229668	2
CP142632.1	229668	229671	3
CP142632.1	229671	229676	2
CP142632.1	229676	229682	3
CP142632.1	229682	229716	2
CP142632.1	229716	229773	1
CP142632.1	229773	229824	2
CP142632.1	229824	229826	1
CP142632.1	229826	230029	0
CP142632.1	230029	230112	1
CP142632.1	230112	230168	2
CP142632.1	230168	230208	1
CP142632.1	230208	230302	0
CP142632.1	230302	230306	1
CP142632.1	230306	230394	2
CP142632.1	230394	230435	1
CP142632.1	230435	230467	0
CP142632.1	230467	230475	1
CP142632.1	230475	230494	2
CP142632.1	230494	230500	1
CP142632.1	230500	230556	2
CP142632.1	230556	230561	1
CP142632.1	230561	230582	3
CP142632.1	230582	230591	2
CP142632.1	230591	230614	3
CP142632.1	230614	230626	2
CP142632.1	230626	230629	1
CP142632.1	230629	230655	2
CP142632.1	230655	230670	3
CP142632.1	230670	230701	2
CP142632.1	230701	230749	1
CP142632.1	230749	230750	0
CP142632.1	230750	230787	1
CP142632.1	230787	230788	0
CP142632.1	230788	230800	1
CP142632.1	230800	230801	0
CP142632.1	230801	230894	1
CP142632.1	230894	230904	0
CP142632.1	230904	231032	1
CP142632.1	231032	231122	0
CP142632.1	231122	231197	1
CP142632.1	231197	231199	0
CP142632.1	231199	231254	1
CP142632.1	231254	231273	2
CP142632.1	231273	231308	1
CP142632.1	231308	231311	2
CP142632.1	231311	231368	3
CP142632.1	231368	231370	2
CP142632.1	231370	231466	1
CP142632.1	231466	231505	0
CP142632.1	231505	231538	1
CP142632.1	231538	231539	0
CP142632.1	231539	231584	1
CP142632.1	231584	231757	0
CP142632.1	231757	231827	1
CP142632.1	231827	231830	0
CP142632.1	231830	231849	2
CP142632.1	231849	231854	1
CP142632.1	231854	231876	2
CP142632.1	231876	231913	1
CP142632.1	231913	231943	0
CP142632.1	231943	232036	1
CP142632.1	232036	232189	0
CP142632.1	232189	232254	1
CP142632.1	232254	232365	0
CP142632.1	232365	232386	1
CP142632.1	232386	232387	0
CP142632.1	232387	232430	1
CP142632.1	232430	232463	2
CP142632.1	232463	232471	1
CP142632.1	232471	232494	2
CP142632.1	232494	232518	1
CP142632.1	232518	232519	0
CP142632.1	232519	232571	1
CP142632.1	232571	232631	2
CP142632.1	232631	232703	1
CP142632.1	232703	232866	0
CP142632.1	232866	232885	1
CP142632.1	232885	232886	0
CP142632.1	232886	232937	1
CP142632.1	232937	233025	2
CP142632.1	233025	233060	1
CP142632.1	233060	233384	0
CP142632.1	233384	233387	1
CP142632.1	233387	233415	2
CP142632.1	233415	233460	3
CP142632.1	233460	233516	2
CP142632.1	233516	233519	1
CP142632.1	233519	233542	2
CP142632.1	233542	233613	1
CP142632.1	233613	233619	2
CP142632.1	233619	233711	1
CP142632.1	233711	233729	2
CP142632.1	233729	233732	3
CP142632.1	233732	233802	4
CP142632.1	233802	233808	3
CP142632.1	233808	233855	2
CP142632.1	233855	233857	3
CP142632.1	233857	233870	2
CP142632.1	233870	233871	1
CP142632.1	233871	233905	2
CP142632.1	233905	233967	1
CP142632.1	233967	234208	0
CP142632.1	234208	234213	1
CP142632.1	234213	234288	2
CP142632.1	234288	234307	1
CP142632.1	234307	234310	0
CP142632.1	234310	234357	1
CP142632.1	234357	234380	0
CP142632.1	234380	234439	1
CP142632.1	234439	234496	2
CP142632.1	234496	234501	1
CP142632.1	234501	234518	2
CP142632.1	234518	234520	3
CP142632.1	234520	234567	2
CP142632.1	234567	234577	3
CP142632.1	234577	234601	2
CP142632.1	234601	234604	0
CP142632.1	234604	234616	2
CP142632.1	234616	234695	3
CP142632.1	234695	234713	2
CP142632.1	234713	234715	1
CP142632.1	234715	234720	2
CP142632.1	234720	234755	1
CP142632.1	234755	234756	0
CP142632.1	234756	234766	1
CP142632.1	234766	234833	0
CP142632.1	234833	234971	1
CP142632.1	234971	234978	2
CP142632.1	234978	234979	1
CP142632.1	234979	235024	2
CP142632.1	235024	235027	1
CP142632.1	235027	235079	2
CP142632.1	235079	235101	1
CP142632.1	235101	235116	2
CP142632.1	235116	235278	1
CP142632.1	235278	235335	0
CP142632.1	235335	235349	1
CP142632.1	235349	235353	0
CP142632.1	235353	235365	1
CP142632.1	235365	235414	2
CP142632.1	235414	235561	1
CP142632.1	235561	235785	0
CP142632.1	235785	235900	1
CP142632.1	235900	235909	2
CP142632.1	235909	235950	3
CP142632.1	235950	235955	2
CP142632.1	235955	235956	1
CP142632.1	235956	236010	2
CP142632.1	236010	236037	1
CP142632.1	236037	236043	0
CP142632.1	236043	236171	1
CP142632.1	236171	236189	2
CP142632.1	236189	236215	3
CP142632.1	236215	236220	2
CP142632.1	236220	236239	3
CP142632.1	236239	236274	2
CP142632.1	236274	236292	3
CP142632.1	236292	236293	2
CP142632.1	236293	236311	3
CP142632.1	236311	236326	2
CP142632.1	236326	236396	1
CP142632.1	236396	236397	0
CP142632.1	236397	236409	1
CP142632.1	236409	236415	2
CP142632.1	236415	236466	1
CP142632.1	236466	236480	0
CP142632.1	236480	236584	1
CP142632.1	236584	236758	0
CP142632.1	236758	236848	1
CP142632.1	236848	237045	0
CP142632.1	237045	237051	1
CP142632.1	237051	237177	2
CP142632.1	237177	237225	1
CP142632.1	237225	237438	0
CP142632.1	237438	237452	1
CP142632.1	237452	237485	2
CP142632.1	237485	237489	3
CP142632.1	237489	237570	2
CP142632.1	237570	237658	1
CP142632.1	237658	238051	0
CP142632.1	238051	238167	1
CP142632.1	238167	238171	0
CP142632.1	238171	238191	1
CP142632.1	238191	238290	0
CP142632.1	238290	238318	1
CP142632.1	238318	238369	2
CP142632.1	238369	238383	1
CP142632.1	238383	238437	2
CP142632.1	238437	238453	1
CP142632.1	238453	238458	2
CP142632.1	238458	238590	1
CP142632.1	238590	238596	2
CP142632.1	238596	238610	3
CP142632.1	238610	238611	2
CP142632.1	238611	238623	3
CP142632.1	238623	238659	2
CP142632.1	238659	238700	1
CP142632.1	238700	238824	0
CP142632.1	238824	238906	1
CP142632.1	238906	238916	0
CP142632.1	238916	239024	1
CP142632.1	239024	239146	0
CP142632.1	239146	239211	1
CP142632.1	239211	239513	0
CP142632.1	239513	239518	1
CP142632.1	239518	239584	2
CP142632.1	239584	239614	1
CP142632.1	239614	239615	0
CP142632.1	239615	239731	1
CP142632.1	239731	239742	2
CP142632.1	239742	239757	1
CP142632.1	239757	239758	0
CP142632.1	239758	239804	1
CP142632.1	239804	239879	2
CP142632.1	239879	239904	1
CP142632.1	239904	239987	0
CP142632.1	239987	239989	1
CP142632.1	239989	240041	2
CP142632.1	240041	240069	3
CP142632.1	240069	240131	4
CP142632.1	240131	240135	3
CP142632.1	240135	240192	2
CP142632.1	240192	240211	1
CP142632.1	240211	240213	0
CP142632.1	240213	240247	1
CP142632.1	240247	240381	0
CP142632.1	240381	240518	1
CP142632.1	240518	240543	2
CP142632.1	240543	240567	1
CP142632.1	240567	240676	2
CP142632.1	240676	240718	3
CP142632.1	240718	240720	2
CP142632.1	240720	240726	3
CP142632.1	240726	240729	1
CP142632.1	240729	240750	2
CP142632.1	240750	240754	1
CP142632.1	240754	240761	2
CP142632.1	240761	240790	1
CP142632.1	240790	240915	0
CP142632.1	240915	240956	1
CP142632.1	240956	240982	2
CP142632.1	240982	241005	3
CP142632.1	241005	241007	2
CP142632.1	241007	241086	3
CP142632.1	241086	241095	2
CP142632.1	241095	241200	1
CP142632.1	241200	241226	2
CP142632.1	241226	241245	3
CP142632.1	241245	241293	2
CP142632.1	241293	241294	1
CP142632.1	241294	241342	2
CP142632.1	241342	241376	1
CP142632.1	241376	241469	0
CP142632.1	241469	241683	1
CP142632.1	241683	241713	0
CP142632.1	241713	241768	1
CP142632.1	241768	241775	2
CP142632.1	241775	241825	3
CP142632.1	241825	241834	2
CP142632.1	241834	241842	1
CP142632.1	241842	241991	0
CP142632.1	241991	241992	1
CP142632.1	241992	242001	2
CP142632.1	242001	242064	3
CP142632.1	242064	242073	4
CP142632.1	242073	242077	3
CP142632.1	242077	242085	2
CP142632.1	242085	242088	1
CP142632.1	242088	242177	2
CP142632.1	242177	242259	1
CP142632.1	242259	242291	2
CP142632.1	242291	242303	3
CP142632.1	242303	242306	1
CP142632.1	242306	242315	2
CP142632.1	242315	242317	1
CP142632.1	242317	242349	2
CP142632.1	242349	242356	3
CP142632.1	242356	242400	2
CP142632.1	242400	242409	1
CP142632.1	242409	242418	0
CP142632.1	242418	242447	1
CP142632.1	242447	242460	2
CP142632.1	242460	242487	1
CP142632.1	242487	242519	2
CP142632.1	242519	242589	1
CP142632.1	242589	242779	0
CP142632.1	242779	242847	1
CP142632.1	242847	242848	0
CP142632.1	242848	242861	1
CP142632.1	242861	242921	2
CP142632.1	242921	242927	1
CP142632.1	242927	243143	0
CP142632.1	243143	243181	1
CP142632.1	243181	243246	2
CP142632.1	243246	243256	1
CP142632.1	243256	243292	0
CP142632.1	243292	243319	1
CP142632.1	243319	243329	2
CP142632.1	243329	243367	3
CP142632.1	243367	243405	2
CP142632.1	243405	243441	1
CP142632.1	243441	243445	0
CP142632.1	243445	243450	1
CP142632.1	243450	243459	0
CP142632.1	243459	243487	1
CP142632.1	243487	243488	0
CP142632.1	243488	243498	1
CP142632.1	243498	243513	2
CP142632.1	243513	243558	1
CP142632.1	243558	243790	0
CP142632.1	243790	243792	1
CP142632.1	243792	243810	2
CP142632.1	243810	243812	1
CP142632.1	243812	243819	2
CP142632.1	243819	243821	1
CP142632.1	243821	243893	2
CP142632.1	243893	243894	0
CP142632.1	243894	243895	1
CP142632.1	243895	243933	2
CP142632.1	243933	243966	3
CP142632.1	243966	243968	2
CP142632.1	243968	244017	3
CP142632.1	244017	244018	2
CP142632.1	244018	244036	3
CP142632.1	244036	244070	2
CP142632.1	244070	244098	1
CP142632.1	244098	244102	2
CP142632.1	244102	244150	3
CP142632.1	244150	244152	2
CP142632.1	244152	244159	3
CP142632.1	244159	244171	2
CP142632.1	244171	244176	1
CP142632.1	244176	244212	2
CP142632.1	244212	244218	1
CP142632.1	244218	244222	0
CP142632.1	244222	244236	1
CP142632.1	244236	244269	2
CP142632.1	244269	244298	1
CP142632.1	244298	244481	0
CP142632.1	244481	244531	1
CP142632.1	244531	244532	0
CP142632.1	244532	244623	1
CP142632.1	244623	244667	0
CP142632.1	244667	244718	1
CP142632.1	244718	244747	2
CP142632.1	244747	244748	1
CP142632.1	244748	244765	2
CP142632.1	244765	244782	1
CP142632.1	244782	244800	0
CP142632.1	244800	244994	1
CP142632.1	244994	245081	2
CP142632.1	245081	245082	1
CP142632.1	245082	245083	2
CP142632.1	245083	245086	1
CP142632.1	245086	245089	2
CP142632.1	245089	245112	3
CP142632.1	245112	245115	0
CP142632.1	245115	245155	3
CP142632.1	245155	245158	2
CP142632.1	245158	245166	3
CP142632.1	245166	245179	1
CP142632.1	245179	245188	0
CP142632.1	245188	245216	1
CP142632.1	245216	245231	2
CP142632.1	245231	245295	3
CP142632.1	245295	245310	4
CP142632.1	245310	245353	3
CP142632.1	245353	245360	2
CP142632.1	245360	245374	3
CP142632.1	245374	245382	4
CP142632.1	245382	245383	3
CP142632.1	245383	245410	4
CP142632.1	245410	245412	3
CP142632.1	245412	245423	4
CP142632.1	245423	245456	3
CP142632.1	245456	245457	2
CP142632.1	245457	245512	1
CP142632.1	245512	245594	0
CP142632.1	245594	245628	1
CP142632.1	245628	245637	2
CP142632.1	245637	245678	3
CP142632.1	245678	245679	2
CP142632.1	245679	245722	3
CP142632.1	245722	245752	2
CP142632.1	245752	245774	1
CP142632.1	245774	245807	2
CP142632.1	245807	245833	1
CP142632.1	245833	245980	0
CP142632.1	245980	246028	1
CP142632.1	246028	246243	0
CP142632.1	246243	246304	1
CP142632.1	246304	246305	2
CP142632.1	246305	246314	3
CP142632.1	246314	246324	4
CP142632.1	246324	246363	5
CP142632.1	246363	246367	4
CP142632.1	246367	246397	3
CP142632.1	246397	246399	2
CP142632.1	246399	246452	3
CP142632.1	246452	246459	4
CP142632.1	246459	246465	3
CP142632.1	246465	246468	2
CP142632.1	246468	246488	3
CP142632.1	246488	246505	2
CP142632.1	246505	246508	1
CP142632.1	246508	246608	0
CP142632.1	246608	246688	1
CP142632.1	246688	246724	2
CP142632.1	246724	246730	1
CP142632.1	246730	246743	2
CP142632.1	246743	246842	1
CP142632.1	246842	247094	0
CP142632.1	247094	247151	1
CP142632.1	247151	247228	2
CP142632.1	247228	247240	1
CP142632.1	247240	247351	0
CP142632.1	247351	247407	1
CP142632.1	247407	247423	0
CP142632.1	247423	247500	1
CP142632.1	247500	247796	0
CP142632.1	247796	247851	1
CP142632.1	247851	247986	0
CP142632.1	247986	248043	1
CP142632.1	248043	248044	2
CP142632.1	248044	248121	1
CP142632.1	248121	248180	2
CP142632.1	248180	248225	1
CP142632.1	248225	248237	0
CP142632.1	248237	248420	1
CP142632.1	248420	248622	0
CP142632.1	248622	248655	1
CP142632.1	248655	248697	2
CP142632.1	248697	248723	1
CP142632.1	248723	248776	0
CP142632.1	248776	248784	1
CP142632.1	248784	248785	0
CP142632.1	248785	248813	1
CP142632.1	248813	248820	2
CP142632.1	248820	248841	3
CP142632.1	248841	248842	2
CP142632.1	248842	248849	3
CP142632.1	248849	248850	2
CP142632.1	248850	248858	3
CP142632.1	248858	248892	2
CP142632.1	248892	248923	1
CP142632.1	248923	248924	2
CP142632.1	248924	248927	1
CP142632.1	248927	248989	2
CP142632.1	248989	249077	1
CP142632.1	249077	249078	0
CP142632.1	249078	249116	1
CP142632.1	249116	249118	2
CP142632.1	249118	249198	1
CP142632.1	249198	249210	2
CP142632.1	249210	249211	1
CP142632.1	249211	249274	2
CP142632.1	249274	249299	1
CP142632.1	249299	249354	2
CP142632.1	249354	249363	3
CP142632.1	249363	249364	2
CP142632.1	249364	249366	1
CP142632.1	249366	249393	2
CP142632.1	249393	249394	1
CP142632.1	249394	249417	2
CP142632.1	249417	249421	1
CP142632.1	249421	249438	0
CP142632.1	249438	249506	1
CP142632.1	249506	249603	2
CP142632.1	249603	249695	1
CP142632.1	249695	249696	0
CP142632.1	249696	249737	1
CP142632.1	249737	249923	0
CP142632.1	249923	249979	1
CP142632.1	249979	250065	0
CP142632.1	250065	250136	1
CP142632.1	250136	250176	0
CP142632.1	250176	250231	2
CP142632.1	250231	250298	1
CP142632.1	250298	250597	0
CP142632.1	250597	250672	1
CP142632.1	250672	250751	0
CP142632.1	250751	250822	1
CP142632.1	250822	250917	2
CP142632.1	250917	250943	3
CP142632.1	250943	250949	2
CP142632.1	250949	250955	3
CP142632.1	250955	250974	4
CP142632.1	250974	250983	3
CP142632.1	250983	250985	2
CP142632.1	250985	250986	3
CP142632.1	250986	250992	4
CP142632.1	250992	251000	3
CP142632.1	251000	251018	2
CP142632.1	251018	251038	3
CP142632.1	251038	251039	2
CP142632.1	251039	251041	1
CP142632.1	251041	251045	2
CP142632.1	251045	251051	1
CP142632.1	251051	251074	2
CP142632.1	251074	251192	1
CP142632.1	251192	251207	2
CP142632.1	251207	251208	1
CP142632.1	251208	251274	2
CP142632.1	251274	251386	1
CP142632.1	251386	251439	2
CP142632.1	251439	251440	1
CP142632.1	251440	251452	2
CP142632.1	251452	251454	1
CP142632.1	251454	251464	2
CP142632.1	251464	251471	1
CP142632.1	251471	251499	2
CP142632.1	251499	251578	1
CP142632.1	251578	251580	0
CP142632.1	251580	251597	1
CP142632.1	251597	251674	2
CP142632.1	251674	251716	1
CP142632.1	251716	251783	0
CP142632.1	251783	251863	1
CP142632.1	251863	251910	0
CP142632.1	251910	252017	1
CP142632.1	252017	252055	2
CP142632.1	252055	252057	1
CP142632.1	252057	252121	2
CP142632.1	252121	252122	1
CP142632.1	252122	252147	2
CP142632.1	252147	252185	3
CP142632.1	252185	252200	2
CP142632.1	252200	252210	1
CP142632.1	252210	252263	0
CP142632.1	252263	252309	1
CP142632.1	252309	252323	2
CP142632.1	252323	252324	1
CP142632.1	252324	252330	2
CP142632.1	252330	252331	1
CP142632.1	252331	252350	2
CP142632.1	252350	252401	1
CP142632.1	252401	252431	0
CP142632.1	252431	252492	1
CP142632.1	252492	252500	2
CP142632.1	252500	252510	1
CP142632.1	252510	252511	0
CP142632.1	252511	252521	1
CP142632.1	252521	252564	2
CP142632.1	252564	252593	1
CP142632.1	252593	252984	0
CP142632.1	252984	253092	1
CP142632.1	253092	253131	0
CP142632.1	253131	253226	1
CP142632.1	253226	253282	2
CP142632.1	253282	253285	1
CP142632.1	253285	253287	2
CP142632.1	253287	253400	1
CP142632.1	253400	253407	0
CP142632.1	253407	253433	1
CP142632.1	253433	253442	2
CP142632.1	253442	253451	1
CP142632.1	253451	253472	2
CP142632.1	253472	253474	1
CP142632.1	253474	253497	2
CP142632.1	253497	253519	3
CP142632.1	253519	253550	2
CP142632.1	253550	253564	1
CP142632.1	253564	253585	0
CP142632.1	253585	253659	1
CP142632.1	253659	253706	0
CP142632.1	253706	253751	1
CP142632.1	253751	253752	0
CP142632.1	253752	253782	1
CP142632.1	253782	253783	0
CP142632.1	253783	253883	1
CP142632.1	253883	254146	0
CP142632.1	254146	254234	1
CP142632.1	254234	254287	2
CP142632.1	254287	254338	1
CP142632.1	254338	254444	0
CP142632.1	254444	254538	1
CP142632.1	254538	254576	2
CP142632.1	254576	254579	1
CP142632.1	254579	254587	0
CP142632.1	254587	254611	1
CP142632.1	254611	254622	0
CP142632.1	254622	254683	1
CP142632.1	254683	254707	0
CP142632.1	254707	254864	1
CP142632.1	254864	254865	0
CP142632.1	254865	254895	2
CP142632.1	254895	255000	1
CP142632.1	255000	255056	0
CP142632.1	255056	255078	1
CP142632.1	255078	255086	0
CP142632.1	255086	255093	1
CP142632.1	255093	255208	2
CP142632.1	255208	255209	1
CP142632.1	255209	255215	0
CP142632.1	255215	255261	1
CP142632.1	255261	255277	0
CP142632.1	255277	255287	1
CP142632.1	255287	255293	2
CP142632.1	255293	255296	1
CP142632.1	255296	255327	2
CP142632.1	255327	255356	1
CP142632.1	255356	255397	2
CP142632.1	255397	255461	1
CP142632.1	255461	255462	0
CP142632.1	255462	255518	1
CP142632.1	255518	255543	0
CP142632.1	255543	255588	1
CP142632.1	255588	255645	2
CP142632.1	255645	255648	1
CP142632.1	255648	255651	0
CP142632.1	255651	255668	1
CP142632.1	255668	255767	0
CP142632.1	255767	255832	1
CP142632.1	255832	255833	0
CP142632.1	255833	255894	1
CP142632.1	255894	255897	2
CP142632.1	255897	255949	1
CP142632.1	255949	255950	0
CP142632.1	255950	255967	1
CP142632.1	255967	255994	2
CP142632.1	255994	256035	3
CP142632.1	256035	256048	2
CP142632.1	256048	256059	1
CP142632.1	256059	256061	0
CP142632.1	256061	256193	1
CP142632.1	256193	256194	0
CP142632.1	256194	256264	1
CP142632.1	256264	256266	0
CP142632.1	256266	256281	1
CP142632.1	256281	256282	0
CP142632.1	256282	256306	1
CP142632.1	256306	256317	0
CP142632.1	256317	256380	1
CP142632.1	256380	256527	0
CP142632.1	256527	256544	1
CP142632.1	256544	256545	0
CP142632.1	256545	256608	1
CP142632.1	256608	256669	2
CP142632.1	256669	256778	0
CP142632.1	256778	256780	1
CP142632.1	256780	256814	2
CP142632.1	256814	256815	1
CP142632.1	256815	256816	2
CP142632.1	256816	256846	3
CP142632.1	256846	256863	2
CP142632.1	256863	256865	1
CP142632.1	256865	256906	2
CP142632.1	256906	256909	1
CP142632.1	256909	257130	0
CP142632.1	257130	257158	1
CP142632.1	257158	257160	0
CP142632.1	257160	257165	1
CP142632.1	257165	257234	2
CP142632.1	257234	257240	1
CP142632.1	257240	257298	2
CP142632.1	257298	257364	1
CP142632.1	257364	257382	2
CP142632.1	257382	257389	1
CP142632.1	257389	257391	0
CP142632.1	257391	257489	1
CP142632.1	257489	257491	0
CP142632.1	257491	257496	1
CP142632.1	257496	257504	0
CP142632.1	257504	257539	1
CP142632.1	257539	257609	2
CP142632.1	257609	257613	1
CP142632.1	257613	257629	2
CP142632.1	257629	257642	1
CP142632.1	257642	257647	2
CP142632.1	257647	257672	3
CP142632.1	257672	257687	4
CP142632.1	257687	257689	3
CP142632.1	257689	257726	2
CP142632.1	257726	257783	1
CP142632.1	257783	257808	0
CP142632.1	257808	257918	1
CP142632.1	257918	257942	0
CP142632.1	257942	258044	1
CP142632.1	258044	258045	0
CP142632.1	258045	258136	1
CP142632.1	258136	258201	2
CP142632.1	258201	258202	1
CP142632.1	258202	258234	2
CP142632.1	258234	258395	1
CP142632.1	258395	258430	0
CP142632.1	258430	258502	1
CP142632.1	258502	258559	2
CP142632.1	258559	258621	1
CP142632.1	258621	258650	2
CP142632.1	258650	258689	3
CP142632.1	258689	258690	2
CP142632.1	258690	258708	1
CP142632.1	258708	258818	0
CP142632.1	258818	258892	1
CP142632.1	258892	258910	2
CP142632.1	258910	259019	1
CP142632.1	259019	259020	0
CP142632.1	259020	259045	1
CP142632.1	259045	259507	0
CP142632.1	259507	259575	1
CP142632.1	259575	259603	0
CP142632.1	259603	259650	1
CP142632.1	259650	259684	2
CP142632.1	259684	259753	1
CP142632.1	259753	259754	0
CP142632.1	259754	259852	1
CP142632.1	259852	260059	0
CP142632.1	260059	260060	1
CP142632.1	260060	260115	2
CP142632.1	260115	260201	1
CP142632.1	260201	260352	0
CP142632.1	260352	260414	1
CP142632.1	260414	260425	2
CP142632.1	260425	260508	1
CP142632.1	260508	260631	0
CP142632.1	260631	260831	1
CP142632.1	260831	260993	0
CP142632.1	260993	261067	1
CP142632.1	261067	261480	0
CP142632.1	261480	261502	1
CP142632.1	261502	261602	2
CP142632.1	261602	261607	1
CP142632.1	261607	262370	0
CP142632.1	262370	262423	1
CP142632.1	262423	262475	0
CP142632.1	262475	262590	1
CP142632.1	262590	262640	2
CP142632.1	262640	262647	3
CP142632.1	262647	262707	2
CP142632.1	262707	262735	1
CP142632.1	262735	262746	0
CP142632.1	262746	262883	1
CP142632.1	262883	263014	0
CP142632.1	263014	263037	1
CP142632.1	263037	263081	2
CP142632.1	263081	263185	1
CP142632.1	263185	263234	0
CP142632.1	263234	263294	1
CP142632.1	263294	263357	0
CP142632.1	263357	263499	1
CP142632.1	263499	263534	2
CP142632.1	263534	263545	1
CP142632.1	263545	263580	2
CP142632.1	263580	263591	3
CP142632.1	263591	263593	1
CP142632.1	263593	263594	2
CP142632.1	263594	263605	3
CP142632.1	263605	263608	1
CP142632.1	263608	263611	2
CP142632.1	263611	263639	3
CP142632.1	263639	263679	2
CP142632.1	263679	263699	1
CP142632.1	263699	263725	2
CP142632.1	263725	263750	3
CP142632.1	263750	263780	2
CP142632.1	263780	263846	1
CP142632.1	263846	263850	0
CP142632.1	263850	263936	1
CP142632.1	263936	263962	2
CP142632.1	263962	263968	1
CP142632.1	263968	263970	2
CP142632.1	263970	264111	1
CP142632.1	264111	264112	0
CP142632.1	264112	264119	1
CP142632.1	264119	264152	2
CP142632.1	264152	264157	1
CP142632.1	264157	264158	0
CP142632.1	264158	264190	1
CP142632.1	264190	264207	0
CP142632.1	264207	264260	1
CP142632.1	264260	264262	0
CP142632.1	264262	264278	1
CP142632.1	264278	264280	0
CP142632.1	264280	264373	1
CP142632.1	264373	264374	0
CP142632.1	264374	264406	1
CP142632.1	264406	264498	2
CP142632.1	264498	264579	1
CP142632.1	264579	264650	2
CP142632.1	264650	264654	1
CP142632.1	264654	264728	0
CP142632.1	264728	264759	1
CP142632.1	264759	264804	2
CP142632.1	264804	264814	3
CP142632.1	264814	264815	0
CP142632.1	264815	264839	3
CP142632.1	264839	264854	2
CP142632.1	264854	264855	0
CP142632.1	264855	264896	2
CP142632.1	264896	264907	1
CP142632.1	264907	264959	0
CP142632.1	264959	264989	1
CP142632.1	264989	264990	0
CP142632.1	264990	264997	1
CP142632.1	264997	264998	0
CP142632.1	264998	265006	1
CP142632.1	265006	265007	0
CP142632.1	265007	265010	1
CP142632.1	265010	265014	2
CP142632.1	265014	265016	1
CP142632.1	265016	265047	2
CP142632.1	265047	265060	3
CP142632.1	265060	265071	2
CP142632.1	265071	265072	1
CP142632.1	265072	265087	2
CP142632.1	265087	265092	3
CP142632.1	265092	265113	4
CP142632.1	265113	265129	5
CP142632.1	265129	265141	4
CP142632.1	265141	265162	3
CP142632.1	265162	265184	2
CP142632.1	265184	265193	1
CP142632.1	265193	265411	0
CP142632.1	265411	265490	1
CP142632.1	265490	265491	0
CP142632.1	265491	265516	1
CP142632.1	265516	265597	2
CP142632.1	265597	265624	1
CP142632.1	265624	265686	0
CP142632.1	265686	265752	1
CP142632.1	265752	265753	0
CP142632.1	265753	265799	1
CP142632.1	265799	265983	0
CP142632.1	265983	266083	1
CP142632.1	266083	266173	0
CP142632.1	266173	266202	1
CP142632.1	266202	266207	0
CP142632.1	266207	266230	1
CP142632.1	266230	266266	0
CP142632.1	266266	266390	1
CP142632.1	266390	266492	2
CP142632.1	266492	266545	1
CP142632.1	266545	266546	2
CP142632.1	266546	266547	1
CP142632.1	266547	266550	2
CP142632.1	266550	266634	1
CP142632.1	266634	266642	0
CP142632.1	266642	266733	1
CP142632.1	266733	266734	0
CP142632.1	266734	266750	1
CP142632.1	266750	267172	0
CP142632.1	267172	267211	1
CP142632.1	267211	267244	2
CP142632.1	267244	267263	3
CP142632.1	267263	267323	2
CP142632.1	267323	267324	1
CP142632.1	267324	267362	2
CP142632.1	267362	267371	1
CP142632.1	267371	267372	0
CP142632.1	267372	267394	1
CP142632.1	267394	267397	0
CP142632.1	267397	267407	1
CP142632.1	267407	267459	2
CP142632.1	267459	267564	1
CP142632.1	267564	267579	0
CP142632.1	267579	267617	1
CP142632.1	267617	267673	0
CP142632.1	267673	267696	1
CP142632.1	267696	267740	2
CP142632.1	267740	267821	1
CP142632.1	267821	267836	0
CP142632.1	267836	267890	1
CP142632.1	267890	267891	0
CP142632.1	267891	268062	1
CP142632.1	268062	268111	0
CP142632.1	268111	268130	1
CP142632.1	268130	268157	2
CP142632.1	268157	268158	0
CP142632.1	268158	268159	1
CP142632.1	268159	268182	2
CP142632.1	268182	268188	1
CP142632.1	268188	268253	0
CP142632.1	268253	268264	1
CP142632.1	268264	268316	2
CP142632.1	268316	268335	3
CP142632.1	268335	268341	4
CP142632.1	268341	268369	3
CP142632.1	268369	268390	2
CP142632.1	268390	268404	3
CP142632.1	268404	268405	2
CP142632.1	268405	268418	3
CP142632.1	268418	268422	2
CP142632.1	268422	268484	1
CP142632.1	268484	268535	2
CP142632.1	268535	268536	1
CP142632.1	268536	268561	2
CP142632.1	268561	268567	1
CP142632.1	268567	268588	2
CP142632.1	268588	268610	3
CP142632.1	268610	268631	2
CP142632.1	268631	268675	1
CP142632.1	268675	268682	2
CP142632.1	268682	268752	1
CP142632.1	268752	268755	0
CP142632.1	268755	268835	1
CP142632.1	268835	269222	0
CP142632.1	269222	269250	1
CP142632.1	269250	269251	0
CP142632.1	269251	269266	1
CP142632.1	269266	269367	2
CP142632.1	269367	269368	1
CP142632.1	269368	269370	0
CP142632.1	269370	269380	1
CP142632.1	269380	269388	2
CP142632.1	269388	269389	1
CP142632.1	269389	269424	2
CP142632.1	269424	269429	1
CP142632.1	269429	269440	2
CP142632.1	269440	269446	1
CP142632.1	269446	269465	2
CP142632.1	269465	269506	1
CP142632.1	269506	269555	2
CP142632.1	269555	269595	3
CP142632.1	269595	269596	2
CP142632.1	269596	269606	3
CP142632.1	269606	269607	1
CP142632.1	269607	269692	3
CP142632.1	269692	269699	2
CP142632.1	269699	269717	1
CP142632.1	269717	269739	0
CP142632.1	269739	269814	1
CP142632.1	269814	269845	2
CP142632.1	269845	269846	1
CP142632.1	269846	269888	2
CP142632.1	269888	269896	1
CP142632.1	269896	270059	0
CP142632.1	270059	270110	1
CP142632.1	270110	270150	0
CP142632.1	270150	270280	1
CP142632.1	270280	270304	0
CP142632.1	270304	270309	1
CP142632.1	270309	270330	2
CP142632.1	270330	270331	1
CP142632.1	270331	270393	2
CP142632.1	270393	270394	1
CP142632.1	270394	270416	2
CP142632.1	270416	270420	1
CP142632.1	270420	270424	0
CP142632.1	270424	270522	1
CP142632.1	270522	270571	2
CP142632.1	270571	270572	1
CP142632.1	270572	270590	2
CP142632.1	270590	270591	1
CP142632.1	270591	270659	2
CP142632.1	270659	270688	3
CP142632.1	270688	270689	2
CP142632.1	270689	270693	3
CP142632.1	270693	270711	4
CP142632.1	270711	270751	3
CP142632.1	270751	270761	2
CP142632.1	270761	270805	3
CP142632.1	270805	270825	4
CP142632.1	270825	270850	3
CP142632.1	270850	270871	2
CP142632.1	270871	270885	1
CP142632.1	270885	270895	2
CP142632.1	270895	270935	1
CP142632.1	270935	270937	0
CP142632.1	270937	270945	1
CP142632.1	270945	270947	2
CP142632.1	270947	270972	1
CP142632.1	270972	271086	2
CP142632.1	271086	271089	1
CP142632.1	271089	271405	0
CP142632.1	271405	271536	1
CP142632.1	271536	271601	0
CP142632.1	271601	271678	1
CP142632.1	271678	271704	0
CP142632.1	271704	271768	1
CP142632.1	271768	272028	0
CP142632.1	272028	272080	1
CP142632.1	272080	272272	0
CP142632.1	272272	272314	1
CP142632.1	272314	272361	2
CP142632.1	272361	272374	1
CP142632.1	272374	272391	2
CP142632.1	272391	272406	1
CP142632.1	272406	272422	2
CP142632.1	272422	272434	3
CP142632.1	272434	272435	2
CP142632.1	272435	272481	3
CP142632.1	272481	272488	2
CP142632.1	272488	272490	1
CP142632.1	272490	272491	0
CP142632.1	272491	272503	1
CP142632.1	272503	272559	0
CP142632.1	272559	272609	1
CP142632.1	272609	272672	2
CP142632.1	272672	272673	0
CP142632.1	272673	272684	2
CP142632.1	272684	272714	3
CP142632.1	272714	272738	2
CP142632.1	272738	272752	1
CP142632.1	272752	272762	2
CP142632.1	272762	272771	1
CP142632.1	272771	272776	0
CP142632.1	272776	272827	1
CP142632.1	272827	272828	0
CP142632.1	272828	272849	1
CP142632.1	272849	273156	0
CP142632.1	273156	273212	1
CP142632.1	273212	273213	0
CP142632.1	273213	273245	1
CP142632.1	273245	273289	2
CP142632.1	273289	273309	3
CP142632.1	273309	273330	2
CP142632.1	273330	273333	1
CP142632.1	273333	273338	2
CP142632.1	273338	273351	1
CP142632.1	273351	273441	0
CP142632.1	273441	273484	1
CP142632.1	273484	273496	0
CP142632.1	273496	273585	1
CP142632.1	273585	273609	0
CP142632.1	273609	273679	1
CP142632.1	273679	273695	2
CP142632.1	273695	273696	1
CP142632.1	273696	273738	2
CP142632.1	273738	273739	0
CP142632.1	273739	273768	2
CP142632.1	273768	273784	1
CP142632.1	273784	273819	0
CP142632.1	273819	273860	1
CP142632.1	273860	273865	0
CP142632.1	273865	273869	1
CP142632.1	273869	273934	2
CP142632.1	273934	273936	1
CP142632.1	273936	273940	0
CP142632.1	273940	273948	1
CP142632.1	273948	274022	2
CP142632.1	274022	274057	1
CP142632.1	274057	274155	0
CP142632.1	274155	274162	2
CP142632.1	274162	274215	3
CP142632.1	274215	274246	2
CP142632.1	274246	274248	1
CP142632.1	274248	274278	2
CP142632.1	274278	274289	1
CP142632.1	274289	274292	0
CP142632.1	274292	274306	1
CP142632.1	274306	274470	0
CP142632.1	274470	274494	1
CP142632.1	274494	274513	2
CP142632.1	274513	274552	3
CP142632.1	274552	274603	4
CP142632.1	274603	274612	3
CP142632.1	274612	274635	2
CP142632.1	274635	274667	1
CP142632.1	274667	274668	0
CP142632.1	274668	274689	1
CP142632.1	274689	274691	0
CP142632.1	274691	274707	1
CP142632.1	274707	274729	2
CP142632.1	274729	274787	1
CP142632.1	274787	274811	2
CP142632.1	274811	274841	1
CP142632.1	274841	275061	0
CP142632.1	275061	275229	1
CP142632.1	275229	275356	0
CP142632.1	275356	275398	1
CP142632.1	275398	275434	2
CP142632.1	275434	275463	3
CP142632.1	275463	275522	2
CP142632.1	275522	275524	1
CP142632.1	275524	275773	0
CP142632.1	275773	275848	1
CP142632.1	275848	275892	0
CP142632.1	275892	275951	1
CP142632.1	275951	276069	0
CP142632.1	276069	276145	1
CP142632.1	276145	276147	0
CP142632.1	276147	276195	1
CP142632.1	276195	276277	2
CP142632.1	276277	276319	3
CP142632.1	276319	276331	2
CP142632.1	276331	276335	3
CP142632.1	276335	276372	2
CP142632.1	276372	276381	1
CP142632.1	276381	276613	0
CP142632.1	276613	276619	1
CP142632.1	276619	276622	0
CP142632.1	276622	276644	1
CP142632.1	276644	276693	2
CP142632.1	276693	276706	1
CP142632.1	276706	276766	2
CP142632.1	276766	276774	1
CP142632.1	276774	276891	0
CP142632.1	276891	276930	1
CP142632.1	276930	277055	2
CP142632.1	277055	277097	1
CP142632.1	277097	277127	0
CP142632.1	277127	277195	1
CP142632.1	277195	277242	0
CP142632.1	277242	277260	1
CP142632.1	277260	277337	2
CP142632.1	277337	277372	1
CP142632.1	277372	277601	0
CP142632.1	277601	277622	1
CP142632.1	277622	277625	0
CP142632.1	277625	277665	1
CP142632.1	277665	277677	0
CP142632.1	277677	277784	1
CP142632.1	277784	277803	2
CP142632.1	277803	277806	1
CP142632.1	277806	277865	2
CP142632.1	277865	277921	3
CP142632.1	277921	277955	2
CP142632.1	277955	277969	3
CP142632.1	277969	277983	2
CP142632.1	277983	277984	1
CP142632.1	277984	278028	2
CP142632.1	278028	278079	1
CP142632.1	278079	278169	0
CP142632.1	278169	278234	1
CP142632.1	278234	278284	2
CP142632.1	278284	278356	3
CP142632.1	278356	278380	2
CP142632.1	278380	278381	1
CP142632.1	278381	278427	0
CP142632.1	278427	278492	1
CP142632.1	278492	278507	2
CP142632.1	278507	278570	1
CP142632.1	278570	278621	0
CP142632.1	278621	278661	1
CP142632.1	278661	278694	2
CP142632.1	278694	278738	1
CP142632.1	278738	278808	2
CP142632.1	278808	278877	1
CP142632.1	278877	278919	2
CP142632.1	278919	278968	1
CP142632.1	278968	279036	2
CP142632.1	279036	279037	1
CP142632.1	279037	279049	2
CP142632.1	279049	279074	1
CP142632.1	279074	279156	0
CP142632.1	279156	279170	1
CP142632.1	279170	279228	2
CP142632.1	279228	279304	1
CP142632.1	279304	279305	0
CP142632.1	279305	279341	1
CP142632.1	279341	279380	0
CP142632.1	279380	279394	1
CP142632.1	279394	279395	0
CP142632.1	279395	279436	1
CP142632.1	279436	279444	0
CP142632.1	279444	279512	1
CP142632.1	279512	279526	0
CP142632.1	279526	279532	1
CP142632.1	279532	279583	2
CP142632.1	279583	279608	1
CP142632.1	279608	279626	2
CP142632.1	279626	279628	1
CP142632.1	279628	279630	2
CP142632.1	279630	279672	3
CP142632.1	279672	279703	2
CP142632.1	279703	279731	1
CP142632.1	279731	279918	0
CP142632.1	279918	280022	1
CP142632.1	280022	280074	0
CP142632.1	280074	280213	1
CP142632.1	280213	280265	2
CP142632.1	280265	280304	1
CP142632.1	280304	280318	0
CP142632.1	280318	280481	1
CP142632.1	280481	280530	0
CP142632.1	280530	280553	1
CP142632.1	280553	280609	2
CP142632.1	280609	280612	1
CP142632.1	280612	280665	2
CP142632.1	280665	280666	1
CP142632.1	280666	280681	2
CP142632.1	280681	280682	0
CP142632.1	280682	280683	1
CP142632.1	280683	280705	2
CP142632.1	280705	280800	1
CP142632.1	280800	280821	2
CP142632.1	280821	280822	1
CP142632.1	280822	280835	2
CP142632.1	280835	280837	1
CP142632.1	280837	280843	2
CP142632.1	280843	280869	3
CP142632.1	280869	280924	2
CP142632.1	280924	280939	1
CP142632.1	280939	280956	0
CP142632.1	280956	280971	1
CP142632.1	280971	281020	2
CP142632.1	281020	281021	1
CP142632.1	281021	281029	2
CP142632.1	281029	281049	1
CP142632.1	281049	281050	0
CP142632.1	281050	281061	1
CP142632.1	281061	281072	2
CP142632.1	281072	281144	1
CP142632.1	281144	281147	0
CP142632.1	281147	281195	1
CP142632.1	281195	281203	0
CP142632.1	281203	281224	1
CP142632.1	281224	281234	2
CP142632.1	281234	281325	1
CP142632.1	281325	281326	0
CP142632.1	281326	281343	1
CP142632.1	281343	281607	0
CP142632.1	281607	281630	1
CP142632.1	281630	281668	2
CP142632.1	281668	281686	3
CP142632.1	281686	281687	2
CP142632.1	281687	281698	3
CP142632.1	281698	281708	2
CP142632.1	281708	281711	1
CP142632.1	281711	281714	0
CP142632.1	281714	281804	2
CP142632.1	281804	281813	3
CP142632.1	281813	281814	4
CP142632.1	281814	281845	3
CP142632.1	281845	281891	2
CP142632.1	281891	281927	1
CP142632.1	281927	281940	2
CP142632.1	281940	282031	1
CP142632.1	282031	282085	2
CP142632.1	282085	282101	3
CP142632.1	282101	282106	1
CP142632.1	282106	282136	3
CP142632.1	282136	282142	2
CP142632.1	282142	282158	3
CP142632.1	282158	282203	2
CP142632.1	282203	282227	1
CP142632.1	282227	282386	2
CP142632.1	282386	282425	1
CP142632.1	282425	282448	2
CP142632.1	282448	282450	3
CP142632.1	282450	282453	4
CP142632.1	282453	282454	3
CP142632.1	282454	282492	4
CP142632.1	282492	282517	3
CP142632.1	282517	282518	2
CP142632.1	282518	282532	3
CP142632.1	282532	282567	2
CP142632.1	282567	282693	1
CP142632.1	282693	282731	2
CP142632.1	282731	282733	1
CP142632.1	282733	282770	2
CP142632.1	282770	282779	1
CP142632.1	282779	282782	0
CP142632.1	282782	282784	1
CP142632.1	282784	282816	2
CP142632.1	282816	282828	1
CP142632.1	282828	282832	0
CP142632.1	282832	282875	1
CP142632.1	282875	282883	2
CP142632.1	282883	282903	3
CP142632.1	282903	282906	2
CP142632.1	282906	282940	3
CP142632.1	282940	282942	2
CP142632.1	282942	282974	3
CP142632.1	282974	282989	2
CP142632.1	282989	282990	1
CP142632.1	282990	283007	2
CP142632.1	283007	283027	1
CP142632.1	283027	283443	0
CP142632.1	283443	283547	1
CP142632.1	283547	283612	0
CP142632.1	283612	283628	1
CP142632.1	283628	283629	0
CP142632.1	283629	283633	1
CP142632.1	283633	283653	2
CP142632.1	283653	283654	1
CP142632.1	283654	283656	2
CP142632.1	283656	283661	1
CP142632.1	283661	283671	2
CP142632.1	283671	283673	0
CP142632.1	283673	283695	2
CP142632.1	283695	283697	1
CP142632.1	283697	283716	2
CP142632.1	283716	283717	1
CP142632.1	283717	283730	2
CP142632.1	283730	283732	1
CP142632.1	283732	283737	2
CP142632.1	283737	283744	1
CP142632.1	283744	283747	0
CP142632.1	283747	283801	1
CP142632.1	283801	283878	0
CP142632.1	283878	283945	1
CP142632.1	283945	284021	0
CP142632.1	284021	284144	1
CP142632.1	284144	284369	0
CP142632.1	284369	284413	1
CP142632.1	284413	284423	0
CP142632.1	284423	284439	1
CP142632.1	284439	284444	0
CP142632.1	284444	284482	1
CP142632.1	284482	284483	0
CP142632.1	284483	284529	1
CP142632.1	284529	284531	0
CP142632.1	284531	284560	1
CP142632.1	284560	284561	0
CP142632.1	284561	284565	1
CP142632.1	284565	284580	2
CP142632.1	284580	284581	1
CP142632.1	284581	284610	2
CP142632.1	284610	284612	1
CP142632.1	284612	284645	2
CP142632.1	284645	284699	1
CP142632.1	284699	284721	0
CP142632.1	284721	284732	1
CP142632.1	284732	284806	2
CP142632.1	284806	284817	1
CP142632.1	284817	284824	2
CP142632.1	284824	284887	3
CP142632.1	284887	284890	2
CP142632.1	284890	284939	3
CP142632.1	284939	284961	2
CP142632.1	284961	284998	3
CP142632.1	284998	285106	2
CP142632.1	285106	285107	3
CP142632.1	285107	285130	4
CP142632.1	285130	285138	3
CP142632.1	285138	285140	2
CP142632.1	285140	285190	3
CP142632.1	285190	285221	2
CP142632.1	285221	285223	1
CP142632.1	285223	285239	2
CP142632.1	285239	285301	1
CP142632.1	285301	285389	0
CP142632.1	285389	285427	1
CP142632.1	285427	285428	0
CP142632.1	285428	285431	1
CP142632.1	285431	285449	2
CP142632.1	285449	285484	1
CP142632.1	285484	285607	2
CP142632.1	285607	285651	1
CP142632.1	285651	285652	0
CP142632.1	285652	285676	1
CP142632.1	285676	286129	0
CP142632.1	286129	286200	1
CP142632.1	286200	286342	0
CP142632.1	286342	286384	1
CP142632.1	286384	286440	0
CP142632.1	286440	286477	1
CP142632.1	286477	286503	2
CP142632.1	286503	286531	1
CP142632.1	286531	286532	0
CP142632.1	286532	286533	1
CP142632.1	286533	286556	2
CP142632.1	286556	286559	1
CP142632.1	286559	286588	2
CP142632.1	286588	286589	1
CP142632.1	286589	286601	2
CP142632.1	286601	286608	3
CP142632.1	286608	286624	4
CP142632.1	286624	286628	3
CP142632.1	286628	286646	4
CP142632.1	286646	286652	3
CP142632.1	286652	286658	2
CP142632.1	286658	286663	1
CP142632.1	286663	286676	2
CP142632.1	286676	286677	1
CP142632.1	286677	286688	2
CP142632.1	286688	286690	1
CP142632.1	286690	286702	2
CP142632.1	286702	286720	1
CP142632.1	286720	286721	0
CP142632.1	286721	286742	1
CP142632.1	286742	286798	0
CP142632.1	286798	286970	1
CP142632.1	286970	286999	2
CP142632.1	286999	287000	1
CP142632.1	287000	287028	2
CP142632.1	287028	287030	1
CP142632.1	287030	287148	2
CP142632.1	287148	287298	1
CP142632.1	287298	287313	2
CP142632.1	287313	287348	3
CP142632.1	287348	287353	2
CP142632.1	287353	287429	1
CP142632.1	287429	287460	0
CP142632.1	287460	287462	1
CP142632.1	287462	287537	2
CP142632.1	287537	287619	1
CP142632.1	287619	287630	0
CP142632.1	287630	287655	1
CP142632.1	287655	287690	2
CP142632.1	287690	287691	1
CP142632.1	287691	287698	0
CP142632.1	287698	287700	1
CP142632.1	287700	287711	2
CP142632.1	287711	287712	1
CP142632.1	287712	287715	2
CP142632.1	287715	287726	3
CP142632.1	287726	287753	2
CP142632.1	287753	287846	1
CP142632.1	287846	287923	0
CP142632.1	287923	288057	1
CP142632.1	288057	288060	2
CP142632.1	288060	288062	1
CP142632.1	288062	288070	2
CP142632.1	288070	288089	3
CP142632.1	288089	288111	2
CP142632.1	288111	288114	1
CP142632.1	288114	288134	2
CP142632.1	288134	288162	1
CP142632.1	288162	288163	0
CP142632.1	288163	288195	1
CP142632.1	288195	288240	2
CP142632.1	288240	288307	3
CP142632.1	288307	288342	2
CP142632.1	288342	288343	3
CP142632.1	288343	288349	2
CP142632.1	288349	288450	1
CP142632.1	288450	288486	0
CP142632.1	288486	288532	1
CP142632.1	288532	288550	2
CP142632.1	288550	288570	1
CP142632.1	288570	288663	2
CP142632.1	288663	288664	1
CP142632.1	288664	288677	2
CP142632.1	288677	288694	1
CP142632.1	288694	288841	0
CP142632.1	288841	288950	1
CP142632.1	288950	288951	0
CP142632.1	288951	289066	1
CP142632.1	289066	289130	2
CP142632.1	289130	289174	1
CP142632.1	289174	289176	0
CP142632.1	289176	289194	1
CP142632.1	289194	289195	0
CP142632.1	289195	289347	1
CP142632.1	289347	289353	0
CP142632.1	289353	289375	1
CP142632.1	289375	289648	0
CP142632.1	289648	289684	1
CP142632.1	289684	289722	2
CP142632.1	289722	289732	1
CP142632.1	289732	289735	0
CP142632.1	289735	289747	1
CP142632.1	289747	289894	0
CP142632.1	289894	289942	1
CP142632.1	289942	289972	2
CP142632.1	289972	290027	1
CP142632.1	290027	290062	2
CP142632.1	290062	290063	1
CP142632.1	290063	290084	2
CP142632.1	290084	290111	1
CP142632.1	290111	290205	0
CP142632.1	290205	290370	1
CP142632.1	290370	290415	2
CP142632.1	290415	290437	1
CP142632.1	290437	290538	2
CP142632.1	290538	290629	1
CP142632.1	290629	290693	2
CP142632.1	290693	290702	1
CP142632.1	290702	290918	0
CP142632.1	290918	290989	1
CP142632.1	290989	290993	0
CP142632.1	290993	291114	1
CP142632.1	291114	291129	0
CP142632.1	291129	291187	1
CP142632.1	291187	291204	0
CP142632.1	291204	291255	1
CP142632.1	291255	291256	0
CP142632.1	291256	291286	1
CP142632.1	291286	291339	0
CP142632.1	291339	291377	1
CP142632.1	291377	291379	2
CP142632.1	291379	291397	3
CP142632.1	291397	291398	1
CP142632.1	291398	291423	2
CP142632.1	291423	291461	3
CP142632.1	291461	291481	2
CP142632.1	291481	291501	3
CP142632.1	291501	291511	4
CP142632.1	291511	291519	3
CP142632.1	291519	291520	2
CP142632.1	291520	291537	3
CP142632.1	291537	291637	2
CP142632.1	291637	291674	3
CP142632.1	291674	291702	2
CP142632.1	291702	291706	3
CP142632.1	291706	291728	2
CP142632.1	291728	291804	3
CP142632.1	291804	291848	2
CP142632.1	291848	291896	1
CP142632.1	291896	291986	2
CP142632.1	291986	291989	1
CP142632.1	291989	291995	2
CP142632.1	291995	292055	3
CP142632.1	292055	292072	2
CP142632.1	292072	292076	1
CP142632.1	292076	292086	2
CP142632.1	292086	292139	1
CP142632.1	292139	292331	0
CP142632.1	292331	292414	1
CP142632.1	292414	292582	0
CP142632.1	292582	292591	1
CP142632.1	292591	292657	3
CP142632.1	292657	292683	2
CP142632.1	292683	292713	1
CP142632.1	292713	292714	2
CP142632.1	292714	292860	1
CP142632.1	292860	292862	0
CP142632.1	292862	292905	1
CP142632.1	292905	292948	0
CP142632.1	292948	292960	1
CP142632.1	292960	293005	2
CP142632.1	293005	293016	1
CP142632.1	293016	293115	0
CP142632.1	293115	293184	1
CP142632.1	293184	293188	0
CP142632.1	293188	293248	1
CP142632.1	293248	293275	2
CP142632.1	293275	293336	1
CP142632.1	293336	293373	2
CP142632.1	293373	293422	1
CP142632.1	293422	293425	2
CP142632.1	293425	293463	3
CP142632.1	293463	293498	2
CP142632.1	293498	293542	1
CP142632.1	293542	293583	2
CP142632.1	293583	293584	1
CP142632.1	293584	293604	2
CP142632.1	293604	293673	1
CP142632.1	293673	293679	0
CP142632.1	293679	293735	1
CP142632.1	293735	293897	0
CP142632.1	293897	293965	1
CP142632.1	293965	294021	0
CP142632.1	294021	294062	1
CP142632.1	294062	294079	2
CP142632.1	294079	294085	3
CP142632.1	294085	294086	2
CP142632.1	294086	294147	3
CP142632.1	294147	294247	2
CP142632.1	294247	294281	1
CP142632.1	294281	294425	0
CP142632.1	294425	294464	1
CP142632.1	294464	294489	2
CP142632.1	294489	294498	1
CP142632.1	294498	294578	2
CP142632.1	294578	294590	3
CP142632.1	294590	294640	4
CP142632.1	294640	294654	3
CP142632.1	294654	294672	2
CP142632.1	294672	294692	1
CP142632.1	294692	294717	0
CP142632.1	294717	294762	1
CP142632.1	294762	294769	2
CP142632.1	294769	294847	1
CP142632.1	294847	294853	0
CP142632.1	294853	294891	1
CP142632.1	294891	294984	0
CP142632.1	294984	295050	1
CP142632.1	295050	295120	0
CP142632.1	295120	295239	1
CP142632.1	295239	295352	0
CP142632.1	295352	295358	1
CP142632.1	295358	295402	2
CP142632.1	295402	295428	3
CP142632.1	295428	295595	2
CP142632.1	295595	295605	1
CP142632.1	295605	295610	0
CP142632.1	295610	295698	1
CP142632.1	295698	295721	2
CP142632.1	295721	295739	3
CP142632.1	295739	295740	2
CP142632.1	295740	295753	1
CP142632.1	295753	295782	2
CP142632.1	295782	295783	1
CP142632.1	295783	295800	2
CP142632.1	295800	295809	1
CP142632.1	295809	295811	2
CP142632.1	295811	295813	1
CP142632.1	295813	295815	2
CP142632.1	295815	295854	3
CP142632.1	295854	295900	2
CP142632.1	295900	295922	1
CP142632.1	295922	296360	0
CP142632.1	296360	296374	1
CP142632.1	296374	296381	2
CP142632.1	296381	296511	3
CP142632.1	296511	296529	2
CP142632.1	296529	296544	3
CP142632.1	296544	296558	2
CP142632.1	296558	296564	3
CP142632.1	296564	296589	2
CP142632.1	296589	296620	1
CP142632.1	296620	296659	2
CP142632.1	296659	296668	3
CP142632.1	296668	296696	2
CP142632.1	296696	296752	3
CP142632.1	296752	296753	2
CP142632.1	296753	296802	3
CP142632.1	296802	296841	2
CP142632.1	296841	296843	1
CP142632.1	296843	296844	0
CP142632.1	296844	296871	1
CP142632.1	296871	296991	0
CP142632.1	296991	296994	1
CP142632.1	296994	297026	2
CP142632.1	297026	297027	1
CP142632.1	297027	297140	2
CP142632.1	297140	297330	1
CP142632.1	297330	297456	0
CP142632.1	297456	297598	1
CP142632.1	297598	297609	2
CP142632.1	297609	297683	1
CP142632.1	297683	297782	0
CP142632.1	297782	297804	1
CP142632.1	297804	297807	0
CP142632.1	297807	297870	1
CP142632.1	297870	297935	0
CP142632.1	297935	298041	1
CP142632.1	298041	298043	0
CP142632.1	298043	298075	1
CP142632.1	298075	298115	2
CP142632.1	298115	298151	3
CP142632.1	298151	298176	2
CP142632.1	298176	298230	1
CP142632.1	298230	298269	0
CP142632.1	298269	298334	1
CP142632.1	298334	298335	0
CP142632.1	298335	298428	1
CP142632.1	298428	298470	0
CP142632.1	298470	298476	1
CP142632.1	298476	298525	2
CP142632.1	298525	298551	3
CP142632.1	298551	298552	2
CP142632.1	298552	298555	3
CP142632.1	298555	298578	2
CP142632.1	298578	298661	1
CP142632.1	298661	298699	2
CP142632.1	298699	298763	1
CP142632.1	298763	298821	2
CP142632.1	298821	298832	1
CP142632.1	298832	298841	2
CP142632.1	298841	298843	1
CP142632.1	298843	298875	2
CP142632.1	298875	298888	3
CP142632.1	298888	298918	2
CP142632.1	298918	298931	1
CP142632.1	298931	298934	0
CP142632.1	298934	298945	2
CP142632.1	298945	298946	1
CP142632.1	298946	298960	2
CP142632.1	298960	298961	1
CP142632.1	298961	298962	0
CP142632.1	298962	298964	1
CP142632.1	298964	298972	2
CP142632.1	298972	298975	1
CP142632.1	298975	298984	2
CP142632.1	298984	298989	1
CP142632.1	298989	299042	2
CP142632.1	299042	299050	1
CP142632.1	299050	299142	2
CP142632.1	299142	299160	3
CP142632.1	299160	299161	2
CP142632.1	299161	299180	3
CP142632.1	299180	299234	2
CP142632.1	299234	299263	1
CP142632.1	299263	299373	0
CP142632.1	299373	299379	1
CP142632.1	299379	299548	2
CP142632.1	299548	299562	3
CP142632.1	299562	299589	2
CP142632.1	299589	299600	1
CP142632.1	299600	299602	0
CP142632.1	299602	299643	1
CP142632.1	299643	299682	2
CP142632.1	299682	299688	1
CP142632.1	299688	299748	2
CP142632.1	299748	299751	1
CP142632.1	299751	299783	2
CP142632.1	299783	299791	1
CP142632.1	299791	300065	0
CP142632.1	300065	300139	1
CP142632.1	300139	300142	0
CP142632.1	300142	300222	2
CP142632.1	300222	300236	1
CP142632.1	300236	300250	2
CP142632.1	300250	300292	1
CP142632.1	300292	300294	2
CP142632.1	300294	300368	1
CP142632.1	300368	300431	0
CP142632.1	300431	300479	1
CP142632.1	300479	300480	0
CP142632.1	300480	300547	1
CP142632.1	300547	300645	0
CP142632.1	300645	300696	1
CP142632.1	300696	300706	0
CP142632.1	300706	300805	1
CP142632.1	300805	300810	0
CP142632.1	300810	300893	1
CP142632.1	300893	301243	0
CP142632.1	301243	301263	1
CP142632.1	301263	301265	0
CP142632.1	301265	301346	1
CP142632.1	301346	301435	2
CP142632.1	301435	301436	1
CP142632.1	301436	301440	2
CP142632.1	301440	301489	1
CP142632.1	301489	301492	0
CP142632.1	301492	301556	1
CP142632.1	301556	301559	2
CP142632.1	301559	301560	1
CP142632.1	301560	301642	2
CP142632.1	301642	301720	1
CP142632.1	301720	301797	2
CP142632.1	301797	301879	1
CP142632.1	301879	302065	0
CP142632.1	302065	302142	1
CP142632.1	302142	302385	0
CP142632.1	302385	302494	1
CP142632.1	302494	302803	0
CP142632.1	302803	302854	1
CP142632.1	302854	303005	0
CP142632.1	303005	303038	1
CP142632.1	303038	303055	2
CP142632.1	303055	303094	1
CP142632.1	303094	303107	2
CP142632.1	303107	303141	1
CP142632.1	303141	303213	2
CP142632.1	303213	303224	1
CP142632.1	303224	303343	0
CP142632.1	303343	303384	1
CP142632.1	303384	303445	2
CP142632.1	303445	303451	0
CP142632.1	303451	303478	2
CP142632.1	303478	303492	1
CP142632.1	303492	303493	2
CP142632.1	303493	303494	1
CP142632.1	303494	303579	2
CP142632.1	303579	303587	3
CP142632.1	303587	303617	2
CP142632.1	303617	303675	1
CP142632.1	303675	303681	2
CP142632.1	303681	303684	1
CP142632.1	303684	303722	2
CP142632.1	303722	303723	0
CP142632.1	303723	303752	2
CP142632.1	303752	303753	1
CP142632.1	303753	303804	0
CP142632.1	303804	303823	1
CP142632.1	303823	303824	0
CP142632.1	303824	303895	1
CP142632.1	303895	303927	0
CP142632.1	303927	303985	1
CP142632.1	303985	303992	2
CP142632.1	303992	304046	1
CP142632.1	304046	304101	0
CP142632.1	304101	304131	1
CP142632.1	304131	304132	0
CP142632.1	304132	304211	1
CP142632.1	304211	304216	2
CP142632.1	304216	304275	1
CP142632.1	304275	304327	2
CP142632.1	304327	304370	1
CP142632.1	304370	304372	0
CP142632.1	304372	304389	1
CP142632.1	304389	304410	2
CP142632.1	304410	304418	3
CP142632.1	304418	304445	4
CP142632.1	304445	304447	3
CP142632.1	304447	304449	2
CP142632.1	304449	304460	3
CP142632.1	304460	304468	2
CP142632.1	304468	304469	1
CP142632.1	304469	304483	2
CP142632.1	304483	304484	1
CP142632.1	304484	304519	2
CP142632.1	304519	304532	3
CP142632.1	304532	304536	4
CP142632.1	304536	304572	3
CP142632.1	304572	304585	2
CP142632.1	304585	304588	1
CP142632.1	304588	304617	2
CP142632.1	304617	304645	1
CP142632.1	304645	304664	0
CP142632.1	304664	304693	1
CP142632.1	304693	304722	2
CP142632.1	304722	304768	1
CP142632.1	304768	304815	0
CP142632.1	304815	304910	1
CP142632.1	304910	304935	3
CP142632.1	304935	304976	4
CP142632.1	304976	305025	3
CP142632.1	305025	305059	2
CP142632.1	305059	305092	1
CP142632.1	305092	305138	0
CP142632.1	305138	305165	1
CP142632.1	305165	305201	2
CP142632.1	305201	305224	3
CP142632.1	305224	305253	4
CP142632.1	305253	305255	3
CP142632.1	305255	305274	4
CP142632.1	305274	305275	3
CP142632.1	305275	305291	4
CP142632.1	305291	305305	5
CP142632.1	305305	305332	4
CP142632.1	305332	305351	3
CP142632.1	305351	305352	2
CP142632.1	305352	305355	1
CP142632.1	305355	305400	0
CP142632.1	305400	305481	1
CP142632.1	305481	305556	0
CP142632.1	305556	305586	1
CP142632.1	305586	305613	2
CP142632.1	305613	305627	1
CP142632.1	305627	305691	2
CP142632.1	305691	305707	1
CP142632.1	305707	305834	0
CP142632.1	305834	305858	1
CP142632.1	305858	305875	2
CP142632.1	305875	305879	3
CP142632.1	305879	305880	2
CP142632.1	305880	305920	3
CP142632.1	305920	305927	4
CP142632.1	305927	305944	3
CP142632.1	305944	305956	2
CP142632.1	305956	305958	1
CP142632.1	305958	305998	2
CP142632.1	305998	306003	1
CP142632.1	306003	306010	2
CP142632.1	306010	306018	1
CP142632.1	306018	306067	2
CP142632.1	306067	306083	3
CP142632.1	306083	306142	4
CP142632.1	306142	306177	3
CP142632.1	306177	306192	2
CP142632.1	306192	306322	1
CP142632.1	306322	306393	0
CP142632.1	306393	306423	1
CP142632.1	306423	306443	2
CP142632.1	306443	306449	1
CP142632.1	306449	306536	2
CP142632.1	306536	306537	1
CP142632.1	306537	306542	0
CP142632.1	306542	306587	1
CP142632.1	306587	306604	2
CP142632.1	306604	306651	3
CP142632.1	306651	306655	2
CP142632.1	306655	306660	3
CP142632.1	306660	306663	2
CP142632.1	306663	306728	3
CP142632.1	306728	306733	2
CP142632.1	306733	306738	3
CP142632.1	306738	306767	2
CP142632.1	306767	306773	1
CP142632.1	306773	306793	2
CP142632.1	306793	306824	1
CP142632.1	306824	306825	0
CP142632.1	306825	306835	1
CP142632.1	306835	306879	2
CP142632.1	306879	306881	1
CP142632.1	306881	306936	2
CP142632.1	306936	306943	1
CP142632.1	306943	306949	2
CP142632.1	306949	307183	1
CP142632.1	307183	307205	2
CP142632.1	307205	307225	1
CP142632.1	307225	307350	0
CP142632.1	307350	307362	1
CP142632.1	307362	307406	2
CP142632.1	307406	307517	1
CP142632.1	307517	307647	0
CP142632.1	307647	307649	1
CP142632.1	307649	307692	2
CP142632.1	307692	307698	3
CP142632.1	307698	307758	2
CP142632.1	307758	307762	1
CP142632.1	307762	307800	0
CP142632.1	307800	307894	1
CP142632.1	307894	307900	0
CP142632.1	307900	308017	1
CP142632.1	308017	308029	0
CP142632.1	308029	308099	1
CP142632.1	308099	308114	2
CP142632.1	308114	308142	3
CP142632.1	308142	308203	2
CP142632.1	308203	308204	1
CP142632.1	308204	308230	2
CP142632.1	308230	308293	1
CP142632.1	308293	308440	0
CP142632.1	308440	308475	1
CP142632.1	308475	308476	0
CP142632.1	308476	308484	1
CP142632.1	308484	308553	2
CP142632.1	308553	308583	3
CP142632.1	308583	308650	2
CP142632.1	308650	308658	1
CP142632.1	308658	308659	2
CP142632.1	308659	308673	1
CP142632.1	308673	308674	0
CP142632.1	308674	308690	2
CP142632.1	308690	308738	3
CP142632.1	308738	308769	2
CP142632.1	308769	308772	1
CP142632.1	308772	308780	2
CP142632.1	308780	308783	1
CP142632.1	308783	308786	2
CP142632.1	308786	308798	3
CP142632.1	308798	308799	4
CP142632.1	308799	308804	5
CP142632.1	308804	308805	4
CP142632.1	308805	308824	5
CP142632.1	308824	308850	4
CP142632.1	308850	308861	3
CP142632.1	308861	308863	2
CP142632.1	308863	308914	1
CP142632.1	308914	308931	0
CP142632.1	308931	308953	1
CP142632.1	308953	308991	2
CP142632.1	308991	309020	1
CP142632.1	309020	309021	0
CP142632.1	309021	309031	1
CP142632.1	309031	309044	2
CP142632.1	309044	309045	1
CP142632.1	309045	309101	2
CP142632.1	309101	309110	1
CP142632.1	309110	309113	0
CP142632.1	309113	309129	2
CP142632.1	309129	309130	3
CP142632.1	309130	309131	2
CP142632.1	309131	309138	3
CP142632.1	309138	309187	4
CP142632.1	309187	309193	3
CP142632.1	309193	309199	2
CP142632.1	309199	309201	1
CP142632.1	309201	309597	0
CP142632.1	309597	309609	1
CP142632.1	309609	309646	2
CP142632.1	309646	309648	3
CP142632.1	309648	309649	2
CP142632.1	309649	309669	3
CP142632.1	309669	309677	2
CP142632.1	309677	309778	3
CP142632.1	309778	309792	2
CP142632.1	309792	309804	1
CP142632.1	309804	309823	2
CP142632.1	309823	309884	3
CP142632.1	309884	309902	2
CP142632.1	309902	309944	1
CP142632.1	309944	309965	2
CP142632.1	309965	309967	1
CP142632.1	309967	309972	2
CP142632.1	309972	310083	1
CP142632.1	310083	310084	2
CP142632.1	310084	310199	1
CP142632.1	310199	310201	2
CP142632.1	310201	310219	1
CP142632.1	310219	310222	0
CP142632.1	310222	310275	1
CP142632.1	310275	310283	0
CP142632.1	310283	310350	1
CP142632.1	310350	310359	2
CP142632.1	310359	310417	1
CP142632.1	310417	310493	0
CP142632.1	310493	310522	1
CP142632.1	310522	310530	2
CP142632.1	310530	310551	3
CP142632.1	310551	310614	2
CP142632.1	310614	310657	3
CP142632.1	310657	310661	2
CP142632.1	310661	310668	1
CP142632.1	310668	310763	2
CP142632.1	310763	310796	1
CP142632.1	310796	311160	0
CP142632.1	311160	311215	1
CP142632.1	311215	311219	2
CP142632.1	311219	311306	1
CP142632.1	311306	311317	2
CP142632.1	311317	311329	3
CP142632.1	311329	311339	2
CP142632.1	311339	311370	3
CP142632.1	311370	311378	2
CP142632.1	311378	311410	1
CP142632.1	311410	311557	0
CP142632.1	311557	311650	1
CP142632.1	311650	311757	0
CP142632.1	311757	311842	1
CP142632.1	311842	311843	0
CP142632.1	311843	311848	1
CP142632.1	311848	311887	2
CP142632.1	311887	312067	1
CP142632.1	312067	312104	0
CP142632.1	312104	312150	1
CP142632.1	312150	312219	2
CP142632.1	312219	312221	1
CP142632.1	312221	312242	2
CP142632.1	312242	312258	1
CP142632.1	312258	312266	2
CP142632.1	312266	312268	3
CP142632.1	312268	312318	2
CP142632.1	312318	312338	1
CP142632.1	312338	312357	2
CP142632.1	312357	312364	1
CP142632.1	312364	312366	0
CP142632.1	312366	312370	1
CP142632.1	312370	312423	2
CP142632.1	312423	312446	3
CP142632.1	312446	312447	2
CP142632.1	312447	312489	3
CP142632.1	312489	312517	2
CP142632.1	312517	312591	1
CP142632.1	312591	312622	0
CP142632.1	312622	312741	1
CP142632.1	312741	312778	0
CP142632.1	312778	312847	1
CP142632.1	312847	312854	0
CP142632.1	312854	312858	1
CP142632.1	312858	312888	2
CP142632.1	312888	312920	3
CP142632.1	312920	312922	2
CP142632.1	312922	312931	3
CP142632.1	312931	312933	4
CP142632.1	312933	312947	3
CP142632.1	312947	312950	4
CP142632.1	312950	313041	3
CP142632.1	313041	313047	2
CP142632.1	313047	313081	1
CP142632.1	313081	313089	0
CP142632.1	313089	313183	1
CP142632.1	313183	313184	0
CP142632.1	313184	313201	1
CP142632.1	313201	313204	0
CP142632.1	313204	313258	1
CP142632.1	313258	313274	2
CP142632.1	313274	313283	1
CP142632.1	313283	313371	2
CP142632.1	313371	313397	3
CP142632.1	313397	313419	4
CP142632.1	313419	313442	2
CP142632.1	313442	313444	3
CP142632.1	313444	313469	4
CP142632.1	313469	313490	3
CP142632.1	313490	313523	4
CP142632.1	313523	313531	3
CP142632.1	313531	313532	2
CP142632.1	313532	313542	3
CP142632.1	313542	313577	2
CP142632.1	313577	313579	1
CP142632.1	313579	313580	0
CP142632.1	313580	313602	2
CP142632.1	313602	313603	1
CP142632.1	313603	313636	2
CP142632.1	313636	313638	1
CP142632.1	313638	313642	2
CP142632.1	313642	313671	1
CP142632.1	313671	313675	0
CP142632.1	313675	313717	1
CP142632.1	313717	313779	0
CP142632.1	313779	313795	1
CP142632.1	313795	313796	0
CP142632.1	313796	313834	1
CP142632.1	313834	313904	2
CP142632.1	313904	313949	1
CP142632.1	313949	314047	2
CP142632.1	314047	314071	0
CP142632.1	314071	314193	1
CP142632.1	314193	314257	0
CP142632.1	314257	314288	1
CP142632.1	314288	314342	2
CP142632.1	314342	314368	1
CP142632.1	314368	314386	2
CP142632.1	314386	314429	3
CP142632.1	314429	314451	4
CP142632.1	314451	314477	3
CP142632.1	314477	314478	2
CP142632.1	314478	314494	3
CP142632.1	314494	314525	2
CP142632.1	314525	314550	1
CP142632.1	314550	314618	2
CP142632.1	314618	314621	1
CP142632.1	314621	314622	0
CP142632.1	314622	314742	1
CP142632.1	314742	314796	0
CP142632.1	314796	314847	1
CP142632.1	314847	314882	0
CP142632.1	314882	314958	1
CP142632.1	314958	315006	0
CP142632.1	315006	315052	1
CP142632.1	315052	315101	0
CP142632.1	315101	315243	1
CP142632.1	315243	315317	0
CP142632.1	315317	315340	1
CP142632.1	315340	315402	2
CP142632.1	315402	315409	1
CP142632.1	315409	315410	0
CP142632.1	315410	315452	1
CP142632.1	315452	315458	0
CP142632.1	315458	315513	1
CP142632.1	315513	315738	0
CP142632.1	315738	315751	1
CP142632.1	315751	315752	0
CP142632.1	315752	315807	1
CP142632.1	315807	315809	0
CP142632.1	315809	315843	1
CP142632.1	315843	315864	2
CP142632.1	315864	315868	1
CP142632.1	315868	315905	2
CP142632.1	315905	315909	1
CP142632.1	315909	315942	0
CP142632.1	315942	315948	1
CP142632.1	315948	315969	2
CP142632.1	315969	315970	1
CP142632.1	315970	316014	2
CP142632.1	316014	316058	1
CP142632.1	316058	316099	0
CP142632.1	316099	316187	1
CP142632.1	316187	316247	0
CP142632.1	316247	316314	1
CP142632.1	316314	316600	0
CP142632.1	316600	316630	1
CP142632.1	316630	316662	2
CP142632.1	316662	316684	1
CP142632.1	316684	317179	0
CP142632.1	317179	317351	1
CP142632.1	317351	317400	0
CP142632.1	317400	317402	1
CP142632.1	317402	317474	2
CP142632.1	317474	317475	1
CP142632.1	317475	317497	2
CP142632.1	317497	317504	3
CP142632.1	317504	317516	4
CP142632.1	317516	317543	3
CP142632.1	317543	317560	4
CP142632.1	317560	317583	5
CP142632.1	317583	317627	4
CP142632.1	317627	317630	3
CP142632.1	317630	317685	2
CP142632.1	317685	317730	1
CP142632.1	317730	317796	0
CP142632.1	317796	317874	1
CP142632.1	317874	317911	2
CP142632.1	317911	317979	1
CP142632.1	317979	318155	0
CP142632.1	318155	318177	1
CP142632.1	318177	318180	2
CP142632.1	318180	318181	1
CP142632.1	318181	318262	2
CP142632.1	318262	318286	1
CP142632.1	318286	318344	2
CP142632.1	318344	318350	1
CP142632.1	318350	318424	0
CP142632.1	318424	318436	1
CP142632.1	318436	318439	0
CP142632.1	318439	318498	1
CP142632.1	318498	318530	0
CP142632.1	318530	318532	1
CP142632.1	318532	318598	2
CP142632.1	318598	318617	1
CP142632.1	318617	318657	0
CP142632.1	318657	318721	1
CP142632.1	318721	318724	2
CP142632.1	318724	318786	3
CP142632.1	318786	318806	2
CP142632.1	318806	318839	1
CP142632.1	318839	318848	2
CP142632.1	318848	318972	1
CP142632.1	318972	319182	0
CP142632.1	319182	319255	1
CP142632.1	319255	319283	0
CP142632.1	319283	319318	1
CP142632.1	319318	319388	2
CP142632.1	319388	319420	1
CP142632.1	319420	319456	2
CP142632.1	319456	319501	1
CP142632.1	319501	319511	2
CP142632.1	319511	319525	3
CP142632.1	319525	319554	2
CP142632.1	319554	319609	3
CP142632.1	319609	319682	2
CP142632.1	319682	319760	3
CP142632.1	319760	319793	2
CP142632.1	319793	319811	1
CP142632.1	319811	319814	2
CP142632.1	319814	319898	1
CP142632.1	319898	319899	0
CP142632.1	319899	319914	1
CP142632.1	319914	320094	0
CP142632.1	320094	320162	1
CP142632.1	320162	320193	2
CP142632.1	320193	320194	1
CP142632.1	320194	320199	2
CP142632.1	320199	320213	3
CP142632.1	320213	320218	4
CP142632.1	320218	320222	3
CP142632.1	320222	320225	4
CP142632.1	320225	320227	3
CP142632.1	320227	320250	4
CP142632.1	320250	320335	3
CP142632.1	320335	320385	2
CP142632.1	320385	320403	1
CP142632.1	320403	320510	0
CP142632.1	320510	320521	1
CP142632.1	320521	320568	2
CP142632.1	320568	320594	3
CP142632.1	320594	320615	5
CP142632.1	320615	320616	2
CP142632.1	320616	320624	5
CP142632.1	320624	320642	4
CP142632.1	320642	320652	3
CP142632.1	320652	320662	2
CP142632.1	320662	320663	1
CP142632.1	320663	320665	2
CP142632.1	320665	320670	3
CP142632.1	320670	320748	4
CP142632.1	320748	320749	2
CP142632.1	320749	320752	1
CP142632.1	320752	320770	4
CP142632.1	320770	320777	3
CP142632.1	320777	320817	2
CP142632.1	320817	320825	1
CP142632.1	320825	320902	0
CP142632.1	320902	320926	1
CP142632.1	320926	320996	2
CP142632.1	320996	321003	1
CP142632.1	321003	321004	0
CP142632.1	321004	321015	1
CP142632.1	321015	321042	2
CP142632.1	321042	321063	1
CP142632.1	321063	321110	0
CP142632.1	321110	321173	1
CP142632.1	321173	321175	2
CP142632.1	321175	321240	3
CP142632.1	321240	321258	2
CP142632.1	321258	321269	1
CP142632.1	321269	321301	2
CP142632.1	321301	321319	3
CP142632.1	321319	321322	0
CP142632.1	321322	321353	3
CP142632.1	321353	321368	2
CP142632.1	321368	321369	1
CP142632.1	321369	321441	2
CP142632.1	321441	321450	1
CP142632.1	321450	321508	0
CP142632.1	321508	321601	1
CP142632.1	321601	321622	0
CP142632.1	321622	321658	1
CP142632.1	321658	321678	2
CP142632.1	321678	321679	1
CP142632.1	321679	321681	0
CP142632.1	321681	321704	1
CP142632.1	321704	321721	2
CP142632.1	321721	321839	1
CP142632.1	321839	321840	0
CP142632.1	321840	321862	1
CP142632.1	321862	321863	0
CP142632.1	321863	321897	1
CP142632.1	321897	322031	0
CP142632.1	322031	322084	1
CP142632.1	322084	322159	2
CP142632.1	322159	322179	1
CP142632.1	322179	322210	2
CP142632.1	322210	322252	1
CP142632.1	322252	322301	0
CP142632.1	322301	322354	1
CP142632.1	322354	322424	0
CP142632.1	322424	322440	1
CP142632.1	322440	322443	2
CP142632.1	322443	322445	1
CP142632.1	322445	322496	2
CP142632.1	322496	322497	1
CP142632.1	322497	322505	2
CP142632.1	322505	322569	1
CP142632.1	322569	322590	2
CP142632.1	322590	322711	1
CP142632.1	322711	322726	2
CP142632.1	322726	322798	1
CP142632.1	322798	322990	0
CP142632.1	322990	323048	1
CP142632.1	323048	323082	2
CP142632.1	323082	323083	1
CP142632.1	323083	323144	2
CP142632.1	323144	323151	1
CP142632.1	323151	323288	0
CP142632.1	323288	323363	1
CP142632.1	323363	323454	0
CP142632.1	323454	323485	1
CP142632.1	323485	323550	2
CP142632.1	323550	323551	1
CP142632.1	323551	323573	2
CP142632.1	323573	323602	1
CP142632.1	323602	323647	0
CP142632.1	323647	323699	1
CP142632.1	323699	323700	2
CP142632.1	323700	323701	1
CP142632.1	323701	323729	2
CP142632.1	323729	323732	3
CP142632.1	323732	323733	2
CP142632.1	323733	323778	3
CP142632.1	323778	323794	2
CP142632.1	323794	323814	3
CP142632.1	323814	323884	2
CP142632.1	323884	323903	3
CP142632.1	323903	323913	2
CP142632.1	323913	323930	3
CP142632.1	323930	323937	2
CP142632.1	323937	323974	3
CP142632.1	323974	323977	1
CP142632.1	323977	324025	2
CP142632.1	324025	324029	3
CP142632.1	324029	324131	2
CP142632.1	324131	324172	1
CP142632.1	324172	324237	2
CP142632.1	324237	324272	3
CP142632.1	324272	324284	2
CP142632.1	324284	324365	1
CP142632.1	324365	324424	2
CP142632.1	324424	324445	1
CP142632.1	324445	324724	0
CP142632.1	324724	324780	1
CP142632.1	324780	324781	0
CP142632.1	324781	324833	1
CP142632.1	324833	324863	0
CP142632.1	324863	325050	1
CP142632.1	325050	325110	2
CP142632.1	325110	325111	0
CP142632.1	325111	325124	2
CP142632.1	325124	325200	3
CP142632.1	325200	325238	2
CP142632.1	325238	325248	3
CP142632.1	325248	325272	2
CP142632.1	325272	325343	1
CP142632.1	325343	325473	0
CP142632.1	325473	325475	1
CP142632.1	325475	325531	2
CP142632.1	325531	325579	1
CP142632.1	325579	325591	2
CP142632.1	325591	325652	1
CP142632.1	325652	325658	2
CP142632.1	325658	325691	3
CP142632.1	325691	325696	4
CP142632.1	325696	325716	3
CP142632.1	325716	325719	2
CP142632.1	325719	325731	1
CP142632.1	325731	325754	2
CP142632.1	325754	325798	1
CP142632.1	325798	325802	0
CP142632.1	325802	325814	1
CP142632.1	325814	325868	0
CP142632.1	325868	325910	1
CP142632.1	325910	325911	0
CP142632.1	325911	325933	1
CP142632.1	325933	325973	0
CP142632.1	325973	325977	1
CP142632.1	325977	325978	3
CP142632.1	325978	325984	4
CP142632.1	325984	325986	5
CP142632.1	325986	325988	4
CP142632.1	325988	325990	2
CP142632.1	325990	325991	3
CP142632.1	325991	325992	4
CP142632.1	325992	326021	5
CP142632.1	326021	326022	4
CP142632.1	326022	326043	5
CP142632.1	326043	326060	4
CP142632.1	326060	326061	3
CP142632.1	326061	326062	1
CP142632.1	326062	326078	2
CP142632.1	326078	326080	3
CP142632.1	326080	326085	2
CP142632.1	326085	326087	1
CP142632.1	326087	326126	3
CP142632.1	326126	326132	2
CP142632.1	326132	326224	1
CP142632.1	326224	326454	0
CP142632.1	326454	326459	1
CP142632.1	326459	326496	2
CP142632.1	326496	326497	1
CP142632.1	326497	326532	2
CP142632.1	326532	326552	3
CP142632.1	326552	326581	2
CP142632.1	326581	326600	1
CP142632.1	326600	327031	0
CP142632.1	327031	327115	1
CP142632.1	327115	327116	0
CP142632.1	327116	327127	1
CP142632.1	327127	327141	2
CP142632.1	327141	327168	1
CP142632.1	327168	327227	2
CP142632.1	327227	327228	1
CP142632.1	327228	327239	2
CP142632.1	327239	327319	1
CP142632.1	327319	327320	0
CP142632.1	327320	327395	1
CP142632.1	327395	327401	2
CP142632.1	327401	327468	1
CP142632.1	327468	327621	0
CP142632.1	327621	327664	1
CP142632.1	327664	327667	0
CP142632.1	327667	327689	1
CP142632.1	327689	327697	2
CP142632.1	327697	327704	3
CP142632.1	327704	327712	4
CP142632.1	327712	327723	3
CP142632.1	327723	327724	2
CP142632.1	327724	327744	3
CP142632.1	327744	327745	0
CP142632.1	327745	327746	1
CP142632.1	327746	327748	2
CP142632.1	327748	327764	3
CP142632.1	327764	327796	2
CP142632.1	327796	327852	1
CP142632.1	327852	327957	0
CP142632.1	327957	328078	1
CP142632.1	328078	328082	0
CP142632.1	328082	328138	1
CP142632.1	328138	328169	0
CP142632.1	328169	328201	1
CP142632.1	328201	328253	2
CP142632.1	328253	328254	1
CP142632.1	328254	328264	2
CP142632.1	328264	328305	1
CP142632.1	328305	328385	0
CP142632.1	328385	328424	1
CP142632.1	328424	328425	0
CP142632.1	328425	328539	1
CP142632.1	328539	328551	0
CP142632.1	328551	328612	1
CP142632.1	328612	328688	0
CP142632.1	328688	328786	1
CP142632.1	328786	328841	2
CP142632.1	328841	328842	1
CP142632.1	328842	328858	2
CP142632.1	328858	328875	1
CP142632.1	328875	329153	0
CP142632.1	329153	329201	1
CP142632.1	329201	329226	2
CP142632.1	329226	329228	1
CP142632.1	329228	329229	2
CP142632.1	329229	329255	3
CP142632.1	329255	329256	2
CP142632.1	329256	329257	3
CP142632.1	329257	329258	2
CP142632.1	329258	329264	3
CP142632.1	329264	329290	2
CP142632.1	329290	329300	1
CP142632.1	329300	329305	0
CP142632.1	329305	329415	1
CP142632.1	329415	329447	0
CP142632.1	329447	329632	1
CP142632.1	329632	329633	0
CP142632.1	329633	329645	1
CP142632.1	329645	329662	0
CP142632.1	329662	329697	1
CP142632.1	329697	329698	0
CP142632.1	329698	329746	1
CP142632.1	329746	329848	0
CP142632.1	329848	329897	1
CP142632.1	329897	329898	0
CP142632.1	329898	329919	1
CP142632.1	329919	329941	0
CP142632.1	329941	330026	1
CP142632.1	330026	330051	0
CP142632.1	330051	330085	1
CP142632.1	330085	330129	2
CP142632.1	330129	330130	1
CP142632.1	330130	330143	2
CP142632.1	330143	330164	1
CP142632.1	330164	330166	0
CP142632.1	330166	330182	1
CP142632.1	330182	330186	0
CP142632.1	330186	330231	1
CP142632.1	330231	330232	0
CP142632.1	330232	330277	1
CP142632.1	330277	330403	0
CP142632.1	330403	330441	1
CP142632.1	330441	330442	0
CP142632.1	330442	330450	1
CP142632.1	330450	330476	0
CP142632.1	330476	330506	1
CP142632.1	330506	330530	2
CP142632.1	330530	330597	1
CP142632.1	330597	330642	2
CP142632.1	330642	330681	3
CP142632.1	330681	330686	4
CP142632.1	330686	330717	3
CP142632.1	330717	330767	2
CP142632.1	330767	330774	3
CP142632.1	330774	330775	2
CP142632.1	330775	330781	3
CP142632.1	330781	330798	2
CP142632.1	330798	330867	1
CP142632.1	330867	330987	2
CP142632.1	330987	330988	1
CP142632.1	330988	330995	2
CP142632.1	330995	330996	1
CP142632.1	330996	331022	2
CP142632.1	331022	331023	1
CP142632.1	331023	331026	2
CP142632.1	331026	331062	1
CP142632.1	331062	331105	0
CP142632.1	331105	331203	1
CP142632.1	331203	331247	0
CP142632.1	331247	331324	1
CP142632.1	331324	331330	2
CP142632.1	331330	331361	1
CP142632.1	331361	331393	2
CP142632.1	331393	331394	1
CP142632.1	331394	331424	2
CP142632.1	331424	331426	1
CP142632.1	331426	331436	2
CP142632.1	331436	331457	1
CP142632.1	331457	331489	2
CP142632.1	331489	331516	1
CP142632.1	331516	331599	2
CP142632.1	331599	331633	1
CP142632.1	331633	331654	2
CP142632.1	331654	331676	3
CP142632.1	331676	331681	2
CP142632.1	331681	331686	1
CP142632.1	331686	331687	0
CP142632.1	331687	331690	1
CP142632.1	331690	331692	2
CP142632.1	331692	331703	3
CP142632.1	331703	331708	2
CP142632.1	331708	331728	3
CP142632.1	331728	331729	2
CP142632.1	331729	331738	3
CP142632.1	331738	331743	2
CP142632.1	331743	331793	1
CP142632.1	331793	331794	0
CP142632.1	331794	331817	1
CP142632.1	331817	331848	0
CP142632.1	331848	331857	1
CP142632.1	331857	331870	2
CP142632.1	331870	331876	1
CP142632.1	331876	331881	2
CP142632.1	331881	331882	1
CP142632.1	331882	331920	2
CP142632.1	331920	331924	1
CP142632.1	331924	331928	2
CP142632.1	331928	332144	1
CP142632.1	332144	332187	0
CP142632.1	332187	332215	1
CP142632.1	332215	332256	2
CP142632.1	332256	332260	1
CP142632.1	332260	332274	2
CP142632.1	332274	332300	1
CP142632.1	332300	332358	0
CP142632.1	332358	332367	1
CP142632.1	332367	332368	0
CP142632.1	332368	332402	1
CP142632.1	332402	332428	2
CP142632.1	332428	332441	3
CP142632.1	332441	332488	2
CP142632.1	332488	332509	1
CP142632.1	332509	332652	0
CP142632.1	332652	332660	1
CP142632.1	332660	332661	0
CP142632.1	332661	332869	1
CP142632.1	332869	333202	0
CP142632.1	333202	333282	1
CP142632.1	333282	333292	0
CP142632.1	333292	333381	1
CP142632.1	333381	333398	2
CP142632.1	333398	333483	1
CP142632.1	333483	333484	0
CP142632.1	333484	333542	1
CP142632.1	333542	333669	2
CP142632.1	333669	333671	1
CP142632.1	333671	333727	0
CP142632.1	333727	333853	1
CP142632.1	333853	333855	0
CP142632.1	333855	333869	1
CP142632.1	333869	333916	2
CP142632.1	333916	333992	1
CP142632.1	333992	334031	2
CP142632.1	334031	334037	1
CP142632.1	334037	334076	2
CP142632.1	334076	334090	1
CP142632.1	334090	334093	2
CP142632.1	334093	334211	1
CP142632.1	334211	334225	2
CP142632.1	334225	334366	1
CP142632.1	334366	334375	0
CP142632.1	334375	334490	1
CP142632.1	334490	334550	0
CP142632.1	334550	334605	1
CP142632.1	334605	334705	2
CP142632.1	334705	334760	3
CP142632.1	334760	334763	2
CP142632.1	334763	334769	1
CP142632.1	334769	334778	2
CP142632.1	334778	334854	1
CP142632.1	334854	334892	2
CP142632.1	334892	334965	1
CP142632.1	334965	334994	0
CP142632.1	334994	335002	1
CP142632.1	335002	335057	2
CP142632.1	335057	335058	1
CP142632.1	335058	335109	0
CP142632.1	335109	335186	1
CP142632.1	335186	335211	0
CP142632.1	335211	335267	1
CP142632.1	335267	335288	2
CP142632.1	335288	335331	1
CP142632.1	335331	335334	0
CP142632.1	335334	335385	1
CP142632.1	335385	335426	2
CP142632.1	335426	335427	1
CP142632.1	335427	335439	2
CP142632.1	335439	335450	1
CP142632.1	335450	335701	0
CP142632.1	335701	335714	1
CP142632.1	335714	335759	2
CP142632.1	335759	335867	1
CP142632.1	335867	336128	0
CP142632.1	336128	336186	1
CP142632.1	336186	336316	0
CP142632.1	336316	336319	1
CP142632.1	336319	336320	0
CP142632.1	336320	336437	1
CP142632.1	336437	336533	2
CP142632.1	336533	336587	3
CP142632.1	336587	336626	2
CP142632.1	336626	336628	1
CP142632.1	336628	336643	2
CP142632.1	336643	336668	3
CP142632.1	336668	336669	2
CP142632.1	336669	336671	1
CP142632.1	336671	336718	2
CP142632.1	336718	336725	1
CP142632.1	336725	336771	0
CP142632.1	336771	336789	1
CP142632.1	336789	336824	2
CP142632.1	336824	336887	1
CP142632.1	336887	336939	0
CP142632.1	336939	337027	1
CP142632.1	337027	337039	2
CP142632.1	337039	337061	3
CP142632.1	337061	337089	2
CP142632.1	337089	337090	1
CP142632.1	337090	337092	0
CP142632.1	337092	337124	2
CP142632.1	337124	337135	1
CP142632.1	337135	337179	0
CP142632.1	337179	337193	1
CP142632.1	337193	337199	0
CP142632.1	337199	337244	1
CP142632.1	337244	337250	2
CP142632.1	337250	337264	1
CP142632.1	337264	337339	2
CP142632.1	337339	337377	3
CP142632.1	337377	337398	2
CP142632.1	337398	337399	1
CP142632.1	337399	337436	2
CP142632.1	337436	337437	0
CP142632.1	337437	337438	1
CP142632.1	337438	337454	2
CP142632.1	337454	337474	1
CP142632.1	337474	337614	2
CP142632.1	337614	337617	1
CP142632.1	337617	337619	2
CP142632.1	337619	337711	1
CP142632.1	337711	337842	0
CP142632.1	337842	337923	1
CP142632.1	337923	337941	2
CP142632.1	337941	337951	3
CP142632.1	337951	337952	2
CP142632.1	337952	337983	3
CP142632.1	337983	337984	1
CP142632.1	337984	337985	0
CP142632.1	337985	337986	1
CP142632.1	337986	338014	3
CP142632.1	338014	338083	2
CP142632.1	338083	338099	3
CP142632.1	338099	338132	2
CP142632.1	338132	338150	3
CP142632.1	338150	338152	2
CP142632.1	338152	338180	3
CP142632.1	338180	338189	4
CP142632.1	338189	338204	3
CP142632.1	338204	338207	4
CP142632.1	338207	338220	3
CP142632.1	338220	338235	4
CP142632.1	338235	338299	3
CP142632.1	338299	338374	2
CP142632.1	338374	338429	1
CP142632.1	338429	338582	0
CP142632.1	338582	338606	1
CP142632.1	338606	338658	3
CP142632.1	338658	338666	2
CP142632.1	338666	338766	1
CP142632.1	338766	338772	2
CP142632.1	338772	338828	1
CP142632.1	338828	338836	0
CP142632.1	338836	338863	1
CP142632.1	338863	338885	2
CP142632.1	338885	338906	1
CP142632.1	338906	338958	2
CP142632.1	338958	339016	1
CP142632.1	339016	339065	0
CP142632.1	339065	339092	1
CP142632.1	339092	339095	0
CP142632.1	339095	339144	1
CP142632.1	339144	339220	0
CP142632.1	339220	339239	1
CP142632.1	339239	339240	0
CP142632.1	339240	339256	1
CP142632.1	339256	339264	2
CP142632.1	339264	339280	3
CP142632.1	339280	339282	2
CP142632.1	339282	339291	3
CP142632.1	339291	339299	4
CP142632.1	339299	339300	3
CP142632.1	339300	339320	4
CP142632.1	339320	339327	3
CP142632.1	339327	339364	2
CP142632.1	339364	339384	1
CP142632.1	339384	339579	0
CP142632.1	339579	339634	1
CP142632.1	339634	339677	2
CP142632.1	339677	339701	1
CP142632.1	339701	339719	2
CP142632.1	339719	339933	1
CP142632.1	339933	339936	2
CP142632.1	339936	339939	1
CP142632.1	339939	339999	2
CP142632.1	339999	340017	3
CP142632.1	340017	340057	2
CP142632.1	340057	340060	3
CP142632.1	340060	340061	2
CP142632.1	340061	340103	3
CP142632.1	340103	340118	4
CP142632.1	340118	340142	3
CP142632.1	340142	340155	4
CP142632.1	340155	340164	5
CP142632.1	340164	340175	6
CP142632.1	340175	340187	7
CP142632.1	340187	340203	6
CP142632.1	340203	340204	5
CP142632.1	340204	340207	4
CP142632.1	340207	340249	3
CP142632.1	340249	340273	2
CP142632.1	340273	340277	1
CP142632.1	340277	340282	0
CP142632.1	340282	340312	1
CP142632.1	340312	340578	0
CP142632.1	340578	340658	1
CP142632.1	340658	340672	2
CP142632.1	340672	340792	1
CP142632.1	340792	340796	2
CP142632.1	340796	340797	1
CP142632.1	340797	340839	2
CP142632.1	340839	340843	1
CP142632.1	340843	340880	0
CP142632.1	340880	340946	1
CP142632.1	340946	340964	0
CP142632.1	340964	341130	1
CP142632.1	341130	341172	2
CP142632.1	341172	341262	3
CP142632.1	341262	341272	2
CP142632.1	341272	341320	1
CP142632.1	341320	341321	0
CP142632.1	341321	341342	1
CP142632.1	341342	341368	2
CP142632.1	341368	341510	1
CP142632.1	341510	341511	0
CP142632.1	341511	341519	1
CP142632.1	341519	341742	0
CP142632.1	341742	341975	1
CP142632.1	341975	341980	2
CP142632.1	341980	341983	1
CP142632.1	341983	341994	2
CP142632.1	341994	341997	1
CP142632.1	341997	342021	2
CP142632.1	342021	342109	3
CP142632.1	342109	342125	2
CP142632.1	342125	342129	1
CP142632.1	342129	342401	0
CP142632.1	342401	342502	1
CP142632.1	342502	342550	2
CP142632.1	342550	342556	1
CP142632.1	342556	342609	2
CP142632.1	342609	342612	1
CP142632.1	342612	342681	2
CP142632.1	342681	342687	1
CP142632.1	342687	342699	2
CP142632.1	342699	342739	1
CP142632.1	342739	342793	2
CP142632.1	342793	342830	3
CP142632.1	342830	342835	2
CP142632.1	342835	342836	1
CP142632.1	342836	342838	2
CP142632.1	342838	342861	3
CP142632.1	342861	342867	4
CP142632.1	342867	342881	3
CP142632.1	342881	342889	2
CP142632.1	342889	342894	1
CP142632.1	342894	342917	2
CP142632.1	342917	342935	1
CP142632.1	342935	343121	0
CP142632.1	343121	343195	1
CP142632.1	343195	343313	0
CP142632.1	343313	343349	1
CP142632.1	343349	343369	2
CP142632.1	343369	343370	1
CP142632.1	343370	343396	2
CP142632.1	343396	343397	1
CP142632.1	343397	343419	2
CP142632.1	343419	343465	1
CP142632.1	343465	343499	2
CP142632.1	343499	343500	1
CP142632.1	343500	343514	2
CP142632.1	343514	343567	3
CP142632.1	343567	343571	2
CP142632.1	343571	343618	1
CP142632.1	343618	343671	2
CP142632.1	343671	343683	3
CP142632.1	343683	343778	2
CP142632.1	343778	343817	1
CP142632.1	343817	343945	0
CP142632.1	343945	344003	1
CP142632.1	344003	344061	2
CP142632.1	344061	344123	1
CP142632.1	344123	344364	0
CP142632.1	344364	344490	1
CP142632.1	344490	344506	2
CP142632.1	344506	344539	3
CP142632.1	344539	344577	4
CP142632.1	344577	344593	3
CP142632.1	344593	344595	2
CP142632.1	344595	344612	0
CP142632.1	344612	344638	1
CP142632.1	344638	344721	2
CP142632.1	344721	344741	1
CP142632.1	344741	344757	0
CP142632.1	344757	344776	1
CP142632.1	344776	344841	2
CP142632.1	344841	344884	1
CP142632.1	344884	344992	0
CP142632.1	344992	345052	1
CP142632.1	345052	345188	0
CP142632.1	345188	345367	1
CP142632.1	345367	345384	2
CP142632.1	345384	345386	1
CP142632.1	345386	345401	2
CP142632.1	345401	345408	3
CP142632.1	345408	345456	2
CP142632.1	345456	345468	3
CP142632.1	345468	345469	2
CP142632.1	345469	345488	3
CP142632.1	345488	345490	2
CP142632.1	345490	345494	3
CP142632.1	345494	345511	4
CP142632.1	345511	345512	3
CP142632.1	345512	345515	4
CP142632.1	345515	345518	3
CP142632.1	345518	345525	4
CP142632.1	345525	345531	3
CP142632.1	345531	345617	2
CP142632.1	345617	345629	1
CP142632.1	345629	345788	0
CP142632.1	345788	345848	1
CP142632.1	345848	345853	2
CP142632.1	345853	345953	1
CP142632.1	345953	345984	2
CP142632.1	345984	346013	3
CP142632.1	346013	346035	2
CP142632.1	346035	346067	1
CP142632.1	346067	346112	0
CP142632.1	346112	346125	1
CP142632.1	346125	346128	0
CP142632.1	346128	346203	1
CP142632.1	346203	346258	2
CP142632.1	346258	346428	1
CP142632.1	346428	346486	0
CP142632.1	346486	346538	1
CP142632.1	346538	346549	2
CP142632.1	346549	346588	1
CP142632.1	346588	346853	0
CP142632.1	346853	346944	1
CP142632.1	346944	346955	2
CP142632.1	346955	346958	1
CP142632.1	346958	346999	2
CP142632.1	346999	347011	3
CP142632.1	347011	347012	2
CP142632.1	347012	347080	3
CP142632.1	347080	347081	2
CP142632.1	347081	347127	1
CP142632.1	347127	347270	0
CP142632.1	347270	347306	1
CP142632.1	347306	347314	2
CP142632.1	347314	347347	3
CP142632.1	347347	347371	2
CP142632.1	347371	347388	1
CP142632.1	347388	347409	0
CP142632.1	347409	347555	1
CP142632.1	347555	347568	2
CP142632.1	347568	347569	1
CP142632.1	347569	347579	2
CP142632.1	347579	347582	1
CP142632.1	347582	347609	2
CP142632.1	347609	347611	3
CP142632.1	347611	347645	2
CP142632.1	347645	347648	3
CP142632.1	347648	347662	2
CP142632.1	347662	347683	1
CP142632.1	347683	347715	2
CP142632.1	347715	347716	1
CP142632.1	347716	347777	2
CP142632.1	347777	347836	1
CP142632.1	347836	347841	2
CP142632.1	347841	347868	3
CP142632.1	347868	347870	4
CP142632.1	347870	347874	5
CP142632.1	347874	347935	4
CP142632.1	347935	347943	3
CP142632.1	347943	347944	2
CP142632.1	347944	347965	3
CP142632.1	347965	347966	2
CP142632.1	347966	347978	3
CP142632.1	347978	347979	2
CP142632.1	347979	348002	3
CP142632.1	348002	348029	2
CP142632.1	348029	348033	1
CP142632.1	348033	348050	2
CP142632.1	348050	348071	1
CP142632.1	348071	348072	0
CP142632.1	348072	348090	1
CP142632.1	348090	348182	0
CP142632.1	348182	348302	1
CP142632.1	348302	348405	0
CP142632.1	348405	348639	1
CP142632.1	348639	348847	0
CP142632.1	348847	348880	1
CP142632.1	348880	348905	2
CP142632.1	348905	348932	1
CP142632.1	348932	349021	0
CP142632.1	349021	349219	1
CP142632.1	349219	349232	0
CP142632.1	349232	349251	1
CP142632.1	349251	349283	2
CP142632.1	349283	349324	1
CP142632.1	349324	349359	2
CP142632.1	349359	349578	1
CP142632.1	349578	349586	0
CP142632.1	349586	349650	1
CP142632.1	349650	349689	2
CP142632.1	349689	349694	1
CP142632.1	349694	349696	2
CP142632.1	349696	349723	3
CP142632.1	349723	349736	4
CP142632.1	349736	349799	3
CP142632.1	349799	349809	2
CP142632.1	349809	349864	3
CP142632.1	349864	349899	2
CP142632.1	349899	349924	1
CP142632.1	349924	349987	0
CP142632.1	349987	350057	1
CP142632.1	350057	350058	0
CP142632.1	350058	350062	1
CP142632.1	350062	350076	2
CP142632.1	350076	350077	1
CP142632.1	350077	350085	2
CP142632.1	350085	350087	1
CP142632.1	350087	350109	2
CP142632.1	350109	350125	3
CP142632.1	350125	350133	4
CP142632.1	350133	350179	3
CP142632.1	350179	350181	4
CP142632.1	350181	350182	3
CP142632.1	350182	350186	4
CP142632.1	350186	350218	3
CP142632.1	350218	350269	2
CP142632.1	350269	350272	1
CP142632.1	350272	350278	2
CP142632.1	350278	350280	3
CP142632.1	350280	350372	4
CP142632.1	350372	350392	3
CP142632.1	350392	350415	2
CP142632.1	350415	350469	1
CP142632.1	350469	350586	2
CP142632.1	350586	350596	3
CP142632.1	350596	350597	2
CP142632.1	350597	350600	3
CP142632.1	350600	350645	2
CP142632.1	350645	350649	1
CP142632.1	350649	350872	0
CP142632.1	350872	351033	1
CP142632.1	351033	351039	0
CP142632.1	351039	351040	1
CP142632.1	351040	351076	2
CP142632.1	351076	351082	1
CP142632.1	351082	351119	2
CP142632.1	351119	351225	1
CP142632.1	351225	351283	0
CP142632.1	351283	351342	1
CP142632.1	351342	351436	2
CP142632.1	351436	351558	1
CP142632.1	351558	352043	0
CP142632.1	352043	352125	1
CP142632.1	352125	352130	2
CP142632.1	352130	352165	3
CP142632.1	352165	352166	1
CP142632.1	352166	352167	2
CP142632.1	352167	352188	3
CP142632.1	352188	352230	2
CP142632.1	352230	352236	1
CP142632.1	352236	352239	0
CP142632.1	352239	352270	1
CP142632.1	352270	352271	0
CP142632.1	352271	352327	1
CP142632.1	352327	352333	0
CP142632.1	352333	352360	1
CP142632.1	352360	352361	0
CP142632.1	352361	352370	1
CP142632.1	352370	352422	2
CP142632.1	352422	352434	1
CP142632.1	352434	352463	2
CP142632.1	352463	352464	1
CP142632.1	352464	352508	2
CP142632.1	352508	352621	1
CP142632.1	352621	352665	0
CP142632.1	352665	352725	1
CP142632.1	352725	352979	0
CP142632.1	352979	352988	1
CP142632.1	352988	353007	2
CP142632.1	353007	353008	1
CP142632.1	353008	353059	2
CP142632.1	353059	353204	1
CP142632.1	353204	353207	0
CP142632.1	353207	353212	1
CP142632.1	353212	353224	2
CP142632.1	353224	353225	1
CP142632.1	353225	353234	2
CP142632.1	353234	353255	1
CP142632.1	353255	353285	2
CP142632.1	353285	353326	1
CP142632.1	353326	353531	0
CP142632.1	353531	353565	1
CP142632.1	353565	353577	2
CP142632.1	353577	353635	3
CP142632.1	353635	353645	2
CP142632.1	353645	353657	1
CP142632.1	353657	353685	2
CP142632.1	353685	353686	1
CP142632.1	353686	353715	2
CP142632.1	353715	353744	1
CP142632.1	353744	353794	0
CP142632.1	353794	353822	2
CP142632.1	353822	353829	3
CP142632.1	353829	353831	2
CP142632.1	353831	353879	3
CP142632.1	353879	353881	2
CP142632.1	353881	353894	1
CP142632.1	353894	353945	0
CP142632.1	353945	353972	1
CP142632.1	353972	354027	2
CP142632.1	354027	354053	1
CP142632.1	354053	354071	0
CP142632.1	354071	354106	1
CP142632.1	354106	354151	2
CP142632.1	354151	354302	1
CP142632.1	354302	354554	0
CP142632.1	354554	354673	1
CP142632.1	354673	354765	0
CP142632.1	354765	354828	1
CP142632.1	354828	355036	0
CP142632.1	355036	355108	1
CP142632.1	355108	355249	0
CP142632.1	355249	355264	1
CP142632.1	355264	355291	2
CP142632.1	355291	355364	1
CP142632.1	355364	355365	0
CP142632.1	355365	355405	1
CP142632.1	355405	355443	2
CP142632.1	355443	355469	1
CP142632.1	355469	355554	0
CP142632.1	355554	355597	1
CP142632.1	355597	355609	2
CP142632.1	355609	355705	1
CP142632.1	355705	355706	0
CP142632.1	355706	355745	1
CP142632.1	355745	355749	2
CP142632.1	355749	355857	1
CP142632.1	355857	355989	0
CP142632.1	355989	356009	1
CP142632.1	356009	356105	2
CP142632.1	356105	356138	3
CP142632.1	356138	356157	2
CP142632.1	356157	356189	1
CP142632.1	356189	356219	2
CP142632.1	356219	356346	1
CP142632.1	356346	356607	0
CP142632.1	356607	356656	1
CP142632.1	356656	356675	0
CP142632.1	356675	356737	1
CP142632.1	356737	356998	0
CP142632.1	356998	357041	1
CP142632.1	357041	357042	0
CP142632.1	357042	357057	1
CP142632.1	357057	357101	2
CP142632.1	357101	357152	1
CP142632.1	357152	357270	0
CP142632.1	357270	357271	1
CP142632.1	357271	357307	2
CP142632.1	357307	357309	1
CP142632.1	357309	357343	2
CP142632.1	357343	357344	1
CP142632.1	357344	357364	2
CP142632.1	357364	357382	3
CP142632.1	357382	357408	2
CP142632.1	357408	357410	1
CP142632.1	357410	357550	2
CP142632.1	357550	357572	1
CP142632.1	357572	357575	0
CP142632.1	357575	357704	1
CP142632.1	357704	357706	0
CP142632.1	357706	357769	1
CP142632.1	357769	357811	0
CP142632.1	357811	357824	1
CP142632.1	357824	357825	0
CP142632.1	357825	357836	1
CP142632.1	357836	357876	2
CP142632.1	357876	357881	1
CP142632.1	357881	357885	0
CP142632.1	357885	357954	1
CP142632.1	357954	358212	0
CP142632.1	358212	358235	1
CP142632.1	358235	358311	2
CP142632.1	358311	358347	3
CP142632.1	358347	358361	4
CP142632.1	358361	358363	3
CP142632.1	358363	358380	4
CP142632.1	358380	358421	3
CP142632.1	358421	358431	2
CP142632.1	358431	358444	1
CP142632.1	358444	358470	2
CP142632.1	358470	358499	1
CP142632.1	358499	358529	2
CP142632.1	358529	358535	3
CP142632.1	358535	358594	2
CP142632.1	358594	358608	1
CP142632.1	358608	358616	0
CP142632.1	358616	358670	1
CP142632.1	358670	358780	0
CP142632.1	358780	358803	1
CP142632.1	358803	358804	2
CP142632.1	358804	358807	1
CP142632.1	358807	358910	2
CP142632.1	358910	358940	1
CP142632.1	358940	358946	0
CP142632.1	358946	359087	1
CP142632.1	359087	359121	0
CP142632.1	359121	359171	1
CP142632.1	359171	359210	2
CP142632.1	359210	359211	1
CP142632.1	359211	359236	2
CP142632.1	359236	359237	1
CP142632.1	359237	359265	2
CP142632.1	359265	359301	1
CP142632.1	359301	359392	2
CP142632.1	359392	359409	1
CP142632.1	359409	359452	0
CP142632.1	359452	359476	1
CP142632.1	359476	359530	2
CP142632.1	359530	359575	1
CP142632.1	359575	359628	2
CP142632.1	359628	359629	3
CP142632.1	359629	359724	2
CP142632.1	359724	359813	1
CP142632.1	359813	359843	0
CP142632.1	359843	359855	1
CP142632.1	359855	359881	2
CP142632.1	359881	359911	3
CP142632.1	359911	359914	2
CP142632.1	359914	359952	3
CP142632.1	359952	359970	2
CP142632.1	359970	359971	1
CP142632.1	359971	359977	2
CP142632.1	359977	359982	1
CP142632.1	359982	360031	2
CP142632.1	360031	360032	3
CP142632.1	360032	360039	2
CP142632.1	360039	360119	1
CP142632.1	360119	360190	0
CP142632.1	360190	360234	1
CP142632.1	360234	360276	2
CP142632.1	360276	360316	1
CP142632.1	360316	360422	0
CP142632.1	360422	360558	1
CP142632.1	360558	360573	2
CP142632.1	360573	360574	1
CP142632.1	360574	360631	2
CP142632.1	360631	360690	1
CP142632.1	360690	360762	0
CP142632.1	360762	360786	1
CP142632.1	360786	360814	2
CP142632.1	360814	360888	1
CP142632.1	360888	360920	0
CP142632.1	360920	360956	1
CP142632.1	360956	361010	2
CP142632.1	361010	361014	1
CP142632.1	361014	361020	2
CP142632.1	361020	361035	1
CP142632.1	361035	361094	2
CP142632.1	361094	361095	1
CP142632.1	361095	361114	2
CP142632.1	361114	361116	3
CP142632.1	361116	361137	2
CP142632.1	361137	361138	1
CP142632.1	361138	361195	2
CP142632.1	361195	361225	1
CP142632.1	361225	361243	0
CP142632.1	361243	361310	1
CP142632.1	361310	361327	0
CP142632.1	361327	361390	1
CP142632.1	361390	361504	0
CP142632.1	361504	361515	1
CP142632.1	361515	361552	2
CP142632.1	361552	361553	0
CP142632.1	361553	361560	2
CP142632.1	361560	361561	1
CP142632.1	361561	361594	2
CP142632.1	361594	361636	1
CP142632.1	361636	361639	0
CP142632.1	361639	361664	1
CP142632.1	361664	361701	0
CP142632.1	361701	361746	1
CP142632.1	361746	361775	2
CP142632.1	361775	361776	1
CP142632.1	361776	361794	2
CP142632.1	361794	361797	1
CP142632.1	361797	361819	2
CP142632.1	361819	361837	3
CP142632.1	361837	361861	2
CP142632.1	361861	361863	1
CP142632.1	361863	361893	2
CP142632.1	361893	361926	3
CP142632.1	361926	361929	2
CP142632.1	361929	362029	1
CP142632.1	362029	362138	0
CP142632.1	362138	362223	1
CP142632.1	362223	362244	0
CP142632.1	362244	362334	1
CP142632.1	362334	362341	0
CP142632.1	362341	362458	1
CP142632.1	362458	362464	0
CP142632.1	362464	362528	1
CP142632.1	362528	362537	0
CP142632.1	362537	362571	1
CP142632.1	362571	362698	0
CP142632.1	362698	362700	1
CP142632.1	362700	362765	2
CP142632.1	362765	362766	1
CP142632.1	362766	362804	2
CP142632.1	362804	362848	1
CP142632.1	362848	362867	2
CP142632.1	362867	362871	1
CP142632.1	362871	362883	2
CP142632.1	362883	362885	1
CP142632.1	362885	362920	2
CP142632.1	362920	362930	3
CP142632.1	362930	362933	2
CP142632.1	362933	362979	1
CP142632.1	362979	362983	0
CP142632.1	362983	363104	1
CP142632.1	363104	363114	2
CP142632.1	363114	363126	1
CP142632.1	363126	363246	2
CP142632.1	363246	363248	3
CP142632.1	363248	363261	2
CP142632.1	363261	363262	3
CP142632.1	363262	363291	2
CP142632.1	363291	363309	1
CP142632.1	363309	363353	2
CP142632.1	363353	363414	1
CP142632.1	363414	363423	2
CP142632.1	363423	363486	1
CP142632.1	363486	363489	0
CP142632.1	363489	363591	1
CP142632.1	363591	363647	2
CP142632.1	363647	363675	3
CP142632.1	363675	363676	2
CP142632.1	363676	363677	0
CP142632.1	363677	363708	2
CP142632.1	363708	363739	3
CP142632.1	363739	363756	2
CP142632.1	363756	363760	1
CP142632.1	363760	363802	2
CP142632.1	363802	363866	1
CP142632.1	363866	363968	2
CP142632.1	363968	363969	1
CP142632.1	363969	364033	2
CP142632.1	364033	364050	3
CP142632.1	364050	364056	4
CP142632.1	364056	364080	3
CP142632.1	364080	364082	2
CP142632.1	364082	364083	3
CP142632.1	364083	364095	2
CP142632.1	364095	364102	3
CP142632.1	364102	364103	2
CP142632.1	364103	364129	3
CP142632.1	364129	364130	2
CP142632.1	364130	364143	1
CP142632.1	364143	364166	2
CP142632.1	364166	364168	1
CP142632.1	364168	364212	0
CP142632.1	364212	364239	1
CP142632.1	364239	364275	2
CP142632.1	364275	364285	1
CP142632.1	364285	364322	2
CP142632.1	364322	364373	1
CP142632.1	364373	364485	2
CP142632.1	364485	364516	1
CP142632.1	364516	364847	0
CP142632.1	364847	365002	1
CP142632.1	365002	365007	0
CP142632.1	365007	365042	1
CP142632.1	365042	365119	0
CP142632.1	365119	365210	1
CP142632.1	365210	365229	2
CP142632.1	365229	365256	1
CP142632.1	365256	365313	2
CP142632.1	365313	365316	0
CP142632.1	365316	365339	2
CP142632.1	365339	365378	3
CP142632.1	365378	365379	2
CP142632.1	365379	365445	1
CP142632.1	365445	365455	2
CP142632.1	365455	365550	1
CP142632.1	365550	365558	0
CP142632.1	365558	365615	1
CP142632.1	365615	365820	0
CP142632.1	365820	365881	1
CP142632.1	365881	365913	0
CP142632.1	365913	365949	1
CP142632.1	365949	365954	2
CP142632.1	365954	365968	3
CP142632.1	365968	365970	2
CP142632.1	365970	366004	3
CP142632.1	366004	366057	2
CP142632.1	366057	366100	3
CP142632.1	366100	366107	2
CP142632.1	366107	366110	0
CP142632.1	366110	366153	2
CP142632.1	366153	366154	3
CP142632.1	366154	366158	2
CP142632.1	366158	366176	1
CP142632.1	366176	366295	2
CP142632.1	366295	366314	1
CP142632.1	366314	366375	0
CP142632.1	366375	366432	1
CP142632.1	366432	366433	0
CP142632.1	366433	366441	1
CP142632.1	366441	366484	2
CP142632.1	366484	366486	3
CP142632.1	366486	366489	2
CP142632.1	366489	366519	3
CP142632.1	366519	366557	2
CP142632.1	366557	366558	1
CP142632.1	366558	366587	2
CP142632.1	366587	366680	1
CP142632.1	366680	366683	0
CP142632.1	366683	366775	1
CP142632.1	366775	366777	0
CP142632.1	366777	366801	1
CP142632.1	366801	366990	0
CP142632.1	366990	367115	1
CP142632.1	367115	367175	0
CP142632.1	367175	367339	1
CP142632.1	367339	367344	0
CP142632.1	367344	367383	1
CP142632.1	367383	367445	2
CP142632.1	367445	367533	3
CP142632.1	367533	367559	2
CP142632.1	367559	367565	1
CP142632.1	367565	367993	0
CP142632.1	367993	368005	1
CP142632.1	368005	368006	0
CP142632.1	368006	368022	1
CP142632.1	368022	368124	2
CP142632.1	368124	368153	1
CP142632.1	368153	368250	0
CP142632.1	368250	368369	1
CP142632.1	368369	368375	2
CP142632.1	368375	368525	1
CP142632.1	368525	368633	2
CP142632.1	368633	368640	1
CP142632.1	368640	368642	0
CP142632.1	368642	368713	1
CP142632.1	368713	368718	0
CP142632.1	368718	368786	1
CP142632.1	368786	368801	2
CP142632.1	368801	368834	3
CP142632.1	368834	368835	2
CP142632.1	368835	368851	3
CP142632.1	368851	368852	2
CP142632.1	368852	368853	0
CP142632.1	368853	368933	1
CP142632.1	368933	368935	2
CP142632.1	368935	369002	3
CP142632.1	369002	369003	2
CP142632.1	369003	369004	1
CP142632.1	369004	369005	0
CP142632.1	369005	369074	1
CP142632.1	369074	369286	0
CP142632.1	369286	369432	1
CP142632.1	369432	369433	0
CP142632.1	369433	369434	1
CP142632.1	369434	369489	2
CP142632.1	369489	369511	3
CP142632.1	369511	369512	2
CP142632.1	369512	369536	3
CP142632.1	369536	369551	2
CP142632.1	369551	369563	1
CP142632.1	369563	369827	0
CP142632.1	369827	369852	1
CP142632.1	369852	369900	2
CP142632.1	369900	369966	1
CP142632.1	369966	369969	2
CP142632.1	369969	370045	1
CP142632.1	370045	370047	0
CP142632.1	370047	370112	1
CP142632.1	370112	370286	0
CP142632.1	370286	370350	1
CP142632.1	370350	370648	0
CP142632.1	370648	370681	1
CP142632.1	370681	370701	2
CP142632.1	370701	370702	1
CP142632.1	370702	370704	2
CP142632.1	370704	370739	1
CP142632.1	370739	370740	0
CP142632.1	370740	370797	1
CP142632.1	370797	371146	0
CP142632.1	371146	371231	1
CP142632.1	371231	371294	0
CP142632.1	371294	371324	1
CP142632.1	371324	371385	2
CP142632.1	371385	371392	1
CP142632.1	371392	371435	0
CP142632.1	371435	371474	1
CP142632.1	371474	371488	0
CP142632.1	371488	371530	1
CP142632.1	371530	371561	0
CP142632.1	371561	371567	1
CP142632.1	371567	371582	2
CP142632.1	371582	371583	1
CP142632.1	371583	371679	2
CP142632.1	371679	371750	1
CP142632.1	371750	371815	2
CP142632.1	371815	371834	3
CP142632.1	371834	371848	4
CP142632.1	371848	371862	3
CP142632.1	371862	371885	2
CP142632.1	371885	371933	3
CP142632.1	371933	371955	2
CP142632.1	371955	372044	1
CP142632.1	372044	372133	0
CP142632.1	372133	372230	1
CP142632.1	372230	372364	0
CP142632.1	372364	372401	1
CP142632.1	372401	372404	0
CP142632.1	372404	372492	1
CP142632.1	372492	372511	2
CP142632.1	372511	372529	1
CP142632.1	372529	372575	2
CP142632.1	372575	372626	1
CP142632.1	372626	373031	0
CP142632.1	373031	373078	1
CP142632.1	373078	373114	2
CP142632.1	373114	373156	1
CP142632.1	373156	373573	0
CP142632.1	373573	373695	1
CP142632.1	373695	373741	2
CP142632.1	373741	373772	1
CP142632.1	373772	373787	2
CP142632.1	373787	373824	1
CP142632.1	373824	373910	2
CP142632.1	373910	373935	1
CP142632.1	373935	374074	2
CP142632.1	374074	374183	1
CP142632.1	374183	374438	0
CP142632.1	374438	374475	1
CP142632.1	374475	374505	2
CP142632.1	374505	374506	1
CP142632.1	374506	374508	2
CP142632.1	374508	374518	3
CP142632.1	374518	374521	2
CP142632.1	374521	374534	3
CP142632.1	374534	374535	2
CP142632.1	374535	374556	3
CP142632.1	374556	374558	2
CP142632.1	374558	374587	1
CP142632.1	374587	374713	0
CP142632.1	374713	374810	1
CP142632.1	374810	375086	0
CP142632.1	375086	375110	1
CP142632.1	375110	375163	2
CP142632.1	375163	375263	1
CP142632.1	375263	375306	0
CP142632.1	375306	375349	1
CP142632.1	375349	375420	2
CP142632.1	375420	375440	3
CP142632.1	375440	375463	2
CP142632.1	375463	375485	1
CP142632.1	375485	375489	3
CP142632.1	375489	375490	2
CP142632.1	375490	375494	3
CP142632.1	375494	375496	2
CP142632.1	375496	375513	3
CP142632.1	375513	375514	2
CP142632.1	375514	375548	3
CP142632.1	375548	375551	2
CP142632.1	375551	375554	3
CP142632.1	375554	375556	2
CP142632.1	375556	375579	3
CP142632.1	375579	375603	4
CP142632.1	375603	375606	5
CP142632.1	375606	375607	4
CP142632.1	375607	375610	3
CP142632.1	375610	375633	4
CP142632.1	375633	375634	3
CP142632.1	375634	375636	4
CP142632.1	375636	375641	3
CP142632.1	375641	375642	2
CP142632.1	375642	375662	3
CP142632.1	375662	375663	2
CP142632.1	375663	375669	3
CP142632.1	375669	375671	2
CP142632.1	375671	375699	3
CP142632.1	375699	375727	2
CP142632.1	375727	375730	1
CP142632.1	375730	375732	0
CP142632.1	375732	375733	1
CP142632.1	375733	375820	2
CP142632.1	375820	375842	3
CP142632.1	375842	375895	2
CP142632.1	375895	375899	1
CP142632.1	375899	375972	2
CP142632.1	375972	376003	1
CP142632.1	376003	376305	0
CP142632.1	376305	376371	1
CP142632.1	376371	376500	0
CP142632.1	376500	376591	1
CP142632.1	376591	376592	0
CP142632.1	376592	376607	1
CP142632.1	376607	376608	0
CP142632.1	376608	376631	1
CP142632.1	376631	376635	0
CP142632.1	376635	376701	1
CP142632.1	376701	376766	0
CP142632.1	376766	376827	1
CP142632.1	376827	376831	0
CP142632.1	376831	376841	1
CP142632.1	376841	376842	0
CP142632.1	376842	376844	2
CP142632.1	376844	376886	3
CP142632.1	376886	376922	2
CP142632.1	376922	376954	1
CP142632.1	376954	376955	0
CP142632.1	376955	376977	1
CP142632.1	376977	376987	0
CP142632.1	376987	376989	1
CP142632.1	376989	377030	2
CP142632.1	377030	377056	1
CP142632.1	377056	377303	0
CP142632.1	377303	377380	1
CP142632.1	377380	377386	0
CP142632.1	377386	377441	1
CP142632.1	377441	377442	0
CP142632.1	377442	377477	1
CP142632.1	377477	377611	0
CP142632.1	377611	377626	1
CP142632.1	377626	377752	2
CP142632.1	377752	377779	3
CP142632.1	377779	377785	2
CP142632.1	377785	377825	1
CP142632.1	377825	377881	0
CP142632.1	377881	377905	1
CP142632.1	377905	377977	2
CP142632.1	377977	378046	3
CP142632.1	378046	378048	1
CP142632.1	378048	378049	2
CP142632.1	378049	378064	3
CP142632.1	378064	378065	2
CP142632.1	378065	378079	3
CP142632.1	378079	378121	2
CP142632.1	378121	378122	1
CP142632.1	378122	378135	2
CP142632.1	378135	378149	1
CP142632.1	378149	378186	0
CP142632.1	378186	378206	1
CP142632.1	378206	378236	2
CP142632.1	378236	378271	1
CP142632.1	378271	378328	2
CP142632.1	378328	378340	3
CP142632.1	378340	378384	1
CP142632.1	378384	378899	0
CP142632.1	378899	378919	1
CP142632.1	378919	378951	2
CP142632.1	378951	378965	3
CP142632.1	378965	378976	4
CP142632.1	378976	378977	3
CP142632.1	378977	379002	5
CP142632.1	379002	379003	2
CP142632.1	379003	379010	5
CP142632.1	379010	379013	4
CP142632.1	379013	379019	3
CP142632.1	379019	379020	2
CP142632.1	379020	379028	3
CP142632.1	379028	379030	2
CP142632.1	379030	379068	1
CP142632.1	379068	379069	0
CP142632.1	379069	379122	1
CP142632.1	379122	379165	0
CP142632.1	379165	379234	1
CP142632.1	379234	379295	2
CP142632.1	379295	379312	3
CP142632.1	379312	379341	2
CP142632.1	379341	379364	3
CP142632.1	379364	379381	2
CP142632.1	379381	379382	1
CP142632.1	379382	379417	2
CP142632.1	379417	379422	3
CP142632.1	379422	379434	2
CP142632.1	379434	379453	3
CP142632.1	379453	379502	2
CP142632.1	379502	379549	1
CP142632.1	379549	379707	0
CP142632.1	379707	379747	1
CP142632.1	379747	379748	0
CP142632.1	379748	379817	1
CP142632.1	379817	379848	2
CP142632.1	379848	379881	1
CP142632.1	379881	379890	2
CP142632.1	379890	380008	1
CP142632.1	380008	380058	0
CP142632.1	380058	380097	1
CP142632.1	380097	380110	0
CP142632.1	380110	380172	1
CP142632.1	380172	380187	2
CP142632.1	380187	380231	1
CP142632.1	380231	380232	0
CP142632.1	380232	380237	1
CP142632.1	380237	380292	2
CP142632.1	380292	380293	1
CP142632.1	380293	380313	2
CP142632.1	380313	380314	1
CP142632.1	380314	380319	2
CP142632.1	380319	380320	1
CP142632.1	380320	380400	2
CP142632.1	380400	380414	1
CP142632.1	380414	380421	0
CP142632.1	380421	380432	1
CP142632.1	380432	380488	2
CP142632.1	380488	380500	3
CP142632.1	380500	380536	2
CP142632.1	380536	380537	1
CP142632.1	380537	380550	2
CP142632.1	380550	380657	1
CP142632.1	380657	380667	0
CP142632.1	380667	380798	1
CP142632.1	380798	380814	0
CP142632.1	380814	380844	1
CP142632.1	380844	380847	0
CP142632.1	380847	380854	1
CP142632.1	380854	380884	2
CP142632.1	380884	380924	1
CP142632.1	380924	380925	0
CP142632.1	380925	381018	1
CP142632.1	381018	381021	0
CP142632.1	381021	381048	1
CP142632.1	381048	381050	0
CP142632.1	381050	381062	1
CP142632.1	381062	381087	2
CP142632.1	381087	381148	3
CP142632.1	381148	381149	2
CP142632.1	381149	381160	1
CP142632.1	381160	381180	0
CP142632.1	381180	381283	1
CP142632.1	381283	381289	2
CP142632.1	381289	381340	1
CP142632.1	381340	381354	2
CP142632.1	381354	381356	1
CP142632.1	381356	381407	2
CP142632.1	381407	381414	1
CP142632.1	381414	381415	0
CP142632.1	381415	381439	1
CP142632.1	381439	381450	0
CP142632.1	381450	381504	1
CP142632.1	381504	381514	0
CP142632.1	381514	381559	1
CP142632.1	381559	381660	2
CP142632.1	381660	381663	1
CP142632.1	381663	381818	0
CP142632.1	381818	382011	1
CP142632.1	382011	382067	0
CP142632.1	382067	382082	1
CP142632.1	382082	382113	2
CP142632.1	382113	382127	3
CP142632.1	382127	382145	4
CP142632.1	382145	382208	5
CP142632.1	382208	382223	4
CP142632.1	382223	382240	5
CP142632.1	382240	382257	4
CP142632.1	382257	382293	3
CP142632.1	382293	382304	4
CP142632.1	382304	382305	3
CP142632.1	382305	382307	4
CP142632.1	382307	382339	3
CP142632.1	382339	382346	2
CP142632.1	382346	382359	3
CP142632.1	382359	382370	2
CP142632.1	382370	382442	3
CP142632.1	382442	382447	2
CP142632.1	382447	382518	1
CP142632.1	382518	382607	0
CP142632.1	382607	382681	1
CP142632.1	382681	382694	2
CP142632.1	382694	382728	3
CP142632.1	382728	382754	4
CP142632.1	382754	382757	3
CP142632.1	382757	382769	2
CP142632.1	382769	382798	3
CP142632.1	382798	382828	2
CP142632.1	382828	382833	1
CP142632.1	382833	382858	2
CP142632.1	382858	382909	3
CP142632.1	382909	382910	2
CP142632.1	382910	382913	3
CP142632.1	382913	382969	4
CP142632.1	382969	382972	3
CP142632.1	382972	382983	2
CP142632.1	382983	382990	1
CP142632.1	382990	382996	0
CP142632.1	382996	383187	1
CP142632.1	383187	383200	0
CP142632.1	383200	383251	1
CP142632.1	383251	383254	0
CP142632.1	383254	383300	1
CP142632.1	383300	383517	0
CP142632.1	383517	383548	1
CP142632.1	383548	383712	0
CP142632.1	383712	383752	1
CP142632.1	383752	383791	2
CP142632.1	383791	383792	1
CP142632.1	383792	383810	2
CP142632.1	383810	383811	1
CP142632.1	383811	383831	2
CP142632.1	383831	383885	1
CP142632.1	383885	383887	2
CP142632.1	383887	383928	1
CP142632.1	383928	383929	0
CP142632.1	383929	383960	1
CP142632.1	383960	383962	2
CP142632.1	383962	383969	1
CP142632.1	383969	383983	2
CP142632.1	383983	383985	1
CP142632.1	383985	384007	2
CP142632.1	384007	384039	3
CP142632.1	384039	384041	2
CP142632.1	384041	384043	1
CP142632.1	384043	384089	3
CP142632.1	384089	384091	2
CP142632.1	384091	384108	3
CP142632.1	384108	384111	1
CP142632.1	384111	384112	2
CP142632.1	384112	384153	3
CP142632.1	384153	384179	2
CP142632.1	384179	384520	0
CP142632.1	384520	384633	1
CP142632.1	384633	384745	2
CP142632.1	384745	384748	1
CP142632.1	384748	384755	0
CP142632.1	384755	384760	1
CP142632.1	384760	384799	2
CP142632.1	384799	384805	3
CP142632.1	384805	384806	2
CP142632.1	384806	384824	3
CP142632.1	384824	384851	2
CP142632.1	384851	384871	1
CP142632.1	384871	384896	2
CP142632.1	384896	384931	3
CP142632.1	384931	384936	4
CP142632.1	384936	384960	3
CP142632.1	384960	384988	2
CP142632.1	384988	385005	1
CP142632.1	385005	385062	2
CP142632.1	385062	385068	1
CP142632.1	385068	385120	0
CP142632.1	385120	385183	1
CP142632.1	385183	385192	0
CP142632.1	385192	385373	1
CP142632.1	385373	385413	0
CP142632.1	385413	385477	1
CP142632.1	385477	386062	0
CP142632.1	386062	386118	1
CP142632.1	386118	386120	0
CP142632.1	386120	386133	1
CP142632.1	386133	386134	0
CP142632.1	386134	386180	1
CP142632.1	386180	386181	0
CP142632.1	386181	386209	1
CP142632.1	386209	386250	2
CP142632.1	386250	386318	3
CP142632.1	386318	386362	2
CP142632.1	386362	386368	1
CP142632.1	386368	386442	0
CP142632.1	386442	386593	1
CP142632.1	386593	386721	0
CP142632.1	386721	386801	1
CP142632.1	386801	386815	0
CP142632.1	386815	386817	1
CP142632.1	386817	386822	0
CP142632.1	386822	386823	1
CP142632.1	386823	386865	2
CP142632.1	386865	386866	1
CP142632.1	386866	386967	2
CP142632.1	386967	387019	1
CP142632.1	387019	387130	2
CP142632.1	387130	387132	1
CP142632.1	387132	387186	2
CP142632.1	387186	387191	1
CP142632.1	387191	387192	0
CP142632.1	387192	387306	1
CP142632.1	387306	387404	0
CP142632.1	387404	387458	1
CP142632.1	387458	387565	0
CP142632.1	387565	387570	1
CP142632.1	387570	387571	0
CP142632.1	387571	387691	1
CP142632.1	387691	387697	2
CP142632.1	387697	387703	1
CP142632.1	387703	387762	2
CP142632.1	387762	387832	1
CP142632.1	387832	387897	2
CP142632.1	387897	388000	1
CP142632.1	388000	388002	0
CP142632.1	388002	388020	1
CP142632.1	388020	388069	2
CP142632.1	388069	388085	1
CP142632.1	388085	388274	0
CP142632.1	388274	388290	1
CP142632.1	388290	388328	2
CP142632.1	388328	388413	1
CP142632.1	388413	388481	2
CP142632.1	388481	388483	0
CP142632.1	388483	388542	1
CP142632.1	388542	388552	2
CP142632.1	388552	388556	1
CP142632.1	388556	388595	2
CP142632.1	388595	388596	1
CP142632.1	388596	388603	2
CP142632.1	388603	388607	1
CP142632.1	388607	388608	0
CP142632.1	388608	388623	1
CP142632.1	388623	388674	0
CP142632.1	388674	388727	1
CP142632.1	388727	388737	0
CP142632.1	388737	388754	1
CP142632.1	388754	388765	2
CP142632.1	388765	388773	3
CP142632.1	388773	388786	4
CP142632.1	388786	388789	3
CP142632.1	388789	388792	4
CP142632.1	388792	388816	3
CP142632.1	388816	388828	2
CP142632.1	388828	388877	1
CP142632.1	388877	388914	2
CP142632.1	388914	388915	1
CP142632.1	388915	388925	2
CP142632.1	388925	388926	1
CP142632.1	388926	388939	2
CP142632.1	388939	388953	3
CP142632.1	388953	388954	2
CP142632.1	388954	388955	1
CP142632.1	388955	388956	0
CP142632.1	388956	388957	2
CP142632.1	388957	389007	3
CP142632.1	389007	389020	4
CP142632.1	389020	389051	3
CP142632.1	389051	389053	2
CP142632.1	389053	389059	3
CP142632.1	389059	389063	2
CP142632.1	389063	389076	3
CP142632.1	389076	389079	2
CP142632.1	389079	389099	3
CP142632.1	389099	389103	2
CP142632.1	389103	389123	3
CP142632.1	389123	389124	2
CP142632.1	389124	389139	3
CP142632.1	389139	389164	2
CP142632.1	389164	389186	3
CP142632.1	389186	389187	2
CP142632.1	389187	389191	3
CP142632.1	389191	389206	2
CP142632.1	389206	389230	1
CP142632.1	389230	389410	2
CP142632.1	389410	389450	1
CP142632.1	389450	389531	0
CP142632.1	389531	389537	1
CP142632.1	389537	389569	2
CP142632.1	389569	389644	1
CP142632.1	389644	389649	0
CP142632.1	389649	389660	1
CP142632.1	389660	389666	0
CP142632.1	389666	389781	1
CP142632.1	389781	390173	0
CP142632.1	390173	390217	1
CP142632.1	390217	390218	0
CP142632.1	390218	390252	1
CP142632.1	390252	390422	0
CP142632.1	390422	390481	1
CP142632.1	390481	390699	0
CP142632.1	390699	390713	1
CP142632.1	390713	390773	2
CP142632.1	390773	390834	1
CP142632.1	390834	390854	2
CP142632.1	390854	390860	3
CP142632.1	390860	390871	4
CP142632.1	390871	390889	3
CP142632.1	390889	390890	2
CP142632.1	390890	390914	3
CP142632.1	390914	390922	2
CP142632.1	390922	390923	1
CP142632.1	390923	390953	2
CP142632.1	390953	391003	1
CP142632.1	391003	391065	0
CP142632.1	391065	391134	1
CP142632.1	391134	391170	2
CP142632.1	391170	391172	1
CP142632.1	391172	391208	2
CP142632.1	391208	391233	1
CP142632.1	391233	391239	2
CP142632.1	391239	391513	1
CP142632.1	391513	391522	2
CP142632.1	391522	391526	1
CP142632.1	391526	391550	2
CP142632.1	391550	391589	1
CP142632.1	391589	391617	0
CP142632.1	391617	391627	1
CP142632.1	391627	391667	2
CP142632.1	391667	391668	1
CP142632.1	391668	391725	2
CP142632.1	391725	391823	1
CP142632.1	391823	391848	2
CP142632.1	391848	391905	3
CP142632.1	391905	391907	4
CP142632.1	391907	391922	3
CP142632.1	391922	391923	2
CP142632.1	391923	391944	3
CP142632.1	391944	391950	4
CP142632.1	391950	391957	3
CP142632.1	391957	391958	2
CP142632.1	391958	392022	3
CP142632.1	392022	392073	2
CP142632.1	392073	392110	3
CP142632.1	392110	392118	4
CP142632.1	392118	392167	3
CP142632.1	392167	392174	2
CP142632.1	392174	392185	1
CP142632.1	392185	392186	0
CP142632.1	392186	392361	1
CP142632.1	392361	392362	0
CP142632.1	392362	392373	1
CP142632.1	392373	392388	0
CP142632.1	392388	392393	1
CP142632.1	392393	392419	2
CP142632.1	392419	392422	3
CP142632.1	392422	392423	2
CP142632.1	392423	392426	3
CP142632.1	392426	392477	4
CP142632.1	392477	392481	3
CP142632.1	392481	392484	2
CP142632.1	392484	392490	1
CP142632.1	392490	392542	0
CP142632.1	392542	392607	1
CP142632.1	392607	392654	2
CP142632.1	392654	392670	1
CP142632.1	392670	392797	0
CP142632.1	392797	392830	1
CP142632.1	392830	392833	2
CP142632.1	392833	392848	3
CP142632.1	392848	392849	2
CP142632.1	392849	392889	3
CP142632.1	392889	392916	2
CP142632.1	392916	392921	3
CP142632.1	392921	392923	4
CP142632.1	392923	392945	3
CP142632.1	392945	392948	4
CP142632.1	392948	392963	3
CP142632.1	392963	392965	2
CP142632.1	392965	392981	3
CP142632.1	392981	392999	2
CP142632.1	392999	393122	1
CP142632.1	393122	393128	2
CP142632.1	393128	393145	1
CP142632.1	393145	393148	0
CP142632.1	393148	393184	1
CP142632.1	393184	393187	0
CP142632.1	393187	393226	1
CP142632.1	393226	393262	0
CP142632.1	393262	393372	1
CP142632.1	393372	393373	0
CP142632.1	393373	393416	1
CP142632.1	393416	393499	2
CP142632.1	393499	393504	1
CP142632.1	393504	393526	2
CP142632.1	393526	393527	1
CP142632.1	393527	393536	2
CP142632.1	393536	393540	1
CP142632.1	393540	393541	0
CP142632.1	393541	393559	1
CP142632.1	393559	393614	2
CP142632.1	393614	393617	1
CP142632.1	393617	393623	2
CP142632.1	393623	393638	1
CP142632.1	393638	393663	2
CP142632.1	393663	393681	3
CP142632.1	393681	393683	4
CP142632.1	393683	393718	3
CP142632.1	393718	393720	2
CP142632.1	393720	393753	3
CP142632.1	393753	393790	2
CP142632.1	393790	393793	1
CP142632.1	393793	393801	2
CP142632.1	393801	393817	3
CP142632.1	393817	393818	2
CP142632.1	393818	393835	3
CP142632.1	393835	393854	2
CP142632.1	393854	393862	3
CP142632.1	393862	393865	2
CP142632.1	393865	393890	3
CP142632.1	393890	393900	2
CP142632.1	393900	393912	1
CP142632.1	393912	394011	0
CP142632.1	394011	394125	1
CP142632.1	394125	394145	0
CP142632.1	394145	394191	1
CP142632.1	394191	394215	2
CP142632.1	394215	394236	3
CP142632.1	394236	394237	2
CP142632.1	394237	394260	3
CP142632.1	394260	394276	2
CP142632.1	394276	394277	1
CP142632.1	394277	394280	3
CP142632.1	394280	394384	4
CP142632.1	394384	394391	3
CP142632.1	394391	394393	2
CP142632.1	394393	394424	1
CP142632.1	394424	394517	0
CP142632.1	394517	394522	1
CP142632.1	394522	394531	2
CP142632.1	394531	394532	1
CP142632.1	394532	394580	2
CP142632.1	394580	394623	3
CP142632.1	394623	394625	2
CP142632.1	394625	394644	3
CP142632.1	394644	394662	2
CP142632.1	394662	394665	1
CP142632.1	394665	394761	0
CP142632.1	394761	394799	1
CP142632.1	394799	394808	2
CP142632.1	394808	394809	1
CP142632.1	394809	394814	2
CP142632.1	394814	394839	1
CP142632.1	394839	394852	2
CP142632.1	394852	394884	3
CP142632.1	394884	394915	2
CP142632.1	394915	394955	3
CP142632.1	394955	394962	4
CP142632.1	394962	394971	3
CP142632.1	394971	395000	2
CP142632.1	395000	395003	1
CP142632.1	395003	395011	2
CP142632.1	395011	395013	1
CP142632.1	395013	395038	2
CP142632.1	395038	395084	1
CP142632.1	395084	395176	2
CP142632.1	395176	395178	1
CP142632.1	395178	395265	0
CP142632.1	395265	395266	1
CP142632.1	395266	395311	2
CP142632.1	395311	395312	1
CP142632.1	395312	395379	2
CP142632.1	395379	395411	1
CP142632.1	395411	395414	2
CP142632.1	395414	395425	1
CP142632.1	395425	395480	2
CP142632.1	395480	395534	1
CP142632.1	395534	395579	0
CP142632.1	395579	395659	1
CP142632.1	395659	395695	0
CP142632.1	395695	395709	1
CP142632.1	395709	395710	0
CP142632.1	395710	395765	1
CP142632.1	395765	395821	0
CP142632.1	395821	395921	1
CP142632.1	395921	395933	2
CP142632.1	395933	395935	1
CP142632.1	395935	395944	2
CP142632.1	395944	396016	1
CP142632.1	396016	396042	0
CP142632.1	396042	396119	1
CP142632.1	396119	396129	0
CP142632.1	396129	396135	1
CP142632.1	396135	396177	2
CP142632.1	396177	396217	3
CP142632.1	396217	396248	2
CP142632.1	396248	396276	1
CP142632.1	396276	396281	0
CP142632.1	396281	396341	1
CP142632.1	396341	396343	0
CP142632.1	396343	396377	1
CP142632.1	396377	396381	0
CP142632.1	396381	396442	1
CP142632.1	396442	396493	2
CP142632.1	396493	396494	1
CP142632.1	396494	396504	2
CP142632.1	396504	396506	1
CP142632.1	396506	396508	2
CP142632.1	396508	396511	1
CP142632.1	396511	396537	2
CP142632.1	396537	396538	1
CP142632.1	396538	396604	2
CP142632.1	396604	396617	1
CP142632.1	396617	396737	0
CP142632.1	396737	396837	1
CP142632.1	396837	396873	0
CP142632.1	396873	396878	1
CP142632.1	396878	396930	2
CP142632.1	396930	396938	3
CP142632.1	396938	396942	2
CP142632.1	396942	396943	1
CP142632.1	396943	396965	2
CP142632.1	396965	397099	1
CP142632.1	397099	397346	0
CP142632.1	397346	397519	1
CP142632.1	397519	397636	0
CP142632.1	397636	397637	1
CP142632.1	397637	397655	2
CP142632.1	397655	397688	3
CP142632.1	397688	397690	2
CP142632.1	397690	397691	1
CP142632.1	397691	397695	2
CP142632.1	397695	397732	3
CP142632.1	397732	397734	1
CP142632.1	397734	397746	3
CP142632.1	397746	397748	2
CP142632.1	397748	397783	3
CP142632.1	397783	397830	1
CP142632.1	397830	397848	0
CP142632.1	397848	397869	1
CP142632.1	397869	397881	2
CP142632.1	397881	397883	1
CP142632.1	397883	397908	2
CP142632.1	397908	397928	1
CP142632.1	397928	397939	0
CP142632.1	397939	398074	1
CP142632.1	398074	398147	0
CP142632.1	398147	398253	1
CP142632.1	398253	398275	2
CP142632.1	398275	398281	1
CP142632.1	398281	398282	0
CP142632.1	398282	398364	1
CP142632.1	398364	398478	2
CP142632.1	398478	398509	1
CP142632.1	398509	398524	0
CP142632.1	398524	398562	1
CP142632.1	398562	398588	2
CP142632.1	398588	398603	1
CP142632.1	398603	398637	2
CP142632.1	398637	398638	1
CP142632.1	398638	398647	2
CP142632.1	398647	398657	1
CP142632.1	398657	398662	2
CP142632.1	398662	398679	1
CP142632.1	398679	398776	2
CP142632.1	398776	398780	3
CP142632.1	398780	398821	2
CP142632.1	398821	398916	1
CP142632.1	398916	398970	0
CP142632.1	398970	399114	1
CP142632.1	399114	399115	0
CP142632.1	399115	399164	1
CP142632.1	399164	399187	2
CP142632.1	399187	399188	1
CP142632.1	399188	399257	2
CP142632.1	399257	399265	3
CP142632.1	399265	399285	2
CP142632.1	399285	399345	3
CP142632.1	399345	399358	2
CP142632.1	399358	399375	1
CP142632.1	399375	399376	2
CP142632.1	399376	399511	1
CP142632.1	399511	399515	0
CP142632.1	399515	399541	1
CP142632.1	399541	399575	0
CP142632.1	399575	399577	1
CP142632.1	399577	399663	2
CP142632.1	399663	399692	1
CP142632.1	399692	399822	0
CP142632.1	399822	399869	1
CP142632.1	399869	399947	2
CP142632.1	399947	399988	1
CP142632.1	399988	399991	0
CP142632.1	399991	400001	1
CP142632.1	400001	400024	0
CP142632.1	400024	400033	1
CP142632.1	400033	400038	2
CP142632.1	400038	400047	4
CP142632.1	400047	400048	3
CP142632.1	400048	400084	4
CP142632.1	400084	400088	3
CP142632.1	400088	400105	2
CP142632.1	400105	400116	1
CP142632.1	400116	400117	0
CP142632.1	400117	400172	1
CP142632.1	400172	400328	0
CP142632.1	400328	400399	1
CP142632.1	400399	400455	0
CP142632.1	400455	400580	1
CP142632.1	400580	400587	2
CP142632.1	400587	400592	3
CP142632.1	400592	400595	2
CP142632.1	400595	400600	3
CP142632.1	400600	400671	4
CP142632.1	400671	400673	3
CP142632.1	400673	400683	2
CP142632.1	400683	400757	1
CP142632.1	400757	400866	0
CP142632.1	400866	401033	1
CP142632.1	401033	401089	2
CP142632.1	401089	401190	1
CP142632.1	401190	401191	0
CP142632.1	401191	401230	1
CP142632.1	401230	401308	0
CP142632.1	401308	401337	1
CP142632.1	401337	401394	2
CP142632.1	401394	401455	1
CP142632.1	401455	401460	2
CP142632.1	401460	401476	1
CP142632.1	401476	401490	2
CP142632.1	401490	401538	1
CP142632.1	401538	401565	0
CP142632.1	401565	401585	1
CP142632.1	401585	401586	0
CP142632.1	401586	401627	1
CP142632.1	401627	401682	0
CP142632.1	401682	401774	1
CP142632.1	401774	401789	2
CP142632.1	401789	401795	1
CP142632.1	401795	401839	2
CP142632.1	401839	401883	1
CP142632.1	401883	401885	0
CP142632.1	401885	401900	1
CP142632.1	401900	401927	2
CP142632.1	401927	402084	1
CP142632.1	402084	402116	0
CP142632.1	402116	402179	1
CP142632.1	402179	402200	0
CP142632.1	402200	402263	1
CP142632.1	402263	402345	0
CP142632.1	402345	402411	1
CP142632.1	402411	402419	0
CP142632.1	402419	402454	1
CP142632.1	402454	402455	0
CP142632.1	402455	402477	1
CP142632.1	402477	402545	2
CP142632.1	402545	402566	1
CP142632.1	402566	402599	0
CP142632.1	402599	402600	1
CP142632.1	402600	402675	2
CP142632.1	402675	402696	1
CP142632.1	402696	402710	2
CP142632.1	402710	402728	1
CP142632.1	402728	402899	2
CP142632.1	402899	402984	1
CP142632.1	402984	402986	0
CP142632.1	402986	403095	1
CP142632.1	403095	403100	0
CP142632.1	403100	403113	1
CP142632.1	403113	403114	0
CP142632.1	403114	403158	1
CP142632.1	403158	403159	0
CP142632.1	403159	403201	1
CP142632.1	403201	403222	0
CP142632.1	403222	403239	1
CP142632.1	403239	403241	2
CP142632.1	403241	403245	1
CP142632.1	403245	403248	2
CP142632.1	403248	403250	1
CP142632.1	403250	403265	2
CP142632.1	403265	403294	3
CP142632.1	403294	403295	2
CP142632.1	403295	403296	1
CP142632.1	403296	403297	2
CP142632.1	403297	403298	1
CP142632.1	403298	403310	2
CP142632.1	403310	403313	1
CP142632.1	403313	403336	2
CP142632.1	403336	403353	1
CP142632.1	403353	403355	0
CP142632.1	403355	403379	1
CP142632.1	403379	403380	0
CP142632.1	403380	403470	1
CP142632.1	403470	403472	0
CP142632.1	403472	403597	1
CP142632.1	403597	403636	0
CP142632.1	403636	403737	1
CP142632.1	403737	403850	2
CP142632.1	403850	403869	1
CP142632.1	403869	403921	2
CP142632.1	403921	404027	3
CP142632.1	404027	404037	2
CP142632.1	404037	404054	1
CP142632.1	404054	404141	2
CP142632.1	404141	404168	1
CP142632.1	404168	404181	0
CP142632.1	404181	404200	1
CP142632.1	404200	404250	2
CP142632.1	404250	404264	1
CP142632.1	404264	404275	2
CP142632.1	404275	404286	1
CP142632.1	404286	404292	0
CP142632.1	404292	404357	1
CP142632.1	404357	404400	0
CP142632.1	404400	404433	1
CP142632.1	404433	404434	0
CP142632.1	404434	404439	1
CP142632.1	404439	404478	2
CP142632.1	404478	404481	1
CP142632.1	404481	404504	2
CP142632.1	404504	404506	1
CP142632.1	404506	404537	2
CP142632.1	404537	404539	1
CP142632.1	404539	404559	2
CP142632.1	404559	404611	1
CP142632.1	404611	404615	2
CP142632.1	404615	404676	1
CP142632.1	404676	404738	0
CP142632.1	404738	404805	1
CP142632.1	404805	404861	0
CP142632.1	404861	404931	1
CP142632.1	404931	404949	0
CP142632.1	404949	404959	1
CP142632.1	404959	404962	0
CP142632.1	404962	405002	1
CP142632.1	405002	405115	0
CP142632.1	405115	405147	1
CP142632.1	405147	405150	0
CP142632.1	405150	405180	1
CP142632.1	405180	405186	2
CP142632.1	405186	405305	1
CP142632.1	405305	405559	0
CP142632.1	405559	405584	1
CP142632.1	405584	405645	2
CP142632.1	405645	405647	1
CP142632.1	405647	405683	0
CP142632.1	405683	405726	1
CP142632.1	405726	405759	2
CP142632.1	405759	405770	1
CP142632.1	405770	405778	2
CP142632.1	405778	405874	1
CP142632.1	405874	405875	0
CP142632.1	405875	405887	1
CP142632.1	405887	405897	0
CP142632.1	405897	405952	1
CP142632.1	405952	406046	0
CP142632.1	406046	406139	1
CP142632.1	406139	406140	0
CP142632.1	406140	406149	1
CP142632.1	406149	406154	0
CP142632.1	406154	406184	1
CP142632.1	406184	406222	2
CP142632.1	406222	406223	1
CP142632.1	406223	406294	2
CP142632.1	406294	406295	1
CP142632.1	406295	406314	2
CP142632.1	406314	406385	1
CP142632.1	406385	406387	0
CP142632.1	406387	406435	1
CP142632.1	406435	406442	0
CP142632.1	406442	406489	1
CP142632.1	406489	406531	2
CP142632.1	406531	406592	1
CP142632.1	406592	406593	0
CP142632.1	406593	406740	1
CP142632.1	406740	406844	0
CP142632.1	406844	406917	1
CP142632.1	406917	406944	0
CP142632.1	406944	406994	1
CP142632.1	406994	406995	0
CP142632.1	406995	407108	1
CP142632.1	407108	407150	0
CP142632.1	407150	407207	1
CP142632.1	407207	407209	0
CP142632.1	407209	407256	1
CP142632.1	407256	407274	0
CP142632.1	407274	407319	1
CP142632.1	407319	407320	0
CP142632.1	407320	407430	1
CP142632.1	407430	407449	2
CP142632.1	407449	407502	3
CP142632.1	407502	407513	2
CP142632.1	407513	407534	1
CP142632.1	407534	407588	2
CP142632.1	407588	407595	3
CP142632.1	407595	407604	4
CP142632.1	407604	407632	5
CP142632.1	407632	407650	4
CP142632.1	407650	407651	3
CP142632.1	407651	407671	2
CP142632.1	407671	407680	1
CP142632.1	407680	407708	0
CP142632.1	407708	407739	1
CP142632.1	407739	407773	2
CP142632.1	407773	407797	1
CP142632.1	407797	407824	2
CP142632.1	407824	407854	1
CP142632.1	407854	407890	0
CP142632.1	407890	407947	1
CP142632.1	407947	408062	0
CP142632.1	408062	408263	1
CP142632.1	408263	408277	0
CP142632.1	408277	408324	1
CP142632.1	408324	408364	2
CP142632.1	408364	408376	1
CP142632.1	408376	408383	0
CP142632.1	408383	408485	1
CP142632.1	408485	408486	0
CP142632.1	408486	408492	1
CP142632.1	408492	408493	0
CP142632.1	408493	408543	1
CP142632.1	408543	408626	0
CP142632.1	408626	408660	1
CP142632.1	408660	408672	2
CP142632.1	408672	408673	1
CP142632.1	408673	408680	2
CP142632.1	408680	408681	1
CP142632.1	408681	408731	2
CP142632.1	408731	408741	1
CP142632.1	408741	408787	2
CP142632.1	408787	408854	1
CP142632.1	408854	408995	0
CP142632.1	408995	409018	1
CP142632.1	409018	409021	0
CP142632.1	409021	409022	1
CP142632.1	409022	409032	2
CP142632.1	409032	409033	0
CP142632.1	409033	409035	1
CP142632.1	409035	409085	2
CP142632.1	409085	409112	1
CP142632.1	409112	409232	0
CP142632.1	409232	409375	1
CP142632.1	409375	409709	0
CP142632.1	409709	409768	1
CP142632.1	409768	409788	2
CP142632.1	409788	409892	1
CP142632.1	409892	409893	0
CP142632.1	409893	409910	1
CP142632.1	409910	410035	0
CP142632.1	410035	410103	1
CP142632.1	410103	410106	0
CP142632.1	410106	410257	1
CP142632.1	410257	410338	0
CP142632.1	410338	410345	1
CP142632.1	410345	410410	2
CP142632.1	410410	410419	3
CP142632.1	410419	410429	2
CP142632.1	410429	410430	1
CP142632.1	410430	410457	2
CP142632.1	410457	410469	3
CP142632.1	410469	410470	2
CP142632.1	410470	410483	3
CP142632.1	410483	410484	2
CP142632.1	410484	410571	3
CP142632.1	410571	410576	2
CP142632.1	410576	410580	1
CP142632.1	410580	410599	2
CP142632.1	410599	410614	3
CP142632.1	410614	410615	2
CP142632.1	410615	410649	3
CP142632.1	410649	410654	2
CP142632.1	410654	410718	3
CP142632.1	410718	410739	4
CP142632.1	410739	410741	3
CP142632.1	410741	410832	2
CP142632.1	410832	410835	1
CP142632.1	410835	410842	2
CP142632.1	410842	410862	1
CP142632.1	410862	411142	0
CP142632.1	411142	411212	1
CP142632.1	411212	411213	0
CP142632.1	411213	411297	1
CP142632.1	411297	411302	2
CP142632.1	411302	411303	1
CP142632.1	411303	411348	2
CP142632.1	411348	411385	3
CP142632.1	411385	411433	2
CP142632.1	411433	411459	3
CP142632.1	411459	411476	2
CP142632.1	411476	411481	1
CP142632.1	411481	411516	2
CP142632.1	411516	411530	1
CP142632.1	411530	411605	2
CP142632.1	411605	411643	1
CP142632.1	411643	411723	0
CP142632.1	411723	411748	1
CP142632.1	411748	411754	2
CP142632.1	411754	411771	3
CP142632.1	411771	411817	4
CP142632.1	411817	411832	5
CP142632.1	411832	411838	4
CP142632.1	411838	411842	0
CP142632.1	411842	411843	3
CP142632.1	411843	411869	4
CP142632.1	411869	411886	3
CP142632.1	411886	411888	2
CP142632.1	411888	411900	1
CP142632.1	411900	412140	0
CP142632.1	412140	412171	1
CP142632.1	412171	412207	2
CP142632.1	412207	412213	1
CP142632.1	412213	412230	2
CP142632.1	412230	412272	1
CP142632.1	412272	412346	0
CP142632.1	412346	412379	1
CP142632.1	412379	412380	0
CP142632.1	412380	412436	1
CP142632.1	412436	412600	0
CP142632.1	412600	412653	1
CP142632.1	412653	412699	2
CP142632.1	412699	412718	1
CP142632.1	412718	412766	0
CP142632.1	412766	412823	1
CP142632.1	412823	412869	0
CP142632.1	412869	412980	1
CP142632.1	412980	413003	0
CP142632.1	413003	413041	1
CP142632.1	413041	413083	2
CP142632.1	413083	413133	1
CP142632.1	413133	413134	0
CP142632.1	413134	413156	1
CP142632.1	413156	413175	0
CP142632.1	413175	413260	1
CP142632.1	413260	413351	2
CP142632.1	413351	413360	3
CP142632.1	413360	413366	2
CP142632.1	413366	413439	3
CP142632.1	413439	413451	2
CP142632.1	413451	413489	1
CP142632.1	413489	413544	2
CP142632.1	413544	413554	1
CP142632.1	413554	413561	2
CP142632.1	413561	413571	1
CP142632.1	413571	413574	2
CP142632.1	413574	413577	1
CP142632.1	413577	413639	2
CP142632.1	413639	413658	1
CP142632.1	413658	413701	2
CP142632.1	413701	413741	1
CP142632.1	413741	413848	0
CP142632.1	413848	413888	1
CP142632.1	413888	413917	2
CP142632.1	413917	413946	3
CP142632.1	413946	413950	2
CP142632.1	413950	413951	1
CP142632.1	413951	413979	2
CP142632.1	413979	413981	3
CP142632.1	413981	414030	4
CP142632.1	414030	414047	3
CP142632.1	414047	414068	1
CP142632.1	414068	414245	0
CP142632.1	414245	414319	1
CP142632.1	414319	414331	2
CP142632.1	414331	414337	3
CP142632.1	414337	414383	4
CP142632.1	414383	414411	3
CP142632.1	414411	414419	2
CP142632.1	414419	414468	1
CP142632.1	414468	414484	0
CP142632.1	414484	414512	1
CP142632.1	414512	414513	0
CP142632.1	414513	414533	1
CP142632.1	414533	414537	0
CP142632.1	414537	414571	1
CP142632.1	414571	414696	2
CP142632.1	414696	414743	1
CP142632.1	414743	414937	0
CP142632.1	414937	415004	1
CP142632.1	415004	415236	0
CP142632.1	415236	415263	1
CP142632.1	415263	415276	2
CP142632.1	415276	415277	0
CP142632.1	415277	415388	1
CP142632.1	415388	415462	2
CP142632.1	415462	415472	1
CP142632.1	415472	415535	2
CP142632.1	415535	415541	0
CP142632.1	415541	415619	2
CP142632.1	415619	415642	3
CP142632.1	415642	415661	4
CP142632.1	415661	415725	3
CP142632.1	415725	415766	2
CP142632.1	415766	415783	1
CP142632.1	415783	415795	0
CP142632.1	415795	415814	1
CP142632.1	415814	415822	2
CP142632.1	415822	415826	3
CP142632.1	415826	415843	4
CP142632.1	415843	415844	3
CP142632.1	415844	415872	4
CP142632.1	415872	415879	3
CP142632.1	415879	415906	2
CP142632.1	415906	415914	1
CP142632.1	415914	415996	0
CP142632.1	415996	416077	1
CP142632.1	416077	416099	2
CP142632.1	416099	416103	1
CP142632.1	416103	416120	2
CP142632.1	416120	416122	1
CP142632.1	416122	416124	2
CP142632.1	416124	416177	1
CP142632.1	416177	416178	0
CP142632.1	416178	416244	1
CP142632.1	416244	416246	2
CP142632.1	416246	416320	1
CP142632.1	416320	416437	0
CP142632.1	416437	416458	1
CP142632.1	416458	416485	2
CP142632.1	416485	416500	3
CP142632.1	416500	416537	2
CP142632.1	416537	416600	1
CP142632.1	416600	416675	0
CP142632.1	416675	416720	2
CP142632.1	416720	416722	1
CP142632.1	416722	416734	2
CP142632.1	416734	416738	1
CP142632.1	416738	416774	2
CP142632.1	416774	416778	1
CP142632.1	416778	416834	2
CP142632.1	416834	416861	1
CP142632.1	416861	416887	0
CP142632.1	416887	416917	1
CP142632.1	416917	416945	2
CP142632.1	416945	416959	3
CP142632.1	416959	416974	2
CP142632.1	416974	417023	1
CP142632.1	417023	417092	0
CP142632.1	417092	417126	1
CP142632.1	417126	417140	2
CP142632.1	417140	417160	3
CP142632.1	417160	417227	2
CP142632.1	417227	417233	1
CP142632.1	417233	417275	0
CP142632.1	417275	417457	1
CP142632.1	417457	417603	0
CP142632.1	417603	417651	1
CP142632.1	417651	417677	3
CP142632.1	417677	417707	2
CP142632.1	417707	417708	1
CP142632.1	417708	417725	2
CP142632.1	417725	417830	1
CP142632.1	417830	417831	0
CP142632.1	417831	417855	1
CP142632.1	417855	417864	0
CP142632.1	417864	417892	1
CP142632.1	417892	417909	2
CP142632.1	417909	417960	1
CP142632.1	417960	417967	2
CP142632.1	417967	417969	1
CP142632.1	417969	418003	2
CP142632.1	418003	418047	3
CP142632.1	418047	418054	2
CP142632.1	418054	418076	1
CP142632.1	418076	418191	0
CP142632.1	418191	418220	1
CP142632.1	418220	418221	0
CP142632.1	418221	418228	1
CP142632.1	418228	418290	2
CP142632.1	418290	418291	1
CP142632.1	418291	418367	2
CP142632.1	418367	418369	1
CP142632.1	418369	418396	0
CP142632.1	418396	418485	1
CP142632.1	418485	418517	0
CP142632.1	418517	418554	1
CP142632.1	418554	418580	2
CP142632.1	418580	418616	1
CP142632.1	418616	418668	0
CP142632.1	418668	418696	1
CP142632.1	418696	418697	0
CP142632.1	418697	418855	1
CP142632.1	418855	418869	2
CP142632.1	418869	418960	1
CP142632.1	418960	419145	0
CP142632.1	419145	419233	1
CP142632.1	419233	419254	0
CP142632.1	419254	419395	1
CP142632.1	419395	419476	0
CP142632.1	419476	419510	1
CP142632.1	419510	419545	2
CP142632.1	419545	419558	1
CP142632.1	419558	419561	2
CP142632.1	419561	419563	3
CP142632.1	419563	419565	4
CP142632.1	419565	419595	5
CP142632.1	419595	419602	4
CP142632.1	419602	419604	5
CP142632.1	419604	419605	4
CP142632.1	419605	419606	5
CP142632.1	419606	419616	4
CP142632.1	419616	419617	3
CP142632.1	419617	419629	2
CP142632.1	419629	419643	3
CP142632.1	419643	419665	2
CP142632.1	419665	419672	1
CP142632.1	419672	419684	2
CP142632.1	419684	419685	0
CP142632.1	419685	419686	1
CP142632.1	419686	419715	2
CP142632.1	419715	419716	1
CP142632.1	419716	419731	2
CP142632.1	419731	419734	1
CP142632.1	419734	419765	2
CP142632.1	419765	419784	1
CP142632.1	419784	419795	2
CP142632.1	419795	419798	1
CP142632.1	419798	419831	2
CP142632.1	419831	419889	1
CP142632.1	419889	419892	0
CP142632.1	419892	419961	1
CP142632.1	419961	420046	0
CP142632.1	420046	420160	1
CP142632.1	420160	420484	0
CP142632.1	420484	420640	1
CP142632.1	420640	420641	0
CP142632.1	420641	420650	1
CP142632.1	420650	420659	2
CP142632.1	420659	420700	1
CP142632.1	420700	420764	2
CP142632.1	420764	420805	1
CP142632.1	420805	420885	0
CP142632.1	420885	420963	1
CP142632.1	420963	421100	0
CP142632.1	421100	421189	1
CP142632.1	421189	421311	0
CP142632.1	421311	421343	1
CP142632.1	421343	421350	2
CP142632.1	421350	421364	3
CP142632.1	421364	421366	2
CP142632.1	421366	421382	3
CP142632.1	421382	421384	2
CP142632.1	421384	421385	1
CP142632.1	421385	421386	2
CP142632.1	421386	421408	3
CP142632.1	421408	421434	2
CP142632.1	421434	421478	1
CP142632.1	421478	421498	2
CP142632.1	421498	421500	1
CP142632.1	421500	421553	2
CP142632.1	421553	421567	1
CP142632.1	421567	421611	2
CP142632.1	421611	421642	1
CP142632.1	421642	421661	0
CP142632.1	421661	421678	1
CP142632.1	421678	421691	2
CP142632.1	421691	421692	0
CP142632.1	421692	421694	1
CP142632.1	421694	421742	2
CP142632.1	421742	421751	1
CP142632.1	421751	421757	0
CP142632.1	421757	421796	1
CP142632.1	421796	421879	0
CP142632.1	421879	421959	1
CP142632.1	421959	421960	2
CP142632.1	421960	422000	1
CP142632.1	422000	422003	0
CP142632.1	422003	422027	1
CP142632.1	422027	422028	0
CP142632.1	422028	422046	1
CP142632.1	422046	422074	0
CP142632.1	422074	422096	1
CP142632.1	422096	422097	0
CP142632.1	422097	422194	1
CP142632.1	422194	422207	0
CP142632.1	422207	422224	1
CP142632.1	422224	422225	0
CP142632.1	422225	422229	1
CP142632.1	422229	422230	0
CP142632.1	422230	422285	1
CP142632.1	422285	422340	2
CP142632.1	422340	422355	1
CP142632.1	422355	422418	0
CP142632.1	422418	422568	1
CP142632.1	422568	422583	2
CP142632.1	422583	422584	1
CP142632.1	422584	422607	2
CP142632.1	422607	422609	1
CP142632.1	422609	422635	2
CP142632.1	422635	422637	1
CP142632.1	422637	422660	2
CP142632.1	422660	422661	0
CP142632.1	422661	422708	1
CP142632.1	422708	422735	2
CP142632.1	422735	422811	1
CP142632.1	422811	422894	0
CP142632.1	422894	422896	1
CP142632.1	422896	422910	2
CP142632.1	422910	422911	1
CP142632.1	422911	422968	2
CP142632.1	422968	423006	1
CP142632.1	423006	423011	2
CP142632.1	423011	423018	1
CP142632.1	423018	423050	2
CP142632.1	423050	423062	1
CP142632.1	423062	423110	2
CP142632.1	423110	423173	1
CP142632.1	423173	423241	0
CP142632.1	423241	423320	1
CP142632.1	423320	423391	2
CP142632.1	423391	423393	1
CP142632.1	423393	423400	2
CP142632.1	423400	423402	1
CP142632.1	423402	423455	2
CP142632.1	423455	423463	1
CP142632.1	423463	423477	2
CP142632.1	423477	423504	3
CP142632.1	423504	423529	2
CP142632.1	423529	423531	1
CP142632.1	423531	423577	2
CP142632.1	423577	423605	1
CP142632.1	423605	423606	0
CP142632.1	423606	423698	1
CP142632.1	423698	423768	0
CP142632.1	423768	423786	1
CP142632.1	423786	423824	2
CP142632.1	423824	423825	1
CP142632.1	423825	423844	2
CP142632.1	423844	423863	1
CP142632.1	423863	423924	2
CP142632.1	423924	423936	1
CP142632.1	423936	424209	0
CP142632.1	424209	424253	1
CP142632.1	424253	424278	2
CP142632.1	424278	424373	1
CP142632.1	424373	424374	0
CP142632.1	424374	424403	1
CP142632.1	424403	424436	2
CP142632.1	424436	424447	1
CP142632.1	424447	424450	0
CP142632.1	424450	424534	1
CP142632.1	424534	424539	0
CP142632.1	424539	424625	1
CP142632.1	424625	424626	0
CP142632.1	424626	424681	1
CP142632.1	424681	424902	0
CP142632.1	424902	424965	1
CP142632.1	424965	425041	2
CP142632.1	425041	425042	1
CP142632.1	425042	425093	0
CP142632.1	425093	425138	1
CP142632.1	425138	425149	0
CP142632.1	425149	425182	1
CP142632.1	425182	425273	0
CP142632.1	425273	425294	1
CP142632.1	425294	425295	0
CP142632.1	425295	425359	1
CP142632.1	425359	425360	0
CP142632.1	425360	425388	1
CP142632.1	425388	425875	0
CP142632.1	425875	425910	1
CP142632.1	425910	425925	2
CP142632.1	425925	425926	1
CP142632.1	425926	425972	2
CP142632.1	425972	425985	1
CP142632.1	425985	425994	0
CP142632.1	425994	426033	1
CP142632.1	426033	426063	2
CP142632.1	426063	426083	1
CP142632.1	426083	426429	0
CP142632.1	426429	426564	1
CP142632.1	426564	426565	0
CP142632.1	426565	426606	1
CP142632.1	426606	426631	0
CP142632.1	426631	426680	1
CP142632.1	426680	426763	2
CP142632.1	426763	426765	1
CP142632.1	426765	426773	2
CP142632.1	426773	426785	1
CP142632.1	426785	427028	0
CP142632.1	427028	427085	1
CP142632.1	427085	427099	0
CP142632.1	427099	427139	1
CP142632.1	427139	427143	2
CP142632.1	427143	427166	3
CP142632.1	427166	427217	2
CP142632.1	427217	427218	1
CP142632.1	427218	427225	0
CP142632.1	427225	427284	1
CP142632.1	427284	427301	0
CP142632.1	427301	427436	1
CP142632.1	427436	427452	0
CP142632.1	427452	427458	1
CP142632.1	427458	427495	2
CP142632.1	427495	427597	1
CP142632.1	427597	427681	0
CP142632.1	427681	427745	1
CP142632.1	427745	427774	2
CP142632.1	427774	427799	3
CP142632.1	427799	427804	2
CP142632.1	427804	427808	3
CP142632.1	427808	427848	2
CP142632.1	427848	427852	1
CP142632.1	427852	427856	2
CP142632.1	427856	427865	1
CP142632.1	427865	427933	2
CP142632.1	427933	427934	1
CP142632.1	427934	427942	2
CP142632.1	427942	427964	1
CP142632.1	427964	427965	0
CP142632.1	427965	428003	1
CP142632.1	428003	428030	2
CP142632.1	428030	428104	1
CP142632.1	428104	428134	0
CP142632.1	428134	428187	1
CP142632.1	428187	428208	2
CP142632.1	428208	428329	1
CP142632.1	428329	428419	0
CP142632.1	428419	428553	1
CP142632.1	428553	428590	0
CP142632.1	428590	428658	1
CP142632.1	428658	428660	0
CP142632.1	428660	428684	1
CP142632.1	428684	428777	0
CP142632.1	428777	428859	1
CP142632.1	428859	428866	0
CP142632.1	428866	428958	1
CP142632.1	428958	428994	0
CP142632.1	428994	429049	1
CP142632.1	429049	429276	0
CP142632.1	429276	429302	1
CP142632.1	429302	429369	2
CP142632.1	429369	429397	1
CP142632.1	429397	429672	0
CP142632.1	429672	429731	1
CP142632.1	429731	429767	0
CP142632.1	429767	429791	1
CP142632.1	429791	429792	0
CP142632.1	429792	429963	1
CP142632.1	429963	429992	0
CP142632.1	429992	430049	1
CP142632.1	430049	430081	2
CP142632.1	430081	430084	1
CP142632.1	430084	430106	2
CP142632.1	430106	430132	3
CP142632.1	430132	430134	2
CP142632.1	430134	430217	1
CP142632.1	430217	430370	0
CP142632.1	430370	430410	1
CP142632.1	430410	430425	2
CP142632.1	430425	430426	1
CP142632.1	430426	430454	2
CP142632.1	430454	430455	1
CP142632.1	430455	430544	2
CP142632.1	430544	430554	3
CP142632.1	430554	430638	2
CP142632.1	430638	430644	1
CP142632.1	430644	430645	0
CP142632.1	430645	430665	1
CP142632.1	430665	430706	0
CP142632.1	430706	430767	1
CP142632.1	430767	430771	0
CP142632.1	430771	430861	1
CP142632.1	430861	430864	0
CP142632.1	430864	430940	1
CP142632.1	430940	430943	0
CP142632.1	430943	430959	1
CP142632.1	430959	430978	2
CP142632.1	430978	430983	3
CP142632.1	430983	430999	4
CP142632.1	430999	431008	3
CP142632.1	431008	431017	4
CP142632.1	431017	431033	5
CP142632.1	431033	431034	3
CP142632.1	431034	431035	4
CP142632.1	431035	431041	5
CP142632.1	431041	431042	4
CP142632.1	431042	431043	3
CP142632.1	431043	431048	4
CP142632.1	431048	431073	5
CP142632.1	431073	431076	4
CP142632.1	431076	431096	3
CP142632.1	431096	431099	2
CP142632.1	431099	431100	3
CP142632.1	431100	431112	2
CP142632.1	431112	431164	1
CP142632.1	431164	431173	2
CP142632.1	431173	431175	1
CP142632.1	431175	431177	2
CP142632.1	431177	431185	3
CP142632.1	431185	431222	4
CP142632.1	431222	431229	3
CP142632.1	431229	431230	2
CP142632.1	431230	431333	1
CP142632.1	431333	431543	0
CP142632.1	431543	431584	1
CP142632.1	431584	431689	2
CP142632.1	431689	431697	3
CP142632.1	431697	431721	2
CP142632.1	431721	431754	3
CP142632.1	431754	431756	2
CP142632.1	431756	431798	1
CP142632.1	431798	431916	0
CP142632.1	431916	431983	1
CP142632.1	431983	431994	2
CP142632.1	431994	431995	3
CP142632.1	431995	432026	2
CP142632.1	432026	432040	3
CP142632.1	432040	432046	2
CP142632.1	432046	432047	3
CP142632.1	432047	432101	4
CP142632.1	432101	432127	3
CP142632.1	432127	432133	2
CP142632.1	432133	432135	1
CP142632.1	432135	432136	0
CP142632.1	432136	432317	1
CP142632.1	432317	432327	0
CP142632.1	432327	432391	1
CP142632.1	432391	432417	0
CP142632.1	432417	432476	1
CP142632.1	432476	432477	0
CP142632.1	432477	432538	1
CP142632.1	432538	433058	0
CP142632.1	433058	433096	1
CP142632.1	433096	433132	2
CP142632.1	433132	433147	1
CP142632.1	433147	433241	0
CP142632.1	433241	433477	1
CP142632.1	433477	433528	0
CP142632.1	433528	433542	1
CP142632.1	433542	433546	0
CP142632.1	433546	433585	1
CP142632.1	433585	433662	0
CP142632.1	433662	433839	1
CP142632.1	433839	433840	0
CP142632.1	433840	433870	1
CP142632.1	433870	433928	0
CP142632.1	433928	434027	1
CP142632.1	434027	434109	0
CP142632.1	434109	434142	1
CP142632.1	434142	434147	0
CP142632.1	434147	434189	2
CP142632.1	434189	434222	1
CP142632.1	434222	434225	0
CP142632.1	434225	434295	1
CP142632.1	434295	434298	0
CP142632.1	434298	434301	1
CP142632.1	434301	434352	2
CP142632.1	434352	434488	1
CP142632.1	434488	434629	0
CP142632.1	434629	434630	1
CP142632.1	434630	434700	2
CP142632.1	434700	434743	1
CP142632.1	434743	434835	0
CP142632.1	434835	434911	1
CP142632.1	434911	435227	0
CP142632.1	435227	435273	1
CP142632.1	435273	435274	0
CP142632.1	435274	435287	1
CP142632.1	435287	435306	2
CP142632.1	435306	435348	3
CP142632.1	435348	435378	2
CP142632.1	435378	435445	1
CP142632.1	435445	435524	0
CP142632.1	435524	435525	1
CP142632.1	435525	435634	2
CP142632.1	435634	435709	1
CP142632.1	435709	435754	0
CP142632.1	435754	435759	1
CP142632.1	435759	435760	0
CP142632.1	435760	435772	1
CP142632.1	435772	435793	2
CP142632.1	435793	435803	3
CP142632.1	435803	435804	2
CP142632.1	435804	435817	3
CP142632.1	435817	435862	2
CP142632.1	435862	435923	3
CP142632.1	435923	436006	2
CP142632.1	436006	436018	1
CP142632.1	436018	436091	0
CP142632.1	436091	436133	1
CP142632.1	436133	436204	2
CP142632.1	436204	436226	1
CP142632.1	436226	436294	2
CP142632.1	436294	436336	3
CP142632.1	436336	436410	2
CP142632.1	436410	436424	3
CP142632.1	436424	436474	4
CP142632.1	436474	436492	3
CP142632.1	436492	436496	2
CP142632.1	436496	436499	1
CP142632.1	436499	436522	2
CP142632.1	436522	436545	1
CP142632.1	436545	436659	0
CP142632.1	436659	436688	1
CP142632.1	436688	436690	0
CP142632.1	436690	436720	1
CP142632.1	436720	436781	2
CP142632.1	436781	436870	1
CP142632.1	436870	436941	0
CP142632.1	436941	437007	1
CP142632.1	437007	437264	0
CP142632.1	437264	437301	1
CP142632.1	437301	437316	2
CP142632.1	437316	437329	3
CP142632.1	437329	437434	2
CP142632.1	437434	437442	1
CP142632.1	437442	437601	0
CP142632.1	437601	437686	1
CP142632.1	437686	437741	2
CP142632.1	437741	437864	1
CP142632.1	437864	437990	0
CP142632.1	437990	438060	1
CP142632.1	438060	438151	2
CP142632.1	438151	438153	1
CP142632.1	438153	438169	0
CP142632.1	438169	438171	1
CP142632.1	438171	438266	2
CP142632.1	438266	438280	3
CP142632.1	438280	438290	2
CP142632.1	438290	438326	3
CP142632.1	438326	438330	2
CP142632.1	438330	438332	1
CP142632.1	438332	438374	2
CP142632.1	438374	438406	3
CP142632.1	438406	438438	2
CP142632.1	438438	438439	1
CP142632.1	438439	438447	2
CP142632.1	438447	438449	1
CP142632.1	438449	438459	2
CP142632.1	438459	438460	1
CP142632.1	438460	438497	2
CP142632.1	438497	438523	1
CP142632.1	438523	438624	0
CP142632.1	438624	438683	1
CP142632.1	438683	438737	2
CP142632.1	438737	438813	1
CP142632.1	438813	438894	0
CP142632.1	438894	439024	1
CP142632.1	439024	439037	2
CP142632.1	439037	439123	1
CP142632.1	439123	439143	0
CP142632.1	439143	439213	1
CP142632.1	439213	439385	0
CP142632.1	439385	439400	1
CP142632.1	439400	439548	2
CP142632.1	439548	439562	1
CP142632.1	439562	439597	0
CP142632.1	439597	439625	1
CP142632.1	439625	439645	2
CP142632.1	439645	439653	1
CP142632.1	439653	439654	0
CP142632.1	439654	439655	1
CP142632.1	439655	439694	2
CP142632.1	439694	439695	1
CP142632.1	439695	439701	2
CP142632.1	439701	439778	1
CP142632.1	439778	439783	2
CP142632.1	439783	439872	1
CP142632.1	439872	440008	0
CP142632.1	440008	440045	1
CP142632.1	440045	440107	2
CP142632.1	440107	440119	1
CP142632.1	440119	440123	2
CP142632.1	440123	440138	3
CP142632.1	440138	440139	2
CP142632.1	440139	440146	1
CP142632.1	440146	440194	2
CP142632.1	440194	440200	1
CP142632.1	440200	440393	0
CP142632.1	440393	440409	1
CP142632.1	440409	440451	2
CP142632.1	440451	440459	1
CP142632.1	440459	440495	2
CP142632.1	440495	440557	3
CP142632.1	440557	440566	2
CP142632.1	440566	440572	1
CP142632.1	440572	440583	2
CP142632.1	440583	440632	1
CP142632.1	440632	440678	0
CP142632.1	440678	440737	1
CP142632.1	440737	440751	2
CP142632.1	440751	440777	1
CP142632.1	440777	441060	0
CP142632.1	441060	441096	1
CP142632.1	441096	441108	2
CP142632.1	441108	441126	3
CP142632.1	441126	441151	2
CP142632.1	441151	441161	1
CP142632.1	441161	441219	2
CP142632.1	441219	441248	1
CP142632.1	441248	441249	0
CP142632.1	441249	441298	1
CP142632.1	441298	441317	2
CP142632.1	441317	441332	1
CP142632.1	441332	441333	0
CP142632.1	441333	441346	1
CP142632.1	441346	441357	2
CP142632.1	441357	441401	3
CP142632.1	441401	441402	2
CP142632.1	441402	441470	1
CP142632.1	441470	441473	2
CP142632.1	441473	441497	1
CP142632.1	441497	441510	2
CP142632.1	441510	441565	3
CP142632.1	441565	441566	2
CP142632.1	441566	441597	1
CP142632.1	441597	441616	2
CP142632.1	441616	441672	3
CP142632.1	441672	441696	2
CP142632.1	441696	441704	3
CP142632.1	441704	441719	2
CP142632.1	441719	441746	3
CP142632.1	441746	441747	2
CP142632.1	441747	441750	3
CP142632.1	441750	441752	2
CP142632.1	441752	441810	3
CP142632.1	441810	441814	2
CP142632.1	441814	441913	1
CP142632.1	441913	441917	2
CP142632.1	441917	441966	3
CP142632.1	441966	441968	2
CP142632.1	441968	442007	3
CP142632.1	442007	442020	2
CP142632.1	442020	442060	1
CP142632.1	442060	442078	0
CP142632.1	442078	442101	1
CP142632.1	442101	442125	2
CP142632.1	442125	442126	1
CP142632.1	442126	442163	2
CP142632.1	442163	442189	1
CP142632.1	442189	442205	2
CP142632.1	442205	442216	1
CP142632.1	442216	442217	0
CP142632.1	442217	442247	1
CP142632.1	442247	442248	0
CP142632.1	442248	442283	1
CP142632.1	442283	442398	2
CP142632.1	442398	442459	1
CP142632.1	442459	442502	0
CP142632.1	442502	442506	1
CP142632.1	442506	442574	2
CP142632.1	442574	442577	1
CP142632.1	442577	442593	2
CP142632.1	442593	442622	1
CP142632.1	442622	442675	2
CP142632.1	442675	442678	1
CP142632.1	442678	442697	2
CP142632.1	442697	442735	3
CP142632.1	442735	442781	2
CP142632.1	442781	442855	1
CP142632.1	442855	442894	2
CP142632.1	442894	442909	1
CP142632.1	442909	442912	0
CP142632.1	442912	442985	1
CP142632.1	442985	443009	0
CP142632.1	443009	443018	1
CP142632.1	443018	443090	2
CP142632.1	443090	443096	1
CP142632.1	443096	443103	0
CP142632.1	443103	443132	1
CP142632.1	443132	443171	0
CP142632.1	443171	443200	1
CP142632.1	443200	443252	2
CP142632.1	443252	443376	1
CP142632.1	443376	443395	0
CP142632.1	443395	443458	1
CP142632.1	443458	443593	0
CP142632.1	443593	443666	1
CP142632.1	443666	444224	0
CP142632.1	444224	444295	1
CP142632.1	444295	444298	2
CP142632.1	444298	444300	1
CP142632.1	444300	444332	2
CP142632.1	444332	444334	1
CP142632.1	444334	444344	2
CP142632.1	444344	444351	1
CP142632.1	444351	444353	2
CP142632.1	444353	444354	1
CP142632.1	444354	444381	2
CP142632.1	444381	444385	1
CP142632.1	444385	444386	0
CP142632.1	444386	444394	1
CP142632.1	444394	444449	2
CP142632.1	444449	444462	3
CP142632.1	444462	444469	2
CP142632.1	444469	444523	1
CP142632.1	444523	444684	0
CP142632.1	444684	444698	1
CP142632.1	444698	444742	2
CP142632.1	444742	444743	1
CP142632.1	444743	444774	2
CP142632.1	444774	444878	1
CP142632.1	444878	444936	0
CP142632.1	444936	445041	1
CP142632.1	445041	445063	2
CP142632.1	445063	445065	1
CP142632.1	445065	445074	2
CP142632.1	445074	445078	1
CP142632.1	445078	445087	2
CP142632.1	445087	445088	1
CP142632.1	445088	445116	2
CP142632.1	445116	445182	1
CP142632.1	445182	445191	0
CP142632.1	445191	445260	1
CP142632.1	445260	445276	2
CP142632.1	445276	445325	3
CP142632.1	445325	445346	2
CP142632.1	445346	445347	1
CP142632.1	445347	445355	2
CP142632.1	445355	445387	1
CP142632.1	445387	445419	0
CP142632.1	445419	445456	1
CP142632.1	445456	445477	2
CP142632.1	445477	445516	3
CP142632.1	445516	445539	4
CP142632.1	445539	445542	3
CP142632.1	445542	445554	4
CP142632.1	445554	445561	3
CP142632.1	445561	445562	2
CP142632.1	445562	445564	1
CP142632.1	445564	445565	3
CP142632.1	445565	445591	4
CP142632.1	445591	445593	3
CP142632.1	445593	445594	2
CP142632.1	445594	445628	3
CP142632.1	445628	445714	2
CP142632.1	445714	445717	1
CP142632.1	445717	445718	2
CP142632.1	445718	445757	3
CP142632.1	445757	445762	2
CP142632.1	445762	445839	1
CP142632.1	445839	445854	0
CP142632.1	445854	445867	1
CP142632.1	445867	445882	2
CP142632.1	445882	445885	1
CP142632.1	445885	445887	2
CP142632.1	445887	445910	3
CP142632.1	445910	445911	2
CP142632.1	445911	445935	3
CP142632.1	445935	445936	2
CP142632.1	445936	445946	3
CP142632.1	445946	445952	2
CP142632.1	445952	445971	1
CP142632.1	445971	446007	2
CP142632.1	446007	446009	1
CP142632.1	446009	446012	2
CP142632.1	446012	446137	1
CP142632.1	446137	446224	0
CP142632.1	446224	446227	1
CP142632.1	446227	446287	2
CP142632.1	446287	446288	1
CP142632.1	446288	446302	2
CP142632.1	446302	446318	1
CP142632.1	446318	446430	0
CP142632.1	446430	446528	1
CP142632.1	446528	446551	2
CP142632.1	446551	446557	1
CP142632.1	446557	446588	2
CP142632.1	446588	446606	1
CP142632.1	446606	446610	2
CP142632.1	446610	446617	3
CP142632.1	446617	446655	2
CP142632.1	446655	446687	3
CP142632.1	446687	446703	2
CP142632.1	446703	446707	1
CP142632.1	446707	446711	2
CP142632.1	446711	446731	3
CP142632.1	446731	446738	4
CP142632.1	446738	446759	3
CP142632.1	446759	446778	4
CP142632.1	446778	446779	3
CP142632.1	446779	446780	2
CP142632.1	446780	446781	1
CP142632.1	446781	446783	0
CP142632.1	446783	446784	2
CP142632.1	446784	446801	3
CP142632.1	446801	446829	2
CP142632.1	446829	446830	1
CP142632.1	446830	446878	2
CP142632.1	446878	446879	1
CP142632.1	446879	446930	2
CP142632.1	446930	447001	3
CP142632.1	447001	447017	2
CP142632.1	447017	447031	1
CP142632.1	447031	447051	0
CP142632.1	447051	447118	1
CP142632.1	447118	447184	0
CP142632.1	447184	447206	1
CP142632.1	447206	447257	2
CP142632.1	447257	447268	3
CP142632.1	447268	447295	2
CP142632.1	447295	447391	1
CP142632.1	447391	447424	2
CP142632.1	447424	447447	1
CP142632.1	447447	447498	0
CP142632.1	447498	447525	1
CP142632.1	447525	447566	2
CP142632.1	447566	447624	1
CP142632.1	447624	447626	0
CP142632.1	447626	447658	1
CP142632.1	447658	447701	2
CP142632.1	447701	447704	1
CP142632.1	447704	447730	2
CP142632.1	447730	447761	3
CP142632.1	447761	447762	2
CP142632.1	447762	447770	3
CP142632.1	447770	447817	2
CP142632.1	447817	447838	3
CP142632.1	447838	447935	2
CP142632.1	447935	447939	1
CP142632.1	447939	448075	0
CP142632.1	448075	448127	1
CP142632.1	448127	448181	0
CP142632.1	448181	448205	1
CP142632.1	448205	448207	0
CP142632.1	448207	448339	1
CP142632.1	448339	448444	0
CP142632.1	448444	448534	1
CP142632.1	448534	448535	0
CP142632.1	448535	448553	1
CP142632.1	448553	448603	2
CP142632.1	448603	448729	1
CP142632.1	448729	448730	0
CP142632.1	448730	448747	1
CP142632.1	448747	448761	0
CP142632.1	448761	448791	1
CP142632.1	448791	448793	2
CP142632.1	448793	448794	3
CP142632.1	448794	448795	2
CP142632.1	448795	448809	3
CP142632.1	448809	448810	2
CP142632.1	448810	448844	3
CP142632.1	448844	448864	2
CP142632.1	448864	448867	1
CP142632.1	448867	448874	2
CP142632.1	448874	448962	1
CP142632.1	448962	448973	0
CP142632.1	448973	449034	1
CP142632.1	449034	449101	2
CP142632.1	449101	449140	3
CP142632.1	449140	449190	2
CP142632.1	449190	449191	1
CP142632.1	449191	449221	2
CP142632.1	449221	449233	1
CP142632.1	449233	449239	0
CP142632.1	449239	449253	1
CP142632.1	449253	449291	3
CP142632.1	449291	449311	2
CP142632.1	449311	449314	1
CP142632.1	449314	449322	0
CP142632.1	449322	449405	1
CP142632.1	449405	449406	0
CP142632.1	449406	449531	1
CP142632.1	449531	449689	0
CP142632.1	449689	449744	1
CP142632.1	449744	449817	0
CP142632.1	449817	449904	1
CP142632.1	449904	449927	2
CP142632.1	449927	450009	1
CP142632.1	450009	450033	2
CP142632.1	450033	450058	3
CP142632.1	450058	450059	2
CP142632.1	450059	450087	3
CP142632.1	450087	450088	2
CP142632.1	450088	450192	1
CP142632.1	450192	450217	0
CP142632.1	450217	450271	1
CP142632.1	450271	450278	2
CP142632.1	450278	450356	3
CP142632.1	450356	450404	2
CP142632.1	450404	450426	1
CP142632.1	450426	450497	0
CP142632.1	450497	450547	1
CP142632.1	450547	450548	0
CP142632.1	450548	450573	1
CP142632.1	450573	450660	0
CP142632.1	450660	450702	1
CP142632.1	450702	450713	2
CP142632.1	450713	450720	1
CP142632.1	450720	450779	2
CP142632.1	450779	450828	3
CP142632.1	450828	450840	4
CP142632.1	450840	450853	3
CP142632.1	450853	450854	2
CP142632.1	450854	450858	3
CP142632.1	450858	450889	2
CP142632.1	450889	450931	3
CP142632.1	450931	450974	2
CP142632.1	450974	451005	1
CP142632.1	451005	451216	0
CP142632.1	451216	451300	1
CP142632.1	451300	451319	0
CP142632.1	451319	451382	1
CP142632.1	451382	451409	2
CP142632.1	451409	451440	1
CP142632.1	451440	451441	0
CP142632.1	451441	451530	1
CP142632.1	451530	451538	0
CP142632.1	451538	451577	1
CP142632.1	451577	451579	0
CP142632.1	451579	451670	1
CP142632.1	451670	452211	0
CP142632.1	452211	452250	1
CP142632.1	452250	452289	2
CP142632.1	452289	452294	1
CP142632.1	452294	452295	0
CP142632.1	452295	452312	1
CP142632.1	452312	452354	0
CP142632.1	452354	452432	1
CP142632.1	452432	452466	0
CP142632.1	452466	452479	1
CP142632.1	452479	452512	2
CP142632.1	452512	452551	1
CP142632.1	452551	452631	0
CP142632.1	452631	452638	1
CP142632.1	452638	452720	2
CP142632.1	452720	452726	0
CP142632.1	452726	452821	1
CP142632.1	452821	452872	2
CP142632.1	452872	452873	1
CP142632.1	452873	452885	2
CP142632.1	452885	452913	3
CP142632.1	452913	452915	2
CP142632.1	452915	452922	3
CP142632.1	452922	452925	2
CP142632.1	452925	452933	1
CP142632.1	452933	452985	2
CP142632.1	452985	453015	1
CP142632.1	453015	453077	0
CP142632.1	453077	453131	1
CP142632.1	453131	453156	2
CP142632.1	453156	453162	3
CP142632.1	453162	453163	2
CP142632.1	453163	453198	3
CP142632.1	453198	453226	2
CP142632.1	453226	453268	0
CP142632.1	453268	453366	1
CP142632.1	453366	453478	0
CP142632.1	453478	453561	1
CP142632.1	453561	453633	0
CP142632.1	453633	453682	1
CP142632.1	453682	453759	2
CP142632.1	453759	453761	1
CP142632.1	453761	453772	2
CP142632.1	453772	453818	1
CP142632.1	453818	453827	0
CP142632.1	453827	453841	1
CP142632.1	453841	454051	0
CP142632.1	454051	454146	1
CP142632.1	454146	454260	0
CP142632.1	454260	454320	1
CP142632.1	454320	454380	2
CP142632.1	454380	454490	1
CP142632.1	454490	454551	0
CP142632.1	454551	454610	1
CP142632.1	454610	454642	2
CP142632.1	454642	454645	1
CP142632.1	454645	454720	2
CP142632.1	454720	454736	3
CP142632.1	454736	454763	2
CP142632.1	454763	454767	3
CP142632.1	454767	454773	2
CP142632.1	454773	454792	3
CP142632.1	454792	454794	2
CP142632.1	454794	454846	3
CP142632.1	454846	454864	2
CP142632.1	454864	454922	3
CP142632.1	454922	454963	2
CP142632.1	454963	455213	0
CP142632.1	455213	455256	1
CP142632.1	455256	455322	2
CP142632.1	455322	455329	1
CP142632.1	455329	455355	2
CP142632.1	455355	455395	3
CP142632.1	455395	455403	2
CP142632.1	455403	455437	1
CP142632.1	455437	455513	2
CP142632.1	455513	455526	3
CP142632.1	455526	455554	2
CP142632.1	455554	455591	3
CP142632.1	455591	455592	2
CP142632.1	455592	455596	3
CP142632.1	455596	455617	2
CP142632.1	455617	455629	1
CP142632.1	455629	455643	2
CP142632.1	455643	455721	1
CP142632.1	455721	455814	0
CP142632.1	455814	455820	1
CP142632.1	455820	455844	2
CP142632.1	455844	455847	1
CP142632.1	455847	455879	2
CP142632.1	455879	455880	1
CP142632.1	455880	455887	0
CP142632.1	455887	455946	1
CP142632.1	455946	456050	0
CP142632.1	456050	456120	1
CP142632.1	456120	456185	0
CP142632.1	456185	456246	1
CP142632.1	456246	456247	0
CP142632.1	456247	456255	1
CP142632.1	456255	456264	0
CP142632.1	456264	456277	1
CP142632.1	456277	456304	2
CP142632.1	456304	456308	1
CP142632.1	456308	456309	0
CP142632.1	456309	456310	1
CP142632.1	456310	456359	2
CP142632.1	456359	456408	1
CP142632.1	456408	456419	2
CP142632.1	456419	456466	1
CP142632.1	456466	456527	0
CP142632.1	456527	456565	1
CP142632.1	456565	456598	0
CP142632.1	456598	456619	1
CP142632.1	456619	456632	2
CP142632.1	456632	456654	3
CP142632.1	456654	456704	2
CP142632.1	456704	456707	0
CP142632.1	456707	456723	2
CP142632.1	456723	456725	1
CP142632.1	456725	456756	2
CP142632.1	456756	456795	1
CP142632.1	456795	456804	0
CP142632.1	456804	456987	1
CP142632.1	456987	457068	0
CP142632.1	457068	457091	1
CP142632.1	457091	457179	2
CP142632.1	457179	457264	1
CP142632.1	457264	457316	0
CP142632.1	457316	457470	1
CP142632.1	457470	457571	0
CP142632.1	457571	457597	1
CP142632.1	457597	457607	0
CP142632.1	457607	457642	1
CP142632.1	457642	457683	0
CP142632.1	457683	457787	1
CP142632.1	457787	457788	0
CP142632.1	457788	457903	1
CP142632.1	457903	457984	0
CP142632.1	457984	458019	1
CP142632.1	458019	458040	2
CP142632.1	458040	458063	1
CP142632.1	458063	458113	2
CP142632.1	458113	458171	1
CP142632.1	458171	458178	2
CP142632.1	458178	458181	3
CP142632.1	458181	458182	2
CP142632.1	458182	458217	3
CP142632.1	458217	458221	4
CP142632.1	458221	458238	3
CP142632.1	458238	458301	2
CP142632.1	458301	458371	1
CP142632.1	458371	458489	0
CP142632.1	458489	458532	1
CP142632.1	458532	458533	0
CP142632.1	458533	458601	1
CP142632.1	458601	458682	0
CP142632.1	458682	458698	1
CP142632.1	458698	458799	2
CP142632.1	458799	458813	3
CP142632.1	458813	458851	2
CP142632.1	458851	458859	1
CP142632.1	458859	458860	0
CP142632.1	458860	458885	1
CP142632.1	458885	459096	0
CP142632.1	459096	459140	1
CP142632.1	459140	459143	0
CP142632.1	459143	459213	1
CP142632.1	459213	459230	0
CP142632.1	459230	459239	1
CP142632.1	459239	459270	2
CP142632.1	459270	459329	3
CP142632.1	459329	459338	4
CP142632.1	459338	459351	5
CP142632.1	459351	459376	4
CP142632.1	459376	459378	3
CP142632.1	459378	459408	4
CP142632.1	459408	459410	3
CP142632.1	459410	459412	2
CP142632.1	459412	459423	1
CP142632.1	459423	459432	2
CP142632.1	459432	459445	3
CP142632.1	459445	459448	2
CP142632.1	459448	459454	1
CP142632.1	459454	459504	2
CP142632.1	459504	459557	1
CP142632.1	459557	459591	0
CP142632.1	459591	459660	1
CP142632.1	459660	459667	0
CP142632.1	459667	459793	1
CP142632.1	459793	459852	0
CP142632.1	459852	459940	1
CP142632.1	459940	460001	0
CP142632.1	460001	460090	1
CP142632.1	460090	460171	2
CP142632.1	460171	460181	1
CP142632.1	460181	460182	0
CP142632.1	460182	460202	1
CP142632.1	460202	460229	0
CP142632.1	460229	460277	1
CP142632.1	460277	460309	2
CP142632.1	460309	460314	1
CP142632.1	460314	460317	2
CP142632.1	460317	460322	1
CP142632.1	460322	460393	2
CP142632.1	460393	460398	1
CP142632.1	460398	460435	2
CP142632.1	460435	460437	1
CP142632.1	460437	460440	0
CP142632.1	460440	460463	1
CP142632.1	460463	460550	0
CP142632.1	460550	460583	1
CP142632.1	460583	460587	0
CP142632.1	460587	460677	1
CP142632.1	460677	460809	0
CP142632.1	460809	460932	1
CP142632.1	460932	460944	2
CP142632.1	460944	460946	1
CP142632.1	460946	460947	2
CP142632.1	460947	460963	3
CP142632.1	460963	460981	2
CP142632.1	460981	461007	1
CP142632.1	461007	461066	2
CP142632.1	461066	461114	1
CP142632.1	461114	461660	0
CP142632.1	461660	461666	1
CP142632.1	461666	461710	2
CP142632.1	461710	461711	1
CP142632.1	461711	461788	2
CP142632.1	461788	461789	1
CP142632.1	461789	461824	2
CP142632.1	461824	461828	1
CP142632.1	461828	461833	2
CP142632.1	461833	461835	1
CP142632.1	461835	461850	2
CP142632.1	461850	461863	3
CP142632.1	461863	461887	2
CP142632.1	461887	461904	1
CP142632.1	461904	461907	0
CP142632.1	461907	461943	1
CP142632.1	461943	462037	2
CP142632.1	462037	462047	1
CP142632.1	462047	462161	2
CP142632.1	462161	462193	1
CP142632.1	462193	462308	0
CP142632.1	462308	462390	1
CP142632.1	462390	462403	0
CP142632.1	462403	462417	1
CP142632.1	462417	462493	2
CP142632.1	462493	462667	1
CP142632.1	462667	462809	0
CP142632.1	462809	462817	1
CP142632.1	462817	462880	2
CP142632.1	462880	462984	1
CP142632.1	462984	463006	2
CP142632.1	463006	463032	1
CP142632.1	463032	463150	0
CP142632.1	463150	463171	1
CP142632.1	463171	463172	0
CP142632.1	463172	463198	1
CP142632.1	463198	463199	0
CP142632.1	463199	463240	1
CP142632.1	463240	463251	0
CP142632.1	463251	463304	1
CP142632.1	463304	463323	0
CP142632.1	463323	463338	1
CP142632.1	463338	463366	2
CP142632.1	463366	463367	1
CP142632.1	463367	463393	2
CP142632.1	463393	463490	3
CP142632.1	463490	463509	2
CP142632.1	463509	463575	1
CP142632.1	463575	463582	0
CP142632.1	463582	463640	1
CP142632.1	463640	463688	2
CP142632.1	463688	463694	3
CP142632.1	463694	463700	2
CP142632.1	463700	463784	1
CP142632.1	463784	464021	0
CP142632.1	464021	464025	1
CP142632.1	464025	464026	2
CP142632.1	464026	464031	3
CP142632.1	464031	464066	4
CP142632.1	464066	464083	5
CP142632.1	464083	464097	4
CP142632.1	464097	464110	3
CP142632.1	464110	464111	4
CP142632.1	464111	464134	3
CP142632.1	464134	464140	2
CP142632.1	464140	464149	1
CP142632.1	464149	464187	2
CP142632.1	464187	464208	1
CP142632.1	464208	464218	2
CP142632.1	464218	464225	1
CP142632.1	464225	464228	0
CP142632.1	464228	464365	1
CP142632.1	464365	464385	2
CP142632.1	464385	464386	1
CP142632.1	464386	464425	2
CP142632.1	464425	464434	1
CP142632.1	464434	464435	0
CP142632.1	464435	464460	1
CP142632.1	464460	464481	0
CP142632.1	464481	464529	1
CP142632.1	464529	464532	2
CP142632.1	464532	464570	1
CP142632.1	464570	464571	0
CP142632.1	464571	464591	1
CP142632.1	464591	464607	2
CP142632.1	464607	464609	1
CP142632.1	464609	464626	2
CP142632.1	464626	464655	1
CP142632.1	464655	464677	0
CP142632.1	464677	464722	1
CP142632.1	464722	464760	2
CP142632.1	464760	464845	1
CP142632.1	464845	465207	0
CP142632.1	465207	465281	1
CP142632.1	465281	465308	0
CP142632.1	465308	465359	1
CP142632.1	465359	465375	2
CP142632.1	465375	465418	3
CP142632.1	465418	465421	2
CP142632.1	465421	465422	1
CP142632.1	465422	465438	2
CP142632.1	465438	465439	0
CP142632.1	465439	465487	2
CP142632.1	465487	465539	1
CP142632.1	465539	465545	2
CP142632.1	465545	465546	1
CP142632.1	465546	465551	2
CP142632.1	465551	465554	1
CP142632.1	465554	465563	3
CP142632.1	465563	465564	2
CP142632.1	465564	465607	3
CP142632.1	465607	465637	4
CP142632.1	465637	465641	5
CP142632.1	465641	465657	4
CP142632.1	465657	465662	5
CP142632.1	465662	465696	6
CP142632.1	465696	465697	4
CP142632.1	465697	465698	5
CP142632.1	465698	465701	6
CP142632.1	465701	465703	4
CP142632.1	465703	465704	3
CP142632.1	465704	465706	2
CP142632.1	465706	465740	4
CP142632.1	465740	465781	3
CP142632.1	465781	465782	1
CP142632.1	465782	465815	3
CP142632.1	465815	465820	2
CP142632.1	465820	465902	3
CP142632.1	465902	465906	2
CP142632.1	465906	465926	1
CP142632.1	465926	465964	2
CP142632.1	465964	466001	3
CP142632.1	466001	466025	2
CP142632.1	466025	466048	1
CP142632.1	466048	466055	2
CP142632.1	466055	466103	1
CP142632.1	466103	466114	2
CP142632.1	466114	466145	3
CP142632.1	466145	466176	2
CP142632.1	466176	466180	1
CP142632.1	466180	466184	2
CP142632.1	466184	466204	3
CP142632.1	466204	466211	2
CP142632.1	466211	466274	1
CP142632.1	466274	466276	0
CP142632.1	466276	466284	1
CP142632.1	466284	466287	0
CP142632.1	466287	466337	1
CP142632.1	466337	466387	2
CP142632.1	466387	466389	3
CP142632.1	466389	466475	2
CP142632.1	466475	466552	1
CP142632.1	466552	466688	0
CP142632.1	466688	466810	1
CP142632.1	466810	466822	0
CP142632.1	466822	466828	1
CP142632.1	466828	466886	2
CP142632.1	466886	466903	1
CP142632.1	466903	466983	2
CP142632.1	466983	467016	3
CP142632.1	467016	467019	2
CP142632.1	467019	467025	3
CP142632.1	467025	467030	1
CP142632.1	467030	467168	2
CP142632.1	467168	467172	1
CP142632.1	467172	467174	2
CP142632.1	467174	467180	1
CP142632.1	467180	467183	0
CP142632.1	467183	467193	1
CP142632.1	467193	467198	0
CP142632.1	467198	467247	1
CP142632.1	467247	467306	2
CP142632.1	467306	467449	1
CP142632.1	467449	467525	0
CP142632.1	467525	467643	1
CP142632.1	467643	467667	2
CP142632.1	467667	467671	1
CP142632.1	467671	467695	2
CP142632.1	467695	467707	1
CP142632.1	467707	467852	0
CP142632.1	467852	467893	1
CP142632.1	467893	467917	2
CP142632.1	467917	467928	3
CP142632.1	467928	467939	4
CP142632.1	467939	467948	3
CP142632.1	467948	467950	1
CP142632.1	467950	467953	3
CP142632.1	467953	468004	2
CP142632.1	468004	468005	1
CP142632.1	468005	468010	2
CP142632.1	468010	468013	1
CP142632.1	468013	468015	0
CP142632.1	468015	468082	1
CP142632.1	468082	468091	2
CP142632.1	468091	468151	1
CP142632.1	468151	468336	0
CP142632.1	468336	468365	1
CP142632.1	468365	468368	0
CP142632.1	468368	468439	2
CP142632.1	468439	468455	1
CP142632.1	468455	468457	0
CP142632.1	468457	468527	1
CP142632.1	468527	468537	0
CP142632.1	468537	468620	1
CP142632.1	468620	468730	0
CP142632.1	468730	468739	1
CP142632.1	468739	468740	0
CP142632.1	468740	468789	1
CP142632.1	468789	468793	0
CP142632.1	468793	468823	1
CP142632.1	468823	468824	0
CP142632.1	468824	468840	1
CP142632.1	468840	468852	0
CP142632.1	468852	468869	1
CP142632.1	468869	468871	0
CP142632.1	468871	468893	1
CP142632.1	468893	468894	0
CP142632.1	468894	468944	1
CP142632.1	468944	468955	0
CP142632.1	468955	469124	1
CP142632.1	469124	469364	0
CP142632.1	469364	469367	1
CP142632.1	469367	469394	2
CP142632.1	469394	469397	1
CP142632.1	469397	469400	0
CP142632.1	469400	469417	1
CP142632.1	469417	469418	0
CP142632.1	469418	469464	1
CP142632.1	469464	469471	0
CP142632.1	469471	469499	1
CP142632.1	469499	469640	0
CP142632.1	469640	469674	2
CP142632.1	469674	469675	1
CP142632.1	469675	469692	2
CP142632.1	469692	469722	1
CP142632.1	469722	470004	0
CP142632.1	470004	470031	1
CP142632.1	470031	470077	2
CP142632.1	470077	470078	1
CP142632.1	470078	470106	2
CP142632.1	470106	470135	1
CP142632.1	470135	470347	0
CP142632.1	470347	470415	1
CP142632.1	470415	470418	0
CP142632.1	470418	470434	1
CP142632.1	470434	470441	2
CP142632.1	470441	470493	1
CP142632.1	470493	470559	2
CP142632.1	470559	470562	3
CP142632.1	470562	470570	2
CP142632.1	470570	470633	3
CP142632.1	470633	470669	2
CP142632.1	470669	470673	1
CP142632.1	470673	470832	0
CP142632.1	470832	470868	1
CP142632.1	470868	470879	2
CP142632.1	470879	470880	1
CP142632.1	470880	470909	2
CP142632.1	470909	470995	1
CP142632.1	470995	470996	0
CP142632.1	470996	471157	1
CP142632.1	471157	471362	0
CP142632.1	471362	471394	1
CP142632.1	471394	471443	2
CP142632.1	471443	471465	1
CP142632.1	471465	471470	0
CP142632.1	471470	471503	1
CP142632.1	471503	471505	0
CP142632.1	471505	471573	1
CP142632.1	471573	471580	2
CP142632.1	471580	471583	1
CP142632.1	471583	471591	2
CP142632.1	471591	471592	1
CP142632.1	471592	471673	2
CP142632.1	471673	471695	1
CP142632.1	471695	472231	0
CP142632.1	472231	472255	1
CP142632.1	472255	472256	0
CP142632.1	472256	472263	1
CP142632.1	472263	472311	2
CP142632.1	472311	472317	1
CP142632.1	472317	472318	0
CP142632.1	472318	472420	1
CP142632.1	472420	472494	2
CP142632.1	472494	472514	1
CP142632.1	472514	472647	0
CP142632.1	472647	472708	1
CP142632.1	472708	472712	0
CP142632.1	472712	472717	1
CP142632.1	472717	472748	2
CP142632.1	472748	472760	3
CP142632.1	472760	472761	2
CP142632.1	472761	472764	3
CP142632.1	472764	472787	4
CP142632.1	472787	472792	3
CP142632.1	472792	472840	2
CP142632.1	472840	472848	1
CP142632.1	472848	472959	0
CP142632.1	472959	472974	1
CP142632.1	472974	472976	0
CP142632.1	472976	473084	1
CP142632.1	473084	473104	2
CP142632.1	473104	473112	1
CP142632.1	473112	473213	2
CP142632.1	473213	473216	1
CP142632.1	473216	473261	2
CP142632.1	473261	473264	1
CP142632.1	473264	473267	0
CP142632.1	473267	473273	2
CP142632.1	473273	473292	3
CP142632.1	473292	473299	2
CP142632.1	473299	473302	3
CP142632.1	473302	473303	2
CP142632.1	473303	473307	3
CP142632.1	473307	473308	1
CP142632.1	473308	473325	3
CP142632.1	473325	473326	2
CP142632.1	473326	473331	3
CP142632.1	473331	473333	2
CP142632.1	473333	473337	1
CP142632.1	473337	473338	2
CP142632.1	473338	473373	3
CP142632.1	473373	473374	2
CP142632.1	473374	473376	1
CP142632.1	473376	473379	0
CP142632.1	473379	473381	1
CP142632.1	473381	473399	2
CP142632.1	473399	473509	1
CP142632.1	473509	473512	0
CP142632.1	473512	473569	1
CP142632.1	473569	473570	0
CP142632.1	473570	473649	1
CP142632.1	473649	473731	0
CP142632.1	473731	473747	1
CP142632.1	473747	473805	2
CP142632.1	473805	473807	1
CP142632.1	473807	473808	2
CP142632.1	473808	473829	3
CP142632.1	473829	473832	2
CP142632.1	473832	473844	1
CP142632.1	473844	473845	0
CP142632.1	473845	473890	1
CP142632.1	473890	473949	0
CP142632.1	473949	474028	1
CP142632.1	474028	474063	2
CP142632.1	474063	474064	1
CP142632.1	474064	474068	2
CP142632.1	474068	474093	3
CP142632.1	474093	474094	2
CP142632.1	474094	474106	3
CP142632.1	474106	474136	2
CP142632.1	474136	474160	3
CP142632.1	474160	474161	2
CP142632.1	474161	474169	3
CP142632.1	474169	474206	2
CP142632.1	474206	474220	1
CP142632.1	474220	474242	2
CP142632.1	474242	474244	1
CP142632.1	474244	474260	2
CP142632.1	474260	474267	1
CP142632.1	474267	474291	2
CP142632.1	474291	474306	1
CP142632.1	474306	474407	2
CP142632.1	474407	474408	3
CP142632.1	474408	474411	2
CP142632.1	474411	474447	1
CP142632.1	474447	474512	2
CP142632.1	474512	474608	0
CP142632.1	474608	474735	1
CP142632.1	474735	474751	0
CP142632.1	474751	474775	1
CP142632.1	474775	474809	2
CP142632.1	474809	474922	1
CP142632.1	474922	474936	2
CP142632.1	474936	474952	1
CP142632.1	474952	474992	2
CP142632.1	474992	475049	1
CP142632.1	475049	475051	0
CP142632.1	475051	475169	1
CP142632.1	475169	475318	0
CP142632.1	475318	475391	1
CP142632.1	475391	475567	0
CP142632.1	475567	475734	1
CP142632.1	475734	475795	0
CP142632.1	475795	475830	1
CP142632.1	475830	475880	2
CP142632.1	475880	475886	1
CP142632.1	475886	475887	2
CP142632.1	475887	475912	3
CP142632.1	475912	475915	2
CP142632.1	475915	475923	3
CP142632.1	475923	475924	2
CP142632.1	475924	475935	3
CP142632.1	475935	475937	2
CP142632.1	475937	475957	3
CP142632.1	475957	475964	2
CP142632.1	475964	476008	1
CP142632.1	476008	476009	0
CP142632.1	476009	476055	1
CP142632.1	476055	476056	0
CP142632.1	476056	476074	1
CP142632.1	476074	476116	2
CP142632.1	476116	476140	3
CP142632.1	476140	476141	2
CP142632.1	476141	476156	3
CP142632.1	476156	476252	2
CP142632.1	476252	476255	1
CP142632.1	476255	476256	0
CP142632.1	476256	476302	1
CP142632.1	476302	476303	0
CP142632.1	476303	476323	1
CP142632.1	476323	476634	0
CP142632.1	476634	476638	1
CP142632.1	476638	476666	2
CP142632.1	476666	476673	1
CP142632.1	476673	476730	2
CP142632.1	476730	476735	3
CP142632.1	476735	476773	4
CP142632.1	476773	476776	2
CP142632.1	476776	476801	3
CP142632.1	476801	476805	2
CP142632.1	476805	476806	1
CP142632.1	476806	476831	2
CP142632.1	476831	476837	1
CP142632.1	476837	477042	0
CP142632.1	477042	477102	1
CP142632.1	477102	477136	2
CP142632.1	477136	477170	1
CP142632.1	477170	477665	0
CP142632.1	477665	477720	1
CP142632.1	477720	477774	2
CP142632.1	477774	477805	1
CP142632.1	477805	478214	0
CP142632.1	478214	478281	1
CP142632.1	478281	478394	0
CP142632.1	478394	478518	1
CP142632.1	478518	478520	0
CP142632.1	478520	478537	1
CP142632.1	478537	478540	0
CP142632.1	478540	478552	1
CP142632.1	478552	478553	2
CP142632.1	478553	478561	1
CP142632.1	478561	478587	2
CP142632.1	478587	478616	1
CP142632.1	478616	478742	0
CP142632.1	478742	478794	1
CP142632.1	478794	478800	2
CP142632.1	478800	478876	1
CP142632.1	478876	478878	0
CP142632.1	478878	478920	1
CP142632.1	478920	478941	2
CP142632.1	478941	478960	3
CP142632.1	478960	478961	2
CP142632.1	478961	478977	3
CP142632.1	478977	479033	2
CP142632.1	479033	479128	1
CP142632.1	479128	479181	0
CP142632.1	479181	479296	1
CP142632.1	479296	479333	0
CP142632.1	479333	479379	1
CP142632.1	479379	479432	0
CP142632.1	479432	479550	1
CP142632.1	479550	479762	0
CP142632.1	479762	479820	1
CP142632.1	479820	479821	0
CP142632.1	479821	479850	1
CP142632.1	479850	479974	0
CP142632.1	479974	479988	1
CP142632.1	479988	480011	2
CP142632.1	480011	480012	1
CP142632.1	480012	480026	2
CP142632.1	480026	480126	1
CP142632.1	480126	480247	0
CP142632.1	480247	480368	1
CP142632.1	480368	480388	0
CP142632.1	480388	480398	1
CP142632.1	480398	480456	2
CP142632.1	480456	480486	1
CP142632.1	480486	480534	2
CP142632.1	480534	480567	3
CP142632.1	480567	480582	2
CP142632.1	480582	480589	1
CP142632.1	480589	480598	2
CP142632.1	480598	480600	1
CP142632.1	480600	480601	2
CP142632.1	480601	480602	3
CP142632.1	480602	480603	2
CP142632.1	480603	480614	3
CP142632.1	480614	480644	2
CP142632.1	480644	480645	1
CP142632.1	480645	480647	2
CP142632.1	480647	480660	3
CP142632.1	480660	480661	2
CP142632.1	480661	480702	3
CP142632.1	480702	480705	2
CP142632.1	480705	480706	1
CP142632.1	480706	480728	2
CP142632.1	480728	480730	1
CP142632.1	480730	480754	2
CP142632.1	480754	480775	3
CP142632.1	480775	480782	2
CP142632.1	480782	480806	1
CP142632.1	480806	480832	2
CP142632.1	480832	480833	1
CP142632.1	480833	480843	2
CP142632.1	480843	480845	3
CP142632.1	480845	480846	2
CP142632.1	480846	480908	3
CP142632.1	480908	480929	2
CP142632.1	480929	481024	1
CP142632.1	481024	481041	0
CP142632.1	481041	481065	1
CP142632.1	481065	481071	2
CP142632.1	481071	481074	0
CP142632.1	481074	481135	2
CP142632.1	481135	481172	1
CP142632.1	481172	481195	2
CP142632.1	481195	481333	1
CP142632.1	481333	481571	0
CP142632.1	481571	481631	1
CP142632.1	481631	481632	0
CP142632.1	481632	481688	2
CP142632.1	481688	481713	1
CP142632.1	481713	481724	0
CP142632.1	481724	481735	1
CP142632.1	481735	481757	2
CP142632.1	481757	481784	1
CP142632.1	481784	481820	0
CP142632.1	481820	481890	1
CP142632.1	481890	481894	0
CP142632.1	481894	481935	1
CP142632.1	481935	481955	2
CP142632.1	481955	481956	1
CP142632.1	481956	482015	2
CP142632.1	482015	482031	1
CP142632.1	482031	482034	0
CP142632.1	482034	482075	1
CP142632.1	482075	482076	0
CP142632.1	482076	482077	2
CP142632.1	482077	482128	3
CP142632.1	482128	482138	2
CP142632.1	482138	482169	1
CP142632.1	482169	482170	0
CP142632.1	482170	482191	1
CP142632.1	482191	482252	2
CP142632.1	482252	482256	1
CP142632.1	482256	482258	0
CP142632.1	482258	482283	1
CP142632.1	482283	482387	0
CP142632.1	482387	482566	1
CP142632.1	482566	482567	2
CP142632.1	482567	482570	3
CP142632.1	482570	482584	2
CP142632.1	482584	482621	3
CP142632.1	482621	482645	2
CP142632.1	482645	482670	3
CP142632.1	482670	482679	2
CP142632.1	482679	482713	3
CP142632.1	482713	482754	2
CP142632.1	482754	482801	3
CP142632.1	482801	482802	0
CP142632.1	482802	482838	3
CP142632.1	482838	482861	2
CP142632.1	482861	482871	1
CP142632.1	482871	482973	0
CP142632.1	482973	483039	1
CP142632.1	483039	483159	0
CP142632.1	483159	483214	2
CP142632.1	483214	483295	1
CP142632.1	483295	483498	0
CP142632.1	483498	483526	1
CP142632.1	483526	483558	2
CP142632.1	483558	483579	3
CP142632.1	483579	483580	2
CP142632.1	483580	483626	3
CP142632.1	483626	483631	2
CP142632.1	483631	483654	1
CP142632.1	483654	483788	0
CP142632.1	483788	483814	1
CP142632.1	483814	483856	2
CP142632.1	483856	483955	1
CP142632.1	483955	483999	0
CP142632.1	483999	484102	1
CP142632.1	484102	484191	0
CP142632.1	484191	484267	1
CP142632.1	484267	484326	2
CP142632.1	484326	484371	1
CP142632.1	484371	484485	0
CP142632.1	484485	484558	1
CP142632.1	484558	484561	0
CP142632.1	484561	484574	1
CP142632.1	484574	484636	2
CP142632.1	484636	484708	1
CP142632.1	484708	484980	0
CP142632.1	484980	485001	1
CP142632.1	485001	485005	0
CP142632.1	485005	485043	1
CP142632.1	485043	485065	2
CP142632.1	485065	485069	1
CP142632.1	485069	485070	2
CP142632.1	485070	485074	1
CP142632.1	485074	485106	2
CP142632.1	485106	485111	1
CP142632.1	485111	485204	0
CP142632.1	485204	485253	1
CP142632.1	485253	485258	2
CP142632.1	485258	485259	1
CP142632.1	485259	485344	2
CP142632.1	485344	485355	1
CP142632.1	485355	485384	2
CP142632.1	485384	485386	1
CP142632.1	485386	485418	2
CP142632.1	485418	485419	0
CP142632.1	485419	485440	2
CP142632.1	485440	485462	1
CP142632.1	485462	485464	0
CP142632.1	485464	485478	1
CP142632.1	485478	485559	2
CP142632.1	485559	485571	1
CP142632.1	485571	485608	0
CP142632.1	485608	485631	1
CP142632.1	485631	485737	2
CP142632.1	485737	485740	1
CP142632.1	485740	485769	2
CP142632.1	485769	485795	3
CP142632.1	485795	485842	2
CP142632.1	485842	485860	1
CP142632.1	485860	486125	0
CP142632.1	486125	486270	1
CP142632.1	486270	486281	0
CP142632.1	486281	486290	1
CP142632.1	486290	486357	2
CP142632.1	486357	486359	1
CP142632.1	486359	486364	2
CP142632.1	486364	486376	3
CP142632.1	486376	486377	2
CP142632.1	486377	486384	3
CP142632.1	486384	486458	2
CP142632.1	486458	486527	1
CP142632.1	486527	486530	0
CP142632.1	486530	486583	1
CP142632.1	486583	486602	0
CP142632.1	486602	486639	1
CP142632.1	486639	486641	0
CP142632.1	486641	486656	1
CP142632.1	486656	486660	0
CP142632.1	486660	486661	1
CP142632.1	486661	486776	2
CP142632.1	486776	486777	1
CP142632.1	486777	486812	2
CP142632.1	486812	486820	3
CP142632.1	486820	486821	2
CP142632.1	486821	486824	3
CP142632.1	486824	486906	2
CP142632.1	486906	486967	1
CP142632.1	486967	487008	0
CP142632.1	487008	487037	1
CP142632.1	487037	487040	0
CP142632.1	487040	487094	1
CP142632.1	487094	487382	0
CP142632.1	487382	487422	1
CP142632.1	487422	487493	2
CP142632.1	487493	487494	1
CP142632.1	487494	487543	2
CP142632.1	487543	487598	1
CP142632.1	487598	487608	2
CP142632.1	487608	487697	1
CP142632.1	487697	487744	0
CP142632.1	487744	487853	1
CP142632.1	487853	488278	0
CP142632.1	488278	488320	1
CP142632.1	488320	488375	2
CP142632.1	488375	488376	1
CP142632.1	488376	488393	2
CP142632.1	488393	488394	1
CP142632.1	488394	488404	2
CP142632.1	488404	488448	1
CP142632.1	488448	488450	0
CP142632.1	488450	488454	1
CP142632.1	488454	488457	2
CP142632.1	488457	488458	1
CP142632.1	488458	488505	2
CP142632.1	488505	488526	1
CP142632.1	488526	488541	0
CP142632.1	488541	488561	1
CP142632.1	488561	488562	0
CP142632.1	488562	488579	1
CP142632.1	488579	488593	2
CP142632.1	488593	488615	3
CP142632.1	488615	488647	2
CP142632.1	488647	488671	3
CP142632.1	488671	488698	2
CP142632.1	488698	488724	3
CP142632.1	488724	488728	2
CP142632.1	488728	488748	3
CP142632.1	488748	488749	2
CP142632.1	488749	488833	1
CP142632.1	488833	488848	2
CP142632.1	488848	488896	1
CP142632.1	488896	488897	0
CP142632.1	488897	489120	1
CP142632.1	489120	489210	0
CP142632.1	489210	489252	1
CP142632.1	489252	489301	2
CP142632.1	489301	489323	3
CP142632.1	489323	489337	4
CP142632.1	489337	489339	2
CP142632.1	489339	489347	3
CP142632.1	489347	489374	2
CP142632.1	489374	489394	1
CP142632.1	489394	489762	0
CP142632.1	489762	489837	1
CP142632.1	489837	489838	0
CP142632.1	489838	489842	1
CP142632.1	489842	490014	0
CP142632.1	490014	490079	1
CP142632.1	490079	490212	0
CP142632.1	490212	490290	1
CP142632.1	490290	490598	0
CP142632.1	490598	490599	1
CP142632.1	490599	490607	2
CP142632.1	490607	490609	1
CP142632.1	490609	490712	2
CP142632.1	490712	490770	1
CP142632.1	490770	491145	0
CP142632.1	491145	491154	1
CP142632.1	491154	491240	2
CP142632.1	491240	491273	1
CP142632.1	491273	491319	0
CP142632.1	491319	491446	1
CP142632.1	491446	491740	0
CP142632.1	491740	491855	1
CP142632.1	491855	491904	2
CP142632.1	491904	491972	1
CP142632.1	491972	492157	0
CP142632.1	492157	492213	1
CP142632.1	492213	492215	0
CP142632.1	492215	492301	1
CP142632.1	492301	492319	0
CP142632.1	492319	492346	1
CP142632.1	492346	492367	2
CP142632.1	492367	492372	1
CP142632.1	492372	492400	2
CP142632.1	492400	492445	3
CP142632.1	492445	492470	4
CP142632.1	492470	492474	3
CP142632.1	492474	492511	2
CP142632.1	492511	492672	1
CP142632.1	492672	492682	2
CP142632.1	492682	492791	1
CP142632.1	492791	492811	0
CP142632.1	492811	492838	1
CP142632.1	492838	492871	2
CP142632.1	492871	492898	3
CP142632.1	492898	492938	2
CP142632.1	492938	492944	1
CP142632.1	492944	492964	0
CP142632.1	492964	493000	1
CP142632.1	493000	493042	2
CP142632.1	493042	493061	1
CP142632.1	493061	493214	0
CP142632.1	493214	493269	1
CP142632.1	493269	493270	0
CP142632.1	493270	493289	1
CP142632.1	493289	493323	0
CP142632.1	493323	493389	1
CP142632.1	493389	493449	0
CP142632.1	493449	493527	1
CP142632.1	493527	493807	0
CP142632.1	493807	493921	1
CP142632.1	493921	493923	0
CP142632.1	493923	493949	1
CP142632.1	493949	493968	0
CP142632.1	493968	494024	1
CP142632.1	494024	494026	0
CP142632.1	494026	494104	1
CP142632.1	494104	494116	0
CP142632.1	494116	494170	1
CP142632.1	494170	494224	2
CP142632.1	494224	494249	1
CP142632.1	494249	494250	0
CP142632.1	494250	494399	1
CP142632.1	494399	494408	0
CP142632.1	494408	494430	1
CP142632.1	494430	494431	0
CP142632.1	494431	494484	1
CP142632.1	494484	494488	0
CP142632.1	494488	494551	1
CP142632.1	494551	494651	0
CP142632.1	494651	494655	1
CP142632.1	494655	494869	2
CP142632.1	494869	494934	1
CP142632.1	494934	494960	0
CP142632.1	494960	495072	1
CP142632.1	495072	495281	0
CP142632.1	495281	495321	1
CP142632.1	495321	495345	2
CP142632.1	495345	495346	0
CP142632.1	495346	495399	2
CP142632.1	495399	495417	1
CP142632.1	495417	495471	2
CP142632.1	495471	495472	1
CP142632.1	495472	495511	2
CP142632.1	495511	495535	1
CP142632.1	495535	495546	0
CP142632.1	495546	495601	1
CP142632.1	495601	495606	2
CP142632.1	495606	495722	1
CP142632.1	495722	495764	2
CP142632.1	495764	495766	0
CP142632.1	495766	495767	1
CP142632.1	495767	495818	2
CP142632.1	495818	495819	1
CP142632.1	495819	495855	2
CP142632.1	495855	495872	1
CP142632.1	495872	495895	2
CP142632.1	495895	495947	1
CP142632.1	495947	495967	2
CP142632.1	495967	496057	1
CP142632.1	496057	496058	0
CP142632.1	496058	496071	1
CP142632.1	496071	496119	2
CP142632.1	496119	496166	1
CP142632.1	496166	496380	0
CP142632.1	496380	496422	1
CP142632.1	496422	496599	0
CP142632.1	496599	496739	1
CP142632.1	496739	496845	0
CP142632.1	496845	496880	1
CP142632.1	496880	496890	0
CP142632.1	496890	496906	1
CP142632.1	496906	496913	0
CP142632.1	496913	496931	1
CP142632.1	496931	496932	0
CP142632.1	496932	496935	1
CP142632.1	496935	496944	2
CP142632.1	496944	496955	3
CP142632.1	496955	496958	2
CP142632.1	496958	497044	3
CP142632.1	497044	497052	4
CP142632.1	497052	497066	3
CP142632.1	497066	497124	2
CP142632.1	497124	497134	3
CP142632.1	497134	497140	1
CP142632.1	497140	497157	2
CP142632.1	497157	497169	1
CP142632.1	497169	497177	2
CP142632.1	497177	497251	1
CP142632.1	497251	497294	2
CP142632.1	497294	497397	1
CP142632.1	497397	497421	0
CP142632.1	497421	497513	1
CP142632.1	497513	497569	0
CP142632.1	497569	497618	1
CP142632.1	497618	497859	0
CP142632.1	497859	497911	1
CP142632.1	497911	497944	2
CP142632.1	497944	497949	1
CP142632.1	497949	497976	2
CP142632.1	497976	498002	3
CP142632.1	498002	498026	2
CP142632.1	498026	498034	3
CP142632.1	498034	498067	4
CP142632.1	498067	498175	3
CP142632.1	498175	498191	2
CP142632.1	498191	498206	1
CP142632.1	498206	498207	0
CP142632.1	498207	498222	2
CP142632.1	498222	498256	3
CP142632.1	498256	498328	1
CP142632.1	498328	498330	0
CP142632.1	498330	498370	1
CP142632.1	498370	498374	0
CP142632.1	498374	498395	1
CP142632.1	498395	498428	2
CP142632.1	498428	498446	1
CP142632.1	498446	498447	0
CP142632.1	498447	498471	1
CP142632.1	498471	498487	0
CP142632.1	498487	498507	1
CP142632.1	498507	498543	2
CP142632.1	498543	498546	1
CP142632.1	498546	498566	2
CP142632.1	498566	498595	1
CP142632.1	498595	498673	0
CP142632.1	498673	498714	1
CP142632.1	498714	498715	0
CP142632.1	498715	498870	1
CP142632.1	498870	498871	0
CP142632.1	498871	499005	1
CP142632.1	499005	499084	0
CP142632.1	499084	499135	1
CP142632.1	499135	499140	2
CP142632.1	499140	499194	1
CP142632.1	499194	499200	0
CP142632.1	499200	499224	1
CP142632.1	499224	499241	0
CP142632.1	499241	499253	1
CP142632.1	499253	499256	0
CP142632.1	499256	499420	1
CP142632.1	499420	499744	0
CP142632.1	499744	499797	1
CP142632.1	499797	499806	2
CP142632.1	499806	499807	1
CP142632.1	499807	499847	2
CP142632.1	499847	499874	3
CP142632.1	499874	499906	2
CP142632.1	499906	499985	1
CP142632.1	499985	500083	0
CP142632.1	500083	500091	1
CP142632.1	500091	500130	2
CP142632.1	500130	500134	1
CP142632.1	500134	500150	2
CP142632.1	500150	500166	1
CP142632.1	500166	500175	2
CP142632.1	500175	500177	1
CP142632.1	500177	500199	2
CP142632.1	500199	500266	1
CP142632.1	500266	500331	0
CP142632.1	500331	500373	1
CP142632.1	500373	500412	2
CP142632.1	500412	500481	3
CP142632.1	500481	500511	2
CP142632.1	500511	500530	3
CP142632.1	500530	500539	4
CP142632.1	500539	500595	3
CP142632.1	500595	500608	2
CP142632.1	500608	500609	1
CP142632.1	500609	500679	0
CP142632.1	500679	500720	1
CP142632.1	500720	500749	2
CP142632.1	500749	500819	1
CP142632.1	500819	500848	2
CP142632.1	500848	500851	1
CP142632.1	500851	500863	2
CP142632.1	500863	500906	1
CP142632.1	500906	500942	2
CP142632.1	500942	500952	1
CP142632.1	500952	500954	2
CP142632.1	500954	500969	3
CP142632.1	500969	500988	2
CP142632.1	500988	501012	1
CP142632.1	501012	501019	0
CP142632.1	501019	501054	1
CP142632.1	501054	501088	2
CP142632.1	501088	501107	3
CP142632.1	501107	501108	2
CP142632.1	501108	501159	3
CP142632.1	501159	501163	2
CP142632.1	501163	501164	1
CP142632.1	501164	501179	2
CP142632.1	501179	501223	1
CP142632.1	501223	501263	2
CP142632.1	501263	501276	3
CP142632.1	501276	501292	2
CP142632.1	501292	501299	3
CP142632.1	501299	501310	4
CP142632.1	501310	501313	3
CP142632.1	501313	501334	4
CP142632.1	501334	501337	3
CP142632.1	501337	501343	2
CP142632.1	501343	501353	1
CP142632.1	501353	501375	2
CP142632.1	501375	501388	1
CP142632.1	501388	501398	2
CP142632.1	501398	501451	1
CP142632.1	501451	501474	0
CP142632.1	501474	501510	1
CP142632.1	501510	501511	0
CP142632.1	501511	501552	1
CP142632.1	501552	501625	0
CP142632.1	501625	501684	1
CP142632.1	501684	501704	2
CP142632.1	501704	501738	3
CP142632.1	501738	501784	2
CP142632.1	501784	501785	1
CP142632.1	501785	502051	0
CP142632.1	502051	502122	1
CP142632.1	502122	502137	0
CP142632.1	502137	502138	2
CP142632.1	502138	502209	3
CP142632.1	502209	502212	2
CP142632.1	502212	502421	1
CP142632.1	502421	502425	2
CP142632.1	502425	502499	3
CP142632.1	502499	502563	2
CP142632.1	502563	502612	1
CP142632.1	502612	502641	0
CP142632.1	502641	502697	1
CP142632.1	502697	502894	0
CP142632.1	502894	502951	1
CP142632.1	502951	502962	0
CP142632.1	502962	503040	1
CP142632.1	503040	503048	2
CP142632.1	503048	503109	1
CP142632.1	503109	503570	0
CP142632.1	503570	503643	1
CP142632.1	503643	503644	0
CP142632.1	503644	503654	1
CP142632.1	503654	503676	0
CP142632.1	503676	503803	1
CP142632.1	503803	503916	0
CP142632.1	503916	504013	1
CP142632.1	504013	504212	0
CP142632.1	504212	504324	1
CP142632.1	504324	504378	0
CP142632.1	504378	504387	1
CP142632.1	504387	504402	2
CP142632.1	504402	504405	1
CP142632.1	504405	504415	2
CP142632.1	504415	504416	1
CP142632.1	504416	504419	0
CP142632.1	504419	504421	1
CP142632.1	504421	504436	2
CP142632.1	504436	504442	1
CP142632.1	504442	504482	2
CP142632.1	504482	504553	1
CP142632.1	504553	504593	2
CP142632.1	504593	504618	1
CP142632.1	504618	504670	0
CP142632.1	504670	504779	1
CP142632.1	504779	504797	2
CP142632.1	504797	504798	3
CP142632.1	504798	504810	2
CP142632.1	504810	504835	3
CP142632.1	504835	504836	2
CP142632.1	504836	504850	3
CP142632.1	504850	504896	2
CP142632.1	504896	504946	1
CP142632.1	504946	504954	0
CP142632.1	504954	505106	1
CP142632.1	505106	505107	0
CP142632.1	505107	505245	1
CP142632.1	505245	505255	2
CP142632.1	505255	505258	3
CP142632.1	505258	505273	4
CP142632.1	505273	505305	5
CP142632.1	505305	505315	4
CP142632.1	505315	505321	3
CP142632.1	505321	505336	2
CP142632.1	505336	505339	1
CP142632.1	505339	505445	0
CP142632.1	505445	505458	1
CP142632.1	505458	505509	2
CP142632.1	505509	505515	1
CP142632.1	505515	505546	0
CP142632.1	505546	505598	1
CP142632.1	505598	505645	0
CP142632.1	505645	505747	1
CP142632.1	505747	505751	0
CP142632.1	505751	505785	1
CP142632.1	505785	505786	0
CP142632.1	505786	505810	1
CP142632.1	505810	505813	0
CP142632.1	505813	505853	1
CP142632.1	505853	505857	2
CP142632.1	505857	505932	1
CP142632.1	505932	506034	0
CP142632.1	506034	506126	1
CP142632.1	506126	506449	0
CP142632.1	506449	506480	1
CP142632.1	506480	506521	3
CP142632.1	506521	506522	2
CP142632.1	506522	506533	3
CP142632.1	506533	506554	2
CP142632.1	506554	506560	1
CP142632.1	506560	506562	0
CP142632.1	506562	506571	1
CP142632.1	506571	506588	2
CP142632.1	506588	506592	1
CP142632.1	506592	506613	2
CP142632.1	506613	506616	1
CP142632.1	506616	506674	2
CP142632.1	506674	506760	1
CP142632.1	506760	506896	0
CP142632.1	506896	506957	1
CP142632.1	506957	507067	2
CP142632.1	507067	507069	1
CP142632.1	507069	507080	2
CP142632.1	507080	507091	3
CP142632.1	507091	507122	4
CP142632.1	507122	507129	5
CP142632.1	507129	507135	4
CP142632.1	507135	507154	3
CP142632.1	507154	507162	2
CP142632.1	507162	507244	1
CP142632.1	507244	507359	0
CP142632.1	507359	507474	1
CP142632.1	507474	507535	2
CP142632.1	507535	507558	1
CP142632.1	507558	507706	0
CP142632.1	507706	507836	1
CP142632.1	507836	507838	2
CP142632.1	507838	507938	1
CP142632.1	507938	508003	0
CP142632.1	508003	508079	1
CP142632.1	508079	508088	2
CP142632.1	508088	508114	3
CP142632.1	508114	508116	2
CP142632.1	508116	508177	3
CP142632.1	508177	508185	2
CP142632.1	508185	508193	1
CP142632.1	508193	508194	0
CP142632.1	508194	508249	1
CP142632.1	508249	508252	0
CP142632.1	508252	508276	1
CP142632.1	508276	508301	2
CP142632.1	508301	508310	3
CP142632.1	508310	508363	4
CP142632.1	508363	508402	3
CP142632.1	508402	508425	4
CP142632.1	508425	508447	3
CP142632.1	508447	508457	2
CP142632.1	508457	508476	3
CP142632.1	508476	508487	2
CP142632.1	508487	508497	1
CP142632.1	508497	508509	2
CP142632.1	508509	508522	1
CP142632.1	508522	508523	0
CP142632.1	508523	508548	1
CP142632.1	508548	508549	0
CP142632.1	508549	508619	1
CP142632.1	508619	508630	2
CP142632.1	508630	508632	1
CP142632.1	508632	508728	2
CP142632.1	508728	508729	0
CP142632.1	508729	508730	1
CP142632.1	508730	508747	2
CP142632.1	508747	508754	1
CP142632.1	508754	508790	2
CP142632.1	508790	508800	1
CP142632.1	508800	508807	2
CP142632.1	508807	508947	1
CP142632.1	508947	508990	0
CP142632.1	508990	508995	1
CP142632.1	508995	509012	2
CP142632.1	509012	509042	3
CP142632.1	509042	509058	4
CP142632.1	509058	509059	3
CP142632.1	509059	509078	4
CP142632.1	509078	509135	5
CP142632.1	509135	509145	4
CP142632.1	509145	509147	3
CP142632.1	509147	509148	2
CP142632.1	509148	509152	3
CP142632.1	509152	509167	2
CP142632.1	509167	509222	1
CP142632.1	509222	509348	0
CP142632.1	509348	509461	1
CP142632.1	509461	509544	2
CP142632.1	509544	509545	1
CP142632.1	509545	509649	0
CP142632.1	509649	509653	1
CP142632.1	509653	509828	2
CP142632.1	509828	509893	1
CP142632.1	509893	509944	2
CP142632.1	509944	509951	3
CP142632.1	509951	509995	2
CP142632.1	509995	510056	1
CP142632.1	510056	510126	2
CP142632.1	510126	510150	1
CP142632.1	510150	510252	2
CP142632.1	510252	510351	1
CP142632.1	510351	510385	0
CP142632.1	510385	510433	1
CP142632.1	510433	510434	0
CP142632.1	510434	510599	1
CP142632.1	510599	510600	0
CP142632.1	510600	510612	1
CP142632.1	510612	510620	2
CP142632.1	510620	510632	1
CP142632.1	510632	510662	2
CP142632.1	510662	510663	0
CP142632.1	510663	510682	2
CP142632.1	510682	510695	1
CP142632.1	510695	510712	2
CP142632.1	510712	510730	3
CP142632.1	510730	510791	2
CP142632.1	510791	510892	1
CP142632.1	510892	510893	0
CP142632.1	510893	510916	1
CP142632.1	510916	511006	2
CP142632.1	511006	511084	1
CP142632.1	511084	511148	2
CP142632.1	511148	511176	3
CP142632.1	511176	511178	2
CP142632.1	511178	511201	3
CP142632.1	511201	511204	2
CP142632.1	511204	511210	3
CP142632.1	511210	511211	2
CP142632.1	511211	511219	1
CP142632.1	511219	511220	0
CP142632.1	511220	511313	1
CP142632.1	511313	511807	0
CP142632.1	511807	511889	1
CP142632.1	511889	511890	0
CP142632.1	511890	511938	1
CP142632.1	511938	511989	0
CP142632.1	511989	512018	1
CP142632.1	512018	512019	0
CP142632.1	512019	512121	1
CP142632.1	512121	512243	0
CP142632.1	512243	512374	1
CP142632.1	512374	512383	0
CP142632.1	512383	512399	1
CP142632.1	512399	512510	2
CP142632.1	512510	512570	0
CP142632.1	512570	512632	1
CP142632.1	512632	512640	0
CP142632.1	512640	512686	2
CP142632.1	512686	512687	0
CP142632.1	512687	512689	2
CP142632.1	512689	512728	3
CP142632.1	512728	512731	2
CP142632.1	512731	512750	1
CP142632.1	512750	512753	0
CP142632.1	512753	512829	1
CP142632.1	512829	513178	0
CP142632.1	513178	513190	1
CP142632.1	513190	513191	0
CP142632.1	513191	513227	1
CP142632.1	513227	513250	2
CP142632.1	513250	513358	1
CP142632.1	513358	513384	0
CP142632.1	513384	513522	1
CP142632.1	513522	513724	0
CP142632.1	513724	513732	1
CP142632.1	513732	513763	2
CP142632.1	513763	513776	3
CP142632.1	513776	513809	2
CP142632.1	513809	513835	1
CP142632.1	513835	513864	2
CP142632.1	513864	513879	3
CP142632.1	513879	513902	2
CP142632.1	513902	513903	1
CP142632.1	513903	513987	2
CP142632.1	513987	514033	1
CP142632.1	514033	514077	0
CP142632.1	514077	514155	1
CP142632.1	514155	514202	2
CP142632.1	514202	514213	1
CP142632.1	514213	514335	0
CP142632.1	514335	514395	1
CP142632.1	514395	514460	0
CP142632.1	514460	514592	1
CP142632.1	514592	514643	2
CP142632.1	514643	514673	3
CP142632.1	514673	514688	2
CP142632.1	514688	514750	1
CP142632.1	514750	514792	2
CP142632.1	514792	514820	1
CP142632.1	514820	514888	0
CP142632.1	514888	514969	1
CP142632.1	514969	514977	2
CP142632.1	514977	514978	1
CP142632.1	514978	514980	2
CP142632.1	514980	514998	3
CP142632.1	514998	515021	4
CP142632.1	515021	515038	3
CP142632.1	515038	515054	2
CP142632.1	515054	515062	1
CP142632.1	515062	515065	2
CP142632.1	515065	515115	3
CP142632.1	515115	515120	4
CP142632.1	515120	515143	3
CP142632.1	515143	515156	4
CP142632.1	515156	515168	3
CP142632.1	515168	515240	4
CP142632.1	515240	515242	3
CP142632.1	515242	515247	4
CP142632.1	515247	515286	3
CP142632.1	515286	515328	2
CP142632.1	515328	515331	1
CP142632.1	515331	515406	0
CP142632.1	515406	515412	1
CP142632.1	515412	515413	0
CP142632.1	515413	515514	1
CP142632.1	515514	515591	0
CP142632.1	515591	515688	1
CP142632.1	515688	515789	0
CP142632.1	515789	515811	1
CP142632.1	515811	515863	2
CP142632.1	515863	515869	1
CP142632.1	515869	515943	2
CP142632.1	515943	515962	1
CP142632.1	515962	515963	0
CP142632.1	515963	515994	1
CP142632.1	515994	516025	2
CP142632.1	516025	516065	1
CP142632.1	516065	516066	0
CP142632.1	516066	516070	1
CP142632.1	516070	516120	0
CP142632.1	516120	516156	1
CP142632.1	516156	516159	0
CP142632.1	516159	516216	1
CP142632.1	516216	516230	2
CP142632.1	516230	516254	1
CP142632.1	516254	516306	2
CP142632.1	516306	516340	1
CP142632.1	516340	516398	0
CP142632.1	516398	516450	1
CP142632.1	516450	516521	0
CP142632.1	516521	516652	1
CP142632.1	516652	516653	0
CP142632.1	516653	516693	1
CP142632.1	516693	516697	0
CP142632.1	516697	516773	1
CP142632.1	516773	516962	0
CP142632.1	516962	517015	1
CP142632.1	517015	517176	0
CP142632.1	517176	517254	1
CP142632.1	517254	517270	0
CP142632.1	517270	517335	1
CP142632.1	517335	517448	2
CP142632.1	517448	517451	1
CP142632.1	517451	517452	0
CP142632.1	517452	517489	1
CP142632.1	517489	517541	2
CP142632.1	517541	517558	1
CP142632.1	517558	517704	0
CP142632.1	517704	517749	1
CP142632.1	517749	517794	2
CP142632.1	517794	517815	1
CP142632.1	517815	517830	0
CP142632.1	517830	517883	1
CP142632.1	517883	517903	2
CP142632.1	517903	517966	1
CP142632.1	517966	518092	0
CP142632.1	518092	518108	1
CP142632.1	518108	518171	2
CP142632.1	518171	518205	1
CP142632.1	518205	518409	0
CP142632.1	518409	518465	1
CP142632.1	518465	518478	0
CP142632.1	518478	518494	1
CP142632.1	518494	518497	0
CP142632.1	518497	518507	1
CP142632.1	518507	518511	0
CP142632.1	518511	518577	1
CP142632.1	518577	518578	0
CP142632.1	518578	518608	1
CP142632.1	518608	518658	2
CP142632.1	518658	518661	1
CP142632.1	518661	518678	2
CP142632.1	518678	518707	1
CP142632.1	518707	518718	2
CP142632.1	518718	518741	3
CP142632.1	518741	518742	2
CP142632.1	518742	518748	3
CP142632.1	518748	518751	2
CP142632.1	518751	518776	3
CP142632.1	518776	518778	2
CP142632.1	518778	518781	1
CP142632.1	518781	518782	2
CP142632.1	518782	518801	1
CP142632.1	518801	518848	0
CP142632.1	518848	518878	1
CP142632.1	518878	518920	2
CP142632.1	518920	518950	1
CP142632.1	518950	518957	2
CP142632.1	518957	518971	3
CP142632.1	518971	518972	2
CP142632.1	518972	519009	3
CP142632.1	519009	519012	2
CP142632.1	519012	519080	1
CP142632.1	519080	519100	2
CP142632.1	519100	519106	3
CP142632.1	519106	519117	4
CP142632.1	519117	519118	3
CP142632.1	519118	519154	4
CP142632.1	519154	519155	3
CP142632.1	519155	519165	4
CP142632.1	519165	519166	1
CP142632.1	519166	519167	0
CP142632.1	519167	519169	2
CP142632.1	519169	519181	3
CP142632.1	519181	519190	2
CP142632.1	519190	519218	1
CP142632.1	519218	519280	2
CP142632.1	519280	519281	1
CP142632.1	519281	519299	2
CP142632.1	519299	519402	1
CP142632.1	519402	519404	0
CP142632.1	519404	519443	1
CP142632.1	519443	519446	0
CP142632.1	519446	519481	1
CP142632.1	519481	519499	0
CP142632.1	519499	519616	1
CP142632.1	519616	519638	2
CP142632.1	519638	519727	1
CP142632.1	519727	519746	2
CP142632.1	519746	519793	1
CP142632.1	519793	519902	0
CP142632.1	519902	519961	1
CP142632.1	519961	519964	0
CP142632.1	519964	519986	1
CP142632.1	519986	520016	0
CP142632.1	520016	520049	1
CP142632.1	520049	520051	0
CP142632.1	520051	520112	1
CP142632.1	520112	520177	0
CP142632.1	520177	520200	1
CP142632.1	520200	520202	0
CP142632.1	520202	520249	1
CP142632.1	520249	520365	0
CP142632.1	520365	520402	1
CP142632.1	520402	520407	0
CP142632.1	520407	520431	1
CP142632.1	520431	520500	2
CP142632.1	520500	520511	1
CP142632.1	520511	520544	0
CP142632.1	520544	520742	1
CP142632.1	520742	520800	0
CP142632.1	520800	520880	1
CP142632.1	520880	520897	0
CP142632.1	520897	520995	1
CP142632.1	520995	521022	0
CP142632.1	521022	521139	1
CP142632.1	521139	521283	0
CP142632.1	521283	521441	1
CP142632.1	521441	521446	0
CP142632.1	521446	521459	1
CP142632.1	521459	521470	2
CP142632.1	521470	521482	3
CP142632.1	521482	521536	4
CP142632.1	521536	521548	3
CP142632.1	521548	521555	2
CP142632.1	521555	521558	1
CP142632.1	521558	521615	2
CP142632.1	521615	521632	1
CP142632.1	521632	521914	0
CP142632.1	521914	521964	1
CP142632.1	521964	522184	0
CP142632.1	522184	522250	1
CP142632.1	522250	522595	0
CP142632.1	522595	522624	1
CP142632.1	522624	522691	2
CP142632.1	522691	522733	1
CP142632.1	522733	522743	0
CP142632.1	522743	522807	1
CP142632.1	522807	522996	0
CP142632.1	522996	523008	1
CP142632.1	523008	523069	2
CP142632.1	523069	523140	1
CP142632.1	523140	523157	2
CP142632.1	523157	523168	1
CP142632.1	523168	523235	2
CP142632.1	523235	523285	3
CP142632.1	523285	523301	2
CP142632.1	523301	523333	1
CP142632.1	523333	523347	0
CP142632.1	523347	523512	1
CP142632.1	523512	523636	0
CP142632.1	523636	523655	1
CP142632.1	523655	523689	2
CP142632.1	523689	523718	3
CP142632.1	523718	523720	2
CP142632.1	523720	523735	3
CP142632.1	523735	523769	2
CP142632.1	523769	523810	1
CP142632.1	523810	523811	0
CP142632.1	523811	523827	1
CP142632.1	523827	523913	0
CP142632.1	523913	523938	1
CP142632.1	523938	523939	0
CP142632.1	523939	523984	1
CP142632.1	523984	523985	0
CP142632.1	523985	524012	1
CP142632.1	524012	524013	0
CP142632.1	524013	524023	1
CP142632.1	524023	524025	0
CP142632.1	524025	524095	1
CP142632.1	524095	524214	0
CP142632.1	524214	524309	1
CP142632.1	524309	524362	0
CP142632.1	524362	524437	1
CP142632.1	524437	524438	0
CP142632.1	524438	524481	1
CP142632.1	524481	524482	0
CP142632.1	524482	524514	1
CP142632.1	524514	524525	2
CP142632.1	524525	524527	3
CP142632.1	524527	524534	2
CP142632.1	524534	524535	1
CP142632.1	524535	524559	2
CP142632.1	524559	524561	1
CP142632.1	524561	524597	2
CP142632.1	524597	524640	1
CP142632.1	524640	524652	0
CP142632.1	524652	524707	1
CP142632.1	524707	524717	2
CP142632.1	524717	524729	3
CP142632.1	524729	524730	2
CP142632.1	524730	524744	3
CP142632.1	524744	524776	2
CP142632.1	524776	524792	1
CP142632.1	524792	524885	0
CP142632.1	524885	524968	1
CP142632.1	524968	525004	0
CP142632.1	525004	525106	1
CP142632.1	525106	525143	2
CP142632.1	525143	525144	1
CP142632.1	525144	525158	2
CP142632.1	525158	525196	3
CP142632.1	525196	525202	2
CP142632.1	525202	525209	1
CP142632.1	525209	525366	0
CP142632.1	525366	525379	1
CP142632.1	525379	525380	0
CP142632.1	525380	525450	1
CP142632.1	525450	525478	2
CP142632.1	525478	525489	3
CP142632.1	525489	525491	1
CP142632.1	525491	525492	2
CP142632.1	525492	525537	3
CP142632.1	525537	525569	2
CP142632.1	525569	525583	1
CP142632.1	525583	525715	0
CP142632.1	525715	525775	1
CP142632.1	525775	525776	0
CP142632.1	525776	525786	1
CP142632.1	525786	525882	0
CP142632.1	525882	525895	1
CP142632.1	525895	525896	0
CP142632.1	525896	525947	1
CP142632.1	525947	526167	0
CP142632.1	526167	526202	1
CP142632.1	526202	526274	2
CP142632.1	526274	526282	1
CP142632.1	526282	526289	2
CP142632.1	526289	526390	1
CP142632.1	526390	526450	2
CP142632.1	526450	526460	1
CP142632.1	526460	526461	0
CP142632.1	526461	526463	1
CP142632.1	526463	526464	0
CP142632.1	526464	526479	1
CP142632.1	526479	526481	0
CP142632.1	526481	526493	1
CP142632.1	526493	526509	2
CP142632.1	526509	526553	3
CP142632.1	526553	526554	2
CP142632.1	526554	526565	3
CP142632.1	526565	526566	2
CP142632.1	526566	526567	3
CP142632.1	526567	526568	2
CP142632.1	526568	526583	3
CP142632.1	526583	526585	1
CP142632.1	526585	526590	3
CP142632.1	526590	526593	2
CP142632.1	526593	526638	3
CP142632.1	526638	526639	2
CP142632.1	526639	526641	3
CP142632.1	526641	526723	2
CP142632.1	526723	526726	1
CP142632.1	526726	526754	2
CP142632.1	526754	526773	1
CP142632.1	526773	526778	2
CP142632.1	526778	526803	1
CP142632.1	526803	526804	0
CP142632.1	526804	526812	1
CP142632.1	526812	526818	0
CP142632.1	526818	526827	1
CP142632.1	526827	526856	2
CP142632.1	526856	526880	3
CP142632.1	526880	526881	2
CP142632.1	526881	526896	3
CP142632.1	526896	526916	4
CP142632.1	526916	526928	5
CP142632.1	526928	526957	4
CP142632.1	526957	526993	3
CP142632.1	526993	526994	2
CP142632.1	526994	527004	3
CP142632.1	527004	527018	2
CP142632.1	527018	527070	1
CP142632.1	527070	527092	0
CP142632.1	527092	527097	1
CP142632.1	527097	527115	0
CP142632.1	527115	527171	1
CP142632.1	527171	527181	0
CP142632.1	527181	527198	1
CP142632.1	527198	527199	0
CP142632.1	527199	527323	1
CP142632.1	527323	527324	0
CP142632.1	527324	527349	1
CP142632.1	527349	527546	0
CP142632.1	527546	527851	1
CP142632.1	527851	527920	2
CP142632.1	527920	527971	3
CP142632.1	527971	527978	2
CP142632.1	527978	528018	1
CP142632.1	528018	528186	0
CP142632.1	528186	528239	1
CP142632.1	528239	528279	2
CP142632.1	528279	528322	1
CP142632.1	528322	528345	0
CP142632.1	528345	528379	1
CP142632.1	528379	528420	2
CP142632.1	528420	528433	1
CP142632.1	528433	528467	2
CP142632.1	528467	528492	1
CP142632.1	528492	528575	2
CP142632.1	528575	528579	3
CP142632.1	528579	528580	2
CP142632.1	528580	528602	3
CP142632.1	528602	528603	2
CP142632.1	528603	528633	3
CP142632.1	528633	528655	2
CP142632.1	528655	528656	1
CP142632.1	528656	528660	2
CP142632.1	528660	528665	3
CP142632.1	528665	528666	2
CP142632.1	528666	528681	3
CP142632.1	528681	528695	4
CP142632.1	528695	528696	3
CP142632.1	528696	528733	4
CP142632.1	528733	528750	3
CP142632.1	528750	528807	2
CP142632.1	528807	528819	1
CP142632.1	528819	528945	0
CP142632.1	528945	528994	1
CP142632.1	528994	528995	2
CP142632.1	528995	529008	3
CP142632.1	529008	529028	2
CP142632.1	529028	529030	0
CP142632.1	529030	529046	2
CP142632.1	529046	529125	1
CP142632.1	529125	529266	0
CP142632.1	529266	529324	1
CP142632.1	529324	529447	0
CP142632.1	529447	529509	1
CP142632.1	529509	529520	0
CP142632.1	529520	529522	1
CP142632.1	529522	529584	2
CP142632.1	529584	529620	1
CP142632.1	529620	529746	0
CP142632.1	529746	529864	1
CP142632.1	529864	529924	2
CP142632.1	529924	529963	3
CP142632.1	529963	529964	2
CP142632.1	529964	529992	3
CP142632.1	529992	529996	2
CP142632.1	529996	530065	1
CP142632.1	530065	530071	0
CP142632.1	530071	530079	1
CP142632.1	530079	530107	2
CP142632.1	530107	530109	0
CP142632.1	530109	530110	1
CP142632.1	530110	530175	2
CP142632.1	530175	530221	1
CP142632.1	530221	530297	0
CP142632.1	530297	530375	1
CP142632.1	530375	530564	0
CP142632.1	530564	530582	1
CP142632.1	530582	530586	0
CP142632.1	530586	530633	1
CP142632.1	530633	530649	0
CP142632.1	530649	530702	1
CP142632.1	530702	530711	0
CP142632.1	530711	530755	1
CP142632.1	530755	530793	2
CP142632.1	530793	530839	1
CP142632.1	530839	530901	2
CP142632.1	530901	530903	1
CP142632.1	530903	530908	0
CP142632.1	530908	530939	1
CP142632.1	530939	530976	2
CP142632.1	530976	530977	1
CP142632.1	530977	530990	2
CP142632.1	530990	530991	1
CP142632.1	530991	531025	2
CP142632.1	531025	531026	1
CP142632.1	531026	531030	2
CP142632.1	531030	531097	1
CP142632.1	531097	531183	0
CP142632.1	531183	531273	1
CP142632.1	531273	531345	0
CP142632.1	531345	531418	1
CP142632.1	531418	531421	2
CP142632.1	531421	531442	1
CP142632.1	531442	531445	0
CP142632.1	531445	531477	1
CP142632.1	531477	531520	0
CP142632.1	531520	531581	1
CP142632.1	531581	531641	0
CP142632.1	531641	531718	1
CP142632.1	531718	531726	2
CP142632.1	531726	531776	3
CP142632.1	531776	531777	2
CP142632.1	531777	531804	3
CP142632.1	531804	531849	2
CP142632.1	531849	531872	1
CP142632.1	531872	531884	2
CP142632.1	531884	531985	1
CP142632.1	531985	531988	2
CP142632.1	531988	532027	3
CP142632.1	532027	532038	2
CP142632.1	532038	532105	1
CP142632.1	532105	532233	0
CP142632.1	532233	532310	1
CP142632.1	532310	532336	0
CP142632.1	532336	532369	1
CP142632.1	532369	532408	2
CP142632.1	532408	532430	3
CP142632.1	532430	532437	2
CP142632.1	532437	532439	3
CP142632.1	532439	532448	2
CP142632.1	532448	532449	3
CP142632.1	532449	532475	4
CP142632.1	532475	532476	2
CP142632.1	532476	532477	3
CP142632.1	532477	532485	4
CP142632.1	532485	532500	3
CP142632.1	532500	532503	2
CP142632.1	532503	532510	3
CP142632.1	532510	532512	2
CP142632.1	532512	532516	3
CP142632.1	532516	532519	2
CP142632.1	532519	532565	3
CP142632.1	532565	532628	2
CP142632.1	532628	532683	1
CP142632.1	532683	532709	0
CP142632.1	532709	532811	1
CP142632.1	532811	533279	0
CP142632.1	533279	533330	1
CP142632.1	533330	533350	2
CP142632.1	533350	533351	0
CP142632.1	533351	533352	1
CP142632.1	533352	533393	2
CP142632.1	533393	533396	1
CP142632.1	533396	533468	0
CP142632.1	533468	533517	1
CP142632.1	533517	533518	0
CP142632.1	533518	533540	1
CP142632.1	533540	533545	0
CP142632.1	533545	533566	1
CP142632.1	533566	533567	0
CP142632.1	533567	533599	1
CP142632.1	533599	533601	0
CP142632.1	533601	533663	1
CP142632.1	533663	533756	2
CP142632.1	533756	533757	1
CP142632.1	533757	533801	2
CP142632.1	533801	533803	3
CP142632.1	533803	533808	2
CP142632.1	533808	533831	3
CP142632.1	533831	533835	2
CP142632.1	533835	533873	3
CP142632.1	533873	533875	2
CP142632.1	533875	533889	3
CP142632.1	533889	533892	2
CP142632.1	533892	533898	3
CP142632.1	533898	533933	2
CP142632.1	533933	533974	3
CP142632.1	533974	534001	2
CP142632.1	534001	534078	1
CP142632.1	534078	534081	0
CP142632.1	534081	534093	1
CP142632.1	534093	534094	0
CP142632.1	534094	534139	1
CP142632.1	534139	534210	0
CP142632.1	534210	534268	1
CP142632.1	534268	534337	2
CP142632.1	534337	534395	1
CP142632.1	534395	534419	0
CP142632.1	534419	534452	1
CP142632.1	534452	534455	0
CP142632.1	534455	534496	2
CP142632.1	534496	534497	1
CP142632.1	534497	534534	2
CP142632.1	534534	534552	1
CP142632.1	534552	534572	0
CP142632.1	534572	534631	1
CP142632.1	534631	534669	0
CP142632.1	534669	534691	1
CP142632.1	534691	534715	2
CP142632.1	534715	534718	0
CP142632.1	534718	534751	2
CP142632.1	534751	534772	3
CP142632.1	534772	534775	4
CP142632.1	534775	534784	3
CP142632.1	534784	534810	2
CP142632.1	534810	534816	1
CP142632.1	534816	534906	2
CP142632.1	534906	534907	1
CP142632.1	534907	534939	2
CP142632.1	534939	535004	1
CP142632.1	535004	535005	0
CP142632.1	535005	535023	1
CP142632.1	535023	535025	0
CP142632.1	535025	535083	1
CP142632.1	535083	535172	0
CP142632.1	535172	535229	1
CP142632.1	535229	535242	2
CP142632.1	535242	535257	1
CP142632.1	535257	535272	2
CP142632.1	535272	535314	3
CP142632.1	535314	535316	2
CP142632.1	535316	535320	3
CP142632.1	535320	535354	2
CP142632.1	535354	535377	1
CP142632.1	535377	535455	0
CP142632.1	535455	535495	1
CP142632.1	535495	535497	0
CP142632.1	535497	535521	1
CP142632.1	535521	535637	0
CP142632.1	535637	535660	1
CP142632.1	535660	535677	2
CP142632.1	535677	535683	3
CP142632.1	535683	535686	2
CP142632.1	535686	535697	3
CP142632.1	535697	535707	4
CP142632.1	535707	535749	3
CP142632.1	535749	535793	4
CP142632.1	535793	535804	3
CP142632.1	535804	535821	4
CP142632.1	535821	535826	3
CP142632.1	535826	535828	4
CP142632.1	535828	535831	3
CP142632.1	535831	535833	4
CP142632.1	535833	535861	3
CP142632.1	535861	535865	2
CP142632.1	535865	535923	3
CP142632.1	535923	535926	2
CP142632.1	535926	535935	3
CP142632.1	535935	535972	2
CP142632.1	535972	535974	1
CP142632.1	535974	535998	2
CP142632.1	535998	536051	1
CP142632.1	536051	536068	0
CP142632.1	536068	536136	1
CP142632.1	536136	536233	0
CP142632.1	536233	536312	1
CP142632.1	536312	536376	0
CP142632.1	536376	536464	1
CP142632.1	536464	536505	2
CP142632.1	536505	536528	1
CP142632.1	536528	536560	2
CP142632.1	536560	536597	1
CP142632.1	536597	536811	0
CP142632.1	536811	536902	1
CP142632.1	536902	536959	0
CP142632.1	536959	536972	1
CP142632.1	536972	537024	2
CP142632.1	537024	537049	1
CP142632.1	537049	537064	0
CP142632.1	537064	537127	1
CP142632.1	537127	537221	0
CP142632.1	537221	537335	1
CP142632.1	537335	537363	0
CP142632.1	537363	537417	1
CP142632.1	537417	537558	0
CP142632.1	537558	537601	1
CP142632.1	537601	537783	0
CP142632.1	537783	537896	1
CP142632.1	537896	537901	0
CP142632.1	537901	537958	1
CP142632.1	537958	537959	0
CP142632.1	537959	537989	1
CP142632.1	537989	538123	0
CP142632.1	538123	538174	1
CP142632.1	538174	538209	2
CP142632.1	538209	538235	3
CP142632.1	538235	538266	2
CP142632.1	538266	538290	1
CP142632.1	538290	538307	2
CP142632.1	538307	538335	1
CP142632.1	538335	538345	0
CP142632.1	538345	538361	1
CP142632.1	538361	538365	0
CP142632.1	538365	538454	1
CP142632.1	538454	538488	2
CP142632.1	538488	538503	3
CP142632.1	538503	538510	2
CP142632.1	538510	538511	1
CP142632.1	538511	538533	2
CP142632.1	538533	538534	1
CP142632.1	538534	538543	2
CP142632.1	538543	538548	3
CP142632.1	538548	538623	2
CP142632.1	538623	538716	1
CP142632.1	538716	538910	0
CP142632.1	538910	538974	1
CP142632.1	538974	539104	0
CP142632.1	539104	539212	1
CP142632.1	539212	539232	2
CP142632.1	539232	539233	1
CP142632.1	539233	539244	2
CP142632.1	539244	539332	1
CP142632.1	539332	539374	0
CP142632.1	539374	539522	1
CP142632.1	539522	539650	0
CP142632.1	539650	539683	1
CP142632.1	539683	539696	0
CP142632.1	539696	539734	1
CP142632.1	539734	539824	0
CP142632.1	539824	539944	1
CP142632.1	539944	540074	0
CP142632.1	540074	540202	1
CP142632.1	540202	540215	0
CP142632.1	540215	540277	1
CP142632.1	540277	540341	2
CP142632.1	540341	540381	1
CP142632.1	540381	540468	0
CP142632.1	540468	540497	1
CP142632.1	540497	540515	2
CP142632.1	540515	540615	1
CP142632.1	540615	540618	0
CP142632.1	540618	540675	1
CP142632.1	540675	540678	0
CP142632.1	540678	540697	1
CP142632.1	540697	540722	2
CP142632.1	540722	540723	1
CP142632.1	540723	540733	2
CP142632.1	540733	540742	3
CP142632.1	540742	540798	2
CP142632.1	540798	540837	1
CP142632.1	540837	540946	0
CP142632.1	540946	541075	1
CP142632.1	541075	541098	2
CP142632.1	541098	541142	1
CP142632.1	541142	541331	0
CP142632.1	541331	541334	1
CP142632.1	541334	541335	0
CP142632.1	541335	541444	1
CP142632.1	541444	541497	2
CP142632.1	541497	541515	1
CP142632.1	541515	541524	0
CP142632.1	541524	541554	1
CP142632.1	541554	541557	2
CP142632.1	541557	541559	1
CP142632.1	541559	541560	0
CP142632.1	541560	541620	2
CP142632.1	541620	541675	1
CP142632.1	541675	541719	0
CP142632.1	541719	541791	1
CP142632.1	541791	542056	0
CP142632.1	542056	542115	1
CP142632.1	542115	542118	0
CP142632.1	542118	542121	1
CP142632.1	542121	542126	0
CP142632.1	542126	542170	1
CP142632.1	542170	542224	2
CP142632.1	542224	542432	1
CP142632.1	542432	542433	0
CP142632.1	542433	542521	1
CP142632.1	542521	542552	0
CP142632.1	542552	542653	1
CP142632.1	542653	542688	0
CP142632.1	542688	542784	1
CP142632.1	542784	542909	0
CP142632.1	542909	542972	1
CP142632.1	542972	543247	0
CP142632.1	543247	543310	1
CP142632.1	543310	543313	0
CP142632.1	543313	543415	1
CP142632.1	543415	543454	0
CP142632.1	543454	543483	1
CP142632.1	543483	543484	0
CP142632.1	543484	543532	1
CP142632.1	543532	543955	0
CP142632.1	543955	543994	1
CP142632.1	543994	544011	2
CP142632.1	544011	544040	3
CP142632.1	544040	544054	2
CP142632.1	544054	544059	1
CP142632.1	544059	544110	2
CP142632.1	544110	544133	1
CP142632.1	544133	544302	0
CP142632.1	544302	544348	1
CP142632.1	544348	544397	2
CP142632.1	544397	544400	0
CP142632.1	544400	544403	1
CP142632.1	544403	544421	2
CP142632.1	544421	544436	1
CP142632.1	544436	544437	0
CP142632.1	544437	544532	1
CP142632.1	544532	544534	2
CP142632.1	544534	544535	1
CP142632.1	544535	544572	2
CP142632.1	544572	544777	1
CP142632.1	544777	544826	2
CP142632.1	544826	544827	1
CP142632.1	544827	544830	0
CP142632.1	544830	545007	1
CP142632.1	545007	545010	0
CP142632.1	545010	545064	1
CP142632.1	545064	545460	0
CP142632.1	545460	545539	1
CP142632.1	545539	545671	0
CP142632.1	545671	545726	1
CP142632.1	545726	545984	0
CP142632.1	545984	546063	1
CP142632.1	546063	546115	0
CP142632.1	546115	546125	1
CP142632.1	546125	546147	2
CP142632.1	546147	546196	3
CP142632.1	546196	546203	2
CP142632.1	546203	546204	1
CP142632.1	546204	546220	2
CP142632.1	546220	546224	1
CP142632.1	546224	546325	0
CP142632.1	546325	546350	1
CP142632.1	546350	546351	0
CP142632.1	546351	546364	1
CP142632.1	546364	546365	0
CP142632.1	546365	546391	1
CP142632.1	546391	546447	2
CP142632.1	546447	546469	3
CP142632.1	546469	546470	2
CP142632.1	546470	546483	3
CP142632.1	546483	546484	2
CP142632.1	546484	546517	3
CP142632.1	546517	546578	2
CP142632.1	546578	546586	1
CP142632.1	546586	546664	0
CP142632.1	546664	546731	1
CP142632.1	546731	546840	2
CP142632.1	546840	546860	1
CP142632.1	546860	546893	0
CP142632.1	546893	546983	1
CP142632.1	546983	546995	2
CP142632.1	546995	547025	1
CP142632.1	547025	547077	2
CP142632.1	547077	547117	1
CP142632.1	547117	547195	2
CP142632.1	547195	547199	1
CP142632.1	547199	547201	0
CP142632.1	547201	547271	1
CP142632.1	547271	547290	0
CP142632.1	547290	547408	1
CP142632.1	547408	547426	0
CP142632.1	547426	547518	1
CP142632.1	547518	547521	0
CP142632.1	547521	547532	1
CP142632.1	547532	547579	2
CP142632.1	547579	547690	1
CP142632.1	547690	547717	2
CP142632.1	547717	547718	1
CP142632.1	547718	547723	2
CP142632.1	547723	547724	1
CP142632.1	547724	547770	2
CP142632.1	547770	547802	3
CP142632.1	547802	547844	2
CP142632.1	547844	547870	1
CP142632.1	547870	547901	0
CP142632.1	547901	547945	1
CP142632.1	547945	547955	2
CP142632.1	547955	548098	1
CP142632.1	548098	548151	2
CP142632.1	548151	548156	3
CP142632.1	548156	548167	2
CP142632.1	548167	548170	1
CP142632.1	548170	548208	2
CP142632.1	548208	548220	1
CP142632.1	548220	548250	2
CP142632.1	548250	548287	1
CP142632.1	548287	548290	0
CP142632.1	548290	548306	1
CP142632.1	548306	548324	2
CP142632.1	548324	548378	1
CP142632.1	548378	548417	2
CP142632.1	548417	548441	1
CP142632.1	548441	548466	0
CP142632.1	548466	548513	1
CP142632.1	548513	548516	0
CP142632.1	548516	548527	1
CP142632.1	548527	548566	2
CP142632.1	548566	548627	3
CP142632.1	548627	548670	2
CP142632.1	548670	548731	1
CP142632.1	548731	548732	2
CP142632.1	548732	548832	1
CP142632.1	548832	548938	0
CP142632.1	548938	549048	1
CP142632.1	549048	549052	2
CP142632.1	549052	549081	1
CP142632.1	549081	549083	2
CP142632.1	549083	549138	3
CP142632.1	549138	549154	4
CP142632.1	549154	549203	3
CP142632.1	549203	549213	2
CP142632.1	549213	549288	1
CP142632.1	549288	549297	2
CP142632.1	549297	549306	1
CP142632.1	549306	549335	2
CP142632.1	549335	549336	1
CP142632.1	549336	549440	2
CP142632.1	549440	549454	1
CP142632.1	549454	549480	2
CP142632.1	549480	549486	3
CP142632.1	549486	549487	2
CP142632.1	549487	549506	3
CP142632.1	549506	549523	2
CP142632.1	549523	549538	1
CP142632.1	549538	549565	0
CP142632.1	549565	549672	1
CP142632.1	549672	549676	0
CP142632.1	549676	549681	1
CP142632.1	549681	549743	2
CP142632.1	549743	549744	0
CP142632.1	549744	549773	2
CP142632.1	549773	549775	1
CP142632.1	549775	549792	2
CP142632.1	549792	549804	3
CP142632.1	549804	549819	2
CP142632.1	549819	549846	1
CP142632.1	549846	550299	0
CP142632.1	550299	550317	1
CP142632.1	550317	550370	2
CP142632.1	550370	550450	1
CP142632.1	550450	550458	0
CP142632.1	550458	550460	1
CP142632.1	550460	550498	2
CP142632.1	550498	550499	1
CP142632.1	550499	550504	2
CP142632.1	550504	550665	1
CP142632.1	550665	550696	2
CP142632.1	550696	550698	1
CP142632.1	550698	550740	2
CP142632.1	550740	550827	1
CP142632.1	550827	550830	0
CP142632.1	550830	550897	1
CP142632.1	550897	550899	0
CP142632.1	550899	550991	1
CP142632.1	550991	550996	2
CP142632.1	550996	551046	3
CP142632.1	551046	551063	2
CP142632.1	551063	551064	1
CP142632.1	551064	551088	2
CP142632.1	551088	551091	1
CP142632.1	551091	551125	2
CP142632.1	551125	551136	1
CP142632.1	551136	551138	2
CP142632.1	551138	551165	1
CP142632.1	551165	551233	2
CP142632.1	551233	551301	1
CP142632.1	551301	551631	0
CP142632.1	551631	551720	1
CP142632.1	551720	551723	0
CP142632.1	551723	551757	1
CP142632.1	551757	551766	0
CP142632.1	551766	551796	1
CP142632.1	551796	551831	2
CP142632.1	551831	551866	3
CP142632.1	551866	551867	2
CP142632.1	551867	551870	3
CP142632.1	551870	551888	2
CP142632.1	551888	551958	3
CP142632.1	551958	551982	2
CP142632.1	551982	551992	1
CP142632.1	551992	552028	0
CP142632.1	552028	552084	1
CP142632.1	552084	552085	0
CP142632.1	552085	552099	1
CP142632.1	552099	552174	2
CP142632.1	552174	552177	0
CP142632.1	552177	552230	2
CP142632.1	552230	552287	1
CP142632.1	552287	552333	0
CP142632.1	552333	552366	1
CP142632.1	552366	552368	0
CP142632.1	552368	552408	1
CP142632.1	552408	552442	0
CP142632.1	552442	552496	1
CP142632.1	552496	552540	0
CP142632.1	552540	552588	1
CP142632.1	552588	552589	0
CP142632.1	552589	552646	1
CP142632.1	552646	552802	0
CP142632.1	552802	552894	1
CP142632.1	552894	552903	0
CP142632.1	552903	552921	1
CP142632.1	552921	552922	0
CP142632.1	552922	552937	1
CP142632.1	552937	552938	0
CP142632.1	552938	553032	1
CP142632.1	553032	553082	2
CP142632.1	553082	553157	0
CP142632.1	553157	553167	1
CP142632.1	553167	553192	2
CP142632.1	553192	553228	1
CP142632.1	553228	553268	0
CP142632.1	553268	553279	1
CP142632.1	553279	553327	2
CP142632.1	553327	553332	1
CP142632.1	553332	553339	2
CP142632.1	553339	553407	1
CP142632.1	553407	553533	0
CP142632.1	553533	553586	1
CP142632.1	553586	553599	2
CP142632.1	553599	553632	1
CP142632.1	553632	553672	2
CP142632.1	553672	553702	1
CP142632.1	553702	553703	0
CP142632.1	553703	553760	1
CP142632.1	553760	553798	2
CP142632.1	553798	553809	3
CP142632.1	553809	553810	2
CP142632.1	553810	553823	3
CP142632.1	553823	553824	2
CP142632.1	553824	553856	3
CP142632.1	553856	553867	2
CP142632.1	553867	553868	1
CP142632.1	553868	553888	2
CP142632.1	553888	553938	1
CP142632.1	553938	554006	0
CP142632.1	554006	554068	1
CP142632.1	554068	554069	0
CP142632.1	554069	554093	1
CP142632.1	554093	554147	2
CP142632.1	554147	554190	1
CP142632.1	554190	554191	0
CP142632.1	554191	554206	1
CP142632.1	554206	554287	0
CP142632.1	554287	554297	1
CP142632.1	554297	554300	0
CP142632.1	554300	554332	1
CP142632.1	554332	554333	0
CP142632.1	554333	554403	2
CP142632.1	554403	554423	1
CP142632.1	554423	554425	0
CP142632.1	554425	554506	1
CP142632.1	554506	554536	0
CP142632.1	554536	554543	1
CP142632.1	554543	554584	2
CP142632.1	554584	554585	1
CP142632.1	554585	554606	2
CP142632.1	554606	554637	0
CP142632.1	554637	554729	1
CP142632.1	554729	554802	0
CP142632.1	554802	554895	1
CP142632.1	554895	554919	2
CP142632.1	554919	554941	3
CP142632.1	554941	554973	2
CP142632.1	554973	554986	3
CP142632.1	554986	554992	2
CP142632.1	554992	555040	1
CP142632.1	555040	555072	2
CP142632.1	555072	555073	1
CP142632.1	555073	555076	2
CP142632.1	555076	555135	1
CP142632.1	555135	555228	0
CP142632.1	555228	555241	1
CP142632.1	555241	555300	2
CP142632.1	555300	555316	1
CP142632.1	555316	555335	2
CP142632.1	555335	555336	1
CP142632.1	555336	555337	2
CP142632.1	555337	555352	3
CP142632.1	555352	555353	2
CP142632.1	555353	555367	3
CP142632.1	555367	555393	2
CP142632.1	555393	555398	1
CP142632.1	555398	555440	0
CP142632.1	555440	555568	1
CP142632.1	555568	555604	0
CP142632.1	555604	555730	1
CP142632.1	555730	555822	0
CP142632.1	555822	555832	1
CP142632.1	555832	555834	0
CP142632.1	555834	555931	1
CP142632.1	555931	555965	2
CP142632.1	555965	556018	3
CP142632.1	556018	556026	2
CP142632.1	556026	556027	1
CP142632.1	556027	556097	0
CP142632.1	556097	556230	1
CP142632.1	556230	556263	0
CP142632.1	556263	556299	1
CP142632.1	556299	556302	0
CP142632.1	556302	556334	1
CP142632.1	556334	556335	0
CP142632.1	556335	556420	1
CP142632.1	556420	556434	2
CP142632.1	556434	556455	1
CP142632.1	556455	556477	2
CP142632.1	556477	556478	1
CP142632.1	556478	556518	2
CP142632.1	556518	556530	3
CP142632.1	556530	556541	2
CP142632.1	556541	556722	1
CP142632.1	556722	556762	2
CP142632.1	556762	556788	1
CP142632.1	556788	556804	2
CP142632.1	556804	556860	1
CP142632.1	556860	556914	0
CP142632.1	556914	556937	1
CP142632.1	556937	556949	2
CP142632.1	556949	556950	1
CP142632.1	556950	556987	2
CP142632.1	556987	557017	3
CP142632.1	557017	557034	4
CP142632.1	557034	557035	3
CP142632.1	557035	557036	2
CP142632.1	557036	557038	3
CP142632.1	557038	557046	4
CP142632.1	557046	557049	3
CP142632.1	557049	557050	2
CP142632.1	557050	557064	3
CP142632.1	557064	557068	1
CP142632.1	557068	557072	2
CP142632.1	557072	557073	1
CP142632.1	557073	557117	2
CP142632.1	557117	557126	1
CP142632.1	557126	557180	2
CP142632.1	557180	557194	1
CP142632.1	557194	557200	0
CP142632.1	557200	557263	1
CP142632.1	557263	557289	2
CP142632.1	557289	557290	1
CP142632.1	557290	557317	2
CP142632.1	557317	557320	1
CP142632.1	557320	557328	0
CP142632.1	557328	557332	1
CP142632.1	557332	557358	2
CP142632.1	557358	557360	1
CP142632.1	557360	557372	2
CP142632.1	557372	557385	3
CP142632.1	557385	557442	1
CP142632.1	557442	557493	0
CP142632.1	557493	557593	1
CP142632.1	557593	557899	0
CP142632.1	557899	557972	1
CP142632.1	557972	558049	0
CP142632.1	558049	558099	1
CP142632.1	558099	558131	2
CP142632.1	558131	558203	3
CP142632.1	558203	558294	2
CP142632.1	558294	558303	1
CP142632.1	558303	558305	0
CP142632.1	558305	558314	1
CP142632.1	558314	558334	0
CP142632.1	558334	558383	1
CP142632.1	558383	558861	0
CP142632.1	558861	558871	1
CP142632.1	558871	558975	2
CP142632.1	558975	558989	3
CP142632.1	558989	559025	2
CP142632.1	559025	559036	1
CP142632.1	559036	559037	0
CP142632.1	559037	559085	1
CP142632.1	559085	559091	0
CP142632.1	559091	559131	1
CP142632.1	559131	559136	0
CP142632.1	559136	559213	1
CP142632.1	559213	559227	0
CP142632.1	559227	559269	1
CP142632.1	559269	559311	2
CP142632.1	559311	559359	1
CP142632.1	559359	559566	0
CP142632.1	559566	559600	1
CP142632.1	559600	559602	0
CP142632.1	559602	559614	1
CP142632.1	559614	559661	2
CP142632.1	559661	559687	1
CP142632.1	559687	559758	0
CP142632.1	559758	559784	1
CP142632.1	559784	559788	0
CP142632.1	559788	559800	1
CP142632.1	559800	559850	2
CP142632.1	559850	559883	1
CP142632.1	559883	559992	0
CP142632.1	559992	560018	1
CP142632.1	560018	560021	0
CP142632.1	560021	560165	1
CP142632.1	560165	560489	0
CP142632.1	560489	560547	1
CP142632.1	560547	560568	0
CP142632.1	560568	560578	1
CP142632.1	560578	560628	2
CP142632.1	560628	560645	3
CP142632.1	560645	560729	2
CP142632.1	560729	560742	1
CP142632.1	560742	560746	2
CP142632.1	560746	560856	1
CP142632.1	560856	560918	2
CP142632.1	560918	560922	1
CP142632.1	560922	560944	2
CP142632.1	560944	560971	1
CP142632.1	560971	560974	0
CP142632.1	560974	560986	1
CP142632.1	560986	561247	0
CP142632.1	561247	561306	1
CP142632.1	561306	561322	0
CP142632.1	561322	561327	1
CP142632.1	561327	561423	2
CP142632.1	561423	561442	1
CP142632.1	561442	561446	2
CP142632.1	561446	561547	1
CP142632.1	561547	561548	2
CP142632.1	561548	561658	1
CP142632.1	561658	561723	2
CP142632.1	561723	561740	1
CP142632.1	561740	561741	0
CP142632.1	561741	561796	1
CP142632.1	561796	561803	0
CP142632.1	561803	561819	1
CP142632.1	561819	561820	0
CP142632.1	561820	561858	1
CP142632.1	561858	561889	2
CP142632.1	561889	561890	1
CP142632.1	561890	561914	2
CP142632.1	561914	561915	3
CP142632.1	561915	561958	4
CP142632.1	561958	561960	3
CP142632.1	561960	561961	2
CP142632.1	561961	562011	3
CP142632.1	562011	562030	4
CP142632.1	562030	562045	3
CP142632.1	562045	562061	2
CP142632.1	562061	562072	1
CP142632.1	562072	562096	2
CP142632.1	562096	562142	1
CP142632.1	562142	562211	2
CP142632.1	562211	562223	1
CP142632.1	562223	562285	0
CP142632.1	562285	562341	1
CP142632.1	562341	562344	0
CP142632.1	562344	562404	1
CP142632.1	562404	562449	0
CP142632.1	562449	562464	1
CP142632.1	562464	562527	2
CP142632.1	562527	562553	1
CP142632.1	562553	562555	0
CP142632.1	562555	562566	1
CP142632.1	562566	562604	2
CP142632.1	562604	562605	1
CP142632.1	562605	562636	2
CP142632.1	562636	562640	1
CP142632.1	562640	562706	0
CP142632.1	562706	562732	1
CP142632.1	562732	562756	2
CP142632.1	562756	562773	3
CP142632.1	562773	562831	2
CP142632.1	562831	562998	1
CP142632.1	562998	563028	2
CP142632.1	563028	563079	3
CP142632.1	563079	563081	4
CP142632.1	563081	563103	3
CP142632.1	563103	563129	2
CP142632.1	563129	563146	1
CP142632.1	563146	563205	0
CP142632.1	563205	563237	1
CP142632.1	563237	563260	2
CP142632.1	563260	563269	3
CP142632.1	563269	563321	4
CP142632.1	563321	563349	3
CP142632.1	563349	563357	4
CP142632.1	563357	563360	1
CP142632.1	563360	563362	4
CP142632.1	563362	563366	3
CP142632.1	563366	563417	4
CP142632.1	563417	563420	3
CP142632.1	563420	563432	2
CP142632.1	563432	563542	0
CP142632.1	563542	563550	1
CP142632.1	563550	563566	2
CP142632.1	563566	563599	3
CP142632.1	563599	563600	2
CP142632.1	563600	563622	3
CP142632.1	563622	563662	2
CP142632.1	563662	563663	1
CP142632.1	563663	563679	3
CP142632.1	563679	563680	2
CP142632.1	563680	563699	3
CP142632.1	563699	563703	1
CP142632.1	563703	563705	3
CP142632.1	563705	563709	2
CP142632.1	563709	563737	3
CP142632.1	563737	563743	2
CP142632.1	563743	563744	1
CP142632.1	563744	563765	2
CP142632.1	563765	563806	1
CP142632.1	563806	563841	2
CP142632.1	563841	563842	1
CP142632.1	563842	563857	2
CP142632.1	563857	563898	3
CP142632.1	563898	563901	2
CP142632.1	563901	563912	3
CP142632.1	563912	563918	2
CP142632.1	563918	563919	1
CP142632.1	563919	563967	2
CP142632.1	563967	563972	1
CP142632.1	563972	563992	0
CP142632.1	563992	564087	1
CP142632.1	564087	564116	2
CP142632.1	564116	564144	1
CP142632.1	564144	564168	2
CP142632.1	564168	564298	1
CP142632.1	564298	564675	0
CP142632.1	564675	564734	1
CP142632.1	564734	564791	2
CP142632.1	564791	564792	1
CP142632.1	564792	564891	0
CP142632.1	564891	564943	1
CP142632.1	564943	564947	2
CP142632.1	564947	565010	3
CP142632.1	565010	565011	2
CP142632.1	565011	565016	3
CP142632.1	565016	565021	2
CP142632.1	565021	565047	1
CP142632.1	565047	565086	2
CP142632.1	565086	565123	1
CP142632.1	565123	565154	0
CP142632.1	565154	565206	1
CP142632.1	565206	565207	0
CP142632.1	565207	565238	1
CP142632.1	565238	565243	0
CP142632.1	565243	565261	1
CP142632.1	565261	565263	2
CP142632.1	565263	565271	3
CP142632.1	565271	565306	4
CP142632.1	565306	565317	3
CP142632.1	565317	565333	2
CP142632.1	565333	565399	1
CP142632.1	565399	565422	0
CP142632.1	565422	565535	1
CP142632.1	565535	565552	2
CP142632.1	565552	565603	1
CP142632.1	565603	565611	2
CP142632.1	565611	565729	1
CP142632.1	565729	565750	2
CP142632.1	565750	565753	1
CP142632.1	565753	565784	2
CP142632.1	565784	565814	3
CP142632.1	565814	565835	4
CP142632.1	565835	565836	3
CP142632.1	565836	565841	4
CP142632.1	565841	565898	3
CP142632.1	565898	565979	2
CP142632.1	565979	566068	1
CP142632.1	566068	566096	0
CP142632.1	566096	566110	1
CP142632.1	566110	566172	2
CP142632.1	566172	566177	3
CP142632.1	566177	566212	2
CP142632.1	566212	566260	1
CP142632.1	566260	566463	0
CP142632.1	566463	566475	1
CP142632.1	566475	566476	0
CP142632.1	566476	566488	1
CP142632.1	566488	566512	2
CP142632.1	566512	566550	1
CP142632.1	566550	566604	0
CP142632.1	566604	566632	1
CP142632.1	566632	566662	2
CP142632.1	566662	566663	1
CP142632.1	566663	566669	2
CP142632.1	566669	566670	1
CP142632.1	566670	566679	2
CP142632.1	566679	566681	1
CP142632.1	566681	566686	2
CP142632.1	566686	566691	1
CP142632.1	566691	566743	2
CP142632.1	566743	566833	1
CP142632.1	566833	566881	0
CP142632.1	566881	566916	1
CP142632.1	566916	566977	2
CP142632.1	566977	566997	3
CP142632.1	566997	567006	4
CP142632.1	567006	567007	3
CP142632.1	567007	567024	4
CP142632.1	567024	567037	3
CP142632.1	567037	567049	2
CP142632.1	567049	567088	3
CP142632.1	567088	567089	2
CP142632.1	567089	567105	3
CP142632.1	567105	567108	2
CP142632.1	567108	567116	1
CP142632.1	567116	567117	2
CP142632.1	567117	567149	1
CP142632.1	567149	567150	0
CP142632.1	567150	567183	1
CP142632.1	567183	567242	2
CP142632.1	567242	567243	1
CP142632.1	567243	567256	2
CP142632.1	567256	567363	1
CP142632.1	567363	567366	0
CP142632.1	567366	567403	1
CP142632.1	567403	567404	0
CP142632.1	567404	567427	1
CP142632.1	567427	567557	0
CP142632.1	567557	567625	1
CP142632.1	567625	567713	0
CP142632.1	567713	567744	1
CP142632.1	567744	567745	0
CP142632.1	567745	567772	1
CP142632.1	567772	567778	2
CP142632.1	567778	567836	1
CP142632.1	567836	567838	0
CP142632.1	567838	567873	1
CP142632.1	567873	567920	2
CP142632.1	567920	567931	1
CP142632.1	567931	567992	0
CP142632.1	567992	568107	1
CP142632.1	568107	568192	2
CP142632.1	568192	568210	1
CP142632.1	568210	568332	0
CP142632.1	568332	568366	1
CP142632.1	568366	568410	2
CP142632.1	568410	568500	1
CP142632.1	568500	568519	0
CP142632.1	568519	568539	1
CP142632.1	568539	568581	2
CP142632.1	568581	568589	1
CP142632.1	568589	568630	2
CP142632.1	568630	568631	1
CP142632.1	568631	568650	2
CP142632.1	568650	568706	1
CP142632.1	568706	568848	0
CP142632.1	568848	568861	1
CP142632.1	568861	568862	0
CP142632.1	568862	568867	1
CP142632.1	568867	568919	2
CP142632.1	568919	568932	1
CP142632.1	568932	569020	0
CP142632.1	569020	569119	1
CP142632.1	569119	569134	2
CP142632.1	569134	569157	1
CP142632.1	569157	569158	0
CP142632.1	569158	569166	1
CP142632.1	569166	569228	2
CP142632.1	569228	569266	3
CP142632.1	569266	569267	4
CP142632.1	569267	569319	3
CP142632.1	569319	569323	2
CP142632.1	569323	569324	1
CP142632.1	569324	569339	2
CP142632.1	569339	569348	3
CP142632.1	569348	569349	2
CP142632.1	569349	569350	3
CP142632.1	569350	569351	2
CP142632.1	569351	569371	3
CP142632.1	569371	569397	2
CP142632.1	569397	569407	1
CP142632.1	569407	569539	0
CP142632.1	569539	569564	1
CP142632.1	569564	569597	2
CP142632.1	569597	569618	1
CP142632.1	569618	569700	2
CP142632.1	569700	569701	3
CP142632.1	569701	569703	2
CP142632.1	569703	569709	1
CP142632.1	569709	569710	0
CP142632.1	569710	569752	1
CP142632.1	569752	569753	0
CP142632.1	569753	569766	1
CP142632.1	569766	569767	0
CP142632.1	569767	569891	1
CP142632.1	569891	569989	0
CP142632.1	569989	570055	1
CP142632.1	570055	570144	0
CP142632.1	570144	570265	1
CP142632.1	570265	570510	0
CP142632.1	570510	570538	1
CP142632.1	570538	570567	2
CP142632.1	570567	570568	1
CP142632.1	570568	570570	2
CP142632.1	570570	570605	3
CP142632.1	570605	570606	1
CP142632.1	570606	570624	2
CP142632.1	570624	570647	1
CP142632.1	570647	570663	0
CP142632.1	570663	570722	1
CP142632.1	570722	570723	0
CP142632.1	570723	570746	1
CP142632.1	570746	570840	0
CP142632.1	570840	570886	1
CP142632.1	570886	570930	2
CP142632.1	570930	570931	1
CP142632.1	570931	570936	2
CP142632.1	570936	570937	1
CP142632.1	570937	570949	2
CP142632.1	570949	571085	1
CP142632.1	571085	571086	0
CP142632.1	571086	571108	1
CP142632.1	571108	571165	0
CP142632.1	571165	571235	1
CP142632.1	571235	571236	0
CP142632.1	571236	571252	1
CP142632.1	571252	571292	2
CP142632.1	571292	571332	3
CP142632.1	571332	571352	2
CP142632.1	571352	571394	1
CP142632.1	571394	571395	0
CP142632.1	571395	571433	1
CP142632.1	571433	571463	2
CP142632.1	571463	571508	1
CP142632.1	571508	571600	0
CP142632.1	571600	571604	1
CP142632.1	571604	571695	2
CP142632.1	571695	571696	1
CP142632.1	571696	571700	2
CP142632.1	571700	571743	1
CP142632.1	571743	571795	0
CP142632.1	571795	571833	1
CP142632.1	571833	571889	2
CP142632.1	571889	571902	1
CP142632.1	571902	571906	0
CP142632.1	571906	571921	1
CP142632.1	571921	571953	2
CP142632.1	571953	572093	1
CP142632.1	572093	572319	0
CP142632.1	572319	572620	1
CP142632.1	572620	572664	2
CP142632.1	572664	572696	3
CP142632.1	572696	572747	2
CP142632.1	572747	572780	1
CP142632.1	572780	572795	2
CP142632.1	572795	572832	1
CP142632.1	572832	572835	2
CP142632.1	572835	572875	3
CP142632.1	572875	572883	4
CP142632.1	572883	572886	3
CP142632.1	572886	572887	4
CP142632.1	572887	572890	3
CP142632.1	572890	572911	2
CP142632.1	572911	573041	1
CP142632.1	573041	573044	0
CP142632.1	573044	573130	1
CP142632.1	573130	573131	0
CP142632.1	573131	573134	1
CP142632.1	573134	573237	0
CP142632.1	573237	573265	1
CP142632.1	573265	573295	2
CP142632.1	573295	573324	3
CP142632.1	573324	573346	2
CP142632.1	573346	573363	3
CP142632.1	573363	573378	4
CP142632.1	573378	573386	3
CP142632.1	573386	573387	2
CP142632.1	573387	573396	3
CP142632.1	573396	573405	2
CP142632.1	573405	573409	3
CP142632.1	573409	573416	2
CP142632.1	573416	573442	1
CP142632.1	573442	573443	2
CP142632.1	573443	573446	1
CP142632.1	573446	573517	2
CP142632.1	573517	573520	1
CP142632.1	573520	573744	0
CP142632.1	573744	573857	1
CP142632.1	573857	573904	0
CP142632.1	573904	574005	1
CP142632.1	574005	574036	2
CP142632.1	574036	574058	1
CP142632.1	574058	574102	2
CP142632.1	574102	574168	1
CP142632.1	574168	574169	0
CP142632.1	574169	574196	1
CP142632.1	574196	574199	0
CP142632.1	574199	574229	1
CP142632.1	574229	574231	0
CP142632.1	574231	574253	1
CP142632.1	574253	574275	2
CP142632.1	574275	574276	1
CP142632.1	574276	574311	2
CP142632.1	574311	574314	1
CP142632.1	574314	574354	2
CP142632.1	574354	574355	1
CP142632.1	574355	574381	2
CP142632.1	574381	574382	1
CP142632.1	574382	574413	2
CP142632.1	574413	574416	1
CP142632.1	574416	574419	0
CP142632.1	574419	574582	1
CP142632.1	574582	574619	2
CP142632.1	574619	574653	1
CP142632.1	574653	574894	0
CP142632.1	574894	574905	1
CP142632.1	574905	574932	2
CP142632.1	574932	574933	1
CP142632.1	574933	574968	2
CP142632.1	574968	575032	1
CP142632.1	575032	575033	0
CP142632.1	575033	575104	1
CP142632.1	575104	575361	0
CP142632.1	575361	575420	1
CP142632.1	575420	575425	2
CP142632.1	575425	575547	1
CP142632.1	575547	575559	2
CP142632.1	575559	575560	1
CP142632.1	575560	575581	2
CP142632.1	575581	575583	1
CP142632.1	575583	575586	2
CP142632.1	575586	575646	1
CP142632.1	575646	575679	0
CP142632.1	575679	575684	1
CP142632.1	575684	575693	2
CP142632.1	575693	575694	1
CP142632.1	575694	575784	2
CP142632.1	575784	575786	1
CP142632.1	575786	576154	0
CP142632.1	576154	576226	1
CP142632.1	576226	576227	0
CP142632.1	576227	576296	1
CP142632.1	576296	576297	0
CP142632.1	576297	576441	1
CP142632.1	576441	576450	0
CP142632.1	576450	576458	1
CP142632.1	576458	576476	2
CP142632.1	576476	576477	1
CP142632.1	576477	576518	2
CP142632.1	576518	576521	0
CP142632.1	576521	576543	2
CP142632.1	576543	576608	1
CP142632.1	576608	576683	2
CP142632.1	576683	576685	1
CP142632.1	576685	576767	2
CP142632.1	576767	576780	1
CP142632.1	576780	576782	0
CP142632.1	576782	576798	1
CP142632.1	576798	576857	2
CP142632.1	576857	576876	1
CP142632.1	576876	576891	0
CP142632.1	576891	576960	1
CP142632.1	576960	577013	0
CP142632.1	577013	577043	1
CP142632.1	577043	577086	0
CP142632.1	577086	577090	1
CP142632.1	577090	577112	2
CP142632.1	577112	577113	1
CP142632.1	577113	577155	2
CP142632.1	577155	577263	1
CP142632.1	577263	577286	2
CP142632.1	577286	577287	1
CP142632.1	577287	577315	2
CP142632.1	577315	577316	1
CP142632.1	577316	577341	2
CP142632.1	577341	577378	3
CP142632.1	577378	577381	2
CP142632.1	577381	577406	1
CP142632.1	577406	577407	0
CP142632.1	577407	577456	1
CP142632.1	577456	577497	0
CP142632.1	577497	577643	1
CP142632.1	577643	577657	0
CP142632.1	577657	577716	1
CP142632.1	577716	578033	0
CP142632.1	578033	578091	1
CP142632.1	578091	578112	2
CP142632.1	578112	578113	1
CP142632.1	578113	578224	2
CP142632.1	578224	578227	1
CP142632.1	578227	578228	0
CP142632.1	578228	578229	1
CP142632.1	578229	578259	2
CP142632.1	578259	578326	3
CP142632.1	578326	578327	1
CP142632.1	578327	578333	2
CP142632.1	578333	578364	1
CP142632.1	578364	578400	2
CP142632.1	578400	578451	1
CP142632.1	578451	578481	2
CP142632.1	578481	578522	1
CP142632.1	578522	578593	0
CP142632.1	578593	578681	1
CP142632.1	578681	578684	0
CP142632.1	578684	578714	1
CP142632.1	578714	578872	0
CP142632.1	578872	578900	1
CP142632.1	578900	578959	2
CP142632.1	578959	578961	0
CP142632.1	578961	578969	2
CP142632.1	578969	578994	3
CP142632.1	578994	578995	2
CP142632.1	578995	579001	3
CP142632.1	579001	579002	2
CP142632.1	579002	579010	3
CP142632.1	579010	579028	2
CP142632.1	579028	579042	1
CP142632.1	579042	579060	0
CP142632.1	579060	579073	1
CP142632.1	579073	579141	2
CP142632.1	579141	579158	1
CP142632.1	579158	579317	0
CP142632.1	579317	579447	1
CP142632.1	579447	579448	0
CP142632.1	579448	579498	1
CP142632.1	579498	579610	0
CP142632.1	579610	579637	1
CP142632.1	579637	579724	2
CP142632.1	579724	579755	1
CP142632.1	579755	579986	0
CP142632.1	579986	580022	1
CP142632.1	580022	580031	2
CP142632.1	580031	580060	3
CP142632.1	580060	580061	2
CP142632.1	580061	580107	3
CP142632.1	580107	580115	2
CP142632.1	580115	580117	1
CP142632.1	580117	580123	2
CP142632.1	580123	580124	1
CP142632.1	580124	580192	2
CP142632.1	580192	580235	3
CP142632.1	580235	580298	2
CP142632.1	580298	580299	1
CP142632.1	580299	580315	2
CP142632.1	580315	580361	1
CP142632.1	580361	580418	2
CP142632.1	580418	580437	1
CP142632.1	580437	580499	0
CP142632.1	580499	580522	1
CP142632.1	580522	580523	0
CP142632.1	580523	580592	1
CP142632.1	580592	580631	0
CP142632.1	580631	580708	1
CP142632.1	580708	580999	0
CP142632.1	580999	581019	1
CP142632.1	581019	581022	0
CP142632.1	581022	581270	1
CP142632.1	581270	581364	0
CP142632.1	581364	581455	1
CP142632.1	581455	581484	0
CP142632.1	581484	581486	1
CP142632.1	581486	581559	2
CP142632.1	581559	581614	3
CP142632.1	581614	581628	4
CP142632.1	581628	581648	3
CP142632.1	581648	581681	2
CP142632.1	581681	581876	1
CP142632.1	581876	581884	2
CP142632.1	581884	581928	3
CP142632.1	581928	581931	2
CP142632.1	581931	581992	3
CP142632.1	581992	582101	2
CP142632.1	582101	582235	1
CP142632.1	582235	582558	0
CP142632.1	582558	582618	1
CP142632.1	582618	582645	2
CP142632.1	582645	582700	1
CP142632.1	582700	582745	0
CP142632.1	582745	582813	1
CP142632.1	582813	582834	2
CP142632.1	582834	582848	3
CP142632.1	582848	582849	0
CP142632.1	582849	582879	3
CP142632.1	582879	582906	2
CP142632.1	582906	582949	1
CP142632.1	582949	582951	0
CP142632.1	582951	582985	1
CP142632.1	582985	582987	0
CP142632.1	582987	582996	1
CP142632.1	582996	583006	2
CP142632.1	583006	583007	1
CP142632.1	583007	583015	2
CP142632.1	583015	583024	1
CP142632.1	583024	583032	2
CP142632.1	583032	583033	1
CP142632.1	583033	583082	2
CP142632.1	583082	583083	1
CP142632.1	583083	583090	2
CP142632.1	583090	583143	1
CP142632.1	583143	583179	0
CP142632.1	583179	583202	1
CP142632.1	583202	583248	2
CP142632.1	583248	583263	1
CP142632.1	583263	583270	0
CP142632.1	583270	583280	2
CP142632.1	583280	583281	1
CP142632.1	583281	583299	2
CP142632.1	583299	583308	1
CP142632.1	583308	583349	2
CP142632.1	583349	583359	3
CP142632.1	583359	583362	2
CP142632.1	583362	583363	1
CP142632.1	583363	583388	2
CP142632.1	583388	583391	1
CP142632.1	583391	583395	2
CP142632.1	583395	583415	3
CP142632.1	583415	583416	2
CP142632.1	583416	583476	1
CP142632.1	583476	583498	0
CP142632.1	583498	583562	1
CP142632.1	583562	583576	0
CP142632.1	583576	583711	1
CP142632.1	583711	583768	2
CP142632.1	583768	583774	1
CP142632.1	583774	583775	2
CP142632.1	583775	583832	1
CP142632.1	583832	583833	0
CP142632.1	583833	583875	1
CP142632.1	583875	583995	0
CP142632.1	583995	584032	1
CP142632.1	584032	584045	2
CP142632.1	584045	584046	1
CP142632.1	584046	584077	2
CP142632.1	584077	584085	1
CP142632.1	584085	584172	0
CP142632.1	584172	584255	1
CP142632.1	584255	584256	0
CP142632.1	584256	584283	1
CP142632.1	584283	584331	2
CP142632.1	584331	584365	1
CP142632.1	584365	584412	0
CP142632.1	584412	584458	1
CP142632.1	584458	584539	2
CP142632.1	584539	584562	1
CP142632.1	584562	584563	0
CP142632.1	584563	584583	1
CP142632.1	584583	584892	0
CP142632.1	584892	585048	1
CP142632.1	585048	585087	2
CP142632.1	585087	585161	1
CP142632.1	585161	585192	2
CP142632.1	585192	585229	1
CP142632.1	585229	585301	2
CP142632.1	585301	585315	1
CP142632.1	585315	585447	0
CP142632.1	585447	585458	1
CP142632.1	585458	585459	0
CP142632.1	585459	585492	1
CP142632.1	585492	585545	2
CP142632.1	585545	585546	1
CP142632.1	585546	585613	2
CP142632.1	585613	585615	3
CP142632.1	585615	585706	2
CP142632.1	585706	585716	3
CP142632.1	585716	585743	2
CP142632.1	585743	585780	3
CP142632.1	585780	585790	2
CP142632.1	585790	585791	0
CP142632.1	585791	585812	2
CP142632.1	585812	585827	3
CP142632.1	585827	585843	2
CP142632.1	585843	585886	1
CP142632.1	585886	585901	2
CP142632.1	585901	585912	3
CP142632.1	585912	585913	2
CP142632.1	585913	585929	3
CP142632.1	585929	585948	2
CP142632.1	585948	585958	1
CP142632.1	585958	585972	0
CP142632.1	585972	586006	1
CP142632.1	586006	586007	0
CP142632.1	586007	586036	1
CP142632.1	586036	586060	2
CP142632.1	586060	586061	1
CP142632.1	586061	586107	2
CP142632.1	586107	586159	3
CP142632.1	586159	586161	2
CP142632.1	586161	586188	3
CP142632.1	586188	586193	2
CP142632.1	586193	586194	1
CP142632.1	586194	586222	2
CP142632.1	586222	586243	1
CP142632.1	586243	586245	0
CP142632.1	586245	586259	1
CP142632.1	586259	586282	0
CP142632.1	586282	586318	1
CP142632.1	586318	586319	0
CP142632.1	586319	586324	1
CP142632.1	586324	586390	2
CP142632.1	586390	586493	1
CP142632.1	586493	586571	0
CP142632.1	586571	586656	1
CP142632.1	586656	586694	0
CP142632.1	586694	586776	1
CP142632.1	586776	586831	0
CP142632.1	586831	586939	1
CP142632.1	586939	586940	0
CP142632.1	586940	586962	1
CP142632.1	586962	586965	0
CP142632.1	586965	587074	1
CP142632.1	587074	587158	0
CP142632.1	587158	587211	1
CP142632.1	587211	587214	2
CP142632.1	587214	587220	3
CP142632.1	587220	587361	2
CP142632.1	587361	587367	3
CP142632.1	587367	587400	2
CP142632.1	587400	587457	1
CP142632.1	587457	587479	2
CP142632.1	587479	587481	1
CP142632.1	587481	587511	2
CP142632.1	587511	587521	1
CP142632.1	587521	587564	0
CP142632.1	587564	587568	1
CP142632.1	587568	587594	2
CP142632.1	587594	587628	3
CP142632.1	587628	587689	2
CP142632.1	587689	587757	1
CP142632.1	587757	587760	0
CP142632.1	587760	587847	1
CP142632.1	587847	587871	0
CP142632.1	587871	587978	1
CP142632.1	587978	587997	2
CP142632.1	587997	588067	1
CP142632.1	588067	588070	2
CP142632.1	588070	588093	1
CP142632.1	588093	588125	2
CP142632.1	588125	588156	1
CP142632.1	588156	588251	0
CP142632.1	588251	588258	1
CP142632.1	588258	588300	2
CP142632.1	588300	588324	1
CP142632.1	588324	588345	2
CP142632.1	588345	588389	3
CP142632.1	588389	588401	2
CP142632.1	588401	588413	3
CP142632.1	588413	588501	2
CP142632.1	588501	588546	1
CP142632.1	588546	588628	0
CP142632.1	588628	588707	1
CP142632.1	588707	588861	0
CP142632.1	588861	588895	1
CP142632.1	588895	588942	2
CP142632.1	588942	588945	1
CP142632.1	588945	588986	2
CP142632.1	588986	588987	1
CP142632.1	588987	588999	2
CP142632.1	588999	589001	1
CP142632.1	589001	589082	2
CP142632.1	589082	589089	1
CP142632.1	589089	589090	0
CP142632.1	589090	589152	1
CP142632.1	589152	589273	0
CP142632.1	589273	589338	1
CP142632.1	589338	589343	0
CP142632.1	589343	589392	1
CP142632.1	589392	589518	2
CP142632.1	589518	589527	1
CP142632.1	589527	589533	0
CP142632.1	589533	589537	1
CP142632.1	589537	589566	2
CP142632.1	589566	589594	3
CP142632.1	589594	589609	2
CP142632.1	589609	589623	3
CP142632.1	589623	589630	2
CP142632.1	589630	589690	1
CP142632.1	589690	589691	0
CP142632.1	589691	589715	1
CP142632.1	589715	589719	0
CP142632.1	589719	589726	1
CP142632.1	589726	589760	0
CP142632.1	589760	589866	1
CP142632.1	589866	589900	0
CP142632.1	589900	589943	1
CP142632.1	589943	589993	2
CP142632.1	589993	590002	1
CP142632.1	590002	590003	0
CP142632.1	590003	590037	1
CP142632.1	590037	590040	0
CP142632.1	590040	590059	1
CP142632.1	590059	590092	2
CP142632.1	590092	590136	1
CP142632.1	590136	590419	0
CP142632.1	590419	590458	1
CP142632.1	590458	590461	0
CP142632.1	590461	590464	2
CP142632.1	590464	590501	3
CP142632.1	590501	590502	2
CP142632.1	590502	590513	3
CP142632.1	590513	590530	4
CP142632.1	590530	590536	3
CP142632.1	590536	590592	4
CP142632.1	590592	590626	3
CP142632.1	590626	590692	2
CP142632.1	590692	590705	1
CP142632.1	590705	590785	2
CP142632.1	590785	590798	1
CP142632.1	590798	591017	0
CP142632.1	591017	591064	1
CP142632.1	591064	591142	0
CP142632.1	591142	591227	1
CP142632.1	591227	591376	0
CP142632.1	591376	591419	1
CP142632.1	591419	591424	2
CP142632.1	591424	591450	3
CP142632.1	591450	591451	2
CP142632.1	591451	591481	3
CP142632.1	591481	591482	2
CP142632.1	591482	591537	3
CP142632.1	591537	591546	2
CP142632.1	591546	591555	3
CP142632.1	591555	591557	2
CP142632.1	591557	591564	1
CP142632.1	591564	591565	0
CP142632.1	591565	591576	1
CP142632.1	591576	591578	0
CP142632.1	591578	591625	1
CP142632.1	591625	591637	0
CP142632.1	591637	591733	1
CP142632.1	591733	591882	0
CP142632.1	591882	591955	1
CP142632.1	591955	592104	0
CP142632.1	592104	592117	1
CP142632.1	592117	592147	2
CP142632.1	592147	592173	3
CP142632.1	592173	592177	2
CP142632.1	592177	592216	4
CP142632.1	592216	592217	3
CP142632.1	592217	592258	4
CP142632.1	592258	592273	3
CP142632.1	592273	592289	2
CP142632.1	592289	592348	1
CP142632.1	592348	592349	0
CP142632.1	592349	592394	1
CP142632.1	592394	592422	2
CP142632.1	592422	592424	1
CP142632.1	592424	592506	2
CP142632.1	592506	592569	3
CP142632.1	592569	592600	2
CP142632.1	592600	592667	1
CP142632.1	592667	592710	2
CP142632.1	592710	592726	1
CP142632.1	592726	592727	0
CP142632.1	592727	592758	1
CP142632.1	592758	592768	2
CP142632.1	592768	592769	1
CP142632.1	592769	592807	2
CP142632.1	592807	592855	3
CP142632.1	592855	592878	2
CP142632.1	592878	592882	1
CP142632.1	592882	592927	2
CP142632.1	592927	592929	3
CP142632.1	592929	592942	4
CP142632.1	592942	592964	3
CP142632.1	592964	592968	2
CP142632.1	592968	592983	3
CP142632.1	592983	593047	2
CP142632.1	593047	593097	1
CP142632.1	593097	593145	0
CP142632.1	593145	593382	1
CP142632.1	593382	593412	2
CP142632.1	593412	593414	1
CP142632.1	593414	593470	2
CP142632.1	593470	593471	0
CP142632.1	593471	593552	1
CP142632.1	593552	593613	2
CP142632.1	593613	593753	1
CP142632.1	593753	593834	0
CP142632.1	593834	593887	1
CP142632.1	593887	593965	2
CP142632.1	593965	593977	1
CP142632.1	593977	593982	0
CP142632.1	593982	593984	1
CP142632.1	593984	593988	0
CP142632.1	593988	594018	1
CP142632.1	594018	594045	2
CP142632.1	594045	594101	1
CP142632.1	594101	594120	2
CP142632.1	594120	594171	1
CP142632.1	594171	594202	2
CP142632.1	594202	594234	1
CP142632.1	594234	594266	2
CP142632.1	594266	594280	3
CP142632.1	594280	594281	1
CP142632.1	594281	594302	3
CP142632.1	594302	594305	2
CP142632.1	594305	594321	4
CP142632.1	594321	594337	3
CP142632.1	594337	594343	4
CP142632.1	594343	594347	3
CP142632.1	594347	594348	2
CP142632.1	594348	594357	3
CP142632.1	594357	594359	2
CP142632.1	594359	594383	3
CP142632.1	594383	594387	2
CP142632.1	594387	594391	3
CP142632.1	594391	594395	2
CP142632.1	594395	594419	3
CP142632.1	594419	594424	2
CP142632.1	594424	594425	0
CP142632.1	594425	594426	1
CP142632.1	594426	594434	2
CP142632.1	594434	594462	3
CP142632.1	594462	594499	2
CP142632.1	594499	594500	1
CP142632.1	594500	594545	2
CP142632.1	594545	594598	1
CP142632.1	594598	594690	0
CP142632.1	594690	594753	1
CP142632.1	594753	594986	0
CP142632.1	594986	595049	1
CP142632.1	595049	595078	0
CP142632.1	595078	595108	1
CP142632.1	595108	595111	0
CP142632.1	595111	595141	1
CP142632.1	595141	595185	2
CP142632.1	595185	595186	1
CP142632.1	595186	595215	2
CP142632.1	595215	595216	1
CP142632.1	595216	595244	2
CP142632.1	595244	595249	1
CP142632.1	595249	595263	2
CP142632.1	595263	595267	1
CP142632.1	595267	595282	2
CP142632.1	595282	595289	1
CP142632.1	595289	595344	2
CP142632.1	595344	595359	1
CP142632.1	595359	595369	0
CP142632.1	595369	595421	1
CP142632.1	595421	595453	2
CP142632.1	595453	595456	0
CP142632.1	595456	595458	1
CP142632.1	595458	595470	2
CP142632.1	595470	595471	1
CP142632.1	595471	595489	2
CP142632.1	595489	595547	1
CP142632.1	595547	595576	0
CP142632.1	595576	595677	1
CP142632.1	595677	595711	2
CP142632.1	595711	595756	3
CP142632.1	595756	595778	2
CP142632.1	595778	595805	1
CP142632.1	595805	595831	2
CP142632.1	595831	595832	1
CP142632.1	595832	595851	2
CP142632.1	595851	595852	0
CP142632.1	595852	595895	1
CP142632.1	595895	595899	0
CP142632.1	595899	595914	1
CP142632.1	595914	596001	2
CP142632.1	596001	596027	1
CP142632.1	596027	596037	0
CP142632.1	596037	596098	1
CP142632.1	596098	596170	0
CP142632.1	596170	596201	1
CP142632.1	596201	596255	2
CP142632.1	596255	596402	1
CP142632.1	596402	596405	0
CP142632.1	596405	596411	1
CP142632.1	596411	596532	0
CP142632.1	596532	596581	1
CP142632.1	596581	596604	2
CP142632.1	596604	596673	1
CP142632.1	596673	596688	2
CP142632.1	596688	596691	1
CP142632.1	596691	596705	2
CP142632.1	596705	596752	1
CP142632.1	596752	596783	0
CP142632.1	596783	596784	1
CP142632.1	596784	596867	2
CP142632.1	596867	596874	1
CP142632.1	596874	596934	0
CP142632.1	596934	596985	1
CP142632.1	596985	596992	2
CP142632.1	596992	597001	1
CP142632.1	597001	597059	2
CP142632.1	597059	597087	1
CP142632.1	597087	597147	2
CP142632.1	597147	597148	1
CP142632.1	597148	597165	2
CP142632.1	597165	597166	1
CP142632.1	597166	597248	0
CP142632.1	597248	597282	1
CP142632.1	597282	597326	2
CP142632.1	597326	597376	1
CP142632.1	597376	597380	0
CP142632.1	597380	597444	1
CP142632.1	597444	597445	0
CP142632.1	597445	597450	1
CP142632.1	597450	597478	0
CP142632.1	597478	597529	1
CP142632.1	597529	597530	0
CP142632.1	597530	597566	1
CP142632.1	597566	597570	0
CP142632.1	597570	597573	1
CP142632.1	597573	597586	2
CP142632.1	597586	597587	1
CP142632.1	597587	597636	2
CP142632.1	597636	597637	3
CP142632.1	597637	597652	2
CP142632.1	597652	597691	1
CP142632.1	597691	597761	2
CP142632.1	597761	597849	1
CP142632.1	597849	598178	0
CP142632.1	598178	598210	1
CP142632.1	598210	598272	0
CP142632.1	598272	598327	1
CP142632.1	598327	598335	2
CP142632.1	598335	598362	3
CP142632.1	598362	598394	2
CP142632.1	598394	598397	1
CP142632.1	598397	598425	2
CP142632.1	598425	598435	1
CP142632.1	598435	598478	0
CP142632.1	598478	598501	1
CP142632.1	598501	598508	0
CP142632.1	598508	598600	1
CP142632.1	598600	598601	0
CP142632.1	598601	598618	1
CP142632.1	598618	598629	2
CP142632.1	598629	598700	3
CP142632.1	598700	598734	2
CP142632.1	598734	598739	1
CP142632.1	598739	598742	0
CP142632.1	598742	598757	1
CP142632.1	598757	598857	0
CP142632.1	598857	598878	1
CP142632.1	598878	598953	2
CP142632.1	598953	598973	1
CP142632.1	598973	599002	2
CP142632.1	599002	599008	3
CP142632.1	599008	599027	2
CP142632.1	599027	599079	3
CP142632.1	599079	599098	2
CP142632.1	599098	599103	1
CP142632.1	599103	599148	2
CP142632.1	599148	599155	1
CP142632.1	599155	599161	2
CP142632.1	599161	599244	3
CP142632.1	599244	599313	2
CP142632.1	599313	599347	0
CP142632.1	599347	599382	1
CP142632.1	599382	599420	2
CP142632.1	599420	599437	3
CP142632.1	599437	599495	2
CP142632.1	599495	599500	1
CP142632.1	599500	599514	2
CP142632.1	599514	599594	1
CP142632.1	599594	599597	2
CP142632.1	599597	599729	1
CP142632.1	599729	599820	2
CP142632.1	599820	599875	3
CP142632.1	599875	599906	4
CP142632.1	599906	599946	3
CP142632.1	599946	599952	2
CP142632.1	599952	599953	1
CP142632.1	599953	599976	2
CP142632.1	599976	599991	1
CP142632.1	599991	600016	0
CP142632.1	600016	600065	1
CP142632.1	600065	600282	0
CP142632.1	600282	600349	1
CP142632.1	600349	600406	2
CP142632.1	600406	600442	1
CP142632.1	600442	600598	0
CP142632.1	600598	600679	1
CP142632.1	600679	600682	0
CP142632.1	600682	600743	1
CP142632.1	600743	600786	0
CP142632.1	600786	600831	1
CP142632.1	600831	600896	2
CP142632.1	600896	600910	1
CP142632.1	600910	600963	2
CP142632.1	600963	601108	1
CP142632.1	601108	601109	0
CP142632.1	601109	601123	1
CP142632.1	601123	601173	0
CP142632.1	601173	601178	1
CP142632.1	601178	601255	2
CP142632.1	601255	601279	1
CP142632.1	601279	601280	0
CP142632.1	601280	601333	1
CP142632.1	601333	601336	0
CP142632.1	601336	601354	1
CP142632.1	601354	601449	0
CP142632.1	601449	601563	1
CP142632.1	601563	601632	0
CP142632.1	601632	601895	1
CP142632.1	601895	601916	2
CP142632.1	601916	602043	1
CP142632.1	602043	602073	0
CP142632.1	602073	602163	1
CP142632.1	602163	602199	0
CP142632.1	602199	602266	1
CP142632.1	602266	602406	0
CP142632.1	602406	602517	1
CP142632.1	602517	602647	0
CP142632.1	602647	602723	1
CP142632.1	602723	602881	0
CP142632.1	602881	602922	1
CP142632.1	602922	602941	2
CP142632.1	602941	602942	1
CP142632.1	602942	602966	2
CP142632.1	602966	602996	1
CP142632.1	602996	603485	0
CP142632.1	603485	603494	1
CP142632.1	603494	603495	0
CP142632.1	603495	603529	1
CP142632.1	603529	603546	2
CP142632.1	603546	603550	1
CP142632.1	603550	603553	0
CP142632.1	603553	603566	1
CP142632.1	603566	603588	2
CP142632.1	603588	603611	3
CP142632.1	603611	603667	2
CP142632.1	603667	603671	3
CP142632.1	603671	603673	2
CP142632.1	603673	603701	3
CP142632.1	603701	603732	4
CP142632.1	603732	603754	3
CP142632.1	603754	603789	2
CP142632.1	603789	603801	1
CP142632.1	603801	603802	0
CP142632.1	603802	603813	1
CP142632.1	603813	603937	2
CP142632.1	603937	603993	1
CP142632.1	603993	604006	0
CP142632.1	604006	604044	1
CP142632.1	604044	604160	2
CP142632.1	604160	604227	1
CP142632.1	604227	604228	2
CP142632.1	604228	604327	1
CP142632.1	604327	604395	0
CP142632.1	604395	604462	1
CP142632.1	604462	604479	0
CP142632.1	604479	604541	1
CP142632.1	604541	604568	2
CP142632.1	604568	604569	1
CP142632.1	604569	604577	2
CP142632.1	604577	604591	1
CP142632.1	604591	604605	2
CP142632.1	604605	604606	1
CP142632.1	604606	604663	2
CP142632.1	604663	604702	3
CP142632.1	604702	604703	2
CP142632.1	604703	604708	4
CP142632.1	604708	604715	3
CP142632.1	604715	604716	2
CP142632.1	604716	604759	3
CP142632.1	604759	604767	2
CP142632.1	604767	604792	1
CP142632.1	604792	604793	0
CP142632.1	604793	604804	1
CP142632.1	604804	604809	2
CP142632.1	604809	604867	1
CP142632.1	604867	604869	0
CP142632.1	604869	604993	1
CP142632.1	604993	605032	2
CP142632.1	605032	605033	1
CP142632.1	605033	605034	0
CP142632.1	605034	605095	1
CP142632.1	605095	605191	0
CP142632.1	605191	605398	1
CP142632.1	605398	605420	0
CP142632.1	605420	605528	1
CP142632.1	605528	605529	0
CP142632.1	605529	605543	1
CP142632.1	605543	605572	0
CP142632.1	605572	605597	1
CP142632.1	605597	605600	0
CP142632.1	605600	605637	1
CP142632.1	605637	605646	0
CP142632.1	605646	605677	1
CP142632.1	605677	605684	2
CP142632.1	605684	605693	3
CP142632.1	605693	605715	4
CP142632.1	605715	605716	3
CP142632.1	605716	605726	4
CP142632.1	605726	605740	3
CP142632.1	605740	605745	2
CP142632.1	605745	605753	1
CP142632.1	605753	605789	2
CP142632.1	605789	605790	1
CP142632.1	605790	605829	2
CP142632.1	605829	605830	1
CP142632.1	605830	605863	2
CP142632.1	605863	605868	1
CP142632.1	605868	605889	2
CP142632.1	605889	605918	1
CP142632.1	605918	605930	0
CP142632.1	605930	605963	1
CP142632.1	605963	605965	0
CP142632.1	605965	606030	1
CP142632.1	606030	606188	0
CP142632.1	606188	606269	1
CP142632.1	606269	606286	0
CP142632.1	606286	606333	1
CP142632.1	606333	606361	2
CP142632.1	606361	606511	1
CP142632.1	606511	606523	0
CP142632.1	606523	606593	1
CP142632.1	606593	606835	0
CP142632.1	606835	606954	1
CP142632.1	606954	606980	2
CP142632.1	606980	606983	3
CP142632.1	606983	606985	2
CP142632.1	606985	606987	1
CP142632.1	606987	607036	2
CP142632.1	607036	607089	1
CP142632.1	607089	607121	2
CP142632.1	607121	607122	1
CP142632.1	607122	607123	0
CP142632.1	607123	607127	1
CP142632.1	607127	607138	2
CP142632.1	607138	607212	1
CP142632.1	607212	607224	2
CP142632.1	607224	607306	1
CP142632.1	607306	607307	0
CP142632.1	607307	607444	1
CP142632.1	607444	607446	2
CP142632.1	607446	607471	3
CP142632.1	607471	607493	2
CP142632.1	607493	607509	1
CP142632.1	607509	607513	2
CP142632.1	607513	607514	1
CP142632.1	607514	607541	2
CP142632.1	607541	607549	3
CP142632.1	607549	607592	2
CP142632.1	607592	607609	3
CP142632.1	607609	607641	2
CP142632.1	607641	607665	3
CP142632.1	607665	607666	2
CP142632.1	607666	607682	3
CP142632.1	607682	607684	2
CP142632.1	607684	607725	1
CP142632.1	607725	608130	0
CP142632.1	608130	608199	1
CP142632.1	608199	608200	2
CP142632.1	608200	608308	1
CP142632.1	608308	608309	0
CP142632.1	608309	608322	1
CP142632.1	608322	608352	2
CP142632.1	608352	608353	1
CP142632.1	608353	608366	2
CP142632.1	608366	608369	1
CP142632.1	608369	608390	2
CP142632.1	608390	608392	1
CP142632.1	608392	608437	0
CP142632.1	608437	608523	1
CP142632.1	608523	608587	0
CP142632.1	608587	608659	1
CP142632.1	608659	608662	2
CP142632.1	608662	608755	1
CP142632.1	608755	608885	0
CP142632.1	608885	608915	1
CP142632.1	608915	608917	0
CP142632.1	608917	609009	1
CP142632.1	609009	609044	2
CP142632.1	609044	609065	1
CP142632.1	609065	609076	2
CP142632.1	609076	609135	1
CP142632.1	609135	609149	0
CP142632.1	609149	609228	1
CP142632.1	609228	609246	2
CP142632.1	609246	609247	1
CP142632.1	609247	609260	2
CP142632.1	609260	609284	3
CP142632.1	609284	609286	2
CP142632.1	609286	609299	3
CP142632.1	609299	609320	2
CP142632.1	609320	609321	1
CP142632.1	609321	609345	2
CP142632.1	609345	609374	3
CP142632.1	609374	609396	2
CP142632.1	609396	609450	1
CP142632.1	609450	609508	2
CP142632.1	609508	609586	1
CP142632.1	609586	609656	0
CP142632.1	609656	609724	1
CP142632.1	609724	609754	2
CP142632.1	609754	609756	1
CP142632.1	609756	609782	2
CP142632.1	609782	609796	3
CP142632.1	609796	609819	2
CP142632.1	609819	609860	3
CP142632.1	609860	609862	2
CP142632.1	609862	609871	1
CP142632.1	609871	609941	0
CP142632.1	609941	609962	2
CP142632.1	609962	609980	3
CP142632.1	609980	609981	2
CP142632.1	609981	609999	4
CP142632.1	609999	610000	3
CP142632.1	610000	610034	4
CP142632.1	610034	610043	3
CP142632.1	610043	610049	2
CP142632.1	610049	610054	3
CP142632.1	610054	610061	2
CP142632.1	610061	610065	3
CP142632.1	610065	610119	4
CP142632.1	610119	610120	3
CP142632.1	610120	610126	4
CP142632.1	610126	610127	3
CP142632.1	610127	610138	2
CP142632.1	610138	610262	1
CP142632.1	610262	610295	0
CP142632.1	610295	610331	1
CP142632.1	610331	610367	2
CP142632.1	610367	610434	3
CP142632.1	610434	610465	2
CP142632.1	610465	610523	1
CP142632.1	610523	610742	0
CP142632.1	610742	610747	1
CP142632.1	610747	610785	2
CP142632.1	610785	610786	1
CP142632.1	610786	610796	2
CP142632.1	610796	610798	1
CP142632.1	610798	610800	2
CP142632.1	610800	610814	3
CP142632.1	610814	610859	2
CP142632.1	610859	610889	1
CP142632.1	610889	611043	0
CP142632.1	611043	611056	1
CP142632.1	611056	611057	0
CP142632.1	611057	611115	1
CP142632.1	611115	611150	0
CP142632.1	611150	611194	1
CP142632.1	611194	611195	0
CP142632.1	611195	611215	1
CP142632.1	611215	611229	0
CP142632.1	611229	611273	1
CP142632.1	611273	611275	0
CP142632.1	611275	611291	1
CP142632.1	611291	611293	0
CP142632.1	611293	611294	1
CP142632.1	611294	611365	2
CP142632.1	611365	611366	1
CP142632.1	611366	611370	0
CP142632.1	611370	611385	2
CP142632.1	611385	611386	1
CP142632.1	611386	611388	2
CP142632.1	611388	611389	1
CP142632.1	611389	611392	2
CP142632.1	611392	611393	1
CP142632.1	611393	611396	0
CP142632.1	611396	611410	1
CP142632.1	611410	611426	2
CP142632.1	611426	611443	1
CP142632.1	611443	611483	0
CP142632.1	611483	611619	1
CP142632.1	611619	611622	0
CP142632.1	611622	611687	1
CP142632.1	611687	611696	2
CP142632.1	611696	611782	1
CP142632.1	611782	611820	2
CP142632.1	611820	611843	3
CP142632.1	611843	611846	2
CP142632.1	611846	611854	1
CP142632.1	611854	611902	2
CP142632.1	611902	611991	1
CP142632.1	611991	612046	2
CP142632.1	612046	612184	1
CP142632.1	612184	612395	0
CP142632.1	612395	612404	1
CP142632.1	612404	612498	2
CP142632.1	612498	612499	1
CP142632.1	612499	612503	2
CP142632.1	612503	612507	3
CP142632.1	612507	612510	2
CP142632.1	612510	612527	3
CP142632.1	612527	612539	2
CP142632.1	612539	612541	1
CP142632.1	612541	612598	2
CP142632.1	612598	612606	1
CP142632.1	612606	612607	0
CP142632.1	612607	612669	1
CP142632.1	612669	612713	0
CP142632.1	612713	612719	1
CP142632.1	612719	612758	2
CP142632.1	612758	612795	3
CP142632.1	612795	612821	4
CP142632.1	612821	612893	3
CP142632.1	612893	612909	2
CP142632.1	612909	612919	1
CP142632.1	612919	612926	0
CP142632.1	612926	612932	1
CP142632.1	612932	612968	2
CP142632.1	612968	612970	1
CP142632.1	612970	612996	2
CP142632.1	612996	612999	1
CP142632.1	612999	613127	0
CP142632.1	613127	613198	1
CP142632.1	613198	613276	0
CP142632.1	613276	613328	1
CP142632.1	613328	613350	0
CP142632.1	613350	613439	1
CP142632.1	613439	613621	0
CP142632.1	613621	613712	1
CP142632.1	613712	613772	0
CP142632.1	613772	613849	1
CP142632.1	613849	613933	0
