CP142623.1	0	293	0
CP142623.1	293	366	1
CP142623.1	366	384	0
CP142623.1	384	391	1
CP142623.1	391	418	2
CP142623.1	418	427	3
CP142623.1	427	437	2
CP142623.1	437	438	1
CP142623.1	438	508	2
CP142623.1	508	538	1
CP142623.1	538	796	0
CP142623.1	796	884	1
CP142623.1	884	929	2
CP142623.1	929	964	1
CP142623.1	964	995	0
CP142623.1	995	1083	1
CP142623.1	1083	1250	0
CP142623.1	1250	1271	1
CP142623.1	1271	1345	2
CP142623.1	1345	1352	1
CP142623.1	1352	1408	0
CP142623.1	1408	1468	1
CP142623.1	1468	1613	0
CP142623.1	1613	1721	1
CP142623.1	1721	1722	0
CP142623.1	1722	1730	1
CP142623.1	1730	1740	2
CP142623.1	1740	1778	3
CP142623.1	1778	1816	4
CP142623.1	1816	1846	3
CP142623.1	1846	1847	1
CP142623.1	1847	1851	3
CP142623.1	1851	1904	4
CP142623.1	1904	1912	3
CP142623.1	1912	1914	2
CP142623.1	1914	1918	3
CP142623.1	1918	1920	2
CP142623.1	1920	1930	1
CP142623.1	1930	2010	2
CP142623.1	2010	2033	3
CP142623.1	2033	2070	2
CP142623.1	2070	2120	1
CP142623.1	2120	2143	0
CP142623.1	2143	2236	1
CP142623.1	2236	2332	0
CP142623.1	2332	2373	1
CP142623.1	2373	2395	0
CP142623.1	2395	2417	1
CP142623.1	2417	2418	0
CP142623.1	2418	2522	1
CP142623.1	2522	2548	2
CP142623.1	2548	2600	1
CP142623.1	2600	2602	0
CP142623.1	2602	2772	1
CP142623.1	2772	2784	2
CP142623.1	2784	2799	1
CP142623.1	2799	2802	0
CP142623.1	2802	2835	1
CP142623.1	2835	3039	0
CP142623.1	3039	3182	1
CP142623.1	3182	3207	2
CP142623.1	3207	3236	3
CP142623.1	3236	3246	2
CP142623.1	3246	3268	1
CP142623.1	3268	3274	2
CP142623.1	3274	3370	1
CP142623.1	3370	3371	0
CP142623.1	3371	3450	1
CP142623.1	3450	3467	2
CP142623.1	3467	3602	1
CP142623.1	3602	3629	2
CP142623.1	3629	3707	3
CP142623.1	3707	3827	2
CP142623.1	3827	3901	1
CP142623.1	3901	3977	0
CP142623.1	3977	4020	1
CP142623.1	4020	4022	2
CP142623.1	4022	4024	1
CP142623.1	4024	4045	2
CP142623.1	4045	4070	1
CP142623.1	4070	4100	2
CP142623.1	4100	4118	3
CP142623.1	4118	4122	2
CP142623.1	4122	4164	1
CP142623.1	4164	4236	0
CP142623.1	4236	4536	1
CP142623.1	4536	4579	2
CP142623.1	4579	4661	3
CP142623.1	4661	4662	2
CP142623.1	4662	4675	3
CP142623.1	4675	4718	2
CP142623.1	4718	4743	1
CP142623.1	4743	4746	0
CP142623.1	4746	4788	1
CP142623.1	4788	4793	0
CP142623.1	4793	4903	1
CP142623.1	4903	4956	0
CP142623.1	4956	5039	1
CP142623.1	5039	5052	0
CP142623.1	5052	5116	1
CP142623.1	5116	5158	2
CP142623.1	5158	5196	3
CP142623.1	5196	5217	2
CP142623.1	5217	5266	1
CP142623.1	5266	5283	0
CP142623.1	5283	5344	1
CP142623.1	5344	5370	2
CP142623.1	5370	5373	1
CP142623.1	5373	5405	2
CP142623.1	5405	5462	3
CP142623.1	5462	5470	2
CP142623.1	5470	5481	3
CP142623.1	5481	5482	2
CP142623.1	5482	5494	3
CP142623.1	5494	5502	4
CP142623.1	5502	5505	3
CP142623.1	5505	5562	2
CP142623.1	5562	5603	1
CP142623.1	5603	5653	2
CP142623.1	5653	5676	1
CP142623.1	5676	5704	0
CP142623.1	5704	5784	1
CP142623.1	5784	5827	0
CP142623.1	5827	5829	1
CP142623.1	5829	6005	2
CP142623.1	6005	6006	3
CP142623.1	6006	6144	2
CP142623.1	6144	6149	3
CP142623.1	6149	6151	2
CP142623.1	6151	6220	1
CP142623.1	6220	6221	0
CP142623.1	6221	6232	1
CP142623.1	6232	6242	2
CP142623.1	6242	6243	1
CP142623.1	6243	6254	2
CP142623.1	6254	6266	3
CP142623.1	6266	6337	2
CP142623.1	6337	6353	1
CP142623.1	6353	6355	0
CP142623.1	6355	6356	1
CP142623.1	6356	6405	2
CP142623.1	6405	6416	3
CP142623.1	6416	6417	2
CP142623.1	6417	6448	3
CP142623.1	6448	6449	2
CP142623.1	6449	6457	3
CP142623.1	6457	6461	2
CP142623.1	6461	6511	3
CP142623.1	6511	6565	2
CP142623.1	6565	6644	1
CP142623.1	6644	6645	0
CP142623.1	6645	6697	1
CP142623.1	6697	6748	2
CP142623.1	6748	6857	1
CP142623.1	6857	6858	0
CP142623.1	6858	6890	1
CP142623.1	6890	6922	0
CP142623.1	6922	6959	1
CP142623.1	6959	7032	2
CP142623.1	7032	7077	3
CP142623.1	7077	7085	2
CP142623.1	7085	7175	1
CP142623.1	7175	7254	2
CP142623.1	7254	7268	3
CP142623.1	7268	7269	2
CP142623.1	7269	7270	1
CP142623.1	7270	7302	2
CP142623.1	7302	7321	1
CP142623.1	7321	7449	0
CP142623.1	7449	7479	1
CP142623.1	7479	7568	2
CP142623.1	7568	7618	3
CP142623.1	7618	7672	2
CP142623.1	7672	7701	1
CP142623.1	7701	7728	0
CP142623.1	7728	7879	1
CP142623.1	7879	8008	0
CP142623.1	8008	8029	1
CP142623.1	8029	8102	2
CP142623.1	8102	8110	1
CP142623.1	8110	8161	2
CP142623.1	8161	8229	1
CP142623.1	8229	8233	2
CP142623.1	8233	8281	3
CP142623.1	8281	8284	2
CP142623.1	8284	8349	3
CP142623.1	8349	8401	2
CP142623.1	8401	8406	3
CP142623.1	8406	8496	2
CP142623.1	8496	8497	1
CP142623.1	8497	8558	2
CP142623.1	8558	8559	0
CP142623.1	8559	8569	2
CP142623.1	8569	8597	3
CP142623.1	8597	8614	2
CP142623.1	8614	8669	1
CP142623.1	8669	8686	0
CP142623.1	8686	8699	1
CP142623.1	8699	8724	2
CP142623.1	8724	8812	1
CP142623.1	8812	8831	2
CP142623.1	8831	9162	1
CP142623.1	9162	9232	2
CP142623.1	9232	9236	1
CP142623.1	9236	9306	0
CP142623.1	9306	9367	1
CP142623.1	9367	9368	0
CP142623.1	9368	9528	1
CP142623.1	9528	9540	2
CP142623.1	9540	9560	3
CP142623.1	9560	9588	2
CP142623.1	9588	9629	3
CP142623.1	9629	9689	2
CP142623.1	9689	9872	1
CP142623.1	9872	9873	0
CP142623.1	9873	9949	1
CP142623.1	9949	9976	2
CP142623.1	9976	9978	1
CP142623.1	9978	10035	2
CP142623.1	10035	10163	1
CP142623.1	10163	10240	2
CP142623.1	10240	10252	1
CP142623.1	10252	10273	2
CP142623.1	10273	10320	3
CP142623.1	10320	10342	2
CP142623.1	10342	10353	1
CP142623.1	10353	10375	2
CP142623.1	10375	10376	1
CP142623.1	10376	10401	2
CP142623.1	10401	10453	1
CP142623.1	10453	10464	2
CP142623.1	10464	10540	1
CP142623.1	10540	10589	0
CP142623.1	10589	10604	1
CP142623.1	10604	10781	2
CP142623.1	10781	10971	1
CP142623.1	10971	11060	0
CP142623.1	11060	11308	1
CP142623.1	11308	11445	0
CP142623.1	11445	11451	1
CP142623.1	11451	11481	2
CP142623.1	11481	11482	1
CP142623.1	11482	11525	2
CP142623.1	11525	11595	3
CP142623.1	11595	11596	2
CP142623.1	11596	11609	3
CP142623.1	11609	11621	4
CP142623.1	11621	11667	3
CP142623.1	11667	11668	2
CP142623.1	11668	11687	3
CP142623.1	11687	11697	2
CP142623.1	11697	11724	1
CP142623.1	11724	11938	0
CP142623.1	11938	12010	1
CP142623.1	12010	12104	2
CP142623.1	12104	12167	1
CP142623.1	12167	12254	2
CP142623.1	12254	12308	1
CP142623.1	12308	12335	0
CP142623.1	12335	12378	1
CP142623.1	12378	12429	2
CP142623.1	12429	12453	1
CP142623.1	12453	12528	0
CP142623.1	12528	12581	1
CP142623.1	12581	12616	2
CP142623.1	12616	12637	1
CP142623.1	12637	12685	2
CP142623.1	12685	12700	1
CP142623.1	12700	12770	2
CP142623.1	12770	12804	3
CP142623.1	12804	12806	2
CP142623.1	12806	12883	3
CP142623.1	12883	12923	2
CP142623.1	12923	12929	1
CP142623.1	12929	12933	0
CP142623.1	12933	12946	2
CP142623.1	12946	12970	3
CP142623.1	12970	13009	4
CP142623.1	13009	13017	3
CP142623.1	13017	13036	2
CP142623.1	13036	13043	1
CP142623.1	13043	13045	2
CP142623.1	13045	13105	1
CP142623.1	13105	13120	0
CP142623.1	13120	13154	1
CP142623.1	13154	13294	2
CP142623.1	13294	13300	1
CP142623.1	13300	13320	0
CP142623.1	13320	13369	1
CP142623.1	13369	13389	2
CP142623.1	13389	13392	3
CP142623.1	13392	13440	4
CP142623.1	13440	13462	3
CP142623.1	13462	13463	2
CP142623.1	13463	13479	1
CP142623.1	13479	13506	0
CP142623.1	13506	13514	1
CP142623.1	13514	13598	2
CP142623.1	13598	13606	1
CP142623.1	13606	13627	0
CP142623.1	13627	13724	1
CP142623.1	13724	13741	0
CP142623.1	13741	13771	1
CP142623.1	13771	13848	2
CP142623.1	13848	13850	1
CP142623.1	13850	13871	0
CP142623.1	13871	13877	1
CP142623.1	13877	13916	2
CP142623.1	13916	13937	3
CP142623.1	13937	13938	2
CP142623.1	13938	13953	3
CP142623.1	13953	13970	4
CP142623.1	13970	13971	3
CP142623.1	13971	13979	4
CP142623.1	13979	13981	3
CP142623.1	13981	13984	4
CP142623.1	13984	14015	3
CP142623.1	14015	14100	2
CP142623.1	14100	14224	1
CP142623.1	14224	14277	0
CP142623.1	14277	14288	1
CP142623.1	14288	14298	2
CP142623.1	14298	14299	0
CP142623.1	14299	14334	2
CP142623.1	14334	14335	1
CP142623.1	14335	14336	0
CP142623.1	14336	14366	1
CP142623.1	14366	14622	0
CP142623.1	14622	14728	1
CP142623.1	14728	14752	2
CP142623.1	14752	14764	1
CP142623.1	14764	14809	2
CP142623.1	14809	14810	3
CP142623.1	14810	14832	4
CP142623.1	14832	14863	3
CP142623.1	14863	14864	1
CP142623.1	14864	14889	3
CP142623.1	14889	14896	2
CP142623.1	14896	14897	3
CP142623.1	14897	14937	2
CP142623.1	14937	14939	1
CP142623.1	14939	14994	2
CP142623.1	14994	15025	1
CP142623.1	15025	15028	2
CP142623.1	15028	15061	1
CP142623.1	15061	15126	2
CP142623.1	15126	15146	1
CP142623.1	15146	15244	2
CP142623.1	15244	15245	0
CP142623.1	15245	15265	2
CP142623.1	15265	15297	1
CP142623.1	15297	15385	0
CP142623.1	15385	15456	1
CP142623.1	15456	15523	2
CP142623.1	15523	15599	1
CP142623.1	15599	15600	0
CP142623.1	15600	15616	1
CP142623.1	15616	15689	2
CP142623.1	15689	15874	1
CP142623.1	15874	15883	2
CP142623.1	15883	16041	1
CP142623.1	16041	16088	0
CP142623.1	16088	16222	1
CP142623.1	16222	16252	2
CP142623.1	16252	16265	3
CP142623.1	16265	16386	2
CP142623.1	16386	16416	3
CP142623.1	16416	16435	2
CP142623.1	16435	16437	1
CP142623.1	16437	16489	2
CP142623.1	16489	16515	1
CP142623.1	16515	16516	2
CP142623.1	16516	16517	1
CP142623.1	16517	16547	2
CP142623.1	16547	16586	3
CP142623.1	16586	16596	2
CP142623.1	16596	16598	1
CP142623.1	16598	16675	0
CP142623.1	16675	16856	1
CP142623.1	16856	16944	0
CP142623.1	16944	17006	1
CP142623.1	17006	17014	2
CP142623.1	17014	17015	1
CP142623.1	17015	17072	2
CP142623.1	17072	17112	1
CP142623.1	17112	17179	2
CP142623.1	17179	17306	1
CP142623.1	17306	17379	0
CP142623.1	17379	17391	1
CP142623.1	17391	17394	2
CP142623.1	17394	17441	3
CP142623.1	17441	17485	2
CP142623.1	17485	17486	1
CP142623.1	17486	17490	2
CP142623.1	17490	17501	3
CP142623.1	17501	17605	2
CP142623.1	17605	17675	1
CP142623.1	17675	17787	0
CP142623.1	17787	17879	3
CP142623.1	17879	17990	0
CP142623.1	17990	18045	1
CP142623.1	18045	18173	0
CP142623.1	18173	18191	1
CP142623.1	18191	18222	2
CP142623.1	18222	18225	3
CP142623.1	18225	18229	2
CP142623.1	18229	18242	3
CP142623.1	18242	18307	5
CP142623.1	18307	18312	4
CP142623.1	18312	18315	3
CP142623.1	18315	18334	4
CP142623.1	18334	18353	3
CP142623.1	18353	18382	2
CP142623.1	18382	18384	1
CP142623.1	18384	18389	2
CP142623.1	18389	18455	3
CP142623.1	18455	18458	2
CP142623.1	18458	18472	1
CP142623.1	18472	18506	2
CP142623.1	18506	18520	1
CP142623.1	18520	18630	0
CP142623.1	18630	18639	1
CP142623.1	18639	18690	3
CP142623.1	18690	18709	2
CP142623.1	18709	18760	1
CP142623.1	18760	18882	0
CP142623.1	18882	18885	1
CP142623.1	18885	18886	0
CP142623.1	18886	18957	1
CP142623.1	18957	18994	2
CP142623.1	18994	19007	1
CP142623.1	19007	19177	0
CP142623.1	19177	19178	1
CP142623.1	19178	19257	2
CP142623.1	19257	19264	1
CP142623.1	19264	19267	2
CP142623.1	19267	19304	1
CP142623.1	19304	19327	2
CP142623.1	19327	19333	1
CP142623.1	19333	19334	0
CP142623.1	19334	19415	1
CP142623.1	19415	19479	0
CP142623.1	19479	19492	1
CP142623.1	19492	19577	2
CP142623.1	19577	19604	3
CP142623.1	19604	19610	2
CP142623.1	19610	19651	3
CP142623.1	19651	19729	2
CP142623.1	19729	19752	1
CP142623.1	19752	19863	0
CP142623.1	19863	19933	1
CP142623.1	19933	19964	2
CP142623.1	19964	19989	3
CP142623.1	19989	20002	2
CP142623.1	20002	20030	1
CP142623.1	20030	20039	2
CP142623.1	20039	20337	1
CP142623.1	20337	20346	2
CP142623.1	20346	20428	1
CP142623.1	20428	20536	0
CP142623.1	20536	20540	1
CP142623.1	20540	20583	2
CP142623.1	20583	20586	3
CP142623.1	20586	20587	2
CP142623.1	20587	20603	3
CP142623.1	20603	20605	2
CP142623.1	20605	20609	3
CP142623.1	20609	20610	2
CP142623.1	20610	20612	1
CP142623.1	20612	20690	2
CP142623.1	20690	20692	1
CP142623.1	20692	20706	2
CP142623.1	20706	20716	1
CP142623.1	20716	20832	2
CP142623.1	20832	20866	1
CP142623.1	20866	20973	0
CP142623.1	20973	21038	1
CP142623.1	21038	21043	2
CP142623.1	21043	21057	1
CP142623.1	21057	21058	0
CP142623.1	21058	21160	1
CP142623.1	21160	21203	2
CP142623.1	21203	21212	3
CP142623.1	21212	21213	2
CP142623.1	21213	21250	3
CP142623.1	21250	21281	4
CP142623.1	21281	21364	3
CP142623.1	21364	21366	2
CP142623.1	21366	21367	1
CP142623.1	21367	21377	2
CP142623.1	21377	21380	1
CP142623.1	21380	21433	2
CP142623.1	21433	21460	3
CP142623.1	21460	21486	2
CP142623.1	21486	21514	1
CP142623.1	21514	21604	0
CP142623.1	21604	21643	1
CP142623.1	21643	21660	0
CP142623.1	21660	21722	1
CP142623.1	21722	21728	0
CP142623.1	21728	21819	1
CP142623.1	21819	21854	0
CP142623.1	21854	22023	1
CP142623.1	22023	22024	2
CP142623.1	22024	22062	3
CP142623.1	22062	22079	4
CP142623.1	22079	22092	3
CP142623.1	22092	22100	4
CP142623.1	22100	22105	3
CP142623.1	22105	22121	2
CP142623.1	22121	22178	1
CP142623.1	22178	22183	2
CP142623.1	22183	22283	1
CP142623.1	22283	22294	0
CP142623.1	22294	22350	1
CP142623.1	22350	22384	2
CP142623.1	22384	22385	1
CP142623.1	22385	22420	2
CP142623.1	22420	22421	1
CP142623.1	22421	22483	0
CP142623.1	22483	22580	1
CP142623.1	22580	22758	0
CP142623.1	22758	22844	1
CP142623.1	22844	22864	2
CP142623.1	22864	22887	3
CP142623.1	22887	22921	4
CP142623.1	22921	22924	3
CP142623.1	22924	22956	4
CP142623.1	22956	22958	3
CP142623.1	22958	22962	2
CP142623.1	22962	22989	1
CP142623.1	22989	23113	0
CP142623.1	23113	23234	1
CP142623.1	23234	23383	2
CP142623.1	23383	23396	1
CP142623.1	23396	23418	2
CP142623.1	23418	23431	1
CP142623.1	23431	23445	0
CP142623.1	23445	23483	1
CP142623.1	23483	23493	0
CP142623.1	23493	23526	1
CP142623.1	23526	23553	0
CP142623.1	23553	23659	1
CP142623.1	23659	23674	0
CP142623.1	23674	23757	1
CP142623.1	23757	23782	0
CP142623.1	23782	23792	1
CP142623.1	23792	23889	2
CP142623.1	23889	23929	3
CP142623.1	23929	23948	2
CP142623.1	23948	23961	3
CP142623.1	23961	23985	2
CP142623.1	23985	24050	1
CP142623.1	24050	24181	0
CP142623.1	24181	24211	1
CP142623.1	24211	24262	2
CP142623.1	24262	24391	1
CP142623.1	24391	24462	0
CP142623.1	24462	24471	1
CP142623.1	24471	24507	2
CP142623.1	24507	24527	3
CP142623.1	24527	24548	2
CP142623.1	24548	24549	0
CP142623.1	24549	24569	2
CP142623.1	24569	24628	1
CP142623.1	24628	24646	2
CP142623.1	24646	24706	3
CP142623.1	24706	24720	2
CP142623.1	24720	24746	1
CP142623.1	24746	24747	0
CP142623.1	24747	24771	1
CP142623.1	24771	24772	0
CP142623.1	24772	24919	1
CP142623.1	24919	24934	0
CP142623.1	24934	25002	1
CP142623.1	25002	25069	2
CP142623.1	25069	25128	3
CP142623.1	25128	25219	2
CP142623.1	25219	25240	1
CP142623.1	25240	25284	2
CP142623.1	25284	25298	3
CP142623.1	25298	25329	4
CP142623.1	25329	25333	3
CP142623.1	25333	25338	4
CP142623.1	25338	25358	3
CP142623.1	25358	25362	4
CP142623.1	25362	25365	3
CP142623.1	25365	25374	4
CP142623.1	25374	25390	3
CP142623.1	25390	25419	4
CP142623.1	25419	25420	3
CP142623.1	25420	25426	2
CP142623.1	25426	25432	1
CP142623.1	25432	25466	2
CP142623.1	25466	25467	3
CP142623.1	25467	25477	1
CP142623.1	25477	25540	2
CP142623.1	25540	25541	1
CP142623.1	25541	25602	2
CP142623.1	25602	25622	3
CP142623.1	25622	25629	4
CP142623.1	25629	25646	5
CP142623.1	25646	25668	6
CP142623.1	25668	25669	5
CP142623.1	25669	25678	6
CP142623.1	25678	25681	5
CP142623.1	25681	25705	6
CP142623.1	25705	25739	5
CP142623.1	25739	25759	4
CP142623.1	25759	25774	3
CP142623.1	25774	25777	0
CP142623.1	25777	25780	3
CP142623.1	25780	25805	4
CP142623.1	25805	25806	2
CP142623.1	25806	25852	1
CP142623.1	25852	25913	2
CP142623.1	25913	25915	1
CP142623.1	25915	25918	2
CP142623.1	25918	25921	1
CP142623.1	25921	25944	2
CP142623.1	25944	25986	3
CP142623.1	25986	26014	4
CP142623.1	26014	26033	3
CP142623.1	26033	26041	4
CP142623.1	26041	26104	5
CP142623.1	26104	26114	4
CP142623.1	26114	26136	3
CP142623.1	26136	26158	4
CP142623.1	26158	26186	3
CP142623.1	26186	26231	2
CP142623.1	26231	26264	1
CP142623.1	26264	26298	2
CP142623.1	26298	26320	3
CP142623.1	26320	26323	4
CP142623.1	26323	26364	5
CP142623.1	26364	26378	4
CP142623.1	26378	26436	5
CP142623.1	26436	26446	6
CP142623.1	26446	26464	5
CP142623.1	26464	26465	4
CP142623.1	26465	26481	5
CP142623.1	26481	26482	0
CP142623.1	26482	26496	5
CP142623.1	26496	26533	4
CP142623.1	26533	26544	3
CP142623.1	26544	26563	4
CP142623.1	26563	26627	3
CP142623.1	26627	26644	2
CP142623.1	26644	26667	3
CP142623.1	26667	26712	2
CP142623.1	26712	26796	1
CP142623.1	26796	26799	0
CP142623.1	26799	26877	1
CP142623.1	26877	26878	0
CP142623.1	26878	26934	1
CP142623.1	26934	27026	0
CP142623.1	27026	27075	1
CP142623.1	27075	27076	0
CP142623.1	27076	27129	1
CP142623.1	27129	27172	0
CP142623.1	27172	27179	1
CP142623.1	27179	27205	2
CP142623.1	27205	27235	3
CP142623.1	27235	27286	4
CP142623.1	27286	27327	3
CP142623.1	27327	27358	2
CP142623.1	27358	27363	1
CP142623.1	27363	27468	0
CP142623.1	27468	27485	1
CP142623.1	27485	27500	2
CP142623.1	27500	27539	3
CP142623.1	27539	27557	5
CP142623.1	27557	27558	3
CP142623.1	27558	27565	5
CP142623.1	27565	27612	4
CP142623.1	27612	27737	3
CP142623.1	27737	27738	1
CP142623.1	27738	27741	2
CP142623.1	27741	27833	3
CP142623.1	27833	27837	2
CP142623.1	27837	27859	3
CP142623.1	27859	27889	1
CP142623.1	27889	27890	0
CP142623.1	27890	27954	1
CP142623.1	27954	27996	2
CP142623.1	27996	27997	1
CP142623.1	27997	28086	2
CP142623.1	28086	28104	3
CP142623.1	28104	28105	2
CP142623.1	28105	28131	3
CP142623.1	28131	28161	2
CP142623.1	28161	28177	3
CP142623.1	28177	28188	4
CP142623.1	28188	28193	3
CP142623.1	28193	28194	1
CP142623.1	28194	28195	3
CP142623.1	28195	28222	4
CP142623.1	28222	28231	5
CP142623.1	28231	28232	3
CP142623.1	28232	28244	5
CP142623.1	28244	28255	6
CP142623.1	28255	28256	5
CP142623.1	28256	28259	4
CP142623.1	28259	28261	2
CP142623.1	28261	28262	3
CP142623.1	28262	28280	4
CP142623.1	28280	28281	3
CP142623.1	28281	28282	2
CP142623.1	28282	28307	4
CP142623.1	28307	28308	2
CP142623.1	28308	28325	4
CP142623.1	28325	28326	0
CP142623.1	28326	28349	4
CP142623.1	28349	28393	3
CP142623.1	28393	28414	4
CP142623.1	28414	28415	3
CP142623.1	28415	28458	4
CP142623.1	28458	28470	5
CP142623.1	28470	28474	6
CP142623.1	28474	28507	5
CP142623.1	28507	28510	4
CP142623.1	28510	28511	3
CP142623.1	28511	28512	2
CP142623.1	28512	28513	3
CP142623.1	28513	28516	2
CP142623.1	28516	28520	1
CP142623.1	28520	28549	2
CP142623.1	28549	28593	1
CP142623.1	28593	28635	2
CP142623.1	28635	28663	1
CP142623.1	28663	28669	2
CP142623.1	28669	28722	1
CP142623.1	28722	28744	0
CP142623.1	28744	28808	1
CP142623.1	28808	28921	0
CP142623.1	28921	28973	1
CP142623.1	28973	29039	2
CP142623.1	29039	29041	1
CP142623.1	29041	29057	0
CP142623.1	29057	29063	1
CP142623.1	29063	29078	2
CP142623.1	29078	29101	3
CP142623.1	29101	29158	2
CP142623.1	29158	29273	1
CP142623.1	29273	29384	0
CP142623.1	29384	29395	1
CP142623.1	29395	29416	2
CP142623.1	29416	29417	1
CP142623.1	29417	29422	2
CP142623.1	29422	29468	3
CP142623.1	29468	29471	0
CP142623.1	29471	29488	3
CP142623.1	29488	29489	2
CP142623.1	29489	29572	3
CP142623.1	29572	29582	2
CP142623.1	29582	29623	1
CP142623.1	29623	29643	0
CP142623.1	29643	29703	1
CP142623.1	29703	29730	0
CP142623.1	29730	29781	1
CP142623.1	29781	29782	2
CP142623.1	29782	29803	3
CP142623.1	29803	29804	0
CP142623.1	29804	29806	2
CP142623.1	29806	29850	3
CP142623.1	29850	29855	2
CP142623.1	29855	29866	1
CP142623.1	29866	29867	2
CP142623.1	29867	29897	3
CP142623.1	29897	29905	2
CP142623.1	29905	29932	3
CP142623.1	29932	29952	4
CP142623.1	29952	29953	3
CP142623.1	29953	29990	4
CP142623.1	29990	29998	3
CP142623.1	29998	30005	4
CP142623.1	30005	30009	3
CP142623.1	30009	30059	4
CP142623.1	30059	30061	3
CP142623.1	30061	30085	2
CP142623.1	30085	30102	3
CP142623.1	30102	30111	2
CP142623.1	30111	30119	3
CP142623.1	30119	30120	2
CP142623.1	30120	30141	3
CP142623.1	30141	30144	2
CP142623.1	30144	30163	3
CP142623.1	30163	30191	2
CP142623.1	30191	30192	1
CP142623.1	30192	30279	0
CP142623.1	30279	30314	1
CP142623.1	30314	30328	2
CP142623.1	30328	30329	1
CP142623.1	30329	30333	2
CP142623.1	30333	30344	3
CP142623.1	30344	30413	2
CP142623.1	30413	30416	3
CP142623.1	30416	30448	4
CP142623.1	30448	30459	3
CP142623.1	30459	30473	4
CP142623.1	30473	30488	3
CP142623.1	30488	30496	2
CP142623.1	30496	30600	1
CP142623.1	30600	30638	0
CP142623.1	30638	30640	1
CP142623.1	30640	30731	2
CP142623.1	30731	30732	1
CP142623.1	30732	30740	2
CP142623.1	30740	30752	1
CP142623.1	30752	30792	2
CP142623.1	30792	30831	1
CP142623.1	30831	30838	2
CP142623.1	30838	30881	3
CP142623.1	30881	30923	2
CP142623.1	30923	30964	1
CP142623.1	30964	31066	0
CP142623.1	31066	31123	1
CP142623.1	31123	31257	0
CP142623.1	31257	31280	1
CP142623.1	31280	31290	0
CP142623.1	31290	31348	1
CP142623.1	31348	31369	2
CP142623.1	31369	31371	1
CP142623.1	31371	31373	2
CP142623.1	31373	31471	3
CP142623.1	31471	31489	2
CP142623.1	31489	31503	1
CP142623.1	31503	31522	2
CP142623.1	31522	31524	0
CP142623.1	31524	31525	1
CP142623.1	31525	31533	2
CP142623.1	31533	31535	3
CP142623.1	31535	31536	2
CP142623.1	31536	31556	3
CP142623.1	31556	31567	2
CP142623.1	31567	31598	1
CP142623.1	31598	31605	0
CP142623.1	31605	31649	1
CP142623.1	31649	31663	2
CP142623.1	31663	31664	1
CP142623.1	31664	31746	2
CP142623.1	31746	31753	1
CP142623.1	31753	31789	2
CP142623.1	31789	31851	1
CP142623.1	31851	31884	0
CP142623.1	31884	31898	1
CP142623.1	31898	31899	0
CP142623.1	31899	31992	1
CP142623.1	31992	32018	2
CP142623.1	32018	32021	3
CP142623.1	32021	32056	4
CP142623.1	32056	32057	3
CP142623.1	32057	32063	4
CP142623.1	32063	32079	3
CP142623.1	32079	32082	2
CP142623.1	32082	32093	1
CP142623.1	32093	32330	0
CP142623.1	32330	32448	1
CP142623.1	32448	32601	0
CP142623.1	32601	32701	1
CP142623.1	32701	32703	2
CP142623.1	32703	32885	1
CP142623.1	32885	32917	2
CP142623.1	32917	32918	1
CP142623.1	32918	32922	2
CP142623.1	32922	32990	1
CP142623.1	32990	33042	2
CP142623.1	33042	33045	1
CP142623.1	33045	33121	0
CP142623.1	33121	33219	1
CP142623.1	33219	33323	2
CP142623.1	33323	33335	1
CP142623.1	33335	33414	2
CP142623.1	33414	33467	3
CP142623.1	33467	33544	2
CP142623.1	33544	33576	3
CP142623.1	33576	33685	2
CP142623.1	33685	33741	3
CP142623.1	33741	33819	2
CP142623.1	33819	33850	1
CP142623.1	33850	33900	2
CP142623.1	33900	33922	3
CP142623.1	33922	34029	2
CP142623.1	34029	34067	1
CP142623.1	34067	34102	2
CP142623.1	34102	34122	1
CP142623.1	34122	34140	2
CP142623.1	34140	34190	1
CP142623.1	34190	34431	0
CP142623.1	34431	34434	1
CP142623.1	34434	34503	2
CP142623.1	34503	34511	3
CP142623.1	34511	34549	2
CP142623.1	34549	34550	1
CP142623.1	34550	34573	2
CP142623.1	34573	34609	3
CP142623.1	34609	34642	2
CP142623.1	34642	34649	1
CP142623.1	34649	34672	2
CP142623.1	34672	34717	1
CP142623.1	34717	34753	0
CP142623.1	34753	34812	1
CP142623.1	34812	34862	2
CP142623.1	34862	34864	1
CP142623.1	34864	34986	2
CP142623.1	34986	35038	3
CP142623.1	35038	35049	4
CP142623.1	35049	35053	3
CP142623.1	35053	35074	2
CP142623.1	35074	35104	1
CP142623.1	35104	35109	2
CP142623.1	35109	35152	1
CP142623.1	35152	35172	2
CP142623.1	35172	35250	1
CP142623.1	35250	35263	2
CP142623.1	35263	35265	3
CP142623.1	35265	35318	2
CP142623.1	35318	35320	3
CP142623.1	35320	35323	2
CP142623.1	35323	35328	3
CP142623.1	35328	35438	2
CP142623.1	35438	35439	1
CP142623.1	35439	35463	2
CP142623.1	35463	35473	3
CP142623.1	35473	35602	2
CP142623.1	35602	35755	1
CP142623.1	35755	35797	2
CP142623.1	35797	35799	1
CP142623.1	35799	35858	2
CP142623.1	35858	35899	1
CP142623.1	35899	36000	2
CP142623.1	36000	36013	3
CP142623.1	36013	36068	2
CP142623.1	36068	36122	3
CP142623.1	36122	36135	2
CP142623.1	36135	36153	1
CP142623.1	36153	36172	2
CP142623.1	36172	36233	1
CP142623.1	36233	36295	0
CP142623.1	36295	36385	1
CP142623.1	36385	36449	0
CP142623.1	36449	36457	1
CP142623.1	36457	36481	2
CP142623.1	36481	36563	3
CP142623.1	36563	36600	2
CP142623.1	36600	36614	1
CP142623.1	36614	36678	0
CP142623.1	36678	36733	1
CP142623.1	36733	36773	2
CP142623.1	36773	36774	1
CP142623.1	36774	36784	2
CP142623.1	36784	36787	1
CP142623.1	36787	36814	2
CP142623.1	36814	36836	3
CP142623.1	36836	36837	2
CP142623.1	36837	36874	3
CP142623.1	36874	36907	2
CP142623.1	36907	36981	1
CP142623.1	36981	37032	2
CP142623.1	37032	37034	1
CP142623.1	37034	37035	0
CP142623.1	37035	37106	1
CP142623.1	37106	37134	2
CP142623.1	37134	37262	1
CP142623.1	37262	37309	0
CP142623.1	37309	37344	1
CP142623.1	37344	37363	2
CP142623.1	37363	37371	3
CP142623.1	37371	37455	2
CP142623.1	37455	37473	1
CP142623.1	37473	37474	0
CP142623.1	37474	37530	1
CP142623.1	37530	37532	0
CP142623.1	37532	37542	1
CP142623.1	37542	37560	2
CP142623.1	37560	37565	3
CP142623.1	37565	37567	2
CP142623.1	37567	37571	1
CP142623.1	37571	37618	2
CP142623.1	37618	37648	3
CP142623.1	37648	37649	2
CP142623.1	37649	37663	3
CP142623.1	37663	37686	2
CP142623.1	37686	37722	3
CP142623.1	37722	37728	2
CP142623.1	37728	37730	1
CP142623.1	37730	37731	0
CP142623.1	37731	37770	1
CP142623.1	37770	37863	0
CP142623.1	37863	37894	1
CP142623.1	37894	37899	2
CP142623.1	37899	37971	3
CP142623.1	37971	38019	4
CP142623.1	38019	38035	3
CP142623.1	38035	38048	2
CP142623.1	38048	38049	1
CP142623.1	38049	38058	2
CP142623.1	38058	38066	3
CP142623.1	38066	38080	4
CP142623.1	38080	38084	5
CP142623.1	38084	38085	4
CP142623.1	38085	38100	5
CP142623.1	38100	38118	4
CP142623.1	38118	38136	5
CP142623.1	38136	38173	4
CP142623.1	38173	38174	3
CP142623.1	38174	38212	2
CP142623.1	38212	38301	3
CP142623.1	38301	38339	4
CP142623.1	38339	38347	5
CP142623.1	38347	38348	2
CP142623.1	38348	38356	4
CP142623.1	38356	38357	3
CP142623.1	38357	38421	4
CP142623.1	38421	38442	3
CP142623.1	38442	38481	2
CP142623.1	38481	38487	3
CP142623.1	38487	38518	2
CP142623.1	38518	38558	3
CP142623.1	38558	38573	2
CP142623.1	38573	38590	3
CP142623.1	38590	38603	2
CP142623.1	38603	38645	3
CP142623.1	38645	38650	4
CP142623.1	38650	38666	3
CP142623.1	38666	38672	4
CP142623.1	38672	38697	3
CP142623.1	38697	38698	2
CP142623.1	38698	38756	3
CP142623.1	38756	38759	2
CP142623.1	38759	38767	3
CP142623.1	38767	38784	2
CP142623.1	38784	38785	1
CP142623.1	38785	38816	2
CP142623.1	38816	38895	3
CP142623.1	38895	38941	2
CP142623.1	38941	38944	1
CP142623.1	38944	39023	2
CP142623.1	39023	39029	1
CP142623.1	39029	39084	0
CP142623.1	39084	39120	1
CP142623.1	39120	39163	2
CP142623.1	39163	39167	3
CP142623.1	39167	39168	2
CP142623.1	39168	39175	3
CP142623.1	39175	39211	2
CP142623.1	39211	39261	1
CP142623.1	39261	39355	0
CP142623.1	39355	39388	1
CP142623.1	39388	39451	2
CP142623.1	39451	39455	1
CP142623.1	39455	39477	0
CP142623.1	39477	39559	1
CP142623.1	39559	39602	0
CP142623.1	39602	39625	1
CP142623.1	39625	39661	2
CP142623.1	39661	39703	1
CP142623.1	39703	39750	2
CP142623.1	39750	39780	1
CP142623.1	39780	39837	0
CP142623.1	39837	39898	1
CP142623.1	39898	39904	0
CP142623.1	39904	39905	1
CP142623.1	39905	39966	2
CP142623.1	39966	39997	3
CP142623.1	39997	40015	4
CP142623.1	40015	40016	3
CP142623.1	40016	40075	4
CP142623.1	40075	40114	3
CP142623.1	40114	40116	2
CP142623.1	40116	40165	1
CP142623.1	40165	40260	0
CP142623.1	40260	40269	1
CP142623.1	40269	40286	2
CP142623.1	40286	40310	3
CP142623.1	40310	40311	4
CP142623.1	40311	40317	3
CP142623.1	40317	40356	4
CP142623.1	40356	40399	3
CP142623.1	40399	40441	4
CP142623.1	40441	40453	3
CP142623.1	40453	40511	1
CP142623.1	40511	40567	0
CP142623.1	40567	40619	1
CP142623.1	40619	40642	2
CP142623.1	40642	40673	1
CP142623.1	40673	40674	0
CP142623.1	40674	40780	1
CP142623.1	40780	40781	0
CP142623.1	40781	40812	1
CP142623.1	40812	40814	0
CP142623.1	40814	40819	1
CP142623.1	40819	40862	2
CP142623.1	40862	40863	1
CP142623.1	40863	40908	2
CP142623.1	40908	40911	1
CP142623.1	40911	40916	2
CP142623.1	40916	40936	1
CP142623.1	40936	40953	2
CP142623.1	40953	40955	1
CP142623.1	40955	41004	2
CP142623.1	41004	41073	1
CP142623.1	41073	41207	2
CP142623.1	41207	41263	1
CP142623.1	41263	41278	2
CP142623.1	41278	41292	3
CP142623.1	41292	41321	2
CP142623.1	41321	41325	1
CP142623.1	41325	41326	2
CP142623.1	41326	41400	1
CP142623.1	41400	41417	0
CP142623.1	41417	41426	1
CP142623.1	41426	41537	2
CP142623.1	41537	41538	1
CP142623.1	41538	41576	2
CP142623.1	41576	41689	1
CP142623.1	41689	41714	2
CP142623.1	41714	41717	1
CP142623.1	41717	41719	2
CP142623.1	41719	41726	1
CP142623.1	41726	41770	2
CP142623.1	41770	41786	1
CP142623.1	41786	41850	2
CP142623.1	41850	41853	3
CP142623.1	41853	41863	2
CP142623.1	41863	41886	1
CP142623.1	41886	41909	2
CP142623.1	41909	41921	1
CP142623.1	41921	41929	0
CP142623.1	41929	42028	1
CP142623.1	42028	42029	0
CP142623.1	42029	42041	1
CP142623.1	42041	42044	0
CP142623.1	42044	42101	1
CP142623.1	42101	42158	2
CP142623.1	42158	42219	3
CP142623.1	42219	42253	2
CP142623.1	42253	42255	1
CP142623.1	42255	42292	2
CP142623.1	42292	42340	1
CP142623.1	42340	42348	0
CP142623.1	42348	42417	1
CP142623.1	42417	42586	2
CP142623.1	42586	42598	1
CP142623.1	42598	42611	2
CP142623.1	42611	42634	3
CP142623.1	42634	42635	2
CP142623.1	42635	42661	3
CP142623.1	42661	42670	2
CP142623.1	42670	42683	1
CP142623.1	42683	42684	0
CP142623.1	42684	42741	1
CP142623.1	42741	42742	0
CP142623.1	42742	42776	1
CP142623.1	42776	42801	0
CP142623.1	42801	42821	1
CP142623.1	42821	42854	2
CP142623.1	42854	42860	1
CP142623.1	42860	42882	2
CP142623.1	42882	42892	3
CP142623.1	42892	42913	2
CP142623.1	42913	43040	3
CP142623.1	43040	43054	2
CP142623.1	43054	43055	3
CP142623.1	43055	43082	2
CP142623.1	43082	43083	1
CP142623.1	43083	43089	2
CP142623.1	43089	43093	1
CP142623.1	43093	43199	2
CP142623.1	43199	43200	1
CP142623.1	43200	43207	2
CP142623.1	43207	43246	1
CP142623.1	43246	43302	2
CP142623.1	43302	43309	3
CP142623.1	43309	43337	2
CP142623.1	43337	43340	1
CP142623.1	43340	43370	0
CP142623.1	43370	43383	1
CP142623.1	43383	43442	2
CP142623.1	43442	43446	3
CP142623.1	43446	43511	2
CP142623.1	43511	43530	1
CP142623.1	43530	43598	2
CP142623.1	43598	43653	1
CP142623.1	43653	43657	2
CP142623.1	43657	43727	3
CP142623.1	43727	43799	2
CP142623.1	43799	43826	3
CP142623.1	43826	43853	4
CP142623.1	43853	43897	3
CP142623.1	43897	43918	2
CP142623.1	43918	44011	1
CP142623.1	44011	44075	2
CP142623.1	44075	44096	1
CP142623.1	44096	44263	0
CP142623.1	44263	44308	1
CP142623.1	44308	44341	2
CP142623.1	44341	44445	1
CP142623.1	44445	44447	2
CP142623.1	44447	44467	3
CP142623.1	44467	44477	2
CP142623.1	44477	44480	3
CP142623.1	44480	44520	4
CP142623.1	44520	44535	5
CP142623.1	44535	44555	4
CP142623.1	44555	44572	3
CP142623.1	44572	44585	4
CP142623.1	44585	44605	5
CP142623.1	44605	44637	4
CP142623.1	44637	44647	5
CP142623.1	44647	44654	4
CP142623.1	44654	44658	3
CP142623.1	44658	44712	2
CP142623.1	44712	44730	1
CP142623.1	44730	44780	0
CP142623.1	44780	44937	1
CP142623.1	44937	44967	2
CP142623.1	44967	44987	3
CP142623.1	44987	45060	2
CP142623.1	45060	45084	1
CP142623.1	45084	45193	2
CP142623.1	45193	45202	1
CP142623.1	45202	45214	2
CP142623.1	45214	45245	3
CP142623.1	45245	45287	4
CP142623.1	45287	45360	3
CP142623.1	45360	45393	2
CP142623.1	45393	45412	3
CP142623.1	45412	45457	4
CP142623.1	45457	45499	5
CP142623.1	45499	45501	4
CP142623.1	45501	45508	3
CP142623.1	45508	45531	2
CP142623.1	45531	45589	1
CP142623.1	45589	45745	0
CP142623.1	45745	45760	1
CP142623.1	45760	45769	2
CP142623.1	45769	45798	3
CP142623.1	45798	45829	4
CP142623.1	45829	45864	3
CP142623.1	45864	45869	4
CP142623.1	45869	45941	3
CP142623.1	45941	45964	1
CP142623.1	45964	46001	2
CP142623.1	46001	46027	3
CP142623.1	46027	46038	2
CP142623.1	46038	46039	1
CP142623.1	46039	46042	2
CP142623.1	46042	46059	1
CP142623.1	46059	46062	2
CP142623.1	46062	46103	3
CP142623.1	46103	46110	4
CP142623.1	46110	46156	5
CP142623.1	46156	46191	4
CP142623.1	46191	46196	3
CP142623.1	46196	46254	2
CP142623.1	46254	46272	1
CP142623.1	46272	46277	2
CP142623.1	46277	46312	3
CP142623.1	46312	46325	2
CP142623.1	46325	46326	1
CP142623.1	46326	46329	2
CP142623.1	46329	46497	1
CP142623.1	46497	46721	0
CP142623.1	46721	46873	1
CP142623.1	46873	46882	2
CP142623.1	46882	46924	3
CP142623.1	46924	46966	2
CP142623.1	46966	47037	3
CP142623.1	47037	47128	2
CP142623.1	47128	47203	1
CP142623.1	47203	47388	0
CP142623.1	47388	47444	1
CP142623.1	47444	47456	2
CP142623.1	47456	47558	3
CP142623.1	47558	47615	2
CP142623.1	47615	47659	1
CP142623.1	47659	47684	2
CP142623.1	47684	47687	3
CP142623.1	47687	47697	4
CP142623.1	47697	47753	3
CP142623.1	47753	47818	2
CP142623.1	47818	47847	1
CP142623.1	47847	47856	2
CP142623.1	47856	47970	3
CP142623.1	47970	48059	2
CP142623.1	48059	48097	1
CP142623.1	48097	48098	0
CP142623.1	48098	48187	1
CP142623.1	48187	48192	0
CP142623.1	48192	48252	1
CP142623.1	48252	48268	0
CP142623.1	48268	48333	1
CP142623.1	48333	48344	2
CP142623.1	48344	48379	3
CP142623.1	48379	48398	2
CP142623.1	48398	48429	3
CP142623.1	48429	48430	2
CP142623.1	48430	48431	1
CP142623.1	48431	48452	2
CP142623.1	48452	48529	1
CP142623.1	48529	48614	0
CP142623.1	48614	48709	1
CP142623.1	48709	48747	2
CP142623.1	48747	48774	3
CP142623.1	48774	48775	2
CP142623.1	48775	48805	3
CP142623.1	48805	48811	4
CP142623.1	48811	48813	3
CP142623.1	48813	48909	2
CP142623.1	48909	48912	3
CP142623.1	48912	48958	2
CP142623.1	48958	48995	1
CP142623.1	48995	49042	2
CP142623.1	49042	49043	1
CP142623.1	49043	49048	2
CP142623.1	49048	49049	1
CP142623.1	49049	49078	2
CP142623.1	49078	49105	3
CP142623.1	49105	49142	2
CP142623.1	49142	49146	3
CP142623.1	49146	49147	2
CP142623.1	49147	49162	3
CP142623.1	49162	49163	2
CP142623.1	49163	49164	1
CP142623.1	49164	49167	3
CP142623.1	49167	49175	4
CP142623.1	49175	49192	3
CP142623.1	49192	49218	4
CP142623.1	49218	49232	3
CP142623.1	49232	49283	2
CP142623.1	49283	49330	1
CP142623.1	49330	49333	0
CP142623.1	49333	49475	1
CP142623.1	49475	49512	0
CP142623.1	49512	49639	1
CP142623.1	49639	49762	2
CP142623.1	49762	49763	1
CP142623.1	49763	49784	2
CP142623.1	49784	49791	1
CP142623.1	49791	49838	0
CP142623.1	49838	49912	1
CP142623.1	49912	49915	0
CP142623.1	49915	49927	1
CP142623.1	49927	49944	2
CP142623.1	49944	50123	1
CP142623.1	50123	50159	0
CP142623.1	50159	50176	1
CP142623.1	50176	50200	2
CP142623.1	50200	50205	3
CP142623.1	50205	50247	2
CP142623.1	50247	50279	3
CP142623.1	50279	50333	2
CP142623.1	50333	50334	1
CP142623.1	50334	50400	2
CP142623.1	50400	50408	1
CP142623.1	50408	50410	2
CP142623.1	50410	50411	1
CP142623.1	50411	50462	2
CP142623.1	50462	50467	3
CP142623.1	50467	50468	2
CP142623.1	50468	50517	3
CP142623.1	50517	50518	2
CP142623.1	50518	50544	1
CP142623.1	50544	50570	2
CP142623.1	50570	50623	3
CP142623.1	50623	50704	2
CP142623.1	50704	50826	1
CP142623.1	50826	50862	2
CP142623.1	50862	50886	3
CP142623.1	50886	50906	2
CP142623.1	50906	50939	3
CP142623.1	50939	50955	4
CP142623.1	50955	50956	3
CP142623.1	50956	50958	2
CP142623.1	50958	50972	3
CP142623.1	50972	51034	2
CP142623.1	51034	51041	3
CP142623.1	51041	51112	2
CP142623.1	51112	51255	1
CP142623.1	51255	51298	2
CP142623.1	51298	51358	3
CP142623.1	51358	51452	2
CP142623.1	51452	51461	1
CP142623.1	51461	51470	0
CP142623.1	51470	51547	1
CP142623.1	51547	51702	0
CP142623.1	51702	51785	1
CP142623.1	51785	51828	2
CP142623.1	51828	51829	1
CP142623.1	51829	51868	2
CP142623.1	51868	51887	1
CP142623.1	51887	51900	2
CP142623.1	51900	51963	3
CP142623.1	51963	51977	4
CP142623.1	51977	52033	3
CP142623.1	52033	52064	2
CP142623.1	52064	52088	3
CP142623.1	52088	52094	2
CP142623.1	52094	52114	3
CP142623.1	52114	52115	2
CP142623.1	52115	52135	3
CP142623.1	52135	52142	2
CP142623.1	52142	52168	3
CP142623.1	52168	52169	2
CP142623.1	52169	52170	1
CP142623.1	52170	52178	2
CP142623.1	52178	52197	1
CP142623.1	52197	52236	0
CP142623.1	52236	52622	1
CP142623.1	52622	52710	0
CP142623.1	52710	52795	1
CP142623.1	52795	52820	2
CP142623.1	52820	52859	3
CP142623.1	52859	52871	4
CP142623.1	52871	52895	3
CP142623.1	52895	52916	2
CP142623.1	52916	52939	1
CP142623.1	52939	52940	0
CP142623.1	52940	53010	2
CP142623.1	53010	53095	1
CP142623.1	53095	53102	0
CP142623.1	53102	53104	1
CP142623.1	53104	53189	2
CP142623.1	53189	53333	1
CP142623.1	53333	53358	2
CP142623.1	53358	53431	1
CP142623.1	53431	53449	2
CP142623.1	53449	53452	1
CP142623.1	53452	53456	2
CP142623.1	53456	53459	1
CP142623.1	53459	53462	2
CP142623.1	53462	53466	3
CP142623.1	53466	53494	2
CP142623.1	53494	53530	3
CP142623.1	53530	53531	1
CP142623.1	53531	53542	3
CP142623.1	53542	53549	2
CP142623.1	53549	53559	3
CP142623.1	53559	53591	2
CP142623.1	53591	53597	3
CP142623.1	53597	53598	2
CP142623.1	53598	53627	3
CP142623.1	53627	53651	4
CP142623.1	53651	53679	5
CP142623.1	53679	53681	4
CP142623.1	53681	53682	1
CP142623.1	53682	53683	4
CP142623.1	53683	53700	5
CP142623.1	53700	53706	4
CP142623.1	53706	53763	3
CP142623.1	53763	53805	4
CP142623.1	53805	53836	3
CP142623.1	53836	53852	4
CP142623.1	53852	53853	3
CP142623.1	53853	53868	4
CP142623.1	53868	53888	3
CP142623.1	53888	53889	2
CP142623.1	53889	53890	1
CP142623.1	53890	53895	2
CP142623.1	53895	53903	1
CP142623.1	53903	53984	0
CP142623.1	53984	54044	1
CP142623.1	54044	54165	0
CP142623.1	54165	54283	1
CP142623.1	54283	54284	0
CP142623.1	54284	54335	1
CP142623.1	54335	54387	2
CP142623.1	54387	54408	1
CP142623.1	54408	54425	2
CP142623.1	54425	54658	1
CP142623.1	54658	54773	0
CP142623.1	54773	54804	1
CP142623.1	54804	54805	0
CP142623.1	54805	54822	1
CP142623.1	54822	54840	0
CP142623.1	54840	54968	1
CP142623.1	54968	54988	2
CP142623.1	54988	54991	1
CP142623.1	54991	55088	2
CP142623.1	55088	55161	3
CP142623.1	55161	55162	2
CP142623.1	55162	55193	3
CP142623.1	55193	55198	2
CP142623.1	55198	55212	3
CP142623.1	55212	55233	2
CP142623.1	55233	55252	3
CP142623.1	55252	55299	4
CP142623.1	55299	55300	3
CP142623.1	55300	55303	2
CP142623.1	55303	55308	3
CP142623.1	55308	55358	2
CP142623.1	55358	55436	1
CP142623.1	55436	55441	0
CP142623.1	55441	55448	1
CP142623.1	55448	55504	2
CP142623.1	55504	55508	1
CP142623.1	55508	55619	2
CP142623.1	55619	55688	3
CP142623.1	55688	55690	2
CP142623.1	55690	55721	3
CP142623.1	55721	55722	2
CP142623.1	55722	55727	3
CP142623.1	55727	55809	2
CP142623.1	55809	55852	1
CP142623.1	55852	55929	2
CP142623.1	55929	55956	3
CP142623.1	55956	55958	2
CP142623.1	55958	55962	3
CP142623.1	55962	55977	2
CP142623.1	55977	55978	1
CP142623.1	55978	55999	2
CP142623.1	55999	56010	1
CP142623.1	56010	56027	0
CP142623.1	56027	56035	1
CP142623.1	56035	56085	2
CP142623.1	56085	56127	1
CP142623.1	56127	56462	0
CP142623.1	56462	56464	1
CP142623.1	56464	56526	2
CP142623.1	56526	56550	1
CP142623.1	56550	56587	2
CP142623.1	56587	56625	1
CP142623.1	56625	56634	2
CP142623.1	56634	56635	1
CP142623.1	56635	56652	2
CP142623.1	56652	56654	1
CP142623.1	56654	56669	2
CP142623.1	56669	56695	1
CP142623.1	56695	56696	0
CP142623.1	56696	56716	1
CP142623.1	56716	56733	0
CP142623.1	56733	56841	1
CP142623.1	56841	56872	2
CP142623.1	56872	56875	1
CP142623.1	56875	56877	2
CP142623.1	56877	56908	3
CP142623.1	56908	56909	2
CP142623.1	56909	56910	1
CP142623.1	56910	56922	2
CP142623.1	56922	56956	1
CP142623.1	56956	56970	0
CP142623.1	56970	57040	1
CP142623.1	57040	57090	2
CP142623.1	57090	57110	3
CP142623.1	57110	57111	2
CP142623.1	57111	57118	3
CP142623.1	57118	57127	4
CP142623.1	57127	57144	2
CP142623.1	57144	57155	1
CP142623.1	57155	57156	2
CP142623.1	57156	57173	3
CP142623.1	57173	57275	2
CP142623.1	57275	57283	3
CP142623.1	57283	57284	2
CP142623.1	57284	57362	3
CP142623.1	57362	57381	2
CP142623.1	57381	57426	3
CP142623.1	57426	57463	2
CP142623.1	57463	57556	1
CP142623.1	57556	57557	0
CP142623.1	57557	57579	1
CP142623.1	57579	57609	2
CP142623.1	57609	57616	1
CP142623.1	57616	57621	0
CP142623.1	57621	57656	1
CP142623.1	57656	57746	0
CP142623.1	57746	57770	1
CP142623.1	57770	57848	2
CP142623.1	57848	57883	3
CP142623.1	57883	57884	2
CP142623.1	57884	58010	3
CP142623.1	58010	58040	4
CP142623.1	58040	58060	3
CP142623.1	58060	58110	2
CP142623.1	58110	58123	3
CP142623.1	58123	58171	2
CP142623.1	58171	58190	1
CP142623.1	58190	58212	2
CP142623.1	58212	58216	1
CP142623.1	58216	58237	2
CP142623.1	58237	58253	1
CP142623.1	58253	58268	2
CP142623.1	58268	58272	1
CP142623.1	58272	58351	2
CP142623.1	58351	58429	1
CP142623.1	58429	58442	2
CP142623.1	58442	58456	1
CP142623.1	58456	58462	2
CP142623.1	58462	58479	3
CP142623.1	58479	58488	2
CP142623.1	58488	58489	1
CP142623.1	58489	58522	2
CP142623.1	58522	58611	1
CP142623.1	58611	58621	0
CP142623.1	58621	58848	1
CP142623.1	58848	58884	0
CP142623.1	58884	58904	1
CP142623.1	58904	58921	2
CP142623.1	58921	58999	3
CP142623.1	58999	59034	2
CP142623.1	59034	59036	1
CP142623.1	59036	59073	0
CP142623.1	59073	59099	1
CP142623.1	59099	59100	2
CP142623.1	59100	59107	3
CP142623.1	59107	59108	2
CP142623.1	59108	59158	3
CP142623.1	59158	59159	2
CP142623.1	59159	59173	3
CP142623.1	59173	59189	2
CP142623.1	59189	59200	1
CP142623.1	59200	59298	2
CP142623.1	59298	59307	1
CP142623.1	59307	59330	2
CP142623.1	59330	59331	1
CP142623.1	59331	59332	0
CP142623.1	59332	59411	2
CP142623.1	59411	59442	3
CP142623.1	59442	59444	2
CP142623.1	59444	59481	3
CP142623.1	59481	59485	2
CP142623.1	59485	59502	3
CP142623.1	59502	59512	2
CP142623.1	59512	59514	0
CP142623.1	59514	59515	1
CP142623.1	59515	59530	2
CP142623.1	59530	59537	3
CP142623.1	59537	59565	4
CP142623.1	59565	59578	3
CP142623.1	59578	59579	2
CP142623.1	59579	59592	3
CP142623.1	59592	59595	2
CP142623.1	59595	59623	3
CP142623.1	59623	59627	4
CP142623.1	59627	59711	3
CP142623.1	59711	59742	4
CP142623.1	59742	59819	3
CP142623.1	59819	59828	2
CP142623.1	59828	59881	1
CP142623.1	59881	59885	2
CP142623.1	59885	59948	3
CP142623.1	59948	59957	4
CP142623.1	59957	60031	2
CP142623.1	60031	60032	1
CP142623.1	60032	60035	2
CP142623.1	60035	60205	1
CP142623.1	60205	60547	0
CP142623.1	60547	60724	1
CP142623.1	60724	60730	0
CP142623.1	60730	60788	1
CP142623.1	60788	61056	0
CP142623.1	61056	61094	1
CP142623.1	61094	61111	2
CP142623.1	61111	61114	3
CP142623.1	61114	61161	2
CP142623.1	61161	61171	3
CP142623.1	61171	61195	2
CP142623.1	61195	61196	1
CP142623.1	61196	61207	2
CP142623.1	61207	61261	1
CP142623.1	61261	61358	0
CP142623.1	61358	61427	1
CP142623.1	61427	61463	0
CP142623.1	61463	61587	1
CP142623.1	61587	61628	2
CP142623.1	61628	61669	1
CP142623.1	61669	61699	0
CP142623.1	61699	61737	1
CP142623.1	61737	61822	2
CP142623.1	61822	61823	1
CP142623.1	61823	61841	2
CP142623.1	61841	61911	1
CP142623.1	61911	61972	2
CP142623.1	61972	62105	1
CP142623.1	62105	62111	2
CP142623.1	62111	62139	3
CP142623.1	62139	62156	4
CP142623.1	62156	62163	3
CP142623.1	62163	62177	2
CP142623.1	62177	62186	1
CP142623.1	62186	62195	0
CP142623.1	62195	62221	1
CP142623.1	62221	62237	2
CP142623.1	62237	62394	1
CP142623.1	62394	62537	0
CP142623.1	62537	62559	1
CP142623.1	62559	62563	0
CP142623.1	62563	62598	1
CP142623.1	62598	62714	2
CP142623.1	62714	62761	1
CP142623.1	62761	62815	0
CP142623.1	62815	62978	1
CP142623.1	62978	63052	0
CP142623.1	63052	63078	1
CP142623.1	63078	63111	2
CP142623.1	63111	63114	1
CP142623.1	63114	63153	2
CP142623.1	63153	63154	1
CP142623.1	63154	63181	2
CP142623.1	63181	63203	3
CP142623.1	63203	63221	2
CP142623.1	63221	63246	1
CP142623.1	63246	63258	0
CP142623.1	63258	63314	1
CP142623.1	63314	63415	0
CP142623.1	63415	63429	1
CP142623.1	63429	63445	2
CP142623.1	63445	63447	1
CP142623.1	63447	63470	2
CP142623.1	63470	63486	1
CP142623.1	63486	63539	0
CP142623.1	63539	63771	1
CP142623.1	63771	63795	0
CP142623.1	63795	63804	1
CP142623.1	63804	63908	2
CP142623.1	63908	63990	1
CP142623.1	63990	63991	0
CP142623.1	63991	64044	1
CP142623.1	64044	64107	0
CP142623.1	64107	64188	1
CP142623.1	64188	64189	0
CP142623.1	64189	64219	1
CP142623.1	64219	64525	0
CP142623.1	64525	64722	1
CP142623.1	64722	64734	0
CP142623.1	64734	64736	1
CP142623.1	64736	64746	2
CP142623.1	64746	64806	3
CP142623.1	64806	64808	2
CP142623.1	64808	64813	3
CP142623.1	64813	64836	2
CP142623.1	64836	64843	1
CP142623.1	64843	64863	2
CP142623.1	64863	64868	3
CP142623.1	64868	64869	2
CP142623.1	64869	64909	3
CP142623.1	64909	64910	2
CP142623.1	64910	64922	3
CP142623.1	64922	64926	2
CP142623.1	64926	64961	1
CP142623.1	64961	65127	0
CP142623.1	65127	65162	1
CP142623.1	65162	65177	0
CP142623.1	65177	65195	1
CP142623.1	65195	65232	2
CP142623.1	65232	65268	1
CP142623.1	65268	65324	0
CP142623.1	65324	65371	1
CP142623.1	65371	65385	2
CP142623.1	65385	65419	1
CP142623.1	65419	65420	0
CP142623.1	65420	65468	1
CP142623.1	65468	65469	0
CP142623.1	65469	65489	1
CP142623.1	65489	65527	0
CP142623.1	65527	65649	1
CP142623.1	65649	65667	2
CP142623.1	65667	65730	3
CP142623.1	65730	65783	2
CP142623.1	65783	65784	1
CP142623.1	65784	65921	2
CP142623.1	65921	65933	1
CP142623.1	65933	66026	2
CP142623.1	66026	66047	1
CP142623.1	66047	66053	0
CP142623.1	66053	66056	1
CP142623.1	66056	66058	2
CP142623.1	66058	66093	3
CP142623.1	66093	66142	4
CP142623.1	66142	66215	3
CP142623.1	66215	66216	2
CP142623.1	66216	66315	1
CP142623.1	66315	66326	2
CP142623.1	66326	66344	1
CP142623.1	66344	66383	2
CP142623.1	66383	66399	1
CP142623.1	66399	66449	0
CP142623.1	66449	66463	1
CP142623.1	66463	66464	0
CP142623.1	66464	66516	1
CP142623.1	66516	66555	0
CP142623.1	66555	66676	1
CP142623.1	66676	66727	0
CP142623.1	66727	66808	1
CP142623.1	66808	66951	0
CP142623.1	66951	66992	1
CP142623.1	66992	67006	2
CP142623.1	67006	67009	1
CP142623.1	67009	67064	2
CP142623.1	67064	67123	1
CP142623.1	67123	67134	0
CP142623.1	67134	67175	1
CP142623.1	67175	67190	2
CP142623.1	67190	67264	1
CP142623.1	67264	67289	0
CP142623.1	67289	67703	1
CP142623.1	67703	67766	0
CP142623.1	67766	67825	1
CP142623.1	67825	67975	0
CP142623.1	67975	68050	1
CP142623.1	68050	68051	0
CP142623.1	68051	68072	1
CP142623.1	68072	68090	2
CP142623.1	68090	68092	1
CP142623.1	68092	68096	2
CP142623.1	68096	68107	3
CP142623.1	68107	68112	2
CP142623.1	68112	68145	3
CP142623.1	68145	68163	2
CP142623.1	68163	68226	1
CP142623.1	68226	68252	0
CP142623.1	68252	68256	1
CP142623.1	68256	68302	2
CP142623.1	68302	68335	3
CP142623.1	68335	68351	2
CP142623.1	68351	68422	1
CP142623.1	68422	68461	2
CP142623.1	68461	68530	1
CP142623.1	68530	68710	0
CP142623.1	68710	68711	2
CP142623.1	68711	68785	3
CP142623.1	68785	68795	4
CP142623.1	68795	68802	3
CP142623.1	68802	68828	2
CP142623.1	68828	68903	3
CP142623.1	68903	68955	2
CP142623.1	68955	68957	1
CP142623.1	68957	68968	2
CP142623.1	68968	68991	3
CP142623.1	68991	69011	4
CP142623.1	69011	69023	3
CP142623.1	69023	69024	4
CP142623.1	69024	69043	3
CP142623.1	69043	69046	4
CP142623.1	69046	69067	3
CP142623.1	69067	69074	4
CP142623.1	69074	69113	5
CP142623.1	69113	69114	4
CP142623.1	69114	69118	5
CP142623.1	69118	69121	4
CP142623.1	69121	69122	3
CP142623.1	69122	69157	4
CP142623.1	69157	69178	3
CP142623.1	69178	69196	2
CP142623.1	69196	69204	1
CP142623.1	69204	69222	2
CP142623.1	69222	69249	3
CP142623.1	69249	69254	2
CP142623.1	69254	69312	1
CP142623.1	69312	69433	0
CP142623.1	69433	69487	1
CP142623.1	69487	69490	0
CP142623.1	69490	69511	2
CP142623.1	69511	69589	1
CP142623.1	69589	69598	2
CP142623.1	69598	69599	1
CP142623.1	69599	69637	2
CP142623.1	69637	69670	1
CP142623.1	69670	69748	0
CP142623.1	69748	69959	1
CP142623.1	69959	69977	0
CP142623.1	69977	70029	1
CP142623.1	70029	70032	2
CP142623.1	70032	70117	1
CP142623.1	70117	70130	2
CP142623.1	70130	70142	1
CP142623.1	70142	70205	2
CP142623.1	70205	70243	1
CP142623.1	70243	70486	0
CP142623.1	70486	70522	1
CP142623.1	70522	70552	2
CP142623.1	70552	70587	1
CP142623.1	70587	70588	0
CP142623.1	70588	70633	1
CP142623.1	70633	70690	0
CP142623.1	70690	70763	1
CP142623.1	70763	70819	0
CP142623.1	70819	70912	1
CP142623.1	70912	70928	0
CP142623.1	70928	70957	1
CP142623.1	70957	70981	2
CP142623.1	70981	71007	1
CP142623.1	71007	71083	2
CP142623.1	71083	71127	3
CP142623.1	71127	71131	4
CP142623.1	71131	71143	3
CP142623.1	71143	71144	1
CP142623.1	71144	71162	2
CP142623.1	71162	71212	3
CP142623.1	71212	71236	4
CP142623.1	71236	71246	3
CP142623.1	71246	71247	2
CP142623.1	71247	71260	1
CP142623.1	71260	71288	2
CP142623.1	71288	71312	1
CP142623.1	71312	71380	2
CP142623.1	71380	71395	3
CP142623.1	71395	71419	2
CP142623.1	71419	71421	1
CP142623.1	71421	71427	2
CP142623.1	71427	71500	3
CP142623.1	71500	71518	2
CP142623.1	71518	71519	1
CP142623.1	71519	71539	2
CP142623.1	71539	71540	1
CP142623.1	71540	71566	2
CP142623.1	71566	71567	1
CP142623.1	71567	71615	2
CP142623.1	71615	71617	1
CP142623.1	71617	71651	0
CP142623.1	71651	71819	1
CP142623.1	71819	71933	0
CP142623.1	71933	71987	1
CP142623.1	71987	71995	2
CP142623.1	71995	72164	1
CP142623.1	72164	72188	2
CP142623.1	72188	72206	1
CP142623.1	72206	72209	0
CP142623.1	72209	72241	1
CP142623.1	72241	72278	2
CP142623.1	72278	72279	0
CP142623.1	72279	72314	2
CP142623.1	72314	72316	1
CP142623.1	72316	72325	2
CP142623.1	72325	72344	1
CP142623.1	72344	72442	0
CP142623.1	72442	72528	1
CP142623.1	72528	72531	2
CP142623.1	72531	72535	1
CP142623.1	72535	72590	2
CP142623.1	72590	72621	1
CP142623.1	72621	72645	2
CP142623.1	72645	72656	1
CP142623.1	72656	72791	2
CP142623.1	72791	72811	1
CP142623.1	72811	72828	2
CP142623.1	72828	72889	1
CP142623.1	72889	72960	2
CP142623.1	72960	72961	1
CP142623.1	72961	72972	2
CP142623.1	72972	73038	3
CP142623.1	73038	73059	4
CP142623.1	73059	73064	3
CP142623.1	73064	73112	4
CP142623.1	73112	73146	3
CP142623.1	73146	73179	2
CP142623.1	73179	73202	1
CP142623.1	73202	73210	2
CP142623.1	73210	73211	1
CP142623.1	73211	73321	2
CP142623.1	73321	73343	3
CP142623.1	73343	73344	4
CP142623.1	73344	73377	3
CP142623.1	73377	73405	4
CP142623.1	73405	73451	3
CP142623.1	73451	73495	2
CP142623.1	73495	73588	1
CP142623.1	73588	73641	0
CP142623.1	73641	73738	1
CP142623.1	73738	73777	0
CP142623.1	73777	73826	1
CP142623.1	73826	73958	2
CP142623.1	73958	73964	3
CP142623.1	73964	74026	2
CP142623.1	74026	74081	3
CP142623.1	74081	74144	2
CP142623.1	74144	74160	3
CP142623.1	74160	74173	2
CP142623.1	74173	74235	3
CP142623.1	74235	74241	2
CP142623.1	74241	74257	1
CP142623.1	74257	74258	0
CP142623.1	74258	74339	1
CP142623.1	74339	74465	0
CP142623.1	74465	74494	1
CP142623.1	74494	74495	0
CP142623.1	74495	74586	1
CP142623.1	74586	74713	0
CP142623.1	74713	74795	1
CP142623.1	74795	74826	2
CP142623.1	74826	74827	3
CP142623.1	74827	74829	2
CP142623.1	74829	74859	3
CP142623.1	74859	74861	2
CP142623.1	74861	74898	3
CP142623.1	74898	74903	2
CP142623.1	74903	74904	1
CP142623.1	74904	74940	2
CP142623.1	74940	74942	3
CP142623.1	74942	74943	2
CP142623.1	74943	74994	3
CP142623.1	74994	74995	2
CP142623.1	74995	75017	3
CP142623.1	75017	75077	4
CP142623.1	75077	75139	3
CP142623.1	75139	75226	2
CP142623.1	75226	75293	1
CP142623.1	75293	75366	0
CP142623.1	75366	75472	1
CP142623.1	75472	75494	2
CP142623.1	75494	75516	3
CP142623.1	75516	75517	2
CP142623.1	75517	75536	3
CP142623.1	75536	75537	2
CP142623.1	75537	75614	3
CP142623.1	75614	75617	2
CP142623.1	75617	75621	3
CP142623.1	75621	75631	4
CP142623.1	75631	75638	5
CP142623.1	75638	75640	4
CP142623.1	75640	75641	5
CP142623.1	75641	75642	4
CP142623.1	75642	75648	5
CP142623.1	75648	75674	4
CP142623.1	75674	75676	3
CP142623.1	75676	75683	4
CP142623.1	75683	75693	3
CP142623.1	75693	75698	4
CP142623.1	75698	75699	3
CP142623.1	75699	75704	4
CP142623.1	75704	75718	3
CP142623.1	75718	75719	2
CP142623.1	75719	75729	1
CP142623.1	75729	75742	2
CP142623.1	75742	75743	1
CP142623.1	75743	75746	0
CP142623.1	75746	75748	1
CP142623.1	75748	75798	3
CP142623.1	75798	75821	2
CP142623.1	75821	75846	3
CP142623.1	75846	75847	2
CP142623.1	75847	75889	3
CP142623.1	75889	75894	2
CP142623.1	75894	75932	1
CP142623.1	75932	75933	0
CP142623.1	75933	75967	1
CP142623.1	75967	76042	0
CP142623.1	76042	76108	1
CP142623.1	76108	76112	0
CP142623.1	76112	76199	1
CP142623.1	76199	76205	2
CP142623.1	76205	76272	1
CP142623.1	76272	76380	0
CP142623.1	76380	76398	1
CP142623.1	76398	76419	2
CP142623.1	76419	76420	1
CP142623.1	76420	76439	2
CP142623.1	76439	76440	1
CP142623.1	76440	76448	2
CP142623.1	76448	76490	3
CP142623.1	76490	76494	2
CP142623.1	76494	76495	1
CP142623.1	76495	76501	2
CP142623.1	76501	76504	0
CP142623.1	76504	76551	2
CP142623.1	76551	76594	3
CP142623.1	76594	76596	2
CP142623.1	76596	76607	3
CP142623.1	76607	76734	2
CP142623.1	76734	76754	1
CP142623.1	76754	76768	2
CP142623.1	76768	76834	1
CP142623.1	76834	76867	2
CP142623.1	76867	76932	1
CP142623.1	76932	76957	2
CP142623.1	76957	76958	1
CP142623.1	76958	76987	2
CP142623.1	76987	77034	1
CP142623.1	77034	77136	0
CP142623.1	77136	77267	1
CP142623.1	77267	77286	0
CP142623.1	77286	77453	1
CP142623.1	77453	77552	2
CP142623.1	77552	77616	3
CP142623.1	77616	77633	2
CP142623.1	77633	77872	1
CP142623.1	77872	77876	2
CP142623.1	77876	77884	1
CP142623.1	77884	77940	2
CP142623.1	77940	78078	1
CP142623.1	78078	78093	2
CP142623.1	78093	78120	3
CP142623.1	78120	78158	2
CP142623.1	78158	78174	1
CP142623.1	78174	78229	2
CP142623.1	78229	78237	1
CP142623.1	78237	78239	0
CP142623.1	78239	78250	1
CP142623.1	78250	78260	2
CP142623.1	78260	78308	1
CP142623.1	78308	78315	2
CP142623.1	78315	78319	1
CP142623.1	78319	78322	2
CP142623.1	78322	78331	3
CP142623.1	78331	78394	4
CP142623.1	78394	78395	3
CP142623.1	78395	78405	4
CP142623.1	78405	78419	3
CP142623.1	78419	78420	2
CP142623.1	78420	78426	3
CP142623.1	78426	78430	2
CP142623.1	78430	78452	3
CP142623.1	78452	78455	2
CP142623.1	78455	78460	3
CP142623.1	78460	78461	2
CP142623.1	78461	78473	3
CP142623.1	78473	78488	2
CP142623.1	78488	78502	1
CP142623.1	78502	78529	2
CP142623.1	78529	78585	1
CP142623.1	78585	78588	0
CP142623.1	78588	78589	1
CP142623.1	78589	78600	2
CP142623.1	78600	78614	3
CP142623.1	78614	78620	2
CP142623.1	78620	78621	3
CP142623.1	78621	78656	2
CP142623.1	78656	78679	3
CP142623.1	78679	78686	2
CP142623.1	78686	78698	1
CP142623.1	78698	78699	0
CP142623.1	78699	78735	1
CP142623.1	78735	78742	2
CP142623.1	78742	78749	3
CP142623.1	78749	78752	2
CP142623.1	78752	78770	3
CP142623.1	78770	78772	2
CP142623.1	78772	78792	3
CP142623.1	78792	78836	2
CP142623.1	78836	78837	0
CP142623.1	78837	78894	2
CP142623.1	78894	78900	1
CP142623.1	78900	78957	2
CP142623.1	78957	78962	3
CP142623.1	78962	78964	4
CP142623.1	78964	79024	3
CP142623.1	79024	79027	2
CP142623.1	79027	79047	1
CP142623.1	79047	79075	2
CP142623.1	79075	79106	1
CP142623.1	79106	79136	2
CP142623.1	79136	79139	1
CP142623.1	79139	79220	2
CP142623.1	79220	79246	1
CP142623.1	79246	79383	0
CP142623.1	79383	79481	1
CP142623.1	79481	79485	2
CP142623.1	79485	79507	3
CP142623.1	79507	79508	2
CP142623.1	79508	79510	3
CP142623.1	79510	79514	2
CP142623.1	79514	79516	3
CP142623.1	79516	79540	4
CP142623.1	79540	79568	5
CP142623.1	79568	79607	6
CP142623.1	79607	79614	5
CP142623.1	79614	79628	4
CP142623.1	79628	79641	3
CP142623.1	79641	79642	2
CP142623.1	79642	79643	3
CP142623.1	79643	79705	2
CP142623.1	79705	79765	1
CP142623.1	79765	79790	0
CP142623.1	79790	79810	1
CP142623.1	79810	79812	2
CP142623.1	79812	79831	3
CP142623.1	79831	79860	2
CP142623.1	79860	79937	1
CP142623.1	79937	79941	2
CP142623.1	79941	79963	3
CP142623.1	79963	80091	2
CP142623.1	80091	80156	1
CP142623.1	80156	80207	0
CP142623.1	80207	80221	1
CP142623.1	80221	80257	2
CP142623.1	80257	80260	3
CP142623.1	80260	80281	4
CP142623.1	80281	80323	5
CP142623.1	80323	80325	4
CP142623.1	80325	80326	3
CP142623.1	80326	80343	4
CP142623.1	80343	80381	3
CP142623.1	80381	80393	2
CP142623.1	80393	80432	1
CP142623.1	80432	80480	2
CP142623.1	80480	80543	1
CP142623.1	80543	80598	2
CP142623.1	80598	80609	1
CP142623.1	80609	80720	0
CP142623.1	80720	80804	1
CP142623.1	80804	80824	2
CP142623.1	80824	80878	1
CP142623.1	80878	80883	2
CP142623.1	80883	80892	3
CP142623.1	80892	80935	4
CP142623.1	80935	80949	3
CP142623.1	80949	80968	4
CP142623.1	80968	80998	5
CP142623.1	80998	81003	6
CP142623.1	81003	81025	5
CP142623.1	81025	81036	4
CP142623.1	81036	81037	3
CP142623.1	81037	81046	4
CP142623.1	81046	81052	3
CP142623.1	81052	81064	4
CP142623.1	81064	81067	3
CP142623.1	81067	81080	4
CP142623.1	81080	81084	3
CP142623.1	81084	81096	4
CP142623.1	81096	81097	3
CP142623.1	81097	81115	4
CP142623.1	81115	81143	3
CP142623.1	81143	81144	2
CP142623.1	81144	81153	3
CP142623.1	81153	81183	2
CP142623.1	81183	81200	1
CP142623.1	81200	81213	2
CP142623.1	81213	81342	3
CP142623.1	81342	81344	2
CP142623.1	81344	81427	1
CP142623.1	81427	81539	0
CP142623.1	81539	81585	1
CP142623.1	81585	81612	2
CP142623.1	81612	81641	3
CP142623.1	81641	81642	2
CP142623.1	81642	81661	3
CP142623.1	81661	81674	4
CP142623.1	81674	81681	5
CP142623.1	81681	81715	4
CP142623.1	81715	81774	3
CP142623.1	81774	81781	4
CP142623.1	81781	81805	5
CP142623.1	81805	81809	4
CP142623.1	81809	81819	5
CP142623.1	81819	81877	4
CP142623.1	81877	81888	3
CP142623.1	81888	81891	2
CP142623.1	81891	81937	3
CP142623.1	81937	81951	4
CP142623.1	81951	81952	3
CP142623.1	81952	81962	4
CP142623.1	81962	81988	3
CP142623.1	81988	81997	2
CP142623.1	81997	82000	3
CP142623.1	82000	82060	2
CP142623.1	82060	82087	1
CP142623.1	82087	82101	2
CP142623.1	82101	82102	1
CP142623.1	82102	82146	2
CP142623.1	82146	82240	1
CP142623.1	82240	82259	2
CP142623.1	82259	82435	1
CP142623.1	82435	82446	0
CP142623.1	82446	82481	1
CP142623.1	82481	82508	2
CP142623.1	82508	82509	1
CP142623.1	82509	82518	2
CP142623.1	82518	82616	1
CP142623.1	82616	82652	0
CP142623.1	82652	82657	1
CP142623.1	82657	82789	2
CP142623.1	82789	82800	3
CP142623.1	82800	82870	2
CP142623.1	82870	82872	1
CP142623.1	82872	82885	0
CP142623.1	82885	82907	1
CP142623.1	82907	82917	2
CP142623.1	82917	82918	1
CP142623.1	82918	82929	2
CP142623.1	82929	82934	3
CP142623.1	82934	82963	2
CP142623.1	82963	82964	3
CP142623.1	82964	83002	2
CP142623.1	83002	83009	1
CP142623.1	83009	83010	0
CP142623.1	83010	83037	1
CP142623.1	83037	83081	0
CP142623.1	83081	83102	1
CP142623.1	83102	83107	0
CP142623.1	83107	83186	1
CP142623.1	83186	83230	2
CP142623.1	83230	83251	3
CP142623.1	83251	83264	4
CP142623.1	83264	83270	3
CP142623.1	83270	83275	4
CP142623.1	83275	83280	5
CP142623.1	83280	83313	4
CP142623.1	83313	83324	3
CP142623.1	83324	83334	4
CP142623.1	83334	83336	3
CP142623.1	83336	83338	4
CP142623.1	83338	83371	3
CP142623.1	83371	83372	2
CP142623.1	83372	83404	3
CP142623.1	83404	83443	4
CP142623.1	83443	83459	5
CP142623.1	83459	83493	4
CP142623.1	83493	83509	3
CP142623.1	83509	83532	4
CP142623.1	83532	83612	3
CP142623.1	83612	83644	2
CP142623.1	83644	83677	1
CP142623.1	83677	83721	0
CP142623.1	83721	83726	1
CP142623.1	83726	83784	2
CP142623.1	83784	83821	3
CP142623.1	83821	83856	2
CP142623.1	83856	83924	1
CP142623.1	83924	83927	0
CP142623.1	83927	83955	1
CP142623.1	83955	84032	0
CP142623.1	84032	84082	1
CP142623.1	84082	84138	2
CP142623.1	84138	84182	3
CP142623.1	84182	84189	4
CP142623.1	84189	84196	3
CP142623.1	84196	84199	2
CP142623.1	84199	84211	3
CP142623.1	84211	84228	2
CP142623.1	84228	84245	1
CP142623.1	84245	84262	0
CP142623.1	84262	84318	1
CP142623.1	84318	84375	0
CP142623.1	84375	84380	1
CP142623.1	84380	84394	2
CP142623.1	84394	84397	1
CP142623.1	84397	84412	2
CP142623.1	84412	84459	3
CP142623.1	84459	84463	2
CP142623.1	84463	84464	0
CP142623.1	84464	84495	2
CP142623.1	84495	84639	1
CP142623.1	84639	84672	2
CP142623.1	84672	84718	3
CP142623.1	84718	84727	4
CP142623.1	84727	84793	3
CP142623.1	84793	84794	2
CP142623.1	84794	84804	3
CP142623.1	84804	84873	2
CP142623.1	84873	84874	1
CP142623.1	84874	84903	2
CP142623.1	84903	84925	1
CP142623.1	84925	84963	2
CP142623.1	84963	84987	1
CP142623.1	84987	85043	2
CP142623.1	85043	85103	1
CP142623.1	85103	85124	2
CP142623.1	85124	85125	0
CP142623.1	85125	85245	1
CP142623.1	85245	85252	2
CP142623.1	85252	85350	1
CP142623.1	85350	85399	0
CP142623.1	85399	85558	1
CP142623.1	85558	85601	2
CP142623.1	85601	85682	1
CP142623.1	85682	85769	2
CP142623.1	85769	85781	1
CP142623.1	85781	85826	2
CP142623.1	85826	85827	1
CP142623.1	85827	85939	0
CP142623.1	85939	85955	1
CP142623.1	85955	85988	2
CP142623.1	85988	85997	3
CP142623.1	85997	86061	2
CP142623.1	86061	86210	1
CP142623.1	86210	86412	0
CP142623.1	86412	86425	1
CP142623.1	86425	86439	2
CP142623.1	86439	86441	1
CP142623.1	86441	86485	2
CP142623.1	86485	86505	3
CP142623.1	86505	86513	4
CP142623.1	86513	86554	3
CP142623.1	86554	86555	2
CP142623.1	86555	86566	3
CP142623.1	86566	86574	4
CP142623.1	86574	86578	3
CP142623.1	86578	86634	2
CP142623.1	86634	86675	1
CP142623.1	86675	86691	0
CP142623.1	86691	86765	1
CP142623.1	86765	86870	0
CP142623.1	86870	87004	1
CP142623.1	87004	87050	2
CP142623.1	87050	87051	1
CP142623.1	87051	87100	2
CP142623.1	87100	87153	1
CP142623.1	87153	87177	0
CP142623.1	87177	87387	1
CP142623.1	87387	87412	2
CP142623.1	87412	87413	1
CP142623.1	87413	87441	2
CP142623.1	87441	87467	1
CP142623.1	87467	87515	2
CP142623.1	87515	87567	1
CP142623.1	87567	87583	2
CP142623.1	87583	87587	1
CP142623.1	87587	87591	2
CP142623.1	87591	87600	3
CP142623.1	87600	87601	1
CP142623.1	87601	87602	2
CP142623.1	87602	87669	3
CP142623.1	87669	87671	2
CP142623.1	87671	87724	3
CP142623.1	87724	87725	2
CP142623.1	87725	87730	3
CP142623.1	87730	87750	2
CP142623.1	87750	87770	1
CP142623.1	87770	87779	2
CP142623.1	87779	87798	3
CP142623.1	87798	87823	4
CP142623.1	87823	87856	3
CP142623.1	87856	87884	2
CP142623.1	87884	87895	3
CP142623.1	87895	87940	4
CP142623.1	87940	87985	3
CP142623.1	87985	87990	2
CP142623.1	87990	88057	1
CP142623.1	88057	88138	2
CP142623.1	88138	88162	3
CP142623.1	88162	88180	2
CP142623.1	88180	88232	3
CP142623.1	88232	88269	2
CP142623.1	88269	88330	1
CP142623.1	88330	88374	2
CP142623.1	88374	88427	3
CP142623.1	88427	88480	2
CP142623.1	88480	88538	1
CP142623.1	88538	88572	0
CP142623.1	88572	88638	1
CP142623.1	88638	88963	0
CP142623.1	88963	89064	1
CP142623.1	89064	89080	2
CP142623.1	89080	89184	1
CP142623.1	89184	89303	2
CP142623.1	89303	89415	1
CP142623.1	89415	89573	0
CP142623.1	89573	89592	1
CP142623.1	89592	89593	2
CP142623.1	89593	89595	1
CP142623.1	89595	89615	2
CP142623.1	89615	89628	3
CP142623.1	89628	89703	2
CP142623.1	89703	89770	1
CP142623.1	89770	89827	0
CP142623.1	89827	89926	1
CP142623.1	89926	89992	0
CP142623.1	89992	90011	1
CP142623.1	90011	90038	2
CP142623.1	90038	90041	1
CP142623.1	90041	90063	2
CP142623.1	90063	90111	1
CP142623.1	90111	90140	2
CP142623.1	90140	90144	1
CP142623.1	90144	90149	2
CP142623.1	90149	90150	1
CP142623.1	90150	90182	2
CP142623.1	90182	90210	1
CP142623.1	90210	90212	2
CP142623.1	90212	90355	1
CP142623.1	90355	90362	0
CP142623.1	90362	90381	1
CP142623.1	90381	90387	2
CP142623.1	90387	90408	3
CP142623.1	90408	90411	2
CP142623.1	90411	90469	3
CP142623.1	90469	90487	4
CP142623.1	90487	90518	3
CP142623.1	90518	90519	2
CP142623.1	90519	90528	3
CP142623.1	90528	90555	2
CP142623.1	90555	90561	1
CP142623.1	90561	90565	0
CP142623.1	90565	90627	1
CP142623.1	90627	90639	0
CP142623.1	90639	90662	1
CP142623.1	90662	90721	2
CP142623.1	90721	90730	1
CP142623.1	90730	90807	2
CP142623.1	90807	90813	1
CP142623.1	90813	90858	2
CP142623.1	90858	90876	3
CP142623.1	90876	90938	2
CP142623.1	90938	90950	1
CP142623.1	90950	90962	0
CP142623.1	90962	90996	1
CP142623.1	90996	90997	0
CP142623.1	90997	91086	1
CP142623.1	91086	91130	0
CP142623.1	91130	91182	1
CP142623.1	91182	91250	2
CP142623.1	91250	91287	1
CP142623.1	91287	91356	2
CP142623.1	91356	91405	3
CP142623.1	91405	91481	2
CP142623.1	91481	91549	1
CP142623.1	91549	91606	2
CP142623.1	91606	91608	3
CP142623.1	91608	91614	2
CP142623.1	91614	91618	1
CP142623.1	91618	91700	2
CP142623.1	91700	91890	1
CP142623.1	91890	91941	0
CP142623.1	91941	91981	1
CP142623.1	91981	92013	2
CP142623.1	92013	92014	1
CP142623.1	92014	92026	0
CP142623.1	92026	92059	1
CP142623.1	92059	92060	0
CP142623.1	92060	92089	1
CP142623.1	92089	92179	2
CP142623.1	92179	92180	1
CP142623.1	92180	92212	2
CP142623.1	92212	92239	3
CP142623.1	92239	92252	2
CP142623.1	92252	92259	1
CP142623.1	92259	92261	2
CP142623.1	92261	92396	1
CP142623.1	92396	92399	0
CP142623.1	92399	92446	1
CP142623.1	92446	92491	2
CP142623.1	92491	92528	3
CP142623.1	92528	92534	2
CP142623.1	92534	92555	3
CP142623.1	92555	92559	4
CP142623.1	92559	92707	5
CP142623.1	92707	92710	4
CP142623.1	92710	92711	3
CP142623.1	92711	92712	2
CP142623.1	92712	92715	3
CP142623.1	92715	92746	2
CP142623.1	92746	92747	1
CP142623.1	92747	92789	2
CP142623.1	92789	92823	1
CP142623.1	92823	92836	2
CP142623.1	92836	92849	1
CP142623.1	92849	92898	2
CP142623.1	92898	92908	3
CP142623.1	92908	92924	2
CP142623.1	92924	92925	0
CP142623.1	92925	92926	1
CP142623.1	92926	92944	2
CP142623.1	92944	92986	3
CP142623.1	92986	93003	2
CP142623.1	93003	93037	3
CP142623.1	93037	93073	4
CP142623.1	93073	93114	3
CP142623.1	93114	93122	2
CP142623.1	93122	93123	1
CP142623.1	93123	93136	2
CP142623.1	93136	93138	1
CP142623.1	93138	93143	2
CP142623.1	93143	93164	1
CP142623.1	93164	93167	0
CP142623.1	93167	93265	1
CP142623.1	93265	93483	0
CP142623.1	93483	93513	1
CP142623.1	93513	93543	2
CP142623.1	93543	93584	1
CP142623.1	93584	93658	0
CP142623.1	93658	93690	1
CP142623.1	93690	93694	0
CP142623.1	93694	93723	1
CP142623.1	93723	93859	2
CP142623.1	93859	93876	3
CP142623.1	93876	93887	2
CP142623.1	93887	93888	1
CP142623.1	93888	93942	2
CP142623.1	93942	93945	0
CP142623.1	93945	93950	2
CP142623.1	93950	93969	3
CP142623.1	93969	93981	2
CP142623.1	93981	94021	3
CP142623.1	94021	94022	2
CP142623.1	94022	94023	3
CP142623.1	94023	94060	2
CP142623.1	94060	94193	1
CP142623.1	94193	94199	0
CP142623.1	94199	94305	1
CP142623.1	94305	94311	2
CP142623.1	94311	94312	0
CP142623.1	94312	94313	1
CP142623.1	94313	94353	2
CP142623.1	94353	94362	1
CP142623.1	94362	94365	0
CP142623.1	94365	94416	1
CP142623.1	94416	94483	2
CP142623.1	94483	94524	1
CP142623.1	94524	94530	2
CP142623.1	94530	94650	1
CP142623.1	94650	94659	2
CP142623.1	94659	94666	3
CP142623.1	94666	94667	4
CP142623.1	94667	94691	5
CP142623.1	94691	94693	6
CP142623.1	94693	94696	5
CP142623.1	94696	94714	6
CP142623.1	94714	94751	5
CP142623.1	94751	94756	4
CP142623.1	94756	94757	3
CP142623.1	94757	94765	4
CP142623.1	94765	94777	2
CP142623.1	94777	94840	3
CP142623.1	94840	94864	4
CP142623.1	94864	94865	3
CP142623.1	94865	94924	4
CP142623.1	94924	94925	3
CP142623.1	94925	94927	4
CP142623.1	94927	94933	3
CP142623.1	94933	94937	4
CP142623.1	94937	94972	3
CP142623.1	94972	94990	2
CP142623.1	94990	95026	3
CP142623.1	95026	95032	2
CP142623.1	95032	95033	1
CP142623.1	95033	95065	2
CP142623.1	95065	95066	0
CP142623.1	95066	95067	1
CP142623.1	95067	95079	2
CP142623.1	95079	95122	3
CP142623.1	95122	95128	4
CP142623.1	95128	95131	3
CP142623.1	95131	95151	4
CP142623.1	95151	95185	3
CP142623.1	95185	95189	2
CP142623.1	95189	95221	1
CP142623.1	95221	95417	0
CP142623.1	95417	95508	1
CP142623.1	95508	95528	2
CP142623.1	95528	95537	3
CP142623.1	95537	95538	2
CP142623.1	95538	95543	3
CP142623.1	95543	95585	2
CP142623.1	95585	95630	1
CP142623.1	95630	95677	0
CP142623.1	95677	95755	1
CP142623.1	95755	95805	0
CP142623.1	95805	95865	1
CP142623.1	95865	95871	0
CP142623.1	95871	95961	1
CP142623.1	95961	95971	0
CP142623.1	95971	95981	1
CP142623.1	95981	96030	2
CP142623.1	96030	96041	1
CP142623.1	96041	96042	0
CP142623.1	96042	96044	1
CP142623.1	96044	96068	2
CP142623.1	96068	96087	1
CP142623.1	96087	96088	0
CP142623.1	96088	96167	1
CP142623.1	96167	96176	0
CP142623.1	96176	96183	1
CP142623.1	96183	96210	2
CP142623.1	96210	96244	3
CP142623.1	96244	96249	2
CP142623.1	96249	96278	1
CP142623.1	96278	96676	0
CP142623.1	96676	96702	1
CP142623.1	96702	96722	2
CP142623.1	96722	96734	1
CP142623.1	96734	96761	2
CP142623.1	96761	96810	1
CP142623.1	96810	96868	0
CP142623.1	96868	97000	1
CP142623.1	97000	97003	0
CP142623.1	97003	97027	1
CP142623.1	97027	97037	2
CP142623.1	97037	97080	3
CP142623.1	97080	97112	2
CP142623.1	97112	97161	1
CP142623.1	97161	97273	0
CP142623.1	97273	97287	1
CP142623.1	97287	97345	2
CP142623.1	97345	97353	3
CP142623.1	97353	97358	2
CP142623.1	97358	97389	3
CP142623.1	97389	97401	2
CP142623.1	97401	97406	3
CP142623.1	97406	97411	4
CP142623.1	97411	97414	3
CP142623.1	97414	97452	4
CP142623.1	97452	97455	3
CP142623.1	97455	97461	4
CP142623.1	97461	97469	3
CP142623.1	97469	97470	2
CP142623.1	97470	97476	3
CP142623.1	97476	97500	4
CP142623.1	97500	97506	3
CP142623.1	97506	97507	2
CP142623.1	97507	97523	3
CP142623.1	97523	97546	4
CP142623.1	97546	97560	3
CP142623.1	97560	97618	2
CP142623.1	97618	97665	1
CP142623.1	97665	97668	2
CP142623.1	97668	97692	3
CP142623.1	97692	97693	2
CP142623.1	97693	97694	1
CP142623.1	97694	97707	3
CP142623.1	97707	97717	4
CP142623.1	97717	97727	3
CP142623.1	97727	97733	1
CP142623.1	97733	97736	3
CP142623.1	97736	97767	4
CP142623.1	97767	97772	3
CP142623.1	97772	97776	2
CP142623.1	97776	97794	3
CP142623.1	97794	97832	2
CP142623.1	97832	97871	1
CP142623.1	97871	97877	0
CP142623.1	97877	97982	1
CP142623.1	97982	98006	2
CP142623.1	98006	98010	1
CP142623.1	98010	98091	2
CP142623.1	98091	98106	1
CP142623.1	98106	98130	2
CP142623.1	98130	98143	3
CP142623.1	98143	98144	2
CP142623.1	98144	98167	3
CP142623.1	98167	98214	2
CP142623.1	98214	98217	1
CP142623.1	98217	98250	2
CP142623.1	98250	98319	1
CP142623.1	98319	98340	2
CP142623.1	98340	98366	3
CP142623.1	98366	98367	2
CP142623.1	98367	98381	3
CP142623.1	98381	98391	2
CP142623.1	98391	98411	1
CP142623.1	98411	98424	0
CP142623.1	98424	98439	1
CP142623.1	98439	98455	2
CP142623.1	98455	98499	3
CP142623.1	98499	98536	4
CP142623.1	98536	98537	3
CP142623.1	98537	98590	4
CP142623.1	98590	98664	3
CP142623.1	98664	98686	2
CP142623.1	98686	98696	1
CP142623.1	98696	98780	2
CP142623.1	98780	98782	1
CP142623.1	98782	99023	0
CP142623.1	99023	99047	1
CP142623.1	99047	99087	2
CP142623.1	99087	99161	1
CP142623.1	99161	99293	0
CP142623.1	99293	99375	1
CP142623.1	99375	99380	2
CP142623.1	99380	99381	1
CP142623.1	99381	99390	2
CP142623.1	99390	99451	1
CP142623.1	99451	99552	2
CP142623.1	99552	99562	1
CP142623.1	99562	99563	0
CP142623.1	99563	99576	1
CP142623.1	99576	99577	0
CP142623.1	99577	99635	1
CP142623.1	99635	99638	0
CP142623.1	99638	99690	1
CP142623.1	99690	99692	0
CP142623.1	99692	99708	1
CP142623.1	99708	99763	2
CP142623.1	99763	99807	1
CP142623.1	99807	99830	2
CP142623.1	99830	99880	1
CP142623.1	99880	99896	0
CP142623.1	99896	99952	1
CP142623.1	99952	99964	2
CP142623.1	99964	100084	3
CP142623.1	100084	100145	2
CP142623.1	100145	100167	1
CP142623.1	100167	100172	2
CP142623.1	100172	100191	3
CP142623.1	100191	100233	4
CP142623.1	100233	100274	3
CP142623.1	100274	100275	2
CP142623.1	100275	100321	3
CP142623.1	100321	100324	1
CP142623.1	100324	100327	3
CP142623.1	100327	100335	2
CP142623.1	100335	100348	1
CP142623.1	100348	100349	0
CP142623.1	100349	100424	1
CP142623.1	100424	100466	0
CP142623.1	100466	100609	1
CP142623.1	100609	100649	0
CP142623.1	100649	100713	1
CP142623.1	100713	100715	0
CP142623.1	100715	100788	1
CP142623.1	100788	100790	2
CP142623.1	100790	100832	1
CP142623.1	100832	100835	0
CP142623.1	100835	100854	1
CP142623.1	100854	100886	0
CP142623.1	100886	100926	1
CP142623.1	100926	100994	2
CP142623.1	100994	100995	1
CP142623.1	100995	101024	2
CP142623.1	101024	101025	1
CP142623.1	101025	101071	2
CP142623.1	101071	101075	3
CP142623.1	101075	101192	2
CP142623.1	101192	101194	1
CP142623.1	101194	101263	2
CP142623.1	101263	101275	3
CP142623.1	101275	101276	2
CP142623.1	101276	101318	3
CP142623.1	101318	101339	2
CP142623.1	101339	101365	1
CP142623.1	101365	101385	2
CP142623.1	101385	101391	1
CP142623.1	101391	101429	2
CP142623.1	101429	101465	3
CP142623.1	101465	101478	4
CP142623.1	101478	101504	5
CP142623.1	101504	101569	4
CP142623.1	101569	101580	3
CP142623.1	101580	101595	2
CP142623.1	101595	101631	3
CP142623.1	101631	101675	2
CP142623.1	101675	101778	3
CP142623.1	101778	101784	2
CP142623.1	101784	101811	3
CP142623.1	101811	101841	2
CP142623.1	101841	101848	3
CP142623.1	101848	101865	2
CP142623.1	101865	101866	1
CP142623.1	101866	101904	2
CP142623.1	101904	101922	3
CP142623.1	101922	101942	2
CP142623.1	101942	101945	1
CP142623.1	101945	101977	2
CP142623.1	101977	102217	1
CP142623.1	102217	102311	0
CP142623.1	102311	102320	1
CP142623.1	102320	102416	2
CP142623.1	102416	102485	3
CP142623.1	102485	102559	2
CP142623.1	102559	102631	1
CP142623.1	102631	102693	2
CP142623.1	102693	102694	1
CP142623.1	102694	102746	2
CP142623.1	102746	102806	1
CP142623.1	102806	102890	0
CP142623.1	102890	103068	1
CP142623.1	103068	103080	2
CP142623.1	103080	103116	3
CP142623.1	103116	103138	2
CP142623.1	103138	103156	1
CP142623.1	103156	103159	0
CP142623.1	103159	103191	1
CP142623.1	103191	103231	2
CP142623.1	103231	103232	1
CP142623.1	103232	103240	2
CP142623.1	103240	103266	1
CP142623.1	103266	103307	0
CP142623.1	103307	103332	1
CP142623.1	103332	103338	0
CP142623.1	103338	103350	2
CP142623.1	103350	103366	3
CP142623.1	103366	103369	2
CP142623.1	103369	103448	3
CP142623.1	103448	103449	2
CP142623.1	103449	103458	3
CP142623.1	103458	103459	2
CP142623.1	103459	103477	3
CP142623.1	103477	103481	2
CP142623.1	103481	103492	3
CP142623.1	103492	103495	2
CP142623.1	103495	103496	1
CP142623.1	103496	103516	2
CP142623.1	103516	103541	3
CP142623.1	103541	103560	4
CP142623.1	103560	103575	3
CP142623.1	103575	103582	2
CP142623.1	103582	103584	1
CP142623.1	103584	103617	2
CP142623.1	103617	103644	1
CP142623.1	103644	103693	2
CP142623.1	103693	103701	3
CP142623.1	103701	103722	4
CP142623.1	103722	103732	5
CP142623.1	103732	103739	6
CP142623.1	103739	103744	5
CP142623.1	103744	103791	4
CP142623.1	103791	103800	3
CP142623.1	103800	103803	4
CP142623.1	103803	103804	2
CP142623.1	103804	103821	4
CP142623.1	103821	103829	3
CP142623.1	103829	103830	2
CP142623.1	103830	103848	3
CP142623.1	103848	103922	2
CP142623.1	103922	103926	1
CP142623.1	103926	103944	0
CP142623.1	103944	104002	1
CP142623.1	104002	104042	2
CP142623.1	104042	104096	1
CP142623.1	104096	104147	0
CP142623.1	104147	104148	1
CP142623.1	104148	104158	2
CP142623.1	104158	104222	3
CP142623.1	104222	104242	2
CP142623.1	104242	104263	3
CP142623.1	104263	104302	2
CP142623.1	104302	104395	1
CP142623.1	104395	104396	0
CP142623.1	104396	104400	1
CP142623.1	104400	104508	2
CP142623.1	104508	104533	1
CP142623.1	104533	104578	0
CP142623.1	104578	104636	1
CP142623.1	104636	104737	0
CP142623.1	104737	104803	1
CP142623.1	104803	104883	0
CP142623.1	104883	104959	1
CP142623.1	104959	104965	2
CP142623.1	104965	104968	1
CP142623.1	104968	104970	2
CP142623.1	104970	104973	3
CP142623.1	104973	104974	2
CP142623.1	104974	104976	3
CP142623.1	104976	104979	4
CP142623.1	104979	104984	3
CP142623.1	104984	105030	4
CP142623.1	105030	105043	5
CP142623.1	105043	105056	4
CP142623.1	105056	105057	3
CP142623.1	105057	105063	4
CP142623.1	105063	105087	3
CP142623.1	105087	105136	4
CP142623.1	105136	105174	5
CP142623.1	105174	105175	4
CP142623.1	105175	105181	5
CP142623.1	105181	105183	4
CP142623.1	105183	105188	5
CP142623.1	105188	105195	4
CP142623.1	105195	105208	3
CP142623.1	105208	105213	4
CP142623.1	105213	105214	2
CP142623.1	105214	105215	3
CP142623.1	105215	105239	4
CP142623.1	105239	105262	3
CP142623.1	105262	105263	2
CP142623.1	105263	105279	3
CP142623.1	105279	105330	2
CP142623.1	105330	105451	3
CP142623.1	105451	105457	2
CP142623.1	105457	105491	3
CP142623.1	105491	105500	4
CP142623.1	105500	105501	3
CP142623.1	105501	105516	4
CP142623.1	105516	105520	3
CP142623.1	105520	105549	2
CP142623.1	105549	105618	1
CP142623.1	105618	105749	0
CP142623.1	105749	105829	1
CP142623.1	105829	105842	2
CP142623.1	105842	105921	1
CP142623.1	105921	105963	2
CP142623.1	105963	105973	0
CP142623.1	105973	106032	2
CP142623.1	106032	106101	1
CP142623.1	106101	106113	2
CP142623.1	106113	106141	3
CP142623.1	106141	106151	4
CP142623.1	106151	106200	5
CP142623.1	106200	106206	4
CP142623.1	106206	106215	3
CP142623.1	106215	106218	1
CP142623.1	106218	106245	2
CP142623.1	106245	106248	1
CP142623.1	106248	106250	2
CP142623.1	106250	106257	1
CP142623.1	106257	106283	2
CP142623.1	106283	106350	1
CP142623.1	106350	106388	2
CP142623.1	106388	106395	3
CP142623.1	106395	106510	2
CP142623.1	106510	106516	1
CP142623.1	106516	106558	2
CP142623.1	106558	106563	1
CP142623.1	106563	106584	2
CP142623.1	106584	106593	3
CP142623.1	106593	106706	2
CP142623.1	106706	106711	3
CP142623.1	106711	106719	4
CP142623.1	106719	106724	3
CP142623.1	106724	106825	2
CP142623.1	106825	106867	1
CP142623.1	106867	106899	0
CP142623.1	106899	106938	1
CP142623.1	106938	106939	2
CP142623.1	106939	106950	3
CP142623.1	106950	106963	2
CP142623.1	106963	107017	3
CP142623.1	107017	107036	4
CP142623.1	107036	107084	5
CP142623.1	107084	107090	6
CP142623.1	107090	107100	5
CP142623.1	107100	107101	4
CP142623.1	107101	107103	5
CP142623.1	107103	107131	6
CP142623.1	107131	107142	4
CP142623.1	107142	107156	3
CP142623.1	107156	107203	2
CP142623.1	107203	107234	3
CP142623.1	107234	107292	4
CP142623.1	107292	107335	3
CP142623.1	107335	107336	4
CP142623.1	107336	107339	2
CP142623.1	107339	107344	3
CP142623.1	107344	107347	4
CP142623.1	107347	107352	3
CP142623.1	107352	107357	4
CP142623.1	107357	107367	3
CP142623.1	107367	107370	0
CP142623.1	107370	107389	3
CP142623.1	107389	107413	2
CP142623.1	107413	107449	1
CP142623.1	107449	107452	2
CP142623.1	107452	107453	1
CP142623.1	107453	107512	2
CP142623.1	107512	107577	3
CP142623.1	107577	107602	1
CP142623.1	107602	107615	2
CP142623.1	107615	107621	1
CP142623.1	107621	107650	2
CP142623.1	107650	107656	3
CP142623.1	107656	107693	2
CP142623.1	107693	107715	1
CP142623.1	107715	107781	2
CP142623.1	107781	107829	3
CP142623.1	107829	107830	2
CP142623.1	107830	107935	1
CP142623.1	107935	107973	0
CP142623.1	107973	108052	1
CP142623.1	108052	108053	0
CP142623.1	108053	108074	1
CP142623.1	108074	108079	2
CP142623.1	108079	108083	1
CP142623.1	108083	108159	2
CP142623.1	108159	108160	1
CP142623.1	108160	108167	2
CP142623.1	108167	108168	1
CP142623.1	108168	108177	2
CP142623.1	108177	108306	1
CP142623.1	108306	108317	2
CP142623.1	108317	108404	1
CP142623.1	108404	108485	0
CP142623.1	108485	108497	1
CP142623.1	108497	108507	2
CP142623.1	108507	108540	3
CP142623.1	108540	108573	4
CP142623.1	108573	108576	3
CP142623.1	108576	108642	2
CP142623.1	108642	108709	1
CP142623.1	108709	108724	0
CP142623.1	108724	108778	1
CP142623.1	108778	108812	2
CP142623.1	108812	108820	1
CP142623.1	108820	108821	0
CP142623.1	108821	108903	1
CP142623.1	108903	108904	0
CP142623.1	108904	108943	1
CP142623.1	108943	109099	0
CP142623.1	109099	109152	1
CP142623.1	109152	109175	2
CP142623.1	109175	109176	1
CP142623.1	109176	109219	2
CP142623.1	109219	109265	3
CP142623.1	109265	109304	4
CP142623.1	109304	109305	2
CP142623.1	109305	109367	4
CP142623.1	109367	109371	3
CP142623.1	109371	109385	2
CP142623.1	109385	109416	3
CP142623.1	109416	109417	2
CP142623.1	109417	109418	1
CP142623.1	109418	109482	2
CP142623.1	109482	109483	1
CP142623.1	109483	109547	0
CP142623.1	109547	109614	1
CP142623.1	109614	109643	2
CP142623.1	109643	109758	1
CP142623.1	109758	109913	0
CP142623.1	109913	109936	1
CP142623.1	109936	109938	0
CP142623.1	109938	109970	1
CP142623.1	109970	110122	0
CP142623.1	110122	110132	1
CP142623.1	110132	110135	2
CP142623.1	110135	110164	3
CP142623.1	110164	110213	2
CP142623.1	110213	110249	3
CP142623.1	110249	110250	2
CP142623.1	110250	110266	3
CP142623.1	110266	110306	2
CP142623.1	110306	110319	1
CP142623.1	110319	110362	2
CP142623.1	110362	110412	1
CP142623.1	110412	110413	0
CP142623.1	110413	110426	1
CP142623.1	110426	110442	2
CP142623.1	110442	110470	1
CP142623.1	110470	110491	2
CP142623.1	110491	110493	1
CP142623.1	110493	110534	2
CP142623.1	110534	110641	1
CP142623.1	110641	110643	0
CP142623.1	110643	110655	1
CP142623.1	110655	110657	0
CP142623.1	110657	110679	1
CP142623.1	110679	110682	2
CP142623.1	110682	110683	1
CP142623.1	110683	110685	2
CP142623.1	110685	110817	1
CP142623.1	110817	110909	0
CP142623.1	110909	110941	1
CP142623.1	110941	111024	2
CP142623.1	111024	111132	1
CP142623.1	111132	111213	0
CP142623.1	111213	111234	1
CP142623.1	111234	111390	2
CP142623.1	111390	111406	1
CP142623.1	111406	111409	2
CP142623.1	111409	111432	1
CP142623.1	111432	111470	2
CP142623.1	111470	111494	1
CP142623.1	111494	111527	0
CP142623.1	111527	111649	1
CP142623.1	111649	111724	2
CP142623.1	111724	111792	1
CP142623.1	111792	111796	2
CP142623.1	111796	111920	1
CP142623.1	111920	111951	0
CP142623.1	111951	112023	1
CP142623.1	112023	112068	2
CP142623.1	112068	112080	3
CP142623.1	112080	112084	4
CP142623.1	112084	112108	3
CP142623.1	112108	112111	4
CP142623.1	112111	112141	3
CP142623.1	112141	112178	2
CP142623.1	112178	112179	1
CP142623.1	112179	112203	2
CP142623.1	112203	112206	5
CP142623.1	112206	112255	4
CP142623.1	112255	112257	3
CP142623.1	112257	112261	1
CP142623.1	112261	112263	4
CP142623.1	112263	112269	3
CP142623.1	112269	112270	1
CP142623.1	112270	112291	3
CP142623.1	112291	112334	0
CP142623.1	112334	112408	1
CP142623.1	112408	112412	2
CP142623.1	112412	112418	3
CP142623.1	112418	112468	2
CP142623.1	112468	112480	3
CP142623.1	112480	112513	4
CP142623.1	112513	112537	3
CP142623.1	112537	112538	2
CP142623.1	112538	112580	3
CP142623.1	112580	112596	2
CP142623.1	112596	112616	3
CP142623.1	112616	112620	2
CP142623.1	112620	112630	3
CP142623.1	112630	112635	4
CP142623.1	112635	112660	3
CP142623.1	112660	112661	2
CP142623.1	112661	112666	3
CP142623.1	112666	112668	2
CP142623.1	112668	112685	3
CP142623.1	112685	112686	2
CP142623.1	112686	112696	3
CP142623.1	112696	112698	2
CP142623.1	112698	112725	3
CP142623.1	112725	112739	2
CP142623.1	112739	112743	1
CP142623.1	112743	112745	0
CP142623.1	112745	112778	1
CP142623.1	112778	112850	0
CP142623.1	112850	112894	1
CP142623.1	112894	112961	2
CP142623.1	112961	113102	1
CP142623.1	113102	113151	2
CP142623.1	113151	113152	1
CP142623.1	113152	113209	2
CP142623.1	113209	113210	1
CP142623.1	113210	113211	2
CP142623.1	113211	113228	3
CP142623.1	113228	113232	2
CP142623.1	113232	113233	1
CP142623.1	113233	113264	2
CP142623.1	113264	113444	1
CP142623.1	113444	113446	0
CP142623.1	113446	113553	1
CP142623.1	113553	113575	2
CP142623.1	113575	113799	1
CP142623.1	113799	113820	2
CP142623.1	113820	113826	1
CP142623.1	113826	113828	2
CP142623.1	113828	113926	3
CP142623.1	113926	113927	2
CP142623.1	113927	113952	3
CP142623.1	113952	114014	2
CP142623.1	114014	114021	3
CP142623.1	114021	114053	2
CP142623.1	114053	114057	3
CP142623.1	114057	114071	4
CP142623.1	114071	114072	3
CP142623.1	114072	114073	2
CP142623.1	114073	114074	1
CP142623.1	114074	114075	3
CP142623.1	114075	114080	4
CP142623.1	114080	114098	5
CP142623.1	114098	114119	6
CP142623.1	114119	114121	5
CP142623.1	114121	114126	6
CP142623.1	114126	114139	5
CP142623.1	114139	114160	4
CP142623.1	114160	114183	3
CP142623.1	114183	114184	1
CP142623.1	114184	114216	2
CP142623.1	114216	114245	1
CP142623.1	114245	114260	2
CP142623.1	114260	114420	3
CP142623.1	114420	114443	2
CP142623.1	114443	114444	1
CP142623.1	114444	114492	2
CP142623.1	114492	114493	1
CP142623.1	114493	114519	2
CP142623.1	114519	114558	1
CP142623.1	114558	114594	2
CP142623.1	114594	114613	3
CP142623.1	114613	114648	2
CP142623.1	114648	114657	1
CP142623.1	114657	114658	0
CP142623.1	114658	114682	1
CP142623.1	114682	114803	0
CP142623.1	114803	114806	1
CP142623.1	114806	114807	0
CP142623.1	114807	114850	1
CP142623.1	114850	114885	2
CP142623.1	114885	114886	3
CP142623.1	114886	114887	2
CP142623.1	114887	114936	3
CP142623.1	114936	114949	2
CP142623.1	114949	114986	3
CP142623.1	114986	115050	2
CP142623.1	115050	115128	3
CP142623.1	115128	115163	2
CP142623.1	115163	115181	1
CP142623.1	115181	115319	0
CP142623.1	115319	115378	1
CP142623.1	115378	115444	2
CP142623.1	115444	115506	1
CP142623.1	115506	115513	0
CP142623.1	115513	115558	1
CP142623.1	115558	115810	0
CP142623.1	115810	115848	1
CP142623.1	115848	115849	0
CP142623.1	115849	115869	1
CP142623.1	115869	115889	0
CP142623.1	115889	115950	1
CP142623.1	115950	116058	2
CP142623.1	116058	116066	1
CP142623.1	116066	116075	2
CP142623.1	116075	116134	3
CP142623.1	116134	116135	2
CP142623.1	116135	116136	1
CP142623.1	116136	116154	2
CP142623.1	116154	116194	1
CP142623.1	116194	116237	2
CP142623.1	116237	116290	1
CP142623.1	116290	116293	0
CP142623.1	116293	116305	1
CP142623.1	116305	116312	2
CP142623.1	116312	116313	1
CP142623.1	116313	116349	2
CP142623.1	116349	116354	3
CP142623.1	116354	116419	2
CP142623.1	116419	116420	1
CP142623.1	116420	116427	2
CP142623.1	116427	116431	1
CP142623.1	116431	116435	2
CP142623.1	116435	116464	3
CP142623.1	116464	116477	2
CP142623.1	116477	116550	1
CP142623.1	116550	116560	2
CP142623.1	116560	116563	0
CP142623.1	116563	116727	2
CP142623.1	116727	116737	1
CP142623.1	116737	116744	2
CP142623.1	116744	116761	1
CP142623.1	116761	116819	2
CP142623.1	116819	116831	1
CP142623.1	116831	116841	2
CP142623.1	116841	116853	3
CP142623.1	116853	116854	2
CP142623.1	116854	116910	3
CP142623.1	116910	116919	2
CP142623.1	116919	116929	0
CP142623.1	116929	116945	1
CP142623.1	116945	116976	2
CP142623.1	116976	116979	1
CP142623.1	116979	117000	2
CP142623.1	117000	117073	1
CP142623.1	117073	117112	0
CP142623.1	117112	117167	1
CP142623.1	117167	117171	0
CP142623.1	117171	117316	1
CP142623.1	117316	117386	2
CP142623.1	117386	117399	1
CP142623.1	117399	117405	0
CP142623.1	117405	117500	1
CP142623.1	117500	117503	2
CP142623.1	117503	117523	3
CP142623.1	117523	117540	2
CP142623.1	117540	117570	3
CP142623.1	117570	117594	4
CP142623.1	117594	117598	3
CP142623.1	117598	117607	4
CP142623.1	117607	117609	3
CP142623.1	117609	117638	4
CP142623.1	117638	117644	3
CP142623.1	117644	117701	2
CP142623.1	117701	117702	1
CP142623.1	117702	117791	2
CP142623.1	117791	117829	1
CP142623.1	117829	117964	2
CP142623.1	117964	118065	1
CP142623.1	118065	118091	0
CP142623.1	118091	118278	1
CP142623.1	118278	118288	2
CP142623.1	118288	118289	1
CP142623.1	118289	118308	2
CP142623.1	118308	118346	1
CP142623.1	118346	118400	2
CP142623.1	118400	118474	3
CP142623.1	118474	118571	2
CP142623.1	118571	118602	1
CP142623.1	118602	118729	0
CP142623.1	118729	118848	1
CP142623.1	118848	118908	2
CP142623.1	118908	118929	3
CP142623.1	118929	119007	2
CP142623.1	119007	119204	1
CP142623.1	119204	119238	2
CP142623.1	119238	119239	1
CP142623.1	119239	119282	2
CP142623.1	119282	119298	3
CP142623.1	119298	119299	2
CP142623.1	119299	119356	3
CP142623.1	119356	119385	2
CP142623.1	119385	119433	1
CP142623.1	119433	119448	0
CP142623.1	119448	119523	1
CP142623.1	119523	119565	0
CP142623.1	119565	119658	1
CP142623.1	119658	119660	0
CP142623.1	119660	119981	1
CP142623.1	119981	119984	0
CP142623.1	119984	120002	1
CP142623.1	120002	120178	0
CP142623.1	120178	120183	1
CP142623.1	120183	120293	2
CP142623.1	120293	120339	3
CP142623.1	120339	120346	2
CP142623.1	120346	120347	1
CP142623.1	120347	120356	2
CP142623.1	120356	120410	1
CP142623.1	120410	120494	0
CP142623.1	120494	120526	1
CP142623.1	120526	120627	2
CP142623.1	120627	120663	1
CP142623.1	120663	120664	2
CP142623.1	120664	120665	1
CP142623.1	120665	120683	2
CP142623.1	120683	120696	3
CP142623.1	120696	120732	2
CP142623.1	120732	120737	1
CP142623.1	120737	120756	0
CP142623.1	120756	120892	1
CP142623.1	120892	120961	2
CP142623.1	120961	121036	3
CP142623.1	121036	121057	2
CP142623.1	121057	121060	1
CP142623.1	121060	121081	0
CP142623.1	121081	121111	1
CP142623.1	121111	121163	2
CP142623.1	121163	121167	3
CP142623.1	121167	121170	2
CP142623.1	121170	121174	3
CP142623.1	121174	121178	4
CP142623.1	121178	121221	3
CP142623.1	121221	121222	0
CP142623.1	121222	121223	2
CP142623.1	121223	121271	3
CP142623.1	121271	121286	2
CP142623.1	121286	121294	1
CP142623.1	121294	121314	2
CP142623.1	121314	121398	1
CP142623.1	121398	121490	2
CP142623.1	121490	121497	1
CP142623.1	121497	121500	2
CP142623.1	121500	121504	1
CP142623.1	121504	121516	2
CP142623.1	121516	121698	1
CP142623.1	121698	121795	0
CP142623.1	121795	121882	1
CP142623.1	121882	121933	2
CP142623.1	121933	121970	1
CP142623.1	121970	122065	0
CP142623.1	122065	122169	1
CP142623.1	122169	122243	2
CP142623.1	122243	122293	3
CP142623.1	122293	122299	2
CP142623.1	122299	122332	3
CP142623.1	122332	122333	2
CP142623.1	122333	122366	3
CP142623.1	122366	122375	2
CP142623.1	122375	122492	1
CP142623.1	122492	122504	0
CP142623.1	122504	122629	1
CP142623.1	122629	122731	0
CP142623.1	122731	122852	1
CP142623.1	122852	122937	0
CP142623.1	122937	122967	1
CP142623.1	122967	123002	0
CP142623.1	123002	123099	1
CP142623.1	123099	123124	0
CP142623.1	123124	123146	1
CP142623.1	123146	123163	2
CP142623.1	123163	123185	3
CP142623.1	123185	123186	2
CP142623.1	123186	123220	3
CP142623.1	123220	123221	2
CP142623.1	123221	123223	1
CP142623.1	123223	123232	2
CP142623.1	123232	123271	1
CP142623.1	123271	123272	0
CP142623.1	123272	123379	1
CP142623.1	123379	123380	0
CP142623.1	123380	123485	1
CP142623.1	123485	123497	2
CP142623.1	123497	123498	1
CP142623.1	123498	123541	2
CP142623.1	123541	123671	1
CP142623.1	123671	123680	2
CP142623.1	123680	123689	3
CP142623.1	123689	123690	2
CP142623.1	123690	123721	3
CP142623.1	123721	123731	2
CP142623.1	123731	123733	1
CP142623.1	123733	123750	2
CP142623.1	123750	123751	1
CP142623.1	123751	123757	2
CP142623.1	123757	123758	1
CP142623.1	123758	123771	2
CP142623.1	123771	123803	1
CP142623.1	123803	123804	0
CP142623.1	123804	123875	1
CP142623.1	123875	123876	2
CP142623.1	123876	123877	1
CP142623.1	123877	123950	2
CP142623.1	123950	123987	1
CP142623.1	123987	123988	0
CP142623.1	123988	124014	1
CP142623.1	124014	124061	0
CP142623.1	124061	124111	1
CP142623.1	124111	124235	0
CP142623.1	124235	124266	1
CP142623.1	124266	124268	0
CP142623.1	124268	124272	1
CP142623.1	124272	124275	2
CP142623.1	124275	124323	3
CP142623.1	124323	124356	2
CP142623.1	124356	124357	1
CP142623.1	124357	124376	2
CP142623.1	124376	124414	1
CP142623.1	124414	124416	0
CP142623.1	124416	124454	1
CP142623.1	124454	124534	0
CP142623.1	124534	124580	1
CP142623.1	124580	124655	2
CP142623.1	124655	124713	3
CP142623.1	124713	124721	2
CP142623.1	124721	124729	3
CP142623.1	124729	124730	2
CP142623.1	124730	124735	3
CP142623.1	124735	124739	2
CP142623.1	124739	124746	3
CP142623.1	124746	124764	4
CP142623.1	124764	124792	3
CP142623.1	124792	124793	2
CP142623.1	124793	124842	3
CP142623.1	124842	124865	4
CP142623.1	124865	124957	3
CP142623.1	124957	124990	4
CP142623.1	124990	125022	5
CP142623.1	125022	125038	4
CP142623.1	125038	125084	3
CP142623.1	125084	125106	2
CP142623.1	125106	125167	1
CP142623.1	125167	125413	0
CP142623.1	125413	125533	1
CP142623.1	125533	125534	0
CP142623.1	125534	125550	1
CP142623.1	125550	125623	2
CP142623.1	125623	125627	1
CP142623.1	125627	125664	0
CP142623.1	125664	125709	1
CP142623.1	125709	125735	2
CP142623.1	125735	125758	1
CP142623.1	125758	125759	0
CP142623.1	125759	125765	1
CP142623.1	125765	125779	2
CP142623.1	125779	125781	1
CP142623.1	125781	125906	2
CP142623.1	125906	125975	1
CP142623.1	125975	125992	0
CP142623.1	125992	126118	1
CP142623.1	126118	126170	0
CP142623.1	126170	126255	1
CP142623.1	126255	126291	2
CP142623.1	126291	126310	3
CP142623.1	126310	126315	2
CP142623.1	126315	126353	3
CP142623.1	126353	126363	2
CP142623.1	126363	126365	0
CP142623.1	126365	126418	2
CP142623.1	126418	126421	1
CP142623.1	126421	126472	2
CP142623.1	126472	126522	1
CP142623.1	126522	126523	0
CP142623.1	126523	126542	1
CP142623.1	126542	126567	2
CP142623.1	126567	126574	3
CP142623.1	126574	126583	4
CP142623.1	126583	126586	3
CP142623.1	126586	126613	4
CP142623.1	126613	126643	3
CP142623.1	126643	126653	2
CP142623.1	126653	126672	1
CP142623.1	126672	126705	2
CP142623.1	126705	126706	1
CP142623.1	126706	126814	2
CP142623.1	126814	126918	1
CP142623.1	126918	126954	2
CP142623.1	126954	127046	1
CP142623.1	127046	127105	0
CP142623.1	127105	127213	1
CP142623.1	127213	127230	2
CP142623.1	127230	127231	1
CP142623.1	127231	127232	0
CP142623.1	127232	127233	1
CP142623.1	127233	127373	2
CP142623.1	127373	127376	1
CP142623.1	127376	127378	2
CP142623.1	127378	127409	1
CP142623.1	127409	127440	0
CP142623.1	127440	127489	1
CP142623.1	127489	127492	0
CP142623.1	127492	127577	1
CP142623.1	127577	127638	0
CP142623.1	127638	127729	1
CP142623.1	127729	127748	2
CP142623.1	127748	127765	1
CP142623.1	127765	127778	0
CP142623.1	127778	127792	1
CP142623.1	127792	127859	2
CP142623.1	127859	127865	1
CP142623.1	127865	127871	0
CP142623.1	127871	127925	1
CP142623.1	127925	127971	0
CP142623.1	127971	128015	1
CP142623.1	128015	128030	2
CP142623.1	128030	128039	1
CP142623.1	128039	128040	0
CP142623.1	128040	128087	1
CP142623.1	128087	128185	0
CP142623.1	128185	128263	1
CP142623.1	128263	128313	0
CP142623.1	128313	128323	1
CP142623.1	128323	128390	2
CP142623.1	128390	128449	1
CP142623.1	128449	128584	0
CP142623.1	128584	128638	1
CP142623.1	128638	128716	2
CP142623.1	128716	128726	1
CP142623.1	128726	128805	2
CP142623.1	128805	128808	1
CP142623.1	128808	128826	2
CP142623.1	128826	128959	1
CP142623.1	128959	128968	0
CP142623.1	128968	129000	1
CP142623.1	129000	129014	0
CP142623.1	129014	129052	1
CP142623.1	129052	129116	2
CP142623.1	129116	129169	1
CP142623.1	129169	129277	2
CP142623.1	129277	129402	3
CP142623.1	129402	129440	2
CP142623.1	129440	129446	3
CP142623.1	129446	129447	2
CP142623.1	129447	129490	3
CP142623.1	129490	129494	4
CP142623.1	129494	129495	3
CP142623.1	129495	129504	4
CP142623.1	129504	129530	3
CP142623.1	129530	129550	4
CP142623.1	129550	129552	2
CP142623.1	129552	129553	1
CP142623.1	129553	129610	2
CP142623.1	129610	129671	3
CP142623.1	129671	129676	4
CP142623.1	129676	129680	5
CP142623.1	129680	129681	4
CP142623.1	129681	129690	5
CP142623.1	129690	129741	4
CP142623.1	129741	129744	3
CP142623.1	129744	129778	4
CP142623.1	129778	129786	3
CP142623.1	129786	129801	4
CP142623.1	129801	129802	3
CP142623.1	129802	129851	4
CP142623.1	129851	129852	3
CP142623.1	129852	129853	2
CP142623.1	129853	129916	3
CP142623.1	129916	129952	4
CP142623.1	129952	129954	2
CP142623.1	129954	129957	4
CP142623.1	129957	129961	5
CP142623.1	129961	129962	4
CP142623.1	129962	129971	5
CP142623.1	129971	129973	4
CP142623.1	129973	130001	5
CP142623.1	130001	130021	4
CP142623.1	130021	130036	5
CP142623.1	130036	130088	4
CP142623.1	130088	130154	3
CP142623.1	130154	130171	4
CP142623.1	130171	130179	3
CP142623.1	130179	130185	2
CP142623.1	130185	130207	3
CP142623.1	130207	130229	2
CP142623.1	130229	130242	3
CP142623.1	130242	130344	2
CP142623.1	130344	130364	1
CP142623.1	130364	130520	2
CP142623.1	130520	130550	1
CP142623.1	130550	130617	0
CP142623.1	130617	130789	1
CP142623.1	130789	130791	2
CP142623.1	130791	130855	1
CP142623.1	130855	130918	2
CP142623.1	130918	130946	1
CP142623.1	130946	130967	0
CP142623.1	130967	131049	1
CP142623.1	131049	131097	2
CP142623.1	131097	131108	1
CP142623.1	131108	131117	2
CP142623.1	131117	131140	3
CP142623.1	131140	131173	2
CP142623.1	131173	131188	1
CP142623.1	131188	131190	2
CP142623.1	131190	131218	3
CP142623.1	131218	131219	2
CP142623.1	131219	131254	3
CP142623.1	131254	131289	2
CP142623.1	131289	131290	1
CP142623.1	131290	131351	2
CP142623.1	131351	131396	1
CP142623.1	131396	131508	2
CP142623.1	131508	131531	1
CP142623.1	131531	131533	2
CP142623.1	131533	131536	1
CP142623.1	131536	131540	2
CP142623.1	131540	131579	3
CP142623.1	131579	131580	2
CP142623.1	131580	131586	3
CP142623.1	131586	131622	2
CP142623.1	131622	131623	1
CP142623.1	131623	131644	2
CP142623.1	131644	131708	1
CP142623.1	131708	131851	2
CP142623.1	131851	131912	1
CP142623.1	131912	131931	2
CP142623.1	131931	132021	1
CP142623.1	132021	132067	0
CP142623.1	132067	132135	1
CP142623.1	132135	132163	2
CP142623.1	132163	132243	3
CP142623.1	132243	132246	4
CP142623.1	132246	132257	3
CP142623.1	132257	132258	4
CP142623.1	132258	132262	3
CP142623.1	132262	132263	2
CP142623.1	132263	132371	3
CP142623.1	132371	132395	2
CP142623.1	132395	132403	1
CP142623.1	132403	132554	0
CP142623.1	132554	132624	1
CP142623.1	132624	132643	2
CP142623.1	132643	132684	3
CP142623.1	132684	132685	2
CP142623.1	132685	132705	3
CP142623.1	132705	132709	2
CP142623.1	132709	132755	3
CP142623.1	132755	132780	2
CP142623.1	132780	132793	3
CP142623.1	132793	132824	2
CP142623.1	132824	132826	1
CP142623.1	132826	132903	2
CP142623.1	132903	132905	1
CP142623.1	132905	132975	0
CP142623.1	132975	133053	1
CP142623.1	133053	133074	2
CP142623.1	133074	133075	1
CP142623.1	133075	133133	2
CP142623.1	133133	133236	3
CP142623.1	133236	133241	2
CP142623.1	133241	133280	3
CP142623.1	133280	133300	2
CP142623.1	133300	133452	1
CP142623.1	133452	133493	0
CP142623.1	133493	133501	1
CP142623.1	133501	133557	2
CP142623.1	133557	133558	0
CP142623.1	133558	133568	2
CP142623.1	133568	133626	3
CP142623.1	133626	133680	2
CP142623.1	133680	133682	3
CP142623.1	133682	133703	2
CP142623.1	133703	133794	3
CP142623.1	133794	133795	2
CP142623.1	133795	133845	3
CP142623.1	133845	133862	2
CP142623.1	133862	133864	3
CP142623.1	133864	133984	2
CP142623.1	133984	133987	1
CP142623.1	133987	134018	2
CP142623.1	134018	134019	1
CP142623.1	134019	134033	2
CP142623.1	134033	134071	3
CP142623.1	134071	134156	2
CP142623.1	134156	134157	1
CP142623.1	134157	134158	0
CP142623.1	134158	134185	1
CP142623.1	134185	134244	2
CP142623.1	134244	134274	3
CP142623.1	134274	134275	2
CP142623.1	134275	134283	3
CP142623.1	134283	134286	4
CP142623.1	134286	134288	3
CP142623.1	134288	134296	4
CP142623.1	134296	134374	3
CP142623.1	134374	134412	2
CP142623.1	134412	134463	1
CP142623.1	134463	134504	0
CP142623.1	134504	134528	1
CP142623.1	134528	134585	2
CP142623.1	134585	134586	1
CP142623.1	134586	134587	2
CP142623.1	134587	134588	1
CP142623.1	134588	134625	2
CP142623.1	134625	134672	3
CP142623.1	134672	134673	2
CP142623.1	134673	134679	3
CP142623.1	134679	134685	2
CP142623.1	134685	134721	3
CP142623.1	134721	134723	1
CP142623.1	134723	134799	2
CP142623.1	134799	134800	3
CP142623.1	134800	134815	2
CP142623.1	134815	134821	3
CP142623.1	134821	134844	2
CP142623.1	134844	134845	1
CP142623.1	134845	134868	2
CP142623.1	134868	134952	1
CP142623.1	134952	134992	0
CP142623.1	134992	135073	1
CP142623.1	135073	135132	0
CP142623.1	135132	135289	1
CP142623.1	135289	135457	0
CP142623.1	135457	135477	1
CP142623.1	135477	135488	2
CP142623.1	135488	135495	1
CP142623.1	135495	135585	2
CP142623.1	135585	135587	3
CP142623.1	135587	135628	2
CP142623.1	135628	135639	3
CP142623.1	135639	135640	2
CP142623.1	135640	135644	3
CP142623.1	135644	135678	4
CP142623.1	135678	135694	3
CP142623.1	135694	135695	2
CP142623.1	135695	135709	3
CP142623.1	135709	135746	2
CP142623.1	135746	135840	3
CP142623.1	135840	135867	4
CP142623.1	135867	135868	3
CP142623.1	135868	135874	4
CP142623.1	135874	135997	3
CP142623.1	135997	135998	2
CP142623.1	135998	136002	1
CP142623.1	136002	136008	2
CP142623.1	136008	136012	3
CP142623.1	136012	136013	2
CP142623.1	136013	136029	3
CP142623.1	136029	136081	2
CP142623.1	136081	136082	1
CP142623.1	136082	136106	3
CP142623.1	136106	136126	2
CP142623.1	136126	136149	3
CP142623.1	136149	136225	2
CP142623.1	136225	136232	1
CP142623.1	136232	136237	2
CP142623.1	136237	136319	3
CP142623.1	136319	136352	2
CP142623.1	136352	136353	1
CP142623.1	136353	136368	2
CP142623.1	136368	136369	1
CP142623.1	136369	136397	2
CP142623.1	136397	136398	1
CP142623.1	136398	136405	2
CP142623.1	136405	136434	1
CP142623.1	136434	136456	0
CP142623.1	136456	136546	1
CP142623.1	136546	136701	0
CP142623.1	136701	136718	1
CP142623.1	136718	136743	3
CP142623.1	136743	136766	4
CP142623.1	136766	136786	2
CP142623.1	136786	136787	0
CP142623.1	136787	136788	1
CP142623.1	136788	136793	2
CP142623.1	136793	136798	3
CP142623.1	136798	136814	2
CP142623.1	136814	136830	1
CP142623.1	136830	136950	0
CP142623.1	136950	136958	1
CP142623.1	136958	136965	2
CP142623.1	136965	136968	1
CP142623.1	136968	137153	2
CP142623.1	137153	137196	1
CP142623.1	137196	137282	0
CP142623.1	137282	137307	1
CP142623.1	137307	137308	0
CP142623.1	137308	137337	1
CP142623.1	137337	137391	2
CP142623.1	137391	137392	1
CP142623.1	137392	137394	2
CP142623.1	137394	137434	1
CP142623.1	137434	137436	2
CP142623.1	137436	137462	3
CP142623.1	137462	137484	2
CP142623.1	137484	137496	1
CP142623.1	137496	137509	0
CP142623.1	137509	137513	1
CP142623.1	137513	137565	2
CP142623.1	137565	137568	1
CP142623.1	137568	137569	0
CP142623.1	137569	137621	1
CP142623.1	137621	137623	0
CP142623.1	137623	137624	1
CP142623.1	137624	137632	2
CP142623.1	137632	137633	3
CP142623.1	137633	137638	2
CP142623.1	137638	137660	3
CP142623.1	137660	137695	2
CP142623.1	137695	137776	3
CP142623.1	137776	137780	2
CP142623.1	137780	137802	1
CP142623.1	137802	137806	0
CP142623.1	137806	137835	1
CP142623.1	137835	137847	0
CP142623.1	137847	137850	1
CP142623.1	137850	137856	2
CP142623.1	137856	137888	3
CP142623.1	137888	137926	2
CP142623.1	137926	137953	3
CP142623.1	137953	137971	2
CP142623.1	137971	137999	3
CP142623.1	137999	138029	4
CP142623.1	138029	138085	3
CP142623.1	138085	138185	2
CP142623.1	138185	138186	1
CP142623.1	138186	138241	0
CP142623.1	138241	138300	1
CP142623.1	138300	138600	0
CP142623.1	138600	138724	1
CP142623.1	138724	138754	2
CP142623.1	138754	138812	3
CP142623.1	138812	138847	2
CP142623.1	138847	138849	1
CP142623.1	138849	138859	2
CP142623.1	138859	138958	1
CP142623.1	138958	139077	0
CP142623.1	139077	139162	1
CP142623.1	139162	139209	0
CP142623.1	139209	139329	1
CP142623.1	139329	139334	0
CP142623.1	139334	139351	1
CP142623.1	139351	139352	0
CP142623.1	139352	139384	1
CP142623.1	139384	139388	0
CP142623.1	139388	139401	1
CP142623.1	139401	139448	2
CP142623.1	139448	139457	1
CP142623.1	139457	139488	0
CP142623.1	139488	139508	1
CP142623.1	139508	139574	2
CP142623.1	139574	139675	3
CP142623.1	139675	139679	2
CP142623.1	139679	139682	1
CP142623.1	139682	139684	2
CP142623.1	139684	139768	1
CP142623.1	139768	139906	0
CP142623.1	139906	139909	1
CP142623.1	139909	139922	2
CP142623.1	139922	139926	1
CP142623.1	139926	139964	2
CP142623.1	139964	139980	1
CP142623.1	139980	139981	0
CP142623.1	139981	140024	1
CP142623.1	140024	140056	2
CP142623.1	140056	140092	3
CP142623.1	140092	140094	2
CP142623.1	140094	140173	3
CP142623.1	140173	140198	2
CP142623.1	140198	140227	1
CP142623.1	140227	140260	2
CP142623.1	140260	140311	1
CP142623.1	140311	140517	0
CP142623.1	140517	140549	1
CP142623.1	140549	140613	2
CP142623.1	140613	140618	1
CP142623.1	140618	140632	2
CP142623.1	140632	140661	3
CP142623.1	140661	140733	2
CP142623.1	140733	140843	1
CP142623.1	140843	140917	2
CP142623.1	140917	140968	3
CP142623.1	140968	140970	2
CP142623.1	140970	141020	1
CP142623.1	141020	141049	2
CP142623.1	141049	141081	3
CP142623.1	141081	141082	2
CP142623.1	141082	141153	3
CP142623.1	141153	141205	4
CP142623.1	141205	141224	3
CP142623.1	141224	141241	2
CP142623.1	141241	141264	1
CP142623.1	141264	141272	0
CP142623.1	141272	141394	1
CP142623.1	141394	141405	0
CP142623.1	141405	141406	1
CP142623.1	141406	141461	2
CP142623.1	141461	141496	1
CP142623.1	141496	141519	0
CP142623.1	141519	141556	1
CP142623.1	141556	141626	2
CP142623.1	141626	141766	1
CP142623.1	141766	141780	2
CP142623.1	141780	141815	1
CP142623.1	141815	141845	2
CP142623.1	141845	141860	1
CP142623.1	141860	141871	2
CP142623.1	141871	141973	1
CP142623.1	141973	142032	2
CP142623.1	142032	142051	3
CP142623.1	142051	142052	2
CP142623.1	142052	142060	1
CP142623.1	142060	142070	2
CP142623.1	142070	142086	3
CP142623.1	142086	142095	4
CP142623.1	142095	142096	1
CP142623.1	142096	142152	3
CP142623.1	142152	142160	4
CP142623.1	142160	142201	3
CP142623.1	142201	142237	4
CP142623.1	142237	142256	3
CP142623.1	142256	142300	2
CP142623.1	142300	142301	1
CP142623.1	142301	142314	2
CP142623.1	142314	142323	1
CP142623.1	142323	142359	2
CP142623.1	142359	142386	3
CP142623.1	142386	142409	4
CP142623.1	142409	142410	3
CP142623.1	142410	142417	4
CP142623.1	142417	142452	3
CP142623.1	142452	142460	4
CP142623.1	142460	142461	3
CP142623.1	142461	142476	4
CP142623.1	142476	142496	3
CP142623.1	142496	142499	2
CP142623.1	142499	142500	1
CP142623.1	142500	142520	2
CP142623.1	142520	142578	1
CP142623.1	142578	142580	0
CP142623.1	142580	142651	1
CP142623.1	142651	142970	0
CP142623.1	142970	142995	1
CP142623.1	142995	143055	2
CP142623.1	143055	143084	3
CP142623.1	143084	143137	4
CP142623.1	143137	143160	3
CP142623.1	143160	143200	2
CP142623.1	143200	143216	3
CP142623.1	143216	143217	2
CP142623.1	143217	143255	1
CP142623.1	143255	143281	2
CP142623.1	143281	143420	3
CP142623.1	143420	143510	2
CP142623.1	143510	143511	3
CP142623.1	143511	143596	2
CP142623.1	143596	143639	1
CP142623.1	143639	143654	2
CP142623.1	143654	143693	3
CP142623.1	143693	143782	2
CP142623.1	143782	143786	1
CP142623.1	143786	143802	2
CP142623.1	143802	143823	3
CP142623.1	143823	143836	4
CP142623.1	143836	143892	3
CP142623.1	143892	143894	2
CP142623.1	143894	143904	3
CP142623.1	143904	143908	2
CP142623.1	143908	143939	3
CP142623.1	143939	143995	2
CP142623.1	143995	144020	3
CP142623.1	144020	144048	2
CP142623.1	144048	144070	1
CP142623.1	144070	144078	2
CP142623.1	144078	144097	1
CP142623.1	144097	144133	2
CP142623.1	144133	144161	3
CP142623.1	144161	144193	4
CP142623.1	144193	144239	3
CP142623.1	144239	144293	2
CP142623.1	144293	144317	1
CP142623.1	144317	144354	2
CP142623.1	144354	144364	1
CP142623.1	144364	144365	0
CP142623.1	144365	144369	1
CP142623.1	144369	144376	2
CP142623.1	144376	144398	1
CP142623.1	144398	144399	0
CP142623.1	144399	144448	1
CP142623.1	144448	144488	0
CP142623.1	144488	144492	1
CP142623.1	144492	144542	2
CP142623.1	144542	144545	1
CP142623.1	144545	144572	2
CP142623.1	144572	144595	1
CP142623.1	144595	144680	2
CP142623.1	144680	144697	3
CP142623.1	144697	144760	4
CP142623.1	144760	144776	3
CP142623.1	144776	144801	2
CP142623.1	144801	144816	1
CP142623.1	144816	144817	0
CP142623.1	144817	144854	1
CP142623.1	144854	144860	2
CP142623.1	144860	144933	3
CP142623.1	144933	144937	2
CP142623.1	144937	144972	1
CP142623.1	144972	145027	2
CP142623.1	145027	145099	1
CP142623.1	145099	145153	0
CP142623.1	145153	145270	1
CP142623.1	145270	145330	2
CP142623.1	145330	145358	3
CP142623.1	145358	145399	4
CP142623.1	145399	145408	3
CP142623.1	145408	145426	2
CP142623.1	145426	145496	3
CP142623.1	145496	145517	2
CP142623.1	145517	145524	3
CP142623.1	145524	145529	2
CP142623.1	145529	145530	1
CP142623.1	145530	145602	2
CP142623.1	145602	145609	3
CP142623.1	145609	145618	4
CP142623.1	145618	145657	3
CP142623.1	145657	145658	2
CP142623.1	145658	145688	3
CP142623.1	145688	145703	4
CP142623.1	145703	145708	3
CP142623.1	145708	145712	4
CP142623.1	145712	145770	3
CP142623.1	145770	145835	2
CP142623.1	145835	145958	1
CP142623.1	145958	145986	2
CP142623.1	145986	146104	1
CP142623.1	146104	146160	2
CP142623.1	146160	146206	1
CP142623.1	146206	146340	0
CP142623.1	146340	146411	1
CP142623.1	146411	146433	0
CP142623.1	146433	146465	1
CP142623.1	146465	146470	2
CP142623.1	146470	146479	3
CP142623.1	146479	146496	4
CP142623.1	146496	146497	3
CP142623.1	146497	146524	4
CP142623.1	146524	146525	5
CP142623.1	146525	146535	6
CP142623.1	146535	146574	5
CP142623.1	146574	146575	4
CP142623.1	146575	146576	0
CP142623.1	146576	146577	1
CP142623.1	146577	146579	3
CP142623.1	146579	146580	4
CP142623.1	146580	146657	5
CP142623.1	146657	146665	4
CP142623.1	146665	146668	2
CP142623.1	146668	146673	4
CP142623.1	146673	146729	3
CP142623.1	146729	146730	2
CP142623.1	146730	146750	3
CP142623.1	146750	146758	2
CP142623.1	146758	146811	3
CP142623.1	146811	146817	4
CP142623.1	146817	146839	5
CP142623.1	146839	146872	4
CP142623.1	146872	146914	3
CP142623.1	146914	146925	2
CP142623.1	146925	146975	1
CP142623.1	146975	147014	3
CP142623.1	147014	147034	2
CP142623.1	147034	147145	1
CP142623.1	147145	147202	2
CP142623.1	147202	147203	1
CP142623.1	147203	147347	0
CP142623.1	147347	147400	1
CP142623.1	147400	147402	0
CP142623.1	147402	147441	1
CP142623.1	147441	147501	2
CP142623.1	147501	147502	1
CP142623.1	147502	147522	2
CP142623.1	147522	147550	1
CP142623.1	147550	147632	0
CP142623.1	147632	147795	1
CP142623.1	147795	148132	0
CP142623.1	148132	148175	1
CP142623.1	148175	148316	2
CP142623.1	148316	148336	3
CP142623.1	148336	148344	2
CP142623.1	148344	148347	0
CP142623.1	148347	148351	1
CP142623.1	148351	148365	2
CP142623.1	148365	148512	1
CP142623.1	148512	148529	2
CP142623.1	148529	148570	1
CP142623.1	148570	148571	0
CP142623.1	148571	148587	1
CP142623.1	148587	148600	0
CP142623.1	148600	148618	1
CP142623.1	148618	148621	2
CP142623.1	148621	148668	3
CP142623.1	148668	148691	2
CP142623.1	148691	148692	1
CP142623.1	148692	148722	2
CP142623.1	148722	148723	1
CP142623.1	148723	148733	2
CP142623.1	148733	148778	1
CP142623.1	148778	148862	0
CP142623.1	148862	148945	1
CP142623.1	148945	149092	2
CP142623.1	149092	149098	1
CP142623.1	149098	149099	0
CP142623.1	149099	149108	1
CP142623.1	149108	149120	0
CP142623.1	149120	149146	1
CP142623.1	149146	149206	2
CP142623.1	149206	149238	3
CP142623.1	149238	149241	2
CP142623.1	149241	149283	1
CP142623.1	149283	149398	0
CP142623.1	149398	149442	1
CP142623.1	149442	149443	0
CP142623.1	149443	149735	1
CP142623.1	149735	149736	0
CP142623.1	149736	149739	1
CP142623.1	149739	149740	0
CP142623.1	149740	149760	1
CP142623.1	149760	149763	0
CP142623.1	149763	149816	1
CP142623.1	149816	149834	0
CP142623.1	149834	149942	1
CP142623.1	149942	150013	2
CP142623.1	150013	150106	1
CP142623.1	150106	150168	2
CP142623.1	150168	150182	3
CP142623.1	150182	150190	2
CP142623.1	150190	150292	1
CP142623.1	150292	150301	2
CP142623.1	150301	150389	1
CP142623.1	150389	150439	2
CP142623.1	150439	150440	1
CP142623.1	150440	150500	2
CP142623.1	150500	150530	1
CP142623.1	150530	150812	0
CP142623.1	150812	150862	1
CP142623.1	150862	150865	0
CP142623.1	150865	150871	1
CP142623.1	150871	150901	2
CP142623.1	150901	150920	1
CP142623.1	150920	150924	2
CP142623.1	150924	151043	1
CP142623.1	151043	151049	2
CP142623.1	151049	151050	1
CP142623.1	151050	151060	2
CP142623.1	151060	151063	1
CP142623.1	151063	151066	2
CP142623.1	151066	151085	3
CP142623.1	151085	151086	2
CP142623.1	151086	151140	3
CP142623.1	151140	151142	2
CP142623.1	151142	151145	3
CP142623.1	151145	151162	4
CP142623.1	151162	151226	3
CP142623.1	151226	151232	2
CP142623.1	151232	151252	1
CP142623.1	151252	151255	0
CP142623.1	151255	151295	1
CP142623.1	151295	151361	2
CP142623.1	151361	151482	1
CP142623.1	151482	151484	0
CP142623.1	151484	151597	1
CP142623.1	151597	151613	2
CP142623.1	151613	151614	1
CP142623.1	151614	151627	2
CP142623.1	151627	151675	3
CP142623.1	151675	151742	2
CP142623.1	151742	151808	1
CP142623.1	151808	151873	0
CP142623.1	151873	151975	1
CP142623.1	151975	152002	2
CP142623.1	152002	152041	1
CP142623.1	152041	152043	0
CP142623.1	152043	152057	1
CP142623.1	152057	152231	0
CP142623.1	152231	152349	1
CP142623.1	152349	152408	2
CP142623.1	152408	152433	3
CP142623.1	152433	152434	2
CP142623.1	152434	152437	3
CP142623.1	152437	152487	2
CP142623.1	152487	152541	1
CP142623.1	152541	152551	2
CP142623.1	152551	152634	1
CP142623.1	152634	152700	2
CP142623.1	152700	152732	3
CP142623.1	152732	152751	4
CP142623.1	152751	152822	3
CP142623.1	152822	152832	2
CP142623.1	152832	152838	1
CP142623.1	152838	152842	2
CP142623.1	152842	152861	1
CP142623.1	152861	152907	2
CP142623.1	152907	152989	1
CP142623.1	152989	153021	2
CP142623.1	153021	153033	1
CP142623.1	153033	153035	2
CP142623.1	153035	153077	1
CP142623.1	153077	153135	0
CP142623.1	153135	153166	1
CP142623.1	153166	153185	2
CP142623.1	153185	153186	3
CP142623.1	153186	153188	2
CP142623.1	153188	153252	3
CP142623.1	153252	153255	2
CP142623.1	153255	153435	1
CP142623.1	153435	153437	2
CP142623.1	153437	153547	3
CP142623.1	153547	153569	2
CP142623.1	153569	153613	1
CP142623.1	153613	153636	2
CP142623.1	153636	153659	1
CP142623.1	153659	153664	2
CP142623.1	153664	153676	3
CP142623.1	153676	153699	4
CP142623.1	153699	153732	3
CP142623.1	153732	153763	2
CP142623.1	153763	153767	1
CP142623.1	153767	153825	2
CP142623.1	153825	153842	3
CP142623.1	153842	153859	2
CP142623.1	153859	153880	1
CP142623.1	153880	153956	0
CP142623.1	153956	153990	1
CP142623.1	153990	154001	2
CP142623.1	154001	154038	3
CP142623.1	154038	154039	4
CP142623.1	154039	154040	3
CP142623.1	154040	154055	4
CP142623.1	154055	154056	3
CP142623.1	154056	154064	4
CP142623.1	154064	154065	3
CP142623.1	154065	154068	4
CP142623.1	154068	154093	3
CP142623.1	154093	154100	2
CP142623.1	154100	154101	1
CP142623.1	154101	154107	2
CP142623.1	154107	154108	1
CP142623.1	154108	154121	2
CP142623.1	154121	154122	1
CP142623.1	154122	154169	2
CP142623.1	154169	154216	3
CP142623.1	154216	154250	4
CP142623.1	154250	154251	3
CP142623.1	154251	154255	4
CP142623.1	154255	154286	3
CP142623.1	154286	154312	2
CP142623.1	154312	154382	1
CP142623.1	154382	154383	0
CP142623.1	154383	154406	1
CP142623.1	154406	154420	0
CP142623.1	154420	154524	1
CP142623.1	154524	154540	2
CP142623.1	154540	154541	1
CP142623.1	154541	154561	2
CP142623.1	154561	154566	3
CP142623.1	154566	154567	1
CP142623.1	154567	154568	2
CP142623.1	154568	154577	3
CP142623.1	154577	154604	2
CP142623.1	154604	154626	1
CP142623.1	154626	154627	0
CP142623.1	154627	154702	1
CP142623.1	154702	154835	0
CP142623.1	154835	154894	1
CP142623.1	154894	154937	0
CP142623.1	154937	154966	1
CP142623.1	154966	154978	2
CP142623.1	154978	154981	1
CP142623.1	154981	154988	2
CP142623.1	154988	154989	1
CP142623.1	154989	155014	2
CP142623.1	155014	155020	1
CP142623.1	155020	155030	2
CP142623.1	155030	155031	1
CP142623.1	155031	155078	2
CP142623.1	155078	155079	1
CP142623.1	155079	155081	2
CP142623.1	155081	155086	3
CP142623.1	155086	155113	2
CP142623.1	155113	155148	3
CP142623.1	155148	155149	2
CP142623.1	155149	155159	3
CP142623.1	155159	155163	4
CP142623.1	155163	155241	3
CP142623.1	155241	155277	4
CP142623.1	155277	155311	2
CP142623.1	155311	155370	1
CP142623.1	155370	155460	2
CP142623.1	155460	155462	1
CP142623.1	155462	155497	2
CP142623.1	155497	155511	3
CP142623.1	155511	155576	2
CP142623.1	155576	155627	1
CP142623.1	155627	155725	0
CP142623.1	155725	155781	1
CP142623.1	155781	155784	0
CP142623.1	155784	155814	1
CP142623.1	155814	155815	0
CP142623.1	155815	155834	1
CP142623.1	155834	155916	2
CP142623.1	155916	155932	3
CP142623.1	155932	155966	2
CP142623.1	155966	155967	1
CP142623.1	155967	155989	2
CP142623.1	155989	155990	1
CP142623.1	155990	156023	2
CP142623.1	156023	156069	1
CP142623.1	156069	156120	2
CP142623.1	156120	156122	3
CP142623.1	156122	156123	2
CP142623.1	156123	156134	3
CP142623.1	156134	156204	2
CP142623.1	156204	156265	3
CP142623.1	156265	156306	4
CP142623.1	156306	156307	3
CP142623.1	156307	156315	4
CP142623.1	156315	156316	2
CP142623.1	156316	156346	4
CP142623.1	156346	156347	3
CP142623.1	156347	156357	4
CP142623.1	156357	156360	3
CP142623.1	156360	156362	5
CP142623.1	156362	156374	4
CP142623.1	156374	156380	3
CP142623.1	156380	156400	4
CP142623.1	156400	156430	3
CP142623.1	156430	156474	2
CP142623.1	156474	156510	1
CP142623.1	156510	156614	0
CP142623.1	156614	156646	1
CP142623.1	156646	156693	2
CP142623.1	156693	156703	3
CP142623.1	156703	156705	2
CP142623.1	156705	156706	3
CP142623.1	156706	156707	2
CP142623.1	156707	156708	3
CP142623.1	156708	156745	4
CP142623.1	156745	156748	3
CP142623.1	156748	156758	4
CP142623.1	156758	156770	3
CP142623.1	156770	156778	2
CP142623.1	156778	156785	1
CP142623.1	156785	156800	2
CP142623.1	156800	156803	1
CP142623.1	156803	156861	2
CP142623.1	156861	156877	1
CP142623.1	156877	156975	0
CP142623.1	156975	157022	1
CP142623.1	157022	157051	2
CP142623.1	157051	157053	3
CP142623.1	157053	157103	2
CP142623.1	157103	157147	3
CP142623.1	157147	157165	2
CP142623.1	157165	157171	3
CP142623.1	157171	157176	2
CP142623.1	157176	157346	1
CP142623.1	157346	157402	0
CP142623.1	157402	157468	1
CP142623.1	157468	157483	2
CP142623.1	157483	157532	3
CP142623.1	157532	157544	4
CP142623.1	157544	157591	3
CP142623.1	157591	157594	2
CP142623.1	157594	157650	1
CP142623.1	157650	157661	2
CP142623.1	157661	157702	1
CP142623.1	157702	157703	0
CP142623.1	157703	157712	1
CP142623.1	157712	157740	2
CP142623.1	157740	157752	1
CP142623.1	157752	157776	2
CP142623.1	157776	157780	3
CP142623.1	157780	157847	2
CP142623.1	157847	157848	1
CP142623.1	157848	157874	2
CP142623.1	157874	157923	3
CP142623.1	157923	157929	4
CP142623.1	157929	158029	3
CP142623.1	158029	158046	2
CP142623.1	158046	158081	1
CP142623.1	158081	158144	0
CP142623.1	158144	158234	1
CP142623.1	158234	158252	0
CP142623.1	158252	158350	1
CP142623.1	158350	158374	0
CP142623.1	158374	158448	1
CP142623.1	158448	158503	0
CP142623.1	158503	158547	1
CP142623.1	158547	158555	2
CP142623.1	158555	158616	1
CP142623.1	158616	158733	0
CP142623.1	158733	158774	1
CP142623.1	158774	158808	2
CP142623.1	158808	158810	1
CP142623.1	158810	159023	2
CP142623.1	159023	159032	1
CP142623.1	159032	159074	2
CP142623.1	159074	159115	3
CP142623.1	159115	159202	2
CP142623.1	159202	159239	3
CP142623.1	159239	159242	4
CP142623.1	159242	159265	3
CP142623.1	159265	159356	2
CP142623.1	159356	159480	1
CP142623.1	159480	159752	0
CP142623.1	159752	159878	1
CP142623.1	159878	159880	3
CP142623.1	159880	159998	2
CP142623.1	159998	160023	1
CP142623.1	160023	160091	2
CP142623.1	160091	160118	3
CP142623.1	160118	160173	2
CP142623.1	160173	160335	1
CP142623.1	160335	160402	0
CP142623.1	160402	160509	1
CP142623.1	160509	160577	2
CP142623.1	160577	160609	1
CP142623.1	160609	160617	2
CP142623.1	160617	160704	1
CP142623.1	160704	160748	2
CP142623.1	160748	160791	1
CP142623.1	160791	160792	0
CP142623.1	160792	160808	1
CP142623.1	160808	160820	2
CP142623.1	160820	160821	1
CP142623.1	160821	160901	2
CP142623.1	160901	160955	1
CP142623.1	160955	160999	2
CP142623.1	160999	161002	1
CP142623.1	161002	161013	2
CP142623.1	161013	161045	3
CP142623.1	161045	161052	4
CP142623.1	161052	161056	3
CP142623.1	161056	161083	4
CP142623.1	161083	161109	3
CP142623.1	161109	161163	1
CP142623.1	161163	161178	0
CP142623.1	161178	161214	1
CP142623.1	161214	161215	0
CP142623.1	161215	161224	1
CP142623.1	161224	161250	2
CP142623.1	161250	161255	3
CP142623.1	161255	161258	2
CP142623.1	161258	161289	3
CP142623.1	161289	161295	2
CP142623.1	161295	161300	3
CP142623.1	161300	161301	2
CP142623.1	161301	161328	3
CP142623.1	161328	161333	4
CP142623.1	161333	161334	3
CP142623.1	161334	161355	2
CP142623.1	161355	161364	3
CP142623.1	161364	161406	2
CP142623.1	161406	161411	1
CP142623.1	161411	161428	2
CP142623.1	161428	161479	3
CP142623.1	161479	161484	2
CP142623.1	161484	161485	1
CP142623.1	161485	161488	2
CP142623.1	161488	161495	1
CP142623.1	161495	161613	2
CP142623.1	161613	161659	1
CP142623.1	161659	161689	0
CP142623.1	161689	161761	1
CP142623.1	161761	161775	0
CP142623.1	161775	161846	1
CP142623.1	161846	161882	0
CP142623.1	161882	161896	1
CP142623.1	161896	161981	2
CP142623.1	161981	161987	3
CP142623.1	161987	161988	2
CP142623.1	161988	161991	3
CP142623.1	161991	162010	4
CP142623.1	162010	162022	3
CP142623.1	162022	162094	4
CP142623.1	162094	162106	3
CP142623.1	162106	162134	2
CP142623.1	162134	162152	1
CP142623.1	162152	162154	2
CP142623.1	162154	162155	1
CP142623.1	162155	162190	2
CP142623.1	162190	162199	3
CP142623.1	162199	162256	2
CP142623.1	162256	162287	1
CP142623.1	162287	162546	0
CP142623.1	162546	162623	1
CP142623.1	162623	162669	0
CP142623.1	162669	162733	1
CP142623.1	162733	162740	0
CP142623.1	162740	162776	1
CP142623.1	162776	162901	2
CP142623.1	162901	162911	3
CP142623.1	162911	162914	4
CP142623.1	162914	162916	3
CP142623.1	162916	162925	4
CP142623.1	162925	162982	3
CP142623.1	162982	163025	4
CP142623.1	163025	163049	3
CP142623.1	163049	163092	4
CP142623.1	163092	163137	3
CP142623.1	163137	163175	2
CP142623.1	163175	163215	3
CP142623.1	163215	163216	2
CP142623.1	163216	163251	3
CP142623.1	163251	163273	2
CP142623.1	163273	163291	1
CP142623.1	163291	163454	0
CP142623.1	163454	163468	1
CP142623.1	163468	163471	2
CP142623.1	163471	163535	3
CP142623.1	163535	163546	2
CP142623.1	163546	163665	3
CP142623.1	163665	163692	2
CP142623.1	163692	163732	1
CP142623.1	163732	163736	0
CP142623.1	163736	163775	1
CP142623.1	163775	163776	0
CP142623.1	163776	163913	1
CP142623.1	163913	163915	2
CP142623.1	163915	163931	3
CP142623.1	163931	163951	2
CP142623.1	163951	163985	3
CP142623.1	163985	163987	2
CP142623.1	163987	164044	1
CP142623.1	164044	164122	0
CP142623.1	164122	164195	1
CP142623.1	164195	164207	2
CP142623.1	164207	164235	1
CP142623.1	164235	164283	2
CP142623.1	164283	164356	1
CP142623.1	164356	164612	0
CP142623.1	164612	164651	1
CP142623.1	164651	164652	0
CP142623.1	164652	164695	1
CP142623.1	164695	164752	2
CP142623.1	164752	164753	1
CP142623.1	164753	164780	0
CP142623.1	164780	164845	1
CP142623.1	164845	164932	2
CP142623.1	164932	164958	1
CP142623.1	164958	165022	0
CP142623.1	165022	165080	1
CP142623.1	165080	165163	0
CP142623.1	165163	165368	1
CP142623.1	165368	165417	0
CP142623.1	165417	165524	1
CP142623.1	165524	165532	2
CP142623.1	165532	165628	1
CP142623.1	165628	165639	0
CP142623.1	165639	165751	1
CP142623.1	165751	165767	0
CP142623.1	165767	165934	1
CP142623.1	165934	165949	2
CP142623.1	165949	166002	3
CP142623.1	166002	166012	2
CP142623.1	166012	166037	1
CP142623.1	166037	166039	0
CP142623.1	166039	166167	1
CP142623.1	166167	166187	2
CP142623.1	166187	166220	1
CP142623.1	166220	166283	0
CP142623.1	166283	166427	1
CP142623.1	166427	166562	0
CP142623.1	166562	166595	1
CP142623.1	166595	166606	0
CP142623.1	166606	166622	1
CP142623.1	166622	166623	2
CP142623.1	166623	166633	3
CP142623.1	166633	166642	4
CP142623.1	166642	166652	5
CP142623.1	166652	166663	4
CP142623.1	166663	166667	2
CP142623.1	166667	166675	3
CP142623.1	166675	166701	2
CP142623.1	166701	166725	1
CP142623.1	166725	166738	2
CP142623.1	166738	166798	1
CP142623.1	166798	166831	0
CP142623.1	166831	166852	1
CP142623.1	166852	166861	0
CP142623.1	166861	166876	1
CP142623.1	166876	166914	2
CP142623.1	166914	166950	1
CP142623.1	166950	167057	0
CP142623.1	167057	167198	1
CP142623.1	167198	167217	0
CP142623.1	167217	167262	1
CP142623.1	167262	167289	2
CP142623.1	167289	167375	1
CP142623.1	167375	167419	0
CP142623.1	167419	167594	1
CP142623.1	167594	167620	2
CP142623.1	167620	167692	1
CP142623.1	167692	167715	2
CP142623.1	167715	167724	3
CP142623.1	167724	167725	2
CP142623.1	167725	167765	3
CP142623.1	167765	167829	2
CP142623.1	167829	167855	3
CP142623.1	167855	167857	2
CP142623.1	167857	167868	3
CP142623.1	167868	167931	2
CP142623.1	167931	167932	1
CP142623.1	167932	167935	2
CP142623.1	167935	167948	1
CP142623.1	167948	168099	0
CP142623.1	168099	168110	1
CP142623.1	168110	168112	0
CP142623.1	168112	168237	1
CP142623.1	168237	168247	2
CP142623.1	168247	168250	1
CP142623.1	168250	168263	2
CP142623.1	168263	168269	3
CP142623.1	168269	168271	4
CP142623.1	168271	168272	3
CP142623.1	168272	168283	4
CP142623.1	168283	168284	3
CP142623.1	168284	168291	4
CP142623.1	168291	168370	5
CP142623.1	168370	168371	4
CP142623.1	168371	168381	3
CP142623.1	168381	168418	2
CP142623.1	168418	168419	1
CP142623.1	168419	168488	2
CP142623.1	168488	168582	1
CP142623.1	168582	168598	0
CP142623.1	168598	168652	1
CP142623.1	168652	168693	0
CP142623.1	168693	168727	1
CP142623.1	168727	168752	2
CP142623.1	168752	168806	1
CP142623.1	168806	168868	2
CP142623.1	168868	168874	1
CP142623.1	168874	168974	0
CP142623.1	168974	169164	1
CP142623.1	169164	169242	0
CP142623.1	169242	169256	1
CP142623.1	169256	169333	2
CP142623.1	169333	169376	3
CP142623.1	169376	169378	4
CP142623.1	169378	169403	3
CP142623.1	169403	169405	2
CP142623.1	169405	169428	3
CP142623.1	169428	169439	2
CP142623.1	169439	169452	1
CP142623.1	169452	169574	2
CP142623.1	169574	169591	1
CP142623.1	169591	169743	0
CP142623.1	169743	169768	1
CP142623.1	169768	169800	2
CP142623.1	169800	169863	3
CP142623.1	169863	169873	2
CP142623.1	169873	169876	1
CP142623.1	169876	169918	0
CP142623.1	169918	169921	1
CP142623.1	169921	169952	2
CP142623.1	169952	169972	3
CP142623.1	169972	169973	2
CP142623.1	169973	170018	3
CP142623.1	170018	170024	4
CP142623.1	170024	170034	3
CP142623.1	170034	170037	2
CP142623.1	170037	170038	3
CP142623.1	170038	170046	2
CP142623.1	170046	170114	3
CP142623.1	170114	170115	2
CP142623.1	170115	170122	3
CP142623.1	170122	170128	2
CP142623.1	170128	170153	3
CP142623.1	170153	170198	2
CP142623.1	170198	170201	1
CP142623.1	170201	170205	0
CP142623.1	170205	170225	1
CP142623.1	170225	170290	2
CP142623.1	170290	170323	1
CP142623.1	170323	170324	0
CP142623.1	170324	170386	1
CP142623.1	170386	170387	0
CP142623.1	170387	170476	1
CP142623.1	170476	170517	2
CP142623.1	170517	170532	1
CP142623.1	170532	170533	0
CP142623.1	170533	170603	1
CP142623.1	170603	170694	2
CP142623.1	170694	170722	1
CP142623.1	170722	170735	2
CP142623.1	170735	170816	3
CP142623.1	170816	170826	2
CP142623.1	170826	170837	1
CP142623.1	170837	170898	2
CP142623.1	170898	170931	1
CP142623.1	170931	170942	2
CP142623.1	170942	171077	1
CP142623.1	171077	171082	2
CP142623.1	171082	171099	1
CP142623.1	171099	171164	2
CP142623.1	171164	171165	1
CP142623.1	171165	171169	2
CP142623.1	171169	171202	1
CP142623.1	171202	171216	2
CP142623.1	171216	171280	1
CP142623.1	171280	171282	2
CP142623.1	171282	171307	1
CP142623.1	171307	171314	2
CP142623.1	171314	171333	1
CP142623.1	171333	171344	2
CP142623.1	171344	171359	3
CP142623.1	171359	171364	2
CP142623.1	171364	171395	3
CP142623.1	171395	171396	4
CP142623.1	171396	171397	3
CP142623.1	171397	171433	4
CP142623.1	171433	171440	3
CP142623.1	171440	171489	2
CP142623.1	171489	171495	1
CP142623.1	171495	171568	2
CP142623.1	171568	171588	1
CP142623.1	171588	171668	0
CP142623.1	171668	171681	1
CP142623.1	171681	171749	2
CP142623.1	171749	171828	3
CP142623.1	171828	171851	4
CP142623.1	171851	171852	3
CP142623.1	171852	171874	2
CP142623.1	171874	171924	3
CP142623.1	171924	171955	4
CP142623.1	171955	171990	3
CP142623.1	171990	172024	4
CP142623.1	172024	172038	5
CP142623.1	172038	172081	4
CP142623.1	172081	172164	3
CP142623.1	172164	172170	2
CP142623.1	172170	172179	3
CP142623.1	172179	172232	2
CP142623.1	172232	172237	1
CP142623.1	172237	172290	2
CP142623.1	172290	172294	3
CP142623.1	172294	172312	2
CP142623.1	172312	172419	1
CP142623.1	172419	172471	0
CP142623.1	172471	172495	1
CP142623.1	172495	172499	2
CP142623.1	172499	172526	3
CP142623.1	172526	172585	2
CP142623.1	172585	172605	3
CP142623.1	172605	172606	2
CP142623.1	172606	172731	3
CP142623.1	172731	172750	2
CP142623.1	172750	172771	3
CP142623.1	172771	172811	2
CP142623.1	172811	172814	1
CP142623.1	172814	172824	2
CP142623.1	172824	172827	3
CP142623.1	172827	172841	2
CP142623.1	172841	172852	3
CP142623.1	172852	172860	4
CP142623.1	172860	172881	5
CP142623.1	172881	172882	4
CP142623.1	172882	172894	5
CP142623.1	172894	172915	4
CP142623.1	172915	172926	3
CP142623.1	172926	172932	2
CP142623.1	172932	172941	1
CP142623.1	172941	172967	2
CP142623.1	172967	172978	3
CP142623.1	172978	172980	2
CP142623.1	172980	173020	1
CP142623.1	173020	173025	2
CP142623.1	173025	173076	1
CP142623.1	173076	173103	2
CP142623.1	173103	173118	3
CP142623.1	173118	173119	2
CP142623.1	173119	173158	3
CP142623.1	173158	173171	2
CP142623.1	173171	173198	3
CP142623.1	173198	173204	4
CP142623.1	173204	173208	3
CP142623.1	173208	173214	2
CP142623.1	173214	173216	3
CP142623.1	173216	173258	2
CP142623.1	173258	173260	1
CP142623.1	173260	173305	2
CP142623.1	173305	173315	3
CP142623.1	173315	173330	2
CP142623.1	173330	173333	1
CP142623.1	173333	173334	0
CP142623.1	173334	173367	1
CP142623.1	173367	173371	0
CP142623.1	173371	173375	1
CP142623.1	173375	173376	0
CP142623.1	173376	173390	1
CP142623.1	173390	173392	2
CP142623.1	173392	173393	1
CP142623.1	173393	173408	2
CP142623.1	173408	173409	1
CP142623.1	173409	173416	2
CP142623.1	173416	173419	1
CP142623.1	173419	173424	2
CP142623.1	173424	173467	3
CP142623.1	173467	173475	2
CP142623.1	173475	173504	3
CP142623.1	173504	173509	4
CP142623.1	173509	173575	3
CP142623.1	173575	173591	2
CP142623.1	173591	173611	3
CP142623.1	173611	173615	2
CP142623.1	173615	173635	4
CP142623.1	173635	173638	3
CP142623.1	173638	173639	2
CP142623.1	173639	173677	3
CP142623.1	173677	173678	2
CP142623.1	173678	173679	1
CP142623.1	173679	173680	0
CP142623.1	173680	173712	1
CP142623.1	173712	173729	0
CP142623.1	173729	173785	1
CP142623.1	173785	173829	2
CP142623.1	173829	173840	1
CP142623.1	173840	173897	0
CP142623.1	173897	173940	1
CP142623.1	173940	174122	0
CP142623.1	174122	174133	1
CP142623.1	174133	174147	2
CP142623.1	174147	174188	3
CP142623.1	174188	174202	4
CP142623.1	174202	174203	5
CP142623.1	174203	174237	4
CP142623.1	174237	174295	3
CP142623.1	174295	174365	2
CP142623.1	174365	174379	1
CP142623.1	174379	174389	2
CP142623.1	174389	174395	1
CP142623.1	174395	174460	2
CP142623.1	174460	174476	1
CP142623.1	174476	174525	2
CP142623.1	174525	174545	3
CP142623.1	174545	174547	4
CP142623.1	174547	174604	3
CP142623.1	174604	174617	4
CP142623.1	174617	174638	5
CP142623.1	174638	174678	4
CP142623.1	174678	174727	3
CP142623.1	174727	174758	2
CP142623.1	174758	174791	1
CP142623.1	174791	174814	2
CP142623.1	174814	174823	3
CP142623.1	174823	174824	4
CP142623.1	174824	174882	5
CP142623.1	174882	174885	4
CP142623.1	174885	174891	3
CP142623.1	174891	174900	4
CP142623.1	174900	174905	5
CP142623.1	174905	174908	4
CP142623.1	174908	174910	5
CP142623.1	174910	174927	4
CP142623.1	174927	174936	5
CP142623.1	174936	174937	1
CP142623.1	174937	174938	2
CP142623.1	174938	174974	5
CP142623.1	174974	174984	4
CP142623.1	174984	174985	3
CP142623.1	174985	174987	2
CP142623.1	174987	174991	1
CP142623.1	174991	175007	0
CP142623.1	175007	175067	1
CP142623.1	175067	175114	0
CP142623.1	175114	175139	1
CP142623.1	175139	175233	2
CP142623.1	175233	175287	1
CP142623.1	175287	175311	0
CP142623.1	175311	175361	1
CP142623.1	175361	175362	0
CP142623.1	175362	175482	1
CP142623.1	175482	175500	2
CP142623.1	175500	175505	3
CP142623.1	175505	175527	2
CP142623.1	175527	175573	3
CP142623.1	175573	175574	2
CP142623.1	175574	175608	3
CP142623.1	175608	175824	2
CP142623.1	175824	175832	1
CP142623.1	175832	175850	2
CP142623.1	175850	175859	3
CP142623.1	175859	175863	2
CP142623.1	175863	175864	3
CP142623.1	175864	175865	2
CP142623.1	175865	175869	3
CP142623.1	175869	175889	4
CP142623.1	175889	175916	3
CP142623.1	175916	175925	2
CP142623.1	175925	175960	1
CP142623.1	175960	175978	0
CP142623.1	175978	175981	1
CP142623.1	175981	175997	2
CP142623.1	175997	176038	3
CP142623.1	176038	176039	2
CP142623.1	176039	176049	3
CP142623.1	176049	176071	2
CP142623.1	176071	176105	1
CP142623.1	176105	176191	2
CP142623.1	176191	176197	1
CP142623.1	176197	176221	2
CP142623.1	176221	176256	1
CP142623.1	176256	176258	0
CP142623.1	176258	176264	1
CP142623.1	176264	176308	2
CP142623.1	176308	176309	1
CP142623.1	176309	176318	2
CP142623.1	176318	176331	3
CP142623.1	176331	176357	2
CP142623.1	176357	176370	1
CP142623.1	176370	176373	2
CP142623.1	176373	176410	3
CP142623.1	176410	176432	2
CP142623.1	176432	176456	1
CP142623.1	176456	176457	0
CP142623.1	176457	176473	1
CP142623.1	176473	176521	0
CP142623.1	176521	176534	1
CP142623.1	176534	176612	2
CP142623.1	176612	176618	1
CP142623.1	176618	176625	2
CP142623.1	176625	176640	3
CP142623.1	176640	176654	2
CP142623.1	176654	176656	0
CP142623.1	176656	176684	2
CP142623.1	176684	176821	1
CP142623.1	176821	176825	2
CP142623.1	176825	176830	3
CP142623.1	176830	176840	4
CP142623.1	176840	176841	2
CP142623.1	176841	176842	4
CP142623.1	176842	176844	3
CP142623.1	176844	176845	4
CP142623.1	176845	176848	3
CP142623.1	176848	176868	4
CP142623.1	176868	176869	1
CP142623.1	176869	176870	2
CP142623.1	176870	176886	4
CP142623.1	176886	176887	2
CP142623.1	176887	176920	3
CP142623.1	176920	176944	2
CP142623.1	176944	176946	1
CP142623.1	176946	176948	2
CP142623.1	176948	176967	1
CP142623.1	176967	176980	0
CP142623.1	176980	176985	1
CP142623.1	176985	177056	2
CP142623.1	177056	177059	3
CP142623.1	177059	177070	2
CP142623.1	177070	177194	1
CP142623.1	177194	177428	0
CP142623.1	177428	177442	1
CP142623.1	177442	177525	2
CP142623.1	177525	177526	1
CP142623.1	177526	177559	2
CP142623.1	177559	177664	1
CP142623.1	177664	177683	2
CP142623.1	177683	177684	1
CP142623.1	177684	177690	2
CP142623.1	177690	177711	3
CP142623.1	177711	177712	2
CP142623.1	177712	177770	3
CP142623.1	177770	177771	2
CP142623.1	177771	177790	3
CP142623.1	177790	177793	2
CP142623.1	177793	177795	3
CP142623.1	177795	177802	1
CP142623.1	177802	177806	2
CP142623.1	177806	177822	3
CP142623.1	177822	177833	4
CP142623.1	177833	177834	3
CP142623.1	177834	177845	4
CP142623.1	177845	177849	3
CP142623.1	177849	177850	2
CP142623.1	177850	177859	3
CP142623.1	177859	177896	2
CP142623.1	177896	178071	1
CP142623.1	178071	178314	0
CP142623.1	178314	178410	1
CP142623.1	178410	178412	0
CP142623.1	178412	178602	1
CP142623.1	178602	178623	0
CP142623.1	178623	178624	1
CP142623.1	178624	178717	2
CP142623.1	178717	178718	1
CP142623.1	178718	178732	2
CP142623.1	178732	178733	1
CP142623.1	178733	178765	2
CP142623.1	178765	178780	3
CP142623.1	178780	178811	2
CP142623.1	178811	178833	3
CP142623.1	178833	178850	4
CP142623.1	178850	178865	3
CP142623.1	178865	178868	0
CP142623.1	178868	178879	3
CP142623.1	178879	178880	2
CP142623.1	178880	178901	3
CP142623.1	178901	178902	2
CP142623.1	178902	178950	3
CP142623.1	178950	178953	4
CP142623.1	178953	179005	3
CP142623.1	179005	179009	2
CP142623.1	179009	179078	1
CP142623.1	179078	179141	2
CP142623.1	179141	179151	3
CP142623.1	179151	179152	2
CP142623.1	179152	179164	3
CP142623.1	179164	179230	2
CP142623.1	179230	179231	1
CP142623.1	179231	179247	3
CP142623.1	179247	179257	2
CP142623.1	179257	179303	3
CP142623.1	179303	179309	0
CP142623.1	179309	179310	1
CP142623.1	179310	179318	2
CP142623.1	179318	179319	3
CP142623.1	179319	179320	2
CP142623.1	179320	179358	3
CP142623.1	179358	179365	2
CP142623.1	179365	179368	3
CP142623.1	179368	179382	2
CP142623.1	179382	179383	1
CP142623.1	179383	179402	2
CP142623.1	179402	179403	1
CP142623.1	179403	179410	2
CP142623.1	179410	179416	1
CP142623.1	179416	179422	0
CP142623.1	179422	179423	1
CP142623.1	179423	179466	2
CP142623.1	179466	179469	1
CP142623.1	179469	179488	2
CP142623.1	179488	179497	3
CP142623.1	179497	179595	4
CP142623.1	179595	179615	3
CP142623.1	179615	179636	2
CP142623.1	179636	179667	3
CP142623.1	179667	179670	4
CP142623.1	179670	179691	3
CP142623.1	179691	179704	4
CP142623.1	179704	179727	3
CP142623.1	179727	179728	2
CP142623.1	179728	179739	3
CP142623.1	179739	179771	4
CP142623.1	179771	179772	3
CP142623.1	179772	179773	2
CP142623.1	179773	179780	4
CP142623.1	179780	179781	3
CP142623.1	179781	179787	4
CP142623.1	179787	179788	3
CP142623.1	179788	179805	4
CP142623.1	179805	179834	3
CP142623.1	179834	179857	4
CP142623.1	179857	179883	3
CP142623.1	179883	179888	2
CP142623.1	179888	179933	3
CP142623.1	179933	179952	2
CP142623.1	179952	179957	1
CP142623.1	179957	180003	2
CP142623.1	180003	180014	4
CP142623.1	180014	180018	5
CP142623.1	180018	180019	6
CP142623.1	180019	180030	5
CP142623.1	180030	180032	6
CP142623.1	180032	180049	8
CP142623.1	180049	180109	3
CP142623.1	180109	180200	2
CP142623.1	180200	180206	1
CP142623.1	180206	180298	0
CP142623.1	180298	180311	1
CP142623.1	180311	180361	2
CP142623.1	180361	180395	1
CP142623.1	180395	180403	2
CP142623.1	180403	180426	3
CP142623.1	180426	180427	0
CP142623.1	180427	180439	3
CP142623.1	180439	180480	4
CP142623.1	180480	180534	5
CP142623.1	180534	180537	4
CP142623.1	180537	180557	5
CP142623.1	180557	180561	6
CP142623.1	180561	180567	5
CP142623.1	180567	180570	4
CP142623.1	180570	180575	5
CP142623.1	180575	180576	4
CP142623.1	180576	180581	5
CP142623.1	180581	180606	4
CP142623.1	180606	180623	3
CP142623.1	180623	180703	2
CP142623.1	180703	180708	3
CP142623.1	180708	180805	2
CP142623.1	180805	180823	1
CP142623.1	180823	180843	2
CP142623.1	180843	180875	1
CP142623.1	180875	180899	2
CP142623.1	180899	180966	1
CP142623.1	180966	180978	0
CP142623.1	180978	181003	1
CP142623.1	181003	181206	0
CP142623.1	181206	181296	1
CP142623.1	181296	181300	0
CP142623.1	181300	181398	1
CP142623.1	181398	181467	2
CP142623.1	181467	181470	1
CP142623.1	181470	181487	2
CP142623.1	181487	181574	3
CP142623.1	181574	181576	4
CP142623.1	181576	181584	3
CP142623.1	181584	181637	2
CP142623.1	181637	181651	1
CP142623.1	181651	181709	2
CP142623.1	181709	181710	0
CP142623.1	181710	181773	1
CP142623.1	181773	181984	2
CP142623.1	181984	181998	1
CP142623.1	181998	182130	0
CP142623.1	182130	182211	1
CP142623.1	182211	182249	2
CP142623.1	182249	182276	1
CP142623.1	182276	182381	2
CP142623.1	182381	182384	0
CP142623.1	182384	182446	1
CP142623.1	182446	182466	2
CP142623.1	182466	182585	1
CP142623.1	182585	182621	2
CP142623.1	182621	182622	3
CP142623.1	182622	182665	2
CP142623.1	182665	182681	3
CP142623.1	182681	182691	4
CP142623.1	182691	182741	3
CP142623.1	182741	182742	2
CP142623.1	182742	182744	1
CP142623.1	182744	182773	3
CP142623.1	182773	182777	2
CP142623.1	182777	182778	1
CP142623.1	182778	182801	0
CP142623.1	182801	182974	1
CP142623.1	182974	183002	0
CP142623.1	183002	183034	1
CP142623.1	183034	183039	2
CP142623.1	183039	183040	1
CP142623.1	183040	183076	2
CP142623.1	183076	183120	1
CP142623.1	183120	183145	0
CP142623.1	183145	183166	1
CP142623.1	183166	183167	0
CP142623.1	183167	183204	1
CP142623.1	183204	183273	0
CP142623.1	183273	183281	1
CP142623.1	183281	183282	0
CP142623.1	183282	183352	1
CP142623.1	183352	183393	2
CP142623.1	183393	183396	3
CP142623.1	183396	183400	4
CP142623.1	183400	183467	5
CP142623.1	183467	183468	4
CP142623.1	183468	183473	3
CP142623.1	183473	183517	2
CP142623.1	183517	183650	1
CP142623.1	183650	183677	2
CP142623.1	183677	183678	1
CP142623.1	183678	183701	2
CP142623.1	183701	183735	4
CP142623.1	183735	183782	3
CP142623.1	183782	183810	2
CP142623.1	183810	183865	1
CP142623.1	183865	183877	2
CP142623.1	183877	183901	1
CP142623.1	183901	183941	2
CP142623.1	183941	183951	3
CP142623.1	183951	183955	4
CP142623.1	183955	183960	3
CP142623.1	183960	183988	4
CP142623.1	183988	183991	3
CP142623.1	183991	183993	4
CP142623.1	183993	184008	5
CP142623.1	184008	184032	4
CP142623.1	184032	184036	5
CP142623.1	184036	184038	4
CP142623.1	184038	184102	5
CP142623.1	184102	184108	4
CP142623.1	184108	184112	3
CP142623.1	184112	184145	2
CP142623.1	184145	184244	1
CP142623.1	184244	184250	2
CP142623.1	184250	184268	3
CP142623.1	184268	184272	2
CP142623.1	184272	184284	3
CP142623.1	184284	184285	2
CP142623.1	184285	184301	3
CP142623.1	184301	184345	2
CP142623.1	184345	184355	3
CP142623.1	184355	184359	2
CP142623.1	184359	184380	3
CP142623.1	184380	184469	5
CP142623.1	184469	184478	4
CP142623.1	184478	184498	3
CP142623.1	184498	184499	2
CP142623.1	184499	184501	3
CP142623.1	184501	184515	2
CP142623.1	184515	184530	1
CP142623.1	184530	184571	0
CP142623.1	184571	184642	1
CP142623.1	184642	184647	0
CP142623.1	184647	184719	1
CP142623.1	184719	184722	0
CP142623.1	184722	184740	1
CP142623.1	184740	184835	0
CP142623.1	184835	184879	1
CP142623.1	184879	184902	2
CP142623.1	184902	184903	1
CP142623.1	184903	184926	2
CP142623.1	184926	184959	1
CP142623.1	184959	185009	2
CP142623.1	185009	185059	1
CP142623.1	185059	185062	2
CP142623.1	185062	185063	1
CP142623.1	185063	185170	2
CP142623.1	185170	185186	1
CP142623.1	185186	185189	2
CP142623.1	185189	185314	1
CP142623.1	185314	185473	0
CP142623.1	185473	185586	1
CP142623.1	185586	185651	2
CP142623.1	185651	185671	3
CP142623.1	185671	185683	2
CP142623.1	185683	185692	3
CP142623.1	185692	185694	2
CP142623.1	185694	185712	3
CP142623.1	185712	185732	4
CP142623.1	185732	185733	3
CP142623.1	185733	185745	4
CP142623.1	185745	185763	3
CP142623.1	185763	185765	2
CP142623.1	185765	185793	3
CP142623.1	185793	185801	2
CP142623.1	185801	185829	1
CP142623.1	185829	186048	0
CP142623.1	186048	186143	1
CP142623.1	186143	186205	2
CP142623.1	186205	186235	1
CP142623.1	186235	186236	0
CP142623.1	186236	186321	1
CP142623.1	186321	186365	2
CP142623.1	186365	186375	1
CP142623.1	186375	186422	2
CP142623.1	186422	186465	1
CP142623.1	186465	186660	0
CP142623.1	186660	186674	1
CP142623.1	186674	186684	2
CP142623.1	186684	186685	1
CP142623.1	186685	186696	3
CP142623.1	186696	186699	2
CP142623.1	186699	186733	3
CP142623.1	186733	186748	2
CP142623.1	186748	186786	1
CP142623.1	186786	186793	0
CP142623.1	186793	186796	1
CP142623.1	186796	186849	2
CP142623.1	186849	186866	1
CP142623.1	186866	186958	2
CP142623.1	186958	186959	1
CP142623.1	186959	186966	2
CP142623.1	186966	186981	1
CP142623.1	186981	187065	2
CP142623.1	187065	187145	1
CP142623.1	187145	187172	2
CP142623.1	187172	187180	3
CP142623.1	187180	187185	2
CP142623.1	187185	187202	3
CP142623.1	187202	187203	2
CP142623.1	187203	187225	3
CP142623.1	187225	187266	2
CP142623.1	187266	187272	1
CP142623.1	187272	187288	2
CP142623.1	187288	187337	1
CP142623.1	187337	187349	2
CP142623.1	187349	187355	3
CP142623.1	187355	187377	4
CP142623.1	187377	187386	3
CP142623.1	187386	187401	2
CP142623.1	187401	187458	3
CP142623.1	187458	187466	2
CP142623.1	187466	187470	3
CP142623.1	187470	187518	2
CP142623.1	187518	187521	1
CP142623.1	187521	187552	2
CP142623.1	187552	187615	3
CP142623.1	187615	187617	2
CP142623.1	187617	187683	3
CP142623.1	187683	187701	2
CP142623.1	187701	187769	3
CP142623.1	187769	187789	2
CP142623.1	187789	187860	1
CP142623.1	187860	188001	0
CP142623.1	188001	188073	1
CP142623.1	188073	188103	0
CP142623.1	188103	188224	1
CP142623.1	188224	188267	2
CP142623.1	188267	188276	3
CP142623.1	188276	188322	2
CP142623.1	188322	188368	1
CP142623.1	188368	188398	0
CP142623.1	188398	188450	1
CP142623.1	188450	188464	0
CP142623.1	188464	188528	1
CP142623.1	188528	188531	0
CP142623.1	188531	188546	1
CP142623.1	188546	188547	0
CP142623.1	188547	188643	1
CP142623.1	188643	188670	0
CP142623.1	188670	188723	1
CP142623.1	188723	188881	2
CP142623.1	188881	188893	1
CP142623.1	188893	188896	0
CP142623.1	188896	188950	1
CP142623.1	188950	189000	2
CP142623.1	189000	189008	3
CP142623.1	189008	189032	4
CP142623.1	189032	189049	3
CP142623.1	189049	189052	2
CP142623.1	189052	189054	0
CP142623.1	189054	189119	2
CP142623.1	189119	189195	1
CP142623.1	189195	189220	2
CP142623.1	189220	189236	1
CP142623.1	189236	189266	0
CP142623.1	189266	189402	1
CP142623.1	189402	189406	0
CP142623.1	189406	189637	1
CP142623.1	189637	189650	2
CP142623.1	189650	189663	1
CP142623.1	189663	189822	2
CP142623.1	189822	189823	1
CP142623.1	189823	189832	2
CP142623.1	189832	189873	3
CP142623.1	189873	189891	5
CP142623.1	189891	189905	4
CP142623.1	189905	189977	3
CP142623.1	189977	189984	2
CP142623.1	189984	189985	3
CP142623.1	189985	190001	4
CP142623.1	190001	190002	2
CP142623.1	190002	190016	4
CP142623.1	190016	190036	3
CP142623.1	190036	190045	2
CP142623.1	190045	190052	3
CP142623.1	190052	190069	2
CP142623.1	190069	190071	3
CP142623.1	190071	190096	2
CP142623.1	190096	190197	1
CP142623.1	190197	190208	0
CP142623.1	190208	190297	1
CP142623.1	190297	190321	0
CP142623.1	190321	190365	1
CP142623.1	190365	190367	0
CP142623.1	190367	190374	1
CP142623.1	190374	190385	2
CP142623.1	190385	190386	1
CP142623.1	190386	190413	2
CP142623.1	190413	190478	1
CP142623.1	190478	190562	0
CP142623.1	190562	190569	1
CP142623.1	190569	190580	2
CP142623.1	190580	190582	1
CP142623.1	190582	190586	2
CP142623.1	190586	190587	1
CP142623.1	190587	190671	2
CP142623.1	190671	190681	1
CP142623.1	190681	190682	0
CP142623.1	190682	190766	1
CP142623.1	190766	190836	2
CP142623.1	190836	190852	1
CP142623.1	190852	190982	0
CP142623.1	190982	191004	1
CP142623.1	191004	191054	2
CP142623.1	191054	191105	3
CP142623.1	191105	191106	1
CP142623.1	191106	191110	3
CP142623.1	191110	191133	4
CP142623.1	191133	191154	3
CP142623.1	191154	191190	2
CP142623.1	191190	191243	1
CP142623.1	191243	191473	0
CP142623.1	191473	191591	1
CP142623.1	191591	191691	0
CP142623.1	191691	191727	1
CP142623.1	191727	191730	2
CP142623.1	191730	191781	3
CP142623.1	191781	191795	2
CP142623.1	191795	191866	1
CP142623.1	191866	191912	2
CP142623.1	191912	191914	1
CP142623.1	191914	191915	2
CP142623.1	191915	191923	4
CP142623.1	191923	191924	3
CP142623.1	191924	191938	4
CP142623.1	191938	191945	5
CP142623.1	191945	191998	6
CP142623.1	191998	192004	5
CP142623.1	192004	192011	4
CP142623.1	192011	192018	6
CP142623.1	192018	192019	5
CP142623.1	192019	192055	6
CP142623.1	192055	192059	7
CP142623.1	192059	192077	6
CP142623.1	192077	192097	7
CP142623.1	192097	192098	6
CP142623.1	192098	192104	7
CP142623.1	192104	192124	5
CP142623.1	192124	192158	4
CP142623.1	192158	192160	3
CP142623.1	192160	192161	4
CP142623.1	192161	192193	3
CP142623.1	192193	192212	4
CP142623.1	192212	192295	3
CP142623.1	192295	192374	2
CP142623.1	192374	192417	1
CP142623.1	192417	192426	0
CP142623.1	192426	192466	1
CP142623.1	192466	192480	0
CP142623.1	192480	192546	1
CP142623.1	192546	192556	0
CP142623.1	192556	192589	2
CP142623.1	192589	192590	1
CP142623.1	192590	192596	2
CP142623.1	192596	192597	1
CP142623.1	192597	192674	2
CP142623.1	192674	192787	1
CP142623.1	192787	192878	0
CP142623.1	192878	192917	1
CP142623.1	192917	192935	2
CP142623.1	192935	192941	3
CP142623.1	192941	192942	2
CP142623.1	192942	192953	3
CP142623.1	192953	192963	4
CP142623.1	192963	192973	5
CP142623.1	192973	192975	3
CP142623.1	192975	192982	4
CP142623.1	192982	192992	5
CP142623.1	192992	193000	6
CP142623.1	193000	193017	7
CP142623.1	193017	193040	6
CP142623.1	193040	193041	7
CP142623.1	193041	193043	6
CP142623.1	193043	193050	7
CP142623.1	193050	193051	6
CP142623.1	193051	193052	5
CP142623.1	193052	193112	4
CP142623.1	193112	193132	3
CP142623.1	193132	193145	4
CP142623.1	193145	193189	3
CP142623.1	193189	193202	2
CP142623.1	193202	193245	3
CP142623.1	193245	193257	2
CP142623.1	193257	193309	3
CP142623.1	193309	193314	2
CP142623.1	193314	193315	1
CP142623.1	193315	193375	2
CP142623.1	193375	193467	3
CP142623.1	193467	193504	2
CP142623.1	193504	193556	1
CP142623.1	193556	193575	2
CP142623.1	193575	193611	1
CP142623.1	193611	193675	2
CP142623.1	193675	193686	3
CP142623.1	193686	193691	2
CP142623.1	193691	193748	1
CP142623.1	193748	193850	0
CP142623.1	193850	193855	1
CP142623.1	193855	193871	2
CP142623.1	193871	193924	3
CP142623.1	193924	193927	2
CP142623.1	193927	193948	1
CP142623.1	193948	193957	2
CP142623.1	193957	194112	3
CP142623.1	194112	194120	4
CP142623.1	194120	194134	3
CP142623.1	194134	194154	2
CP142623.1	194154	194168	1
CP142623.1	194168	194184	2
CP142623.1	194184	194201	1
CP142623.1	194201	194252	2
CP142623.1	194252	194284	1
CP142623.1	194284	194332	2
CP142623.1	194332	194355	3
CP142623.1	194355	194356	2
CP142623.1	194356	194383	3
CP142623.1	194383	194400	2
CP142623.1	194400	194434	3
CP142623.1	194434	194436	2
CP142623.1	194436	194439	3
CP142623.1	194439	194444	2
CP142623.1	194444	194447	1
CP142623.1	194447	194502	2
CP142623.1	194502	194516	1
CP142623.1	194516	194532	0
CP142623.1	194532	194538	1
CP142623.1	194538	194595	2
CP142623.1	194595	194596	1
CP142623.1	194596	194642	2
CP142623.1	194642	194766	1
CP142623.1	194766	194772	2
CP142623.1	194772	194928	1
CP142623.1	194928	194966	2
CP142623.1	194966	194969	1
CP142623.1	194969	195062	2
CP142623.1	195062	195200	1
CP142623.1	195200	195203	2
CP142623.1	195203	195237	1
CP142623.1	195237	195262	2
CP142623.1	195262	195375	1
CP142623.1	195375	195445	0
CP142623.1	195445	195540	1
CP142623.1	195540	195545	2
CP142623.1	195545	195547	1
CP142623.1	195547	195645	2
CP142623.1	195645	195679	1
CP142623.1	195679	195682	2
CP142623.1	195682	195864	1
CP142623.1	195864	195943	2
CP142623.1	195943	195944	3
CP142623.1	195944	195947	2
CP142623.1	195947	196061	1
CP142623.1	196061	196101	2
CP142623.1	196101	196126	3
CP142623.1	196126	196180	2
CP142623.1	196180	196262	1
CP142623.1	196262	196269	2
CP142623.1	196269	196284	3
CP142623.1	196284	196285	2
CP142623.1	196285	196318	3
CP142623.1	196318	196348	2
CP142623.1	196348	196385	3
CP142623.1	196385	196386	2
CP142623.1	196386	196387	1
CP142623.1	196387	196388	0
CP142623.1	196388	196396	1
CP142623.1	196396	196412	2
CP142623.1	196412	196437	1
CP142623.1	196437	196467	0
CP142623.1	196467	196649	1
CP142623.1	196649	196658	2
CP142623.1	196658	196692	3
CP142623.1	196692	196703	2
CP142623.1	196703	196708	1
CP142623.1	196708	196740	2
CP142623.1	196740	196808	1
CP142623.1	196808	196830	2
CP142623.1	196830	196892	1
CP142623.1	196892	196904	2
CP142623.1	196904	196918	3
CP142623.1	196918	196919	2
CP142623.1	196919	196957	3
CP142623.1	196957	197020	2
CP142623.1	197020	197049	1
CP142623.1	197049	197167	2
CP142623.1	197167	197181	1
CP142623.1	197181	197262	0
CP142623.1	197262	197374	1
CP142623.1	197374	197376	0
CP142623.1	197376	197500	1
CP142623.1	197500	197527	0
CP142623.1	197527	197566	1
CP142623.1	197566	197611	2
CP142623.1	197611	197619	1
CP142623.1	197619	197634	2
CP142623.1	197634	197636	1
CP142623.1	197636	197653	3
CP142623.1	197653	197654	2
CP142623.1	197654	197658	3
CP142623.1	197658	197661	2
CP142623.1	197661	197662	1
CP142623.1	197662	197665	2
CP142623.1	197665	197667	1
CP142623.1	197667	197680	2
CP142623.1	197680	197685	3
CP142623.1	197685	197702	4
CP142623.1	197702	197752	3
CP142623.1	197752	197772	4
CP142623.1	197772	197786	3
CP142623.1	197786	197787	2
CP142623.1	197787	197856	3
CP142623.1	197856	197876	4
CP142623.1	197876	197877	3
CP142623.1	197877	197880	4
CP142623.1	197880	197881	3
CP142623.1	197881	197906	4
CP142623.1	197906	197934	3
CP142623.1	197934	197973	2
CP142623.1	197973	197974	1
CP142623.1	197974	197994	0
CP142623.1	197994	198087	1
CP142623.1	198087	198243	0
CP142623.1	198243	198302	1
CP142623.1	198302	198307	2
CP142623.1	198307	198408	1
CP142623.1	198408	198413	0
CP142623.1	198413	198434	1
CP142623.1	198434	198504	2
CP142623.1	198504	198518	3
CP142623.1	198518	198529	4
CP142623.1	198529	198537	3
CP142623.1	198537	198555	4
CP142623.1	198555	198558	3
CP142623.1	198558	198565	4
CP142623.1	198565	198602	3
CP142623.1	198602	198620	4
CP142623.1	198620	198668	3
CP142623.1	198668	198693	2
CP142623.1	198693	198716	3
CP142623.1	198716	198726	4
CP142623.1	198726	198745	5
CP142623.1	198745	198761	4
CP142623.1	198761	198762	3
CP142623.1	198762	198784	4
CP142623.1	198784	198788	2
CP142623.1	198788	198834	3
CP142623.1	198834	198835	2
CP142623.1	198835	198851	3
CP142623.1	198851	198853	2
CP142623.1	198853	198887	3
CP142623.1	198887	198894	4
CP142623.1	198894	198909	3
CP142623.1	198909	198933	2
CP142623.1	198933	198949	3
CP142623.1	198949	198983	2
CP142623.1	198983	199052	3
CP142623.1	199052	199060	2
CP142623.1	199060	199100	3
CP142623.1	199100	199132	2
CP142623.1	199132	199145	1
CP142623.1	199145	199392	0
CP142623.1	199392	199425	1
CP142623.1	199425	199433	2
CP142623.1	199433	199451	3
CP142623.1	199451	199465	2
CP142623.1	199465	199466	1
CP142623.1	199466	199480	2
CP142623.1	199480	199530	3
CP142623.1	199530	199567	2
CP142623.1	199567	199575	1
CP142623.1	199575	199592	3
CP142623.1	199592	199675	2
CP142623.1	199675	199688	1
CP142623.1	199688	199825	0
CP142623.1	199825	199833	1
CP142623.1	199833	199840	2
CP142623.1	199840	199854	3
CP142623.1	199854	199856	2
CP142623.1	199856	199878	3
CP142623.1	199878	199887	4
CP142623.1	199887	199889	3
CP142623.1	199889	199890	4
CP142623.1	199890	199914	5
CP142623.1	199914	199969	6
CP142623.1	199969	199970	5
CP142623.1	199970	199980	6
CP142623.1	199980	200026	5
CP142623.1	200026	200038	4
CP142623.1	200038	200075	3
CP142623.1	200075	200086	2
CP142623.1	200086	200097	1
CP142623.1	200097	200195	0
CP142623.1	200195	200207	1
CP142623.1	200207	200243	3
CP142623.1	200243	200247	2
CP142623.1	200247	200248	0
CP142623.1	200248	200309	2
CP142623.1	200309	200352	1
CP142623.1	200352	200357	2
CP142623.1	200357	200363	1
CP142623.1	200363	200408	2
CP142623.1	200408	200490	1
CP142623.1	200490	200512	2
CP142623.1	200512	200615	1
CP142623.1	200615	200619	0
CP142623.1	200619	200639	1
CP142623.1	200639	200706	2
CP142623.1	200706	200717	3
CP142623.1	200717	200718	2
CP142623.1	200718	200725	3
CP142623.1	200725	200742	2
CP142623.1	200742	200749	3
CP142623.1	200749	200799	4
CP142623.1	200799	200800	3
CP142623.1	200800	200828	4
CP142623.1	200828	200829	5
CP142623.1	200829	200830	4
CP142623.1	200830	200836	5
CP142623.1	200836	200842	4
CP142623.1	200842	200852	5
CP142623.1	200852	200880	4
CP142623.1	200880	200909	3
CP142623.1	200909	200911	2
CP142623.1	200911	200934	1
CP142623.1	200934	200981	2
CP142623.1	200981	200985	1
CP142623.1	200985	201028	2
CP142623.1	201028	201029	3
CP142623.1	201029	201067	2
CP142623.1	201067	201085	1
CP142623.1	201085	201094	0
CP142623.1	201094	201140	1
CP142623.1	201140	201206	2
CP142623.1	201206	201255	3
CP142623.1	201255	201317	2
CP142623.1	201317	201318	1
CP142623.1	201318	201319	2
CP142623.1	201319	201337	3
CP142623.1	201337	201375	2
CP142623.1	201375	201378	1
CP142623.1	201378	201380	2
CP142623.1	201380	201381	1
CP142623.1	201381	201421	2
CP142623.1	201421	201443	3
CP142623.1	201443	201444	1
CP142623.1	201444	201485	3
CP142623.1	201485	201498	4
CP142623.1	201498	201519	3
CP142623.1	201519	201545	4
CP142623.1	201545	201552	5
CP142623.1	201552	201575	4
CP142623.1	201575	201579	3
CP142623.1	201579	201605	4
CP142623.1	201605	201658	3
CP142623.1	201658	201685	4
CP142623.1	201685	201686	2
CP142623.1	201686	201709	3
CP142623.1	201709	201712	2
CP142623.1	201712	201736	3
CP142623.1	201736	201753	2
CP142623.1	201753	201755	1
CP142623.1	201755	201758	0
CP142623.1	201758	201760	1
CP142623.1	201760	201821	2
CP142623.1	201821	201822	1
CP142623.1	201822	202050	0
CP142623.1	202050	202085	1
CP142623.1	202085	202102	0
CP142623.1	202102	202144	1
CP142623.1	202144	202157	2
CP142623.1	202157	202255	3
CP142623.1	202255	202261	4
CP142623.1	202261	202268	3
CP142623.1	202268	202345	2
CP142623.1	202345	202449	1
CP142623.1	202449	202463	2
CP142623.1	202463	202472	1
CP142623.1	202472	202500	2
CP142623.1	202500	202505	1
CP142623.1	202505	202520	2
CP142623.1	202520	202555	3
CP142623.1	202555	202583	2
CP142623.1	202583	202602	1
CP142623.1	202602	202792	0
CP142623.1	202792	202969	1
CP142623.1	202969	203001	2
CP142623.1	203001	203012	3
CP142623.1	203012	203080	2
CP142623.1	203080	203091	1
CP142623.1	203091	203120	2
CP142623.1	203120	203136	3
CP142623.1	203136	203157	2
CP142623.1	203157	203175	1
CP142623.1	203175	203186	0
CP142623.1	203186	203236	1
CP142623.1	203236	203345	2
CP142623.1	203345	203368	1
CP142623.1	203368	203380	2
CP142623.1	203380	203415	1
CP142623.1	203415	203436	2
CP142623.1	203436	203478	1
CP142623.1	203478	203491	0
CP142623.1	203491	203584	1
CP142623.1	203584	203601	0
CP142623.1	203601	203778	1
CP142623.1	203778	203805	2
CP142623.1	203805	203914	3
CP142623.1	203914	203916	2
CP142623.1	203916	203934	3
CP142623.1	203934	203985	2
CP142623.1	203985	204030	3
CP142623.1	204030	204047	2
CP142623.1	204047	204076	1
CP142623.1	204076	204089	2
CP142623.1	204089	204149	1
CP142623.1	204149	204153	2
CP142623.1	204153	204208	1
CP142623.1	204208	204228	2
CP142623.1	204228	204230	1
CP142623.1	204230	204231	0
CP142623.1	204231	204233	1
CP142623.1	204233	204280	2
CP142623.1	204280	204320	1
CP142623.1	204320	204322	2
CP142623.1	204322	204345	3
CP142623.1	204345	204346	1
CP142623.1	204346	204347	2
CP142623.1	204347	204354	3
CP142623.1	204354	204355	2
CP142623.1	204355	204415	3
CP142623.1	204415	204418	2
CP142623.1	204418	204424	1
CP142623.1	204424	204469	0
CP142623.1	204469	204573	1
CP142623.1	204573	204576	2
CP142623.1	204576	204632	3
CP142623.1	204632	204660	2
CP142623.1	204660	204698	1
CP142623.1	204698	204744	2
CP142623.1	204744	204747	3
CP142623.1	204747	204748	2
CP142623.1	204748	204750	1
CP142623.1	204750	204797	2
CP142623.1	204797	204825	1
CP142623.1	204825	204955	0
CP142623.1	204955	205001	1
CP142623.1	205001	205017	2
CP142623.1	205017	205039	3
CP142623.1	205039	205058	2
CP142623.1	205058	205085	3
CP142623.1	205085	205172	2
CP142623.1	205172	205206	1
CP142623.1	205206	205277	2
CP142623.1	205277	205307	1
CP142623.1	205307	205366	0
CP142623.1	205366	205417	1
CP142623.1	205417	205465	2
CP142623.1	205465	205499	3
CP142623.1	205499	205502	2
CP142623.1	205502	205509	1
CP142623.1	205509	205510	2
CP142623.1	205510	205537	3
CP142623.1	205537	205590	2
CP142623.1	205590	205603	3
CP142623.1	205603	205643	4
CP142623.1	205643	205655	3
CP142623.1	205655	205661	2
CP142623.1	205661	205686	1
CP142623.1	205686	205700	2
CP142623.1	205700	205731	1
CP142623.1	205731	205754	2
CP142623.1	205754	205819	3
CP142623.1	205819	205820	4
CP142623.1	205820	205834	3
CP142623.1	205834	205853	2
CP142623.1	205853	205865	1
CP142623.1	205865	205908	2
CP142623.1	205908	206032	1
CP142623.1	206032	206082	0
CP142623.1	206082	206112	1
CP142623.1	206112	206138	2
CP142623.1	206138	206142	3
CP142623.1	206142	206181	4
CP142623.1	206181	206185	3
CP142623.1	206185	206200	2
CP142623.1	206200	206201	1
CP142623.1	206201	206251	2
CP142623.1	206251	206252	1
CP142623.1	206252	206264	2
CP142623.1	206264	206283	3
CP142623.1	206283	206285	0
CP142623.1	206285	206338	3
CP142623.1	206338	206349	4
CP142623.1	206349	206381	3
CP142623.1	206381	206447	2
CP142623.1	206447	206462	1
CP142623.1	206462	206636	0
CP142623.1	206636	206664	1
CP142623.1	206664	206677	2
CP142623.1	206677	206836	1
CP142623.1	206836	206839	0
CP142623.1	206839	206847	1
CP142623.1	206847	206850	2
CP142623.1	206850	206942	1
CP142623.1	206942	207070	2
CP142623.1	207070	207078	3
CP142623.1	207078	207116	2
CP142623.1	207116	207135	3
CP142623.1	207135	207162	2
CP142623.1	207162	207172	3
CP142623.1	207172	207274	4
CP142623.1	207274	207360	3
CP142623.1	207360	207366	4
CP142623.1	207366	207375	3
CP142623.1	207375	207436	4
CP142623.1	207436	207451	3
CP142623.1	207451	207453	4
CP142623.1	207453	207455	3
CP142623.1	207455	207457	4
CP142623.1	207457	207477	3
CP142623.1	207477	207480	2
CP142623.1	207480	207511	3
CP142623.1	207511	207514	2
CP142623.1	207514	207550	1
CP142623.1	207550	207616	0
CP142623.1	207616	207696	1
CP142623.1	207696	207896	0
CP142623.1	207896	208024	1
CP142623.1	208024	208039	0
CP142623.1	208039	208079	1
CP142623.1	208079	208080	0
CP142623.1	208080	208123	1
CP142623.1	208123	208179	2
CP142623.1	208179	208193	3
CP142623.1	208193	208196	2
CP142623.1	208196	208272	3
CP142623.1	208272	208333	4
CP142623.1	208333	208334	3
CP142623.1	208334	208337	4
CP142623.1	208337	208338	5
CP142623.1	208338	208347	6
CP142623.1	208347	208350	5
CP142623.1	208350	208360	4
CP142623.1	208360	208417	2
CP142623.1	208417	208551	1
CP142623.1	208551	208670	2
CP142623.1	208670	208676	1
CP142623.1	208676	208796	2
CP142623.1	208796	208797	0
CP142623.1	208797	208842	2
CP142623.1	208842	208859	1
CP142623.1	208859	208959	0
CP142623.1	208959	208970	1
CP142623.1	208970	209039	2
CP142623.1	209039	209060	3
CP142623.1	209060	209069	2
CP142623.1	209069	209071	1
CP142623.1	209071	209081	2
CP142623.1	209081	209114	1
CP142623.1	209114	209135	2
CP142623.1	209135	209212	1
CP142623.1	209212	209229	2
CP142623.1	209229	209251	3
CP142623.1	209251	209252	1
CP142623.1	209252	209268	2
CP142623.1	209268	209306	3
CP142623.1	209306	209317	2
CP142623.1	209317	209338	1
CP142623.1	209338	209342	0
CP142623.1	209342	209379	1
CP142623.1	209379	209394	0
CP142623.1	209394	209403	1
CP142623.1	209403	209410	2
CP142623.1	209410	209463	3
CP142623.1	209463	209496	2
CP142623.1	209496	209518	3
CP142623.1	209518	209523	4
CP142623.1	209523	209543	3
CP142623.1	209543	209580	2
CP142623.1	209580	209618	3
CP142623.1	209618	209662	2
CP142623.1	209662	209672	1
CP142623.1	209672	209735	2
CP142623.1	209735	209802	1
CP142623.1	209802	209840	2
CP142623.1	209840	209843	3
CP142623.1	209843	209847	4
CP142623.1	209847	209871	3
CP142623.1	209871	209894	2
CP142623.1	209894	209922	1
CP142623.1	209922	209946	0
CP142623.1	209946	210010	1
CP142623.1	210010	210011	0
CP142623.1	210011	210075	1
CP142623.1	210075	210076	0
CP142623.1	210076	210112	1
CP142623.1	210112	210119	0
CP142623.1	210119	210236	1
CP142623.1	210236	210303	2
CP142623.1	210303	210374	1
CP142623.1	210374	210378	2
CP142623.1	210378	210384	1
CP142623.1	210384	210415	2
CP142623.1	210415	210467	3
CP142623.1	210467	210468	0
CP142623.1	210468	210477	3
CP142623.1	210477	210478	1
CP142623.1	210478	210512	3
CP142623.1	210512	210513	4
CP142623.1	210513	210548	3
CP142623.1	210548	210551	4
CP142623.1	210551	210552	3
CP142623.1	210552	210562	4
CP142623.1	210562	210598	3
CP142623.1	210598	210687	2
CP142623.1	210687	210751	3
CP142623.1	210751	210753	2
CP142623.1	210753	210834	1
CP142623.1	210834	210839	2
CP142623.1	210839	210841	1
CP142623.1	210841	210877	2
CP142623.1	210877	210896	1
CP142623.1	210896	211044	0
CP142623.1	211044	211146	1
CP142623.1	211146	211208	2
CP142623.1	211208	211250	3
CP142623.1	211250	211346	2
CP142623.1	211346	211347	1
CP142623.1	211347	211356	2
CP142623.1	211356	211416	1
CP142623.1	211416	211510	0
CP142623.1	211510	211514	1
CP142623.1	211514	211532	2
CP142623.1	211532	211556	3
CP142623.1	211556	211604	4
CP142623.1	211604	211645	3
CP142623.1	211645	211650	4
CP142623.1	211650	211651	3
CP142623.1	211651	211695	4
CP142623.1	211695	211715	3
CP142623.1	211715	211718	2
CP142623.1	211718	211729	1
CP142623.1	211729	211763	2
CP142623.1	211763	211906	1
CP142623.1	211906	212152	0
CP142623.1	212152	212233	1
CP142623.1	212233	212330	2
CP142623.1	212330	212395	1
CP142623.1	212395	212397	0
CP142623.1	212397	212441	1
CP142623.1	212441	212456	2
CP142623.1	212456	212529	1
CP142623.1	212529	212549	0
CP142623.1	212549	212563	1
CP142623.1	212563	212614	2
CP142623.1	212614	212737	3
CP142623.1	212737	212759	2
CP142623.1	212759	212760	1
CP142623.1	212760	212780	2
CP142623.1	212780	212798	1
CP142623.1	212798	212848	2
CP142623.1	212848	212911	3
CP142623.1	212911	212929	4
CP142623.1	212929	212934	3
CP142623.1	212934	212940	4
CP142623.1	212940	212943	3
CP142623.1	212943	212956	2
CP142623.1	212956	212972	1
CP142623.1	212972	212976	2
CP142623.1	212976	212977	1
CP142623.1	212977	212999	2
CP142623.1	212999	213003	1
CP142623.1	213003	213098	2
CP142623.1	213098	213227	1
CP142623.1	213227	213280	0
CP142623.1	213280	213299	1
CP142623.1	213299	213318	2
CP142623.1	213318	213379	3
CP142623.1	213379	213419	2
CP142623.1	213419	213473	1
CP142623.1	213473	213517	2
CP142623.1	213517	213589	3
CP142623.1	213589	213622	2
CP142623.1	213622	213640	1
CP142623.1	213640	213663	0
CP142623.1	213663	213766	1
CP142623.1	213766	213815	2
CP142623.1	213815	213829	1
CP142623.1	213829	213837	2
CP142623.1	213837	213848	1
CP142623.1	213848	213890	2
CP142623.1	213890	213898	3
CP142623.1	213898	213982	2
CP142623.1	213982	213984	3
CP142623.1	213984	213993	2
CP142623.1	213993	213994	0
CP142623.1	213994	213995	1
CP142623.1	213995	214025	2
CP142623.1	214025	214026	1
CP142623.1	214026	214099	2
CP142623.1	214099	214104	1
CP142623.1	214104	214118	2
CP142623.1	214118	214163	3
CP142623.1	214163	214164	1
CP142623.1	214164	214213	2
CP142623.1	214213	214265	3
CP142623.1	214265	214266	2
CP142623.1	214266	214325	3
CP142623.1	214325	214342	2
CP142623.1	214342	214398	1
CP142623.1	214398	214407	0
CP142623.1	214407	214469	1
CP142623.1	214469	214471	0
CP142623.1	214471	214480	1
CP142623.1	214480	214491	2
CP142623.1	214491	214502	3
CP142623.1	214502	214503	1
CP142623.1	214503	214504	2
CP142623.1	214504	214511	3
CP142623.1	214511	214512	2
CP142623.1	214512	214523	3
CP142623.1	214523	214528	4
CP142623.1	214528	214541	3
CP142623.1	214541	214543	4
CP142623.1	214543	214557	3
CP142623.1	214557	214565	2
CP142623.1	214565	214599	1
CP142623.1	214599	214721	0
CP142623.1	214721	214859	1
CP142623.1	214859	215055	0
CP142623.1	215055	215201	1
CP142623.1	215201	215308	2
CP142623.1	215308	215319	1
CP142623.1	215319	215447	0
CP142623.1	215447	215523	1
CP142623.1	215523	215639	2
CP142623.1	215639	215663	1
CP142623.1	215663	215742	2
CP142623.1	215742	215764	1
CP142623.1	215764	215782	0
CP142623.1	215782	215905	1
CP142623.1	215905	215910	0
CP142623.1	215910	215943	1
CP142623.1	215943	215951	2
CP142623.1	215951	215962	1
CP142623.1	215962	215978	2
CP142623.1	215978	215995	3
CP142623.1	215995	216043	2
CP142623.1	216043	216125	3
CP142623.1	216125	216149	4
CP142623.1	216149	216150	3
CP142623.1	216150	216152	2
CP142623.1	216152	216161	3
CP142623.1	216161	216180	2
CP142623.1	216180	216219	1
CP142623.1	216219	216262	0
CP142623.1	216262	216328	1
CP142623.1	216328	216329	0
CP142623.1	216329	216377	1
CP142623.1	216377	216450	0
CP142623.1	216450	216521	1
CP142623.1	216521	216522	0
CP142623.1	216522	216571	1
CP142623.1	216571	216595	2
CP142623.1	216595	216813	1
CP142623.1	216813	216816	0
CP142623.1	216816	216894	1
CP142623.1	216894	216945	0
CP142623.1	216945	217001	1
CP142623.1	217001	217035	0
CP142623.1	217035	217071	1
CP142623.1	217071	217085	0
CP142623.1	217085	217189	1
CP142623.1	217189	217211	2
CP142623.1	217211	217267	1
CP142623.1	217267	217435	0
CP142623.1	217435	217436	1
CP142623.1	217436	217457	2
CP142623.1	217457	217475	3
CP142623.1	217475	217476	2
CP142623.1	217476	217482	3
CP142623.1	217482	217512	4
CP142623.1	217512	217515	3
CP142623.1	217515	217516	2
CP142623.1	217516	217519	3
CP142623.1	217519	217527	4
CP142623.1	217527	217586	3
CP142623.1	217586	217654	2
CP142623.1	217654	217675	1
CP142623.1	217675	217737	0
CP142623.1	217737	217814	1
CP142623.1	217814	217859	2
CP142623.1	217859	217892	3
CP142623.1	217892	217921	2
CP142623.1	217921	217922	1
CP142623.1	217922	217983	0
CP142623.1	217983	218009	1
CP142623.1	218009	218030	2
CP142623.1	218030	218053	1
CP142623.1	218053	218058	0
CP142623.1	218058	218063	1
CP142623.1	218063	218065	0
CP142623.1	218065	218111	1
CP142623.1	218111	218197	0
CP142623.1	218197	218203	1
CP142623.1	218203	218333	2
CP142623.1	218333	218334	1
CP142623.1	218334	218356	2
CP142623.1	218356	218357	1
CP142623.1	218357	218364	2
CP142623.1	218364	218365	1
CP142623.1	218365	218418	2
CP142623.1	218418	218419	1
CP142623.1	218419	218527	2
CP142623.1	218527	218573	3
CP142623.1	218573	218598	2
CP142623.1	218598	218628	1
CP142623.1	218628	218888	0
CP142623.1	218888	219094	1
CP142623.1	219094	219171	2
CP142623.1	219171	219174	1
CP142623.1	219174	219178	2
CP142623.1	219178	219187	1
CP142623.1	219187	219209	0
CP142623.1	219209	219217	1
CP142623.1	219217	219275	2
CP142623.1	219275	219279	3
CP142623.1	219279	219316	4
CP142623.1	219316	219361	3
CP142623.1	219361	219372	2
CP142623.1	219372	219374	3
CP142623.1	219374	219497	2
CP142623.1	219497	219532	1
CP142623.1	219532	219800	0
CP142623.1	219800	219822	1
CP142623.1	219822	219937	2
CP142623.1	219937	219940	1
CP142623.1	219940	219957	2
CP142623.1	219957	220078	3
CP142623.1	220078	220095	2
CP142623.1	220095	220122	1
CP142623.1	220122	220208	2
CP142623.1	220208	220209	1
CP142623.1	220209	220314	0
CP142623.1	220314	220532	1
CP142623.1	220532	220545	0
CP142623.1	220545	220606	1
CP142623.1	220606	220627	0
CP142623.1	220627	220691	1
CP142623.1	220691	220706	2
CP142623.1	220706	220725	3
CP142623.1	220725	220734	2
CP142623.1	220734	220756	3
CP142623.1	220756	220779	2
CP142623.1	220779	220809	3
CP142623.1	220809	220810	2
CP142623.1	220810	220845	3
CP142623.1	220845	220847	4
CP142623.1	220847	220851	3
CP142623.1	220851	220859	2
CP142623.1	220859	220860	1
CP142623.1	220860	220862	0
CP142623.1	220862	220865	1
CP142623.1	220865	220886	2
CP142623.1	220886	220901	4
CP142623.1	220901	220914	3
CP142623.1	220914	220915	2
CP142623.1	220915	220918	3
CP142623.1	220918	220919	2
CP142623.1	220919	220946	3
CP142623.1	220946	220950	2
CP142623.1	220950	221078	0
CP142623.1	221078	221119	2
CP142623.1	221119	221144	3
CP142623.1	221144	221145	1
CP142623.1	221145	221146	2
CP142623.1	221146	221152	3
CP142623.1	221152	221156	2
CP142623.1	221156	221179	3
CP142623.1	221179	221202	2
CP142623.1	221202	221203	0
CP142623.1	221203	221222	1
CP142623.1	221222	221304	0
CP142623.1	221304	221361	1
CP142623.1	221361	221366	0
CP142623.1	221366	221421	1
CP142623.1	221421	221429	2
CP142623.1	221429	221632	1
CP142623.1	221632	221773	0
CP142623.1	221773	221797	1
CP142623.1	221797	221865	2
CP142623.1	221865	221866	0
CP142623.1	221866	221872	2
CP142623.1	221872	221873	1
CP142623.1	221873	221915	2
CP142623.1	221915	221916	1
CP142623.1	221916	221935	2
CP142623.1	221935	221983	1
CP142623.1	221983	221984	0
CP142623.1	221984	222010	1
CP142623.1	222010	222224	0
CP142623.1	222224	222411	1
CP142623.1	222411	222416	2
CP142623.1	222416	222454	1
CP142623.1	222454	222609	0
CP142623.1	222609	222700	1
CP142623.1	222700	222701	0
CP142623.1	222701	222719	1
CP142623.1	222719	222747	2
CP142623.1	222747	222775	3
CP142623.1	222775	222828	2
CP142623.1	222828	222849	3
CP142623.1	222849	222902	4
CP142623.1	222902	222914	3
CP142623.1	222914	222937	2
CP142623.1	222937	222953	1
CP142623.1	222953	223082	2
CP142623.1	223082	223149	1
CP142623.1	223149	223267	0
CP142623.1	223267	223294	1
CP142623.1	223294	223295	0
CP142623.1	223295	223322	1
CP142623.1	223322	223330	2
CP142623.1	223330	223366	1
CP142623.1	223366	223368	2
CP142623.1	223368	223414	3
CP142623.1	223414	223428	4
CP142623.1	223428	223494	3
CP142623.1	223494	223496	2
CP142623.1	223496	223497	1
CP142623.1	223497	223500	2
CP142623.1	223500	223501	1
CP142623.1	223501	223502	0
CP142623.1	223502	223558	2
CP142623.1	223558	223564	1
CP142623.1	223564	223624	0
CP142623.1	223624	223671	1
CP142623.1	223671	223717	0
CP142623.1	223717	223766	1
CP142623.1	223766	223782	2
CP142623.1	223782	223795	1
CP142623.1	223795	223811	2
CP142623.1	223811	223816	3
CP142623.1	223816	223848	4
CP142623.1	223848	223923	3
CP142623.1	223923	223953	2
CP142623.1	223953	223964	3
CP142623.1	223964	224102	2
CP142623.1	224102	224134	1
CP142623.1	224134	224171	0
CP142623.1	224171	224238	2
CP142623.1	224238	224273	1
CP142623.1	224273	224305	0
CP142623.1	224305	224355	1
CP142623.1	224355	224392	2
CP142623.1	224392	224393	1
CP142623.1	224393	224421	2
CP142623.1	224421	224458	3
CP142623.1	224458	224459	1
CP142623.1	224459	224460	2
CP142623.1	224460	224475	3
CP142623.1	224475	224477	1
CP142623.1	224477	224479	2
CP142623.1	224479	224500	1
CP142623.1	224500	224503	0
CP142623.1	224503	224559	1
CP142623.1	224559	224736	0
CP142623.1	224736	224793	1
CP142623.1	224793	224811	2
CP142623.1	224811	224860	3
CP142623.1	224860	224877	2
CP142623.1	224877	224950	1
CP142623.1	224950	224975	2
CP142623.1	224975	224978	1
CP142623.1	224978	225003	2
CP142623.1	225003	225071	3
CP142623.1	225071	225086	2
CP142623.1	225086	225126	3
CP142623.1	225126	225166	2
CP142623.1	225166	225172	1
CP142623.1	225172	225204	2
CP142623.1	225204	225232	1
CP142623.1	225232	225266	2
CP142623.1	225266	225382	1
CP142623.1	225382	225417	0
CP142623.1	225417	225546	1
CP142623.1	225546	225658	0
CP142623.1	225658	225789	1
CP142623.1	225789	225816	2
CP142623.1	225816	225833	3
CP142623.1	225833	225848	4
CP142623.1	225848	225899	3
CP142623.1	225899	225952	2
CP142623.1	225952	226099	1
CP142623.1	226099	226108	2
CP142623.1	226108	226156	3
CP142623.1	226156	226158	4
CP142623.1	226158	226163	3
CP142623.1	226163	226164	2
CP142623.1	226164	226166	1
CP142623.1	226166	226174	2
CP142623.1	226174	226212	3
CP142623.1	226212	226213	2
CP142623.1	226213	226216	0
CP142623.1	226216	226220	2
CP142623.1	226220	226227	3
CP142623.1	226227	226228	2
CP142623.1	226228	226242	3
CP142623.1	226242	226244	2
CP142623.1	226244	226307	1
CP142623.1	226307	226364	0
CP142623.1	226364	226536	1
CP142623.1	226536	226655	2
CP142623.1	226655	226656	1
CP142623.1	226656	226659	0
CP142623.1	226659	226669	1
CP142623.1	226669	226743	2
CP142623.1	226743	226744	1
CP142623.1	226744	226753	2
CP142623.1	226753	226817	3
CP142623.1	226817	226821	4
CP142623.1	226821	226823	3
CP142623.1	226823	226824	4
CP142623.1	226824	226825	2
CP142623.1	226825	226841	4
CP142623.1	226841	226843	3
CP142623.1	226843	226854	4
CP142623.1	226854	226897	3
CP142623.1	226897	226907	1
CP142623.1	226907	226970	2
CP142623.1	226970	226998	1
CP142623.1	226998	227009	2
CP142623.1	227009	227016	1
CP142623.1	227016	227083	2
CP142623.1	227083	227086	1
CP142623.1	227086	227112	2
CP142623.1	227112	227134	1
CP142623.1	227134	227162	0
CP142623.1	227162	227169	1
CP142623.1	227169	227261	2
CP142623.1	227261	227285	1
CP142623.1	227285	227304	2
CP142623.1	227304	227423	1
CP142623.1	227423	227426	0
CP142623.1	227426	227465	1
CP142623.1	227465	227554	0
CP142623.1	227554	227687	1
CP142623.1	227687	227692	2
CP142623.1	227692	227696	3
CP142623.1	227696	227714	4
CP142623.1	227714	227716	3
CP142623.1	227716	227745	4
CP142623.1	227745	227752	3
CP142623.1	227752	227787	4
CP142623.1	227787	227788	3
CP142623.1	227788	227810	4
CP142623.1	227810	227824	3
CP142623.1	227824	227830	2
CP142623.1	227830	227833	1
CP142623.1	227833	227862	2
CP142623.1	227862	227882	3
CP142623.1	227882	227916	4
CP142623.1	227916	227917	3
CP142623.1	227917	227932	2
CP142623.1	227932	227984	3
CP142623.1	227984	227989	2
CP142623.1	227989	227994	1
CP142623.1	227994	227999	0
CP142623.1	227999	228013	1
CP142623.1	228013	228070	2
CP142623.1	228070	228117	3
CP142623.1	228117	228120	4
CP142623.1	228120	228121	3
CP142623.1	228121	228159	4
CP142623.1	228159	228208	5
CP142623.1	228208	228218	4
CP142623.1	228218	228233	3
CP142623.1	228233	228255	2
CP142623.1	228255	228262	1
CP142623.1	228262	228265	2
CP142623.1	228265	228293	3
CP142623.1	228293	228305	2
CP142623.1	228305	228341	3
CP142623.1	228341	228347	4
CP142623.1	228347	228350	3
CP142623.1	228350	228355	2
CP142623.1	228355	228356	0
CP142623.1	228356	228435	2
CP142623.1	228435	228436	1
CP142623.1	228436	228529	2
CP142623.1	228529	228682	1
CP142623.1	228682	228715	2
CP142623.1	228715	228745	1
CP142623.1	228745	228809	2
CP142623.1	228809	228837	1
CP142623.1	228837	228865	2
CP142623.1	228865	228918	1
CP142623.1	228918	229018	0
CP142623.1	229018	229027	1
CP142623.1	229027	229065	2
CP142623.1	229065	229076	1
CP142623.1	229076	229157	0
CP142623.1	229157	229256	1
CP142623.1	229256	229459	0
CP142623.1	229459	229544	1
CP142623.1	229544	229666	0
CP142623.1	229666	229762	1
CP142623.1	229762	229765	2
CP142623.1	229765	229768	3
CP142623.1	229768	229828	4
CP142623.1	229828	229830	3
CP142623.1	229830	229834	4
CP142623.1	229834	229849	3
CP142623.1	229849	229893	2
CP142623.1	229893	229903	1
CP142623.1	229903	229904	0
CP142623.1	229904	229963	1
CP142623.1	229963	229984	0
CP142623.1	229984	230039	1
CP142623.1	230039	230045	2
CP142623.1	230045	230079	3
CP142623.1	230079	230106	2
CP142623.1	230106	230107	1
CP142623.1	230107	230117	2
CP142623.1	230117	230128	3
CP142623.1	230128	230155	2
CP142623.1	230155	230215	3
CP142623.1	230215	230220	2
CP142623.1	230220	230236	3
CP142623.1	230236	230324	2
CP142623.1	230324	230332	1
CP142623.1	230332	230338	2
CP142623.1	230338	230371	1
CP142623.1	230371	230372	0
CP142623.1	230372	230515	1
CP142623.1	230515	230567	0
CP142623.1	230567	230607	1
CP142623.1	230607	230692	2
CP142623.1	230692	230721	3
CP142623.1	230721	230808	2
CP142623.1	230808	230809	1
CP142623.1	230809	230811	0
CP142623.1	230811	230893	1
CP142623.1	230893	230943	2
CP142623.1	230943	230958	1
CP142623.1	230958	231053	2
CP142623.1	231053	231084	1
CP142623.1	231084	231121	2
CP142623.1	231121	231165	1
CP142623.1	231165	231197	0
CP142623.1	231197	231329	1
CP142623.1	231329	231415	2
CP142623.1	231415	231422	1
CP142623.1	231422	231441	2
CP142623.1	231441	231442	1
CP142623.1	231442	231470	2
CP142623.1	231470	231490	3
CP142623.1	231490	231491	2
CP142623.1	231491	231517	3
CP142623.1	231517	231573	2
CP142623.1	231573	231605	4
CP142623.1	231605	231606	5
CP142623.1	231606	231655	4
CP142623.1	231655	231656	3
CP142623.1	231656	231659	2
CP142623.1	231659	231674	3
CP142623.1	231674	231706	2
CP142623.1	231706	231749	1
CP142623.1	231749	231751	0
CP142623.1	231751	231927	1
CP142623.1	231927	231953	0
CP142623.1	231953	232010	1
CP142623.1	232010	232068	0
CP142623.1	232068	232112	1
CP142623.1	232112	232113	0
CP142623.1	232113	232208	1
CP142623.1	232208	232210	0
CP142623.1	232210	232211	1
CP142623.1	232211	232223	2
CP142623.1	232223	232224	1
CP142623.1	232224	232227	2
CP142623.1	232227	232229	1
CP142623.1	232229	232252	2
CP142623.1	232252	232278	3
CP142623.1	232278	232291	4
CP142623.1	232291	232307	5
CP142623.1	232307	232310	4
CP142623.1	232310	232341	5
CP142623.1	232341	232342	4
CP142623.1	232342	232375	3
CP142623.1	232375	232476	2
CP142623.1	232476	232477	0
CP142623.1	232477	232488	1
CP142623.1	232488	232603	2
CP142623.1	232603	232663	1
CP142623.1	232663	232714	0
CP142623.1	232714	232751	1
CP142623.1	232751	232770	2
CP142623.1	232770	232902	1
CP142623.1	232902	232915	2
CP142623.1	232915	232942	1
CP142623.1	232942	232994	2
CP142623.1	232994	232995	1
CP142623.1	232995	233008	2
CP142623.1	233008	233015	1
CP142623.1	233015	233024	2
CP142623.1	233024	233060	1
CP142623.1	233060	233367	0
CP142623.1	233367	233428	1
CP142623.1	233428	233510	0
CP142623.1	233510	233617	1
CP142623.1	233617	233620	2
CP142623.1	233620	233621	1
CP142623.1	233621	233641	2
CP142623.1	233641	233646	1
CP142623.1	233646	233647	0
CP142623.1	233647	233685	1
CP142623.1	233685	233708	2
CP142623.1	233708	233709	1
CP142623.1	233709	233714	2
CP142623.1	233714	233750	3
CP142623.1	233750	233759	2
CP142623.1	233759	233770	3
CP142623.1	233770	233788	2
CP142623.1	233788	233822	3
CP142623.1	233822	233829	2
CP142623.1	233829	233833	1
CP142623.1	233833	233840	2
CP142623.1	233840	233925	1
CP142623.1	233925	233950	0
CP142623.1	233950	233991	1
CP142623.1	233991	233992	0
CP142623.1	233992	234082	1
CP142623.1	234082	234221	2
CP142623.1	234221	234227	1
CP142623.1	234227	234284	2
CP142623.1	234284	234296	1
CP142623.1	234296	234302	2
CP142623.1	234302	234307	1
CP142623.1	234307	234334	2
CP142623.1	234334	234436	1
CP142623.1	234436	234452	0
CP142623.1	234452	234563	1
CP142623.1	234563	234647	0
CP142623.1	234647	234671	1
CP142623.1	234671	234673	0
CP142623.1	234673	234765	1
CP142623.1	234765	234772	2
CP142623.1	234772	234804	3
CP142623.1	234804	234822	4
CP142623.1	234822	234832	3
CP142623.1	234832	234852	4
CP142623.1	234852	234863	3
CP142623.1	234863	234881	2
CP142623.1	234881	234885	3
CP142623.1	234885	234951	4
CP142623.1	234951	234971	3
CP142623.1	234971	234973	4
CP142623.1	234973	234975	3
CP142623.1	234975	234991	4
CP142623.1	234991	235030	3
CP142623.1	235030	235056	1
CP142623.1	235056	235113	2
CP142623.1	235113	235155	1
CP142623.1	235155	235157	0
CP142623.1	235157	235210	1
CP142623.1	235210	235247	0
CP142623.1	235247	235313	1
CP142623.1	235313	235371	2
CP142623.1	235371	235392	1
CP142623.1	235392	235396	0
CP142623.1	235396	235404	1
CP142623.1	235404	235407	0
CP142623.1	235407	235409	1
CP142623.1	235409	235453	2
CP142623.1	235453	235556	1
CP142623.1	235556	235559	0
CP142623.1	235559	235612	1
CP142623.1	235612	235655	2
CP142623.1	235655	235690	1
CP142623.1	235690	235764	0
CP142623.1	235764	235839	1
CP142623.1	235839	235840	0
CP142623.1	235840	235843	1
CP142623.1	235843	235880	2
CP142623.1	235880	235881	1
CP142623.1	235881	235901	2
CP142623.1	235901	235904	1
CP142623.1	235904	235922	2
CP142623.1	235922	235971	1
CP142623.1	235971	236028	0
CP142623.1	236028	236055	1
CP142623.1	236055	236056	0
CP142623.1	236056	236107	1
CP142623.1	236107	236159	2
CP142623.1	236159	236164	1
CP142623.1	236164	236170	2
CP142623.1	236170	236173	3
CP142623.1	236173	236190	4
CP142623.1	236190	236248	3
CP142623.1	236248	236276	4
CP142623.1	236276	236285	5
CP142623.1	236285	236289	1
CP142623.1	236289	236290	0
CP142623.1	236290	236291	1
CP142623.1	236291	236305	5
CP142623.1	236305	236322	6
CP142623.1	236322	236323	5
CP142623.1	236323	236329	6
CP142623.1	236329	236330	4
CP142623.1	236330	236333	2
CP142623.1	236333	236352	6
CP142623.1	236352	236366	5
CP142623.1	236366	236374	4
CP142623.1	236374	236375	3
CP142623.1	236375	236400	4
CP142623.1	236400	236413	5
CP142623.1	236413	236424	4
CP142623.1	236424	236438	5
CP142623.1	236438	236454	4
CP142623.1	236454	236463	3
CP142623.1	236463	236487	4
CP142623.1	236487	236522	3
CP142623.1	236522	236527	2
CP142623.1	236527	236528	1
CP142623.1	236528	236541	2
CP142623.1	236541	236579	3
CP142623.1	236579	236595	2
CP142623.1	236595	236650	1
CP142623.1	236650	236717	2
CP142623.1	236717	236737	1
CP142623.1	236737	236752	2
CP142623.1	236752	236763	3
CP142623.1	236763	236764	2
CP142623.1	236764	236773	3
CP142623.1	236773	236792	4
CP142623.1	236792	236793	2
CP142623.1	236793	236803	4
CP142623.1	236803	236804	2
CP142623.1	236804	236807	4
CP142623.1	236807	236808	3
CP142623.1	236808	236809	2
CP142623.1	236809	236810	3
CP142623.1	236810	236873	5
CP142623.1	236873	236898	4
CP142623.1	236898	236902	3
CP142623.1	236902	236904	4
CP142623.1	236904	236905	2
CP142623.1	236905	236906	3
CP142623.1	236906	236925	5
CP142623.1	236925	236935	4
CP142623.1	236935	236948	5
CP142623.1	236948	236976	6
CP142623.1	236976	236977	4
CP142623.1	236977	236992	6
CP142623.1	236992	236994	5
CP142623.1	236994	237009	6
CP142623.1	237009	237029	5
CP142623.1	237029	237031	6
CP142623.1	237031	237033	5
CP142623.1	237033	237038	6
CP142623.1	237038	237040	5
CP142623.1	237040	237041	4
CP142623.1	237041	237051	3
CP142623.1	237051	237095	2
CP142623.1	237095	237136	1
CP142623.1	237136	237159	2
CP142623.1	237159	237192	1
CP142623.1	237192	237238	2
CP142623.1	237238	237241	1
CP142623.1	237241	237252	2
CP142623.1	237252	237261	1
CP142623.1	237261	237285	0
CP142623.1	237285	237349	1
CP142623.1	237349	237390	0
CP142623.1	237390	237603	1
CP142623.1	237603	237606	0
CP142623.1	237606	237634	1
CP142623.1	237634	237752	0
CP142623.1	237752	237760	1
CP142623.1	237760	237763	2
CP142623.1	237763	237816	3
CP142623.1	237816	237843	2
CP142623.1	237843	237844	3
CP142623.1	237844	237870	2
CP142623.1	237870	237903	1
CP142623.1	237903	237906	0
CP142623.1	237906	238067	1
CP142623.1	238067	238082	2
CP142623.1	238082	238088	1
CP142623.1	238088	238092	2
CP142623.1	238092	238103	3
CP142623.1	238103	238128	2
CP142623.1	238128	238132	1
CP142623.1	238132	238139	2
CP142623.1	238139	238217	1
CP142623.1	238217	238267	2
CP142623.1	238267	238269	1
CP142623.1	238269	238309	2
CP142623.1	238309	238312	1
CP142623.1	238312	238342	2
CP142623.1	238342	238352	3
CP142623.1	238352	238353	2
CP142623.1	238353	238372	3
CP142623.1	238372	238392	4
CP142623.1	238392	238395	3
CP142623.1	238395	238430	2
CP142623.1	238430	238497	3
CP142623.1	238497	238498	2
CP142623.1	238498	238523	3
CP142623.1	238523	238535	2
CP142623.1	238535	238555	1
CP142623.1	238555	238575	0
CP142623.1	238575	238624	1
CP142623.1	238624	238625	0
CP142623.1	238625	238702	1
CP142623.1	238702	238731	2
CP142623.1	238731	238732	0
CP142623.1	238732	238764	1
CP142623.1	238764	238765	0
CP142623.1	238765	238780	1
CP142623.1	238780	238782	0
CP142623.1	238782	238845	1
CP142623.1	238845	238869	0
CP142623.1	238869	238905	1
CP142623.1	238905	238925	2
CP142623.1	238925	238966	3
CP142623.1	238966	238993	4
CP142623.1	238993	238994	3
CP142623.1	238994	239008	4
CP142623.1	239008	239009	3
CP142623.1	239009	239010	4
CP142623.1	239010	239014	3
CP142623.1	239014	239031	4
CP142623.1	239031	239044	5
CP142623.1	239044	239062	4
CP142623.1	239062	239071	5
CP142623.1	239071	239072	4
CP142623.1	239072	239085	5
CP142623.1	239085	239096	4
CP142623.1	239096	239100	3
CP142623.1	239100	239111	4
CP142623.1	239111	239112	3
CP142623.1	239112	239116	4
CP142623.1	239116	239147	3
CP142623.1	239147	239158	4
CP142623.1	239158	239164	3
CP142623.1	239164	239213	2
CP142623.1	239213	239241	1
CP142623.1	239241	239344	0
CP142623.1	239344	239350	1
CP142623.1	239350	239389	2
CP142623.1	239389	239392	0
CP142623.1	239392	239393	1
CP142623.1	239393	239431	2
CP142623.1	239431	239432	1
CP142623.1	239432	239447	2
CP142623.1	239447	239483	1
CP142623.1	239483	239504	2
CP142623.1	239504	239505	1
CP142623.1	239505	239513	2
CP142623.1	239513	239527	3
CP142623.1	239527	239548	4
CP142623.1	239548	239571	3
CP142623.1	239571	239576	2
CP142623.1	239576	239585	1
CP142623.1	239585	239586	2
CP142623.1	239586	239642	3
CP142623.1	239642	239645	4
CP142623.1	239645	239647	3
CP142623.1	239647	239650	2
CP142623.1	239650	239668	4
CP142623.1	239668	239688	3
CP142623.1	239688	239726	2
CP142623.1	239726	239729	1
CP142623.1	239729	239781	2
CP142623.1	239781	239784	1
CP142623.1	239784	239808	2
CP142623.1	239808	239809	1
CP142623.1	239809	239831	2
CP142623.1	239831	239834	3
CP142623.1	239834	239835	1
CP142623.1	239835	239884	2
CP142623.1	239884	239950	1
CP142623.1	239950	239957	0
CP142623.1	239957	240032	1
CP142623.1	240032	240033	0
CP142623.1	240033	240209	1
CP142623.1	240209	240210	0
CP142623.1	240210	240216	1
CP142623.1	240216	240221	2
CP142623.1	240221	240269	1
CP142623.1	240269	240291	2
CP142623.1	240291	240300	3
CP142623.1	240300	240328	2
CP142623.1	240328	240387	1
CP142623.1	240387	240538	0
CP142623.1	240538	240542	1
CP142623.1	240542	240604	2
CP142623.1	240604	240731	1
CP142623.1	240731	240732	0
CP142623.1	240732	240797	1
CP142623.1	240797	240811	2
CP142623.1	240811	240813	1
CP142623.1	240813	240821	2
CP142623.1	240821	240823	1
CP142623.1	240823	240903	2
CP142623.1	240903	240929	1
CP142623.1	240929	240935	0
CP142623.1	240935	241021	1
CP142623.1	241021	241040	2
CP142623.1	241040	241068	1
CP142623.1	241068	241069	0
CP142623.1	241069	241091	1
CP142623.1	241091	241140	2
CP142623.1	241140	241141	1
CP142623.1	241141	241153	2
CP142623.1	241153	241154	1
CP142623.1	241154	241222	2
CP142623.1	241222	241226	3
CP142623.1	241226	241227	2
CP142623.1	241227	241302	3
CP142623.1	241302	241303	2
CP142623.1	241303	241336	3
CP142623.1	241336	241354	2
CP142623.1	241354	241363	3
CP142623.1	241363	241381	2
CP142623.1	241381	241384	1
CP142623.1	241384	241386	2
CP142623.1	241386	241388	1
CP142623.1	241388	241414	2
CP142623.1	241414	241418	1
CP142623.1	241418	241489	2
CP142623.1	241489	241505	1
CP142623.1	241505	241536	2
CP142623.1	241536	241551	1
CP142623.1	241551	241611	2
CP142623.1	241611	241664	3
CP142623.1	241664	241679	2
CP142623.1	241679	241680	1
CP142623.1	241680	241691	2
CP142623.1	241691	241707	3
CP142623.1	241707	241712	1
CP142623.1	241712	241724	2
CP142623.1	241724	241727	1
CP142623.1	241727	241754	2
CP142623.1	241754	241755	1
CP142623.1	241755	241777	2
CP142623.1	241777	241785	1
CP142623.1	241785	242007	0
CP142623.1	242007	242062	1
CP142623.1	242062	242184	2
CP142623.1	242184	242185	1
CP142623.1	242185	242189	2
CP142623.1	242189	242263	3
CP142623.1	242263	242305	2
CP142623.1	242305	242318	1
CP142623.1	242318	242362	2
CP142623.1	242362	242476	1
CP142623.1	242476	242593	0
CP142623.1	242593	242606	1
CP142623.1	242606	242661	2
CP142623.1	242661	242670	3
CP142623.1	242670	242671	2
CP142623.1	242671	242710	3
CP142623.1	242710	242713	2
CP142623.1	242713	242785	3
CP142623.1	242785	242797	2
CP142623.1	242797	242823	3
CP142623.1	242823	242873	4
CP142623.1	242873	242890	3
CP142623.1	242890	242892	2
CP142623.1	242892	242893	1
CP142623.1	242893	242911	2
CP142623.1	242911	242915	1
CP142623.1	242915	242934	0
CP142623.1	242934	243038	1
CP142623.1	243038	243126	0
CP142623.1	243126	243198	1
CP142623.1	243198	243241	2
CP142623.1	243241	243391	1
CP142623.1	243391	243435	2
CP142623.1	243435	243498	3
CP142623.1	243498	243524	2
CP142623.1	243524	243662	1
CP142623.1	243662	243667	0
CP142623.1	243667	243686	2
CP142623.1	243686	243715	3
CP142623.1	243715	243742	4
CP142623.1	243742	243766	3
CP142623.1	243766	243787	2
CP142623.1	243787	243789	1
CP142623.1	243789	243798	2
CP142623.1	243798	243803	1
CP142623.1	243803	243873	2
CP142623.1	243873	243875	0
CP142623.1	243875	243877	1
CP142623.1	243877	243885	2
CP142623.1	243885	243888	1
CP142623.1	243888	243972	2
CP142623.1	243972	244006	1
CP142623.1	244006	244015	0
CP142623.1	244015	244146	1
CP142623.1	244146	244148	0
CP142623.1	244148	244171	1
CP142623.1	244171	244208	2
CP142623.1	244208	244210	1
CP142623.1	244210	244229	2
CP142623.1	244229	244232	1
CP142623.1	244232	244244	2
CP142623.1	244244	244293	1
CP142623.1	244293	244313	2
CP142623.1	244313	244315	1
CP142623.1	244315	244319	2
CP142623.1	244319	244326	3
CP142623.1	244326	244386	2
CP142623.1	244386	244409	3
CP142623.1	244409	244428	4
CP142623.1	244428	244438	3
CP142623.1	244438	244460	2
CP142623.1	244460	244603	1
CP142623.1	244603	244605	2
CP142623.1	244605	244672	1
CP142623.1	244672	244698	2
CP142623.1	244698	244731	1
CP142623.1	244731	244739	0
CP142623.1	244739	244847	1
CP142623.1	244847	244920	0
CP142623.1	244920	244984	1
CP142623.1	244984	245018	0
CP142623.1	245018	245053	1
CP142623.1	245053	245329	0
CP142623.1	245329	245350	1
CP142623.1	245350	245381	2
CP142623.1	245381	245509	1
CP142623.1	245509	245542	2
CP142623.1	245542	245546	3
CP142623.1	245546	245547	2
CP142623.1	245547	245566	3
CP142623.1	245566	245676	4
CP142623.1	245676	245679	3
CP142623.1	245679	245681	2
CP142623.1	245681	245713	1
CP142623.1	245713	245744	2
CP142623.1	245744	245836	1
CP142623.1	245836	245837	0
CP142623.1	245837	245868	1
CP142623.1	245868	245951	2
CP142623.1	245951	245956	3
CP142623.1	245956	245957	2
CP142623.1	245957	245984	1
CP142623.1	245984	246021	2
CP142623.1	246021	246044	1
CP142623.1	246044	246058	0
CP142623.1	246058	246121	1
CP142623.1	246121	246127	2
CP142623.1	246127	246202	1
CP142623.1	246202	246238	2
CP142623.1	246238	246239	1
CP142623.1	246239	246297	2
CP142623.1	246297	246298	1
CP142623.1	246298	246310	2
CP142623.1	246310	246311	1
CP142623.1	246311	246325	2
CP142623.1	246325	246361	1
CP142623.1	246361	246377	0
CP142623.1	246377	246392	1
CP142623.1	246392	246415	2
CP142623.1	246415	246480	3
CP142623.1	246480	246496	4
CP142623.1	246496	246504	3
CP142623.1	246504	246506	4
CP142623.1	246506	246510	3
CP142623.1	246510	246531	4
CP142623.1	246531	246545	3
CP142623.1	246545	246548	2
CP142623.1	246548	246576	3
CP142623.1	246576	246604	2
CP142623.1	246604	246617	1
CP142623.1	246617	246621	2
CP142623.1	246621	246674	1
CP142623.1	246674	246675	0
CP142623.1	246675	246689	1
CP142623.1	246689	246715	0
CP142623.1	246715	246740	1
CP142623.1	246740	246794	2
CP142623.1	246794	246795	1
CP142623.1	246795	246805	2
CP142623.1	246805	246814	1
CP142623.1	246814	246815	0
CP142623.1	246815	246875	1
CP142623.1	246875	246876	0
CP142623.1	246876	246919	1
CP142623.1	246919	247027	2
CP142623.1	247027	247119	1
CP142623.1	247119	247148	0
CP142623.1	247148	247241	1
CP142623.1	247241	247242	0
CP142623.1	247242	247318	1
CP142623.1	247318	247362	2
CP142623.1	247362	247375	3
CP142623.1	247375	247410	2
CP142623.1	247410	247458	3
CP142623.1	247458	247501	4
CP142623.1	247501	247510	5
CP142623.1	247510	247547	4
CP142623.1	247547	247558	5
CP142623.1	247558	247605	4
CP142623.1	247605	247606	3
CP142623.1	247606	247617	4
CP142623.1	247617	247637	5
CP142623.1	247637	247666	4
CP142623.1	247666	247668	3
CP142623.1	247668	247697	2
CP142623.1	247697	247704	3
CP142623.1	247704	247711	4
CP142623.1	247711	247784	3
CP142623.1	247784	247785	2
CP142623.1	247785	247786	3
CP142623.1	247786	247816	4
CP142623.1	247816	247852	3
CP142623.1	247852	247866	2
CP142623.1	247866	247879	1
CP142623.1	247879	248042	0
CP142623.1	248042	248135	1
CP142623.1	248135	248170	2
CP142623.1	248170	248200	1
CP142623.1	248200	248247	2
CP142623.1	248247	248251	3
CP142623.1	248251	248253	2
CP142623.1	248253	248324	3
CP142623.1	248324	248392	2
CP142623.1	248392	248402	1
CP142623.1	248402	248412	2
CP142623.1	248412	248416	1
CP142623.1	248416	248428	0
CP142623.1	248428	248432	1
CP142623.1	248432	248493	2
CP142623.1	248493	248495	1
CP142623.1	248495	248519	2
CP142623.1	248519	248522	1
CP142623.1	248522	248551	2
CP142623.1	248551	248559	1
CP142623.1	248559	248687	0
CP142623.1	248687	248711	1
CP142623.1	248711	248712	0
CP142623.1	248712	248763	1
CP142623.1	248763	248772	0
CP142623.1	248772	248828	1
CP142623.1	248828	248830	0
CP142623.1	248830	248860	1
CP142623.1	248860	248910	2
CP142623.1	248910	248928	1
CP142623.1	248928	248986	0
CP142623.1	248986	249210	1
CP142623.1	249210	249299	0
CP142623.1	249299	249322	1
CP142623.1	249322	249334	0
CP142623.1	249334	249363	1
CP142623.1	249363	249446	2
CP142623.1	249446	249476	1
CP142623.1	249476	249497	0
CP142623.1	249497	249553	1
CP142623.1	249553	249557	2
CP142623.1	249557	249561	1
CP142623.1	249561	249656	2
CP142623.1	249656	249723	1
CP142623.1	249723	249761	0
CP142623.1	249761	249844	1
CP142623.1	249844	249928	0
CP142623.1	249928	249931	1
CP142623.1	249931	250027	2
CP142623.1	250027	250043	3
CP142623.1	250043	250069	2
CP142623.1	250069	250214	1
CP142623.1	250214	250246	2
CP142623.1	250246	250265	3
CP142623.1	250265	250280	2
CP142623.1	250280	250288	1
CP142623.1	250288	250297	2
CP142623.1	250297	250327	3
CP142623.1	250327	250407	4
CP142623.1	250407	250471	3
CP142623.1	250471	250500	2
CP142623.1	250500	250501	1
CP142623.1	250501	250574	2
CP142623.1	250574	250609	1
CP142623.1	250609	250631	2
CP142623.1	250631	250632	1
CP142623.1	250632	250743	2
CP142623.1	250743	250778	1
CP142623.1	250778	250808	0
CP142623.1	250808	250846	1
CP142623.1	250846	250854	2
CP142623.1	250854	250855	1
CP142623.1	250855	250890	2
CP142623.1	250890	250915	3
CP142623.1	250915	250918	1
CP142623.1	250918	250938	3
CP142623.1	250938	251002	2
CP142623.1	251002	251003	1
CP142623.1	251003	251085	2
CP142623.1	251085	251086	1
CP142623.1	251086	251164	2
CP142623.1	251164	251198	1
CP142623.1	251198	251328	2
CP142623.1	251328	251340	3
CP142623.1	251340	251341	1
CP142623.1	251341	251378	3
CP142623.1	251378	251384	2
CP142623.1	251384	251393	1
CP142623.1	251393	251419	0
CP142623.1	251419	251478	1
CP142623.1	251478	251494	2
CP142623.1	251494	251572	3
CP142623.1	251572	251606	4
CP142623.1	251606	251622	3
CP142623.1	251622	251647	2
CP142623.1	251647	251666	1
CP142623.1	251666	251709	2
CP142623.1	251709	251710	1
CP142623.1	251710	251730	2
CP142623.1	251730	251731	0
CP142623.1	251731	251732	1
CP142623.1	251732	251780	2
CP142623.1	251780	251783	3
CP142623.1	251783	251785	2
CP142623.1	251785	251839	1
CP142623.1	251839	251881	2
CP142623.1	251881	251895	1
CP142623.1	251895	252049	0
CP142623.1	252049	252142	1
CP142623.1	252142	252269	0
CP142623.1	252269	252332	1
CP142623.1	252332	252334	0
CP142623.1	252334	252347	1
CP142623.1	252347	252350	0
CP142623.1	252350	252423	1
CP142623.1	252423	252428	2
CP142623.1	252428	252471	1
CP142623.1	252471	252472	2
CP142623.1	252472	252486	1
CP142623.1	252486	252487	0
CP142623.1	252487	252541	1
CP142623.1	252541	252583	0
CP142623.1	252583	252656	2
CP142623.1	252656	252692	1
CP142623.1	252692	252711	2
CP142623.1	252711	252712	3
CP142623.1	252712	252732	4
CP142623.1	252732	252769	5
CP142623.1	252769	252784	4
CP142623.1	252784	252800	3
CP142623.1	252800	252806	4
CP142623.1	252806	252814	5
CP142623.1	252814	252818	4
CP142623.1	252818	252829	5
CP142623.1	252829	252832	4
CP142623.1	252832	252850	5
CP142623.1	252850	252855	4
CP142623.1	252855	252919	3
CP142623.1	252919	252938	2
CP142623.1	252938	252977	3
CP142623.1	252977	252979	2
CP142623.1	252979	252984	3
CP142623.1	252984	252985	2
CP142623.1	252985	253018	3
CP142623.1	253018	253019	2
CP142623.1	253019	253030	3
CP142623.1	253030	253099	2
CP142623.1	253099	253156	1
CP142623.1	253156	253157	0
CP142623.1	253157	253181	1
CP142623.1	253181	253188	2
CP142623.1	253188	253247	1
CP142623.1	253247	253274	2
CP142623.1	253274	253330	1
CP142623.1	253330	253382	2
CP142623.1	253382	253383	1
CP142623.1	253383	253393	2
CP142623.1	253393	253395	1
CP142623.1	253395	253434	2
CP142623.1	253434	253477	3
CP142623.1	253477	253481	2
CP142623.1	253481	253482	1
CP142623.1	253482	253520	2
CP142623.1	253520	253616	1
CP142623.1	253616	253628	2
CP142623.1	253628	253679	1
CP142623.1	253679	253746	2
CP142623.1	253746	253747	1
CP142623.1	253747	253770	2
CP142623.1	253770	253829	1
CP142623.1	253829	253917	0
CP142623.1	253917	253996	1
CP142623.1	253996	254014	2
CP142623.1	254014	254074	1
CP142623.1	254074	254075	0
CP142623.1	254075	254117	1
CP142623.1	254117	254205	0
CP142623.1	254205	254234	1
CP142623.1	254234	254257	2
CP142623.1	254257	254258	0
CP142623.1	254258	254259	1
CP142623.1	254259	254326	2
CP142623.1	254326	254329	1
CP142623.1	254329	254569	0
CP142623.1	254569	254648	1
CP142623.1	254648	254649	0
CP142623.1	254649	254669	1
CP142623.1	254669	254674	2
CP142623.1	254674	254711	1
CP142623.1	254711	254764	2
CP142623.1	254764	254792	1
CP142623.1	254792	254796	0
CP142623.1	254796	254811	1
CP142623.1	254811	254845	2
CP142623.1	254845	254875	3
CP142623.1	254875	254898	2
CP142623.1	254898	254899	1
CP142623.1	254899	254915	2
CP142623.1	254915	254933	3
CP142623.1	254933	254956	2
CP142623.1	254956	254994	1
CP142623.1	254994	254995	0
CP142623.1	254995	255016	1
CP142623.1	255016	255028	2
CP142623.1	255028	255029	1
CP142623.1	255029	255055	2
CP142623.1	255055	255073	3
CP142623.1	255073	255074	2
CP142623.1	255074	255087	3
CP142623.1	255087	255098	2
CP142623.1	255098	255127	3
CP142623.1	255127	255134	2
CP142623.1	255134	255158	3
CP142623.1	255158	255169	4
CP142623.1	255169	255231	5
CP142623.1	255231	255256	4
CP142623.1	255256	255312	3
CP142623.1	255312	255314	2
CP142623.1	255314	255324	3
CP142623.1	255324	255348	4
CP142623.1	255348	255353	5
CP142623.1	255353	255383	6
CP142623.1	255383	255407	5
CP142623.1	255407	255411	4
CP142623.1	255411	255412	3
CP142623.1	255412	255414	4
CP142623.1	255414	255417	5
CP142623.1	255417	255436	6
CP142623.1	255436	255454	7
CP142623.1	255454	255458	6
CP142623.1	255458	255463	5
CP142623.1	255463	255479	4
CP142623.1	255479	255498	3
CP142623.1	255498	255513	2
CP142623.1	255513	255663	1
CP142623.1	255663	255668	2
CP142623.1	255668	255705	3
CP142623.1	255705	255706	2
CP142623.1	255706	255725	3
CP142623.1	255725	255728	1
CP142623.1	255728	255802	3
CP142623.1	255802	255816	2
CP142623.1	255816	255844	1
CP142623.1	255844	255854	2
CP142623.1	255854	255939	3
CP142623.1	255939	255940	2
CP142623.1	255940	256012	3
CP142623.1	256012	256028	2
CP142623.1	256028	256029	0
CP142623.1	256029	256059	1
CP142623.1	256059	256171	2
CP142623.1	256171	256177	3
CP142623.1	256177	256263	2
CP142623.1	256263	256395	1
CP142623.1	256395	256414	2
CP142623.1	256414	256415	3
CP142623.1	256415	256496	2
CP142623.1	256496	256498	1
CP142623.1	256498	256510	2
CP142623.1	256510	256520	1
CP142623.1	256520	256529	0
CP142623.1	256529	256541	1
CP142623.1	256541	256584	2
CP142623.1	256584	256606	3
CP142623.1	256606	256630	2
CP142623.1	256630	256649	1
CP142623.1	256649	256717	3
CP142623.1	256717	256725	4
CP142623.1	256725	256726	3
CP142623.1	256726	256750	4
CP142623.1	256750	256761	3
CP142623.1	256761	256771	2
CP142623.1	256771	256780	1
CP142623.1	256780	257012	0
CP142623.1	257012	257069	1
CP142623.1	257069	257083	2
CP142623.1	257083	257233	1
CP142623.1	257233	257376	0
CP142623.1	257376	257489	1
CP142623.1	257489	257561	0
CP142623.1	257561	257573	1
CP142623.1	257573	257579	2
CP142623.1	257579	257693	3
CP142623.1	257693	257694	2
CP142623.1	257694	257711	1
CP142623.1	257711	257729	2
CP142623.1	257729	257730	1
CP142623.1	257730	257750	2
CP142623.1	257750	257768	3
CP142623.1	257768	257773	0
CP142623.1	257773	257774	1
CP142623.1	257774	257796	3
CP142623.1	257796	257799	2
CP142623.1	257799	257837	3
CP142623.1	257837	257848	2
CP142623.1	257848	257849	1
CP142623.1	257849	257892	2
CP142623.1	257892	257957	1
CP142623.1	257957	257958	0
CP142623.1	257958	258029	1
CP142623.1	258029	258065	2
CP142623.1	258065	258066	1
CP142623.1	258066	258121	2
CP142623.1	258121	258150	3
CP142623.1	258150	258153	2
CP142623.1	258153	258161	3
CP142623.1	258161	258190	1
CP142623.1	258190	258193	0
CP142623.1	258193	258235	1
CP142623.1	258235	258396	0
CP142623.1	258396	258423	1
CP142623.1	258423	258504	2
CP142623.1	258504	258520	1
CP142623.1	258520	258600	2
CP142623.1	258600	258606	3
CP142623.1	258606	258609	4
CP142623.1	258609	258610	3
CP142623.1	258610	258633	4
CP142623.1	258633	258674	3
CP142623.1	258674	258707	2
CP142623.1	258707	258801	1
CP142623.1	258801	258805	0
CP142623.1	258805	258812	1
CP142623.1	258812	258859	2
CP142623.1	258859	258918	3
CP142623.1	258918	258932	4
CP142623.1	258932	258944	3
CP142623.1	258944	258945	2
CP142623.1	258945	259008	3
CP142623.1	259008	259013	2
CP142623.1	259013	259046	3
CP142623.1	259046	259082	4
CP142623.1	259082	259142	5
CP142623.1	259142	259151	4
CP142623.1	259151	259159	3
CP142623.1	259159	259184	4
CP142623.1	259184	259185	5
CP142623.1	259185	259206	6
CP142623.1	259206	259221	7
CP142623.1	259221	259222	6
CP142623.1	259222	259226	7
CP142623.1	259226	259246	6
CP142623.1	259246	259315	5
CP142623.1	259315	259335	4
CP142623.1	259335	259342	3
CP142623.1	259342	259356	2
CP142623.1	259356	259357	3
CP142623.1	259357	259379	2
CP142623.1	259379	259383	1
CP142623.1	259383	259387	2
CP142623.1	259387	259399	3
CP142623.1	259399	259428	2
CP142623.1	259428	259482	1
CP142623.1	259482	259484	0
CP142623.1	259484	259519	1
CP142623.1	259519	259625	2
CP142623.1	259625	259718	1
CP142623.1	259718	259719	0
CP142623.1	259719	259768	1
CP142623.1	259768	259781	0
CP142623.1	259781	259857	1
CP142623.1	259857	259890	2
CP142623.1	259890	259897	1
CP142623.1	259897	259914	2
CP142623.1	259914	259941	1
CP142623.1	259941	259990	0
CP142623.1	259990	260116	1
CP142623.1	260116	260119	0
CP142623.1	260119	260129	1
CP142623.1	260129	260132	0
CP142623.1	260132	260148	1
CP142623.1	260148	260234	0
CP142623.1	260234	260237	1
CP142623.1	260237	260245	2
CP142623.1	260245	260250	3
CP142623.1	260250	260319	5
CP142623.1	260319	260329	4
CP142623.1	260329	260330	3
CP142623.1	260330	260363	4
CP142623.1	260363	260396	3
CP142623.1	260396	260441	2
CP142623.1	260441	260621	1
CP142623.1	260621	260662	2
CP142623.1	260662	260734	1
CP142623.1	260734	260761	2
CP142623.1	260761	260803	3
CP142623.1	260803	260812	4
CP142623.1	260812	260815	3
CP142623.1	260815	260826	2
CP142623.1	260826	260880	3
CP142623.1	260880	260881	1
CP142623.1	260881	260908	2
CP142623.1	260908	260909	1
CP142623.1	260909	260924	2
CP142623.1	260924	260925	1
CP142623.1	260925	260963	2
CP142623.1	260963	261019	1
CP142623.1	261019	261025	2
CP142623.1	261025	261041	1
CP142623.1	261041	261185	2
CP142623.1	261185	261211	3
CP142623.1	261211	261220	2
CP142623.1	261220	261229	3
CP142623.1	261229	261231	4
CP142623.1	261231	261249	3
CP142623.1	261249	261285	2
CP142623.1	261285	261342	1
CP142623.1	261342	261433	0
CP142623.1	261433	261517	1
CP142623.1	261517	261537	2
CP142623.1	261537	261538	1
CP142623.1	261538	261541	2
CP142623.1	261541	261542	1
CP142623.1	261542	261564	2
CP142623.1	261564	261567	1
CP142623.1	261567	261581	2
CP142623.1	261581	261597	1
CP142623.1	261597	261617	0
CP142623.1	261617	261646	1
CP142623.1	261646	261668	2
CP142623.1	261668	261669	1
CP142623.1	261669	261689	2
CP142623.1	261689	261691	1
CP142623.1	261691	261720	2
CP142623.1	261720	261889	1
CP142623.1	261889	262124	0
CP142623.1	262124	262191	1
CP142623.1	262191	262192	0
CP142623.1	262192	262204	1
CP142623.1	262204	262205	0
CP142623.1	262205	262220	1
CP142623.1	262220	262282	2
CP142623.1	262282	262345	1
CP142623.1	262345	262409	0
CP142623.1	262409	262464	1
CP142623.1	262464	262526	2
CP142623.1	262526	262530	3
CP142623.1	262530	262532	2
CP142623.1	262532	262572	3
CP142623.1	262572	262606	4
CP142623.1	262606	262644	3
CP142623.1	262644	262703	2
CP142623.1	262703	262704	1
CP142623.1	262704	262748	2
CP142623.1	262748	262765	1
CP142623.1	262765	262836	0
CP142623.1	262836	262977	1
CP142623.1	262977	262980	0
CP142623.1	262980	262999	1
CP142623.1	262999	263000	0
CP142623.1	263000	263017	1
CP142623.1	263017	263018	0
CP142623.1	263018	263039	1
CP142623.1	263039	263051	0
CP142623.1	263051	263187	1
CP142623.1	263187	263461	0
CP142623.1	263461	263476	1
CP142623.1	263476	263542	2
CP142623.1	263542	263549	3
CP142623.1	263549	263550	2
CP142623.1	263550	263565	3
CP142623.1	263565	263591	2
CP142623.1	263591	263719	3
CP142623.1	263719	263749	2
CP142623.1	263749	263757	1
CP142623.1	263757	263794	2
CP142623.1	263794	263850	3
CP142623.1	263850	263852	2
CP142623.1	263852	263860	1
CP142623.1	263860	263998	0
CP142623.1	263998	264143	1
CP142623.1	264143	264235	0
CP142623.1	264235	264394	1
CP142623.1	264394	264466	2
CP142623.1	264466	264477	1
CP142623.1	264477	264491	2
CP142623.1	264491	264674	1
CP142623.1	264674	264750	2
CP142623.1	264750	264814	3
CP142623.1	264814	264829	2
CP142623.1	264829	264884	3
CP142623.1	264884	264891	2
CP142623.1	264891	264964	1
CP142623.1	264964	264970	2
CP142623.1	264970	265153	1
CP142623.1	265153	265156	0
CP142623.1	265156	265221	1
CP142623.1	265221	265250	0
CP142623.1	265250	265270	1
CP142623.1	265270	265275	2
CP142623.1	265275	265276	1
CP142623.1	265276	265380	2
CP142623.1	265380	265400	1
CP142623.1	265400	265401	0
CP142623.1	265401	265436	1
CP142623.1	265436	265441	0
CP142623.1	265441	265503	1
CP142623.1	265503	265579	2
CP142623.1	265579	265581	1
CP142623.1	265581	265651	2
CP142623.1	265651	265661	1
CP142623.1	265661	265663	0
CP142623.1	265663	265697	1
CP142623.1	265697	265766	2
CP142623.1	265766	265769	1
CP142623.1	265769	265916	0
CP142623.1	265916	265947	1
CP142623.1	265947	265962	2
CP142623.1	265962	265963	1
CP142623.1	265963	266001	2
CP142623.1	266001	266002	1
CP142623.1	266002	266045	2
CP142623.1	266045	266080	1
CP142623.1	266080	266089	0
CP142623.1	266089	266109	1
CP142623.1	266109	266140	2
CP142623.1	266140	266171	1
CP142623.1	266171	266178	2
CP142623.1	266178	266258	1
CP142623.1	266258	266271	2
CP142623.1	266271	266315	3
CP142623.1	266315	266316	2
CP142623.1	266316	266329	3
CP142623.1	266329	266349	2
CP142623.1	266349	266351	1
CP142623.1	266351	266361	2
CP142623.1	266361	266387	3
CP142623.1	266387	266419	4
CP142623.1	266419	266454	3
CP142623.1	266454	266455	0
CP142623.1	266455	266490	3
CP142623.1	266490	266498	2
CP142623.1	266498	266550	1
CP142623.1	266550	266567	0
CP142623.1	266567	266580	1
CP142623.1	266580	266583	0
CP142623.1	266583	266625	1
CP142623.1	266625	266655	2
CP142623.1	266655	266656	0
CP142623.1	266656	266657	1
CP142623.1	266657	266684	2
CP142623.1	266684	266705	3
CP142623.1	266705	266706	2
CP142623.1	266706	266725	3
CP142623.1	266725	266726	2
CP142623.1	266726	266802	1
CP142623.1	266802	266919	0
CP142623.1	266919	266988	1
CP142623.1	266988	267112	0
CP142623.1	267112	267114	1
CP142623.1	267114	267126	2
CP142623.1	267126	267137	3
CP142623.1	267137	267138	2
CP142623.1	267138	267154	3
CP142623.1	267154	267155	1
CP142623.1	267155	267207	3
CP142623.1	267207	267244	2
CP142623.1	267244	267259	3
CP142623.1	267259	267270	4
CP142623.1	267270	267271	1
CP142623.1	267271	267272	2
CP142623.1	267272	267300	4
CP142623.1	267300	267341	3
CP142623.1	267341	267347	2
CP142623.1	267347	267352	3
CP142623.1	267352	267357	2
CP142623.1	267357	267384	3
CP142623.1	267384	267386	2
CP142623.1	267386	267392	3
CP142623.1	267392	267394	4
CP142623.1	267394	267399	5
CP142623.1	267399	267408	6
CP142623.1	267408	267431	5
CP142623.1	267431	267432	4
CP142623.1	267432	267446	5
CP142623.1	267446	267447	4
CP142623.1	267447	267469	5
CP142623.1	267469	267472	4
CP142623.1	267472	267526	5
CP142623.1	267526	267635	4
CP142623.1	267635	267662	5
CP142623.1	267662	267664	4
CP142623.1	267664	267667	3
CP142623.1	267667	267671	2
CP142623.1	267671	267674	1
CP142623.1	267674	267708	2
CP142623.1	267708	267749	1
CP142623.1	267749	267760	0
CP142623.1	267760	267900	1
CP142623.1	267900	267906	0
CP142623.1	267906	267922	1
CP142623.1	267922	267923	0
CP142623.1	267923	267982	1
CP142623.1	267982	267983	2
CP142623.1	267983	267985	3
CP142623.1	267985	267987	2
CP142623.1	267987	268021	3
CP142623.1	268021	268022	0
CP142623.1	268022	268070	3
CP142623.1	268070	268081	2
CP142623.1	268081	268100	3
CP142623.1	268100	268101	2
CP142623.1	268101	268109	3
CP142623.1	268109	268127	4
CP142623.1	268127	268133	3
CP142623.1	268133	268172	2
CP142623.1	268172	268197	1
CP142623.1	268197	268276	0
CP142623.1	268276	268353	1
CP142623.1	268353	268423	2
CP142623.1	268423	268424	1
CP142623.1	268424	268425	0
CP142623.1	268425	268485	1
CP142623.1	268485	268494	2
CP142623.1	268494	268840	1
CP142623.1	268840	268897	2
CP142623.1	268897	269019	1
CP142623.1	269019	269020	2
CP142623.1	269020	269134	1
CP142623.1	269134	269143	2
CP142623.1	269143	269273	1
CP142623.1	269273	269295	0
CP142623.1	269295	269375	1
CP142623.1	269375	269376	0
CP142623.1	269376	269432	1
CP142623.1	269432	269447	2
CP142623.1	269447	269488	3
CP142623.1	269488	269531	4
CP142623.1	269531	269557	5
CP142623.1	269557	269576	6
CP142623.1	269576	269582	5
CP142623.1	269582	269603	4
CP142623.1	269603	269606	5
CP142623.1	269606	269621	4
CP142623.1	269621	269622	3
CP142623.1	269622	269623	4
CP142623.1	269623	269655	3
CP142623.1	269655	269678	2
CP142623.1	269678	269729	3
CP142623.1	269729	269835	2
CP142623.1	269835	269880	1
CP142623.1	269880	269941	2
CP142623.1	269941	269982	1
CP142623.1	269982	269986	0
CP142623.1	269986	269992	1
CP142623.1	269992	270553	0
CP142623.1	270553	270582	1
CP142623.1	270582	270583	0
CP142623.1	270583	270609	1
CP142623.1	270609	270637	2
CP142623.1	270637	270640	1
CP142623.1	270640	270641	2
CP142623.1	270641	270696	3
CP142623.1	270696	270699	2
CP142623.1	270699	270702	1
CP142623.1	270702	270730	2
CP142623.1	270730	270736	3
CP142623.1	270736	270801	2
CP142623.1	270801	270804	1
CP142623.1	270804	270877	2
CP142623.1	270877	270908	3
CP142623.1	270908	270934	2
CP142623.1	270934	270937	3
CP142623.1	270937	270952	2
CP142623.1	270952	270953	1
CP142623.1	270953	270954	0
CP142623.1	270954	270968	1
CP142623.1	270968	270972	0
CP142623.1	270972	270978	1
CP142623.1	270978	271021	2
CP142623.1	271021	271024	1
CP142623.1	271024	271055	2
CP142623.1	271055	271066	3
CP142623.1	271066	271069	4
CP142623.1	271069	271101	5
CP142623.1	271101	271111	6
CP142623.1	271111	271112	5
CP142623.1	271112	271119	6
CP142623.1	271119	271176	5
CP142623.1	271176	271207	4
CP142623.1	271207	271221	5
CP142623.1	271221	271276	4
CP142623.1	271276	271307	3
CP142623.1	271307	271308	2
CP142623.1	271308	271359	3
CP142623.1	271359	271360	1
CP142623.1	271360	271362	3
CP142623.1	271362	271366	4
CP142623.1	271366	271429	3
CP142623.1	271429	271431	2
CP142623.1	271431	271432	1
CP142623.1	271432	271510	2
CP142623.1	271510	271513	1
CP142623.1	271513	271538	2
CP142623.1	271538	271540	1
CP142623.1	271540	271542	0
CP142623.1	271542	271590	1
CP142623.1	271590	271708	0
CP142623.1	271708	271756	2
CP142623.1	271756	271764	3
CP142623.1	271764	271781	4
CP142623.1	271781	271782	2
CP142623.1	271782	271793	3
CP142623.1	271793	271804	2
CP142623.1	271804	271810	3
CP142623.1	271810	271812	2
CP142623.1	271812	271813	3
CP142623.1	271813	271814	2
CP142623.1	271814	271821	3
CP142623.1	271821	271848	4
CP142623.1	271848	271850	3
CP142623.1	271850	271896	4
CP142623.1	271896	271914	3
CP142623.1	271914	271974	2
CP142623.1	271974	271987	3
CP142623.1	271987	271997	2
CP142623.1	271997	272012	1
CP142623.1	272012	272070	0
CP142623.1	272070	272161	1
CP142623.1	272161	272173	0
CP142623.1	272173	272290	1
CP142623.1	272290	272312	0
CP142623.1	272312	272429	1
CP142623.1	272429	272448	0
CP142623.1	272448	272475	1
CP142623.1	272475	272498	2
CP142623.1	272498	272508	1
CP142623.1	272508	272544	2
CP142623.1	272544	272552	3
CP142623.1	272552	272571	2
CP142623.1	272571	272605	3
CP142623.1	272605	272710	2
CP142623.1	272710	272711	3
CP142623.1	272711	272724	4
CP142623.1	272724	272728	3
CP142623.1	272728	272729	2
CP142623.1	272729	272765	3
CP142623.1	272765	272768	2
CP142623.1	272768	272784	1
CP142623.1	272784	272822	2
CP142623.1	272822	272886	3
CP142623.1	272886	273119	2
CP142623.1	273119	273149	1
CP142623.1	273149	273215	2
CP142623.1	273215	273218	1
CP142623.1	273218	273225	0
CP142623.1	273225	273248	1
CP142623.1	273248	273252	2
CP142623.1	273252	273313	3
CP142623.1	273313	273362	4
CP142623.1	273362	273369	3
CP142623.1	273369	273432	2
CP142623.1	273432	273449	1
CP142623.1	273449	273478	2
CP142623.1	273478	273487	3
CP142623.1	273487	273488	2
CP142623.1	273488	273489	3
CP142623.1	273489	273492	2
CP142623.1	273492	273506	3
CP142623.1	273506	273513	2
CP142623.1	273513	273552	1
CP142623.1	273552	273574	2
CP142623.1	273574	273674	1
CP142623.1	273674	273705	2
CP142623.1	273705	273706	1
CP142623.1	273706	273723	2
CP142623.1	273723	273724	1
CP142623.1	273724	273785	2
CP142623.1	273785	273786	1
CP142623.1	273786	273799	2
CP142623.1	273799	273800	1
CP142623.1	273800	273870	2
CP142623.1	273870	273899	1
CP142623.1	273899	273974	0
CP142623.1	273974	274335	1
CP142623.1	274335	274747	0
CP142623.1	274747	274760	1
CP142623.1	274760	274765	2
CP142623.1	274765	274815	3
CP142623.1	274815	274829	2
CP142623.1	274829	274833	3
CP142623.1	274833	274858	4
CP142623.1	274858	274871	3
CP142623.1	274871	274897	2
CP142623.1	274897	274906	1
CP142623.1	274906	274967	2
CP142623.1	274967	274982	1
CP142623.1	274982	275042	2
CP142623.1	275042	275049	1
CP142623.1	275049	275070	2
CP142623.1	275070	275071	1
CP142623.1	275071	275181	0
CP142623.1	275181	275257	1
CP142623.1	275257	275292	2
CP142623.1	275292	275309	3
CP142623.1	275309	275382	4
CP142623.1	275382	275389	3
CP142623.1	275389	275390	2
CP142623.1	275390	275406	3
CP142623.1	275406	275419	4
CP142623.1	275419	275451	3
CP142623.1	275451	275481	2
CP142623.1	275481	275613	1
CP142623.1	275613	275618	0
CP142623.1	275618	275621	1
CP142623.1	275621	275644	3
CP142623.1	275644	275645	2
CP142623.1	275645	275650	3
CP142623.1	275650	275653	1
CP142623.1	275653	275654	3
CP142623.1	275654	275660	4
CP142623.1	275660	275698	3
CP142623.1	275698	275699	2
CP142623.1	275699	275726	3
CP142623.1	275726	275727	2
CP142623.1	275727	275753	3
CP142623.1	275753	275760	4
CP142623.1	275760	275761	3
CP142623.1	275761	275765	4
CP142623.1	275765	275766	3
CP142623.1	275766	275787	4
CP142623.1	275787	275792	3
CP142623.1	275792	275818	2
CP142623.1	275818	275819	1
CP142623.1	275819	275827	2
CP142623.1	275827	275850	1
CP142623.1	275850	275860	2
CP142623.1	275860	275861	0
CP142623.1	275861	275878	2
CP142623.1	275878	275926	1
CP142623.1	275926	275974	0
CP142623.1	275974	276034	1
CP142623.1	276034	276136	0
CP142623.1	276136	276289	1
CP142623.1	276289	276401	2
CP142623.1	276401	276494	1
CP142623.1	276494	276553	0
CP142623.1	276553	276754	1
CP142623.1	276754	276792	0
CP142623.1	276792	276825	1
CP142623.1	276825	276882	2
CP142623.1	276882	276891	3
CP142623.1	276891	276973	2
CP142623.1	276973	277004	1
CP142623.1	277004	277097	0
CP142623.1	277097	277119	1
CP142623.1	277119	277198	2
CP142623.1	277198	277267	3
CP142623.1	277267	277269	2
CP142623.1	277269	277289	1
CP142623.1	277289	277320	0
CP142623.1	277320	277356	1
CP142623.1	277356	277406	0
CP142623.1	277406	277459	1
CP142623.1	277459	277480	0
CP142623.1	277480	277546	1
CP142623.1	277546	277547	2
CP142623.1	277547	277635	1
CP142623.1	277635	277641	2
CP142623.1	277641	277643	1
CP142623.1	277643	277704	2
CP142623.1	277704	277711	3
CP142623.1	277711	277712	2
CP142623.1	277712	277730	3
CP142623.1	277730	277747	2
CP142623.1	277747	277857	1
CP142623.1	277857	277877	2
CP142623.1	277877	277892	3
CP142623.1	277892	277925	2
CP142623.1	277925	277926	1
CP142623.1	277926	277953	2
CP142623.1	277953	277957	1
CP142623.1	277957	277958	2
CP142623.1	277958	278017	1
CP142623.1	278017	278025	2
CP142623.1	278025	278027	1
CP142623.1	278027	278072	2
CP142623.1	278072	278096	3
CP142623.1	278096	278200	2
CP142623.1	278200	278236	3
CP142623.1	278236	278265	2
CP142623.1	278265	278279	3
CP142623.1	278279	278334	2
CP142623.1	278334	278361	1
CP142623.1	278361	278391	2
CP142623.1	278391	278424	1
CP142623.1	278424	278550	2
CP142623.1	278550	278584	1
CP142623.1	278584	278634	2
CP142623.1	278634	278750	1
CP142623.1	278750	278757	2
CP142623.1	278757	278824	1
CP142623.1	278824	278825	0
CP142623.1	278825	278846	1
CP142623.1	278846	278851	0
CP142623.1	278851	278903	1
CP142623.1	278903	278970	0
CP142623.1	278970	278983	1
CP142623.1	278983	279000	2
CP142623.1	279000	279107	3
CP142623.1	279107	279121	2
CP142623.1	279121	279122	1
CP142623.1	279122	279191	2
CP142623.1	279191	279278	3
CP142623.1	279278	279279	2
CP142623.1	279279	279282	1
CP142623.1	279282	279284	2
CP142623.1	279284	279307	1
CP142623.1	279307	279335	2
CP142623.1	279335	279336	1
CP142623.1	279336	279349	2
CP142623.1	279349	279434	3
CP142623.1	279434	279440	2
CP142623.1	279440	279489	1
CP142623.1	279489	279578	2
CP142623.1	279578	279652	1
CP142623.1	279652	279691	2
CP142623.1	279691	279739	1
CP142623.1	279739	279796	2
CP142623.1	279796	279798	1
CP142623.1	279798	279842	2
CP142623.1	279842	279844	1
CP142623.1	279844	279935	2
CP142623.1	279935	279962	1
CP142623.1	279962	279988	2
CP142623.1	279988	280031	1
CP142623.1	280031	280093	2
CP142623.1	280093	280102	1
CP142623.1	280102	280173	2
CP142623.1	280173	280175	1
CP142623.1	280175	280177	2
CP142623.1	280177	280179	3
CP142623.1	280179	280187	4
CP142623.1	280187	280194	3
CP142623.1	280194	280199	2
CP142623.1	280199	280222	3
CP142623.1	280222	280235	4
CP142623.1	280235	280245	3
CP142623.1	280245	280270	4
CP142623.1	280270	280272	3
CP142623.1	280272	280284	4
CP142623.1	280284	280287	3
CP142623.1	280287	280288	2
CP142623.1	280288	280299	3
CP142623.1	280299	280303	2
CP142623.1	280303	280304	1
CP142623.1	280304	280331	2
CP142623.1	280331	280343	1
CP142623.1	280343	280350	2
CP142623.1	280350	280465	1
CP142623.1	280465	280466	0
CP142623.1	280466	280493	1
CP142623.1	280493	280522	2
CP142623.1	280522	280546	3
CP142623.1	280546	280571	2
CP142623.1	280571	280595	3
CP142623.1	280595	280610	2
CP142623.1	280610	280703	1
CP142623.1	280703	280750	2
CP142623.1	280750	280790	1
CP142623.1	280790	281057	0
CP142623.1	281057	281157	1
CP142623.1	281157	281165	2
CP142623.1	281165	281167	1
CP142623.1	281167	281221	2
CP142623.1	281221	281240	1
CP142623.1	281240	281265	2
CP142623.1	281265	281271	3
CP142623.1	281271	281323	2
CP142623.1	281323	281396	1
CP142623.1	281396	281446	2
CP142623.1	281446	281470	1
CP142623.1	281470	281638	0
CP142623.1	281638	281692	1
CP142623.1	281692	281711	0
CP142623.1	281711	281837	1
CP142623.1	281837	281841	0
CP142623.1	281841	281876	1
CP142623.1	281876	282046	0
CP142623.1	282046	282079	1
CP142623.1	282079	282142	2
CP142623.1	282142	282149	4
CP142623.1	282149	282168	5
CP142623.1	282168	282231	4
CP142623.1	282231	282262	3
CP142623.1	282262	282293	4
CP142623.1	282293	282296	3
CP142623.1	282296	282323	2
CP142623.1	282323	282335	1
CP142623.1	282335	282340	2
CP142623.1	282340	282394	1
CP142623.1	282394	282396	2
CP142623.1	282396	282524	1
CP142623.1	282524	282525	2
CP142623.1	282525	282549	1
CP142623.1	282549	282593	2
CP142623.1	282593	282603	3
CP142623.1	282603	282618	2
CP142623.1	282618	282632	1
CP142623.1	282632	282719	2
CP142623.1	282719	282741	1
CP142623.1	282741	282946	0
CP142623.1	282946	282960	1
CP142623.1	282960	282982	2
CP142623.1	282982	283038	3
CP142623.1	283038	283054	2
CP142623.1	283054	283120	1
CP142623.1	283120	283141	2
CP142623.1	283141	283149	3
CP142623.1	283149	283150	2
CP142623.1	283150	283205	3
CP142623.1	283205	283219	4
CP142623.1	283219	283220	3
CP142623.1	283220	283235	4
CP142623.1	283235	283248	5
CP142623.1	283248	283254	4
CP142623.1	283254	283280	5
CP142623.1	283280	283284	6
CP142623.1	283284	283322	5
CP142623.1	283322	283324	4
CP142623.1	283324	283331	5
CP142623.1	283331	283334	4
CP142623.1	283334	283390	3
CP142623.1	283390	283402	2
CP142623.1	283402	283448	1
CP142623.1	283448	283452	0
CP142623.1	283452	283473	1
CP142623.1	283473	283478	2
CP142623.1	283478	283537	1
CP142623.1	283537	283550	0
CP142623.1	283550	283565	1
CP142623.1	283565	283580	2
CP142623.1	283580	283599	1
CP142623.1	283599	283642	2
CP142623.1	283642	283652	1
CP142623.1	283652	283702	2
CP142623.1	283702	283761	1
CP142623.1	283761	283832	0
CP142623.1	283832	283889	1
CP142623.1	283889	283937	0
CP142623.1	283937	284081	1
CP142623.1	284081	284133	0
CP142623.1	284133	284179	1
CP142623.1	284179	284181	2
CP142623.1	284181	284187	1
CP142623.1	284187	284229	2
CP142623.1	284229	284283	3
CP142623.1	284283	284291	2
CP142623.1	284291	284339	3
CP142623.1	284339	284414	2
CP142623.1	284414	284440	1
CP142623.1	284440	284449	2
CP142623.1	284449	284464	3
CP142623.1	284464	284534	2
CP142623.1	284534	284579	3
CP142623.1	284579	284627	4
CP142623.1	284627	284651	3
CP142623.1	284651	284654	2
CP142623.1	284654	284732	1
CP142623.1	284732	284762	2
CP142623.1	284762	284764	1
CP142623.1	284764	284767	2
CP142623.1	284767	284770	1
CP142623.1	284770	284829	2
CP142623.1	284829	284835	3
CP142623.1	284835	284866	2
CP142623.1	284866	284880	3
CP142623.1	284880	284917	2
CP142623.1	284917	284920	1
CP142623.1	284920	284921	0
CP142623.1	284921	285010	1
CP142623.1	285010	285011	0
CP142623.1	285011	285024	1
CP142623.1	285024	285109	2
CP142623.1	285109	285123	1
CP142623.1	285123	285134	0
CP142623.1	285134	285174	1
CP142623.1	285174	285179	2
CP142623.1	285179	285189	1
CP142623.1	285189	285190	0
CP142623.1	285190	285256	1
CP142623.1	285256	285273	0
CP142623.1	285273	285318	1
CP142623.1	285318	285498	0
CP142623.1	285498	285540	1
CP142623.1	285540	285542	0
CP142623.1	285542	285543	1
CP142623.1	285543	285585	2
CP142623.1	285585	285590	1
CP142623.1	285590	285594	2
CP142623.1	285594	285636	3
CP142623.1	285636	285644	4
CP142623.1	285644	285663	3
CP142623.1	285663	285664	4
CP142623.1	285664	285679	3
CP142623.1	285679	285680	4
CP142623.1	285680	285705	3
CP142623.1	285705	285727	4
CP142623.1	285727	285786	3
CP142623.1	285786	285789	2
CP142623.1	285789	285799	3
CP142623.1	285799	285811	4
CP142623.1	285811	285814	3
CP142623.1	285814	285818	4
CP142623.1	285818	285820	3
CP142623.1	285820	285828	4
CP142623.1	285828	285854	3
CP142623.1	285854	285879	2
CP142623.1	285879	285926	1
CP142623.1	285926	285959	0
CP142623.1	285959	285964	1
CP142623.1	285964	286033	2
CP142623.1	286033	286044	3
CP142623.1	286044	286083	4
CP142623.1	286083	286117	3
CP142623.1	286117	286124	4
CP142623.1	286124	286198	3
CP142623.1	286198	286261	2
CP142623.1	286261	286262	1
CP142623.1	286262	286276	2
CP142623.1	286276	286288	1
CP142623.1	286288	286301	0
CP142623.1	286301	286310	1
CP142623.1	286310	286318	2
CP142623.1	286318	286324	3
CP142623.1	286324	286333	2
CP142623.1	286333	286368	3
CP142623.1	286368	286371	2
CP142623.1	286371	286374	1
CP142623.1	286374	286397	2
CP142623.1	286397	286430	3
CP142623.1	286430	286434	4
CP142623.1	286434	286445	3
CP142623.1	286445	286510	2
CP142623.1	286510	286511	1
CP142623.1	286511	286522	2
CP142623.1	286522	286535	1
CP142623.1	286535	286545	2
CP142623.1	286545	286556	3
CP142623.1	286556	286560	4
CP142623.1	286560	286568	3
CP142623.1	286568	286621	4
CP142623.1	286621	286632	5
CP142623.1	286632	286693	4
CP142623.1	286693	286704	3
CP142623.1	286704	286720	4
CP142623.1	286720	286734	2
CP142623.1	286734	286737	4
CP142623.1	286737	286789	3
CP142623.1	286789	286792	2
CP142623.1	286792	286814	3
CP142623.1	286814	286855	2
CP142623.1	286855	286859	1
CP142623.1	286859	286984	0
CP142623.1	286984	287226	1
CP142623.1	287226	287290	0
CP142623.1	287290	287344	1
CP142623.1	287344	287383	2
CP142623.1	287383	287402	3
CP142623.1	287402	287497	2
CP142623.1	287497	287534	3
CP142623.1	287534	287537	0
CP142623.1	287537	287550	3
CP142623.1	287550	287590	4
CP142623.1	287590	287607	5
CP142623.1	287607	287627	6
CP142623.1	287627	287636	5
CP142623.1	287636	287638	4
CP142623.1	287638	287640	3
CP142623.1	287640	287668	4
CP142623.1	287668	287676	3
CP142623.1	287676	287679	2
CP142623.1	287679	287682	3
CP142623.1	287682	287696	2
CP142623.1	287696	287722	3
CP142623.1	287722	287725	2
CP142623.1	287725	287757	3
CP142623.1	287757	287813	2
CP142623.1	287813	287885	1
CP142623.1	287885	287906	0
CP142623.1	287906	287997	1
CP142623.1	287997	288143	0
CP142623.1	288143	288154	1
CP142623.1	288154	288212	2
CP142623.1	288212	288214	1
CP142623.1	288214	288239	2
CP142623.1	288239	288261	1
CP142623.1	288261	288281	0
CP142623.1	288281	288296	1
CP142623.1	288296	288390	2
CP142623.1	288390	288401	1
CP142623.1	288401	288606	0
CP142623.1	288606	288671	1
CP142623.1	288671	288745	2
CP142623.1	288745	288770	1
CP142623.1	288770	288771	2
CP142623.1	288771	288817	3
CP142623.1	288817	288818	2
CP142623.1	288818	288837	3
CP142623.1	288837	288844	2
CP142623.1	288844	288885	3
CP142623.1	288885	288887	2
CP142623.1	288887	288900	3
CP142623.1	288900	288913	4
CP142623.1	288913	288923	3
CP142623.1	288923	288974	2
CP142623.1	288974	289029	3
CP142623.1	289029	289037	2
CP142623.1	289037	289139	1
CP142623.1	289139	289155	2
CP142623.1	289155	289156	1
CP142623.1	289156	289164	2
CP142623.1	289164	289183	3
CP142623.1	289183	289202	4
CP142623.1	289202	289212	5
CP142623.1	289212	289269	4
CP142623.1	289269	289303	5
CP142623.1	289303	289306	4
CP142623.1	289306	289307	3
CP142623.1	289307	289324	4
CP142623.1	289324	289326	2
CP142623.1	289326	289385	3
CP142623.1	289385	289397	4
CP142623.1	289397	289404	3
CP142623.1	289404	289458	2
CP142623.1	289458	289484	1
CP142623.1	289484	289500	2
CP142623.1	289500	289556	1
CP142623.1	289556	289592	0
CP142623.1	289592	289677	1
CP142623.1	289677	289701	2
CP142623.1	289701	289704	1
CP142623.1	289704	289725	2
CP142623.1	289725	289728	1
CP142623.1	289728	289747	2
CP142623.1	289747	289758	1
CP142623.1	289758	289759	0
CP142623.1	289759	289798	1
CP142623.1	289798	289839	2
CP142623.1	289839	289901	3
CP142623.1	289901	289959	4
CP142623.1	289959	289972	3
CP142623.1	289972	289995	2
CP142623.1	289995	290069	1
CP142623.1	290069	290080	2
CP142623.1	290080	290128	3
CP142623.1	290128	290171	4
CP142623.1	290171	290189	3
CP142623.1	290189	290197	2
CP142623.1	290197	290212	3
CP142623.1	290212	290246	2
CP142623.1	290246	290298	3
CP142623.1	290298	290343	4
CP142623.1	290343	290344	3
CP142623.1	290344	290395	4
CP142623.1	290395	290424	3
CP142623.1	290424	290451	2
CP142623.1	290451	290452	1
CP142623.1	290452	290500	2
CP142623.1	290500	290501	1
CP142623.1	290501	290530	2
CP142623.1	290530	290629	1
CP142623.1	290629	290700	0
CP142623.1	290700	290730	1
CP142623.1	290730	290777	2
CP142623.1	290777	290785	3
CP142623.1	290785	290793	2
CP142623.1	290793	290832	3
CP142623.1	290832	290844	2
CP142623.1	290844	290903	1
CP142623.1	290903	290947	0
CP142623.1	290947	290949	1
CP142623.1	290949	291001	2
CP142623.1	291001	291004	3
CP142623.1	291004	291016	2
CP142623.1	291016	291024	3
CP142623.1	291024	291062	4
CP142623.1	291062	291089	3
CP142623.1	291089	291091	2
CP142623.1	291091	291096	1
CP142623.1	291096	291103	2
CP142623.1	291103	291162	3
CP142623.1	291162	291163	2
CP142623.1	291163	291230	3
CP142623.1	291230	291244	2
CP142623.1	291244	291300	3
CP142623.1	291300	291347	2
CP142623.1	291347	291390	3
CP142623.1	291390	291396	2
CP142623.1	291396	291402	3
CP142623.1	291402	291443	2
CP142623.1	291443	291495	1
CP142623.1	291495	291567	2
CP142623.1	291567	291579	3
CP142623.1	291579	291674	2
CP142623.1	291674	291733	1
CP142623.1	291733	291796	0
CP142623.1	291796	291827	1
CP142623.1	291827	291844	2
CP142623.1	291844	291894	1
CP142623.1	291894	291929	2
CP142623.1	291929	292089	1
CP142623.1	292089	292109	2
CP142623.1	292109	292110	1
CP142623.1	292110	292170	2
CP142623.1	292170	292235	1
CP142623.1	292235	292237	2
CP142623.1	292237	292273	3
CP142623.1	292273	292314	2
CP142623.1	292314	292316	3
CP142623.1	292316	292370	2
CP142623.1	292370	292374	3
CP142623.1	292374	292424	2
CP142623.1	292424	292455	1
CP142623.1	292455	292521	2
CP142623.1	292521	292676	1
CP142623.1	292676	292683	2
CP142623.1	292683	292711	1
CP142623.1	292711	292713	0
CP142623.1	292713	292917	1
CP142623.1	292917	292933	2
CP142623.1	292933	292936	3
CP142623.1	292936	293029	2
CP142623.1	293029	293060	1
CP142623.1	293060	293061	0
CP142623.1	293061	293123	1
CP142623.1	293123	293196	2
CP142623.1	293196	293236	1
CP142623.1	293236	293241	2
CP142623.1	293241	293295	1
CP142623.1	293295	293298	0
CP142623.1	293298	293319	1
CP142623.1	293319	293356	2
CP142623.1	293356	293388	1
CP142623.1	293388	293389	0
CP142623.1	293389	293399	1
CP142623.1	293399	293400	0
CP142623.1	293400	293410	1
CP142623.1	293410	293472	2
CP142623.1	293472	293492	3
CP142623.1	293492	293516	4
CP142623.1	293516	293535	3
CP142623.1	293535	293579	4
CP142623.1	293579	293639	5
CP142623.1	293639	293642	4
CP142623.1	293642	293653	3
CP142623.1	293653	293774	2
CP142623.1	293774	293785	1
CP142623.1	293785	293801	2
CP142623.1	293801	293824	3
CP142623.1	293824	293843	2
CP142623.1	293843	293863	3
CP142623.1	293863	293899	2
CP142623.1	293899	293920	1
CP142623.1	293920	293940	0
CP142623.1	293940	294063	1
CP142623.1	294063	294066	0
CP142623.1	294066	294095	1
CP142623.1	294095	294135	2
CP142623.1	294135	294197	1
CP142623.1	294197	294241	2
CP142623.1	294241	294243	3
CP142623.1	294243	294250	2
CP142623.1	294250	294305	1
CP142623.1	294305	294308	0
CP142623.1	294308	294311	1
CP142623.1	294311	294373	2
CP142623.1	294373	294374	1
CP142623.1	294374	294408	2
CP142623.1	294408	294648	1
CP142623.1	294648	294682	0
CP142623.1	294682	294746	1
CP142623.1	294746	294795	2
CP142623.1	294795	294885	1
CP142623.1	294885	294886	0
CP142623.1	294886	294944	1
CP142623.1	294944	294967	2
CP142623.1	294967	294987	3
CP142623.1	294987	294999	2
CP142623.1	294999	295031	3
CP142623.1	295031	295043	2
CP142623.1	295043	295064	3
CP142623.1	295064	295140	2
CP142623.1	295140	295154	1
CP142623.1	295154	295165	0
CP142623.1	295165	295189	1
CP142623.1	295189	295250	2
CP142623.1	295250	295251	1
CP142623.1	295251	295256	0
CP142623.1	295256	295298	2
CP142623.1	295298	295300	3
CP142623.1	295300	295310	4
CP142623.1	295310	295332	3
CP142623.1	295332	295333	2
CP142623.1	295333	295338	3
CP142623.1	295338	295371	2
CP142623.1	295371	295401	3
CP142623.1	295401	295487	2
CP142623.1	295487	295567	3
CP142623.1	295567	295573	4
CP142623.1	295573	295601	3
CP142623.1	295601	295654	4
CP142623.1	295654	295711	3
CP142623.1	295711	295745	4
CP142623.1	295745	295746	1
CP142623.1	295746	295764	4
CP142623.1	295764	295784	3
CP142623.1	295784	295800	2
CP142623.1	295800	295880	1
CP142623.1	295880	295916	2
CP142623.1	295916	295918	1
CP142623.1	295918	295953	2
CP142623.1	295953	295977	1
CP142623.1	295977	295978	2
CP142623.1	295978	295987	1
CP142623.1	295987	295989	0
CP142623.1	295989	296047	1
CP142623.1	296047	296054	2
CP142623.1	296054	296100	1
CP142623.1	296100	296101	0
CP142623.1	296101	296130	1
CP142623.1	296130	296161	2
CP142623.1	296161	296199	3
CP142623.1	296199	296208	2
CP142623.1	296208	296228	3
CP142623.1	296228	296244	2
CP142623.1	296244	296247	1
CP142623.1	296247	296250	0
CP142623.1	296250	296251	1
CP142623.1	296251	296262	2
CP142623.1	296262	296264	0
CP142623.1	296264	296278	2
CP142623.1	296278	296329	3
CP142623.1	296329	296364	2
CP142623.1	296364	296441	3
CP142623.1	296441	296446	2
CP142623.1	296446	296454	1
CP142623.1	296454	296633	0
CP142623.1	296633	296715	1
CP142623.1	296715	296748	2
CP142623.1	296748	296786	1
CP142623.1	296786	296817	0
CP142623.1	296817	296849	1
CP142623.1	296849	296888	2
CP142623.1	296888	296919	3
CP142623.1	296919	296960	4
CP142623.1	296960	297051	3
CP142623.1	297051	297070	2
CP142623.1	297070	297084	1
CP142623.1	297084	297163	0
CP142623.1	297163	297282	1
CP142623.1	297282	297421	2
CP142623.1	297421	297450	1
CP142623.1	297450	297453	2
CP142623.1	297453	297512	3
CP142623.1	297512	297522	2
CP142623.1	297522	297535	1
CP142623.1	297535	297592	2
CP142623.1	297592	297649	1
CP142623.1	297649	297739	2
CP142623.1	297739	297782	1
CP142623.1	297782	297829	0
CP142623.1	297829	297848	1
CP142623.1	297848	297888	2
CP142623.1	297888	297908	1
CP142623.1	297908	297909	2
CP142623.1	297909	298086	1
CP142623.1	298086	298089	0
CP142623.1	298089	298200	1
CP142623.1	298200	298236	0
CP142623.1	298236	298255	1
CP142623.1	298255	298256	0
CP142623.1	298256	298342	1
CP142623.1	298342	298378	0
CP142623.1	298378	298430	1
CP142623.1	298430	298447	2
CP142623.1	298447	298460	3
CP142623.1	298460	298466	2
CP142623.1	298466	298490	1
CP142623.1	298490	298491	0
CP142623.1	298491	298511	1
CP142623.1	298511	298513	0
CP142623.1	298513	298667	1
CP142623.1	298667	298671	2
CP142623.1	298671	298733	1
CP142623.1	298733	298734	0
CP142623.1	298734	298752	1
CP142623.1	298752	298806	0
CP142623.1	298806	298847	1
CP142623.1	298847	298885	2
CP142623.1	298885	298984	0
CP142623.1	298984	299049	1
CP142623.1	299049	299069	2
CP142623.1	299069	299085	1
CP142623.1	299085	299086	2
CP142623.1	299086	299100	3
CP142623.1	299100	299144	2
CP142623.1	299144	299148	1
CP142623.1	299148	299170	2
CP142623.1	299170	299171	1
CP142623.1	299171	299172	0
CP142623.1	299172	299211	2
CP142623.1	299211	299339	1
CP142623.1	299339	299447	2
CP142623.1	299447	299491	1
CP142623.1	299491	299574	0
CP142623.1	299574	299599	1
CP142623.1	299599	299643	2
CP142623.1	299643	299650	1
CP142623.1	299650	299656	2
CP142623.1	299656	299657	1
CP142623.1	299657	299672	2
CP142623.1	299672	299702	1
CP142623.1	299702	299703	0
CP142623.1	299703	299723	1
CP142623.1	299723	299724	0
CP142623.1	299724	299885	1
CP142623.1	299885	299897	2
CP142623.1	299897	299966	3
CP142623.1	299966	299978	4
CP142623.1	299978	299999	3
CP142623.1	299999	300020	4
CP142623.1	300020	300054	3
CP142623.1	300054	300159	2
CP142623.1	300159	300210	1
CP142623.1	300210	300212	0
CP142623.1	300212	300238	1
CP142623.1	300238	300335	0
CP142623.1	300335	300399	1
CP142623.1	300399	300522	0
CP142623.1	300522	300559	1
CP142623.1	300559	300596	2
CP142623.1	300596	300597	1
CP142623.1	300597	300649	2
CP142623.1	300649	300652	3
CP142623.1	300652	300662	4
CP142623.1	300662	300666	3
CP142623.1	300666	300675	2
CP142623.1	300675	300696	3
CP142623.1	300696	300700	2
CP142623.1	300700	300701	3
CP142623.1	300701	300772	2
CP142623.1	300772	300848	1
CP142623.1	300848	300864	2
CP142623.1	300864	300867	1
CP142623.1	300867	300922	2
CP142623.1	300922	300970	1
CP142623.1	300970	301057	2
CP142623.1	301057	301099	3
CP142623.1	301099	301109	2
CP142623.1	301109	301186	1
CP142623.1	301186	301187	0
CP142623.1	301187	301244	2
CP142623.1	301244	301260	1
CP142623.1	301260	301303	2
CP142623.1	301303	301350	1
CP142623.1	301350	301485	0
CP142623.1	301485	301497	1
CP142623.1	301497	301500	2
CP142623.1	301500	301541	3
CP142623.1	301541	301570	2
CP142623.1	301570	301597	1
CP142623.1	301597	301609	0
CP142623.1	301609	301688	1
CP142623.1	301688	301710	0
CP142623.1	301710	301731	1
CP142623.1	301731	301734	0
CP142623.1	301734	301890	1
CP142623.1	301890	301950	2
CP142623.1	301950	301954	1
CP142623.1	301954	301991	2
CP142623.1	301991	302039	1
CP142623.1	302039	302098	2
CP142623.1	302098	302142	1
CP142623.1	302142	302159	2
CP142623.1	302159	302213	3
CP142623.1	302213	302216	2
CP142623.1	302216	302231	1
CP142623.1	302231	302248	0
CP142623.1	302248	302263	1
CP142623.1	302263	302277	2
CP142623.1	302277	302326	3
CP142623.1	302326	302329	2
CP142623.1	302329	302348	3
CP142623.1	302348	302354	2
CP142623.1	302354	302441	1
CP142623.1	302441	302452	0
CP142623.1	302452	302480	1
CP142623.1	302480	302497	2
CP142623.1	302497	302527	3
CP142623.1	302527	302528	4
CP142623.1	302528	302586	5
CP142623.1	302586	302587	4
CP142623.1	302587	302612	5
CP142623.1	302612	302613	3
CP142623.1	302613	302624	5
CP142623.1	302624	302625	2
CP142623.1	302625	302634	5
CP142623.1	302634	302641	4
CP142623.1	302641	302670	5
CP142623.1	302670	302708	4
CP142623.1	302708	302712	3
CP142623.1	302712	302715	1
CP142623.1	302715	302716	2
CP142623.1	302716	302733	3
CP142623.1	302733	302790	2
CP142623.1	302790	302814	3
CP142623.1	302814	302829	2
CP142623.1	302829	302846	1
CP142623.1	302846	302927	2
CP142623.1	302927	302947	3
CP142623.1	302947	302948	2
CP142623.1	302948	302990	3
CP142623.1	302990	302991	2
CP142623.1	302991	302994	3
CP142623.1	302994	303002	4
CP142623.1	303002	303028	3
CP142623.1	303028	303031	2
CP142623.1	303031	303044	3
CP142623.1	303044	303074	2
CP142623.1	303074	303077	3
CP142623.1	303077	303101	4
CP142623.1	303101	303106	5
CP142623.1	303106	303109	4
CP142623.1	303109	303112	3
CP142623.1	303112	303148	4
CP142623.1	303148	303149	3
CP142623.1	303149	303177	4
CP142623.1	303177	303183	3
CP142623.1	303183	303190	2
CP142623.1	303190	303198	3
CP142623.1	303198	303206	4
CP142623.1	303206	303241	3
CP142623.1	303241	303242	2
CP142623.1	303242	303253	3
CP142623.1	303253	303321	2
CP142623.1	303321	303322	0
CP142623.1	303322	303356	2
CP142623.1	303356	303381	1
CP142623.1	303381	303562	0
CP142623.1	303562	303610	1
CP142623.1	303610	303619	2
CP142623.1	303619	303679	1
CP142623.1	303679	303776	0
CP142623.1	303776	303804	1
CP142623.1	303804	303805	0
CP142623.1	303805	303858	1
CP142623.1	303858	303859	2
CP142623.1	303859	303885	3
CP142623.1	303885	303888	2
CP142623.1	303888	303890	1
CP142623.1	303890	303937	2
CP142623.1	303937	303993	1
CP142623.1	303993	304069	0
CP142623.1	304069	304170	1
CP142623.1	304170	304200	0
CP142623.1	304200	304203	1
CP142623.1	304203	304213	2
CP142623.1	304213	304214	1
CP142623.1	304214	304276	2
CP142623.1	304276	304289	1
CP142623.1	304289	304290	0
CP142623.1	304290	304309	1
CP142623.1	304309	304310	0
CP142623.1	304310	304512	1
CP142623.1	304512	304544	0
CP142623.1	304544	304583	1
CP142623.1	304583	304586	0
CP142623.1	304586	304679	2
CP142623.1	304679	304744	1
CP142623.1	304744	304874	2
CP142623.1	304874	304939	1
CP142623.1	304939	304954	2
CP142623.1	304954	304955	1
CP142623.1	304955	304971	2
CP142623.1	304971	305208	1
CP142623.1	305208	305238	0
CP142623.1	305238	305256	1
CP142623.1	305256	305300	2
CP142623.1	305300	305333	1
CP142623.1	305333	305503	2
CP142623.1	305503	305541	1
CP142623.1	305541	305616	2
CP142623.1	305616	305632	3
CP142623.1	305632	305633	2
CP142623.1	305633	305658	3
CP142623.1	305658	305664	2
CP142623.1	305664	305679	3
CP142623.1	305679	305695	2
CP142623.1	305695	305729	1
CP142623.1	305729	305872	0
CP142623.1	305872	306050	1
CP142623.1	306050	306321	0
CP142623.1	306321	306350	1
CP142623.1	306350	306406	2
CP142623.1	306406	306415	1
CP142623.1	306415	306440	0
CP142623.1	306440	306460	1
CP142623.1	306460	306510	2
CP142623.1	306510	306522	3
CP142623.1	306522	306570	4
CP142623.1	306570	306588	5
CP142623.1	306588	306599	4
CP142623.1	306599	306620	5
CP142623.1	306620	306629	4
CP142623.1	306629	306633	3
CP142623.1	306633	306635	2
CP142623.1	306635	306692	1
CP142623.1	306692	306720	2
CP142623.1	306720	306806	3
CP142623.1	306806	306810	2
CP142623.1	306810	306818	3
CP142623.1	306818	306836	2
CP142623.1	306836	306903	3
CP142623.1	306903	306917	2
CP142623.1	306917	306943	3
CP142623.1	306943	306950	2
CP142623.1	306950	307009	1
CP142623.1	307009	307103	2
CP142623.1	307103	307111	3
CP142623.1	307111	307113	2
CP142623.1	307113	307115	3
CP142623.1	307115	307135	4
CP142623.1	307135	307150	3
CP142623.1	307150	307151	2
CP142623.1	307151	307169	3
CP142623.1	307169	307170	2
CP142623.1	307170	307174	3
CP142623.1	307174	307176	4
CP142623.1	307176	307229	3
CP142623.1	307229	307231	2
CP142623.1	307231	307233	1
CP142623.1	307233	307266	2
CP142623.1	307266	307267	1
CP142623.1	307267	307268	0
CP142623.1	307268	307311	1
CP142623.1	307311	307573	0
CP142623.1	307573	307595	1
CP142623.1	307595	307612	2
CP142623.1	307612	307647	3
CP142623.1	307647	307746	2
CP142623.1	307746	307747	1
CP142623.1	307747	307820	2
CP142623.1	307820	307852	1
CP142623.1	307852	307998	0
CP142623.1	307998	308041	1
CP142623.1	308041	308159	2
CP142623.1	308159	308243	1
CP142623.1	308243	308554	0
CP142623.1	308554	308567	1
CP142623.1	308567	308672	2
CP142623.1	308672	308674	1
CP142623.1	308674	308692	2
CP142623.1	308692	308725	3
CP142623.1	308725	308726	2
CP142623.1	308726	308728	3
CP142623.1	308728	308754	4
CP142623.1	308754	308758	3
CP142623.1	308758	308764	4
CP142623.1	308764	308765	2
CP142623.1	308765	308770	4
CP142623.1	308770	308866	3
CP142623.1	308866	308869	2
CP142623.1	308869	308971	0
CP142623.1	308971	308972	1
CP142623.1	308972	309074	2
CP142623.1	309074	309096	3
CP142623.1	309096	309105	2
CP142623.1	309105	309225	1
CP142623.1	309225	309317	0
CP142623.1	309317	309497	1
CP142623.1	309497	309539	0
CP142623.1	309539	309547	1
CP142623.1	309547	309567	2
CP142623.1	309567	309634	3
CP142623.1	309634	309680	2
CP142623.1	309680	309797	1
CP142623.1	309797	309835	2
CP142623.1	309835	309845	1
CP142623.1	309845	309895	2
CP142623.1	309895	309896	1
CP142623.1	309896	309936	2
CP142623.1	309936	309977	1
CP142623.1	309977	309983	2
CP142623.1	309983	309993	1
CP142623.1	309993	310003	2
CP142623.1	310003	310115	3
CP142623.1	310115	310124	2
CP142623.1	310124	310128	1
CP142623.1	310128	310129	0
CP142623.1	310129	310187	1
CP142623.1	310187	310188	0
CP142623.1	310188	310228	1
CP142623.1	310228	310313	0
CP142623.1	310313	310406	1
CP142623.1	310406	310414	2
CP142623.1	310414	310415	1
CP142623.1	310415	310454	2
CP142623.1	310454	310462	1
CP142623.1	310462	310471	2
CP142623.1	310471	310492	1
CP142623.1	310492	310503	2
CP142623.1	310503	310511	1
CP142623.1	310511	310561	2
CP142623.1	310561	310697	1
CP142623.1	310697	310748	2
CP142623.1	310748	310758	3
CP142623.1	310758	310759	2
CP142623.1	310759	310787	3
CP142623.1	310787	310808	2
CP142623.1	310808	310809	1
CP142623.1	310809	310906	2
CP142623.1	310906	310922	3
CP142623.1	310922	310927	2
CP142623.1	310927	311008	1
CP142623.1	311008	311026	0
CP142623.1	311026	311089	1
CP142623.1	311089	311115	0
CP142623.1	311115	311190	1
CP142623.1	311190	311265	0
CP142623.1	311265	311358	1
CP142623.1	311358	311410	0
CP142623.1	311410	311506	1
CP142623.1	311506	311536	2
CP142623.1	311536	311594	1
CP142623.1	311594	311603	0
CP142623.1	311603	311610	1
CP142623.1	311610	311613	2
CP142623.1	311613	311702	3
CP142623.1	311702	311703	2
CP142623.1	311703	311705	1
CP142623.1	311705	311710	2
CP142623.1	311710	311720	3
CP142623.1	311720	311721	1
CP142623.1	311721	311724	2
CP142623.1	311724	311732	3
CP142623.1	311732	311736	4
CP142623.1	311736	311746	3
CP142623.1	311746	311755	4
CP142623.1	311755	311910	3
CP142623.1	311910	311954	4
CP142623.1	311954	311968	3
CP142623.1	311968	311974	2
CP142623.1	311974	312035	1
CP142623.1	312035	312065	2
CP142623.1	312065	312094	3
CP142623.1	312094	312114	2
CP142623.1	312114	312256	1
CP142623.1	312256	312347	2
CP142623.1	312347	312349	3
CP142623.1	312349	312352	2
CP142623.1	312352	312369	3
CP142623.1	312369	312371	2
CP142623.1	312371	312405	3
CP142623.1	312405	312418	2
CP142623.1	312418	312437	1
CP142623.1	312437	312456	0
CP142623.1	312456	312470	1
CP142623.1	312470	312574	2
CP142623.1	312574	312575	1
CP142623.1	312575	312630	2
CP142623.1	312630	312634	1
CP142623.1	312634	312635	0
CP142623.1	312635	312712	1
CP142623.1	312712	312739	0
CP142623.1	312739	312810	1
CP142623.1	312810	312929	0
CP142623.1	312929	312975	1
CP142623.1	312975	313246	0
CP142623.1	313246	313301	1
CP142623.1	313301	313306	2
CP142623.1	313306	313328	1
CP142623.1	313328	313330	0
CP142623.1	313330	313396	1
CP142623.1	313396	313458	2
CP142623.1	313458	313536	3
CP142623.1	313536	313548	2
CP142623.1	313548	313554	1
CP142623.1	313554	313555	0
CP142623.1	313555	313556	1
CP142623.1	313556	313568	2
CP142623.1	313568	313599	3
CP142623.1	313599	313676	2
CP142623.1	313676	313694	1
CP142623.1	313694	313703	2
CP142623.1	313703	313725	3
CP142623.1	313725	313754	2
CP142623.1	313754	313761	1
CP142623.1	313761	313768	0
CP142623.1	313768	313836	1
CP142623.1	313836	313863	0
CP142623.1	313863	314102	1
CP142623.1	314102	314151	2
CP142623.1	314151	314240	3
CP142623.1	314240	314267	2
CP142623.1	314267	314268	1
CP142623.1	314268	314286	2
CP142623.1	314286	314306	1
CP142623.1	314306	314326	0
CP142623.1	314326	314347	1
CP142623.1	314347	314354	2
CP142623.1	314354	314368	3
CP142623.1	314368	314385	4
CP142623.1	314385	314442	5
CP142623.1	314442	314469	4
CP142623.1	314469	314493	3
CP142623.1	314493	314579	2
CP142623.1	314579	314910	1
CP142623.1	314910	314912	2
CP142623.1	314912	314959	1
CP142623.1	314959	315003	2
CP142623.1	315003	315058	3
CP142623.1	315058	315135	2
CP142623.1	315135	315176	1
CP142623.1	315176	315221	2
CP142623.1	315221	315319	1
CP142623.1	315319	315369	0
CP142623.1	315369	315564	1
CP142623.1	315564	315609	0
CP142623.1	315609	315649	1
CP142623.1	315649	315715	2
CP142623.1	315715	315764	1
CP142623.1	315764	315900	2
CP142623.1	315900	315921	1
CP142623.1	315921	315926	0
CP142623.1	315926	316004	1
CP142623.1	316004	316066	2
CP142623.1	316066	316103	3
CP142623.1	316103	316144	2
CP142623.1	316144	316145	1
CP142623.1	316145	316250	2
CP142623.1	316250	316298	3
CP142623.1	316298	316372	4
CP142623.1	316372	316389	5
CP142623.1	316389	316392	4
CP142623.1	316392	316398	3
CP142623.1	316398	316520	2
CP142623.1	316520	316604	1
CP142623.1	316604	316661	2
CP142623.1	316661	316662	1
CP142623.1	316662	316685	2
CP142623.1	316685	316692	3
CP142623.1	316692	316723	4
CP142623.1	316723	316769	3
CP142623.1	316769	316901	2
CP142623.1	316901	316902	1
CP142623.1	316902	316928	2
CP142623.1	316928	316959	3
CP142623.1	316959	316968	2
CP142623.1	316968	317000	3
CP142623.1	317000	317002	2
CP142623.1	317002	317007	1
CP142623.1	317007	317056	2
CP142623.1	317056	317068	1
CP142623.1	317068	317129	0
CP142623.1	317129	317157	1
CP142623.1	317157	317220	2
CP142623.1	317220	317284	1
CP142623.1	317284	317345	2
CP142623.1	317345	317346	0
CP142623.1	317346	317423	2
CP142623.1	317423	317428	1
CP142623.1	317428	317434	2
CP142623.1	317434	317435	1
CP142623.1	317435	317487	2
CP142623.1	317487	317488	1
CP142623.1	317488	317536	2
CP142623.1	317536	317605	1
CP142623.1	317605	317673	2
CP142623.1	317673	317712	1
CP142623.1	317712	317815	0
CP142623.1	317815	317845	1
CP142623.1	317845	317868	2
CP142623.1	317868	317871	1
CP142623.1	317871	317933	2
CP142623.1	317933	317979	1
CP142623.1	317979	318010	2
CP142623.1	318010	318013	1
CP142623.1	318013	318014	2
CP142623.1	318014	318016	1
CP142623.1	318016	318025	2
CP142623.1	318025	318027	1
CP142623.1	318027	318032	2
CP142623.1	318032	318035	1
CP142623.1	318035	318097	2
CP142623.1	318097	318098	1
CP142623.1	318098	318116	2
CP142623.1	318116	318185	1
CP142623.1	318185	318226	2
CP142623.1	318226	318227	1
CP142623.1	318227	318233	2
CP142623.1	318233	318271	3
CP142623.1	318271	318317	2
CP142623.1	318317	318321	1
CP142623.1	318321	318356	2
CP142623.1	318356	318385	3
CP142623.1	318385	318386	2
CP142623.1	318386	318414	3
CP142623.1	318414	318421	2
CP142623.1	318421	318514	1
CP142623.1	318514	318574	0
CP142623.1	318574	318604	1
CP142623.1	318604	318606	0
CP142623.1	318606	318648	1
CP142623.1	318648	318651	0
CP142623.1	318651	318758	1
CP142623.1	318758	318767	2
CP142623.1	318767	318833	3
CP142623.1	318833	318835	1
CP142623.1	318835	318836	2
CP142623.1	318836	318841	3
CP142623.1	318841	318932	2
CP142623.1	318932	318982	3
CP142623.1	318982	318983	1
CP142623.1	318983	318984	3
CP142623.1	318984	319016	4
CP142623.1	319016	319031	3
CP142623.1	319031	319034	4
CP142623.1	319034	319052	3
CP142623.1	319052	319118	2
CP142623.1	319118	319153	3
CP142623.1	319153	319185	2
CP142623.1	319185	319216	1
CP142623.1	319216	319219	0
CP142623.1	319219	319322	1
CP142623.1	319322	319345	2
CP142623.1	319345	319375	3
CP142623.1	319375	319406	4
CP142623.1	319406	319431	5
CP142623.1	319431	319442	4
CP142623.1	319442	319479	3
CP142623.1	319479	319480	2
CP142623.1	319480	319605	3
CP142623.1	319605	319606	2
CP142623.1	319606	319607	1
CP142623.1	319607	319612	2
CP142623.1	319612	319614	1
CP142623.1	319614	319661	2
CP142623.1	319661	319693	1
CP142623.1	319693	319710	0
CP142623.1	319710	319857	1
CP142623.1	319857	319867	2
CP142623.1	319867	319930	3
CP142623.1	319930	319937	2
CP142623.1	319937	320045	3
CP142623.1	320045	320046	1
CP142623.1	320046	320052	2
CP142623.1	320052	320075	1
CP142623.1	320075	320111	2
CP142623.1	320111	320202	3
CP142623.1	320202	320216	4
CP142623.1	320216	320225	3
CP142623.1	320225	320233	4
CP142623.1	320233	320240	3
CP142623.1	320240	320271	2
CP142623.1	320271	320301	3
CP142623.1	320301	320320	4
CP142623.1	320320	320321	3
CP142623.1	320321	320371	4
CP142623.1	320371	320372	3
CP142623.1	320372	320381	4
CP142623.1	320381	320392	5
CP142623.1	320392	320404	4
CP142623.1	320404	320406	3
CP142623.1	320406	320411	4
CP142623.1	320411	320423	3
CP142623.1	320423	320433	2
CP142623.1	320433	320435	1
CP142623.1	320435	320448	2
CP142623.1	320448	320480	1
CP142623.1	320480	320556	2
CP142623.1	320556	320597	1
CP142623.1	320597	320651	0
CP142623.1	320651	320694	1
CP142623.1	320694	320744	2
CP142623.1	320744	320780	3
CP142623.1	320780	320794	2
CP142623.1	320794	320822	3
CP142623.1	320822	320861	2
CP142623.1	320861	320940	3
CP142623.1	320940	320941	2
CP142623.1	320941	320982	1
CP142623.1	320982	321075	0
CP142623.1	321075	321219	1
CP142623.1	321219	321222	0
CP142623.1	321222	321297	1
CP142623.1	321297	321366	2
CP142623.1	321366	321516	3
CP142623.1	321516	321533	2
CP142623.1	321533	321561	1
CP142623.1	321561	321593	0
CP142623.1	321593	321660	1
CP142623.1	321660	321663	0
CP142623.1	321663	321687	1
CP142623.1	321687	321688	0
CP142623.1	321688	321708	1
CP142623.1	321708	321709	0
CP142623.1	321709	321741	1
CP142623.1	321741	321761	2
CP142623.1	321761	321762	1
CP142623.1	321762	321769	2
CP142623.1	321769	321806	3
CP142623.1	321806	321811	2
CP142623.1	321811	321822	1
CP142623.1	321822	321867	2
CP142623.1	321867	321887	3
CP142623.1	321887	321917	2
CP142623.1	321917	321937	3
CP142623.1	321937	322021	2
CP142623.1	322021	322118	1
CP142623.1	322118	322121	0
CP142623.1	322121	322135	3
CP142623.1	322135	322136	1
CP142623.1	322136	322137	2
CP142623.1	322137	322196	3
CP142623.1	322196	322206	2
CP142623.1	322206	322211	3
CP142623.1	322211	322219	4
CP142623.1	322219	322269	3
CP142623.1	322269	322282	4
CP142623.1	322282	322283	2
CP142623.1	322283	322304	3
CP142623.1	322304	322381	2
CP142623.1	322381	322419	1
CP142623.1	322419	322442	0
CP142623.1	322442	322490	1
CP142623.1	322490	322506	2
CP142623.1	322506	322601	3
CP142623.1	322601	322604	2
CP142623.1	322604	322616	3
CP142623.1	322616	322618	2
CP142623.1	322618	322701	1
CP142623.1	322701	322814	0
CP142623.1	322814	322818	1
CP142623.1	322818	322845	2
CP142623.1	322845	322892	3
CP142623.1	322892	322902	4
CP142623.1	322902	322947	3
CP142623.1	322947	323108	2
CP142623.1	323108	323110	3
CP142623.1	323110	323114	2
CP142623.1	323114	323121	3
CP142623.1	323121	323122	2
CP142623.1	323122	323136	3
CP142623.1	323136	323144	4
CP142623.1	323144	323145	3
CP142623.1	323145	323183	4
CP142623.1	323183	323206	3
CP142623.1	323206	323251	4
CP142623.1	323251	323271	5
CP142623.1	323271	323303	4
CP142623.1	323303	323306	3
CP142623.1	323306	323308	2
CP142623.1	323308	323333	3
CP142623.1	323333	323357	2
CP142623.1	323357	323363	3
CP142623.1	323363	323387	2
CP142623.1	323387	323406	3
CP142623.1	323406	323434	4
CP142623.1	323434	323435	3
CP142623.1	323435	323436	4
CP142623.1	323436	323440	3
CP142623.1	323440	323442	4
CP142623.1	323442	323444	3
CP142623.1	323444	323452	4
CP142623.1	323452	323455	2
CP142623.1	323455	323456	3
CP142623.1	323456	323466	4
CP142623.1	323466	323483	5
CP142623.1	323483	323509	4
CP142623.1	323509	323513	3
CP142623.1	323513	323514	2
CP142623.1	323514	323683	0
CP142623.1	323683	323685	1
CP142623.1	323685	323700	2
CP142623.1	323700	323719	3
CP142623.1	323719	323721	1
CP142623.1	323721	323726	3
CP142623.1	323726	323727	1
CP142623.1	323727	323739	3
CP142623.1	323739	323757	4
CP142623.1	323757	323781	3
CP142623.1	323781	323795	2
CP142623.1	323795	323818	1
CP142623.1	323818	323835	2
CP142623.1	323835	323853	1
CP142623.1	323853	323871	0
CP142623.1	323871	323906	1
CP142623.1	323906	323931	0
CP142623.1	323931	324006	1
CP142623.1	324006	324008	2
CP142623.1	324008	324095	1
CP142623.1	324095	324173	0
CP142623.1	324173	324198	1
CP142623.1	324198	324240	2
CP142623.1	324240	324264	3
CP142623.1	324264	324265	2
CP142623.1	324265	324269	3
CP142623.1	324269	324285	2
CP142623.1	324285	324386	3
CP142623.1	324386	324402	2
CP142623.1	324402	324430	1
CP142623.1	324430	324431	0
CP142623.1	324431	324468	1
CP142623.1	324468	324471	0
CP142623.1	324471	324476	1
CP142623.1	324476	324478	0
CP142623.1	324478	324499	1
CP142623.1	324499	324500	0
CP142623.1	324500	324520	1
CP142623.1	324520	324521	0
CP142623.1	324521	324531	2
CP142623.1	324531	324532	1
CP142623.1	324532	324582	2
CP142623.1	324582	324583	1
CP142623.1	324583	324585	2
CP142623.1	324585	324603	1
CP142623.1	324603	324604	2
CP142623.1	324604	324607	1
CP142623.1	324607	324611	2
CP142623.1	324611	324650	3
CP142623.1	324650	324660	2
CP142623.1	324660	324666	1
CP142623.1	324666	324706	2
CP142623.1	324706	324710	3
CP142623.1	324710	324910	2
CP142623.1	324910	324931	1
CP142623.1	324931	325021	0
CP142623.1	325021	325026	1
CP142623.1	325026	325094	2
CP142623.1	325094	325095	1
CP142623.1	325095	325103	2
CP142623.1	325103	325131	3
CP142623.1	325131	325140	4
CP142623.1	325140	325151	3
CP142623.1	325151	325152	2
CP142623.1	325152	325172	3
CP142623.1	325172	325173	2
CP142623.1	325173	325187	3
CP142623.1	325187	325192	2
CP142623.1	325192	325194	3
CP142623.1	325194	325203	2
CP142623.1	325203	325209	3
CP142623.1	325209	325217	2
CP142623.1	325217	325226	1
CP142623.1	325226	325249	2
CP142623.1	325249	325265	1
CP142623.1	325265	325266	2
CP142623.1	325266	325268	1
CP142623.1	325268	325307	2
CP142623.1	325307	325398	1
CP142623.1	325398	325405	2
CP142623.1	325405	325504	1
CP142623.1	325504	325505	0
CP142623.1	325505	325531	1
CP142623.1	325531	325561	2
CP142623.1	325561	325590	1
CP142623.1	325590	325596	0
CP142623.1	325596	325638	1
CP142623.1	325638	325748	2
CP142623.1	325748	325752	3
CP142623.1	325752	325761	2
CP142623.1	325761	325833	3
CP142623.1	325833	325834	2
CP142623.1	325834	325891	3
CP142623.1	325891	325906	2
CP142623.1	325906	325914	1
CP142623.1	325914	325942	2
CP142623.1	325942	325976	1
CP142623.1	325976	325998	2
CP142623.1	325998	326048	3
CP142623.1	326048	326064	2
CP142623.1	326064	326067	1
CP142623.1	326067	326144	2
CP142623.1	326144	326145	3
CP142623.1	326145	326185	2
CP142623.1	326185	326195	1
CP142623.1	326195	326215	2
CP142623.1	326215	326298	1
CP142623.1	326298	326367	2
CP142623.1	326367	326369	1
CP142623.1	326369	326403	2
CP142623.1	326403	326440	1
CP142623.1	326440	326469	2
CP142623.1	326469	326517	1
CP142623.1	326517	326518	0
CP142623.1	326518	326549	1
CP142623.1	326549	326587	2
CP142623.1	326587	326590	1
CP142623.1	326590	326615	2
CP142623.1	326615	326635	1
CP142623.1	326635	326689	2
CP142623.1	326689	326741	3
CP142623.1	326741	326745	2
CP142623.1	326745	326768	1
CP142623.1	326768	326816	0
CP142623.1	326816	326881	1
CP142623.1	326881	326883	2
CP142623.1	326883	326916	3
CP142623.1	326916	326934	4
CP142623.1	326934	326963	3
CP142623.1	326963	326971	2
CP142623.1	326971	326973	0
CP142623.1	326973	326985	2
CP142623.1	326985	327029	3
CP142623.1	327029	327044	2
CP142623.1	327044	327054	1
CP142623.1	327054	327071	2
CP142623.1	327071	327074	1
CP142623.1	327074	327111	2
CP142623.1	327111	327143	3
CP142623.1	327143	327168	2
CP142623.1	327168	327258	1
CP142623.1	327258	327261	2
CP142623.1	327261	327286	3
CP142623.1	327286	327312	2
CP142623.1	327312	327329	3
CP142623.1	327329	327330	1
CP142623.1	327330	327342	3
CP142623.1	327342	327354	4
CP142623.1	327354	327366	5
CP142623.1	327366	327367	4
CP142623.1	327367	327376	5
CP142623.1	327376	327408	4
CP142623.1	327408	327411	3
CP142623.1	327411	327437	4
CP142623.1	327437	327473	3
CP142623.1	327473	327480	2
CP142623.1	327480	327494	3
CP142623.1	327494	327531	4
CP142623.1	327531	327534	3
CP142623.1	327534	327541	4
CP142623.1	327541	327551	3
CP142623.1	327551	327564	2
CP142623.1	327564	327681	1
CP142623.1	327681	327683	0
CP142623.1	327683	327720	1
CP142623.1	327720	327721	0
CP142623.1	327721	327753	1
CP142623.1	327753	327754	0
CP142623.1	327754	327780	1
CP142623.1	327780	327830	0
CP142623.1	327830	327856	1
CP142623.1	327856	327933	2
CP142623.1	327933	327954	3
CP142623.1	327954	328004	2
CP142623.1	328004	328035	3
CP142623.1	328035	328092	2
CP142623.1	328092	328155	1
CP142623.1	328155	328164	0
CP142623.1	328164	328212	1
CP142623.1	328212	328213	2
CP142623.1	328213	328258	4
CP142623.1	328258	328271	2
CP142623.1	328271	328280	3
CP142623.1	328280	328281	2
CP142623.1	328281	328306	3
CP142623.1	328306	328315	2
CP142623.1	328315	328319	3
CP142623.1	328319	328324	2
CP142623.1	328324	328360	3
CP142623.1	328360	328361	1
CP142623.1	328361	328362	2
CP142623.1	328362	328368	3
CP142623.1	328368	328373	2
CP142623.1	328373	328380	3
CP142623.1	328380	328381	1
CP142623.1	328381	328382	2
CP142623.1	328382	328389	3
CP142623.1	328389	328392	2
CP142623.1	328392	328414	3
CP142623.1	328414	328427	2
CP142623.1	328427	328429	1
CP142623.1	328429	328464	2
CP142623.1	328464	328604	1
CP142623.1	328604	328647	2
CP142623.1	328647	328749	1
CP142623.1	328749	328781	0
CP142623.1	328781	328817	1
CP142623.1	328817	328878	2
CP142623.1	328878	328896	1
CP142623.1	328896	328914	2
CP142623.1	328914	328924	1
CP142623.1	328924	328970	2
CP142623.1	328970	328998	1
CP142623.1	328998	329051	2
CP142623.1	329051	329052	1
CP142623.1	329052	329055	2
CP142623.1	329055	329106	3
CP142623.1	329106	329115	2
CP142623.1	329115	329117	3
CP142623.1	329117	329155	4
CP142623.1	329155	329183	3
CP142623.1	329183	329184	4
CP142623.1	329184	329215	3
CP142623.1	329215	329223	4
CP142623.1	329223	329243	3
CP142623.1	329243	329282	4
CP142623.1	329282	329291	5
CP142623.1	329291	329293	3
CP142623.1	329293	329328	5
CP142623.1	329328	329336	6
CP142623.1	329336	329337	3
CP142623.1	329337	329338	5
CP142623.1	329338	329345	6
CP142623.1	329345	329347	5
CP142623.1	329347	329361	4
CP142623.1	329361	329428	3
CP142623.1	329428	329457	2
CP142623.1	329457	329458	1
CP142623.1	329458	329461	0
CP142623.1	329461	329462	1
CP142623.1	329462	329513	2
CP142623.1	329513	329533	1
CP142623.1	329533	329563	2
CP142623.1	329563	329669	1
CP142623.1	329669	329930	0
CP142623.1	329930	330048	1
CP142623.1	330048	330068	2
CP142623.1	330068	330071	1
CP142623.1	330071	330112	2
CP142623.1	330112	330304	1
CP142623.1	330304	330306	2
CP142623.1	330306	330356	3
CP142623.1	330356	330358	2
CP142623.1	330358	330386	3
CP142623.1	330386	330407	2
CP142623.1	330407	330461	1
CP142623.1	330461	330463	2
CP142623.1	330463	330480	1
CP142623.1	330480	330505	2
CP142623.1	330505	330508	3
CP142623.1	330508	330551	2
CP142623.1	330551	330561	1
CP142623.1	330561	330587	2
CP142623.1	330587	330596	1
CP142623.1	330596	330597	2
CP142623.1	330597	330626	1
CP142623.1	330626	330751	2
CP142623.1	330751	330877	1
CP142623.1	330877	330958	0
CP142623.1	330958	330992	1
CP142623.1	330992	330994	0
CP142623.1	330994	331105	1
CP142623.1	331105	331137	0
CP142623.1	331137	331172	1
CP142623.1	331172	331186	0
CP142623.1	331186	331242	1
CP142623.1	331242	331274	2
CP142623.1	331274	331278	1
CP142623.1	331278	331309	2
CP142623.1	331309	331382	1
CP142623.1	331382	331405	0
CP142623.1	331405	331468	1
CP142623.1	331468	331469	0
CP142623.1	331469	331498	1
CP142623.1	331498	331549	0
CP142623.1	331549	331709	1
CP142623.1	331709	332057	0
CP142623.1	332057	332079	1
CP142623.1	332079	332091	2
CP142623.1	332091	332108	3
CP142623.1	332108	332111	4
CP142623.1	332111	332181	3
CP142623.1	332181	332208	4
CP142623.1	332208	332209	0
CP142623.1	332209	332210	2
CP142623.1	332210	332236	4
CP142623.1	332236	332298	3
CP142623.1	332298	332330	2
CP142623.1	332330	332331	1
CP142623.1	332331	332334	2
CP142623.1	332334	332336	1
CP142623.1	332336	332372	2
CP142623.1	332372	332408	3
CP142623.1	332408	332413	2
CP142623.1	332413	332417	1
CP142623.1	332417	332444	2
CP142623.1	332444	332448	1
CP142623.1	332448	332452	2
CP142623.1	332452	332453	1
CP142623.1	332453	332456	2
CP142623.1	332456	332468	3
CP142623.1	332468	332502	4
CP142623.1	332502	332509	5
CP142623.1	332509	332515	4
CP142623.1	332515	332533	3
CP142623.1	332533	332567	2
CP142623.1	332567	332570	1
CP142623.1	332570	332617	2
CP142623.1	332617	332622	1
CP142623.1	332622	332643	2
CP142623.1	332643	332662	3
CP142623.1	332662	332731	2
CP142623.1	332731	332833	1
CP142623.1	332833	332836	0
CP142623.1	332836	332905	1
CP142623.1	332905	332928	2
CP142623.1	332928	332930	1
CP142623.1	332930	332971	2
CP142623.1	332971	333027	1
CP142623.1	333027	333103	2
CP142623.1	333103	333106	1
CP142623.1	333106	333120	2
CP142623.1	333120	333155	1
CP142623.1	333155	333314	0
CP142623.1	333314	333358	1
CP142623.1	333358	333402	2
CP142623.1	333402	333409	1
CP142623.1	333409	333444	2
CP142623.1	333444	333445	1
CP142623.1	333445	333471	2
CP142623.1	333471	333498	3
CP142623.1	333498	333522	2
CP142623.1	333522	333523	1
CP142623.1	333523	333546	2
CP142623.1	333546	333598	1
CP142623.1	333598	333600	0
CP142623.1	333600	333634	1
CP142623.1	333634	333637	0
CP142623.1	333637	333641	1
CP142623.1	333641	333670	2
CP142623.1	333670	333797	1
CP142623.1	333797	333991	0
CP142623.1	333991	334035	1
CP142623.1	334035	334040	2
CP142623.1	334040	334041	1
CP142623.1	334041	334108	2
CP142623.1	334108	334212	1
CP142623.1	334212	334216	0
CP142623.1	334216	334217	1
CP142623.1	334217	334227	2
CP142623.1	334227	334228	1
CP142623.1	334228	334283	2
CP142623.1	334283	334298	1
CP142623.1	334298	334364	0
CP142623.1	334364	334401	1
CP142623.1	334401	334428	2
CP142623.1	334428	334429	1
CP142623.1	334429	334447	2
CP142623.1	334447	334468	3
CP142623.1	334468	334512	2
CP142623.1	334512	334522	1
CP142623.1	334522	334553	2
CP142623.1	334553	334706	1
CP142623.1	334706	334725	2
CP142623.1	334725	334747	3
CP142623.1	334747	334821	2
CP142623.1	334821	334914	1
CP142623.1	334914	334945	0
CP142623.1	334945	334987	1
CP142623.1	334987	334988	0
CP142623.1	334988	335024	1
CP142623.1	335024	335196	2
CP142623.1	335196	335262	1
CP142623.1	335262	335268	2
CP142623.1	335268	335337	1
CP142623.1	335337	335353	0
CP142623.1	335353	335368	1
CP142623.1	335368	335372	0
CP142623.1	335372	335381	1
CP142623.1	335381	335466	2
CP142623.1	335466	335469	1
CP142623.1	335469	335470	0
CP142623.1	335470	335489	1
CP142623.1	335489	335491	0
CP142623.1	335491	335533	1
CP142623.1	335533	335602	2
CP142623.1	335602	335603	1
CP142623.1	335603	335712	2
CP142623.1	335712	335729	3
CP142623.1	335729	335754	2
CP142623.1	335754	335766	1
CP142623.1	335766	335775	2
CP142623.1	335775	335882	1
CP142623.1	335882	335900	2
CP142623.1	335900	335909	3
CP142623.1	335909	335998	4
CP142623.1	335998	335999	3
CP142623.1	335999	336000	4
CP142623.1	336000	336002	3
CP142623.1	336002	336005	4
CP142623.1	336005	336010	3
CP142623.1	336010	336017	4
CP142623.1	336017	336083	3
CP142623.1	336083	336087	2
CP142623.1	336087	336100	3
CP142623.1	336100	336103	1
CP142623.1	336103	336104	3
CP142623.1	336104	336214	2
CP142623.1	336214	336335	1
CP142623.1	336335	336339	2
CP142623.1	336339	336341	1
CP142623.1	336341	336414	2
CP142623.1	336414	336502	1
CP142623.1	336502	336576	0
CP142623.1	336576	336639	1
CP142623.1	336639	336640	0
CP142623.1	336640	336726	1
CP142623.1	336726	336770	2
CP142623.1	336770	336887	1
CP142623.1	336887	336899	0
CP142623.1	336899	336902	1
CP142623.1	336902	336938	2
CP142623.1	336938	337027	3
CP142623.1	337027	337109	2
CP142623.1	337109	337110	0
CP142623.1	337110	337136	1
CP142623.1	337136	337200	0
CP142623.1	337200	337251	1
CP142623.1	337251	337264	2
CP142623.1	337264	337265	1
CP142623.1	337265	337295	2
CP142623.1	337295	337307	1
CP142623.1	337307	337356	0
CP142623.1	337356	337375	1
CP142623.1	337375	337400	2
CP142623.1	337400	337441	3
CP142623.1	337441	337443	2
CP142623.1	337443	337530	3
CP142623.1	337530	337532	2
CP142623.1	337532	337539	1
CP142623.1	337539	337567	2
CP142623.1	337567	337587	1
CP142623.1	337587	337802	0
CP142623.1	337802	337857	1
CP142623.1	337857	337967	0
CP142623.1	337967	337983	1
CP142623.1	337983	338032	2
CP142623.1	338032	338039	1
CP142623.1	338039	338048	2
CP142623.1	338048	338077	1
CP142623.1	338077	338134	0
CP142623.1	338134	338152	1
CP142623.1	338152	338163	2
CP142623.1	338163	338168	3
CP142623.1	338168	338169	4
CP142623.1	338169	338240	5
CP142623.1	338240	338263	4
CP142623.1	338263	338266	3
CP142623.1	338266	338271	2
CP142623.1	338271	338280	1
CP142623.1	338280	338462	0
CP142623.1	338462	338551	1
CP142623.1	338551	338552	2
CP142623.1	338552	338568	4
CP142623.1	338568	338575	3
CP142623.1	338575	338580	2
CP142623.1	338580	338582	3
CP142623.1	338582	338588	2
CP142623.1	338588	338590	1
CP142623.1	338590	338595	4
CP142623.1	338595	338621	5
CP142623.1	338621	338624	4
CP142623.1	338624	338630	3
CP142623.1	338630	338644	2
CP142623.1	338644	338661	1
CP142623.1	338661	338730	0
CP142623.1	338730	338758	1
CP142623.1	338758	338766	2
CP142623.1	338766	338772	1
CP142623.1	338772	338819	2
CP142623.1	338819	338854	1
CP142623.1	338854	338877	0
CP142623.1	338877	338912	1
CP142623.1	338912	338949	2
CP142623.1	338949	338950	1
CP142623.1	338950	339021	2
CP142623.1	339021	339025	3
CP142623.1	339025	339054	2
CP142623.1	339054	339105	3
CP142623.1	339105	339143	2
CP142623.1	339143	339144	1
CP142623.1	339144	339158	2
CP142623.1	339158	339193	3
CP142623.1	339193	339296	4
CP142623.1	339296	339319	3
CP142623.1	339319	339363	4
CP142623.1	339363	339369	3
CP142623.1	339369	339375	2
CP142623.1	339375	339387	3
CP142623.1	339387	339388	4
CP142623.1	339388	339412	3
CP142623.1	339412	339449	2
CP142623.1	339449	339454	1
CP142623.1	339454	339580	0
CP142623.1	339580	339682	1
CP142623.1	339682	340037	0
CP142623.1	340037	340070	1
CP142623.1	340070	340113	0
CP142623.1	340113	340121	1
CP142623.1	340121	340177	2
CP142623.1	340177	340254	1
CP142623.1	340254	340261	2
CP142623.1	340261	340273	1
CP142623.1	340273	340305	2
CP142623.1	340305	340306	1
CP142623.1	340306	340311	2
CP142623.1	340311	340382	1
CP142623.1	340382	340390	3
CP142623.1	340390	340395	2
CP142623.1	340395	340451	3
CP142623.1	340451	340457	2
CP142623.1	340457	340466	1
CP142623.1	340466	340468	2
CP142623.1	340468	340471	3
CP142623.1	340471	340474	4
CP142623.1	340474	340498	3
CP142623.1	340498	340558	2
CP142623.1	340558	340611	1
CP142623.1	340611	340670	2
CP142623.1	340670	340718	3
CP142623.1	340718	340720	2
CP142623.1	340720	340733	3
CP142623.1	340733	340818	2
CP142623.1	340818	340822	1
CP142623.1	340822	340924	2
CP142623.1	340924	340926	1
CP142623.1	340926	340933	3
CP142623.1	340933	340947	2
CP142623.1	340947	340948	1
CP142623.1	340948	340950	2
CP142623.1	340950	340981	3
CP142623.1	340981	340992	2
CP142623.1	340992	341047	3
CP142623.1	341047	341076	2
CP142623.1	341076	341112	1
CP142623.1	341112	341113	0
CP142623.1	341113	341125	1
CP142623.1	341125	341163	2
CP142623.1	341163	341166	1
CP142623.1	341166	341173	2
CP142623.1	341173	341185	3
CP142623.1	341185	341198	2
CP142623.1	341198	341231	1
CP142623.1	341231	341294	0
CP142623.1	341294	341389	1
CP142623.1	341389	341404	0
CP142623.1	341404	341428	1
CP142623.1	341428	341454	2
CP142623.1	341454	341455	1
CP142623.1	341455	341501	2
CP142623.1	341501	341503	0
CP142623.1	341503	341523	2
CP142623.1	341523	341577	3
CP142623.1	341577	341714	2
CP142623.1	341714	341729	1
CP142623.1	341729	341785	2
CP142623.1	341785	341879	3
CP142623.1	341879	341903	2
CP142623.1	341903	341905	1
CP142623.1	341905	341922	2
CP142623.1	341922	341938	1
CP142623.1	341938	341958	2
CP142623.1	341958	341959	1
CP142623.1	341959	341985	2
CP142623.1	341985	342006	3
CP142623.1	342006	342068	2
CP142623.1	342068	342235	1
CP142623.1	342235	342236	0
CP142623.1	342236	342381	1
CP142623.1	342381	342423	0
CP142623.1	342423	342493	2
CP142623.1	342493	342538	3
CP142623.1	342538	342611	4
CP142623.1	342611	342710	3
CP142623.1	342710	342724	4
CP142623.1	342724	342735	3
CP142623.1	342735	342736	2
CP142623.1	342736	342759	3
CP142623.1	342759	342762	2
CP142623.1	342762	342786	3
CP142623.1	342786	342838	4
CP142623.1	342838	342861	5
CP142623.1	342861	342909	4
CP142623.1	342909	342919	3
CP142623.1	342919	342938	4
CP142623.1	342938	342956	5
CP142623.1	342956	342963	4
CP142623.1	342963	342978	3
CP142623.1	342978	342979	2
CP142623.1	342979	343044	3
CP142623.1	343044	343045	2
CP142623.1	343045	343047	1
CP142623.1	343047	343105	2
CP142623.1	343105	343118	1
CP142623.1	343118	343128	2
CP142623.1	343128	343133	3
CP142623.1	343133	343136	2
CP142623.1	343136	343211	3
CP142623.1	343211	343219	2
CP142623.1	343219	343259	1
CP142623.1	343259	343262	0
CP142623.1	343262	343294	1
CP142623.1	343294	343339	2
CP142623.1	343339	343341	1
CP142623.1	343341	343524	2
CP142623.1	343524	343618	1
CP142623.1	343618	343645	2
CP142623.1	343645	343693	1
CP142623.1	343693	343755	2
CP142623.1	343755	343814	1
CP142623.1	343814	343843	2
CP142623.1	343843	343848	3
CP142623.1	343848	343851	2
CP142623.1	343851	343868	3
CP142623.1	343868	343894	2
CP142623.1	343894	343906	1
CP142623.1	343906	343999	2
CP142623.1	343999	344023	3
CP142623.1	344023	344026	2
CP142623.1	344026	344031	3
CP142623.1	344031	344034	2
CP142623.1	344034	344035	1
CP142623.1	344035	344037	2
CP142623.1	344037	344074	3
CP142623.1	344074	344077	4
CP142623.1	344077	344086	3
CP142623.1	344086	344089	2
CP142623.1	344089	344108	3
CP142623.1	344108	344114	4
CP142623.1	344114	344131	3
CP142623.1	344131	344132	2
CP142623.1	344132	344153	3
CP142623.1	344153	344154	2
CP142623.1	344154	344190	3
CP142623.1	344190	344202	4
CP142623.1	344202	344235	3
CP142623.1	344235	344247	2
CP142623.1	344247	344250	0
CP142623.1	344250	344357	1
CP142623.1	344357	344371	2
CP142623.1	344371	344418	1
CP142623.1	344418	344501	2
CP142623.1	344501	344503	3
CP142623.1	344503	344553	2
CP142623.1	344553	344586	3
CP142623.1	344586	344587	1
CP142623.1	344587	344670	3
CP142623.1	344670	344678	4
CP142623.1	344678	344698	5
CP142623.1	344698	344732	4
CP142623.1	344732	344745	5
CP142623.1	344745	344780	4
CP142623.1	344780	344782	3
CP142623.1	344782	344834	2
CP142623.1	344834	344852	1
CP142623.1	344852	344892	0
CP142623.1	344892	344903	1
CP142623.1	344903	344921	2
CP142623.1	344921	344923	1
CP142623.1	344923	345005	2
CP142623.1	345005	345023	3
CP142623.1	345023	345143	2
CP142623.1	345143	345144	1
CP142623.1	345144	345145	0
CP142623.1	345145	345150	1
CP142623.1	345150	345646	0
CP142623.1	345646	345660	1
CP142623.1	345660	345735	2
CP142623.1	345735	345754	3
CP142623.1	345754	345769	2
CP142623.1	345769	345774	1
CP142623.1	345774	345801	2
CP142623.1	345801	345817	1
CP142623.1	345817	345818	0
CP142623.1	345818	345860	1
CP142623.1	345860	345964	2
CP142623.1	345964	346023	3
CP142623.1	346023	346047	2
CP142623.1	346047	346064	1
CP142623.1	346064	346145	0
CP142623.1	346145	346245	1
CP142623.1	346245	346265	2
CP142623.1	346265	346326	3
CP142623.1	346326	346385	2
CP142623.1	346385	346418	1
CP142623.1	346418	346494	2
CP142623.1	346494	346530	3
CP142623.1	346530	346545	4
CP142623.1	346545	346582	3
CP142623.1	346582	346633	2
CP142623.1	346633	346643	1
CP142623.1	346643	346664	2
CP142623.1	346664	346665	1
CP142623.1	346665	346694	2
CP142623.1	346694	346807	1
CP142623.1	346807	346823	0
CP142623.1	346823	346851	1
CP142623.1	346851	346872	0
CP142623.1	346872	346875	1
CP142623.1	346875	346899	2
CP142623.1	346899	346900	1
CP142623.1	346900	346954	2
CP142623.1	346954	346960	1
CP142623.1	346960	346991	2
CP142623.1	346991	346994	1
CP142623.1	346994	347082	2
CP142623.1	347082	347090	3
CP142623.1	347090	347111	4
CP142623.1	347111	347113	3
CP142623.1	347113	347162	4
CP142623.1	347162	347171	3
CP142623.1	347171	347172	2
CP142623.1	347172	347175	3
CP142623.1	347175	347180	2
CP142623.1	347180	347189	3
CP142623.1	347189	347219	2
CP142623.1	347219	347230	1
CP142623.1	347230	347303	2
CP142623.1	347303	347306	3
CP142623.1	347306	347409	4
CP142623.1	347409	347450	5
CP142623.1	347450	347470	4
CP142623.1	347470	347517	3
CP142623.1	347517	347572	2
CP142623.1	347572	347660	1
CP142623.1	347660	347774	0
CP142623.1	347774	347825	1
CP142623.1	347825	347927	2
CP142623.1	347927	347939	1
CP142623.1	347939	348039	0
CP142623.1	348039	348059	1
CP142623.1	348059	348095	2
CP142623.1	348095	348109	3
CP142623.1	348109	348128	2
CP142623.1	348128	348140	3
CP142623.1	348140	348182	4
CP142623.1	348182	348196	3
CP142623.1	348196	348224	2
CP142623.1	348224	348310	1
CP142623.1	348310	348340	0
CP142623.1	348340	348397	1
CP142623.1	348397	348437	2
CP142623.1	348437	348439	1
CP142623.1	348439	348482	2
CP142623.1	348482	348511	1
CP142623.1	348511	348596	0
CP142623.1	348596	348607	1
CP142623.1	348607	348610	2
CP142623.1	348610	348647	3
CP142623.1	348647	348652	2
CP142623.1	348652	348660	1
CP142623.1	348660	348667	0
CP142623.1	348667	348677	1
CP142623.1	348677	348714	2
CP142623.1	348714	348715	1
CP142623.1	348715	348767	2
CP142623.1	348767	348768	1
CP142623.1	348768	348798	2
CP142623.1	348798	348836	1
CP142623.1	348836	348878	0
CP142623.1	348878	348934	1
CP142623.1	348934	348939	0
CP142623.1	348939	348957	1
CP142623.1	348957	349081	2
CP142623.1	349081	349101	3
CP142623.1	349101	349104	2
CP142623.1	349104	349170	3
CP142623.1	349170	349173	2
CP142623.1	349173	349177	3
CP142623.1	349177	349180	1
CP142623.1	349180	349191	3
CP142623.1	349191	349272	2
CP142623.1	349272	349296	1
CP142623.1	349296	349358	0
CP142623.1	349358	349507	1
CP142623.1	349507	349546	2
CP142623.1	349546	349553	1
CP142623.1	349553	349580	2
CP142623.1	349580	349646	3
CP142623.1	349646	349647	2
CP142623.1	349647	349648	1
CP142623.1	349648	349655	2
CP142623.1	349655	349659	1
CP142623.1	349659	349682	2
CP142623.1	349682	349720	1
CP142623.1	349720	349725	0
CP142623.1	349725	349779	1
CP142623.1	349779	349811	2
CP142623.1	349811	349812	1
CP142623.1	349812	349884	2
CP142623.1	349884	349931	1
CP142623.1	349931	350017	0
CP142623.1	350017	350028	1
CP142623.1	350028	350057	2
CP142623.1	350057	350119	3
CP142623.1	350119	350159	2
CP142623.1	350159	350174	1
CP142623.1	350174	350189	2
CP142623.1	350189	350285	1
CP142623.1	350285	350302	0
CP142623.1	350302	350313	1
CP142623.1	350313	350425	2
CP142623.1	350425	350428	1
CP142623.1	350428	350429	0
CP142623.1	350429	350439	1
CP142623.1	350439	350442	0
CP142623.1	350442	350545	1
CP142623.1	350545	350635	2
CP142623.1	350635	350636	1
CP142623.1	350636	350674	2
CP142623.1	350674	350706	1
CP142623.1	350706	350768	2
CP142623.1	350768	350792	1
CP142623.1	350792	350813	0
CP142623.1	350813	350910	1
CP142623.1	350910	350913	0
CP142623.1	350913	350930	1
CP142623.1	350930	350937	0
CP142623.1	350937	350990	1
CP142623.1	350990	351032	2
CP142623.1	351032	351035	0
CP142623.1	351035	351036	1
CP142623.1	351036	351116	2
CP142623.1	351116	351207	1
CP142623.1	351207	351215	0
CP142623.1	351215	351338	1
CP142623.1	351338	351378	2
CP142623.1	351378	351585	1
CP142623.1	351585	351627	2
CP142623.1	351627	351629	1
CP142623.1	351629	351644	2
CP142623.1	351644	351647	1
CP142623.1	351647	351654	2
CP142623.1	351654	351665	1
CP142623.1	351665	351672	2
CP142623.1	351672	351686	3
CP142623.1	351686	351687	2
CP142623.1	351687	351689	3
CP142623.1	351689	351721	4
CP142623.1	351721	351726	2
CP142623.1	351726	351729	1
CP142623.1	351729	351737	3
CP142623.1	351737	351740	2
CP142623.1	351740	351773	3
CP142623.1	351773	351783	2
CP142623.1	351783	351816	1
CP142623.1	351816	352008	0
CP142623.1	352008	352026	1
CP142623.1	352026	352027	0
CP142623.1	352027	352129	1
CP142623.1	352129	352136	0
CP142623.1	352136	352138	1
CP142623.1	352138	352175	2
CP142623.1	352175	352205	3
CP142623.1	352205	352235	2
CP142623.1	352235	352381	1
CP142623.1	352381	352415	2
CP142623.1	352415	352483	1
CP142623.1	352483	352557	2
CP142623.1	352557	352655	1
CP142623.1	352655	352884	0
CP142623.1	352884	352925	1
CP142623.1	352925	352932	0
CP142623.1	352932	352984	1
CP142623.1	352984	353073	0
CP142623.1	353073	353141	1
CP142623.1	353141	353191	2
CP142623.1	353191	353201	3
CP142623.1	353201	353202	1
CP142623.1	353202	353204	2
CP142623.1	353204	353207	3
CP142623.1	353207	353209	2
CP142623.1	353209	353229	3
CP142623.1	353229	353251	2
CP142623.1	353251	353381	1
CP142623.1	353381	353406	2
CP142623.1	353406	353450	1
CP142623.1	353450	353462	2
CP142623.1	353462	353484	1
CP142623.1	353484	353527	2
CP142623.1	353527	353536	1
CP142623.1	353536	353546	2
CP142623.1	353546	353547	1
CP142623.1	353547	353577	2
CP142623.1	353577	353590	3
CP142623.1	353590	353609	4
CP142623.1	353609	353610	2
CP142623.1	353610	353612	4
CP142623.1	353612	353621	5
CP142623.1	353621	353623	4
CP142623.1	353623	353624	3
CP142623.1	353624	353626	1
CP142623.1	353626	353627	3
CP142623.1	353627	353628	4
CP142623.1	353628	353641	5
CP142623.1	353641	353665	4
CP142623.1	353665	353679	3
CP142623.1	353679	353693	2
CP142623.1	353693	353694	1
CP142623.1	353694	353695	0
CP142623.1	353695	353702	1
CP142623.1	353702	353746	2
CP142623.1	353746	353756	3
CP142623.1	353756	353767	2
CP142623.1	353767	353783	1
CP142623.1	353783	353797	2
CP142623.1	353797	353800	1
CP142623.1	353800	353844	2
CP142623.1	353844	353881	1
CP142623.1	353881	353885	2
CP142623.1	353885	353938	3
CP142623.1	353938	353967	2
CP142623.1	353967	354017	1
CP142623.1	354017	354080	2
CP142623.1	354080	354106	1
CP142623.1	354106	354172	2
CP142623.1	354172	354173	1
CP142623.1	354173	354187	2
CP142623.1	354187	354281	1
CP142623.1	354281	354348	2
CP142623.1	354348	354364	3
CP142623.1	354364	354376	2
CP142623.1	354376	354424	3
CP142623.1	354424	354444	2
CP142623.1	354444	354445	1
CP142623.1	354445	354477	2
CP142623.1	354477	354485	1
CP142623.1	354485	354488	2
CP142623.1	354488	354495	1
CP142623.1	354495	354498	0
CP142623.1	354498	354501	1
CP142623.1	354501	354530	2
CP142623.1	354530	354540	1
CP142623.1	354540	354546	0
CP142623.1	354546	354599	1
CP142623.1	354599	354601	0
CP142623.1	354601	354766	1
CP142623.1	354766	355152	0
CP142623.1	355152	355312	1
CP142623.1	355312	355320	0
CP142623.1	355320	355383	1
CP142623.1	355383	355453	2
CP142623.1	355453	355489	3
CP142623.1	355489	355496	2
CP142623.1	355496	355536	3
CP142623.1	355536	355584	4
CP142623.1	355584	355587	5
CP142623.1	355587	355588	4
CP142623.1	355588	355589	3
CP142623.1	355589	355595	5
CP142623.1	355595	355624	4
CP142623.1	355624	355630	3
CP142623.1	355630	355678	2
CP142623.1	355678	355752	3
CP142623.1	355752	355754	2
CP142623.1	355754	355777	3
CP142623.1	355777	355794	2
CP142623.1	355794	355881	3
CP142623.1	355881	355932	2
CP142623.1	355932	355975	3
CP142623.1	355975	355984	2
CP142623.1	355984	356062	1
CP142623.1	356062	356081	2
CP142623.1	356081	356099	1
CP142623.1	356099	356171	2
CP142623.1	356171	356217	3
CP142623.1	356217	356218	2
CP142623.1	356218	356227	3
CP142623.1	356227	356282	4
CP142623.1	356282	356301	5
CP142623.1	356301	356314	7
CP142623.1	356314	356315	6
CP142623.1	356315	356325	7
CP142623.1	356325	356341	6
CP142623.1	356341	356342	5
CP142623.1	356342	356367	6
CP142623.1	356367	356369	5
CP142623.1	356369	356370	4
CP142623.1	356370	356400	6
CP142623.1	356400	356432	5
CP142623.1	356432	356446	4
CP142623.1	356446	356464	5
CP142623.1	356464	356489	4
CP142623.1	356489	356523	3
CP142623.1	356523	356610	2
CP142623.1	356610	356637	1
CP142623.1	356637	356652	0
CP142623.1	356652	356694	1
CP142623.1	356694	356697	0
CP142623.1	356697	356715	1
CP142623.1	356715	356739	2
CP142623.1	356739	356742	1
CP142623.1	356742	356744	2
CP142623.1	356744	356754	3
CP142623.1	356754	356755	2
CP142623.1	356755	356792	3
CP142623.1	356792	356803	2
CP142623.1	356803	356805	1
CP142623.1	356805	356847	2
CP142623.1	356847	356853	1
CP142623.1	356853	356900	2
CP142623.1	356900	356902	1
CP142623.1	356902	356910	2
CP142623.1	356910	356918	3
CP142623.1	356918	356970	4
CP142623.1	356970	356997	3
CP142623.1	356997	357029	2
CP142623.1	357029	357054	3
CP142623.1	357054	357098	2
CP142623.1	357098	357132	3
CP142623.1	357132	357162	4
CP142623.1	357162	357182	5
CP142623.1	357182	357224	4
CP142623.1	357224	357234	5
CP142623.1	357234	357235	4
CP142623.1	357235	357238	5
CP142623.1	357238	357239	4
CP142623.1	357239	357240	3
CP142623.1	357240	357242	4
CP142623.1	357242	357276	5
CP142623.1	357276	357281	4
CP142623.1	357281	357367	3
CP142623.1	357367	357378	4
CP142623.1	357378	357413	3
CP142623.1	357413	357414	0
CP142623.1	357414	357422	3
CP142623.1	357422	357429	4
CP142623.1	357429	357452	3
CP142623.1	357452	357490	2
CP142623.1	357490	357502	1
CP142623.1	357502	357593	0
CP142623.1	357593	357749	1
CP142623.1	357749	357820	2
CP142623.1	357820	357876	3
CP142623.1	357876	357901	2
CP142623.1	357901	357912	3
CP142623.1	357912	357967	2
CP142623.1	357967	357991	1
CP142623.1	357991	358331	0
CP142623.1	358331	358370	1
CP142623.1	358370	358371	0
CP142623.1	358371	358395	1
CP142623.1	358395	358436	0
CP142623.1	358436	358580	1
CP142623.1	358580	358585	2
CP142623.1	358585	358658	3
CP142623.1	358658	358659	2
CP142623.1	358659	358744	1
CP142623.1	358744	358799	2
CP142623.1	358799	358857	1
CP142623.1	358857	358877	2
CP142623.1	358877	358878	1
CP142623.1	358878	358922	2
CP142623.1	358922	358931	1
CP142623.1	358931	358943	0
CP142623.1	358943	359055	1
CP142623.1	359055	359102	2
CP142623.1	359102	359112	1
CP142623.1	359112	359162	2
CP142623.1	359162	359173	1
CP142623.1	359173	359231	2
CP142623.1	359231	359251	1
CP142623.1	359251	359278	0
CP142623.1	359278	359337	1
CP142623.1	359337	359703	0
CP142623.1	359703	359714	1
CP142623.1	359714	359761	2
CP142623.1	359761	359776	1
CP142623.1	359776	359799	2
CP142623.1	359799	359843	3
CP142623.1	359843	359844	2
CP142623.1	359844	359895	3
CP142623.1	359895	359928	2
CP142623.1	359928	359934	1
CP142623.1	359934	359939	0
CP142623.1	359939	360045	1
CP142623.1	360045	360055	0
CP142623.1	360055	360071	1
CP142623.1	360071	360072	0
CP142623.1	360072	360178	1
CP142623.1	360178	360179	0
CP142623.1	360179	360392	1
CP142623.1	360392	360403	2
CP142623.1	360403	360472	1
CP142623.1	360472	360515	0
CP142623.1	360515	360596	1
CP142623.1	360596	360948	0
CP142623.1	360948	361014	1
CP142623.1	361014	361064	2
CP142623.1	361064	361067	1
CP142623.1	361067	361074	2
CP142623.1	361074	361075	1
CP142623.1	361075	361085	2
CP142623.1	361085	361105	1
CP142623.1	361105	361107	2
CP142623.1	361107	361189	1
CP142623.1	361189	361205	0
CP142623.1	361205	361247	1
CP142623.1	361247	361305	0
CP142623.1	361305	361350	1
CP142623.1	361350	361421	2
CP142623.1	361421	361422	3
CP142623.1	361422	361423	2
CP142623.1	361423	361493	3
CP142623.1	361493	361510	2
CP142623.1	361510	361534	3
CP142623.1	361534	361562	2
CP142623.1	361562	361577	1
CP142623.1	361577	361608	2
CP142623.1	361608	361644	3
CP142623.1	361644	361646	2
CP142623.1	361646	361647	1
CP142623.1	361647	361652	2
CP142623.1	361652	361817	1
CP142623.1	361817	361819	0
CP142623.1	361819	361833	1
CP142623.1	361833	361961	2
CP142623.1	361961	361971	3
CP142623.1	361971	361996	4
CP142623.1	361996	362002	3
CP142623.1	362002	362035	4
CP142623.1	362035	362048	3
CP142623.1	362048	362087	2
CP142623.1	362087	362093	1
CP142623.1	362093	362095	0
CP142623.1	362095	362144	1
CP142623.1	362144	362190	0
CP142623.1	362190	362206	1
CP142623.1	362206	362250	2
CP142623.1	362250	362276	1
CP142623.1	362276	362325	2
CP142623.1	362325	362326	1
CP142623.1	362326	362347	2
CP142623.1	362347	362425	3
CP142623.1	362425	362442	2
CP142623.1	362442	362444	1
CP142623.1	362444	362468	2
CP142623.1	362468	362470	1
CP142623.1	362470	362485	2
CP142623.1	362485	362486	1
CP142623.1	362486	362510	2
CP142623.1	362510	362556	1
CP142623.1	362556	362630	2
CP142623.1	362630	362632	1
CP142623.1	362632	362775	2
CP142623.1	362775	362820	1
CP142623.1	362820	362857	0
CP142623.1	362857	362945	1
CP142623.1	362945	362954	2
CP142623.1	362954	362995	1
CP142623.1	362995	363006	2
CP142623.1	363006	363058	3
CP142623.1	363058	363084	2
CP142623.1	363084	363093	3
CP142623.1	363093	363126	2
CP142623.1	363126	363170	3
CP142623.1	363170	363171	2
CP142623.1	363171	363176	3
CP142623.1	363176	363186	2
CP142623.1	363186	363219	1
CP142623.1	363219	363228	2
CP142623.1	363228	363318	1
CP142623.1	363318	363320	0
CP142623.1	363320	363338	1
CP142623.1	363338	363403	2
CP142623.1	363403	363448	1
CP142623.1	363448	363551	0
CP142623.1	363551	363650	1
CP142623.1	363650	363656	0
CP142623.1	363656	363664	1
CP142623.1	363664	363779	2
CP142623.1	363779	363780	1
CP142623.1	363780	363785	2
CP142623.1	363785	363787	3
CP142623.1	363787	363798	4
CP142623.1	363798	363804	3
CP142623.1	363804	363813	2
CP142623.1	363813	363893	3
CP142623.1	363893	363894	4
CP142623.1	363894	363896	3
CP142623.1	363896	363935	4
CP142623.1	363935	363978	3
CP142623.1	363978	364027	2
CP142623.1	364027	364117	3
CP142623.1	364117	364133	4
CP142623.1	364133	364169	5
CP142623.1	364169	364181	4
CP142623.1	364181	364186	5
CP142623.1	364186	364275	4
CP142623.1	364275	364299	3
CP142623.1	364299	364301	4
CP142623.1	364301	364304	3
CP142623.1	364304	364310	4
CP142623.1	364310	364311	2
CP142623.1	364311	364332	4
CP142623.1	364332	364426	3
CP142623.1	364426	364433	2
CP142623.1	364433	364435	1
CP142623.1	364435	364469	2
CP142623.1	364469	364477	3
CP142623.1	364477	364510	2
CP142623.1	364510	364577	1
CP142623.1	364577	364578	0
CP142623.1	364578	364625	1
CP142623.1	364625	364628	2
CP142623.1	364628	364646	1
CP142623.1	364646	364677	2
CP142623.1	364677	364694	3
CP142623.1	364694	364707	2
CP142623.1	364707	364790	3
CP142623.1	364790	364841	2
CP142623.1	364841	364845	1
CP142623.1	364845	364869	0
CP142623.1	364869	364903	1
CP142623.1	364903	364905	2
CP142623.1	364905	364953	3
CP142623.1	364953	365027	2
CP142623.1	365027	365052	1
CP142623.1	365052	365090	2
CP142623.1	365090	365137	1
CP142623.1	365137	365183	2
CP142623.1	365183	365194	3
CP142623.1	365194	365235	4
CP142623.1	365235	365259	3
CP142623.1	365259	365301	2
CP142623.1	365301	365383	1
CP142623.1	365383	365408	0
CP142623.1	365408	365464	1
CP142623.1	365464	365518	0
CP142623.1	365518	365520	1
CP142623.1	365520	365550	2
CP142623.1	365550	365600	3
CP142623.1	365600	365609	2
CP142623.1	365609	365667	3
CP142623.1	365667	365685	2
CP142623.1	365685	365709	3
CP142623.1	365709	365716	2
CP142623.1	365716	365732	1
CP142623.1	365732	365752	2
CP142623.1	365752	365753	1
CP142623.1	365753	365819	2
CP142623.1	365819	365825	1
CP142623.1	365825	365864	0
CP142623.1	365864	365904	1
CP142623.1	365904	365905	0
CP142623.1	365905	365940	1
CP142623.1	365940	365941	0
CP142623.1	365941	365958	1
CP142623.1	365958	365966	2
CP142623.1	365966	365967	1
CP142623.1	365967	365978	2
CP142623.1	365978	366023	3
CP142623.1	366023	366047	2
CP142623.1	366047	366049	1
CP142623.1	366049	366072	2
CP142623.1	366072	366107	1
CP142623.1	366107	366237	0
CP142623.1	366237	366241	1
CP142623.1	366241	366290	2
CP142623.1	366290	366292	3
CP142623.1	366292	366296	4
CP142623.1	366296	366314	3
CP142623.1	366314	366315	4
CP142623.1	366315	366334	5
CP142623.1	366334	366348	6
CP142623.1	366348	366363	5
CP142623.1	366363	366422	4
CP142623.1	366422	366450	3
CP142623.1	366450	366451	1
CP142623.1	366451	366533	3
CP142623.1	366533	366536	2
CP142623.1	366536	366542	1
CP142623.1	366542	366543	0
CP142623.1	366543	366573	1
CP142623.1	366573	366660	0
CP142623.1	366660	366750	1
CP142623.1	366750	366768	2
CP142623.1	366768	366769	1
CP142623.1	366769	366814	2
CP142623.1	366814	366842	1
CP142623.1	366842	366843	2
CP142623.1	366843	366857	1
CP142623.1	366857	366915	2
CP142623.1	366915	366916	1
CP142623.1	366916	366949	2
CP142623.1	366949	366998	3
CP142623.1	366998	367039	2
CP142623.1	367039	367048	3
CP142623.1	367048	367055	2
CP142623.1	367055	367070	1
CP142623.1	367070	367124	2
CP142623.1	367124	367127	3
CP142623.1	367127	367186	2
CP142623.1	367186	367238	1
CP142623.1	367238	367240	0
CP142623.1	367240	367332	1
CP142623.1	367332	367463	2
CP142623.1	367463	367466	3
CP142623.1	367466	367481	2
CP142623.1	367481	367505	3
CP142623.1	367505	367506	2
CP142623.1	367506	367524	3
CP142623.1	367524	367528	2
CP142623.1	367528	367537	3
CP142623.1	367537	367556	2
CP142623.1	367556	367634	1
CP142623.1	367634	367635	0
CP142623.1	367635	367666	1
CP142623.1	367666	367730	2
CP142623.1	367730	367733	1
CP142623.1	367733	367736	0
CP142623.1	367736	367781	1
CP142623.1	367781	367783	0
CP142623.1	367783	367851	1
CP142623.1	367851	367852	0
CP142623.1	367852	367939	1
CP142623.1	367939	367988	0
CP142623.1	367988	368054	1
CP142623.1	368054	368057	0
CP142623.1	368057	368111	1
CP142623.1	368111	368112	0
CP142623.1	368112	368129	1
CP142623.1	368129	368351	0
CP142623.1	368351	368370	1
CP142623.1	368370	368373	0
CP142623.1	368373	368407	1
CP142623.1	368407	368419	0
CP142623.1	368419	368450	1
CP142623.1	368450	368485	2
CP142623.1	368485	368543	1
CP142623.1	368543	368554	2
CP142623.1	368554	368567	1
CP142623.1	368567	368576	2
CP142623.1	368576	368630	3
CP142623.1	368630	368650	4
CP142623.1	368650	368651	3
CP142623.1	368651	368664	4
CP142623.1	368664	368670	3
CP142623.1	368670	368671	2
CP142623.1	368671	368686	3
CP142623.1	368686	368694	2
CP142623.1	368694	368719	1
CP142623.1	368719	368827	0
CP142623.1	368827	368859	1
CP142623.1	368859	368860	0
CP142623.1	368860	368897	1
CP142623.1	368897	368938	0
CP142623.1	368938	369090	1
CP142623.1	369090	369091	2
CP142623.1	369091	369113	3
CP142623.1	369113	369185	2
CP142623.1	369185	369242	1
CP142623.1	369242	369298	0
CP142623.1	369298	369301	1
CP142623.1	369301	369302	0
CP142623.1	369302	369374	1
CP142623.1	369374	369399	0
CP142623.1	369399	369472	1
CP142623.1	369472	369572	0
CP142623.1	369572	369651	1
CP142623.1	369651	369737	0
CP142623.1	369737	369956	1
CP142623.1	369956	369972	2
CP142623.1	369972	370008	3
CP142623.1	370008	370014	2
CP142623.1	370014	370031	3
CP142623.1	370031	370083	2
CP142623.1	370083	370100	3
CP142623.1	370100	370101	1
CP142623.1	370101	370131	3
CP142623.1	370131	370146	4
CP142623.1	370146	370152	3
CP142623.1	370152	370155	2
CP142623.1	370155	370177	3
CP142623.1	370177	370204	2
CP142623.1	370204	370322	1
CP142623.1	370322	370323	2
CP142623.1	370323	370331	1
CP142623.1	370331	370392	2
CP142623.1	370392	370409	1
CP142623.1	370409	370418	2
CP142623.1	370418	370445	3
CP142623.1	370445	370446	2
CP142623.1	370446	370498	4
CP142623.1	370498	370509	3
CP142623.1	370509	370510	1
CP142623.1	370510	370529	4
CP142623.1	370529	370557	3
CP142623.1	370557	370559	2
CP142623.1	370559	370578	3
CP142623.1	370578	370603	2
CP142623.1	370603	370624	1
CP142623.1	370624	370666	0
CP142623.1	370666	370747	1
CP142623.1	370747	370759	0
CP142623.1	370759	370769	1
CP142623.1	370769	370895	2
CP142623.1	370895	370896	1
CP142623.1	370896	370931	2
CP142623.1	370931	370932	1
CP142623.1	370932	370944	2
CP142623.1	370944	370945	1
CP142623.1	370945	370987	2
CP142623.1	370987	371026	1
CP142623.1	371026	371053	0
CP142623.1	371053	371080	1
CP142623.1	371080	371117	2
CP142623.1	371117	371118	1
CP142623.1	371118	371121	2
CP142623.1	371121	371132	3
CP142623.1	371132	371144	2
CP142623.1	371144	371206	3
CP142623.1	371206	371217	2
CP142623.1	371217	371226	3
CP142623.1	371226	371227	2
CP142623.1	371227	371274	3
CP142623.1	371274	371292	4
CP142623.1	371292	371297	3
CP142623.1	371297	371304	2
CP142623.1	371304	371324	3
CP142623.1	371324	371363	2
CP142623.1	371363	371411	1
CP142623.1	371411	371574	0
CP142623.1	371574	371575	1
CP142623.1	371575	371706	2
CP142623.1	371706	371720	1
CP142623.1	371720	371773	0
CP142623.1	371773	371782	1
CP142623.1	371782	371792	2
CP142623.1	371792	371847	3
CP142623.1	371847	371941	2
CP142623.1	371941	372026	1
CP142623.1	372026	372029	0
CP142623.1	372029	372084	1
CP142623.1	372084	372090	0
CP142623.1	372090	372117	1
CP142623.1	372117	372124	2
CP142623.1	372124	372125	1
CP142623.1	372125	372130	2
CP142623.1	372130	372174	3
CP142623.1	372174	372222	4
CP142623.1	372222	372226	5
CP142623.1	372226	372237	4
CP142623.1	372237	372269	3
CP142623.1	372269	372283	2
CP142623.1	372283	372331	1
CP142623.1	372331	372333	0
CP142623.1	372333	372427	1
CP142623.1	372427	372474	2
CP142623.1	372474	372475	1
CP142623.1	372475	372485	2
CP142623.1	372485	372502	1
CP142623.1	372502	372526	0
CP142623.1	372526	372529	1
CP142623.1	372529	372561	2
CP142623.1	372561	372611	3
CP142623.1	372611	372618	4
CP142623.1	372618	372646	3
CP142623.1	372646	372655	4
CP142623.1	372655	372660	5
CP142623.1	372660	372661	4
CP142623.1	372661	372666	5
CP142623.1	372666	372671	6
CP142623.1	372671	372712	7
CP142623.1	372712	372717	6
CP142623.1	372717	372761	5
CP142623.1	372761	372775	4
CP142623.1	372775	372906	2
CP142623.1	372906	373053	1
CP142623.1	373053	373143	0
CP142623.1	373143	373166	1
CP142623.1	373166	373170	2
CP142623.1	373170	373218	3
CP142623.1	373218	373241	2
CP142623.1	373241	373291	3
CP142623.1	373291	373297	2
CP142623.1	373297	373340	3
CP142623.1	373340	373414	2
CP142623.1	373414	373439	1
CP142623.1	373439	373442	0
CP142623.1	373442	373458	1
CP142623.1	373458	373519	2
CP142623.1	373519	373604	3
CP142623.1	373604	373605	2
CP142623.1	373605	373659	3
CP142623.1	373659	373693	2
CP142623.1	373693	373694	1
CP142623.1	373694	373752	2
CP142623.1	373752	373755	1
CP142623.1	373755	373759	2
CP142623.1	373759	373764	3
CP142623.1	373764	373766	2
CP142623.1	373766	373780	3
CP142623.1	373780	373827	2
CP142623.1	373827	373830	1
CP142623.1	373830	373880	2
CP142623.1	373880	373920	3
CP142623.1	373920	373923	2
CP142623.1	373923	373936	3
CP142623.1	373936	373937	2
CP142623.1	373937	373966	3
CP142623.1	373966	373967	2
CP142623.1	373967	373976	3
CP142623.1	373976	373983	2
CP142623.1	373983	373987	3
CP142623.1	373987	373990	2
CP142623.1	373990	374002	3
CP142623.1	374002	374006	2
CP142623.1	374006	374012	1
CP142623.1	374012	374013	2
CP142623.1	374013	374023	3
CP142623.1	374023	374049	2
CP142623.1	374049	374051	1
CP142623.1	374051	374068	0
CP142623.1	374068	374113	1
CP142623.1	374113	374161	2
CP142623.1	374161	374174	1
CP142623.1	374174	374197	0
CP142623.1	374197	374228	1
CP142623.1	374228	374231	0
CP142623.1	374231	374263	1
CP142623.1	374263	374266	0
CP142623.1	374266	374275	1
CP142623.1	374275	374335	2
CP142623.1	374335	374348	1
CP142623.1	374348	374357	2
CP142623.1	374357	374435	3
CP142623.1	374435	374438	1
CP142623.1	374438	374492	2
CP142623.1	374492	374518	1
CP142623.1	374518	374597	0
CP142623.1	374597	374658	1
CP142623.1	374658	374659	0
CP142623.1	374659	374670	1
CP142623.1	374670	374678	2
CP142623.1	374678	374895	1
CP142623.1	374895	374901	0
CP142623.1	374901	375043	1
CP142623.1	375043	375060	2
CP142623.1	375060	375062	1
CP142623.1	375062	375103	2
CP142623.1	375103	375117	1
CP142623.1	375117	375130	0
CP142623.1	375130	375138	1
CP142623.1	375138	375205	2
CP142623.1	375205	375248	1
CP142623.1	375248	375313	2
CP142623.1	375313	375315	1
CP142623.1	375315	375391	2
CP142623.1	375391	375399	3
CP142623.1	375399	375446	2
CP142623.1	375446	375497	3
CP142623.1	375497	375509	2
CP142623.1	375509	375518	1
CP142623.1	375518	375524	2
CP142623.1	375524	375534	1
CP142623.1	375534	375538	2
CP142623.1	375538	375569	3
CP142623.1	375569	375570	2
CP142623.1	375570	375582	3
CP142623.1	375582	375603	4
CP142623.1	375603	375612	5
CP142623.1	375612	375615	4
CP142623.1	375615	375644	5
CP142623.1	375644	375653	4
CP142623.1	375653	375665	3
CP142623.1	375665	375667	2
CP142623.1	375667	375668	0
CP142623.1	375668	375669	2
CP142623.1	375669	375705	3
CP142623.1	375705	375719	4
CP142623.1	375719	375730	3
CP142623.1	375730	375789	2
CP142623.1	375789	375798	1
CP142623.1	375798	375804	2
CP142623.1	375804	375805	1
CP142623.1	375805	375925	2
CP142623.1	375925	375951	1
CP142623.1	375951	375984	0
CP142623.1	375984	376009	1
CP142623.1	376009	376058	2
CP142623.1	376058	376067	1
CP142623.1	376067	376089	2
CP142623.1	376089	376188	1
CP142623.1	376188	376201	2
CP142623.1	376201	376209	3
CP142623.1	376209	376249	4
CP142623.1	376249	376262	3
CP142623.1	376262	376283	2
CP142623.1	376283	376330	1
CP142623.1	376330	376606	0
CP142623.1	376606	376675	1
CP142623.1	376675	376679	0
CP142623.1	376679	376767	1
CP142623.1	376767	376768	0
CP142623.1	376768	376777	1
CP142623.1	376777	376778	0
CP142623.1	376778	376823	1
CP142623.1	376823	376842	0
CP142623.1	376842	376884	1
CP142623.1	376884	376949	2
CP142623.1	376949	376985	3
CP142623.1	376985	376999	4
CP142623.1	376999	377003	3
CP142623.1	377003	377041	2
CP142623.1	377041	377047	1
CP142623.1	377047	377059	0
CP142623.1	377059	377115	1
CP142623.1	377115	377249	0
CP142623.1	377249	377251	1
CP142623.1	377251	377305	2
CP142623.1	377305	377316	1
CP142623.1	377316	377320	2
CP142623.1	377320	377396	1
CP142623.1	377396	377424	2
CP142623.1	377424	377474	1
CP142623.1	377474	377498	2
CP142623.1	377498	377499	1
CP142623.1	377499	377518	2
CP142623.1	377518	377661	1
CP142623.1	377661	377701	2
CP142623.1	377701	377715	1
CP142623.1	377715	377751	0
CP142623.1	377751	377771	1
CP142623.1	377771	377777	0
CP142623.1	377777	377810	1
CP142623.1	377810	377812	0
CP142623.1	377812	377821	1
CP142623.1	377821	377866	2
CP142623.1	377866	377935	1
CP142623.1	377935	377987	0
CP142623.1	377987	378054	1
CP142623.1	378054	378060	2
CP142623.1	378060	378070	1
CP142623.1	378070	378093	2
CP142623.1	378093	378109	3
CP142623.1	378109	378111	2
CP142623.1	378111	378117	3
CP142623.1	378117	378122	2
CP142623.1	378122	378123	1
CP142623.1	378123	378151	2
CP142623.1	378151	378152	1
CP142623.1	378152	378157	2
CP142623.1	378157	378442	1
CP142623.1	378442	378443	0
CP142623.1	378443	378506	1
CP142623.1	378506	378561	0
CP142623.1	378561	378563	1
CP142623.1	378563	378573	2
CP142623.1	378573	378620	3
CP142623.1	378620	378621	2
CP142623.1	378621	378622	1
CP142623.1	378622	378623	2
CP142623.1	378623	378647	3
CP142623.1	378647	378663	2
CP142623.1	378663	378694	1
CP142623.1	378694	378820	2
CP142623.1	378820	378858	3
CP142623.1	378858	378862	2
CP142623.1	378862	378863	3
CP142623.1	378863	378930	2
CP142623.1	378930	378956	3
CP142623.1	378956	379054	2
CP142623.1	379054	379066	3
CP142623.1	379066	379076	2
CP142623.1	379076	379096	3
CP142623.1	379096	379136	2
CP142623.1	379136	379138	1
CP142623.1	379138	379160	2
CP142623.1	379160	379178	1
CP142623.1	379178	379183	2
CP142623.1	379183	379184	1
CP142623.1	379184	379216	2
CP142623.1	379216	379218	1
CP142623.1	379218	379249	2
CP142623.1	379249	379310	1
CP142623.1	379310	379340	2
CP142623.1	379340	379350	1
CP142623.1	379350	379351	0
CP142623.1	379351	379355	1
CP142623.1	379355	379362	2
CP142623.1	379362	379380	3
CP142623.1	379380	379400	4
CP142623.1	379400	379402	3
CP142623.1	379402	379405	4
CP142623.1	379405	379442	2
CP142623.1	379442	379455	1
CP142623.1	379455	379460	2
CP142623.1	379460	379464	1
CP142623.1	379464	379486	2
CP142623.1	379486	379490	1
CP142623.1	379490	379491	0
CP142623.1	379491	379533	1
CP142623.1	379533	379819	0
CP142623.1	379819	379863	1
CP142623.1	379863	379867	2
CP142623.1	379867	379869	3
CP142623.1	379869	379901	2
CP142623.1	379901	379905	3
CP142623.1	379905	379955	4
CP142623.1	379955	379970	3
CP142623.1	379970	379995	2
CP142623.1	379995	379996	1
CP142623.1	379996	380019	2
CP142623.1	380019	380061	3
CP142623.1	380061	380065	2
CP142623.1	380065	380066	1
CP142623.1	380066	380112	2
CP142623.1	380112	380154	1
CP142623.1	380154	380311	0
CP142623.1	380311	380572	1
CP142623.1	380572	380573	0
CP142623.1	380573	380582	1
CP142623.1	380582	380681	0
CP142623.1	380681	380834	1
CP142623.1	380834	380846	2
CP142623.1	380846	380902	3
CP142623.1	380902	380903	2
CP142623.1	380903	380914	3
CP142623.1	380914	380936	4
CP142623.1	380936	380937	3
CP142623.1	380937	380950	4
CP142623.1	380950	380954	5
CP142623.1	380954	380955	4
CP142623.1	380955	380982	3
CP142623.1	380982	380991	2
CP142623.1	380991	381064	3
CP142623.1	381064	381080	2
CP142623.1	381080	381114	1
CP142623.1	381114	381146	0
CP142623.1	381146	381181	1
CP142623.1	381181	381182	0
CP142623.1	381182	381313	1
CP142623.1	381313	381314	0
CP142623.1	381314	381467	1
CP142623.1	381467	381602	0
CP142623.1	381602	381714	1
CP142623.1	381714	381840	2
CP142623.1	381840	381877	3
CP142623.1	381877	381893	2
CP142623.1	381893	382075	1
CP142623.1	382075	382111	2
CP142623.1	382111	382132	1
CP142623.1	382132	382171	2
CP142623.1	382171	382172	1
CP142623.1	382172	382181	2
CP142623.1	382181	382187	1
CP142623.1	382187	382254	2
CP142623.1	382254	382258	1
CP142623.1	382258	382269	2
CP142623.1	382269	382277	1
CP142623.1	382277	382298	2
CP142623.1	382298	382328	3
CP142623.1	382328	382329	2
CP142623.1	382329	382350	3
CP142623.1	382350	382447	4
CP142623.1	382447	382490	5
CP142623.1	382490	382529	4
CP142623.1	382529	382547	5
CP142623.1	382547	382557	6
CP142623.1	382557	382566	5
CP142623.1	382566	382567	4
CP142623.1	382567	382570	3
CP142623.1	382570	382581	4
CP142623.1	382581	382600	5
CP142623.1	382600	382604	4
CP142623.1	382604	382630	3
CP142623.1	382630	382638	4
CP142623.1	382638	382669	3
CP142623.1	382669	382685	2
CP142623.1	382685	382686	1
CP142623.1	382686	382687	0
CP142623.1	382687	382690	1
CP142623.1	382690	382767	2
CP142623.1	382767	382769	0
CP142623.1	382769	382790	3
CP142623.1	382790	382811	2
CP142623.1	382811	382929	1
CP142623.1	382929	383050	0
CP142623.1	383050	383132	1
CP142623.1	383132	383163	0
CP142623.1	383163	383235	1
CP142623.1	383235	383279	0
CP142623.1	383279	383364	1
CP142623.1	383364	383369	0
CP142623.1	383369	383381	1
CP142623.1	383381	383441	2
CP142623.1	383441	383494	1
CP142623.1	383494	383508	0
CP142623.1	383508	383588	1
CP142623.1	383588	383619	2
CP142623.1	383619	383638	3
CP142623.1	383638	383656	2
CP142623.1	383656	383657	1
CP142623.1	383657	383673	2
CP142623.1	383673	383674	1
CP142623.1	383674	383940	0
CP142623.1	383940	384076	1
CP142623.1	384076	384134	2
CP142623.1	384134	384139	3
CP142623.1	384139	384146	2
CP142623.1	384146	384179	3
CP142623.1	384179	384198	4
CP142623.1	384198	384199	3
CP142623.1	384199	384228	4
CP142623.1	384228	384242	3
CP142623.1	384242	384251	2
CP142623.1	384251	384277	3
CP142623.1	384277	384347	2
CP142623.1	384347	384376	1
CP142623.1	384376	384477	2
CP142623.1	384477	384495	3
CP142623.1	384495	384520	4
CP142623.1	384520	384521	3
CP142623.1	384521	384540	4
CP142623.1	384540	384568	5
CP142623.1	384568	384580	4
CP142623.1	384580	384582	5
CP142623.1	384582	384618	6
CP142623.1	384618	384624	5
CP142623.1	384624	384629	4
CP142623.1	384629	384650	5
CP142623.1	384650	384659	4
CP142623.1	384659	384662	5
CP142623.1	384662	384669	4
CP142623.1	384669	384676	3
CP142623.1	384676	384705	2
CP142623.1	384705	384723	1
CP142623.1	384723	384743	2
CP142623.1	384743	384805	1
CP142623.1	384805	384833	0
CP142623.1	384833	384902	1
CP142623.1	384902	384940	2
CP142623.1	384940	385011	1
CP142623.1	385011	385047	2
CP142623.1	385047	385145	3
CP142623.1	385145	385161	2
CP142623.1	385161	385193	1
CP142623.1	385193	385288	0
CP142623.1	385288	385454	1
CP142623.1	385454	385455	0
CP142623.1	385455	385487	1
CP142623.1	385487	385514	2
CP142623.1	385514	385520	1
CP142623.1	385520	385522	2
CP142623.1	385522	385541	3
CP142623.1	385541	385562	2
CP142623.1	385562	385575	3
CP142623.1	385575	385617	2
CP142623.1	385617	385618	0
CP142623.1	385618	385622	2
CP142623.1	385622	385631	3
CP142623.1	385631	385634	2
CP142623.1	385634	385682	3
CP142623.1	385682	385683	2
CP142623.1	385683	385711	3
CP142623.1	385711	385749	4
CP142623.1	385749	385774	3
CP142623.1	385774	385817	2
CP142623.1	385817	385858	1
CP142623.1	385858	385872	0
CP142623.1	385872	385943	1
CP142623.1	385943	385944	0
CP142623.1	385944	385971	1
CP142623.1	385971	385978	0
CP142623.1	385978	385998	1
CP142623.1	385998	386000	0
CP142623.1	386000	386167	1
CP142623.1	386167	386237	2
CP142623.1	386237	386253	1
CP142623.1	386253	386287	2
CP142623.1	386287	386290	1
CP142623.1	386290	386301	2
CP142623.1	386301	386325	1
CP142623.1	386325	386347	2
CP142623.1	386347	386429	3
CP142623.1	386429	386434	4
CP142623.1	386434	386457	3
CP142623.1	386457	386461	2
CP142623.1	386461	386464	0
CP142623.1	386464	386489	2
CP142623.1	386489	386535	1
CP142623.1	386535	386577	0
CP142623.1	386577	386595	1
CP142623.1	386595	386638	2
CP142623.1	386638	386654	3
CP142623.1	386654	386655	2
CP142623.1	386655	386679	3
CP142623.1	386679	386703	4
CP142623.1	386703	386704	3
CP142623.1	386704	386735	4
CP142623.1	386735	386758	3
CP142623.1	386758	386777	4
CP142623.1	386777	386820	3
CP142623.1	386820	386844	2
CP142623.1	386844	386852	1
CP142623.1	386852	386887	0
CP142623.1	386887	387079	1
CP142623.1	387079	387082	0
CP142623.1	387082	387199	1
CP142623.1	387199	387224	2
CP142623.1	387224	387249	3
CP142623.1	387249	387282	2
CP142623.1	387282	387355	1
CP142623.1	387355	387414	2
CP142623.1	387414	387476	3
CP142623.1	387476	387485	2
CP142623.1	387485	387490	3
CP142623.1	387490	387491	2
CP142623.1	387491	387566	3
CP142623.1	387566	387586	4
CP142623.1	387586	387613	3
CP142623.1	387613	387635	4
CP142623.1	387635	387643	3
CP142623.1	387643	387705	2
CP142623.1	387705	387764	3
CP142623.1	387764	387768	2
CP142623.1	387768	387782	3
CP142623.1	387782	387792	2
CP142623.1	387792	387805	3
CP142623.1	387805	387821	4
CP142623.1	387821	387823	3
CP142623.1	387823	387915	4
CP142623.1	387915	387921	3
CP142623.1	387921	387934	4
CP142623.1	387934	387947	3
CP142623.1	387947	388000	4
CP142623.1	388000	388024	5
CP142623.1	388024	388061	4
CP142623.1	388061	388062	3
CP142623.1	388062	388063	2
CP142623.1	388063	388064	3
CP142623.1	388064	388097	4
CP142623.1	388097	388105	3
CP142623.1	388105	388165	2
CP142623.1	388165	388195	3
CP142623.1	388195	388197	2
CP142623.1	388197	388199	1
CP142623.1	388199	388200	2
CP142623.1	388200	388325	1
CP142623.1	388325	388621	0
CP142623.1	388621	388638	1
CP142623.1	388638	388799	2
CP142623.1	388799	388813	1
CP142623.1	388813	388906	0
CP142623.1	388906	388937	1
CP142623.1	388937	388939	0
CP142623.1	388939	388946	1
CP142623.1	388946	389014	2
CP142623.1	389014	389060	3
CP142623.1	389060	389120	2
CP142623.1	389120	389122	0
CP142623.1	389122	389123	1
CP142623.1	389123	389124	2
CP142623.1	389124	389153	3
CP142623.1	389153	389164	4
CP142623.1	389164	389189	3
CP142623.1	389189	389200	2
CP142623.1	389200	389206	3
CP142623.1	389206	389221	2
CP142623.1	389221	389283	1
CP142623.1	389283	389303	2
CP142623.1	389303	389343	3
CP142623.1	389343	389369	4
CP142623.1	389369	389417	3
CP142623.1	389417	389423	2
CP142623.1	389423	389427	1
CP142623.1	389427	389478	2
CP142623.1	389478	389508	1
CP142623.1	389508	389576	0
CP142623.1	389576	389579	1
CP142623.1	389579	389580	0
CP142623.1	389580	389656	1
CP142623.1	389656	389665	2
CP142623.1	389665	389666	1
CP142623.1	389666	389708	2
CP142623.1	389708	389727	1
CP142623.1	389727	389855	0
CP142623.1	389855	389920	1
CP142623.1	389920	389982	2
CP142623.1	389982	390073	1
CP142623.1	390073	390095	0
CP142623.1	390095	390155	1
CP142623.1	390155	390395	0
CP142623.1	390395	390499	1
CP142623.1	390499	390594	2
CP142623.1	390594	390595	1
CP142623.1	390595	390600	2
CP142623.1	390600	390675	1
CP142623.1	390675	390690	0
CP142623.1	390690	390712	1
CP142623.1	390712	390776	2
CP142623.1	390776	390814	3
CP142623.1	390814	390850	4
CP142623.1	390850	390880	3
CP142623.1	390880	390918	4
CP142623.1	390918	390923	5
CP142623.1	390923	390924	3
CP142623.1	390924	390944	5
CP142623.1	390944	391011	4
CP142623.1	391011	391080	3
CP142623.1	391080	391083	2
CP142623.1	391083	391084	3
CP142623.1	391084	391094	2
CP142623.1	391094	391096	1
CP142623.1	391096	391118	2
CP142623.1	391118	391123	3
CP142623.1	391123	391130	2
CP142623.1	391130	391131	1
CP142623.1	391131	391155	2
CP142623.1	391155	391208	1
CP142623.1	391208	391227	2
CP142623.1	391227	391229	3
CP142623.1	391229	391239	2
CP142623.1	391239	391240	1
CP142623.1	391240	391273	2
CP142623.1	391273	391274	1
CP142623.1	391274	391276	2
CP142623.1	391276	391287	3
CP142623.1	391287	391359	4
CP142623.1	391359	391383	3
CP142623.1	391383	391412	2
CP142623.1	391412	391423	1
CP142623.1	391423	391490	2
CP142623.1	391490	391491	1
CP142623.1	391491	391502	2
CP142623.1	391502	391503	1
CP142623.1	391503	391509	2
CP142623.1	391509	391528	1
CP142623.1	391528	391655	2
CP142623.1	391655	391657	1
CP142623.1	391657	391718	2
CP142623.1	391718	391719	1
CP142623.1	391719	391803	2
CP142623.1	391803	391808	1
CP142623.1	391808	391811	0
CP142623.1	391811	391825	1
CP142623.1	391825	391826	0
CP142623.1	391826	391869	1
CP142623.1	391869	391923	0
CP142623.1	391923	391968	1
CP142623.1	391968	391983	0
CP142623.1	391983	392014	1
CP142623.1	392014	392015	0
CP142623.1	392015	392018	1
CP142623.1	392018	392036	2
CP142623.1	392036	392037	1
CP142623.1	392037	392070	2
CP142623.1	392070	392122	1
CP142623.1	392122	392272	2
CP142623.1	392272	392308	3
CP142623.1	392308	392375	2
CP142623.1	392375	392397	3
CP142623.1	392397	392442	4
CP142623.1	392442	392453	3
CP142623.1	392453	392454	2
CP142623.1	392454	392463	3
CP142623.1	392463	392475	2
CP142623.1	392475	392546	1
CP142623.1	392546	392618	0
CP142623.1	392618	392749	1
CP142623.1	392749	392750	0
CP142623.1	392750	392827	1
CP142623.1	392827	392868	0
CP142623.1	392868	392942	1
CP142623.1	392942	392955	2
CP142623.1	392955	392957	1
CP142623.1	392957	393018	2
CP142623.1	393018	393026	3
CP142623.1	393026	393048	2
CP142623.1	393048	393050	1
CP142623.1	393050	393063	2
CP142623.1	393063	393068	1
CP142623.1	393068	393069	0
CP142623.1	393069	393113	1
CP142623.1	393113	393141	0
CP142623.1	393141	393169	1
CP142623.1	393169	393184	2
CP142623.1	393184	393203	1
CP142623.1	393203	393228	2
CP142623.1	393228	393247	3
CP142623.1	393247	393248	2
CP142623.1	393248	393250	3
CP142623.1	393250	393293	4
CP142623.1	393293	393328	5
CP142623.1	393328	393338	4
CP142623.1	393338	393377	3
CP142623.1	393377	393379	2
CP142623.1	393379	393387	3
CP142623.1	393387	393476	2
CP142623.1	393476	393488	1
CP142623.1	393488	393515	2
CP142623.1	393515	393516	1
CP142623.1	393516	393590	2
CP142623.1	393590	393610	1
CP142623.1	393610	393701	0
CP142623.1	393701	393707	1
CP142623.1	393707	393708	2
CP142623.1	393708	393731	3
CP142623.1	393731	393734	2
CP142623.1	393734	393744	3
CP142623.1	393744	393745	2
CP142623.1	393745	393778	3
CP142623.1	393778	393781	2
CP142623.1	393781	393799	3
CP142623.1	393799	393800	1
CP142623.1	393800	393831	2
CP142623.1	393831	393889	1
CP142623.1	393889	393896	0
CP142623.1	393896	393947	1
CP142623.1	393947	393967	2
CP142623.1	393967	393978	3
CP142623.1	393978	393981	4
CP142623.1	393981	394006	5
CP142623.1	394006	394007	4
CP142623.1	394007	394014	5
CP142623.1	394014	394023	4
CP142623.1	394023	394025	5
CP142623.1	394025	394092	6
CP142623.1	394092	394093	4
CP142623.1	394093	394095	2
CP142623.1	394095	394097	4
CP142623.1	394097	394099	6
CP142623.1	394099	394105	5
CP142623.1	394105	394128	6
CP142623.1	394128	394134	5
CP142623.1	394134	394137	6
CP142623.1	394137	394156	5
CP142623.1	394156	394157	4
CP142623.1	394157	394190	3
CP142623.1	394190	394215	2
CP142623.1	394215	394372	1
CP142623.1	394372	394477	2
CP142623.1	394477	394517	1
CP142623.1	394517	394548	2
CP142623.1	394548	394549	1
CP142623.1	394549	394645	2
CP142623.1	394645	394653	1
CP142623.1	394653	394751	2
CP142623.1	394751	394809	1
CP142623.1	394809	394879	2
CP142623.1	394879	394932	3
CP142623.1	394932	394943	2
CP142623.1	394943	394953	1
CP142623.1	394953	394954	0
CP142623.1	394954	394985	1
CP142623.1	394985	395065	0
CP142623.1	395065	395144	1
CP142623.1	395144	395199	2
CP142623.1	395199	395206	3
CP142623.1	395206	395255	2
CP142623.1	395255	395311	1
CP142623.1	395311	395318	0
CP142623.1	395318	395392	1
CP142623.1	395392	395418	2
CP142623.1	395418	395442	3
CP142623.1	395442	395446	2
CP142623.1	395446	395470	1
CP142623.1	395470	395539	2
CP142623.1	395539	395578	1
CP142623.1	395578	395624	2
CP142623.1	395624	395690	1
CP142623.1	395690	395791	0
CP142623.1	395791	395793	1
CP142623.1	395793	395817	2
CP142623.1	395817	395818	1
CP142623.1	395818	395823	2
CP142623.1	395823	395838	1
CP142623.1	395838	395857	2
CP142623.1	395857	395864	1
CP142623.1	395864	395913	2
CP142623.1	395913	395957	3
CP142623.1	395957	395977	2
CP142623.1	395977	396037	1
CP142623.1	396037	396055	0
CP142623.1	396055	396128	1
CP142623.1	396128	396131	2
CP142623.1	396131	396189	1
CP142623.1	396189	396206	2
CP142623.1	396206	396209	3
CP142623.1	396209	396221	2
CP142623.1	396221	396271	3
CP142623.1	396271	396313	2
CP142623.1	396313	396319	3
CP142623.1	396319	396320	2
CP142623.1	396320	396338	3
CP142623.1	396338	396355	2
CP142623.1	396355	396373	3
CP142623.1	396373	396374	2
CP142623.1	396374	396402	3
CP142623.1	396402	396416	4
CP142623.1	396416	396419	3
CP142623.1	396419	396453	2
CP142623.1	396453	396505	1
CP142623.1	396505	396598	2
CP142623.1	396598	396615	1
CP142623.1	396615	396683	2
CP142623.1	396683	396684	1
CP142623.1	396684	396757	0
CP142623.1	396757	396779	1
CP142623.1	396779	396780	0
CP142623.1	396780	396819	1
CP142623.1	396819	396944	2
CP142623.1	396944	396965	1
CP142623.1	396965	397040	2
CP142623.1	397040	397044	1
CP142623.1	397044	397068	2
CP142623.1	397068	397121	1
CP142623.1	397121	397227	2
CP142623.1	397227	397269	1
CP142623.1	397269	397294	0
CP142623.1	397294	397319	1
CP142623.1	397319	397320	0
CP142623.1	397320	397377	1
CP142623.1	397377	397378	0
CP142623.1	397378	397395	1
CP142623.1	397395	397484	2
CP142623.1	397484	397485	3
CP142623.1	397485	397551	2
CP142623.1	397551	397552	0
CP142623.1	397552	397562	2
CP142623.1	397562	397563	0
CP142623.1	397563	397564	1
CP142623.1	397564	397579	2
CP142623.1	397579	397597	1
CP142623.1	397597	397648	2
CP142623.1	397648	397688	1
CP142623.1	397688	397721	0
CP142623.1	397721	397830	1
CP142623.1	397830	397839	2
CP142623.1	397839	397904	1
CP142623.1	397904	397923	2
CP142623.1	397923	398044	1
CP142623.1	398044	398223	0
CP142623.1	398223	398281	1
CP142623.1	398281	398296	2
CP142623.1	398296	398301	1
CP142623.1	398301	398315	2
CP142623.1	398315	398320	1
CP142623.1	398320	398356	2
CP142623.1	398356	398370	3
CP142623.1	398370	398378	2
CP142623.1	398378	398448	1
CP142623.1	398448	398450	0
CP142623.1	398450	398470	1
CP142623.1	398470	398471	2
CP142623.1	398471	398472	1
CP142623.1	398472	398500	2
CP142623.1	398500	398552	1
CP142623.1	398552	398627	2
CP142623.1	398627	398629	3
CP142623.1	398629	398633	2
CP142623.1	398633	398634	1
CP142623.1	398634	398680	2
CP142623.1	398680	398786	1
CP142623.1	398786	398793	2
CP142623.1	398793	398814	1
CP142623.1	398814	398855	2
CP142623.1	398855	398900	3
CP142623.1	398900	398901	1
CP142623.1	398901	398902	0
CP142623.1	398902	398905	2
CP142623.1	398905	399007	3
CP142623.1	399007	399033	2
CP142623.1	399033	399040	3
CP142623.1	399040	399078	2
CP142623.1	399078	399090	1
CP142623.1	399090	399115	2
CP142623.1	399115	399120	1
CP142623.1	399120	399275	0
CP142623.1	399275	399390	1
CP142623.1	399390	399392	0
CP142623.1	399392	399518	1
CP142623.1	399518	399559	2
CP142623.1	399559	399562	1
CP142623.1	399562	399564	2
CP142623.1	399564	399569	1
CP142623.1	399569	399633	2
CP142623.1	399633	399638	1
CP142623.1	399638	399698	2
CP142623.1	399698	399734	1
CP142623.1	399734	399781	0
CP142623.1	399781	399844	1
CP142623.1	399844	399917	0
CP142623.1	399917	399952	1
CP142623.1	399952	399963	2
CP142623.1	399963	399983	3
CP142623.1	399983	399987	1
CP142623.1	399987	399988	0
CP142623.1	399988	400011	2
CP142623.1	400011	400012	1
CP142623.1	400012	400026	2
CP142623.1	400026	400027	1
CP142623.1	400027	400057	2
CP142623.1	400057	400060	1
CP142623.1	400060	400085	2
CP142623.1	400085	400110	3
CP142623.1	400110	400150	4
CP142623.1	400150	400161	3
CP142623.1	400161	400162	2
CP142623.1	400162	400201	3
CP142623.1	400201	400203	4
CP142623.1	400203	400246	3
CP142623.1	400246	400294	2
CP142623.1	400294	400319	1
CP142623.1	400319	400367	0
CP142623.1	400367	400492	1
CP142623.1	400492	400547	2
CP142623.1	400547	400556	1
CP142623.1	400556	400575	2
CP142623.1	400575	400608	3
CP142623.1	400608	400624	2
CP142623.1	400624	400625	1
CP142623.1	400625	400645	2
CP142623.1	400645	400646	1
CP142623.1	400646	400697	2
CP142623.1	400697	400828	1
CP142623.1	400828	400830	2
CP142623.1	400830	400832	1
CP142623.1	400832	400844	2
CP142623.1	400844	400884	3
CP142623.1	400884	400954	2
CP142623.1	400954	400995	3
CP142623.1	400995	401041	4
CP142623.1	401041	401073	3
CP142623.1	401073	401097	2
CP142623.1	401097	401103	1
CP142623.1	401103	401135	2
CP142623.1	401135	401148	1
CP142623.1	401148	401183	2
CP142623.1	401183	401184	1
CP142623.1	401184	401253	2
CP142623.1	401253	401324	1
CP142623.1	401324	401331	0
CP142623.1	401331	401409	1
CP142623.1	401409	401465	2
CP142623.1	401465	401479	1
CP142623.1	401479	401541	0
CP142623.1	401541	401588	1
CP142623.1	401588	401605	0
CP142623.1	401605	401652	1
CP142623.1	401652	401665	3
CP142623.1	401665	401678	4
CP142623.1	401678	401688	5
CP142623.1	401688	401738	6
CP142623.1	401738	401743	7
CP142623.1	401743	401758	6
CP142623.1	401758	401759	5
CP142623.1	401759	401774	6
CP142623.1	401774	401789	5
CP142623.1	401789	401790	4
CP142623.1	401790	401800	5
CP142623.1	401800	401807	4
CP142623.1	401807	401816	3
CP142623.1	401816	401844	2
CP142623.1	401844	401850	3
CP142623.1	401850	401875	2
CP142623.1	401875	401880	3
CP142623.1	401880	401881	2
CP142623.1	401881	401891	3
CP142623.1	401891	401893	2
CP142623.1	401893	401916	3
CP142623.1	401916	401924	2
CP142623.1	401924	401929	3
CP142623.1	401929	401932	2
CP142623.1	401932	401960	3
CP142623.1	401960	401969	2
CP142623.1	401969	402003	1
CP142623.1	402003	402019	2
CP142623.1	402019	402023	3
CP142623.1	402023	402024	2
CP142623.1	402024	402050	3
CP142623.1	402050	402051	2
CP142623.1	402051	402057	3
CP142623.1	402057	402058	2
CP142623.1	402058	402132	3
CP142623.1	402132	402193	2
CP142623.1	402193	402213	3
CP142623.1	402213	402214	2
CP142623.1	402214	402244	1
CP142623.1	402244	402255	2
CP142623.1	402255	402304	3
CP142623.1	402304	402305	2
CP142623.1	402305	402319	3
CP142623.1	402319	402376	2
CP142623.1	402376	402378	1
CP142623.1	402378	402379	2
CP142623.1	402379	402381	1
CP142623.1	402381	402397	2
CP142623.1	402397	402415	1
CP142623.1	402415	402473	0
CP142623.1	402473	402523	1
CP142623.1	402523	402603	0
CP142623.1	402603	402648	1
CP142623.1	402648	402678	2
CP142623.1	402678	402769	3
CP142623.1	402769	402798	2
CP142623.1	402798	402812	1
CP142623.1	402812	402880	2
CP142623.1	402880	402891	1
CP142623.1	402891	402913	2
CP142623.1	402913	402923	1
CP142623.1	402923	403095	2
CP142623.1	403095	403096	1
CP142623.1	403096	403099	0
CP142623.1	403099	403110	1
CP142623.1	403110	403115	2
CP142623.1	403115	403240	1
CP142623.1	403240	403244	0
CP142623.1	403244	403287	1
CP142623.1	403287	403295	0
CP142623.1	403295	403398	1
CP142623.1	403398	403451	2
CP142623.1	403451	403506	1
CP142623.1	403506	403589	2
CP142623.1	403589	403658	3
CP142623.1	403658	403707	4
CP142623.1	403707	403712	3
CP142623.1	403712	403717	2
CP142623.1	403717	403739	3
CP142623.1	403739	403769	4
CP142623.1	403769	403773	2
CP142623.1	403773	403792	3
CP142623.1	403792	403844	2
CP142623.1	403844	403858	1
CP142623.1	403858	403887	2
CP142623.1	403887	403895	3
CP142623.1	403895	403900	2
CP142623.1	403900	403902	1
CP142623.1	403902	403919	3
CP142623.1	403919	403925	2
CP142623.1	403925	403950	3
CP142623.1	403950	404055	2
CP142623.1	404055	404078	3
CP142623.1	404078	404079	2
CP142623.1	404079	404093	3
CP142623.1	404093	404140	4
CP142623.1	404140	404146	3
CP142623.1	404146	404150	2
CP142623.1	404150	404181	3
CP142623.1	404181	404219	2
CP142623.1	404219	404289	1
CP142623.1	404289	404326	2
CP142623.1	404326	404339	1
CP142623.1	404339	404352	2
CP142623.1	404352	404356	1
CP142623.1	404356	404358	2
CP142623.1	404358	404359	1
CP142623.1	404359	404378	2
CP142623.1	404378	404478	1
CP142623.1	404478	404552	0
CP142623.1	404552	404646	1
CP142623.1	404646	404659	2
CP142623.1	404659	404719	3
CP142623.1	404719	404735	2
CP142623.1	404735	404898	1
CP142623.1	404898	404977	0
CP142623.1	404977	404992	1
CP142623.1	404992	404993	0
CP142623.1	404993	404998	1
CP142623.1	404998	405059	2
CP142623.1	405059	405076	1
CP142623.1	405076	405162	0
CP142623.1	405162	405234	1
CP142623.1	405234	405305	2
CP142623.1	405305	405347	3
CP142623.1	405347	405348	4
CP142623.1	405348	405349	2
CP142623.1	405349	405361	4
CP142623.1	405361	405404	3
CP142623.1	405404	405427	2
CP142623.1	405427	405432	1
CP142623.1	405432	405435	2
CP142623.1	405435	405445	3
CP142623.1	405445	405462	4
CP142623.1	405462	405522	3
CP142623.1	405522	405548	2
CP142623.1	405548	405649	1
CP142623.1	405649	405677	0
CP142623.1	405677	405721	1
CP142623.1	405721	405761	2
CP142623.1	405761	405765	1
CP142623.1	405765	405797	0
CP142623.1	405797	405972	1
CP142623.1	405972	406025	2
CP142623.1	406025	406026	1
CP142623.1	406026	406035	2
CP142623.1	406035	406081	3
CP142623.1	406081	406104	2
CP142623.1	406104	406162	3
CP142623.1	406162	406175	2
CP142623.1	406175	406364	1
CP142623.1	406364	406373	0
CP142623.1	406373	406473	1
CP142623.1	406473	406523	2
CP142623.1	406523	406550	1
CP142623.1	406550	406563	2
CP142623.1	406563	406596	3
CP142623.1	406596	406636	4
CP142623.1	406636	406637	3
CP142623.1	406637	406650	4
CP142623.1	406650	406654	3
CP142623.1	406654	406662	2
CP142623.1	406662	406675	1
CP142623.1	406675	406698	2
CP142623.1	406698	406754	1
CP142623.1	406754	407052	0
CP142623.1	407052	407103	1
CP142623.1	407103	407133	2
CP142623.1	407133	407220	3
CP142623.1	407220	407313	2
CP142623.1	407313	407333	3
CP142623.1	407333	407383	2
CP142623.1	407383	407405	3
CP142623.1	407405	407415	4
CP142623.1	407415	407450	5
CP142623.1	407450	407451	3
CP142623.1	407451	407488	6
CP142623.1	407488	407498	5
CP142623.1	407498	407506	4
CP142623.1	407506	407533	3
CP142623.1	407533	407536	2
CP142623.1	407536	407552	3
CP142623.1	407552	407619	2
CP142623.1	407619	407622	3
CP142623.1	407622	407647	4
CP142623.1	407647	407665	3
CP142623.1	407665	407690	2
CP142623.1	407690	407736	3
CP142623.1	407736	407749	2
CP142623.1	407749	407758	1
CP142623.1	407758	407762	2
CP142623.1	407762	407767	3
CP142623.1	407767	407825	4
CP142623.1	407825	407844	3
CP142623.1	407844	407846	2
CP142623.1	407846	407867	1
CP142623.1	407867	407969	0
CP142623.1	407969	408069	1
CP142623.1	408069	408072	0
CP142623.1	408072	408096	1
CP142623.1	408096	408097	0
CP142623.1	408097	408113	1
CP142623.1	408113	408127	2
CP142623.1	408127	408128	1
CP142623.1	408128	408153	2
CP142623.1	408153	408154	3
CP142623.1	408154	408157	2
CP142623.1	408157	408159	3
CP142623.1	408159	408174	4
CP142623.1	408174	408175	3
CP142623.1	408175	408192	4
CP142623.1	408192	408231	5
CP142623.1	408231	408232	4
CP142623.1	408232	408233	3
CP142623.1	408233	408237	4
CP142623.1	408237	408241	3
CP142623.1	408241	408242	2
CP142623.1	408242	408247	3
CP142623.1	408247	408251	0
CP142623.1	408251	408327	3
CP142623.1	408327	408349	4
CP142623.1	408349	408351	3
CP142623.1	408351	408353	4
CP142623.1	408353	408354	3
CP142623.1	408354	408360	2
CP142623.1	408360	408361	3
CP142623.1	408361	408383	4
CP142623.1	408383	408408	3
CP142623.1	408408	408449	2
CP142623.1	408449	408503	3
CP142623.1	408503	408504	2
CP142623.1	408504	408512	3
CP142623.1	408512	408588	2
CP142623.1	408588	408589	3
CP142623.1	408589	408590	2
CP142623.1	408590	408602	3
CP142623.1	408602	408603	2
CP142623.1	408603	408616	3
CP142623.1	408616	408623	4
CP142623.1	408623	408651	5
CP142623.1	408651	408733	4
CP142623.1	408733	408739	3
CP142623.1	408739	408740	4
CP142623.1	408740	408759	3
CP142623.1	408759	408762	2
CP142623.1	408762	408814	3
CP142623.1	408814	408840	2
CP142623.1	408840	408912	3
CP142623.1	408912	408955	2
CP142623.1	408955	408965	3
CP142623.1	408965	408989	4
CP142623.1	408989	408990	2
CP142623.1	408990	408991	1
CP142623.1	408991	408993	3
CP142623.1	408993	409011	4
CP142623.1	409011	409015	3
CP142623.1	409015	409055	4
CP142623.1	409055	409057	3
CP142623.1	409057	409062	2
CP142623.1	409062	409088	1
CP142623.1	409088	409089	0
CP142623.1	409089	409098	1
CP142623.1	409098	409140	0
CP142623.1	409140	409235	1
CP142623.1	409235	409245	2
CP142623.1	409245	409292	3
CP142623.1	409292	409309	2
CP142623.1	409309	409327	3
CP142623.1	409327	409362	4
CP142623.1	409362	409363	3
CP142623.1	409363	409390	4
CP142623.1	409390	409391	2
CP142623.1	409391	409425	4
CP142623.1	409425	409453	3
CP142623.1	409453	409455	2
CP142623.1	409455	409469	3
CP142623.1	409469	409477	2
CP142623.1	409477	409488	3
CP142623.1	409488	409490	2
CP142623.1	409490	409511	3
CP142623.1	409511	409558	2
CP142623.1	409558	409588	1
CP142623.1	409588	409641	2
CP142623.1	409641	409642	1
CP142623.1	409642	409643	2
CP142623.1	409643	409644	1
CP142623.1	409644	409689	2
CP142623.1	409689	409690	3
CP142623.1	409690	409702	2
CP142623.1	409702	409768	3
CP142623.1	409768	409774	2
CP142623.1	409774	409830	3
CP142623.1	409830	409831	2
CP142623.1	409831	409837	3
CP142623.1	409837	409839	2
CP142623.1	409839	409847	3
CP142623.1	409847	409871	4
CP142623.1	409871	409872	3
CP142623.1	409872	409893	4
CP142623.1	409893	409895	3
CP142623.1	409895	409899	4
CP142623.1	409899	409902	3
CP142623.1	409902	409912	2
CP142623.1	409912	409915	3
CP142623.1	409915	409925	4
CP142623.1	409925	409928	1
CP142623.1	409928	409965	4
CP142623.1	409965	409979	3
CP142623.1	409979	409989	4
CP142623.1	409989	409993	3
CP142623.1	409993	409994	2
CP142623.1	409994	409996	3
CP142623.1	409996	409998	2
CP142623.1	409998	410026	3
CP142623.1	410026	410100	2
CP142623.1	410100	410105	3
CP142623.1	410105	410124	2
CP142623.1	410124	410125	1
CP142623.1	410125	410127	2
CP142623.1	410127	410128	3
CP142623.1	410128	410133	4
CP142623.1	410133	410135	3
CP142623.1	410135	410151	4
CP142623.1	410151	410152	1
CP142623.1	410152	410153	0
CP142623.1	410153	410181	4
CP142623.1	410181	410241	3
CP142623.1	410241	410242	2
CP142623.1	410242	410251	3
CP142623.1	410251	410257	2
CP142623.1	410257	410258	3
CP142623.1	410258	410260	2
CP142623.1	410260	410263	1
CP142623.1	410263	410297	2
CP142623.1	410297	410303	3
CP142623.1	410303	410304	2
CP142623.1	410304	410325	3
CP142623.1	410325	410326	2
CP142623.1	410326	410371	3
CP142623.1	410371	410428	2
CP142623.1	410428	410450	4
CP142623.1	410450	410466	3
CP142623.1	410466	410478	4
CP142623.1	410478	410486	3
CP142623.1	410486	410503	2
CP142623.1	410503	410506	1
CP142623.1	410506	410521	2
CP142623.1	410521	410522	1
CP142623.1	410522	410527	2
CP142623.1	410527	410550	3
CP142623.1	410550	410557	4
CP142623.1	410557	410626	3
CP142623.1	410626	410634	2
CP142623.1	410634	410636	3
CP142623.1	410636	410691	2
CP142623.1	410691	410693	1
CP142623.1	410693	410723	2
CP142623.1	410723	410731	1
CP142623.1	410731	410865	0
CP142623.1	410865	410901	1
CP142623.1	410901	410902	0
CP142623.1	410902	410945	1
CP142623.1	410945	411000	0
CP142623.1	411000	411013	1
CP142623.1	411013	411059	2
CP142623.1	411059	411092	3
CP142623.1	411092	411114	2
CP142623.1	411114	411138	1
CP142623.1	411138	411151	0
CP142623.1	411151	411230	1
CP142623.1	411230	411317	0
CP142623.1	411317	411340	1
CP142623.1	411340	411341	0
CP142623.1	411341	411387	1
CP142623.1	411387	411388	0
CP142623.1	411388	411400	1
CP142623.1	411400	411401	0
CP142623.1	411401	411412	1
CP142623.1	411412	411432	2
CP142623.1	411432	411448	3
CP142623.1	411448	411480	2
CP142623.1	411480	411517	3
CP142623.1	411517	411518	2
CP142623.1	411518	411523	3
CP142623.1	411523	411528	2
CP142623.1	411528	411529	1
CP142623.1	411529	411530	2
CP142623.1	411530	411567	3
CP142623.1	411567	411605	2
CP142623.1	411605	411613	3
CP142623.1	411613	411740	2
CP142623.1	411740	411741	1
CP142623.1	411741	411753	2
CP142623.1	411753	411766	3
CP142623.1	411766	411770	4
CP142623.1	411770	411819	5
CP142623.1	411819	411820	4
CP142623.1	411820	411845	5
CP142623.1	411845	411855	4
CP142623.1	411855	411870	3
CP142623.1	411870	411892	2
CP142623.1	411892	411967	1
CP142623.1	411967	412111	0
CP142623.1	412111	412188	1
CP142623.1	412188	412237	2
CP142623.1	412237	412240	1
CP142623.1	412240	412271	2
CP142623.1	412271	412322	1
CP142623.1	412322	412403	2
CP142623.1	412403	412456	1
CP142623.1	412456	412622	0
CP142623.1	412622	412765	1
CP142623.1	412765	412779	0
CP142623.1	412779	412833	1
CP142623.1	412833	412870	2
CP142623.1	412870	412879	3
CP142623.1	412879	412894	2
CP142623.1	412894	412933	1
CP142623.1	412933	412994	2
CP142623.1	412994	412995	1
CP142623.1	412995	413029	2
CP142623.1	413029	413032	0
CP142623.1	413032	413087	2
CP142623.1	413087	413161	3
CP142623.1	413161	413169	2
CP142623.1	413169	413196	3
CP142623.1	413196	413198	2
CP142623.1	413198	413240	3
CP142623.1	413240	413309	2
CP142623.1	413309	413316	1
CP142623.1	413316	413391	2
CP142623.1	413391	413414	1
CP142623.1	413414	413486	2
CP142623.1	413486	413513	1
CP142623.1	413513	413537	2
CP142623.1	413537	413547	1
CP142623.1	413547	413552	2
CP142623.1	413552	413554	3
CP142623.1	413554	413582	4
CP142623.1	413582	413601	5
CP142623.1	413601	413632	4
CP142623.1	413632	413651	5
CP142623.1	413651	413666	4
CP142623.1	413666	413696	3
CP142623.1	413696	413709	2
CP142623.1	413709	413728	1
CP142623.1	413728	413759	2
CP142623.1	413759	413793	3
CP142623.1	413793	413794	2
CP142623.1	413794	413805	3
CP142623.1	413805	413817	2
CP142623.1	413817	413825	1
CP142623.1	413825	413826	2
CP142623.1	413826	413831	3
CP142623.1	413831	413836	2
CP142623.1	413836	413837	1
CP142623.1	413837	413881	2
CP142623.1	413881	413921	1
CP142623.1	413921	413991	2
CP142623.1	413991	413994	1
CP142623.1	413994	414039	0
CP142623.1	414039	414044	1
CP142623.1	414044	414048	2
CP142623.1	414048	414049	1
CP142623.1	414049	414073	2
CP142623.1	414073	414074	1
CP142623.1	414074	414149	2
CP142623.1	414149	414176	1
CP142623.1	414176	414186	2
CP142623.1	414186	414200	1
CP142623.1	414200	414213	2
CP142623.1	414213	414311	1
CP142623.1	414311	414477	0
CP142623.1	414477	414750	1
CP142623.1	414750	414834	2
CP142623.1	414834	414878	3
CP142623.1	414878	414887	4
CP142623.1	414887	414909	3
CP142623.1	414909	414938	4
CP142623.1	414938	414962	5
CP142623.1	414962	414982	4
CP142623.1	414982	414995	3
CP142623.1	414995	414998	2
CP142623.1	414998	415009	3
CP142623.1	415009	415011	2
CP142623.1	415011	415035	3
CP142623.1	415035	415043	2
CP142623.1	415043	415126	1
CP142623.1	415126	415127	0
CP142623.1	415127	415176	1
CP142623.1	415176	415185	0
CP142623.1	415185	415281	1
CP142623.1	415281	415331	2
CP142623.1	415331	415335	1
CP142623.1	415335	415338	2
CP142623.1	415338	415347	3
CP142623.1	415347	415367	4
CP142623.1	415367	415384	3
CP142623.1	415384	415391	4
CP142623.1	415391	415420	5
CP142623.1	415420	415434	6
CP142623.1	415434	415436	5
CP142623.1	415436	415463	6
CP142623.1	415463	415464	5
CP142623.1	415464	415473	6
CP142623.1	415473	415478	4
CP142623.1	415478	415479	3
CP142623.1	415479	415500	4
CP142623.1	415500	415549	3
CP142623.1	415549	415559	2
CP142623.1	415559	415574	3
CP142623.1	415574	415607	4
CP142623.1	415607	415628	3
CP142623.1	415628	415683	2
CP142623.1	415683	415693	3
CP142623.1	415693	415721	2
CP142623.1	415721	415796	1
CP142623.1	415796	415802	2
CP142623.1	415802	415926	1
CP142623.1	415926	415979	2
CP142623.1	415979	416017	1
CP142623.1	416017	416205	0
CP142623.1	416205	416224	1
CP142623.1	416224	416316	2
CP142623.1	416316	416326	1
CP142623.1	416326	416392	2
CP142623.1	416392	416400	1
CP142623.1	416400	416448	2
CP142623.1	416448	416451	1
CP142623.1	416451	416514	2
CP142623.1	416514	416556	3
CP142623.1	416556	416600	2
CP142623.1	416600	416613	3
CP142623.1	416613	416614	2
CP142623.1	416614	416631	3
CP142623.1	416631	416692	2
CP142623.1	416692	416721	3
CP142623.1	416721	416739	2
CP142623.1	416739	416740	1
CP142623.1	416740	416756	2
CP142623.1	416756	416774	3
CP142623.1	416774	416794	2
CP142623.1	416794	416795	1
CP142623.1	416795	416884	2
CP142623.1	416884	416942	1
CP142623.1	416942	416968	0
CP142623.1	416968	416991	1
CP142623.1	416991	417008	2
CP142623.1	417008	417038	3
CP142623.1	417038	417063	2
CP142623.1	417063	417079	3
CP142623.1	417079	417082	2
CP142623.1	417082	417083	1
CP142623.1	417083	417128	2
CP142623.1	417128	417150	3
CP142623.1	417150	417152	2
CP142623.1	417152	417158	3
CP142623.1	417158	417166	2
CP142623.1	417166	417182	1
CP142623.1	417182	417184	2
CP142623.1	417184	417195	1
CP142623.1	417195	417196	0
CP142623.1	417196	417269	1
CP142623.1	417269	417324	2
CP142623.1	417324	417327	1
CP142623.1	417327	417329	2
CP142623.1	417329	417374	1
CP142623.1	417374	417389	0
CP142623.1	417389	417390	1
CP142623.1	417390	417399	2
CP142623.1	417399	417400	1
CP142623.1	417400	417417	2
CP142623.1	417417	417440	3
CP142623.1	417440	417462	4
CP142623.1	417462	417478	3
CP142623.1	417478	417492	2
CP142623.1	417492	417501	1
CP142623.1	417501	417658	0
CP142623.1	417658	417698	1
CP142623.1	417698	417699	0
CP142623.1	417699	417841	1
CP142623.1	417841	417856	2
CP142623.1	417856	417900	1
CP142623.1	417900	417916	2
CP142623.1	417916	417944	1
CP142623.1	417944	417945	0
CP142623.1	417945	417982	1
CP142623.1	417982	418026	2
CP142623.1	418026	418029	3
CP142623.1	418029	418044	4
CP142623.1	418044	418050	3
CP142623.1	418050	418054	4
CP142623.1	418054	418055	3
CP142623.1	418055	418084	4
CP142623.1	418084	418086	5
CP142623.1	418086	418092	4
CP142623.1	418092	418094	3
CP142623.1	418094	418107	4
CP142623.1	418107	418130	3
CP142623.1	418130	418150	4
CP142623.1	418150	418157	3
CP142623.1	418157	418158	2
CP142623.1	418158	418200	3
CP142623.1	418200	418201	2
CP142623.1	418201	418225	3
CP142623.1	418225	418226	2
CP142623.1	418226	418246	3
CP142623.1	418246	418248	2
CP142623.1	418248	418250	1
CP142623.1	418250	418262	2
CP142623.1	418262	418302	1
CP142623.1	418302	418326	0
CP142623.1	418326	418346	1
CP142623.1	418346	418347	0
CP142623.1	418347	418379	1
CP142623.1	418379	418422	2
CP142623.1	418422	418494	3
CP142623.1	418494	418495	2
CP142623.1	418495	418497	1
CP142623.1	418497	418529	2
CP142623.1	418529	418530	1
CP142623.1	418530	418531	0
CP142623.1	418531	418577	2
CP142623.1	418577	418578	1
CP142623.1	418578	418583	2
CP142623.1	418583	418585	3
CP142623.1	418585	418667	4
CP142623.1	418667	418697	3
CP142623.1	418697	418738	2
CP142623.1	418738	418740	1
CP142623.1	418740	418767	2
CP142623.1	418767	418786	1
CP142623.1	418786	418813	2
CP142623.1	418813	418864	1
CP142623.1	418864	418872	0
CP142623.1	418872	418884	1
CP142623.1	418884	418885	0
CP142623.1	418885	418907	1
CP142623.1	418907	418908	0
CP142623.1	418908	419058	1
CP142623.1	419058	419078	2
CP142623.1	419078	419088	1
CP142623.1	419088	419093	2
CP142623.1	419093	419174	3
CP142623.1	419174	419176	2
CP142623.1	419176	419196	3
CP142623.1	419196	419202	4
CP142623.1	419202	419204	3
CP142623.1	419204	419207	2
CP142623.1	419207	419283	3
CP142623.1	419283	419306	2
CP142623.1	419306	419308	1
CP142623.1	419308	419359	2
CP142623.1	419359	419396	1
CP142623.1	419396	419400	2
CP142623.1	419400	419427	1
CP142623.1	419427	419471	2
CP142623.1	419471	419474	1
CP142623.1	419474	419477	2
CP142623.1	419477	419478	3
CP142623.1	419478	419479	2
CP142623.1	419479	419514	3
CP142623.1	419514	419524	2
CP142623.1	419524	419527	1
CP142623.1	419527	419548	2
CP142623.1	419548	419549	1
CP142623.1	419549	419552	2
CP142623.1	419552	419555	1
CP142623.1	419555	419560	2
CP142623.1	419560	419583	3
CP142623.1	419583	419640	2
CP142623.1	419640	419682	3
CP142623.1	419682	419684	0
CP142623.1	419684	419746	3
CP142623.1	419746	419755	2
CP142623.1	419755	419756	1
CP142623.1	419756	419772	2
CP142623.1	419772	419870	1
CP142623.1	419870	419871	0
CP142623.1	419871	419897	1
CP142623.1	419897	419991	0
CP142623.1	419991	420119	1
CP142623.1	420119	420121	2
CP142623.1	420121	420146	3
CP142623.1	420146	420162	4
CP142623.1	420162	420189	3
CP142623.1	420189	420245	4
CP142623.1	420245	420246	3
CP142623.1	420246	420263	4
CP142623.1	420263	420268	5
CP142623.1	420268	420271	4
CP142623.1	420271	420311	3
CP142623.1	420311	420393	2
CP142623.1	420393	420435	1
CP142623.1	420435	420455	2
CP142623.1	420455	420456	3
CP142623.1	420456	420479	4
CP142623.1	420479	420502	3
CP142623.1	420502	420514	2
CP142623.1	420514	420561	3
CP142623.1	420561	420562	2
CP142623.1	420562	420617	3
CP142623.1	420617	420618	2
CP142623.1	420618	420652	3
CP142623.1	420652	420658	2
CP142623.1	420658	420676	3
CP142623.1	420676	420684	2
CP142623.1	420684	420769	1
CP142623.1	420769	420782	2
CP142623.1	420782	420881	1
CP142623.1	420881	420893	2
CP142623.1	420893	420924	3
CP142623.1	420924	420967	2
CP142623.1	420967	420992	3
CP142623.1	420992	421037	2
CP142623.1	421037	421052	1
CP142623.1	421052	421082	0
CP142623.1	421082	421209	1
CP142623.1	421209	421212	0
CP142623.1	421212	421217	1
CP142623.1	421217	421245	2
CP142623.1	421245	421248	1
CP142623.1	421248	421250	2
CP142623.1	421250	421363	3
CP142623.1	421363	421371	4
CP142623.1	421371	421391	5
CP142623.1	421391	421440	4
CP142623.1	421440	421446	3
CP142623.1	421446	421449	2
CP142623.1	421449	421467	3
CP142623.1	421467	421469	2
CP142623.1	421469	421478	3
CP142623.1	421478	421481	2
CP142623.1	421481	421482	1
CP142623.1	421482	421492	2
CP142623.1	421492	421502	3
CP142623.1	421502	421523	4
CP142623.1	421523	421545	3
CP142623.1	421545	421546	2
CP142623.1	421546	421555	3
CP142623.1	421555	421594	4
CP142623.1	421594	421616	3
CP142623.1	421616	421623	2
CP142623.1	421623	421624	1
CP142623.1	421624	421654	0
CP142623.1	421654	421690	1
CP142623.1	421690	421742	2
CP142623.1	421742	421813	1
CP142623.1	421813	421815	0
CP142623.1	421815	421865	1
CP142623.1	421865	421901	2
CP142623.1	421901	421902	1
CP142623.1	421902	421917	2
CP142623.1	421917	421918	1
CP142623.1	421918	421919	2
CP142623.1	421919	421945	3
CP142623.1	421945	421953	4
CP142623.1	421953	421976	5
CP142623.1	421976	421977	4
CP142623.1	421977	421999	5
CP142623.1	421999	422000	4
CP142623.1	422000	422022	3
CP142623.1	422022	422052	2
CP142623.1	422052	422098	1
CP142623.1	422098	422151	2
CP142623.1	422151	422156	1
CP142623.1	422156	422167	0
CP142623.1	422167	422206	1
CP142623.1	422206	422291	2
CP142623.1	422291	422299	3
CP142623.1	422299	422303	2
CP142623.1	422303	422323	4
CP142623.1	422323	422324	3
CP142623.1	422324	422354	4
CP142623.1	422354	422376	6
CP142623.1	422376	422397	5
CP142623.1	422397	422431	4
CP142623.1	422431	422454	3
CP142623.1	422454	422474	2
CP142623.1	422474	422511	1
CP142623.1	422511	422515	0
CP142623.1	422515	422597	1
CP142623.1	422597	422626	0
CP142623.1	422626	422686	1
CP142623.1	422686	422722	0
CP142623.1	422722	422831	1
CP142623.1	422831	422884	0
CP142623.1	422884	422898	1
CP142623.1	422898	422971	2
CP142623.1	422971	422988	1
CP142623.1	422988	423075	0
CP142623.1	423075	423143	1
CP142623.1	423143	423163	0
CP142623.1	423163	423204	1
CP142623.1	423204	423206	0
CP142623.1	423206	423222	1
CP142623.1	423222	423226	2
CP142623.1	423226	423228	1
CP142623.1	423228	423242	2
CP142623.1	423242	423282	3
CP142623.1	423282	423308	4
CP142623.1	423308	423363	3
CP142623.1	423363	423380	2
CP142623.1	423380	423414	3
CP142623.1	423414	423436	4
CP142623.1	423436	423494	3
CP142623.1	423494	423496	2
CP142623.1	423496	423499	1
CP142623.1	423499	423518	2
CP142623.1	423518	423523	3
CP142623.1	423523	423562	2
CP142623.1	423562	423599	3
CP142623.1	423599	423610	2
CP142623.1	423610	423618	3
CP142623.1	423618	423627	4
CP142623.1	423627	423630	3
CP142623.1	423630	423636	4
CP142623.1	423636	423638	3
CP142623.1	423638	423647	4
CP142623.1	423647	423656	3
CP142623.1	423656	423675	4
CP142623.1	423675	423682	3
CP142623.1	423682	423683	2
CP142623.1	423683	423701	3
CP142623.1	423701	423702	2
CP142623.1	423702	423713	3
CP142623.1	423713	423723	2
CP142623.1	423723	423753	1
CP142623.1	423753	423775	2
CP142623.1	423775	423777	0
CP142623.1	423777	423780	1
CP142623.1	423780	423783	2
CP142623.1	423783	423808	3
CP142623.1	423808	423809	2
CP142623.1	423809	423828	3
CP142623.1	423828	423884	2
CP142623.1	423884	423986	1
CP142623.1	423986	424090	0
CP142623.1	424090	424099	1
CP142623.1	424099	424114	2
CP142623.1	424114	424162	3
CP142623.1	424162	424194	2
CP142623.1	424194	424204	1
CP142623.1	424204	424252	3
CP142623.1	424252	424273	4
CP142623.1	424273	424287	3
CP142623.1	424287	424296	4
CP142623.1	424296	424321	3
CP142623.1	424321	424374	2
CP142623.1	424374	424403	3
CP142623.1	424403	424415	2
CP142623.1	424415	424427	3
CP142623.1	424427	424474	4
CP142623.1	424474	424481	3
CP142623.1	424481	424482	2
CP142623.1	424482	424489	3
CP142623.1	424489	424520	2
CP142623.1	424520	424541	1
CP142623.1	424541	424543	2
CP142623.1	424543	424586	3
CP142623.1	424586	424609	2
CP142623.1	424609	424615	1
CP142623.1	424615	424637	2
CP142623.1	424637	424683	1
CP142623.1	424683	424687	2
CP142623.1	424687	424734	3
CP142623.1	424734	424753	2
CP142623.1	424753	424815	3
CP142623.1	424815	424834	2
CP142623.1	424834	424883	1
CP142623.1	424883	424918	0
CP142623.1	424918	424994	1
CP142623.1	424994	425004	2
CP142623.1	425004	425091	1
CP142623.1	425091	425103	2
CP142623.1	425103	425123	1
CP142623.1	425123	425124	0
CP142623.1	425124	425158	1
CP142623.1	425158	425160	0
CP142623.1	425160	425233	1
CP142623.1	425233	425237	2
CP142623.1	425237	425246	3
CP142623.1	425246	425290	4
CP142623.1	425290	425296	5
CP142623.1	425296	425303	6
CP142623.1	425303	425304	5
CP142623.1	425304	425324	6
CP142623.1	425324	425351	5
CP142623.1	425351	425352	4
CP142623.1	425352	425376	5
CP142623.1	425376	425388	4
CP142623.1	425388	425390	3
CP142623.1	425390	425422	4
CP142623.1	425422	425431	3
CP142623.1	425431	425460	2
CP142623.1	425460	425462	3
CP142623.1	425462	425464	4
CP142623.1	425464	425469	3
CP142623.1	425469	425521	2
CP142623.1	425521	425522	1
CP142623.1	425522	425536	2
CP142623.1	425536	425541	1
CP142623.1	425541	425623	0
CP142623.1	425623	425777	1
CP142623.1	425777	426323	0
CP142623.1	426323	426483	1
CP142623.1	426483	426485	0
CP142623.1	426485	426607	1
CP142623.1	426607	426637	2
CP142623.1	426637	426767	1
CP142623.1	426767	426790	2
CP142623.1	426790	426844	1
CP142623.1	426844	426882	0
CP142623.1	426882	426888	1
CP142623.1	426888	426905	2
CP142623.1	426905	426906	1
CP142623.1	426906	426936	2
CP142623.1	426936	426938	3
CP142623.1	426938	426942	4
CP142623.1	426942	426956	5
CP142623.1	426956	426960	4
CP142623.1	426960	426980	5
CP142623.1	426980	427024	4
CP142623.1	427024	427033	3
CP142623.1	427033	427034	4
CP142623.1	427034	427045	3
CP142623.1	427045	427057	4
CP142623.1	427057	427071	3
CP142623.1	427071	427101	2
CP142623.1	427101	427154	1
CP142623.1	427154	427157	2
CP142623.1	427157	427158	1
CP142623.1	427158	427198	2
CP142623.1	427198	427202	1
CP142623.1	427202	427216	2
CP142623.1	427216	427219	1
CP142623.1	427219	427246	2
CP142623.1	427246	427248	1
CP142623.1	427248	427260	2
CP142623.1	427260	427279	3
CP142623.1	427279	427314	4
CP142623.1	427314	427350	3
CP142623.1	427350	427391	2
CP142623.1	427391	427394	3
CP142623.1	427394	427408	4
CP142623.1	427408	427441	5
CP142623.1	427441	427448	4
CP142623.1	427448	427460	5
CP142623.1	427460	427463	4
CP142623.1	427463	427498	3
CP142623.1	427498	427537	2
CP142623.1	427537	427624	1
CP142623.1	427624	427637	2
CP142623.1	427637	427639	1
CP142623.1	427639	427733	2
CP142623.1	427733	427901	1
CP142623.1	427901	427918	0
CP142623.1	427918	427919	2
CP142623.1	427919	427965	3
CP142623.1	427965	427966	4
CP142623.1	427966	427971	5
CP142623.1	427971	428010	6
CP142623.1	428010	428037	5
CP142623.1	428037	428038	3
CP142623.1	428038	428070	4
CP142623.1	428070	428079	5
CP142623.1	428079	428080	0
CP142623.1	428080	428081	3
CP142623.1	428081	428083	4
CP142623.1	428083	428091	5
CP142623.1	428091	428094	3
CP142623.1	428094	428103	5
CP142623.1	428103	428111	6
CP142623.1	428111	428168	5
CP142623.1	428168	428169	4
CP142623.1	428169	428171	3
CP142623.1	428171	428263	2
CP142623.1	428263	428265	1
CP142623.1	428265	428315	0
CP142623.1	428315	428324	1
CP142623.1	428324	428349	2
CP142623.1	428349	428373	3
CP142623.1	428373	428376	0
CP142623.1	428376	428382	3
CP142623.1	428382	428387	4
CP142623.1	428387	428388	3
CP142623.1	428388	428410	4
CP142623.1	428410	428441	5
CP142623.1	428441	428447	4
CP142623.1	428447	428480	3
CP142623.1	428480	428490	4
CP142623.1	428490	428517	5
CP142623.1	428517	428519	4
CP142623.1	428519	428520	3
CP142623.1	428520	428536	4
CP142623.1	428536	428565	2
CP142623.1	428565	428578	3
CP142623.1	428578	428624	2
CP142623.1	428624	428630	1
CP142623.1	428630	428659	2
CP142623.1	428659	428674	3
CP142623.1	428674	428715	2
CP142623.1	428715	428819	1
CP142623.1	428819	428822	2
CP142623.1	428822	428823	1
CP142623.1	428823	428929	2
CP142623.1	428929	428946	1
CP142623.1	428946	429009	2
CP142623.1	429009	429014	1
CP142623.1	429014	429128	0
CP142623.1	429128	429225	1
CP142623.1	429225	429227	0
CP142623.1	429227	429302	1
CP142623.1	429302	429310	2
CP142623.1	429310	429439	1
CP142623.1	429439	429440	2
CP142623.1	429440	429451	3
CP142623.1	429451	429500	4
CP142623.1	429500	429501	3
CP142623.1	429501	429519	4
CP142623.1	429519	429529	5
CP142623.1	429529	429530	4
CP142623.1	429530	429553	3
CP142623.1	429553	429570	4
CP142623.1	429570	429571	3
CP142623.1	429571	429590	4
CP142623.1	429590	429619	3
CP142623.1	429619	429620	2
CP142623.1	429620	429626	3
CP142623.1	429626	429652	2
CP142623.1	429652	429740	1
CP142623.1	429740	429762	2
CP142623.1	429762	429791	3
CP142623.1	429791	429811	4
CP142623.1	429811	429819	3
CP142623.1	429819	429845	2
CP142623.1	429845	429890	1
CP142623.1	429890	429895	2
CP142623.1	429895	429947	3
CP142623.1	429947	429963	2
CP142623.1	429963	429964	1
CP142623.1	429964	429983	2
CP142623.1	429983	429984	1
CP142623.1	429984	429989	2
CP142623.1	429989	430021	1
CP142623.1	430021	430029	2
CP142623.1	430029	430030	1
CP142623.1	430030	430096	2
CP142623.1	430096	430156	3
CP142623.1	430156	430202	2
CP142623.1	430202	430212	1
CP142623.1	430212	430215	0
CP142623.1	430215	430218	1
CP142623.1	430218	430234	2
CP142623.1	430234	430235	0
CP142623.1	430235	430307	2
CP142623.1	430307	430318	1
CP142623.1	430318	430321	2
CP142623.1	430321	430331	1
CP142623.1	430331	430345	2
CP142623.1	430345	430369	3
CP142623.1	430369	430390	2
CP142623.1	430390	430391	1
CP142623.1	430391	430505	2
CP142623.1	430505	430509	3
CP142623.1	430509	430513	4
CP142623.1	430513	430519	3
CP142623.1	430519	430523	4
CP142623.1	430523	430598	3
CP142623.1	430598	430641	4
CP142623.1	430641	430643	3
CP142623.1	430643	430658	4
CP142623.1	430658	430659	3
CP142623.1	430659	430661	2
CP142623.1	430661	430683	3
CP142623.1	430683	430727	2
CP142623.1	430727	430920	1
CP142623.1	430920	430979	2
CP142623.1	430979	430990	3
CP142623.1	430990	431031	2
CP142623.1	431031	431032	1
CP142623.1	431032	431043	2
CP142623.1	431043	431056	1
CP142623.1	431056	431092	2
CP142623.1	431092	431094	1
CP142623.1	431094	431099	2
CP142623.1	431099	431100	1
CP142623.1	431100	431131	2
CP142623.1	431131	431132	1
CP142623.1	431132	431166	2
CP142623.1	431166	431335	1
CP142623.1	431335	431348	2
CP142623.1	431348	431388	1
CP142623.1	431388	431442	0
CP142623.1	431442	431580	1
CP142623.1	431580	431670	0
CP142623.1	431670	431671	1
CP142623.1	431671	431720	2
CP142623.1	431720	431757	1
CP142623.1	431757	431765	2
CP142623.1	431765	431833	3
CP142623.1	431833	431842	2
CP142623.1	431842	431869	1
CP142623.1	431869	431878	2
CP142623.1	431878	431889	1
CP142623.1	431889	431900	2
CP142623.1	431900	431931	3
CP142623.1	431931	431933	2
CP142623.1	431933	431957	1
CP142623.1	431957	431959	0
CP142623.1	431959	431960	1
CP142623.1	431960	431988	2
CP142623.1	431988	431991	1
CP142623.1	431991	432005	2
CP142623.1	432005	432060	1
CP142623.1	432060	432076	2
CP142623.1	432076	432082	1
CP142623.1	432082	432097	2
CP142623.1	432097	432113	3
CP142623.1	432113	432156	2
CP142623.1	432156	432170	1
CP142623.1	432170	432211	2
CP142623.1	432211	432238	1
CP142623.1	432238	432288	2
CP142623.1	432288	432289	1
CP142623.1	432289	432299	2
CP142623.1	432299	432346	1
CP142623.1	432346	432375	2
CP142623.1	432375	432376	1
CP142623.1	432376	432393	2
CP142623.1	432393	432452	3
CP142623.1	432452	432456	4
CP142623.1	432456	432467	3
CP142623.1	432467	432477	2
CP142623.1	432477	432485	3
CP142623.1	432485	432486	2
CP142623.1	432486	432517	3
CP142623.1	432517	432544	2
CP142623.1	432544	432550	3
CP142623.1	432550	432559	2
CP142623.1	432559	432560	3
CP142623.1	432560	432592	2
CP142623.1	432592	432639	1
CP142623.1	432639	432640	2
CP142623.1	432640	432648	3
CP142623.1	432648	432649	4
CP142623.1	432649	432672	3
CP142623.1	432672	432674	2
CP142623.1	432674	432675	1
CP142623.1	432675	432683	2
CP142623.1	432683	432709	3
CP142623.1	432709	432743	2
CP142623.1	432743	432845	1
CP142623.1	432845	432960	0
CP142623.1	432960	432962	1
CP142623.1	432962	433084	2
CP142623.1	433084	433087	1
CP142623.1	433087	433099	2
CP142623.1	433099	433133	1
CP142623.1	433133	433147	2
CP142623.1	433147	433154	1
CP142623.1	433154	433179	2
CP142623.1	433179	433246	3
CP142623.1	433246	433273	2
CP142623.1	433273	433275	1
CP142623.1	433275	433301	2
CP142623.1	433301	433305	3
CP142623.1	433305	433351	4
CP142623.1	433351	433398	3
CP142623.1	433398	433426	2
CP142623.1	433426	433537	1
CP142623.1	433537	433608	0
CP142623.1	433608	433683	1
CP142623.1	433683	433733	0
CP142623.1	433733	433799	1
CP142623.1	433799	433938	0
CP142623.1	433938	434146	1
CP142623.1	434146	434158	0
CP142623.1	434158	434234	1
CP142623.1	434234	434280	0
CP142623.1	434280	434342	1
CP142623.1	434342	434343	0
CP142623.1	434343	434478	1
CP142623.1	434478	434481	2
CP142623.1	434481	434516	3
CP142623.1	434516	434517	2
CP142623.1	434517	434527	4
CP142623.1	434527	434533	3
CP142623.1	434533	434566	4
CP142623.1	434566	434582	3
CP142623.1	434582	434594	4
CP142623.1	434594	434595	3
CP142623.1	434595	434599	2
CP142623.1	434599	434639	3
CP142623.1	434639	434674	2
CP142623.1	434674	434687	3
CP142623.1	434687	434706	4
CP142623.1	434706	434739	3
CP142623.1	434739	434743	2
CP142623.1	434743	434745	1
CP142623.1	434745	434766	3
CP142623.1	434766	434768	4
CP142623.1	434768	434769	3
CP142623.1	434769	434785	4
CP142623.1	434785	434791	3
CP142623.1	434791	434828	2
CP142623.1	434828	434899	1
CP142623.1	434899	434906	0
CP142623.1	434906	435021	1
CP142623.1	435021	435123	0
CP142623.1	435123	435146	1
CP142623.1	435146	435224	2
CP142623.1	435224	435343	1
CP142623.1	435343	435345	2
CP142623.1	435345	435378	1
CP142623.1	435378	435422	2
CP142623.1	435422	435425	0
CP142623.1	435425	435430	2
CP142623.1	435430	435484	3
CP142623.1	435484	435541	4
CP142623.1	435541	435551	3
CP142623.1	435551	435552	1
CP142623.1	435552	435600	3
CP142623.1	435600	435632	4
CP142623.1	435632	435634	2
CP142623.1	435634	435647	3
CP142623.1	435647	435648	2
CP142623.1	435648	435666	3
CP142623.1	435666	435688	4
CP142623.1	435688	435689	3
CP142623.1	435689	435692	0
CP142623.1	435692	435740	3
CP142623.1	435740	435741	2
CP142623.1	435741	435750	3
CP142623.1	435750	435751	2
CP142623.1	435751	435760	3
CP142623.1	435760	435763	2
CP142623.1	435763	435800	3
CP142623.1	435800	435805	2
CP142623.1	435805	435806	3
CP142623.1	435806	435808	4
CP142623.1	435808	435809	3
CP142623.1	435809	435819	4
CP142623.1	435819	435855	3
CP142623.1	435855	435880	2
CP142623.1	435880	435895	3
CP142623.1	435895	436068	2
CP142623.1	436068	436128	1
CP142623.1	436128	436141	2
CP142623.1	436141	436146	1
CP142623.1	436146	436223	2
CP142623.1	436223	436226	1
CP142623.1	436226	436264	2
CP142623.1	436264	436287	3
CP142623.1	436287	436371	2
CP142623.1	436371	436429	1
CP142623.1	436429	436474	2
CP142623.1	436474	436475	1
CP142623.1	436475	436490	2
CP142623.1	436490	436577	1
CP142623.1	436577	436597	2
CP142623.1	436597	436599	1
CP142623.1	436599	436619	2
CP142623.1	436619	436637	3
CP142623.1	436637	436647	2
CP142623.1	436647	436648	3
CP142623.1	436648	436657	4
CP142623.1	436657	436700	3
CP142623.1	436700	436731	4
CP142623.1	436731	436789	3
CP142623.1	436789	436798	2
CP142623.1	436798	436840	3
CP142623.1	436840	436843	2
CP142623.1	436843	436894	3
CP142623.1	436894	436900	4
CP142623.1	436900	436924	3
CP142623.1	436924	436932	2
CP142623.1	436932	436938	3
CP142623.1	436938	436960	4
CP142623.1	436960	436962	3
CP142623.1	436962	436972	4
CP142623.1	436972	436988	3
CP142623.1	436988	436996	2
CP142623.1	436996	437000	3
CP142623.1	437000	437001	2
CP142623.1	437001	437065	3
CP142623.1	437065	437095	4
CP142623.1	437095	437127	3
CP142623.1	437127	437178	4
CP142623.1	437178	437294	3
CP142623.1	437294	437318	2
CP142623.1	437318	437324	3
CP142623.1	437324	437403	2
CP142623.1	437403	437435	3
CP142623.1	437435	437437	2
CP142623.1	437437	437438	1
CP142623.1	437438	437500	2
CP142623.1	437500	437510	1
CP142623.1	437510	437512	0
CP142623.1	437512	437559	1
CP142623.1	437559	437619	2
CP142623.1	437619	437620	1
CP142623.1	437620	437661	2
CP142623.1	437661	437662	1
CP142623.1	437662	437667	2
CP142623.1	437667	437721	3
CP142623.1	437721	437727	2
CP142623.1	437727	437730	3
CP142623.1	437730	437731	1
CP142623.1	437731	437824	2
CP142623.1	437824	437941	1
CP142623.1	437941	438110	0
CP142623.1	438110	438184	1
CP142623.1	438184	438206	2
CP142623.1	438206	438240	3
CP142623.1	438240	438298	2
CP142623.1	438298	438328	3
CP142623.1	438328	438386	4
CP142623.1	438386	438439	3
CP142623.1	438439	438449	4
CP142623.1	438449	438459	3
CP142623.1	438459	438479	4
CP142623.1	438479	438480	3
CP142623.1	438480	438550	4
CP142623.1	438550	438584	3
CP142623.1	438584	438600	2
CP142623.1	438600	438656	1
CP142623.1	438656	438727	0
CP142623.1	438727	438880	1
CP142623.1	438880	438974	2
CP142623.1	438974	439024	1
CP142623.1	439024	439057	2
CP142623.1	439057	439138	3
CP142623.1	439138	439142	2
CP142623.1	439142	439185	1
CP142623.1	439185	439186	2
CP142623.1	439186	439198	3
CP142623.1	439198	439309	4
CP142623.1	439309	439348	5
CP142623.1	439348	439366	4
CP142623.1	439366	439371	3
CP142623.1	439371	439422	2
CP142623.1	439422	439481	1
CP142623.1	439481	439490	2
CP142623.1	439490	439491	1
CP142623.1	439491	439518	2
CP142623.1	439518	439586	1
CP142623.1	439586	439600	2
CP142623.1	439600	439602	3
CP142623.1	439602	439607	2
CP142623.1	439607	439628	3
CP142623.1	439628	439718	2
CP142623.1	439718	439745	3
CP142623.1	439745	439751	4
CP142623.1	439751	439810	3
CP142623.1	439810	439833	2
CP142623.1	439833	439843	1
CP142623.1	439843	440107	0
CP142623.1	440107	440115	1
CP142623.1	440115	440116	0
CP142623.1	440116	440274	1
CP142623.1	440274	440297	2
CP142623.1	440297	440298	0
CP142623.1	440298	440313	2
CP142623.1	440313	440314	1
CP142623.1	440314	440318	2
CP142623.1	440318	440320	1
CP142623.1	440320	440407	2
CP142623.1	440407	440415	3
CP142623.1	440415	440533	2
CP142623.1	440533	440542	1
CP142623.1	440542	440567	2
CP142623.1	440567	440581	1
CP142623.1	440581	440584	0
CP142623.1	440584	440640	1
CP142623.1	440640	440650	2
CP142623.1	440650	440683	3
CP142623.1	440683	440702	2
CP142623.1	440702	440854	3
CP142623.1	440854	440855	2
CP142623.1	440855	440864	3
CP142623.1	440864	440865	2
CP142623.1	440865	440929	1
CP142623.1	440929	441178	0
CP142623.1	441178	441281	1
CP142623.1	441281	441432	2
CP142623.1	441432	441433	1
CP142623.1	441433	441441	2
CP142623.1	441441	441446	1
CP142623.1	441446	441461	2
CP142623.1	441461	441494	3
CP142623.1	441494	441496	2
CP142623.1	441496	441501	3
CP142623.1	441501	441509	2
CP142623.1	441509	441525	3
CP142623.1	441525	441547	4
CP142623.1	441547	441557	3
CP142623.1	441557	441558	2
CP142623.1	441558	441565	1
CP142623.1	441565	441604	2
CP142623.1	441604	441638	1
CP142623.1	441638	441740	2
CP142623.1	441740	441777	3
CP142623.1	441777	441856	2
CP142623.1	441856	441857	1
CP142623.1	441857	441866	2
CP142623.1	441866	441890	3
CP142623.1	441890	441891	2
CP142623.1	441891	441897	3
CP142623.1	441897	441898	2
CP142623.1	441898	441959	3
CP142623.1	441959	441996	2
CP142623.1	441996	441998	1
CP142623.1	441998	441999	0
CP142623.1	441999	442081	1
CP142623.1	442081	442096	2
CP142623.1	442096	442099	1
CP142623.1	442099	442173	2
CP142623.1	442173	442186	3
CP142623.1	442186	442255	2
CP142623.1	442255	442268	1
CP142623.1	442268	442294	0
CP142623.1	442294	442303	1
CP142623.1	442303	442338	2
CP142623.1	442338	442350	3
CP142623.1	442350	442364	2
CP142623.1	442364	442387	3
CP142623.1	442387	442399	4
CP142623.1	442399	442402	3
CP142623.1	442402	442421	4
CP142623.1	442421	442454	3
CP142623.1	442454	442467	2
CP142623.1	442467	442500	3
CP142623.1	442500	442721	2
CP142623.1	442721	442888	1
CP142623.1	442888	442891	2
CP142623.1	442891	442902	3
CP142623.1	442902	442951	2
CP142623.1	442951	442953	3
CP142623.1	442953	442970	2
CP142623.1	442970	443038	3
CP142623.1	443038	443089	4
CP142623.1	443089	443111	5
CP142623.1	443111	443123	4
CP142623.1	443123	443137	3
CP142623.1	443137	443153	4
CP142623.1	443153	443158	3
CP142623.1	443158	443166	2
CP142623.1	443166	443168	1
CP142623.1	443168	443183	2
CP142623.1	443183	443241	1
CP142623.1	443241	443246	0
CP142623.1	443246	443252	1
CP142623.1	443252	443264	2
CP142623.1	443264	443368	3
CP142623.1	443368	443372	2
CP142623.1	443372	443375	1
CP142623.1	443375	443378	0
CP142623.1	443378	443442	1
CP142623.1	443442	443446	2
CP142623.1	443446	443571	1
CP142623.1	443571	443686	0
CP142623.1	443686	443692	1
CP142623.1	443692	443756	2
CP142623.1	443756	443791	3
CP142623.1	443791	443823	2
CP142623.1	443823	443905	3
CP142623.1	443905	443916	2
CP142623.1	443916	443988	1
CP142623.1	443988	444013	0
CP142623.1	444013	444098	1
CP142623.1	444098	444129	2
CP142623.1	444129	444139	3
CP142623.1	444139	444175	4
CP142623.1	444175	444213	3
CP142623.1	444213	444214	4
CP142623.1	444214	444216	3
CP142623.1	444216	444228	4
CP142623.1	444228	444229	1
CP142623.1	444229	444256	4
CP142623.1	444256	444264	3
CP142623.1	444264	444265	2
CP142623.1	444265	444267	3
CP142623.1	444267	444293	2
CP142623.1	444293	444402	1
CP142623.1	444402	444523	0
CP142623.1	444523	444683	1
CP142623.1	444683	444708	2
CP142623.1	444708	444727	3
CP142623.1	444727	444777	2
CP142623.1	444777	444778	1
CP142623.1	444778	444797	2
CP142623.1	444797	444805	3
CP142623.1	444805	444864	2
CP142623.1	444864	444865	1
CP142623.1	444865	444870	2
CP142623.1	444870	444886	1
CP142623.1	444886	444889	0
CP142623.1	444889	444991	1
CP142623.1	444991	445078	2
CP142623.1	445078	445089	1
CP142623.1	445089	445272	0
CP142623.1	445272	445373	1
CP142623.1	445373	445389	0
CP142623.1	445389	445500	1
CP142623.1	445500	445740	0
CP142623.1	445740	445802	1
CP142623.1	445802	445803	0
CP142623.1	445803	445827	1
CP142623.1	445827	445840	2
CP142623.1	445840	445844	1
CP142623.1	445844	445881	2
CP142623.1	445881	445959	1
CP142623.1	445959	446165	0
CP142623.1	446165	446175	1
CP142623.1	446175	446177	0
CP142623.1	446177	446185	1
CP142623.1	446185	446267	2
CP142623.1	446267	446268	1
CP142623.1	446268	446336	2
CP142623.1	446336	446382	1
CP142623.1	446382	446456	0
CP142623.1	446456	446467	1
CP142623.1	446467	446515	2
CP142623.1	446515	446538	3
CP142623.1	446538	446580	2
CP142623.1	446580	446653	1
CP142623.1	446653	446703	2
CP142623.1	446703	446704	1
CP142623.1	446704	446734	2
CP142623.1	446734	446786	1
CP142623.1	446786	446806	2
CP142623.1	446806	446859	1
CP142623.1	446859	446923	0
CP142623.1	446923	447017	1
CP142623.1	447017	447040	0
CP142623.1	447040	447051	1
CP142623.1	447051	447099	2
CP142623.1	447099	447167	3
CP142623.1	447167	447201	4
CP142623.1	447201	447205	3
CP142623.1	447205	447253	4
CP142623.1	447253	447254	3
CP142623.1	447254	447285	4
CP142623.1	447285	447291	3
CP142623.1	447291	447296	4
CP142623.1	447296	447298	3
CP142623.1	447298	447355	4
CP142623.1	447355	447411	3
CP142623.1	447411	447423	4
CP142623.1	447423	447443	3
CP142623.1	447443	447472	2
CP142623.1	447472	447583	1
CP142623.1	447583	447630	0
CP142623.1	447630	447721	1
CP142623.1	447721	447782	2
CP142623.1	447782	447787	1
CP142623.1	447787	447849	0
CP142623.1	447849	447897	1
CP142623.1	447897	447898	2
CP142623.1	447898	447958	3
CP142623.1	447958	447973	2
CP142623.1	447973	448023	1
CP142623.1	448023	448040	0
CP142623.1	448040	448103	1
CP142623.1	448103	448159	0
CP142623.1	448159	448195	1
CP142623.1	448195	448198	2
CP142623.1	448198	448230	3
CP142623.1	448230	448232	2
CP142623.1	448232	448282	3
CP142623.1	448282	448421	2
CP142623.1	448421	448542	1
CP142623.1	448542	448621	2
CP142623.1	448621	448641	3
CP142623.1	448641	448679	2
CP142623.1	448679	448693	1
CP142623.1	448693	448717	0
CP142623.1	448717	448739	1
CP142623.1	448739	448770	2
CP142623.1	448770	448828	3
CP142623.1	448828	448843	2
CP142623.1	448843	448850	3
CP142623.1	448850	448981	2
CP142623.1	448981	449052	1
CP142623.1	449052	449061	0
CP142623.1	449061	449111	1
CP142623.1	449111	449162	0
CP142623.1	449162	449163	1
CP142623.1	449163	449228	2
CP142623.1	449228	449229	1
CP142623.1	449229	449303	2
CP142623.1	449303	449324	1
CP142623.1	449324	449376	0
CP142623.1	449376	449528	1
CP142623.1	449528	449553	0
CP142623.1	449553	449604	1
CP142623.1	449604	449611	2
CP142623.1	449611	449617	1
CP142623.1	449617	449618	0
CP142623.1	449618	449670	1
CP142623.1	449670	449749	0
CP142623.1	449749	449786	1
CP142623.1	449786	449810	0
CP142623.1	449810	449831	1
CP142623.1	449831	449929	2
CP142623.1	449929	449953	1
CP142623.1	449953	450019	2
CP142623.1	450019	450032	3
CP142623.1	450032	450066	2
CP142623.1	450066	450068	3
CP142623.1	450068	450133	2
CP142623.1	450133	450134	0
CP142623.1	450134	450198	2
CP142623.1	450198	450217	3
CP142623.1	450217	450218	2
CP142623.1	450218	450236	3
CP142623.1	450236	450237	2
CP142623.1	450237	450240	1
CP142623.1	450240	450417	2
CP142623.1	450417	450437	1
CP142623.1	450437	450449	2
CP142623.1	450449	450502	3
CP142623.1	450502	450520	4
CP142623.1	450520	450521	2
CP142623.1	450521	450535	3
CP142623.1	450535	450554	4
CP142623.1	450554	450568	3
CP142623.1	450568	450575	2
CP142623.1	450575	450576	1
CP142623.1	450576	450584	2
CP142623.1	450584	450589	1
CP142623.1	450589	450590	0
CP142623.1	450590	450612	1
CP142623.1	450612	450773	0
CP142623.1	450773	450774	1
CP142623.1	450774	450824	2
CP142623.1	450824	450908	1
CP142623.1	450908	450921	0
CP142623.1	450921	451010	1
CP142623.1	451010	451028	0
CP142623.1	451028	451115	1
CP142623.1	451115	451116	2
CP142623.1	451116	451123	3
CP142623.1	451123	451189	2
CP142623.1	451189	451200	3
CP142623.1	451200	451247	2
CP142623.1	451247	451435	1
CP142623.1	451435	451452	2
CP142623.1	451452	451465	3
CP142623.1	451465	451486	2
CP142623.1	451486	451493	1
CP142623.1	451493	451494	0
CP142623.1	451494	451528	1
CP142623.1	451528	451529	0
CP142623.1	451529	451548	1
CP142623.1	451548	451571	2
CP142623.1	451571	451581	3
CP142623.1	451581	451616	2
CP142623.1	451616	451625	3
CP142623.1	451625	451677	2
CP142623.1	451677	451714	1
CP142623.1	451714	451761	0
CP142623.1	451761	451765	1
CP142623.1	451765	451834	2
CP142623.1	451834	451860	1
CP142623.1	451860	451861	2
CP142623.1	451861	451888	3
CP142623.1	451888	451893	2
CP142623.1	451893	451905	1
CP142623.1	451905	451949	2
CP142623.1	451949	451956	3
CP142623.1	451956	451957	2
CP142623.1	451957	451981	3
CP142623.1	451981	452019	2
CP142623.1	452019	452074	1
CP142623.1	452074	452076	0
CP142623.1	452076	452254	1
CP142623.1	452254	452457	0
CP142623.1	452457	452514	1
CP142623.1	452514	452516	0
CP142623.1	452516	452699	1
CP142623.1	452699	452700	0
CP142623.1	452700	452778	1
CP142623.1	452778	452779	0
CP142623.1	452779	452859	1
CP142623.1	452859	452870	2
CP142623.1	452870	452985	1
CP142623.1	452985	452986	0
CP142623.1	452986	453054	1
CP142623.1	453054	453059	2
CP142623.1	453059	453105	3
CP142623.1	453105	453107	4
CP142623.1	453107	453112	5
CP142623.1	453112	453136	4
CP142623.1	453136	453139	3
CP142623.1	453139	453160	4
CP142623.1	453160	453163	3
CP142623.1	453163	453168	4
CP142623.1	453168	453169	3
CP142623.1	453169	453174	4
CP142623.1	453174	453175	5
CP142623.1	453175	453198	4
CP142623.1	453198	453234	3
CP142623.1	453234	453283	4
CP142623.1	453283	453321	3
CP142623.1	453321	453337	2
CP142623.1	453337	453437	1
CP142623.1	453437	453479	2
CP142623.1	453479	453480	1
CP142623.1	453480	453482	2
CP142623.1	453482	453515	1
CP142623.1	453515	453547	0
CP142623.1	453547	453583	1
CP142623.1	453583	453589	0
CP142623.1	453589	453643	1
CP142623.1	453643	453660	2
CP142623.1	453660	453682	3
CP142623.1	453682	453683	1
CP142623.1	453683	453693	3
CP142623.1	453693	453694	2
CP142623.1	453694	453714	3
CP142623.1	453714	453727	4
CP142623.1	453727	453728	3
CP142623.1	453728	453737	4
CP142623.1	453737	453738	3
CP142623.1	453738	453748	4
CP142623.1	453748	453795	5
CP142623.1	453795	453797	6
CP142623.1	453797	453803	5
CP142623.1	453803	453848	4
CP142623.1	453848	453888	3
CP142623.1	453888	453898	2
CP142623.1	453898	453971	1
CP142623.1	453971	453989	0
CP142623.1	453989	454095	1
CP142623.1	454095	454158	0
CP142623.1	454158	454236	1
CP142623.1	454236	454373	2
CP142623.1	454373	454423	1
CP142623.1	454423	454431	2
CP142623.1	454431	454435	3
CP142623.1	454435	454446	4
CP142623.1	454446	454486	3
CP142623.1	454486	454497	2
CP142623.1	454497	454562	1
CP142623.1	454562	454568	0
CP142623.1	454568	454620	1
CP142623.1	454620	454623	2
CP142623.1	454623	454841	1
CP142623.1	454841	454858	0
CP142623.1	454858	454877	1
CP142623.1	454877	454901	2
CP142623.1	454901	454910	3
CP142623.1	454910	454931	2
CP142623.1	454931	454932	1
CP142623.1	454932	454963	2
CP142623.1	454963	454964	1
CP142623.1	454964	455005	2
CP142623.1	455005	455239	1
CP142623.1	455239	455360	0
CP142623.1	455360	455503	1
CP142623.1	455503	455577	2
CP142623.1	455577	455581	1
CP142623.1	455581	455623	2
CP142623.1	455623	455638	1
CP142623.1	455638	455663	2
CP142623.1	455663	455690	3
CP142623.1	455690	455759	2
CP142623.1	455759	455760	1
CP142623.1	455760	455793	2
CP142623.1	455793	455794	1
CP142623.1	455794	455811	2
CP142623.1	455811	455815	3
CP142623.1	455815	455831	4
CP142623.1	455831	455832	3
CP142623.1	455832	455848	4
CP142623.1	455848	455887	3
CP142623.1	455887	455918	2
CP142623.1	455918	455992	3
CP142623.1	455992	455994	2
CP142623.1	455994	456052	3
CP142623.1	456052	456055	2
CP142623.1	456055	456066	1
CP142623.1	456066	456082	2
CP142623.1	456082	456083	1
CP142623.1	456083	456084	0
CP142623.1	456084	456129	1
CP142623.1	456129	456538	0
CP142623.1	456538	456589	1
CP142623.1	456589	456592	0
CP142623.1	456592	456645	1
CP142623.1	456645	456648	2
CP142623.1	456648	456697	3
CP142623.1	456697	456712	4
CP142623.1	456712	456726	5
CP142623.1	456726	456728	2
CP142623.1	456728	456729	3
CP142623.1	456729	456730	1
CP142623.1	456730	456742	3
CP142623.1	456742	456772	4
CP142623.1	456772	456792	3
CP142623.1	456792	456860	2
CP142623.1	456860	456874	3
CP142623.1	456874	456884	4
CP142623.1	456884	456886	3
CP142623.1	456886	456902	4
CP142623.1	456902	456938	3
CP142623.1	456938	456950	2
CP142623.1	456950	456982	3
CP142623.1	456982	456986	2
CP142623.1	456986	457001	1
CP142623.1	457001	457026	2
CP142623.1	457026	457059	1
CP142623.1	457059	457089	2
CP142623.1	457089	457115	1
CP142623.1	457115	457117	0
CP142623.1	457117	457189	1
CP142623.1	457189	457193	2
CP142623.1	457193	457258	3
CP142623.1	457258	457259	2
CP142623.1	457259	457300	3
CP142623.1	457300	457335	2
CP142623.1	457335	457346	4
CP142623.1	457346	457349	1
CP142623.1	457349	457350	3
CP142623.1	457350	457375	2
CP142623.1	457375	457377	3
CP142623.1	457377	457451	2
CP142623.1	457451	457529	3
CP142623.1	457529	457538	2
CP142623.1	457538	457583	1
CP142623.1	457583	457637	2
CP142623.1	457637	457650	1
CP142623.1	457650	457689	2
CP142623.1	457689	457733	1
CP142623.1	457733	457742	2
CP142623.1	457742	457828	1
CP142623.1	457828	457853	2
CP142623.1	457853	457860	1
CP142623.1	457860	457901	2
CP142623.1	457901	457921	1
CP142623.1	457921	458013	2
CP142623.1	458013	458071	1
CP142623.1	458071	458087	2
CP142623.1	458087	458312	1
CP142623.1	458312	458404	0
CP142623.1	458404	458464	1
CP142623.1	458464	458561	3
CP142623.1	458561	458638	2
CP142623.1	458638	458731	3
CP142623.1	458731	458734	2
CP142623.1	458734	458746	3
CP142623.1	458746	458852	2
CP142623.1	458852	458873	1
CP142623.1	458873	458929	2
CP142623.1	458929	458965	1
CP142623.1	458965	459000	2
CP142623.1	459000	459003	3
CP142623.1	459003	459004	2
CP142623.1	459004	459039	3
CP142623.1	459039	459042	2
CP142623.1	459042	459043	1
CP142623.1	459043	459151	2
CP142623.1	459151	459156	3
CP142623.1	459156	459192	2
CP142623.1	459192	459216	3
CP142623.1	459216	459220	2
CP142623.1	459220	459277	3
CP142623.1	459277	459290	2
CP142623.1	459290	459317	1
CP142623.1	459317	459360	0
CP142623.1	459360	459517	1
CP142623.1	459517	459600	0
CP142623.1	459600	459752	1
CP142623.1	459752	459753	2
CP142623.1	459753	459792	3
CP142623.1	459792	459805	2
CP142623.1	459805	459826	3
CP142623.1	459826	459829	2
CP142623.1	459829	459845	3
CP142623.1	459845	459853	2
CP142623.1	459853	459894	3
CP142623.1	459894	459915	4
CP142623.1	459915	459916	3
CP142623.1	459916	459922	4
CP142623.1	459922	459924	3
CP142623.1	459924	459929	2
CP142623.1	459929	459938	3
CP142623.1	459938	460003	2
CP142623.1	460003	460015	1
CP142623.1	460015	460034	0
CP142623.1	460034	460190	1
CP142623.1	460190	460201	0
CP142623.1	460201	460211	1
CP142623.1	460211	460324	2
CP142623.1	460324	460344	3
CP142623.1	460344	460406	2
CP142623.1	460406	460489	1
CP142623.1	460489	460519	2
CP142623.1	460519	460520	1
CP142623.1	460520	460549	2
CP142623.1	460549	460600	1
CP142623.1	460600	460767	0
CP142623.1	460767	460880	1
CP142623.1	460880	460881	2
CP142623.1	460881	460908	1
CP142623.1	460908	460909	0
CP142623.1	460909	461138	1
CP142623.1	461138	461152	0
CP142623.1	461152	461179	1
CP142623.1	461179	461180	0
CP142623.1	461180	461192	1
CP142623.1	461192	461211	2
CP142623.1	461211	461212	1
CP142623.1	461212	461214	0
CP142623.1	461214	461293	1
CP142623.1	461293	461319	0
CP142623.1	461319	461330	1
CP142623.1	461330	461371	2
CP142623.1	461371	461484	1
CP142623.1	461484	461598	0
CP142623.1	461598	461669	1
CP142623.1	461669	461754	0
CP142623.1	461754	461808	1
CP142623.1	461808	461813	0
CP142623.1	461813	461902	1
CP142623.1	461902	461920	2
CP142623.1	461920	461997	1
CP142623.1	461997	462080	2
CP142623.1	462080	462094	1
CP142623.1	462094	462146	2
CP142623.1	462146	462147	1
CP142623.1	462147	462174	2
CP142623.1	462174	462257	1
CP142623.1	462257	462311	0
CP142623.1	462311	462350	1
CP142623.1	462350	462368	2
CP142623.1	462368	462375	1
CP142623.1	462375	462386	2
CP142623.1	462386	462416	3
CP142623.1	462416	462461	2
CP142623.1	462461	462471	1
CP142623.1	462471	462477	2
CP142623.1	462477	462546	1
CP142623.1	462546	462596	0
CP142623.1	462596	462649	1
CP142623.1	462649	462741	2
CP142623.1	462741	462747	3
CP142623.1	462747	462748	2
CP142623.1	462748	462801	3
CP142623.1	462801	462832	2
CP142623.1	462832	462871	1
CP142623.1	462871	462879	2
CP142623.1	462879	462976	1
CP142623.1	462976	463079	0
CP142623.1	463079	463130	1
CP142623.1	463130	463293	0
CP142623.1	463293	463361	1
CP142623.1	463361	463413	2
CP142623.1	463413	463427	3
CP142623.1	463427	463428	2
CP142623.1	463428	463459	3
CP142623.1	463459	463509	2
CP142623.1	463509	463528	1
CP142623.1	463528	463654	2
CP142623.1	463654	463677	1
CP142623.1	463677	463696	2
CP142623.1	463696	463782	1
CP142623.1	463782	463802	2
CP142623.1	463802	463831	3
CP142623.1	463831	463832	1
CP142623.1	463832	463918	3
CP142623.1	463918	464001	2
CP142623.1	464001	464014	3
CP142623.1	464014	464068	2
CP142623.1	464068	464206	1
CP142623.1	464206	464225	0
CP142623.1	464225	464259	1
CP142623.1	464259	464400	2
CP142623.1	464400	464409	1
CP142623.1	464409	464663	0
CP142623.1	464663	464721	1
CP142623.1	464721	464785	2
CP142623.1	464785	464843	1
CP142623.1	464843	464869	0
CP142623.1	464869	464949	1
CP142623.1	464949	464951	0
CP142623.1	464951	464977	1
CP142623.1	464977	464979	2
CP142623.1	464979	465017	1
CP142623.1	465017	465070	2
CP142623.1	465070	465076	1
CP142623.1	465076	465279	2
CP142623.1	465279	465342	3
CP142623.1	465342	465387	2
CP142623.1	465387	465484	1
CP142623.1	465484	465518	0
CP142623.1	465518	465645	1
CP142623.1	465645	465669	2
CP142623.1	465669	465886	1
CP142623.1	465886	465966	0
CP142623.1	465966	465976	1
CP142623.1	465976	466073	2
CP142623.1	466073	466111	1
CP142623.1	466111	466155	2
CP142623.1	466155	466160	1
CP142623.1	466160	466286	0
CP142623.1	466286	466430	1
CP142623.1	466430	466485	2
CP142623.1	466485	466523	1
CP142623.1	466523	466556	2
CP142623.1	466556	466578	1
CP142623.1	466578	466579	0
CP142623.1	466579	466673	1
CP142623.1	466673	466716	0
CP142623.1	466716	466881	1
CP142623.1	466881	466884	0
CP142623.1	466884	466899	1
CP142623.1	466899	466941	2
CP142623.1	466941	466958	3
CP142623.1	466958	466983	4
CP142623.1	466983	466997	3
CP142623.1	466997	467057	2
CP142623.1	467057	467080	3
CP142623.1	467080	467096	2
CP142623.1	467096	467104	1
CP142623.1	467104	467119	2
CP142623.1	467119	467203	3
CP142623.1	467203	467217	2
CP142623.1	467217	467234	3
CP142623.1	467234	467244	2
CP142623.1	467244	467249	3
CP142623.1	467249	467250	2
CP142623.1	467250	467263	3
CP142623.1	467263	467264	2
CP142623.1	467264	467283	3
CP142623.1	467283	467324	2
CP142623.1	467324	467388	1
CP142623.1	467388	467469	0
CP142623.1	467469	467488	1
CP142623.1	467488	467489	0
CP142623.1	467489	467544	1
CP142623.1	467544	468110	0
CP142623.1	468110	468126	1
CP142623.1	468126	468150	2
CP142623.1	468150	468219	3
CP142623.1	468219	468227	4
CP142623.1	468227	468264	5
CP142623.1	468264	468271	6
CP142623.1	468271	468274	5
CP142623.1	468274	468286	4
CP142623.1	468286	468338	5
CP142623.1	468338	468339	1
CP142623.1	468339	468348	5
CP142623.1	468348	468349	2
CP142623.1	468349	468362	5
CP142623.1	468362	468382	4
CP142623.1	468382	468421	2
CP142623.1	468421	468431	3
CP142623.1	468431	468571	2
CP142623.1	468571	468586	1
CP142623.1	468586	468614	0
CP142623.1	468614	468666	1
CP142623.1	468666	468705	2
CP142623.1	468705	468788	1
CP142623.1	468788	469199	0
CP142623.1	469199	469351	1
CP142623.1	469351	469374	0
CP142623.1	469374	469430	1
CP142623.1	469430	470001	0
CP142623.1	470001	470064	1
CP142623.1	470064	470071	0
CP142623.1	470071	470164	1
CP142623.1	470164	470170	2
CP142623.1	470170	470186	1
CP142623.1	470186	470189	0
CP142623.1	470189	470294	1
CP142623.1	470294	470368	2
CP142623.1	470368	470369	1
CP142623.1	470369	470374	2
CP142623.1	470374	470454	3
CP142623.1	470454	470458	2
CP142623.1	470458	470603	1
CP142623.1	470603	470674	0
CP142623.1	470674	470812	1
CP142623.1	470812	471017	0
CP142623.1	471017	471163	1
CP142623.1	471163	471265	2
CP142623.1	471265	471271	1
CP142623.1	471271	471305	2
CP142623.1	471305	471321	1
CP142623.1	471321	471578	0
CP142623.1	471578	471613	1
CP142623.1	471613	471677	2
CP142623.1	471677	471678	1
CP142623.1	471678	471731	3
CP142623.1	471731	471779	2
CP142623.1	471779	471880	1
CP142623.1	471880	472286	0
CP142623.1	472286	472476	1
CP142623.1	472476	472649	0
CP142623.1	472649	472737	1
CP142623.1	472737	472792	2
CP142623.1	472792	472796	3
CP142623.1	472796	472869	2
CP142623.1	472869	472870	0
CP142623.1	472870	472888	2
CP142623.1	472888	472889	3
CP142623.1	472889	472957	2
CP142623.1	472957	472988	1
CP142623.1	472988	472998	2
CP142623.1	472998	473067	1
CP142623.1	473067	473071	0
CP142623.1	473071	473075	1
CP142623.1	473075	473116	2
CP142623.1	473116	473138	3
CP142623.1	473138	473195	2
CP142623.1	473195	473257	1
CP142623.1	473257	473338	0
CP142623.1	473338	473380	1
CP142623.1	473380	473381	0
CP142623.1	473381	473500	1
CP142623.1	473500	473501	0
CP142623.1	473501	473528	1
CP142623.1	473528	473946	0
CP142623.1	473946	474169	1
CP142623.1	474169	474234	0
CP142623.1	474234	474300	1
CP142623.1	474300	474303	0
CP142623.1	474303	474317	1
CP142623.1	474317	474429	2
CP142623.1	474429	474470	1
CP142623.1	474470	474675	0
CP142623.1	474675	474716	1
CP142623.1	474716	474825	2
CP142623.1	474825	474911	1
CP142623.1	474911	475083	0
CP142623.1	475083	475124	1
CP142623.1	475124	475126	0
CP142623.1	475126	475184	1
CP142623.1	475184	475534	0
CP142623.1	475534	475606	1
CP142623.1	475606	475763	2
CP142623.1	475763	475862	1
CP142623.1	475862	476059	0
CP142623.1	476059	476260	1
CP142623.1	476260	476291	0
CP142623.1	476291	476294	1
CP142623.1	476294	476301	2
CP142623.1	476301	476302	1
CP142623.1	476302	476312	2
CP142623.1	476312	476331	3
CP142623.1	476331	476470	2
CP142623.1	476470	476511	1
CP142623.1	476511	476927	0
CP142623.1	476927	477018	1
CP142623.1	477018	477330	0
CP142623.1	477330	477392	1
CP142623.1	477392	477485	0
CP142623.1	477485	477497	1
CP142623.1	477497	477538	2
CP142623.1	477538	477563	3
CP142623.1	477563	477565	4
CP142623.1	477565	477566	3
CP142623.1	477566	477626	4
CP142623.1	477626	477635	5
CP142623.1	477635	477647	4
CP142623.1	477647	477656	3
CP142623.1	477656	477667	2
CP142623.1	477667	477691	1
CP142623.1	477691	477732	2
CP142623.1	477732	477841	1
CP142623.1	477841	478699	0
CP142623.1	478699	478829	1
CP142623.1	478829	479391	0
CP142623.1	479391	479449	1
CP142623.1	479449	479468	2
CP142623.1	479468	479672	1
CP142623.1	479672	479673	0
CP142623.1	479673	479753	1
CP142623.1	479753	479794	0
CP142623.1	479794	479897	1
CP142623.1	479897	479950	0
CP142623.1	479950	479952	1
CP142623.1	479952	479955	2
CP142623.1	479955	479988	3
CP142623.1	479988	479989	2
CP142623.1	479989	479992	3
CP142623.1	479992	479995	2
CP142623.1	479995	480011	3
CP142623.1	480011	480026	2
CP142623.1	480026	480076	1
CP142623.1	480076	480106	2
CP142623.1	480106	480120	3
CP142623.1	480120	480121	1
CP142623.1	480121	480122	2
CP142623.1	480122	480232	3
CP142623.1	480232	480234	4
CP142623.1	480234	480237	3
CP142623.1	480237	480247	4
CP142623.1	480247	480270	3
CP142623.1	480270	480283	2
CP142623.1	480283	480431	1
CP142623.1	480431	480663	0
CP142623.1	480663	480717	1
CP142623.1	480717	481051	0
CP142623.1	481051	481090	1
CP142623.1	481090	481136	2
CP142623.1	481136	481137	1
CP142623.1	481137	481145	2
CP142623.1	481145	481183	3
CP142623.1	481183	481209	2
CP142623.1	481209	481306	1
CP142623.1	481306	481344	0
CP142623.1	481344	481435	1
CP142623.1	481435	481549	0
CP142623.1	481549	481561	1
CP142623.1	481561	481789	2
CP142623.1	481789	481808	1
CP142623.1	481808	482323	0
CP142623.1	482323	482439	1
CP142623.1	482439	482758	0
CP142623.1	482758	482851	1
CP142623.1	482851	483179	0
CP142623.1	483179	483233	1
CP142623.1	483233	483297	2
CP142623.1	483297	483475	1
CP142623.1	483475	483735	0
CP142623.1	483735	483744	1
CP142623.1	483744	483793	2
CP142623.1	483793	483849	1
CP142623.1	483849	483850	0
CP142623.1	483850	483935	1
CP142623.1	483935	484115	0
CP142623.1	484115	484175	1
CP142623.1	484175	484180	2
CP142623.1	484180	484315	1
CP142623.1	484315	484316	0
CP142623.1	484316	484322	1
CP142623.1	484322	484325	2
CP142623.1	484325	484340	1
CP142623.1	484340	484342	0
CP142623.1	484342	484393	1
CP142623.1	484393	484734	0
CP142623.1	484734	484814	1
CP142623.1	484814	484864	0
CP142623.1	484864	484910	1
CP142623.1	484910	485005	0
CP142623.1	485005	485095	1
CP142623.1	485095	485462	0
CP142623.1	485462	485470	1
CP142623.1	485470	485471	0
CP142623.1	485471	485472	1
CP142623.1	485472	485548	2
CP142623.1	485548	485565	1
CP142623.1	485565	485594	2
CP142623.1	485594	485640	1
CP142623.1	485640	485651	0
CP142623.1	485651	485835	1
CP142623.1	485835	485920	0
CP142623.1	485920	485925	1
CP142623.1	485925	485996	2
CP142623.1	485996	486018	1
CP142623.1	486018	486229	0
CP142623.1	486229	486280	1
CP142623.1	486280	486373	0
CP142623.1	486373	486530	1
CP142623.1	486530	486531	0
CP142623.1	486531	486577	1
CP142623.1	486577	487424	0
CP142623.1	487424	487532	1
CP142623.1	487532	487561	2
CP142623.1	487561	487562	0
CP142623.1	487562	487564	1
CP142623.1	487564	487582	2
CP142623.1	487582	487583	1
CP142623.1	487583	487642	2
CP142623.1	487642	487645	1
CP142623.1	487645	487646	0
CP142623.1	487646	487680	1
CP142623.1	487680	487724	2
CP142623.1	487724	487730	1
CP142623.1	487730	487809	2
CP142623.1	487809	487826	3
CP142623.1	487826	487894	2
CP142623.1	487894	487913	1
CP142623.1	487913	487990	2
CP142623.1	487990	488004	1
CP142623.1	488004	488571	0
CP142623.1	488571	488747	1
CP142623.1	488747	488776	0
CP142623.1	488776	488874	1
CP142623.1	488874	488897	2
CP142623.1	488897	488899	3
CP142623.1	488899	488908	4
CP142623.1	488908	488909	3
CP142623.1	488909	488934	4
CP142623.1	488934	488942	5
CP142623.1	488942	488951	4
CP142623.1	488951	488952	3
CP142623.1	488952	488979	2
CP142623.1	488979	489052	1
CP142623.1	489052	489089	2
CP142623.1	489089	489091	1
CP142623.1	489091	489105	2
CP142623.1	489105	489107	1
CP142623.1	489107	489186	2
CP142623.1	489186	489276	1
CP142623.1	489276	489316	0
CP142623.1	489316	489323	1
CP142623.1	489323	489385	2
CP142623.1	489385	489391	3
CP142623.1	489391	489448	2
CP142623.1	489448	489486	3
CP142623.1	489486	489536	2
CP142623.1	489536	489541	1
CP142623.1	489541	489568	2
CP142623.1	489568	489569	1
CP142623.1	489569	489585	2
CP142623.1	489585	489756	1
CP142623.1	489756	489973	0
CP142623.1	489973	490009	1
CP142623.1	490009	490089	2
CP142623.1	490089	490168	1
CP142623.1	490168	490236	2
CP142623.1	490236	490264	1
CP142623.1	490264	490318	0
CP142623.1	490318	490512	1
CP142623.1	490512	490521	0
CP142623.1	490521	490555	1
CP142623.1	490555	490566	2
CP142623.1	490566	490636	3
CP142623.1	490636	490698	2
CP142623.1	490698	490733	1
CP142623.1	490733	490872	0
CP142623.1	490872	490918	1
CP142623.1	490918	491003	2
CP142623.1	491003	491013	3
CP142623.1	491013	491028	2
CP142623.1	491028	491037	3
CP142623.1	491037	491039	2
CP142623.1	491039	491040	3
CP142623.1	491040	491154	2
CP142623.1	491154	491229	3
CP142623.1	491229	491230	2
CP142623.1	491230	491260	3
CP142623.1	491260	491261	2
CP142623.1	491261	491262	3
CP142623.1	491262	491281	2
CP142623.1	491281	491299	1
CP142623.1	491299	491300	2
CP142623.1	491300	491372	3
CP142623.1	491372	491438	2
CP142623.1	491438	491454	1
CP142623.1	491454	491456	2
CP142623.1	491456	491566	1
CP142623.1	491566	491618	0
CP142623.1	491618	491668	1
CP142623.1	491668	491787	0
CP142623.1	491787	491857	1
CP142623.1	491857	492032	0
CP142623.1	492032	492037	1
CP142623.1	492037	492147	2
CP142623.1	492147	492161	3
CP142623.1	492161	492236	2
CP142623.1	492236	492302	3
CP142623.1	492302	492303	2
CP142623.1	492303	492304	1
CP142623.1	492304	492318	2
CP142623.1	492318	492355	1
CP142623.1	492355	492557	0
CP142623.1	492557	492716	1
CP142623.1	492716	492853	0
CP142623.1	492853	493076	1
CP142623.1	493076	493122	0
CP142623.1	493122	493172	1
CP142623.1	493172	493173	0
CP142623.1	493173	493195	1
CP142623.1	493195	493269	0
CP142623.1	493269	493485	1
CP142623.1	493485	493530	2
CP142623.1	493530	493562	1
CP142623.1	493562	493618	2
CP142623.1	493618	493654	1
CP142623.1	493654	493754	0
CP142623.1	493754	493798	1
CP142623.1	493798	493978	2
CP142623.1	493978	493981	1
CP142623.1	493981	494020	0
CP142623.1	494020	494083	1
CP142623.1	494083	494239	0
CP142623.1	494239	494352	1
CP142623.1	494352	494376	0
CP142623.1	494376	494393	1
CP142623.1	494393	494479	2
CP142623.1	494479	494522	3
CP142623.1	494522	494540	2
CP142623.1	494540	494541	1
CP142623.1	494541	494600	2
CP142623.1	494600	494646	0
CP142623.1	494646	494810	1
CP142623.1	494810	495048	0
CP142623.1	495048	495115	1
CP142623.1	495115	495158	2
CP142623.1	495158	495160	1
CP142623.1	495160	495163	2
CP142623.1	495163	495167	1
CP142623.1	495167	495257	2
CP142623.1	495257	495287	1
CP142623.1	495287	495332	0
CP142623.1	495332	495482	1
CP142623.1	495482	495598	0
CP142623.1	495598	495783	1
CP142623.1	495783	495853	0
CP142623.1	495853	496041	1
CP142623.1	496041	496341	0
CP142623.1	496341	496473	1
CP142623.1	496473	496476	0
CP142623.1	496476	496493	1
CP142623.1	496493	496499	2
CP142623.1	496499	496545	3
CP142623.1	496545	496597	2
CP142623.1	496597	496641	3
CP142623.1	496641	496658	2
CP142623.1	496658	496695	1
CP142623.1	496695	496745	2
CP142623.1	496745	496995	1
CP142623.1	496995	497109	0
CP142623.1	497109	497155	1
CP142623.1	497155	497404	0
CP142623.1	497404	497433	1
CP142623.1	497433	497507	2
CP142623.1	497507	497511	1
CP142623.1	497511	497547	0
CP142623.1	497547	497612	1
CP142623.1	497612	497987	0
CP142623.1	497987	498059	1
CP142623.1	498059	498068	0
CP142623.1	498068	498331	1
CP142623.1	498331	498384	0
CP142623.1	498384	498430	1
CP142623.1	498430	498506	2
CP142623.1	498506	498509	1
CP142623.1	498509	498517	0
CP142623.1	498517	498595	1
CP142623.1	498595	499247	0
CP142623.1	499247	499392	1
CP142623.1	499392	499399	2
CP142623.1	499399	499491	1
CP142623.1	499491	499493	0
CP142623.1	499493	499516	1
CP142623.1	499516	499866	0
CP142623.1	499866	499980	1
CP142623.1	499980	499982	0
CP142623.1	499982	500135	1
CP142623.1	500135	500448	0
CP142623.1	500448	500553	1
CP142623.1	500553	500563	0
CP142623.1	500563	500592	1
CP142623.1	500592	500668	2
CP142623.1	500668	500684	1
CP142623.1	500684	500792	2
CP142623.1	500792	500843	1
CP142623.1	500843	500919	0
CP142623.1	500919	500988	1
CP142623.1	500988	501179	0
CP142623.1	501179	501333	1
CP142623.1	501333	501682	0
CP142623.1	501682	501877	1
CP142623.1	501877	502255	0
CP142623.1	502255	502321	1
CP142623.1	502321	502746	0
CP142623.1	502746	502783	1
CP142623.1	502783	502784	0
CP142623.1	502784	502829	1
CP142623.1	502829	502902	2
CP142623.1	502902	502919	1
CP142623.1	502919	502972	2
CP142623.1	502972	503144	1
CP142623.1	503144	503145	0
CP142623.1	503145	503189	1
CP142623.1	503189	503208	0
CP142623.1	503208	503272	1
CP142623.1	503272	503556	0
CP142623.1	503556	503607	1
CP142623.1	503607	503870	0
CP142623.1	503870	503942	1
CP142623.1	503942	504460	0
CP142623.1	504460	504524	1
CP142623.1	504524	504742	0
CP142623.1	504742	504752	1
CP142623.1	504752	504822	2
CP142623.1	504822	504825	1
CP142623.1	504825	505132	0
CP142623.1	505132	505181	1
CP142623.1	505181	505232	2
CP142623.1	505232	505398	1
CP142623.1	505398	505553	0
CP142623.1	505553	505602	1
CP142623.1	505602	505630	2
CP142623.1	505630	505693	1
CP142623.1	505693	505695	0
CP142623.1	505695	505725	1
CP142623.1	505725	505796	2
CP142623.1	505796	506157	0
CP142623.1	506157	506513	1
CP142623.1	506513	506686	0
CP142623.1	506686	506816	1
CP142623.1	506816	506891	2
CP142623.1	506891	506907	1
CP142623.1	506907	507173	0
CP142623.1	507173	507220	1
CP142623.1	507220	507221	0
CP142623.1	507221	507246	1
CP142623.1	507246	507427	0
CP142623.1	507427	507454	1
CP142623.1	507454	507524	2
CP142623.1	507524	507586	3
CP142623.1	507586	507701	2
CP142623.1	507701	507779	1
CP142623.1	507779	507846	0
CP142623.1	507846	508036	1
CP142623.1	508036	508057	0
CP142623.1	508057	508098	1
CP142623.1	508098	508196	2
CP142623.1	508196	508261	1
CP142623.1	508261	508270	0
CP142623.1	508270	508301	1
CP142623.1	508301	508314	2
CP142623.1	508314	508316	1
CP142623.1	508316	508439	2
CP142623.1	508439	508495	1
CP142623.1	508495	508504	2
CP142623.1	508504	508539	3
CP142623.1	508539	508560	2
CP142623.1	508560	508561	1
CP142623.1	508561	508562	2
CP142623.1	508562	508564	1
CP142623.1	508564	508631	2
CP142623.1	508631	508633	1
CP142623.1	508633	508640	2
CP142623.1	508640	508700	1
CP142623.1	508700	508761	0
CP142623.1	508761	508882	1
CP142623.1	508882	509135	0
CP142623.1	509135	509186	1
CP142623.1	509186	509213	0
CP142623.1	509213	509270	1
CP142623.1	509270	509280	2
CP142623.1	509280	509282	1
CP142623.1	509282	509287	2
CP142623.1	509287	509291	1
CP142623.1	509291	509338	2
CP142623.1	509338	509351	3
CP142623.1	509351	509352	2
CP142623.1	509352	509369	3
CP142623.1	509369	509370	2
CP142623.1	509370	509411	3
CP142623.1	509411	509415	2
CP142623.1	509415	509427	4
CP142623.1	509427	509478	3
CP142623.1	509478	509485	2
CP142623.1	509485	509490	1
CP142623.1	509490	509837	0
CP142623.1	509837	509886	1
CP142623.1	509886	509918	2
CP142623.1	509918	509920	1
CP142623.1	509920	509939	2
CP142623.1	509939	509940	1
CP142623.1	509940	509947	2
CP142623.1	509947	509948	0
CP142623.1	509948	510017	2
CP142623.1	510017	510020	1
CP142623.1	510020	510071	2
CP142623.1	510071	510203	1
CP142623.1	510203	510248	0
CP142623.1	510248	510260	2
CP142623.1	510260	510262	1
CP142623.1	510262	510345	2
CP142623.1	510345	510346	1
CP142623.1	510346	510353	2
CP142623.1	510353	510355	1
CP142623.1	510355	510391	2
CP142623.1	510391	510394	1
CP142623.1	510394	510409	2
CP142623.1	510409	510411	1
CP142623.1	510411	510417	2
CP142623.1	510417	510418	3
CP142623.1	510418	510422	4
CP142623.1	510422	510424	3
CP142623.1	510424	510456	4
CP142623.1	510456	510457	3
CP142623.1	510457	510506	2
CP142623.1	510506	510530	1
CP142623.1	510530	510533	0
CP142623.1	510533	510576	1
CP142623.1	510576	510612	2
CP142623.1	510612	510760	1
CP142623.1	510760	510839	0
CP142623.1	510839	511008	1
CP142623.1	511008	511075	2
CP142623.1	511075	511100	1
CP142623.1	511100	511153	0
CP142623.1	511153	511168	1
CP142623.1	511168	511198	2
CP142623.1	511198	511246	3
CP142623.1	511246	511249	2
CP142623.1	511249	511268	3
CP142623.1	511268	511298	4
CP142623.1	511298	511317	3
CP142623.1	511317	511397	2
CP142623.1	511397	511537	1
CP142623.1	511537	511546	2
CP142623.1	511546	511549	1
CP142623.1	511549	511574	2
CP142623.1	511574	511597	1
CP142623.1	511597	511727	0
CP142623.1	511727	511848	1
CP142623.1	511848	511850	0
CP142623.1	511850	511886	1
CP142623.1	511886	511987	0
CP142623.1	511987	511991	1
CP142623.1	511991	512141	2
CP142623.1	512141	512184	1
CP142623.1	512184	512246	2
CP142623.1	512246	512247	0
CP142623.1	512247	512248	1
CP142623.1	512248	512274	2
CP142623.1	512274	512276	1
CP142623.1	512276	512307	2
CP142623.1	512307	512348	1
CP142623.1	512348	512627	0
CP142623.1	512627	512709	1
CP142623.1	512709	512929	2
CP142623.1	512929	512958	1
CP142623.1	512958	513049	0
CP142623.1	513049	513055	1
CP142623.1	513055	513070	2
CP142623.1	513070	513214	3
CP142623.1	513214	513237	2
CP142623.1	513237	513245	3
CP142623.1	513245	513247	2
CP142623.1	513247	513250	3
CP142623.1	513250	513257	4
CP142623.1	513257	513258	3
CP142623.1	513258	513272	4
CP142623.1	513272	513280	5
CP142623.1	513280	513302	6
CP142623.1	513302	513306	5
CP142623.1	513306	513314	6
CP142623.1	513314	513384	5
CP142623.1	513384	513387	4
CP142623.1	513387	513404	5
CP142623.1	513404	513405	4
CP142623.1	513405	513421	5
CP142623.1	513421	513426	6
CP142623.1	513426	513465	4
CP142623.1	513465	513472	3
CP142623.1	513472	513473	2
CP142623.1	513473	513480	3
CP142623.1	513480	513481	4
CP142623.1	513481	513500	5
CP142623.1	513500	513502	3
CP142623.1	513502	513512	4
CP142623.1	513512	513543	5
CP142623.1	513543	513544	2
CP142623.1	513544	513545	4
CP142623.1	513545	513561	5
CP142623.1	513561	513585	4
CP142623.1	513585	513620	3
CP142623.1	513620	513635	2
CP142623.1	513635	513638	1
CP142623.1	513638	513659	2
CP142623.1	513659	513673	1
CP142623.1	513673	513689	2
CP142623.1	513689	513691	3
CP142623.1	513691	513779	2
CP142623.1	513779	513803	1
CP142623.1	513803	513860	2
CP142623.1	513860	513875	3
CP142623.1	513875	513946	2
CP142623.1	513946	513961	1
CP142623.1	513961	514054	0
CP142623.1	514054	514112	1
CP142623.1	514112	514145	2
CP142623.1	514145	514169	3
CP142623.1	514169	514260	2
CP142623.1	514260	514368	1
CP142623.1	514368	514389	0
CP142623.1	514389	514479	1
CP142623.1	514479	514480	0
CP142623.1	514480	514488	1
CP142623.1	514488	514514	2
CP142623.1	514514	514551	3
CP142623.1	514551	514555	4
CP142623.1	514555	514566	5
CP142623.1	514566	514568	6
CP142623.1	514568	514570	5
CP142623.1	514570	514610	6
CP142623.1	514610	514647	5
CP142623.1	514647	514655	4
CP142623.1	514655	514673	3
CP142623.1	514673	514703	2
CP142623.1	514703	514717	1
CP142623.1	514717	514737	2
CP142623.1	514737	514754	3
CP142623.1	514754	514767	4
CP142623.1	514767	514837	3
CP142623.1	514837	514838	2
CP142623.1	514838	514850	3
CP142623.1	514850	514852	2
CP142623.1	514852	514853	1
CP142623.1	514853	514870	2
CP142623.1	514870	514872	1
CP142623.1	514872	514903	0
CP142623.1	514903	515043	1
CP142623.1	515043	515095	2
CP142623.1	515095	515106	1
CP142623.1	515106	515138	2
CP142623.1	515138	515296	1
CP142623.1	515296	515372	0
CP142623.1	515372	515377	1
CP142623.1	515377	515414	2
CP142623.1	515414	515423	1
CP142623.1	515423	515443	2
CP142623.1	515443	515550	1
CP142623.1	515550	515556	2
CP142623.1	515556	515557	1
CP142623.1	515557	515589	2
CP142623.1	515589	515617	1
CP142623.1	515617	515692	0
CP142623.1	515692	515756	1
CP142623.1	515756	515766	2
CP142623.1	515766	515824	3
CP142623.1	515824	515826	4
CP142623.1	515826	515840	3
CP142623.1	515840	515899	2
CP142623.1	515899	515901	3
CP142623.1	515901	515930	4
CP142623.1	515930	515946	3
CP142623.1	515946	515983	2
CP142623.1	515983	516031	3
CP142623.1	516031	516034	2
CP142623.1	516034	516068	3
CP142623.1	516068	516069	2
CP142623.1	516069	516085	3
CP142623.1	516085	516121	2
CP142623.1	516121	516138	3
CP142623.1	516138	516162	2
CP142623.1	516162	516202	1
CP142623.1	516202	516212	2
CP142623.1	516212	516226	3
CP142623.1	516226	516304	2
CP142623.1	516304	516384	1
CP142623.1	516384	516460	2
CP142623.1	516460	516472	1
CP142623.1	516472	516496	2
CP142623.1	516496	516511	1
CP142623.1	516511	516579	2
CP142623.1	516579	516590	3
CP142623.1	516590	516669	2
CP142623.1	516669	516691	1
CP142623.1	516691	516692	0
CP142623.1	516692	516697	1
CP142623.1	516697	516698	0
CP142623.1	516698	516777	1
CP142623.1	516777	516799	0
CP142623.1	516799	516828	2
CP142623.1	516828	516907	3
CP142623.1	516907	516922	4
CP142623.1	516922	516939	3
CP142623.1	516939	517014	2
CP142623.1	517014	517015	1
CP142623.1	517015	517051	2
CP142623.1	517051	517052	1
CP142623.1	517052	517108	2
CP142623.1	517108	517117	3
CP142623.1	517117	517144	2
CP142623.1	517144	517160	3
CP142623.1	517160	517187	2
CP142623.1	517187	517269	1
CP142623.1	517269	517434	2
CP142623.1	517434	517481	3
CP142623.1	517481	517482	2
CP142623.1	517482	517503	3
CP142623.1	517503	517544	2
CP142623.1	517544	517589	1
CP142623.1	517589	517650	2
CP142623.1	517650	517653	1
CP142623.1	517653	517684	2
CP142623.1	517684	517686	3
CP142623.1	517686	517712	4
CP142623.1	517712	517730	3
CP142623.1	517730	517735	2
CP142623.1	517735	517736	1
CP142623.1	517736	517743	2
CP142623.1	517743	517744	1
CP142623.1	517744	517783	2
CP142623.1	517783	517916	1
CP142623.1	517916	517954	2
CP142623.1	517954	518037	1
CP142623.1	518037	518118	2
CP142623.1	518118	518127	1
CP142623.1	518127	518130	0
CP142623.1	518130	518176	1
CP142623.1	518176	518188	0
CP142623.1	518188	518200	1
CP142623.1	518200	518201	0
CP142623.1	518201	518219	1
CP142623.1	518219	518220	0
CP142623.1	518220	518246	1
CP142623.1	518246	518259	0
CP142623.1	518259	518261	1
CP142623.1	518261	518267	2
CP142623.1	518267	518334	3
CP142623.1	518334	518362	2
CP142623.1	518362	518379	1
CP142623.1	518379	518383	0
CP142623.1	518383	518385	1
CP142623.1	518385	518400	2
CP142623.1	518400	518401	1
CP142623.1	518401	518404	2
CP142623.1	518404	518435	1
CP142623.1	518435	518437	2
CP142623.1	518437	518438	1
CP142623.1	518438	518480	2
CP142623.1	518480	518487	3
CP142623.1	518487	518552	2
CP142623.1	518552	518579	3
CP142623.1	518579	518585	2
CP142623.1	518585	518659	3
CP142623.1	518659	518681	4
CP142623.1	518681	518696	5
CP142623.1	518696	518720	4
CP142623.1	518720	518721	3
CP142623.1	518721	518728	4
CP142623.1	518728	518736	3
CP142623.1	518736	518759	4
CP142623.1	518759	518842	3
CP142623.1	518842	518843	2
CP142623.1	518843	518861	3
CP142623.1	518861	518862	2
CP142623.1	518862	518863	3
CP142623.1	518863	518865	4
CP142623.1	518865	518867	3
CP142623.1	518867	519010	2
CP142623.1	519010	519042	3
CP142623.1	519042	519043	2
CP142623.1	519043	519062	3
CP142623.1	519062	519067	2
CP142623.1	519067	519068	1
CP142623.1	519068	519121	2
CP142623.1	519121	519136	3
CP142623.1	519136	519196	2
CP142623.1	519196	519202	3
CP142623.1	519202	519221	2
CP142623.1	519221	519234	1
CP142623.1	519234	519301	2
CP142623.1	519301	519328	1
CP142623.1	519328	519349	2
CP142623.1	519349	519359	1
CP142623.1	519359	519376	2
CP142623.1	519376	519394	1
CP142623.1	519394	519871	0
CP142623.1	519871	519874	1
CP142623.1	519874	519875	0
CP142623.1	519875	519904	1
CP142623.1	519904	519931	2
CP142623.1	519931	519947	3
CP142623.1	519947	519949	2
CP142623.1	519949	519984	3
CP142623.1	519984	519993	2
CP142623.1	519993	519997	1
CP142623.1	519997	520073	2
CP142623.1	520073	520074	1
CP142623.1	520074	520166	2
CP142623.1	520166	520173	3
CP142623.1	520173	520175	2
CP142623.1	520175	520210	1
CP142623.1	520210	520242	2
CP142623.1	520242	520253	1
CP142623.1	520253	520309	0
CP142623.1	520309	520406	1
CP142623.1	520406	520433	2
CP142623.1	520433	520437	3
CP142623.1	520437	520448	2
CP142623.1	520448	520482	3
CP142623.1	520482	520637	2
CP142623.1	520637	520641	1
CP142623.1	520641	520662	0
CP142623.1	520662	520720	1
CP142623.1	520720	520849	0
CP142623.1	520849	520901	1
CP142623.1	520901	520926	2
CP142623.1	520926	520927	1
CP142623.1	520927	520933	2
CP142623.1	520933	520965	1
CP142623.1	520965	521063	0
CP142623.1	521063	521169	1
CP142623.1	521169	521254	2
CP142623.1	521254	521262	1
CP142623.1	521262	521263	2
CP142623.1	521263	521265	3
CP142623.1	521265	521266	2
CP142623.1	521266	521307	3
CP142623.1	521307	521308	2
CP142623.1	521308	521350	3
CP142623.1	521350	521360	2
CP142623.1	521360	521378	1
CP142623.1	521378	521527	0
CP142623.1	521527	521592	1
CP142623.1	521592	521856	0
CP142623.1	521856	521933	1
CP142623.1	521933	521955	2
CP142623.1	521955	521960	1
CP142623.1	521960	522019	2
CP142623.1	522019	522101	1
CP142623.1	522101	522115	0
CP142623.1	522115	522134	1
CP142623.1	522134	522262	2
CP142623.1	522262	522304	3
CP142623.1	522304	522306	2
CP142623.1	522306	522331	3
CP142623.1	522331	522371	4
CP142623.1	522371	522394	5
CP142623.1	522394	522428	4
CP142623.1	522428	522462	3
CP142623.1	522462	522479	4
CP142623.1	522479	522481	3
CP142623.1	522481	522553	4
CP142623.1	522553	522577	3
CP142623.1	522577	522599	4
CP142623.1	522599	522600	3
CP142623.1	522600	522690	2
CP142623.1	522690	522693	1
CP142623.1	522693	522710	2
CP142623.1	522710	522711	1
CP142623.1	522711	522780	2
CP142623.1	522780	522806	3
CP142623.1	522806	522826	2
CP142623.1	522826	522885	1
CP142623.1	522885	522902	2
CP142623.1	522902	522974	3
CP142623.1	522974	523096	2
CP142623.1	523096	523151	1
CP142623.1	523151	523216	0
CP142623.1	523216	523262	1
CP142623.1	523262	523299	2
CP142623.1	523299	523314	1
CP142623.1	523314	523327	2
CP142623.1	523327	523350	3
CP142623.1	523350	523363	4
CP142623.1	523363	523364	3
CP142623.1	523364	523396	4
CP142623.1	523396	523397	5
CP142623.1	523397	523398	4
CP142623.1	523398	523402	5
CP142623.1	523402	523405	4
CP142623.1	523405	523417	5
CP142623.1	523417	523421	6
CP142623.1	523421	523440	5
CP142623.1	523440	523503	4
CP142623.1	523503	523532	3
CP142623.1	523532	523538	4
CP142623.1	523538	523547	5
CP142623.1	523547	523557	4
CP142623.1	523557	523560	3
CP142623.1	523560	523567	4
CP142623.1	523567	523593	3
CP142623.1	523593	523657	4
CP142623.1	523657	523660	3
CP142623.1	523660	523695	4
CP142623.1	523695	523696	3
CP142623.1	523696	523714	2
CP142623.1	523714	523725	1
CP142623.1	523725	523811	0
CP142623.1	523811	523874	1
CP142623.1	523874	523961	0
CP142623.1	523961	524074	1
CP142623.1	524074	524161	0
CP142623.1	524161	524225	1
CP142623.1	524225	524228	0
CP142623.1	524228	524326	1
CP142623.1	524326	524335	0
CP142623.1	524335	524365	1
CP142623.1	524365	524416	2
CP142623.1	524416	524425	1
CP142623.1	524425	524546	0
CP142623.1	524546	524659	1
CP142623.1	524659	524682	2
CP142623.1	524682	524741	1
CP142623.1	524741	524827	2
CP142623.1	524827	524839	3
CP142623.1	524839	524847	2
CP142623.1	524847	524869	3
CP142623.1	524869	524889	2
CP142623.1	524889	524890	1
CP142623.1	524890	524900	2
CP142623.1	524900	524918	3
CP142623.1	524918	524919	2
CP142623.1	524919	524962	3
CP142623.1	524962	524966	2
CP142623.1	524966	524993	3
CP142623.1	524993	525020	2
CP142623.1	525020	525029	1
CP142623.1	525029	525101	2
CP142623.1	525101	525102	1
CP142623.1	525102	525155	2
CP142623.1	525155	525228	1
CP142623.1	525228	525291	0
CP142623.1	525291	525310	1
CP142623.1	525310	525334	2
CP142623.1	525334	525412	3
CP142623.1	525412	525436	2
CP142623.1	525436	525663	0
CP142623.1	525663	525691	1
CP142623.1	525691	525698	2
CP142623.1	525698	525737	3
CP142623.1	525737	525837	1
CP142623.1	525837	525942	2
CP142623.1	525942	525944	1
CP142623.1	525944	525946	2
CP142623.1	525946	525950	1
CP142623.1	525950	526003	2
CP142623.1	526003	526020	3
CP142623.1	526020	526040	2
CP142623.1	526040	526045	1
CP142623.1	526045	526054	0
CP142623.1	526054	526091	1
CP142623.1	526091	526092	0
CP142623.1	526092	526159	1
CP142623.1	526159	526161	0
CP142623.1	526161	526195	1
CP142623.1	526195	526270	0
CP142623.1	526270	526326	1
CP142623.1	526326	526358	2
CP142623.1	526358	526434	1
CP142623.1	526434	526442	2
CP142623.1	526442	526452	1
CP142623.1	526452	526583	2
CP142623.1	526583	526587	1
CP142623.1	526587	526630	2
CP142623.1	526630	526646	3
CP142623.1	526646	526718	2
CP142623.1	526718	526757	1
CP142623.1	526757	526882	0
CP142623.1	526882	526902	1
CP142623.1	526902	526947	2
CP142623.1	526947	526969	3
CP142623.1	526969	526970	2
CP142623.1	526970	526976	3
CP142623.1	526976	526994	4
CP142623.1	526994	526995	3
CP142623.1	526995	527000	4
CP142623.1	527000	527002	3
CP142623.1	527002	527039	4
CP142623.1	527039	527073	3
CP142623.1	527073	527075	2
CP142623.1	527075	527087	3
CP142623.1	527087	527088	2
CP142623.1	527088	527111	3
CP142623.1	527111	527114	4
CP142623.1	527114	527149	3
CP142623.1	527149	527175	2
CP142623.1	527175	527179	3
CP142623.1	527179	527234	2
CP142623.1	527234	527276	1
CP142623.1	527276	527335	2
CP142623.1	527335	527338	1
CP142623.1	527338	527381	0
CP142623.1	527381	527447	1
CP142623.1	527447	527456	2
CP142623.1	527456	527494	1
CP142623.1	527494	527560	2
CP142623.1	527560	527701	1
CP142623.1	527701	527725	0
CP142623.1	527725	527737	1
CP142623.1	527737	527738	2
CP142623.1	527738	527754	3
CP142623.1	527754	527757	2
CP142623.1	527757	527766	3
CP142623.1	527766	527784	2
CP142623.1	527784	527832	3
CP142623.1	527832	527885	2
CP142623.1	527885	527901	3
CP142623.1	527901	527927	2
CP142623.1	527927	527980	1
CP142623.1	527980	527990	0
CP142623.1	527990	527995	1
CP142623.1	527995	528036	2
CP142623.1	528036	528037	1
CP142623.1	528037	528038	2
CP142623.1	528038	528039	3
CP142623.1	528039	528040	2
CP142623.1	528040	528056	3
CP142623.1	528056	528071	4
CP142623.1	528071	528072	3
CP142623.1	528072	528074	2
CP142623.1	528074	528076	4
CP142623.1	528076	528078	3
CP142623.1	528078	528162	4
CP142623.1	528162	528169	3
CP142623.1	528169	528190	4
CP142623.1	528190	528201	3
CP142623.1	528201	528225	4
CP142623.1	528225	528242	3
CP142623.1	528242	528288	2
CP142623.1	528288	528309	1
CP142623.1	528309	528313	2
CP142623.1	528313	528315	1
CP142623.1	528315	528321	2
CP142623.1	528321	528391	1
CP142623.1	528391	528394	0
CP142623.1	528394	528430	1
CP142623.1	528430	528457	2
CP142623.1	528457	528459	1
CP142623.1	528459	528487	2
CP142623.1	528487	528506	1
CP142623.1	528506	528564	2
CP142623.1	528564	528604	1
CP142623.1	528604	528753	2
CP142623.1	528753	528821	1
CP142623.1	528821	528873	2
CP142623.1	528873	528874	1
CP142623.1	528874	529001	2
CP142623.1	529001	529051	0
CP142623.1	529051	529097	1
CP142623.1	529097	529101	3
CP142623.1	529101	529102	2
CP142623.1	529102	529153	3
CP142623.1	529153	529157	2
CP142623.1	529157	529170	1
CP142623.1	529170	529183	2
CP142623.1	529183	529204	1
CP142623.1	529204	529235	2
CP142623.1	529235	529299	3
CP142623.1	529299	529301	2
CP142623.1	529301	529369	3
CP142623.1	529369	529435	2
CP142623.1	529435	529504	1
CP142623.1	529504	529714	0
CP142623.1	529714	529737	1
CP142623.1	529737	529759	2
CP142623.1	529759	529767	1
CP142623.1	529767	529807	2
CP142623.1	529807	529811	1
CP142623.1	529811	529834	0
CP142623.1	529834	529921	1
CP142623.1	529921	530067	0
CP142623.1	530067	530100	1
CP142623.1	530100	530163	2
CP142623.1	530163	530164	3
CP142623.1	530164	530188	2
CP142623.1	530188	530217	1
CP142623.1	530217	530223	0
CP142623.1	530223	530229	1
CP142623.1	530229	530304	2
CP142623.1	530304	530305	1
CP142623.1	530305	530332	2
CP142623.1	530332	530341	1
CP142623.1	530341	530351	0
CP142623.1	530351	530490	1
CP142623.1	530490	530509	2
CP142623.1	530509	530544	3
CP142623.1	530544	530545	2
CP142623.1	530545	530621	3
CP142623.1	530621	530707	2
CP142623.1	530707	530709	1
CP142623.1	530709	530713	2
CP142623.1	530713	530819	1
CP142623.1	530819	530829	0
CP142623.1	530829	530869	1
CP142623.1	530869	530911	2
CP142623.1	530911	530912	1
CP142623.1	530912	530969	3
CP142623.1	530969	530979	2
CP142623.1	530979	531070	1
CP142623.1	531070	531103	2
CP142623.1	531103	531104	1
CP142623.1	531104	531107	2
CP142623.1	531107	531115	1
CP142623.1	531115	531133	0
CP142623.1	531133	531177	1
CP142623.1	531177	531180	0
CP142623.1	531180	531207	1
CP142623.1	531207	531366	0
CP142623.1	531366	531442	1
CP142623.1	531442	531487	2
CP142623.1	531487	531513	1
CP142623.1	531513	531517	2
CP142623.1	531517	531570	1
CP142623.1	531570	531603	2
CP142623.1	531603	531677	1
CP142623.1	531677	531692	2
CP142623.1	531692	531709	3
CP142623.1	531709	531723	2
CP142623.1	531723	531820	3
CP142623.1	531820	531822	2
CP142623.1	531822	531829	0
CP142623.1	531829	531832	1
CP142623.1	531832	531875	2
CP142623.1	531875	531889	3
CP142623.1	531889	531925	4
CP142623.1	531925	531933	3
CP142623.1	531933	531987	2
CP142623.1	531987	531992	1
CP142623.1	531992	532048	2
CP142623.1	532048	532093	1
CP142623.1	532093	532147	0
CP142623.1	532147	532182	1
CP142623.1	532182	532264	2
CP142623.1	532264	532333	3
CP142623.1	532333	532341	2
CP142623.1	532341	532385	3
CP142623.1	532385	532387	2
CP142623.1	532387	532502	3
CP142623.1	532502	532518	2
CP142623.1	532518	532583	1
CP142623.1	532583	532589	0
CP142623.1	532589	532658	1
CP142623.1	532658	532664	2
CP142623.1	532664	532666	1
CP142623.1	532666	532669	2
CP142623.1	532669	532673	1
CP142623.1	532673	532724	2
CP142623.1	532724	532765	1
CP142623.1	532765	532774	0
CP142623.1	532774	532797	1
CP142623.1	532797	532800	0
CP142623.1	532800	532835	1
CP142623.1	532835	532853	0
CP142623.1	532853	532910	1
CP142623.1	532910	532940	2
CP142623.1	532940	532942	1
CP142623.1	532942	533050	2
CP142623.1	533050	533073	1
CP142623.1	533073	533109	2
CP142623.1	533109	533153	3
CP142623.1	533153	533158	2
CP142623.1	533158	533193	3
CP142623.1	533193	533211	2
CP142623.1	533211	533226	1
CP142623.1	533226	533229	0
CP142623.1	533229	533240	1
CP142623.1	533240	533320	2
CP142623.1	533320	533329	1
CP142623.1	533329	533338	2
CP142623.1	533338	533388	1
CP142623.1	533388	533389	0
CP142623.1	533389	533405	1
CP142623.1	533405	533477	0
CP142623.1	533477	533584	1
CP142623.1	533584	533622	2
CP142623.1	533622	533627	3
CP142623.1	533627	533699	2
CP142623.1	533699	533717	1
CP142623.1	533717	533770	2
CP142623.1	533770	533880	1
CP142623.1	533880	533882	2
CP142623.1	533882	533917	3
CP142623.1	533917	533965	2
CP142623.1	533965	533976	3
CP142623.1	533976	534062	2
CP142623.1	534062	534082	1
CP142623.1	534082	534098	2
CP142623.1	534098	534179	3
CP142623.1	534179	534181	2
CP142623.1	534181	534215	3
CP142623.1	534215	534216	2
CP142623.1	534216	534243	3
CP142623.1	534243	534252	2
CP142623.1	534252	534273	1
CP142623.1	534273	534292	2
CP142623.1	534292	534309	1
CP142623.1	534309	534312	0
CP142623.1	534312	534319	1
CP142623.1	534319	534349	2
CP142623.1	534349	534365	3
CP142623.1	534365	534470	2
CP142623.1	534470	534571	1
CP142623.1	534571	534577	0
CP142623.1	534577	534593	1
CP142623.1	534593	534645	2
CP142623.1	534645	534647	1
CP142623.1	534647	534657	2
CP142623.1	534657	534664	1
CP142623.1	534664	534665	0
CP142623.1	534665	534669	1
CP142623.1	534669	534704	2
CP142623.1	534704	534705	1
CP142623.1	534705	534720	2
CP142623.1	534720	534830	1
CP142623.1	534830	534885	0
CP142623.1	534885	534923	1
CP142623.1	534923	535001	2
CP142623.1	535001	535009	3
CP142623.1	535009	535010	2
CP142623.1	535010	535055	3
CP142623.1	535055	535061	2
CP142623.1	535061	535094	3
CP142623.1	535094	535107	4
CP142623.1	535107	535108	3
CP142623.1	535108	535117	4
CP142623.1	535117	535126	3
CP142623.1	535126	535154	2
CP142623.1	535154	535200	1
CP142623.1	535200	535202	0
CP142623.1	535202	535211	1
CP142623.1	535211	535248	0
CP142623.1	535248	535306	1
CP142623.1	535306	535334	2
CP142623.1	535334	535375	1
CP142623.1	535375	535418	0
CP142623.1	535418	535425	1
CP142623.1	535425	535476	2
CP142623.1	535476	535480	1
CP142623.1	535480	535500	2
CP142623.1	535500	535531	3
CP142623.1	535531	535552	4
CP142623.1	535552	535553	3
CP142623.1	535553	535592	4
CP142623.1	535592	535593	3
CP142623.1	535593	535596	4
CP142623.1	535596	535631	3
CP142623.1	535631	535656	2
CP142623.1	535656	535664	1
CP142623.1	535664	535699	3
CP142623.1	535699	535742	2
CP142623.1	535742	535790	1
CP142623.1	535790	535916	0
CP142623.1	535916	536005	1
CP142623.1	536005	536065	2
CP142623.1	536065	536066	1
CP142623.1	536066	536110	2
CP142623.1	536110	536173	1
CP142623.1	536173	536209	2
CP142623.1	536209	536222	3
CP142623.1	536222	536227	1
CP142623.1	536227	536229	0
CP142623.1	536229	536280	1
CP142623.1	536280	536637	0
CP142623.1	536637	536755	1
CP142623.1	536755	537110	0
CP142623.1	537110	537111	1
CP142623.1	537111	537235	2
CP142623.1	537235	537253	3
CP142623.1	537253	537280	4
CP142623.1	537280	537319	2
CP142623.1	537319	537481	1
CP142623.1	537481	537535	0
CP142623.1	537535	537589	1
CP142623.1	537589	537631	0
CP142623.1	537631	537710	1
CP142623.1	537710	537714	0
CP142623.1	537714	537728	1
CP142623.1	537728	537738	2
CP142623.1	537738	537760	3
CP142623.1	537760	537784	2
CP142623.1	537784	537837	3
CP142623.1	537837	537859	2
CP142623.1	537859	538046	1
CP142623.1	538046	538405	0
CP142623.1	538405	538450	1
CP142623.1	538450	538451	0
CP142623.1	538451	538462	1
CP142623.1	538462	538463	0
CP142623.1	538463	538551	1
CP142623.1	538551	538552	0
CP142623.1	538552	538584	1
CP142623.1	538584	538632	0
CP142623.1	538632	538660	1
CP142623.1	538660	538661	0
CP142623.1	538661	538705	1
CP142623.1	538705	538712	0
CP142623.1	538712	538804	1
CP142623.1	538804	538814	0
CP142623.1	538814	538927	1
CP142623.1	538927	538933	0
CP142623.1	538933	539032	1
CP142623.1	539032	539100	2
CP142623.1	539100	539118	3
CP142623.1	539118	539124	2
CP142623.1	539124	539154	3
CP142623.1	539154	539162	2
CP142623.1	539162	539170	1
CP142623.1	539170	539223	2
CP142623.1	539223	539224	1
CP142623.1	539224	539251	2
CP142623.1	539251	539303	1
CP142623.1	539303	539364	2
CP142623.1	539364	539365	1
CP142623.1	539365	539392	2
CP142623.1	539392	539410	1
CP142623.1	539410	539416	0
CP142623.1	539416	539435	1
CP142623.1	539435	539501	2
CP142623.1	539501	539505	3
CP142623.1	539505	539586	2
CP142623.1	539586	539587	1
CP142623.1	539587	539589	0
CP142623.1	539589	539636	1
CP142623.1	539636	539697	0
CP142623.1	539697	539716	1
CP142623.1	539716	539719	2
CP142623.1	539719	539835	3
CP142623.1	539835	539836	2
CP142623.1	539836	539843	3
CP142623.1	539843	539858	2
CP142623.1	539858	539860	1
CP142623.1	539860	539871	2
CP142623.1	539871	539885	1
CP142623.1	539885	540090	0
CP142623.1	540090	540126	1
CP142623.1	540126	540222	2
CP142623.1	540222	540259	3
CP142623.1	540259	540262	2
CP142623.1	540262	540272	3
CP142623.1	540272	540273	2
CP142623.1	540273	540301	3
CP142623.1	540301	540346	2
CP142623.1	540346	540371	1
CP142623.1	540371	540481	0
CP142623.1	540481	540544	1
CP142623.1	540544	540545	2
CP142623.1	540545	540577	3
CP142623.1	540577	540645	4
CP142623.1	540645	540647	1
CP142623.1	540647	540648	2
CP142623.1	540648	540649	3
CP142623.1	540649	540655	4
CP142623.1	540655	540678	3
CP142623.1	540678	540682	2
CP142623.1	540682	540683	1
CP142623.1	540683	540709	2
CP142623.1	540709	540711	3
CP142623.1	540711	540719	2
CP142623.1	540719	540720	1
CP142623.1	540720	540767	2
CP142623.1	540767	540792	1
CP142623.1	540792	540802	2
CP142623.1	540802	540828	3
CP142623.1	540828	540898	2
CP142623.1	540898	540900	1
CP142623.1	540900	540917	2
CP142623.1	540917	540943	1
CP142623.1	540943	540996	2
CP142623.1	540996	541035	1
CP142623.1	541035	541037	0
CP142623.1	541037	541075	1
CP142623.1	541075	541077	0
CP142623.1	541077	541145	1
CP142623.1	541145	541235	2
CP142623.1	541235	541253	1
CP142623.1	541253	541364	2
CP142623.1	541364	541410	3
CP142623.1	541410	541464	2
CP142623.1	541464	541580	1
CP142623.1	541580	541620	0
CP142623.1	541620	541656	1
CP142623.1	541656	541659	0
CP142623.1	541659	541814	1
CP142623.1	541814	541817	0
CP142623.1	541817	541832	1
CP142623.1	541832	541837	0
CP142623.1	541837	541840	1
CP142623.1	541840	541937	2
CP142623.1	541937	541943	1
CP142623.1	541943	542042	2
CP142623.1	542042	542044	1
CP142623.1	542044	542122	0
CP142623.1	542122	542248	1
CP142623.1	542248	542325	2
CP142623.1	542325	542496	1
CP142623.1	542496	542693	0
CP142623.1	542693	542748	1
CP142623.1	542748	542767	2
CP142623.1	542767	542799	1
CP142623.1	542799	542825	2
CP142623.1	542825	542882	1
CP142623.1	542882	542931	2
CP142623.1	542931	542932	1
CP142623.1	542932	543146	0
CP142623.1	543146	543153	1
CP142623.1	543153	543157	0
CP142623.1	543157	543158	1
CP142623.1	543158	543183	2
CP142623.1	543183	543235	3
CP142623.1	543235	543236	2
CP142623.1	543236	543280	3
CP142623.1	543280	543304	2
CP142623.1	543304	543312	3
CP142623.1	543312	543315	2
CP142623.1	543315	543343	1
CP142623.1	543343	543481	2
CP142623.1	543481	543526	1
CP142623.1	543526	543578	2
CP142623.1	543578	543592	3
CP142623.1	543592	543593	2
CP142623.1	543593	543682	3
CP142623.1	543682	543691	4
CP142623.1	543691	543693	3
CP142623.1	543693	543807	2
CP142623.1	543807	543829	1
CP142623.1	543829	543833	0
CP142623.1	543833	543852	1
CP142623.1	543852	543869	2
CP142623.1	543869	543924	1
CP142623.1	543924	543981	2
CP142623.1	543981	544149	1
CP142623.1	544149	544150	0
CP142623.1	544150	544164	1
CP142623.1	544164	544186	2
CP142623.1	544186	544259	1
CP142623.1	544259	544279	0
CP142623.1	544279	544303	1
CP142623.1	544303	544310	0
CP142623.1	544310	544336	1
CP142623.1	544336	544404	2
CP142623.1	544404	544405	1
CP142623.1	544405	544411	2
CP142623.1	544411	544487	1
CP142623.1	544487	544503	0
CP142623.1	544503	544577	1
CP142623.1	544577	544579	2
CP142623.1	544579	544580	1
CP142623.1	544580	544600	2
CP142623.1	544600	544628	3
CP142623.1	544628	544630	2
CP142623.1	544630	544647	3
CP142623.1	544647	544664	2
CP142623.1	544664	544744	3
CP142623.1	544744	544790	2
CP142623.1	544790	544804	1
CP142623.1	544804	544883	0
CP142623.1	544883	544923	1
CP142623.1	544923	544925	0
CP142623.1	544925	545042	1
CP142623.1	545042	545103	0
CP142623.1	545103	545116	1
CP142623.1	545116	545174	2
CP142623.1	545174	545176	3
CP142623.1	545176	545226	4
CP142623.1	545226	545258	5
CP142623.1	545258	545263	6
CP142623.1	545263	545267	5
CP142623.1	545267	545268	4
CP142623.1	545268	545302	5
CP142623.1	545302	545340	4
CP142623.1	545340	545370	3
CP142623.1	545370	545373	2
CP142623.1	545373	545390	1
CP142623.1	545390	545553	0
CP142623.1	545553	545585	1
CP142623.1	545585	545587	0
CP142623.1	545587	545651	1
CP142623.1	545651	545660	2
CP142623.1	545660	545703	3
CP142623.1	545703	545704	2
CP142623.1	545704	545782	3
CP142623.1	545782	545822	2
CP142623.1	545822	545968	1
CP142623.1	545968	546034	2
CP142623.1	546034	546080	1
CP142623.1	546080	546124	0
CP142623.1	546124	546174	1
CP142623.1	546174	546232	2
CP142623.1	546232	546233	1
CP142623.1	546233	546240	2
CP142623.1	546240	546350	1
CP142623.1	546350	546351	2
CP142623.1	546351	546410	1
CP142623.1	546410	546422	2
CP142623.1	546422	546423	1
CP142623.1	546423	546441	2
CP142623.1	546441	546444	0
CP142623.1	546444	546476	2
CP142623.1	546476	546477	1
CP142623.1	546477	546484	2
CP142623.1	546484	546486	1
CP142623.1	546486	546489	3
CP142623.1	546489	546524	4
CP142623.1	546524	546548	5
CP142623.1	546548	546557	4
CP142623.1	546557	546558	3
CP142623.1	546558	546559	2
CP142623.1	546559	546569	4
CP142623.1	546569	546579	3
CP142623.1	546579	546580	2
CP142623.1	546580	546595	3
CP142623.1	546595	546596	1
CP142623.1	546596	546599	0
CP142623.1	546599	546609	3
CP142623.1	546609	546610	2
CP142623.1	546610	546630	3
CP142623.1	546630	546632	2
CP142623.1	546632	546641	3
CP142623.1	546641	546642	2
CP142623.1	546642	546690	3
CP142623.1	546690	546694	2
CP142623.1	546694	546721	3
CP142623.1	546721	546786	2
CP142623.1	546786	546787	3
CP142623.1	546787	546788	2
CP142623.1	546788	546808	3
CP142623.1	546808	546841	2
CP142623.1	546841	546870	3
CP142623.1	546870	546904	2
CP142623.1	546904	546911	3
CP142623.1	546911	546916	2
CP142623.1	546916	546944	1
CP142623.1	546944	546955	0
CP142623.1	546955	546969	1
CP142623.1	546969	547146	2
CP142623.1	547146	547253	0
CP142623.1	547253	547267	1
CP142623.1	547267	547348	2
CP142623.1	547348	547396	1
CP142623.1	547396	547456	2
CP142623.1	547456	547631	3
CP142623.1	547631	547636	2
CP142623.1	547636	547671	1
CP142623.1	547671	547673	0
CP142623.1	547673	547695	1
CP142623.1	547695	547696	0
CP142623.1	547696	547744	1
CP142623.1	547744	547745	0
CP142623.1	547745	547789	1
CP142623.1	547789	547889	2
CP142623.1	547889	547896	3
CP142623.1	547896	547962	2
CP142623.1	547962	547974	1
CP142623.1	547974	548078	2
CP142623.1	548078	548124	1
CP142623.1	548124	548200	0
CP142623.1	548200	548222	1
CP142623.1	548222	548267	2
CP142623.1	548267	548275	3
CP142623.1	548275	548276	2
CP142623.1	548276	548329	3
CP142623.1	548329	548346	2
CP142623.1	548346	548393	1
CP142623.1	548393	548394	0
CP142623.1	548394	548405	1
CP142623.1	548405	548407	2
CP142623.1	548407	548465	3
CP142623.1	548465	548466	2
CP142623.1	548466	548472	3
CP142623.1	548472	548473	2
CP142623.1	548473	548475	1
CP142623.1	548475	548554	2
CP142623.1	548554	548604	3
CP142623.1	548604	548605	2
CP142623.1	548605	548637	3
CP142623.1	548637	548650	2
CP142623.1	548650	548697	1
CP142623.1	548697	548701	0
CP142623.1	548701	548750	1
CP142623.1	548750	548794	0
CP142623.1	548794	548915	1
CP142623.1	548915	548935	2
CP142623.1	548935	548939	1
CP142623.1	548939	548975	2
CP142623.1	548975	548998	1
CP142623.1	548998	549018	0
CP142623.1	549018	549023	1
CP142623.1	549023	549035	2
CP142623.1	549035	549043	1
CP142623.1	549043	549047	2
CP142623.1	549047	549231	3
CP142623.1	549231	549236	2
CP142623.1	549236	549321	1
CP142623.1	549321	549388	0
CP142623.1	549388	549412	1
CP142623.1	549412	549416	2
CP142623.1	549416	549417	0
CP142623.1	549417	549435	2
CP142623.1	549435	549443	3
CP142623.1	549443	549445	2
CP142623.1	549445	549470	3
CP142623.1	549470	549485	2
CP142623.1	549485	549487	0
CP142623.1	549487	549488	1
CP142623.1	549488	549517	2
CP142623.1	549517	549518	1
CP142623.1	549518	549534	2
CP142623.1	549534	549537	1
CP142623.1	549537	549653	2
CP142623.1	549653	549679	3
CP142623.1	549679	549815	2
CP142623.1	549815	549816	1
CP142623.1	549816	549844	2
CP142623.1	549844	549845	1
CP142623.1	549845	549861	2
CP142623.1	549861	549872	1
CP142623.1	549872	549907	2
CP142623.1	549907	549995	3
CP142623.1	549995	550076	2
CP142623.1	550076	550112	3
CP142623.1	550112	550186	4
CP142623.1	550186	550237	3
CP142623.1	550237	550267	2
CP142623.1	550267	550286	3
CP142623.1	550286	550324	4
CP142623.1	550324	550409	3
CP142623.1	550409	550488	2
CP142623.1	550488	550542	3
CP142623.1	550542	550549	4
CP142623.1	550549	550559	3
CP142623.1	550559	550560	2
CP142623.1	550560	550566	3
CP142623.1	550566	550568	2
CP142623.1	550568	550593	3
CP142623.1	550593	550594	2
CP142623.1	550594	550661	3
CP142623.1	550661	550666	2
CP142623.1	550666	550680	3
CP142623.1	550680	550703	2
CP142623.1	550703	550712	1
CP142623.1	550712	550731	2
CP142623.1	550731	550739	1
CP142623.1	550739	550795	2
CP142623.1	550795	550843	1
CP142623.1	550843	550879	0
CP142623.1	550879	551050	1
CP142623.1	551050	551145	0
CP142623.1	551145	551190	1
CP142623.1	551190	551285	2
CP142623.1	551285	551352	1
CP142623.1	551352	551371	2
CP142623.1	551371	551378	3
CP142623.1	551378	551379	2
CP142623.1	551379	551387	3
CP142623.1	551387	551390	2
CP142623.1	551390	551433	3
CP142623.1	551433	551434	2
CP142623.1	551434	551440	3
CP142623.1	551440	551537	2
CP142623.1	551537	551543	1
CP142623.1	551543	551579	2
CP142623.1	551579	551622	1
CP142623.1	551622	551725	0
CP142623.1	551725	551793	1
CP142623.1	551793	551827	0
CP142623.1	551827	551950	1
CP142623.1	551950	552088	0
CP142623.1	552088	552184	1
CP142623.1	552184	552198	2
CP142623.1	552198	552218	3
CP142623.1	552218	552230	2
CP142623.1	552230	552262	3
CP142623.1	552262	552273	2
CP142623.1	552273	552291	3
CP142623.1	552291	552292	2
CP142623.1	552292	552310	3
CP142623.1	552310	552328	2
CP142623.1	552328	552329	1
CP142623.1	552329	552384	2
CP142623.1	552384	552385	1
CP142623.1	552385	552432	2
CP142623.1	552432	552464	1
CP142623.1	552464	552479	2
CP142623.1	552479	552516	3
CP142623.1	552516	552565	2
CP142623.1	552565	552719	1
CP142623.1	552719	552800	0
CP142623.1	552800	552818	1
CP142623.1	552818	552931	2
CP142623.1	552931	552995	1
CP142623.1	552995	553079	0
CP142623.1	553079	553088	1
CP142623.1	553088	553215	2
CP142623.1	553215	553219	3
CP142623.1	553219	553220	4
CP142623.1	553220	553236	5
CP142623.1	553236	553246	4
CP142623.1	553246	553257	3
CP142623.1	553257	553281	2
CP142623.1	553281	553291	1
CP142623.1	553291	553297	2
CP142623.1	553297	553350	3
CP142623.1	553350	553351	2
CP142623.1	553351	553359	3
CP142623.1	553359	553361	2
CP142623.1	553361	553398	3
CP142623.1	553398	553403	2
CP142623.1	553403	553405	1
CP142623.1	553405	553406	0
CP142623.1	553406	553418	1
CP142623.1	553418	553428	2
CP142623.1	553428	553435	3
CP142623.1	553435	553458	2
CP142623.1	553458	553459	1
CP142623.1	553459	553465	2
CP142623.1	553465	553473	3
CP142623.1	553473	553485	2
CP142623.1	553485	553506	3
CP142623.1	553506	553549	2
CP142623.1	553549	553618	1
CP142623.1	553618	553649	2
CP142623.1	553649	553682	3
CP142623.1	553682	553693	2
CP142623.1	553693	553694	0
CP142623.1	553694	553719	2
CP142623.1	553719	553726	3
CP142623.1	553726	553746	4
CP142623.1	553746	553788	3
CP142623.1	553788	553791	4
CP142623.1	553791	553792	3
CP142623.1	553792	553797	4
CP142623.1	553797	553806	3
CP142623.1	553806	553838	4
CP142623.1	553838	553858	3
CP142623.1	553858	553903	2
CP142623.1	553903	553953	1
CP142623.1	553953	554034	0
CP142623.1	554034	554061	1
CP142623.1	554061	554066	0
CP142623.1	554066	554077	1
CP142623.1	554077	554078	0
CP142623.1	554078	554174	1
CP142623.1	554174	554193	2
CP142623.1	554193	554207	3
CP142623.1	554207	554265	2
CP142623.1	554265	554288	3
CP142623.1	554288	554338	2
CP142623.1	554338	554415	1
CP142623.1	554415	554427	2
CP142623.1	554427	554471	3
CP142623.1	554471	554494	4
CP142623.1	554494	554508	3
CP142623.1	554508	554511	2
CP142623.1	554511	554516	3
CP142623.1	554516	554541	2
CP142623.1	554541	554542	1
CP142623.1	554542	554543	0
CP142623.1	554543	554618	1
CP142623.1	554618	554719	0
CP142623.1	554719	554732	1
CP142623.1	554732	554783	2
CP142623.1	554783	554790	1
CP142623.1	554790	554830	2
CP142623.1	554830	554831	1
CP142623.1	554831	554855	2
CP142623.1	554855	554858	3
CP142623.1	554858	554874	4
CP142623.1	554874	554881	5
CP142623.1	554881	554914	4
CP142623.1	554914	554915	2
CP142623.1	554915	554975	3
CP142623.1	554975	554978	2
CP142623.1	554978	555039	3
CP142623.1	555039	555063	2
CP142623.1	555063	555091	1
CP142623.1	555091	555121	2
CP142623.1	555121	555156	3
CP142623.1	555156	555169	2
CP142623.1	555169	555192	3
CP142623.1	555192	555220	4
CP142623.1	555220	555229	3
CP142623.1	555229	555243	4
CP142623.1	555243	555271	3
CP142623.1	555271	555283	2
CP142623.1	555283	555291	3
CP142623.1	555291	555308	4
CP142623.1	555308	555348	3
CP142623.1	555348	555365	4
CP142623.1	555365	555366	3
CP142623.1	555366	555419	4
CP142623.1	555419	555439	3
CP142623.1	555439	555467	2
CP142623.1	555467	555583	1
CP142623.1	555583	555643	0
CP142623.1	555643	555675	2
CP142623.1	555675	555695	3
CP142623.1	555695	555708	2
CP142623.1	555708	555714	1
CP142623.1	555714	555725	0
CP142623.1	555725	555728	1
CP142623.1	555728	555742	2
CP142623.1	555742	555747	3
CP142623.1	555747	555797	4
CP142623.1	555797	555799	3
CP142623.1	555799	555805	2
CP142623.1	555805	555806	1
CP142623.1	555806	555811	2
CP142623.1	555811	555854	3
CP142623.1	555854	555855	2
CP142623.1	555855	555870	3
CP142623.1	555870	555905	2
CP142623.1	555905	555906	1
CP142623.1	555906	555924	2
CP142623.1	555924	556052	1
CP142623.1	556052	556069	0
CP142623.1	556069	556091	1
CP142623.1	556091	556119	2
CP142623.1	556119	556254	1
CP142623.1	556254	556305	2
CP142623.1	556305	556327	3
CP142623.1	556327	556379	2
CP142623.1	556379	556380	1
CP142623.1	556380	556397	2
CP142623.1	556397	556422	1
CP142623.1	556422	556463	2
CP142623.1	556463	556489	3
CP142623.1	556489	556490	2
CP142623.1	556490	556509	3
CP142623.1	556509	556512	2
CP142623.1	556512	556531	3
CP142623.1	556531	556546	2
CP142623.1	556546	556683	1
CP142623.1	556683	556715	0
CP142623.1	556715	556766	1
CP142623.1	556766	556810	2
CP142623.1	556810	556871	3
CP142623.1	556871	556878	2
CP142623.1	556878	556880	1
CP142623.1	556880	556979	2
CP142623.1	556979	556981	1
CP142623.1	556981	556987	2
CP142623.1	556987	557018	1
CP142623.1	557018	557362	0
CP142623.1	557362	557410	1
CP142623.1	557410	557494	2
CP142623.1	557494	557495	1
CP142623.1	557495	557510	2
CP142623.1	557510	557565	3
CP142623.1	557565	557566	4
CP142623.1	557566	557567	3
CP142623.1	557567	557590	4
CP142623.1	557590	557603	3
CP142623.1	557603	557634	4
CP142623.1	557634	557637	3
CP142623.1	557637	557646	4
CP142623.1	557646	557648	5
CP142623.1	557648	557674	4
CP142623.1	557674	557676	3
CP142623.1	557676	557679	2
CP142623.1	557679	557683	3
CP142623.1	557683	557692	4
CP142623.1	557692	557711	5
CP142623.1	557711	557715	4
CP142623.1	557715	557718	3
CP142623.1	557718	557745	2
CP142623.1	557745	557760	1
CP142623.1	557760	557837	0
CP142623.1	557837	557840	1
CP142623.1	557840	557862	2
CP142623.1	557862	557892	3
CP142623.1	557892	557954	4
CP142623.1	557954	557971	3
CP142623.1	557971	557972	2
CP142623.1	557972	558020	3
CP142623.1	558020	558023	2
CP142623.1	558023	558037	1
CP142623.1	558037	558050	0
CP142623.1	558050	558169	1
CP142623.1	558169	558176	2
CP142623.1	558176	558213	1
CP142623.1	558213	558227	2
CP142623.1	558227	558244	3
CP142623.1	558244	558251	2
CP142623.1	558251	558285	1
CP142623.1	558285	558292	0
CP142623.1	558292	558297	2
CP142623.1	558297	558416	3
CP142623.1	558416	558417	2
CP142623.1	558417	558459	3
CP142623.1	558459	558460	2
CP142623.1	558460	558530	3
CP142623.1	558530	558546	2
CP142623.1	558546	558655	1
CP142623.1	558655	558765	0
CP142623.1	558765	558839	1
CP142623.1	558839	558859	2
CP142623.1	558859	558860	1
CP142623.1	558860	558921	2
CP142623.1	558921	559015	1
CP142623.1	559015	559042	0
CP142623.1	559042	559093	1
CP142623.1	559093	559100	0
CP142623.1	559100	559112	1
CP142623.1	559112	559113	0
CP142623.1	559113	559179	1
CP142623.1	559179	559573	0
CP142623.1	559573	559581	1
CP142623.1	559581	559607	2
CP142623.1	559607	559620	3
CP142623.1	559620	559621	2
CP142623.1	559621	559701	3
CP142623.1	559701	559726	2
CP142623.1	559726	559841	1
CP142623.1	559841	559873	2
CP142623.1	559873	559978	3
CP142623.1	559978	560009	4
CP142623.1	560009	560011	3
CP142623.1	560011	560026	2
CP142623.1	560026	560089	1
CP142623.1	560089	560104	0
CP142623.1	560104	560123	1
CP142623.1	560123	560205	2
CP142623.1	560205	560224	1
CP142623.1	560224	560230	0
CP142623.1	560230	560302	1
CP142623.1	560302	560303	0
CP142623.1	560303	560351	1
CP142623.1	560351	560372	0
CP142623.1	560372	560580	1
CP142623.1	560580	560589	0
CP142623.1	560589	560761	1
CP142623.1	560761	560763	0
CP142623.1	560763	560794	1
CP142623.1	560794	560929	0
CP142623.1	560929	560982	1
CP142623.1	560982	561196	0
CP142623.1	561196	561244	1
CP142623.1	561244	561251	2
CP142623.1	561251	561252	1
CP142623.1	561252	561254	2
CP142623.1	561254	561255	1
CP142623.1	561255	561308	2
CP142623.1	561308	561365	3
CP142623.1	561365	561366	2
CP142623.1	561366	561387	3
CP142623.1	561387	561432	2
CP142623.1	561432	561433	0
CP142623.1	561433	561442	2
CP142623.1	561442	561488	1
CP142623.1	561488	561636	0
CP142623.1	561636	561727	1
CP142623.1	561727	561730	0
CP142623.1	561730	561792	1
CP142623.1	561792	561826	2
CP142623.1	561826	561830	3
CP142623.1	561830	561939	2
CP142623.1	561939	562050	1
CP142623.1	562050	562089	2
CP142623.1	562089	562090	1
CP142623.1	562090	562108	2
CP142623.1	562108	562109	1
CP142623.1	562109	562135	2
CP142623.1	562135	562318	1
CP142623.1	562318	562373	0
CP142623.1	562373	562492	1
CP142623.1	562492	562699	0
CP142623.1	562699	562715	1
CP142623.1	562715	562736	2
CP142623.1	562736	562737	1
CP142623.1	562737	562741	0
CP142623.1	562741	562743	1
CP142623.1	562743	562821	2
CP142623.1	562821	562848	3
CP142623.1	562848	562849	2
CP142623.1	562849	562881	3
CP142623.1	562881	562884	2
CP142623.1	562884	562935	3
CP142623.1	562935	562939	2
CP142623.1	562939	562940	1
CP142623.1	562940	562972	2
CP142623.1	562972	563036	1
CP142623.1	563036	563039	0
CP142623.1	563039	563055	1
CP142623.1	563055	563092	2
CP142623.1	563092	563096	1
CP142623.1	563096	563179	2
CP142623.1	563179	563217	3
CP142623.1	563217	563218	2
CP142623.1	563218	563228	3
CP142623.1	563228	563233	2
CP142623.1	563233	563244	3
CP142623.1	563244	563245	2
CP142623.1	563245	563259	3
CP142623.1	563259	563267	2
CP142623.1	563267	563271	1
CP142623.1	563271	563322	2
CP142623.1	563322	563325	3
CP142623.1	563325	563331	4
CP142623.1	563331	563341	3
CP142623.1	563341	563343	2
CP142623.1	563343	563358	3
CP142623.1	563358	563363	2
CP142623.1	563363	563378	3
CP142623.1	563378	563414	2
CP142623.1	563414	563422	3
CP142623.1	563422	563424	2
CP142623.1	563424	563436	3
CP142623.1	563436	563438	2
CP142623.1	563438	563439	0
CP142623.1	563439	563496	3
CP142623.1	563496	563537	2
CP142623.1	563537	563539	3
CP142623.1	563539	563542	2
CP142623.1	563542	563594	1
CP142623.1	563594	563600	2
CP142623.1	563600	563609	1
CP142623.1	563609	563622	2
CP142623.1	563622	563638	3
CP142623.1	563638	563666	2
CP142623.1	563666	563693	1
CP142623.1	563693	563694	0
CP142623.1	563694	563751	1
CP142623.1	563751	563771	2
CP142623.1	563771	563780	1
CP142623.1	563780	563781	0
CP142623.1	563781	563819	1
CP142623.1	563819	563820	0
CP142623.1	563820	563826	1
CP142623.1	563826	563831	2
CP142623.1	563831	563840	1
CP142623.1	563840	563856	2
CP142623.1	563856	563866	3
CP142623.1	563866	563994	2
CP142623.1	563994	564041	1
CP142623.1	564041	564142	0
CP142623.1	564142	564259	1
CP142623.1	564259	564282	2
CP142623.1	564282	564283	1
CP142623.1	564283	564345	2
CP142623.1	564345	564351	3
CP142623.1	564351	564355	2
CP142623.1	564355	564367	3
CP142623.1	564367	564368	2
CP142623.1	564368	564411	3
CP142623.1	564411	564413	4
CP142623.1	564413	564461	3
CP142623.1	564461	564506	2
CP142623.1	564506	564508	3
CP142623.1	564508	564519	4
CP142623.1	564519	564552	3
CP142623.1	564552	564568	2
CP142623.1	564568	564580	3
CP142623.1	564580	564582	2
CP142623.1	564582	564587	3
CP142623.1	564587	564590	4
CP142623.1	564590	564646	3
CP142623.1	564646	564729	2
CP142623.1	564729	564776	3
CP142623.1	564776	564792	4
CP142623.1	564792	564821	3
CP142623.1	564821	564833	2
CP142623.1	564833	564841	1
CP142623.1	564841	564935	0
CP142623.1	564935	565015	1
CP142623.1	565015	565023	2
CP142623.1	565023	565056	1
CP142623.1	565056	565084	2
CP142623.1	565084	565087	1
CP142623.1	565087	565120	2
CP142623.1	565120	565121	1
CP142623.1	565121	565127	2
CP142623.1	565127	565128	1
CP142623.1	565128	565133	2
CP142623.1	565133	565148	3
CP142623.1	565148	565194	2
CP142623.1	565194	565207	1
CP142623.1	565207	565301	0
CP142623.1	565301	565361	1
CP142623.1	565361	565442	0
CP142623.1	565442	565463	1
CP142623.1	565463	565516	2
CP142623.1	565516	565580	1
CP142623.1	565580	565771	0
CP142623.1	565771	565776	1
CP142623.1	565776	565783	2
CP142623.1	565783	565806	3
CP142623.1	565806	565808	2
CP142623.1	565808	565809	1
CP142623.1	565809	565811	3
CP142623.1	565811	565817	4
CP142623.1	565817	565828	3
CP142623.1	565828	565830	2
CP142623.1	565830	565831	1
CP142623.1	565831	565862	2
CP142623.1	565862	565863	1
CP142623.1	565863	565864	2
CP142623.1	565864	565875	1
CP142623.1	565875	565878	0
CP142623.1	565878	565899	1
CP142623.1	565899	565901	0
CP142623.1	565901	565962	1
CP142623.1	565962	566117	0
CP142623.1	566117	566230	1
CP142623.1	566230	566411	0
CP142623.1	566411	566421	1
CP142623.1	566421	566448	2
CP142623.1	566448	566489	1
CP142623.1	566489	566510	2
CP142623.1	566510	566597	1
CP142623.1	566597	566642	0
CP142623.1	566642	566672	1
CP142623.1	566672	566745	2
CP142623.1	566745	566753	1
CP142623.1	566753	566766	2
CP142623.1	566766	566901	1
CP142623.1	566901	567032	2
CP142623.1	567032	567034	3
CP142623.1	567034	567100	2
CP142623.1	567100	567121	1
CP142623.1	567121	567210	0
CP142623.1	567210	567226	1
CP142623.1	567226	567297	2
CP142623.1	567297	567501	1
CP142623.1	567501	567531	2
CP142623.1	567531	567546	1
CP142623.1	567546	567593	2
CP142623.1	567593	567600	1
CP142623.1	567600	567654	2
CP142623.1	567654	567715	3
CP142623.1	567715	567725	2
CP142623.1	567725	567726	1
CP142623.1	567726	567728	0
CP142623.1	567728	567750	1
CP142623.1	567750	567862	0
CP142623.1	567862	567866	2
CP142623.1	567866	567890	3
CP142623.1	567890	567912	4
CP142623.1	567912	567915	3
CP142623.1	567915	567945	2
CP142623.1	567945	567952	3
CP142623.1	567952	567963	4
CP142623.1	567963	567991	5
CP142623.1	567991	568032	6
CP142623.1	568032	568059	5
CP142623.1	568059	568088	4
CP142623.1	568088	568111	3
CP142623.1	568111	568185	2
CP142623.1	568185	568257	1
CP142623.1	568257	568351	0
CP142623.1	568351	568358	2
CP142623.1	568358	568396	3
CP142623.1	568396	568405	2
CP142623.1	568405	568425	3
CP142623.1	568425	568482	4
CP142623.1	568482	568487	5
CP142623.1	568487	568491	4
CP142623.1	568491	568522	5
CP142623.1	568522	568535	4
CP142623.1	568535	568589	3
CP142623.1	568589	568602	2
CP142623.1	568602	568680	1
CP142623.1	568680	568681	2
CP142623.1	568681	568690	1
CP142623.1	568690	568727	2
CP142623.1	568727	568739	1
CP142623.1	568739	568932	0
CP142623.1	568932	568981	1
CP142623.1	568981	569024	0
CP142623.1	569024	569095	1
CP142623.1	569095	569198	0
CP142623.1	569198	569206	1
CP142623.1	569206	569259	2
CP142623.1	569259	569274	1
CP142623.1	569274	569302	2
CP142623.1	569302	569357	3
CP142623.1	569357	569450	2
CP142623.1	569450	569456	1
CP142623.1	569456	569483	2
CP142623.1	569483	569484	1
CP142623.1	569484	569535	2
CP142623.1	569535	569590	1
CP142623.1	569590	569612	0
CP142623.1	569612	569619	1
CP142623.1	569619	569634	2
CP142623.1	569634	569651	3
CP142623.1	569651	569683	4
CP142623.1	569683	569749	3
CP142623.1	569749	569753	2
CP142623.1	569753	569757	1
CP142623.1	569757	569758	0
CP142623.1	569758	569791	1
CP142623.1	569791	569819	2
CP142623.1	569819	569839	3
CP142623.1	569839	569845	2
CP142623.1	569845	569855	3
CP142623.1	569855	569861	2
CP142623.1	569861	569862	1
CP142623.1	569862	569873	2
CP142623.1	569873	569879	1
CP142623.1	569879	569900	2
CP142623.1	569900	569901	1
CP142623.1	569901	569957	2
CP142623.1	569957	569984	3
CP142623.1	569984	569985	2
CP142623.1	569985	569987	3
CP142623.1	569987	570014	2
CP142623.1	570014	570077	1
CP142623.1	570077	570107	0
CP142623.1	570107	570173	1
CP142623.1	570173	570174	0
CP142623.1	570174	570205	1
CP142623.1	570205	570247	2
CP142623.1	570247	570300	1
CP142623.1	570300	570311	2
CP142623.1	570311	570326	3
CP142623.1	570326	570334	2
CP142623.1	570334	570335	1
CP142623.1	570335	570342	2
CP142623.1	570342	570364	3
CP142623.1	570364	570403	2
CP142623.1	570403	570426	3
CP142623.1	570426	570430	2
CP142623.1	570430	570437	3
CP142623.1	570437	570481	2
CP142623.1	570481	570601	1
CP142623.1	570601	570604	0
CP142623.1	570604	570607	1
CP142623.1	570607	570622	2
CP142623.1	570622	570624	1
CP142623.1	570624	570626	2
CP142623.1	570626	570627	1
CP142623.1	570627	570655	2
CP142623.1	570655	570658	3
CP142623.1	570658	570707	2
CP142623.1	570707	570713	1
CP142623.1	570713	570718	2
CP142623.1	570718	570748	3
CP142623.1	570748	570749	4
CP142623.1	570749	570767	3
CP142623.1	570767	570790	2
CP142623.1	570790	570793	1
CP142623.1	570793	570845	2
CP142623.1	570845	570907	1
CP142623.1	570907	570948	2
CP142623.1	570948	570963	1
CP142623.1	570963	571024	2
CP142623.1	571024	571035	3
CP142623.1	571035	571126	2
CP142623.1	571126	571127	1
CP142623.1	571127	571189	2
CP142623.1	571189	571302	1
CP142623.1	571302	571315	2
CP142623.1	571315	571395	1
CP142623.1	571395	571453	2
CP142623.1	571453	571463	1
CP142623.1	571463	571484	2
CP142623.1	571484	571486	1
CP142623.1	571486	571513	2
CP142623.1	571513	571519	1
CP142623.1	571519	571615	2
CP142623.1	571615	571633	1
CP142623.1	571633	571641	0
CP142623.1	571641	571648	1
CP142623.1	571648	571675	2
CP142623.1	571675	571685	1
CP142623.1	571685	571686	0
CP142623.1	571686	571714	1
CP142623.1	571714	571722	0
CP142623.1	571722	571735	1
CP142623.1	571735	571789	2
CP142623.1	571789	571807	3
CP142623.1	571807	571909	2
CP142623.1	571909	571916	3
CP142623.1	571916	571930	2
CP142623.1	571930	572011	1
CP142623.1	572011	572027	2
CP142623.1	572027	572030	3
CP142623.1	572030	572031	1
CP142623.1	572031	572041	3
CP142623.1	572041	572146	2
CP142623.1	572146	572179	1
CP142623.1	572179	572285	2
CP142623.1	572285	572311	3
CP142623.1	572311	572357	2
CP142623.1	572357	572363	1
CP142623.1	572363	572506	2
CP142623.1	572506	572512	1
CP142623.1	572512	572537	2
CP142623.1	572537	572562	3
CP142623.1	572562	572565	1
CP142623.1	572565	572584	2
CP142623.1	572584	572586	3
CP142623.1	572586	572594	2
CP142623.1	572594	572604	3
CP142623.1	572604	572663	2
CP142623.1	572663	572801	0
CP142623.1	572801	572821	1
CP142623.1	572821	572886	2
CP142623.1	572886	573026	1
CP142623.1	573026	573103	0
CP142623.1	573103	573150	1
CP142623.1	573150	573154	2
CP142623.1	573154	573171	3
CP142623.1	573171	573196	2
CP142623.1	573196	573197	0
CP142623.1	573197	573198	1
CP142623.1	573198	573229	2
CP142623.1	573229	573256	1
CP142623.1	573256	573286	2
CP142623.1	573286	573289	1
CP142623.1	573289	573304	2
CP142623.1	573304	573364	3
CP142623.1	573364	573400	2
CP142623.1	573400	573405	3
CP142623.1	573405	573426	2
CP142623.1	573426	573503	3
CP142623.1	573503	573519	2
CP142623.1	573519	573530	1
CP142623.1	573530	573586	2
CP142623.1	573586	573590	3
CP142623.1	573590	573591	1
CP142623.1	573591	573593	2
CP142623.1	573593	573599	4
CP142623.1	573599	573600	3
CP142623.1	573600	573623	4
CP142623.1	573623	573659	5
CP142623.1	573659	573674	4
CP142623.1	573674	573703	3
CP142623.1	573703	573729	4
CP142623.1	573729	573806	3
CP142623.1	573806	573914	2
CP142623.1	573914	573915	1
CP142623.1	573915	573926	2
CP142623.1	573926	573966	1
CP142623.1	573966	573975	2
CP142623.1	573975	573976	0
CP142623.1	573976	573992	3
CP142623.1	573992	573993	2
CP142623.1	573993	574003	3
CP142623.1	574003	574027	2
CP142623.1	574027	574076	1
CP142623.1	574076	574082	2
CP142623.1	574082	574087	1
CP142623.1	574087	574180	2
CP142623.1	574180	574263	1
CP142623.1	574263	574280	2
CP142623.1	574280	574290	3
CP142623.1	574290	574313	2
CP142623.1	574313	574325	1
CP142623.1	574325	574346	2
CP142623.1	574346	574365	3
CP142623.1	574365	574392	4
CP142623.1	574392	574404	5
CP142623.1	574404	574410	6
CP142623.1	574410	574423	5
CP142623.1	574423	574477	4
CP142623.1	574477	574519	3
CP142623.1	574519	574571	2
CP142623.1	574571	574575	3
CP142623.1	574575	574621	2
CP142623.1	574621	574673	1
CP142623.1	574673	574960	0
CP142623.1	574960	575165	1
CP142623.1	575165	575175	2
CP142623.1	575175	575303	1
CP142623.1	575303	575331	0
CP142623.1	575331	575367	1
CP142623.1	575367	575412	2
CP142623.1	575412	575422	1
CP142623.1	575422	575491	0
CP142623.1	575491	575520	1
CP142623.1	575520	575532	0
CP142623.1	575532	575552	1
CP142623.1	575552	575655	2
CP142623.1	575655	575723	1
CP142623.1	575723	575734	0
CP142623.1	575734	575820	1
CP142623.1	575820	575905	0
CP142623.1	575905	575911	1
CP142623.1	575911	575964	2
CP142623.1	575964	575973	3
CP142623.1	575973	576014	2
CP142623.1	576014	576038	3
CP142623.1	576038	576073	2
CP142623.1	576073	576074	1
CP142623.1	576074	576096	2
CP142623.1	576096	576117	1
CP142623.1	576117	576133	2
CP142623.1	576133	576134	1
CP142623.1	576134	576188	2
CP142623.1	576188	576193	1
CP142623.1	576193	576196	2
CP142623.1	576196	576197	1
CP142623.1	576197	576236	2
CP142623.1	576236	576240	3
CP142623.1	576240	576253	4
CP142623.1	576253	576258	3
CP142623.1	576258	576295	4
CP142623.1	576295	576328	3
CP142623.1	576328	576329	2
CP142623.1	576329	576345	3
CP142623.1	576345	576382	2
CP142623.1	576382	576383	1
CP142623.1	576383	576401	2
CP142623.1	576401	576408	1
CP142623.1	576408	576431	2
CP142623.1	576431	576460	1
CP142623.1	576460	576477	2
CP142623.1	576477	576501	1
CP142623.1	576501	576594	2
CP142623.1	576594	576632	3
CP142623.1	576632	576641	4
CP142623.1	576641	576703	3
CP142623.1	576703	576705	4
CP142623.1	576705	576708	3
CP142623.1	576708	576710	2
CP142623.1	576710	576758	3
CP142623.1	576758	576797	2
CP142623.1	576797	576829	1
CP142623.1	576829	576836	0
CP142623.1	576836	576900	1
CP142623.1	576900	576920	0
CP142623.1	576920	576922	1
CP142623.1	576922	576992	2
CP142623.1	576992	577080	1
CP142623.1	577080	577084	0
CP142623.1	577084	577101	1
CP142623.1	577101	577137	2
CP142623.1	577137	577143	3
CP142623.1	577143	577176	2
CP142623.1	577176	577181	1
CP142623.1	577181	577193	2
CP142623.1	577193	577194	1
CP142623.1	577194	577203	2
CP142623.1	577203	577220	3
CP142623.1	577220	577236	4
CP142623.1	577236	577237	3
CP142623.1	577237	577242	4
CP142623.1	577242	577282	3
CP142623.1	577282	577365	2
CP142623.1	577365	577390	1
CP142623.1	577390	577426	2
CP142623.1	577426	577434	3
CP142623.1	577434	577436	2
CP142623.1	577436	577464	3
CP142623.1	577464	577477	2
CP142623.1	577477	577478	1
CP142623.1	577478	577515	2
CP142623.1	577515	577598	3
CP142623.1	577598	577615	2
CP142623.1	577615	577616	1
CP142623.1	577616	577656	2
CP142623.1	577656	577662	1
CP142623.1	577662	577710	2
CP142623.1	577710	577753	1
CP142623.1	577753	577809	2
CP142623.1	577809	577843	3
CP142623.1	577843	577905	2
CP142623.1	577905	578035	1
CP142623.1	578035	578108	0
CP142623.1	578108	578213	1
CP142623.1	578213	578253	2
CP142623.1	578253	578283	1
CP142623.1	578283	578432	0
CP142623.1	578432	578465	1
CP142623.1	578465	578467	0
CP142623.1	578467	578605	1
CP142623.1	578605	578655	2
CP142623.1	578655	578656	1
CP142623.1	578656	578679	2
CP142623.1	578679	578689	3
CP142623.1	578689	578703	2
CP142623.1	578703	578770	3
CP142623.1	578770	578771	2
CP142623.1	578771	578828	1
CP142623.1	578828	578905	2
CP142623.1	578905	578935	3
CP142623.1	578935	578972	2
CP142623.1	578972	579073	3
CP142623.1	579073	579084	2
CP142623.1	579084	579085	1
CP142623.1	579085	579122	2
CP142623.1	579122	579137	3
CP142623.1	579137	579138	2
CP142623.1	579138	579153	3
CP142623.1	579153	579206	2
CP142623.1	579206	579246	1
CP142623.1	579246	579258	0
CP142623.1	579258	579267	1
CP142623.1	579267	579295	2
CP142623.1	579295	579326	3
CP142623.1	579326	579341	4
CP142623.1	579341	579401	3
CP142623.1	579401	579403	1
CP142623.1	579403	579404	0
CP142623.1	579404	579430	2
CP142623.1	579430	579434	1
CP142623.1	579434	579449	2
CP142623.1	579449	579473	1
CP142623.1	579473	579491	2
CP142623.1	579491	579504	1
CP142623.1	579504	579527	2
CP142623.1	579527	579553	1
CP142623.1	579553	579671	2
CP142623.1	579671	579744	1
CP142623.1	579744	579765	2
CP142623.1	579765	579853	1
CP142623.1	579853	579856	0
CP142623.1	579856	579857	1
CP142623.1	579857	579880	2
CP142623.1	579880	579914	3
CP142623.1	579914	579943	2
CP142623.1	579943	579971	1
CP142623.1	579971	580120	0
CP142623.1	580120	580170	1
CP142623.1	580170	580240	2
CP142623.1	580240	580268	3
CP142623.1	580268	580283	4
CP142623.1	580283	580291	3
CP142623.1	580291	580309	4
CP142623.1	580309	580320	3
CP142623.1	580320	580361	2
CP142623.1	580361	580364	3
CP142623.1	580364	580366	2
CP142623.1	580366	580379	3
CP142623.1	580379	580416	2
CP142623.1	580416	580508	1
CP142623.1	580508	580629	2
CP142623.1	580629	580649	1
CP142623.1	580649	580686	2
CP142623.1	580686	580687	3
CP142623.1	580687	580690	2
CP142623.1	580690	580691	1
CP142623.1	580691	580713	2
CP142623.1	580713	580723	1
CP142623.1	580723	580731	2
CP142623.1	580731	580749	3
CP142623.1	580749	580794	2
CP142623.1	580794	580879	1
CP142623.1	580879	580895	2
CP142623.1	580895	580896	1
CP142623.1	580896	580907	2
CP142623.1	580907	580913	1
CP142623.1	580913	580917	2
CP142623.1	580917	580933	3
CP142623.1	580933	580949	4
CP142623.1	580949	581018	5
CP142623.1	581018	581023	4
CP142623.1	581023	581032	3
CP142623.1	581032	581034	0
CP142623.1	581034	581039	3
CP142623.1	581039	581040	2
CP142623.1	581040	581071	3
CP142623.1	581071	581080	2
CP142623.1	581080	581271	1
CP142623.1	581271	581452	0
CP142623.1	581452	581644	1
CP142623.1	581644	581811	0
CP142623.1	581811	581817	1
CP142623.1	581817	581862	2
CP142623.1	581862	581884	3
CP142623.1	581884	581919	4
CP142623.1	581919	581963	3
CP142623.1	581963	581999	2
CP142623.1	581999	582026	1
CP142623.1	582026	582113	2
CP142623.1	582113	582239	1
CP142623.1	582239	582522	0
CP142623.1	582522	582525	1
CP142623.1	582525	582526	0
CP142623.1	582526	582575	1
CP142623.1	582575	582611	2
CP142623.1	582611	582638	1
CP142623.1	582638	582656	0
CP142623.1	582656	582741	1
CP142623.1	582741	582758	0
CP142623.1	582758	582869	1
CP142623.1	582869	582900	2
CP142623.1	582900	582956	3
CP142623.1	582956	583003	2
CP142623.1	583003	583149	1
CP142623.1	583149	583212	0
CP142623.1	583212	583275	1
CP142623.1	583275	583623	0
CP142623.1	583623	583654	1
CP142623.1	583654	583700	2
CP142623.1	583700	583707	1
CP142623.1	583707	583709	2
CP142623.1	583709	583763	3
CP142623.1	583763	583822	2
CP142623.1	583822	583951	1
CP142623.1	583951	583961	2
CP142623.1	583961	583978	3
CP142623.1	583978	583988	4
CP142623.1	583988	583991	3
CP142623.1	583991	584018	4
CP142623.1	584018	584043	5
CP142623.1	584043	584055	6
CP142623.1	584055	584061	5
CP142623.1	584061	584062	2
CP142623.1	584062	584073	5
CP142623.1	584073	584077	4
CP142623.1	584077	584089	3
CP142623.1	584089	584106	2
CP142623.1	584106	584158	3
CP142623.1	584158	584160	2
CP142623.1	584160	584169	3
CP142623.1	584169	584312	2
CP142623.1	584312	584313	1
CP142623.1	584313	584314	0
CP142623.1	584314	584383	1
CP142623.1	584383	584560	0
CP142623.1	584560	584590	1
CP142623.1	584590	584725	2
CP142623.1	584725	584726	3
CP142623.1	584726	584745	2
CP142623.1	584745	584746	1
CP142623.1	584746	584778	2
CP142623.1	584778	584813	3
CP142623.1	584813	584821	2
CP142623.1	584821	584841	3
CP142623.1	584841	584910	2
CP142623.1	584910	584978	1
CP142623.1	584978	584990	2
CP142623.1	584990	585020	4
CP142623.1	585020	585022	3
CP142623.1	585022	585052	4
CP142623.1	585052	585073	3
CP142623.1	585073	585083	2
CP142623.1	585083	585106	3
CP142623.1	585106	585108	1
CP142623.1	585108	585110	2
CP142623.1	585110	585155	3
CP142623.1	585155	585192	2
CP142623.1	585192	585228	3
CP142623.1	585228	585232	2
CP142623.1	585232	585247	3
CP142623.1	585247	585286	4
CP142623.1	585286	585287	3
CP142623.1	585287	585301	4
CP142623.1	585301	585304	3
CP142623.1	585304	585324	2
CP142623.1	585324	585331	1
CP142623.1	585331	585334	2
CP142623.1	585334	585345	3
CP142623.1	585345	585367	2
CP142623.1	585367	585422	1
CP142623.1	585422	585437	2
CP142623.1	585437	585450	3
CP142623.1	585450	585451	2
CP142623.1	585451	585516	3
CP142623.1	585516	585525	2
CP142623.1	585525	585720	1
CP142623.1	585720	585778	2
CP142623.1	585778	585782	1
CP142623.1	585782	585784	2
CP142623.1	585784	585865	1
CP142623.1	585865	585866	0
CP142623.1	585866	585900	1
CP142623.1	585900	585901	0
CP142623.1	585901	585911	1
CP142623.1	585911	585930	3
CP142623.1	585930	585992	2
CP142623.1	585992	586025	1
CP142623.1	586025	586030	2
CP142623.1	586030	586089	1
CP142623.1	586089	586109	2
CP142623.1	586109	586121	3
CP142623.1	586121	586148	2
CP142623.1	586148	586150	4
CP142623.1	586150	586198	3
CP142623.1	586198	586199	2
CP142623.1	586199	586236	1
CP142623.1	586236	586368	0
CP142623.1	586368	586435	1
CP142623.1	586435	586438	2
CP142623.1	586438	586448	3
CP142623.1	586448	586491	4
CP142623.1	586491	586521	3
CP142623.1	586521	586659	2
CP142623.1	586659	586685	1
CP142623.1	586685	586777	0
CP142623.1	586777	586831	1
CP142623.1	586831	586848	2
CP142623.1	586848	586859	1
CP142623.1	586859	586862	2
CP142623.1	586862	586924	3
CP142623.1	586924	586943	4
CP142623.1	586943	586966	3
CP142623.1	586966	587022	2
CP142623.1	587022	587040	1
CP142623.1	587040	587082	2
CP142623.1	587082	587100	1
CP142623.1	587100	587105	2
CP142623.1	587105	587108	1
CP142623.1	587108	587220	2
CP142623.1	587220	587222	1
CP142623.1	587222	587225	2
CP142623.1	587225	587262	3
CP142623.1	587262	587282	2
CP142623.1	587282	587337	1
CP142623.1	587337	587341	2
CP142623.1	587341	587342	1
CP142623.1	587342	587384	2
CP142623.1	587384	587405	1
CP142623.1	587405	587417	0
CP142623.1	587417	587464	1
CP142623.1	587464	587466	0
CP142623.1	587466	587485	1
CP142623.1	587485	587631	0
CP142623.1	587631	587777	1
CP142623.1	587777	587827	2
CP142623.1	587827	587910	1
CP142623.1	587910	587913	0
CP142623.1	587913	587914	1
CP142623.1	587914	587995	2
CP142623.1	587995	588024	1
CP142623.1	588024	588033	0
CP142623.1	588033	588060	1
CP142623.1	588060	588109	2
CP142623.1	588109	588128	3
CP142623.1	588128	588131	2
CP142623.1	588131	588137	3
CP142623.1	588137	588148	2
CP142623.1	588148	588165	3
CP142623.1	588165	588176	2
CP142623.1	588176	588194	1
CP142623.1	588194	588204	2
CP142623.1	588204	588215	3
CP142623.1	588215	588216	2
CP142623.1	588216	588233	3
CP142623.1	588233	588260	2
CP142623.1	588260	588271	1
CP142623.1	588271	588277	2
CP142623.1	588277	588302	1
CP142623.1	588302	588303	0
CP142623.1	588303	588367	1
CP142623.1	588367	588439	2
CP142623.1	588439	588441	3
CP142623.1	588441	588473	2
CP142623.1	588473	588509	3
CP142623.1	588509	588561	4
CP142623.1	588561	588597	3
CP142623.1	588597	588600	2
CP142623.1	588600	588607	1
CP142623.1	588607	588648	2
CP142623.1	588648	588649	1
CP142623.1	588649	588723	2
CP142623.1	588723	588740	1
CP142623.1	588740	588749	0
CP142623.1	588749	588752	1
CP142623.1	588752	588753	0
CP142623.1	588753	588764	1
CP142623.1	588764	588814	2
CP142623.1	588814	588823	3
CP142623.1	588823	588824	2
CP142623.1	588824	588851	3
CP142623.1	588851	588857	4
CP142623.1	588857	588897	3
CP142623.1	588897	588946	4
CP142623.1	588946	588949	3
CP142623.1	588949	588953	2
CP142623.1	588953	588958	3
CP142623.1	588958	588959	2
CP142623.1	588959	588962	1
CP142623.1	588962	588974	3
CP142623.1	588974	588975	4
CP142623.1	588975	588976	3
CP142623.1	588976	588989	4
CP142623.1	588989	588990	3
CP142623.1	588990	589002	4
CP142623.1	589002	589003	3
CP142623.1	589003	589042	2
CP142623.1	589042	589047	3
CP142623.1	589047	589184	2
CP142623.1	589184	589187	1
CP142623.1	589187	589352	0
CP142623.1	589352	589379	1
CP142623.1	589379	589430	2
CP142623.1	589430	589460	3
CP142623.1	589460	589461	2
CP142623.1	589461	589462	1
CP142623.1	589462	589471	3
CP142623.1	589471	589474	2
CP142623.1	589474	589484	3
CP142623.1	589484	589555	2
CP142623.1	589555	589561	1
CP142623.1	589561	589565	2
CP142623.1	589565	589588	1
CP142623.1	589588	589591	0
CP142623.1	589591	589636	1
CP142623.1	589636	589659	2
CP142623.1	589659	589673	3
CP142623.1	589673	589708	2
CP142623.1	589708	589745	1
CP142623.1	589745	589782	2
CP142623.1	589782	589816	3
CP142623.1	589816	589821	4
CP142623.1	589821	589848	3
CP142623.1	589848	589849	2
CP142623.1	589849	589868	3
CP142623.1	589868	589877	2
CP142623.1	589877	589923	3
CP142623.1	589923	589934	4
CP142623.1	589934	589950	3
CP142623.1	589950	590010	2
CP142623.1	590010	590058	1
CP142623.1	590058	590088	0
CP142623.1	590088	590199	1
CP142623.1	590199	590200	0
CP142623.1	590200	590214	1
CP142623.1	590214	590313	0
CP142623.1	590313	590385	1
CP142623.1	590385	590467	0
CP142623.1	590467	590579	1
CP142623.1	590579	590580	0
CP142623.1	590580	590600	1
CP142623.1	590600	590663	2
CP142623.1	590663	590696	1
CP142623.1	590696	590698	0
CP142623.1	590698	590790	1
CP142623.1	590790	590791	0
CP142623.1	590791	590827	1
CP142623.1	590827	590857	2
CP142623.1	590857	590943	1
CP142623.1	590943	590975	2
CP142623.1	590975	591039	3
CP142623.1	591039	591049	4
CP142623.1	591049	591099	3
CP142623.1	591099	591133	4
CP142623.1	591133	591143	3
CP142623.1	591143	591150	4
CP142623.1	591150	591153	3
CP142623.1	591153	591179	4
CP142623.1	591179	591181	3
CP142623.1	591181	591198	4
CP142623.1	591198	591199	3
CP142623.1	591199	591208	4
CP142623.1	591208	591210	3
CP142623.1	591210	591212	2
CP142623.1	591212	591217	1
CP142623.1	591217	591221	2
CP142623.1	591221	591222	1
CP142623.1	591222	591285	2
CP142623.1	591285	591316	1
CP142623.1	591316	591374	2
CP142623.1	591374	591379	1
CP142623.1	591379	591388	0
CP142623.1	591388	591422	1
CP142623.1	591422	591514	2
CP142623.1	591514	591517	0
CP142623.1	591517	591518	1
CP142623.1	591518	591529	2
CP142623.1	591529	591533	1
CP142623.1	591533	591614	2
CP142623.1	591614	591644	1
CP142623.1	591644	591673	2
CP142623.1	591673	591690	1
CP142623.1	591690	591736	2
CP142623.1	591736	591787	1
CP142623.1	591787	591837	2
CP142623.1	591837	591838	1
CP142623.1	591838	591848	0
CP142623.1	591848	591891	1
CP142623.1	591891	591892	0
CP142623.1	591892	591994	1
CP142623.1	591994	592050	2
CP142623.1	592050	592077	1
CP142623.1	592077	592084	0
CP142623.1	592084	592116	1
CP142623.1	592116	592182	2
CP142623.1	592182	592205	3
CP142623.1	592205	592218	2
CP142623.1	592218	592281	1
CP142623.1	592281	592306	2
CP142623.1	592306	592315	3
CP142623.1	592315	592374	2
CP142623.1	592374	592464	1
CP142623.1	592464	592479	2
CP142623.1	592479	592481	1
CP142623.1	592481	592520	2
CP142623.1	592520	592614	3
CP142623.1	592614	592617	4
CP142623.1	592617	592647	3
CP142623.1	592647	592759	2
CP142623.1	592759	592853	1
CP142623.1	592853	592854	0
CP142623.1	592854	592919	1
CP142623.1	592919	592921	0
CP142623.1	592921	593005	1
CP142623.1	593005	593006	0
CP142623.1	593006	593009	1
CP142623.1	593009	593129	0
CP142623.1	593129	593164	1
CP142623.1	593164	593165	0
CP142623.1	593165	593191	1
CP142623.1	593191	593206	2
CP142623.1	593206	593257	1
CP142623.1	593257	593319	2
CP142623.1	593319	593332	1
CP142623.1	593332	593436	0
CP142623.1	593436	593485	1
CP142623.1	593485	593486	0
CP142623.1	593486	593649	1
CP142623.1	593649	593688	2
CP142623.1	593688	593727	1
CP142623.1	593727	593732	2
CP142623.1	593732	593768	1
CP142623.1	593768	593814	2
CP142623.1	593814	593820	3
CP142623.1	593820	593864	2
CP142623.1	593864	593865	1
CP142623.1	593865	593905	2
CP142623.1	593905	593943	1
CP142623.1	593943	593947	2
CP142623.1	593947	594058	4
CP142623.1	594058	594082	5
CP142623.1	594082	594104	4
CP142623.1	594104	594121	3
CP142623.1	594121	594143	2
CP142623.1	594143	594172	1
CP142623.1	594172	594460	0
CP142623.1	594460	594523	1
CP142623.1	594523	594543	0
CP142623.1	594543	594628	1
CP142623.1	594628	594692	0
CP142623.1	594692	594707	1
CP142623.1	594707	594767	2
CP142623.1	594767	594861	1
CP142623.1	594861	594862	2
CP142623.1	594862	594926	3
CP142623.1	594926	595038	2
CP142623.1	595038	595073	1
CP142623.1	595073	595136	2
CP142623.1	595136	595155	1
CP142623.1	595155	595264	0
CP142623.1	595264	595331	1
CP142623.1	595331	595355	0
CP142623.1	595355	595431	1
CP142623.1	595431	595432	0
CP142623.1	595432	595436	1
CP142623.1	595436	595440	0
CP142623.1	595440	595453	1
CP142623.1	595453	595502	2
CP142623.1	595502	595560	1
CP142623.1	595560	595676	0
CP142623.1	595676	595729	1
CP142623.1	595729	595732	0
CP142623.1	595732	595796	1
CP142623.1	595796	595812	2
CP142623.1	595812	595828	1
CP142623.1	595828	595833	2
CP142623.1	595833	595871	3
CP142623.1	595871	595874	2
CP142623.1	595874	595882	1
CP142623.1	595882	595888	2
CP142623.1	595888	595889	1
CP142623.1	595889	596004	2
CP142623.1	596004	596008	3
CP142623.1	596008	596037	4
CP142623.1	596037	596086	3
CP142623.1	596086	596092	2
CP142623.1	596092	596168	1
CP142623.1	596168	596235	2
CP142623.1	596235	596257	3
CP142623.1	596257	596276	4
CP142623.1	596276	596277	3
CP142623.1	596277	596289	4
CP142623.1	596289	596333	3
CP142623.1	596333	596365	2
CP142623.1	596365	596408	1
CP142623.1	596408	596529	2
CP142623.1	596529	596558	1
CP142623.1	596558	596586	2
CP142623.1	596586	596631	1
CP142623.1	596631	596648	2
CP142623.1	596648	596673	3
CP142623.1	596673	596679	2
CP142623.1	596679	596745	3
CP142623.1	596745	596748	2
CP142623.1	596748	596829	1
CP142623.1	596829	597408	0
CP142623.1	597408	597492	1
CP142623.1	597492	597495	0
CP142623.1	597495	597590	1
CP142623.1	597590	597613	0
CP142623.1	597613	597694	1
CP142623.1	597694	597858	2
CP142623.1	597858	597862	3
CP142623.1	597862	597863	2
CP142623.1	597863	597919	3
CP142623.1	597919	597927	2
CP142623.1	597927	597933	3
CP142623.1	597933	597942	2
CP142623.1	597942	597945	1
CP142623.1	597945	597960	3
CP142623.1	597960	597998	2
CP142623.1	597998	597999	1
CP142623.1	597999	598000	2
CP142623.1	598000	598014	1
CP142623.1	598014	598017	0
CP142623.1	598017	598022	1
CP142623.1	598022	598032	2
CP142623.1	598032	598157	1
CP142623.1	598157	598160	0
CP142623.1	598160	598163	1
CP142623.1	598163	598261	2
CP142623.1	598261	598268	3
CP142623.1	598268	598299	2
CP142623.1	598299	598354	1
CP142623.1	598354	598407	2
CP142623.1	598407	598456	3
CP142623.1	598456	598502	2
CP142623.1	598502	598505	1
CP142623.1	598505	598525	2
CP142623.1	598525	598548	1
CP142623.1	598548	598549	0
CP142623.1	598549	598604	1
CP142623.1	598604	598607	0
CP142623.1	598607	598613	1
CP142623.1	598613	598684	2
CP142623.1	598684	598737	1
CP142623.1	598737	598928	0
CP142623.1	598928	599060	1
CP142623.1	599060	599204	0
CP142623.1	599204	599350	1
CP142623.1	599350	599456	0
CP142623.1	599456	599458	1
CP142623.1	599458	599486	2
CP142623.1	599486	599487	1
CP142623.1	599487	599535	2
CP142623.1	599535	599536	1
CP142623.1	599536	599560	2
CP142623.1	599560	599685	1
CP142623.1	599685	599716	0
CP142623.1	599716	599794	1
CP142623.1	599794	599980	0
CP142623.1	599980	599982	1
CP142623.1	599982	600078	2
CP142623.1	600078	600079	1
CP142623.1	600079	600097	2
CP142623.1	600097	600106	1
CP142623.1	600106	600139	2
CP142623.1	600139	600163	3
CP142623.1	600163	600170	2
CP142623.1	600170	600210	1
CP142623.1	600210	600342	0
CP142623.1	600342	600363	1
CP142623.1	600363	600365	0
CP142623.1	600365	600373	1
CP142623.1	600373	600375	0
CP142623.1	600375	600424	1
CP142623.1	600424	600524	2
CP142623.1	600524	600527	1
CP142623.1	600527	600556	3
CP142623.1	600556	600557	0
CP142623.1	600557	600590	3
CP142623.1	600590	600591	2
CP142623.1	600591	600606	3
CP142623.1	600606	600607	0
CP142623.1	600607	600623	3
CP142623.1	600623	600625	2
CP142623.1	600625	600659	1
CP142623.1	600659	600661	0
CP142623.1	600661	600695	1
CP142623.1	600695	600735	0
CP142623.1	600735	600801	2
CP142623.1	600801	600813	1
CP142623.1	600813	600814	2
CP142623.1	600814	600886	3
CP142623.1	600886	600896	2
CP142623.1	600896	600909	1
CP142623.1	600909	600973	0
CP142623.1	600973	601023	1
CP142623.1	601023	601070	2
CP142623.1	601070	601110	1
CP142623.1	601110	601189	0
CP142623.1	601189	601204	1
CP142623.1	601204	601206	0
CP142623.1	601206	601240	1
CP142623.1	601240	601299	2
CP142623.1	601299	601304	1
CP142623.1	601304	601317	0
CP142623.1	601317	601321	1
CP142623.1	601321	601381	2
CP142623.1	601381	601382	1
CP142623.1	601382	601469	2
CP142623.1	601469	601475	0
CP142623.1	601475	601522	2
CP142623.1	601522	601523	1
CP142623.1	601523	601645	2
CP142623.1	601645	601714	1
CP142623.1	601714	601752	0
CP142623.1	601752	601810	1
CP142623.1	601810	601818	0
CP142623.1	601818	601898	1
CP142623.1	601898	601899	0
CP142623.1	601899	601915	1
CP142623.1	601915	602237	0
CP142623.1	602237	602419	1
CP142623.1	602419	602458	0
CP142623.1	602458	602490	1
CP142623.1	602490	602492	0
CP142623.1	602492	602506	1
CP142623.1	602506	602562	2
CP142623.1	602562	602769	1
CP142623.1	602769	602771	0
CP142623.1	602771	602850	1
CP142623.1	602850	602857	2
CP142623.1	602857	602860	1
CP142623.1	602860	602878	2
CP142623.1	602878	602957	3
CP142623.1	602957	602984	2
CP142623.1	602984	603002	3
CP142623.1	603002	603070	4
CP142623.1	603070	603071	3
CP142623.1	603071	603078	4
CP142623.1	603078	603081	2
CP142623.1	603081	603082	4
CP142623.1	603082	603083	3
CP142623.1	603083	603088	4
CP142623.1	603088	603093	3
CP142623.1	603093	603119	4
CP142623.1	603119	603132	3
CP142623.1	603132	603135	2
CP142623.1	603135	603155	3
CP142623.1	603155	603171	2
CP142623.1	603171	603234	1
CP142623.1	603234	603524	0
CP142623.1	603524	603612	1
CP142623.1	603612	603851	0
CP142623.1	603851	603908	1
CP142623.1	603908	604017	0
CP142623.1	604017	604162	1
CP142623.1	604162	604186	2
CP142623.1	604186	604254	3
CP142623.1	604254	604256	2
CP142623.1	604256	604307	1
CP142623.1	604307	604309	0
CP142623.1	604309	604353	1
CP142623.1	604353	604470	0
CP142623.1	604470	604485	1
CP142623.1	604485	604518	2
CP142623.1	604518	604519	1
CP142623.1	604519	604607	2
CP142623.1	604607	604687	1
CP142623.1	604687	604716	2
CP142623.1	604716	604725	3
CP142623.1	604725	604741	4
CP142623.1	604741	604823	3
CP142623.1	604823	604842	2
CP142623.1	604842	604869	1
CP142623.1	604869	604927	2
CP142623.1	604927	604929	1
CP142623.1	604929	604930	2
CP142623.1	604930	604945	1
CP142623.1	604945	604948	2
CP142623.1	604948	604949	1
CP142623.1	604949	604978	2
CP142623.1	604978	604979	1
CP142623.1	604979	604991	2
CP142623.1	604991	604997	3
CP142623.1	604997	604998	2
CP142623.1	604998	605000	3
CP142623.1	605000	605004	4
CP142623.1	605004	605076	3
CP142623.1	605076	605115	4
CP142623.1	605115	605140	3
CP142623.1	605140	605141	2
CP142623.1	605141	605144	3
CP142623.1	605144	605159	4
CP142623.1	605159	605160	2
CP142623.1	605160	605167	4
CP142623.1	605167	605168	3
CP142623.1	605168	605171	4
CP142623.1	605171	605172	3
CP142623.1	605172	605190	4
CP142623.1	605190	605275	3
CP142623.1	605275	605276	2
CP142623.1	605276	605281	3
CP142623.1	605281	605306	2
CP142623.1	605306	605310	1
CP142623.1	605310	605335	2
CP142623.1	605335	605369	1
CP142623.1	605369	605391	0
CP142623.1	605391	605456	1
CP142623.1	605456	605506	0
CP142623.1	605506	605553	1
CP142623.1	605553	605625	0
CP142623.1	605625	605702	1
CP142623.1	605702	605704	2
CP142623.1	605704	605705	3
CP142623.1	605705	605733	4
CP142623.1	605733	605827	5
CP142623.1	605827	605841	4
CP142623.1	605841	605849	3
CP142623.1	605849	605873	2
CP142623.1	605873	605879	1
CP142623.1	605879	605884	0
CP142623.1	605884	605913	1
CP142623.1	605913	605990	2
CP142623.1	605990	606000	1
CP142623.1	606000	606139	0
CP142623.1	606139	606143	1
CP142623.1	606143	606219	2
CP142623.1	606219	606222	1
CP142623.1	606222	606257	2
CP142623.1	606257	606268	3
CP142623.1	606268	606393	2
CP142623.1	606393	606437	1
CP142623.1	606437	606504	2
CP142623.1	606504	606505	0
CP142623.1	606505	606514	2
CP142623.1	606514	606562	1
CP142623.1	606562	606611	2
CP142623.1	606611	606613	1
CP142623.1	606613	606793	0
CP142623.1	606793	606832	1
CP142623.1	606832	606842	0
CP142623.1	606842	606881	1
CP142623.1	606881	606900	2
CP142623.1	606900	606950	3
CP142623.1	606950	606952	2
CP142623.1	606952	606958	3
CP142623.1	606958	606960	2
CP142623.1	606960	606978	4
CP142623.1	606978	606979	1
CP142623.1	606979	606980	3
CP142623.1	606980	607008	4
CP142623.1	607008	607038	3
CP142623.1	607038	607057	2
CP142623.1	607057	607058	1
CP142623.1	607058	607127	0
CP142623.1	607127	607182	1
CP142623.1	607182	607345	0
CP142623.1	607345	607426	1
CP142623.1	607426	607547	2
CP142623.1	607547	607580	1
CP142623.1	607580	607619	2
CP142623.1	607619	607634	3
CP142623.1	607634	607635	2
CP142623.1	607635	607650	3
CP142623.1	607650	607669	2
CP142623.1	607669	607724	1
CP142623.1	607724	607773	2
CP142623.1	607773	607799	1
CP142623.1	607799	607844	2
CP142623.1	607844	607854	3
CP142623.1	607854	607876	2
CP142623.1	607876	607922	3
CP142623.1	607922	607924	2
CP142623.1	607924	607927	3
CP142623.1	607927	608030	2
CP142623.1	608030	608032	3
CP142623.1	608032	608054	2
CP142623.1	608054	608074	3
CP142623.1	608074	608133	2
CP142623.1	608133	608137	1
CP142623.1	608137	608304	0
CP142623.1	608304	608365	1
CP142623.1	608365	608368	0
CP142623.1	608368	608371	1
CP142623.1	608371	608409	2
CP142623.1	608409	608433	3
CP142623.1	608433	608434	2
CP142623.1	608434	608446	3
CP142623.1	608446	608455	2
CP142623.1	608455	608456	1
CP142623.1	608456	608481	2
CP142623.1	608481	608482	1
CP142623.1	608482	608518	2
CP142623.1	608518	608532	3
CP142623.1	608532	608536	4
CP142623.1	608536	608559	5
CP142623.1	608559	608576	4
CP142623.1	608576	608577	3
CP142623.1	608577	608583	4
CP142623.1	608583	608584	3
CP142623.1	608584	608585	1
CP142623.1	608585	608586	2
CP142623.1	608586	608605	4
CP142623.1	608605	608627	3
CP142623.1	608627	608636	2
CP142623.1	608636	608638	3
CP142623.1	608638	608677	2
CP142623.1	608677	608685	1
CP142623.1	608685	608693	2
CP142623.1	608693	608733	3
CP142623.1	608733	608734	1
CP142623.1	608734	608735	2
CP142623.1	608735	608742	3
CP142623.1	608742	608789	2
CP142623.1	608789	608902	1
CP142623.1	608902	608924	0
CP142623.1	608924	608948	1
CP142623.1	608948	608992	2
CP142623.1	608992	609079	1
CP142623.1	609079	609121	2
CP142623.1	609121	609227	1
CP142623.1	609227	609231	2
CP142623.1	609231	609267	1
CP142623.1	609267	609313	2
CP142623.1	609313	609316	0
CP142623.1	609316	609317	1
CP142623.1	609317	609330	2
CP142623.1	609330	609331	1
CP142623.1	609331	609332	0
CP142623.1	609332	609350	3
CP142623.1	609350	609351	2
CP142623.1	609351	609355	3
CP142623.1	609355	609356	2
CP142623.1	609356	609373	3
CP142623.1	609373	609440	2
CP142623.1	609440	609487	1
CP142623.1	609487	609526	2
CP142623.1	609526	609527	1
CP142623.1	609527	609555	2
CP142623.1	609555	609571	3
CP142623.1	609571	609585	2
CP142623.1	609585	609591	3
CP142623.1	609591	609592	2
CP142623.1	609592	609600	3
CP142623.1	609600	609621	4
CP142623.1	609621	609625	3
CP142623.1	609625	609627	1
CP142623.1	609627	609628	2
CP142623.1	609628	609631	3
CP142623.1	609631	609674	2
CP142623.1	609674	609683	1
CP142623.1	609683	609820	0
CP142623.1	609820	609932	1
CP142623.1	609932	610042	0
CP142623.1	610042	610161	1
CP142623.1	610161	610164	2
CP142623.1	610164	610178	3
CP142623.1	610178	610180	1
CP142623.1	610180	610213	3
CP142623.1	610213	610242	2
CP142623.1	610242	610333	1
CP142623.1	610333	610359	0
CP142623.1	610359	610415	1
CP142623.1	610415	610418	0
CP142623.1	610418	610481	1
CP142623.1	610481	610504	2
CP142623.1	610504	610547	3
CP142623.1	610547	610607	2
CP142623.1	610607	610608	1
CP142623.1	610608	610644	2
CP142623.1	610644	610687	1
CP142623.1	610687	610723	0
CP142623.1	610723	610793	1
CP142623.1	610793	610846	2
CP142623.1	610846	610868	1
CP142623.1	610868	610892	0
CP142623.1	610892	610999	1
CP142623.1	610999	611011	2
CP142623.1	611011	611037	3
CP142623.1	611037	611068	2
CP142623.1	611068	611128	1
CP142623.1	611128	611181	0
CP142623.1	611181	611195	1
CP142623.1	611195	611233	2
CP142623.1	611233	611283	1
CP142623.1	611283	611364	2
CP142623.1	611364	611401	1
CP142623.1	611401	611403	2
CP142623.1	611403	611430	3
CP142623.1	611430	611464	2
CP142623.1	611464	611465	1
CP142623.1	611465	611483	2
CP142623.1	611483	611520	1
CP142623.1	611520	611526	2
CP142623.1	611526	611681	1
CP142623.1	611681	611757	2
CP142623.1	611757	611805	1
CP142623.1	611805	611818	2
CP142623.1	611818	611874	1
CP142623.1	611874	611962	2
CP142623.1	611962	612057	1
CP142623.1	612057	612150	0
CP142623.1	612150	612159	1
CP142623.1	612159	612203	2
CP142623.1	612203	612228	3
CP142623.1	612228	612300	2
CP142623.1	612300	612310	1
CP142623.1	612310	612322	0
CP142623.1	612322	612330	1
CP142623.1	612330	612357	2
CP142623.1	612357	612373	3
CP142623.1	612373	612420	2
CP142623.1	612420	612429	1
CP142623.1	612429	612492	2
CP142623.1	612492	612526	1
CP142623.1	612526	612612	2
CP142623.1	612612	612617	1
CP142623.1	612617	612628	2
CP142623.1	612628	612630	1
CP142623.1	612630	612646	2
CP142623.1	612646	612648	3
CP142623.1	612648	612668	4
CP142623.1	612668	612724	5
CP142623.1	612724	612748	4
CP142623.1	612748	612779	5
CP142623.1	612779	612786	6
CP142623.1	612786	612812	5
CP142623.1	612812	612824	4
CP142623.1	612824	612897	3
CP142623.1	612897	612898	2
CP142623.1	612898	612918	3
CP142623.1	612918	612942	4
CP142623.1	612942	612953	5
CP142623.1	612953	612957	4
CP142623.1	612957	613046	3
CP142623.1	613046	613057	2
CP142623.1	613057	613074	1
CP142623.1	613074	613088	2
CP142623.1	613088	613240	1
CP142623.1	613240	613262	2
CP142623.1	613262	613311	3
CP142623.1	613311	613318	2
CP142623.1	613318	613339	1
CP142623.1	613339	613348	0
CP142623.1	613348	613366	2
CP142623.1	613366	613382	3
CP142623.1	613382	613392	4
CP142623.1	613392	613395	3
CP142623.1	613395	613396	4
CP142623.1	613396	613413	3
CP142623.1	613413	613428	2
CP142623.1	613428	613483	1
CP142623.1	613483	613491	2
CP142623.1	613491	613492	1
CP142623.1	613492	613557	2
CP142623.1	613557	613604	3
CP142623.1	613604	613605	1
CP142623.1	613605	613608	2
CP142623.1	613608	613620	3
CP142623.1	613620	613621	4
CP142623.1	613621	613642	3
CP142623.1	613642	613806	2
CP142623.1	613806	613828	3
CP142623.1	613828	613860	4
CP142623.1	613860	613883	3
CP142623.1	613883	613898	4
CP142623.1	613898	613928	5
CP142623.1	613928	613938	4
CP142623.1	613938	613980	5
CP142623.1	613980	613995	4
CP142623.1	613995	614004	3
CP142623.1	614004	614041	2
CP142623.1	614041	614114	1
CP142623.1	614114	614226	0
CP142623.1	614226	614277	1
CP142623.1	614277	614284	2
CP142623.1	614284	614377	1
CP142623.1	614377	614387	2
CP142623.1	614387	614501	1
CP142623.1	614501	614510	2
CP142623.1	614510	614519	1
CP142623.1	614519	614523	2
CP142623.1	614523	614524	1
CP142623.1	614524	614555	2
CP142623.1	614555	614614	3
CP142623.1	614614	614620	2
CP142623.1	614620	614739	1
CP142623.1	614739	614833	2
CP142623.1	614833	614905	1
CP142623.1	614905	614922	2
CP142623.1	614922	614925	0
CP142623.1	614925	614974	1
CP142623.1	614974	614993	2
CP142623.1	614993	614994	1
CP142623.1	614994	614995	0
CP142623.1	614995	615044	2
CP142623.1	615044	615134	3
CP142623.1	615134	615178	2
CP142623.1	615178	615224	1
CP142623.1	615224	615299	2
CP142623.1	615299	615302	1
CP142623.1	615302	615309	0
CP142623.1	615309	615312	1
CP142623.1	615312	615347	2
CP142623.1	615347	615348	0
CP142623.1	615348	615367	2
CP142623.1	615367	615373	0
CP142623.1	615373	615381	1
CP142623.1	615381	615400	2
CP142623.1	615400	615411	3
CP142623.1	615411	615439	2
CP142623.1	615439	615441	0
CP142623.1	615441	615486	2
CP142623.1	615486	615495	1
CP142623.1	615495	615581	0
CP142623.1	615581	615680	1
CP142623.1	615680	615747	0
CP142623.1	615747	615791	1
CP142623.1	615791	615856	2
CP142623.1	615856	615894	3
CP142623.1	615894	615972	4
CP142623.1	615972	615994	3
CP142623.1	615994	615997	4
CP142623.1	615997	615998	3
CP142623.1	615998	616011	2
CP142623.1	616011	616028	1
CP142623.1	616028	616067	2
CP142623.1	616067	616131	3
CP142623.1	616131	616149	2
CP142623.1	616149	616161	3
CP142623.1	616161	616198	4
CP142623.1	616198	616199	3
CP142623.1	616199	616206	4
CP142623.1	616206	616217	5
CP142623.1	616217	616253	4
CP142623.1	616253	616254	3
CP142623.1	616254	616275	4
CP142623.1	616275	616300	3
CP142623.1	616300	616301	2
CP142623.1	616301	616429	1
CP142623.1	616429	616476	2
CP142623.1	616476	616491	1
CP142623.1	616491	616543	0
CP142623.1	616543	616588	1
CP142623.1	616588	616654	2
CP142623.1	616654	616802	1
CP142623.1	616802	616857	0
CP142623.1	616857	616930	1
CP142623.1	616930	616943	2
CP142623.1	616943	616987	1
CP142623.1	616987	617044	2
CP142623.1	617044	617072	1
CP142623.1	617072	617094	0
CP142623.1	617094	617115	1
CP142623.1	617115	617120	0
CP142623.1	617120	617189	1
CP142623.1	617189	617223	0
CP142623.1	617223	617226	1
CP142623.1	617226	617228	2
CP142623.1	617228	617240	3
CP142623.1	617240	617273	4
CP142623.1	617273	617281	5
CP142623.1	617281	617282	4
CP142623.1	617282	617297	5
CP142623.1	617297	617298	4
CP142623.1	617298	617312	5
CP142623.1	617312	617316	3
CP142623.1	617316	617319	6
CP142623.1	617319	617359	5
CP142623.1	617359	617360	4
CP142623.1	617360	617370	5
CP142623.1	617370	617371	4
CP142623.1	617371	617391	5
CP142623.1	617391	617393	4
CP142623.1	617393	617425	3
CP142623.1	617425	617442	2
CP142623.1	617442	617443	0
CP142623.1	617443	617444	1
CP142623.1	617444	617460	2
CP142623.1	617460	617461	1
CP142623.1	617461	617476	2
CP142623.1	617476	617662	1
CP142623.1	617662	617827	0
CP142623.1	617827	617956	1
CP142623.1	617956	617959	0
CP142623.1	617959	617962	1
CP142623.1	617962	618011	2
CP142623.1	618011	618028	1
CP142623.1	618028	618031	0
CP142623.1	618031	618055	1
CP142623.1	618055	618063	2
CP142623.1	618063	618066	1
CP142623.1	618066	618143	2
CP142623.1	618143	618189	3
CP142623.1	618189	618197	2
CP142623.1	618197	618212	1
CP142623.1	618212	618279	0
CP142623.1	618279	618298	1
CP142623.1	618298	618302	0
CP142623.1	618302	618353	1
CP142623.1	618353	618383	2
CP142623.1	618383	618437	3
CP142623.1	618437	618438	1
CP142623.1	618438	618440	2
CP142623.1	618440	618451	3
CP142623.1	618451	618460	2
CP142623.1	618460	618475	1
CP142623.1	618475	618592	0
CP142623.1	618592	618701	1
CP142623.1	618701	618743	0
CP142623.1	618743	618796	1
CP142623.1	618796	618801	2
CP142623.1	618801	618848	1
CP142623.1	618848	618861	0
CP142623.1	618861	618896	1
CP142623.1	618896	618915	2
CP142623.1	618915	618917	3
CP142623.1	618917	618928	4
CP142623.1	618928	618937	5
CP142623.1	618937	618938	4
CP142623.1	618938	618950	5
CP142623.1	618950	618953	4
CP142623.1	618953	618960	5
CP142623.1	618960	618965	4
CP142623.1	618965	618968	3
CP142623.1	618968	618986	4
CP142623.1	618986	618987	3
CP142623.1	618987	619011	4
CP142623.1	619011	619012	3
CP142623.1	619012	619087	2
CP142623.1	619087	619144	1
CP142623.1	619144	619167	0
CP142623.1	619167	619241	1
CP142623.1	619241	619268	2
CP142623.1	619268	619319	1
CP142623.1	619319	619379	0
CP142623.1	619379	619442	1
CP142623.1	619442	619571	0
CP142623.1	619571	619654	1
CP142623.1	619654	619688	0
CP142623.1	619688	619708	1
CP142623.1	619708	619709	0
CP142623.1	619709	619891	1
CP142623.1	619891	619899	0
CP142623.1	619899	619914	1
CP142623.1	619914	619924	2
CP142623.1	619924	619978	3
CP142623.1	619978	620017	2
CP142623.1	620017	620018	1
CP142623.1	620018	620176	2
CP142623.1	620176	620180	1
CP142623.1	620180	620209	2
CP142623.1	620209	620210	1
CP142623.1	620210	620228	2
CP142623.1	620228	620275	1
CP142623.1	620275	620507	0
CP142623.1	620507	620670	1
CP142623.1	620670	620691	0
CP142623.1	620691	620815	1
CP142623.1	620815	620922	2
CP142623.1	620922	620991	1
CP142623.1	620991	620992	0
CP142623.1	620992	621072	1
CP142623.1	621072	621135	0
CP142623.1	621135	621254	1
CP142623.1	621254	621266	0
CP142623.1	621266	621314	1
CP142623.1	621314	621469	0
CP142623.1	621469	621509	1
CP142623.1	621509	621514	0
CP142623.1	621514	621682	1
CP142623.1	621682	621750	2
CP142623.1	621750	621781	3
CP142623.1	621781	621795	4
CP142623.1	621795	621803	2
CP142623.1	621803	621804	1
CP142623.1	621804	621808	3
CP142623.1	621808	621812	4
CP142623.1	621812	621836	3
CP142623.1	621836	621845	2
CP142623.1	621845	622073	1
CP142623.1	622073	622099	0
CP142623.1	622099	622123	1
CP142623.1	622123	622171	2
CP142623.1	622171	622193	1
CP142623.1	622193	622245	2
CP142623.1	622245	622255	3
CP142623.1	622255	622266	2
CP142623.1	622266	622267	1
CP142623.1	622267	622294	2
CP142623.1	622294	622373	1
CP142623.1	622373	622458	2
CP142623.1	622458	622461	1
CP142623.1	622461	622525	0
CP142623.1	622525	622572	1
CP142623.1	622572	622650	2
CP142623.1	622650	622707	1
CP142623.1	622707	622712	0
CP142623.1	622712	622780	1
CP142623.1	622780	622855	2
CP142623.1	622855	622926	1
CP142623.1	622926	622999	0
CP142623.1	622999	623089	1
CP142623.1	623089	623117	2
CP142623.1	623117	623194	3
CP142623.1	623194	623228	2
CP142623.1	623228	623255	1
CP142623.1	623255	623265	2
CP142623.1	623265	623267	1
CP142623.1	623267	623302	2
CP142623.1	623302	623346	3
CP142623.1	623346	623400	2
CP142623.1	623400	623410	1
CP142623.1	623410	623427	2
CP142623.1	623427	623430	1
CP142623.1	623430	623433	2
CP142623.1	623433	623443	1
CP142623.1	623443	623498	2
CP142623.1	623498	623499	1
CP142623.1	623499	623523	2
CP142623.1	623523	623528	3
CP142623.1	623528	623566	2
CP142623.1	623566	623629	1
CP142623.1	623629	623641	0
CP142623.1	623641	623706	1
CP142623.1	623706	623709	0
CP142623.1	623709	623764	1
CP142623.1	623764	623860	0
CP142623.1	623860	623947	1
CP142623.1	623947	623948	0
CP142623.1	623948	623954	1
CP142623.1	623954	623956	0
CP142623.1	623956	624054	1
CP142623.1	624054	624055	0
CP142623.1	624055	624060	1
CP142623.1	624060	624173	2
CP142623.1	624173	624202	1
CP142623.1	624202	624203	0
CP142623.1	624203	624273	1
CP142623.1	624273	624276	0
CP142623.1	624276	624291	1
CP142623.1	624291	624390	0
CP142623.1	624390	624424	1
CP142623.1	624424	624445	2
CP142623.1	624445	624450	1
CP142623.1	624450	624484	2
CP142623.1	624484	624486	1
CP142623.1	624486	624533	2
CP142623.1	624533	624565	3
CP142623.1	624565	624585	4
CP142623.1	624585	624747	3
CP142623.1	624747	624755	4
CP142623.1	624755	624756	3
CP142623.1	624756	624863	2
CP142623.1	624863	624891	1
CP142623.1	624891	624898	0
CP142623.1	624898	624908	1
CP142623.1	624908	624909	2
CP142623.1	624909	624964	3
CP142623.1	624964	624999	2
CP142623.1	624999	625027	1
CP142623.1	625027	625030	0
CP142623.1	625030	625041	1
CP142623.1	625041	625055	2
CP142623.1	625055	625161	3
CP142623.1	625161	625186	2
CP142623.1	625186	625227	3
CP142623.1	625227	625228	2
CP142623.1	625228	625236	3
CP142623.1	625236	625238	4
CP142623.1	625238	625323	3
CP142623.1	625323	625419	2
CP142623.1	625419	625513	1
CP142623.1	625513	625532	0
CP142623.1	625532	625604	1
CP142623.1	625604	625653	0
CP142623.1	625653	625685	1
CP142623.1	625685	625731	2
CP142623.1	625731	625737	3
CP142623.1	625737	625744	2
CP142623.1	625744	625782	3
CP142623.1	625782	625807	4
CP142623.1	625807	625809	3
CP142623.1	625809	625814	4
CP142623.1	625814	625815	3
CP142623.1	625815	625848	4
CP142623.1	625848	625868	3
CP142623.1	625868	625881	2
CP142623.1	625881	625894	1
CP142623.1	625894	625979	2
CP142623.1	625979	626018	3
CP142623.1	626018	626022	2
CP142623.1	626022	626028	1
CP142623.1	626028	626029	0
CP142623.1	626029	626084	1
CP142623.1	626084	626096	0
CP142623.1	626096	626221	1
CP142623.1	626221	626222	0
CP142623.1	626222	626250	1
CP142623.1	626250	626257	0
CP142623.1	626257	626269	1
CP142623.1	626269	626306	0
CP142623.1	626306	626322	1
CP142623.1	626322	626427	2
CP142623.1	626427	626428	1
CP142623.1	626428	626450	2
CP142623.1	626450	626533	3
CP142623.1	626533	626534	0
CP142623.1	626534	626535	2
CP142623.1	626535	626559	3
CP142623.1	626559	626561	2
CP142623.1	626561	626604	3
CP142623.1	626604	626648	2
CP142623.1	626648	626650	1
CP142623.1	626650	626657	2
CP142623.1	626657	626663	3
CP142623.1	626663	626685	4
CP142623.1	626685	626687	3
CP142623.1	626687	626727	4
CP142623.1	626727	626728	2
CP142623.1	626728	626760	3
CP142623.1	626760	626764	4
CP142623.1	626764	626775	3
CP142623.1	626775	626777	2
CP142623.1	626777	626791	3
CP142623.1	626791	626806	2
CP142623.1	626806	626849	1
CP142623.1	626849	626927	2
CP142623.1	626927	626928	0
CP142623.1	626928	626949	2
CP142623.1	626949	626951	0
CP142623.1	626951	626953	1
CP142623.1	626953	627051	2
CP142623.1	627051	627103	1
CP142623.1	627103	627115	0
CP142623.1	627115	627141	1
CP142623.1	627141	627142	0
CP142623.1	627142	627160	1
CP142623.1	627160	627192	2
CP142623.1	627192	627196	1
CP142623.1	627196	627274	2
CP142623.1	627274	627362	1
CP142623.1	627362	627364	2
CP142623.1	627364	627402	1
CP142623.1	627402	627412	2
CP142623.1	627412	627417	1
CP142623.1	627417	627419	2
CP142623.1	627419	627431	3
CP142623.1	627431	627442	4
CP142623.1	627442	627443	2
CP142623.1	627443	627445	3
CP142623.1	627445	627447	4
CP142623.1	627447	627476	5
CP142623.1	627476	627477	6
CP142623.1	627477	627495	7
CP142623.1	627495	627512	6
CP142623.1	627512	627514	5
CP142623.1	627514	627576	4
CP142623.1	627576	627589	3
CP142623.1	627589	627594	2
CP142623.1	627594	627595	1
CP142623.1	627595	627603	2
CP142623.1	627603	627634	3
CP142623.1	627634	627636	2
CP142623.1	627636	627638	3
CP142623.1	627638	627640	2
CP142623.1	627640	627641	1
CP142623.1	627641	627653	2
CP142623.1	627653	627667	1
CP142623.1	627667	627688	0
CP142623.1	627688	627719	1
CP142623.1	627719	627783	2
CP142623.1	627783	627784	1
CP142623.1	627784	627791	2
CP142623.1	627791	627803	3
CP142623.1	627803	627834	4
CP142623.1	627834	627908	3
CP142623.1	627908	627910	2
CP142623.1	627910	627913	0
CP142623.1	627913	627995	2
CP142623.1	627995	627996	1
CP142623.1	627996	628042	2
CP142623.1	628042	628043	1
CP142623.1	628043	628067	3
CP142623.1	628067	628068	2
CP142623.1	628068	628085	3
CP142623.1	628085	628086	2
CP142623.1	628086	628108	3
CP142623.1	628108	628126	2
CP142623.1	628126	628252	0
CP142623.1	628252	628327	1
CP142623.1	628327	628334	0
CP142623.1	628334	628409	1
CP142623.1	628409	628458	0
CP142623.1	628458	628483	1
CP142623.1	628483	628490	2
CP142623.1	628490	628519	3
CP142623.1	628519	628570	4
CP142623.1	628570	628598	3
CP142623.1	628598	628660	2
CP142623.1	628660	628801	1
CP142623.1	628801	628871	2
CP142623.1	628871	628880	3
CP142623.1	628880	628881	2
CP142623.1	628881	628968	3
CP142623.1	628968	628976	2
CP142623.1	628976	629007	3
CP142623.1	629007	629038	4
CP142623.1	629038	629041	3
CP142623.1	629041	629045	1
CP142623.1	629045	629051	3
CP142623.1	629051	629106	2
CP142623.1	629106	629131	1
CP142623.1	629131	629136	2
CP142623.1	629136	629199	3
CP142623.1	629199	629201	4
CP142623.1	629201	629216	3
CP142623.1	629216	629218	2
CP142623.1	629218	629262	3
CP142623.1	629262	629340	2
CP142623.1	629340	629351	3
CP142623.1	629351	629376	2
CP142623.1	629376	629453	1
CP142623.1	629453	629486	2
CP142623.1	629486	629489	3
CP142623.1	629489	629495	2
CP142623.1	629495	629502	3
CP142623.1	629502	629504	2
CP142623.1	629504	629526	3
CP142623.1	629526	629541	2
CP142623.1	629541	629614	1
CP142623.1	629614	629680	0
CP142623.1	629680	629707	1
CP142623.1	629707	629733	2
CP142623.1	629733	629966	1
CP142623.1	629966	630052	0
CP142623.1	630052	630067	1
CP142623.1	630067	630158	2
CP142623.1	630158	630180	3
CP142623.1	630180	630181	2
CP142623.1	630181	630227	3
CP142623.1	630227	630229	2
CP142623.1	630229	630239	1
CP142623.1	630239	630240	2
CP142623.1	630240	630247	3
CP142623.1	630247	630272	4
CP142623.1	630272	630292	3
CP142623.1	630292	630293	2
CP142623.1	630293	630317	3
CP142623.1	630317	630338	2
CP142623.1	630338	630479	1
CP142623.1	630479	630509	0
CP142623.1	630509	630580	1
CP142623.1	630580	630626	2
CP142623.1	630626	630660	1
CP142623.1	630660	630750	2
CP142623.1	630750	630789	1
CP142623.1	630789	630790	0
CP142623.1	630790	630889	1
CP142623.1	630889	630982	2
CP142623.1	630982	630994	3
CP142623.1	630994	631022	2
CP142623.1	631022	631025	3
CP142623.1	631025	631055	2
CP142623.1	631055	631061	3
CP142623.1	631061	631075	4
CP142623.1	631075	631077	5
CP142623.1	631077	631078	4
CP142623.1	631078	631172	5
CP142623.1	631172	631197	4
CP142623.1	631197	631268	3
CP142623.1	631268	631270	2
CP142623.1	631270	631271	0
CP142623.1	631271	631273	1
CP142623.1	631273	631277	3
CP142623.1	631277	631298	4
CP142623.1	631298	631328	3
CP142623.1	631328	631347	2
CP142623.1	631347	631348	0
CP142623.1	631348	631349	1
CP142623.1	631349	631350	2
CP142623.1	631350	631405	3
CP142623.1	631405	631406	2
CP142623.1	631406	631407	3
CP142623.1	631407	631409	2
CP142623.1	631409	631415	3
CP142623.1	631415	631459	2
CP142623.1	631459	631481	1
CP142623.1	631481	631545	0
