CP142620.1	0	5	1
CP142620.1	5	7	0
CP142620.1	7	55	1
CP142620.1	55	80	2
CP142620.1	80	126	3
CP142620.1	126	131	2
CP142620.1	131	133	1
CP142620.1	133	144	2
CP142620.1	144	146	1
CP142620.1	146	180	2
CP142620.1	180	193	1
CP142620.1	193	194	0
CP142620.1	194	263	1
CP142620.1	263	264	0
CP142620.1	264	329	1
CP142620.1	329	357	2
CP142620.1	357	358	1
CP142620.1	358	364	2
CP142620.1	364	380	3
CP142620.1	380	381	2
CP142620.1	381	401	3
CP142620.1	401	404	2
CP142620.1	404	425	3
CP142620.1	425	426	2
CP142620.1	426	427	3
CP142620.1	427	438	2
CP142620.1	438	439	1
CP142620.1	439	662	2
CP142620.1	662	792	1
CP142620.1	792	814	2
CP142620.1	814	831	4
CP142620.1	831	835	3
CP142620.1	835	836	2
CP142620.1	836	872	3
CP142620.1	872	902	2
CP142620.1	902	954	3
CP142620.1	954	1003	4
CP142620.1	1003	1007	3
CP142620.1	1007	1033	4
CP142620.1	1033	1039	3
CP142620.1	1039	1040	2
CP142620.1	1040	1095	3
CP142620.1	1095	1119	2
CP142620.1	1119	1122	1
CP142620.1	1122	1188	2
CP142620.1	1188	1238	1
CP142620.1	1238	1261	2
CP142620.1	1261	1303	1
CP142620.1	1303	1313	2
CP142620.1	1313	1316	0
CP142620.1	1316	1368	2
CP142620.1	1368	1437	1
CP142620.1	1437	1490	2
CP142620.1	1490	1563	1
CP142620.1	1563	1633	0
CP142620.1	1633	1810	1
CP142620.1	1810	1811	0
CP142620.1	1811	1849	1
CP142620.1	1849	1951	2
CP142620.1	1951	2052	1
CP142620.1	2052	2069	0
CP142620.1	2069	2102	1
CP142620.1	2102	2128	2
CP142620.1	2128	2129	1
CP142620.1	2129	2193	2
CP142620.1	2193	2210	3
CP142620.1	2210	2245	2
CP142620.1	2245	2343	1
CP142620.1	2343	2429	0
CP142620.1	2429	2495	1
CP142620.1	2495	2498	0
CP142620.1	2498	2520	1
CP142620.1	2520	2596	0
CP142620.1	2596	2685	1
CP142620.1	2685	2743	0
CP142620.1	2743	2787	1
CP142620.1	2787	2812	2
CP142620.1	2812	2861	3
CP142620.1	2861	2875	2
CP142620.1	2875	2876	1
CP142620.1	2876	2881	0
CP142620.1	2881	2885	1
CP142620.1	2885	2914	2
CP142620.1	2914	2949	1
CP142620.1	2949	2950	0
CP142620.1	2950	2984	1
CP142620.1	2984	3021	2
CP142620.1	3021	3022	1
CP142620.1	3022	3044	2
CP142620.1	3044	3045	1
CP142620.1	3045	3053	2
CP142620.1	3053	3161	1
CP142620.1	3161	3183	0
CP142620.1	3183	3380	1
CP142620.1	3380	3430	0
CP142620.1	3430	3498	1
CP142620.1	3498	3578	2
CP142620.1	3578	3579	3
CP142620.1	3579	3595	2
CP142620.1	3595	3681	1
CP142620.1	3681	3692	2
CP142620.1	3692	3695	1
CP142620.1	3695	3725	2
CP142620.1	3725	3726	1
CP142620.1	3726	3736	2
CP142620.1	3736	3738	1
CP142620.1	3738	3815	2
CP142620.1	3815	3832	1
CP142620.1	3832	3892	2
CP142620.1	3892	3894	1
CP142620.1	3894	3898	2
CP142620.1	3898	3904	1
CP142620.1	3904	3938	2
CP142620.1	3938	3957	1
CP142620.1	3957	3994	0
CP142620.1	3994	4018	1
CP142620.1	4018	4066	2
CP142620.1	4066	4067	1
CP142620.1	4067	4116	2
CP142620.1	4116	4257	1
CP142620.1	4257	4263	2
CP142620.1	4263	4311	1
CP142620.1	4311	4737	0
CP142620.1	4737	4806	1
CP142620.1	4806	4828	0
CP142620.1	4828	4877	1
CP142620.1	4877	4879	0
CP142620.1	4879	4979	1
CP142620.1	4979	4988	0
CP142620.1	4988	5015	1
CP142620.1	5015	5021	2
CP142620.1	5021	5022	1
CP142620.1	5022	5060	2
CP142620.1	5060	5080	3
CP142620.1	5080	5082	2
CP142620.1	5082	5106	3
CP142620.1	5106	5107	2
CP142620.1	5107	5109	3
CP142620.1	5109	5180	2
CP142620.1	5180	5230	3
CP142620.1	5230	5250	2
CP142620.1	5250	5260	1
CP142620.1	5260	5282	2
CP142620.1	5282	5311	3
CP142620.1	5311	5312	2
CP142620.1	5312	5326	3
CP142620.1	5326	5327	2
CP142620.1	5327	5328	1
CP142620.1	5328	5345	2
CP142620.1	5345	5372	1
CP142620.1	5372	5441	2
CP142620.1	5441	5442	1
CP142620.1	5442	5448	2
CP142620.1	5448	5466	1
CP142620.1	5466	5478	2
CP142620.1	5478	5486	3
CP142620.1	5486	5516	4
CP142620.1	5516	5522	3
CP142620.1	5522	5532	4
CP142620.1	5532	5567	3
CP142620.1	5567	5639	5
CP142620.1	5639	5674	4
CP142620.1	5674	5675	3
CP142620.1	5675	5699	4
CP142620.1	5699	5701	3
CP142620.1	5701	5709	4
CP142620.1	5709	5736	2
CP142620.1	5736	5737	1
CP142620.1	5737	5738	0
CP142620.1	5738	5740	1
CP142620.1	5740	5778	2
CP142620.1	5778	5779	1
CP142620.1	5779	5780	0
CP142620.1	5780	5833	2
CP142620.1	5833	5850	1
CP142620.1	5850	5940	2
CP142620.1	5940	5944	1
CP142620.1	5944	6003	2
CP142620.1	6003	6004	1
CP142620.1	6004	6040	2
CP142620.1	6040	6238	1
CP142620.1	6238	6281	2
CP142620.1	6281	6292	1
CP142620.1	6292	6293	2
CP142620.1	6293	6300	3
CP142620.1	6300	6309	4
CP142620.1	6309	6332	3
CP142620.1	6332	6391	2
CP142620.1	6391	6538	1
CP142620.1	6538	6630	2
CP142620.1	6630	6636	1
CP142620.1	6636	6637	0
CP142620.1	6637	6649	1
CP142620.1	6649	6653	0
CP142620.1	6653	6655	1
CP142620.1	6655	6725	2
CP142620.1	6725	6816	1
CP142620.1	6816	6867	2
CP142620.1	6867	6869	3
CP142620.1	6869	6896	2
CP142620.1	6896	7047	1
CP142620.1	7047	7068	0
CP142620.1	7068	7151	1
CP142620.1	7151	7208	0
CP142620.1	7208	7276	1
CP142620.1	7276	7279	0
CP142620.1	7279	7335	1
CP142620.1	7335	7391	0
CP142620.1	7391	7458	1
CP142620.1	7458	7459	0
CP142620.1	7459	7494	1
CP142620.1	7494	7495	0
CP142620.1	7495	7552	1
CP142620.1	7552	7576	2
CP142620.1	7576	7605	3
CP142620.1	7605	7608	2
CP142620.1	7608	7680	3
CP142620.1	7680	7718	2
CP142620.1	7718	7751	3
CP142620.1	7751	7773	4
CP142620.1	7773	7789	3
CP142620.1	7789	7820	2
CP142620.1	7820	7864	1
CP142620.1	7864	8047	0
CP142620.1	8047	8094	1
CP142620.1	8094	8140	0
CP142620.1	8140	8144	1
CP142620.1	8144	8269	2
CP142620.1	8269	8273	3
CP142620.1	8273	8317	4
CP142620.1	8317	8341	5
CP142620.1	8341	8351	4
CP142620.1	8351	8367	3
CP142620.1	8367	8388	4
CP142620.1	8388	8428	3
CP142620.1	8428	8451	2
CP142620.1	8451	8475	1
CP142620.1	8475	8538	2
CP142620.1	8538	8540	1
CP142620.1	8540	8578	2
CP142620.1	8578	8582	3
CP142620.1	8582	8590	2
CP142620.1	8590	8599	3
CP142620.1	8599	8659	2
CP142620.1	8659	8730	1
CP142620.1	8730	8732	0
CP142620.1	8732	8736	1
CP142620.1	8736	8761	2
CP142620.1	8761	8762	1
CP142620.1	8762	8810	2
CP142620.1	8810	8888	1
CP142620.1	8888	8905	2
CP142620.1	8905	8909	1
CP142620.1	8909	8970	2
CP142620.1	8970	9000	1
CP142620.1	9000	9161	0
CP142620.1	9161	9262	1
CP142620.1	9262	9265	0
CP142620.1	9265	9398	1
CP142620.1	9398	9399	0
CP142620.1	9399	9412	1
CP142620.1	9412	9450	0
CP142620.1	9450	9599	1
CP142620.1	9599	9928	0
CP142620.1	9928	10151	1
CP142620.1	10151	10216	0
CP142620.1	10216	10302	1
CP142620.1	10302	10354	2
CP142620.1	10354	10355	1
CP142620.1	10355	10405	2
CP142620.1	10405	10416	1
CP142620.1	10416	10417	0
CP142620.1	10417	10675	1
CP142620.1	10675	10693	2
CP142620.1	10693	10779	3
CP142620.1	10779	10851	2
CP142620.1	10851	10852	3
CP142620.1	10852	10870	4
CP142620.1	10870	10924	3
CP142620.1	10924	10969	2
CP142620.1	10969	11003	1
CP142620.1	11003	11051	2
CP142620.1	11051	11057	1
CP142620.1	11057	11089	0
CP142620.1	11089	11100	1
CP142620.1	11100	11108	2
CP142620.1	11108	11174	3
CP142620.1	11174	11192	2
CP142620.1	11192	11272	1
CP142620.1	11272	11298	2
CP142620.1	11298	11299	0
CP142620.1	11299	11300	1
CP142620.1	11300	11339	2
CP142620.1	11339	11393	3
CP142620.1	11393	11421	2
CP142620.1	11421	11424	1
CP142620.1	11424	11427	0
CP142620.1	11427	11538	1
CP142620.1	11538	11585	2
CP142620.1	11585	11610	1
CP142620.1	11610	11718	0
CP142620.1	11718	11825	1
CP142620.1	11825	11829	2
CP142620.1	11829	11936	1
CP142620.1	11936	12178	0
CP142620.1	12178	12243	1
CP142620.1	12243	12337	2
CP142620.1	12337	12345	1
CP142620.1	12345	12397	2
CP142620.1	12397	12514	1
CP142620.1	12514	12541	2
CP142620.1	12541	12552	3
CP142620.1	12552	12624	2
CP142620.1	12624	12629	1
CP142620.1	12629	12647	0
CP142620.1	12647	12678	1
CP142620.1	12678	12815	2
CP142620.1	12815	12896	1
CP142620.1	12896	12939	0
CP142620.1	12939	13067	1
CP142620.1	13067	13068	0
CP142620.1	13068	13095	1
CP142620.1	13095	13514	0
CP142620.1	13514	13675	1
CP142620.1	13675	13786	0
CP142620.1	13786	13832	1
CP142620.1	13832	13840	2
CP142620.1	13840	13874	3
CP142620.1	13874	13888	4
CP142620.1	13888	13941	5
CP142620.1	13941	13965	4
CP142620.1	13965	14025	3
CP142620.1	14025	14040	2
CP142620.1	14040	14051	1
CP142620.1	14051	14055	0
CP142620.1	14055	14062	1
CP142620.1	14062	14133	2
CP142620.1	14133	14135	1
CP142620.1	14135	14144	2
CP142620.1	14144	14145	1
CP142620.1	14145	14181	2
CP142620.1	14181	14187	1
CP142620.1	14187	14204	2
CP142620.1	14204	14205	1
CP142620.1	14205	14207	0
CP142620.1	14207	14219	1
CP142620.1	14219	14247	2
CP142620.1	14247	14278	1
CP142620.1	14278	14282	2
CP142620.1	14282	14334	1
CP142620.1	14334	14460	0
CP142620.1	14460	14552	1
CP142620.1	14552	14574	2
CP142620.1	14574	14576	1
CP142620.1	14576	14602	2
CP142620.1	14602	14624	1
CP142620.1	14624	14695	2
CP142620.1	14695	14714	3
CP142620.1	14714	14715	2
CP142620.1	14715	14733	3
CP142620.1	14733	14761	2
CP142620.1	14761	14767	1
CP142620.1	14767	14780	0
CP142620.1	14780	14886	1
CP142620.1	14886	14980	0
CP142620.1	14980	15028	1
CP142620.1	15028	15042	2
CP142620.1	15042	15043	1
CP142620.1	15043	15086	2
CP142620.1	15086	15091	3
CP142620.1	15091	15092	2
CP142620.1	15092	15120	3
CP142620.1	15120	15162	2
CP142620.1	15162	15171	3
CP142620.1	15171	15172	2
CP142620.1	15172	15198	4
CP142620.1	15198	15206	5
CP142620.1	15206	15209	4
CP142620.1	15209	15240	5
CP142620.1	15240	15245	4
CP142620.1	15245	15246	3
CP142620.1	15246	15255	4
CP142620.1	15255	15269	3
CP142620.1	15269	15290	2
CP142620.1	15290	15292	1
CP142620.1	15292	15319	2
CP142620.1	15319	15334	3
CP142620.1	15334	15348	4
CP142620.1	15348	15357	3
CP142620.1	15357	15360	2
CP142620.1	15360	15422	3
CP142620.1	15422	15425	4
CP142620.1	15425	15433	3
CP142620.1	15433	15480	2
CP142620.1	15480	15516	1
CP142620.1	15516	15541	2
CP142620.1	15541	15554	1
CP142620.1	15554	15572	2
CP142620.1	15572	15610	3
CP142620.1	15610	15650	2
CP142620.1	15650	15696	1
CP142620.1	15696	15724	0
CP142620.1	15724	15748	1
CP142620.1	15748	15753	2
CP142620.1	15753	15758	1
CP142620.1	15758	15766	2
CP142620.1	15766	15767	1
CP142620.1	15767	15800	2
CP142620.1	15800	15830	3
CP142620.1	15830	15859	2
CP142620.1	15859	16005	1
CP142620.1	16005	16006	2
CP142620.1	16006	16026	1
CP142620.1	16026	16059	2
CP142620.1	16059	16063	1
CP142620.1	16063	16076	2
CP142620.1	16076	16129	3
CP142620.1	16129	16137	1
CP142620.1	16137	16138	0
CP142620.1	16138	16177	1
CP142620.1	16177	16183	0
CP142620.1	16183	16212	1
CP142620.1	16212	16214	0
CP142620.1	16214	16305	1
CP142620.1	16305	16308	0
CP142620.1	16308	16329	1
CP142620.1	16329	16355	2
CP142620.1	16355	16357	1
CP142620.1	16357	16374	2
CP142620.1	16374	16404	3
CP142620.1	16404	16407	2
CP142620.1	16407	16431	3
CP142620.1	16431	16438	2
CP142620.1	16438	16519	3
CP142620.1	16519	16520	2
CP142620.1	16520	16539	3
CP142620.1	16539	16541	2
CP142620.1	16541	16611	1
CP142620.1	16611	16624	0
CP142620.1	16624	16646	1
CP142620.1	16646	16661	2
CP142620.1	16661	16662	1
CP142620.1	16662	16685	2
CP142620.1	16685	16691	1
CP142620.1	16691	16693	2
CP142620.1	16693	16702	3
CP142620.1	16702	16742	4
CP142620.1	16742	16762	3
CP142620.1	16762	16796	4
CP142620.1	16796	16798	3
CP142620.1	16798	16801	2
CP142620.1	16801	16802	4
CP142620.1	16802	16819	5
CP142620.1	16819	16841	4
CP142620.1	16841	16846	3
CP142620.1	16846	16850	2
CP142620.1	16850	16908	3
CP142620.1	16908	16909	2
CP142620.1	16909	16983	3
CP142620.1	16983	17025	2
CP142620.1	17025	17059	1
CP142620.1	17059	17072	0
CP142620.1	17072	17156	1
CP142620.1	17156	17233	0
CP142620.1	17233	17290	1
CP142620.1	17290	17405	0
CP142620.1	17405	17476	1
CP142620.1	17476	17537	3
CP142620.1	17537	17538	2
CP142620.1	17538	17556	3
CP142620.1	17556	17634	2
CP142620.1	17634	17647	1
CP142620.1	17647	17693	2
CP142620.1	17693	17745	1
CP142620.1	17745	17827	2
CP142620.1	17827	17828	1
CP142620.1	17828	17874	2
CP142620.1	17874	17881	1
CP142620.1	17881	17904	2
CP142620.1	17904	17918	1
CP142620.1	17918	17919	2
CP142620.1	17919	18004	3
CP142620.1	18004	18006	4
CP142620.1	18006	18031	3
CP142620.1	18031	18033	4
CP142620.1	18033	18081	3
CP142620.1	18081	18082	2
CP142620.1	18082	18110	3
CP142620.1	18110	18148	4
CP142620.1	18148	18158	3
CP142620.1	18158	18170	2
CP142620.1	18170	18180	3
CP142620.1	18180	18185	2
CP142620.1	18185	18192	1
CP142620.1	18192	18201	2
CP142620.1	18201	18222	3
CP142620.1	18222	18270	4
CP142620.1	18270	18296	3
CP142620.1	18296	18300	2
CP142620.1	18300	18343	1
CP142620.1	18343	18363	0
CP142620.1	18363	18448	1
CP142620.1	18448	18461	0
CP142620.1	18461	18495	1
CP142620.1	18495	18504	2
CP142620.1	18504	18537	3
CP142620.1	18537	18566	4
CP142620.1	18566	18577	3
CP142620.1	18577	18590	4
CP142620.1	18590	18591	3
CP142620.1	18591	18593	4
CP142620.1	18593	18595	3
CP142620.1	18595	18605	4
CP142620.1	18605	18606	3
CP142620.1	18606	18640	4
CP142620.1	18640	18644	3
CP142620.1	18644	18685	4
CP142620.1	18685	18740	3
CP142620.1	18740	18741	2
CP142620.1	18741	18778	3
CP142620.1	18778	18780	4
CP142620.1	18780	18802	3
CP142620.1	18802	18804	2
CP142620.1	18804	18865	3
CP142620.1	18865	18880	2
CP142620.1	18880	18882	1
CP142620.1	18882	18917	2
CP142620.1	18917	18924	1
CP142620.1	18924	18995	2
CP142620.1	18995	19010	3
CP142620.1	19010	19025	2
CP142620.1	19025	19100	1
CP142620.1	19100	19202	0
CP142620.1	19202	19222	1
CP142620.1	19222	19254	2
CP142620.1	19254	19257	3
CP142620.1	19257	19272	2
CP142620.1	19272	19300	3
CP142620.1	19300	19370	2
CP142620.1	19370	19379	1
CP142620.1	19379	19485	0
CP142620.1	19485	19567	1
CP142620.1	19567	20006	0
CP142620.1	20006	20014	1
CP142620.1	20014	20139	2
CP142620.1	20139	20168	1
CP142620.1	20168	20253	0
CP142620.1	20253	20464	1
CP142620.1	20464	20505	0
CP142620.1	20505	20534	1
CP142620.1	20534	20562	2
CP142620.1	20562	20563	1
CP142620.1	20563	20640	2
CP142620.1	20640	20671	1
CP142620.1	20671	20762	0
CP142620.1	20762	20815	1
CP142620.1	20815	20847	2
CP142620.1	20847	20854	3
CP142620.1	20854	20862	2
CP142620.1	20862	20976	3
CP142620.1	20976	20981	2
CP142620.1	20981	21112	1
CP142620.1	21112	21133	0
CP142620.1	21133	21168	1
CP142620.1	21168	21299	0
CP142620.1	21299	21316	1
CP142620.1	21316	21329	2
CP142620.1	21329	21345	3
CP142620.1	21345	21346	2
CP142620.1	21346	21354	3
CP142620.1	21354	21388	2
CP142620.1	21388	21397	1
CP142620.1	21397	21400	0
CP142620.1	21400	21435	1
CP142620.1	21435	21448	2
CP142620.1	21448	21547	1
CP142620.1	21547	21562	0
CP142620.1	21562	21755	1
CP142620.1	21755	21843	0
CP142620.1	21843	21868	1
CP142620.1	21868	21874	0
CP142620.1	21874	21898	1
CP142620.1	21898	21901	0
CP142620.1	21901	21946	1
CP142620.1	21946	21947	0
CP142620.1	21947	21958	1
CP142620.1	21958	21963	0
CP142620.1	21963	22064	1
CP142620.1	22064	22070	2
CP142620.1	22070	22134	3
CP142620.1	22134	22165	2
CP142620.1	22165	22167	1
CP142620.1	22167	22199	2
CP142620.1	22199	22200	1
CP142620.1	22200	22208	2
CP142620.1	22208	22211	1
CP142620.1	22211	22218	2
CP142620.1	22218	22226	3
CP142620.1	22226	22229	2
CP142620.1	22229	22234	3
CP142620.1	22234	22239	2
CP142620.1	22239	22251	4
CP142620.1	22251	22285	3
CP142620.1	22285	22304	2
CP142620.1	22304	22323	1
CP142620.1	22323	22327	2
CP142620.1	22327	22350	1
CP142620.1	22350	22403	2
CP142620.1	22403	22472	3
CP142620.1	22472	22510	2
CP142620.1	22510	22554	3
CP142620.1	22554	22606	4
CP142620.1	22606	22616	3
CP142620.1	22616	22686	2
CP142620.1	22686	22725	1
CP142620.1	22725	22758	0
CP142620.1	22758	22765	1
CP142620.1	22765	22808	2
CP142620.1	22808	22809	1
CP142620.1	22809	22813	2
CP142620.1	22813	22814	1
CP142620.1	22814	22867	2
CP142620.1	22867	22875	1
CP142620.1	22875	22901	0
CP142620.1	22901	22983	1
CP142620.1	22983	22991	2
CP142620.1	22991	22992	1
CP142620.1	22992	23008	2
CP142620.1	23008	23117	1
CP142620.1	23117	23194	2
CP142620.1	23194	23274	1
CP142620.1	23274	23394	0
CP142620.1	23394	23592	1
CP142620.1	23592	23605	0
CP142620.1	23605	23696	1
CP142620.1	23696	23810	0
CP142620.1	23810	23890	1
CP142620.1	23890	23891	0
CP142620.1	23891	23927	1
CP142620.1	23927	24025	2
CP142620.1	24025	24049	1
CP142620.1	24049	24268	0
CP142620.1	24268	24351	1
CP142620.1	24351	24376	0
CP142620.1	24376	24385	1
CP142620.1	24385	24458	2
CP142620.1	24458	24510	3
CP142620.1	24510	24511	1
CP142620.1	24511	24521	3
CP142620.1	24521	24611	2
CP142620.1	24611	24629	3
CP142620.1	24629	24642	2
CP142620.1	24642	24644	1
CP142620.1	24644	24651	2
CP142620.1	24651	24664	3
CP142620.1	24664	24668	2
CP142620.1	24668	24679	1
CP142620.1	24679	24793	2
CP142620.1	24793	24836	0
CP142620.1	24836	24899	1
CP142620.1	24899	24902	0
CP142620.1	24902	24904	1
CP142620.1	24904	24906	0
CP142620.1	24906	24912	1
CP142620.1	24912	24928	2
CP142620.1	24928	24966	3
CP142620.1	24966	24974	2
CP142620.1	24974	24979	3
CP142620.1	24979	24987	4
CP142620.1	24987	24992	3
CP142620.1	24992	24999	4
CP142620.1	24999	25000	3
CP142620.1	25000	25004	4
CP142620.1	25004	25029	3
CP142620.1	25029	25057	2
CP142620.1	25057	25166	1
CP142620.1	25166	25203	0
CP142620.1	25203	25269	1
CP142620.1	25269	25381	2
CP142620.1	25381	25427	1
CP142620.1	25427	25443	0
CP142620.1	25443	25446	1
CP142620.1	25446	25495	2
CP142620.1	25495	25497	1
CP142620.1	25497	25503	2
CP142620.1	25503	25542	1
CP142620.1	25542	25546	2
CP142620.1	25546	25577	1
CP142620.1	25577	25613	2
CP142620.1	25613	25614	1
CP142620.1	25614	25616	3
CP142620.1	25616	25650	4
CP142620.1	25650	25658	3
CP142620.1	25658	25695	4
CP142620.1	25695	25706	3
CP142620.1	25706	25725	2
CP142620.1	25725	25856	1
CP142620.1	25856	25995	0
CP142620.1	25995	26002	1
CP142620.1	26002	26069	2
CP142620.1	26069	26116	3
CP142620.1	26116	26117	2
CP142620.1	26117	26165	3
CP142620.1	26165	26169	4
CP142620.1	26169	26189	3
CP142620.1	26189	26200	4
CP142620.1	26200	26258	3
CP142620.1	26258	26263	4
CP142620.1	26263	26264	2
CP142620.1	26264	26277	4
CP142620.1	26277	26319	5
CP142620.1	26319	26331	4
CP142620.1	26331	26391	3
CP142620.1	26391	26400	4
CP142620.1	26400	26435	3
CP142620.1	26435	26453	2
CP142620.1	26453	26477	3
CP142620.1	26477	26511	2
CP142620.1	26511	26519	1
CP142620.1	26519	26584	0
CP142620.1	26584	26645	1
CP142620.1	26645	26709	0
CP142620.1	26709	26726	1
CP142620.1	26726	26728	0
CP142620.1	26728	26776	1
CP142620.1	26776	26845	2
CP142620.1	26845	26859	1
CP142620.1	26859	27043	0
CP142620.1	27043	27087	1
CP142620.1	27087	27169	0
CP142620.1	27169	27260	1
CP142620.1	27260	27264	0
CP142620.1	27264	27283	1
CP142620.1	27283	27284	0
CP142620.1	27284	27311	1
CP142620.1	27311	27312	0
CP142620.1	27312	27332	1
CP142620.1	27332	27361	2
CP142620.1	27361	27432	1
CP142620.1	27432	27433	0
CP142620.1	27433	27467	1
CP142620.1	27467	27481	0
CP142620.1	27481	27592	1
CP142620.1	27592	27827	0
CP142620.1	27827	27829	1
CP142620.1	27829	27845	2
CP142620.1	27845	27846	1
CP142620.1	27846	27877	2
CP142620.1	27877	27885	3
CP142620.1	27885	27901	2
CP142620.1	27901	28015	1
CP142620.1	28015	28104	0
CP142620.1	28104	28203	1
CP142620.1	28203	28204	0
CP142620.1	28204	28207	1
CP142620.1	28207	28221	2
CP142620.1	28221	28327	1
CP142620.1	28327	28345	0
CP142620.1	28345	28373	1
CP142620.1	28373	28374	0
CP142620.1	28374	28391	1
CP142620.1	28391	28453	2
CP142620.1	28453	28463	1
CP142620.1	28463	28465	2
CP142620.1	28465	28473	1
CP142620.1	28473	28547	2
CP142620.1	28547	28552	1
CP142620.1	28552	28582	0
CP142620.1	28582	28701	1
CP142620.1	28701	28758	2
CP142620.1	28758	28851	3
CP142620.1	28851	28868	2
CP142620.1	28868	28889	3
CP142620.1	28889	28892	2
CP142620.1	28892	28924	3
CP142620.1	28924	28931	2
CP142620.1	28931	28936	3
CP142620.1	28936	28937	2
CP142620.1	28937	28972	3
CP142620.1	28972	28988	2
CP142620.1	28988	29008	1
CP142620.1	29008	29011	0
CP142620.1	29011	29095	1
CP142620.1	29095	29129	2
CP142620.1	29129	29132	1
CP142620.1	29132	29172	2
CP142620.1	29172	29174	1
CP142620.1	29174	29211	3
CP142620.1	29211	29234	2
CP142620.1	29234	29240	1
CP142620.1	29240	29328	2
CP142620.1	29328	29337	1
CP142620.1	29337	29362	2
CP142620.1	29362	29386	3
CP142620.1	29386	29470	2
CP142620.1	29470	29474	1
CP142620.1	29474	29641	0
CP142620.1	29641	29695	1
CP142620.1	29695	29697	0
CP142620.1	29697	29725	1
CP142620.1	29725	29726	0
CP142620.1	29726	29756	1
CP142620.1	29756	29779	0
CP142620.1	29779	29924	1
CP142620.1	29924	29926	0
CP142620.1	29926	29939	1
CP142620.1	29939	29945	0
CP142620.1	29945	30055	1
CP142620.1	30055	30103	2
CP142620.1	30103	30176	1
CP142620.1	30176	30195	2
CP142620.1	30195	30218	1
CP142620.1	30218	30219	0
CP142620.1	30219	30236	1
CP142620.1	30236	30237	0
CP142620.1	30237	30314	1
CP142620.1	30314	30315	0
CP142620.1	30315	30384	1
CP142620.1	30384	30465	0
CP142620.1	30465	30528	1
CP142620.1	30528	30575	0
CP142620.1	30575	30611	1
CP142620.1	30611	30627	0
CP142620.1	30627	30763	1
CP142620.1	30763	30766	0
CP142620.1	30766	30780	1
CP142620.1	30780	30781	0
CP142620.1	30781	30813	1
CP142620.1	30813	30831	2
CP142620.1	30831	30861	3
CP142620.1	30861	30994	2
CP142620.1	30994	31052	1
CP142620.1	31052	31054	0
CP142620.1	31054	31086	1
CP142620.1	31086	31376	0
CP142620.1	31376	31417	1
CP142620.1	31417	31418	2
CP142620.1	31418	31488	3
CP142620.1	31488	31555	2
CP142620.1	31555	31610	1
CP142620.1	31610	31779	0
CP142620.1	31779	31790	1
CP142620.1	31790	31820	2
CP142620.1	31820	31821	1
CP142620.1	31821	31843	2
CP142620.1	31843	31844	1
CP142620.1	31844	31874	2
CP142620.1	31874	31875	1
CP142620.1	31875	31879	2
CP142620.1	31879	31881	1
CP142620.1	31881	31961	2
CP142620.1	31961	31968	1
CP142620.1	31968	31999	2
CP142620.1	31999	32001	1
CP142620.1	32001	32016	2
CP142620.1	32016	32032	3
CP142620.1	32032	32100	2
CP142620.1	32100	32114	3
CP142620.1	32114	32164	2
CP142620.1	32164	32198	1
CP142620.1	32198	32255	0
CP142620.1	32255	32315	1
CP142620.1	32315	32317	0
CP142620.1	32317	32342	1
CP142620.1	32342	32345	0
CP142620.1	32345	32347	1
CP142620.1	32347	32372	2
CP142620.1	32372	32463	1
CP142620.1	32463	32615	2
CP142620.1	32615	32627	1
CP142620.1	32627	32643	2
CP142620.1	32643	32678	1
CP142620.1	32678	32762	0
CP142620.1	32762	32825	1
CP142620.1	32825	32850	0
CP142620.1	32850	32862	1
CP142620.1	32862	32864	0
CP142620.1	32864	32971	1
CP142620.1	32971	33063	2
CP142620.1	33063	33088	1
CP142620.1	33088	33154	2
CP142620.1	33154	33196	1
CP142620.1	33196	33257	2
CP142620.1	33257	33260	1
CP142620.1	33260	33283	2
CP142620.1	33283	33286	1
CP142620.1	33286	33313	2
CP142620.1	33313	33363	1
CP142620.1	33363	33387	2
CP142620.1	33387	33388	1
CP142620.1	33388	33416	2
CP142620.1	33416	33419	1
CP142620.1	33419	33473	2
CP142620.1	33473	33490	1
CP142620.1	33490	33553	0
CP142620.1	33553	33626	1
CP142620.1	33626	33660	2
CP142620.1	33660	33796	1
CP142620.1	33796	33811	2
CP142620.1	33811	33828	1
CP142620.1	33828	33846	2
CP142620.1	33846	33900	1
CP142620.1	33900	34027	0
CP142620.1	34027	34123	1
CP142620.1	34123	34132	0
CP142620.1	34132	34153	1
CP142620.1	34153	34156	2
CP142620.1	34156	34157	1
CP142620.1	34157	34159	2
CP142620.1	34159	34257	1
CP142620.1	34257	34330	0
CP142620.1	34330	34378	1
CP142620.1	34378	34414	2
CP142620.1	34414	34430	1
CP142620.1	34430	34445	2
CP142620.1	34445	34446	1
CP142620.1	34446	34460	2
CP142620.1	34460	34505	3
CP142620.1	34505	34557	4
CP142620.1	34557	34577	3
CP142620.1	34577	34610	2
CP142620.1	34610	34675	3
CP142620.1	34675	34709	2
CP142620.1	34709	34838	1
CP142620.1	34838	34895	2
CP142620.1	34895	34985	3
CP142620.1	34985	35004	2
CP142620.1	35004	35007	3
CP142620.1	35007	35038	2
CP142620.1	35038	35086	3
CP142620.1	35086	35099	4
CP142620.1	35099	35125	3
CP142620.1	35125	35173	4
CP142620.1	35173	35181	3
CP142620.1	35181	35201	2
CP142620.1	35201	35222	3
CP142620.1	35222	35311	2
CP142620.1	35311	35318	1
CP142620.1	35318	35327	2
CP142620.1	35327	35330	1
CP142620.1	35330	35345	2
CP142620.1	35345	35386	3
CP142620.1	35386	35470	2
CP142620.1	35470	35478	1
CP142620.1	35478	35524	2
CP142620.1	35524	35525	1
CP142620.1	35525	35574	2
CP142620.1	35574	35583	1
CP142620.1	35583	35608	2
CP142620.1	35608	35643	1
CP142620.1	35643	35660	0
CP142620.1	35660	35680	1
CP142620.1	35680	35696	0
CP142620.1	35696	35781	1
CP142620.1	35781	35916	0
CP142620.1	35916	35965	1
CP142620.1	35965	36256	0
CP142620.1	36256	36406	1
CP142620.1	36406	36407	0
CP142620.1	36407	36440	1
CP142620.1	36440	36442	0
CP142620.1	36442	36475	1
CP142620.1	36475	36685	0
CP142620.1	36685	36803	1
CP142620.1	36803	36873	2
CP142620.1	36873	36877	1
CP142620.1	36877	37045	0
CP142620.1	37045	37138	1
CP142620.1	37138	37140	0
CP142620.1	37140	37290	1
CP142620.1	37290	37308	0
CP142620.1	37308	37319	1
CP142620.1	37319	37320	0
CP142620.1	37320	37339	1
CP142620.1	37339	37342	0
CP142620.1	37342	37455	1
CP142620.1	37455	37535	0
CP142620.1	37535	37668	1
CP142620.1	37668	38040	0
CP142620.1	38040	38062	1
CP142620.1	38062	38092	2
CP142620.1	38092	38114	3
CP142620.1	38114	38124	2
CP142620.1	38124	38200	1
CP142620.1	38200	38203	0
CP142620.1	38203	38280	1
CP142620.1	38280	38413	0
CP142620.1	38413	38473	1
CP142620.1	38473	38493	0
CP142620.1	38493	38574	1
CP142620.1	38574	38601	2
CP142620.1	38601	38604	1
CP142620.1	38604	38616	2
CP142620.1	38616	38683	1
CP142620.1	38683	38770	2
CP142620.1	38770	38778	3
CP142620.1	38778	38781	2
CP142620.1	38781	38797	3
CP142620.1	38797	38823	2
CP142620.1	38823	38824	1
CP142620.1	38824	38840	2
CP142620.1	38840	38841	1
CP142620.1	38841	38899	2
CP142620.1	38899	38900	1
CP142620.1	38900	38913	2
CP142620.1	38913	38919	1
CP142620.1	38919	39140	0
CP142620.1	39140	39206	1
CP142620.1	39206	39214	2
CP142620.1	39214	39275	1
CP142620.1	39275	39371	0
CP142620.1	39371	39383	1
CP142620.1	39383	39501	2
CP142620.1	39501	39503	3
CP142620.1	39503	39554	4
CP142620.1	39554	39562	3
CP142620.1	39562	39564	2
CP142620.1	39564	39575	3
CP142620.1	39575	39593	2
CP142620.1	39593	39616	1
CP142620.1	39616	39637	2
CP142620.1	39637	39651	1
CP142620.1	39651	39652	0
CP142620.1	39652	39707	1
CP142620.1	39707	39720	0
CP142620.1	39720	39803	1
CP142620.1	39803	39827	2
CP142620.1	39827	39867	3
CP142620.1	39867	39868	2
CP142620.1	39868	39923	3
CP142620.1	39923	39988	2
CP142620.1	39988	39993	1
CP142620.1	39993	39994	0
CP142620.1	39994	40009	1
CP142620.1	40009	40024	0
CP142620.1	40024	40099	1
CP142620.1	40099	40112	2
CP142620.1	40112	40114	1
CP142620.1	40114	40187	2
CP142620.1	40187	40188	1
CP142620.1	40188	40197	2
CP142620.1	40197	40199	1
CP142620.1	40199	40214	2
CP142620.1	40214	40275	1
CP142620.1	40275	40326	0
CP142620.1	40326	40429	1
CP142620.1	40429	41124	0
CP142620.1	41124	41130	1
CP142620.1	41130	41142	2
CP142620.1	41142	41143	1
CP142620.1	41143	41190	2
CP142620.1	41190	41194	1
CP142620.1	41194	41196	0
CP142620.1	41196	41207	1
CP142620.1	41207	41237	2
CP142620.1	41237	41308	3
CP142620.1	41308	41320	2
CP142620.1	41320	41321	1
CP142620.1	41321	41332	2
CP142620.1	41332	41428	1
CP142620.1	41428	41429	2
CP142620.1	41429	41436	1
CP142620.1	41436	41458	2
CP142620.1	41458	41474	3
CP142620.1	41474	41497	2
CP142620.1	41497	41507	3
CP142620.1	41507	41510	2
CP142620.1	41510	41548	3
CP142620.1	41548	41560	2
CP142620.1	41560	41566	3
CP142620.1	41566	41594	2
CP142620.1	41594	41730	1
CP142620.1	41730	41758	0
CP142620.1	41758	41799	1
CP142620.1	41799	41835	2
CP142620.1	41835	41840	1
CP142620.1	41840	41876	2
CP142620.1	41876	41884	1
CP142620.1	41884	41911	2
CP142620.1	41911	41913	1
CP142620.1	41913	41988	2
CP142620.1	41988	41999	1
CP142620.1	41999	42159	2
CP142620.1	42159	42167	1
CP142620.1	42167	42187	2
CP142620.1	42187	42223	1
CP142620.1	42223	42433	0
CP142620.1	42433	42483	1
CP142620.1	42483	42527	2
CP142620.1	42527	42539	3
CP142620.1	42539	42573	4
CP142620.1	42573	42612	3
CP142620.1	42612	42628	2
CP142620.1	42628	42629	3
CP142620.1	42629	42673	4
CP142620.1	42673	42677	3
CP142620.1	42677	42768	2
CP142620.1	42768	42903	1
CP142620.1	42903	42941	2
CP142620.1	42941	42989	1
CP142620.1	42989	43081	0
CP142620.1	43081	43165	1
CP142620.1	43165	43167	0
CP142620.1	43167	43187	1
CP142620.1	43187	43188	0
CP142620.1	43188	43197	1
CP142620.1	43197	43207	0
CP142620.1	43207	43215	1
CP142620.1	43215	43232	2
CP142620.1	43232	43236	1
CP142620.1	43236	43252	2
CP142620.1	43252	43255	1
CP142620.1	43255	43281	3
CP142620.1	43281	43284	2
CP142620.1	43284	43385	1
CP142620.1	43385	43391	0
CP142620.1	43391	43395	1
CP142620.1	43395	43509	2
CP142620.1	43509	43563	3
CP142620.1	43563	43565	2
CP142620.1	43565	43610	1
CP142620.1	43610	43622	2
CP142620.1	43622	43639	3
CP142620.1	43639	43696	2
CP142620.1	43696	43709	1
CP142620.1	43709	44015	0
CP142620.1	44015	44034	1
CP142620.1	44034	44035	0
CP142620.1	44035	44051	1
CP142620.1	44051	44075	2
CP142620.1	44075	44104	1
CP142620.1	44104	44107	0
CP142620.1	44107	44133	1
CP142620.1	44133	44161	2
CP142620.1	44161	44167	1
CP142620.1	44167	44171	0
CP142620.1	44171	44310	1
CP142620.1	44310	44374	2
CP142620.1	44374	44383	3
CP142620.1	44383	44425	2
CP142620.1	44425	44445	3
CP142620.1	44445	44484	2
CP142620.1	44484	44590	1
CP142620.1	44590	44615	2
CP142620.1	44615	44672	1
CP142620.1	44672	44717	0
CP142620.1	44717	44739	1
CP142620.1	44739	44791	2
CP142620.1	44791	44868	1
CP142620.1	44868	44910	0
CP142620.1	44910	44972	1
CP142620.1	44972	44985	0
CP142620.1	44985	45063	1
CP142620.1	45063	45081	0
CP142620.1	45081	45135	1
CP142620.1	45135	45209	0
CP142620.1	45209	45233	1
CP142620.1	45233	45238	2
CP142620.1	45238	45243	1
CP142620.1	45243	45270	2
CP142620.1	45270	45271	1
CP142620.1	45271	45284	2
CP142620.1	45284	45338	1
CP142620.1	45338	45347	2
CP142620.1	45347	45370	3
CP142620.1	45370	45426	2
CP142620.1	45426	45485	3
CP142620.1	45485	45488	2
CP142620.1	45488	45507	3
CP142620.1	45507	45511	2
CP142620.1	45511	45512	1
CP142620.1	45512	45545	2
CP142620.1	45545	45551	1
CP142620.1	45551	45554	2
CP142620.1	45554	45555	1
CP142620.1	45555	45630	2
CP142620.1	45630	45634	1
CP142620.1	45634	45668	2
CP142620.1	45668	45685	1
CP142620.1	45685	45690	2
CP142620.1	45690	45756	1
CP142620.1	45756	45758	0
CP142620.1	45758	45901	1
CP142620.1	45901	45950	2
CP142620.1	45950	45964	1
CP142620.1	45964	45988	0
CP142620.1	45988	46052	1
CP142620.1	46052	46053	0
CP142620.1	46053	46069	1
CP142620.1	46069	46131	0
CP142620.1	46131	46197	1
CP142620.1	46197	46324	0
CP142620.1	46324	46334	1
CP142620.1	46334	46336	0
CP142620.1	46336	46363	1
CP142620.1	46363	46393	2
CP142620.1	46393	46403	3
CP142620.1	46403	46424	4
CP142620.1	46424	46430	3
CP142620.1	46430	46464	2
CP142620.1	46464	46466	3
CP142620.1	46466	46502	4
CP142620.1	46502	46503	3
CP142620.1	46503	46513	4
CP142620.1	46513	46514	5
CP142620.1	46514	46527	6
CP142620.1	46527	46529	5
CP142620.1	46529	46550	6
CP142620.1	46550	46553	5
CP142620.1	46553	46554	4
CP142620.1	46554	46556	3
CP142620.1	46556	46635	4
CP142620.1	46635	46637	3
CP142620.1	46637	46645	4
CP142620.1	46645	46650	3
CP142620.1	46650	46679	2
CP142620.1	46679	46752	3
CP142620.1	46752	46764	2
CP142620.1	46764	46777	3
CP142620.1	46777	46779	2
CP142620.1	46779	46819	3
CP142620.1	46819	46881	2
CP142620.1	46881	47049	1
CP142620.1	47049	47206	0
CP142620.1	47206	47258	1
CP142620.1	47258	47654	0
CP142620.1	47654	47710	1
CP142620.1	47710	47728	0
CP142620.1	47728	47794	1
CP142620.1	47794	47905	0
CP142620.1	47905	47918	1
CP142620.1	47918	48086	2
CP142620.1	48086	48214	1
CP142620.1	48214	48246	2
CP142620.1	48246	48254	3
CP142620.1	48254	48300	2
CP142620.1	48300	48337	1
CP142620.1	48337	48806	0
CP142620.1	48806	48847	1
CP142620.1	48847	48939	0
CP142620.1	48939	48954	1
CP142620.1	48954	48990	2
CP142620.1	48990	49013	3
CP142620.1	49013	49038	2
CP142620.1	49038	49048	3
CP142620.1	49048	49081	2
CP142620.1	49081	49086	3
CP142620.1	49086	49117	2
CP142620.1	49117	49151	3
CP142620.1	49151	49159	4
CP142620.1	49159	49180	3
CP142620.1	49180	49191	4
CP142620.1	49191	49200	3
CP142620.1	49200	49201	2
CP142620.1	49201	49270	3
CP142620.1	49270	49381	2
CP142620.1	49381	49484	3
CP142620.1	49484	49603	2
CP142620.1	49603	49608	1
CP142620.1	49608	49697	0
CP142620.1	49697	49721	1
CP142620.1	49721	49757	2
CP142620.1	49757	49758	1
CP142620.1	49758	49797	2
CP142620.1	49797	49830	3
CP142620.1	49830	49831	2
CP142620.1	49831	49854	3
CP142620.1	49854	49857	2
CP142620.1	49857	49891	1
CP142620.1	49891	49910	2
CP142620.1	49910	49917	1
CP142620.1	49917	49967	2
CP142620.1	49967	50012	1
CP142620.1	50012	50084	2
CP142620.1	50084	50092	1
CP142620.1	50092	50133	0
CP142620.1	50133	50189	1
CP142620.1	50189	50203	2
CP142620.1	50203	50305	1
CP142620.1	50305	50362	0
CP142620.1	50362	50484	1
CP142620.1	50484	50653	0
CP142620.1	50653	50732	1
CP142620.1	50732	51020	0
CP142620.1	51020	51042	1
CP142620.1	51042	51070	2
CP142620.1	51070	51100	1
CP142620.1	51100	51139	2
CP142620.1	51139	51155	3
CP142620.1	51155	51160	4
CP142620.1	51160	51161	3
CP142620.1	51161	51164	4
CP142620.1	51164	51165	3
CP142620.1	51165	51183	4
CP142620.1	51183	51186	3
CP142620.1	51186	51192	4
CP142620.1	51192	51238	3
CP142620.1	51238	51241	4
CP142620.1	51241	51252	3
CP142620.1	51252	51253	2
CP142620.1	51253	51264	3
CP142620.1	51264	51347	2
CP142620.1	51347	51348	1
CP142620.1	51348	51364	2
CP142620.1	51364	51390	1
CP142620.1	51390	51395	2
CP142620.1	51395	51465	1
CP142620.1	51465	51480	2
CP142620.1	51480	51545	1
CP142620.1	51545	51546	0
CP142620.1	51546	51559	1
CP142620.1	51559	51600	0
CP142620.1	51600	51634	1
CP142620.1	51634	51635	0
CP142620.1	51635	51691	1
CP142620.1	51691	51693	0
CP142620.1	51693	51797	1
CP142620.1	51797	51894	0
CP142620.1	51894	51916	1
CP142620.1	51916	51925	2
CP142620.1	51925	51948	3
CP142620.1	51948	51957	2
CP142620.1	51957	51958	1
CP142620.1	51958	51962	2
CP142620.1	51962	51963	1
CP142620.1	51963	52001	2
CP142620.1	52001	52015	3
CP142620.1	52015	52017	2
CP142620.1	52017	52018	1
CP142620.1	52018	52019	2
CP142620.1	52019	52026	3
CP142620.1	52026	52095	2
CP142620.1	52095	52097	1
CP142620.1	52097	52112	2
CP142620.1	52112	52163	1
CP142620.1	52163	52188	0
CP142620.1	52188	52268	1
CP142620.1	52268	52294	2
CP142620.1	52294	52298	1
CP142620.1	52298	52304	0
CP142620.1	52304	52449	1
CP142620.1	52449	52489	0
CP142620.1	52489	52547	1
CP142620.1	52547	52630	0
CP142620.1	52630	52834	1
CP142620.1	52834	52906	2
CP142620.1	52906	52931	3
CP142620.1	52931	52932	2
CP142620.1	52932	52951	3
CP142620.1	52951	52953	2
CP142620.1	52953	52955	1
CP142620.1	52955	52958	2
CP142620.1	52958	52962	3
CP142620.1	52962	52985	2
CP142620.1	52985	52990	3
CP142620.1	52990	53037	2
CP142620.1	53037	53049	1
CP142620.1	53049	53100	2
CP142620.1	53100	53102	3
CP142620.1	53102	53112	4
CP142620.1	53112	53149	3
CP142620.1	53149	53211	2
CP142620.1	53211	53262	1
CP142620.1	53262	53392	2
CP142620.1	53392	53416	1
CP142620.1	53416	53496	2
CP142620.1	53496	53540	1
CP142620.1	53540	53548	0
CP142620.1	53548	53583	1
CP142620.1	53583	53584	0
CP142620.1	53584	53711	1
CP142620.1	53711	53751	2
CP142620.1	53751	53757	1
CP142620.1	53757	53760	2
CP142620.1	53760	53763	1
CP142620.1	53763	53786	2
CP142620.1	53786	53809	3
CP142620.1	53809	53917	2
CP142620.1	53917	53946	1
CP142620.1	53946	53947	0
CP142620.1	53947	53959	1
CP142620.1	53959	53962	0
CP142620.1	53962	53995	1
CP142620.1	53995	54049	0
CP142620.1	54049	54197	1
CP142620.1	54197	54269	0
CP142620.1	54269	54367	1
CP142620.1	54367	54520	0
CP142620.1	54520	54673	1
CP142620.1	54673	54674	0
CP142620.1	54674	54706	1
CP142620.1	54706	54708	0
CP142620.1	54708	54820	1
CP142620.1	54820	54827	2
CP142620.1	54827	54848	1
CP142620.1	54848	54892	2
CP142620.1	54892	54948	3
CP142620.1	54948	54954	2
CP142620.1	54954	54955	1
CP142620.1	54955	55015	2
CP142620.1	55015	55017	1
CP142620.1	55017	55031	2
CP142620.1	55031	55039	1
CP142620.1	55039	55094	2
CP142620.1	55094	55095	1
CP142620.1	55095	55117	2
CP142620.1	55117	55121	3
CP142620.1	55121	55126	4
CP142620.1	55126	55130	5
CP142620.1	55130	55159	4
CP142620.1	55159	55172	3
CP142620.1	55172	55178	0
CP142620.1	55178	55207	4
CP142620.1	55207	55208	3
CP142620.1	55208	55218	4
CP142620.1	55218	55245	3
CP142620.1	55245	55248	2
CP142620.1	55248	55277	3
CP142620.1	55277	55284	2
CP142620.1	55284	55289	3
CP142620.1	55289	55290	2
CP142620.1	55290	55309	3
CP142620.1	55309	55311	2
CP142620.1	55311	55316	1
CP142620.1	55316	55331	0
CP142620.1	55331	55356	1
CP142620.1	55356	55368	0
CP142620.1	55368	55406	1
CP142620.1	55406	55458	2
CP142620.1	55458	55476	1
CP142620.1	55476	55935	0
CP142620.1	55935	56001	1
CP142620.1	56001	56019	2
CP142620.1	56019	56024	1
CP142620.1	56024	56051	2
CP142620.1	56051	56056	3
CP142620.1	56056	56122	2
CP142620.1	56122	56141	1
CP142620.1	56141	56142	0
CP142620.1	56142	56256	1
CP142620.1	56256	56344	2
CP142620.1	56344	56353	1
CP142620.1	56353	56475	0
CP142620.1	56475	56512	1
CP142620.1	56512	56585	2
CP142620.1	56585	56630	1
CP142620.1	56630	56800	0
CP142620.1	56800	56884	1
CP142620.1	56884	56901	2
CP142620.1	56901	56919	3
CP142620.1	56919	56932	4
CP142620.1	56932	56994	3
CP142620.1	56994	57000	2
CP142620.1	57000	57066	3
CP142620.1	57066	57071	2
CP142620.1	57071	57077	1
CP142620.1	57077	57096	2
CP142620.1	57096	57097	3
CP142620.1	57097	57104	4
CP142620.1	57104	57149	3
CP142620.1	57149	57182	2
CP142620.1	57182	57195	1
CP142620.1	57195	57341	0
CP142620.1	57341	57393	1
CP142620.1	57393	57479	2
CP142620.1	57479	57520	1
CP142620.1	57520	57527	2
CP142620.1	57527	57529	1
CP142620.1	57529	57530	2
CP142620.1	57530	57531	1
CP142620.1	57531	57594	2
CP142620.1	57594	57642	1
CP142620.1	57642	57643	0
CP142620.1	57643	57673	1
CP142620.1	57673	57692	2
CP142620.1	57692	57693	0
CP142620.1	57693	57694	1
CP142620.1	57694	57728	2
CP142620.1	57728	57747	1
CP142620.1	57747	57804	2
CP142620.1	57804	57839	1
CP142620.1	57839	58121	0
CP142620.1	58121	58123	1
CP142620.1	58123	58151	2
CP142620.1	58151	58220	3
CP142620.1	58220	58221	1
CP142620.1	58221	58223	2
CP142620.1	58223	58228	3
CP142620.1	58228	58292	2
CP142620.1	58292	58361	1
CP142620.1	58361	58407	0
CP142620.1	58407	58524	1
CP142620.1	58524	58604	0
CP142620.1	58604	58616	1
CP142620.1	58616	58617	0
CP142620.1	58617	58636	1
CP142620.1	58636	58664	2
CP142620.1	58664	58674	3
CP142620.1	58674	58684	4
CP142620.1	58684	58686	3
CP142620.1	58686	58693	4
CP142620.1	58693	58694	3
CP142620.1	58694	58697	2
CP142620.1	58697	58699	3
CP142620.1	58699	58702	2
CP142620.1	58702	58715	3
CP142620.1	58715	58716	2
CP142620.1	58716	58722	3
CP142620.1	58722	58723	1
CP142620.1	58723	58727	3
CP142620.1	58727	58742	4
CP142620.1	58742	58743	3
CP142620.1	58743	58762	4
CP142620.1	58762	58764	3
CP142620.1	58764	58770	4
CP142620.1	58770	58802	3
CP142620.1	58802	58810	2
CP142620.1	58810	58812	1
CP142620.1	58812	58824	2
CP142620.1	58824	58826	1
CP142620.1	58826	58847	2
CP142620.1	58847	58876	1
CP142620.1	58876	58877	0
CP142620.1	58877	58898	1
CP142620.1	58898	58899	0
CP142620.1	58899	58988	1
CP142620.1	58988	58989	0
CP142620.1	58989	59281	1
CP142620.1	59281	59415	2
CP142620.1	59415	59481	1
CP142620.1	59481	59508	2
CP142620.1	59508	59603	1
CP142620.1	59603	59606	2
CP142620.1	59606	59693	1
CP142620.1	59693	59793	0
CP142620.1	59793	59818	1
CP142620.1	59818	59832	2
CP142620.1	59832	59833	1
CP142620.1	59833	59877	2
CP142620.1	59877	59916	1
CP142620.1	59916	60065	0
CP142620.1	60065	60074	1
CP142620.1	60074	60077	2
CP142620.1	60077	60085	3
CP142620.1	60085	60086	2
CP142620.1	60086	60146	3
CP142620.1	60146	60158	4
CP142620.1	60158	60164	3
CP142620.1	60164	60206	2
CP142620.1	60206	60221	1
CP142620.1	60221	60315	2
CP142620.1	60315	60371	3
CP142620.1	60371	60396	2
CP142620.1	60396	60445	3
CP142620.1	60445	60449	2
CP142620.1	60449	60450	1
CP142620.1	60450	60461	3
CP142620.1	60461	60463	2
CP142620.1	60463	60464	1
CP142620.1	60464	60467	2
CP142620.1	60467	60491	3
CP142620.1	60491	60492	2
CP142620.1	60492	60508	3
CP142620.1	60508	60515	2
CP142620.1	60515	60611	1
CP142620.1	60611	60633	0
CP142620.1	60633	60643	1
CP142620.1	60643	60678	2
CP142620.1	60678	60742	1
CP142620.1	60742	60866	0
CP142620.1	60866	60973	1
CP142620.1	60973	61010	0
CP142620.1	61010	61087	1
CP142620.1	61087	61127	2
CP142620.1	61127	61185	3
CP142620.1	61185	61186	2
CP142620.1	61186	61211	3
CP142620.1	61211	61252	2
CP142620.1	61252	61316	3
CP142620.1	61316	61318	2
CP142620.1	61318	61327	3
CP142620.1	61327	61367	2
CP142620.1	61367	61374	1
CP142620.1	61374	61375	0
CP142620.1	61375	61410	1
CP142620.1	61410	61552	0
CP142620.1	61552	61589	1
CP142620.1	61589	61640	2
CP142620.1	61640	61721	1
CP142620.1	61721	61736	2
CP142620.1	61736	61740	1
CP142620.1	61740	61760	2
CP142620.1	61760	61881	1
CP142620.1	61881	61895	0
CP142620.1	61895	61950	1
CP142620.1	61950	61961	0
CP142620.1	61961	61989	1
CP142620.1	61989	62045	2
CP142620.1	62045	62069	3
CP142620.1	62069	62070	1
CP142620.1	62070	62092	3
CP142620.1	62092	62099	2
CP142620.1	62099	62138	3
CP142620.1	62138	62139	2
CP142620.1	62139	62141	3
CP142620.1	62141	62152	2
CP142620.1	62152	62161	3
CP142620.1	62161	62172	2
CP142620.1	62172	62227	1
CP142620.1	62227	62306	0
CP142620.1	62306	62437	1
CP142620.1	62437	62581	0
CP142620.1	62581	62638	1
CP142620.1	62638	62753	2
CP142620.1	62753	62764	1
CP142620.1	62764	62791	0
CP142620.1	62791	62832	1
CP142620.1	62832	62833	0
CP142620.1	62833	62853	1
CP142620.1	62853	62871	0
CP142620.1	62871	62935	1
CP142620.1	62935	62958	2
CP142620.1	62958	62964	1
CP142620.1	62964	62965	0
CP142620.1	62965	62998	1
CP142620.1	62998	62999	0
CP142620.1	62999	63019	1
CP142620.1	63019	63039	2
CP142620.1	63039	63170	1
CP142620.1	63170	63188	2
CP142620.1	63188	63220	1
CP142620.1	63220	63275	2
CP142620.1	63275	63305	1
CP142620.1	63305	63314	2
CP142620.1	63314	63315	1
CP142620.1	63315	63318	2
CP142620.1	63318	63354	3
CP142620.1	63354	63356	2
CP142620.1	63356	63392	3
CP142620.1	63392	63420	4
CP142620.1	63420	63464	3
CP142620.1	63464	63510	4
CP142620.1	63510	63519	5
CP142620.1	63519	63520	4
CP142620.1	63520	63537	5
CP142620.1	63537	63573	4
CP142620.1	63573	63574	3
CP142620.1	63574	63577	2
CP142620.1	63577	63609	3
CP142620.1	63609	63610	2
CP142620.1	63610	63614	3
CP142620.1	63614	63617	2
CP142620.1	63617	63629	3
CP142620.1	63629	63674	2
CP142620.1	63674	63684	1
CP142620.1	63684	63685	0
CP142620.1	63685	63746	1
CP142620.1	63746	63749	0
CP142620.1	63749	63778	1
CP142620.1	63778	63873	2
CP142620.1	63873	63876	1
CP142620.1	63876	63891	2
CP142620.1	63891	63930	1
CP142620.1	63930	63947	0
CP142620.1	63947	64086	1
CP142620.1	64086	64120	0
CP142620.1	64120	64182	1
CP142620.1	64182	64304	0
CP142620.1	64304	64305	1
CP142620.1	64305	64333	2
CP142620.1	64333	64459	3
CP142620.1	64459	64460	2
CP142620.1	64460	64536	3
CP142620.1	64536	64585	2
CP142620.1	64585	64611	1
CP142620.1	64611	64659	2
CP142620.1	64659	64765	1
CP142620.1	64765	64789	0
CP142620.1	64789	64932	1
CP142620.1	64932	65026	0
CP142620.1	65026	65027	1
CP142620.1	65027	65088	2
CP142620.1	65088	65130	1
CP142620.1	65130	65271	0
CP142620.1	65271	65331	1
CP142620.1	65331	65350	0
CP142620.1	65350	65369	1
CP142620.1	65369	65375	0
CP142620.1	65375	65447	1
CP142620.1	65447	65466	0
CP142620.1	65466	65470	1
CP142620.1	65470	65540	2
CP142620.1	65540	65568	1
CP142620.1	65568	65569	0
CP142620.1	65569	65607	1
CP142620.1	65607	65609	0
CP142620.1	65609	65678	1
CP142620.1	65678	65773	0
CP142620.1	65773	65914	1
CP142620.1	65914	66241	0
CP142620.1	66241	66255	1
CP142620.1	66255	66267	2
CP142620.1	66267	66299	3
CP142620.1	66299	66300	2
CP142620.1	66300	66314	3
CP142620.1	66314	66338	2
CP142620.1	66338	66405	1
CP142620.1	66405	66609	0
CP142620.1	66609	66710	1
CP142620.1	66710	66775	2
CP142620.1	66775	66783	1
CP142620.1	66783	66837	2
CP142620.1	66837	66860	3
CP142620.1	66860	66870	1
CP142620.1	66870	66975	2
CP142620.1	66975	67017	3
CP142620.1	67017	67066	2
CP142620.1	67066	67068	3
CP142620.1	67068	67069	2
CP142620.1	67069	67070	1
CP142620.1	67070	67082	2
CP142620.1	67082	67083	0
CP142620.1	67083	67093	2
CP142620.1	67093	67094	1
CP142620.1	67094	67117	2
CP142620.1	67117	67132	3
CP142620.1	67132	67133	2
CP142620.1	67133	67200	3
CP142620.1	67200	67245	2
CP142620.1	67245	67281	1
CP142620.1	67281	67351	2
CP142620.1	67351	67352	1
CP142620.1	67352	67405	2
CP142620.1	67405	67467	1
CP142620.1	67467	67567	2
CP142620.1	67567	67589	1
CP142620.1	67589	67608	2
CP142620.1	67608	67637	3
CP142620.1	67637	67638	2
CP142620.1	67638	67641	1
CP142620.1	67641	67671	2
CP142620.1	67671	67672	1
CP142620.1	67672	67708	2
CP142620.1	67708	67724	3
CP142620.1	67724	67728	2
CP142620.1	67728	67769	3
CP142620.1	67769	67810	2
CP142620.1	67810	67820	1
CP142620.1	67820	67829	0
CP142620.1	67829	67877	1
CP142620.1	67877	67944	2
CP142620.1	67944	67981	1
CP142620.1	67981	67983	0
CP142620.1	67983	68041	1
CP142620.1	68041	68051	0
CP142620.1	68051	68069	1
CP142620.1	68069	68081	2
CP142620.1	68081	68082	1
CP142620.1	68082	68180	2
CP142620.1	68180	68191	1
CP142620.1	68191	68193	0
CP142620.1	68193	68285	1
CP142620.1	68285	68506	0
CP142620.1	68506	68524	1
CP142620.1	68524	68609	2
CP142620.1	68609	68620	1
CP142620.1	68620	68621	0
CP142620.1	68621	68644	1
CP142620.1	68644	68672	2
CP142620.1	68672	68675	1
CP142620.1	68675	68707	2
CP142620.1	68707	68727	1
CP142620.1	68727	68943	0
CP142620.1	68943	68944	1
CP142620.1	68944	69016	2
CP142620.1	69016	69070	3
CP142620.1	69070	69093	2
CP142620.1	69093	69103	1
CP142620.1	69103	69139	0
CP142620.1	69139	69202	1
CP142620.1	69202	69280	0
CP142620.1	69280	69285	1
CP142620.1	69285	69299	2
CP142620.1	69299	69330	3
CP142620.1	69330	69331	2
CP142620.1	69331	69337	3
CP142620.1	69337	69376	2
CP142620.1	69376	69493	1
CP142620.1	69493	69554	2
CP142620.1	69554	69592	3
CP142620.1	69592	69596	2
CP142620.1	69596	69678	3
CP142620.1	69678	69684	2
CP142620.1	69684	69724	1
CP142620.1	69724	69725	0
CP142620.1	69725	69867	1
CP142620.1	69867	69874	2
CP142620.1	69874	69889	3
CP142620.1	69889	69890	1
CP142620.1	69890	69891	2
CP142620.1	69891	69966	3
CP142620.1	69966	69967	2
CP142620.1	69967	70011	3
CP142620.1	70011	70022	2
CP142620.1	70022	70040	1
CP142620.1	70040	70097	0
CP142620.1	70097	70116	1
CP142620.1	70116	70126	2
CP142620.1	70126	70128	0
CP142620.1	70128	70134	2
CP142620.1	70134	70135	1
CP142620.1	70135	70177	2
CP142620.1	70177	70183	1
CP142620.1	70183	70190	2
CP142620.1	70190	70194	1
CP142620.1	70194	70195	0
CP142620.1	70195	70203	2
CP142620.1	70203	70225	4
CP142620.1	70225	70239	3
CP142620.1	70239	70240	1
CP142620.1	70240	70280	3
CP142620.1	70280	70311	4
CP142620.1	70311	70331	3
CP142620.1	70331	70352	2
CP142620.1	70352	70386	3
CP142620.1	70386	70394	2
CP142620.1	70394	70446	3
CP142620.1	70446	70484	2
CP142620.1	70484	70819	1
CP142620.1	70819	70916	0
CP142620.1	70916	70921	1
CP142620.1	70921	70922	0
CP142620.1	70922	71072	1
CP142620.1	71072	71291	0
CP142620.1	71291	71313	1
CP142620.1	71313	71314	0
CP142620.1	71314	71348	1
CP142620.1	71348	71350	0
CP142620.1	71350	71359	1
CP142620.1	71359	71378	2
CP142620.1	71378	71379	0
CP142620.1	71379	71395	2
CP142620.1	71395	71398	1
CP142620.1	71398	71410	2
CP142620.1	71410	71431	3
CP142620.1	71431	71433	2
CP142620.1	71433	71445	3
CP142620.1	71445	71466	2
CP142620.1	71466	71475	3
CP142620.1	71475	71556	2
CP142620.1	71556	71568	1
CP142620.1	71568	71593	2
CP142620.1	71593	71642	1
CP142620.1	71642	71726	0
CP142620.1	71726	71777	1
CP142620.1	71777	71779	0
CP142620.1	71779	71816	1
CP142620.1	71816	71879	2
CP142620.1	71879	71880	1
CP142620.1	71880	71902	2
CP142620.1	71902	71911	3
CP142620.1	71911	71922	2
CP142620.1	71922	71944	1
CP142620.1	71944	71945	0
CP142620.1	71945	71973	1
CP142620.1	71973	72007	2
CP142620.1	72007	72039	1
CP142620.1	72039	72044	0
CP142620.1	72044	72114	1
CP142620.1	72114	72181	0
CP142620.1	72181	72187	1
CP142620.1	72187	72253	2
CP142620.1	72253	72277	1
CP142620.1	72277	72361	0
CP142620.1	72361	72519	1
CP142620.1	72519	72559	0
CP142620.1	72559	72615	1
CP142620.1	72615	72652	0
CP142620.1	72652	72686	1
CP142620.1	72686	72691	2
CP142620.1	72691	72745	1
CP142620.1	72745	72790	2
CP142620.1	72790	72863	1
CP142620.1	72863	72867	0
CP142620.1	72867	72882	1
CP142620.1	72882	72915	0
CP142620.1	72915	73065	1
CP142620.1	73065	73156	0
CP142620.1	73156	73204	1
CP142620.1	73204	73230	2
CP142620.1	73230	73239	0
CP142620.1	73239	73300	2
CP142620.1	73300	73316	1
CP142620.1	73316	73323	2
CP142620.1	73323	73324	1
CP142620.1	73324	73328	2
CP142620.1	73328	73350	3
CP142620.1	73350	73382	4
CP142620.1	73382	73386	3
CP142620.1	73386	73397	2
CP142620.1	73397	73488	3
CP142620.1	73488	73502	2
CP142620.1	73502	73554	1
CP142620.1	73554	73569	2
CP142620.1	73569	73626	1
CP142620.1	73626	73698	0
CP142620.1	73698	73836	1
CP142620.1	73836	73842	0
CP142620.1	73842	73881	1
CP142620.1	73881	74264	0
CP142620.1	74264	74389	1
CP142620.1	74389	74390	0
CP142620.1	74390	74400	1
CP142620.1	74400	74639	0
CP142620.1	74639	74662	1
CP142620.1	74662	74698	2
CP142620.1	74698	74712	3
CP142620.1	74712	74718	2
CP142620.1	74718	74722	1
CP142620.1	74722	74734	2
CP142620.1	74734	74735	1
CP142620.1	74735	74784	2
CP142620.1	74784	74785	1
CP142620.1	74785	74816	2
CP142620.1	74816	74822	1
CP142620.1	74822	74874	0
CP142620.1	74874	74959	1
CP142620.1	74959	74963	0
CP142620.1	74963	75034	1
CP142620.1	75034	75042	0
CP142620.1	75042	75124	1
CP142620.1	75124	75179	2
CP142620.1	75179	75220	1
CP142620.1	75220	75221	0
CP142620.1	75221	75267	1
CP142620.1	75267	75373	0
CP142620.1	75373	75604	1
CP142620.1	75604	75654	2
CP142620.1	75654	75693	1
CP142620.1	75693	75722	2
CP142620.1	75722	75755	3
CP142620.1	75755	75758	2
CP142620.1	75758	75761	1
CP142620.1	75761	75787	2
CP142620.1	75787	75793	3
CP142620.1	75793	75810	2
CP142620.1	75810	75845	1
CP142620.1	75845	76029	0
CP142620.1	76029	76052	1
CP142620.1	76052	76121	2
CP142620.1	76121	76189	1
CP142620.1	76189	76292	0
CP142620.1	76292	76419	1
CP142620.1	76419	76426	2
CP142620.1	76426	76429	3
CP142620.1	76429	76479	2
CP142620.1	76479	76526	1
CP142620.1	76526	76551	2
CP142620.1	76551	76595	1
CP142620.1	76595	76615	0
CP142620.1	76615	76715	2
CP142620.1	76715	76746	1
CP142620.1	76746	76752	0
CP142620.1	76752	76787	1
CP142620.1	76787	76853	2
CP142620.1	76853	76873	1
CP142620.1	76873	76917	0
CP142620.1	76917	76981	1
CP142620.1	76981	76985	0
CP142620.1	76985	76988	1
CP142620.1	76988	77090	2
CP142620.1	77090	77093	1
CP142620.1	77093	77096	0
CP142620.1	77096	77159	1
CP142620.1	77159	77213	2
CP142620.1	77213	77232	1
CP142620.1	77232	77329	0
CP142620.1	77329	77362	1
CP142620.1	77362	77375	2
CP142620.1	77375	77376	1
CP142620.1	77376	77389	2
CP142620.1	77389	77402	1
CP142620.1	77402	77443	2
CP142620.1	77443	77454	3
CP142620.1	77454	77481	2
CP142620.1	77481	77506	1
CP142620.1	77506	77551	0
CP142620.1	77551	77629	1
CP142620.1	77629	77705	0
CP142620.1	77705	77765	1
CP142620.1	77765	77816	2
CP142620.1	77816	77860	3
CP142620.1	77860	77862	4
CP142620.1	77862	77885	3
CP142620.1	77885	77886	2
CP142620.1	77886	77887	1
CP142620.1	77887	77941	3
CP142620.1	77941	77943	2
CP142620.1	77943	77961	3
CP142620.1	77961	77986	2
CP142620.1	77986	78017	1
CP142620.1	78017	78018	0
CP142620.1	78018	78070	1
CP142620.1	78070	78171	0
CP142620.1	78171	78228	1
CP142620.1	78228	78335	0
CP142620.1	78335	78428	1
CP142620.1	78428	78503	0
CP142620.1	78503	78532	1
CP142620.1	78532	78533	2
CP142620.1	78533	78588	3
CP142620.1	78588	78596	2
CP142620.1	78596	78612	1
CP142620.1	78612	78757	0
CP142620.1	78757	78816	1
CP142620.1	78816	78912	2
CP142620.1	78912	78930	1
CP142620.1	78930	78937	0
CP142620.1	78937	79026	1
CP142620.1	79026	79153	2
CP142620.1	79153	79176	1
CP142620.1	79176	79179	2
CP142620.1	79179	79180	1
CP142620.1	79180	79262	2
CP142620.1	79262	79273	1
CP142620.1	79273	79542	0
CP142620.1	79542	79625	1
CP142620.1	79625	79778	0
CP142620.1	79778	79845	1
CP142620.1	79845	79880	2
CP142620.1	79880	79884	1
CP142620.1	79884	79894	2
CP142620.1	79894	79913	1
CP142620.1	79913	79949	2
CP142620.1	79949	79974	3
CP142620.1	79974	79994	2
CP142620.1	79994	80016	1
CP142620.1	80016	80146	0
CP142620.1	80146	80210	1
CP142620.1	80210	80213	2
CP142620.1	80213	80306	3
CP142620.1	80306	80315	2
CP142620.1	80315	80347	3
CP142620.1	80347	80368	2
CP142620.1	80368	80369	1
CP142620.1	80369	80378	2
CP142620.1	80378	80417	1
CP142620.1	80417	80581	0
CP142620.1	80581	80685	1
CP142620.1	80685	80714	0
CP142620.1	80714	80723	1
CP142620.1	80723	80795	2
CP142620.1	80795	80797	1
CP142620.1	80797	80838	2
CP142620.1	80838	80913	1
CP142620.1	80913	80916	0
CP142620.1	80916	80927	1
CP142620.1	80927	80969	2
CP142620.1	80969	81016	1
CP142620.1	81016	81019	0
CP142620.1	81019	81047	1
CP142620.1	81047	81068	2
CP142620.1	81068	81077	3
CP142620.1	81077	81106	2
CP142620.1	81106	81191	3
CP142620.1	81191	81203	2
CP142620.1	81203	81204	0
CP142620.1	81204	81214	2
CP142620.1	81214	81227	3
CP142620.1	81227	81243	4
CP142620.1	81243	81244	2
CP142620.1	81244	81250	4
CP142620.1	81250	81257	3
CP142620.1	81257	81258	4
CP142620.1	81258	81285	5
CP142620.1	81285	81311	4
CP142620.1	81311	81338	3
CP142620.1	81338	81482	2
CP142620.1	81482	81494	1
CP142620.1	81494	81513	2
CP142620.1	81513	81525	3
CP142620.1	81525	81581	2
CP142620.1	81581	81612	1
CP142620.1	81612	81644	2
CP142620.1	81644	81655	3
CP142620.1	81655	81666	4
CP142620.1	81666	81681	3
CP142620.1	81681	81786	2
CP142620.1	81786	81789	1
CP142620.1	81789	81802	0
CP142620.1	81802	81920	1
CP142620.1	81920	81970	2
CP142620.1	81970	82046	1
CP142620.1	82046	82059	0
CP142620.1	82059	82151	1
CP142620.1	82151	82152	0
CP142620.1	82152	82211	1
CP142620.1	82211	82289	0
CP142620.1	82289	82415	1
CP142620.1	82415	82434	0
CP142620.1	82434	82442	1
CP142620.1	82442	82500	2
CP142620.1	82500	82504	1
CP142620.1	82504	82505	0
CP142620.1	82505	82510	1
CP142620.1	82510	82555	2
CP142620.1	82555	82562	3
CP142620.1	82562	82660	2
CP142620.1	82660	82692	1
CP142620.1	82692	82814	0
CP142620.1	82814	82816	1
CP142620.1	82816	82834	2
CP142620.1	82834	82849	3
CP142620.1	82849	82852	2
CP142620.1	82852	82857	3
CP142620.1	82857	82929	2
CP142620.1	82929	82931	1
CP142620.1	82931	82947	2
CP142620.1	82947	82972	1
CP142620.1	82972	83006	2
CP142620.1	83006	83047	3
CP142620.1	83047	83048	2
CP142620.1	83048	83052	3
CP142620.1	83052	83108	2
CP142620.1	83108	83183	1
CP142620.1	83183	83610	0
CP142620.1	83610	83777	1
CP142620.1	83777	83783	2
CP142620.1	83783	83902	1
CP142620.1	83902	83903	0
CP142620.1	83903	83935	1
CP142620.1	83935	83936	0
CP142620.1	83936	83955	1
CP142620.1	83955	83974	0
CP142620.1	83974	84040	1
CP142620.1	84040	84041	0
CP142620.1	84041	84051	1
CP142620.1	84051	84055	0
CP142620.1	84055	84168	1
CP142620.1	84168	84169	0
CP142620.1	84169	84237	1
CP142620.1	84237	84246	0
CP142620.1	84246	84284	1
CP142620.1	84284	84299	2
CP142620.1	84299	84300	1
CP142620.1	84300	84376	2
CP142620.1	84376	84389	1
CP142620.1	84389	84390	0
CP142620.1	84390	84467	1
CP142620.1	84467	84599	0
CP142620.1	84599	84666	1
CP142620.1	84666	84707	0
CP142620.1	84707	84826	1
CP142620.1	84826	84833	2
CP142620.1	84833	84852	3
CP142620.1	84852	84853	2
CP142620.1	84853	84887	3
CP142620.1	84887	84888	2
CP142620.1	84888	84921	3
CP142620.1	84921	84922	2
CP142620.1	84922	84958	3
CP142620.1	84958	84972	2
CP142620.1	84972	85037	1
CP142620.1	85037	85051	2
CP142620.1	85051	85052	1
CP142620.1	85052	85122	2
CP142620.1	85122	85127	0
CP142620.1	85127	85128	1
CP142620.1	85128	85162	2
CP142620.1	85162	85216	1
CP142620.1	85216	85285	2
CP142620.1	85285	85287	1
CP142620.1	85287	85288	2
CP142620.1	85288	85314	1
CP142620.1	85314	85694	0
CP142620.1	85694	85772	1
CP142620.1	85772	85773	0
CP142620.1	85773	85802	1
CP142620.1	85802	86093	0
CP142620.1	86093	86139	1
CP142620.1	86139	86140	0
CP142620.1	86140	86158	1
CP142620.1	86158	86237	2
CP142620.1	86237	86301	3
CP142620.1	86301	86302	2
CP142620.1	86302	86348	1
CP142620.1	86348	86434	2
CP142620.1	86434	86436	1
CP142620.1	86436	86575	0
CP142620.1	86575	86680	1
CP142620.1	86680	86681	0
CP142620.1	86681	86719	1
CP142620.1	86719	86721	0
CP142620.1	86721	86784	1
CP142620.1	86784	86895	0
CP142620.1	86895	86985	1
CP142620.1	86985	87183	0
CP142620.1	87183	87251	1
CP142620.1	87251	87678	0
CP142620.1	87678	87714	1
CP142620.1	87714	87770	2
CP142620.1	87770	87819	3
CP142620.1	87819	87822	4
CP142620.1	87822	87867	3
CP142620.1	87867	87924	2
CP142620.1	87924	87974	1
CP142620.1	87974	87975	0
CP142620.1	87975	88031	1
CP142620.1	88031	88048	2
CP142620.1	88048	88065	1
CP142620.1	88065	88109	2
CP142620.1	88109	88205	1
CP142620.1	88205	88220	2
CP142620.1	88220	88221	1
CP142620.1	88221	88259	2
CP142620.1	88259	88260	1
CP142620.1	88260	88282	2
CP142620.1	88282	88294	1
CP142620.1	88294	88383	2
CP142620.1	88383	88460	1
CP142620.1	88460	88463	0
CP142620.1	88463	88491	1
CP142620.1	88491	88714	0
CP142620.1	88714	88768	1
CP142620.1	88768	88769	0
CP142620.1	88769	88794	1
CP142620.1	88794	88796	2
CP142620.1	88796	88801	4
CP142620.1	88801	88802	3
CP142620.1	88802	88852	4
CP142620.1	88852	88885	3
CP142620.1	88885	88890	2
CP142620.1	88890	88924	3
CP142620.1	88924	88936	4
CP142620.1	88936	88983	3
CP142620.1	88983	88984	2
CP142620.1	88984	88992	3
CP142620.1	88992	89028	2
CP142620.1	89028	89030	1
CP142620.1	89030	89032	0
CP142620.1	89032	89035	1
CP142620.1	89035	89064	2
CP142620.1	89064	89135	3
CP142620.1	89135	89136	2
CP142620.1	89136	89151	3
CP142620.1	89151	89168	4
CP142620.1	89168	89169	3
CP142620.1	89169	89175	4
CP142620.1	89175	89176	3
CP142620.1	89176	89193	4
CP142620.1	89193	89194	3
CP142620.1	89194	89212	4
CP142620.1	89212	89221	3
CP142620.1	89221	89224	4
CP142620.1	89224	89227	3
CP142620.1	89227	89235	2
CP142620.1	89235	89370	1
CP142620.1	89370	89713	0
CP142620.1	89713	89767	2
CP142620.1	89767	89770	1
CP142620.1	89770	89771	0
CP142620.1	89771	89804	1
CP142620.1	89804	89958	0
CP142620.1	89958	90012	1
CP142620.1	90012	90086	2
CP142620.1	90086	90104	3
CP142620.1	90104	90131	2
CP142620.1	90131	90132	1
CP142620.1	90132	90264	2
CP142620.1	90264	90265	1
CP142620.1	90265	90313	2
CP142620.1	90313	90319	3
CP142620.1	90319	90325	2
CP142620.1	90325	90406	1
CP142620.1	90406	90438	0
CP142620.1	90438	90444	1
CP142620.1	90444	90522	2
CP142620.1	90522	90578	1
CP142620.1	90578	90703	0
CP142620.1	90703	90814	1
CP142620.1	90814	90815	0
CP142620.1	90815	90921	1
CP142620.1	90921	90932	0
CP142620.1	90932	90947	1
CP142620.1	90947	90949	0
CP142620.1	90949	91092	1
CP142620.1	91092	91123	0
CP142620.1	91123	91133	1
CP142620.1	91133	91207	2
CP142620.1	91207	91208	1
CP142620.1	91208	91221	2
CP142620.1	91221	91316	1
CP142620.1	91316	91488	0
CP142620.1	91488	91582	1
CP142620.1	91582	91599	2
CP142620.1	91599	91600	1
CP142620.1	91600	91624	2
CP142620.1	91624	91650	1
CP142620.1	91650	91743	2
CP142620.1	91743	91768	1
CP142620.1	91768	91795	0
CP142620.1	91795	91872	1
CP142620.1	91872	91873	0
CP142620.1	91873	91940	1
CP142620.1	91940	91964	2
CP142620.1	91964	91967	1
CP142620.1	91967	92001	2
CP142620.1	92001	92021	1
CP142620.1	92021	92086	0
CP142620.1	92086	92183	1
CP142620.1	92183	92255	2
CP142620.1	92255	92256	1
CP142620.1	92256	92287	2
CP142620.1	92287	92337	3
CP142620.1	92337	92338	0
CP142620.1	92338	92363	3
CP142620.1	92363	92364	2
CP142620.1	92364	92423	1
CP142620.1	92423	92649	0
CP142620.1	92649	92660	1
CP142620.1	92660	92739	2
CP142620.1	92739	92755	3
CP142620.1	92755	92776	2
CP142620.1	92776	92821	3
CP142620.1	92821	92831	2
CP142620.1	92831	92838	3
CP142620.1	92838	92868	2
CP142620.1	92868	92930	1
CP142620.1	92930	93281	0
CP142620.1	93281	93632	1
CP142620.1	93632	93661	2
CP142620.1	93661	93718	1
CP142620.1	93718	93744	2
CP142620.1	93744	93748	1
CP142620.1	93748	93778	2
CP142620.1	93778	93816	1
CP142620.1	93816	93860	0
CP142620.1	93860	93902	1
CP142620.1	93902	93938	2
CP142620.1	93938	93946	1
CP142620.1	93946	93967	2
CP142620.1	93967	94000	1
CP142620.1	94000	94005	2
CP142620.1	94005	94015	1
CP142620.1	94015	94016	0
CP142620.1	94016	94069	1
CP142620.1	94069	94095	2
CP142620.1	94095	94121	3
CP142620.1	94121	94123	4
CP142620.1	94123	94145	3
CP142620.1	94145	94149	2
CP142620.1	94149	94161	3
CP142620.1	94161	94210	2
CP142620.1	94210	94211	1
CP142620.1	94211	94234	2
CP142620.1	94234	94253	1
CP142620.1	94253	94257	0
CP142620.1	94257	94330	1
CP142620.1	94330	94332	0
CP142620.1	94332	94333	1
CP142620.1	94333	94363	2
CP142620.1	94363	94382	1
CP142620.1	94382	94397	0
CP142620.1	94397	94456	1
CP142620.1	94456	94662	0
CP142620.1	94662	94746	1
CP142620.1	94746	94924	0
CP142620.1	94924	95037	1
CP142620.1	95037	95120	0
CP142620.1	95120	95148	1
CP142620.1	95148	95158	2
CP142620.1	95158	95220	3
CP142620.1	95220	95227	2
CP142620.1	95227	95257	1
CP142620.1	95257	95326	2
CP142620.1	95326	95332	1
CP142620.1	95332	95374	2
CP142620.1	95374	95377	1
CP142620.1	95377	95398	2
CP142620.1	95398	95399	1
CP142620.1	95399	95413	2
CP142620.1	95413	95449	3
CP142620.1	95449	95497	2
CP142620.1	95497	95544	3
CP142620.1	95544	95548	2
CP142620.1	95548	95550	1
CP142620.1	95550	95554	0
CP142620.1	95554	95557	1
CP142620.1	95557	95558	2
CP142620.1	95558	95633	3
CP142620.1	95633	95634	2
CP142620.1	95634	95640	1
CP142620.1	95640	95641	2
CP142620.1	95641	95669	3
CP142620.1	95669	95673	2
CP142620.1	95673	95809	1
CP142620.1	95809	95812	0
CP142620.1	95812	95820	1
CP142620.1	95820	95822	0
CP142620.1	95822	95845	1
CP142620.1	95845	95865	2
CP142620.1	95865	95890	3
CP142620.1	95890	95916	2
CP142620.1	95916	95921	1
CP142620.1	95921	96050	0
CP142620.1	96050	96064	1
CP142620.1	96064	96077	2
CP142620.1	96077	96079	1
CP142620.1	96079	96118	2
CP142620.1	96118	96178	1
CP142620.1	96178	96231	2
CP142620.1	96231	96241	1
CP142620.1	96241	96244	0
CP142620.1	96244	96341	1
CP142620.1	96341	96343	0
CP142620.1	96343	96402	1
CP142620.1	96402	96416	0
CP142620.1	96416	96425	1
CP142620.1	96425	96454	2
CP142620.1	96454	96471	3
CP142620.1	96471	96480	2
CP142620.1	96480	96501	1
CP142620.1	96501	96575	2
CP142620.1	96575	96579	3
CP142620.1	96579	96606	2
CP142620.1	96606	96653	3
CP142620.1	96653	96679	4
CP142620.1	96679	96680	1
CP142620.1	96680	96681	0
CP142620.1	96681	96682	1
CP142620.1	96682	96683	3
CP142620.1	96683	96713	4
CP142620.1	96713	96714	3
CP142620.1	96714	96729	4
CP142620.1	96729	96740	3
CP142620.1	96740	96922	2
CP142620.1	96922	96923	1
CP142620.1	96923	96935	2
CP142620.1	96935	97001	3
CP142620.1	97001	97014	2
CP142620.1	97014	97015	1
CP142620.1	97015	97056	2
CP142620.1	97056	97086	1
CP142620.1	97086	97089	0
CP142620.1	97089	97185	1
CP142620.1	97185	97186	0
CP142620.1	97186	97273	1
CP142620.1	97273	97334	2
CP142620.1	97334	97341	1
CP142620.1	97341	97342	0
CP142620.1	97342	97359	1
CP142620.1	97359	97360	0
CP142620.1	97360	97457	1
CP142620.1	97457	97498	2
CP142620.1	97498	97499	1
CP142620.1	97499	97521	2
CP142620.1	97521	97531	1
CP142620.1	97531	97725	0
CP142620.1	97725	97794	1
CP142620.1	97794	97831	2
CP142620.1	97831	97832	1
CP142620.1	97832	97885	2
CP142620.1	97885	97922	3
CP142620.1	97922	97925	2
CP142620.1	97925	97926	1
CP142620.1	97926	98193	0
CP142620.1	98193	98239	1
CP142620.1	98239	98262	2
CP142620.1	98262	98268	3
CP142620.1	98268	98269	2
CP142620.1	98269	98294	3
CP142620.1	98294	98295	2
CP142620.1	98295	98298	3
CP142620.1	98298	98299	1
CP142620.1	98299	98353	2
CP142620.1	98353	98355	1
CP142620.1	98355	98443	2
CP142620.1	98443	98464	1
CP142620.1	98464	98465	0
CP142620.1	98465	98513	1
CP142620.1	98513	98514	0
CP142620.1	98514	98544	1
CP142620.1	98544	98592	2
CP142620.1	98592	98601	1
CP142620.1	98601	98604	0
CP142620.1	98604	98634	1
CP142620.1	98634	98638	0
CP142620.1	98638	98665	1
CP142620.1	98665	98666	0
CP142620.1	98666	98679	1
CP142620.1	98679	98943	0
CP142620.1	98943	99030	1
CP142620.1	99030	99040	0
CP142620.1	99040	99081	1
CP142620.1	99081	99082	0
CP142620.1	99082	99132	1
CP142620.1	99132	99166	0
CP142620.1	99166	99286	1
CP142620.1	99286	99346	2
CP142620.1	99346	99395	1
CP142620.1	99395	99438	2
CP142620.1	99438	99718	1
CP142620.1	99718	99760	0
CP142620.1	99760	99920	1
CP142620.1	99920	99952	2
CP142620.1	99952	100026	1
CP142620.1	100026	100138	0
CP142620.1	100138	100193	1
CP142620.1	100193	100215	2
CP142620.1	100215	100267	1
CP142620.1	100267	100344	0
CP142620.1	100344	100367	1
CP142620.1	100367	100413	2
CP142620.1	100413	100421	3
CP142620.1	100421	100424	4
CP142620.1	100424	100463	5
CP142620.1	100463	100486	4
CP142620.1	100486	100487	3
CP142620.1	100487	100516	4
CP142620.1	100516	100531	3
CP142620.1	100531	100564	2
CP142620.1	100564	100570	1
CP142620.1	100570	100580	0
CP142620.1	100580	100947	1
CP142620.1	100947	100967	2
CP142620.1	100967	100968	1
CP142620.1	100968	100980	2
CP142620.1	100980	100981	1
CP142620.1	100981	101153	2
CP142620.1	101153	101173	1
CP142620.1	101173	101174	2
CP142620.1	101174	101240	1
CP142620.1	101240	101259	0
CP142620.1	101259	101343	1
CP142620.1	101343	101412	0
CP142620.1	101412	101481	1
CP142620.1	101481	101508	2
CP142620.1	101508	101546	1
CP142620.1	101546	101579	2
CP142620.1	101579	101586	3
CP142620.1	101586	101591	2
CP142620.1	101591	101618	1
CP142620.1	101618	101673	2
CP142620.1	101673	101688	1
CP142620.1	101688	101801	0
CP142620.1	101801	101826	1
CP142620.1	101826	101827	0
CP142620.1	101827	101892	1
CP142620.1	101892	101991	2
CP142620.1	101991	102016	1
CP142620.1	102016	102034	2
CP142620.1	102034	102038	1
CP142620.1	102038	102041	0
CP142620.1	102041	102076	1
CP142620.1	102076	102169	2
CP142620.1	102169	102184	1
CP142620.1	102184	102330	0
CP142620.1	102330	102370	1
CP142620.1	102370	102459	2
CP142620.1	102459	102536	1
CP142620.1	102536	102538	0
CP142620.1	102538	102647	1
CP142620.1	102647	102749	2
CP142620.1	102749	102750	1
CP142620.1	102750	102840	2
CP142620.1	102840	102847	3
CP142620.1	102847	102857	4
CP142620.1	102857	102860	3
CP142620.1	102860	102897	4
CP142620.1	102897	102916	3
CP142620.1	102916	102941	4
CP142620.1	102941	102953	5
CP142620.1	102953	102981	4
CP142620.1	102981	102994	5
CP142620.1	102994	103002	4
CP142620.1	103002	103012	3
CP142620.1	103012	103049	2
CP142620.1	103049	103056	1
CP142620.1	103056	103057	0
CP142620.1	103057	103075	2
CP142620.1	103075	103084	3
CP142620.1	103084	103091	2
CP142620.1	103091	103150	3
CP142620.1	103150	103219	2
CP142620.1	103219	103221	1
CP142620.1	103221	103238	2
CP142620.1	103238	103319	3
CP142620.1	103319	103321	2
CP142620.1	103321	103347	3
CP142620.1	103347	103366	2
CP142620.1	103366	103423	1
CP142620.1	103423	103458	2
CP142620.1	103458	103476	1
CP142620.1	103476	103518	2
CP142620.1	103518	103539	3
CP142620.1	103539	103540	2
CP142620.1	103540	103574	3
CP142620.1	103574	103577	2
CP142620.1	103577	103639	1
CP142620.1	103639	103642	0
CP142620.1	103642	103675	1
CP142620.1	103675	103699	0
CP142620.1	103699	103738	1
CP142620.1	103738	103756	2
CP142620.1	103756	103828	3
CP142620.1	103828	103829	2
CP142620.1	103829	103834	3
CP142620.1	103834	103843	2
CP142620.1	103843	103873	3
CP142620.1	103873	103906	2
CP142620.1	103906	103944	1
CP142620.1	103944	104002	2
CP142620.1	104002	104019	1
CP142620.1	104019	104137	0
CP142620.1	104137	104157	1
CP142620.1	104157	104171	2
CP142620.1	104171	104208	3
CP142620.1	104208	104213	4
CP142620.1	104213	104231	3
CP142620.1	104231	104232	2
CP142620.1	104232	104245	3
CP142620.1	104245	104246	4
CP142620.1	104246	104288	3
CP142620.1	104288	104325	2
CP142620.1	104325	104327	1
CP142620.1	104327	104333	2
CP142620.1	104333	104430	3
CP142620.1	104430	104435	2
CP142620.1	104435	104529	1
CP142620.1	104529	104635	0
CP142620.1	104635	104684	1
CP142620.1	104684	104768	2
CP142620.1	104768	104979	1
CP142620.1	104979	105074	2
CP142620.1	105074	105104	1
CP142620.1	105104	105185	2
CP142620.1	105185	105316	1
CP142620.1	105316	105489	0
CP142620.1	105489	105550	1
CP142620.1	105550	105800	0
CP142620.1	105800	105851	1
CP142620.1	105851	105904	2
CP142620.1	105904	105924	1
CP142620.1	105924	105959	0
CP142620.1	105959	105997	1
CP142620.1	105997	106005	2
CP142620.1	106005	106006	1
CP142620.1	106006	106027	2
CP142620.1	106027	106039	3
CP142620.1	106039	106042	2
CP142620.1	106042	106107	3
CP142620.1	106107	106110	2
CP142620.1	106110	106147	1
CP142620.1	106147	106148	0
CP142620.1	106148	106186	1
CP142620.1	106186	106230	2
CP142620.1	106230	106261	3
CP142620.1	106261	106266	4
CP142620.1	106266	106285	3
CP142620.1	106285	106288	2
CP142620.1	106288	106306	3
CP142620.1	106306	106309	2
CP142620.1	106309	106342	3
CP142620.1	106342	106361	2
CP142620.1	106361	106364	1
CP142620.1	106364	106380	2
CP142620.1	106380	106381	1
CP142620.1	106381	106456	2
CP142620.1	106456	106457	1
CP142620.1	106457	106470	2
CP142620.1	106470	106552	1
CP142620.1	106552	106554	0
CP142620.1	106554	106650	1
CP142620.1	106650	106671	2
CP142620.1	106671	106706	3
CP142620.1	106706	106751	2
CP142620.1	106751	106815	1
CP142620.1	106815	106817	0
CP142620.1	106817	106822	1
CP142620.1	106822	106854	2
CP142620.1	106854	106920	3
CP142620.1	106920	106984	2
CP142620.1	106984	107045	3
CP142620.1	107045	107058	2
CP142620.1	107058	107064	3
CP142620.1	107064	107073	2
CP142620.1	107073	107131	3
CP142620.1	107131	107132	2
CP142620.1	107132	107139	3
CP142620.1	107139	107156	2
CP142620.1	107156	107157	1
CP142620.1	107157	107168	2
CP142620.1	107168	107329	1
CP142620.1	107329	107338	0
CP142620.1	107338	107357	1
CP142620.1	107357	107405	2
CP142620.1	107405	107406	1
CP142620.1	107406	107419	2
CP142620.1	107419	107470	3
CP142620.1	107470	107495	2
CP142620.1	107495	107521	3
CP142620.1	107521	107524	2
CP142620.1	107524	107526	1
CP142620.1	107526	107532	2
CP142620.1	107532	107689	1
CP142620.1	107689	107714	2
CP142620.1	107714	107733	1
CP142620.1	107733	107739	2
CP142620.1	107739	107742	1
CP142620.1	107742	107765	2
CP142620.1	107765	107768	1
CP142620.1	107768	107824	2
CP142620.1	107824	107836	1
CP142620.1	107836	107839	0
CP142620.1	107839	107864	1
CP142620.1	107864	107922	0
CP142620.1	107922	108027	1
CP142620.1	108027	108062	2
CP142620.1	108062	108065	1
CP142620.1	108065	108074	2
CP142620.1	108074	108075	1
CP142620.1	108075	108104	2
CP142620.1	108104	108134	3
CP142620.1	108134	108140	2
CP142620.1	108140	108156	1
CP142620.1	108156	108188	0
CP142620.1	108188	108241	1
CP142620.1	108241	108427	0
CP142620.1	108427	108431	1
CP142620.1	108431	108503	2
CP142620.1	108503	108584	1
CP142620.1	108584	108670	2
CP142620.1	108670	108849	1
CP142620.1	108849	108850	0
CP142620.1	108850	108869	1
CP142620.1	108869	108881	2
CP142620.1	108881	108949	1
CP142620.1	108949	108962	0
CP142620.1	108962	108984	1
CP142620.1	108984	108985	0
CP142620.1	108985	109076	1
CP142620.1	109076	109077	0
CP142620.1	109077	109100	1
CP142620.1	109100	109202	2
CP142620.1	109202	109253	1
CP142620.1	109253	109302	0
CP142620.1	109302	109375	1
CP142620.1	109375	109470	2
CP142620.1	109470	109546	1
CP142620.1	109546	109926	0
CP142620.1	109926	109983	1
CP142620.1	109983	110067	0
CP142620.1	110067	110086	1
CP142620.1	110086	110118	2
CP142620.1	110118	110121	3
CP142620.1	110121	110159	2
CP142620.1	110159	110243	1
CP142620.1	110243	110316	2
CP142620.1	110316	110396	1
CP142620.1	110396	110403	0
CP142620.1	110403	110438	1
CP142620.1	110438	110454	2
CP142620.1	110454	110464	1
CP142620.1	110464	110468	2
CP142620.1	110468	110469	1
CP142620.1	110469	110525	2
CP142620.1	110525	110541	3
CP142620.1	110541	110548	2
CP142620.1	110548	110557	1
CP142620.1	110557	110592	2
CP142620.1	110592	110627	1
CP142620.1	110627	110649	2
CP142620.1	110649	110763	1
CP142620.1	110763	110816	2
CP142620.1	110816	110839	3
CP142620.1	110839	110848	4
CP142620.1	110848	110866	5
CP142620.1	110866	110867	4
CP142620.1	110867	110878	5
CP142620.1	110878	110894	4
CP142620.1	110894	110900	3
CP142620.1	110900	110903	2
CP142620.1	110903	110915	3
CP142620.1	110915	110937	4
CP142620.1	110937	110949	5
CP142620.1	110949	110978	3
CP142620.1	110978	110980	2
CP142620.1	110980	111016	3
CP142620.1	111016	111051	2
CP142620.1	111051	111055	1
CP142620.1	111055	111058	0
CP142620.1	111058	111084	1
CP142620.1	111084	111122	2
CP142620.1	111122	111162	1
CP142620.1	111162	111364	0
CP142620.1	111364	111370	1
CP142620.1	111370	111417	2
CP142620.1	111417	111424	1
CP142620.1	111424	111477	2
CP142620.1	111477	111522	1
CP142620.1	111522	111689	0
CP142620.1	111689	111732	1
CP142620.1	111732	111735	2
CP142620.1	111735	111736	1
CP142620.1	111736	111795	2
CP142620.1	111795	111797	1
CP142620.1	111797	111817	2
CP142620.1	111817	111874	3
CP142620.1	111874	111934	4
CP142620.1	111934	111936	3
CP142620.1	111936	112023	2
CP142620.1	112023	112032	3
CP142620.1	112032	112033	2
CP142620.1	112033	112101	1
CP142620.1	112101	112109	2
CP142620.1	112109	112173	1
CP142620.1	112173	112197	2
CP142620.1	112197	112234	1
CP142620.1	112234	112276	2
CP142620.1	112276	112304	3
CP142620.1	112304	112329	4
CP142620.1	112329	112361	5
CP142620.1	112361	112411	4
CP142620.1	112411	112415	3
CP142620.1	112415	112473	2
CP142620.1	112473	112503	1
CP142620.1	112503	112596	0
CP142620.1	112596	112660	1
CP142620.1	112660	112734	2
CP142620.1	112734	112735	1
CP142620.1	112735	112747	2
CP142620.1	112747	112770	1
CP142620.1	112770	112771	0
CP142620.1	112771	112790	1
CP142620.1	112790	112815	0
CP142620.1	112815	112941	1
CP142620.1	112941	112960	2
CP142620.1	112960	112987	3
CP142620.1	112987	113029	2
CP142620.1	113029	113103	3
CP142620.1	113103	113107	2
CP142620.1	113107	113110	1
CP142620.1	113110	113156	2
CP142620.1	113156	113172	1
CP142620.1	113172	113176	0
CP142620.1	113176	113221	1
CP142620.1	113221	113261	2
CP142620.1	113261	113450	1
CP142620.1	113450	113489	2
CP142620.1	113489	113596	1
CP142620.1	113596	113740	0
CP142620.1	113740	113801	1
CP142620.1	113801	113811	2
CP142620.1	113811	113860	3
CP142620.1	113860	113861	0
CP142620.1	113861	113870	3
CP142620.1	113870	113889	4
CP142620.1	113889	113923	3
CP142620.1	113923	113949	2
CP142620.1	113949	113950	1
CP142620.1	113950	113967	2
CP142620.1	113967	114015	1
CP142620.1	114015	114269	2
CP142620.1	114269	114302	3
CP142620.1	114302	114354	4
CP142620.1	114354	114376	3
CP142620.1	114376	114414	1
CP142620.1	114414	114477	0
CP142620.1	114477	114553	1
CP142620.1	114553	114574	2
CP142620.1	114574	114579	1
CP142620.1	114579	114674	2
CP142620.1	114674	114679	3
CP142620.1	114679	114690	2
CP142620.1	114690	114707	3
CP142620.1	114707	114713	2
CP142620.1	114713	114717	3
CP142620.1	114717	114729	4
CP142620.1	114729	114741	5
CP142620.1	114741	114742	4
CP142620.1	114742	114752	5
CP142620.1	114752	114787	4
CP142620.1	114787	114788	3
CP142620.1	114788	114806	2
CP142620.1	114806	114838	1
CP142620.1	114838	114870	0
CP142620.1	114870	114888	1
CP142620.1	114888	114963	2
CP142620.1	114963	115028	1
CP142620.1	115028	115070	2
CP142620.1	115070	115090	3
CP142620.1	115090	115091	2
CP142620.1	115091	115097	3
CP142620.1	115097	115100	2
CP142620.1	115100	115143	3
CP142620.1	115143	115147	2
CP142620.1	115147	115174	3
CP142620.1	115174	115194	4
CP142620.1	115194	115232	5
CP142620.1	115232	115242	4
CP142620.1	115242	115256	3
CP142620.1	115256	115267	2
CP142620.1	115267	115424	1
CP142620.1	115424	115434	2
CP142620.1	115434	115475	1
CP142620.1	115475	115500	2
CP142620.1	115500	115557	1
CP142620.1	115557	115580	2
CP142620.1	115580	115582	1
CP142620.1	115582	115614	2
CP142620.1	115614	115675	1
CP142620.1	115675	115689	2
CP142620.1	115689	115722	1
CP142620.1	115722	115753	2
CP142620.1	115753	115774	1
CP142620.1	115774	115914	0
CP142620.1	115914	115936	1
CP142620.1	115936	115950	2
CP142620.1	115950	115951	1
CP142620.1	115951	116046	2
CP142620.1	116046	116075	1
CP142620.1	116075	116088	2
CP142620.1	116088	116090	1
CP142620.1	116090	116156	2
CP142620.1	116156	116206	1
CP142620.1	116206	116207	0
CP142620.1	116207	116277	1
CP142620.1	116277	116279	2
CP142620.1	116279	116295	3
CP142620.1	116295	116298	2
CP142620.1	116298	116313	3
CP142620.1	116313	116378	2
CP142620.1	116378	116392	1
CP142620.1	116392	116429	2
CP142620.1	116429	116439	3
CP142620.1	116439	116454	2
CP142620.1	116454	116458	3
CP142620.1	116458	116461	2
CP142620.1	116461	116502	3
CP142620.1	116502	116503	2
CP142620.1	116503	116511	3
CP142620.1	116511	116529	2
CP142620.1	116529	116530	3
CP142620.1	116530	116533	4
CP142620.1	116533	116561	5
CP142620.1	116561	116562	4
CP142620.1	116562	116590	5
CP142620.1	116590	116591	6
CP142620.1	116591	116592	5
CP142620.1	116592	116620	6
CP142620.1	116620	116646	5
CP142620.1	116646	116648	4
CP142620.1	116648	116654	3
CP142620.1	116654	116708	2
CP142620.1	116708	116714	3
CP142620.1	116714	116766	4
CP142620.1	116766	116768	3
CP142620.1	116768	116775	4
CP142620.1	116775	116783	3
CP142620.1	116783	116790	2
CP142620.1	116790	116795	1
CP142620.1	116795	116796	2
CP142620.1	116796	116797	1
CP142620.1	116797	116919	2
CP142620.1	116919	116946	1
CP142620.1	116946	117007	2
CP142620.1	117007	117030	3
CP142620.1	117030	117032	0
CP142620.1	117032	117033	1
CP142620.1	117033	117103	2
CP142620.1	117103	117119	1
CP142620.1	117119	117240	0
CP142620.1	117240	117365	1
CP142620.1	117365	117380	2
CP142620.1	117380	117381	1
CP142620.1	117381	117384	2
CP142620.1	117384	117405	3
CP142620.1	117405	117424	4
CP142620.1	117424	117429	3
CP142620.1	117429	117463	4
CP142620.1	117463	117468	5
CP142620.1	117468	117470	4
CP142620.1	117470	117472	3
CP142620.1	117472	117487	4
CP142620.1	117487	117512	3
CP142620.1	117512	117527	2
CP142620.1	117527	117553	3
CP142620.1	117553	117556	2
CP142620.1	117556	117573	1
CP142620.1	117573	117619	2
CP142620.1	117619	117626	3
CP142620.1	117626	117630	2
CP142620.1	117630	117656	3
CP142620.1	117656	117664	2
CP142620.1	117664	117720	3
CP142620.1	117720	117721	2
CP142620.1	117721	117743	3
CP142620.1	117743	117749	1
CP142620.1	117749	117764	3
CP142620.1	117764	117765	2
CP142620.1	117765	117781	3
CP142620.1	117781	117783	2
CP142620.1	117783	117806	3
CP142620.1	117806	117807	2
CP142620.1	117807	117836	4
CP142620.1	117836	117903	3
CP142620.1	117903	117961	2
CP142620.1	117961	117976	3
CP142620.1	117976	118053	4
CP142620.1	118053	118090	3
CP142620.1	118090	118091	2
CP142620.1	118091	118111	3
CP142620.1	118111	118146	2
CP142620.1	118146	118290	1
CP142620.1	118290	118291	0
CP142620.1	118291	118463	1
CP142620.1	118463	118466	2
CP142620.1	118466	118483	1
CP142620.1	118483	118526	2
CP142620.1	118526	118585	3
CP142620.1	118585	118589	2
CP142620.1	118589	118605	3
CP142620.1	118605	118615	2
CP142620.1	118615	118645	1
CP142620.1	118645	118688	0
CP142620.1	118688	118708	1
CP142620.1	118708	118711	0
CP142620.1	118711	118720	1
CP142620.1	118720	118759	2
CP142620.1	118759	118764	1
CP142620.1	118764	118852	2
CP142620.1	118852	118875	1
CP142620.1	118875	118883	2
CP142620.1	118883	118900	3
CP142620.1	118900	118901	2
CP142620.1	118901	118904	3
CP142620.1	118904	118920	4
CP142620.1	118920	118922	2
CP142620.1	118922	118926	4
CP142620.1	118926	118932	3
CP142620.1	118932	118943	4
CP142620.1	118943	118944	3
CP142620.1	118944	118950	4
CP142620.1	118950	118969	3
CP142620.1	118969	118984	2
CP142620.1	118984	119068	3
CP142620.1	119068	119085	2
CP142620.1	119085	119182	1
CP142620.1	119182	119186	0
CP142620.1	119186	119189	1
CP142620.1	119189	119234	2
CP142620.1	119234	119275	1
CP142620.1	119275	119276	0
CP142620.1	119276	119282	1
CP142620.1	119282	119298	2
CP142620.1	119298	119311	3
CP142620.1	119311	119321	2
CP142620.1	119321	119323	1
CP142620.1	119323	119333	2
CP142620.1	119333	119385	3
CP142620.1	119385	119395	2
CP142620.1	119395	119409	1
CP142620.1	119409	119467	2
CP142620.1	119467	119480	1
CP142620.1	119480	119492	0
CP142620.1	119492	119589	1
CP142620.1	119589	119652	2
CP142620.1	119652	119671	1
CP142620.1	119671	120070	0
CP142620.1	120070	120162	1
CP142620.1	120162	120165	0
CP142620.1	120165	120189	1
CP142620.1	120189	120205	2
CP142620.1	120205	120206	1
CP142620.1	120206	120285	2
CP142620.1	120285	120328	1
CP142620.1	120328	120417	0
CP142620.1	120417	120555	1
CP142620.1	120555	120601	2
CP142620.1	120601	120677	1
CP142620.1	120677	120679	0
CP142620.1	120679	120699	1
CP142620.1	120699	120706	2
CP142620.1	120706	120707	1
CP142620.1	120707	120719	2
CP142620.1	120719	120721	3
CP142620.1	120721	120746	4
CP142620.1	120746	120752	3
CP142620.1	120752	120757	4
CP142620.1	120757	120758	3
CP142620.1	120758	120760	2
CP142620.1	120760	120774	4
CP142620.1	120774	120783	3
CP142620.1	120783	120784	2
CP142620.1	120784	120832	3
CP142620.1	120832	120836	2
CP142620.1	120836	120845	3
CP142620.1	120845	120850	2
CP142620.1	120850	120852	0
CP142620.1	120852	120853	1
CP142620.1	120853	120854	2
CP142620.1	120854	120862	3
CP142620.1	120862	120865	2
CP142620.1	120865	120867	1
CP142620.1	120867	120889	2
CP142620.1	120889	120892	3
CP142620.1	120892	120914	4
CP142620.1	120914	120915	1
CP142620.1	120915	120916	4
CP142620.1	120916	120933	3
CP142620.1	120933	120978	2
CP142620.1	120978	120993	1
CP142620.1	120993	121021	2
CP142620.1	121021	121036	3
CP142620.1	121036	121068	2
CP142620.1	121068	121079	1
CP142620.1	121079	121115	0
CP142620.1	121115	121272	1
CP142620.1	121272	121273	0
CP142620.1	121273	121290	1
CP142620.1	121290	121295	0
CP142620.1	121295	121315	1
CP142620.1	121315	121342	2
CP142620.1	121342	121343	1
CP142620.1	121343	121391	2
CP142620.1	121391	121448	3
CP142620.1	121448	121477	2
CP142620.1	121477	121479	3
CP142620.1	121479	121480	2
CP142620.1	121480	121491	3
CP142620.1	121491	121492	2
CP142620.1	121492	121559	3
CP142620.1	121559	121587	2
CP142620.1	121587	121605	1
CP142620.1	121605	121611	2
CP142620.1	121611	121698	3
CP142620.1	121698	121749	4
CP142620.1	121749	121781	5
CP142620.1	121781	121799	6
CP142620.1	121799	121800	2
CP142620.1	121800	121801	5
CP142620.1	121801	121816	6
CP142620.1	121816	121817	4
CP142620.1	121817	121818	3
CP142620.1	121818	121838	5
CP142620.1	121838	121849	4
CP142620.1	121849	121854	3
CP142620.1	121854	121890	2
CP142620.1	121890	121894	1
CP142620.1	121894	121897	2
CP142620.1	121897	121936	3
CP142620.1	121936	121971	2
CP142620.1	121971	121977	1
CP142620.1	121977	122080	0
CP142620.1	122080	122364	1
CP142620.1	122364	122396	2
CP142620.1	122396	122397	1
CP142620.1	122397	122409	2
CP142620.1	122409	122456	1
CP142620.1	122456	122490	2
CP142620.1	122490	122491	1
CP142620.1	122491	122514	2
CP142620.1	122514	122515	1
CP142620.1	122515	122528	2
CP142620.1	122528	122545	1
CP142620.1	122545	122546	0
CP142620.1	122546	122579	1
CP142620.1	122579	122598	0
CP142620.1	122598	122693	1
CP142620.1	122693	122816	0
CP142620.1	122816	122871	1
CP142620.1	122871	122883	0
CP142620.1	122883	122916	1
CP142620.1	122916	122917	0
CP142620.1	122917	122942	1
CP142620.1	122942	122985	0
CP142620.1	122985	123084	1
CP142620.1	123084	123099	0
CP142620.1	123099	123124	1
CP142620.1	123124	123125	0
CP142620.1	123125	123134	1
CP142620.1	123134	123135	0
CP142620.1	123135	123182	1
CP142620.1	123182	123525	0
CP142620.1	123525	123555	1
CP142620.1	123555	123566	2
CP142620.1	123566	123571	3
CP142620.1	123571	123587	4
CP142620.1	123587	123590	3
CP142620.1	123590	123605	4
CP142620.1	123605	123607	3
CP142620.1	123607	123641	4
CP142620.1	123641	123671	3
CP142620.1	123671	123693	2
CP142620.1	123693	123702	3
CP142620.1	123702	123706	2
CP142620.1	123706	123707	1
CP142620.1	123707	123751	2
CP142620.1	123751	123753	1
CP142620.1	123753	123758	2
CP142620.1	123758	123772	3
CP142620.1	123772	123777	4
CP142620.1	123777	123778	3
CP142620.1	123778	123813	4
CP142620.1	123813	123845	3
CP142620.1	123845	123846	1
CP142620.1	123846	123859	3
CP142620.1	123859	123860	2
CP142620.1	123860	123887	3
CP142620.1	123887	123899	4
CP142620.1	123899	123909	3
CP142620.1	123909	123965	2
CP142620.1	123965	123967	1
CP142620.1	123967	123988	2
CP142620.1	123988	124062	1
CP142620.1	124062	124131	0
CP142620.1	124131	124194	1
CP142620.1	124194	124196	0
CP142620.1	124196	124296	1
CP142620.1	124296	124315	2
CP142620.1	124315	124316	3
CP142620.1	124316	124322	4
CP142620.1	124322	124329	3
CP142620.1	124329	124331	2
CP142620.1	124331	124421	3
CP142620.1	124421	124450	4
CP142620.1	124450	124492	3
CP142620.1	124492	124588	2
CP142620.1	124588	124606	3
CP142620.1	124606	124610	4
CP142620.1	124610	124631	3
CP142620.1	124631	124692	2
CP142620.1	124692	124792	1
CP142620.1	124792	124877	2
CP142620.1	124877	124952	1
CP142620.1	124952	124954	0
CP142620.1	124954	125180	1
CP142620.1	125180	125240	0
CP142620.1	125240	125390	1
CP142620.1	125390	125391	0
CP142620.1	125391	125442	1
CP142620.1	125442	125698	0
CP142620.1	125698	125727	1
CP142620.1	125727	125750	2
CP142620.1	125750	125751	1
CP142620.1	125751	125775	2
CP142620.1	125775	125776	1
CP142620.1	125776	125817	2
CP142620.1	125817	125841	3
CP142620.1	125841	125843	2
CP142620.1	125843	125904	3
CP142620.1	125904	125906	2
CP142620.1	125906	125921	3
CP142620.1	125921	125923	2
CP142620.1	125923	125926	1
CP142620.1	125926	125929	0
CP142620.1	125929	125951	1
CP142620.1	125951	125968	2
CP142620.1	125968	125970	1
CP142620.1	125970	125974	0
CP142620.1	125974	125975	1
CP142620.1	125975	125977	2
CP142620.1	125977	125978	1
CP142620.1	125978	126082	2
CP142620.1	126082	126137	1
CP142620.1	126137	126220	0
CP142620.1	126220	126262	1
CP142620.1	126262	126327	0
CP142620.1	126327	126332	1
CP142620.1	126332	126457	2
CP142620.1	126457	126611	1
CP142620.1	126611	126637	2
CP142620.1	126637	126643	1
CP142620.1	126643	126656	2
CP142620.1	126656	126657	1
CP142620.1	126657	126731	2
CP142620.1	126731	126740	1
CP142620.1	126740	126803	2
CP142620.1	126803	126877	3
CP142620.1	126877	126897	2
CP142620.1	126897	126957	3
CP142620.1	126957	127028	2
CP142620.1	127028	127041	1
CP142620.1	127041	127080	0
CP142620.1	127080	127090	1
CP142620.1	127090	127107	2
CP142620.1	127107	127110	1
CP142620.1	127110	127147	2
CP142620.1	127147	127194	1
CP142620.1	127194	127378	0
CP142620.1	127378	127451	1
CP142620.1	127451	127466	0
CP142620.1	127466	127486	1
CP142620.1	127486	127492	0
CP142620.1	127492	127520	1
CP142620.1	127520	127521	0
CP142620.1	127521	127524	1
CP142620.1	127524	127578	2
CP142620.1	127578	127634	1
CP142620.1	127634	127652	0
CP142620.1	127652	127694	1
CP142620.1	127694	127695	0
CP142620.1	127695	127737	1
CP142620.1	127737	127738	0
CP142620.1	127738	127752	1
CP142620.1	127752	127778	2
CP142620.1	127778	127805	3
CP142620.1	127805	127807	2
CP142620.1	127807	127808	1
CP142620.1	127808	127853	2
CP142620.1	127853	127913	1
CP142620.1	127913	127923	2
CP142620.1	127923	128081	1
CP142620.1	128081	128468	0
CP142620.1	128468	128511	1
CP142620.1	128511	128623	2
CP142620.1	128623	128718	3
CP142620.1	128718	128761	2
CP142620.1	128761	128763	1
CP142620.1	128763	128795	2
CP142620.1	128795	128812	3
CP142620.1	128812	128825	2
CP142620.1	128825	128830	3
CP142620.1	128830	128838	2
CP142620.1	128838	128885	3
CP142620.1	128885	128980	2
CP142620.1	128980	128994	3
CP142620.1	128994	128995	2
CP142620.1	128995	129014	3
CP142620.1	129014	129026	2
CP142620.1	129026	129045	1
CP142620.1	129045	129172	0
CP142620.1	129172	129296	1
CP142620.1	129296	129358	2
CP142620.1	129358	129369	3
CP142620.1	129369	129379	4
CP142620.1	129379	129391	3
CP142620.1	129391	129414	2
CP142620.1	129414	129450	3
CP142620.1	129450	129539	2
CP142620.1	129539	129554	1
CP142620.1	129554	129571	2
CP142620.1	129571	129625	1
CP142620.1	129625	129626	0
CP142620.1	129626	129701	1
CP142620.1	129701	129713	0
CP142620.1	129713	129745	1
CP142620.1	129745	129782	2
CP142620.1	129782	129784	1
CP142620.1	129784	129805	2
CP142620.1	129805	129807	1
CP142620.1	129807	129890	2
CP142620.1	129890	129952	1
CP142620.1	129952	130067	2
CP142620.1	130067	130085	1
CP142620.1	130085	130269	0
CP142620.1	130269	130331	1
CP142620.1	130331	130356	0
CP142620.1	130356	130375	1
CP142620.1	130375	130376	2
CP142620.1	130376	130377	1
CP142620.1	130377	130461	2
CP142620.1	130461	130462	0
CP142620.1	130462	130493	2
CP142620.1	130493	130495	1
CP142620.1	130495	130558	2
CP142620.1	130558	130563	1
CP142620.1	130563	130636	2
CP142620.1	130636	130658	3
CP142620.1	130658	130659	2
CP142620.1	130659	130671	3
CP142620.1	130671	130672	2
CP142620.1	130672	130692	3
CP142620.1	130692	130819	2
CP142620.1	130819	130832	1
CP142620.1	130832	130837	2
CP142620.1	130837	130858	1
CP142620.1	130858	130867	2
CP142620.1	130867	130868	0
CP142620.1	130868	130913	2
CP142620.1	130913	130921	3
CP142620.1	130921	130923	2
CP142620.1	130923	130999	1
CP142620.1	130999	131004	0
CP142620.1	131004	131036	1
CP142620.1	131036	131112	2
CP142620.1	131112	131234	1
CP142620.1	131234	131255	2
CP142620.1	131255	131321	1
CP142620.1	131321	131326	0
CP142620.1	131326	131410	1
CP142620.1	131410	131439	2
CP142620.1	131439	131467	3
CP142620.1	131467	131507	2
CP142620.1	131507	131635	1
CP142620.1	131635	131662	0
CP142620.1	131662	131694	1
CP142620.1	131694	131695	0
CP142620.1	131695	131697	1
CP142620.1	131697	131799	2
CP142620.1	131799	131803	0
CP142620.1	131803	131909	1
CP142620.1	131909	131930	2
CP142620.1	131930	131931	1
CP142620.1	131931	131982	2
CP142620.1	131982	132043	1
CP142620.1	132043	132045	0
CP142620.1	132045	132146	1
CP142620.1	132146	132157	2
CP142620.1	132157	132173	1
CP142620.1	132173	132177	0
CP142620.1	132177	132200	1
CP142620.1	132200	132340	0
CP142620.1	132340	132377	1
CP142620.1	132377	132389	2
CP142620.1	132389	132390	1
CP142620.1	132390	132391	2
CP142620.1	132391	132398	1
CP142620.1	132398	132413	2
CP142620.1	132413	132414	1
CP142620.1	132414	132455	2
CP142620.1	132455	132482	3
CP142620.1	132482	132495	2
CP142620.1	132495	132496	1
CP142620.1	132496	132502	2
CP142620.1	132502	132505	1
CP142620.1	132505	132527	2
CP142620.1	132527	132591	1
CP142620.1	132591	132693	0
CP142620.1	132693	132763	1
CP142620.1	132763	132797	2
CP142620.1	132797	132798	1
CP142620.1	132798	132827	2
CP142620.1	132827	132847	1
CP142620.1	132847	132885	2
CP142620.1	132885	132944	1
CP142620.1	132944	132959	2
CP142620.1	132959	132975	3
CP142620.1	132975	133019	2
CP142620.1	133019	133021	1
CP142620.1	133021	133055	2
CP142620.1	133055	133060	3
CP142620.1	133060	133098	2
CP142620.1	133098	133109	1
CP142620.1	133109	133218	2
CP142620.1	133218	133219	1
CP142620.1	133219	133259	2
CP142620.1	133259	133297	0
CP142620.1	133297	133338	1
CP142620.1	133338	133376	2
CP142620.1	133376	133419	1
CP142620.1	133419	133467	0
CP142620.1	133467	133494	1
CP142620.1	133494	133585	2
CP142620.1	133585	133593	3
CP142620.1	133593	133618	4
CP142620.1	133618	133623	3
CP142620.1	133623	133639	2
CP142620.1	133639	133703	3
CP142620.1	133703	133712	2
CP142620.1	133712	133728	1
CP142620.1	133728	133729	0
CP142620.1	133729	133846	1
CP142620.1	133846	134022	0
CP142620.1	134022	134034	1
CP142620.1	134034	134179	2
CP142620.1	134179	134247	1
CP142620.1	134247	134289	0
CP142620.1	134289	134371	1
CP142620.1	134371	134451	0
CP142620.1	134451	134499	1
CP142620.1	134499	134621	0
CP142620.1	134621	134622	1
CP142620.1	134622	134644	2
CP142620.1	134644	134733	3
CP142620.1	134733	134735	4
CP142620.1	134735	134738	2
CP142620.1	134738	134739	3
CP142620.1	134739	134750	4
CP142620.1	134750	134762	3
CP142620.1	134762	134765	2
CP142620.1	134765	134795	3
CP142620.1	134795	134808	2
CP142620.1	134808	134838	3
CP142620.1	134838	134844	2
CP142620.1	134844	134927	1
CP142620.1	134927	135038	0
CP142620.1	135038	135059	1
CP142620.1	135059	135092	2
CP142620.1	135092	135093	3
CP142620.1	135093	135149	4
CP142620.1	135149	135150	5
CP142620.1	135150	135168	4
CP142620.1	135168	135217	3
CP142620.1	135217	135222	2
CP142620.1	135222	135225	3
CP142620.1	135225	135244	4
CP142620.1	135244	135252	5
CP142620.1	135252	135253	4
CP142620.1	135253	135291	5
CP142620.1	135291	135310	4
CP142620.1	135310	135311	3
CP142620.1	135311	135323	4
CP142620.1	135323	135324	3
CP142620.1	135324	135326	2
CP142620.1	135326	135327	3
CP142620.1	135327	135332	4
CP142620.1	135332	135360	3
CP142620.1	135360	135414	2
CP142620.1	135414	135492	1
CP142620.1	135492	135607	0
CP142620.1	135607	135608	1
CP142620.1	135608	135672	2
CP142620.1	135672	135690	1
CP142620.1	135690	135806	2
CP142620.1	135806	135904	1
CP142620.1	135904	135970	2
CP142620.1	135970	135982	1
CP142620.1	135982	135983	0
CP142620.1	135983	136000	1
CP142620.1	136000	136026	0
CP142620.1	136026	136064	1
CP142620.1	136064	136096	2
CP142620.1	136096	136305	1
CP142620.1	136305	136460	0
CP142620.1	136460	136496	1
CP142620.1	136496	136519	2
CP142620.1	136519	136523	1
CP142620.1	136523	136586	2
CP142620.1	136586	136604	3
CP142620.1	136604	136633	2
CP142620.1	136633	136671	3
CP142620.1	136671	136727	2
CP142620.1	136727	136749	3
CP142620.1	136749	136780	2
CP142620.1	136780	136794	1
CP142620.1	136794	136835	2
CP142620.1	136835	136950	1
CP142620.1	136950	137005	0
CP142620.1	137005	137086	1
CP142620.1	137086	137144	2
CP142620.1	137144	137234	3
CP142620.1	137234	137268	2
CP142620.1	137268	137272	1
CP142620.1	137272	137321	2
CP142620.1	137321	137382	1
CP142620.1	137382	137431	2
CP142620.1	137431	137474	1
CP142620.1	137474	137676	0
CP142620.1	137676	137706	1
CP142620.1	137706	137747	2
CP142620.1	137747	137781	3
CP142620.1	137781	137785	2
CP142620.1	137785	137829	3
CP142620.1	137829	137862	2
CP142620.1	137862	137868	3
CP142620.1	137868	137912	2
CP142620.1	137912	137913	1
CP142620.1	137913	137918	2
CP142620.1	137918	137921	3
CP142620.1	137921	137961	4
CP142620.1	137961	137962	3
CP142620.1	137962	137983	4
CP142620.1	137983	138003	3
CP142620.1	138003	138059	2
CP142620.1	138059	138072	1
CP142620.1	138072	138081	2
CP142620.1	138081	138121	1
CP142620.1	138121	138122	0
CP142620.1	138122	138173	1
CP142620.1	138173	138189	2
CP142620.1	138189	138204	1
CP142620.1	138204	138236	2
CP142620.1	138236	138285	1
CP142620.1	138285	138286	0
CP142620.1	138286	138319	1
CP142620.1	138319	138350	2
CP142620.1	138350	138354	3
CP142620.1	138354	138383	2
CP142620.1	138383	138464	1
CP142620.1	138464	138785	0
CP142620.1	138785	138825	1
CP142620.1	138825	138828	0
CP142620.1	138828	138850	1
CP142620.1	138850	138979	0
CP142620.1	138979	138994	1
CP142620.1	138994	139006	2
CP142620.1	139006	139020	3
CP142620.1	139020	139021	2
CP142620.1	139021	139027	3
CP142620.1	139027	139052	4
CP142620.1	139052	139058	5
CP142620.1	139058	139090	4
CP142620.1	139090	139146	3
CP142620.1	139146	139183	2
CP142620.1	139183	139211	1
CP142620.1	139211	139230	2
CP142620.1	139230	139294	1
CP142620.1	139294	139306	0
CP142620.1	139306	139372	1
CP142620.1	139372	139374	0
CP142620.1	139374	139437	2
CP142620.1	139437	139438	1
CP142620.1	139438	139463	2
CP142620.1	139463	139474	1
CP142620.1	139474	139498	2
CP142620.1	139498	139500	0
CP142620.1	139500	139602	2
CP142620.1	139602	139633	1
CP142620.1	139633	139703	2
CP142620.1	139703	139774	3
CP142620.1	139774	139794	2
CP142620.1	139794	139800	1
CP142620.1	139800	139835	2
CP142620.1	139835	139842	3
CP142620.1	139842	139857	2
CP142620.1	139857	139858	1
CP142620.1	139858	139903	2
CP142620.1	139903	139921	1
CP142620.1	139921	139968	2
CP142620.1	139968	139970	1
CP142620.1	139970	139994	2
CP142620.1	139994	140006	1
CP142620.1	140006	140007	0
CP142620.1	140007	140008	1
CP142620.1	140008	140021	2
CP142620.1	140021	140037	1
CP142620.1	140037	140070	2
CP142620.1	140070	140094	3
CP142620.1	140094	140098	2
CP142620.1	140098	140117	1
CP142620.1	140117	140124	2
CP142620.1	140124	140135	3
CP142620.1	140135	140138	2
CP142620.1	140138	140191	3
CP142620.1	140191	140192	0
CP142620.1	140192	140204	2
CP142620.1	140204	140285	1
CP142620.1	140285	140520	0
CP142620.1	140520	140532	1
CP142620.1	140532	140633	2
CP142620.1	140633	140657	1
CP142620.1	140657	140676	2
CP142620.1	140676	140709	3
CP142620.1	140709	140718	2
CP142620.1	140718	140719	1
CP142620.1	140719	140786	2
CP142620.1	140786	140825	1
CP142620.1	140825	140869	2
CP142620.1	140869	140946	1
CP142620.1	140946	140964	0
CP142620.1	140964	141031	1
CP142620.1	141031	141032	0
CP142620.1	141032	141064	1
CP142620.1	141064	141183	0
CP142620.1	141183	141309	1
CP142620.1	141309	141338	0
CP142620.1	141338	141425	1
CP142620.1	141425	141427	0
CP142620.1	141427	141482	1
CP142620.1	141482	141529	0
CP142620.1	141529	141548	1
CP142620.1	141548	141549	0
CP142620.1	141549	141673	1
CP142620.1	141673	141682	0
CP142620.1	141682	141750	1
CP142620.1	141750	141775	2
CP142620.1	141775	141793	3
CP142620.1	141793	141794	2
CP142620.1	141794	141840	3
CP142620.1	141840	141851	2
CP142620.1	141851	141862	1
CP142620.1	141862	141904	0
CP142620.1	141904	141947	1
CP142620.1	141947	141956	0
CP142620.1	141956	142029	1
CP142620.1	142029	142113	0
CP142620.1	142113	142119	1
CP142620.1	142119	142164	2
CP142620.1	142164	142203	1
CP142620.1	142203	142210	0
CP142620.1	142210	142267	1
CP142620.1	142267	142271	0
CP142620.1	142271	142281	1
CP142620.1	142281	142282	0
CP142620.1	142282	142358	1
CP142620.1	142358	142383	2
CP142620.1	142383	142461	3
CP142620.1	142461	142465	2
CP142620.1	142465	142483	3
CP142620.1	142483	142500	2
CP142620.1	142500	142530	3
CP142620.1	142530	142560	4
CP142620.1	142560	142561	3
CP142620.1	142561	142608	4
CP142620.1	142608	142614	3
CP142620.1	142614	142628	2
CP142620.1	142628	142660	3
CP142620.1	142660	142673	2
CP142620.1	142673	142687	3
CP142620.1	142687	142695	2
CP142620.1	142695	142701	3
CP142620.1	142701	142713	2
CP142620.1	142713	142749	3
CP142620.1	142749	142763	2
CP142620.1	142763	142766	1
CP142620.1	142766	142793	2
CP142620.1	142793	142801	1
CP142620.1	142801	142827	2
CP142620.1	142827	142830	3
CP142620.1	142830	142832	2
CP142620.1	142832	142879	1
CP142620.1	142879	142886	2
CP142620.1	142886	142891	3
CP142620.1	142891	142892	2
CP142620.1	142892	142903	3
CP142620.1	142903	142983	2
CP142620.1	142983	143021	3
CP142620.1	143021	143037	2
CP142620.1	143037	143050	1
CP142620.1	143050	143072	0
CP142620.1	143072	143135	1
CP142620.1	143135	143661	0
CP142620.1	143661	143697	1
CP142620.1	143697	143733	2
CP142620.1	143733	143768	3
CP142620.1	143768	143771	1
CP142620.1	143771	143866	2
CP142620.1	143866	143916	1
CP142620.1	143916	143917	0
CP142620.1	143917	143952	1
CP142620.1	143952	144196	0
CP142620.1	144196	144224	1
CP142620.1	144224	144233	2
CP142620.1	144233	144236	0
CP142620.1	144236	144237	1
CP142620.1	144237	144278	2
CP142620.1	144278	144282	1
CP142620.1	144282	144285	0
CP142620.1	144285	144308	1
CP142620.1	144308	144315	2
CP142620.1	144315	144378	1
CP142620.1	144378	144427	2
CP142620.1	144427	144432	1
CP142620.1	144432	144454	2
CP142620.1	144454	144462	3
CP142620.1	144462	144465	2
CP142620.1	144465	144466	3
CP142620.1	144466	144469	2
CP142620.1	144469	144487	3
CP142620.1	144487	144488	2
CP142620.1	144488	144498	3
CP142620.1	144498	144499	2
CP142620.1	144499	144513	3
CP142620.1	144513	144526	2
CP142620.1	144526	144608	1
CP142620.1	144608	144733	0
CP142620.1	144733	144741	1
CP142620.1	144741	144887	2
CP142620.1	144887	144890	1
CP142620.1	144890	144908	2
CP142620.1	144908	144988	1
CP142620.1	144988	144994	2
CP142620.1	144994	145116	1
CP142620.1	145116	145257	2
CP142620.1	145257	145258	1
CP142620.1	145258	145259	2
CP142620.1	145259	145273	1
CP142620.1	145273	145306	0
CP142620.1	145306	145344	1
CP142620.1	145344	145360	0
CP142620.1	145360	145444	1
CP142620.1	145444	145500	0
CP142620.1	145500	145526	1
CP142620.1	145526	145552	2
CP142620.1	145552	145577	3
CP142620.1	145577	145592	2
CP142620.1	145592	145593	1
CP142620.1	145593	145627	2
CP142620.1	145627	145654	1
CP142620.1	145654	145708	2
CP142620.1	145708	145713	3
CP142620.1	145713	145764	4
CP142620.1	145764	145796	3
CP142620.1	145796	145809	4
CP142620.1	145809	145873	3
CP142620.1	145873	145888	2
CP142620.1	145888	145903	1
CP142620.1	145903	145906	0
CP142620.1	145906	145968	1
CP142620.1	145968	146318	0
CP142620.1	146318	146366	1
CP142620.1	146366	146405	2
CP142620.1	146405	146428	1
CP142620.1	146428	146509	2
CP142620.1	146509	146667	1
CP142620.1	146667	146813	2
CP142620.1	146813	146892	1
CP142620.1	146892	146894	0
CP142620.1	146894	146927	1
CP142620.1	146927	146974	2
CP142620.1	146974	147001	1
CP142620.1	147001	147648	0
CP142620.1	147648	147709	1
CP142620.1	147709	147719	0
CP142620.1	147719	147732	1
CP142620.1	147732	147734	0
CP142620.1	147734	147744	1
CP142620.1	147744	147757	2
CP142620.1	147757	147779	3
CP142620.1	147779	147789	4
CP142620.1	147789	147791	3
CP142620.1	147791	147804	4
CP142620.1	147804	147815	3
CP142620.1	147815	147850	2
CP142620.1	147850	147852	1
CP142620.1	147852	147857	2
CP142620.1	147857	147881	1
CP142620.1	147881	148125	0
CP142620.1	148125	148175	1
CP142620.1	148175	148203	2
CP142620.1	148203	148209	1
CP142620.1	148209	148312	2
CP142620.1	148312	148484	1
CP142620.1	148484	148560	2
CP142620.1	148560	148786	1
CP142620.1	148786	149318	0
CP142620.1	149318	149341	1
CP142620.1	149341	149347	2
CP142620.1	149347	149438	3
CP142620.1	149438	149443	2
CP142620.1	149443	149514	1
CP142620.1	149514	149545	0
CP142620.1	149545	149740	1
CP142620.1	149740	149743	2
CP142620.1	149743	149744	1
CP142620.1	149744	149790	2
CP142620.1	149790	149818	1
CP142620.1	149818	149954	0
CP142620.1	149954	150076	1
CP142620.1	150076	150276	0
CP142620.1	150276	150291	1
CP142620.1	150291	150351	2
CP142620.1	150351	150352	1
CP142620.1	150352	150354	2
CP142620.1	150354	150361	3
CP142620.1	150361	150409	4
CP142620.1	150409	150411	3
CP142620.1	150411	150463	2
CP142620.1	150463	150464	1
CP142620.1	150464	150473	2
CP142620.1	150473	150474	1
CP142620.1	150474	150478	2
CP142620.1	150478	150582	1
CP142620.1	150582	150655	2
CP142620.1	150655	150656	1
CP142620.1	150656	150658	0
CP142620.1	150658	150701	2
CP142620.1	150701	150705	3
CP142620.1	150705	150762	4
CP142620.1	150762	150800	3
CP142620.1	150800	150823	2
CP142620.1	150823	150824	0
CP142620.1	150824	150844	1
CP142620.1	150844	150845	0
CP142620.1	150845	150856	1
CP142620.1	150856	150858	0
CP142620.1	150858	150870	1
CP142620.1	150870	150924	2
CP142620.1	150924	150925	1
CP142620.1	150925	150944	2
CP142620.1	150944	151032	1
CP142620.1	151032	151036	0
CP142620.1	151036	151067	1
CP142620.1	151067	151160	0
CP142620.1	151160	151173	1
CP142620.1	151173	151189	2
CP142620.1	151189	151202	3
CP142620.1	151202	151203	2
CP142620.1	151203	151237	3
CP142620.1	151237	151252	4
CP142620.1	151252	151253	3
CP142620.1	151253	151288	4
CP142620.1	151288	151320	3
CP142620.1	151320	151399	2
CP142620.1	151399	151450	1
CP142620.1	151450	151483	2
CP142620.1	151483	151511	3
CP142620.1	151511	151531	2
CP142620.1	151531	151587	1
CP142620.1	151587	151607	0
CP142620.1	151607	151617	1
CP142620.1	151617	151626	2
CP142620.1	151626	151628	1
CP142620.1	151628	151655	2
CP142620.1	151655	151657	1
CP142620.1	151657	151666	2
CP142620.1	151666	151669	1
CP142620.1	151669	151675	2
CP142620.1	151675	151676	1
CP142620.1	151676	151711	2
CP142620.1	151711	151712	1
CP142620.1	151712	151739	2
CP142620.1	151739	151762	1
CP142620.1	151762	151782	2
CP142620.1	151782	151861	3
CP142620.1	151861	151895	2
CP142620.1	151895	151914	1
CP142620.1	151914	152039	0
CP142620.1	152039	152086	1
CP142620.1	152086	152087	0
CP142620.1	152087	152105	1
CP142620.1	152105	152131	2
CP142620.1	152131	152143	3
CP142620.1	152143	152144	2
CP142620.1	152144	152151	3
CP142620.1	152151	152163	2
CP142620.1	152163	152197	1
CP142620.1	152197	152210	0
CP142620.1	152210	152212	1
CP142620.1	152212	152242	2
CP142620.1	152242	152292	3
CP142620.1	152292	152295	2
CP142620.1	152295	152309	3
CP142620.1	152309	152319	4
CP142620.1	152319	152345	3
CP142620.1	152345	152350	4
CP142620.1	152350	152363	3
CP142620.1	152363	152436	2
CP142620.1	152436	152447	3
CP142620.1	152447	152448	2
CP142620.1	152448	152459	3
CP142620.1	152459	152460	2
CP142620.1	152460	152499	3
CP142620.1	152499	152520	2
CP142620.1	152520	152531	1
CP142620.1	152531	152625	0
CP142620.1	152625	152641	1
CP142620.1	152641	152692	2
CP142620.1	152692	152699	1
CP142620.1	152699	152751	2
CP142620.1	152751	152753	1
CP142620.1	152753	152946	0
CP142620.1	152946	152999	1
CP142620.1	152999	153033	2
CP142620.1	153033	153041	1
CP142620.1	153041	153064	2
CP142620.1	153064	153196	1
CP142620.1	153196	153197	0
CP142620.1	153197	153218	1
CP142620.1	153218	153220	0
CP142620.1	153220	153235	2
CP142620.1	153235	153237	1
CP142620.1	153237	153239	2
CP142620.1	153239	153251	3
CP142620.1	153251	153254	1
CP142620.1	153254	153289	3
CP142620.1	153289	153293	2
CP142620.1	153293	153331	3
CP142620.1	153331	153335	4
CP142620.1	153335	153336	3
CP142620.1	153336	153347	4
CP142620.1	153347	153357	5
CP142620.1	153357	153368	4
CP142620.1	153368	153369	2
CP142620.1	153369	153370	4
CP142620.1	153370	153373	3
CP142620.1	153373	153413	4
CP142620.1	153413	153414	3
CP142620.1	153414	153418	2
CP142620.1	153418	153420	1
CP142620.1	153420	153447	3
CP142620.1	153447	153448	2
CP142620.1	153448	153495	3
CP142620.1	153495	153496	2
CP142620.1	153496	153497	3
CP142620.1	153497	153498	2
CP142620.1	153498	153514	3
CP142620.1	153514	153523	2
CP142620.1	153523	153587	1
CP142620.1	153587	153978	0
CP142620.1	153978	153981	1
CP142620.1	153981	154010	2
CP142620.1	154010	154011	1
CP142620.1	154011	154053	2
CP142620.1	154053	154076	1
CP142620.1	154076	154189	2
CP142620.1	154189	154226	1
CP142620.1	154226	154249	2
CP142620.1	154249	154308	1
CP142620.1	154308	154367	0
CP142620.1	154367	154372	1
CP142620.1	154372	154469	2
CP142620.1	154469	154470	1
CP142620.1	154470	154476	2
CP142620.1	154476	154556	1
CP142620.1	154556	154801	0
CP142620.1	154801	154879	1
CP142620.1	154879	154908	0
CP142620.1	154908	154943	1
CP142620.1	154943	155084	2
CP142620.1	155084	155092	3
CP142620.1	155092	155119	2
CP142620.1	155119	155260	1
CP142620.1	155260	155263	0
CP142620.1	155263	155394	1
CP142620.1	155394	155434	0
CP142620.1	155434	155462	1
CP142620.1	155462	155529	2
CP142620.1	155529	155610	3
CP142620.1	155610	155651	2
CP142620.1	155651	155701	1
CP142620.1	155701	155710	2
CP142620.1	155710	155711	0
CP142620.1	155711	155731	2
CP142620.1	155731	155732	1
CP142620.1	155732	155733	2
CP142620.1	155733	155742	3
CP142620.1	155742	155767	2
CP142620.1	155767	155809	3
CP142620.1	155809	155810	2
CP142620.1	155810	155830	3
CP142620.1	155830	155831	2
CP142620.1	155831	155879	3
CP142620.1	155879	155894	2
CP142620.1	155894	156068	1
CP142620.1	156068	156109	0
CP142620.1	156109	156121	1
CP142620.1	156121	156135	2
CP142620.1	156135	156138	1
CP142620.1	156138	156173	2
CP142620.1	156173	156192	3
CP142620.1	156192	156328	2
CP142620.1	156328	156329	1
CP142620.1	156329	156356	2
CP142620.1	156356	156382	3
CP142620.1	156382	156383	2
CP142620.1	156383	156440	3
CP142620.1	156440	156443	4
CP142620.1	156443	156444	3
CP142620.1	156444	156485	4
CP142620.1	156485	156486	3
CP142620.1	156486	156492	2
CP142620.1	156492	156503	3
CP142620.1	156503	156505	2
CP142620.1	156505	156506	3
CP142620.1	156506	156514	4
CP142620.1	156514	156566	3
CP142620.1	156566	156568	2
CP142620.1	156568	156571	1
CP142620.1	156571	157220	0
CP142620.1	157220	157352	1
CP142620.1	157352	157460	0
CP142620.1	157460	157469	1
CP142620.1	157469	157528	2
CP142620.1	157528	157541	1
CP142620.1	157541	157598	2
CP142620.1	157598	157612	3
CP142620.1	157612	157636	4
CP142620.1	157636	157678	5
CP142620.1	157678	157685	4
CP142620.1	157685	157703	3
CP142620.1	157703	157753	2
CP142620.1	157753	157771	1
CP142620.1	157771	157822	0
CP142620.1	157822	157832	1
CP142620.1	157832	157833	0
CP142620.1	157833	157882	1
CP142620.1	157882	157941	0
CP142620.1	157941	157955	1
CP142620.1	157955	157979	2
CP142620.1	157979	157980	1
CP142620.1	157980	158020	2
CP142620.1	158020	158036	1
CP142620.1	158036	158067	0
CP142620.1	158067	158128	1
CP142620.1	158128	158162	0
CP142620.1	158162	158236	1
CP142620.1	158236	158237	2
CP142620.1	158237	158255	1
CP142620.1	158255	158276	2
CP142620.1	158276	158278	1
CP142620.1	158278	158370	2
CP142620.1	158370	158371	1
CP142620.1	158371	158400	2
CP142620.1	158400	158422	1
CP142620.1	158422	158457	0
CP142620.1	158457	158581	1
CP142620.1	158581	158582	0
CP142620.1	158582	158619	1
CP142620.1	158619	158620	0
CP142620.1	158620	158636	1
CP142620.1	158636	158639	0
CP142620.1	158639	158686	1
CP142620.1	158686	158737	0
CP142620.1	158737	158770	1
CP142620.1	158770	158925	2
CP142620.1	158925	158956	1
CP142620.1	158956	159053	0
CP142620.1	159053	159089	1
CP142620.1	159089	159146	0
CP142620.1	159146	159159	1
CP142620.1	159159	159225	2
CP142620.1	159225	159241	1
CP142620.1	159241	159592	0
CP142620.1	159592	159606	1
CP142620.1	159606	159607	0
CP142620.1	159607	159655	1
CP142620.1	159655	159656	0
CP142620.1	159656	159739	1
CP142620.1	159739	159836	0
CP142620.1	159836	159866	1
CP142620.1	159866	159869	0
CP142620.1	159869	159915	1
CP142620.1	159915	159917	0
CP142620.1	159917	159935	1
CP142620.1	159935	160183	0
CP142620.1	160183	160246	1
CP142620.1	160246	160249	0
CP142620.1	160249	160342	1
CP142620.1	160342	160464	0
CP142620.1	160464	160569	1
CP142620.1	160569	160577	2
CP142620.1	160577	160731	1
CP142620.1	160731	160766	2
CP142620.1	160766	160790	3
CP142620.1	160790	160791	2
CP142620.1	160791	160814	3
CP142620.1	160814	160837	4
CP142620.1	160837	160856	3
CP142620.1	160856	160866	2
CP142620.1	160866	160868	1
CP142620.1	160868	160928	2
CP142620.1	160928	160929	1
CP142620.1	160929	160989	2
CP142620.1	160989	161054	1
CP142620.1	161054	161071	2
CP142620.1	161071	161125	1
CP142620.1	161125	161174	2
CP142620.1	161174	161197	3
CP142620.1	161197	161284	2
CP142620.1	161284	161300	1
CP142620.1	161300	161339	0
CP142620.1	161339	161397	1
CP142620.1	161397	161419	0
CP142620.1	161419	161490	1
CP142620.1	161490	161582	2
CP142620.1	161582	161649	1
CP142620.1	161649	161720	2
CP142620.1	161720	161813	1
CP142620.1	161813	161825	2
CP142620.1	161825	161877	1
CP142620.1	161877	161878	0
CP142620.1	161878	161890	1
CP142620.1	161890	161896	2
CP142620.1	161896	161897	1
CP142620.1	161897	161907	2
CP142620.1	161907	161909	1
CP142620.1	161909	161910	2
CP142620.1	161910	161913	3
CP142620.1	161913	161974	2
CP142620.1	161974	161981	1
CP142620.1	161981	161982	0
CP142620.1	161982	162005	1
CP142620.1	162005	162006	2
CP142620.1	162006	162025	3
CP142620.1	162025	162028	2
CP142620.1	162028	162126	3
CP142620.1	162126	162132	2
CP142620.1	162132	162181	3
CP142620.1	162181	162199	1
CP142620.1	162199	162212	0
CP142620.1	162212	162262	1
CP142620.1	162262	162356	2
CP142620.1	162356	162358	3
CP142620.1	162358	162359	2
CP142620.1	162359	162360	3
CP142620.1	162360	162363	2
CP142620.1	162363	162380	3
CP142620.1	162380	162396	2
CP142620.1	162396	162398	1
CP142620.1	162398	162406	2
CP142620.1	162406	162408	1
CP142620.1	162408	162421	2
CP142620.1	162421	162467	1
CP142620.1	162467	162468	0
CP142620.1	162468	162478	1
CP142620.1	162478	162479	0
CP142620.1	162479	162480	1
CP142620.1	162480	162561	2
CP142620.1	162561	162565	1
CP142620.1	162565	162567	2
CP142620.1	162567	162577	3
CP142620.1	162577	162584	2
CP142620.1	162584	162638	3
CP142620.1	162638	162642	2
CP142620.1	162642	162658	3
CP142620.1	162658	162685	2
CP142620.1	162685	162693	1
CP142620.1	162693	162777	0
CP142620.1	162777	162783	1
CP142620.1	162783	162873	2
CP142620.1	162873	162920	1
CP142620.1	162920	162946	0
CP142620.1	162946	163044	1
CP142620.1	163044	163231	0
CP142620.1	163231	163300	1
CP142620.1	163300	163327	0
CP142620.1	163327	163388	1
CP142620.1	163388	163396	2
CP142620.1	163396	163439	1
CP142620.1	163439	163500	2
CP142620.1	163500	163597	1
CP142620.1	163597	163612	2
CP142620.1	163612	163670	1
CP142620.1	163670	163679	0
CP142620.1	163679	163703	1
CP142620.1	163703	163799	2
CP142620.1	163799	163807	3
CP142620.1	163807	163808	2
CP142620.1	163808	163857	3
CP142620.1	163857	163859	2
CP142620.1	163859	163895	1
CP142620.1	163895	163920	2
CP142620.1	163920	163951	1
CP142620.1	163951	163959	2
CP142620.1	163959	164089	1
CP142620.1	164089	164092	0
CP142620.1	164092	164113	1
CP142620.1	164113	164241	2
CP142620.1	164241	164275	1
CP142620.1	164275	164401	0
CP142620.1	164401	164403	1
CP142620.1	164403	164466	2
CP142620.1	164466	164513	1
CP142620.1	164513	164641	0
CP142620.1	164641	164761	1
CP142620.1	164761	164763	0
CP142620.1	164763	164843	1
CP142620.1	164843	164893	2
CP142620.1	164893	164898	3
CP142620.1	164898	164920	2
CP142620.1	164920	164954	1
CP142620.1	164954	165038	2
CP142620.1	165038	165046	3
CP142620.1	165046	165082	4
CP142620.1	165082	165127	3
CP142620.1	165127	165128	2
CP142620.1	165128	165151	3
CP142620.1	165151	165156	4
CP142620.1	165156	165201	3
CP142620.1	165201	165234	4
CP142620.1	165234	165253	3
CP142620.1	165253	165254	2
CP142620.1	165254	165336	3
CP142620.1	165336	165337	2
CP142620.1	165337	165338	1
CP142620.1	165338	165401	2
CP142620.1	165401	165445	3
CP142620.1	165445	165495	1
CP142620.1	165495	165498	0
CP142620.1	165498	165564	1
CP142620.1	165564	165566	2
CP142620.1	165566	165567	1
CP142620.1	165567	165604	3
CP142620.1	165604	165605	2
CP142620.1	165605	165669	3
CP142620.1	165669	165704	2
CP142620.1	165704	165756	1
CP142620.1	165756	165763	2
CP142620.1	165763	165795	1
CP142620.1	165795	165894	2
CP142620.1	165894	165899	3
CP142620.1	165899	165929	4
CP142620.1	165929	165958	3
CP142620.1	165958	165987	2
CP142620.1	165987	166005	1
CP142620.1	166005	166019	2
CP142620.1	166019	166073	3
CP142620.1	166073	166127	2
CP142620.1	166127	166163	1
CP142620.1	166163	166225	0
CP142620.1	166225	166258	1
CP142620.1	166258	166334	2
CP142620.1	166334	166340	3
CP142620.1	166340	166374	2
CP142620.1	166374	166401	1
CP142620.1	166401	166402	0
CP142620.1	166402	166485	1
CP142620.1	166485	166487	0
CP142620.1	166487	166514	1
CP142620.1	166514	166695	2
CP142620.1	166695	166697	1
CP142620.1	166697	166706	2
CP142620.1	166706	166735	3
CP142620.1	166735	166788	2
CP142620.1	166788	166839	1
CP142620.1	166839	166843	2
CP142620.1	166843	166849	1
CP142620.1	166849	166890	2
CP142620.1	166890	166939	3
CP142620.1	166939	166940	2
CP142620.1	166940	166941	1
CP142620.1	166941	166942	2
CP142620.1	166942	166947	3
CP142620.1	166947	166967	2
CP142620.1	166967	166993	3
CP142620.1	166993	167051	2
CP142620.1	167051	167111	3
CP142620.1	167111	167123	2
CP142620.1	167123	167187	3
CP142620.1	167187	167190	1
CP142620.1	167190	167214	2
CP142620.1	167214	167229	1
CP142620.1	167229	167236	3
CP142620.1	167236	167237	2
CP142620.1	167237	167254	3
CP142620.1	167254	167319	2
CP142620.1	167319	167333	1
CP142620.1	167333	167356	2
CP142620.1	167356	167376	1
CP142620.1	167376	167378	0
CP142620.1	167378	167381	1
CP142620.1	167381	167396	2
CP142620.1	167396	167442	3
CP142620.1	167442	167443	2
CP142620.1	167443	167458	3
CP142620.1	167458	167485	4
CP142620.1	167485	167489	3
CP142620.1	167489	167495	2
CP142620.1	167495	167499	1
CP142620.1	167499	167524	2
CP142620.1	167524	167527	1
CP142620.1	167527	167581	2
CP142620.1	167581	167582	1
CP142620.1	167582	167583	0
CP142620.1	167583	167608	1
CP142620.1	167608	167631	2
CP142620.1	167631	167729	1
CP142620.1	167729	167818	0
CP142620.1	167818	167826	1
CP142620.1	167826	167939	2
CP142620.1	167939	167954	3
CP142620.1	167954	167968	2
CP142620.1	167968	167971	1
CP142620.1	167971	168009	2
CP142620.1	168009	168152	1
CP142620.1	168152	168277	0
CP142620.1	168277	168305	1
CP142620.1	168305	168326	2
CP142620.1	168326	168341	1
CP142620.1	168341	168352	2
CP142620.1	168352	168385	3
CP142620.1	168385	168401	4
CP142620.1	168401	168411	3
CP142620.1	168411	168429	2
CP142620.1	168429	168432	1
CP142620.1	168432	168465	2
CP142620.1	168465	168528	1
CP142620.1	168528	168724	2
CP142620.1	168724	168744	1
CP142620.1	168744	168808	0
CP142620.1	168808	168872	1
CP142620.1	168872	169000	0
CP142620.1	169000	169067	1
CP142620.1	169067	169144	2
CP142620.1	169144	169163	1
CP142620.1	169163	169246	0
CP142620.1	169246	169375	1
CP142620.1	169375	169417	2
CP142620.1	169417	169436	3
CP142620.1	169436	169461	2
CP142620.1	169461	169523	1
CP142620.1	169523	169527	0
CP142620.1	169527	169535	1
CP142620.1	169535	169592	2
CP142620.1	169592	169645	1
CP142620.1	169645	169843	0
CP142620.1	169843	169947	1
CP142620.1	169947	169959	0
CP142620.1	169959	170110	1
CP142620.1	170110	170220	0
CP142620.1	170220	170302	1
CP142620.1	170302	170355	2
CP142620.1	170355	170387	1
CP142620.1	170387	170687	0
CP142620.1	170687	170758	1
CP142620.1	170758	170819	0
CP142620.1	170819	170900	1
CP142620.1	170900	170901	0
CP142620.1	170901	170934	1
CP142620.1	170934	170944	0
CP142620.1	170944	171026	1
CP142620.1	171026	171039	0
CP142620.1	171039	171170	1
CP142620.1	171170	171171	0
CP142620.1	171171	171204	1
CP142620.1	171204	171347	0
CP142620.1	171347	171422	1
CP142620.1	171422	171424	0
CP142620.1	171424	171474	1
CP142620.1	171474	171480	2
CP142620.1	171480	171487	1
CP142620.1	171487	171568	2
CP142620.1	171568	171676	3
CP142620.1	171676	171727	2
CP142620.1	171727	171753	1
CP142620.1	171753	171756	2
CP142620.1	171756	171757	1
CP142620.1	171757	171862	2
CP142620.1	171862	172045	1
CP142620.1	172045	172121	2
CP142620.1	172121	172125	1
CP142620.1	172125	172129	2
CP142620.1	172129	172147	1
CP142620.1	172147	172150	0
CP142620.1	172150	172211	1
CP142620.1	172211	172249	2
CP142620.1	172249	172288	3
CP142620.1	172288	172315	2
CP142620.1	172315	172317	1
CP142620.1	172317	172343	0
CP142620.1	172343	172344	1
CP142620.1	172344	172406	2
CP142620.1	172406	172414	0
CP142620.1	172414	172424	2
CP142620.1	172424	172428	1
CP142620.1	172428	172433	2
CP142620.1	172433	172439	1
CP142620.1	172439	172440	0
CP142620.1	172440	172441	1
CP142620.1	172441	172461	2
CP142620.1	172461	172474	3
CP142620.1	172474	172477	2
CP142620.1	172477	172496	3
CP142620.1	172496	172498	2
CP142620.1	172498	172514	3
CP142620.1	172514	172515	2
CP142620.1	172515	172517	3
CP142620.1	172517	172534	2
CP142620.1	172534	172663	1
CP142620.1	172663	172665	0
CP142620.1	172665	172694	1
CP142620.1	172694	172698	0
CP142620.1	172698	172712	1
CP142620.1	172712	172726	2
CP142620.1	172726	172740	3
CP142620.1	172740	172766	2
CP142620.1	172766	172780	3
CP142620.1	172780	172791	2
CP142620.1	172791	172834	1
CP142620.1	172834	172847	0
CP142620.1	172847	172883	1
CP142620.1	172883	172932	2
CP142620.1	172932	172961	1
CP142620.1	172961	173156	0
CP142620.1	173156	173210	1
CP142620.1	173210	173234	2
CP142620.1	173234	173302	1
CP142620.1	173302	173303	0
CP142620.1	173303	173331	1
CP142620.1	173331	173355	2
CP142620.1	173355	173356	1
CP142620.1	173356	173358	2
CP142620.1	173358	173440	3
CP142620.1	173440	173503	2
CP142620.1	173503	173546	1
CP142620.1	173546	173631	2
CP142620.1	173631	173662	3
CP142620.1	173662	173677	4
CP142620.1	173677	173748	3
CP142620.1	173748	173783	2
CP142620.1	173783	173809	1
CP142620.1	173809	173843	2
CP142620.1	173843	173854	1
CP142620.1	173854	173884	2
CP142620.1	173884	173888	1
CP142620.1	173888	173899	2
CP142620.1	173899	173907	1
CP142620.1	173907	173958	2
CP142620.1	173958	173960	1
CP142620.1	173960	174193	0
CP142620.1	174193	174226	1
CP142620.1	174226	174241	2
CP142620.1	174241	174251	1
CP142620.1	174251	174257	2
CP142620.1	174257	174258	1
CP142620.1	174258	174318	2
CP142620.1	174318	174414	1
CP142620.1	174414	174512	0
CP142620.1	174512	174550	1
CP142620.1	174550	174561	0
CP142620.1	174561	174595	1
CP142620.1	174595	174634	0
CP142620.1	174634	174687	1
CP142620.1	174687	174730	2
CP142620.1	174730	174735	1
CP142620.1	174735	174765	2
CP142620.1	174765	174766	1
CP142620.1	174766	174793	2
CP142620.1	174793	174943	1
CP142620.1	174943	175031	2
CP142620.1	175031	175083	1
CP142620.1	175083	175123	2
CP142620.1	175123	175124	0
CP142620.1	175124	175177	2
CP142620.1	175177	175209	1
CP142620.1	175209	175243	0
CP142620.1	175243	175312	1
CP142620.1	175312	175347	0
CP142620.1	175347	175366	1
CP142620.1	175366	175385	2
CP142620.1	175385	175422	3
CP142620.1	175422	175423	2
CP142620.1	175423	175425	1
CP142620.1	175425	175465	2
CP142620.1	175465	175476	1
CP142620.1	175476	175483	2
CP142620.1	175483	175503	3
CP142620.1	175503	175521	2
CP142620.1	175521	175603	3
CP142620.1	175603	175617	2
CP142620.1	175617	175625	1
CP142620.1	175625	175643	2
CP142620.1	175643	175647	1
CP142620.1	175647	175712	2
CP142620.1	175712	175750	1
CP142620.1	175750	175832	2
CP142620.1	175832	175833	1
CP142620.1	175833	175949	0
CP142620.1	175949	175994	1
CP142620.1	175994	176038	0
CP142620.1	176038	176222	1
CP142620.1	176222	176237	0
CP142620.1	176237	176252	1
CP142620.1	176252	176263	2
CP142620.1	176263	176310	3
CP142620.1	176310	176313	4
CP142620.1	176313	176339	3
CP142620.1	176339	176390	4
CP142620.1	176390	176403	3
CP142620.1	176403	176404	2
CP142620.1	176404	176464	3
CP142620.1	176464	176483	2
CP142620.1	176483	176484	1
CP142620.1	176484	176559	2
CP142620.1	176559	176560	1
CP142620.1	176560	176582	2
CP142620.1	176582	176591	3
CP142620.1	176591	176593	2
CP142620.1	176593	176617	3
CP142620.1	176617	176618	1
CP142620.1	176618	176619	2
CP142620.1	176619	176625	3
CP142620.1	176625	176639	2
CP142620.1	176639	176648	1
CP142620.1	176648	176651	0
CP142620.1	176651	176687	1
CP142620.1	176687	176755	2
CP142620.1	176755	176766	1
CP142620.1	176766	176852	2
CP142620.1	176852	176951	1
CP142620.1	176951	177391	0
CP142620.1	177391	177403	1
CP142620.1	177403	177417	2
CP142620.1	177417	177419	1
CP142620.1	177419	177449	2
CP142620.1	177449	177450	1
CP142620.1	177450	177488	2
CP142620.1	177488	177490	1
CP142620.1	177490	177493	0
CP142620.1	177493	177575	1
CP142620.1	177575	177591	2
CP142620.1	177591	177630	1
CP142620.1	177630	177639	2
CP142620.1	177639	177753	1
CP142620.1	177753	177773	0
CP142620.1	177773	177830	1
CP142620.1	177830	177836	0
CP142620.1	177836	177961	1
CP142620.1	177961	177975	2
CP142620.1	177975	178027	1
CP142620.1	178027	178065	0
CP142620.1	178065	178205	1
CP142620.1	178205	178231	2
CP142620.1	178231	178295	1
CP142620.1	178295	178296	0
CP142620.1	178296	178334	1
CP142620.1	178334	178395	2
CP142620.1	178395	178411	1
CP142620.1	178411	178415	2
CP142620.1	178415	178424	1
CP142620.1	178424	178451	2
CP142620.1	178451	178498	3
CP142620.1	178498	178523	4
CP142620.1	178523	178536	3
CP142620.1	178536	178578	2
CP142620.1	178578	178651	3
CP142620.1	178651	178652	2
CP142620.1	178652	178664	3
CP142620.1	178664	178665	2
CP142620.1	178665	178750	3
CP142620.1	178750	178761	2
CP142620.1	178761	178837	1
CP142620.1	178837	178906	0
CP142620.1	178906	178909	1
CP142620.1	178909	179007	2
CP142620.1	179007	179025	1
CP142620.1	179025	179046	2
CP142620.1	179046	179047	1
CP142620.1	179047	179104	2
CP142620.1	179104	179206	1
CP142620.1	179206	179229	2
CP142620.1	179229	179230	1
CP142620.1	179230	179233	0
CP142620.1	179233	179253	2
CP142620.1	179253	179256	0
CP142620.1	179256	179291	2
CP142620.1	179291	179294	1
CP142620.1	179294	179478	0
CP142620.1	179478	179503	1
CP142620.1	179503	179504	0
CP142620.1	179504	179516	1
CP142620.1	179516	179550	2
CP142620.1	179550	179553	1
CP142620.1	179553	179577	2
CP142620.1	179577	179586	3
CP142620.1	179586	179587	2
CP142620.1	179587	179608	3
CP142620.1	179608	179640	4
CP142620.1	179640	179674	3
CP142620.1	179674	179693	2
CP142620.1	179693	179798	1
CP142620.1	179798	180379	0
CP142620.1	180379	180444	1
CP142620.1	180444	180446	2
CP142620.1	180446	180456	1
CP142620.1	180456	180505	2
CP142620.1	180505	180509	3
CP142620.1	180509	180514	4
CP142620.1	180514	180538	3
CP142620.1	180538	180634	2
CP142620.1	180634	180682	1
CP142620.1	180682	180684	2
CP142620.1	180684	180697	3
CP142620.1	180697	180738	2
CP142620.1	180738	180818	1
CP142620.1	180818	180828	2
CP142620.1	180828	180868	1
CP142620.1	180868	180869	0
CP142620.1	180869	180904	1
CP142620.1	180904	180905	0
CP142620.1	180905	180965	1
CP142620.1	180965	180978	0
CP142620.1	180978	181025	1
CP142620.1	181025	181045	2
CP142620.1	181045	181050	1
CP142620.1	181050	181056	2
CP142620.1	181056	181057	3
CP142620.1	181057	181102	4
CP142620.1	181102	181118	3
CP142620.1	181118	181164	2
CP142620.1	181164	181177	1
CP142620.1	181177	181235	2
CP142620.1	181235	181297	3
CP142620.1	181297	181303	2
CP142620.1	181303	181304	1
CP142620.1	181304	181340	2
CP142620.1	181340	181372	1
CP142620.1	181372	181467	0
CP142620.1	181467	181533	1
CP142620.1	181533	181540	2
CP142620.1	181540	181639	1
CP142620.1	181639	181650	2
CP142620.1	181650	181669	1
CP142620.1	181669	181670	0
CP142620.1	181670	181715	1
CP142620.1	181715	181716	0
CP142620.1	181716	181788	1
CP142620.1	181788	181821	0
CP142620.1	181821	181830	1
CP142620.1	181830	181946	2
CP142620.1	181946	181947	1
CP142620.1	181947	181990	2
CP142620.1	181990	182012	1
CP142620.1	182012	182023	0
CP142620.1	182023	182204	1
CP142620.1	182204	182214	0
CP142620.1	182214	182278	1
CP142620.1	182278	182367	0
CP142620.1	182367	182421	1
CP142620.1	182421	182432	2
CP142620.1	182432	182452	3
CP142620.1	182452	182495	4
CP142620.1	182495	182508	3
CP142620.1	182508	182512	2
CP142620.1	182512	182581	1
CP142620.1	182581	182605	0
CP142620.1	182605	182646	1
CP142620.1	182646	183306	0
CP142620.1	183306	183335	1
CP142620.1	183335	183441	2
CP142620.1	183441	183442	1
CP142620.1	183442	183523	2
CP142620.1	183523	183555	1
CP142620.1	183555	183563	0
CP142620.1	183563	183603	1
CP142620.1	183603	183621	0
CP142620.1	183621	183692	1
CP142620.1	183692	183700	2
CP142620.1	183700	183721	3
CP142620.1	183721	183755	2
CP142620.1	183755	183756	1
CP142620.1	183756	183777	2
CP142620.1	183777	183839	1
CP142620.1	183839	183889	0
CP142620.1	183889	183943	1
CP142620.1	183943	183980	2
CP142620.1	183980	183985	1
CP142620.1	183985	184040	2
CP142620.1	184040	184089	1
CP142620.1	184089	184423	0
CP142620.1	184423	184496	1
CP142620.1	184496	184764	0
CP142620.1	184764	184785	1
CP142620.1	184785	184797	0
CP142620.1	184797	184846	1
CP142620.1	184846	184849	2
CP142620.1	184849	184853	1
CP142620.1	184853	184866	2
CP142620.1	184866	184905	3
CP142620.1	184905	184940	2
CP142620.1	184940	184968	1
CP142620.1	184968	184989	2
CP142620.1	184989	185101	1
CP142620.1	185101	185102	0
CP142620.1	185102	185151	1
CP142620.1	185151	185173	2
CP142620.1	185173	185242	3
CP142620.1	185242	185250	2
CP142620.1	185250	185264	3
CP142620.1	185264	185266	2
CP142620.1	185266	185354	3
CP142620.1	185354	185355	2
CP142620.1	185355	185383	3
CP142620.1	185383	185389	2
CP142620.1	185389	185413	3
CP142620.1	185413	185459	2
CP142620.1	185459	185470	1
CP142620.1	185470	185608	0
CP142620.1	185608	185627	1
CP142620.1	185627	185639	0
CP142620.1	185639	185729	1
CP142620.1	185729	185937	0
CP142620.1	185937	186031	1
CP142620.1	186031	186055	0
CP142620.1	186055	186198	1
CP142620.1	186198	186263	2
CP142620.1	186263	186287	1
CP142620.1	186287	186492	0
CP142620.1	186492	186647	1
CP142620.1	186647	186904	0
CP142620.1	186904	186925	1
CP142620.1	186925	186943	2
CP142620.1	186943	186978	1
CP142620.1	186978	186988	2
CP142620.1	186988	187015	1
CP142620.1	187015	187182	0
CP142620.1	187182	187211	1
CP142620.1	187211	187213	0
CP142620.1	187213	187232	1
CP142620.1	187232	187405	0
CP142620.1	187405	187460	1
CP142620.1	187460	187476	2
CP142620.1	187476	187481	3
CP142620.1	187481	187486	2
CP142620.1	187486	187513	3
CP142620.1	187513	187514	1
CP142620.1	187514	187515	2
CP142620.1	187515	187583	3
CP142620.1	187583	187584	2
CP142620.1	187584	187589	3
CP142620.1	187589	187670	2
CP142620.1	187670	187726	1
CP142620.1	187726	187760	0
CP142620.1	187760	187793	1
CP142620.1	187793	187795	0
CP142620.1	187795	187813	1
CP142620.1	187813	187814	0
CP142620.1	187814	187830	1
CP142620.1	187830	187862	2
CP142620.1	187862	187864	1
CP142620.1	187864	187866	2
CP142620.1	187866	187869	1
CP142620.1	187869	187871	0
CP142620.1	187871	187879	1
CP142620.1	187879	187899	2
CP142620.1	187899	187900	0
CP142620.1	187900	187910	1
CP142620.1	187910	187911	0
CP142620.1	187911	187954	1
CP142620.1	187954	188185	0
CP142620.1	188185	188339	1
CP142620.1	188339	188358	0
CP142620.1	188358	188439	1
CP142620.1	188439	188493	0
CP142620.1	188493	188586	1
CP142620.1	188586	188590	0
CP142620.1	188590	188631	1
CP142620.1	188631	188633	0
CP142620.1	188633	188814	1
CP142620.1	188814	188837	0
CP142620.1	188837	188852	1
CP142620.1	188852	188854	0
CP142620.1	188854	188876	1
CP142620.1	188876	188882	0
CP142620.1	188882	189031	1
CP142620.1	189031	189173	0
CP142620.1	189173	189214	1
CP142620.1	189214	189258	2
CP142620.1	189258	189261	3
CP142620.1	189261	189325	2
CP142620.1	189325	189332	3
CP142620.1	189332	189366	4
CP142620.1	189366	189377	3
CP142620.1	189377	189405	2
CP142620.1	189405	189471	3
CP142620.1	189471	189514	2
CP142620.1	189514	189515	1
CP142620.1	189515	189546	2
CP142620.1	189546	189567	1
CP142620.1	189567	189635	0
CP142620.1	189635	189746	1
CP142620.1	189746	189785	0
CP142620.1	189785	189834	1
CP142620.1	189834	189842	2
CP142620.1	189842	189854	3
CP142620.1	189854	189917	2
CP142620.1	189917	189929	3
CP142620.1	189929	189966	2
CP142620.1	189966	190051	1
CP142620.1	190051	190145	2
CP142620.1	190145	190188	3
CP142620.1	190188	190219	2
CP142620.1	190219	190228	1
CP142620.1	190228	190255	2
CP142620.1	190255	190258	0
CP142620.1	190258	190260	2
CP142620.1	190260	190280	3
CP142620.1	190280	190282	2
CP142620.1	190282	190292	3
CP142620.1	190292	190305	2
CP142620.1	190305	190320	3
CP142620.1	190320	190331	2
CP142620.1	190331	190358	3
CP142620.1	190358	190381	4
CP142620.1	190381	190421	3
CP142620.1	190421	190422	1
CP142620.1	190422	190439	3
CP142620.1	190439	190485	2
CP142620.1	190485	190573	1
CP142620.1	190573	190597	2
CP142620.1	190597	190626	1
CP142620.1	190626	190650	2
CP142620.1	190650	190690	1
CP142620.1	190690	190709	2
CP142620.1	190709	190738	3
CP142620.1	190738	190739	2
CP142620.1	190739	190788	3
CP142620.1	190788	190889	2
CP142620.1	190889	190924	1
CP142620.1	190924	190926	0
CP142620.1	190926	190988	1
CP142620.1	190988	191151	0
CP142620.1	191151	191160	1
CP142620.1	191160	191189	2
CP142620.1	191189	191190	1
CP142620.1	191190	191277	2
CP142620.1	191277	191300	3
CP142620.1	191300	191316	2
CP142620.1	191316	191317	1
CP142620.1	191317	191353	2
CP142620.1	191353	191450	1
CP142620.1	191450	191452	0
CP142620.1	191452	191597	1
CP142620.1	191597	191605	0
CP142620.1	191605	191721	1
CP142620.1	191721	191742	2
CP142620.1	191742	191757	1
CP142620.1	191757	191769	0
CP142620.1	191769	191855	1
CP142620.1	191855	191869	2
CP142620.1	191869	191916	4
CP142620.1	191916	191921	5
CP142620.1	191921	191922	4
CP142620.1	191922	191924	3
CP142620.1	191924	191932	2
CP142620.1	191932	191933	1
CP142620.1	191933	191938	3
CP142620.1	191938	191941	2
CP142620.1	191941	192005	4
CP142620.1	192005	192006	3
CP142620.1	192006	192046	4
CP142620.1	192046	192071	3
CP142620.1	192071	192106	2
CP142620.1	192106	192122	3
CP142620.1	192122	192179	2
CP142620.1	192179	192234	1
CP142620.1	192234	192239	2
CP142620.1	192239	192360	1
CP142620.1	192360	192364	0
CP142620.1	192364	192397	2
CP142620.1	192397	192399	1
CP142620.1	192399	192438	0
CP142620.1	192438	192444	1
CP142620.1	192444	192471	2
CP142620.1	192471	192472	1
CP142620.1	192472	192506	2
CP142620.1	192506	192549	3
CP142620.1	192549	192559	4
CP142620.1	192559	192560	3
CP142620.1	192560	192580	4
CP142620.1	192580	192600	3
CP142620.1	192600	192609	2
CP142620.1	192609	192611	3
CP142620.1	192611	192634	2
CP142620.1	192634	192659	3
CP142620.1	192659	192661	2
CP142620.1	192661	192690	3
CP142620.1	192690	192697	2
CP142620.1	192697	192708	3
CP142620.1	192708	192786	2
CP142620.1	192786	192789	1
CP142620.1	192789	192790	0
CP142620.1	192790	192873	1
CP142620.1	192873	192879	0
CP142620.1	192879	192904	1
CP142620.1	192904	192907	0
CP142620.1	192907	192933	1
CP142620.1	192933	192936	0
CP142620.1	192936	192960	2
CP142620.1	192960	192964	1
CP142620.1	192964	193075	2
CP142620.1	193075	193082	3
CP142620.1	193082	193107	2
CP142620.1	193107	193108	3
CP142620.1	193108	193110	2
CP142620.1	193110	193111	1
CP142620.1	193111	193135	2
CP142620.1	193135	193144	3
CP142620.1	193144	193156	2
CP142620.1	193156	193158	3
CP142620.1	193158	193160	2
CP142620.1	193160	193198	3
CP142620.1	193198	193234	2
CP142620.1	193234	193242	3
CP142620.1	193242	193259	2
CP142620.1	193259	193271	1
CP142620.1	193271	193303	2
CP142620.1	193303	193336	1
CP142620.1	193336	193403	0
CP142620.1	193403	193446	1
CP142620.1	193446	193470	0
CP142620.1	193470	193556	1
CP142620.1	193556	193557	0
CP142620.1	193557	193633	1
CP142620.1	193633	193688	2
CP142620.1	193688	193689	1
CP142620.1	193689	193732	2
CP142620.1	193732	193733	3
CP142620.1	193733	193800	4
CP142620.1	193800	193803	3
CP142620.1	193803	193830	4
CP142620.1	193830	193840	3
CP142620.1	193840	193850	2
CP142620.1	193850	193938	1
CP142620.1	193938	193946	0
CP142620.1	193946	193964	1
CP142620.1	193964	193982	2
CP142620.1	193982	194028	3
CP142620.1	194028	194036	2
CP142620.1	194036	194037	0
CP142620.1	194037	194059	2
CP142620.1	194059	194096	3
CP142620.1	194096	194102	2
CP142620.1	194102	194103	1
CP142620.1	194103	194109	2
CP142620.1	194109	194126	3
CP142620.1	194126	194132	4
CP142620.1	194132	194134	3
CP142620.1	194134	194135	2
CP142620.1	194135	194155	3
CP142620.1	194155	194156	2
CP142620.1	194156	194169	3
CP142620.1	194169	194270	2
CP142620.1	194270	194361	1
CP142620.1	194361	194370	2
CP142620.1	194370	194383	3
CP142620.1	194383	194384	2
CP142620.1	194384	194422	3
CP142620.1	194422	194451	2
CP142620.1	194451	194454	3
CP142620.1	194454	194457	2
CP142620.1	194457	194552	1
CP142620.1	194552	194559	0
CP142620.1	194559	194579	1
CP142620.1	194579	194614	2
CP142620.1	194614	194626	3
CP142620.1	194626	194627	2
CP142620.1	194627	194650	4
CP142620.1	194650	194652	3
CP142620.1	194652	194667	4
CP142620.1	194667	194670	3
CP142620.1	194670	194671	4
CP142620.1	194671	194672	3
CP142620.1	194672	194697	4
CP142620.1	194697	194738	3
CP142620.1	194738	194741	2
CP142620.1	194741	194755	1
CP142620.1	194755	194855	2
CP142620.1	194855	194860	3
CP142620.1	194860	194890	2
CP142620.1	194890	194992	1
CP142620.1	194992	195006	2
CP142620.1	195006	195045	3
CP142620.1	195045	195079	2
CP142620.1	195079	195082	1
CP142620.1	195082	195160	2
CP142620.1	195160	195162	1
CP142620.1	195162	195258	2
CP142620.1	195258	195260	3
CP142620.1	195260	195261	2
CP142620.1	195261	195321	3
CP142620.1	195321	195323	2
CP142620.1	195323	195357	3
CP142620.1	195357	195389	2
CP142620.1	195389	195432	3
CP142620.1	195432	195455	2
CP142620.1	195455	195470	1
CP142620.1	195470	195491	2
CP142620.1	195491	195556	1
CP142620.1	195556	195598	2
CP142620.1	195598	195648	1
CP142620.1	195648	195679	2
CP142620.1	195679	195683	1
CP142620.1	195683	195711	2
CP142620.1	195711	195737	1
CP142620.1	195737	195799	0
CP142620.1	195799	195824	1
CP142620.1	195824	195828	2
CP142620.1	195828	195830	1
CP142620.1	195830	195911	2
CP142620.1	195911	195948	3
CP142620.1	195948	195951	2
CP142620.1	195951	195965	3
CP142620.1	195965	195984	4
CP142620.1	195984	195990	3
CP142620.1	195990	196023	4
CP142620.1	196023	196024	2
CP142620.1	196024	196028	4
CP142620.1	196028	196029	3
CP142620.1	196029	196031	2
CP142620.1	196031	196046	3
CP142620.1	196046	196047	2
CP142620.1	196047	196072	3
CP142620.1	196072	196075	1
CP142620.1	196075	196077	0
CP142620.1	196077	196078	1
CP142620.1	196078	196109	2
CP142620.1	196109	196113	1
CP142620.1	196113	196114	0
CP142620.1	196114	196201	1
CP142620.1	196201	196206	0
CP142620.1	196206	196283	1
CP142620.1	196283	196287	2
CP142620.1	196287	196288	1
CP142620.1	196288	196380	2
CP142620.1	196380	196389	1
CP142620.1	196389	196427	2
CP142620.1	196427	196438	3
CP142620.1	196438	196439	2
CP142620.1	196439	196445	3
CP142620.1	196445	196446	2
CP142620.1	196446	196456	3
CP142620.1	196456	196480	4
CP142620.1	196480	196481	3
CP142620.1	196481	196490	4
CP142620.1	196490	196513	3
CP142620.1	196513	196523	2
CP142620.1	196523	196589	1
CP142620.1	196589	196690	0
CP142620.1	196690	196722	1
CP142620.1	196722	196726	0
CP142620.1	196726	196916	1
CP142620.1	196916	196919	2
CP142620.1	196919	196920	1
CP142620.1	196920	196963	2
CP142620.1	196963	196966	1
CP142620.1	196966	196982	2
CP142620.1	196982	196983	1
CP142620.1	196983	196997	2
CP142620.1	196997	196999	1
CP142620.1	196999	197006	2
CP142620.1	197006	197035	1
CP142620.1	197035	197039	0
CP142620.1	197039	197089	1
CP142620.1	197089	197090	0
CP142620.1	197090	197149	1
CP142620.1	197149	197150	0
CP142620.1	197150	197156	1
CP142620.1	197156	197225	2
CP142620.1	197225	197226	1
CP142620.1	197226	197236	0
CP142620.1	197236	197251	1
CP142620.1	197251	197270	0
CP142620.1	197270	197491	1
CP142620.1	197491	197576	2
CP142620.1	197576	197646	3
CP142620.1	197646	197667	2
CP142620.1	197667	197690	3
CP142620.1	197690	197691	2
CP142620.1	197691	197697	3
CP142620.1	197697	197721	2
CP142620.1	197721	197727	0
CP142620.1	197727	197763	2
CP142620.1	197763	197765	1
CP142620.1	197765	197766	0
CP142620.1	197766	197775	2
CP142620.1	197775	197777	1
CP142620.1	197777	197788	2
CP142620.1	197788	197792	0
CP142620.1	197792	197809	2
CP142620.1	197809	197812	3
CP142620.1	197812	197823	2
CP142620.1	197823	197890	3
CP142620.1	197890	197906	4
CP142620.1	197906	197923	3
CP142620.1	197923	197924	2
CP142620.1	197924	197932	3
CP142620.1	197932	197975	4
CP142620.1	197975	198023	2
CP142620.1	198023	198080	3
CP142620.1	198080	198156	2
CP142620.1	198156	198211	1
CP142620.1	198211	198212	2
CP142620.1	198212	198234	1
CP142620.1	198234	198235	0
CP142620.1	198235	198268	1
CP142620.1	198268	198278	2
CP142620.1	198278	198281	1
CP142620.1	198281	198300	2
CP142620.1	198300	198434	1
CP142620.1	198434	198489	2
CP142620.1	198489	198499	1
CP142620.1	198499	198503	2
CP142620.1	198503	198513	1
CP142620.1	198513	198590	2
CP142620.1	198590	198592	1
CP142620.1	198592	198623	2
CP142620.1	198623	198624	0
CP142620.1	198624	198625	1
CP142620.1	198625	198656	2
CP142620.1	198656	198657	1
CP142620.1	198657	198681	2
CP142620.1	198681	198690	3
CP142620.1	198690	198705	2
CP142620.1	198705	198944	1
CP142620.1	198944	199007	0
CP142620.1	199007	199025	2
CP142620.1	199025	199078	3
CP142620.1	199078	199086	2
CP142620.1	199086	199203	1
CP142620.1	199203	199208	2
CP142620.1	199208	199240	3
CP142620.1	199240	199332	2
CP142620.1	199332	199356	1
CP142620.1	199356	199386	2
CP142620.1	199386	199387	1
CP142620.1	199387	199413	2
CP142620.1	199413	199414	1
CP142620.1	199414	199446	2
CP142620.1	199446	199552	1
CP142620.1	199552	199711	0
CP142620.1	199711	199749	1
CP142620.1	199749	199814	2
CP142620.1	199814	199968	1
CP142620.1	199968	200002	2
CP142620.1	200002	200003	0
CP142620.1	200003	200004	1
CP142620.1	200004	200005	2
CP142620.1	200005	200034	3
CP142620.1	200034	200058	2
CP142620.1	200058	200059	1
CP142620.1	200059	200088	0
CP142620.1	200088	200202	1
CP142620.1	200202	200210	0
CP142620.1	200210	200303	1
CP142620.1	200303	200311	2
CP142620.1	200311	200312	0
CP142620.1	200312	200336	2
CP142620.1	200336	200339	1
CP142620.1	200339	200353	2
CP142620.1	200353	200368	1
CP142620.1	200368	200379	2
CP142620.1	200379	200534	1
CP142620.1	200534	200628	0
CP142620.1	200628	200682	1
CP142620.1	200682	200683	0
CP142620.1	200683	200805	1
CP142620.1	200805	200835	2
CP142620.1	200835	200861	1
CP142620.1	200861	200968	0
CP142620.1	200968	201012	1
CP142620.1	201012	201024	2
CP142620.1	201024	201061	3
CP142620.1	201061	201067	4
CP142620.1	201067	201075	5
CP142620.1	201075	201076	4
CP142620.1	201076	201106	5
CP142620.1	201106	201202	4
CP142620.1	201202	201205	3
CP142620.1	201205	201209	4
CP142620.1	201209	201240	3
CP142620.1	201240	201249	2
CP142620.1	201249	201345	1
CP142620.1	201345	201640	0
CP142620.1	201640	201655	1
CP142620.1	201655	201657	0
CP142620.1	201657	201765	1
CP142620.1	201765	201790	2
CP142620.1	201790	201797	1
CP142620.1	201797	201862	2
CP142620.1	201862	201905	1
CP142620.1	201905	201929	0
CP142620.1	201929	202067	1
CP142620.1	202067	202068	2
CP142620.1	202068	202085	1
CP142620.1	202085	202086	0
CP142620.1	202086	202112	1
CP142620.1	202112	202113	0
CP142620.1	202113	202135	1
CP142620.1	202135	202159	2
CP142620.1	202159	202161	1
CP142620.1	202161	202220	2
CP142620.1	202220	202328	1
CP142620.1	202328	202332	0
CP142620.1	202332	202400	1
CP142620.1	202400	202458	0
CP142620.1	202458	202794	1
CP142620.1	202794	202947	2
CP142620.1	202947	202978	1
CP142620.1	202978	202993	2
CP142620.1	202993	203058	3
CP142620.1	203058	203059	0
CP142620.1	203059	203060	1
CP142620.1	203060	203061	2
CP142620.1	203061	203074	3
CP142620.1	203074	203128	4
CP142620.1	203128	203132	3
CP142620.1	203132	203164	2
CP142620.1	203164	203172	3
CP142620.1	203172	203215	2
CP142620.1	203215	203229	3
CP142620.1	203229	203287	2
CP142620.1	203287	203310	3
CP142620.1	203310	203312	2
CP142620.1	203312	203350	3
CP142620.1	203350	203353	1
CP142620.1	203353	203354	3
CP142620.1	203354	203464	2
CP142620.1	203464	203465	3
CP142620.1	203465	203466	2
CP142620.1	203466	203523	3
CP142620.1	203523	203539	4
CP142620.1	203539	203540	3
CP142620.1	203540	203550	4
CP142620.1	203550	203551	3
CP142620.1	203551	203577	4
CP142620.1	203577	203585	3
CP142620.1	203585	203595	4
CP142620.1	203595	203596	3
CP142620.1	203596	203603	4
CP142620.1	203603	203620	3
CP142620.1	203620	203643	2
CP142620.1	203643	203668	1
CP142620.1	203668	203681	2
CP142620.1	203681	203736	1
CP142620.1	203736	203741	0
CP142620.1	203741	203768	1
CP142620.1	203768	203771	0
CP142620.1	203771	203787	1
CP142620.1	203787	203789	0
CP142620.1	203789	203808	1
CP142620.1	203808	204094	0
CP142620.1	204094	204174	1
CP142620.1	204174	204204	2
CP142620.1	204204	204232	1
CP142620.1	204232	204233	2
CP142620.1	204233	204347	3
CP142620.1	204347	204380	2
CP142620.1	204380	204381	1
CP142620.1	204381	204397	2
CP142620.1	204397	204400	1
CP142620.1	204400	204427	2
CP142620.1	204427	204431	1
CP142620.1	204431	204529	0
CP142620.1	204529	204558	1
CP142620.1	204558	204589	2
CP142620.1	204589	204615	3
CP142620.1	204615	204631	4
CP142620.1	204631	204632	3
CP142620.1	204632	204687	5
CP142620.1	204687	204696	4
CP142620.1	204696	204698	3
CP142620.1	204698	204738	2
CP142620.1	204738	204764	3
CP142620.1	204764	204900	2
CP142620.1	204900	204921	1
CP142620.1	204921	204922	0
CP142620.1	204922	204967	1
CP142620.1	204967	204996	2
CP142620.1	204996	205087	3
CP142620.1	205087	205089	4
CP142620.1	205089	205109	3
CP142620.1	205109	205159	2
CP142620.1	205159	205160	1
CP142620.1	205160	205172	2
CP142620.1	205172	205217	1
CP142620.1	205217	205352	2
CP142620.1	205352	205507	1
CP142620.1	205507	205532	3
CP142620.1	205532	205533	2
CP142620.1	205533	205539	3
CP142620.1	205539	205543	4
CP142620.1	205543	205567	3
CP142620.1	205567	205575	2
CP142620.1	205575	205614	3
CP142620.1	205614	205631	2
CP142620.1	205631	205698	1
CP142620.1	205698	205701	0
CP142620.1	205701	205705	1
CP142620.1	205705	205797	2
CP142620.1	205797	205799	1
CP142620.1	205799	205824	2
CP142620.1	205824	205831	3
CP142620.1	205831	205834	2
CP142620.1	205834	205839	3
CP142620.1	205839	205901	4
CP142620.1	205901	205904	3
CP142620.1	205904	205928	2
CP142620.1	205928	206025	1
CP142620.1	206025	206452	0
CP142620.1	206452	206467	1
CP142620.1	206467	206512	2
CP142620.1	206512	206562	1
CP142620.1	206562	206622	0
CP142620.1	206622	206646	1
CP142620.1	206646	206695	2
CP142620.1	206695	206715	1
CP142620.1	206715	206733	0
CP142620.1	206733	206745	1
CP142620.1	206745	206790	2
CP142620.1	206790	206813	3
CP142620.1	206813	206830	2
CP142620.1	206830	206832	3
CP142620.1	206832	206847	2
CP142620.1	206847	206881	3
CP142620.1	206881	206882	2
CP142620.1	206882	206890	3
CP142620.1	206890	206891	2
CP142620.1	206891	206902	3
CP142620.1	206902	206920	4
CP142620.1	206920	206925	3
CP142620.1	206925	206955	2
CP142620.1	206955	206976	3
CP142620.1	206976	207025	2
CP142620.1	207025	207032	1
CP142620.1	207032	207111	2
CP142620.1	207111	207113	1
CP142620.1	207113	207118	0
CP142620.1	207118	207136	1
CP142620.1	207136	207150	2
CP142620.1	207150	207152	0
CP142620.1	207152	207153	1
CP142620.1	207153	207187	2
CP142620.1	207187	207250	1
CP142620.1	207250	207315	2
CP142620.1	207315	207415	1
CP142620.1	207415	207500	0
CP142620.1	207500	207549	1
CP142620.1	207549	207622	2
CP142620.1	207622	207624	3
CP142620.1	207624	207634	2
CP142620.1	207634	207659	1
CP142620.1	207659	207677	0
CP142620.1	207677	207699	1
CP142620.1	207699	207742	2
CP142620.1	207742	207768	1
CP142620.1	207768	207787	0
CP142620.1	207787	207953	1
CP142620.1	207953	208195	0
CP142620.1	208195	208256	1
CP142620.1	208256	208259	3
CP142620.1	208259	208262	2
CP142620.1	208262	208305	3
CP142620.1	208305	208342	4
CP142620.1	208342	208343	3
CP142620.1	208343	208369	4
CP142620.1	208369	208381	3
CP142620.1	208381	208390	2
CP142620.1	208390	208413	3
CP142620.1	208413	208442	2
CP142620.1	208442	208444	1
CP142620.1	208444	208493	2
CP142620.1	208493	208519	3
CP142620.1	208519	208538	2
CP142620.1	208538	208559	1
CP142620.1	208559	208568	0
CP142620.1	208568	208573	1
CP142620.1	208573	208667	2
CP142620.1	208667	208781	1
CP142620.1	208781	208784	0
CP142620.1	208784	208835	1
CP142620.1	208835	208865	0
CP142620.1	208865	208922	1
CP142620.1	208922	209056	0
CP142620.1	209056	209175	1
CP142620.1	209175	209312	0
CP142620.1	209312	209386	1
CP142620.1	209386	209466	0
CP142620.1	209466	209514	1
CP142620.1	209514	209515	0
CP142620.1	209515	209581	2
CP142620.1	209581	209595	1
CP142620.1	209595	209633	2
CP142620.1	209633	209652	1
CP142620.1	209652	209806	0
CP142620.1	209806	209859	1
CP142620.1	209859	209898	2
CP142620.1	209898	209902	1
CP142620.1	209902	209912	2
CP142620.1	209912	209935	1
CP142620.1	209935	210051	2
CP142620.1	210051	210078	1
CP142620.1	210078	210103	0
CP142620.1	210103	210153	1
CP142620.1	210153	210244	2
CP142620.1	210244	210251	1
CP142620.1	210251	210260	2
CP142620.1	210260	210261	1
CP142620.1	210261	210271	2
CP142620.1	210271	210272	3
CP142620.1	210272	210273	2
CP142620.1	210273	210293	3
CP142620.1	210293	210294	2
CP142620.1	210294	210295	3
CP142620.1	210295	210328	2
CP142620.1	210328	210375	1
CP142620.1	210375	210385	2
CP142620.1	210385	210432	3
CP142620.1	210432	210479	4
CP142620.1	210479	210503	3
CP142620.1	210503	210524	2
CP142620.1	210524	210525	1
CP142620.1	210525	210567	2
CP142620.1	210567	210651	1
CP142620.1	210651	210652	0
CP142620.1	210652	210658	1
CP142620.1	210658	210670	0
CP142620.1	210670	210706	1
CP142620.1	210706	210737	2
CP142620.1	210737	210761	3
CP142620.1	210761	210807	4
CP142620.1	210807	210811	3
CP142620.1	210811	210821	2
CP142620.1	210821	210864	1
CP142620.1	210864	210882	2
CP142620.1	210882	210910	3
CP142620.1	210910	210911	2
CP142620.1	210911	210921	3
CP142620.1	210921	210930	2
CP142620.1	210930	211069	1
CP142620.1	211069	211156	2
CP142620.1	211156	211190	3
CP142620.1	211190	211192	2
CP142620.1	211192	211196	3
CP142620.1	211196	211250	2
CP142620.1	211250	211346	1
CP142620.1	211346	211496	0
CP142620.1	211496	211503	1
CP142620.1	211503	211517	2
CP142620.1	211517	211534	3
CP142620.1	211534	211586	4
CP142620.1	211586	211601	3
CP142620.1	211601	211604	2
CP142620.1	211604	211605	3
CP142620.1	211605	211620	4
CP142620.1	211620	211635	3
CP142620.1	211635	211638	2
CP142620.1	211638	211639	3
CP142620.1	211639	211655	4
CP142620.1	211655	211658	3
CP142620.1	211658	211688	4
CP142620.1	211688	211689	2
CP142620.1	211689	211730	4
CP142620.1	211730	211756	3
CP142620.1	211756	211758	4
CP142620.1	211758	211786	3
CP142620.1	211786	211799	2
CP142620.1	211799	211831	3
CP142620.1	211831	211842	2
CP142620.1	211842	211850	1
CP142620.1	211850	211863	2
CP142620.1	211863	211960	3
CP142620.1	211960	211976	2
CP142620.1	211976	212011	1
CP142620.1	212011	212053	2
CP142620.1	212053	212092	1
CP142620.1	212092	212129	2
CP142620.1	212129	212170	1
CP142620.1	212170	212263	0
CP142620.1	212263	212362	1
CP142620.1	212362	212413	2
CP142620.1	212413	212432	3
CP142620.1	212432	212434	2
CP142620.1	212434	212477	3
CP142620.1	212477	212487	2
CP142620.1	212487	212500	3
CP142620.1	212500	212512	2
CP142620.1	212512	212514	1
CP142620.1	212514	212573	2
CP142620.1	212573	212584	3
CP142620.1	212584	212586	2
CP142620.1	212586	212642	3
CP142620.1	212642	212654	2
CP142620.1	212654	212656	1
CP142620.1	212656	212661	2
CP142620.1	212661	212664	1
CP142620.1	212664	212723	2
CP142620.1	212723	212728	1
CP142620.1	212728	212729	0
CP142620.1	212729	212745	1
CP142620.1	212745	212776	2
CP142620.1	212776	212788	3
CP142620.1	212788	212791	2
CP142620.1	212791	212799	3
CP142620.1	212799	212827	2
CP142620.1	212827	212828	3
CP142620.1	212828	212838	4
CP142620.1	212838	212840	3
CP142620.1	212840	212847	4
CP142620.1	212847	212883	3
CP142620.1	212883	212906	4
CP142620.1	212906	212918	3
CP142620.1	212918	212920	2
CP142620.1	212920	212926	3
CP142620.1	212926	212927	2
CP142620.1	212927	212983	1
CP142620.1	212983	213059	2
CP142620.1	213059	213094	1
CP142620.1	213094	213107	0
CP142620.1	213107	213144	1
CP142620.1	213144	213331	0
CP142620.1	213331	213348	1
CP142620.1	213348	213349	0
CP142620.1	213349	213366	1
CP142620.1	213366	213384	2
CP142620.1	213384	213509	1
CP142620.1	213509	213528	2
CP142620.1	213528	213529	1
CP142620.1	213529	213544	2
CP142620.1	213544	213571	3
CP142620.1	213571	213615	2
CP142620.1	213615	213634	3
CP142620.1	213634	213671	2
CP142620.1	213671	213697	3
CP142620.1	213697	213744	2
CP142620.1	213744	213781	1
CP142620.1	213781	213799	2
CP142620.1	213799	213800	1
CP142620.1	213800	213828	2
CP142620.1	213828	213867	1
CP142620.1	213867	213868	0
CP142620.1	213868	213891	1
CP142620.1	213891	213895	0
CP142620.1	213895	213911	1
CP142620.1	213911	213912	0
CP142620.1	213912	213950	1
CP142620.1	213950	213964	0
CP142620.1	213964	213974	1
CP142620.1	213974	214013	2
CP142620.1	214013	214129	1
CP142620.1	214129	214146	2
CP142620.1	214146	214173	1
CP142620.1	214173	214174	0
CP142620.1	214174	214200	1
CP142620.1	214200	214331	2
CP142620.1	214331	214332	0
CP142620.1	214332	214358	1
CP142620.1	214358	214359	0
CP142620.1	214359	214397	1
CP142620.1	214397	214400	2
CP142620.1	214400	214494	3
CP142620.1	214494	214500	2
CP142620.1	214500	214505	3
CP142620.1	214505	214506	2
CP142620.1	214506	214521	3
CP142620.1	214521	214535	4
CP142620.1	214535	214552	3
CP142620.1	214552	214560	2
CP142620.1	214560	214574	1
CP142620.1	214574	214614	2
CP142620.1	214614	214667	1
CP142620.1	214667	214776	0
CP142620.1	214776	214781	1
CP142620.1	214781	214816	2
CP142620.1	214816	214871	3
CP142620.1	214871	214887	2
CP142620.1	214887	214983	1
CP142620.1	214983	214984	0
CP142620.1	214984	214995	1
CP142620.1	214995	215130	0
CP142620.1	215130	215223	1
CP142620.1	215223	215496	0
CP142620.1	215496	215564	1
CP142620.1	215564	215607	0
CP142620.1	215607	215640	1
CP142620.1	215640	215641	0
CP142620.1	215641	215714	1
CP142620.1	215714	215732	0
CP142620.1	215732	215770	1
CP142620.1	215770	215771	0
CP142620.1	215771	215852	1
CP142620.1	215852	215864	2
CP142620.1	215864	215874	3
CP142620.1	215874	215917	2
CP142620.1	215917	215923	1
CP142620.1	215923	215967	0
CP142620.1	215967	216109	1
CP142620.1	216109	216220	0
CP142620.1	216220	216292	1
CP142620.1	216292	216297	2
CP142620.1	216297	216347	1
CP142620.1	216347	216475	0
CP142620.1	216475	216555	1
CP142620.1	216555	216558	0
CP142620.1	216558	216582	1
CP142620.1	216582	216705	0
CP142620.1	216705	216784	1
CP142620.1	216784	216793	0
CP142620.1	216793	216884	1
CP142620.1	216884	216896	0
CP142620.1	216896	216992	1
CP142620.1	216992	216994	0
CP142620.1	216994	217019	1
CP142620.1	217019	217023	0
CP142620.1	217023	217054	1
CP142620.1	217054	217083	2
CP142620.1	217083	217093	3
CP142620.1	217093	217095	2
CP142620.1	217095	217111	3
CP142620.1	217111	217113	4
CP142620.1	217113	217153	3
CP142620.1	217153	217154	1
CP142620.1	217154	217183	3
CP142620.1	217183	217201	2
CP142620.1	217201	217233	3
CP142620.1	217233	217273	2
CP142620.1	217273	217274	1
CP142620.1	217274	217282	2
CP142620.1	217282	217297	3
CP142620.1	217297	217333	2
CP142620.1	217333	217346	3
CP142620.1	217346	217407	2
CP142620.1	217407	217415	1
CP142620.1	217415	217473	0
CP142620.1	217473	217683	1
CP142620.1	217683	217870	0
CP142620.1	217870	217954	1
CP142620.1	217954	218077	0
CP142620.1	218077	218110	1
CP142620.1	218110	218132	3
CP142620.1	218132	218135	2
CP142620.1	218135	218164	3
CP142620.1	218164	218168	2
CP142620.1	218168	218175	3
CP142620.1	218175	218181	2
CP142620.1	218181	218335	1
CP142620.1	218335	218357	2
CP142620.1	218357	218413	1
CP142620.1	218413	218414	0
CP142620.1	218414	218485	1
CP142620.1	218485	218487	0
CP142620.1	218487	218506	1
CP142620.1	218506	218563	2
CP142620.1	218563	218570	1
CP142620.1	218570	218611	2
CP142620.1	218611	218629	1
CP142620.1	218629	218737	0
CP142620.1	218737	218815	1
CP142620.1	218815	218828	0
CP142620.1	218828	218850	1
CP142620.1	218850	218922	2
CP142620.1	218922	218923	1
CP142620.1	218923	218953	2
CP142620.1	218953	219029	1
CP142620.1	219029	219035	0
CP142620.1	219035	219037	1
CP142620.1	219037	219049	2
CP142620.1	219049	219052	1
CP142620.1	219052	219065	2
CP142620.1	219065	219069	3
CP142620.1	219069	219089	4
CP142620.1	219089	219097	2
CP142620.1	219097	219124	3
CP142620.1	219124	219165	2
CP142620.1	219165	219173	1
CP142620.1	219173	219211	2
CP142620.1	219211	219212	1
CP142620.1	219212	219250	2
CP142620.1	219250	219343	1
CP142620.1	219343	219367	2
CP142620.1	219367	219384	1
CP142620.1	219384	219387	0
CP142620.1	219387	219438	1
CP142620.1	219438	219439	0
CP142620.1	219439	219462	1
CP142620.1	219462	219463	0
CP142620.1	219463	219526	1
CP142620.1	219526	219722	0
CP142620.1	219722	219795	1
CP142620.1	219795	219890	0
CP142620.1	219890	219917	1
CP142620.1	219917	220061	2
CP142620.1	220061	220153	1
CP142620.1	220153	220224	0
CP142620.1	220224	220249	1
CP142620.1	220249	220284	2
CP142620.1	220284	220285	1
CP142620.1	220285	220359	2
CP142620.1	220359	220383	1
CP142620.1	220383	220573	0
CP142620.1	220573	220691	1
CP142620.1	220691	220695	2
CP142620.1	220695	220698	3
CP142620.1	220698	220701	2
CP142620.1	220701	220712	3
CP142620.1	220712	220752	2
CP142620.1	220752	220753	1
CP142620.1	220753	220766	2
CP142620.1	220766	220786	3
CP142620.1	220786	220868	2
CP142620.1	220868	220869	1
CP142620.1	220869	220927	2
CP142620.1	220927	220929	1
CP142620.1	220929	220961	2
CP142620.1	220961	220972	1
CP142620.1	220972	221020	2
CP142620.1	221020	221022	1
CP142620.1	221022	221025	2
CP142620.1	221025	221026	1
CP142620.1	221026	221039	2
CP142620.1	221039	221040	1
CP142620.1	221040	221077	2
CP142620.1	221077	221079	1
CP142620.1	221079	221100	2
CP142620.1	221100	221201	1
CP142620.1	221201	221294	0
CP142620.1	221294	221459	1
CP142620.1	221459	221472	2
CP142620.1	221472	221517	1
CP142620.1	221517	221550	2
CP142620.1	221550	221565	3
CP142620.1	221565	221567	2
CP142620.1	221567	221599	3
CP142620.1	221599	221600	2
CP142620.1	221600	221616	3
CP142620.1	221616	221668	2
CP142620.1	221668	221669	1
CP142620.1	221669	221682	3
CP142620.1	221682	221764	2
CP142620.1	221764	221772	1
CP142620.1	221772	221794	2
CP142620.1	221794	221826	1
CP142620.1	221826	221829	0
CP142620.1	221829	221927	1
CP142620.1	221927	221930	0
CP142620.1	221930	221937	1
CP142620.1	221937	221938	0
CP142620.1	221938	221975	1
CP142620.1	221975	222018	0
CP142620.1	222018	222126	1
CP142620.1	222126	222248	2
CP142620.1	222248	222267	1
CP142620.1	222267	222343	0
CP142620.1	222343	222446	1
CP142620.1	222446	222466	2
CP142620.1	222466	222507	1
CP142620.1	222507	222567	2
CP142620.1	222567	222570	1
CP142620.1	222570	222678	2
CP142620.1	222678	222679	1
CP142620.1	222679	222681	2
CP142620.1	222681	222683	3
CP142620.1	222683	222733	2
CP142620.1	222733	222777	3
CP142620.1	222777	222786	2
CP142620.1	222786	222792	1
CP142620.1	222792	222857	2
CP142620.1	222857	222882	1
CP142620.1	222882	223007	2
CP142620.1	223007	223008	1
CP142620.1	223008	223022	2
CP142620.1	223022	223028	1
CP142620.1	223028	223034	0
CP142620.1	223034	223036	1
CP142620.1	223036	223080	2
CP142620.1	223080	223084	1
CP142620.1	223084	223123	2
CP142620.1	223123	223149	1
CP142620.1	223149	223160	2
CP142620.1	223160	223161	1
CP142620.1	223161	223184	2
CP142620.1	223184	223220	1
CP142620.1	223220	223246	2
CP142620.1	223246	223351	3
CP142620.1	223351	223385	2
CP142620.1	223385	223530	1
CP142620.1	223530	223627	0
CP142620.1	223627	223686	1
CP142620.1	223686	223695	0
CP142620.1	223695	223776	1
CP142620.1	223776	223839	0
CP142620.1	223839	223870	1
CP142620.1	223870	223887	2
CP142620.1	223887	223888	1
CP142620.1	223888	223899	2
CP142620.1	223899	224000	3
CP142620.1	224000	224009	2
CP142620.1	224009	224026	1
CP142620.1	224026	224046	2
CP142620.1	224046	224106	1
CP142620.1	224106	224154	0
CP142620.1	224154	224169	1
CP142620.1	224169	224302	2
CP142620.1	224302	224326	1
CP142620.1	224326	224414	0
CP142620.1	224414	224539	1
CP142620.1	224539	224552	2
CP142620.1	224552	224556	1
CP142620.1	224556	224664	2
CP142620.1	224664	224692	1
CP142620.1	224692	224705	0
CP142620.1	224705	224720	1
CP142620.1	224720	224740	2
CP142620.1	224740	224741	1
CP142620.1	224741	224746	2
CP142620.1	224746	224784	3
CP142620.1	224784	224794	2
CP142620.1	224794	224848	3
CP142620.1	224848	224868	2
CP142620.1	224868	224869	1
CP142620.1	224869	224879	2
CP142620.1	224879	224907	1
CP142620.1	224907	224909	0
CP142620.1	224909	224974	1
CP142620.1	224974	225004	2
CP142620.1	225004	225052	1
CP142620.1	225052	225053	0
CP142620.1	225053	225129	1
CP142620.1	225129	225216	2
CP142620.1	225216	225218	1
CP142620.1	225218	225342	0
CP142620.1	225342	225399	1
CP142620.1	225399	225435	0
CP142620.1	225435	225604	1
CP142620.1	225604	225622	0
CP142620.1	225622	225638	1
CP142620.1	225638	225642	2
CP142620.1	225642	225650	3
CP142620.1	225650	225660	2
CP142620.1	225660	225730	3
CP142620.1	225730	225731	2
CP142620.1	225731	225772	3
CP142620.1	225772	225786	2
CP142620.1	225786	225788	1
CP142620.1	225788	225789	0
CP142620.1	225789	225823	1
CP142620.1	225823	225908	2
CP142620.1	225908	225913	1
CP142620.1	225913	225924	2
CP142620.1	225924	225939	3
CP142620.1	225939	225983	2
CP142620.1	225983	226008	1
CP142620.1	226008	226033	2
CP142620.1	226033	226034	1
CP142620.1	226034	226099	2
CP142620.1	226099	226172	1
CP142620.1	226172	226173	0
CP142620.1	226173	226209	1
CP142620.1	226209	226321	0
CP142620.1	226321	226365	1
CP142620.1	226365	226366	0
CP142620.1	226366	226374	1
CP142620.1	226374	226413	2
CP142620.1	226413	226414	1
CP142620.1	226414	226421	2
CP142620.1	226421	226422	1
CP142620.1	226422	226461	2
CP142620.1	226461	226484	1
CP142620.1	226484	226491	0
CP142620.1	226491	226552	1
CP142620.1	226552	226562	0
CP142620.1	226562	226606	1
CP142620.1	226606	226612	2
CP142620.1	226612	226621	1
CP142620.1	226621	226673	2
CP142620.1	226673	226685	3
CP142620.1	226685	226765	2
CP142620.1	226765	226790	3
CP142620.1	226790	226791	2
CP142620.1	226791	226840	3
CP142620.1	226840	226893	2
CP142620.1	226893	226911	1
CP142620.1	226911	226918	2
CP142620.1	226918	226923	1
CP142620.1	226923	227012	2
CP142620.1	227012	227030	3
CP142620.1	227030	227035	2
CP142620.1	227035	227038	1
CP142620.1	227038	227098	2
CP142620.1	227098	227121	1
CP142620.1	227121	227222	0
CP142620.1	227222	227321	1
CP142620.1	227321	227769	0
CP142620.1	227769	227877	1
CP142620.1	227877	227883	2
CP142620.1	227883	227898	1
CP142620.1	227898	227946	2
CP142620.1	227946	227976	1
CP142620.1	227976	228007	2
CP142620.1	228007	228019	1
CP142620.1	228019	228083	2
CP142620.1	228083	228143	1
CP142620.1	228143	228252	2
CP142620.1	228252	228258	4
CP142620.1	228258	228260	3
CP142620.1	228260	228261	2
CP142620.1	228261	228279	3
CP142620.1	228279	228280	1
CP142620.1	228280	228281	2
CP142620.1	228281	228300	3
CP142620.1	228300	228334	2
CP142620.1	228334	228369	3
CP142620.1	228369	228391	4
CP142620.1	228391	228393	3
CP142620.1	228393	228410	4
CP142620.1	228410	228411	3
CP142620.1	228411	228414	4
CP142620.1	228414	228421	3
CP142620.1	228421	228440	2
CP142620.1	228440	228442	1
CP142620.1	228442	228470	2
CP142620.1	228470	228493	1
CP142620.1	228493	228541	0
CP142620.1	228541	228600	1
CP142620.1	228600	228601	0
CP142620.1	228601	228691	1
CP142620.1	228691	228714	0
CP142620.1	228714	228779	1
CP142620.1	228779	228884	0
CP142620.1	228884	228912	1
CP142620.1	228912	228950	2
CP142620.1	228950	228968	3
CP142620.1	228968	228985	2
CP142620.1	228985	229053	1
CP142620.1	229053	229054	0
CP142620.1	229054	229101	1
CP142620.1	229101	229153	2
CP142620.1	229153	229219	1
CP142620.1	229219	229236	0
CP142620.1	229236	229237	1
CP142620.1	229237	229344	2
CP142620.1	229344	229361	1
CP142620.1	229361	229422	2
CP142620.1	229422	229650	1
CP142620.1	229650	229752	2
CP142620.1	229752	229778	3
CP142620.1	229778	229783	4
CP142620.1	229783	229794	3
CP142620.1	229794	229800	2
CP142620.1	229800	229810	3
CP142620.1	229810	229847	2
CP142620.1	229847	229853	3
CP142620.1	229853	229895	2
CP142620.1	229895	230096	1
CP142620.1	230096	230104	0
CP142620.1	230104	230135	1
CP142620.1	230135	230170	0
CP142620.1	230170	230184	1
CP142620.1	230184	230187	0
CP142620.1	230187	230207	1
CP142620.1	230207	230246	2
CP142620.1	230246	230253	1
CP142620.1	230253	230266	2
CP142620.1	230266	230289	1
CP142620.1	230289	230314	2
CP142620.1	230314	230330	3
CP142620.1	230330	230403	2
CP142620.1	230403	230452	1
CP142620.1	230452	230465	0
CP142620.1	230465	230476	1
CP142620.1	230476	230480	2
CP142620.1	230480	230573	3
CP142620.1	230573	230598	2
CP142620.1	230598	230615	1
CP142620.1	230615	230704	2
CP142620.1	230704	230748	1
CP142620.1	230748	230801	2
CP142620.1	230801	230828	3
CP142620.1	230828	230874	2
CP142620.1	230874	230904	1
CP142620.1	230904	230949	0
CP142620.1	230949	230958	1
CP142620.1	230958	230975	2
CP142620.1	230975	230993	3
CP142620.1	230993	230994	2
CP142620.1	230994	231043	3
CP142620.1	231043	231045	4
CP142620.1	231045	231046	3
CP142620.1	231046	231052	4
CP142620.1	231052	231058	3
CP142620.1	231058	231140	2
CP142620.1	231140	231146	3
CP142620.1	231146	231152	2
CP142620.1	231152	231188	3
CP142620.1	231188	231221	2
CP142620.1	231221	231223	1
CP142620.1	231223	231275	2
CP142620.1	231275	231288	1
CP142620.1	231288	231376	0
CP142620.1	231376	231463	1
CP142620.1	231463	231487	2
CP142620.1	231487	231497	3
CP142620.1	231497	231500	2
CP142620.1	231500	231519	3
CP142620.1	231519	231549	2
CP142620.1	231549	231554	1
CP142620.1	231554	231720	2
CP142620.1	231720	231725	1
CP142620.1	231725	231901	0
CP142620.1	231901	231933	1
CP142620.1	231933	231945	0
CP142620.1	231945	231966	1
CP142620.1	231966	231968	0
CP142620.1	231968	231982	1
CP142620.1	231982	232002	2
CP142620.1	232002	232011	3
CP142620.1	232011	232084	2
CP142620.1	232084	232085	1
CP142620.1	232085	232105	2
CP142620.1	232105	232138	1
CP142620.1	232138	232259	2
CP142620.1	232259	232294	3
CP142620.1	232294	232295	2
CP142620.1	232295	232302	3
CP142620.1	232302	232303	2
CP142620.1	232303	232325	3
CP142620.1	232325	232390	2
CP142620.1	232390	232434	1
CP142620.1	232434	232445	0
CP142620.1	232445	232531	1
CP142620.1	232531	232534	0
CP142620.1	232534	232740	1
CP142620.1	232740	232741	0
CP142620.1	232741	232790	1
CP142620.1	232790	232812	2
CP142620.1	232812	232813	1
CP142620.1	232813	232817	2
CP142620.1	232817	232821	1
CP142620.1	232821	232842	2
CP142620.1	232842	232847	3
CP142620.1	232847	232848	2
CP142620.1	232848	232849	1
CP142620.1	232849	232850	2
CP142620.1	232850	232900	3
CP142620.1	232900	232916	2
CP142620.1	232916	233038	1
CP142620.1	233038	233042	0
CP142620.1	233042	233113	1
CP142620.1	233113	233117	0
CP142620.1	233117	233167	1
CP142620.1	233167	233191	2
CP142620.1	233191	233200	3
CP142620.1	233200	233201	2
CP142620.1	233201	233209	3
CP142620.1	233209	233215	4
CP142620.1	233215	233231	3
CP142620.1	233231	233232	2
CP142620.1	233232	233328	3
CP142620.1	233328	233331	2
CP142620.1	233331	233332	1
CP142620.1	233332	233375	2
CP142620.1	233375	233376	1
CP142620.1	233376	233400	2
CP142620.1	233400	233428	1
CP142620.1	233428	233429	0
CP142620.1	233429	233477	1
CP142620.1	233477	233547	2
CP142620.1	233547	233588	1
CP142620.1	233588	233602	2
CP142620.1	233602	233623	1
CP142620.1	233623	233644	2
CP142620.1	233644	233647	1
CP142620.1	233647	233706	2
CP142620.1	233706	233749	1
CP142620.1	233749	233785	0
CP142620.1	233785	233823	1
CP142620.1	233823	233833	2
CP142620.1	233833	233923	3
CP142620.1	233923	233957	2
CP142620.1	233957	234030	1
CP142620.1	234030	234031	0
CP142620.1	234031	234063	1
CP142620.1	234063	234103	2
CP142620.1	234103	234155	3
CP142620.1	234155	234167	2
CP142620.1	234167	234169	1
CP142620.1	234169	234176	2
CP142620.1	234176	234179	3
CP142620.1	234179	234193	4
CP142620.1	234193	234244	5
CP142620.1	234244	234252	4
CP142620.1	234252	234253	1
CP142620.1	234253	234254	3
CP142620.1	234254	234255	4
CP142620.1	234255	234258	5
CP142620.1	234258	234269	4
CP142620.1	234269	234295	3
CP142620.1	234295	234301	2
CP142620.1	234301	234302	1
CP142620.1	234302	234308	0
CP142620.1	234308	234322	1
CP142620.1	234322	234344	0
CP142620.1	234344	234454	1
CP142620.1	234454	234455	0
CP142620.1	234455	234467	1
CP142620.1	234467	234473	2
CP142620.1	234473	234474	1
CP142620.1	234474	234529	2
CP142620.1	234529	234574	1
CP142620.1	234574	234616	2
CP142620.1	234616	234618	0
CP142620.1	234618	234631	2
CP142620.1	234631	234797	1
CP142620.1	234797	235106	0
CP142620.1	235106	235121	1
CP142620.1	235121	235122	0
CP142620.1	235122	235165	1
CP142620.1	235165	235197	2
CP142620.1	235197	235254	3
CP142620.1	235254	235255	2
CP142620.1	235255	235260	3
CP142620.1	235260	235285	2
CP142620.1	235285	235289	1
CP142620.1	235289	235335	2
CP142620.1	235335	235353	3
CP142620.1	235353	235354	2
CP142620.1	235354	235358	3
CP142620.1	235358	235359	4
CP142620.1	235359	235361	5
CP142620.1	235361	235384	4
CP142620.1	235384	235408	3
CP142620.1	235408	235410	2
CP142620.1	235410	235423	3
CP142620.1	235423	235428	2
CP142620.1	235428	235435	1
CP142620.1	235435	235436	0
CP142620.1	235436	235437	1
CP142620.1	235437	235499	2
CP142620.1	235499	235514	1
CP142620.1	235514	235523	2
CP142620.1	235523	235614	3
CP142620.1	235614	235615	1
CP142620.1	235615	235638	2
CP142620.1	235638	235696	1
CP142620.1	235696	235754	0
CP142620.1	235754	235778	1
CP142620.1	235778	235797	2
CP142620.1	235797	235800	1
CP142620.1	235800	235806	2
CP142620.1	235806	235822	3
CP142620.1	235822	235823	1
CP142620.1	235823	235824	2
CP142620.1	235824	235833	3
CP142620.1	235833	235837	2
CP142620.1	235837	235888	3
CP142620.1	235888	235894	2
CP142620.1	235894	235952	1
CP142620.1	235952	235977	2
CP142620.1	235977	236009	1
CP142620.1	236009	236012	0
CP142620.1	236012	236019	1
CP142620.1	236019	236030	2
CP142620.1	236030	236063	3
CP142620.1	236063	236088	2
CP142620.1	236088	236094	1
CP142620.1	236094	236248	0
CP142620.1	236248	236261	1
CP142620.1	236261	236443	2
CP142620.1	236443	236459	1
CP142620.1	236459	236460	0
CP142620.1	236460	236461	1
CP142620.1	236461	236522	2
CP142620.1	236522	236557	1
CP142620.1	236557	236572	2
CP142620.1	236572	236643	1
CP142620.1	236643	236692	0
CP142620.1	236692	236758	1
CP142620.1	236758	236764	0
CP142620.1	236764	236769	1
CP142620.1	236769	236865	2
CP142620.1	236865	236874	1
CP142620.1	236874	236914	0
CP142620.1	236914	236932	1
CP142620.1	236932	237008	2
CP142620.1	237008	237020	1
CP142620.1	237020	237023	0
CP142620.1	237023	237053	1
CP142620.1	237053	237104	0
CP142620.1	237104	237108	1
CP142620.1	237108	237134	2
CP142620.1	237134	237137	1
CP142620.1	237137	237152	2
CP142620.1	237152	237201	3
CP142620.1	237201	237226	2
CP142620.1	237226	237239	1
CP142620.1	237239	237240	0
CP142620.1	237240	237384	2
CP142620.1	237384	237410	3
CP142620.1	237410	237411	2
CP142620.1	237411	237422	4
CP142620.1	237422	237436	3
CP142620.1	237436	237437	2
CP142620.1	237437	237439	1
CP142620.1	237439	237485	4
CP142620.1	237485	237487	3
CP142620.1	237487	237488	2
CP142620.1	237488	237492	3
CP142620.1	237492	237504	4
CP142620.1	237504	237508	3
CP142620.1	237508	237528	4
CP142620.1	237528	237617	3
CP142620.1	237617	237644	2
CP142620.1	237644	237685	3
CP142620.1	237685	237704	2
CP142620.1	237704	237708	3
CP142620.1	237708	237717	4
CP142620.1	237717	237727	3
CP142620.1	237727	237759	2
CP142620.1	237759	237762	1
CP142620.1	237762	237782	2
CP142620.1	237782	237783	0
CP142620.1	237783	237785	1
CP142620.1	237785	237793	2
CP142620.1	237793	237826	3
CP142620.1	237826	237894	2
CP142620.1	237894	237914	3
CP142620.1	237914	237932	2
CP142620.1	237932	237954	3
CP142620.1	237954	237965	4
CP142620.1	237965	237972	3
CP142620.1	237972	237973	1
CP142620.1	237973	237974	2
CP142620.1	237974	237975	3
CP142620.1	237975	237978	2
CP142620.1	237978	237994	3
CP142620.1	237994	238045	2
CP142620.1	238045	238048	0
CP142620.1	238048	238067	2
CP142620.1	238067	238080	3
CP142620.1	238080	238081	2
CP142620.1	238081	238142	3
CP142620.1	238142	238181	2
CP142620.1	238181	238183	1
CP142620.1	238183	238200	2
CP142620.1	238200	238202	1
CP142620.1	238202	238218	2
CP142620.1	238218	238219	1
CP142620.1	238219	238288	3
CP142620.1	238288	238320	2
CP142620.1	238320	238345	3
CP142620.1	238345	238346	2
CP142620.1	238346	238367	3
CP142620.1	238367	238421	2
CP142620.1	238421	238465	1
CP142620.1	238465	238466	0
CP142620.1	238466	238538	1
CP142620.1	238538	238540	0
CP142620.1	238540	238660	1
CP142620.1	238660	238665	2
CP142620.1	238665	238709	3
CP142620.1	238709	238806	2
CP142620.1	238806	238842	1
CP142620.1	238842	238843	0
CP142620.1	238843	238855	1
CP142620.1	238855	238888	2
CP142620.1	238888	238915	1
CP142620.1	238915	238940	0
CP142620.1	238940	238943	1
CP142620.1	238943	239037	2
CP142620.1	239037	239087	1
CP142620.1	239087	239100	2
CP142620.1	239100	239286	1
CP142620.1	239286	239434	2
CP142620.1	239434	239435	1
CP142620.1	239435	239453	2
CP142620.1	239453	239473	3
CP142620.1	239473	239493	4
CP142620.1	239493	239496	3
CP142620.1	239496	239501	4
CP142620.1	239501	239502	2
CP142620.1	239502	239510	4
CP142620.1	239510	239581	3
CP142620.1	239581	239587	2
CP142620.1	239587	239644	1
CP142620.1	239644	239743	2
CP142620.1	239743	239744	1
CP142620.1	239744	239758	2
CP142620.1	239758	239804	1
CP142620.1	239804	239809	0
CP142620.1	239809	239845	1
CP142620.1	239845	239848	0
CP142620.1	239848	239875	2
CP142620.1	239875	240059	1
CP142620.1	240059	240080	2
CP142620.1	240080	240144	3
CP142620.1	240144	240149	4
CP142620.1	240149	240152	3
CP142620.1	240152	240173	4
CP142620.1	240173	240177	5
CP142620.1	240177	240219	4
CP142620.1	240219	240250	3
CP142620.1	240250	240284	2
CP142620.1	240284	240285	1
CP142620.1	240285	240286	0
CP142620.1	240286	240352	1
CP142620.1	240352	240360	0
CP142620.1	240360	240426	1
CP142620.1	240426	240475	2
CP142620.1	240475	240552	1
CP142620.1	240552	240662	0
CP142620.1	240662	240743	1
CP142620.1	240743	240745	0
CP142620.1	240745	240958	1
CP142620.1	240958	240960	0
CP142620.1	240960	241052	1
CP142620.1	241052	241104	0
CP142620.1	241104	241162	1
CP142620.1	241162	241171	2
CP142620.1	241171	241215	3
CP142620.1	241215	241217	2
CP142620.1	241217	241219	3
CP142620.1	241219	241238	2
CP142620.1	241238	241242	1
CP142620.1	241242	241260	2
CP142620.1	241260	241263	1
CP142620.1	241263	241268	0
CP142620.1	241268	241271	2
CP142620.1	241271	241272	1
CP142620.1	241272	241362	2
CP142620.1	241362	241370	1
CP142620.1	241370	241371	0
CP142620.1	241371	241389	1
CP142620.1	241389	241395	2
CP142620.1	241395	241583	1
CP142620.1	241583	241601	2
CP142620.1	241601	241646	3
CP142620.1	241646	241656	2
CP142620.1	241656	241674	1
CP142620.1	241674	241692	2
CP142620.1	241692	241733	3
CP142620.1	241733	241776	4
CP142620.1	241776	241806	5
CP142620.1	241806	241852	4
CP142620.1	241852	241886	3
CP142620.1	241886	241908	2
CP142620.1	241908	241925	3
CP142620.1	241925	241955	4
CP142620.1	241955	241965	3
CP142620.1	241965	242016	2
CP142620.1	242016	242019	1
CP142620.1	242019	242020	2
CP142620.1	242020	242140	1
CP142620.1	242140	242200	2
CP142620.1	242200	242226	1
CP142620.1	242226	242228	3
CP142620.1	242228	242253	2
CP142620.1	242253	242328	3
CP142620.1	242328	242329	2
CP142620.1	242329	242331	3
CP142620.1	242331	242340	2
CP142620.1	242340	242381	3
CP142620.1	242381	242382	2
CP142620.1	242382	242384	3
CP142620.1	242384	242388	2
CP142620.1	242388	242481	1
CP142620.1	242481	242494	2
CP142620.1	242494	242501	1
CP142620.1	242501	242581	2
CP142620.1	242581	242631	1
CP142620.1	242631	242656	2
CP142620.1	242656	242657	1
CP142620.1	242657	242658	0
CP142620.1	242658	242659	2
CP142620.1	242659	242701	3
CP142620.1	242701	242713	2
CP142620.1	242713	242714	1
CP142620.1	242714	242715	2
CP142620.1	242715	242732	3
CP142620.1	242732	242741	2
CP142620.1	242741	242742	1
CP142620.1	242742	242759	2
CP142620.1	242759	242908	1
CP142620.1	242908	242936	2
CP142620.1	242936	242970	1
CP142620.1	242970	243064	2
CP142620.1	243064	243094	3
CP142620.1	243094	243118	2
CP142620.1	243118	243141	1
CP142620.1	243141	243206	2
CP142620.1	243206	243233	1
CP142620.1	243233	243339	0
CP142620.1	243339	243430	1
CP142620.1	243430	243635	0
CP142620.1	243635	243661	1
CP142620.1	243661	243704	2
CP142620.1	243704	243756	1
CP142620.1	243756	243836	2
CP142620.1	243836	243850	1
CP142620.1	243850	243866	2
CP142620.1	243866	243912	1
CP142620.1	243912	243942	0
CP142620.1	243942	244110	1
CP142620.1	244110	244245	0
CP142620.1	244245	244256	1
CP142620.1	244256	244298	2
CP142620.1	244298	244338	3
CP142620.1	244338	244357	2
CP142620.1	244357	244393	3
CP142620.1	244393	244396	2
CP142620.1	244396	244410	3
CP142620.1	244410	244419	2
CP142620.1	244419	244420	1
CP142620.1	244420	244472	3
CP142620.1	244472	244517	2
CP142620.1	244517	244563	3
CP142620.1	244563	244629	2
CP142620.1	244629	244638	1
CP142620.1	244638	244815	0
CP142620.1	244815	244950	1
CP142620.1	244950	245118	2
CP142620.1	245118	245222	1
CP142620.1	245222	245272	2
CP142620.1	245272	245393	1
CP142620.1	245393	245449	0
CP142620.1	245449	245466	1
CP142620.1	245466	245529	2
CP142620.1	245529	245574	1
CP142620.1	245574	245686	0
CP142620.1	245686	245819	1
CP142620.1	245819	245956	0
CP142620.1	245956	245958	1
CP142620.1	245958	245994	2
CP142620.1	245994	245995	1
CP142620.1	245995	246019	2
CP142620.1	246019	246024	3
CP142620.1	246024	246032	4
CP142620.1	246032	246077	3
CP142620.1	246077	246120	2
CP142620.1	246120	246126	1
CP142620.1	246126	246134	2
CP142620.1	246134	246150	3
CP142620.1	246150	246163	2
CP142620.1	246163	246164	1
CP142620.1	246164	246227	2
CP142620.1	246227	246249	0
CP142620.1	246249	246251	1
CP142620.1	246251	246252	2
CP142620.1	246252	246261	3
CP142620.1	246261	246357	4
CP142620.1	246357	246366	3
CP142620.1	246366	246383	4
CP142620.1	246383	246384	3
CP142620.1	246384	246401	4
CP142620.1	246401	246486	3
CP142620.1	246486	246505	4
CP142620.1	246505	246506	3
CP142620.1	246506	246509	4
CP142620.1	246509	246545	3
CP142620.1	246545	246562	2
CP142620.1	246562	246627	1
CP142620.1	246627	246629	0
CP142620.1	246629	246698	1
CP142620.1	246698	246702	2
CP142620.1	246702	246749	1
CP142620.1	246749	246778	2
CP142620.1	246778	246779	1
CP142620.1	246779	246833	2
CP142620.1	246833	246876	3
CP142620.1	246876	246879	2
CP142620.1	246879	246893	3
CP142620.1	246893	246924	4
CP142620.1	246924	246986	3
CP142620.1	246986	246987	0
CP142620.1	246987	246997	2
CP142620.1	246997	247002	0
CP142620.1	247002	247015	2
CP142620.1	247015	247016	1
CP142620.1	247016	247031	2
CP142620.1	247031	247041	1
CP142620.1	247041	247268	0
CP142620.1	247268	247296	1
CP142620.1	247296	247301	0
CP142620.1	247301	247304	1
CP142620.1	247304	247305	2
CP142620.1	247305	247318	3
CP142620.1	247318	247319	2
CP142620.1	247319	247346	3
CP142620.1	247346	247350	4
CP142620.1	247350	247364	5
CP142620.1	247364	247365	3
CP142620.1	247365	247372	5
CP142620.1	247372	247373	3
CP142620.1	247373	247392	5
CP142620.1	247392	247393	4
CP142620.1	247393	247401	3
CP142620.1	247401	247402	0
CP142620.1	247402	247403	1
CP142620.1	247403	247412	3
CP142620.1	247412	247415	2
CP142620.1	247415	247416	0
CP142620.1	247416	247421	3
CP142620.1	247421	247423	2
CP142620.1	247423	247438	3
CP142620.1	247438	247458	4
CP142620.1	247458	247482	3
CP142620.1	247482	247497	2
CP142620.1	247497	247504	3
CP142620.1	247504	247520	2
CP142620.1	247520	247521	1
CP142620.1	247521	247523	2
CP142620.1	247523	247524	1
CP142620.1	247524	247564	2
CP142620.1	247564	247565	1
CP142620.1	247565	247573	2
CP142620.1	247573	247574	1
CP142620.1	247574	247606	2
CP142620.1	247606	247628	1
CP142620.1	247628	247669	2
CP142620.1	247669	247722	1
CP142620.1	247722	247848	2
CP142620.1	247848	247896	1
CP142620.1	247896	247916	0
CP142620.1	247916	247934	1
CP142620.1	247934	247935	0
CP142620.1	247935	247967	1
CP142620.1	247967	248028	2
CP142620.1	248028	248121	1
CP142620.1	248121	248224	2
CP142620.1	248224	248227	1
CP142620.1	248227	248295	0
CP142620.1	248295	248299	1
CP142620.1	248299	248339	2
CP142620.1	248339	248340	1
CP142620.1	248340	248351	2
CP142620.1	248351	248352	1
CP142620.1	248352	248438	3
CP142620.1	248438	248439	2
CP142620.1	248439	248498	3
CP142620.1	248498	248501	2
CP142620.1	248501	248530	3
CP142620.1	248530	248559	2
CP142620.1	248559	248562	1
CP142620.1	248562	248601	2
CP142620.1	248601	248632	1
CP142620.1	248632	248670	0
CP142620.1	248670	248706	1
CP142620.1	248706	248708	0
CP142620.1	248708	248736	1
CP142620.1	248736	248784	0
CP142620.1	248784	248880	1
CP142620.1	248880	248935	2
CP142620.1	248935	248942	1
CP142620.1	248942	248959	2
CP142620.1	248959	248985	1
CP142620.1	248985	249071	0
CP142620.1	249071	249090	1
CP142620.1	249090	249091	0
CP142620.1	249091	249146	1
CP142620.1	249146	249147	0
CP142620.1	249147	249171	1
CP142620.1	249171	249363	0
CP142620.1	249363	249379	1
CP142620.1	249379	249386	2
CP142620.1	249386	249387	3
CP142620.1	249387	249391	2
CP142620.1	249391	249401	3
CP142620.1	249401	249402	2
CP142620.1	249402	249462	3
CP142620.1	249462	249474	2
CP142620.1	249474	249532	3
CP142620.1	249532	249537	2
CP142620.1	249537	249538	1
CP142620.1	249538	249566	2
CP142620.1	249566	249581	1
CP142620.1	249581	249584	0
CP142620.1	249584	249696	1
CP142620.1	249696	249872	0
CP142620.1	249872	249939	1
CP142620.1	249939	249944	0
CP142620.1	249944	249946	1
CP142620.1	249946	249965	2
CP142620.1	249965	249967	1
CP142620.1	249967	250032	2
CP142620.1	250032	250097	1
CP142620.1	250097	250160	0
CP142620.1	250160	250212	1
CP142620.1	250212	250225	2
CP142620.1	250225	250310	1
CP142620.1	250310	250362	2
CP142620.1	250362	250499	1
CP142620.1	250499	250553	2
CP142620.1	250553	250556	3
CP142620.1	250556	250621	2
CP142620.1	250621	250690	1
CP142620.1	250690	250691	0
CP142620.1	250691	250695	1
CP142620.1	250695	250700	2
CP142620.1	250700	250709	3
CP142620.1	250709	250740	2
CP142620.1	250740	250748	1
CP142620.1	250748	250757	0
CP142620.1	250757	250778	1
CP142620.1	250778	250838	2
CP142620.1	250838	250843	3
CP142620.1	250843	250898	2
CP142620.1	250898	250902	3
CP142620.1	250902	250903	2
CP142620.1	250903	250931	3
CP142620.1	250931	250953	4
CP142620.1	250953	250976	3
CP142620.1	250976	250984	2
CP142620.1	250984	250985	1
CP142620.1	250985	251007	2
CP142620.1	251007	251008	1
CP142620.1	251008	251023	2
CP142620.1	251023	251028	1
CP142620.1	251028	251065	2
CP142620.1	251065	251075	3
CP142620.1	251075	251078	2
CP142620.1	251078	251085	3
CP142620.1	251085	251090	2
CP142620.1	251090	251108	3
CP142620.1	251108	251122	2
CP142620.1	251122	251123	1
CP142620.1	251123	251126	2
CP142620.1	251126	251138	1
CP142620.1	251138	251215	0
CP142620.1	251215	251323	1
CP142620.1	251323	251324	0
CP142620.1	251324	251370	1
CP142620.1	251370	251393	0
CP142620.1	251393	251423	1
CP142620.1	251423	251431	2
CP142620.1	251431	251432	1
CP142620.1	251432	251520	2
CP142620.1	251520	251532	3
CP142620.1	251532	251570	2
CP142620.1	251570	251584	1
CP142620.1	251584	251586	0
CP142620.1	251586	251678	1
CP142620.1	251678	251700	0
CP142620.1	251700	251710	1
CP142620.1	251710	251743	2
CP142620.1	251743	251745	0
CP142620.1	251745	251769	2
CP142620.1	251769	251876	1
CP142620.1	251876	251947	2
CP142620.1	251947	251963	1
CP142620.1	251963	252024	2
CP142620.1	252024	252074	1
CP142620.1	252074	252098	2
CP142620.1	252098	252099	1
CP142620.1	252099	252109	2
CP142620.1	252109	252110	1
CP142620.1	252110	252125	2
CP142620.1	252125	252153	3
CP142620.1	252153	252177	2
CP142620.1	252177	252181	1
CP142620.1	252181	252255	0
CP142620.1	252255	252272	1
CP142620.1	252272	252291	2
CP142620.1	252291	252292	1
CP142620.1	252292	252325	2
CP142620.1	252325	252356	3
CP142620.1	252356	252364	2
CP142620.1	252364	252377	3
CP142620.1	252377	252380	2
CP142620.1	252380	252381	1
CP142620.1	252381	252384	2
CP142620.1	252384	252464	3
CP142620.1	252464	252474	2
CP142620.1	252474	252476	1
CP142620.1	252476	252536	0
CP142620.1	252536	252543	1
CP142620.1	252543	252604	2
CP142620.1	252604	252605	1
CP142620.1	252605	252634	2
CP142620.1	252634	252646	3
CP142620.1	252646	252649	2
CP142620.1	252649	252763	1
CP142620.1	252763	252767	2
CP142620.1	252767	252798	3
CP142620.1	252798	252799	2
CP142620.1	252799	252802	1
CP142620.1	252802	252803	2
CP142620.1	252803	252805	3
CP142620.1	252805	252836	4
CP142620.1	252836	252837	3
CP142620.1	252837	252840	4
CP142620.1	252840	252847	3
CP142620.1	252847	252848	2
CP142620.1	252848	252888	3
CP142620.1	252888	252891	2
CP142620.1	252891	252941	3
CP142620.1	252941	253010	2
CP142620.1	253010	253011	1
CP142620.1	253011	253025	2
CP142620.1	253025	253044	1
CP142620.1	253044	253046	0
CP142620.1	253046	253053	1
CP142620.1	253053	253056	0
CP142620.1	253056	253075	1
CP142620.1	253075	253141	0
CP142620.1	253141	253236	1
CP142620.1	253236	253238	0
CP142620.1	253238	253257	1
CP142620.1	253257	253293	2
CP142620.1	253293	253373	1
CP142620.1	253373	253388	2
CP142620.1	253388	253416	3
CP142620.1	253416	253422	2
CP142620.1	253422	253447	1
CP142620.1	253447	253471	0
CP142620.1	253471	253578	1
CP142620.1	253578	253585	2
CP142620.1	253585	253668	3
CP142620.1	253668	253701	2
CP142620.1	253701	253755	3
CP142620.1	253755	253798	2
CP142620.1	253798	253832	3
CP142620.1	253832	253844	2
CP142620.1	253844	253858	3
CP142620.1	253858	253881	2
CP142620.1	253881	253928	1
CP142620.1	253928	253954	2
CP142620.1	253954	253958	1
CP142620.1	253958	253975	2
CP142620.1	253975	253981	3
CP142620.1	253981	253994	2
CP142620.1	253994	254016	1
CP142620.1	254016	254033	0
CP142620.1	254033	254039	1
CP142620.1	254039	254040	0
CP142620.1	254040	254097	1
CP142620.1	254097	254174	2
CP142620.1	254174	254177	1
CP142620.1	254177	254192	2
CP142620.1	254192	254240	1
CP142620.1	254240	254267	2
CP142620.1	254267	254414	1
CP142620.1	254414	254441	2
CP142620.1	254441	254475	1
CP142620.1	254475	254554	2
CP142620.1	254554	254588	3
CP142620.1	254588	254594	2
CP142620.1	254594	254755	1
CP142620.1	254755	254777	0
CP142620.1	254777	254855	1
CP142620.1	254855	254940	2
CP142620.1	254940	255108	1
CP142620.1	255108	255161	2
CP142620.1	255161	255162	1
CP142620.1	255162	255186	3
CP142620.1	255186	255213	2
CP142620.1	255213	255214	1
CP142620.1	255214	255245	2
CP142620.1	255245	255300	1
CP142620.1	255300	255356	0
CP142620.1	255356	255514	1
CP142620.1	255514	255559	2
CP142620.1	255559	255561	1
CP142620.1	255561	255604	2
CP142620.1	255604	255605	3
CP142620.1	255605	255646	2
CP142620.1	255646	255673	3
CP142620.1	255673	255687	2
CP142620.1	255687	255688	1
CP142620.1	255688	255701	2
CP142620.1	255701	255741	1
CP142620.1	255741	255758	2
CP142620.1	255758	255852	1
CP142620.1	255852	255900	0
CP142620.1	255900	255940	1
CP142620.1	255940	256230	0
CP142620.1	256230	256231	1
CP142620.1	256231	256325	2
CP142620.1	256325	256399	1
CP142620.1	256399	256423	2
CP142620.1	256423	256475	3
CP142620.1	256475	256478	2
CP142620.1	256478	256482	1
CP142620.1	256482	256490	0
CP142620.1	256490	256491	1
CP142620.1	256491	256502	2
CP142620.1	256502	256503	1
CP142620.1	256503	256566	2
CP142620.1	256566	256567	1
CP142620.1	256567	256606	2
CP142620.1	256606	256609	1
CP142620.1	256609	256684	2
CP142620.1	256684	256725	1
CP142620.1	256725	256786	2
CP142620.1	256786	256853	1
CP142620.1	256853	256996	0
CP142620.1	256996	257059	1
CP142620.1	257059	257066	2
CP142620.1	257066	257119	1
CP142620.1	257119	257141	0
CP142620.1	257141	257186	1
CP142620.1	257186	257187	2
CP142620.1	257187	257286	1
CP142620.1	257286	257301	0
CP142620.1	257301	257369	1
CP142620.1	257369	257401	2
CP142620.1	257401	257402	1
CP142620.1	257402	257415	2
CP142620.1	257415	257508	1
CP142620.1	257508	257547	2
CP142620.1	257547	257644	1
CP142620.1	257644	257695	0
CP142620.1	257695	257751	1
CP142620.1	257751	257839	0
CP142620.1	257839	257848	1
CP142620.1	257848	257890	2
CP142620.1	257890	257891	0
CP142620.1	257891	257892	1
CP142620.1	257892	257937	2
CP142620.1	257937	257980	1
CP142620.1	257980	258120	0
CP142620.1	258120	258184	1
CP142620.1	258184	258260	0
CP142620.1	258260	258354	1
CP142620.1	258354	258438	0
CP142620.1	258438	258526	1
CP142620.1	258526	258569	2
CP142620.1	258569	258585	3
CP142620.1	258585	258593	4
CP142620.1	258593	258612	3
CP142620.1	258612	258697	2
CP142620.1	258697	258725	3
CP142620.1	258725	258798	2
CP142620.1	258798	258853	1
CP142620.1	258853	258854	0
CP142620.1	258854	258872	1
CP142620.1	258872	258875	2
CP142620.1	258875	258893	1
CP142620.1	258893	258894	0
CP142620.1	258894	259009	1
CP142620.1	259009	259083	0
CP142620.1	259083	259140	1
CP142620.1	259140	259164	2
CP142620.1	259164	259165	1
CP142620.1	259165	259168	2
CP142620.1	259168	259247	3
CP142620.1	259247	259249	1
CP142620.1	259249	259267	2
CP142620.1	259267	259268	1
CP142620.1	259268	259288	2
CP142620.1	259288	259292	1
CP142620.1	259292	259323	2
CP142620.1	259323	259326	3
CP142620.1	259326	259348	2
CP142620.1	259348	259389	1
CP142620.1	259389	259508	2
CP142620.1	259508	259578	1
CP142620.1	259578	259589	0
CP142620.1	259589	259685	1
CP142620.1	259685	259733	2
CP142620.1	259733	259764	1
CP142620.1	259764	259782	2
CP142620.1	259782	259807	1
CP142620.1	259807	259829	2
CP142620.1	259829	259834	3
CP142620.1	259834	259872	4
CP142620.1	259872	259883	3
CP142620.1	259883	259884	2
CP142620.1	259884	259916	3
CP142620.1	259916	259937	4
CP142620.1	259937	259940	3
CP142620.1	259940	259964	4
CP142620.1	259964	259965	0
CP142620.1	259965	259972	3
CP142620.1	259972	259980	4
CP142620.1	259980	259987	3
CP142620.1	259987	260060	4
CP142620.1	260060	260071	3
CP142620.1	260071	260087	2
CP142620.1	260087	260105	3
CP142620.1	260105	260129	2
CP142620.1	260129	260196	3
CP142620.1	260196	260198	2
CP142620.1	260198	260339	3
CP142620.1	260339	260341	2
CP142620.1	260341	260349	3
CP142620.1	260349	260350	2
CP142620.1	260350	260418	3
CP142620.1	260418	260494	2
CP142620.1	260494	260504	1
CP142620.1	260504	260505	2
CP142620.1	260505	260516	3
CP142620.1	260516	260561	2
CP142620.1	260561	260617	1
CP142620.1	260617	260641	0
CP142620.1	260641	260710	1
CP142620.1	260710	260720	0
CP142620.1	260720	260848	1
CP142620.1	260848	260849	0
CP142620.1	260849	260905	1
CP142620.1	260905	260980	0
CP142620.1	260980	261181	1
CP142620.1	261181	261280	2
CP142620.1	261280	261315	1
CP142620.1	261315	261359	2
CP142620.1	261359	261397	3
CP142620.1	261397	261417	2
CP142620.1	261417	261450	3
CP142620.1	261450	261482	2
CP142620.1	261482	261551	1
CP142620.1	261551	261586	2
CP142620.1	261586	261663	1
CP142620.1	261663	261710	0
CP142620.1	261710	261749	1
CP142620.1	261749	261794	2
CP142620.1	261794	261908	1
CP142620.1	261908	262007	0
CP142620.1	262007	262034	1
CP142620.1	262034	262055	2
CP142620.1	262055	262111	1
CP142620.1	262111	262318	0
CP142620.1	262318	262374	1
CP142620.1	262374	262462	2
CP142620.1	262462	262468	1
CP142620.1	262468	262498	2
CP142620.1	262498	262533	3
CP142620.1	262533	262541	4
CP142620.1	262541	262558	3
CP142620.1	262558	262592	2
CP142620.1	262592	262594	1
CP142620.1	262594	262606	2
CP142620.1	262606	262618	1
CP142620.1	262618	262689	0
CP142620.1	262689	262808	1
CP142620.1	262808	262931	2
CP142620.1	262931	262990	1
CP142620.1	262990	262991	0
CP142620.1	262991	263018	1
CP142620.1	263018	263019	0
CP142620.1	263019	263071	1
CP142620.1	263071	263073	0
CP142620.1	263073	263093	1
CP142620.1	263093	263096	0
CP142620.1	263096	263140	1
CP142620.1	263140	263369	0
CP142620.1	263369	263400	1
CP142620.1	263400	263446	2
CP142620.1	263446	263472	1
CP142620.1	263472	263778	0
CP142620.1	263778	263888	1
CP142620.1	263888	263951	0
CP142620.1	263951	263983	1
CP142620.1	263983	264070	2
CP142620.1	264070	264071	3
CP142620.1	264071	264159	2
CP142620.1	264159	264166	1
CP142620.1	264166	264307	0
CP142620.1	264307	264347	1
CP142620.1	264347	264349	0
CP142620.1	264349	264529	1
CP142620.1	264529	264551	2
CP142620.1	264551	264581	3
CP142620.1	264581	264600	2
CP142620.1	264600	264652	1
CP142620.1	264652	264653	0
CP142620.1	264653	264747	1
CP142620.1	264747	264761	0
CP142620.1	264761	264795	1
CP142620.1	264795	264866	0
CP142620.1	264866	264884	1
CP142620.1	264884	264886	2
CP142620.1	264886	264917	3
CP142620.1	264917	264924	2
CP142620.1	264924	264929	3
CP142620.1	264929	264953	4
CP142620.1	264953	265008	3
CP142620.1	265008	265072	4
CP142620.1	265072	265112	3
CP142620.1	265112	265115	2
CP142620.1	265115	265186	1
CP142620.1	265186	265198	0
CP142620.1	265198	265290	1
CP142620.1	265290	265315	0
CP142620.1	265315	265324	1
CP142620.1	265324	265361	2
CP142620.1	265361	265362	1
CP142620.1	265362	265462	2
CP142620.1	265462	265503	1
CP142620.1	265503	265707	0
CP142620.1	265707	265736	1
CP142620.1	265736	265739	0
CP142620.1	265739	265828	1
CP142620.1	265828	265831	0
CP142620.1	265831	265869	1
CP142620.1	265869	265884	0
CP142620.1	265884	266011	1
CP142620.1	266011	266085	2
CP142620.1	266085	266086	1
CP142620.1	266086	266089	2
CP142620.1	266089	266112	1
CP142620.1	266112	266237	0
CP142620.1	266237	266316	1
CP142620.1	266316	266421	0
CP142620.1	266421	266520	1
CP142620.1	266520	266526	2
CP142620.1	266526	266535	3
CP142620.1	266535	266571	2
CP142620.1	266571	266606	1
CP142620.1	266606	266655	2
CP142620.1	266655	266699	1
CP142620.1	266699	266786	2
CP142620.1	266786	266838	1
CP142620.1	266838	266839	0
CP142620.1	266839	266852	1
CP142620.1	266852	267044	0
CP142620.1	267044	267125	1
CP142620.1	267125	267129	0
CP142620.1	267129	267139	1
CP142620.1	267139	267142	0
CP142620.1	267142	267161	1
CP142620.1	267161	267247	0
CP142620.1	267247	267286	1
CP142620.1	267286	267353	2
CP142620.1	267353	267429	1
CP142620.1	267429	267756	0
CP142620.1	267756	267873	1
CP142620.1	267873	267876	2
CP142620.1	267876	267877	1
CP142620.1	267877	267916	2
CP142620.1	267916	267917	1
CP142620.1	267917	267924	2
CP142620.1	267924	267930	1
CP142620.1	267930	267934	0
CP142620.1	267934	268029	1
CP142620.1	268029	268170	0
CP142620.1	268170	268213	1
CP142620.1	268213	268309	0
CP142620.1	268309	268387	1
CP142620.1	268387	268503	0
CP142620.1	268503	268560	1
CP142620.1	268560	268589	2
CP142620.1	268589	268702	1
CP142620.1	268702	268825	0
CP142620.1	268825	268884	1
CP142620.1	268884	268978	2
CP142620.1	268978	269047	3
CP142620.1	269047	269064	4
CP142620.1	269064	269091	5
CP142620.1	269091	269114	6
CP142620.1	269114	269124	5
CP142620.1	269124	269131	4
CP142620.1	269131	269136	3
CP142620.1	269136	269150	2
CP142620.1	269150	269160	1
CP142620.1	269160	269161	0
CP142620.1	269161	269172	1
CP142620.1	269172	269176	2
CP142620.1	269176	269177	1
CP142620.1	269177	269205	2
CP142620.1	269205	269223	1
CP142620.1	269223	269234	2
CP142620.1	269234	269284	1
CP142620.1	269284	269317	2
CP142620.1	269317	269375	1
CP142620.1	269375	269400	2
CP142620.1	269400	269434	1
CP142620.1	269434	269477	2
CP142620.1	269477	269493	3
CP142620.1	269493	269494	2
CP142620.1	269494	269519	3
CP142620.1	269519	269523	2
CP142620.1	269523	269544	3
CP142620.1	269544	269547	2
CP142620.1	269547	269552	3
CP142620.1	269552	269553	2
CP142620.1	269553	269554	1
CP142620.1	269554	269555	2
CP142620.1	269555	269580	3
CP142620.1	269580	269591	4
CP142620.1	269591	269659	3
CP142620.1	269659	269738	2
CP142620.1	269738	269740	3
CP142620.1	269740	269776	2
CP142620.1	269776	269777	1
CP142620.1	269777	269813	2
CP142620.1	269813	269817	3
CP142620.1	269817	269821	4
CP142620.1	269821	269849	5
CP142620.1	269849	269860	4
CP142620.1	269860	269871	3
CP142620.1	269871	269906	2
CP142620.1	269906	269935	1
CP142620.1	269935	270058	0
CP142620.1	270058	270137	1
CP142620.1	270137	270208	0
CP142620.1	270208	270244	1
CP142620.1	270244	270252	2
CP142620.1	270252	270259	3
CP142620.1	270259	270266	2
CP142620.1	270266	270275	3
CP142620.1	270275	270276	2
CP142620.1	270276	270279	3
CP142620.1	270279	270338	4
CP142620.1	270338	270372	5
CP142620.1	270372	270375	4
CP142620.1	270375	270419	3
CP142620.1	270419	270481	2
CP142620.1	270481	270482	1
CP142620.1	270482	270499	3
CP142620.1	270499	270500	2
CP142620.1	270500	270507	3
CP142620.1	270507	270515	2
CP142620.1	270515	270516	1
CP142620.1	270516	270550	2
CP142620.1	270550	270552	3
CP142620.1	270552	270574	2
CP142620.1	270574	270727	1
CP142620.1	270727	270730	0
CP142620.1	270730	270795	1
CP142620.1	270795	270798	2
CP142620.1	270798	270882	1
CP142620.1	270882	270883	0
CP142620.1	270883	270906	1
CP142620.1	270906	270938	0
CP142620.1	270938	270993	1
CP142620.1	270993	271055	2
CP142620.1	271055	271131	3
CP142620.1	271131	271146	2
CP142620.1	271146	271157	3
CP142620.1	271157	271158	2
CP142620.1	271158	271169	3
CP142620.1	271169	271172	2
CP142620.1	271172	271217	3
CP142620.1	271217	271226	2
CP142620.1	271226	271285	1
CP142620.1	271285	271303	2
CP142620.1	271303	271307	3
CP142620.1	271307	271327	4
CP142620.1	271327	271331	3
CP142620.1	271331	271332	2
CP142620.1	271332	271360	3
CP142620.1	271360	271361	2
CP142620.1	271361	271389	3
CP142620.1	271389	271390	2
CP142620.1	271390	271391	1
CP142620.1	271391	271437	2
CP142620.1	271437	271469	1
CP142620.1	271469	271580	0
CP142620.1	271580	271749	1
CP142620.1	271749	271774	0
CP142620.1	271774	271776	1
CP142620.1	271776	271890	2
CP142620.1	271890	271974	1
CP142620.1	271974	271977	2
CP142620.1	271977	272120	1
CP142620.1	272120	272128	2
CP142620.1	272128	272150	1
CP142620.1	272150	272201	2
CP142620.1	272201	272204	1
CP142620.1	272204	272319	0
CP142620.1	272319	272324	1
CP142620.1	272324	272386	2
CP142620.1	272386	272390	1
CP142620.1	272390	272404	2
CP142620.1	272404	272464	1
CP142620.1	272464	272465	0
CP142620.1	272465	272468	1
CP142620.1	272468	272546	0
CP142620.1	272546	272676	1
CP142620.1	272676	272681	2
CP142620.1	272681	272682	1
CP142620.1	272682	272783	2
CP142620.1	272783	272801	3
CP142620.1	272801	272846	2
CP142620.1	272846	272847	0
CP142620.1	272847	272950	2
CP142620.1	272950	272979	3
CP142620.1	272979	273029	2
CP142620.1	273029	273039	1
CP142620.1	273039	273101	0
CP142620.1	273101	273109	1
CP142620.1	273109	273165	2
CP142620.1	273165	273166	0
CP142620.1	273166	273169	1
CP142620.1	273169	273187	2
CP142620.1	273187	273191	1
CP142620.1	273191	273252	2
CP142620.1	273252	273323	1
CP142620.1	273323	273814	0
CP142620.1	273814	273922	1
CP142620.1	273922	274181	0
CP142620.1	274181	274228	1
CP142620.1	274228	274229	0
CP142620.1	274229	274286	1
CP142620.1	274286	274331	0
CP142620.1	274331	274374	1
CP142620.1	274374	274382	2
CP142620.1	274382	274429	3
CP142620.1	274429	274449	2
CP142620.1	274449	274461	1
CP142620.1	274461	274464	0
CP142620.1	274464	274485	1
CP142620.1	274485	274488	0
CP142620.1	274488	274592	1
CP142620.1	274592	274716	0
CP142620.1	274716	274767	1
CP142620.1	274767	274770	0
CP142620.1	274770	274781	1
CP142620.1	274781	274787	0
CP142620.1	274787	274903	1
CP142620.1	274903	274946	2
CP142620.1	274946	274959	3
CP142620.1	274959	274960	2
CP142620.1	274960	275048	3
CP142620.1	275048	275050	2
CP142620.1	275050	275069	3
CP142620.1	275069	275081	2
CP142620.1	275081	275141	1
CP142620.1	275141	275150	0
CP142620.1	275150	275170	1
CP142620.1	275170	275172	0
CP142620.1	275172	275186	1
CP142620.1	275186	275214	2
CP142620.1	275214	275258	1
CP142620.1	275258	275365	0
CP142620.1	275365	275418	1
CP142620.1	275418	275434	2
CP142620.1	275434	275528	1
CP142620.1	275528	275539	2
CP142620.1	275539	275543	1
CP142620.1	275543	275592	2
CP142620.1	275592	275629	1
CP142620.1	275629	275650	2
CP142620.1	275650	275666	3
CP142620.1	275666	275684	2
CP142620.1	275684	275709	3
CP142620.1	275709	275747	2
CP142620.1	275747	275748	1
CP142620.1	275748	275763	2
CP142620.1	275763	275767	1
CP142620.1	275767	275785	2
CP142620.1	275785	275788	1
CP142620.1	275788	275839	2
CP142620.1	275839	275840	1
CP142620.1	275840	275852	3
CP142620.1	275852	275873	2
CP142620.1	275873	275951	1
CP142620.1	275951	275954	0
CP142620.1	275954	276099	1
CP142620.1	276099	276103	0
CP142620.1	276103	276150	1
CP142620.1	276150	276179	2
CP142620.1	276179	276181	1
CP142620.1	276181	276246	2
CP142620.1	276246	276286	1
CP142620.1	276286	276579	0
CP142620.1	276579	276630	1
CP142620.1	276630	276729	0
CP142620.1	276729	276782	1
CP142620.1	276782	276792	0
CP142620.1	276792	276870	1
CP142620.1	276870	277003	0
CP142620.1	277003	277051	1
CP142620.1	277051	277052	0
CP142620.1	277052	277066	1
CP142620.1	277066	277069	0
CP142620.1	277069	277130	1
CP142620.1	277130	277163	0
CP142620.1	277163	277247	1
CP142620.1	277247	277272	0
CP142620.1	277272	277303	1
CP142620.1	277303	277435	0
CP142620.1	277435	277447	1
CP142620.1	277447	277450	0
CP142620.1	277450	277455	1
CP142620.1	277455	277456	0
CP142620.1	277456	277503	1
CP142620.1	277503	277504	0
CP142620.1	277504	277525	2
CP142620.1	277525	277531	1
CP142620.1	277531	277556	2
CP142620.1	277556	277631	1
CP142620.1	277631	277634	0
CP142620.1	277634	277642	1
CP142620.1	277642	277645	0
CP142620.1	277645	277671	1
CP142620.1	277671	277781	2
CP142620.1	277781	277785	3
CP142620.1	277785	277829	2
CP142620.1	277829	277839	1
CP142620.1	277839	277843	2
CP142620.1	277843	277844	1
CP142620.1	277844	277859	2
CP142620.1	277859	277865	1
CP142620.1	277865	277898	2
CP142620.1	277898	277899	3
CP142620.1	277899	277902	2
CP142620.1	277902	277918	3
CP142620.1	277918	277960	2
CP142620.1	277960	278004	1
CP142620.1	278004	278015	0
CP142620.1	278015	278040	1
CP142620.1	278040	278041	0
CP142620.1	278041	278089	1
CP142620.1	278089	278090	0
CP142620.1	278090	278143	1
CP142620.1	278143	278320	0
CP142620.1	278320	278331	1
CP142620.1	278331	278379	2
CP142620.1	278379	278388	3
CP142620.1	278388	278402	4
CP142620.1	278402	278403	3
CP142620.1	278403	278428	4
CP142620.1	278428	278469	3
CP142620.1	278469	278500	2
CP142620.1	278500	278511	3
CP142620.1	278511	278522	2
CP142620.1	278522	278548	3
CP142620.1	278548	278549	2
CP142620.1	278549	278557	3
CP142620.1	278557	278580	2
CP142620.1	278580	278587	3
CP142620.1	278587	278643	2
CP142620.1	278643	278644	1
CP142620.1	278644	278651	2
CP142620.1	278651	278660	1
CP142620.1	278660	278661	0
CP142620.1	278661	278703	1
CP142620.1	278703	278769	0
CP142620.1	278769	278772	1
CP142620.1	278772	278804	2
CP142620.1	278804	278907	3
CP142620.1	278907	278910	2
CP142620.1	278910	278926	3
CP142620.1	278926	278927	2
CP142620.1	278927	278928	1
CP142620.1	278928	278963	3
CP142620.1	278963	278964	2
CP142620.1	278964	279000	3
CP142620.1	279000	279014	2
CP142620.1	279014	279016	3
CP142620.1	279016	279067	2
CP142620.1	279067	279147	1
CP142620.1	279147	279155	0
CP142620.1	279155	279239	1
CP142620.1	279239	279285	2
CP142620.1	279285	279338	3
CP142620.1	279338	279371	2
CP142620.1	279371	279398	3
CP142620.1	279398	279410	2
CP142620.1	279410	279418	1
CP142620.1	279418	279480	2
CP142620.1	279480	279581	1
CP142620.1	279581	279582	0
CP142620.1	279582	279588	1
CP142620.1	279588	279611	2
CP142620.1	279611	279614	3
CP142620.1	279614	279638	4
CP142620.1	279638	279689	3
CP142620.1	279689	279690	1
CP142620.1	279690	279692	2
CP142620.1	279692	279698	3
CP142620.1	279698	279699	2
CP142620.1	279699	279720	3
CP142620.1	279720	279767	2
CP142620.1	279767	279787	3
CP142620.1	279787	279815	2
CP142620.1	279815	279938	1
CP142620.1	279938	280002	0
CP142620.1	280002	280037	1
CP142620.1	280037	280069	0
CP142620.1	280069	280116	1
CP142620.1	280116	280138	2
CP142620.1	280138	280140	1
CP142620.1	280140	280156	2
CP142620.1	280156	280158	1
CP142620.1	280158	280255	2
CP142620.1	280255	280316	1
CP142620.1	280316	280388	2
CP142620.1	280388	280394	1
CP142620.1	280394	280396	0
CP142620.1	280396	280403	1
CP142620.1	280403	280459	2
CP142620.1	280459	280464	3
CP142620.1	280464	280485	4
CP142620.1	280485	280558	3
CP142620.1	280558	280561	2
CP142620.1	280561	280596	3
CP142620.1	280596	280600	2
CP142620.1	280600	280606	3
CP142620.1	280606	280613	4
CP142620.1	280613	280624	5
CP142620.1	280624	280648	4
CP142620.1	280648	280651	3
CP142620.1	280651	280674	2
CP142620.1	280674	280710	1
CP142620.1	280710	280713	0
CP142620.1	280713	280789	1
CP142620.1	280789	280798	2
CP142620.1	280798	280799	1
CP142620.1	280799	280884	2
CP142620.1	280884	280895	3
CP142620.1	280895	280896	2
CP142620.1	280896	280936	3
CP142620.1	280936	280941	2
CP142620.1	280941	280953	3
CP142620.1	280953	280972	2
CP142620.1	280972	280992	3
CP142620.1	280992	281004	4
CP142620.1	281004	281007	3
CP142620.1	281007	281025	4
CP142620.1	281025	281036	2
CP142620.1	281036	281045	1
CP142620.1	281045	281197	0
CP142620.1	281197	281219	1
CP142620.1	281219	281227	2
CP142620.1	281227	281238	1
CP142620.1	281238	281263	2
CP142620.1	281263	281345	3
CP142620.1	281345	281355	2
CP142620.1	281355	281369	3
CP142620.1	281369	281370	2
CP142620.1	281370	281395	3
CP142620.1	281395	281438	4
CP142620.1	281438	281442	3
CP142620.1	281442	281466	2
CP142620.1	281466	281474	1
CP142620.1	281474	281482	0
CP142620.1	281482	281551	1
CP142620.1	281551	281579	0
CP142620.1	281579	281629	1
CP142620.1	281629	281639	2
CP142620.1	281639	281648	1
CP142620.1	281648	281791	2
CP142620.1	281791	281846	1
CP142620.1	281846	281847	0
CP142620.1	281847	281871	1
CP142620.1	281871	281916	2
CP142620.1	281916	281929	1
CP142620.1	281929	281967	2
CP142620.1	281967	281972	1
CP142620.1	281972	281975	0
CP142620.1	281975	282037	1
CP142620.1	282037	282102	2
CP142620.1	282102	282146	3
CP142620.1	282146	282147	2
CP142620.1	282147	282148	0
CP142620.1	282148	282149	2
CP142620.1	282149	282152	3
CP142620.1	282152	282157	4
CP142620.1	282157	282159	3
CP142620.1	282159	282178	4
CP142620.1	282178	282181	2
CP142620.1	282181	282203	4
CP142620.1	282203	282215	5
CP142620.1	282215	282216	4
CP142620.1	282216	282225	5
CP142620.1	282225	282228	4
CP142620.1	282228	282268	5
CP142620.1	282268	282283	4
CP142620.1	282283	282301	3
CP142620.1	282301	282368	2
CP142620.1	282368	282372	3
CP142620.1	282372	282398	2
CP142620.1	282398	282421	1
CP142620.1	282421	282422	0
CP142620.1	282422	282440	1
CP142620.1	282440	282492	2
CP142620.1	282492	282493	1
CP142620.1	282493	282500	2
CP142620.1	282500	282561	1
CP142620.1	282561	282609	0
CP142620.1	282609	282733	1
CP142620.1	282733	282760	2
CP142620.1	282760	282771	3
CP142620.1	282771	282774	2
CP142620.1	282774	282794	3
CP142620.1	282794	282798	2
CP142620.1	282798	282821	3
CP142620.1	282821	282822	1
CP142620.1	282822	282907	2
CP142620.1	282907	282942	1
CP142620.1	282942	282950	2
CP142620.1	282950	282999	1
CP142620.1	282999	283076	0
CP142620.1	283076	283107	1
CP142620.1	283107	283109	0
CP142620.1	283109	283138	1
CP142620.1	283138	283178	2
CP142620.1	283178	283179	1
CP142620.1	283179	283199	2
CP142620.1	283199	283205	1
CP142620.1	283205	283251	2
CP142620.1	283251	283413	1
CP142620.1	283413	283431	0
CP142620.1	283431	283484	1
CP142620.1	283484	283588	2
CP142620.1	283588	283595	1
CP142620.1	283595	283673	2
CP142620.1	283673	283700	1
CP142620.1	283700	283702	2
CP142620.1	283702	283786	3
CP142620.1	283786	283787	4
CP142620.1	283787	283788	3
CP142620.1	283788	283814	4
CP142620.1	283814	283827	3
CP142620.1	283827	283830	2
CP142620.1	283830	283839	1
CP142620.1	283839	283841	2
CP142620.1	283841	283858	1
CP142620.1	283858	283944	2
CP142620.1	283944	283954	3
CP142620.1	283954	283979	4
CP142620.1	283979	283982	2
CP142620.1	283982	284004	3
CP142620.1	284004	284005	2
CP142620.1	284005	284027	3
CP142620.1	284027	284074	4
CP142620.1	284074	284111	3
CP142620.1	284111	284130	4
CP142620.1	284130	284132	3
CP142620.1	284132	284133	2
CP142620.1	284133	284135	3
CP142620.1	284135	284139	4
CP142620.1	284139	284143	3
CP142620.1	284143	284146	2
CP142620.1	284146	284159	3
CP142620.1	284159	284170	4
CP142620.1	284170	284186	3
CP142620.1	284186	284263	2
CP142620.1	284263	284264	1
CP142620.1	284264	284305	2
CP142620.1	284305	284309	1
CP142620.1	284309	284438	2
CP142620.1	284438	284460	1
CP142620.1	284460	284468	0
CP142620.1	284468	284481	1
CP142620.1	284481	284505	2
CP142620.1	284505	284527	1
CP142620.1	284527	284528	0
CP142620.1	284528	284579	1
CP142620.1	284579	284611	0
CP142620.1	284611	284633	1
CP142620.1	284633	284698	2
CP142620.1	284698	284728	3
CP142620.1	284728	284773	2
CP142620.1	284773	284815	3
CP142620.1	284815	284871	2
CP142620.1	284871	284891	1
CP142620.1	284891	284897	2
CP142620.1	284897	284905	1
CP142620.1	284905	284906	0
CP142620.1	284906	284912	1
CP142620.1	284912	284915	0
CP142620.1	284915	284964	1
CP142620.1	284964	284966	2
CP142620.1	284966	285086	1
CP142620.1	285086	285119	2
CP142620.1	285119	285121	0
CP142620.1	285121	285127	2
CP142620.1	285127	285129	1
CP142620.1	285129	285134	2
CP142620.1	285134	285135	0
CP142620.1	285135	285136	1
CP142620.1	285136	285158	2
CP142620.1	285158	285159	0
CP142620.1	285159	285185	2
CP142620.1	285185	285189	1
CP142620.1	285189	285194	0
CP142620.1	285194	285200	1
CP142620.1	285200	285204	2
CP142620.1	285204	285208	1
CP142620.1	285208	285284	2
CP142620.1	285284	285286	1
CP142620.1	285286	285325	2
CP142620.1	285325	285334	1
CP142620.1	285334	285335	0
CP142620.1	285335	285336	1
CP142620.1	285336	285337	2
CP142620.1	285337	285380	3
CP142620.1	285380	285391	2
CP142620.1	285391	285487	1
CP142620.1	285487	285488	0
CP142620.1	285488	285493	1
CP142620.1	285493	285509	2
CP142620.1	285509	285633	1
CP142620.1	285633	285637	2
CP142620.1	285637	285667	1
CP142620.1	285667	285682	2
CP142620.1	285682	285685	1
CP142620.1	285685	285697	2
CP142620.1	285697	285702	1
CP142620.1	285702	285707	2
CP142620.1	285707	285790	3
CP142620.1	285790	285791	2
CP142620.1	285791	285820	3
CP142620.1	285820	285843	2
CP142620.1	285843	285845	1
CP142620.1	285845	285856	3
CP142620.1	285856	285858	2
CP142620.1	285858	285861	1
CP142620.1	285861	285869	2
CP142620.1	285869	285874	1
CP142620.1	285874	285876	2
CP142620.1	285876	285917	3
CP142620.1	285917	285948	2
CP142620.1	285948	285962	3
CP142620.1	285962	285963	2
CP142620.1	285963	285976	3
CP142620.1	285976	285983	2
CP142620.1	285983	286007	3
CP142620.1	286007	286018	2
CP142620.1	286018	286176	1
CP142620.1	286176	286224	2
CP142620.1	286224	286270	1
CP142620.1	286270	286271	0
CP142620.1	286271	286290	1
CP142620.1	286290	286291	0
CP142620.1	286291	286327	1
CP142620.1	286327	286329	0
CP142620.1	286329	286332	1
CP142620.1	286332	286336	0
CP142620.1	286336	286386	1
CP142620.1	286386	286399	2
CP142620.1	286399	286427	1
CP142620.1	286427	286441	0
CP142620.1	286441	286471	1
CP142620.1	286471	286485	2
CP142620.1	286485	286609	1
CP142620.1	286609	286681	0
CP142620.1	286681	286715	1
CP142620.1	286715	286718	0
CP142620.1	286718	286979	1
CP142620.1	286979	286980	0
CP142620.1	286980	286993	1
CP142620.1	286993	286994	0
CP142620.1	286994	287019	1
CP142620.1	287019	287026	0
CP142620.1	287026	287055	1
CP142620.1	287055	287078	0
CP142620.1	287078	287172	1
CP142620.1	287172	287205	2
CP142620.1	287205	287308	1
CP142620.1	287308	287416	0
CP142620.1	287416	287479	1
CP142620.1	287479	287612	2
CP142620.1	287612	287652	1
CP142620.1	287652	287654	0
CP142620.1	287654	287728	1
CP142620.1	287728	287736	0
CP142620.1	287736	287787	1
CP142620.1	287787	287799	2
CP142620.1	287799	287892	1
CP142620.1	287892	287899	0
CP142620.1	287899	287961	1
CP142620.1	287961	288081	2
CP142620.1	288081	288146	1
CP142620.1	288146	288174	0
CP142620.1	288174	288205	1
CP142620.1	288205	288206	0
CP142620.1	288206	288342	1
CP142620.1	288342	288469	0
CP142620.1	288469	288500	1
CP142620.1	288500	288564	2
CP142620.1	288564	288565	1
CP142620.1	288565	288604	2
CP142620.1	288604	288641	1
CP142620.1	288641	288666	0
CP142620.1	288666	288754	1
CP142620.1	288754	288850	0
CP142620.1	288850	288881	1
CP142620.1	288881	288908	2
CP142620.1	288908	288917	1
CP142620.1	288917	288922	2
CP142620.1	288922	288960	1
CP142620.1	288960	288961	0
CP142620.1	288961	288985	1
CP142620.1	288985	288986	0
CP142620.1	288986	289022	1
CP142620.1	289022	289042	2
CP142620.1	289042	289067	3
CP142620.1	289067	289118	2
CP142620.1	289118	289135	1
CP142620.1	289135	289238	0
CP142620.1	289238	289339	1
CP142620.1	289339	289386	2
CP142620.1	289386	289387	1
CP142620.1	289387	289442	2
CP142620.1	289442	289450	1
CP142620.1	289450	289457	2
CP142620.1	289457	289458	1
CP142620.1	289458	289537	2
CP142620.1	289537	289539	1
CP142620.1	289539	289552	2
CP142620.1	289552	289609	1
CP142620.1	289609	289614	2
CP142620.1	289614	289753	3
CP142620.1	289753	289789	2
CP142620.1	289789	289814	3
CP142620.1	289814	289825	4
CP142620.1	289825	289827	3
CP142620.1	289827	289872	4
CP142620.1	289872	289886	3
CP142620.1	289886	289888	2
CP142620.1	289888	289896	1
CP142620.1	289896	289897	2
CP142620.1	289897	289960	3
CP142620.1	289960	289995	2
CP142620.1	289995	290023	3
CP142620.1	290023	290044	4
CP142620.1	290044	290047	5
CP142620.1	290047	290058	4
CP142620.1	290058	290061	3
CP142620.1	290061	290070	4
CP142620.1	290070	290097	3
CP142620.1	290097	290157	2
CP142620.1	290157	290159	1
CP142620.1	290159	290176	2
CP142620.1	290176	290221	3
CP142620.1	290221	290225	2
CP142620.1	290225	290248	1
CP142620.1	290248	290261	2
CP142620.1	290261	290272	1
CP142620.1	290272	290290	2
CP142620.1	290290	290359	1
CP142620.1	290359	290419	0
CP142620.1	290419	290471	1
CP142620.1	290471	290678	2
CP142620.1	290678	290741	1
CP142620.1	290741	290762	2
CP142620.1	290762	290763	1
CP142620.1	290763	290775	2
CP142620.1	290775	290777	1
CP142620.1	290777	290794	2
CP142620.1	290794	290839	3
CP142620.1	290839	290867	2
CP142620.1	290867	290893	1
CP142620.1	290893	291011	0
CP142620.1	291011	291054	1
CP142620.1	291054	291115	2
CP142620.1	291115	291124	1
CP142620.1	291124	291138	2
CP142620.1	291138	291252	1
CP142620.1	291252	291337	0
CP142620.1	291337	291370	1
CP142620.1	291370	291416	2
CP142620.1	291416	291420	1
CP142620.1	291420	291430	2
CP142620.1	291430	291514	1
CP142620.1	291514	291515	0
CP142620.1	291515	291631	1
CP142620.1	291631	291634	0
CP142620.1	291634	291821	1
CP142620.1	291821	291822	0
CP142620.1	291822	291875	1
CP142620.1	291875	291900	2
CP142620.1	291900	291927	1
CP142620.1	291927	291928	0
CP142620.1	291928	291934	1
CP142620.1	291934	291964	2
CP142620.1	291964	291987	1
CP142620.1	291987	291988	0
CP142620.1	291988	292020	1
CP142620.1	292020	292021	0
CP142620.1	292021	292035	1
CP142620.1	292035	292038	0
CP142620.1	292038	292067	1
CP142620.1	292067	292068	0
CP142620.1	292068	292100	1
CP142620.1	292100	292170	2
CP142620.1	292170	292171	1
CP142620.1	292171	292205	2
CP142620.1	292205	292217	3
CP142620.1	292217	292219	2
CP142620.1	292219	292265	3
CP142620.1	292265	292287	4
CP142620.1	292287	292295	3
CP142620.1	292295	292375	2
CP142620.1	292375	292378	1
CP142620.1	292378	292483	2
CP142620.1	292483	292485	1
CP142620.1	292485	292500	2
CP142620.1	292500	292505	1
CP142620.1	292505	292538	0
CP142620.1	292538	292592	1
CP142620.1	292592	292687	0
CP142620.1	292687	292700	1
CP142620.1	292700	292758	2
CP142620.1	292758	292759	1
CP142620.1	292759	292760	0
CP142620.1	292760	292762	1
CP142620.1	292762	292794	2
CP142620.1	292794	292811	3
CP142620.1	292811	292813	4
CP142620.1	292813	292821	3
CP142620.1	292821	292822	2
CP142620.1	292822	292934	3
CP142620.1	292934	292968	2
CP142620.1	292968	292987	3
CP142620.1	292987	293035	4
CP142620.1	293035	293124	3
CP142620.1	293124	293125	1
CP142620.1	293125	293128	3
CP142620.1	293128	293151	4
CP142620.1	293151	293169	3
CP142620.1	293169	293172	4
CP142620.1	293172	293217	3
CP142620.1	293217	293218	2
CP142620.1	293218	293220	3
CP142620.1	293220	293252	2
CP142620.1	293252	293279	1
CP142620.1	293279	293280	0
CP142620.1	293280	293337	1
CP142620.1	293337	293689	0
CP142620.1	293689	293813	1
CP142620.1	293813	293816	2
CP142620.1	293816	293819	1
CP142620.1	293819	293871	2
CP142620.1	293871	293873	1
CP142620.1	293873	293888	3
CP142620.1	293888	293889	2
CP142620.1	293889	293903	3
CP142620.1	293903	293945	2
CP142620.1	293945	293946	1
CP142620.1	293946	293948	2
CP142620.1	293948	294041	1
CP142620.1	294041	294071	2
CP142620.1	294071	294074	3
CP142620.1	294074	294075	2
CP142620.1	294075	294131	3
CP142620.1	294131	294186	2
CP142620.1	294186	294242	3
CP142620.1	294242	294272	2
CP142620.1	294272	294301	1
CP142620.1	294301	294302	0
CP142620.1	294302	294304	1
CP142620.1	294304	294314	2
CP142620.1	294314	294353	1
CP142620.1	294353	294450	0
CP142620.1	294450	294484	1
CP142620.1	294484	294486	0
CP142620.1	294486	294517	1
CP142620.1	294517	294534	2
CP142620.1	294534	294564	3
CP142620.1	294564	294605	4
CP142620.1	294605	294606	3
CP142620.1	294606	294609	4
CP142620.1	294609	294611	3
CP142620.1	294611	294617	4
CP142620.1	294617	294620	2
CP142620.1	294620	294657	3
CP142620.1	294657	294673	2
CP142620.1	294673	294679	1
CP142620.1	294679	294686	2
CP142620.1	294686	294688	1
CP142620.1	294688	294736	2
CP142620.1	294736	294770	3
CP142620.1	294770	294791	2
CP142620.1	294791	294837	1
CP142620.1	294837	294878	2
CP142620.1	294878	294879	1
CP142620.1	294879	294887	2
CP142620.1	294887	294888	1
CP142620.1	294888	294892	2
CP142620.1	294892	294928	1
CP142620.1	294928	294949	2
CP142620.1	294949	294951	1
CP142620.1	294951	294960	2
CP142620.1	294960	294961	1
CP142620.1	294961	295018	2
CP142620.1	295018	295112	1
CP142620.1	295112	295147	2
CP142620.1	295147	295236	1
CP142620.1	295236	295345	2
CP142620.1	295345	295428	3
CP142620.1	295428	295430	2
CP142620.1	295430	295458	1
CP142620.1	295458	295514	2
CP142620.1	295514	295521	1
CP142620.1	295521	295626	2
CP142620.1	295626	295667	1
CP142620.1	295667	295681	2
CP142620.1	295681	295690	3
CP142620.1	295690	295722	2
CP142620.1	295722	295747	3
CP142620.1	295747	295804	2
CP142620.1	295804	295829	1
CP142620.1	295829	296022	0
CP142620.1	296022	296075	1
CP142620.1	296075	296077	0
CP142620.1	296077	296083	1
CP142620.1	296083	296100	2
CP142620.1	296100	296115	1
CP142620.1	296115	296197	2
CP142620.1	296197	296208	1
CP142620.1	296208	296322	2
CP142620.1	296322	296372	1
CP142620.1	296372	296419	2
CP142620.1	296419	296469	1
CP142620.1	296469	296470	0
CP142620.1	296470	296516	1
CP142620.1	296516	296666	0
CP142620.1	296666	296756	1
CP142620.1	296756	296763	2
CP142620.1	296763	296766	1
CP142620.1	296766	296845	2
CP142620.1	296845	296874	3
CP142620.1	296874	296898	2
CP142620.1	296898	296963	1
CP142620.1	296963	297466	0
CP142620.1	297466	297485	1
CP142620.1	297485	297491	2
CP142620.1	297491	297492	1
CP142620.1	297492	297525	3
CP142620.1	297525	297526	2
CP142620.1	297526	297541	3
CP142620.1	297541	297563	2
CP142620.1	297563	297564	1
CP142620.1	297564	297643	2
CP142620.1	297643	297672	1
CP142620.1	297672	297693	2
CP142620.1	297693	297794	1
CP142620.1	297794	297796	0
CP142620.1	297796	297861	1
CP142620.1	297861	297901	2
CP142620.1	297901	297918	3
CP142620.1	297918	297934	2
CP142620.1	297934	297935	1
CP142620.1	297935	297949	2
CP142620.1	297949	297950	3
CP142620.1	297950	297969	4
CP142620.1	297969	298011	3
CP142620.1	298011	298046	2
CP142620.1	298046	298063	1
CP142620.1	298063	298079	0
CP142620.1	298079	298139	1
CP142620.1	298139	298150	2
CP142620.1	298150	298151	1
CP142620.1	298151	298209	2
CP142620.1	298209	298269	1
CP142620.1	298269	298290	0
CP142620.1	298290	298393	1
CP142620.1	298393	298395	2
CP142620.1	298395	298401	1
CP142620.1	298401	298403	2
CP142620.1	298403	298404	1
CP142620.1	298404	298405	2
CP142620.1	298405	298429	3
CP142620.1	298429	298439	4
CP142620.1	298439	298441	2
CP142620.1	298441	298446	4
CP142620.1	298446	298488	3
CP142620.1	298488	298495	2
CP142620.1	298495	298498	1
CP142620.1	298498	298499	0
CP142620.1	298499	298501	1
CP142620.1	298501	298535	2
CP142620.1	298535	298537	1
CP142620.1	298537	298540	2
CP142620.1	298540	298547	1
CP142620.1	298547	298550	0
CP142620.1	298550	298575	1
CP142620.1	298575	299136	0
CP142620.1	299136	299209	1
CP142620.1	299209	299210	0
CP142620.1	299210	299232	1
CP142620.1	299232	299233	0
CP142620.1	299233	299265	1
CP142620.1	299265	299278	2
CP142620.1	299278	299336	3
CP142620.1	299336	299344	2
CP142620.1	299344	299348	3
CP142620.1	299348	299361	4
CP142620.1	299361	299400	5
CP142620.1	299400	299454	4
CP142620.1	299454	299460	3
CP142620.1	299460	299470	2
CP142620.1	299470	299496	3
CP142620.1	299496	299497	2
CP142620.1	299497	299512	3
CP142620.1	299512	299588	2
CP142620.1	299588	299590	1
CP142620.1	299590	299614	2
CP142620.1	299614	299625	3
CP142620.1	299625	299656	4
CP142620.1	299656	299657	3
CP142620.1	299657	299673	4
CP142620.1	299673	299674	3
CP142620.1	299674	299679	4
CP142620.1	299679	299713	3
CP142620.1	299713	299728	4
CP142620.1	299728	299752	3
CP142620.1	299752	299753	1
CP142620.1	299753	299773	3
CP142620.1	299773	299779	4
CP142620.1	299779	299786	3
CP142620.1	299786	299790	4
CP142620.1	299790	299791	3
CP142620.1	299791	299793	2
CP142620.1	299793	299829	3
CP142620.1	299829	299843	2
CP142620.1	299843	299856	1
CP142620.1	299856	300021	0
CP142620.1	300021	300074	1
CP142620.1	300074	300078	2
CP142620.1	300078	300079	1
CP142620.1	300079	300109	2
CP142620.1	300109	300146	1
CP142620.1	300146	300218	2
CP142620.1	300218	300246	3
CP142620.1	300246	300292	4
CP142620.1	300292	300300	5
CP142620.1	300300	300306	4
CP142620.1	300306	300308	5
CP142620.1	300308	300320	4
CP142620.1	300320	300329	3
CP142620.1	300329	300332	4
CP142620.1	300332	300341	3
CP142620.1	300341	300357	4
CP142620.1	300357	300392	3
CP142620.1	300392	300395	2
CP142620.1	300395	300399	1
CP142620.1	300399	300404	2
CP142620.1	300404	300407	1
CP142620.1	300407	300408	2
CP142620.1	300408	300428	3
CP142620.1	300428	300453	4
CP142620.1	300453	300455	3
CP142620.1	300455	300460	4
CP142620.1	300460	300461	3
CP142620.1	300461	300462	5
CP142620.1	300462	300483	4
CP142620.1	300483	300489	5
CP142620.1	300489	300496	4
CP142620.1	300496	300515	5
CP142620.1	300515	300525	4
CP142620.1	300525	300558	5
CP142620.1	300558	300584	4
CP142620.1	300584	300616	3
CP142620.1	300616	300635	4
CP142620.1	300635	300653	3
CP142620.1	300653	300656	1
CP142620.1	300656	300722	2
CP142620.1	300722	300747	3
CP142620.1	300747	300756	2
CP142620.1	300756	300757	1
CP142620.1	300757	300782	2
CP142620.1	300782	300832	1
CP142620.1	300832	300905	2
CP142620.1	300905	300906	1
CP142620.1	300906	300954	2
CP142620.1	300954	300955	1
CP142620.1	300955	300994	2
CP142620.1	300994	300995	1
CP142620.1	300995	301004	2
CP142620.1	301004	301016	1
CP142620.1	301016	301035	0
CP142620.1	301035	301038	1
CP142620.1	301038	301213	2
CP142620.1	301213	301248	1
CP142620.1	301248	301283	0
CP142620.1	301283	301350	1
CP142620.1	301350	301368	2
CP142620.1	301368	301396	3
CP142620.1	301396	301405	2
CP142620.1	301405	301414	3
CP142620.1	301414	301417	2
CP142620.1	301417	301445	3
CP142620.1	301445	301446	2
CP142620.1	301446	301503	3
CP142620.1	301503	301504	2
CP142620.1	301504	301529	3
CP142620.1	301529	301534	2
CP142620.1	301534	301558	3
CP142620.1	301558	301559	2
CP142620.1	301559	301563	3
CP142620.1	301563	301564	2
CP142620.1	301564	301613	1
CP142620.1	301613	301627	2
CP142620.1	301627	301629	3
CP142620.1	301629	301641	2
CP142620.1	301641	301642	1
CP142620.1	301642	301719	2
CP142620.1	301719	301720	1
CP142620.1	301720	301759	2
CP142620.1	301759	301772	1
CP142620.1	301772	301793	2
CP142620.1	301793	301862	1
CP142620.1	301862	301906	0
CP142620.1	301906	302036	2
CP142620.1	302036	302053	3
CP142620.1	302053	302054	2
CP142620.1	302054	302150	3
CP142620.1	302150	302151	2
CP142620.1	302151	302157	1
CP142620.1	302157	302158	0
CP142620.1	302158	302160	2
CP142620.1	302160	302197	3
CP142620.1	302197	302198	0
CP142620.1	302198	302206	3
CP142620.1	302206	302207	2
CP142620.1	302207	302222	3
CP142620.1	302222	302223	2
CP142620.1	302223	302228	3
CP142620.1	302228	302298	2
CP142620.1	302298	302336	1
CP142620.1	302336	302337	0
CP142620.1	302337	302388	2
CP142620.1	302388	302479	3
CP142620.1	302479	302516	2
CP142620.1	302516	302517	1
CP142620.1	302517	302569	2
CP142620.1	302569	302684	1
CP142620.1	302684	302685	0
CP142620.1	302685	302743	1
CP142620.1	302743	302934	0
CP142620.1	302934	303051	1
CP142620.1	303051	303073	0
CP142620.1	303073	303147	1
CP142620.1	303147	303201	2
CP142620.1	303201	303394	1
CP142620.1	303394	303533	0
CP142620.1	303533	303625	1
CP142620.1	303625	303627	0
CP142620.1	303627	303760	1
CP142620.1	303760	303764	0
CP142620.1	303764	303771	1
CP142620.1	303771	303838	2
CP142620.1	303838	303841	1
CP142620.1	303841	303917	2
CP142620.1	303917	303920	1
CP142620.1	303920	303939	2
CP142620.1	303939	303940	1
CP142620.1	303940	303941	2
CP142620.1	303941	303978	1
CP142620.1	303978	303980	0
CP142620.1	303980	303999	1
CP142620.1	303999	304357	0
CP142620.1	304357	304411	1
CP142620.1	304411	304671	0
CP142620.1	304671	304958	1
CP142620.1	304958	305062	0
CP142620.1	305062	305093	1
CP142620.1	305093	305094	0
CP142620.1	305094	305115	1
CP142620.1	305115	305116	0
CP142620.1	305116	305135	1
CP142620.1	305135	305137	0
CP142620.1	305137	305244	1
CP142620.1	305244	305614	0
CP142620.1	305614	305789	1
CP142620.1	305789	305923	2
CP142620.1	305923	305951	1
CP142620.1	305951	305968	0
CP142620.1	305968	305969	1
CP142620.1	305969	305987	2
CP142620.1	305987	306017	3
CP142620.1	306017	306046	4
CP142620.1	306046	306082	3
CP142620.1	306082	306087	2
CP142620.1	306087	306142	1
CP142620.1	306142	306143	2
CP142620.1	306143	306165	3
CP142620.1	306165	306184	4
CP142620.1	306184	306190	3
CP142620.1	306190	306192	2
CP142620.1	306192	306231	3
CP142620.1	306231	306238	4
CP142620.1	306238	306239	2
CP142620.1	306239	306260	4
CP142620.1	306260	306261	3
CP142620.1	306261	306300	4
CP142620.1	306300	306304	3
CP142620.1	306304	306324	2
CP142620.1	306324	306325	1
CP142620.1	306325	306340	2
CP142620.1	306340	306371	1
CP142620.1	306371	306383	2
CP142620.1	306383	306472	1
CP142620.1	306472	306473	0
CP142620.1	306473	306577	1
CP142620.1	306577	306579	0
CP142620.1	306579	306710	1
CP142620.1	306710	306811	0
CP142620.1	306811	306922	1
CP142620.1	306922	306998	2
CP142620.1	306998	307014	4
CP142620.1	307014	307041	3
CP142620.1	307041	307042	2
CP142620.1	307042	307137	3
CP142620.1	307137	307192	2
CP142620.1	307192	307212	1
CP142620.1	307212	307217	2
CP142620.1	307217	307338	1
CP142620.1	307338	307347	0
CP142620.1	307347	307412	1
CP142620.1	307412	307421	2
CP142620.1	307421	307442	3
CP142620.1	307442	307504	2
CP142620.1	307504	307512	3
CP142620.1	307512	307513	2
CP142620.1	307513	307514	3
CP142620.1	307514	307546	2
CP142620.1	307546	307609	1
CP142620.1	307609	307617	0
CP142620.1	307617	307643	2
CP142620.1	307643	307724	1
CP142620.1	307724	307725	0
CP142620.1	307725	307751	1
CP142620.1	307751	307864	0
CP142620.1	307864	307874	1
CP142620.1	307874	307875	0
CP142620.1	307875	307914	1
CP142620.1	307914	307916	0
CP142620.1	307916	307927	1
CP142620.1	307927	307935	0
CP142620.1	307935	307968	1
CP142620.1	307968	307998	2
CP142620.1	307998	308014	1
CP142620.1	308014	308048	0
CP142620.1	308048	308156	1
CP142620.1	308156	308166	0
CP142620.1	308166	308202	1
CP142620.1	308202	308220	2
CP142620.1	308220	308255	3
CP142620.1	308255	308264	4
CP142620.1	308264	308279	5
CP142620.1	308279	308320	6
CP142620.1	308320	308344	5
CP142620.1	308344	308362	6
CP142620.1	308362	308384	5
CP142620.1	308384	308386	6
CP142620.1	308386	308387	5
CP142620.1	308387	308417	4
CP142620.1	308417	308447	3
CP142620.1	308447	308499	2
CP142620.1	308499	308518	3
CP142620.1	308518	308525	2
CP142620.1	308525	308531	3
CP142620.1	308531	308534	2
CP142620.1	308534	308696	3
CP142620.1	308696	308700	2
CP142620.1	308700	308795	3
CP142620.1	308795	308810	2
CP142620.1	308810	308813	3
CP142620.1	308813	308814	2
CP142620.1	308814	308828	3
CP142620.1	308828	308854	4
CP142620.1	308854	308871	3
CP142620.1	308871	308873	2
CP142620.1	308873	308918	3
CP142620.1	308918	308929	2
CP142620.1	308929	308933	1
CP142620.1	308933	308947	2
CP142620.1	308947	308971	1
CP142620.1	308971	308995	2
CP142620.1	308995	309030	3
CP142620.1	309030	309071	4
CP142620.1	309071	309072	3
CP142620.1	309072	309100	4
CP142620.1	309100	309122	3
CP142620.1	309122	309131	4
CP142620.1	309131	309150	3
CP142620.1	309150	309156	4
CP142620.1	309156	309199	5
CP142620.1	309199	309207	4
CP142620.1	309207	309218	5
CP142620.1	309218	309221	4
CP142620.1	309221	309222	5
CP142620.1	309222	309223	4
CP142620.1	309223	309237	6
CP142620.1	309237	309238	1
CP142620.1	309238	309239	4
CP142620.1	309239	309276	6
CP142620.1	309276	309279	5
CP142620.1	309279	309289	4
CP142620.1	309289	309297	3
CP142620.1	309297	309397	2
CP142620.1	309397	309404	3
CP142620.1	309404	309410	2
CP142620.1	309410	309448	1
CP142620.1	309448	309449	0
CP142620.1	309449	309528	1
CP142620.1	309528	309537	2
CP142620.1	309537	309549	3
CP142620.1	309549	309553	2
CP142620.1	309553	309581	3
CP142620.1	309581	309594	4
CP142620.1	309594	309621	3
CP142620.1	309621	309671	4
CP142620.1	309671	309689	3
CP142620.1	309689	309751	2
CP142620.1	309751	309771	1
CP142620.1	309771	309803	0
CP142620.1	309803	309937	1
CP142620.1	309937	309980	2
CP142620.1	309980	310054	3
CP142620.1	310054	310067	2
CP142620.1	310067	310109	1
CP142620.1	310109	310138	0
CP142620.1	310138	310179	1
CP142620.1	310179	310185	0
CP142620.1	310185	310245	1
CP142620.1	310245	310468	0
CP142620.1	310468	310485	1
CP142620.1	310485	310536	2
CP142620.1	310536	310623	1
CP142620.1	310623	310628	0
CP142620.1	310628	310650	1
CP142620.1	310650	310708	3
CP142620.1	310708	310719	4
CP142620.1	310719	310733	3
CP142620.1	310733	310754	2
CP142620.1	310754	310892	1
CP142620.1	310892	310895	2
CP142620.1	310895	310946	1
CP142620.1	310946	311000	0
CP142620.1	311000	311154	1
CP142620.1	311154	311199	0
CP142620.1	311199	311296	1
CP142620.1	311296	311298	0
CP142620.1	311298	311334	1
CP142620.1	311334	311339	2
CP142620.1	311339	311341	3
CP142620.1	311341	311404	2
CP142620.1	311404	311405	1
CP142620.1	311405	311438	2
CP142620.1	311438	311501	1
CP142620.1	311501	311743	0
CP142620.1	311743	311782	1
CP142620.1	311782	311788	2
CP142620.1	311788	311789	3
CP142620.1	311789	311820	4
CP142620.1	311820	311824	3
CP142620.1	311824	311827	4
CP142620.1	311827	311830	2
CP142620.1	311830	311832	3
CP142620.1	311832	311844	4
CP142620.1	311844	311854	3
CP142620.1	311854	311859	4
CP142620.1	311859	311867	3
CP142620.1	311867	311921	2
CP142620.1	311921	311951	1
CP142620.1	311951	311970	2
CP142620.1	311970	311971	1
CP142620.1	311971	311974	2
CP142620.1	311974	312000	3
CP142620.1	312000	312008	4
CP142620.1	312008	312009	3
CP142620.1	312009	312073	4
CP142620.1	312073	312084	5
CP142620.1	312084	312094	4
CP142620.1	312094	312099	5
CP142620.1	312099	312101	2
CP142620.1	312101	312103	3
CP142620.1	312103	312112	4
CP142620.1	312112	312120	3
CP142620.1	312120	312128	4
CP142620.1	312128	312139	3
CP142620.1	312139	312196	2
CP142620.1	312196	312216	1
CP142620.1	312216	312258	0
CP142620.1	312258	312284	1
CP142620.1	312284	312350	2
CP142620.1	312350	312478	1
CP142620.1	312478	312479	0
CP142620.1	312479	312500	1
CP142620.1	312500	312514	2
CP142620.1	312514	312515	0
CP142620.1	312515	312567	2
CP142620.1	312567	312582	1
CP142620.1	312582	312590	0
CP142620.1	312590	312676	1
CP142620.1	312676	312696	0
CP142620.1	312696	312734	1
CP142620.1	312734	312810	2
CP142620.1	312810	312888	3
CP142620.1	312888	312892	2
CP142620.1	312892	312939	1
CP142620.1	312939	313208	0
CP142620.1	313208	313322	1
CP142620.1	313322	313330	0
CP142620.1	313330	313401	1
CP142620.1	313401	313404	0
CP142620.1	313404	313407	1
CP142620.1	313407	313460	2
CP142620.1	313460	313468	1
CP142620.1	313468	313492	2
CP142620.1	313492	313504	1
CP142620.1	313504	313507	0
CP142620.1	313507	313547	1
CP142620.1	313547	313555	2
CP142620.1	313555	313580	3
CP142620.1	313580	313606	2
CP142620.1	313606	313623	1
CP142620.1	313623	313813	0
CP142620.1	313813	313960	1
CP142620.1	313960	313968	0
CP142620.1	313968	314067	1
CP142620.1	314067	314078	0
CP142620.1	314078	314092	1
CP142620.1	314092	314171	2
CP142620.1	314171	314208	1
CP142620.1	314208	314289	2
CP142620.1	314289	314304	1
CP142620.1	314304	314313	0
CP142620.1	314313	314413	1
CP142620.1	314413	314489	2
CP142620.1	314489	314524	1
CP142620.1	314524	314551	2
CP142620.1	314551	314568	3
CP142620.1	314568	314585	4
CP142620.1	314585	314586	3
CP142620.1	314586	314601	4
CP142620.1	314601	314602	3
CP142620.1	314602	314634	4
CP142620.1	314634	314645	5
CP142620.1	314645	314664	4
CP142620.1	314664	314669	5
CP142620.1	314669	314682	4
CP142620.1	314682	314687	3
CP142620.1	314687	314745	4
CP142620.1	314745	314788	3
CP142620.1	314788	314805	2
CP142620.1	314805	314806	0
CP142620.1	314806	314818	2
CP142620.1	314818	314823	1
CP142620.1	314823	314907	3
CP142620.1	314907	314921	2
CP142620.1	314921	314975	1
CP142620.1	314975	315038	0
CP142620.1	315038	315123	1
CP142620.1	315123	315148	2
CP142620.1	315148	315149	1
CP142620.1	315149	315204	2
CP142620.1	315204	315335	1
CP142620.1	315335	315581	0
CP142620.1	315581	315617	1
CP142620.1	315617	315651	2
CP142620.1	315651	315694	3
CP142620.1	315694	315696	1
CP142620.1	315696	315706	3
CP142620.1	315706	315707	0
CP142620.1	315707	315709	1
CP142620.1	315709	315737	3
CP142620.1	315737	315738	2
CP142620.1	315738	315763	3
CP142620.1	315763	315765	2
CP142620.1	315765	315778	4
CP142620.1	315778	315789	3
CP142620.1	315789	315821	4
CP142620.1	315821	315825	3
CP142620.1	315825	315936	2
CP142620.1	315936	316013	1
CP142620.1	316013	316036	2
CP142620.1	316036	316068	3
CP142620.1	316068	316104	2
CP142620.1	316104	316105	1
CP142620.1	316105	316114	2
CP142620.1	316114	316147	1
CP142620.1	316147	316274	0
CP142620.1	316274	316283	1
CP142620.1	316283	316297	2
CP142620.1	316297	316325	3
CP142620.1	316325	316327	2
CP142620.1	316327	316328	1
CP142620.1	316328	316339	3
CP142620.1	316339	316399	4
CP142620.1	316399	316423	5
CP142620.1	316423	316429	4
CP142620.1	316429	316430	3
CP142620.1	316430	316447	4
CP142620.1	316447	316476	5
CP142620.1	316476	316477	3
CP142620.1	316477	316498	5
CP142620.1	316498	316499	4
CP142620.1	316499	316510	5
CP142620.1	316510	316522	4
CP142620.1	316522	316523	3
CP142620.1	316523	316524	2
CP142620.1	316524	316525	3
CP142620.1	316525	316528	4
CP142620.1	316528	316535	3
CP142620.1	316535	316537	2
CP142620.1	316537	316546	4
CP142620.1	316546	316547	3
CP142620.1	316547	316553	4
CP142620.1	316553	316582	3
CP142620.1	316582	316615	2
CP142620.1	316615	316689	1
CP142620.1	316689	316730	3
CP142620.1	316730	316794	1
CP142620.1	316794	316795	2
CP142620.1	316795	316797	1
CP142620.1	316797	316809	2
CP142620.1	316809	316812	1
CP142620.1	316812	316828	2
CP142620.1	316828	316866	3
CP142620.1	316866	316876	2
CP142620.1	316876	316877	1
CP142620.1	316877	316969	2
CP142620.1	316969	317045	1
CP142620.1	317045	317047	0
CP142620.1	317047	317088	1
CP142620.1	317088	317237	0
CP142620.1	317237	317277	1
CP142620.1	317277	317360	2
CP142620.1	317360	317400	3
CP142620.1	317400	317435	2
CP142620.1	317435	317438	3
CP142620.1	317438	317439	2
CP142620.1	317439	317454	3
CP142620.1	317454	317497	2
CP142620.1	317497	317535	3
CP142620.1	317535	317542	2
CP142620.1	317542	317544	1
CP142620.1	317544	317545	0
CP142620.1	317545	317602	2
CP142620.1	317602	317614	3
CP142620.1	317614	317645	2
CP142620.1	317645	317651	3
CP142620.1	317651	317652	2
CP142620.1	317652	317700	3
CP142620.1	317700	317803	2
CP142620.1	317803	317816	1
CP142620.1	317816	317885	2
CP142620.1	317885	317886	1
CP142620.1	317886	317940	0
CP142620.1	317940	318100	1
CP142620.1	318100	318102	0
CP142620.1	318102	318165	1
CP142620.1	318165	318254	2
CP142620.1	318254	318259	3
CP142620.1	318259	318261	2
CP142620.1	318261	318391	1
CP142620.1	318391	318422	0
CP142620.1	318422	318475	1
CP142620.1	318475	318646	0
CP142620.1	318646	318692	1
CP142620.1	318692	318729	2
CP142620.1	318729	318861	1
CP142620.1	318861	318887	2
CP142620.1	318887	318917	3
CP142620.1	318917	318939	2
CP142620.1	318939	318989	1
CP142620.1	318989	319021	2
CP142620.1	319021	319066	3
CP142620.1	319066	319093	4
CP142620.1	319093	319101	3
CP142620.1	319101	319114	2
CP142620.1	319114	319117	3
CP142620.1	319117	319122	4
CP142620.1	319122	319134	3
CP142620.1	319134	319138	1
CP142620.1	319138	319156	3
CP142620.1	319156	319159	1
CP142620.1	319159	319160	2
CP142620.1	319160	319176	3
CP142620.1	319176	319196	2
CP142620.1	319196	319201	3
CP142620.1	319201	319208	4
CP142620.1	319208	319235	5
CP142620.1	319235	319248	4
CP142620.1	319248	319249	3
CP142620.1	319249	319252	4
CP142620.1	319252	319270	3
CP142620.1	319270	319274	2
CP142620.1	319274	319282	3
CP142620.1	319282	319284	2
CP142620.1	319284	319285	3
CP142620.1	319285	319286	2
CP142620.1	319286	319287	1
CP142620.1	319287	319325	3
CP142620.1	319325	319326	2
CP142620.1	319326	319333	3
CP142620.1	319333	319345	4
CP142620.1	319345	319365	3
CP142620.1	319365	319366	2
CP142620.1	319366	319377	3
CP142620.1	319377	319410	2
CP142620.1	319410	319411	1
CP142620.1	319411	319562	2
CP142620.1	319562	319590	3
CP142620.1	319590	319615	2
CP142620.1	319615	319629	3
CP142620.1	319629	319663	4
CP142620.1	319663	319664	3
CP142620.1	319664	319689	4
CP142620.1	319689	319698	3
CP142620.1	319698	319702	2
CP142620.1	319702	319706	1
CP142620.1	319706	319711	2
CP142620.1	319711	319743	3
CP142620.1	319743	319765	2
CP142620.1	319765	319823	3
CP142620.1	319823	319852	2
CP142620.1	319852	319854	1
CP142620.1	319854	319867	2
CP142620.1	319867	319871	3
CP142620.1	319871	319904	2
CP142620.1	319904	319905	1
CP142620.1	319905	319939	3
CP142620.1	319939	319952	2
CP142620.1	319952	319959	1
CP142620.1	319959	319966	0
CP142620.1	319966	319986	1
CP142620.1	319986	320033	2
CP142620.1	320033	320050	1
CP142620.1	320050	320064	2
CP142620.1	320064	320110	1
CP142620.1	320110	320166	2
CP142620.1	320166	320193	1
CP142620.1	320193	320210	0
CP142620.1	320210	320351	1
CP142620.1	320351	320474	0
CP142620.1	320474	320522	1
CP142620.1	320522	320533	2
CP142620.1	320533	320553	3
CP142620.1	320553	320570	2
CP142620.1	320570	320641	3
CP142620.1	320641	320651	2
CP142620.1	320651	320686	3
CP142620.1	320686	320742	2
CP142620.1	320742	320747	1
CP142620.1	320747	320775	2
CP142620.1	320775	320789	1
CP142620.1	320789	320835	3
CP142620.1	320835	320840	2
CP142620.1	320840	320880	3
CP142620.1	320880	320883	2
CP142620.1	320883	320884	0
CP142620.1	320884	320885	1
CP142620.1	320885	320902	2
CP142620.1	320902	320904	1
CP142620.1	320904	320959	2
CP142620.1	320959	320972	1
CP142620.1	320972	320974	0
CP142620.1	320974	321001	1
CP142620.1	321001	321137	0
CP142620.1	321137	321148	1
CP142620.1	321148	321151	2
CP142620.1	321151	321152	1
CP142620.1	321152	321216	2
CP142620.1	321216	321286	1
CP142620.1	321286	321319	0
CP142620.1	321319	321392	1
CP142620.1	321392	321400	0
CP142620.1	321400	321464	1
CP142620.1	321464	321482	0
CP142620.1	321482	321590	1
CP142620.1	321590	321627	0
CP142620.1	321627	321714	1
CP142620.1	321714	321845	0
CP142620.1	321845	321850	1
CP142620.1	321850	321887	2
CP142620.1	321887	321888	1
CP142620.1	321888	321905	2
CP142620.1	321905	321914	1
CP142620.1	321914	321915	0
CP142620.1	321915	321931	1
CP142620.1	321931	321941	0
CP142620.1	321941	321965	2
CP142620.1	321965	321973	1
CP142620.1	321973	321977	2
CP142620.1	321977	322001	3
CP142620.1	322001	322055	2
CP142620.1	322055	322065	1
CP142620.1	322065	322187	2
CP142620.1	322187	322205	1
CP142620.1	322205	322427	0
CP142620.1	322427	322429	1
CP142620.1	322429	322512	2
CP142620.1	322512	322605	1
CP142620.1	322605	322682	0
CP142620.1	322682	322937	1
CP142620.1	322937	323130	0
CP142620.1	323130	323190	1
CP142620.1	323190	323267	2
CP142620.1	323267	323302	1
CP142620.1	323302	323362	2
CP142620.1	323362	323389	1
CP142620.1	323389	323423	2
CP142620.1	323423	323531	1
CP142620.1	323531	323546	0
CP142620.1	323546	323595	1
CP142620.1	323595	323630	2
CP142620.1	323630	323670	1
CP142620.1	323670	323684	0
CP142620.1	323684	323706	1
CP142620.1	323706	323847	2
CP142620.1	323847	323848	0
CP142620.1	323848	323930	2
CP142620.1	323930	323973	3
CP142620.1	323973	323982	2
CP142620.1	323982	323996	1
CP142620.1	323996	324216	0
CP142620.1	324216	324496	1
CP142620.1	324496	324518	0
CP142620.1	324518	324531	1
CP142620.1	324531	324569	2
CP142620.1	324569	324571	3
CP142620.1	324571	324634	2
CP142620.1	324634	324792	1
CP142620.1	324792	324817	3
CP142620.1	324817	324879	2
CP142620.1	324879	324908	1
CP142620.1	324908	324921	2
CP142620.1	324921	324973	3
CP142620.1	324973	324986	2
CP142620.1	324986	325034	1
CP142620.1	325034	325059	2
CP142620.1	325059	325138	1
CP142620.1	325138	325144	0
CP142620.1	325144	325158	1
CP142620.1	325158	325178	2
CP142620.1	325178	325244	1
CP142620.1	325244	325255	0
CP142620.1	325255	325264	1
CP142620.1	325264	325286	2
CP142620.1	325286	325287	1
CP142620.1	325287	325303	2
CP142620.1	325303	325305	1
CP142620.1	325305	325314	2
CP142620.1	325314	325318	1
CP142620.1	325318	325346	2
CP142620.1	325346	325353	3
CP142620.1	325353	325371	4
CP142620.1	325371	325379	5
CP142620.1	325379	325417	4
CP142620.1	325417	325476	3
CP142620.1	325476	325486	4
CP142620.1	325486	325503	3
CP142620.1	325503	325507	2
CP142620.1	325507	325545	1
CP142620.1	325545	325552	2
CP142620.1	325552	325553	1
CP142620.1	325553	325558	2
CP142620.1	325558	325562	1
CP142620.1	325562	325577	2
CP142620.1	325577	325643	1
CP142620.1	325643	325663	0
CP142620.1	325663	325664	1
CP142620.1	325664	325665	2
CP142620.1	325665	325684	3
CP142620.1	325684	325752	4
CP142620.1	325752	325766	3
CP142620.1	325766	325772	2
CP142620.1	325772	325833	3
CP142620.1	325833	325839	4
CP142620.1	325839	325867	3
CP142620.1	325867	325892	2
CP142620.1	325892	325900	1
CP142620.1	325900	325927	2
CP142620.1	325927	325952	3
CP142620.1	325952	326046	2
CP142620.1	326046	326069	1
CP142620.1	326069	326426	0
CP142620.1	326426	326464	1
CP142620.1	326464	326466	0
CP142620.1	326466	326526	1
CP142620.1	326526	326566	2
CP142620.1	326566	326595	3
CP142620.1	326595	326607	2
CP142620.1	326607	326622	3
CP142620.1	326622	326625	2
CP142620.1	326625	326626	1
CP142620.1	326626	326634	2
CP142620.1	326634	326664	3
CP142620.1	326664	326668	2
CP142620.1	326668	326674	3
CP142620.1	326674	326675	2
CP142620.1	326675	326724	3
CP142620.1	326724	326730	2
CP142620.1	326730	326745	3
CP142620.1	326745	326851	2
CP142620.1	326851	326945	1
CP142620.1	326945	327039	0
CP142620.1	327039	327078	1
CP142620.1	327078	327079	0
CP142620.1	327079	327156	1
CP142620.1	327156	327272	2
CP142620.1	327272	327310	1
CP142620.1	327310	327311	0
CP142620.1	327311	327315	1
CP142620.1	327315	327354	2
CP142620.1	327354	327359	3
CP142620.1	327359	327423	2
CP142620.1	327423	327444	3
CP142620.1	327444	327453	2
CP142620.1	327453	327455	1
CP142620.1	327455	327481	2
CP142620.1	327481	327483	1
CP142620.1	327483	327530	2
CP142620.1	327530	327553	1
CP142620.1	327553	327566	0
CP142620.1	327566	327611	1
CP142620.1	327611	327615	2
CP142620.1	327615	327616	1
CP142620.1	327616	327617	0
CP142620.1	327617	327656	1
CP142620.1	327656	327686	2
CP142620.1	327686	327687	1
CP142620.1	327687	327743	2
CP142620.1	327743	327744	1
CP142620.1	327744	327752	2
CP142620.1	327752	327766	1
CP142620.1	327766	327816	2
CP142620.1	327816	327873	1
CP142620.1	327873	327909	2
CP142620.1	327909	327926	3
CP142620.1	327926	327951	2
CP142620.1	327951	327958	3
CP142620.1	327958	328015	2
CP142620.1	328015	328016	0
CP142620.1	328016	328021	1
CP142620.1	328021	328059	2
CP142620.1	328059	328066	1
CP142620.1	328066	328304	0
CP142620.1	328304	328377	1
CP142620.1	328377	328401	0
CP142620.1	328401	328466	1
CP142620.1	328466	328485	2
CP142620.1	328485	328486	1
CP142620.1	328486	328521	2
CP142620.1	328521	328534	1
CP142620.1	328534	328544	2
CP142620.1	328544	328545	3
CP142620.1	328545	328578	2
CP142620.1	328578	328624	3
CP142620.1	328624	328637	2
CP142620.1	328637	328638	1
CP142620.1	328638	328698	2
CP142620.1	328698	328760	1
CP142620.1	328760	328859	2
CP142620.1	328859	328919	3
CP142620.1	328919	328920	4
CP142620.1	328920	328953	3
CP142620.1	328953	328958	2
CP142620.1	328958	328992	1
CP142620.1	328992	329003	2
CP142620.1	329003	329092	1
CP142620.1	329092	329316	0
CP142620.1	329316	329360	1
CP142620.1	329360	329385	0
CP142620.1	329385	329478	1
CP142620.1	329478	329584	0
CP142620.1	329584	329662	1
CP142620.1	329662	329690	2
CP142620.1	329690	329723	1
CP142620.1	329723	329784	2
CP142620.1	329784	329785	1
CP142620.1	329785	329816	2
CP142620.1	329816	329932	1
CP142620.1	329932	329990	0
CP142620.1	329990	330057	1
CP142620.1	330057	330223	0
CP142620.1	330223	330302	1
CP142620.1	330302	330338	2
CP142620.1	330338	330339	3
CP142620.1	330339	330345	4
CP142620.1	330345	330364	5
CP142620.1	330364	330388	6
CP142620.1	330388	330390	5
CP142620.1	330390	330403	6
CP142620.1	330403	330422	5
CP142620.1	330422	330441	4
CP142620.1	330441	330478	3
CP142620.1	330478	330487	2
CP142620.1	330487	330502	1
CP142620.1	330502	330530	0
CP142620.1	330530	330949	1
CP142620.1	330949	330966	2
CP142620.1	330966	331013	1
CP142620.1	331013	331052	2
CP142620.1	331052	331089	1
CP142620.1	331089	331092	0
CP142620.1	331092	331115	1
CP142620.1	331115	331182	2
CP142620.1	331182	331205	1
CP142620.1	331205	331241	2
CP142620.1	331241	331296	1
CP142620.1	331296	331365	2
CP142620.1	331365	331443	1
CP142620.1	331443	331763	0
CP142620.1	331763	331792	1
CP142620.1	331792	331807	2
CP142620.1	331807	332001	1
CP142620.1	332001	332068	0
CP142620.1	332068	332120	1
CP142620.1	332120	332195	0
CP142620.1	332195	332311	1
CP142620.1	332311	332398	2
CP142620.1	332398	332424	1
CP142620.1	332424	332511	0
CP142620.1	332511	332553	1
CP142620.1	332553	332629	2
CP142620.1	332629	332678	3
CP142620.1	332678	332679	2
CP142620.1	332679	332681	3
CP142620.1	332681	332683	2
CP142620.1	332683	332706	3
CP142620.1	332706	332826	2
CP142620.1	332826	332829	3
CP142620.1	332829	332868	2
CP142620.1	332868	332870	1
CP142620.1	332870	332900	2
CP142620.1	332900	332901	1
CP142620.1	332901	332925	2
CP142620.1	332925	332926	1
CP142620.1	332926	333005	2
CP142620.1	333005	333023	3
CP142620.1	333023	333038	2
CP142620.1	333038	333081	1
CP142620.1	333081	333197	2
CP142620.1	333197	333217	1
CP142620.1	333217	333218	0
CP142620.1	333218	333253	1
CP142620.1	333253	333370	0
CP142620.1	333370	333520	1
CP142620.1	333520	333532	0
CP142620.1	333532	333683	1
CP142620.1	333683	333685	0
CP142620.1	333685	333762	1
CP142620.1	333762	333786	0
CP142620.1	333786	333789	2
CP142620.1	333789	333884	3
CP142620.1	333884	333917	2
CP142620.1	333917	333955	1
CP142620.1	333955	334005	2
CP142620.1	334005	334079	1
CP142620.1	334079	334228	0
CP142620.1	334228	334302	1
CP142620.1	334302	334343	2
CP142620.1	334343	334354	3
CP142620.1	334354	334366	2
CP142620.1	334366	334367	1
CP142620.1	334367	334376	2
CP142620.1	334376	334378	1
CP142620.1	334378	334379	0
CP142620.1	334379	334381	1
CP142620.1	334381	334444	2
CP142620.1	334444	334512	1
CP142620.1	334512	334606	0
CP142620.1	334606	334607	1
CP142620.1	334607	334680	2
CP142620.1	334680	334683	1
CP142620.1	334683	334689	0
CP142620.1	334689	334787	1
CP142620.1	334787	334815	2
CP142620.1	334815	334842	3
CP142620.1	334842	334853	2
CP142620.1	334853	334900	3
CP142620.1	334900	334940	4
CP142620.1	334940	334952	3
CP142620.1	334952	334974	2
CP142620.1	334974	335006	1
CP142620.1	335006	335050	2
CP142620.1	335050	335172	3
CP142620.1	335172	335194	2
CP142620.1	335194	335254	1
CP142620.1	335254	335261	0
CP142620.1	335261	335299	1
CP142620.1	335299	335304	0
CP142620.1	335304	335338	1
CP142620.1	335338	335372	0
CP142620.1	335372	335408	1
CP142620.1	335408	335409	0
CP142620.1	335409	335432	1
CP142620.1	335432	335446	0
CP142620.1	335446	335506	1
CP142620.1	335506	335602	0
CP142620.1	335602	335631	1
CP142620.1	335631	335632	0
CP142620.1	335632	335657	1
CP142620.1	335657	335672	0
CP142620.1	335672	335687	1
CP142620.1	335687	335690	0
CP142620.1	335690	335751	1
CP142620.1	335751	335790	0
CP142620.1	335790	335858	1
CP142620.1	335858	335913	0
CP142620.1	335913	335915	1
CP142620.1	335915	335954	2
CP142620.1	335954	335994	3
CP142620.1	335994	336030	4
CP142620.1	336030	336033	3
CP142620.1	336033	336066	4
CP142620.1	336066	336072	3
CP142620.1	336072	336074	2
CP142620.1	336074	336076	3
CP142620.1	336076	336096	4
CP142620.1	336096	336119	3
CP142620.1	336119	336121	2
CP142620.1	336121	336201	3
CP142620.1	336201	336224	2
CP142620.1	336224	336399	1
CP142620.1	336399	336406	2
CP142620.1	336406	336475	1
CP142620.1	336475	336476	0
CP142620.1	336476	336483	1
CP142620.1	336483	336520	2
CP142620.1	336520	336523	3
CP142620.1	336523	336663	2
CP142620.1	336663	336723	1
CP142620.1	336723	336745	0
CP142620.1	336745	336788	1
CP142620.1	336788	336850	0
CP142620.1	336850	336931	1
CP142620.1	336931	336953	0
CP142620.1	336953	337007	1
CP142620.1	337007	337009	0
CP142620.1	337009	337073	1
CP142620.1	337073	337075	0
CP142620.1	337075	337127	1
CP142620.1	337127	337142	2
CP142620.1	337142	337208	1
CP142620.1	337208	337273	2
CP142620.1	337273	337294	3
CP142620.1	337294	337365	4
CP142620.1	337365	337406	3
CP142620.1	337406	337419	2
CP142620.1	337419	337473	1
CP142620.1	337473	337498	2
CP142620.1	337498	337503	3
CP142620.1	337503	337514	2
CP142620.1	337514	337515	1
CP142620.1	337515	337551	2
CP142620.1	337551	337552	1
CP142620.1	337552	337617	2
CP142620.1	337617	337753	1
CP142620.1	337753	337755	0
CP142620.1	337755	337757	1
CP142620.1	337757	337774	2
CP142620.1	337774	337782	1
CP142620.1	337782	337815	2
CP142620.1	337815	337869	1
CP142620.1	337869	337870	0
CP142620.1	337870	337934	1
CP142620.1	337934	337940	2
CP142620.1	337940	337943	3
CP142620.1	337943	338038	2
CP142620.1	338038	338040	1
CP142620.1	338040	338079	0
CP142620.1	338079	338127	1
CP142620.1	338127	338150	2
CP142620.1	338150	338156	1
CP142620.1	338156	338179	2
CP142620.1	338179	338260	1
CP142620.1	338260	338342	0
CP142620.1	338342	338435	1
CP142620.1	338435	338568	0
CP142620.1	338568	338577	1
CP142620.1	338577	338606	2
CP142620.1	338606	338607	1
CP142620.1	338607	338681	2
CP142620.1	338681	338702	3
CP142620.1	338702	338715	2
CP142620.1	338715	338769	3
CP142620.1	338769	338815	2
CP142620.1	338815	338816	1
CP142620.1	338816	338866	2
CP142620.1	338866	338879	1
CP142620.1	338879	338886	2
CP142620.1	338886	338916	3
CP142620.1	338916	338917	2
CP142620.1	338917	338955	3
CP142620.1	338955	338992	2
CP142620.1	338992	339012	1
CP142620.1	339012	339110	2
CP142620.1	339110	339119	3
CP142620.1	339119	339122	2
CP142620.1	339122	339225	1
CP142620.1	339225	339282	2
CP142620.1	339282	339323	1
CP142620.1	339323	339338	2
CP142620.1	339338	339357	1
CP142620.1	339357	339478	0
CP142620.1	339478	339544	1
CP142620.1	339544	339603	2
CP142620.1	339603	339617	1
CP142620.1	339617	339639	2
CP142620.1	339639	339662	1
CP142620.1	339662	339672	2
CP142620.1	339672	339673	1
CP142620.1	339673	339783	2
CP142620.1	339783	339814	1
CP142620.1	339814	339825	2
CP142620.1	339825	339852	3
CP142620.1	339852	339868	4
CP142620.1	339868	339882	3
CP142620.1	339882	339886	4
CP142620.1	339886	339935	3
CP142620.1	339935	339938	2
CP142620.1	339938	339950	1
CP142620.1	339950	339964	0
CP142620.1	339964	340016	1
CP142620.1	340016	340018	2
CP142620.1	340018	340037	1
CP142620.1	340037	340051	0
CP142620.1	340051	340060	1
CP142620.1	340060	340071	2
CP142620.1	340071	340080	1
CP142620.1	340080	340109	2
CP142620.1	340109	340133	1
CP142620.1	340133	340212	0
CP142620.1	340212	340303	1
CP142620.1	340303	340557	0
CP142620.1	340557	340575	1
CP142620.1	340575	340609	2
CP142620.1	340609	340610	1
CP142620.1	340610	340613	2
CP142620.1	340613	340646	3
CP142620.1	340646	340656	2
CP142620.1	340656	340661	3
CP142620.1	340661	340695	2
CP142620.1	340695	340706	3
CP142620.1	340706	340715	4
CP142620.1	340715	340719	5
CP142620.1	340719	340722	4
CP142620.1	340722	340737	5
CP142620.1	340737	340738	4
CP142620.1	340738	340772	5
CP142620.1	340772	340775	4
CP142620.1	340775	340796	3
CP142620.1	340796	340835	2
CP142620.1	340835	340858	1
CP142620.1	340858	340880	2
CP142620.1	340880	340881	3
CP142620.1	340881	340976	2
CP142620.1	340976	340977	0
CP142620.1	340977	340997	2
CP142620.1	340997	341077	1
CP142620.1	341077	341079	2
CP142620.1	341079	341143	1
CP142620.1	341143	341376	0
CP142620.1	341376	341532	1
CP142620.1	341532	341536	0
CP142620.1	341536	341607	1
CP142620.1	341607	341673	0
CP142620.1	341673	341715	1
CP142620.1	341715	341716	0
CP142620.1	341716	341755	1
CP142620.1	341755	341758	0
CP142620.1	341758	341766	1
CP142620.1	341766	341779	2
CP142620.1	341779	341787	3
CP142620.1	341787	341819	4
CP142620.1	341819	341822	3
CP142620.1	341822	341823	2
CP142620.1	341823	341831	3
CP142620.1	341831	341921	2
CP142620.1	341921	341925	3
CP142620.1	341925	341934	2
CP142620.1	341934	342001	3
CP142620.1	342001	342062	2
CP142620.1	342062	342063	1
CP142620.1	342063	342068	2
CP142620.1	342068	342086	1
CP142620.1	342086	342097	0
CP142620.1	342097	342114	1
CP142620.1	342114	342115	2
CP142620.1	342115	342119	1
CP142620.1	342119	342137	2
CP142620.1	342137	342141	1
CP142620.1	342141	342171	2
CP142620.1	342171	342206	3
CP142620.1	342206	342263	2
CP142620.1	342263	342264	1
CP142620.1	342264	342277	2
CP142620.1	342277	342278	1
CP142620.1	342278	342279	2
CP142620.1	342279	342289	3
CP142620.1	342289	342290	2
CP142620.1	342290	342296	3
CP142620.1	342296	342306	2
CP142620.1	342306	342378	3
CP142620.1	342378	342381	4
CP142620.1	342381	342384	3
CP142620.1	342384	342410	2
CP142620.1	342410	342420	1
CP142620.1	342420	342431	2
CP142620.1	342431	342479	1
CP142620.1	342479	342482	0
CP142620.1	342482	342513	1
CP142620.1	342513	342516	2
CP142620.1	342516	342527	1
CP142620.1	342527	342589	2
CP142620.1	342589	342591	1
CP142620.1	342591	342649	2
CP142620.1	342649	342650	1
CP142620.1	342650	342688	2
CP142620.1	342688	342692	3
CP142620.1	342692	342747	2
CP142620.1	342747	342774	3
CP142620.1	342774	342829	2
CP142620.1	342829	342933	1
CP142620.1	342933	342983	2
CP142620.1	342983	342985	1
CP142620.1	342985	343005	2
CP142620.1	343005	343050	3
CP142620.1	343050	343077	2
CP142620.1	343077	343140	3
CP142620.1	343140	343195	2
CP142620.1	343195	343196	1
CP142620.1	343196	343205	2
CP142620.1	343205	343210	1
CP142620.1	343210	343212	0
CP142620.1	343212	343260	1
CP142620.1	343260	343287	0
CP142620.1	343287	343354	1
CP142620.1	343354	343388	2
CP142620.1	343388	343402	3
CP142620.1	343402	343447	2
CP142620.1	343447	343463	3
CP142620.1	343463	343465	2
CP142620.1	343465	343486	3
CP142620.1	343486	343487	2
CP142620.1	343487	343573	3
CP142620.1	343573	343591	2
CP142620.1	343591	343593	1
CP142620.1	343593	343642	2
CP142620.1	343642	343678	1
CP142620.1	343678	343884	0
CP142620.1	343884	343920	1
CP142620.1	343920	343948	2
CP142620.1	343948	343971	3
CP142620.1	343971	344013	2
CP142620.1	344013	344037	1
CP142620.1	344037	344064	2
CP142620.1	344064	344101	3
CP142620.1	344101	344146	2
CP142620.1	344146	344154	1
CP142620.1	344154	344278	0
CP142620.1	344278	344287	1
CP142620.1	344287	344290	0
CP142620.1	344290	344320	1
CP142620.1	344320	344358	2
CP142620.1	344358	344365	1
CP142620.1	344365	344371	2
CP142620.1	344371	344466	3
CP142620.1	344466	344472	2
CP142620.1	344472	344540	3
CP142620.1	344540	344553	2
CP142620.1	344553	344554	1
CP142620.1	344554	344568	2
CP142620.1	344568	344580	1
CP142620.1	344580	344615	0
CP142620.1	344615	344780	1
CP142620.1	344780	344803	2
CP142620.1	344803	344837	1
CP142620.1	344837	344869	2
CP142620.1	344869	344895	1
CP142620.1	344895	345095	0
CP142620.1	345095	345137	1
CP142620.1	345137	345233	2
CP142620.1	345233	345242	1
CP142620.1	345242	345262	2
CP142620.1	345262	345316	3
CP142620.1	345316	345331	2
CP142620.1	345331	345334	1
CP142620.1	345334	345386	0
CP142620.1	345386	345513	1
CP142620.1	345513	345524	2
CP142620.1	345524	345565	3
CP142620.1	345565	345578	4
CP142620.1	345578	345616	3
CP142620.1	345616	345662	2
CP142620.1	345662	345771	1
CP142620.1	345771	345782	0
CP142620.1	345782	345826	1
CP142620.1	345826	345827	0
CP142620.1	345827	345862	1
CP142620.1	345862	345873	2
CP142620.1	345873	345874	1
CP142620.1	345874	345962	2
CP142620.1	345962	345987	1
CP142620.1	345987	345995	2
CP142620.1	345995	345996	1
CP142620.1	345996	346007	2
CP142620.1	346007	346008	1
CP142620.1	346008	346014	2
CP142620.1	346014	346029	1
CP142620.1	346029	346030	0
CP142620.1	346030	346064	1
CP142620.1	346064	346311	0
CP142620.1	346311	346382	1
CP142620.1	346382	346418	0
CP142620.1	346418	346438	1
CP142620.1	346438	346535	2
CP142620.1	346535	346598	1
CP142620.1	346598	346700	0
CP142620.1	346700	346748	1
CP142620.1	346748	346797	2
CP142620.1	346797	346804	1
CP142620.1	346804	346821	2
CP142620.1	346821	346887	3
CP142620.1	346887	346892	4
CP142620.1	346892	346944	3
CP142620.1	346944	346956	2
CP142620.1	346956	346957	1
CP142620.1	346957	346964	2
CP142620.1	346964	347017	3
CP142620.1	347017	347035	2
CP142620.1	347035	347096	1
CP142620.1	347096	347102	0
CP142620.1	347102	347140	1
CP142620.1	347140	347200	2
CP142620.1	347200	347202	1
CP142620.1	347202	347221	2
CP142620.1	347221	347238	3
CP142620.1	347238	347301	2
CP142620.1	347301	347321	1
CP142620.1	347321	347359	2
CP142620.1	347359	347372	1
CP142620.1	347372	347373	0
CP142620.1	347373	347406	2
CP142620.1	347406	347505	1
CP142620.1	347505	347550	0
CP142620.1	347550	347643	1
CP142620.1	347643	347644	0
CP142620.1	347644	347696	1
CP142620.1	347696	347704	2
CP142620.1	347704	347705	1
CP142620.1	347705	347756	2
CP142620.1	347756	347766	3
CP142620.1	347766	347770	2
CP142620.1	347770	347778	3
CP142620.1	347778	347782	2
CP142620.1	347782	347844	3
CP142620.1	347844	347955	2
CP142620.1	347955	348026	1
CP142620.1	348026	348171	0
CP142620.1	348171	348240	1
CP142620.1	348240	348267	2
CP142620.1	348267	348283	3
CP142620.1	348283	348305	4
CP142620.1	348305	348333	3
CP142620.1	348333	348388	1
CP142620.1	348388	348466	0
CP142620.1	348466	348485	1
CP142620.1	348485	348487	2
CP142620.1	348487	348557	3
CP142620.1	348557	348558	2
CP142620.1	348558	348621	3
CP142620.1	348621	348630	2
CP142620.1	348630	348631	1
CP142620.1	348631	348647	2
CP142620.1	348647	348726	1
CP142620.1	348726	348794	2
CP142620.1	348794	348823	1
CP142620.1	348823	348838	0
CP142620.1	348838	348871	1
CP142620.1	348871	348927	2
CP142620.1	348927	348949	1
CP142620.1	348949	348953	2
CP142620.1	348953	349011	1
CP142620.1	349011	349012	0
CP142620.1	349012	349028	2
CP142620.1	349028	349085	1
CP142620.1	349085	349097	0
CP142620.1	349097	349193	1
CP142620.1	349193	349252	0
CP142620.1	349252	349282	1
CP142620.1	349282	349389	2
CP142620.1	349389	349401	3
CP142620.1	349401	349424	2
CP142620.1	349424	349469	3
CP142620.1	349469	349484	2
CP142620.1	349484	349511	3
CP142620.1	349511	349513	2
CP142620.1	349513	349518	3
CP142620.1	349518	349532	2
CP142620.1	349532	349539	1
CP142620.1	349539	349697	2
CP142620.1	349697	349701	1
CP142620.1	349701	349736	2
CP142620.1	349736	349737	1
CP142620.1	349737	349768	2
CP142620.1	349768	349824	1
CP142620.1	349824	350305	0
CP142620.1	350305	350306	1
CP142620.1	350306	350341	2
CP142620.1	350341	350343	1
CP142620.1	350343	350349	0
CP142620.1	350349	350396	1
CP142620.1	350396	350564	0
CP142620.1	350564	350655	1
CP142620.1	350655	350656	0
CP142620.1	350656	350694	1
CP142620.1	350694	350697	0
CP142620.1	350697	350735	1
CP142620.1	350735	350761	2
CP142620.1	350761	350764	1
CP142620.1	350764	350768	2
CP142620.1	350768	350771	1
CP142620.1	350771	350782	2
CP142620.1	350782	350783	0
CP142620.1	350783	350787	1
CP142620.1	350787	350791	2
CP142620.1	350791	350792	1
CP142620.1	350792	350802	2
CP142620.1	350802	350806	1
CP142620.1	350806	350826	2
CP142620.1	350826	350851	3
CP142620.1	350851	350853	1
CP142620.1	350853	350854	0
CP142620.1	350854	350856	2
CP142620.1	350856	350865	3
CP142620.1	350865	350866	2
CP142620.1	350866	350900	3
CP142620.1	350900	350901	0
CP142620.1	350901	350925	3
CP142620.1	350925	350948	4
CP142620.1	350948	350953	3
CP142620.1	350953	350954	2
CP142620.1	350954	350968	4
CP142620.1	350968	350975	3
CP142620.1	350975	351009	2
CP142620.1	351009	351041	3
CP142620.1	351041	351074	2
CP142620.1	351074	351227	1
CP142620.1	351227	351266	0
CP142620.1	351266	351296	1
CP142620.1	351296	351318	2
CP142620.1	351318	351319	1
CP142620.1	351319	351350	2
CP142620.1	351350	351351	3
CP142620.1	351351	351426	2
CP142620.1	351426	351427	1
CP142620.1	351427	351431	2
CP142620.1	351431	351455	3
CP142620.1	351455	351458	2
CP142620.1	351458	351531	3
CP142620.1	351531	351635	2
CP142620.1	351635	351652	3
CP142620.1	351652	351660	2
CP142620.1	351660	351662	1
CP142620.1	351662	351683	2
CP142620.1	351683	351684	1
CP142620.1	351684	351740	2
CP142620.1	351740	351850	1
CP142620.1	351850	352072	0
CP142620.1	352072	352151	1
CP142620.1	352151	352597	0
CP142620.1	352597	352608	1
CP142620.1	352608	352658	2
CP142620.1	352658	352721	1
CP142620.1	352721	352760	2
CP142620.1	352760	352761	1
CP142620.1	352761	352788	2
CP142620.1	352788	352791	3
CP142620.1	352791	352806	2
CP142620.1	352806	352845	1
CP142620.1	352845	352853	0
CP142620.1	352853	352881	1
CP142620.1	352881	352919	0
CP142620.1	352919	352921	1
CP142620.1	352921	353029	2
CP142620.1	353029	353153	1
CP142620.1	353153	353162	2
CP142620.1	353162	353227	3
CP142620.1	353227	353232	2
CP142620.1	353232	353254	3
CP142620.1	353254	353271	2
CP142620.1	353271	353289	3
CP142620.1	353289	353290	2
CP142620.1	353290	353294	3
CP142620.1	353294	353298	2
CP142620.1	353298	353316	3
CP142620.1	353316	353324	4
CP142620.1	353324	353393	3
CP142620.1	353393	353403	2
CP142620.1	353403	353439	1
CP142620.1	353439	353482	2
CP142620.1	353482	353594	1
CP142620.1	353594	353595	0
CP142620.1	353595	353599	1
CP142620.1	353599	353655	2
CP142620.1	353655	353769	1
CP142620.1	353769	353803	2
CP142620.1	353803	353804	1
CP142620.1	353804	353840	2
CP142620.1	353840	353841	1
CP142620.1	353841	353870	2
CP142620.1	353870	353894	1
CP142620.1	353894	353944	2
CP142620.1	353944	353998	1
CP142620.1	353998	354013	0
CP142620.1	354013	354046	1
CP142620.1	354046	354110	0
CP142620.1	354110	354181	1
CP142620.1	354181	354258	0
CP142620.1	354258	354322	1
CP142620.1	354322	354339	0
CP142620.1	354339	354389	1
CP142620.1	354389	354487	2
CP142620.1	354487	354495	1
CP142620.1	354495	354611	0
CP142620.1	354611	354643	1
CP142620.1	354643	354653	2
CP142620.1	354653	354723	1
CP142620.1	354723	354740	2
CP142620.1	354740	354788	3
CP142620.1	354788	354794	4
CP142620.1	354794	354806	3
CP142620.1	354806	354834	4
CP142620.1	354834	354835	3
CP142620.1	354835	354838	4
CP142620.1	354838	354848	3
CP142620.1	354848	354849	2
CP142620.1	354849	354886	3
CP142620.1	354886	354887	2
CP142620.1	354887	354898	1
CP142620.1	354898	354946	0
CP142620.1	354946	355009	1
CP142620.1	355009	355030	0
CP142620.1	355030	355129	1
CP142620.1	355129	355181	2
CP142620.1	355181	355205	3
CP142620.1	355205	355260	2
CP142620.1	355260	355268	1
CP142620.1	355268	355269	0
CP142620.1	355269	355281	1
CP142620.1	355281	355283	0
CP142620.1	355283	355332	1
CP142620.1	355332	355370	2
CP142620.1	355370	355415	3
CP142620.1	355415	355470	2
CP142620.1	355470	355499	3
CP142620.1	355499	355503	2
CP142620.1	355503	355551	3
CP142620.1	355551	355553	4
CP142620.1	355553	355576	3
CP142620.1	355576	355579	2
CP142620.1	355579	355602	3
CP142620.1	355602	355603	2
CP142620.1	355603	355612	3
CP142620.1	355612	355646	2
CP142620.1	355646	355703	1
CP142620.1	355703	355758	2
CP142620.1	355758	355764	1
CP142620.1	355764	355805	2
CP142620.1	355805	355818	1
CP142620.1	355818	355846	2
CP142620.1	355846	355849	1
CP142620.1	355849	355872	2
CP142620.1	355872	355878	1
CP142620.1	355878	355970	0
CP142620.1	355970	356092	1
CP142620.1	356092	356095	0
CP142620.1	356095	356279	1
CP142620.1	356279	356295	0
CP142620.1	356295	356320	1
CP142620.1	356320	356369	2
CP142620.1	356369	356379	1
CP142620.1	356379	356450	0
CP142620.1	356450	356559	1
CP142620.1	356559	356890	0
CP142620.1	356890	356914	1
CP142620.1	356914	356923	2
CP142620.1	356923	356944	3
CP142620.1	356944	356948	4
CP142620.1	356948	356949	3
CP142620.1	356949	356971	4
CP142620.1	356971	357001	3
CP142620.1	357001	357040	2
CP142620.1	357040	357041	1
CP142620.1	357041	357062	2
CP142620.1	357062	357063	1
CP142620.1	357063	357109	2
CP142620.1	357109	357151	3
CP142620.1	357151	357196	4
CP142620.1	357196	357246	3
CP142620.1	357246	357249	2
CP142620.1	357249	357250	3
CP142620.1	357250	357278	2
CP142620.1	357278	357309	1
CP142620.1	357309	357310	0
CP142620.1	357310	357379	1
CP142620.1	357379	357380	0
CP142620.1	357380	357672	1
CP142620.1	357672	357775	0
CP142620.1	357775	357805	1
CP142620.1	357805	357853	2
CP142620.1	357853	357925	1
CP142620.1	357925	357984	2
CP142620.1	357984	357985	1
CP142620.1	357985	358001	2
CP142620.1	358001	358014	1
CP142620.1	358014	358081	0
CP142620.1	358081	358103	1
CP142620.1	358103	358187	2
CP142620.1	358187	358212	1
CP142620.1	358212	358218	0
CP142620.1	358218	358333	1
CP142620.1	358333	358437	0
CP142620.1	358437	358633	1
CP142620.1	358633	358895	0
CP142620.1	358895	358912	1
CP142620.1	358912	358956	2
CP142620.1	358956	358998	3
CP142620.1	358998	359005	2
CP142620.1	359005	359099	4
CP142620.1	359099	359133	3
CP142620.1	359133	359151	4
CP142620.1	359151	359152	3
CP142620.1	359152	359184	4
CP142620.1	359184	359204	3
CP142620.1	359204	359205	1
CP142620.1	359205	359276	2
CP142620.1	359276	359306	1
CP142620.1	359306	359430	0
CP142620.1	359430	359432	1
CP142620.1	359432	359460	2
CP142620.1	359460	359490	3
CP142620.1	359490	359491	1
CP142620.1	359491	359493	2
CP142620.1	359493	359540	3
CP142620.1	359540	359549	2
CP142620.1	359549	359552	1
CP142620.1	359552	359565	2
CP142620.1	359565	359610	1
CP142620.1	359610	359672	0
CP142620.1	359672	359907	1
CP142620.1	359907	359929	2
CP142620.1	359929	359986	3
CP142620.1	359986	359997	2
CP142620.1	359997	359999	0
CP142620.1	359999	360053	2
CP142620.1	360053	360068	1
CP142620.1	360068	360108	0
CP142620.1	360108	360123	1
CP142620.1	360123	360158	2
CP142620.1	360158	360174	3
CP142620.1	360174	360175	2
CP142620.1	360175	360185	3
CP142620.1	360185	360192	2
CP142620.1	360192	360195	3
CP142620.1	360195	360198	1
CP142620.1	360198	360199	2
CP142620.1	360199	360213	3
CP142620.1	360213	360249	2
CP142620.1	360249	360257	3
CP142620.1	360257	360259	2
CP142620.1	360259	360290	3
CP142620.1	360290	360298	2
CP142620.1	360298	360394	3
CP142620.1	360394	360443	2
CP142620.1	360443	360451	1
CP142620.1	360451	360488	0
CP142620.1	360488	360551	1
CP142620.1	360551	360614	0
CP142620.1	360614	360721	1
CP142620.1	360721	360772	2
CP142620.1	360772	360822	1
CP142620.1	360822	360952	0
CP142620.1	360952	360990	1
CP142620.1	360990	360992	0
CP142620.1	360992	361150	1
CP142620.1	361150	361430	0
CP142620.1	361430	361439	1
CP142620.1	361439	361440	0
CP142620.1	361440	361467	1
CP142620.1	361467	361529	2
CP142620.1	361529	361532	1
CP142620.1	361532	361547	2
CP142620.1	361547	361550	1
CP142620.1	361550	361598	2
CP142620.1	361598	361615	3
CP142620.1	361615	361679	2
CP142620.1	361679	361688	1
CP142620.1	361688	361695	2
CP142620.1	361695	361761	1
CP142620.1	361761	361795	0
CP142620.1	361795	361827	1
CP142620.1	361827	361828	0
CP142620.1	361828	361885	1
CP142620.1	361885	361917	0
CP142620.1	361917	361928	1
CP142620.1	361928	361957	2
CP142620.1	361957	361983	3
CP142620.1	361983	361988	4
CP142620.1	361988	361989	3
CP142620.1	361989	361994	4
CP142620.1	361994	362011	3
CP142620.1	362011	362026	2
CP142620.1	362026	362030	3
CP142620.1	362030	362046	2
CP142620.1	362046	362055	1
CP142620.1	362055	362115	2
CP142620.1	362115	362131	1
CP142620.1	362131	362194	0
CP142620.1	362194	362269	1
CP142620.1	362269	362272	0
CP142620.1	362272	362323	1
CP142620.1	362323	362412	2
CP142620.1	362412	362413	1
CP142620.1	362413	362516	0
CP142620.1	362516	362610	1
CP142620.1	362610	362661	2
CP142620.1	362661	362666	1
CP142620.1	362666	362705	0
CP142620.1	362705	362718	1
CP142620.1	362718	362719	0
CP142620.1	362719	362766	1
CP142620.1	362766	362790	2
CP142620.1	362790	362791	1
CP142620.1	362791	362843	2
CP142620.1	362843	362885	3
CP142620.1	362885	362949	2
CP142620.1	362949	362965	1
CP142620.1	362965	363076	0
CP142620.1	363076	363177	1
CP142620.1	363177	363178	0
CP142620.1	363178	363285	1
CP142620.1	363285	363353	2
CP142620.1	363353	363390	1
CP142620.1	363390	363502	0
CP142620.1	363502	363509	1
CP142620.1	363509	363562	2
CP142620.1	363562	363612	1
CP142620.1	363612	363855	0
CP142620.1	363855	363910	1
CP142620.1	363910	363926	2
CP142620.1	363926	363989	1
CP142620.1	363989	364054	0
CP142620.1	364054	364196	1
CP142620.1	364196	364198	0
CP142620.1	364198	364328	1
CP142620.1	364328	364342	2
CP142620.1	364342	364449	1
CP142620.1	364449	364450	0
CP142620.1	364450	364507	1
CP142620.1	364507	364576	2
CP142620.1	364576	364577	1
CP142620.1	364577	364589	2
CP142620.1	364589	364595	1
CP142620.1	364595	364608	2
CP142620.1	364608	364677	3
CP142620.1	364677	364739	2
CP142620.1	364739	364766	3
CP142620.1	364766	364806	2
CP142620.1	364806	364838	1
CP142620.1	364838	364855	2
CP142620.1	364855	365011	1
CP142620.1	365011	365081	2
CP142620.1	365081	365123	3
CP142620.1	365123	365136	4
CP142620.1	365136	365252	1
CP142620.1	365252	365253	0
CP142620.1	365253	365279	1
CP142620.1	365279	365282	0
CP142620.1	365282	365359	1
CP142620.1	365359	365362	0
CP142620.1	365362	365367	1
CP142620.1	365367	365383	2
CP142620.1	365383	365384	0
CP142620.1	365384	365391	2
CP142620.1	365391	365394	1
CP142620.1	365394	365408	2
CP142620.1	365408	365421	3
CP142620.1	365421	365452	4
CP142620.1	365452	365456	3
CP142620.1	365456	365465	4
CP142620.1	365465	365476	3
CP142620.1	365476	365487	2
CP142620.1	365487	365541	1
CP142620.1	365541	365542	0
CP142620.1	365542	365566	1
CP142620.1	365566	365622	2
CP142620.1	365622	365630	3
CP142620.1	365630	365642	4
CP142620.1	365642	365661	3
CP142620.1	365661	365663	1
CP142620.1	365663	365664	2
CP142620.1	365664	365667	4
CP142620.1	365667	365689	3
CP142620.1	365689	365695	4
CP142620.1	365695	365697	5
CP142620.1	365697	365706	6
CP142620.1	365706	365716	5
CP142620.1	365716	365717	4
CP142620.1	365717	365723	5
CP142620.1	365723	365741	4
CP142620.1	365741	365753	3
CP142620.1	365753	365755	2
CP142620.1	365755	365782	3
CP142620.1	365782	365830	2
CP142620.1	365830	365831	1
CP142620.1	365831	365832	2
CP142620.1	365832	365879	1
CP142620.1	365879	365881	0
CP142620.1	365881	365902	1
CP142620.1	365902	365917	2
CP142620.1	365917	365960	1
CP142620.1	365960	366032	2
CP142620.1	366032	366036	1
CP142620.1	366036	366074	2
CP142620.1	366074	366146	1
CP142620.1	366146	366209	2
CP142620.1	366209	366210	1
CP142620.1	366210	366259	2
CP142620.1	366259	366260	1
CP142620.1	366260	366275	2
CP142620.1	366275	366358	1
CP142620.1	366358	366359	0
CP142620.1	366359	366378	1
CP142620.1	366378	366385	0
CP142620.1	366385	366397	1
CP142620.1	366397	366398	0
CP142620.1	366398	366443	1
CP142620.1	366443	366657	0
CP142620.1	366657	366746	1
CP142620.1	366746	366765	0
CP142620.1	366765	366893	1
CP142620.1	366893	366925	2
CP142620.1	366925	366983	1
CP142620.1	366983	367000	2
CP142620.1	367000	367020	3
CP142620.1	367020	367054	2
CP142620.1	367054	367061	1
CP142620.1	367061	367102	0
CP142620.1	367102	367160	1
CP142620.1	367160	367195	2
CP142620.1	367195	367198	1
CP142620.1	367198	367199	2
CP142620.1	367199	367233	3
CP142620.1	367233	367256	2
CP142620.1	367256	367288	1
CP142620.1	367288	367452	0
CP142620.1	367452	367498	1
CP142620.1	367498	367532	2
CP142620.1	367532	367533	0
CP142620.1	367533	367534	1
CP142620.1	367534	367549	2
CP142620.1	367549	367591	1
CP142620.1	367591	367624	2
CP142620.1	367624	367626	1
CP142620.1	367626	367638	2
CP142620.1	367638	367643	1
CP142620.1	367643	367718	2
CP142620.1	367718	367761	1
CP142620.1	367761	367767	0
CP142620.1	367767	367819	1
CP142620.1	367819	368242	0
CP142620.1	368242	368255	1
CP142620.1	368255	368302	2
CP142620.1	368302	368305	3
CP142620.1	368305	368306	1
CP142620.1	368306	368309	2
CP142620.1	368309	368313	3
CP142620.1	368313	368316	2
CP142620.1	368316	368327	3
CP142620.1	368327	368356	4
CP142620.1	368356	368383	3
CP142620.1	368383	368400	2
CP142620.1	368400	368413	3
CP142620.1	368413	368416	2
CP142620.1	368416	368417	1
CP142620.1	368417	368465	2
CP142620.1	368465	368466	0
CP142620.1	368466	368496	2
CP142620.1	368496	368500	3
CP142620.1	368500	368502	2
CP142620.1	368502	368525	3
CP142620.1	368525	368562	2
CP142620.1	368562	368620	3
CP142620.1	368620	368621	2
CP142620.1	368621	368645	3
CP142620.1	368645	368696	2
CP142620.1	368696	368700	1
CP142620.1	368700	368701	0
CP142620.1	368701	368824	1
CP142620.1	368824	368854	2
CP142620.1	368854	368880	3
CP142620.1	368880	368883	2
CP142620.1	368883	368896	3
CP142620.1	368896	368944	4
CP142620.1	368944	368989	5
CP142620.1	368989	368990	4
CP142620.1	368990	369008	5
CP142620.1	369008	369012	4
CP142620.1	369012	369013	3
CP142620.1	369013	369022	4
CP142620.1	369022	369024	2
CP142620.1	369024	369108	3
CP142620.1	369108	369111	2
CP142620.1	369111	369116	3
CP142620.1	369116	369130	2
CP142620.1	369130	369131	1
CP142620.1	369131	369153	2
CP142620.1	369153	369165	3
CP142620.1	369165	369198	2
CP142620.1	369198	369199	1
CP142620.1	369199	369256	2
CP142620.1	369256	369315	1
CP142620.1	369315	369317	2
CP142620.1	369317	369391	1
CP142620.1	369391	369392	0
CP142620.1	369392	369432	1
CP142620.1	369432	369568	0
CP142620.1	369568	369584	1
CP142620.1	369584	369604	2
CP142620.1	369604	369610	3
CP142620.1	369610	369646	4
CP142620.1	369646	369679	3
CP142620.1	369679	369682	2
CP142620.1	369682	369717	3
CP142620.1	369717	369732	2
CP142620.1	369732	369826	1
CP142620.1	369826	369836	0
CP142620.1	369836	369848	1
CP142620.1	369848	369854	2
CP142620.1	369854	369870	3
CP142620.1	369870	369882	4
CP142620.1	369882	369895	5
CP142620.1	369895	369909	4
CP142620.1	369909	369910	3
CP142620.1	369910	369921	4
CP142620.1	369921	369985	3
CP142620.1	369985	370069	2
CP142620.1	370069	370153	1
CP142620.1	370153	370165	2
CP142620.1	370165	370238	1
CP142620.1	370238	370302	0
CP142620.1	370302	370303	1
CP142620.1	370303	370348	2
CP142620.1	370348	370353	3
CP142620.1	370353	370362	2
CP142620.1	370362	370475	1
CP142620.1	370475	370484	2
CP142620.1	370484	370518	1
CP142620.1	370518	370519	0
CP142620.1	370519	370569	1
CP142620.1	370569	370572	0
CP142620.1	370572	370594	1
CP142620.1	370594	370598	0
CP142620.1	370598	370604	1
CP142620.1	370604	370615	2
CP142620.1	370615	370620	1
CP142620.1	370620	370705	2
CP142620.1	370705	370718	3
CP142620.1	370718	370728	2
CP142620.1	370728	370733	3
CP142620.1	370733	370734	1
CP142620.1	370734	370756	3
CP142620.1	370756	370848	4
CP142620.1	370848	370849	3
CP142620.1	370849	370862	4
CP142620.1	370862	370882	3
CP142620.1	370882	370906	2
CP142620.1	370906	371018	1
CP142620.1	371018	371121	2
CP142620.1	371121	371127	1
CP142620.1	371127	371128	2
CP142620.1	371128	371129	1
CP142620.1	371129	371194	2
CP142620.1	371194	371249	1
CP142620.1	371249	371299	2
CP142620.1	371299	371302	3
CP142620.1	371302	371324	4
CP142620.1	371324	371325	3
CP142620.1	371325	371337	4
CP142620.1	371337	371369	3
CP142620.1	371369	371370	2
CP142620.1	371370	371385	3
CP142620.1	371385	371401	4
CP142620.1	371401	371433	5
CP142620.1	371433	371455	4
CP142620.1	371455	371459	3
CP142620.1	371459	371511	4
CP142620.1	371511	371522	3
CP142620.1	371522	371524	2
CP142620.1	371524	371535	1
CP142620.1	371535	371555	0
CP142620.1	371555	371571	1
CP142620.1	371571	371596	2
CP142620.1	371596	371608	3
CP142620.1	371608	371627	4
CP142620.1	371627	371628	2
CP142620.1	371628	371629	3
CP142620.1	371629	371654	4
CP142620.1	371654	371658	3
CP142620.1	371658	371662	2
CP142620.1	371662	371663	1
CP142620.1	371663	371794	0
CP142620.1	371794	371856	1
CP142620.1	371856	371857	0
CP142620.1	371857	371978	1
CP142620.1	371978	371982	0
CP142620.1	371982	372006	1
CP142620.1	372006	372034	2
CP142620.1	372034	372078	1
CP142620.1	372078	372089	2
CP142620.1	372089	372163	1
CP142620.1	372163	372193	0
CP142620.1	372193	372223	1
CP142620.1	372223	372224	0
CP142620.1	372224	372348	1
CP142620.1	372348	372365	0
CP142620.1	372365	372405	1
CP142620.1	372405	372406	0
CP142620.1	372406	372557	1
CP142620.1	372557	372623	0
CP142620.1	372623	372664	1
CP142620.1	372664	372667	0
CP142620.1	372667	372668	1
CP142620.1	372668	372678	2
CP142620.1	372678	372679	1
CP142620.1	372679	372720	2
CP142620.1	372720	372750	3
CP142620.1	372750	372797	2
CP142620.1	372797	372847	1
CP142620.1	372847	372896	2
CP142620.1	372896	373065	1
CP142620.1	373065	373066	0
CP142620.1	373066	373189	1
CP142620.1	373189	373204	2
CP142620.1	373204	373207	3
CP142620.1	373207	373236	4
CP142620.1	373236	373237	3
CP142620.1	373237	373266	4
CP142620.1	373266	373307	3
CP142620.1	373307	373325	2
CP142620.1	373325	373347	3
CP142620.1	373347	373376	2
CP142620.1	373376	373432	3
CP142620.1	373432	373470	2
CP142620.1	373470	373488	3
CP142620.1	373488	373516	2
CP142620.1	373516	373520	1
CP142620.1	373520	373544	2
CP142620.1	373544	373610	1
CP142620.1	373610	373620	0
CP142620.1	373620	373727	1
CP142620.1	373727	373728	0
CP142620.1	373728	373732	1
CP142620.1	373732	374041	0
CP142620.1	374041	374096	1
CP142620.1	374096	374099	0
CP142620.1	374099	374134	1
CP142620.1	374134	374135	0
CP142620.1	374135	374144	1
CP142620.1	374144	374153	2
CP142620.1	374153	374171	3
CP142620.1	374171	374173	2
CP142620.1	374173	374191	3
CP142620.1	374191	374208	2
CP142620.1	374208	374254	1
CP142620.1	374254	374276	2
CP142620.1	374276	374299	3
CP142620.1	374299	374309	2
CP142620.1	374309	374314	1
CP142620.1	374314	374315	2
CP142620.1	374315	374339	3
CP142620.1	374339	374365	4
CP142620.1	374365	374376	3
CP142620.1	374376	374404	2
CP142620.1	374404	374405	1
CP142620.1	374405	374411	2
CP142620.1	374411	374420	1
CP142620.1	374420	374503	2
CP142620.1	374503	374508	0
CP142620.1	374508	374553	2
CP142620.1	374553	374589	1
CP142620.1	374589	374629	2
CP142620.1	374629	374674	1
CP142620.1	374674	374724	2
CP142620.1	374724	374729	3
CP142620.1	374729	374788	2
CP142620.1	374788	374825	1
CP142620.1	374825	374852	2
CP142620.1	374852	374853	1
CP142620.1	374853	374890	2
CP142620.1	374890	374891	3
CP142620.1	374891	374947	2
CP142620.1	374947	375059	3
CP142620.1	375059	375070	1
CP142620.1	375070	375081	0
CP142620.1	375081	375147	1
CP142620.1	375147	375212	0
CP142620.1	375212	375290	1
CP142620.1	375290	375320	0
CP142620.1	375320	375357	1
CP142620.1	375357	375361	0
CP142620.1	375361	375377	1
CP142620.1	375377	375448	2
CP142620.1	375448	375472	1
CP142620.1	375472	375476	0
CP142620.1	375476	375508	1
CP142620.1	375508	375514	2
CP142620.1	375514	375542	3
CP142620.1	375542	375584	2
CP142620.1	375584	375627	1
CP142620.1	375627	375676	0
CP142620.1	375676	375755	1
CP142620.1	375755	375759	0
CP142620.1	375759	375856	1
CP142620.1	375856	375870	0
CP142620.1	375870	375871	1
CP142620.1	375871	375934	2
CP142620.1	375934	375944	1
CP142620.1	375944	376150	0
CP142620.1	376150	376208	1
CP142620.1	376208	376216	0
CP142620.1	376216	376275	1
CP142620.1	376275	376549	0
CP142620.1	376549	376560	1
CP142620.1	376560	376561	0
CP142620.1	376561	376619	1
CP142620.1	376619	376692	2
CP142620.1	376692	376695	1
CP142620.1	376695	376713	2
CP142620.1	376713	376787	1
CP142620.1	376787	376790	0
CP142620.1	376790	376820	1
CP142620.1	376820	376821	0
CP142620.1	376821	376860	1
CP142620.1	376860	376977	0
CP142620.1	376977	376979	1
CP142620.1	376979	377051	2
CP142620.1	377051	377069	1
CP142620.1	377069	377070	0
CP142620.1	377070	377197	1
CP142620.1	377197	377260	2
CP142620.1	377260	377299	3
CP142620.1	377299	377318	2
CP142620.1	377318	377326	1
CP142620.1	377326	377420	2
CP142620.1	377420	377464	1
CP142620.1	377464	377497	0
CP142620.1	377497	377557	1
CP142620.1	377557	377559	0
CP142620.1	377559	377723	1
CP142620.1	377723	377838	0
CP142620.1	377838	377921	1
CP142620.1	377921	378325	0
CP142620.1	378325	378344	1
CP142620.1	378344	378493	2
CP142620.1	378493	378498	1
CP142620.1	378498	378644	0
CP142620.1	378644	378713	1
CP142620.1	378713	378737	0
CP142620.1	378737	378802	1
CP142620.1	378802	378880	0
CP142620.1	378880	378893	1
CP142620.1	378893	378927	2
CP142620.1	378927	378928	1
CP142620.1	378928	378957	2
CP142620.1	378957	378974	1
CP142620.1	378974	379123	0
CP142620.1	379123	379254	1
CP142620.1	379254	379300	2
CP142620.1	379300	379318	1
CP142620.1	379318	379319	0
CP142620.1	379319	379353	1
CP142620.1	379353	379442	0
CP142620.1	379442	379609	1
CP142620.1	379609	379717	2
CP142620.1	379717	379739	1
CP142620.1	379739	379789	2
CP142620.1	379789	379796	3
CP142620.1	379796	379810	2
CP142620.1	379810	379869	1
CP142620.1	379869	379872	0
CP142620.1	379872	379890	1
CP142620.1	379890	379924	2
CP142620.1	379924	379925	1
CP142620.1	379925	379942	2
CP142620.1	379942	379949	1
CP142620.1	379949	379953	2
CP142620.1	379953	379994	3
CP142620.1	379994	380030	2
CP142620.1	380030	380047	1
CP142620.1	380047	380081	2
CP142620.1	380081	380104	1
CP142620.1	380104	380136	2
CP142620.1	380136	380137	1
CP142620.1	380137	380193	2
CP142620.1	380193	380212	1
CP142620.1	380212	380231	0
CP142620.1	380231	380237	2
CP142620.1	380237	380279	3
CP142620.1	380279	380340	4
CP142620.1	380340	380347	3
CP142620.1	380347	380348	2
CP142620.1	380348	380349	1
CP142620.1	380349	380468	2
CP142620.1	380468	380471	1
CP142620.1	380471	380622	0
CP142620.1	380622	380654	1
CP142620.1	380654	380676	2
CP142620.1	380676	380679	1
CP142620.1	380679	380684	2
CP142620.1	380684	380704	3
CP142620.1	380704	380794	2
CP142620.1	380794	380800	1
CP142620.1	380800	380824	2
CP142620.1	380824	380825	1
CP142620.1	380825	380863	2
CP142620.1	380863	380865	1
CP142620.1	380865	380903	2
CP142620.1	380903	380909	3
CP142620.1	380909	380912	4
CP142620.1	380912	380914	3
CP142620.1	380914	380952	4
CP142620.1	380952	380963	3
CP142620.1	380963	380978	2
CP142620.1	380978	380989	3
CP142620.1	380989	381040	2
CP142620.1	381040	381085	1
CP142620.1	381085	381098	2
CP142620.1	381098	381105	1
CP142620.1	381105	381137	2
CP142620.1	381137	381139	1
CP142620.1	381139	381176	2
CP142620.1	381176	381181	1
CP142620.1	381181	381190	2
CP142620.1	381190	381192	1
CP142620.1	381192	381200	2
CP142620.1	381200	381210	1
CP142620.1	381210	381213	0
CP142620.1	381213	381298	1
CP142620.1	381298	381325	0
CP142620.1	381325	381374	1
CP142620.1	381374	381400	2
CP142620.1	381400	381401	1
CP142620.1	381401	381448	2
CP142620.1	381448	381463	1
CP142620.1	381463	381558	2
CP142620.1	381558	381559	0
CP142620.1	381559	381602	2
CP142620.1	381602	381622	1
CP142620.1	381622	381646	2
CP142620.1	381646	381649	1
CP142620.1	381649	381709	2
CP142620.1	381709	381742	1
CP142620.1	381742	381762	2
CP142620.1	381762	381776	1
CP142620.1	381776	381822	2
CP142620.1	381822	381848	1
CP142620.1	381848	381909	2
CP142620.1	381909	381919	1
CP142620.1	381919	381942	2
CP142620.1	381942	381977	3
CP142620.1	381977	381978	2
CP142620.1	381978	382033	3
CP142620.1	382033	382061	4
CP142620.1	382061	382102	3
CP142620.1	382102	382125	4
CP142620.1	382125	382154	3
CP142620.1	382154	382185	4
CP142620.1	382185	382209	3
CP142620.1	382209	382218	2
CP142620.1	382218	382224	1
CP142620.1	382224	382297	2
CP142620.1	382297	382300	1
CP142620.1	382300	382315	2
CP142620.1	382315	382367	1
CP142620.1	382367	382377	2
CP142620.1	382377	382378	1
CP142620.1	382378	382434	2
CP142620.1	382434	382451	3
CP142620.1	382451	382470	2
CP142620.1	382470	382482	3
CP142620.1	382482	382495	4
CP142620.1	382495	382536	3
CP142620.1	382536	382550	2
CP142620.1	382550	382592	3
CP142620.1	382592	382629	2
CP142620.1	382629	382630	1
CP142620.1	382630	382659	2
CP142620.1	382659	382679	1
CP142620.1	382679	382681	0
CP142620.1	382681	382703	1
CP142620.1	382703	382848	0
CP142620.1	382848	382910	1
CP142620.1	382910	382981	0
CP142620.1	382981	383034	1
CP142620.1	383034	383075	2
CP142620.1	383075	383077	1
CP142620.1	383077	383090	2
CP142620.1	383090	383105	1
CP142620.1	383105	383129	2
CP142620.1	383129	383146	3
CP142620.1	383146	383237	2
CP142620.1	383237	383255	1
CP142620.1	383255	383314	0
CP142620.1	383314	383374	1
CP142620.1	383374	383569	0
CP142620.1	383569	383619	1
CP142620.1	383619	383620	0
CP142620.1	383620	383627	1
CP142620.1	383627	383676	2
CP142620.1	383676	383719	3
CP142620.1	383719	383754	2
CP142620.1	383754	383788	3
CP142620.1	383788	383794	4
CP142620.1	383794	383800	3
CP142620.1	383800	383822	2
CP142620.1	383822	383837	3
CP142620.1	383837	383859	2
CP142620.1	383859	383869	3
CP142620.1	383869	383870	2
CP142620.1	383870	383886	3
CP142620.1	383886	383899	2
CP142620.1	383899	383922	3
CP142620.1	383922	383930	2
CP142620.1	383930	383931	1
CP142620.1	383931	383954	2
CP142620.1	383954	383963	1
CP142620.1	383963	383965	2
CP142620.1	383965	383980	3
CP142620.1	383980	384002	2
CP142620.1	384002	384026	3
CP142620.1	384026	384033	2
CP142620.1	384033	384034	1
CP142620.1	384034	384050	2
CP142620.1	384050	384052	1
CP142620.1	384052	384065	2
CP142620.1	384065	384066	1
CP142620.1	384066	384079	2
CP142620.1	384079	384153	1
CP142620.1	384153	384261	2
CP142620.1	384261	384292	1
CP142620.1	384292	384329	2
CP142620.1	384329	384335	3
CP142620.1	384335	384379	4
CP142620.1	384379	384392	3
CP142620.1	384392	384405	2
CP142620.1	384405	384412	1
CP142620.1	384412	384516	0
CP142620.1	384516	384523	1
CP142620.1	384523	384525	0
CP142620.1	384525	384589	1
CP142620.1	384589	384730	2
CP142620.1	384730	384737	1
CP142620.1	384737	384792	2
CP142620.1	384792	384795	1
CP142620.1	384795	384928	0
CP142620.1	384928	384932	1
CP142620.1	384932	385002	2
CP142620.1	385002	385124	1
CP142620.1	385124	385132	0
CP142620.1	385132	385180	1
CP142620.1	385180	385195	2
CP142620.1	385195	385196	1
CP142620.1	385196	385200	2
CP142620.1	385200	385235	1
CP142620.1	385235	385276	2
CP142620.1	385276	385294	3
CP142620.1	385294	385295	2
CP142620.1	385295	385343	3
CP142620.1	385343	385350	2
CP142620.1	385350	385409	3
CP142620.1	385409	385445	2
CP142620.1	385445	385446	1
CP142620.1	385446	385450	2
CP142620.1	385450	385473	3
CP142620.1	385473	385526	2
CP142620.1	385526	385527	1
CP142620.1	385527	385564	2
CP142620.1	385564	385608	1
CP142620.1	385608	385620	0
CP142620.1	385620	385641	1
CP142620.1	385641	385663	2
CP142620.1	385663	385677	3
CP142620.1	385677	385680	1
CP142620.1	385680	385689	3
CP142620.1	385689	385690	2
CP142620.1	385690	385728	3
CP142620.1	385728	385757	4
CP142620.1	385757	385758	3
CP142620.1	385758	385804	4
CP142620.1	385804	385839	3
CP142620.1	385839	385938	2
CP142620.1	385938	385943	3
CP142620.1	385943	385952	2
CP142620.1	385952	385954	1
CP142620.1	385954	385987	2
CP142620.1	385987	386067	1
CP142620.1	386067	386213	0
CP142620.1	386213	386312	1
CP142620.1	386312	386318	2
CP142620.1	386318	386319	1
CP142620.1	386319	386365	2
CP142620.1	386365	386486	1
CP142620.1	386486	386577	2
CP142620.1	386577	386599	1
CP142620.1	386599	386600	0
CP142620.1	386600	386629	1
CP142620.1	386629	386652	0
CP142620.1	386652	386716	1
CP142620.1	386716	386756	2
CP142620.1	386756	386769	1
CP142620.1	386769	386800	0
CP142620.1	386800	386841	1
CP142620.1	386841	386885	2
CP142620.1	386885	386912	1
CP142620.1	386912	387063	0
CP142620.1	387063	387211	1
CP142620.1	387211	387225	2
CP142620.1	387225	387240	1
CP142620.1	387240	387282	2
CP142620.1	387282	387296	1
CP142620.1	387296	387306	2
CP142620.1	387306	387367	3
CP142620.1	387367	387379	2
CP142620.1	387379	387386	1
CP142620.1	387386	387456	0
CP142620.1	387456	387470	1
CP142620.1	387470	387545	2
CP142620.1	387545	387546	1
CP142620.1	387546	387564	2
CP142620.1	387564	387701	1
CP142620.1	387701	387808	2
CP142620.1	387808	387809	1
CP142620.1	387809	387812	2
CP142620.1	387812	387813	1
CP142620.1	387813	387879	2
CP142620.1	387879	387884	1
CP142620.1	387884	387934	2
CP142620.1	387934	387939	1
CP142620.1	387939	387968	2
CP142620.1	387968	387994	1
CP142620.1	387994	388049	2
CP142620.1	388049	388129	1
CP142620.1	388129	388139	0
CP142620.1	388139	388147	1
CP142620.1	388147	388207	2
CP142620.1	388207	388267	3
CP142620.1	388267	388325	2
CP142620.1	388325	388341	3
CP142620.1	388341	388355	4
CP142620.1	388355	388367	5
CP142620.1	388367	388405	4
CP142620.1	388405	388406	3
CP142620.1	388406	388411	4
CP142620.1	388411	388412	3
CP142620.1	388412	388413	2
CP142620.1	388413	388414	1
CP142620.1	388414	388415	2
CP142620.1	388415	388445	4
CP142620.1	388445	388453	3
CP142620.1	388453	388469	4
CP142620.1	388469	388474	3
CP142620.1	388474	388504	4
CP142620.1	388504	388507	3
CP142620.1	388507	388514	4
CP142620.1	388514	388515	3
CP142620.1	388515	388517	2
CP142620.1	388517	388518	1
CP142620.1	388518	388519	2
CP142620.1	388519	388524	3
CP142620.1	388524	388533	2
CP142620.1	388533	388535	1
CP142620.1	388535	388562	3
CP142620.1	388562	388589	2
CP142620.1	388589	388590	1
CP142620.1	388590	388608	2
CP142620.1	388608	388702	1
CP142620.1	388702	388722	0
CP142620.1	388722	388758	1
CP142620.1	388758	388761	0
CP142620.1	388761	388804	2
CP142620.1	388804	388855	1
CP142620.1	388855	388873	2
CP142620.1	388873	388874	1
CP142620.1	388874	388875	2
CP142620.1	388875	388882	3
CP142620.1	388882	388883	2
CP142620.1	388883	388909	3
CP142620.1	388909	388912	4
CP142620.1	388912	388914	3
CP142620.1	388914	388926	4
CP142620.1	388926	388940	3
CP142620.1	388940	388942	2
CP142620.1	388942	388955	3
CP142620.1	388955	388968	2
CP142620.1	388968	388990	3
CP142620.1	388990	388993	2
CP142620.1	388993	389010	3
CP142620.1	389010	389011	1
CP142620.1	389011	389015	3
CP142620.1	389015	389016	0
CP142620.1	389016	389026	3
CP142620.1	389026	389028	2
CP142620.1	389028	389041	3
CP142620.1	389041	389042	0
CP142620.1	389042	389119	3
CP142620.1	389119	389125	4
CP142620.1	389125	389148	3
CP142620.1	389148	389149	2
CP142620.1	389149	389201	3
CP142620.1	389201	389213	2
CP142620.1	389213	389218	3
CP142620.1	389218	389268	2
CP142620.1	389268	389269	1
CP142620.1	389269	389298	2
CP142620.1	389298	389360	1
CP142620.1	389360	389378	0
CP142620.1	389378	389416	1
CP142620.1	389416	389418	0
CP142620.1	389418	389441	1
CP142620.1	389441	389556	2
CP142620.1	389556	389695	1
CP142620.1	389695	389787	2
CP142620.1	389787	389810	1
CP142620.1	389810	389956	0
CP142620.1	389956	390054	1
CP142620.1	390054	390085	2
CP142620.1	390085	390093	1
CP142620.1	390093	390094	2
CP142620.1	390094	390095	1
CP142620.1	390095	390154	2
CP142620.1	390154	390155	1
CP142620.1	390155	390175	2
CP142620.1	390175	390178	1
CP142620.1	390178	390181	0
CP142620.1	390181	390190	1
CP142620.1	390190	390191	0
CP142620.1	390191	390194	1
CP142620.1	390194	390255	2
CP142620.1	390255	390258	1
CP142620.1	390258	390335	2
CP142620.1	390335	390337	1
CP142620.1	390337	390394	2
CP142620.1	390394	390395	1
CP142620.1	390395	390413	2
CP142620.1	390413	390429	3
CP142620.1	390429	390537	2
CP142620.1	390537	390624	1
CP142620.1	390624	390639	2
CP142620.1	390639	390640	1
CP142620.1	390640	390699	2
CP142620.1	390699	390720	1
CP142620.1	390720	390765	0
CP142620.1	390765	390790	1
CP142620.1	390790	390791	0
CP142620.1	390791	390818	1
CP142620.1	390818	390875	2
CP142620.1	390875	390909	3
CP142620.1	390909	390924	2
CP142620.1	390924	390981	3
CP142620.1	390981	390986	2
CP142620.1	390986	390987	1
CP142620.1	390987	390992	2
CP142620.1	390992	391039	1
CP142620.1	391039	391089	0
CP142620.1	391089	391178	1
CP142620.1	391178	391329	0
CP142620.1	391329	391368	1
CP142620.1	391368	391371	0
CP142620.1	391371	391377	1
CP142620.1	391377	391379	0
CP142620.1	391379	391397	1
CP142620.1	391397	391413	0
CP142620.1	391413	391494	1
CP142620.1	391494	391581	2
CP142620.1	391581	391593	3
CP142620.1	391593	391594	1
CP142620.1	391594	391634	2
CP142620.1	391634	391784	1
CP142620.1	391784	391979	0
CP142620.1	391979	392085	1
CP142620.1	392085	392249	0
CP142620.1	392249	392268	1
CP142620.1	392268	392280	2
CP142620.1	392280	392281	1
CP142620.1	392281	392309	2
CP142620.1	392309	392350	3
CP142620.1	392350	392368	2
CP142620.1	392368	392387	1
CP142620.1	392387	392536	0
CP142620.1	392536	392604	2
CP142620.1	392604	392635	3
CP142620.1	392635	392693	2
CP142620.1	392693	392696	1
CP142620.1	392696	392719	2
CP142620.1	392719	392754	3
CP142620.1	392754	392763	2
CP142620.1	392763	392766	1
CP142620.1	392766	392833	2
CP142620.1	392833	392878	1
CP142620.1	392878	392932	0
CP142620.1	392932	392940	1
CP142620.1	392940	393000	2
CP142620.1	393000	393042	1
CP142620.1	393042	393068	2
CP142620.1	393068	393107	1
CP142620.1	393107	393215	0
CP142620.1	393215	393243	1
CP142620.1	393243	393244	0
CP142620.1	393244	393325	1
CP142620.1	393325	393326	0
CP142620.1	393326	393415	1
CP142620.1	393415	393417	0
CP142620.1	393417	393425	1
CP142620.1	393425	393484	2
CP142620.1	393484	393515	3
CP142620.1	393515	393530	4
CP142620.1	393530	393532	3
CP142620.1	393532	393533	2
CP142620.1	393533	393544	3
CP142620.1	393544	393571	2
CP142620.1	393571	393573	1
CP142620.1	393573	393613	0
CP142620.1	393613	393655	1
CP142620.1	393655	393657	0
CP142620.1	393657	393659	1
CP142620.1	393659	393683	2
CP142620.1	393683	393753	1
CP142620.1	393753	393768	2
CP142620.1	393768	393769	1
CP142620.1	393769	393801	2
CP142620.1	393801	393853	3
CP142620.1	393853	393863	4
CP142620.1	393863	393881	3
CP142620.1	393881	393900	4
CP142620.1	393900	393905	3
CP142620.1	393905	393951	2
CP142620.1	393951	393957	3
CP142620.1	393957	393979	2
CP142620.1	393979	394027	1
CP142620.1	394027	394105	0
CP142620.1	394105	394124	1
CP142620.1	394124	394155	2
CP142620.1	394155	394164	1
CP142620.1	394164	394167	2
CP142620.1	394167	394206	3
CP142620.1	394206	394219	2
CP142620.1	394219	394321	1
CP142620.1	394321	394334	3
CP142620.1	394334	394335	1
CP142620.1	394335	394344	3
CP142620.1	394344	394406	4
CP142620.1	394406	394407	3
CP142620.1	394407	394419	4
CP142620.1	394419	394423	3
CP142620.1	394423	394445	2
CP142620.1	394445	394464	1
CP142620.1	394464	394482	2
CP142620.1	394482	394507	3
CP142620.1	394507	394512	2
CP142620.1	394512	394521	3
CP142620.1	394521	394555	4
CP142620.1	394555	394573	3
CP142620.1	394573	394652	2
CP142620.1	394652	394717	3
CP142620.1	394717	394742	2
CP142620.1	394742	394746	1
CP142620.1	394746	394786	2
CP142620.1	394786	394938	1
CP142620.1	394938	395027	0
CP142620.1	395027	395030	1
CP142620.1	395030	395098	2
CP142620.1	395098	395245	1
CP142620.1	395245	395375	0
CP142620.1	395375	395455	1
CP142620.1	395455	395491	2
CP142620.1	395491	395492	1
CP142620.1	395492	395519	2
CP142620.1	395519	395532	1
CP142620.1	395532	395538	0
CP142620.1	395538	395539	1
CP142620.1	395539	395547	2
CP142620.1	395547	395562	3
CP142620.1	395562	395600	2
CP142620.1	395600	395630	1
CP142620.1	395630	395806	0
CP142620.1	395806	395950	1
CP142620.1	395950	396010	0
CP142620.1	396010	396049	1
CP142620.1	396049	396090	2
CP142620.1	396090	396137	1
CP142620.1	396137	396138	0
CP142620.1	396138	396174	1
CP142620.1	396174	396266	0
CP142620.1	396266	396325	1
CP142620.1	396325	396348	2
CP142620.1	396348	396350	1
CP142620.1	396350	396352	2
CP142620.1	396352	396364	3
CP142620.1	396364	396392	4
CP142620.1	396392	396412	3
CP142620.1	396412	396413	2
CP142620.1	396413	396421	3
CP142620.1	396421	396426	2
CP142620.1	396426	396468	3
CP142620.1	396468	396487	2
CP142620.1	396487	396492	1
CP142620.1	396492	396517	2
CP142620.1	396517	396545	1
CP142620.1	396545	396546	0
CP142620.1	396546	396601	1
CP142620.1	396601	396665	2
CP142620.1	396665	396699	1
CP142620.1	396699	396716	0
CP142620.1	396716	396750	1
CP142620.1	396750	396812	0
CP142620.1	396812	396831	1
CP142620.1	396831	396851	2
CP142620.1	396851	396895	3
CP142620.1	396895	396896	2
CP142620.1	396896	396898	1
CP142620.1	396898	396907	3
CP142620.1	396907	396908	1
CP142620.1	396908	396936	3
CP142620.1	396936	397023	2
CP142620.1	397023	397058	1
CP142620.1	397058	397120	2
CP142620.1	397120	397131	3
CP142620.1	397131	397132	2
CP142620.1	397132	397169	3
CP142620.1	397169	397170	2
CP142620.1	397170	397171	1
CP142620.1	397171	397180	2
CP142620.1	397180	397203	1
CP142620.1	397203	397226	2
CP142620.1	397226	397227	1
CP142620.1	397227	397316	2
CP142620.1	397316	397349	1
CP142620.1	397349	397432	2
CP142620.1	397432	397435	3
CP142620.1	397435	397477	2
CP142620.1	397477	397572	3
CP142620.1	397572	397578	2
CP142620.1	397578	397613	1
CP142620.1	397613	397716	2
CP142620.1	397716	397737	3
CP142620.1	397737	397747	2
CP142620.1	397747	397748	0
CP142620.1	397748	397790	2
CP142620.1	397790	397828	1
CP142620.1	397828	397891	0
CP142620.1	397891	397978	1
CP142620.1	397978	398030	0
CP142620.1	398030	398129	1
CP142620.1	398129	398217	0
CP142620.1	398217	398321	1
CP142620.1	398321	398377	2
CP142620.1	398377	398397	1
CP142620.1	398397	398418	2
CP142620.1	398418	398419	1
CP142620.1	398419	398448	2
CP142620.1	398448	398449	1
CP142620.1	398449	398457	2
CP142620.1	398457	398458	0
CP142620.1	398458	398459	1
CP142620.1	398459	398485	2
CP142620.1	398485	398486	1
CP142620.1	398486	398544	2
CP142620.1	398544	398563	1
CP142620.1	398563	398565	0
CP142620.1	398565	398572	1
CP142620.1	398572	398581	2
CP142620.1	398581	398602	1
CP142620.1	398602	398611	2
CP142620.1	398611	398627	3
CP142620.1	398627	398763	2
CP142620.1	398763	398781	1
CP142620.1	398781	398783	0
CP142620.1	398783	398785	1
CP142620.1	398785	398805	2
CP142620.1	398805	398806	1
CP142620.1	398806	398844	2
CP142620.1	398844	398956	1
CP142620.1	398956	399036	0
CP142620.1	399036	399076	1
CP142620.1	399076	399078	0
CP142620.1	399078	399127	1
CP142620.1	399127	399167	2
CP142620.1	399167	399198	1
CP142620.1	399198	399256	0
CP142620.1	399256	399317	1
CP142620.1	399317	399323	2
CP142620.1	399323	399340	3
CP142620.1	399340	399341	2
CP142620.1	399341	399471	3
CP142620.1	399471	399529	2
CP142620.1	399529	399540	3
CP142620.1	399540	399553	4
CP142620.1	399553	399560	3
CP142620.1	399560	399623	2
CP142620.1	399623	399648	1
CP142620.1	399648	399731	2
CP142620.1	399731	399882	1
CP142620.1	399882	399884	0
CP142620.1	399884	399945	1
CP142620.1	399945	399947	0
CP142620.1	399947	399992	1
CP142620.1	399992	399995	0
CP142620.1	399995	400009	1
CP142620.1	400009	400010	0
CP142620.1	400010	400019	1
CP142620.1	400019	400035	2
CP142620.1	400035	400147	1
CP142620.1	400147	400148	0
CP142620.1	400148	400200	1
CP142620.1	400200	400321	0
CP142620.1	400321	400463	1
CP142620.1	400463	400470	2
CP142620.1	400470	400471	1
CP142620.1	400471	400494	2
CP142620.1	400494	400496	1
CP142620.1	400496	400500	2
CP142620.1	400500	400572	1
CP142620.1	400572	400647	0
CP142620.1	400647	400654	1
CP142620.1	400654	400657	2
CP142620.1	400657	400658	1
CP142620.1	400658	400728	2
CP142620.1	400728	400732	1
CP142620.1	400732	400964	0
CP142620.1	400964	401017	1
CP142620.1	401017	401112	2
CP142620.1	401112	401188	1
CP142620.1	401188	401231	2
CP142620.1	401231	401266	1
CP142620.1	401266	401323	2
CP142620.1	401323	401386	3
CP142620.1	401386	401435	2
CP142620.1	401435	401482	3
CP142620.1	401482	401496	2
CP142620.1	401496	401620	1
CP142620.1	401620	401634	2
CP142620.1	401634	401667	3
CP142620.1	401667	401668	2
CP142620.1	401668	401693	3
CP142620.1	401693	401694	2
CP142620.1	401694	401717	3
CP142620.1	401717	401724	2
CP142620.1	401724	401725	3
CP142620.1	401725	401727	2
CP142620.1	401727	401729	1
CP142620.1	401729	401732	2
CP142620.1	401732	401736	3
CP142620.1	401736	401768	2
CP142620.1	401768	401769	0
CP142620.1	401769	401783	2
CP142620.1	401783	401785	1
CP142620.1	401785	401796	2
CP142620.1	401796	401797	1
CP142620.1	401797	401804	2
CP142620.1	401804	401826	3
CP142620.1	401826	401856	4
CP142620.1	401856	401857	3
CP142620.1	401857	401858	2
CP142620.1	401858	401861	1
CP142620.1	401861	401908	3
CP142620.1	401908	401910	2
CP142620.1	401910	401943	1
CP142620.1	401943	401975	2
CP142620.1	401975	402029	1
CP142620.1	402029	402036	0
CP142620.1	402036	402060	1
CP142620.1	402060	402085	2
CP142620.1	402085	402088	1
CP142620.1	402088	402144	2
CP142620.1	402144	402148	1
CP142620.1	402148	402300	0
CP142620.1	402300	402365	1
CP142620.1	402365	402398	2
CP142620.1	402398	402549	1
CP142620.1	402549	402590	0
CP142620.1	402590	402598	1
CP142620.1	402598	402599	0
CP142620.1	402599	402672	1
CP142620.1	402672	402834	0
CP142620.1	402834	402857	1
CP142620.1	402857	402858	0
CP142620.1	402858	402886	1
CP142620.1	402886	402888	2
CP142620.1	402888	402904	1
CP142620.1	402904	402922	2
CP142620.1	402922	402923	1
CP142620.1	402923	402960	2
CP142620.1	402960	402967	1
CP142620.1	402967	402990	2
CP142620.1	402990	402994	3
CP142620.1	402994	403041	2
CP142620.1	403041	403050	3
CP142620.1	403050	403055	4
CP142620.1	403055	403084	3
CP142620.1	403084	403113	2
CP142620.1	403113	403114	1
CP142620.1	403114	403124	2
CP142620.1	403124	403130	1
CP142620.1	403130	403662	0
CP142620.1	403662	403678	1
CP142620.1	403678	403698	2
CP142620.1	403698	403701	1
CP142620.1	403701	403740	2
CP142620.1	403740	403775	1
CP142620.1	403775	403778	0
CP142620.1	403778	403808	1
CP142620.1	403808	403863	2
CP142620.1	403863	403865	1
CP142620.1	403865	403882	2
CP142620.1	403882	403884	1
CP142620.1	403884	403900	2
CP142620.1	403900	403904	1
CP142620.1	403904	403910	2
CP142620.1	403910	403911	1
CP142620.1	403911	403913	2
CP142620.1	403913	403917	1
CP142620.1	403917	403976	2
CP142620.1	403976	403977	1
CP142620.1	403977	404025	0
CP142620.1	404025	404068	1
CP142620.1	404068	404069	2
CP142620.1	404069	404076	1
CP142620.1	404076	404124	2
CP142620.1	404124	404127	1
CP142620.1	404127	404132	2
CP142620.1	404132	404171	1
CP142620.1	404171	404172	2
CP142620.1	404172	404178	3
CP142620.1	404178	404180	2
CP142620.1	404180	404191	3
CP142620.1	404191	404194	2
CP142620.1	404194	404198	3
CP142620.1	404198	404208	2
CP142620.1	404208	404209	1
CP142620.1	404209	404247	2
CP142620.1	404247	404266	1
CP142620.1	404266	404269	0
CP142620.1	404269	404281	1
CP142620.1	404281	404288	2
CP142620.1	404288	404289	1
CP142620.1	404289	404295	2
CP142620.1	404295	404298	1
CP142620.1	404298	404383	2
CP142620.1	404383	404400	3
CP142620.1	404400	404441	2
CP142620.1	404441	404453	1
CP142620.1	404453	404504	0
CP142620.1	404504	404883	1
CP142620.1	404883	404884	0
CP142620.1	404884	404926	1
CP142620.1	404926	404928	2
CP142620.1	404928	404990	1
CP142620.1	404990	405010	2
CP142620.1	405010	405029	3
CP142620.1	405029	405031	2
CP142620.1	405031	405032	1
CP142620.1	405032	405035	2
CP142620.1	405035	405054	3
CP142620.1	405054	405055	2
CP142620.1	405055	405077	3
CP142620.1	405077	405086	4
CP142620.1	405086	405105	3
CP142620.1	405105	405115	4
CP142620.1	405115	405144	3
CP142620.1	405144	405162	4
CP142620.1	405162	405182	3
CP142620.1	405182	405241	2
CP142620.1	405241	405256	3
CP142620.1	405256	405262	2
CP142620.1	405262	405276	3
CP142620.1	405276	405297	2
CP142620.1	405297	405330	1
CP142620.1	405330	405571	0
CP142620.1	405571	405657	1
CP142620.1	405657	405780	2
CP142620.1	405780	405835	1
CP142620.1	405835	405874	2
CP142620.1	405874	405877	0
CP142620.1	405877	405891	2
CP142620.1	405891	406089	1
CP142620.1	406089	406143	0
CP142620.1	406143	406231	1
CP142620.1	406231	406281	2
CP142620.1	406281	406303	1
CP142620.1	406303	406357	2
CP142620.1	406357	406358	1
CP142620.1	406358	406383	2
CP142620.1	406383	406384	1
CP142620.1	406384	406396	2
CP142620.1	406396	406423	3
CP142620.1	406423	406450	2
CP142620.1	406450	406454	1
CP142620.1	406454	406457	2
CP142620.1	406457	406493	1
CP142620.1	406493	406528	0
CP142620.1	406528	406530	1
CP142620.1	406530	406611	2
CP142620.1	406611	406631	1
CP142620.1	406631	406650	2
CP142620.1	406650	406752	3
CP142620.1	406752	406790	2
CP142620.1	406790	406830	1
CP142620.1	406830	407182	0
CP142620.1	407182	407186	1
CP142620.1	407186	407235	2
CP142620.1	407235	407237	1
CP142620.1	407237	407238	0
CP142620.1	407238	407324	1
CP142620.1	407324	407440	0
CP142620.1	407440	407536	1
CP142620.1	407536	407550	0
CP142620.1	407550	407633	1
CP142620.1	407633	407657	0
CP142620.1	407657	407699	1
CP142620.1	407699	407764	2
CP142620.1	407764	407765	1
CP142620.1	407765	407814	2
CP142620.1	407814	407825	1
CP142620.1	407825	407847	2
CP142620.1	407847	407872	3
CP142620.1	407872	407932	2
CP142620.1	407932	407945	3
CP142620.1	407945	408016	4
CP142620.1	408016	408021	3
CP142620.1	408021	408022	2
CP142620.1	408022	408034	3
CP142620.1	408034	408093	2
CP142620.1	408093	408114	1
CP142620.1	408114	408134	2
CP142620.1	408134	408135	0
CP142620.1	408135	408136	1
CP142620.1	408136	408150	2
CP142620.1	408150	408175	1
CP142620.1	408175	408335	0
CP142620.1	408335	408365	1
CP142620.1	408365	408518	2
CP142620.1	408518	408542	1
CP142620.1	408542	408574	0
CP142620.1	408574	408587	1
CP142620.1	408587	408588	0
CP142620.1	408588	408609	1
CP142620.1	408609	408636	2
CP142620.1	408636	408637	1
CP142620.1	408637	408709	2
CP142620.1	408709	408743	1
CP142620.1	408743	408770	2
CP142620.1	408770	408771	1
CP142620.1	408771	408796	2
CP142620.1	408796	408860	3
CP142620.1	408860	408895	2
CP142620.1	408895	408951	3
CP142620.1	408951	408956	2
CP142620.1	408956	409035	1
CP142620.1	409035	409037	2
CP142620.1	409037	409119	1
CP142620.1	409119	409212	0
CP142620.1	409212	409264	1
CP142620.1	409264	409317	2
CP142620.1	409317	409318	1
CP142620.1	409318	409321	2
CP142620.1	409321	409361	1
CP142620.1	409361	409412	2
CP142620.1	409412	409413	1
CP142620.1	409413	409423	2
CP142620.1	409423	409445	1
CP142620.1	409445	409446	0
CP142620.1	409446	409457	1
CP142620.1	409457	409559	0
CP142620.1	409559	409617	1
CP142620.1	409617	409796	0
CP142620.1	409796	409827	1
CP142620.1	409827	409921	2
CP142620.1	409921	409994	1
CP142620.1	409994	410042	0
CP142620.1	410042	410072	1
CP142620.1	410072	410075	2
CP142620.1	410075	410126	3
CP142620.1	410126	410232	2
CP142620.1	410232	410244	1
CP142620.1	410244	410336	2
CP142620.1	410336	410400	1
CP142620.1	410400	410441	0
CP142620.1	410441	410494	1
CP142620.1	410494	410579	0
CP142620.1	410579	410671	1
CP142620.1	410671	410712	0
CP142620.1	410712	410790	1
CP142620.1	410790	410814	2
CP142620.1	410814	410845	3
CP142620.1	410845	410846	2
CP142620.1	410846	410900	3
CP142620.1	410900	410919	2
CP142620.1	410919	410937	3
CP142620.1	410937	410970	2
CP142620.1	410970	410987	1
CP142620.1	410987	410988	0
CP142620.1	410988	411021	1
CP142620.1	411021	411034	2
CP142620.1	411034	411035	1
CP142620.1	411035	411054	2
CP142620.1	411054	411110	0
CP142620.1	411110	411114	1
CP142620.1	411114	411115	0
CP142620.1	411115	411117	1
CP142620.1	411117	411149	2
CP142620.1	411149	411151	1
CP142620.1	411151	411155	2
CP142620.1	411155	411175	3
CP142620.1	411175	411178	2
CP142620.1	411178	411181	3
CP142620.1	411181	411182	2
CP142620.1	411182	411184	3
CP142620.1	411184	411185	1
CP142620.1	411185	411228	3
CP142620.1	411228	411253	2
CP142620.1	411253	411270	3
CP142620.1	411270	411286	2
CP142620.1	411286	411305	1
CP142620.1	411305	411306	0
CP142620.1	411306	411470	1
CP142620.1	411470	411506	0
CP142620.1	411506	411618	1
CP142620.1	411618	411728	0
CP142620.1	411728	411791	1
CP142620.1	411791	412178	0
CP142620.1	412178	412289	1
CP142620.1	412289	412303	2
CP142620.1	412303	412320	3
CP142620.1	412320	412343	2
CP142620.1	412343	412344	1
CP142620.1	412344	412361	2
CP142620.1	412361	412378	3
CP142620.1	412378	412381	2
CP142620.1	412381	412425	3
CP142620.1	412425	412432	2
CP142620.1	412432	412480	3
CP142620.1	412480	412482	2
CP142620.1	412482	412541	3
CP142620.1	412541	412557	2
CP142620.1	412557	412568	3
CP142620.1	412568	412569	2
CP142620.1	412569	412636	1
CP142620.1	412636	412997	0
CP142620.1	412997	413145	1
CP142620.1	413145	413260	0
CP142620.1	413260	413310	1
CP142620.1	413310	413319	2
CP142620.1	413319	413408	1
CP142620.1	413408	413429	2
CP142620.1	413429	413552	1
CP142620.1	413552	413565	0
CP142620.1	413565	413591	1
CP142620.1	413591	413615	2
CP142620.1	413615	413701	1
CP142620.1	413701	413728	0
CP142620.1	413728	414074	1
CP142620.1	414074	414220	0
CP142620.1	414220	414284	1
CP142620.1	414284	414305	0
CP142620.1	414305	414428	1
CP142620.1	414428	414440	0
CP142620.1	414440	414471	1
CP142620.1	414471	414507	2
CP142620.1	414507	414527	1
CP142620.1	414527	414576	0
CP142620.1	414576	414590	1
CP142620.1	414590	414619	2
CP142620.1	414619	414639	4
CP142620.1	414639	414640	3
CP142620.1	414640	414657	4
CP142620.1	414657	414660	3
CP142620.1	414660	414664	5
CP142620.1	414664	414677	6
CP142620.1	414677	414682	5
CP142620.1	414682	414696	4
CP142620.1	414696	414707	3
CP142620.1	414707	414745	2
CP142620.1	414745	414797	1
CP142620.1	414797	414889	0
CP142620.1	414889	414959	1
CP142620.1	414959	414965	2
CP142620.1	414965	414966	1
CP142620.1	414966	414995	2
CP142620.1	414995	415064	1
CP142620.1	415064	415253	0
CP142620.1	415253	415318	1
CP142620.1	415318	415377	0
CP142620.1	415377	415410	1
CP142620.1	415410	415496	2
CP142620.1	415496	415533	3
CP142620.1	415533	415545	2
CP142620.1	415545	415549	1
CP142620.1	415549	415612	2
CP142620.1	415612	415621	3
CP142620.1	415621	415685	2
CP142620.1	415685	415745	3
CP142620.1	415745	415765	4
CP142620.1	415765	415770	3
CP142620.1	415770	415771	2
CP142620.1	415771	415855	3
CP142620.1	415855	415894	2
CP142620.1	415894	415895	0
CP142620.1	415895	415919	1
CP142620.1	415919	416291	0
CP142620.1	416291	416313	1
CP142620.1	416313	416314	0
CP142620.1	416314	416355	1
CP142620.1	416355	416394	2
CP142620.1	416394	416420	3
CP142620.1	416420	416422	2
CP142620.1	416422	416451	3
CP142620.1	416451	416477	2
CP142620.1	416477	416488	1
CP142620.1	416488	416494	0
CP142620.1	416494	416513	1
CP142620.1	416513	416522	0
CP142620.1	416522	416621	1
CP142620.1	416621	416627	0
CP142620.1	416627	416692	1
CP142620.1	416692	416730	2
CP142620.1	416730	416733	3
CP142620.1	416733	416734	2
CP142620.1	416734	416749	3
CP142620.1	416749	416750	1
CP142620.1	416750	416772	4
CP142620.1	416772	416801	3
CP142620.1	416801	416843	2
CP142620.1	416843	416905	3
CP142620.1	416905	416988	1
CP142620.1	416988	417022	0
CP142620.1	417022	417096	1
CP142620.1	417096	417205	0
CP142620.1	417205	417221	1
CP142620.1	417221	417329	2
CP142620.1	417329	417340	1
CP142620.1	417340	417401	0
CP142620.1	417401	417425	1
CP142620.1	417425	417426	0
CP142620.1	417426	417458	1
CP142620.1	417458	417504	0
CP142620.1	417504	417585	1
CP142620.1	417585	417603	2
CP142620.1	417603	417714	3
CP142620.1	417714	417743	2
CP142620.1	417743	417774	1
CP142620.1	417774	417883	0
CP142620.1	417883	418048	1
CP142620.1	418048	418107	2
CP142620.1	418107	418112	3
CP142620.1	418112	418135	2
CP142620.1	418135	418200	1
CP142620.1	418200	418717	0
CP142620.1	418717	418753	1
CP142620.1	418753	418772	2
CP142620.1	418772	418805	1
CP142620.1	418805	418809	2
CP142620.1	418809	418833	3
CP142620.1	418833	418842	2
CP142620.1	418842	418844	0
CP142620.1	418844	418859	2
CP142620.1	418859	418863	1
CP142620.1	418863	418885	2
CP142620.1	418885	418886	1
CP142620.1	418886	418889	2
CP142620.1	418889	418891	1
CP142620.1	418891	418913	2
CP142620.1	418913	418947	3
CP142620.1	418947	418948	2
CP142620.1	418948	418958	3
CP142620.1	418958	418991	2
CP142620.1	418991	419032	1
CP142620.1	419032	419048	2
CP142620.1	419048	419103	1
CP142620.1	419103	419146	0
CP142620.1	419146	419180	1
CP142620.1	419180	419291	2
CP142620.1	419291	419292	1
CP142620.1	419292	419355	2
CP142620.1	419355	419387	3
CP142620.1	419387	419411	2
CP142620.1	419411	419431	1
CP142620.1	419431	419509	2
CP142620.1	419509	419528	1
CP142620.1	419528	419529	0
CP142620.1	419529	419530	1
CP142620.1	419530	419554	2
CP142620.1	419554	419555	1
CP142620.1	419555	419588	2
CP142620.1	419588	419598	1
CP142620.1	419598	419600	0
CP142620.1	419600	419618	1
CP142620.1	419618	419619	0
CP142620.1	419619	419663	1
CP142620.1	419663	419712	0
CP142620.1	419712	419769	1
CP142620.1	419769	419794	2
CP142620.1	419794	419795	1
CP142620.1	419795	419807	3
CP142620.1	419807	419837	2
CP142620.1	419837	419839	1
CP142620.1	419839	419850	2
CP142620.1	419850	420000	1
CP142620.1	420000	420049	2
CP142620.1	420049	420050	1
CP142620.1	420050	420135	2
CP142620.1	420135	420140	1
CP142620.1	420140	420143	0
CP142620.1	420143	420145	1
CP142620.1	420145	420301	2
CP142620.1	420301	420302	1
CP142620.1	420302	420305	2
CP142620.1	420305	420352	3
CP142620.1	420352	420362	2
CP142620.1	420362	420363	1
CP142620.1	420363	420370	2
CP142620.1	420370	420390	1
CP142620.1	420390	420418	0
CP142620.1	420418	420571	1
CP142620.1	420571	420572	0
CP142620.1	420572	420665	1
CP142620.1	420665	420682	0
CP142620.1	420682	420683	1
CP142620.1	420683	420716	2
CP142620.1	420716	420739	3
CP142620.1	420739	420740	2
CP142620.1	420740	420744	3
CP142620.1	420744	420785	2
CP142620.1	420785	420786	3
CP142620.1	420786	420900	2
CP142620.1	420900	420917	3
CP142620.1	420917	420986	2
CP142620.1	420986	421033	1
CP142620.1	421033	421098	0
CP142620.1	421098	421118	1
CP142620.1	421118	421202	2
CP142620.1	421202	421213	3
CP142620.1	421213	421263	2
CP142620.1	421263	421296	3
CP142620.1	421296	421306	4
CP142620.1	421306	421312	5
CP142620.1	421312	421320	4
CP142620.1	421320	421374	3
CP142620.1	421374	421395	2
CP142620.1	421395	421480	1
CP142620.1	421480	421550	2
CP142620.1	421550	421566	1
CP142620.1	421566	421612	0
CP142620.1	421612	421742	1
CP142620.1	421742	421763	2
CP142620.1	421763	421876	1
CP142620.1	421876	421882	2
CP142620.1	421882	421923	1
CP142620.1	421923	421933	2
CP142620.1	421933	421961	3
CP142620.1	421961	421968	4
CP142620.1	421968	421978	6
CP142620.1	421978	422008	5
CP142620.1	422008	422019	4
CP142620.1	422019	422022	5
CP142620.1	422022	422058	4
CP142620.1	422058	422088	3
CP142620.1	422088	422090	2
CP142620.1	422090	422190	1
CP142620.1	422190	422509	0
CP142620.1	422509	422529	1
CP142620.1	422529	422617	2
CP142620.1	422617	422666	1
CP142620.1	422666	422667	0
CP142620.1	422667	422752	1
CP142620.1	422752	422753	0
CP142620.1	422753	422798	1
CP142620.1	422798	423016	0
CP142620.1	423016	423083	1
CP142620.1	423083	423084	0
CP142620.1	423084	423115	1
CP142620.1	423115	423150	0
CP142620.1	423150	423231	1
CP142620.1	423231	423253	0
CP142620.1	423253	423276	1
CP142620.1	423276	423383	2
CP142620.1	423383	423386	1
CP142620.1	423386	423396	2
CP142620.1	423396	423397	1
CP142620.1	423397	423399	0
CP142620.1	423399	423406	1
CP142620.1	423406	423442	2
CP142620.1	423442	423443	1
CP142620.1	423443	423456	2
CP142620.1	423456	423460	1
CP142620.1	423460	423482	2
CP142620.1	423482	423485	1
CP142620.1	423485	423504	2
CP142620.1	423504	423506	1
CP142620.1	423506	423524	2
CP142620.1	423524	423525	0
CP142620.1	423525	423526	1
CP142620.1	423526	423527	2
CP142620.1	423527	423557	3
CP142620.1	423557	423579	4
CP142620.1	423579	423609	3
CP142620.1	423609	423643	2
CP142620.1	423643	423645	0
CP142620.1	423645	423646	1
CP142620.1	423646	423661	2
CP142620.1	423661	423673	3
CP142620.1	423673	423680	2
CP142620.1	423680	423705	1
CP142620.1	423705	423717	2
CP142620.1	423717	423758	3
CP142620.1	423758	423759	2
CP142620.1	423759	423775	3
CP142620.1	423775	423829	2
CP142620.1	423829	423987	1
CP142620.1	423987	424001	2
CP142620.1	424001	424084	1
CP142620.1	424084	424213	2
CP142620.1	424213	424245	3
CP142620.1	424245	424246	2
CP142620.1	424246	424261	3
CP142620.1	424261	424290	4
CP142620.1	424290	424296	3
CP142620.1	424296	424326	4
CP142620.1	424326	424357	3
CP142620.1	424357	424387	2
CP142620.1	424387	424397	1
CP142620.1	424397	424398	0
CP142620.1	424398	424408	1
CP142620.1	424408	424426	2
CP142620.1	424426	424547	1
CP142620.1	424547	424783	0
CP142620.1	424783	424791	1
CP142620.1	424791	424812	2
CP142620.1	424812	424839	3
CP142620.1	424839	424840	2
CP142620.1	424840	424841	3
CP142620.1	424841	424851	2
CP142620.1	424851	424913	3
CP142620.1	424913	424916	2
CP142620.1	424916	424937	1
CP142620.1	424937	424957	2
CP142620.1	424957	425008	1
CP142620.1	425008	425035	2
CP142620.1	425035	425098	3
CP142620.1	425098	425129	2
CP142620.1	425129	425213	1
CP142620.1	425213	425298	0
CP142620.1	425298	425411	1
CP142620.1	425411	425431	2
CP142620.1	425431	425474	3
CP142620.1	425474	425500	2
CP142620.1	425500	425524	1
CP142620.1	425524	425584	2
CP142620.1	425584	425628	1
CP142620.1	425628	425720	0
CP142620.1	425720	425763	1
CP142620.1	425763	425817	2
CP142620.1	425817	425819	1
CP142620.1	425819	425852	0
CP142620.1	425852	425856	1
CP142620.1	425856	425913	2
CP142620.1	425913	425933	3
CP142620.1	425933	426032	2
CP142620.1	426032	426047	3
CP142620.1	426047	426059	2
CP142620.1	426059	426075	1
CP142620.1	426075	426101	2
CP142620.1	426101	426116	3
CP142620.1	426116	426183	2
CP142620.1	426183	426199	3
CP142620.1	426199	426206	2
CP142620.1	426206	426226	3
CP142620.1	426226	426227	2
CP142620.1	426227	426238	3
CP142620.1	426238	426263	4
CP142620.1	426263	426271	3
CP142620.1	426271	426279	2
CP142620.1	426279	426327	3
CP142620.1	426327	426390	2
CP142620.1	426390	426443	1
CP142620.1	426443	426475	0
CP142620.1	426475	426503	2
CP142620.1	426503	426505	1
CP142620.1	426505	426553	2
CP142620.1	426553	426558	1
CP142620.1	426558	426610	0
CP142620.1	426610	426750	1
CP142620.1	426750	427024	0
CP142620.1	427024	427052	1
CP142620.1	427052	427087	2
CP142620.1	427087	427132	3
CP142620.1	427132	427182	2
CP142620.1	427182	427267	1
CP142620.1	427267	427291	2
CP142620.1	427291	427332	3
CP142620.1	427332	427333	2
CP142620.1	427333	427347	3
CP142620.1	427347	427350	2
CP142620.1	427350	427359	3
CP142620.1	427359	427362	2
CP142620.1	427362	427370	1
CP142620.1	427370	427378	3
CP142620.1	427378	427385	2
CP142620.1	427385	427396	3
CP142620.1	427396	427397	1
CP142620.1	427397	427405	3
CP142620.1	427405	427426	4
CP142620.1	427426	427428	3
CP142620.1	427428	427430	2
CP142620.1	427430	427434	3
CP142620.1	427434	427435	2
CP142620.1	427435	427437	1
CP142620.1	427437	427498	2
CP142620.1	427498	427499	1
CP142620.1	427499	427516	2
CP142620.1	427516	427517	1
CP142620.1	427517	427596	2
CP142620.1	427596	427644	1
CP142620.1	427644	427650	2
CP142620.1	427650	427712	3
CP142620.1	427712	427740	2
CP142620.1	427740	427742	1
CP142620.1	427742	427758	2
CP142620.1	427758	427820	1
CP142620.1	427820	427958	0
CP142620.1	427958	428001	1
CP142620.1	428001	428115	2
CP142620.1	428115	428141	1
CP142620.1	428141	428144	0
CP142620.1	428144	428230	1
CP142620.1	428230	428326	0
CP142620.1	428326	428427	1
CP142620.1	428427	428543	0
CP142620.1	428543	428562	1
CP142620.1	428562	428566	0
CP142620.1	428566	428647	1
CP142620.1	428647	428683	0
CP142620.1	428683	428686	1
CP142620.1	428686	428697	2
CP142620.1	428697	428699	1
CP142620.1	428699	428749	2
CP142620.1	428749	428764	1
CP142620.1	428764	428772	2
CP142620.1	428772	428796	3
CP142620.1	428796	428860	2
CP142620.1	428860	428922	1
CP142620.1	428922	428932	0
CP142620.1	428932	428988	1
CP142620.1	428988	429018	2
CP142620.1	429018	429035	3
CP142620.1	429035	429104	2
CP142620.1	429104	429157	3
CP142620.1	429157	429302	2
CP142620.1	429302	429310	1
CP142620.1	429310	429316	2
CP142620.1	429316	429426	1
CP142620.1	429426	429427	0
CP142620.1	429427	429447	1
CP142620.1	429447	429452	2
CP142620.1	429452	429547	1
CP142620.1	429547	429685	0
CP142620.1	429685	429694	1
CP142620.1	429694	429695	0
CP142620.1	429695	429721	1
CP142620.1	429721	429722	0
CP142620.1	429722	429728	1
CP142620.1	429728	429730	0
CP142620.1	429730	429777	1
CP142620.1	429777	429820	2
CP142620.1	429820	429830	3
CP142620.1	429830	429874	2
CP142620.1	429874	429875	1
CP142620.1	429875	429881	2
CP142620.1	429881	430024	1
CP142620.1	430024	430078	2
CP142620.1	430078	430098	1
CP142620.1	430098	430173	0
CP142620.1	430173	430174	1
CP142620.1	430174	430267	2
CP142620.1	430267	430331	1
CP142620.1	430331	430397	2
CP142620.1	430397	430455	1
CP142620.1	430455	430527	2
CP142620.1	430527	430616	1
CP142620.1	430616	430659	2
CP142620.1	430659	430661	3
CP142620.1	430661	430663	2
CP142620.1	430663	430902	1
CP142620.1	430902	430904	0
CP142620.1	430904	430921	1
CP142620.1	430921	430952	0
CP142620.1	430952	431028	1
CP142620.1	431028	431060	2
CP142620.1	431060	431067	1
CP142620.1	431067	431108	2
CP142620.1	431108	431287	1
CP142620.1	431287	431326	0
CP142620.1	431326	431503	1
CP142620.1	431503	431519	2
CP142620.1	431519	431555	1
CP142620.1	431555	431604	2
CP142620.1	431604	431609	1
CP142620.1	431609	431665	2
CP142620.1	431665	431676	1
CP142620.1	431676	431712	2
CP142620.1	431712	431724	3
CP142620.1	431724	431725	2
CP142620.1	431725	431788	3
CP142620.1	431788	431791	2
CP142620.1	431791	431965	3
CP142620.1	431965	431985	2
CP142620.1	431985	431997	3
CP142620.1	431997	432014	2
CP142620.1	432014	432015	0
CP142620.1	432015	432016	1
CP142620.1	432016	432041	2
CP142620.1	432041	432042	1
CP142620.1	432042	432086	2
CP142620.1	432086	432090	1
CP142620.1	432090	432231	0
CP142620.1	432231	432263	1
CP142620.1	432263	432270	2
CP142620.1	432270	432331	3
CP142620.1	432331	432364	4
CP142620.1	432364	432387	3
CP142620.1	432387	432388	2
CP142620.1	432388	432398	3
CP142620.1	432398	432430	2
CP142620.1	432430	432436	1
CP142620.1	432436	432630	0
CP142620.1	432630	432685	1
CP142620.1	432685	432733	2
CP142620.1	432733	432815	1
CP142620.1	432815	432820	2
CP142620.1	432820	432831	3
CP142620.1	432831	432850	4
CP142620.1	432850	432853	3
CP142620.1	432853	432862	4
CP142620.1	432862	432892	5
CP142620.1	432892	432917	6
CP142620.1	432917	432954	7
CP142620.1	432954	432959	5
CP142620.1	432959	432965	6
CP142620.1	432965	432966	5
CP142620.1	432966	432967	7
CP142620.1	432967	432985	8
CP142620.1	432985	432991	0
CP142620.1	432991	433021	8
CP142620.1	433021	433050	7
CP142620.1	433050	433057	5
CP142620.1	433057	433062	4
CP142620.1	433062	433064	5
CP142620.1	433064	433068	6
CP142620.1	433068	433123	3
CP142620.1	433123	433128	2
CP142620.1	433128	433150	3
CP142620.1	433150	433153	4
CP142620.1	433153	433238	3
CP142620.1	433238	433245	1
CP142620.1	433245	433262	2
CP142620.1	433262	433335	1
CP142620.1	433335	433425	0
CP142620.1	433425	433517	1
CP142620.1	433517	433609	2
CP142620.1	433609	433718	1
CP142620.1	433718	433735	2
CP142620.1	433735	433775	3
CP142620.1	433775	433816	1
CP142620.1	433816	433832	2
CP142620.1	433832	433867	3
CP142620.1	433867	433881	2
CP142620.1	433881	433883	1
CP142620.1	433883	433886	0
CP142620.1	433886	433898	2
CP142620.1	433898	433915	1
CP142620.1	433915	433916	0
CP142620.1	433916	433954	1
CP142620.1	433954	434372	0
CP142620.1	434372	434394	1
CP142620.1	434394	434395	0
CP142620.1	434395	434443	1
CP142620.1	434443	434452	0
CP142620.1	434452	434508	1
CP142620.1	434508	434512	0
CP142620.1	434512	434791	1
CP142620.1	434791	434836	2
CP142620.1	434836	434838	1
CP142620.1	434838	434858	2
CP142620.1	434858	434897	3
CP142620.1	434897	434948	2
CP142620.1	434948	434983	1
CP142620.1	434983	434985	0
CP142620.1	434985	434986	1
CP142620.1	434986	435036	2
CP142620.1	435036	435085	3
CP142620.1	435085	435087	4
CP142620.1	435087	435111	3
CP142620.1	435111	435122	4
CP142620.1	435122	435190	3
CP142620.1	435190	435241	2
CP142620.1	435241	435291	1
CP142620.1	435291	435355	2
CP142620.1	435355	435366	1
CP142620.1	435366	435387	2
CP142620.1	435387	435420	1
CP142620.1	435420	435546	0
CP142620.1	435546	435606	1
CP142620.1	435606	435668	2
CP142620.1	435668	435684	3
CP142620.1	435684	435718	2
CP142620.1	435718	435720	1
CP142620.1	435720	435790	0
CP142620.1	435790	435862	1
CP142620.1	435862	435874	0
CP142620.1	435874	435888	1
CP142620.1	435888	435889	0
CP142620.1	435889	435894	1
CP142620.1	435894	435922	2
CP142620.1	435922	435925	1
CP142620.1	435925	435932	2
CP142620.1	435932	435933	1
CP142620.1	435933	435943	2
CP142620.1	435943	435944	1
CP142620.1	435944	436008	2
CP142620.1	436008	436053	1
CP142620.1	436053	436118	0
CP142620.1	436118	436140	1
CP142620.1	436140	436217	2
CP142620.1	436217	436222	1
CP142620.1	436222	436272	2
CP142620.1	436272	436283	3
CP142620.1	436283	436299	2
CP142620.1	436299	436353	1
CP142620.1	436353	436436	0
CP142620.1	436436	436458	1
CP142620.1	436458	436500	2
CP142620.1	436500	436519	1
CP142620.1	436519	436613	0
CP142620.1	436613	436620	1
CP142620.1	436620	436627	2
CP142620.1	436627	436664	3
CP142620.1	436664	436769	2
CP142620.1	436769	436830	1
CP142620.1	436830	436844	0
CP142620.1	436844	436900	1
CP142620.1	436900	436905	2
CP142620.1	436905	437179	1
CP142620.1	437179	437189	2
CP142620.1	437189	437215	3
CP142620.1	437215	437218	2
CP142620.1	437218	437259	3
CP142620.1	437259	437327	2
CP142620.1	437327	437367	3
CP142620.1	437367	437368	2
CP142620.1	437368	437394	3
CP142620.1	437394	437396	2
CP142620.1	437396	437421	3
CP142620.1	437421	437457	2
CP142620.1	437457	437460	1
CP142620.1	437460	437468	2
CP142620.1	437468	437509	3
CP142620.1	437509	437510	2
CP142620.1	437510	437594	3
CP142620.1	437594	437602	2
CP142620.1	437602	437604	3
CP142620.1	437604	437619	4
CP142620.1	437619	437626	5
CP142620.1	437626	437643	4
CP142620.1	437643	437700	3
CP142620.1	437700	437726	2
CP142620.1	437726	437747	3
CP142620.1	437747	437789	2
CP142620.1	437789	437791	1
CP142620.1	437791	437800	2
CP142620.1	437800	437987	1
CP142620.1	437987	437991	0
CP142620.1	437991	437995	1
CP142620.1	437995	437997	2
CP142620.1	437997	438079	3
CP142620.1	438079	438080	2
CP142620.1	438080	438115	3
CP142620.1	438115	438131	2
CP142620.1	438131	438194	1
CP142620.1	438194	438229	0
CP142620.1	438229	438233	1
CP142620.1	438233	438266	2
CP142620.1	438266	438319	1
CP142620.1	438319	438345	0
CP142620.1	438345	438397	1
CP142620.1	438397	438411	0
CP142620.1	438411	438557	1
CP142620.1	438557	438646	2
CP142620.1	438646	438656	1
CP142620.1	438656	438773	0
CP142620.1	438773	438844	1
CP142620.1	438844	439008	0
CP142620.1	439008	439056	1
CP142620.1	439056	439090	0
CP142620.1	439090	439144	1
CP142620.1	439144	439158	2
CP142620.1	439158	439170	3
CP142620.1	439170	439184	2
CP142620.1	439184	439232	3
CP142620.1	439232	439235	4
CP142620.1	439235	439244	5
CP142620.1	439244	439262	4
CP142620.1	439262	439271	5
CP142620.1	439271	439285	4
CP142620.1	439285	439298	5
CP142620.1	439298	439326	4
CP142620.1	439326	439339	3
CP142620.1	439339	439340	1
CP142620.1	439340	439371	3
CP142620.1	439371	439373	1
CP142620.1	439373	439374	2
CP142620.1	439374	439379	3
CP142620.1	439379	439381	2
CP142620.1	439381	439442	3
CP142620.1	439442	439447	2
CP142620.1	439447	439486	1
CP142620.1	439486	439551	2
CP142620.1	439551	439552	1
CP142620.1	439552	439574	2
CP142620.1	439574	439651	1
CP142620.1	439651	439711	2
CP142620.1	439711	439712	3
CP142620.1	439712	439713	2
CP142620.1	439713	439718	3
CP142620.1	439718	439733	4
CP142620.1	439733	439741	3
CP142620.1	439741	439742	2
CP142620.1	439742	439762	3
CP142620.1	439762	439770	2
CP142620.1	439770	439787	1
CP142620.1	439787	439808	2
CP142620.1	439808	439851	3
CP142620.1	439851	439860	4
CP142620.1	439860	439884	3
CP142620.1	439884	439887	2
CP142620.1	439887	439919	3
CP142620.1	439919	439921	1
CP142620.1	439921	439928	2
CP142620.1	439928	439929	1
CP142620.1	439929	439941	2
CP142620.1	439941	439976	1
CP142620.1	439976	440018	2
CP142620.1	440018	440021	3
CP142620.1	440021	440045	2
CP142620.1	440045	440049	3
CP142620.1	440049	440099	4
CP142620.1	440099	440101	3
CP142620.1	440101	440138	2
CP142620.1	440138	440160	3
CP142620.1	440160	440163	2
CP142620.1	440163	440238	1
CP142620.1	440238	440239	2
CP142620.1	440239	440251	1
CP142620.1	440251	440256	2
CP142620.1	440256	440257	3
CP142620.1	440257	440259	2
CP142620.1	440259	440260	3
CP142620.1	440260	440265	4
CP142620.1	440265	440268	3
CP142620.1	440268	440321	4
CP142620.1	440321	440334	3
CP142620.1	440334	440359	2
CP142620.1	440359	440420	1
CP142620.1	440420	440508	0
CP142620.1	440508	440535	1
CP142620.1	440535	440540	2
CP142620.1	440540	440579	1
CP142620.1	440579	440580	0
CP142620.1	440580	440633	1
CP142620.1	440633	440652	2
CP142620.1	440652	440681	3
CP142620.1	440681	440682	2
CP142620.1	440682	440695	3
CP142620.1	440695	440697	1
CP142620.1	440697	440698	0
CP142620.1	440698	440827	2
CP142620.1	440827	440918	1
CP142620.1	440918	440968	2
CP142620.1	440968	440969	1
CP142620.1	440969	440989	2
CP142620.1	440989	440990	1
CP142620.1	440990	441023	2
CP142620.1	441023	441029	3
CP142620.1	441029	441032	4
CP142620.1	441032	441042	3
CP142620.1	441042	441133	2
CP142620.1	441133	441148	3
CP142620.1	441148	441166	2
CP142620.1	441166	441228	3
CP142620.1	441228	441236	2
CP142620.1	441236	441245	1
CP142620.1	441245	441394	0
CP142620.1	441394	441451	1
CP142620.1	441451	441909	0
CP142620.1	441909	441975	1
CP142620.1	441975	442007	0
CP142620.1	442007	442018	1
CP142620.1	442018	442022	0
CP142620.1	442022	442120	1
CP142620.1	442120	442123	0
CP142620.1	442123	442180	1
CP142620.1	442180	442204	0
CP142620.1	442204	442238	1
CP142620.1	442238	442240	0
CP142620.1	442240	442264	1
CP142620.1	442264	442291	2
CP142620.1	442291	442334	1
CP142620.1	442334	442428	0
CP142620.1	442428	442456	1
CP142620.1	442456	442457	0
CP142620.1	442457	442513	1
CP142620.1	442513	442540	0
CP142620.1	442540	442545	1
CP142620.1	442545	442594	2
CP142620.1	442594	442601	1
CP142620.1	442601	442609	2
CP142620.1	442609	442673	1
CP142620.1	442673	442676	0
CP142620.1	442676	442732	1
CP142620.1	442732	442808	0
CP142620.1	442808	442844	1
CP142620.1	442844	442896	0
CP142620.1	442896	443002	1
CP142620.1	443002	443037	2
CP142620.1	443037	443059	3
CP142620.1	443059	443088	2
CP142620.1	443088	443090	1
CP142620.1	443090	443100	2
CP142620.1	443100	443102	1
CP142620.1	443102	443149	2
CP142620.1	443149	443154	1
CP142620.1	443154	443194	2
CP142620.1	443194	443195	3
CP142620.1	443195	443252	4
CP142620.1	443252	443255	3
CP142620.1	443255	443265	2
CP142620.1	443265	443267	1
CP142620.1	443267	443271	2
CP142620.1	443271	443332	1
CP142620.1	443332	443336	2
CP142620.1	443336	443337	3
CP142620.1	443337	443338	2
CP142620.1	443338	443373	3
CP142620.1	443373	443374	2
CP142620.1	443374	443393	3
CP142620.1	443393	443452	2
CP142620.1	443452	443494	1
CP142620.1	443494	443597	0
CP142620.1	443597	443645	1
CP142620.1	443645	443725	2
CP142620.1	443725	443774	3
CP142620.1	443774	443785	2
CP142620.1	443785	443812	1
CP142620.1	443812	443892	0
CP142620.1	443892	443968	1
CP142620.1	443968	444009	0
CP142620.1	444009	444201	1
CP142620.1	444201	444209	0
CP142620.1	444209	444244	1
CP142620.1	444244	444296	2
CP142620.1	444296	444337	1
CP142620.1	444337	444407	0
CP142620.1	444407	444416	1
CP142620.1	444416	444479	2
CP142620.1	444479	444481	1
CP142620.1	444481	444489	2
CP142620.1	444489	444490	0
CP142620.1	444490	444502	2
CP142620.1	444502	444503	1
CP142620.1	444503	444508	2
CP142620.1	444508	444509	1
CP142620.1	444509	444533	2
CP142620.1	444533	444556	1
CP142620.1	444556	444557	0
CP142620.1	444557	444610	1
CP142620.1	444610	444670	0
CP142620.1	444670	444734	1
CP142620.1	444734	444757	2
CP142620.1	444757	444838	1
CP142620.1	444838	444873	2
CP142620.1	444873	444876	3
CP142620.1	444876	444891	2
CP142620.1	444891	444911	3
CP142620.1	444911	444920	2
CP142620.1	444920	444950	3
CP142620.1	444950	444959	2
CP142620.1	444959	444988	1
CP142620.1	444988	444995	2
CP142620.1	444995	445073	1
CP142620.1	445073	445091	2
CP142620.1	445091	445122	1
CP142620.1	445122	445147	2
CP142620.1	445147	445173	1
CP142620.1	445173	445186	0
CP142620.1	445186	445209	1
CP142620.1	445209	445223	2
CP142620.1	445223	445224	1
CP142620.1	445224	445250	2
CP142620.1	445250	445280	1
CP142620.1	445280	445289	2
CP142620.1	445289	445291	1
CP142620.1	445291	445296	2
CP142620.1	445296	445306	1
CP142620.1	445306	445348	2
CP142620.1	445348	445378	1
CP142620.1	445378	445388	2
CP142620.1	445388	445389	1
CP142620.1	445389	445470	2
CP142620.1	445470	445471	1
CP142620.1	445471	445485	2
CP142620.1	445485	445492	1
CP142620.1	445492	445537	2
CP142620.1	445537	445560	3
CP142620.1	445560	445561	2
CP142620.1	445561	445574	3
CP142620.1	445574	445653	2
CP142620.1	445653	445655	3
CP142620.1	445655	445675	4
CP142620.1	445675	445679	3
CP142620.1	445679	445714	4
CP142620.1	445714	445752	3
CP142620.1	445752	445756	2
CP142620.1	445756	445904	1
CP142620.1	445904	445905	2
CP142620.1	445905	445962	1
CP142620.1	445962	445964	0
CP142620.1	445964	445972	1
CP142620.1	445972	446072	2
CP142620.1	446072	446133	1
CP142620.1	446133	446343	0
CP142620.1	446343	446461	1
CP142620.1	446461	446558	0
CP142620.1	446558	446608	1
CP142620.1	446608	446877	0
CP142620.1	446877	446905	1
CP142620.1	446905	447050	2
CP142620.1	447050	447078	3
CP142620.1	447078	447117	4
CP142620.1	447117	447119	3
CP142620.1	447119	447143	4
CP142620.1	447143	447147	3
CP142620.1	447147	447155	4
CP142620.1	447155	447157	3
CP142620.1	447157	447159	4
CP142620.1	447159	447165	3
CP142620.1	447165	447168	4
CP142620.1	447168	447177	5
CP142620.1	447177	447187	4
CP142620.1	447187	447189	3
CP142620.1	447189	447213	4
CP142620.1	447213	447214	5
CP142620.1	447214	447223	4
CP142620.1	447223	447225	5
CP142620.1	447225	447239	4
CP142620.1	447239	447248	5
CP142620.1	447248	447249	4
CP142620.1	447249	447252	5
CP142620.1	447252	447253	4
CP142620.1	447253	447304	5
CP142620.1	447304	447312	3
CP142620.1	447312	447315	2
CP142620.1	447315	447349	1
CP142620.1	447349	447361	0
CP142620.1	447361	447375	1
CP142620.1	447375	447402	2
CP142620.1	447402	447406	1
CP142620.1	447406	447494	2
CP142620.1	447494	447495	1
CP142620.1	447495	447517	2
CP142620.1	447517	447518	1
CP142620.1	447518	447556	2
CP142620.1	447556	447597	1
CP142620.1	447597	447599	0
CP142620.1	447599	447658	1
CP142620.1	447658	447771	2
CP142620.1	447771	447848	1
CP142620.1	447848	447849	0
CP142620.1	447849	447880	1
CP142620.1	447880	447884	0
CP142620.1	447884	448009	1
CP142620.1	448009	448015	0
CP142620.1	448015	448024	1
CP142620.1	448024	448057	2
CP142620.1	448057	448060	5
CP142620.1	448060	448082	4
CP142620.1	448082	448083	3
CP142620.1	448083	448101	4
CP142620.1	448101	448102	1
CP142620.1	448102	448111	4
CP142620.1	448111	448112	3
CP142620.1	448112	448113	2
CP142620.1	448113	448120	4
CP142620.1	448120	448122	3
CP142620.1	448122	448131	4
CP142620.1	448131	448132	3
CP142620.1	448132	448148	4
CP142620.1	448148	448161	3
CP142620.1	448161	448196	2
CP142620.1	448196	448266	1
CP142620.1	448266	448307	2
CP142620.1	448307	448309	0
CP142620.1	448309	448310	1
CP142620.1	448310	448342	2
CP142620.1	448342	448344	3
CP142620.1	448344	448381	2
CP142620.1	448381	448384	1
CP142620.1	448384	448418	2
CP142620.1	448418	448419	1
CP142620.1	448419	448424	2
CP142620.1	448424	448456	1
CP142620.1	448456	448463	2
CP142620.1	448463	448492	1
CP142620.1	448492	448541	2
CP142620.1	448541	448542	1
CP142620.1	448542	448566	2
CP142620.1	448566	448567	1
CP142620.1	448567	448604	2
CP142620.1	448604	448635	1
CP142620.1	448635	448669	2
CP142620.1	448669	448673	1
CP142620.1	448673	448675	0
CP142620.1	448675	448915	1
CP142620.1	448915	448932	2
CP142620.1	448932	449001	3
CP142620.1	449001	449064	2
CP142620.1	449064	449131	3
CP142620.1	449131	449134	2
CP142620.1	449134	449195	1
CP142620.1	449195	449285	0
CP142620.1	449285	449353	1
CP142620.1	449353	449357	2
CP142620.1	449357	449565	1
CP142620.1	449565	449606	2
CP142620.1	449606	449608	1
CP142620.1	449608	449688	2
CP142620.1	449688	449691	1
CP142620.1	449691	449692	2
CP142620.1	449692	449738	1
CP142620.1	449738	449768	2
CP142620.1	449768	449769	1
CP142620.1	449769	449803	2
CP142620.1	449803	449873	1
CP142620.1	449873	449935	0
CP142620.1	449935	449953	1
CP142620.1	449953	449982	2
CP142620.1	449982	450032	3
CP142620.1	450032	450033	1
CP142620.1	450033	450058	3
CP142620.1	450058	450124	2
CP142620.1	450124	450127	1
CP142620.1	450127	450153	2
CP142620.1	450153	450503	0
CP142620.1	450503	450593	1
CP142620.1	450593	450680	0
CP142620.1	450680	450733	1
CP142620.1	450733	450762	2
CP142620.1	450762	450766	3
CP142620.1	450766	450768	2
CP142620.1	450768	450795	3
CP142620.1	450795	450796	1
CP142620.1	450796	450797	2
CP142620.1	450797	450807	3
CP142620.1	450807	450834	2
CP142620.1	450834	450835	1
CP142620.1	450835	450865	0
CP142620.1	450865	450915	1
CP142620.1	450915	450942	2
CP142620.1	450942	450944	3
CP142620.1	450944	450966	2
CP142620.1	450966	450986	3
CP142620.1	450986	451089	2
CP142620.1	451089	451108	1
CP142620.1	451108	451127	0
CP142620.1	451127	451148	1
CP142620.1	451148	451196	2
CP142620.1	451196	451251	1
CP142620.1	451251	451265	0
CP142620.1	451265	451269	1
CP142620.1	451269	451285	2
CP142620.1	451285	451286	1
CP142620.1	451286	451335	2
CP142620.1	451335	451336	1
CP142620.1	451336	451346	2
CP142620.1	451346	451361	3
CP142620.1	451361	451365	2
CP142620.1	451365	451384	3
CP142620.1	451384	451387	2
CP142620.1	451387	451443	1
CP142620.1	451443	451469	2
CP142620.1	451469	451521	3
CP142620.1	451521	451542	5
CP142620.1	451542	451544	4
CP142620.1	451544	451559	3
CP142620.1	451559	451562	2
CP142620.1	451562	451596	3
CP142620.1	451596	451600	2
CP142620.1	451600	451602	1
CP142620.1	451602	451604	0
CP142620.1	451604	451610	1
CP142620.1	451610	451639	2
CP142620.1	451639	451645	1
CP142620.1	451645	451720	2
CP142620.1	451720	451753	1
CP142620.1	451753	451771	2
CP142620.1	451771	451782	3
CP142620.1	451782	451800	2
CP142620.1	451800	451823	3
CP142620.1	451823	451846	2
CP142620.1	451846	451851	1
CP142620.1	451851	451855	2
CP142620.1	451855	451864	3
CP142620.1	451864	451865	1
CP142620.1	451865	451866	2
CP142620.1	451866	451888	3
CP142620.1	451888	451915	2
CP142620.1	451915	451916	1
CP142620.1	451916	451955	2
CP142620.1	451955	451997	1
CP142620.1	451997	452003	2
CP142620.1	452003	452033	3
CP142620.1	452033	452036	2
CP142620.1	452036	452046	3
CP142620.1	452046	452059	4
CP142620.1	452059	452082	5
CP142620.1	452082	452086	4
CP142620.1	452086	452096	5
CP142620.1	452096	452113	4
CP142620.1	452113	452115	3
CP142620.1	452115	452126	2
CP142620.1	452126	452158	1
CP142620.1	452158	452171	2
CP142620.1	452171	452178	3
CP142620.1	452178	452346	2
CP142620.1	452346	452360	1
CP142620.1	452360	452366	2
CP142620.1	452366	452401	3
CP142620.1	452401	452402	2
CP142620.1	452402	452410	3
CP142620.1	452410	452422	4
CP142620.1	452422	452452	3
CP142620.1	452452	452476	4
CP142620.1	452476	452483	5
CP142620.1	452483	452506	4
CP142620.1	452506	452511	3
CP142620.1	452511	452552	2
CP142620.1	452552	452553	1
CP142620.1	452553	452577	2
CP142620.1	452577	452583	1
CP142620.1	452583	452698	2
CP142620.1	452698	452788	1
CP142620.1	452788	452876	0
CP142620.1	452876	452881	1
CP142620.1	452881	452919	2
CP142620.1	452919	452938	3
CP142620.1	452938	452940	2
CP142620.1	452940	452957	3
CP142620.1	452957	452967	4
CP142620.1	452967	452984	3
CP142620.1	452984	452985	2
CP142620.1	452985	453009	3
CP142620.1	453009	453034	2
CP142620.1	453034	453093	3
CP142620.1	453093	453109	4
CP142620.1	453109	453127	3
CP142620.1	453127	453132	2
CP142620.1	453132	453134	1
CP142620.1	453134	453153	2
CP142620.1	453153	453212	1
CP142620.1	453212	453280	2
CP142620.1	453280	453281	3
CP142620.1	453281	453338	2
CP142620.1	453338	453339	1
CP142620.1	453339	453354	0
CP142620.1	453354	453392	1
CP142620.1	453392	453443	2
CP142620.1	453443	453551	1
CP142620.1	453551	453582	2
CP142620.1	453582	453586	1
CP142620.1	453586	453594	2
CP142620.1	453594	453597	1
CP142620.1	453597	453617	2
CP142620.1	453617	453634	1
CP142620.1	453634	453696	0
CP142620.1	453696	453792	1
CP142620.1	453792	453916	0
CP142620.1	453916	454203	1
CP142620.1	454203	454232	0
CP142620.1	454232	454368	1
CP142620.1	454368	454403	0
CP142620.1	454403	454493	1
CP142620.1	454493	454504	0
CP142620.1	454504	454556	1
CP142620.1	454556	454628	0
CP142620.1	454628	454671	1
CP142620.1	454671	454678	2
CP142620.1	454678	454687	1
CP142620.1	454687	454748	2
CP142620.1	454748	454765	1
CP142620.1	454765	454772	2
CP142620.1	454772	454774	1
CP142620.1	454774	454775	0
CP142620.1	454775	454855	1
CP142620.1	454855	454883	0
CP142620.1	454883	454917	1
CP142620.1	454917	454934	2
CP142620.1	454934	454989	1
CP142620.1	454989	454990	0
CP142620.1	454990	455129	1
CP142620.1	455129	455146	2
CP142620.1	455146	455182	1
CP142620.1	455182	455216	2
CP142620.1	455216	455272	3
CP142620.1	455272	455287	4
CP142620.1	455287	455319	3
CP142620.1	455319	455371	2
CP142620.1	455371	455419	3
CP142620.1	455419	455453	4
CP142620.1	455453	455475	3
CP142620.1	455475	455487	2
CP142620.1	455487	455490	1
CP142620.1	455490	455499	2
CP142620.1	455499	455506	3
CP142620.1	455506	455508	2
CP142620.1	455508	455527	3
CP142620.1	455527	455528	4
CP142620.1	455528	455562	3
CP142620.1	455562	455564	2
CP142620.1	455564	455583	3
CP142620.1	455583	455588	2
CP142620.1	455588	455628	1
CP142620.1	455628	455644	0
CP142620.1	455644	455668	1
CP142620.1	455668	455682	2
CP142620.1	455682	455683	1
CP142620.1	455683	455725	2
CP142620.1	455725	455733	1
CP142620.1	455733	455827	0
CP142620.1	455827	455892	1
CP142620.1	455892	455982	0
CP142620.1	455982	456020	1
CP142620.1	456020	456205	0
CP142620.1	456205	456262	1
CP142620.1	456262	456338	2
CP142620.1	456338	456362	1
CP142620.1	456362	456465	0
CP142620.1	456465	456598	1
CP142620.1	456598	456601	0
CP142620.1	456601	456685	1
CP142620.1	456685	456695	2
CP142620.1	456695	456738	1
CP142620.1	456738	456739	0
CP142620.1	456739	456812	1
CP142620.1	456812	456853	2
CP142620.1	456853	456859	3
CP142620.1	456859	456860	2
CP142620.1	456860	456882	3
CP142620.1	456882	456893	2
CP142620.1	456893	457014	1
CP142620.1	457014	457033	2
CP142620.1	457033	457139	3
CP142620.1	457139	457215	2
CP142620.1	457215	457218	1
CP142620.1	457218	457219	0
CP142620.1	457219	457224	1
CP142620.1	457224	457264	2
CP142620.1	457264	457265	3
CP142620.1	457265	457266	1
CP142620.1	457266	457337	2
CP142620.1	457337	457344	1
CP142620.1	457344	457347	0
CP142620.1	457347	457395	1
CP142620.1	457395	457401	0
CP142620.1	457401	457437	1
CP142620.1	457437	457465	2
CP142620.1	457465	457521	3
CP142620.1	457521	457532	2
CP142620.1	457532	457533	1
CP142620.1	457533	457538	2
CP142620.1	457538	457602	1
CP142620.1	457602	457603	0
CP142620.1	457603	457605	1
CP142620.1	457605	457657	2
CP142620.1	457657	457667	3
CP142620.1	457667	457747	2
CP142620.1	457747	457750	1
CP142620.1	457750	457753	0
CP142620.1	457753	457760	1
CP142620.1	457760	457781	2
CP142620.1	457781	457847	3
CP142620.1	457847	457923	2
CP142620.1	457923	457944	1
CP142620.1	457944	457997	0
CP142620.1	457997	458056	1
CP142620.1	458056	458082	0
CP142620.1	458082	458190	1
CP142620.1	458190	458202	2
CP142620.1	458202	458203	1
CP142620.1	458203	458206	2
CP142620.1	458206	458235	1
CP142620.1	458235	458255	2
CP142620.1	458255	458329	3
CP142620.1	458329	458330	2
CP142620.1	458330	458345	3
CP142620.1	458345	458442	2
CP142620.1	458442	458452	1
CP142620.1	458452	458513	0
CP142620.1	458513	458541	1
CP142620.1	458541	458628	2
CP142620.1	458628	458687	1
CP142620.1	458687	458751	0
CP142620.1	458751	458824	1
CP142620.1	458824	459359	0
CP142620.1	459359	459395	1
CP142620.1	459395	459438	0
CP142620.1	459438	459448	1
CP142620.1	459448	459501	2
CP142620.1	459501	459553	1
CP142620.1	459553	459606	0
CP142620.1	459606	459681	1
CP142620.1	459681	459683	2
CP142620.1	459683	459699	1
CP142620.1	459699	459734	2
CP142620.1	459734	459800	1
CP142620.1	459800	459846	2
CP142620.1	459846	459847	1
CP142620.1	459847	459856	2
CP142620.1	459856	459885	1
CP142620.1	459885	459886	0
CP142620.1	459886	459894	1
CP142620.1	459894	459917	2
CP142620.1	459917	459939	1
CP142620.1	459939	459994	0
CP142620.1	459994	460109	1
CP142620.1	460109	460167	2
CP142620.1	460167	460193	1
CP142620.1	460193	460196	0
CP142620.1	460196	460214	1
CP142620.1	460214	460302	0
CP142620.1	460302	460369	1
CP142620.1	460369	460402	2
CP142620.1	460402	460431	3
CP142620.1	460431	460477	2
CP142620.1	460477	460479	1
CP142620.1	460479	460493	2
CP142620.1	460493	460574	1
CP142620.1	460574	460581	0
CP142620.1	460581	460666	1
CP142620.1	460666	461001	0
CP142620.1	461001	461016	1
CP142620.1	461016	461083	2
CP142620.1	461083	461186	1
CP142620.1	461186	461232	2
CP142620.1	461232	461236	1
CP142620.1	461236	461285	2
CP142620.1	461285	461350	3
CP142620.1	461350	461445	2
CP142620.1	461445	461453	1
CP142620.1	461453	461521	2
CP142620.1	461521	461552	1
CP142620.1	461552	461567	2
CP142620.1	461567	461623	1
CP142620.1	461623	461631	2
CP142620.1	461631	461671	1
CP142620.1	461671	461681	2
CP142620.1	461681	461688	1
CP142620.1	461688	461716	2
CP142620.1	461716	461722	3
CP142620.1	461722	461745	4
CP142620.1	461745	461796	3
CP142620.1	461796	461808	2
CP142620.1	461808	461821	1
CP142620.1	461821	461992	2
CP142620.1	461992	462023	1
CP142620.1	462023	462065	2
CP142620.1	462065	462259	1
CP142620.1	462259	462273	2
CP142620.1	462273	462334	1
CP142620.1	462334	462439	0
CP142620.1	462439	462651	1
CP142620.1	462651	462685	0
CP142620.1	462685	462751	1
CP142620.1	462751	462762	2
CP142620.1	462762	462784	3
CP142620.1	462784	462811	2
CP142620.1	462811	462817	3
CP142620.1	462817	462833	2
CP142620.1	462833	462852	3
CP142620.1	462852	462866	2
CP142620.1	462866	462867	1
CP142620.1	462867	462905	2
CP142620.1	462905	462906	1
CP142620.1	462906	462930	2
CP142620.1	462930	463056	1
CP142620.1	463056	463057	0
CP142620.1	463057	463069	1
CP142620.1	463069	463076	2
CP142620.1	463076	463127	1
CP142620.1	463127	463225	0
CP142620.1	463225	463234	1
CP142620.1	463234	463254	2
CP142620.1	463254	463255	0
CP142620.1	463255	463333	2
CP142620.1	463333	463380	1
CP142620.1	463380	463393	2
CP142620.1	463393	463442	3
CP142620.1	463442	463464	2
CP142620.1	463464	463477	1
CP142620.1	463477	463499	2
CP142620.1	463499	463554	3
CP142620.1	463554	463555	2
CP142620.1	463555	463607	1
CP142620.1	463607	463610	2
CP142620.1	463610	463665	1
CP142620.1	463665	463826	0
CP142620.1	463826	463909	1
CP142620.1	463909	463917	2
CP142620.1	463917	463934	1
CP142620.1	463934	463955	2
CP142620.1	463955	464029	1
CP142620.1	464029	464121	0
CP142620.1	464121	464138	1
CP142620.1	464138	464146	0
CP142620.1	464146	464159	1
CP142620.1	464159	464203	2
CP142620.1	464203	464323	1
CP142620.1	464323	464342	0
CP142620.1	464342	464364	1
CP142620.1	464364	464367	0
CP142620.1	464367	464375	1
CP142620.1	464375	464452	2
CP142620.1	464452	464467	1
CP142620.1	464467	464488	0
CP142620.1	464488	464509	1
CP142620.1	464509	464588	2
CP142620.1	464588	464598	1
CP142620.1	464598	464647	0
CP142620.1	464647	464682	1
CP142620.1	464682	464687	0
CP142620.1	464687	464691	1
CP142620.1	464691	464692	2
CP142620.1	464692	464700	3
CP142620.1	464700	464701	2
CP142620.1	464701	464777	3
CP142620.1	464777	464779	1
CP142620.1	464779	464782	2
CP142620.1	464782	464926	1
CP142620.1	464926	464930	0
CP142620.1	464930	464984	1
CP142620.1	464984	465302	0
CP142620.1	465302	465533	1
CP142620.1	465533	465681	0
CP142620.1	465681	465790	1
CP142620.1	465790	465791	0
CP142620.1	465791	465829	1
CP142620.1	465829	465878	2
CP142620.1	465878	465882	1
CP142620.1	465882	465895	2
CP142620.1	465895	465906	1
CP142620.1	465906	466090	0
CP142620.1	466090	466110	1
CP142620.1	466110	466111	0
CP142620.1	466111	466124	1
CP142620.1	466124	466125	0
CP142620.1	466125	466131	1
CP142620.1	466131	466135	0
CP142620.1	466135	466170	1
CP142620.1	466170	466171	0
CP142620.1	466171	466182	1
CP142620.1	466182	466186	0
CP142620.1	466186	466203	1
CP142620.1	466203	466207	0
CP142620.1	466207	466248	1
CP142620.1	466248	466341	0
CP142620.1	466341	466360	1
CP142620.1	466360	466435	2
CP142620.1	466435	466590	1
CP142620.1	466590	466673	0
CP142620.1	466673	466895	1
CP142620.1	466895	467054	0
CP142620.1	467054	467126	1
CP142620.1	467126	467208	2
CP142620.1	467208	467264	1
CP142620.1	467264	467287	2
CP142620.1	467287	467288	3
CP142620.1	467288	467289	2
CP142620.1	467289	467304	3
CP142620.1	467304	467306	2
CP142620.1	467306	467326	3
CP142620.1	467326	467337	2
CP142620.1	467337	467364	3
CP142620.1	467364	467365	2
CP142620.1	467365	467372	3
CP142620.1	467372	467424	4
CP142620.1	467424	467426	3
CP142620.1	467426	467436	2
CP142620.1	467436	467492	3
CP142620.1	467492	467526	2
CP142620.1	467526	467527	1
CP142620.1	467527	467537	2
CP142620.1	467537	467538	1
CP142620.1	467538	467577	2
CP142620.1	467577	467600	3
CP142620.1	467600	467688	2
CP142620.1	467688	467738	1
CP142620.1	467738	467825	0
CP142620.1	467825	468293	1
CP142620.1	468293	468296	0
CP142620.1	468296	468361	2
CP142620.1	468361	468384	1
CP142620.1	468384	468398	0
CP142620.1	468398	468435	1
CP142620.1	468435	468495	2
CP142620.1	468495	468518	1
CP142620.1	468518	468540	2
CP142620.1	468540	468575	3
CP142620.1	468575	468602	2
CP142620.1	468602	468640	3
CP142620.1	468640	468647	4
CP142620.1	468647	468650	1
CP142620.1	468650	468661	3
CP142620.1	468661	468662	2
CP142620.1	468662	468665	3
CP142620.1	468665	468666	2
CP142620.1	468666	468713	4
CP142620.1	468713	468715	3
CP142620.1	468715	468724	2
CP142620.1	468724	468761	1
CP142620.1	468761	468762	2
CP142620.1	468762	468804	3
CP142620.1	468804	468925	2
CP142620.1	468925	468926	1
CP142620.1	468926	468928	2
CP142620.1	468928	468930	3
CP142620.1	468930	469022	2
CP142620.1	469022	469035	1
CP142620.1	469035	469064	2
CP142620.1	469064	469068	1
CP142620.1	469068	469160	2
CP142620.1	469160	469170	1
CP142620.1	469170	469174	0
CP142620.1	469174	469207	1
CP142620.1	469207	469208	0
CP142620.1	469208	469264	1
CP142620.1	469264	469357	0
CP142620.1	469357	469421	1
CP142620.1	469421	469450	2
CP142620.1	469450	469496	1
CP142620.1	469496	469748	0
CP142620.1	469748	469810	1
CP142620.1	469810	469898	0
CP142620.1	469898	469972	1
CP142620.1	469972	469997	2
CP142620.1	469997	470063	1
CP142620.1	470063	470078	2
CP142620.1	470078	470216	1
CP142620.1	470216	470260	2
CP142620.1	470260	470262	1
CP142620.1	470262	470266	2
CP142620.1	470266	470270	1
CP142620.1	470270	470334	2
CP142620.1	470334	470340	1
CP142620.1	470340	470343	0
CP142620.1	470343	470388	1
CP142620.1	470388	470413	2
CP142620.1	470413	470422	3
CP142620.1	470422	470424	2
CP142620.1	470424	470426	3
CP142620.1	470426	470443	4
CP142620.1	470443	470444	3
CP142620.1	470444	470453	4
CP142620.1	470453	470458	3
CP142620.1	470458	470459	2
CP142620.1	470459	470464	3
CP142620.1	470464	470495	2
CP142620.1	470495	470497	1
CP142620.1	470497	470500	2
CP142620.1	470500	470538	3
CP142620.1	470538	470579	4
CP142620.1	470579	470580	3
CP142620.1	470580	470582	2
CP142620.1	470582	470583	3
CP142620.1	470583	470598	2
CP142620.1	470598	470604	3
CP142620.1	470604	470606	2
CP142620.1	470606	470610	1
CP142620.1	470610	470611	2
CP142620.1	470611	470619	3
CP142620.1	470619	470647	4
CP142620.1	470647	470657	5
CP142620.1	470657	470667	4
CP142620.1	470667	470670	3
CP142620.1	470670	470674	4
CP142620.1	470674	470678	3
CP142620.1	470678	470688	4
CP142620.1	470688	470712	5
CP142620.1	470712	470714	4
CP142620.1	470714	470715	5
CP142620.1	470715	470731	4
CP142620.1	470731	470732	3
CP142620.1	470732	470753	4
CP142620.1	470753	470760	5
CP142620.1	470760	470787	4
CP142620.1	470787	470814	3
CP142620.1	470814	470840	2
CP142620.1	470840	470867	3
CP142620.1	470867	470873	2
CP142620.1	470873	470874	1
CP142620.1	470874	470908	2
CP142620.1	470908	470934	3
CP142620.1	470934	470959	2
CP142620.1	470959	470988	1
CP142620.1	470988	471028	3
CP142620.1	471028	471059	2
CP142620.1	471059	471060	1
CP142620.1	471060	471109	2
CP142620.1	471109	471135	1
CP142620.1	471135	471228	2
CP142620.1	471228	471412	1
CP142620.1	471412	471415	0
CP142620.1	471415	471417	1
CP142620.1	471417	471444	2
CP142620.1	471444	471478	3
CP142620.1	471478	471480	4
CP142620.1	471480	471516	3
CP142620.1	471516	471521	2
CP142620.1	471521	471523	1
CP142620.1	471523	471546	2
CP142620.1	471546	471575	1
CP142620.1	471575	471618	0
CP142620.1	471618	471624	1
CP142620.1	471624	471694	2
CP142620.1	471694	471697	1
CP142620.1	471697	471699	0
CP142620.1	471699	471721	1
CP142620.1	471721	471722	0
CP142620.1	471722	471823	1
CP142620.1	471823	472041	0
CP142620.1	472041	472047	1
CP142620.1	472047	472084	2
CP142620.1	472084	472129	3
CP142620.1	472129	472130	2
CP142620.1	472130	472149	3
CP142620.1	472149	472158	2
CP142620.1	472158	472175	3
CP142620.1	472175	472229	2
CP142620.1	472229	472268	3
CP142620.1	472268	472295	2
CP142620.1	472295	472296	1
CP142620.1	472296	472307	2
CP142620.1	472307	472322	3
CP142620.1	472322	472364	2
CP142620.1	472364	472377	1
CP142620.1	472377	472403	2
CP142620.1	472403	472412	3
CP142620.1	472412	472421	2
CP142620.1	472421	472429	3
CP142620.1	472429	472537	2
CP142620.1	472537	472548	3
CP142620.1	472548	472549	2
CP142620.1	472549	472568	3
CP142620.1	472568	472571	2
CP142620.1	472571	472594	1
CP142620.1	472594	472746	0
CP142620.1	472746	472760	1
CP142620.1	472760	472768	2
CP142620.1	472768	472805	3
CP142620.1	472805	472808	2
CP142620.1	472808	472817	3
CP142620.1	472817	472866	4
CP142620.1	472866	472874	3
CP142620.1	472874	472893	2
CP142620.1	472893	473009	1
CP142620.1	473009	473073	0
CP142620.1	473073	473077	1
CP142620.1	473077	473134	2
CP142620.1	473134	473156	1
CP142620.1	473156	473172	2
CP142620.1	473172	473174	3
CP142620.1	473174	473194	4
CP142620.1	473194	473215	3
CP142620.1	473215	473250	4
CP142620.1	473250	473265	3
CP142620.1	473265	473357	2
CP142620.1	473357	473388	1
CP142620.1	473388	473423	2
CP142620.1	473423	473478	3
CP142620.1	473478	473488	4
CP142620.1	473488	473489	3
CP142620.1	473489	473506	4
CP142620.1	473506	473511	3
CP142620.1	473511	473512	2
CP142620.1	473512	473515	3
CP142620.1	473515	473543	4
CP142620.1	473543	473554	3
CP142620.1	473554	473555	2
CP142620.1	473555	473560	3
CP142620.1	473560	473608	2
CP142620.1	473608	473619	1
CP142620.1	473619	473797	0
CP142620.1	473797	473808	1
CP142620.1	473808	473860	2
CP142620.1	473860	473962	1
CP142620.1	473962	474139	0
CP142620.1	474139	474259	1
CP142620.1	474259	474394	0
CP142620.1	474394	474444	1
CP142620.1	474444	474446	0
CP142620.1	474446	474617	1
CP142620.1	474617	474841	0
CP142620.1	474841	474915	1
CP142620.1	474915	474955	3
CP142620.1	474955	475008	2
CP142620.1	475008	475048	3
CP142620.1	475048	475049	2
CP142620.1	475049	475153	3
CP142620.1	475153	475162	1
CP142620.1	475162	475163	2
CP142620.1	475163	475196	3
CP142620.1	475196	475202	2
CP142620.1	475202	475206	1
CP142620.1	475206	475251	2
CP142620.1	475251	475252	0
CP142620.1	475252	475267	2
CP142620.1	475267	475276	3
CP142620.1	475276	475277	2
CP142620.1	475277	475278	0
CP142620.1	475278	475321	3
CP142620.1	475321	475344	2
CP142620.1	475344	475364	1
CP142620.1	475364	475667	0
CP142620.1	475667	475721	1
CP142620.1	475721	475744	0
CP142620.1	475744	475861	1
CP142620.1	475861	475890	2
CP142620.1	475890	475891	1
CP142620.1	475891	475893	2
CP142620.1	475893	475896	1
CP142620.1	475896	475927	2
CP142620.1	475927	476035	1
CP142620.1	476035	476104	2
CP142620.1	476104	476121	1
CP142620.1	476121	476208	0
CP142620.1	476208	476300	1
CP142620.1	476300	476371	2
CP142620.1	476371	476386	1
CP142620.1	476386	476397	0
CP142620.1	476397	476485	1
CP142620.1	476485	476520	2
CP142620.1	476520	476548	1
CP142620.1	476548	476578	2
CP142620.1	476578	476579	1
CP142620.1	476579	476613	2
CP142620.1	476613	476617	1
CP142620.1	476617	476647	0
CP142620.1	476647	476788	1
CP142620.1	476788	476793	0
CP142620.1	476793	476824	1
CP142620.1	476824	476840	0
CP142620.1	476840	476907	1
CP142620.1	476907	477008	0
CP142620.1	477008	477087	1
CP142620.1	477087	477093	2
CP142620.1	477093	477147	1
CP142620.1	477147	477165	2
CP142620.1	477165	477203	1
CP142620.1	477203	477293	2
CP142620.1	477293	477324	3
CP142620.1	477324	477364	2
CP142620.1	477364	477392	1
CP142620.1	477392	477397	2
CP142620.1	477397	477413	1
CP142620.1	477413	477414	2
CP142620.1	477414	477437	3
CP142620.1	477437	477438	2
CP142620.1	477438	477457	3
CP142620.1	477457	477486	2
CP142620.1	477486	477600	1
CP142620.1	477600	477807	0
CP142620.1	477807	477816	1
CP142620.1	477816	477838	2
CP142620.1	477838	477840	1
CP142620.1	477840	477893	2
CP142620.1	477893	477965	1
CP142620.1	477965	477998	0
CP142620.1	477998	478006	1
CP142620.1	478006	478031	2
CP142620.1	478031	478102	1
CP142620.1	478102	478116	0
CP142620.1	478116	478117	1
CP142620.1	478117	478150	2
CP142620.1	478150	478255	3
CP142620.1	478255	478256	2
CP142620.1	478256	478265	3
CP142620.1	478265	478266	2
CP142620.1	478266	478309	3
CP142620.1	478309	478399	2
CP142620.1	478399	478402	1
CP142620.1	478402	478411	2
CP142620.1	478411	478527	1
CP142620.1	478527	478593	0
CP142620.1	478593	478656	1
CP142620.1	478656	478668	0
CP142620.1	478668	478757	1
CP142620.1	478757	478758	0
CP142620.1	478758	478789	1
CP142620.1	478789	478801	2
CP142620.1	478801	478805	1
CP142620.1	478805	478844	2
CP142620.1	478844	478880	1
CP142620.1	478880	478881	0
CP142620.1	478881	478900	1
CP142620.1	478900	478903	2
CP142620.1	478903	478909	3
CP142620.1	478909	478985	2
CP142620.1	478985	478995	1
CP142620.1	478995	479121	2
CP142620.1	479121	479183	3
CP142620.1	479183	479236	4
CP142620.1	479236	479272	3
CP142620.1	479272	479328	4
CP142620.1	479328	479331	3
CP142620.1	479331	479426	2
CP142620.1	479426	479449	1
CP142620.1	479449	479551	2
CP142620.1	479551	479560	3
CP142620.1	479560	479639	2
CP142620.1	479639	479667	3
CP142620.1	479667	479675	4
CP142620.1	479675	479676	3
CP142620.1	479676	479690	4
CP142620.1	479690	479708	3
CP142620.1	479708	479726	2
CP142620.1	479726	479759	3
CP142620.1	479759	479784	4
CP142620.1	479784	479809	3
CP142620.1	479809	479816	4
CP142620.1	479816	479857	3
CP142620.1	479857	479861	2
CP142620.1	479861	479889	1
CP142620.1	479889	479957	0
CP142620.1	479957	480017	1
CP142620.1	480017	480062	2
CP142620.1	480062	480086	1
CP142620.1	480086	480133	2
CP142620.1	480133	480244	1
CP142620.1	480244	480250	0
CP142620.1	480250	480269	1
CP142620.1	480269	480291	2
CP142620.1	480291	480347	3
CP142620.1	480347	480370	2
CP142620.1	480370	480497	1
CP142620.1	480497	480524	2
CP142620.1	480524	480528	1
CP142620.1	480528	480616	2
CP142620.1	480616	480634	3
CP142620.1	480634	480648	4
CP142620.1	480648	480649	3
CP142620.1	480649	480650	2
CP142620.1	480650	480703	3
CP142620.1	480703	480736	2
CP142620.1	480736	480737	1
CP142620.1	480737	480773	2
CP142620.1	480773	480807	3
CP142620.1	480807	480809	2
CP142620.1	480809	480819	4
CP142620.1	480819	480825	5
CP142620.1	480825	480878	6
CP142620.1	480878	480894	5
CP142620.1	480894	480945	4
CP142620.1	480945	480959	3
CP142620.1	480959	481003	2
CP142620.1	481003	481009	1
CP142620.1	481009	481312	0
CP142620.1	481312	481376	1
CP142620.1	481376	481389	0
CP142620.1	481389	481455	1
CP142620.1	481455	481456	0
CP142620.1	481456	481496	1
CP142620.1	481496	481557	2
CP142620.1	481557	481559	3
CP142620.1	481559	481611	2
CP142620.1	481611	481654	3
CP142620.1	481654	481666	2
CP142620.1	481666	481728	3
CP142620.1	481728	481758	2
CP142620.1	481758	481766	1
CP142620.1	481766	481801	2
CP142620.1	481801	481815	1
CP142620.1	481815	481818	2
CP142620.1	481818	481867	3
CP142620.1	481867	481881	2
CP142620.1	481881	482002	1
CP142620.1	482002	482126	2
CP142620.1	482126	482243	1
CP142620.1	482243	482245	0
CP142620.1	482245	482328	1
CP142620.1	482328	482336	0
CP142620.1	482336	482365	1
CP142620.1	482365	482371	0
CP142620.1	482371	482408	1
CP142620.1	482408	482415	2
CP142620.1	482415	482480	1
CP142620.1	482480	482482	0
CP142620.1	482482	482622	1
CP142620.1	482622	482623	0
CP142620.1	482623	482641	1
CP142620.1	482641	482642	0
CP142620.1	482642	482654	1
CP142620.1	482654	482675	2
CP142620.1	482675	482772	1
CP142620.1	482772	482773	0
CP142620.1	482773	482819	1
CP142620.1	482819	482821	0
CP142620.1	482821	482825	1
CP142620.1	482825	482888	2
CP142620.1	482888	482889	1
CP142620.1	482889	482890	2
CP142620.1	482890	482915	3
CP142620.1	482915	482954	2
CP142620.1	482954	482974	1
CP142620.1	482974	483029	2
CP142620.1	483029	483030	1
CP142620.1	483030	483049	2
CP142620.1	483049	483055	1
CP142620.1	483055	483307	0
CP142620.1	483307	483359	1
CP142620.1	483359	483537	2
CP142620.1	483537	483552	1
CP142620.1	483552	483719	0
CP142620.1	483719	483721	1
CP142620.1	483721	483735	2
CP142620.1	483735	483743	3
CP142620.1	483743	483810	4
CP142620.1	483810	483812	3
CP142620.1	483812	483822	2
CP142620.1	483822	483823	3
CP142620.1	483823	483866	2
CP142620.1	483866	483893	1
CP142620.1	483893	483954	2
CP142620.1	483954	483987	1
CP142620.1	483987	484001	0
CP142620.1	484001	484004	1
CP142620.1	484004	484031	2
CP142620.1	484031	484032	1
CP142620.1	484032	484052	2
CP142620.1	484052	484058	1
CP142620.1	484058	484059	0
CP142620.1	484059	484095	1
CP142620.1	484095	484231	2
CP142620.1	484231	484238	1
CP142620.1	484238	484302	2
CP142620.1	484302	484303	1
CP142620.1	484303	484314	2
CP142620.1	484314	484350	3
CP142620.1	484350	484353	2
CP142620.1	484353	484418	3
CP142620.1	484418	484426	2
CP142620.1	484426	484449	1
CP142620.1	484449	484505	0
CP142620.1	484505	484563	1
CP142620.1	484563	484601	0
CP142620.1	484601	484633	1
CP142620.1	484633	484635	0
CP142620.1	484635	484668	1
CP142620.1	484668	484728	2
CP142620.1	484728	484731	3
CP142620.1	484731	484764	2
CP142620.1	484764	484788	3
CP142620.1	484788	484801	2
CP142620.1	484801	484859	1
CP142620.1	484859	484876	2
CP142620.1	484876	484877	1
CP142620.1	484877	484881	2
CP142620.1	484881	484882	1
CP142620.1	484882	484935	2
CP142620.1	484935	484950	1
CP142620.1	484950	484981	0
CP142620.1	484981	485032	1
CP142620.1	485032	485144	0
CP142620.1	485144	485183	1
CP142620.1	485183	485184	0
CP142620.1	485184	485264	1
CP142620.1	485264	485278	2
CP142620.1	485278	485293	3
CP142620.1	485293	485313	4
CP142620.1	485313	485340	5
CP142620.1	485340	485398	4
CP142620.1	485398	485399	3
CP142620.1	485399	485400	2
CP142620.1	485400	485407	3
CP142620.1	485407	485410	2
CP142620.1	485410	485411	1
CP142620.1	485411	485441	3
CP142620.1	485441	485454	2
CP142620.1	485454	485486	1
CP142620.1	485486	485521	0
CP142620.1	485521	485575	1
CP142620.1	485575	485730	2
CP142620.1	485730	485773	1
CP142620.1	485773	485779	0
CP142620.1	485779	485812	1
CP142620.1	485812	485855	2
CP142620.1	485855	485856	1
CP142620.1	485856	485868	3
CP142620.1	485868	485893	2
CP142620.1	485893	485918	1
CP142620.1	485918	486030	2
CP142620.1	486030	486039	1
CP142620.1	486039	486070	0
CP142620.1	486070	486225	1
CP142620.1	486225	486228	2
CP142620.1	486228	486229	3
CP142620.1	486229	486230	2
CP142620.1	486230	486257	3
CP142620.1	486257	486258	2
CP142620.1	486258	486284	3
CP142620.1	486284	486285	1
CP142620.1	486285	486312	3
CP142620.1	486312	486318	2
CP142620.1	486318	486374	1
CP142620.1	486374	486399	0
CP142620.1	486399	486478	1
CP142620.1	486478	486899	0
CP142620.1	486899	487050	1
CP142620.1	487050	487119	2
CP142620.1	487119	487170	3
CP142620.1	487170	487252	2
CP142620.1	487252	487335	1
CP142620.1	487335	487349	0
CP142620.1	487349	487507	1
CP142620.1	487507	487587	0
CP142620.1	487587	487662	1
CP142620.1	487662	487683	0
CP142620.1	487683	487817	1
CP142620.1	487817	487826	2
CP142620.1	487826	487853	1
CP142620.1	487853	487860	2
CP142620.1	487860	487863	1
CP142620.1	487863	487919	2
CP142620.1	487919	487923	1
CP142620.1	487923	488013	2
CP142620.1	488013	488073	1
CP142620.1	488073	488112	0
CP142620.1	488112	488192	1
CP142620.1	488192	488276	0
CP142620.1	488276	488390	1
CP142620.1	488390	488519	2
CP142620.1	488519	488524	1
CP142620.1	488524	488557	2
CP142620.1	488557	488565	1
CP142620.1	488565	488566	0
CP142620.1	488566	488615	1
CP142620.1	488615	488811	0
CP142620.1	488811	488889	1
CP142620.1	488889	488925	2
CP142620.1	488925	488978	1
CP142620.1	488978	488993	0
CP142620.1	488993	489041	1
CP142620.1	489041	489065	2
CP142620.1	489065	489266	1
CP142620.1	489266	489267	0
CP142620.1	489267	489282	1
CP142620.1	489282	489295	0
CP142620.1	489295	489351	1
CP142620.1	489351	489367	0
CP142620.1	489367	489458	1
CP142620.1	489458	489511	2
CP142620.1	489511	489514	1
CP142620.1	489514	489775	0
CP142620.1	489775	489951	1
CP142620.1	489951	490015	0
CP142620.1	490015	490054	1
CP142620.1	490054	490076	2
CP142620.1	490076	490088	3
CP142620.1	490088	490108	4
CP142620.1	490108	490109	3
CP142620.1	490109	490119	4
CP142620.1	490119	490145	5
CP142620.1	490145	490197	4
CP142620.1	490197	490213	3
CP142620.1	490213	490218	4
CP142620.1	490218	490273	5
CP142620.1	490273	490280	4
CP142620.1	490280	490281	3
CP142620.1	490281	490288	4
CP142620.1	490288	490289	3
CP142620.1	490289	490296	5
CP142620.1	490296	490315	4
CP142620.1	490315	490332	3
CP142620.1	490332	490333	1
CP142620.1	490333	490334	2
CP142620.1	490334	490344	3
CP142620.1	490344	490347	2
CP142620.1	490347	490350	3
CP142620.1	490350	490369	2
CP142620.1	490369	490371	1
CP142620.1	490371	490379	2
CP142620.1	490379	490572	1
CP142620.1	490572	490626	0
CP142620.1	490626	490648	1
CP142620.1	490648	490679	2
CP142620.1	490679	490682	1
CP142620.1	490682	490707	2
CP142620.1	490707	490709	1
CP142620.1	490709	490711	2
CP142620.1	490711	490718	3
CP142620.1	490718	490724	4
CP142620.1	490724	490759	3
CP142620.1	490759	490777	4
CP142620.1	490777	490801	3
CP142620.1	490801	490802	2
CP142620.1	490802	490806	3
CP142620.1	490806	490848	4
CP142620.1	490848	490863	3
CP142620.1	490863	490935	2
CP142620.1	490935	490979	1
CP142620.1	490979	490992	0
CP142620.1	490992	491059	1
CP142620.1	491059	491065	2
CP142620.1	491065	491163	1
CP142620.1	491163	491165	2
CP142620.1	491165	491198	1
CP142620.1	491198	491231	2
CP142620.1	491231	491232	1
CP142620.1	491232	491261	2
CP142620.1	491261	491322	1
CP142620.1	491322	491346	2
CP142620.1	491346	491405	3
CP142620.1	491405	491408	2
CP142620.1	491408	491419	1
CP142620.1	491419	491424	2
CP142620.1	491424	491427	1
CP142620.1	491427	491465	2
CP142620.1	491465	491475	3
CP142620.1	491475	491573	2
CP142620.1	491573	491592	1
CP142620.1	491592	491688	0
CP142620.1	491688	491726	1
CP142620.1	491726	491826	2
CP142620.1	491826	491910	3
CP142620.1	491910	491914	2
CP142620.1	491914	491915	1
CP142620.1	491915	491953	2
CP142620.1	491953	491998	1
CP142620.1	491998	492065	0
CP142620.1	492065	492132	1
CP142620.1	492132	492136	2
CP142620.1	492136	492138	1
CP142620.1	492138	492218	2
CP142620.1	492218	492227	1
CP142620.1	492227	492283	2
CP142620.1	492283	492352	3
CP142620.1	492352	492397	2
CP142620.1	492397	492402	1
CP142620.1	492402	492408	2
CP142620.1	492408	492423	3
CP142620.1	492423	492424	2
CP142620.1	492424	492425	3
CP142620.1	492425	492428	2
CP142620.1	492428	492450	3
CP142620.1	492450	492501	2
CP142620.1	492501	492541	3
CP142620.1	492541	492542	2
CP142620.1	492542	492562	3
CP142620.1	492562	492604	4
CP142620.1	492604	492622	3
CP142620.1	492622	492646	2
CP142620.1	492646	492672	1
CP142620.1	492672	492709	0
CP142620.1	492709	492735	1
CP142620.1	492735	492736	0
CP142620.1	492736	492742	1
CP142620.1	492742	492770	2
CP142620.1	492770	492781	3
CP142620.1	492781	492799	4
CP142620.1	492799	492838	5
CP142620.1	492838	492840	4
CP142620.1	492840	492845	3
CP142620.1	492845	492859	2
CP142620.1	492859	492870	3
CP142620.1	492870	492872	2
CP142620.1	492872	492877	3
CP142620.1	492877	492884	4
CP142620.1	492884	492900	3
CP142620.1	492900	492925	2
CP142620.1	492925	492940	1
CP142620.1	492940	492957	0
CP142620.1	492957	493096	1
CP142620.1	493096	493099	0
CP142620.1	493099	493132	1
CP142620.1	493132	493141	0
CP142620.1	493141	493149	1
CP142620.1	493149	493201	2
CP142620.1	493201	493241	1
CP142620.1	493241	493272	2
CP142620.1	493272	493282	1
CP142620.1	493282	493291	0
CP142620.1	493291	493335	1
CP142620.1	493335	493668	0
CP142620.1	493668	493737	1
CP142620.1	493737	493794	0
CP142620.1	493794	493839	1
CP142620.1	493839	493908	2
CP142620.1	493908	493909	1
CP142620.1	493909	493911	0
CP142620.1	493911	493978	1
CP142620.1	493978	493990	2
CP142620.1	493990	493991	1
CP142620.1	493991	494008	2
CP142620.1	494008	494011	1
CP142620.1	494011	494056	2
CP142620.1	494056	494094	3
CP142620.1	494094	494118	2
CP142620.1	494118	494119	1
CP142620.1	494119	494122	2
CP142620.1	494122	494276	1
CP142620.1	494276	494290	0
CP142620.1	494290	494323	1
CP142620.1	494323	494332	2
CP142620.1	494332	494419	1
CP142620.1	494419	494433	2
CP142620.1	494433	494604	1
CP142620.1	494604	494605	0
CP142620.1	494605	494611	1
CP142620.1	494611	494634	0
CP142620.1	494634	494734	1
CP142620.1	494734	494745	0
CP142620.1	494745	494757	1
CP142620.1	494757	494761	2
CP142620.1	494761	494786	3
CP142620.1	494786	494789	2
CP142620.1	494789	494851	3
CP142620.1	494851	494861	4
CP142620.1	494861	494947	3
CP142620.1	494947	495013	2
CP142620.1	495013	495014	1
CP142620.1	495014	495051	2
CP142620.1	495051	495056	3
CP142620.1	495056	495074	2
CP142620.1	495074	495075	1
CP142620.1	495075	495117	2
CP142620.1	495117	495148	3
CP142620.1	495148	495229	2
CP142620.1	495229	495256	1
CP142620.1	495256	495259	2
CP142620.1	495259	495295	3
CP142620.1	495295	495296	2
CP142620.1	495296	495327	3
CP142620.1	495327	495366	1
CP142620.1	495366	495369	0
CP142620.1	495369	495370	1
CP142620.1	495370	495480	2
CP142620.1	495480	495495	3
CP142620.1	495495	495497	2
CP142620.1	495497	495498	1
CP142620.1	495498	495512	2
CP142620.1	495512	495568	3
CP142620.1	495568	495632	2
CP142620.1	495632	495793	1
CP142620.1	495793	495818	2
CP142620.1	495818	495819	1
CP142620.1	495819	495842	2
CP142620.1	495842	495857	1
CP142620.1	495857	495987	0
CP142620.1	495987	495998	1
CP142620.1	495998	496025	2
CP142620.1	496025	496029	3
CP142620.1	496029	496063	2
CP142620.1	496063	496064	1
CP142620.1	496064	496066	2
CP142620.1	496066	496094	3
CP142620.1	496094	496110	2
CP142620.1	496110	496118	3
CP142620.1	496118	496186	2
CP142620.1	496186	496283	1
CP142620.1	496283	496336	2
CP142620.1	496336	496355	1
CP142620.1	496355	496404	2
CP142620.1	496404	496405	1
CP142620.1	496405	496452	2
CP142620.1	496452	496462	1
CP142620.1	496462	496476	2
CP142620.1	496476	496514	3
CP142620.1	496514	496515	2
CP142620.1	496515	496588	3
CP142620.1	496588	496609	2
CP142620.1	496609	496644	1
CP142620.1	496644	496782	0
CP142620.1	496782	496870	1
CP142620.1	496870	496938	0
CP142620.1	496938	497222	1
CP142620.1	497222	497400	0
CP142620.1	497400	497480	1
CP142620.1	497480	497483	0
CP142620.1	497483	497559	1
CP142620.1	497559	497620	0
CP142620.1	497620	497654	1
CP142620.1	497654	497740	2
CP142620.1	497740	497748	1
CP142620.1	497748	497767	2
CP142620.1	497767	497778	1
CP142620.1	497778	497794	2
CP142620.1	497794	497797	1
CP142620.1	497797	497858	2
CP142620.1	497858	497906	1
CP142620.1	497906	498024	0
CP142620.1	498024	498096	1
CP142620.1	498096	498245	0
CP142620.1	498245	498320	1
CP142620.1	498320	498327	0
CP142620.1	498327	498535	1
CP142620.1	498535	498547	2
CP142620.1	498547	498562	3
CP142620.1	498562	498612	2
CP142620.1	498612	498614	1
CP142620.1	498614	498655	2
CP142620.1	498655	498656	1
CP142620.1	498656	498672	2
CP142620.1	498672	498673	1
CP142620.1	498673	498717	2
CP142620.1	498717	498743	1
CP142620.1	498743	498774	0
CP142620.1	498774	498919	1
CP142620.1	498919	499037	0
CP142620.1	499037	499163	1
CP142620.1	499163	499168	2
CP142620.1	499168	499216	1
CP142620.1	499216	499325	0
CP142620.1	499325	499378	1
CP142620.1	499378	499379	0
CP142620.1	499379	499404	1
CP142620.1	499404	499476	2
CP142620.1	499476	499489	1
CP142620.1	499489	499529	2
CP142620.1	499529	499547	3
CP142620.1	499547	499548	2
CP142620.1	499548	499568	3
CP142620.1	499568	499569	2
CP142620.1	499569	499573	3
CP142620.1	499573	499583	2
CP142620.1	499583	499607	3
CP142620.1	499607	499639	2
CP142620.1	499639	499650	1
CP142620.1	499650	499677	2
CP142620.1	499677	499678	1
CP142620.1	499678	499680	0
CP142620.1	499680	499715	2
CP142620.1	499715	499732	3
CP142620.1	499732	499740	2
CP142620.1	499740	499792	3
CP142620.1	499792	499798	2
CP142620.1	499798	499800	1
CP142620.1	499800	499891	2
CP142620.1	499891	499904	1
CP142620.1	499904	499921	2
CP142620.1	499921	500127	1
CP142620.1	500127	500183	2
CP142620.1	500183	500186	1
CP142620.1	500186	500188	2
CP142620.1	500188	500217	3
CP142620.1	500217	500236	2
CP142620.1	500236	500240	1
CP142620.1	500240	500248	2
CP142620.1	500248	500338	1
CP142620.1	500338	500342	0
CP142620.1	500342	500379	1
CP142620.1	500379	500408	2
CP142620.1	500408	500440	3
CP142620.1	500440	500484	2
CP142620.1	500484	500519	1
CP142620.1	500519	500560	0
CP142620.1	500560	500650	1
CP142620.1	500650	500672	0
CP142620.1	500672	500740	1
CP142620.1	500740	500753	2
CP142620.1	500753	500832	1
CP142620.1	500832	500873	0
CP142620.1	500873	500899	1
CP142620.1	500899	500934	2
CP142620.1	500934	500956	1
CP142620.1	500956	501025	2
CP142620.1	501025	501060	3
CP142620.1	501060	501077	2
CP142620.1	501077	501100	3
CP142620.1	501100	501106	2
CP142620.1	501106	501109	1
CP142620.1	501109	501115	0
CP142620.1	501115	501126	1
CP142620.1	501126	501153	2
CP142620.1	501153	501154	1
CP142620.1	501154	501167	2
CP142620.1	501167	501168	0
CP142620.1	501168	501184	2
CP142620.1	501184	501185	1
CP142620.1	501185	501203	3
CP142620.1	501203	501210	2
CP142620.1	501210	501244	3
CP142620.1	501244	501258	2
CP142620.1	501258	501262	3
CP142620.1	501262	501269	4
CP142620.1	501269	501306	3
CP142620.1	501306	501388	2
CP142620.1	501388	501505	1
CP142620.1	501505	501563	2
CP142620.1	501563	501596	3
CP142620.1	501596	501607	4
CP142620.1	501607	501635	3
CP142620.1	501635	501641	4
CP142620.1	501641	501645	3
CP142620.1	501645	501744	4
CP142620.1	501744	501748	5
CP142620.1	501748	501750	6
CP142620.1	501750	501759	5
CP142620.1	501759	501761	4
CP142620.1	501761	501773	5
CP142620.1	501773	501795	6
CP142620.1	501795	501796	4
CP142620.1	501796	501803	6
CP142620.1	501803	501804	4
CP142620.1	501804	501810	5
CP142620.1	501810	501835	6
CP142620.1	501835	501842	5
CP142620.1	501842	501843	3
CP142620.1	501843	501867	5
CP142620.1	501867	501871	4
CP142620.1	501871	501876	5
CP142620.1	501876	501880	4
CP142620.1	501880	501895	3
CP142620.1	501895	501896	2
CP142620.1	501896	501910	3
CP142620.1	501910	501930	2
CP142620.1	501930	501931	1
CP142620.1	501931	501982	3
CP142620.1	501982	502004	2
CP142620.1	502004	502057	1
CP142620.1	502057	502121	0
CP142620.1	502121	502235	1
CP142620.1	502235	502305	2
CP142620.1	502305	502307	1
CP142620.1	502307	502440	2
CP142620.1	502440	502463	1
CP142620.1	502463	502467	2
CP142620.1	502467	502604	1
CP142620.1	502604	502643	0
CP142620.1	502643	502697	1
CP142620.1	502697	502727	2
CP142620.1	502727	502733	1
CP142620.1	502733	502811	2
CP142620.1	502811	502829	1
CP142620.1	502829	502892	0
CP142620.1	502892	502944	1
CP142620.1	502944	503020	2
CP142620.1	503020	503033	3
CP142620.1	503033	503081	2
CP142620.1	503081	503107	1
CP142620.1	503107	503124	0
CP142620.1	503124	503190	1
CP142620.1	503190	503198	0
CP142620.1	503198	503236	1
CP142620.1	503236	503239	2
CP142620.1	503239	503250	1
CP142620.1	503250	503318	2
CP142620.1	503318	503324	3
CP142620.1	503324	503340	4
CP142620.1	503340	503345	3
CP142620.1	503345	503358	4
CP142620.1	503358	503374	5
CP142620.1	503374	503383	4
CP142620.1	503383	503420	3
CP142620.1	503420	503438	4
CP142620.1	503438	503440	3
CP142620.1	503440	503442	2
CP142620.1	503442	503470	3
CP142620.1	503470	503494	2
CP142620.1	503494	503499	1
CP142620.1	503499	503588	2
CP142620.1	503588	503624	1
CP142620.1	503624	503654	0
CP142620.1	503654	503702	1
CP142620.1	503702	503714	0
CP142620.1	503714	503760	1
CP142620.1	503760	503762	0
CP142620.1	503762	503772	1
CP142620.1	503772	503894	2
CP142620.1	503894	503984	1
CP142620.1	503984	504292	0
CP142620.1	504292	504293	1
CP142620.1	504293	504295	2
CP142620.1	504295	504341	3
CP142620.1	504341	504485	2
CP142620.1	504485	504539	1
CP142620.1	504539	504543	0
CP142620.1	504543	504682	1
CP142620.1	504682	504733	0
CP142620.1	504733	504775	1
CP142620.1	504775	504778	0
CP142620.1	504778	504822	1
CP142620.1	504822	504826	2
CP142620.1	504826	504858	3
CP142620.1	504858	504871	2
CP142620.1	504871	504915	1
CP142620.1	504915	505043	0
CP142620.1	505043	505061	1
CP142620.1	505061	505100	2
CP142620.1	505100	505181	1
CP142620.1	505181	505212	2
CP142620.1	505212	505239	3
CP142620.1	505239	505278	2
CP142620.1	505278	505309	1
CP142620.1	505309	505422	0
CP142620.1	505422	505502	1
CP142620.1	505502	505660	0
CP142620.1	505660	505719	1
CP142620.1	505719	505868	0
CP142620.1	505868	505936	1
CP142620.1	505936	505957	2
CP142620.1	505957	505975	3
CP142620.1	505975	506096	2
CP142620.1	506096	506115	3
CP142620.1	506115	506117	2
CP142620.1	506117	506146	3
CP142620.1	506146	506150	2
CP142620.1	506150	506244	1
CP142620.1	506244	506615	0
CP142620.1	506615	506641	1
CP142620.1	506641	506701	2
CP142620.1	506701	506788	1
CP142620.1	506788	506829	2
CP142620.1	506829	506875	3
CP142620.1	506875	506876	2
CP142620.1	506876	506877	3
CP142620.1	506877	506921	2
CP142620.1	506921	506924	1
CP142620.1	506924	506952	2
CP142620.1	506952	506955	0
CP142620.1	506955	506972	2
CP142620.1	506972	506985	3
CP142620.1	506985	507054	4
CP142620.1	507054	507067	3
CP142620.1	507067	507072	4
CP142620.1	507072	507073	3
CP142620.1	507073	507091	4
CP142620.1	507091	507093	5
CP142620.1	507093	507096	4
CP142620.1	507096	507127	5
CP142620.1	507127	507128	6
CP142620.1	507128	507130	5
CP142620.1	507130	507135	6
CP142620.1	507135	507136	5
CP142620.1	507136	507153	6
CP142620.1	507153	507172	5
CP142620.1	507172	507174	4
CP142620.1	507174	507177	3
CP142620.1	507177	507194	2
CP142620.1	507194	507195	1
CP142620.1	507195	507316	2
CP142620.1	507316	507324	1
CP142620.1	507324	507339	2
CP142620.1	507339	507370	3
CP142620.1	507370	507376	4
CP142620.1	507376	507382	3
CP142620.1	507382	507384	4
CP142620.1	507384	507392	5
CP142620.1	507392	507401	6
CP142620.1	507401	507437	5
CP142620.1	507437	507443	4
CP142620.1	507443	507452	3
CP142620.1	507452	507506	2
CP142620.1	507506	507511	1
CP142620.1	507511	507514	0
CP142620.1	507514	507522	1
CP142620.1	507522	507552	2
CP142620.1	507552	507563	3
CP142620.1	507563	507579	2
CP142620.1	507579	507580	0
CP142620.1	507580	507597	2
CP142620.1	507597	507598	1
CP142620.1	507598	507629	2
CP142620.1	507629	507655	3
CP142620.1	507655	507656	2
CP142620.1	507656	507661	3
CP142620.1	507661	507665	2
CP142620.1	507665	507672	3
CP142620.1	507672	507700	2
CP142620.1	507700	507717	3
CP142620.1	507717	507760	2
CP142620.1	507760	507763	3
CP142620.1	507763	507806	4
CP142620.1	507806	507809	3
CP142620.1	507809	507824	2
CP142620.1	507824	507865	3
CP142620.1	507865	507872	2
CP142620.1	507872	507890	1
CP142620.1	507890	507972	0
CP142620.1	507972	508038	1
CP142620.1	508038	508055	0
CP142620.1	508055	508110	1
CP142620.1	508110	508194	0
CP142620.1	508194	508315	1
CP142620.1	508315	508335	2
CP142620.1	508335	508348	1
CP142620.1	508348	508359	0
CP142620.1	508359	508383	1
CP142620.1	508383	508384	2
CP142620.1	508384	508441	3
CP142620.1	508441	508496	2
CP142620.1	508496	508518	1
CP142620.1	508518	508543	2
CP142620.1	508543	508570	3
CP142620.1	508570	508605	2
CP142620.1	508605	508618	1
CP142620.1	508618	508693	2
CP142620.1	508693	508705	1
CP142620.1	508705	508706	0
CP142620.1	508706	508782	1
CP142620.1	508782	508817	2
CP142620.1	508817	508836	1
CP142620.1	508836	508845	0
CP142620.1	508845	508876	1
CP142620.1	508876	508892	2
CP142620.1	508892	508893	1
CP142620.1	508893	508930	2
CP142620.1	508930	508936	1
CP142620.1	508936	508939	2
CP142620.1	508939	508944	1
CP142620.1	508944	508963	2
CP142620.1	508963	509075	1
CP142620.1	509075	509302	0
CP142620.1	509302	509377	1
CP142620.1	509377	509708	0
CP142620.1	509708	509716	1
CP142620.1	509716	509846	2
CP142620.1	509846	509892	1
CP142620.1	509892	509898	0
CP142620.1	509898	510136	1
CP142620.1	510136	510137	0
CP142620.1	510137	510218	1
CP142620.1	510218	510292	0
CP142620.1	510292	510381	1
CP142620.1	510381	510453	2
CP142620.1	510453	510504	1
CP142620.1	510504	510521	2
CP142620.1	510521	510523	1
CP142620.1	510523	510534	2
CP142620.1	510534	510572	3
CP142620.1	510572	510574	2
CP142620.1	510574	510605	3
CP142620.1	510605	510653	4
CP142620.1	510653	510656	3
CP142620.1	510656	510660	4
CP142620.1	510660	510665	3
CP142620.1	510665	510742	4
CP142620.1	510742	510744	3
CP142620.1	510744	510764	4
CP142620.1	510764	510784	3
CP142620.1	510784	510845	2
CP142620.1	510845	510846	1
CP142620.1	510846	510870	2
CP142620.1	510870	510900	3
CP142620.1	510900	510902	2
CP142620.1	510902	510909	3
CP142620.1	510909	510922	4
CP142620.1	510922	510943	3
CP142620.1	510943	510949	2
CP142620.1	510949	510954	1
CP142620.1	510954	510956	0
CP142620.1	510956	510969	1
CP142620.1	510969	511100	0
CP142620.1	511100	511227	1
CP142620.1	511227	511241	2
CP142620.1	511241	511327	1
CP142620.1	511327	511342	0
CP142620.1	511342	511347	1
CP142620.1	511347	511354	3
CP142620.1	511354	511355	2
CP142620.1	511355	511400	3
CP142620.1	511400	511438	2
CP142620.1	511438	511504	1
CP142620.1	511504	511549	0
CP142620.1	511549	511688	1
CP142620.1	511688	511729	0
CP142620.1	511729	511770	1
CP142620.1	511770	511773	2
CP142620.1	511773	511790	3
CP142620.1	511790	511819	4
CP142620.1	511819	511822	3
CP142620.1	511822	511827	2
CP142620.1	511827	511926	1
CP142620.1	511926	511927	0
CP142620.1	511927	511944	1
CP142620.1	511944	511964	0
CP142620.1	511964	512053	2
CP142620.1	512053	512076	1
CP142620.1	512076	512291	0
CP142620.1	512291	512322	1
CP142620.1	512322	512323	0
CP142620.1	512323	512380	1
CP142620.1	512380	512381	0
CP142620.1	512381	512402	1
CP142620.1	512402	512403	0
CP142620.1	512403	512478	1
CP142620.1	512478	512494	0
CP142620.1	512494	512578	1
CP142620.1	512578	512581	0
CP142620.1	512581	512663	1
CP142620.1	512663	512711	0
CP142620.1	512711	512783	1
CP142620.1	512783	512809	2
CP142620.1	512809	512815	1
CP142620.1	512815	512862	2
CP142620.1	512862	512872	1
CP142620.1	512872	512899	2
CP142620.1	512899	512936	1
CP142620.1	512936	512938	2
CP142620.1	512938	512939	1
CP142620.1	512939	512952	2
CP142620.1	512952	513009	1
CP142620.1	513009	513026	2
CP142620.1	513026	513141	1
CP142620.1	513141	513258	2
CP142620.1	513258	513267	1
CP142620.1	513267	513306	2
CP142620.1	513306	513313	1
CP142620.1	513313	513360	2
CP142620.1	513360	513361	3
CP142620.1	513361	513368	4
CP142620.1	513368	513427	3
CP142620.1	513427	513456	2
CP142620.1	513456	513674	1
CP142620.1	513674	513730	2
CP142620.1	513730	513735	3
CP142620.1	513735	513844	2
CP142620.1	513844	513861	3
CP142620.1	513861	513970	2
CP142620.1	513970	514054	1
CP142620.1	514054	514119	2
CP142620.1	514119	514144	1
CP142620.1	514144	514204	2
CP142620.1	514204	514232	3
CP142620.1	514232	514233	2
CP142620.1	514233	514268	3
CP142620.1	514268	514278	4
CP142620.1	514278	514283	3
CP142620.1	514283	514299	4
CP142620.1	514299	514304	3
CP142620.1	514304	514306	2
CP142620.1	514306	514318	3
CP142620.1	514318	514322	2
CP142620.1	514322	514344	1
CP142620.1	514344	514407	2
CP142620.1	514407	514448	3
CP142620.1	514448	514455	2
CP142620.1	514455	514483	1
CP142620.1	514483	514640	0
CP142620.1	514640	514757	1
CP142620.1	514757	515094	0
CP142620.1	515094	515151	1
CP142620.1	515151	515423	0
CP142620.1	515423	515515	1
CP142620.1	515515	515524	0
CP142620.1	515524	515607	1
CP142620.1	515607	515659	0
CP142620.1	515659	515699	1
CP142620.1	515699	515776	2
CP142620.1	515776	515777	1
CP142620.1	515777	515792	2
CP142620.1	515792	515798	3
CP142620.1	515798	515869	4
CP142620.1	515869	515870	3
CP142620.1	515870	515890	2
CP142620.1	515890	515992	1
CP142620.1	515992	515997	2
CP142620.1	515997	516121	1
CP142620.1	516121	516127	2
CP142620.1	516127	516154	1
CP142620.1	516154	516155	0
CP142620.1	516155	516170	1
CP142620.1	516170	516171	0
CP142620.1	516171	516233	1
CP142620.1	516233	516234	0
CP142620.1	516234	516243	1
CP142620.1	516243	516282	2
CP142620.1	516282	516326	1
CP142620.1	516326	516329	2
CP142620.1	516329	516336	1
CP142620.1	516336	516356	2
CP142620.1	516356	516401	3
CP142620.1	516401	516415	4
CP142620.1	516415	516485	5
CP142620.1	516485	516498	4
CP142620.1	516498	516500	5
CP142620.1	516500	516509	4
CP142620.1	516509	516535	3
CP142620.1	516535	516572	2
CP142620.1	516572	516627	1
CP142620.1	516627	516658	2
CP142620.1	516658	516691	3
CP142620.1	516691	516692	2
CP142620.1	516692	516696	3
CP142620.1	516696	516754	2
CP142620.1	516754	516779	1
CP142620.1	516779	516915	0
CP142620.1	516915	516950	1
CP142620.1	516950	516951	0
CP142620.1	516951	517062	1
CP142620.1	517062	517309	0
CP142620.1	517309	517339	1
CP142620.1	517339	517414	2
CP142620.1	517414	517480	3
CP142620.1	517480	517556	2
CP142620.1	517556	517579	1
CP142620.1	517579	517652	0
CP142620.1	517652	517695	1
CP142620.1	517695	517698	0
CP142620.1	517698	517747	1
CP142620.1	517747	517770	0
CP142620.1	517770	517853	1
CP142620.1	517853	517868	0
CP142620.1	517868	517920	1
CP142620.1	517920	517925	2
CP142620.1	517925	517926	1
CP142620.1	517926	517929	2
CP142620.1	517929	517931	3
CP142620.1	517931	517958	4
CP142620.1	517958	518065	3
CP142620.1	518065	518088	4
CP142620.1	518088	518100	3
CP142620.1	518100	518124	2
CP142620.1	518124	518129	1
CP142620.1	518129	518237	0
CP142620.1	518237	518573	1
CP142620.1	518573	518578	2
CP142620.1	518578	518668	1
CP142620.1	518668	518744	0
CP142620.1	518744	518787	1
CP142620.1	518787	519009	0
CP142620.1	519009	519015	1
CP142620.1	519015	519020	2
CP142620.1	519020	519021	1
CP142620.1	519021	519070	2
CP142620.1	519070	519269	1
CP142620.1	519269	519325	2
CP142620.1	519325	519332	1
CP142620.1	519332	519504	0
CP142620.1	519504	519535	1
CP142620.1	519535	519581	2
CP142620.1	519581	519590	3
CP142620.1	519590	519685	2
CP142620.1	519685	519775	1
CP142620.1	519775	519810	2
CP142620.1	519810	519819	3
CP142620.1	519819	519820	2
CP142620.1	519820	519821	1
CP142620.1	519821	519846	3
CP142620.1	519846	519854	4
CP142620.1	519854	519855	2
CP142620.1	519855	519861	5
CP142620.1	519861	519866	4
CP142620.1	519866	519868	5
CP142620.1	519868	519915	4
CP142620.1	519915	519965	3
CP142620.1	519965	519974	4
CP142620.1	519974	519975	3
CP142620.1	519975	519980	4
CP142620.1	519980	519981	3
CP142620.1	519981	520012	4
CP142620.1	520012	520058	3
CP142620.1	520058	520063	2
CP142620.1	520063	520068	3
CP142620.1	520068	520074	2
CP142620.1	520074	520077	1
CP142620.1	520077	520107	2
CP142620.1	520107	520118	3
CP142620.1	520118	520170	2
CP142620.1	520170	520184	1
CP142620.1	520184	520237	0
CP142620.1	520237	520329	1
CP142620.1	520329	520408	2
CP142620.1	520408	520455	1
CP142620.1	520455	520456	0
CP142620.1	520456	520472	1
CP142620.1	520472	520669	0
CP142620.1	520669	520807	1
CP142620.1	520807	520889	0
CP142620.1	520889	520922	1
CP142620.1	520922	520925	2
CP142620.1	520925	520939	1
CP142620.1	520939	521012	2
CP142620.1	521012	521039	1
CP142620.1	521039	521076	2
CP142620.1	521076	521078	1
CP142620.1	521078	521101	2
CP142620.1	521101	521109	1
CP142620.1	521109	521114	0
CP142620.1	521114	521158	1
CP142620.1	521158	521160	2
CP142620.1	521160	521187	3
CP142620.1	521187	521212	4
CP142620.1	521212	521214	2
CP142620.1	521214	521215	1
CP142620.1	521215	521306	2
CP142620.1	521306	521311	1
CP142620.1	521311	521312	0
CP142620.1	521312	521406	2
CP142620.1	521406	521422	1
CP142620.1	521422	521481	0
CP142620.1	521481	521499	1
CP142620.1	521499	521539	2
CP142620.1	521539	521554	3
CP142620.1	521554	521574	2
CP142620.1	521574	521575	1
CP142620.1	521575	521610	2
CP142620.1	521610	521645	3
CP142620.1	521645	521667	4
CP142620.1	521667	521695	3
CP142620.1	521695	521729	2
CP142620.1	521729	521733	1
CP142620.1	521733	521773	2
CP142620.1	521773	521803	1
CP142620.1	521803	521882	0
CP142620.1	521882	522033	1
CP142620.1	522033	522060	2
CP142620.1	522060	522089	3
CP142620.1	522089	522090	2
CP142620.1	522090	522104	3
CP142620.1	522104	522141	2
CP142620.1	522141	522228	1
CP142620.1	522228	522260	0
CP142620.1	522260	522379	1
CP142620.1	522379	522442	2
CP142620.1	522442	522445	1
CP142620.1	522445	522451	2
CP142620.1	522451	522460	1
CP142620.1	522460	522926	0
CP142620.1	522926	522956	1
CP142620.1	522956	522997	2
CP142620.1	522997	523070	1
CP142620.1	523070	523163	2
CP142620.1	523163	523168	1
CP142620.1	523168	523205	2
CP142620.1	523205	523207	1
CP142620.1	523207	523251	2
CP142620.1	523251	523276	3
CP142620.1	523276	523277	2
CP142620.1	523277	523300	3
CP142620.1	523300	523321	4
CP142620.1	523321	523322	3
CP142620.1	523322	523323	2
CP142620.1	523323	523330	3
CP142620.1	523330	523376	2
CP142620.1	523376	523444	1
CP142620.1	523444	523507	0
CP142620.1	523507	523597	1
CP142620.1	523597	523657	0
CP142620.1	523657	523694	1
CP142620.1	523694	523773	0
CP142620.1	523773	523817	1
CP142620.1	523817	523881	2
CP142620.1	523881	523884	1
CP142620.1	523884	523901	2
CP142620.1	523901	523935	1
CP142620.1	523935	523936	0
CP142620.1	523936	523949	1
CP142620.1	523949	523971	0
CP142620.1	523971	523992	1
CP142620.1	523992	524010	2
CP142620.1	524010	524018	1
CP142620.1	524018	524040	2
CP142620.1	524040	524080	3
CP142620.1	524080	524196	2
CP142620.1	524196	524197	1
CP142620.1	524197	524227	2
CP142620.1	524227	524230	1
CP142620.1	524230	524302	2
CP142620.1	524302	524325	1
CP142620.1	524325	524367	0
CP142620.1	524367	524494	1
CP142620.1	524494	524495	0
CP142620.1	524495	524536	1
CP142620.1	524536	524673	0
CP142620.1	524673	524754	1
CP142620.1	524754	524896	2
CP142620.1	524896	524906	3
CP142620.1	524906	524950	4
CP142620.1	524950	524985	3
CP142620.1	524985	525027	2
CP142620.1	525027	525087	3
CP142620.1	525087	525090	2
CP142620.1	525090	525126	1
CP142620.1	525126	525155	2
CP142620.1	525155	525217	3
CP142620.1	525217	525250	2
CP142620.1	525250	525280	1
CP142620.1	525280	525285	2
CP142620.1	525285	525330	3
CP142620.1	525330	525332	2
CP142620.1	525332	525333	1
CP142620.1	525333	525334	2
CP142620.1	525334	525344	3
CP142620.1	525344	525370	2
CP142620.1	525370	525400	1
CP142620.1	525400	525467	2
CP142620.1	525467	525473	1
CP142620.1	525473	525527	2
CP142620.1	525527	525550	3
CP142620.1	525550	525609	2
CP142620.1	525609	525624	1
CP142620.1	525624	525633	0
CP142620.1	525633	525711	1
CP142620.1	525711	525774	0
CP142620.1	525774	525816	1
CP142620.1	525816	525883	2
CP142620.1	525883	525885	3
CP142620.1	525885	525886	2
CP142620.1	525886	525915	1
CP142620.1	525915	525949	2
CP142620.1	525949	525953	1
CP142620.1	525953	525964	2
CP142620.1	525964	525965	1
CP142620.1	525965	526042	2
CP142620.1	526042	526093	1
CP142620.1	526093	526163	2
CP142620.1	526163	526165	1
CP142620.1	526165	526175	2
CP142620.1	526175	526176	1
CP142620.1	526176	526197	2
CP142620.1	526197	526236	1
CP142620.1	526236	526267	0
CP142620.1	526267	526277	1
CP142620.1	526277	526286	2
CP142620.1	526286	526287	1
CP142620.1	526287	526331	2
CP142620.1	526331	526353	3
CP142620.1	526353	526367	4
CP142620.1	526367	526398	3
CP142620.1	526398	526420	2
CP142620.1	526420	526437	1
CP142620.1	526437	526438	0
CP142620.1	526438	526490	1
CP142620.1	526490	526750	0
CP142620.1	526750	526833	1
CP142620.1	526833	526836	0
CP142620.1	526836	526937	1
CP142620.1	526937	526954	0
CP142620.1	526954	526977	1
CP142620.1	526977	527018	2
CP142620.1	527018	527049	1
CP142620.1	527049	527050	0
CP142620.1	527050	527068	1
CP142620.1	527068	527071	0
CP142620.1	527071	527155	1
CP142620.1	527155	527462	0
CP142620.1	527462	527505	1
CP142620.1	527505	527517	2
CP142620.1	527517	527521	1
CP142620.1	527521	527524	2
CP142620.1	527524	527528	1
CP142620.1	527528	527550	2
CP142620.1	527550	527551	1
CP142620.1	527551	527552	0
CP142620.1	527552	527553	1
CP142620.1	527553	527629	2
CP142620.1	527629	527695	1
CP142620.1	527695	527698	0
CP142620.1	527698	527750	1
CP142620.1	527750	527763	0
CP142620.1	527763	527817	1
CP142620.1	527817	527903	3
CP142620.1	527903	527986	2
CP142620.1	527986	527987	1
CP142620.1	527987	528039	2
CP142620.1	528039	528168	1
CP142620.1	528168	528187	0
CP142620.1	528187	528222	1
CP142620.1	528222	528262	2
CP142620.1	528262	528271	3
CP142620.1	528271	528325	2
CP142620.1	528325	528345	1
CP142620.1	528345	528471	2
CP142620.1	528471	528527	1
CP142620.1	528527	528570	2
CP142620.1	528570	528571	1
CP142620.1	528571	528611	2
CP142620.1	528611	528729	1
CP142620.1	528729	528751	0
CP142620.1	528751	528783	1
CP142620.1	528783	528824	2
CP142620.1	528824	528830	1
CP142620.1	528830	528836	0
CP142620.1	528836	528856	1
CP142620.1	528856	528964	0
CP142620.1	528964	528984	1
CP142620.1	528984	528985	0
CP142620.1	528985	528990	1
CP142620.1	528990	529051	2
CP142620.1	529051	529076	1
CP142620.1	529076	529110	2
CP142620.1	529110	529132	3
CP142620.1	529132	529134	2
CP142620.1	529134	529144	3
CP142620.1	529144	529147	1
CP142620.1	529147	529170	2
CP142620.1	529170	529200	3
CP142620.1	529200	529278	2
CP142620.1	529278	529311	1
CP142620.1	529311	529327	2
CP142620.1	529327	529352	1
CP142620.1	529352	529354	0
CP142620.1	529354	529372	1
CP142620.1	529372	529373	0
CP142620.1	529373	529384	1
CP142620.1	529384	529385	0
CP142620.1	529385	529493	1
CP142620.1	529493	529496	0
CP142620.1	529496	529517	1
CP142620.1	529517	529547	2
CP142620.1	529547	529557	3
CP142620.1	529557	529588	2
CP142620.1	529588	529619	1
CP142620.1	529619	529626	2
CP142620.1	529626	529682	1
CP142620.1	529682	529746	0
CP142620.1	529746	529749	1
CP142620.1	529749	529769	2
CP142620.1	529769	529797	3
CP142620.1	529797	529811	2
CP142620.1	529811	529855	3
CP142620.1	529855	529857	2
CP142620.1	529857	529860	1
CP142620.1	529860	529878	3
CP142620.1	529878	529882	2
CP142620.1	529882	529884	1
CP142620.1	529884	529922	2
CP142620.1	529922	529923	1
CP142620.1	529923	529932	2
CP142620.1	529932	529944	1
CP142620.1	529944	529958	2
CP142620.1	529958	529959	0
CP142620.1	529959	529961	2
CP142620.1	529961	530010	3
CP142620.1	530010	530016	2
CP142620.1	530016	530030	3
CP142620.1	530030	530101	2
CP142620.1	530101	530102	1
CP142620.1	530102	530116	2
CP142620.1	530116	530133	1
CP142620.1	530133	530187	2
CP142620.1	530187	530220	3
CP142620.1	530220	530232	2
CP142620.1	530232	530267	3
CP142620.1	530267	530268	1
CP142620.1	530268	530273	3
CP142620.1	530273	530277	2
CP142620.1	530277	530331	3
CP142620.1	530331	530341	2
CP142620.1	530341	530403	1
CP142620.1	530403	530519	0
CP142620.1	530519	530530	1
CP142620.1	530530	530582	2
CP142620.1	530582	530583	1
CP142620.1	530583	530635	2
CP142620.1	530635	530638	1
CP142620.1	530638	530655	2
CP142620.1	530655	530656	1
CP142620.1	530656	530679	2
CP142620.1	530679	530709	1
CP142620.1	530709	530711	0
CP142620.1	530711	530795	1
CP142620.1	530795	530956	0
CP142620.1	530956	530978	1
CP142620.1	530978	530979	0
CP142620.1	530979	531017	1
CP142620.1	531017	531054	2
CP142620.1	531054	531065	1
CP142620.1	531065	531104	2
CP142620.1	531104	531142	1
CP142620.1	531142	531157	0
CP142620.1	531157	531303	1
CP142620.1	531303	531417	0
CP142620.1	531417	531420	1
CP142620.1	531420	531428	2
CP142620.1	531428	531429	1
CP142620.1	531429	531451	2
CP142620.1	531451	531454	1
CP142620.1	531454	531477	2
CP142620.1	531477	531539	1
CP142620.1	531539	531762	0
CP142620.1	531762	531796	1
CP142620.1	531796	531803	2
CP142620.1	531803	531804	1
CP142620.1	531804	531867	2
CP142620.1	531867	531871	1
CP142620.1	531871	532115	0
CP142620.1	532115	532181	1
CP142620.1	532181	532208	2
CP142620.1	532208	532390	1
CP142620.1	532390	532398	2
CP142620.1	532398	532467	1
CP142620.1	532467	532468	0
CP142620.1	532468	532483	1
CP142620.1	532483	532890	0
CP142620.1	532890	532914	1
CP142620.1	532914	532966	2
CP142620.1	532966	532967	1
CP142620.1	532967	532976	2
CP142620.1	532976	532984	3
CP142620.1	532984	532998	4
CP142620.1	532998	532999	3
CP142620.1	532999	533028	4
CP142620.1	533028	533033	3
CP142620.1	533033	533036	2
CP142620.1	533036	533089	3
CP142620.1	533089	533133	2
CP142620.1	533133	533184	3
CP142620.1	533184	533189	2
CP142620.1	533189	533202	1
CP142620.1	533202	533213	2
CP142620.1	533213	533267	1
CP142620.1	533267	533268	0
CP142620.1	533268	533278	1
CP142620.1	533278	533287	0
CP142620.1	533287	533336	1
CP142620.1	533336	533356	2
CP142620.1	533356	533364	1
CP142620.1	533364	533378	2
CP142620.1	533378	533381	1
CP142620.1	533381	533411	2
CP142620.1	533411	533416	3
CP142620.1	533416	533436	2
CP142620.1	533436	533437	1
CP142620.1	533437	533476	2
CP142620.1	533476	533511	1
CP142620.1	533511	533618	0
CP142620.1	533618	533841	1
CP142620.1	533841	533934	0
CP142620.1	533934	534007	1
CP142620.1	534007	534055	2
CP142620.1	534055	534073	1
CP142620.1	534073	534084	2
CP142620.1	534084	534120	1
CP142620.1	534120	534165	2
CP142620.1	534165	534213	1
CP142620.1	534213	534215	0
CP142620.1	534215	534233	1
CP142620.1	534233	534242	0
CP142620.1	534242	534257	1
CP142620.1	534257	534303	2
CP142620.1	534303	534367	1
CP142620.1	534367	534370	0
CP142620.1	534370	534391	1
CP142620.1	534391	534434	2
CP142620.1	534434	534483	1
CP142620.1	534483	534484	0
CP142620.1	534484	534485	1
CP142620.1	534485	534575	2
CP142620.1	534575	534633	3
CP142620.1	534633	534697	2
CP142620.1	534697	534704	1
CP142620.1	534704	534755	0
CP142620.1	534755	534802	1
CP142620.1	534802	534827	2
CP142620.1	534827	534843	1
CP142620.1	534843	534884	2
CP142620.1	534884	534888	1
CP142620.1	534888	534969	2
CP142620.1	534969	534970	1
CP142620.1	534970	535005	2
CP142620.1	535005	535065	1
CP142620.1	535065	535075	0
CP142620.1	535075	535109	1
CP142620.1	535109	535466	0
CP142620.1	535466	535502	1
CP142620.1	535502	535542	2
CP142620.1	535542	535608	1
CP142620.1	535608	535628	2
CP142620.1	535628	535629	1
CP142620.1	535629	535764	2
CP142620.1	535764	535776	1
CP142620.1	535776	535783	0
CP142620.1	535783	535802	1
CP142620.1	535802	535805	0
CP142620.1	535805	535894	1
CP142620.1	535894	535971	2
CP142620.1	535971	535994	1
CP142620.1	535994	535999	0
CP142620.1	535999	536058	1
CP142620.1	536058	536066	2
CP142620.1	536066	536067	1
CP142620.1	536067	536128	2
CP142620.1	536128	536156	3
CP142620.1	536156	536160	2
CP142620.1	536160	536168	3
CP142620.1	536168	536184	2
CP142620.1	536184	536188	3
CP142620.1	536188	536224	2
CP142620.1	536224	536225	1
CP142620.1	536225	536242	2
CP142620.1	536242	536243	1
CP142620.1	536243	536298	2
CP142620.1	536298	536309	1
CP142620.1	536309	536390	0
CP142620.1	536390	536594	1
CP142620.1	536594	536595	0
CP142620.1	536595	536607	1
CP142620.1	536607	536608	0
CP142620.1	536608	536630	1
CP142620.1	536630	536722	2
CP142620.1	536722	536784	1
CP142620.1	536784	536787	0
CP142620.1	536787	536812	1
CP142620.1	536812	536824	2
CP142620.1	536824	536878	1
CP142620.1	536878	536881	0
CP142620.1	536881	536882	1
CP142620.1	536882	536944	2
CP142620.1	536944	536945	1
CP142620.1	536945	536985	3
CP142620.1	536985	536986	1
CP142620.1	536986	537080	3
CP142620.1	537080	537127	2
CP142620.1	537127	537212	1
CP142620.1	537212	537596	0
CP142620.1	537596	537659	1
CP142620.1	537659	537980	0
CP142620.1	537980	538021	1
CP142620.1	538021	538047	2
CP142620.1	538047	538194	1
CP142620.1	538194	538380	0
CP142620.1	538380	538383	1
CP142620.1	538383	538402	2
CP142620.1	538402	538449	3
CP142620.1	538449	538450	2
CP142620.1	538450	538462	1
CP142620.1	538462	538463	0
CP142620.1	538463	538470	1
CP142620.1	538470	538511	2
CP142620.1	538511	538524	1
CP142620.1	538524	538528	0
CP142620.1	538528	538530	1
CP142620.1	538530	538536	0
CP142620.1	538536	538641	1
CP142620.1	538641	538700	0
CP142620.1	538700	538773	1
CP142620.1	538773	538794	2
CP142620.1	538794	538800	1
CP142620.1	538800	538803	2
CP142620.1	538803	538806	3
CP142620.1	538806	538818	2
CP142620.1	538818	538825	3
CP142620.1	538825	538875	4
CP142620.1	538875	538879	5
CP142620.1	538879	538881	4
CP142620.1	538881	538909	3
CP142620.1	538909	538910	2
CP142620.1	538910	538921	3
CP142620.1	538921	538929	4
CP142620.1	538929	538930	3
CP142620.1	538930	538979	4
CP142620.1	538979	538992	3
CP142620.1	538992	539003	4
CP142620.1	539003	539006	2
CP142620.1	539006	539007	4
CP142620.1	539007	539009	3
CP142620.1	539009	539025	4
CP142620.1	539025	539085	3
CP142620.1	539085	539086	2
CP142620.1	539086	539132	1
CP142620.1	539132	539223	2
CP142620.1	539223	539226	1
CP142620.1	539226	539227	2
CP142620.1	539227	539289	3
CP142620.1	539289	539313	2
CP142620.1	539313	539319	1
CP142620.1	539319	539363	0
CP142620.1	539363	539416	1
CP142620.1	539416	539441	2
CP142620.1	539441	539531	1
CP142620.1	539531	539567	2
CP142620.1	539567	539568	1
CP142620.1	539568	539618	2
CP142620.1	539618	539745	1
CP142620.1	539745	539796	0
CP142620.1	539796	539860	1
CP142620.1	539860	540075	0
CP142620.1	540075	540111	1
CP142620.1	540111	540171	2
CP142620.1	540171	540172	1
CP142620.1	540172	540185	2
CP142620.1	540185	540211	1
CP142620.1	540211	540222	2
CP142620.1	540222	540232	3
CP142620.1	540232	540235	2
CP142620.1	540235	540242	3
CP142620.1	540242	540244	2
CP142620.1	540244	540308	4
CP142620.1	540308	540339	3
CP142620.1	540339	540354	2
CP142620.1	540354	540393	3
CP142620.1	540393	540436	4
CP142620.1	540436	540454	5
CP142620.1	540454	540461	4
CP142620.1	540461	540462	2
CP142620.1	540462	540463	1
CP142620.1	540463	540557	2
CP142620.1	540557	540561	0
CP142620.1	540561	540562	1
CP142620.1	540562	540581	2
CP142620.1	540581	540584	0
CP142620.1	540584	540585	1
CP142620.1	540585	540607	2
CP142620.1	540607	540673	1
CP142620.1	540673	540806	0
CP142620.1	540806	540837	1
CP142620.1	540837	540926	2
CP142620.1	540926	540962	1
CP142620.1	540962	540964	0
CP142620.1	540964	540990	1
CP142620.1	540990	541043	0
CP142620.1	541043	541070	1
CP142620.1	541070	541094	2
CP142620.1	541094	541096	1
CP142620.1	541096	541172	2
CP142620.1	541172	541208	3
CP142620.1	541208	541241	2
CP142620.1	541241	541259	3
CP142620.1	541259	541296	2
CP142620.1	541296	541298	1
CP142620.1	541298	541368	0
CP142620.1	541368	541427	1
CP142620.1	541427	541434	2
CP142620.1	541434	541493	3
CP142620.1	541493	541515	2
CP142620.1	541515	541516	1
CP142620.1	541516	541797	0
CP142620.1	541797	541986	1
CP142620.1	541986	542019	2
CP142620.1	542019	542047	3
CP142620.1	542047	542072	2
CP142620.1	542072	542144	1
CP142620.1	542144	542332	0
CP142620.1	542332	542397	1
CP142620.1	542397	542398	0
CP142620.1	542398	542431	1
CP142620.1	542431	542454	0
CP142620.1	542454	542522	1
CP142620.1	542522	542602	2
CP142620.1	542602	542648	1
CP142620.1	542648	542650	0
CP142620.1	542650	542730	1
CP142620.1	542730	542901	0
CP142620.1	542901	542916	1
CP142620.1	542916	542920	2
CP142620.1	542920	542921	1
CP142620.1	542921	542974	2
CP142620.1	542974	542999	1
CP142620.1	542999	543012	2
CP142620.1	543012	543013	3
CP142620.1	543013	543076	4
CP142620.1	543076	543079	3
CP142620.1	543079	543097	4
CP142620.1	543097	543128	3
CP142620.1	543128	543129	2
CP142620.1	543129	543190	3
CP142620.1	543190	543191	2
CP142620.1	543191	543192	1
CP142620.1	543192	543288	2
CP142620.1	543288	543327	3
CP142620.1	543327	543347	2
CP142620.1	543347	543430	1
CP142620.1	543430	543435	0
CP142620.1	543435	543470	1
CP142620.1	543470	543545	2
CP142620.1	543545	543548	1
CP142620.1	543548	543600	2
CP142620.1	543600	543604	1
CP142620.1	543604	543684	0
CP142620.1	543684	543785	1
CP142620.1	543785	543797	0
CP142620.1	543797	543861	1
CP142620.1	543861	543876	2
CP142620.1	543876	543889	3
CP142620.1	543889	543923	2
CP142620.1	543923	543964	1
CP142620.1	543964	544033	2
CP142620.1	544033	544091	1
CP142620.1	544091	544138	2
CP142620.1	544138	544196	1
CP142620.1	544196	544234	0
CP142620.1	544234	544268	1
CP142620.1	544268	544269	0
CP142620.1	544269	544280	1
CP142620.1	544280	544328	2
CP142620.1	544328	544362	3
CP142620.1	544362	544394	2
CP142620.1	544394	544411	3
CP142620.1	544411	544412	2
CP142620.1	544412	544567	3
CP142620.1	544567	544570	2
CP142620.1	544570	544574	3
CP142620.1	544574	544661	2
CP142620.1	544661	544681	3
CP142620.1	544681	544710	2
CP142620.1	544710	544714	1
CP142620.1	544714	544715	0
CP142620.1	544715	544751	1
CP142620.1	544751	544752	0
CP142620.1	544752	544863	1
CP142620.1	544863	544939	0
CP142620.1	544939	545014	1
CP142620.1	545014	545089	2
CP142620.1	545089	545093	1
CP142620.1	545093	545130	2
CP142620.1	545130	545172	1
CP142620.1	545172	545265	0
CP142620.1	545265	545282	1
CP142620.1	545282	545297	2
CP142620.1	545297	545300	1
CP142620.1	545300	545305	2
CP142620.1	545305	545306	1
CP142620.1	545306	545383	2
CP142620.1	545383	545384	1
CP142620.1	545384	545425	2
CP142620.1	545425	545445	3
CP142620.1	545445	545448	2
CP142620.1	545448	545475	3
CP142620.1	545475	545496	2
CP142620.1	545496	545515	3
CP142620.1	545515	545518	4
CP142620.1	545518	545525	3
CP142620.1	545525	545526	2
CP142620.1	545526	545584	3
CP142620.1	545584	545629	2
CP142620.1	545629	545644	1
CP142620.1	545644	545667	2
CP142620.1	545667	545700	1
CP142620.1	545700	545769	0
CP142620.1	545769	545841	1
CP142620.1	545841	545845	2
CP142620.1	545845	545858	1
CP142620.1	545858	545859	0
CP142620.1	545859	545877	1
CP142620.1	545877	545888	2
CP142620.1	545888	545900	3
CP142620.1	545900	545934	2
CP142620.1	545934	545949	1
CP142620.1	545949	546028	2
CP142620.1	546028	546030	1
CP142620.1	546030	546164	2
CP142620.1	546164	546198	3
CP142620.1	546198	546217	2
CP142620.1	546217	546245	1
CP142620.1	546245	546395	0
CP142620.1	546395	546431	1
CP142620.1	546431	546439	2
CP142620.1	546439	546491	3
CP142620.1	546491	546492	2
CP142620.1	546492	546532	3
CP142620.1	546532	546542	4
CP142620.1	546542	546544	3
CP142620.1	546544	546545	2
CP142620.1	546545	546549	3
CP142620.1	546549	546550	2
CP142620.1	546550	546552	3
CP142620.1	546552	546574	4
CP142620.1	546574	546578	3
CP142620.1	546578	546591	4
CP142620.1	546591	546592	3
CP142620.1	546592	546597	4
CP142620.1	546597	546600	3
CP142620.1	546600	546609	2
CP142620.1	546609	546619	3
CP142620.1	546619	546620	1
CP142620.1	546620	546650	3
CP142620.1	546650	546703	2
CP142620.1	546703	546704	1
CP142620.1	546704	546714	2
CP142620.1	546714	546716	1
CP142620.1	546716	546735	2
CP142620.1	546735	546751	1
CP142620.1	546751	546764	2
CP142620.1	546764	546780	3
CP142620.1	546780	546782	2
CP142620.1	546782	546813	3
CP142620.1	546813	546823	2
CP142620.1	546823	546943	1
CP142620.1	546943	547161	0
CP142620.1	547161	547167	1
CP142620.1	547167	547235	2
CP142620.1	547235	547265	1
CP142620.1	547265	547266	0
CP142620.1	547266	547376	1
CP142620.1	547376	547409	2
CP142620.1	547409	547439	3
CP142620.1	547439	547440	2
CP142620.1	547440	547455	3
CP142620.1	547455	547462	2
CP142620.1	547462	547492	1
CP142620.1	547492	547515	0
CP142620.1	547515	547517	1
CP142620.1	547517	547571	2
CP142620.1	547571	547574	1
CP142620.1	547574	547630	2
CP142620.1	547630	547642	1
CP142620.1	547642	547662	2
CP142620.1	547662	547672	3
CP142620.1	547672	547741	2
CP142620.1	547741	547780	1
CP142620.1	547780	547814	0
CP142620.1	547814	547898	1
CP142620.1	547898	548028	0
CP142620.1	548028	548103	1
CP142620.1	548103	548156	0
CP142620.1	548156	548251	1
CP142620.1	548251	548266	2
CP142620.1	548266	548292	1
CP142620.1	548292	548294	0
CP142620.1	548294	548295	1
CP142620.1	548295	548329	2
CP142620.1	548329	548332	1
CP142620.1	548332	548343	2
CP142620.1	548343	548345	1
CP142620.1	548345	548346	0
CP142620.1	548346	548351	1
CP142620.1	548351	548383	2
CP142620.1	548383	548384	0
CP142620.1	548384	548424	2
CP142620.1	548424	548425	1
CP142620.1	548425	548470	2
CP142620.1	548470	548480	1
CP142620.1	548480	548521	2
CP142620.1	548521	548523	1
CP142620.1	548523	548525	0
CP142620.1	548525	548532	2
CP142620.1	548532	548533	1
CP142620.1	548533	548546	2
CP142620.1	548546	548562	3
CP142620.1	548562	548578	4
CP142620.1	548578	548579	3
CP142620.1	548579	548580	2
CP142620.1	548580	548628	3
CP142620.1	548628	548677	2
CP142620.1	548677	548687	1
CP142620.1	548687	548721	0
CP142620.1	548721	548857	1
CP142620.1	548857	548882	2
CP142620.1	548882	548904	3
CP142620.1	548904	548906	1
CP142620.1	548906	548907	3
CP142620.1	548907	548921	2
CP142620.1	548921	548923	1
CP142620.1	548923	548925	0
CP142620.1	548925	548929	1
CP142620.1	548929	548936	2
CP142620.1	548936	548937	1
CP142620.1	548937	548996	2
CP142620.1	548996	549001	1
CP142620.1	549001	549058	2
CP142620.1	549058	549093	1
CP142620.1	549093	549132	0
CP142620.1	549132	549137	1
CP142620.1	549137	549224	2
CP142620.1	549224	549237	1
CP142620.1	549237	549238	0
CP142620.1	549238	549272	1
CP142620.1	549272	549406	0
CP142620.1	549406	549412	1
CP142620.1	549412	549461	2
CP142620.1	549461	549507	1
CP142620.1	549507	549611	2
CP142620.1	549611	549655	1
CP142620.1	549655	549818	2
CP142620.1	549818	549840	1
CP142620.1	549840	549896	2
CP142620.1	549896	549904	1
CP142620.1	549904	549914	2
CP142620.1	549914	550048	1
CP142620.1	550048	550116	2
CP142620.1	550116	550123	1
CP142620.1	550123	550174	2
CP142620.1	550174	550197	1
CP142620.1	550197	550200	0
CP142620.1	550200	550204	1
CP142620.1	550204	550244	2
CP142620.1	550244	550295	1
CP142620.1	550295	550337	0
CP142620.1	550337	550440	1
CP142620.1	550440	550482	2
CP142620.1	550482	550517	1
CP142620.1	550517	550525	2
CP142620.1	550525	550526	0
CP142620.1	550526	550564	2
CP142620.1	550564	550581	1
CP142620.1	550581	550587	2
CP142620.1	550587	550594	1
CP142620.1	550594	550626	2
CP142620.1	550626	550627	0
CP142620.1	550627	550652	2
CP142620.1	550652	550774	1
CP142620.1	550774	550844	2
CP142620.1	550844	550875	1
CP142620.1	550875	550959	2
CP142620.1	550959	551098	1
CP142620.1	551098	551112	2
CP142620.1	551112	551139	3
CP142620.1	551139	551140	2
CP142620.1	551140	551145	3
CP142620.1	551145	551150	2
CP142620.1	551150	551153	1
CP142620.1	551153	551158	2
CP142620.1	551158	551164	1
CP142620.1	551164	551217	2
CP142620.1	551217	551234	1
CP142620.1	551234	551235	0
CP142620.1	551235	551247	1
CP142620.1	551247	551257	0
CP142620.1	551257	551337	1
CP142620.1	551337	551459	0
CP142620.1	551459	551579	1
CP142620.1	551579	551646	2
CP142620.1	551646	551650	1
CP142620.1	551650	551763	2
CP142620.1	551763	551798	1
CP142620.1	551798	551852	0
CP142620.1	551852	551871	1
CP142620.1	551871	551883	2
CP142620.1	551883	551935	3
CP142620.1	551935	551943	4
CP142620.1	551943	551965	5
CP142620.1	551965	551966	4
CP142620.1	551966	551970	5
CP142620.1	551970	551990	6
CP142620.1	551990	551991	5
CP142620.1	551991	552024	6
CP142620.1	552024	552037	5
CP142620.1	552037	552038	4
CP142620.1	552038	552055	5
CP142620.1	552055	552062	4
CP142620.1	552062	552068	3
CP142620.1	552068	552069	2
CP142620.1	552069	552084	3
CP142620.1	552084	552136	2
CP142620.1	552136	552218	1
CP142620.1	552218	552320	0
CP142620.1	552320	552337	1
CP142620.1	552337	552347	2
CP142620.1	552347	552350	1
CP142620.1	552350	552370	2
CP142620.1	552370	552439	1
CP142620.1	552439	552522	2
CP142620.1	552522	552587	1
CP142620.1	552587	552754	0
CP142620.1	552754	552803	1
CP142620.1	552803	552809	2
CP142620.1	552809	552810	1
CP142620.1	552810	552817	2
CP142620.1	552817	552840	3
CP142620.1	552840	552841	2
CP142620.1	552841	552842	1
CP142620.1	552842	552848	2
CP142620.1	552848	552923	1
CP142620.1	552923	552948	0
CP142620.1	552948	552984	1
CP142620.1	552984	552996	0
CP142620.1	552996	553000	1
CP142620.1	553000	553095	2
CP142620.1	553095	553158	1
CP142620.1	553158	553187	2
CP142620.1	553187	553191	3
CP142620.1	553191	553255	2
CP142620.1	553255	553298	1
CP142620.1	553298	553367	0
CP142620.1	553367	553472	1
CP142620.1	553472	553482	2
CP142620.1	553482	553517	3
CP142620.1	553517	553519	2
CP142620.1	553519	553546	3
CP142620.1	553546	553547	2
CP142620.1	553547	553593	3
CP142620.1	553593	553596	2
CP142620.1	553596	553597	1
CP142620.1	553597	553618	2
CP142620.1	553618	553683	1
CP142620.1	553683	553753	2
CP142620.1	553753	553754	1
CP142620.1	553754	553772	2
CP142620.1	553772	553880	1
CP142620.1	553880	553942	2
CP142620.1	553942	553943	1
CP142620.1	553943	553994	2
CP142620.1	553994	554031	3
CP142620.1	554031	554064	2
CP142620.1	554064	554088	1
CP142620.1	554088	554089	0
CP142620.1	554089	554219	1
CP142620.1	554219	554336	0
CP142620.1	554336	554356	1
CP142620.1	554356	554357	0
CP142620.1	554357	554400	1
CP142620.1	554400	554504	2
CP142620.1	554504	554549	1
CP142620.1	554549	554717	0
CP142620.1	554717	554722	1
CP142620.1	554722	554772	2
CP142620.1	554772	554825	1
CP142620.1	554825	554879	2
CP142620.1	554879	554902	1
CP142620.1	554902	554976	2
CP142620.1	554976	554986	1
CP142620.1	554986	555027	2
CP142620.1	555027	555110	1
CP142620.1	555110	555159	2
CP142620.1	555159	555168	3
CP142620.1	555168	555181	2
CP142620.1	555181	555221	1
CP142620.1	555221	555369	0
CP142620.1	555369	555377	1
CP142620.1	555377	555398	2
CP142620.1	555398	555426	3
CP142620.1	555426	555468	2
CP142620.1	555468	555520	3
CP142620.1	555520	555587	2
CP142620.1	555587	555714	1
CP142620.1	555714	555715	0
CP142620.1	555715	555817	1
CP142620.1	555817	555828	2
CP142620.1	555828	555875	1
CP142620.1	555875	555876	2
CP142620.1	555876	555896	3
CP142620.1	555896	555911	4
CP142620.1	555911	555931	5
CP142620.1	555931	555932	4
CP142620.1	555932	555983	5
CP142620.1	555983	555997	6
CP142620.1	555997	555998	5
CP142620.1	555998	556014	6
CP142620.1	556014	556027	5
CP142620.1	556027	556038	4
CP142620.1	556038	556079	3
CP142620.1	556079	556081	4
CP142620.1	556081	556132	5
CP142620.1	556132	556140	4
CP142620.1	556140	556201	3
CP142620.1	556201	556243	2
CP142620.1	556243	556249	1
CP142620.1	556249	556367	2
CP142620.1	556367	556405	1
CP142620.1	556405	556414	0
CP142620.1	556414	556492	1
CP142620.1	556492	556537	2
CP142620.1	556537	556568	3
CP142620.1	556568	556569	2
CP142620.1	556569	556592	3
CP142620.1	556592	556619	2
CP142620.1	556619	556689	1
CP142620.1	556689	556705	2
CP142620.1	556705	556706	1
CP142620.1	556706	556757	2
CP142620.1	556757	556770	3
CP142620.1	556770	556771	2
CP142620.1	556771	556871	3
CP142620.1	556871	556887	4
CP142620.1	556887	556975	3
CP142620.1	556975	557040	2
CP142620.1	557040	557062	3
CP142620.1	557062	557068	2
CP142620.1	557068	557085	3
CP142620.1	557085	557120	2
CP142620.1	557120	557134	1
CP142620.1	557134	557180	2
CP142620.1	557180	557246	3
CP142620.1	557246	557249	2
CP142620.1	557249	557266	1
CP142620.1	557266	557267	0
CP142620.1	557267	557326	1
CP142620.1	557326	557338	2
CP142620.1	557338	557341	1
CP142620.1	557341	557371	2
CP142620.1	557371	557384	1
CP142620.1	557384	557539	0
CP142620.1	557539	557574	1
CP142620.1	557574	557577	0
CP142620.1	557577	557634	1
CP142620.1	557634	557656	2
CP142620.1	557656	557710	1
CP142620.1	557710	557736	2
CP142620.1	557736	557845	1
CP142620.1	557845	557849	2
CP142620.1	557849	557865	3
CP142620.1	557865	557871	2
CP142620.1	557871	557941	3
CP142620.1	557941	557971	2
CP142620.1	557971	557989	1
CP142620.1	557989	558046	2
CP142620.1	558046	558231	1
CP142620.1	558231	558284	2
CP142620.1	558284	558340	3
CP142620.1	558340	558359	4
CP142620.1	558359	558381	5
CP142620.1	558381	558412	6
CP142620.1	558412	558424	5
CP142620.1	558424	558437	4
CP142620.1	558437	558454	3
CP142620.1	558454	558490	2
CP142620.1	558490	558611	1
CP142620.1	558611	558648	2
CP142620.1	558648	558691	1
CP142620.1	558691	558703	2
CP142620.1	558703	558712	3
CP142620.1	558712	558784	2
CP142620.1	558784	558869	1
CP142620.1	558869	558890	2
CP142620.1	558890	558891	1
CP142620.1	558891	558951	2
CP142620.1	558951	558956	0
CP142620.1	558956	558966	2
CP142620.1	558966	559029	1
CP142620.1	559029	559061	0
CP142620.1	559061	559094	1
CP142620.1	559094	559129	2
CP142620.1	559129	559174	3
CP142620.1	559174	559175	2
CP142620.1	559175	559241	1
CP142620.1	559241	559242	0
CP142620.1	559242	559258	1
CP142620.1	559258	559416	0
CP142620.1	559416	559624	1
CP142620.1	559624	559707	2
CP142620.1	559707	559758	3
CP142620.1	559758	559866	2
CP142620.1	559866	559872	0
CP142620.1	559872	559874	2
CP142620.1	559874	559904	3
CP142620.1	559904	559905	4
CP142620.1	559905	559914	2
CP142620.1	559914	559925	3
CP142620.1	559925	559951	2
CP142620.1	559951	559952	1
CP142620.1	559952	560018	2
CP142620.1	560018	560091	1
CP142620.1	560091	560142	2
CP142620.1	560142	560193	3
CP142620.1	560193	560222	2
CP142620.1	560222	560240	3
CP142620.1	560240	560272	2
CP142620.1	560272	560274	1
CP142620.1	560274	560517	0
CP142620.1	560517	560606	1
CP142620.1	560606	560725	0
CP142620.1	560725	560764	1
CP142620.1	560764	560765	0
CP142620.1	560765	560776	1
CP142620.1	560776	560809	2
CP142620.1	560809	560826	3
CP142620.1	560826	560886	4
CP142620.1	560886	560888	3
CP142620.1	560888	560890	2
CP142620.1	560890	560903	3
CP142620.1	560903	560933	4
CP142620.1	560933	560977	3
CP142620.1	560977	560993	2
CP142620.1	560993	561042	1
CP142620.1	561042	561045	2
CP142620.1	561045	561047	1
CP142620.1	561047	561078	2
CP142620.1	561078	561079	1
CP142620.1	561079	561089	2
CP142620.1	561089	561132	1
CP142620.1	561132	561139	0
CP142620.1	561139	561257	1
CP142620.1	561257	561347	2
CP142620.1	561347	561386	1
CP142620.1	561386	561432	2
CP142620.1	561432	561511	1
CP142620.1	561511	561551	0
CP142620.1	561551	561628	1
CP142620.1	561628	561784	0
CP142620.1	561784	561883	1
CP142620.1	561883	561884	0
CP142620.1	561884	561897	1
CP142620.1	561897	561910	2
CP142620.1	561910	561936	3
CP142620.1	561936	561987	2
CP142620.1	561987	562044	1
CP142620.1	562044	562074	0
CP142620.1	562074	562144	1
CP142620.1	562144	562302	0
CP142620.1	562302	562469	1
CP142620.1	562469	562568	0
CP142620.1	562568	562641	1
CP142620.1	562641	562801	2
CP142620.1	562801	562828	1
CP142620.1	562828	562862	0
CP142620.1	562862	562927	1
CP142620.1	562927	562929	0
CP142620.1	562929	562993	1
CP142620.1	562993	562996	0
CP142620.1	562996	563219	1
CP142620.1	563219	563250	2
CP142620.1	563250	563307	3
CP142620.1	563307	563340	2
CP142620.1	563340	563538	1
CP142620.1	563538	563574	0
CP142620.1	563574	563578	1
CP142620.1	563578	563579	0
CP142620.1	563579	563601	1
CP142620.1	563601	563641	2
CP142620.1	563641	563642	0
CP142620.1	563642	563685	2
CP142620.1	563685	563753	1
CP142620.1	563753	563776	2
CP142620.1	563776	563777	1
CP142620.1	563777	563778	4
CP142620.1	563778	563782	5
CP142620.1	563782	563820	6
CP142620.1	563820	563821	5
CP142620.1	563821	563834	7
CP142620.1	563834	563835	6
CP142620.1	563835	563840	7
CP142620.1	563840	563846	6
CP142620.1	563846	563847	4
CP142620.1	563847	563864	6
CP142620.1	563864	563865	5
CP142620.1	563865	563877	6
CP142620.1	563877	563896	4
CP142620.1	563896	563906	3
CP142620.1	563906	563949	4
CP142620.1	563949	563957	3
CP142620.1	563957	563981	2
CP142620.1	563981	563998	1
CP142620.1	563998	564007	0
CP142620.1	564007	564181	1
CP142620.1	564181	564268	2
CP142620.1	564268	564372	1
CP142620.1	564372	564551	0
CP142620.1	564551	564662	1
CP142620.1	564662	564752	0
CP142620.1	564752	564901	1
CP142620.1	564901	564986	0
CP142620.1	564986	565065	1
CP142620.1	565065	565069	2
CP142620.1	565069	565102	3
CP142620.1	565102	565103	2
CP142620.1	565103	565113	1
CP142620.1	565113	565140	2
CP142620.1	565140	565143	1
CP142620.1	565143	565156	0
CP142620.1	565156	565204	1
CP142620.1	565204	565215	0
CP142620.1	565215	565235	1
CP142620.1	565235	565236	0
CP142620.1	565236	565261	1
CP142620.1	565261	565381	0
CP142620.1	565381	565418	1
CP142620.1	565418	565446	2
CP142620.1	565446	565456	3
CP142620.1	565456	565476	4
CP142620.1	565476	565477	3
CP142620.1	565477	565515	4
CP142620.1	565515	565532	3
CP142620.1	565532	565533	0
CP142620.1	565533	565534	2
CP142620.1	565534	565601	3
CP142620.1	565601	565604	2
CP142620.1	565604	565606	3
CP142620.1	565606	565617	4
CP142620.1	565617	565618	3
CP142620.1	565618	565633	4
CP142620.1	565633	565669	3
CP142620.1	565669	565675	4
CP142620.1	565675	565696	5
CP142620.1	565696	565704	4
CP142620.1	565704	565718	3
CP142620.1	565718	565719	0
CP142620.1	565719	565730	3
CP142620.1	565730	565788	2
CP142620.1	565788	565819	3
CP142620.1	565819	565829	4
CP142620.1	565829	565850	3
CP142620.1	565850	565927	2
CP142620.1	565927	565928	1
CP142620.1	565928	565990	2
CP142620.1	565990	565991	1
CP142620.1	565991	566078	0
CP142620.1	566078	566111	1
CP142620.1	566111	566163	2
CP142620.1	566163	566350	0
CP142620.1	566350	566472	1
CP142620.1	566472	566545	0
CP142620.1	566545	566562	1
CP142620.1	566562	566563	0
CP142620.1	566563	566653	1
CP142620.1	566653	566785	0
CP142620.1	566785	566845	1
CP142620.1	566845	566882	0
CP142620.1	566882	566993	1
CP142620.1	566993	567043	2
CP142620.1	567043	567074	1
CP142620.1	567074	567142	2
CP142620.1	567142	567149	1
CP142620.1	567149	567242	2
CP142620.1	567242	567283	1
CP142620.1	567283	567397	0
CP142620.1	567397	567468	1
CP142620.1	567468	567469	0
CP142620.1	567469	567516	1
CP142620.1	567516	567572	2
CP142620.1	567572	567604	3
CP142620.1	567604	567613	2
CP142620.1	567613	567622	3
CP142620.1	567622	567652	2
CP142620.1	567652	567683	1
CP142620.1	567683	567753	0
CP142620.1	567753	567763	1
CP142620.1	567763	567765	0
CP142620.1	567765	567839	1
CP142620.1	567839	567849	2
CP142620.1	567849	567852	3
CP142620.1	567852	567855	2
CP142620.1	567855	567905	3
CP142620.1	567905	567921	4
CP142620.1	567921	567929	3
CP142620.1	567929	567934	4
CP142620.1	567934	567943	3
CP142620.1	567943	567944	2
CP142620.1	567944	567965	3
CP142620.1	567965	567989	4
CP142620.1	567989	567993	3
CP142620.1	567993	567999	2
CP142620.1	567999	568008	1
CP142620.1	568008	568056	2
CP142620.1	568056	568068	1
CP142620.1	568068	568106	0
CP142620.1	568106	568136	1
CP142620.1	568136	568137	0
CP142620.1	568137	568139	1
CP142620.1	568139	568166	2
CP142620.1	568166	568167	1
CP142620.1	568167	568177	2
CP142620.1	568177	568178	1
CP142620.1	568178	568180	2
CP142620.1	568180	568182	1
CP142620.1	568182	568185	2
CP142620.1	568185	568191	3
CP142620.1	568191	568192	2
CP142620.1	568192	568242	3
CP142620.1	568242	568245	2
CP142620.1	568245	568295	3
CP142620.1	568295	568315	2
CP142620.1	568315	568344	1
CP142620.1	568344	568698	0
CP142620.1	568698	568772	1
CP142620.1	568772	568775	0
CP142620.1	568775	568808	1
CP142620.1	568808	568824	0
CP142620.1	568824	568834	1
CP142620.1	568834	568882	2
CP142620.1	568882	568883	0
CP142620.1	568883	568895	2
CP142620.1	568895	568896	1
CP142620.1	568896	568898	2
CP142620.1	568898	568899	1
CP142620.1	568899	568977	2
CP142620.1	568977	569172	1
CP142620.1	569172	569215	0
CP142620.1	569215	569238	1
CP142620.1	569238	569289	2
CP142620.1	569289	569327	3
CP142620.1	569327	569440	2
CP142620.1	569440	569452	1
CP142620.1	569452	569466	0
CP142620.1	569466	569510	1
CP142620.1	569510	569518	0
CP142620.1	569518	569568	1
CP142620.1	569568	569594	2
CP142620.1	569594	569626	1
CP142620.1	569626	569631	2
CP142620.1	569631	569663	3
CP142620.1	569663	569702	4
CP142620.1	569702	569704	3
CP142620.1	569704	569724	4
CP142620.1	569724	569733	5
CP142620.1	569733	569746	4
CP142620.1	569746	569750	5
CP142620.1	569750	569752	6
CP142620.1	569752	569753	5
CP142620.1	569753	569798	6
CP142620.1	569798	569814	5
CP142620.1	569814	569815	4
CP142620.1	569815	569820	5
CP142620.1	569820	569821	4
CP142620.1	569821	569855	5
CP142620.1	569855	569856	4
CP142620.1	569856	569905	5
CP142620.1	569905	569935	4
CP142620.1	569935	569990	3
CP142620.1	569990	570041	2
CP142620.1	570041	570100	1
CP142620.1	570100	570106	0
CP142620.1	570106	570148	1
CP142620.1	570148	570159	0
CP142620.1	570159	570210	1
CP142620.1	570210	570219	0
CP142620.1	570219	570242	1
CP142620.1	570242	570243	0
CP142620.1	570243	570273	1
CP142620.1	570273	570274	0
CP142620.1	570274	570483	1
CP142620.1	570483	570863	0
CP142620.1	570863	570946	1
CP142620.1	570946	570947	0
CP142620.1	570947	570985	1
CP142620.1	570985	571024	0
CP142620.1	571024	571036	1
CP142620.1	571036	571040	2
CP142620.1	571040	571041	1
CP142620.1	571041	571107	2
CP142620.1	571107	571128	1
CP142620.1	571128	571231	2
CP142620.1	571231	571242	3
CP142620.1	571242	571243	0
CP142620.1	571243	571244	2
CP142620.1	571244	571259	3
CP142620.1	571259	571270	4
CP142620.1	571270	571329	5
CP142620.1	571329	571334	4
CP142620.1	571334	571348	3
CP142620.1	571348	571370	2
CP142620.1	571370	571376	3
CP142620.1	571376	571388	2
CP142620.1	571388	571413	1
CP142620.1	571413	571414	0
CP142620.1	571414	571459	1
CP142620.1	571459	571462	0
CP142620.1	571462	571479	1
CP142620.1	571479	571480	0
CP142620.1	571480	571670	1
CP142620.1	571670	571671	0
CP142620.1	571671	571819	1
CP142620.1	571819	571898	0
CP142620.1	571898	571986	1
CP142620.1	571986	571987	0
CP142620.1	571987	572023	1
CP142620.1	572023	572041	2
CP142620.1	572041	572044	1
CP142620.1	572044	572107	2
CP142620.1	572107	572114	1
CP142620.1	572114	572273	0
CP142620.1	572273	572533	1
CP142620.1	572533	572548	0
CP142620.1	572548	572734	1
CP142620.1	572734	572753	0
CP142620.1	572753	572795	1
CP142620.1	572795	572848	2
CP142620.1	572848	572885	3
CP142620.1	572885	572981	4
CP142620.1	572981	573007	3
CP142620.1	573007	573027	2
CP142620.1	573027	573144	1
CP142620.1	573144	573254	0
CP142620.1	573254	573283	1
CP142620.1	573283	573314	2
CP142620.1	573314	573316	1
CP142620.1	573316	573350	2
CP142620.1	573350	573354	3
CP142620.1	573354	573392	4
CP142620.1	573392	573417	5
CP142620.1	573417	573432	6
CP142620.1	573432	573451	7
CP142620.1	573451	573478	6
CP142620.1	573478	573489	5
CP142620.1	573489	573490	4
CP142620.1	573490	573505	5
CP142620.1	573505	573509	4
CP142620.1	573509	573523	3
CP142620.1	573523	573526	2
CP142620.1	573526	573530	1
CP142620.1	573530	573565	2
CP142620.1	573565	573587	3
CP142620.1	573587	573615	2
CP142620.1	573615	573616	1
CP142620.1	573616	573632	2
CP142620.1	573632	573633	1
CP142620.1	573633	573650	2
CP142620.1	573650	573657	1
CP142620.1	573657	573661	2
CP142620.1	573661	573795	1
CP142620.1	573795	573829	2
CP142620.1	573829	573860	1
CP142620.1	573860	573884	0
CP142620.1	573884	573907	1
CP142620.1	573907	573960	2
CP142620.1	573960	573961	1
CP142620.1	573961	573977	2
CP142620.1	573977	574017	3
CP142620.1	574017	574037	2
CP142620.1	574037	574082	1
CP142620.1	574082	574086	2
CP142620.1	574086	574128	1
CP142620.1	574128	574199	0
CP142620.1	574199	574297	1
CP142620.1	574297	574336	2
CP142620.1	574336	574344	1
CP142620.1	574344	574345	0
CP142620.1	574345	574419	1
CP142620.1	574419	574483	2
CP142620.1	574483	574484	1
CP142620.1	574484	574485	0
CP142620.1	574485	574541	1
CP142620.1	574541	574579	2
CP142620.1	574579	574586	1
CP142620.1	574586	574589	2
CP142620.1	574589	574595	1
CP142620.1	574595	574668	2
CP142620.1	574668	574669	1
CP142620.1	574669	574737	0
CP142620.1	574737	574794	1
CP142620.1	574794	574879	2
CP142620.1	574879	574881	3
CP142620.1	574881	574895	2
CP142620.1	574895	574910	3
CP142620.1	574910	574918	4
CP142620.1	574918	574959	5
CP142620.1	574959	574960	4
CP142620.1	574960	574971	5
CP142620.1	574971	574973	4
CP142620.1	574973	575003	3
CP142620.1	575003	575006	1
CP142620.1	575006	575011	3
CP142620.1	575011	575060	2
CP142620.1	575060	575065	3
CP142620.1	575065	575147	2
CP142620.1	575147	575160	1
CP142620.1	575160	575426	0
CP142620.1	575426	575449	1
CP142620.1	575449	575534	2
CP142620.1	575534	575553	3
CP142620.1	575553	575643	2
CP142620.1	575643	575646	0
CP142620.1	575646	575682	2
CP142620.1	575682	575695	3
CP142620.1	575695	575705	2
CP142620.1	575705	575716	3
CP142620.1	575716	575740	4
CP142620.1	575740	575741	3
CP142620.1	575741	575754	4
CP142620.1	575754	575758	3
CP142620.1	575758	575762	2
CP142620.1	575762	575763	1
CP142620.1	575763	575766	2
CP142620.1	575766	575769	1
CP142620.1	575769	575795	2
CP142620.1	575795	575827	1
CP142620.1	575827	575860	2
CP142620.1	575860	576016	1
CP142620.1	576016	576118	0
CP142620.1	576118	576190	1
CP142620.1	576190	576229	2
CP142620.1	576229	576243	1
CP142620.1	576243	576245	0
CP142620.1	576245	576263	1
CP142620.1	576263	576426	0
CP142620.1	576426	576511	1
CP142620.1	576511	576681	0
CP142620.1	576681	576738	1
CP142620.1	576738	576918	0
CP142620.1	576918	576931	1
CP142620.1	576931	576961	2
CP142620.1	576961	576962	1
CP142620.1	576962	576971	2
CP142620.1	576971	577001	1
CP142620.1	577001	577011	0
CP142620.1	577011	577068	1
CP142620.1	577068	577156	0
CP142620.1	577156	577222	1
CP142620.1	577222	577314	0
CP142620.1	577314	577447	1
CP142620.1	577447	577452	0
CP142620.1	577452	577490	1
CP142620.1	577490	577550	2
CP142620.1	577550	577704	0
CP142620.1	577704	577861	1
CP142620.1	577861	578003	0
CP142620.1	578003	578091	1
CP142620.1	578091	578095	0
CP142620.1	578095	578108	1
CP142620.1	578108	578109	0
CP142620.1	578109	578132	1
CP142620.1	578132	578133	0
CP142620.1	578133	578183	1
CP142620.1	578183	578202	0
CP142620.1	578202	578285	1
CP142620.1	578285	578322	2
CP142620.1	578322	578329	3
CP142620.1	578329	578331	2
CP142620.1	578331	578364	3
CP142620.1	578364	578368	1
CP142620.1	578368	578372	3
CP142620.1	578372	578419	2
CP142620.1	578419	578431	1
CP142620.1	578431	578893	0
CP142620.1	578893	578966	1
CP142620.1	578966	578997	2
CP142620.1	578997	579006	3
CP142620.1	579006	579025	2
CP142620.1	579025	579026	1
CP142620.1	579026	579039	2
CP142620.1	579039	579087	1
CP142620.1	579087	579088	0
CP142620.1	579088	579180	1
CP142620.1	579180	579183	0
CP142620.1	579183	579301	1
CP142620.1	579301	579504	0
CP142620.1	579504	579564	1
CP142620.1	579564	579661	2
CP142620.1	579661	579662	1
CP142620.1	579662	579755	2
CP142620.1	579755	579789	1
CP142620.1	579789	579854	0
CP142620.1	579854	579915	1
CP142620.1	579915	579919	0
CP142620.1	579919	579959	1
CP142620.1	579959	580012	2
CP142620.1	580012	580013	1
CP142620.1	580013	580065	2
CP142620.1	580065	580067	1
CP142620.1	580067	580068	0
CP142620.1	580068	580145	1
CP142620.1	580145	580166	0
CP142620.1	580166	580238	1
CP142620.1	580238	580264	2
CP142620.1	580264	580373	3
CP142620.1	580373	580410	2
CP142620.1	580410	580433	3
CP142620.1	580433	580434	2
CP142620.1	580434	580446	3
CP142620.1	580446	580451	2
CP142620.1	580451	580490	3
CP142620.1	580490	580491	2
CP142620.1	580491	580501	3
CP142620.1	580501	580518	2
CP142620.1	580518	580520	1
CP142620.1	580520	580560	2
CP142620.1	580560	580648	1
CP142620.1	580648	580649	0
CP142620.1	580649	580680	1
CP142620.1	580680	580940	0
CP142620.1	580940	580951	1
CP142620.1	580951	580955	2
CP142620.1	580955	581012	3
CP142620.1	581012	581022	2
CP142620.1	581022	581023	1
CP142620.1	581023	581024	0
CP142620.1	581024	581079	1
CP142620.1	581079	581084	2
CP142620.1	581084	581126	3
CP142620.1	581126	581127	2
CP142620.1	581127	581140	3
CP142620.1	581140	581196	2
CP142620.1	581196	581219	1
CP142620.1	581219	581235	0
CP142620.1	581235	581253	1
CP142620.1	581253	581262	2
CP142620.1	581262	581286	1
CP142620.1	581286	581306	2
CP142620.1	581306	581354	3
CP142620.1	581354	581355	2
CP142620.1	581355	581356	1
CP142620.1	581356	581371	3
CP142620.1	581371	581382	4
CP142620.1	581382	581400	3
CP142620.1	581400	581430	4
CP142620.1	581430	581431	3
CP142620.1	581431	581438	4
CP142620.1	581438	581442	3
CP142620.1	581442	581496	4
CP142620.1	581496	581509	5
CP142620.1	581509	581516	4
CP142620.1	581516	581518	3
CP142620.1	581518	581528	4
CP142620.1	581528	581535	5
CP142620.1	581535	581548	4
CP142620.1	581548	581552	3
CP142620.1	581552	581602	2
CP142620.1	581602	581609	1
CP142620.1	581609	581617	0
CP142620.1	581617	581622	1
CP142620.1	581622	581702	3
CP142620.1	581702	581706	2
CP142620.1	581706	581803	1
CP142620.1	581803	581815	0
CP142620.1	581815	581906	1
CP142620.1	581906	582034	2
CP142620.1	582034	582086	1
CP142620.1	582086	582088	0
CP142620.1	582088	582193	1
CP142620.1	582193	582277	2
CP142620.1	582277	582345	1
CP142620.1	582345	582693	0
CP142620.1	582693	582728	1
CP142620.1	582728	582734	0
CP142620.1	582734	582736	1
CP142620.1	582736	582816	2
CP142620.1	582816	582817	1
CP142620.1	582817	582824	2
CP142620.1	582824	582825	1
CP142620.1	582825	582922	2
CP142620.1	582922	582927	1
CP142620.1	582927	582975	2
CP142620.1	582975	583040	3
CP142620.1	583040	583052	2
CP142620.1	583052	583069	1
CP142620.1	583069	583148	0
CP142620.1	583148	583155	1
CP142620.1	583155	583169	2
CP142620.1	583169	583170	1
CP142620.1	583170	583181	2
CP142620.1	583181	583182	1
CP142620.1	583182	583192	2
CP142620.1	583192	583200	3
CP142620.1	583200	583246	2
CP142620.1	583246	583349	1
CP142620.1	583349	583355	2
CP142620.1	583355	583386	3
CP142620.1	583386	583444	2
CP142620.1	583444	583493	1
CP142620.1	583493	583571	0
CP142620.1	583571	583619	1
CP142620.1	583619	583633	2
CP142620.1	583633	583636	1
CP142620.1	583636	583647	2
CP142620.1	583647	583659	3
CP142620.1	583659	583672	2
CP142620.1	583672	583685	1
CP142620.1	583685	583732	2
CP142620.1	583732	583752	1
CP142620.1	583752	583767	0
CP142620.1	583767	583851	1
CP142620.1	583851	583873	3
CP142620.1	583873	583881	2
CP142620.1	583881	583883	1
CP142620.1	583883	583977	2
CP142620.1	583977	584047	1
CP142620.1	584047	584051	0
CP142620.1	584051	584182	1
CP142620.1	584182	584270	0
CP142620.1	584270	584315	1
CP142620.1	584315	584336	2
CP142620.1	584336	584450	1
CP142620.1	584450	584451	0
CP142620.1	584451	584464	1
CP142620.1	584464	584498	2
CP142620.1	584498	584510	1
CP142620.1	584510	584712	0
CP142620.1	584712	584840	1
CP142620.1	584840	584844	2
CP142620.1	584844	584869	3
CP142620.1	584869	584902	4
CP142620.1	584902	584914	5
CP142620.1	584914	584917	4
CP142620.1	584917	584964	3
CP142620.1	584964	584988	2
CP142620.1	584988	585000	3
CP142620.1	585000	585105	2
CP142620.1	585105	585211	1
CP142620.1	585211	585265	0
CP142620.1	585265	585519	1
CP142620.1	585519	585591	0
CP142620.1	585591	585642	1
CP142620.1	585642	585676	0
CP142620.1	585676	585816	1
CP142620.1	585816	585835	0
CP142620.1	585835	585850	1
CP142620.1	585850	585896	2
CP142620.1	585896	585899	1
CP142620.1	585899	585916	2
CP142620.1	585916	585941	1
CP142620.1	585941	585942	0
CP142620.1	585942	585956	1
CP142620.1	585956	585958	0
CP142620.1	585958	585982	1
CP142620.1	585982	585998	2
CP142620.1	585998	586002	1
CP142620.1	586002	586030	2
CP142620.1	586030	586032	1
CP142620.1	586032	586033	0
CP142620.1	586033	586092	1
CP142620.1	586092	586121	2
CP142620.1	586121	586130	1
CP142620.1	586130	586200	0
CP142620.1	586200	586394	1
CP142620.1	586394	586468	2
CP142620.1	586468	586469	1
CP142620.1	586469	586472	2
CP142620.1	586472	586473	1
CP142620.1	586473	586572	2
CP142620.1	586572	586603	1
CP142620.1	586603	586657	2
CP142620.1	586657	586691	3
CP142620.1	586691	586692	2
CP142620.1	586692	586718	3
CP142620.1	586718	586760	4
CP142620.1	586760	586761	2
CP142620.1	586761	586762	1
CP142620.1	586762	586787	3
CP142620.1	586787	586806	2
CP142620.1	586806	586822	3
CP142620.1	586822	586824	1
CP142620.1	586824	586825	0
CP142620.1	586825	586877	1
CP142620.1	586877	586924	2
CP142620.1	586924	586936	1
CP142620.1	586936	586943	2
CP142620.1	586943	586945	3
CP142620.1	586945	586950	4
CP142620.1	586950	586973	5
CP142620.1	586973	586974	4
CP142620.1	586974	587047	5
CP142620.1	587047	587055	4
CP142620.1	587055	587058	3
CP142620.1	587058	587116	5
CP142620.1	587116	587145	4
CP142620.1	587145	587146	3
CP142620.1	587146	587152	4
CP142620.1	587152	587166	3
CP142620.1	587166	587167	4
CP142620.1	587167	587177	3
CP142620.1	587177	587183	2
CP142620.1	587183	587204	1
CP142620.1	587204	587236	0
CP142620.1	587236	587254	1
CP142620.1	587254	587425	2
CP142620.1	587425	587430	1
CP142620.1	587430	587483	2
CP142620.1	587483	587588	3
CP142620.1	587588	587603	4
CP142620.1	587603	587642	3
CP142620.1	587642	587781	2
CP142620.1	587781	587797	1
CP142620.1	587797	587805	0
CP142620.1	587805	587919	1
CP142620.1	587919	588011	2
CP142620.1	588011	588026	3
CP142620.1	588026	588098	2
CP142620.1	588098	588177	1
CP142620.1	588177	588182	0
CP142620.1	588182	588250	1
CP142620.1	588250	588272	0
CP142620.1	588272	588287	1
CP142620.1	588287	588342	2
CP142620.1	588342	588446	1
CP142620.1	588446	588502	2
CP142620.1	588502	588600	1
CP142620.1	588600	588606	0
CP142620.1	588606	588690	1
CP142620.1	588690	588714	2
CP142620.1	588714	588758	1
CP142620.1	588758	588766	2
CP142620.1	588766	589056	1
CP142620.1	589056	589121	0
CP142620.1	589121	589128	1
CP142620.1	589128	589235	2
CP142620.1	589235	589247	1
CP142620.1	589247	589251	2
CP142620.1	589251	589254	3
CP142620.1	589254	589255	2
CP142620.1	589255	589316	3
CP142620.1	589316	589329	2
CP142620.1	589329	589382	1
CP142620.1	589382	589386	0
CP142620.1	589386	589403	1
CP142620.1	589403	589406	0
CP142620.1	589406	589417	1
CP142620.1	589417	589435	2
CP142620.1	589435	589457	1
CP142620.1	589457	589510	2
CP142620.1	589510	589533	3
CP142620.1	589533	589541	2
CP142620.1	589541	589560	1
CP142620.1	589560	589587	2
CP142620.1	589587	589625	1
CP142620.1	589625	589628	0
CP142620.1	589628	589660	1
CP142620.1	589660	589707	0
CP142620.1	589707	589836	1
CP142620.1	589836	589916	2
CP142620.1	589916	589947	3
CP142620.1	589947	589964	2
CP142620.1	589964	589980	1
CP142620.1	589980	590030	2
CP142620.1	590030	590076	1
CP142620.1	590076	590097	0
CP142620.1	590097	590098	1
CP142620.1	590098	590151	2
CP142620.1	590151	590170	3
CP142620.1	590170	590172	2
CP142620.1	590172	590183	3
CP142620.1	590183	590194	2
CP142620.1	590194	590200	1
CP142620.1	590200	590223	2
CP142620.1	590223	590224	3
CP142620.1	590224	590228	2
CP142620.1	590228	590240	3
CP142620.1	590240	590241	2
CP142620.1	590241	590281	3
CP142620.1	590281	590282	2
CP142620.1	590282	590283	3
CP142620.1	590283	590305	2
CP142620.1	590305	590351	1
CP142620.1	590351	590488	0
CP142620.1	590488	590536	1
CP142620.1	590536	590561	2
CP142620.1	590561	590664	1
CP142620.1	590664	590709	2
CP142620.1	590709	590879	1
CP142620.1	590879	590882	0
CP142620.1	590882	590903	1
CP142620.1	590903	591180	0
CP142620.1	591180	591335	1
CP142620.1	591335	591492	0
CP142620.1	591492	591509	1
CP142620.1	591509	591537	2
CP142620.1	591537	591559	3
CP142620.1	591559	591583	2
CP142620.1	591583	591597	1
CP142620.1	591597	591663	2
CP142620.1	591663	591741	3
CP142620.1	591741	591766	2
CP142620.1	591766	591863	1
CP142620.1	591863	592000	0
CP142620.1	592000	592238	1
CP142620.1	592238	592438	0
CP142620.1	592438	592480	1
CP142620.1	592480	592490	2
CP142620.1	592490	592491	1
CP142620.1	592491	592539	2
CP142620.1	592539	592592	1
CP142620.1	592592	592593	0
CP142620.1	592593	592604	1
CP142620.1	592604	592720	0
CP142620.1	592720	592729	1
CP142620.1	592729	592791	2
CP142620.1	592791	592829	1
CP142620.1	592829	592958	0
CP142620.1	592958	593004	1
CP142620.1	593004	593042	0
CP142620.1	593042	593062	1
CP142620.1	593062	593082	2
CP142620.1	593082	593149	3
CP142620.1	593149	593153	2
CP142620.1	593153	593154	1
CP142620.1	593154	593158	2
CP142620.1	593158	593159	1
CP142620.1	593159	593247	2
CP142620.1	593247	593253	1
CP142620.1	593253	593417	2
CP142620.1	593417	593528	1
CP142620.1	593528	593538	2
CP142620.1	593538	593553	3
CP142620.1	593553	593554	2
CP142620.1	593554	593598	3
CP142620.1	593598	593655	2
CP142620.1	593655	593656	1
CP142620.1	593656	593664	2
CP142620.1	593664	593679	1
CP142620.1	593679	593690	0
CP142620.1	593690	593748	1
CP142620.1	593748	593753	0
CP142620.1	593753	593779	1
CP142620.1	593779	593805	2
CP142620.1	593805	593806	1
CP142620.1	593806	593827	2
CP142620.1	593827	593896	1
CP142620.1	593896	593910	2
CP142620.1	593910	593944	3
CP142620.1	593944	593945	2
CP142620.1	593945	593948	1
CP142620.1	593948	593951	2
CP142620.1	593951	593956	3
CP142620.1	593956	593957	2
CP142620.1	593957	593978	3
CP142620.1	593978	594005	2
CP142620.1	594005	594007	1
CP142620.1	594007	594038	2
CP142620.1	594038	594055	3
CP142620.1	594055	594056	2
CP142620.1	594056	594064	3
CP142620.1	594064	594065	2
CP142620.1	594065	594111	3
CP142620.1	594111	594112	2
CP142620.1	594112	594140	3
CP142620.1	594140	594142	2
CP142620.1	594142	594146	1
CP142620.1	594146	594147	2
CP142620.1	594147	594156	3
CP142620.1	594156	594194	2
CP142620.1	594194	594204	1
CP142620.1	594204	594240	2
CP142620.1	594240	594245	3
CP142620.1	594245	594246	2
CP142620.1	594246	594275	3
CP142620.1	594275	594317	4
CP142620.1	594317	594320	3
CP142620.1	594320	594329	2
CP142620.1	594329	594335	3
CP142620.1	594335	594360	2
CP142620.1	594360	594434	3
CP142620.1	594434	594436	2
CP142620.1	594436	594449	1
CP142620.1	594449	594466	2
CP142620.1	594466	594538	3
CP142620.1	594538	594549	2
CP142620.1	594549	594559	1
CP142620.1	594559	594628	0
CP142620.1	594628	594684	1
CP142620.1	594684	594687	0
CP142620.1	594687	594721	1
CP142620.1	594721	594982	0
CP142620.1	594982	595054	1
CP142620.1	595054	595061	2
CP142620.1	595061	595134	1
CP142620.1	595134	595216	0
CP142620.1	595216	595226	2
CP142620.1	595226	595263	3
CP142620.1	595263	595295	4
CP142620.1	595295	595297	3
CP142620.1	595297	595303	4
CP142620.1	595303	595306	3
CP142620.1	595306	595325	4
CP142620.1	595325	595328	3
CP142620.1	595328	595329	2
CP142620.1	595329	595370	0
CP142620.1	595370	595387	2
CP142620.1	595387	595391	3
CP142620.1	595391	595396	2
CP142620.1	595396	595398	1
CP142620.1	595398	595401	0
CP142620.1	595401	595405	2
CP142620.1	595405	595406	3
CP142620.1	595406	595437	5
CP142620.1	595437	595445	6
CP142620.1	595445	595454	5
CP142620.1	595454	595458	3
CP142620.1	595458	595475	4
CP142620.1	595475	595476	2
CP142620.1	595476	595477	3
CP142620.1	595477	595499	4
CP142620.1	595499	595501	3
CP142620.1	595501	595510	4
CP142620.1	595510	595515	3
CP142620.1	595515	595517	2
CP142620.1	595517	595522	3
CP142620.1	595522	595523	2
CP142620.1	595523	595524	3
CP142620.1	595524	595526	4
CP142620.1	595526	595551	5
CP142620.1	595551	595552	4
CP142620.1	595552	595568	5
CP142620.1	595568	595573	6
CP142620.1	595573	595574	5
CP142620.1	595574	595589	6
CP142620.1	595589	595591	5
CP142620.1	595591	595595	6
CP142620.1	595595	595600	4
CP142620.1	595600	595610	3
CP142620.1	595610	595669	4
CP142620.1	595669	595685	3
CP142620.1	595685	595689	2
CP142620.1	595689	595704	1
CP142620.1	595704	596024	0
CP142620.1	596024	596048	1
CP142620.1	596048	596070	2
CP142620.1	596070	596071	1
CP142620.1	596071	596081	2
CP142620.1	596081	596096	3
CP142620.1	596096	596149	2
CP142620.1	596149	596154	0
CP142620.1	596154	596175	2
CP142620.1	596175	596176	1
CP142620.1	596176	596179	2
CP142620.1	596179	596187	3
CP142620.1	596187	596217	4
CP142620.1	596217	596228	3
CP142620.1	596228	596230	2
CP142620.1	596230	596234	1
CP142620.1	596234	596267	2
CP142620.1	596267	596268	1
CP142620.1	596268	596291	2
CP142620.1	596291	596331	1
CP142620.1	596331	596608	0
CP142620.1	596608	596674	1
CP142620.1	596674	596854	2
CP142620.1	596854	596862	1
CP142620.1	596862	596902	2
CP142620.1	596902	596908	1
CP142620.1	596908	596915	2
CP142620.1	596915	596916	1
CP142620.1	596916	596949	2
CP142620.1	596949	596965	3
CP142620.1	596965	596992	2
CP142620.1	596992	596994	1
CP142620.1	596994	597021	2
CP142620.1	597021	597086	1
CP142620.1	597086	597131	2
CP142620.1	597131	597167	3
CP142620.1	597167	597181	2
CP142620.1	597181	597218	1
CP142620.1	597218	597240	2
CP142620.1	597240	597252	3
CP142620.1	597252	597254	2
CP142620.1	597254	597312	3
CP142620.1	597312	597313	1
CP142620.1	597313	597327	3
CP142620.1	597327	597328	2
CP142620.1	597328	597340	3
CP142620.1	597340	597348	2
CP142620.1	597348	597353	1
CP142620.1	597353	597356	0
CP142620.1	597356	597374	1
CP142620.1	597374	597451	2
CP142620.1	597451	597462	3
CP142620.1	597462	597519	2
CP142620.1	597519	597684	1
CP142620.1	597684	597746	2
CP142620.1	597746	597747	1
CP142620.1	597747	597816	2
CP142620.1	597816	597921	1
CP142620.1	597921	598029	0
CP142620.1	598029	598032	1
CP142620.1	598032	598089	2
CP142620.1	598089	598091	1
CP142620.1	598091	598095	2
CP142620.1	598095	598097	1
CP142620.1	598097	598163	2
CP142620.1	598163	598165	1
CP142620.1	598165	598251	2
CP142620.1	598251	598279	1
CP142620.1	598279	598355	0
CP142620.1	598355	598376	1
CP142620.1	598376	598452	2
CP142620.1	598452	598454	1
CP142620.1	598454	598487	2
CP142620.1	598487	598587	1
CP142620.1	598587	598617	2
CP142620.1	598617	598661	3
CP142620.1	598661	598720	2
CP142620.1	598720	598752	1
CP142620.1	598752	598997	0
CP142620.1	598997	599102	1
CP142620.1	599102	599151	2
CP142620.1	599151	599154	1
CP142620.1	599154	599159	0
CP142620.1	599159	599178	1
CP142620.1	599178	599200	2
CP142620.1	599200	599231	1
CP142620.1	599231	599246	2
CP142620.1	599246	599293	1
CP142620.1	599293	599415	2
CP142620.1	599415	599421	3
CP142620.1	599421	599492	2
CP142620.1	599492	599499	3
CP142620.1	599499	599500	2
CP142620.1	599500	599505	3
CP142620.1	599505	599518	4
CP142620.1	599518	599530	3
CP142620.1	599530	599547	4
CP142620.1	599547	599592	2
CP142620.1	599592	599593	1
CP142620.1	599593	599700	2
CP142620.1	599700	599769	1
CP142620.1	599769	599772	2
CP142620.1	599772	599789	3
CP142620.1	599789	599819	2
CP142620.1	599819	599820	3
CP142620.1	599820	599830	4
CP142620.1	599830	599831	3
CP142620.1	599831	599839	4
CP142620.1	599839	599850	3
CP142620.1	599850	599855	2
CP142620.1	599855	599866	3
CP142620.1	599866	599907	4
CP142620.1	599907	599911	3
CP142620.1	599911	599915	4
CP142620.1	599915	599925	3
CP142620.1	599925	599932	2
CP142620.1	599932	600087	1
CP142620.1	600087	600154	0
CP142620.1	600154	600252	1
CP142620.1	600252	600255	0
CP142620.1	600255	600279	1
CP142620.1	600279	600307	2
CP142620.1	600307	600317	1
CP142620.1	600317	600358	2
CP142620.1	600358	600372	1
CP142620.1	600372	600387	2
CP142620.1	600387	600396	3
CP142620.1	600396	600407	2
CP142620.1	600407	600476	1
CP142620.1	600476	600491	0
CP142620.1	600491	600689	1
CP142620.1	600689	600799	0
CP142620.1	600799	600875	1
CP142620.1	600875	600881	0
CP142620.1	600881	600889	1
CP142620.1	600889	600891	0
CP142620.1	600891	600997	1
CP142620.1	600997	601062	0
CP142620.1	601062	601131	1
CP142620.1	601131	601234	0
CP142620.1	601234	601391	1
CP142620.1	601391	601489	0
CP142620.1	601489	601570	1
CP142620.1	601570	601649	0
CP142620.1	601649	601702	1
CP142620.1	601702	601718	2
CP142620.1	601718	601781	3
CP142620.1	601781	601806	2
CP142620.1	601806	601807	1
CP142620.1	601807	601821	2
CP142620.1	601821	601848	1
CP142620.1	601848	601851	0
CP142620.1	601851	601852	1
CP142620.1	601852	601897	2
CP142620.1	601897	601954	1
CP142620.1	601954	601973	2
CP142620.1	601973	602010	1
CP142620.1	602010	602011	0
CP142620.1	602011	602086	1
CP142620.1	602086	602196	2
CP142620.1	602196	602212	1
CP142620.1	602212	602328	0
CP142620.1	602328	602422	1
CP142620.1	602422	602425	0
CP142620.1	602425	602430	1
CP142620.1	602430	602458	2
CP142620.1	602458	602461	0
CP142620.1	602461	602468	1
CP142620.1	602468	602555	2
CP142620.1	602555	602592	3
CP142620.1	602592	602605	4
CP142620.1	602605	602610	3
CP142620.1	602610	602655	4
CP142620.1	602655	602661	5
CP142620.1	602661	602666	4
CP142620.1	602666	602700	3
CP142620.1	602700	602731	2
CP142620.1	602731	602784	1
CP142620.1	602784	602976	0
CP142620.1	602976	603023	1
CP142620.1	603023	603089	2
CP142620.1	603089	603149	3
CP142620.1	603149	603150	2
CP142620.1	603150	603154	1
CP142620.1	603154	603198	2
CP142620.1	603198	603221	3
CP142620.1	603221	603222	2
CP142620.1	603222	603225	3
CP142620.1	603225	603253	2
CP142620.1	603253	603273	1
CP142620.1	603273	603512	0
CP142620.1	603512	603552	1
CP142620.1	603552	603553	0
CP142620.1	603553	603659	1
CP142620.1	603659	603731	2
CP142620.1	603731	603792	1
CP142620.1	603792	604052	0
CP142620.1	604052	604082	1
CP142620.1	604082	604145	2
CP142620.1	604145	604154	3
CP142620.1	604154	604185	4
CP142620.1	604185	604187	3
CP142620.1	604187	604209	4
CP142620.1	604209	604238	5
CP142620.1	604238	604239	4
CP142620.1	604239	604325	3
CP142620.1	604325	604331	2
CP142620.1	604331	604354	1
CP142620.1	604354	604466	2
CP142620.1	604466	604467	1
CP142620.1	604467	604499	2
CP142620.1	604499	604503	1
CP142620.1	604503	604557	0
CP142620.1	604557	604663	1
CP142620.1	604663	604705	2
CP142620.1	604705	604707	1
CP142620.1	604707	604729	2
CP142620.1	604729	604761	1
CP142620.1	604761	604946	0
CP142620.1	604946	604986	1
CP142620.1	604986	605000	2
CP142620.1	605000	605063	3
CP142620.1	605063	605109	2
CP142620.1	605109	605165	1
CP142620.1	605165	605201	0
CP142620.1	605201	605302	1
CP142620.1	605302	605334	2
CP142620.1	605334	605422	3
CP142620.1	605422	605469	2
CP142620.1	605469	605477	1
CP142620.1	605477	605483	2
CP142620.1	605483	605516	3
CP142620.1	605516	605518	2
CP142620.1	605518	605524	3
CP142620.1	605524	605525	2
CP142620.1	605525	605546	3
CP142620.1	605546	605594	2
CP142620.1	605594	605597	3
CP142620.1	605597	605615	4
CP142620.1	605615	605638	3
CP142620.1	605638	605700	2
CP142620.1	605700	605726	1
CP142620.1	605726	605727	0
CP142620.1	605727	605748	1
CP142620.1	605748	605783	2
CP142620.1	605783	605818	3
CP142620.1	605818	605865	2
CP142620.1	605865	605886	1
CP142620.1	605886	605909	2
CP142620.1	605909	605930	1
CP142620.1	605930	606026	2
CP142620.1	606026	606105	1
CP142620.1	606105	606106	0
CP142620.1	606106	606134	1
CP142620.1	606134	606140	2
CP142620.1	606140	606220	1
CP142620.1	606220	606255	2
CP142620.1	606255	606284	3
CP142620.1	606284	606322	2
CP142620.1	606322	606356	1
CP142620.1	606356	606432	2
CP142620.1	606432	606548	1
CP142620.1	606548	606731	0
CP142620.1	606731	606864	1
CP142620.1	606864	606912	0
CP142620.1	606912	606926	1
CP142620.1	606926	606983	2
CP142620.1	606983	606984	1
CP142620.1	606984	607020	0
CP142620.1	607020	607039	1
CP142620.1	607039	607110	2
CP142620.1	607110	607133	1
CP142620.1	607133	607217	2
CP142620.1	607217	607218	1
CP142620.1	607218	607284	2
CP142620.1	607284	607285	1
CP142620.1	607285	607302	2
CP142620.1	607302	607334	3
CP142620.1	607334	607338	4
CP142620.1	607338	607354	3
CP142620.1	607354	607368	2
CP142620.1	607368	607414	1
CP142620.1	607414	607568	0
CP142620.1	607568	607634	1
CP142620.1	607634	607660	0
CP142620.1	607660	607774	1
CP142620.1	607774	608128	0
CP142620.1	608128	608137	1
CP142620.1	608137	608147	2
CP142620.1	608147	608189	3
CP142620.1	608189	608206	2
CP142620.1	608206	608333	1
CP142620.1	608333	608374	2
CP142620.1	608374	608383	1
CP142620.1	608383	608401	2
CP142620.1	608401	608427	3
CP142620.1	608427	608456	2
CP142620.1	608456	608470	3
CP142620.1	608470	608471	2
CP142620.1	608471	608498	3
CP142620.1	608498	608510	2
CP142620.1	608510	608515	1
CP142620.1	608515	608530	2
CP142620.1	608530	608553	1
CP142620.1	608553	608557	2
CP142620.1	608557	608558	1
CP142620.1	608558	608609	2
CP142620.1	608609	608648	1
CP142620.1	608648	608683	0
CP142620.1	608683	608735	1
CP142620.1	608735	608786	0
CP142620.1	608786	608801	1
CP142620.1	608801	608818	2
CP142620.1	608818	608869	3
CP142620.1	608869	608872	4
CP142620.1	608872	608914	3
CP142620.1	608914	608930	4
CP142620.1	608930	608937	5
CP142620.1	608937	608940	4
CP142620.1	608940	608941	5
CP142620.1	608941	608957	6
CP142620.1	608957	608960	5
CP142620.1	608960	608982	6
CP142620.1	608982	608983	5
CP142620.1	608983	608993	6
CP142620.1	608993	609001	5
CP142620.1	609001	609017	4
CP142620.1	609017	609079	3
CP142620.1	609079	609221	4
CP142620.1	609221	609235	3
CP142620.1	609235	609262	2
CP142620.1	609262	609300	3
CP142620.1	609300	609308	2
CP142620.1	609308	609318	1
CP142620.1	609318	609329	0
CP142620.1	609329	609353	1
CP142620.1	609353	609483	2
CP142620.1	609483	609536	3
CP142620.1	609536	609578	1
CP142620.1	609578	609584	2
CP142620.1	609584	609646	1
CP142620.1	609646	609683	2
CP142620.1	609683	609684	1
CP142620.1	609684	609697	2
CP142620.1	609697	609720	1
CP142620.1	609720	609747	2
CP142620.1	609747	609778	1
CP142620.1	609778	609824	0
CP142620.1	609824	610000	1
CP142620.1	610000	610022	2
CP142620.1	610022	610158	1
CP142620.1	610158	610164	0
CP142620.1	610164	610171	1
CP142620.1	610171	610223	2
CP142620.1	610223	610224	3
CP142620.1	610224	610241	2
CP142620.1	610241	610242	1
CP142620.1	610242	610275	2
CP142620.1	610275	610312	1
CP142620.1	610312	610320	0
CP142620.1	610320	610345	1
CP142620.1	610345	610348	0
CP142620.1	610348	610353	1
CP142620.1	610353	610393	2
CP142620.1	610393	610406	3
CP142620.1	610406	610514	2
CP142620.1	610514	610655	1
CP142620.1	610655	610656	0
CP142620.1	610656	610682	1
CP142620.1	610682	610698	2
CP142620.1	610698	610710	3
CP142620.1	610710	610719	2
CP142620.1	610719	610722	0
CP142620.1	610722	610753	3
CP142620.1	610753	610756	0
CP142620.1	610756	610806	3
CP142620.1	610806	610824	4
CP142620.1	610824	610841	3
CP142620.1	610841	610850	4
CP142620.1	610850	610851	1
CP142620.1	610851	610891	4
CP142620.1	610891	610894	5
CP142620.1	610894	610895	4
CP142620.1	610895	610898	5
CP142620.1	610898	610899	4
CP142620.1	610899	610907	5
CP142620.1	610907	610916	6
CP142620.1	610916	610931	5
CP142620.1	610931	610932	2
CP142620.1	610932	610933	5
CP142620.1	610933	610934	4
CP142620.1	610934	610939	5
CP142620.1	610939	610951	6
CP142620.1	610951	610995	5
CP142620.1	610995	610998	4
CP142620.1	610998	611000	5
CP142620.1	611000	611010	4
CP142620.1	611010	611022	3
CP142620.1	611022	611052	4
CP142620.1	611052	611070	3
CP142620.1	611070	611080	2
CP142620.1	611080	611095	1
CP142620.1	611095	611134	2
CP142620.1	611134	611150	1
CP142620.1	611150	611198	2
CP142620.1	611198	611266	1
CP142620.1	611266	611341	2
CP142620.1	611341	611478	1
CP142620.1	611478	611525	0
CP142620.1	611525	611555	1
CP142620.1	611555	611556	0
CP142620.1	611556	611647	1
CP142620.1	611647	611722	0
CP142620.1	611722	611724	1
CP142620.1	611724	611801	2
CP142620.1	611801	611808	1
CP142620.1	611808	611813	0
CP142620.1	611813	611900	1
CP142620.1	611900	611992	2
CP142620.1	611992	611993	1
CP142620.1	611993	612032	2
CP142620.1	612032	612057	1
CP142620.1	612057	612058	0
CP142620.1	612058	612157	1
CP142620.1	612157	612224	2
CP142620.1	612224	612229	3
CP142620.1	612229	612284	2
CP142620.1	612284	612365	1
CP142620.1	612365	612464	0
CP142620.1	612464	612531	1
CP142620.1	612531	612548	2
CP142620.1	612548	612577	3
CP142620.1	612577	612594	2
CP142620.1	612594	612841	1
CP142620.1	612841	612879	0
CP142620.1	612879	612939	1
CP142620.1	612939	612942	0
CP142620.1	612942	612948	1
CP142620.1	612948	612979	2
CP142620.1	612979	613001	3
CP142620.1	613001	613008	4
CP142620.1	613008	613009	3
CP142620.1	613009	613013	4
CP142620.1	613013	613027	3
CP142620.1	613027	613028	2
CP142620.1	613028	613042	3
CP142620.1	613042	613107	2
CP142620.1	613107	613123	1
CP142620.1	613123	613140	2
CP142620.1	613140	613146	3
CP142620.1	613146	613148	2
CP142620.1	613148	613182	3
CP142620.1	613182	613222	2
CP142620.1	613222	613275	1
CP142620.1	613275	613276	0
CP142620.1	613276	613369	1
CP142620.1	613369	613371	2
CP142620.1	613371	613392	3
CP142620.1	613392	613413	2
CP142620.1	613413	613414	1
CP142620.1	613414	613438	2
CP142620.1	613438	613439	1
CP142620.1	613439	613453	2
CP142620.1	613453	613455	1
CP142620.1	613455	613468	2
CP142620.1	613468	613469	1
CP142620.1	613469	613471	0
CP142620.1	613471	613519	1
CP142620.1	613519	613520	2
CP142620.1	613520	613561	3
CP142620.1	613561	613603	2
CP142620.1	613603	613720	1
CP142620.1	613720	613777	0
CP142620.1	613777	613810	1
CP142620.1	613810	613986	2
CP142620.1	613986	614003	3
CP142620.1	614003	614017	2
CP142620.1	614017	614092	3
CP142620.1	614092	614116	4
CP142620.1	614116	614119	3
CP142620.1	614119	614161	4
CP142620.1	614161	614162	3
CP142620.1	614162	614175	4
CP142620.1	614175	614185	3
CP142620.1	614185	614186	2
CP142620.1	614186	614226	3
CP142620.1	614226	614239	2
CP142620.1	614239	614240	1
CP142620.1	614240	614243	2
CP142620.1	614243	614266	3
CP142620.1	614266	614275	2
CP142620.1	614275	614341	1
CP142620.1	614341	614374	2
CP142620.1	614374	614388	0
CP142620.1	614388	614410	2
CP142620.1	614410	614497	1
CP142620.1	614497	614734	0
CP142620.1	614734	614804	1
CP142620.1	614804	614815	2
CP142620.1	614815	614894	1
CP142620.1	614894	614895	2
CP142620.1	614895	614917	1
CP142620.1	614917	615029	2
CP142620.1	615029	615137	3
CP142620.1	615137	615145	2
CP142620.1	615145	615185	1
CP142620.1	615185	615246	2
CP142620.1	615246	615294	1
CP142620.1	615294	615379	0
CP142620.1	615379	615437	1
CP142620.1	615437	615486	0
CP142620.1	615486	615496	3
CP142620.1	615496	615515	5
CP142620.1	615515	615516	2
CP142620.1	615516	615598	5
CP142620.1	615598	615696	1
CP142620.1	615696	615698	0
CP142620.1	615698	615716	1
CP142620.1	615716	615748	2
CP142620.1	615748	615755	1
CP142620.1	615755	615763	2
CP142620.1	615763	615843	1
CP142620.1	615843	615952	0
CP142620.1	615952	615973	1
CP142620.1	615973	616119	2
CP142620.1	616119	616138	1
CP142620.1	616138	616142	0
CP142620.1	616142	616203	1
CP142620.1	616203	616240	2
CP142620.1	616240	616244	1
CP142620.1	616244	616251	2
CP142620.1	616251	616253	1
CP142620.1	616253	616268	2
CP142620.1	616268	616269	1
CP142620.1	616269	616277	2
CP142620.1	616277	616355	1
CP142620.1	616355	616382	2
CP142620.1	616382	616392	1
CP142620.1	616392	616486	2
CP142620.1	616486	616535	1
CP142620.1	616535	616633	2
CP142620.1	616633	616670	1
CP142620.1	616670	616736	2
CP142620.1	616736	616746	1
CP142620.1	616746	616786	2
CP142620.1	616786	616855	1
CP142620.1	616855	616903	2
CP142620.1	616903	616904	1
CP142620.1	616904	616907	0
CP142620.1	616907	616938	1
CP142620.1	616938	617017	2
CP142620.1	617017	617067	1
CP142620.1	617067	617111	2
CP142620.1	617111	617162	1
CP142620.1	617162	617164	0
CP142620.1	617164	617192	1
CP142620.1	617192	617203	2
CP142620.1	617203	617204	1
CP142620.1	617204	617280	2
CP142620.1	617280	617298	1
CP142620.1	617298	617380	2
CP142620.1	617380	617449	3
CP142620.1	617449	617458	2
CP142620.1	617458	617496	1
CP142620.1	617496	617590	2
CP142620.1	617590	617601	1
CP142620.1	617601	617714	0
CP142620.1	617714	617791	1
CP142620.1	617791	617893	0
CP142620.1	617893	618098	1
CP142620.1	618098	618155	0
CP142620.1	618155	618247	1
CP142620.1	618247	618264	2
CP142620.1	618264	618340	3
CP142620.1	618340	618344	2
CP142620.1	618344	618357	3
CP142620.1	618357	618358	2
CP142620.1	618358	618364	3
CP142620.1	618364	618394	2
CP142620.1	618394	618500	1
CP142620.1	618500	618514	2
CP142620.1	618514	618535	3
CP142620.1	618535	618550	2
CP142620.1	618550	618552	3
CP142620.1	618552	618554	2
CP142620.1	618554	618556	3
CP142620.1	618556	618593	4
CP142620.1	618593	618612	3
CP142620.1	618612	618622	2
CP142620.1	618622	618704	3
CP142620.1	618704	618744	2
CP142620.1	618744	618750	1
CP142620.1	618750	618792	0
CP142620.1	618792	618863	1
CP142620.1	618863	619070	0
CP142620.1	619070	619137	1
CP142620.1	619137	619140	0
CP142620.1	619140	619175	1
CP142620.1	619175	619177	0
CP142620.1	619177	619204	1
CP142620.1	619204	619205	0
CP142620.1	619205	619237	1
CP142620.1	619237	619238	2
CP142620.1	619238	619336	1
CP142620.1	619336	619337	0
CP142620.1	619337	619347	1
CP142620.1	619347	619349	0
CP142620.1	619349	619431	1
CP142620.1	619431	619433	2
CP142620.1	619433	619452	1
CP142620.1	619452	619565	2
CP142620.1	619565	619609	1
CP142620.1	619609	619745	2
CP142620.1	619745	619746	1
CP142620.1	619746	619750	2
CP142620.1	619750	619751	1
CP142620.1	619751	619765	2
CP142620.1	619765	619847	3
CP142620.1	619847	619854	2
CP142620.1	619854	619920	1
CP142620.1	619920	619984	0
CP142620.1	619984	620052	1
CP142620.1	620052	620054	0
CP142620.1	620054	620118	1
CP142620.1	620118	620158	2
CP142620.1	620158	620198	1
CP142620.1	620198	620323	0
CP142620.1	620323	620346	1
CP142620.1	620346	620415	2
CP142620.1	620415	620416	1
CP142620.1	620416	620425	2
CP142620.1	620425	620439	3
CP142620.1	620439	620440	2
CP142620.1	620440	620447	3
CP142620.1	620447	620451	2
CP142620.1	620451	620462	3
CP142620.1	620462	620494	2
CP142620.1	620494	620545	1
CP142620.1	620545	620556	0
CP142620.1	620556	620593	1
CP142620.1	620593	620622	2
CP142620.1	620622	620670	1
CP142620.1	620670	620821	0
CP142620.1	620821	620894	1
CP142620.1	620894	620984	0
CP142620.1	620984	621009	1
CP142620.1	621009	621012	0
CP142620.1	621012	621039	1
CP142620.1	621039	621059	2
CP142620.1	621059	621162	1
CP142620.1	621162	621634	0
CP142620.1	621634	621700	1
CP142620.1	621700	621742	2
CP142620.1	621742	621771	3
CP142620.1	621771	621773	2
CP142620.1	621773	621844	3
CP142620.1	621844	621864	2
CP142620.1	621864	621884	1
CP142620.1	621884	621894	0
CP142620.1	621894	622010	1
CP142620.1	622010	622011	0
CP142620.1	622011	622183	1
CP142620.1	622183	622200	2
CP142620.1	622200	622204	1
CP142620.1	622204	622205	0
CP142620.1	622205	622217	1
CP142620.1	622217	622271	2
CP142620.1	622271	622285	1
CP142620.1	622285	622325	0
CP142620.1	622325	622384	1
CP142620.1	622384	622395	2
CP142620.1	622395	622465	1
CP142620.1	622465	622558	2
CP142620.1	622558	622597	1
CP142620.1	622597	622620	2
CP142620.1	622620	622643	1
CP142620.1	622643	622692	0
CP142620.1	622692	622734	1
CP142620.1	622734	622751	2
CP142620.1	622751	622844	1
CP142620.1	622844	622869	2
CP142620.1	622869	623021	1
CP142620.1	623021	623265	0
CP142620.1	623265	623418	1
CP142620.1	623418	623491	0
CP142620.1	623491	623516	1
CP142620.1	623516	623517	0
CP142620.1	623517	623558	1
CP142620.1	623558	623610	2
CP142620.1	623610	623618	1
CP142620.1	623618	623718	2
CP142620.1	623718	623719	1
CP142620.1	623719	623724	2
CP142620.1	623724	623778	1
CP142620.1	623778	623810	0
