CP142619.1	0	120	0
CP142619.1	120	196	1
CP142619.1	196	198	0
CP142619.1	198	423	1
CP142619.1	423	424	0
CP142619.1	424	507	1
CP142619.1	507	1027	0
CP142619.1	1027	1103	1
CP142619.1	1103	1581	0
CP142619.1	1581	1839	1
CP142619.1	1839	1847	2
CP142619.1	1847	1887	3
CP142619.1	1887	1950	2
CP142619.1	1950	2043	1
CP142619.1	2043	2587	0
CP142619.1	2587	2750	1
CP142619.1	2750	2840	0
CP142619.1	2840	2873	1
CP142619.1	2873	2910	2
CP142619.1	2910	2960	1
CP142619.1	2960	3049	2
CP142619.1	3049	3081	1
CP142619.1	3081	3086	0
CP142619.1	3086	3166	1
CP142619.1	3166	3235	0
CP142619.1	3235	3353	1
CP142619.1	3353	3428	0
CP142619.1	3428	3548	1
CP142619.1	3548	3552	0
CP142619.1	3552	3633	1
CP142619.1	3633	3664	2
CP142619.1	3664	3666	1
CP142619.1	3666	3730	2
CP142619.1	3730	3769	1
CP142619.1	3769	3810	2
CP142619.1	3810	3888	1
CP142619.1	3888	3961	0
CP142619.1	3961	4219	1
CP142619.1	4219	4312	0
CP142619.1	4312	4484	1
CP142619.1	4484	4537	0
CP142619.1	4537	4590	1
CP142619.1	4590	4847	0
CP142619.1	4847	4923	1
CP142619.1	4923	4924	0
CP142619.1	4924	4964	1
CP142619.1	4964	4965	0
CP142619.1	4965	5010	1
CP142619.1	5010	5479	0
CP142619.1	5479	5518	1
CP142619.1	5518	5547	2
CP142619.1	5547	5556	1
CP142619.1	5556	5632	2
CP142619.1	5632	5653	1
CP142619.1	5653	5678	2
CP142619.1	5678	5680	1
CP142619.1	5680	5735	2
CP142619.1	5735	5767	1
CP142619.1	5767	5768	0
CP142619.1	5768	5788	1
CP142619.1	5788	5792	0
CP142619.1	5792	5841	1
CP142619.1	5841	5864	2
CP142619.1	5864	5883	1
CP142619.1	5883	5977	0
CP142619.1	5977	6036	1
CP142619.1	6036	6091	2
CP142619.1	6091	6112	1
CP142619.1	6112	6123	2
CP142619.1	6123	6228	1
CP142619.1	6228	6336	0
CP142619.1	6336	6484	1
CP142619.1	6484	6486	0
CP142619.1	6486	6533	1
CP142619.1	6533	6534	0
CP142619.1	6534	6609	1
CP142619.1	6609	6856	0
CP142619.1	6856	6987	1
CP142619.1	6987	6991	0
CP142619.1	6991	7028	1
CP142619.1	7028	7030	0
CP142619.1	7030	7148	1
CP142619.1	7148	7302	0
CP142619.1	7302	7321	1
CP142619.1	7321	7374	2
CP142619.1	7374	7375	1
CP142619.1	7375	7376	0
CP142619.1	7376	7498	1
CP142619.1	7498	7869	0
CP142619.1	7869	8033	1
CP142619.1	8033	8041	2
CP142619.1	8041	8131	1
CP142619.1	8131	8470	0
CP142619.1	8470	8499	1
CP142619.1	8499	8501	0
CP142619.1	8501	8532	1
CP142619.1	8532	8535	0
CP142619.1	8535	8584	1
CP142619.1	8584	8617	0
CP142619.1	8617	8723	1
CP142619.1	8723	8743	0
CP142619.1	8743	8809	1
CP142619.1	8809	9016	0
CP142619.1	9016	9054	1
CP142619.1	9054	9109	2
CP142619.1	9109	9110	1
CP142619.1	9110	9152	2
CP142619.1	9152	9184	1
CP142619.1	9184	9488	0
CP142619.1	9488	9550	1
CP142619.1	9550	9803	0
CP142619.1	9803	9858	1
CP142619.1	9858	9922	0
CP142619.1	9922	9994	1
CP142619.1	9994	10028	2
CP142619.1	10028	10030	1
CP142619.1	10030	10047	2
CP142619.1	10047	10076	1
CP142619.1	10076	10173	0
CP142619.1	10173	10295	1
CP142619.1	10295	10296	0
CP142619.1	10296	10365	1
CP142619.1	10365	10367	0
CP142619.1	10367	10427	1
CP142619.1	10427	10591	0
CP142619.1	10591	10601	1
CP142619.1	10601	10638	2
CP142619.1	10638	10702	1
CP142619.1	10702	10764	2
CP142619.1	10764	10825	1
CP142619.1	10825	10866	2
CP142619.1	10866	10960	1
CP142619.1	10960	11079	0
CP142619.1	11079	11201	1
CP142619.1	11201	12137	0
CP142619.1	12137	12206	1
CP142619.1	12206	12212	0
CP142619.1	12212	12258	1
CP142619.1	12258	12264	0
CP142619.1	12264	12377	1
CP142619.1	12377	12540	0
CP142619.1	12540	12719	1
CP142619.1	12719	12816	2
CP142619.1	12816	12824	1
CP142619.1	12824	12876	0
CP142619.1	12876	12943	1
CP142619.1	12943	12971	0
CP142619.1	12971	13108	1
CP142619.1	13108	13132	0
CP142619.1	13132	13164	1
CP142619.1	13164	13275	2
CP142619.1	13275	13282	1
CP142619.1	13282	13383	0
CP142619.1	13383	13395	1
CP142619.1	13395	13399	0
CP142619.1	13399	13501	1
CP142619.1	13501	13502	0
CP142619.1	13502	13518	1
CP142619.1	13518	13561	2
CP142619.1	13561	13597	1
CP142619.1	13597	14980	0
CP142619.1	14980	15090	1
CP142619.1	15090	15162	0
CP142619.1	15162	15184	1
CP142619.1	15184	15232	2
CP142619.1	15232	15259	1
CP142619.1	15259	15324	0
CP142619.1	15324	15352	1
CP142619.1	15352	15355	2
CP142619.1	15355	15359	1
CP142619.1	15359	15390	2
CP142619.1	15390	15433	1
CP142619.1	15433	15580	0
CP142619.1	15580	15657	1
CP142619.1	15657	15721	0
CP142619.1	15721	15738	1
CP142619.1	15738	15780	2
CP142619.1	15780	15781	1
CP142619.1	15781	15801	2
CP142619.1	15801	15822	1
CP142619.1	15822	16200	0
CP142619.1	16200	16249	1
CP142619.1	16249	16285	2
CP142619.1	16285	16309	1
CP142619.1	16309	16341	0
CP142619.1	16341	16403	1
CP142619.1	16403	16492	2
CP142619.1	16492	16493	1
CP142619.1	16493	16506	2
CP142619.1	16506	16518	1
CP142619.1	16518	16546	2
CP142619.1	16546	16650	1
CP142619.1	16650	16821	0
CP142619.1	16821	16909	1
CP142619.1	16909	16910	0
CP142619.1	16910	16923	1
CP142619.1	16923	16924	0
CP142619.1	16924	16940	1
CP142619.1	16940	16943	0
CP142619.1	16943	17124	1
CP142619.1	17124	17127	2
CP142619.1	17127	17235	1
CP142619.1	17235	17258	2
CP142619.1	17258	17260	1
CP142619.1	17260	17285	2
CP142619.1	17285	17327	1
CP142619.1	17327	17375	0
CP142619.1	17375	17426	1
CP142619.1	17426	17892	0
CP142619.1	17892	17968	1
CP142619.1	17968	17971	0
CP142619.1	17971	17978	2
CP142619.1	17978	17979	1
CP142619.1	17979	18015	2
CP142619.1	18015	18023	1
CP142619.1	18023	18039	2
CP142619.1	18039	18056	1
CP142619.1	18056	18061	0
CP142619.1	18061	18082	1
CP142619.1	18082	18173	2
CP142619.1	18173	18177	1
CP142619.1	18177	18191	2
CP142619.1	18191	18195	3
CP142619.1	18195	18215	2
CP142619.1	18215	18241	3
CP142619.1	18241	18242	4
CP142619.1	18242	18253	3
CP142619.1	18253	18286	4
CP142619.1	18286	18301	3
CP142619.1	18301	18307	2
CP142619.1	18307	18313	1
CP142619.1	18313	18323	2
CP142619.1	18323	18332	1
CP142619.1	18332	18334	2
CP142619.1	18334	18445	1
CP142619.1	18445	18548	0
CP142619.1	18548	18563	1
CP142619.1	18563	18564	0
CP142619.1	18564	18634	1
CP142619.1	18634	18704	2
CP142619.1	18704	18718	1
CP142619.1	18718	18783	2
CP142619.1	18783	18787	1
CP142619.1	18787	18802	2
CP142619.1	18802	18818	3
CP142619.1	18818	18837	2
CP142619.1	18837	18931	1
CP142619.1	18931	18950	0
CP142619.1	18950	18976	1
CP142619.1	18976	18991	2
CP142619.1	18991	18992	1
CP142619.1	18992	19030	2
CP142619.1	19030	19034	1
CP142619.1	19034	19039	2
CP142619.1	19039	19041	1
CP142619.1	19041	19050	2
CP142619.1	19050	19062	1
CP142619.1	19062	19063	0
CP142619.1	19063	19128	1
CP142619.1	19128	19138	2
CP142619.1	19138	19142	1
CP142619.1	19142	19159	2
CP142619.1	19159	19194	1
CP142619.1	19194	19423	0
CP142619.1	19423	19433	1
CP142619.1	19433	19434	0
CP142619.1	19434	19493	1
CP142619.1	19493	19579	2
CP142619.1	19579	19581	1
CP142619.1	19581	19636	2
CP142619.1	19636	19654	1
CP142619.1	19654	19711	2
CP142619.1	19711	19791	1
CP142619.1	19791	19962	0
CP142619.1	19962	20073	1
CP142619.1	20073	20399	0
CP142619.1	20399	20442	1
CP142619.1	20442	20445	0
CP142619.1	20445	20449	1
CP142619.1	20449	20529	2
CP142619.1	20529	20607	1
CP142619.1	20607	20670	0
CP142619.1	20670	20674	1
CP142619.1	20674	20717	2
CP142619.1	20717	20785	3
CP142619.1	20785	20786	2
CP142619.1	20786	20799	1
CP142619.1	20799	20857	2
CP142619.1	20857	20861	1
CP142619.1	20861	20955	0
CP142619.1	20955	21015	1
CP142619.1	21015	21400	0
CP142619.1	21400	21433	1
CP142619.1	21433	21490	2
CP142619.1	21490	21562	1
CP142619.1	21562	21594	2
CP142619.1	21594	21620	1
CP142619.1	21620	22111	0
CP142619.1	22111	22149	1
CP142619.1	22149	22150	0
CP142619.1	22150	22203	1
CP142619.1	22203	22271	2
CP142619.1	22271	22286	1
CP142619.1	22286	22414	0
CP142619.1	22414	22474	1
CP142619.1	22474	22480	0
CP142619.1	22480	22499	1
CP142619.1	22499	22644	2
CP142619.1	22644	22665	1
CP142619.1	22665	22666	0
CP142619.1	22666	22675	1
CP142619.1	22675	22678	0
CP142619.1	22678	22730	1
CP142619.1	22730	22732	0
CP142619.1	22732	22761	1
CP142619.1	22761	22920	0
CP142619.1	22920	22987	1
CP142619.1	22987	23031	2
CP142619.1	23031	23039	0
CP142619.1	23039	23042	1
CP142619.1	23042	23044	2
CP142619.1	23044	23051	1
CP142619.1	23051	23092	2
CP142619.1	23092	23093	0
CP142619.1	23093	23101	1
CP142619.1	23101	23103	0
CP142619.1	23103	23176	1
CP142619.1	23176	23180	0
CP142619.1	23180	23184	1
CP142619.1	23184	23193	2
CP142619.1	23193	23194	1
CP142619.1	23194	23204	2
CP142619.1	23204	23237	1
CP142619.1	23237	23238	0
CP142619.1	23238	23247	2
CP142619.1	23247	23248	1
CP142619.1	23248	23254	2
CP142619.1	23254	23266	1
CP142619.1	23266	23268	0
CP142619.1	23268	23307	1
CP142619.1	23307	23328	2
CP142619.1	23328	23405	1
CP142619.1	23405	23462	2
CP142619.1	23462	23554	1
CP142619.1	23554	23917	0
CP142619.1	23917	23987	1
CP142619.1	23987	23988	0
CP142619.1	23988	24011	1
CP142619.1	24011	24018	0
CP142619.1	24018	24087	1
CP142619.1	24087	24088	0
CP142619.1	24088	24091	1
CP142619.1	24091	24221	0
CP142619.1	24221	24285	1
CP142619.1	24285	25005	0
CP142619.1	25005	25037	1
CP142619.1	25037	25039	0
CP142619.1	25039	25080	1
CP142619.1	25080	25258	2
CP142619.1	25258	25280	3
CP142619.1	25280	25361	2
CP142619.1	25361	25398	1
CP142619.1	25398	25710	0
CP142619.1	25710	25724	1
CP142619.1	25724	25893	2
CP142619.1	25893	25973	1
CP142619.1	25973	26072	0
CP142619.1	26072	26117	1
CP142619.1	26117	26132	2
CP142619.1	26132	26229	1
CP142619.1	26229	26287	2
CP142619.1	26287	26408	1
CP142619.1	26408	26469	0
CP142619.1	26469	26626	1
CP142619.1	26626	26646	2
CP142619.1	26646	26673	1
CP142619.1	26673	26875	0
CP142619.1	26875	26894	1
CP142619.1	26894	26921	2
CP142619.1	26921	26977	3
CP142619.1	26977	26978	2
CP142619.1	26978	26980	3
CP142619.1	26980	27037	2
CP142619.1	27037	27040	1
CP142619.1	27040	27218	0
CP142619.1	27218	27272	1
CP142619.1	27272	27273	0
CP142619.1	27273	27344	1
CP142619.1	27344	27352	2
CP142619.1	27352	27406	3
CP142619.1	27406	27432	2
CP142619.1	27432	27433	1
CP142619.1	27433	27446	2
CP142619.1	27446	27459	1
CP142619.1	27459	27515	0
CP142619.1	27515	27587	1
CP142619.1	27587	27616	2
CP142619.1	27616	27647	1
CP142619.1	27647	27708	2
CP142619.1	27708	27767	1
CP142619.1	27767	27786	2
CP142619.1	27786	27789	1
CP142619.1	27789	27791	0
CP142619.1	27791	27830	1
CP142619.1	27830	27834	0
CP142619.1	27834	27886	1
CP142619.1	27886	27982	0
CP142619.1	27982	28028	1
CP142619.1	28028	28032	0
CP142619.1	28032	28076	1
CP142619.1	28076	28093	2
CP142619.1	28093	28143	1
CP142619.1	28143	28167	2
CP142619.1	28167	28177	1
CP142619.1	28177	28196	2
CP142619.1	28196	28237	1
CP142619.1	28237	28240	2
CP142619.1	28240	28241	1
CP142619.1	28241	28272	2
CP142619.1	28272	28281	3
CP142619.1	28281	28362	2
CP142619.1	28362	28365	1
CP142619.1	28365	28367	0
CP142619.1	28367	28373	1
CP142619.1	28373	28377	0
CP142619.1	28377	28489	1
CP142619.1	28489	28638	0
CP142619.1	28638	28708	1
CP142619.1	28708	28898	0
CP142619.1	28898	29040	1
CP142619.1	29040	29096	2
CP142619.1	29096	29097	1
CP142619.1	29097	29101	2
CP142619.1	29101	29102	1
CP142619.1	29102	29103	2
CP142619.1	29103	29126	3
CP142619.1	29126	29128	2
CP142619.1	29128	29137	3
CP142619.1	29137	29175	2
CP142619.1	29175	29191	1
CP142619.1	29191	29192	0
CP142619.1	29192	29252	1
CP142619.1	29252	29329	2
CP142619.1	29329	29586	1
CP142619.1	29586	29945	0
CP142619.1	29945	30010	1
CP142619.1	30010	30024	0
CP142619.1	30024	30269	1
CP142619.1	30269	30339	0
CP142619.1	30339	30406	1
CP142619.1	30406	30521	2
CP142619.1	30521	30522	1
CP142619.1	30522	30575	2
CP142619.1	30575	30601	1
CP142619.1	30601	30648	2
CP142619.1	30648	30649	3
CP142619.1	30649	30727	2
CP142619.1	30727	30775	1
CP142619.1	30775	30914	0
CP142619.1	30914	30928	1
CP142619.1	30928	30935	0
CP142619.1	30935	30983	1
CP142619.1	30983	30984	0
CP142619.1	30984	31033	1
CP142619.1	31033	31039	0
CP142619.1	31039	31076	1
CP142619.1	31076	31099	0
CP142619.1	31099	31107	1
CP142619.1	31107	31108	0
CP142619.1	31108	31127	1
CP142619.1	31127	31128	0
CP142619.1	31128	31398	1
CP142619.1	31398	31419	2
CP142619.1	31419	31433	3
CP142619.1	31433	31503	2
CP142619.1	31503	31530	3
CP142619.1	31530	31533	2
CP142619.1	31533	31584	3
CP142619.1	31584	31612	4
CP142619.1	31612	31645	3
CP142619.1	31645	31667	2
CP142619.1	31667	31720	1
CP142619.1	31720	31722	0
CP142619.1	31722	31777	1
CP142619.1	31777	32131	0
CP142619.1	32131	32294	1
CP142619.1	32294	32297	0
CP142619.1	32297	32365	1
CP142619.1	32365	32768	0
CP142619.1	32768	32886	1
CP142619.1	32886	32898	0
CP142619.1	32898	32952	1
CP142619.1	32952	32954	0
CP142619.1	32954	32959	1
CP142619.1	32959	32960	0
CP142619.1	32960	33284	1
CP142619.1	33284	33289	0
CP142619.1	33289	33317	1
CP142619.1	33317	33674	0
CP142619.1	33674	33740	1
CP142619.1	33740	33741	0
CP142619.1	33741	33806	1
CP142619.1	33806	33811	2
CP142619.1	33811	33863	1
CP142619.1	33863	33867	0
CP142619.1	33867	33887	1
CP142619.1	33887	33888	0
CP142619.1	33888	33946	1
CP142619.1	33946	34188	0
CP142619.1	34188	34237	1
CP142619.1	34237	34240	0
CP142619.1	34240	34260	1
CP142619.1	34260	34436	0
CP142619.1	34436	34481	1
CP142619.1	34481	34485	0
CP142619.1	34485	34702	1
CP142619.1	34702	34711	2
CP142619.1	34711	34712	1
CP142619.1	34712	34749	2
CP142619.1	34749	34752	3
CP142619.1	34752	34755	2
CP142619.1	34755	34785	3
CP142619.1	34785	34786	2
CP142619.1	34786	34849	1
CP142619.1	34849	34850	2
CP142619.1	34850	34863	3
CP142619.1	34863	34864	1
CP142619.1	34864	34925	2
CP142619.1	34925	34970	1
CP142619.1	34970	35026	0
CP142619.1	35026	35124	1
CP142619.1	35124	35166	2
CP142619.1	35166	35186	1
CP142619.1	35186	35257	0
CP142619.1	35257	35337	1
CP142619.1	35337	35338	0
CP142619.1	35338	35361	1
CP142619.1	35361	35417	0
CP142619.1	35417	35494	1
CP142619.1	35494	35755	0
CP142619.1	35755	35830	1
CP142619.1	35830	35831	0
CP142619.1	35831	35924	1
CP142619.1	35924	35925	0
CP142619.1	35925	35953	1
CP142619.1	35953	35963	0
CP142619.1	35963	36067	1
CP142619.1	36067	36088	0
CP142619.1	36088	36143	1
CP142619.1	36143	36416	0
CP142619.1	36416	36487	1
CP142619.1	36487	36498	2
CP142619.1	36498	36612	1
CP142619.1	36612	36617	2
CP142619.1	36617	36711	1
CP142619.1	36711	36814	2
CP142619.1	36814	36815	1
CP142619.1	36815	36868	2
CP142619.1	36868	36870	1
CP142619.1	36870	36874	2
CP142619.1	36874	36937	1
CP142619.1	36937	37088	0
CP142619.1	37088	37157	1
CP142619.1	37157	37219	0
CP142619.1	37219	37336	1
CP142619.1	37336	37337	0
CP142619.1	37337	37362	1
CP142619.1	37362	37365	0
CP142619.1	37365	37385	1
CP142619.1	37385	37396	0
CP142619.1	37396	37449	1
CP142619.1	37449	37467	2
CP142619.1	37467	37475	1
CP142619.1	37475	37490	2
CP142619.1	37490	37491	1
CP142619.1	37491	37540	2
CP142619.1	37540	37557	1
CP142619.1	37557	37558	0
CP142619.1	37558	37623	1
CP142619.1	37623	37638	0
CP142619.1	37638	37791	1
CP142619.1	37791	37797	0
CP142619.1	37797	37856	1
CP142619.1	37856	37990	0
CP142619.1	37990	38025	1
CP142619.1	38025	38031	0
CP142619.1	38031	38060	1
CP142619.1	38060	38108	2
CP142619.1	38108	38115	1
CP142619.1	38115	38206	0
CP142619.1	38206	38288	1
CP142619.1	38288	38516	0
CP142619.1	38516	38680	1
CP142619.1	38680	38681	0
CP142619.1	38681	38682	1
CP142619.1	38682	38743	2
CP142619.1	38743	38760	3
CP142619.1	38760	38797	2
CP142619.1	38797	38798	1
CP142619.1	38798	38851	2
CP142619.1	38851	38867	3
CP142619.1	38867	38873	2
CP142619.1	38873	38944	3
CP142619.1	38944	38972	4
CP142619.1	38972	38996	3
CP142619.1	38996	39051	2
CP142619.1	39051	39079	1
CP142619.1	39079	39500	0
CP142619.1	39500	39538	1
CP142619.1	39538	39539	0
CP142619.1	39539	39596	1
CP142619.1	39596	39606	0
CP142619.1	39606	39782	1
CP142619.1	39782	39816	2
CP142619.1	39816	39817	1
CP142619.1	39817	39822	2
CP142619.1	39822	39828	1
CP142619.1	39828	39829	0
CP142619.1	39829	39886	1
CP142619.1	39886	39887	0
CP142619.1	39887	39910	1
CP142619.1	39910	39912	0
CP142619.1	39912	39943	1
CP142619.1	39943	39967	2
CP142619.1	39967	39988	1
CP142619.1	39988	40028	2
CP142619.1	40028	40029	1
CP142619.1	40029	40038	2
CP142619.1	40038	40041	1
CP142619.1	40041	40070	2
CP142619.1	40070	40071	1
CP142619.1	40071	40311	0
CP142619.1	40311	40473	1
CP142619.1	40473	40627	0
CP142619.1	40627	40669	1
CP142619.1	40669	40675	0
CP142619.1	40675	40732	1
CP142619.1	40732	40738	0
CP142619.1	40738	40792	1
CP142619.1	40792	41041	0
CP142619.1	41041	41100	1
CP142619.1	41100	41235	0
CP142619.1	41235	41360	1
CP142619.1	41360	41661	0
CP142619.1	41661	41669	1
CP142619.1	41669	41707	2
CP142619.1	41707	41717	3
CP142619.1	41717	41718	2
CP142619.1	41718	41739	3
CP142619.1	41739	41757	2
CP142619.1	41757	41791	1
CP142619.1	41791	41793	0
CP142619.1	41793	41824	1
CP142619.1	41824	41980	0
CP142619.1	41980	42081	1
CP142619.1	42081	42082	0
CP142619.1	42082	42097	1
CP142619.1	42097	42207	2
CP142619.1	42207	42263	1
CP142619.1	42263	42281	0
CP142619.1	42281	42330	1
CP142619.1	42330	42336	2
CP142619.1	42336	42386	1
CP142619.1	42386	42660	0
CP142619.1	42660	42706	1
CP142619.1	42706	42743	2
CP142619.1	42743	42744	1
CP142619.1	42744	42749	2
CP142619.1	42749	42837	1
CP142619.1	42837	42877	2
CP142619.1	42877	42878	1
CP142619.1	42878	42881	0
CP142619.1	42881	42930	1
CP142619.1	42930	42940	0
CP142619.1	42940	43027	1
CP142619.1	43027	43106	0
CP142619.1	43106	43263	1
CP142619.1	43263	43295	0
CP142619.1	43295	43330	1
CP142619.1	43330	43332	0
CP142619.1	43332	43378	1
CP142619.1	43378	43417	0
CP142619.1	43417	43464	1
CP142619.1	43464	43473	0
CP142619.1	43473	43519	1
CP142619.1	43519	43667	0
CP142619.1	43667	43742	1
CP142619.1	43742	43764	0
CP142619.1	43764	43843	1
CP142619.1	43843	43926	2
CP142619.1	43926	43954	1
CP142619.1	43954	43990	0
CP142619.1	43990	44062	1
CP142619.1	44062	44103	0
CP142619.1	44103	44236	1
CP142619.1	44236	44279	0
CP142619.1	44279	44290	1
CP142619.1	44290	44342	2
CP142619.1	44342	44343	1
CP142619.1	44343	44364	2
CP142619.1	44364	44533	1
CP142619.1	44533	44574	0
CP142619.1	44574	44611	1
CP142619.1	44611	44670	2
CP142619.1	44670	44737	1
CP142619.1	44737	44762	0
CP142619.1	44762	44833	1
CP142619.1	44833	45130	0
CP142619.1	45130	45220	1
CP142619.1	45220	45405	0
CP142619.1	45405	45443	1
CP142619.1	45443	46127	0
CP142619.1	46127	46231	1
CP142619.1	46231	46233	2
CP142619.1	46233	46257	3
CP142619.1	46257	46267	2
CP142619.1	46267	46283	3
CP142619.1	46283	46387	2
CP142619.1	46387	46492	1
CP142619.1	46492	46493	0
CP142619.1	46493	46545	1
CP142619.1	46545	46555	0
CP142619.1	46555	46609	1
CP142619.1	46609	46853	0
CP142619.1	46853	46965	1
CP142619.1	46965	46966	0
CP142619.1	46966	47027	1
CP142619.1	47027	47107	0
CP142619.1	47107	47137	1
CP142619.1	47137	47138	0
CP142619.1	47138	47224	1
CP142619.1	47224	47291	0
CP142619.1	47291	47371	1
CP142619.1	47371	47385	0
CP142619.1	47385	47420	1
CP142619.1	47420	47428	2
CP142619.1	47428	47429	1
CP142619.1	47429	47464	2
CP142619.1	47464	47494	1
CP142619.1	47494	47670	0
CP142619.1	47670	47730	1
CP142619.1	47730	47735	2
CP142619.1	47735	47866	1
CP142619.1	47866	47955	0
CP142619.1	47955	47997	1
CP142619.1	47997	48051	2
CP142619.1	48051	48119	1
CP142619.1	48119	48123	2
CP142619.1	48123	48139	3
CP142619.1	48139	48267	2
CP142619.1	48267	48273	1
CP142619.1	48273	48428	0
CP142619.1	48428	48619	1
CP142619.1	48619	48856	0
CP142619.1	48856	48884	1
CP142619.1	48884	48886	0
CP142619.1	48886	49021	1
CP142619.1	49021	49340	0
CP142619.1	49340	49401	1
CP142619.1	49401	49800	0
CP142619.1	49800	49847	1
CP142619.1	49847	50558	0
CP142619.1	50558	50589	1
CP142619.1	50589	50590	0
CP142619.1	50590	50647	1
CP142619.1	50647	50692	2
CP142619.1	50692	50721	1
CP142619.1	50721	50788	0
CP142619.1	50788	50867	1
CP142619.1	50867	51228	0
CP142619.1	51228	51271	1
CP142619.1	51271	51275	0
CP142619.1	51275	51350	1
CP142619.1	51350	51351	0
CP142619.1	51351	51373	1
CP142619.1	51373	51685	0
CP142619.1	51685	51740	1
CP142619.1	51740	51761	0
CP142619.1	51761	51765	1
CP142619.1	51765	51820	2
CP142619.1	51820	51821	1
CP142619.1	51821	51827	2
CP142619.1	51827	51957	1
CP142619.1	51957	52102	0
CP142619.1	52102	52181	1
CP142619.1	52181	52393	0
CP142619.1	52393	52423	1
CP142619.1	52423	52430	2
CP142619.1	52430	52467	3
CP142619.1	52467	52474	2
CP142619.1	52474	52552	1
CP142619.1	52552	52616	0
CP142619.1	52616	52617	1
CP142619.1	52617	52625	2
CP142619.1	52625	52657	3
CP142619.1	52657	52658	2
CP142619.1	52658	52666	3
CP142619.1	52666	52667	2
CP142619.1	52667	52670	3
CP142619.1	52670	52671	1
CP142619.1	52671	52672	3
CP142619.1	52672	52702	2
CP142619.1	52702	52719	1
CP142619.1	52719	52767	0
CP142619.1	52767	52874	1
CP142619.1	52874	52891	2
CP142619.1	52891	52894	1
CP142619.1	52894	52909	2
CP142619.1	52909	52957	3
CP142619.1	52957	52995	2
CP142619.1	52995	52996	1
CP142619.1	52996	53035	2
CP142619.1	53035	53082	1
CP142619.1	53082	53138	2
CP142619.1	53138	53141	1
CP142619.1	53141	53195	2
CP142619.1	53195	53211	1
CP142619.1	53211	53379	0
CP142619.1	53379	53504	1
CP142619.1	53504	53634	0
CP142619.1	53634	53659	1
CP142619.1	53659	53661	0
CP142619.1	53661	53712	1
CP142619.1	53712	53967	0
CP142619.1	53967	54025	1
CP142619.1	54025	54096	2
CP142619.1	54096	54098	1
CP142619.1	54098	54117	2
CP142619.1	54117	54199	1
CP142619.1	54199	54290	0
CP142619.1	54290	54335	1
CP142619.1	54335	54337	0
CP142619.1	54337	54352	1
CP142619.1	54352	54560	0
CP142619.1	54560	54579	1
CP142619.1	54579	54640	2
CP142619.1	54640	54658	1
CP142619.1	54658	54670	0
CP142619.1	54670	54787	1
CP142619.1	54787	54835	2
CP142619.1	54835	54888	1
CP142619.1	54888	54892	2
CP142619.1	54892	54894	1
CP142619.1	54894	54990	2
CP142619.1	54990	55007	1
CP142619.1	55007	55050	0
CP142619.1	55050	55178	1
CP142619.1	55178	55186	0
CP142619.1	55186	55280	1
CP142619.1	55280	55289	2
CP142619.1	55289	55297	3
CP142619.1	55297	55338	2
CP142619.1	55338	55459	1
CP142619.1	55459	55664	0
CP142619.1	55664	55788	1
CP142619.1	55788	55985	2
CP142619.1	55985	55992	1
CP142619.1	55992	56000	0
CP142619.1	56000	56014	1
CP142619.1	56014	56181	0
CP142619.1	56181	56236	1
CP142619.1	56236	56299	0
CP142619.1	56299	56330	1
CP142619.1	56330	56382	2
CP142619.1	56382	56403	1
CP142619.1	56403	56459	2
CP142619.1	56459	56501	1
CP142619.1	56501	56626	0
CP142619.1	56626	56813	1
CP142619.1	56813	57093	0
CP142619.1	57093	57147	1
CP142619.1	57147	57180	2
CP142619.1	57180	57193	3
CP142619.1	57193	57205	4
CP142619.1	57205	57251	3
CP142619.1	57251	57258	2
CP142619.1	57258	57259	0
CP142619.1	57259	57264	2
CP142619.1	57264	57309	3
CP142619.1	57309	57339	2
CP142619.1	57339	57340	1
CP142619.1	57340	57341	0
CP142619.1	57341	57469	1
CP142619.1	57469	57508	0
CP142619.1	57508	57707	1
CP142619.1	57707	57731	0
CP142619.1	57731	57737	1
CP142619.1	57737	57745	2
CP142619.1	57745	57780	3
CP142619.1	57780	57836	2
CP142619.1	57836	57863	3
CP142619.1	57863	57864	2
CP142619.1	57864	57920	3
CP142619.1	57920	57929	2
CP142619.1	57929	57932	1
CP142619.1	57932	57936	2
CP142619.1	57936	57950	3
CP142619.1	57950	57951	1
CP142619.1	57951	58003	3
CP142619.1	58003	58004	1
CP142619.1	58004	58005	0
CP142619.1	58005	58006	1
CP142619.1	58006	58007	2
CP142619.1	58007	58019	3
CP142619.1	58019	58024	4
CP142619.1	58024	58025	2
CP142619.1	58025	58031	4
CP142619.1	58031	58034	2
CP142619.1	58034	58065	3
CP142619.1	58065	58067	2
CP142619.1	58067	58073	1
CP142619.1	58073	58074	2
CP142619.1	58074	58083	3
CP142619.1	58083	58088	2
CP142619.1	58088	58121	3
CP142619.1	58121	58172	2
CP142619.1	58172	58186	1
CP142619.1	58186	58594	0
CP142619.1	58594	58618	1
CP142619.1	58618	58620	0
CP142619.1	58620	58656	1
CP142619.1	58656	58891	0
CP142619.1	58891	58951	1
CP142619.1	58951	59112	0
CP142619.1	59112	59254	1
CP142619.1	59254	59609	0
CP142619.1	59609	59631	1
CP142619.1	59631	59633	0
CP142619.1	59633	59653	1
CP142619.1	59653	59654	0
CP142619.1	59654	59680	1
CP142619.1	59680	59738	2
CP142619.1	59738	59796	1
CP142619.1	59796	59904	0
CP142619.1	59904	59994	1
CP142619.1	59994	60005	2
CP142619.1	60005	60006	1
CP142619.1	60006	60050	2
CP142619.1	60050	60090	1
CP142619.1	60090	60091	2
CP142619.1	60091	60142	1
CP142619.1	60142	60146	0
CP142619.1	60146	60273	1
CP142619.1	60273	60312	0
CP142619.1	60312	60389	1
CP142619.1	60389	60404	0
CP142619.1	60404	60447	1
CP142619.1	60447	60525	2
CP142619.1	60525	60526	1
CP142619.1	60526	60563	2
CP142619.1	60563	60567	1
CP142619.1	60567	60570	2
CP142619.1	60570	60573	1
CP142619.1	60573	60597	2
CP142619.1	60597	60632	1
CP142619.1	60632	60637	0
CP142619.1	60637	60651	1
CP142619.1	60651	60654	0
CP142619.1	60654	60692	1
CP142619.1	60692	60743	0
CP142619.1	60743	60796	1
CP142619.1	60796	60959	0
CP142619.1	60959	61021	1
CP142619.1	61021	61024	0
CP142619.1	61024	61185	1
CP142619.1	61185	61188	0
CP142619.1	61188	61237	1
CP142619.1	61237	61325	0
CP142619.1	61325	61332	1
CP142619.1	61332	61376	2
CP142619.1	61376	61377	1
CP142619.1	61377	61411	2
CP142619.1	61411	61412	1
CP142619.1	61412	61419	2
CP142619.1	61419	61420	1
CP142619.1	61420	61430	2
CP142619.1	61430	61433	1
CP142619.1	61433	61472	2
CP142619.1	61472	61495	1
CP142619.1	61495	61698	0
CP142619.1	61698	61756	1
CP142619.1	61756	61766	2
CP142619.1	61766	61778	3
CP142619.1	61778	61780	2
CP142619.1	61780	61781	3
CP142619.1	61781	61784	2
CP142619.1	61784	61795	3
CP142619.1	61795	61819	2
CP142619.1	61819	61877	1
CP142619.1	61877	61879	0
CP142619.1	61879	61889	1
CP142619.1	61889	61928	2
CP142619.1	61928	61944	3
CP142619.1	61944	61973	2
CP142619.1	61973	62169	1
CP142619.1	62169	62227	2
CP142619.1	62227	62279	1
CP142619.1	62279	62280	0
CP142619.1	62280	62345	1
CP142619.1	62345	62437	0
CP142619.1	62437	62455	1
CP142619.1	62455	62490	2
CP142619.1	62490	62602	1
CP142619.1	62602	62607	0
CP142619.1	62607	62753	1
CP142619.1	62753	62945	0
CP142619.1	62945	62978	1
CP142619.1	62978	62981	0
CP142619.1	62981	62986	1
CP142619.1	62986	62997	2
CP142619.1	62997	62998	1
CP142619.1	62998	63007	2
CP142619.1	63007	63008	1
CP142619.1	63008	63015	2
CP142619.1	63015	63019	1
CP142619.1	63019	63092	2
CP142619.1	63092	63153	1
CP142619.1	63153	63173	2
CP142619.1	63173	63174	0
CP142619.1	63174	63245	2
CP142619.1	63245	63277	1
CP142619.1	63277	63413	0
CP142619.1	63413	63414	1
CP142619.1	63414	63541	2
CP142619.1	63541	63555	1
CP142619.1	63555	63714	0
CP142619.1	63714	63824	1
CP142619.1	63824	63827	0
CP142619.1	63827	63839	1
CP142619.1	63839	63844	0
CP142619.1	63844	63884	1
CP142619.1	63884	64463	0
CP142619.1	64463	64563	1
CP142619.1	64563	64602	2
CP142619.1	64602	64660	1
CP142619.1	64660	64749	0
CP142619.1	64749	64842	1
CP142619.1	64842	64944	0
CP142619.1	64944	65045	1
CP142619.1	65045	65117	0
CP142619.1	65117	65189	1
CP142619.1	65189	65291	0
CP142619.1	65291	65348	1
CP142619.1	65348	65569	0
CP142619.1	65569	65753	1
CP142619.1	65753	65931	0
CP142619.1	65931	65958	1
CP142619.1	65958	66010	2
CP142619.1	66010	66011	1
CP142619.1	66011	66013	0
CP142619.1	66013	66090	1
CP142619.1	66090	66327	0
CP142619.1	66327	66339	1
CP142619.1	66339	66364	2
CP142619.1	66364	66366	1
CP142619.1	66366	66409	2
CP142619.1	66409	66422	3
CP142619.1	66422	66440	2
CP142619.1	66440	66466	3
CP142619.1	66466	66520	2
CP142619.1	66520	66649	1
CP142619.1	66649	67245	0
CP142619.1	67245	67317	1
CP142619.1	67317	67320	0
CP142619.1	67320	67353	1
CP142619.1	67353	67354	0
CP142619.1	67354	67372	1
CP142619.1	67372	67442	2
CP142619.1	67442	67446	1
CP142619.1	67446	67467	2
CP142619.1	67467	67518	1
CP142619.1	67518	68191	0
CP142619.1	68191	68249	1
CP142619.1	68249	68898	0
CP142619.1	68898	69012	1
CP142619.1	69012	69028	2
CP142619.1	69028	69056	1
CP142619.1	69056	69057	0
CP142619.1	69057	69235	1
CP142619.1	69235	69275	2
CP142619.1	69275	69278	1
CP142619.1	69278	69348	2
CP142619.1	69348	69397	3
CP142619.1	69397	69419	2
CP142619.1	69419	69454	3
CP142619.1	69454	69455	1
CP142619.1	69455	69479	3
CP142619.1	69479	69482	2
CP142619.1	69482	69495	3
CP142619.1	69495	69496	1
CP142619.1	69496	69497	2
CP142619.1	69497	69498	3
CP142619.1	69498	69521	2
CP142619.1	69521	69525	1
CP142619.1	69525	69552	2
CP142619.1	69552	69615	3
CP142619.1	69615	69617	0
CP142619.1	69617	69618	2
CP142619.1	69618	69628	3
CP142619.1	69628	69664	2
CP142619.1	69664	69668	3
CP142619.1	69668	69689	2
CP142619.1	69689	69690	1
CP142619.1	69690	69715	2
CP142619.1	69715	69734	3
CP142619.1	69734	69754	2
CP142619.1	69754	69785	3
CP142619.1	69785	69788	2
CP142619.1	69788	69796	3
CP142619.1	69796	69797	2
CP142619.1	69797	69803	3
CP142619.1	69803	69807	2
CP142619.1	69807	69823	3
CP142619.1	69823	69824	2
CP142619.1	69824	69825	3
CP142619.1	69825	69827	2
CP142619.1	69827	69835	3
CP142619.1	69835	69869	2
CP142619.1	69869	69871	1
CP142619.1	69871	69877	0
CP142619.1	69877	69878	1
CP142619.1	69878	69889	2
CP142619.1	69889	69890	0
CP142619.1	69890	69910	2
CP142619.1	69910	69919	1
CP142619.1	69919	70253	0
CP142619.1	70253	70320	1
CP142619.1	70320	70328	0
CP142619.1	70328	70382	1
CP142619.1	70382	70574	0
CP142619.1	70574	70672	1
CP142619.1	70672	70755	2
CP142619.1	70755	70863	0
CP142619.1	70863	70911	1
CP142619.1	70911	70961	2
CP142619.1	70961	70962	3
CP142619.1	70962	70966	4
CP142619.1	70966	70972	2
CP142619.1	70972	70974	1
CP142619.1	70974	70989	2
CP142619.1	70989	71001	3
CP142619.1	71001	71002	2
CP142619.1	71002	71016	3
CP142619.1	71016	71017	2
CP142619.1	71017	71021	3
CP142619.1	71021	71065	2
CP142619.1	71065	71078	1
CP142619.1	71078	71080	2
CP142619.1	71080	71085	3
CP142619.1	71085	71091	2
CP142619.1	71091	71153	3
CP142619.1	71153	71181	2
CP142619.1	71181	71260	1
CP142619.1	71260	71292	0
CP142619.1	71292	71327	1
CP142619.1	71327	71386	2
CP142619.1	71386	71480	1
CP142619.1	71480	71481	0
CP142619.1	71481	71512	1
CP142619.1	71512	71545	0
CP142619.1	71545	71585	1
CP142619.1	71585	71594	0
CP142619.1	71594	71619	1
CP142619.1	71619	71680	2
CP142619.1	71680	71681	1
CP142619.1	71681	71731	2
CP142619.1	71731	71736	1
CP142619.1	71736	71738	2
CP142619.1	71738	71857	1
CP142619.1	71857	71962	0
CP142619.1	71962	72144	1
CP142619.1	72144	72256	0
CP142619.1	72256	72293	1
CP142619.1	72293	72372	2
CP142619.1	72372	72391	1
CP142619.1	72391	72500	0
CP142619.1	72500	72519	1
CP142619.1	72519	72539	2
CP142619.1	72539	72612	3
CP142619.1	72612	72638	2
CP142619.1	72638	72689	1
CP142619.1	72689	72858	0
CP142619.1	72858	73028	1
CP142619.1	73028	73030	0
CP142619.1	73030	73054	1
CP142619.1	73054	73150	0
CP142619.1	73150	73188	1
CP142619.1	73188	73213	2
CP142619.1	73213	73214	1
CP142619.1	73214	73238	2
CP142619.1	73238	73247	3
CP142619.1	73247	73267	2
CP142619.1	73267	73292	3
CP142619.1	73292	73297	1
CP142619.1	73297	73318	3
CP142619.1	73318	73319	2
CP142619.1	73319	73331	3
CP142619.1	73331	73339	4
CP142619.1	73339	73340	3
CP142619.1	73340	73363	4
CP142619.1	73363	73369	3
CP142619.1	73369	73414	2
CP142619.1	73414	73415	1
CP142619.1	73415	73430	2
CP142619.1	73430	73434	1
CP142619.1	73434	73600	0
CP142619.1	73600	73657	1
CP142619.1	73657	73666	0
CP142619.1	73666	73669	1
CP142619.1	73669	73675	0
CP142619.1	73675	73743	1
CP142619.1	73743	73872	0
CP142619.1	73872	74008	1
CP142619.1	74008	74023	0
CP142619.1	74023	74069	1
CP142619.1	74069	74141	0
CP142619.1	74141	74214	1
CP142619.1	74214	74217	0
CP142619.1	74217	74294	1
CP142619.1	74294	74779	0
CP142619.1	74779	74815	1
CP142619.1	74815	74818	0
CP142619.1	74818	74850	1
CP142619.1	74850	75314	0
CP142619.1	75314	75423	1
CP142619.1	75423	75425	0
CP142619.1	75425	75474	1
CP142619.1	75474	75619	0
CP142619.1	75619	75625	1
CP142619.1	75625	75723	2
CP142619.1	75723	75725	1
CP142619.1	75725	75763	2
CP142619.1	75763	75849	1
CP142619.1	75849	75850	0
CP142619.1	75850	75907	1
CP142619.1	75907	75945	2
CP142619.1	75945	76130	1
CP142619.1	76130	76165	0
CP142619.1	76165	76239	1
CP142619.1	76239	76253	2
CP142619.1	76253	76264	1
CP142619.1	76264	76266	2
CP142619.1	76266	76271	3
CP142619.1	76271	76323	4
CP142619.1	76323	76341	3
CP142619.1	76341	76347	2
CP142619.1	76347	76355	3
CP142619.1	76355	76363	4
CP142619.1	76363	76364	3
CP142619.1	76364	76400	4
CP142619.1	76400	76417	3
CP142619.1	76417	76420	2
CP142619.1	76420	76421	1
CP142619.1	76421	76448	2
CP142619.1	76448	76475	1
CP142619.1	76475	76485	2
CP142619.1	76485	76486	0
CP142619.1	76486	76524	2
CP142619.1	76524	76525	1
CP142619.1	76525	76534	2
CP142619.1	76534	76538	1
CP142619.1	76538	76620	0
CP142619.1	76620	76681	1
CP142619.1	76681	76683	0
CP142619.1	76683	76696	1
CP142619.1	76696	76697	0
CP142619.1	76697	76731	1
CP142619.1	76731	76807	0
CP142619.1	76807	77001	1
CP142619.1	77001	77128	0
CP142619.1	77128	77214	1
CP142619.1	77214	77292	0
CP142619.1	77292	77424	1
CP142619.1	77424	77516	0
CP142619.1	77516	77556	1
CP142619.1	77556	77578	0
CP142619.1	77578	77644	1
CP142619.1	77644	78233	0
CP142619.1	78233	78286	1
CP142619.1	78286	78386	0
CP142619.1	78386	78493	1
CP142619.1	78493	78509	0
CP142619.1	78509	78608	1
CP142619.1	78608	78609	0
CP142619.1	78609	78612	1
CP142619.1	78612	79174	0
CP142619.1	79174	79219	1
CP142619.1	79219	79393	0
CP142619.1	79393	79476	1
CP142619.1	79476	80271	0
CP142619.1	80271	80341	1
CP142619.1	80341	80453	0
CP142619.1	80453	80474	1
CP142619.1	80474	80517	2
CP142619.1	80517	80522	1
CP142619.1	80522	80525	0
CP142619.1	80525	80726	1
CP142619.1	80726	80764	0
CP142619.1	80764	80938	1
CP142619.1	80938	80941	2
CP142619.1	80941	81052	1
CP142619.1	81052	81192	0
CP142619.1	81192	81197	1
CP142619.1	81197	81203	2
CP142619.1	81203	81240	3
CP142619.1	81240	81281	2
CP142619.1	81281	81282	1
CP142619.1	81282	81302	2
CP142619.1	81302	81309	1
CP142619.1	81309	81310	0
CP142619.1	81310	81413	1
CP142619.1	81413	81427	0
CP142619.1	81427	81496	1
CP142619.1	81496	81501	0
CP142619.1	81501	81536	1
CP142619.1	81536	81968	0
CP142619.1	81968	82004	1
CP142619.1	82004	82011	2
CP142619.1	82011	82012	1
CP142619.1	82012	82014	2
CP142619.1	82014	82019	3
CP142619.1	82019	82046	4
CP142619.1	82046	82049	3
CP142619.1	82049	82054	4
CP142619.1	82054	82055	2
CP142619.1	82055	82057	3
CP142619.1	82057	82076	4
CP142619.1	82076	82077	3
CP142619.1	82077	82100	2
CP142619.1	82100	82107	1
CP142619.1	82107	82142	2
CP142619.1	82142	82160	1
CP142619.1	82160	82167	2
CP142619.1	82167	82253	1
CP142619.1	82253	82290	0
CP142619.1	82290	82355	1
CP142619.1	82355	82485	2
CP142619.1	82485	82497	0
CP142619.1	82497	82548	2
CP142619.1	82548	82624	1
CP142619.1	82624	82703	0
CP142619.1	82703	82709	1
CP142619.1	82709	82792	2
CP142619.1	82792	82906	1
CP142619.1	82906	82909	0
CP142619.1	82909	82972	1
CP142619.1	82972	82973	0
CP142619.1	82973	83030	1
CP142619.1	83030	83240	0
CP142619.1	83240	83259	1
CP142619.1	83259	83260	0
CP142619.1	83260	83348	1
CP142619.1	83348	83349	0
CP142619.1	83349	83403	1
CP142619.1	83403	83473	0
CP142619.1	83473	83521	1
CP142619.1	83521	83550	0
CP142619.1	83550	83646	1
CP142619.1	83646	83655	2
CP142619.1	83655	83763	3
CP142619.1	83763	83771	2
CP142619.1	83771	83807	1
CP142619.1	83807	83808	0
CP142619.1	83808	83821	1
CP142619.1	83821	83822	0
CP142619.1	83822	83859	1
CP142619.1	83859	84325	0
CP142619.1	84325	84438	1
CP142619.1	84438	84456	2
CP142619.1	84456	84458	1
CP142619.1	84458	84552	2
CP142619.1	84552	84555	3
CP142619.1	84555	84556	2
CP142619.1	84556	84592	3
CP142619.1	84592	84593	2
CP142619.1	84593	84594	1
CP142619.1	84594	84625	2
CP142619.1	84625	84627	1
CP142619.1	84627	85108	0
CP142619.1	85108	85164	1
CP142619.1	85164	85783	0
CP142619.1	85783	85852	1
CP142619.1	85852	85902	2
CP142619.1	85902	85980	1
CP142619.1	85980	86045	0
CP142619.1	86045	86089	1
CP142619.1	86089	86090	0
CP142619.1	86090	86101	1
CP142619.1	86101	86102	0
CP142619.1	86102	86346	1
CP142619.1	86346	86520	0
CP142619.1	86520	86555	1
CP142619.1	86555	86557	0
CP142619.1	86557	86568	1
CP142619.1	86568	86569	0
CP142619.1	86569	86601	1
CP142619.1	86601	86605	0
CP142619.1	86605	86648	1
CP142619.1	86648	87220	0
CP142619.1	87220	87387	1
CP142619.1	87387	87393	2
CP142619.1	87393	87408	3
CP142619.1	87408	87411	2
CP142619.1	87411	87446	3
CP142619.1	87446	87461	2
CP142619.1	87461	87464	3
CP142619.1	87464	87469	2
CP142619.1	87469	87478	1
CP142619.1	87478	87509	2
CP142619.1	87509	87609	1
CP142619.1	87609	87610	0
CP142619.1	87610	87647	1
CP142619.1	87647	87677	0
CP142619.1	87677	87772	1
CP142619.1	87772	87773	0
CP142619.1	87773	87798	1
CP142619.1	87798	87799	0
CP142619.1	87799	87815	1
CP142619.1	87815	87817	0
CP142619.1	87817	87867	1
CP142619.1	87867	87920	2
CP142619.1	87920	87962	1
CP142619.1	87962	88075	0
CP142619.1	88075	88245	1
CP142619.1	88245	88563	0
CP142619.1	88563	88790	1
CP142619.1	88790	88812	2
CP142619.1	88812	88879	1
CP142619.1	88879	88881	0
CP142619.1	88881	88997	1
CP142619.1	88997	89005	0
CP142619.1	89005	89122	1
CP142619.1	89122	89440	0
CP142619.1	89440	89483	1
CP142619.1	89483	89540	0
CP142619.1	89540	89609	1
CP142619.1	89609	89645	2
CP142619.1	89645	89757	1
CP142619.1	89757	90032	0
CP142619.1	90032	90141	1
CP142619.1	90141	90184	0
CP142619.1	90184	90293	1
CP142619.1	90293	90304	2
CP142619.1	90304	90314	1
CP142619.1	90314	90346	2
CP142619.1	90346	90347	0
CP142619.1	90347	90349	1
CP142619.1	90349	90408	2
CP142619.1	90408	90427	1
CP142619.1	90427	90436	0
CP142619.1	90436	90451	1
CP142619.1	90451	90454	0
CP142619.1	90454	90459	1
CP142619.1	90459	90529	2
CP142619.1	90529	90535	1
CP142619.1	90535	90580	0
CP142619.1	90580	90626	1
CP142619.1	90626	90636	2
CP142619.1	90636	90669	1
CP142619.1	90669	90821	0
CP142619.1	90821	91051	1
CP142619.1	91051	91169	0
CP142619.1	91169	91222	1
CP142619.1	91222	91280	2
CP142619.1	91280	91315	1
CP142619.1	91315	91764	0
CP142619.1	91764	91839	1
CP142619.1	91839	91875	0
CP142619.1	91875	91933	1
CP142619.1	91933	92150	0
CP142619.1	92150	92154	1
CP142619.1	92154	92155	0
CP142619.1	92155	92228	1
CP142619.1	92228	92589	0
CP142619.1	92589	92661	1
CP142619.1	92661	92955	0
CP142619.1	92955	93030	1
CP142619.1	93030	93032	2
CP142619.1	93032	93065	1
CP142619.1	93065	93066	0
CP142619.1	93066	93095	1
CP142619.1	93095	93142	2
CP142619.1	93142	93144	1
CP142619.1	93144	93158	3
CP142619.1	93158	93176	2
CP142619.1	93176	93189	3
CP142619.1	93189	93229	2
CP142619.1	93229	93287	1
CP142619.1	93287	93290	0
CP142619.1	93290	93361	1
CP142619.1	93361	93545	0
CP142619.1	93545	93668	1
CP142619.1	93668	93694	0
CP142619.1	93694	93751	1
CP142619.1	93751	93778	2
CP142619.1	93778	93807	1
CP142619.1	93807	93914	0
CP142619.1	93914	94070	1
CP142619.1	94070	94071	0
CP142619.1	94071	94088	1
CP142619.1	94088	94119	2
CP142619.1	94119	94136	1
CP142619.1	94136	94162	0
CP142619.1	94162	94230	1
CP142619.1	94230	94536	0
CP142619.1	94536	94618	1
CP142619.1	94618	94619	0
CP142619.1	94619	94712	1
CP142619.1	94712	94789	0
CP142619.1	94789	94876	1
CP142619.1	94876	94930	2
CP142619.1	94930	94935	3
CP142619.1	94935	94943	2
CP142619.1	94943	94944	1
CP142619.1	94944	94993	2
CP142619.1	94993	95015	1
CP142619.1	95015	95057	2
CP142619.1	95057	95097	1
CP142619.1	95097	95219	0
CP142619.1	95219	95444	1
CP142619.1	95444	95544	0
CP142619.1	95544	95599	1
CP142619.1	95599	95675	0
CP142619.1	95675	95734	1
CP142619.1	95734	95800	0
CP142619.1	95800	95852	1
CP142619.1	95852	95982	0
CP142619.1	95982	95998	1
CP142619.1	95998	95999	0
CP142619.1	95999	96006	1
CP142619.1	96006	96041	2
CP142619.1	96041	96042	1
CP142619.1	96042	96133	2
CP142619.1	96133	96147	1
CP142619.1	96147	96181	2
CP142619.1	96181	96190	1
CP142619.1	96190	96223	2
CP142619.1	96223	96224	1
CP142619.1	96224	96225	0
CP142619.1	96225	96226	2
CP142619.1	96226	96257	3
CP142619.1	96257	96258	2
CP142619.1	96258	96269	3
CP142619.1	96269	96270	2
CP142619.1	96270	96273	3
CP142619.1	96273	96274	1
CP142619.1	96274	96298	3
CP142619.1	96298	96299	1
CP142619.1	96299	96315	3
CP142619.1	96315	96337	2
CP142619.1	96337	96338	1
CP142619.1	96338	96357	2
CP142619.1	96357	96374	1
CP142619.1	96374	96444	0
CP142619.1	96444	96466	1
CP142619.1	96466	96468	0
CP142619.1	96468	96476	1
CP142619.1	96476	96511	2
CP142619.1	96511	96512	1
CP142619.1	96512	96554	2
CP142619.1	96554	96555	1
CP142619.1	96555	96575	2
CP142619.1	96575	96578	1
CP142619.1	96578	96587	2
CP142619.1	96587	96630	1
CP142619.1	96630	96633	0
CP142619.1	96633	96721	1
CP142619.1	96721	96783	2
CP142619.1	96783	96784	1
CP142619.1	96784	96798	2
CP142619.1	96798	96848	1
CP142619.1	96848	96869	2
CP142619.1	96869	96878	3
CP142619.1	96878	96915	2
CP142619.1	96915	96916	1
CP142619.1	96916	96933	2
CP142619.1	96933	96937	3
CP142619.1	96937	96967	2
CP142619.1	96967	97013	1
CP142619.1	97013	97015	0
CP142619.1	97015	97107	1
CP142619.1	97107	97207	2
CP142619.1	97207	97268	1
CP142619.1	97268	97270	2
CP142619.1	97270	97319	1
CP142619.1	97319	97332	2
CP142619.1	97332	97337	3
CP142619.1	97337	97338	2
CP142619.1	97338	97387	3
CP142619.1	97387	97391	2
CP142619.1	97391	97465	3
CP142619.1	97465	97540	2
CP142619.1	97540	97595	1
CP142619.1	97595	97779	0
CP142619.1	97779	97849	1
CP142619.1	97849	97857	0
CP142619.1	97857	97948	1
CP142619.1	97948	97995	2
CP142619.1	97995	98020	1
CP142619.1	98020	98179	0
CP142619.1	98179	98270	1
CP142619.1	98270	98318	0
CP142619.1	98318	98355	1
CP142619.1	98355	98356	0
CP142619.1	98356	98411	1
CP142619.1	98411	98465	0
CP142619.1	98465	98524	1
CP142619.1	98524	98579	2
CP142619.1	98579	98581	1
CP142619.1	98581	98630	2
CP142619.1	98630	98632	1
CP142619.1	98632	98690	2
CP142619.1	98690	98691	1
CP142619.1	98691	98883	0
CP142619.1	98883	98903	1
CP142619.1	98903	98963	2
CP142619.1	98963	99006	1
CP142619.1	99006	99016	2
CP142619.1	99016	99260	1
CP142619.1	99260	99261	0
CP142619.1	99261	99515	1
CP142619.1	99515	99736	0
CP142619.1	99736	99808	1
CP142619.1	99808	99837	0
CP142619.1	99837	99930	1
CP142619.1	99930	100159	0
CP142619.1	100159	100314	1
CP142619.1	100314	100343	2
CP142619.1	100343	100385	3
CP142619.1	100385	100425	2
CP142619.1	100425	100426	1
CP142619.1	100426	100432	2
CP142619.1	100432	100664	1
CP142619.1	100664	100784	2
CP142619.1	100784	100899	1
CP142619.1	100899	100900	0
CP142619.1	100900	100958	1
CP142619.1	100958	101506	0
CP142619.1	101506	101585	1
CP142619.1	101585	101602	0
CP142619.1	101602	101835	1
CP142619.1	101835	102105	0
CP142619.1	102105	102326	1
CP142619.1	102326	102327	0
CP142619.1	102327	102372	1
CP142619.1	102372	102824	0
CP142619.1	102824	102874	1
CP142619.1	102874	102881	0
CP142619.1	102881	102897	1
CP142619.1	102897	102900	0
CP142619.1	102900	102935	1
CP142619.1	102935	102959	0
CP142619.1	102959	103001	1
CP142619.1	103001	103015	0
CP142619.1	103015	103116	1
CP142619.1	103116	103273	0
CP142619.1	103273	103287	1
CP142619.1	103287	103373	2
CP142619.1	103373	103429	1
CP142619.1	103429	103483	0
CP142619.1	103483	103500	1
CP142619.1	103500	103545	2
CP142619.1	103545	103562	1
CP142619.1	103562	103712	0
CP142619.1	103712	103749	1
CP142619.1	103749	103819	2
CP142619.1	103819	103830	3
CP142619.1	103830	103866	2
CP142619.1	103866	103868	1
CP142619.1	103868	103875	3
CP142619.1	103875	103876	2
CP142619.1	103876	103897	3
CP142619.1	103897	103900	2
CP142619.1	103900	103950	3
CP142619.1	103950	103958	2
CP142619.1	103958	103966	3
CP142619.1	103966	103967	1
CP142619.1	103967	103992	3
CP142619.1	103992	104013	2
CP142619.1	104013	104088	1
CP142619.1	104088	104095	2
CP142619.1	104095	104112	1
CP142619.1	104112	104207	2
CP142619.1	104207	104300	1
CP142619.1	104300	104553	0
CP142619.1	104553	104584	1
CP142619.1	104584	104629	2
CP142619.1	104629	104632	1
CP142619.1	104632	104678	2
CP142619.1	104678	104778	1
CP142619.1	104778	105377	0
CP142619.1	105377	105503	1
CP142619.1	105503	105504	0
CP142619.1	105504	105540	1
CP142619.1	105540	105573	2
CP142619.1	105573	105606	3
CP142619.1	105606	105660	2
CP142619.1	105660	105669	1
CP142619.1	105669	105708	2
CP142619.1	105708	105770	1
CP142619.1	105770	105799	0
CP142619.1	105799	105808	1
CP142619.1	105808	105810	0
CP142619.1	105810	105965	1
CP142619.1	105965	105968	0
CP142619.1	105968	106096	1
CP142619.1	106096	106101	0
CP142619.1	106101	106103	1
CP142619.1	106103	106106	0
CP142619.1	106106	106151	1
CP142619.1	106151	106949	0
CP142619.1	106949	107027	1
CP142619.1	107027	107057	0
CP142619.1	107057	107068	1
CP142619.1	107068	107075	2
CP142619.1	107075	107076	1
CP142619.1	107076	107108	2
CP142619.1	107108	107133	1
CP142619.1	107133	107202	0
CP142619.1	107202	107217	1
CP142619.1	107217	107278	2
CP142619.1	107278	107310	3
CP142619.1	107310	107311	2
CP142619.1	107311	107313	3
CP142619.1	107313	107353	2
CP142619.1	107353	107365	1
CP142619.1	107365	107368	0
CP142619.1	107368	107398	1
CP142619.1	107398	107451	0
CP142619.1	107451	107527	1
CP142619.1	107527	107531	0
CP142619.1	107531	107542	1
CP142619.1	107542	107546	0
CP142619.1	107546	107645	1
CP142619.1	107645	107699	0
CP142619.1	107699	107700	1
CP142619.1	107700	107717	2
CP142619.1	107717	107718	1
CP142619.1	107718	107729	2
CP142619.1	107729	107730	1
CP142619.1	107730	107784	2
CP142619.1	107784	107832	1
CP142619.1	107832	107835	0
CP142619.1	107835	107940	1
CP142619.1	107940	107941	0
CP142619.1	107941	107964	1
CP142619.1	107964	108163	0
CP142619.1	108163	108236	1
CP142619.1	108236	108319	0
CP142619.1	108319	108358	1
CP142619.1	108358	108378	2
CP142619.1	108378	108379	1
CP142619.1	108379	108423	2
CP142619.1	108423	108472	1
CP142619.1	108472	108562	0
CP142619.1	108562	108801	1
CP142619.1	108801	108869	0
CP142619.1	108869	109178	1
CP142619.1	109178	109193	2
CP142619.1	109193	109253	1
CP142619.1	109253	109608	0
CP142619.1	109608	109663	1
CP142619.1	109663	109868	0
CP142619.1	109868	110116	1
CP142619.1	110116	110331	0
CP142619.1	110331	110422	1
CP142619.1	110422	111098	0
CP142619.1	111098	111176	1
CP142619.1	111176	111349	0
CP142619.1	111349	111358	1
CP142619.1	111358	111360	0
CP142619.1	111360	111408	1
CP142619.1	111408	111668	0
CP142619.1	111668	111750	1
CP142619.1	111750	111849	0
CP142619.1	111849	111873	1
CP142619.1	111873	111878	0
CP142619.1	111878	111960	1
CP142619.1	111960	111968	2
CP142619.1	111968	111991	3
CP142619.1	111991	111992	2
CP142619.1	111992	111999	3
CP142619.1	111999	112000	2
CP142619.1	112000	112018	3
CP142619.1	112018	112019	2
CP142619.1	112019	112060	3
CP142619.1	112060	112084	2
CP142619.1	112084	112096	1
CP142619.1	112096	112097	0
CP142619.1	112097	112103	1
CP142619.1	112103	112121	2
CP142619.1	112121	112122	1
CP142619.1	112122	112153	2
CP142619.1	112153	112306	1
CP142619.1	112306	112307	0
CP142619.1	112307	112316	1
CP142619.1	112316	112817	0
CP142619.1	112817	112934	1
CP142619.1	112934	112942	0
CP142619.1	112942	112968	1
CP142619.1	112968	112969	0
CP142619.1	112969	113037	1
CP142619.1	113037	113168	0
CP142619.1	113168	113349	1
CP142619.1	113349	113408	2
CP142619.1	113408	113456	1
CP142619.1	113456	113457	0
CP142619.1	113457	113461	1
CP142619.1	113461	113494	2
CP142619.1	113494	113504	1
CP142619.1	113504	113592	2
CP142619.1	113592	113594	3
CP142619.1	113594	113597	2
CP142619.1	113597	113598	3
CP142619.1	113598	113656	2
CP142619.1	113656	113668	1
CP142619.1	113668	113678	2
CP142619.1	113678	113687	3
CP142619.1	113687	113716	4
CP142619.1	113716	113721	3
CP142619.1	113721	113750	4
CP142619.1	113750	113751	3
CP142619.1	113751	113820	2
CP142619.1	113820	113881	1
CP142619.1	113881	113930	2
CP142619.1	113930	113933	3
CP142619.1	113933	114002	2
CP142619.1	114002	114084	1
CP142619.1	114084	114484	0
CP142619.1	114484	114489	1
CP142619.1	114489	114568	2
CP142619.1	114568	114620	1
CP142619.1	114620	114677	2
CP142619.1	114677	114680	3
CP142619.1	114680	114718	2
CP142619.1	114718	114796	1
CP142619.1	114796	114812	0
CP142619.1	114812	114980	1
CP142619.1	114980	115191	0
CP142619.1	115191	115355	1
CP142619.1	115355	115666	0
CP142619.1	115666	115672	1
CP142619.1	115672	115775	2
CP142619.1	115775	115779	1
CP142619.1	115779	116190	0
CP142619.1	116190	116367	1
CP142619.1	116367	116411	2
CP142619.1	116411	116499	1
CP142619.1	116499	116544	0
CP142619.1	116544	116746	1
CP142619.1	116746	116869	0
CP142619.1	116869	116886	1
CP142619.1	116886	116887	0
CP142619.1	116887	116993	1
CP142619.1	116993	117009	2
CP142619.1	117009	117010	1
CP142619.1	117010	117016	2
CP142619.1	117016	117040	3
CP142619.1	117040	117087	4
CP142619.1	117087	117098	3
CP142619.1	117098	117162	2
CP142619.1	117162	117165	1
CP142619.1	117165	117208	2
CP142619.1	117208	117209	3
CP142619.1	117209	117211	2
CP142619.1	117211	117244	1
CP142619.1	117244	117255	3
CP142619.1	117255	117256	2
CP142619.1	117256	117257	0
CP142619.1	117257	117258	1
CP142619.1	117258	117261	2
CP142619.1	117261	117320	3
CP142619.1	117320	117325	2
CP142619.1	117325	117352	4
CP142619.1	117352	117353	3
CP142619.1	117353	117372	4
CP142619.1	117372	117376	3
CP142619.1	117376	117378	2
CP142619.1	117378	117436	3
CP142619.1	117436	117452	2
CP142619.1	117452	117453	3
CP142619.1	117453	117454	2
CP142619.1	117454	117467	3
CP142619.1	117467	117468	2
CP142619.1	117468	117469	1
CP142619.1	117469	117517	2
CP142619.1	117517	117521	1
CP142619.1	117521	117532	2
CP142619.1	117532	117604	1
CP142619.1	117604	117605	0
CP142619.1	117605	117638	1
CP142619.1	117638	117712	0
CP142619.1	117712	117780	1
CP142619.1	117780	117821	0
CP142619.1	117821	117934	1
CP142619.1	117934	117960	2
CP142619.1	117960	118135	1
CP142619.1	118135	118404	0
CP142619.1	118404	118557	1
CP142619.1	118557	118561	0
CP142619.1	118561	118602	1
CP142619.1	118602	118605	0
CP142619.1	118605	118729	1
CP142619.1	118729	118793	0
CP142619.1	118793	118899	1
CP142619.1	118899	118901	0
CP142619.1	118901	118915	1
CP142619.1	118915	118919	0
CP142619.1	118919	118948	1
CP142619.1	118948	119086	0
CP142619.1	119086	119164	1
CP142619.1	119164	119694	0
CP142619.1	119694	119738	1
CP142619.1	119738	119739	0
CP142619.1	119739	119786	1
CP142619.1	119786	119789	0
CP142619.1	119789	119829	1
CP142619.1	119829	119881	0
CP142619.1	119881	119936	1
CP142619.1	119936	120001	2
CP142619.1	120001	120005	1
CP142619.1	120005	120061	2
CP142619.1	120061	120214	1
CP142619.1	120214	120238	2
CP142619.1	120238	120322	1
CP142619.1	120322	120370	2
CP142619.1	120370	120376	1
CP142619.1	120376	120379	0
CP142619.1	120379	120414	2
CP142619.1	120414	120443	3
CP142619.1	120443	120444	2
CP142619.1	120444	120475	3
CP142619.1	120475	120482	2
CP142619.1	120482	120483	0
CP142619.1	120483	120525	1
CP142619.1	120525	120530	2
CP142619.1	120530	120532	1
CP142619.1	120532	120555	2
CP142619.1	120555	120611	1
CP142619.1	120611	120713	0
CP142619.1	120713	120788	1
CP142619.1	120788	120830	2
CP142619.1	120830	120831	0
CP142619.1	120831	120833	1
CP142619.1	120833	120909	2
CP142619.1	120909	120931	1
CP142619.1	120931	120933	2
CP142619.1	120933	120934	1
CP142619.1	120934	120958	2
CP142619.1	120958	120995	1
CP142619.1	120995	121127	0
CP142619.1	121127	121131	1
CP142619.1	121131	121247	2
CP142619.1	121247	121251	1
CP142619.1	121251	121278	2
CP142619.1	121278	121279	1
CP142619.1	121279	121280	2
CP142619.1	121280	121299	3
CP142619.1	121299	121315	2
CP142619.1	121315	121316	1
CP142619.1	121316	121334	2
CP142619.1	121334	121337	1
CP142619.1	121337	121404	2
CP142619.1	121404	121406	3
CP142619.1	121406	121418	2
CP142619.1	121418	121419	1
CP142619.1	121419	121436	2
CP142619.1	121436	121437	1
CP142619.1	121437	121453	2
CP142619.1	121453	121465	1
CP142619.1	121465	121474	2
CP142619.1	121474	121505	1
CP142619.1	121505	121507	0
CP142619.1	121507	121565	1
CP142619.1	121565	121674	0
CP142619.1	121674	121677	1
CP142619.1	121677	121768	2
CP142619.1	121768	121793	1
CP142619.1	121793	121980	0
CP142619.1	121980	122058	1
CP142619.1	122058	122064	0
CP142619.1	122064	122138	1
CP142619.1	122138	122164	2
CP142619.1	122164	122165	1
CP142619.1	122165	122183	2
CP142619.1	122183	122192	1
CP142619.1	122192	122206	2
CP142619.1	122206	122218	3
CP142619.1	122218	122232	2
CP142619.1	122232	122234	1
CP142619.1	122234	122308	2
CP142619.1	122308	122344	1
CP142619.1	122344	122444	0
CP142619.1	122444	122516	1
CP142619.1	122516	122518	0
CP142619.1	122518	122554	1
CP142619.1	122554	122714	0
CP142619.1	122714	122744	1
CP142619.1	122744	122745	0
CP142619.1	122745	122754	1
CP142619.1	122754	122755	0
CP142619.1	122755	122802	1
CP142619.1	122802	122940	0
CP142619.1	122940	123134	1
CP142619.1	123134	123208	2
CP142619.1	123208	123216	3
CP142619.1	123216	123255	4
CP142619.1	123255	123292	3
CP142619.1	123292	123326	2
CP142619.1	123326	123371	1
CP142619.1	123371	123475	2
CP142619.1	123475	123518	1
CP142619.1	123518	123592	0
CP142619.1	123592	123618	1
CP142619.1	123618	123619	0
CP142619.1	123619	123701	1
CP142619.1	123701	123702	0
CP142619.1	123702	123839	1
CP142619.1	123839	124025	0
CP142619.1	124025	124339	1
CP142619.1	124339	124524	0
CP142619.1	124524	124695	1
CP142619.1	124695	124696	0
CP142619.1	124696	124697	1
CP142619.1	124697	124714	2
CP142619.1	124714	124793	1
CP142619.1	124793	124794	0
CP142619.1	124794	124821	1
CP142619.1	124821	124996	0
CP142619.1	124996	125007	1
CP142619.1	125007	125013	2
CP142619.1	125013	125014	1
CP142619.1	125014	125064	2
CP142619.1	125064	125087	1
CP142619.1	125087	125180	0
CP142619.1	125180	125245	1
CP142619.1	125245	125328	0
CP142619.1	125328	125396	1
CP142619.1	125396	125398	0
CP142619.1	125398	125414	1
CP142619.1	125414	125415	0
CP142619.1	125415	125433	1
CP142619.1	125433	125503	2
CP142619.1	125503	125518	3
CP142619.1	125518	125521	2
CP142619.1	125521	125537	1
CP142619.1	125537	125538	0
CP142619.1	125538	125719	1
CP142619.1	125719	125748	2
CP142619.1	125748	125749	1
CP142619.1	125749	125757	2
CP142619.1	125757	125758	1
CP142619.1	125758	125761	2
CP142619.1	125761	125778	1
CP142619.1	125778	125847	2
CP142619.1	125847	125954	1
CP142619.1	125954	125968	2
CP142619.1	125968	126005	1
CP142619.1	126005	126006	0
CP142619.1	126006	126036	1
CP142619.1	126036	126110	0
CP142619.1	126110	126262	1
CP142619.1	126262	126283	0
CP142619.1	126283	126327	1
CP142619.1	126327	126328	0
CP142619.1	126328	126428	1
CP142619.1	126428	126429	0
CP142619.1	126429	126445	1
CP142619.1	126445	126446	0
CP142619.1	126446	126485	1
CP142619.1	126485	126493	0
CP142619.1	126493	126600	1
CP142619.1	126600	126604	0
CP142619.1	126604	126638	1
CP142619.1	126638	126990	0
CP142619.1	126990	127190	1
CP142619.1	127190	127222	0
CP142619.1	127222	127289	1
CP142619.1	127289	127344	0
CP142619.1	127344	127415	1
CP142619.1	127415	127504	0
CP142619.1	127504	127570	1
CP142619.1	127570	127668	0
CP142619.1	127668	127707	1
CP142619.1	127707	127708	0
CP142619.1	127708	127848	1
CP142619.1	127848	127849	0
CP142619.1	127849	127887	1
CP142619.1	127887	127888	0
CP142619.1	127888	127921	1
CP142619.1	127921	127979	0
CP142619.1	127979	128086	1
CP142619.1	128086	128114	2
CP142619.1	128114	128198	1
CP142619.1	128198	128199	0
CP142619.1	128199	128220	1
CP142619.1	128220	128405	0
CP142619.1	128405	128579	1
CP142619.1	128579	128588	2
CP142619.1	128588	128655	3
CP142619.1	128655	128658	2
CP142619.1	128658	128676	1
CP142619.1	128676	128678	0
CP142619.1	128678	128715	1
CP142619.1	128715	128716	0
CP142619.1	128716	128720	1
CP142619.1	128720	128723	0
CP142619.1	128723	128828	1
CP142619.1	128828	129432	0
CP142619.1	129432	129553	1
CP142619.1	129553	129773	0
CP142619.1	129773	129894	1
CP142619.1	129894	130010	0
CP142619.1	130010	130113	1
CP142619.1	130113	130114	0
CP142619.1	130114	130140	1
CP142619.1	130140	130357	0
CP142619.1	130357	130403	1
CP142619.1	130403	130433	2
CP142619.1	130433	130437	1
CP142619.1	130437	130447	2
CP142619.1	130447	130464	3
CP142619.1	130464	130475	2
CP142619.1	130475	130522	1
CP142619.1	130522	130524	0
CP142619.1	130524	130553	1
CP142619.1	130553	130570	0
CP142619.1	130570	130664	1
CP142619.1	130664	130665	0
CP142619.1	130665	130734	1
CP142619.1	130734	130797	0
CP142619.1	130797	130861	1
CP142619.1	130861	130863	0
CP142619.1	130863	130919	1
CP142619.1	130919	131448	0
CP142619.1	131448	131496	1
CP142619.1	131496	131503	2
CP142619.1	131503	131504	1
CP142619.1	131504	131545	2
CP142619.1	131545	131546	1
CP142619.1	131546	131594	2
CP142619.1	131594	131596	1
CP142619.1	131596	131626	2
CP142619.1	131626	131633	1
CP142619.1	131633	131644	2
CP142619.1	131644	131646	3
CP142619.1	131646	131661	2
CP142619.1	131661	131662	1
CP142619.1	131662	131686	2
CP142619.1	131686	131689	1
CP142619.1	131689	131712	2
CP142619.1	131712	131733	1
CP142619.1	131733	131793	0
CP142619.1	131793	131852	1
CP142619.1	131852	131919	0
CP142619.1	131919	131954	1
CP142619.1	131954	131974	2
CP142619.1	131974	131975	1
CP142619.1	131975	131984	2
CP142619.1	131984	131991	1
CP142619.1	131991	132025	2
CP142619.1	132025	132063	3
CP142619.1	132063	132105	2
CP142619.1	132105	132118	1
CP142619.1	132118	132119	0
CP142619.1	132119	132157	1
CP142619.1	132157	132169	2
CP142619.1	132169	132174	1
CP142619.1	132174	132287	2
CP142619.1	132287	132432	1
CP142619.1	132432	132912	0
CP142619.1	132912	132956	1
CP142619.1	132956	132991	2
CP142619.1	132991	133020	1
CP142619.1	133020	133083	0
CP142619.1	133083	133223	1
CP142619.1	133223	133224	0
CP142619.1	133224	133232	1
CP142619.1	133232	133465	0
CP142619.1	133465	133579	1
CP142619.1	133579	133904	0
CP142619.1	133904	133915	1
CP142619.1	133915	133982	2
CP142619.1	133982	134058	1
CP142619.1	134058	134093	0
CP142619.1	134093	134210	1
CP142619.1	134210	134234	0
CP142619.1	134234	134238	1
CP142619.1	134238	134301	2
CP142619.1	134301	134313	3
CP142619.1	134313	134314	2
CP142619.1	134314	134335	3
CP142619.1	134335	134353	2
CP142619.1	134353	134354	1
CP142619.1	134354	134355	0
CP142619.1	134355	134384	2
CP142619.1	134384	134403	1
CP142619.1	134403	134611	0
CP142619.1	134611	134697	1
CP142619.1	134697	134737	2
CP142619.1	134737	134763	3
CP142619.1	134763	134830	4
CP142619.1	134830	134844	3
CP142619.1	134844	134849	2
CP142619.1	134849	134850	3
CP142619.1	134850	134858	4
CP142619.1	134858	134901	3
CP142619.1	134901	134910	4
CP142619.1	134910	134911	3
CP142619.1	134911	134913	2
CP142619.1	134913	134952	1
CP142619.1	134952	134973	0
CP142619.1	134973	135056	1
CP142619.1	135056	135152	0
CP142619.1	135152	135190	1
CP142619.1	135190	135221	0
CP142619.1	135221	135357	1
CP142619.1	135357	135534	0
CP142619.1	135534	135589	1
CP142619.1	135589	135593	0
CP142619.1	135593	135736	1
CP142619.1	135736	136476	0
CP142619.1	136476	136580	1
CP142619.1	136580	136893	0
CP142619.1	136893	136897	1
CP142619.1	136897	136985	2
CP142619.1	136985	137030	3
CP142619.1	137030	137039	2
CP142619.1	137039	137193	1
CP142619.1	137193	137490	0
CP142619.1	137490	137506	1
CP142619.1	137506	137507	0
CP142619.1	137507	137562	1
CP142619.1	137562	137566	0
CP142619.1	137566	137569	1
CP142619.1	137569	137570	0
CP142619.1	137570	137574	1
CP142619.1	137574	137584	2
CP142619.1	137584	137614	3
CP142619.1	137614	137618	2
CP142619.1	137618	137648	3
CP142619.1	137648	137697	2
CP142619.1	137697	137698	1
CP142619.1	137698	137718	2
CP142619.1	137718	137759	1
CP142619.1	137759	137801	2
CP142619.1	137801	137802	1
CP142619.1	137802	137820	2
CP142619.1	137820	137844	1
CP142619.1	137844	138066	0
CP142619.1	138066	138201	1
CP142619.1	138201	138313	0
CP142619.1	138313	138355	1
CP142619.1	138355	138358	0
CP142619.1	138358	138409	1
CP142619.1	138409	138575	0
CP142619.1	138575	138681	1
CP142619.1	138681	138706	2
CP142619.1	138706	138790	1
CP142619.1	138790	138791	2
CP142619.1	138791	138818	1
CP142619.1	138818	138851	2
CP142619.1	138851	138861	1
CP142619.1	138861	138895	2
CP142619.1	138895	138953	1
CP142619.1	138953	138979	2
CP142619.1	138979	139001	1
CP142619.1	139001	139033	2
CP142619.1	139033	139068	1
CP142619.1	139068	139226	0
CP142619.1	139226	139376	1
CP142619.1	139376	139487	0
CP142619.1	139487	139550	1
CP142619.1	139550	139555	2
CP142619.1	139555	139569	1
CP142619.1	139569	139570	2
CP142619.1	139570	139579	3
CP142619.1	139579	139612	4
CP142619.1	139612	139613	3
CP142619.1	139613	139627	4
CP142619.1	139627	139628	3
CP142619.1	139628	139634	2
CP142619.1	139634	139655	1
CP142619.1	139655	139724	0
CP142619.1	139724	139728	1
CP142619.1	139728	139778	2
CP142619.1	139778	139802	1
CP142619.1	139802	139903	0
CP142619.1	139903	139908	1
CP142619.1	139908	139976	2
CP142619.1	139976	140131	1
CP142619.1	140131	140156	2
CP142619.1	140156	140157	1
CP142619.1	140157	140186	2
CP142619.1	140186	140255	1
CP142619.1	140255	140256	0
CP142619.1	140256	140289	1
CP142619.1	140289	140441	0
CP142619.1	140441	140461	1
CP142619.1	140461	140470	2
CP142619.1	140470	140479	3
CP142619.1	140479	140485	4
CP142619.1	140485	140518	5
CP142619.1	140518	140521	4
CP142619.1	140521	140550	5
CP142619.1	140550	140562	4
CP142619.1	140562	140563	3
CP142619.1	140563	140564	2
CP142619.1	140564	140574	3
CP142619.1	140574	140606	2
CP142619.1	140606	140607	1
CP142619.1	140607	140637	2
CP142619.1	140637	140650	3
CP142619.1	140650	140651	2
CP142619.1	140651	140685	3
CP142619.1	140685	140693	2
CP142619.1	140693	140740	1
CP142619.1	140740	140931	0
CP142619.1	140931	140944	2
CP142619.1	140944	141001	3
CP142619.1	141001	141074	2
CP142619.1	141074	141077	1
CP142619.1	141077	141114	0
CP142619.1	141114	141175	1
CP142619.1	141175	141247	2
CP142619.1	141247	141353	1
CP142619.1	141353	142235	0
CP142619.1	142235	142263	1
CP142619.1	142263	142264	0
CP142619.1	142264	142322	1
CP142619.1	142322	142350	0
CP142619.1	142350	142444	1
CP142619.1	142444	142445	0
CP142619.1	142445	142527	1
CP142619.1	142527	142528	0
CP142619.1	142528	142585	1
CP142619.1	142585	142586	0
CP142619.1	142586	142617	1
CP142619.1	142617	142638	2
CP142619.1	142638	142639	1
CP142619.1	142639	142675	2
CP142619.1	142675	142677	1
CP142619.1	142677	142716	2
CP142619.1	142716	142736	1
CP142619.1	142736	142737	0
CP142619.1	142737	142763	1
CP142619.1	142763	142820	0
CP142619.1	142820	142858	1
CP142619.1	142858	142859	0
CP142619.1	142859	142899	1
CP142619.1	142899	143038	0
CP142619.1	143038	143109	1
CP142619.1	143109	143317	0
CP142619.1	143317	143365	1
CP142619.1	143365	143366	0
CP142619.1	143366	143463	1
CP142619.1	143463	143700	0
CP142619.1	143700	143727	1
CP142619.1	143727	143730	0
CP142619.1	143730	143743	1
CP142619.1	143743	143744	0
CP142619.1	143744	144021	1
CP142619.1	144021	144024	0
CP142619.1	144024	144113	1
CP142619.1	144113	144117	0
CP142619.1	144117	144138	1
CP142619.1	144138	144142	2
CP142619.1	144142	144200	3
CP142619.1	144200	144202	2
CP142619.1	144202	144222	3
CP142619.1	144222	144226	2
CP142619.1	144226	144247	1
CP142619.1	144247	144250	0
CP142619.1	144250	144273	1
CP142619.1	144273	144343	0
CP142619.1	144343	144448	1
CP142619.1	144448	144452	2
CP142619.1	144452	144453	0
CP142619.1	144453	144573	2
CP142619.1	144573	144658	1
CP142619.1	144658	145196	0
CP142619.1	145196	145383	1
CP142619.1	145383	145420	2
CP142619.1	145420	145423	1
CP142619.1	145423	145483	2
CP142619.1	145483	145502	1
CP142619.1	145502	145596	0
CP142619.1	145596	145738	1
CP142619.1	145738	145961	0
CP142619.1	145961	146073	1
CP142619.1	146073	146074	0
CP142619.1	146074	146087	1
CP142619.1	146087	146091	0
CP142619.1	146091	146152	1
CP142619.1	146152	146311	0
CP142619.1	146311	146445	1
CP142619.1	146445	146529	0
CP142619.1	146529	146547	1
CP142619.1	146547	146548	0
CP142619.1	146548	146607	1
CP142619.1	146607	146854	0
CP142619.1	146854	146967	1
CP142619.1	146967	147129	0
CP142619.1	147129	147195	1
CP142619.1	147195	147217	2
CP142619.1	147217	147223	1
CP142619.1	147223	147282	2
CP142619.1	147282	147319	1
CP142619.1	147319	147521	0
CP142619.1	147521	147608	1
CP142619.1	147608	147617	0
CP142619.1	147617	147653	1
CP142619.1	147653	147656	0
CP142619.1	147656	147701	1
CP142619.1	147701	147703	0
CP142619.1	147703	147710	1
CP142619.1	147710	147714	2
CP142619.1	147714	147715	1
CP142619.1	147715	147773	2
CP142619.1	147773	147801	1
CP142619.1	147801	147834	0
CP142619.1	147834	147930	1
CP142619.1	147930	147938	0
CP142619.1	147938	148033	1
CP142619.1	148033	148095	0
CP142619.1	148095	148154	1
CP142619.1	148154	148158	0
CP142619.1	148158	148218	1
CP142619.1	148218	148327	0
CP142619.1	148327	148384	1
CP142619.1	148384	148450	0
CP142619.1	148450	148705	1
CP142619.1	148705	148742	0
CP142619.1	148742	148865	1
CP142619.1	148865	149415	0
CP142619.1	149415	149506	1
CP142619.1	149506	149662	0
CP142619.1	149662	149692	1
CP142619.1	149692	149693	0
CP142619.1	149693	149732	1
CP142619.1	149732	149733	2
CP142619.1	149733	149766	3
CP142619.1	149766	149775	2
CP142619.1	149775	149780	3
CP142619.1	149780	149798	2
CP142619.1	149798	149799	1
CP142619.1	149799	149993	0
CP142619.1	149993	149997	1
CP142619.1	149997	150025	2
CP142619.1	150025	150074	3
CP142619.1	150074	150140	4
CP142619.1	150140	150148	3
CP142619.1	150148	150167	2
CP142619.1	150167	150196	3
CP142619.1	150196	150197	0
CP142619.1	150197	150222	2
CP142619.1	150222	150237	1
CP142619.1	150237	150263	0
CP142619.1	150263	150468	1
CP142619.1	150468	150788	0
CP142619.1	150788	150818	1
CP142619.1	150818	150820	0
CP142619.1	150820	150967	1
CP142619.1	150967	150998	0
CP142619.1	150998	151025	1
CP142619.1	151025	151026	0
CP142619.1	151026	151073	1
CP142619.1	151073	151091	0
CP142619.1	151091	151148	1
CP142619.1	151148	151149	0
CP142619.1	151149	151282	1
CP142619.1	151282	151316	0
CP142619.1	151316	151366	1
CP142619.1	151366	151367	0
CP142619.1	151367	151468	1
CP142619.1	151468	151525	2
CP142619.1	151525	151527	3
CP142619.1	151527	151531	2
CP142619.1	151531	151534	3
CP142619.1	151534	151535	2
CP142619.1	151535	151558	3
CP142619.1	151558	151579	2
CP142619.1	151579	151583	1
CP142619.1	151583	151641	2
CP142619.1	151641	151642	1
CP142619.1	151642	151644	2
CP142619.1	151644	151645	1
CP142619.1	151645	151660	2
CP142619.1	151660	151661	1
CP142619.1	151661	151675	2
CP142619.1	151675	151680	1
CP142619.1	151680	151681	0
CP142619.1	151681	151846	1
CP142619.1	151846	152024	0
CP142619.1	152024	152135	1
CP142619.1	152135	152195	0
CP142619.1	152195	152205	1
CP142619.1	152205	152235	2
CP142619.1	152235	152276	3
CP142619.1	152276	152280	2
CP142619.1	152280	152313	3
CP142619.1	152313	152349	2
CP142619.1	152349	152357	1
CP142619.1	152357	152410	2
CP142619.1	152410	152411	1
CP142619.1	152411	152435	2
CP142619.1	152435	152490	1
CP142619.1	152490	152671	0
CP142619.1	152671	152682	1
CP142619.1	152682	152993	2
CP142619.1	152993	152994	1
CP142619.1	152994	153023	2
CP142619.1	153023	153076	1
CP142619.1	153076	153246	0
CP142619.1	153246	153474	1
CP142619.1	153474	153494	0
CP142619.1	153494	153525	1
CP142619.1	153525	153527	0
CP142619.1	153527	153577	1
CP142619.1	153577	153588	0
CP142619.1	153588	153640	1
CP142619.1	153640	153745	0
CP142619.1	153745	153800	1
CP142619.1	153800	154082	0
CP142619.1	154082	154126	1
CP142619.1	154126	154131	0
CP142619.1	154131	154362	1
CP142619.1	154362	154363	0
CP142619.1	154363	154444	1
CP142619.1	154444	154484	0
CP142619.1	154484	154622	1
CP142619.1	154622	154623	0
CP142619.1	154623	154722	1
CP142619.1	154722	154866	0
CP142619.1	154866	154919	1
CP142619.1	154919	155142	0
CP142619.1	155142	155202	1
CP142619.1	155202	155417	0
CP142619.1	155417	155495	1
CP142619.1	155495	155499	0
CP142619.1	155499	155609	1
CP142619.1	155609	155783	0
CP142619.1	155783	155851	1
CP142619.1	155851	156499	0
CP142619.1	156499	156609	1
CP142619.1	156609	156631	2
CP142619.1	156631	156643	3
CP142619.1	156643	156650	2
CP142619.1	156650	156670	3
CP142619.1	156670	156697	2
CP142619.1	156697	156709	1
CP142619.1	156709	157200	0
CP142619.1	157200	157304	1
CP142619.1	157304	157330	0
CP142619.1	157330	157361	1
CP142619.1	157361	157370	0
CP142619.1	157370	157449	1
CP142619.1	157449	157904	0
CP142619.1	157904	157962	1
CP142619.1	157962	158002	0
CP142619.1	158002	158024	1
CP142619.1	158024	158056	2
CP142619.1	158056	158159	1
CP142619.1	158159	158206	2
CP142619.1	158206	158217	3
CP142619.1	158217	158236	4
CP142619.1	158236	158252	5
CP142619.1	158252	158258	3
CP142619.1	158258	158260	2
CP142619.1	158260	158286	3
CP142619.1	158286	158290	4
CP142619.1	158290	158291	2
CP142619.1	158291	158350	4
CP142619.1	158350	158357	3
CP142619.1	158357	158398	2
CP142619.1	158398	158400	1
CP142619.1	158400	158404	2
CP142619.1	158404	158436	1
CP142619.1	158436	158676	0
CP142619.1	158676	158686	1
CP142619.1	158686	158689	0
CP142619.1	158689	158816	1
CP142619.1	158816	158820	0
CP142619.1	158820	158920	1
CP142619.1	158920	159510	0
CP142619.1	159510	159584	1
CP142619.1	159584	159599	2
CP142619.1	159599	159602	1
CP142619.1	159602	159603	0
CP142619.1	159603	159641	2
CP142619.1	159641	159644	1
CP142619.1	159644	159652	0
CP142619.1	159652	159726	1
CP142619.1	159726	159734	2
CP142619.1	159734	159774	1
CP142619.1	159774	159775	0
CP142619.1	159775	159814	1
CP142619.1	159814	160078	0
CP142619.1	160078	160296	1
CP142619.1	160296	160457	0
CP142619.1	160457	160495	1
CP142619.1	160495	160501	0
CP142619.1	160501	160590	1
CP142619.1	160590	160663	2
CP142619.1	160663	160681	3
CP142619.1	160681	160698	2
CP142619.1	160698	160699	1
CP142619.1	160699	160714	2
CP142619.1	160714	160745	1
CP142619.1	160745	160771	0
CP142619.1	160771	160772	1
CP142619.1	160772	160879	2
CP142619.1	160879	160938	3
CP142619.1	160938	160953	2
CP142619.1	160953	160957	1
CP142619.1	160957	160984	2
CP142619.1	160984	160994	3
CP142619.1	160994	161029	4
CP142619.1	161029	161051	3
CP142619.1	161051	161118	2
CP142619.1	161118	161130	1
CP142619.1	161130	161290	0
CP142619.1	161290	161323	1
CP142619.1	161323	161324	0
CP142619.1	161324	161416	1
CP142619.1	161416	161417	0
CP142619.1	161417	161470	1
CP142619.1	161470	161471	0
CP142619.1	161471	161508	1
CP142619.1	161508	161537	2
CP142619.1	161537	161546	3
CP142619.1	161546	161576	4
CP142619.1	161576	161599	3
CP142619.1	161599	161662	2
CP142619.1	161662	161688	3
CP142619.1	161688	161691	2
CP142619.1	161691	161697	3
CP142619.1	161697	161759	2
CP142619.1	161759	161765	3
CP142619.1	161765	161915	2
CP142619.1	161915	161923	1
CP142619.1	161923	161929	0
CP142619.1	161929	161982	1
CP142619.1	161982	161993	2
CP142619.1	161993	162006	3
CP142619.1	162006	162009	2
CP142619.1	162009	162019	3
CP142619.1	162019	162041	2
CP142619.1	162041	162120	1
CP142619.1	162120	162122	0
CP142619.1	162122	162158	1
CP142619.1	162158	162378	0
CP142619.1	162378	162383	1
CP142619.1	162383	162461	2
CP142619.1	162461	162522	1
CP142619.1	162522	162523	0
CP142619.1	162523	162531	1
CP142619.1	162531	162535	0
CP142619.1	162535	162596	1
CP142619.1	162596	162669	0
CP142619.1	162669	162678	1
CP142619.1	162678	162679	0
CP142619.1	162679	162714	1
CP142619.1	162714	162715	0
CP142619.1	162715	162748	1
CP142619.1	162748	162753	0
CP142619.1	162753	162797	1
CP142619.1	162797	163414	0
CP142619.1	163414	163493	1
CP142619.1	163493	163543	0
CP142619.1	163543	163620	1
CP142619.1	163620	163800	0
CP142619.1	163800	163856	1
CP142619.1	163856	163958	2
CP142619.1	163958	163970	1
CP142619.1	163970	163971	2
CP142619.1	163971	163972	1
CP142619.1	163972	164077	2
CP142619.1	164077	164133	1
CP142619.1	164133	164142	0
CP142619.1	164142	164188	1
CP142619.1	164188	165046	0
CP142619.1	165046	165083	1
CP142619.1	165083	165084	0
CP142619.1	165084	165095	1
CP142619.1	165095	165107	0
CP142619.1	165107	165139	1
CP142619.1	165139	165160	2
CP142619.1	165160	165166	1
CP142619.1	165166	165231	2
CP142619.1	165231	165232	0
CP142619.1	165232	165291	2
CP142619.1	165291	165314	1
CP142619.1	165314	165331	2
CP142619.1	165331	165335	3
CP142619.1	165335	165456	2
CP142619.1	165456	165622	1
CP142619.1	165622	165623	0
CP142619.1	165623	165692	1
CP142619.1	165692	165883	0
CP142619.1	165883	165936	1
CP142619.1	165936	165995	0
CP142619.1	165995	166029	1
CP142619.1	166029	166082	2
CP142619.1	166082	166163	3
CP142619.1	166163	166177	2
CP142619.1	166177	166181	3
CP142619.1	166181	166210	2
CP142619.1	166210	166228	3
CP142619.1	166228	166229	2
CP142619.1	166229	166284	3
CP142619.1	166284	166298	2
CP142619.1	166298	166305	1
CP142619.1	166305	166313	0
CP142619.1	166313	166321	2
CP142619.1	166321	166328	1
CP142619.1	166328	166351	2
CP142619.1	166351	166352	1
CP142619.1	166352	166400	2
CP142619.1	166400	166488	1
CP142619.1	166488	166492	0
CP142619.1	166492	166570	1
CP142619.1	166570	166571	0
CP142619.1	166571	166725	1
CP142619.1	166725	166975	0
CP142619.1	166975	167140	1
CP142619.1	167140	167166	2
CP142619.1	167166	167168	0
CP142619.1	167168	167191	1
CP142619.1	167191	167260	2
CP142619.1	167260	167291	1
CP142619.1	167291	167358	0
CP142619.1	167358	167422	1
CP142619.1	167422	167614	0
CP142619.1	167614	167650	1
CP142619.1	167650	167653	0
CP142619.1	167653	167674	1
CP142619.1	167674	167677	0
CP142619.1	167677	167712	1
CP142619.1	167712	167742	2
CP142619.1	167742	167800	1
CP142619.1	167800	167832	2
CP142619.1	167832	167836	1
CP142619.1	167836	167845	0
CP142619.1	167845	167910	1
CP142619.1	167910	168158	0
CP142619.1	168158	168187	1
CP142619.1	168187	168192	0
CP142619.1	168192	168229	1
CP142619.1	168229	168726	0
CP142619.1	168726	168820	1
CP142619.1	168820	168840	2
CP142619.1	168840	168883	1
CP142619.1	168883	168889	0
CP142619.1	168889	168937	1
CP142619.1	168937	168938	0
CP142619.1	168938	168958	1
CP142619.1	168958	168959	0
CP142619.1	168959	169132	1
CP142619.1	169132	169465	0
CP142619.1	169465	169476	1
CP142619.1	169476	169487	2
CP142619.1	169487	169489	1
CP142619.1	169489	169510	2
CP142619.1	169510	169511	1
CP142619.1	169511	169540	2
CP142619.1	169540	169551	1
CP142619.1	169551	169552	0
CP142619.1	169552	169600	1
CP142619.1	169600	169627	0
CP142619.1	169627	169665	1
CP142619.1	169665	169675	2
CP142619.1	169675	169677	1
CP142619.1	169677	169719	2
CP142619.1	169719	169730	1
CP142619.1	169730	169735	2
CP142619.1	169735	169739	1
CP142619.1	169739	169756	2
CP142619.1	169756	169850	1
CP142619.1	169850	169868	0
CP142619.1	169868	170010	1
CP142619.1	170010	170089	2
CP142619.1	170089	170220	1
CP142619.1	170220	170383	0
CP142619.1	170383	170591	1
CP142619.1	170591	170635	2
CP142619.1	170635	170650	1
CP142619.1	170650	170756	0
CP142619.1	170756	170783	1
CP142619.1	170783	170785	0
CP142619.1	170785	171023	1
CP142619.1	171023	171420	0
CP142619.1	171420	171444	1
CP142619.1	171444	171445	0
CP142619.1	171445	171472	1
CP142619.1	171472	171473	0
CP142619.1	171473	171497	1
CP142619.1	171497	172432	0
CP142619.1	172432	172510	1
CP142619.1	172510	172512	0
CP142619.1	172512	172532	1
CP142619.1	172532	172561	0
CP142619.1	172561	172607	1
CP142619.1	172607	172672	2
CP142619.1	172672	172714	1
CP142619.1	172714	172723	0
CP142619.1	172723	172724	1
CP142619.1	172724	172725	2
CP142619.1	172725	172755	3
CP142619.1	172755	172757	4
CP142619.1	172757	172759	3
CP142619.1	172759	172775	4
CP142619.1	172775	172776	3
CP142619.1	172776	172819	4
CP142619.1	172819	172839	3
CP142619.1	172839	172842	2
CP142619.1	172842	172861	3
CP142619.1	172861	172862	2
CP142619.1	172862	172878	3
CP142619.1	172878	172917	2
CP142619.1	172917	173030	1
CP142619.1	173030	173431	0
CP142619.1	173431	173473	1
CP142619.1	173473	173499	2
CP142619.1	173499	173533	1
CP142619.1	173533	173535	0
CP142619.1	173535	173561	1
CP142619.1	173561	173582	2
CP142619.1	173582	173583	1
CP142619.1	173583	173596	2
CP142619.1	173596	173597	1
CP142619.1	173597	173608	2
CP142619.1	173608	173617	3
CP142619.1	173617	173618	2
CP142619.1	173618	173652	3
CP142619.1	173652	173653	2
CP142619.1	173653	173673	3
CP142619.1	173673	173699	2
CP142619.1	173699	173740	1
CP142619.1	173740	173741	0
CP142619.1	173741	173755	1
CP142619.1	173755	173891	0
CP142619.1	173891	173934	1
CP142619.1	173934	173957	2
CP142619.1	173957	173968	3
CP142619.1	173968	174002	2
CP142619.1	174002	174003	1
CP142619.1	174003	174063	2
CP142619.1	174063	174065	1
CP142619.1	174065	174068	2
CP142619.1	174068	174115	3
CP142619.1	174115	174135	2
CP142619.1	174135	174152	1
CP142619.1	174152	174162	0
CP142619.1	174162	174221	1
CP142619.1	174221	174452	0
CP142619.1	174452	174478	1
CP142619.1	174478	174608	2
CP142619.1	174608	174618	1
CP142619.1	174618	174620	2
CP142619.1	174620	174626	3
CP142619.1	174626	174715	4
CP142619.1	174715	174722	3
CP142619.1	174722	174730	4
CP142619.1	174730	174742	3
CP142619.1	174742	174773	2
CP142619.1	174773	174896	1
CP142619.1	174896	175008	2
CP142619.1	175008	175034	1
CP142619.1	175034	175052	2
CP142619.1	175052	175072	1
CP142619.1	175072	175186	2
CP142619.1	175186	175253	1
CP142619.1	175253	175499	0
CP142619.1	175499	175549	1
CP142619.1	175549	175615	0
CP142619.1	175615	175679	1
CP142619.1	175679	175833	0
CP142619.1	175833	175888	1
CP142619.1	175888	175893	2
CP142619.1	175893	175894	1
CP142619.1	175894	175901	2
CP142619.1	175901	175902	1
CP142619.1	175902	175925	2
CP142619.1	175925	175933	3
CP142619.1	175933	175934	2
CP142619.1	175934	175988	3
CP142619.1	175988	176036	4
CP142619.1	176036	176039	3
CP142619.1	176039	176064	4
CP142619.1	176064	176100	3
CP142619.1	176100	176150	2
CP142619.1	176150	176160	1
CP142619.1	176160	176165	0
CP142619.1	176165	176328	1
CP142619.1	176328	176329	0
CP142619.1	176329	176349	1
CP142619.1	176349	176571	0
CP142619.1	176571	176574	1
CP142619.1	176574	176575	2
CP142619.1	176575	176634	3
CP142619.1	176634	176651	4
CP142619.1	176651	176680	3
CP142619.1	176680	176701	4
CP142619.1	176701	176708	3
CP142619.1	176708	176711	2
CP142619.1	176711	176712	0
CP142619.1	176712	176795	2
CP142619.1	176795	176796	1
CP142619.1	176796	176833	2
CP142619.1	176833	176835	1
CP142619.1	176835	176853	2
CP142619.1	176853	176856	1
CP142619.1	176856	176861	2
CP142619.1	176861	176907	1
CP142619.1	176907	176963	0
CP142619.1	176963	177046	1
CP142619.1	177046	177192	0
CP142619.1	177192	177201	1
CP142619.1	177201	177305	2
CP142619.1	177305	177370	1
CP142619.1	177370	177811	0
CP142619.1	177811	177875	1
CP142619.1	177875	178073	0
CP142619.1	178073	178106	1
CP142619.1	178106	178162	2
CP142619.1	178162	178180	3
CP142619.1	178180	178210	2
CP142619.1	178210	178213	1
CP142619.1	178213	178223	2
CP142619.1	178223	178258	3
CP142619.1	178258	178275	2
CP142619.1	178275	178302	3
CP142619.1	178302	178330	2
CP142619.1	178330	178331	1
CP142619.1	178331	178371	2
CP142619.1	178371	178372	1
CP142619.1	178372	178401	2
CP142619.1	178401	178419	1
CP142619.1	178419	178420	0
CP142619.1	178420	178460	1
CP142619.1	178460	178477	2
CP142619.1	178477	178514	1
CP142619.1	178514	178932	0
CP142619.1	178932	178956	1
CP142619.1	178956	178957	0
CP142619.1	178957	179014	1
CP142619.1	179014	179122	0
CP142619.1	179122	179147	1
CP142619.1	179147	179150	0
CP142619.1	179150	179254	1
CP142619.1	179254	179623	0
CP142619.1	179623	179664	1
CP142619.1	179664	179665	0
CP142619.1	179665	179732	1
CP142619.1	179732	179821	2
CP142619.1	179821	179822	1
CP142619.1	179822	179859	2
CP142619.1	179859	179861	1
CP142619.1	179861	179871	2
CP142619.1	179871	180056	1
CP142619.1	180056	180188	0
CP142619.1	180188	180197	1
CP142619.1	180197	180283	2
CP142619.1	180283	180359	1
CP142619.1	180359	180379	0
CP142619.1	180379	180608	1
CP142619.1	180608	180616	2
CP142619.1	180616	180618	3
CP142619.1	180618	180649	2
CP142619.1	180649	180652	1
CP142619.1	180652	180687	2
CP142619.1	180687	180697	1
CP142619.1	180697	181016	0
CP142619.1	181016	181055	1
CP142619.1	181055	181063	2
CP142619.1	181063	181064	1
CP142619.1	181064	181087	2
CP142619.1	181087	181104	1
CP142619.1	181104	181105	0
CP142619.1	181105	181126	1
CP142619.1	181126	181140	2
CP142619.1	181140	181141	1
CP142619.1	181141	181197	2
CP142619.1	181197	181200	1
CP142619.1	181200	181452	0
CP142619.1	181452	181486	1
CP142619.1	181486	181502	2
CP142619.1	181502	181503	1
CP142619.1	181503	181519	2
CP142619.1	181519	181563	3
CP142619.1	181563	181569	2
CP142619.1	181569	181632	1
CP142619.1	181632	181796	0
CP142619.1	181796	181858	1
CP142619.1	181858	181876	2
CP142619.1	181876	181877	1
CP142619.1	181877	181886	2
CP142619.1	181886	181908	1
CP142619.1	181908	181913	2
CP142619.1	181913	181945	1
CP142619.1	181945	181988	2
CP142619.1	181988	181989	1
CP142619.1	181989	181996	2
CP142619.1	181996	181997	1
CP142619.1	181997	182025	2
CP142619.1	182025	182026	1
CP142619.1	182026	182042	2
CP142619.1	182042	182158	1
CP142619.1	182158	182169	2
CP142619.1	182169	182182	1
CP142619.1	182182	182183	0
CP142619.1	182183	182240	1
CP142619.1	182240	182604	0
CP142619.1	182604	182651	1
CP142619.1	182651	182696	2
CP142619.1	182696	182742	3
CP142619.1	182742	182759	2
CP142619.1	182759	182826	1
CP142619.1	182826	182827	0
CP142619.1	182827	182830	1
CP142619.1	182830	182831	0
CP142619.1	182831	182919	1
CP142619.1	182919	182926	0
CP142619.1	182926	182967	1
CP142619.1	182967	182989	2
CP142619.1	182989	183017	1
CP142619.1	183017	183283	0
CP142619.1	183283	183303	1
CP142619.1	183303	183356	2
CP142619.1	183356	183438	1
CP142619.1	183438	183452	0
CP142619.1	183452	183484	1
CP142619.1	183484	183498	0
CP142619.1	183498	183513	1
CP142619.1	183513	183568	2
CP142619.1	183568	183580	1
CP142619.1	183580	183588	2
CP142619.1	183588	183589	1
CP142619.1	183589	183652	2
CP142619.1	183652	183654	1
CP142619.1	183654	183671	0
CP142619.1	183671	183734	2
CP142619.1	183734	183802	1
CP142619.1	183802	183915	0
CP142619.1	183915	183971	1
CP142619.1	183971	184127	0
CP142619.1	184127	184188	1
CP142619.1	184188	184210	2
CP142619.1	184210	184218	1
CP142619.1	184218	184250	2
CP142619.1	184250	184280	1
CP142619.1	184280	185012	0
CP142619.1	185012	185122	1
CP142619.1	185122	185157	2
CP142619.1	185157	185162	3
CP142619.1	185162	185218	2
CP142619.1	185218	185299	1
CP142619.1	185299	185300	0
CP142619.1	185300	185347	1
CP142619.1	185347	185395	2
CP142619.1	185395	185397	1
CP142619.1	185397	185409	2
CP142619.1	185409	185410	1
CP142619.1	185410	185420	2
CP142619.1	185420	185622	1
CP142619.1	185622	185872	0
CP142619.1	185872	185981	1
CP142619.1	185981	186240	0
CP142619.1	186240	186294	1
CP142619.1	186294	186813	0
CP142619.1	186813	186842	1
CP142619.1	186842	186843	0
CP142619.1	186843	186876	1
CP142619.1	186876	186879	0
CP142619.1	186879	186918	1
CP142619.1	186918	187273	0
CP142619.1	187273	187348	1
CP142619.1	187348	187374	2
CP142619.1	187374	187458	1
CP142619.1	187458	187501	2
CP142619.1	187501	187519	3
CP142619.1	187519	187549	2
CP142619.1	187549	187554	1
CP142619.1	187554	187591	0
CP142619.1	187591	187680	1
CP142619.1	187680	187685	0
CP142619.1	187685	187686	1
CP142619.1	187686	187747	2
CP142619.1	187747	187748	0
CP142619.1	187748	187758	2
CP142619.1	187758	187759	1
CP142619.1	187759	187785	2
CP142619.1	187785	187790	1
CP142619.1	187790	187801	2
CP142619.1	187801	187802	1
CP142619.1	187802	187838	2
CP142619.1	187838	187841	1
CP142619.1	187841	187848	0
CP142619.1	187848	187878	1
CP142619.1	187878	187987	0
CP142619.1	187987	188023	1
CP142619.1	188023	188062	2
CP142619.1	188062	188063	1
CP142619.1	188063	188071	2
CP142619.1	188071	188109	1
CP142619.1	188109	188116	0
CP142619.1	188116	188138	1
CP142619.1	188138	188139	0
CP142619.1	188139	188156	1
CP142619.1	188156	188157	0
CP142619.1	188157	188183	1
CP142619.1	188183	188315	0
CP142619.1	188315	188365	1
CP142619.1	188365	188899	0
CP142619.1	188899	188977	1
CP142619.1	188977	188982	0
CP142619.1	188982	189002	1
CP142619.1	189002	189061	0
CP142619.1	189061	189104	1
CP142619.1	189104	189182	0
CP142619.1	189182	189256	1
CP142619.1	189256	189314	2
CP142619.1	189314	189355	1
CP142619.1	189355	189364	2
CP142619.1	189364	189376	1
CP142619.1	189376	189409	2
CP142619.1	189409	189410	1
CP142619.1	189410	189426	2
CP142619.1	189426	189429	1
CP142619.1	189429	189472	2
CP142619.1	189472	189740	1
CP142619.1	189740	189747	0
CP142619.1	189747	189772	1
CP142619.1	189772	189778	2
CP142619.1	189778	189779	1
CP142619.1	189779	189830	2
CP142619.1	189830	189831	1
CP142619.1	189831	189844	2
CP142619.1	189844	189902	1
CP142619.1	189902	190059	0
CP142619.1	190059	190093	1
CP142619.1	190093	190102	0
CP142619.1	190102	190222	1
CP142619.1	190222	190223	0
CP142619.1	190223	190239	1
CP142619.1	190239	190257	2
CP142619.1	190257	190337	1
CP142619.1	190337	190390	2
CP142619.1	190390	190413	1
CP142619.1	190413	190414	2
CP142619.1	190414	190432	1
CP142619.1	190432	190508	2
CP142619.1	190508	190545	1
CP142619.1	190545	190832	0
CP142619.1	190832	190853	1
CP142619.1	190853	190923	2
CP142619.1	190923	190942	3
CP142619.1	190942	190943	0
CP142619.1	190943	190944	2
CP142619.1	190944	190963	3
CP142619.1	190963	190964	2
CP142619.1	190964	190975	3
CP142619.1	190975	191106	2
CP142619.1	191106	191107	1
CP142619.1	191107	191149	2
CP142619.1	191149	191173	1
CP142619.1	191173	191207	0
CP142619.1	191207	191274	1
CP142619.1	191274	191359	2
CP142619.1	191359	191437	1
CP142619.1	191437	192212	0
CP142619.1	192212	192264	1
CP142619.1	192264	192265	0
CP142619.1	192265	192299	1
CP142619.1	192299	192300	0
CP142619.1	192300	192321	1
CP142619.1	192321	192324	0
CP142619.1	192324	192366	1
CP142619.1	192366	192371	2
CP142619.1	192371	192506	1
CP142619.1	192506	192531	0
CP142619.1	192531	192629	1
CP142619.1	192629	192630	0
CP142619.1	192630	192691	1
CP142619.1	192691	192693	0
CP142619.1	192693	192833	1
CP142619.1	192833	192875	2
CP142619.1	192875	192942	3
CP142619.1	192942	192944	2
CP142619.1	192944	193055	1
CP142619.1	193055	193221	0
CP142619.1	193221	193258	1
CP142619.1	193258	193259	0
CP142619.1	193259	193274	1
CP142619.1	193274	193351	2
CP142619.1	193351	193352	1
CP142619.1	193352	193375	2
CP142619.1	193375	193377	1
CP142619.1	193377	193800	0
CP142619.1	193800	193894	1
CP142619.1	193894	193895	0
CP142619.1	193895	193929	1
CP142619.1	193929	193958	2
CP142619.1	193958	193982	1
CP142619.1	193982	193991	0
CP142619.1	193991	194016	1
CP142619.1	194016	194103	2
CP142619.1	194103	194125	1
CP142619.1	194125	194126	0
CP142619.1	194126	194143	1
CP142619.1	194143	194164	0
CP142619.1	194164	194225	1
CP142619.1	194225	194478	0
CP142619.1	194478	194530	1
CP142619.1	194530	194537	0
CP142619.1	194537	194563	1
CP142619.1	194563	194654	2
CP142619.1	194654	194700	1
CP142619.1	194700	194804	0
CP142619.1	194804	194854	1
CP142619.1	194854	194855	0
CP142619.1	194855	194901	1
CP142619.1	194901	194924	2
CP142619.1	194924	194926	3
CP142619.1	194926	194941	4
CP142619.1	194941	194958	5
CP142619.1	194958	194962	4
CP142619.1	194962	194963	2
CP142619.1	194963	194980	4
CP142619.1	194980	195005	3
CP142619.1	195005	195030	4
CP142619.1	195030	195064	3
CP142619.1	195064	195081	2
CP142619.1	195081	195091	1
CP142619.1	195091	195110	0
CP142619.1	195110	195123	1
CP142619.1	195123	195166	2
CP142619.1	195166	195187	3
CP142619.1	195187	195188	2
CP142619.1	195188	195220	3
CP142619.1	195220	195232	4
CP142619.1	195232	195272	3
CP142619.1	195272	195279	2
CP142619.1	195279	195310	3
CP142619.1	195310	195327	2
CP142619.1	195327	195346	1
CP142619.1	195346	195397	2
CP142619.1	195397	195399	1
CP142619.1	195399	195830	0
CP142619.1	195830	195964	1
CP142619.1	195964	196166	0
CP142619.1	196166	196226	1
CP142619.1	196226	196244	2
CP142619.1	196244	196370	1
CP142619.1	196370	196625	0
CP142619.1	196625	196730	1
CP142619.1	196730	196731	0
CP142619.1	196731	196744	1
CP142619.1	196744	196802	2
CP142619.1	196802	196826	3
CP142619.1	196826	196832	2
CP142619.1	196832	196838	3
CP142619.1	196838	196916	2
CP142619.1	196916	196922	3
CP142619.1	196922	196998	2
CP142619.1	196998	197001	3
CP142619.1	197001	197014	2
CP142619.1	197014	197064	1
CP142619.1	197064	197065	0
CP142619.1	197065	197155	1
CP142619.1	197155	197243	2
CP142619.1	197243	197246	1
CP142619.1	197246	197525	0
CP142619.1	197525	197528	1
CP142619.1	197528	197570	2
CP142619.1	197570	197580	1
CP142619.1	197580	197597	0
CP142619.1	197597	197657	1
CP142619.1	197657	197696	0
CP142619.1	197696	197778	1
CP142619.1	197778	197779	0
CP142619.1	197779	197796	1
CP142619.1	197796	197804	2
CP142619.1	197804	197822	3
CP142619.1	197822	197872	2
CP142619.1	197872	197923	3
CP142619.1	197923	198014	2
CP142619.1	198014	198037	1
CP142619.1	198037	198056	2
CP142619.1	198056	198071	1
CP142619.1	198071	198072	0
CP142619.1	198072	198098	1
CP142619.1	198098	198116	0
CP142619.1	198116	198136	1
CP142619.1	198136	198138	0
CP142619.1	198138	198415	1
CP142619.1	198415	198511	2
CP142619.1	198511	198514	1
CP142619.1	198514	198585	2
CP142619.1	198585	198595	3
CP142619.1	198595	198605	4
CP142619.1	198605	198606	3
CP142619.1	198606	198649	2
CP142619.1	198649	198655	1
CP142619.1	198655	198656	0
CP142619.1	198656	198746	1
CP142619.1	198746	198747	0
CP142619.1	198747	198891	1
CP142619.1	198891	199173	0
CP142619.1	199173	199226	1
CP142619.1	199226	199466	0
CP142619.1	199466	199628	1
CP142619.1	199628	199629	0
CP142619.1	199629	199691	2
CP142619.1	199691	199702	3
CP142619.1	199702	199739	2
CP142619.1	199739	199782	1
CP142619.1	199782	200105	0
CP142619.1	200105	200185	1
CP142619.1	200185	200188	0
CP142619.1	200188	200235	1
CP142619.1	200235	200236	0
CP142619.1	200236	200273	1
CP142619.1	200273	200299	2
CP142619.1	200299	200301	1
CP142619.1	200301	200312	2
CP142619.1	200312	200314	1
CP142619.1	200314	200338	2
CP142619.1	200338	200339	1
CP142619.1	200339	200440	2
CP142619.1	200440	200465	1
CP142619.1	200465	200703	0
CP142619.1	200703	200712	1
CP142619.1	200712	200713	0
CP142619.1	200713	200922	1
CP142619.1	200922	200997	0
CP142619.1	200997	201035	1
CP142619.1	201035	201222	0
CP142619.1	201222	201243	1
CP142619.1	201243	201272	2
CP142619.1	201272	201274	1
CP142619.1	201274	201298	2
CP142619.1	201298	201332	1
CP142619.1	201332	201338	0
CP142619.1	201338	201534	1
CP142619.1	201534	201610	2
CP142619.1	201610	201641	1
CP142619.1	201641	201764	2
CP142619.1	201764	201772	1
CP142619.1	201772	201868	0
CP142619.1	201868	202000	1
CP142619.1	202000	202016	2
CP142619.1	202016	202019	1
CP142619.1	202019	202032	2
CP142619.1	202032	202071	1
CP142619.1	202071	202085	0
CP142619.1	202085	202180	1
CP142619.1	202180	202217	0
CP142619.1	202217	202251	1
CP142619.1	202251	202288	2
CP142619.1	202288	202372	1
CP142619.1	202372	202410	0
CP142619.1	202410	202481	1
CP142619.1	202481	202658	0
CP142619.1	202658	202680	1
CP142619.1	202680	202691	2
CP142619.1	202691	202720	3
CP142619.1	202720	202721	2
CP142619.1	202721	202746	3
CP142619.1	202746	202750	2
CP142619.1	202750	202752	1
CP142619.1	202752	202757	2
CP142619.1	202757	202762	1
CP142619.1	202762	202764	0
CP142619.1	202764	202864	1
CP142619.1	202864	202907	0
CP142619.1	202907	202970	1
CP142619.1	202970	202971	0
CP142619.1	202971	203098	1
CP142619.1	203098	203107	2
CP142619.1	203107	203172	3
CP142619.1	203172	203191	2
CP142619.1	203191	203194	1
CP142619.1	203194	203262	2
CP142619.1	203262	203263	1
CP142619.1	203263	203291	2
CP142619.1	203291	203386	1
CP142619.1	203386	203463	0
CP142619.1	203463	203491	1
CP142619.1	203491	203493	0
CP142619.1	203493	203503	1
CP142619.1	203503	203512	0
CP142619.1	203512	203605	2
CP142619.1	203605	203654	1
CP142619.1	203654	203660	0
CP142619.1	203660	203697	1
CP142619.1	203697	203719	0
CP142619.1	203719	203787	1
CP142619.1	203787	203901	0
CP142619.1	203901	204011	1
CP142619.1	204011	204065	0
CP142619.1	204065	204184	1
CP142619.1	204184	204206	0
CP142619.1	204206	204239	1
CP142619.1	204239	204242	0
CP142619.1	204242	204290	1
CP142619.1	204290	204301	2
CP142619.1	204301	204340	3
CP142619.1	204340	204387	2
CP142619.1	204387	204430	1
CP142619.1	204430	204539	0
CP142619.1	204539	204593	1
CP142619.1	204593	204641	2
CP142619.1	204641	204643	0
CP142619.1	204643	204659	2
CP142619.1	204659	204661	1
CP142619.1	204661	204662	0
CP142619.1	204662	204674	1
CP142619.1	204674	204676	0
CP142619.1	204676	204681	1
CP142619.1	204681	204682	0
CP142619.1	204682	204718	1
CP142619.1	204718	204782	0
CP142619.1	204782	204830	1
CP142619.1	204830	204845	2
CP142619.1	204845	204885	3
CP142619.1	204885	204928	2
CP142619.1	204928	204946	3
CP142619.1	204946	204973	2
CP142619.1	204973	205009	1
CP142619.1	205009	205075	2
CP142619.1	205075	205077	1
CP142619.1	205077	205155	2
CP142619.1	205155	205156	0
CP142619.1	205156	205206	2
CP142619.1	205206	205207	1
CP142619.1	205207	205247	2
CP142619.1	205247	205370	1
CP142619.1	205370	205436	0
CP142619.1	205436	205720	1
CP142619.1	205720	206044	0
CP142619.1	206044	206084	1
CP142619.1	206084	206110	2
CP142619.1	206110	206148	1
CP142619.1	206148	206151	0
CP142619.1	206151	206162	1
CP142619.1	206162	206164	0
CP142619.1	206164	206180	1
CP142619.1	206180	206181	0
CP142619.1	206181	206238	1
CP142619.1	206238	206247	0
CP142619.1	206247	206292	1
CP142619.1	206292	206328	2
CP142619.1	206328	206341	1
CP142619.1	206341	206380	2
CP142619.1	206380	206409	3
CP142619.1	206409	206410	2
CP142619.1	206410	206413	3
CP142619.1	206413	206414	2
CP142619.1	206414	206434	3
CP142619.1	206434	206440	2
CP142619.1	206440	206451	1
CP142619.1	206451	206859	0
CP142619.1	206859	206946	1
CP142619.1	206946	206947	0
CP142619.1	206947	206992	1
CP142619.1	206992	207130	0
CP142619.1	207130	207197	1
CP142619.1	207197	207224	2
CP142619.1	207224	207237	3
CP142619.1	207237	207276	2
CP142619.1	207276	207406	1
CP142619.1	207406	207436	2
CP142619.1	207436	207440	3
CP142619.1	207440	207464	4
CP142619.1	207464	207465	3
CP142619.1	207465	207473	4
CP142619.1	207473	207474	3
CP142619.1	207474	207477	2
CP142619.1	207477	207640	1
CP142619.1	207640	207642	0
CP142619.1	207642	207721	1
CP142619.1	207721	207724	0
CP142619.1	207724	207760	1
CP142619.1	207760	207762	2
CP142619.1	207762	207818	1
CP142619.1	207818	207820	0
CP142619.1	207820	207851	1
CP142619.1	207851	208239	0
CP142619.1	208239	208307	1
CP142619.1	208307	208532	0
CP142619.1	208532	208542	1
CP142619.1	208542	208597	2
CP142619.1	208597	208653	3
CP142619.1	208653	208666	2
CP142619.1	208666	208691	1
CP142619.1	208691	208752	0
CP142619.1	208752	208781	1
CP142619.1	208781	208782	0
CP142619.1	208782	208925	1
CP142619.1	208925	208997	0
CP142619.1	208997	209037	1
CP142619.1	209037	209038	0
CP142619.1	209038	209062	1
CP142619.1	209062	209063	0
CP142619.1	209063	209113	1
CP142619.1	209113	209137	0
CP142619.1	209137	209204	1
CP142619.1	209204	209268	2
CP142619.1	209268	209325	1
CP142619.1	209325	209559	0
CP142619.1	209559	209644	1
CP142619.1	209644	209647	0
CP142619.1	209647	209798	1
CP142619.1	209798	209987	0
CP142619.1	209987	210044	1
CP142619.1	210044	210157	0
CP142619.1	210157	210261	1
CP142619.1	210261	210275	2
CP142619.1	210275	210327	1
CP142619.1	210327	210329	0
CP142619.1	210329	210430	1
CP142619.1	210430	210584	0
CP142619.1	210584	210670	1
CP142619.1	210670	210682	0
CP142619.1	210682	210700	1
CP142619.1	210700	210701	0
CP142619.1	210701	210745	1
CP142619.1	210745	210834	0
CP142619.1	210834	210864	1
CP142619.1	210864	210865	0
CP142619.1	210865	210904	1
CP142619.1	210904	211003	0
CP142619.1	211003	211012	1
CP142619.1	211012	211013	0
CP142619.1	211013	211159	1
CP142619.1	211159	211226	0
CP142619.1	211226	211253	1
CP142619.1	211253	211335	2
CP142619.1	211335	211357	3
CP142619.1	211357	211371	2
CP142619.1	211371	211374	1
CP142619.1	211374	211455	2
CP142619.1	211455	211480	3
CP142619.1	211480	211499	2
CP142619.1	211499	211520	1
CP142619.1	211520	211536	2
CP142619.1	211536	211554	1
CP142619.1	211554	211607	2
CP142619.1	211607	211628	1
CP142619.1	211628	211713	0
CP142619.1	211713	211901	1
CP142619.1	211901	211917	2
CP142619.1	211917	211920	0
CP142619.1	211920	211971	1
CP142619.1	211971	212171	0
CP142619.1	212171	212413	1
CP142619.1	212413	213258	0
CP142619.1	213258	213346	1
CP142619.1	213346	213348	0
CP142619.1	213348	213350	1
CP142619.1	213350	213363	2
CP142619.1	213363	213367	1
CP142619.1	213367	213397	2
CP142619.1	213397	213410	1
CP142619.1	213410	213411	0
CP142619.1	213411	213422	1
CP142619.1	213422	213501	0
CP142619.1	213501	213597	1
CP142619.1	213597	213723	0
CP142619.1	213723	213756	1
CP142619.1	213756	213757	0
CP142619.1	213757	213887	1
CP142619.1	213887	213920	0
CP142619.1	213920	213950	1
CP142619.1	213950	213956	2
CP142619.1	213956	213958	1
CP142619.1	213958	214026	2
CP142619.1	214026	214094	1
CP142619.1	214094	214095	0
CP142619.1	214095	214100	1
CP142619.1	214100	214104	0
CP142619.1	214104	214208	1
CP142619.1	214208	214210	2
CP142619.1	214210	214217	1
CP142619.1	214217	214293	2
CP142619.1	214293	214299	3
CP142619.1	214299	214316	2
CP142619.1	214316	214330	3
CP142619.1	214330	214332	2
CP142619.1	214332	214342	3
CP142619.1	214342	214344	2
CP142619.1	214344	214349	3
CP142619.1	214349	214351	2
CP142619.1	214351	214354	3
CP142619.1	214354	214426	2
CP142619.1	214426	214431	1
CP142619.1	214431	214432	0
CP142619.1	214432	214471	1
CP142619.1	214471	214475	2
CP142619.1	214475	214483	1
CP142619.1	214483	214484	0
CP142619.1	214484	214735	1
CP142619.1	214735	214972	0
CP142619.1	214972	214988	1
CP142619.1	214988	214989	0
CP142619.1	214989	215094	1
CP142619.1	215094	215145	2
CP142619.1	215145	215148	1
CP142619.1	215148	215199	2
CP142619.1	215199	215299	1
CP142619.1	215299	215408	0
CP142619.1	215408	215465	1
CP142619.1	215465	215558	2
CP142619.1	215558	215584	1
CP142619.1	215584	216176	0
CP142619.1	216176	216229	1
CP142619.1	216229	216279	0
CP142619.1	216279	216336	1
CP142619.1	216336	216498	0
CP142619.1	216498	216603	1
CP142619.1	216603	217086	0
CP142619.1	217086	217180	2
CP142619.1	217180	217232	1
CP142619.1	217232	217267	2
CP142619.1	217267	217271	1
CP142619.1	217271	217287	2
CP142619.1	217287	217289	1
CP142619.1	217289	217300	2
CP142619.1	217300	217301	1
CP142619.1	217301	217302	0
CP142619.1	217302	217365	1
CP142619.1	217365	217394	0
CP142619.1	217394	217428	1
CP142619.1	217428	217453	2
CP142619.1	217453	217494	1
CP142619.1	217494	217516	2
CP142619.1	217516	217540	1
CP142619.1	217540	217541	0
CP142619.1	217541	217566	1
CP142619.1	217566	217567	0
CP142619.1	217567	217636	1
CP142619.1	217636	217646	0
CP142619.1	217646	217725	1
CP142619.1	217725	217729	0
CP142619.1	217729	217736	1
CP142619.1	217736	217739	2
CP142619.1	217739	217782	3
CP142619.1	217782	217843	2
CP142619.1	217843	217876	3
CP142619.1	217876	217991	2
CP142619.1	217991	217997	1
CP142619.1	217997	217999	2
CP142619.1	217999	218073	1
CP142619.1	218073	218121	0
CP142619.1	218121	218167	1
CP142619.1	218167	218406	0
CP142619.1	218406	218412	1
CP142619.1	218412	218458	2
CP142619.1	218458	218459	1
CP142619.1	218459	218460	0
CP142619.1	218460	218487	2
CP142619.1	218487	218519	1
CP142619.1	218519	218525	0
CP142619.1	218525	218590	1
CP142619.1	218590	218759	0
CP142619.1	218759	218786	1
CP142619.1	218786	218792	0
CP142619.1	218792	218833	1
CP142619.1	218833	218922	2
CP142619.1	218922	218924	1
CP142619.1	218924	218930	2
CP142619.1	218930	218938	1
CP142619.1	218938	218939	0
CP142619.1	218939	218947	1
CP142619.1	218947	218948	0
CP142619.1	218948	218995	1
CP142619.1	218995	219042	2
CP142619.1	219042	219043	1
CP142619.1	219043	219045	2
CP142619.1	219045	219119	1
CP142619.1	219119	219120	0
CP142619.1	219120	219145	1
CP142619.1	219145	219162	2
CP142619.1	219162	219163	1
CP142619.1	219163	219191	2
CP142619.1	219191	219228	1
CP142619.1	219228	219292	2
CP142619.1	219292	219300	1
CP142619.1	219300	219318	0
CP142619.1	219318	219359	1
CP142619.1	219359	219384	2
CP142619.1	219384	219393	1
CP142619.1	219393	219401	0
CP142619.1	219401	219433	1
CP142619.1	219433	219444	2
CP142619.1	219444	219457	3
CP142619.1	219457	219470	2
CP142619.1	219470	219473	1
CP142619.1	219473	219508	2
CP142619.1	219508	219534	1
CP142619.1	219534	219768	0
CP142619.1	219768	219836	1
CP142619.1	219836	219838	0
CP142619.1	219838	219894	1
CP142619.1	219894	220620	0
CP142619.1	220620	220763	1
CP142619.1	220763	220764	0
CP142619.1	220764	220782	1
CP142619.1	220782	220992	0
CP142619.1	220992	221059	1
CP142619.1	221059	221084	2
CP142619.1	221084	221088	3
CP142619.1	221088	221136	2
CP142619.1	221136	221139	1
CP142619.1	221139	221170	2
CP142619.1	221170	221221	1
CP142619.1	221221	221224	0
CP142619.1	221224	221292	1
CP142619.1	221292	221295	2
CP142619.1	221295	221296	1
CP142619.1	221296	221348	2
CP142619.1	221348	221388	3
CP142619.1	221388	221399	1
CP142619.1	221399	221407	2
CP142619.1	221407	221408	1
CP142619.1	221408	221425	2
CP142619.1	221425	221437	1
CP142619.1	221437	221444	2
CP142619.1	221444	221493	1
CP142619.1	221493	221656	0
CP142619.1	221656	221840	1
CP142619.1	221840	222211	0
CP142619.1	222211	222232	1
CP142619.1	222232	222292	2
CP142619.1	222292	222305	1
CP142619.1	222305	222318	2
CP142619.1	222318	222329	1
CP142619.1	222329	222330	0
CP142619.1	222330	222375	1
CP142619.1	222375	222376	0
CP142619.1	222376	222384	1
CP142619.1	222384	222395	2
CP142619.1	222395	222396	1
CP142619.1	222396	222431	2
CP142619.1	222431	222482	1
CP142619.1	222482	222483	0
CP142619.1	222483	222564	1
CP142619.1	222564	222654	0
CP142619.1	222654	222816	1
CP142619.1	222816	222819	0
CP142619.1	222819	222869	1
CP142619.1	222869	223276	0
CP142619.1	223276	223363	1
CP142619.1	223363	223391	0
CP142619.1	223391	223435	1
CP142619.1	223435	223900	0
CP142619.1	223900	223960	1
CP142619.1	223960	224159	0
CP142619.1	224159	224383	1
CP142619.1	224383	224525	0
CP142619.1	224525	224603	1
CP142619.1	224603	224648	0
CP142619.1	224648	224696	1
CP142619.1	224696	224778	0
CP142619.1	224778	224892	1
CP142619.1	224892	224918	2
CP142619.1	224918	224919	1
CP142619.1	224919	224970	2
CP142619.1	224970	224983	3
CP142619.1	224983	225033	2
CP142619.1	225033	225051	1
CP142619.1	225051	225166	0
CP142619.1	225166	225264	1
CP142619.1	225264	225908	0
CP142619.1	225908	225940	1
CP142619.1	225940	225947	0
CP142619.1	225947	225966	1
CP142619.1	225966	225986	0
CP142619.1	225986	226008	1
CP142619.1	226008	226026	2
CP142619.1	226026	226029	1
CP142619.1	226029	226031	2
CP142619.1	226031	226034	1
CP142619.1	226034	226061	2
CP142619.1	226061	226193	1
CP142619.1	226193	226279	2
CP142619.1	226279	226309	1
CP142619.1	226309	226310	0
CP142619.1	226310	226346	1
CP142619.1	226346	226392	0
CP142619.1	226392	226492	1
CP142619.1	226492	226631	0
CP142619.1	226631	226696	1
CP142619.1	226696	226721	2
CP142619.1	226721	226822	1
CP142619.1	226822	226823	0
CP142619.1	226823	226878	1
CP142619.1	226878	226892	2
CP142619.1	226892	226894	1
CP142619.1	226894	226937	2
CP142619.1	226937	226953	1
CP142619.1	226953	226957	0
CP142619.1	226957	226980	1
CP142619.1	226980	227007	0
CP142619.1	227007	227028	1
CP142619.1	227028	227080	2
CP142619.1	227080	227082	1
CP142619.1	227082	227083	2
CP142619.1	227083	227084	1
CP142619.1	227084	227104	2
CP142619.1	227104	227142	1
CP142619.1	227142	227153	2
CP142619.1	227153	227276	1
CP142619.1	227276	227277	0
CP142619.1	227277	227418	1
CP142619.1	227418	227461	0
CP142619.1	227461	227479	1
CP142619.1	227479	227480	0
CP142619.1	227480	227525	1
CP142619.1	227525	227601	0
CP142619.1	227601	227781	1
CP142619.1	227781	227980	0
CP142619.1	227980	228074	1
CP142619.1	228074	228296	0
CP142619.1	228296	228384	1
CP142619.1	228384	228393	0
CP142619.1	228393	228434	1
CP142619.1	228434	228876	0
CP142619.1	228876	228927	2
CP142619.1	228927	229006	1
CP142619.1	229006	229015	0
CP142619.1	229015	229090	1
CP142619.1	229090	229093	0
CP142619.1	229093	229138	1
CP142619.1	229138	229164	2
CP142619.1	229164	229185	3
CP142619.1	229185	229192	4
CP142619.1	229192	229193	3
CP142619.1	229193	229217	4
CP142619.1	229217	229218	3
CP142619.1	229218	229282	2
CP142619.1	229282	229283	1
CP142619.1	229283	229329	2
CP142619.1	229329	229396	1
CP142619.1	229396	229438	2
CP142619.1	229438	229476	3
CP142619.1	229476	229477	2
CP142619.1	229477	229490	3
CP142619.1	229490	229539	2
CP142619.1	229539	229540	1
CP142619.1	229540	229560	2
CP142619.1	229560	229585	3
CP142619.1	229585	229587	2
CP142619.1	229587	229591	0
CP142619.1	229591	229618	2
CP142619.1	229618	229622	0
CP142619.1	229622	229627	2
CP142619.1	229627	229659	3
CP142619.1	229659	229666	2
CP142619.1	229666	229725	3
CP142619.1	229725	229761	2
CP142619.1	229761	229762	1
CP142619.1	229762	229821	2
CP142619.1	229821	229868	1
CP142619.1	229868	229917	0
CP142619.1	229917	230079	1
CP142619.1	230079	230389	0
CP142619.1	230389	230478	1
CP142619.1	230478	230482	0
CP142619.1	230482	230537	1
CP142619.1	230537	230538	0
CP142619.1	230538	230612	1
CP142619.1	230612	230630	0
CP142619.1	230630	230781	1
CP142619.1	230781	230876	0
CP142619.1	230876	230924	1
CP142619.1	230924	230983	2
CP142619.1	230983	231030	1
CP142619.1	231030	231031	0
CP142619.1	231031	231042	1
CP142619.1	231042	231177	2
CP142619.1	231177	231210	3
CP142619.1	231210	231234	2
CP142619.1	231234	231247	1
CP142619.1	231247	231364	0
CP142619.1	231364	231462	1
CP142619.1	231462	231662	0
CP142619.1	231662	231740	1
CP142619.1	231740	231741	2
CP142619.1	231741	231759	1
CP142619.1	231759	231761	0
CP142619.1	231761	231775	1
CP142619.1	231775	231832	2
CP142619.1	231832	231972	1
CP142619.1	231972	231983	0
CP142619.1	231983	232052	1
CP142619.1	232052	232398	0
CP142619.1	232398	232424	1
CP142619.1	232424	232471	2
CP142619.1	232471	232483	1
CP142619.1	232483	232491	2
CP142619.1	232491	232495	1
CP142619.1	232495	232516	2
CP142619.1	232516	232527	1
CP142619.1	232527	232528	0
CP142619.1	232528	232544	1
CP142619.1	232544	232604	0
CP142619.1	232604	232611	1
CP142619.1	232611	232688	2
CP142619.1	232688	232704	1
CP142619.1	232704	232705	0
CP142619.1	232705	232706	1
CP142619.1	232706	232748	2
CP142619.1	232748	232809	3
CP142619.1	232809	232810	2
CP142619.1	232810	232824	3
CP142619.1	232824	232837	2
CP142619.1	232837	232846	1
CP142619.1	232846	233000	0
CP142619.1	233000	233036	2
CP142619.1	233036	233042	1
CP142619.1	233042	233068	2
CP142619.1	233068	233109	1
CP142619.1	233109	233163	2
CP142619.1	233163	233177	3
CP142619.1	233177	233219	2
CP142619.1	233219	233242	3
CP142619.1	233242	233259	5
CP142619.1	233259	233301	4
CP142619.1	233301	233321	3
CP142619.1	233321	233334	2
CP142619.1	233334	233363	1
CP142619.1	233363	233398	0
CP142619.1	233398	233419	1
CP142619.1	233419	233428	2
CP142619.1	233428	233432	1
CP142619.1	233432	233582	2
CP142619.1	233582	233590	1
CP142619.1	233590	233591	0
CP142619.1	233591	233668	1
CP142619.1	233668	233731	0
CP142619.1	233731	233814	1
CP142619.1	233814	233816	0
CP142619.1	233816	233845	1
CP142619.1	233845	233850	2
CP142619.1	233850	233871	3
CP142619.1	233871	233937	2
CP142619.1	233937	233975	1
CP142619.1	233975	234001	2
CP142619.1	234001	234037	1
CP142619.1	234037	234038	0
CP142619.1	234038	234089	1
CP142619.1	234089	234184	0
CP142619.1	234184	234255	1
CP142619.1	234255	234294	2
CP142619.1	234294	234309	1
CP142619.1	234309	234320	0
CP142619.1	234320	234436	1
CP142619.1	234436	234496	0
CP142619.1	234496	234551	1
CP142619.1	234551	234552	0
CP142619.1	234552	234632	1
CP142619.1	234632	234776	0
CP142619.1	234776	234778	1
CP142619.1	234778	234842	2
CP142619.1	234842	234843	0
CP142619.1	234843	234904	2
CP142619.1	234904	234905	1
CP142619.1	234905	234914	2
CP142619.1	234914	234981	1
CP142619.1	234981	234983	0
CP142619.1	234983	235163	1
CP142619.1	235163	235181	0
CP142619.1	235181	235385	1
CP142619.1	235385	235721	0
CP142619.1	235721	235747	1
CP142619.1	235747	235751	0
CP142619.1	235751	235787	1
CP142619.1	235787	235790	0
CP142619.1	235790	235885	1
CP142619.1	235885	235989	0
CP142619.1	235989	235997	2
CP142619.1	235997	236074	3
CP142619.1	236074	236097	2
CP142619.1	236097	236098	1
CP142619.1	236098	236113	2
CP142619.1	236113	236153	1
CP142619.1	236153	236433	0
CP142619.1	236433	236492	1
CP142619.1	236492	236493	0
CP142619.1	236493	236512	1
CP142619.1	236512	236569	2
CP142619.1	236569	236570	1
CP142619.1	236570	236582	0
CP142619.1	236582	236643	1
CP142619.1	236643	236739	0
CP142619.1	236739	236747	1
CP142619.1	236747	236797	2
CP142619.1	236797	236821	3
CP142619.1	236821	236912	2
CP142619.1	236912	237011	1
CP142619.1	237011	237331	0
CP142619.1	237331	237382	1
CP142619.1	237382	237415	0
CP142619.1	237415	237469	1
CP142619.1	237469	237482	2
CP142619.1	237482	237542	1
CP142619.1	237542	237656	0
CP142619.1	237656	237820	1
CP142619.1	237820	237836	0
CP142619.1	237836	237921	1
CP142619.1	237921	237922	0
CP142619.1	237922	237934	1
CP142619.1	237934	237936	0
CP142619.1	237936	238002	1
CP142619.1	238002	238203	0
CP142619.1	238203	238237	1
CP142619.1	238237	238255	2
CP142619.1	238255	238265	1
CP142619.1	238265	238269	0
CP142619.1	238269	238271	1
CP142619.1	238271	238347	2
CP142619.1	238347	238406	3
CP142619.1	238406	238431	2
CP142619.1	238431	238469	1
CP142619.1	238469	238470	0
CP142619.1	238470	238527	1
CP142619.1	238527	238589	0
CP142619.1	238589	238744	1
CP142619.1	238744	238746	0
CP142619.1	238746	238906	1
CP142619.1	238906	239285	0
CP142619.1	239285	239325	1
CP142619.1	239325	239326	0
CP142619.1	239326	239341	1
CP142619.1	239341	239342	0
CP142619.1	239342	239427	1
CP142619.1	239427	239507	0
CP142619.1	239507	239667	1
CP142619.1	239667	239739	0
CP142619.1	239739	239773	1
CP142619.1	239773	239777	0
CP142619.1	239777	239783	1
CP142619.1	239783	239831	2
CP142619.1	239831	239917	1
CP142619.1	239917	239923	0
CP142619.1	239923	239926	1
CP142619.1	239926	239937	2
CP142619.1	239937	239939	1
CP142619.1	239939	239942	2
CP142619.1	239942	239944	1
CP142619.1	239944	239971	2
CP142619.1	239971	239976	1
CP142619.1	239976	239982	2
CP142619.1	239982	239985	1
CP142619.1	239985	240044	2
CP142619.1	240044	240047	1
CP142619.1	240047	240049	0
CP142619.1	240049	240055	1
CP142619.1	240055	240084	2
CP142619.1	240084	240245	1
CP142619.1	240245	240269	2
CP142619.1	240269	240354	1
CP142619.1	240354	240357	0
CP142619.1	240357	240427	1
CP142619.1	240427	240540	2
CP142619.1	240540	240541	1
CP142619.1	240541	240567	2
CP142619.1	240567	240619	1
CP142619.1	240619	240704	0
CP142619.1	240704	240784	1
CP142619.1	240784	240785	0
CP142619.1	240785	240804	1
CP142619.1	240804	240821	2
CP142619.1	240821	240822	1
CP142619.1	240822	240884	2
CP142619.1	240884	240959	1
CP142619.1	240959	241081	0
CP142619.1	241081	241099	1
CP142619.1	241099	241102	0
CP142619.1	241102	241172	1
CP142619.1	241172	241320	0
CP142619.1	241320	241403	1
CP142619.1	241403	241406	0
CP142619.1	241406	241475	1
CP142619.1	241475	241492	2
CP142619.1	241492	241493	1
CP142619.1	241493	241625	2
CP142619.1	241625	241703	1
CP142619.1	241703	241708	0
CP142619.1	241708	241720	1
CP142619.1	241720	241723	0
CP142619.1	241723	241734	1
CP142619.1	241734	241735	0
CP142619.1	241735	241738	1
CP142619.1	241738	241741	0
CP142619.1	241741	241759	1
CP142619.1	241759	241762	0
CP142619.1	241762	241873	1
CP142619.1	241873	241892	2
CP142619.1	241892	241893	1
CP142619.1	241893	241895	2
CP142619.1	241895	241897	3
CP142619.1	241897	241958	2
CP142619.1	241958	242099	1
CP142619.1	242099	242637	0
CP142619.1	242637	242678	1
CP142619.1	242678	242712	2
CP142619.1	242712	242750	1
CP142619.1	242750	242847	2
CP142619.1	242847	242848	1
CP142619.1	242848	242984	0
CP142619.1	242984	243061	1
CP142619.1	243061	243147	2
CP142619.1	243147	243245	1
CP142619.1	243245	243252	0
CP142619.1	243252	243315	1
CP142619.1	243315	243332	0
CP142619.1	243332	243400	1
CP142619.1	243400	243401	0
CP142619.1	243401	243452	1
CP142619.1	243452	243613	0
CP142619.1	243613	243754	1
CP142619.1	243754	243800	0
CP142619.1	243800	243841	1
CP142619.1	243841	243967	2
CP142619.1	243967	243970	1
CP142619.1	243970	243996	2
CP142619.1	243996	244102	1
CP142619.1	244102	244103	0
CP142619.1	244103	244269	1
CP142619.1	244269	244327	0
CP142619.1	244327	244486	1
CP142619.1	244486	244487	0
CP142619.1	244487	244558	1
CP142619.1	244558	244790	0
CP142619.1	244790	244831	1
CP142619.1	244831	244882	0
CP142619.1	244882	244927	1
CP142619.1	244927	244931	2
CP142619.1	244931	244946	1
CP142619.1	244946	244952	0
CP142619.1	244952	244998	1
CP142619.1	244998	245039	2
CP142619.1	245039	245040	1
CP142619.1	245040	245100	2
CP142619.1	245100	245133	1
CP142619.1	245133	245135	0
CP142619.1	245135	245184	1
CP142619.1	245184	245186	0
CP142619.1	245186	245217	1
CP142619.1	245217	245219	0
CP142619.1	245219	245317	1
CP142619.1	245317	245379	2
CP142619.1	245379	245463	1
CP142619.1	245463	245568	0
CP142619.1	245568	245638	1
CP142619.1	245638	245859	0
CP142619.1	245859	245939	1
CP142619.1	245939	245953	0
CP142619.1	245953	246034	1
CP142619.1	246034	246062	2
CP142619.1	246062	246072	1
CP142619.1	246072	246073	0
CP142619.1	246073	246093	1
CP142619.1	246093	246172	0
CP142619.1	246172	246183	1
CP142619.1	246183	246190	2
CP142619.1	246190	246251	3
CP142619.1	246251	246293	2
CP142619.1	246293	246294	1
CP142619.1	246294	246298	2
CP142619.1	246298	246376	1
CP142619.1	246376	246437	0
CP142619.1	246437	246438	1
CP142619.1	246438	246458	3
CP142619.1	246458	246459	2
CP142619.1	246459	246490	3
CP142619.1	246490	246493	2
CP142619.1	246493	246515	1
CP142619.1	246515	246526	0
CP142619.1	246526	246578	1
CP142619.1	246578	246641	0
CP142619.1	246641	246659	1
CP142619.1	246659	246664	0
CP142619.1	246664	246741	1
CP142619.1	246741	246908	0
CP142619.1	246908	246913	1
CP142619.1	246913	246914	0
CP142619.1	246914	246936	1
CP142619.1	246936	246937	0
CP142619.1	246937	247063	1
CP142619.1	247063	247274	0
CP142619.1	247274	247349	1
CP142619.1	247349	247822	0
CP142619.1	247822	247864	1
CP142619.1	247864	247868	0
CP142619.1	247868	247888	1
CP142619.1	247888	247901	2
CP142619.1	247901	247902	1
CP142619.1	247902	247910	2
CP142619.1	247910	247911	1
CP142619.1	247911	247915	2
CP142619.1	247915	247918	1
CP142619.1	247918	247924	2
CP142619.1	247924	247926	1
CP142619.1	247926	247946	2
CP142619.1	247946	247955	1
CP142619.1	247955	247963	0
CP142619.1	247963	248031	1
CP142619.1	248031	248097	0
CP142619.1	248097	248156	1
CP142619.1	248156	248230	0
CP142619.1	248230	248264	1
CP142619.1	248264	248267	0
CP142619.1	248267	248341	1
CP142619.1	248341	248368	0
CP142619.1	248368	248412	1
CP142619.1	248412	248416	0
CP142619.1	248416	248458	1
CP142619.1	248458	248460	0
CP142619.1	248460	248467	1
CP142619.1	248467	248469	2
CP142619.1	248469	248474	3
CP142619.1	248474	248583	2
CP142619.1	248583	248700	1
CP142619.1	248700	248832	0
CP142619.1	248832	248899	1
CP142619.1	248899	248900	0
CP142619.1	248900	249025	1
CP142619.1	249025	249026	2
CP142619.1	249026	249027	1
CP142619.1	249027	249085	2
CP142619.1	249085	249089	1
CP142619.1	249089	249427	0
CP142619.1	249427	249448	1
CP142619.1	249448	249452	0
CP142619.1	249452	249516	1
CP142619.1	249516	249518	0
CP142619.1	249518	249552	1
CP142619.1	249552	249558	0
CP142619.1	249558	249614	1
CP142619.1	249614	249615	0
CP142619.1	249615	249741	1
CP142619.1	249741	249776	2
CP142619.1	249776	249798	1
CP142619.1	249798	249799	0
CP142619.1	249799	249813	1
CP142619.1	249813	249814	0
CP142619.1	249814	249840	1
CP142619.1	249840	249841	0
CP142619.1	249841	249923	1
CP142619.1	249923	249982	0
CP142619.1	249982	250134	1
CP142619.1	250134	250201	0
CP142619.1	250201	250295	1
CP142619.1	250295	250482	0
CP142619.1	250482	250485	1
CP142619.1	250485	250486	2
CP142619.1	250486	250522	3
CP142619.1	250522	250527	2
CP142619.1	250527	250538	3
CP142619.1	250538	250561	2
CP142619.1	250561	250701	1
CP142619.1	250701	250829	0
CP142619.1	250829	250863	1
CP142619.1	250863	250906	2
CP142619.1	250906	251001	3
CP142619.1	251001	251050	4
CP142619.1	251050	251071	3
CP142619.1	251071	251095	2
CP142619.1	251095	251126	3
CP142619.1	251126	251182	2
CP142619.1	251182	251210	1
CP142619.1	251210	251211	0
CP142619.1	251211	251272	1
CP142619.1	251272	251286	0
CP142619.1	251286	251372	1
CP142619.1	251372	251522	0
CP142619.1	251522	251568	1
CP142619.1	251568	251663	0
CP142619.1	251663	251759	1
CP142619.1	251759	251767	2
CP142619.1	251767	251768	1
CP142619.1	251768	251814	2
CP142619.1	251814	251903	1
CP142619.1	251903	251934	2
CP142619.1	251934	251935	1
CP142619.1	251935	252012	2
CP142619.1	252012	252030	1
CP142619.1	252030	252031	0
CP142619.1	252031	252053	1
CP142619.1	252053	252159	0
CP142619.1	252159	252209	1
CP142619.1	252209	252210	0
CP142619.1	252210	252328	1
CP142619.1	252328	252690	0
CP142619.1	252690	252726	1
CP142619.1	252726	252728	0
CP142619.1	252728	252740	1
CP142619.1	252740	252741	0
CP142619.1	252741	252795	1
CP142619.1	252795	252796	2
CP142619.1	252796	252816	3
CP142619.1	252816	252820	2
CP142619.1	252820	252825	1
CP142619.1	252825	252832	2
CP142619.1	252832	252833	1
CP142619.1	252833	252840	2
CP142619.1	252840	252858	3
CP142619.1	252858	252867	2
CP142619.1	252867	252894	3
CP142619.1	252894	252986	2
CP142619.1	252986	252987	1
CP142619.1	252987	253026	2
CP142619.1	253026	253043	1
CP142619.1	253043	253207	0
CP142619.1	253207	253237	2
CP142619.1	253237	253243	1
CP142619.1	253243	253245	2
CP142619.1	253245	253287	3
CP142619.1	253287	253288	2
CP142619.1	253288	253327	3
CP142619.1	253327	253331	2
CP142619.1	253331	253376	3
CP142619.1	253376	253385	2
CP142619.1	253385	253458	1
CP142619.1	253458	253482	2
CP142619.1	253482	253486	1
CP142619.1	253486	253490	2
CP142619.1	253490	253493	3
CP142619.1	253493	253496	2
CP142619.1	253496	253515	3
CP142619.1	253515	253543	2
CP142619.1	253543	253551	1
CP142619.1	253551	253586	2
CP142619.1	253586	253594	3
CP142619.1	253594	253650	2
CP142619.1	253650	253653	1
CP142619.1	253653	253694	2
CP142619.1	253694	253695	1
CP142619.1	253695	253734	2
CP142619.1	253734	253826	1
CP142619.1	253826	253827	0
CP142619.1	253827	253865	1
CP142619.1	253865	254117	0
CP142619.1	254117	254191	1
CP142619.1	254191	254280	0
CP142619.1	254280	254307	1
CP142619.1	254307	254322	2
CP142619.1	254322	254367	3
CP142619.1	254367	254378	2
CP142619.1	254378	254379	1
CP142619.1	254379	254389	2
CP142619.1	254389	254405	1
CP142619.1	254405	254546	0
CP142619.1	254546	254635	1
CP142619.1	254635	254636	0
CP142619.1	254636	254653	1
CP142619.1	254653	254782	0
CP142619.1	254782	254919	1
CP142619.1	254919	254987	0
CP142619.1	254987	255067	1
CP142619.1	255067	255459	0
CP142619.1	255459	255588	1
CP142619.1	255588	255641	2
CP142619.1	255641	255648	1
CP142619.1	255648	255654	2
CP142619.1	255654	255810	1
CP142619.1	255810	255954	0
CP142619.1	255954	256022	1
CP142619.1	256022	256023	0
CP142619.1	256023	256031	1
CP142619.1	256031	256198	2
CP142619.1	256198	256236	1
CP142619.1	256236	256294	2
CP142619.1	256294	256295	1
CP142619.1	256295	256313	2
CP142619.1	256313	256338	3
CP142619.1	256338	256365	2
CP142619.1	256365	256396	1
CP142619.1	256396	256397	0
CP142619.1	256397	256553	1
CP142619.1	256553	256554	0
CP142619.1	256554	256601	1
CP142619.1	256601	256667	0
CP142619.1	256667	256697	1
CP142619.1	256697	256701	0
CP142619.1	256701	256746	1
CP142619.1	256746	257250	0
CP142619.1	257250	257260	1
CP142619.1	257260	257261	0
CP142619.1	257261	257301	1
CP142619.1	257301	257460	2
CP142619.1	257460	257554	1
CP142619.1	257554	257559	0
CP142619.1	257559	257565	1
CP142619.1	257565	257566	0
CP142619.1	257566	257573	1
CP142619.1	257573	257602	2
CP142619.1	257602	257619	1
CP142619.1	257619	257635	0
CP142619.1	257635	257803	1
CP142619.1	257803	258364	0
CP142619.1	258364	258407	1
CP142619.1	258407	258416	2
CP142619.1	258416	258417	1
CP142619.1	258417	258452	2
CP142619.1	258452	258453	1
CP142619.1	258453	258480	2
CP142619.1	258480	258592	1
CP142619.1	258592	258775	0
CP142619.1	258775	258786	1
CP142619.1	258786	258788	0
CP142619.1	258788	258860	1
CP142619.1	258860	258872	2
CP142619.1	258872	258923	1
CP142619.1	258923	258935	2
CP142619.1	258935	258952	1
CP142619.1	258952	258962	0
CP142619.1	258962	259003	1
CP142619.1	259003	259480	0
CP142619.1	259480	259500	1
CP142619.1	259500	259501	0
CP142619.1	259501	259523	1
CP142619.1	259523	259524	2
CP142619.1	259524	259527	1
CP142619.1	259527	259548	2
CP142619.1	259548	259606	1
CP142619.1	259606	259607	0
CP142619.1	259607	259689	1
CP142619.1	259689	259691	0
CP142619.1	259691	259768	1
CP142619.1	259768	260220	0
CP142619.1	260220	260421	1
CP142619.1	260421	260729	0
CP142619.1	260729	260893	1
CP142619.1	260893	260953	0
CP142619.1	260953	261010	1
CP142619.1	261010	261651	0
CP142619.1	261651	261654	1
CP142619.1	261654	261655	0
CP142619.1	261655	261881	1
CP142619.1	261881	262159	0
CP142619.1	262159	262357	1
CP142619.1	262357	262456	0
CP142619.1	262456	262526	1
CP142619.1	262526	262900	0
CP142619.1	262900	262949	1
CP142619.1	262949	262950	0
CP142619.1	262950	262982	1
CP142619.1	262982	262999	2
CP142619.1	262999	263192	1
CP142619.1	263192	263198	2
CP142619.1	263198	263262	1
CP142619.1	263262	263263	0
CP142619.1	263263	263275	1
CP142619.1	263275	263298	2
CP142619.1	263298	263299	1
CP142619.1	263299	263311	2
CP142619.1	263311	263332	3
CP142619.1	263332	263335	2
CP142619.1	263335	263350	3
CP142619.1	263350	263351	2
CP142619.1	263351	263362	3
CP142619.1	263362	263384	2
CP142619.1	263384	263385	1
CP142619.1	263385	263424	2
CP142619.1	263424	263425	1
CP142619.1	263425	263431	2
CP142619.1	263431	263447	1
CP142619.1	263447	263448	0
CP142619.1	263448	263477	1
CP142619.1	263477	263479	0
CP142619.1	263479	263596	1
CP142619.1	263596	264042	0
CP142619.1	264042	264075	1
CP142619.1	264075	264137	2
CP142619.1	264137	264165	1
CP142619.1	264165	264245	0
CP142619.1	264245	264295	1
CP142619.1	264295	264297	0
CP142619.1	264297	264313	1
CP142619.1	264313	264858	0
CP142619.1	264858	264916	1
CP142619.1	264916	264989	0
CP142619.1	264989	264999	1
CP142619.1	264999	265166	2
CP142619.1	265166	265218	1
CP142619.1	265218	265264	0
CP142619.1	265264	265336	1
CP142619.1	265336	265464	0
CP142619.1	265464	265558	1
CP142619.1	265558	265590	2
CP142619.1	265590	265791	1
CP142619.1	265791	265895	0
CP142619.1	265895	265976	1
CP142619.1	265976	266169	0
CP142619.1	266169	266199	1
CP142619.1	266199	266202	0
CP142619.1	266202	266231	1
CP142619.1	266231	266232	0
CP142619.1	266232	266266	1
CP142619.1	266266	266912	0
CP142619.1	266912	266984	1
CP142619.1	266984	267068	2
CP142619.1	267068	267071	1
CP142619.1	267071	267371	0
CP142619.1	267371	267477	1
CP142619.1	267477	267499	0
CP142619.1	267499	267529	1
CP142619.1	267529	267548	2
CP142619.1	267548	267549	1
CP142619.1	267549	267552	0
CP142619.1	267552	267567	1
CP142619.1	267567	267570	0
CP142619.1	267570	267600	1
CP142619.1	267600	267604	0
CP142619.1	267604	267614	1
CP142619.1	267614	267617	0
CP142619.1	267617	267636	1
CP142619.1	267636	267729	0
CP142619.1	267729	267760	1
CP142619.1	267760	267831	2
CP142619.1	267831	267832	1
CP142619.1	267832	267846	2
CP142619.1	267846	267857	1
CP142619.1	267857	267873	0
CP142619.1	267873	268121	1
CP142619.1	268121	268364	0
CP142619.1	268364	268575	1
CP142619.1	268575	268581	2
CP142619.1	268581	268630	1
CP142619.1	268630	268689	2
CP142619.1	268689	268693	1
CP142619.1	268693	268699	0
CP142619.1	268699	268818	1
CP142619.1	268818	268819	0
CP142619.1	268819	268998	1
CP142619.1	268998	269005	0
CP142619.1	269005	269155	1
CP142619.1	269155	269163	0
CP142619.1	269163	269185	1
CP142619.1	269185	269217	2
CP142619.1	269217	269225	1
CP142619.1	269225	269273	2
CP142619.1	269273	269275	3
CP142619.1	269275	269278	2
CP142619.1	269278	269285	3
CP142619.1	269285	269350	2
CP142619.1	269350	269414	1
CP142619.1	269414	269425	2
CP142619.1	269425	269454	3
CP142619.1	269454	269455	1
CP142619.1	269455	269472	3
CP142619.1	269472	269495	4
CP142619.1	269495	269507	3
CP142619.1	269507	269536	4
CP142619.1	269536	269537	3
CP142619.1	269537	269540	4
CP142619.1	269540	269581	3
CP142619.1	269581	269589	2
CP142619.1	269589	269702	1
CP142619.1	269702	270221	0
CP142619.1	270221	270271	1
CP142619.1	270271	270273	0
CP142619.1	270273	270291	1
CP142619.1	270291	270292	2
CP142619.1	270292	270383	3
CP142619.1	270383	270417	2
CP142619.1	270417	270425	1
CP142619.1	270425	270426	0
CP142619.1	270426	270429	1
CP142619.1	270429	270469	0
CP142619.1	270469	270516	1
CP142619.1	270516	270517	0
CP142619.1	270517	270555	1
CP142619.1	270555	270563	0
CP142619.1	270563	270596	1
CP142619.1	270596	270633	0
CP142619.1	270633	270676	1
CP142619.1	270676	270686	0
CP142619.1	270686	270737	1
CP142619.1	270737	270826	0
CP142619.1	270826	270839	1
CP142619.1	270839	270841	2
CP142619.1	270841	270842	1
CP142619.1	270842	270878	2
CP142619.1	270878	270900	3
CP142619.1	270900	270946	2
CP142619.1	270946	271215	1
CP142619.1	271215	271293	0
CP142619.1	271293	271360	1
CP142619.1	271360	271361	0
CP142619.1	271361	271382	1
CP142619.1	271382	271732	0
CP142619.1	271732	271770	1
CP142619.1	271770	271785	0
CP142619.1	271785	271867	1
CP142619.1	271867	271869	0
CP142619.1	271869	271947	1
CP142619.1	271947	272348	0
CP142619.1	272348	272417	1
CP142619.1	272417	272788	0
CP142619.1	272788	272818	1
CP142619.1	272818	272822	0
CP142619.1	272822	272865	1
CP142619.1	272865	272866	0
CP142619.1	272866	272931	1
CP142619.1	272931	273015	0
CP142619.1	273015	273154	1
CP142619.1	273154	273155	0
CP142619.1	273155	273263	1
CP142619.1	273263	273275	2
CP142619.1	273275	273354	3
CP142619.1	273354	273361	2
CP142619.1	273361	273388	1
CP142619.1	273388	273409	0
CP142619.1	273409	273463	1
CP142619.1	273463	273487	2
CP142619.1	273487	273488	1
CP142619.1	273488	273501	2
CP142619.1	273501	273536	1
CP142619.1	273536	273565	2
CP142619.1	273565	273585	1
CP142619.1	273585	273586	0
CP142619.1	273586	273636	1
CP142619.1	273636	273640	0
CP142619.1	273640	273682	1
CP142619.1	273682	273683	2
CP142619.1	273683	273685	1
CP142619.1	273685	273794	2
CP142619.1	273794	273800	1
CP142619.1	273800	273859	2
CP142619.1	273859	273860	1
CP142619.1	273860	273893	2
CP142619.1	273893	273921	3
CP142619.1	273921	274013	2
CP142619.1	274013	274052	1
CP142619.1	274052	274178	0
CP142619.1	274178	274307	1
CP142619.1	274307	274458	0
CP142619.1	274458	274558	1
CP142619.1	274558	274594	2
CP142619.1	274594	274597	1
CP142619.1	274597	274637	2
CP142619.1	274637	274661	3
CP142619.1	274661	274663	2
CP142619.1	274663	274785	1
CP142619.1	274785	274797	0
CP142619.1	274797	274865	1
CP142619.1	274865	275220	0
CP142619.1	275220	275243	1
CP142619.1	275243	275244	0
CP142619.1	275244	275266	1
CP142619.1	275266	275397	0
CP142619.1	275397	275413	1
CP142619.1	275413	275452	2
CP142619.1	275452	275600	1
CP142619.1	275600	275645	0
CP142619.1	275645	275659	1
CP142619.1	275659	275696	2
CP142619.1	275696	275697	1
CP142619.1	275697	275739	2
CP142619.1	275739	275833	1
CP142619.1	275833	275891	0
CP142619.1	275891	275899	1
CP142619.1	275899	275905	2
CP142619.1	275905	275923	3
CP142619.1	275923	275949	4
CP142619.1	275949	275966	3
CP142619.1	275966	276004	2
CP142619.1	276004	276008	0
CP142619.1	276008	276038	2
CP142619.1	276038	276039	1
CP142619.1	276039	276091	2
CP142619.1	276091	276114	1
CP142619.1	276114	276121	2
CP142619.1	276121	276205	1
CP142619.1	276205	276283	2
CP142619.1	276283	276302	1
CP142619.1	276302	276303	0
CP142619.1	276303	276329	1
CP142619.1	276329	276330	0
CP142619.1	276330	276385	1
CP142619.1	276385	276422	2
CP142619.1	276422	276423	0
CP142619.1	276423	276445	2
CP142619.1	276445	276488	3
CP142619.1	276488	276521	2
CP142619.1	276521	276526	1
CP142619.1	276526	276527	0
CP142619.1	276527	276531	1
CP142619.1	276531	276591	2
CP142619.1	276591	276626	1
CP142619.1	276626	276857	0
CP142619.1	276857	276950	1
CP142619.1	276950	276956	2
CP142619.1	276956	276968	1
CP142619.1	276968	277061	2
CP142619.1	277061	277137	1
CP142619.1	277137	277176	0
CP142619.1	277176	277220	1
CP142619.1	277220	277268	2
CP142619.1	277268	277345	1
CP142619.1	277345	277346	0
CP142619.1	277346	277370	1
CP142619.1	277370	277383	0
CP142619.1	277383	277461	1
CP142619.1	277461	277471	0
CP142619.1	277471	277530	1
CP142619.1	277530	277537	0
CP142619.1	277537	277564	1
CP142619.1	277564	277593	0
CP142619.1	277593	277658	1
CP142619.1	277658	277702	2
CP142619.1	277702	277719	3
CP142619.1	277719	277744	4
CP142619.1	277744	277760	5
CP142619.1	277760	277761	2
CP142619.1	277761	277796	5
CP142619.1	277796	277797	4
CP142619.1	277797	277810	3
CP142619.1	277810	277817	2
CP142619.1	277817	277821	1
CP142619.1	277821	277860	2
CP142619.1	277860	277861	0
CP142619.1	277861	277862	1
CP142619.1	277862	277935	2
CP142619.1	277935	277938	1
CP142619.1	277938	277958	3
CP142619.1	277958	277986	2
CP142619.1	277986	277987	1
CP142619.1	277987	277992	2
CP142619.1	277992	278057	3
CP142619.1	278057	278095	2
CP142619.1	278095	278096	3
CP142619.1	278096	278098	2
CP142619.1	278098	278105	3
CP142619.1	278105	278125	2
CP142619.1	278125	278127	1
CP142619.1	278127	278131	2
CP142619.1	278131	278241	1
CP142619.1	278241	278244	2
CP142619.1	278244	278269	1
CP142619.1	278269	278270	0
CP142619.1	278270	278322	1
CP142619.1	278322	278338	0
CP142619.1	278338	278372	1
CP142619.1	278372	278780	0
CP142619.1	278780	278858	1
CP142619.1	278858	279100	0
CP142619.1	279100	279387	1
CP142619.1	279387	279461	2
CP142619.1	279461	279484	1
CP142619.1	279484	279493	0
CP142619.1	279493	279495	1
CP142619.1	279495	279554	2
CP142619.1	279554	279627	1
CP142619.1	279627	279707	2
CP142619.1	279707	279720	3
CP142619.1	279720	279737	2
CP142619.1	279737	279753	1
CP142619.1	279753	279815	2
CP142619.1	279815	279817	1
CP142619.1	279817	279842	0
CP142619.1	279842	279918	1
CP142619.1	279918	279920	0
CP142619.1	279920	280021	1
CP142619.1	280021	280047	0
CP142619.1	280047	280131	1
CP142619.1	280131	280132	0
CP142619.1	280132	280158	1
CP142619.1	280158	280159	0
CP142619.1	280159	280176	1
CP142619.1	280176	280704	0
CP142619.1	280704	280725	1
CP142619.1	280725	280732	0
CP142619.1	280732	280820	1
CP142619.1	280820	280829	0
CP142619.1	280829	280911	1
CP142619.1	280911	280922	2
CP142619.1	280922	281080	1
CP142619.1	281080	281344	0
CP142619.1	281344	281425	1
CP142619.1	281425	281716	0
CP142619.1	281716	281780	1
CP142619.1	281780	281892	0
CP142619.1	281892	282020	1
CP142619.1	282020	282051	2
CP142619.1	282051	282052	1
CP142619.1	282052	282121	2
CP142619.1	282121	282172	1
CP142619.1	282172	282295	0
CP142619.1	282295	282374	1
CP142619.1	282374	282379	0
CP142619.1	282379	282514	1
CP142619.1	282514	282517	0
CP142619.1	282517	282586	1
CP142619.1	282586	282622	2
CP142619.1	282622	282654	1
CP142619.1	282654	282655	0
CP142619.1	282655	282756	1
CP142619.1	282756	282757	0
CP142619.1	282757	282797	1
CP142619.1	282797	282868	2
CP142619.1	282868	282883	1
CP142619.1	282883	282884	0
CP142619.1	282884	282896	1
CP142619.1	282896	282951	2
CP142619.1	282951	282963	1
CP142619.1	282963	282998	0
CP142619.1	282998	283044	1
CP142619.1	283044	283698	0
CP142619.1	283698	283719	1
CP142619.1	283719	283728	2
CP142619.1	283728	283730	1
CP142619.1	283730	283769	2
CP142619.1	283769	283772	1
CP142619.1	283772	283806	2
CP142619.1	283806	283833	1
CP142619.1	283833	283883	2
CP142619.1	283883	283889	1
CP142619.1	283889	283932	0
CP142619.1	283932	284018	1
CP142619.1	284018	284021	0
CP142619.1	284021	284063	1
CP142619.1	284063	284097	0
CP142619.1	284097	284174	1
CP142619.1	284174	284188	0
CP142619.1	284188	284260	1
CP142619.1	284260	284301	2
CP142619.1	284301	284302	1
CP142619.1	284302	284340	2
CP142619.1	284340	284341	1
CP142619.1	284341	284387	2
CP142619.1	284387	284393	1
CP142619.1	284393	284498	2
CP142619.1	284498	284709	1
CP142619.1	284709	284742	2
CP142619.1	284742	284743	1
CP142619.1	284743	284745	2
CP142619.1	284745	284746	1
CP142619.1	284746	284757	2
CP142619.1	284757	284799	1
CP142619.1	284799	284801	0
CP142619.1	284801	284819	1
CP142619.1	284819	284923	0
CP142619.1	284923	284930	1
CP142619.1	284930	284979	2
CP142619.1	284979	284980	1
CP142619.1	284980	284993	2
CP142619.1	284993	285054	3
CP142619.1	285054	285090	2
CP142619.1	285090	285161	1
CP142619.1	285161	285383	0
CP142619.1	285383	285392	1
CP142619.1	285392	285394	0
CP142619.1	285394	285400	1
CP142619.1	285400	285449	2
CP142619.1	285449	285450	1
CP142619.1	285450	285460	2
CP142619.1	285460	285641	1
CP142619.1	285641	285883	0
CP142619.1	285883	285940	1
CP142619.1	285940	285941	0
CP142619.1	285941	286114	1
CP142619.1	286114	286732	0
CP142619.1	286732	286760	1
CP142619.1	286760	286765	0
CP142619.1	286765	286833	1
CP142619.1	286833	286951	0
CP142619.1	286951	287005	1
CP142619.1	287005	287010	2
CP142619.1	287010	287032	3
CP142619.1	287032	287034	2
CP142619.1	287034	287039	3
CP142619.1	287039	287040	2
CP142619.1	287040	287047	3
CP142619.1	287047	287048	1
CP142619.1	287048	287056	3
CP142619.1	287056	287060	0
CP142619.1	287060	287061	2
CP142619.1	287061	287085	3
CP142619.1	287085	287109	2
CP142619.1	287109	287129	1
CP142619.1	287129	287202	0
CP142619.1	287202	287355	1
CP142619.1	287355	287361	0
CP142619.1	287361	287389	1
CP142619.1	287389	287546	0
CP142619.1	287546	287582	1
CP142619.1	287582	287599	2
CP142619.1	287599	287603	3
CP142619.1	287603	287686	2
CP142619.1	287686	287692	1
CP142619.1	287692	287693	0
CP142619.1	287693	287758	2
CP142619.1	287758	287875	1
CP142619.1	287875	287941	0
CP142619.1	287941	287942	1
CP142619.1	287942	288041	2
CP142619.1	288041	288072	1
CP142619.1	288072	288073	0
CP142619.1	288073	288211	1
CP142619.1	288211	288245	2
CP142619.1	288245	288246	1
CP142619.1	288246	288319	2
CP142619.1	288319	288327	1
CP142619.1	288327	288405	0
CP142619.1	288405	288480	1
CP142619.1	288480	288511	2
CP142619.1	288511	288529	1
CP142619.1	288529	288539	2
CP142619.1	288539	288541	1
CP142619.1	288541	288588	2
CP142619.1	288588	288591	1
CP142619.1	288591	288601	2
CP142619.1	288601	288602	3
CP142619.1	288602	288606	2
CP142619.1	288606	288626	3
CP142619.1	288626	288642	4
CP142619.1	288642	288675	3
CP142619.1	288675	288677	2
CP142619.1	288677	288723	1
CP142619.1	288723	288724	0
CP142619.1	288724	288809	1
CP142619.1	288809	288880	0
CP142619.1	288880	288986	1
CP142619.1	288986	289089	0
CP142619.1	289089	289097	1
CP142619.1	289097	289154	2
CP142619.1	289154	289178	1
CP142619.1	289178	289193	0
CP142619.1	289193	289219	1
CP142619.1	289219	289227	2
CP142619.1	289227	289328	3
CP142619.1	289328	289337	2
CP142619.1	289337	289338	1
CP142619.1	289338	289362	2
CP142619.1	289362	289370	1
CP142619.1	289370	289388	2
CP142619.1	289388	289458	3
CP142619.1	289458	289460	2
CP142619.1	289460	289472	1
CP142619.1	289472	289518	2
CP142619.1	289518	289538	1
CP142619.1	289538	289699	0
CP142619.1	289699	289707	1
CP142619.1	289707	289744	2
CP142619.1	289744	289745	1
CP142619.1	289745	289760	2
CP142619.1	289760	289860	1
CP142619.1	289860	289861	0
CP142619.1	289861	289941	1
CP142619.1	289941	289995	0
CP142619.1	289995	290146	1
CP142619.1	290146	290197	2
CP142619.1	290197	290198	0
CP142619.1	290198	290243	2
CP142619.1	290243	290249	3
CP142619.1	290249	290323	2
CP142619.1	290323	290329	1
CP142619.1	290329	290517	0
CP142619.1	290517	290690	1
CP142619.1	290690	290772	0
CP142619.1	290772	290841	1
CP142619.1	290841	290846	0
CP142619.1	290846	290972	1
CP142619.1	290972	291084	0
CP142619.1	291084	291117	1
CP142619.1	291117	291122	2
CP142619.1	291122	291263	1
CP142619.1	291263	291394	0
CP142619.1	291394	291453	1
CP142619.1	291453	291532	0
CP142619.1	291532	291731	1
CP142619.1	291731	291738	0
CP142619.1	291738	291780	1
CP142619.1	291780	291970	0
CP142619.1	291970	292016	1
CP142619.1	292016	292018	0
CP142619.1	292018	292046	1
CP142619.1	292046	292072	0
CP142619.1	292072	292103	1
CP142619.1	292103	292121	0
CP142619.1	292121	292179	1
CP142619.1	292179	292536	0
CP142619.1	292536	292610	1
CP142619.1	292610	292660	2
CP142619.1	292660	292662	1
CP142619.1	292662	292666	2
CP142619.1	292666	292669	1
CP142619.1	292669	292673	2
CP142619.1	292673	292679	1
CP142619.1	292679	292734	2
CP142619.1	292734	292735	1
CP142619.1	292735	292779	2
CP142619.1	292779	292809	1
CP142619.1	292809	292829	2
CP142619.1	292829	292843	1
CP142619.1	292843	292844	0
CP142619.1	292844	292858	1
CP142619.1	292858	292867	0
CP142619.1	292867	292919	1
CP142619.1	292919	292937	2
CP142619.1	292937	292938	1
CP142619.1	292938	292973	2
CP142619.1	292973	292974	1
CP142619.1	292974	293005	3
CP142619.1	293005	293006	2
CP142619.1	293006	293008	3
CP142619.1	293008	293019	2
CP142619.1	293019	293025	1
CP142619.1	293025	293230	0
CP142619.1	293230	293308	1
CP142619.1	293308	293310	0
CP142619.1	293310	293368	1
CP142619.1	293368	293435	2
CP142619.1	293435	293455	1
CP142619.1	293455	293471	2
CP142619.1	293471	293564	1
CP142619.1	293564	293566	0
CP142619.1	293566	293604	1
CP142619.1	293604	293948	0
CP142619.1	293948	293969	1
CP142619.1	293969	293970	0
CP142619.1	293970	294163	1
CP142619.1	294163	294254	0
CP142619.1	294254	294368	1
CP142619.1	294368	294414	0
CP142619.1	294414	294475	1
CP142619.1	294475	294647	0
CP142619.1	294647	294719	1
CP142619.1	294719	294873	0
CP142619.1	294873	294980	1
CP142619.1	294980	295025	0
CP142619.1	295025	295130	1
CP142619.1	295130	295131	0
CP142619.1	295131	295140	1
CP142619.1	295140	295176	2
CP142619.1	295176	295177	0
CP142619.1	295177	295202	2
CP142619.1	295202	295205	1
CP142619.1	295205	295215	0
CP142619.1	295215	295250	1
CP142619.1	295250	295295	2
CP142619.1	295295	295336	1
CP142619.1	295336	295708	0
CP142619.1	295708	296065	1
CP142619.1	296065	296224	0
CP142619.1	296224	296291	1
CP142619.1	296291	296479	0
CP142619.1	296479	296553	1
CP142619.1	296553	296680	0
CP142619.1	296680	296738	1
CP142619.1	296738	297158	0
CP142619.1	297158	297212	1
CP142619.1	297212	297253	2
CP142619.1	297253	297266	1
CP142619.1	297266	297298	0
CP142619.1	297298	297426	1
CP142619.1	297426	297582	0
CP142619.1	297582	297604	1
CP142619.1	297604	297605	0
CP142619.1	297605	297625	1
CP142619.1	297625	297629	0
CP142619.1	297629	297718	1
CP142619.1	297718	297719	0
CP142619.1	297719	297729	1
CP142619.1	297729	297750	2
CP142619.1	297750	297751	1
CP142619.1	297751	297768	2
CP142619.1	297768	297823	3
CP142619.1	297823	297842	4
CP142619.1	297842	297891	3
CP142619.1	297891	297892	2
CP142619.1	297892	297895	3
CP142619.1	297895	297896	2
CP142619.1	297896	297924	3
CP142619.1	297924	297933	2
CP142619.1	297933	297951	1
CP142619.1	297951	298022	2
CP142619.1	298022	298063	1
CP142619.1	298063	298159	0
CP142619.1	298159	298340	1
CP142619.1	298340	298803	0
CP142619.1	298803	298826	1
CP142619.1	298826	298827	0
CP142619.1	298827	298862	1
CP142619.1	298862	298924	2
CP142619.1	298924	298927	1
CP142619.1	298927	298931	2
CP142619.1	298931	298934	1
CP142619.1	298934	298941	2
CP142619.1	298941	298952	1
CP142619.1	298952	298990	2
CP142619.1	298990	299008	1
CP142619.1	299008	299013	0
CP142619.1	299013	299056	1
CP142619.1	299056	299065	2
CP142619.1	299065	299066	1
CP142619.1	299066	299072	2
CP142619.1	299072	299074	1
CP142619.1	299074	299110	2
CP142619.1	299110	299114	1
CP142619.1	299114	299126	2
CP142619.1	299126	299163	1
CP142619.1	299163	299166	0
CP142619.1	299166	299185	1
CP142619.1	299185	299785	0
CP142619.1	299785	299847	1
CP142619.1	299847	299849	0
CP142619.1	299849	299911	1
CP142619.1	299911	299917	0
CP142619.1	299917	299962	1
CP142619.1	299962	299981	0
CP142619.1	299981	300158	1
CP142619.1	300158	300169	0
CP142619.1	300169	300269	1
CP142619.1	300269	300419	0
CP142619.1	300419	300463	1
CP142619.1	300463	300516	2
CP142619.1	300516	300518	1
CP142619.1	300518	300520	0
CP142619.1	300520	300559	1
CP142619.1	300559	300561	0
CP142619.1	300561	300562	1
CP142619.1	300562	300608	2
CP142619.1	300608	300689	1
CP142619.1	300689	300739	2
CP142619.1	300739	300761	1
CP142619.1	300761	300765	0
CP142619.1	300765	300803	1
CP142619.1	300803	300856	0
CP142619.1	300856	300903	1
CP142619.1	300903	300905	0
CP142619.1	300905	300916	1
CP142619.1	300916	300917	0
CP142619.1	300917	300943	1
CP142619.1	300943	300962	2
CP142619.1	300962	300982	1
CP142619.1	300982	301022	2
CP142619.1	301022	301025	1
CP142619.1	301025	301065	2
CP142619.1	301065	301097	3
CP142619.1	301097	301114	2
CP142619.1	301114	301131	1
CP142619.1	301131	301270	0
CP142619.1	301270	301324	1
CP142619.1	301324	301442	0
CP142619.1	301442	301586	1
CP142619.1	301586	301628	2
CP142619.1	301628	301660	1
CP142619.1	301660	301661	0
CP142619.1	301661	301702	1
CP142619.1	301702	301737	0
CP142619.1	301737	301762	1
CP142619.1	301762	301780	2
CP142619.1	301780	301781	1
CP142619.1	301781	301800	2
CP142619.1	301800	301806	1
CP142619.1	301806	301809	0
CP142619.1	301809	301831	1
CP142619.1	301831	301898	0
CP142619.1	301898	301945	1
CP142619.1	301945	302100	0
CP142619.1	302100	302180	1
CP142619.1	302180	302181	0
CP142619.1	302181	302206	1
CP142619.1	302206	302228	2
CP142619.1	302228	302266	3
CP142619.1	302266	302267	2
CP142619.1	302267	302272	3
CP142619.1	302272	302276	2
CP142619.1	302276	302279	3
CP142619.1	302279	302324	2
CP142619.1	302324	302333	1
CP142619.1	302333	302568	0
CP142619.1	302568	302641	1
CP142619.1	302641	302642	0
CP142619.1	302642	302823	1
CP142619.1	302823	302990	0
CP142619.1	302990	303087	1
CP142619.1	303087	303169	0
CP142619.1	303169	303197	1
CP142619.1	303197	303202	0
CP142619.1	303202	303240	1
CP142619.1	303240	303402	0
CP142619.1	303402	303487	1
CP142619.1	303487	304679	0
CP142619.1	304679	304725	1
CP142619.1	304725	304743	2
CP142619.1	304743	304744	1
CP142619.1	304744	304745	2
CP142619.1	304745	304753	1
CP142619.1	304753	304760	3
CP142619.1	304760	304767	2
CP142619.1	304767	304806	3
CP142619.1	304806	304808	2
CP142619.1	304808	304812	1
CP142619.1	304812	304863	0
CP142619.1	304863	304937	1
CP142619.1	304937	305025	2
CP142619.1	305025	305081	1
CP142619.1	305081	305082	2
CP142619.1	305082	305096	1
CP142619.1	305096	305098	0
CP142619.1	305098	305149	1
CP142619.1	305149	305180	2
CP142619.1	305180	305181	1
CP142619.1	305181	305227	2
CP142619.1	305227	305230	1
CP142619.1	305230	305270	2
CP142619.1	305270	305331	1
CP142619.1	305331	305668	0
CP142619.1	305668	305723	1
CP142619.1	305723	305724	0
CP142619.1	305724	305794	1
CP142619.1	305794	306081	0
CP142619.1	306081	306249	1
CP142619.1	306249	306270	2
CP142619.1	306270	306285	3
CP142619.1	306285	306297	4
CP142619.1	306297	306301	3
CP142619.1	306301	306303	2
CP142619.1	306303	306305	1
CP142619.1	306305	306351	3
CP142619.1	306351	306353	1
CP142619.1	306353	306373	3
CP142619.1	306373	306374	2
CP142619.1	306374	306381	3
CP142619.1	306381	306403	2
CP142619.1	306403	306431	1
CP142619.1	306431	306559	0
CP142619.1	306559	306602	1
CP142619.1	306602	306633	2
CP142619.1	306633	306787	0
CP142619.1	306787	306813	1
CP142619.1	306813	306817	0
CP142619.1	306817	306871	1
CP142619.1	306871	306875	0
CP142619.1	306875	306888	1
CP142619.1	306888	306889	0
CP142619.1	306889	306945	1
CP142619.1	306945	306946	0
CP142619.1	306946	306973	1
CP142619.1	306973	307002	2
CP142619.1	307002	307019	3
CP142619.1	307019	307020	2
CP142619.1	307020	307050	3
CP142619.1	307050	307080	2
CP142619.1	307080	307083	1
CP142619.1	307083	307089	0
CP142619.1	307089	307120	1
CP142619.1	307120	307123	2
CP142619.1	307123	307227	3
CP142619.1	307227	307243	2
CP142619.1	307243	307244	1
CP142619.1	307244	307361	0
CP142619.1	307361	307623	1
CP142619.1	307623	307633	0
CP142619.1	307633	307655	1
CP142619.1	307655	307661	0
CP142619.1	307661	307846	1
CP142619.1	307846	307882	0
CP142619.1	307882	307886	1
CP142619.1	307886	307927	2
CP142619.1	307927	307928	1
CP142619.1	307928	308015	2
CP142619.1	308015	308077	3
CP142619.1	308077	308079	1
CP142619.1	308079	308092	2
CP142619.1	308092	308094	1
CP142619.1	308094	308117	2
CP142619.1	308117	308188	1
CP142619.1	308188	308217	2
CP142619.1	308217	308258	1
CP142619.1	308258	308260	0
CP142619.1	308260	308295	1
CP142619.1	308295	308306	2
CP142619.1	308306	308307	1
CP142619.1	308307	308315	2
CP142619.1	308315	308317	1
CP142619.1	308317	308349	2
CP142619.1	308349	308357	1
CP142619.1	308357	308409	0
CP142619.1	308409	308525	1
CP142619.1	308525	308526	0
CP142619.1	308526	308666	1
CP142619.1	308666	308758	0
CP142619.1	308758	308841	1
CP142619.1	308841	308885	2
CP142619.1	308885	309059	1
CP142619.1	309059	309105	2
CP142619.1	309105	309119	1
CP142619.1	309119	309128	0
CP142619.1	309128	309178	1
CP142619.1	309178	309231	2
CP142619.1	309231	309257	3
CP142619.1	309257	309278	2
CP142619.1	309278	309344	3
CP142619.1	309344	309363	1
CP142619.1	309363	309463	2
CP142619.1	309463	309465	3
CP142619.1	309465	309474	2
CP142619.1	309474	309491	1
CP142619.1	309491	309492	0
CP142619.1	309492	309520	1
CP142619.1	309520	309524	0
CP142619.1	309524	309674	1
CP142619.1	309674	309784	0
CP142619.1	309784	309816	1
CP142619.1	309816	309907	0
CP142619.1	309907	309969	1
CP142619.1	309969	309982	0
CP142619.1	309982	310061	1
CP142619.1	310061	310259	0
CP142619.1	310259	310364	1
CP142619.1	310364	310380	2
CP142619.1	310380	310518	1
CP142619.1	310518	310547	0
CP142619.1	310547	310563	1
CP142619.1	310563	310566	0
CP142619.1	310566	310635	1
CP142619.1	310635	310849	0
CP142619.1	310849	311008	1
CP142619.1	311008	311010	0
CP142619.1	311010	311102	1
CP142619.1	311102	311501	0
CP142619.1	311501	311646	1
CP142619.1	311646	311653	0
CP142619.1	311653	311705	1
CP142619.1	311705	311918	0
CP142619.1	311918	312088	1
CP142619.1	312088	312089	0
CP142619.1	312089	312103	1
CP142619.1	312103	312306	0
CP142619.1	312306	312408	1
CP142619.1	312408	312425	2
CP142619.1	312425	312521	1
CP142619.1	312521	312522	0
CP142619.1	312522	312569	1
CP142619.1	312569	312717	0
CP142619.1	312717	312786	1
CP142619.1	312786	312788	0
CP142619.1	312788	312829	1
CP142619.1	312829	312908	2
CP142619.1	312908	312973	1
CP142619.1	312973	312999	0
CP142619.1	312999	313077	1
CP142619.1	313077	313819	0
CP142619.1	313819	313883	1
CP142619.1	313883	313935	2
CP142619.1	313935	313937	1
CP142619.1	313937	313940	0
CP142619.1	313940	314096	1
CP142619.1	314096	314184	0
CP142619.1	314184	314277	1
CP142619.1	314277	314304	0
CP142619.1	314304	314519	1
CP142619.1	314519	314548	2
CP142619.1	314548	314558	1
CP142619.1	314558	314566	0
CP142619.1	314566	314591	1
CP142619.1	314591	314594	0
CP142619.1	314594	314599	1
CP142619.1	314599	314607	2
CP142619.1	314607	314661	1
CP142619.1	314661	314671	0
CP142619.1	314671	314672	1
CP142619.1	314672	314712	2
CP142619.1	314712	314715	1
CP142619.1	314715	314772	2
CP142619.1	314772	314773	1
CP142619.1	314773	314777	2
CP142619.1	314777	314841	1
CP142619.1	314841	314846	0
CP142619.1	314846	314911	1
CP142619.1	314911	315095	0
CP142619.1	315095	315163	1
CP142619.1	315163	315177	0
CP142619.1	315177	315213	1
CP142619.1	315213	315234	2
CP142619.1	315234	315235	1
CP142619.1	315235	315268	2
CP142619.1	315268	315325	1
CP142619.1	315325	315326	0
CP142619.1	315326	315331	1
CP142619.1	315331	315335	2
CP142619.1	315335	315380	3
CP142619.1	315380	315384	2
CP142619.1	315384	315388	3
CP142619.1	315388	315391	2
CP142619.1	315391	315393	3
CP142619.1	315393	315394	2
CP142619.1	315394	315418	3
CP142619.1	315418	315431	2
CP142619.1	315431	315432	1
CP142619.1	315432	315433	0
CP142619.1	315433	315435	2
CP142619.1	315435	315440	3
CP142619.1	315440	315445	2
CP142619.1	315445	315447	1
CP142619.1	315447	315533	2
CP142619.1	315533	315534	0
CP142619.1	315534	315599	2
CP142619.1	315599	315606	3
CP142619.1	315606	315655	2
CP142619.1	315655	315743	1
CP142619.1	315743	315751	0
CP142619.1	315751	315802	1
CP142619.1	315802	315989	0
CP142619.1	315989	316148	1
CP142619.1	316148	316273	0
CP142619.1	316273	316428	1
CP142619.1	316428	316431	2
CP142619.1	316431	316455	1
CP142619.1	316455	316456	0
CP142619.1	316456	316596	1
CP142619.1	316596	316644	0
CP142619.1	316644	316685	1
CP142619.1	316685	316688	0
CP142619.1	316688	316717	1
CP142619.1	316717	316723	0
CP142619.1	316723	316943	1
CP142619.1	316943	317050	0
CP142619.1	317050	317095	1
CP142619.1	317095	317135	2
CP142619.1	317135	317160	1
CP142619.1	317160	317186	0
CP142619.1	317186	317317	1
CP142619.1	317317	317769	0
CP142619.1	317769	317852	1
CP142619.1	317852	317992	0
CP142619.1	317992	318028	1
CP142619.1	318028	318075	2
CP142619.1	318075	318079	1
CP142619.1	318079	318114	2
CP142619.1	318114	318130	3
CP142619.1	318130	318154	2
CP142619.1	318154	318156	1
CP142619.1	318156	318179	2
CP142619.1	318179	318235	1
CP142619.1	318235	318247	2
CP142619.1	318247	318339	1
CP142619.1	318339	318346	2
CP142619.1	318346	318358	1
CP142619.1	318358	318359	0
CP142619.1	318359	318402	1
CP142619.1	318402	318452	2
CP142619.1	318452	318453	1
CP142619.1	318453	318465	2
CP142619.1	318465	318468	1
CP142619.1	318468	318569	2
CP142619.1	318569	318570	0
CP142619.1	318570	318596	2
CP142619.1	318596	318601	1
CP142619.1	318601	318612	2
CP142619.1	318612	318614	1
CP142619.1	318614	318687	2
CP142619.1	318687	318719	1
CP142619.1	318719	318800	0
CP142619.1	318800	318810	1
CP142619.1	318810	318811	0
CP142619.1	318811	318818	1
CP142619.1	318818	318892	2
CP142619.1	318892	318893	3
CP142619.1	318893	318904	2
CP142619.1	318904	318970	1
CP142619.1	318970	319007	0
CP142619.1	319007	319026	1
CP142619.1	319026	319029	0
CP142619.1	319029	319074	1
CP142619.1	319074	319602	0
CP142619.1	319602	319632	1
CP142619.1	319632	319741	2
CP142619.1	319741	319787	1
CP142619.1	319787	319794	0
CP142619.1	319794	319893	1
CP142619.1	319893	319923	2
CP142619.1	319923	319939	3
CP142619.1	319939	319996	2
CP142619.1	319996	320112	1
CP142619.1	320112	320539	0
CP142619.1	320539	320716	1
CP142619.1	320716	321230	0
CP142619.1	321230	321238	1
CP142619.1	321238	321287	2
CP142619.1	321287	321288	1
CP142619.1	321288	321302	2
CP142619.1	321302	321322	1
CP142619.1	321322	321343	0
CP142619.1	321343	321445	1
CP142619.1	321445	321516	0
CP142619.1	321516	321702	1
CP142619.1	321702	321876	0
CP142619.1	321876	321903	1
CP142619.1	321903	321913	0
CP142619.1	321913	322046	1
CP142619.1	322046	322083	2
CP142619.1	322083	322137	1
CP142619.1	322137	322142	0
CP142619.1	322142	322162	1
CP142619.1	322162	322227	2
CP142619.1	322227	322229	1
CP142619.1	322229	322236	2
CP142619.1	322236	322260	3
CP142619.1	322260	322262	2
CP142619.1	322262	322274	3
CP142619.1	322274	322286	2
CP142619.1	322286	322291	1
CP142619.1	322291	322348	2
CP142619.1	322348	322469	1
CP142619.1	322469	322477	2
CP142619.1	322477	322478	1
CP142619.1	322478	322521	2
CP142619.1	322521	322557	1
CP142619.1	322557	322569	0
CP142619.1	322569	322585	1
CP142619.1	322585	322617	2
CP142619.1	322617	322618	1
CP142619.1	322618	322678	2
CP142619.1	322678	322683	1
CP142619.1	322683	322779	0
CP142619.1	322779	323075	1
CP142619.1	323075	323087	0
CP142619.1	323087	323135	1
CP142619.1	323135	323197	2
CP142619.1	323197	323248	3
CP142619.1	323248	323257	2
CP142619.1	323257	323284	1
CP142619.1	323284	323402	0
CP142619.1	323402	323413	1
CP142619.1	323413	323498	2
CP142619.1	323498	323503	1
CP142619.1	323503	323524	2
CP142619.1	323524	323637	1
CP142619.1	323637	323647	2
CP142619.1	323647	323686	3
CP142619.1	323686	323693	2
CP142619.1	323693	323694	1
CP142619.1	323694	323713	2
CP142619.1	323713	323724	1
CP142619.1	323724	324116	0
CP142619.1	324116	324201	1
CP142619.1	324201	324212	0
CP142619.1	324212	324252	1
CP142619.1	324252	324295	0
CP142619.1	324295	324327	1
CP142619.1	324327	324391	2
CP142619.1	324391	324392	3
CP142619.1	324392	324402	2
CP142619.1	324402	324509	1
CP142619.1	324509	324631	0
CP142619.1	324631	324699	1
CP142619.1	324699	324711	0
CP142619.1	324711	324757	1
CP142619.1	324757	324770	0
CP142619.1	324770	324795	1
CP142619.1	324795	324826	2
CP142619.1	324826	324933	1
CP142619.1	324933	325273	0
CP142619.1	325273	325284	1
CP142619.1	325284	325290	2
CP142619.1	325290	325337	3
CP142619.1	325337	325338	2
CP142619.1	325338	325369	1
CP142619.1	325369	325410	2
CP142619.1	325410	325422	3
CP142619.1	325422	325423	2
CP142619.1	325423	325427	3
CP142619.1	325427	325428	2
CP142619.1	325428	325446	3
CP142619.1	325446	325457	4
CP142619.1	325457	325505	3
CP142619.1	325505	325553	2
CP142619.1	325553	325686	1
CP142619.1	325686	325751	0
CP142619.1	325751	325782	1
CP142619.1	325782	325783	0
CP142619.1	325783	325925	1
CP142619.1	325925	326108	0
CP142619.1	326108	326264	1
CP142619.1	326264	326266	0
CP142619.1	326266	326312	1
CP142619.1	326312	326313	0
CP142619.1	326313	326341	1
CP142619.1	326341	326584	0
CP142619.1	326584	326614	1
CP142619.1	326614	326616	2
CP142619.1	326616	326620	1
CP142619.1	326620	326656	2
CP142619.1	326656	326665	1
CP142619.1	326665	327011	0
CP142619.1	327011	327054	1
CP142619.1	327054	327303	0
CP142619.1	327303	327335	1
CP142619.1	327335	327337	0
CP142619.1	327337	327344	1
CP142619.1	327344	327345	0
CP142619.1	327345	327420	1
CP142619.1	327420	327457	0
CP142619.1	327457	327514	1
CP142619.1	327514	327581	2
CP142619.1	327581	327596	1
CP142619.1	327596	327687	2
CP142619.1	327687	327708	1
CP142619.1	327708	328019	0
CP142619.1	328019	328093	1
CP142619.1	328093	328096	0
CP142619.1	328096	328126	1
CP142619.1	328126	328290	0
CP142619.1	328290	328389	1
CP142619.1	328389	328544	0
CP142619.1	328544	328615	1
CP142619.1	328615	328761	0
CP142619.1	328761	328845	1
CP142619.1	328845	328848	0
CP142619.1	328848	328866	1
CP142619.1	328866	328869	0
CP142619.1	328869	328900	1
CP142619.1	328900	328901	0
CP142619.1	328901	328919	1
CP142619.1	328919	328924	0
CP142619.1	328924	328985	1
CP142619.1	328985	328987	0
CP142619.1	328987	329020	1
CP142619.1	329020	329053	0
CP142619.1	329053	329075	1
CP142619.1	329075	329108	2
CP142619.1	329108	329120	3
CP142619.1	329120	329132	2
CP142619.1	329132	329200	1
CP142619.1	329200	329719	0
CP142619.1	329719	329721	1
CP142619.1	329721	329743	2
CP142619.1	329743	329744	1
CP142619.1	329744	329776	2
CP142619.1	329776	329817	1
CP142619.1	329817	329885	0
CP142619.1	329885	330029	1
CP142619.1	330029	330337	0
CP142619.1	330337	330379	1
CP142619.1	330379	330517	0
CP142619.1	330517	330661	1
CP142619.1	330661	330856	0
CP142619.1	330856	330972	1
CP142619.1	330972	331151	0
CP142619.1	331151	331225	1
CP142619.1	331225	331601	0
CP142619.1	331601	331787	1
CP142619.1	331787	331790	0
CP142619.1	331790	331816	1
CP142619.1	331816	331850	2
CP142619.1	331850	332068	1
CP142619.1	332068	332069	0
CP142619.1	332069	332142	1
CP142619.1	332142	332193	2
CP142619.1	332193	332194	1
CP142619.1	332194	332527	0
CP142619.1	332527	332614	1
CP142619.1	332614	332615	0
CP142619.1	332615	332632	1
CP142619.1	332632	332656	2
CP142619.1	332656	332747	1
CP142619.1	332747	332841	2
CP142619.1	332841	332853	1
CP142619.1	332853	332902	2
CP142619.1	332902	332908	1
CP142619.1	332908	333274	0
CP142619.1	333274	333365	1
CP142619.1	333365	333585	0
CP142619.1	333585	333640	1
CP142619.1	333640	333641	0
CP142619.1	333641	333736	1
CP142619.1	333736	333763	2
CP142619.1	333763	333798	1
CP142619.1	333798	333828	2
CP142619.1	333828	333829	1
CP142619.1	333829	333857	2
CP142619.1	333857	333887	1
CP142619.1	333887	333979	2
CP142619.1	333979	334007	1
CP142619.1	334007	334189	0
CP142619.1	334189	334259	1
CP142619.1	334259	334557	0
CP142619.1	334557	334606	1
CP142619.1	334606	334609	0
CP142619.1	334609	334610	1
CP142619.1	334610	334650	2
CP142619.1	334650	334691	1
CP142619.1	334691	334694	0
CP142619.1	334694	334808	1
CP142619.1	334808	335077	0
CP142619.1	335077	335163	1
CP142619.1	335163	335275	2
CP142619.1	335275	335303	1
CP142619.1	335303	335801	0
CP142619.1	335801	335886	1
CP142619.1	335886	335920	2
CP142619.1	335920	335924	1
CP142619.1	335924	335973	2
CP142619.1	335973	336003	3
CP142619.1	336003	336122	2
CP142619.1	336122	336155	1
CP142619.1	336155	336225	0
CP142619.1	336225	336284	1
CP142619.1	336284	336285	0
CP142619.1	336285	336396	1
CP142619.1	336396	336786	0
CP142619.1	336786	336903	1
CP142619.1	336903	337099	0
CP142619.1	337099	337195	1
CP142619.1	337195	337276	0
CP142619.1	337276	337363	1
CP142619.1	337363	337364	0
CP142619.1	337364	337393	1
CP142619.1	337393	337408	2
CP142619.1	337408	337456	1
CP142619.1	337456	337488	2
CP142619.1	337488	337507	3
CP142619.1	337507	337525	2
CP142619.1	337525	337554	1
CP142619.1	337554	337557	0
CP142619.1	337557	337607	1
CP142619.1	337607	337877	0
CP142619.1	337877	337951	1
CP142619.1	337951	338180	0
CP142619.1	338180	338246	1
CP142619.1	338246	338247	0
CP142619.1	338247	338294	1
CP142619.1	338294	338334	0
CP142619.1	338334	338366	1
CP142619.1	338366	338568	0
CP142619.1	338568	338673	1
CP142619.1	338673	338686	2
CP142619.1	338686	338716	1
CP142619.1	338716	338720	2
CP142619.1	338720	338722	3
CP142619.1	338722	338769	2
CP142619.1	338769	338780	1
CP142619.1	338780	338847	0
CP142619.1	338847	338855	1
CP142619.1	338855	338856	0
CP142619.1	338856	338874	1
CP142619.1	338874	338911	2
CP142619.1	338911	338924	3
CP142619.1	338924	338947	2
CP142619.1	338947	338958	3
CP142619.1	338958	338959	2
CP142619.1	338959	338963	3
CP142619.1	338963	338964	2
CP142619.1	338964	338977	3
CP142619.1	338977	338986	2
CP142619.1	338986	338994	3
CP142619.1	338994	338997	2
CP142619.1	338997	339037	3
CP142619.1	339037	339050	2
CP142619.1	339050	339054	1
CP142619.1	339054	339387	0
CP142619.1	339387	339448	1
CP142619.1	339448	339523	2
CP142619.1	339523	339542	1
CP142619.1	339542	339828	0
CP142619.1	339828	339905	1
CP142619.1	339905	339910	2
CP142619.1	339910	339931	1
CP142619.1	339931	339932	0
CP142619.1	339932	340108	1
CP142619.1	340108	340167	0
CP142619.1	340167	340179	1
CP142619.1	340179	340263	2
CP142619.1	340263	340296	1
CP142619.1	340296	340388	2
CP142619.1	340388	340434	1
CP142619.1	340434	340964	0
CP142619.1	340964	341007	1
CP142619.1	341007	341011	0
CP142619.1	341011	341024	1
CP142619.1	341024	341112	2
CP142619.1	341112	341113	1
CP142619.1	341113	341119	2
CP142619.1	341119	341121	1
CP142619.1	341121	341134	2
CP142619.1	341134	341186	1
CP142619.1	341186	341738	0
CP142619.1	341738	341799	1
CP142619.1	341799	341800	0
CP142619.1	341800	341904	1
CP142619.1	341904	341905	0
CP142619.1	341905	342063	1
CP142619.1	342063	342274	0
CP142619.1	342274	342323	1
CP142619.1	342323	342432	2
CP142619.1	342432	342453	1
CP142619.1	342453	342468	2
CP142619.1	342468	342515	1
CP142619.1	342515	342574	2
CP142619.1	342574	342638	1
CP142619.1	342638	342774	0
CP142619.1	342774	342830	1
CP142619.1	342830	342831	0
CP142619.1	342831	342888	1
CP142619.1	342888	342911	2
CP142619.1	342911	342912	1
CP142619.1	342912	342917	2
CP142619.1	342917	343050	1
CP142619.1	343050	343229	0
CP142619.1	343229	343284	1
CP142619.1	343284	343286	0
CP142619.1	343286	343329	1
CP142619.1	343329	343330	0
CP142619.1	343330	343334	1
CP142619.1	343334	343366	2
CP142619.1	343366	343429	1
CP142619.1	343429	343441	0
CP142619.1	343441	343538	1
CP142619.1	343538	343737	0
CP142619.1	343737	343807	1
CP142619.1	343807	343819	0
CP142619.1	343819	343864	1
CP142619.1	343864	343868	2
CP142619.1	343868	343897	1
CP142619.1	343897	343898	0
CP142619.1	343898	343929	1
CP142619.1	343929	343930	0
CP142619.1	343930	343942	1
CP142619.1	343942	343976	0
CP142619.1	343976	344018	1
CP142619.1	344018	344030	0
CP142619.1	344030	344211	1
CP142619.1	344211	344212	0
CP142619.1	344212	344228	1
CP142619.1	344228	344240	2
CP142619.1	344240	344263	1
CP142619.1	344263	344264	0
CP142619.1	344264	344358	1
CP142619.1	344358	344590	0
CP142619.1	344590	344832	1
CP142619.1	344832	345175	0
CP142619.1	345175	345216	1
CP142619.1	345216	345360	0
CP142619.1	345360	345440	1
CP142619.1	345440	345562	0
CP142619.1	345562	345744	1
CP142619.1	345744	345800	2
CP142619.1	345800	345811	1
CP142619.1	345811	345820	0
CP142619.1	345820	345902	1
CP142619.1	345902	345907	0
CP142619.1	345907	345927	1
CP142619.1	345927	345966	2
CP142619.1	345966	346040	1
CP142619.1	346040	346044	0
CP142619.1	346044	346110	1
CP142619.1	346110	346121	2
CP142619.1	346121	346238	1
CP142619.1	346238	346344	0
CP142619.1	346344	346472	1
CP142619.1	346472	346485	2
CP142619.1	346485	346591	3
CP142619.1	346591	346701	2
CP142619.1	346701	346742	3
CP142619.1	346742	346759	2
CP142619.1	346759	346883	1
CP142619.1	346883	346934	2
CP142619.1	346934	346941	1
CP142619.1	346941	346953	2
CP142619.1	346953	346974	1
CP142619.1	346974	347037	2
CP142619.1	347037	347038	1
CP142619.1	347038	347041	2
CP142619.1	347041	347050	1
CP142619.1	347050	347085	0
CP142619.1	347085	347112	1
CP142619.1	347112	347113	0
CP142619.1	347113	347161	1
CP142619.1	347161	347228	0
CP142619.1	347228	347273	1
CP142619.1	347273	347292	2
CP142619.1	347292	347294	1
CP142619.1	347294	347295	2
CP142619.1	347295	347315	1
CP142619.1	347315	347318	0
CP142619.1	347318	347362	1
CP142619.1	347362	347498	0
CP142619.1	347498	347573	1
CP142619.1	347573	347598	0
CP142619.1	347598	347831	1
CP142619.1	347831	347838	0
CP142619.1	347838	347934	1
CP142619.1	347934	348183	0
CP142619.1	348183	348237	1
CP142619.1	348237	348238	2
CP142619.1	348238	348276	1
CP142619.1	348276	348369	2
CP142619.1	348369	348479	1
CP142619.1	348479	348521	0
CP142619.1	348521	348552	1
CP142619.1	348552	348554	0
CP142619.1	348554	348601	1
CP142619.1	348601	348652	0
CP142619.1	348652	348659	1
CP142619.1	348659	348669	2
CP142619.1	348669	348672	1
CP142619.1	348672	348733	2
CP142619.1	348733	348750	1
CP142619.1	348750	348753	0
CP142619.1	348753	348780	1
CP142619.1	348780	348791	2
CP142619.1	348791	348839	1
CP142619.1	348839	348859	0
CP142619.1	348859	348881	1
CP142619.1	348881	348885	0
CP142619.1	348885	348900	1
CP142619.1	348900	349019	2
CP142619.1	349019	349181	1
CP142619.1	349181	349231	0
CP142619.1	349231	349305	1
CP142619.1	349305	349368	0
CP142619.1	349368	349456	1
CP142619.1	349456	349465	0
CP142619.1	349465	349602	1
CP142619.1	349602	349604	3
CP142619.1	349604	349617	4
CP142619.1	349617	349624	5
CP142619.1	349624	349625	4
CP142619.1	349625	349638	5
CP142619.1	349638	349648	6
CP142619.1	349648	349650	5
CP142619.1	349650	349654	4
CP142619.1	349654	349655	2
CP142619.1	349655	349703	3
CP142619.1	349703	349735	2
CP142619.1	349735	349736	1
CP142619.1	349736	349755	0
CP142619.1	349755	349913	1
CP142619.1	349913	349919	0
CP142619.1	349919	349967	1
CP142619.1	349967	349980	2
CP142619.1	349980	349981	1
CP142619.1	349981	350012	2
CP142619.1	350012	350028	1
CP142619.1	350028	350203	0
CP142619.1	350203	350246	1
CP142619.1	350246	350254	0
CP142619.1	350254	350291	1
CP142619.1	350291	350293	0
CP142619.1	350293	350346	1
CP142619.1	350346	350567	0
CP142619.1	350567	350646	1
CP142619.1	350646	350920	0
CP142619.1	350920	350984	1
CP142619.1	350984	351091	0
CP142619.1	351091	351153	1
CP142619.1	351153	351215	0
CP142619.1	351215	351222	1
CP142619.1	351222	351278	2
CP142619.1	351278	351352	1
CP142619.1	351352	351353	0
CP142619.1	351353	351377	1
CP142619.1	351377	351384	0
CP142619.1	351384	351436	1
CP142619.1	351436	351841	0
CP142619.1	351841	351910	1
CP142619.1	351910	352220	0
CP142619.1	352220	352240	1
CP142619.1	352240	352241	0
CP142619.1	352241	352457	1
CP142619.1	352457	352925	0
CP142619.1	352925	353026	1
CP142619.1	353026	353133	0
CP142619.1	353133	353252	1
CP142619.1	353252	353288	0
CP142619.1	353288	353348	1
CP142619.1	353348	353505	0
CP142619.1	353505	353514	1
CP142619.1	353514	353563	2
CP142619.1	353563	353565	1
CP142619.1	353565	353582	2
CP142619.1	353582	353839	1
CP142619.1	353839	353852	2
CP142619.1	353852	353914	1
CP142619.1	353914	354898	0
CP142619.1	354898	355033	1
CP142619.1	355033	355104	0
CP142619.1	355104	355161	1
CP142619.1	355161	355220	0
CP142619.1	355220	355277	1
CP142619.1	355277	355332	2
CP142619.1	355332	355351	1
CP142619.1	355351	355548	0
CP142619.1	355548	355704	1
CP142619.1	355704	355707	0
CP142619.1	355707	355765	1
CP142619.1	355765	355766	0
CP142619.1	355766	355791	1
CP142619.1	355791	356127	0
CP142619.1	356127	356130	1
CP142619.1	356130	356254	2
CP142619.1	356254	356263	3
CP142619.1	356263	356306	2
CP142619.1	356306	356353	3
CP142619.1	356353	356373	2
CP142619.1	356373	356375	1
CP142619.1	356375	356426	3
CP142619.1	356426	356488	2
CP142619.1	356488	356501	1
CP142619.1	356501	356508	0
CP142619.1	356508	356592	1
CP142619.1	356592	356879	0
CP142619.1	356879	356910	1
CP142619.1	356910	356946	2
CP142619.1	356946	356984	1
CP142619.1	356984	356998	2
CP142619.1	356998	357078	1
CP142619.1	357078	357147	0
CP142619.1	357147	357199	1
CP142619.1	357199	357209	0
CP142619.1	357209	357270	1
CP142619.1	357270	357321	0
CP142619.1	357321	357402	1
CP142619.1	357402	357407	0
CP142619.1	357407	357424	1
CP142619.1	357424	357997	0
CP142619.1	357997	358078	1
CP142619.1	358078	358079	0
CP142619.1	358079	358142	1
CP142619.1	358142	358183	0
CP142619.1	358183	358238	1
CP142619.1	358238	358240	2
CP142619.1	358240	358248	1
CP142619.1	358248	358250	0
CP142619.1	358250	358305	1
CP142619.1	358305	358365	0
CP142619.1	358365	358485	1
CP142619.1	358485	358703	0
CP142619.1	358703	358761	1
CP142619.1	358761	358869	0
CP142619.1	358869	358881	1
CP142619.1	358881	358958	2
CP142619.1	358958	359008	1
CP142619.1	359008	359357	0
CP142619.1	359357	359407	1
CP142619.1	359407	359449	2
CP142619.1	359449	359484	1
CP142619.1	359484	359501	0
CP142619.1	359501	359573	1
CP142619.1	359573	359587	0
CP142619.1	359587	359653	1
CP142619.1	359653	359936	0
CP142619.1	359936	359995	1
CP142619.1	359995	360053	2
CP142619.1	360053	360104	1
CP142619.1	360104	360222	0
CP142619.1	360222	360240	1
CP142619.1	360240	360322	2
CP142619.1	360322	360433	3
CP142619.1	360433	360446	2
CP142619.1	360446	360570	1
CP142619.1	360570	360584	2
CP142619.1	360584	360646	1
CP142619.1	360646	360707	2
CP142619.1	360707	360741	1
CP142619.1	360741	360742	0
CP142619.1	360742	360843	1
CP142619.1	360843	360892	0
CP142619.1	360892	360929	1
CP142619.1	360929	360932	0
CP142619.1	360932	360943	1
CP142619.1	360943	360971	2
CP142619.1	360971	361020	3
CP142619.1	361020	361041	2
CP142619.1	361041	361044	1
CP142619.1	361044	361059	0
CP142619.1	361059	361143	1
CP142619.1	361143	361144	0
CP142619.1	361144	361147	1
CP142619.1	361147	361211	2
CP142619.1	361211	361285	1
CP142619.1	361285	361362	0
CP142619.1	361362	361411	1
CP142619.1	361411	361471	0
CP142619.1	361471	361531	1
CP142619.1	361531	361533	0
CP142619.1	361533	361549	1
CP142619.1	361549	362022	0
CP142619.1	362022	362165	1
CP142619.1	362165	362167	0
CP142619.1	362167	362328	1
CP142619.1	362328	362595	0
CP142619.1	362595	362604	1
CP142619.1	362604	362644	2
CP142619.1	362644	362669	1
CP142619.1	362669	362742	0
CP142619.1	362742	362777	1
CP142619.1	362777	362781	0
CP142619.1	362781	362788	1
CP142619.1	362788	362792	0
CP142619.1	362792	362834	1
CP142619.1	362834	362837	0
CP142619.1	362837	362844	1
CP142619.1	362844	362848	0
CP142619.1	362848	362884	1
CP142619.1	362884	362885	0
CP142619.1	362885	362966	1
CP142619.1	362966	362974	0
CP142619.1	362974	363038	1
CP142619.1	363038	363173	0
CP142619.1	363173	363180	1
CP142619.1	363180	363210	2
CP142619.1	363210	363212	1
CP142619.1	363212	363214	2
CP142619.1	363214	363261	3
CP142619.1	363261	363292	2
CP142619.1	363292	363330	1
CP142619.1	363330	363349	0
CP142619.1	363349	363379	1
CP142619.1	363379	363428	0
CP142619.1	363428	363430	1
CP142619.1	363430	363448	2
CP142619.1	363448	363452	1
CP142619.1	363452	363490	2
CP142619.1	363490	363492	1
CP142619.1	363492	363581	0
CP142619.1	363581	363664	1
CP142619.1	363664	363665	0
CP142619.1	363665	363911	1
CP142619.1	363911	363913	0
CP142619.1	363913	363923	1
CP142619.1	363923	364225	0
CP142619.1	364225	364324	1
CP142619.1	364324	364466	0
CP142619.1	364466	364536	1
CP142619.1	364536	364562	0
CP142619.1	364562	364586	1
CP142619.1	364586	364618	2
CP142619.1	364618	364634	3
CP142619.1	364634	364685	2
CP142619.1	364685	364687	1
CP142619.1	364687	364694	2
CP142619.1	364694	364699	1
CP142619.1	364699	364701	2
CP142619.1	364701	364702	1
CP142619.1	364702	364704	0
CP142619.1	364704	364713	1
CP142619.1	364713	364716	0
CP142619.1	364716	364742	1
CP142619.1	364742	364863	0
CP142619.1	364863	364903	1
CP142619.1	364903	364958	0
CP142619.1	364958	364990	1
CP142619.1	364990	364993	0
CP142619.1	364993	365001	1
CP142619.1	365001	365003	0
CP142619.1	365003	365029	1
CP142619.1	365029	365032	0
CP142619.1	365032	365062	1
CP142619.1	365062	365244	0
CP142619.1	365244	365327	1
CP142619.1	365327	365329	0
CP142619.1	365329	365345	1
CP142619.1	365345	365447	0
CP142619.1	365447	365522	1
CP142619.1	365522	365548	2
CP142619.1	365548	365707	1
CP142619.1	365707	365987	0
CP142619.1	365987	366100	1
CP142619.1	366100	366101	0
CP142619.1	366101	366295	1
CP142619.1	366295	366297	0
CP142619.1	366297	366317	1
CP142619.1	366317	366362	0
CP142619.1	366362	366373	1
CP142619.1	366373	366381	2
CP142619.1	366381	366382	1
CP142619.1	366382	366428	2
CP142619.1	366428	366464	1
CP142619.1	366464	366570	0
CP142619.1	366570	366585	1
CP142619.1	366585	366629	2
CP142619.1	366629	366630	1
CP142619.1	366630	366674	2
CP142619.1	366674	366676	1
CP142619.1	366676	366679	2
CP142619.1	366679	366761	3
CP142619.1	366761	366784	2
CP142619.1	366784	366967	1
CP142619.1	366967	367122	0
CP142619.1	367122	367216	1
CP142619.1	367216	367263	2
CP142619.1	367263	367299	3
CP142619.1	367299	367321	4
CP142619.1	367321	367339	3
CP142619.1	367339	367364	2
CP142619.1	367364	367368	3
CP142619.1	367368	367433	2
CP142619.1	367433	367440	1
CP142619.1	367440	367656	0
CP142619.1	367656	367681	1
CP142619.1	367681	367735	2
CP142619.1	367735	367780	1
CP142619.1	367780	367897	0
CP142619.1	367897	367970	1
CP142619.1	367970	368099	0
CP142619.1	368099	368151	1
CP142619.1	368151	368152	0
CP142619.1	368152	368180	1
CP142619.1	368180	368181	0
CP142619.1	368181	368241	1
CP142619.1	368241	368823	0
CP142619.1	368823	368855	1
CP142619.1	368855	368916	2
CP142619.1	368916	368918	1
CP142619.1	368918	368919	0
CP142619.1	368919	368926	1
CP142619.1	368926	369005	2
CP142619.1	369005	369027	1
CP142619.1	369027	369076	0
CP142619.1	369076	369099	1
CP142619.1	369099	369158	2
CP142619.1	369158	369182	1
CP142619.1	369182	369186	0
CP142619.1	369186	369226	1
CP142619.1	369226	369227	0
CP142619.1	369227	369278	1
CP142619.1	369278	369281	0
CP142619.1	369281	369286	1
CP142619.1	369286	369336	2
CP142619.1	369336	369376	1
CP142619.1	369376	369378	2
CP142619.1	369378	369389	3
CP142619.1	369389	369396	2
CP142619.1	369396	369397	1
CP142619.1	369397	369436	2
CP142619.1	369436	369465	1
CP142619.1	369465	369496	0
CP142619.1	369496	369545	1
CP142619.1	369545	369546	0
CP142619.1	369546	369564	1
CP142619.1	369564	369665	0
CP142619.1	369665	369706	1
CP142619.1	369706	369716	0
CP142619.1	369716	369758	1
CP142619.1	369758	369777	0
CP142619.1	369777	369912	1
CP142619.1	369912	369940	2
CP142619.1	369940	369951	1
CP142619.1	369951	370000	2
CP142619.1	370000	370014	1
CP142619.1	370014	370046	2
CP142619.1	370046	370064	1
CP142619.1	370064	370267	0
CP142619.1	370267	370278	2
CP142619.1	370278	370281	1
CP142619.1	370281	370335	2
CP142619.1	370335	370359	1
CP142619.1	370359	370632	0
CP142619.1	370632	370708	1
CP142619.1	370708	370767	2
CP142619.1	370767	370768	1
CP142619.1	370768	370800	2
CP142619.1	370800	370852	1
CP142619.1	370852	370901	0
CP142619.1	370901	371011	1
CP142619.1	371011	371162	0
CP142619.1	371162	371229	1
CP142619.1	371229	371243	2
CP142619.1	371243	371287	3
CP142619.1	371287	371288	2
CP142619.1	371288	371289	1
CP142619.1	371289	371302	3
CP142619.1	371302	371323	2
CP142619.1	371323	371341	1
CP142619.1	371341	371440	2
CP142619.1	371440	371443	1
CP142619.1	371443	371447	2
CP142619.1	371447	371477	1
CP142619.1	371477	371478	0
CP142619.1	371478	371513	1
CP142619.1	371513	371605	2
CP142619.1	371605	371660	1
CP142619.1	371660	371853	0
CP142619.1	371853	371942	1
CP142619.1	371942	372414	0
CP142619.1	372414	372491	1
CP142619.1	372491	372638	0
CP142619.1	372638	372701	1
CP142619.1	372701	373028	0
CP142619.1	373028	373047	1
CP142619.1	373047	373048	0
CP142619.1	373048	373089	1
CP142619.1	373089	373094	2
CP142619.1	373094	373150	1
CP142619.1	373150	373295	0
CP142619.1	373295	373357	1
CP142619.1	373357	373366	2
CP142619.1	373366	373367	1
CP142619.1	373367	373397	2
CP142619.1	373397	373448	1
CP142619.1	373448	373815	0
CP142619.1	373815	373899	1
CP142619.1	373899	373900	0
CP142619.1	373900	373928	1
CP142619.1	373928	373945	0
CP142619.1	373945	373995	1
CP142619.1	373995	374066	0
CP142619.1	374066	374126	1
CP142619.1	374126	374268	0
CP142619.1	374268	374333	1
CP142619.1	374333	374391	0
CP142619.1	374391	374534	1
CP142619.1	374534	374607	0
CP142619.1	374607	374769	1
CP142619.1	374769	374796	2
CP142619.1	374796	374825	3
CP142619.1	374825	374828	2
CP142619.1	374828	374829	3
CP142619.1	374829	374830	2
CP142619.1	374830	374847	3
CP142619.1	374847	374885	2
CP142619.1	374885	374917	1
CP142619.1	374917	375712	0
CP142619.1	375712	375738	1
CP142619.1	375738	375739	0
CP142619.1	375739	375786	1
CP142619.1	375786	375932	0
CP142619.1	375932	376067	1
CP142619.1	376067	376082	0
CP142619.1	376082	376087	1
CP142619.1	376087	376089	0
CP142619.1	376089	376192	1
CP142619.1	376192	376274	0
CP142619.1	376274	376328	1
CP142619.1	376328	376578	0
CP142619.1	376578	376690	1
CP142619.1	376690	376961	0
CP142619.1	376961	377034	1
CP142619.1	377034	377040	0
CP142619.1	377040	377121	1
CP142619.1	377121	377205	0
CP142619.1	377205	377275	1
CP142619.1	377275	377382	0
CP142619.1	377382	377422	1
CP142619.1	377422	377430	0
CP142619.1	377430	377446	1
CP142619.1	377446	377573	0
CP142619.1	377573	377614	1
CP142619.1	377614	377816	0
CP142619.1	377816	377882	1
CP142619.1	377882	378175	0
CP142619.1	378175	378235	1
CP142619.1	378235	378450	0
CP142619.1	378450	378484	1
CP142619.1	378484	378489	0
CP142619.1	378489	378723	1
CP142619.1	378723	378910	0
CP142619.1	378910	378914	1
CP142619.1	378914	379010	2
CP142619.1	379010	379018	1
CP142619.1	379018	379021	2
CP142619.1	379021	379027	1
CP142619.1	379027	379051	2
CP142619.1	379051	379228	0
CP142619.1	379228	379347	1
CP142619.1	379347	379398	0
CP142619.1	379398	379403	1
CP142619.1	379403	379515	2
CP142619.1	379515	379516	1
CP142619.1	379516	379569	2
CP142619.1	379569	379627	3
CP142619.1	379627	379628	2
CP142619.1	379628	379645	3
CP142619.1	379645	379656	2
CP142619.1	379656	379684	1
CP142619.1	379684	379901	0
CP142619.1	379901	379913	1
CP142619.1	379913	379937	2
CP142619.1	379937	379987	3
CP142619.1	379987	380003	2
CP142619.1	380003	380091	1
CP142619.1	380091	380317	0
CP142619.1	380317	380426	1
CP142619.1	380426	380487	0
CP142619.1	380487	380595	1
CP142619.1	380595	380671	2
CP142619.1	380671	380803	1
CP142619.1	380803	381053	0
CP142619.1	381053	381072	1
CP142619.1	381072	381076	0
CP142619.1	381076	381080	1
CP142619.1	381080	381120	2
CP142619.1	381120	381121	1
CP142619.1	381121	381130	2
CP142619.1	381130	381131	1
CP142619.1	381131	381194	2
CP142619.1	381194	381218	1
CP142619.1	381218	381261	2
CP142619.1	381261	381267	3
CP142619.1	381267	381268	2
CP142619.1	381268	381272	1
CP142619.1	381272	381285	2
CP142619.1	381285	381363	1
CP142619.1	381363	381370	2
CP142619.1	381370	381373	1
CP142619.1	381373	381389	2
CP142619.1	381389	381421	1
CP142619.1	381421	381422	0
CP142619.1	381422	381496	1
CP142619.1	381496	381497	0
CP142619.1	381497	381505	1
CP142619.1	381505	381507	0
CP142619.1	381507	381548	1
CP142619.1	381548	381830	0
CP142619.1	381830	381867	1
CP142619.1	381867	381871	0
CP142619.1	381871	381899	1
CP142619.1	381899	382310	0
CP142619.1	382310	382372	1
CP142619.1	382372	382373	0
CP142619.1	382373	382385	1
CP142619.1	382385	382402	0
CP142619.1	382402	382436	1
CP142619.1	382436	382559	0
CP142619.1	382559	382568	1
CP142619.1	382568	382658	2
CP142619.1	382658	382678	1
CP142619.1	382678	382737	2
CP142619.1	382737	382766	1
CP142619.1	382766	382832	2
CP142619.1	382832	382843	1
CP142619.1	382843	382859	2
CP142619.1	382859	382864	1
CP142619.1	382864	382865	2
CP142619.1	382865	382942	3
CP142619.1	382942	382948	2
CP142619.1	382948	382978	3
CP142619.1	382978	383084	2
CP142619.1	383084	383111	3
CP142619.1	383111	383147	2
CP142619.1	383147	383229	1
CP142619.1	383229	383251	2
CP142619.1	383251	383252	1
CP142619.1	383252	383291	2
CP142619.1	383291	383314	1
CP142619.1	383314	383360	2
CP142619.1	383360	383390	1
CP142619.1	383390	383391	0
CP142619.1	383391	383424	1
CP142619.1	383424	383437	0
CP142619.1	383437	383564	1
CP142619.1	383564	383578	0
CP142619.1	383578	383647	1
CP142619.1	383647	383843	0
CP142619.1	383843	383955	1
CP142619.1	383955	384111	0
CP142619.1	384111	384281	1
CP142619.1	384281	384283	0
CP142619.1	384283	384319	1
CP142619.1	384319	384475	0
CP142619.1	384475	384539	1
CP142619.1	384539	384541	0
CP142619.1	384541	384619	1
CP142619.1	384619	384685	2
CP142619.1	384685	384686	1
CP142619.1	384686	384719	2
CP142619.1	384719	384758	1
CP142619.1	384758	384764	0
CP142619.1	384764	384823	1
CP142619.1	384823	384993	0
CP142619.1	384993	385011	1
CP142619.1	385011	385015	0
CP142619.1	385015	385032	1
CP142619.1	385032	385150	2
CP142619.1	385150	385151	1
CP142619.1	385151	385276	2
CP142619.1	385276	385311	1
CP142619.1	385311	385312	0
CP142619.1	385312	385359	1
CP142619.1	385359	385391	0
CP142619.1	385391	385507	1
CP142619.1	385507	385569	0
CP142619.1	385569	385793	1
CP142619.1	385793	385819	2
CP142619.1	385819	385822	1
CP142619.1	385822	385874	2
CP142619.1	385874	385901	1
CP142619.1	385901	385915	2
CP142619.1	385915	385916	1
CP142619.1	385916	385934	2
CP142619.1	385934	385948	1
CP142619.1	385948	385951	2
CP142619.1	385951	385965	1
CP142619.1	385965	385968	0
CP142619.1	385968	385983	1
CP142619.1	385983	385987	0
CP142619.1	385987	386001	1
CP142619.1	386001	386005	0
CP142619.1	386005	386041	1
CP142619.1	386041	386062	2
CP142619.1	386062	386106	1
CP142619.1	386106	386107	0
CP142619.1	386107	386152	1
CP142619.1	386152	386154	0
CP142619.1	386154	386276	1
CP142619.1	386276	386295	2
CP142619.1	386295	386298	1
CP142619.1	386298	386300	0
CP142619.1	386300	386394	1
CP142619.1	386394	386507	0
CP142619.1	386507	386582	1
CP142619.1	386582	386585	0
CP142619.1	386585	386600	1
CP142619.1	386600	386607	0
CP142619.1	386607	386611	1
CP142619.1	386611	386612	0
CP142619.1	386612	386616	1
CP142619.1	386616	386617	0
CP142619.1	386617	386631	1
CP142619.1	386631	386632	0
CP142619.1	386632	386696	1
CP142619.1	386696	386697	0
CP142619.1	386697	386767	2
CP142619.1	386767	386774	1
CP142619.1	386774	386812	2
CP142619.1	386812	386884	1
CP142619.1	386884	387096	0
CP142619.1	387096	387188	1
CP142619.1	387188	387236	0
CP142619.1	387236	387300	1
CP142619.1	387300	387890	0
CP142619.1	387890	388029	1
CP142619.1	388029	388060	0
CP142619.1	388060	388126	1
CP142619.1	388126	388184	0
CP142619.1	388184	388241	1
CP142619.1	388241	388474	0
CP142619.1	388474	388485	1
CP142619.1	388485	388533	2
CP142619.1	388533	388573	1
CP142619.1	388573	388583	0
CP142619.1	388583	388671	1
CP142619.1	388671	388694	2
CP142619.1	388694	388845	1
CP142619.1	388845	388925	2
CP142619.1	388925	388927	1
CP142619.1	388927	388929	2
CP142619.1	388929	388930	1
CP142619.1	388930	388945	2
CP142619.1	388945	388946	1
CP142619.1	388946	388956	2
CP142619.1	388956	388978	1
CP142619.1	388978	389052	0
CP142619.1	389052	389126	1
CP142619.1	389126	389201	0
CP142619.1	389201	389303	1
CP142619.1	389303	389894	0
CP142619.1	389894	389900	1
CP142619.1	389900	389917	2
CP142619.1	389917	389919	1
CP142619.1	389919	389997	2
CP142619.1	389997	390116	1
CP142619.1	390116	390120	0
CP142619.1	390120	390148	1
CP142619.1	390148	390149	0
CP142619.1	390149	390183	1
CP142619.1	390183	390334	0
CP142619.1	390334	390472	1
CP142619.1	390472	390915	0
CP142619.1	390915	390974	1
CP142619.1	390974	390977	0
CP142619.1	390977	391001	1
CP142619.1	391001	391090	0
CP142619.1	391090	391106	1
CP142619.1	391106	391109	0
CP142619.1	391109	391157	1
CP142619.1	391157	391158	0
CP142619.1	391158	391175	1
CP142619.1	391175	391257	0
CP142619.1	391257	391315	1
CP142619.1	391315	391750	0
CP142619.1	391750	391790	1
CP142619.1	391790	391829	2
CP142619.1	391829	391832	1
CP142619.1	391832	391836	0
CP142619.1	391836	392097	1
CP142619.1	392097	392100	0
CP142619.1	392100	392134	1
CP142619.1	392134	392172	2
CP142619.1	392172	392185	1
CP142619.1	392185	392216	2
CP142619.1	392216	392226	3
CP142619.1	392226	392327	2
CP142619.1	392327	392383	3
CP142619.1	392383	392459	2
CP142619.1	392459	392497	1
CP142619.1	392497	392956	0
CP142619.1	392956	392997	1
CP142619.1	392997	393029	2
CP142619.1	393029	393031	1
CP142619.1	393031	393082	2
CP142619.1	393082	393184	1
CP142619.1	393184	393941	0
CP142619.1	393941	394018	1
CP142619.1	394018	394021	0
CP142619.1	394021	394044	1
CP142619.1	394044	394050	0
CP142619.1	394050	394088	1
CP142619.1	394088	394097	2
CP142619.1	394097	394119	1
CP142619.1	394119	394222	2
CP142619.1	394222	394223	1
CP142619.1	394223	394287	2
CP142619.1	394287	394350	1
CP142619.1	394350	394377	2
CP142619.1	394377	394380	1
CP142619.1	394380	394392	2
CP142619.1	394392	394393	1
CP142619.1	394393	394403	2
CP142619.1	394403	394406	1
CP142619.1	394406	394496	2
CP142619.1	394496	394613	1
CP142619.1	394613	394677	0
CP142619.1	394677	394732	1
CP142619.1	394732	394733	0
CP142619.1	394733	394797	1
CP142619.1	394797	394798	0
CP142619.1	394798	394822	1
CP142619.1	394822	394849	2
CP142619.1	394849	394862	1
CP142619.1	394862	394869	2
CP142619.1	394869	394932	1
CP142619.1	394932	394983	2
CP142619.1	394983	395010	3
CP142619.1	395010	395064	2
CP142619.1	395064	395069	1
CP142619.1	395069	395078	2
CP142619.1	395078	395127	3
CP142619.1	395127	395250	2
CP142619.1	395250	395286	1
CP142619.1	395286	395317	2
CP142619.1	395317	395352	3
CP142619.1	395352	395390	2
CP142619.1	395390	395464	1
CP142619.1	395464	395645	0
CP142619.1	395645	395758	1
CP142619.1	395758	395787	2
CP142619.1	395787	395795	1
CP142619.1	395795	395836	2
CP142619.1	395836	395837	1
CP142619.1	395837	395842	2
CP142619.1	395842	395894	1
CP142619.1	395894	395942	0
CP142619.1	395942	396071	1
CP142619.1	396071	396072	0
CP142619.1	396072	396105	2
CP142619.1	396105	396106	1
CP142619.1	396106	396128	2
CP142619.1	396128	396172	1
CP142619.1	396172	396233	0
CP142619.1	396233	396456	1
CP142619.1	396456	396480	0
CP142619.1	396480	396539	1
CP142619.1	396539	396636	0
CP142619.1	396636	396723	1
CP142619.1	396723	396739	0
CP142619.1	396739	396841	1
CP142619.1	396841	396846	0
CP142619.1	396846	396939	1
CP142619.1	396939	397010	0
CP142619.1	397010	397109	1
CP142619.1	397109	397110	0
CP142619.1	397110	397131	1
CP142619.1	397131	397136	0
CP142619.1	397136	397156	1
CP142619.1	397156	397240	2
CP142619.1	397240	397266	1
CP142619.1	397266	397295	0
CP142619.1	397295	397397	1
CP142619.1	397397	397408	2
CP142619.1	397408	397415	1
CP142619.1	397415	397447	2
CP142619.1	397447	397453	3
CP142619.1	397453	397581	2
CP142619.1	397581	397655	1
CP142619.1	397655	397657	0
CP142619.1	397657	397673	1
CP142619.1	397673	397715	2
CP142619.1	397715	397718	1
CP142619.1	397718	397725	2
CP142619.1	397725	397726	1
CP142619.1	397726	397766	2
CP142619.1	397766	397768	1
CP142619.1	397768	397785	2
CP142619.1	397785	397802	3
CP142619.1	397802	397825	2
CP142619.1	397825	397851	1
CP142619.1	397851	397855	0
CP142619.1	397855	397902	1
CP142619.1	397902	397969	0
CP142619.1	397969	398033	1
CP142619.1	398033	398172	0
CP142619.1	398172	398221	1
CP142619.1	398221	398241	2
CP142619.1	398241	398326	1
CP142619.1	398326	398357	2
CP142619.1	398357	398381	1
CP142619.1	398381	398388	0
CP142619.1	398388	398570	1
CP142619.1	398570	398929	0
CP142619.1	398929	398957	1
CP142619.1	398957	399023	2
CP142619.1	399023	399106	1
CP142619.1	399106	399208	0
CP142619.1	399208	399289	1
CP142619.1	399289	399292	0
CP142619.1	399292	399311	1
CP142619.1	399311	399369	2
CP142619.1	399369	399452	1
CP142619.1	399452	399475	2
CP142619.1	399475	399496	1
CP142619.1	399496	399499	0
CP142619.1	399499	399537	1
CP142619.1	399537	399538	0
CP142619.1	399538	399549	1
CP142619.1	399549	399550	0
CP142619.1	399550	399564	1
CP142619.1	399564	399565	0
CP142619.1	399565	399590	1
CP142619.1	399590	399623	2
CP142619.1	399623	399626	1
CP142619.1	399626	399630	2
CP142619.1	399630	399638	1
CP142619.1	399638	399657	2
CP142619.1	399657	399744	1
CP142619.1	399744	399805	0
CP142619.1	399805	399865	1
CP142619.1	399865	399866	0
CP142619.1	399866	399918	1
CP142619.1	399918	400367	0
CP142619.1	400367	400390	1
CP142619.1	400390	400430	2
CP142619.1	400430	400436	1
CP142619.1	400436	400712	0
CP142619.1	400712	400737	1
CP142619.1	400737	400808	2
CP142619.1	400808	400819	1
CP142619.1	400819	401622	0
CP142619.1	401622	401700	1
CP142619.1	401700	401701	0
CP142619.1	401701	401824	1
CP142619.1	401824	401825	0
CP142619.1	401825	401838	1
CP142619.1	401838	401851	2
CP142619.1	401851	401861	1
CP142619.1	401861	401862	0
CP142619.1	401862	401884	1
CP142619.1	401884	401891	0
CP142619.1	401891	401914	1
CP142619.1	401914	401922	0
CP142619.1	401922	401942	1
CP142619.1	401942	401945	0
CP142619.1	401945	401984	1
CP142619.1	401984	401985	0
CP142619.1	401985	402004	2
CP142619.1	402004	402007	1
CP142619.1	402007	402022	2
CP142619.1	402022	402023	0
CP142619.1	402023	402024	1
CP142619.1	402024	402034	2
CP142619.1	402034	402066	3
CP142619.1	402066	402071	2
CP142619.1	402071	402078	3
CP142619.1	402078	402079	2
CP142619.1	402079	402083	0
CP142619.1	402083	402084	1
CP142619.1	402084	402095	2
CP142619.1	402095	402117	3
CP142619.1	402117	402152	2
CP142619.1	402152	402153	0
CP142619.1	402153	402232	2
CP142619.1	402232	402317	1
CP142619.1	402317	402480	0
CP142619.1	402480	402671	1
CP142619.1	402671	402778	0
CP142619.1	402778	402913	1
CP142619.1	402913	403021	2
CP142619.1	403021	403052	1
CP142619.1	403052	403709	0
CP142619.1	403709	403723	1
CP142619.1	403723	403774	2
CP142619.1	403774	403780	1
CP142619.1	403780	403812	2
CP142619.1	403812	403814	3
CP142619.1	403814	403919	2
CP142619.1	403919	404126	1
CP142619.1	404126	404153	0
CP142619.1	404153	404185	1
CP142619.1	404185	404191	2
CP142619.1	404191	404192	1
CP142619.1	404192	404223	2
CP142619.1	404223	404224	1
CP142619.1	404224	404234	2
CP142619.1	404234	404293	1
CP142619.1	404293	404483	0
CP142619.1	404483	404576	1
CP142619.1	404576	404580	0
CP142619.1	404580	404634	1
CP142619.1	404634	405698	0
CP142619.1	405698	405806	1
CP142619.1	405806	405826	2
CP142619.1	405826	405827	0
CP142619.1	405827	405875	2
CP142619.1	405875	405879	1
CP142619.1	405879	405953	0
CP142619.1	405953	405984	1
CP142619.1	405984	405985	0
CP142619.1	405985	406010	1
CP142619.1	406010	406718	0
CP142619.1	406718	406783	1
CP142619.1	406783	406846	2
CP142619.1	406846	406972	1
CP142619.1	406972	407128	0
CP142619.1	407128	407157	1
CP142619.1	407157	407213	2
CP142619.1	407213	407216	1
CP142619.1	407216	407271	2
CP142619.1	407271	407274	1
CP142619.1	407274	408027	0
CP142619.1	408027	408044	1
CP142619.1	408044	408081	2
CP142619.1	408081	408146	1
CP142619.1	408146	408265	2
CP142619.1	408265	408288	1
CP142619.1	408288	408422	0
CP142619.1	408422	408453	1
CP142619.1	408453	408454	0
CP142619.1	408454	408654	1
CP142619.1	408654	408671	2
CP142619.1	408671	408727	3
CP142619.1	408727	408745	4
CP142619.1	408745	408767	3
CP142619.1	408767	408788	2
CP142619.1	408788	408789	1
CP142619.1	408789	408815	3
CP142619.1	408815	408823	2
CP142619.1	408823	408878	1
CP142619.1	408878	408879	0
CP142619.1	408879	408900	1
CP142619.1	408900	408901	0
CP142619.1	408901	408934	1
CP142619.1	408934	408935	0
CP142619.1	408935	408952	1
CP142619.1	408952	408954	2
CP142619.1	408954	408956	1
CP142619.1	408956	408967	2
CP142619.1	408967	408968	1
CP142619.1	408968	408986	2
CP142619.1	408986	409004	3
CP142619.1	409004	409007	2
CP142619.1	409007	409038	3
CP142619.1	409038	409051	2
CP142619.1	409051	409108	1
CP142619.1	409108	409193	0
CP142619.1	409193	409256	1
CP142619.1	409256	409257	0
CP142619.1	409257	409258	1
CP142619.1	409258	409277	2
CP142619.1	409277	409311	1
CP142619.1	409311	409316	2
CP142619.1	409316	409376	1
CP142619.1	409376	409744	0
CP142619.1	409744	409806	1
CP142619.1	409806	409843	0
CP142619.1	409843	409851	1
CP142619.1	409851	409874	2
CP142619.1	409874	409924	3
CP142619.1	409924	409925	2
CP142619.1	409925	409948	3
CP142619.1	409948	409949	2
CP142619.1	409949	409996	3
CP142619.1	409996	410002	2
CP142619.1	410002	410058	1
CP142619.1	410058	410158	2
CP142619.1	410158	410208	1
CP142619.1	410208	410213	0
CP142619.1	410213	410246	1
CP142619.1	410246	410250	0
CP142619.1	410250	410260	1
CP142619.1	410260	410308	2
CP142619.1	410308	410351	0
CP142619.1	410351	410428	1
CP142619.1	410428	410601	0
CP142619.1	410601	410784	1
CP142619.1	410784	410902	0
CP142619.1	410902	410999	1
CP142619.1	410999	411000	0
CP142619.1	411000	411053	1
CP142619.1	411053	411489	0
CP142619.1	411489	411722	1
CP142619.1	411722	411735	0
CP142619.1	411735	411833	1
CP142619.1	411833	411940	0
CP142619.1	411940	412065	1
CP142619.1	412065	412081	0
CP142619.1	412081	412160	1
CP142619.1	412160	412203	2
CP142619.1	412203	412204	1
CP142619.1	412204	412248	2
CP142619.1	412248	412267	1
CP142619.1	412267	412271	0
CP142619.1	412271	412322	1
CP142619.1	412322	412341	2
CP142619.1	412341	412386	1
CP142619.1	412386	412835	0
CP142619.1	412835	412839	1
CP142619.1	412839	412873	2
CP142619.1	412873	412874	1
CP142619.1	412874	412888	2
CP142619.1	412888	412934	1
CP142619.1	412934	412935	0
CP142619.1	412935	412943	1
CP142619.1	412943	412944	0
CP142619.1	412944	412998	1
CP142619.1	412998	413001	0
CP142619.1	413001	413080	1
CP142619.1	413080	413108	2
CP142619.1	413108	413111	1
CP142619.1	413111	413112	0
CP142619.1	413112	413169	1
CP142619.1	413169	413191	0
CP142619.1	413191	413325	1
CP142619.1	413325	413364	2
CP142619.1	413364	413419	1
CP142619.1	413419	413421	0
CP142619.1	413421	413474	1
CP142619.1	413474	413475	0
CP142619.1	413475	413557	1
CP142619.1	413557	413589	0
CP142619.1	413589	413633	1
CP142619.1	413633	413634	0
CP142619.1	413634	413662	1
CP142619.1	413662	413691	2
CP142619.1	413691	413692	1
CP142619.1	413692	413723	2
CP142619.1	413723	413916	1
CP142619.1	413916	414012	0
CP142619.1	414012	414068	1
CP142619.1	414068	414073	0
CP142619.1	414073	414074	1
CP142619.1	414074	414093	2
CP142619.1	414093	414097	1
CP142619.1	414097	414150	2
CP142619.1	414150	414152	1
CP142619.1	414152	414278	2
CP142619.1	414278	414279	1
CP142619.1	414279	414289	2
CP142619.1	414289	414300	1
CP142619.1	414300	414311	2
CP142619.1	414311	414342	1
CP142619.1	414342	414343	0
CP142619.1	414343	414520	1
CP142619.1	414520	414556	0
CP142619.1	414556	414576	1
CP142619.1	414576	414577	0
CP142619.1	414577	414639	1
CP142619.1	414639	414642	0
CP142619.1	414642	414685	1
CP142619.1	414685	414929	0
CP142619.1	414929	415013	1
CP142619.1	415013	415057	0
CP142619.1	415057	415272	1
CP142619.1	415272	415325	2
CP142619.1	415325	415329	1
CP142619.1	415329	415431	0
CP142619.1	415431	415436	1
CP142619.1	415436	415488	2
CP142619.1	415488	415611	1
CP142619.1	415611	415848	0
CP142619.1	415848	415859	1
CP142619.1	415859	415866	2
CP142619.1	415866	415869	1
CP142619.1	415869	415930	2
CP142619.1	415930	415989	1
CP142619.1	415989	415990	0
CP142619.1	415990	416004	1
CP142619.1	416004	416005	0
CP142619.1	416005	416073	1
CP142619.1	416073	416639	0
CP142619.1	416639	416706	1
CP142619.1	416706	416717	2
CP142619.1	416717	416719	1
CP142619.1	416719	416721	0
CP142619.1	416721	416747	2
CP142619.1	416747	416755	1
CP142619.1	416755	416771	2
CP142619.1	416771	416796	1
CP142619.1	416796	416797	0
CP142619.1	416797	416927	1
CP142619.1	416927	417069	0
CP142619.1	417069	417115	1
CP142619.1	417115	417899	0
CP142619.1	417899	417907	1
CP142619.1	417907	417954	2
CP142619.1	417954	417994	1
CP142619.1	417994	417997	0
CP142619.1	417997	418052	1
CP142619.1	418052	418186	0
CP142619.1	418186	418198	1
CP142619.1	418198	418199	0
CP142619.1	418199	418257	1
CP142619.1	418257	418273	2
CP142619.1	418273	418418	1
CP142619.1	418418	418594	0
CP142619.1	418594	418621	1
CP142619.1	418621	418640	2
CP142619.1	418640	418666	3
CP142619.1	418666	418668	2
CP142619.1	418668	418693	3
CP142619.1	418693	418741	2
CP142619.1	418741	418790	1
CP142619.1	418790	419173	0
CP142619.1	419173	419271	1
CP142619.1	419271	419427	0
CP142619.1	419427	419517	1
CP142619.1	419517	419573	0
CP142619.1	419573	419610	1
CP142619.1	419610	419611	0
CP142619.1	419611	419748	1
CP142619.1	419748	419749	0
CP142619.1	419749	419824	1
CP142619.1	419824	419989	0
CP142619.1	419989	420028	1
CP142619.1	420028	420059	2
CP142619.1	420059	420141	1
CP142619.1	420141	420644	0
CP142619.1	420644	420681	1
CP142619.1	420681	420682	0
CP142619.1	420682	420721	1
CP142619.1	420721	420730	0
CP142619.1	420730	420764	1
CP142619.1	420764	420985	0
CP142619.1	420985	421140	1
CP142619.1	421140	421191	0
CP142619.1	421191	421196	1
CP142619.1	421196	421230	2
CP142619.1	421230	421291	3
CP142619.1	421291	421297	2
CP142619.1	421297	421410	1
CP142619.1	421410	421413	0
CP142619.1	421413	421438	1
CP142619.1	421438	421465	2
CP142619.1	421465	421466	1
CP142619.1	421466	421491	2
CP142619.1	421491	421556	1
CP142619.1	421556	421558	0
CP142619.1	421558	421574	1
CP142619.1	421574	421611	2
CP142619.1	421611	421612	1
CP142619.1	421612	421645	0
CP142619.1	421645	421650	1
CP142619.1	421650	421673	2
CP142619.1	421673	421674	1
CP142619.1	421674	421773	2
CP142619.1	421773	421864	1
CP142619.1	421864	422262	0
CP142619.1	422262	422310	1
CP142619.1	422310	422520	0
CP142619.1	422520	422716	1
CP142619.1	422716	422902	0
CP142619.1	422902	423076	1
CP142619.1	423076	423085	2
CP142619.1	423085	423158	1
CP142619.1	423158	423159	0
CP142619.1	423159	423263	1
CP142619.1	423263	423269	0
CP142619.1	423269	423337	1
CP142619.1	423337	423373	0
CP142619.1	423373	423456	1
CP142619.1	423456	424192	0
CP142619.1	424192	424196	1
CP142619.1	424196	424287	2
CP142619.1	424287	424314	1
CP142619.1	424314	424327	0
CP142619.1	424327	424350	1
CP142619.1	424350	424353	0
CP142619.1	424353	424390	1
CP142619.1	424390	424403	2
CP142619.1	424403	424406	1
CP142619.1	424406	424409	0
CP142619.1	424409	424420	1
CP142619.1	424420	424477	2
CP142619.1	424477	424505	1
CP142619.1	424505	424506	0
CP142619.1	424506	424531	1
CP142619.1	424531	424831	0
CP142619.1	424831	424903	1
CP142619.1	424903	425005	0
CP142619.1	425005	425056	1
CP142619.1	425056	425229	2
CP142619.1	425229	425248	1
CP142619.1	425248	425250	0
CP142619.1	425250	425271	1
CP142619.1	425271	425273	0
CP142619.1	425273	425331	1
CP142619.1	425331	425540	0
CP142619.1	425540	425601	1
CP142619.1	425601	425708	0
CP142619.1	425708	425921	1
CP142619.1	425921	425927	0
CP142619.1	425927	425990	1
CP142619.1	425990	425992	0
CP142619.1	425992	426243	1
CP142619.1	426243	426257	0
CP142619.1	426257	426263	1
CP142619.1	426263	426316	2
CP142619.1	426316	426412	1
CP142619.1	426412	427261	0
CP142619.1	427261	427277	1
CP142619.1	427277	427287	2
CP142619.1	427287	427289	1
CP142619.1	427289	427310	2
CP142619.1	427310	427311	1
CP142619.1	427311	427318	2
CP142619.1	427318	427366	1
CP142619.1	427366	427372	2
CP142619.1	427372	427392	3
CP142619.1	427392	427396	2
CP142619.1	427396	427457	3
CP142619.1	427457	427461	2
CP142619.1	427461	427488	1
CP142619.1	427488	427496	0
CP142619.1	427496	427576	1
CP142619.1	427576	427832	0
CP142619.1	427832	427842	1
CP142619.1	427842	427892	2
CP142619.1	427892	427928	1
CP142619.1	427928	427933	0
CP142619.1	427933	427934	1
CP142619.1	427934	428013	2
CP142619.1	428013	428018	1
CP142619.1	428018	428217	0
CP142619.1	428217	428249	1
CP142619.1	428249	428250	0
CP142619.1	428250	428286	1
CP142619.1	428286	428399	0
CP142619.1	428399	428461	1
CP142619.1	428461	428651	0
CP142619.1	428651	428737	1
CP142619.1	428737	428739	0
CP142619.1	428739	428750	1
CP142619.1	428750	428774	0
CP142619.1	428774	428846	1
CP142619.1	428846	428987	0
CP142619.1	428987	429036	1
CP142619.1	429036	429309	0
CP142619.1	429309	429427	1
CP142619.1	429427	429449	0
CP142619.1	429449	429470	1
CP142619.1	429470	429494	2
CP142619.1	429494	429514	3
CP142619.1	429514	429531	2
CP142619.1	429531	429533	1
CP142619.1	429533	429560	2
CP142619.1	429560	429694	1
CP142619.1	429694	429700	2
CP142619.1	429700	429712	3
CP142619.1	429712	429824	2
CP142619.1	429824	429827	1
CP142619.1	429827	429886	2
CP142619.1	429886	429909	3
CP142619.1	429909	429922	2
CP142619.1	429922	429929	1
CP142619.1	429929	429930	0
CP142619.1	429930	429956	1
CP142619.1	429956	429957	0
CP142619.1	429957	430108	1
CP142619.1	430108	430149	0
CP142619.1	430149	430178	1
CP142619.1	430178	430278	2
CP142619.1	430278	430345	1
CP142619.1	430345	430699	0
CP142619.1	430699	430734	1
CP142619.1	430734	430765	2
CP142619.1	430765	430768	1
CP142619.1	430768	430782	2
CP142619.1	430782	430791	1
CP142619.1	430791	430847	2
CP142619.1	430847	430898	1
CP142619.1	430898	430912	0
CP142619.1	430912	431027	1
CP142619.1	431027	431282	0
CP142619.1	431282	431465	1
CP142619.1	431465	431510	0
CP142619.1	431510	431674	1
CP142619.1	431674	432298	0
CP142619.1	432298	432354	1
CP142619.1	432354	432424	0
CP142619.1	432424	432437	1
CP142619.1	432437	432438	0
CP142619.1	432438	432464	1
CP142619.1	432464	432513	2
CP142619.1	432513	432514	1
CP142619.1	432514	432535	2
CP142619.1	432535	432641	1
CP142619.1	432641	432646	0
CP142619.1	432646	432824	1
CP142619.1	432824	432900	0
CP142619.1	432900	432918	1
CP142619.1	432918	432920	0
CP142619.1	432920	433040	1
CP142619.1	433040	433041	0
CP142619.1	433041	433051	1
CP142619.1	433051	433062	0
CP142619.1	433062	433125	1
CP142619.1	433125	433271	0
CP142619.1	433271	433288	1
CP142619.1	433288	433328	2
CP142619.1	433328	433339	3
CP142619.1	433339	433345	2
CP142619.1	433345	433420	1
CP142619.1	433420	433471	2
CP142619.1	433471	433521	1
CP142619.1	433521	433582	0
CP142619.1	433582	433583	1
CP142619.1	433583	433648	2
CP142619.1	433648	433651	1
CP142619.1	433651	433916	0
CP142619.1	433916	433983	1
CP142619.1	433983	434070	0
CP142619.1	434070	434167	1
CP142619.1	434167	434171	2
CP142619.1	434171	434235	1
CP142619.1	434235	434336	0
CP142619.1	434336	434359	1
CP142619.1	434359	434363	0
CP142619.1	434363	434383	1
CP142619.1	434383	434385	0
CP142619.1	434385	434449	1
CP142619.1	434449	434494	0
CP142619.1	434494	434526	1
CP142619.1	434526	434527	0
CP142619.1	434527	434566	1
CP142619.1	434566	434916	0
CP142619.1	434916	435032	1
CP142619.1	435032	435142	0
CP142619.1	435142	435252	1
CP142619.1	435252	435387	2
CP142619.1	435387	435390	1
CP142619.1	435390	435422	2
CP142619.1	435422	435462	1
CP142619.1	435462	435486	0
CP142619.1	435486	435493	1
CP142619.1	435493	435529	2
CP142619.1	435529	435530	1
CP142619.1	435530	435609	0
CP142619.1	435609	435623	1
CP142619.1	435623	435693	2
CP142619.1	435693	435694	1
CP142619.1	435694	435762	2
CP142619.1	435762	435804	3
CP142619.1	435804	435910	2
CP142619.1	435910	435932	1
CP142619.1	435932	436003	2
CP142619.1	436003	436032	1
CP142619.1	436032	436398	0
CP142619.1	436398	436451	1
CP142619.1	436451	436499	0
CP142619.1	436499	436563	1
CP142619.1	436563	437080	0
CP142619.1	437080	437097	1
CP142619.1	437097	437134	2
CP142619.1	437134	437136	1
CP142619.1	437136	437140	2
CP142619.1	437140	437141	1
CP142619.1	437141	437158	2
CP142619.1	437158	437160	1
CP142619.1	437160	437204	2
CP142619.1	437204	437221	3
CP142619.1	437221	437226	2
CP142619.1	437226	437294	1
CP142619.1	437294	437297	0
CP142619.1	437297	437380	1
CP142619.1	437380	437381	0
CP142619.1	437381	437443	1
CP142619.1	437443	437576	0
CP142619.1	437576	437611	1
CP142619.1	437611	437614	0
CP142619.1	437614	437634	1
CP142619.1	437634	437745	2
CP142619.1	437745	437847	1
CP142619.1	437847	437850	0
CP142619.1	437850	437940	1
CP142619.1	437940	437974	2
CP142619.1	437974	438046	1
CP142619.1	438046	438047	0
CP142619.1	438047	438056	1
CP142619.1	438056	438058	0
CP142619.1	438058	438086	1
CP142619.1	438086	438188	2
CP142619.1	438188	438190	1
CP142619.1	438190	438211	2
CP142619.1	438211	438224	1
CP142619.1	438224	438357	0
CP142619.1	438357	438381	1
CP142619.1	438381	438470	2
CP142619.1	438470	438551	1
CP142619.1	438551	438555	2
CP142619.1	438555	438567	3
CP142619.1	438567	438568	2
CP142619.1	438568	438618	3
CP142619.1	438618	438623	2
CP142619.1	438623	438626	1
CP142619.1	438626	438644	0
CP142619.1	438644	438834	1
CP142619.1	438834	438847	2
CP142619.1	438847	438848	1
CP142619.1	438848	438889	2
CP142619.1	438889	438904	1
CP142619.1	438904	438910	2
CP142619.1	438910	438961	1
CP142619.1	438961	439015	0
CP142619.1	439015	439093	1
CP142619.1	439093	439094	0
CP142619.1	439094	439113	1
CP142619.1	439113	439252	0
CP142619.1	439252	439271	1
CP142619.1	439271	439311	2
CP142619.1	439311	439321	3
CP142619.1	439321	439322	2
CP142619.1	439322	439363	3
CP142619.1	439363	439371	2
CP142619.1	439371	439372	1
CP142619.1	439372	439393	2
CP142619.1	439393	439583	1
CP142619.1	439583	439708	0
CP142619.1	439708	439782	1
CP142619.1	439782	439923	0
CP142619.1	439923	440154	1
CP142619.1	440154	440188	0
CP142619.1	440188	440276	1
CP142619.1	440276	440357	0
CP142619.1	440357	440428	1
CP142619.1	440428	440557	0
CP142619.1	440557	440563	1
CP142619.1	440563	440613	2
CP142619.1	440613	440640	1
CP142619.1	440640	440778	0
CP142619.1	440778	440810	1
CP142619.1	440810	440869	2
CP142619.1	440869	440883	3
CP142619.1	440883	440895	2
CP142619.1	440895	440896	1
CP142619.1	440896	440927	2
CP142619.1	440927	440947	3
CP142619.1	440947	440959	4
CP142619.1	440959	440989	3
CP142619.1	440989	441040	2
CP142619.1	441040	441166	1
CP142619.1	441166	441363	0
CP142619.1	441363	441422	1
CP142619.1	441422	441425	0
CP142619.1	441425	441555	1
CP142619.1	441555	441611	0
CP142619.1	441611	441806	1
CP142619.1	441806	442000	0
CP142619.1	442000	442014	1
CP142619.1	442014	442015	0
CP142619.1	442015	442080	1
CP142619.1	442080	442216	0
CP142619.1	442216	442302	1
CP142619.1	442302	442339	0
CP142619.1	442339	442401	1
CP142619.1	442401	442403	0
CP142619.1	442403	442423	1
CP142619.1	442423	442424	0
CP142619.1	442424	442458	1
CP142619.1	442458	442696	0
CP142619.1	442696	442752	1
CP142619.1	442752	442796	0
CP142619.1	442796	442842	1
CP142619.1	442842	442879	2
CP142619.1	442879	442923	1
CP142619.1	442923	442949	0
CP142619.1	442949	442991	1
CP142619.1	442991	443051	2
CP142619.1	443051	443077	1
CP142619.1	443077	443129	0
CP142619.1	443129	443213	1
CP142619.1	443213	443226	0
CP142619.1	443226	443258	1
CP142619.1	443258	443268	0
CP142619.1	443268	443349	1
CP142619.1	443349	443353	0
CP142619.1	443353	443434	1
CP142619.1	443434	443487	0
CP142619.1	443487	443498	1
CP142619.1	443498	443500	2
CP142619.1	443500	443501	1
CP142619.1	443501	443514	2
CP142619.1	443514	443516	1
CP142619.1	443516	443537	2
CP142619.1	443537	443538	1
CP142619.1	443538	443576	2
CP142619.1	443576	443585	3
CP142619.1	443585	443593	2
CP142619.1	443593	443600	1
CP142619.1	443600	443648	2
CP142619.1	443648	443779	1
CP142619.1	443779	443791	0
CP142619.1	443791	443863	1
CP142619.1	443863	443934	2
CP142619.1	443934	443935	1
CP142619.1	443935	443957	2
CP142619.1	443957	444084	1
CP142619.1	444084	444306	0
CP142619.1	444306	444339	1
CP142619.1	444339	444340	0
CP142619.1	444340	444384	1
CP142619.1	444384	444491	0
CP142619.1	444491	444556	1
CP142619.1	444556	444562	2
CP142619.1	444562	444565	1
CP142619.1	444565	444577	2
CP142619.1	444577	444600	3
CP142619.1	444600	444601	2
CP142619.1	444601	444610	3
CP142619.1	444610	444614	2
CP142619.1	444614	444618	1
CP142619.1	444618	444619	0
CP142619.1	444619	444641	2
CP142619.1	444641	444698	1
CP142619.1	444698	444858	0
CP142619.1	444858	444879	1
CP142619.1	444879	444882	0
CP142619.1	444882	444943	1
CP142619.1	444943	444944	0
CP142619.1	444944	444956	1
CP142619.1	444956	445010	0
CP142619.1	445010	445023	1
CP142619.1	445023	445053	2
CP142619.1	445053	445054	1
CP142619.1	445054	445062	2
CP142619.1	445062	445063	1
CP142619.1	445063	445106	2
CP142619.1	445106	445110	3
CP142619.1	445110	445190	2
CP142619.1	445190	445191	1
CP142619.1	445191	445199	2
CP142619.1	445199	445232	3
CP142619.1	445232	445242	2
CP142619.1	445242	445321	1
CP142619.1	445321	445656	0
CP142619.1	445656	445820	1
CP142619.1	445820	445850	0
CP142619.1	445850	445922	1
CP142619.1	445922	446201	0
CP142619.1	446201	446245	1
CP142619.1	446245	446247	0
CP142619.1	446247	446336	1
CP142619.1	446336	446496	0
CP142619.1	446496	446739	1
CP142619.1	446739	446797	2
CP142619.1	446797	446848	1
CP142619.1	446848	446855	2
CP142619.1	446855	446859	1
CP142619.1	446859	446910	2
CP142619.1	446910	446912	1
CP142619.1	446912	446925	2
CP142619.1	446925	446931	1
CP142619.1	446931	446978	0
CP142619.1	446978	446980	1
CP142619.1	446980	447040	2
CP142619.1	447040	447065	1
CP142619.1	447065	447089	2
CP142619.1	447089	447101	1
CP142619.1	447101	447108	2
CP142619.1	447108	447118	1
CP142619.1	447118	447208	2
CP142619.1	447208	447366	1
CP142619.1	447366	447458	0
CP142619.1	447458	447533	1
CP142619.1	447533	447534	0
CP142619.1	447534	447661	1
CP142619.1	447661	447729	0
CP142619.1	447729	447769	1
CP142619.1	447769	447770	0
CP142619.1	447770	447785	1
CP142619.1	447785	447836	0
CP142619.1	447836	447900	1
CP142619.1	447900	447953	2
CP142619.1	447953	447955	1
CP142619.1	447955	447959	2
CP142619.1	447959	447961	1
CP142619.1	447961	447987	2
CP142619.1	447987	447991	3
CP142619.1	447991	447992	2
CP142619.1	447992	448049	3
CP142619.1	448049	448051	2
CP142619.1	448051	448052	1
CP142619.1	448052	448070	2
CP142619.1	448070	448071	1
CP142619.1	448071	448163	2
CP142619.1	448163	448182	1
CP142619.1	448182	448183	0
CP142619.1	448183	448307	1
CP142619.1	448307	448353	2
CP142619.1	448353	448354	1
CP142619.1	448354	448367	2
CP142619.1	448367	448369	1
CP142619.1	448369	448425	0
CP142619.1	448425	448471	1
CP142619.1	448471	448472	0
CP142619.1	448472	448538	1
CP142619.1	448538	448847	0
CP142619.1	448847	448932	1
CP142619.1	448932	449133	0
CP142619.1	449133	449198	1
CP142619.1	449198	449237	2
CP142619.1	449237	449246	3
CP142619.1	449246	449299	2
CP142619.1	449299	449317	1
CP142619.1	449317	449400	0
CP142619.1	449400	449475	1
CP142619.1	449475	449658	0
CP142619.1	449658	449702	1
CP142619.1	449702	449721	2
CP142619.1	449721	449746	3
CP142619.1	449746	449752	2
CP142619.1	449752	449753	1
CP142619.1	449753	449754	2
CP142619.1	449754	449768	3
CP142619.1	449768	449774	2
CP142619.1	449774	449790	3
CP142619.1	449790	449791	2
CP142619.1	449791	449804	3
CP142619.1	449804	449836	2
CP142619.1	449836	449923	1
CP142619.1	449923	449995	0
CP142619.1	449995	450015	1
CP142619.1	450015	450044	2
CP142619.1	450044	450050	1
CP142619.1	450050	450133	2
CP142619.1	450133	450142	1
CP142619.1	450142	450145	0
CP142619.1	450145	450163	1
CP142619.1	450163	450315	2
CP142619.1	450315	450321	1
CP142619.1	450321	450326	0
CP142619.1	450326	450430	1
CP142619.1	450430	450632	0
CP142619.1	450632	450712	1
CP142619.1	450712	450791	0
CP142619.1	450791	450823	1
CP142619.1	450823	450863	2
CP142619.1	450863	450915	3
CP142619.1	450915	450936	2
CP142619.1	450936	450975	1
CP142619.1	450975	450976	0
CP142619.1	450976	451003	1
CP142619.1	451003	451006	0
CP142619.1	451006	451027	1
CP142619.1	451027	451050	2
CP142619.1	451050	451223	1
CP142619.1	451223	451258	0
CP142619.1	451258	451313	1
CP142619.1	451313	451328	2
CP142619.1	451328	451419	1
CP142619.1	451419	451453	2
CP142619.1	451453	451472	3
CP142619.1	451472	451473	4
CP142619.1	451473	451502	5
CP142619.1	451502	451503	4
CP142619.1	451503	451504	5
CP142619.1	451504	451554	4
CP142619.1	451554	451579	3
CP142619.1	451579	451580	2
CP142619.1	451580	451637	4
CP142619.1	451637	451640	3
CP142619.1	451640	451670	2
CP142619.1	451670	451676	1
CP142619.1	451676	451685	0
CP142619.1	451685	451735	1
CP142619.1	451735	451736	0
CP142619.1	451736	451758	1
CP142619.1	451758	452136	0
CP142619.1	452136	452213	1
CP142619.1	452213	452219	0
CP142619.1	452219	452298	1
CP142619.1	452298	452388	0
CP142619.1	452388	452440	1
CP142619.1	452440	452443	0
CP142619.1	452443	452458	1
CP142619.1	452458	452507	0
CP142619.1	452507	452550	1
CP142619.1	452550	452585	2
CP142619.1	452585	452586	1
CP142619.1	452586	452616	2
CP142619.1	452616	452617	1
CP142619.1	452617	452688	2
CP142619.1	452688	452706	3
CP142619.1	452706	452726	2
CP142619.1	452726	452805	1
CP142619.1	452805	452838	2
CP142619.1	452838	452856	1
CP142619.1	452856	452891	0
CP142619.1	452891	452939	1
CP142619.1	452939	453020	0
CP142619.1	453020	453040	1
CP142619.1	453040	453041	0
CP142619.1	453041	453114	1
CP142619.1	453114	453172	2
CP142619.1	453172	453318	1
CP142619.1	453318	453349	2
CP142619.1	453349	453354	3
CP142619.1	453354	453355	2
CP142619.1	453355	453400	3
CP142619.1	453400	453419	4
CP142619.1	453419	453422	3
CP142619.1	453422	453481	4
CP142619.1	453481	453482	3
CP142619.1	453482	453497	4
CP142619.1	453497	453498	3
CP142619.1	453498	453499	2
CP142619.1	453499	453543	3
CP142619.1	453543	453562	2
CP142619.1	453562	453602	1
CP142619.1	453602	453603	0
CP142619.1	453603	453660	1
CP142619.1	453660	453690	0
CP142619.1	453690	453835	1
CP142619.1	453835	453836	0
CP142619.1	453836	453999	1
CP142619.1	453999	454220	0
CP142619.1	454220	454255	1
CP142619.1	454255	454256	0
CP142619.1	454256	454281	1
CP142619.1	454281	454398	0
CP142619.1	454398	454512	1
CP142619.1	454512	454527	0
CP142619.1	454527	454536	1
CP142619.1	454536	454538	0
CP142619.1	454538	454587	1
CP142619.1	454587	454629	0
CP142619.1	454629	454667	1
CP142619.1	454667	454668	0
CP142619.1	454668	454697	1
CP142619.1	454697	454947	0
CP142619.1	454947	454965	1
CP142619.1	454965	454966	0
CP142619.1	454966	455041	1
CP142619.1	455041	455055	2
CP142619.1	455055	455057	1
CP142619.1	455057	455077	2
CP142619.1	455077	455142	1
CP142619.1	455142	455144	0
CP142619.1	455144	455169	1
CP142619.1	455169	455170	0
CP142619.1	455170	455196	1
CP142619.1	455196	455403	0
CP142619.1	455403	455477	1
CP142619.1	455477	455480	2
CP142619.1	455480	455503	1
CP142619.1	455503	455504	0
CP142619.1	455504	455599	1
CP142619.1	455599	455688	2
CP142619.1	455688	455782	1
CP142619.1	455782	455784	0
CP142619.1	455784	455968	1
CP142619.1	455968	456042	2
CP142619.1	456042	456094	1
CP142619.1	456094	456102	2
CP142619.1	456102	456103	1
CP142619.1	456103	456113	2
CP142619.1	456113	456116	1
CP142619.1	456116	456137	2
CP142619.1	456137	456228	1
CP142619.1	456228	456229	0
CP142619.1	456229	456235	1
CP142619.1	456235	456287	2
CP142619.1	456287	456296	1
CP142619.1	456296	456302	0
CP142619.1	456302	456349	1
CP142619.1	456349	456362	0
CP142619.1	456362	456407	1
CP142619.1	456407	456408	0
CP142619.1	456408	456468	1
CP142619.1	456468	456637	0
CP142619.1	456637	456699	1
CP142619.1	456699	456750	2
CP142619.1	456750	456759	1
CP142619.1	456759	456784	0
CP142619.1	456784	456861	1
CP142619.1	456861	456934	0
CP142619.1	456934	456998	1
CP142619.1	456998	456999	0
CP142619.1	456999	457122	1
CP142619.1	457122	457208	0
CP142619.1	457208	457403	1
CP142619.1	457403	457428	2
CP142619.1	457428	457473	3
CP142619.1	457473	457501	2
CP142619.1	457501	457523	1
CP142619.1	457523	457647	0
CP142619.1	457647	457810	1
CP142619.1	457810	457922	0
CP142619.1	457922	457955	1
CP142619.1	457955	457989	2
CP142619.1	457989	458019	1
CP142619.1	458019	458040	2
CP142619.1	458040	458046	3
CP142619.1	458046	458047	2
CP142619.1	458047	458058	3
CP142619.1	458058	458097	2
CP142619.1	458097	458234	1
CP142619.1	458234	458276	2
CP142619.1	458276	458333	1
CP142619.1	458333	458416	0
CP142619.1	458416	458530	1
CP142619.1	458530	458719	0
CP142619.1	458719	458973	1
CP142619.1	458973	458974	0
CP142619.1	458974	459001	1
CP142619.1	459001	459002	0
CP142619.1	459002	459053	1
CP142619.1	459053	459123	0
CP142619.1	459123	459139	1
CP142619.1	459139	459140	0
CP142619.1	459140	459239	1
CP142619.1	459239	459818	0
CP142619.1	459818	459849	1
CP142619.1	459849	459855	0
CP142619.1	459855	459899	1
CP142619.1	459899	460019	0
CP142619.1	460019	460179	1
CP142619.1	460179	460180	0
CP142619.1	460180	460196	1
CP142619.1	460196	460241	2
CP142619.1	460241	460267	1
CP142619.1	460267	460445	0
CP142619.1	460445	460474	1
CP142619.1	460474	460549	2
CP142619.1	460549	460575	1
CP142619.1	460575	460608	2
CP142619.1	460608	460643	1
CP142619.1	460643	460674	0
CP142619.1	460674	460719	1
CP142619.1	460719	460738	2
CP142619.1	460738	460739	1
CP142619.1	460739	460765	2
CP142619.1	460765	460800	1
CP142619.1	460800	460812	2
CP142619.1	460812	460814	1
CP142619.1	460814	460921	2
CP142619.1	460921	460923	1
CP142619.1	460923	460945	2
CP142619.1	460945	461012	1
CP142619.1	461012	461402	0
CP142619.1	461402	461438	1
CP142619.1	461438	461460	2
CP142619.1	461460	461461	1
CP142619.1	461461	461607	2
CP142619.1	461607	461608	1
CP142619.1	461608	461624	2
CP142619.1	461624	461630	1
CP142619.1	461630	461669	2
CP142619.1	461669	461671	1
CP142619.1	461671	461753	0
CP142619.1	461753	461767	1
CP142619.1	461767	461877	2
CP142619.1	461877	461898	1
CP142619.1	461898	462019	0
CP142619.1	462019	462069	2
CP142619.1	462069	462073	1
CP142619.1	462073	462090	2
CP142619.1	462090	462091	1
CP142619.1	462091	462159	2
CP142619.1	462159	462160	1
CP142619.1	462160	462174	2
CP142619.1	462174	462175	1
CP142619.1	462175	462197	2
CP142619.1	462197	462342	1
CP142619.1	462342	462344	0
CP142619.1	462344	462406	1
CP142619.1	462406	462900	0
CP142619.1	462900	462935	1
CP142619.1	462935	463009	2
CP142619.1	463009	463016	1
CP142619.1	463016	463288	0
CP142619.1	463288	463342	1
CP142619.1	463342	463445	2
CP142619.1	463445	463462	1
CP142619.1	463462	463777	0
CP142619.1	463777	463863	1
CP142619.1	463863	463868	2
CP142619.1	463868	463875	1
CP142619.1	463875	463876	0
CP142619.1	463876	463894	1
CP142619.1	463894	463897	0
CP142619.1	463897	463918	1
CP142619.1	463918	463989	0
CP142619.1	463989	464019	1
CP142619.1	464019	464027	0
CP142619.1	464027	464028	1
CP142619.1	464028	464058	2
CP142619.1	464058	464061	0
CP142619.1	464061	464066	1
CP142619.1	464066	464067	0
CP142619.1	464067	464072	1
CP142619.1	464072	464078	0
CP142619.1	464078	464083	1
CP142619.1	464083	464084	0
CP142619.1	464084	464112	1
CP142619.1	464112	464113	0
CP142619.1	464113	464123	1
CP142619.1	464123	464126	0
CP142619.1	464126	464143	1
CP142619.1	464143	464147	0
CP142619.1	464147	464188	1
CP142619.1	464188	464235	0
CP142619.1	464235	464359	1
CP142619.1	464359	464582	0
CP142619.1	464582	464736	1
CP142619.1	464736	464972	0
CP142619.1	464972	464990	1
CP142619.1	464990	464991	0
CP142619.1	464991	464994	1
CP142619.1	464994	465123	2
CP142619.1	465123	465127	1
CP142619.1	465127	465129	0
CP142619.1	465129	465222	1
CP142619.1	465222	465288	2
CP142619.1	465288	465327	3
CP142619.1	465327	465328	1
CP142619.1	465328	465329	2
CP142619.1	465329	465381	3
CP142619.1	465381	465537	1
CP142619.1	465537	465584	2
CP142619.1	465584	465601	3
CP142619.1	465601	465639	2
CP142619.1	465639	465673	1
CP142619.1	465673	466001	0
CP142619.1	466001	466103	1
CP142619.1	466103	466107	2
CP142619.1	466107	466157	1
CP142619.1	466157	466162	2
CP142619.1	466162	466210	3
CP142619.1	466210	466211	2
CP142619.1	466211	466223	3
CP142619.1	466223	466237	2
CP142619.1	466237	466304	1
CP142619.1	466304	466322	0
CP142619.1	466322	466394	1
CP142619.1	466394	466427	0
CP142619.1	466427	466479	1
CP142619.1	466479	466505	2
CP142619.1	466505	466517	3
CP142619.1	466517	466518	2
CP142619.1	466518	466543	3
CP142619.1	466543	466578	1
CP142619.1	466578	466596	2
CP142619.1	466596	466597	1
CP142619.1	466597	466651	3
CP142619.1	466651	466669	2
CP142619.1	466669	466674	3
CP142619.1	466674	466694	2
CP142619.1	466694	466708	3
CP142619.1	466708	466710	2
CP142619.1	466710	466724	3
CP142619.1	466724	466786	2
CP142619.1	466786	466862	1
CP142619.1	466862	466864	0
CP142619.1	466864	466990	1
CP142619.1	466990	467058	0
CP142619.1	467058	467216	1
CP142619.1	467216	467222	0
CP142619.1	467222	467386	1
CP142619.1	467386	467582	0
CP142619.1	467582	467589	1
CP142619.1	467589	467671	2
CP142619.1	467671	467799	1
CP142619.1	467799	467800	0
CP142619.1	467800	467831	1
CP142619.1	467831	467832	2
CP142619.1	467832	467879	3
CP142619.1	467879	467885	4
CP142619.1	467885	467886	3
CP142619.1	467886	467899	4
CP142619.1	467899	467916	3
CP142619.1	467916	467941	2
CP142619.1	467941	467944	1
CP142619.1	467944	467975	2
CP142619.1	467975	468108	1
CP142619.1	468108	468119	0
CP142619.1	468119	468231	1
CP142619.1	468231	468340	0
CP142619.1	468340	468341	2
CP142619.1	468341	468355	3
CP142619.1	468355	468356	2
CP142619.1	468356	468385	3
CP142619.1	468385	468393	2
CP142619.1	468393	468395	1
CP142619.1	468395	468408	2
CP142619.1	468408	468425	3
CP142619.1	468425	468427	2
CP142619.1	468427	468434	3
CP142619.1	468434	468460	2
CP142619.1	468460	468492	1
CP142619.1	468492	468501	0
CP142619.1	468501	468561	1
CP142619.1	468561	468562	0
CP142619.1	468562	468581	1
CP142619.1	468581	468619	0
CP142619.1	468619	468652	1
CP142619.1	468652	468657	2
CP142619.1	468657	468659	1
CP142619.1	468659	468690	2
CP142619.1	468690	468692	1
CP142619.1	468692	468736	2
CP142619.1	468736	468739	1
CP142619.1	468739	468776	2
CP142619.1	468776	468780	3
CP142619.1	468780	468792	2
CP142619.1	468792	468793	1
CP142619.1	468793	468835	2
CP142619.1	468835	468842	1
CP142619.1	468842	468853	2
CP142619.1	468853	468864	1
CP142619.1	468864	468865	0
CP142619.1	468865	468978	1
CP142619.1	468978	469214	0
CP142619.1	469214	469308	1
CP142619.1	469308	469424	2
CP142619.1	469424	469443	1
CP142619.1	469443	469514	2
CP142619.1	469514	469553	1
CP142619.1	469553	469680	0
CP142619.1	469680	469788	1
CP142619.1	469788	470013	0
CP142619.1	470013	470188	1
CP142619.1	470188	470340	0
CP142619.1	470340	470365	1
CP142619.1	470365	470441	2
CP142619.1	470441	470480	1
CP142619.1	470480	470740	0
CP142619.1	470740	470867	1
CP142619.1	470867	471019	0
CP142619.1	471019	471055	1
CP142619.1	471055	471115	2
CP142619.1	471115	471176	1
CP142619.1	471176	471212	0
CP142619.1	471212	471291	1
CP142619.1	471291	471782	0
CP142619.1	471782	471914	1
CP142619.1	471914	473140	0
CP142619.1	473140	473164	1
CP142619.1	473164	473165	0
CP142619.1	473165	473241	1
CP142619.1	473241	473244	0
CP142619.1	473244	473276	1
CP142619.1	473276	473374	0
CP142619.1	473374	473440	1
CP142619.1	473440	474100	0
CP142619.1	474100	474121	1
CP142619.1	474121	474130	2
CP142619.1	474130	474138	3
CP142619.1	474138	474155	4
CP142619.1	474155	474198	3
CP142619.1	474198	474314	2
CP142619.1	474314	474315	1
CP142619.1	474315	474342	2
CP142619.1	474342	474368	1
CP142619.1	474368	474369	0
CP142619.1	474369	474392	1
CP142619.1	474392	474486	0
CP142619.1	474486	474538	1
CP142619.1	474538	474540	0
CP142619.1	474540	474602	1
CP142619.1	474602	474603	0
CP142619.1	474603	474672	1
CP142619.1	474672	474801	0
CP142619.1	474801	474822	1
CP142619.1	474822	474825	0
CP142619.1	474825	474867	1
CP142619.1	474867	474958	0
CP142619.1	474958	474971	1
CP142619.1	474971	474997	2
CP142619.1	474997	474999	1
CP142619.1	474999	475001	0
CP142619.1	475001	475048	1
CP142619.1	475048	475051	0
CP142619.1	475051	475113	1
CP142619.1	475113	475197	0
CP142619.1	475197	475269	1
CP142619.1	475269	475366	0
CP142619.1	475366	475446	1
CP142619.1	475446	475450	2
CP142619.1	475450	475503	1
CP142619.1	475503	475529	0
CP142619.1	475529	475601	1
CP142619.1	475601	475887	0
CP142619.1	475887	475923	1
CP142619.1	475923	476022	2
CP142619.1	476022	476028	1
CP142619.1	476028	476032	0
CP142619.1	476032	476057	1
CP142619.1	476057	476063	0
CP142619.1	476063	476097	1
CP142619.1	476097	476261	0
CP142619.1	476261	476313	1
CP142619.1	476313	476408	2
CP142619.1	476408	476455	1
CP142619.1	476455	476460	0
CP142619.1	476460	476566	1
CP142619.1	476566	476638	0
CP142619.1	476638	476728	1
CP142619.1	476728	476792	2
CP142619.1	476792	476806	3
CP142619.1	476806	476817	2
CP142619.1	476817	476821	1
CP142619.1	476821	476854	2
CP142619.1	476854	476881	3
CP142619.1	476881	476941	2
CP142619.1	476941	476950	3
CP142619.1	476950	476963	2
CP142619.1	476963	476968	3
CP142619.1	476968	476991	2
CP142619.1	476991	477100	1
CP142619.1	477100	477101	0
CP142619.1	477101	477119	1
CP142619.1	477119	477150	2
CP142619.1	477150	477158	1
CP142619.1	477158	477186	2
CP142619.1	477186	477386	1
CP142619.1	477386	477454	2
CP142619.1	477454	477462	3
CP142619.1	477462	477503	2
CP142619.1	477503	477529	1
CP142619.1	477529	477546	0
CP142619.1	477546	477610	1
CP142619.1	477610	477641	2
CP142619.1	477641	477750	1
CP142619.1	477750	477808	0
CP142619.1	477808	477932	1
CP142619.1	477932	478018	0
CP142619.1	478018	478165	1
CP142619.1	478165	478555	0
CP142619.1	478555	478603	1
CP142619.1	478603	478629	2
CP142619.1	478629	478678	3
CP142619.1	478678	478687	2
CP142619.1	478687	478729	3
CP142619.1	478729	478761	2
CP142619.1	478761	478762	1
CP142619.1	478762	478765	2
CP142619.1	478765	478776	1
CP142619.1	478776	478994	0
CP142619.1	478994	479011	1
CP142619.1	479011	479203	2
CP142619.1	479203	479210	1
CP142619.1	479210	479564	0
CP142619.1	479564	479632	1
CP142619.1	479632	479641	2
CP142619.1	479641	479809	1
CP142619.1	479809	480094	0
CP142619.1	480094	480163	1
CP142619.1	480163	480427	0
CP142619.1	480427	480446	1
CP142619.1	480446	480467	2
CP142619.1	480467	480488	3
CP142619.1	480488	480499	2
CP142619.1	480499	480533	1
CP142619.1	480533	480534	0
CP142619.1	480534	480644	1
CP142619.1	480644	480683	2
CP142619.1	480683	480684	1
CP142619.1	480684	480688	2
CP142619.1	480688	480724	3
CP142619.1	480724	480742	2
CP142619.1	480742	480745	3
CP142619.1	480745	480747	4
CP142619.1	480747	480784	5
CP142619.1	480784	480838	4
CP142619.1	480838	480849	3
CP142619.1	480849	480857	2
CP142619.1	480857	480865	1
CP142619.1	480865	480870	2
CP142619.1	480870	480871	1
CP142619.1	480871	480878	2
CP142619.1	480878	480901	1
CP142619.1	480901	480916	3
CP142619.1	480916	480917	2
CP142619.1	480917	480948	3
CP142619.1	480948	480949	2
CP142619.1	480949	480951	1
CP142619.1	480951	480954	2
CP142619.1	480954	480978	3
CP142619.1	480978	480988	2
CP142619.1	480988	480989	1
CP142619.1	480989	481004	2
CP142619.1	481004	481081	1
CP142619.1	481081	481088	2
CP142619.1	481088	481089	1
CP142619.1	481089	481114	2
CP142619.1	481114	481116	1
CP142619.1	481116	481129	2
CP142619.1	481129	481133	1
CP142619.1	481133	481259	0
CP142619.1	481259	481396	1
CP142619.1	481396	481411	0
CP142619.1	481411	481419	1
CP142619.1	481419	481489	2
CP142619.1	481489	481492	1
CP142619.1	481492	481493	0
CP142619.1	481493	481496	1
CP142619.1	481496	481527	2
CP142619.1	481527	481541	1
CP142619.1	481541	481585	2
CP142619.1	481585	481586	1
CP142619.1	481586	481639	2
CP142619.1	481639	481640	1
CP142619.1	481640	481709	2
CP142619.1	481709	481767	1
CP142619.1	481767	481775	0
CP142619.1	481775	481780	1
CP142619.1	481780	481874	2
CP142619.1	481874	482013	1
CP142619.1	482013	482252	0
CP142619.1	482252	482268	1
CP142619.1	482268	482327	2
CP142619.1	482327	482330	1
CP142619.1	482330	482361	2
CP142619.1	482361	482362	1
CP142619.1	482362	482436	2
CP142619.1	482436	482437	1
CP142619.1	482437	482440	2
CP142619.1	482440	482515	1
CP142619.1	482515	482613	0
CP142619.1	482613	482691	1
CP142619.1	482691	482692	0
CP142619.1	482692	482709	1
CP142619.1	482709	482722	0
CP142619.1	482722	482813	1
CP142619.1	482813	482851	2
CP142619.1	482851	483051	1
CP142619.1	483051	483097	2
CP142619.1	483097	483099	1
CP142619.1	483099	483106	2
CP142619.1	483106	483133	1
CP142619.1	483133	483182	0
CP142619.1	483182	483257	1
CP142619.1	483257	483280	0
CP142619.1	483280	483300	1
CP142619.1	483300	483360	2
CP142619.1	483360	483374	3
CP142619.1	483374	483437	2
CP142619.1	483437	483439	1
CP142619.1	483439	483462	2
CP142619.1	483462	483463	1
CP142619.1	483463	483502	2
CP142619.1	483502	483525	1
CP142619.1	483525	483618	0
CP142619.1	483618	483649	1
CP142619.1	483649	483677	2
CP142619.1	483677	483678	1
CP142619.1	483678	483691	2
CP142619.1	483691	483696	1
CP142619.1	483696	483721	2
CP142619.1	483721	483754	1
CP142619.1	483754	483796	2
CP142619.1	483796	483805	1
CP142619.1	483805	483822	0
CP142619.1	483822	483865	1
CP142619.1	483865	483915	2
CP142619.1	483915	483916	1
CP142619.1	483916	483998	2
CP142619.1	483998	484041	1
CP142619.1	484041	484140	0
CP142619.1	484140	484178	1
CP142619.1	484178	484179	0
CP142619.1	484179	484233	1
CP142619.1	484233	484250	0
CP142619.1	484250	484272	1
CP142619.1	484272	484319	2
CP142619.1	484319	484361	3
CP142619.1	484361	484381	2
CP142619.1	484381	484390	1
CP142619.1	484390	484420	2
CP142619.1	484420	484436	1
CP142619.1	484436	484440	0
CP142619.1	484440	484510	1
CP142619.1	484510	484667	0
CP142619.1	484667	484760	1
CP142619.1	484760	484911	0
CP142619.1	484911	485037	1
CP142619.1	485037	485110	2
CP142619.1	485110	485139	3
CP142619.1	485139	485183	2
CP142619.1	485183	485191	3
CP142619.1	485191	485275	2
CP142619.1	485275	485309	3
CP142619.1	485309	485375	2
CP142619.1	485375	485377	1
CP142619.1	485377	485394	2
CP142619.1	485394	485397	0
CP142619.1	485397	485454	1
CP142619.1	485454	485492	2
CP142619.1	485492	485589	1
CP142619.1	485589	486223	0
CP142619.1	486223	486253	1
CP142619.1	486253	486254	0
CP142619.1	486254	486391	1
CP142619.1	486391	486541	0
CP142619.1	486541	486627	1
CP142619.1	486627	486629	0
CP142619.1	486629	486639	1
CP142619.1	486639	486640	0
CP142619.1	486640	486668	1
CP142619.1	486668	486670	0
CP142619.1	486670	486713	1
CP142619.1	486713	487610	0
CP142619.1	487610	487684	1
CP142619.1	487684	487685	0
CP142619.1	487685	487740	1
CP142619.1	487740	487816	2
CP142619.1	487816	487890	1
CP142619.1	487890	487917	0
CP142619.1	487917	487966	1
CP142619.1	487966	487984	0
CP142619.1	487984	488028	1
CP142619.1	488028	488029	0
CP142619.1	488029	488065	1
CP142619.1	488065	488066	0
CP142619.1	488066	488084	1
CP142619.1	488084	488337	0
CP142619.1	488337	488430	1
CP142619.1	488430	488444	2
CP142619.1	488444	488447	1
CP142619.1	488447	488481	2
CP142619.1	488481	488483	1
CP142619.1	488483	488486	0
CP142619.1	488486	488639	1
CP142619.1	488639	488825	0
CP142619.1	488825	488859	1
CP142619.1	488859	488903	2
CP142619.1	488903	489004	1
CP142619.1	489004	489112	0
CP142619.1	489112	489155	1
CP142619.1	489155	489158	0
CP142619.1	489158	489179	1
CP142619.1	489179	489181	0
CP142619.1	489181	489208	1
CP142619.1	489208	489343	0
CP142619.1	489343	489451	1
CP142619.1	489451	489469	0
CP142619.1	489469	489506	1
CP142619.1	489506	489553	2
CP142619.1	489553	489556	1
CP142619.1	489556	489775	0
CP142619.1	489775	489788	1
CP142619.1	489788	489789	0
CP142619.1	489789	489870	1
CP142619.1	489870	489938	2
CP142619.1	489938	489976	3
CP142619.1	489976	489995	2
CP142619.1	489995	490061	3
CP142619.1	490061	490062	2
CP142619.1	490062	490068	3
CP142619.1	490068	490069	2
CP142619.1	490069	490070	1
CP142619.1	490070	490077	2
CP142619.1	490077	490078	1
CP142619.1	490078	490118	2
CP142619.1	490118	490124	1
CP142619.1	490124	490167	0
CP142619.1	490167	490195	1
CP142619.1	490195	490219	2
CP142619.1	490219	490269	3
CP142619.1	490269	490288	2
CP142619.1	490288	490290	1
CP142619.1	490290	490312	2
CP142619.1	490312	490361	1
CP142619.1	490361	490499	0
CP142619.1	490499	490564	1
CP142619.1	490564	490610	2
CP142619.1	490610	490702	3
CP142619.1	490702	490706	4
CP142619.1	490706	490711	3
CP142619.1	490711	490765	4
CP142619.1	490765	490772	3
CP142619.1	490772	490790	4
CP142619.1	490790	490818	3
CP142619.1	490818	490830	2
CP142619.1	490830	490851	1
CP142619.1	490851	490858	0
CP142619.1	490858	490893	1
CP142619.1	490893	490894	0
CP142619.1	490894	490942	1
CP142619.1	490942	490950	2
CP142619.1	490950	491029	1
CP142619.1	491029	491043	0
CP142619.1	491043	491128	1
CP142619.1	491128	491215	0
CP142619.1	491215	491317	1
CP142619.1	491317	491336	2
CP142619.1	491336	491342	1
CP142619.1	491342	491348	2
CP142619.1	491348	491383	1
CP142619.1	491383	491436	2
CP142619.1	491436	491439	3
CP142619.1	491439	491549	2
CP142619.1	491549	491649	1
CP142619.1	491649	491668	2
CP142619.1	491668	491751	1
CP142619.1	491751	491752	2
CP142619.1	491752	491785	1
CP142619.1	491785	491792	0
CP142619.1	491792	491830	1
CP142619.1	491830	491852	0
CP142619.1	491852	491924	1
CP142619.1	491924	491939	0
CP142619.1	491939	492014	1
CP142619.1	492014	492077	0
CP142619.1	492077	492159	1
CP142619.1	492159	492160	0
CP142619.1	492160	492233	1
CP142619.1	492233	492242	2
CP142619.1	492242	492265	3
CP142619.1	492265	492337	2
CP142619.1	492337	492340	1
CP142619.1	492340	492793	0
CP142619.1	492793	492912	1
CP142619.1	492912	492978	0
CP142619.1	492978	492984	1
CP142619.1	492984	493132	2
CP142619.1	493132	493153	1
CP142619.1	493153	493154	0
CP142619.1	493154	493421	1
CP142619.1	493421	493504	2
CP142619.1	493504	493622	1
CP142619.1	493622	493643	2
CP142619.1	493643	493657	1
CP142619.1	493657	493672	2
CP142619.1	493672	493673	1
CP142619.1	493673	493707	2
CP142619.1	493707	493746	1
CP142619.1	493746	493749	2
CP142619.1	493749	493821	3
CP142619.1	493821	493874	2
CP142619.1	493874	493943	1
CP142619.1	493943	494225	0
CP142619.1	494225	494247	1
CP142619.1	494247	494248	0
CP142619.1	494248	494256	1
CP142619.1	494256	494265	2
CP142619.1	494265	494288	3
CP142619.1	494288	494289	2
CP142619.1	494289	494301	3
CP142619.1	494301	494304	2
CP142619.1	494304	494367	3
CP142619.1	494367	494414	1
CP142619.1	494414	494477	0
CP142619.1	494477	494528	1
CP142619.1	494528	494643	0
CP142619.1	494643	494675	1
CP142619.1	494675	494678	0
CP142619.1	494678	494716	1
CP142619.1	494716	494717	0
CP142619.1	494717	494800	1
CP142619.1	494800	495047	0
CP142619.1	495047	495084	1
CP142619.1	495084	495087	0
CP142619.1	495087	495169	1
CP142619.1	495169	495178	0
CP142619.1	495178	495214	1
CP142619.1	495214	495349	2
CP142619.1	495349	495685	1
CP142619.1	495685	495746	2
CP142619.1	495746	495749	1
CP142619.1	495749	495811	2
CP142619.1	495811	495812	1
CP142619.1	495812	495817	2
CP142619.1	495817	495821	1
CP142619.1	495821	495996	0
CP142619.1	495996	496148	1
CP142619.1	496148	496175	0
CP142619.1	496175	496268	1
CP142619.1	496268	496301	2
CP142619.1	496301	496461	1
CP142619.1	496461	496477	2
CP142619.1	496477	496549	1
CP142619.1	496549	496617	0
CP142619.1	496617	496620	1
CP142619.1	496620	496699	2
CP142619.1	496699	496828	1
CP142619.1	496828	496878	2
CP142619.1	496878	496884	1
CP142619.1	496884	496885	0
CP142619.1	496885	496914	1
CP142619.1	496914	497025	0
CP142619.1	497025	497156	1
CP142619.1	497156	497188	2
CP142619.1	497188	497192	1
CP142619.1	497192	497231	2
CP142619.1	497231	497299	1
CP142619.1	497299	497307	2
CP142619.1	497307	497310	1
CP142619.1	497310	497311	0
CP142619.1	497311	497312	1
CP142619.1	497312	497378	2
CP142619.1	497378	497384	0
CP142619.1	497384	497395	2
CP142619.1	497395	497421	3
CP142619.1	497421	497446	2
CP142619.1	497446	497450	0
CP142619.1	497450	497470	2
CP142619.1	497470	497575	0
CP142619.1	497575	497644	2
CP142619.1	497644	497710	1
CP142619.1	497710	497756	0
CP142619.1	497756	497840	1
CP142619.1	497840	497846	2
CP142619.1	497846	497893	1
CP142619.1	497893	497934	2
CP142619.1	497934	497935	1
CP142619.1	497935	497940	2
CP142619.1	497940	497944	1
CP142619.1	497944	497986	2
CP142619.1	497986	498058	1
CP142619.1	498058	498060	0
CP142619.1	498060	498147	1
CP142619.1	498147	498149	0
CP142619.1	498149	498256	1
CP142619.1	498256	498304	0
CP142619.1	498304	498438	1
CP142619.1	498438	498612	0
CP142619.1	498612	498669	1
CP142619.1	498669	498772	0
CP142619.1	498772	498873	1
CP142619.1	498873	498979	0
CP142619.1	498979	499021	1
CP142619.1	499021	499142	0
CP142619.1	499142	499291	1
CP142619.1	499291	499312	2
CP142619.1	499312	499314	3
CP142619.1	499314	499414	2
CP142619.1	499414	499427	1
CP142619.1	499427	499428	0
CP142619.1	499428	499435	1
CP142619.1	499435	499546	2
CP142619.1	499546	499547	1
CP142619.1	499547	499559	2
CP142619.1	499559	499598	3
CP142619.1	499598	499619	2
CP142619.1	499619	499688	1
CP142619.1	499688	500034	0
CP142619.1	500034	500062	1
CP142619.1	500062	500063	0
CP142619.1	500063	500132	1
CP142619.1	500132	500144	0
CP142619.1	500144	500166	1
CP142619.1	500166	500168	0
CP142619.1	500168	500209	1
CP142619.1	500209	500213	0
CP142619.1	500213	500250	1
CP142619.1	500250	500351	2
CP142619.1	500351	500384	1
CP142619.1	500384	500417	2
CP142619.1	500417	500633	1
CP142619.1	500633	500636	0
CP142619.1	500636	500702	1
CP142619.1	500702	500891	0
CP142619.1	500891	500958	1
CP142619.1	500958	500959	0
CP142619.1	500959	500966	1
CP142619.1	500966	500986	2
CP142619.1	500986	501040	1
CP142619.1	501040	501130	2
CP142619.1	501130	501136	3
CP142619.1	501136	501138	2
CP142619.1	501138	501198	3
CP142619.1	501198	501200	2
CP142619.1	501200	501203	1
CP142619.1	501203	501216	2
CP142619.1	501216	501217	1
CP142619.1	501217	501267	2
CP142619.1	501267	501300	1
CP142619.1	501300	501351	2
CP142619.1	501351	501392	1
CP142619.1	501392	501393	0
CP142619.1	501393	501456	1
CP142619.1	501456	501466	0
CP142619.1	501466	501586	1
CP142619.1	501586	501687	2
CP142619.1	501687	501700	1
CP142619.1	501700	501793	2
CP142619.1	501793	501795	1
CP142619.1	501795	501933	0
CP142619.1	501933	501969	1
CP142619.1	501969	502029	2
CP142619.1	502029	502033	1
CP142619.1	502033	502060	2
CP142619.1	502060	502498	1
CP142619.1	502498	502501	0
CP142619.1	502501	502520	1
CP142619.1	502520	502556	0
CP142619.1	502556	502747	1
CP142619.1	502747	502937	0
CP142619.1	502937	503001	1
CP142619.1	503001	503007	0
CP142619.1	503007	503022	1
CP142619.1	503022	503025	0
CP142619.1	503025	503088	1
CP142619.1	503088	503347	0
CP142619.1	503347	503415	1
CP142619.1	503415	503807	0
CP142619.1	503807	503893	1
CP142619.1	503893	503942	0
CP142619.1	503942	504006	1
CP142619.1	504006	504063	2
CP142619.1	504063	504116	1
CP142619.1	504116	504144	2
CP142619.1	504144	504181	1
CP142619.1	504181	504295	0
CP142619.1	504295	504306	1
CP142619.1	504306	504324	2
CP142619.1	504324	504353	3
CP142619.1	504353	504358	4
CP142619.1	504358	504365	3
CP142619.1	504365	504388	2
CP142619.1	504388	504443	1
CP142619.1	504443	504506	2
CP142619.1	504506	504563	1
CP142619.1	504563	504857	0
CP142619.1	504857	504952	1
CP142619.1	504952	504953	0
CP142619.1	504953	504990	1
CP142619.1	504990	505073	2
CP142619.1	505073	505201	1
CP142619.1	505201	505202	0
CP142619.1	505202	505307	1
CP142619.1	505307	505598	0
CP142619.1	505598	505609	1
CP142619.1	505609	505623	2
CP142619.1	505623	505630	0
CP142619.1	505630	505691	2
CP142619.1	505691	505693	3
CP142619.1	505693	505712	4
CP142619.1	505712	505753	3
CP142619.1	505753	505760	2
CP142619.1	505760	505785	1
CP142619.1	505785	505790	0
CP142619.1	505790	505830	1
CP142619.1	505830	505833	0
CP142619.1	505833	505855	1
CP142619.1	505855	506081	0
CP142619.1	506081	506098	1
CP142619.1	506098	506173	2
CP142619.1	506173	506239	1
CP142619.1	506239	506269	2
CP142619.1	506269	506286	1
CP142619.1	506286	506373	0
CP142619.1	506373	506553	1
CP142619.1	506553	506554	0
CP142619.1	506554	506741	1
CP142619.1	506741	506743	0
CP142619.1	506743	506898	1
CP142619.1	506898	506927	2
CP142619.1	506927	506964	1
CP142619.1	506964	506965	0
CP142619.1	506965	506973	1
CP142619.1	506973	507000	2
CP142619.1	507000	507092	1
CP142619.1	507092	507133	0
CP142619.1	507133	507151	1
CP142619.1	507151	507152	0
CP142619.1	507152	507219	1
CP142619.1	507219	507234	0
CP142619.1	507234	507268	1
CP142619.1	507268	507269	0
CP142619.1	507269	507309	1
CP142619.1	507309	507628	0
CP142619.1	507628	507722	1
CP142619.1	507722	507894	0
CP142619.1	507894	508011	1
CP142619.1	508011	508107	0
CP142619.1	508107	508238	1
CP142619.1	508238	508268	0
CP142619.1	508268	508324	1
CP142619.1	508324	508341	0
CP142619.1	508341	508402	1
CP142619.1	508402	508640	0
CP142619.1	508640	508721	1
CP142619.1	508721	508722	0
CP142619.1	508722	508781	1
CP142619.1	508781	508782	0
CP142619.1	508782	509206	1
CP142619.1	509206	509250	0
CP142619.1	509250	509293	1
CP142619.1	509293	509318	2
CP142619.1	509318	509362	1
CP142619.1	509362	509363	0
CP142619.1	509363	509459	1
CP142619.1	509459	509469	0
CP142619.1	509469	509559	1
CP142619.1	509559	509561	0
CP142619.1	509561	509654	1
CP142619.1	509654	509676	2
CP142619.1	509676	509677	1
CP142619.1	509677	509729	2
CP142619.1	509729	509755	3
CP142619.1	509755	509756	1
CP142619.1	509756	509757	2
CP142619.1	509757	509762	3
CP142619.1	509762	509765	2
CP142619.1	509765	509798	3
CP142619.1	509798	509799	2
CP142619.1	509799	509822	3
CP142619.1	509822	509823	2
CP142619.1	509823	509834	3
CP142619.1	509834	509835	2
CP142619.1	509835	509904	3
CP142619.1	509904	509930	2
CP142619.1	509930	509933	1
CP142619.1	509933	509977	2
CP142619.1	509977	509978	1
CP142619.1	509978	510002	2
CP142619.1	510002	510131	1
CP142619.1	510131	510133	0
CP142619.1	510133	510189	1
CP142619.1	510189	510202	0
CP142619.1	510202	510262	1
CP142619.1	510262	510447	0
CP142619.1	510447	510458	1
CP142619.1	510458	510518	2
CP142619.1	510518	510680	1
CP142619.1	510680	510834	0
CP142619.1	510834	510898	1
CP142619.1	510898	510901	0
CP142619.1	510901	510942	1
CP142619.1	510942	510954	0
CP142619.1	510954	511008	1
CP142619.1	511008	511272	0
CP142619.1	511272	511345	1
CP142619.1	511345	511947	0
CP142619.1	511947	512007	1
CP142619.1	512007	512020	0
CP142619.1	512020	512081	1
CP142619.1	512081	512083	2
CP142619.1	512083	512084	1
CP142619.1	512084	512251	2
CP142619.1	512251	512254	1
CP142619.1	512254	512255	0
CP142619.1	512255	512276	1
CP142619.1	512276	512694	0
CP142619.1	512694	512708	1
CP142619.1	512708	512709	0
CP142619.1	512709	512759	1
CP142619.1	512759	512942	0
CP142619.1	512942	513019	1
CP142619.1	513019	513299	0
CP142619.1	513299	513357	1
CP142619.1	513357	513473	2
CP142619.1	513473	513477	3
CP142619.1	513477	513516	2
CP142619.1	513516	513717	1
CP142619.1	513717	514053	0
CP142619.1	514053	514061	1
CP142619.1	514061	514120	2
CP142619.1	514120	514184	1
CP142619.1	514184	514186	0
CP142619.1	514186	514271	1
CP142619.1	514271	514323	0
CP142619.1	514323	514480	1
CP142619.1	514480	514516	2
CP142619.1	514516	514517	1
CP142619.1	514517	514521	2
CP142619.1	514521	514531	1
CP142619.1	514531	514532	0
CP142619.1	514532	514585	1
CP142619.1	514585	514600	2
CP142619.1	514600	514601	1
CP142619.1	514601	514642	2
CP142619.1	514642	514758	1
CP142619.1	514758	514786	2
CP142619.1	514786	514787	1
CP142619.1	514787	514800	2
CP142619.1	514800	514802	1
CP142619.1	514802	514811	2
CP142619.1	514811	514841	3
CP142619.1	514841	514845	2
CP142619.1	514845	514903	3
CP142619.1	514903	514930	2
CP142619.1	514930	514946	1
CP142619.1	514946	515018	0
CP142619.1	515018	515074	1
CP142619.1	515074	515105	2
CP142619.1	515105	515116	3
CP142619.1	515116	515144	2
CP142619.1	515144	515157	1
CP142619.1	515157	515164	0
CP142619.1	515164	515355	1
CP142619.1	515355	515467	0
CP142619.1	515467	515504	1
CP142619.1	515504	515505	0
CP142619.1	515505	515536	1
CP142619.1	515536	515550	2
CP142619.1	515550	515697	1
CP142619.1	515697	515702	0
CP142619.1	515702	515935	1
CP142619.1	515935	515971	0
CP142619.1	515971	516076	1
CP142619.1	516076	516077	0
CP142619.1	516077	516091	1
CP142619.1	516091	516092	0
CP142619.1	516092	516108	1
CP142619.1	516108	516109	2
CP142619.1	516109	516246	1
CP142619.1	516246	516258	0
CP142619.1	516258	516293	1
CP142619.1	516293	516360	2
CP142619.1	516360	516371	3
CP142619.1	516371	516374	2
CP142619.1	516374	516425	3
CP142619.1	516425	516464	2
CP142619.1	516464	516508	1
CP142619.1	516508	516769	0
CP142619.1	516769	516817	1
CP142619.1	516817	516931	0
CP142619.1	516931	516932	1
CP142619.1	516932	517026	2
CP142619.1	517026	517089	1
CP142619.1	517089	517416	0
CP142619.1	517416	517468	1
CP142619.1	517468	517469	0
CP142619.1	517469	517489	1
CP142619.1	517489	517831	0
CP142619.1	517831	517931	1
CP142619.1	517931	517996	2
CP142619.1	517996	518034	1
CP142619.1	518034	518063	2
CP142619.1	518063	518138	1
CP142619.1	518138	518193	0
CP142619.1	518193	518218	1
CP142619.1	518218	518219	0
CP142619.1	518219	518224	1
CP142619.1	518224	518225	0
CP142619.1	518225	518245	1
CP142619.1	518245	518246	0
CP142619.1	518246	518302	1
CP142619.1	518302	518593	0
CP142619.1	518593	518679	1
CP142619.1	518679	518682	0
CP142619.1	518682	518732	1
CP142619.1	518732	518865	0
CP142619.1	518865	518929	1
CP142619.1	518929	518994	2
CP142619.1	518994	519091	1
CP142619.1	519091	519634	0
CP142619.1	519634	519693	1
CP142619.1	519693	519770	0
CP142619.1	519770	519782	1
CP142619.1	519782	519813	2
CP142619.1	519813	519816	1
CP142619.1	519816	519847	2
CP142619.1	519847	519896	1
CP142619.1	519896	519935	2
CP142619.1	519935	520083	1
CP142619.1	520083	520087	2
CP142619.1	520087	520110	3
CP142619.1	520110	520113	2
CP142619.1	520113	520118	3
CP142619.1	520118	520158	2
CP142619.1	520158	520221	1
CP142619.1	520221	520295	0
CP142619.1	520295	520320	1
CP142619.1	520320	520321	0
CP142619.1	520321	520345	1
CP142619.1	520345	520354	2
CP142619.1	520354	520355	1
CP142619.1	520355	520401	2
CP142619.1	520401	520455	1
CP142619.1	520455	520608	0
CP142619.1	520608	520708	1
CP142619.1	520708	520709	0
CP142619.1	520709	520854	1
CP142619.1	520854	520902	0
CP142619.1	520902	521034	1
CP142619.1	521034	521232	0
CP142619.1	521232	521390	1
CP142619.1	521390	521999	0
CP142619.1	521999	522061	1
CP142619.1	522061	522180	0
CP142619.1	522180	522272	1
CP142619.1	522272	522273	0
CP142619.1	522273	522315	1
CP142619.1	522315	522398	0
CP142619.1	522398	522517	1
CP142619.1	522517	522541	2
CP142619.1	522541	522542	1
CP142619.1	522542	522553	2
CP142619.1	522553	522560	1
CP142619.1	522560	522564	2
CP142619.1	522564	522571	1
CP142619.1	522571	522595	2
CP142619.1	522595	522599	1
CP142619.1	522599	522610	0
CP142619.1	522610	522680	1
CP142619.1	522680	522683	0
CP142619.1	522683	522765	1
CP142619.1	522765	522818	0
CP142619.1	522818	522896	1
CP142619.1	522896	522906	0
CP142619.1	522906	523032	1
CP142619.1	523032	523057	2
CP142619.1	523057	523176	1
CP142619.1	523176	523256	0
CP142619.1	523256	523291	1
CP142619.1	523291	523335	2
CP142619.1	523335	523367	1
CP142619.1	523367	523372	2
CP142619.1	523372	523562	1
CP142619.1	523562	523610	2
CP142619.1	523610	523612	1
CP142619.1	523612	523645	2
CP142619.1	523645	523769	1
CP142619.1	523769	523871	2
CP142619.1	523871	523938	1
CP142619.1	523938	523977	2
CP142619.1	523977	524020	1
CP142619.1	524020	524146	0
CP142619.1	524146	524176	1
CP142619.1	524176	524204	2
CP142619.1	524204	524205	1
CP142619.1	524205	524296	2
CP142619.1	524296	524298	1
CP142619.1	524298	524309	2
CP142619.1	524309	524321	3
CP142619.1	524321	524324	2
CP142619.1	524324	524357	3
CP142619.1	524357	524361	2
CP142619.1	524361	524372	3
CP142619.1	524372	524391	2
CP142619.1	524391	524404	1
CP142619.1	524404	524420	2
CP142619.1	524420	524421	1
CP142619.1	524421	524436	2
CP142619.1	524436	524460	1
CP142619.1	524460	524671	0
CP142619.1	524671	524738	1
CP142619.1	524738	524803	2
CP142619.1	524803	524806	3
CP142619.1	524806	524917	2
CP142619.1	524917	524925	3
CP142619.1	524925	524934	2
CP142619.1	524934	524987	1
CP142619.1	524987	525043	0
CP142619.1	525043	525125	1
CP142619.1	525125	525266	0
CP142619.1	525266	525450	1
CP142619.1	525450	525451	0
CP142619.1	525451	525484	1
CP142619.1	525484	525558	0
CP142619.1	525558	525846	1
CP142619.1	525846	525860	0
CP142619.1	525860	525878	1
CP142619.1	525878	525879	0
CP142619.1	525879	526001	1
CP142619.1	526001	526002	0
CP142619.1	526002	526106	1
CP142619.1	526106	526288	0
CP142619.1	526288	526484	1
CP142619.1	526484	526574	0
CP142619.1	526574	526628	1
CP142619.1	526628	526681	2
CP142619.1	526681	526688	3
CP142619.1	526688	526706	2
CP142619.1	526706	526731	1
CP142619.1	526731	526799	0
CP142619.1	526799	526892	1
CP142619.1	526892	527113	0
CP142619.1	527113	527202	1
CP142619.1	527202	527244	0
CP142619.1	527244	527283	1
CP142619.1	527283	527284	0
CP142619.1	527284	527299	1
CP142619.1	527299	527300	0
CP142619.1	527300	527319	1
CP142619.1	527319	527322	0
CP142619.1	527322	527338	1
CP142619.1	527338	527339	0
CP142619.1	527339	527409	1
CP142619.1	527409	527494	0
CP142619.1	527494	527503	1
CP142619.1	527503	527504	0
CP142619.1	527504	527557	1
CP142619.1	527557	527558	0
CP142619.1	527558	527616	1
CP142619.1	527616	527895	0
CP142619.1	527895	527984	1
CP142619.1	527984	528046	2
CP142619.1	528046	528063	1
CP142619.1	528063	528156	0
CP142619.1	528156	528213	1
CP142619.1	528213	528217	0
CP142619.1	528217	528226	1
CP142619.1	528226	528235	0
CP142619.1	528235	528304	1
CP142619.1	528304	528305	0
CP142619.1	528305	528317	1
CP142619.1	528317	528323	2
CP142619.1	528323	528332	1
CP142619.1	528332	528337	2
CP142619.1	528337	528368	3
CP142619.1	528368	528381	2
CP142619.1	528381	528459	1
CP142619.1	528459	528460	0
CP142619.1	528460	528494	1
CP142619.1	528494	528495	0
CP142619.1	528495	528545	1
CP142619.1	528545	528569	2
CP142619.1	528569	528581	1
CP142619.1	528581	528590	2
CP142619.1	528590	528625	4
CP142619.1	528625	528627	3
CP142619.1	528627	528632	4
CP142619.1	528632	528635	3
CP142619.1	528635	528650	4
CP142619.1	528650	528651	3
CP142619.1	528651	528652	2
CP142619.1	528652	528653	3
CP142619.1	528653	528674	2
CP142619.1	528674	528675	1
CP142619.1	528675	528689	2
CP142619.1	528689	528690	1
CP142619.1	528690	528718	2
CP142619.1	528718	528769	1
CP142619.1	528769	528958	0
CP142619.1	528958	529032	1
CP142619.1	529032	529375	0
CP142619.1	529375	529423	1
CP142619.1	529423	529424	0
CP142619.1	529424	529431	1
CP142619.1	529431	529496	2
CP142619.1	529496	529497	1
CP142619.1	529497	529977	0
CP142619.1	529977	530132	1
CP142619.1	530132	530260	0
CP142619.1	530260	530308	1
CP142619.1	530308	530375	2
CP142619.1	530375	530524	0
CP142619.1	530524	530606	1
CP142619.1	530606	530614	2
CP142619.1	530614	530753	1
CP142619.1	530753	530935	0
CP142619.1	530935	531035	1
CP142619.1	531035	531055	0
CP142619.1	531055	531141	1
CP142619.1	531141	531204	0
CP142619.1	531204	531743	1
CP142619.1	531743	531881	0
CP142619.1	531881	531890	1
CP142619.1	531890	531906	2
CP142619.1	531906	531950	3
CP142619.1	531950	531960	4
CP142619.1	531960	531967	3
CP142619.1	531967	532003	4
CP142619.1	532003	532019	3
CP142619.1	532019	532022	2
CP142619.1	532022	532023	3
CP142619.1	532023	532075	2
CP142619.1	532075	532133	1
CP142619.1	532133	532352	0
CP142619.1	532352	532381	1
CP142619.1	532381	532382	0
CP142619.1	532382	532414	1
CP142619.1	532414	532431	0
CP142619.1	532431	532523	1
CP142619.1	532523	532609	0
CP142619.1	532609	532631	1
CP142619.1	532631	532675	2
CP142619.1	532675	532737	1
CP142619.1	532737	532738	0
CP142619.1	532738	532849	1
CP142619.1	532849	532851	0
CP142619.1	532851	533014	1
CP142619.1	533014	533037	2
CP142619.1	533037	533038	1
CP142619.1	533038	533054	2
CP142619.1	533054	533059	1
CP142619.1	533059	533190	0
CP142619.1	533190	533232	1
CP142619.1	533232	533233	0
CP142619.1	533233	533266	1
CP142619.1	533266	533285	2
CP142619.1	533285	533301	1
CP142619.1	533301	533336	2
CP142619.1	533336	533361	1
CP142619.1	533361	533645	0
CP142619.1	533645	533704	1
CP142619.1	533704	533876	0
CP142619.1	533876	533945	1
CP142619.1	533945	533986	2
CP142619.1	533986	533987	1
CP142619.1	533987	533995	2
CP142619.1	533995	533996	1
CP142619.1	533996	534033	2
CP142619.1	534033	534056	1
CP142619.1	534056	534057	0
CP142619.1	534057	534097	1
CP142619.1	534097	534147	2
CP142619.1	534147	534152	1
CP142619.1	534152	534153	0
CP142619.1	534153	534154	1
CP142619.1	534154	534158	2
CP142619.1	534158	534183	1
CP142619.1	534183	534208	2
CP142619.1	534208	534233	1
CP142619.1	534233	534234	3
CP142619.1	534234	534280	4
CP142619.1	534280	534281	2
CP142619.1	534281	534326	4
CP142619.1	534326	534338	3
CP142619.1	534338	534341	2
CP142619.1	534341	534351	3
CP142619.1	534351	534363	2
CP142619.1	534363	534366	3
CP142619.1	534366	534367	2
CP142619.1	534367	534370	1
CP142619.1	534370	534410	2
CP142619.1	534410	534457	1
CP142619.1	534457	534487	2
CP142619.1	534487	534488	1
CP142619.1	534488	534509	2
CP142619.1	534509	534511	0
CP142619.1	534511	534582	1
CP142619.1	534582	534583	0
CP142619.1	534583	534664	1
CP142619.1	534664	534716	0
CP142619.1	534716	534832	1
CP142619.1	534832	534938	0
CP142619.1	534938	534985	1
CP142619.1	534985	534997	2
CP142619.1	534997	535081	1
CP142619.1	535081	535084	0
CP142619.1	535084	535098	1
CP142619.1	535098	535142	2
CP142619.1	535142	535145	1
CP142619.1	535145	535161	2
CP142619.1	535161	535166	1
CP142619.1	535166	535203	0
CP142619.1	535203	535254	1
CP142619.1	535254	535265	0
CP142619.1	535265	535298	1
CP142619.1	535298	535675	0
CP142619.1	535675	535708	1
CP142619.1	535708	535709	0
CP142619.1	535709	535763	1
CP142619.1	535763	535780	2
CP142619.1	535780	535796	1
CP142619.1	535796	535798	0
CP142619.1	535798	535873	1
CP142619.1	535873	535898	2
CP142619.1	535898	535899	1
CP142619.1	535899	535907	2
CP142619.1	535907	535917	1
CP142619.1	535917	535953	0
CP142619.1	535953	536116	1
CP142619.1	536116	536117	0
CP142619.1	536117	536150	1
CP142619.1	536150	536183	0
CP142619.1	536183	536342	1
CP142619.1	536342	536344	0
CP142619.1	536344	536369	1
CP142619.1	536369	536378	0
CP142619.1	536378	536390	1
CP142619.1	536390	536391	0
CP142619.1	536391	536452	1
CP142619.1	536452	536490	2
CP142619.1	536490	536503	3
CP142619.1	536503	536520	2
CP142619.1	536520	536644	1
CP142619.1	536644	536711	0
CP142619.1	536711	536771	1
CP142619.1	536771	536785	2
CP142619.1	536785	536850	1
CP142619.1	536850	536851	0
CP142619.1	536851	536863	1
CP142619.1	536863	536865	0
CP142619.1	536865	536919	1
CP142619.1	536919	536973	0
CP142619.1	536973	537029	1
CP142619.1	537029	537040	0
CP142619.1	537040	537088	1
CP142619.1	537088	537136	2
CP142619.1	537136	537205	1
CP142619.1	537205	537220	2
CP142619.1	537220	537270	3
CP142619.1	537270	537292	2
CP142619.1	537292	537293	1
CP142619.1	537293	537339	2
CP142619.1	537339	537368	3
CP142619.1	537368	537372	2
CP142619.1	537372	537373	1
CP142619.1	537373	537374	2
CP142619.1	537374	537414	3
CP142619.1	537414	537439	2
CP142619.1	537439	537440	1
CP142619.1	537440	537463	2
CP142619.1	537463	537616	1
CP142619.1	537616	537662	2
CP142619.1	537662	537701	3
CP142619.1	537701	537709	2
CP142619.1	537709	537718	1
CP142619.1	537718	537778	0
CP142619.1	537778	537853	1
CP142619.1	537853	537868	2
CP142619.1	537868	537870	1
CP142619.1	537870	537946	2
CP142619.1	537946	537988	1
CP142619.1	537988	538165	0
CP142619.1	538165	538230	1
CP142619.1	538230	538321	0
CP142619.1	538321	538428	1
CP142619.1	538428	538446	0
CP142619.1	538446	538461	1
CP142619.1	538461	538502	2
CP142619.1	538502	538568	1
CP142619.1	538568	538589	0
CP142619.1	538589	538606	1
CP142619.1	538606	538609	0
CP142619.1	538609	538666	1
CP142619.1	538666	538667	0
CP142619.1	538667	538705	1
CP142619.1	538705	538721	0
CP142619.1	538721	538829	1
CP142619.1	538829	538893	0
CP142619.1	538893	538953	1
CP142619.1	538953	538955	0
CP142619.1	538955	538976	1
CP142619.1	538976	539310	0
CP142619.1	539310	539387	1
CP142619.1	539387	539393	2
CP142619.1	539393	539458	3
CP142619.1	539458	539468	2
CP142619.1	539468	539469	1
CP142619.1	539469	539519	3
CP142619.1	539519	539542	2
CP142619.1	539542	539543	3
CP142619.1	539543	539551	2
CP142619.1	539551	539629	3
CP142619.1	539629	539631	2
CP142619.1	539631	539685	1
CP142619.1	539685	539989	0
CP142619.1	539989	540109	1
CP142619.1	540109	540250	0
CP142619.1	540250	540357	1
CP142619.1	540357	540376	2
CP142619.1	540376	540378	1
CP142619.1	540378	540454	2
CP142619.1	540454	540455	1
CP142619.1	540455	540464	2
CP142619.1	540464	540587	1
CP142619.1	540587	540667	0
CP142619.1	540667	540709	1
CP142619.1	540709	540790	2
CP142619.1	540790	540837	1
CP142619.1	540837	540854	0
CP142619.1	540854	540904	1
CP142619.1	540904	540905	0
CP142619.1	540905	540927	1
CP142619.1	540927	541014	0
CP142619.1	541014	541068	1
CP142619.1	541068	541576	0
CP142619.1	541576	541636	1
CP142619.1	541636	541874	0
CP142619.1	541874	541924	1
CP142619.1	541924	541968	0
CP142619.1	541968	542036	1
CP142619.1	542036	542228	0
CP142619.1	542228	542284	1
CP142619.1	542284	543239	0
CP142619.1	543239	543283	1
CP142619.1	543283	543285	0
CP142619.1	543285	543298	1
CP142619.1	543298	543353	0
CP142619.1	543353	543454	1
CP142619.1	543454	543458	0
CP142619.1	543458	543489	1
CP142619.1	543489	543505	0
CP142619.1	543505	543588	1
CP142619.1	543588	543667	0
CP142619.1	543667	543736	1
CP142619.1	543736	543802	2
CP142619.1	543802	543805	1
CP142619.1	543805	543858	2
CP142619.1	543858	543873	1
CP142619.1	543873	543874	0
CP142619.1	543874	543957	1
CP142619.1	543957	543958	0
CP142619.1	543958	544057	1
CP142619.1	544057	544440	0
CP142619.1	544440	544540	1
CP142619.1	544540	544960	0
CP142619.1	544960	545011	1
CP142619.1	545011	545028	2
CP142619.1	545028	545080	1
CP142619.1	545080	545082	0
CP142619.1	545082	545112	2
CP142619.1	545112	545121	1
CP142619.1	545121	545150	2
CP142619.1	545150	545153	1
CP142619.1	545153	545183	2
CP142619.1	545183	545242	1
CP142619.1	545242	545272	2
CP142619.1	545272	545308	3
CP142619.1	545308	545310	2
CP142619.1	545310	545311	1
CP142619.1	545311	545314	2
CP142619.1	545314	545316	1
CP142619.1	545316	545391	2
CP142619.1	545391	545396	1
CP142619.1	545396	545597	0
CP142619.1	545597	545667	1
CP142619.1	545667	545720	0
CP142619.1	545720	545750	1
CP142619.1	545750	545854	2
CP142619.1	545854	545862	1
CP142619.1	545862	545968	0
CP142619.1	545968	546077	1
CP142619.1	546077	546309	0
CP142619.1	546309	546395	1
CP142619.1	546395	546416	0
CP142619.1	546416	546428	1
CP142619.1	546428	546430	0
CP142619.1	546430	546566	1
CP142619.1	546566	546567	0
CP142619.1	546567	546593	1
CP142619.1	546593	546811	0
CP142619.1	546811	546871	1
CP142619.1	546871	546876	0
CP142619.1	546876	546888	1
CP142619.1	546888	546892	0
CP142619.1	546892	546946	1
CP142619.1	546946	546947	0
CP142619.1	546947	547013	1
CP142619.1	547013	547358	0
CP142619.1	547358	547389	1
CP142619.1	547389	547407	0
CP142619.1	547407	547458	1
CP142619.1	547458	547517	0
CP142619.1	547517	547640	1
CP142619.1	547640	547641	0
CP142619.1	547641	547699	1
CP142619.1	547699	547700	0
CP142619.1	547700	547703	1
CP142619.1	547703	547761	2
CP142619.1	547761	547785	3
CP142619.1	547785	547790	2
CP142619.1	547790	547813	3
CP142619.1	547813	547860	2
CP142619.1	547860	547871	1
CP142619.1	547871	547889	2
CP142619.1	547889	547922	3
CP142619.1	547922	547926	2
CP142619.1	547926	547936	1
CP142619.1	547936	547945	2
CP142619.1	547945	547946	1
CP142619.1	547946	547971	2
CP142619.1	547971	548007	1
CP142619.1	548007	548050	0
CP142619.1	548050	548056	1
CP142619.1	548056	548181	2
CP142619.1	548181	548183	1
CP142619.1	548183	548191	2
CP142619.1	548191	548192	3
CP142619.1	548192	548238	4
CP142619.1	548238	548260	5
CP142619.1	548260	548261	4
CP142619.1	548261	548329	3
CP142619.1	548329	548341	2
CP142619.1	548341	548456	1
CP142619.1	548456	548484	0
CP142619.1	548484	548487	1
CP142619.1	548487	548522	2
CP142619.1	548522	548523	1
CP142619.1	548523	548543	2
CP142619.1	548543	548544	1
CP142619.1	548544	548568	2
CP142619.1	548568	548571	1
CP142619.1	548571	548610	2
CP142619.1	548610	548617	1
CP142619.1	548617	548618	0
CP142619.1	548618	548654	1
CP142619.1	548654	548657	0
CP142619.1	548657	548712	1
CP142619.1	548712	548716	0
CP142619.1	548716	548751	1
CP142619.1	548751	548799	0
CP142619.1	548799	548880	1
CP142619.1	548880	548881	0
CP142619.1	548881	548920	1
CP142619.1	548920	548937	0
CP142619.1	548937	548982	1
CP142619.1	548982	548983	0
CP142619.1	548983	549043	1
CP142619.1	549043	549047	2
CP142619.1	549047	549051	1
CP142619.1	549051	549068	2
CP142619.1	549068	549091	1
CP142619.1	549091	549121	2
CP142619.1	549121	549122	1
CP142619.1	549122	549159	2
CP142619.1	549159	549162	3
CP142619.1	549162	549209	2
CP142619.1	549209	549239	1
CP142619.1	549239	549315	2
CP142619.1	549315	549353	1
CP142619.1	549353	549411	0
CP142619.1	549411	549613	1
CP142619.1	549613	549862	0
CP142619.1	549862	549926	1
CP142619.1	549926	549950	2
CP142619.1	549950	549951	1
CP142619.1	549951	549983	2
CP142619.1	549983	549994	1
CP142619.1	549994	550004	0
CP142619.1	550004	550042	1
CP142619.1	550042	550117	0
CP142619.1	550117	550201	1
CP142619.1	550201	550310	0
CP142619.1	550310	550369	1
CP142619.1	550369	550370	0
CP142619.1	550370	550500	1
CP142619.1	550500	550735	0
CP142619.1	550735	550854	1
CP142619.1	550854	550858	0
CP142619.1	550858	550924	1
CP142619.1	550924	551108	0
CP142619.1	551108	551150	1
CP142619.1	551150	551153	2
CP142619.1	551153	551157	1
CP142619.1	551157	551169	2
CP142619.1	551169	551170	1
CP142619.1	551170	551191	2
CP142619.1	551191	551192	1
CP142619.1	551192	551198	2
CP142619.1	551198	551218	1
CP142619.1	551218	551273	2
CP142619.1	551273	551274	1
CP142619.1	551274	551334	0
CP142619.1	551334	551443	1
CP142619.1	551443	551584	0
CP142619.1	551584	551623	1
CP142619.1	551623	551624	0
CP142619.1	551624	551650	1
CP142619.1	551650	551651	0
CP142619.1	551651	551730	1
CP142619.1	551730	551862	0
CP142619.1	551862	551954	1
CP142619.1	551954	551959	0
CP142619.1	551959	552005	1
CP142619.1	552005	552009	0
CP142619.1	552009	552055	1
CP142619.1	552055	552057	0
CP142619.1	552057	552080	1
CP142619.1	552080	552175	0
CP142619.1	552175	552241	1
CP142619.1	552241	552242	0
CP142619.1	552242	552347	1
CP142619.1	552347	553190	0
CP142619.1	553190	553254	1
CP142619.1	553254	553431	0
CP142619.1	553431	553442	1
CP142619.1	553442	553524	2
CP142619.1	553524	553571	1
CP142619.1	553571	553572	0
CP142619.1	553572	553664	1
CP142619.1	553664	553741	0
CP142619.1	553741	553893	1
CP142619.1	553893	553894	0
CP142619.1	553894	553971	1
CP142619.1	553971	554002	2
CP142619.1	554002	554048	1
CP142619.1	554048	554112	0
CP142619.1	554112	554167	1
CP142619.1	554167	554206	0
CP142619.1	554206	554210	1
CP142619.1	554210	554247	2
CP142619.1	554247	554248	1
CP142619.1	554248	554334	2
CP142619.1	554334	554393	1
CP142619.1	554393	554405	2
CP142619.1	554405	554406	1
CP142619.1	554406	554481	2
CP142619.1	554481	554522	1
CP142619.1	554522	554546	0
CP142619.1	554546	554782	1
CP142619.1	554782	554843	0
CP142619.1	554843	554915	1
CP142619.1	554915	554954	2
CP142619.1	554954	555046	1
CP142619.1	555046	555059	2
CP142619.1	555059	555081	3
CP142619.1	555081	555117	2
CP142619.1	555117	555125	1
CP142619.1	555125	555231	0
CP142619.1	555231	555262	1
CP142619.1	555262	555302	2
CP142619.1	555302	555346	1
CP142619.1	555346	555884	0
CP142619.1	555884	555962	1
CP142619.1	555962	556341	0
CP142619.1	556341	556398	1
CP142619.1	556398	556420	2
CP142619.1	556420	556464	1
CP142619.1	556464	556469	2
CP142619.1	556469	556471	1
CP142619.1	556471	556549	2
CP142619.1	556549	556572	1
CP142619.1	556572	556631	2
CP142619.1	556631	556637	3
CP142619.1	556637	556657	2
CP142619.1	556657	556658	1
CP142619.1	556658	556662	2
CP142619.1	556662	556698	3
CP142619.1	556698	556711	2
CP142619.1	556711	556712	1
CP142619.1	556712	556717	2
CP142619.1	556717	556921	1
CP142619.1	556921	557407	0
CP142619.1	557407	557477	1
CP142619.1	557477	557484	2
CP142619.1	557484	557511	1
CP142619.1	557511	557512	0
CP142619.1	557512	557561	1
CP142619.1	557561	557864	0
CP142619.1	557864	557979	1
CP142619.1	557979	558018	2
CP142619.1	558018	558039	3
CP142619.1	558039	558051	4
CP142619.1	558051	558053	3
CP142619.1	558053	558065	4
CP142619.1	558065	558075	3
CP142619.1	558075	558167	2
CP142619.1	558167	558181	1
CP142619.1	558181	558188	0
CP142619.1	558188	558208	1
CP142619.1	558208	558239	2
CP142619.1	558239	558245	1
CP142619.1	558245	558249	2
CP142619.1	558249	558250	1
CP142619.1	558250	558251	0
CP142619.1	558251	558254	1
CP142619.1	558254	558259	2
CP142619.1	558259	558281	3
CP142619.1	558281	558296	2
CP142619.1	558296	558303	1
CP142619.1	558303	558328	2
CP142619.1	558328	558407	1
CP142619.1	558407	558416	0
CP142619.1	558416	558456	1
CP142619.1	558456	558473	0
CP142619.1	558473	558488	1
CP142619.1	558488	558510	2
CP142619.1	558510	558634	1
CP142619.1	558634	559140	0
CP142619.1	559140	559218	1
CP142619.1	559218	559256	0
CP142619.1	559256	559319	1
CP142619.1	559319	559756	0
CP142619.1	559756	559764	1
CP142619.1	559764	559816	2
CP142619.1	559816	559852	1
CP142619.1	559852	559978	0
CP142619.1	559978	560089	1
CP142619.1	560089	560092	0
CP142619.1	560092	560108	1
CP142619.1	560108	560301	0
CP142619.1	560301	560374	1
CP142619.1	560374	560535	0
CP142619.1	560535	560641	1
CP142619.1	560641	560883	0
CP142619.1	560883	560895	1
CP142619.1	560895	560976	2
CP142619.1	560976	561026	3
CP142619.1	561026	561033	4
CP142619.1	561033	561072	5
CP142619.1	561072	561073	4
CP142619.1	561073	561077	5
CP142619.1	561077	561084	4
CP142619.1	561084	561131	3
CP142619.1	561131	561153	2
CP142619.1	561153	561234	1
CP142619.1	561234	561250	2
CP142619.1	561250	561251	0
CP142619.1	561251	561252	1
CP142619.1	561252	561282	2
CP142619.1	561282	561291	1
CP142619.1	561291	561838	0
CP142619.1	561838	561894	1
CP142619.1	561894	562096	0
CP142619.1	562096	562121	1
CP142619.1	562121	562185	2
CP142619.1	562185	562186	1
CP142619.1	562186	562259	2
CP142619.1	562259	562290	1
CP142619.1	562290	562301	0
CP142619.1	562301	562322	1
CP142619.1	562322	562341	0
CP142619.1	562341	562406	1
CP142619.1	562406	562607	0
CP142619.1	562607	562656	1
CP142619.1	562656	562657	0
CP142619.1	562657	562711	1
CP142619.1	562711	562834	0
CP142619.1	562834	562985	1
CP142619.1	562985	563032	0
CP142619.1	563032	563164	1
CP142619.1	563164	563278	0
CP142619.1	563278	563299	1
CP142619.1	563299	563364	2
CP142619.1	563364	563386	3
CP142619.1	563386	563393	4
CP142619.1	563393	563410	3
CP142619.1	563410	563411	2
CP142619.1	563411	563430	3
CP142619.1	563430	563431	2
CP142619.1	563431	563437	3
CP142619.1	563437	563456	2
CP142619.1	563456	563573	1
CP142619.1	563573	563761	0
CP142619.1	563761	563776	1
CP142619.1	563776	563846	2
CP142619.1	563846	563848	1
CP142619.1	563848	563849	0
CP142619.1	563849	563949	1
CP142619.1	563949	564111	0
CP142619.1	564111	564135	1
CP142619.1	564135	564203	2
CP142619.1	564203	564217	3
CP142619.1	564217	564238	2
CP142619.1	564238	564257	3
CP142619.1	564257	564320	2
CP142619.1	564320	564339	1
CP142619.1	564339	564364	0
CP142619.1	564364	564480	1
CP142619.1	564480	564671	0
CP142619.1	564671	564687	1
CP142619.1	564687	564740	2
CP142619.1	564740	564769	1
CP142619.1	564769	564952	0
CP142619.1	564952	564991	1
CP142619.1	564991	564994	0
CP142619.1	564994	565019	1
CP142619.1	565019	565067	2
CP142619.1	565067	565194	1
CP142619.1	565194	565474	0
CP142619.1	565474	565552	1
CP142619.1	565552	565805	0
CP142619.1	565805	565875	1
CP142619.1	565875	566002	0
CP142619.1	566002	566044	1
CP142619.1	566044	566073	2
CP142619.1	566073	566074	1
CP142619.1	566074	566143	2
CP142619.1	566143	566303	1
CP142619.1	566303	566395	0
CP142619.1	566395	566405	1
CP142619.1	566405	566447	2
CP142619.1	566447	566448	3
CP142619.1	566448	566454	2
CP142619.1	566454	566466	3
CP142619.1	566466	566467	2
CP142619.1	566467	566483	3
CP142619.1	566483	566484	2
CP142619.1	566484	566487	3
CP142619.1	566487	566490	1
CP142619.1	566490	566491	2
CP142619.1	566491	566496	3
CP142619.1	566496	566498	2
CP142619.1	566498	566500	3
CP142619.1	566500	566501	2
CP142619.1	566501	566564	3
CP142619.1	566564	566570	4
CP142619.1	566570	566579	3
CP142619.1	566579	566581	2
CP142619.1	566581	566583	3
CP142619.1	566583	566622	2
CP142619.1	566622	566699	1
CP142619.1	566699	566701	0
CP142619.1	566701	566750	1
CP142619.1	566750	566768	0
CP142619.1	566768	566788	1
CP142619.1	566788	566829	2
CP142619.1	566829	566855	1
CP142619.1	566855	566916	2
CP142619.1	566916	566966	1
CP142619.1	566966	567430	0
CP142619.1	567430	567601	1
CP142619.1	567601	567988	0
CP142619.1	567988	568042	1
CP142619.1	568042	568088	0
CP142619.1	568088	568140	1
CP142619.1	568140	568331	0
CP142619.1	568331	568434	1
CP142619.1	568434	568497	2
CP142619.1	568497	568545	1
CP142619.1	568545	569577	0
CP142619.1	569577	569627	1
CP142619.1	569627	569808	0
CP142619.1	569808	569884	1
CP142619.1	569884	569933	0
CP142619.1	569933	570031	1
CP142619.1	570031	570660	0
CP142619.1	570660	570833	1
CP142619.1	570833	570834	2
CP142619.1	570834	570900	1
CP142619.1	570900	570946	0
CP142619.1	570946	570998	1
CP142619.1	570998	571001	0
CP142619.1	571001	571051	1
CP142619.1	571051	571052	0
CP142619.1	571052	571093	1
CP142619.1	571093	571095	2
CP142619.1	571095	571097	1
CP142619.1	571097	571220	2
CP142619.1	571220	571233	3
CP142619.1	571233	571265	2
CP142619.1	571265	571279	1
CP142619.1	571279	571763	0
CP142619.1	571763	571795	1
CP142619.1	571795	571796	0
CP142619.1	571796	571812	1
CP142619.1	571812	572187	0
CP142619.1	572187	572263	1
CP142619.1	572263	572272	0
CP142619.1	572272	572283	1
CP142619.1	572283	572319	2
CP142619.1	572319	572339	1
CP142619.1	572339	572372	0
CP142619.1	572372	572433	1
CP142619.1	572433	572519	0
CP142619.1	572519	572561	1
CP142619.1	572561	572592	2
CP142619.1	572592	572646	3
CP142619.1	572646	572659	2
CP142619.1	572659	572788	1
CP142619.1	572788	572874	0
CP142619.1	572874	572948	1
CP142619.1	572948	572957	0
CP142619.1	572957	572988	1
CP142619.1	572988	572990	0
CP142619.1	572990	573054	1
CP142619.1	573054	573128	0
CP142619.1	573128	573184	1
CP142619.1	573184	573325	0
CP142619.1	573325	573366	1
CP142619.1	573366	573403	2
CP142619.1	573403	573448	1
CP142619.1	573448	573497	2
CP142619.1	573497	573505	1
CP142619.1	573505	573670	0
CP142619.1	573670	573727	1
CP142619.1	573727	573989	0
CP142619.1	573989	574004	1
CP142619.1	574004	574019	2
CP142619.1	574019	574041	3
CP142619.1	574041	574042	2
CP142619.1	574042	574060	3
CP142619.1	574060	574084	2
CP142619.1	574084	574167	1
CP142619.1	574167	574181	0
CP142619.1	574181	574228	1
CP142619.1	574228	574229	0
CP142619.1	574229	574282	1
CP142619.1	574282	574319	0
CP142619.1	574319	574464	1
CP142619.1	574464	574604	0
CP142619.1	574604	574684	1
CP142619.1	574684	574694	0
CP142619.1	574694	574778	1
CP142619.1	574778	574799	0
CP142619.1	574799	574960	1
CP142619.1	574960	574976	0
CP142619.1	574976	575036	1
CP142619.1	575036	575248	0
CP142619.1	575248	575250	1
CP142619.1	575250	575265	2
CP142619.1	575265	575266	1
CP142619.1	575266	575270	2
CP142619.1	575270	575272	3
CP142619.1	575272	575275	2
CP142619.1	575275	575319	3
CP142619.1	575319	575376	2
CP142619.1	575376	575404	1
CP142619.1	575404	575421	2
CP142619.1	575421	575465	1
CP142619.1	575465	575648	0
CP142619.1	575648	575668	1
CP142619.1	575668	575678	0
CP142619.1	575678	575718	1
CP142619.1	575718	575956	2
CP142619.1	575956	576027	1
CP142619.1	576027	576043	0
CP142619.1	576043	576074	1
CP142619.1	576074	576076	0
CP142619.1	576076	576164	1
CP142619.1	576164	576256	0
CP142619.1	576256	576323	1
CP142619.1	576323	576325	0
CP142619.1	576325	576464	1
CP142619.1	576464	576528	0
CP142619.1	576528	576646	1
CP142619.1	576646	576720	0
CP142619.1	576720	576763	1
CP142619.1	576763	576769	0
CP142619.1	576769	576903	1
CP142619.1	576903	576906	0
CP142619.1	576906	576922	1
CP142619.1	576922	576953	2
CP142619.1	576953	576985	3
CP142619.1	576985	576986	2
CP142619.1	576986	576994	3
CP142619.1	576994	577011	2
CP142619.1	577011	577012	3
CP142619.1	577012	577013	2
CP142619.1	577013	577017	1
CP142619.1	577017	577018	0
CP142619.1	577018	577146	1
CP142619.1	577146	577830	0
CP142619.1	577830	577850	1
CP142619.1	577850	577895	2
CP142619.1	577895	577937	1
CP142619.1	577937	577942	0
CP142619.1	577942	577948	1
CP142619.1	577948	577955	2
CP142619.1	577955	578018	3
CP142619.1	578018	578076	2
CP142619.1	578076	578078	1
CP142619.1	578078	578131	0
CP142619.1	578131	578159	1
CP142619.1	578159	578215	2
CP142619.1	578215	578217	1
CP142619.1	578217	578222	2
CP142619.1	578222	578265	1
CP142619.1	578265	578660	0
CP142619.1	578660	578667	1
CP142619.1	578667	578746	2
CP142619.1	578746	578793	1
CP142619.1	578793	578984	0
CP142619.1	578984	579120	1
CP142619.1	579120	579141	2
CP142619.1	579141	579163	1
CP142619.1	579163	579235	2
CP142619.1	579235	579404	1
CP142619.1	579404	579409	2
CP142619.1	579409	579432	1
CP142619.1	579432	579504	2
CP142619.1	579504	579509	3
CP142619.1	579509	579521	2
CP142619.1	579521	579667	1
CP142619.1	579667	580166	0
CP142619.1	580166	580190	1
CP142619.1	580190	580260	2
CP142619.1	580260	580285	1
CP142619.1	580285	580473	0
CP142619.1	580473	580488	1
CP142619.1	580488	580489	0
CP142619.1	580489	580606	1
CP142619.1	580606	580608	2
CP142619.1	580608	580609	1
CP142619.1	580609	580626	2
CP142619.1	580626	580640	3
CP142619.1	580640	580641	2
CP142619.1	580641	580688	3
CP142619.1	580688	580717	2
CP142619.1	580717	580776	1
CP142619.1	580776	581098	0
CP142619.1	581098	581153	1
CP142619.1	581153	581154	0
CP142619.1	581154	581181	1
CP142619.1	581181	581211	2
CP142619.1	581211	581247	1
CP142619.1	581247	581312	0
CP142619.1	581312	581411	1
CP142619.1	581411	581476	2
CP142619.1	581476	581548	1
CP142619.1	581548	581964	0
CP142619.1	581964	582081	1
CP142619.1	582081	582189	0
CP142619.1	582189	582276	1
CP142619.1	582276	582309	2
CP142619.1	582309	582310	1
CP142619.1	582310	582313	2
CP142619.1	582313	582424	1
CP142619.1	582424	582425	0
CP142619.1	582425	582488	1
CP142619.1	582488	582559	0
CP142619.1	582559	582627	1
CP142619.1	582627	582747	0
CP142619.1	582747	582813	1
CP142619.1	582813	582814	0
CP142619.1	582814	582860	1
CP142619.1	582860	582866	0
CP142619.1	582866	582966	1
CP142619.1	582966	583199	0
CP142619.1	583199	583291	1
CP142619.1	583291	583360	0
CP142619.1	583360	583389	1
CP142619.1	583389	583513	2
CP142619.1	583513	583570	1
CP142619.1	583570	583571	0
CP142619.1	583571	583608	1
CP142619.1	583608	583655	0
CP142619.1	583655	583694	1
CP142619.1	583694	583695	0
CP142619.1	583695	583733	1
CP142619.1	583733	583970	0
CP142619.1	583970	584008	1
CP142619.1	584008	584021	0
CP142619.1	584021	584077	1
CP142619.1	584077	584194	0
CP142619.1	584194	584205	1
CP142619.1	584205	584228	2
CP142619.1	584228	584229	1
CP142619.1	584229	584306	2
CP142619.1	584306	584308	1
CP142619.1	584308	584353	2
CP142619.1	584353	584354	1
CP142619.1	584354	584357	2
CP142619.1	584357	584410	1
CP142619.1	584410	584415	2
CP142619.1	584415	584416	1
CP142619.1	584416	584433	2
CP142619.1	584433	584435	1
CP142619.1	584435	584528	2
CP142619.1	584528	584581	1
CP142619.1	584581	584676	0
CP142619.1	584676	584772	1
CP142619.1	584772	584796	0
CP142619.1	584796	584829	1
CP142619.1	584829	584838	0
CP142619.1	584838	584988	1
CP142619.1	584988	585132	0
CP142619.1	585132	585263	1
CP142619.1	585263	585301	2
CP142619.1	585301	585409	1
CP142619.1	585409	585412	2
CP142619.1	585412	585475	1
CP142619.1	585475	585562	0
CP142619.1	585562	585570	1
CP142619.1	585570	585588	2
CP142619.1	585588	585590	1
CP142619.1	585590	585620	2
CP142619.1	585620	585622	0
CP142619.1	585622	585636	2
CP142619.1	585636	585638	1
CP142619.1	585638	585654	2
CP142619.1	585654	585655	1
CP142619.1	585655	585662	2
CP142619.1	585662	585663	1
CP142619.1	585663	585699	2
CP142619.1	585699	585700	1
CP142619.1	585700	585743	2
CP142619.1	585743	585744	1
CP142619.1	585744	585778	2
CP142619.1	585778	585818	1
CP142619.1	585818	585972	0
CP142619.1	585972	586010	1
CP142619.1	586010	586211	0
CP142619.1	586211	586276	1
CP142619.1	586276	586277	0
CP142619.1	586277	586361	1
CP142619.1	586361	586391	2
CP142619.1	586391	586519	1
CP142619.1	586519	586535	2
CP142619.1	586535	586537	1
CP142619.1	586537	586544	2
CP142619.1	586544	586545	1
CP142619.1	586545	586555	2
CP142619.1	586555	586603	3
CP142619.1	586603	586604	2
CP142619.1	586604	586621	3
CP142619.1	586621	586629	4
CP142619.1	586629	586635	3
CP142619.1	586635	586668	2
CP142619.1	586668	586671	0
CP142619.1	586671	586699	2
CP142619.1	586699	586756	1
CP142619.1	586756	586787	0
CP142619.1	586787	586851	1
CP142619.1	586851	587183	0
CP142619.1	587183	587307	1
CP142619.1	587307	587310	0
CP142619.1	587310	587390	1
CP142619.1	587390	587392	0
CP142619.1	587392	587487	1
CP142619.1	587487	587688	0
CP142619.1	587688	587855	1
CP142619.1	587855	588036	0
CP142619.1	588036	588068	1
CP142619.1	588068	588072	2
CP142619.1	588072	588138	1
CP142619.1	588138	588299	0
CP142619.1	588299	588348	1
CP142619.1	588348	588516	0
CP142619.1	588516	588687	1
CP142619.1	588687	588749	2
CP142619.1	588749	588763	1
CP142619.1	588763	588873	0
CP142619.1	588873	588916	1
CP142619.1	588916	588949	2
CP142619.1	588949	589005	1
CP142619.1	589005	589119	2
CP142619.1	589119	589126	1
CP142619.1	589126	589177	2
CP142619.1	589177	589370	1
CP142619.1	589370	589378	0
CP142619.1	589378	589410	2
CP142619.1	589410	589454	1
CP142619.1	589454	589485	0
CP142619.1	589485	589534	1
CP142619.1	589534	589586	2
CP142619.1	589586	589708	1
CP142619.1	589708	589790	0
CP142619.1	589790	589842	1
CP142619.1	589842	589852	2
CP142619.1	589852	589857	1
CP142619.1	589857	589867	2
CP142619.1	589867	589869	1
CP142619.1	589869	589912	2
CP142619.1	589912	589918	1
CP142619.1	589918	589940	2
CP142619.1	589940	589946	1
CP142619.1	589946	589967	2
CP142619.1	589967	590027	1
CP142619.1	590027	590028	0
CP142619.1	590028	590040	1
CP142619.1	590040	590168	0
CP142619.1	590168	590223	1
CP142619.1	590223	590286	2
CP142619.1	590286	590384	1
CP142619.1	590384	590388	0
CP142619.1	590388	590419	1
CP142619.1	590419	590444	0
CP142619.1	590444	590519	1
CP142619.1	590519	590553	2
CP142619.1	590553	590554	1
CP142619.1	590554	590625	2
CP142619.1	590625	590626	1
CP142619.1	590626	590644	2
CP142619.1	590644	590647	1
CP142619.1	590647	590744	0
CP142619.1	590744	590844	1
CP142619.1	590844	590860	0
CP142619.1	590860	590925	1
CP142619.1	590925	590990	0
CP142619.1	590990	591140	1
CP142619.1	591140	591151	0
CP142619.1	591151	591253	1
CP142619.1	591253	591276	2
CP142619.1	591276	591314	3
CP142619.1	591314	591346	4
CP142619.1	591346	591364	3
CP142619.1	591364	591368	2
CP142619.1	591368	591372	3
CP142619.1	591372	591387	2
CP142619.1	591387	591394	1
CP142619.1	591394	591402	2
CP142619.1	591402	591505	1
CP142619.1	591505	591547	0
CP142619.1	591547	591713	1
CP142619.1	591713	591804	0
CP142619.1	591804	591808	1
CP142619.1	591808	591819	2
CP142619.1	591819	591821	1
CP142619.1	591821	591822	0
CP142619.1	591822	591823	1
CP142619.1	591823	591873	2
CP142619.1	591873	591883	1
CP142619.1	591883	591889	0
CP142619.1	591889	591984	1
CP142619.1	591984	592136	0
CP142619.1	592136	592225	1
CP142619.1	592225	592298	0
CP142619.1	592298	592370	1
CP142619.1	592370	592458	0
CP142619.1	592458	592506	1
CP142619.1	592506	592508	0
CP142619.1	592508	592557	1
CP142619.1	592557	592791	0
CP142619.1	592791	592832	1
CP142619.1	592832	592856	2
CP142619.1	592856	592885	3
CP142619.1	592885	592895	2
CP142619.1	592895	592896	1
CP142619.1	592896	592905	2
CP142619.1	592905	592906	1
CP142619.1	592906	592959	2
CP142619.1	592959	592962	3
CP142619.1	592962	592963	2
CP142619.1	592963	593004	3
CP142619.1	593004	593011	2
CP142619.1	593011	593037	3
CP142619.1	593037	593054	2
CP142619.1	593054	593066	1
CP142619.1	593066	593106	2
CP142619.1	593106	593109	1
CP142619.1	593109	593111	2
CP142619.1	593111	593129	1
CP142619.1	593129	593149	0
CP142619.1	593149	593153	1
CP142619.1	593153	593251	2
CP142619.1	593251	593377	1
CP142619.1	593377	593558	0
CP142619.1	593558	593583	1
CP142619.1	593583	593584	0
CP142619.1	593584	593608	1
CP142619.1	593608	593609	0
CP142619.1	593609	593614	1
CP142619.1	593614	593793	2
CP142619.1	593793	594295	0
CP142619.1	594295	594451	1
CP142619.1	594451	594515	0
CP142619.1	594515	594553	1
CP142619.1	594553	594623	2
CP142619.1	594623	594627	1
CP142619.1	594627	594668	2
CP142619.1	594668	594706	1
CP142619.1	594706	594815	0
CP142619.1	594815	594891	1
CP142619.1	594891	595129	0
CP142619.1	595129	595196	1
CP142619.1	595196	595931	0
CP142619.1	595931	595955	1
CP142619.1	595955	595960	0
CP142619.1	595960	595990	1
CP142619.1	595990	596035	2
CP142619.1	596035	596036	1
CP142619.1	596036	596064	2
CP142619.1	596064	596134	1
CP142619.1	596134	596601	0
CP142619.1	596601	596653	1
CP142619.1	596653	596747	0
CP142619.1	596747	596805	1
CP142619.1	596805	597019	0
CP142619.1	597019	597047	1
CP142619.1	597047	597066	2
CP142619.1	597066	597115	3
CP142619.1	597115	597116	2
CP142619.1	597116	597122	3
CP142619.1	597122	597136	2
CP142619.1	597136	597185	1
CP142619.1	597185	597212	2
CP142619.1	597212	597220	3
CP142619.1	597220	597265	2
CP142619.1	597265	597270	3
CP142619.1	597270	597275	2
CP142619.1	597275	597388	1
CP142619.1	597388	597466	2
CP142619.1	597466	597471	1
CP142619.1	597471	597921	0
CP142619.1	597921	598005	1
CP142619.1	598005	598171	0
CP142619.1	598171	598267	1
CP142619.1	598267	598268	0
CP142619.1	598268	598333	1
CP142619.1	598333	598334	0
CP142619.1	598334	598380	2
CP142619.1	598380	598423	1
CP142619.1	598423	598502	2
CP142619.1	598502	598508	1
CP142619.1	598508	598795	0
CP142619.1	598795	598960	1
CP142619.1	598960	598963	0
CP142619.1	598963	599019	1
CP142619.1	599019	599081	0
CP142619.1	599081	599125	1
CP142619.1	599125	599424	0
CP142619.1	599424	599473	1
CP142619.1	599473	599523	2
CP142619.1	599523	599617	1
CP142619.1	599617	599623	0
CP142619.1	599623	599695	1
CP142619.1	599695	599718	2
CP142619.1	599718	599727	1
CP142619.1	599727	599783	2
CP142619.1	599783	599790	1
CP142619.1	599790	599803	0
CP142619.1	599803	600004	1
CP142619.1	600004	600042	0
CP142619.1	600042	600053	1
CP142619.1	600053	600208	2
CP142619.1	600208	600220	3
CP142619.1	600220	600237	2
CP142619.1	600237	600288	1
CP142619.1	600288	600429	0
CP142619.1	600429	600538	1
CP142619.1	600538	600539	0
CP142619.1	600539	600562	1
CP142619.1	600562	600590	0
CP142619.1	600590	600644	1
CP142619.1	600644	600648	0
CP142619.1	600648	600649	1
CP142619.1	600649	600692	2
CP142619.1	600692	600786	1
CP142619.1	600786	600865	0
CP142619.1	600865	600891	1
CP142619.1	600891	600892	0
CP142619.1	600892	600929	1
CP142619.1	600929	601110	0
CP142619.1	601110	601155	1
CP142619.1	601155	601219	2
CP142619.1	601219	601265	3
CP142619.1	601265	601275	4
CP142619.1	601275	601276	5
CP142619.1	601276	601284	6
CP142619.1	601284	601292	5
CP142619.1	601292	601319	6
CP142619.1	601319	601320	5
CP142619.1	601320	601332	6
CP142619.1	601332	601334	5
CP142619.1	601334	601339	6
CP142619.1	601339	601346	5
CP142619.1	601346	601350	4
CP142619.1	601350	601357	3
CP142619.1	601357	601373	2
CP142619.1	601373	601381	1
CP142619.1	601381	601384	0
CP142619.1	601384	601407	1
CP142619.1	601407	601796	0
CP142619.1	601796	601956	1
CP142619.1	601956	602084	0
CP142619.1	602084	602123	1
CP142619.1	602123	602172	2
CP142619.1	602172	602225	1
CP142619.1	602225	602277	0
CP142619.1	602277	602314	1
CP142619.1	602314	602396	2
CP142619.1	602396	602454	1
CP142619.1	602454	602461	0
CP142619.1	602461	602501	1
CP142619.1	602501	603000	0
CP142619.1	603000	603102	1
CP142619.1	603102	603192	0
CP142619.1	603192	603259	1
CP142619.1	603259	603715	0
CP142619.1	603715	603829	1
CP142619.1	603829	603835	0
CP142619.1	603835	603840	1
CP142619.1	603840	603883	0
CP142619.1	603883	603994	1
CP142619.1	603994	604010	0
CP142619.1	604010	604065	1
CP142619.1	604065	604407	0
CP142619.1	604407	604488	1
CP142619.1	604488	604706	0
CP142619.1	604706	604805	1
CP142619.1	604805	604859	2
CP142619.1	604859	604860	1
CP142619.1	604860	604897	2
CP142619.1	604897	604945	1
CP142619.1	604945	605020	0
CP142619.1	605020	605056	1
CP142619.1	605056	605095	2
CP142619.1	605095	605151	1
CP142619.1	605151	605225	2
CP142619.1	605225	605257	1
CP142619.1	605257	605283	2
CP142619.1	605283	605322	3
CP142619.1	605322	605340	4
CP142619.1	605340	605347	3
CP142619.1	605347	605410	2
CP142619.1	605410	605524	1
CP142619.1	605524	605525	0
CP142619.1	605525	605583	1
CP142619.1	605583	605803	0
CP142619.1	605803	605848	1
CP142619.1	605848	605850	0
CP142619.1	605850	605938	1
CP142619.1	605938	605995	0
CP142619.1	605995	606180	1
CP142619.1	606180	606206	2
CP142619.1	606206	606211	3
CP142619.1	606211	606212	2
CP142619.1	606212	606232	3
CP142619.1	606232	606271	2
CP142619.1	606271	606379	1
CP142619.1	606379	607097	0
CP142619.1	607097	607115	1
CP142619.1	607115	607116	0
CP142619.1	607116	607163	1
CP142619.1	607163	607231	0
CP142619.1	607231	607295	1
CP142619.1	607295	607380	0
CP142619.1	607380	607383	1
CP142619.1	607383	607407	2
CP142619.1	607407	607409	1
CP142619.1	607409	607411	2
CP142619.1	607411	607427	1
CP142619.1	607427	607429	0
CP142619.1	607429	607486	1
CP142619.1	607486	607541	2
CP142619.1	607541	607542	1
CP142619.1	607542	607574	2
CP142619.1	607574	607699	1
CP142619.1	607699	607702	0
CP142619.1	607702	607785	1
CP142619.1	607785	608140	0
CP142619.1	608140	608178	1
CP142619.1	608178	608204	2
CP142619.1	608204	608264	1
CP142619.1	608264	608265	0
CP142619.1	608265	608305	1
CP142619.1	608305	608310	0
CP142619.1	608310	608333	1
CP142619.1	608333	608352	2
CP142619.1	608352	608391	3
CP142619.1	608391	608404	2
CP142619.1	608404	608448	1
CP142619.1	608448	608713	0
CP142619.1	608713	608733	1
CP142619.1	608733	608739	2
CP142619.1	608739	608741	1
CP142619.1	608741	608751	2
CP142619.1	608751	608752	1
CP142619.1	608752	608772	2
CP142619.1	608772	608793	3
CP142619.1	608793	608794	2
CP142619.1	608794	608883	1
CP142619.1	608883	609222	0
CP142619.1	609222	609286	1
CP142619.1	609286	609361	0
CP142619.1	609361	609373	1
CP142619.1	609373	609476	2
CP142619.1	609476	609477	1
CP142619.1	609477	609483	2
CP142619.1	609483	609499	1
CP142619.1	609499	609501	0
CP142619.1	609501	609571	1
CP142619.1	609571	609670	0
CP142619.1	609670	609733	1
CP142619.1	609733	609766	0
CP142619.1	609766	609922	1
CP142619.1	609922	610100	0
CP142619.1	610100	610212	1
CP142619.1	610212	610290	2
CP142619.1	610290	610350	1
CP142619.1	610350	610701	0
CP142619.1	610701	610781	1
CP142619.1	610781	610796	2
CP142619.1	610796	610797	1
CP142619.1	610797	610809	2
CP142619.1	610809	610814	1
CP142619.1	610814	610844	2
CP142619.1	610844	610845	1
CP142619.1	610845	610878	2
CP142619.1	610878	610880	1
CP142619.1	610880	610912	2
CP142619.1	610912	610929	1
CP142619.1	610929	610987	2
CP142619.1	610987	611055	1
CP142619.1	611055	611078	0
CP142619.1	611078	611180	1
CP142619.1	611180	611449	0
CP142619.1	611449	611504	1
CP142619.1	611504	611587	2
CP142619.1	611587	611594	1
CP142619.1	611594	611597	0
CP142619.1	611597	611670	1
CP142619.1	611670	611957	0
CP142619.1	611957	612056	1
CP142619.1	612056	612057	0
CP142619.1	612057	612153	1
CP142619.1	612153	612603	0
CP142619.1	612603	612673	1
CP142619.1	612673	612756	2
CP142619.1	612756	612806	1
CP142619.1	612806	612832	2
CP142619.1	612832	612967	1
CP142619.1	612967	613090	0
CP142619.1	613090	613112	1
CP142619.1	613112	613154	2
CP142619.1	613154	613155	1
CP142619.1	613155	613181	3
CP142619.1	613181	613204	2
CP142619.1	613204	613220	1
CP142619.1	613220	613221	0
CP142619.1	613221	613235	1
CP142619.1	613235	613292	0
CP142619.1	613292	613384	1
CP142619.1	613384	613754	0
CP142619.1	613754	613858	1
CP142619.1	613858	613945	0
CP142619.1	613945	614012	1
CP142619.1	614012	614187	2
CP142619.1	614187	614221	1
CP142619.1	614221	614226	0
CP142619.1	614226	614253	1
CP142619.1	614253	614436	0
CP142619.1	614436	614464	1
CP142619.1	614464	614465	0
CP142619.1	614465	614542	1
CP142619.1	614542	614543	0
CP142619.1	614543	614779	1
CP142619.1	614779	615088	0
CP142619.1	615088	615142	1
CP142619.1	615142	615143	0
CP142619.1	615143	615316	1
CP142619.1	615316	615317	0
CP142619.1	615317	615439	1
CP142619.1	615439	615495	0
CP142619.1	615495	615607	1
CP142619.1	615607	616259	0
CP142619.1	616259	616279	1
CP142619.1	616279	616355	2
CP142619.1	616355	616363	1
CP142619.1	616363	616483	2
CP142619.1	616483	616485	1
CP142619.1	616485	616500	2
CP142619.1	616500	616590	1
CP142619.1	616590	616723	0
CP142619.1	616723	616862	1
CP142619.1	616862	616863	0
CP142619.1	616863	616904	1
CP142619.1	616904	617093	0
CP142619.1	617093	617134	1
CP142619.1	617134	617248	2
CP142619.1	617248	617292	1
CP142619.1	617292	617468	0
CP142619.1	617468	617500	1
CP142619.1	617500	617562	2
CP142619.1	617562	617563	1
CP142619.1	617563	617622	0
CP142619.1	617622	617712	1
CP142619.1	617712	617713	0
CP142619.1	617713	617723	1
CP142619.1	617723	617794	2
CP142619.1	617794	617914	1
CP142619.1	617914	618040	0
CP142619.1	618040	618203	1
CP142619.1	618203	618327	2
CP142619.1	618327	618344	1
CP142619.1	618344	618366	2
CP142619.1	618366	618451	1
CP142619.1	618451	618634	0
CP142619.1	618634	618689	1
CP142619.1	618689	618847	0
CP142619.1	618847	618852	1
CP142619.1	618852	618910	2
CP142619.1	618910	618944	1
CP142619.1	618944	619208	0
CP142619.1	619208	619352	1
CP142619.1	619352	619470	0
CP142619.1	619470	619519	1
CP142619.1	619519	619549	2
CP142619.1	619549	619550	1
CP142619.1	619550	619579	2
CP142619.1	619579	619604	1
CP142619.1	619604	619605	0
CP142619.1	619605	619640	1
CP142619.1	619640	619648	0
CP142619.1	619648	619651	1
CP142619.1	619651	619653	0
CP142619.1	619653	619672	1
CP142619.1	619672	619673	0
CP142619.1	619673	619712	1
CP142619.1	619712	619801	0
CP142619.1	619801	619886	1
CP142619.1	619886	620113	0
CP142619.1	620113	620207	1
CP142619.1	620207	620208	0
CP142619.1	620208	620254	1
CP142619.1	620254	620399	0
CP142619.1	620399	620455	1
CP142619.1	620455	620728	0
CP142619.1	620728	620733	1
CP142619.1	620733	620735	0
CP142619.1	620735	620746	1
CP142619.1	620746	620747	0
CP142619.1	620747	620940	1
CP142619.1	620940	621504	0
CP142619.1	621504	621672	1
CP142619.1	621672	621673	0
CP142619.1	621673	621705	1
CP142619.1	621705	622120	0
CP142619.1	622120	622178	1
CP142619.1	622178	622679	0
CP142619.1	622679	622723	1
CP142619.1	622723	622758	2
CP142619.1	622758	622813	1
CP142619.1	622813	622937	0
CP142619.1	622937	623030	1
CP142619.1	623030	623098	0
CP142619.1	623098	623227	1
CP142619.1	623227	623298	0
CP142619.1	623298	623442	1
CP142619.1	623442	623478	2
CP142619.1	623478	623527	1
CP142619.1	623527	623609	0
