CP142613.1	0	544	0
CP142613.1	544	567	1
CP142613.1	567	577	0
CP142613.1	577	704	1
CP142613.1	704	798	0
CP142613.1	798	845	1
CP142613.1	845	872	2
CP142613.1	872	879	1
CP142613.1	879	929	2
CP142613.1	929	931	1
CP142613.1	931	932	0
CP142613.1	932	956	1
CP142613.1	956	1250	0
CP142613.1	1250	1345	1
CP142613.1	1345	1523	0
CP142613.1	1523	1630	1
CP142613.1	1630	1694	2
CP142613.1	1694	1721	1
CP142613.1	1721	1722	0
CP142613.1	1722	1796	1
CP142613.1	1796	1797	0
CP142613.1	1797	1910	1
CP142613.1	1910	1920	0
CP142613.1	1920	2000	1
CP142613.1	2000	2008	2
CP142613.1	2008	2009	0
CP142613.1	2009	2173	2
CP142613.1	2173	2198	1
CP142613.1	2198	2201	0
CP142613.1	2201	2336	1
CP142613.1	2336	2688	0
CP142613.1	2688	2698	1
CP142613.1	2698	2699	0
CP142613.1	2699	2731	1
CP142613.1	2731	2745	0
CP142613.1	2745	2782	1
CP142613.1	2782	2788	2
CP142613.1	2788	2823	1
CP142613.1	2823	2832	2
CP142613.1	2832	2924	1
CP142613.1	2924	2988	2
CP142613.1	2988	2999	1
CP142613.1	2999	3211	0
CP142613.1	3211	3272	1
CP142613.1	3272	3278	2
CP142613.1	3278	3354	1
CP142613.1	3354	3373	2
CP142613.1	3373	3374	1
CP142613.1	3374	3397	2
CP142613.1	3397	3398	1
CP142613.1	3398	3402	2
CP142613.1	3402	3409	3
CP142613.1	3409	3420	2
CP142613.1	3420	3453	3
CP142613.1	3453	3470	4
CP142613.1	3470	3506	3
CP142613.1	3506	3512	2
CP142613.1	3512	3629	1
CP142613.1	3629	3747	2
CP142613.1	3747	4179	1
CP142613.1	4179	4579	0
CP142613.1	4579	4595	1
CP142613.1	4595	4636	2
CP142613.1	4636	4637	1
CP142613.1	4637	4674	2
CP142613.1	4674	4677	1
CP142613.1	4677	4686	2
CP142613.1	4686	4691	1
CP142613.1	4691	4705	2
CP142613.1	4705	4737	1
CP142613.1	4737	4738	0
CP142613.1	4738	4789	1
CP142613.1	4789	4793	0
CP142613.1	4793	4816	1
CP142613.1	4816	5164	0
CP142613.1	5164	5169	1
CP142613.1	5169	5219	2
CP142613.1	5219	5273	1
CP142613.1	5273	5290	0
CP142613.1	5290	5431	1
CP142613.1	5431	5474	2
CP142613.1	5474	5615	1
CP142613.1	5615	5667	2
CP142613.1	5667	5682	1
CP142613.1	5682	5704	0
CP142613.1	5704	5790	1
CP142613.1	5790	5833	0
CP142613.1	5833	6011	1
CP142613.1	6011	6152	2
CP142613.1	6152	6191	1
CP142613.1	6191	6206	2
CP142613.1	6206	6232	3
CP142613.1	6232	6238	4
CP142613.1	6238	6274	5
CP142613.1	6274	6276	6
CP142613.1	6276	6287	5
CP142613.1	6287	6315	3
CP142613.1	6315	6343	2
CP142613.1	6343	6373	1
CP142613.1	6373	6434	2
CP142613.1	6434	6443	3
CP142613.1	6443	6446	2
CP142613.1	6446	6521	3
CP142613.1	6521	6522	2
CP142613.1	6522	6538	1
CP142613.1	6538	6543	2
CP142613.1	6543	6667	1
CP142613.1	6667	6745	2
CP142613.1	6745	6746	1
CP142613.1	6746	6757	2
CP142613.1	6757	6786	1
CP142613.1	6786	6803	2
CP142613.1	6803	6804	3
CP142613.1	6804	6863	4
CP142613.1	6863	6864	2
CP142613.1	6864	6898	4
CP142613.1	6898	6918	3
CP142613.1	6918	6930	4
CP142613.1	6930	6966	3
CP142613.1	6966	6973	2
CP142613.1	6973	6990	1
CP142613.1	6990	7040	2
CP142613.1	7040	7072	3
CP142613.1	7072	7125	2
CP142613.1	7125	7126	1
CP142613.1	7126	7158	2
CP142613.1	7158	7364	1
CP142613.1	7364	7437	2
CP142613.1	7437	7444	1
CP142613.1	7444	7451	0
CP142613.1	7451	7469	1
CP142613.1	7469	7470	0
CP142613.1	7470	7489	1
CP142613.1	7489	7496	0
CP142613.1	7496	7577	1
CP142613.1	7577	7579	0
CP142613.1	7579	7707	1
CP142613.1	7707	7857	0
CP142613.1	7857	7897	1
CP142613.1	7897	7934	0
CP142613.1	7934	7995	1
CP142613.1	7995	8007	0
CP142613.1	8007	8140	1
CP142613.1	8140	8143	0
CP142613.1	8143	8152	1
CP142613.1	8152	8153	0
CP142613.1	8153	8190	1
CP142613.1	8190	8271	2
CP142613.1	8271	8305	1
CP142613.1	8305	8365	2
CP142613.1	8365	8388	3
CP142613.1	8388	8415	2
CP142613.1	8415	8451	1
CP142613.1	8451	8526	0
CP142613.1	8526	8567	1
CP142613.1	8567	8569	0
CP142613.1	8569	8641	1
CP142613.1	8641	8806	0
CP142613.1	8806	8906	1
CP142613.1	8906	9152	0
CP142613.1	9152	9227	1
CP142613.1	9227	9269	2
CP142613.1	9269	9270	1
CP142613.1	9270	9298	2
CP142613.1	9298	9304	0
CP142613.1	9304	9321	2
CP142613.1	9321	9351	3
CP142613.1	9351	9352	2
CP142613.1	9352	9361	3
CP142613.1	9361	9391	2
CP142613.1	9391	9392	0
CP142613.1	9392	9400	1
CP142613.1	9400	9402	0
CP142613.1	9402	9415	1
CP142613.1	9415	9452	0
CP142613.1	9452	9525	1
CP142613.1	9525	9554	2
CP142613.1	9554	9557	3
CP142613.1	9557	9571	4
CP142613.1	9571	9578	3
CP142613.1	9578	9579	2
CP142613.1	9579	9600	3
CP142613.1	9600	9609	2
CP142613.1	9609	9629	3
CP142613.1	9629	9642	2
CP142613.1	9642	9736	3
CP142613.1	9736	9884	2
CP142613.1	9884	9894	1
CP142613.1	9894	9962	2
CP142613.1	9962	9970	3
CP142613.1	9970	9973	2
CP142613.1	9973	9974	3
CP142613.1	9974	9990	4
CP142613.1	9990	9991	3
CP142613.1	9991	9993	2
CP142613.1	9993	9994	3
CP142613.1	9994	10027	4
CP142613.1	10027	10045	3
CP142613.1	10045	10073	2
CP142613.1	10073	10157	1
CP142613.1	10157	10185	2
CP142613.1	10185	10190	3
CP142613.1	10190	10191	2
CP142613.1	10191	10212	3
CP142613.1	10212	10218	2
CP142613.1	10218	10223	3
CP142613.1	10223	10249	2
CP142613.1	10249	10252	1
CP142613.1	10252	10287	0
CP142613.1	10287	10337	1
CP142613.1	10337	10359	2
CP142613.1	10359	10360	1
CP142613.1	10360	10390	2
CP142613.1	10390	10391	1
CP142613.1	10391	10410	2
CP142613.1	10410	10412	1
CP142613.1	10412	10414	2
CP142613.1	10414	10436	1
CP142613.1	10436	10451	2
CP142613.1	10451	10452	1
CP142613.1	10452	10457	2
CP142613.1	10457	10524	1
CP142613.1	10524	10609	0
CP142613.1	10609	10615	1
CP142613.1	10615	10666	2
CP142613.1	10666	10812	1
CP142613.1	10812	10813	0
CP142613.1	10813	10880	1
CP142613.1	10880	10881	0
CP142613.1	10881	10971	1
CP142613.1	10971	10973	0
CP142613.1	10973	11207	1
CP142613.1	11207	11467	0
CP142613.1	11467	11493	1
CP142613.1	11493	11494	0
CP142613.1	11494	11501	1
CP142613.1	11501	11591	2
CP142613.1	11591	11623	3
CP142613.1	11623	11636	4
CP142613.1	11636	11705	3
CP142613.1	11705	11742	2
CP142613.1	11742	11801	1
CP142613.1	11801	11896	0
CP142613.1	11896	11953	1
CP142613.1	11953	11990	2
CP142613.1	11990	12025	1
CP142613.1	12025	12037	2
CP142613.1	12037	12122	3
CP142613.1	12122	12124	2
CP142613.1	12124	12137	1
CP142613.1	12137	12140	0
CP142613.1	12140	12177	1
CP142613.1	12177	12193	0
CP142613.1	12193	12260	1
CP142613.1	12260	12323	2
CP142613.1	12323	12474	1
CP142613.1	12474	12503	2
CP142613.1	12503	12504	1
CP142613.1	12504	12530	2
CP142613.1	12530	12544	1
CP142613.1	12544	12564	2
CP142613.1	12564	12583	1
CP142613.1	12583	12622	2
CP142613.1	12622	12627	1
CP142613.1	12627	12676	2
CP142613.1	12676	12706	3
CP142613.1	12706	12731	2
CP142613.1	12731	12808	3
CP142613.1	12808	12898	2
CP142613.1	12898	12910	1
CP142613.1	12910	12918	0
CP142613.1	12918	12975	1
CP142613.1	12975	12977	2
CP142613.1	12977	12978	1
CP142613.1	12978	13038	2
CP142613.1	13038	13136	1
CP142613.1	13136	13234	0
CP142613.1	13234	13257	1
CP142613.1	13257	13260	0
CP142613.1	13260	13271	1
CP142613.1	13271	13292	2
CP142613.1	13292	13321	1
CP142613.1	13321	13331	2
CP142613.1	13331	13372	1
CP142613.1	13372	13396	2
CP142613.1	13396	13439	3
CP142613.1	13439	13440	2
CP142613.1	13440	13480	3
CP142613.1	13480	13483	2
CP142613.1	13483	13618	1
CP142613.1	13618	13680	0
CP142613.1	13680	13920	1
CP142613.1	13920	13939	0
CP142613.1	13939	13954	1
CP142613.1	13954	14016	2
CP142613.1	14016	14139	1
CP142613.1	14139	14221	2
CP142613.1	14221	14261	1
CP142613.1	14261	14287	0
CP142613.1	14287	14299	1
CP142613.1	14299	14300	0
CP142613.1	14300	14335	1
CP142613.1	14335	14696	0
CP142613.1	14696	14720	1
CP142613.1	14720	14729	2
CP142613.1	14729	14759	3
CP142613.1	14759	14762	0
CP142613.1	14762	14765	2
CP142613.1	14765	14787	3
CP142613.1	14787	14813	4
CP142613.1	14813	14816	3
CP142613.1	14816	14822	5
CP142613.1	14822	14866	6
CP142613.1	14866	14874	5
CP142613.1	14874	14875	4
CP142613.1	14875	14882	3
CP142613.1	14882	14901	2
CP142613.1	14901	14999	1
CP142613.1	14999	15070	0
CP142613.1	15070	15098	1
CP142613.1	15098	15104	0
CP142613.1	15104	15203	1
CP142613.1	15203	15253	2
CP142613.1	15253	15254	1
CP142613.1	15254	15255	0
CP142613.1	15255	15299	1
CP142613.1	15299	15301	2
CP142613.1	15301	15403	1
CP142613.1	15403	15429	2
CP142613.1	15429	15460	1
CP142613.1	15460	15470	2
CP142613.1	15470	15520	3
CP142613.1	15520	15527	2
CP142613.1	15527	15557	1
CP142613.1	15557	15572	0
CP142613.1	15572	15616	1
CP142613.1	15616	15662	2
CP142613.1	15662	15776	1
CP142613.1	15776	15829	0
CP142613.1	15829	16022	1
CP142613.1	16022	16058	0
CP142613.1	16058	16144	1
CP142613.1	16144	16155	2
CP142613.1	16155	16246	3
CP142613.1	16246	16249	2
CP142613.1	16249	16254	3
CP142613.1	16254	16342	2
CP142613.1	16342	16363	1
CP142613.1	16363	16383	2
CP142613.1	16383	16430	1
CP142613.1	16430	16432	0
CP142613.1	16432	16485	1
CP142613.1	16485	16520	2
CP142613.1	16520	16521	1
CP142613.1	16521	16551	2
CP142613.1	16551	16553	1
CP142613.1	16553	16829	0
CP142613.1	16829	16890	1
CP142613.1	16890	16942	0
CP142613.1	16942	17083	1
CP142613.1	17083	17256	0
CP142613.1	17256	17327	1
CP142613.1	17327	17343	0
CP142613.1	17343	17399	1
CP142613.1	17399	17487	2
CP142613.1	17487	17537	3
CP142613.1	17537	17599	2
CP142613.1	17599	17658	1
CP142613.1	17658	17676	2
CP142613.1	17676	17783	1
CP142613.1	17783	17813	2
CP142613.1	17813	17824	3
CP142613.1	17824	17878	2
CP142613.1	17878	17927	1
CP142613.1	17927	17943	0
CP142613.1	17943	17987	1
CP142613.1	17987	18056	2
CP142613.1	18056	18192	1
CP142613.1	18192	18215	2
CP142613.1	18215	18226	1
CP142613.1	18226	18240	0
CP142613.1	18240	18267	1
CP142613.1	18267	18307	2
CP142613.1	18307	18318	1
CP142613.1	18318	18345	2
CP142613.1	18345	18385	1
CP142613.1	18385	18411	2
CP142613.1	18411	18423	1
CP142613.1	18423	18521	2
CP142613.1	18521	18522	1
CP142613.1	18522	18697	0
CP142613.1	18697	18743	1
CP142613.1	18743	18786	2
CP142613.1	18786	18929	1
CP142613.1	18929	19054	0
CP142613.1	19054	19084	1
CP142613.1	19084	19130	2
CP142613.1	19130	19177	1
CP142613.1	19177	19178	0
CP142613.1	19178	19260	1
CP142613.1	19260	19480	0
CP142613.1	19480	19487	1
CP142613.1	19487	19506	2
CP142613.1	19506	19507	1
CP142613.1	19507	19516	2
CP142613.1	19516	19519	1
CP142613.1	19519	19571	2
CP142613.1	19571	19572	1
CP142613.1	19572	19616	2
CP142613.1	19616	19617	1
CP142613.1	19617	19701	2
CP142613.1	19701	19757	1
CP142613.1	19757	19877	0
CP142613.1	19877	19935	1
CP142613.1	19935	19936	0
CP142613.1	19936	20004	1
CP142613.1	20004	20266	0
CP142613.1	20266	20345	1
CP142613.1	20345	20449	2
CP142613.1	20449	20454	1
CP142613.1	20454	20505	0
CP142613.1	20505	20565	1
CP142613.1	20565	20584	2
CP142613.1	20584	20587	3
CP142613.1	20587	20588	2
CP142613.1	20588	20611	3
CP142613.1	20611	20630	2
CP142613.1	20630	20641	1
CP142613.1	20641	20691	2
CP142613.1	20691	20693	1
CP142613.1	20693	20767	2
CP142613.1	20767	20831	1
CP142613.1	20831	20867	0
CP142613.1	20867	20930	1
CP142613.1	20930	21108	0
CP142613.1	21108	21204	1
CP142613.1	21204	21253	2
CP142613.1	21253	21328	3
CP142613.1	21328	21376	4
CP142613.1	21376	21378	3
CP142613.1	21378	21381	2
CP142613.1	21381	21391	3
CP142613.1	21391	21392	2
CP142613.1	21392	21400	3
CP142613.1	21400	21430	4
CP142613.1	21430	21431	3
CP142613.1	21431	21440	4
CP142613.1	21440	21452	3
CP142613.1	21452	21482	2
CP142613.1	21482	21554	1
CP142613.1	21554	21555	0
CP142613.1	21555	21560	1
CP142613.1	21560	21599	0
CP142613.1	21599	21607	1
CP142613.1	21607	21628	2
CP142613.1	21628	21639	3
CP142613.1	21639	21687	2
CP142613.1	21687	21698	1
CP142613.1	21698	21723	2
CP142613.1	21723	21767	1
CP142613.1	21767	21794	0
CP142613.1	21794	21840	1
CP142613.1	21840	21842	0
CP142613.1	21842	21881	1
CP142613.1	21881	22022	0
CP142613.1	22022	22080	1
CP142613.1	22080	22179	0
CP142613.1	22179	22247	1
CP142613.1	22247	22317	2
CP142613.1	22317	22367	1
CP142613.1	22367	22421	2
CP142613.1	22421	22489	1
CP142613.1	22489	22591	2
CP142613.1	22591	22740	1
CP142613.1	22740	22793	0
CP142613.1	22793	22824	1
CP142613.1	22824	22825	0
CP142613.1	22825	22848	1
CP142613.1	22848	22849	0
CP142613.1	22849	22862	1
CP142613.1	22862	22865	0
CP142613.1	22865	22915	1
CP142613.1	22915	22917	0
CP142613.1	22917	22990	1
CP142613.1	22990	23236	0
CP142613.1	23236	23378	1
CP142613.1	23378	23419	2
CP142613.1	23419	23432	1
CP142613.1	23432	23446	0
CP142613.1	23446	23484	1
CP142613.1	23484	23494	0
CP142613.1	23494	23523	1
CP142613.1	23523	23675	0
CP142613.1	23675	23758	1
CP142613.1	23758	23866	0
CP142613.1	23866	23890	1
CP142613.1	23890	23891	0
CP142613.1	23891	23949	2
CP142613.1	23949	23953	3
CP142613.1	23953	23986	2
CP142613.1	23986	24051	1
CP142613.1	24051	24076	0
CP142613.1	24076	24153	1
CP142613.1	24153	24154	0
CP142613.1	24154	24202	1
CP142613.1	24202	24205	0
CP142613.1	24205	24272	1
CP142613.1	24272	24358	0
CP142613.1	24358	24525	1
CP142613.1	24525	24526	0
CP142613.1	24526	24573	1
CP142613.1	24573	24590	0
CP142613.1	24590	24621	1
CP142613.1	24621	24641	2
CP142613.1	24641	24646	1
CP142613.1	24646	24771	2
CP142613.1	24771	24777	1
CP142613.1	24777	25073	0
CP142613.1	25073	25166	1
CP142613.1	25166	25223	2
CP142613.1	25223	25244	1
CP142613.1	25244	25300	2
CP142613.1	25300	25353	3
CP142613.1	25353	25365	2
CP142613.1	25365	25422	3
CP142613.1	25422	25445	2
CP142613.1	25445	25471	1
CP142613.1	25471	25544	0
CP142613.1	25544	25683	1
CP142613.1	25683	25704	2
CP142613.1	25704	25705	1
CP142613.1	25705	25781	2
CP142613.1	25781	25787	3
CP142613.1	25787	25801	2
CP142613.1	25801	25879	1
CP142613.1	25879	25886	2
CP142613.1	25886	26003	3
CP142613.1	26003	26021	2
CP142613.1	26021	26045	1
CP142613.1	26045	26104	2
CP142613.1	26104	26107	1
CP142613.1	26107	26167	2
CP142613.1	26167	26184	1
CP142613.1	26184	26254	0
CP142613.1	26254	26299	1
CP142613.1	26299	26371	2
CP142613.1	26371	26372	1
CP142613.1	26372	26375	2
CP142613.1	26375	26472	1
CP142613.1	26472	26484	2
CP142613.1	26484	26485	1
CP142613.1	26485	26486	2
CP142613.1	26486	26487	1
CP142613.1	26487	26513	2
CP142613.1	26513	26515	1
CP142613.1	26515	26531	3
CP142613.1	26531	26554	2
CP142613.1	26554	26590	3
CP142613.1	26590	26617	1
CP142613.1	26617	26842	0
CP142613.1	26842	26859	1
CP142613.1	26859	26864	0
CP142613.1	26864	26884	1
CP142613.1	26884	26885	0
CP142613.1	26885	26919	1
CP142613.1	26919	27033	0
CP142613.1	27033	27068	1
CP142613.1	27068	27072	0
CP142613.1	27072	27082	1
CP142613.1	27082	27083	0
CP142613.1	27083	27133	1
CP142613.1	27133	27248	0
CP142613.1	27248	27444	1
CP142613.1	27444	27475	0
CP142613.1	27475	27505	1
CP142613.1	27505	27537	2
CP142613.1	27537	27538	1
CP142613.1	27538	27547	2
CP142613.1	27547	27564	3
CP142613.1	27564	27567	2
CP142613.1	27567	27615	3
CP142613.1	27615	27620	2
CP142613.1	27620	27621	1
CP142613.1	27621	27629	2
CP142613.1	27629	27638	1
CP142613.1	27638	27651	0
CP142613.1	27651	27659	1
CP142613.1	27659	27753	2
CP142613.1	27753	27764	1
CP142613.1	27764	27765	0
CP142613.1	27765	27912	1
CP142613.1	27912	28016	2
CP142613.1	28016	28054	3
CP142613.1	28054	28058	2
CP142613.1	28058	28060	3
CP142613.1	28060	28107	2
CP142613.1	28107	28136	3
CP142613.1	28136	28150	4
CP142613.1	28150	28203	3
CP142613.1	28203	28204	0
CP142613.1	28204	28205	2
CP142613.1	28205	28228	3
CP142613.1	28228	28241	2
CP142613.1	28241	28242	0
CP142613.1	28242	28243	1
CP142613.1	28243	28258	2
CP142613.1	28258	28291	1
CP142613.1	28291	28293	0
CP142613.1	28293	28317	1
CP142613.1	28317	28319	0
CP142613.1	28319	28342	1
CP142613.1	28342	28344	0
CP142613.1	28344	28480	1
CP142613.1	28480	28575	0
CP142613.1	28575	28618	1
CP142613.1	28618	28650	2
CP142613.1	28650	28674	1
CP142613.1	28674	28881	0
CP142613.1	28881	28945	1
CP142613.1	28945	29092	0
CP142613.1	29092	29145	1
CP142613.1	29145	29146	0
CP142613.1	29146	29169	1
CP142613.1	29169	29451	0
CP142613.1	29451	29614	1
CP142613.1	29614	29683	0
CP142613.1	29683	29744	1
CP142613.1	29744	29901	0
CP142613.1	29901	29903	1
CP142613.1	29903	29988	2
CP142613.1	29988	29989	1
CP142613.1	29989	30030	2
CP142613.1	30030	30045	1
CP142613.1	30045	30095	2
CP142613.1	30095	30121	1
CP142613.1	30121	30152	2
CP142613.1	30152	30227	1
CP142613.1	30227	30264	0
CP142613.1	30264	30425	1
CP142613.1	30425	30502	2
CP142613.1	30502	30503	1
CP142613.1	30503	30575	2
CP142613.1	30575	30626	1
CP142613.1	30626	31294	0
CP142613.1	31294	31384	1
CP142613.1	31384	31421	2
CP142613.1	31421	31424	1
CP142613.1	31424	31443	2
CP142613.1	31443	31444	1
CP142613.1	31444	31494	2
CP142613.1	31494	31505	3
CP142613.1	31505	31515	4
CP142613.1	31515	31535	3
CP142613.1	31535	31536	2
CP142613.1	31536	31539	3
CP142613.1	31539	31540	2
CP142613.1	31540	31554	3
CP142613.1	31554	31559	4
CP142613.1	31559	31560	3
CP142613.1	31560	31566	4
CP142613.1	31566	31592	3
CP142613.1	31592	31594	2
CP142613.1	31594	31633	1
CP142613.1	31633	31685	2
CP142613.1	31685	31713	3
CP142613.1	31713	31755	4
CP142613.1	31755	31756	3
CP142613.1	31756	31762	4
CP142613.1	31762	31763	3
CP142613.1	31763	31802	4
CP142613.1	31802	31841	3
CP142613.1	31841	31881	2
CP142613.1	31881	31889	1
CP142613.1	31889	32024	0
CP142613.1	32024	32132	1
CP142613.1	32132	32147	2
CP142613.1	32147	32195	1
CP142613.1	32195	32197	0
CP142613.1	32197	32251	1
CP142613.1	32251	32344	0
CP142613.1	32344	32386	1
CP142613.1	32386	32451	2
CP142613.1	32451	32455	1
CP142613.1	32455	32461	0
CP142613.1	32461	32486	1
CP142613.1	32486	32488	0
CP142613.1	32488	32544	1
CP142613.1	32544	32605	0
CP142613.1	32605	32630	1
CP142613.1	32630	32636	0
CP142613.1	32636	32709	1
CP142613.1	32709	32786	2
CP142613.1	32786	32927	1
CP142613.1	32927	33076	0
CP142613.1	33076	33097	1
CP142613.1	33097	33105	0
CP142613.1	33105	33289	1
CP142613.1	33289	33342	0
CP142613.1	33342	33365	1
CP142613.1	33365	33366	0
CP142613.1	33366	33423	1
CP142613.1	33423	33446	2
CP142613.1	33446	33452	1
CP142613.1	33452	33460	2
CP142613.1	33460	33474	3
CP142613.1	33474	33480	2
CP142613.1	33480	33506	1
CP142613.1	33506	33561	2
CP142613.1	33561	33567	1
CP142613.1	33567	33599	2
CP142613.1	33599	33667	1
CP142613.1	33667	33682	0
CP142613.1	33682	33700	1
CP142613.1	33700	33788	2
CP142613.1	33788	33838	1
CP142613.1	33838	33859	2
CP142613.1	33859	33966	1
CP142613.1	33966	34074	2
CP142613.1	34074	34102	3
CP142613.1	34102	34119	2
CP142613.1	34119	34141	3
CP142613.1	34141	34207	2
CP142613.1	34207	34210	1
CP142613.1	34210	34211	2
CP142613.1	34211	34251	1
CP142613.1	34251	34316	0
CP142613.1	34316	34377	1
CP142613.1	34377	34506	0
CP142613.1	34506	34580	1
CP142613.1	34580	34603	0
CP142613.1	34603	34649	1
CP142613.1	34649	34651	0
CP142613.1	34651	34681	1
CP142613.1	34681	34690	0
CP142613.1	34690	34725	1
CP142613.1	34725	34762	2
CP142613.1	34762	34776	1
CP142613.1	34776	34804	2
CP142613.1	34804	34831	1
CP142613.1	34831	34892	2
CP142613.1	34892	34956	1
CP142613.1	34956	35008	2
CP142613.1	35008	35019	3
CP142613.1	35019	35020	1
CP142613.1	35020	35061	3
CP142613.1	35061	35090	2
CP142613.1	35090	35296	1
CP142613.1	35296	35355	2
CP142613.1	35355	35361	1
CP142613.1	35361	35846	0
CP142613.1	35846	35875	1
CP142613.1	35875	35890	0
CP142613.1	35890	35930	1
CP142613.1	35930	35999	2
CP142613.1	35999	36001	1
CP142613.1	36001	36016	2
CP142613.1	36016	36055	3
CP142613.1	36055	36079	2
CP142613.1	36079	36097	1
CP142613.1	36097	36160	2
CP142613.1	36160	36209	1
CP142613.1	36209	36244	0
CP142613.1	36244	36285	1
CP142613.1	36285	36286	0
CP142613.1	36286	36304	1
CP142613.1	36304	36424	2
CP142613.1	36424	36437	3
CP142613.1	36437	36509	2
CP142613.1	36509	36586	1
CP142613.1	36586	36596	0
CP142613.1	36596	36614	1
CP142613.1	36614	36663	2
CP142613.1	36663	36664	0
CP142613.1	36664	36772	2
CP142613.1	36772	36820	3
CP142613.1	36820	36821	2
CP142613.1	36821	36838	3
CP142613.1	36838	36877	4
CP142613.1	36877	36878	1
CP142613.1	36878	36879	2
CP142613.1	36879	36889	4
CP142613.1	36889	36891	3
CP142613.1	36891	36900	4
CP142613.1	36900	36996	3
CP142613.1	36996	37003	2
CP142613.1	37003	37041	3
CP142613.1	37041	37042	1
CP142613.1	37042	37142	2
CP142613.1	37142	37149	3
CP142613.1	37149	37278	2
CP142613.1	37278	37320	1
CP142613.1	37320	37321	0
CP142613.1	37321	37375	1
CP142613.1	37375	37410	2
CP142613.1	37410	37438	3
CP142613.1	37438	37444	4
CP142613.1	37444	37476	3
CP142613.1	37476	37525	2
CP142613.1	37525	37530	1
CP142613.1	37530	37605	2
CP142613.1	37605	37607	1
CP142613.1	37607	37612	2
CP142613.1	37612	37613	1
CP142613.1	37613	37641	2
CP142613.1	37641	37645	1
CP142613.1	37645	37652	2
CP142613.1	37652	37666	1
CP142613.1	37666	37686	2
CP142613.1	37686	37687	1
CP142613.1	37687	37728	2
CP142613.1	37728	37774	1
CP142613.1	37774	37782	0
CP142613.1	37782	37808	1
CP142613.1	37808	37811	0
CP142613.1	37811	37851	1
CP142613.1	37851	37867	2
CP142613.1	37867	37868	1
CP142613.1	37868	37968	2
CP142613.1	37968	38096	1
CP142613.1	38096	38110	2
CP142613.1	38110	38214	1
CP142613.1	38214	38239	0
CP142613.1	38239	38263	1
CP142613.1	38263	38319	2
CP142613.1	38319	38335	1
CP142613.1	38335	38363	2
CP142613.1	38363	38394	3
CP142613.1	38394	38395	2
CP142613.1	38395	38406	3
CP142613.1	38406	38480	2
CP142613.1	38480	38481	1
CP142613.1	38481	38501	2
CP142613.1	38501	38596	1
CP142613.1	38596	38613	0
CP142613.1	38613	38634	1
CP142613.1	38634	38637	2
CP142613.1	38637	38649	3
CP142613.1	38649	38658	2
CP142613.1	38658	38668	3
CP142613.1	38668	38700	4
CP142613.1	38700	38781	3
CP142613.1	38781	38798	4
CP142613.1	38798	38799	3
CP142613.1	38799	38810	4
CP142613.1	38810	38811	2
CP142613.1	38811	38822	4
CP142613.1	38822	38851	3
CP142613.1	38851	38852	0
CP142613.1	38852	38910	3
CP142613.1	38910	38937	2
CP142613.1	38937	38940	1
CP142613.1	38940	39154	0
CP142613.1	39154	39183	1
CP142613.1	39183	39246	2
CP142613.1	39246	39274	1
CP142613.1	39274	39668	0
CP142613.1	39668	39690	1
CP142613.1	39690	39746	2
CP142613.1	39746	39768	3
CP142613.1	39768	39793	2
CP142613.1	39793	39812	1
CP142613.1	39812	39819	2
CP142613.1	39819	39963	1
CP142613.1	39963	40007	2
CP142613.1	40007	40017	3
CP142613.1	40017	40152	2
CP142613.1	40152	40154	3
CP142613.1	40154	40156	2
CP142613.1	40156	40206	3
CP142613.1	40206	40208	2
CP142613.1	40208	40213	1
CP142613.1	40213	40291	0
CP142613.1	40291	40498	1
CP142613.1	40498	40657	0
CP142613.1	40657	40683	1
CP142613.1	40683	40716	2
CP142613.1	40716	40717	1
CP142613.1	40717	40727	2
CP142613.1	40727	40729	1
CP142613.1	40729	40736	2
CP142613.1	40736	40771	3
CP142613.1	40771	40823	4
CP142613.1	40823	40824	2
CP142613.1	40824	40826	4
CP142613.1	40826	40835	5
CP142613.1	40835	40935	4
CP142613.1	40935	40951	3
CP142613.1	40951	41019	2
CP142613.1	41019	41169	1
CP142613.1	41169	41301	0
CP142613.1	41301	41306	1
CP142613.1	41306	41361	2
CP142613.1	41361	41497	1
CP142613.1	41497	41613	2
CP142613.1	41613	41632	3
CP142613.1	41632	41647	2
CP142613.1	41647	41778	3
CP142613.1	41778	41789	4
CP142613.1	41789	41809	3
CP142613.1	41809	41826	2
CP142613.1	41826	41830	1
CP142613.1	41830	41854	2
CP142613.1	41854	41906	1
CP142613.1	41906	42051	0
CP142613.1	42051	42149	1
CP142613.1	42149	42154	2
CP142613.1	42154	42183	1
CP142613.1	42183	42273	2
CP142613.1	42273	42274	1
CP142613.1	42274	42288	2
CP142613.1	42288	42290	1
CP142613.1	42290	42313	2
CP142613.1	42313	42383	1
CP142613.1	42383	42457	0
CP142613.1	42457	42517	1
CP142613.1	42517	42567	2
CP142613.1	42567	42568	0
CP142613.1	42568	42570	1
CP142613.1	42570	42610	2
CP142613.1	42610	42641	1
CP142613.1	42641	42666	2
CP142613.1	42666	42693	1
CP142613.1	42693	42713	2
CP142613.1	42713	42991	1
CP142613.1	42991	42992	0
CP142613.1	42992	43005	1
CP142613.1	43005	43426	0
CP142613.1	43426	43502	1
CP142613.1	43502	43503	0
CP142613.1	43503	43554	1
CP142613.1	43554	43572	0
CP142613.1	43572	43609	1
CP142613.1	43609	43625	0
CP142613.1	43625	43739	1
CP142613.1	43739	43843	2
CP142613.1	43843	43850	1
CP142613.1	43850	43851	0
CP142613.1	43851	43858	1
CP142613.1	43858	43868	0
CP142613.1	43868	43971	1
CP142613.1	43971	44488	0
CP142613.1	44488	44571	1
CP142613.1	44571	44581	0
CP142613.1	44581	44643	1
CP142613.1	44643	44824	0
CP142613.1	44824	44883	1
CP142613.1	44883	44888	0
CP142613.1	44888	45103	1
CP142613.1	45103	45182	0
CP142613.1	45182	45371	1
CP142613.1	45371	45420	0
CP142613.1	45420	45432	1
CP142613.1	45432	45529	2
CP142613.1	45529	45544	3
CP142613.1	45544	45568	2
CP142613.1	45568	45626	3
CP142613.1	45626	45632	2
CP142613.1	45632	45640	1
CP142613.1	45640	45810	0
CP142613.1	45810	45883	1
CP142613.1	45883	45897	2
CP142613.1	45897	45923	1
CP142613.1	45923	45960	2
CP142613.1	45960	45962	1
CP142613.1	45962	46068	2
CP142613.1	46068	46097	1
CP142613.1	46097	46180	2
CP142613.1	46180	46232	3
CP142613.1	46232	46249	2
CP142613.1	46249	46260	1
CP142613.1	46260	46278	2
CP142613.1	46278	46279	1
CP142613.1	46279	46294	2
CP142613.1	46294	46361	1
CP142613.1	46361	46364	0
CP142613.1	46364	46552	1
CP142613.1	46552	46589	0
CP142613.1	46589	46634	1
CP142613.1	46634	46689	2
CP142613.1	46689	46692	0
CP142613.1	46692	46806	1
CP142613.1	46806	46807	0
CP142613.1	46807	46808	1
CP142613.1	46808	46893	2
CP142613.1	46893	46894	1
CP142613.1	46894	46897	2
CP142613.1	46897	46946	1
CP142613.1	46946	47113	0
CP142613.1	47113	47198	1
CP142613.1	47198	47199	0
CP142613.1	47199	47234	1
CP142613.1	47234	47427	0
CP142613.1	47427	47650	1
CP142613.1	47650	47663	2
CP142613.1	47663	47731	1
CP142613.1	47731	47825	2
CP142613.1	47825	47913	1
CP142613.1	47913	47924	0
CP142613.1	47924	47992	1
CP142613.1	47992	48236	2
CP142613.1	48236	48239	1
CP142613.1	48239	48291	2
CP142613.1	48291	48501	1
CP142613.1	48501	48615	0
CP142613.1	48615	48802	1
CP142613.1	48802	48816	2
CP142613.1	48816	48860	1
CP142613.1	48860	48956	0
CP142613.1	48956	49014	1
CP142613.1	49014	49026	2
CP142613.1	49026	49050	3
CP142613.1	49050	49058	2
CP142613.1	49058	49150	3
CP142613.1	49150	49187	4
CP142613.1	49187	49209	3
CP142613.1	49209	49210	2
CP142613.1	49210	49220	3
CP142613.1	49220	49257	4
CP142613.1	49257	49274	3
CP142613.1	49274	49427	2
CP142613.1	49427	49444	1
CP142613.1	49444	49446	0
CP142613.1	49446	49505	1
CP142613.1	49505	49555	0
CP142613.1	49555	49764	1
CP142613.1	49764	49783	2
CP142613.1	49783	49805	3
CP142613.1	49805	49806	2
CP142613.1	49806	49809	3
CP142613.1	49809	49827	2
CP142613.1	49827	49833	3
CP142613.1	49833	49870	2
CP142613.1	49870	49882	1
CP142613.1	49882	49904	2
CP142613.1	49904	49922	3
CP142613.1	49922	49933	2
CP142613.1	49933	49956	3
CP142613.1	49956	49971	2
CP142613.1	49971	50019	1
CP142613.1	50019	50058	2
CP142613.1	50058	50111	1
CP142613.1	50111	50323	0
CP142613.1	50323	50375	1
CP142613.1	50375	50376	0
CP142613.1	50376	50390	1
CP142613.1	50390	50454	0
CP142613.1	50454	50487	1
CP142613.1	50487	50513	2
CP142613.1	50513	50514	1
CP142613.1	50514	50554	2
CP142613.1	50554	50649	1
CP142613.1	50649	50651	0
CP142613.1	50651	50672	1
CP142613.1	50672	50755	2
CP142613.1	50755	50855	1
CP142613.1	50855	50873	2
CP142613.1	50873	50878	1
CP142613.1	50878	50906	2
CP142613.1	50906	50917	1
CP142613.1	50917	50994	2
CP142613.1	50994	51038	1
CP142613.1	51038	51039	0
CP142613.1	51039	51142	1
CP142613.1	51142	51160	2
CP142613.1	51160	51309	1
CP142613.1	51309	51314	2
CP142613.1	51314	51333	1
CP142613.1	51333	51334	0
CP142613.1	51334	51379	1
CP142613.1	51379	51452	2
CP142613.1	51452	51453	0
CP142613.1	51453	51537	2
CP142613.1	51537	51562	1
CP142613.1	51562	51616	0
CP142613.1	51616	51643	1
CP142613.1	51643	51724	2
CP142613.1	51724	52008	1
CP142613.1	52008	52217	2
CP142613.1	52217	52219	1
CP142613.1	52219	52248	2
CP142613.1	52248	52264	1
CP142613.1	52264	52282	2
CP142613.1	52282	52318	3
CP142613.1	52318	52353	2
CP142613.1	52353	52377	1
CP142613.1	52377	52433	2
CP142613.1	52433	52587	1
CP142613.1	52587	52659	2
CP142613.1	52659	52854	1
CP142613.1	52854	52896	2
CP142613.1	52896	52897	1
CP142613.1	52897	52933	2
CP142613.1	52933	52976	1
CP142613.1	52976	52977	0
CP142613.1	52977	53074	1
CP142613.1	53074	53177	0
CP142613.1	53177	53291	1
CP142613.1	53291	53292	0
CP142613.1	53292	53331	1
CP142613.1	53331	53468	0
CP142613.1	53468	53494	1
CP142613.1	53494	53497	0
CP142613.1	53497	53532	1
CP142613.1	53532	53593	2
CP142613.1	53593	53618	1
CP142613.1	53618	53640	2
CP142613.1	53640	53698	3
CP142613.1	53698	53718	4
CP142613.1	53718	53719	2
CP142613.1	53719	53743	4
CP142613.1	53743	53758	3
CP142613.1	53758	53759	2
CP142613.1	53759	53834	3
CP142613.1	53834	53835	2
CP142613.1	53835	53882	3
CP142613.1	53882	53889	2
CP142613.1	53889	53890	1
CP142613.1	53890	53934	2
CP142613.1	53934	53944	1
CP142613.1	53944	54114	0
CP142613.1	54114	54315	1
CP142613.1	54315	54321	2
CP142613.1	54321	54459	1
CP142613.1	54459	54470	0
CP142613.1	54470	54487	1
CP142613.1	54487	54506	2
CP142613.1	54506	54507	1
CP142613.1	54507	54552	2
CP142613.1	54552	54714	1
CP142613.1	54714	54715	0
CP142613.1	54715	54724	1
CP142613.1	54724	54725	0
CP142613.1	54725	54733	1
CP142613.1	54733	54737	0
CP142613.1	54737	54800	2
CP142613.1	54800	54879	1
CP142613.1	54879	54943	2
CP142613.1	54943	54946	1
CP142613.1	54946	54993	2
CP142613.1	54993	55104	1
CP142613.1	55104	55105	0
CP142613.1	55105	55120	1
CP142613.1	55120	55255	2
CP142613.1	55255	55324	1
CP142613.1	55324	55376	0
CP142613.1	55376	55405	1
CP142613.1	55405	55441	2
CP142613.1	55441	55457	1
CP142613.1	55457	55493	2
CP142613.1	55493	55586	1
CP142613.1	55586	55587	0
CP142613.1	55587	55645	1
CP142613.1	55645	55681	0
CP142613.1	55681	55862	1
CP142613.1	55862	55883	0
CP142613.1	55883	55955	1
CP142613.1	55955	55984	2
CP142613.1	55984	56166	1
CP142613.1	56166	56655	0
CP142613.1	56655	56695	1
CP142613.1	56695	56696	0
CP142613.1	56696	56729	1
CP142613.1	56729	56773	2
CP142613.1	56773	56779	1
CP142613.1	56779	56791	2
CP142613.1	56791	56792	0
CP142613.1	56792	56865	2
CP142613.1	56865	56936	1
CP142613.1	56936	56942	0
CP142613.1	56942	56967	1
CP142613.1	56967	56968	0
CP142613.1	56968	57011	1
CP142613.1	57011	57015	2
CP142613.1	57015	57032	3
CP142613.1	57032	57155	2
CP142613.1	57155	57270	1
CP142613.1	57270	57314	0
CP142613.1	57314	57374	1
CP142613.1	57374	57650	0
CP142613.1	57650	57658	1
CP142613.1	57658	57722	2
CP142613.1	57722	57769	3
CP142613.1	57769	57801	2
CP142613.1	57801	57803	1
CP142613.1	57803	57830	2
CP142613.1	57830	57915	1
CP142613.1	57915	58014	2
CP142613.1	58014	58015	1
CP142613.1	58015	58076	2
CP142613.1	58076	58083	1
CP142613.1	58083	58084	0
CP142613.1	58084	58143	1
CP142613.1	58143	58188	0
CP142613.1	58188	58266	1
CP142613.1	58266	58532	0
CP142613.1	58532	58602	1
CP142613.1	58602	58808	0
CP142613.1	58808	58855	1
CP142613.1	58855	58856	0
CP142613.1	58856	58941	1
CP142613.1	58941	58978	0
CP142613.1	58978	59183	1
CP142613.1	59183	59186	0
CP142613.1	59186	59203	1
CP142613.1	59203	59204	0
CP142613.1	59204	59222	1
CP142613.1	59222	59234	2
CP142613.1	59234	59237	1
CP142613.1	59237	59265	2
CP142613.1	59265	59280	1
CP142613.1	59280	59307	0
CP142613.1	59307	59347	1
CP142613.1	59347	59348	0
CP142613.1	59348	59390	1
CP142613.1	59390	59431	2
CP142613.1	59431	59437	3
CP142613.1	59437	59452	4
CP142613.1	59452	59456	3
CP142613.1	59456	59459	2
CP142613.1	59459	59490	3
CP142613.1	59490	59491	2
CP142613.1	59491	59607	3
CP142613.1	59607	59609	2
CP142613.1	59609	59643	3
CP142613.1	59643	59693	2
CP142613.1	59693	59694	4
CP142613.1	59694	59719	3
CP142613.1	59719	59755	2
CP142613.1	59755	59756	1
CP142613.1	59756	59798	2
CP142613.1	59798	59886	1
CP142613.1	59886	60048	0
CP142613.1	60048	60223	1
CP142613.1	60223	60228	0
CP142613.1	60228	60262	1
CP142613.1	60262	60263	0
CP142613.1	60263	60284	1
CP142613.1	60284	60313	0
CP142613.1	60313	60323	1
CP142613.1	60323	60324	0
CP142613.1	60324	60424	1
CP142613.1	60424	60431	0
CP142613.1	60431	60446	1
CP142613.1	60446	60449	0
CP142613.1	60449	60497	1
CP142613.1	60497	60505	2
CP142613.1	60505	60577	1
CP142613.1	60577	60623	2
CP142613.1	60623	60629	1
CP142613.1	60629	60630	0
CP142613.1	60630	60634	1
CP142613.1	60634	60680	2
CP142613.1	60680	60693	1
CP142613.1	60693	60980	0
CP142613.1	60980	61062	1
CP142613.1	61062	61067	0
CP142613.1	61067	61141	1
CP142613.1	61141	61161	2
CP142613.1	61161	61163	1
CP142613.1	61163	61175	2
CP142613.1	61175	61316	1
CP142613.1	61316	61603	0
CP142613.1	61603	61814	1
CP142613.1	61814	61875	2
CP142613.1	61875	61996	1
CP142613.1	61996	61997	0
CP142613.1	61997	62029	1
CP142613.1	62029	62035	0
CP142613.1	62035	62086	1
CP142613.1	62086	62130	0
CP142613.1	62130	62184	1
CP142613.1	62184	62199	2
CP142613.1	62199	62200	1
CP142613.1	62200	62276	2
CP142613.1	62276	62277	0
CP142613.1	62277	62302	2
CP142613.1	62302	62404	1
CP142613.1	62404	62477	0
CP142613.1	62477	62534	1
CP142613.1	62534	62539	0
CP142613.1	62539	62647	1
CP142613.1	62647	62683	0
CP142613.1	62683	62735	1
CP142613.1	62735	62867	2
CP142613.1	62867	62984	1
CP142613.1	62984	63084	0
CP142613.1	63084	63152	1
CP142613.1	63152	63161	0
CP142613.1	63161	63204	1
CP142613.1	63204	63215	0
CP142613.1	63215	63246	1
CP142613.1	63246	63353	0
CP142613.1	63353	63427	1
CP142613.1	63427	63622	0
CP142613.1	63622	63855	1
CP142613.1	63855	63858	2
CP142613.1	63858	63874	1
CP142613.1	63874	63877	0
CP142613.1	63877	63902	1
CP142613.1	63902	63920	2
CP142613.1	63920	63972	1
CP142613.1	63972	64018	2
CP142613.1	64018	64019	1
CP142613.1	64019	64042	2
CP142613.1	64042	64087	3
CP142613.1	64087	64088	0
CP142613.1	64088	64107	3
CP142613.1	64107	64108	0
CP142613.1	64108	64154	3
CP142613.1	64154	64168	2
CP142613.1	64168	64237	1
CP142613.1	64237	64505	0
CP142613.1	64505	64564	1
CP142613.1	64564	64641	0
CP142613.1	64641	64818	1
CP142613.1	64818	64860	0
CP142613.1	64860	64931	1
CP142613.1	64931	65075	2
CP142613.1	65075	65078	1
CP142613.1	65078	65101	2
CP142613.1	65101	65125	3
CP142613.1	65125	65144	2
CP142613.1	65144	65205	3
CP142613.1	65205	65233	2
CP142613.1	65233	65258	3
CP142613.1	65258	65287	2
CP142613.1	65287	65309	1
CP142613.1	65309	65391	2
CP142613.1	65391	65437	1
CP142613.1	65437	65566	2
CP142613.1	65566	65668	1
CP142613.1	65668	65685	2
CP142613.1	65685	65686	0
CP142613.1	65686	65786	2
CP142613.1	65786	65802	3
CP142613.1	65802	65877	2
CP142613.1	65877	65962	1
CP142613.1	65962	65969	2
CP142613.1	65969	66033	3
CP142613.1	66033	66034	2
CP142613.1	66034	66061	3
CP142613.1	66061	66063	2
CP142613.1	66063	66099	3
CP142613.1	66099	66118	2
CP142613.1	66118	66122	1
CP142613.1	66122	66149	0
CP142613.1	66149	66213	1
CP142613.1	66213	66225	0
CP142613.1	66225	66320	1
CP142613.1	66320	66566	0
CP142613.1	66566	66756	1
CP142613.1	66756	66883	0
CP142613.1	66883	66966	1
CP142613.1	66966	67175	0
CP142613.1	67175	67251	1
CP142613.1	67251	67252	0
CP142613.1	67252	67345	1
CP142613.1	67345	67439	0
CP142613.1	67439	67518	1
CP142613.1	67518	67520	0
CP142613.1	67520	67550	1
CP142613.1	67550	67565	0
CP142613.1	67565	67608	1
CP142613.1	67608	67625	2
CP142613.1	67625	67628	1
CP142613.1	67628	67668	2
CP142613.1	67668	67688	3
CP142613.1	67688	67726	2
CP142613.1	67726	67779	1
CP142613.1	67779	67864	0
CP142613.1	67864	67914	1
CP142613.1	67914	67923	0
CP142613.1	67923	68106	1
CP142613.1	68106	68175	0
CP142613.1	68175	68227	1
CP142613.1	68227	68231	0
CP142613.1	68231	68247	1
CP142613.1	68247	68352	0
CP142613.1	68352	68371	1
CP142613.1	68371	68405	2
CP142613.1	68405	68540	1
CP142613.1	68540	68552	0
CP142613.1	68552	68738	1
CP142613.1	68738	68743	2
CP142613.1	68743	68826	3
CP142613.1	68826	68865	2
CP142613.1	68865	68921	1
CP142613.1	68921	68984	2
CP142613.1	68984	69045	3
CP142613.1	69045	69060	2
CP142613.1	69060	69095	3
CP142613.1	69095	69132	2
CP142613.1	69132	69160	3
CP142613.1	69160	69201	2
CP142613.1	69201	69222	1
CP142613.1	69222	69718	0
CP142613.1	69718	69780	1
CP142613.1	69780	69884	0
CP142613.1	69884	69940	1
CP142613.1	69940	70022	0
CP142613.1	70022	70099	1
CP142613.1	70099	70100	0
CP142613.1	70100	70162	1
CP142613.1	70162	70165	0
CP142613.1	70165	70308	1
CP142613.1	70308	70330	2
CP142613.1	70330	70346	3
CP142613.1	70346	70381	2
CP142613.1	70381	70388	1
CP142613.1	70388	70403	2
CP142613.1	70403	70525	1
CP142613.1	70525	70669	0
CP142613.1	70669	70787	1
CP142613.1	70787	70802	0
CP142613.1	70802	70941	1
CP142613.1	70941	70964	0
CP142613.1	70964	70984	1
CP142613.1	70984	70987	2
CP142613.1	70987	70989	1
CP142613.1	70989	71020	2
CP142613.1	71020	71042	1
CP142613.1	71042	71043	0
CP142613.1	71043	71096	1
CP142613.1	71096	71175	2
CP142613.1	71175	71226	1
CP142613.1	71226	71246	2
CP142613.1	71246	71255	3
CP142613.1	71255	71258	2
CP142613.1	71258	71270	3
CP142613.1	71270	71272	2
CP142613.1	71272	71343	3
CP142613.1	71343	71345	2
CP142613.1	71345	71376	3
CP142613.1	71376	71403	2
CP142613.1	71403	71465	1
CP142613.1	71465	71467	0
CP142613.1	71467	71529	1
CP142613.1	71529	71530	0
CP142613.1	71530	71542	1
CP142613.1	71542	71568	2
CP142613.1	71568	71699	1
CP142613.1	71699	71763	2
CP142613.1	71763	71765	3
CP142613.1	71765	71768	2
CP142613.1	71768	71832	3
CP142613.1	71832	71890	2
CP142613.1	71890	71893	1
CP142613.1	71893	71995	2
CP142613.1	71995	72014	3
CP142613.1	72014	72022	4
CP142613.1	72022	72069	5
CP142613.1	72069	72088	4
CP142613.1	72088	72089	2
CP142613.1	72089	72114	5
CP142613.1	72114	72121	4
CP142613.1	72121	72122	3
CP142613.1	72122	72125	4
CP142613.1	72125	72129	3
CP142613.1	72129	72130	2
CP142613.1	72130	72135	3
CP142613.1	72135	72149	2
CP142613.1	72149	72314	0
CP142613.1	72314	72329	1
CP142613.1	72329	72331	0
CP142613.1	72331	72332	1
CP142613.1	72332	72476	2
CP142613.1	72476	72571	1
CP142613.1	72571	72588	0
CP142613.1	72588	72589	1
CP142613.1	72589	72590	2
CP142613.1	72590	72607	3
CP142613.1	72607	72610	2
CP142613.1	72610	72662	3
CP142613.1	72662	72694	2
CP142613.1	72694	72696	1
CP142613.1	72696	72729	2
CP142613.1	72729	72889	1
CP142613.1	72889	72904	2
CP142613.1	72904	72958	1
CP142613.1	72958	72975	0
CP142613.1	72975	73038	1
CP142613.1	73038	73043	0
CP142613.1	73043	73045	2
CP142613.1	73045	73087	4
CP142613.1	73087	73090	3
CP142613.1	73090	73092	2
CP142613.1	73092	73103	3
CP142613.1	73103	73127	4
CP142613.1	73127	73173	5
CP142613.1	73173	73224	4
CP142613.1	73224	73254	3
CP142613.1	73254	73259	4
CP142613.1	73259	73285	3
CP142613.1	73285	73377	2
CP142613.1	73377	73384	3
CP142613.1	73384	73403	2
CP142613.1	73403	73442	3
CP142613.1	73442	73467	2
CP142613.1	73467	73598	1
CP142613.1	73598	73599	0
CP142613.1	73599	73614	1
CP142613.1	73614	73797	0
CP142613.1	73797	73992	1
CP142613.1	73992	74011	0
CP142613.1	74011	74015	1
CP142613.1	74015	74066	2
CP142613.1	74066	74073	3
CP142613.1	74073	74100	4
CP142613.1	74100	74118	3
CP142613.1	74118	74123	2
CP142613.1	74123	74162	1
CP142613.1	74162	74254	0
CP142613.1	74254	74256	2
CP142613.1	74256	74290	3
CP142613.1	74290	74310	4
CP142613.1	74310	74401	2
CP142613.1	74401	74402	0
CP142613.1	74402	74432	2
CP142613.1	74432	74433	0
CP142613.1	74433	74446	1
CP142613.1	74446	74642	2
CP142613.1	74642	74643	1
CP142613.1	74643	74672	2
CP142613.1	74672	74673	1
CP142613.1	74673	74710	2
CP142613.1	74710	74791	1
CP142613.1	74791	74841	2
CP142613.1	74841	74843	1
CP142613.1	74843	74853	2
CP142613.1	74853	74860	1
CP142613.1	74860	74890	2
CP142613.1	74890	74903	3
CP142613.1	74903	74907	2
CP142613.1	74907	74980	3
CP142613.1	74980	74983	2
CP142613.1	74983	74989	1
CP142613.1	74989	74990	2
CP142613.1	74990	74991	3
CP142613.1	74991	74998	2
CP142613.1	74998	75011	3
CP142613.1	75011	75180	2
CP142613.1	75180	75181	3
CP142613.1	75181	75195	2
CP142613.1	75195	75208	3
CP142613.1	75208	75225	4
CP142613.1	75225	75257	3
CP142613.1	75257	75273	2
CP142613.1	75273	75363	1
CP142613.1	75363	75365	0
CP142613.1	75365	75411	1
CP142613.1	75411	75435	2
CP142613.1	75435	75506	1
CP142613.1	75506	75525	2
CP142613.1	75525	75673	1
CP142613.1	75673	75769	0
CP142613.1	75769	75818	1
CP142613.1	75818	75832	0
CP142613.1	75832	75862	1
CP142613.1	75862	75880	2
CP142613.1	75880	75899	3
CP142613.1	75899	75902	4
CP142613.1	75902	75924	5
CP142613.1	75924	75925	4
CP142613.1	75925	75941	5
CP142613.1	75941	75963	3
CP142613.1	75963	76013	4
CP142613.1	76013	76045	3
CP142613.1	76045	76092	2
CP142613.1	76092	76093	1
CP142613.1	76093	76094	0
CP142613.1	76094	76117	1
CP142613.1	76117	76185	0
CP142613.1	76185	76312	1
CP142613.1	76312	76455	0
CP142613.1	76455	76515	1
CP142613.1	76515	76516	0
CP142613.1	76516	76523	1
CP142613.1	76523	76576	2
CP142613.1	76576	76579	0
CP142613.1	76579	76580	2
CP142613.1	76580	76593	3
CP142613.1	76593	76597	2
CP142613.1	76597	76630	3
CP142613.1	76630	76632	2
CP142613.1	76632	76657	3
CP142613.1	76657	76669	2
CP142613.1	76669	76670	1
CP142613.1	76670	76677	2
CP142613.1	76677	76678	1
CP142613.1	76678	76715	2
CP142613.1	76715	76716	0
CP142613.1	76716	76763	2
CP142613.1	76763	76844	1
CP142613.1	76844	77257	0
CP142613.1	77257	77306	1
CP142613.1	77306	77313	0
CP142613.1	77313	77394	1
CP142613.1	77394	77465	2
CP142613.1	77465	77471	3
CP142613.1	77471	77571	2
CP142613.1	77571	77594	3
CP142613.1	77594	77625	2
CP142613.1	77625	77685	3
CP142613.1	77685	77688	4
CP142613.1	77688	77701	3
CP142613.1	77701	77720	2
CP142613.1	77720	77722	3
CP142613.1	77722	77809	2
CP142613.1	77809	77880	1
CP142613.1	77880	77926	0
CP142613.1	77926	78174	1
CP142613.1	78174	78285	0
CP142613.1	78285	78322	1
CP142613.1	78322	78363	2
CP142613.1	78363	78385	3
CP142613.1	78385	78386	1
CP142613.1	78386	78388	2
CP142613.1	78388	78392	3
CP142613.1	78392	78395	2
CP142613.1	78395	78400	3
CP142613.1	78400	78403	2
CP142613.1	78403	78420	3
CP142613.1	78420	78451	4
CP142613.1	78451	78472	3
CP142613.1	78472	78473	0
CP142613.1	78473	78489	3
CP142613.1	78489	78497	4
CP142613.1	78497	78498	1
CP142613.1	78498	78499	2
CP142613.1	78499	78538	4
CP142613.1	78538	78539	3
CP142613.1	78539	78546	4
CP142613.1	78546	78566	3
CP142613.1	78566	78637	2
CP142613.1	78637	78703	1
CP142613.1	78703	79013	0
CP142613.1	79013	79045	1
CP142613.1	79045	79060	2
CP142613.1	79060	79061	1
CP142613.1	79061	79073	2
CP142613.1	79073	79095	1
CP142613.1	79095	79179	0
CP142613.1	79179	79323	1
CP142613.1	79323	79596	0
CP142613.1	79596	79597	1
CP142613.1	79597	79620	2
CP142613.1	79620	79696	3
CP142613.1	79696	79736	4
CP142613.1	79736	79788	2
CP142613.1	79788	79812	1
CP142613.1	79812	79948	2
CP142613.1	79948	79958	1
CP142613.1	79958	80018	2
CP142613.1	80018	80117	0
CP142613.1	80117	80191	1
CP142613.1	80191	80218	2
CP142613.1	80218	80293	1
CP142613.1	80293	80348	2
CP142613.1	80348	80352	1
CP142613.1	80352	80397	2
CP142613.1	80397	80398	1
CP142613.1	80398	80462	2
CP142613.1	80462	80586	1
CP142613.1	80586	80642	0
CP142613.1	80642	80742	1
CP142613.1	80742	80816	0
CP142613.1	80816	80878	1
CP142613.1	80878	80929	0
CP142613.1	80929	80995	1
CP142613.1	80995	81071	0
CP142613.1	81071	81093	1
CP142613.1	81093	81150	2
CP142613.1	81150	81214	1
CP142613.1	81214	81289	2
CP142613.1	81289	81290	1
CP142613.1	81290	81331	2
CP142613.1	81331	81349	3
CP142613.1	81349	81351	2
CP142613.1	81351	81394	3
CP142613.1	81394	81411	4
CP142613.1	81411	81417	3
CP142613.1	81417	81428	2
CP142613.1	81428	81455	3
CP142613.1	81455	81490	4
CP142613.1	81490	81493	3
CP142613.1	81493	81496	4
CP142613.1	81496	81499	3
CP142613.1	81499	81543	4
CP142613.1	81543	81584	3
CP142613.1	81584	81613	2
CP142613.1	81613	81620	3
CP142613.1	81620	81634	2
CP142613.1	81634	81744	1
CP142613.1	81744	81843	0
CP142613.1	81843	81916	1
CP142613.1	81916	81977	2
CP142613.1	81977	81980	1
CP142613.1	81980	82013	2
CP142613.1	82013	82049	1
CP142613.1	82049	82140	2
CP142613.1	82140	82162	3
CP142613.1	82162	82236	2
CP142613.1	82236	82267	1
CP142613.1	82267	82277	0
CP142613.1	82277	82360	1
CP142613.1	82360	82406	2
CP142613.1	82406	82407	1
CP142613.1	82407	82426	2
CP142613.1	82426	82434	1
CP142613.1	82434	82665	0
CP142613.1	82665	82762	1
CP142613.1	82762	82781	2
CP142613.1	82781	82814	3
CP142613.1	82814	82838	4
CP142613.1	82838	82876	5
CP142613.1	82876	82881	4
CP142613.1	82881	82884	5
CP142613.1	82884	82905	4
CP142613.1	82905	82914	5
CP142613.1	82914	82936	6
CP142613.1	82936	82939	4
CP142613.1	82939	82966	5
CP142613.1	82966	82982	4
CP142613.1	82982	82995	3
CP142613.1	82995	83028	4
CP142613.1	83028	83043	3
CP142613.1	83043	83053	2
CP142613.1	83053	83074	1
CP142613.1	83074	83119	0
CP142613.1	83119	83178	2
CP142613.1	83178	83234	3
CP142613.1	83234	83284	2
CP142613.1	83284	83285	1
CP142613.1	83285	83298	2
CP142613.1	83298	83352	1
CP142613.1	83352	83462	0
CP142613.1	83462	83625	1
CP142613.1	83625	83666	0
CP142613.1	83666	83693	1
CP142613.1	83693	83694	0
CP142613.1	83694	83724	1
CP142613.1	83724	83778	2
CP142613.1	83778	83791	1
CP142613.1	83791	83794	0
CP142613.1	83794	83819	1
CP142613.1	83819	83828	2
CP142613.1	83828	83829	1
CP142613.1	83829	83860	2
CP142613.1	83860	83861	1
CP142613.1	83861	83903	2
CP142613.1	83903	83906	1
CP142613.1	83906	83908	2
CP142613.1	83908	83944	1
CP142613.1	83944	83967	0
CP142613.1	83967	84000	1
CP142613.1	84000	84105	2
CP142613.1	84105	84115	1
CP142613.1	84115	84116	0
CP142613.1	84116	84131	1
CP142613.1	84131	84197	2
CP142613.1	84197	84243	1
CP142613.1	84243	84316	0
CP142613.1	84316	84388	1
CP142613.1	84388	84390	0
CP142613.1	84390	84494	1
CP142613.1	84494	84517	2
CP142613.1	84517	84654	1
CP142613.1	84654	84664	0
CP142613.1	84664	84740	1
CP142613.1	84740	84790	0
CP142613.1	84790	84832	1
CP142613.1	84832	84833	0
CP142613.1	84833	84866	1
CP142613.1	84866	84867	0
CP142613.1	84867	84992	1
CP142613.1	84992	85072	0
CP142613.1	85072	85181	1
CP142613.1	85181	85321	0
CP142613.1	85321	85330	1
CP142613.1	85330	85339	2
CP142613.1	85339	85394	3
CP142613.1	85394	85396	2
CP142613.1	85396	85402	3
CP142613.1	85402	85403	2
CP142613.1	85403	85461	4
CP142613.1	85461	85485	3
CP142613.1	85485	85496	2
CP142613.1	85496	85585	1
CP142613.1	85585	85588	0
CP142613.1	85588	85630	1
CP142613.1	85630	85631	0
CP142613.1	85631	85657	1
CP142613.1	85657	85770	0
CP142613.1	85770	85806	1
CP142613.1	85806	85819	2
CP142613.1	85819	85874	3
CP142613.1	85874	85899	2
CP142613.1	85899	85907	3
CP142613.1	85907	85948	2
CP142613.1	85948	85949	1
CP142613.1	85949	85968	2
CP142613.1	85968	86028	1
CP142613.1	86028	86203	0
CP142613.1	86203	86222	1
CP142613.1	86222	86246	2
CP142613.1	86246	86299	3
CP142613.1	86299	86332	2
CP142613.1	86332	86537	1
CP142613.1	86537	87192	0
CP142613.1	87192	87324	1
CP142613.1	87324	87329	0
CP142613.1	87329	87400	1
CP142613.1	87400	87643	0
CP142613.1	87643	87862	1
CP142613.1	87862	88095	0
CP142613.1	88095	88182	1
CP142613.1	88182	88183	0
CP142613.1	88183	88247	1
CP142613.1	88247	88249	0
CP142613.1	88249	88408	1
CP142613.1	88408	88412	0
CP142613.1	88412	88437	1
CP142613.1	88437	88480	2
CP142613.1	88480	88481	1
CP142613.1	88481	88487	2
CP142613.1	88487	88533	3
CP142613.1	88533	88601	2
CP142613.1	88601	88618	3
CP142613.1	88618	88635	2
CP142613.1	88635	88661	3
CP142613.1	88661	88709	2
CP142613.1	88709	88710	1
CP142613.1	88710	88719	2
CP142613.1	88719	88755	3
CP142613.1	88755	88776	2
CP142613.1	88776	88777	1
CP142613.1	88777	88807	2
CP142613.1	88807	88906	1
CP142613.1	88906	89013	0
CP142613.1	89013	89078	1
CP142613.1	89078	89079	0
CP142613.1	89079	89112	1
CP142613.1	89112	89131	2
CP142613.1	89131	89149	3
CP142613.1	89149	89198	2
CP142613.1	89198	89233	1
CP142613.1	89233	89234	0
CP142613.1	89234	89287	1
CP142613.1	89287	89288	0
CP142613.1	89288	89422	1
CP142613.1	89422	89431	2
CP142613.1	89431	89432	1
CP142613.1	89432	89465	2
CP142613.1	89465	89466	1
CP142613.1	89466	89500	2
CP142613.1	89500	89513	3
CP142613.1	89513	89613	2
CP142613.1	89613	89621	3
CP142613.1	89621	89628	4
CP142613.1	89628	89657	3
CP142613.1	89657	89745	2
CP142613.1	89745	89746	1
CP142613.1	89746	89801	2
CP142613.1	89801	89822	1
CP142613.1	89822	89839	2
CP142613.1	89839	90027	1
CP142613.1	90027	90046	0
CP142613.1	90046	90100	1
CP142613.1	90100	90115	2
CP142613.1	90115	90129	1
CP142613.1	90129	90152	2
CP142613.1	90152	90153	1
CP142613.1	90153	90166	2
CP142613.1	90166	90252	1
CP142613.1	90252	90323	2
CP142613.1	90323	90344	1
CP142613.1	90344	90511	0
CP142613.1	90511	90536	1
CP142613.1	90536	90708	2
CP142613.1	90708	90875	1
CP142613.1	90875	90905	0
CP142613.1	90905	90998	1
CP142613.1	90998	91009	2
CP142613.1	91009	91012	1
CP142613.1	91012	91013	0
CP142613.1	91013	91081	1
CP142613.1	91081	91087	0
CP142613.1	91087	91179	1
CP142613.1	91179	91180	0
CP142613.1	91180	91284	1
CP142613.1	91284	91350	0
CP142613.1	91350	91407	1
CP142613.1	91407	91420	2
CP142613.1	91420	91423	1
CP142613.1	91423	91516	2
CP142613.1	91516	91522	1
CP142613.1	91522	91536	0
CP142613.1	91536	91625	1
CP142613.1	91625	91745	0
CP142613.1	91745	91840	1
CP142613.1	91840	91881	0
CP142613.1	91881	91924	1
CP142613.1	91924	91927	0
CP142613.1	91927	91941	1
CP142613.1	91941	91950	2
CP142613.1	91950	91995	3
CP142613.1	91995	92022	2
CP142613.1	92022	92025	1
CP142613.1	92025	92033	2
CP142613.1	92033	92056	3
CP142613.1	92056	92057	2
CP142613.1	92057	92123	3
CP142613.1	92123	92124	2
CP142613.1	92124	92153	3
CP142613.1	92153	92209	2
CP142613.1	92209	92233	3
CP142613.1	92233	92234	2
CP142613.1	92234	92256	3
CP142613.1	92256	92301	2
CP142613.1	92301	92320	1
CP142613.1	92320	92422	2
CP142613.1	92422	92445	1
CP142613.1	92445	92550	2
CP142613.1	92550	92554	1
CP142613.1	92554	92565	3
CP142613.1	92565	92601	2
CP142613.1	92601	92609	1
CP142613.1	92609	93114	0
CP142613.1	93114	93210	1
CP142613.1	93210	93211	0
CP142613.1	93211	93330	1
CP142613.1	93330	93331	0
CP142613.1	93331	93479	1
CP142613.1	93479	93483	0
CP142613.1	93483	93488	1
CP142613.1	93488	93496	0
CP142613.1	93496	93575	1
CP142613.1	93575	93629	2
CP142613.1	93629	93682	3
CP142613.1	93682	93699	2
CP142613.1	93699	93701	0
CP142613.1	93701	93702	1
CP142613.1	93702	93713	2
CP142613.1	93713	93755	3
CP142613.1	93755	93756	1
CP142613.1	93756	93780	3
CP142613.1	93780	93786	4
CP142613.1	93786	93846	5
CP142613.1	93846	93854	4
CP142613.1	93854	93877	3
CP142613.1	93877	93887	4
CP142613.1	93887	93888	2
CP142613.1	93888	93898	3
CP142613.1	93898	93906	2
CP142613.1	93906	93909	1
CP142613.1	93909	93924	2
CP142613.1	93924	93939	1
CP142613.1	93939	94044	2
CP142613.1	94044	94051	3
CP142613.1	94051	94053	4
CP142613.1	94053	94055	3
CP142613.1	94055	94102	4
CP142613.1	94102	94154	3
CP142613.1	94154	94163	2
CP142613.1	94163	94191	1
CP142613.1	94191	94204	2
CP142613.1	94204	94205	1
CP142613.1	94205	94222	2
CP142613.1	94222	94245	3
CP142613.1	94245	94246	2
CP142613.1	94246	94308	3
CP142613.1	94308	94309	2
CP142613.1	94309	94310	1
CP142613.1	94310	94362	2
CP142613.1	94362	94389	1
CP142613.1	94389	94450	2
CP142613.1	94450	94452	1
CP142613.1	94452	94492	2
CP142613.1	94492	94503	1
CP142613.1	94503	94541	2
CP142613.1	94541	94557	3
CP142613.1	94557	94560	2
CP142613.1	94560	94569	3
CP142613.1	94569	94574	2
CP142613.1	94574	94782	1
CP142613.1	94782	94796	0
CP142613.1	94796	94829	1
CP142613.1	94829	94834	2
CP142613.1	94834	94835	1
CP142613.1	94835	94870	2
CP142613.1	94870	94922	1
CP142613.1	94922	94923	0
CP142613.1	94923	95018	1
CP142613.1	95018	95103	0
CP142613.1	95103	95202	1
CP142613.1	95202	95214	2
CP142613.1	95214	95241	1
CP142613.1	95241	95247	2
CP142613.1	95247	95277	1
CP142613.1	95277	95279	0
CP142613.1	95279	95366	1
CP142613.1	95366	95367	2
CP142613.1	95367	95426	1
CP142613.1	95426	95427	0
CP142613.1	95427	95429	1
CP142613.1	95429	95453	2
CP142613.1	95453	95630	1
CP142613.1	95630	95999	0
CP142613.1	95999	96047	1
CP142613.1	96047	96087	2
CP142613.1	96087	96148	3
CP142613.1	96148	96188	2
CP142613.1	96188	96222	1
CP142613.1	96222	96252	0
CP142613.1	96252	96465	1
CP142613.1	96465	96499	0
CP142613.1	96499	96654	1
CP142613.1	96654	96669	0
CP142613.1	96669	96773	1
CP142613.1	96773	96790	2
CP142613.1	96790	96809	3
CP142613.1	96809	96815	2
CP142613.1	96815	96828	3
CP142613.1	96828	96839	4
CP142613.1	96839	96842	3
CP142613.1	96842	96847	2
CP142613.1	96847	96849	3
CP142613.1	96849	96856	2
CP142613.1	96856	96885	5
CP142613.1	96885	96886	3
CP142613.1	96886	96887	4
CP142613.1	96887	96891	5
CP142613.1	96891	96940	4
CP142613.1	96940	96957	3
CP142613.1	96957	96971	2
CP142613.1	96971	96999	1
CP142613.1	96999	97006	0
CP142613.1	97006	97072	1
CP142613.1	97072	97210	2
CP142613.1	97210	97376	1
CP142613.1	97376	97794	0
CP142613.1	97794	97811	1
CP142613.1	97811	97915	2
CP142613.1	97915	97916	1
CP142613.1	97916	97967	2
CP142613.1	97967	97968	1
CP142613.1	97968	97988	2
CP142613.1	97988	97993	3
CP142613.1	97993	98056	4
CP142613.1	98056	98057	2
CP142613.1	98057	98151	1
CP142613.1	98151	98224	0
CP142613.1	98224	98300	1
CP142613.1	98300	98340	0
CP142613.1	98340	98346	1
CP142613.1	98346	98391	2
CP142613.1	98391	98434	1
CP142613.1	98434	98439	2
CP142613.1	98439	98542	1
CP142613.1	98542	98549	0
CP142613.1	98549	98578	1
CP142613.1	98578	98605	0
CP142613.1	98605	98678	1
CP142613.1	98678	98792	0
CP142613.1	98792	98823	1
CP142613.1	98823	98850	2
CP142613.1	98850	98879	3
CP142613.1	98879	98887	4
CP142613.1	98887	98888	3
CP142613.1	98888	98889	4
CP142613.1	98889	98928	3
CP142613.1	98928	98929	2
CP142613.1	98929	98934	3
CP142613.1	98934	98935	2
CP142613.1	98935	98941	3
CP142613.1	98941	99006	2
CP142613.1	99006	99009	1
CP142613.1	99009	99064	2
CP142613.1	99064	99065	1
CP142613.1	99065	99071	2
CP142613.1	99071	99073	1
CP142613.1	99073	99080	2
CP142613.1	99080	99081	3
CP142613.1	99081	99084	2
CP142613.1	99084	99113	3
CP142613.1	99113	99122	2
CP142613.1	99122	99129	3
CP142613.1	99129	99130	2
CP142613.1	99130	99146	3
CP142613.1	99146	99147	2
CP142613.1	99147	99153	3
CP142613.1	99153	99172	4
CP142613.1	99172	99197	2
CP142613.1	99197	99310	1
CP142613.1	99310	99320	0
CP142613.1	99320	99351	1
CP142613.1	99351	99374	2
CP142613.1	99374	99378	1
CP142613.1	99378	99405	2
CP142613.1	99405	99534	1
CP142613.1	99534	99538	2
CP142613.1	99538	99548	3
CP142613.1	99548	99549	2
CP142613.1	99549	99563	3
CP142613.1	99563	99610	4
CP142613.1	99610	99679	3
CP142613.1	99679	99716	2
CP142613.1	99716	99718	1
CP142613.1	99718	99723	0
CP142613.1	99723	99770	1
CP142613.1	99770	99793	2
CP142613.1	99793	99902	1
CP142613.1	99902	99950	0
CP142613.1	99950	100003	1
CP142613.1	100003	100085	2
CP142613.1	100085	100092	3
CP142613.1	100092	100132	2
CP142613.1	100132	100143	3
CP142613.1	100143	100145	2
CP142613.1	100145	100188	3
CP142613.1	100188	100189	2
CP142613.1	100189	100203	3
CP142613.1	100203	100205	2
CP142613.1	100205	100211	1
CP142613.1	100211	100223	2
CP142613.1	100223	100257	3
CP142613.1	100257	100258	2
CP142613.1	100258	100289	4
CP142613.1	100289	100290	3
CP142613.1	100290	100295	4
CP142613.1	100295	100301	5
CP142613.1	100301	100302	3
CP142613.1	100302	100362	5
CP142613.1	100362	100397	4
CP142613.1	100397	100439	3
CP142613.1	100439	100446	2
CP142613.1	100446	100493	1
CP142613.1	100493	100561	2
CP142613.1	100561	100605	1
CP142613.1	100605	100644	2
CP142613.1	100644	100645	1
CP142613.1	100645	100708	2
CP142613.1	100708	100734	1
CP142613.1	100734	100760	2
CP142613.1	100760	100936	1
CP142613.1	100936	101044	0
CP142613.1	101044	101154	1
CP142613.1	101154	101156	0
CP142613.1	101156	101203	1
CP142613.1	101203	101340	2
CP142613.1	101340	101342	1
CP142613.1	101342	101639	0
CP142613.1	101639	101668	1
CP142613.1	101668	101711	2
CP142613.1	101711	101713	1
CP142613.1	101713	101742	0
CP142613.1	101742	101801	1
CP142613.1	101801	101950	0
CP142613.1	101950	101962	1
CP142613.1	101962	101984	2
CP142613.1	101984	102068	3
CP142613.1	102068	102147	2
CP142613.1	102147	102176	1
CP142613.1	102176	102198	2
CP142613.1	102198	102203	1
CP142613.1	102203	102206	0
CP142613.1	102206	102214	1
CP142613.1	102214	102215	0
CP142613.1	102215	102290	1
CP142613.1	102290	102317	2
CP142613.1	102317	102319	1
CP142613.1	102319	102360	2
CP142613.1	102360	102402	1
CP142613.1	102402	102430	0
CP142613.1	102430	102510	1
CP142613.1	102510	102558	0
CP142613.1	102558	102638	1
CP142613.1	102638	102682	0
CP142613.1	102682	102703	1
CP142613.1	102703	102772	2
CP142613.1	102772	102773	1
CP142613.1	102773	102824	2
CP142613.1	102824	102881	1
CP142613.1	102881	102927	2
CP142613.1	102927	102940	1
CP142613.1	102940	102997	0
CP142613.1	102997	103044	1
CP142613.1	103044	103045	0
CP142613.1	103045	103089	1
CP142613.1	103089	103178	2
CP142613.1	103178	103180	0
CP142613.1	103180	103185	2
CP142613.1	103185	103187	1
CP142613.1	103187	103264	2
CP142613.1	103264	103271	1
CP142613.1	103271	103309	0
CP142613.1	103309	103408	1
CP142613.1	103408	103425	0
CP142613.1	103425	103474	1
CP142613.1	103474	103690	0
CP142613.1	103690	103850	1
CP142613.1	103850	103851	0
CP142613.1	103851	103854	1
CP142613.1	103854	104295	0
CP142613.1	104295	104321	1
CP142613.1	104321	104333	0
CP142613.1	104333	104339	1
CP142613.1	104339	104514	2
CP142613.1	104514	104515	1
CP142613.1	104515	104542	2
CP142613.1	104542	104543	1
CP142613.1	104543	104545	2
CP142613.1	104545	104549	3
CP142613.1	104549	104550	2
CP142613.1	104550	104578	3
CP142613.1	104578	104579	0
CP142613.1	104579	104580	2
CP142613.1	104580	104616	3
CP142613.1	104616	104627	4
CP142613.1	104627	104628	3
CP142613.1	104628	104644	4
CP142613.1	104644	104645	3
CP142613.1	104645	104691	2
CP142613.1	104691	104719	1
CP142613.1	104719	104784	2
CP142613.1	104784	104867	1
CP142613.1	104867	105191	0
CP142613.1	105191	105229	1
CP142613.1	105229	105341	2
CP142613.1	105341	105342	1
CP142613.1	105342	105357	2
CP142613.1	105357	105489	1
CP142613.1	105489	105729	0
CP142613.1	105729	105733	1
CP142613.1	105733	105795	2
CP142613.1	105795	105824	1
CP142613.1	105824	105904	0
CP142613.1	105904	105930	1
CP142613.1	105930	106140	2
CP142613.1	106140	106188	1
CP142613.1	106188	106207	2
CP142613.1	106207	106301	1
CP142613.1	106301	106302	2
CP142613.1	106302	106356	3
CP142613.1	106356	106429	2
CP142613.1	106429	106441	3
CP142613.1	106441	106469	4
CP142613.1	106469	106480	3
CP142613.1	106480	106591	2
CP142613.1	106591	106640	3
CP142613.1	106640	106650	2
CP142613.1	106650	106686	1
CP142613.1	106686	106720	0
CP142613.1	106720	106730	1
CP142613.1	106730	106759	2
CP142613.1	106759	106766	1
CP142613.1	106766	106769	0
CP142613.1	106769	106806	1
CP142613.1	106806	106861	2
CP142613.1	106861	106941	3
CP142613.1	106941	106943	4
CP142613.1	106943	106955	3
CP142613.1	106955	106957	2
CP142613.1	106957	106958	1
CP142613.1	106958	107008	2
CP142613.1	107008	107010	1
CP142613.1	107010	107021	2
CP142613.1	107021	107098	1
CP142613.1	107098	107145	2
CP142613.1	107145	107168	1
CP142613.1	107168	107170	2
CP142613.1	107170	107289	1
CP142613.1	107289	107427	0
CP142613.1	107427	107434	1
CP142613.1	107434	107452	2
CP142613.1	107452	107488	3
CP142613.1	107488	107517	2
CP142613.1	107517	107518	1
CP142613.1	107518	107527	2
CP142613.1	107527	107550	1
CP142613.1	107550	107580	2
CP142613.1	107580	107581	1
CP142613.1	107581	107626	2
CP142613.1	107626	107628	3
CP142613.1	107628	107636	2
CP142613.1	107636	107637	1
CP142613.1	107637	107680	2
CP142613.1	107680	107733	3
CP142613.1	107733	107752	2
CP142613.1	107752	107775	1
CP142613.1	107775	107911	0
CP142613.1	107911	107957	1
CP142613.1	107957	107974	2
CP142613.1	107974	108008	3
CP142613.1	108008	108016	2
CP142613.1	108016	108129	1
CP142613.1	108129	108178	2
CP142613.1	108178	108179	1
CP142613.1	108179	108221	2
CP142613.1	108221	108232	3
CP142613.1	108232	108233	2
CP142613.1	108233	108254	4
CP142613.1	108254	108255	3
CP142613.1	108255	108283	4
CP142613.1	108283	108293	3
CP142613.1	108293	108294	2
CP142613.1	108294	108310	1
CP142613.1	108310	108368	2
CP142613.1	108368	108369	1
CP142613.1	108369	108425	2
CP142613.1	108425	108446	1
CP142613.1	108446	108449	0
CP142613.1	108449	108527	1
CP142613.1	108527	108570	2
CP142613.1	108570	108609	3
CP142613.1	108609	108655	4
CP142613.1	108655	108656	3
CP142613.1	108656	108679	4
CP142613.1	108679	108707	3
CP142613.1	108707	108767	2
CP142613.1	108767	108843	1
CP142613.1	108843	108844	0
CP142613.1	108844	108928	1
CP142613.1	108928	108952	2
CP142613.1	108952	108993	1
CP142613.1	108993	109265	0
CP142613.1	109265	109322	1
CP142613.1	109322	109474	0
CP142613.1	109474	109482	1
CP142613.1	109482	109523	2
CP142613.1	109523	109556	1
CP142613.1	109556	109565	0
CP142613.1	109565	109567	1
CP142613.1	109567	109601	2
CP142613.1	109601	109655	1
CP142613.1	109655	109736	0
CP142613.1	109736	109808	1
CP142613.1	109808	109885	2
CP142613.1	109885	109914	1
CP142613.1	109914	109915	2
CP142613.1	109915	109921	3
CP142613.1	109921	109948	4
CP142613.1	109948	109976	3
CP142613.1	109976	110017	2
CP142613.1	110017	110018	1
CP142613.1	110018	110021	2
CP142613.1	110021	110026	1
CP142613.1	110026	110062	2
CP142613.1	110062	110091	1
CP142613.1	110091	110104	2
CP142613.1	110104	110172	1
CP142613.1	110172	110173	0
CP142613.1	110173	110248	1
CP142613.1	110248	110260	0
CP142613.1	110260	110315	1
CP142613.1	110315	110316	0
CP142613.1	110316	110324	1
CP142613.1	110324	110346	2
CP142613.1	110346	110397	1
CP142613.1	110397	110505	0
CP142613.1	110505	110591	1
CP142613.1	110591	110632	0
CP142613.1	110632	110732	1
CP142613.1	110732	110755	2
CP142613.1	110755	110824	3
CP142613.1	110824	110825	2
CP142613.1	110825	110868	1
CP142613.1	110868	110891	2
CP142613.1	110891	110955	1
CP142613.1	110955	110985	2
CP142613.1	110985	111027	3
CP142613.1	111027	111084	2
CP142613.1	111084	111088	1
CP142613.1	111088	111147	2
CP142613.1	111147	111244	1
CP142613.1	111244	111245	0
CP142613.1	111245	111326	1
CP142613.1	111326	111388	0
CP142613.1	111388	111431	1
CP142613.1	111431	111462	2
CP142613.1	111462	111497	3
CP142613.1	111497	111554	2
CP142613.1	111554	111557	3
CP142613.1	111557	111558	2
CP142613.1	111558	111600	1
CP142613.1	111600	111607	0
CP142613.1	111607	111647	1
CP142613.1	111647	111691	0
CP142613.1	111691	111766	1
CP142613.1	111766	111775	2
CP142613.1	111775	111836	1
CP142613.1	111836	111837	2
CP142613.1	111837	111853	3
CP142613.1	111853	111917	4
CP142613.1	111917	111932	3
CP142613.1	111932	111971	2
CP142613.1	111971	111987	3
CP142613.1	111987	111990	2
CP142613.1	111990	111991	1
CP142613.1	111991	112013	2
CP142613.1	112013	112014	1
CP142613.1	112014	112016	2
CP142613.1	112016	112018	1
CP142613.1	112018	112043	2
CP142613.1	112043	112044	1
CP142613.1	112044	112094	2
CP142613.1	112094	112095	1
CP142613.1	112095	112102	2
CP142613.1	112102	112103	1
CP142613.1	112103	112135	2
CP142613.1	112135	112264	1
CP142613.1	112264	112337	2
CP142613.1	112337	112403	3
CP142613.1	112403	112404	2
CP142613.1	112404	112405	3
CP142613.1	112405	112412	2
CP142613.1	112412	112413	1
CP142613.1	112413	112494	0
CP142613.1	112494	112502	1
CP142613.1	112502	112503	0
CP142613.1	112503	112570	1
CP142613.1	112570	112967	0
CP142613.1	112967	113000	1
CP142613.1	113000	113001	0
CP142613.1	113001	113016	1
CP142613.1	113016	113018	0
CP142613.1	113018	113026	1
CP142613.1	113026	113027	0
CP142613.1	113027	113091	1
CP142613.1	113091	113098	2
CP142613.1	113098	113099	1
CP142613.1	113099	113153	2
CP142613.1	113153	113154	1
CP142613.1	113154	113189	2
CP142613.1	113189	113238	3
CP142613.1	113238	113240	2
CP142613.1	113240	113245	3
CP142613.1	113245	113252	1
CP142613.1	113252	113266	2
CP142613.1	113266	113319	3
CP142613.1	113319	113366	2
CP142613.1	113366	113383	1
CP142613.1	113383	113429	2
CP142613.1	113429	113431	3
CP142613.1	113431	113463	2
CP142613.1	113463	113464	1
CP142613.1	113464	113487	2
CP142613.1	113487	113489	0
CP142613.1	113489	113490	1
CP142613.1	113490	113494	2
CP142613.1	113494	113536	3
CP142613.1	113536	113561	2
CP142613.1	113561	113597	3
CP142613.1	113597	113598	2
CP142613.1	113598	113605	3
CP142613.1	113605	113681	2
CP142613.1	113681	113685	1
CP142613.1	113685	113785	2
CP142613.1	113785	113786	1
CP142613.1	113786	113852	2
CP142613.1	113852	113857	3
CP142613.1	113857	113859	2
CP142613.1	113859	113879	3
CP142613.1	113879	113906	2
CP142613.1	113906	113907	1
CP142613.1	113907	113973	2
CP142613.1	113973	113975	1
CP142613.1	113975	114052	2
CP142613.1	114052	114062	1
CP142613.1	114062	114269	0
CP142613.1	114269	114299	1
CP142613.1	114299	114350	2
CP142613.1	114350	114430	1
CP142613.1	114430	114439	0
CP142613.1	114439	114444	1
CP142613.1	114444	114469	2
CP142613.1	114469	114618	1
CP142613.1	114618	114818	0
CP142613.1	114818	114841	1
CP142613.1	114841	114842	0
CP142613.1	114842	114881	1
CP142613.1	114881	114892	2
CP142613.1	114892	114949	1
CP142613.1	114949	115224	0
CP142613.1	115224	115283	1
CP142613.1	115283	115325	0
CP142613.1	115325	115326	1
CP142613.1	115326	115371	2
CP142613.1	115371	115498	3
CP142613.1	115498	115529	2
CP142613.1	115529	115539	1
CP142613.1	115539	115558	2
CP142613.1	115558	115596	1
CP142613.1	115596	115607	0
CP142613.1	115607	115704	1
CP142613.1	115704	115711	2
CP142613.1	115711	115735	1
CP142613.1	115735	115739	0
CP142613.1	115739	115777	1
CP142613.1	115777	115834	0
CP142613.1	115834	115839	1
CP142613.1	115839	115869	2
CP142613.1	115869	115870	0
CP142613.1	115870	115898	3
CP142613.1	115898	115900	2
CP142613.1	115900	115903	3
CP142613.1	115903	115906	2
CP142613.1	115906	115909	1
CP142613.1	115909	115910	2
CP142613.1	115910	115919	3
CP142613.1	115919	115960	4
CP142613.1	115960	115973	3
CP142613.1	115973	115976	2
CP142613.1	115976	115980	3
CP142613.1	115980	115981	2
CP142613.1	115981	115988	3
CP142613.1	115988	115992	2
CP142613.1	115992	116003	3
CP142613.1	116003	116028	4
CP142613.1	116028	116029	3
CP142613.1	116029	116030	2
CP142613.1	116030	116034	3
CP142613.1	116034	116061	4
CP142613.1	116061	116099	2
CP142613.1	116099	116114	3
CP142613.1	116114	116129	2
CP142613.1	116129	116191	3
CP142613.1	116191	116192	2
CP142613.1	116192	116202	1
CP142613.1	116202	116248	0
CP142613.1	116248	116267	1
CP142613.1	116267	116268	0
CP142613.1	116268	116295	1
CP142613.1	116295	116391	2
CP142613.1	116391	116463	1
CP142613.1	116463	116550	0
CP142613.1	116550	116643	1
CP142613.1	116643	116960	0
CP142613.1	116960	117000	1
CP142613.1	117000	117104	2
CP142613.1	117104	117130	1
CP142613.1	117130	117137	0
CP142613.1	117137	117224	1
CP142613.1	117224	117305	2
CP142613.1	117305	117322	3
CP142613.1	117322	117381	4
CP142613.1	117381	117382	3
CP142613.1	117382	117431	4
CP142613.1	117431	117437	3
CP142613.1	117437	117441	2
CP142613.1	117441	117480	1
CP142613.1	117480	117481	0
CP142613.1	117481	117556	1
CP142613.1	117556	117779	0
CP142613.1	117779	117901	1
CP142613.1	117901	117902	0
CP142613.1	117902	117928	1
CP142613.1	117928	118231	0
CP142613.1	118231	118363	1
CP142613.1	118363	118419	2
CP142613.1	118419	118420	1
CP142613.1	118420	118463	2
CP142613.1	118463	118537	1
CP142613.1	118537	118544	2
CP142613.1	118544	118665	1
CP142613.1	118665	118720	2
CP142613.1	118720	118737	1
CP142613.1	118737	118775	0
CP142613.1	118775	118820	1
CP142613.1	118820	118905	2
CP142613.1	118905	119008	1
CP142613.1	119008	119022	0
CP142613.1	119022	119188	1
CP142613.1	119188	119285	2
CP142613.1	119285	119314	3
CP142613.1	119314	119319	2
CP142613.1	119319	119400	3
CP142613.1	119400	119447	4
CP142613.1	119447	119482	3
CP142613.1	119482	119524	2
CP142613.1	119524	119587	1
CP142613.1	119587	119681	0
CP142613.1	119681	119745	1
CP142613.1	119745	119965	0
CP142613.1	119965	119980	1
CP142613.1	119980	120068	2
CP142613.1	120068	120069	1
CP142613.1	120069	120150	2
CP142613.1	120150	120220	1
CP142613.1	120220	120258	0
CP142613.1	120258	120394	1
CP142613.1	120394	120465	0
CP142613.1	120465	120552	1
CP142613.1	120552	120572	0
CP142613.1	120572	120654	1
CP142613.1	120654	120735	0
CP142613.1	120735	120819	1
CP142613.1	120819	120822	0
CP142613.1	120822	120852	1
CP142613.1	120852	120874	2
CP142613.1	120874	120968	3
CP142613.1	120968	120977	1
CP142613.1	120977	120991	0
CP142613.1	120991	121090	2
CP142613.1	121090	121122	3
CP142613.1	121122	121152	2
CP142613.1	121152	121170	1
CP142613.1	121170	121171	0
CP142613.1	121171	121205	1
CP142613.1	121205	121232	2
CP142613.1	121232	121271	3
CP142613.1	121271	121296	2
CP142613.1	121296	121340	3
CP142613.1	121340	121392	4
CP142613.1	121392	121424	3
CP142613.1	121424	121442	2
CP142613.1	121442	121460	1
CP142613.1	121460	121984	0
CP142613.1	121984	122111	1
CP142613.1	122111	122112	0
CP142613.1	122112	122123	1
CP142613.1	122123	122258	0
CP142613.1	122258	122358	1
CP142613.1	122358	122370	0
CP142613.1	122370	122463	1
CP142613.1	122463	122548	2
CP142613.1	122548	122549	1
CP142613.1	122549	122586	2
CP142613.1	122586	122700	0
CP142613.1	122700	122732	3
CP142613.1	122732	122733	2
CP142613.1	122733	122759	3
CP142613.1	122759	122763	2
CP142613.1	122763	122766	1
CP142613.1	122766	122793	2
CP142613.1	122793	122855	1
CP142613.1	122855	122909	0
CP142613.1	122909	122975	1
CP142613.1	122975	123023	2
CP142613.1	123023	123076	1
CP142613.1	123076	123241	0
CP142613.1	123241	123323	1
CP142613.1	123323	123324	0
CP142613.1	123324	123351	1
CP142613.1	123351	123512	0
CP142613.1	123512	123583	1
CP142613.1	123583	123624	0
CP142613.1	123624	123656	1
CP142613.1	123656	123665	0
CP142613.1	123665	123674	1
CP142613.1	123674	123786	2
CP142613.1	123786	123807	1
CP142613.1	123807	123808	0
CP142613.1	123808	123830	1
CP142613.1	123830	123953	0
CP142613.1	123953	123961	2
CP142613.1	123961	123962	3
CP142613.1	123962	123963	2
CP142613.1	123963	124050	3
CP142613.1	124050	124087	2
CP142613.1	124087	124106	1
CP142613.1	124106	124340	0
CP142613.1	124340	124427	1
CP142613.1	124427	124429	0
CP142613.1	124429	124472	1
CP142613.1	124472	124473	0
CP142613.1	124473	124491	1
CP142613.1	124491	124511	2
CP142613.1	124511	124546	1
CP142613.1	124546	124748	0
CP142613.1	124748	124862	1
CP142613.1	124862	124864	0
CP142613.1	124864	124989	1
CP142613.1	124989	124990	0
CP142613.1	124990	124993	1
CP142613.1	124993	125047	2
CP142613.1	125047	125064	1
CP142613.1	125064	125076	2
CP142613.1	125076	125083	1
CP142613.1	125083	125143	2
CP142613.1	125143	125170	1
CP142613.1	125170	125191	0
CP142613.1	125191	125215	1
CP142613.1	125215	125216	0
CP142613.1	125216	125286	1
CP142613.1	125286	125340	0
CP142613.1	125340	125351	1
CP142613.1	125351	125354	0
CP142613.1	125354	125370	1
CP142613.1	125370	125371	0
CP142613.1	125371	125466	1
CP142613.1	125466	125467	0
CP142613.1	125467	125512	1
CP142613.1	125512	125527	2
CP142613.1	125527	125528	1
CP142613.1	125528	125591	2
CP142613.1	125591	125697	1
CP142613.1	125697	125762	2
CP142613.1	125762	125771	1
CP142613.1	125771	125818	2
CP142613.1	125818	125855	1
CP142613.1	125855	125885	2
CP142613.1	125885	125936	3
CP142613.1	125936	125958	4
CP142613.1	125958	125999	5
CP142613.1	125999	126002	4
CP142613.1	126002	126041	5
CP142613.1	126041	126042	4
CP142613.1	126042	126053	5
CP142613.1	126053	126055	4
CP142613.1	126055	126080	3
CP142613.1	126080	126102	2
CP142613.1	126102	126139	3
CP142613.1	126139	126149	4
CP142613.1	126149	126177	3
CP142613.1	126177	126207	2
CP142613.1	126207	126230	1
CP142613.1	126230	126254	2
CP142613.1	126254	126320	3
CP142613.1	126320	126321	2
CP142613.1	126321	126326	1
CP142613.1	126326	126340	2
CP142613.1	126340	126350	1
CP142613.1	126350	126400	2
CP142613.1	126400	126416	3
CP142613.1	126416	126450	2
CP142613.1	126450	126466	1
CP142613.1	126466	126550	0
CP142613.1	126550	126687	1
CP142613.1	126687	126928	0
CP142613.1	126928	127003	1
CP142613.1	127003	127096	0
CP142613.1	127096	127100	1
CP142613.1	127100	127169	2
CP142613.1	127169	127185	1
CP142613.1	127185	127262	2
CP142613.1	127262	127290	1
CP142613.1	127290	127656	0
CP142613.1	127656	127715	1
CP142613.1	127715	127961	0
CP142613.1	127961	127998	1
CP142613.1	127998	128022	2
CP142613.1	128022	128100	1
CP142613.1	128100	128155	2
CP142613.1	128155	128239	1
CP142613.1	128239	128244	0
CP142613.1	128244	128271	1
CP142613.1	128271	128291	0
CP142613.1	128291	128342	1
CP142613.1	128342	128384	0
CP142613.1	128384	128490	1
CP142613.1	128490	128493	0
CP142613.1	128493	128509	1
CP142613.1	128509	128510	0
CP142613.1	128510	128559	1
CP142613.1	128559	128811	0
CP142613.1	128811	128889	1
CP142613.1	128889	128892	0
CP142613.1	128892	128924	1
CP142613.1	128924	129000	2
CP142613.1	129000	129056	1
CP142613.1	129056	129123	2
CP142613.1	129123	129131	3
CP142613.1	129131	129132	2
CP142613.1	129132	129196	3
CP142613.1	129196	129197	2
CP142613.1	129197	129198	3
CP142613.1	129198	129240	4
CP142613.1	129240	129292	3
CP142613.1	129292	129295	2
CP142613.1	129295	129354	3
CP142613.1	129354	129375	4
CP142613.1	129375	129381	3
CP142613.1	129381	129384	2
CP142613.1	129384	129391	3
CP142613.1	129391	129416	4
CP142613.1	129416	129425	3
CP142613.1	129425	129430	4
CP142613.1	129430	129463	5
CP142613.1	129463	129528	4
CP142613.1	129528	129531	3
CP142613.1	129531	129552	4
CP142613.1	129552	129562	3
CP142613.1	129562	129638	2
CP142613.1	129638	129639	1
CP142613.1	129639	129651	2
CP142613.1	129651	129705	3
CP142613.1	129705	129728	4
CP142613.1	129728	129729	3
CP142613.1	129729	129735	4
CP142613.1	129735	129736	3
CP142613.1	129736	129762	4
CP142613.1	129762	129777	5
CP142613.1	129777	129778	3
CP142613.1	129778	129799	5
CP142613.1	129799	129837	4
CP142613.1	129837	129885	3
CP142613.1	129885	129893	2
CP142613.1	129893	129895	1
CP142613.1	129895	129911	2
CP142613.1	129911	129914	1
CP142613.1	129914	129926	2
CP142613.1	129926	129929	3
CP142613.1	129929	129932	2
CP142613.1	129932	129952	3
CP142613.1	129952	130018	2
CP142613.1	130018	130236	1
CP142613.1	130236	130331	0
CP142613.1	130331	130415	1
CP142613.1	130415	130440	0
CP142613.1	130440	130520	1
CP142613.1	130520	130581	2
CP142613.1	130581	130732	1
CP142613.1	130732	130741	0
CP142613.1	130741	130792	1
CP142613.1	130792	130876	0
CP142613.1	130876	130904	1
CP142613.1	130904	130905	0
CP142613.1	130905	130974	1
CP142613.1	130974	131027	0
CP142613.1	131027	131081	1
CP142613.1	131081	131089	2
CP142613.1	131089	131093	1
CP142613.1	131093	131120	2
CP142613.1	131120	131223	1
CP142613.1	131223	131266	2
CP142613.1	131266	131337	1
CP142613.1	131337	131338	2
CP142613.1	131338	131402	1
CP142613.1	131402	131456	0
CP142613.1	131456	131729	1
CP142613.1	131729	131777	2
CP142613.1	131777	131804	3
CP142613.1	131804	131849	2
CP142613.1	131849	131865	3
CP142613.1	131865	131873	2
CP142613.1	131873	131876	1
CP142613.1	131876	131882	3
CP142613.1	131882	131883	2
CP142613.1	131883	131894	3
CP142613.1	131894	131895	2
CP142613.1	131895	131897	0
CP142613.1	131897	132020	1
CP142613.1	132020	132057	2
CP142613.1	132057	132310	1
CP142613.1	132310	132329	2
CP142613.1	132329	132372	3
CP142613.1	132372	132377	2
CP142613.1	132377	132441	3
CP142613.1	132441	132460	2
CP142613.1	132460	132482	1
CP142613.1	132482	132510	2
CP142613.1	132510	132512	1
CP142613.1	132512	132592	2
CP142613.1	132592	132667	1
CP142613.1	132667	132668	2
CP142613.1	132668	132677	3
CP142613.1	132677	132745	2
CP142613.1	132745	132821	3
CP142613.1	132821	132897	2
CP142613.1	132897	132966	1
CP142613.1	132966	133524	0
CP142613.1	133524	133614	1
CP142613.1	133614	133687	2
CP142613.1	133687	133697	1
CP142613.1	133697	133698	0
CP142613.1	133698	133792	1
CP142613.1	133792	133793	2
CP142613.1	133793	133852	3
CP142613.1	133852	133854	2
CP142613.1	133854	133868	3
CP142613.1	133868	133936	2
CP142613.1	133936	133946	1
CP142613.1	133946	133947	0
CP142613.1	133947	134004	1
CP142613.1	134004	134040	2
CP142613.1	134040	134116	1
CP142613.1	134116	134224	0
CP142613.1	134224	134230	1
CP142613.1	134230	134231	0
CP142613.1	134231	134313	1
CP142613.1	134313	134314	0
CP142613.1	134314	134316	1
CP142613.1	134316	134344	2
CP142613.1	134344	134358	1
CP142613.1	134358	134402	2
CP142613.1	134402	134408	1
CP142613.1	134408	134409	0
CP142613.1	134409	134445	1
CP142613.1	134445	134702	0
CP142613.1	134702	134762	1
CP142613.1	134762	134784	0
CP142613.1	134784	134866	1
CP142613.1	134866	134904	2
CP142613.1	134904	134938	3
CP142613.1	134938	134941	2
CP142613.1	134941	134965	3
CP142613.1	134965	134966	1
CP142613.1	134966	135006	3
CP142613.1	135006	135010	2
CP142613.1	135010	135060	1
CP142613.1	135060	135086	0
CP142613.1	135086	135135	1
CP142613.1	135135	135143	0
CP142613.1	135143	135290	1
CP142613.1	135290	135320	0
CP142613.1	135320	135449	1
CP142613.1	135449	135465	0
CP142613.1	135465	135580	1
CP142613.1	135580	135782	0
CP142613.1	135782	135855	1
CP142613.1	135855	135919	2
CP142613.1	135919	135932	3
CP142613.1	135932	135939	2
CP142613.1	135939	135978	1
CP142613.1	135978	136102	2
CP142613.1	136102	136143	1
CP142613.1	136143	136146	2
CP142613.1	136146	136233	1
CP142613.1	136233	136286	0
CP142613.1	136286	136465	1
CP142613.1	136465	136466	2
CP142613.1	136466	136502	1
CP142613.1	136502	136503	0
CP142613.1	136503	136507	1
CP142613.1	136507	136553	2
CP142613.1	136553	136634	1
CP142613.1	136634	136637	2
CP142613.1	136637	136695	3
CP142613.1	136695	136708	2
CP142613.1	136708	136836	3
CP142613.1	136836	136864	2
CP142613.1	136864	136865	1
CP142613.1	136865	136890	2
CP142613.1	136890	136894	1
CP142613.1	136894	137012	0
CP142613.1	137012	137071	1
CP142613.1	137071	137179	0
CP142613.1	137179	137182	1
CP142613.1	137182	137294	2
CP142613.1	137294	137344	3
CP142613.1	137344	137418	2
CP142613.1	137418	137460	1
CP142613.1	137460	137526	0
CP142613.1	137526	137653	1
CP142613.1	137653	137659	0
CP142613.1	137659	137718	1
CP142613.1	137718	138066	0
CP142613.1	138066	138190	1
CP142613.1	138190	138269	2
CP142613.1	138269	138273	1
CP142613.1	138273	138280	2
CP142613.1	138280	138287	3
CP142613.1	138287	138336	2
CP142613.1	138336	138344	3
CP142613.1	138344	138345	2
CP142613.1	138345	138363	3
CP142613.1	138363	138366	4
CP142613.1	138366	138369	3
CP142613.1	138369	138374	2
CP142613.1	138374	138417	3
CP142613.1	138417	138420	2
CP142613.1	138420	138584	1
CP142613.1	138584	138757	0
CP142613.1	138757	138842	1
CP142613.1	138842	138865	0
CP142613.1	138865	138892	1
CP142613.1	138892	139090	2
CP142613.1	139090	139112	1
CP142613.1	139112	139182	2
CP142613.1	139182	139210	1
CP142613.1	139210	139231	2
CP142613.1	139231	139243	3
CP142613.1	139243	139244	2
CP142613.1	139244	139254	3
CP142613.1	139254	139287	4
CP142613.1	139287	139339	3
CP142613.1	139339	139342	2
CP142613.1	139342	139374	3
CP142613.1	139374	139381	2
CP142613.1	139381	139416	1
CP142613.1	139416	139529	0
CP142613.1	139529	139733	1
CP142613.1	139733	139766	2
CP142613.1	139766	139773	3
CP142613.1	139773	139776	2
CP142613.1	139776	139784	3
CP142613.1	139784	139834	2
CP142613.1	139834	139863	1
CP142613.1	139863	139871	2
CP142613.1	139871	139872	1
CP142613.1	139872	139888	2
CP142613.1	139888	139911	1
CP142613.1	139911	139962	2
CP142613.1	139962	139990	3
CP142613.1	139990	140021	2
CP142613.1	140021	140097	1
CP142613.1	140097	140112	2
CP142613.1	140112	140197	1
CP142613.1	140197	140285	2
CP142613.1	140285	140293	3
CP142613.1	140293	140303	2
CP142613.1	140303	140341	3
CP142613.1	140341	140501	2
CP142613.1	140501	140510	1
CP142613.1	140510	140523	2
CP142613.1	140523	140536	3
CP142613.1	140536	140542	2
CP142613.1	140542	140608	3
CP142613.1	140608	140646	2
CP142613.1	140646	140648	1
CP142613.1	140648	140693	0
CP142613.1	140693	140736	1
CP142613.1	140736	140787	2
CP142613.1	140787	140794	1
CP142613.1	140794	140884	2
CP142613.1	140884	140886	1
CP142613.1	140886	140908	2
CP142613.1	140908	140981	1
CP142613.1	140981	140983	0
CP142613.1	140983	140990	1
CP142613.1	140990	141124	0
CP142613.1	141124	141169	1
CP142613.1	141169	141186	0
CP142613.1	141186	141215	1
CP142613.1	141215	141294	2
CP142613.1	141294	141356	1
CP142613.1	141356	141434	2
CP142613.1	141434	141482	1
CP142613.1	141482	141483	0
CP142613.1	141483	141525	1
CP142613.1	141525	141538	2
CP142613.1	141538	141539	3
CP142613.1	141539	141594	2
CP142613.1	141594	141700	1
CP142613.1	141700	141739	2
CP142613.1	141739	141746	3
CP142613.1	141746	141755	4
CP142613.1	141755	141756	3
CP142613.1	141756	141760	4
CP142613.1	141760	141761	3
CP142613.1	141761	141762	2
CP142613.1	141762	141764	1
CP142613.1	141764	141765	2
CP142613.1	141765	141791	3
CP142613.1	141791	141792	2
CP142613.1	141792	141793	3
CP142613.1	141793	141813	2
CP142613.1	141813	141829	1
CP142613.1	141829	141859	0
CP142613.1	141859	141963	1
CP142613.1	141963	141979	0
CP142613.1	141979	142027	1
CP142613.1	142027	142104	2
CP142613.1	142104	142125	3
CP142613.1	142125	142127	2
CP142613.1	142127	142134	3
CP142613.1	142134	142135	2
CP142613.1	142135	142184	3
CP142613.1	142184	142229	2
CP142613.1	142229	142239	1
CP142613.1	142239	142296	2
CP142613.1	142296	142655	1
CP142613.1	142655	142684	0
CP142613.1	142684	142755	1
CP142613.1	142755	142867	0
CP142613.1	142867	143018	1
CP142613.1	143018	143048	2
CP142613.1	143048	143212	1
CP142613.1	143212	143213	0
CP142613.1	143213	143267	1
CP142613.1	143267	143308	0
CP142613.1	143308	143332	1
CP142613.1	143332	143333	0
CP142613.1	143333	143452	1
CP142613.1	143452	143471	0
CP142613.1	143471	143492	1
CP142613.1	143492	143577	2
CP142613.1	143577	143603	1
CP142613.1	143603	143663	2
CP142613.1	143663	143666	1
CP142613.1	143666	143717	2
CP142613.1	143717	143802	1
CP142613.1	143802	143848	2
CP142613.1	143848	143849	1
CP142613.1	143849	143889	2
CP142613.1	143889	143911	3
CP142613.1	143911	143956	2
CP142613.1	143956	143970	1
CP142613.1	143970	143982	2
CP142613.1	143982	144033	3
CP142613.1	144033	144034	2
CP142613.1	144034	144041	3
CP142613.1	144041	144069	2
CP142613.1	144069	144107	1
CP142613.1	144107	144113	2
CP142613.1	144113	144261	1
CP142613.1	144261	144287	2
CP142613.1	144287	144325	1
CP142613.1	144325	144330	2
CP142613.1	144330	144342	3
CP142613.1	144342	144402	2
CP142613.1	144402	144408	1
CP142613.1	144408	144413	0
CP142613.1	144413	144472	1
CP142613.1	144472	144473	0
CP142613.1	144473	144506	1
CP142613.1	144506	144600	2
CP142613.1	144600	144612	1
CP142613.1	144612	144613	0
CP142613.1	144613	144694	1
CP142613.1	144694	145001	0
CP142613.1	145001	145030	1
CP142613.1	145030	145031	0
CP142613.1	145031	145056	1
CP142613.1	145056	145078	2
CP142613.1	145078	145081	1
CP142613.1	145081	145094	2
CP142613.1	145094	145107	3
CP142613.1	145107	145124	2
CP142613.1	145124	145278	1
CP142613.1	145278	145279	2
CP142613.1	145279	145358	3
CP142613.1	145358	145377	4
CP142613.1	145377	145383	5
CP142613.1	145383	145389	4
CP142613.1	145389	145396	3
CP142613.1	145396	145508	2
CP142613.1	145508	145608	1
CP142613.1	145608	145609	0
CP142613.1	145609	145657	1
CP142613.1	145657	145749	0
CP142613.1	145749	145884	1
CP142613.1	145884	145887	0
CP142613.1	145887	145987	1
CP142613.1	145987	146104	0
CP142613.1	146104	146159	1
CP142613.1	146159	146160	0
CP142613.1	146160	146246	1
CP142613.1	146246	146250	0
CP142613.1	146250	146426	1
CP142613.1	146426	146488	2
CP142613.1	146488	146581	1
CP142613.1	146581	146614	0
CP142613.1	146614	146971	1
CP142613.1	146971	146981	0
CP142613.1	146981	147015	1
CP142613.1	147015	147065	2
CP142613.1	147065	147179	1
CP142613.1	147179	147218	2
CP142613.1	147218	147244	1
CP142613.1	147244	147401	0
CP142613.1	147401	147480	1
CP142613.1	147480	147576	0
CP142613.1	147576	147645	1
CP142613.1	147645	147750	0
CP142613.1	147750	147755	1
CP142613.1	147755	147781	2
CP142613.1	147781	147782	1
CP142613.1	147782	147798	2
CP142613.1	147798	147800	1
CP142613.1	147800	147803	2
CP142613.1	147803	147817	3
CP142613.1	147817	147851	2
CP142613.1	147851	147888	3
CP142613.1	147888	147966	2
CP142613.1	147966	148007	1
CP142613.1	148007	148008	0
CP142613.1	148008	148056	1
CP142613.1	148056	148271	0
CP142613.1	148271	148450	1
CP142613.1	148450	148534	0
CP142613.1	148534	148617	1
CP142613.1	148617	148708	2
CP142613.1	148708	148709	1
CP142613.1	148709	148774	2
CP142613.1	148774	148801	3
CP142613.1	148801	148813	4
CP142613.1	148813	148816	3
CP142613.1	148816	148852	4
CP142613.1	148852	148853	3
CP142613.1	148853	148902	4
CP142613.1	148902	148910	3
CP142613.1	148910	148924	2
CP142613.1	148924	148939	3
CP142613.1	148939	148974	2
CP142613.1	148974	149018	1
CP142613.1	149018	149337	0
CP142613.1	149337	149524	1
CP142613.1	149524	149529	2
CP142613.1	149529	149531	1
CP142613.1	149531	149651	2
CP142613.1	149651	149653	1
CP142613.1	149653	149748	2
CP142613.1	149748	149779	1
CP142613.1	149779	149788	0
CP142613.1	149788	149827	1
CP142613.1	149827	149894	0
CP142613.1	149894	149949	1
CP142613.1	149949	149952	0
CP142613.1	149952	150017	1
CP142613.1	150017	150125	2
CP142613.1	150125	150158	1
CP142613.1	150158	150545	0
CP142613.1	150545	150552	1
CP142613.1	150552	150565	2
CP142613.1	150565	150566	1
CP142613.1	150566	150628	2
CP142613.1	150628	150653	1
CP142613.1	150653	150688	2
CP142613.1	150688	150690	1
CP142613.1	150690	150767	2
CP142613.1	150767	150821	1
CP142613.1	150821	150824	0
CP142613.1	150824	150862	1
CP142613.1	150862	150877	2
CP142613.1	150877	150880	1
CP142613.1	150880	150911	2
CP142613.1	150911	150985	1
CP142613.1	150985	151251	0
CP142613.1	151251	151278	1
CP142613.1	151278	151335	2
CP142613.1	151335	151429	1
CP142613.1	151429	151481	0
CP142613.1	151481	151491	1
CP142613.1	151491	151540	2
CP142613.1	151540	151577	1
CP142613.1	151577	151654	2
CP142613.1	151654	151727	3
CP142613.1	151727	151729	4
CP142613.1	151729	151783	5
CP142613.1	151783	151814	4
CP142613.1	151814	151833	3
CP142613.1	151833	151935	2
CP142613.1	151935	152037	1
CP142613.1	152037	152166	0
CP142613.1	152166	152177	1
CP142613.1	152177	152238	2
CP142613.1	152238	152274	1
CP142613.1	152274	152293	0
CP142613.1	152293	152298	1
CP142613.1	152298	152324	2
CP142613.1	152324	152327	1
CP142613.1	152327	152406	2
CP142613.1	152406	152411	1
CP142613.1	152411	152532	2
CP142613.1	152532	152594	1
CP142613.1	152594	152634	0
CP142613.1	152634	152715	1
CP142613.1	152715	152760	0
CP142613.1	152760	152810	1
CP142613.1	152810	152830	2
CP142613.1	152830	152886	3
CP142613.1	152886	152915	2
CP142613.1	152915	152923	1
CP142613.1	152923	152994	2
CP142613.1	152994	153005	1
CP142613.1	153005	153006	0
CP142613.1	153006	153069	1
CP142613.1	153069	153157	2
CP142613.1	153157	153213	1
CP142613.1	153213	153277	2
CP142613.1	153277	153284	3
CP142613.1	153284	153346	4
CP142613.1	153346	153356	3
CP142613.1	153356	153361	2
CP142613.1	153361	153484	1
CP142613.1	153484	153603	0
CP142613.1	153603	153626	1
CP142613.1	153626	153646	2
CP142613.1	153646	153679	3
CP142613.1	153679	153735	2
CP142613.1	153735	153736	1
CP142613.1	153736	153752	2
CP142613.1	153752	153794	1
CP142613.1	153794	153847	2
CP142613.1	153847	153866	3
CP142613.1	153866	153869	2
CP142613.1	153869	153936	3
CP142613.1	153936	153937	2
CP142613.1	153937	153938	1
CP142613.1	153938	153956	3
CP142613.1	153956	153971	2
CP142613.1	153971	153996	3
CP142613.1	153996	153998	2
CP142613.1	153998	153999	0
CP142613.1	153999	154034	2
CP142613.1	154034	154053	1
CP142613.1	154053	154066	2
CP142613.1	154066	154067	1
CP142613.1	154067	154144	2
CP142613.1	154144	154146	3
CP142613.1	154146	154149	2
CP142613.1	154149	154154	3
CP142613.1	154154	154155	2
CP142613.1	154155	154191	3
CP142613.1	154191	154193	1
CP142613.1	154193	154194	2
CP142613.1	154194	154260	3
CP142613.1	154260	154270	2
CP142613.1	154270	154274	1
CP142613.1	154274	154295	2
CP142613.1	154295	154328	1
CP142613.1	154328	154331	0
CP142613.1	154331	154387	1
CP142613.1	154387	154413	2
CP142613.1	154413	154415	1
CP142613.1	154415	154438	2
CP142613.1	154438	154569	1
CP142613.1	154569	154588	2
CP142613.1	154588	154603	3
CP142613.1	154603	154606	2
CP142613.1	154606	154620	3
CP142613.1	154620	154655	2
CP142613.1	154655	154656	1
CP142613.1	154656	154676	2
CP142613.1	154676	154679	3
CP142613.1	154679	154705	2
CP142613.1	154705	154808	1
CP142613.1	154808	154859	2
CP142613.1	154859	154980	3
CP142613.1	154980	154995	2
CP142613.1	154995	155029	3
CP142613.1	155029	155039	2
CP142613.1	155039	155098	1
CP142613.1	155098	155201	2
CP142613.1	155201	155350	1
CP142613.1	155350	155401	2
CP142613.1	155401	155402	1
CP142613.1	155402	155405	2
CP142613.1	155405	155412	3
CP142613.1	155412	155418	2
CP142613.1	155418	155419	3
CP142613.1	155419	155439	4
CP142613.1	155439	155441	3
CP142613.1	155441	155442	4
CP142613.1	155442	155502	3
CP142613.1	155502	155557	2
CP142613.1	155557	155580	1
CP142613.1	155580	155582	2
CP142613.1	155582	155668	3
CP142613.1	155668	155682	2
CP142613.1	155682	155714	3
CP142613.1	155714	155722	2
CP142613.1	155722	155727	1
CP142613.1	155727	155760	2
CP142613.1	155760	155855	1
CP142613.1	155855	155875	0
CP142613.1	155875	155885	1
CP142613.1	155885	155888	2
CP142613.1	155888	155905	3
CP142613.1	155905	155906	2
CP142613.1	155906	155977	3
CP142613.1	155977	155978	2
CP142613.1	155978	155982	3
CP142613.1	155982	155985	2
CP142613.1	155985	156018	3
CP142613.1	156018	156020	2
CP142613.1	156020	156026	3
CP142613.1	156026	156102	2
CP142613.1	156102	156116	3
CP142613.1	156116	156130	2
CP142613.1	156130	156168	1
CP142613.1	156168	156228	0
CP142613.1	156228	156246	1
CP142613.1	156246	156313	2
CP142613.1	156313	156316	1
CP142613.1	156316	156329	2
CP142613.1	156329	156332	3
CP142613.1	156332	156334	2
CP142613.1	156334	156383	3
CP142613.1	156383	156403	2
CP142613.1	156403	156421	1
CP142613.1	156421	156425	2
CP142613.1	156425	156486	1
CP142613.1	156486	156520	0
CP142613.1	156520	156606	1
CP142613.1	156606	156685	2
CP142613.1	156685	156730	1
CP142613.1	156730	156742	2
CP142613.1	156742	156805	1
CP142613.1	156805	156869	0
CP142613.1	156869	156907	1
CP142613.1	156907	157019	2
CP142613.1	157019	157093	1
CP142613.1	157093	157107	2
CP142613.1	157107	157143	3
CP142613.1	157143	157144	2
CP142613.1	157144	157160	3
CP142613.1	157160	157172	2
CP142613.1	157172	157203	3
CP142613.1	157203	157252	2
CP142613.1	157252	157333	1
CP142613.1	157333	157363	2
CP142613.1	157363	157555	1
CP142613.1	157555	158103	0
CP142613.1	158103	158190	1
CP142613.1	158190	158229	2
CP142613.1	158229	158382	1
CP142613.1	158382	158398	2
CP142613.1	158398	158418	3
CP142613.1	158418	158435	2
CP142613.1	158435	158437	1
CP142613.1	158437	158454	2
CP142613.1	158454	158462	3
CP142613.1	158462	158464	2
CP142613.1	158464	158476	3
CP142613.1	158476	158513	4
CP142613.1	158513	158545	3
CP142613.1	158545	158650	2
CP142613.1	158650	158659	1
CP142613.1	158659	158669	2
CP142613.1	158669	158885	1
CP142613.1	158885	159358	0
CP142613.1	159358	159461	1
CP142613.1	159461	159585	0
CP142613.1	159585	159589	1
CP142613.1	159589	159631	2
CP142613.1	159631	159676	3
CP142613.1	159676	159696	2
CP142613.1	159696	159714	1
CP142613.1	159714	159824	2
CP142613.1	159824	159964	1
CP142613.1	159964	160026	0
CP142613.1	160026	160143	1
CP142613.1	160143	160201	2
CP142613.1	160201	160230	1
CP142613.1	160230	160233	0
CP142613.1	160233	160297	1
CP142613.1	160297	160372	2
CP142613.1	160372	160385	1
CP142613.1	160385	160396	2
CP142613.1	160396	160398	1
CP142613.1	160398	160418	2
CP142613.1	160418	160423	1
CP142613.1	160423	160478	2
CP142613.1	160478	160499	3
CP142613.1	160499	160506	2
CP142613.1	160506	160507	1
CP142613.1	160507	160567	2
CP142613.1	160567	160588	1
CP142613.1	160588	160589	0
CP142613.1	160589	160649	1
CP142613.1	160649	160650	0
CP142613.1	160650	160681	1
CP142613.1	160681	160769	2
CP142613.1	160769	160787	1
CP142613.1	160787	160861	0
CP142613.1	160861	161063	1
CP142613.1	161063	161111	2
CP142613.1	161111	161142	1
CP142613.1	161142	161182	2
CP142613.1	161182	161183	1
CP142613.1	161183	161186	2
CP142613.1	161186	161234	1
CP142613.1	161234	161249	0
CP142613.1	161249	161299	1
CP142613.1	161299	161502	0
CP142613.1	161502	161542	1
CP142613.1	161542	161609	2
CP142613.1	161609	161616	3
CP142613.1	161616	161617	2
CP142613.1	161617	161668	3
CP142613.1	161668	161753	4
CP142613.1	161753	161761	3
CP142613.1	161761	161764	2
CP142613.1	161764	161785	3
CP142613.1	161785	161889	2
CP142613.1	161889	161893	1
CP142613.1	161893	161930	2
CP142613.1	161930	161987	1
CP142613.1	161987	162237	0
CP142613.1	162237	162262	1
CP142613.1	162262	162286	2
CP142613.1	162286	162340	3
CP142613.1	162340	162449	2
CP142613.1	162449	162450	1
CP142613.1	162450	162495	2
CP142613.1	162495	162531	1
CP142613.1	162531	162548	2
CP142613.1	162548	162756	1
CP142613.1	162756	162777	2
CP142613.1	162777	162875	3
CP142613.1	162875	162930	1
CP142613.1	162930	162935	2
CP142613.1	162935	163006	1
CP142613.1	163006	163007	0
CP142613.1	163007	163073	1
CP142613.1	163073	163159	0
CP142613.1	163159	163272	1
CP142613.1	163272	163273	0
CP142613.1	163273	163286	1
CP142613.1	163286	163329	2
CP142613.1	163329	163335	1
CP142613.1	163335	163384	2
CP142613.1	163384	163385	3
CP142613.1	163385	163437	2
CP142613.1	163437	163637	1
CP142613.1	163637	163699	0
CP142613.1	163699	163817	1
CP142613.1	163817	163849	2
CP142613.1	163849	163856	1
CP142613.1	163856	163891	2
CP142613.1	163891	163910	1
CP142613.1	163910	164390	0
CP142613.1	164390	164459	1
CP142613.1	164459	164484	0
CP142613.1	164484	164587	1
CP142613.1	164587	164756	0
CP142613.1	164756	164835	1
CP142613.1	164835	164871	0
CP142613.1	164871	164898	1
CP142613.1	164898	164965	2
CP142613.1	164965	165043	1
CP142613.1	165043	165108	2
CP142613.1	165108	165150	1
CP142613.1	165150	165392	0
CP142613.1	165392	165660	1
CP142613.1	165660	165669	0
CP142613.1	165669	165681	1
CP142613.1	165681	165684	0
CP142613.1	165684	165699	1
CP142613.1	165699	165743	2
CP142613.1	165743	165771	1
CP142613.1	165771	165772	2
CP142613.1	165772	165862	1
CP142613.1	165862	165907	0
CP142613.1	165907	166053	1
CP142613.1	166053	166120	0
CP142613.1	166120	166142	1
CP142613.1	166142	166223	2
CP142613.1	166223	166237	1
CP142613.1	166237	166315	2
CP142613.1	166315	166487	1
CP142613.1	166487	166549	2
CP142613.1	166549	166604	1
CP142613.1	166604	166609	0
CP142613.1	166609	166660	1
CP142613.1	166660	166675	0
CP142613.1	166675	166724	1
CP142613.1	166724	166728	0
CP142613.1	166728	166847	1
CP142613.1	166847	166868	2
CP142613.1	166868	166871	1
CP142613.1	166871	166895	2
CP142613.1	166895	166934	1
CP142613.1	166934	167058	0
CP142613.1	167058	167143	1
CP142613.1	167143	167144	0
CP142613.1	167144	167155	1
CP142613.1	167155	167223	0
CP142613.1	167223	167339	1
CP142613.1	167339	167407	2
CP142613.1	167407	167435	3
CP142613.1	167435	167449	4
CP142613.1	167449	167494	3
CP142613.1	167494	167495	4
CP142613.1	167495	167504	3
CP142613.1	167504	167508	4
CP142613.1	167508	167578	3
CP142613.1	167578	167635	2
CP142613.1	167635	167661	1
CP142613.1	167661	167665	2
CP142613.1	167665	167667	1
CP142613.1	167667	167714	2
CP142613.1	167714	167783	3
CP142613.1	167783	167787	2
CP142613.1	167787	167788	1
CP142613.1	167788	167796	2
CP142613.1	167796	167860	1
CP142613.1	167860	167861	0
CP142613.1	167861	167944	1
CP142613.1	167944	167986	2
CP142613.1	167986	167989	1
CP142613.1	167989	167994	2
CP142613.1	167994	168020	1
CP142613.1	168020	168059	2
CP142613.1	168059	168088	1
CP142613.1	168088	168102	2
CP142613.1	168102	168322	1
CP142613.1	168322	168538	0
CP142613.1	168538	168566	1
CP142613.1	168566	168567	0
CP142613.1	168567	168682	1
CP142613.1	168682	168692	0
CP142613.1	168692	168845	1
CP142613.1	168845	168846	0
CP142613.1	168846	168857	1
CP142613.1	168857	168952	2
CP142613.1	168952	168955	1
CP142613.1	168955	169048	2
CP142613.1	169048	169083	1
CP142613.1	169083	169088	0
CP142613.1	169088	169141	1
CP142613.1	169141	169195	0
CP142613.1	169195	169239	1
CP142613.1	169239	169267	2
CP142613.1	169267	169271	1
CP142613.1	169271	169275	2
CP142613.1	169275	169277	1
CP142613.1	169277	169340	2
CP142613.1	169340	169410	3
CP142613.1	169410	169414	2
CP142613.1	169414	169498	1
CP142613.1	169498	169518	0
CP142613.1	169518	169540	1
CP142613.1	169540	169550	2
CP142613.1	169550	169551	3
CP142613.1	169551	169552	2
CP142613.1	169552	169591	3
CP142613.1	169591	169593	4
CP142613.1	169593	169614	5
CP142613.1	169614	169625	4
CP142613.1	169625	169636	2
CP142613.1	169636	169637	3
CP142613.1	169637	169653	5
CP142613.1	169653	169654	4
CP142613.1	169654	169669	5
CP142613.1	169669	169670	4
CP142613.1	169670	169672	5
CP142613.1	169672	169736	4
CP142613.1	169736	169737	3
CP142613.1	169737	169771	4
CP142613.1	169771	169809	3
CP142613.1	169809	169813	2
CP142613.1	169813	169814	1
CP142613.1	169814	169820	2
CP142613.1	169820	169827	1
CP142613.1	169827	169906	2
CP142613.1	169906	169925	1
CP142613.1	169925	169987	2
CP142613.1	169987	170006	1
CP142613.1	170006	170008	0
CP142613.1	170008	170022	1
CP142613.1	170022	170171	0
CP142613.1	170171	170239	1
CP142613.1	170239	170274	2
CP142613.1	170274	170288	3
CP142613.1	170288	170387	2
CP142613.1	170387	170463	1
CP142613.1	170463	170555	0
CP142613.1	170555	170646	1
CP142613.1	170646	170699	0
CP142613.1	170699	170720	1
CP142613.1	170720	170766	2
CP142613.1	170766	170786	1
CP142613.1	170786	170787	0
CP142613.1	170787	170838	1
CP142613.1	170838	170966	0
CP142613.1	170966	170987	1
CP142613.1	170987	171004	2
CP142613.1	171004	171007	0
CP142613.1	171007	171050	2
CP142613.1	171050	171177	1
CP142613.1	171177	171178	0
CP142613.1	171178	171193	1
CP142613.1	171193	171290	0
CP142613.1	171290	171293	1
CP142613.1	171293	171306	2
CP142613.1	171306	171335	3
CP142613.1	171335	171339	2
CP142613.1	171339	171342	3
CP142613.1	171342	171519	2
CP142613.1	171519	171570	1
CP142613.1	171570	171638	2
CP142613.1	171638	171663	3
CP142613.1	171663	171736	2
CP142613.1	171736	171825	1
CP142613.1	171825	171904	0
CP142613.1	171904	171916	1
CP142613.1	171916	171963	2
CP142613.1	171963	171985	3
CP142613.1	171985	172022	2
CP142613.1	172022	172023	1
CP142613.1	172023	172044	2
CP142613.1	172044	172092	1
CP142613.1	172092	172096	2
CP142613.1	172096	172117	3
CP142613.1	172117	172139	4
CP142613.1	172139	172229	3
CP142613.1	172229	172237	4
CP142613.1	172237	172274	3
CP142613.1	172274	172281	2
CP142613.1	172281	172371	3
CP142613.1	172371	172430	2
CP142613.1	172430	172477	1
CP142613.1	172477	172557	2
CP142613.1	172557	172582	1
CP142613.1	172582	172645	0
CP142613.1	172645	172689	1
CP142613.1	172689	172735	2
CP142613.1	172735	172772	3
CP142613.1	172772	172780	2
CP142613.1	172780	172829	3
CP142613.1	172829	172833	2
CP142613.1	172833	172896	1
CP142613.1	172896	172989	2
CP142613.1	172989	172993	1
CP142613.1	172993	173012	2
CP142613.1	173012	173056	1
CP142613.1	173056	173089	2
CP142613.1	173089	173095	1
CP142613.1	173095	173107	2
CP142613.1	173107	173131	3
CP142613.1	173131	173149	2
CP142613.1	173149	173159	1
CP142613.1	173159	173167	2
CP142613.1	173167	173169	3
CP142613.1	173169	173212	2
CP142613.1	173212	173227	3
CP142613.1	173227	173279	2
CP142613.1	173279	173299	3
CP142613.1	173299	173302	2
CP142613.1	173302	173334	3
CP142613.1	173334	173384	2
CP142613.1	173384	173386	1
CP142613.1	173386	173468	0
CP142613.1	173468	173507	1
CP142613.1	173507	173515	0
CP142613.1	173515	173640	1
CP142613.1	173640	173763	0
CP142613.1	173763	173769	1
CP142613.1	173769	173837	2
CP142613.1	173837	174011	1
CP142613.1	174011	174022	2
CP142613.1	174022	174169	1
CP142613.1	174169	174266	0
CP142613.1	174266	174277	1
CP142613.1	174277	174354	3
CP142613.1	174354	174355	2
CP142613.1	174355	174359	3
CP142613.1	174359	174388	2
CP142613.1	174388	174425	1
CP142613.1	174425	174446	2
CP142613.1	174446	174447	1
CP142613.1	174447	174533	2
CP142613.1	174533	174534	1
CP142613.1	174534	174539	2
CP142613.1	174539	174558	1
CP142613.1	174558	174560	0
CP142613.1	174560	174571	1
CP142613.1	174571	174572	0
CP142613.1	174572	174641	1
CP142613.1	174641	174737	0
CP142613.1	174737	174741	1
CP142613.1	174741	174797	2
CP142613.1	174797	174837	1
CP142613.1	174837	174906	2
CP142613.1	174906	174909	1
CP142613.1	174909	174914	2
CP142613.1	174914	174983	1
CP142613.1	174983	174985	0
CP142613.1	174985	175083	1
CP142613.1	175083	175104	2
CP142613.1	175104	175149	3
CP142613.1	175149	175200	2
CP142613.1	175200	175203	1
CP142613.1	175203	175269	2
CP142613.1	175269	175314	1
CP142613.1	175314	175317	0
CP142613.1	175317	175453	1
CP142613.1	175453	175457	0
CP142613.1	175457	175547	1
CP142613.1	175547	175582	0
CP142613.1	175582	175598	1
CP142613.1	175598	175671	2
CP142613.1	175671	175683	1
CP142613.1	175683	175730	0
CP142613.1	175730	175812	1
CP142613.1	175812	175813	0
CP142613.1	175813	175858	1
CP142613.1	175858	175889	2
CP142613.1	175889	175933	3
CP142613.1	175933	175960	2
CP142613.1	175960	176019	3
CP142613.1	176019	176035	4
CP142613.1	176035	176048	3
CP142613.1	176048	176049	2
CP142613.1	176049	176085	3
CP142613.1	176085	176142	2
CP142613.1	176142	176172	3
CP142613.1	176172	176184	2
CP142613.1	176184	176248	1
CP142613.1	176248	176251	2
CP142613.1	176251	176258	3
CP142613.1	176258	176259	2
CP142613.1	176259	176274	3
CP142613.1	176274	176279	2
CP142613.1	176279	176281	1
CP142613.1	176281	176291	2
CP142613.1	176291	176297	1
CP142613.1	176297	176302	2
CP142613.1	176302	176308	1
CP142613.1	176308	176309	2
CP142613.1	176309	176327	3
CP142613.1	176327	176424	2
CP142613.1	176424	176465	1
CP142613.1	176465	176466	0
CP142613.1	176466	176480	1
CP142613.1	176480	176493	2
CP142613.1	176493	176495	1
CP142613.1	176495	176506	2
CP142613.1	176506	176507	1
CP142613.1	176507	176523	2
CP142613.1	176523	176525	1
CP142613.1	176525	176529	2
CP142613.1	176529	176530	1
CP142613.1	176530	176546	2
CP142613.1	176546	176573	1
CP142613.1	176573	176778	0
CP142613.1	176778	176994	1
CP142613.1	176994	176997	0
CP142613.1	176997	177013	1
CP142613.1	177013	177072	2
CP142613.1	177072	177101	1
CP142613.1	177101	177102	0
CP142613.1	177102	177107	1
CP142613.1	177107	177180	2
CP142613.1	177180	177201	3
CP142613.1	177201	177213	4
CP142613.1	177213	177215	3
CP142613.1	177215	177216	2
CP142613.1	177216	177247	3
CP142613.1	177247	177248	2
CP142613.1	177248	177253	3
CP142613.1	177253	177254	2
CP142613.1	177254	177270	3
CP142613.1	177270	177271	2
CP142613.1	177271	177287	3
CP142613.1	177287	177289	2
CP142613.1	177289	177293	3
CP142613.1	177293	177295	4
CP142613.1	177295	177310	5
CP142613.1	177310	177311	4
CP142613.1	177311	177346	5
CP142613.1	177346	177347	4
CP142613.1	177347	177366	5
CP142613.1	177366	177375	6
CP142613.1	177375	177399	7
CP142613.1	177399	177419	6
CP142613.1	177419	177422	5
CP142613.1	177422	177425	6
CP142613.1	177425	177426	5
CP142613.1	177426	177436	6
CP142613.1	177436	177452	5
CP142613.1	177452	177454	4
CP142613.1	177454	177460	5
CP142613.1	177460	177461	4
CP142613.1	177461	177469	5
CP142613.1	177469	177470	2
CP142613.1	177470	177471	4
CP142613.1	177471	177488	6
CP142613.1	177488	177506	5
CP142613.1	177506	177515	4
CP142613.1	177515	177551	2
CP142613.1	177551	177569	1
CP142613.1	177569	177570	2
CP142613.1	177570	177701	1
CP142613.1	177701	177750	0
CP142613.1	177750	177790	1
CP142613.1	177790	177935	2
CP142613.1	177935	177965	1
CP142613.1	177965	177966	0
CP142613.1	177966	177987	1
CP142613.1	177987	178000	2
CP142613.1	178000	178098	1
CP142613.1	178098	178562	0
CP142613.1	178562	178585	1
CP142613.1	178585	178593	0
CP142613.1	178593	178625	1
CP142613.1	178625	178627	0
CP142613.1	178627	178694	1
CP142613.1	178694	178730	2
CP142613.1	178730	178755	1
CP142613.1	178755	178758	2
CP142613.1	178758	178759	1
CP142613.1	178759	178811	2
CP142613.1	178811	178825	3
CP142613.1	178825	178826	2
CP142613.1	178826	178918	1
CP142613.1	178918	178922	0
CP142613.1	178922	178924	1
CP142613.1	178924	178926	2
CP142613.1	178926	178935	3
CP142613.1	178935	178980	4
CP142613.1	178980	178981	3
CP142613.1	178981	178983	4
CP142613.1	178983	178984	3
CP142613.1	178984	178992	4
CP142613.1	178992	178993	3
CP142613.1	178993	179003	4
CP142613.1	179003	179018	3
CP142613.1	179018	179019	2
CP142613.1	179019	179021	3
CP142613.1	179021	179026	2
CP142613.1	179026	179031	1
CP142613.1	179031	179034	0
CP142613.1	179034	179039	1
CP142613.1	179039	179058	2
CP142613.1	179058	179096	1
CP142613.1	179096	179111	2
CP142613.1	179111	179113	1
CP142613.1	179113	179114	2
CP142613.1	179114	179154	3
CP142613.1	179154	179155	2
CP142613.1	179155	179169	3
CP142613.1	179169	179196	2
CP142613.1	179196	179282	1
CP142613.1	179282	179431	0
CP142613.1	179431	179443	1
CP142613.1	179443	179445	0
CP142613.1	179445	179480	1
CP142613.1	179480	179481	0
CP142613.1	179481	179492	1
CP142613.1	179492	179520	2
CP142613.1	179520	179521	0
CP142613.1	179521	179522	1
CP142613.1	179522	179587	2
CP142613.1	179587	179610	3
CP142613.1	179610	179659	2
CP142613.1	179659	179688	3
CP142613.1	179688	179721	2
CP142613.1	179721	179722	1
CP142613.1	179722	179733	2
CP142613.1	179733	179746	3
CP142613.1	179746	179816	2
CP142613.1	179816	179876	1
CP142613.1	179876	179877	0
CP142613.1	179877	179910	1
CP142613.1	179910	179941	2
CP142613.1	179941	179959	1
CP142613.1	179959	180119	0
CP142613.1	180119	180179	1
CP142613.1	180179	180180	0
CP142613.1	180180	180193	1
CP142613.1	180193	180196	0
CP142613.1	180196	180203	1
CP142613.1	180203	180235	2
CP142613.1	180235	180237	1
CP142613.1	180237	180239	2
CP142613.1	180239	180240	1
CP142613.1	180240	180315	2
CP142613.1	180315	180319	3
CP142613.1	180319	180339	2
CP142613.1	180339	180548	1
CP142613.1	180548	180550	0
CP142613.1	180550	180850	1
CP142613.1	180850	180872	0
CP142613.1	180872	180934	1
CP142613.1	180934	180974	2
CP142613.1	180974	181012	3
CP142613.1	181012	181054	2
CP142613.1	181054	181079	1
CP142613.1	181079	181108	0
CP142613.1	181108	181146	1
CP142613.1	181146	181154	0
CP142613.1	181154	181211	1
CP142613.1	181211	181219	2
CP142613.1	181219	181225	3
CP142613.1	181225	181233	4
CP142613.1	181233	181236	3
CP142613.1	181236	181237	4
CP142613.1	181237	181240	3
CP142613.1	181240	181251	4
CP142613.1	181251	181298	5
CP142613.1	181298	181309	4
CP142613.1	181309	181341	3
CP142613.1	181341	181416	2
CP142613.1	181416	181467	1
CP142613.1	181467	181544	2
CP142613.1	181544	181545	1
CP142613.1	181545	181598	0
CP142613.1	181598	181637	1
CP142613.1	181637	181641	0
CP142613.1	181641	181745	1
CP142613.1	181745	181891	0
CP142613.1	181891	182139	1
CP142613.1	182139	182144	0
CP142613.1	182144	182194	1
CP142613.1	182194	182225	0
CP142613.1	182225	182261	1
CP142613.1	182261	182267	0
CP142613.1	182267	182311	1
CP142613.1	182311	182379	0
CP142613.1	182379	182392	1
CP142613.1	182392	182427	2
CP142613.1	182427	182435	3
CP142613.1	182435	182453	4
CP142613.1	182453	182472	3
CP142613.1	182472	182501	2
CP142613.1	182501	182503	1
CP142613.1	182503	182530	2
CP142613.1	182530	182559	1
CP142613.1	182559	182730	2
CP142613.1	182730	182732	1
CP142613.1	182732	182765	0
CP142613.1	182765	182787	1
CP142613.1	182787	182797	2
CP142613.1	182797	182798	1
CP142613.1	182798	182825	2
CP142613.1	182825	182839	1
CP142613.1	182839	182861	2
CP142613.1	182861	182878	3
CP142613.1	182878	182925	2
CP142613.1	182925	183059	1
CP142613.1	183059	183060	0
CP142613.1	183060	183227	1
CP142613.1	183227	183331	0
CP142613.1	183331	183403	1
CP142613.1	183403	183406	0
CP142613.1	183406	183409	1
CP142613.1	183409	183435	2
CP142613.1	183435	183436	1
CP142613.1	183436	183459	2
CP142613.1	183459	183494	1
CP142613.1	183494	183742	0
CP142613.1	183742	183743	1
CP142613.1	183743	183801	2
CP142613.1	183801	183866	1
CP142613.1	183866	183872	2
CP142613.1	183872	183887	3
CP142613.1	183887	183888	2
CP142613.1	183888	183935	3
CP142613.1	183935	183964	2
CP142613.1	183964	183987	3
CP142613.1	183987	184031	1
CP142613.1	184031	184135	2
CP142613.1	184135	184186	3
CP142613.1	184186	184200	2
CP142613.1	184200	184212	3
CP142613.1	184212	184222	4
CP142613.1	184222	184224	3
CP142613.1	184224	184239	2
CP142613.1	184239	184241	1
CP142613.1	184241	184283	2
CP142613.1	184283	184284	1
CP142613.1	184284	184326	2
CP142613.1	184326	184342	3
CP142613.1	184342	184364	2
CP142613.1	184364	184365	1
CP142613.1	184365	184404	2
CP142613.1	184404	184464	3
CP142613.1	184464	184465	2
CP142613.1	184465	184468	1
CP142613.1	184468	184498	2
CP142613.1	184498	184503	1
CP142613.1	184503	184573	0
CP142613.1	184573	184584	1
CP142613.1	184584	184634	2
CP142613.1	184634	184687	3
CP142613.1	184687	184733	2
CP142613.1	184733	184764	3
CP142613.1	184764	184807	2
CP142613.1	184807	184814	1
CP142613.1	184814	184817	2
CP142613.1	184817	184879	3
CP142613.1	184879	184925	2
CP142613.1	184925	185210	0
CP142613.1	185210	185228	1
CP142613.1	185228	185254	2
CP142613.1	185254	185309	3
CP142613.1	185309	185336	4
CP142613.1	185336	185352	3
CP142613.1	185352	185353	0
CP142613.1	185353	185354	1
CP142613.1	185354	185355	2
CP142613.1	185355	185382	3
CP142613.1	185382	185406	1
CP142613.1	185406	185429	2
CP142613.1	185429	185434	3
CP142613.1	185434	185451	4
CP142613.1	185451	185492	3
CP142613.1	185492	185494	2
CP142613.1	185494	185518	3
CP142613.1	185518	185520	2
CP142613.1	185520	185522	3
CP142613.1	185522	185523	2
CP142613.1	185523	185543	3
CP142613.1	185543	185557	2
CP142613.1	185557	185575	1
CP142613.1	185575	185580	0
CP142613.1	185580	185648	1
CP142613.1	185648	185649	0
CP142613.1	185649	185660	1
CP142613.1	185660	185771	0
CP142613.1	185771	185994	1
CP142613.1	185994	186073	0
CP142613.1	186073	186177	1
CP142613.1	186177	186311	0
CP142613.1	186311	186364	1
CP142613.1	186364	186390	0
CP142613.1	186390	186441	1
CP142613.1	186441	186523	2
CP142613.1	186523	186542	1
CP142613.1	186542	186543	0
CP142613.1	186543	186549	1
CP142613.1	186549	186577	2
CP142613.1	186577	186581	3
CP142613.1	186581	186755	2
CP142613.1	186755	186790	1
CP142613.1	186790	186791	0
CP142613.1	186791	186900	1
CP142613.1	186900	186913	0
CP142613.1	186913	186987	1
CP142613.1	186987	186997	0
CP142613.1	186997	187085	1
CP142613.1	187085	187098	0
CP142613.1	187098	187153	1
CP142613.1	187153	187154	0
CP142613.1	187154	187248	1
CP142613.1	187248	187250	2
CP142613.1	187250	187253	1
CP142613.1	187253	187318	2
CP142613.1	187318	187320	1
CP142613.1	187320	187346	2
CP142613.1	187346	187347	1
CP142613.1	187347	187500	2
CP142613.1	187500	187521	1
CP142613.1	187521	187531	0
CP142613.1	187531	187608	1
CP142613.1	187608	187865	0
CP142613.1	187865	187924	1
CP142613.1	187924	187943	2
CP142613.1	187943	187977	1
CP142613.1	187977	188001	2
CP142613.1	188001	188069	1
CP142613.1	188069	188110	2
CP142613.1	188110	188111	0
CP142613.1	188111	188133	2
CP142613.1	188133	188149	1
CP142613.1	188149	188182	0
CP142613.1	188182	188212	1
CP142613.1	188212	188307	2
CP142613.1	188307	188369	1
CP142613.1	188369	188399	0
CP142613.1	188399	188506	1
CP142613.1	188506	188611	2
CP142613.1	188611	188622	1
CP142613.1	188622	188663	0
CP142613.1	188663	188850	1
CP142613.1	188850	188858	2
CP142613.1	188858	188923	1
CP142613.1	188923	188980	0
CP142613.1	188980	188995	1
CP142613.1	188995	189076	2
CP142613.1	189076	189077	1
CP142613.1	189077	189131	2
CP142613.1	189131	189146	1
CP142613.1	189146	189226	0
CP142613.1	189226	189411	1
CP142613.1	189411	189439	0
CP142613.1	189439	189446	1
CP142613.1	189446	189489	2
CP142613.1	189489	189547	3
CP142613.1	189547	189550	4
CP142613.1	189550	189559	5
CP142613.1	189559	189594	4
CP142613.1	189594	189595	3
CP142613.1	189595	189598	2
CP142613.1	189598	189616	3
CP142613.1	189616	189619	4
CP142613.1	189619	189652	3
CP142613.1	189652	189720	2
CP142613.1	189720	189734	1
CP142613.1	189734	189763	2
CP142613.1	189763	189784	1
CP142613.1	189784	189814	2
CP142613.1	189814	189831	1
CP142613.1	189831	189905	2
CP142613.1	189905	189915	1
CP142613.1	189915	189931	0
CP142613.1	189931	189935	1
CP142613.1	189935	190021	2
CP142613.1	190021	190023	3
CP142613.1	190023	190024	2
CP142613.1	190024	190098	1
CP142613.1	190098	190158	2
CP142613.1	190158	190206	3
CP142613.1	190206	190207	2
CP142613.1	190207	190212	3
CP142613.1	190212	190222	2
CP142613.1	190222	190276	1
CP142613.1	190276	190286	2
CP142613.1	190286	190287	1
CP142613.1	190287	190308	2
CP142613.1	190308	190312	1
CP142613.1	190312	190352	2
CP142613.1	190352	190471	1
CP142613.1	190471	190744	0
CP142613.1	190744	190799	1
CP142613.1	190799	190800	0
CP142613.1	190800	190821	1
CP142613.1	190821	190842	2
CP142613.1	190842	190878	1
CP142613.1	190878	191593	0
CP142613.1	191593	191630	1
CP142613.1	191630	191635	2
CP142613.1	191635	191652	3
CP142613.1	191652	191671	4
CP142613.1	191671	191681	5
CP142613.1	191681	191698	4
CP142613.1	191698	191702	3
CP142613.1	191702	191721	4
CP142613.1	191721	191726	1
CP142613.1	191726	191730	0
CP142613.1	191730	191788	3
CP142613.1	191788	191794	4
CP142613.1	191794	191839	5
CP142613.1	191839	191853	4
CP142613.1	191853	191904	3
CP142613.1	191904	191907	2
CP142613.1	191907	191913	1
CP142613.1	191913	191965	0
CP142613.1	191965	192173	1
CP142613.1	192173	192717	0
CP142613.1	192717	192736	1
CP142613.1	192736	192815	2
CP142613.1	192815	192838	3
CP142613.1	192838	192913	2
CP142613.1	192913	192928	1
CP142613.1	192928	192936	2
CP142613.1	192936	192983	3
CP142613.1	192983	193005	2
CP142613.1	193005	193049	3
CP142613.1	193049	193115	2
CP142613.1	193115	193120	1
CP142613.1	193120	193169	2
CP142613.1	193169	193215	1
CP142613.1	193215	193246	2
CP142613.1	193246	193329	1
CP142613.1	193329	193437	0
CP142613.1	193437	193579	1
CP142613.1	193579	193627	2
CP142613.1	193627	193631	1
CP142613.1	193631	193650	2
CP142613.1	193650	193654	1
CP142613.1	193654	193661	2
CP142613.1	193661	193715	3
CP142613.1	193715	193724	2
CP142613.1	193724	193758	3
CP142613.1	193758	193827	2
CP142613.1	193827	193828	1
CP142613.1	193828	193850	2
CP142613.1	193850	193851	1
CP142613.1	193851	193869	2
CP142613.1	193869	193925	1
CP142613.1	193925	193967	2
CP142613.1	193967	194015	1
CP142613.1	194015	194047	2
CP142613.1	194047	194098	3
CP142613.1	194098	194154	2
CP142613.1	194154	194155	1
CP142613.1	194155	194166	2
CP142613.1	194166	194168	1
CP142613.1	194168	194174	2
CP142613.1	194174	194264	1
CP142613.1	194264	194274	2
CP142613.1	194274	194320	3
CP142613.1	194320	194327	4
CP142613.1	194327	194328	3
CP142613.1	194328	194345	4
CP142613.1	194345	194400	3
CP142613.1	194400	194415	2
CP142613.1	194415	194432	3
CP142613.1	194432	194513	2
CP142613.1	194513	194524	1
CP142613.1	194524	194588	0
CP142613.1	194588	194626	1
CP142613.1	194626	194649	2
CP142613.1	194649	194667	3
CP142613.1	194667	194697	2
CP142613.1	194697	194698	1
CP142613.1	194698	194710	2
CP142613.1	194710	194711	1
CP142613.1	194711	194718	2
CP142613.1	194718	194720	1
CP142613.1	194720	194747	2
CP142613.1	194747	194759	3
CP142613.1	194759	194807	4
CP142613.1	194807	194861	3
CP142613.1	194861	194862	2
CP142613.1	194862	194871	3
CP142613.1	194871	194890	2
CP142613.1	194890	194976	1
CP142613.1	194976	195177	0
CP142613.1	195177	195273	1
CP142613.1	195273	195277	2
CP142613.1	195277	195294	1
CP142613.1	195294	195314	2
CP142613.1	195314	195329	3
CP142613.1	195329	195339	4
CP142613.1	195339	195379	3
CP142613.1	195379	195409	2
CP142613.1	195409	195411	1
CP142613.1	195411	195501	2
CP142613.1	195501	195578	1
CP142613.1	195578	195582	2
CP142613.1	195582	195635	3
CP142613.1	195635	195639	2
CP142613.1	195639	195717	1
CP142613.1	195717	195739	2
CP142613.1	195739	195837	1
CP142613.1	195837	195927	2
CP142613.1	195927	195982	1
CP142613.1	195982	195996	2
CP142613.1	195996	195998	1
CP142613.1	195998	196002	2
CP142613.1	196002	196022	3
CP142613.1	196022	196025	2
CP142613.1	196025	196051	3
CP142613.1	196051	196122	2
CP142613.1	196122	196128	1
CP142613.1	196128	196298	0
CP142613.1	196298	196394	1
CP142613.1	196394	196414	0
CP142613.1	196414	196551	1
CP142613.1	196551	196995	0
CP142613.1	196995	197107	1
CP142613.1	197107	197112	0
CP142613.1	197112	197122	1
CP142613.1	197122	197199	2
CP142613.1	197199	197229	1
CP142613.1	197229	197285	0
CP142613.1	197285	197290	1
CP142613.1	197290	197305	2
CP142613.1	197305	197315	3
CP142613.1	197315	197381	4
CP142613.1	197381	197383	3
CP142613.1	197383	197386	4
CP142613.1	197386	197403	3
CP142613.1	197403	197405	2
CP142613.1	197405	197413	4
CP142613.1	197413	197442	3
CP142613.1	197442	197484	2
CP142613.1	197484	197499	3
CP142613.1	197499	197539	2
CP142613.1	197539	197568	3
CP142613.1	197568	197580	2
CP142613.1	197580	197625	3
CP142613.1	197625	197662	2
CP142613.1	197662	197702	1
CP142613.1	197702	197943	0
CP142613.1	197943	198088	1
CP142613.1	198088	198160	0
CP142613.1	198160	198166	1
CP142613.1	198166	198236	2
CP142613.1	198236	198237	1
CP142613.1	198237	198249	2
CP142613.1	198249	198256	1
CP142613.1	198256	198272	2
CP142613.1	198272	198273	1
CP142613.1	198273	198310	2
CP142613.1	198310	198344	3
CP142613.1	198344	198362	2
CP142613.1	198362	198444	1
CP142613.1	198444	198447	2
CP142613.1	198447	198510	1
CP142613.1	198510	198558	0
CP142613.1	198558	198662	1
CP142613.1	198662	198715	2
CP142613.1	198715	198773	3
CP142613.1	198773	198819	2
CP142613.1	198819	198873	1
CP142613.1	198873	199159	0
CP142613.1	199159	199254	1
CP142613.1	199254	199294	2
CP142613.1	199294	199388	3
CP142613.1	199388	199389	2
CP142613.1	199389	199393	3
CP142613.1	199393	199396	2
CP142613.1	199396	199398	3
CP142613.1	199398	199401	2
CP142613.1	199401	199441	3
CP142613.1	199441	199515	2
CP142613.1	199515	199582	1
CP142613.1	199582	199583	0
CP142613.1	199583	199584	1
CP142613.1	199584	199596	2
CP142613.1	199596	199598	3
CP142613.1	199598	199629	2
CP142613.1	199629	199630	1
CP142613.1	199630	199649	2
CP142613.1	199649	199653	3
CP142613.1	199653	199670	2
CP142613.1	199670	199757	3
CP142613.1	199757	199790	2
CP142613.1	199790	199793	1
CP142613.1	199793	199835	0
CP142613.1	199835	199894	1
CP142613.1	199894	200004	0
CP142613.1	200004	200093	1
CP142613.1	200093	200096	0
CP142613.1	200096	200148	1
CP142613.1	200148	200167	2
CP142613.1	200167	200321	1
CP142613.1	200321	200330	2
CP142613.1	200330	200351	1
CP142613.1	200351	200404	2
CP142613.1	200404	200406	3
CP142613.1	200406	200417	4
CP142613.1	200417	200483	5
CP142613.1	200483	200484	3
CP142613.1	200484	200526	5
CP142613.1	200526	200537	4
CP142613.1	200537	200538	3
CP142613.1	200538	200556	4
CP142613.1	200556	200566	3
CP142613.1	200566	200571	2
CP142613.1	200571	200572	1
CP142613.1	200572	200586	2
CP142613.1	200586	200589	1
CP142613.1	200589	200633	2
CP142613.1	200633	200634	1
CP142613.1	200634	200671	2
CP142613.1	200671	200682	1
CP142613.1	200682	200749	0
CP142613.1	200749	200844	1
CP142613.1	200844	200850	0
CP142613.1	200850	200862	1
CP142613.1	200862	200967	2
CP142613.1	200967	200968	1
CP142613.1	200968	201033	2
CP142613.1	201033	201050	1
CP142613.1	201050	201069	2
CP142613.1	201069	201086	3
CP142613.1	201086	201097	4
CP142613.1	201097	201098	3
CP142613.1	201098	201099	2
CP142613.1	201099	201101	3
CP142613.1	201101	201105	4
CP142613.1	201105	201107	5
CP142613.1	201107	201111	4
CP142613.1	201111	201139	5
CP142613.1	201139	201148	6
CP142613.1	201148	201149	5
CP142613.1	201149	201179	6
CP142613.1	201179	201180	3
CP142613.1	201180	201197	1
CP142613.1	201197	201216	4
CP142613.1	201216	201242	5
CP142613.1	201242	201243	3
CP142613.1	201243	201244	2
CP142613.1	201244	201245	1
CP142613.1	201245	201254	2
CP142613.1	201254	201257	1
CP142613.1	201257	201272	2
CP142613.1	201272	201312	1
CP142613.1	201312	201326	2
CP142613.1	201326	201332	0
CP142613.1	201332	201336	2
CP142613.1	201336	201360	3
CP142613.1	201360	201388	2
CP142613.1	201388	201436	3
CP142613.1	201436	201498	2
CP142613.1	201498	201502	1
CP142613.1	201502	201831	0
CP142613.1	201831	201923	1
CP142613.1	201923	201944	2
CP142613.1	201944	201999	1
CP142613.1	201999	202000	0
CP142613.1	202000	202043	1
CP142613.1	202043	202134	0
CP142613.1	202134	202196	1
CP142613.1	202196	202198	2
CP142613.1	202198	202199	1
CP142613.1	202199	202237	2
CP142613.1	202237	202252	3
CP142613.1	202252	202253	2
CP142613.1	202253	202270	3
CP142613.1	202270	202277	2
CP142613.1	202277	202278	1
CP142613.1	202278	202333	2
CP142613.1	202333	202370	3
CP142613.1	202370	202423	1
CP142613.1	202423	202424	0
CP142613.1	202424	202471	1
CP142613.1	202471	202626	0
CP142613.1	202626	202677	1
CP142613.1	202677	202692	2
CP142613.1	202692	202760	1
CP142613.1	202760	202812	2
CP142613.1	202812	202852	1
CP142613.1	202852	202868	0
CP142613.1	202868	202898	1
CP142613.1	202898	202937	2
CP142613.1	202937	202938	1
CP142613.1	202938	202977	2
CP142613.1	202977	203027	1
CP142613.1	203027	203074	2
CP142613.1	203074	203075	1
CP142613.1	203075	203087	2
CP142613.1	203087	203102	1
CP142613.1	203102	203103	0
CP142613.1	203103	203158	1
CP142613.1	203158	203343	0
CP142613.1	203343	203456	1
CP142613.1	203456	203487	2
CP142613.1	203487	203489	1
CP142613.1	203489	203497	2
CP142613.1	203497	203590	1
CP142613.1	203590	203661	0
CP142613.1	203661	203751	1
CP142613.1	203751	203764	2
CP142613.1	203764	203805	1
CP142613.1	203805	203884	2
CP142613.1	203884	204017	3
CP142613.1	204017	204018	2
CP142613.1	204018	204019	1
CP142613.1	204019	204027	3
CP142613.1	204027	204028	2
CP142613.1	204028	204030	3
CP142613.1	204030	204058	4
CP142613.1	204058	204088	3
CP142613.1	204088	204090	2
CP142613.1	204090	204189	1
CP142613.1	204189	204202	0
CP142613.1	204202	204263	1
CP142613.1	204263	204334	2
CP142613.1	204334	204337	1
CP142613.1	204337	204367	0
CP142613.1	204367	204410	1
CP142613.1	204410	204411	0
CP142613.1	204411	204417	1
CP142613.1	204417	204422	2
CP142613.1	204422	204423	1
CP142613.1	204423	204470	2
CP142613.1	204470	204497	1
CP142613.1	204497	204638	0
CP142613.1	204638	204686	1
CP142613.1	204686	204784	2
CP142613.1	204784	204841	1
CP142613.1	204841	204842	0
CP142613.1	204842	204880	1
CP142613.1	204880	204900	0
CP142613.1	204900	204963	1
CP142613.1	204963	204968	2
CP142613.1	204968	205061	1
CP142613.1	205061	205062	0
CP142613.1	205062	205088	1
CP142613.1	205088	205161	2
CP142613.1	205161	205166	1
CP142613.1	205166	205174	2
CP142613.1	205174	205180	1
CP142613.1	205180	205188	0
CP142613.1	205188	205222	1
CP142613.1	205222	205234	2
CP142613.1	205234	205235	1
CP142613.1	205235	205356	2
CP142613.1	205356	205401	1
CP142613.1	205401	205460	2
CP142613.1	205460	205483	1
CP142613.1	205483	205766	0
CP142613.1	205766	205775	1
CP142613.1	205775	205778	2
CP142613.1	205778	205849	3
CP142613.1	205849	205907	2
CP142613.1	205907	205908	1
CP142613.1	205908	206020	0
CP142613.1	206020	206041	2
CP142613.1	206041	206043	1
CP142613.1	206043	206061	2
CP142613.1	206061	206063	1
CP142613.1	206063	206139	2
CP142613.1	206139	206149	1
CP142613.1	206149	206852	0
CP142613.1	206852	206918	1
CP142613.1	206918	207037	0
CP142613.1	207037	207103	1
CP142613.1	207103	207109	0
CP142613.1	207109	207111	1
CP142613.1	207111	207163	2
CP142613.1	207163	207166	3
CP142613.1	207166	207184	2
CP142613.1	207184	207220	3
CP142613.1	207220	207333	2
CP142613.1	207333	207378	1
CP142613.1	207378	207678	0
CP142613.1	207678	207749	1
CP142613.1	207749	207773	2
CP142613.1	207773	207841	1
CP142613.1	207841	207877	0
CP142613.1	207877	207949	1
CP142613.1	207949	208095	2
CP142613.1	208095	208158	3
CP142613.1	208158	208178	4
CP142613.1	208178	208186	3
CP142613.1	208186	208188	2
CP142613.1	208188	208189	1
CP142613.1	208189	208194	2
CP142613.1	208194	208198	1
CP142613.1	208198	208246	2
CP142613.1	208246	208314	1
CP142613.1	208314	208606	0
CP142613.1	208606	208661	1
CP142613.1	208661	208755	2
CP142613.1	208755	208791	1
CP142613.1	208791	208829	2
CP142613.1	208829	208863	1
CP142613.1	208863	208897	2
CP142613.1	208897	208898	1
CP142613.1	208898	209041	2
CP142613.1	209041	209044	1
CP142613.1	209044	209131	2
CP142613.1	209131	209194	1
CP142613.1	209194	209213	0
CP142613.1	209213	209312	1
CP142613.1	209312	209467	0
CP142613.1	209467	209491	1
CP142613.1	209491	209510	2
CP142613.1	209510	209528	1
CP142613.1	209528	209565	2
CP142613.1	209565	209616	3
CP142613.1	209616	209620	2
CP142613.1	209620	209625	1
CP142613.1	209625	209671	0
CP142613.1	209671	209685	1
CP142613.1	209685	209748	2
CP142613.1	209748	209760	1
CP142613.1	209760	209773	0
CP142613.1	209773	209840	1
CP142613.1	209840	209841	0
CP142613.1	209841	209922	1
CP142613.1	209922	209981	2
CP142613.1	209981	210177	1
CP142613.1	210177	210401	0
CP142613.1	210401	210472	1
CP142613.1	210472	210832	0
CP142613.1	210832	210896	1
CP142613.1	210896	211042	0
CP142613.1	211042	211087	1
CP142613.1	211087	211134	2
CP142613.1	211134	211152	3
CP142613.1	211152	211172	4
CP142613.1	211172	211194	5
CP142613.1	211194	211244	4
CP142613.1	211244	211249	3
CP142613.1	211249	211308	2
CP142613.1	211308	211369	3
CP142613.1	211369	211384	2
CP142613.1	211384	211386	1
CP142613.1	211386	211414	0
CP142613.1	211414	211423	1
CP142613.1	211423	211456	2
CP142613.1	211456	211486	1
CP142613.1	211486	211496	2
CP142613.1	211496	211508	1
CP142613.1	211508	211551	3
CP142613.1	211551	211636	2
CP142613.1	211636	211701	3
CP142613.1	211701	211716	2
CP142613.1	211716	211787	1
CP142613.1	211787	211857	0
CP142613.1	211857	211868	1
CP142613.1	211868	211893	2
CP142613.1	211893	211928	1
CP142613.1	211928	211946	0
CP142613.1	211946	211978	1
CP142613.1	211978	211979	0
CP142613.1	211979	212048	1
CP142613.1	212048	212557	0
CP142613.1	212557	212584	1
CP142613.1	212584	212585	0
CP142613.1	212585	212644	1
CP142613.1	212644	212694	2
CP142613.1	212694	212704	1
CP142613.1	212704	212796	0
CP142613.1	212796	212846	1
CP142613.1	212846	212938	2
CP142613.1	212938	212941	1
CP142613.1	212941	213229	0
CP142613.1	213229	213276	1
CP142613.1	213276	213301	2
CP142613.1	213301	213304	1
CP142613.1	213304	213360	3
CP142613.1	213360	213375	2
CP142613.1	213375	213447	1
CP142613.1	213447	213620	2
CP142613.1	213620	213638	1
CP142613.1	213638	213649	0
CP142613.1	213649	213657	1
CP142613.1	213657	213746	2
CP142613.1	213746	213813	1
CP142613.1	213813	213826	0
CP142613.1	213826	213848	1
CP142613.1	213848	213921	2
CP142613.1	213921	213990	1
CP142613.1	213990	214098	0
CP142613.1	214098	214133	1
CP142613.1	214133	214134	0
CP142613.1	214134	214154	1
CP142613.1	214154	214172	2
CP142613.1	214172	214173	1
CP142613.1	214173	214199	2
CP142613.1	214199	214209	3
CP142613.1	214209	214228	2
CP142613.1	214228	214274	3
CP142613.1	214274	214275	2
CP142613.1	214275	214281	3
CP142613.1	214281	214290	4
CP142613.1	214290	214313	3
CP142613.1	214313	214412	2
CP142613.1	214412	214413	1
CP142613.1	214413	214480	2
CP142613.1	214480	214501	1
CP142613.1	214501	214511	2
CP142613.1	214511	214513	1
CP142613.1	214513	214564	2
CP142613.1	214564	214565	1
CP142613.1	214565	214566	2
CP142613.1	214566	214607	1
CP142613.1	214607	214745	0
CP142613.1	214745	214759	1
CP142613.1	214759	214762	0
CP142613.1	214762	214812	1
CP142613.1	214812	214816	0
CP142613.1	214816	214879	1
CP142613.1	214879	214892	0
CP142613.1	214892	215081	1
CP142613.1	215081	215130	0
CP142613.1	215130	215238	1
CP142613.1	215238	215315	2
CP142613.1	215315	215331	3
CP142613.1	215331	215351	2
CP142613.1	215351	215518	1
CP142613.1	215518	215532	0
CP142613.1	215532	215668	1
CP142613.1	215668	215720	2
CP142613.1	215720	215721	1
CP142613.1	215721	215751	2
CP142613.1	215751	215960	1
CP142613.1	215960	215982	0
CP142613.1	215982	216074	1
CP142613.1	216074	216566	0
CP142613.1	216566	216629	1
CP142613.1	216629	216630	0
CP142613.1	216630	216683	1
CP142613.1	216683	216771	0
CP142613.1	216771	216863	1
CP142613.1	216863	216915	0
CP142613.1	216915	216941	1
CP142613.1	216941	216954	2
CP142613.1	216954	216979	3
CP142613.1	216979	216980	0
CP142613.1	216980	216982	2
CP142613.1	216982	216992	3
CP142613.1	216992	216993	2
CP142613.1	216993	217010	3
CP142613.1	217010	217066	2
CP142613.1	217066	217127	3
CP142613.1	217127	217128	2
CP142613.1	217128	217143	3
CP142613.1	217143	217148	2
CP142613.1	217148	217161	3
CP142613.1	217161	217198	2
CP142613.1	217198	217217	3
CP142613.1	217217	217222	2
CP142613.1	217222	217255	1
CP142613.1	217255	217257	0
CP142613.1	217257	217279	1
CP142613.1	217279	217326	0
CP142613.1	217326	217369	1
CP142613.1	217369	217432	2
CP142613.1	217432	217439	1
CP142613.1	217439	217440	0
CP142613.1	217440	217547	1
CP142613.1	217547	217611	0
CP142613.1	217611	217801	1
CP142613.1	217801	217808	0
CP142613.1	217808	217871	1
CP142613.1	217871	217882	2
CP142613.1	217882	217886	0
CP142613.1	217886	217937	2
CP142613.1	217937	217972	1
CP142613.1	217972	217996	0
CP142613.1	217996	218043	1
CP142613.1	218043	218209	0
CP142613.1	218209	218216	1
CP142613.1	218216	218259	2
CP142613.1	218259	218260	1
CP142613.1	218260	218377	2
CP142613.1	218377	218378	1
CP142613.1	218378	218407	2
CP142613.1	218407	218414	1
CP142613.1	218414	218610	2
CP142613.1	218610	218662	1
CP142613.1	218662	218702	0
CP142613.1	218702	218734	1
CP142613.1	218734	218766	2
CP142613.1	218766	218767	1
CP142613.1	218767	218812	2
CP142613.1	218812	218875	1
CP142613.1	218875	218877	0
CP142613.1	218877	218943	1
CP142613.1	218943	218953	0
CP142613.1	218953	218999	1
CP142613.1	218999	219007	2
CP142613.1	219007	219116	1
CP142613.1	219116	219149	0
CP142613.1	219149	219184	1
CP142613.1	219184	219201	0
CP142613.1	219201	219259	1
CP142613.1	219259	219292	2
CP142613.1	219292	219293	1
CP142613.1	219293	219330	2
CP142613.1	219330	219392	1
CP142613.1	219392	219522	2
CP142613.1	219522	219547	3
CP142613.1	219547	219568	2
CP142613.1	219568	219590	3
CP142613.1	219590	219591	2
CP142613.1	219591	219603	3
CP142613.1	219603	219667	2
CP142613.1	219667	219681	1
CP142613.1	219681	219684	2
CP142613.1	219684	219695	1
CP142613.1	219695	219836	2
CP142613.1	219836	219885	3
CP142613.1	219885	219914	2
CP142613.1	219914	220057	1
CP142613.1	220057	220093	2
CP142613.1	220093	220172	1
CP142613.1	220172	220175	3
CP142613.1	220175	220222	4
CP142613.1	220222	220375	1
CP142613.1	220375	220399	2
CP142613.1	220399	220454	1
CP142613.1	220454	220647	0
CP142613.1	220647	220706	1
CP142613.1	220706	220749	2
CP142613.1	220749	220787	3
CP142613.1	220787	220792	2
CP142613.1	220792	220821	3
CP142613.1	220821	220830	2
CP142613.1	220830	220836	3
CP142613.1	220836	220876	2
CP142613.1	220876	220880	1
CP142613.1	220880	220884	0
CP142613.1	220884	220889	1
CP142613.1	220889	220916	2
CP142613.1	220916	220919	1
CP142613.1	220919	220931	2
CP142613.1	220931	220933	1
CP142613.1	220933	220968	2
CP142613.1	220968	220969	0
CP142613.1	220969	221016	2
CP142613.1	221016	221018	0
CP142613.1	221018	221019	1
CP142613.1	221019	221024	3
CP142613.1	221024	221063	4
CP142613.1	221063	221079	3
CP142613.1	221079	221094	2
CP142613.1	221094	221109	1
CP142613.1	221109	221134	2
CP142613.1	221134	221135	1
CP142613.1	221135	221148	2
CP142613.1	221148	221149	3
CP142613.1	221149	221176	4
CP142613.1	221176	221181	5
CP142613.1	221181	221251	4
CP142613.1	221251	221252	5
CP142613.1	221252	221262	4
CP142613.1	221262	221287	3
CP142613.1	221287	221298	2
CP142613.1	221298	221374	1
CP142613.1	221374	221444	2
CP142613.1	221444	221469	3
CP142613.1	221469	221471	2
CP142613.1	221471	221636	1
CP142613.1	221636	221930	0
CP142613.1	221930	222049	1
CP142613.1	222049	222199	0
CP142613.1	222199	222209	1
CP142613.1	222209	222256	2
CP142613.1	222256	222257	1
CP142613.1	222257	222264	2
CP142613.1	222264	222267	1
CP142613.1	222267	222302	2
CP142613.1	222302	222314	1
CP142613.1	222314	222327	2
CP142613.1	222327	222333	1
CP142613.1	222333	222334	0
CP142613.1	222334	222368	1
CP142613.1	222368	222434	0
CP142613.1	222434	222523	1
CP142613.1	222523	222620	0
CP142613.1	222620	222896	1
CP142613.1	222896	222934	2
CP142613.1	222934	222952	3
CP142613.1	222952	222967	2
CP142613.1	222967	223006	3
CP142613.1	223006	223037	2
CP142613.1	223037	223049	1
CP142613.1	223049	223068	2
CP142613.1	223068	223155	1
CP142613.1	223155	223164	2
CP142613.1	223164	223217	1
CP142613.1	223217	223218	0
CP142613.1	223218	223267	1
CP142613.1	223267	223309	2
CP142613.1	223309	223326	1
CP142613.1	223326	223329	0
CP142613.1	223329	223405	1
CP142613.1	223405	223406	0
CP142613.1	223406	223474	1
CP142613.1	223474	223478	0
CP142613.1	223478	223507	1
CP142613.1	223507	223528	0
CP142613.1	223528	223577	1
CP142613.1	223577	223625	0
CP142613.1	223625	223690	1
CP142613.1	223690	223702	0
CP142613.1	223702	223716	1
CP142613.1	223716	223780	2
CP142613.1	223780	223923	1
CP142613.1	223923	224002	2
CP142613.1	224002	224010	1
CP142613.1	224010	224012	0
CP142613.1	224012	224074	1
CP142613.1	224074	224136	2
CP142613.1	224136	224172	1
CP142613.1	224172	224304	0
CP142613.1	224304	224378	1
CP142613.1	224378	224643	0
CP142613.1	224643	224668	1
CP142613.1	224668	224669	0
CP142613.1	224669	224723	1
CP142613.1	224723	224786	2
CP142613.1	224786	224806	1
CP142613.1	224806	224808	2
CP142613.1	224808	224916	1
CP142613.1	224916	224923	0
CP142613.1	224923	224993	1
CP142613.1	224993	225072	2
CP142613.1	225072	225076	1
CP142613.1	225076	225111	2
CP142613.1	225111	225448	1
CP142613.1	225448	225548	0
CP142613.1	225548	225552	1
CP142613.1	225552	225569	2
CP142613.1	225569	225575	1
CP142613.1	225575	225576	0
CP142613.1	225576	225578	1
CP142613.1	225578	225619	3
CP142613.1	225619	225621	2
CP142613.1	225621	225628	3
CP142613.1	225628	225629	2
CP142613.1	225629	225654	3
CP142613.1	225654	225741	4
CP142613.1	225741	225787	3
CP142613.1	225787	225816	4
CP142613.1	225816	225854	3
CP142613.1	225854	225925	2
CP142613.1	225925	225939	1
CP142613.1	225939	225953	0
CP142613.1	225953	225963	1
CP142613.1	225963	226003	2
CP142613.1	226003	226013	3
CP142613.1	226013	226023	2
CP142613.1	226023	226064	3
CP142613.1	226064	226067	1
CP142613.1	226067	226072	2
CP142613.1	226072	226075	3
CP142613.1	226075	226078	2
CP142613.1	226078	226113	3
CP142613.1	226113	226117	4
CP142613.1	226117	226155	3
CP142613.1	226155	226175	4
CP142613.1	226175	226200	3
CP142613.1	226200	226224	2
CP142613.1	226224	226361	1
CP142613.1	226361	226370	0
CP142613.1	226370	226393	1
CP142613.1	226393	226414	2
CP142613.1	226414	226457	3
CP142613.1	226457	226458	2
CP142613.1	226458	226509	1
CP142613.1	226509	226658	0
CP142613.1	226658	226677	1
CP142613.1	226677	226715	2
CP142613.1	226715	226774	1
CP142613.1	226774	226794	2
CP142613.1	226794	226795	1
CP142613.1	226795	226828	2
CP142613.1	226828	226934	1
CP142613.1	226934	226956	0
CP142613.1	226956	227008	7
CP142613.1	227008	227029	1
CP142613.1	227029	227118	2
CP142613.1	227118	227119	1
CP142613.1	227119	227135	2
CP142613.1	227135	227136	1
CP142613.1	227136	227167	2
CP142613.1	227167	227168	1
CP142613.1	227168	227190	2
CP142613.1	227190	227254	1
CP142613.1	227254	227292	0
CP142613.1	227292	227428	1
CP142613.1	227428	227466	0
CP142613.1	227466	227556	1
CP142613.1	227556	227579	0
CP142613.1	227579	227663	1
CP142613.1	227663	227756	2
CP142613.1	227756	227778	1
CP142613.1	227778	227831	2
CP142613.1	227831	227836	1
CP142613.1	227836	227856	2
CP142613.1	227856	227858	1
CP142613.1	227858	227974	2
CP142613.1	227974	227990	1
CP142613.1	227990	228004	2
CP142613.1	228004	228043	1
CP142613.1	228043	228065	2
CP142613.1	228065	228066	1
CP142613.1	228066	228120	2
CP142613.1	228120	228190	1
CP142613.1	228190	228286	0
CP142613.1	228286	228305	1
CP142613.1	228305	228361	2
CP142613.1	228361	228432	3
CP142613.1	228432	228523	2
CP142613.1	228523	228584	1
CP142613.1	228584	228672	0
CP142613.1	228672	228837	1
CP142613.1	228837	228914	0
CP142613.1	228914	228916	1
CP142613.1	228916	228968	2
CP142613.1	228968	228969	1
CP142613.1	228969	228978	2
CP142613.1	228978	228985	3
CP142613.1	228985	229031	2
CP142613.1	229031	229032	1
CP142613.1	229032	229034	2
CP142613.1	229034	229067	3
CP142613.1	229067	229094	2
CP142613.1	229094	229127	3
CP142613.1	229127	229137	4
CP142613.1	229137	229140	3
CP142613.1	229140	229151	4
CP142613.1	229151	229156	3
CP142613.1	229156	229186	4
CP142613.1	229186	229196	3
CP142613.1	229196	229211	4
CP142613.1	229211	229222	3
CP142613.1	229222	229227	2
CP142613.1	229227	229238	3
CP142613.1	229238	229239	2
CP142613.1	229239	229257	3
CP142613.1	229257	229315	2
CP142613.1	229315	229452	1
CP142613.1	229452	229503	2
CP142613.1	229503	229599	1
CP142613.1	229599	229729	0
CP142613.1	229729	229868	1
CP142613.1	229868	229870	0
CP142613.1	229870	229890	1
CP142613.1	229890	230335	0
CP142613.1	230335	230355	1
CP142613.1	230355	230380	2
CP142613.1	230380	230388	3
CP142613.1	230388	230414	4
CP142613.1	230414	230415	3
CP142613.1	230415	230462	4
CP142613.1	230462	230502	5
CP142613.1	230502	230533	4
CP142613.1	230533	230549	3
CP142613.1	230549	230671	1
CP142613.1	230671	230953	0
CP142613.1	230953	230976	1
CP142613.1	230976	231002	2
CP142613.1	231002	231019	3
CP142613.1	231019	231020	2
CP142613.1	231020	231028	3
CP142613.1	231028	231035	2
CP142613.1	231035	231062	3
CP142613.1	231062	231063	2
CP142613.1	231063	231095	1
CP142613.1	231095	231098	0
CP142613.1	231098	231217	1
CP142613.1	231217	231269	2
CP142613.1	231269	231325	1
CP142613.1	231325	231412	2
CP142613.1	231412	231535	1
CP142613.1	231535	231541	0
CP142613.1	231541	231549	1
CP142613.1	231549	231598	2
CP142613.1	231598	231601	1
CP142613.1	231601	231605	2
CP142613.1	231605	231606	1
CP142613.1	231606	231610	2
CP142613.1	231610	231638	3
CP142613.1	231638	231702	4
CP142613.1	231702	231705	5
CP142613.1	231705	231720	4
CP142613.1	231720	231726	3
CP142613.1	231726	231729	4
CP142613.1	231729	231730	3
CP142613.1	231730	231745	4
CP142613.1	231745	231751	3
CP142613.1	231751	231754	2
CP142613.1	231754	231773	3
CP142613.1	231773	231775	2
CP142613.1	231775	231799	3
CP142613.1	231799	231800	2
CP142613.1	231800	231804	3
CP142613.1	231804	231900	2
CP142613.1	231900	231924	3
CP142613.1	231924	231925	0
CP142613.1	231925	231950	3
CP142613.1	231950	231960	2
CP142613.1	231960	231961	1
CP142613.1	231961	232022	0
CP142613.1	232022	232037	1
CP142613.1	232037	232039	0
CP142613.1	232039	232060	1
CP142613.1	232060	232158	2
CP142613.1	232158	232160	0
CP142613.1	232160	232198	2
CP142613.1	232198	232200	1
CP142613.1	232200	232218	2
CP142613.1	232218	232221	0
CP142613.1	232221	232355	1
CP142613.1	232355	232402	2
CP142613.1	232402	232515	1
CP142613.1	232515	232602	2
CP142613.1	232602	232627	3
CP142613.1	232627	232702	2
CP142613.1	232702	232759	3
CP142613.1	232759	232760	2
CP142613.1	232760	232795	3
CP142613.1	232795	232800	4
CP142613.1	232800	232831	5
CP142613.1	232831	232832	4
CP142613.1	232832	232833	5
CP142613.1	232833	232838	4
CP142613.1	232838	232843	3
CP142613.1	232843	232846	2
CP142613.1	232846	232861	3
CP142613.1	232861	232862	2
CP142613.1	232862	232883	3
CP142613.1	232883	232936	2
CP142613.1	232936	232952	1
CP142613.1	232952	233145	0
CP142613.1	233145	233199	1
CP142613.1	233199	233206	0
CP142613.1	233206	233227	1
CP142613.1	233227	233309	2
CP142613.1	233309	233348	1
CP142613.1	233348	233780	0
CP142613.1	233780	233807	1
CP142613.1	233807	233809	0
CP142613.1	233809	233824	1
CP142613.1	233824	233851	2
CP142613.1	233851	233894	1
CP142613.1	233894	233999	0
CP142613.1	233999	234093	1
CP142613.1	234093	234094	0
CP142613.1	234094	234206	1
CP142613.1	234206	234211	2
CP142613.1	234211	234212	0
CP142613.1	234212	234268	1
CP142613.1	234268	234270	0
CP142613.1	234270	234306	1
CP142613.1	234306	234308	0
CP142613.1	234308	234434	1
CP142613.1	234434	234485	2
CP142613.1	234485	234487	3
CP142613.1	234487	234511	2
CP142613.1	234511	234513	3
CP142613.1	234513	234545	4
CP142613.1	234545	234587	5
CP142613.1	234587	234618	4
CP142613.1	234618	234662	3
CP142613.1	234662	234686	2
CP142613.1	234686	234720	1
CP142613.1	234720	234736	0
CP142613.1	234736	234847	1
CP142613.1	234847	235078	0
CP142613.1	235078	235115	1
CP142613.1	235115	235145	2
CP142613.1	235145	235314	1
CP142613.1	235314	235342	0
CP142613.1	235342	235491	1
CP142613.1	235491	235590	0
CP142613.1	235590	235669	1
CP142613.1	235669	235675	0
CP142613.1	235675	235679	1
CP142613.1	235679	235689	0
CP142613.1	235689	235692	1
CP142613.1	235692	235694	0
CP142613.1	235694	235749	1
CP142613.1	235749	235781	2
CP142613.1	235781	235783	0
CP142613.1	235783	235922	2
CP142613.1	235922	235928	1
CP142613.1	235928	236022	0
CP142613.1	236022	236081	1
CP142613.1	236081	236088	2
CP142613.1	236088	236095	1
CP142613.1	236095	236112	2
CP142613.1	236112	236113	0
CP142613.1	236113	236116	1
CP142613.1	236116	236136	2
CP142613.1	236136	236141	1
CP142613.1	236141	236151	2
CP142613.1	236151	236164	1
CP142613.1	236164	236277	2
CP142613.1	236277	236280	1
CP142613.1	236280	236293	2
CP142613.1	236293	236315	3
CP142613.1	236315	236317	2
CP142613.1	236317	236325	1
CP142613.1	236325	236326	0
CP142613.1	236326	236374	1
CP142613.1	236374	236414	2
CP142613.1	236414	236430	3
CP142613.1	236430	236474	4
CP142613.1	236474	236499	3
CP142613.1	236499	236503	4
CP142613.1	236503	236511	3
CP142613.1	236511	236592	2
CP142613.1	236592	236595	1
CP142613.1	236595	236671	2
CP142613.1	236671	236708	1
CP142613.1	236708	236710	0
CP142613.1	236710	236717	1
CP142613.1	236717	236765	2
CP142613.1	236765	236767	1
CP142613.1	236767	236786	0
CP142613.1	236786	236849	1
CP142613.1	236849	236885	2
CP142613.1	236885	236904	3
CP142613.1	236904	236984	2
CP142613.1	236984	236992	1
CP142613.1	236992	237023	2
CP142613.1	237023	237028	1
CP142613.1	237028	237053	2
CP142613.1	237053	237067	1
CP142613.1	237067	237071	0
CP142613.1	237071	237135	1
CP142613.1	237135	237246	0
CP142613.1	237246	237300	2
CP142613.1	237300	237359	3
CP142613.1	237359	237459	2
CP142613.1	237459	237516	1
CP142613.1	237516	237559	2
CP142613.1	237559	237622	1
CP142613.1	237622	237661	2
CP142613.1	237661	237709	3
CP142613.1	237709	237832	2
CP142613.1	237832	237916	1
CP142613.1	237916	237962	2
CP142613.1	237962	237976	3
CP142613.1	237976	238044	2
CP142613.1	238044	238045	1
CP142613.1	238045	238064	2
CP142613.1	238064	238072	1
CP142613.1	238072	238102	2
CP142613.1	238102	238136	1
CP142613.1	238136	238158	2
CP142613.1	238158	238160	0
CP142613.1	238160	238244	2
CP142613.1	238244	238366	1
CP142613.1	238366	238374	0
CP142613.1	238374	238436	1
CP142613.1	238436	238437	0
CP142613.1	238437	238490	1
CP142613.1	238490	238493	0
CP142613.1	238493	238510	1
CP142613.1	238510	238582	0
CP142613.1	238582	238598	1
CP142613.1	238598	238673	2
CP142613.1	238673	238762	1
CP142613.1	238762	238787	0
CP142613.1	238787	238804	1
CP142613.1	238804	238901	2
CP142613.1	238901	238924	3
CP142613.1	238924	238925	2
CP142613.1	238925	238997	3
CP142613.1	238997	239102	2
CP142613.1	239102	239111	1
CP142613.1	239111	239141	2
CP142613.1	239141	239147	3
CP142613.1	239147	239155	4
CP142613.1	239155	239156	5
CP142613.1	239156	239186	3
CP142613.1	239186	239233	2
CP142613.1	239233	239235	1
CP142613.1	239235	239237	2
CP142613.1	239237	239239	1
CP142613.1	239239	239242	2
CP142613.1	239242	239260	3
CP142613.1	239260	239291	4
CP142613.1	239291	239292	3
CP142613.1	239292	239310	4
CP142613.1	239310	239329	3
CP142613.1	239329	239421	2
CP142613.1	239421	239486	1
CP142613.1	239486	239573	0
CP142613.1	239573	239589	1
CP142613.1	239589	239742	2
CP142613.1	239742	239756	3
CP142613.1	239756	239807	4
CP142613.1	239807	239840	3
CP142613.1	239840	239844	4
CP142613.1	239844	239871	3
CP142613.1	239871	239876	2
CP142613.1	239876	239879	1
CP142613.1	239879	239896	2
CP142613.1	239896	239946	1
CP142613.1	239946	239981	2
CP142613.1	239981	240010	1
CP142613.1	240010	240013	0
CP142613.1	240013	240022	1
CP142613.1	240022	240023	0
CP142613.1	240023	240103	1
CP142613.1	240103	240113	2
CP142613.1	240113	240187	1
CP142613.1	240187	240210	2
CP142613.1	240210	240241	3
CP142613.1	240241	240262	2
CP142613.1	240262	240263	1
CP142613.1	240263	240293	2
CP142613.1	240293	240442	1
CP142613.1	240442	240443	0
CP142613.1	240443	240450	1
CP142613.1	240450	240461	0
CP142613.1	240461	240498	1
CP142613.1	240498	240525	2
CP142613.1	240525	240538	1
CP142613.1	240538	240557	2
CP142613.1	240557	240561	1
CP142613.1	240561	240636	2
CP142613.1	240636	240639	1
CP142613.1	240639	240806	2
CP142613.1	240806	240871	1
CP142613.1	240871	240910	0
CP142613.1	240910	241021	1
CP142613.1	241021	241048	2
CP142613.1	241048	241050	1
CP142613.1	241050	241135	2
CP142613.1	241135	241161	1
CP142613.1	241161	241164	0
CP142613.1	241164	241204	1
CP142613.1	241204	241233	2
CP142613.1	241233	241262	3
CP142613.1	241262	241266	2
CP142613.1	241266	241269	3
CP142613.1	241269	241286	2
CP142613.1	241286	241287	1
CP142613.1	241287	241301	2
CP142613.1	241301	241319	1
CP142613.1	241319	241381	2
CP142613.1	241381	241382	1
CP142613.1	241382	241419	2
CP142613.1	241419	241455	1
CP142613.1	241455	241458	0
CP142613.1	241458	241499	1
CP142613.1	241499	241500	0
CP142613.1	241500	241539	1
CP142613.1	241539	241603	2
CP142613.1	241603	241646	1
CP142613.1	241646	241652	2
CP142613.1	241652	241655	3
CP142613.1	241655	241678	2
CP142613.1	241678	241700	3
CP142613.1	241700	241751	2
CP142613.1	241751	241755	3
CP142613.1	241755	241769	2
CP142613.1	241769	241792	3
CP142613.1	241792	241793	2
CP142613.1	241793	241820	3
CP142613.1	241820	241905	2
CP142613.1	241905	241906	1
CP142613.1	241906	241913	2
CP142613.1	241913	241933	3
CP142613.1	241933	241950	2
CP142613.1	241950	241953	1
CP142613.1	241953	242003	2
CP142613.1	242003	242055	1
CP142613.1	242055	242189	0
CP142613.1	242189	242284	1
CP142613.1	242284	242288	0
CP142613.1	242288	242300	1
CP142613.1	242300	242322	2
CP142613.1	242322	242415	3
CP142613.1	242415	242433	4
CP142613.1	242433	242478	3
CP142613.1	242478	242489	4
CP142613.1	242489	242531	3
CP142613.1	242531	242542	2
CP142613.1	242542	242588	3
CP142613.1	242588	242593	2
CP142613.1	242593	242594	1
CP142613.1	242594	242607	2
CP142613.1	242607	242658	1
CP142613.1	242658	242702	2
CP142613.1	242702	242813	1
CP142613.1	242813	242826	2
CP142613.1	242826	242829	1
CP142613.1	242829	242830	0
CP142613.1	242830	242832	1
CP142613.1	242832	242888	2
CP142613.1	242888	242898	3
CP142613.1	242898	242938	2
CP142613.1	242938	242939	1
CP142613.1	242939	242941	2
CP142613.1	242941	242966	3
CP142613.1	242966	243007	2
CP142613.1	243007	243033	1
CP142613.1	243033	243062	2
CP142613.1	243062	243099	3
CP142613.1	243099	243122	2
CP142613.1	243122	243135	1
CP142613.1	243135	243163	0
CP142613.1	243163	243264	1
CP142613.1	243264	243352	0
CP142613.1	243352	243467	1
CP142613.1	243467	243508	0
CP142613.1	243508	243575	1
CP142613.1	243575	243627	2
CP142613.1	243627	243656	1
CP142613.1	243656	243718	2
CP142613.1	243718	243744	3
CP142613.1	243744	243745	2
CP142613.1	243745	243802	3
CP142613.1	243802	243807	4
CP142613.1	243807	243808	3
CP142613.1	243808	243854	2
CP142613.1	243854	243877	1
CP142613.1	243877	243878	0
CP142613.1	243878	243891	1
CP142613.1	243891	243893	0
CP142613.1	243893	243920	1
CP142613.1	243920	243936	2
CP142613.1	243936	243965	3
CP142613.1	243965	244006	2
CP142613.1	244006	244007	1
CP142613.1	244007	244008	0
CP142613.1	244008	244011	2
CP142613.1	244011	244022	3
CP142613.1	244022	244032	2
CP142613.1	244032	244041	1
CP142613.1	244041	244068	2
CP142613.1	244068	244119	3
CP142613.1	244119	244121	2
CP142613.1	244121	244124	3
CP142613.1	244124	244164	2
CP142613.1	244164	244216	1
CP142613.1	244216	244243	2
CP142613.1	244243	244270	1
CP142613.1	244270	244308	2
CP142613.1	244308	244347	3
CP142613.1	244347	244355	4
CP142613.1	244355	244361	5
CP142613.1	244361	244362	4
CP142613.1	244362	244378	5
CP142613.1	244378	244409	4
CP142613.1	244409	244411	3
CP142613.1	244411	244423	2
CP142613.1	244423	244425	1
CP142613.1	244425	244458	2
CP142613.1	244458	244459	1
CP142613.1	244459	244508	0
CP142613.1	244508	244601	1
CP142613.1	244601	244660	2
CP142613.1	244660	244675	1
CP142613.1	244675	244819	0
CP142613.1	244819	244919	1
CP142613.1	244919	245093	0
CP142613.1	245093	245272	1
CP142613.1	245272	245292	2
CP142613.1	245292	245293	1
CP142613.1	245293	245314	2
CP142613.1	245314	245343	1
CP142613.1	245343	245434	0
CP142613.1	245434	245476	1
CP142613.1	245476	245532	2
CP142613.1	245532	245546	1
CP142613.1	245546	245592	2
CP142613.1	245592	245620	3
CP142613.1	245620	245623	2
CP142613.1	245623	245627	3
CP142613.1	245627	245696	4
CP142613.1	245696	245709	5
CP142613.1	245709	245741	4
CP142613.1	245741	245754	3
CP142613.1	245754	245764	4
CP142613.1	245764	245816	3
CP142613.1	245816	245818	2
CP142613.1	245818	245942	3
CP142613.1	245942	246046	2
CP142613.1	246046	246101	1
CP142613.1	246101	246172	2
CP142613.1	246172	246257	1
CP142613.1	246257	246361	2
CP142613.1	246361	246364	1
CP142613.1	246364	246391	2
CP142613.1	246391	246557	1
CP142613.1	246557	246606	0
CP142613.1	246606	246644	1
CP142613.1	246644	246670	2
CP142613.1	246670	246711	1
CP142613.1	246711	246712	2
CP142613.1	246712	246713	1
CP142613.1	246713	246720	2
CP142613.1	246720	246730	1
CP142613.1	246730	246744	2
CP142613.1	246744	246761	1
CP142613.1	246761	246812	2
CP142613.1	246812	246845	1
CP142613.1	246845	246854	0
CP142613.1	246854	246892	1
CP142613.1	246892	246903	2
CP142613.1	246903	246954	1
CP142613.1	246954	246961	2
CP142613.1	246961	247125	1
CP142613.1	247125	247210	2
CP142613.1	247210	247241	1
CP142613.1	247241	247249	0
CP142613.1	247249	247264	1
CP142613.1	247264	247302	2
CP142613.1	247302	247334	1
CP142613.1	247334	247575	0
CP142613.1	247575	247587	1
CP142613.1	247587	247588	0
CP142613.1	247588	247598	1
CP142613.1	247598	247651	2
CP142613.1	247651	247673	1
CP142613.1	247673	247775	2
CP142613.1	247775	247787	1
CP142613.1	247787	247843	0
CP142613.1	247843	247941	1
CP142613.1	247941	247979	2
CP142613.1	247979	247980	1
CP142613.1	247980	248001	2
CP142613.1	248001	248002	1
CP142613.1	248002	248068	2
CP142613.1	248068	248135	1
CP142613.1	248135	248257	0
CP142613.1	248257	248317	1
CP142613.1	248317	248361	2
CP142613.1	248361	248416	3
CP142613.1	248416	248417	1
CP142613.1	248417	248456	3
CP142613.1	248456	248527	2
CP142613.1	248527	248676	1
CP142613.1	248676	248749	2
CP142613.1	248749	248769	1
CP142613.1	248769	249012	0
CP142613.1	249012	249054	1
CP142613.1	249054	249059	2
CP142613.1	249059	249150	1
CP142613.1	249150	249197	0
CP142613.1	249197	249370	1
CP142613.1	249370	249428	2
CP142613.1	249428	249454	1
CP142613.1	249454	249941	0
CP142613.1	249941	250096	1
CP142613.1	250096	250101	2
CP142613.1	250101	250199	1
CP142613.1	250199	250202	0
CP142613.1	250202	250248	1
CP142613.1	250248	250275	0
CP142613.1	250275	250278	1
CP142613.1	250278	250354	2
CP142613.1	250354	250361	1
CP142613.1	250361	250383	0
CP142613.1	250383	250456	1
CP142613.1	250456	250535	2
CP142613.1	250535	250650	3
CP142613.1	250650	250653	2
CP142613.1	250653	250718	3
CP142613.1	250718	250771	2
CP142613.1	250771	250820	1
CP142613.1	250820	250834	2
CP142613.1	250834	250842	3
CP142613.1	250842	250843	1
CP142613.1	250843	250921	3
CP142613.1	250921	250931	4
CP142613.1	250931	250967	5
CP142613.1	250967	250992	4
CP142613.1	250992	251053	3
CP142613.1	251053	251054	2
CP142613.1	251054	251061	3
CP142613.1	251061	251062	2
CP142613.1	251062	251116	3
CP142613.1	251116	251118	2
CP142613.1	251118	251151	3
CP142613.1	251151	251203	2
CP142613.1	251203	251285	1
CP142613.1	251285	251326	2
CP142613.1	251326	251417	1
CP142613.1	251417	251418	0
CP142613.1	251418	251465	1
CP142613.1	251465	251677	0
CP142613.1	251677	251988	1
CP142613.1	251988	252161	0
CP142613.1	252161	252233	1
CP142613.1	252233	252251	0
CP142613.1	252251	252311	1
CP142613.1	252311	252346	2
CP142613.1	252346	252522	1
CP142613.1	252522	252580	2
CP142613.1	252580	252581	1
CP142613.1	252581	252642	2
CP142613.1	252642	252645	1
CP142613.1	252645	252657	2
CP142613.1	252657	252658	1
CP142613.1	252658	252686	2
CP142613.1	252686	252739	1
CP142613.1	252739	252741	0
CP142613.1	252741	252770	1
CP142613.1	252770	252788	2
CP142613.1	252788	252797	1
CP142613.1	252797	252859	2
CP142613.1	252859	252860	1
CP142613.1	252860	252863	2
CP142613.1	252863	252876	1
CP142613.1	252876	252933	0
CP142613.1	252933	252977	1
CP142613.1	252977	253009	2
CP142613.1	253009	253018	1
CP142613.1	253018	253023	2
CP142613.1	253023	253040	3
CP142613.1	253040	253043	0
CP142613.1	253043	253092	3
CP142613.1	253092	253141	2
CP142613.1	253141	253144	1
CP142613.1	253144	253146	2
CP142613.1	253146	253181	3
CP142613.1	253181	253187	4
CP142613.1	253187	253190	3
CP142613.1	253190	253203	4
CP142613.1	253203	253204	3
CP142613.1	253204	253206	2
CP142613.1	253206	253214	3
CP142613.1	253214	253220	4
CP142613.1	253220	253221	3
CP142613.1	253221	253229	4
CP142613.1	253229	253247	3
CP142613.1	253247	253249	2
CP142613.1	253249	253269	3
CP142613.1	253269	253271	2
CP142613.1	253271	253278	3
CP142613.1	253278	253283	2
CP142613.1	253283	253320	3
CP142613.1	253320	253339	2
CP142613.1	253339	253340	1
CP142613.1	253340	253357	2
CP142613.1	253357	253377	3
CP142613.1	253377	253385	2
CP142613.1	253385	253432	1
CP142613.1	253432	253443	0
CP142613.1	253443	253483	1
CP142613.1	253483	253603	0
CP142613.1	253603	253606	1
CP142613.1	253606	253607	0
CP142613.1	253607	253645	1
CP142613.1	253645	253775	2
CP142613.1	253775	253844	1
CP142613.1	253844	253872	2
CP142613.1	253872	253937	3
CP142613.1	253937	253939	2
CP142613.1	253939	253957	3
CP142613.1	253957	253958	2
CP142613.1	253958	253968	3
CP142613.1	253968	254023	2
CP142613.1	254023	254037	1
CP142613.1	254037	254280	0
CP142613.1	254280	254344	1
CP142613.1	254344	254368	0
CP142613.1	254368	254375	1
CP142613.1	254375	254445	2
CP142613.1	254445	254464	3
CP142613.1	254464	254465	2
CP142613.1	254465	254468	3
CP142613.1	254468	254469	1
CP142613.1	254469	254470	2
CP142613.1	254470	254499	3
CP142613.1	254499	254537	2
CP142613.1	254537	254540	1
CP142613.1	254540	254608	0
CP142613.1	254608	254683	1
CP142613.1	254683	254712	2
CP142613.1	254712	254766	3
CP142613.1	254766	254791	2
CP142613.1	254791	254885	1
CP142613.1	254885	254896	2
CP142613.1	254896	254976	1
CP142613.1	254976	254980	0
CP142613.1	254980	254998	1
CP142613.1	254998	254999	0
CP142613.1	254999	255002	1
CP142613.1	255002	255005	0
CP142613.1	255005	255076	1
CP142613.1	255076	255177	2
CP142613.1	255177	255220	1
CP142613.1	255220	255227	2
CP142613.1	255227	255235	3
CP142613.1	255235	255239	4
CP142613.1	255239	255240	3
CP142613.1	255240	255247	4
CP142613.1	255247	255297	3
CP142613.1	255297	255346	2
CP142613.1	255346	255356	3
CP142613.1	255356	255381	4
CP142613.1	255381	255407	5
CP142613.1	255407	255511	4
CP142613.1	255511	255564	3
CP142613.1	255564	255625	4
CP142613.1	255625	255674	3
CP142613.1	255674	255727	2
CP142613.1	255727	255881	1
CP142613.1	255881	255934	2
CP142613.1	255934	255937	1
CP142613.1	255937	256000	2
CP142613.1	256000	256001	1
CP142613.1	256001	256011	2
CP142613.1	256011	256136	1
CP142613.1	256136	256161	2
CP142613.1	256161	256162	3
CP142613.1	256162	256163	2
CP142613.1	256163	256202	3
CP142613.1	256202	256203	2
CP142613.1	256203	256270	3
CP142613.1	256270	256276	2
CP142613.1	256276	256345	1
CP142613.1	256345	256346	0
CP142613.1	256346	256361	1
CP142613.1	256361	256386	2
CP142613.1	256386	256387	1
CP142613.1	256387	256397	2
CP142613.1	256397	256401	1
CP142613.1	256401	256407	0
CP142613.1	256407	256410	1
CP142613.1	256410	256449	2
CP142613.1	256449	256473	1
CP142613.1	256473	256540	2
CP142613.1	256540	256566	1
CP142613.1	256566	256741	0
CP142613.1	256741	256844	1
CP142613.1	256844	256903	0
CP142613.1	256903	257017	1
CP142613.1	257017	257051	2
CP142613.1	257051	257110	1
CP142613.1	257110	257112	0
CP142613.1	257112	257125	1
CP142613.1	257125	257186	0
CP142613.1	257186	257288	1
CP142613.1	257288	257289	0
CP142613.1	257289	257335	1
CP142613.1	257335	257785	0
CP142613.1	257785	257788	1
CP142613.1	257788	257904	2
CP142613.1	257904	257913	1
CP142613.1	257913	257914	2
CP142613.1	257914	257923	1
CP142613.1	257923	257933	2
CP142613.1	257933	257961	3
CP142613.1	257961	257963	2
CP142613.1	257963	257965	3
CP142613.1	257965	258018	4
CP142613.1	258018	258048	3
CP142613.1	258048	258049	2
CP142613.1	258049	258082	3
CP142613.1	258082	258160	2
CP142613.1	258160	258186	1
CP142613.1	258186	258267	0
CP142613.1	258267	258418	1
CP142613.1	258418	258429	2
CP142613.1	258429	258496	1
CP142613.1	258496	258651	2
CP142613.1	258651	258653	1
CP142613.1	258653	258670	2
CP142613.1	258670	258685	1
CP142613.1	258685	258695	2
CP142613.1	258695	258696	1
CP142613.1	258696	258699	2
CP142613.1	258699	258742	3
CP142613.1	258742	258749	2
CP142613.1	258749	258789	3
CP142613.1	258789	258798	2
CP142613.1	258798	258821	1
CP142613.1	258821	259025	0
CP142613.1	259025	259085	1
CP142613.1	259085	259221	0
CP142613.1	259221	259239	1
CP142613.1	259239	259245	0
CP142613.1	259245	259261	1
CP142613.1	259261	259310	2
CP142613.1	259310	259317	3
CP142613.1	259317	259336	4
CP142613.1	259336	259347	3
CP142613.1	259347	259369	4
CP142613.1	259369	259420	3
CP142613.1	259420	259478	4
CP142613.1	259478	259479	3
CP142613.1	259479	259499	2
CP142613.1	259499	259552	3
CP142613.1	259552	259577	2
CP142613.1	259577	259587	1
CP142613.1	259587	259599	0
CP142613.1	259599	259653	1
CP142613.1	259653	259663	2
CP142613.1	259663	259685	1
CP142613.1	259685	259702	2
CP142613.1	259702	259719	3
CP142613.1	259719	259721	1
CP142613.1	259721	259722	0
CP142613.1	259722	259771	2
CP142613.1	259771	259776	3
CP142613.1	259776	259862	2
CP142613.1	259862	259868	1
CP142613.1	259868	259903	2
CP142613.1	259903	259904	1
CP142613.1	259904	259911	2
CP142613.1	259911	259953	1
CP142613.1	259953	259957	0
CP142613.1	259957	259984	1
CP142613.1	259984	260070	2
CP142613.1	260070	260111	1
CP142613.1	260111	260125	2
CP142613.1	260125	260146	1
CP142613.1	260146	260150	0
CP142613.1	260150	260171	1
CP142613.1	260171	260343	0
CP142613.1	260343	260397	1
CP142613.1	260397	260469	0
CP142613.1	260469	260479	1
CP142613.1	260479	260560	2
CP142613.1	260560	260562	1
CP142613.1	260562	260597	2
CP142613.1	260597	260633	1
CP142613.1	260633	260678	2
CP142613.1	260678	260740	1
CP142613.1	260740	260768	2
CP142613.1	260768	260800	1
CP142613.1	260800	260901	0
CP142613.1	260901	260928	1
CP142613.1	260928	260944	0
CP142613.1	260944	261003	1
CP142613.1	261003	261037	0
CP142613.1	261037	261060	1
CP142613.1	261060	261089	2
CP142613.1	261089	261090	1
CP142613.1	261090	261114	2
CP142613.1	261114	261115	1
CP142613.1	261115	261142	2
CP142613.1	261142	261143	1
CP142613.1	261143	261233	2
CP142613.1	261233	261259	1
CP142613.1	261259	261263	0
CP142613.1	261263	261333	1
CP142613.1	261333	261557	0
CP142613.1	261557	261615	1
CP142613.1	261615	261667	2
CP142613.1	261667	261678	3
CP142613.1	261678	261705	4
CP142613.1	261705	261706	3
CP142613.1	261706	261752	4
CP142613.1	261752	261779	5
CP142613.1	261779	261789	4
CP142613.1	261789	261812	3
CP142613.1	261812	261814	2
CP142613.1	261814	261817	1
CP142613.1	261817	261830	2
CP142613.1	261830	261887	1
CP142613.1	261887	261899	0
CP142613.1	261899	261931	1
CP142613.1	261931	261943	0
CP142613.1	261943	261960	1
CP142613.1	261960	262087	0
CP142613.1	262087	262105	1
CP142613.1	262105	262115	0
CP142613.1	262115	262218	1
CP142613.1	262218	262270	2
CP142613.1	262270	262271	1
CP142613.1	262271	262289	2
CP142613.1	262289	262295	1
CP142613.1	262295	262343	2
CP142613.1	262343	262407	3
CP142613.1	262407	262412	2
CP142613.1	262412	262437	3
CP142613.1	262437	262438	1
CP142613.1	262438	262445	3
CP142613.1	262445	262572	2
CP142613.1	262572	262605	1
CP142613.1	262605	262642	0
CP142613.1	262642	262697	1
CP142613.1	262697	262770	2
CP142613.1	262770	262771	1
CP142613.1	262771	262778	2
CP142613.1	262778	262779	1
CP142613.1	262779	262780	2
CP142613.1	262780	262839	3
CP142613.1	262839	262869	2
CP142613.1	262869	262872	1
CP142613.1	262872	262877	2
CP142613.1	262877	262879	1
CP142613.1	262879	263555	0
CP142613.1	263555	263643	1
CP142613.1	263643	263670	0
CP142613.1	263670	263683	1
CP142613.1	263683	263726	2
CP142613.1	263726	263840	1
CP142613.1	263840	263842	2
CP142613.1	263842	263843	1
CP142613.1	263843	264034	2
CP142613.1	264034	264044	1
CP142613.1	264044	264062	2
CP142613.1	264062	264091	1
CP142613.1	264091	264224	0
CP142613.1	264224	264292	1
CP142613.1	264292	264372	2
CP142613.1	264372	264373	1
CP142613.1	264373	264384	2
CP142613.1	264384	264454	1
CP142613.1	264454	264477	2
CP142613.1	264477	264633	1
CP142613.1	264633	264875	0
CP142613.1	264875	264900	1
CP142613.1	264900	264955	2
CP142613.1	264955	264958	1
CP142613.1	264958	264968	2
CP142613.1	264968	265025	1
CP142613.1	265025	265110	2
CP142613.1	265110	265159	1
CP142613.1	265159	265190	0
CP142613.1	265190	265249	1
CP142613.1	265249	265285	2
CP142613.1	265285	265286	1
CP142613.1	265286	265387	2
CP142613.1	265387	265453	1
CP142613.1	265453	265469	0
CP142613.1	265469	265511	1
CP142613.1	265511	265643	2
CP142613.1	265643	265728	1
CP142613.1	265728	265801	2
CP142613.1	265801	265916	1
CP142613.1	265916	265934	2
CP142613.1	265934	265996	1
CP142613.1	265996	266113	0
CP142613.1	266113	266271	1
CP142613.1	266271	266302	0
CP142613.1	266302	266367	1
CP142613.1	266367	266571	0
CP142613.1	266571	266584	1
CP142613.1	266584	266585	0
CP142613.1	266585	266640	2
CP142613.1	266640	266642	0
CP142613.1	266642	266682	2
CP142613.1	266682	266684	1
CP142613.1	266684	266709	2
CP142613.1	266709	266778	1
CP142613.1	266778	266885	0
CP142613.1	266885	266941	1
CP142613.1	266941	266944	0
CP142613.1	266944	267020	1
CP142613.1	267020	267031	2
CP142613.1	267031	267311	1
CP142613.1	267311	267342	0
CP142613.1	267342	267382	1
CP142613.1	267382	267383	0
CP142613.1	267383	267498	1
CP142613.1	267498	267500	0
CP142613.1	267500	267570	1
CP142613.1	267570	267579	0
CP142613.1	267579	267609	1
CP142613.1	267609	267653	2
CP142613.1	267653	267679	3
CP142613.1	267679	267681	2
CP142613.1	267681	267723	3
CP142613.1	267723	267754	2
CP142613.1	267754	267870	3
CP142613.1	267870	267880	2
CP142613.1	267880	267976	1
CP142613.1	267976	267984	0
CP142613.1	267984	268129	1
CP142613.1	268129	268133	0
CP142613.1	268133	268161	1
CP142613.1	268161	268163	0
CP142613.1	268163	268236	1
CP142613.1	268236	268245	0
CP142613.1	268245	268337	1
CP142613.1	268337	268441	0
CP142613.1	268441	268494	1
CP142613.1	268494	268497	0
CP142613.1	268497	268517	1
CP142613.1	268517	268525	2
CP142613.1	268525	268557	3
CP142613.1	268557	268588	2
CP142613.1	268588	268606	1
CP142613.1	268606	268657	2
CP142613.1	268657	268738	1
CP142613.1	268738	268827	0
CP142613.1	268827	268830	1
CP142613.1	268830	268905	2
CP142613.1	268905	268936	3
CP142613.1	268936	269016	2
CP142613.1	269016	269022	1
CP142613.1	269022	269163	0
CP142613.1	269163	269186	1
CP142613.1	269186	269251	2
CP142613.1	269251	269308	3
CP142613.1	269308	269335	2
CP142613.1	269335	269347	1
CP142613.1	269347	269455	0
CP142613.1	269455	269478	1
CP142613.1	269478	269507	2
CP142613.1	269507	269540	3
CP142613.1	269540	269541	2
CP142613.1	269541	269752	3
CP142613.1	269752	269766	2
CP142613.1	269766	269767	1
CP142613.1	269767	269815	2
CP142613.1	269815	269854	3
CP142613.1	269854	269855	2
CP142613.1	269855	269873	3
CP142613.1	269873	269881	2
CP142613.1	269881	269888	3
CP142613.1	269888	269898	4
CP142613.1	269898	269918	3
CP142613.1	269918	269919	2
CP142613.1	269919	269945	3
CP142613.1	269945	270069	2
CP142613.1	270069	270106	3
CP142613.1	270106	270107	1
CP142613.1	270107	270137	2
CP142613.1	270137	270171	1
CP142613.1	270171	270216	0
CP142613.1	270216	270246	1
CP142613.1	270246	270276	2
CP142613.1	270276	270277	1
CP142613.1	270277	270340	2
CP142613.1	270340	270459	1
CP142613.1	270459	270460	0
CP142613.1	270460	270517	1
CP142613.1	270517	270726	0
CP142613.1	270726	270752	1
CP142613.1	270752	270754	0
CP142613.1	270754	270805	1
CP142613.1	270805	270960	0
CP142613.1	270960	270995	1
CP142613.1	270995	270996	0
CP142613.1	270996	271072	1
CP142613.1	271072	271102	0
CP142613.1	271102	271137	1
CP142613.1	271137	271200	2
CP142613.1	271200	271284	3
CP142613.1	271284	271320	2
CP142613.1	271320	271341	3
CP142613.1	271341	271363	2
CP142613.1	271363	271372	1
CP142613.1	271372	271436	2
CP142613.1	271436	271443	1
CP142613.1	271443	271464	2
CP142613.1	271464	271487	1
CP142613.1	271487	271511	2
CP142613.1	271511	271512	1
CP142613.1	271512	271524	2
CP142613.1	271524	271525	0
CP142613.1	271525	271611	2
CP142613.1	271611	271691	1
CP142613.1	271691	271717	2
CP142613.1	271717	271719	1
CP142613.1	271719	271753	2
CP142613.1	271753	271755	1
CP142613.1	271755	271921	0
CP142613.1	271921	271961	1
CP142613.1	271961	271975	2
CP142613.1	271975	271977	1
CP142613.1	271977	272126	2
CP142613.1	272126	272177	1
CP142613.1	272177	272233	0
CP142613.1	272233	272536	1
CP142613.1	272536	272650	0
CP142613.1	272650	272824	1
CP142613.1	272824	272826	0
CP142613.1	272826	272860	1
CP142613.1	272860	272861	0
CP142613.1	272861	272900	1
CP142613.1	272900	272905	0
CP142613.1	272905	272984	1
CP142613.1	272984	273220	2
CP142613.1	273220	273296	1
CP142613.1	273296	273380	2
CP142613.1	273380	273382	1
CP142613.1	273382	273416	0
CP142613.1	273416	273417	1
CP142613.1	273417	273549	2
CP142613.1	273549	273613	1
CP142613.1	273613	273640	2
CP142613.1	273640	273652	1
CP142613.1	273652	273653	0
CP142613.1	273653	273654	1
CP142613.1	273654	273678	2
CP142613.1	273678	273703	1
CP142613.1	273703	273867	0
CP142613.1	273867	273897	1
CP142613.1	273897	273900	0
CP142613.1	273900	273998	1
CP142613.1	273998	274099	0
CP142613.1	274099	274223	1
CP142613.1	274223	274238	0
CP142613.1	274238	274284	1
CP142613.1	274284	274658	0
CP142613.1	274658	274718	1
CP142613.1	274718	274870	0
CP142613.1	274870	275070	1
CP142613.1	275070	275212	0
CP142613.1	275212	275279	1
CP142613.1	275279	275342	2
CP142613.1	275342	275343	1
CP142613.1	275343	275358	2
CP142613.1	275358	275365	3
CP142613.1	275365	275399	2
CP142613.1	275399	275400	1
CP142613.1	275400	275402	0
CP142613.1	275402	275569	1
CP142613.1	275569	275823	0
CP142613.1	275823	275835	1
CP142613.1	275835	275841	2
CP142613.1	275841	275861	3
CP142613.1	275861	275862	2
CP142613.1	275862	275863	1
CP142613.1	275863	275883	3
CP142613.1	275883	275919	2
CP142613.1	275919	275923	1
CP142613.1	275923	276036	0
CP142613.1	276036	276114	1
CP142613.1	276114	276156	2
CP142613.1	276156	276163	1
CP142613.1	276163	276306	0
CP142613.1	276306	276388	1
CP142613.1	276388	276603	0
CP142613.1	276603	276621	1
CP142613.1	276621	276640	2
CP142613.1	276640	276650	3
CP142613.1	276650	276820	4
CP142613.1	276820	276824	3
CP142613.1	276824	276946	2
CP142613.1	276946	276960	1
CP142613.1	276960	276975	2
CP142613.1	276975	277001	1
CP142613.1	277001	277054	2
CP142613.1	277054	277288	1
CP142613.1	277288	277401	0
CP142613.1	277401	277445	1
CP142613.1	277445	277454	2
CP142613.1	277454	277517	1
CP142613.1	277517	277605	2
CP142613.1	277605	277659	3
CP142613.1	277659	277664	2
CP142613.1	277664	277680	3
CP142613.1	277680	277682	2
CP142613.1	277682	277685	3
CP142613.1	277685	277686	2
CP142613.1	277686	277694	3
CP142613.1	277694	277731	2
CP142613.1	277731	277734	1
CP142613.1	277734	277851	2
CP142613.1	277851	277853	1
CP142613.1	277853	277939	2
CP142613.1	277939	277969	1
CP142613.1	277969	278055	0
CP142613.1	278055	278168	1
CP142613.1	278168	278211	3
CP142613.1	278211	278254	2
CP142613.1	278254	278256	1
CP142613.1	278256	278316	2
CP142613.1	278316	278353	1
CP142613.1	278353	278354	2
CP142613.1	278354	278369	3
CP142613.1	278369	278384	2
CP142613.1	278384	278385	1
CP142613.1	278385	278421	2
CP142613.1	278421	278495	1
CP142613.1	278495	278499	0
CP142613.1	278499	278541	1
CP142613.1	278541	278865	0
CP142613.1	278865	278888	2
CP142613.1	278888	278901	3
CP142613.1	278901	278932	4
CP142613.1	278932	278934	3
CP142613.1	278934	278950	4
CP142613.1	278950	278951	3
CP142613.1	278951	279009	4
CP142613.1	279009	279017	3
CP142613.1	279017	279018	2
CP142613.1	279018	279024	3
CP142613.1	279024	279033	2
CP142613.1	279033	279034	1
CP142613.1	279034	279191	0
CP142613.1	279191	279200	1
CP142613.1	279200	279253	2
CP142613.1	279253	279276	1
CP142613.1	279276	279277	0
CP142613.1	279277	279310	1
CP142613.1	279310	279315	0
CP142613.1	279315	279344	1
CP142613.1	279344	279367	2
CP142613.1	279367	279433	1
CP142613.1	279433	279464	2
CP142613.1	279464	279466	3
CP142613.1	279466	279467	2
CP142613.1	279467	279499	3
CP142613.1	279499	279521	4
CP142613.1	279521	279524	3
CP142613.1	279524	279560	4
CP142613.1	279560	279604	3
CP142613.1	279604	279657	2
CP142613.1	279657	279738	3
CP142613.1	279738	279739	2
CP142613.1	279739	279786	1
CP142613.1	279786	279787	0
CP142613.1	279787	279906	1
CP142613.1	279906	280020	0
CP142613.1	280020	280084	1
CP142613.1	280084	280141	2
CP142613.1	280141	280187	1
CP142613.1	280187	280193	0
CP142613.1	280193	280201	1
CP142613.1	280201	280274	2
CP142613.1	280274	280278	1
CP142613.1	280278	280290	2
CP142613.1	280290	280291	1
CP142613.1	280291	280304	2
CP142613.1	280304	280474	1
CP142613.1	280474	280475	0
CP142613.1	280475	280492	1
CP142613.1	280492	280556	2
CP142613.1	280556	280620	1
CP142613.1	280620	280621	0
CP142613.1	280621	280640	1
CP142613.1	280640	280760	2
CP142613.1	280760	280804	1
CP142613.1	280804	280809	2
CP142613.1	280809	280883	1
CP142613.1	280883	280884	0
CP142613.1	280884	280925	1
CP142613.1	280925	280926	0
CP142613.1	280926	280950	1
CP142613.1	280950	281024	2
CP142613.1	281024	281025	3
CP142613.1	281025	281026	2
CP142613.1	281026	281042	3
CP142613.1	281042	281046	2
CP142613.1	281046	281051	1
CP142613.1	281051	281054	2
CP142613.1	281054	281135	1
CP142613.1	281135	281162	2
CP142613.1	281162	281194	1
CP142613.1	281194	281302	0
CP142613.1	281302	281326	1
CP142613.1	281326	281327	0
CP142613.1	281327	281330	1
CP142613.1	281330	281388	2
CP142613.1	281388	281390	1
CP142613.1	281390	281435	2
CP142613.1	281435	281436	1
CP142613.1	281436	281441	2
CP142613.1	281441	281442	1
CP142613.1	281442	281450	2
CP142613.1	281450	281481	1
CP142613.1	281481	281495	2
CP142613.1	281495	281503	3
CP142613.1	281503	281515	4
CP142613.1	281515	281550	3
CP142613.1	281550	281551	2
CP142613.1	281551	281588	3
CP142613.1	281588	281589	2
CP142613.1	281589	281599	3
CP142613.1	281599	281605	4
CP142613.1	281605	281614	5
CP142613.1	281614	281648	4
CP142613.1	281648	281667	3
CP142613.1	281667	281668	2
CP142613.1	281668	281672	3
CP142613.1	281672	281703	4
CP142613.1	281703	281715	3
CP142613.1	281715	281716	2
CP142613.1	281716	281717	1
CP142613.1	281717	281718	2
CP142613.1	281718	281724	3
CP142613.1	281724	281773	2
CP142613.1	281773	281903	1
CP142613.1	281903	282152	0
CP142613.1	282152	282236	1
CP142613.1	282236	282253	2
CP142613.1	282253	282259	3
CP142613.1	282259	282260	2
CP142613.1	282260	282296	3
CP142613.1	282296	282314	2
CP142613.1	282314	282346	1
CP142613.1	282346	282502	0
CP142613.1	282502	282535	1
CP142613.1	282535	282542	2
CP142613.1	282542	282545	1
CP142613.1	282545	282591	2
CP142613.1	282591	282616	3
CP142613.1	282616	282633	2
CP142613.1	282633	282643	1
CP142613.1	282643	282646	0
CP142613.1	282646	282680	1
CP142613.1	282680	282681	0
CP142613.1	282681	282753	1
CP142613.1	282753	282766	0
CP142613.1	282766	282834	1
CP142613.1	282834	282837	0
CP142613.1	282837	282855	1
CP142613.1	282855	282856	0
CP142613.1	282856	282868	1
CP142613.1	282868	282869	0
CP142613.1	282869	282917	1
CP142613.1	282917	282987	0
CP142613.1	282987	283056	1
CP142613.1	283056	283285	0
CP142613.1	283285	283418	1
CP142613.1	283418	283419	0
CP142613.1	283419	283429	1
CP142613.1	283429	283495	0
CP142613.1	283495	283512	1
CP142613.1	283512	283534	2
CP142613.1	283534	283535	1
CP142613.1	283535	283554	2
CP142613.1	283554	283765	1
CP142613.1	283765	283931	0
CP142613.1	283931	283971	1
CP142613.1	283971	284071	0
CP142613.1	284071	284110	1
CP142613.1	284110	284130	0
CP142613.1	284130	284135	1
CP142613.1	284135	284198	2
CP142613.1	284198	284310	1
CP142613.1	284310	284357	2
CP142613.1	284357	284437	3
CP142613.1	284437	284438	2
CP142613.1	284438	284454	3
CP142613.1	284454	284498	2
CP142613.1	284498	284563	1
CP142613.1	284563	284626	0
CP142613.1	284626	284643	1
CP142613.1	284643	284654	0
CP142613.1	284654	284667	1
CP142613.1	284667	284713	2
CP142613.1	284713	284781	3
CP142613.1	284781	284840	2
CP142613.1	284840	284842	1
CP142613.1	284842	284881	2
CP142613.1	284881	284882	1
CP142613.1	284882	284907	2
CP142613.1	284907	284928	1
CP142613.1	284928	285119	0
CP142613.1	285119	285163	1
CP142613.1	285163	285250	2
CP142613.1	285250	285251	3
CP142613.1	285251	285286	4
CP142613.1	285286	285305	5
CP142613.1	285305	285306	4
CP142613.1	285306	285310	5
CP142613.1	285310	285312	3
CP142613.1	285312	285316	2
CP142613.1	285316	285344	3
CP142613.1	285344	285345	2
CP142613.1	285345	285346	0
CP142613.1	285346	285383	2
CP142613.1	285383	285494	1
CP142613.1	285494	285497	0
CP142613.1	285497	285546	1
CP142613.1	285546	285558	2
CP142613.1	285558	285560	3
CP142613.1	285560	285647	4
CP142613.1	285647	285648	3
CP142613.1	285648	285681	4
CP142613.1	285681	285694	3
CP142613.1	285694	285739	2
CP142613.1	285739	285804	1
CP142613.1	285804	285818	2
CP142613.1	285818	285975	1
CP142613.1	285975	286019	2
CP142613.1	286019	286068	1
CP142613.1	286068	286069	2
CP142613.1	286069	286113	1
CP142613.1	286113	286128	0
CP142613.1	286128	286138	1
CP142613.1	286138	286164	2
CP142613.1	286164	286165	1
CP142613.1	286165	286194	2
CP142613.1	286194	286275	1
CP142613.1	286275	286286	0
CP142613.1	286286	286331	1
CP142613.1	286331	286342	0
CP142613.1	286342	286367	1
CP142613.1	286367	286408	2
CP142613.1	286408	286563	1
CP142613.1	286563	286598	0
CP142613.1	286598	286696	1
CP142613.1	286696	286854	2
CP142613.1	286854	286943	3
CP142613.1	286943	287006	2
CP142613.1	287006	287076	1
CP142613.1	287076	287086	2
CP142613.1	287086	287108	1
CP142613.1	287108	287116	2
CP142613.1	287116	287199	3
CP142613.1	287199	287207	2
CP142613.1	287207	287235	3
CP142613.1	287235	287273	2
CP142613.1	287273	287274	1
CP142613.1	287274	287353	2
CP142613.1	287353	287425	1
CP142613.1	287425	287546	0
CP142613.1	287546	287570	1
CP142613.1	287570	287671	2
CP142613.1	287671	287711	1
CP142613.1	287711	287737	2
CP142613.1	287737	287738	1
CP142613.1	287738	287795	2
CP142613.1	287795	287800	3
CP142613.1	287800	287883	2
CP142613.1	287883	287884	3
CP142613.1	287884	287885	2
CP142613.1	287885	287886	3
CP142613.1	287886	287933	2
CP142613.1	287933	287947	1
CP142613.1	287947	288010	0
CP142613.1	288010	288111	1
CP142613.1	288111	288161	0
CP142613.1	288161	288180	1
CP142613.1	288180	288183	0
CP142613.1	288183	288331	1
CP142613.1	288331	288717	0
CP142613.1	288717	288836	1
CP142613.1	288836	288908	2
CP142613.1	288908	289031	1
CP142613.1	289031	289042	0
CP142613.1	289042	289052	1
CP142613.1	289052	289143	2
CP142613.1	289143	289157	1
CP142613.1	289157	289276	0
CP142613.1	289276	289301	1
CP142613.1	289301	289317	2
CP142613.1	289317	289318	1
CP142613.1	289318	289326	2
CP142613.1	289326	289332	1
CP142613.1	289332	289353	2
CP142613.1	289353	289409	1
CP142613.1	289409	289513	0
CP142613.1	289513	289556	1
CP142613.1	289556	289588	0
CP142613.1	289588	289620	1
CP142613.1	289620	289622	0
CP142613.1	289622	289703	1
CP142613.1	289703	289850	2
CP142613.1	289850	289852	1
CP142613.1	289852	289876	2
CP142613.1	289876	289938	3
CP142613.1	289938	289943	2
CP142613.1	289943	289948	3
CP142613.1	289948	289963	2
CP142613.1	289963	289964	1
CP142613.1	289964	289994	2
CP142613.1	289994	290027	3
CP142613.1	290027	290028	2
CP142613.1	290028	290029	1
CP142613.1	290029	290061	2
CP142613.1	290061	290093	1
CP142613.1	290093	290149	2
CP142613.1	290149	290175	3
CP142613.1	290175	290177	2
CP142613.1	290177	290386	1
CP142613.1	290386	290420	0
CP142613.1	290420	290443	1
CP142613.1	290443	290453	0
CP142613.1	290453	290493	1
CP142613.1	290493	290758	0
CP142613.1	290758	290852	1
CP142613.1	290852	290853	0
CP142613.1	290853	290873	1
CP142613.1	290873	290933	0
CP142613.1	290933	291159	1
CP142613.1	291159	291384	0
CP142613.1	291384	291542	1
CP142613.1	291542	291567	2
CP142613.1	291567	291590	1
CP142613.1	291590	291591	0
CP142613.1	291591	291594	1
CP142613.1	291594	291596	0
CP142613.1	291596	291600	1
CP142613.1	291600	291616	2
CP142613.1	291616	291617	1
CP142613.1	291617	291638	2
CP142613.1	291638	291642	1
CP142613.1	291642	291647	2
CP142613.1	291647	291679	1
CP142613.1	291679	291725	0
CP142613.1	291725	291768	1
CP142613.1	291768	291871	0
CP142613.1	291871	291941	1
CP142613.1	291941	291942	0
CP142613.1	291942	292047	1
CP142613.1	292047	292063	0
CP142613.1	292063	292180	1
CP142613.1	292180	292193	2
CP142613.1	292193	292194	1
CP142613.1	292194	292209	2
CP142613.1	292209	292240	1
CP142613.1	292240	292388	0
CP142613.1	292388	292411	1
CP142613.1	292411	292446	2
CP142613.1	292446	292475	1
CP142613.1	292475	292489	0
CP142613.1	292489	292542	1
CP142613.1	292542	292544	2
CP142613.1	292544	292759	1
CP142613.1	292759	292771	0
CP142613.1	292771	292875	1
CP142613.1	292875	292938	0
CP142613.1	292938	292939	1
CP142613.1	292939	292973	2
CP142613.1	292973	292996	3
CP142613.1	292996	293033	2
CP142613.1	293033	293069	1
CP142613.1	293069	293071	2
CP142613.1	293071	293072	1
CP142613.1	293072	293103	2
CP142613.1	293103	293118	1
CP142613.1	293118	293246	2
CP142613.1	293246	293253	1
CP142613.1	293253	293449	0
CP142613.1	293449	293463	1
CP142613.1	293463	293515	2
CP142613.1	293515	293529	1
CP142613.1	293529	293538	0
CP142613.1	293538	293567	1
CP142613.1	293567	293993	0
CP142613.1	293993	294059	1
CP142613.1	294059	294072	2
CP142613.1	294072	294164	3
CP142613.1	294164	294194	2
CP142613.1	294194	294231	1
CP142613.1	294231	294304	2
CP142613.1	294304	294338	3
CP142613.1	294338	294432	2
CP142613.1	294432	294451	3
CP142613.1	294451	294458	2
CP142613.1	294458	294495	3
CP142613.1	294495	294546	2
CP142613.1	294546	294603	3
CP142613.1	294603	294611	4
CP142613.1	294611	294626	3
CP142613.1	294626	294651	2
CP142613.1	294651	294652	1
CP142613.1	294652	294735	2
CP142613.1	294735	294796	1
CP142613.1	294796	294872	2
CP142613.1	294872	294885	1
CP142613.1	294885	294924	0
CP142613.1	294924	294945	1
CP142613.1	294945	294994	2
CP142613.1	294994	294995	1
CP142613.1	294995	295019	2
CP142613.1	295019	295083	1
CP142613.1	295083	295088	2
CP142613.1	295088	295139	3
CP142613.1	295139	295142	0
CP142613.1	295142	295189	3
CP142613.1	295189	295219	2
CP142613.1	295219	295243	1
CP142613.1	295243	295334	0
CP142613.1	295334	295387	1
CP142613.1	295387	295395	0
CP142613.1	295395	295456	1
CP142613.1	295456	295794	0
CP142613.1	295794	295810	1
CP142613.1	295810	295812	0
CP142613.1	295812	295822	1
CP142613.1	295822	295852	2
CP142613.1	295852	295900	3
CP142613.1	295900	295903	2
CP142613.1	295903	295922	1
CP142613.1	295922	296020	2
CP142613.1	296020	296035	0
CP142613.1	296035	296062	2
CP142613.1	296062	296082	1
CP142613.1	296082	296203	2
CP142613.1	296203	296231	1
CP142613.1	296231	296232	0
CP142613.1	296232	296293	1
CP142613.1	296293	296304	0
CP142613.1	296304	296329	1
CP142613.1	296329	296331	2
CP142613.1	296331	296363	3
CP142613.1	296363	296364	2
CP142613.1	296364	296381	3
CP142613.1	296381	296382	2
CP142613.1	296382	296390	3
CP142613.1	296390	296391	2
CP142613.1	296391	296403	3
CP142613.1	296403	296441	2
CP142613.1	296441	296456	3
CP142613.1	296456	296498	2
CP142613.1	296498	296499	3
CP142613.1	296499	296565	2
CP142613.1	296565	296626	1
CP142613.1	296626	296677	2
CP142613.1	296677	296699	1
CP142613.1	296699	296761	2
CP142613.1	296761	296845	1
CP142613.1	296845	296893	2
CP142613.1	296893	297105	1
CP142613.1	297105	297111	2
CP142613.1	297111	297156	1
CP142613.1	297156	297252	2
CP142613.1	297252	297253	1
CP142613.1	297253	297260	2
CP142613.1	297260	297263	1
CP142613.1	297263	297322	2
CP142613.1	297322	297337	3
CP142613.1	297337	297343	2
CP142613.1	297343	297344	1
CP142613.1	297344	297352	2
CP142613.1	297352	297382	1
CP142613.1	297382	297383	0
CP142613.1	297383	297388	1
CP142613.1	297388	297393	2
CP142613.1	297393	297394	1
CP142613.1	297394	297395	2
CP142613.1	297395	297398	1
CP142613.1	297398	297425	2
CP142613.1	297425	297439	1
CP142613.1	297439	297458	2
CP142613.1	297458	297459	1
CP142613.1	297459	297497	2
CP142613.1	297497	297501	3
CP142613.1	297501	297574	2
CP142613.1	297574	297589	1
CP142613.1	297589	297657	0
CP142613.1	297657	297674	1
CP142613.1	297674	297698	2
CP142613.1	297698	297701	1
CP142613.1	297701	297705	2
CP142613.1	297705	297766	1
CP142613.1	297766	297825	2
CP142613.1	297825	297841	1
CP142613.1	297841	297940	0
CP142613.1	297940	297990	1
CP142613.1	297990	298075	2
CP142613.1	298075	298136	1
CP142613.1	298136	298296	0
CP142613.1	298296	298468	1
CP142613.1	298468	298586	2
CP142613.1	298586	298610	3
CP142613.1	298610	298618	2
CP142613.1	298618	298643	3
CP142613.1	298643	298660	2
CP142613.1	298660	298669	1
CP142613.1	298669	298679	2
CP142613.1	298679	298740	3
CP142613.1	298740	298747	2
CP142613.1	298747	298749	0
CP142613.1	298749	298781	2
CP142613.1	298781	298961	0
CP142613.1	298961	299021	1
CP142613.1	299021	299022	0
CP142613.1	299022	299141	1
CP142613.1	299141	299143	0
CP142613.1	299143	299162	1
CP142613.1	299162	299419	0
CP142613.1	299419	299467	1
CP142613.1	299467	299469	0
CP142613.1	299469	299509	1
CP142613.1	299509	299510	0
CP142613.1	299510	299589	1
CP142613.1	299589	299659	0
CP142613.1	299659	299711	1
CP142613.1	299711	299923	0
CP142613.1	299923	299971	1
CP142613.1	299971	300069	0
CP142613.1	300069	300176	1
CP142613.1	300176	300186	0
CP142613.1	300186	300193	1
CP142613.1	300193	300209	2
CP142613.1	300209	300210	3
CP142613.1	300210	300266	4
CP142613.1	300266	300301	3
CP142613.1	300301	300302	2
CP142613.1	300302	300309	3
CP142613.1	300309	300313	2
CP142613.1	300313	300322	1
CP142613.1	300322	300354	2
CP142613.1	300354	300420	3
CP142613.1	300420	300426	2
CP142613.1	300426	300568	3
CP142613.1	300568	300569	2
CP142613.1	300569	300572	3
CP142613.1	300572	300583	2
CP142613.1	300583	300584	1
CP142613.1	300584	300600	2
CP142613.1	300600	300774	1
CP142613.1	300774	300866	0
CP142613.1	300866	301017	1
CP142613.1	301017	301028	0
CP142613.1	301028	301029	1
CP142613.1	301029	301107	2
CP142613.1	301107	301164	1
CP142613.1	301164	301255	2
CP142613.1	301255	301264	3
CP142613.1	301264	301265	2
CP142613.1	301265	301275	3
CP142613.1	301275	301305	2
CP142613.1	301305	301387	1
CP142613.1	301387	301521	0
CP142613.1	301521	301666	1
CP142613.1	301666	301686	2
CP142613.1	301686	301702	1
CP142613.1	301702	301703	0
CP142613.1	301703	301740	1
CP142613.1	301740	301809	2
CP142613.1	301809	301838	1
CP142613.1	301838	301863	0
CP142613.1	301863	301950	1
CP142613.1	301950	301953	2
CP142613.1	301953	301954	1
CP142613.1	301954	301966	2
CP142613.1	301966	301967	1
CP142613.1	301967	301985	2
CP142613.1	301985	302021	1
CP142613.1	302021	302056	2
CP142613.1	302056	302069	1
CP142613.1	302069	302201	2
CP142613.1	302201	302229	3
CP142613.1	302229	302263	2
CP142613.1	302263	302271	1
CP142613.1	302271	302330	0
CP142613.1	302330	302466	1
CP142613.1	302466	302495	0
CP142613.1	302495	302590	1
CP142613.1	302590	302598	0
CP142613.1	302598	302824	1
CP142613.1	302824	302865	2
CP142613.1	302865	302872	1
CP142613.1	302872	302874	0
CP142613.1	302874	302928	1
CP142613.1	302928	303183	0
CP142613.1	303183	303331	1
CP142613.1	303331	303345	2
CP142613.1	303345	303347	1
CP142613.1	303347	303356	2
CP142613.1	303356	303375	1
CP142613.1	303375	303579	0
CP142613.1	303579	303628	1
CP142613.1	303628	303677	2
CP142613.1	303677	303756	3
CP142613.1	303756	303757	2
CP142613.1	303757	303766	3
CP142613.1	303766	303768	2
CP142613.1	303768	303770	1
CP142613.1	303770	303783	2
CP142613.1	303783	303788	3
CP142613.1	303788	303792	2
CP142613.1	303792	303853	1
CP142613.1	303853	303854	0
CP142613.1	303854	303872	1
CP142613.1	303872	303873	0
CP142613.1	303873	303892	1
CP142613.1	303892	303896	2
CP142613.1	303896	303898	1
CP142613.1	303898	303904	2
CP142613.1	303904	303971	3
CP142613.1	303971	303972	2
CP142613.1	303972	303987	3
CP142613.1	303987	304032	2
CP142613.1	304032	304057	1
CP142613.1	304057	304060	2
CP142613.1	304060	304069	1
CP142613.1	304069	304104	2
CP142613.1	304104	304114	3
CP142613.1	304114	304119	2
CP142613.1	304119	304120	1
CP142613.1	304120	304131	2
CP142613.1	304131	304137	1
CP142613.1	304137	304163	2
CP142613.1	304163	304199	1
CP142613.1	304199	304254	0
CP142613.1	304254	304312	1
CP142613.1	304312	304328	2
CP142613.1	304328	304383	3
CP142613.1	304383	304384	2
CP142613.1	304384	304387	3
CP142613.1	304387	304391	2
CP142613.1	304391	304442	3
CP142613.1	304442	304463	2
CP142613.1	304463	304465	0
CP142613.1	304465	304528	2
CP142613.1	304528	304678	1
CP142613.1	304678	304919	0
CP142613.1	304919	305002	1
CP142613.1	305002	305054	2
CP142613.1	305054	305055	1
CP142613.1	305055	305093	2
CP142613.1	305093	305136	1
CP142613.1	305136	305250	0
CP142613.1	305250	305291	1
CP142613.1	305291	305292	0
CP142613.1	305292	305305	1
CP142613.1	305305	305412	2
CP142613.1	305412	305433	1
CP142613.1	305433	305435	0
CP142613.1	305435	305457	1
CP142613.1	305457	305458	0
CP142613.1	305458	305494	1
CP142613.1	305494	305500	0
CP142613.1	305500	305589	1
CP142613.1	305589	305716	0
CP142613.1	305716	305723	1
CP142613.1	305723	305762	2
CP142613.1	305762	305763	1
CP142613.1	305763	305855	2
CP142613.1	305855	306021	1
CP142613.1	306021	306051	0
CP142613.1	306051	306180	1
CP142613.1	306180	306232	0
CP142613.1	306232	306293	1
CP142613.1	306293	306377	0
CP142613.1	306377	306445	1
CP142613.1	306445	306488	0
CP142613.1	306488	306529	1
CP142613.1	306529	306617	2
CP142613.1	306617	306660	3
CP142613.1	306660	306661	2
CP142613.1	306661	306664	3
CP142613.1	306664	306679	2
CP142613.1	306679	306682	1
CP142613.1	306682	306708	2
CP142613.1	306708	306709	1
CP142613.1	306709	306764	2
CP142613.1	306764	306765	1
CP142613.1	306765	306768	2
CP142613.1	306768	306884	1
CP142613.1	306884	306904	2
CP142613.1	306904	306907	1
CP142613.1	306907	306910	0
CP142613.1	306910	307089	1
CP142613.1	307089	307488	0
CP142613.1	307488	307555	1
CP142613.1	307555	307592	0
CP142613.1	307592	307605	1
CP142613.1	307605	307608	2
CP142613.1	307608	307623	3
CP142613.1	307623	307650	4
CP142613.1	307650	307652	3
CP142613.1	307652	307670	4
CP142613.1	307670	307680	3
CP142613.1	307680	307769	2
CP142613.1	307769	307937	1
CP142613.1	307937	307950	2
CP142613.1	307950	307951	1
CP142613.1	307951	307983	2
CP142613.1	307983	307984	1
CP142613.1	307984	308027	2
CP142613.1	308027	308047	1
CP142613.1	308047	308060	2
CP142613.1	308060	308112	3
CP142613.1	308112	308119	2
CP142613.1	308119	308216	4
CP142613.1	308216	308261	3
CP142613.1	308261	308273	2
CP142613.1	308273	308306	3
CP142613.1	308306	308325	2
CP142613.1	308325	308381	3
CP142613.1	308381	308394	2
CP142613.1	308394	308407	3
CP142613.1	308407	308408	2
CP142613.1	308408	308442	3
CP142613.1	308442	308479	2
CP142613.1	308479	308483	1
CP142613.1	308483	308485	2
CP142613.1	308485	308508	1
CP142613.1	308508	308557	2
CP142613.1	308557	308566	1
CP142613.1	308566	308567	0
CP142613.1	308567	308602	1
CP142613.1	308602	308603	0
CP142613.1	308603	308658	1
CP142613.1	308658	308710	2
CP142613.1	308710	308732	3
CP142613.1	308732	308756	4
CP142613.1	308756	308761	3
CP142613.1	308761	308789	2
CP142613.1	308789	308807	1
CP142613.1	308807	308910	2
CP142613.1	308910	308990	1
CP142613.1	308990	308991	0
CP142613.1	308991	309004	1
CP142613.1	309004	309040	2
CP142613.1	309040	309055	1
CP142613.1	309055	309058	0
CP142613.1	309058	309099	1
CP142613.1	309099	309162	0
CP142613.1	309162	309259	1
CP142613.1	309259	309305	0
CP142613.1	309305	309398	1
CP142613.1	309398	309480	0
CP142613.1	309480	309529	1
CP142613.1	309529	309642	0
CP142613.1	309642	309698	1
CP142613.1	309698	309700	0
CP142613.1	309700	309739	1
CP142613.1	309739	309786	2
CP142613.1	309786	309798	1
CP142613.1	309798	309854	2
CP142613.1	309854	309872	1
CP142613.1	309872	309873	0
CP142613.1	309873	309901	1
CP142613.1	309901	309902	0
CP142613.1	309902	310035	1
CP142613.1	310035	310095	2
CP142613.1	310095	310097	1
CP142613.1	310097	310173	2
CP142613.1	310173	310186	1
CP142613.1	310186	310187	0
CP142613.1	310187	310195	1
CP142613.1	310195	310287	2
CP142613.1	310287	310350	1
CP142613.1	310350	310561	0
CP142613.1	310561	310782	1
CP142613.1	310782	310840	2
CP142613.1	310840	310848	1
CP142613.1	310848	310850	0
CP142613.1	310850	310962	1
CP142613.1	310962	310963	0
CP142613.1	310963	310970	1
CP142613.1	310970	311007	2
CP142613.1	311007	311015	1
CP142613.1	311015	311020	2
CP142613.1	311020	311021	1
CP142613.1	311021	311102	2
CP142613.1	311102	311104	3
CP142613.1	311104	311112	2
CP142613.1	311112	311122	3
CP142613.1	311122	311127	2
CP142613.1	311127	311249	3
CP142613.1	311249	311270	2
CP142613.1	311270	311312	3
CP142613.1	311312	311313	1
CP142613.1	311313	311345	3
CP142613.1	311345	311379	2
CP142613.1	311379	311467	1
CP142613.1	311467	311533	0
CP142613.1	311533	311605	1
CP142613.1	311605	311606	0
CP142613.1	311606	311627	1
CP142613.1	311627	311775	0
CP142613.1	311775	311817	1
CP142613.1	311817	311818	0
CP142613.1	311818	311822	1
CP142613.1	311822	311883	2
CP142613.1	311883	311948	1
CP142613.1	311948	311949	0
CP142613.1	311949	312004	1
CP142613.1	312004	312015	0
CP142613.1	312015	312048	1
CP142613.1	312048	312558	0
CP142613.1	312558	312698	1
CP142613.1	312698	312733	2
CP142613.1	312733	312769	4
CP142613.1	312769	312782	5
CP142613.1	312782	312827	4
CP142613.1	312827	312830	3
CP142613.1	312830	312835	4
CP142613.1	312835	312836	3
CP142613.1	312836	312875	4
CP142613.1	312875	312912	3
CP142613.1	312912	312967	4
CP142613.1	312967	313003	3
CP142613.1	313003	313054	4
CP142613.1	313054	313080	3
CP142613.1	313080	313160	2
CP142613.1	313160	313190	1
CP142613.1	313190	313239	2
CP142613.1	313239	313334	1
CP142613.1	313334	313349	0
CP142613.1	313349	313351	1
CP142613.1	313351	313356	2
CP142613.1	313356	313357	1
CP142613.1	313357	313433	2
CP142613.1	313433	313474	3
CP142613.1	313474	313475	2
CP142613.1	313475	313488	3
CP142613.1	313488	313489	2
CP142613.1	313489	313531	3
CP142613.1	313531	313581	2
CP142613.1	313581	313659	3
CP142613.1	313659	313660	2
CP142613.1	313660	313669	3
CP142613.1	313669	313746	2
CP142613.1	313746	313747	1
CP142613.1	313747	313753	2
CP142613.1	313753	313761	1
CP142613.1	313761	313777	2
CP142613.1	313777	313837	1
CP142613.1	313837	313840	0
CP142613.1	313840	313862	1
CP142613.1	313862	313938	2
CP142613.1	313938	313998	1
CP142613.1	313998	314020	0
CP142613.1	314020	314042	1
CP142613.1	314042	314071	2
CP142613.1	314071	314072	1
CP142613.1	314072	314093	2
CP142613.1	314093	314100	0
CP142613.1	314100	314101	1
CP142613.1	314101	314133	2
CP142613.1	314133	314241	1
CP142613.1	314241	314260	2
CP142613.1	314260	314305	3
CP142613.1	314305	314311	2
CP142613.1	314311	314419	1
CP142613.1	314419	314422	2
CP142613.1	314422	314435	3
CP142613.1	314435	314438	1
CP142613.1	314438	314453	3
CP142613.1	314453	314461	2
CP142613.1	314461	314490	3
CP142613.1	314490	314504	2
CP142613.1	314504	314665	1
CP142613.1	314665	314681	0
CP142613.1	314681	314771	1
CP142613.1	314771	314811	0
CP142613.1	314811	314855	1
CP142613.1	314855	314969	0
CP142613.1	314969	315058	1
CP142613.1	315058	315113	0
CP142613.1	315113	315140	1
CP142613.1	315140	315141	0
CP142613.1	315141	315224	1
CP142613.1	315224	315317	2
CP142613.1	315317	315319	1
CP142613.1	315319	315320	2
CP142613.1	315320	315379	3
CP142613.1	315379	315389	2
CP142613.1	315389	315394	1
CP142613.1	315394	315395	0
CP142613.1	315395	315433	1
CP142613.1	315433	315441	0
CP142613.1	315441	315453	2
CP142613.1	315453	315455	3
CP142613.1	315455	315491	4
CP142613.1	315491	315492	3
CP142613.1	315492	315538	4
CP142613.1	315538	315539	2
CP142613.1	315539	315544	4
CP142613.1	315544	315549	3
CP142613.1	315549	315600	4
CP142613.1	315600	315612	3
CP142613.1	315612	315624	2
CP142613.1	315624	315706	3
CP142613.1	315706	315713	2
CP142613.1	315713	315725	0
CP142613.1	315725	315733	1
CP142613.1	315733	315813	2
CP142613.1	315813	315907	1
CP142613.1	315907	316496	0
CP142613.1	316496	316571	1
CP142613.1	316571	316634	2
CP142613.1	316634	316635	1
CP142613.1	316635	316647	2
CP142613.1	316647	316655	1
CP142613.1	316655	316775	0
CP142613.1	316775	316863	1
CP142613.1	316863	316897	2
CP142613.1	316897	316936	3
CP142613.1	316936	316937	2
CP142613.1	316937	316975	3
CP142613.1	316975	317005	2
CP142613.1	317005	317022	1
CP142613.1	317022	317026	2
CP142613.1	317026	317027	1
CP142613.1	317027	317031	2
CP142613.1	317031	317049	1
CP142613.1	317049	317051	0
CP142613.1	317051	317086	1
CP142613.1	317086	317146	0
CP142613.1	317146	317179	1
CP142613.1	317179	317218	2
CP142613.1	317218	317367	1
CP142613.1	317367	317368	0
CP142613.1	317368	317453	1
CP142613.1	317453	317495	2
CP142613.1	317495	317505	3
CP142613.1	317505	317519	2
CP142613.1	317519	317655	1
CP142613.1	317655	317711	2
CP142613.1	317711	317712	1
CP142613.1	317712	317793	2
CP142613.1	317793	317819	1
CP142613.1	317819	317933	2
CP142613.1	317933	317995	1
CP142613.1	317995	318127	2
CP142613.1	318127	318139	1
CP142613.1	318139	318223	0
CP142613.1	318223	318384	1
CP142613.1	318384	318407	0
CP142613.1	318407	318673	1
CP142613.1	318673	318716	2
CP142613.1	318716	318911	1
CP142613.1	318911	318991	0
CP142613.1	318991	319014	1
CP142613.1	319014	319069	2
CP142613.1	319069	319146	1
CP142613.1	319146	319147	0
CP142613.1	319147	319235	1
CP142613.1	319235	319237	0
CP142613.1	319237	319241	1
CP142613.1	319241	319244	2
CP142613.1	319244	319245	1
CP142613.1	319245	319283	2
CP142613.1	319283	319299	3
CP142613.1	319299	319350	4
CP142613.1	319350	319365	3
CP142613.1	319365	319418	2
CP142613.1	319418	319424	1
CP142613.1	319424	319467	0
CP142613.1	319467	319533	1
CP142613.1	319533	319755	0
CP142613.1	319755	319761	1
CP142613.1	319761	319767	2
CP142613.1	319767	319769	3
CP142613.1	319769	319770	2
CP142613.1	319770	319771	1
CP142613.1	319771	319777	2
CP142613.1	319777	319781	3
CP142613.1	319781	319782	2
CP142613.1	319782	319824	3
CP142613.1	319824	319891	2
CP142613.1	319891	319905	1
CP142613.1	319905	319910	2
CP142613.1	319910	319912	1
CP142613.1	319912	319915	2
CP142613.1	319915	319924	1
CP142613.1	319924	319955	2
CP142613.1	319955	319958	1
CP142613.1	319958	319963	2
CP142613.1	319963	319969	1
CP142613.1	319969	319996	2
CP142613.1	319996	320011	1
CP142613.1	320011	320012	0
CP142613.1	320012	320088	1
CP142613.1	320088	320267	0
CP142613.1	320267	320274	1
CP142613.1	320274	320333	2
CP142613.1	320333	320342	1
CP142613.1	320342	320369	2
CP142613.1	320369	320375	3
CP142613.1	320375	320376	2
CP142613.1	320376	320413	3
CP142613.1	320413	320444	2
CP142613.1	320444	320491	3
CP142613.1	320491	320493	0
CP142613.1	320493	320494	1
CP142613.1	320494	320496	2
CP142613.1	320496	320510	4
CP142613.1	320510	320535	3
CP142613.1	320535	320536	2
CP142613.1	320536	320551	3
CP142613.1	320551	320598	2
CP142613.1	320598	320613	3
CP142613.1	320613	320712	4
CP142613.1	320712	320713	3
CP142613.1	320713	320729	4
CP142613.1	320729	320730	3
CP142613.1	320730	320784	4
CP142613.1	320784	320786	3
CP142613.1	320786	320787	2
CP142613.1	320787	320794	3
CP142613.1	320794	320814	2
CP142613.1	320814	320952	1
CP142613.1	320952	320978	0
CP142613.1	320978	320979	1
CP142613.1	320979	321010	2
CP142613.1	321010	321012	1
CP142613.1	321012	321015	2
CP142613.1	321015	321017	1
CP142613.1	321017	321098	2
CP142613.1	321098	321099	1
CP142613.1	321099	321123	2
CP142613.1	321123	321232	1
CP142613.1	321232	321256	2
CP142613.1	321256	321264	3
CP142613.1	321264	321308	4
CP142613.1	321308	321310	3
CP142613.1	321310	321311	2
CP142613.1	321311	321315	3
CP142613.1	321315	321421	2
CP142613.1	321421	321422	0
CP142613.1	321422	321441	2
CP142613.1	321441	321442	1
CP142613.1	321442	321468	2
CP142613.1	321468	321504	1
CP142613.1	321504	321569	2
CP142613.1	321569	321708	1
CP142613.1	321708	321948	0
CP142613.1	321948	322014	1
CP142613.1	322014	322015	0
CP142613.1	322015	322068	1
CP142613.1	322068	322069	0
CP142613.1	322069	322118	1
CP142613.1	322118	322152	0
CP142613.1	322152	322302	1
CP142613.1	322302	322416	0
CP142613.1	322416	322551	1
CP142613.1	322551	322552	0
CP142613.1	322552	322716	1
CP142613.1	322716	322837	0
CP142613.1	322837	322858	1
CP142613.1	322858	322859	2
CP142613.1	322859	322890	3
CP142613.1	322890	322898	2
CP142613.1	322898	322934	3
CP142613.1	322934	322936	2
CP142613.1	322936	322956	3
CP142613.1	322956	322986	2
CP142613.1	322986	323005	3
CP142613.1	323005	323035	2
CP142613.1	323035	323055	3
CP142613.1	323055	323078	2
CP142613.1	323078	323088	1
CP142613.1	323088	323094	2
CP142613.1	323094	323135	1
CP142613.1	323135	323136	0
CP142613.1	323136	323145	1
CP142613.1	323145	323237	2
CP142613.1	323237	323239	3
CP142613.1	323239	323261	2
CP142613.1	323261	323262	1
CP142613.1	323262	323263	0
CP142613.1	323263	323314	1
CP142613.1	323314	323334	0
CP142613.1	323334	323389	1
CP142613.1	323389	323391	0
CP142613.1	323391	323418	1
CP142613.1	323418	323420	0
CP142613.1	323420	323536	1
CP142613.1	323536	323933	0
CP142613.1	323933	324065	1
CP142613.1	324065	324067	0
CP142613.1	324067	324079	1
CP142613.1	324079	324149	2
CP142613.1	324149	324232	0
CP142613.1	324232	324244	1
CP142613.1	324244	324301	2
CP142613.1	324301	324318	3
CP142613.1	324318	324357	4
CP142613.1	324357	324385	5
CP142613.1	324385	324387	7
CP142613.1	324387	324391	4
CP142613.1	324391	324432	5
CP142613.1	324432	324568	0
CP142613.1	324568	324626	1
CP142613.1	324626	324627	0
CP142613.1	324627	324641	1
CP142613.1	324641	324709	0
CP142613.1	324709	324800	1
CP142613.1	324800	324802	0
CP142613.1	324802	324957	1
CP142613.1	324957	324999	0
CP142613.1	324999	325033	1
CP142613.1	325033	325083	2
CP142613.1	325083	325095	3
CP142613.1	325095	325108	2
CP142613.1	325108	325109	1
CP142613.1	325109	325140	2
CP142613.1	325140	325142	1
CP142613.1	325142	325176	2
CP142613.1	325176	325195	3
CP142613.1	325195	325196	2
CP142613.1	325196	325236	3
CP142613.1	325236	325238	2
CP142613.1	325238	325251	1
CP142613.1	325251	325342	0
CP142613.1	325342	325480	1
CP142613.1	325480	325530	2
CP142613.1	325530	325538	1
CP142613.1	325538	325569	0
CP142613.1	325569	325634	1
CP142613.1	325634	325640	0
CP142613.1	325640	325678	1
CP142613.1	325678	325844	2
CP142613.1	325844	325861	1
CP142613.1	325861	325868	2
CP142613.1	325868	325873	3
CP142613.1	325873	325929	4
CP142613.1	325929	325944	3
CP142613.1	325944	325953	2
CP142613.1	325953	325955	1
CP142613.1	325955	325957	2
CP142613.1	325957	325958	1
CP142613.1	325958	325962	4
CP142613.1	325962	325974	5
CP142613.1	325974	326023	4
CP142613.1	326023	326042	3
CP142613.1	326042	326093	2
CP142613.1	326093	326112	1
CP142613.1	326112	326113	0
CP142613.1	326113	326153	1
CP142613.1	326153	326233	2
CP142613.1	326233	326234	1
CP142613.1	326234	326258	2
CP142613.1	326258	326288	1
CP142613.1	326288	326304	2
CP142613.1	326304	326376	1
CP142613.1	326376	326392	2
CP142613.1	326392	326410	3
CP142613.1	326410	326411	2
CP142613.1	326411	326412	0
CP142613.1	326412	326413	1
CP142613.1	326413	326414	2
CP142613.1	326414	326444	3
CP142613.1	326444	326445	2
CP142613.1	326445	326455	3
CP142613.1	326455	326462	2
CP142613.1	326462	326464	1
CP142613.1	326464	326485	2
CP142613.1	326485	326590	1
CP142613.1	326590	326596	2
CP142613.1	326596	326623	3
CP142613.1	326623	326625	2
CP142613.1	326625	326631	3
CP142613.1	326631	326659	2
CP142613.1	326659	326679	1
CP142613.1	326679	326709	2
CP142613.1	326709	326778	3
CP142613.1	326778	326789	2
CP142613.1	326789	326833	1
CP142613.1	326833	326927	0
CP142613.1	326927	326933	1
CP142613.1	326933	327000	2
CP142613.1	327000	327012	3
CP142613.1	327012	327013	1
CP142613.1	327013	327017	0
CP142613.1	327017	327018	1
CP142613.1	327018	327020	2
CP142613.1	327020	327028	3
CP142613.1	327028	327029	2
CP142613.1	327029	327036	3
CP142613.1	327036	327075	2
CP142613.1	327075	327123	1
CP142613.1	327123	327124	0
CP142613.1	327124	327179	1
CP142613.1	327179	327218	2
CP142613.1	327218	327245	1
CP142613.1	327245	327308	0
CP142613.1	327308	327359	1
CP142613.1	327359	327376	2
CP142613.1	327376	327377	1
CP142613.1	327377	327414	2
CP142613.1	327414	327430	3
CP142613.1	327430	327461	4
CP142613.1	327461	327462	3
CP142613.1	327462	327484	4
CP142613.1	327484	327553	3
CP142613.1	327553	327590	2
CP142613.1	327590	327602	1
CP142613.1	327602	327706	0
CP142613.1	327706	327738	1
CP142613.1	327738	327795	2
CP142613.1	327795	327800	1
CP142613.1	327800	327801	0
CP142613.1	327801	327802	1
CP142613.1	327802	327841	2
CP142613.1	327841	327844	1
CP142613.1	327844	327899	2
CP142613.1	327899	327900	1
CP142613.1	327900	327915	2
CP142613.1	327915	327968	1
CP142613.1	327968	328021	2
CP142613.1	328021	328037	1
CP142613.1	328037	328252	0
CP142613.1	328252	328308	1
CP142613.1	328308	328338	2
CP142613.1	328338	328407	3
CP142613.1	328407	328409	4
CP142613.1	328409	328419	3
CP142613.1	328419	328443	2
CP142613.1	328443	328456	1
CP142613.1	328456	328501	2
CP142613.1	328501	328521	1
CP142613.1	328521	328597	2
CP142613.1	328597	328714	1
CP142613.1	328714	328789	0
CP142613.1	328789	328812	1
CP142613.1	328812	328897	2
CP142613.1	328897	328918	1
CP142613.1	328918	328971	2
CP142613.1	328971	329047	1
CP142613.1	329047	329077	2
CP142613.1	329077	329078	1
CP142613.1	329078	329096	2
CP142613.1	329096	329109	1
CP142613.1	329109	329201	2
CP142613.1	329201	329363	1
CP142613.1	329363	329400	2
CP142613.1	329400	329436	1
CP142613.1	329436	329651	0
CP142613.1	329651	329774	1
CP142613.1	329774	329794	2
CP142613.1	329794	329797	1
CP142613.1	329797	329830	2
CP142613.1	329830	329833	1
CP142613.1	329833	329835	0
CP142613.1	329835	329857	2
CP142613.1	329857	330032	1
CP142613.1	330032	330112	2
CP142613.1	330112	330128	1
CP142613.1	330128	330129	0
CP142613.1	330129	330178	1
CP142613.1	330178	330206	0
CP142613.1	330206	330327	1
CP142613.1	330327	330408	0
CP142613.1	330408	330569	1
CP142613.1	330569	330570	0
CP142613.1	330570	330601	1
CP142613.1	330601	330684	2
CP142613.1	330684	330711	3
CP142613.1	330711	330718	2
CP142613.1	330718	330720	1
CP142613.1	330720	330806	2
CP142613.1	330806	330831	1
CP142613.1	330831	330863	0
CP142613.1	330863	331108	1
CP142613.1	331108	331132	0
CP142613.1	331132	331194	1
CP142613.1	331194	331195	0
CP142613.1	331195	331224	1
CP142613.1	331224	331246	0
CP142613.1	331246	331274	1
CP142613.1	331274	331320	2
CP142613.1	331320	331331	1
CP142613.1	331331	331357	2
CP142613.1	331357	331360	1
CP142613.1	331360	331438	2
CP142613.1	331438	331459	1
CP142613.1	331459	331817	0
CP142613.1	331817	331934	1
CP142613.1	331934	331936	0
CP142613.1	331936	332056	1
CP142613.1	332056	332059	0
CP142613.1	332059	332089	1
CP142613.1	332089	332094	2
CP142613.1	332094	332123	3
CP142613.1	332123	332138	2
CP142613.1	332138	332142	1
CP142613.1	332142	332174	2
CP142613.1	332174	332177	1
CP142613.1	332177	332216	2
CP142613.1	332216	332224	3
CP142613.1	332224	332225	2
CP142613.1	332225	332231	3
CP142613.1	332231	332270	2
CP142613.1	332270	332292	3
CP142613.1	332292	332348	2
CP142613.1	332348	332364	1
CP142613.1	332364	332378	2
CP142613.1	332378	332432	1
CP142613.1	332432	332433	0
CP142613.1	332433	332452	1
CP142613.1	332452	332557	0
CP142613.1	332557	332627	1
CP142613.1	332627	332649	2
CP142613.1	332649	332650	1
CP142613.1	332650	332651	0
CP142613.1	332651	332652	1
CP142613.1	332652	332683	2
CP142613.1	332683	332687	1
CP142613.1	332687	332709	0
CP142613.1	332709	332747	1
CP142613.1	332747	332792	2
CP142613.1	332792	332800	1
CP142613.1	332800	332943	0
CP142613.1	332943	332972	1
CP142613.1	332972	333032	2
CP142613.1	333032	333063	3
CP142613.1	333063	333181	2
CP142613.1	333181	333279	1
CP142613.1	333279	333321	0
CP142613.1	333321	333327	1
CP142613.1	333327	333330	0
CP142613.1	333330	333353	1
CP142613.1	333353	333354	0
CP142613.1	333354	333410	1
CP142613.1	333410	333462	2
CP142613.1	333462	333463	1
CP142613.1	333463	333482	2
CP142613.1	333482	333508	3
CP142613.1	333508	333511	2
CP142613.1	333511	333534	1
CP142613.1	333534	333541	2
CP142613.1	333541	333596	1
CP142613.1	333596	333640	2
CP142613.1	333640	333704	1
CP142613.1	333704	333708	0
CP142613.1	333708	333712	1
CP142613.1	333712	333760	2
CP142613.1	333760	333761	3
CP142613.1	333761	333762	1
CP142613.1	333762	333763	2
CP142613.1	333763	333826	3
CP142613.1	333826	333828	2
CP142613.1	333828	333829	1
CP142613.1	333829	333837	0
CP142613.1	333837	333931	1
CP142613.1	333931	334077	0
CP142613.1	334077	334087	1
CP142613.1	334087	334101	2
CP142613.1	334101	334113	3
CP142613.1	334113	334144	4
CP142613.1	334144	334146	3
CP142613.1	334146	334149	4
CP142613.1	334149	334152	5
CP142613.1	334152	334158	4
CP142613.1	334158	334159	3
CP142613.1	334159	334211	4
CP142613.1	334211	334244	3
CP142613.1	334244	334289	4
CP142613.1	334289	334292	2
CP142613.1	334292	334302	4
CP142613.1	334302	334373	3
CP142613.1	334373	334384	2
CP142613.1	334384	334396	1
CP142613.1	334396	334405	2
CP142613.1	334405	334490	3
CP142613.1	334490	334491	1
CP142613.1	334491	334499	3
CP142613.1	334499	334503	2
CP142613.1	334503	334505	0
CP142613.1	334505	334547	1
CP142613.1	334547	334558	2
CP142613.1	334558	334559	1
CP142613.1	334559	334566	2
CP142613.1	334566	334611	3
CP142613.1	334611	334653	4
CP142613.1	334653	334657	3
CP142613.1	334657	334689	2
CP142613.1	334689	334750	3
CP142613.1	334750	334751	2
CP142613.1	334751	334791	3
CP142613.1	334791	334792	2
CP142613.1	334792	334839	3
CP142613.1	334839	334867	2
CP142613.1	334867	334953	3
CP142613.1	334953	335004	2
CP142613.1	335004	335098	1
CP142613.1	335098	335099	0
CP142613.1	335099	335135	1
CP142613.1	335135	335193	2
CP142613.1	335193	335199	1
CP142613.1	335199	335537	0
CP142613.1	335537	335584	1
CP142613.1	335584	335585	0
CP142613.1	335585	335593	1
CP142613.1	335593	335598	0
CP142613.1	335598	335609	1
CP142613.1	335609	335611	2
CP142613.1	335611	335735	1
CP142613.1	335735	335737	0
CP142613.1	335737	335745	1
CP142613.1	335745	335919	0
CP142613.1	335919	335992	1
CP142613.1	335992	336069	0
CP142613.1	336069	336174	1
CP142613.1	336174	336206	2
CP142613.1	336206	336330	1
CP142613.1	336330	336349	2
CP142613.1	336349	336370	3
CP142613.1	336370	336427	2
CP142613.1	336427	336587	1
CP142613.1	336587	336636	0
CP142613.1	336636	336662	1
CP142613.1	336662	336829	2
CP142613.1	336829	336870	3
CP142613.1	336870	336876	2
CP142613.1	336876	336886	3
CP142613.1	336886	336892	2
CP142613.1	336892	336935	1
CP142613.1	336935	336998	2
CP142613.1	336998	336999	1
CP142613.1	336999	337028	2
CP142613.1	337028	337055	1
CP142613.1	337055	337109	0
CP142613.1	337109	337161	1
CP142613.1	337161	337173	0
CP142613.1	337173	337195	1
CP142613.1	337195	337249	2
CP142613.1	337249	337425	1
CP142613.1	337425	337887	0
CP142613.1	337887	337908	1
CP142613.1	337908	338000	2
CP142613.1	338000	338037	1
CP142613.1	338037	338193	0
CP142613.1	338193	338281	1
CP142613.1	338281	338286	2
CP142613.1	338286	338300	3
CP142613.1	338300	338329	2
CP142613.1	338329	338331	0
CP142613.1	338331	338356	2
CP142613.1	338356	338364	1
CP142613.1	338364	338461	0
CP142613.1	338461	338496	1
CP142613.1	338496	338505	2
CP142613.1	338505	338508	1
CP142613.1	338508	338552	2
CP142613.1	338552	338588	1
CP142613.1	338588	338603	0
CP142613.1	338603	338646	1
CP142613.1	338646	338767	2
CP142613.1	338767	338930	1
CP142613.1	338930	339059	2
CP142613.1	339059	339119	1
CP142613.1	339119	339146	2
CP142613.1	339146	339189	1
CP142613.1	339189	339277	0
CP142613.1	339277	339314	1
CP142613.1	339314	339319	2
CP142613.1	339319	339324	1
CP142613.1	339324	339325	0
CP142613.1	339325	339416	1
CP142613.1	339416	339705	0
CP142613.1	339705	339729	1
CP142613.1	339729	339762	2
CP142613.1	339762	339763	1
CP142613.1	339763	339764	0
CP142613.1	339764	339809	2
CP142613.1	339809	339813	1
CP142613.1	339813	339816	2
CP142613.1	339816	339822	1
CP142613.1	339822	339837	2
CP142613.1	339837	339838	0
CP142613.1	339838	339839	1
CP142613.1	339839	339883	2
CP142613.1	339883	339903	1
CP142613.1	339903	339960	0
CP142613.1	339960	340173	1
CP142613.1	340173	340280	0
CP142613.1	340280	340294	1
CP142613.1	340294	340295	0
CP142613.1	340295	340377	1
CP142613.1	340377	340378	0
CP142613.1	340378	340407	1
CP142613.1	340407	340449	2
CP142613.1	340449	340452	1
CP142613.1	340452	340497	2
CP142613.1	340497	340545	3
CP142613.1	340545	340560	2
CP142613.1	340560	340572	1
CP142613.1	340572	340628	2
CP142613.1	340628	340632	1
CP142613.1	340632	340733	0
CP142613.1	340733	340751	1
CP142613.1	340751	340755	0
CP142613.1	340755	340897	1
CP142613.1	340897	340928	2
CP142613.1	340928	340931	1
CP142613.1	340931	340941	2
CP142613.1	340941	340942	0
CP142613.1	340942	341023	2
CP142613.1	341023	341024	1
CP142613.1	341024	341025	2
CP142613.1	341025	341065	1
CP142613.1	341065	341233	0
CP142613.1	341233	341378	1
CP142613.1	341378	341482	2
CP142613.1	341482	341483	1
CP142613.1	341483	341563	2
CP142613.1	341563	341619	1
CP142613.1	341619	341731	2
CP142613.1	341731	341758	3
CP142613.1	341758	341794	2
CP142613.1	341794	341795	1
CP142613.1	341795	341836	2
CP142613.1	341836	341950	1
CP142613.1	341950	342072	0
CP142613.1	342072	342127	1
CP142613.1	342127	342128	0
CP142613.1	342128	342142	1
CP142613.1	342142	342304	0
CP142613.1	342304	342348	1
CP142613.1	342348	342382	2
CP142613.1	342382	342425	3
CP142613.1	342425	342426	2
CP142613.1	342426	342429	3
CP142613.1	342429	342436	2
CP142613.1	342436	342482	1
CP142613.1	342482	342504	2
CP142613.1	342504	342507	3
CP142613.1	342507	342576	4
CP142613.1	342576	342622	3
CP142613.1	342622	342634	4
CP142613.1	342634	342657	3
CP142613.1	342657	342658	2
CP142613.1	342658	342671	3
CP142613.1	342671	342672	2
CP142613.1	342672	342691	3
CP142613.1	342691	342732	2
CP142613.1	342732	342774	1
CP142613.1	342774	342782	2
CP142613.1	342782	342783	1
CP142613.1	342783	342791	2
CP142613.1	342791	342793	1
CP142613.1	342793	342908	2
CP142613.1	342908	342934	3
CP142613.1	342934	342943	2
CP142613.1	342943	342955	3
CP142613.1	342955	342973	2
CP142613.1	342973	342976	1
CP142613.1	342976	343036	2
CP142613.1	343036	343097	1
CP142613.1	343097	343120	0
CP142613.1	343120	343274	1
CP142613.1	343274	343322	2
CP142613.1	343322	343323	1
CP142613.1	343323	343398	2
CP142613.1	343398	343426	3
CP142613.1	343426	343453	2
CP142613.1	343453	343463	3
CP142613.1	343463	343497	2
CP142613.1	343497	343679	1
CP142613.1	343679	343684	2
CP142613.1	343684	343687	1
CP142613.1	343687	343731	2
CP142613.1	343731	343741	1
CP142613.1	343741	343788	2
CP142613.1	343788	343829	3
CP142613.1	343829	343835	4
CP142613.1	343835	343857	5
CP142613.1	343857	343897	4
CP142613.1	343897	343911	3
CP142613.1	343911	343912	4
CP142613.1	343912	343949	3
CP142613.1	343949	343967	2
CP142613.1	343967	343968	0
CP142613.1	343968	343982	2
CP142613.1	343982	343983	0
CP142613.1	343983	343989	2
CP142613.1	343989	343991	1
CP142613.1	343991	344084	2
CP142613.1	344084	344092	0
CP142613.1	344092	344208	1
CP142613.1	344208	344237	0
CP142613.1	344237	344254	1
CP142613.1	344254	344295	2
CP142613.1	344295	344419	1
CP142613.1	344419	344425	0
CP142613.1	344425	344432	1
CP142613.1	344432	344464	2
CP142613.1	344464	344467	1
CP142613.1	344467	344468	2
CP142613.1	344468	344480	3
CP142613.1	344480	344490	2
CP142613.1	344490	344497	1
CP142613.1	344497	344498	0
CP142613.1	344498	344507	1
CP142613.1	344507	344524	2
CP142613.1	344524	344526	1
CP142613.1	344526	344547	2
CP142613.1	344547	344575	3
CP142613.1	344575	344584	4
CP142613.1	344584	344600	3
CP142613.1	344600	344616	2
CP142613.1	344616	344692	1
CP142613.1	344692	344717	0
CP142613.1	344717	344810	1
CP142613.1	344810	344841	0
CP142613.1	344841	344989	1
CP142613.1	344989	345104	0
CP142613.1	345104	345208	1
CP142613.1	345208	345237	2
CP142613.1	345237	345422	1
CP142613.1	345422	345535	0
CP142613.1	345535	345617	1
CP142613.1	345617	345644	2
CP142613.1	345644	345645	1
CP142613.1	345645	345661	2
CP142613.1	345661	345732	3
CP142613.1	345732	345747	2
CP142613.1	345747	345752	1
CP142613.1	345752	345764	2
CP142613.1	345764	345772	1
CP142613.1	345772	345904	2
CP142613.1	345904	345914	3
CP142613.1	345914	345916	2
CP142613.1	345916	346366	1
CP142613.1	346366	346404	2
CP142613.1	346404	346483	1
CP142613.1	346483	346705	0
CP142613.1	346705	346756	1
CP142613.1	346756	346796	0
CP142613.1	346796	346834	1
CP142613.1	346834	347002	2
CP142613.1	347002	347009	3
CP142613.1	347009	347066	2
CP142613.1	347066	347094	3
CP142613.1	347094	347107	2
CP142613.1	347107	347142	3
CP142613.1	347142	347196	4
CP142613.1	347196	347311	3
CP142613.1	347311	347357	4
CP142613.1	347357	347376	3
CP142613.1	347376	347484	2
CP142613.1	347484	347485	1
CP142613.1	347485	347931	0
CP142613.1	347931	347943	1
CP142613.1	347943	348011	2
CP142613.1	348011	348014	1
CP142613.1	348014	348039	2
CP142613.1	348039	348054	3
CP142613.1	348054	348135	2
CP142613.1	348135	348156	1
CP142613.1	348156	348157	0
CP142613.1	348157	348182	1
CP142613.1	348182	348195	2
CP142613.1	348195	348196	1
CP142613.1	348196	348244	2
CP142613.1	348244	348245	1
CP142613.1	348245	348312	2
CP142613.1	348312	348322	1
CP142613.1	348322	348424	0
CP142613.1	348424	348489	1
CP142613.1	348489	348490	0
CP142613.1	348490	348659	1
CP142613.1	348659	348718	2
CP142613.1	348718	348742	1
CP142613.1	348742	348745	0
CP142613.1	348745	348777	1
CP142613.1	348777	348780	0
CP142613.1	348780	348883	1
CP142613.1	348883	348942	2
CP142613.1	348942	349009	3
CP142613.1	349009	349011	0
CP142613.1	349011	349087	3
CP142613.1	349087	349104	4
CP142613.1	349104	349115	5
CP142613.1	349115	349135	4
CP142613.1	349135	349136	3
CP142613.1	349136	349142	4
CP142613.1	349142	349148	3
CP142613.1	349148	349187	2
CP142613.1	349187	349188	1
CP142613.1	349188	349211	2
CP142613.1	349211	349245	1
CP142613.1	349245	349260	2
CP142613.1	349260	349283	1
CP142613.1	349283	349284	0
CP142613.1	349284	349297	1
CP142613.1	349297	349298	0
CP142613.1	349298	349341	1
CP142613.1	349341	349344	0
CP142613.1	349344	349366	1
CP142613.1	349366	349377	0
CP142613.1	349377	349433	1
CP142613.1	349433	349476	2
CP142613.1	349476	349481	1
CP142613.1	349481	349484	0
CP142613.1	349484	349491	1
CP142613.1	349491	349497	2
CP142613.1	349497	349505	1
CP142613.1	349505	349608	2
CP142613.1	349608	349698	1
CP142613.1	349698	349825	0
CP142613.1	349825	349884	1
CP142613.1	349884	349894	2
CP142613.1	349894	350005	3
CP142613.1	350005	350027	2
CP142613.1	350027	350046	1
CP142613.1	350046	350089	2
CP142613.1	350089	350092	1
CP142613.1	350092	350095	0
CP142613.1	350095	350144	1
CP142613.1	350144	350150	2
CP142613.1	350150	350256	1
CP142613.1	350256	350357	0
CP142613.1	350357	350398	1
CP142613.1	350398	350421	2
CP142613.1	350421	350434	3
CP142613.1	350434	350449	4
CP142613.1	350449	350450	3
CP142613.1	350450	350463	4
CP142613.1	350463	350464	2
CP142613.1	350464	350465	1
CP142613.1	350465	350466	2
CP142613.1	350466	350467	3
CP142613.1	350467	350492	4
CP142613.1	350492	350495	3
CP142613.1	350495	350498	2
CP142613.1	350498	350519	1
CP142613.1	350519	350537	0
CP142613.1	350537	350630	1
CP142613.1	350630	350806	0
CP142613.1	350806	350863	1
CP142613.1	350863	350867	0
CP142613.1	350867	351152	1
CP142613.1	351152	351207	2
CP142613.1	351207	351238	1
CP142613.1	351238	351491	0
CP142613.1	351491	351552	1
CP142613.1	351552	351557	0
CP142613.1	351557	351561	1
CP142613.1	351561	351611	2
CP142613.1	351611	351782	1
CP142613.1	351782	352046	0
CP142613.1	352046	352165	1
CP142613.1	352165	352246	2
CP142613.1	352246	352398	1
CP142613.1	352398	352883	0
CP142613.1	352883	352923	1
CP142613.1	352923	352940	0
CP142613.1	352940	352948	1
CP142613.1	352948	353026	2
CP142613.1	353026	353027	1
CP142613.1	353027	353040	2
CP142613.1	353040	353041	0
CP142613.1	353041	353045	1
CP142613.1	353045	353077	2
CP142613.1	353077	353102	1
CP142613.1	353102	353166	0
CP142613.1	353166	353289	1
CP142613.1	353289	353294	2
CP142613.1	353294	353302	1
CP142613.1	353302	353303	0
CP142613.1	353303	353318	1
CP142613.1	353318	353323	2
CP142613.1	353323	353324	1
CP142613.1	353324	353349	2
CP142613.1	353349	353463	1
CP142613.1	353463	353467	0
CP142613.1	353467	353493	2
CP142613.1	353493	353494	1
CP142613.1	353494	353516	2
CP142613.1	353516	353573	3
CP142613.1	353573	353596	2
CP142613.1	353596	353606	3
CP142613.1	353606	353615	2
CP142613.1	353615	353646	3
CP142613.1	353646	353689	2
CP142613.1	353689	353755	1
CP142613.1	353755	353945	2
CP142613.1	353945	353952	3
CP142613.1	353952	353953	2
CP142613.1	353953	353957	3
CP142613.1	353957	353960	2
CP142613.1	353960	353979	3
CP142613.1	353979	354094	2
CP142613.1	354094	354218	1
CP142613.1	354218	354242	3
CP142613.1	354242	354317	2
CP142613.1	354317	354388	0
CP142613.1	354388	354608	1
CP142613.1	354608	354775	0
CP142613.1	354775	354823	3
CP142613.1	354823	354835	1
CP142613.1	354835	354878	0
CP142613.1	354878	354902	1
CP142613.1	354902	354903	0
CP142613.1	354903	354981	1
CP142613.1	354981	355000	0
CP142613.1	355000	355057	1
CP142613.1	355057	355162	0
CP142613.1	355162	355241	1
CP142613.1	355241	355331	2
CP142613.1	355331	355346	1
CP142613.1	355346	355836	0
CP142613.1	355836	355856	1
CP142613.1	355856	355871	2
CP142613.1	355871	355872	1
CP142613.1	355872	355904	2
CP142613.1	355904	355945	3
CP142613.1	355945	355972	2
CP142613.1	355972	355974	3
CP142613.1	355974	356014	2
CP142613.1	356014	356033	1
CP142613.1	356033	356153	2
CP142613.1	356153	356154	1
CP142613.1	356154	356186	2
CP142613.1	356186	356209	3
CP142613.1	356209	356277	2
CP142613.1	356277	356310	3
CP142613.1	356310	356337	2
CP142613.1	356337	356342	3
CP142613.1	356342	356426	4
CP142613.1	356426	356427	3
CP142613.1	356427	356430	4
CP142613.1	356430	356438	3
CP142613.1	356438	356501	2
CP142613.1	356501	356505	3
CP142613.1	356505	356514	2
CP142613.1	356514	356549	1
CP142613.1	356549	356559	0
CP142613.1	356559	356596	1
CP142613.1	356596	356607	2
CP142613.1	356607	356623	1
CP142613.1	356623	356668	2
CP142613.1	356668	356669	1
CP142613.1	356669	356671	2
CP142613.1	356671	356673	1
CP142613.1	356673	356683	2
CP142613.1	356683	356694	3
CP142613.1	356694	356707	4
CP142613.1	356707	356712	3
CP142613.1	356712	356715	4
CP142613.1	356715	356717	3
CP142613.1	356717	356719	4
CP142613.1	356719	356720	3
CP142613.1	356720	356758	4
CP142613.1	356758	356762	3
CP142613.1	356762	356815	2
CP142613.1	356815	356949	1
CP142613.1	356949	356950	0
CP142613.1	356950	356956	1
CP142613.1	356956	357167	0
CP142613.1	357167	357206	1
CP142613.1	357206	357209	0
CP142613.1	357209	357226	1
CP142613.1	357226	357234	2
CP142613.1	357234	357304	1
CP142613.1	357304	357305	0
CP142613.1	357305	357361	1
CP142613.1	357361	357374	2
CP142613.1	357374	357376	3
CP142613.1	357376	357468	2
CP142613.1	357468	357470	1
CP142613.1	357470	357626	0
CP142613.1	357626	357631	1
CP142613.1	357631	357744	2
CP142613.1	357744	357821	1
CP142613.1	357821	358004	0
CP142613.1	358004	358041	1
CP142613.1	358041	358073	2
CP142613.1	358073	358117	1
CP142613.1	358117	358231	0
CP142613.1	358231	358318	1
CP142613.1	358318	358373	2
CP142613.1	358373	358383	3
CP142613.1	358383	358395	4
CP142613.1	358395	358413	3
CP142613.1	358413	358414	2
CP142613.1	358414	358466	3
CP142613.1	358466	358467	2
CP142613.1	358467	358503	3
CP142613.1	358503	358511	2
CP142613.1	358511	358529	3
CP142613.1	358529	358547	2
CP142613.1	358547	358598	3
CP142613.1	358598	358606	4
CP142613.1	358606	358634	3
CP142613.1	358634	358706	2
CP142613.1	358706	358756	3
CP142613.1	358756	358847	2
CP142613.1	358847	358889	1
CP142613.1	358889	358968	0
CP142613.1	358968	359111	1
CP142613.1	359111	359204	2
CP142613.1	359204	359400	1
CP142613.1	359400	359518	2
CP142613.1	359518	359631	1
CP142613.1	359631	359636	0
CP142613.1	359636	359652	1
CP142613.1	359652	359655	0
CP142613.1	359655	359666	1
CP142613.1	359666	359687	2
CP142613.1	359687	359688	1
CP142613.1	359688	359712	2
CP142613.1	359712	359725	1
CP142613.1	359725	359784	0
CP142613.1	359784	359840	1
CP142613.1	359840	359895	0
CP142613.1	359895	359964	1
CP142613.1	359964	359974	0
CP142613.1	359974	360040	1
CP142613.1	360040	360042	0
CP142613.1	360042	360158	1
CP142613.1	360158	360245	2
CP142613.1	360245	360383	1
CP142613.1	360383	360595	0
CP142613.1	360595	360619	1
CP142613.1	360619	360620	0
CP142613.1	360620	360643	1
CP142613.1	360643	360644	0
CP142613.1	360644	360703	1
CP142613.1	360703	360704	0
CP142613.1	360704	360739	1
CP142613.1	360739	360963	0
CP142613.1	360963	361089	1
CP142613.1	361089	361104	2
CP142613.1	361104	361149	1
CP142613.1	361149	361248	0
CP142613.1	361248	361299	1
CP142613.1	361299	361330	3
CP142613.1	361330	361368	2
CP142613.1	361368	361374	3
CP142613.1	361374	361375	2
CP142613.1	361375	361376	0
CP142613.1	361376	361437	2
CP142613.1	361437	361559	1
CP142613.1	361559	361560	0
CP142613.1	361560	361603	1
CP142613.1	361603	361622	0
CP142613.1	361622	361728	1
CP142613.1	361728	361781	0
CP142613.1	361781	361787	1
CP142613.1	361787	361795	2
CP142613.1	361795	361808	3
CP142613.1	361808	361809	2
CP142613.1	361809	361831	3
CP142613.1	361831	361837	2
CP142613.1	361837	361893	1
CP142613.1	361893	361954	2
CP142613.1	361954	361956	1
CP142613.1	361956	361969	2
CP142613.1	361969	361989	1
CP142613.1	361989	362003	0
CP142613.1	362003	362098	1
CP142613.1	362098	362109	0
CP142613.1	362109	362227	1
CP142613.1	362227	362252	2
CP142613.1	362252	362267	3
CP142613.1	362267	362277	4
CP142613.1	362277	362291	3
CP142613.1	362291	362292	2
CP142613.1	362292	362327	3
CP142613.1	362327	362328	2
CP142613.1	362328	362368	3
CP142613.1	362368	362396	4
CP142613.1	362396	362398	2
CP142613.1	362398	362422	4
CP142613.1	362422	362435	3
CP142613.1	362435	362506	2
CP142613.1	362506	362512	3
CP142613.1	362512	362684	2
CP142613.1	362684	362727	3
CP142613.1	362727	362759	2
CP142613.1	362759	362781	1
CP142613.1	362781	362960	0
CP142613.1	362960	363038	1
CP142613.1	363038	363047	2
CP142613.1	363047	363081	1
CP142613.1	363081	363124	2
CP142613.1	363124	363125	1
CP142613.1	363125	363130	2
CP142613.1	363130	363182	1
CP142613.1	363182	363458	0
CP142613.1	363458	363540	1
CP142613.1	363540	363607	2
CP142613.1	363607	363624	3
CP142613.1	363624	363698	4
CP142613.1	363698	363721	5
CP142613.1	363721	363730	4
CP142613.1	363730	363731	3
CP142613.1	363731	363734	4
CP142613.1	363734	363738	3
CP142613.1	363738	363749	4
CP142613.1	363749	363756	3
CP142613.1	363756	363757	2
CP142613.1	363757	363772	3
CP142613.1	363772	363774	2
CP142613.1	363774	363799	3
CP142613.1	363799	363927	2
CP142613.1	363927	363934	1
CP142613.1	363934	363937	0
CP142613.1	363937	364038	1
CP142613.1	364038	364039	0
CP142613.1	364039	364120	1
CP142613.1	364120	364132	0
CP142613.1	364132	364207	1
CP142613.1	364207	364208	2
CP142613.1	364208	364209	3
CP142613.1	364209	364242	4
CP142613.1	364242	364243	0
CP142613.1	364243	364262	4
CP142613.1	364262	364263	1
CP142613.1	364263	364277	4
CP142613.1	364277	364338	3
CP142613.1	364338	364379	2
CP142613.1	364379	364458	1
CP142613.1	364458	364543	2
CP142613.1	364543	364611	1
CP142613.1	364611	364675	0
CP142613.1	364675	364745	1
CP142613.1	364745	364821	0
CP142613.1	364821	364844	1
CP142613.1	364844	364979	2
CP142613.1	364979	364985	1
CP142613.1	364985	364987	0
CP142613.1	364987	365042	1
CP142613.1	365042	365089	0
CP142613.1	365089	365156	1
CP142613.1	365156	365157	0
CP142613.1	365157	365335	1
CP142613.1	365335	365365	0
CP142613.1	365365	365398	1
CP142613.1	365398	365473	2
CP142613.1	365473	365521	3
CP142613.1	365521	365540	2
CP142613.1	365540	365541	1
CP142613.1	365541	365621	2
CP142613.1	365621	365636	1
CP142613.1	365636	365689	2
CP142613.1	365689	365693	1
CP142613.1	365693	365751	2
CP142613.1	365751	365780	3
CP142613.1	365780	365786	2
CP142613.1	365786	365820	3
CP142613.1	365820	365871	2
CP142613.1	365871	365872	1
CP142613.1	365872	365877	2
CP142613.1	365877	365927	1
CP142613.1	365927	366021	2
CP142613.1	366021	366196	1
CP142613.1	366196	366266	0
CP142613.1	366266	366304	1
CP142613.1	366304	366443	2
CP142613.1	366443	366472	1
CP142613.1	366472	366692	0
CP142613.1	366692	366749	1
CP142613.1	366749	366773	2
CP142613.1	366773	366774	1
CP142613.1	366774	366779	2
CP142613.1	366779	366793	1
CP142613.1	366793	366845	2
CP142613.1	366845	366859	1
CP142613.1	366859	366860	0
CP142613.1	366860	366923	1
CP142613.1	366923	366942	2
CP142613.1	366942	366985	1
CP142613.1	366985	367073	0
CP142613.1	367073	367269	1
CP142613.1	367269	367382	2
CP142613.1	367382	367383	1
CP142613.1	367383	367390	2
CP142613.1	367390	367391	1
CP142613.1	367391	367392	2
CP142613.1	367392	367458	3
CP142613.1	367458	367482	4
CP142613.1	367482	367498	3
CP142613.1	367498	367500	2
CP142613.1	367500	367536	3
CP142613.1	367536	367556	2
CP142613.1	367556	367578	1
CP142613.1	367578	367579	0
CP142613.1	367579	367610	1
CP142613.1	367610	367626	2
CP142613.1	367626	367646	3
CP142613.1	367646	367668	4
CP142613.1	367668	367678	3
CP142613.1	367678	367680	1
CP142613.1	367680	367682	0
CP142613.1	367682	367717	2
CP142613.1	367717	367840	1
CP142613.1	367840	367844	0
CP142613.1	367844	367858	1
CP142613.1	367858	367859	0
CP142613.1	367859	367880	1
CP142613.1	367880	367892	0
CP142613.1	367892	367954	1
CP142613.1	367954	368043	0
CP142613.1	368043	368163	1
CP142613.1	368163	368166	0
CP142613.1	368166	368240	1
CP142613.1	368240	368406	0
CP142613.1	368406	368500	1
CP142613.1	368500	368581	0
CP142613.1	368581	368659	1
CP142613.1	368659	368732	0
CP142613.1	368732	368785	1
CP142613.1	368785	368888	0
CP142613.1	368888	368893	1
CP142613.1	368893	369035	2
CP142613.1	369035	369165	1
CP142613.1	369165	369345	0
CP142613.1	369345	369370	1
CP142613.1	369370	369452	2
CP142613.1	369452	369460	1
CP142613.1	369460	369511	0
CP142613.1	369511	369563	1
CP142613.1	369563	369725	0
CP142613.1	369725	369787	1
CP142613.1	369787	369793	0
CP142613.1	369793	369805	1
CP142613.1	369805	369888	2
CP142613.1	369888	369903	1
CP142613.1	369903	370076	0
CP142613.1	370076	370098	1
CP142613.1	370098	370143	2
CP142613.1	370143	370183	3
CP142613.1	370183	370185	2
CP142613.1	370185	370204	1
CP142613.1	370204	370253	2
CP142613.1	370253	370268	1
CP142613.1	370268	370276	0
CP142613.1	370276	370290	1
CP142613.1	370290	370320	2
CP142613.1	370320	370323	3
CP142613.1	370323	370324	2
CP142613.1	370324	370339	3
CP142613.1	370339	370351	2
CP142613.1	370351	370524	1
CP142613.1	370524	370588	0
CP142613.1	370588	370665	1
CP142613.1	370665	370666	0
CP142613.1	370666	370872	1
CP142613.1	370872	370873	0
CP142613.1	370873	370882	1
CP142613.1	370882	370883	0
CP142613.1	370883	370938	1
CP142613.1	370938	370994	0
CP142613.1	370994	371060	1
CP142613.1	371060	371066	0
CP142613.1	371066	371072	1
CP142613.1	371072	371082	2
CP142613.1	371082	371083	1
CP142613.1	371083	371148	2
CP142613.1	371148	371238	1
CP142613.1	371238	371683	0
CP142613.1	371683	371713	1
CP142613.1	371713	371723	0
CP142613.1	371723	371854	1
CP142613.1	371854	371855	0
CP142613.1	371855	371942	1
CP142613.1	371942	371966	2
CP142613.1	371966	371974	3
CP142613.1	371974	372025	2
CP142613.1	372025	372028	0
CP142613.1	372028	372031	1
CP142613.1	372031	372054	2
CP142613.1	372054	372139	3
CP142613.1	372139	372141	2
CP142613.1	372141	372163	3
CP142613.1	372163	372182	4
CP142613.1	372182	372209	3
CP142613.1	372209	372224	2
CP142613.1	372224	372322	1
CP142613.1	372322	372323	0
CP142613.1	372323	372407	1
CP142613.1	372407	372469	0
CP142613.1	372469	372536	1
CP142613.1	372536	372537	0
CP142613.1	372537	372548	1
CP142613.1	372548	372549	0
CP142613.1	372549	372563	1
CP142613.1	372563	372691	2
CP142613.1	372691	372768	1
CP142613.1	372768	372790	2
CP142613.1	372790	372791	1
CP142613.1	372791	372865	2
CP142613.1	372865	372876	1
CP142613.1	372876	372983	2
CP142613.1	372983	372995	1
CP142613.1	372995	373082	0
CP142613.1	373082	373104	1
CP142613.1	373104	373119	0
CP142613.1	373119	373193	1
CP142613.1	373193	373254	0
CP142613.1	373254	373451	1
CP142613.1	373451	373457	2
CP142613.1	373457	373610	1
CP142613.1	373610	373611	0
CP142613.1	373611	373643	1
CP142613.1	373643	373671	0
CP142613.1	373671	373677	1
CP142613.1	373677	373696	2
CP142613.1	373696	373702	1
CP142613.1	373702	373710	2
CP142613.1	373710	373711	0
CP142613.1	373711	373729	2
CP142613.1	373729	373807	1
CP142613.1	373807	373857	2
CP142613.1	373857	373860	1
CP142613.1	373860	373908	2
CP142613.1	373908	373911	1
CP142613.1	373911	373946	2
CP142613.1	373946	373949	1
CP142613.1	373949	373950	0
CP142613.1	373950	373952	1
CP142613.1	373952	373985	2
CP142613.1	373985	373989	1
CP142613.1	373989	374127	0
CP142613.1	374127	374141	1
CP142613.1	374141	374207	2
CP142613.1	374207	374208	1
CP142613.1	374208	374255	2
CP142613.1	374255	374302	3
CP142613.1	374302	374305	4
CP142613.1	374305	374313	3
CP142613.1	374313	374314	2
CP142613.1	374314	374361	3
CP142613.1	374361	374365	2
CP142613.1	374365	374369	3
CP142613.1	374369	374371	2
CP142613.1	374371	374373	1
CP142613.1	374373	374405	2
CP142613.1	374405	374411	1
CP142613.1	374411	374437	2
CP142613.1	374437	374438	1
CP142613.1	374438	374479	2
CP142613.1	374479	374498	1
CP142613.1	374498	374529	0
CP142613.1	374529	374581	1
CP142613.1	374581	374582	0
CP142613.1	374582	374629	1
CP142613.1	374629	374631	0
CP142613.1	374631	374646	1
CP142613.1	374646	374650	0
CP142613.1	374650	374677	1
CP142613.1	374677	374827	0
CP142613.1	374827	375002	1
CP142613.1	375002	375079	0
CP142613.1	375079	375095	1
CP142613.1	375095	375101	0
CP142613.1	375101	375164	1
CP142613.1	375164	375167	0
CP142613.1	375167	375254	1
CP142613.1	375254	375255	0
CP142613.1	375255	375387	1
CP142613.1	375387	375506	2
CP142613.1	375506	375607	1
CP142613.1	375607	375608	0
CP142613.1	375608	375641	1
CP142613.1	375641	375710	2
CP142613.1	375710	375721	1
CP142613.1	375721	375745	2
CP142613.1	375745	375746	1
CP142613.1	375746	375802	2
CP142613.1	375802	375804	1
CP142613.1	375804	375863	2
CP142613.1	375863	375920	1
CP142613.1	375920	375931	2
CP142613.1	375931	375972	1
CP142613.1	375972	375985	2
CP142613.1	375985	375996	3
CP142613.1	375996	376005	2
CP142613.1	376005	376006	3
CP142613.1	376006	376007	2
CP142613.1	376007	376054	3
CP142613.1	376054	376157	2
CP142613.1	376157	376288	1
CP142613.1	376288	376794	0
CP142613.1	376794	376797	1
CP142613.1	376797	376806	2
CP142613.1	376806	376808	1
CP142613.1	376808	376904	2
CP142613.1	376904	376914	3
CP142613.1	376914	376915	2
CP142613.1	376915	376943	3
CP142613.1	376943	376955	2
CP142613.1	376955	377075	1
CP142613.1	377075	377197	0
CP142613.1	377197	377271	1
CP142613.1	377271	377356	0
CP142613.1	377356	377435	1
CP142613.1	377435	377570	2
CP142613.1	377570	377594	1
CP142613.1	377594	377595	0
CP142613.1	377595	377628	1
CP142613.1	377628	377742	0
CP142613.1	377742	377750	1
CP142613.1	377750	377751	0
CP142613.1	377751	377786	1
CP142613.1	377786	377787	0
CP142613.1	377787	377876	1
CP142613.1	377876	378005	0
CP142613.1	378005	378034	1
CP142613.1	378034	378036	2
CP142613.1	378036	378050	3
CP142613.1	378050	378052	2
CP142613.1	378052	378057	3
CP142613.1	378057	378058	2
CP142613.1	378058	378060	1
CP142613.1	378060	378063	3
CP142613.1	378063	378064	2
CP142613.1	378064	378089	3
CP142613.1	378089	378092	2
CP142613.1	378092	378093	1
CP142613.1	378093	378095	2
CP142613.1	378095	378106	1
CP142613.1	378106	378108	0
CP142613.1	378108	378121	1
CP142613.1	378121	378140	2
CP142613.1	378140	378172	1
CP142613.1	378172	378182	2
CP142613.1	378182	378190	3
CP142613.1	378190	378240	2
CP142613.1	378240	378241	1
CP142613.1	378241	378383	2
CP142613.1	378383	378384	0
CP142613.1	378384	378385	1
CP142613.1	378385	378434	2
CP142613.1	378434	378447	1
CP142613.1	378447	378502	0
CP142613.1	378502	378627	1
CP142613.1	378627	378634	2
CP142613.1	378634	378638	3
CP142613.1	378638	378715	4
CP142613.1	378715	378799	3
CP142613.1	378799	378800	2
CP142613.1	378800	378801	1
CP142613.1	378801	378802	2
CP142613.1	378802	378839	1
CP142613.1	378839	378853	2
CP142613.1	378853	378942	1
CP142613.1	378942	378974	0
CP142613.1	378974	379071	1
CP142613.1	379071	379072	0
CP142613.1	379072	379143	1
CP142613.1	379143	379144	0
CP142613.1	379144	379182	1
CP142613.1	379182	379183	0
CP142613.1	379183	379203	1
CP142613.1	379203	379204	0
CP142613.1	379204	379207	1
CP142613.1	379207	379223	0
CP142613.1	379223	379274	1
CP142613.1	379274	379278	2
CP142613.1	379278	379314	3
CP142613.1	379314	379316	1
CP142613.1	379316	379318	0
CP142613.1	379318	379344	2
CP142613.1	379344	379345	1
CP142613.1	379345	379346	0
CP142613.1	379346	379414	2
CP142613.1	379414	379417	1
CP142613.1	379417	379422	0
CP142613.1	379422	379492	1
CP142613.1	379492	379493	0
CP142613.1	379493	379584	1
CP142613.1	379584	379776	0
CP142613.1	379776	379866	1
CP142613.1	379866	379887	2
CP142613.1	379887	379890	1
CP142613.1	379890	379924	2
CP142613.1	379924	379941	1
CP142613.1	379941	380151	0
CP142613.1	380151	380170	1
CP142613.1	380170	380276	2
CP142613.1	380276	380315	1
CP142613.1	380315	380330	2
CP142613.1	380330	380413	3
CP142613.1	380413	380460	2
CP142613.1	380460	380470	1
CP142613.1	380470	380471	0
CP142613.1	380471	380518	1
CP142613.1	380518	380563	2
CP142613.1	380563	380566	1
CP142613.1	380566	380569	2
CP142613.1	380569	380586	1
CP142613.1	380586	380601	2
CP142613.1	380601	380604	1
CP142613.1	380604	380638	2
CP142613.1	380638	380640	3
CP142613.1	380640	380663	4
CP142613.1	380663	380666	1
CP142613.1	380666	380669	4
CP142613.1	380669	380717	3
CP142613.1	380717	380719	1
CP142613.1	380719	380768	3
CP142613.1	380768	380771	2
CP142613.1	380771	380821	1
CP142613.1	380821	380822	0
CP142613.1	380822	380844	1
CP142613.1	380844	380847	0
CP142613.1	380847	380877	1
CP142613.1	380877	380907	0
CP142613.1	380907	381012	1
CP142613.1	381012	381414	0
CP142613.1	381414	381425	1
CP142613.1	381425	381426	0
CP142613.1	381426	381488	1
CP142613.1	381488	381663	0
CP142613.1	381663	381877	1
CP142613.1	381877	381893	2
CP142613.1	381893	381894	1
CP142613.1	381894	381983	2
CP142613.1	381983	381984	1
CP142613.1	381984	382009	2
CP142613.1	382009	382012	1
CP142613.1	382012	382068	2
CP142613.1	382068	382115	1
CP142613.1	382115	382140	2
CP142613.1	382140	382141	1
CP142613.1	382141	382155	2
CP142613.1	382155	382325	1
CP142613.1	382325	382334	2
CP142613.1	382334	382413	3
CP142613.1	382413	382416	2
CP142613.1	382416	382445	1
CP142613.1	382445	382451	2
CP142613.1	382451	382488	1
CP142613.1	382488	382491	0
CP142613.1	382491	382675	1
CP142613.1	382675	382693	2
CP142613.1	382693	382867	1
CP142613.1	382867	382977	0
CP142613.1	382977	382984	1
CP142613.1	382984	383028	2
CP142613.1	383028	383086	1
CP142613.1	383086	383090	0
CP142613.1	383090	383177	1
CP142613.1	383177	383191	0
CP142613.1	383191	383194	1
CP142613.1	383194	383254	2
CP142613.1	383254	383309	1
CP142613.1	383309	383539	0
CP142613.1	383539	383885	1
CP142613.1	383885	383907	2
CP142613.1	383907	383970	1
CP142613.1	383970	384006	2
CP142613.1	384006	384007	1
CP142613.1	384007	384062	2
CP142613.1	384062	384063	1
CP142613.1	384063	384065	0
CP142613.1	384065	384189	1
CP142613.1	384189	384208	2
CP142613.1	384208	384209	1
CP142613.1	384209	384217	2
CP142613.1	384217	384269	1
CP142613.1	384269	384285	2
CP142613.1	384285	384289	1
CP142613.1	384289	384328	2
CP142613.1	384328	384333	3
CP142613.1	384333	384334	2
CP142613.1	384334	384391	3
CP142613.1	384391	384413	4
CP142613.1	384413	384424	3
CP142613.1	384424	384425	2
CP142613.1	384425	384449	3
CP142613.1	384449	384458	2
CP142613.1	384458	384474	3
CP142613.1	384474	384483	2
CP142613.1	384483	384492	1
CP142613.1	384492	384654	0
CP142613.1	384654	384701	1
CP142613.1	384701	384754	2
CP142613.1	384754	384762	1
CP142613.1	384762	384864	0
CP142613.1	384864	385009	1
CP142613.1	385009	385106	0
CP142613.1	385106	385157	1
CP142613.1	385157	385216	2
CP142613.1	385216	385232	1
CP142613.1	385232	385263	2
CP142613.1	385263	385331	1
CP142613.1	385331	385334	0
CP142613.1	385334	385392	1
CP142613.1	385392	385471	0
CP142613.1	385471	385496	1
CP142613.1	385496	385499	0
CP142613.1	385499	385602	1
CP142613.1	385602	385618	2
CP142613.1	385618	385664	1
CP142613.1	385664	385728	2
CP142613.1	385728	385806	1
CP142613.1	385806	385807	0
CP142613.1	385807	385955	1
CP142613.1	385955	385956	0
CP142613.1	385956	386027	1
CP142613.1	386027	386048	2
CP142613.1	386048	386118	1
CP142613.1	386118	386221	0
CP142613.1	386221	386258	1
CP142613.1	386258	386259	0
CP142613.1	386259	386289	1
CP142613.1	386289	386358	0
CP142613.1	386358	386408	1
CP142613.1	386408	386409	0
CP142613.1	386409	386435	1
CP142613.1	386435	386540	2
CP142613.1	386540	386560	1
CP142613.1	386560	386654	2
CP142613.1	386654	386665	1
CP142613.1	386665	386683	0
CP142613.1	386683	386755	1
CP142613.1	386755	386853	0
CP142613.1	386853	386912	1
CP142613.1	386912	386913	0
CP142613.1	386913	387008	1
CP142613.1	387008	387024	2
CP142613.1	387024	387038	1
CP142613.1	387038	387053	2
CP142613.1	387053	387091	1
CP142613.1	387091	387127	0
CP142613.1	387127	387225	1
CP142613.1	387225	387243	2
CP142613.1	387243	387246	1
CP142613.1	387246	387268	2
CP142613.1	387268	387270	1
CP142613.1	387270	387274	2
CP142613.1	387274	387417	1
CP142613.1	387417	387422	0
CP142613.1	387422	387491	1
CP142613.1	387491	387508	0
CP142613.1	387508	387541	1
CP142613.1	387541	387552	0
CP142613.1	387552	387554	1
CP142613.1	387554	387555	0
CP142613.1	387555	387561	1
CP142613.1	387561	387615	2
CP142613.1	387615	387625	3
CP142613.1	387625	387626	2
CP142613.1	387626	387706	3
CP142613.1	387706	387709	2
CP142613.1	387709	387714	3
CP142613.1	387714	387803	2
CP142613.1	387803	387827	3
CP142613.1	387827	387853	2
CP142613.1	387853	387854	1
CP142613.1	387854	387865	2
CP142613.1	387865	387866	0
CP142613.1	387866	387900	2
CP142613.1	387900	388004	1
CP142613.1	388004	388083	0
CP142613.1	388083	388240	1
CP142613.1	388240	388316	0
CP142613.1	388316	388569	1
CP142613.1	388569	388749	0
CP142613.1	388749	388902	1
CP142613.1	388902	389009	0
CP142613.1	389009	389036	2
CP142613.1	389036	389038	1
CP142613.1	389038	389098	2
CP142613.1	389098	389111	1
CP142613.1	389111	389220	0
CP142613.1	389220	389227	1
CP142613.1	389227	389301	2
CP142613.1	389301	389365	3
CP142613.1	389365	389484	2
CP142613.1	389484	389570	1
CP142613.1	389570	389585	0
CP142613.1	389585	389761	1
CP142613.1	389761	389773	2
CP142613.1	389773	389780	1
CP142613.1	389780	389782	0
CP142613.1	389782	389888	1
CP142613.1	389888	390301	0
CP142613.1	390301	390369	2
CP142613.1	390369	390409	3
CP142613.1	390409	390494	2
CP142613.1	390494	390495	1
CP142613.1	390495	390533	2
CP142613.1	390533	390555	1
CP142613.1	390555	390561	2
CP142613.1	390561	390573	1
CP142613.1	390573	390574	0
CP142613.1	390574	390650	1
CP142613.1	390650	390680	2
CP142613.1	390680	390685	1
CP142613.1	390685	390692	2
CP142613.1	390692	390731	1
CP142613.1	390731	390780	2
CP142613.1	390780	390824	3
CP142613.1	390824	390825	2
CP142613.1	390825	390837	3
CP142613.1	390837	390848	2
CP142613.1	390848	390855	3
CP142613.1	390855	390905	2
CP142613.1	390905	390927	1
CP142613.1	390927	390944	2
CP142613.1	390944	390947	1
CP142613.1	390947	390993	2
CP142613.1	390993	390996	1
CP142613.1	390996	391014	2
CP142613.1	391014	391018	1
CP142613.1	391018	391028	2
CP142613.1	391028	391029	1
CP142613.1	391029	391055	2
CP142613.1	391055	391062	1
CP142613.1	391062	391070	0
CP142613.1	391070	391127	1
CP142613.1	391127	391150	2
CP142613.1	391150	391175	3
CP142613.1	391175	391176	2
CP142613.1	391176	391187	3
CP142613.1	391187	391271	4
CP142613.1	391271	391283	3
CP142613.1	391283	391294	2
CP142613.1	391294	391362	1
CP142613.1	391362	391384	2
CP142613.1	391384	391385	1
CP142613.1	391385	391410	2
CP142613.1	391410	391413	1
CP142613.1	391413	391422	2
CP142613.1	391422	391432	3
CP142613.1	391432	391457	2
CP142613.1	391457	391461	1
CP142613.1	391461	391482	2
CP142613.1	391482	391534	1
CP142613.1	391534	391538	2
CP142613.1	391538	391564	1
CP142613.1	391564	391565	0
CP142613.1	391565	391620	1
CP142613.1	391620	391641	0
CP142613.1	391641	391704	1
CP142613.1	391704	391705	0
CP142613.1	391705	391816	1
CP142613.1	391816	391951	2
CP142613.1	391951	391964	1
CP142613.1	391964	392013	0
CP142613.1	392013	392217	1
CP142613.1	392217	392270	2
CP142613.1	392270	392424	1
CP142613.1	392424	392501	0
CP142613.1	392501	392721	1
CP142613.1	392721	392912	0
CP142613.1	392912	392938	1
CP142613.1	392938	392939	0
CP142613.1	392939	393000	1
CP142613.1	393000	393035	0
CP142613.1	393035	393078	1
CP142613.1	393078	393082	0
CP142613.1	393082	393110	1
CP142613.1	393110	393217	2
CP142613.1	393217	393335	1
CP142613.1	393335	393369	2
CP142613.1	393369	393372	3
CP142613.1	393372	393374	2
CP142613.1	393374	393378	1
CP142613.1	393378	393410	2
CP142613.1	393410	393504	1
CP142613.1	393504	393601	0
CP142613.1	393601	393721	1
CP142613.1	393721	393860	0
CP142613.1	393860	393869	1
CP142613.1	393869	393878	2
CP142613.1	393878	393914	3
CP142613.1	393914	393966	4
CP142613.1	393966	393986	3
CP142613.1	393986	393997	2
CP142613.1	393997	393998	1
CP142613.1	393998	394019	2
CP142613.1	394019	394050	3
CP142613.1	394050	394073	2
CP142613.1	394073	394074	1
CP142613.1	394074	394206	2
CP142613.1	394206	394264	3
CP142613.1	394264	394267	2
CP142613.1	394267	394269	1
CP142613.1	394269	394270	2
CP142613.1	394270	394277	3
CP142613.1	394277	394286	4
CP142613.1	394286	394292	3
CP142613.1	394292	394297	2
CP142613.1	394297	394299	3
CP142613.1	394299	394318	4
CP142613.1	394318	394319	3
CP142613.1	394319	394329	4
CP142613.1	394329	394334	5
CP142613.1	394334	394348	4
CP142613.1	394348	394349	3
CP142613.1	394349	394350	4
CP142613.1	394350	394394	5
CP142613.1	394394	394507	4
CP142613.1	394507	394512	3
CP142613.1	394512	394513	2
CP142613.1	394513	394529	3
CP142613.1	394529	394581	4
CP142613.1	394581	394601	3
CP142613.1	394601	394613	4
CP142613.1	394613	394620	3
CP142613.1	394620	394621	2
CP142613.1	394621	394648	3
CP142613.1	394648	394660	2
CP142613.1	394660	394676	1
CP142613.1	394676	394686	2
CP142613.1	394686	394722	3
CP142613.1	394722	394733	2
CP142613.1	394733	394778	3
CP142613.1	394778	394800	4
CP142613.1	394800	394831	3
CP142613.1	394831	394860	2
CP142613.1	394860	394873	3
CP142613.1	394873	394880	4
CP142613.1	394880	394885	3
CP142613.1	394885	394945	2
CP142613.1	394945	394979	1
CP142613.1	394979	395020	0
CP142613.1	395020	395049	1
CP142613.1	395049	395094	2
CP142613.1	395094	395097	3
CP142613.1	395097	395098	2
CP142613.1	395098	395105	3
CP142613.1	395105	395185	2
CP142613.1	395185	395257	3
CP142613.1	395257	395271	2
CP142613.1	395271	395341	1
CP142613.1	395341	395361	0
CP142613.1	395361	395439	1
CP142613.1	395439	395477	0
CP142613.1	395477	395588	1
CP142613.1	395588	395636	0
CP142613.1	395636	395681	1
CP142613.1	395681	395687	0
CP142613.1	395687	395715	1
CP142613.1	395715	395717	0
CP142613.1	395717	395758	1
CP142613.1	395758	395759	0
CP142613.1	395759	395763	1
CP142613.1	395763	395860	2
CP142613.1	395860	395876	1
CP142613.1	395876	396105	0
CP142613.1	396105	396116	1
CP142613.1	396116	396128	2
CP142613.1	396128	396163	3
CP142613.1	396163	396239	2
CP142613.1	396239	396274	3
CP142613.1	396274	396320	4
CP142613.1	396320	396361	3
CP142613.1	396361	396434	2
CP142613.1	396434	396517	1
CP142613.1	396517	396526	0
CP142613.1	396526	396582	1
CP142613.1	396582	396718	0
CP142613.1	396718	396864	1
CP142613.1	396864	396964	2
CP142613.1	396964	397053	1
CP142613.1	397053	397056	0
CP142613.1	397056	397123	1
CP142613.1	397123	397276	0
CP142613.1	397276	397402	1
CP142613.1	397402	397447	2
CP142613.1	397447	397448	0
CP142613.1	397448	397487	2
CP142613.1	397487	397574	1
CP142613.1	397574	397580	0
CP142613.1	397580	397729	1
CP142613.1	397729	397736	2
CP142613.1	397736	397822	1
CP142613.1	397822	397876	0
CP142613.1	397876	397883	1
CP142613.1	397883	397976	2
CP142613.1	397976	398016	3
CP142613.1	398016	398037	2
CP142613.1	398037	398047	1
CP142613.1	398047	398048	0
CP142613.1	398048	398075	1
CP142613.1	398075	398076	0
CP142613.1	398076	398123	1
CP142613.1	398123	398136	2
CP142613.1	398136	398271	1
CP142613.1	398271	398328	0
CP142613.1	398328	398343	1
CP142613.1	398343	398348	2
CP142613.1	398348	398400	3
CP142613.1	398400	398421	4
CP142613.1	398421	398423	3
CP142613.1	398423	398445	4
CP142613.1	398445	398451	3
CP142613.1	398451	398452	1
CP142613.1	398452	398462	3
CP142613.1	398462	398514	2
CP142613.1	398514	398527	3
CP142613.1	398527	398528	1
CP142613.1	398528	398563	3
CP142613.1	398563	398564	1
CP142613.1	398564	398565	2
CP142613.1	398565	398570	3
CP142613.1	398570	398671	2
CP142613.1	398671	398757	1
CP142613.1	398757	398770	2
CP142613.1	398770	398771	1
CP142613.1	398771	398794	2
CP142613.1	398794	398795	1
CP142613.1	398795	398796	0
CP142613.1	398796	398798	1
CP142613.1	398798	398867	2
CP142613.1	398867	398932	1
CP142613.1	398932	398936	2
CP142613.1	398936	399012	3
CP142613.1	399012	399014	2
CP142613.1	399014	399031	1
CP142613.1	399031	399412	0
CP142613.1	399412	399475	1
CP142613.1	399475	399558	2
CP142613.1	399558	399592	1
CP142613.1	399592	399706	0
CP142613.1	399706	399773	1
CP142613.1	399773	399776	2
CP142613.1	399776	399788	3
CP142613.1	399788	399833	2
CP142613.1	399833	399915	3
CP142613.1	399915	399916	2
CP142613.1	399916	399968	3
CP142613.1	399968	399975	2
CP142613.1	399975	400051	1
CP142613.1	400051	400090	0
CP142613.1	400090	400100	1
CP142613.1	400100	400101	0
CP142613.1	400101	400116	1
CP142613.1	400116	400117	0
CP142613.1	400117	400192	1
CP142613.1	400192	400208	0
CP142613.1	400208	400256	1
CP142613.1	400256	400297	2
CP142613.1	400297	400299	1
CP142613.1	400299	400305	2
CP142613.1	400305	400316	1
CP142613.1	400316	400327	0
CP142613.1	400327	400346	1
CP142613.1	400346	400365	2
CP142613.1	400365	400366	1
CP142613.1	400366	400406	2
CP142613.1	400406	400432	3
CP142613.1	400432	400439	2
CP142613.1	400439	400443	3
CP142613.1	400443	400445	2
CP142613.1	400445	400469	3
CP142613.1	400469	400497	2
CP142613.1	400497	400566	1
CP142613.1	400566	400602	2
CP142613.1	400602	400632	1
CP142613.1	400632	400636	0
CP142613.1	400636	400655	1
CP142613.1	400655	400679	2
CP142613.1	400679	400681	1
CP142613.1	400681	400698	2
CP142613.1	400698	400708	1
CP142613.1	400708	400723	2
CP142613.1	400723	400737	3
CP142613.1	400737	400782	4
CP142613.1	400782	400838	3
CP142613.1	400838	400914	4
CP142613.1	400914	400936	3
CP142613.1	400936	400966	2
CP142613.1	400966	401071	1
CP142613.1	401071	401086	2
CP142613.1	401086	401217	1
CP142613.1	401217	401224	0
CP142613.1	401224	401258	1
CP142613.1	401258	401289	2
CP142613.1	401289	401306	1
CP142613.1	401306	401356	2
CP142613.1	401356	401357	1
CP142613.1	401357	401392	2
CP142613.1	401392	401428	3
CP142613.1	401428	401429	2
CP142613.1	401429	401451	3
CP142613.1	401451	401460	2
CP142613.1	401460	401477	3
CP142613.1	401477	401481	2
CP142613.1	401481	401483	1
CP142613.1	401483	401500	2
CP142613.1	401500	401611	1
CP142613.1	401611	401684	2
CP142613.1	401684	401826	1
CP142613.1	401826	401844	2
CP142613.1	401844	401845	1
CP142613.1	401845	401853	2
CP142613.1	401853	401882	1
CP142613.1	401882	401893	2
CP142613.1	401893	401894	3
CP142613.1	401894	401901	4
CP142613.1	401901	401902	3
CP142613.1	401902	401916	4
CP142613.1	401916	401918	3
CP142613.1	401918	401919	4
CP142613.1	401919	401920	3
CP142613.1	401920	401948	4
CP142613.1	401948	401952	3
CP142613.1	401952	401954	2
CP142613.1	401954	402045	3
CP142613.1	402045	402062	4
CP142613.1	402062	402074	3
CP142613.1	402074	402106	2
CP142613.1	402106	402122	1
CP142613.1	402122	402135	0
CP142613.1	402135	402163	1
CP142613.1	402163	402271	2
CP142613.1	402271	402314	1
CP142613.1	402314	402315	0
CP142613.1	402315	402329	1
CP142613.1	402329	402496	0
CP142613.1	402496	402523	1
CP142613.1	402523	402557	2
CP142613.1	402557	402577	3
CP142613.1	402577	402586	4
CP142613.1	402586	402587	3
CP142613.1	402587	402643	4
CP142613.1	402643	402657	3
CP142613.1	402657	402718	2
CP142613.1	402718	402746	1
CP142613.1	402746	402816	0
CP142613.1	402816	402988	1
CP142613.1	402988	403092	0
CP142613.1	403092	403119	1
CP142613.1	403119	403133	2
CP142613.1	403133	403137	1
CP142613.1	403137	403200	2
CP142613.1	403200	403210	1
CP142613.1	403210	403273	2
CP142613.1	403273	403292	1
CP142613.1	403292	403311	2
CP142613.1	403311	403666	1
CP142613.1	403666	403667	0
CP142613.1	403667	403694	1
CP142613.1	403694	403753	0
CP142613.1	403753	403826	1
CP142613.1	403826	403828	0
CP142613.1	403828	403908	1
CP142613.1	403908	403927	0
CP142613.1	403927	403929	1
CP142613.1	403929	403930	0
CP142613.1	403930	403996	1
CP142613.1	403996	404050	0
CP142613.1	404050	404079	1
CP142613.1	404079	404113	2
CP142613.1	404113	404122	3
CP142613.1	404122	404148	2
CP142613.1	404148	404152	1
CP142613.1	404152	404259	2
CP142613.1	404259	404261	1
CP142613.1	404261	404273	2
CP142613.1	404273	404274	1
CP142613.1	404274	404283	2
CP142613.1	404283	404361	1
CP142613.1	404361	404381	2
CP142613.1	404381	404462	1
CP142613.1	404462	404474	2
CP142613.1	404474	404638	1
CP142613.1	404638	404643	0
CP142613.1	404643	404797	1
CP142613.1	404797	404887	0
CP142613.1	404887	404900	1
CP142613.1	404900	404961	2
CP142613.1	404961	404981	1
CP142613.1	404981	405045	0
CP142613.1	405045	405092	1
CP142613.1	405092	405259	2
CP142613.1	405259	405265	1
CP142613.1	405265	405299	2
CP142613.1	405299	405335	1
CP142613.1	405335	405365	2
CP142613.1	405365	405475	1
CP142613.1	405475	405617	0
CP142613.1	405617	405685	1
CP142613.1	405685	405724	0
CP142613.1	405724	405745	1
CP142613.1	405745	405747	0
CP142613.1	405747	405780	1
CP142613.1	405780	405781	0
CP142613.1	405781	405803	1
CP142613.1	405803	405852	2
CP142613.1	405852	406131	1
CP142613.1	406131	406320	0
CP142613.1	406320	406388	1
CP142613.1	406388	406392	0
CP142613.1	406392	406441	1
CP142613.1	406441	406467	2
CP142613.1	406467	406532	3
CP142613.1	406532	406534	2
CP142613.1	406534	406538	3
CP142613.1	406538	406576	2
CP142613.1	406576	406642	1
CP142613.1	406642	406838	0
CP142613.1	406838	406897	1
CP142613.1	406897	406898	0
CP142613.1	406898	406952	1
CP142613.1	406952	406958	2
CP142613.1	406958	407009	1
CP142613.1	407009	407029	0
CP142613.1	407029	407042	1
CP142613.1	407042	407102	2
CP142613.1	407102	407126	1
CP142613.1	407126	407313	0
CP142613.1	407313	407323	1
CP142613.1	407323	407353	2
CP142613.1	407353	407354	1
CP142613.1	407354	407355	2
CP142613.1	407355	407365	3
CP142613.1	407365	407412	4
CP142613.1	407412	407435	5
CP142613.1	407435	407438	4
CP142613.1	407438	407450	5
CP142613.1	407450	407479	4
CP142613.1	407479	407517	3
CP142613.1	407517	407524	4
CP142613.1	407524	407542	5
CP142613.1	407542	407552	4
CP142613.1	407552	407565	3
CP142613.1	407565	407566	2
CP142613.1	407566	407574	1
CP142613.1	407574	407664	2
CP142613.1	407664	407698	3
CP142613.1	407698	407724	4
CP142613.1	407724	407746	3
CP142613.1	407746	407760	2
CP142613.1	407760	407769	1
CP142613.1	407769	407871	0
CP142613.1	407871	407880	1
CP142613.1	407880	407936	2
CP142613.1	407936	407937	1
CP142613.1	407937	407949	2
CP142613.1	407949	407964	1
CP142613.1	407964	407997	2
CP142613.1	407997	408001	1
CP142613.1	408001	408002	0
CP142613.1	408002	408028	2
CP142613.1	408028	408029	1
CP142613.1	408029	408037	2
CP142613.1	408037	408055	1
CP142613.1	408055	408135	2
CP142613.1	408135	408144	1
CP142613.1	408144	408152	0
CP142613.1	408152	408215	1
CP142613.1	408215	408216	2
CP142613.1	408216	408217	1
CP142613.1	408217	408255	2
CP142613.1	408255	408261	1
CP142613.1	408261	408262	0
CP142613.1	408262	408263	1
CP142613.1	408263	408348	2
CP142613.1	408348	408350	3
CP142613.1	408350	408368	4
CP142613.1	408368	408413	3
CP142613.1	408413	408435	2
CP142613.1	408435	408436	1
CP142613.1	408436	408490	2
CP142613.1	408490	408515	1
CP142613.1	408515	408526	2
CP142613.1	408526	408527	0
CP142613.1	408527	408528	1
CP142613.1	408528	408567	2
CP142613.1	408567	408603	1
CP142613.1	408603	408648	2
CP142613.1	408648	408649	1
CP142613.1	408649	408722	2
CP142613.1	408722	408723	3
CP142613.1	408723	408767	2
CP142613.1	408767	408796	3
CP142613.1	408796	408797	2
CP142613.1	408797	408810	3
CP142613.1	408810	408811	2
CP142613.1	408811	408832	3
CP142613.1	408832	408855	4
CP142613.1	408855	408857	3
CP142613.1	408857	408890	4
CP142613.1	408890	408891	3
CP142613.1	408891	408892	2
CP142613.1	408892	408911	4
CP142613.1	408911	408947	5
CP142613.1	408947	408953	4
CP142613.1	408953	408965	3
CP142613.1	408965	408981	2
CP142613.1	408981	409135	1
CP142613.1	409135	409136	2
CP142613.1	409136	409166	3
CP142613.1	409166	409168	2
CP142613.1	409168	409187	3
CP142613.1	409187	409237	2
CP142613.1	409237	409283	1
CP142613.1	409283	409284	0
CP142613.1	409284	409410	1
CP142613.1	409410	409478	0
CP142613.1	409478	409623	1
CP142613.1	409623	409663	2
CP142613.1	409663	409664	1
CP142613.1	409664	409708	2
CP142613.1	409708	409766	3
CP142613.1	409766	409768	2
CP142613.1	409768	409795	3
CP142613.1	409795	409796	2
CP142613.1	409796	409805	3
CP142613.1	409805	409822	2
CP142613.1	409822	409825	1
CP142613.1	409825	409828	2
CP142613.1	409828	409880	1
CP142613.1	409880	409894	2
CP142613.1	409894	409902	1
CP142613.1	409902	409934	2
CP142613.1	409934	409946	3
CP142613.1	409946	409963	4
CP142613.1	409963	409964	3
CP142613.1	409964	410091	2
CP142613.1	410091	410276	1
CP142613.1	410276	410305	2
CP142613.1	410305	410324	3
CP142613.1	410324	410351	4
CP142613.1	410351	410375	5
CP142613.1	410375	410389	4
CP142613.1	410389	410390	3
CP142613.1	410390	410401	4
CP142613.1	410401	410403	2
CP142613.1	410403	410404	1
CP142613.1	410404	410405	2
CP142613.1	410405	410416	3
CP142613.1	410416	410419	2
CP142613.1	410419	410502	1
CP142613.1	410502	410503	0
CP142613.1	410503	410621	1
CP142613.1	410621	410763	0
CP142613.1	410763	410810	1
CP142613.1	410810	410835	2
CP142613.1	410835	410860	1
CP142613.1	410860	410957	0
CP142613.1	410957	411036	1
CP142613.1	411036	411201	0
CP142613.1	411201	411216	1
CP142613.1	411216	411261	2
CP142613.1	411261	411298	1
CP142613.1	411298	411299	0
CP142613.1	411299	411310	1
CP142613.1	411310	411330	2
CP142613.1	411330	411341	3
CP142613.1	411341	411405	2
CP142613.1	411405	411420	1
CP142613.1	411420	411426	2
CP142613.1	411426	411427	0
CP142613.1	411427	411465	2
CP142613.1	411465	411507	1
CP142613.1	411507	411512	2
CP142613.1	411512	411516	3
CP142613.1	411516	411519	4
CP142613.1	411519	411563	5
CP142613.1	411563	411564	4
CP142613.1	411564	411570	5
CP142613.1	411570	411649	4
CP142613.1	411649	411693	5
CP142613.1	411693	411713	4
CP142613.1	411713	411721	3
CP142613.1	411721	411791	2
CP142613.1	411791	411857	1
CP142613.1	411857	411989	0
CP142613.1	411989	412037	1
CP142613.1	412037	412102	2
CP142613.1	412102	412114	1
CP142613.1	412114	412135	2
CP142613.1	412135	412138	1
CP142613.1	412138	412223	2
CP142613.1	412223	412290	3
CP142613.1	412290	412291	2
CP142613.1	412291	412301	3
CP142613.1	412301	412306	4
CP142613.1	412306	412355	3
CP142613.1	412355	412366	2
CP142613.1	412366	412381	1
CP142613.1	412381	412395	0
CP142613.1	412395	412429	1
CP142613.1	412429	412511	2
CP142613.1	412511	412618	1
CP142613.1	412618	412621	0
CP142613.1	412621	412777	1
CP142613.1	412777	412893	0
CP142613.1	412893	412942	1
CP142613.1	412942	413092	0
CP142613.1	413092	413189	1
CP142613.1	413189	413371	0
CP142613.1	413371	413382	1
CP142613.1	413382	413383	0
CP142613.1	413383	413498	1
CP142613.1	413498	413679	0
CP142613.1	413679	413688	1
CP142613.1	413688	413689	0
CP142613.1	413689	413713	1
CP142613.1	413713	413723	2
CP142613.1	413723	413731	1
CP142613.1	413731	413881	2
CP142613.1	413881	413944	1
CP142613.1	413944	413986	2
CP142613.1	413986	414030	1
CP142613.1	414030	414031	0
CP142613.1	414031	414061	1
CP142613.1	414061	414081	2
CP142613.1	414081	414094	1
CP142613.1	414094	414095	0
CP142613.1	414095	414142	1
CP142613.1	414142	414157	0
CP142613.1	414157	414345	1
CP142613.1	414345	414362	0
CP142613.1	414362	414489	1
CP142613.1	414489	414533	2
CP142613.1	414533	414534	1
CP142613.1	414534	414571	2
CP142613.1	414571	414596	1
CP142613.1	414596	414689	0
CP142613.1	414689	414704	1
CP142613.1	414704	414760	2
CP142613.1	414760	414764	3
CP142613.1	414764	414864	2
CP142613.1	414864	414913	3
CP142613.1	414913	414914	2
CP142613.1	414914	414921	3
CP142613.1	414921	414983	2
CP142613.1	414983	414995	3
CP142613.1	414995	414998	2
CP142613.1	414998	415026	3
CP142613.1	415026	415050	2
CP142613.1	415050	415093	1
CP142613.1	415093	415220	0
CP142613.1	415220	415375	1
CP142613.1	415375	415429	2
CP142613.1	415429	415435	1
CP142613.1	415435	415575	0
CP142613.1	415575	415630	1
CP142613.1	415630	415640	2
CP142613.1	415640	415697	1
CP142613.1	415697	415726	0
CP142613.1	415726	415793	1
CP142613.1	415793	415905	0
CP142613.1	415905	416004	1
CP142613.1	416004	416062	0
CP142613.1	416062	416088	1
CP142613.1	416088	416094	0
CP142613.1	416094	416175	1
CP142613.1	416175	416176	0
CP142613.1	416176	416245	1
CP142613.1	416245	416301	2
CP142613.1	416301	416416	1
CP142613.1	416416	416432	2
CP142613.1	416432	416434	1
CP142613.1	416434	416532	2
CP142613.1	416532	416561	1
CP142613.1	416561	416562	0
CP142613.1	416562	416631	1
CP142613.1	416631	416691	2
CP142613.1	416691	416695	1
CP142613.1	416695	416696	0
CP142613.1	416696	416801	1
CP142613.1	416801	416869	0
CP142613.1	416869	416968	1
CP142613.1	416968	417008	2
CP142613.1	417008	417060	3
CP142613.1	417060	417061	2
CP142613.1	417061	417090	1
CP142613.1	417090	417244	0
CP142613.1	417244	417287	1
CP142613.1	417287	417288	2
CP142613.1	417288	417315	3
CP142613.1	417315	417360	4
CP142613.1	417360	417376	3
CP142613.1	417376	417385	2
CP142613.1	417385	417398	1
CP142613.1	417398	417467	0
CP142613.1	417467	417519	1
CP142613.1	417519	417617	0
CP142613.1	417617	417763	1
CP142613.1	417763	417884	0
CP142613.1	417884	417993	1
CP142613.1	417993	418018	0
CP142613.1	418018	418180	1
CP142613.1	418180	418242	2
CP142613.1	418242	418245	1
CP142613.1	418245	418257	2
CP142613.1	418257	418298	3
CP142613.1	418298	418335	2
CP142613.1	418335	418370	3
CP142613.1	418370	418371	2
CP142613.1	418371	418385	3
CP142613.1	418385	418391	2
CP142613.1	418391	418392	1
CP142613.1	418392	418406	2
CP142613.1	418406	418407	1
CP142613.1	418407	418415	2
CP142613.1	418415	418417	1
CP142613.1	418417	418446	2
CP142613.1	418446	418457	1
CP142613.1	418457	418636	2
CP142613.1	418636	418639	1
CP142613.1	418639	418745	2
CP142613.1	418745	418747	1
CP142613.1	418747	418761	2
CP142613.1	418761	418907	1
CP142613.1	418907	419030	0
CP142613.1	419030	419102	1
CP142613.1	419102	419104	0
CP142613.1	419104	419193	1
CP142613.1	419193	419200	0
CP142613.1	419200	419243	1
CP142613.1	419243	419305	2
CP142613.1	419305	419327	1
CP142613.1	419327	419328	0
CP142613.1	419328	419358	1
CP142613.1	419358	419376	2
CP142613.1	419376	419378	1
CP142613.1	419378	419381	2
CP142613.1	419381	419421	3
CP142613.1	419421	419424	2
CP142613.1	419424	419434	3
CP142613.1	419434	419492	4
CP142613.1	419492	419494	3
CP142613.1	419494	419577	2
CP142613.1	419577	419687	1
CP142613.1	419687	420012	0
CP142613.1	420012	420020	1
CP142613.1	420020	420111	2
CP142613.1	420111	420112	1
CP142613.1	420112	420169	2
CP142613.1	420169	420254	1
CP142613.1	420254	420297	2
CP142613.1	420297	420298	0
CP142613.1	420298	420335	2
CP142613.1	420335	420354	3
CP142613.1	420354	420378	4
CP142613.1	420378	420443	2
CP142613.1	420443	420496	3
CP142613.1	420496	420500	2
CP142613.1	420500	420532	3
CP142613.1	420532	420534	2
CP142613.1	420534	420551	3
CP142613.1	420551	420562	2
CP142613.1	420562	420566	3
CP142613.1	420566	420654	2
CP142613.1	420654	420668	1
CP142613.1	420668	420680	2
CP142613.1	420680	420796	1
CP142613.1	420796	420812	2
CP142613.1	420812	420853	1
CP142613.1	420853	420874	2
CP142613.1	420874	420875	1
CP142613.1	420875	420934	2
CP142613.1	420934	421004	1
CP142613.1	421004	421034	2
CP142613.1	421034	421071	1
CP142613.1	421071	421090	0
CP142613.1	421090	421345	1
CP142613.1	421345	421348	0
CP142613.1	421348	421349	1
CP142613.1	421349	421509	2
CP142613.1	421509	421522	1
CP142613.1	421522	421609	0
CP142613.1	421609	421634	1
CP142613.1	421634	421651	2
CP142613.1	421651	421669	1
CP142613.1	421669	421714	0
CP142613.1	421714	421768	1
CP142613.1	421768	421774	0
CP142613.1	421774	421849	1
CP142613.1	421849	421850	2
CP142613.1	421850	421868	3
CP142613.1	421868	421869	2
CP142613.1	421869	421870	3
CP142613.1	421870	421873	2
CP142613.1	421873	421898	3
CP142613.1	421898	421905	2
CP142613.1	421905	421906	1
CP142613.1	421906	421935	2
CP142613.1	421935	422029	1
CP142613.1	422029	422058	2
CP142613.1	422058	422059	1
CP142613.1	422059	422074	0
CP142613.1	422074	422105	1
CP142613.1	422105	422177	2
CP142613.1	422177	422205	1
CP142613.1	422205	422528	0
CP142613.1	422528	422585	1
CP142613.1	422585	422661	0
CP142613.1	422661	422693	1
CP142613.1	422693	422695	0
CP142613.1	422695	422752	1
CP142613.1	422752	422984	0
CP142613.1	422984	423099	1
CP142613.1	423099	423101	0
CP142613.1	423101	423117	1
CP142613.1	423117	423119	2
CP142613.1	423119	423121	1
CP142613.1	423121	423123	0
CP142613.1	423123	423137	1
CP142613.1	423137	423138	0
CP142613.1	423138	423254	1
CP142613.1	423254	423267	2
CP142613.1	423267	423332	3
CP142613.1	423332	423345	2
CP142613.1	423345	423462	1
CP142613.1	423462	423474	0
CP142613.1	423474	423486	1
CP142613.1	423486	423533	2
CP142613.1	423533	423543	1
CP142613.1	423543	423549	0
CP142613.1	423549	423633	1
CP142613.1	423633	423692	2
CP142613.1	423692	423693	1
CP142613.1	423693	423726	2
CP142613.1	423726	423777	1
CP142613.1	423777	423778	0
CP142613.1	423778	423814	1
CP142613.1	423814	424013	0
CP142613.1	424013	424092	1
CP142613.1	424092	424096	2
CP142613.1	424096	424129	3
CP142613.1	424129	424176	4
CP142613.1	424176	424198	3
CP142613.1	424198	424207	2
CP142613.1	424207	424210	1
CP142613.1	424210	424212	0
CP142613.1	424212	424372	1
CP142613.1	424372	424419	0
CP142613.1	424419	424421	1
CP142613.1	424421	424494	2
CP142613.1	424494	424506	1
CP142613.1	424506	424700	0
CP142613.1	424700	424736	1
CP142613.1	424736	424762	2
CP142613.1	424762	424798	1
CP142613.1	424798	424836	2
CP142613.1	424836	424874	1
CP142613.1	424874	424886	2
CP142613.1	424886	424956	1
CP142613.1	424956	424959	0
CP142613.1	424959	424983	1
CP142613.1	424983	425002	3
CP142613.1	425002	425003	2
CP142613.1	425003	425004	1
CP142613.1	425004	425020	2
CP142613.1	425020	425021	0
CP142613.1	425021	425051	2
CP142613.1	425051	425093	1
CP142613.1	425093	425247	0
CP142613.1	425247	425258	1
CP142613.1	425258	425408	2
CP142613.1	425408	425616	1
CP142613.1	425616	425792	0
CP142613.1	425792	425870	1
CP142613.1	425870	425871	0
CP142613.1	425871	426044	1
CP142613.1	426044	426112	2
CP142613.1	426112	426135	1
CP142613.1	426135	426139	0
CP142613.1	426139	426267	1
CP142613.1	426267	426306	2
CP142613.1	426306	426342	3
CP142613.1	426342	426343	2
CP142613.1	426343	426358	3
CP142613.1	426358	426375	2
CP142613.1	426375	426422	3
CP142613.1	426422	426446	2
CP142613.1	426446	426519	3
CP142613.1	426519	426522	2
CP142613.1	426522	426525	1
CP142613.1	426525	426564	2
CP142613.1	426564	426569	1
CP142613.1	426569	426583	2
CP142613.1	426583	426584	1
CP142613.1	426584	426684	2
CP142613.1	426684	426716	1
CP142613.1	426716	426765	0
CP142613.1	426765	426775	1
CP142613.1	426775	426777	0
CP142613.1	426777	426811	1
CP142613.1	426811	426815	0
CP142613.1	426815	426837	1
CP142613.1	426837	426860	2
CP142613.1	426860	426861	1
CP142613.1	426861	426914	2
CP142613.1	426914	426920	1
CP142613.1	426920	426924	0
CP142613.1	426924	426991	1
CP142613.1	426991	426993	0
CP142613.1	426993	427027	1
CP142613.1	427027	427068	2
CP142613.1	427068	427075	3
CP142613.1	427075	427076	2
CP142613.1	427076	427097	3
CP142613.1	427097	427122	2
CP142613.1	427122	427183	1
CP142613.1	427183	427322	0
CP142613.1	427322	427412	1
CP142613.1	427412	427449	2
CP142613.1	427449	427462	3
CP142613.1	427462	427474	2
CP142613.1	427474	427486	3
CP142613.1	427486	427496	2
CP142613.1	427496	427504	3
CP142613.1	427504	427509	2
CP142613.1	427509	427510	1
CP142613.1	427510	427534	2
CP142613.1	427534	427770	1
CP142613.1	427770	427771	0
CP142613.1	427771	427835	1
CP142613.1	427835	427900	2
CP142613.1	427900	427904	3
CP142613.1	427904	427936	2
CP142613.1	427936	427947	3
CP142613.1	427947	427948	2
CP142613.1	427948	427961	3
CP142613.1	427961	427964	2
CP142613.1	427964	427970	3
CP142613.1	427970	427971	2
CP142613.1	427971	427975	3
CP142613.1	427975	427986	2
CP142613.1	427986	428004	1
CP142613.1	428004	428005	0
CP142613.1	428005	428097	1
CP142613.1	428097	428249	0
CP142613.1	428249	428302	1
CP142613.1	428302	428375	0
CP142613.1	428375	428426	1
CP142613.1	428426	428439	2
CP142613.1	428439	428440	1
CP142613.1	428440	428441	0
CP142613.1	428441	428521	1
CP142613.1	428521	428524	0
CP142613.1	428524	428627	1
CP142613.1	428627	428664	2
CP142613.1	428664	428681	3
CP142613.1	428681	428687	2
CP142613.1	428687	428688	1
CP142613.1	428688	428761	2
CP142613.1	428761	428812	3
CP142613.1	428812	428845	2
CP142613.1	428845	428924	1
CP142613.1	428924	428993	2
CP142613.1	428993	429005	3
CP142613.1	429005	429023	2
CP142613.1	429023	429090	1
CP142613.1	429090	429092	0
CP142613.1	429092	429167	1
CP142613.1	429167	429175	2
CP142613.1	429175	429303	1
CP142613.1	429303	429325	2
CP142613.1	429325	429345	3
CP142613.1	429345	429390	4
CP142613.1	429390	429417	3
CP142613.1	429417	429435	4
CP142613.1	429435	429436	3
CP142613.1	429436	429464	4
CP142613.1	429464	429506	5
CP142613.1	429506	429507	3
CP142613.1	429507	429514	4
CP142613.1	429514	429557	3
CP142613.1	429557	429595	2
CP142613.1	429595	429605	3
CP142613.1	429605	429608	2
CP142613.1	429608	429658	1
CP142613.1	429658	429659	0
CP142613.1	429659	429719	2
CP142613.1	429719	429722	3
CP142613.1	429722	429758	4
CP142613.1	429758	429798	5
CP142613.1	429798	429812	6
CP142613.1	429812	429825	5
CP142613.1	429825	429828	4
CP142613.1	429828	429864	5
CP142613.1	429864	429866	4
CP142613.1	429866	429959	3
CP142613.1	429959	430018	4
CP142613.1	430018	430021	3
CP142613.1	430021	430023	4
CP142613.1	430023	430086	3
CP142613.1	430086	430118	2
CP142613.1	430118	430126	1
CP142613.1	430126	430157	2
CP142613.1	430157	430165	1
CP142613.1	430165	430200	0
CP142613.1	430200	430273	1
CP142613.1	430273	430365	2
CP142613.1	430365	430367	1
CP142613.1	430367	430456	2
CP142613.1	430456	430508	3
CP142613.1	430508	430509	2
CP142613.1	430509	430517	3
CP142613.1	430517	430541	2
CP142613.1	430541	430812	1
CP142613.1	430812	430848	2
CP142613.1	430848	430850	1
CP142613.1	430850	430948	2
CP142613.1	430948	430951	1
CP142613.1	430951	430953	0
CP142613.1	430953	430989	1
CP142613.1	430989	430990	0
CP142613.1	430990	431110	1
CP142613.1	431110	431111	0
CP142613.1	431111	431112	1
CP142613.1	431112	431146	2
CP142613.1	431146	431162	1
CP142613.1	431162	431237	0
CP142613.1	431237	431299	1
CP142613.1	431299	431544	0
CP142613.1	431544	431580	1
CP142613.1	431580	431697	0
CP142613.1	431697	431744	1
CP142613.1	431744	431781	0
CP142613.1	431781	431815	1
CP142613.1	431815	431818	0
CP142613.1	431818	431853	1
CP142613.1	431853	431878	0
CP142613.1	431878	431954	1
CP142613.1	431954	431970	2
CP142613.1	431970	431971	1
CP142613.1	431971	432022	2
CP142613.1	432022	432042	3
CP142613.1	432042	432068	2
CP142613.1	432068	432099	1
CP142613.1	432099	432112	2
CP142613.1	432112	432113	1
CP142613.1	432113	432117	2
CP142613.1	432117	432133	3
CP142613.1	432133	432145	2
CP142613.1	432145	432146	1
CP142613.1	432146	432148	2
CP142613.1	432148	432153	3
CP142613.1	432153	432155	2
CP142613.1	432155	432222	3
CP142613.1	432222	432232	2
CP142613.1	432232	432233	1
CP142613.1	432233	432255	2
CP142613.1	432255	432256	0
CP142613.1	432256	432293	2
CP142613.1	432293	432303	1
CP142613.1	432303	432333	0
CP142613.1	432333	432410	1
CP142613.1	432410	432412	2
CP142613.1	432412	432600	1
CP142613.1	432600	432692	0
CP142613.1	432692	432761	1
CP142613.1	432761	432762	0
CP142613.1	432762	432806	1
CP142613.1	432806	432807	0
CP142613.1	432807	432853	1
CP142613.1	432853	432872	2
CP142613.1	432872	432906	3
CP142613.1	432906	432908	2
CP142613.1	432908	432942	3
CP142613.1	432942	432944	2
CP142613.1	432944	432946	3
CP142613.1	432946	432948	2
CP142613.1	432948	433034	1
CP142613.1	433034	433106	2
CP142613.1	433106	433123	1
CP142613.1	433123	433124	0
CP142613.1	433124	433157	1
CP142613.1	433157	433283	2
CP142613.1	433283	433328	1
CP142613.1	433328	433460	0
CP142613.1	433460	433470	1
CP142613.1	433470	433471	0
CP142613.1	433471	433484	1
CP142613.1	433484	433522	2
CP142613.1	433522	433524	1
CP142613.1	433524	433526	2
CP142613.1	433526	433528	1
CP142613.1	433528	433585	2
CP142613.1	433585	433604	1
CP142613.1	433604	433638	2
CP142613.1	433638	433640	1
CP142613.1	433640	433719	2
CP142613.1	433719	433743	3
CP142613.1	433743	433780	2
CP142613.1	433780	433816	3
CP142613.1	433816	433888	4
CP142613.1	433888	433954	3
CP142613.1	433954	433983	2
CP142613.1	433983	434002	1
CP142613.1	434002	434060	0
CP142613.1	434060	434123	1
CP142613.1	434123	434131	0
CP142613.1	434131	434293	1
CP142613.1	434293	434343	2
CP142613.1	434343	434349	1
CP142613.1	434349	434350	0
CP142613.1	434350	434351	1
CP142613.1	434351	434373	2
CP142613.1	434373	434375	0
CP142613.1	434375	434376	1
CP142613.1	434376	434409	2
CP142613.1	434409	434473	3
CP142613.1	434473	434484	4
CP142613.1	434484	434545	3
CP142613.1	434545	434551	4
CP142613.1	434551	434626	3
CP142613.1	434626	434627	2
CP142613.1	434627	434649	3
CP142613.1	434649	434650	2
CP142613.1	434650	434759	1
CP142613.1	434759	435149	0
CP142613.1	435149	435180	1
CP142613.1	435180	435221	2
CP142613.1	435221	435240	3
CP142613.1	435240	435311	2
CP142613.1	435311	435387	1
CP142613.1	435387	435389	0
CP142613.1	435389	435490	1
CP142613.1	435490	435491	0
CP142613.1	435491	435513	2
CP142613.1	435513	435519	1
CP142613.1	435519	435522	0
CP142613.1	435522	435552	1
CP142613.1	435552	435553	0
CP142613.1	435553	435590	1
CP142613.1	435590	435622	2
CP142613.1	435622	435623	1
CP142613.1	435623	435627	2
CP142613.1	435627	435630	3
CP142613.1	435630	435631	2
CP142613.1	435631	435655	3
CP142613.1	435655	435709	2
CP142613.1	435709	435815	1
CP142613.1	435815	435828	2
CP142613.1	435828	435874	1
CP142613.1	435874	435926	0
CP142613.1	435926	436031	1
CP142613.1	436031	436036	0
CP142613.1	436036	436083	1
CP142613.1	436083	436088	2
CP142613.1	436088	436089	1
CP142613.1	436089	436193	2
CP142613.1	436193	436212	1
CP142613.1	436212	436312	2
CP142613.1	436312	436385	1
CP142613.1	436385	436441	0
CP142613.1	436441	436527	1
CP142613.1	436527	436572	2
CP142613.1	436572	436573	1
CP142613.1	436573	436662	2
CP142613.1	436662	436671	1
CP142613.1	436671	436755	2
CP142613.1	436755	436781	3
CP142613.1	436781	436794	2
CP142613.1	436794	436795	1
CP142613.1	436795	436796	0
CP142613.1	436796	436805	2
CP142613.1	436805	436856	3
CP142613.1	436856	436897	4
CP142613.1	436897	436917	5
CP142613.1	436917	436962	4
CP142613.1	436962	436968	3
CP142613.1	436968	437034	2
CP142613.1	437034	437155	3
CP142613.1	437155	437156	2
CP142613.1	437156	437243	3
CP142613.1	437243	437258	2
CP142613.1	437258	437281	1
CP142613.1	437281	437282	0
CP142613.1	437282	437330	1
CP142613.1	437330	437376	0
CP142613.1	437376	437447	1
CP142613.1	437447	437489	2
CP142613.1	437489	437490	0
CP142613.1	437490	437553	2
CP142613.1	437553	437584	1
CP142613.1	437584	437587	0
CP142613.1	437587	437598	1
CP142613.1	437598	437602	0
CP142613.1	437602	437652	1
CP142613.1	437652	437659	2
CP142613.1	437659	437664	3
CP142613.1	437664	437685	4
CP142613.1	437685	437686	3
CP142613.1	437686	437701	4
CP142613.1	437701	437722	3
CP142613.1	437722	437723	2
CP142613.1	437723	437740	3
CP142613.1	437740	437743	2
CP142613.1	437743	437933	1
CP142613.1	437933	437938	2
CP142613.1	437938	437972	1
CP142613.1	437972	437975	0
CP142613.1	437975	438028	1
CP142613.1	438028	438068	2
CP142613.1	438068	438069	1
CP142613.1	438069	438133	2
CP142613.1	438133	438134	1
CP142613.1	438134	438138	2
CP142613.1	438138	438192	1
CP142613.1	438192	438223	2
CP142613.1	438223	438302	3
CP142613.1	438302	438303	1
CP142613.1	438303	438346	3
CP142613.1	438346	438439	2
CP142613.1	438439	438470	1
CP142613.1	438470	438471	0
CP142613.1	438471	438485	1
CP142613.1	438485	438728	0
CP142613.1	438728	438763	1
CP142613.1	438763	438764	0
CP142613.1	438764	438800	1
CP142613.1	438800	438801	0
CP142613.1	438801	438823	1
CP142613.1	438823	438880	0
CP142613.1	438880	438956	1
CP142613.1	438956	438957	0
CP142613.1	438957	439076	1
CP142613.1	439076	439079	2
CP142613.1	439079	439080	1
CP142613.1	439080	439099	2
CP142613.1	439099	439100	1
CP142613.1	439100	439119	2
CP142613.1	439119	439132	3
CP142613.1	439132	439134	4
CP142613.1	439134	439143	3
CP142613.1	439143	439149	4
CP142613.1	439149	439175	5
CP142613.1	439175	439179	4
CP142613.1	439179	439180	3
CP142613.1	439180	439200	2
CP142613.1	439200	439243	1
CP142613.1	439243	439245	2
CP142613.1	439245	439313	1
CP142613.1	439313	439314	0
CP142613.1	439314	439415	1
CP142613.1	439415	439422	2
CP142613.1	439422	439425	3
CP142613.1	439425	439430	2
CP142613.1	439430	439459	3
CP142613.1	439459	439599	2
CP142613.1	439599	439604	3
CP142613.1	439604	439668	2
CP142613.1	439668	439669	1
CP142613.1	439669	439711	0
CP142613.1	439711	439759	1
CP142613.1	439759	439761	0
CP142613.1	439761	439835	1
CP142613.1	439835	439926	0
CP142613.1	439926	439939	1
CP142613.1	439939	440021	2
CP142613.1	440021	440064	1
CP142613.1	440064	440073	2
CP142613.1	440073	440104	3
CP142613.1	440104	440154	4
CP142613.1	440154	440169	5
CP142613.1	440169	440171	4
CP142613.1	440171	440183	5
CP142613.1	440183	440184	4
CP142613.1	440184	440197	5
CP142613.1	440197	440198	4
CP142613.1	440198	440230	5
CP142613.1	440230	440242	4
CP142613.1	440242	440279	3
CP142613.1	440279	440356	2
CP142613.1	440356	440365	1
CP142613.1	440365	440390	2
CP142613.1	440390	440423	1
CP142613.1	440423	440434	2
CP142613.1	440434	440461	1
CP142613.1	440461	440462	0
CP142613.1	440462	440465	1
CP142613.1	440465	440506	2
CP142613.1	440506	440644	1
CP142613.1	440644	440697	2
CP142613.1	440697	440715	3
CP142613.1	440715	440752	2
CP142613.1	440752	440874	1
CP142613.1	440874	440881	2
CP142613.1	440881	440882	1
CP142613.1	440882	440919	2
CP142613.1	440919	440920	1
CP142613.1	440920	440941	2
CP142613.1	440941	440952	1
CP142613.1	440952	441003	0
CP142613.1	441003	441186	1
CP142613.1	441186	441197	2
CP142613.1	441197	441244	1
CP142613.1	441244	441265	0
CP142613.1	441265	441284	1
CP142613.1	441284	441318	2
CP142613.1	441318	441381	1
CP142613.1	441381	441394	0
CP142613.1	441394	441501	1
CP142613.1	441501	441502	0
CP142613.1	441502	441560	1
CP142613.1	441560	441625	2
CP142613.1	441625	441638	1
CP142613.1	441638	441645	2
CP142613.1	441645	441647	1
CP142613.1	441647	441679	2
CP142613.1	441679	441681	1
CP142613.1	441681	441690	2
CP142613.1	441690	441725	3
CP142613.1	441725	441819	4
CP142613.1	441819	441830	3
CP142613.1	441830	441833	2
CP142613.1	441833	441859	3
CP142613.1	441859	441948	2
CP142613.1	441948	441955	3
CP142613.1	441955	441956	0
CP142613.1	441956	441965	3
CP142613.1	441965	441967	2
CP142613.1	441967	441975	3
CP142613.1	441975	442042	2
CP142613.1	442042	442085	1
CP142613.1	442085	442115	0
CP142613.1	442115	442165	1
CP142613.1	442165	442187	2
CP142613.1	442187	442246	1
CP142613.1	442246	442408	0
CP142613.1	442408	442437	1
CP142613.1	442437	442474	2
CP142613.1	442474	442475	1
CP142613.1	442475	442504	2
CP142613.1	442504	442526	3
CP142613.1	442526	442552	2
CP142613.1	442552	442668	3
CP142613.1	442668	442709	2
CP142613.1	442709	442747	3
CP142613.1	442747	442762	2
CP142613.1	442762	442798	3
CP142613.1	442798	442913	2
CP142613.1	442913	443070	1
CP142613.1	443070	443085	0
CP142613.1	443085	443193	1
CP142613.1	443193	443205	0
CP142613.1	443205	443272	1
CP142613.1	443272	443416	0
CP142613.1	443416	443553	1
CP142613.1	443553	443577	0
CP142613.1	443577	443622	1
CP142613.1	443622	443649	2
CP142613.1	443649	443670	1
CP142613.1	443670	443792	2
CP142613.1	443792	443819	1
CP142613.1	443819	443862	2
CP142613.1	443862	443885	1
CP142613.1	443885	443999	2
CP142613.1	443999	444048	3
CP142613.1	444048	444049	2
CP142613.1	444049	444050	1
CP142613.1	444050	444091	3
CP142613.1	444091	444185	2
CP142613.1	444185	444197	3
CP142613.1	444197	444198	1
CP142613.1	444198	444206	3
CP142613.1	444206	444207	2
CP142613.1	444207	444224	3
CP142613.1	444224	444225	2
CP142613.1	444225	444270	3
CP142613.1	444270	444292	4
CP142613.1	444292	444367	3
CP142613.1	444367	444399	2
CP142613.1	444399	444400	1
CP142613.1	444400	444406	2
CP142613.1	444406	444407	1
CP142613.1	444407	444427	2
CP142613.1	444427	444429	1
CP142613.1	444429	444455	2
CP142613.1	444455	444471	1
CP142613.1	444471	444472	0
CP142613.1	444472	444507	1
CP142613.1	444507	444508	2
CP142613.1	444508	444574	1
CP142613.1	444574	444577	0
CP142613.1	444577	444765	1
CP142613.1	444765	444783	2
CP142613.1	444783	444812	1
CP142613.1	444812	444867	2
CP142613.1	444867	444941	3
CP142613.1	444941	444952	2
CP142613.1	444952	444975	1
CP142613.1	444975	444990	2
CP142613.1	444990	445076	1
CP142613.1	445076	445399	0
CP142613.1	445399	445570	1
CP142613.1	445570	445602	0
CP142613.1	445602	445621	1
CP142613.1	445621	445675	2
CP142613.1	445675	445729	1
CP142613.1	445729	445876	0
CP142613.1	445876	445925	1
CP142613.1	445925	446158	0
CP142613.1	446158	446308	1
CP142613.1	446308	446350	0
CP142613.1	446350	446426	1
CP142613.1	446426	446461	2
CP142613.1	446461	446580	1
CP142613.1	446580	446615	0
CP142613.1	446615	446714	1
CP142613.1	446714	446782	0
CP142613.1	446782	446790	1
CP142613.1	446790	446910	2
CP142613.1	446910	446956	1
CP142613.1	446956	446957	0
CP142613.1	446957	447136	1
CP142613.1	447136	447137	0
CP142613.1	447137	447155	1
CP142613.1	447155	447218	0
CP142613.1	447218	447281	1
CP142613.1	447281	447762	0
CP142613.1	447762	447851	1
CP142613.1	447851	447900	2
CP142613.1	447900	448014	1
CP142613.1	448014	448030	2
CP142613.1	448030	448031	1
CP142613.1	448031	448059	2
CP142613.1	448059	448148	1
CP142613.1	448148	448160	0
CP142613.1	448160	448190	1
CP142613.1	448190	448229	2
CP142613.1	448229	448231	1
CP142613.1	448231	448246	2
CP142613.1	448246	448258	3
CP142613.1	448258	448268	2
CP142613.1	448268	448383	1
CP142613.1	448383	448435	0
CP142613.1	448435	448532	1
CP142613.1	448532	448547	0
CP142613.1	448547	448622	1
CP142613.1	448622	448725	3
CP142613.1	448725	448763	2
CP142613.1	448763	448829	1
CP142613.1	448829	448846	2
CP142613.1	448846	449038	1
CP142613.1	449038	449516	0
CP142613.1	449516	449535	1
CP142613.1	449535	449597	2
CP142613.1	449597	449633	3
CP142613.1	449633	449689	2
CP142613.1	449689	449728	1
CP142613.1	449728	449736	2
CP142613.1	449736	449769	1
CP142613.1	449769	449796	2
CP142613.1	449796	449901	1
CP142613.1	449901	450080	2
CP142613.1	450080	450092	3
CP142613.1	450092	450103	2
CP142613.1	450103	450122	3
CP142613.1	450122	450153	2
CP142613.1	450153	450164	1
CP142613.1	450164	450231	2
CP142613.1	450231	450239	1
CP142613.1	450239	450257	2
CP142613.1	450257	450382	1
CP142613.1	450382	450383	0
CP142613.1	450383	450407	1
CP142613.1	450407	450420	2
CP142613.1	450420	450421	1
CP142613.1	450421	450476	2
CP142613.1	450476	450577	1
CP142613.1	450577	450656	2
CP142613.1	450656	450665	3
CP142613.1	450665	450679	2
CP142613.1	450679	450685	1
CP142613.1	450685	450689	2
CP142613.1	450689	450690	1
CP142613.1	450690	450726	2
CP142613.1	450726	450758	3
CP142613.1	450758	450784	2
CP142613.1	450784	450821	1
CP142613.1	450821	450839	0
CP142613.1	450839	451132	1
CP142613.1	451132	451155	2
CP142613.1	451155	451156	1
CP142613.1	451156	451163	2
CP142613.1	451163	451191	1
CP142613.1	451191	451192	0
CP142613.1	451192	451226	1
CP142613.1	451226	451227	0
CP142613.1	451227	451246	1
CP142613.1	451246	451269	2
CP142613.1	451269	451279	3
CP142613.1	451279	451323	2
CP142613.1	451323	451412	1
CP142613.1	451412	451459	0
CP142613.1	451459	451558	1
CP142613.1	451558	451586	2
CP142613.1	451586	451591	1
CP142613.1	451591	451636	0
CP142613.1	451636	451717	1
CP142613.1	451717	451841	0
CP142613.1	451841	452107	1
CP142613.1	452107	452346	0
CP142613.1	452346	452398	1
CP142613.1	452398	452512	2
CP142613.1	452512	452539	3
CP142613.1	452539	452580	2
CP142613.1	452580	452660	1
CP142613.1	452660	452687	2
CP142613.1	452687	452688	1
CP142613.1	452688	452752	2
CP142613.1	452752	452759	3
CP142613.1	452759	452760	4
CP142613.1	452760	452773	3
CP142613.1	452773	452829	4
CP142613.1	452829	452836	3
CP142613.1	452836	452841	4
CP142613.1	452841	452843	3
CP142613.1	452843	452844	2
CP142613.1	452844	452866	3
CP142613.1	452866	452867	2
CP142613.1	452867	452907	3
CP142613.1	452907	452951	2
CP142613.1	452951	453065	1
CP142613.1	453065	453150	2
CP142613.1	453150	453157	3
CP142613.1	453157	453188	2
CP142613.1	453188	453219	1
CP142613.1	453219	453874	0
CP142613.1	453874	453956	1
CP142613.1	453956	454072	2
CP142613.1	454072	454077	1
CP142613.1	454077	454084	0
CP142613.1	454084	454124	1
CP142613.1	454124	454142	2
CP142613.1	454142	454247	1
CP142613.1	454247	454248	0
CP142613.1	454248	454263	1
CP142613.1	454263	454269	0
CP142613.1	454269	454326	1
CP142613.1	454326	454344	0
CP142613.1	454344	454437	1
CP142613.1	454437	454451	0
CP142613.1	454451	454515	1
CP142613.1	454515	455023	0
CP142613.1	455023	455125	1
CP142613.1	455125	455132	0
CP142613.1	455132	455140	1
CP142613.1	455140	455228	2
CP142613.1	455228	455440	1
CP142613.1	455440	455482	0
CP142613.1	455482	455496	1
CP142613.1	455496	455498	0
CP142613.1	455498	455530	1
CP142613.1	455530	455531	0
CP142613.1	455531	455590	1
CP142613.1	455590	455607	2
CP142613.1	455607	455608	1
CP142613.1	455608	455617	2
CP142613.1	455617	455679	3
CP142613.1	455679	455749	2
CP142613.1	455749	455765	1
CP142613.1	455765	455780	2
CP142613.1	455780	455828	1
CP142613.1	455828	455835	0
CP142613.1	455835	455894	1
CP142613.1	455894	455945	2
CP142613.1	455945	455958	1
CP142613.1	455958	455990	2
CP142613.1	455990	455993	1
CP142613.1	455993	456012	2
CP142613.1	456012	456216	1
CP142613.1	456216	456537	0
CP142613.1	456537	456539	1
CP142613.1	456539	456557	2
CP142613.1	456557	456558	1
CP142613.1	456558	456618	2
CP142613.1	456618	456620	3
CP142613.1	456620	456633	2
CP142613.1	456633	456634	3
CP142613.1	456634	456761	2
CP142613.1	456761	456768	3
CP142613.1	456768	456799	4
CP142613.1	456799	456858	3
CP142613.1	456858	456861	2
CP142613.1	456861	456870	3
CP142613.1	456870	456894	2
CP142613.1	456894	456934	1
CP142613.1	456934	456936	0
CP142613.1	456936	457023	1
CP142613.1	457023	457101	0
CP142613.1	457101	457153	1
CP142613.1	457153	457154	0
CP142613.1	457154	457254	1
CP142613.1	457254	457338	0
CP142613.1	457338	457401	1
CP142613.1	457401	457474	0
CP142613.1	457474	457510	1
CP142613.1	457510	457538	0
CP142613.1	457538	457610	1
CP142613.1	457610	457777	0
CP142613.1	457777	457918	1
CP142613.1	457918	458098	0
CP142613.1	458098	458145	1
CP142613.1	458145	458148	0
CP142613.1	458148	458167	1
CP142613.1	458167	458388	0
CP142613.1	458388	458389	1
CP142613.1	458389	458401	2
CP142613.1	458401	458435	3
CP142613.1	458435	458438	2
CP142613.1	458438	458449	3
CP142613.1	458449	458470	2
CP142613.1	458470	458497	1
CP142613.1	458497	458522	2
CP142613.1	458522	458634	3
CP142613.1	458634	458766	2
CP142613.1	458766	458770	1
CP142613.1	458770	458810	2
CP142613.1	458810	458811	1
CP142613.1	458811	458825	2
CP142613.1	458825	458830	1
CP142613.1	458830	458847	0
CP142613.1	458847	458876	1
CP142613.1	458876	458943	2
CP142613.1	458943	458944	1
CP142613.1	458944	458945	0
CP142613.1	458945	458953	2
CP142613.1	458953	458955	1
CP142613.1	458955	458978	2
CP142613.1	458978	459067	1
CP142613.1	459067	459636	0
CP142613.1	459636	459783	1
CP142613.1	459783	459976	0
CP142613.1	459976	460000	1
CP142613.1	460000	460058	2
CP142613.1	460058	460101	1
CP142613.1	460101	460223	0
CP142613.1	460223	460357	1
CP142613.1	460357	460386	0
CP142613.1	460386	460435	1
CP142613.1	460435	460883	0
CP142613.1	460883	460961	1
CP142613.1	460961	460986	2
CP142613.1	460986	461050	1
CP142613.1	461050	461053	0
CP142613.1	461053	461085	1
CP142613.1	461085	461148	2
CP142613.1	461148	461211	1
CP142613.1	461211	461213	0
CP142613.1	461213	461384	1
CP142613.1	461384	461509	0
CP142613.1	461509	461580	1
CP142613.1	461580	461671	0
CP142613.1	461671	461698	1
CP142613.1	461698	461699	0
CP142613.1	461699	461719	1
CP142613.1	461719	461793	0
CP142613.1	461793	461911	1
CP142613.1	461911	461916	2
CP142613.1	461916	461935	1
CP142613.1	461935	461950	2
CP142613.1	461950	462057	1
CP142613.1	462057	462061	0
CP142613.1	462061	462099	1
CP142613.1	462099	462150	2
CP142613.1	462150	462187	3
CP142613.1	462187	462191	2
CP142613.1	462191	462353	0
CP142613.1	462353	462420	2
CP142613.1	462420	462425	1
CP142613.1	462425	462426	0
CP142613.1	462426	462494	1
CP142613.1	462494	462495	0
CP142613.1	462495	462559	1
CP142613.1	462559	462642	0
CP142613.1	462642	462665	1
CP142613.1	462665	462678	0
CP142613.1	462678	462786	1
CP142613.1	462786	462878	2
CP142613.1	462878	462911	1
CP142613.1	462911	462938	0
CP142613.1	462938	462987	1
CP142613.1	462987	462988	0
CP142613.1	462988	463030	1
CP142613.1	463030	463407	0
CP142613.1	463407	463654	1
CP142613.1	463654	463994	0
CP142613.1	463994	464009	1
CP142613.1	464009	464067	2
CP142613.1	464067	464088	1
CP142613.1	464088	464144	2
CP142613.1	464144	464151	1
CP142613.1	464151	464379	0
CP142613.1	464379	464581	1
CP142613.1	464581	464767	0
CP142613.1	464767	464973	1
CP142613.1	464973	464975	0
CP142613.1	464975	464996	1
CP142613.1	464996	464997	0
CP142613.1	464997	465035	1
CP142613.1	465035	465280	0
CP142613.1	465280	465281	1
CP142613.1	465281	465347	2
CP142613.1	465347	465348	1
CP142613.1	465348	465372	2
CP142613.1	465372	465407	3
CP142613.1	465407	465488	2
CP142613.1	465488	465503	3
CP142613.1	465503	465552	2
CP142613.1	465552	465556	3
CP142613.1	465556	465600	2
CP142613.1	465600	465606	1
CP142613.1	465606	465649	2
CP142613.1	465649	465655	1
CP142613.1	465655	465656	2
CP142613.1	465656	465667	1
CP142613.1	465667	465715	2
CP142613.1	465715	465741	1
CP142613.1	465741	465916	0
CP142613.1	465916	466017	1
CP142613.1	466017	466021	0
CP142613.1	466021	466049	1
CP142613.1	466049	466058	0
CP142613.1	466058	466070	1
CP142613.1	466070	466125	2
CP142613.1	466125	466197	1
CP142613.1	466197	466201	0
CP142613.1	466201	466219	1
CP142613.1	466219	466251	2
CP142613.1	466251	466283	1
CP142613.1	466283	466284	0
CP142613.1	466284	466383	1
CP142613.1	466383	466385	0
CP142613.1	466385	466394	1
CP142613.1	466394	466472	0
CP142613.1	466472	466532	1
CP142613.1	466532	466543	2
CP142613.1	466543	466586	3
CP142613.1	466586	466629	2
CP142613.1	466629	466633	1
CP142613.1	466633	466688	2
CP142613.1	466688	466717	1
CP142613.1	466717	466869	0
CP142613.1	466869	467022	1
CP142613.1	467022	467031	2
CP142613.1	467031	467032	1
CP142613.1	467032	467073	2
CP142613.1	467073	467076	1
CP142613.1	467076	467295	0
CP142613.1	467295	467322	1
CP142613.1	467322	467351	2
CP142613.1	467351	467361	1
CP142613.1	467361	467408	2
CP142613.1	467408	467467	3
CP142613.1	467467	467468	2
CP142613.1	467468	467487	3
CP142613.1	467487	467509	2
CP142613.1	467509	467541	3
CP142613.1	467541	467546	2
CP142613.1	467546	467555	3
CP142613.1	467555	467567	2
CP142613.1	467567	467597	1
CP142613.1	467597	467609	0
CP142613.1	467609	467625	1
CP142613.1	467625	467653	2
CP142613.1	467653	467682	1
CP142613.1	467682	467762	2
CP142613.1	467762	467793	1
CP142613.1	467793	467830	2
CP142613.1	467830	467832	1
CP142613.1	467832	467879	2
CP142613.1	467879	467925	1
CP142613.1	467925	467957	0
CP142613.1	467957	468068	1
CP142613.1	468068	468327	0
CP142613.1	468327	468364	1
CP142613.1	468364	468489	2
CP142613.1	468489	468501	1
CP142613.1	468501	468565	2
CP142613.1	468565	468567	1
CP142613.1	468567	468585	2
CP142613.1	468585	468646	3
CP142613.1	468646	468647	4
CP142613.1	468647	468681	3
CP142613.1	468681	468682	2
CP142613.1	468682	468709	3
CP142613.1	468709	468715	2
CP142613.1	468715	468741	1
CP142613.1	468741	468761	2
CP142613.1	468761	468776	3
CP142613.1	468776	468777	2
CP142613.1	468777	468871	3
CP142613.1	468871	468874	2
CP142613.1	468874	468934	0
CP142613.1	468934	468969	1
CP142613.1	468969	468970	0
CP142613.1	468970	469166	1
CP142613.1	469166	469208	0
CP142613.1	469208	469271	1
CP142613.1	469271	469585	0
CP142613.1	469585	469594	1
CP142613.1	469594	469595	0
CP142613.1	469595	469668	1
CP142613.1	469668	469670	0
CP142613.1	469670	469712	1
CP142613.1	469712	469911	0
CP142613.1	469911	469920	1
CP142613.1	469920	469962	2
CP142613.1	469962	469965	1
CP142613.1	469965	470020	2
CP142613.1	470020	470026	1
CP142613.1	470026	470033	2
CP142613.1	470033	470037	1
CP142613.1	470037	470042	0
CP142613.1	470042	470081	1
CP142613.1	470081	470087	2
CP142613.1	470087	470089	1
CP142613.1	470089	470126	2
CP142613.1	470126	470132	3
CP142613.1	470132	470170	4
CP142613.1	470170	470180	3
CP142613.1	470180	470181	2
CP142613.1	470181	470207	3
CP142613.1	470207	470208	2
CP142613.1	470208	470217	3
CP142613.1	470217	470218	2
CP142613.1	470218	470225	3
CP142613.1	470225	470227	2
CP142613.1	470227	470260	3
CP142613.1	470260	470280	2
CP142613.1	470280	470286	3
CP142613.1	470286	470330	2
CP142613.1	470330	470338	1
CP142613.1	470338	470339	0
CP142613.1	470339	470360	1
CP142613.1	470360	470403	2
CP142613.1	470403	470581	1
CP142613.1	470581	470685	2
CP142613.1	470685	470686	1
CP142613.1	470686	470707	2
CP142613.1	470707	470777	1
CP142613.1	470777	470799	2
CP142613.1	470799	470819	3
CP142613.1	470819	470843	2
CP142613.1	470843	470848	1
CP142613.1	470848	470864	0
CP142613.1	470864	471008	1
CP142613.1	471008	471025	2
CP142613.1	471025	471168	1
CP142613.1	471168	471225	0
CP142613.1	471225	471353	1
CP142613.1	471353	471443	2
CP142613.1	471443	471477	1
CP142613.1	471477	471520	0
CP142613.1	471520	471568	1
CP142613.1	471568	471637	2
CP142613.1	471637	471639	3
CP142613.1	471639	471685	4
CP142613.1	471685	471709	3
CP142613.1	471709	471721	2
CP142613.1	471721	471729	3
CP142613.1	471729	471733	2
CP142613.1	471733	471734	1
CP142613.1	471734	471764	2
CP142613.1	471764	471799	1
CP142613.1	471799	471803	0
CP142613.1	471803	471809	1
CP142613.1	471809	471957	2
CP142613.1	471957	471986	1
CP142613.1	471986	472001	0
CP142613.1	472001	472128	1
CP142613.1	472128	472244	0
CP142613.1	472244	472246	1
CP142613.1	472246	472278	2
CP142613.1	472278	472404	1
CP142613.1	472404	472468	0
CP142613.1	472468	472553	1
CP142613.1	472553	472629	2
CP142613.1	472629	472652	1
CP142613.1	472652	472669	2
CP142613.1	472669	472676	1
CP142613.1	472676	472751	2
CP142613.1	472751	472929	1
CP142613.1	472929	473098	0
CP142613.1	473098	473154	1
CP142613.1	473154	473801	0
CP142613.1	473801	473832	1
CP142613.1	473832	473834	0
CP142613.1	473834	473869	1
CP142613.1	473869	473917	2
CP142613.1	473917	473941	3
CP142613.1	473941	473999	2
CP142613.1	473999	474146	1
CP142613.1	474146	474157	0
CP142613.1	474157	474274	1
CP142613.1	474274	474326	2
CP142613.1	474326	474348	3
CP142613.1	474348	474376	2
CP142613.1	474376	474564	1
CP142613.1	474564	474571	0
CP142613.1	474571	474590	1
CP142613.1	474590	474624	2
CP142613.1	474624	474626	1
CP142613.1	474626	474750	2
CP142613.1	474750	474766	3
CP142613.1	474766	474822	2
CP142613.1	474822	474882	3
CP142613.1	474882	474883	2
CP142613.1	474883	474900	3
CP142613.1	474900	474913	2
CP142613.1	474913	474967	1
CP142613.1	474967	475024	2
CP142613.1	475024	475051	3
CP142613.1	475051	475060	2
CP142613.1	475060	475070	3
CP142613.1	475070	475093	2
CP142613.1	475093	475094	1
CP142613.1	475094	475096	2
CP142613.1	475096	475114	1
CP142613.1	475114	475151	0
CP142613.1	475151	475460	1
CP142613.1	475460	475598	0
CP142613.1	475598	475609	1
CP142613.1	475609	475644	2
CP142613.1	475644	475655	3
CP142613.1	475655	475721	2
CP142613.1	475721	476082	1
CP142613.1	476082	476087	0
CP142613.1	476087	476117	1
CP142613.1	476117	476367	0
CP142613.1	476367	476401	1
CP142613.1	476401	476441	2
CP142613.1	476441	476442	1
CP142613.1	476442	476480	2
CP142613.1	476480	476487	3
CP142613.1	476487	476488	2
CP142613.1	476488	476489	3
CP142613.1	476489	476572	2
CP142613.1	476572	476647	3
CP142613.1	476647	476697	2
CP142613.1	476697	476700	1
CP142613.1	476700	476902	0
CP142613.1	476902	476957	1
CP142613.1	476957	476958	0
CP142613.1	476958	476961	1
CP142613.1	476961	476973	2
CP142613.1	476973	477140	1
CP142613.1	477140	477386	0
CP142613.1	477386	477512	1
CP142613.1	477512	477514	0
CP142613.1	477514	477526	2
CP142613.1	477526	477527	0
CP142613.1	477527	477528	1
CP142613.1	477528	477570	2
CP142613.1	477570	477571	1
CP142613.1	477571	477636	2
CP142613.1	477636	477668	1
CP142613.1	477668	477671	0
CP142613.1	477671	477749	1
CP142613.1	477749	477790	2
CP142613.1	477790	477855	3
CP142613.1	477855	477860	2
CP142613.1	477860	477917	1
CP142613.1	477917	478010	0
CP142613.1	478010	478164	1
CP142613.1	478164	478165	0
CP142613.1	478165	478174	1
CP142613.1	478174	478221	2
CP142613.1	478221	478222	0
CP142613.1	478222	478249	2
CP142613.1	478249	478288	1
CP142613.1	478288	478354	0
CP142613.1	478354	478419	1
CP142613.1	478419	478656	0
CP142613.1	478656	478703	1
CP142613.1	478703	478704	0
CP142613.1	478704	478715	1
CP142613.1	478715	478722	0
CP142613.1	478722	478724	1
CP142613.1	478724	478733	2
CP142613.1	478733	478756	3
CP142613.1	478756	478757	2
CP142613.1	478757	478797	3
CP142613.1	478797	478798	0
CP142613.1	478798	478801	1
CP142613.1	478801	478802	2
CP142613.1	478802	478823	3
CP142613.1	478823	478869	2
CP142613.1	478869	478870	0
CP142613.1	478870	478969	2
CP142613.1	478969	478992	1
CP142613.1	478992	479039	0
CP142613.1	479039	479075	1
CP142613.1	479075	479124	2
CP142613.1	479124	479125	1
CP142613.1	479125	479145	2
CP142613.1	479145	479171	1
CP142613.1	479171	479227	2
CP142613.1	479227	479229	3
CP142613.1	479229	479283	2
CP142613.1	479283	479319	1
CP142613.1	479319	479422	0
CP142613.1	479422	479501	1
CP142613.1	479501	479504	0
CP142613.1	479504	479677	1
CP142613.1	479677	479700	2
CP142613.1	479700	479709	3
CP142613.1	479709	479710	2
CP142613.1	479710	479728	3
CP142613.1	479728	479791	4
CP142613.1	479791	479801	3
CP142613.1	479801	479885	2
CP142613.1	479885	479905	3
CP142613.1	479905	479942	2
CP142613.1	479942	479943	1
CP142613.1	479943	479977	2
CP142613.1	479977	480086	1
CP142613.1	480086	480107	2
CP142613.1	480107	480109	1
CP142613.1	480109	480111	2
CP142613.1	480111	480126	1
CP142613.1	480126	480188	2
CP142613.1	480188	480192	1
CP142613.1	480192	480313	0
CP142613.1	480313	480366	1
CP142613.1	480366	480394	2
CP142613.1	480394	480396	3
CP142613.1	480396	480450	4
CP142613.1	480450	480465	3
CP142613.1	480465	480494	2
CP142613.1	480494	480506	3
CP142613.1	480506	480559	2
CP142613.1	480559	480560	1
CP142613.1	480560	480604	2
CP142613.1	480604	480623	1
CP142613.1	480623	480627	0
CP142613.1	480627	480744	1
CP142613.1	480744	480776	0
CP142613.1	480776	480860	1
CP142613.1	480860	480918	2
CP142613.1	480918	480923	1
CP142613.1	480923	481196	0
CP142613.1	481196	481246	1
CP142613.1	481246	481280	2
CP142613.1	481280	481281	1
CP142613.1	481281	481283	2
CP142613.1	481283	481296	1
CP142613.1	481296	481373	3
CP142613.1	481373	481374	0
CP142613.1	481374	481375	2
CP142613.1	481375	481388	3
CP142613.1	481388	481390	1
CP142613.1	481390	481459	2
CP142613.1	481459	481523	1
CP142613.1	481523	481575	2
CP142613.1	481575	481576	1
CP142613.1	481576	481581	2
CP142613.1	481581	481586	1
CP142613.1	481586	481630	2
CP142613.1	481630	481687	3
CP142613.1	481687	481691	2
CP142613.1	481691	481728	3
CP142613.1	481728	481730	2
CP142613.1	481730	481740	3
CP142613.1	481740	481743	1
CP142613.1	481743	481744	3
CP142613.1	481744	481748	2
CP142613.1	481748	481759	3
CP142613.1	481759	481760	1
CP142613.1	481760	481764	3
CP142613.1	481764	481770	2
CP142613.1	481770	481860	1
CP142613.1	481860	481861	0
CP142613.1	481861	481886	1
CP142613.1	481886	481994	0
CP142613.1	481994	482373	1
CP142613.1	482373	482435	0
CP142613.1	482435	482505	1
CP142613.1	482505	482506	0
CP142613.1	482506	482547	1
CP142613.1	482547	482640	2
CP142613.1	482640	482641	1
CP142613.1	482641	482659	2
CP142613.1	482659	482660	1
CP142613.1	482660	482678	2
CP142613.1	482678	482721	1
CP142613.1	482721	482722	0
CP142613.1	482722	482777	1
CP142613.1	482777	483127	0
CP142613.1	483127	483286	1
CP142613.1	483286	483331	2
CP142613.1	483331	483496	1
CP142613.1	483496	483518	0
CP142613.1	483518	483598	1
CP142613.1	483598	483645	2
CP142613.1	483645	483666	1
CP142613.1	483666	483715	0
CP142613.1	483715	483729	1
CP142613.1	483729	483750	2
CP142613.1	483750	483761	3
CP142613.1	483761	483779	2
CP142613.1	483779	483782	1
CP142613.1	483782	483822	2
CP142613.1	483822	483831	1
CP142613.1	483831	483876	0
CP142613.1	483876	483906	1
CP142613.1	483906	483909	0
CP142613.1	483909	484054	1
CP142613.1	484054	484117	0
CP142613.1	484117	484198	1
CP142613.1	484198	484295	0
CP142613.1	484295	484317	1
CP142613.1	484317	484371	2
CP142613.1	484371	484458	3
CP142613.1	484458	484469	2
CP142613.1	484469	484470	1
CP142613.1	484470	484505	2
CP142613.1	484505	484688	1
CP142613.1	484688	484689	0
CP142613.1	484689	484834	1
CP142613.1	484834	485114	0
CP142613.1	485114	485193	1
CP142613.1	485193	485203	2
CP142613.1	485203	485236	3
CP142613.1	485236	485242	4
CP142613.1	485242	485265	3
CP142613.1	485265	485300	2
CP142613.1	485300	485307	1
CP142613.1	485307	485477	0
CP142613.1	485477	485521	1
CP142613.1	485521	485524	0
CP142613.1	485524	485550	1
CP142613.1	485550	485569	2
CP142613.1	485569	485628	1
CP142613.1	485628	485764	0
CP142613.1	485764	485772	1
CP142613.1	485772	485863	2
CP142613.1	485863	485958	1
CP142613.1	485958	486027	0
CP142613.1	486027	486031	1
CP142613.1	486031	486074	2
CP142613.1	486074	486082	1
CP142613.1	486082	486088	2
CP142613.1	486088	486092	1
CP142613.1	486092	486208	2
CP142613.1	486208	486224	1
CP142613.1	486224	486318	0
CP142613.1	486318	486327	1
CP142613.1	486327	486365	2
CP142613.1	486365	486367	1
CP142613.1	486367	486404	2
CP142613.1	486404	486440	1
CP142613.1	486440	486600	0
CP142613.1	486600	486665	1
CP142613.1	486665	486820	0
CP142613.1	486820	486958	1
CP142613.1	486958	486969	2
CP142613.1	486969	487045	1
CP142613.1	487045	487373	0
CP142613.1	487373	487417	1
CP142613.1	487417	487418	0
CP142613.1	487418	487451	1
CP142613.1	487451	487583	0
CP142613.1	487583	487716	1
CP142613.1	487716	487722	0
CP142613.1	487722	487741	1
CP142613.1	487741	487744	0
CP142613.1	487744	487779	1
CP142613.1	487779	487803	2
CP142613.1	487803	487819	3
CP142613.1	487819	487909	2
CP142613.1	487909	487914	1
CP142613.1	487914	487915	0
CP142613.1	487915	487953	1
CP142613.1	487953	487957	0
CP142613.1	487957	488089	1
CP142613.1	488089	488194	2
CP142613.1	488194	488226	3
CP142613.1	488226	488242	2
CP142613.1	488242	488328	3
CP142613.1	488328	488341	4
CP142613.1	488341	488395	3
CP142613.1	488395	488400	4
CP142613.1	488400	488428	3
CP142613.1	488428	488430	2
CP142613.1	488430	488438	3
CP142613.1	488438	488446	2
CP142613.1	488446	488449	1
CP142613.1	488449	488536	2
CP142613.1	488536	488537	1
CP142613.1	488537	488539	2
CP142613.1	488539	488692	1
CP142613.1	488692	488703	0
CP142613.1	488703	488785	1
CP142613.1	488785	488789	0
CP142613.1	488789	488800	1
CP142613.1	488800	488805	0
CP142613.1	488805	488823	1
CP142613.1	488823	488835	2
CP142613.1	488835	488869	3
CP142613.1	488869	488871	2
CP142613.1	488871	488901	3
CP142613.1	488901	488903	4
CP142613.1	488903	488914	3
CP142613.1	488914	488916	4
CP142613.1	488916	488919	3
CP142613.1	488919	488952	4
CP142613.1	488952	488960	5
CP142613.1	488960	488989	4
CP142613.1	488989	489011	3
CP142613.1	489011	489054	2
CP142613.1	489054	489056	1
CP142613.1	489056	489060	2
CP142613.1	489060	489116	3
CP142613.1	489116	489128	2
CP142613.1	489128	489243	1
CP142613.1	489243	489444	0
CP142613.1	489444	489536	1
CP142613.1	489536	489589	2
CP142613.1	489589	489737	1
CP142613.1	489737	489743	0
CP142613.1	489743	489840	1
CP142613.1	489840	490339	0
CP142613.1	490339	490476	1
CP142613.1	490476	490526	0
CP142613.1	490526	490693	1
CP142613.1	490693	490774	0
CP142613.1	490774	490783	1
CP142613.1	490783	490784	0
CP142613.1	490784	490868	1
CP142613.1	490868	490892	2
CP142613.1	490892	490967	1
CP142613.1	490967	490968	0
CP142613.1	490968	491040	1
CP142613.1	491040	491138	0
CP142613.1	491138	491216	1
CP142613.1	491216	491349	0
CP142613.1	491349	491360	1
CP142613.1	491360	491388	2
CP142613.1	491388	491389	1
CP142613.1	491389	491390	2
CP142613.1	491390	491413	3
CP142613.1	491413	491612	2
CP142613.1	491612	491650	3
CP142613.1	491650	491669	2
CP142613.1	491669	491670	0
CP142613.1	491670	491790	1
CP142613.1	491790	491821	2
CP142613.1	491821	491822	0
CP142613.1	491822	491838	2
CP142613.1	491838	491856	1
CP142613.1	491856	492005	2
CP142613.1	492005	492007	3
CP142613.1	492007	492008	2
CP142613.1	492008	492015	3
CP142613.1	492015	492017	2
CP142613.1	492017	492046	3
CP142613.1	492046	492072	2
CP142613.1	492072	492075	1
CP142613.1	492075	492094	0
CP142613.1	492094	492105	1
CP142613.1	492105	492126	2
CP142613.1	492126	492127	1
CP142613.1	492127	492191	2
CP142613.1	492191	492192	1
CP142613.1	492192	492202	2
CP142613.1	492202	492205	1
CP142613.1	492205	492226	2
CP142613.1	492226	492228	1
CP142613.1	492228	492277	2
CP142613.1	492277	492398	3
CP142613.1	492398	492419	2
CP142613.1	492419	492424	1
CP142613.1	492424	492562	2
CP142613.1	492562	492572	3
CP142613.1	492572	492690	2
CP142613.1	492690	492691	0
CP142613.1	492691	492692	1
CP142613.1	492692	492708	2
CP142613.1	492708	492748	1
CP142613.1	492748	492927	0
CP142613.1	492927	492949	1
CP142613.1	492949	492980	2
CP142613.1	492980	492981	1
CP142613.1	492981	492982	2
CP142613.1	492982	492990	1
CP142613.1	492990	493031	2
CP142613.1	493031	493032	1
CP142613.1	493032	493039	2
CP142613.1	493039	493052	1
CP142613.1	493052	493141	2
CP142613.1	493141	493148	3
CP142613.1	493148	493149	2
CP142613.1	493149	493188	3
CP142613.1	493188	493213	2
CP142613.1	493213	493218	1
CP142613.1	493218	493440	0
CP142613.1	493440	493541	1
CP142613.1	493541	493603	2
CP142613.1	493603	493614	1
CP142613.1	493614	493616	0
CP142613.1	493616	493775	1
CP142613.1	493775	493811	2
CP142613.1	493811	493904	1
CP142613.1	493904	493905	0
CP142613.1	493905	493982	1
CP142613.1	493982	493985	0
CP142613.1	493985	494135	1
CP142613.1	494135	494161	2
CP142613.1	494161	494197	3
CP142613.1	494197	494216	4
CP142613.1	494216	494264	3
CP142613.1	494264	494279	4
CP142613.1	494279	494283	5
CP142613.1	494283	494337	4
CP142613.1	494337	494343	3
CP142613.1	494343	494344	2
CP142613.1	494344	494348	3
CP142613.1	494348	494369	2
CP142613.1	494369	494401	3
CP142613.1	494401	494402	2
CP142613.1	494402	494406	1
CP142613.1	494406	494417	2
CP142613.1	494417	494524	1
CP142613.1	494524	494783	0
CP142613.1	494783	494845	1
CP142613.1	494845	494931	0
CP142613.1	494931	494944	1
CP142613.1	494944	494975	2
CP142613.1	494975	495001	3
CP142613.1	495001	495002	2
CP142613.1	495002	495003	1
CP142613.1	495003	495049	2
CP142613.1	495049	495079	3
CP142613.1	495079	495080	2
CP142613.1	495080	495130	3
CP142613.1	495130	495179	2
CP142613.1	495179	495249	1
CP142613.1	495249	495251	2
CP142613.1	495251	495378	1
CP142613.1	495378	495402	2
CP142613.1	495402	495457	1
CP142613.1	495457	495614	2
CP142613.1	495614	495733	3
CP142613.1	495733	495743	2
CP142613.1	495743	495752	1
CP142613.1	495752	495789	2
CP142613.1	495789	495823	3
CP142613.1	495823	495828	4
CP142613.1	495828	495873	3
CP142613.1	495873	495885	2
CP142613.1	495885	495900	1
CP142613.1	495900	496421	0
CP142613.1	496421	496493	1
CP142613.1	496493	496512	0
CP142613.1	496512	496677	1
CP142613.1	496677	496714	0
CP142613.1	496714	496785	1
CP142613.1	496785	496839	2
CP142613.1	496839	496846	3
CP142613.1	496846	496856	2
CP142613.1	496856	496861	3
CP142613.1	496861	496869	2
CP142613.1	496869	496872	1
CP142613.1	496872	496891	2
CP142613.1	496891	496892	1
CP142613.1	496892	496908	2
CP142613.1	496908	496939	3
CP142613.1	496939	496942	0
CP142613.1	496942	496977	3
CP142613.1	496977	497038	2
CP142613.1	497038	497052	1
CP142613.1	497052	497085	2
CP142613.1	497085	497120	3
CP142613.1	497120	497123	2
CP142613.1	497123	497172	3
CP142613.1	497172	497188	2
CP142613.1	497188	497244	1
CP142613.1	497244	497357	0
CP142613.1	497357	497440	1
CP142613.1	497440	497441	0
CP142613.1	497441	497455	1
CP142613.1	497455	497459	0
CP142613.1	497459	497505	1
CP142613.1	497505	497548	0
CP142613.1	497548	497609	1
CP142613.1	497609	497619	0
CP142613.1	497619	497643	1
CP142613.1	497643	497671	0
CP142613.1	497671	497713	1
CP142613.1	497713	497714	0
CP142613.1	497714	497759	1
CP142613.1	497759	497800	0
CP142613.1	497800	497825	1
CP142613.1	497825	497842	2
CP142613.1	497842	497854	1
CP142613.1	497854	497891	2
CP142613.1	497891	497907	1
CP142613.1	497907	498195	0
CP142613.1	498195	498397	1
CP142613.1	498397	498465	2
CP142613.1	498465	498474	3
CP142613.1	498474	498480	2
CP142613.1	498480	498535	3
CP142613.1	498535	498539	4
CP142613.1	498539	498576	3
CP142613.1	498576	498579	2
CP142613.1	498579	498587	3
CP142613.1	498587	498611	4
CP142613.1	498611	498653	3
CP142613.1	498653	498654	2
CP142613.1	498654	498656	3
CP142613.1	498656	498657	2
CP142613.1	498657	498669	3
CP142613.1	498669	498728	2
CP142613.1	498728	498746	1
CP142613.1	498746	498820	2
CP142613.1	498820	498834	3
CP142613.1	498834	498873	2
CP142613.1	498873	498899	1
CP142613.1	498899	498939	0
CP142613.1	498939	498979	1
CP142613.1	498979	499041	2
CP142613.1	499041	499049	1
CP142613.1	499049	499117	2
CP142613.1	499117	499141	1
CP142613.1	499141	499176	0
CP142613.1	499176	499177	1
CP142613.1	499177	499206	2
CP142613.1	499206	499229	3
CP142613.1	499229	499239	2
CP142613.1	499239	499296	1
CP142613.1	499296	499308	0
CP142613.1	499308	499365	1
CP142613.1	499365	499433	2
CP142613.1	499433	499556	1
CP142613.1	499556	499557	0
CP142613.1	499557	499584	1
CP142613.1	499584	499643	0
CP142613.1	499643	499689	1
CP142613.1	499689	499691	0
CP142613.1	499691	499733	1
CP142613.1	499733	499740	0
CP142613.1	499740	499853	1
CP142613.1	499853	500109	0
CP142613.1	500109	500213	1
CP142613.1	500213	500217	2
CP142613.1	500217	500264	1
CP142613.1	500264	500265	0
CP142613.1	500265	500393	1
CP142613.1	500393	500419	0
CP142613.1	500419	500650	1
CP142613.1	500650	500728	0
CP142613.1	500728	500917	1
CP142613.1	500917	501078	0
CP142613.1	501078	501124	1
CP142613.1	501124	501215	2
CP142613.1	501215	501278	1
CP142613.1	501278	501421	0
CP142613.1	501421	501517	1
CP142613.1	501517	501523	0
CP142613.1	501523	501604	2
CP142613.1	501604	501627	3
CP142613.1	501627	501629	2
CP142613.1	501629	501668	3
CP142613.1	501668	501694	2
CP142613.1	501694	501728	1
CP142613.1	501728	501796	2
CP142613.1	501796	501804	1
CP142613.1	501804	501860	0
CP142613.1	501860	501918	1
CP142613.1	501918	502012	0
CP142613.1	502012	502059	1
CP142613.1	502059	502073	2
CP142613.1	502073	502077	1
CP142613.1	502077	502079	2
CP142613.1	502079	502091	3
CP142613.1	502091	502092	2
CP142613.1	502092	502127	3
CP142613.1	502127	502141	2
CP142613.1	502141	502144	1
CP142613.1	502144	502248	0
CP142613.1	502248	502318	1
CP142613.1	502318	502377	2
CP142613.1	502377	502388	3
CP142613.1	502388	502390	2
CP142613.1	502390	502398	3
CP142613.1	502398	502403	2
CP142613.1	502403	502421	3
CP142613.1	502421	502445	4
CP142613.1	502445	502473	3
CP142613.1	502473	502505	4
CP142613.1	502505	502508	3
CP142613.1	502508	502535	4
CP142613.1	502535	502554	3
CP142613.1	502554	502603	2
CP142613.1	502603	502640	1
CP142613.1	502640	502654	0
CP142613.1	502654	502793	1
CP142613.1	502793	502959	0
CP142613.1	502959	502986	1
CP142613.1	502986	503036	2
CP142613.1	503036	503092	1
CP142613.1	503092	503117	2
CP142613.1	503117	503119	1
CP142613.1	503119	503141	2
CP142613.1	503141	503183	3
CP142613.1	503183	503184	2
CP142613.1	503184	503216	3
CP142613.1	503216	503221	2
CP142613.1	503221	503257	1
CP142613.1	503257	503309	2
CP142613.1	503309	503310	3
CP142613.1	503310	503326	4
CP142613.1	503326	503387	3
CP142613.1	503387	503431	2
CP142613.1	503431	503495	1
CP142613.1	503495	503583	2
CP142613.1	503583	503594	1
CP142613.1	503594	503595	0
CP142613.1	503595	503671	1
CP142613.1	503671	503950	0
CP142613.1	503950	504034	1
CP142613.1	504034	504096	0
CP142613.1	504096	504099	1
CP142613.1	504099	504100	0
CP142613.1	504100	504159	1
CP142613.1	504159	504386	0
CP142613.1	504386	504426	1
CP142613.1	504426	504430	0
CP142613.1	504430	504462	1
CP142613.1	504462	504559	0
CP142613.1	504559	504600	1
CP142613.1	504600	504602	0
CP142613.1	504602	504622	1
CP142613.1	504622	504708	2
CP142613.1	504708	504716	1
CP142613.1	504716	504719	2
CP142613.1	504719	504723	1
CP142613.1	504723	504783	2
CP142613.1	504783	504816	1
CP142613.1	504816	505030	0
CP142613.1	505030	505104	1
CP142613.1	505104	505157	0
CP142613.1	505157	505224	1
CP142613.1	505224	505254	2
CP142613.1	505254	505301	1
CP142613.1	505301	505302	0
CP142613.1	505302	505318	1
CP142613.1	505318	505347	2
CP142613.1	505347	505502	1
CP142613.1	505502	505548	2
CP142613.1	505548	505549	1
CP142613.1	505549	505564	2
CP142613.1	505564	505571	3
CP142613.1	505571	505581	2
CP142613.1	505581	505643	1
CP142613.1	505643	505681	2
CP142613.1	505681	505748	1
CP142613.1	505748	505939	0
CP142613.1	505939	505995	1
CP142613.1	505995	506045	0
CP142613.1	506045	506089	1
CP142613.1	506089	506214	2
CP142613.1	506214	506220	1
CP142613.1	506220	506241	0
CP142613.1	506241	506249	1
CP142613.1	506249	506258	2
CP142613.1	506258	506260	1
CP142613.1	506260	506405	2
CP142613.1	506405	506407	1
CP142613.1	506407	506475	2
CP142613.1	506475	506487	1
CP142613.1	506487	506506	0
CP142613.1	506506	506596	1
CP142613.1	506596	506675	2
CP142613.1	506675	506682	1
CP142613.1	506682	506705	2
CP142613.1	506705	506763	1
CP142613.1	506763	506785	2
CP142613.1	506785	506786	1
CP142613.1	506786	506793	2
CP142613.1	506793	506794	1
CP142613.1	506794	506854	2
CP142613.1	506854	506855	3
CP142613.1	506855	506865	2
CP142613.1	506865	506944	1
CP142613.1	506944	506945	0
CP142613.1	506945	506948	1
CP142613.1	506948	506982	0
CP142613.1	506982	507004	1
CP142613.1	507004	507005	0
CP142613.1	507005	507059	1
CP142613.1	507059	507119	2
CP142613.1	507119	507180	1
CP142613.1	507180	507691	0
CP142613.1	507691	507743	1
CP142613.1	507743	507745	0
CP142613.1	507745	507751	1
CP142613.1	507751	507754	0
CP142613.1	507754	507813	1
CP142613.1	507813	507852	2
CP142613.1	507852	507855	1
CP142613.1	507855	507875	2
CP142613.1	507875	507913	1
CP142613.1	507913	507914	0
CP142613.1	507914	507983	1
CP142613.1	507983	507984	0
CP142613.1	507984	508049	1
CP142613.1	508049	508256	0
CP142613.1	508256	508350	1
CP142613.1	508350	508500	0
CP142613.1	508500	508800	1
CP142613.1	508800	508950	2
CP142613.1	508950	509019	1
CP142613.1	509019	509022	0
CP142613.1	509022	509850	1
CP142613.1	509850	510000	0
CP142613.1	510000	510150	1
CP142613.1	510150	510450	0
CP142613.1	510450	510600	1
CP142613.1	510600	510900	0
CP142613.1	510900	511033	1
CP142613.1	511033	511202	0
CP142613.1	511202	511214	1
CP142613.1	511214	511238	2
CP142613.1	511238	511265	3
CP142613.1	511265	511269	2
CP142613.1	511269	511270	0
CP142613.1	511270	511278	2
CP142613.1	511278	511281	1
CP142613.1	511281	511295	2
CP142613.1	511295	511296	1
CP142613.1	511296	511348	2
CP142613.1	511348	511380	3
CP142613.1	511380	511392	4
CP142613.1	511392	511395	3
CP142613.1	511395	511450	4
CP142613.1	511450	511458	3
CP142613.1	511458	511491	4
CP142613.1	511491	511494	3
CP142613.1	511494	511496	4
CP142613.1	511496	511497	5
CP142613.1	511497	511501	4
CP142613.1	511501	511515	5
CP142613.1	511515	511517	3
CP142613.1	511517	511519	2
CP142613.1	511519	511525	3
CP142613.1	511525	511551	4
CP142613.1	511551	511552	3
CP142613.1	511552	511555	4
CP142613.1	511555	511567	3
CP142613.1	511567	511604	4
CP142613.1	511604	511640	5
CP142613.1	511640	511666	4
CP142613.1	511666	511672	3
CP142613.1	511672	511673	2
CP142613.1	511673	511729	3
CP142613.1	511729	511737	2
CP142613.1	511737	511759	1
CP142613.1	511759	511869	0
CP142613.1	511869	511966	1
CP142613.1	511966	511978	2
CP142613.1	511978	511985	3
CP142613.1	511985	511996	2
CP142613.1	511996	512000	3
CP142613.1	512000	512001	2
CP142613.1	512001	512051	3
CP142613.1	512051	512096	2
CP142613.1	512096	512102	1
CP142613.1	512102	512140	2
CP142613.1	512140	512377	1
CP142613.1	512377	512378	0
CP142613.1	512378	512407	1
CP142613.1	512407	512450	2
CP142613.1	512450	512452	1
CP142613.1	512452	512458	2
CP142613.1	512458	512467	1
CP142613.1	512467	512479	2
CP142613.1	512479	512604	1
CP142613.1	512604	512647	2
CP142613.1	512647	512651	1
CP142613.1	512651	512652	0
CP142613.1	512652	512700	1
CP142613.1	512700	512712	2
CP142613.1	512712	512729	3
CP142613.1	512729	512730	2
CP142613.1	512730	512760	3
CP142613.1	512760	512797	2
CP142613.1	512797	512911	1
CP142613.1	512911	512989	0
CP142613.1	512989	513044	1
CP142613.1	513044	513158	0
CP142613.1	513158	513248	1
CP142613.1	513248	513269	2
CP142613.1	513269	513326	3
CP142613.1	513326	513334	2
CP142613.1	513334	513340	3
CP142613.1	513340	513348	2
CP142613.1	513348	513349	1
CP142613.1	513349	513379	2
CP142613.1	513379	513381	1
CP142613.1	513381	513385	2
CP142613.1	513385	513428	1
CP142613.1	513428	513436	2
CP142613.1	513436	513450	3
CP142613.1	513450	513451	1
CP142613.1	513451	513468	3
CP142613.1	513468	513469	1
CP142613.1	513469	513517	3
CP142613.1	513517	513526	4
CP142613.1	513526	513577	3
CP142613.1	513577	513578	2
CP142613.1	513578	513592	3
CP142613.1	513592	513597	2
CP142613.1	513597	513614	3
CP142613.1	513614	513640	2
CP142613.1	513640	513779	1
CP142613.1	513779	513900	0
CP142613.1	513900	513988	1
CP142613.1	513988	514058	2
CP142613.1	514058	514059	1
CP142613.1	514059	514101	2
CP142613.1	514101	514184	1
CP142613.1	514184	514230	0
CP142613.1	514230	514377	1
CP142613.1	514377	514414	2
CP142613.1	514414	514426	3
CP142613.1	514426	514432	2
CP142613.1	514432	514434	3
CP142613.1	514434	514441	4
CP142613.1	514441	514442	3
CP142613.1	514442	514461	4
CP142613.1	514461	514470	1
CP142613.1	514470	514472	4
CP142613.1	514472	514515	3
CP142613.1	514515	514518	2
CP142613.1	514518	514573	3
CP142613.1	514573	514584	2
CP142613.1	514584	514598	1
CP142613.1	514598	514632	2
CP142613.1	514632	514706	1
CP142613.1	514706	514708	0
CP142613.1	514708	514725	1
CP142613.1	514725	514726	0
CP142613.1	514726	514734	1
CP142613.1	514734	514736	0
CP142613.1	514736	514743	1
CP142613.1	514743	514745	0
CP142613.1	514745	514793	1
CP142613.1	514793	514823	0
CP142613.1	514823	514917	1
CP142613.1	514917	514995	0
CP142613.1	514995	515073	1
CP142613.1	515073	515853	0
CP142613.1	515853	515953	1
CP142613.1	515953	515955	0
CP142613.1	515955	515996	1
CP142613.1	515996	516166	0
CP142613.1	516166	516219	1
CP142613.1	516219	516220	0
CP142613.1	516220	516224	1
CP142613.1	516224	516265	2
CP142613.1	516265	516333	1
CP142613.1	516333	516334	0
CP142613.1	516334	516340	1
CP142613.1	516340	516403	2
CP142613.1	516403	516515	1
CP142613.1	516515	516516	2
CP142613.1	516516	516525	3
CP142613.1	516525	516555	2
CP142613.1	516555	516568	3
CP142613.1	516568	516626	4
CP142613.1	516626	516683	3
CP142613.1	516683	516692	2
CP142613.1	516692	516785	1
CP142613.1	516785	516842	2
CP142613.1	516842	516848	3
CP142613.1	516848	516868	4
CP142613.1	516868	516875	5
CP142613.1	516875	516887	4
CP142613.1	516887	516890	3
CP142613.1	516890	516895	4
CP142613.1	516895	516896	3
CP142613.1	516896	516970	4
CP142613.1	516970	516985	3
CP142613.1	516985	517050	2
CP142613.1	517050	517051	1
CP142613.1	517051	517083	2
CP142613.1	517083	517085	3
CP142613.1	517085	517103	4
CP142613.1	517103	517122	5
CP142613.1	517122	517147	6
CP142613.1	517147	517187	5
CP142613.1	517187	517197	6
CP142613.1	517197	517230	5
CP142613.1	517230	517236	3
CP142613.1	517236	517246	5
CP142613.1	517246	517264	4
CP142613.1	517264	517265	3
CP142613.1	517265	517324	4
CP142613.1	517324	517332	3
CP142613.1	517332	517348	4
CP142613.1	517348	517354	3
CP142613.1	517354	517373	2
CP142613.1	517373	517467	3
CP142613.1	517467	517504	2
CP142613.1	517504	517530	1
CP142613.1	517530	517598	2
CP142613.1	517598	517602	1
CP142613.1	517602	517603	0
CP142613.1	517603	517604	1
CP142613.1	517604	517616	2
CP142613.1	517616	517686	3
CP142613.1	517686	517713	2
CP142613.1	517713	517714	1
CP142613.1	517714	517759	2
CP142613.1	517759	517770	1
CP142613.1	517770	517862	0
CP142613.1	517862	517874	1
CP142613.1	517874	517925	2
CP142613.1	517925	517928	1
CP142613.1	517928	517958	2
CP142613.1	517958	518047	3
CP142613.1	518047	518102	2
CP142613.1	518102	518178	1
CP142613.1	518178	518191	0
CP142613.1	518191	518193	1
CP142613.1	518193	518297	2
CP142613.1	518297	518301	1
CP142613.1	518301	518339	2
CP142613.1	518339	518400	1
CP142613.1	518400	518515	2
CP142613.1	518515	518546	3
CP142613.1	518546	518547	4
CP142613.1	518547	518550	3
CP142613.1	518550	518561	4
CP142613.1	518561	518581	3
CP142613.1	518581	518635	4
CP142613.1	518635	518714	3
CP142613.1	518714	518724	1
CP142613.1	518724	518759	2
CP142613.1	518759	518763	1
CP142613.1	518763	518836	0
CP142613.1	518836	518850	1
CP142613.1	518850	518909	2
CP142613.1	518909	518928	1
CP142613.1	518928	518930	0
CP142613.1	518930	518981	1
CP142613.1	518981	518983	0
CP142613.1	518983	519034	1
CP142613.1	519034	519143	0
CP142613.1	519143	519255	1
CP142613.1	519255	519299	0
CP142613.1	519299	519380	1
CP142613.1	519380	519389	2
CP142613.1	519389	519390	1
CP142613.1	519390	519488	2
CP142613.1	519488	519491	3
CP142613.1	519491	519492	2
CP142613.1	519492	519522	3
CP142613.1	519522	519523	2
CP142613.1	519523	519525	3
CP142613.1	519525	519558	2
CP142613.1	519558	519575	3
CP142613.1	519575	519582	4
CP142613.1	519582	519589	3
CP142613.1	519589	519590	2
CP142613.1	519590	519640	3
CP142613.1	519640	519661	2
CP142613.1	519661	519746	1
CP142613.1	519746	519770	2
CP142613.1	519770	519773	1
CP142613.1	519773	519794	2
CP142613.1	519794	520069	1
CP142613.1	520069	520117	2
CP142613.1	520117	520132	1
CP142613.1	520132	520200	0
CP142613.1	520200	520249	1
CP142613.1	520249	520282	2
CP142613.1	520282	520299	1
CP142613.1	520299	520612	0
CP142613.1	520612	520715	1
CP142613.1	520715	520735	2
CP142613.1	520735	520794	1
CP142613.1	520794	520958	0
CP142613.1	520958	521052	1
CP142613.1	521052	521096	0
CP142613.1	521096	521133	1
CP142613.1	521133	521174	2
CP142613.1	521174	521204	1
CP142613.1	521204	521252	0
CP142613.1	521252	521277	1
CP142613.1	521277	521413	2
CP142613.1	521413	521445	1
CP142613.1	521445	521454	0
CP142613.1	521454	521527	1
CP142613.1	521527	521537	2
CP142613.1	521537	521617	1
CP142613.1	521617	521732	0
CP142613.1	521732	521796	1
CP142613.1	521796	521854	2
CP142613.1	521854	521855	1
CP142613.1	521855	521878	2
CP142613.1	521878	521881	1
CP142613.1	521881	521947	2
CP142613.1	521947	521982	1
CP142613.1	521982	522001	2
CP142613.1	522001	522019	3
CP142613.1	522019	522020	2
CP142613.1	522020	522081	3
CP142613.1	522081	522082	4
CP142613.1	522082	522138	3
CP142613.1	522138	522149	2
CP142613.1	522149	522152	3
CP142613.1	522152	522169	2
CP142613.1	522169	522171	1
CP142613.1	522171	522175	2
CP142613.1	522175	522212	1
CP142613.1	522212	522227	0
CP142613.1	522227	522315	1
CP142613.1	522315	522382	2
CP142613.1	522382	522383	3
CP142613.1	522383	522385	4
CP142613.1	522385	522386	3
CP142613.1	522386	522453	4
CP142613.1	522453	522463	3
CP142613.1	522463	522495	4
CP142613.1	522495	522530	3
CP142613.1	522530	522531	2
CP142613.1	522531	522536	3
CP142613.1	522536	522566	2
CP142613.1	522566	522577	1
CP142613.1	522577	522671	2
CP142613.1	522671	522672	1
CP142613.1	522672	522680	2
CP142613.1	522680	522776	1
CP142613.1	522776	522799	2
CP142613.1	522799	522800	1
CP142613.1	522800	522811	2
CP142613.1	522811	522864	1
CP142613.1	522864	523459	0
CP142613.1	523459	523462	1
CP142613.1	523462	523463	0
CP142613.1	523463	523506	1
CP142613.1	523506	523527	2
CP142613.1	523527	523528	1
CP142613.1	523528	523555	2
CP142613.1	523555	523562	3
CP142613.1	523562	523579	4
CP142613.1	523579	523581	3
CP142613.1	523581	523643	2
CP142613.1	523643	523717	1
CP142613.1	523717	523898	0
CP142613.1	523898	523949	1
CP142613.1	523949	523988	2
CP142613.1	523988	523989	3
CP142613.1	523989	524115	2
CP142613.1	524115	524207	1
CP142613.1	524207	524437	0
CP142613.1	524437	524489	1
CP142613.1	524489	524518	2
CP142613.1	524518	524521	3
CP142613.1	524521	524537	2
CP142613.1	524537	524603	1
CP142613.1	524603	524844	0
CP142613.1	524844	524871	1
CP142613.1	524871	524895	2
CP142613.1	524895	524921	1
CP142613.1	524921	524989	2
CP142613.1	524989	524997	1
CP142613.1	524997	525380	0
CP142613.1	525380	525445	1
CP142613.1	525445	525518	0
CP142613.1	525518	525620	1
CP142613.1	525620	525774	0
CP142613.1	525774	525827	1
CP142613.1	525827	526008	0
CP142613.1	526008	526048	1
CP142613.1	526048	526107	2
CP142613.1	526107	526139	3
CP142613.1	526139	526140	2
CP142613.1	526140	526148	3
CP142613.1	526148	526225	2
CP142613.1	526225	526557	1
CP142613.1	526557	526578	0
CP142613.1	526578	526613	1
CP142613.1	526613	526675	2
CP142613.1	526675	526805	1
CP142613.1	526805	526854	2
CP142613.1	526854	526864	3
CP142613.1	526864	526909	2
CP142613.1	526909	526913	1
CP142613.1	526913	526977	2
CP142613.1	526977	526978	1
CP142613.1	526978	527027	2
CP142613.1	527027	527028	1
CP142613.1	527028	527059	2
CP142613.1	527059	527093	3
CP142613.1	527093	527097	2
CP142613.1	527097	527107	3
CP142613.1	527107	527169	2
CP142613.1	527169	527182	1
CP142613.1	527182	527208	2
CP142613.1	527208	527246	1
CP142613.1	527246	527356	0
CP142613.1	527356	527372	1
CP142613.1	527372	527376	0
CP142613.1	527376	527410	1
CP142613.1	527410	527424	2
CP142613.1	527424	527440	3
CP142613.1	527440	527441	2
CP142613.1	527441	527449	3
CP142613.1	527449	527471	2
CP142613.1	527471	527473	1
CP142613.1	527473	527477	0
CP142613.1	527477	527506	1
CP142613.1	527506	527515	0
CP142613.1	527515	527597	1
CP142613.1	527597	527724	0
CP142613.1	527724	527934	1
CP142613.1	527934	527965	2
CP142613.1	527965	527979	3
CP142613.1	527979	528006	2
CP142613.1	528006	528023	3
CP142613.1	528023	528024	2
CP142613.1	528024	528149	1
CP142613.1	528149	528153	0
CP142613.1	528153	528266	1
CP142613.1	528266	528267	0
CP142613.1	528267	528328	1
CP142613.1	528328	528420	0
CP142613.1	528420	528425	1
CP142613.1	528425	528458	2
CP142613.1	528458	528459	1
CP142613.1	528459	528525	2
CP142613.1	528525	528571	1
CP142613.1	528571	528733	0
CP142613.1	528733	528781	1
CP142613.1	528781	528790	0
CP142613.1	528790	528813	1
CP142613.1	528813	528891	0
CP142613.1	528891	529026	1
CP142613.1	529026	529047	0
CP142613.1	529047	529141	1
CP142613.1	529141	529150	2
CP142613.1	529150	529152	3
CP142613.1	529152	529181	2
CP142613.1	529181	529192	3
CP142613.1	529192	529205	2
CP142613.1	529205	529224	3
CP142613.1	529224	529283	4
CP142613.1	529283	529284	3
CP142613.1	529284	529319	4
CP142613.1	529319	529320	3
CP142613.1	529320	529354	4
CP142613.1	529354	529360	3
CP142613.1	529360	529392	2
CP142613.1	529392	529395	1
CP142613.1	529395	529447	2
CP142613.1	529447	529507	1
CP142613.1	529507	529510	0
CP142613.1	529510	529649	1
CP142613.1	529649	529741	0
CP142613.1	529741	529808	1
CP142613.1	529808	529837	0
CP142613.1	529837	529863	2
CP142613.1	529863	529867	1
CP142613.1	529867	529905	2
CP142613.1	529905	529906	1
CP142613.1	529906	529925	2
CP142613.1	529925	529957	3
CP142613.1	529957	529961	2
CP142613.1	529961	530033	1
CP142613.1	530033	530041	2
CP142613.1	530041	530228	1
CP142613.1	530228	530295	2
CP142613.1	530295	530317	3
CP142613.1	530317	530356	2
CP142613.1	530356	530377	1
CP142613.1	530377	530463	2
CP142613.1	530463	530546	3
CP142613.1	530546	530568	2
CP142613.1	530568	530599	3
CP142613.1	530599	530613	4
CP142613.1	530613	530658	3
CP142613.1	530658	530659	2
CP142613.1	530659	530666	3
CP142613.1	530666	530691	2
CP142613.1	530691	530713	1
CP142613.1	530713	530772	2
CP142613.1	530772	530802	3
CP142613.1	530802	530832	2
CP142613.1	530832	530848	1
CP142613.1	530848	530980	0
CP142613.1	530980	530981	1
CP142613.1	530981	530996	2
CP142613.1	530996	531007	3
CP142613.1	531007	531008	2
CP142613.1	531008	531035	3
CP142613.1	531035	531053	2
CP142613.1	531053	531058	1
CP142613.1	531058	531107	0
CP142613.1	531107	531164	1
CP142613.1	531164	531230	2
CP142613.1	531230	531239	1
CP142613.1	531239	531249	2
CP142613.1	531249	531274	3
CP142613.1	531274	531287	1
CP142613.1	531287	531295	2
CP142613.1	531295	531297	1
CP142613.1	531297	531307	2
CP142613.1	531307	531383	3
CP142613.1	531383	531390	4
CP142613.1	531390	531394	3
CP142613.1	531394	531477	4
CP142613.1	531477	531490	3
CP142613.1	531490	531515	2
CP142613.1	531515	531579	1
CP142613.1	531579	531591	0
CP142613.1	531591	531637	1
CP142613.1	531637	531655	2
CP142613.1	531655	531823	3
CP142613.1	531823	531887	2
CP142613.1	531887	531918	1
CP142613.1	531918	532017	0
CP142613.1	532017	532102	1
CP142613.1	532102	532132	2
CP142613.1	532132	532352	1
CP142613.1	532352	532755	0
CP142613.1	532755	532800	1
CP142613.1	532800	532803	2
CP142613.1	532803	532823	3
CP142613.1	532823	532824	2
CP142613.1	532824	532839	3
CP142613.1	532839	532856	2
CP142613.1	532856	532914	3
CP142613.1	532914	533041	2
CP142613.1	533041	533102	1
CP142613.1	533102	533318	0
CP142613.1	533318	533410	1
CP142613.1	533410	533762	0
CP142613.1	533762	533828	1
CP142613.1	533828	533969	2
CP142613.1	533969	533976	3
CP142613.1	533976	534091	2
CP142613.1	534091	534172	1
CP142613.1	534172	534176	0
CP142613.1	534176	534234	1
CP142613.1	534234	534371	2
CP142613.1	534371	534418	1
CP142613.1	534418	534428	0
CP142613.1	534428	534468	1
CP142613.1	534468	534498	2
CP142613.1	534498	534499	3
CP142613.1	534499	534510	4
CP142613.1	534510	534511	3
CP142613.1	534511	534578	4
CP142613.1	534578	534606	2
CP142613.1	534606	534716	1
CP142613.1	534716	534732	0
CP142613.1	534732	534806	1
CP142613.1	534806	534965	0
CP142613.1	534965	535086	1
CP142613.1	535086	535123	0
CP142613.1	535123	535242	1
CP142613.1	535242	535256	0
CP142613.1	535256	535277	1
CP142613.1	535277	535316	2
CP142613.1	535316	535375	3
CP142613.1	535375	535399	4
CP142613.1	535399	535423	5
CP142613.1	535423	535452	4
CP142613.1	535452	535463	3
CP142613.1	535463	535516	4
CP142613.1	535516	535552	3
CP142613.1	535552	535593	2
CP142613.1	535593	535662	1
CP142613.1	535662	535878	0
CP142613.1	535878	535898	1
CP142613.1	535898	535966	2
CP142613.1	535966	535980	1
CP142613.1	535980	536023	2
CP142613.1	536023	536024	1
CP142613.1	536024	536043	2
CP142613.1	536043	536097	1
CP142613.1	536097	536121	2
CP142613.1	536121	536122	1
CP142613.1	536122	536191	2
CP142613.1	536191	536192	1
CP142613.1	536192	536247	2
CP142613.1	536247	536313	1
CP142613.1	536313	536527	0
CP142613.1	536527	536549	1
CP142613.1	536549	536567	2
CP142613.1	536567	536572	1
CP142613.1	536572	536582	2
CP142613.1	536582	536587	1
CP142613.1	536587	536662	2
CP142613.1	536662	536663	1
CP142613.1	536663	536666	2
CP142613.1	536666	536667	1
CP142613.1	536667	536709	2
CP142613.1	536709	536763	1
CP142613.1	536763	536770	2
CP142613.1	536770	536810	3
CP142613.1	536810	536811	2
CP142613.1	536811	536814	3
CP142613.1	536814	536893	2
CP142613.1	536893	536919	1
CP142613.1	536919	536951	0
CP142613.1	536951	536985	1
CP142613.1	536985	537041	2
CP142613.1	537041	537076	1
CP142613.1	537076	537080	2
CP142613.1	537080	537207	3
CP142613.1	537207	537226	2
CP142613.1	537226	537277	1
CP142613.1	537277	537392	0
CP142613.1	537392	537473	1
CP142613.1	537473	537505	0
CP142613.1	537505	537620	1
CP142613.1	537620	537667	0
CP142613.1	537667	537700	1
CP142613.1	537700	537790	2
CP142613.1	537790	537791	1
CP142613.1	537791	537815	2
CP142613.1	537815	537816	1
CP142613.1	537816	537841	2
CP142613.1	537841	537852	1
CP142613.1	537852	537909	2
CP142613.1	537909	537912	1
CP142613.1	537912	537988	2
CP142613.1	537988	538067	3
CP142613.1	538067	538070	2
CP142613.1	538070	538071	1
CP142613.1	538071	538073	0
CP142613.1	538073	538104	1
CP142613.1	538104	538138	0
CP142613.1	538138	538199	1
CP142613.1	538199	538269	0
CP142613.1	538269	538312	1
CP142613.1	538312	538314	0
CP142613.1	538314	538430	1
CP142613.1	538430	538460	0
CP142613.1	538460	538600	1
CP142613.1	538600	538604	2
CP142613.1	538604	538638	3
CP142613.1	538638	538646	4
CP142613.1	538646	538658	5
CP142613.1	538658	538660	4
CP142613.1	538660	538701	5
CP142613.1	538701	538706	6
CP142613.1	538706	538708	5
CP142613.1	538708	538721	6
CP142613.1	538721	538722	5
CP142613.1	538722	538741	4
CP142613.1	538741	538757	3
CP142613.1	538757	538770	2
CP142613.1	538770	538771	1
CP142613.1	538771	538772	0
CP142613.1	538772	538792	1
CP142613.1	538792	538824	0
CP142613.1	538824	538847	1
CP142613.1	538847	538921	2
CP142613.1	538921	538922	1
CP142613.1	538922	538943	2
CP142613.1	538943	538950	1
CP142613.1	538950	538951	2
CP142613.1	538951	539024	1
CP142613.1	539024	539142	2
CP142613.1	539142	539172	3
CP142613.1	539172	539267	2
CP142613.1	539267	539314	1
CP142613.1	539314	539447	0
CP142613.1	539447	539596	1
CP142613.1	539596	539597	0
CP142613.1	539597	539609	1
CP142613.1	539609	539668	2
CP142613.1	539668	539676	1
CP142613.1	539676	539700	0
CP142613.1	539700	539740	1
CP142613.1	539740	539751	2
CP142613.1	539751	539774	1
CP142613.1	539774	539811	2
CP142613.1	539811	539861	1
CP142613.1	539861	539878	0
CP142613.1	539878	539923	1
CP142613.1	539923	539924	0
CP142613.1	539924	539971	1
CP142613.1	539971	540055	0
CP142613.1	540055	540125	1
CP142613.1	540125	540535	0
CP142613.1	540535	540692	1
CP142613.1	540692	540746	0
CP142613.1	540746	540825	1
CP142613.1	540825	540850	2
CP142613.1	540850	540876	1
CP142613.1	540876	540904	2
CP142613.1	540904	540988	1
CP142613.1	540988	541068	0
CP142613.1	541068	541117	1
CP142613.1	541117	541165	0
CP142613.1	541165	541211	1
CP142613.1	541211	541242	2
CP142613.1	541242	541244	0
CP142613.1	541244	541246	1
CP142613.1	541246	541261	2
CP142613.1	541261	541330	1
CP142613.1	541330	541332	2
CP142613.1	541332	541432	3
CP142613.1	541432	541441	2
CP142613.1	541441	541442	1
CP142613.1	541442	541587	2
CP142613.1	541587	541727	1
CP142613.1	541727	541736	0
CP142613.1	541736	541799	1
CP142613.1	541799	541806	0
CP142613.1	541806	541814	2
CP142613.1	541814	541852	3
CP142613.1	541852	541853	2
CP142613.1	541853	541858	3
CP142613.1	541858	541923	2
CP142613.1	541923	541924	1
CP142613.1	541924	541933	2
CP142613.1	541933	541968	1
CP142613.1	541968	542038	0
CP142613.1	542038	542069	1
CP142613.1	542069	542072	0
CP142613.1	542072	542079	1
CP142613.1	542079	542080	0
CP142613.1	542080	542142	1
CP142613.1	542142	542221	2
CP142613.1	542221	542242	1
CP142613.1	542242	542267	2
CP142613.1	542267	542331	3
CP142613.1	542331	542345	2
CP142613.1	542345	542348	3
CP142613.1	542348	542432	2
CP142613.1	542432	542458	1
CP142613.1	542458	542464	0
CP142613.1	542464	542476	1
CP142613.1	542476	542605	2
CP142613.1	542605	542638	1
CP142613.1	542638	542683	2
CP142613.1	542683	542703	1
CP142613.1	542703	542705	0
CP142613.1	542705	542816	1
CP142613.1	542816	542971	0
CP142613.1	542971	543034	1
CP142613.1	543034	543229	0
CP142613.1	543229	543350	1
CP142613.1	543350	543373	2
CP142613.1	543373	543380	1
CP142613.1	543380	543387	2
CP142613.1	543387	543390	1
CP142613.1	543390	543391	0
CP142613.1	543391	543443	2
CP142613.1	543443	543578	1
CP142613.1	543578	543596	2
CP142613.1	543596	543600	1
CP142613.1	543600	543750	2
CP142613.1	543750	543783	3
CP142613.1	543783	543784	2
CP142613.1	543784	543790	3
CP142613.1	543790	543791	2
CP142613.1	543791	543793	1
CP142613.1	543793	543824	3
CP142613.1	543824	543851	2
CP142613.1	543851	543857	1
CP142613.1	543857	543873	2
CP142613.1	543873	543903	1
CP142613.1	543903	544015	0
CP142613.1	544015	544029	1
CP142613.1	544029	544077	2
CP142613.1	544077	544078	1
CP142613.1	544078	544091	2
CP142613.1	544091	544112	3
CP142613.1	544112	544113	0
CP142613.1	544113	544123	3
CP142613.1	544123	544131	0
CP142613.1	544131	544186	3
CP142613.1	544186	544187	1
CP142613.1	544187	544188	2
CP142613.1	544188	544231	3
CP142613.1	544231	544232	2
CP142613.1	544232	544234	3
CP142613.1	544234	544237	2
CP142613.1	544237	544252	3
CP142613.1	544252	544276	2
CP142613.1	544276	544312	1
CP142613.1	544312	544369	2
CP142613.1	544369	544418	1
CP142613.1	544418	544430	2
CP142613.1	544430	544439	1
CP142613.1	544439	544473	2
CP142613.1	544473	544484	1
CP142613.1	544484	544502	2
CP142613.1	544502	544554	1
CP142613.1	544554	544592	2
CP142613.1	544592	544609	3
CP142613.1	544609	544610	2
CP142613.1	544610	544635	3
CP142613.1	544635	544641	2
CP142613.1	544641	544686	3
CP142613.1	544686	544687	2
CP142613.1	544687	544715	3
CP142613.1	544715	544716	2
CP142613.1	544716	544725	3
CP142613.1	544725	544741	2
CP142613.1	544741	544787	3
CP142613.1	544787	544839	2
CP142613.1	544839	544874	3
CP142613.1	544874	544875	2
CP142613.1	544875	544881	3
CP142613.1	544881	544882	2
CP142613.1	544882	544900	3
CP142613.1	544900	544920	4
CP142613.1	544920	544937	3
CP142613.1	544937	544954	2
CP142613.1	544954	545005	1
CP142613.1	545005	545232	0
CP142613.1	545232	545378	1
CP142613.1	545378	545382	2
CP142613.1	545382	545405	1
CP142613.1	545405	545439	2
CP142613.1	545439	545546	1
CP142613.1	545546	545733	0
CP142613.1	545733	545949	1
CP142613.1	545949	545950	0
CP142613.1	545950	545982	1
CP142613.1	545982	546182	0
CP142613.1	546182	546208	1
CP142613.1	546208	546209	0
CP142613.1	546209	546218	1
CP142613.1	546218	546220	0
CP142613.1	546220	546251	1
CP142613.1	546251	546307	2
CP142613.1	546307	546312	1
CP142613.1	546312	546369	2
CP142613.1	546369	546378	3
CP142613.1	546378	546395	2
CP142613.1	546395	546408	1
CP142613.1	546408	546409	0
CP142613.1	546409	546435	1
CP142613.1	546435	546540	0
CP142613.1	546540	546627	1
CP142613.1	546627	546682	2
CP142613.1	546682	546728	1
CP142613.1	546728	547175	0
CP142613.1	547175	547334	1
CP142613.1	547334	547344	2
CP142613.1	547344	547370	1
CP142613.1	547370	547666	0
CP142613.1	547666	547912	1
CP142613.1	547912	548004	0
CP142613.1	548004	548060	1
CP142613.1	548060	548080	2
CP142613.1	548080	548081	1
CP142613.1	548081	548127	2
CP142613.1	548127	548131	3
CP142613.1	548131	548261	2
CP142613.1	548261	548305	1
CP142613.1	548305	548402	0
CP142613.1	548402	548424	1
CP142613.1	548424	548426	0
CP142613.1	548426	548488	1
CP142613.1	548488	548491	0
CP142613.1	548491	548533	1
CP142613.1	548533	548604	0
CP142613.1	548604	548675	1
CP142613.1	548675	548676	3
CP142613.1	548676	548707	4
CP142613.1	548707	548841	3
CP142613.1	548841	548871	2
CP142613.1	548871	548872	1
CP142613.1	548872	548898	0
CP142613.1	548898	548932	1
CP142613.1	548932	548935	0
CP142613.1	548935	548963	1
CP142613.1	548963	549206	0
CP142613.1	549206	549217	1
CP142613.1	549217	549222	0
CP142613.1	549222	549270	1
CP142613.1	549270	549309	0
CP142613.1	549309	549384	1
CP142613.1	549384	549411	2
CP142613.1	549411	549502	1
CP142613.1	549502	549609	0
CP142613.1	549609	549628	1
CP142613.1	549628	549675	2
CP142613.1	549675	549699	3
CP142613.1	549699	549722	2
CP142613.1	549722	549729	1
CP142613.1	549729	549732	0
CP142613.1	549732	549771	1
CP142613.1	549771	549779	0
CP142613.1	549779	549852	1
CP142613.1	549852	549909	0
CP142613.1	549909	549913	1
CP142613.1	549913	549981	2
CP142613.1	549981	549982	1
CP142613.1	549982	549983	0
CP142613.1	549983	549984	1
CP142613.1	549984	549985	2
CP142613.1	549985	550025	3
CP142613.1	550025	550056	4
CP142613.1	550056	550058	3
CP142613.1	550058	550088	4
CP142613.1	550088	550089	3
CP142613.1	550089	550112	4
CP142613.1	550112	550186	3
CP142613.1	550186	550188	2
CP142613.1	550188	550217	3
CP142613.1	550217	550304	2
CP142613.1	550304	550404	1
CP142613.1	550404	550451	2
CP142613.1	550451	550452	1
CP142613.1	550452	550455	0
CP142613.1	550455	550619	1
CP142613.1	550619	550636	2
CP142613.1	550636	550642	1
CP142613.1	550642	550678	2
CP142613.1	550678	550724	3
CP142613.1	550724	550725	2
CP142613.1	550725	550731	3
CP142613.1	550731	550803	2
CP142613.1	550803	550804	1
CP142613.1	550804	550871	2
CP142613.1	550871	550884	1
CP142613.1	550884	550886	0
CP142613.1	550886	550973	1
CP142613.1	550973	550974	0
CP142613.1	550974	551016	1
CP142613.1	551016	551019	2
CP142613.1	551019	551032	1
CP142613.1	551032	551077	2
CP142613.1	551077	551078	1
CP142613.1	551078	551090	2
CP142613.1	551090	551091	0
CP142613.1	551091	551129	2
CP142613.1	551129	551130	0
CP142613.1	551130	551131	1
CP142613.1	551131	551186	2
CP142613.1	551186	551217	3
CP142613.1	551217	551218	2
CP142613.1	551218	551252	3
CP142613.1	551252	551253	2
CP142613.1	551253	551272	3
CP142613.1	551272	551345	1
CP142613.1	551345	551392	0
CP142613.1	551392	551471	1
CP142613.1	551471	551937	0
CP142613.1	551937	552071	1
CP142613.1	552071	552105	2
CP142613.1	552105	552106	1
CP142613.1	552106	552132	2
CP142613.1	552132	552151	1
CP142613.1	552151	552202	0
CP142613.1	552202	552287	1
CP142613.1	552287	552290	0
CP142613.1	552290	552323	1
CP142613.1	552323	552324	0
CP142613.1	552324	552382	1
CP142613.1	552382	552404	2
CP142613.1	552404	552405	1
CP142613.1	552405	552472	3
CP142613.1	552472	552475	2
CP142613.1	552475	552508	3
CP142613.1	552508	552514	2
CP142613.1	552514	552605	3
CP142613.1	552605	552607	2
CP142613.1	552607	552610	3
CP142613.1	552610	552614	2
CP142613.1	552614	552646	3
CP142613.1	552646	552703	2
CP142613.1	552703	552709	1
CP142613.1	552709	552755	2
CP142613.1	552755	552778	3
CP142613.1	552778	552814	2
CP142613.1	552814	552864	3
CP142613.1	552864	552866	1
CP142613.1	552866	552867	2
CP142613.1	552867	552913	3
CP142613.1	552913	552916	2
CP142613.1	552916	552941	3
CP142613.1	552941	553025	2
CP142613.1	553025	553045	1
CP142613.1	553045	553046	0
CP142613.1	553046	553116	1
CP142613.1	553116	553134	2
CP142613.1	553134	553155	3
CP142613.1	553155	553161	4
CP142613.1	553161	553177	5
CP142613.1	553177	553199	4
CP142613.1	553199	553200	3
CP142613.1	553200	553205	4
CP142613.1	553205	553214	3
CP142613.1	553214	553267	2
CP142613.1	553267	553302	1
CP142613.1	553302	553316	2
CP142613.1	553316	553491	3
CP142613.1	553491	553514	2
CP142613.1	553514	553515	1
CP142613.1	553515	553529	2
CP142613.1	553529	553564	1
CP142613.1	553564	553583	2
CP142613.1	553583	553618	1
CP142613.1	553618	553636	0
CP142613.1	553636	553663	1
CP142613.1	553663	553752	0
CP142613.1	553752	553797	1
CP142613.1	553797	553798	0
CP142613.1	553798	553827	1
CP142613.1	553827	553834	0
CP142613.1	553834	553846	1
CP142613.1	553846	553866	2
CP142613.1	553866	553873	3
CP142613.1	553873	553876	2
CP142613.1	553876	553878	3
CP142613.1	553878	553884	4
CP142613.1	553884	553925	3
CP142613.1	553925	553926	1
CP142613.1	553926	554044	0
CP142613.1	554044	554067	1
CP142613.1	554067	554074	2
CP142613.1	554074	554158	1
CP142613.1	554158	554166	2
CP142613.1	554166	554199	3
CP142613.1	554199	554202	2
CP142613.1	554202	554212	3
CP142613.1	554212	554297	2
CP142613.1	554297	554333	3
CP142613.1	554333	554470	1
CP142613.1	554470	554478	0
CP142613.1	554478	554577	1
CP142613.1	554577	554581	0
CP142613.1	554581	554588	1
CP142613.1	554588	554590	0
CP142613.1	554590	554634	1
CP142613.1	554634	554678	2
CP142613.1	554678	554685	3
CP142613.1	554685	554687	4
CP142613.1	554687	554697	3
CP142613.1	554697	554806	2
CP142613.1	554806	554807	1
CP142613.1	554807	554872	2
CP142613.1	554872	554899	3
CP142613.1	554899	554915	2
CP142613.1	554915	554917	1
CP142613.1	554917	554939	2
CP142613.1	554939	554956	3
CP142613.1	554956	554957	1
CP142613.1	554957	554958	2
CP142613.1	554958	554973	3
CP142613.1	554973	555018	2
CP142613.1	555018	555163	1
CP142613.1	555163	555269	0
CP142613.1	555269	555299	1
CP142613.1	555299	555335	2
CP142613.1	555335	555372	1
CP142613.1	555372	555384	0
CP142613.1	555384	555424	1
CP142613.1	555424	555426	0
CP142613.1	555426	555450	1
CP142613.1	555450	555500	0
CP142613.1	555500	555537	1
CP142613.1	555537	555538	0
CP142613.1	555538	555622	1
CP142613.1	555622	555655	0
CP142613.1	555655	555725	1
CP142613.1	555725	555734	2
CP142613.1	555734	555942	1
CP142613.1	555942	555944	0
CP142613.1	555944	555958	1
CP142613.1	555958	555960	2
CP142613.1	555960	556035	1
CP142613.1	556035	556106	2
CP142613.1	556106	556261	1
CP142613.1	556261	556346	0
CP142613.1	556346	556466	1
CP142613.1	556466	556675	0
CP142613.1	556675	556764	1
CP142613.1	556764	556840	2
CP142613.1	556840	556876	1
CP142613.1	556876	556891	2
CP142613.1	556891	556892	1
CP142613.1	556892	556947	2
CP142613.1	556947	556974	1
CP142613.1	556974	557004	0
CP142613.1	557004	557069	1
CP142613.1	557069	557198	0
CP142613.1	557198	557229	1
CP142613.1	557229	557247	2
CP142613.1	557247	557338	3
CP142613.1	557338	557342	2
CP142613.1	557342	557373	3
CP142613.1	557373	557387	2
CP142613.1	557387	557471	1
CP142613.1	557471	557638	0
CP142613.1	557638	557710	1
CP142613.1	557710	557721	2
CP142613.1	557721	557729	1
CP142613.1	557729	557812	2
CP142613.1	557812	557813	1
CP142613.1	557813	557824	2
CP142613.1	557824	557865	1
CP142613.1	557865	557875	2
CP142613.1	557875	557963	1
CP142613.1	557963	558008	0
CP142613.1	558008	558037	1
CP142613.1	558037	558040	0
CP142613.1	558040	558055	1
CP142613.1	558055	558080	2
CP142613.1	558080	558081	1
CP142613.1	558081	558082	0
CP142613.1	558082	558084	1
CP142613.1	558084	558147	2
CP142613.1	558147	558159	3
CP142613.1	558159	558167	2
CP142613.1	558167	558169	1
CP142613.1	558169	558171	0
CP142613.1	558171	558174	1
CP142613.1	558174	558205	2
CP142613.1	558205	558207	1
CP142613.1	558207	558234	2
CP142613.1	558234	558272	1
CP142613.1	558272	558302	2
CP142613.1	558302	558420	1
CP142613.1	558420	558546	0
CP142613.1	558546	558589	1
CP142613.1	558589	558647	2
CP142613.1	558647	558676	1
CP142613.1	558676	558736	0
CP142613.1	558736	558795	1
CP142613.1	558795	558830	2
CP142613.1	558830	558932	1
CP142613.1	558932	558933	2
CP142613.1	558933	558934	1
CP142613.1	558934	558950	2
CP142613.1	558950	559103	1
CP142613.1	559103	559167	0
CP142613.1	559167	559195	1
CP142613.1	559195	559234	2
CP142613.1	559234	559261	1
CP142613.1	559261	559753	0
CP142613.1	559753	559820	1
CP142613.1	559820	559869	2
CP142613.1	559869	559895	1
CP142613.1	559895	560041	0
CP142613.1	560041	560046	1
CP142613.1	560046	560075	2
CP142613.1	560075	560077	3
CP142613.1	560077	560096	2
CP142613.1	560096	560120	3
CP142613.1	560120	560153	2
CP142613.1	560153	560177	1
CP142613.1	560177	560192	2
CP142613.1	560192	560250	1
CP142613.1	560250	560272	0
CP142613.1	560272	560298	1
CP142613.1	560298	560299	0
CP142613.1	560299	560329	1
CP142613.1	560329	560333	0
CP142613.1	560333	560359	1
CP142613.1	560359	560435	2
CP142613.1	560435	560441	3
CP142613.1	560441	560444	2
CP142613.1	560444	560457	3
CP142613.1	560457	560460	2
CP142613.1	560460	560508	3
CP142613.1	560508	560518	2
CP142613.1	560518	560519	1
CP142613.1	560519	560656	2
CP142613.1	560656	560740	1
CP142613.1	560740	560935	0
CP142613.1	560935	561135	1
CP142613.1	561135	561163	2
CP142613.1	561163	561198	1
CP142613.1	561198	561281	2
CP142613.1	561281	561292	1
CP142613.1	561292	561361	2
CP142613.1	561361	561362	1
CP142613.1	561362	561376	2
CP142613.1	561376	561390	1
CP142613.1	561390	561420	2
CP142613.1	561420	561516	3
CP142613.1	561516	561521	4
CP142613.1	561521	561540	3
CP142613.1	561540	561542	2
CP142613.1	561542	561562	3
CP142613.1	561562	561610	2
CP142613.1	561610	561642	1
CP142613.1	561642	561762	0
CP142613.1	561762	561867	1
CP142613.1	561867	561912	0
CP142613.1	561912	562087	1
CP142613.1	562087	562088	0
CP142613.1	562088	562119	1
CP142613.1	562119	562388	0
CP142613.1	562388	562405	1
CP142613.1	562405	562428	2
CP142613.1	562428	562429	1
CP142613.1	562429	562459	2
CP142613.1	562459	562460	1
CP142613.1	562460	562475	2
CP142613.1	562475	562477	0
CP142613.1	562477	562495	2
CP142613.1	562495	562561	3
CP142613.1	562561	562562	2
CP142613.1	562562	562563	1
CP142613.1	562563	562593	3
CP142613.1	562593	562618	2
CP142613.1	562618	562663	3
CP142613.1	562663	562666	2
CP142613.1	562666	562675	3
CP142613.1	562675	562676	2
CP142613.1	562676	562734	3
CP142613.1	562734	562906	2
CP142613.1	562906	562943	1
CP142613.1	562943	563015	0
CP142613.1	563015	563046	1
CP142613.1	563046	563047	0
CP142613.1	563047	563150	1
CP142613.1	563150	563189	0
CP142613.1	563189	563251	1
CP142613.1	563251	563285	2
CP142613.1	563285	563289	3
CP142613.1	563289	563290	2
CP142613.1	563290	563319	3
CP142613.1	563319	563339	2
CP142613.1	563339	563341	3
CP142613.1	563341	563381	2
CP142613.1	563381	563395	3
CP142613.1	563395	563400	2
CP142613.1	563400	563412	1
CP142613.1	563412	563413	0
CP142613.1	563413	563569	1
CP142613.1	563569	563751	0
CP142613.1	563751	563798	1
CP142613.1	563798	563804	0
CP142613.1	563804	563811	1
CP142613.1	563811	563863	2
CP142613.1	563863	563865	1
CP142613.1	563865	563867	2
CP142613.1	563867	563893	3
CP142613.1	563893	563894	2
CP142613.1	563894	563925	3
CP142613.1	563925	563941	1
CP142613.1	563941	563945	0
CP142613.1	563945	563961	1
CP142613.1	563961	563962	0
CP142613.1	563962	563971	1
CP142613.1	563971	563979	0
CP142613.1	563979	563989	1
CP142613.1	563989	564010	2
CP142613.1	564010	564011	1
CP142613.1	564011	564020	2
CP142613.1	564020	564021	1
CP142613.1	564021	564040	2
CP142613.1	564040	564084	3
CP142613.1	564084	564085	2
CP142613.1	564085	564098	3
CP142613.1	564098	564099	2
CP142613.1	564099	564101	3
CP142613.1	564101	564104	4
CP142613.1	564104	564105	3
CP142613.1	564105	564139	5
CP142613.1	564139	564142	6
CP142613.1	564142	564169	5
CP142613.1	564169	564242	4
CP142613.1	564242	564283	3
CP142613.1	564283	564295	2
CP142613.1	564295	564331	3
CP142613.1	564331	564338	2
CP142613.1	564338	564341	3
CP142613.1	564341	564377	2
CP142613.1	564377	564384	1
CP142613.1	564384	564886	0
CP142613.1	564886	565009	1
CP142613.1	565009	565013	0
CP142613.1	565013	565017	1
CP142613.1	565017	565027	2
CP142613.1	565027	565076	3
CP142613.1	565076	565078	2
CP142613.1	565078	565079	1
CP142613.1	565079	565080	2
CP142613.1	565080	565090	3
CP142613.1	565090	565092	2
CP142613.1	565092	565094	0
CP142613.1	565094	565095	2
CP142613.1	565095	565097	3
CP142613.1	565097	565099	4
CP142613.1	565099	565111	5
CP142613.1	565111	565112	4
CP142613.1	565112	565113	3
CP142613.1	565113	565125	4
CP142613.1	565125	565147	3
CP142613.1	565147	565148	0
CP142613.1	565148	565159	3
CP142613.1	565159	565203	4
CP142613.1	565203	565213	3
CP142613.1	565213	565222	2
CP142613.1	565222	565251	3
CP142613.1	565251	565268	2
CP142613.1	565268	565269	1
CP142613.1	565269	565292	2
CP142613.1	565292	565296	3
CP142613.1	565296	565313	4
CP142613.1	565313	565338	3
CP142613.1	565338	565339	1
CP142613.1	565339	565340	0
CP142613.1	565340	565393	3
CP142613.1	565393	565401	2
CP142613.1	565401	565405	3
CP142613.1	565405	565446	2
CP142613.1	565446	565457	1
CP142613.1	565457	565458	0
CP142613.1	565458	565544	1
CP142613.1	565544	565582	2
CP142613.1	565582	565739	1
CP142613.1	565739	565818	2
CP142613.1	565818	565903	3
CP142613.1	565903	565904	2
CP142613.1	565904	565915	3
CP142613.1	565915	565922	2
CP142613.1	565922	565923	1
CP142613.1	565923	565949	2
CP142613.1	565949	566017	1
CP142613.1	566017	566309	0
CP142613.1	566309	566364	1
CP142613.1	566364	566533	0
CP142613.1	566533	566549	1
CP142613.1	566549	566552	0
CP142613.1	566552	566595	1
CP142613.1	566595	566604	0
CP142613.1	566604	566634	1
CP142613.1	566634	566867	0
CP142613.1	566867	566975	1
CP142613.1	566975	567003	2
CP142613.1	567003	567038	3
CP142613.1	567038	567039	1
CP142613.1	567039	567060	3
CP142613.1	567060	567063	2
CP142613.1	567063	567084	3
CP142613.1	567084	567097	2
CP142613.1	567097	567141	3
CP142613.1	567141	567150	4
CP142613.1	567150	567153	3
CP142613.1	567153	567154	2
CP142613.1	567154	567188	3
CP142613.1	567188	567210	2
CP142613.1	567210	567280	1
CP142613.1	567280	567281	0
CP142613.1	567281	567360	1
CP142613.1	567360	567374	0
CP142613.1	567374	567394	1
CP142613.1	567394	567398	0
CP142613.1	567398	567403	1
CP142613.1	567403	567408	0
CP142613.1	567408	567439	1
CP142613.1	567439	567478	2
CP142613.1	567478	567488	1
CP142613.1	567488	567510	2
CP142613.1	567510	567515	1
CP142613.1	567515	567516	2
CP142613.1	567516	567517	1
CP142613.1	567517	567583	2
CP142613.1	567583	567643	1
CP142613.1	567643	567646	0
CP142613.1	567646	567742	1
CP142613.1	567742	567983	0
CP142613.1	567983	568029	1
CP142613.1	568029	568081	2
CP142613.1	568081	568094	3
CP142613.1	568094	568099	2
CP142613.1	568099	568102	3
CP142613.1	568102	568121	2
CP142613.1	568121	568164	3
CP142613.1	568164	568165	2
CP142613.1	568165	568171	0
CP142613.1	568171	568172	1
CP142613.1	568172	568210	2
CP142613.1	568210	568224	1
CP142613.1	568224	568260	2
CP142613.1	568260	568264	1
CP142613.1	568264	568273	2
CP142613.1	568273	568274	3
CP142613.1	568274	568335	4
CP142613.1	568335	568371	3
CP142613.1	568371	568381	2
CP142613.1	568381	568400	3
CP142613.1	568400	568403	4
CP142613.1	568403	568432	3
CP142613.1	568432	568514	4
CP142613.1	568514	568560	5
CP142613.1	568560	568571	4
CP142613.1	568571	568628	3
CP142613.1	568628	568634	4
CP142613.1	568634	568666	3
CP142613.1	568666	568671	2
CP142613.1	568671	568685	1
CP142613.1	568685	568686	2
CP142613.1	568686	568700	1
CP142613.1	568700	568739	2
CP142613.1	568739	568760	1
CP142613.1	568760	568854	2
CP142613.1	568854	568858	3
CP142613.1	568858	568876	2
CP142613.1	568876	568904	3
CP142613.1	568904	568905	2
CP142613.1	568905	568940	3
CP142613.1	568940	568942	2
CP142613.1	568942	568943	3
CP142613.1	568943	568980	4
CP142613.1	568980	568987	3
CP142613.1	568987	568992	2
CP142613.1	568992	569022	1
CP142613.1	569022	569144	0
CP142613.1	569144	569151	1
CP142613.1	569151	569181	2
CP142613.1	569181	569226	1
CP142613.1	569226	569281	0
CP142613.1	569281	569401	1
CP142613.1	569401	569596	0
CP142613.1	569596	569606	1
CP142613.1	569606	569621	2
CP142613.1	569621	569622	0
CP142613.1	569622	569628	1
CP142613.1	569628	569633	2
CP142613.1	569633	569639	1
CP142613.1	569639	569666	2
CP142613.1	569666	569786	1
CP142613.1	569786	570089	0
CP142613.1	570089	570091	1
CP142613.1	570091	570168	2
CP142613.1	570168	570210	1
CP142613.1	570210	570299	0
CP142613.1	570299	570401	1
CP142613.1	570401	570440	2
CP142613.1	570440	570471	1
CP142613.1	570471	570498	2
CP142613.1	570498	570526	1
CP142613.1	570526	570543	0
CP142613.1	570543	570651	1
CP142613.1	570651	570675	2
CP142613.1	570675	570676	1
CP142613.1	570676	570720	2
CP142613.1	570720	570798	3
CP142613.1	570798	570842	2
CP142613.1	570842	570844	1
CP142613.1	570844	570914	2
CP142613.1	570914	571012	1
CP142613.1	571012	571015	0
CP142613.1	571015	571084	1
CP142613.1	571084	571236	2
CP142613.1	571236	571252	3
CP142613.1	571252	571253	2
CP142613.1	571253	571261	3
CP142613.1	571261	571266	2
CP142613.1	571266	571299	1
CP142613.1	571299	571407	0
CP142613.1	571407	571450	1
CP142613.1	571450	571453	0
CP142613.1	571453	571507	1
CP142613.1	571507	571546	2
CP142613.1	571546	571553	1
CP142613.1	571553	571556	2
CP142613.1	571556	571563	3
CP142613.1	571563	571613	2
CP142613.1	571613	571645	1
CP142613.1	571645	571648	0
CP142613.1	571648	571714	1
CP142613.1	571714	571715	0
CP142613.1	571715	571736	1
CP142613.1	571736	571779	2
CP142613.1	571779	571780	1
CP142613.1	571780	571813	2
CP142613.1	571813	571815	3
CP142613.1	571815	571849	2
CP142613.1	571849	571853	1
CP142613.1	571853	571923	2
CP142613.1	571923	571980	1
CP142613.1	571980	572048	2
CP142613.1	572048	572064	3
CP142613.1	572064	572070	4
CP142613.1	572070	572094	3
CP142613.1	572094	572107	1
CP142613.1	572107	572230	0
CP142613.1	572230	572236	4
CP142613.1	572236	572262	5
CP142613.1	572262	572263	3
CP142613.1	572263	572293	6
CP142613.1	572293	572304	5
CP142613.1	572304	572305	4
CP142613.1	572305	572331	5
CP142613.1	572331	572336	4
CP142613.1	572336	572393	3
CP142613.1	572393	572427	2
CP142613.1	572427	572428	0
CP142613.1	572428	572561	1
CP142613.1	572561	572831	0
CP142613.1	572831	572863	1
CP142613.1	572863	572864	0
CP142613.1	572864	572953	1
CP142613.1	572953	572961	2
CP142613.1	572961	573005	1
CP142613.1	573005	573131	0
CP142613.1	573131	573193	1
CP142613.1	573193	573194	0
CP142613.1	573194	573197	1
CP142613.1	573197	573198	0
CP142613.1	573198	573310	1
CP142613.1	573310	573317	0
CP142613.1	573317	573359	1
CP142613.1	573359	573381	2
CP142613.1	573381	573447	3
CP142613.1	573447	573465	4
CP142613.1	573465	573496	3
CP142613.1	573496	573505	2
CP142613.1	573505	573507	3
CP142613.1	573507	573508	2
CP142613.1	573508	573515	3
CP142613.1	573515	573516	2
CP142613.1	573516	573553	3
CP142613.1	573553	573574	2
CP142613.1	573574	573577	1
CP142613.1	573577	573584	2
CP142613.1	573584	573587	1
CP142613.1	573587	573593	0
CP142613.1	573593	573608	1
CP142613.1	573608	573609	0
CP142613.1	573609	573673	1
CP142613.1	573673	573734	2
CP142613.1	573734	573735	1
CP142613.1	573735	573761	2
CP142613.1	573761	573764	1
CP142613.1	573764	573769	2
CP142613.1	573769	573920	1
CP142613.1	573920	573921	0
CP142613.1	573921	573947	1
CP142613.1	573947	574000	2
CP142613.1	574000	574005	1
CP142613.1	574005	574035	2
CP142613.1	574035	574058	1
CP142613.1	574058	574091	2
CP142613.1	574091	574149	1
CP142613.1	574149	574184	2
CP142613.1	574184	574298	1
CP142613.1	574298	574299	0
CP142613.1	574299	574348	1
CP142613.1	574348	574349	0
CP142613.1	574349	574412	1
CP142613.1	574412	574415	0
CP142613.1	574415	574425	1
CP142613.1	574425	574450	2
CP142613.1	574450	574462	3
CP142613.1	574462	574501	2
CP142613.1	574501	574519	1
CP142613.1	574519	574529	2
CP142613.1	574529	574544	3
CP142613.1	574544	574545	2
CP142613.1	574545	574562	3
CP142613.1	574562	574587	4
CP142613.1	574587	574588	3
CP142613.1	574588	574589	2
CP142613.1	574589	574621	3
CP142613.1	574621	574632	2
CP142613.1	574632	574734	1
CP142613.1	574734	574782	0
CP142613.1	574782	574796	1
CP142613.1	574796	574811	2
CP142613.1	574811	574812	1
CP142613.1	574812	574873	2
CP142613.1	574873	574875	1
CP142613.1	574875	574876	0
CP142613.1	574876	574879	1
CP142613.1	574879	575036	2
CP142613.1	575036	575046	1
CP142613.1	575046	575075	2
CP142613.1	575075	575176	3
CP142613.1	575176	575177	2
CP142613.1	575177	575195	3
CP142613.1	575195	575217	2
CP142613.1	575217	575290	1
CP142613.1	575290	575392	0
CP142613.1	575392	575436	1
CP142613.1	575436	575437	0
CP142613.1	575437	575473	1
CP142613.1	575473	575659	0
CP142613.1	575659	575761	1
CP142613.1	575761	575778	2
CP142613.1	575778	575788	3
CP142613.1	575788	575848	2
CP142613.1	575848	575858	1
CP142613.1	575858	575963	2
CP142613.1	575963	576062	1
CP142613.1	576062	576072	0
CP142613.1	576072	576165	1
CP142613.1	576165	576360	0
CP142613.1	576360	576451	1
CP142613.1	576451	576454	0
CP142613.1	576454	576467	1
CP142613.1	576467	576494	2
CP142613.1	576494	576500	1
CP142613.1	576500	576562	2
CP142613.1	576562	576569	1
CP142613.1	576569	576573	0
CP142613.1	576573	576610	1
CP142613.1	576610	576633	0
CP142613.1	576633	576676	1
CP142613.1	576676	576680	0
CP142613.1	576680	576683	1
CP142613.1	576683	576708	2
CP142613.1	576708	576734	1
CP142613.1	576734	576744	0
CP142613.1	576744	576820	1
CP142613.1	576820	576927	0
CP142613.1	576927	576940	1
CP142613.1	576940	576957	2
CP142613.1	576957	576960	1
CP142613.1	576960	576965	2
CP142613.1	576965	577018	1
CP142613.1	577018	577038	2
CP142613.1	577038	577041	1
CP142613.1	577041	577048	2
CP142613.1	577048	577050	1
CP142613.1	577050	577073	2
CP142613.1	577073	577098	1
CP142613.1	577098	577243	0
CP142613.1	577243	577267	1
CP142613.1	577267	577362	2
CP142613.1	577362	577375	1
CP142613.1	577375	577393	2
CP142613.1	577393	577394	1
CP142613.1	577394	577414	2
CP142613.1	577414	577416	0
CP142613.1	577416	577434	2
CP142613.1	577434	577436	0
CP142613.1	577436	577560	2
CP142613.1	577560	577570	1
CP142613.1	577570	577571	0
CP142613.1	577571	577597	1
CP142613.1	577597	577655	2
CP142613.1	577655	577720	1
CP142613.1	577720	577802	2
CP142613.1	577802	577819	3
CP142613.1	577819	577820	2
CP142613.1	577820	577838	3
CP142613.1	577838	577847	4
CP142613.1	577847	577893	3
CP142613.1	577893	577902	4
CP142613.1	577902	577904	3
CP142613.1	577904	577943	4
CP142613.1	577943	578014	3
CP142613.1	578014	578015	2
CP142613.1	578015	578049	3
CP142613.1	578049	578054	2
CP142613.1	578054	578064	3
CP142613.1	578064	578067	2
CP142613.1	578067	578091	3
CP142613.1	578091	578140	2
CP142613.1	578140	578165	1
CP142613.1	578165	578267	2
CP142613.1	578267	578324	1
CP142613.1	578324	578336	2
CP142613.1	578336	578355	3
CP142613.1	578355	578356	2
CP142613.1	578356	578396	3
CP142613.1	578396	578421	2
CP142613.1	578421	578422	1
CP142613.1	578422	578424	2
CP142613.1	578424	578425	1
CP142613.1	578425	578454	2
CP142613.1	578454	578472	1
CP142613.1	578472	578809	0
CP142613.1	578809	578871	1
CP142613.1	578871	579025	2
CP142613.1	579025	579040	3
CP142613.1	579040	579042	2
CP142613.1	579042	579125	1
CP142613.1	579125	579126	0
CP142613.1	579126	579179	1
CP142613.1	579179	579199	2
CP142613.1	579199	579200	1
CP142613.1	579200	579215	2
CP142613.1	579215	579227	1
CP142613.1	579227	579272	2
CP142613.1	579272	579329	1
CP142613.1	579329	579396	0
CP142613.1	579396	579494	1
CP142613.1	579494	579578	0
CP142613.1	579578	579643	1
CP142613.1	579643	579664	2
CP142613.1	579664	579702	1
CP142613.1	579702	579754	0
CP142613.1	579754	579853	1
CP142613.1	579853	579911	2
CP142613.1	579911	579912	0
CP142613.1	579912	579936	2
CP142613.1	579936	579942	3
CP142613.1	579942	579962	2
CP142613.1	579962	579978	3
CP142613.1	579978	579979	1
CP142613.1	579979	579999	3
CP142613.1	579999	580023	4
CP142613.1	580023	580024	2
CP142613.1	580024	580031	4
CP142613.1	580031	580034	3
CP142613.1	580034	580047	4
CP142613.1	580047	580048	3
CP142613.1	580048	580061	4
CP142613.1	580061	580098	3
CP142613.1	580098	580103	2
CP142613.1	580103	580125	3
CP142613.1	580125	580128	2
CP142613.1	580128	580195	3
CP142613.1	580195	580212	2
CP142613.1	580212	580311	1
CP142613.1	580311	580382	2
CP142613.1	580382	580435	1
CP142613.1	580435	580481	2
CP142613.1	580481	580485	1
CP142613.1	580485	580496	2
CP142613.1	580496	580553	1
CP142613.1	580553	580555	0
CP142613.1	580555	580747	1
CP142613.1	580747	580833	0
CP142613.1	580833	580848	1
CP142613.1	580848	580940	2
CP142613.1	580940	581007	1
CP142613.1	581007	581051	2
CP142613.1	581051	581148	1
CP142613.1	581148	581213	2
CP142613.1	581213	581215	1
CP142613.1	581215	581231	0
CP142613.1	581231	581283	1
CP142613.1	581283	581298	2
CP142613.1	581298	581331	3
CP142613.1	581331	581370	4
CP142613.1	581370	581371	3
CP142613.1	581371	581439	4
CP142613.1	581439	581440	2
CP142613.1	581440	581444	3
CP142613.1	581444	581453	2
CP142613.1	581453	581480	3
CP142613.1	581480	581487	2
CP142613.1	581487	581497	1
CP142613.1	581497	581502	0
CP142613.1	581502	581503	1
CP142613.1	581503	581551	2
CP142613.1	581551	581589	1
CP142613.1	581589	581594	2
CP142613.1	581594	581622	3
CP142613.1	581622	581632	2
CP142613.1	581632	581670	3
CP142613.1	581670	581684	2
CP142613.1	581684	581862	1
CP142613.1	581862	581944	2
CP142613.1	581944	582003	3
CP142613.1	582003	582006	2
CP142613.1	582006	582037	3
CP142613.1	582037	582046	2
CP142613.1	582046	582049	1
CP142613.1	582049	582075	2
CP142613.1	582075	582122	1
CP142613.1	582122	582221	0
CP142613.1	582221	582249	1
CP142613.1	582249	582273	2
CP142613.1	582273	582286	3
CP142613.1	582286	582297	2
CP142613.1	582297	582301	0
CP142613.1	582301	582322	1
CP142613.1	582322	582323	0
CP142613.1	582323	582407	1
CP142613.1	582407	582477	2
CP142613.1	582477	582478	1
CP142613.1	582478	582583	2
CP142613.1	582583	582584	1
CP142613.1	582584	582605	2
CP142613.1	582605	582664	1
CP142613.1	582664	582708	0
CP142613.1	582708	582739	1
CP142613.1	582739	582777	2
CP142613.1	582777	582782	1
CP142613.1	582782	582798	2
CP142613.1	582798	582813	3
CP142613.1	582813	582831	4
CP142613.1	582831	582834	3
CP142613.1	582834	582900	4
CP142613.1	582900	582901	2
CP142613.1	582901	582940	4
CP142613.1	582940	582945	3
CP142613.1	582945	582960	2
CP142613.1	582960	582961	1
CP142613.1	582961	582967	2
CP142613.1	582967	582994	3
CP142613.1	582994	583004	2
CP142613.1	583004	583047	3
CP142613.1	583047	583061	2
CP142613.1	583061	583080	3
CP142613.1	583080	583100	2
CP142613.1	583100	583245	1
CP142613.1	583245	583247	0
CP142613.1	583247	583292	1
CP142613.1	583292	583414	0
CP142613.1	583414	583555	1
CP142613.1	583555	583614	2
CP142613.1	583614	583615	1
CP142613.1	583615	583700	2
CP142613.1	583700	583882	1
CP142613.1	583882	583981	0
CP142613.1	583981	584075	1
CP142613.1	584075	584097	2
CP142613.1	584097	584099	1
CP142613.1	584099	584162	2
CP142613.1	584162	584176	1
CP142613.1	584176	584207	2
CP142613.1	584207	584218	3
CP142613.1	584218	584219	2
CP142613.1	584219	584220	3
CP142613.1	584220	584234	2
CP142613.1	584234	584519	1
CP142613.1	584519	584520	0
CP142613.1	584520	584528	1
CP142613.1	584528	584530	0
CP142613.1	584530	584642	1
CP142613.1	584642	584719	0
CP142613.1	584719	584736	1
CP142613.1	584736	584737	0
CP142613.1	584737	584879	1
CP142613.1	584879	585216	0
CP142613.1	585216	585275	1
CP142613.1	585275	585277	0
CP142613.1	585277	585308	1
CP142613.1	585308	585650	0
CP142613.1	585650	585655	1
CP142613.1	585655	585737	2
CP142613.1	585737	585738	1
CP142613.1	585738	585843	2
CP142613.1	585843	585848	1
CP142613.1	585848	585867	2
CP142613.1	585867	585877	3
CP142613.1	585877	585952	2
CP142613.1	585952	586041	1
CP142613.1	586041	586078	2
CP142613.1	586078	586123	1
CP142613.1	586123	586129	2
CP142613.1	586129	586221	1
CP142613.1	586221	586224	2
CP142613.1	586224	586275	3
CP142613.1	586275	586289	2
CP142613.1	586289	586367	1
CP142613.1	586367	586558	2
CP142613.1	586558	586652	1
CP142613.1	586652	586661	2
CP142613.1	586661	586694	1
CP142613.1	586694	586755	2
CP142613.1	586755	586787	1
CP142613.1	586787	586894	0
CP142613.1	586894	586948	1
CP142613.1	586948	587012	2
CP142613.1	587012	587105	1
CP142613.1	587105	587122	0
CP142613.1	587122	587323	1
CP142613.1	587323	587400	0
CP142613.1	587400	587461	1
CP142613.1	587461	587490	2
CP142613.1	587490	587532	3
CP142613.1	587532	587536	2
CP142613.1	587536	587539	1
CP142613.1	587539	587566	2
CP142613.1	587566	587594	3
CP142613.1	587594	587595	2
CP142613.1	587595	587604	3
CP142613.1	587604	587680	2
CP142613.1	587680	587682	1
CP142613.1	587682	587744	2
CP142613.1	587744	587760	1
CP142613.1	587760	587794	0
CP142613.1	587794	587902	1
CP142613.1	587902	588051	2
CP142613.1	588051	588300	1
CP142613.1	588300	588324	0
CP142613.1	588324	588502	1
CP142613.1	588502	588595	2
CP142613.1	588595	588624	3
CP142613.1	588624	588703	2
CP142613.1	588703	588723	1
CP142613.1	588723	588761	2
CP142613.1	588761	588828	3
CP142613.1	588828	588829	4
CP142613.1	588829	588860	3
CP142613.1	588860	588862	2
CP142613.1	588862	588889	3
CP142613.1	588889	588945	2
CP142613.1	588945	588948	0
CP142613.1	588948	589021	1
CP142613.1	589021	589125	2
CP142613.1	589125	589126	1
CP142613.1	589126	589140	2
CP142613.1	589140	589190	1
CP142613.1	589190	589218	2
CP142613.1	589218	589240	3
CP142613.1	589240	589278	4
CP142613.1	589278	589280	3
CP142613.1	589280	589289	4
CP142613.1	589289	589291	3
CP142613.1	589291	589320	4
CP142613.1	589320	589327	3
CP142613.1	589327	589339	2
CP142613.1	589339	589345	1
CP142613.1	589345	589466	2
CP142613.1	589466	589480	1
CP142613.1	589480	589492	2
CP142613.1	589492	589500	1
CP142613.1	589500	589503	0
CP142613.1	589503	589619	1
CP142613.1	589619	589620	0
CP142613.1	589620	589685	1
CP142613.1	589685	589976	0
CP142613.1	589976	589985	1
CP142613.1	589985	589986	0
CP142613.1	589986	589990	1
CP142613.1	589990	589998	2
CP142613.1	589998	589999	1
CP142613.1	589999	590017	2
CP142613.1	590017	590018	1
CP142613.1	590018	590040	2
CP142613.1	590040	590049	1
CP142613.1	590049	590276	0
CP142613.1	590276	590367	1
CP142613.1	590367	590650	0
CP142613.1	590650	590737	1
CP142613.1	590737	590863	2
CP142613.1	590863	590881	1
CP142613.1	590881	590905	2
CP142613.1	590905	590926	3
CP142613.1	590926	590939	0
CP142613.1	590939	590955	3
CP142613.1	590955	591007	4
CP142613.1	591007	591017	3
CP142613.1	591017	591018	2
CP142613.1	591018	591020	1
CP142613.1	591020	591127	2
CP142613.1	591127	591185	1
CP142613.1	591185	591285	0
CP142613.1	591285	591449	1
CP142613.1	591449	591504	0
CP142613.1	591504	591539	1
CP142613.1	591539	591541	0
CP142613.1	591541	591587	1
CP142613.1	591587	591598	2
CP142613.1	591598	591628	1
CP142613.1	591628	591678	2
CP142613.1	591678	591760	1
CP142613.1	591760	591830	0
CP142613.1	591830	591885	1
CP142613.1	591885	592022	2
CP142613.1	592022	592024	1
CP142613.1	592024	592026	2
CP142613.1	592026	592067	1
CP142613.1	592067	592068	0
CP142613.1	592068	592112	1
CP142613.1	592112	592239	0
CP142613.1	592239	592309	1
CP142613.1	592309	592366	2
CP142613.1	592366	592374	1
CP142613.1	592374	592479	2
CP142613.1	592479	592546	3
CP142613.1	592546	592547	2
CP142613.1	592547	592550	1
CP142613.1	592550	592612	2
CP142613.1	592612	592626	1
CP142613.1	592626	592638	2
CP142613.1	592638	592726	1
CP142613.1	592726	592829	2
CP142613.1	592829	592833	1
CP142613.1	592833	592921	2
CP142613.1	592921	593054	1
CP142613.1	593054	593264	0
CP142613.1	593264	593340	1
CP142613.1	593340	593342	0
CP142613.1	593342	593375	1
CP142613.1	593375	593376	0
CP142613.1	593376	593419	1
CP142613.1	593419	593423	0
CP142613.1	593423	593431	1
CP142613.1	593431	593503	2
CP142613.1	593503	593504	1
CP142613.1	593504	593523	2
CP142613.1	593523	593637	3
CP142613.1	593637	593691	2
CP142613.1	593691	593697	1
CP142613.1	593697	593757	0
CP142613.1	593757	593833	1
CP142613.1	593833	593914	0
CP142613.1	593914	593932	1
CP142613.1	593932	593988	2
CP142613.1	593988	594061	1
CP142613.1	594061	594062	0
CP142613.1	594062	594068	1
CP142613.1	594068	594084	2
CP142613.1	594084	594186	1
CP142613.1	594186	594208	2
CP142613.1	594208	594228	1
CP142613.1	594228	594254	0
CP142613.1	594254	594361	1
CP142613.1	594361	594383	2
CP142613.1	594383	594411	3
CP142613.1	594411	594463	2
CP142613.1	594463	594500	1
CP142613.1	594500	594542	2
CP142613.1	594542	594543	3
CP142613.1	594543	594559	4
CP142613.1	594559	594560	3
CP142613.1	594560	594562	4
CP142613.1	594562	594563	2
CP142613.1	594563	594605	4
CP142613.1	594605	594618	3
CP142613.1	594618	594626	2
CP142613.1	594626	594692	1
CP142613.1	594692	594862	0
CP142613.1	594862	594903	1
CP142613.1	594903	595050	2
CP142613.1	595050	595079	1
CP142613.1	595079	595115	0
CP142613.1	595115	595206	1
CP142613.1	595206	595211	2
CP142613.1	595211	595262	1
CP142613.1	595262	595263	0
CP142613.1	595263	595271	1
CP142613.1	595271	595354	2
CP142613.1	595354	595380	3
CP142613.1	595380	595381	0
CP142613.1	595381	595385	3
CP142613.1	595385	595386	1
CP142613.1	595386	595387	2
CP142613.1	595387	595395	3
CP142613.1	595395	595399	2
CP142613.1	595399	595400	1
CP142613.1	595400	595489	3
CP142613.1	595489	595499	2
CP142613.1	595499	595507	3
CP142613.1	595507	595510	2
CP142613.1	595510	595544	3
CP142613.1	595544	595557	2
CP142613.1	595557	595651	1
CP142613.1	595651	595846	0
CP142613.1	595846	595953	1
CP142613.1	595953	595964	0
CP142613.1	595964	595998	1
CP142613.1	595998	597000	0
CP142613.1	597000	597076	1
CP142613.1	597076	597115	0
CP142613.1	597115	597256	1
CP142613.1	597256	597522	0
CP142613.1	597522	597605	1
CP142613.1	597605	597679	0
CP142613.1	597679	597732	1
CP142613.1	597732	597734	0
CP142613.1	597734	597806	1
CP142613.1	597806	597809	2
CP142613.1	597809	597848	3
CP142613.1	597848	597886	2
CP142613.1	597886	597898	1
CP142613.1	597898	597944	2
CP142613.1	597944	598003	3
CP142613.1	598003	598044	2
CP142613.1	598044	598046	1
CP142613.1	598046	598358	0
CP142613.1	598358	598660	1
CP142613.1	598660	598718	2
CP142613.1	598718	598885	1
CP142613.1	598885	599124	0
CP142613.1	599124	599191	1
CP142613.1	599191	599203	0
CP142613.1	599203	599245	1
CP142613.1	599245	599284	2
CP142613.1	599284	599286	1
CP142613.1	599286	599336	2
CP142613.1	599336	599352	3
CP142613.1	599352	599415	2
CP142613.1	599415	599437	1
CP142613.1	599437	599479	2
CP142613.1	599479	599506	1
CP142613.1	599506	599597	2
CP142613.1	599597	599684	1
CP142613.1	599684	599690	2
CP142613.1	599690	599692	1
CP142613.1	599692	599693	0
CP142613.1	599693	599957	1
CP142613.1	599957	599958	0
CP142613.1	599958	600022	1
CP142613.1	600022	600023	0
CP142613.1	600023	600047	1
CP142613.1	600047	600089	0
CP142613.1	600089	600193	1
CP142613.1	600193	600269	0
CP142613.1	600269	600428	1
CP142613.1	600428	600452	2
CP142613.1	600452	600484	1
CP142613.1	600484	600503	2
CP142613.1	600503	600601	1
CP142613.1	600601	600969	0
CP142613.1	600969	601036	1
CP142613.1	601036	601039	2
CP142613.1	601039	601098	1
CP142613.1	601098	601100	2
CP142613.1	601100	601263	1
CP142613.1	601263	601271	2
CP142613.1	601271	601295	3
CP142613.1	601295	601296	2
CP142613.1	601296	601301	3
CP142613.1	601301	601350	2
CP142613.1	601350	601351	1
CP142613.1	601351	601367	2
CP142613.1	601367	601372	1
CP142613.1	601372	601382	2
CP142613.1	601382	601383	1
CP142613.1	601383	601445	2
CP142613.1	601445	601490	1
CP142613.1	601490	601504	2
CP142613.1	601504	601557	3
CP142613.1	601557	601572	2
CP142613.1	601572	601647	1
CP142613.1	601647	601800	0
CP142613.1	601800	601921	1
CP142613.1	601921	601922	0
CP142613.1	601922	601965	1
CP142613.1	601965	602082	0
CP142613.1	602082	602170	1
CP142613.1	602170	602197	2
CP142613.1	602197	602230	1
CP142613.1	602230	602314	0
CP142613.1	602314	602383	1
CP142613.1	602383	602442	2
CP142613.1	602442	602597	1
CP142613.1	602597	602663	2
CP142613.1	602663	602683	3
CP142613.1	602683	602716	4
CP142613.1	602716	602717	3
CP142613.1	602717	602720	2
CP142613.1	602720	602764	3
CP142613.1	602764	602789	2
CP142613.1	602789	602790	1
CP142613.1	602790	602830	2
CP142613.1	602830	602831	3
CP142613.1	602831	602889	2
CP142613.1	602889	602891	1
CP142613.1	602891	602900	2
CP142613.1	602900	602929	3
CP142613.1	602929	602980	2
CP142613.1	602980	603021	1
CP142613.1	603021	603361	0
CP142613.1	603361	603375	1
CP142613.1	603375	603391	2
CP142613.1	603391	603409	3
CP142613.1	603409	603437	2
CP142613.1	603437	603441	3
CP142613.1	603441	603443	2
CP142613.1	603443	603511	3
CP142613.1	603511	603514	2
CP142613.1	603514	603529	3
CP142613.1	603529	603640	2
CP142613.1	603640	603657	1
CP142613.1	603657	603675	0
CP142613.1	603675	603788	1
CP142613.1	603788	603832	2
CP142613.1	603832	603856	3
CP142613.1	603856	603859	2
CP142613.1	603859	603869	1
CP142613.1	603869	604004	2
CP142613.1	604004	604027	1
CP142613.1	604027	604118	2
CP142613.1	604118	604144	3
CP142613.1	604144	604159	2
CP142613.1	604159	604190	1
CP142613.1	604190	604200	2
CP142613.1	604200	604215	1
CP142613.1	604215	604217	0
CP142613.1	604217	604372	1
CP142613.1	604372	604376	2
CP142613.1	604376	604406	3
CP142613.1	604406	604407	2
CP142613.1	604407	604409	3
CP142613.1	604409	604443	4
CP142613.1	604443	604444	3
CP142613.1	604444	604475	4
CP142613.1	604475	604476	3
CP142613.1	604476	604483	2
CP142613.1	604483	604544	1
CP142613.1	604544	604875	0
CP142613.1	604875	604972	1
CP142613.1	604972	604986	0
CP142613.1	604986	605058	1
CP142613.1	605058	605067	2
CP142613.1	605067	605091	1
CP142613.1	605091	605092	0
CP142613.1	605092	605151	1
CP142613.1	605151	605169	0
CP142613.1	605169	605240	1
CP142613.1	605240	605309	2
CP142613.1	605309	605320	3
CP142613.1	605320	605321	2
CP142613.1	605321	605405	3
CP142613.1	605405	605407	2
CP142613.1	605407	605465	3
CP142613.1	605465	605495	2
CP142613.1	605495	605544	1
CP142613.1	605544	605566	2
CP142613.1	605566	605604	1
CP142613.1	605604	605614	2
CP142613.1	605614	605647	1
CP142613.1	605647	605648	0
CP142613.1	605648	605656	1
CP142613.1	605656	605741	2
CP142613.1	605741	605744	1
CP142613.1	605744	605758	2
CP142613.1	605758	605946	1
CP142613.1	605946	606031	0
CP142613.1	606031	606047	1
CP142613.1	606047	606106	2
CP142613.1	606106	606150	1
CP142613.1	606150	606163	0
CP142613.1	606163	606177	1
CP142613.1	606177	606254	2
CP142613.1	606254	606337	1
CP142613.1	606337	606342	2
CP142613.1	606342	606343	1
CP142613.1	606343	606345	2
CP142613.1	606345	606359	3
CP142613.1	606359	606377	4
CP142613.1	606377	606391	3
CP142613.1	606391	606417	2
CP142613.1	606417	606489	1
CP142613.1	606489	606505	2
CP142613.1	606505	606506	1
CP142613.1	606506	606561	2
CP142613.1	606561	606569	1
CP142613.1	606569	606730	0
CP142613.1	606730	606738	1
CP142613.1	606738	606765	2
CP142613.1	606765	606807	3
CP142613.1	606807	606809	4
CP142613.1	606809	606819	3
CP142613.1	606819	606886	2
CP142613.1	606886	606890	0
CP142613.1	606890	606930	2
CP142613.1	606930	606933	1
CP142613.1	606933	606948	2
CP142613.1	606948	606950	1
CP142613.1	606950	606954	0
CP142613.1	606954	606956	1
CP142613.1	606956	607029	2
CP142613.1	607029	607067	1
CP142613.1	607067	607135	2
CP142613.1	607135	607146	3
CP142613.1	607146	607152	2
CP142613.1	607152	607221	1
CP142613.1	607221	607224	0
CP142613.1	607224	607241	1
CP142613.1	607241	607260	0
CP142613.1	607260	607384	1
CP142613.1	607384	607466	2
CP142613.1	607466	607491	1
CP142613.1	607491	607492	0
CP142613.1	607492	607665	1
CP142613.1	607665	607712	0
CP142613.1	607712	607750	1
CP142613.1	607750	607774	2
CP142613.1	607774	607904	1
CP142613.1	607904	608059	0
CP142613.1	608059	608123	1
CP142613.1	608123	608372	0
CP142613.1	608372	608402	1
CP142613.1	608402	608409	2
CP142613.1	608409	608483	3
CP142613.1	608483	608484	2
CP142613.1	608484	608494	3
CP142613.1	608494	608495	2
CP142613.1	608495	608507	3
CP142613.1	608507	608513	4
CP142613.1	608513	608559	3
CP142613.1	608559	608560	2
CP142613.1	608560	608587	3
CP142613.1	608587	608588	4
CP142613.1	608588	608600	3
CP142613.1	608600	608608	2
CP142613.1	608608	608635	3
CP142613.1	608635	608709	2
CP142613.1	608709	608789	1
CP142613.1	608789	608790	0
CP142613.1	608790	608799	1
CP142613.1	608799	608861	2
CP142613.1	608861	608935	1
CP142613.1	608935	608959	2
CP142613.1	608959	608960	1
CP142613.1	608960	609028	2
CP142613.1	609028	609030	1
CP142613.1	609030	609039	2
CP142613.1	609039	609041	1
CP142613.1	609041	609054	2
CP142613.1	609054	609135	1
CP142613.1	609135	609136	0
CP142613.1	609136	609172	1
CP142613.1	609172	609184	2
CP142613.1	609184	609231	1
CP142613.1	609231	609437	0
CP142613.1	609437	609487	1
CP142613.1	609487	609499	2
CP142613.1	609499	609504	1
CP142613.1	609504	609525	2
CP142613.1	609525	609562	1
CP142613.1	609562	609566	2
CP142613.1	609566	609567	3
CP142613.1	609567	609609	4
CP142613.1	609609	609610	3
CP142613.1	609610	609673	4
CP142613.1	609673	609674	3
CP142613.1	609674	609679	4
CP142613.1	609679	609709	3
CP142613.1	609709	609736	4
CP142613.1	609736	609747	3
CP142613.1	609747	609750	2
CP142613.1	609750	610001	1
CP142613.1	610001	610038	2
CP142613.1	610038	610045	1
CP142613.1	610045	610129	2
CP142613.1	610129	610147	1
CP142613.1	610147	610316	0
CP142613.1	610316	610334	1
CP142613.1	610334	610335	0
CP142613.1	610335	610355	1
CP142613.1	610355	610359	0
CP142613.1	610359	610461	1
CP142613.1	610461	610549	0
CP142613.1	610549	610765	1
CP142613.1	610765	610766	0
CP142613.1	610766	610789	1
CP142613.1	610789	610791	0
CP142613.1	610791	610802	1
CP142613.1	610802	610806	0
CP142613.1	610806	610953	1
CP142613.1	610953	611119	0
CP142613.1	611119	611324	1
CP142613.1	611324	611356	2
CP142613.1	611356	611364	1
CP142613.1	611364	611418	2
CP142613.1	611418	611518	1
CP142613.1	611518	611543	0
CP142613.1	611543	611589	1
CP142613.1	611589	611665	2
CP142613.1	611665	611846	1
CP142613.1	611846	611847	0
CP142613.1	611847	611882	1
CP142613.1	611882	612082	0
CP142613.1	612082	612145	1
CP142613.1	612145	612154	2
CP142613.1	612154	612158	3
CP142613.1	612158	612160	2
CP142613.1	612160	612161	1
CP142613.1	612161	612214	2
CP142613.1	612214	612284	1
CP142613.1	612284	612286	0
CP142613.1	612286	612311	1
CP142613.1	612311	612313	0
CP142613.1	612313	612323	1
CP142613.1	612323	612324	0
CP142613.1	612324	612369	2
CP142613.1	612369	612373	3
CP142613.1	612373	612414	2
CP142613.1	612414	612417	1
CP142613.1	612417	612426	2
CP142613.1	612426	612471	1
CP142613.1	612471	612620	0
CP142613.1	612620	612636	1
CP142613.1	612636	612660	2
CP142613.1	612660	612661	1
CP142613.1	612661	612719	2
CP142613.1	612719	612721	1
CP142613.1	612721	612729	2
CP142613.1	612729	612886	1
CP142613.1	612886	612895	0
CP142613.1	612895	613017	1
CP142613.1	613017	613030	2
CP142613.1	613030	613068	3
CP142613.1	613068	613095	2
CP142613.1	613095	613096	1
CP142613.1	613096	613195	2
CP142613.1	613195	613196	3
CP142613.1	613196	613198	2
CP142613.1	613198	613208	3
CP142613.1	613208	613209	1
CP142613.1	613209	613238	3
CP142613.1	613238	613241	2
CP142613.1	613241	613248	3
CP142613.1	613248	613261	4
CP142613.1	613261	613262	3
CP142613.1	613262	613266	4
CP142613.1	613266	613267	2
CP142613.1	613267	613301	4
CP142613.1	613301	613302	3
CP142613.1	613302	613303	4
CP142613.1	613303	613311	2
CP142613.1	613311	613330	3
CP142613.1	613330	613331	1
CP142613.1	613331	613332	2
CP142613.1	613332	613339	3
CP142613.1	613339	613345	2
CP142613.1	613345	613474	3
CP142613.1	613474	613479	2
CP142613.1	613479	613480	1
CP142613.1	613480	613519	2
CP142613.1	613519	613618	3
CP142613.1	613618	613644	2
CP142613.1	613644	613645	1
CP142613.1	613645	613725	2
CP142613.1	613725	613743	1
CP142613.1	613743	613744	2
CP142613.1	613744	613764	1
CP142613.1	613764	613781	2
CP142613.1	613781	613789	1
CP142613.1	613789	613801	2
CP142613.1	613801	613804	1
CP142613.1	613804	613848	2
CP142613.1	613848	613896	1
CP142613.1	613896	613927	0
CP142613.1	613927	614044	1
CP142613.1	614044	614098	2
CP142613.1	614098	614148	1
CP142613.1	614148	614149	0
CP142613.1	614149	614374	1
CP142613.1	614374	614578	0
CP142613.1	614578	614698	1
CP142613.1	614698	614723	2
CP142613.1	614723	614733	1
CP142613.1	614733	614986	0
CP142613.1	614986	615047	1
CP142613.1	615047	615080	3
CP142613.1	615080	615165	2
CP142613.1	615165	615190	1
CP142613.1	615190	615672	0
CP142613.1	615672	615726	1
CP142613.1	615726	615852	0
CP142613.1	615852	615896	1
CP142613.1	615896	615922	2
CP142613.1	615922	615928	1
CP142613.1	615928	616009	2
CP142613.1	616009	616121	1
CP142613.1	616121	616146	0
CP142613.1	616146	616176	1
CP142613.1	616176	616204	2
CP142613.1	616204	616218	1
CP142613.1	616218	616263	2
CP142613.1	616263	616327	1
CP142613.1	616327	616331	0
CP142613.1	616331	616411	1
CP142613.1	616411	616443	0
CP142613.1	616443	616448	1
CP142613.1	616448	616449	0
CP142613.1	616449	616466	1
CP142613.1	616466	616514	2
CP142613.1	616514	616515	1
CP142613.1	616515	616578	2
CP142613.1	616578	616590	3
CP142613.1	616590	616639	4
CP142613.1	616639	616647	3
CP142613.1	616647	616662	2
CP142613.1	616662	616674	3
CP142613.1	616674	616715	2
CP142613.1	616715	616729	1
CP142613.1	616729	616760	0
CP142613.1	616760	616822	1
CP142613.1	616822	616878	0
CP142613.1	616878	616935	1
CP142613.1	616935	617005	2
CP142613.1	617005	617032	1
CP142613.1	617032	617041	0
CP142613.1	617041	617057	1
CP142613.1	617057	617071	2
CP142613.1	617071	617111	3
CP142613.1	617111	617123	2
CP142613.1	617123	617184	1
CP142613.1	617184	617185	0
CP142613.1	617185	617250	1
CP142613.1	617250	617259	2
CP142613.1	617259	617302	3
CP142613.1	617302	617307	2
CP142613.1	617307	617328	3
CP142613.1	617328	617335	2
CP142613.1	617335	617434	1
CP142613.1	617434	617518	2
CP142613.1	617518	617576	3
CP142613.1	617576	617612	4
CP142613.1	617612	617617	3
CP142613.1	617617	617734	2
CP142613.1	617734	617809	1
CP142613.1	617809	617951	0
CP142613.1	617951	617952	1
CP142613.1	617952	618016	2
CP142613.1	618016	618082	1
CP142613.1	618082	618089	0
CP142613.1	618089	618160	1
CP142613.1	618160	618194	0
CP142613.1	618194	618248	1
CP142613.1	618248	618313	2
CP142613.1	618313	618407	1
CP142613.1	618407	618411	0
CP142613.1	618411	618502	1
CP142613.1	618502	618519	2
CP142613.1	618519	618520	1
CP142613.1	618520	618525	2
CP142613.1	618525	618558	1
CP142613.1	618558	618559	0
CP142613.1	618559	618577	1
CP142613.1	618577	618597	2
CP142613.1	618597	618608	4
CP142613.1	618608	618658	3
CP142613.1	618658	618665	4
CP142613.1	618665	618676	5
CP142613.1	618676	618678	4
CP142613.1	618678	618684	5
CP142613.1	618684	618685	4
CP142613.1	618685	618686	3
CP142613.1	618686	618687	2
CP142613.1	618687	618689	4
CP142613.1	618689	618695	5
CP142613.1	618695	618730	4
CP142613.1	618730	618786	3
CP142613.1	618786	618804	4
CP142613.1	618804	618805	3
CP142613.1	618805	618863	2
CP142613.1	618863	618865	1
CP142613.1	618865	618918	2
CP142613.1	618918	618965	3
CP142613.1	618965	618993	2
CP142613.1	618993	619031	1
CP142613.1	619031	619063	2
CP142613.1	619063	619065	1
CP142613.1	619065	619126	2
CP142613.1	619126	619139	1
CP142613.1	619139	619207	0
CP142613.1	619207	619246	1
CP142613.1	619246	619291	0
CP142613.1	619291	619351	1
CP142613.1	619351	619457	0
CP142613.1	619457	619535	1
CP142613.1	619535	619545	2
CP142613.1	619545	619561	3
CP142613.1	619561	619586	4
CP142613.1	619586	619606	5
CP142613.1	619606	619607	4
CP142613.1	619607	619610	5
CP142613.1	619610	619624	4
CP142613.1	619624	619703	3
CP142613.1	619703	619720	2
CP142613.1	619720	619733	3
CP142613.1	619733	619776	2
CP142613.1	619776	619788	1
CP142613.1	619788	619794	2
CP142613.1	619794	619877	3
CP142613.1	619877	619888	2
CP142613.1	619888	619994	3
CP142613.1	619994	619995	2
CP142613.1	619995	620012	3
CP142613.1	620012	620014	2
CP142613.1	620014	620015	1
CP142613.1	620015	620038	2
CP142613.1	620038	620114	1
CP142613.1	620114	620166	2
CP142613.1	620166	620183	1
CP142613.1	620183	620209	0
CP142613.1	620209	620301	1
CP142613.1	620301	620419	2
CP142613.1	620419	620450	1
CP142613.1	620450	620473	2
CP142613.1	620473	620474	1
CP142613.1	620474	620513	2
CP142613.1	620513	620528	1
CP142613.1	620528	620606	2
CP142613.1	620606	620661	1
CP142613.1	620661	620721	2
CP142613.1	620721	620760	1
CP142613.1	620760	620923	0
CP142613.1	620923	620930	1
CP142613.1	620930	620974	2
CP142613.1	620974	620982	1
CP142613.1	620982	620985	2
CP142613.1	620985	621038	3
CP142613.1	621038	621039	1
CP142613.1	621039	621084	3
CP142613.1	621084	621096	2
CP142613.1	621096	621118	3
CP142613.1	621118	621132	2
CP142613.1	621132	621152	1
CP142613.1	621152	621179	2
CP142613.1	621179	621354	1
CP142613.1	621354	621551	0
CP142613.1	621551	621554	1
CP142613.1	621554	621555	0
CP142613.1	621555	621623	1
CP142613.1	621623	621689	2
CP142613.1	621689	621717	1
CP142613.1	621717	621720	2
CP142613.1	621720	621812	1
CP142613.1	621812	621904	0
CP142613.1	621904	621938	1
CP142613.1	621938	621956	2
CP142613.1	621956	621982	3
CP142613.1	621982	622015	2
CP142613.1	622015	622016	1
CP142613.1	622016	622017	2
CP142613.1	622017	622056	1
CP142613.1	622056	622058	2
CP142613.1	622058	622114	3
CP142613.1	622114	622117	2
CP142613.1	622117	622137	3
CP142613.1	622137	622152	2
CP142613.1	622152	622212	1
CP142613.1	622212	622228	0
CP142613.1	622228	622261	1
CP142613.1	622261	622311	2
CP142613.1	622311	622332	3
CP142613.1	622332	622471	2
CP142613.1	622471	622478	1
CP142613.1	622478	622480	2
CP142613.1	622480	622485	3
CP142613.1	622485	622590	4
CP142613.1	622590	622614	5
CP142613.1	622614	622615	6
CP142613.1	622615	622619	5
CP142613.1	622619	622628	4
CP142613.1	622628	622643	5
CP142613.1	622643	622665	4
CP142613.1	622665	622681	3
CP142613.1	622681	622735	2
CP142613.1	622735	622756	3
CP142613.1	622756	622795	2
CP142613.1	622795	622826	1
CP142613.1	622826	622830	0
CP142613.1	622830	622943	1
CP142613.1	622943	623055	0
CP142613.1	623055	623119	1
CP142613.1	623119	623248	0
CP142613.1	623248	623332	1
CP142613.1	623332	623576	0
CP142613.1	623576	623602	1
CP142613.1	623602	623655	2
CP142613.1	623655	623663	1
CP142613.1	623663	623673	2
CP142613.1	623673	623807	1
CP142613.1	623807	623858	2
CP142613.1	623858	623859	0
CP142613.1	623859	623901	2
CP142613.1	623901	623912	3
CP142613.1	623912	623937	2
CP142613.1	623937	623976	1
CP142613.1	623976	623988	2
CP142613.1	623988	624114	1
CP142613.1	624114	624140	0
CP142613.1	624140	624150	1
CP142613.1	624150	624169	2
CP142613.1	624169	624228	3
CP142613.1	624228	624238	2
CP142613.1	624238	624350	1
CP142613.1	624350	624427	0
CP142613.1	624427	624600	1
CP142613.1	624600	624610	0
CP142613.1	624610	624661	1
CP142613.1	624661	624681	2
CP142613.1	624681	624747	1
CP142613.1	624747	624757	0
CP142613.1	624757	624784	1
CP142613.1	624784	624794	0
CP142613.1	624794	624826	1
CP142613.1	624826	624951	0
CP142613.1	624951	624999	1
CP142613.1	624999	625032	2
CP142613.1	625032	625085	1
CP142613.1	625085	625091	2
CP142613.1	625091	625142	1
CP142613.1	625142	625343	0
CP142613.1	625343	625466	1
CP142613.1	625466	625475	0
CP142613.1	625475	625507	1
CP142613.1	625507	625538	0
CP142613.1	625538	625650	1
CP142613.1	625650	625731	0
CP142613.1	625731	625759	1
CP142613.1	625759	625808	2
CP142613.1	625808	625978	1
CP142613.1	625978	626039	0
CP142613.1	626039	626122	1
CP142613.1	626122	626123	0
CP142613.1	626123	626160	1
CP142613.1	626160	626194	0
CP142613.1	626194	626200	1
CP142613.1	626200	626221	2
CP142613.1	626221	626238	3
CP142613.1	626238	626261	4
CP142613.1	626261	626282	5
CP142613.1	626282	626284	4
CP142613.1	626284	626286	5
CP142613.1	626286	626294	4
CP142613.1	626294	626295	3
CP142613.1	626295	626318	5
CP142613.1	626318	626319	4
CP142613.1	626319	626345	3
CP142613.1	626345	626402	2
CP142613.1	626402	626474	3
CP142613.1	626474	626475	2
CP142613.1	626475	626487	3
CP142613.1	626487	626617	2
CP142613.1	626617	626665	3
CP142613.1	626665	626722	2
CP142613.1	626722	626726	1
CP142613.1	626726	626931	0
CP142613.1	626931	627010	1
CP142613.1	627010	627046	0
CP142613.1	627046	627081	1
CP142613.1	627081	627082	0
CP142613.1	627082	627120	1
CP142613.1	627120	627130	0
CP142613.1	627130	627164	1
CP142613.1	627164	627298	0
CP142613.1	627298	627423	1
CP142613.1	627423	627492	0
CP142613.1	627492	627515	1
CP142613.1	627515	627711	2
CP142613.1	627711	627712	1
CP142613.1	627712	627713	2
CP142613.1	627713	627714	1
CP142613.1	627714	627808	2
CP142613.1	627808	627814	3
CP142613.1	627814	627817	2
CP142613.1	627817	627818	1
CP142613.1	627818	627821	2
CP142613.1	627821	627886	3
CP142613.1	627886	627964	2
CP142613.1	627964	627965	1
CP142613.1	627965	628018	2
CP142613.1	628018	628041	1
CP142613.1	628041	628097	2
CP142613.1	628097	628329	1
CP142613.1	628329	628330	2
CP142613.1	628330	628332	1
CP142613.1	628332	628398	2
CP142613.1	628398	628412	1
CP142613.1	628412	628438	2
CP142613.1	628438	628499	1
CP142613.1	628499	628500	0
CP142613.1	628500	628551	1
CP142613.1	628551	628721	0
CP142613.1	628721	628867	1
CP142613.1	628867	628885	0
CP142613.1	628885	628966	1
CP142613.1	628966	628971	2
CP142613.1	628971	629048	3
CP142613.1	629048	629049	2
CP142613.1	629049	629060	3
CP142613.1	629060	629079	2
CP142613.1	629079	629116	1
CP142613.1	629116	629131	2
CP142613.1	629131	629133	3
CP142613.1	629133	629182	2
CP142613.1	629182	629215	3
CP142613.1	629215	629220	2
CP142613.1	629220	629250	3
CP142613.1	629250	629277	2
CP142613.1	629277	629279	1
CP142613.1	629279	629369	2
CP142613.1	629369	629436	3
CP142613.1	629436	629446	2
CP142613.1	629446	629467	1
CP142613.1	629467	629472	2
CP142613.1	629472	629494	3
CP142613.1	629494	629496	2
CP142613.1	629496	629553	3
CP142613.1	629553	629556	2
CP142613.1	629556	629633	1
CP142613.1	629633	629638	2
CP142613.1	629638	629665	3
CP142613.1	629665	629675	2
CP142613.1	629675	629676	1
CP142613.1	629676	629748	2
CP142613.1	629748	629774	1
CP142613.1	629774	629958	2
CP142613.1	629958	629961	3
CP142613.1	629961	629962	2
CP142613.1	629962	629988	3
CP142613.1	629988	629993	2
CP142613.1	629993	630000	3
CP142613.1	630000	630035	2
CP142613.1	630035	630099	1
CP142613.1	630099	630103	0
CP142613.1	630103	630163	1
CP142613.1	630163	630187	2
CP142613.1	630187	630188	0
CP142613.1	630188	630212	2
CP142613.1	630212	630247	1
CP142613.1	630247	630248	0
CP142613.1	630248	630303	1
CP142613.1	630303	630306	0
CP142613.1	630306	630318	1
CP142613.1	630318	630336	2
CP142613.1	630336	630340	0
CP142613.1	630340	630351	2
CP142613.1	630351	630465	1
CP142613.1	630465	630537	0
CP142613.1	630537	630562	1
CP142613.1	630562	630608	2
CP142613.1	630608	630609	0
CP142613.1	630609	630610	1
CP142613.1	630610	630660	2
CP142613.1	630660	630661	3
CP142613.1	630661	630712	2
CP142613.1	630712	630741	3
CP142613.1	630741	630752	4
CP142613.1	630752	630759	3
CP142613.1	630759	630788	4
CP142613.1	630788	630789	0
CP142613.1	630789	630821	4
CP142613.1	630821	630822	3
CP142613.1	630822	630824	4
CP142613.1	630824	630826	3
CP142613.1	630826	630932	4
CP142613.1	630932	630937	3
CP142613.1	630937	630974	2
CP142613.1	630974	630976	1
CP142613.1	630976	631062	0
CP142613.1	631062	631102	1
CP142613.1	631102	631103	0
CP142613.1	631103	631113	1
CP142613.1	631113	631180	2
CP142613.1	631180	631181	1
CP142613.1	631181	631248	2
CP142613.1	631248	631274	3
CP142613.1	631274	631285	2
CP142613.1	631285	631298	3
CP142613.1	631298	631301	2
CP142613.1	631301	631305	3
CP142613.1	631305	631313	2
CP142613.1	631313	631316	1
CP142613.1	631316	631337	2
CP142613.1	631337	631366	3
CP142613.1	631366	631403	1
CP142613.1	631403	631444	2
CP142613.1	631444	631446	1
CP142613.1	631446	631471	2
CP142613.1	631471	631480	3
CP142613.1	631480	631526	2
CP142613.1	631526	631567	1
CP142613.1	631567	631570	0
CP142613.1	631570	631664	1
CP142613.1	631664	631669	0
CP142613.1	631669	631752	1
CP142613.1	631752	632041	0
CP142613.1	632041	632155	1
CP142613.1	632155	632163	2
CP142613.1	632163	632179	3
CP142613.1	632179	632180	2
CP142613.1	632180	632197	3
CP142613.1	632197	632204	4
CP142613.1	632204	632216	3
CP142613.1	632216	632240	2
CP142613.1	632240	632243	1
CP142613.1	632243	632257	2
CP142613.1	632257	632261	1
CP142613.1	632261	632293	2
CP142613.1	632293	632328	3
CP142613.1	632328	632344	2
CP142613.1	632344	632345	1
CP142613.1	632345	632374	2
CP142613.1	632374	632398	1
CP142613.1	632398	632466	0
CP142613.1	632466	632517	1
CP142613.1	632517	632518	0
CP142613.1	632518	632529	1
CP142613.1	632529	632558	2
CP142613.1	632558	632559	1
CP142613.1	632559	632628	2
CP142613.1	632628	632701	1
CP142613.1	632701	632706	0
CP142613.1	632706	632748	1
CP142613.1	632748	632789	2
CP142613.1	632789	632846	3
CP142613.1	632846	632881	2
CP142613.1	632881	632982	1
CP142613.1	632982	632983	0
CP142613.1	632983	633018	1
CP142613.1	633018	633033	2
CP142613.1	633033	633036	1
CP142613.1	633036	633120	2
CP142613.1	633120	633121	1
CP142613.1	633121	633122	0
CP142613.1	633122	633132	1
CP142613.1	633132	633147	2
CP142613.1	633147	633165	3
CP142613.1	633165	633166	1
CP142613.1	633166	633198	3
CP142613.1	633198	633203	2
CP142613.1	633203	633238	1
CP142613.1	633238	633241	0
CP142613.1	633241	633329	1
CP142613.1	633329	633445	2
CP142613.1	633445	633515	1
CP142613.1	633515	633518	2
CP142613.1	633518	633668	1
CP142613.1	633668	633695	0
CP142613.1	633695	633760	1
CP142613.1	633760	633763	0
CP142613.1	633763	633786	1
CP142613.1	633786	633834	0
CP142613.1	633834	633866	1
CP142613.1	633866	634302	0
CP142613.1	634302	634355	1
CP142613.1	634355	634383	2
CP142613.1	634383	634467	1
CP142613.1	634467	634594	0
CP142613.1	634594	634656	1
CP142613.1	634656	634711	2
CP142613.1	634711	634716	3
CP142613.1	634716	634732	4
CP142613.1	634732	634733	3
CP142613.1	634733	634760	4
CP142613.1	634760	634797	3
CP142613.1	634797	634847	4
CP142613.1	634847	634855	3
CP142613.1	634855	634863	4
CP142613.1	634863	634869	3
CP142613.1	634869	634922	4
CP142613.1	634922	634927	3
CP142613.1	634927	634933	2
CP142613.1	634933	634955	3
CP142613.1	634955	634986	2
CP142613.1	634986	635005	1
CP142613.1	635005	635006	0
CP142613.1	635006	635054	1
CP142613.1	635054	635055	0
CP142613.1	635055	635116	1
CP142613.1	635116	635206	0
