CP142610.1	0	293	0
CP142610.1	293	391	1
CP142610.1	391	427	2
CP142610.1	427	544	1
CP142610.1	544	612	0
CP142610.1	612	704	1
CP142610.1	704	796	0
CP142610.1	796	929	1
CP142610.1	929	1249	0
CP142610.1	1249	1284	1
CP142610.1	1284	1345	2
CP142610.1	1345	1397	1
CP142610.1	1397	1613	0
CP142610.1	1613	1742	1
CP142610.1	1742	1900	2
CP142610.1	1900	1905	1
CP142610.1	1905	1915	0
CP142610.1	1915	2011	1
CP142610.1	2011	2110	2
CP142610.1	2110	2118	1
CP142610.1	2118	2346	0
CP142610.1	2346	2394	1
CP142610.1	2394	2504	2
CP142610.1	2504	2520	1
CP142610.1	2520	2534	2
CP142610.1	2534	2594	1
CP142610.1	2594	2596	0
CP142610.1	2596	2776	1
CP142610.1	2776	2782	2
CP142610.1	2782	2826	1
CP142610.1	2826	3205	0
CP142610.1	3205	3266	1
CP142610.1	3266	3272	2
CP142610.1	3272	3349	1
CP142610.1	3349	3392	2
CP142610.1	3392	3393	1
CP142610.1	3393	3450	2
CP142610.1	3450	3465	3
CP142610.1	3465	3511	2
CP142610.1	3511	3763	1
CP142610.1	3763	3781	0
CP142610.1	3781	3825	1
CP142610.1	3825	3891	0
CP142610.1	3891	3910	1
CP142610.1	3910	3975	2
CP142610.1	3975	3986	3
CP142610.1	3986	3987	2
CP142610.1	3987	4001	3
CP142610.1	4001	4029	2
CP142610.1	4029	4080	3
CP142610.1	4080	4116	2
CP142610.1	4116	4123	1
CP142610.1	4123	4139	0
CP142610.1	4139	4174	1
CP142610.1	4174	4232	0
CP142610.1	4232	4431	1
CP142610.1	4431	4466	2
CP142610.1	4466	4482	1
CP142610.1	4482	4526	2
CP142610.1	4526	4630	3
CP142610.1	4630	4659	2
CP142610.1	4659	4660	1
CP142610.1	4660	4663	2
CP142610.1	4663	4676	1
CP142610.1	4676	4896	0
CP142610.1	4896	4995	1
CP142610.1	4995	5078	2
CP142610.1	5078	5079	1
CP142610.1	5079	5082	2
CP142610.1	5082	5117	3
CP142610.1	5117	5153	2
CP142610.1	5153	5176	4
CP142610.1	5176	5180	3
CP142610.1	5180	5258	2
CP142610.1	5258	5275	1
CP142610.1	5275	5289	2
CP142610.1	5289	5338	1
CP142610.1	5338	5458	2
CP142610.1	5458	5533	1
CP142610.1	5533	5607	2
CP142610.1	5607	5608	1
CP142610.1	5608	5635	2
CP142610.1	5635	5636	1
CP142610.1	5636	5648	2
CP142610.1	5648	5656	1
CP142610.1	5656	5695	0
CP142610.1	5695	5758	1
CP142610.1	5758	5759	0
CP142610.1	5759	5779	1
CP142610.1	5779	6000	0
CP142610.1	6000	6100	1
CP142610.1	6100	6109	2
CP142610.1	6109	6117	3
CP142610.1	6117	6249	2
CP142610.1	6249	6254	3
CP142610.1	6254	6266	2
CP142610.1	6266	6348	1
CP142610.1	6348	6362	0
CP142610.1	6362	6363	1
CP142610.1	6363	6452	2
CP142610.1	6452	6453	1
CP142610.1	6453	6454	2
CP142610.1	6454	6461	3
CP142610.1	6461	6462	2
CP142610.1	6462	6506	3
CP142610.1	6506	6511	2
CP142610.1	6511	6513	1
CP142610.1	6513	6560	0
CP142610.1	6560	6697	1
CP142610.1	6697	6727	2
CP142610.1	6727	6728	1
CP142610.1	6728	6729	0
CP142610.1	6729	6730	1
CP142610.1	6730	6736	2
CP142610.1	6736	6741	3
CP142610.1	6741	6743	2
CP142610.1	6743	6793	3
CP142610.1	6793	6823	4
CP142610.1	6823	6851	3
CP142610.1	6851	6853	2
CP142610.1	6853	6885	3
CP142610.1	6885	6889	2
CP142610.1	6889	6907	1
CP142610.1	6907	6955	2
CP142610.1	6955	7249	1
CP142610.1	7249	7293	2
CP142610.1	7293	7317	1
CP142610.1	7317	7440	0
CP142610.1	7440	7458	1
CP142610.1	7458	7459	0
CP142610.1	7459	7484	1
CP142610.1	7484	7485	0
CP142610.1	7485	7560	1
CP142610.1	7560	7563	0
CP142610.1	7563	7696	1
CP142610.1	7696	7699	0
CP142610.1	7699	7751	1
CP142610.1	7751	7841	2
CP142610.1	7841	7875	3
CP142610.1	7875	7876	2
CP142610.1	7876	7885	1
CP142610.1	7885	7999	0
CP142610.1	7999	8170	1
CP142610.1	8170	8173	0
CP142610.1	8173	8257	1
CP142610.1	8257	8555	0
CP142610.1	8555	8563	1
CP142610.1	8563	8571	2
CP142610.1	8571	8572	1
CP142610.1	8572	8604	2
CP142610.1	8604	8663	1
CP142610.1	8663	8806	0
CP142610.1	8806	8975	1
CP142610.1	8975	8976	0
CP142610.1	8976	9230	1
CP142610.1	9230	9299	0
CP142610.1	9299	9300	1
CP142610.1	9300	9343	2
CP142610.1	9343	9373	1
CP142610.1	9373	9374	0
CP142610.1	9374	9500	1
CP142610.1	9500	9522	2
CP142610.1	9522	9537	3
CP142610.1	9537	9554	4
CP142610.1	9554	9621	3
CP142610.1	9621	9624	2
CP142610.1	9624	9641	3
CP142610.1	9641	9650	2
CP142610.1	9650	9683	3
CP142610.1	9683	9866	2
CP142610.1	9866	9867	1
CP142610.1	9867	9943	2
CP142610.1	9943	9953	3
CP142610.1	9953	10025	4
CP142610.1	10025	10038	3
CP142610.1	10038	10052	2
CP142610.1	10052	10102	1
CP142610.1	10102	10158	2
CP142610.1	10158	10229	3
CP142610.1	10229	10267	2
CP142610.1	10267	10294	3
CP142610.1	10294	10332	2
CP142610.1	10332	10333	1
CP142610.1	10333	10336	2
CP142610.1	10336	10358	1
CP142610.1	10358	10369	2
CP142610.1	10369	10370	1
CP142610.1	10370	10393	2
CP142610.1	10393	10445	1
CP142610.1	10445	10447	0
CP142610.1	10447	10534	1
CP142610.1	10534	10623	0
CP142610.1	10623	10724	1
CP142610.1	10724	10768	2
CP142610.1	10768	10784	3
CP142610.1	10784	10792	2
CP142610.1	10792	10904	3
CP142610.1	10904	10952	2
CP142610.1	10952	10961	3
CP142610.1	10961	10966	2
CP142610.1	10966	11061	1
CP142610.1	11061	11064	0
CP142610.1	11064	11180	1
CP142610.1	11180	11189	2
CP142610.1	11189	11307	1
CP142610.1	11307	11443	0
CP142610.1	11443	11449	1
CP142610.1	11449	11473	2
CP142610.1	11473	11474	1
CP142610.1	11474	11586	2
CP142610.1	11586	11587	1
CP142610.1	11587	11607	2
CP142610.1	11607	11612	1
CP142610.1	11612	11619	2
CP142610.1	11619	11620	1
CP142610.1	11620	11644	2
CP142610.1	11644	11650	3
CP142610.1	11650	11664	2
CP142610.1	11664	11665	1
CP142610.1	11665	11667	2
CP142610.1	11667	11668	1
CP142610.1	11668	11694	2
CP142610.1	11694	11735	1
CP142610.1	11735	11969	0
CP142610.1	11969	12006	1
CP142610.1	12006	12015	2
CP142610.1	12015	12017	1
CP142610.1	12017	12104	2
CP142610.1	12104	12305	1
CP142610.1	12305	12369	0
CP142610.1	12369	12525	1
CP142610.1	12525	12577	2
CP142610.1	12577	12673	1
CP142610.1	12673	12735	2
CP142610.1	12735	12737	3
CP142610.1	12737	12802	4
CP142610.1	12802	12817	5
CP142610.1	12817	12818	4
CP142610.1	12818	12868	5
CP142610.1	12868	12869	4
CP142610.1	12869	12870	3
CP142610.1	12870	12966	2
CP142610.1	12966	13000	3
CP142610.1	13000	13010	2
CP142610.1	13010	13023	1
CP142610.1	13023	13030	0
CP142610.1	13030	13060	1
CP142610.1	13060	13161	0
CP142610.1	13161	13278	1
CP142610.1	13278	13291	0
CP142610.1	13291	13379	1
CP142610.1	13379	13402	2
CP142610.1	13402	13440	3
CP142610.1	13440	13469	2
CP142610.1	13469	13473	1
CP142610.1	13473	13858	0
CP142610.1	13858	13867	1
CP142610.1	13867	13928	2
CP142610.1	13928	13929	3
CP142610.1	13929	13941	2
CP142610.1	13941	13982	3
CP142610.1	13982	14005	2
CP142610.1	14005	14104	1
CP142610.1	14104	14117	2
CP142610.1	14117	14118	1
CP142610.1	14118	14141	2
CP142610.1	14141	14223	1
CP142610.1	14223	14267	0
CP142610.1	14267	14288	1
CP142610.1	14288	14289	0
CP142610.1	14289	14325	1
CP142610.1	14325	14326	0
CP142610.1	14326	14329	1
CP142610.1	14329	14351	2
CP142610.1	14351	14356	3
CP142610.1	14356	14415	2
CP142610.1	14415	14539	1
CP142610.1	14539	14613	0
CP142610.1	14613	14718	1
CP142610.1	14718	14742	2
CP142610.1	14742	14751	1
CP142610.1	14751	14802	2
CP142610.1	14802	14855	3
CP142610.1	14855	14887	2
CP142610.1	14887	14929	1
CP142610.1	14929	14983	2
CP142610.1	14983	15018	1
CP142610.1	15018	15053	0
CP142610.1	15053	15234	1
CP142610.1	15234	15235	0
CP142610.1	15235	15287	1
CP142610.1	15287	15436	0
CP142610.1	15436	15511	1
CP142610.1	15511	15777	0
CP142610.1	15777	15984	1
CP142610.1	15984	16226	0
CP142610.1	16226	16361	1
CP142610.1	16361	16472	0
CP142610.1	16472	16505	1
CP142610.1	16505	16506	0
CP142610.1	16506	16539	1
CP142610.1	16539	16817	0
CP142610.1	16817	16880	1
CP142610.1	16880	16934	0
CP142610.1	16934	17005	1
CP142610.1	17005	17006	0
CP142610.1	17006	17069	1
CP142610.1	17069	17360	0
CP142610.1	17360	17381	1
CP142610.1	17381	17383	2
CP142610.1	17383	17431	3
CP142610.1	17431	17482	2
CP142610.1	17482	17491	3
CP142610.1	17491	17594	2
CP142610.1	17594	17647	1
CP142610.1	17647	17661	2
CP142610.1	17661	17665	3
CP142610.1	17665	17772	2
CP142610.1	17772	17813	3
CP142610.1	17813	17869	2
CP142610.1	17869	17978	1
CP142610.1	17978	17979	0
CP142610.1	17979	17980	1
CP142610.1	17980	18002	2
CP142610.1	18002	18042	1
CP142610.1	18042	18216	0
CP142610.1	18216	18234	1
CP142610.1	18234	18248	2
CP142610.1	18248	18283	3
CP142610.1	18283	18306	2
CP142610.1	18306	18308	1
CP142610.1	18308	18338	2
CP142610.1	18338	18359	3
CP142610.1	18359	18360	2
CP142610.1	18360	18423	3
CP142610.1	18423	18496	2
CP142610.1	18496	18556	1
CP142610.1	18556	18710	0
CP142610.1	18710	18771	1
CP142610.1	18771	18947	0
CP142610.1	18947	18983	1
CP142610.1	18983	18998	2
CP142610.1	18998	19129	1
CP142610.1	19129	19167	0
CP142610.1	19167	19168	1
CP142610.1	19168	19223	2
CP142610.1	19223	19226	1
CP142610.1	19226	19247	2
CP142610.1	19247	19254	1
CP142610.1	19254	19257	2
CP142610.1	19257	19317	1
CP142610.1	19317	19420	0
CP142610.1	19420	19455	1
CP142610.1	19455	19469	0
CP142610.1	19469	19560	1
CP142610.1	19560	19564	2
CP142610.1	19564	19567	1
CP142610.1	19567	19583	2
CP142610.1	19583	19590	3
CP142610.1	19590	19605	2
CP142610.1	19605	19606	0
CP142610.1	19606	19701	2
CP142610.1	19701	19702	1
CP142610.1	19702	19745	2
CP142610.1	19745	19908	1
CP142610.1	19908	19918	0
CP142610.1	19918	19954	1
CP142610.1	19954	20007	2
CP142610.1	20007	20055	1
CP142610.1	20055	20250	0
CP142610.1	20250	20317	1
CP142610.1	20317	20414	2
CP142610.1	20414	20450	1
CP142610.1	20450	20498	0
CP142610.1	20498	20525	1
CP142610.1	20525	20554	2
CP142610.1	20554	20573	3
CP142610.1	20573	20575	4
CP142610.1	20575	20576	3
CP142610.1	20576	20577	2
CP142610.1	20577	20599	3
CP142610.1	20599	20619	2
CP142610.1	20619	20710	1
CP142610.1	20710	20788	2
CP142610.1	20788	20814	3
CP142610.1	20814	20822	2
CP142610.1	20822	20952	1
CP142610.1	20952	20990	2
CP142610.1	20990	21028	1
CP142610.1	21028	21036	2
CP142610.1	21036	21046	1
CP142610.1	21046	21047	0
CP142610.1	21047	21150	1
CP142610.1	21150	21193	2
CP142610.1	21193	21212	3
CP142610.1	21212	21225	2
CP142610.1	21225	21270	3
CP142610.1	21270	21359	2
CP142610.1	21359	21367	1
CP142610.1	21367	21370	0
CP142610.1	21370	21423	1
CP142610.1	21423	21469	2
CP142610.1	21469	21471	1
CP142610.1	21471	21481	2
CP142610.1	21481	21504	1
CP142610.1	21504	21595	0
CP142610.1	21595	21633	1
CP142610.1	21633	21639	0
CP142610.1	21639	21650	1
CP142610.1	21650	21709	2
CP142610.1	21709	21726	1
CP142610.1	21726	21780	2
CP142610.1	21780	21809	1
CP142610.1	21809	21821	0
CP142610.1	21821	22008	1
CP142610.1	22008	22014	2
CP142610.1	22014	22028	3
CP142610.1	22028	22029	2
CP142610.1	22029	22039	3
CP142610.1	22039	22069	2
CP142610.1	22069	22095	1
CP142610.1	22095	22168	0
CP142610.1	22168	22236	1
CP142610.1	22236	22306	2
CP142610.1	22306	22410	1
CP142610.1	22410	22664	0
CP142610.1	22664	22698	1
CP142610.1	22698	22699	0
CP142610.1	22699	22727	1
CP142610.1	22727	22748	0
CP142610.1	22748	22755	1
CP142610.1	22755	22781	2
CP142610.1	22781	22812	3
CP142610.1	22812	22833	2
CP142610.1	22833	22850	3
CP142610.1	22850	22854	2
CP142610.1	22854	22880	3
CP142610.1	22880	22902	2
CP142610.1	22902	22903	1
CP142610.1	22903	22905	2
CP142610.1	22905	22906	1
CP142610.1	22906	22963	2
CP142610.1	22963	22967	1
CP142610.1	22967	23225	0
CP142610.1	23225	23388	1
CP142610.1	23388	23408	2
CP142610.1	23408	23440	1
CP142610.1	23440	23473	2
CP142610.1	23473	23483	1
CP142610.1	23483	23487	2
CP142610.1	23487	23516	1
CP142610.1	23516	23674	0
CP142610.1	23674	23747	1
CP142610.1	23747	23783	0
CP142610.1	23783	23838	1
CP142610.1	23838	23880	2
CP142610.1	23880	23904	3
CP142610.1	23904	23914	2
CP142610.1	23914	23943	1
CP142610.1	23943	23975	2
CP142610.1	23975	24040	1
CP142610.1	24040	24065	0
CP142610.1	24065	24142	1
CP142610.1	24142	24148	0
CP142610.1	24148	24151	1
CP142610.1	24151	24187	2
CP142610.1	24187	24192	3
CP142610.1	24192	24193	2
CP142610.1	24193	24260	3
CP142610.1	24260	24274	2
CP142610.1	24274	24343	1
CP142610.1	24343	24346	2
CP142610.1	24346	24364	3
CP142610.1	24364	24428	2
CP142610.1	24428	24559	1
CP142610.1	24559	24712	0
CP142610.1	24712	24764	1
CP142610.1	24764	24780	2
CP142610.1	24780	24857	1
CP142610.1	24857	24911	2
CP142610.1	24911	24940	1
CP142610.1	24940	24955	2
CP142610.1	24955	25061	1
CP142610.1	25061	25090	2
CP142610.1	25090	25153	1
CP142610.1	25153	25211	2
CP142610.1	25211	25221	1
CP142610.1	25221	25226	2
CP142610.1	25226	25238	3
CP142610.1	25238	25288	2
CP142610.1	25288	25300	3
CP142610.1	25300	25302	2
CP142610.1	25302	25321	3
CP142610.1	25321	25325	2
CP142610.1	25325	25412	3
CP142610.1	25412	25432	2
CP142610.1	25432	25436	1
CP142610.1	25436	25459	2
CP142610.1	25459	25469	1
CP142610.1	25469	25479	2
CP142610.1	25479	25480	1
CP142610.1	25480	25543	2
CP142610.1	25543	25556	3
CP142610.1	25556	25591	2
CP142610.1	25591	25592	1
CP142610.1	25592	25622	2
CP142610.1	25622	25637	3
CP142610.1	25637	25638	2
CP142610.1	25638	25751	3
CP142610.1	25751	25792	2
CP142610.1	25792	25794	3
CP142610.1	25794	25795	2
CP142610.1	25795	25835	1
CP142610.1	25835	25849	0
CP142610.1	25849	25855	1
CP142610.1	25855	25880	2
CP142610.1	25880	25896	3
CP142610.1	25896	25945	2
CP142610.1	25945	25957	0
CP142610.1	25957	26036	2
CP142610.1	26036	26112	1
CP142610.1	26112	26267	0
CP142610.1	26267	26300	1
CP142610.1	26300	26376	2
CP142610.1	26376	26416	1
CP142610.1	26416	26458	2
CP142610.1	26458	26471	3
CP142610.1	26471	26484	4
CP142610.1	26484	26487	3
CP142610.1	26487	26531	4
CP142610.1	26531	26537	3
CP142610.1	26537	26554	2
CP142610.1	26554	26574	3
CP142610.1	26574	26590	2
CP142610.1	26590	26651	1
CP142610.1	26651	26674	2
CP142610.1	26674	26675	1
CP142610.1	26675	26678	2
CP142610.1	26678	26804	1
CP142610.1	26804	26805	2
CP142610.1	26805	26806	1
CP142610.1	26806	26866	2
CP142610.1	26866	26884	3
CP142610.1	26884	26885	1
CP142610.1	26885	26886	2
CP142610.1	26886	26941	3
CP142610.1	26941	26943	2
CP142610.1	26943	27087	1
CP142610.1	27087	27123	2
CP142610.1	27123	27124	1
CP142610.1	27124	27134	2
CP142610.1	27134	27149	1
CP142610.1	27149	27207	0
CP142610.1	27207	27302	1
CP142610.1	27302	27475	0
CP142610.1	27475	27549	1
CP142610.1	27549	27562	2
CP142610.1	27562	27566	1
CP142610.1	27566	27586	2
CP142610.1	27586	27619	3
CP142610.1	27619	27632	2
CP142610.1	27632	27654	1
CP142610.1	27654	27656	2
CP142610.1	27656	27744	1
CP142610.1	27744	27745	0
CP142610.1	27745	27766	1
CP142610.1	27766	27844	0
CP142610.1	27844	27848	1
CP142610.1	27848	27904	2
CP142610.1	27904	27905	1
CP142610.1	27905	27943	2
CP142610.1	27943	28013	1
CP142610.1	28013	28047	2
CP142610.1	28047	28054	1
CP142610.1	28054	28093	2
CP142610.1	28093	28106	3
CP142610.1	28106	28147	4
CP142610.1	28147	28161	3
CP142610.1	28161	28175	2
CP142610.1	28175	28192	3
CP142610.1	28192	28201	4
CP142610.1	28201	28238	3
CP142610.1	28238	28239	1
CP142610.1	28239	28240	2
CP142610.1	28240	28256	3
CP142610.1	28256	28262	4
CP142610.1	28262	28264	3
CP142610.1	28264	28266	4
CP142610.1	28266	28268	2
CP142610.1	28268	28288	4
CP142610.1	28288	28289	1
CP142610.1	28289	28298	4
CP142610.1	28298	28299	3
CP142610.1	28299	28313	4
CP142610.1	28313	28314	3
CP142610.1	28314	28315	2
CP142610.1	28315	28316	3
CP142610.1	28316	28320	4
CP142610.1	28320	28332	3
CP142610.1	28332	28333	2
CP142610.1	28333	28341	3
CP142610.1	28341	28367	4
CP142610.1	28367	28391	3
CP142610.1	28391	28409	4
CP142610.1	28409	28420	3
CP142610.1	28420	28421	2
CP142610.1	28421	28428	3
CP142610.1	28428	28516	2
CP142610.1	28516	28518	0
CP142610.1	28518	28551	2
CP142610.1	28551	28599	1
CP142610.1	28599	28641	2
CP142610.1	28641	28675	1
CP142610.1	28675	28840	0
CP142610.1	28840	28909	1
CP142610.1	28909	28919	2
CP142610.1	28919	28931	3
CP142610.1	28931	28988	2
CP142610.1	28988	29044	3
CP142610.1	29044	29067	2
CP142610.1	29067	29071	1
CP142610.1	29071	29078	0
CP142610.1	29078	29128	1
CP142610.1	29128	29166	2
CP142610.1	29166	29167	1
CP142610.1	29167	29210	2
CP142610.1	29210	29217	1
CP142610.1	29217	29238	0
CP142610.1	29238	29260	1
CP142610.1	29260	29262	0
CP142610.1	29262	29317	1
CP142610.1	29317	29473	0
CP142610.1	29473	29538	1
CP142610.1	29538	29540	2
CP142610.1	29540	29596	3
CP142610.1	29596	29633	4
CP142610.1	29633	29677	3
CP142610.1	29677	29689	2
CP142610.1	29689	29692	1
CP142610.1	29692	29698	0
CP142610.1	29698	29758	1
CP142610.1	29758	29836	0
CP142610.1	29836	29858	1
CP142610.1	29858	29859	0
CP142610.1	29859	29910	1
CP142610.1	29910	29921	0
CP142610.1	29921	29922	1
CP142610.1	29922	29993	2
CP142610.1	29993	29995	3
CP142610.1	29995	29998	4
CP142610.1	29998	29999	3
CP142610.1	29999	30016	4
CP142610.1	30016	30043	5
CP142610.1	30043	30109	4
CP142610.1	30109	30114	3
CP142610.1	30114	30171	2
CP142610.1	30171	30246	1
CP142610.1	30246	30273	0
CP142610.1	30273	30279	1
CP142610.1	30279	30343	2
CP142610.1	30343	30393	3
CP142610.1	30393	30399	4
CP142610.1	30399	30417	3
CP142610.1	30417	30452	4
CP142610.1	30452	30476	3
CP142610.1	30476	30502	2
CP142610.1	30502	30503	1
CP142610.1	30503	30521	3
CP142610.1	30521	30522	2
CP142610.1	30522	30589	3
CP142610.1	30589	30645	2
CP142610.1	30645	30689	1
CP142610.1	30689	30695	2
CP142610.1	30695	30697	1
CP142610.1	30697	30813	2
CP142610.1	30813	30822	1
CP142610.1	30822	30834	2
CP142610.1	30834	30841	3
CP142610.1	30841	30847	2
CP142610.1	30847	30937	1
CP142610.1	30937	31053	0
CP142610.1	31053	31124	1
CP142610.1	31124	31207	2
CP142610.1	31207	31297	1
CP142610.1	31297	31312	0
CP142610.1	31312	31335	1
CP142610.1	31335	31345	0
CP142610.1	31345	31428	1
CP142610.1	31428	31488	2
CP142610.1	31488	31500	1
CP142610.1	31500	31524	2
CP142610.1	31524	31531	3
CP142610.1	31531	31544	2
CP142610.1	31544	31578	1
CP142610.1	31578	31579	0
CP142610.1	31579	31588	1
CP142610.1	31588	31646	2
CP142610.1	31646	31653	1
CP142610.1	31653	31698	0
CP142610.1	31698	31739	1
CP142610.1	31739	31809	2
CP142610.1	31809	31880	1
CP142610.1	31880	32043	0
CP142610.1	32043	32121	1
CP142610.1	32121	32179	0
CP142610.1	32179	32298	1
CP142610.1	32298	32337	0
CP142610.1	32337	32416	1
CP142610.1	32416	32485	0
CP142610.1	32485	32506	1
CP142610.1	32506	32507	0
CP142610.1	32507	32554	1
CP142610.1	32554	32677	0
CP142610.1	32677	32871	1
CP142610.1	32871	32915	2
CP142610.1	32915	32937	1
CP142610.1	32937	32938	0
CP142610.1	32938	32964	1
CP142610.1	32964	33045	0
CP142610.1	33045	33145	1
CP142610.1	33145	33154	0
CP142610.1	33154	33180	1
CP142610.1	33180	33359	0
CP142610.1	33359	33382	1
CP142610.1	33382	33383	0
CP142610.1	33383	33390	1
CP142610.1	33390	33394	0
CP142610.1	33394	33405	1
CP142610.1	33405	33455	2
CP142610.1	33455	33484	3
CP142610.1	33484	33505	2
CP142610.1	33505	33570	3
CP142610.1	33570	33620	4
CP142610.1	33620	33635	3
CP142610.1	33635	33683	2
CP142610.1	33683	33685	1
CP142610.1	33685	33699	2
CP142610.1	33699	33729	3
CP142610.1	33729	33772	4
CP142610.1	33772	33797	3
CP142610.1	33797	33850	2
CP142610.1	33850	33924	1
CP142610.1	33924	33956	2
CP142610.1	33956	33983	3
CP142610.1	33983	34087	2
CP142610.1	34087	34158	1
CP142610.1	34158	34247	0
CP142610.1	34247	34309	1
CP142610.1	34309	34408	2
CP142610.1	34408	34415	1
CP142610.1	34415	34490	0
CP142610.1	34490	34563	1
CP142610.1	34563	34646	0
CP142610.1	34646	34705	1
CP142610.1	34705	34728	2
CP142610.1	34728	34772	1
CP142610.1	34772	34842	0
CP142610.1	34842	34907	1
CP142610.1	34907	34918	0
CP142610.1	34918	34943	1
CP142610.1	34943	34961	2
CP142610.1	34961	34974	1
CP142610.1	34974	35105	2
CP142610.1	35105	35138	1
CP142610.1	35138	35277	2
CP142610.1	35277	35280	1
CP142610.1	35280	35311	2
CP142610.1	35311	35315	3
CP142610.1	35315	35365	2
CP142610.1	35365	35370	1
CP142610.1	35370	35374	0
CP142610.1	35374	35557	1
CP142610.1	35557	35623	2
CP142610.1	35623	35628	1
CP142610.1	35628	35631	2
CP142610.1	35631	35680	3
CP142610.1	35680	35681	2
CP142610.1	35681	35718	3
CP142610.1	35718	35745	2
CP142610.1	35745	35808	3
CP142610.1	35808	35816	2
CP142610.1	35816	35821	1
CP142610.1	35821	35861	0
CP142610.1	35861	35890	1
CP142610.1	35890	35905	0
CP142610.1	35905	35925	1
CP142610.1	35925	35982	2
CP142610.1	35982	36028	1
CP142610.1	36028	36047	2
CP142610.1	36047	36050	1
CP142610.1	36050	36061	2
CP142610.1	36061	36175	3
CP142610.1	36175	36191	2
CP142610.1	36191	36209	1
CP142610.1	36209	36259	2
CP142610.1	36259	36289	3
CP142610.1	36289	36308	2
CP142610.1	36308	36314	1
CP142610.1	36314	36450	2
CP142610.1	36450	36455	1
CP142610.1	36455	36462	0
CP142610.1	36462	36505	1
CP142610.1	36505	36506	2
CP142610.1	36506	36524	3
CP142610.1	36524	36553	2
CP142610.1	36553	36554	1
CP142610.1	36554	36568	2
CP142610.1	36568	36620	1
CP142610.1	36620	36734	0
CP142610.1	36734	36832	1
CP142610.1	36832	36836	0
CP142610.1	36836	36937	1
CP142610.1	36937	36938	0
CP142610.1	36938	37008	1
CP142610.1	37008	37084	2
CP142610.1	37084	37091	1
CP142610.1	37091	37158	2
CP142610.1	37158	37239	3
CP142610.1	37239	37240	2
CP142610.1	37240	37276	3
CP142610.1	37276	37321	2
CP142610.1	37321	37357	1
CP142610.1	37357	37394	2
CP142610.1	37394	37419	3
CP142610.1	37419	37428	4
CP142610.1	37428	37461	5
CP142610.1	37461	37529	4
CP142610.1	37529	37539	3
CP142610.1	37539	37589	2
CP142610.1	37589	37590	3
CP142610.1	37590	37620	4
CP142610.1	37620	37622	3
CP142610.1	37622	37625	2
CP142610.1	37625	37669	3
CP142610.1	37669	37683	2
CP142610.1	37683	37718	3
CP142610.1	37718	37783	2
CP142610.1	37783	37785	1
CP142610.1	37785	37786	0
CP142610.1	37786	37825	1
CP142610.1	37825	37867	0
CP142610.1	37867	37973	1
CP142610.1	37973	37974	0
CP142610.1	37974	38007	1
CP142610.1	38007	38024	2
CP142610.1	38024	38025	1
CP142610.1	38025	38120	2
CP142610.1	38120	38123	4
CP142610.1	38123	38127	5
CP142610.1	38127	38176	4
CP142610.1	38176	38185	5
CP142610.1	38185	38191	4
CP142610.1	38191	38216	3
CP142610.1	38216	38402	2
CP142610.1	38402	38403	1
CP142610.1	38403	38411	2
CP142610.1	38411	38412	1
CP142610.1	38412	38503	2
CP142610.1	38503	38573	1
CP142610.1	38573	38613	2
CP142610.1	38613	38636	1
CP142610.1	38636	38654	2
CP142610.1	38654	38668	3
CP142610.1	38668	38758	4
CP142610.1	38758	38796	3
CP142610.1	38796	38811	4
CP142610.1	38811	38812	3
CP142610.1	38812	38814	2
CP142610.1	38814	38822	4
CP142610.1	38822	38851	3
CP142610.1	38851	38941	2
CP142610.1	38941	38942	1
CP142610.1	38942	39163	0
CP142610.1	39163	39166	1
CP142610.1	39166	39258	2
CP142610.1	39258	39262	1
CP142610.1	39262	39434	0
CP142610.1	39434	39440	1
CP142610.1	39440	39506	2
CP142610.1	39506	39656	1
CP142610.1	39656	39677	0
CP142610.1	39677	39698	1
CP142610.1	39698	39699	0
CP142610.1	39699	39802	1
CP142610.1	39802	39939	0
CP142610.1	39939	39959	1
CP142610.1	39959	39965	2
CP142610.1	39965	39966	1
CP142610.1	39966	39988	2
CP142610.1	39988	40052	1
CP142610.1	40052	40102	2
CP142610.1	40102	40139	3
CP142610.1	40139	40169	2
CP142610.1	40169	40177	3
CP142610.1	40177	40185	4
CP142610.1	40185	40215	3
CP142610.1	40215	40220	4
CP142610.1	40220	40279	3
CP142610.1	40279	40304	4
CP142610.1	40304	40323	3
CP142610.1	40323	40347	2
CP142610.1	40347	40351	3
CP142610.1	40351	40371	4
CP142610.1	40371	40401	3
CP142610.1	40401	40413	2
CP142610.1	40413	40420	3
CP142610.1	40420	40469	4
CP142610.1	40469	40474	3
CP142610.1	40474	40475	2
CP142610.1	40475	40488	3
CP142610.1	40488	40538	2
CP142610.1	40538	40539	1
CP142610.1	40539	40560	2
CP142610.1	40560	40566	1
CP142610.1	40566	40669	0
CP142610.1	40669	40728	1
CP142610.1	40728	40729	0
CP142610.1	40729	40757	1
CP142610.1	40757	40762	2
CP142610.1	40762	40763	1
CP142610.1	40763	40783	2
CP142610.1	40783	40784	1
CP142610.1	40784	40835	2
CP142610.1	40835	40836	1
CP142610.1	40836	40850	2
CP142610.1	40850	40874	1
CP142610.1	40874	40946	2
CP142610.1	40946	40971	1
CP142610.1	40971	41074	0
CP142610.1	41074	41128	1
CP142610.1	41128	41158	2
CP142610.1	41158	41189	1
CP142610.1	41189	41269	2
CP142610.1	41269	41318	1
CP142610.1	41318	41350	2
CP142610.1	41350	41376	1
CP142610.1	41376	41480	0
CP142610.1	41480	41552	1
CP142610.1	41552	41631	0
CP142610.1	41631	41810	1
CP142610.1	41810	41832	2
CP142610.1	41832	41941	1
CP142610.1	41941	41966	2
CP142610.1	41966	41971	1
CP142610.1	41971	41992	2
CP142610.1	41992	42057	3
CP142610.1	42057	42128	2
CP142610.1	42128	42165	1
CP142610.1	42165	42195	2
CP142610.1	42195	42270	3
CP142610.1	42270	42271	2
CP142610.1	42271	42308	3
CP142610.1	42308	42310	2
CP142610.1	42310	42320	3
CP142610.1	42320	42373	2
CP142610.1	42373	42403	1
CP142610.1	42403	42404	2
CP142610.1	42404	42509	3
CP142610.1	42509	42538	4
CP142610.1	42538	42547	3
CP142610.1	42547	42642	2
CP142610.1	42642	42653	1
CP142610.1	42653	42666	2
CP142610.1	42666	42687	3
CP142610.1	42687	42688	2
CP142610.1	42688	42704	3
CP142610.1	42704	42705	2
CP142610.1	42705	42725	3
CP142610.1	42725	42796	2
CP142610.1	42796	42797	1
CP142610.1	42797	42817	2
CP142610.1	42817	42830	1
CP142610.1	42830	42856	0
CP142610.1	42856	42876	1
CP142610.1	42876	42934	2
CP142610.1	42934	42935	1
CP142610.1	42935	42938	2
CP142610.1	42938	42993	1
CP142610.1	42993	43083	2
CP142610.1	43083	43120	1
CP142610.1	43120	43136	2
CP142610.1	43136	43139	1
CP142610.1	43139	43254	2
CP142610.1	43254	43255	1
CP142610.1	43255	43363	2
CP142610.1	43363	43367	1
CP142610.1	43367	43400	2
CP142610.1	43400	43475	1
CP142610.1	43475	43566	2
CP142610.1	43566	43693	1
CP142610.1	43693	43771	0
CP142610.1	43771	43983	1
CP142610.1	43983	44318	0
CP142610.1	44318	44396	1
CP142610.1	44396	44500	0
CP142610.1	44500	44518	1
CP142610.1	44518	44562	2
CP142610.1	44562	44563	1
CP142610.1	44563	44573	2
CP142610.1	44573	44575	1
CP142610.1	44575	44583	2
CP142610.1	44583	44599	1
CP142610.1	44599	44613	2
CP142610.1	44613	44624	1
CP142610.1	44624	44638	2
CP142610.1	44638	44639	1
CP142610.1	44639	44676	2
CP142610.1	44676	44682	1
CP142610.1	44682	44700	0
CP142610.1	44700	44775	1
CP142610.1	44775	44836	0
CP142610.1	44836	44995	1
CP142610.1	44995	45008	0
CP142610.1	45008	45024	1
CP142610.1	45024	45043	2
CP142610.1	45043	45044	1
CP142610.1	45044	45115	2
CP142610.1	45115	45184	1
CP142610.1	45184	45185	0
CP142610.1	45185	45244	1
CP142610.1	45244	45248	2
CP142610.1	45248	45257	1
CP142610.1	45257	45268	2
CP142610.1	45268	45289	3
CP142610.1	45289	45338	4
CP142610.1	45338	45342	3
CP142610.1	45342	45343	2
CP142610.1	45343	45355	1
CP142610.1	45355	45447	0
CP142610.1	45447	45647	1
CP142610.1	45647	45799	0
CP142610.1	45799	45836	1
CP142610.1	45836	45837	0
CP142610.1	45837	45852	1
CP142610.1	45852	45883	2
CP142610.1	45883	45898	1
CP142610.1	45898	45979	2
CP142610.1	45979	46007	1
CP142610.1	46007	46014	0
CP142610.1	46014	46062	1
CP142610.1	46062	46081	2
CP142610.1	46081	46092	1
CP142610.1	46092	46093	0
CP142610.1	46093	46113	1
CP142610.1	46113	46116	2
CP142610.1	46116	46215	3
CP142610.1	46215	46250	2
CP142610.1	46250	46293	1
CP142610.1	46293	46300	2
CP142610.1	46300	46338	1
CP142610.1	46338	46345	2
CP142610.1	46345	46346	1
CP142610.1	46346	46377	2
CP142610.1	46377	46380	1
CP142610.1	46380	46443	2
CP142610.1	46443	46551	1
CP142610.1	46551	46608	0
CP142610.1	46608	46672	1
CP142610.1	46672	46679	0
CP142610.1	46679	46778	1
CP142610.1	46778	46802	2
CP142610.1	46802	46809	1
CP142610.1	46809	46813	2
CP142610.1	46813	46822	1
CP142610.1	46822	46824	0
CP142610.1	46824	46964	1
CP142610.1	46964	47129	0
CP142610.1	47129	47214	1
CP142610.1	47214	47215	0
CP142610.1	47215	47248	1
CP142610.1	47248	47330	0
CP142610.1	47330	47340	1
CP142610.1	47340	47406	2
CP142610.1	47406	47415	1
CP142610.1	47415	47434	0
CP142610.1	47434	47670	1
CP142610.1	47670	47729	0
CP142610.1	47729	47842	1
CP142610.1	47842	47910	0
CP142610.1	47910	47914	1
CP142610.1	47914	48019	2
CP142610.1	48019	48020	1
CP142610.1	48020	48021	0
CP142610.1	48021	48053	1
CP142610.1	48053	48399	0
CP142610.1	48399	48453	1
CP142610.1	48453	48483	2
CP142610.1	48483	48507	1
CP142610.1	48507	48763	0
CP142610.1	48763	48822	1
CP142610.1	48822	48961	2
CP142610.1	48961	49001	1
CP142610.1	49001	49013	2
CP142610.1	49013	49048	1
CP142610.1	49048	49049	0
CP142610.1	49049	49100	1
CP142610.1	49100	49121	0
CP142610.1	49121	49163	1
CP142610.1	49163	49184	2
CP142610.1	49184	49185	1
CP142610.1	49185	49213	2
CP142610.1	49213	49216	3
CP142610.1	49216	49218	4
CP142610.1	49218	49219	3
CP142610.1	49219	49226	4
CP142610.1	49226	49250	5
CP142610.1	49250	49251	4
CP142610.1	49251	49259	5
CP142610.1	49259	49273	6
CP142610.1	49273	49279	5
CP142610.1	49279	49285	4
CP142610.1	49285	49286	5
CP142610.1	49286	49287	4
CP142610.1	49287	49299	3
CP142610.1	49299	49319	2
CP142610.1	49319	49385	1
CP142610.1	49385	49388	0
CP142610.1	49388	49530	1
CP142610.1	49530	49655	0
CP142610.1	49655	49712	1
CP142610.1	49712	49713	0
CP142610.1	49713	49744	1
CP142610.1	49744	49992	0
CP142610.1	49992	50024	1
CP142610.1	50024	50025	0
CP142610.1	50025	50068	1
CP142610.1	50068	50255	0
CP142610.1	50255	50325	1
CP142610.1	50325	50395	2
CP142610.1	50395	50401	1
CP142610.1	50401	50417	0
CP142610.1	50417	50461	1
CP142610.1	50461	50522	2
CP142610.1	50522	50523	1
CP142610.1	50523	50573	2
CP142610.1	50573	50597	1
CP142610.1	50597	50678	2
CP142610.1	50678	50747	1
CP142610.1	50747	50764	2
CP142610.1	50764	50885	1
CP142610.1	50885	50905	2
CP142610.1	50905	50927	1
CP142610.1	50927	50935	0
CP142610.1	50935	50960	1
CP142610.1	50960	51001	2
CP142610.1	51001	51096	1
CP142610.1	51096	51149	0
CP142610.1	51149	51246	1
CP142610.1	51246	51302	2
CP142610.1	51302	51309	1
CP142610.1	51309	51321	2
CP142610.1	51321	51353	1
CP142610.1	51353	51508	2
CP142610.1	51508	51594	1
CP142610.1	51594	51603	2
CP142610.1	51603	51646	1
CP142610.1	51646	51837	0
CP142610.1	51837	51956	1
CP142610.1	51956	51959	2
CP142610.1	51959	52033	3
CP142610.1	52033	52036	2
CP142610.1	52036	52059	1
CP142610.1	52059	52102	0
CP142610.1	52102	52144	1
CP142610.1	52144	52150	0
CP142610.1	52150	52234	1
CP142610.1	52234	52292	0
CP142610.1	52292	52344	1
CP142610.1	52344	52345	0
CP142610.1	52345	52669	1
CP142610.1	52669	52839	0
CP142610.1	52839	52846	1
CP142610.1	52846	52913	2
CP142610.1	52913	52976	1
CP142610.1	52976	52982	2
CP142610.1	52982	53010	3
CP142610.1	53010	53148	2
CP142610.1	53148	53149	1
CP142610.1	53149	53172	2
CP142610.1	53172	53173	3
CP142610.1	53173	53204	2
CP142610.1	53204	53298	3
CP142610.1	53298	53330	2
CP142610.1	53330	53381	1
CP142610.1	53381	53384	0
CP142610.1	53384	53420	1
CP142610.1	53420	53478	2
CP142610.1	53478	53505	3
CP142610.1	53505	53506	1
CP142610.1	53506	53518	2
CP142610.1	53518	53541	1
CP142610.1	53541	53565	2
CP142610.1	53565	53577	3
CP142610.1	53577	53579	2
CP142610.1	53579	53587	3
CP142610.1	53587	53588	1
CP142610.1	53588	53606	3
CP142610.1	53606	53607	2
CP142610.1	53607	53615	1
CP142610.1	53615	53635	2
CP142610.1	53635	53708	3
CP142610.1	53708	53710	4
CP142610.1	53710	53728	3
CP142610.1	53728	53729	2
CP142610.1	53729	53784	3
CP142610.1	53784	53792	2
CP142610.1	53792	53807	3
CP142610.1	53807	53889	4
CP142610.1	53889	53935	3
CP142610.1	53935	53955	1
CP142610.1	53955	53986	0
CP142610.1	53986	54000	1
CP142610.1	54000	54002	0
CP142610.1	54002	54101	1
CP142610.1	54101	54102	0
CP142610.1	54102	54131	1
CP142610.1	54131	54138	2
CP142610.1	54138	54321	1
CP142610.1	54321	54338	2
CP142610.1	54338	54509	1
CP142610.1	54509	54546	2
CP142610.1	54546	54547	1
CP142610.1	54547	54571	2
CP142610.1	54571	54605	1
CP142610.1	54605	54664	2
CP142610.1	54664	54679	1
CP142610.1	54679	54713	2
CP142610.1	54713	54766	0
CP142610.1	54766	54772	1
CP142610.1	54772	54820	2
CP142610.1	54820	54887	1
CP142610.1	54887	55005	2
CP142610.1	55005	55155	1
CP142610.1	55155	55202	2
CP142610.1	55202	55221	3
CP142610.1	55221	55222	2
CP142610.1	55222	55272	3
CP142610.1	55272	55290	2
CP142610.1	55290	55359	1
CP142610.1	55359	55361	0
CP142610.1	55361	55520	1
CP142610.1	55520	55637	2
CP142610.1	55637	55786	1
CP142610.1	55786	55860	0
CP142610.1	55860	55924	1
CP142610.1	55924	55937	2
CP142610.1	55937	56060	1
CP142610.1	56060	56063	0
CP142610.1	56063	56101	1
CP142610.1	56101	56103	0
CP142610.1	56103	56116	1
CP142610.1	56116	56138	0
CP142610.1	56138	56186	1
CP142610.1	56186	56216	0
CP142610.1	56216	56268	1
CP142610.1	56268	56389	0
CP142610.1	56389	56465	1
CP142610.1	56465	56489	0
CP142610.1	56489	56575	1
CP142610.1	56575	56606	2
CP142610.1	56606	56634	1
CP142610.1	56634	56670	0
CP142610.1	56670	56708	1
CP142610.1	56708	56738	2
CP142610.1	56738	56781	3
CP142610.1	56781	56782	2
CP142610.1	56782	56807	3
CP142610.1	56807	56808	2
CP142610.1	56808	56811	1
CP142610.1	56811	56814	0
CP142610.1	56814	56815	1
CP142610.1	56815	56833	2
CP142610.1	56833	56834	1
CP142610.1	56834	56895	2
CP142610.1	56895	56909	1
CP142610.1	56909	56968	2
CP142610.1	56968	56979	1
CP142610.1	56979	57035	2
CP142610.1	57035	57036	3
CP142610.1	57036	57063	4
CP142610.1	57063	57066	3
CP142610.1	57066	57099	2
CP142610.1	57099	57211	1
CP142610.1	57211	57222	2
CP142610.1	57222	57223	1
CP142610.1	57223	57386	2
CP142610.1	57386	57388	1
CP142610.1	57388	57397	2
CP142610.1	57397	57398	1
CP142610.1	57398	57487	2
CP142610.1	57487	57504	1
CP142610.1	57504	57609	0
CP142610.1	57609	57720	1
CP142610.1	57720	57721	0
CP142610.1	57721	57787	1
CP142610.1	57787	57837	2
CP142610.1	57837	57838	1
CP142610.1	57838	57963	2
CP142610.1	57963	58079	1
CP142610.1	58079	58219	2
CP142610.1	58219	58223	3
CP142610.1	58223	58401	2
CP142610.1	58401	58405	1
CP142610.1	58405	58418	2
CP142610.1	58418	58560	1
CP142610.1	58560	58632	2
CP142610.1	58632	58640	1
CP142610.1	58640	58770	2
CP142610.1	58770	58794	1
CP142610.1	58794	58823	0
CP142610.1	58823	58938	1
CP142610.1	58938	59012	0
CP142610.1	59012	59139	1
CP142610.1	59139	59237	2
CP142610.1	59237	59420	1
CP142610.1	59420	59424	0
CP142610.1	59424	59469	1
CP142610.1	59469	59538	2
CP142610.1	59538	59550	3
CP142610.1	59550	59612	4
CP142610.1	59612	59674	3
CP142610.1	59674	59758	2
CP142610.1	59758	59803	1
CP142610.1	59803	59823	0
CP142610.1	59823	59970	1
CP142610.1	59970	60029	0
CP142610.1	60029	60166	1
CP142610.1	60166	60194	0
CP142610.1	60194	60294	1
CP142610.1	60294	60414	0
CP142610.1	60414	60465	1
CP142610.1	60465	60480	2
CP142610.1	60480	60483	1
CP142610.1	60483	60501	2
CP142610.1	60501	60549	1
CP142610.1	60549	60618	0
CP142610.1	60618	60663	1
CP142610.1	60663	60664	0
CP142610.1	60664	60670	1
CP142610.1	60670	60711	2
CP142610.1	60711	60925	1
CP142610.1	60925	61009	0
CP142610.1	61009	61058	1
CP142610.1	61058	61059	0
CP142610.1	61059	61100	1
CP142610.1	61100	61110	2
CP142610.1	61110	61200	1
CP142610.1	61200	61453	0
CP142610.1	61453	61526	1
CP142610.1	61526	61540	2
CP142610.1	61540	61608	1
CP142610.1	61608	61671	0
CP142610.1	61671	61691	1
CP142610.1	61691	61753	2
CP142610.1	61753	61797	1
CP142610.1	61797	61850	0
CP142610.1	61850	61912	1
CP142610.1	61912	61914	0
CP142610.1	61914	61918	1
CP142610.1	61918	61919	0
CP142610.1	61919	62019	1
CP142610.1	62019	62059	2
CP142610.1	62059	62060	1
CP142610.1	62060	62074	2
CP142610.1	62074	62081	3
CP142610.1	62081	62116	2
CP142610.1	62116	62151	1
CP142610.1	62151	62160	2
CP142610.1	62160	62172	3
CP142610.1	62172	62233	4
CP142610.1	62233	62282	3
CP142610.1	62282	62289	2
CP142610.1	62289	62333	1
CP142610.1	62333	62457	0
CP142610.1	62457	62508	1
CP142610.1	62508	62564	2
CP142610.1	62564	62567	1
CP142610.1	62567	62577	2
CP142610.1	62577	62677	1
CP142610.1	62677	62747	0
CP142610.1	62747	62914	1
CP142610.1	62914	62983	0
CP142610.1	62983	63047	1
CP142610.1	63047	63050	0
CP142610.1	63050	63089	1
CP142610.1	63089	63090	0
CP142610.1	63090	63143	1
CP142610.1	63143	63353	0
CP142610.1	63353	63369	1
CP142610.1	63369	63406	2
CP142610.1	63406	63450	1
CP142610.1	63450	63507	0
CP142610.1	63507	63574	1
CP142610.1	63574	63731	0
CP142610.1	63731	63764	1
CP142610.1	63764	63842	2
CP142610.1	63842	63845	3
CP142610.1	63845	63952	2
CP142610.1	63952	63953	0
CP142610.1	63953	63968	2
CP142610.1	63968	63977	1
CP142610.1	63977	63980	0
CP142610.1	63980	64047	1
CP142610.1	64047	64072	2
CP142610.1	64072	64073	1
CP142610.1	64073	64153	2
CP142610.1	64153	64194	1
CP142610.1	64194	64461	0
CP142610.1	64461	64523	1
CP142610.1	64523	64563	2
CP142610.1	64563	64590	1
CP142610.1	64590	64630	0
CP142610.1	64630	64643	1
CP142610.1	64643	64644	0
CP142610.1	64644	64670	1
CP142610.1	64670	64673	2
CP142610.1	64673	64769	1
CP142610.1	64769	64832	2
CP142610.1	64832	64833	1
CP142610.1	64833	64857	2
CP142610.1	64857	64860	1
CP142610.1	64860	65115	0
CP142610.1	65115	65129	1
CP142610.1	65129	65156	2
CP142610.1	65156	65254	1
CP142610.1	65254	65319	2
CP142610.1	65319	65336	1
CP142610.1	65336	65338	0
CP142610.1	65338	65351	1
CP142610.1	65351	65360	0
CP142610.1	65360	65423	1
CP142610.1	65423	65472	0
CP142610.1	65472	65506	1
CP142610.1	65506	65509	0
CP142610.1	65509	65517	1
CP142610.1	65517	65518	0
CP142610.1	65518	65583	1
CP142610.1	65583	65636	2
CP142610.1	65636	65637	1
CP142610.1	65637	65665	2
CP142610.1	65665	65710	1
CP142610.1	65710	65725	2
CP142610.1	65725	65727	1
CP142610.1	65727	65741	2
CP142610.1	65741	65742	1
CP142610.1	65742	65752	2
CP142610.1	65752	65753	1
CP142610.1	65753	65763	2
CP142610.1	65763	65766	1
CP142610.1	65766	65773	2
CP142610.1	65773	65777	3
CP142610.1	65777	65780	2
CP142610.1	65780	65790	3
CP142610.1	65790	65853	2
CP142610.1	65853	65912	1
CP142610.1	65912	65990	0
CP142610.1	65990	66037	2
CP142610.1	66037	66093	3
CP142610.1	66093	66141	2
CP142610.1	66141	66159	1
CP142610.1	66159	66237	0
CP142610.1	66237	66249	1
CP142610.1	66249	66352	2
CP142610.1	66352	66381	1
CP142610.1	66381	66444	2
CP142610.1	66444	66561	1
CP142610.1	66561	66661	0
CP142610.1	66661	66742	1
CP142610.1	66742	66885	0
CP142610.1	66885	66918	1
CP142610.1	66918	66940	2
CP142610.1	66940	66944	1
CP142610.1	66944	66945	0
CP142610.1	66945	66979	1
CP142610.1	66979	66995	0
CP142610.1	66995	67109	1
CP142610.1	67109	67120	2
CP142610.1	67120	67177	1
CP142610.1	67177	67207	0
CP142610.1	67207	67209	1
CP142610.1	67209	67290	2
CP142610.1	67290	67291	1
CP142610.1	67291	67301	2
CP142610.1	67301	67304	1
CP142610.1	67304	67334	2
CP142610.1	67334	67352	1
CP142610.1	67352	67354	0
CP142610.1	67354	67377	1
CP142610.1	67377	67700	0
CP142610.1	67700	67759	1
CP142610.1	67759	67909	0
CP142610.1	67909	67971	1
CP142610.1	67971	67984	2
CP142610.1	67984	67985	1
CP142610.1	67985	68028	2
CP142610.1	68028	68032	3
CP142610.1	68032	68033	2
CP142610.1	68033	68047	3
CP142610.1	68047	68055	2
CP142610.1	68055	68057	1
CP142610.1	68057	68092	2
CP142610.1	68092	68151	1
CP142610.1	68151	68152	0
CP142610.1	68152	68169	1
CP142610.1	68169	68170	0
CP142610.1	68170	68194	1
CP142610.1	68194	68195	0
CP142610.1	68195	68266	1
CP142610.1	68266	68356	0
CP142610.1	68356	68470	1
CP142610.1	68470	68763	0
CP142610.1	68763	68955	1
CP142610.1	68955	68980	2
CP142610.1	68980	69015	1
CP142610.1	69015	69053	2
CP142610.1	69053	69056	1
CP142610.1	69056	69131	2
CP142610.1	69131	69132	1
CP142610.1	69132	69135	2
CP142610.1	69135	69146	3
CP142610.1	69146	69156	2
CP142610.1	69156	69179	3
CP142610.1	69179	69233	2
CP142610.1	69233	69246	1
CP142610.1	69246	69271	0
CP142610.1	69271	69379	1
CP142610.1	69379	69387	2
CP142610.1	69387	69424	1
CP142610.1	69424	69425	0
CP142610.1	69425	69495	1
CP142610.1	69495	69501	2
CP142610.1	69501	69523	1
CP142610.1	69523	69567	2
CP142610.1	69567	69597	1
CP142610.1	69597	69908	0
CP142610.1	69908	69964	1
CP142610.1	69964	70091	0
CP142610.1	70091	70324	1
CP142610.1	70324	70332	2
CP142610.1	70332	70337	3
CP142610.1	70337	70348	2
CP142610.1	70348	70424	3
CP142610.1	70424	70476	2
CP142610.1	70476	70511	1
CP142610.1	70511	70572	2
CP142610.1	70572	70584	1
CP142610.1	70584	70594	2
CP142610.1	70594	70667	1
CP142610.1	70667	70862	0
CP142610.1	70862	70960	1
CP142610.1	70960	70988	2
CP142610.1	70988	71006	3
CP142610.1	71006	71007	2
CP142610.1	71007	71012	3
CP142610.1	71012	71013	2
CP142610.1	71013	71062	3
CP142610.1	71062	71066	2
CP142610.1	71066	71067	1
CP142610.1	71067	71087	2
CP142610.1	71087	71111	1
CP142610.1	71111	71123	2
CP142610.1	71123	71142	3
CP142610.1	71142	71143	2
CP142610.1	71143	71186	3
CP142610.1	71186	71203	2
CP142610.1	71203	71205	1
CP142610.1	71205	71219	2
CP142610.1	71219	71268	1
CP142610.1	71268	71282	0
CP142610.1	71282	71352	1
CP142610.1	71352	71357	0
CP142610.1	71357	71447	2
CP142610.1	71447	71457	1
CP142610.1	71457	71458	0
CP142610.1	71458	71476	1
CP142610.1	71476	71607	0
CP142610.1	71607	71709	1
CP142610.1	71709	71710	0
CP142610.1	71710	71775	1
CP142610.1	71775	71818	0
CP142610.1	71818	71943	1
CP142610.1	71943	72067	2
CP142610.1	72067	72138	3
CP142610.1	72138	72139	2
CP142610.1	72139	72168	3
CP142610.1	72168	72172	2
CP142610.1	72172	72178	1
CP142610.1	72178	72181	0
CP142610.1	72181	72207	1
CP142610.1	72207	72208	0
CP142610.1	72208	72234	1
CP142610.1	72234	72331	2
CP142610.1	72331	72448	1
CP142610.1	72448	72766	0
CP142610.1	72766	72827	1
CP142610.1	72827	72900	2
CP142610.1	72900	72915	3
CP142610.1	72915	72927	2
CP142610.1	72927	72949	3
CP142610.1	72949	72993	2
CP142610.1	72993	73082	3
CP142610.1	73082	73096	2
CP142610.1	73096	73101	3
CP142610.1	73101	73169	2
CP142610.1	73169	73171	0
CP142610.1	73171	73220	1
CP142610.1	73220	73287	2
CP142610.1	73287	73414	3
CP142610.1	73414	73428	2
CP142610.1	73428	73491	1
CP142610.1	73491	73594	0
CP142610.1	73594	73693	1
CP142610.1	73693	73841	0
CP142610.1	73841	73925	1
CP142610.1	73925	73937	0
CP142610.1	73937	74099	1
CP142610.1	74099	74128	2
CP142610.1	74128	74190	3
CP142610.1	74190	74196	2
CP142610.1	74196	74212	1
CP142610.1	74212	74213	0
CP142610.1	74213	74294	1
CP142610.1	74294	74417	0
CP142610.1	74417	74449	1
CP142610.1	74449	74450	0
CP142610.1	74450	74541	1
CP142610.1	74541	74620	0
CP142610.1	74620	74669	1
CP142610.1	74669	74749	2
CP142610.1	74749	74762	1
CP142610.1	74762	74784	2
CP142610.1	74784	74800	3
CP142610.1	74800	74814	4
CP142610.1	74814	74816	3
CP142610.1	74816	74820	4
CP142610.1	74820	74822	5
CP142610.1	74822	74844	4
CP142610.1	74844	74849	5
CP142610.1	74849	74855	4
CP142610.1	74855	74861	5
CP142610.1	74861	74865	4
CP142610.1	74865	74866	3
CP142610.1	74866	74887	4
CP142610.1	74887	74888	3
CP142610.1	74888	74928	4
CP142610.1	74928	74935	3
CP142610.1	74935	74946	2
CP142610.1	74946	74949	3
CP142610.1	74949	74951	2
CP142610.1	74951	74969	4
CP142610.1	74969	74981	5
CP142610.1	74981	75070	4
CP142610.1	75070	75071	3
CP142610.1	75071	75102	2
CP142610.1	75102	75135	1
CP142610.1	75135	75136	0
CP142610.1	75136	75165	1
CP142610.1	75165	75182	0
CP142610.1	75182	75233	1
CP142610.1	75233	75331	0
CP142610.1	75331	75419	1
CP142610.1	75419	75451	2
CP142610.1	75451	75467	3
CP142610.1	75467	75491	2
CP142610.1	75491	75492	1
CP142610.1	75492	75537	2
CP142610.1	75537	75585	1
CP142610.1	75585	75594	2
CP142610.1	75594	75595	1
CP142610.1	75595	75627	2
CP142610.1	75627	75630	1
CP142610.1	75630	75638	2
CP142610.1	75638	75646	1
CP142610.1	75646	75674	2
CP142610.1	75674	75701	1
CP142610.1	75701	75702	0
CP142610.1	75702	75703	1
CP142610.1	75703	75724	2
CP142610.1	75724	75725	1
CP142610.1	75725	75759	2
CP142610.1	75759	75844	3
CP142610.1	75844	75869	2
CP142610.1	75869	75978	1
CP142610.1	75978	75987	0
CP142610.1	75987	76007	1
CP142610.1	76007	76039	2
CP142610.1	76039	76040	1
CP142610.1	76040	76047	2
CP142610.1	76047	76048	1
CP142610.1	76048	76056	2
CP142610.1	76056	76057	1
CP142610.1	76057	76140	2
CP142610.1	76140	76152	1
CP142610.1	76152	76201	2
CP142610.1	76201	76210	1
CP142610.1	76210	76322	0
CP142610.1	76322	76331	1
CP142610.1	76331	76391	2
CP142610.1	76391	76392	0
CP142610.1	76392	76399	2
CP142610.1	76399	76438	3
CP142610.1	76438	76452	2
CP142610.1	76452	76453	0
CP142610.1	76453	76455	1
CP142610.1	76455	76463	3
CP142610.1	76463	76475	2
CP142610.1	76475	76490	3
CP142610.1	76490	76498	2
CP142610.1	76498	76528	3
CP142610.1	76528	76545	2
CP142610.1	76545	76546	1
CP142610.1	76546	76548	2
CP142610.1	76548	76591	1
CP142610.1	76591	76592	0
CP142610.1	76592	76640	1
CP142610.1	76640	76720	2
CP142610.1	76720	76724	1
CP142610.1	76724	76755	0
CP142610.1	76755	76853	1
CP142610.1	76853	76854	0
CP142610.1	76854	76884	1
CP142610.1	76884	76887	2
CP142610.1	76887	76910	1
CP142610.1	76910	76985	2
CP142610.1	76985	77036	1
CP142610.1	77036	77360	0
CP142610.1	77360	77621	1
CP142610.1	77621	77649	0
CP142610.1	77649	77744	1
CP142610.1	77744	77788	2
CP142610.1	77788	77789	1
CP142610.1	77789	77790	0
CP142610.1	77790	77804	2
CP142610.1	77804	77812	3
CP142610.1	77812	77820	2
CP142610.1	77820	77826	1
CP142610.1	77826	77838	2
CP142610.1	77838	77849	3
CP142610.1	77849	77868	4
CP142610.1	77868	77889	3
CP142610.1	77889	77893	4
CP142610.1	77893	77939	3
CP142610.1	77939	77992	4
CP142610.1	77992	78001	3
CP142610.1	78001	78014	2
CP142610.1	78014	78032	3
CP142610.1	78032	78067	4
CP142610.1	78067	78073	3
CP142610.1	78073	78198	1
CP142610.1	78198	78261	2
CP142610.1	78261	78262	1
CP142610.1	78262	78270	3
CP142610.1	78270	78271	2
CP142610.1	78271	78285	3
CP142610.1	78285	78348	2
CP142610.1	78348	78349	1
CP142610.1	78349	78375	2
CP142610.1	78375	78382	3
CP142610.1	78382	78384	2
CP142610.1	78384	78406	3
CP142610.1	78406	78409	2
CP142610.1	78409	78422	3
CP142610.1	78422	78456	2
CP142610.1	78456	78520	3
CP142610.1	78520	78539	2
CP142610.1	78539	78542	1
CP142610.1	78542	78570	2
CP142610.1	78570	78574	1
CP142610.1	78574	78642	0
CP142610.1	78642	78651	1
CP142610.1	78651	78652	0
CP142610.1	78652	78675	1
CP142610.1	78675	78693	2
CP142610.1	78693	78696	1
CP142610.1	78696	78725	2
CP142610.1	78725	78797	1
CP142610.1	78797	78873	0
CP142610.1	78873	78910	1
CP142610.1	78910	78914	0
CP142610.1	78914	78981	1
CP142610.1	78981	79021	0
CP142610.1	79021	79071	1
CP142610.1	79071	79079	2
CP142610.1	79079	79089	1
CP142610.1	79089	79090	0
CP142610.1	79090	79128	1
CP142610.1	79128	79427	0
CP142610.1	79427	79438	1
CP142610.1	79438	79481	2
CP142610.1	79481	79491	3
CP142610.1	79491	79500	4
CP142610.1	79500	79543	3
CP142610.1	79543	79594	2
CP142610.1	79594	79595	1
CP142610.1	79595	79658	2
CP142610.1	79658	79718	1
CP142610.1	79718	79763	0
CP142610.1	79763	79816	1
CP142610.1	79816	79851	0
CP142610.1	79851	79890	1
CP142610.1	79890	79892	0
CP142610.1	79892	79913	1
CP142610.1	79913	79914	0
CP142610.1	79914	79929	1
CP142610.1	79929	80044	2
CP142610.1	80044	80046	1
CP142610.1	80046	80059	2
CP142610.1	80059	80174	1
CP142610.1	80174	80209	2
CP142610.1	80209	80252	3
CP142610.1	80252	80336	4
CP142610.1	80336	80346	3
CP142610.1	80346	80417	2
CP142610.1	80417	80496	1
CP142610.1	80496	80699	0
CP142610.1	80699	80778	1
CP142610.1	80778	80803	0
CP142610.1	80803	80957	1
CP142610.1	80957	80958	0
CP142610.1	80958	80984	1
CP142610.1	80984	81020	0
CP142610.1	81020	81029	1
CP142610.1	81029	81030	0
CP142610.1	81030	81060	1
CP142610.1	81060	81061	0
CP142610.1	81061	81094	1
CP142610.1	81094	81119	2
CP142610.1	81119	81136	3
CP142610.1	81136	81180	2
CP142610.1	81180	81410	1
CP142610.1	81410	81538	0
CP142610.1	81538	81584	1
CP142610.1	81584	81603	2
CP142610.1	81603	81627	3
CP142610.1	81627	81634	4
CP142610.1	81634	81661	3
CP142610.1	81661	81664	2
CP142610.1	81664	81691	1
CP142610.1	81691	81720	2
CP142610.1	81720	81723	3
CP142610.1	81723	81743	4
CP142610.1	81743	81744	3
CP142610.1	81744	81782	4
CP142610.1	81782	81839	3
CP142610.1	81839	81841	2
CP142610.1	81841	81844	1
CP142610.1	81844	81886	2
CP142610.1	81886	81905	3
CP142610.1	81905	81906	2
CP142610.1	81906	81912	3
CP142610.1	81912	81914	2
CP142610.1	81914	81953	3
CP142610.1	81953	81958	2
CP142610.1	81958	81965	1
CP142610.1	81965	82013	2
CP142610.1	82013	82186	1
CP142610.1	82186	82237	0
CP142610.1	82237	82247	1
CP142610.1	82247	82255	2
CP142610.1	82255	82257	1
CP142610.1	82257	82345	2
CP142610.1	82345	82348	1
CP142610.1	82348	82357	2
CP142610.1	82357	82397	1
CP142610.1	82397	82409	0
CP142610.1	82409	82432	1
CP142610.1	82432	82448	2
CP142610.1	82448	82564	1
CP142610.1	82564	82611	0
CP142610.1	82611	82616	1
CP142610.1	82616	82759	2
CP142610.1	82759	82829	1
CP142610.1	82829	82837	0
CP142610.1	82837	82916	1
CP142610.1	82916	82929	0
CP142610.1	82929	82996	1
CP142610.1	82996	83039	0
CP142610.1	83039	83209	1
CP142610.1	83209	83227	2
CP142610.1	83227	83237	3
CP142610.1	83237	83239	4
CP142610.1	83239	83270	3
CP142610.1	83270	83281	2
CP142610.1	83281	83292	3
CP142610.1	83292	83309	2
CP142610.1	83309	83330	3
CP142610.1	83330	83331	2
CP142610.1	83331	83352	3
CP142610.1	83352	83435	4
CP142610.1	83435	83441	3
CP142610.1	83441	83467	4
CP142610.1	83467	83529	5
CP142610.1	83529	83590	4
CP142610.1	83590	83603	3
CP142610.1	83603	83605	2
CP142610.1	83605	83636	1
CP142610.1	83636	83680	0
CP142610.1	83680	83737	1
CP142610.1	83737	83862	2
CP142610.1	83862	83885	1
CP142610.1	83885	83914	2
CP142610.1	83914	84054	1
CP142610.1	84054	84102	2
CP142610.1	84102	84150	3
CP142610.1	84150	84153	2
CP142610.1	84153	84155	3
CP142610.1	84155	84158	2
CP142610.1	84158	84187	3
CP142610.1	84187	84188	2
CP142610.1	84188	84204	1
CP142610.1	84204	84299	0
CP142610.1	84299	84333	1
CP142610.1	84333	84354	2
CP142610.1	84354	84358	1
CP142610.1	84358	84390	2
CP142610.1	84390	84391	1
CP142610.1	84391	84435	2
CP142610.1	84435	84523	1
CP142610.1	84523	84572	2
CP142610.1	84572	84611	1
CP142610.1	84611	84619	2
CP142610.1	84619	84631	3
CP142610.1	84631	84669	4
CP142610.1	84669	84713	3
CP142610.1	84713	84744	2
CP142610.1	84744	84746	1
CP142610.1	84746	84762	2
CP142610.1	84762	84808	1
CP142610.1	84808	84809	0
CP142610.1	84809	85011	1
CP142610.1	85011	85367	0
CP142610.1	85367	85569	1
CP142610.1	85569	85649	0
CP142610.1	85649	85673	1
CP142610.1	85673	85688	2
CP142610.1	85688	85689	1
CP142610.1	85689	85741	2
CP142610.1	85741	85742	1
CP142610.1	85742	85758	2
CP142610.1	85758	85810	1
CP142610.1	85810	85916	0
CP142610.1	85916	85992	1
CP142610.1	85992	86002	2
CP142610.1	86002	86012	1
CP142610.1	86012	86066	2
CP142610.1	86066	86067	1
CP142610.1	86067	86082	2
CP142610.1	86082	86174	1
CP142610.1	86174	86181	0
CP142610.1	86181	86232	1
CP142610.1	86232	86380	0
CP142610.1	86380	86393	1
CP142610.1	86393	86403	2
CP142610.1	86403	86406	1
CP142610.1	86406	86456	2
CP142610.1	86456	86481	3
CP142610.1	86481	86536	2
CP142610.1	86536	86542	3
CP142610.1	86542	86589	2
CP142610.1	86589	86698	1
CP142610.1	86698	86837	0
CP142610.1	86837	86972	1
CP142610.1	86972	87083	2
CP142610.1	87083	87121	1
CP142610.1	87121	87551	0
CP142610.1	87551	87565	1
CP142610.1	87565	87568	2
CP142610.1	87568	87569	1
CP142610.1	87569	87630	2
CP142610.1	87630	87642	3
CP142610.1	87642	87643	2
CP142610.1	87643	87669	3
CP142610.1	87669	87670	2
CP142610.1	87670	87692	3
CP142610.1	87692	87693	1
CP142610.1	87693	87718	3
CP142610.1	87718	87742	2
CP142610.1	87742	87765	3
CP142610.1	87765	87770	2
CP142610.1	87770	87845	1
CP142610.1	87845	87852	2
CP142610.1	87852	87863	3
CP142610.1	87863	87893	4
CP142610.1	87893	87894	3
CP142610.1	87894	87909	4
CP142610.1	87909	87942	3
CP142610.1	87942	87945	2
CP142610.1	87945	87953	3
CP142610.1	87953	87989	2
CP142610.1	87989	88045	1
CP142610.1	88045	88090	2
CP142610.1	88090	88106	3
CP142610.1	88106	88130	2
CP142610.1	88130	88152	1
CP142610.1	88152	88182	2
CP142610.1	88182	88237	3
CP142610.1	88237	88300	2
CP142610.1	88300	88382	1
CP142610.1	88382	88926	0
CP142610.1	88926	89010	1
CP142610.1	89010	89031	2
CP142610.1	89031	89082	3
CP142610.1	89082	89107	2
CP142610.1	89107	89156	1
CP142610.1	89156	89181	2
CP142610.1	89181	89183	1
CP142610.1	89183	89187	2
CP142610.1	89187	89188	1
CP142610.1	89188	89227	2
CP142610.1	89227	89271	1
CP142610.1	89271	89293	0
CP142610.1	89293	89323	1
CP142610.1	89323	89324	0
CP142610.1	89324	89382	1
CP142610.1	89382	89546	0
CP142610.1	89546	89617	1
CP142610.1	89617	89774	0
CP142610.1	89774	89819	1
CP142610.1	89819	89901	2
CP142610.1	89901	89902	1
CP142610.1	89902	89977	0
CP142610.1	89977	89986	1
CP142610.1	89986	90005	2
CP142610.1	90005	90006	3
CP142610.1	90006	90009	2
CP142610.1	90009	90054	3
CP142610.1	90054	90097	2
CP142610.1	90097	90098	1
CP142610.1	90098	90117	2
CP142610.1	90117	90118	1
CP142610.1	90118	90150	2
CP142610.1	90150	90180	1
CP142610.1	90180	90343	0
CP142610.1	90343	90349	1
CP142610.1	90349	90395	2
CP142610.1	90395	90429	1
CP142610.1	90429	90488	2
CP142610.1	90488	90489	0
CP142610.1	90489	90512	2
CP142610.1	90512	90529	1
CP142610.1	90529	90668	0
CP142610.1	90668	90697	1
CP142610.1	90697	90716	2
CP142610.1	90716	90717	1
CP142610.1	90717	90734	2
CP142610.1	90734	90820	1
CP142610.1	90820	90835	2
CP142610.1	90835	90891	3
CP142610.1	90891	90909	2
CP142610.1	90909	90912	1
CP142610.1	90912	91092	0
CP142610.1	91092	91168	1
CP142610.1	91168	91367	2
CP142610.1	91367	91410	1
CP142610.1	91410	91475	0
CP142610.1	91475	91490	1
CP142610.1	91490	91560	2
CP142610.1	91560	91576	3
CP142610.1	91576	91579	2
CP142610.1	91579	91580	1
CP142610.1	91580	91595	2
CP142610.1	91595	91596	1
CP142610.1	91596	91604	2
CP142610.1	91604	91631	1
CP142610.1	91631	91954	0
CP142610.1	91954	92021	1
CP142610.1	92021	92022	0
CP142610.1	92022	92050	1
CP142610.1	92050	92087	2
CP142610.1	92087	92152	1
CP142610.1	92152	92203	2
CP142610.1	92203	92244	1
CP142610.1	92244	92295	0
CP142610.1	92295	92364	1
CP142610.1	92364	92405	0
CP142610.1	92405	92487	1
CP142610.1	92487	92493	0
CP142610.1	92493	92509	1
CP142610.1	92509	92510	2
CP142610.1	92510	92511	1
CP142610.1	92511	92513	2
CP142610.1	92513	92601	3
CP142610.1	92601	92663	4
CP142610.1	92663	92669	3
CP142610.1	92669	92678	2
CP142610.1	92678	92679	1
CP142610.1	92679	92783	2
CP142610.1	92783	92827	3
CP142610.1	92827	92857	2
CP142610.1	92857	92867	3
CP142610.1	92867	92883	2
CP142610.1	92883	92884	1
CP142610.1	92884	93002	2
CP142610.1	93002	93003	1
CP142610.1	93003	93082	2
CP142610.1	93082	93091	1
CP142610.1	93091	93124	2
CP142610.1	93124	93133	3
CP142610.1	93133	93134	2
CP142610.1	93134	93148	3
CP142610.1	93148	93149	2
CP142610.1	93149	93176	3
CP142610.1	93176	93223	2
CP142610.1	93223	93237	1
CP142610.1	93237	93334	2
CP142610.1	93334	93346	0
CP142610.1	93346	93383	1
CP142610.1	93383	93682	0
CP142610.1	93682	93836	1
CP142610.1	93836	93838	0
CP142610.1	93838	93846	1
CP142610.1	93846	93897	2
CP142610.1	93897	93900	1
CP142610.1	93900	93971	2
CP142610.1	93971	93988	1
CP142610.1	93988	94029	2
CP142610.1	94029	94096	1
CP142610.1	94096	94264	0
CP142610.1	94264	94270	1
CP142610.1	94270	94273	0
CP142610.1	94273	94295	1
CP142610.1	94295	94296	0
CP142610.1	94296	94321	1
CP142610.1	94321	94324	0
CP142610.1	94324	94339	1
CP142610.1	94339	94344	0
CP142610.1	94344	94487	1
CP142610.1	94487	94488	0
CP142610.1	94488	94625	1
CP142610.1	94625	94626	2
CP142610.1	94626	94635	3
CP142610.1	94635	94676	4
CP142610.1	94676	94678	3
CP142610.1	94678	94715	4
CP142610.1	94715	94716	2
CP142610.1	94716	94723	4
CP142610.1	94723	94724	3
CP142610.1	94724	94804	2
CP142610.1	94804	94809	1
CP142610.1	94809	94886	2
CP142610.1	94886	94888	0
CP142610.1	94888	94892	1
CP142610.1	94892	94963	2
CP142610.1	94963	95024	3
CP142610.1	95024	95025	1
CP142610.1	95025	95027	2
CP142610.1	95027	95032	3
CP142610.1	95032	95049	2
CP142610.1	95049	95050	1
CP142610.1	95050	95118	2
CP142610.1	95118	95119	3
CP142610.1	95119	95132	2
CP142610.1	95132	95135	1
CP142610.1	95135	95142	2
CP142610.1	95142	95144	1
CP142610.1	95144	95148	2
CP142610.1	95148	95193	1
CP142610.1	95193	95338	0
CP142610.1	95338	95374	1
CP142610.1	95374	95376	0
CP142610.1	95376	95377	1
CP142610.1	95377	95407	2
CP142610.1	95407	95408	1
CP142610.1	95408	95444	2
CP142610.1	95444	95460	1
CP142610.1	95460	95466	0
CP142610.1	95466	95506	1
CP142610.1	95506	95589	2
CP142610.1	95589	95677	1
CP142610.1	95677	95743	2
CP142610.1	95743	95755	1
CP142610.1	95755	95756	0
CP142610.1	95756	95778	1
CP142610.1	95778	95790	0
CP142610.1	95790	95872	1
CP142610.1	95872	95882	0
CP142610.1	95882	95940	1
CP142610.1	95940	95984	2
CP142610.1	95984	95991	1
CP142610.1	95991	96000	2
CP142610.1	96000	96001	1
CP142610.1	96001	96021	2
CP142610.1	96021	96027	3
CP142610.1	96027	96060	2
CP142610.1	96060	96061	1
CP142610.1	96061	96095	2
CP142610.1	96095	96112	1
CP142610.1	96112	96127	2
CP142610.1	96127	96169	1
CP142610.1	96169	96203	2
CP142610.1	96203	96264	1
CP142610.1	96264	96267	0
CP142610.1	96267	96338	1
CP142610.1	96338	96341	0
CP142610.1	96341	96534	1
CP142610.1	96534	96573	0
CP142610.1	96573	96657	1
CP142610.1	96657	96661	2
CP142610.1	96661	96720	3
CP142610.1	96720	96722	2
CP142610.1	96722	96778	1
CP142610.1	96778	96903	0
CP142610.1	96903	96937	1
CP142610.1	96937	96988	2
CP142610.1	96988	97003	1
CP142610.1	97003	97073	0
CP142610.1	97073	97220	1
CP142610.1	97220	97228	2
CP142610.1	97228	97232	1
CP142610.1	97232	97255	2
CP142610.1	97255	97267	3
CP142610.1	97267	97312	4
CP142610.1	97312	97324	3
CP142610.1	97324	97358	2
CP142610.1	97358	97364	3
CP142610.1	97364	97413	4
CP142610.1	97413	97428	3
CP142610.1	97428	97430	1
CP142610.1	97430	97473	3
CP142610.1	97473	97474	2
CP142610.1	97474	97516	3
CP142610.1	97516	97553	2
CP142610.1	97553	97574	1
CP142610.1	97574	97585	2
CP142610.1	97585	97629	1
CP142610.1	97629	97686	2
CP142610.1	97686	97692	1
CP142610.1	97692	97704	2
CP142610.1	97704	97727	3
CP142610.1	97727	97830	2
CP142610.1	97830	97836	1
CP142610.1	97836	97853	2
CP142610.1	97853	97860	1
CP142610.1	97860	97866	0
CP142610.1	97866	97938	1
CP142610.1	97938	97965	2
CP142610.1	97965	97969	1
CP142610.1	97969	98050	2
CP142610.1	98050	98078	1
CP142610.1	98078	98089	2
CP142610.1	98089	98100	3
CP142610.1	98100	98101	2
CP142610.1	98101	98122	3
CP142610.1	98122	98152	2
CP142610.1	98152	98168	1
CP142610.1	98168	98199	2
CP142610.1	98199	98298	1
CP142610.1	98298	98324	2
CP142610.1	98324	98325	1
CP142610.1	98325	98349	2
CP142610.1	98349	98481	1
CP142610.1	98481	98498	2
CP142610.1	98498	98502	3
CP142610.1	98502	98553	4
CP142610.1	98553	98554	1
CP142610.1	98554	98555	3
CP142610.1	98555	98576	4
CP142610.1	98576	98601	5
CP142610.1	98601	98602	4
CP142610.1	98602	98611	5
CP142610.1	98611	98660	4
CP142610.1	98660	98674	3
CP142610.1	98674	98681	2
CP142610.1	98681	98891	1
CP142610.1	98891	99243	0
CP142610.1	99243	99340	1
CP142610.1	99340	99410	2
CP142610.1	99410	99482	3
CP142610.1	99482	99510	2
CP142610.1	99510	99521	1
CP142610.1	99521	99522	0
CP142610.1	99522	99594	1
CP142610.1	99594	99597	0
CP142610.1	99597	99632	1
CP142610.1	99632	99667	0
CP142610.1	99667	99789	1
CP142610.1	99789	99918	0
CP142610.1	99918	99984	1
CP142610.1	99984	100027	0
CP142610.1	100027	100125	1
CP142610.1	100125	100131	2
CP142610.1	100131	100218	3
CP142610.1	100218	100280	2
CP142610.1	100280	100283	0
CP142610.1	100283	100299	2
CP142610.1	100299	100318	3
CP142610.1	100318	100383	2
CP142610.1	100383	100404	1
CP142610.1	100404	100493	0
CP142610.1	100493	100609	1
CP142610.1	100609	100643	2
CP142610.1	100643	100672	1
CP142610.1	100672	100675	0
CP142610.1	100675	100794	1
CP142610.1	100794	100845	0
CP142610.1	100845	100892	1
CP142610.1	100892	101029	2
CP142610.1	101029	101091	1
CP142610.1	101091	101092	0
CP142610.1	101092	101095	1
CP142610.1	101095	101151	2
CP142610.1	101151	101181	1
CP142610.1	101181	101186	0
CP142610.1	101186	101278	1
CP142610.1	101278	101298	2
CP142610.1	101298	101324	1
CP142610.1	101324	101364	2
CP142610.1	101364	101368	1
CP142610.1	101368	101528	2
CP142610.1	101528	101535	1
CP142610.1	101535	101542	2
CP142610.1	101542	101623	1
CP142610.1	101623	101634	2
CP142610.1	101634	101650	3
CP142610.1	101650	101708	4
CP142610.1	101708	101737	3
CP142610.1	101737	101775	2
CP142610.1	101775	101807	3
CP142610.1	101807	101863	2
CP142610.1	101863	101867	3
CP142610.1	101867	102024	2
CP142610.1	102024	102174	1
CP142610.1	102174	102279	0
CP142610.1	102279	102451	1
CP142610.1	102451	102500	0
CP142610.1	102500	102594	1
CP142610.1	102594	102719	2
CP142610.1	102719	102737	1
CP142610.1	102737	102766	0
CP142610.1	102766	102872	1
CP142610.1	102872	102946	2
CP142610.1	102946	102997	1
CP142610.1	102997	103012	2
CP142610.1	103012	103028	1
CP142610.1	103028	103068	2
CP142610.1	103068	103096	1
CP142610.1	103096	103144	0
CP142610.1	103144	103224	1
CP142610.1	103224	103265	0
CP142610.1	103265	103290	1
CP142610.1	103290	103295	0
CP142610.1	103295	103296	1
CP142610.1	103296	103303	2
CP142610.1	103303	103324	3
CP142610.1	103324	103327	2
CP142610.1	103327	103350	3
CP142610.1	103350	103353	2
CP142610.1	103353	103406	3
CP142610.1	103406	103418	4
CP142610.1	103418	103419	3
CP142610.1	103419	103434	4
CP142610.1	103434	103436	5
CP142610.1	103436	103439	4
CP142610.1	103439	103441	3
CP142610.1	103441	103461	4
CP142610.1	103461	103489	3
CP142610.1	103489	103519	4
CP142610.1	103519	103575	3
CP142610.1	103575	103669	2
CP142610.1	103669	103671	3
CP142610.1	103671	103697	4
CP142610.1	103697	103756	3
CP142610.1	103756	103761	2
CP142610.1	103761	103780	3
CP142610.1	103780	103782	2
CP142610.1	103782	103791	3
CP142610.1	103791	103809	4
CP142610.1	103809	103826	3
CP142610.1	103826	103860	2
CP142610.1	103860	103887	1
CP142610.1	103887	103905	0
CP142610.1	103905	104004	1
CP142610.1	104004	104021	0
CP142610.1	104021	104070	1
CP142610.1	104070	104108	0
CP142610.1	104108	104279	2
CP142610.1	104279	104295	3
CP142610.1	104295	104302	4
CP142610.1	104302	104424	2
CP142610.1	104424	104446	1
CP142610.1	104446	104526	0
CP142610.1	104526	104595	1
CP142610.1	104595	104597	2
CP142610.1	104597	104693	1
CP142610.1	104693	104767	2
CP142610.1	104767	104769	1
CP142610.1	104769	104778	0
CP142610.1	104778	104819	1
CP142610.1	104819	104934	2
CP142610.1	104934	104935	3
CP142610.1	104935	104996	4
CP142610.1	104996	105019	3
CP142610.1	105019	105029	4
CP142610.1	105029	105033	3
CP142610.1	105033	105059	4
CP142610.1	105059	105098	3
CP142610.1	105098	105143	4
CP142610.1	105143	105144	1
CP142610.1	105144	105174	4
CP142610.1	105174	105175	0
CP142610.1	105175	105211	3
CP142610.1	105211	105223	2
CP142610.1	105223	105224	1
CP142610.1	105224	105306	2
CP142610.1	105306	105321	1
CP142610.1	105321	105366	2
CP142610.1	105366	105452	3
CP142610.1	105452	105458	4
CP142610.1	105458	105459	3
CP142610.1	105459	105468	4
CP142610.1	105468	105481	2
CP142610.1	105481	105499	1
CP142610.1	105499	105641	0
CP142610.1	105641	105790	1
CP142610.1	105790	105839	2
CP142610.1	105839	105840	1
CP142610.1	105840	105894	2
CP142610.1	105894	105984	1
CP142610.1	105984	106033	0
CP142610.1	106033	106093	1
CP142610.1	106093	106103	2
CP142610.1	106103	106120	3
CP142610.1	106120	106167	2
CP142610.1	106167	106170	0
CP142610.1	106170	106197	2
CP142610.1	106197	106198	1
CP142610.1	106198	106200	0
CP142610.1	106200	106230	2
CP142610.1	106230	106308	1
CP142610.1	106308	106342	2
CP142610.1	106342	106343	1
CP142610.1	106343	106344	2
CP142610.1	106344	106347	3
CP142610.1	106347	106398	2
CP142610.1	106398	106411	3
CP142610.1	106411	106464	4
CP142610.1	106464	106473	3
CP142610.1	106473	106510	2
CP142610.1	106510	106524	1
CP142610.1	106524	106656	2
CP142610.1	106656	106708	3
CP142610.1	106708	106748	2
CP142610.1	106748	106751	1
CP142610.1	106751	106753	0
CP142610.1	106753	106754	1
CP142610.1	106754	106761	2
CP142610.1	106761	106767	3
CP142610.1	106767	106823	2
CP142610.1	106823	106857	1
CP142610.1	106857	106895	0
CP142610.1	106895	106975	1
CP142610.1	106975	107085	2
CP142610.1	107085	107100	3
CP142610.1	107100	107112	2
CP142610.1	107112	107290	1
CP142610.1	107290	107291	0
CP142610.1	107291	107293	1
CP142610.1	107293	107380	2
CP142610.1	107380	107384	3
CP142610.1	107384	107398	2
CP142610.1	107398	107421	3
CP142610.1	107421	107471	2
CP142610.1	107471	107518	1
CP142610.1	107518	107545	0
CP142610.1	107545	107599	1
CP142610.1	107599	107929	0
CP142610.1	107929	108010	1
CP142610.1	108010	108016	0
CP142610.1	108016	108056	1
CP142610.1	108056	108100	2
CP142610.1	108100	108101	1
CP142610.1	108101	108113	2
CP142610.1	108113	108140	1
CP142610.1	108140	108231	2
CP142610.1	108231	108272	1
CP142610.1	108272	108296	2
CP142610.1	108296	108308	1
CP142610.1	108308	108345	2
CP142610.1	108345	108426	1
CP142610.1	108426	108429	2
CP142610.1	108429	108480	1
CP142610.1	108480	108502	2
CP142610.1	108502	108517	3
CP142610.1	108517	108547	2
CP142610.1	108547	108598	3
CP142610.1	108598	108606	2
CP142610.1	108606	108611	1
CP142610.1	108611	108635	2
CP142610.1	108635	108650	3
CP142610.1	108650	108681	2
CP142610.1	108681	108719	3
CP142610.1	108719	108726	4
CP142610.1	108726	108738	3
CP142610.1	108738	108761	2
CP142610.1	108761	108762	1
CP142610.1	108762	108784	2
CP142610.1	108784	108828	1
CP142610.1	108828	108843	2
CP142610.1	108843	108844	1
CP142610.1	108844	108884	2
CP142610.1	108884	108897	1
CP142610.1	108897	109093	0
CP142610.1	109093	109117	1
CP142610.1	109117	109176	2
CP142610.1	109176	109206	3
CP142610.1	109206	109232	4
CP142610.1	109232	109245	3
CP142610.1	109245	109246	2
CP142610.1	109246	109292	3
CP142610.1	109292	109293	4
CP142610.1	109293	109308	3
CP142610.1	109308	109357	2
CP142610.1	109357	109358	1
CP142610.1	109358	109359	0
CP142610.1	109359	109424	1
CP142610.1	109424	109487	0
CP142610.1	109487	109582	1
CP142610.1	109582	109854	0
CP142610.1	109854	109911	1
CP142610.1	109911	109920	0
CP142610.1	109920	110022	1
CP142610.1	110022	110063	0
CP142610.1	110063	110076	1
CP142610.1	110076	110112	2
CP142610.1	110112	110154	1
CP142610.1	110154	110177	2
CP142610.1	110177	110178	1
CP142610.1	110178	110190	2
CP142610.1	110190	110247	1
CP142610.1	110247	110260	0
CP142610.1	110260	110313	1
CP142610.1	110313	110353	2
CP142610.1	110353	110354	1
CP142610.1	110354	110377	2
CP142610.1	110377	110381	1
CP142610.1	110381	110432	2
CP142610.1	110432	110433	1
CP142610.1	110433	110488	2
CP142610.1	110488	110504	1
CP142610.1	110504	110505	2
CP142610.1	110505	110549	3
CP142610.1	110549	110561	2
CP142610.1	110561	110582	3
CP142610.1	110582	110586	2
CP142610.1	110586	110618	3
CP142610.1	110618	110626	4
CP142610.1	110626	110642	3
CP142610.1	110642	110682	2
CP142610.1	110682	110724	3
CP142610.1	110724	110758	2
CP142610.1	110758	110762	1
CP142610.1	110762	110763	0
CP142610.1	110763	110799	1
CP142610.1	110799	110914	0
CP142610.1	110914	110954	1
CP142610.1	110954	110957	0
CP142610.1	110957	110987	1
CP142610.1	110987	111070	0
CP142610.1	111070	111208	1
CP142610.1	111208	111294	2
CP142610.1	111294	111331	1
CP142610.1	111331	111345	0
CP142610.1	111345	111418	1
CP142610.1	111418	111495	0
CP142610.1	111495	111534	1
CP142610.1	111534	111581	2
CP142610.1	111581	111590	1
CP142610.1	111590	111628	2
CP142610.1	111628	111737	1
CP142610.1	111737	111745	0
CP142610.1	111745	111861	1
CP142610.1	111861	111890	0
CP142610.1	111890	111965	1
CP142610.1	111965	112049	0
CP142610.1	112049	112141	1
CP142610.1	112141	112144	0
CP142610.1	112144	112192	1
CP142610.1	112192	112198	2
CP142610.1	112198	112202	1
CP142610.1	112202	112210	2
CP142610.1	112210	112211	1
CP142610.1	112211	112232	2
CP142610.1	112232	112271	1
CP142610.1	112271	112275	0
CP142610.1	112275	112349	1
CP142610.1	112349	112359	2
CP142610.1	112359	112411	1
CP142610.1	112411	112420	2
CP142610.1	112420	112478	3
CP142610.1	112478	112479	2
CP142610.1	112479	112521	3
CP142610.1	112521	112579	2
CP142610.1	112579	112601	3
CP142610.1	112601	112602	1
CP142610.1	112602	112603	2
CP142610.1	112603	112618	3
CP142610.1	112618	112624	4
CP142610.1	112624	112626	3
CP142610.1	112626	112637	4
CP142610.1	112637	112639	3
CP142610.1	112639	112644	4
CP142610.1	112644	112645	3
CP142610.1	112645	112653	4
CP142610.1	112653	112680	3
CP142610.1	112680	112684	2
CP142610.1	112684	112687	1
CP142610.1	112687	112698	2
CP142610.1	112698	112719	1
CP142610.1	112719	112778	0
CP142610.1	112778	112836	1
CP142610.1	112836	112841	2
CP142610.1	112841	113048	1
CP142610.1	113048	113137	2
CP142610.1	113137	113174	1
CP142610.1	113174	113204	2
CP142610.1	113204	113205	1
CP142610.1	113205	113209	2
CP142610.1	113209	113210	3
CP142610.1	113210	113245	2
CP142610.1	113245	113288	1
CP142610.1	113288	113446	0
CP142610.1	113446	113525	1
CP142610.1	113525	113562	0
CP142610.1	113562	113597	1
CP142610.1	113597	113598	0
CP142610.1	113598	113760	1
CP142610.1	113760	113809	2
CP142610.1	113809	113905	1
CP142610.1	113905	113939	0
CP142610.1	113939	113961	1
CP142610.1	113961	113963	0
CP142610.1	113963	113964	1
CP142610.1	113964	114057	2
CP142610.1	114057	114058	1
CP142610.1	114058	114059	0
CP142610.1	114059	114060	1
CP142610.1	114060	114083	2
CP142610.1	114083	114102	3
CP142610.1	114102	114104	2
CP142610.1	114104	114132	3
CP142610.1	114132	114152	2
CP142610.1	114152	114202	1
CP142610.1	114202	114244	0
CP142610.1	114244	114362	1
CP142610.1	114362	114484	2
CP142610.1	114484	114501	1
CP142610.1	114501	114543	0
CP142610.1	114543	114596	1
CP142610.1	114596	114605	0
CP142610.1	114605	114659	1
CP142610.1	114659	114837	0
CP142610.1	114837	114870	1
CP142610.1	114870	114871	2
CP142610.1	114871	114872	1
CP142610.1	114872	114921	2
CP142610.1	114921	115005	1
CP142610.1	115005	115114	0
CP142610.1	115114	115171	1
CP142610.1	115171	115228	0
CP142610.1	115228	115302	1
CP142610.1	115302	115304	0
CP142610.1	115304	115363	1
CP142610.1	115363	115429	2
CP142610.1	115429	115546	1
CP142610.1	115546	115795	0
CP142610.1	115795	115854	1
CP142610.1	115854	115891	0
CP142610.1	115891	115896	1
CP142610.1	115896	115897	2
CP142610.1	115897	115926	3
CP142610.1	115926	115950	4
CP142610.1	115950	116120	3
CP142610.1	116120	116168	1
CP142610.1	116168	116290	0
CP142610.1	116290	116378	1
CP142610.1	116378	116401	2
CP142610.1	116401	116451	1
CP142610.1	116451	116477	2
CP142610.1	116477	116480	1
CP142610.1	116480	116614	2
CP142610.1	116614	116660	1
CP142610.1	116660	116664	2
CP142610.1	116664	116670	3
CP142610.1	116670	116711	4
CP142610.1	116711	116712	3
CP142610.1	116712	116721	4
CP142610.1	116721	116729	5
CP142610.1	116729	116759	4
CP142610.1	116759	116771	3
CP142610.1	116771	116784	4
CP142610.1	116784	116803	3
CP142610.1	116803	116837	2
CP142610.1	116837	116839	1
CP142610.1	116839	116854	2
CP142610.1	116854	116903	3
CP142610.1	116903	116925	2
CP142610.1	116925	116927	1
CP142610.1	116927	117048	3
CP142610.1	117048	117058	2
CP142610.1	117058	117090	1
CP142610.1	117090	117179	2
CP142610.1	117179	117207	1
CP142610.1	117207	117287	0
CP142610.1	117287	117296	1
CP142610.1	117296	117304	2
CP142610.1	117304	117386	3
CP142610.1	117386	117387	2
CP142610.1	117387	117430	3
CP142610.1	117430	117442	2
CP142610.1	117442	117450	1
CP142610.1	117450	117487	2
CP142610.1	117487	117506	3
CP142610.1	117506	117514	2
CP142610.1	117514	117536	3
CP142610.1	117536	117537	2
CP142610.1	117537	117658	3
CP142610.1	117658	117686	2
CP142610.1	117686	117688	1
CP142610.1	117688	117778	2
CP142610.1	117778	117948	1
CP142610.1	117948	118089	0
CP142610.1	118089	118250	1
CP142610.1	118250	118251	2
CP142610.1	118251	118308	1
CP142610.1	118308	118315	0
CP142610.1	118315	118458	1
CP142610.1	118458	118746	0
CP142610.1	118746	118919	1
CP142610.1	118919	118965	2
CP142610.1	118965	119036	1
CP142610.1	119036	119188	0
CP142610.1	119188	119212	1
CP142610.1	119212	119221	2
CP142610.1	119221	119222	3
CP142610.1	119222	119223	2
CP142610.1	119223	119309	3
CP142610.1	119309	119340	2
CP142610.1	119340	119392	1
CP142610.1	119392	119396	2
CP142610.1	119396	119538	1
CP142610.1	119538	120278	0
CP142610.1	120278	120316	1
CP142610.1	120316	120317	0
CP142610.1	120317	120343	1
CP142610.1	120343	120344	0
CP142610.1	120344	120400	1
CP142610.1	120400	120510	0
CP142610.1	120510	120680	1
CP142610.1	120680	120809	0
CP142610.1	120809	120876	1
CP142610.1	120876	121041	2
CP142610.1	121041	121064	1
CP142610.1	121064	121098	0
CP142610.1	121098	121158	1
CP142610.1	121158	121270	2
CP142610.1	121270	121298	1
CP142610.1	121298	121355	0
CP142610.1	121355	121492	1
CP142610.1	121492	121493	0
CP142610.1	121493	121654	1
CP142610.1	121654	121784	0
CP142610.1	121784	121844	1
CP142610.1	121844	121845	0
CP142610.1	121845	121865	1
CP142610.1	121865	121867	0
CP142610.1	121867	121954	1
CP142610.1	121954	122162	0
CP142610.1	122162	122222	1
CP142610.1	122222	122359	2
CP142610.1	122359	122390	1
CP142610.1	122390	122469	2
CP142610.1	122469	122510	1
CP142610.1	122510	122596	0
CP142610.1	122596	122753	1
CP142610.1	122753	122831	0
CP142610.1	122831	123036	1
CP142610.1	123036	123039	0
CP142610.1	123039	123048	1
CP142610.1	123048	123088	2
CP142610.1	123088	123103	1
CP142610.1	123103	123150	0
CP142610.1	123150	123207	1
CP142610.1	123207	123210	0
CP142610.1	123210	123366	1
CP142610.1	123366	123367	0
CP142610.1	123367	123484	1
CP142610.1	123484	123485	0
CP142610.1	123485	123540	1
CP142610.1	123540	123652	2
CP142610.1	123652	123655	3
CP142610.1	123655	123676	2
CP142610.1	123676	123677	1
CP142610.1	123677	123695	2
CP142610.1	123695	123718	3
CP142610.1	123718	123722	2
CP142610.1	123722	123727	4
CP142610.1	123727	123751	5
CP142610.1	123751	123763	4
CP142610.1	123763	123764	3
CP142610.1	123764	123769	4
CP142610.1	123769	123791	3
CP142610.1	123791	123837	2
CP142610.1	123837	123866	1
CP142610.1	123866	123867	0
CP142610.1	123867	123978	1
CP142610.1	123978	124004	2
CP142610.1	124004	124051	1
CP142610.1	124051	124064	2
CP142610.1	124064	124088	3
CP142610.1	124088	124101	2
CP142610.1	124101	124226	1
CP142610.1	124226	124229	0
CP142610.1	124229	124263	1
CP142610.1	124263	124264	0
CP142610.1	124264	124437	1
CP142610.1	124437	124524	0
CP142610.1	124524	124645	1
CP142610.1	124645	124719	2
CP142610.1	124719	124720	1
CP142610.1	124720	124721	0
CP142610.1	124721	124725	1
CP142610.1	124725	124731	2
CP142610.1	124731	124733	3
CP142610.1	124733	124782	4
CP142610.1	124782	124783	0
CP142610.1	124783	124784	1
CP142610.1	124784	124812	4
CP142610.1	124812	124813	3
CP142610.1	124813	124814	2
CP142610.1	124814	124826	3
CP142610.1	124826	124887	2
CP142610.1	124887	125012	1
CP142610.1	125012	125049	0
CP142610.1	125049	125163	1
CP142610.1	125163	125165	0
CP142610.1	125165	125243	1
CP142610.1	125243	125292	2
CP142610.1	125292	125293	1
CP142610.1	125293	125300	2
CP142610.1	125300	125377	1
CP142610.1	125377	125384	0
CP142610.1	125384	125403	1
CP142610.1	125403	125410	2
CP142610.1	125410	125446	3
CP142610.1	125446	125447	2
CP142610.1	125447	125448	1
CP142610.1	125448	125487	2
CP142610.1	125487	125616	1
CP142610.1	125616	125700	0
CP142610.1	125700	125768	1
CP142610.1	125768	125770	2
CP142610.1	125770	125780	3
CP142610.1	125780	125782	2
CP142610.1	125782	125837	3
CP142610.1	125837	125838	2
CP142610.1	125838	125896	3
CP142610.1	125896	125965	2
CP142610.1	125965	125984	1
CP142610.1	125984	126000	2
CP142610.1	126000	126069	3
CP142610.1	126069	126078	2
CP142610.1	126078	126079	1
CP142610.1	126079	126108	2
CP142610.1	126108	126111	1
CP142610.1	126111	126112	0
CP142610.1	126112	126156	1
CP142610.1	126156	126186	2
CP142610.1	126186	126212	3
CP142610.1	126212	126218	2
CP142610.1	126218	126239	1
CP142610.1	126239	126247	2
CP142610.1	126247	126276	3
CP142610.1	126276	126354	2
CP142610.1	126354	126512	1
CP142610.1	126512	126532	0
CP142610.1	126532	126604	1
CP142610.1	126604	126703	0
CP142610.1	126703	126757	1
CP142610.1	126757	126758	0
CP142610.1	126758	126845	1
CP142610.1	126845	127191	0
CP142610.1	127191	127203	1
CP142610.1	127203	127227	2
CP142610.1	127227	127290	3
CP142610.1	127290	127306	2
CP142610.1	127306	127308	1
CP142610.1	127308	127361	2
CP142610.1	127361	127364	1
CP142610.1	127364	127372	2
CP142610.1	127372	127397	1
CP142610.1	127397	127421	0
CP142610.1	127421	127477	1
CP142610.1	127477	127480	0
CP142610.1	127480	127485	1
CP142610.1	127485	127565	2
CP142610.1	127565	127584	1
CP142610.1	127584	127766	0
CP142610.1	127766	127780	1
CP142610.1	127780	127819	2
CP142610.1	127819	127820	1
CP142610.1	127820	127847	2
CP142610.1	127847	127853	1
CP142610.1	127853	127908	0
CP142610.1	127908	127958	1
CP142610.1	127958	127973	2
CP142610.1	127973	127983	3
CP142610.1	127983	128018	2
CP142610.1	128018	128038	1
CP142610.1	128038	128301	0
CP142610.1	128301	128311	1
CP142610.1	128311	128378	2
CP142610.1	128378	128455	1
CP142610.1	128455	128458	2
CP142610.1	128458	128563	1
CP142610.1	128563	128626	2
CP142610.1	128626	128652	3
CP142610.1	128652	128657	2
CP142610.1	128657	128687	3
CP142610.1	128687	128709	4
CP142610.1	128709	128727	3
CP142610.1	128727	128757	2
CP142610.1	128757	128775	1
CP142610.1	128775	128793	2
CP142610.1	128793	128796	1
CP142610.1	128796	128809	2
CP142610.1	128809	128810	1
CP142610.1	128810	128838	2
CP142610.1	128838	128961	1
CP142610.1	128961	128994	0
CP142610.1	128994	129083	1
CP142610.1	129083	129113	0
CP142610.1	129113	129141	1
CP142610.1	129141	129265	2
CP142610.1	129265	129291	3
CP142610.1	129291	129383	4
CP142610.1	129383	129396	3
CP142610.1	129396	129397	4
CP142610.1	129397	129398	3
CP142610.1	129398	129450	4
CP142610.1	129450	129460	3
CP142610.1	129460	129482	4
CP142610.1	129482	129483	2
CP142610.1	129483	129533	4
CP142610.1	129533	129540	3
CP142610.1	129540	129541	2
CP142610.1	129541	129547	3
CP142610.1	129547	129591	2
CP142610.1	129591	129603	0
CP142610.1	129603	129659	2
CP142610.1	129659	129674	3
CP142610.1	129674	129695	4
CP142610.1	129695	129707	3
CP142610.1	129707	129738	4
CP142610.1	129738	129745	3
CP142610.1	129745	129781	4
CP142610.1	129781	129789	3
CP142610.1	129789	129794	2
CP142610.1	129794	129849	3
CP142610.1	129849	129850	2
CP142610.1	129850	129863	3
CP142610.1	129863	129957	2
CP142610.1	129957	129958	1
CP142610.1	129958	129970	2
CP142610.1	129970	129971	1
CP142610.1	129971	130033	2
CP142610.1	130033	130096	3
CP142610.1	130096	130097	2
CP142610.1	130097	130115	3
CP142610.1	130115	130141	2
CP142610.1	130141	130142	1
CP142610.1	130142	130176	2
CP142610.1	130176	130180	1
CP142610.1	130180	130240	0
CP142610.1	130240	130308	1
CP142610.1	130308	130345	2
CP142610.1	130345	130359	3
CP142610.1	130359	130360	1
CP142610.1	130360	130508	2
CP142610.1	130508	130517	3
CP142610.1	130517	130554	2
CP142610.1	130554	130680	1
CP142610.1	130680	130681	2
CP142610.1	130681	130758	3
CP142610.1	130758	130794	2
CP142610.1	130794	130796	3
CP142610.1	130796	130837	2
CP142610.1	130837	130886	3
CP142610.1	130886	130923	2
CP142610.1	130923	130972	1
CP142610.1	130972	130974	2
CP142610.1	130974	131123	1
CP142610.1	131123	131129	2
CP142610.1	131129	131139	1
CP142610.1	131139	131178	2
CP142610.1	131178	131390	1
CP142610.1	131390	131546	0
CP142610.1	131546	131638	1
CP142610.1	131638	131661	2
CP142610.1	131661	131662	1
CP142610.1	131662	131713	2
CP142610.1	131713	131718	3
CP142610.1	131718	131732	2
CP142610.1	131732	131885	1
CP142610.1	131885	132082	0
CP142610.1	132082	132122	1
CP142610.1	132122	132140	2
CP142610.1	132140	132164	3
CP142610.1	132164	132166	2
CP142610.1	132166	132168	3
CP142610.1	132168	132180	4
CP142610.1	132180	132217	3
CP142610.1	132217	132219	2
CP142610.1	132219	132267	3
CP142610.1	132267	132306	2
CP142610.1	132306	132375	1
CP142610.1	132375	132541	0
CP142610.1	132541	132559	1
CP142610.1	132559	132629	2
CP142610.1	132629	132668	3
CP142610.1	132668	132785	2
CP142610.1	132785	132798	3
CP142610.1	132798	132829	2
CP142610.1	132829	132830	1
CP142610.1	132830	132860	2
CP142610.1	132860	132908	3
CP142610.1	132908	132911	2
CP142610.1	132911	132934	1
CP142610.1	132934	132936	0
CP142610.1	132936	132980	1
CP142610.1	132980	133072	2
CP142610.1	133072	133121	3
CP142610.1	133121	133144	2
CP142610.1	133144	133145	1
CP142610.1	133145	133231	2
CP142610.1	133231	133312	1
CP142610.1	133312	133343	2
CP142610.1	133343	133498	1
CP142610.1	133498	133513	2
CP142610.1	133513	133553	1
CP142610.1	133553	133568	0
CP142610.1	133568	133592	1
CP142610.1	133592	133598	0
CP142610.1	133598	133761	1
CP142610.1	133761	133783	2
CP142610.1	133783	133850	3
CP142610.1	133850	133910	2
CP142610.1	133910	134017	3
CP142610.1	134017	134018	2
CP142610.1	134018	134047	3
CP142610.1	134047	134080	2
CP142610.1	134080	134094	1
CP142610.1	134094	134100	2
CP142610.1	134100	134112	3
CP142610.1	134112	134144	4
CP142610.1	134144	134145	3
CP142610.1	134145	134163	4
CP142610.1	134163	134164	2
CP142610.1	134164	134180	3
CP142610.1	134180	134217	4
CP142610.1	134217	134234	3
CP142610.1	134234	134254	4
CP142610.1	134254	134266	3
CP142610.1	134266	134267	2
CP142610.1	134267	134280	3
CP142610.1	134280	134281	2
CP142610.1	134281	134292	3
CP142610.1	134292	134293	2
CP142610.1	134293	134294	1
CP142610.1	134294	134304	3
CP142610.1	134304	134305	2
CP142610.1	134305	134348	3
CP142610.1	134348	134359	2
CP142610.1	134359	134383	1
CP142610.1	134383	134404	2
CP142610.1	134404	134443	1
CP142610.1	134443	134457	2
CP142610.1	134457	134513	1
CP142610.1	134513	134525	2
CP142610.1	134525	134593	1
CP142610.1	134593	134594	0
CP142610.1	134594	134604	1
CP142610.1	134604	134624	2
CP142610.1	134624	134627	1
CP142610.1	134627	134653	2
CP142610.1	134653	134678	3
CP142610.1	134678	134679	2
CP142610.1	134679	134688	3
CP142610.1	134688	134743	4
CP142610.1	134743	134754	3
CP142610.1	134754	134827	2
CP142610.1	134827	134837	1
CP142610.1	134837	134887	2
CP142610.1	134887	134914	1
CP142610.1	134914	135019	2
CP142610.1	135019	135023	1
CP142610.1	135023	135095	2
CP142610.1	135095	135133	1
CP142610.1	135133	135138	0
CP142610.1	135138	135258	1
CP142610.1	135258	135259	0
CP142610.1	135259	135295	1
CP142610.1	135295	135300	0
CP142610.1	135300	135324	1
CP142610.1	135324	135463	0
CP142610.1	135463	135504	1
CP142610.1	135504	135512	0
CP142610.1	135512	135591	1
CP142610.1	135591	135610	2
CP142610.1	135610	135897	1
CP142610.1	135897	136178	0
CP142610.1	136178	136219	1
CP142610.1	136219	136231	2
CP142610.1	136231	136283	1
CP142610.1	136283	136284	0
CP142610.1	136284	136357	1
CP142610.1	136357	136359	2
CP142610.1	136359	136362	3
CP142610.1	136362	136401	4
CP142610.1	136401	136402	3
CP142610.1	136402	136409	4
CP142610.1	136409	136418	3
CP142610.1	136418	136453	2
CP142610.1	136453	136454	1
CP142610.1	136454	136483	2
CP142610.1	136483	136658	1
CP142610.1	136658	136693	0
CP142610.1	136693	136786	1
CP142610.1	136786	136787	0
CP142610.1	136787	136811	1
CP142610.1	136811	136909	0
CP142610.1	136909	136922	1
CP142610.1	136922	136939	2
CP142610.1	136939	136941	1
CP142610.1	136941	136950	2
CP142610.1	136950	136959	3
CP142610.1	136959	136985	2
CP142610.1	136985	137043	1
CP142610.1	137043	137044	0
CP142610.1	137044	137104	1
CP142610.1	137104	137149	2
CP142610.1	137149	137157	3
CP142610.1	137157	137212	2
CP142610.1	137212	137254	1
CP142610.1	137254	137284	2
CP142610.1	137284	137317	3
CP142610.1	137317	137332	2
CP142610.1	137332	137334	1
CP142610.1	137334	137338	2
CP142610.1	137338	137387	3
CP142610.1	137387	137398	2
CP142610.1	137398	137435	1
CP142610.1	137435	137466	2
CP142610.1	137466	137541	1
CP142610.1	137541	137614	2
CP142610.1	137614	137630	3
CP142610.1	137630	137653	4
CP142610.1	137653	137726	3
CP142610.1	137726	137780	4
CP142610.1	137780	137799	3
CP142610.1	137799	137806	2
CP142610.1	137806	137810	1
CP142610.1	137810	137846	2
CP142610.1	137846	137892	3
CP142610.1	137892	137910	2
CP142610.1	137910	138045	1
CP142610.1	138045	138414	0
CP142610.1	138414	138418	1
CP142610.1	138418	138494	2
CP142610.1	138494	138498	1
CP142610.1	138498	138514	0
CP142610.1	138514	138587	1
CP142610.1	138587	138591	0
CP142610.1	138591	138604	1
CP142610.1	138604	138713	2
CP142610.1	138713	138758	1
CP142610.1	138758	138797	2
CP142610.1	138797	138854	3
CP142610.1	138854	138878	2
CP142610.1	138878	138879	1
CP142610.1	138879	138962	2
CP142610.1	138962	139049	1
CP142610.1	139049	139091	0
CP142610.1	139091	139109	1
CP142610.1	139109	139166	2
CP142610.1	139166	139210	1
CP142610.1	139210	139211	0
CP142610.1	139211	139213	1
CP142610.1	139213	139239	2
CP142610.1	139239	139240	1
CP142610.1	139240	139273	2
CP142610.1	139273	139280	1
CP142610.1	139280	139341	2
CP142610.1	139341	139392	1
CP142610.1	139392	139448	2
CP142610.1	139448	139452	1
CP142610.1	139452	139475	0
CP142610.1	139475	139492	1
CP142610.1	139492	139494	2
CP142610.1	139494	139567	3
CP142610.1	139567	139568	2
CP142610.1	139568	139604	3
CP142610.1	139604	139673	2
CP142610.1	139673	139674	1
CP142610.1	139674	139683	2
CP142610.1	139683	139686	1
CP142610.1	139686	139698	2
CP142610.1	139698	139772	1
CP142610.1	139772	139873	0
CP142610.1	139873	139928	1
CP142610.1	139928	139931	0
CP142610.1	139931	139947	1
CP142610.1	139947	139967	2
CP142610.1	139967	139989	1
CP142610.1	139989	140057	0
CP142610.1	140057	140096	1
CP142610.1	140096	140098	0
CP142610.1	140098	140166	1
CP142610.1	140166	140198	2
CP142610.1	140198	140213	3
CP142610.1	140213	140284	2
CP142610.1	140284	140315	1
CP142610.1	140315	140366	2
CP142610.1	140366	140438	1
CP142610.1	140438	140442	2
CP142610.1	140442	140448	3
CP142610.1	140448	140501	2
CP142610.1	140501	140521	1
CP142610.1	140521	140553	2
CP142610.1	140553	140554	3
CP142610.1	140554	140568	4
CP142610.1	140568	140570	3
CP142610.1	140570	140610	4
CP142610.1	140610	140622	3
CP142610.1	140622	140634	4
CP142610.1	140634	140639	3
CP142610.1	140639	140654	4
CP142610.1	140654	140665	3
CP142610.1	140665	140670	2
CP142610.1	140670	140671	1
CP142610.1	140671	140737	2
CP142610.1	140737	140847	1
CP142610.1	140847	140921	2
CP142610.1	140921	140972	3
CP142610.1	140972	140974	2
CP142610.1	140974	141002	1
CP142610.1	141002	141024	2
CP142610.1	141024	141079	3
CP142610.1	141079	141085	2
CP142610.1	141085	141112	1
CP142610.1	141112	141166	2
CP142610.1	141166	141232	3
CP142610.1	141232	141236	2
CP142610.1	141236	141245	1
CP142610.1	141245	141257	2
CP142610.1	141257	141364	1
CP142610.1	141364	141520	0
CP142610.1	141520	141548	1
CP142610.1	141548	141601	2
CP142610.1	141601	141618	3
CP142610.1	141618	141627	2
CP142610.1	141627	141787	1
CP142610.1	141787	141816	0
CP142610.1	141816	141846	1
CP142610.1	141846	141849	0
CP142610.1	141849	141861	1
CP142610.1	141861	141872	2
CP142610.1	141872	141937	1
CP142610.1	141937	142013	2
CP142610.1	142013	142022	1
CP142610.1	142022	142033	2
CP142610.1	142033	142044	3
CP142610.1	142044	142080	2
CP142610.1	142080	142081	3
CP142610.1	142081	142094	2
CP142610.1	142094	142097	1
CP142610.1	142097	142137	2
CP142610.1	142137	142143	3
CP142610.1	142143	142168	2
CP142610.1	142168	142202	3
CP142610.1	142202	142248	4
CP142610.1	142248	142296	3
CP142610.1	142296	142301	2
CP142610.1	142301	142313	1
CP142610.1	142313	142337	2
CP142610.1	142337	142407	1
CP142610.1	142407	142433	2
CP142610.1	142433	142501	3
CP142610.1	142501	142575	2
CP142610.1	142575	142581	1
CP142610.1	142581	142601	2
CP142610.1	142601	142652	1
CP142610.1	142652	142664	0
CP142610.1	142664	142667	1
CP142610.1	142667	142668	0
CP142610.1	142668	142679	1
CP142610.1	142679	142680	0
CP142610.1	142680	142735	1
CP142610.1	142735	142740	0
CP142610.1	142740	142857	1
CP142610.1	142857	142872	0
CP142610.1	142872	142989	1
CP142610.1	142989	143203	0
CP142610.1	143203	143347	1
CP142610.1	143347	143355	2
CP142610.1	143355	143420	3
CP142610.1	143420	143421	4
CP142610.1	143421	143483	3
CP142610.1	143483	143495	2
CP142610.1	143495	143512	1
CP142610.1	143512	143540	2
CP142610.1	143540	143548	3
CP142610.1	143548	143560	4
CP142610.1	143560	143561	3
CP142610.1	143561	143598	4
CP142610.1	143598	143610	3
CP142610.1	143610	143639	2
CP142610.1	143639	143666	3
CP142610.1	143666	143700	2
CP142610.1	143700	143712	3
CP142610.1	143712	143753	4
CP142610.1	143753	143785	3
CP142610.1	143785	143804	2
CP142610.1	143804	143809	3
CP142610.1	143809	143830	2
CP142610.1	143830	143894	3
CP142610.1	143894	143895	1
CP142610.1	143895	143940	2
CP142610.1	143940	143959	1
CP142610.1	143959	143965	0
CP142610.1	143965	144050	1
CP142610.1	144050	144087	0
CP142610.1	144087	144135	1
CP142610.1	144135	144241	2
CP142610.1	144241	144287	1
CP142610.1	144287	144303	2
CP142610.1	144303	144346	3
CP142610.1	144346	144356	2
CP142610.1	144356	144373	1
CP142610.1	144373	144494	0
CP142610.1	144494	144571	1
CP142610.1	144571	144594	0
CP142610.1	144594	144679	1
CP142610.1	144679	144775	2
CP142610.1	144775	144800	1
CP142610.1	144800	144801	0
CP142610.1	144801	144839	1
CP142610.1	144839	144854	2
CP142610.1	144854	144855	1
CP142610.1	144855	144878	2
CP142610.1	144878	144879	1
CP142610.1	144879	144934	2
CP142610.1	144934	144995	1
CP142610.1	144995	145357	0
CP142610.1	145357	145425	1
CP142610.1	145425	145601	2
CP142610.1	145601	145603	3
CP142610.1	145603	145650	4
CP142610.1	145650	145684	3
CP142610.1	145684	145696	4
CP142610.1	145696	145707	3
CP142610.1	145707	145711	4
CP142610.1	145711	145717	3
CP142610.1	145717	145739	2
CP142610.1	145739	145778	3
CP142610.1	145778	145834	2
CP142610.1	145834	145856	1
CP142610.1	145856	145857	0
CP142610.1	145857	145984	1
CP142610.1	145984	146015	0
CP142610.1	146015	146088	1
CP142610.1	146088	146089	0
CP142610.1	146089	146304	1
CP142610.1	146304	146400	2
CP142610.1	146400	146418	3
CP142610.1	146418	146432	2
CP142610.1	146432	146450	3
CP142610.1	146450	146523	2
CP142610.1	146523	146546	3
CP142610.1	146546	146547	2
CP142610.1	146547	146574	3
CP142610.1	146574	146575	0
CP142610.1	146575	146577	1
CP142610.1	146577	146578	2
CP142610.1	146578	146653	3
CP142610.1	146653	146659	0
CP142610.1	146659	146670	3
CP142610.1	146670	146673	0
CP142610.1	146673	146676	2
CP142610.1	146676	146686	3
CP142610.1	146686	146698	4
CP142610.1	146698	146699	3
CP142610.1	146699	146739	4
CP142610.1	146739	146742	3
CP142610.1	146742	146745	2
CP142610.1	146745	146755	3
CP142610.1	146755	146768	2
CP142610.1	146768	146777	3
CP142610.1	146777	146778	2
CP142610.1	146778	146794	3
CP142610.1	146794	146813	2
CP142610.1	146813	146877	3
CP142610.1	146877	146920	2
CP142610.1	146920	146984	1
CP142610.1	146984	147019	3
CP142610.1	147019	147060	2
CP142610.1	147060	147208	1
CP142610.1	147208	147360	0
CP142610.1	147360	147435	1
CP142610.1	147435	147506	2
CP142610.1	147506	147507	1
CP142610.1	147507	147555	2
CP142610.1	147555	147630	1
CP142610.1	147630	147671	2
CP142610.1	147671	147800	1
CP142610.1	147800	147876	0
CP142610.1	147876	147988	1
CP142610.1	147988	148050	0
CP142610.1	148050	148094	1
CP142610.1	148094	148135	2
CP142610.1	148135	148154	1
CP142610.1	148154	148318	0
CP142610.1	148318	148357	1
CP142610.1	148357	148360	0
CP142610.1	148360	148376	1
CP142610.1	148376	148388	2
CP142610.1	148388	148425	3
CP142610.1	148425	148463	2
CP142610.1	148463	148536	1
CP142610.1	148536	148537	0
CP142610.1	148537	148602	1
CP142610.1	148602	148605	0
CP142610.1	148605	148727	1
CP142610.1	148727	148728	0
CP142610.1	148728	148783	1
CP142610.1	148783	148821	0
CP142610.1	148821	148872	1
CP142610.1	148872	148991	2
CP142610.1	148991	148992	1
CP142610.1	148992	149029	2
CP142610.1	149029	149032	0
CP142610.1	149032	149047	2
CP142610.1	149047	149078	1
CP142610.1	149078	149406	0
CP142610.1	149406	149407	1
CP142610.1	149407	149578	2
CP142610.1	149578	149679	1
CP142610.1	149679	149718	2
CP142610.1	149718	149739	3
CP142610.1	149739	149741	2
CP142610.1	149741	149756	3
CP142610.1	149756	149757	2
CP142610.1	149757	149765	3
CP142610.1	149765	149818	4
CP142610.1	149818	149819	2
CP142610.1	149819	149832	4
CP142610.1	149832	149854	3
CP142610.1	149854	149855	2
CP142610.1	149855	149924	3
CP142610.1	149924	149925	2
CP142610.1	149925	149995	3
CP142610.1	149995	150000	2
CP142610.1	150000	150089	1
CP142610.1	150089	150292	0
CP142610.1	150292	150469	1
CP142610.1	150469	150614	0
CP142610.1	150614	150664	1
CP142610.1	150664	150701	2
CP142610.1	150701	150781	1
CP142610.1	150781	150840	2
CP142610.1	150840	150859	0
CP142610.1	150859	150900	1
CP142610.1	150900	150912	2
CP142610.1	150912	151034	3
CP142610.1	151034	151072	2
CP142610.1	151072	151076	1
CP142610.1	151076	151121	2
CP142610.1	151121	151131	1
CP142610.1	151131	151169	0
CP142610.1	151169	151255	1
CP142610.1	151255	151270	2
CP142610.1	151270	151271	1
CP142610.1	151271	151338	2
CP142610.1	151338	151360	1
CP142610.1	151360	151393	0
CP142610.1	151393	151464	1
CP142610.1	151464	151465	0
CP142610.1	151465	151556	1
CP142610.1	151556	151562	0
CP142610.1	151562	151613	2
CP142610.1	151613	151640	3
CP142610.1	151640	151662	4
CP142610.1	151662	151686	2
CP142610.1	151686	151697	3
CP142610.1	151697	151700	2
CP142610.1	151700	151701	1
CP142610.1	151701	151745	2
CP142610.1	151745	151782	1
CP142610.1	151782	151795	2
CP142610.1	151795	151823	1
CP142610.1	151823	151860	2
CP142610.1	151860	151866	3
CP142610.1	151866	151873	4
CP142610.1	151873	151939	3
CP142610.1	151939	151943	2
CP142610.1	151943	151944	1
CP142610.1	151944	151959	2
CP142610.1	151959	151963	3
CP142610.1	151963	151989	2
CP142610.1	151989	152081	1
CP142610.1	152081	152180	2
CP142610.1	152180	152216	1
CP142610.1	152216	152231	2
CP142610.1	152231	152247	1
CP142610.1	152247	152255	0
CP142610.1	152255	152336	1
CP142610.1	152336	152420	2
CP142610.1	152420	152421	1
CP142610.1	152421	152424	2
CP142610.1	152424	152466	1
CP142610.1	152466	152528	0
CP142610.1	152528	152581	1
CP142610.1	152581	152583	0
CP142610.1	152583	152655	1
CP142610.1	152655	152711	2
CP142610.1	152711	152768	3
CP142610.1	152768	152769	2
CP142610.1	152769	152828	1
CP142610.1	152828	152894	2
CP142610.1	152894	153082	1
CP142610.1	153082	153124	0
CP142610.1	153124	153159	1
CP142610.1	153159	153192	2
CP142610.1	153192	153248	3
CP142610.1	153248	153278	2
CP142610.1	153278	153349	1
CP142610.1	153349	153431	0
CP142610.1	153431	153527	1
CP142610.1	153527	153582	0
CP142610.1	153582	153630	1
CP142610.1	153630	153646	0
CP142610.1	153646	153663	1
CP142610.1	153663	153830	2
CP142610.1	153830	153846	1
CP142610.1	153846	154106	0
CP142610.1	154106	154132	1
CP142610.1	154132	154133	0
CP142610.1	154133	154155	1
CP142610.1	154155	154181	2
CP142610.1	154181	154220	3
CP142610.1	154220	154223	2
CP142610.1	154223	154253	3
CP142610.1	154253	154268	4
CP142610.1	154268	154296	3
CP142610.1	154296	154301	2
CP142610.1	154301	154311	3
CP142610.1	154311	154321	2
CP142610.1	154321	154324	3
CP142610.1	154324	154361	2
CP142610.1	154361	154366	1
CP142610.1	154366	154422	0
CP142610.1	154422	154482	1
CP142610.1	154482	154507	0
CP142610.1	154507	154657	1
CP142610.1	154657	154749	0
CP142610.1	154749	154839	1
CP142610.1	154839	154844	2
CP142610.1	154844	154845	1
CP142610.1	154845	154882	2
CP142610.1	154882	154950	1
CP142610.1	154950	154963	2
CP142610.1	154963	154966	1
CP142610.1	154966	154996	2
CP142610.1	154996	155017	3
CP142610.1	155017	155018	2
CP142610.1	155018	155042	3
CP142610.1	155042	155073	2
CP142610.1	155073	155088	1
CP142610.1	155088	155091	0
CP142610.1	155091	155098	1
CP142610.1	155098	155164	2
CP142610.1	155164	155219	3
CP142610.1	155219	155222	4
CP142610.1	155222	155263	3
CP142610.1	155263	155264	2
CP142610.1	155264	155303	3
CP142610.1	155303	155313	2
CP142610.1	155313	155358	1
CP142610.1	155358	155539	2
CP142610.1	155539	155542	1
CP142610.1	155542	155547	2
CP142610.1	155547	155614	3
CP142610.1	155614	155617	2
CP142610.1	155617	155693	3
CP142610.1	155693	155713	2
CP142610.1	155713	155718	3
CP142610.1	155718	155769	2
CP142610.1	155769	155772	1
CP142610.1	155772	155781	2
CP142610.1	155781	155841	3
CP142610.1	155841	155921	2
CP142610.1	155921	155948	1
CP142610.1	155948	155976	2
CP142610.1	155976	155977	1
CP142610.1	155977	156088	2
CP142610.1	156088	156110	3
CP142610.1	156110	156123	2
CP142610.1	156123	156138	1
CP142610.1	156138	156218	2
CP142610.1	156218	156240	1
CP142610.1	156240	156251	2
CP142610.1	156251	156292	3
CP142610.1	156292	156310	2
CP142610.1	156310	156311	1
CP142610.1	156311	156334	2
CP142610.1	156334	156335	1
CP142610.1	156335	156364	2
CP142610.1	156364	156390	3
CP142610.1	156390	156391	2
CP142610.1	156391	156392	3
CP142610.1	156392	156401	2
CP142610.1	156401	156402	3
CP142610.1	156402	156441	4
CP142610.1	156441	156479	2
CP142610.1	156479	156551	1
CP142610.1	156551	156591	0
CP142610.1	156591	156602	1
CP142610.1	156602	156609	2
CP142610.1	156609	156610	1
CP142610.1	156610	156654	2
CP142610.1	156654	156655	1
CP142610.1	156655	156695	2
CP142610.1	156695	156696	1
CP142610.1	156696	156744	2
CP142610.1	156744	156972	1
CP142610.1	156972	156990	2
CP142610.1	156990	157010	1
CP142610.1	157010	157090	2
CP142610.1	157090	157131	3
CP142610.1	157131	157135	2
CP142610.1	157135	157153	1
CP142610.1	157153	157168	2
CP142610.1	157168	157287	1
CP142610.1	157287	157301	2
CP142610.1	157301	157334	3
CP142610.1	157334	157377	2
CP142610.1	157377	157626	1
CP142610.1	157626	157643	2
CP142610.1	157643	157674	1
CP142610.1	157674	157682	2
CP142610.1	157682	157685	1
CP142610.1	157685	157696	2
CP142610.1	157696	157727	3
CP142610.1	157727	157743	2
CP142610.1	157743	157764	1
CP142610.1	157764	157768	2
CP142610.1	157768	157775	1
CP142610.1	157775	157778	0
CP142610.1	157778	157819	1
CP142610.1	157819	157862	2
CP142610.1	157862	157918	3
CP142610.1	157918	157921	2
CP142610.1	157921	157989	1
CP142610.1	157989	158018	2
CP142610.1	158018	158056	1
CP142610.1	158056	158235	0
CP142610.1	158235	158338	1
CP142610.1	158338	158455	0
CP142610.1	158455	158614	1
CP142610.1	158614	158659	0
CP142610.1	158659	158696	1
CP142610.1	158696	158799	2
CP142610.1	158799	158822	3
CP142610.1	158822	158837	2
CP142610.1	158837	158912	3
CP142610.1	158912	158980	2
CP142610.1	158980	159086	1
CP142610.1	159086	159088	0
CP142610.1	159088	159252	1
CP142610.1	159252	159280	0
CP142610.1	159280	159332	1
CP142610.1	159332	159408	2
CP142610.1	159408	159451	1
CP142610.1	159451	159738	0
CP142610.1	159738	159867	1
CP142610.1	159867	159948	0
CP142610.1	159948	159984	1
CP142610.1	159984	159995	2
CP142610.1	159995	160042	3
CP142610.1	160042	160057	2
CP142610.1	160057	160058	1
CP142610.1	160058	160059	2
CP142610.1	160059	160078	1
CP142610.1	160078	160150	2
CP142610.1	160150	160252	3
CP142610.1	160252	160269	4
CP142610.1	160269	160274	3
CP142610.1	160274	160302	2
CP142610.1	160302	160324	1
CP142610.1	160324	160389	0
CP142610.1	160389	160470	1
CP142610.1	160470	160507	2
CP142610.1	160507	160564	3
CP142610.1	160564	160622	2
CP142610.1	160622	160661	1
CP142610.1	160661	160691	0
CP142610.1	160691	160744	1
CP142610.1	160744	160778	2
CP142610.1	160778	160779	1
CP142610.1	160779	160796	2
CP142610.1	160796	160815	3
CP142610.1	160815	160817	2
CP142610.1	160817	160854	3
CP142610.1	160854	160877	2
CP142610.1	160877	160879	1
CP142610.1	160879	160888	2
CP142610.1	160888	160916	1
CP142610.1	160916	160930	2
CP142610.1	160930	160940	1
CP142610.1	160940	160958	2
CP142610.1	160958	160991	3
CP142610.1	160991	161005	2
CP142610.1	161005	161019	3
CP142610.1	161019	161031	2
CP142610.1	161031	161150	1
CP142610.1	161150	161234	0
CP142610.1	161234	161286	1
CP142610.1	161286	161342	0
CP142610.1	161342	161413	1
CP142610.1	161413	161466	2
CP142610.1	161466	161475	1
CP142610.1	161475	161498	0
CP142610.1	161498	161508	1
CP142610.1	161508	161586	2
CP142610.1	161586	161593	1
CP142610.1	161593	161619	2
CP142610.1	161619	161637	3
CP142610.1	161637	161640	2
CP142610.1	161640	161641	1
CP142610.1	161641	161826	2
CP142610.1	161826	161839	1
CP142610.1	161839	161858	2
CP142610.1	161858	161869	1
CP142610.1	161869	161870	2
CP142610.1	161870	161871	1
CP142610.1	161871	161884	2
CP142610.1	161884	161946	3
CP142610.1	161946	161975	2
CP142610.1	161975	161976	1
CP142610.1	161976	161997	2
CP142610.1	161997	162009	1
CP142610.1	162009	162029	2
CP142610.1	162029	162036	3
CP142610.1	162036	162051	2
CP142610.1	162051	162093	3
CP142610.1	162093	162148	2
CP142610.1	162148	162169	1
CP142610.1	162169	162225	2
CP142610.1	162225	162259	1
CP142610.1	162259	162634	0
CP142610.1	162634	162644	1
CP142610.1	162644	162654	2
CP142610.1	162654	162666	1
CP142610.1	162666	162711	2
CP142610.1	162711	162713	1
CP142610.1	162713	162722	0
CP142610.1	162722	162888	1
CP142610.1	162888	162898	2
CP142610.1	162898	162901	3
CP142610.1	162901	162903	2
CP142610.1	162903	163007	3
CP142610.1	163007	163036	4
CP142610.1	163036	163037	5
CP142610.1	163037	163079	4
CP142610.1	163079	163135	3
CP142610.1	163135	163139	2
CP142610.1	163139	163148	3
CP142610.1	163148	163203	4
CP142610.1	163203	163225	5
CP142610.1	163225	163255	4
CP142610.1	163255	163256	3
CP142610.1	163256	163272	2
CP142610.1	163272	163275	1
CP142610.1	163275	163455	0
CP142610.1	163455	163456	1
CP142610.1	163456	163469	2
CP142610.1	163469	163474	3
CP142610.1	163474	163476	2
CP142610.1	163476	163518	3
CP142610.1	163518	163522	2
CP142610.1	163522	163523	1
CP142610.1	163523	163555	2
CP142610.1	163555	163558	3
CP142610.1	163558	163562	2
CP142610.1	163562	163590	3
CP142610.1	163590	163611	2
CP142610.1	163611	163612	1
CP142610.1	163612	163636	2
CP142610.1	163636	163652	3
CP142610.1	163652	163681	2
CP142610.1	163681	163692	3
CP142610.1	163692	163720	2
CP142610.1	163720	163748	3
CP142610.1	163748	163800	2
CP142610.1	163800	163927	1
CP142610.1	163927	163966	2
CP142610.1	163966	164033	1
CP142610.1	164033	164578	0
CP142610.1	164578	164767	1
CP142610.1	164767	164770	2
CP142610.1	164770	164848	1
CP142610.1	164848	164905	2
CP142610.1	164905	164918	1
CP142610.1	164918	165199	0
CP142610.1	165199	165272	1
CP142610.1	165272	165288	2
CP142610.1	165288	165322	3
CP142610.1	165322	165323	2
CP142610.1	165323	165328	3
CP142610.1	165328	165339	2
CP142610.1	165339	165349	1
CP142610.1	165349	165454	0
CP142610.1	165454	165507	1
CP142610.1	165507	165509	0
CP142610.1	165509	165613	1
CP142610.1	165613	165752	0
CP142610.1	165752	166022	1
CP142610.1	166022	166035	0
CP142610.1	166035	166042	1
CP142610.1	166042	166045	0
CP142610.1	166045	166101	1
CP142610.1	166101	166152	0
CP142610.1	166152	166161	1
CP142610.1	166161	166205	2
CP142610.1	166205	166220	1
CP142610.1	166220	166268	0
CP142610.1	166268	166370	1
CP142610.1	166370	166414	2
CP142610.1	166414	166431	1
CP142610.1	166431	166608	0
CP142610.1	166608	166610	1
CP142610.1	166610	166626	2
CP142610.1	166626	166627	1
CP142610.1	166627	166652	3
CP142610.1	166652	166653	2
CP142610.1	166653	166660	3
CP142610.1	166660	166692	2
CP142610.1	166692	166695	1
CP142610.1	166695	166840	0
CP142610.1	166840	166882	1
CP142610.1	166882	166885	2
CP142610.1	166885	166886	1
CP142610.1	166886	166895	2
CP142610.1	166895	166906	1
CP142610.1	166906	166936	2
CP142610.1	166936	167064	1
CP142610.1	167064	167084	0
CP142610.1	167084	167285	1
CP142610.1	167285	167380	0
CP142610.1	167380	167402	1
CP142610.1	167402	167411	0
CP142610.1	167411	167533	1
CP142610.1	167533	167708	0
CP142610.1	167708	167764	1
CP142610.1	167764	167775	2
CP142610.1	167775	167777	1
CP142610.1	167777	167782	2
CP142610.1	167782	167821	3
CP142610.1	167821	167837	4
CP142610.1	167837	167890	3
CP142610.1	167890	167891	2
CP142610.1	167891	167901	3
CP142610.1	167901	167902	1
CP142610.1	167902	167930	3
CP142610.1	167930	167956	2
CP142610.1	167956	167985	3
CP142610.1	167985	168014	4
CP142610.1	168014	168034	3
CP142610.1	168034	168036	2
CP142610.1	168036	168038	1
CP142610.1	168038	168039	2
CP142610.1	168039	168129	1
CP142610.1	168129	168143	2
CP142610.1	168143	168357	1
CP142610.1	168357	168553	0
CP142610.1	168553	168605	1
CP142610.1	168605	168910	0
CP142610.1	168910	168923	1
CP142610.1	168923	168996	2
CP142610.1	168996	168998	1
CP142610.1	168998	169062	2
CP142610.1	169062	169064	1
CP142610.1	169064	169091	2
CP142610.1	169091	169096	1
CP142610.1	169096	169104	2
CP142610.1	169104	169142	1
CP142610.1	169142	169143	0
CP142610.1	169143	169184	1
CP142610.1	169184	169310	0
CP142610.1	169310	169362	1
CP142610.1	169362	169543	0
CP142610.1	169543	169597	1
CP142610.1	169597	169728	2
CP142610.1	169728	169730	3
CP142610.1	169730	169733	2
CP142610.1	169733	169744	3
CP142610.1	169744	169778	4
CP142610.1	169778	169789	3
CP142610.1	169789	169794	2
CP142610.1	169794	169819	3
CP142610.1	169819	169838	2
CP142610.1	169838	169839	1
CP142610.1	169839	169856	2
CP142610.1	169856	169863	3
CP142610.1	169863	169870	2
CP142610.1	169870	169881	3
CP142610.1	169881	169955	2
CP142610.1	169955	169968	1
CP142610.1	169968	169993	2
CP142610.1	169993	170035	1
CP142610.1	170035	170065	2
CP142610.1	170065	170083	1
CP142610.1	170083	170094	0
CP142610.1	170094	170211	1
CP142610.1	170211	170213	0
CP142610.1	170213	170230	1
CP142610.1	170230	170236	0
CP142610.1	170236	170257	1
CP142610.1	170257	170352	0
CP142610.1	170352	170429	1
CP142610.1	170429	170595	0
CP142610.1	170595	170632	1
CP142610.1	170632	170647	0
CP142610.1	170647	170762	1
CP142610.1	170762	170763	0
CP142610.1	170763	170782	1
CP142610.1	170782	170833	2
CP142610.1	170833	170840	1
CP142610.1	170840	170957	0
CP142610.1	170957	171028	1
CP142610.1	171028	171102	2
CP142610.1	171102	171159	1
CP142610.1	171159	171226	2
CP142610.1	171226	171252	1
CP142610.1	171252	171332	0
CP142610.1	171332	171379	1
CP142610.1	171379	171413	2
CP142610.1	171413	171492	3
CP142610.1	171492	171508	4
CP142610.1	171508	171515	3
CP142610.1	171515	171525	2
CP142610.1	171525	171556	3
CP142610.1	171556	171588	2
CP142610.1	171588	171619	3
CP142610.1	171619	171655	2
CP142610.1	171655	171689	3
CP142610.1	171689	171711	2
CP142610.1	171711	171768	3
CP142610.1	171768	171769	2
CP142610.1	171769	171802	3
CP142610.1	171802	171830	2
CP142610.1	171830	171843	3
CP142610.1	171843	171857	2
CP142610.1	171857	171892	1
CP142610.1	171892	171930	2
CP142610.1	171930	171935	1
CP142610.1	171935	171976	2
CP142610.1	171976	171984	1
CP142610.1	171984	172048	0
CP142610.1	172048	172061	1
CP142610.1	172061	172062	0
CP142610.1	172062	172100	1
CP142610.1	172100	172152	0
CP142610.1	172152	172159	1
CP142610.1	172159	172163	0
CP142610.1	172163	172265	1
CP142610.1	172265	172287	2
CP142610.1	172287	172395	3
CP142610.1	172395	172418	2
CP142610.1	172418	172533	1
CP142610.1	172533	172536	2
CP142610.1	172536	172555	3
CP142610.1	172555	172610	2
CP142610.1	172610	172642	1
CP142610.1	172642	172684	0
CP142610.1	172684	172689	1
CP142610.1	172689	172735	2
CP142610.1	172735	172764	3
CP142610.1	172764	172782	4
CP142610.1	172782	172783	3
CP142610.1	172783	172794	4
CP142610.1	172794	172811	3
CP142610.1	172811	172812	2
CP142610.1	172812	172819	1
CP142610.1	172819	172820	2
CP142610.1	172820	172865	3
CP142610.1	172865	172875	2
CP142610.1	172875	172880	1
CP142610.1	172880	172969	0
CP142610.1	172969	173029	1
CP142610.1	173029	173032	0
CP142610.1	173032	173055	1
CP142610.1	173055	173070	2
CP142610.1	173070	173071	1
CP142610.1	173071	173091	2
CP142610.1	173091	173133	3
CP142610.1	173133	173166	2
CP142610.1	173166	173171	3
CP142610.1	173171	173208	2
CP142610.1	173208	173237	3
CP142610.1	173237	173339	2
CP142610.1	173339	173393	1
CP142610.1	173393	173426	2
CP142610.1	173426	173491	1
CP142610.1	173491	173512	0
CP142610.1	173512	173513	1
CP142610.1	173513	173549	2
CP142610.1	173549	173553	3
CP142610.1	173553	173554	2
CP142610.1	173554	173556	3
CP142610.1	173556	173561	2
CP142610.1	173561	173602	3
CP142610.1	173602	173670	2
CP142610.1	173670	173734	1
CP142610.1	173734	173787	2
CP142610.1	173787	173802	1
CP142610.1	173802	173809	2
CP142610.1	173809	173915	3
CP142610.1	173915	173942	2
CP142610.1	173942	174041	1
CP142610.1	174041	174083	2
CP142610.1	174083	174084	1
CP142610.1	174084	174087	2
CP142610.1	174087	174088	1
CP142610.1	174088	174093	2
CP142610.1	174093	174122	3
CP142610.1	174122	174195	2
CP142610.1	174195	174259	1
CP142610.1	174259	174299	0
CP142610.1	174299	174361	1
CP142610.1	174361	174383	2
CP142610.1	174383	174389	1
CP142610.1	174389	174390	0
CP142610.1	174390	174394	1
CP142610.1	174394	174395	0
CP142610.1	174395	174487	1
CP142610.1	174487	174568	2
CP142610.1	174568	174574	3
CP142610.1	174574	174585	2
CP142610.1	174585	174598	1
CP142610.1	174598	174599	0
CP142610.1	174599	174600	1
CP142610.1	174600	174646	2
CP142610.1	174646	174729	1
CP142610.1	174729	174782	0
CP142610.1	174782	174827	1
CP142610.1	174827	174882	2
CP142610.1	174882	174895	1
CP142610.1	174895	174977	0
CP142610.1	174977	175023	1
CP142610.1	175023	175027	0
CP142610.1	175027	175077	1
CP142610.1	175077	175111	0
CP142610.1	175111	175144	1
CP142610.1	175144	175345	2
CP142610.1	175345	175346	1
CP142610.1	175346	175490	2
CP142610.1	175490	175494	1
CP142610.1	175494	175531	2
CP142610.1	175531	175545	3
CP142610.1	175545	175546	2
CP142610.1	175546	175554	3
CP142610.1	175554	175582	2
CP142610.1	175582	175600	1
CP142610.1	175600	175632	0
CP142610.1	175632	175668	1
CP142610.1	175668	175713	2
CP142610.1	175713	175714	1
CP142610.1	175714	175721	2
CP142610.1	175721	175729	1
CP142610.1	175729	175767	0
CP142610.1	175767	175892	1
CP142610.1	175892	175926	2
CP142610.1	175926	175970	3
CP142610.1	175970	175971	2
CP142610.1	175971	175988	3
CP142610.1	175988	176019	2
CP142610.1	176019	176035	1
CP142610.1	176035	176072	2
CP142610.1	176072	176118	1
CP142610.1	176118	176119	0
CP142610.1	176119	176135	1
CP142610.1	176135	176179	0
CP142610.1	176179	176274	1
CP142610.1	176274	176287	2
CP142610.1	176287	176301	3
CP142610.1	176301	176316	2
CP142610.1	176316	176317	0
CP142610.1	176317	176318	1
CP142610.1	176318	176346	2
CP142610.1	176346	176402	1
CP142610.1	176402	176505	2
CP142610.1	176505	176529	3
CP142610.1	176529	176530	2
CP142610.1	176530	176540	3
CP142610.1	176540	176542	2
CP142610.1	176542	176563	3
CP142610.1	176563	176599	2
CP142610.1	176599	176605	1
CP142610.1	176605	176606	0
CP142610.1	176606	176633	1
CP142610.1	176633	176646	0
CP142610.1	176646	176717	1
CP142610.1	176717	176731	2
CP142610.1	176731	176855	1
CP142610.1	176855	176920	0
CP142610.1	176920	176977	1
CP142610.1	176977	176978	0
CP142610.1	176978	176986	1
CP142610.1	176986	176997	0
CP142610.1	176997	177029	1
CP142610.1	177029	177033	0
CP142610.1	177033	177089	1
CP142610.1	177089	177093	2
CP142610.1	177093	177121	3
CP142610.1	177121	177207	2
CP142610.1	177207	177213	3
CP142610.1	177213	177254	2
CP142610.1	177254	177284	1
CP142610.1	177284	177319	2
CP142610.1	177319	177347	1
CP142610.1	177347	177403	2
CP142610.1	177403	177430	3
CP142610.1	177430	177431	2
CP142610.1	177431	177437	3
CP142610.1	177437	177439	2
CP142610.1	177439	177453	3
CP142610.1	177453	177456	2
CP142610.1	177456	177459	1
CP142610.1	177459	177463	0
CP142610.1	177463	177466	1
CP142610.1	177466	177510	2
CP142610.1	177510	177513	1
CP142610.1	177513	177525	2
CP142610.1	177525	177527	1
CP142610.1	177527	177548	2
CP142610.1	177548	177552	1
CP142610.1	177552	177589	2
CP142610.1	177589	177606	1
CP142610.1	177606	177672	2
CP142610.1	177672	177730	1
CP142610.1	177730	177921	0
CP142610.1	177921	177975	1
CP142610.1	177975	178001	2
CP142610.1	178001	178063	3
CP142610.1	178063	178070	2
CP142610.1	178070	178071	3
CP142610.1	178071	178072	2
CP142610.1	178072	178104	1
CP142610.1	178104	178105	0
CP142610.1	178105	178172	1
CP142610.1	178172	178265	2
CP142610.1	178265	178274	1
CP142610.1	178274	178281	0
CP142610.1	178281	178403	1
CP142610.1	178403	178445	2
CP142610.1	178445	178511	3
CP142610.1	178511	178526	2
CP142610.1	178526	178528	1
CP142610.1	178528	178533	2
CP142610.1	178533	178536	1
CP142610.1	178536	178541	2
CP142610.1	178541	178584	3
CP142610.1	178584	178606	4
CP142610.1	178606	178609	3
CP142610.1	178609	178610	2
CP142610.1	178610	178614	3
CP142610.1	178614	178726	2
CP142610.1	178726	178745	1
CP142610.1	178745	178802	2
CP142610.1	178802	178812	3
CP142610.1	178812	178813	2
CP142610.1	178813	178892	3
CP142610.1	178892	178904	2
CP142610.1	178904	178909	1
CP142610.1	178909	178967	2
CP142610.1	178967	178968	1
CP142610.1	178968	178978	2
CP142610.1	178978	178980	3
CP142610.1	178980	178988	4
CP142610.1	178988	179027	3
CP142610.1	179027	179033	2
CP142610.1	179033	179037	3
CP142610.1	179037	179038	2
CP142610.1	179038	179043	3
CP142610.1	179043	179044	2
CP142610.1	179044	179063	3
CP142610.1	179063	179064	2
CP142610.1	179064	179071	3
CP142610.1	179071	179076	2
CP142610.1	179076	179077	1
CP142610.1	179077	179084	2
CP142610.1	179084	179119	3
CP142610.1	179119	179120	2
CP142610.1	179120	179125	3
CP142610.1	179125	179127	2
CP142610.1	179127	179129	1
CP142610.1	179129	179149	2
CP142610.1	179149	179153	3
CP142610.1	179153	179160	4
CP142610.1	179160	179164	3
CP142610.1	179164	179251	4
CP142610.1	179251	179257	3
CP142610.1	179257	179276	4
CP142610.1	179276	179309	3
CP142610.1	179309	179318	4
CP142610.1	179318	179330	3
CP142610.1	179330	179333	2
CP142610.1	179333	179335	1
CP142610.1	179335	179339	0
CP142610.1	179339	179353	3
CP142610.1	179353	179358	4
CP142610.1	179358	179364	3
CP142610.1	179364	179388	2
CP142610.1	179388	179389	1
CP142610.1	179389	179400	2
CP142610.1	179400	179428	3
CP142610.1	179428	179431	2
CP142610.1	179431	179474	3
CP142610.1	179474	179495	2
CP142610.1	179495	179518	3
CP142610.1	179518	179521	2
CP142610.1	179521	179568	3
CP142610.1	179568	179569	2
CP142610.1	179569	179594	3
CP142610.1	179594	179664	2
CP142610.1	179664	179685	3
CP142610.1	179685	179691	2
CP142610.1	179691	179710	3
CP142610.1	179710	179793	2
CP142610.1	179793	179808	1
CP142610.1	179808	179822	2
CP142610.1	179822	179823	1
CP142610.1	179823	179861	2
CP142610.1	179861	179907	1
CP142610.1	179907	179972	0
CP142610.1	179972	180027	1
CP142610.1	180027	180031	2
CP142610.1	180031	180073	3
CP142610.1	180073	180106	4
CP142610.1	180106	180107	2
CP142610.1	180107	180140	4
CP142610.1	180140	180157	5
CP142610.1	180157	180159	4
CP142610.1	180159	180222	5
CP142610.1	180222	180232	4
CP142610.1	180232	180236	3
CP142610.1	180236	180237	2
CP142610.1	180237	180242	3
CP142610.1	180242	180267	2
CP142610.1	180267	180401	1
CP142610.1	180401	180673	0
CP142610.1	180673	180687	1
CP142610.1	180687	180689	0
CP142610.1	180689	180750	1
CP142610.1	180750	180931	0
CP142610.1	180931	181009	1
CP142610.1	181009	181054	2
CP142610.1	181054	181136	1
CP142610.1	181136	181139	0
CP142610.1	181139	181148	1
CP142610.1	181148	181201	2
CP142610.1	181201	181448	1
CP142610.1	181448	181491	0
CP142610.1	181491	181540	1
CP142610.1	181540	181543	0
CP142610.1	181543	181584	1
CP142610.1	181584	181648	2
CP142610.1	181648	181650	1
CP142610.1	181650	181751	2
CP142610.1	181751	181755	1
CP142610.1	181755	181801	0
CP142610.1	181801	181837	1
CP142610.1	181837	181937	2
CP142610.1	181937	181941	3
CP142610.1	181941	182042	2
CP142610.1	182042	182043	0
CP142610.1	182043	182155	1
CP142610.1	182155	182166	2
CP142610.1	182166	182214	3
CP142610.1	182214	182218	2
CP142610.1	182218	182231	1
CP142610.1	182231	182284	0
CP142610.1	182284	182296	1
CP142610.1	182296	182308	2
CP142610.1	182308	182334	3
CP142610.1	182334	182342	2
CP142610.1	182342	182356	3
CP142610.1	182356	182375	2
CP142610.1	182375	182377	1
CP142610.1	182377	182424	2
CP142610.1	182424	182462	1
CP142610.1	182462	182634	2
CP142610.1	182634	182635	1
CP142610.1	182635	182669	0
CP142610.1	182669	182718	1
CP142610.1	182718	182729	2
CP142610.1	182729	182807	1
CP142610.1	182807	182830	2
CP142610.1	182830	182831	1
CP142610.1	182831	182856	2
CP142610.1	182856	182858	1
CP142610.1	182858	182932	0
CP142610.1	182932	182978	1
CP142610.1	182978	182979	0
CP142610.1	182979	183013	1
CP142610.1	183013	183057	2
CP142610.1	183057	183083	3
CP142610.1	183083	183084	2
CP142610.1	183084	183120	3
CP142610.1	183120	183134	2
CP142610.1	183134	183291	1
CP142610.1	183291	183322	2
CP142610.1	183322	183324	3
CP142610.1	183324	183398	2
CP142610.1	183398	183407	3
CP142610.1	183407	183443	2
CP142610.1	183443	183490	1
CP142610.1	183490	183512	2
CP142610.1	183512	183526	1
CP142610.1	183526	183589	2
CP142610.1	183589	183634	1
CP142610.1	183634	183646	2
CP142610.1	183646	183654	1
CP142610.1	183654	183682	2
CP142610.1	183682	183683	1
CP142610.1	183683	183763	2
CP142610.1	183763	183893	1
CP142610.1	183893	183897	0
CP142610.1	183897	183937	1
CP142610.1	183937	183979	2
CP142610.1	183979	183986	3
CP142610.1	183986	184027	4
CP142610.1	184027	184041	3
CP142610.1	184041	184089	4
CP142610.1	184089	184130	3
CP142610.1	184130	184159	2
CP142610.1	184159	184161	1
CP142610.1	184161	184231	2
CP142610.1	184231	184232	1
CP142610.1	184232	184238	2
CP142610.1	184238	184239	1
CP142610.1	184239	184304	2
CP142610.1	184304	184309	1
CP142610.1	184309	184321	2
CP142610.1	184321	184322	1
CP142610.1	184322	184372	2
CP142610.1	184372	184374	1
CP142610.1	184374	184401	2
CP142610.1	184401	184479	1
CP142610.1	184479	184482	2
CP142610.1	184482	184532	3
CP142610.1	184532	184540	2
CP142610.1	184540	184585	3
CP142610.1	184585	184660	2
CP142610.1	184660	184670	1
CP142610.1	184670	184720	0
CP142610.1	184720	184831	1
CP142610.1	184831	184847	0
CP142610.1	184847	184975	1
CP142610.1	184975	184981	0
CP142610.1	184981	185017	1
CP142610.1	185017	185116	0
CP142610.1	185116	185157	1
CP142610.1	185157	185216	2
CP142610.1	185216	185217	1
CP142610.1	185217	185257	2
CP142610.1	185257	185258	1
CP142610.1	185258	185259	0
CP142610.1	185259	185261	1
CP142610.1	185261	185298	2
CP142610.1	185298	185312	1
CP142610.1	185312	185335	2
CP142610.1	185335	185350	3
CP142610.1	185350	185454	2
CP142610.1	185454	185468	1
CP142610.1	185468	185481	2
CP142610.1	185481	185517	1
CP142610.1	185517	185566	2
CP142610.1	185566	185586	1
CP142610.1	185586	185652	0
CP142610.1	185652	185658	1
CP142610.1	185658	185721	2
CP142610.1	185721	185765	1
CP142610.1	185765	185854	0
CP142610.1	185854	185970	1
CP142610.1	185970	185982	0
CP142610.1	185982	186071	1
CP142610.1	186071	186072	0
CP142610.1	186072	186083	1
CP142610.1	186083	186124	0
CP142610.1	186124	186190	1
CP142610.1	186190	186330	0
CP142610.1	186330	186357	1
CP142610.1	186357	186360	0
CP142610.1	186360	186409	1
CP142610.1	186409	186452	0
CP142610.1	186452	186616	1
CP142610.1	186616	186700	2
CP142610.1	186700	186820	1
CP142610.1	186820	186825	2
CP142610.1	186825	186922	1
CP142610.1	186922	186973	0
CP142610.1	186973	186984	1
CP142610.1	186984	187020	2
CP142610.1	187020	187069	1
CP142610.1	187069	187102	2
CP142610.1	187102	187103	1
CP142610.1	187103	187111	2
CP142610.1	187111	187154	1
CP142610.1	187154	187213	2
CP142610.1	187213	187221	3
CP142610.1	187221	187249	2
CP142610.1	187249	187250	0
CP142610.1	187250	187324	2
CP142610.1	187324	187336	1
CP142610.1	187336	187381	2
CP142610.1	187381	187403	3
CP142610.1	187403	187424	2
CP142610.1	187424	187432	1
CP142610.1	187432	187433	0
CP142610.1	187433	187538	1
CP142610.1	187538	187736	0
CP142610.1	187736	187747	1
CP142610.1	187747	187805	2
CP142610.1	187805	187806	1
CP142610.1	187806	187849	2
CP142610.1	187849	187850	1
CP142610.1	187850	187957	2
CP142610.1	187957	187960	1
CP142610.1	187960	187993	2
CP142610.1	187993	188021	1
CP142610.1	188021	188054	2
CP142610.1	188054	188073	1
CP142610.1	188073	188088	0
CP142610.1	188088	188109	1
CP142610.1	188109	188171	2
CP142610.1	188171	188172	1
CP142610.1	188172	188176	0
CP142610.1	188176	188198	1
CP142610.1	188198	188305	0
CP142610.1	188305	188346	1
CP142610.1	188346	188380	2
CP142610.1	188380	188381	1
CP142610.1	188381	188469	2
CP142610.1	188469	188502	1
CP142610.1	188502	188516	2
CP142610.1	188516	188655	1
CP142610.1	188655	188745	0
CP142610.1	188745	188763	1
CP142610.1	188763	188766	0
CP142610.1	188766	188795	1
CP142610.1	188795	188886	0
CP142610.1	188886	188889	1
CP142610.1	188889	188955	2
CP142610.1	188955	189025	1
CP142610.1	189025	189029	0
CP142610.1	189029	189340	1
CP142610.1	189340	189351	2
CP142610.1	189351	189353	1
CP142610.1	189353	189379	2
CP142610.1	189379	189440	3
CP142610.1	189440	189444	2
CP142610.1	189444	189446	3
CP142610.1	189446	189459	4
CP142610.1	189459	189514	3
CP142610.1	189514	189527	2
CP142610.1	189527	189632	1
CP142610.1	189632	189654	2
CP142610.1	189654	189659	3
CP142610.1	189659	189745	2
CP142610.1	189745	189756	1
CP142610.1	189756	189831	0
CP142610.1	189831	189920	1
CP142610.1	189920	189944	0
CP142610.1	189944	190025	1
CP142610.1	190025	190036	2
CP142610.1	190036	190117	1
CP142610.1	190117	190129	0
CP142610.1	190129	190192	1
CP142610.1	190192	190331	2
CP142610.1	190331	190459	1
CP142610.1	190459	190657	0
CP142610.1	190657	190677	1
CP142610.1	190677	190695	2
CP142610.1	190695	190696	1
CP142610.1	190696	190728	2
CP142610.1	190728	190729	0
CP142610.1	190729	190863	1
CP142610.1	190863	191139	0
CP142610.1	191139	191141	1
CP142610.1	191141	191205	2
CP142610.1	191205	191286	1
CP142610.1	191286	191349	0
CP142610.1	191349	191353	1
CP142610.1	191353	191501	2
CP142610.1	191501	191526	1
CP142610.1	191526	191689	2
CP142610.1	191689	191784	3
CP142610.1	191784	191841	2
CP142610.1	191841	191918	1
CP142610.1	191918	192049	0
CP142610.1	192049	192169	1
CP142610.1	192169	192187	0
CP142610.1	192187	192189	1
CP142610.1	192189	192237	2
CP142610.1	192237	192238	1
CP142610.1	192238	192314	2
CP142610.1	192314	192327	1
CP142610.1	192327	192501	0
CP142610.1	192501	192564	1
CP142610.1	192564	192565	0
CP142610.1	192565	192596	1
CP142610.1	192596	192598	0
CP142610.1	192598	192605	1
CP142610.1	192605	192640	2
CP142610.1	192640	192680	1
CP142610.1	192680	192755	2
CP142610.1	192755	192786	3
CP142610.1	192786	192824	2
CP142610.1	192824	192846	3
CP142610.1	192846	192867	2
CP142610.1	192867	192926	3
CP142610.1	192926	192932	4
CP142610.1	192932	192935	3
CP142610.1	192935	192940	4
CP142610.1	192940	192971	3
CP142610.1	192971	192974	4
CP142610.1	192974	192975	3
CP142610.1	192975	193005	4
CP142610.1	193005	193009	3
CP142610.1	193009	193078	4
CP142610.1	193078	193090	3
CP142610.1	193090	193100	2
CP142610.1	193100	193131	3
CP142610.1	193131	193133	2
CP142610.1	193133	193136	1
CP142610.1	193136	193174	2
CP142610.1	193174	193218	1
CP142610.1	193218	193226	0
CP142610.1	193226	193260	1
CP142610.1	193260	193332	0
CP142610.1	193332	193469	1
CP142610.1	193469	193543	2
CP142610.1	193543	193547	1
CP142610.1	193547	193551	0
CP142610.1	193551	193552	1
CP142610.1	193552	193603	2
CP142610.1	193603	193612	1
CP142610.1	193612	193625	2
CP142610.1	193625	193691	3
CP142610.1	193691	193709	4
CP142610.1	193709	193715	3
CP142610.1	193715	193716	2
CP142610.1	193716	193736	3
CP142610.1	193736	193738	2
CP142610.1	193738	193757	3
CP142610.1	193757	193815	2
CP142610.1	193815	193830	3
CP142610.1	193830	193831	2
CP142610.1	193831	193859	3
CP142610.1	193859	193876	4
CP142610.1	193876	193908	3
CP142610.1	193908	193952	4
CP142610.1	193952	193975	3
CP142610.1	193975	193978	2
CP142610.1	193978	193979	1
CP142610.1	193979	193988	2
CP142610.1	193988	193989	1
CP142610.1	193989	194006	2
CP142610.1	194006	194009	1
CP142610.1	194009	194065	2
CP142610.1	194065	194067	1
CP142610.1	194067	194157	0
CP142610.1	194157	194291	1
CP142610.1	194291	194328	0
CP142610.1	194328	194329	1
CP142610.1	194329	194388	2
CP142610.1	194388	194397	1
CP142610.1	194397	194401	0
CP142610.1	194401	194523	1
CP142610.1	194523	194548	2
CP142610.1	194548	194552	3
CP142610.1	194552	194587	4
CP142610.1	194587	194591	3
CP142610.1	194591	194592	4
CP142610.1	194592	194594	3
CP142610.1	194594	194630	4
CP142610.1	194630	194662	3
CP142610.1	194662	194664	2
CP142610.1	194664	194685	3
CP142610.1	194685	194750	2
CP142610.1	194750	194753	1
CP142610.1	194753	194809	2
CP142610.1	194809	194823	1
CP142610.1	194823	194825	2
CP142610.1	194825	194827	1
CP142610.1	194827	194885	2
CP142610.1	194885	194923	1
CP142610.1	194923	195069	0
CP142610.1	195069	195163	1
CP142610.1	195163	195168	2
CP142610.1	195168	195173	1
CP142610.1	195173	195235	2
CP142610.1	195235	195236	1
CP142610.1	195236	195296	2
CP142610.1	195296	195305	1
CP142610.1	195305	195461	0
CP142610.1	195461	195484	1
CP142610.1	195484	195560	2
CP142610.1	195560	195566	1
CP142610.1	195566	195591	2
CP142610.1	195591	195693	1
CP142610.1	195693	195749	2
CP142610.1	195749	195789	1
CP142610.1	195789	195849	0
CP142610.1	195849	195873	1
CP142610.1	195873	195874	2
CP142610.1	195874	195883	3
CP142610.1	195883	195884	0
CP142610.1	195884	195932	3
CP142610.1	195932	195959	2
CP142610.1	195959	196011	1
CP142610.1	196011	196189	0
CP142610.1	196189	196265	1
CP142610.1	196265	196285	2
CP142610.1	196285	196305	1
CP142610.1	196305	196365	2
CP142610.1	196365	196406	1
CP142610.1	196406	196442	2
CP142610.1	196442	196489	1
CP142610.1	196489	196527	0
CP142610.1	196527	196792	1
CP142610.1	196792	196923	0
CP142610.1	196923	197004	1
CP142610.1	197004	197124	2
CP142610.1	197124	197151	1
CP142610.1	197151	197186	2
CP142610.1	197186	197218	1
CP142610.1	197218	197244	2
CP142610.1	197244	197245	0
CP142610.1	197245	197259	2
CP142610.1	197259	197260	1
CP142610.1	197260	197278	2
CP142610.1	197278	197279	1
CP142610.1	197279	197282	2
CP142610.1	197282	197306	1
CP142610.1	197306	197377	2
CP142610.1	197377	197398	3
CP142610.1	197398	197512	2
CP142610.1	197512	197559	1
CP142610.1	197559	197824	0
CP142610.1	197824	197871	1
CP142610.1	197871	197874	0
CP142610.1	197874	197912	1
CP142610.1	197912	197915	0
CP142610.1	197915	198042	1
CP142610.1	198042	198057	0
CP142610.1	198057	198073	1
CP142610.1	198073	198180	2
CP142610.1	198180	198190	3
CP142610.1	198190	198194	2
CP142610.1	198194	198201	3
CP142610.1	198201	198222	4
CP142610.1	198222	198242	5
CP142610.1	198242	198259	6
CP142610.1	198259	198262	5
CP142610.1	198262	198271	4
CP142610.1	198271	198272	3
CP142610.1	198272	198288	4
CP142610.1	198288	198290	3
CP142610.1	198290	198296	4
CP142610.1	198296	198304	3
CP142610.1	198304	198305	2
CP142610.1	198305	198318	3
CP142610.1	198318	198333	4
CP142610.1	198333	198334	3
CP142610.1	198334	198339	2
CP142610.1	198339	198341	3
CP142610.1	198341	198370	4
CP142610.1	198370	198377	3
CP142610.1	198377	198413	4
CP142610.1	198413	198427	5
CP142610.1	198427	198450	4
CP142610.1	198450	198476	3
CP142610.1	198476	198478	2
CP142610.1	198478	198480	3
CP142610.1	198480	198504	4
CP142610.1	198504	198534	3
CP142610.1	198534	198608	2
CP142610.1	198608	198667	3
CP142610.1	198667	198757	2
CP142610.1	198757	198769	1
CP142610.1	198769	199146	0
CP142610.1	199146	199338	1
CP142610.1	199338	199363	0
CP142610.1	199363	199426	1
CP142610.1	199426	199465	2
CP142610.1	199465	199477	3
CP142610.1	199477	199479	2
CP142610.1	199479	199480	1
CP142610.1	199480	199494	2
CP142610.1	199494	199505	3
CP142610.1	199505	199541	2
CP142610.1	199541	199594	3
CP142610.1	199594	199595	2
CP142610.1	199595	199654	3
CP142610.1	199654	199679	2
CP142610.1	199679	199682	1
CP142610.1	199682	199704	0
CP142610.1	199704	199772	1
CP142610.1	199772	199773	0
CP142610.1	199773	199786	1
CP142610.1	199786	199788	0
CP142610.1	199788	199836	1
CP142610.1	199836	199877	0
CP142610.1	199877	200022	1
CP142610.1	200022	200023	0
CP142610.1	200023	200042	1
CP142610.1	200042	200140	0
CP142610.1	200140	200164	1
CP142610.1	200164	200197	2
CP142610.1	200197	200231	1
CP142610.1	200231	200267	2
CP142610.1	200267	200324	3
CP142610.1	200324	200325	2
CP142610.1	200325	200377	3
CP142610.1	200377	200394	2
CP142610.1	200394	200407	3
CP142610.1	200407	200439	2
CP142610.1	200439	200458	3
CP142610.1	200458	200459	2
CP142610.1	200459	200550	3
CP142610.1	200550	200553	2
CP142610.1	200553	200602	1
CP142610.1	200602	200619	2
CP142610.1	200619	200633	3
CP142610.1	200633	200692	2
CP142610.1	200692	200731	1
CP142610.1	200731	200791	2
CP142610.1	200791	200795	3
CP142610.1	200795	200799	2
CP142610.1	200799	200842	3
CP142610.1	200842	200843	2
CP142610.1	200843	200900	3
CP142610.1	200900	200949	2
CP142610.1	200949	200968	3
CP142610.1	200968	200969	0
CP142610.1	200969	200971	2
CP142610.1	200971	201007	3
CP142610.1	201007	201008	2
CP142610.1	201008	201046	3
CP142610.1	201046	201088	2
CP142610.1	201088	201090	1
CP142610.1	201090	201095	2
CP142610.1	201095	201103	1
CP142610.1	201103	201104	0
CP142610.1	201104	201154	1
CP142610.1	201154	201157	0
CP142610.1	201157	201161	1
CP142610.1	201161	201162	0
CP142610.1	201162	201206	1
CP142610.1	201206	201234	2
CP142610.1	201234	201237	1
CP142610.1	201237	201273	2
CP142610.1	201273	201277	1
CP142610.1	201277	201280	0
CP142610.1	201280	201313	1
CP142610.1	201313	201314	0
CP142610.1	201314	201347	1
CP142610.1	201347	201441	0
CP142610.1	201441	201562	1
CP142610.1	201562	201575	0
CP142610.1	201575	201665	1
CP142610.1	201665	201669	2
CP142610.1	201669	201743	3
CP142610.1	201743	201781	2
CP142610.1	201781	201785	3
CP142610.1	201785	201786	2
CP142610.1	201786	201803	1
CP142610.1	201803	201814	2
CP142610.1	201814	201815	1
CP142610.1	201815	201862	2
CP142610.1	201862	202023	1
CP142610.1	202023	202045	0
CP142610.1	202045	202121	1
CP142610.1	202121	202317	0
CP142610.1	202317	202485	1
CP142610.1	202485	202532	2
CP142610.1	202532	202537	3
CP142610.1	202537	202539	1
CP142610.1	202539	202608	2
CP142610.1	202608	202645	1
CP142610.1	202645	202679	2
CP142610.1	202679	202700	1
CP142610.1	202700	202724	0
CP142610.1	202724	202893	1
CP142610.1	202893	202908	2
CP142610.1	202908	202940	1
CP142610.1	202940	202961	2
CP142610.1	202961	203006	1
CP142610.1	203006	203249	0
CP142610.1	203249	203303	2
CP142610.1	203303	203327	3
CP142610.1	203327	203360	2
CP142610.1	203360	203439	1
CP142610.1	203439	203442	0
CP142610.1	203442	203510	1
CP142610.1	203510	203573	2
CP142610.1	203573	203609	1
CP142610.1	203609	203647	0
CP142610.1	203647	203755	1
CP142610.1	203755	203758	0
CP142610.1	203758	203825	1
CP142610.1	203825	203844	2
CP142610.1	203844	203880	3
CP142610.1	203880	203910	4
CP142610.1	203910	203922	3
CP142610.1	203922	203943	2
CP142610.1	203943	204120	0
CP142610.1	204120	204132	1
CP142610.1	204132	204182	2
CP142610.1	204182	204218	1
CP142610.1	204218	204346	2
CP142610.1	204346	204393	1
CP142610.1	204393	204394	0
CP142610.1	204394	204415	1
CP142610.1	204415	204486	0
CP142610.1	204486	204490	1
CP142610.1	204490	204491	2
CP142610.1	204491	204521	3
CP142610.1	204521	204542	2
CP142610.1	204542	204573	3
CP142610.1	204573	204637	2
CP142610.1	204637	204796	1
CP142610.1	204796	204830	2
CP142610.1	204830	204846	1
CP142610.1	204846	204917	0
CP142610.1	204917	205017	1
CP142610.1	205017	205020	0
CP142610.1	205020	205032	1
CP142610.1	205032	205044	0
CP142610.1	205044	205135	1
CP142610.1	205135	205136	0
CP142610.1	205136	205204	1
CP142610.1	205204	205215	2
CP142610.1	205215	205321	1
CP142610.1	205321	205323	0
CP142610.1	205323	205357	1
CP142610.1	205357	205358	0
CP142610.1	205358	205362	1
CP142610.1	205362	205791	0
CP142610.1	205791	205820	1
CP142610.1	205820	205864	2
CP142610.1	205864	205962	1
CP142610.1	205962	205964	0
CP142610.1	205964	205984	1
CP142610.1	205984	206048	2
CP142610.1	206048	206056	1
CP142610.1	206056	206118	2
CP142610.1	206118	206125	1
CP142610.1	206125	206141	2
CP142610.1	206141	206305	1
CP142610.1	206305	206312	2
CP142610.1	206312	206313	1
CP142610.1	206313	206354	2
CP142610.1	206354	206431	1
CP142610.1	206431	206562	0
CP142610.1	206562	206630	1
CP142610.1	206630	206684	2
CP142610.1	206684	206686	3
CP142610.1	206686	206723	2
CP142610.1	206723	206774	1
CP142610.1	206774	206797	2
CP142610.1	206797	206800	1
CP142610.1	206800	206824	2
CP142610.1	206824	206839	1
CP142610.1	206839	206845	0
CP142610.1	206845	206883	1
CP142610.1	206883	206934	2
CP142610.1	206934	207057	3
CP142610.1	207057	207075	2
CP142610.1	207075	207100	3
CP142610.1	207100	207174	4
CP142610.1	207174	207176	3
CP142610.1	207176	207178	4
CP142610.1	207178	207223	3
CP142610.1	207223	207232	2
CP142610.1	207232	207271	1
CP142610.1	207271	207358	0
CP142610.1	207358	207414	1
CP142610.1	207414	207760	0
CP142610.1	207760	207842	1
CP142610.1	207842	207918	2
CP142610.1	207918	207919	1
CP142610.1	207919	207930	2
CP142610.1	207930	207931	1
CP142610.1	207931	207950	2
CP142610.1	207950	207957	1
CP142610.1	207957	208045	2
CP142610.1	208045	208054	3
CP142610.1	208054	208055	2
CP142610.1	208055	208059	3
CP142610.1	208059	208068	4
CP142610.1	208068	208071	3
CP142610.1	208071	208073	2
CP142610.1	208073	208074	1
CP142610.1	208074	208136	2
CP142610.1	208136	208167	1
CP142610.1	208167	208168	0
CP142610.1	208168	208204	1
CP142610.1	208204	208242	0
CP142610.1	208242	208397	1
CP142610.1	208397	208515	2
CP142610.1	208515	208516	1
CP142610.1	208516	208544	2
CP142610.1	208544	208554	3
CP142610.1	208554	208581	2
CP142610.1	208581	208622	1
CP142610.1	208622	208684	0
CP142610.1	208684	208691	1
CP142610.1	208691	208741	2
CP142610.1	208741	208760	1
CP142610.1	208760	208802	2
CP142610.1	208802	208935	1
CP142610.1	208935	208937	2
CP142610.1	208937	208949	1
CP142610.1	208949	208950	2
CP142610.1	208950	208969	3
CP142610.1	208969	208971	2
CP142610.1	208971	209001	3
CP142610.1	209001	209018	2
CP142610.1	209018	209059	1
CP142610.1	209059	209062	0
CP142610.1	209062	209135	1
CP142610.1	209135	209164	2
CP142610.1	209164	209190	3
CP142610.1	209190	209213	2
CP142610.1	209213	209300	3
CP142610.1	209300	209301	4
CP142610.1	209301	209307	3
CP142610.1	209307	209310	2
CP142610.1	209310	209338	3
CP142610.1	209338	209392	2
CP142610.1	209392	209395	3
CP142610.1	209395	209463	2
CP142610.1	209463	209513	1
CP142610.1	209513	209568	2
CP142610.1	209568	209573	1
CP142610.1	209573	209583	2
CP142610.1	209583	209616	3
CP142610.1	209616	209643	2
CP142610.1	209643	209644	1
CP142610.1	209644	209659	2
CP142610.1	209659	209670	3
CP142610.1	209670	209833	2
CP142610.1	209833	209840	1
CP142610.1	209840	209899	2
CP142610.1	209899	209972	1
CP142610.1	209972	210024	2
CP142610.1	210024	210075	1
CP142610.1	210075	210092	0
CP142610.1	210092	210097	1
CP142610.1	210097	210127	2
CP142610.1	210127	210170	3
CP142610.1	210170	210245	2
CP142610.1	210245	210406	1
CP142610.1	210406	210407	2
CP142610.1	210407	210471	3
CP142610.1	210471	210511	2
CP142610.1	210511	210522	1
CP142610.1	210522	210524	0
CP142610.1	210524	210542	1
CP142610.1	210542	210553	0
CP142610.1	210553	210617	1
CP142610.1	210617	210763	0
CP142610.1	210763	210855	1
CP142610.1	210855	210965	2
CP142610.1	210965	211067	1
CP142610.1	211067	211069	0
CP142610.1	211069	211109	1
CP142610.1	211109	211229	0
CP142610.1	211229	211251	1
CP142610.1	211251	211360	2
CP142610.1	211360	211371	3
CP142610.1	211371	211434	4
CP142610.1	211434	211437	3
CP142610.1	211437	211441	2
CP142610.1	211441	211482	1
CP142610.1	211482	211630	0
CP142610.1	211630	211696	1
CP142610.1	211696	211871	0
CP142610.1	211871	211952	1
CP142610.1	211952	212049	2
CP142610.1	212049	212057	1
CP142610.1	212057	212060	0
CP142610.1	212060	212089	1
CP142610.1	212089	212090	0
CP142610.1	212090	212122	1
CP142610.1	212122	212174	2
CP142610.1	212174	212270	1
CP142610.1	212270	212300	2
CP142610.1	212300	212359	1
CP142610.1	212359	212423	2
CP142610.1	212423	212461	1
CP142610.1	212461	212520	0
CP142610.1	212520	212570	1
CP142610.1	212570	212633	2
CP142610.1	212633	212662	3
CP142610.1	212662	212665	2
CP142610.1	212665	212671	1
CP142610.1	212671	212691	2
CP142610.1	212691	212741	3
CP142610.1	212741	212754	4
CP142610.1	212754	212820	3
CP142610.1	212820	212858	2
CP142610.1	212858	212949	1
CP142610.1	212949	212962	0
CP142610.1	212962	213009	1
CP142610.1	213009	213021	2
CP142610.1	213021	213081	3
CP142610.1	213081	213121	2
CP142610.1	213121	213145	1
CP142610.1	213145	213178	2
CP142610.1	213178	213240	3
CP142610.1	213240	213309	2
CP142610.1	213309	213362	1
CP142610.1	213362	213370	0
CP142610.1	213370	213384	1
CP142610.1	213384	213455	2
CP142610.1	213455	213537	1
CP142610.1	213537	213570	0
CP142610.1	213570	213600	1
CP142610.1	213600	213612	2
CP142610.1	213612	213704	3
CP142610.1	213704	213711	4
CP142610.1	213711	213715	3
CP142610.1	213715	213717	2
CP142610.1	213717	213724	3
CP142610.1	213724	213820	2
CP142610.1	213820	213886	1
CP142610.1	213886	213913	0
CP142610.1	213913	213947	1
CP142610.1	213947	213986	2
CP142610.1	213986	213987	1
CP142610.1	213987	214000	2
CP142610.1	214000	214124	1
CP142610.1	214124	214125	0
CP142610.1	214125	214249	1
CP142610.1	214249	214254	2
CP142610.1	214254	214318	3
CP142610.1	214318	214320	2
CP142610.1	214320	214361	1
CP142610.1	214361	214607	0
CP142610.1	214607	214793	1
CP142610.1	214793	214848	0
CP142610.1	214848	214910	1
CP142610.1	214910	215044	2
CP142610.1	215044	215054	1
CP142610.1	215054	215080	0
CP142610.1	215080	215212	1
CP142610.1	215212	215256	2
CP142610.1	215256	215277	1
CP142610.1	215277	215428	0
CP142610.1	215428	215463	1
CP142610.1	215463	215470	0
CP142610.1	215470	215508	1
CP142610.1	215508	215551	2
CP142610.1	215551	215608	1
CP142610.1	215608	215665	0
CP142610.1	215665	215688	1
CP142610.1	215688	215701	2
CP142610.1	215701	215716	3
CP142610.1	215716	215801	2
CP142610.1	215801	215802	1
CP142610.1	215802	215859	2
CP142610.1	215859	215874	1
CP142610.1	215874	215940	2
CP142610.1	215940	215994	1
CP142610.1	215994	216044	2
CP142610.1	216044	216057	1
CP142610.1	216057	216069	0
CP142610.1	216069	216098	1
CP142610.1	216098	216305	0
CP142610.1	216305	216345	1
CP142610.1	216345	216346	0
CP142610.1	216346	216506	1
CP142610.1	216506	216668	0
CP142610.1	216668	216724	1
CP142610.1	216724	216761	0
CP142610.1	216761	216786	1
CP142610.1	216786	216798	2
CP142610.1	216798	217009	1
CP142610.1	217009	217154	0
CP142610.1	217154	217159	1
CP142610.1	217159	217253	2
CP142610.1	217253	217356	1
CP142610.1	217356	217538	0
CP142610.1	217538	217615	1
CP142610.1	217615	217729	0
CP142610.1	217729	217764	1
CP142610.1	217764	217766	0
CP142610.1	217766	217793	1
CP142610.1	217793	217794	0
CP142610.1	217794	217831	1
CP142610.1	217831	217917	0
CP142610.1	217917	217936	1
CP142610.1	217936	218034	2
CP142610.1	218034	218274	1
CP142610.1	218274	218275	0
CP142610.1	218275	218345	1
CP142610.1	218345	218378	0
CP142610.1	218378	218418	1
CP142610.1	218418	218420	2
CP142610.1	218420	218473	3
CP142610.1	218473	218474	2
CP142610.1	218474	218495	3
CP142610.1	218495	218498	2
CP142610.1	218498	218608	1
CP142610.1	218608	218659	2
CP142610.1	218659	218688	3
CP142610.1	218688	218735	2
CP142610.1	218735	218860	1
CP142610.1	218860	218891	2
CP142610.1	218891	218908	1
CP142610.1	218908	218920	2
CP142610.1	218920	218930	1
CP142610.1	218930	218965	2
CP142610.1	218965	219000	1
CP142610.1	219000	219039	2
CP142610.1	219039	219218	1
CP142610.1	219218	219275	0
CP142610.1	219275	219521	1
CP142610.1	219521	219543	2
CP142610.1	219543	219621	3
CP142610.1	219621	219658	2
CP142610.1	219658	219706	1
CP142610.1	219706	219736	2
CP142610.1	219736	219737	1
CP142610.1	219737	219754	2
CP142610.1	219754	219800	3
CP142610.1	219800	219819	2
CP142610.1	219819	219823	1
CP142610.1	219823	219849	2
CP142610.1	219849	219926	1
CP142610.1	219926	219993	0
CP142610.1	219993	220059	1
CP142610.1	220059	220060	0
CP142610.1	220060	220167	1
CP142610.1	220167	220293	0
CP142610.1	220293	220351	1
CP142610.1	220351	220352	0
CP142610.1	220352	220402	1
CP142610.1	220402	220482	2
CP142610.1	220482	220581	1
CP142610.1	220581	220585	0
CP142610.1	220585	220639	1
CP142610.1	220639	220640	0
CP142610.1	220640	220691	1
CP142610.1	220691	220693	2
CP142610.1	220693	220723	3
CP142610.1	220723	220724	1
CP142610.1	220724	220725	2
CP142610.1	220725	220726	3
CP142610.1	220726	220728	4
CP142610.1	220728	220733	3
CP142610.1	220733	220754	4
CP142610.1	220754	220755	3
CP142610.1	220755	220778	4
CP142610.1	220778	220782	3
CP142610.1	220782	220801	2
CP142610.1	220801	220855	1
CP142610.1	220855	220950	2
CP142610.1	220950	220963	1
CP142610.1	220963	220977	2
CP142610.1	220977	221000	1
CP142610.1	221000	221008	2
CP142610.1	221008	221211	1
CP142610.1	221211	221212	0
CP142610.1	221212	221223	1
CP142610.1	221223	221283	0
CP142610.1	221283	221389	1
CP142610.1	221389	221404	2
CP142610.1	221404	221414	1
CP142610.1	221414	221444	2
CP142610.1	221444	221445	0
CP142610.1	221445	221451	2
CP142610.1	221451	221452	1
CP142610.1	221452	221493	2
CP142610.1	221493	221589	1
CP142610.1	221589	222284	0
CP142610.1	222284	222312	1
CP142610.1	222312	222382	2
CP142610.1	222382	222385	3
CP142610.1	222385	222386	2
CP142610.1	222386	222498	3
CP142610.1	222498	222500	2
CP142610.1	222500	222509	1
CP142610.1	222509	222629	2
CP142610.1	222629	222671	3
CP142610.1	222671	222711	2
CP142610.1	222711	222713	1
CP142610.1	222713	222714	2
CP142610.1	222714	222828	1
CP142610.1	222828	222832	0
CP142610.1	222832	222886	1
CP142610.1	222886	222893	2
CP142610.1	222893	222931	1
CP142610.1	222931	222938	2
CP142610.1	222938	222973	3
CP142610.1	222973	223071	2
CP142610.1	223071	223110	3
CP142610.1	223110	223124	4
CP142610.1	223124	223125	3
CP142610.1	223125	223128	4
CP142610.1	223128	223147	3
CP142610.1	223147	223155	4
CP142610.1	223155	223192	3
CP142610.1	223192	223215	4
CP142610.1	223215	223217	3
CP142610.1	223217	223238	4
CP142610.1	223238	223239	3
CP142610.1	223239	223291	2
CP142610.1	223291	223351	3
CP142610.1	223351	223376	2
CP142610.1	223376	223423	3
CP142610.1	223423	223549	2
CP142610.1	223549	223596	1
CP142610.1	223596	223597	0
CP142610.1	223597	223670	1
CP142610.1	223670	223741	0
CP142610.1	223741	223766	1
CP142610.1	223766	223841	2
CP142610.1	223841	223854	1
CP142610.1	223854	223855	0
CP142610.1	223855	223972	1
CP142610.1	223972	223986	2
CP142610.1	223986	224026	1
CP142610.1	224026	224028	0
CP142610.1	224028	224040	1
CP142610.1	224040	224286	0
CP142610.1	224286	224309	1
CP142610.1	224309	224379	2
CP142610.1	224379	224399	3
CP142610.1	224399	224439	2
CP142610.1	224439	224466	1
CP142610.1	224466	224480	2
CP142610.1	224480	224518	1
CP142610.1	224518	224523	2
CP142610.1	224523	224557	3
CP142610.1	224557	224563	2
CP142610.1	224563	224569	3
CP142610.1	224569	224571	2
CP142610.1	224571	224625	3
CP142610.1	224625	224640	4
CP142610.1	224640	224682	3
CP142610.1	224682	224738	2
CP142610.1	224738	224739	1
CP142610.1	224739	224772	2
CP142610.1	224772	224809	1
CP142610.1	224809	224813	0
CP142610.1	224813	224818	1
CP142610.1	224818	224822	2
CP142610.1	224822	224844	3
CP142610.1	224844	224845	2
CP142610.1	224845	224869	3
CP142610.1	224869	224896	2
CP142610.1	224896	224897	1
CP142610.1	224897	224954	2
CP142610.1	224954	224955	1
CP142610.1	224955	224960	2
CP142610.1	224960	225046	3
CP142610.1	225046	225077	2
CP142610.1	225077	225099	1
CP142610.1	225099	225141	2
CP142610.1	225141	225208	1
CP142610.1	225208	225350	0
CP142610.1	225350	225382	1
CP142610.1	225382	225410	2
CP142610.1	225410	225444	1
CP142610.1	225444	225446	0
CP142610.1	225446	225466	1
CP142610.1	225466	225665	0
CP142610.1	225665	225726	1
CP142610.1	225726	225729	2
CP142610.1	225729	225771	1
CP142610.1	225771	225773	0
CP142610.1	225773	225930	1
CP142610.1	225930	225972	2
CP142610.1	225972	226004	1
CP142610.1	226004	226007	0
CP142610.1	226007	226036	1
CP142610.1	226036	226110	2
CP142610.1	226110	226127	3
CP142610.1	226127	226244	2
CP142610.1	226244	226287	1
CP142610.1	226287	226319	2
CP142610.1	226319	226390	3
CP142610.1	226390	226391	2
CP142610.1	226391	226400	3
CP142610.1	226400	226401	2
CP142610.1	226401	226407	3
CP142610.1	226407	226408	2
CP142610.1	226408	226420	3
CP142610.1	226420	226468	2
CP142610.1	226468	226473	1
CP142610.1	226473	226523	2
CP142610.1	226523	226565	1
CP142610.1	226565	226575	2
CP142610.1	226575	226700	1
CP142610.1	226700	226739	0
CP142610.1	226739	226783	1
CP142610.1	226783	226827	2
CP142610.1	226827	226851	1
CP142610.1	226851	226929	2
CP142610.1	226929	226933	3
CP142610.1	226933	226966	2
CP142610.1	226966	226973	3
CP142610.1	226973	226991	2
CP142610.1	226991	227051	1
CP142610.1	227051	227106	0
CP142610.1	227106	227232	1
CP142610.1	227232	227255	0
CP142610.1	227255	227309	1
CP142610.1	227309	227314	0
CP142610.1	227314	227507	1
CP142610.1	227507	227564	0
CP142610.1	227564	227583	1
CP142610.1	227583	227637	2
CP142610.1	227637	227680	3
CP142610.1	227680	227685	2
CP142610.1	227685	227691	3
CP142610.1	227691	227789	4
CP142610.1	227789	227801	3
CP142610.1	227801	227862	2
CP142610.1	227862	227916	1
CP142610.1	227916	227924	2
CP142610.1	227924	227925	1
CP142610.1	227925	227959	2
CP142610.1	227959	227961	1
CP142610.1	227961	228029	2
CP142610.1	228029	228050	1
CP142610.1	228050	228160	0
CP142610.1	228160	228191	1
CP142610.1	228191	228250	2
CP142610.1	228250	228251	1
CP142610.1	228251	228257	2
CP142610.1	228257	228313	1
CP142610.1	228313	228314	0
CP142610.1	228314	228327	2
CP142610.1	228327	228368	3
CP142610.1	228368	228373	2
CP142610.1	228373	228387	3
CP142610.1	228387	228406	2
CP142610.1	228406	228416	3
CP142610.1	228416	228418	2
CP142610.1	228418	228419	3
CP142610.1	228419	228431	4
CP142610.1	228431	228434	3
CP142610.1	228434	228436	2
CP142610.1	228436	228462	3
CP142610.1	228462	228485	2
CP142610.1	228485	228528	1
CP142610.1	228528	228584	0
CP142610.1	228584	228638	1
CP142610.1	228638	228684	0
CP142610.1	228684	228889	1
CP142610.1	228889	228893	0
CP142610.1	228893	228955	1
CP142610.1	228955	229268	0
CP142610.1	229268	229331	1
CP142610.1	229331	229337	2
CP142610.1	229337	229397	3
CP142610.1	229397	229399	2
CP142610.1	229399	229403	3
CP142610.1	229403	229432	2
CP142610.1	229432	229533	1
CP142610.1	229533	229547	0
CP142610.1	229547	229617	1
CP142610.1	229617	229648	2
CP142610.1	229648	229649	1
CP142610.1	229649	229665	2
CP142610.1	229665	229718	3
CP142610.1	229718	229728	2
CP142610.1	229728	229733	3
CP142610.1	229733	229797	2
CP142610.1	229797	229893	1
CP142610.1	229893	229901	0
CP142610.1	229901	229941	1
CP142610.1	229941	229950	2
CP142610.1	229950	229985	1
CP142610.1	229985	230065	2
CP142610.1	230065	230084	1
CP142610.1	230084	230209	0
CP142610.1	230209	230309	1
CP142610.1	230309	230389	2
CP142610.1	230389	230424	3
CP142610.1	230424	230441	2
CP142610.1	230441	230461	3
CP142610.1	230461	230484	4
CP142610.1	230484	230485	2
CP142610.1	230485	230486	3
CP142610.1	230486	230494	4
CP142610.1	230494	230557	3
CP142610.1	230557	230588	2
CP142610.1	230588	230639	1
CP142610.1	230639	230691	2
CP142610.1	230691	230732	1
CP142610.1	230732	230820	0
CP142610.1	230820	230875	1
CP142610.1	230875	230877	0
CP142610.1	230877	230940	1
CP142610.1	230940	231038	3
CP142610.1	231038	231054	4
CP142610.1	231054	231077	3
CP142610.1	231077	231078	4
CP142610.1	231078	231079	2
CP142610.1	231079	231093	4
CP142610.1	231093	231139	3
CP142610.1	231139	231172	4
CP142610.1	231172	231180	5
CP142610.1	231180	231222	4
CP142610.1	231222	231232	3
CP142610.1	231232	231239	2
CP142610.1	231239	231240	1
CP142610.1	231240	231525	0
CP142610.1	231525	231616	1
CP142610.1	231616	231634	0
CP142610.1	231634	231694	1
CP142610.1	231694	231703	2
CP142610.1	231703	231704	1
CP142610.1	231704	231773	2
CP142610.1	231773	231777	1
CP142610.1	231777	231843	2
CP142610.1	231843	231875	3
CP142610.1	231875	231887	4
CP142610.1	231887	231907	5
CP142610.1	231907	231922	4
CP142610.1	231922	231943	3
CP142610.1	231943	231984	4
CP142610.1	231984	231986	3
CP142610.1	231986	232016	4
CP142610.1	232016	232038	3
CP142610.1	232038	232041	2
CP142610.1	232041	232080	3
CP142610.1	232080	232113	4
CP142610.1	232113	232114	3
CP142610.1	232114	232120	2
CP142610.1	232120	232232	1
CP142610.1	232232	232486	0
CP142610.1	232486	232507	1
CP142610.1	232507	232565	2
CP142610.1	232565	232628	1
CP142610.1	232628	233075	0
CP142610.1	233075	233085	1
CP142610.1	233085	233116	2
CP142610.1	233116	233153	3
CP142610.1	233153	233208	2
CP142610.1	233208	233209	1
CP142610.1	233209	233250	0
CP142610.1	233250	233274	1
CP142610.1	233274	233282	2
CP142610.1	233282	233315	3
CP142610.1	233315	233364	2
CP142610.1	233364	233473	1
CP142610.1	233473	233490	2
CP142610.1	233490	233493	0
CP142610.1	233493	233557	1
CP142610.1	233557	233792	0
CP142610.1	233792	234001	1
CP142610.1	234001	234017	0
CP142610.1	234017	234108	1
CP142610.1	234108	234128	2
CP142610.1	234128	234160	1
CP142610.1	234160	234277	2
CP142610.1	234277	234349	3
CP142610.1	234349	234373	2
CP142610.1	234373	234392	3
CP142610.1	234392	234401	2
CP142610.1	234401	234426	3
CP142610.1	234426	234537	2
CP142610.1	234537	234539	1
CP142610.1	234539	234595	2
CP142610.1	234595	234621	1
CP142610.1	234621	234709	2
CP142610.1	234709	234775	1
CP142610.1	234775	234814	0
CP142610.1	234814	234887	1
CP142610.1	234887	234970	0
CP142610.1	234970	235014	1
CP142610.1	235014	235029	0
CP142610.1	235029	235159	1
CP142610.1	235159	235188	2
CP142610.1	235188	235189	1
CP142610.1	235189	235309	2
CP142610.1	235309	235325	1
CP142610.1	235325	235351	2
CP142610.1	235351	235400	1
CP142610.1	235400	235402	0
CP142610.1	235402	235458	1
CP142610.1	235458	235483	2
CP142610.1	235483	235554	1
CP142610.1	235554	235583	0
CP142610.1	235583	235673	1
CP142610.1	235673	235702	2
CP142610.1	235702	235745	3
CP142610.1	235745	235757	4
CP142610.1	235757	235762	5
CP142610.1	235762	235806	4
CP142610.1	235806	235838	5
CP142610.1	235838	235843	4
CP142610.1	235843	235847	1
CP142610.1	235847	235848	0
CP142610.1	235848	235849	1
CP142610.1	235849	235876	4
CP142610.1	235876	235880	3
CP142610.1	235880	235882	2
CP142610.1	235882	235888	4
CP142610.1	235888	235891	3
CP142610.1	235891	235925	4
CP142610.1	235925	235934	3
CP142610.1	235934	235972	4
CP142610.1	235972	235973	1
CP142610.1	235973	235997	3
CP142610.1	235997	236002	2
CP142610.1	236002	236003	1
CP142610.1	236003	236016	2
CP142610.1	236016	236022	1
CP142610.1	236022	236079	2
CP142610.1	236079	236081	3
CP142610.1	236081	236129	2
CP142610.1	236129	236130	1
CP142610.1	236130	236145	2
CP142610.1	236145	236154	3
CP142610.1	236154	236200	2
CP142610.1	236200	236366	1
CP142610.1	236366	236369	0
CP142610.1	236369	236385	1
CP142610.1	236385	236413	0
CP142610.1	236413	236463	1
CP142610.1	236463	236464	0
CP142610.1	236464	236550	1
CP142610.1	236550	236762	0
CP142610.1	236762	236811	1
CP142610.1	236811	236951	0
CP142610.1	236951	237129	1
CP142610.1	237129	237149	2
CP142610.1	237149	237150	1
CP142610.1	237150	237162	2
CP142610.1	237162	237165	1
CP142610.1	237165	237190	2
CP142610.1	237190	237193	3
CP142610.1	237193	237204	2
CP142610.1	237204	237232	1
CP142610.1	237232	237271	2
CP142610.1	237271	237296	1
CP142610.1	237296	237402	0
CP142610.1	237402	237460	1
CP142610.1	237460	237465	0
CP142610.1	237465	237473	1
CP142610.1	237473	237474	0
CP142610.1	237474	237504	1
CP142610.1	237504	237515	2
CP142610.1	237515	237529	1
CP142610.1	237529	237576	2
CP142610.1	237576	237614	1
CP142610.1	237614	237645	2
CP142610.1	237645	237655	1
CP142610.1	237655	237680	2
CP142610.1	237680	237690	1
CP142610.1	237690	237702	2
CP142610.1	237702	237770	1
CP142610.1	237770	237771	0
CP142610.1	237771	237780	1
CP142610.1	237780	237824	2
CP142610.1	237824	237827	1
CP142610.1	237827	237844	2
CP142610.1	237844	237872	1
CP142610.1	237872	237875	0
CP142610.1	237875	237919	1
CP142610.1	237919	237924	2
CP142610.1	237924	237955	3
CP142610.1	237955	238092	2
CP142610.1	238092	238149	1
CP142610.1	238149	238292	2
CP142610.1	238292	238338	1
CP142610.1	238338	238403	2
CP142610.1	238403	238494	1
CP142610.1	238494	238520	3
CP142610.1	238520	238529	2
CP142610.1	238529	238567	3
CP142610.1	238567	238572	2
CP142610.1	238572	238578	3
CP142610.1	238578	238579	2
CP142610.1	238579	238594	3
CP142610.1	238594	238607	4
CP142610.1	238607	238608	3
CP142610.1	238608	238651	4
CP142610.1	238651	238652	3
CP142610.1	238652	238653	2
CP142610.1	238653	238681	3
CP142610.1	238681	238707	2
CP142610.1	238707	238755	3
CP142610.1	238755	238778	2
CP142610.1	238778	238902	1
CP142610.1	238902	238907	0
CP142610.1	238907	238910	1
CP142610.1	238910	239010	2
CP142610.1	239010	239011	1
CP142610.1	239011	239014	0
CP142610.1	239014	239090	1
CP142610.1	239090	239141	2
CP142610.1	239141	239151	1
CP142610.1	239151	239208	2
CP142610.1	239208	239210	1
CP142610.1	239210	239213	0
CP142610.1	239213	239231	2
CP142610.1	239231	239280	1
CP142610.1	239280	239291	2
CP142610.1	239291	239292	3
CP142610.1	239292	239332	2
CP142610.1	239332	239344	3
CP142610.1	239344	239345	2
CP142610.1	239345	239347	0
CP142610.1	239347	239368	3
CP142610.1	239368	239369	2
CP142610.1	239369	239447	3
CP142610.1	239447	239482	2
CP142610.1	239482	239513	1
CP142610.1	239513	239520	0
CP142610.1	239520	239595	1
CP142610.1	239595	239596	0
CP142610.1	239596	239631	1
CP142610.1	239631	239692	2
CP142610.1	239692	239773	1
CP142610.1	239773	239774	0
CP142610.1	239774	239779	1
CP142610.1	239779	239784	2
CP142610.1	239784	239832	1
CP142610.1	239832	239859	2
CP142610.1	239859	239872	1
CP142610.1	239872	239891	2
CP142610.1	239891	239904	1
CP142610.1	239904	240241	0
CP142610.1	240241	240360	1
CP142610.1	240360	240431	2
CP142610.1	240431	240432	1
CP142610.1	240432	240466	2
CP142610.1	240466	240493	1
CP142610.1	240493	240496	0
CP142610.1	240496	240539	1
CP142610.1	240539	240595	2
CP142610.1	240595	240597	1
CP142610.1	240597	240600	2
CP142610.1	240600	240634	1
CP142610.1	240634	240650	0
CP142610.1	240650	240757	1
CP142610.1	240757	240782	2
CP142610.1	240782	240786	3
CP142610.1	240786	240792	2
CP142610.1	240792	240795	3
CP142610.1	240795	240910	4
CP142610.1	240910	240922	3
CP142610.1	240922	240937	2
CP142610.1	240937	240939	1
CP142610.1	240939	240942	0
CP142610.1	240942	240946	1
CP142610.1	240946	240962	2
CP142610.1	240962	240982	1
CP142610.1	240982	240986	2
CP142610.1	240986	241035	3
CP142610.1	241035	241038	2
CP142610.1	241038	241041	3
CP142610.1	241041	241042	2
CP142610.1	241042	241044	3
CP142610.1	241044	241064	2
CP142610.1	241064	241088	3
CP142610.1	241088	241171	2
CP142610.1	241171	241184	3
CP142610.1	241184	241206	4
CP142610.1	241206	241223	3
CP142610.1	241223	241227	2
CP142610.1	241227	241231	3
CP142610.1	241231	241326	2
CP142610.1	241326	241372	1
CP142610.1	241372	241384	2
CP142610.1	241384	241438	1
CP142610.1	241438	241480	0
CP142610.1	241480	241549	1
CP142610.1	241549	241621	0
CP142610.1	241621	241702	1
CP142610.1	241702	241752	2
CP142610.1	241752	241773	3
CP142610.1	241773	241789	2
CP142610.1	241789	241804	1
CP142610.1	241804	241864	2
CP142610.1	241864	241875	1
CP142610.1	241875	241921	2
CP142610.1	241921	241949	1
CP142610.1	241949	242035	2
CP142610.1	242035	242084	1
CP142610.1	242084	242113	0
CP142610.1	242113	242163	1
CP142610.1	242163	242187	2
CP142610.1	242187	242213	3
CP142610.1	242213	242252	2
CP142610.1	242252	242271	3
CP142610.1	242271	242272	2
CP142610.1	242272	242274	3
CP142610.1	242274	242294	4
CP142610.1	242294	242301	5
CP142610.1	242301	242376	4
CP142610.1	242376	242384	3
CP142610.1	242384	242413	2
CP142610.1	242413	242493	1
CP142610.1	242493	242518	2
CP142610.1	242518	242581	1
CP142610.1	242581	242598	2
CP142610.1	242598	242685	1
CP142610.1	242685	242757	2
CP142610.1	242757	242766	3
CP142610.1	242766	242775	4
CP142610.1	242775	242800	3
CP142610.1	242800	243002	2
CP142610.1	243002	243048	1
CP142610.1	243048	243135	2
CP142610.1	243135	243136	1
CP142610.1	243136	243139	2
CP142610.1	243139	243266	0
CP142610.1	243266	243346	1
CP142610.1	243346	243348	0
CP142610.1	243348	243406	2
CP142610.1	243406	243432	3
CP142610.1	243432	243433	1
CP142610.1	243433	243481	3
CP142610.1	243481	243520	2
CP142610.1	243520	243612	1
CP142610.1	243612	243614	0
CP142610.1	243614	243675	1
CP142610.1	243675	243748	2
CP142610.1	243748	243789	1
CP142610.1	243789	243792	2
CP142610.1	243792	243883	1
CP142610.1	243883	243943	0
CP142610.1	243943	243954	1
CP142610.1	243954	244006	2
CP142610.1	244006	244111	1
CP142610.1	244111	244160	0
CP142610.1	244160	244228	1
CP142610.1	244228	244251	2
CP142610.1	244251	244288	1
CP142610.1	244288	244300	0
CP142610.1	244300	244340	1
CP142610.1	244340	244366	2
CP142610.1	244366	244367	0
CP142610.1	244367	244404	2
CP142610.1	244404	244439	1
CP142610.1	244439	244835	0
CP142610.1	244835	244886	1
CP142610.1	244886	244889	2
CP142610.1	244889	244907	1
CP142610.1	244907	244938	2
CP142610.1	244938	245096	1
CP142610.1	245096	245115	2
CP142610.1	245115	245173	3
CP142610.1	245173	245185	4
CP142610.1	245185	245186	3
CP142610.1	245186	245200	4
CP142610.1	245200	245201	3
CP142610.1	245201	245221	4
CP142610.1	245221	245233	3
CP142610.1	245233	245270	2
CP142610.1	245270	245301	3
CP142610.1	245301	245304	2
CP142610.1	245304	245350	1
CP142610.1	245350	245359	2
CP142610.1	245359	245361	3
CP142610.1	245361	245393	4
CP142610.1	245393	245394	3
CP142610.1	245394	245434	4
CP142610.1	245434	245445	5
CP142610.1	245445	245464	4
CP142610.1	245464	245499	3
CP142610.1	245499	245513	2
CP142610.1	245513	245514	1
CP142610.1	245514	245971	0
CP142610.1	245971	246012	1
CP142610.1	246012	246032	2
CP142610.1	246032	246039	1
CP142610.1	246039	246088	2
CP142610.1	246088	246104	1
CP142610.1	246104	246106	2
CP142610.1	246106	246108	1
CP142610.1	246108	246128	2
CP142610.1	246128	246245	1
CP142610.1	246245	246273	0
CP142610.1	246273	246297	1
CP142610.1	246297	246431	2
CP142610.1	246431	246475	1
CP142610.1	246475	246538	2
CP142610.1	246538	246539	1
CP142610.1	246539	246583	2
CP142610.1	246583	246596	1
CP142610.1	246596	246597	0
CP142610.1	246597	246600	1
CP142610.1	246600	246611	2
CP142610.1	246611	246612	1
CP142610.1	246612	246675	2
CP142610.1	246675	246680	1
CP142610.1	246680	246687	0
CP142610.1	246687	246798	1
CP142610.1	246798	246848	2
CP142610.1	246848	246937	1
CP142610.1	246937	246966	0
CP142610.1	246966	246995	1
CP142610.1	246995	247057	2
CP142610.1	247057	247070	3
CP142610.1	247070	247071	2
CP142610.1	247071	247081	3
CP142610.1	247081	247127	2
CP142610.1	247127	247193	3
CP142610.1	247193	247224	2
CP142610.1	247224	247260	1
CP142610.1	247260	247340	2
CP142610.1	247340	247342	1
CP142610.1	247342	247388	2
CP142610.1	247388	247598	1
CP142610.1	247598	247651	2
CP142610.1	247651	247845	1
CP142610.1	247845	247949	2
CP142610.1	247949	247976	1
CP142610.1	247976	247990	2
CP142610.1	247990	248013	3
CP142610.1	248013	248021	2
CP142610.1	248021	248041	3
CP142610.1	248041	248048	2
CP142610.1	248048	248085	3
CP142610.1	248085	248086	2
CP142610.1	248086	248105	3
CP142610.1	248105	248110	2
CP142610.1	248110	248149	1
CP142610.1	248149	248172	2
CP142610.1	248172	248174	1
CP142610.1	248174	248209	2
CP142610.1	248209	248226	1
CP142610.1	248226	248271	2
CP142610.1	248271	248280	1
CP142610.1	248280	248352	0
CP142610.1	248352	248484	1
CP142610.1	248484	248550	0
CP142610.1	248550	248766	1
CP142610.1	248766	248882	0
CP142610.1	248882	248919	1
CP142610.1	248919	249006	2
CP142610.1	249006	249032	1
CP142610.1	249032	249441	0
CP142610.1	249441	249544	1
CP142610.1	249544	249547	0
CP142610.1	249547	249595	1
CP142610.1	249595	249596	0
CP142610.1	249596	249609	1
CP142610.1	249609	249625	2
CP142610.1	249625	249692	3
CP142610.1	249692	249701	2
CP142610.1	249701	249708	1
CP142610.1	249708	249727	2
CP142610.1	249727	249729	1
CP142610.1	249729	249772	2
CP142610.1	249772	249847	1
CP142610.1	249847	249917	2
CP142610.1	249917	249936	1
CP142610.1	249936	249939	2
CP142610.1	249939	249971	3
CP142610.1	249971	250038	2
CP142610.1	250038	250174	1
CP142610.1	250174	250362	0
CP142610.1	250362	250398	1
CP142610.1	250398	250408	2
CP142610.1	250408	250409	1
CP142610.1	250409	250423	2
CP142610.1	250423	250469	3
CP142610.1	250469	250472	2
CP142610.1	250472	250492	3
CP142610.1	250492	250508	2
CP142610.1	250508	250556	1
CP142610.1	250556	250557	0
CP142610.1	250557	250630	1
CP142610.1	250630	250721	2
CP142610.1	250721	250722	1
CP142610.1	250722	250729	2
CP142610.1	250729	250752	1
CP142610.1	250752	250758	2
CP142610.1	250758	250809	1
CP142610.1	250809	250812	0
CP142610.1	250812	250895	1
CP142610.1	250895	250896	0
CP142610.1	250896	250940	1
CP142610.1	250940	250968	0
CP142610.1	250968	251030	1
CP142610.1	251030	251049	2
CP142610.1	251049	251127	3
CP142610.1	251127	251177	4
CP142610.1	251177	251199	3
CP142610.1	251199	251285	2
CP142610.1	251285	251286	0
CP142610.1	251286	251287	1
CP142610.1	251287	251340	2
CP142610.1	251340	251550	1
CP142610.1	251550	251604	0
CP142610.1	251604	251700	1
CP142610.1	251700	251824	0
CP142610.1	251824	251870	1
CP142610.1	251870	251889	0
CP142610.1	251889	251902	1
CP142610.1	251902	251905	0
CP142610.1	251905	251983	1
CP142610.1	251983	252024	0
CP142610.1	252024	252028	1
CP142610.1	252028	252066	2
CP142610.1	252066	252078	3
CP142610.1	252078	252138	2
CP142610.1	252138	252222	3
CP142610.1	252222	252223	2
CP142610.1	252223	252244	3
CP142610.1	252244	252247	2
CP142610.1	252247	252297	3
CP142610.1	252297	252298	2
CP142610.1	252298	252314	3
CP142610.1	252314	252323	2
CP142610.1	252323	252344	3
CP142610.1	252344	252361	4
CP142610.1	252361	252373	5
CP142610.1	252373	252379	4
CP142610.1	252379	252384	3
CP142610.1	252384	252387	2
CP142610.1	252387	252405	3
CP142610.1	252405	252406	2
CP142610.1	252406	252484	1
CP142610.1	252484	252488	2
CP142610.1	252488	252525	3
CP142610.1	252525	252526	2
CP142610.1	252526	252539	3
CP142610.1	252539	252540	2
CP142610.1	252540	252573	3
CP142610.1	252573	252574	1
CP142610.1	252574	252583	3
CP142610.1	252583	252585	4
CP142610.1	252585	252606	3
CP142610.1	252606	252607	2
CP142610.1	252607	252613	3
CP142610.1	252613	252614	2
CP142610.1	252614	252624	3
CP142610.1	252624	252634	2
CP142610.1	252634	252693	3
CP142610.1	252693	252706	4
CP142610.1	252706	252708	3
CP142610.1	252708	252721	4
CP142610.1	252721	252732	3
CP142610.1	252732	252736	2
CP142610.1	252736	252742	3
CP142610.1	252742	252776	2
CP142610.1	252776	252787	1
CP142610.1	252787	252826	2
CP142610.1	252826	252836	1
CP142610.1	252836	252989	0
CP142610.1	252989	253299	1
CP142610.1	253299	253301	0
CP142610.1	253301	253319	1
CP142610.1	253319	253322	0
CP142610.1	253322	253367	1
CP142610.1	253367	253368	0
CP142610.1	253368	253384	1
CP142610.1	253384	253488	0
CP142610.1	253488	253584	1
CP142610.1	253584	253624	0
CP142610.1	253624	253647	1
CP142610.1	253647	253648	0
CP142610.1	253648	253688	1
CP142610.1	253688	253694	0
CP142610.1	253694	253720	1
CP142610.1	253720	253789	2
CP142610.1	253789	253812	3
CP142610.1	253812	253814	2
CP142610.1	253814	253839	3
CP142610.1	253839	253842	2
CP142610.1	253842	253881	3
CP142610.1	253881	253884	2
CP142610.1	253884	253895	1
CP142610.1	253895	254124	0
CP142610.1	254124	254224	1
CP142610.1	254224	254229	2
CP142610.1	254229	254319	1
CP142610.1	254319	254400	0
CP142610.1	254400	254415	1
CP142610.1	254415	254416	0
CP142610.1	254416	254463	1
CP142610.1	254463	254516	2
CP142610.1	254516	254550	1
CP142610.1	254550	254551	0
CP142610.1	254551	254572	1
CP142610.1	254572	254588	2
CP142610.1	254588	254589	1
CP142610.1	254589	254612	2
CP142610.1	254612	254629	3
CP142610.1	254629	254630	2
CP142610.1	254630	254643	3
CP142610.1	254643	254682	2
CP142610.1	254682	254691	1
CP142610.1	254691	254732	2
CP142610.1	254732	254785	3
CP142610.1	254785	254786	2
CP142610.1	254786	254800	3
CP142610.1	254800	254821	2
CP142610.1	254821	254869	3
CP142610.1	254869	254871	2
CP142610.1	254871	254876	3
CP142610.1	254876	254942	4
CP142610.1	254942	254980	3
CP142610.1	254980	255006	2
CP142610.1	255006	255077	1
CP142610.1	255077	255219	0
CP142610.1	255219	255221	1
CP142610.1	255221	255281	2
CP142610.1	255281	255287	1
CP142610.1	255287	255297	2
CP142610.1	255297	255302	3
CP142610.1	255302	255304	4
CP142610.1	255304	255322	5
CP142610.1	255322	255353	6
CP142610.1	255353	255368	5
CP142610.1	255368	255369	4
CP142610.1	255369	255370	3
CP142610.1	255370	255373	2
CP142610.1	255373	255455	1
CP142610.1	255455	255638	0
CP142610.1	255638	255740	1
CP142610.1	255740	255876	0
CP142610.1	255876	255995	1
CP142610.1	255995	256045	2
CP142610.1	256045	256064	1
CP142610.1	256064	256098	0
CP142610.1	256098	256100	1
CP142610.1	256100	256163	2
CP142610.1	256163	256167	1
CP142610.1	256167	256197	0
CP142610.1	256197	256327	1
CP142610.1	256327	256376	0
CP142610.1	256376	256473	1
CP142610.1	256473	256474	0
CP142610.1	256474	256595	1
CP142610.1	256595	256610	2
CP142610.1	256610	256622	3
CP142610.1	256622	256633	4
CP142610.1	256633	256745	3
CP142610.1	256745	256768	2
CP142610.1	256768	256789	1
CP142610.1	256789	256932	0
CP142610.1	256932	257045	1
CP142610.1	257045	257103	0
CP142610.1	257103	257130	1
CP142610.1	257130	257132	2
CP142610.1	257132	257239	3
CP142610.1	257239	257248	2
CP142610.1	257248	257262	1
CP142610.1	257262	257271	2
CP142610.1	257271	257297	1
CP142610.1	257297	257306	2
CP142610.1	257306	257307	0
CP142610.1	257307	257308	1
CP142610.1	257308	257309	2
CP142610.1	257309	257320	3
CP142610.1	257320	257324	1
CP142610.1	257324	257325	3
CP142610.1	257325	257328	2
CP142610.1	257328	257385	3
CP142610.1	257385	257402	2
CP142610.1	257402	257404	1
CP142610.1	257404	257459	2
CP142610.1	257459	257511	1
CP142610.1	257511	257675	0
CP142610.1	257675	257690	1
CP142610.1	257690	257704	2
CP142610.1	257704	257707	1
CP142610.1	257707	257744	2
CP142610.1	257744	257747	1
CP142610.1	257747	257783	2
CP142610.1	257783	257787	1
CP142610.1	257787	257830	0
CP142610.1	257830	257964	1
CP142610.1	257964	258065	0
CP142610.1	258065	258324	1
CP142610.1	258324	258349	0
CP142610.1	258349	258366	1
CP142610.1	258366	258411	2
CP142610.1	258411	258457	3
CP142610.1	258457	258505	2
CP142610.1	258505	258507	1
CP142610.1	258507	258552	2
CP142610.1	258552	258554	1
CP142610.1	258554	258574	2
CP142610.1	258574	258589	3
CP142610.1	258589	258599	4
CP142610.1	258599	258636	3
CP142610.1	258636	258655	4
CP142610.1	258655	258662	3
CP142610.1	258662	258703	4
CP142610.1	258703	258741	3
CP142610.1	258741	258814	4
CP142610.1	258814	258820	3
CP142610.1	258820	258838	4
CP142610.1	258838	258841	1
CP142610.1	258841	258846	0
CP142610.1	258846	258879	4
CP142610.1	258879	258901	3
CP142610.1	258901	258904	2
CP142610.1	258904	258935	1
CP142610.1	258935	259117	0
CP142610.1	259117	259121	1
CP142610.1	259121	259220	2
CP142610.1	259220	259221	1
CP142610.1	259221	259225	2
CP142610.1	259225	259265	1
CP142610.1	259265	259311	0
CP142610.1	259311	259345	1
CP142610.1	259345	259349	2
CP142610.1	259349	259432	3
CP142610.1	259432	259456	2
CP142610.1	259456	259512	3
CP142610.1	259512	259513	2
CP142610.1	259513	259547	3
CP142610.1	259547	259549	2
CP142610.1	259549	259573	3
CP142610.1	259573	259606	2
CP142610.1	259606	259618	1
CP142610.1	259618	259620	0
CP142610.1	259620	259801	1
CP142610.1	259801	259803	2
CP142610.1	259803	259887	3
CP142610.1	259887	259888	2
CP142610.1	259888	259921	3
CP142610.1	259921	259958	2
CP142610.1	259958	259970	3
CP142610.1	259970	259999	2
CP142610.1	259999	260042	1
CP142610.1	260042	260043	0
CP142610.1	260043	260049	1
CP142610.1	260049	260064	2
CP142610.1	260064	260092	3
CP142610.1	260092	260109	2
CP142610.1	260109	260110	1
CP142610.1	260110	260126	2
CP142610.1	260126	260163	1
CP142610.1	260163	260361	0
CP142610.1	260361	260438	1
CP142610.1	260438	260439	0
CP142610.1	260439	260557	1
CP142610.1	260557	260580	0
CP142610.1	260580	260596	1
CP142610.1	260596	260599	2
CP142610.1	260599	260601	3
CP142610.1	260601	260604	2
CP142610.1	260604	260605	3
CP142610.1	260605	260665	4
CP142610.1	260665	260760	3
CP142610.1	260760	260771	2
CP142610.1	260771	260826	1
CP142610.1	260826	260881	0
CP142610.1	260881	260939	1
CP142610.1	260939	260991	2
CP142610.1	260991	261009	3
CP142610.1	261009	261010	2
CP142610.1	261010	261029	3
CP142610.1	261029	261030	2
CP142610.1	261030	261095	3
CP142610.1	261095	261096	1
CP142610.1	261096	261099	2
CP142610.1	261099	261100	1
CP142610.1	261100	261139	2
CP142610.1	261139	261192	1
CP142610.1	261192	261204	2
CP142610.1	261204	261208	3
CP142610.1	261208	261220	2
CP142610.1	261220	261226	3
CP142610.1	261226	261227	2
CP142610.1	261227	261246	3
CP142610.1	261246	261259	2
CP142610.1	261259	261278	1
CP142610.1	261278	261387	0
CP142610.1	261387	261447	1
CP142610.1	261447	261532	0
CP142610.1	261532	261617	1
CP142610.1	261617	261789	0
CP142610.1	261789	261860	1
CP142610.1	261860	261969	0
CP142610.1	261969	262022	1
CP142610.1	262022	262024	2
CP142610.1	262024	262047	3
CP142610.1	262047	262088	4
CP142610.1	262088	262090	3
CP142610.1	262090	262110	4
CP142610.1	262110	262130	3
CP142610.1	262130	262144	4
CP142610.1	262144	262145	3
CP142610.1	262145	262161	4
CP142610.1	262161	262178	3
CP142610.1	262178	262189	2
CP142610.1	262189	262192	1
CP142610.1	262192	262200	2
CP142610.1	262200	262326	1
CP142610.1	262326	262760	0
CP142610.1	262760	262762	1
CP142610.1	262762	262802	2
CP142610.1	262802	262803	1
CP142610.1	262803	262804	0
CP142610.1	262804	262856	2
CP142610.1	262856	262969	1
CP142610.1	262969	263015	0
CP142610.1	263015	263034	1
CP142610.1	263034	263115	2
CP142610.1	263115	263116	1
CP142610.1	263116	263155	2
CP142610.1	263155	263174	3
CP142610.1	263174	263175	2
CP142610.1	263175	263202	3
CP142610.1	263202	263204	2
CP142610.1	263204	263205	1
CP142610.1	263205	263206	2
CP142610.1	263206	263220	3
CP142610.1	263220	263221	2
CP142610.1	263221	263242	3
CP142610.1	263242	263247	2
CP142610.1	263247	263318	3
CP142610.1	263318	263339	4
CP142610.1	263339	263384	3
CP142610.1	263384	263385	2
CP142610.1	263385	263425	3
CP142610.1	263425	263429	2
CP142610.1	263429	263512	1
CP142610.1	263512	263547	0
CP142610.1	263547	263589	1
CP142610.1	263589	263592	0
CP142610.1	263592	263620	1
CP142610.1	263620	263786	0
CP142610.1	263786	263809	1
CP142610.1	263809	263846	2
CP142610.1	263846	263880	3
CP142610.1	263880	263902	2
CP142610.1	263902	263965	1
CP142610.1	263965	264179	0
CP142610.1	264179	264208	1
CP142610.1	264208	264224	2
CP142610.1	264224	264226	1
CP142610.1	264226	264232	2
CP142610.1	264232	264256	3
CP142610.1	264256	264327	2
CP142610.1	264327	264379	1
CP142610.1	264379	264442	2
CP142610.1	264442	264473	1
CP142610.1	264473	264524	0
CP142610.1	264524	264667	1
CP142610.1	264667	264670	0
CP142610.1	264670	264762	1
CP142610.1	264762	264763	0
CP142610.1	264763	264778	1
CP142610.1	264778	264808	0
CP142610.1	264808	264833	1
CP142610.1	264833	264909	2
CP142610.1	264909	264912	1
CP142610.1	264912	264938	2
CP142610.1	264938	264995	1
CP142610.1	264995	264999	0
CP142610.1	264999	265138	1
CP142610.1	265138	265209	2
CP142610.1	265209	265219	1
CP142610.1	265219	265221	0
CP142610.1	265221	265302	1
CP142610.1	265302	265303	0
CP142610.1	265303	265327	1
CP142610.1	265327	265474	0
CP142610.1	265474	265638	1
CP142610.1	265638	265689	0
CP142610.1	265689	265729	1
CP142610.1	265729	265736	2
CP142610.1	265736	265829	1
CP142610.1	265829	265887	2
CP142610.1	265887	265909	1
CP142610.1	265909	265924	2
CP142610.1	265924	265977	3
CP142610.1	265977	266012	2
CP142610.1	266012	266014	1
CP142610.1	266014	266048	2
CP142610.1	266048	266108	1
CP142610.1	266108	266195	0
CP142610.1	266195	266213	1
CP142610.1	266213	266214	0
CP142610.1	266214	266423	1
CP142610.1	266423	266468	0
CP142610.1	266468	266506	1
CP142610.1	266506	266507	0
CP142610.1	266507	266546	1
CP142610.1	266546	266669	0
CP142610.1	266669	266828	1
CP142610.1	266828	266899	2
CP142610.1	266899	266908	1
CP142610.1	266908	266915	2
CP142610.1	266915	266930	3
CP142610.1	266930	266939	4
CP142610.1	266939	266940	3
CP142610.1	266940	266944	4
CP142610.1	266944	266955	5
CP142610.1	266955	266983	6
CP142610.1	266983	266985	7
CP142610.1	266985	266992	8
CP142610.1	266992	267004	7
CP142610.1	267004	267005	6
CP142610.1	267005	267010	7
CP142610.1	267010	267011	6
CP142610.1	267011	267055	7
CP142610.1	267055	267074	6
CP142610.1	267074	267082	5
CP142610.1	267082	267090	4
CP142610.1	267090	267200	3
CP142610.1	267200	267222	2
CP142610.1	267222	267245	1
CP142610.1	267245	267246	0
CP142610.1	267246	267308	1
CP142610.1	267308	267341	0
CP142610.1	267341	267405	1
CP142610.1	267405	267470	0
CP142610.1	267470	267575	1
CP142610.1	267575	267576	0
CP142610.1	267576	267621	1
CP142610.1	267621	267626	0
CP142610.1	267626	267665	1
CP142610.1	267665	267754	2
CP142610.1	267754	267757	1
CP142610.1	267757	267857	0
CP142610.1	267857	267867	1
CP142610.1	267867	267924	2
CP142610.1	267924	267982	1
CP142610.1	267982	267983	0
CP142610.1	267983	268052	1
CP142610.1	268052	268214	0
CP142610.1	268214	268220	1
CP142610.1	268220	268261	2
CP142610.1	268261	268272	3
CP142610.1	268272	268279	2
CP142610.1	268279	268310	3
CP142610.1	268310	268409	2
CP142610.1	268409	268443	1
CP142610.1	268443	268470	0
CP142610.1	268470	268577	1
CP142610.1	268577	268581	2
CP142610.1	268581	268688	1
CP142610.1	268688	268699	2
CP142610.1	268699	268743	1
CP142610.1	268743	268746	0
CP142610.1	268746	268831	1
CP142610.1	268831	268935	0
CP142610.1	268935	268967	1
CP142610.1	268967	269044	2
CP142610.1	269044	269047	3
CP142610.1	269047	269080	2
CP142610.1	269080	269125	3
CP142610.1	269125	269126	2
CP142610.1	269126	269172	3
CP142610.1	269172	269202	2
CP142610.1	269202	269243	3
CP142610.1	269243	269281	4
CP142610.1	269281	269308	5
CP142610.1	269308	269336	4
CP142610.1	269336	269385	3
CP142610.1	269385	269417	2
CP142610.1	269417	269461	1
CP142610.1	269461	269535	2
CP142610.1	269535	269564	1
CP142610.1	269564	269643	0
CP142610.1	269643	269776	1
CP142610.1	269776	269998	0
CP142610.1	269998	270026	1
CP142610.1	270026	270027	0
CP142610.1	270027	270114	1
CP142610.1	270114	270135	2
CP142610.1	270135	270139	1
CP142610.1	270139	270140	2
CP142610.1	270140	270141	1
CP142610.1	270141	270155	2
CP142610.1	270155	270156	1
CP142610.1	270156	270184	2
CP142610.1	270184	270199	1
CP142610.1	270199	270252	2
CP142610.1	270252	270254	3
CP142610.1	270254	270255	2
CP142610.1	270255	270256	1
CP142610.1	270256	270394	2
CP142610.1	270394	270395	1
CP142610.1	270395	270423	2
CP142610.1	270423	270424	3
CP142610.1	270424	270440	2
CP142610.1	270440	270441	1
CP142610.1	270441	270466	2
CP142610.1	270466	270492	1
CP142610.1	270492	270509	2
CP142610.1	270509	270526	1
CP142610.1	270526	270530	0
CP142610.1	270530	270536	1
CP142610.1	270536	270602	2
CP142610.1	270602	270616	3
CP142610.1	270616	270624	4
CP142610.1	270624	270677	5
CP142610.1	270677	270681	4
CP142610.1	270681	270707	3
CP142610.1	270707	270734	4
CP142610.1	270734	270819	3
CP142610.1	270819	270821	2
CP142610.1	270821	270845	3
CP142610.1	270845	270849	4
CP142610.1	270849	270853	3
CP142610.1	270853	270899	2
CP142610.1	270899	270917	1
CP142610.1	270917	270919	0
CP142610.1	270919	271035	1
CP142610.1	271035	271073	2
CP142610.1	271073	271117	3
CP142610.1	271117	271123	2
CP142610.1	271123	271148	1
CP142610.1	271148	271314	0
CP142610.1	271314	271322	1
CP142610.1	271322	271342	2
CP142610.1	271342	271369	3
CP142610.1	271369	271372	2
CP142610.1	271372	271426	3
CP142610.1	271426	271472	2
CP142610.1	271472	271570	1
CP142610.1	271570	271623	0
CP142610.1	271623	271628	1
CP142610.1	271628	271715	2
CP142610.1	271715	271980	1
CP142610.1	271980	272033	0
CP142610.1	272033	272062	1
CP142610.1	272062	272110	2
CP142610.1	272110	272269	1
CP142610.1	272269	272326	2
CP142610.1	272326	272342	1
CP142610.1	272342	272363	2
CP142610.1	272363	272384	3
CP142610.1	272384	272421	4
CP142610.1	272421	272444	3
CP142610.1	272444	272460	2
CP142610.1	272460	272461	1
CP142610.1	272461	272554	2
CP142610.1	272554	272662	3
CP142610.1	272662	272690	2
CP142610.1	272690	272743	3
CP142610.1	272743	272749	4
CP142610.1	272749	272773	3
CP142610.1	272773	272775	2
CP142610.1	272775	272792	1
CP142610.1	272792	272810	2
CP142610.1	272810	272880	3
CP142610.1	272880	272888	2
CP142610.1	272888	272895	3
CP142610.1	272895	273008	2
CP142610.1	273008	273036	1
CP142610.1	273036	273047	2
CP142610.1	273047	273049	0
CP142610.1	273049	273050	1
CP142610.1	273050	273071	2
CP142610.1	273071	273109	1
CP142610.1	273109	273132	2
CP142610.1	273132	273203	1
CP142610.1	273203	273204	0
CP142610.1	273204	273249	1
CP142610.1	273249	273250	0
CP142610.1	273250	273253	1
CP142610.1	273253	273270	2
CP142610.1	273270	273273	1
CP142610.1	273273	273278	2
CP142610.1	273278	273282	1
CP142610.1	273282	273298	2
CP142610.1	273298	273320	3
CP142610.1	273320	273328	2
CP142610.1	273328	273343	3
CP142610.1	273343	273344	2
CP142610.1	273344	273357	3
CP142610.1	273357	273358	2
CP142610.1	273358	273410	3
CP142610.1	273410	273428	2
CP142610.1	273428	273490	1
CP142610.1	273490	273549	0
CP142610.1	273549	273553	1
CP142610.1	273553	273611	2
CP142610.1	273611	273632	1
CP142610.1	273632	274274	0
CP142610.1	274274	274397	1
CP142610.1	274397	274461	2
CP142610.1	274461	274481	3
CP142610.1	274481	274515	2
CP142610.1	274515	274524	3
CP142610.1	274524	274525	2
CP142610.1	274525	274531	3
CP142610.1	274531	274546	2
CP142610.1	274546	274569	3
CP142610.1	274569	274582	2
CP142610.1	274582	274848	1
CP142610.1	274848	274850	0
CP142610.1	274850	274855	1
CP142610.1	274855	274865	2
CP142610.1	274865	274901	3
CP142610.1	274901	274939	2
CP142610.1	274939	275011	1
CP142610.1	275011	275096	2
CP142610.1	275096	275137	1
CP142610.1	275137	275173	2
CP142610.1	275173	275186	3
CP142610.1	275186	275197	2
CP142610.1	275197	275200	0
CP142610.1	275200	275227	1
CP142610.1	275227	275256	2
CP142610.1	275256	275259	1
CP142610.1	275259	275382	2
CP142610.1	275382	275404	3
CP142610.1	275404	275405	2
CP142610.1	275405	275408	3
CP142610.1	275408	275456	2
CP142610.1	275456	275617	1
CP142610.1	275617	275693	0
CP142610.1	275693	275725	1
CP142610.1	275725	275955	2
CP142610.1	275955	276024	1
CP142610.1	276024	276038	0
CP142610.1	276038	276083	1
CP142610.1	276083	276093	2
CP142610.1	276093	276203	3
CP142610.1	276203	276204	2
CP142610.1	276204	276205	1
CP142610.1	276205	276227	2
CP142610.1	276227	276233	1
CP142610.1	276233	276237	2
CP142610.1	276237	276240	1
CP142610.1	276240	276278	2
CP142610.1	276278	276281	1
CP142610.1	276281	276284	2
CP142610.1	276284	276318	1
CP142610.1	276318	276319	0
CP142610.1	276319	276344	1
CP142610.1	276344	276408	0
CP142610.1	276408	276516	1
CP142610.1	276516	276534	2
CP142610.1	276534	276565	1
CP142610.1	276565	276568	0
CP142610.1	276568	276656	1
CP142610.1	276656	276712	2
CP142610.1	276712	276770	3
CP142610.1	276770	276771	2
CP142610.1	276771	276773	3
CP142610.1	276773	276776	2
CP142610.1	276776	276809	1
CP142610.1	276809	277103	0
CP142610.1	277103	277155	1
CP142610.1	277155	277173	2
CP142610.1	277173	277246	1
CP142610.1	277246	277268	2
CP142610.1	277268	277289	3
CP142610.1	277289	277387	2
CP142610.1	277387	277396	1
CP142610.1	277396	277423	2
CP142610.1	277423	277432	1
CP142610.1	277432	277462	2
CP142610.1	277462	277499	1
CP142610.1	277499	277567	2
CP142610.1	277567	277568	1
CP142610.1	277568	277574	2
CP142610.1	277574	277577	1
CP142610.1	277577	277605	2
CP142610.1	277605	277619	1
CP142610.1	277619	277746	2
CP142610.1	277746	277755	3
CP142610.1	277755	277790	2
CP142610.1	277790	277821	3
CP142610.1	277821	277827	2
CP142610.1	277827	277889	1
CP142610.1	277889	277957	0
CP142610.1	277957	278028	1
CP142610.1	278028	278030	0
CP142610.1	278030	278112	1
CP142610.1	278112	278126	0
CP142610.1	278126	278273	1
CP142610.1	278273	278279	0
CP142610.1	278279	278288	1
CP142610.1	278288	278291	2
CP142610.1	278291	278292	1
CP142610.1	278292	278351	2
CP142610.1	278351	278391	1
CP142610.1	278391	278394	0
CP142610.1	278394	278423	1
CP142610.1	278423	278446	2
CP142610.1	278446	278466	1
CP142610.1	278466	278509	2
CP142610.1	278509	278512	3
CP142610.1	278512	278555	4
CP142610.1	278555	278562	5
CP142610.1	278562	278564	6
CP142610.1	278564	278570	5
CP142610.1	278570	278583	6
CP142610.1	278583	278587	5
CP142610.1	278587	278588	6
CP142610.1	278588	278600	7
CP142610.1	278600	278603	5
CP142610.1	278603	278650	7
CP142610.1	278650	278671	6
CP142610.1	278671	278694	5
CP142610.1	278694	278695	4
CP142610.1	278695	278700	5
CP142610.1	278700	278730	4
CP142610.1	278730	278735	3
CP142610.1	278735	278738	4
CP142610.1	278738	278821	3
CP142610.1	278821	278822	2
CP142610.1	278822	278824	0
CP142610.1	278824	278825	1
CP142610.1	278825	278878	2
CP142610.1	278878	278879	1
CP142610.1	278879	278953	2
CP142610.1	278953	278988	1
CP142610.1	278988	279001	0
CP142610.1	279001	279070	1
CP142610.1	279070	279272	0
CP142610.1	279272	279282	1
CP142610.1	279282	279385	2
CP142610.1	279385	279387	0
CP142610.1	279387	279388	1
CP142610.1	279388	279458	2
CP142610.1	279458	279505	1
CP142610.1	279505	279531	2
CP142610.1	279531	279574	1
CP142610.1	279574	279638	2
CP142610.1	279638	279737	1
CP142610.1	279737	279765	0
CP142610.1	279765	279886	1
CP142610.1	279886	279891	2
CP142610.1	279891	279950	1
CP142610.1	279950	279999	2
CP142610.1	279999	280070	3
CP142610.1	280070	280087	4
CP142610.1	280087	280091	3
CP142610.1	280091	280150	2
CP142610.1	280150	280206	3
CP142610.1	280206	280220	2
CP142610.1	280220	280247	3
CP142610.1	280247	280285	2
CP142610.1	280285	280286	1
CP142610.1	280286	280325	2
CP142610.1	280325	280391	0
CP142610.1	280391	280481	1
CP142610.1	280481	280482	0
CP142610.1	280482	280540	1
CP142610.1	280540	280595	0
CP142610.1	280595	280682	1
CP142610.1	280682	280714	2
CP142610.1	280714	280749	3
CP142610.1	280749	280802	2
CP142610.1	280802	280822	1
CP142610.1	280822	280835	2
CP142610.1	280835	280836	1
CP142610.1	280836	280900	2
CP142610.1	280900	281019	1
CP142610.1	281019	281111	0
CP142610.1	281111	281179	1
CP142610.1	281179	281252	0
CP142610.1	281252	281272	1
CP142610.1	281272	281294	2
CP142610.1	281294	281339	1
CP142610.1	281339	281433	2
CP142610.1	281433	281471	1
CP142610.1	281471	281601	0
CP142610.1	281601	281710	1
CP142610.1	281710	281713	2
CP142610.1	281713	281725	3
CP142610.1	281725	281781	2
CP142610.1	281781	281788	3
CP142610.1	281788	281799	2
CP142610.1	281799	281800	1
CP142610.1	281800	281806	2
CP142610.1	281806	281807	1
CP142610.1	281807	281866	2
CP142610.1	281866	281878	1
CP142610.1	281878	281880	2
CP142610.1	281880	281924	1
CP142610.1	281924	281944	2
CP142610.1	281944	281999	1
CP142610.1	281999	282000	0
CP142610.1	282000	282033	1
CP142610.1	282033	282106	2
CP142610.1	282106	282175	3
CP142610.1	282175	282203	2
CP142610.1	282203	282290	1
CP142610.1	282290	282300	2
CP142610.1	282300	282344	1
CP142610.1	282344	282355	0
CP142610.1	282355	282403	1
CP142610.1	282403	282404	0
CP142610.1	282404	282411	1
CP142610.1	282411	282452	2
CP142610.1	282452	282458	1
CP142610.1	282458	282540	2
CP142610.1	282540	282548	1
CP142610.1	282548	282622	0
CP142610.1	282622	282627	1
CP142610.1	282627	282878	2
CP142610.1	282878	282890	1
CP142610.1	282890	282950	2
CP142610.1	282950	282954	3
CP142610.1	282954	283004	2
CP142610.1	283004	283005	1
CP142610.1	283005	283081	2
CP142610.1	283081	283108	1
CP142610.1	283108	283110	0
CP142610.1	283110	283178	1
CP142610.1	283178	283249	2
CP142610.1	283249	283250	1
CP142610.1	283250	283267	0
CP142610.1	283267	283325	1
CP142610.1	283325	283345	2
CP142610.1	283345	283346	1
CP142610.1	283346	283353	2
CP142610.1	283353	283396	3
CP142610.1	283396	283397	2
CP142610.1	283397	283401	3
CP142610.1	283401	283416	4
CP142610.1	283416	283417	3
CP142610.1	283417	283441	4
CP142610.1	283441	283450	3
CP142610.1	283450	283497	4
CP142610.1	283497	283541	3
CP142610.1	283541	283598	2
CP142610.1	283598	283606	1
CP142610.1	283606	283674	0
CP142610.1	283674	283726	1
CP142610.1	283726	283890	2
CP142610.1	283890	283898	1
CP142610.1	283898	284156	0
CP142610.1	284156	284167	1
CP142610.1	284167	284170	0
CP142610.1	284170	284253	1
CP142610.1	284253	284254	0
CP142610.1	284254	284377	1
CP142610.1	284377	284387	2
CP142610.1	284387	284424	1
CP142610.1	284424	284464	2
CP142610.1	284464	284600	1
CP142610.1	284600	284616	2
CP142610.1	284616	284617	1
CP142610.1	284617	284646	2
CP142610.1	284646	284664	3
CP142610.1	284664	284760	2
CP142610.1	284760	284866	1
CP142610.1	284866	284889	0
CP142610.1	284889	284933	1
CP142610.1	284933	284977	2
CP142610.1	284977	285099	1
CP142610.1	285099	285172	0
CP142610.1	285172	285319	1
CP142610.1	285319	285330	0
CP142610.1	285330	285374	1
CP142610.1	285374	285377	0
CP142610.1	285377	285386	1
CP142610.1	285386	285394	2
CP142610.1	285394	285407	1
CP142610.1	285407	285408	0
CP142610.1	285408	285452	2
CP142610.1	285452	285469	1
CP142610.1	285469	285514	2
CP142610.1	285514	285609	1
CP142610.1	285609	285691	0
CP142610.1	285691	285715	1
CP142610.1	285715	285735	2
CP142610.1	285735	285757	3
CP142610.1	285757	285778	4
CP142610.1	285778	285796	3
CP142610.1	285796	285797	2
CP142610.1	285797	285844	3
CP142610.1	285844	285872	2
CP142610.1	285872	285873	3
CP142610.1	285873	285927	2
CP142610.1	285927	285972	1
CP142610.1	285972	286130	0
CP142610.1	286130	286200	1
CP142610.1	286200	286231	2
CP142610.1	286231	286276	3
CP142610.1	286276	286277	2
CP142610.1	286277	286301	3
CP142610.1	286301	286317	2
CP142610.1	286317	286318	1
CP142610.1	286318	286348	2
CP142610.1	286348	286397	1
CP142610.1	286397	286494	0
CP142610.1	286494	286616	1
CP142610.1	286616	286622	2
CP142610.1	286622	286627	3
CP142610.1	286627	286715	2
CP142610.1	286715	286754	1
CP142610.1	286754	286768	2
CP142610.1	286768	286865	3
CP142610.1	286865	286879	2
CP142610.1	286879	286913	3
CP142610.1	286913	286927	1
CP142610.1	286927	287007	3
CP142610.1	287007	287025	2
CP142610.1	287025	287026	1
CP142610.1	287026	287032	0
CP142610.1	287032	287034	1
CP142610.1	287034	287053	2
CP142610.1	287053	287061	1
CP142610.1	287061	287574	0
CP142610.1	287574	287690	1
CP142610.1	287690	287727	2
CP142610.1	287727	287733	0
CP142610.1	287733	287772	2
CP142610.1	287772	287839	3
CP142610.1	287839	287840	2
CP142610.1	287840	287864	3
CP142610.1	287864	287877	2
CP142610.1	287877	287916	1
CP142610.1	287916	287958	2
CP142610.1	287958	287994	1
CP142610.1	287994	288081	2
CP142610.1	288081	288102	1
CP142610.1	288102	288187	2
CP142610.1	288187	288193	1
CP142610.1	288193	288307	0
CP142610.1	288307	288339	1
CP142610.1	288339	288345	0
CP142610.1	288345	288379	1
CP142610.1	288379	288381	0
CP142610.1	288381	288408	1
CP142610.1	288408	288410	0
CP142610.1	288410	288459	1
CP142610.1	288459	288492	0
CP142610.1	288492	288595	1
CP142610.1	288595	288788	0
CP142610.1	288788	288896	1
CP142610.1	288896	288902	0
CP142610.1	288902	288904	1
CP142610.1	288904	288976	2
CP142610.1	288976	289013	1
CP142610.1	289013	289014	0
CP142610.1	289014	289035	1
CP142610.1	289035	289041	2
CP142610.1	289041	289078	3
CP142610.1	289078	289079	2
CP142610.1	289079	289102	3
CP142610.1	289102	289109	2
CP142610.1	289109	289170	1
CP142610.1	289170	289225	2
CP142610.1	289225	289335	1
CP142610.1	289335	289384	2
CP142610.1	289384	289408	3
CP142610.1	289408	289520	2
CP142610.1	289520	289521	1
CP142610.1	289521	289545	2
CP142610.1	289545	289576	3
CP142610.1	289576	289577	2
CP142610.1	289577	289593	3
CP142610.1	289593	289634	2
CP142610.1	289634	289655	1
CP142610.1	289655	289788	0
CP142610.1	289788	289854	1
CP142610.1	289854	289867	0
CP142610.1	289867	289891	1
CP142610.1	289891	289923	2
CP142610.1	289923	289924	0
CP142610.1	289924	289944	2
CP142610.1	289944	289994	1
CP142610.1	289994	290018	2
CP142610.1	290018	290019	1
CP142610.1	290019	290033	2
CP142610.1	290033	290108	3
CP142610.1	290108	290114	2
CP142610.1	290114	290157	1
CP142610.1	290157	290247	2
CP142610.1	290247	290266	1
CP142610.1	290266	290274	0
CP142610.1	290274	290294	1
CP142610.1	290294	290324	2
CP142610.1	290324	290334	3
CP142610.1	290334	290367	4
CP142610.1	290367	290374	3
CP142610.1	290374	290392	2
CP142610.1	290392	290408	3
CP142610.1	290408	290409	2
CP142610.1	290409	290494	1
CP142610.1	290494	290622	2
CP142610.1	290622	290654	0
CP142610.1	290654	290733	1
CP142610.1	290733	290893	0
CP142610.1	290893	290894	1
CP142610.1	290894	290928	2
CP142610.1	290928	290945	3
CP142610.1	290945	291040	2
CP142610.1	291040	291098	1
CP142610.1	291098	291295	0
CP142610.1	291295	291330	1
CP142610.1	291330	291374	2
CP142610.1	291374	291375	1
CP142610.1	291375	291384	2
CP142610.1	291384	291440	3
CP142610.1	291440	291459	4
CP142610.1	291459	291500	3
CP142610.1	291500	291529	2
CP142610.1	291529	291536	1
CP142610.1	291536	291563	2
CP142610.1	291563	291597	1
CP142610.1	291597	291659	2
CP142610.1	291659	291710	1
CP142610.1	291710	291763	2
CP142610.1	291763	291779	3
CP142610.1	291779	291871	2
CP142610.1	291871	291929	1
CP142610.1	291929	291993	0
CP142610.1	291993	292023	2
CP142610.1	292023	292054	3
CP142610.1	292054	292088	2
CP142610.1	292088	292090	1
CP142610.1	292090	292111	2
CP142610.1	292111	292127	3
CP142610.1	292127	292157	2
CP142610.1	292157	292175	3
CP142610.1	292175	292176	2
CP142610.1	292176	292181	3
CP142610.1	292181	292224	2
CP142610.1	292224	292284	1
CP142610.1	292284	292366	2
CP142610.1	292366	292416	1
CP142610.1	292416	292431	2
CP142610.1	292431	292469	3
CP142610.1	292469	292532	2
CP142610.1	292532	292533	1
CP142610.1	292533	292561	2
CP142610.1	292561	292607	1
CP142610.1	292607	292620	2
CP142610.1	292620	292660	1
CP142610.1	292660	292661	0
CP142610.1	292661	292763	1
CP142610.1	292763	292872	0
CP142610.1	292872	292899	1
CP142610.1	292899	292900	0
CP142610.1	292900	293039	1
CP142610.1	293039	293065	2
CP142610.1	293065	293069	1
CP142610.1	293069	293116	2
CP142610.1	293116	293127	3
CP142610.1	293127	293135	4
CP142610.1	293135	293163	3
CP142610.1	293163	293232	2
CP142610.1	293232	293235	3
CP142610.1	293235	293256	2
CP142610.1	293256	293257	1
CP142610.1	293257	293333	2
CP142610.1	293333	293349	3
CP142610.1	293349	293353	2
CP142610.1	293353	293364	3
CP142610.1	293364	293392	2
CP142610.1	293392	293434	1
CP142610.1	293434	293442	2
CP142610.1	293442	293512	1
CP142610.1	293512	293549	2
CP142610.1	293549	293595	1
CP142610.1	293595	293599	0
CP142610.1	293599	293640	1
CP142610.1	293640	293668	2
CP142610.1	293668	293693	3
CP142610.1	293693	293708	2
CP142610.1	293708	293845	1
CP142610.1	293845	293846	0
CP142610.1	293846	293904	1
CP142610.1	293904	293978	0
CP142610.1	293978	293994	1
CP142610.1	293994	294073	2
CP142610.1	294073	294086	1
CP142610.1	294086	294087	0
CP142610.1	294087	294240	1
CP142610.1	294240	294288	0
CP142610.1	294288	294389	1
CP142610.1	294389	294434	2
CP142610.1	294434	294436	3
CP142610.1	294436	294443	2
CP142610.1	294443	294598	1
CP142610.1	294598	294641	0
CP142610.1	294641	294694	1
CP142610.1	294694	294872	0
CP142610.1	294872	294936	1
CP142610.1	294936	294985	2
CP142610.1	294985	295136	1
CP142610.1	295136	295146	2
CP142610.1	295146	295254	3
CP142610.1	295254	295297	2
CP142610.1	295297	295329	3
CP142610.1	295329	295344	2
CP142610.1	295344	295402	1
CP142610.1	295402	295439	2
CP142610.1	295439	295447	1
CP142610.1	295447	295505	2
CP142610.1	295505	295517	3
CP142610.1	295517	295540	2
CP142610.1	295540	295568	1
CP142610.1	295568	295762	0
CP142610.1	295762	295787	1
CP142610.1	295787	295901	2
CP142610.1	295901	295944	3
CP142610.1	295944	295945	2
CP142610.1	295945	295947	1
CP142610.1	295947	295964	2
CP142610.1	295964	296110	1
CP142610.1	296110	296168	2
CP142610.1	296168	296203	1
CP142610.1	296203	296237	0
CP142610.1	296237	296290	1
CP142610.1	296290	296291	0
CP142610.1	296291	296320	1
CP142610.1	296320	296436	2
CP142610.1	296436	296437	0
CP142610.1	296437	296454	1
CP142610.1	296454	296462	2
CP142610.1	296462	296465	1
CP142610.1	296465	296489	2
CP142610.1	296489	296494	1
CP142610.1	296494	296517	2
CP142610.1	296517	296621	1
CP142610.1	296621	296622	0
CP142610.1	296622	296640	1
CP142610.1	296640	296823	0
CP142610.1	296823	296938	1
CP142610.1	296938	296997	0
CP142610.1	296997	297187	1
CP142610.1	297187	297193	2
CP142610.1	297193	297243	1
CP142610.1	297243	297293	0
CP142610.1	297293	297536	1
CP142610.1	297536	297643	0
CP142610.1	297643	297713	1
CP142610.1	297713	297714	0
CP142610.1	297714	297804	1
CP142610.1	297804	297806	0
CP142610.1	297806	297838	1
CP142610.1	297838	298021	0
CP142610.1	298021	298037	1
CP142610.1	298037	298078	2
CP142610.1	298078	298098	1
CP142610.1	298098	298099	2
CP142610.1	298099	298139	1
CP142610.1	298139	298151	0
CP142610.1	298151	298280	1
CP142610.1	298280	298282	0
CP142610.1	298282	298390	1
CP142610.1	298390	298471	0
CP142610.1	298471	298487	1
CP142610.1	298487	298524	2
CP142610.1	298524	298527	1
CP142610.1	298527	298540	2
CP142610.1	298540	298566	1
CP142610.1	298566	298567	0
CP142610.1	298567	298620	1
CP142610.1	298620	298653	2
CP142610.1	298653	298694	1
CP142610.1	298694	298784	2
CP142610.1	298784	298790	1
CP142610.1	298790	298854	2
CP142610.1	298854	298861	1
CP142610.1	298861	298862	0
CP142610.1	298862	298977	1
CP142610.1	298977	299381	0
CP142610.1	299381	299431	1
CP142610.1	299431	299434	0
CP142610.1	299434	299473	1
CP142610.1	299473	299475	0
CP142610.1	299475	299487	1
CP142610.1	299487	299490	0
CP142610.1	299490	299491	1
CP142610.1	299491	299492	2
CP142610.1	299492	299591	3
CP142610.1	299591	299621	2
CP142610.1	299621	300043	1
CP142610.1	300043	300174	0
CP142610.1	300174	300195	1
CP142610.1	300195	300200	2
CP142610.1	300200	300213	3
CP142610.1	300213	300230	4
CP142610.1	300230	300306	3
CP142610.1	300306	300312	4
CP142610.1	300312	300336	3
CP142610.1	300336	300370	2
CP142610.1	300370	300554	1
CP142610.1	300554	300629	0
CP142610.1	300629	300721	1
CP142610.1	300721	300883	0
CP142610.1	300883	301033	1
CP142610.1	301033	301153	0
CP142610.1	301153	301161	1
CP142610.1	301161	301162	2
CP142610.1	301162	301180	3
CP142610.1	301180	301182	2
CP142610.1	301182	301189	3
CP142610.1	301189	301190	2
CP142610.1	301190	301231	3
CP142610.1	301231	301243	2
CP142610.1	301243	301251	1
CP142610.1	301251	301345	0
CP142610.1	301345	301373	1
CP142610.1	301373	301425	2
CP142610.1	301425	301444	1
CP142610.1	301444	301503	0
CP142610.1	301503	301576	1
CP142610.1	301576	301580	2
CP142610.1	301580	301617	3
CP142610.1	301617	301638	4
CP142610.1	301638	301666	3
CP142610.1	301666	301670	0
CP142610.1	301670	301678	3
CP142610.1	301678	301681	2
CP142610.1	301681	301698	3
CP142610.1	301698	301700	2
CP142610.1	301700	301705	3
CP142610.1	301705	301734	2
CP142610.1	301734	301750	1
CP142610.1	301750	301765	0
CP142610.1	301765	301933	1
CP142610.1	301933	301936	2
CP142610.1	301936	301946	1
CP142610.1	301946	301981	2
CP142610.1	301981	301984	1
CP142610.1	301984	302006	2
CP142610.1	302006	302026	1
CP142610.1	302026	302037	0
CP142610.1	302037	302080	1
CP142610.1	302080	302123	2
CP142610.1	302123	302149	1
CP142610.1	302149	302322	2
CP142610.1	302322	302359	3
CP142610.1	302359	302424	4
CP142610.1	302424	302458	3
CP142610.1	302458	302533	2
CP142610.1	302533	302798	1
CP142610.1	302798	302824	2
CP142610.1	302824	302859	3
CP142610.1	302859	302906	4
CP142610.1	302906	302907	3
CP142610.1	302907	302922	4
CP142610.1	302922	302925	3
CP142610.1	302925	302930	2
CP142610.1	302930	302931	1
CP142610.1	302931	302932	2
CP142610.1	302932	302950	3
CP142610.1	302950	303018	2
CP142610.1	303018	303019	1
CP142610.1	303019	303032	2
CP142610.1	303032	303255	1
CP142610.1	303255	303273	2
CP142610.1	303273	303274	1
CP142610.1	303274	303387	2
CP142610.1	303387	303400	3
CP142610.1	303400	303416	4
CP142610.1	303416	303522	3
CP142610.1	303522	303526	4
CP142610.1	303526	303561	3
CP142610.1	303561	303562	2
CP142610.1	303562	303621	3
CP142610.1	303621	303641	2
CP142610.1	303641	303642	1
CP142610.1	303642	303701	2
CP142610.1	303701	304067	1
CP142610.1	304067	304096	0
CP142610.1	304096	304179	1
CP142610.1	304179	304231	2
CP142610.1	304231	304232	1
CP142610.1	304232	304260	2
CP142610.1	304260	304313	1
CP142610.1	304313	304535	0
CP142610.1	304535	304588	1
CP142610.1	304588	304626	0
CP142610.1	304626	304629	1
CP142610.1	304629	304660	2
CP142610.1	304660	304669	1
CP142610.1	304669	304721	2
CP142610.1	304721	304769	1
CP142610.1	304769	304891	0
CP142610.1	304891	305019	1
CP142610.1	305019	305024	0
CP142610.1	305024	305064	1
CP142610.1	305064	305201	2
CP142610.1	305201	305216	1
CP142610.1	305216	305259	0
CP142610.1	305259	305261	1
CP142610.1	305261	305274	2
CP142610.1	305274	305275	1
CP142610.1	305275	305323	2
CP142610.1	305323	305390	3
CP142610.1	305390	305452	2
CP142610.1	305452	305528	1
CP142610.1	305528	305557	0
CP142610.1	305557	305625	1
CP142610.1	305625	305725	0
CP142610.1	305725	305829	1
CP142610.1	305829	305850	0
CP142610.1	305850	305952	1
CP142610.1	305952	305953	0
CP142610.1	305953	306058	1
CP142610.1	306058	306668	0
CP142610.1	306668	306736	1
CP142610.1	306736	306749	0
CP142610.1	306749	306760	1
CP142610.1	306760	306818	2
CP142610.1	306818	306832	3
CP142610.1	306832	306864	4
CP142610.1	306864	306941	3
CP142610.1	306941	306949	2
CP142610.1	306949	307118	1
CP142610.1	307118	307130	2
CP142610.1	307130	307131	1
CP142610.1	307131	307235	2
CP142610.1	307235	307236	0
CP142610.1	307236	307237	1
CP142610.1	307237	307280	2
CP142610.1	307280	307281	1
CP142610.1	307281	307292	2
CP142610.1	307292	307329	1
CP142610.1	307329	307405	2
CP142610.1	307405	307419	3
CP142610.1	307419	307440	2
CP142610.1	307440	307455	3
CP142610.1	307455	307470	2
CP142610.1	307470	307471	1
CP142610.1	307471	307494	2
CP142610.1	307494	307496	3
CP142610.1	307496	307542	2
CP142610.1	307542	307543	1
CP142610.1	307543	307551	2
CP142610.1	307551	307553	1
CP142610.1	307553	307573	2
CP142610.1	307573	307587	3
CP142610.1	307587	307588	2
CP142610.1	307588	307592	3
CP142610.1	307592	307631	2
CP142610.1	307631	307659	1
CP142610.1	307659	307663	0
CP142610.1	307663	307688	1
CP142610.1	307688	307743	2
CP142610.1	307743	307745	1
CP142610.1	307745	307754	2
CP142610.1	307754	307886	1
CP142610.1	307886	307920	2
CP142610.1	307920	307929	3
CP142610.1	307929	307941	4
CP142610.1	307941	307989	3
CP142610.1	307989	308100	4
CP142610.1	308100	308135	3
CP142610.1	308135	308157	2
CP142610.1	308157	308202	1
CP142610.1	308202	308347	0
CP142610.1	308347	308375	1
CP142610.1	308375	308431	2
CP142610.1	308431	308436	3
CP142610.1	308436	308456	2
CP142610.1	308456	308550	3
CP142610.1	308550	308554	2
CP142610.1	308554	308569	1
CP142610.1	308569	308810	0
CP142610.1	308810	308931	1
CP142610.1	308931	308944	2
CP142610.1	308944	308980	3
CP142610.1	308980	309020	2
CP142610.1	309020	309081	3
CP142610.1	309081	309082	2
CP142610.1	309082	309199	3
CP142610.1	309199	309220	2
CP142610.1	309220	309240	1
CP142610.1	309240	309249	2
CP142610.1	309249	309252	1
CP142610.1	309252	309275	2
CP142610.1	309275	309277	1
CP142610.1	309277	309297	2
CP142610.1	309297	309298	1
CP142610.1	309298	309389	2
CP142610.1	309389	309414	1
CP142610.1	309414	309638	0
CP142610.1	309638	309742	1
CP142610.1	309742	309751	2
CP142610.1	309751	309845	1
CP142610.1	309845	309871	2
CP142610.1	309871	309873	1
CP142610.1	309873	309933	2
CP142610.1	309933	309947	3
CP142610.1	309947	309948	2
CP142610.1	309948	309969	3
CP142610.1	309969	310016	2
CP142610.1	310016	310040	1
CP142610.1	310040	310097	2
CP142610.1	310097	310102	3
CP142610.1	310102	310136	4
CP142610.1	310136	310140	3
CP142610.1	310140	310149	2
CP142610.1	310149	310195	1
CP142610.1	310195	310239	2
CP142610.1	310239	310241	3
CP142610.1	310241	310247	2
CP142610.1	310247	310251	3
CP142610.1	310251	310295	4
CP142610.1	310295	310296	3
CP142610.1	310296	310303	4
CP142610.1	310303	310305	3
CP142610.1	310305	310307	2
CP142610.1	310307	310310	3
CP142610.1	310310	310372	2
CP142610.1	310372	310378	3
CP142610.1	310378	310385	2
CP142610.1	310385	310437	3
CP142610.1	310437	310438	2
CP142610.1	310438	310492	3
CP142610.1	310492	310493	1
CP142610.1	310493	310506	3
CP142610.1	310506	310507	2
CP142610.1	310507	310516	3
CP142610.1	310516	310530	2
CP142610.1	310530	310558	1
CP142610.1	310558	310618	0
CP142610.1	310618	310719	1
CP142610.1	310719	310720	0
CP142610.1	310720	310754	1
CP142610.1	310754	310808	2
CP142610.1	310808	310816	1
CP142610.1	310816	310866	2
CP142610.1	310866	310868	1
CP142610.1	310868	310869	0
CP142610.1	310869	311005	1
CP142610.1	311005	311008	2
CP142610.1	311008	311063	3
CP142610.1	311063	311064	2
CP142610.1	311064	311094	3
CP142610.1	311094	311109	2
CP142610.1	311109	311110	0
CP142610.1	311110	311111	1
CP142610.1	311111	311126	2
CP142610.1	311126	311128	1
CP142610.1	311128	311129	0
CP142610.1	311129	311184	2
CP142610.1	311184	311212	1
CP142610.1	311212	311229	2
CP142610.1	311229	311337	1
CP142610.1	311337	311422	0
CP142610.1	311422	311496	1
CP142610.1	311496	311876	0
CP142610.1	311876	311908	1
CP142610.1	311908	311919	2
CP142610.1	311919	311984	3
CP142610.1	311984	311985	2
CP142610.1	311985	312000	3
CP142610.1	312000	312002	2
CP142610.1	312002	312006	3
CP142610.1	312006	312011	2
CP142610.1	312011	312015	3
CP142610.1	312015	312018	2
CP142610.1	312018	312023	3
CP142610.1	312023	312030	2
CP142610.1	312030	312067	3
CP142610.1	312067	312075	4
CP142610.1	312075	312261	3
CP142610.1	312261	312345	2
CP142610.1	312345	312364	1
CP142610.1	312364	312365	0
CP142610.1	312365	312371	1
CP142610.1	312371	312420	2
CP142610.1	312420	312560	1
CP142610.1	312560	312653	2
CP142610.1	312653	312655	3
CP142610.1	312655	312736	2
CP142610.1	312736	312751	1
CP142610.1	312751	312762	0
CP142610.1	312762	312835	1
CP142610.1	312835	312936	2
CP142610.1	312936	312941	1
CP142610.1	312941	312961	2
CP142610.1	312961	313018	1
CP142610.1	313018	313043	0
CP142610.1	313043	313131	1
CP142610.1	313131	313281	0
CP142610.1	313281	313318	1
CP142610.1	313318	313321	0
CP142610.1	313321	313490	1
CP142610.1	313490	313492	2
CP142610.1	313492	313608	1
CP142610.1	313608	313610	2
CP142610.1	313610	313637	3
CP142610.1	313637	313640	2
CP142610.1	313640	313641	1
CP142610.1	313641	313716	3
CP142610.1	313716	313742	2
CP142610.1	313742	313743	1
CP142610.1	313743	313800	2
CP142610.1	313800	313821	3
CP142610.1	313821	313823	4
CP142610.1	313823	313850	5
CP142610.1	313850	313853	4
CP142610.1	313853	313854	2
CP142610.1	313854	313855	3
CP142610.1	313855	313911	4
CP142610.1	313911	313923	3
CP142610.1	313923	313945	2
CP142610.1	313945	314032	1
CP142610.1	314032	314150	0
CP142610.1	314150	314241	1
CP142610.1	314241	314293	0
CP142610.1	314293	314332	1
CP142610.1	314332	314346	2
CP142610.1	314346	314352	3
CP142610.1	314352	314358	2
CP142610.1	314358	314423	3
CP142610.1	314423	314424	2
CP142610.1	314424	314472	3
CP142610.1	314472	314480	2
CP142610.1	314480	314490	3
CP142610.1	314490	314491	2
CP142610.1	314491	314535	3
CP142610.1	314535	314542	2
CP142610.1	314542	314573	1
CP142610.1	314573	314574	0
CP142610.1	314574	314612	1
CP142610.1	314612	314625	0
CP142610.1	314625	314657	1
CP142610.1	314657	314696	2
CP142610.1	314696	314717	3
CP142610.1	314717	314721	4
CP142610.1	314721	314725	3
CP142610.1	314725	314726	2
CP142610.1	314726	314824	3
CP142610.1	314824	314829	2
CP142610.1	314829	314859	1
CP142610.1	314859	315007	2
CP142610.1	315007	315042	3
CP142610.1	315042	315065	2
CP142610.1	315065	315370	1
CP142610.1	315370	315482	0
CP142610.1	315482	315625	1
CP142610.1	315625	315675	0
CP142610.1	315675	315860	1
CP142610.1	315860	315955	0
CP142610.1	315955	316033	1
CP142610.1	316033	316073	2
CP142610.1	316073	316081	3
CP142610.1	316081	316140	4
CP142610.1	316140	316188	3
CP142610.1	316188	316207	4
CP142610.1	316207	316216	3
CP142610.1	316216	316224	2
CP142610.1	316224	316230	1
CP142610.1	316230	316231	0
CP142610.1	316231	316241	2
CP142610.1	316241	316271	3
CP142610.1	316271	316276	2
CP142610.1	316276	316359	1
CP142610.1	316359	316405	2
CP142610.1	316405	316410	3
CP142610.1	316410	316450	2
CP142610.1	316450	316492	1
CP142610.1	316492	316540	2
CP142610.1	316540	316545	1
CP142610.1	316545	316549	2
CP142610.1	316549	316674	3
CP142610.1	316674	316696	2
CP142610.1	316696	316705	1
CP142610.1	316705	316737	2
CP142610.1	316737	316810	3
CP142610.1	316810	316811	2
CP142610.1	316811	316827	3
CP142610.1	316827	316835	2
CP142610.1	316835	316880	3
CP142610.1	316880	316893	4
CP142610.1	316893	316894	3
CP142610.1	316894	316911	4
CP142610.1	316911	316958	3
CP142610.1	316958	316999	2
CP142610.1	316999	317068	3
CP142610.1	317068	317070	2
CP142610.1	317070	317091	3
CP142610.1	317091	317092	2
CP142610.1	317092	317109	3
CP142610.1	317109	317110	1
CP142610.1	317110	317154	3
CP142610.1	317154	317173	2
CP142610.1	317173	317241	3
CP142610.1	317241	317274	2
CP142610.1	317274	317293	3
CP142610.1	317293	317306	2
CP142610.1	317306	317307	1
CP142610.1	317307	317310	0
CP142610.1	317310	317374	1
CP142610.1	317374	317490	0
CP142610.1	317490	317627	1
CP142610.1	317627	317628	0
CP142610.1	317628	317652	1
CP142610.1	317652	317653	0
CP142610.1	317653	317693	1
CP142610.1	317693	317732	2
CP142610.1	317732	317736	3
CP142610.1	317736	317795	2
CP142610.1	317795	317796	1
CP142610.1	317796	317814	2
CP142610.1	317814	317832	1
CP142610.1	317832	317838	0
CP142610.1	317838	317905	1
CP142610.1	317905	318151	0
CP142610.1	318151	318174	1
CP142610.1	318174	318255	2
CP142610.1	318255	318277	1
CP142610.1	318277	318338	2
CP142610.1	318338	318341	1
CP142610.1	318341	318424	2
CP142610.1	318424	318450	1
CP142610.1	318450	318485	2
CP142610.1	318485	318538	3
CP142610.1	318538	318550	4
CP142610.1	318550	318551	3
CP142610.1	318551	318552	2
CP142610.1	318552	318560	3
CP142610.1	318560	318567	4
CP142610.1	318567	318577	3
CP142610.1	318577	318578	2
CP142610.1	318578	318583	3
CP142610.1	318583	318610	2
CP142610.1	318610	318618	1
CP142610.1	318618	318621	2
CP142610.1	318621	318650	1
CP142610.1	318650	318692	2
CP142610.1	318692	318693	1
CP142610.1	318693	318727	2
CP142610.1	318727	318820	1
CP142610.1	318820	318945	0
CP142610.1	318945	318953	1
CP142610.1	318953	318955	0
CP142610.1	318955	318965	1
CP142610.1	318965	319021	2
CP142610.1	319021	319047	1
CP142610.1	319047	319059	2
CP142610.1	319059	319063	1
CP142610.1	319063	319069	2
CP142610.1	319069	319114	3
CP142610.1	319114	319118	2
CP142610.1	319118	319141	1
CP142610.1	319141	319144	0
CP142610.1	319144	319231	1
CP142610.1	319231	319243	2
CP142610.1	319243	319288	3
CP142610.1	319288	319290	2
CP142610.1	319290	319361	3
CP142610.1	319361	319393	2
CP142610.1	319393	319394	1
CP142610.1	319394	319483	2
CP142610.1	319483	319492	3
CP142610.1	319492	319540	2
CP142610.1	319540	319543	3
CP142610.1	319543	319545	1
CP142610.1	319545	319548	3
CP142610.1	319548	319559	4
CP142610.1	319559	319560	3
CP142610.1	319560	319566	4
CP142610.1	319566	319567	3
CP142610.1	319567	319587	4
CP142610.1	319587	319592	3
CP142610.1	319592	319628	2
CP142610.1	319628	319675	3
CP142610.1	319675	319679	2
CP142610.1	319679	319695	4
CP142610.1	319695	319732	3
CP142610.1	319732	319741	2
CP142610.1	319741	319761	1
CP142610.1	319761	319777	2
CP142610.1	319777	319801	3
CP142610.1	319801	319817	4
CP142610.1	319817	319876	3
CP142610.1	319876	319969	2
CP142610.1	319969	320031	1
CP142610.1	320031	320033	0
CP142610.1	320033	320137	1
CP142610.1	320137	320143	0
CP142610.1	320143	320163	1
CP142610.1	320163	320200	3
CP142610.1	320200	320201	2
CP142610.1	320201	320238	3
CP142610.1	320238	320255	2
CP142610.1	320255	320256	1
CP142610.1	320256	320313	2
CP142610.1	320313	320460	1
CP142610.1	320460	320461	0
CP142610.1	320461	320486	1
CP142610.1	320486	320487	0
CP142610.1	320487	320502	1
CP142610.1	320502	320547	0
CP142610.1	320547	320553	1
CP142610.1	320553	320564	2
CP142610.1	320564	320583	3
CP142610.1	320583	320594	4
CP142610.1	320594	320606	3
CP142610.1	320606	320607	0
CP142610.1	320607	320618	3
CP142610.1	320618	320626	4
CP142610.1	320626	320627	3
CP142610.1	320627	320635	4
CP142610.1	320635	320637	3
CP142610.1	320637	320653	4
CP142610.1	320653	320689	3
CP142610.1	320689	320717	4
CP142610.1	320717	320729	3
CP142610.1	320729	320730	2
CP142610.1	320730	320756	3
CP142610.1	320756	320883	2
CP142610.1	320883	320905	1
CP142610.1	320905	320950	0
CP142610.1	320950	320959	1
CP142610.1	320959	321002	2
CP142610.1	321002	321037	3
CP142610.1	321037	321038	2
CP142610.1	321038	321078	3
CP142610.1	321078	321088	4
CP142610.1	321088	321126	3
CP142610.1	321126	321194	4
CP142610.1	321194	321259	3
CP142610.1	321259	321290	2
CP142610.1	321290	321326	1
CP142610.1	321326	321551	0
CP142610.1	321551	321609	1
CP142610.1	321609	321612	0
CP142610.1	321612	321670	1
CP142610.1	321670	321672	0
CP142610.1	321672	321682	1
CP142610.1	321682	321844	2
CP142610.1	321844	321914	1
CP142610.1	321914	321917	0
CP142610.1	321917	321921	1
CP142610.1	321921	322129	2
CP142610.1	322129	322148	3
CP142610.1	322148	322205	4
CP142610.1	322205	322217	3
CP142610.1	322217	322219	2
CP142610.1	322219	322262	1
CP142610.1	322262	322437	0
CP142610.1	322437	322451	1
CP142610.1	322451	322452	0
CP142610.1	322452	322512	1
CP142610.1	322512	322836	0
CP142610.1	322836	322864	1
CP142610.1	322864	322879	0
CP142610.1	322879	322946	1
CP142610.1	322946	322950	2
CP142610.1	322950	323022	3
CP142610.1	323022	323034	2
CP142610.1	323034	323071	1
CP142610.1	323071	323077	2
CP142610.1	323077	323078	1
CP142610.1	323078	323098	2
CP142610.1	323098	323105	1
CP142610.1	323105	323106	0
CP142610.1	323106	323107	1
CP142610.1	323107	323152	2
CP142610.1	323152	323155	3
CP142610.1	323155	323156	2
CP142610.1	323156	323211	3
CP142610.1	323211	323237	4
CP142610.1	323237	323239	3
CP142610.1	323239	323256	4
CP142610.1	323256	323264	3
CP142610.1	323264	323272	2
CP142610.1	323272	323302	3
CP142610.1	323302	323347	4
CP142610.1	323347	323364	3
CP142610.1	323364	323421	4
CP142610.1	323421	323422	3
CP142610.1	323422	323430	4
CP142610.1	323430	323431	0
CP142610.1	323431	323432	1
CP142610.1	323432	323451	4
CP142610.1	323451	323479	3
CP142610.1	323479	323507	4
CP142610.1	323507	323512	3
CP142610.1	323512	323597	2
CP142610.1	323597	323649	3
CP142610.1	323649	323673	2
CP142610.1	323673	323716	3
CP142610.1	323716	323717	1
CP142610.1	323717	323718	2
CP142610.1	323718	323721	3
CP142610.1	323721	323751	2
CP142610.1	323751	323752	1
CP142610.1	323752	323758	2
CP142610.1	323758	323833	1
CP142610.1	323833	323835	0
CP142610.1	323835	323914	1
CP142610.1	323914	323925	0
CP142610.1	323925	323974	1
CP142610.1	323974	323992	0
CP142610.1	323992	324052	1
CP142610.1	324052	324063	2
CP142610.1	324063	324064	1
CP142610.1	324064	324135	2
CP142610.1	324135	324216	3
CP142610.1	324216	324233	2
CP142610.1	324233	324263	1
CP142610.1	324263	324294	0
CP142610.1	324294	324317	1
CP142610.1	324317	324335	2
CP142610.1	324335	324361	3
CP142610.1	324361	324373	4
CP142610.1	324373	324390	3
CP142610.1	324390	324391	0
CP142610.1	324391	324424	3
CP142610.1	324424	324425	0
CP142610.1	324425	324434	3
CP142610.1	324434	324445	2
CP142610.1	324445	324446	1
CP142610.1	324446	324525	2
CP142610.1	324525	324553	1
CP142610.1	324553	324554	0
CP142610.1	324554	324573	1
CP142610.1	324573	324599	2
CP142610.1	324599	324601	0
CP142610.1	324601	324602	1
CP142610.1	324602	324626	2
CP142610.1	324626	324634	3
CP142610.1	324634	324635	2
CP142610.1	324635	324643	3
CP142610.1	324643	324645	2
CP142610.1	324645	324659	3
CP142610.1	324659	324711	4
CP142610.1	324711	324729	3
CP142610.1	324729	324737	4
CP142610.1	324737	324774	5
CP142610.1	324774	324778	4
CP142610.1	324778	324783	3
CP142610.1	324783	324787	1
CP142610.1	324787	324788	2
CP142610.1	324788	324807	3
CP142610.1	324807	324829	2
CP142610.1	324829	324856	3
CP142610.1	324856	324881	2
CP142610.1	324881	324926	1
CP142610.1	324926	324976	2
CP142610.1	324976	325014	3
CP142610.1	325014	325015	2
CP142610.1	325015	325034	3
CP142610.1	325034	325053	2
CP142610.1	325053	325108	1
CP142610.1	325108	325137	2
CP142610.1	325137	325176	1
CP142610.1	325176	325357	0
CP142610.1	325357	325373	1
CP142610.1	325373	325374	0
CP142610.1	325374	325388	1
CP142610.1	325388	325390	0
CP142610.1	325390	325500	1
CP142610.1	325500	325514	0
CP142610.1	325514	325520	1
CP142610.1	325520	325650	2
CP142610.1	325650	325652	1
CP142610.1	325652	325684	2
CP142610.1	325684	325686	1
CP142610.1	325686	325713	2
CP142610.1	325713	325732	1
CP142610.1	325732	325778	2
CP142610.1	325778	325849	3
CP142610.1	325849	325850	1
CP142610.1	325850	325879	2
CP142610.1	325879	325880	1
CP142610.1	325880	325921	2
CP142610.1	325921	325961	1
CP142610.1	325961	325971	0
CP142610.1	325971	325986	1
CP142610.1	325986	326009	2
CP142610.1	326009	326053	1
CP142610.1	326053	326142	2
CP142610.1	326142	326172	1
CP142610.1	326172	326198	0
CP142610.1	326198	326308	1
CP142610.1	326308	326318	0
CP142610.1	326318	326354	1
CP142610.1	326354	326360	0
CP142610.1	326360	326417	1
CP142610.1	326417	326496	2
CP142610.1	326496	326498	1
CP142610.1	326498	326540	2
CP142610.1	326540	326611	1
CP142610.1	326611	326660	0
CP142610.1	326660	326710	1
CP142610.1	326710	326792	2
CP142610.1	326792	326793	1
CP142610.1	326793	326882	2
CP142610.1	326882	326902	1
CP142610.1	326902	327096	0
CP142610.1	327096	327107	1
CP142610.1	327107	327158	2
CP142610.1	327158	327206	1
CP142610.1	327206	327208	0
CP142610.1	327208	327303	1
CP142610.1	327303	327393	0
CP142610.1	327393	327461	1
CP142610.1	327461	327462	0
CP142610.1	327462	327497	1
CP142610.1	327497	327507	2
CP142610.1	327507	327576	3
CP142610.1	327576	327626	4
CP142610.1	327626	327636	5
CP142610.1	327636	327665	4
CP142610.1	327665	327666	3
CP142610.1	327666	327674	4
CP142610.1	327674	327691	3
CP142610.1	327691	327753	2
CP142610.1	327753	327797	1
CP142610.1	327797	327818	2
CP142610.1	327818	327861	3
CP142610.1	327861	327877	2
CP142610.1	327877	327885	3
CP142610.1	327885	327887	1
CP142610.1	327887	327888	2
CP142610.1	327888	327912	3
CP142610.1	327912	327919	2
CP142610.1	327919	327920	1
CP142610.1	327920	327986	2
CP142610.1	327986	327991	1
CP142610.1	327991	328000	2
CP142610.1	328000	328002	1
CP142610.1	328002	328053	2
CP142610.1	328053	328097	1
CP142610.1	328097	328101	2
CP142610.1	328101	328102	1
CP142610.1	328102	328135	2
CP142610.1	328135	328160	1
CP142610.1	328160	328161	0
CP142610.1	328161	328237	1
CP142610.1	328237	328277	0
CP142610.1	328277	328343	1
CP142610.1	328343	328399	2
CP142610.1	328399	328401	1
CP142610.1	328401	328512	0
CP142610.1	328512	328537	1
CP142610.1	328537	328538	0
CP142610.1	328538	328549	1
CP142610.1	328549	328553	0
CP142610.1	328553	328586	1
CP142610.1	328586	328727	0
CP142610.1	328727	328827	1
CP142610.1	328827	328871	2
CP142610.1	328871	328903	1
CP142610.1	328903	328926	2
CP142610.1	328926	329000	1
CP142610.1	329000	329007	0
CP142610.1	329007	329075	1
CP142610.1	329075	329195	0
CP142610.1	329195	329286	1
CP142610.1	329286	329306	0
CP142610.1	329306	329337	1
CP142610.1	329337	329413	2
CP142610.1	329413	329415	1
CP142610.1	329415	329435	2
CP142610.1	329435	329436	1
CP142610.1	329436	329466	2
CP142610.1	329466	329481	1
CP142610.1	329481	329491	0
CP142610.1	329491	329548	1
CP142610.1	329548	329553	0
CP142610.1	329553	329604	1
CP142610.1	329604	330044	0
CP142610.1	330044	330166	1
CP142610.1	330166	330184	2
CP142610.1	330184	330186	3
CP142610.1	330186	330189	2
CP142610.1	330189	330230	3
CP142610.1	330230	330242	2
CP142610.1	330242	330428	1
CP142610.1	330428	330484	2
CP142610.1	330484	330493	1
CP142610.1	330493	330508	2
CP142610.1	330508	330513	1
CP142610.1	330513	330697	0
CP142610.1	330697	330824	1
CP142610.1	330824	330947	0
CP142610.1	330947	331075	1
CP142610.1	331075	331091	2
CP142610.1	331091	331223	1
CP142610.1	331223	331396	0
CP142610.1	331396	331471	1
CP142610.1	331471	331523	0
CP142610.1	331523	331616	1
CP142610.1	331616	331655	0
CP142610.1	331655	331775	1
CP142610.1	331775	331810	0
CP142610.1	331810	331852	1
CP142610.1	331852	331853	0
CP142610.1	331853	331877	1
CP142610.1	331877	331897	2
CP142610.1	331897	332004	3
CP142610.1	332004	332022	2
CP142610.1	332022	332066	1
CP142610.1	332066	332175	0
CP142610.1	332175	332209	1
CP142610.1	332209	332229	2
CP142610.1	332229	332272	1
CP142610.1	332272	332292	2
CP142610.1	332292	332325	3
CP142610.1	332325	332326	2
CP142610.1	332326	332329	1
CP142610.1	332329	332350	3
CP142610.1	332350	332407	2
CP142610.1	332407	332450	1
CP142610.1	332450	332454	0
CP142610.1	332454	332474	1
CP142610.1	332474	332514	2
CP142610.1	332514	332531	1
CP142610.1	332531	332535	0
CP142610.1	332535	332549	1
CP142610.1	332549	332566	2
CP142610.1	332566	332575	1
CP142610.1	332575	332614	2
CP142610.1	332614	332621	3
CP142610.1	332621	332629	4
CP142610.1	332629	332631	3
CP142610.1	332631	332656	2
CP142610.1	332656	332686	3
CP142610.1	332686	332689	2
CP142610.1	332689	332718	3
CP142610.1	332718	332781	2
CP142610.1	332781	332863	1
CP142610.1	332863	332894	0
CP142610.1	332894	333024	1
CP142610.1	333024	333048	2
CP142610.1	333048	333049	0
CP142610.1	333049	333050	1
CP142610.1	333050	333078	2
CP142610.1	333078	333239	1
CP142610.1	333239	333283	0
CP142610.1	333283	333363	1
CP142610.1	333363	333370	0
CP142610.1	333370	333471	1
CP142610.1	333471	333473	0
CP142610.1	333473	333500	1
CP142610.1	333500	333559	2
CP142610.1	333559	333564	1
CP142610.1	333564	333598	0
CP142610.1	333598	333641	1
CP142610.1	333641	333642	0
CP142610.1	333642	333700	1
CP142610.1	333700	333716	2
CP142610.1	333716	333717	1
CP142610.1	333717	333753	2
CP142610.1	333753	333758	1
CP142610.1	333758	333760	0
CP142610.1	333760	333772	2
CP142610.1	333772	333782	3
CP142610.1	333782	333806	2
CP142610.1	333806	333808	1
CP142610.1	333808	333843	2
CP142610.1	333843	333847	1
CP142610.1	333847	333848	0
CP142610.1	333848	333878	1
CP142610.1	333878	333993	0
CP142610.1	333993	334074	1
CP142610.1	334074	334116	0
CP142610.1	334116	334167	1
CP142610.1	334167	334170	0
CP142610.1	334170	334227	1
CP142610.1	334227	334524	0
CP142610.1	334524	334549	1
CP142610.1	334549	334566	2
CP142610.1	334566	334567	1
CP142610.1	334567	334588	2
CP142610.1	334588	334731	1
CP142610.1	334731	334832	0
CP142610.1	334832	334864	1
CP142610.1	334864	334874	2
CP142610.1	334874	334890	3
CP142610.1	334890	334893	2
CP142610.1	334893	334894	1
CP142610.1	334894	334957	2
CP142610.1	334957	334958	1
CP142610.1	334958	335044	2
CP142610.1	335044	335066	1
CP142610.1	335066	335079	2
CP142610.1	335079	335108	3
CP142610.1	335108	335109	2
CP142610.1	335109	335120	3
CP142610.1	335120	335134	4
CP142610.1	335134	335250	3
CP142610.1	335250	335327	2
CP142610.1	335327	335366	1
CP142610.1	335366	335390	2
CP142610.1	335390	335486	1
CP142610.1	335486	335494	2
CP142610.1	335494	335497	1
CP142610.1	335497	335502	2
CP142610.1	335502	335505	1
CP142610.1	335505	335514	2
CP142610.1	335514	335599	3
CP142610.1	335599	335602	2
CP142610.1	335602	335603	1
CP142610.1	335603	335611	2
CP142610.1	335611	335622	1
CP142610.1	335622	335624	0
CP142610.1	335624	335684	1
CP142610.1	335684	335852	0
CP142610.1	335852	335873	1
CP142610.1	335873	335918	2
CP142610.1	335918	335938	1
CP142610.1	335938	335940	2
CP142610.1	335940	335941	1
CP142610.1	335941	335956	2
CP142610.1	335956	335957	1
CP142610.1	335957	336033	2
CP142610.1	336033	336042	3
CP142610.1	336042	336076	4
CP142610.1	336076	336121	3
CP142610.1	336121	336122	2
CP142610.1	336122	336137	3
CP142610.1	336137	336138	2
CP142610.1	336138	336145	1
CP142610.1	336145	336215	2
CP142610.1	336215	336220	0
CP142610.1	336220	336246	2
CP142610.1	336246	336339	1
CP142610.1	336339	336428	2
CP142610.1	336428	336468	1
CP142610.1	336468	336471	2
CP142610.1	336471	336479	3
CP142610.1	336479	336551	2
CP142610.1	336551	336607	1
CP142610.1	336607	336649	0
CP142610.1	336649	336699	1
CP142610.1	336699	336978	0
CP142610.1	336978	337062	1
CP142610.1	337062	337084	2
CP142610.1	337084	337085	1
CP142610.1	337085	337271	2
CP142610.1	337271	337333	1
CP142610.1	337333	337339	2
CP142610.1	337339	337389	1
CP142610.1	337389	337401	0
CP142610.1	337401	337412	1
CP142610.1	337412	337430	2
CP142610.1	337430	337476	1
CP142610.1	337476	337477	0
CP142610.1	337477	337510	1
CP142610.1	337510	337608	2
CP142610.1	337608	337617	1
CP142610.1	337617	337666	2
CP142610.1	337666	337668	1
CP142610.1	337668	337695	2
CP142610.1	337695	337719	1
CP142610.1	337719	337769	2
CP142610.1	337769	337785	1
CP142610.1	337785	337817	2
CP142610.1	337817	337820	1
CP142610.1	337820	337824	2
CP142610.1	337824	337825	1
CP142610.1	337825	337892	2
CP142610.1	337892	338118	1
CP142610.1	338118	338208	0
CP142610.1	338208	338245	1
CP142610.1	338245	338246	0
CP142610.1	338246	338262	1
CP142610.1	338262	338287	0
CP142610.1	338287	338298	1
CP142610.1	338298	338362	2
CP142610.1	338362	338367	3
CP142610.1	338367	338368	2
CP142610.1	338368	338387	3
CP142610.1	338387	338402	2
CP142610.1	338402	338508	1
CP142610.1	338508	338594	0
CP142610.1	338594	338686	1
CP142610.1	338686	338687	2
CP142610.1	338687	338725	3
CP142610.1	338725	338726	2
CP142610.1	338726	338756	3
CP142610.1	338756	338764	2
CP142610.1	338764	338808	1
CP142610.1	338808	338861	0
CP142610.1	338861	338892	1
CP142610.1	338892	338912	2
CP142610.1	338912	338916	1
CP142610.1	338916	338944	2
CP142610.1	338944	338988	1
CP142610.1	338988	339046	0
CP142610.1	339046	339133	1
CP142610.1	339133	339183	2
CP142610.1	339183	339234	3
CP142610.1	339234	339235	2
CP142610.1	339235	339288	3
CP142610.1	339288	339333	2
CP142610.1	339333	339430	3
CP142610.1	339430	339546	2
CP142610.1	339546	339589	1
CP142610.1	339589	339714	0
CP142610.1	339714	339816	1
CP142610.1	339816	340157	0
CP142610.1	340157	340172	1
CP142610.1	340172	340201	2
CP142610.1	340201	340208	1
CP142610.1	340208	340212	0
CP142610.1	340212	340213	1
CP142610.1	340213	340236	2
CP142610.1	340236	340248	1
CP142610.1	340248	340256	2
CP142610.1	340256	340311	3
CP142610.1	340311	340319	2
CP142610.1	340319	340361	1
CP142610.1	340361	340390	2
CP142610.1	340390	340397	3
CP142610.1	340397	340407	2
CP142610.1	340407	340446	3
CP142610.1	340446	340448	1
CP142610.1	340448	340517	2
CP142610.1	340517	340518	1
CP142610.1	340518	340531	2
CP142610.1	340531	340577	3
CP142610.1	340577	340592	2
CP142610.1	340592	340594	1
CP142610.1	340594	340602	2
CP142610.1	340602	340603	0
CP142610.1	340603	340673	2
CP142610.1	340673	340748	1
CP142610.1	340748	340752	0
CP142610.1	340752	340803	1
CP142610.1	340803	340853	2
CP142610.1	340853	340859	1
CP142610.1	340859	340868	2
CP142610.1	340868	340879	1
CP142610.1	340879	340880	0
CP142610.1	340880	341069	1
CP142610.1	341069	341073	0
CP142610.1	341073	341077	1
CP142610.1	341077	341097	2
CP142610.1	341097	341180	1
CP142610.1	341180	341183	2
CP142610.1	341183	341184	3
CP142610.1	341184	341205	2
CP142610.1	341205	341237	3
CP142610.1	341237	341238	1
CP142610.1	341238	341262	3
CP142610.1	341262	341290	2
CP142610.1	341290	341312	1
CP142610.1	341312	341325	2
CP142610.1	341325	341515	1
CP142610.1	341515	341537	0
CP142610.1	341537	341555	1
CP142610.1	341555	341632	2
CP142610.1	341632	341633	3
CP142610.1	341633	341637	2
CP142610.1	341637	341668	3
CP142610.1	341668	341669	2
CP142610.1	341669	341761	3
CP142610.1	341761	341766	2
CP142610.1	341766	341793	1
CP142610.1	341793	341797	0
CP142610.1	341797	341863	1
CP142610.1	341863	341914	2
CP142610.1	341914	342016	3
CP142610.1	342016	342026	2
CP142610.1	342026	342068	1
CP142610.1	342068	342069	0
CP142610.1	342069	342109	1
CP142610.1	342109	342201	2
CP142610.1	342201	342368	1
CP142610.1	342368	342370	0
CP142610.1	342370	342397	1
CP142610.1	342397	342595	0
CP142610.1	342595	342664	1
CP142610.1	342664	342665	0
CP142610.1	342665	342764	1
CP142610.1	342764	342799	3
CP142610.1	342799	342950	2
CP142610.1	342950	343057	1
CP142610.1	343057	343100	2
CP142610.1	343100	343103	1
CP142610.1	343103	343162	2
CP142610.1	343162	343163	1
CP142610.1	343163	343211	2
CP142610.1	343211	343252	3
CP142610.1	343252	343291	4
CP142610.1	343291	343296	3
CP142610.1	343296	343298	2
CP142610.1	343298	343322	3
CP142610.1	343322	343340	2
CP142610.1	343340	343364	3
CP142610.1	343364	343365	2
CP142610.1	343365	343474	3
CP142610.1	343474	343477	2
CP142610.1	343477	343519	3
CP142610.1	343519	343556	2
CP142610.1	343556	343557	1
CP142610.1	343557	343558	0
CP142610.1	343558	343670	1
CP142610.1	343670	343862	0
CP142610.1	343862	343985	1
CP142610.1	343985	344102	2
CP142610.1	344102	344126	1
CP142610.1	344126	344140	0
CP142610.1	344140	344194	1
CP142610.1	344194	344209	2
CP142610.1	344209	344246	1
CP142610.1	344246	344306	2
CP142610.1	344306	344307	1
CP142610.1	344307	344334	2
CP142610.1	344334	344340	3
CP142610.1	344340	344402	4
CP142610.1	344402	344415	3
CP142610.1	344415	344463	4
CP142610.1	344463	344472	3
CP142610.1	344472	344473	1
CP142610.1	344473	344491	3
CP142610.1	344491	344492	2
CP142610.1	344492	344527	3
CP142610.1	344527	344588	2
CP142610.1	344588	344591	0
CP142610.1	344591	344630	1
CP142610.1	344630	344712	2
CP142610.1	344712	344758	1
CP142610.1	344758	344763	2
CP142610.1	344763	344770	3
CP142610.1	344770	344854	2
CP142610.1	344854	344905	3
CP142610.1	344905	344924	4
CP142610.1	344924	344927	3
CP142610.1	344927	344928	1
CP142610.1	344928	344931	3
CP142610.1	344931	344960	4
CP142610.1	344960	344968	3
CP142610.1	344968	344971	2
CP142610.1	344971	344972	3
CP142610.1	344972	344986	4
CP142610.1	344986	345025	5
CP142610.1	345025	345052	4
CP142610.1	345052	345062	5
CP142610.1	345062	345079	4
CP142610.1	345079	345083	5
CP142610.1	345083	345115	4
CP142610.1	345115	345121	3
CP142610.1	345121	345148	2
CP142610.1	345148	345149	1
CP142610.1	345149	345174	2
CP142610.1	345174	345175	1
CP142610.1	345175	345193	2
CP142610.1	345193	345213	1
CP142610.1	345213	345214	0
CP142610.1	345214	345233	1
CP142610.1	345233	345329	2
CP142610.1	345329	345346	1
CP142610.1	345346	345405	2
CP142610.1	345405	345437	3
CP142610.1	345437	345456	4
CP142610.1	345456	345458	3
CP142610.1	345458	345507	2
CP142610.1	345507	345522	1
CP142610.1	345522	345611	0
CP142610.1	345611	345743	1
CP142610.1	345743	346068	0
CP142610.1	346068	346129	1
CP142610.1	346129	346142	2
CP142610.1	346142	346149	1
CP142610.1	346149	346151	0
CP142610.1	346151	346179	1
CP142610.1	346179	346180	0
CP142610.1	346180	346188	1
CP142610.1	346188	346318	2
CP142610.1	346318	346319	1
CP142610.1	346319	346388	2
CP142610.1	346388	346405	1
CP142610.1	346405	346548	0
CP142610.1	346548	346567	1
CP142610.1	346567	346625	2
CP142610.1	346625	346652	1
CP142610.1	346652	346741	2
CP142610.1	346741	346797	3
CP142610.1	346797	346828	2
CP142610.1	346828	346835	3
CP142610.1	346835	346872	4
CP142610.1	346872	346876	5
CP142610.1	346876	346884	6
CP142610.1	346884	346992	5
CP142610.1	346992	346994	3
CP142610.1	346994	347005	4
CP142610.1	347005	347006	2
CP142610.1	347006	347012	4
CP142610.1	347012	347042	3
CP142610.1	347042	347059	2
CP142610.1	347059	347188	1
CP142610.1	347188	347201	0
CP142610.1	347201	347221	1
CP142610.1	347221	347227	0
CP142610.1	347227	347240	1
CP142610.1	347240	347241	0
CP142610.1	347241	347295	1
CP142610.1	347295	347423	0
CP142610.1	347423	347435	1
CP142610.1	347435	347451	2
CP142610.1	347451	347454	1
CP142610.1	347454	347514	2
CP142610.1	347514	347547	1
CP142610.1	347547	347555	2
CP142610.1	347555	347557	1
CP142610.1	347557	347563	2
CP142610.1	347563	347571	1
CP142610.1	347571	347618	2
CP142610.1	347618	347698	1
CP142610.1	347698	347764	2
CP142610.1	347764	347771	3
CP142610.1	347771	347772	2
CP142610.1	347772	347780	3
CP142610.1	347780	347877	2
CP142610.1	347877	347933	1
CP142610.1	347933	347958	0
CP142610.1	347958	348029	1
CP142610.1	348029	348113	2
CP142610.1	348113	348115	1
CP142610.1	348115	348122	2
CP142610.1	348122	348124	3
CP142610.1	348124	348205	2
CP142610.1	348205	348280	1
CP142610.1	348280	348359	0
CP142610.1	348359	348379	1
CP142610.1	348379	348429	2
CP142610.1	348429	348436	1
CP142610.1	348436	348448	2
CP142610.1	348448	348461	3
CP142610.1	348461	348493	4
CP142610.1	348493	348527	5
CP142610.1	348527	348537	4
CP142610.1	348537	348565	3
CP142610.1	348565	348651	2
CP142610.1	348651	348664	1
CP142610.1	348664	348738	0
CP142610.1	348738	348852	1
CP142610.1	348852	348944	0
CP142610.1	348944	348947	1
CP142610.1	348947	348993	2
CP142610.1	348993	349008	1
CP142610.1	349008	349018	2
CP142610.1	349018	349028	3
CP142610.1	349028	349060	2
CP142610.1	349060	349061	1
CP142610.1	349061	349087	2
CP142610.1	349087	349114	1
CP142610.1	349114	349177	2
CP142610.1	349177	349190	1
CP142610.1	349190	349219	0
CP142610.1	349219	349233	1
CP142610.1	349233	349246	2
CP142610.1	349246	349247	1
CP142610.1	349247	349275	2
CP142610.1	349275	349280	1
CP142610.1	349280	349283	2
CP142610.1	349283	349285	1
CP142610.1	349285	349371	2
CP142610.1	349371	349435	3
CP142610.1	349435	349440	2
CP142610.1	349440	349448	3
CP142610.1	349448	349511	2
CP142610.1	349511	349513	0
CP142610.1	349513	349514	1
CP142610.1	349514	349583	2
CP142610.1	349583	349592	1
CP142610.1	349592	349621	2
CP142610.1	349621	349692	1
CP142610.1	349692	349693	0
CP142610.1	349693	349716	1
CP142610.1	349716	349717	0
CP142610.1	349717	349788	1
CP142610.1	349788	349789	0
CP142610.1	349789	349793	1
CP142610.1	349793	349802	2
CP142610.1	349802	349803	1
CP142610.1	349803	349833	2
CP142610.1	349833	349837	3
CP142610.1	349837	349838	2
CP142610.1	349838	349839	1
CP142610.1	349839	349840	2
CP142610.1	349840	349844	3
CP142610.1	349844	349845	2
CP142610.1	349845	349846	3
CP142610.1	349846	349871	4
CP142610.1	349871	349898	3
CP142610.1	349898	349899	2
CP142610.1	349899	349902	3
CP142610.1	349902	349995	2
CP142610.1	349995	349997	1
CP142610.1	349997	350003	0
CP142610.1	350003	350025	2
CP142610.1	350025	350026	1
CP142610.1	350026	350060	2
CP142610.1	350060	350066	1
CP142610.1	350066	350080	2
CP142610.1	350080	350083	1
CP142610.1	350083	350089	2
CP142610.1	350089	350090	1
CP142610.1	350090	350122	2
CP142610.1	350122	350141	1
CP142610.1	350141	350205	2
CP142610.1	350205	350226	3
CP142610.1	350226	350241	2
CP142610.1	350241	350316	1
CP142610.1	350316	350355	0
CP142610.1	350355	350396	1
CP142610.1	350396	350530	2
CP142610.1	350530	350539	1
CP142610.1	350539	350540	0
CP142610.1	350540	350609	1
CP142610.1	350609	350610	0
CP142610.1	350610	350634	1
CP142610.1	350634	350651	2
CP142610.1	350651	350658	1
CP142610.1	350658	350736	2
CP142610.1	350736	350737	1
CP142610.1	350737	350757	2
CP142610.1	350757	350760	1
CP142610.1	350760	350761	0
CP142610.1	350761	350858	1
CP142610.1	350858	350888	2
CP142610.1	350888	350948	3
CP142610.1	350948	350949	1
CP142610.1	350949	350963	3
CP142610.1	350963	350965	1
CP142610.1	350965	350991	3
CP142610.1	350991	351004	2
CP142610.1	351004	351050	1
CP142610.1	351050	351069	2
CP142610.1	351069	351070	1
CP142610.1	351070	351124	2
CP142610.1	351124	351264	1
CP142610.1	351264	351284	2
CP142610.1	351284	351317	1
CP142610.1	351317	351320	2
CP142610.1	351320	351328	3
CP142610.1	351328	351362	4
CP142610.1	351362	351364	0
CP142610.1	351364	351365	1
CP142610.1	351365	351366	3
CP142610.1	351366	351415	4
CP142610.1	351415	351428	5
CP142610.1	351428	351429	4
CP142610.1	351429	351443	5
CP142610.1	351443	351444	4
CP142610.1	351444	351446	5
CP142610.1	351446	351456	4
CP142610.1	351456	351475	3
CP142610.1	351475	351537	2
CP142610.1	351537	351561	1
CP142610.1	351561	351630	2
CP142610.1	351630	351668	3
CP142610.1	351668	351708	4
CP142610.1	351708	351719	3
CP142610.1	351719	351737	2
CP142610.1	351737	351984	1
CP142610.1	351984	352017	0
CP142610.1	352017	352046	1
CP142610.1	352046	352059	2
CP142610.1	352059	352062	1
CP142610.1	352062	352099	2
CP142610.1	352099	352209	1
CP142610.1	352209	352260	2
CP142610.1	352260	352281	3
CP142610.1	352281	352296	2
CP142610.1	352296	352374	1
CP142610.1	352374	352467	0
CP142610.1	352467	352548	1
CP142610.1	352548	352581	2
CP142610.1	352581	352583	1
CP142610.1	352583	352648	2
CP142610.1	352648	352733	1
CP142610.1	352733	353216	0
CP142610.1	353216	353256	1
CP142610.1	353256	353262	0
CP142610.1	353262	353316	1
CP142610.1	353316	353405	0
CP142610.1	353405	353491	1
CP142610.1	353491	353519	2
CP142610.1	353519	353533	3
CP142610.1	353533	353535	2
CP142610.1	353535	353558	3
CP142610.1	353558	353581	2
CP142610.1	353581	353738	1
CP142610.1	353738	353782	0
CP142610.1	353782	353859	1
CP142610.1	353859	353871	0
CP142610.1	353871	353884	1
CP142610.1	353884	353936	2
CP142610.1	353936	353956	1
CP142610.1	353956	353958	0
CP142610.1	353958	354024	1
CP142610.1	354024	354089	0
CP142610.1	354089	354129	1
CP142610.1	354129	354132	0
CP142610.1	354132	354239	1
CP142610.1	354239	354279	2
CP142610.1	354279	354286	1
CP142610.1	354286	354393	2
CP142610.1	354393	354394	1
CP142610.1	354394	354448	2
CP142610.1	354448	354449	1
CP142610.1	354449	354475	2
CP142610.1	354475	354590	1
CP142610.1	354590	354613	0
CP142610.1	354613	354649	1
CP142610.1	354649	354696	2
CP142610.1	354696	354711	1
CP142610.1	354711	354717	2
CP142610.1	354717	354733	3
CP142610.1	354733	354785	2
CP142610.1	354785	354788	1
CP142610.1	354788	354806	2
CP142610.1	354806	354812	1
CP142610.1	354812	354814	2
CP142610.1	354814	354833	1
CP142610.1	354833	354878	2
CP142610.1	354878	354901	1
CP142610.1	354901	355077	0
CP142610.1	355077	355242	1
CP142610.1	355242	355270	0
CP142610.1	355270	355320	1
CP142610.1	355320	355573	0
CP142610.1	355573	355631	1
CP142610.1	355631	355632	0
CP142610.1	355632	355647	1
CP142610.1	355647	355673	0
CP142610.1	355673	355721	1
CP142610.1	355721	355737	2
CP142610.1	355737	355741	3
CP142610.1	355741	355742	2
CP142610.1	355742	355776	3
CP142610.1	355776	355778	2
CP142610.1	355778	355800	3
CP142610.1	355800	355820	4
CP142610.1	355820	355821	3
CP142610.1	355821	355922	2
CP142610.1	355922	355926	3
CP142610.1	355926	355927	2
CP142610.1	355927	355934	3
CP142610.1	355934	355935	2
CP142610.1	355935	355962	3
CP142610.1	355962	355981	2
CP142610.1	355981	356088	1
CP142610.1	356088	356170	2
CP142610.1	356170	356199	3
CP142610.1	356199	356278	2
CP142610.1	356278	356313	3
CP142610.1	356313	356317	2
CP142610.1	356317	356323	1
CP142610.1	356323	356336	0
CP142610.1	356336	356337	1
CP142610.1	356337	356400	2
CP142610.1	356400	356428	3
CP142610.1	356428	356475	2
CP142610.1	356475	356487	1
CP142610.1	356487	356520	2
CP142610.1	356520	356567	3
CP142610.1	356567	356649	2
CP142610.1	356649	356707	1
CP142610.1	356707	356736	2
CP142610.1	356736	356737	1
CP142610.1	356737	356738	0
CP142610.1	356738	356743	1
CP142610.1	356743	356749	0
CP142610.1	356749	356861	1
CP142610.1	356861	356990	0
CP142610.1	356990	357054	1
CP142610.1	357054	357056	2
CP142610.1	357056	357071	3
CP142610.1	357071	357086	2
CP142610.1	357086	357087	1
CP142610.1	357087	357130	2
CP142610.1	357130	357142	1
CP142610.1	357142	357197	0
CP142610.1	357197	357226	1
CP142610.1	357226	357237	2
CP142610.1	357237	357306	3
CP142610.1	357306	357357	2
CP142610.1	357357	357541	1
CP142610.1	357541	357542	0
CP142610.1	357542	357560	1
CP142610.1	357560	357620	0
CP142610.1	357620	357663	1
CP142610.1	357663	357671	2
CP142610.1	357671	357672	1
CP142610.1	357672	357709	2
CP142610.1	357709	357784	3
CP142610.1	357784	357790	4
CP142610.1	357790	357791	3
CP142610.1	357791	357795	2
CP142610.1	357795	357816	3
CP142610.1	357816	357826	2
CP142610.1	357826	357836	1
CP142610.1	357836	357927	0
CP142610.1	357927	357995	1
CP142610.1	357995	357998	2
CP142610.1	357998	358098	3
CP142610.1	358098	358100	4
CP142610.1	358100	358111	5
CP142610.1	358111	358117	4
CP142610.1	358117	358162	5
CP142610.1	358162	358163	4
CP142610.1	358163	358215	3
CP142610.1	358215	358247	2
CP142610.1	358247	358302	1
CP142610.1	358302	358341	0
CP142610.1	358341	358501	1
CP142610.1	358501	358753	0
CP142610.1	358753	358766	1
CP142610.1	358766	358914	2
CP142610.1	358914	358919	3
CP142610.1	358919	358936	4
CP142610.1	358936	358937	3
CP142610.1	358937	358964	4
CP142610.1	358964	358977	3
CP142610.1	358977	358999	2
CP142610.1	358999	359073	1
CP142610.1	359073	359133	2
CP142610.1	359133	359191	1
CP142610.1	359191	359211	2
CP142610.1	359211	359212	1
CP142610.1	359212	359256	2
CP142610.1	359256	359265	1
CP142610.1	359265	359277	0
CP142610.1	359277	359390	1
CP142610.1	359390	359404	2
CP142610.1	359404	359436	3
CP142610.1	359436	359454	2
CP142610.1	359454	359460	1
CP142610.1	359460	359489	2
CP142610.1	359489	359585	1
CP142610.1	359585	359939	0
CP142610.1	359939	359977	1
CP142610.1	359977	359980	0
CP142610.1	359980	360003	1
CP142610.1	360003	360005	0
CP142610.1	360005	360040	1
CP142610.1	360040	360042	2
CP142610.1	360042	360098	3
CP142610.1	360098	360100	2
CP142610.1	360100	360127	3
CP142610.1	360127	360153	4
CP142610.1	360153	360154	3
CP142610.1	360154	360179	4
CP142610.1	360179	360180	3
CP142610.1	360180	360195	4
CP142610.1	360195	360239	3
CP142610.1	360239	360256	2
CP142610.1	360256	360261	1
CP142610.1	360261	360534	0
CP142610.1	360534	360623	1
CP142610.1	360623	361261	0
CP142610.1	361261	361297	1
CP142610.1	361297	361677	0
CP142610.1	361677	361815	1
CP142610.1	361815	361858	0
CP142610.1	361858	361890	1
CP142610.1	361890	361891	0
CP142610.1	361891	361950	1
CP142610.1	361950	361996	0
CP142610.1	361996	362019	1
CP142610.1	362019	362082	2
CP142610.1	362082	362125	1
CP142610.1	362125	362180	0
CP142610.1	362180	362189	1
CP142610.1	362189	362205	2
CP142610.1	362205	362206	1
CP142610.1	362206	362245	2
CP142610.1	362245	362312	1
CP142610.1	362312	362322	2
CP142610.1	362322	362353	3
CP142610.1	362353	362386	4
CP142610.1	362386	362399	3
CP142610.1	362399	362438	2
CP142610.1	362438	362495	1
CP142610.1	362495	362496	0
CP142610.1	362496	362557	1
CP142610.1	362557	362639	2
CP142610.1	362639	362669	3
CP142610.1	362669	362776	2
CP142610.1	362776	362778	1
CP142610.1	362778	362783	2
CP142610.1	362783	362826	1
CP142610.1	362826	362887	2
CP142610.1	362887	362978	1
CP142610.1	362978	363081	0
CP142610.1	363081	363102	1
CP142610.1	363102	363156	2
CP142610.1	363156	363265	1
CP142610.1	363265	363289	2
CP142610.1	363289	363302	3
CP142610.1	363302	363303	2
CP142610.1	363303	363307	1
CP142610.1	363307	363325	2
CP142610.1	363325	363346	1
CP142610.1	363346	363356	2
CP142610.1	363356	363357	1
CP142610.1	363357	363444	2
CP142610.1	363444	363537	1
CP142610.1	363537	363689	0
CP142610.1	363689	363754	1
CP142610.1	363754	363816	0
CP142610.1	363816	363858	1
CP142610.1	363858	363861	0
CP142610.1	363861	363872	1
CP142610.1	363872	363875	0
CP142610.1	363875	363940	1
CP142610.1	363940	364007	2
CP142610.1	364007	364015	3
CP142610.1	364015	364035	4
CP142610.1	364035	364036	3
CP142610.1	364036	364078	4
CP142610.1	364078	364106	3
CP142610.1	364106	364130	2
CP142610.1	364130	364131	1
CP142610.1	364131	364138	2
CP142610.1	364138	364149	3
CP142610.1	364149	364156	2
CP142610.1	364156	364157	1
CP142610.1	364157	364245	2
CP142610.1	364245	364246	1
CP142610.1	364246	364282	2
CP142610.1	364282	364283	1
CP142610.1	364283	364338	2
CP142610.1	364338	364342	3
CP142610.1	364342	364468	2
CP142610.1	364468	364475	3
CP142610.1	364475	364523	2
CP142610.1	364523	364618	1
CP142610.1	364618	364621	2
CP142610.1	364621	364661	3
CP142610.1	364661	364662	2
CP142610.1	364662	364664	3
CP142610.1	364664	364665	2
CP142610.1	364665	364752	3
CP142610.1	364752	364785	2
CP142610.1	364785	364861	1
CP142610.1	364861	365075	0
CP142610.1	365075	365128	1
CP142610.1	365128	365129	0
CP142610.1	365129	365196	1
CP142610.1	365196	365256	0
CP142610.1	365256	365385	1
CP142610.1	365385	365441	2
CP142610.1	365441	365453	1
CP142610.1	365453	365578	2
CP142610.1	365578	365657	1
CP142610.1	365657	365858	0
CP142610.1	365858	365871	1
CP142610.1	365871	366037	2
CP142610.1	366037	366179	1
CP142610.1	366179	366320	0
CP142610.1	366320	366328	1
CP142610.1	366328	366386	2
CP142610.1	366386	366419	3
CP142610.1	366419	366420	2
CP142610.1	366420	366458	1
CP142610.1	366458	366661	0
CP142610.1	366661	366665	1
CP142610.1	366665	366670	2
CP142610.1	366670	366685	3
CP142610.1	366685	366782	4
CP142610.1	366782	366801	3
CP142610.1	366801	366802	2
CP142610.1	366802	366824	3
CP142610.1	366824	366887	2
CP142610.1	366887	366924	1
CP142610.1	366924	366928	2
CP142610.1	366928	367108	1
CP142610.1	367108	367165	2
CP142610.1	367165	367174	1
CP142610.1	367174	367192	2
CP142610.1	367192	367194	1
CP142610.1	367194	367196	0
CP142610.1	367196	367229	1
CP142610.1	367229	367232	0
CP142610.1	367232	367236	1
CP142610.1	367236	367318	2
CP142610.1	367318	367352	3
CP142610.1	367352	367386	2
CP142610.1	367386	367418	1
CP142610.1	367418	367591	0
CP142610.1	367591	367646	1
CP142610.1	367646	367817	0
CP142610.1	367817	367838	1
CP142610.1	367838	367876	2
CP142610.1	367876	367904	3
CP142610.1	367904	367937	2
CP142610.1	367937	367988	1
CP142610.1	367988	367989	0
CP142610.1	367989	368009	1
CP142610.1	368009	368020	2
CP142610.1	368020	368039	3
CP142610.1	368039	368084	4
CP142610.1	368084	368085	3
CP142610.1	368085	368088	2
CP142610.1	368088	368091	1
CP142610.1	368091	368135	2
CP142610.1	368135	368137	1
CP142610.1	368137	368192	2
CP142610.1	368192	368267	1
CP142610.1	368267	368268	0
CP142610.1	368268	368293	1
CP142610.1	368293	368581	0
CP142610.1	368581	368601	1
CP142610.1	368601	368606	0
CP142610.1	368606	368643	1
CP142610.1	368643	368681	2
CP142610.1	368681	368682	1
CP142610.1	368682	368695	2
CP142610.1	368695	368710	1
CP142610.1	368710	368729	2
CP142610.1	368729	368732	1
CP142610.1	368732	368758	2
CP142610.1	368758	368784	3
CP142610.1	368784	368807	2
CP142610.1	368807	368819	1
CP142610.1	368819	368820	0
CP142610.1	368820	368844	1
CP142610.1	368844	369149	0
CP142610.1	369149	369192	1
CP142610.1	369192	369193	0
CP142610.1	369193	369237	1
CP142610.1	369237	369284	0
CP142610.1	369284	369334	1
CP142610.1	369334	369450	0
CP142610.1	369450	369544	1
CP142610.1	369544	369758	0
CP142610.1	369758	369781	1
CP142610.1	369781	369872	2
CP142610.1	369872	369881	1
CP142610.1	369881	369924	0
CP142610.1	369924	369976	1
CP142610.1	369976	370108	0
CP142610.1	370108	370154	1
CP142610.1	370154	370211	2
CP142610.1	370211	370259	1
CP142610.1	370259	370490	0
CP142610.1	370490	370533	1
CP142610.1	370533	370569	2
CP142610.1	370569	370582	3
CP142610.1	370582	370584	2
CP142610.1	370584	370599	3
CP142610.1	370599	370618	2
CP142610.1	370618	370654	3
CP142610.1	370654	370678	2
CP142610.1	370678	370680	1
CP142610.1	370680	370688	0
CP142610.1	370688	370764	1
CP142610.1	370764	370766	2
CP142610.1	370766	370776	3
CP142610.1	370776	370804	2
CP142610.1	370804	370806	1
CP142610.1	370806	370868	2
CP142610.1	370868	370869	1
CP142610.1	370869	370871	2
CP142610.1	370871	370916	3
CP142610.1	370916	370918	2
CP142610.1	370918	370937	3
CP142610.1	370937	370978	2
CP142610.1	370978	370983	1
CP142610.1	370983	371278	0
CP142610.1	371278	371290	1
CP142610.1	371290	371292	0
CP142610.1	371292	371412	1
CP142610.1	371412	371413	2
CP142610.1	371413	371503	1
CP142610.1	371503	371566	2
CP142610.1	371566	371656	1
CP142610.1	371656	371933	0
CP142610.1	371933	371944	1
CP142610.1	371944	372007	2
CP142610.1	372007	372079	1
CP142610.1	372079	372134	0
CP142610.1	372134	372143	1
CP142610.1	372143	372151	2
CP142610.1	372151	372202	3
CP142610.1	372202	372206	2
CP142610.1	372206	372220	1
CP142610.1	372220	372386	0
CP142610.1	372386	372436	1
CP142610.1	372436	372437	0
CP142610.1	372437	372443	1
CP142610.1	372443	372446	0
CP142610.1	372446	372476	1
CP142610.1	372476	372483	2
CP142610.1	372483	372489	1
CP142610.1	372489	372581	2
CP142610.1	372581	372627	3
CP142610.1	372627	372642	2
CP142610.1	372642	372833	1
CP142610.1	372833	372834	0
CP142610.1	372834	372844	1
CP142610.1	372844	372885	0
CP142610.1	372885	372957	1
CP142610.1	372957	373046	2
CP142610.1	373046	373072	3
CP142610.1	373072	373194	2
CP142610.1	373194	373275	3
CP142610.1	373275	373276	1
CP142610.1	373276	373279	2
CP142610.1	373279	373313	3
CP142610.1	373313	373372	2
CP142610.1	373372	373375	3
CP142610.1	373375	373389	4
CP142610.1	373389	373407	3
CP142610.1	373407	373440	2
CP142610.1	373440	373551	1
CP142610.1	373551	373671	2
CP142610.1	373671	374095	1
CP142610.1	374095	374110	2
CP142610.1	374110	374114	1
CP142610.1	374114	374120	2
CP142610.1	374120	374122	1
CP142610.1	374122	374128	2
CP142610.1	374128	374129	1
CP142610.1	374129	374155	2
CP142610.1	374155	374160	3
CP142610.1	374160	374275	2
CP142610.1	374275	374278	1
CP142610.1	374278	374322	2
CP142610.1	374322	374323	1
CP142610.1	374323	374361	2
CP142610.1	374361	374367	1
CP142610.1	374367	374368	0
CP142610.1	374368	374407	1
CP142610.1	374407	374424	0
CP142610.1	374424	374452	1
CP142610.1	374452	374496	2
CP142610.1	374496	374517	3
CP142610.1	374517	374530	2
CP142610.1	374530	374563	1
CP142610.1	374563	374582	2
CP142610.1	374582	374584	3
CP142610.1	374584	374587	2
CP142610.1	374587	374619	3
CP142610.1	374619	374623	0
CP142610.1	374623	374624	2
CP142610.1	374624	374633	3
CP142610.1	374633	374636	4
CP142610.1	374636	374685	3
CP142610.1	374685	374693	2
CP142610.1	374693	374703	1
CP142610.1	374703	374715	2
CP142610.1	374715	374726	3
CP142610.1	374726	374728	2
CP142610.1	374728	374737	3
CP142610.1	374737	374738	2
CP142610.1	374738	374790	3
CP142610.1	374790	374795	2
CP142610.1	374795	374797	1
CP142610.1	374797	374825	2
CP142610.1	374825	374876	3
CP142610.1	374876	374906	2
CP142610.1	374906	374921	1
CP142610.1	374921	374940	0
CP142610.1	374940	374943	1
CP142610.1	374943	374944	0
CP142610.1	374944	374961	1
CP142610.1	374961	374962	0
CP142610.1	374962	375063	1
CP142610.1	375063	375064	0
CP142610.1	375064	375141	1
CP142610.1	375141	375224	2
CP142610.1	375224	375255	1
CP142610.1	375255	375260	2
CP142610.1	375260	375271	3
CP142610.1	375271	375418	2
CP142610.1	375418	375421	0
CP142610.1	375421	375464	2
CP142610.1	375464	375474	1
CP142610.1	375474	375489	0
CP142610.1	375489	375576	1
CP142610.1	375576	375577	0
CP142610.1	375577	375601	1
CP142610.1	375601	375618	2
CP142610.1	375618	375672	3
CP142610.1	375672	375673	2
CP142610.1	375673	375682	3
CP142610.1	375682	375683	2
CP142610.1	375683	375729	3
CP142610.1	375729	375730	2
CP142610.1	375730	375762	3
CP142610.1	375762	375856	2
CP142610.1	375856	375965	1
CP142610.1	375965	376084	0
CP142610.1	376084	376143	1
CP142610.1	376143	376163	2
CP142610.1	376163	376164	1
CP142610.1	376164	376184	2
CP142610.1	376184	376187	0
CP142610.1	376187	376219	2
CP142610.1	376219	376222	1
CP142610.1	376222	376284	2
CP142610.1	376284	376328	1
CP142610.1	376328	376402	2
CP142610.1	376402	376404	1
CP142610.1	376404	376407	2
CP142610.1	376407	376417	3
CP142610.1	376417	376428	2
CP142610.1	376428	376448	3
CP142610.1	376448	376457	2
CP142610.1	376457	376521	3
CP142610.1	376521	376584	2
CP142610.1	376584	376606	3
CP142610.1	376606	376609	2
CP142610.1	376609	376709	3
CP142610.1	376709	376749	2
CP142610.1	376749	376771	3
CP142610.1	376771	376806	2
CP142610.1	376806	376815	1
CP142610.1	376815	376949	0
CP142610.1	376949	377014	1
CP142610.1	377014	377069	0
CP142610.1	377069	377139	1
CP142610.1	377139	377331	0
CP142610.1	377331	377370	1
CP142610.1	377370	377371	0
CP142610.1	377371	377383	1
CP142610.1	377383	377474	0
CP142610.1	377474	377484	1
CP142610.1	377484	377498	2
CP142610.1	377498	377504	1
CP142610.1	377504	377589	2
CP142610.1	377589	377592	1
CP142610.1	377592	377606	2
CP142610.1	377606	377625	3
CP142610.1	377625	377626	2
CP142610.1	377626	377761	3
CP142610.1	377761	377780	2
CP142610.1	377780	377782	1
CP142610.1	377782	377789	2
CP142610.1	377789	377807	1
CP142610.1	377807	378036	0
CP142610.1	378036	378227	1
CP142610.1	378227	378248	2
CP142610.1	378248	378293	1
CP142610.1	378293	378411	0
CP142610.1	378411	378450	1
CP142610.1	378450	378474	2
CP142610.1	378474	378476	1
CP142610.1	378476	378480	0
CP142610.1	378480	378598	1
CP142610.1	378598	378714	2
CP142610.1	378714	378715	1
CP142610.1	378715	378718	2
CP142610.1	378718	378799	1
CP142610.1	378799	378801	0
CP142610.1	378801	378863	1
CP142610.1	378863	378920	0
CP142610.1	378920	378968	2
CP142610.1	378968	378976	3
CP142610.1	378976	378980	2
CP142610.1	378980	378993	3
CP142610.1	378993	379041	4
CP142610.1	379041	379050	3
CP142610.1	379050	379073	4
CP142610.1	379073	379074	3
CP142610.1	379074	379083	4
CP142610.1	379083	379135	3
CP142610.1	379135	379183	2
CP142610.1	379183	379252	1
CP142610.1	379252	379311	2
CP142610.1	379311	379312	1
CP142610.1	379312	379318	2
CP142610.1	379318	379340	1
CP142610.1	379340	379346	2
CP142610.1	379346	379398	1
CP142610.1	379398	379487	2
CP142610.1	379487	379488	0
CP142610.1	379488	379530	2
CP142610.1	379530	379540	3
CP142610.1	379540	379543	1
CP142610.1	379543	379548	3
CP142610.1	379548	379551	2
CP142610.1	379551	379574	3
CP142610.1	379574	379577	2
CP142610.1	379577	379589	3
CP142610.1	379589	379590	2
CP142610.1	379590	379603	3
CP142610.1	379603	379604	2
CP142610.1	379604	379610	3
CP142610.1	379610	379616	2
CP142610.1	379616	379617	1
CP142610.1	379617	379628	2
CP142610.1	379628	379631	1
CP142610.1	379631	379650	2
CP142610.1	379650	379667	1
CP142610.1	379667	379709	2
CP142610.1	379709	379710	0
CP142610.1	379710	379713	2
CP142610.1	379713	379726	3
CP142610.1	379726	379727	1
CP142610.1	379727	379735	3
CP142610.1	379735	379750	4
CP142610.1	379750	379752	3
CP142610.1	379752	379778	4
CP142610.1	379778	379849	2
CP142610.1	379849	379878	1
CP142610.1	379878	379880	0
CP142610.1	379880	379914	1
CP142610.1	379914	379984	0
CP142610.1	379984	380043	1
CP142610.1	380043	380084	2
CP142610.1	380084	380088	1
CP142610.1	380088	380101	2
CP142610.1	380101	380102	0
CP142610.1	380102	380203	2
CP142610.1	380203	380205	1
CP142610.1	380205	380211	2
CP142610.1	380211	380314	1
CP142610.1	380314	380388	0
CP142610.1	380388	380398	1
CP142610.1	380398	380409	2
CP142610.1	380409	380410	1
CP142610.1	380410	380449	2
CP142610.1	380449	380452	1
CP142610.1	380452	380460	2
CP142610.1	380460	380471	1
CP142610.1	380471	380682	0
CP142610.1	380682	380703	1
CP142610.1	380703	380708	2
CP142610.1	380708	380763	3
CP142610.1	380763	380764	2
CP142610.1	380764	380780	3
CP142610.1	380780	380810	2
CP142610.1	380810	380811	1
CP142610.1	380811	380894	2
CP142610.1	380894	380932	3
CP142610.1	380932	381002	2
CP142610.1	381002	381009	1
CP142610.1	381009	381017	0
CP142610.1	381017	381038	1
CP142610.1	381038	381093	2
CP142610.1	381093	381098	1
CP142610.1	381098	381101	2
CP142610.1	381101	381118	1
CP142610.1	381118	381137	2
CP142610.1	381137	381138	1
CP142610.1	381138	381176	2
CP142610.1	381176	381177	1
CP142610.1	381177	381209	3
CP142610.1	381209	381246	2
CP142610.1	381246	381247	1
CP142610.1	381247	381278	2
CP142610.1	381278	381279	1
CP142610.1	381279	381280	0
CP142610.1	381280	381300	2
CP142610.1	381300	381327	1
CP142610.1	381327	381362	2
CP142610.1	381362	381365	1
CP142610.1	381365	381410	2
CP142610.1	381410	381462	1
CP142610.1	381462	381487	0
CP142610.1	381487	381657	1
CP142610.1	381657	381658	0
CP142610.1	381658	381809	1
CP142610.1	381809	381943	0
CP142610.1	381943	381955	1
CP142610.1	381955	381988	2
CP142610.1	381988	382018	1
CP142610.1	382018	382410	0
CP142610.1	382410	382485	1
CP142610.1	382485	382500	2
CP142610.1	382500	382513	1
CP142610.1	382513	382514	0
CP142610.1	382514	382646	1
CP142610.1	382646	382670	2
CP142610.1	382670	382671	1
CP142610.1	382671	382685	2
CP142610.1	382685	382790	1
CP142610.1	382790	382829	2
CP142610.1	382829	382850	3
CP142610.1	382850	382851	2
CP142610.1	382851	382853	1
CP142610.1	382853	382870	2
CP142610.1	382870	382871	1
CP142610.1	382871	382916	2
CP142610.1	382916	382946	3
CP142610.1	382946	382972	2
CP142610.1	382972	382981	3
CP142610.1	382981	383024	2
CP142610.1	383024	383027	1
CP142610.1	383027	383123	2
CP142610.1	383123	383146	1
CP142610.1	383146	383198	0
CP142610.1	383198	383262	1
CP142610.1	383262	383267	0
CP142610.1	383267	383341	1
CP142610.1	383341	383510	0
CP142610.1	383510	383570	1
CP142610.1	383570	383614	0
CP142610.1	383614	383673	1
CP142610.1	383673	383689	2
CP142610.1	383689	383716	1
CP142610.1	383716	383729	2
CP142610.1	383729	383774	1
CP142610.1	383774	383781	2
CP142610.1	383781	383796	1
CP142610.1	383796	383797	0
CP142610.1	383797	383830	1
CP142610.1	383830	383922	0
CP142610.1	383922	383991	1
CP142610.1	383991	384010	0
CP142610.1	384010	384180	1
CP142610.1	384180	384272	0
CP142610.1	384272	384401	1
CP142610.1	384401	384407	0
CP142610.1	384407	384461	1
CP142610.1	384461	384481	2
CP142610.1	384481	384514	3
CP142610.1	384514	384563	4
CP142610.1	384563	384575	3
CP142610.1	384575	384576	2
CP142610.1	384576	384585	3
CP142610.1	384585	384587	2
CP142610.1	384587	384606	3
CP142610.1	384606	384661	2
CP142610.1	384661	384662	0
CP142610.1	384662	384829	1
CP142610.1	384829	384830	0
CP142610.1	384830	384842	1
CP142610.1	384842	384850	2
CP142610.1	384850	384855	3
CP142610.1	384855	384856	2
CP142610.1	384856	384875	3
CP142610.1	384875	384960	4
CP142610.1	384960	384965	3
CP142610.1	384965	384972	4
CP142610.1	384972	384976	3
CP142610.1	384976	385005	2
CP142610.1	385005	385079	1
CP142610.1	385079	385167	0
CP142610.1	385167	385238	1
CP142610.1	385238	385276	2
CP142610.1	385276	385281	1
CP142610.1	385281	385357	0
CP142610.1	385357	385383	1
CP142610.1	385383	385457	2
CP142610.1	385457	385533	1
CP142610.1	385533	385624	0
CP142610.1	385624	385790	1
CP142610.1	385790	385791	0
CP142610.1	385791	385831	1
CP142610.1	385831	385850	2
CP142610.1	385850	385881	1
CP142610.1	385881	385882	0
CP142610.1	385882	385940	1
CP142610.1	385940	385990	0
CP142610.1	385990	386013	1
CP142610.1	386013	386015	2
CP142610.1	386015	386019	1
CP142610.1	386019	386073	2
CP142610.1	386073	386097	3
CP142610.1	386097	386109	2
CP142610.1	386109	386129	3
CP142610.1	386129	386148	2
CP142610.1	386148	386174	1
CP142610.1	386174	386183	0
CP142610.1	386183	386245	1
CP142610.1	386245	386287	2
CP142610.1	386287	386288	1
CP142610.1	386288	386491	2
CP142610.1	386491	386492	0
CP142610.1	386492	386493	2
CP142610.1	386493	386547	3
CP142610.1	386547	386570	2
CP142610.1	386570	386661	0
CP142610.1	386661	386678	1
CP142610.1	386678	386759	2
CP142610.1	386759	386794	3
CP142610.1	386794	386797	0
CP142610.1	386797	386821	3
CP142610.1	386821	386822	2
CP142610.1	386822	386868	1
CP142610.1	386868	386886	0
CP142610.1	386886	386922	1
CP142610.1	386922	386923	0
CP142610.1	386923	386927	1
CP142610.1	386927	386954	2
CP142610.1	386954	387068	3
CP142610.1	387068	387080	2
CP142610.1	387080	387081	1
CP142610.1	387081	387082	2
CP142610.1	387082	387088	3
CP142610.1	387088	387117	2
CP142610.1	387117	387145	3
CP142610.1	387145	387161	2
CP142610.1	387161	387172	1
CP142610.1	387172	387220	0
CP142610.1	387220	387296	1
CP142610.1	387296	387342	2
CP142610.1	387342	387399	3
CP142610.1	387399	387404	2
CP142610.1	387404	387409	1
CP142610.1	387409	387412	2
CP142610.1	387412	387463	1
CP142610.1	387463	387530	0
CP142610.1	387530	387581	1
CP142610.1	387581	387660	0
CP142610.1	387660	387663	1
CP142610.1	387663	387679	2
CP142610.1	387679	387685	3
CP142610.1	387685	387687	4
CP142610.1	387687	387732	5
CP142610.1	387732	387733	4
CP142610.1	387733	387738	5
CP142610.1	387738	387742	4
CP142610.1	387742	387745	3
CP142610.1	387745	387824	4
CP142610.1	387824	387849	3
CP142610.1	387849	387887	4
CP142610.1	387887	387968	3
CP142610.1	387968	388031	2
CP142610.1	388031	388068	1
CP142610.1	388068	388091	0
CP142610.1	388091	388101	1
CP142610.1	388101	388215	2
CP142610.1	388215	388245	3
CP142610.1	388245	388247	1
CP142610.1	388247	388291	2
CP142610.1	388291	388319	3
CP142610.1	388319	388321	2
CP142610.1	388321	388333	3
CP142610.1	388333	388356	4
CP142610.1	388356	388394	3
CP142610.1	388394	388395	2
CP142610.1	388395	388423	3
CP142610.1	388423	388430	2
CP142610.1	388430	388546	1
CP142610.1	388546	388846	0
CP142610.1	388846	389077	1
CP142610.1	389077	389080	0
CP142610.1	389080	389101	1
CP142610.1	389101	389239	0
CP142610.1	389239	389284	1
CP142610.1	389284	389330	2
CP142610.1	389330	389359	3
CP142610.1	389359	389433	4
CP142610.1	389433	389453	3
CP142610.1	389453	389455	2
CP142610.1	389455	389465	3
CP142610.1	389465	389466	2
CP142610.1	389466	389486	3
CP142610.1	389486	389523	4
CP142610.1	389523	389525	3
CP142610.1	389525	389527	2
CP142610.1	389527	389538	3
CP142610.1	389538	389543	2
CP142610.1	389543	389636	1
CP142610.1	389636	389653	2
CP142610.1	389653	389699	3
CP142610.1	389699	389715	2
CP142610.1	389715	389731	0
CP142610.1	389731	389756	1
CP142610.1	389756	389810	2
CP142610.1	389810	389843	1
CP142610.1	389843	389977	0
CP142610.1	389977	390041	1
CP142610.1	390041	390188	0
CP142610.1	390188	390201	1
CP142610.1	390201	390202	0
CP142610.1	390202	390315	1
CP142610.1	390315	390719	0
CP142610.1	390719	390840	1
CP142610.1	390840	390843	0
CP142610.1	390843	390927	2
CP142610.1	390927	390928	1
CP142610.1	390928	390977	2
CP142610.1	390977	390982	1
CP142610.1	390982	390994	2
CP142610.1	390994	391082	1
CP142610.1	391082	391118	2
CP142610.1	391118	391233	3
CP142610.1	391233	391239	4
CP142610.1	391239	391261	3
CP142610.1	391261	391292	4
CP142610.1	391292	391319	3
CP142610.1	391319	391320	2
CP142610.1	391320	391342	3
CP142610.1	391342	391376	2
CP142610.1	391376	391396	1
CP142610.1	391396	391426	2
CP142610.1	391426	391429	1
CP142610.1	391429	391448	2
CP142610.1	391448	391456	1
CP142610.1	391456	391462	0
CP142610.1	391462	391488	1
CP142610.1	391488	391545	0
CP142610.1	391545	391572	1
CP142610.1	391572	391573	0
CP142610.1	391573	391620	1
CP142610.1	391620	391633	2
CP142610.1	391633	391663	3
CP142610.1	391663	391664	2
CP142610.1	391664	391727	3
CP142610.1	391727	391775	2
CP142610.1	391775	391796	1
CP142610.1	391796	391817	2
CP142610.1	391817	391835	3
CP142610.1	391835	391838	2
CP142610.1	391838	391843	3
CP142610.1	391843	391846	2
CP142610.1	391846	391862	3
CP142610.1	391862	391888	2
CP142610.1	391888	391894	1
CP142610.1	391894	391900	2
CP142610.1	391900	391915	3
CP142610.1	391915	391988	2
CP142610.1	391988	391990	1
CP142610.1	391990	392020	2
CP142610.1	392020	392142	1
CP142610.1	392142	392259	0
CP142610.1	392259	392306	1
CP142610.1	392306	392317	0
CP142610.1	392317	392342	1
CP142610.1	392342	392406	2
CP142610.1	392406	392641	1
CP142610.1	392641	392659	0
CP142610.1	392659	392730	1
CP142610.1	392730	392784	2
CP142610.1	392784	392794	3
CP142610.1	392794	392796	2
CP142610.1	392796	392797	1
CP142610.1	392797	392868	2
CP142610.1	392868	392908	3
CP142610.1	392908	392918	2
CP142610.1	392918	392949	3
CP142610.1	392949	392954	4
CP142610.1	392954	392957	3
CP142610.1	392957	392973	6
CP142610.1	392973	392987	5
CP142610.1	392987	392990	6
CP142610.1	392990	392999	5
CP142610.1	392999	393020	3
CP142610.1	393020	393107	4
CP142610.1	393107	393108	3
CP142610.1	393108	393110	4
CP142610.1	393110	393130	3
CP142610.1	393130	393134	2
CP142610.1	393134	393163	1
CP142610.1	393163	393265	0
CP142610.1	393265	393291	1
CP142610.1	393291	393293	0
CP142610.1	393293	393334	1
CP142610.1	393334	393337	0
CP142610.1	393337	393358	1
CP142610.1	393358	393404	2
CP142610.1	393404	393454	1
CP142610.1	393454	393528	0
CP142610.1	393528	393635	1
CP142610.1	393635	393701	2
CP142610.1	393701	393728	1
CP142610.1	393728	393873	0
CP142610.1	393873	393940	1
CP142610.1	393940	394006	0
CP142610.1	394006	394037	1
CP142610.1	394037	394054	2
CP142610.1	394054	394064	1
CP142610.1	394064	394088	2
CP142610.1	394088	394145	1
CP142610.1	394145	394149	2
CP142610.1	394149	394172	3
CP142610.1	394172	394174	2
CP142610.1	394174	394204	3
CP142610.1	394204	394205	2
CP142610.1	394205	394207	1
CP142610.1	394207	394213	2
CP142610.1	394213	394217	1
CP142610.1	394217	394229	2
CP142610.1	394229	394267	1
CP142610.1	394267	394271	0
CP142610.1	394271	394272	1
CP142610.1	394272	394314	2
CP142610.1	394314	394358	3
CP142610.1	394358	394378	2
CP142610.1	394378	394433	3
CP142610.1	394433	394436	1
CP142610.1	394436	394497	2
CP142610.1	394497	394515	1
CP142610.1	394515	394658	2
CP142610.1	394658	394666	3
CP142610.1	394666	394714	2
CP142610.1	394714	394716	0
CP142610.1	394716	394734	2
CP142610.1	394734	394773	1
CP142610.1	394773	394780	2
CP142610.1	394780	394851	1
CP142610.1	394851	394918	2
CP142610.1	394918	394970	1
CP142610.1	394970	394973	2
CP142610.1	394973	395062	3
CP142610.1	395062	395105	2
CP142610.1	395105	395221	1
CP142610.1	395221	395291	2
CP142610.1	395291	395333	1
CP142610.1	395333	395592	0
CP142610.1	395592	395675	1
CP142610.1	395675	395694	0
CP142610.1	395694	395732	1
CP142610.1	395732	395882	2
CP142610.1	395882	395941	1
CP142610.1	395941	396659	0
CP142610.1	396659	396678	1
CP142610.1	396678	396721	2
CP142610.1	396721	396722	1
CP142610.1	396722	396797	2
CP142610.1	396797	396806	1
CP142610.1	396806	396945	2
CP142610.1	396945	396958	1
CP142610.1	396958	397026	2
CP142610.1	397026	397027	1
CP142610.1	397027	397163	0
CP142610.1	397163	397211	1
CP142610.1	397211	397303	2
CP142610.1	397303	397411	1
CP142610.1	397411	397421	0
CP142610.1	397421	397464	1
CP142610.1	397464	397522	2
CP142610.1	397522	397607	1
CP142610.1	397607	397637	0
CP142610.1	397637	397720	1
CP142610.1	397720	397721	0
CP142610.1	397721	397735	1
CP142610.1	397735	397738	2
CP142610.1	397738	397866	3
CP142610.1	397866	397894	2
CP142610.1	397894	397895	0
CP142610.1	397895	397905	2
CP142610.1	397905	397906	0
CP142610.1	397906	397922	2
CP142610.1	397922	397995	1
CP142610.1	397995	398033	0
CP142610.1	398033	398072	1
CP142610.1	398072	398100	2
CP142610.1	398100	398167	3
CP142610.1	398167	398169	2
CP142610.1	398169	398173	1
CP142610.1	398173	398178	2
CP142610.1	398178	398266	1
CP142610.1	398266	398327	0
CP142610.1	398327	398364	1
CP142610.1	398364	398436	2
CP142610.1	398436	398439	3
CP142610.1	398439	398440	2
CP142610.1	398440	398451	3
CP142610.1	398451	398453	1
CP142610.1	398453	398481	2
CP142610.1	398481	398565	1
CP142610.1	398565	398606	2
CP142610.1	398606	398639	1
CP142610.1	398639	398644	0
CP142610.1	398644	398665	1
CP142610.1	398665	398666	0
CP142610.1	398666	398683	1
CP142610.1	398683	398686	0
CP142610.1	398686	398718	1
CP142610.1	398718	398722	2
CP142610.1	398722	398816	1
CP142610.1	398816	398818	2
CP142610.1	398818	398842	3
CP142610.1	398842	398861	4
CP142610.1	398861	398869	5
CP142610.1	398869	398870	4
CP142610.1	398870	398894	5
CP142610.1	398894	398907	4
CP142610.1	398907	398929	3
CP142610.1	398929	398963	2
CP142610.1	398963	398974	3
CP142610.1	398974	398980	2
CP142610.1	398980	398981	1
CP142610.1	398981	399023	2
CP142610.1	399023	399056	1
CP142610.1	399056	399057	0
CP142610.1	399057	399070	1
CP142610.1	399070	399072	0
CP142610.1	399072	399078	1
CP142610.1	399078	399079	0
CP142610.1	399079	399171	1
CP142610.1	399171	399207	2
CP142610.1	399207	399241	3
CP142610.1	399241	399249	2
CP142610.1	399249	399251	1
CP142610.1	399251	399255	2
CP142610.1	399255	399310	3
CP142610.1	399310	399333	2
CP142610.1	399333	399407	1
CP142610.1	399407	399461	2
CP142610.1	399461	399480	1
CP142610.1	399480	399733	0
CP142610.1	399733	399785	1
CP142610.1	399785	399786	0
CP142610.1	399786	399861	1
CP142610.1	399861	399900	2
CP142610.1	399900	399903	1
CP142610.1	399903	399907	2
CP142610.1	399907	399912	1
CP142610.1	399912	399996	2
CP142610.1	399996	399998	1
CP142610.1	399998	400041	2
CP142610.1	400041	400138	1
CP142610.1	400138	400224	0
CP142610.1	400224	400225	1
CP142610.1	400225	400260	2
CP142610.1	400260	400299	3
CP142610.1	400299	400306	2
CP142610.1	400306	400331	3
CP142610.1	400331	400337	1
CP142610.1	400337	400364	2
CP142610.1	400364	400365	1
CP142610.1	400365	400396	2
CP142610.1	400396	400423	3
CP142610.1	400423	400424	4
CP142610.1	400424	400459	3
CP142610.1	400459	400533	2
CP142610.1	400533	400657	1
CP142610.1	400657	400705	0
CP142610.1	400705	400778	1
CP142610.1	400778	400916	2
CP142610.1	400916	400945	3
CP142610.1	400945	400946	2
CP142610.1	400946	401011	1
CP142610.1	401011	401149	0
CP142610.1	401149	401166	1
CP142610.1	401166	401186	2
CP142610.1	401186	401276	3
CP142610.1	401276	401333	2
CP142610.1	401333	401379	3
CP142610.1	401379	401401	2
CP142610.1	401401	401413	3
CP142610.1	401413	401440	2
CP142610.1	401440	401450	3
CP142610.1	401450	401467	2
CP142610.1	401467	401662	1
CP142610.1	401662	401669	0
CP142610.1	401669	401804	1
CP142610.1	401804	401838	0
CP142610.1	401838	401885	1
CP142610.1	401885	401920	2
CP142610.1	401920	401923	1
CP142610.1	401923	401930	2
CP142610.1	401930	401960	1
CP142610.1	401960	401976	0
CP142610.1	401976	402054	1
CP142610.1	402054	402056	2
CP142610.1	402056	402063	3
CP142610.1	402063	402089	4
CP142610.1	402089	402137	3
CP142610.1	402137	402230	2
CP142610.1	402230	402262	1
CP142610.1	402262	402266	2
CP142610.1	402266	402268	1
CP142610.1	402268	402298	2
CP142610.1	402298	402350	1
CP142610.1	402350	402360	2
CP142610.1	402360	402361	1
CP142610.1	402361	402395	2
CP142610.1	402395	402397	1
CP142610.1	402397	402551	2
CP142610.1	402551	402559	1
CP142610.1	402559	402562	2
CP142610.1	402562	402608	1
CP142610.1	402608	402657	2
CP142610.1	402657	402721	3
CP142610.1	402721	402744	2
CP142610.1	402744	402770	1
CP142610.1	402770	402797	0
CP142610.1	402797	402855	1
CP142610.1	402855	402941	0
CP142610.1	402941	403107	1
CP142610.1	403107	403248	0
CP142610.1	403248	403261	1
CP142610.1	403261	403282	2
CP142610.1	403282	403283	1
CP142610.1	403283	403326	2
CP142610.1	403326	403402	1
CP142610.1	403402	403403	0
CP142610.1	403403	403446	1
CP142610.1	403446	403448	0
CP142610.1	403448	403661	1
CP142610.1	403661	403742	0
CP142610.1	403742	403809	1
CP142610.1	403809	403811	2
CP142610.1	403811	404015	3
CP142610.1	404015	404018	2
CP142610.1	404018	404075	1
CP142610.1	404075	404130	2
CP142610.1	404130	404153	1
CP142610.1	404153	404185	2
CP142610.1	404185	404221	1
CP142610.1	404221	404226	2
CP142610.1	404226	404227	1
CP142610.1	404227	404282	2
CP142610.1	404282	404478	1
CP142610.1	404478	404486	0
CP142610.1	404486	404528	1
CP142610.1	404528	404529	0
CP142610.1	404529	404583	1
CP142610.1	404583	404584	0
CP142610.1	404584	404588	1
CP142610.1	404588	404590	0
CP142610.1	404590	404651	1
CP142610.1	404651	404655	2
CP142610.1	404655	404656	1
CP142610.1	404656	404673	2
CP142610.1	404673	404677	1
CP142610.1	404677	404693	2
CP142610.1	404693	404696	1
CP142610.1	404696	404697	0
CP142610.1	404697	404698	1
CP142610.1	404698	404732	2
CP142610.1	404732	404786	1
CP142610.1	404786	404798	2
CP142610.1	404798	404817	3
CP142610.1	404817	404889	2
CP142610.1	404889	404960	1
CP142610.1	404960	404972	0
CP142610.1	404972	404976	1
CP142610.1	404976	405032	2
CP142610.1	405032	405179	1
CP142610.1	405179	405187	2
CP142610.1	405187	405208	1
CP142610.1	405208	405248	2
CP142610.1	405248	405297	1
CP142610.1	405297	405314	2
CP142610.1	405314	405317	3
CP142610.1	405317	405407	2
CP142610.1	405407	405416	1
CP142610.1	405416	405787	0
CP142610.1	405787	405908	1
CP142610.1	405908	405966	2
CP142610.1	405966	406016	1
CP142610.1	406016	406055	0
CP142610.1	406055	406098	1
CP142610.1	406098	406159	0
CP142610.1	406159	406180	1
CP142610.1	406180	406182	0
CP142610.1	406182	406215	1
CP142610.1	406215	406216	0
CP142610.1	406216	406238	1
CP142610.1	406238	406281	2
CP142610.1	406281	406379	1
CP142610.1	406379	406541	2
CP142610.1	406541	406554	3
CP142610.1	406554	406557	2
CP142610.1	406557	406568	3
CP142610.1	406568	406654	2
CP142610.1	406654	406848	1
CP142610.1	406848	406860	2
CP142610.1	406860	406866	1
CP142610.1	406866	406876	2
CP142610.1	406876	406944	3
CP142610.1	406944	406973	2
CP142610.1	406973	406991	1
CP142610.1	406991	407012	0
CP142610.1	407012	407091	1
CP142610.1	407091	407093	0
CP142610.1	407093	407098	1
CP142610.1	407098	407278	0
CP142610.1	407278	407395	1
CP142610.1	407395	407557	2
CP142610.1	407557	407571	1
CP142610.1	407571	407599	2
CP142610.1	407599	407648	3
CP142610.1	407648	407650	2
CP142610.1	407650	407697	3
CP142610.1	407697	407698	4
CP142610.1	407698	407705	3
CP142610.1	407705	407723	2
CP142610.1	407723	407731	3
CP142610.1	407731	407748	4
CP142610.1	407748	407749	3
CP142610.1	407749	407769	4
CP142610.1	407769	407772	3
CP142610.1	407772	407788	4
CP142610.1	407788	407790	3
CP142610.1	407790	407794	4
CP142610.1	407794	407870	5
CP142610.1	407870	407873	4
CP142610.1	407873	407885	5
CP142610.1	407885	407889	4
CP142610.1	407889	407891	3
CP142610.1	407891	407894	2
CP142610.1	407894	407915	1
CP142610.1	407915	407959	0
CP142610.1	407959	408009	1
CP142610.1	408009	408112	2
CP142610.1	408112	408165	3
CP142610.1	408165	408176	2
CP142610.1	408176	408177	3
CP142610.1	408177	408194	2
CP142610.1	408194	408214	1
CP142610.1	408214	408216	0
CP142610.1	408216	408244	1
CP142610.1	408244	408306	0
CP142610.1	408306	408342	1
CP142610.1	408342	408351	0
CP142610.1	408351	408433	1
CP142610.1	408433	408436	0
CP142610.1	408436	408455	1
CP142610.1	408455	408464	2
CP142610.1	408464	408465	0
CP142610.1	408465	408492	2
CP142610.1	408492	408524	3
CP142610.1	408524	408526	4
CP142610.1	408526	408528	3
CP142610.1	408528	408580	4
CP142610.1	408580	408588	3
CP142610.1	408588	408600	4
CP142610.1	408600	408602	3
CP142610.1	408602	408620	4
CP142610.1	408620	408633	5
CP142610.1	408633	408663	4
CP142610.1	408663	408664	3
CP142610.1	408664	408679	5
CP142610.1	408679	408695	4
CP142610.1	408695	408696	3
CP142610.1	408696	408704	2
CP142610.1	408704	408705	3
CP142610.1	408705	408713	4
CP142610.1	408713	408720	5
CP142610.1	408720	408745	4
CP142610.1	408745	408788	3
CP142610.1	408788	408807	4
CP142610.1	408807	408813	3
CP142610.1	408813	408846	2
CP142610.1	408846	408921	1
CP142610.1	408921	408953	0
CP142610.1	408953	408962	1
CP142610.1	408962	408963	0
CP142610.1	408963	408989	1
CP142610.1	408989	408990	0
CP142610.1	408990	408991	1
CP142610.1	408991	409037	2
CP142610.1	409037	409039	1
CP142610.1	409039	409055	2
CP142610.1	409055	409066	1
CP142610.1	409066	409082	2
CP142610.1	409082	409083	1
CP142610.1	409083	409084	2
CP142610.1	409084	409085	1
CP142610.1	409085	409151	2
CP142610.1	409151	409159	1
CP142610.1	409159	409187	2
CP142610.1	409187	409294	3
CP142610.1	409294	409303	4
CP142610.1	409303	409327	3
CP142610.1	409327	409362	4
CP142610.1	409362	409394	3
CP142610.1	409394	409459	2
CP142610.1	409459	409494	1
CP142610.1	409494	409501	0
CP142610.1	409501	409589	1
CP142610.1	409589	409610	2
CP142610.1	409610	409659	1
CP142610.1	409659	409699	2
CP142610.1	409699	409848	1
CP142610.1	409848	409922	0
CP142610.1	409922	409978	1
CP142610.1	409978	409979	0
CP142610.1	409979	410046	1
CP142610.1	410046	410059	2
CP142610.1	410059	410060	3
CP142610.1	410060	410099	2
CP142610.1	410099	410100	1
CP142610.1	410100	410137	2
CP142610.1	410137	410149	1
CP142610.1	410149	410174	2
CP142610.1	410174	410176	1
CP142610.1	410176	410182	2
CP142610.1	410182	410208	1
CP142610.1	410208	410209	0
CP142610.1	410209	410233	1
CP142610.1	410233	410256	2
CP142610.1	410256	410259	0
CP142610.1	410259	410268	3
CP142610.1	410268	410285	2
CP142610.1	410285	410294	3
CP142610.1	410294	410332	2
CP142610.1	410332	410335	1
CP142610.1	410335	410381	2
CP142610.1	410381	410400	1
CP142610.1	410400	410404	0
CP142610.1	410404	410488	1
CP142610.1	410488	410489	0
CP142610.1	410489	410633	1
CP142610.1	410633	410634	2
CP142610.1	410634	410706	3
CP142610.1	410706	410795	2
CP142610.1	410795	410815	3
CP142610.1	410815	410839	2
CP142610.1	410839	410860	1
CP142610.1	410860	410865	0
CP142610.1	410865	410868	1
CP142610.1	410868	410963	2
CP142610.1	410963	410979	1
CP142610.1	410979	410982	0
CP142610.1	410982	411057	1
CP142610.1	411057	411202	0
CP142610.1	411202	411257	1
CP142610.1	411257	411282	2
CP142610.1	411282	411350	1
CP142610.1	411350	411354	2
CP142610.1	411354	411401	1
CP142610.1	411401	411451	2
CP142610.1	411451	411475	1
CP142610.1	411475	411655	0
CP142610.1	411655	411699	1
CP142610.1	411699	411702	0
CP142610.1	411702	411716	1
CP142610.1	411716	411737	2
CP142610.1	411737	411738	1
CP142610.1	411738	411749	2
CP142610.1	411749	411785	3
CP142610.1	411785	411790	2
CP142610.1	411790	411805	3
CP142610.1	411805	411816	2
CP142610.1	411816	411826	3
CP142610.1	411826	411829	2
CP142610.1	411829	411864	3
CP142610.1	411864	411865	2
CP142610.1	411865	411866	1
CP142610.1	411866	411899	3
CP142610.1	411899	411940	2
CP142610.1	411940	411946	3
CP142610.1	411946	411950	4
CP142610.1	411950	412073	3
CP142610.1	412073	412075	2
CP142610.1	412075	412107	4
CP142610.1	412107	412131	5
CP142610.1	412131	412156	4
CP142610.1	412156	412157	3
CP142610.1	412157	412200	4
CP142610.1	412200	412216	3
CP142610.1	412216	412221	2
CP142610.1	412221	412230	3
CP142610.1	412230	412278	2
CP142610.1	412278	412279	1
CP142610.1	412279	412302	2
CP142610.1	412302	412355	1
CP142610.1	412355	412428	0
CP142610.1	412428	412481	1
CP142610.1	412481	412482	0
CP142610.1	412482	412542	1
CP142610.1	412542	412574	2
CP142610.1	412574	412577	1
CP142610.1	412577	412662	2
CP142610.1	412662	412664	3
CP142610.1	412664	412739	2
CP142610.1	412739	412740	1
CP142610.1	412740	412794	2
CP142610.1	412794	412820	1
CP142610.1	412820	412834	0
CP142610.1	412834	412898	1
CP142610.1	412898	412930	2
CP142610.1	412930	412939	1
CP142610.1	412939	412943	0
CP142610.1	412943	412995	1
CP142610.1	412995	412997	2
CP142610.1	412997	413002	4
CP142610.1	413002	413038	3
CP142610.1	413038	413074	1
CP142610.1	413074	413088	0
CP142610.1	413088	413132	1
CP142610.1	413132	413140	0
CP142610.1	413140	413191	1
CP142610.1	413191	413207	2
CP142610.1	413207	413216	3
CP142610.1	413216	413222	1
CP142610.1	413222	413292	2
CP142610.1	413292	413484	1
CP142610.1	413484	413539	0
CP142610.1	413539	413651	1
CP142610.1	413651	413665	0
CP142610.1	413665	413822	1
CP142610.1	413822	413888	0
CP142610.1	413888	413916	1
CP142610.1	413916	413930	2
CP142610.1	413930	413960	3
CP142610.1	413960	414018	4
CP142610.1	414018	414023	3
CP142610.1	414023	414024	2
CP142610.1	414024	414073	3
CP142610.1	414073	414127	2
CP142610.1	414127	414128	1
CP142610.1	414128	414150	2
CP142610.1	414150	414154	1
CP142610.1	414154	414159	0
CP142610.1	414159	414165	1
CP142610.1	414165	414217	2
CP142610.1	414217	414254	3
CP142610.1	414254	414328	2
CP142610.1	414328	414338	1
CP142610.1	414338	414370	2
CP142610.1	414370	414378	1
CP142610.1	414378	414409	3
CP142610.1	414409	414462	2
CP142610.1	414462	414477	1
CP142610.1	414477	414553	0
CP142610.1	414553	414612	1
CP142610.1	414612	414878	0
CP142610.1	414878	414932	1
CP142610.1	414932	414982	2
CP142610.1	414982	415011	1
CP142610.1	415011	415128	0
CP142610.1	415128	415226	1
CP142610.1	415226	415303	2
CP142610.1	415303	415316	3
CP142610.1	415316	415348	2
CP142610.1	415348	415349	1
CP142610.1	415349	415362	2
CP142610.1	415362	415364	1
CP142610.1	415364	415369	2
CP142610.1	415369	415490	1
CP142610.1	415490	415645	0
CP142610.1	415645	415725	1
CP142610.1	415725	415805	2
CP142610.1	415805	415884	1
CP142610.1	415884	415964	0
CP142610.1	415964	416091	1
CP142610.1	416091	416133	0
CP142610.1	416133	416172	1
CP142610.1	416172	416224	2
CP142610.1	416224	416233	3
CP142610.1	416233	416295	2
CP142610.1	416295	416296	1
CP142610.1	416296	416314	2
CP142610.1	416314	416335	1
CP142610.1	416335	416336	0
CP142610.1	416336	416352	1
CP142610.1	416352	416546	0
CP142610.1	416546	416563	1
CP142610.1	416563	416681	2
CP142610.1	416681	416701	3
CP142610.1	416701	416727	4
CP142610.1	416727	416830	3
CP142610.1	416830	416832	2
CP142610.1	416832	416858	3
CP142610.1	416858	416859	2
CP142610.1	416859	416919	3
CP142610.1	416919	416921	2
CP142610.1	416921	416966	3
CP142610.1	416966	416984	2
CP142610.1	416984	417019	3
CP142610.1	417019	417087	2
CP142610.1	417087	417090	1
CP142610.1	417090	417129	2
CP142610.1	417129	417130	1
CP142610.1	417130	417150	2
CP142610.1	417150	417208	3
CP142610.1	417208	417225	2
CP142610.1	417225	417235	1
CP142610.1	417235	417322	0
CP142610.1	417322	417373	1
CP142610.1	417373	417397	0
CP142610.1	417397	417426	1
CP142610.1	417426	417486	2
CP142610.1	417486	417521	1
CP142610.1	417521	417524	2
CP142610.1	417524	417659	1
CP142610.1	417659	417662	0
CP142610.1	417662	417709	1
CP142610.1	417709	417724	0
CP142610.1	417724	417725	1
CP142610.1	417725	417765	2
CP142610.1	417765	417766	1
CP142610.1	417766	417797	2
CP142610.1	417797	417813	1
CP142610.1	417813	417992	0
CP142610.1	417992	418033	1
CP142610.1	418033	418035	0
CP142610.1	418035	418053	1
CP142610.1	418053	418090	2
CP142610.1	418090	418235	1
CP142610.1	418235	418278	2
CP142610.1	418278	418279	1
CP142610.1	418279	418280	0
CP142610.1	418280	418303	2
CP142610.1	418303	418322	3
CP142610.1	418322	418343	2
CP142610.1	418343	418368	1
CP142610.1	418368	418481	2
CP142610.1	418481	418491	3
CP142610.1	418491	418597	2
CP142610.1	418597	418661	1
CP142610.1	418661	418684	2
CP142610.1	418684	418687	1
CP142610.1	418687	418700	2
CP142610.1	418700	418757	1
CP142610.1	418757	418831	2
CP142610.1	418831	418843	1
CP142610.1	418843	418844	0
CP142610.1	418844	418918	1
CP142610.1	418918	418994	2
CP142610.1	418994	419073	3
CP142610.1	419073	419074	1
CP142610.1	419074	419076	2
CP142610.1	419076	419102	3
CP142610.1	419102	419153	2
CP142610.1	419153	419154	1
CP142610.1	419154	419172	2
CP142610.1	419172	419203	1
CP142610.1	419203	419284	0
CP142610.1	419284	419347	1
CP142610.1	419347	419371	2
CP142610.1	419371	419467	1
CP142610.1	419467	419475	2
CP142610.1	419475	419539	3
CP142610.1	419539	419541	2
CP142610.1	419541	419554	3
CP142610.1	419554	419591	2
CP142610.1	419591	419592	1
CP142610.1	419592	419617	2
CP142610.1	419617	419628	3
CP142610.1	419628	419739	2
CP142610.1	419739	419748	1
CP142610.1	419748	419831	0
CP142610.1	419831	419859	1
CP142610.1	419859	419862	0
CP142610.1	419862	419877	1
CP142610.1	419877	419883	2
CP142610.1	419883	419884	1
CP142610.1	419884	419925	2
CP142610.1	419925	419962	1
CP142610.1	419962	420017	2
CP142610.1	420017	420019	0
CP142610.1	420019	420099	2
CP142610.1	420099	420101	1
CP142610.1	420101	420105	2
CP142610.1	420105	420205	1
CP142610.1	420205	420206	0
CP142610.1	420206	420232	1
CP142610.1	420232	420323	0
CP142610.1	420323	420384	1
CP142610.1	420384	420385	0
CP142610.1	420385	420449	1
CP142610.1	420449	420456	2
CP142610.1	420456	420580	3
CP142610.1	420580	420581	2
CP142610.1	420581	420605	3
CP142610.1	420605	420651	2
CP142610.1	420651	420677	1
CP142610.1	420677	420710	2
CP142610.1	420710	420773	1
CP142610.1	420773	420788	2
CP142610.1	420788	420796	3
CP142610.1	420796	420817	2
CP142610.1	420817	420827	1
CP142610.1	420827	420901	2
CP142610.1	420901	420960	3
CP142610.1	420960	420968	2
CP142610.1	420968	420970	1
CP142610.1	420970	420987	2
CP142610.1	420987	420993	1
CP142610.1	420993	421013	2
CP142610.1	421013	421116	1
CP142610.1	421116	421228	0
CP142610.1	421228	421235	1
CP142610.1	421235	421308	2
CP142610.1	421308	421313	1
CP142610.1	421313	421366	2
CP142610.1	421366	421387	1
CP142610.1	421387	421417	0
CP142610.1	421417	421556	1
CP142610.1	421556	421629	2
CP142610.1	421629	421731	1
CP142610.1	421731	421784	0
CP142610.1	421784	421785	1
CP142610.1	421785	421814	2
CP142610.1	421814	421868	3
CP142610.1	421868	421889	2
CP142610.1	421889	421923	3
CP142610.1	421923	421955	2
CP142610.1	421955	421957	3
CP142610.1	421957	421958	2
CP142610.1	421958	422028	1
CP142610.1	422028	422067	2
CP142610.1	422067	422071	3
CP142610.1	422071	422149	2
CP142610.1	422149	422154	3
CP142610.1	422154	422180	2
CP142610.1	422180	422202	1
CP142610.1	422202	422249	2
CP142610.1	422249	422250	1
CP142610.1	422250	422284	2
CP142610.1	422284	422311	3
CP142610.1	422311	422312	2
CP142610.1	422312	422333	3
CP142610.1	422333	422356	2
CP142610.1	422356	422390	1
CP142610.1	422390	422534	0
CP142610.1	422534	422684	1
CP142610.1	422684	422686	2
CP142610.1	422686	422710	3
CP142610.1	422710	422714	2
CP142610.1	422714	422733	3
CP142610.1	422733	422762	4
CP142610.1	422762	422797	3
CP142610.1	422797	422799	2
CP142610.1	422799	422845	1
CP142610.1	422845	422849	0
CP142610.1	422849	422931	1
CP142610.1	422931	422960	0
CP142610.1	422960	423020	1
CP142610.1	423020	423056	0
CP142610.1	423056	423168	1
CP142610.1	423168	423212	0
CP142610.1	423212	423310	1
CP142610.1	423310	423424	0
CP142610.1	423424	423528	1
CP142610.1	423528	423560	2
CP142610.1	423560	423594	3
CP142610.1	423594	423596	2
CP142610.1	423596	423607	3
CP142610.1	423607	423608	2
CP142610.1	423608	423616	3
CP142610.1	423616	423707	4
CP142610.1	423707	423712	3
CP142610.1	423712	423718	4
CP142610.1	423718	423741	5
CP142610.1	423741	423768	6
CP142610.1	423768	423800	4
CP142610.1	423800	423828	3
CP142610.1	423828	423829	2
CP142610.1	423829	423831	0
CP142610.1	423831	423893	1
CP142610.1	423893	423914	2
CP142610.1	423914	423923	1
CP142610.1	423923	423952	2
CP142610.1	423952	424007	1
CP142610.1	424007	424045	2
CP142610.1	424045	424093	1
CP142610.1	424093	424098	2
CP142610.1	424098	424100	3
CP142610.1	424100	424103	4
CP142610.1	424103	424107	5
CP142610.1	424107	424110	4
CP142610.1	424110	424115	5
CP142610.1	424115	424116	3
CP142610.1	424116	424133	5
CP142610.1	424133	424134	4
CP142610.1	424134	424140	5
CP142610.1	424140	424141	4
CP142610.1	424141	424165	5
CP142610.1	424165	424170	6
CP142610.1	424170	424171	4
CP142610.1	424171	424174	5
CP142610.1	424174	424196	4
CP142610.1	424196	424247	3
CP142610.1	424247	424266	2
CP142610.1	424266	424361	1
CP142610.1	424361	424369	0
CP142610.1	424369	424420	1
CP142610.1	424420	424431	0
CP142610.1	424431	424502	1
CP142610.1	424502	424548	2
CP142610.1	424548	424597	3
CP142610.1	424597	424598	2
CP142610.1	424598	424624	3
CP142610.1	424624	424654	2
CP142610.1	424654	424663	1
CP142610.1	424663	424722	2
CP142610.1	424722	424738	1
CP142610.1	424738	424859	0
CP142610.1	424859	424875	1
CP142610.1	424875	424941	2
CP142610.1	424941	425001	1
CP142610.1	425001	425015	2
CP142610.1	425015	425025	3
CP142610.1	425025	425033	2
CP142610.1	425033	425034	1
CP142610.1	425034	425051	2
CP142610.1	425051	425052	1
CP142610.1	425052	425060	2
CP142610.1	425060	425085	1
CP142610.1	425085	425096	2
CP142610.1	425096	425147	3
CP142610.1	425147	425211	2
CP142610.1	425211	425218	1
CP142610.1	425218	425423	0
CP142610.1	425423	425435	1
CP142610.1	425435	425455	2
CP142610.1	425455	425457	1
CP142610.1	425457	425518	2
CP142610.1	425518	425536	1
CP142610.1	425536	425537	0
CP142610.1	425537	425575	1
CP142610.1	425575	425638	2
CP142610.1	425638	425641	3
CP142610.1	425641	425700	4
CP142610.1	425700	425711	3
CP142610.1	425711	425751	4
CP142610.1	425751	425756	3
CP142610.1	425756	425761	2
CP142610.1	425761	425790	1
CP142610.1	425790	425797	2
CP142610.1	425797	425851	3
CP142610.1	425851	425852	2
CP142610.1	425852	425871	3
CP142610.1	425871	425872	2
CP142610.1	425872	426010	1
CP142610.1	426010	426103	0
CP142610.1	426103	426126	1
CP142610.1	426126	426136	2
CP142610.1	426136	426137	1
CP142610.1	426137	426144	2
CP142610.1	426144	426145	1
CP142610.1	426145	426157	2
CP142610.1	426157	426158	1
CP142610.1	426158	426162	2
CP142610.1	426162	426163	1
CP142610.1	426163	426187	2
CP142610.1	426187	426195	1
CP142610.1	426195	426249	2
CP142610.1	426249	426308	1
CP142610.1	426308	426589	0
CP142610.1	426589	426670	1
CP142610.1	426670	426683	2
CP142610.1	426683	426749	1
CP142610.1	426749	426752	2
CP142610.1	426752	426795	1
CP142610.1	426795	426796	0
CP142610.1	426796	426891	1
CP142610.1	426891	426969	2
CP142610.1	426969	426974	1
CP142610.1	426974	427007	2
CP142610.1	427007	427029	1
CP142610.1	427029	427031	0
CP142610.1	427031	427064	1
CP142610.1	427064	427100	2
CP142610.1	427100	427149	1
CP142610.1	427149	427202	0
CP142610.1	427202	427214	1
CP142610.1	427214	427218	2
CP142610.1	427218	427220	1
CP142610.1	427220	427288	2
CP142610.1	427288	427347	3
CP142610.1	427347	427358	2
CP142610.1	427358	427359	1
CP142610.1	427359	427387	2
CP142610.1	427387	427392	1
CP142610.1	427392	427433	0
CP142610.1	427433	427518	1
CP142610.1	427518	427522	0
CP142610.1	427522	427549	1
CP142610.1	427549	427552	0
CP142610.1	427552	427701	1
CP142610.1	427701	427741	0
CP142610.1	427741	427862	1
CP142610.1	427862	427863	0
CP142610.1	427863	427889	1
CP142610.1	427889	427985	2
CP142610.1	427985	427987	1
CP142610.1	427987	428104	2
CP142610.1	428104	428107	1
CP142610.1	428107	428234	2
CP142610.1	428234	428248	1
CP142610.1	428248	428283	2
CP142610.1	428283	428339	3
CP142610.1	428339	428370	2
CP142610.1	428370	428371	1
CP142610.1	428371	428383	2
CP142610.1	428383	428393	1
CP142610.1	428393	428400	2
CP142610.1	428400	428411	3
CP142610.1	428411	428413	1
CP142610.1	428413	428481	3
CP142610.1	428481	428530	2
CP142610.1	428530	428561	1
CP142610.1	428561	428655	0
CP142610.1	428655	428742	1
CP142610.1	428742	428888	2
CP142610.1	428888	428925	3
CP142610.1	428925	428936	2
CP142610.1	428936	428953	3
CP142610.1	428953	429011	2
CP142610.1	429011	429088	1
CP142610.1	429088	429091	2
CP142610.1	429091	429092	1
CP142610.1	429092	429112	2
CP142610.1	429112	429128	1
CP142610.1	429128	429151	2
CP142610.1	429151	429152	0
CP142610.1	429152	429154	1
CP142610.1	429154	429163	2
CP142610.1	429163	429164	1
CP142610.1	429164	429248	2
CP142610.1	429248	429272	1
CP142610.1	429272	429275	0
CP142610.1	429275	429343	1
CP142610.1	429343	429364	0
CP142610.1	429364	429440	1
CP142610.1	429440	429457	0
CP142610.1	429457	429515	1
CP142610.1	429515	429516	0
CP142610.1	429516	429554	1
CP142610.1	429554	429556	0
CP142610.1	429556	429631	1
CP142610.1	429631	429639	2
CP142610.1	429639	429751	1
CP142610.1	429751	429756	2
CP142610.1	429756	429761	3
CP142610.1	429761	429774	4
CP142610.1	429774	429783	5
CP142610.1	429783	429784	4
CP142610.1	429784	429855	5
CP142610.1	429855	429868	4
CP142610.1	429868	429881	3
CP142610.1	429881	429919	4
CP142610.1	429919	429948	3
CP142610.1	429948	429949	2
CP142610.1	429949	429956	3
CP142610.1	429956	429973	2
CP142610.1	429973	429974	1
CP142610.1	429974	429990	2
CP142610.1	429990	430026	1
CP142610.1	430026	430027	0
CP142610.1	430027	430034	1
CP142610.1	430034	430061	2
CP142610.1	430061	430072	3
CP142610.1	430072	430090	4
CP142610.1	430090	430186	3
CP142610.1	430186	430253	2
CP142610.1	430253	430292	3
CP142610.1	430292	430293	2
CP142610.1	430293	430309	3
CP142610.1	430309	430323	4
CP142610.1	430323	430324	3
CP142610.1	430324	430369	4
CP142610.1	430369	430387	3
CP142610.1	430387	430416	2
CP142610.1	430416	430485	3
CP142610.1	430485	430525	2
CP142610.1	430525	430571	1
CP142610.1	430571	430572	0
CP142610.1	430572	430629	1
CP142610.1	430629	430643	0
CP142610.1	430643	430667	1
CP142610.1	430667	430724	2
CP142610.1	430724	430835	1
CP142610.1	430835	430881	2
CP142610.1	430881	430923	3
CP142610.1	430923	430966	4
CP142610.1	430966	430983	3
CP142610.1	430983	430984	2
CP142610.1	430984	431006	3
CP142610.1	431006	431022	2
CP142610.1	431022	431053	3
CP142610.1	431053	431082	2
CP142610.1	431082	431085	1
CP142610.1	431085	431119	2
CP142610.1	431119	431304	1
CP142610.1	431304	431315	2
CP142610.1	431315	431508	1
CP142610.1	431508	431584	2
CP142610.1	431584	431613	1
CP142610.1	431613	431704	0
CP142610.1	431704	431717	1
CP142610.1	431717	431755	2
CP142610.1	431755	431798	1
CP142610.1	431798	431826	0
CP142610.1	431826	431839	1
CP142610.1	431839	431863	2
CP142610.1	431863	431907	3
CP142610.1	431907	431908	2
CP142610.1	431908	431920	3
CP142610.1	431920	431940	2
CP142610.1	431940	431977	1
CP142610.1	431977	432188	0
CP142610.1	432188	432244	1
CP142610.1	432244	432277	2
CP142610.1	432277	432282	1
CP142610.1	432282	432286	0
CP142610.1	432286	432313	1
CP142610.1	432313	432422	0
CP142610.1	432422	432476	1
CP142610.1	432476	432512	2
CP142610.1	432512	432518	3
CP142610.1	432518	432536	2
CP142610.1	432536	432570	1
CP142610.1	432570	432613	2
CP142610.1	432613	432614	1
CP142610.1	432614	432625	2
CP142610.1	432625	432720	3
CP142610.1	432720	432723	4
CP142610.1	432723	432724	3
CP142610.1	432724	432748	4
CP142610.1	432748	432771	3
CP142610.1	432771	432780	2
CP142610.1	432780	432800	1
CP142610.1	432800	432851	2
CP142610.1	432851	432884	1
CP142610.1	432884	432917	2
CP142610.1	432917	432964	1
CP142610.1	432964	432965	2
CP142610.1	432965	432977	3
CP142610.1	432977	432997	2
CP142610.1	432997	433008	1
CP142610.1	433008	433031	2
CP142610.1	433031	433097	1
CP142610.1	433097	433149	2
CP142610.1	433149	433170	3
CP142610.1	433170	433287	2
CP142610.1	433287	433298	3
CP142610.1	433298	433301	4
CP142610.1	433301	433319	3
CP142610.1	433319	433348	2
CP142610.1	433348	433379	3
CP142610.1	433379	433382	2
CP142610.1	433382	433409	3
CP142610.1	433409	433412	2
CP142610.1	433412	433416	3
CP142610.1	433416	433428	2
CP142610.1	433428	433506	1
CP142610.1	433506	433574	2
CP142610.1	433574	433630	1
CP142610.1	433630	433751	2
CP142610.1	433751	433862	1
CP142610.1	433862	434156	0
CP142610.1	434156	434257	1
CP142610.1	434257	434284	2
CP142610.1	434284	434387	1
CP142610.1	434387	434428	2
CP142610.1	434428	434442	1
CP142610.1	434442	434471	2
CP142610.1	434471	434510	1
CP142610.1	434510	434529	0
CP142610.1	434529	434597	1
CP142610.1	434597	434605	0
CP142610.1	434605	434674	1
CP142610.1	434674	434680	0
CP142610.1	434680	434812	1
CP142610.1	434812	434846	2
CP142610.1	434846	434848	1
CP142610.1	434848	434905	2
CP142610.1	434905	434907	1
CP142610.1	434907	434913	2
CP142610.1	434913	434926	3
CP142610.1	434926	434929	2
CP142610.1	434929	434948	3
CP142610.1	434948	434963	4
CP142610.1	434963	434982	5
CP142610.1	434982	435037	4
CP142610.1	435037	435074	3
CP142610.1	435074	435076	2
CP142610.1	435076	435099	3
CP142610.1	435099	435100	2
CP142610.1	435100	435122	3
CP142610.1	435122	435152	2
CP142610.1	435152	435172	3
CP142610.1	435172	435201	2
CP142610.1	435201	435202	1
CP142610.1	435202	435230	2
CP142610.1	435230	435288	1
CP142610.1	435288	435476	0
CP142610.1	435476	435490	1
CP142610.1	435490	435506	2
CP142610.1	435506	435507	1
CP142610.1	435507	435530	2
CP142610.1	435530	435561	1
CP142610.1	435561	435562	0
CP142610.1	435562	435637	1
CP142610.1	435637	435700	2
CP142610.1	435700	435715	3
CP142610.1	435715	435755	2
CP142610.1	435755	435797	3
CP142610.1	435797	435798	4
CP142610.1	435798	435799	5
CP142610.1	435799	435843	4
CP142610.1	435843	435864	3
CP142610.1	435864	435865	2
CP142610.1	435865	435875	3
CP142610.1	435875	435876	1
CP142610.1	435876	435945	3
CP142610.1	435945	435947	2
CP142610.1	435947	435978	3
CP142610.1	435978	435979	2
CP142610.1	435979	436001	3
CP142610.1	436001	436075	2
CP142610.1	436075	436110	1
CP142610.1	436110	436115	0
CP142610.1	436115	436116	1
CP142610.1	436116	436205	2
CP142610.1	436205	436244	1
CP142610.1	436244	436297	2
CP142610.1	436297	436316	3
CP142610.1	436316	436330	2
CP142610.1	436330	436351	3
CP142610.1	436351	436376	4
CP142610.1	436376	436460	3
CP142610.1	436460	436489	2
CP142610.1	436489	436514	3
CP142610.1	436514	436515	2
CP142610.1	436515	436527	3
CP142610.1	436527	436548	2
CP142610.1	436548	436576	3
CP142610.1	436576	436577	2
CP142610.1	436577	436610	3
CP142610.1	436610	436641	2
CP142610.1	436641	436677	3
CP142610.1	436677	436687	2
CP142610.1	436687	436688	1
CP142610.1	436688	436741	2
CP142610.1	436741	436755	3
CP142610.1	436755	436872	2
CP142610.1	436872	436879	1
CP142610.1	436879	436917	2
CP142610.1	436917	436942	1
CP142610.1	436942	436998	0
CP142610.1	436998	437000	1
CP142610.1	437000	437062	2
CP142610.1	437062	437096	1
CP142610.1	437096	437112	2
CP142610.1	437112	437142	3
CP142610.1	437142	437143	2
CP142610.1	437143	437210	3
CP142610.1	437210	437243	2
CP142610.1	437243	437270	3
CP142610.1	437270	437271	2
CP142610.1	437271	437378	3
CP142610.1	437378	437379	2
CP142610.1	437379	437405	3
CP142610.1	437405	437483	2
CP142610.1	437483	437628	1
CP142610.1	437628	437723	2
CP142610.1	437723	437745	3
CP142610.1	437745	437810	2
CP142610.1	437810	437817	1
CP142610.1	437817	437829	0
CP142610.1	437829	437864	1
CP142610.1	437864	437914	2
CP142610.1	437914	437922	3
CP142610.1	437922	437923	2
CP142610.1	437923	437937	3
CP142610.1	437937	437940	2
CP142610.1	437940	437949	3
CP142610.1	437949	437971	2
CP142610.1	437971	437972	1
CP142610.1	437972	437977	2
CP142610.1	437977	437979	3
CP142610.1	437979	437980	2
CP142610.1	437980	438017	3
CP142610.1	438017	438040	2
CP142610.1	438040	438051	1
CP142610.1	438051	438099	2
CP142610.1	438099	438130	3
CP142610.1	438130	438134	2
CP142610.1	438134	438149	3
CP142610.1	438149	438151	2
CP142610.1	438151	438181	3
CP142610.1	438181	438227	2
CP142610.1	438227	438234	1
CP142610.1	438234	438344	0
CP142610.1	438344	438420	1
CP142610.1	438420	438450	2
CP142610.1	438450	438501	3
CP142610.1	438501	438620	2
CP142610.1	438620	438621	1
CP142610.1	438621	438657	2
CP142610.1	438657	438670	3
CP142610.1	438670	438671	4
CP142610.1	438671	438758	3
CP142610.1	438758	438772	4
CP142610.1	438772	438789	5
CP142610.1	438789	438790	4
CP142610.1	438790	438809	5
CP142610.1	438809	438810	4
CP142610.1	438810	438816	5
CP142610.1	438816	438894	4
CP142610.1	438894	438910	3
CP142610.1	438910	438923	2
CP142610.1	438923	438947	3
CP142610.1	438947	438950	2
CP142610.1	438950	438966	3
CP142610.1	438966	438972	2
CP142610.1	438972	439044	1
CP142610.1	439044	439084	0
CP142610.1	439084	439104	1
CP142610.1	439104	439106	0
CP142610.1	439106	439239	1
CP142610.1	439239	439271	0
CP142610.1	439271	439286	1
CP142610.1	439286	439301	2
CP142610.1	439301	439302	1
CP142610.1	439302	439318	2
CP142610.1	439318	439319	1
CP142610.1	439319	439322	2
CP142610.1	439322	439337	3
CP142610.1	439337	439364	4
CP142610.1	439364	439367	3
CP142610.1	439367	439368	5
CP142610.1	439368	439431	4
CP142610.1	439431	439433	3
CP142610.1	439433	439442	4
CP142610.1	439442	439444	3
CP142610.1	439444	439446	4
CP142610.1	439446	439448	3
CP142610.1	439448	439479	2
CP142610.1	439479	439491	1
CP142610.1	439491	439510	2
CP142610.1	439510	439580	1
CP142610.1	439580	439660	2
CP142610.1	439660	439664	1
CP142610.1	439664	439713	2
CP142610.1	439713	439757	1
CP142610.1	439757	439800	2
CP142610.1	439800	439801	1
CP142610.1	439801	439825	2
CP142610.1	439825	439909	1
CP142610.1	439909	439913	2
CP142610.1	439913	439917	1
CP142610.1	439917	439945	2
CP142610.1	439945	440014	3
CP142610.1	440014	440027	2
CP142610.1	440027	440037	3
CP142610.1	440037	440038	2
CP142610.1	440038	440055	3
CP142610.1	440055	440073	4
CP142610.1	440073	440074	3
CP142610.1	440074	440090	4
CP142610.1	440090	440120	3
CP142610.1	440120	440148	2
CP142610.1	440148	440171	1
CP142610.1	440171	440422	0
CP142610.1	440422	440632	1
CP142610.1	440632	440638	2
CP142610.1	440638	440685	3
CP142610.1	440685	440711	2
CP142610.1	440711	440852	1
CP142610.1	440852	440877	2
CP142610.1	440877	440950	1
CP142610.1	440950	440996	2
CP142610.1	440996	441003	1
CP142610.1	441003	441007	2
CP142610.1	441007	441107	3
CP142610.1	441107	441108	2
CP142610.1	441108	441133	3
CP142610.1	441133	441175	2
CP142610.1	441175	441184	1
CP142610.1	441184	441238	2
CP142610.1	441238	441361	1
CP142610.1	441361	441384	2
CP142610.1	441384	441428	3
CP142610.1	441428	441439	2
CP142610.1	441439	441586	1
CP142610.1	441586	441591	2
CP142610.1	441591	441608	3
CP142610.1	441608	441646	4
CP142610.1	441646	441647	3
CP142610.1	441647	441670	4
CP142610.1	441670	441746	2
CP142610.1	441746	441758	1
CP142610.1	441758	441770	2
CP142610.1	441770	441774	3
CP142610.1	441774	441821	4
CP142610.1	441821	441823	3
CP142610.1	441823	441825	2
CP142610.1	441825	441843	3
CP142610.1	441843	441866	2
CP142610.1	441866	441921	1
CP142610.1	441921	441947	2
CP142610.1	441947	442047	1
CP142610.1	442047	442113	2
CP142610.1	442113	442173	1
CP142610.1	442173	442200	2
CP142610.1	442200	442201	1
CP142610.1	442201	442229	2
CP142610.1	442229	442230	1
CP142610.1	442230	442262	2
CP142610.1	442262	442401	1
CP142610.1	442401	442402	0
CP142610.1	442402	442439	1
CP142610.1	442439	442440	0
CP142610.1	442440	442452	2
CP142610.1	442452	442454	1
CP142610.1	442454	442532	2
CP142610.1	442532	442542	1
CP142610.1	442542	442553	0
CP142610.1	442553	442718	1
CP142610.1	442718	442782	0
CP142610.1	442782	442864	1
CP142610.1	442864	442905	0
CP142610.1	442905	443002	1
CP142610.1	443002	443027	0
CP142610.1	443027	443042	1
CP142610.1	443042	443044	0
CP142610.1	443044	443123	1
CP142610.1	443123	443184	2
CP142610.1	443184	443189	1
CP142610.1	443189	443279	0
CP142610.1	443279	443354	1
CP142610.1	443354	443494	2
CP142610.1	443494	443553	1
CP142610.1	443553	443563	0
CP142610.1	443563	443566	1
CP142610.1	443566	443575	2
CP142610.1	443575	443609	3
CP142610.1	443609	443620	2
CP142610.1	443620	443683	3
CP142610.1	443683	443744	2
CP142610.1	443744	443749	1
CP142610.1	443749	444309	0
CP142610.1	444309	444428	1
CP142610.1	444428	444493	2
CP142610.1	444493	444501	3
CP142610.1	444501	444525	4
CP142610.1	444525	444526	3
CP142610.1	444526	444533	4
CP142610.1	444533	444537	3
CP142610.1	444537	444539	4
CP142610.1	444539	444540	2
CP142610.1	444540	444579	4
CP142610.1	444579	444589	3
CP142610.1	444589	444604	2
CP142610.1	444604	444614	1
CP142610.1	444614	444666	2
CP142610.1	444666	444676	3
CP142610.1	444676	444678	2
CP142610.1	444678	444687	3
CP142610.1	444687	444692	2
CP142610.1	444692	444697	3
CP142610.1	444697	444715	4
CP142610.1	444715	444716	3
CP142610.1	444716	444717	4
CP142610.1	444717	444723	5
CP142610.1	444723	444724	4
CP142610.1	444724	444753	5
CP142610.1	444753	444795	4
CP142610.1	444795	444827	3
CP142610.1	444827	444842	2
CP142610.1	444842	444853	1
CP142610.1	444853	444874	2
CP142610.1	444874	444878	1
CP142610.1	444878	444901	2
CP142610.1	444901	444918	3
CP142610.1	444918	444971	2
CP142610.1	444971	444972	1
CP142610.1	444972	444995	2
CP142610.1	444995	444998	3
CP142610.1	444998	445032	2
CP142610.1	445032	445057	3
CP142610.1	445057	445058	2
CP142610.1	445058	445078	3
CP142610.1	445078	445080	2
CP142610.1	445080	445082	1
CP142610.1	445082	445086	2
CP142610.1	445086	445140	3
CP142610.1	445140	445148	2
CP142610.1	445148	445274	1
CP142610.1	445274	445364	0
CP142610.1	445364	445368	1
CP142610.1	445368	445381	2
CP142610.1	445381	445382	1
CP142610.1	445382	445418	2
CP142610.1	445418	445465	1
CP142610.1	445465	445494	0
CP142610.1	445494	445566	1
CP142610.1	445566	445831	0
CP142610.1	445831	445932	1
CP142610.1	445932	445944	2
CP142610.1	445944	446005	1
CP142610.1	446005	446019	2
CP142610.1	446019	446059	1
CP142610.1	446059	446096	0
CP142610.1	446096	446204	1
CP142610.1	446204	446264	0
CP142610.1	446264	446350	1
CP142610.1	446350	446450	2
CP142610.1	446450	446451	0
CP142610.1	446451	446535	2
CP142610.1	446535	446638	1
CP142610.1	446638	446643	2
CP142610.1	446643	446765	1
CP142610.1	446765	446766	0
CP142610.1	446766	446787	1
CP142610.1	446787	446830	0
CP142610.1	446830	446941	1
CP142610.1	446941	447095	0
CP142610.1	447095	447140	1
CP142610.1	447140	447141	0
CP142610.1	447141	447160	1
CP142610.1	447160	447161	0
CP142610.1	447161	447178	1
CP142610.1	447178	447200	2
CP142610.1	447200	447227	1
CP142610.1	447227	447270	2
CP142610.1	447270	447283	3
CP142610.1	447283	447331	4
CP142610.1	447331	447332	3
CP142610.1	447332	447377	4
CP142610.1	447377	447388	3
CP142610.1	447388	447394	4
CP142610.1	447394	447427	3
CP142610.1	447427	447472	4
CP142610.1	447472	447473	2
CP142610.1	447473	447487	4
CP142610.1	447487	447513	5
CP142610.1	447513	447514	3
CP142610.1	447514	447527	5
CP142610.1	447527	447533	4
CP142610.1	447533	447563	5
CP142610.1	447563	447589	4
CP142610.1	447589	447592	3
CP142610.1	447592	447594	2
CP142610.1	447594	447595	1
CP142610.1	447595	447629	2
CP142610.1	447629	447752	1
CP142610.1	447752	447813	0
CP142610.1	447813	447910	1
CP142610.1	447910	447911	0
CP142610.1	447911	447971	1
CP142610.1	447971	448040	0
CP142610.1	448040	448210	1
CP142610.1	448210	448231	0
CP142610.1	448231	448272	1
CP142610.1	448272	448286	2
CP142610.1	448286	448388	1
CP142610.1	448388	448420	2
CP142610.1	448420	448593	1
CP142610.1	448593	448899	0
CP142610.1	448899	448921	1
CP142610.1	448921	448952	2
CP142610.1	448952	449006	3
CP142610.1	449006	449023	2
CP142610.1	449023	449025	3
CP142610.1	449025	449035	4
CP142610.1	449035	449122	3
CP142610.1	449122	449123	2
CP142610.1	449123	449147	3
CP142610.1	449147	449148	2
CP142610.1	449148	449160	3
CP142610.1	449160	449200	2
CP142610.1	449200	449238	1
CP142610.1	449238	449243	0
CP142610.1	449243	449348	1
CP142610.1	449348	449479	2
CP142610.1	449479	449509	1
CP142610.1	449509	449598	0
CP142610.1	449598	449735	1
CP142610.1	449735	449742	2
CP142610.1	449742	449789	1
CP142610.1	449789	449792	2
CP142610.1	449792	449875	1
CP142610.1	449875	449931	0
CP142610.1	449931	449968	1
CP142610.1	449968	449992	0
CP142610.1	449992	450013	1
CP142610.1	450013	450084	2
CP142610.1	450084	450206	1
CP142610.1	450206	450214	2
CP142610.1	450214	450247	1
CP142610.1	450247	450260	2
CP142610.1	450260	450274	3
CP142610.1	450274	450315	2
CP142610.1	450315	450316	1
CP142610.1	450316	450358	2
CP142610.1	450358	450392	1
CP142610.1	450392	450412	2
CP142610.1	450412	450429	1
CP142610.1	450429	450471	2
CP142610.1	450471	450546	1
CP142610.1	450546	450550	0
CP142610.1	450550	450560	1
CP142610.1	450560	450571	2
CP142610.1	450571	450573	1
CP142610.1	450573	450590	2
CP142610.1	450590	450622	3
CP142610.1	450622	450623	2
CP142610.1	450623	450630	3
CP142610.1	450630	450647	2
CP142610.1	450647	450737	3
CP142610.1	450737	450739	2
CP142610.1	450739	450746	1
CP142610.1	450746	450750	2
CP142610.1	450750	450884	1
CP142610.1	450884	450929	0
CP142610.1	450929	451017	1
CP142610.1	451017	451060	0
CP142610.1	451060	451153	1
CP142610.1	451153	451204	0
CP142610.1	451204	451272	1
CP142610.1	451272	451299	2
CP142610.1	451299	451365	1
CP142610.1	451365	451411	2
CP142610.1	451411	451610	1
CP142610.1	451610	451640	2
CP142610.1	451640	451669	1
CP142610.1	451669	451670	0
CP142610.1	451670	451704	1
CP142610.1	451704	451705	0
CP142610.1	451705	451724	1
CP142610.1	451724	451757	2
CP142610.1	451757	451762	1
CP142610.1	451762	451768	2
CP142610.1	451768	451801	3
CP142610.1	451801	451832	2
CP142610.1	451832	451890	1
CP142610.1	451890	451937	0
CP142610.1	451937	452064	1
CP142610.1	452064	452114	0
CP142610.1	452114	452195	1
CP142610.1	452195	452637	0
CP142610.1	452637	452709	1
CP142610.1	452709	452710	0
CP142610.1	452710	452843	1
CP142610.1	452843	452844	0
CP142610.1	452844	452876	1
CP142610.1	452876	452885	2
CP142610.1	452885	452987	1
CP142610.1	452987	453053	2
CP142610.1	453053	453161	1
CP142610.1	453161	453162	0
CP142610.1	453162	453238	1
CP142610.1	453238	453239	0
CP142610.1	453239	453242	1
CP142610.1	453242	453281	2
CP142610.1	453281	453312	3
CP142610.1	453312	453315	2
CP142610.1	453315	453328	3
CP142610.1	453328	453341	2
CP142610.1	453341	453344	1
CP142610.1	453344	453392	2
CP142610.1	453392	453429	3
CP142610.1	453429	453478	2
CP142610.1	453478	453502	3
CP142610.1	453502	453506	1
CP142610.1	453506	453516	2
CP142610.1	453516	453519	1
CP142610.1	453519	453534	2
CP142610.1	453534	453582	1
CP142610.1	453582	453818	0
CP142610.1	453818	453998	1
CP142610.1	453998	454043	2
CP142610.1	454043	454131	1
CP142610.1	454131	454147	2
CP142610.1	454147	454219	1
CP142610.1	454219	454334	0
CP142610.1	454334	454361	1
CP142610.1	454361	454374	0
CP142610.1	454374	454412	1
CP142610.1	454412	454524	2
CP142610.1	454524	454642	1
CP142610.1	454642	454673	2
CP142610.1	454673	454722	1
CP142610.1	454722	454723	0
CP142610.1	454723	454738	1
CP142610.1	454738	454744	0
CP142610.1	454744	454801	1
CP142610.1	454801	454811	0
CP142610.1	454811	454819	1
CP142610.1	454819	454873	2
CP142610.1	454873	454874	1
CP142610.1	454874	454913	2
CP142610.1	454913	454955	1
CP142610.1	454955	454963	2
CP142610.1	454963	454978	1
CP142610.1	454978	455016	2
CP142610.1	455016	455060	1
CP142610.1	455060	455068	2
CP142610.1	455068	455074	1
CP142610.1	455074	455075	2
CP142610.1	455075	455076	1
CP142610.1	455076	455095	2
CP142610.1	455095	455130	3
CP142610.1	455130	455135	2
CP142610.1	455135	455137	1
CP142610.1	455137	455141	2
CP142610.1	455141	455235	1
CP142610.1	455235	455490	0
CP142610.1	455490	455651	1
CP142610.1	455651	455753	0
CP142610.1	455753	455806	1
CP142610.1	455806	455940	0
CP142610.1	455940	455970	1
CP142610.1	455970	455971	0
CP142610.1	455971	455987	1
CP142610.1	455987	456003	2
CP142610.1	456003	456004	1
CP142610.1	456004	456051	2
CP142610.1	456051	456053	1
CP142610.1	456053	456090	2
CP142610.1	456090	456224	3
CP142610.1	456224	456227	2
CP142610.1	456227	456238	1
CP142610.1	456238	456254	2
CP142610.1	456254	456301	1
CP142610.1	456301	456636	0
CP142610.1	456636	456710	1
CP142610.1	456710	456835	2
CP142610.1	456835	456842	3
CP142610.1	456842	456868	2
CP142610.1	456868	456869	1
CP142610.1	456869	456882	2
CP142610.1	456882	456898	3
CP142610.1	456898	456915	2
CP142610.1	456915	456932	1
CP142610.1	456932	457050	2
CP142610.1	457050	457089	1
CP142610.1	457089	457113	2
CP142610.1	457113	457114	1
CP142610.1	457114	457125	2
CP142610.1	457125	457157	3
CP142610.1	457157	457198	2
CP142610.1	457198	457199	1
CP142610.1	457199	457200	0
CP142610.1	457200	457222	1
CP142610.1	457222	457253	2
CP142610.1	457253	457254	1
CP142610.1	457254	457287	2
CP142610.1	457287	457296	1
CP142610.1	457296	457365	0
CP142610.1	457365	457430	1
CP142610.1	457430	457431	0
CP142610.1	457431	457507	1
CP142610.1	457507	457518	2
CP142610.1	457518	457544	1
CP142610.1	457544	457707	2
CP142610.1	457707	457729	1
CP142610.1	457729	457805	2
CP142610.1	457805	457818	1
CP142610.1	457818	457871	2
CP142610.1	457871	457888	3
CP142610.1	457888	457902	2
CP142610.1	457902	457952	3
CP142610.1	457952	458006	2
CP142610.1	458006	458035	1
CP142610.1	458035	458372	0
CP142610.1	458372	458412	1
CP142610.1	458412	458414	0
CP142610.1	458414	458431	1
CP142610.1	458431	458634	0
CP142610.1	458634	458662	1
CP142610.1	458662	458752	2
CP142610.1	458752	458753	1
CP142610.1	458753	458791	2
CP142610.1	458791	458804	1
CP142610.1	458804	458806	2
CP142610.1	458806	458854	3
CP142610.1	458854	458864	2
CP142610.1	458864	458877	3
CP142610.1	458877	458879	2
CP142610.1	458879	459025	1
CP142610.1	459025	459027	2
CP142610.1	459027	459140	1
CP142610.1	459140	459218	2
CP142610.1	459218	459220	1
CP142610.1	459220	459228	2
CP142610.1	459228	459326	1
CP142610.1	459326	459331	2
CP142610.1	459331	459332	1
CP142610.1	459332	459414	2
CP142610.1	459414	459448	3
CP142610.1	459448	459471	2
CP142610.1	459471	459478	1
CP142610.1	459478	459486	0
CP142610.1	459486	459529	1
CP142610.1	459529	459549	2
CP142610.1	459549	459566	3
CP142610.1	459566	459689	2
CP142610.1	459689	459775	1
CP142610.1	459775	459791	2
CP142610.1	459791	459792	1
CP142610.1	459792	459822	2
CP142610.1	459822	459900	1
CP142610.1	459900	459928	2
CP142610.1	459928	459967	3
CP142610.1	459967	459980	2
CP142610.1	459980	460047	3
CP142610.1	460047	460113	2
CP142610.1	460113	460116	1
CP142610.1	460116	460185	2
CP142610.1	460185	460203	1
CP142610.1	460203	460269	0
CP142610.1	460269	460365	1
CP142610.1	460365	460386	0
CP142610.1	460386	460534	1
CP142610.1	460534	460550	2
CP142610.1	460550	460645	3
CP142610.1	460645	460664	2
CP142610.1	460664	460697	3
CP142610.1	460697	460724	2
CP142610.1	460724	460769	1
CP142610.1	460769	460800	0
CP142610.1	460800	460827	1
CP142610.1	460827	460828	0
CP142610.1	460828	460947	1
CP142610.1	460947	461109	0
CP142610.1	461109	461178	1
CP142610.1	461178	461293	0
CP142610.1	461293	461345	1
CP142610.1	461345	461349	0
CP142610.1	461349	461365	1
CP142610.1	461365	461416	2
CP142610.1	461416	461468	1
CP142610.1	461468	461519	0
CP142610.1	461519	461658	1
CP142610.1	461658	461688	2
CP142610.1	461688	461756	1
CP142610.1	461756	461777	0
CP142610.1	461777	461844	1
CP142610.1	461844	461929	0
CP142610.1	461929	461983	1
CP142610.1	461983	462123	0
CP142610.1	462123	462170	1
CP142610.1	462170	462175	2
CP142610.1	462175	462217	3
CP142610.1	462217	462282	2
CP142610.1	462282	462310	1
CP142610.1	462310	462311	0
CP142610.1	462311	462333	1
CP142610.1	462333	462438	2
CP142610.1	462438	462454	1
CP142610.1	462454	462624	0
CP142610.1	462624	462634	1
CP142610.1	462634	462659	2
CP142610.1	462659	462684	3
CP142610.1	462684	462686	2
CP142610.1	462686	462688	1
CP142610.1	462688	462698	2
CP142610.1	462698	462722	3
CP142610.1	462722	462794	2
CP142610.1	462794	462815	1
CP142610.1	462815	462950	0
CP142610.1	462950	462998	1
CP142610.1	462998	463014	0
CP142610.1	463014	463049	1
CP142610.1	463049	463059	2
CP142610.1	463059	463126	3
CP142610.1	463126	463129	2
CP142610.1	463129	463159	3
CP142610.1	463159	463217	2
CP142610.1	463217	463314	1
CP142610.1	463314	463601	0
CP142610.1	463601	463669	1
CP142610.1	463669	463766	2
CP142610.1	463766	463827	1
CP142610.1	463827	463828	0
CP142610.1	463828	463890	1
CP142610.1	463890	463916	2
CP142610.1	463916	463954	1
CP142610.1	463954	463974	2
CP142610.1	463974	463986	1
CP142610.1	463986	464019	2
CP142610.1	464019	464139	3
CP142610.1	464139	464140	2
CP142610.1	464140	464153	3
CP142610.1	464153	464212	2
CP142610.1	464212	464226	1
CP142610.1	464226	464405	0
CP142610.1	464405	464478	1
CP142610.1	464478	464497	0
CP142610.1	464497	464507	1
CP142610.1	464507	464508	0
CP142610.1	464508	464572	1
CP142610.1	464572	464573	0
CP142610.1	464573	464851	1
CP142610.1	464851	464852	0
CP142610.1	464852	464935	1
CP142610.1	464935	464972	0
CP142610.1	464972	465030	1
CP142610.1	465030	465093	2
CP142610.1	465093	465146	1
CP142610.1	465146	465215	2
CP142610.1	465215	465216	0
CP142610.1	465216	465217	1
CP142610.1	465217	465244	2
CP142610.1	465244	465320	1
CP142610.1	465320	465325	0
CP142610.1	465325	465326	1
CP142610.1	465326	465382	2
CP142610.1	465382	465383	1
CP142610.1	465383	465402	2
CP142610.1	465402	465466	3
CP142610.1	465466	465480	2
CP142610.1	465480	465497	3
CP142610.1	465497	465505	2
CP142610.1	465505	465570	3
CP142610.1	465570	465590	2
CP142610.1	465590	465620	3
CP142610.1	465620	465628	4
CP142610.1	465628	465650	3
CP142610.1	465650	465659	4
CP142610.1	465659	465693	3
CP142610.1	465693	465695	2
CP142610.1	465695	465702	1
CP142610.1	465702	465704	0
CP142610.1	465704	465708	1
CP142610.1	465708	465758	2
CP142610.1	465758	465763	1
CP142610.1	465763	465811	2
CP142610.1	465811	465835	1
CP142610.1	465835	465852	2
CP142610.1	465852	465981	1
CP142610.1	465981	466257	0
CP142610.1	466257	466269	1
CP142610.1	466269	466293	2
CP142610.1	466293	466397	3
CP142610.1	466397	466419	2
CP142610.1	466419	466424	1
CP142610.1	466424	466479	2
CP142610.1	466479	466481	1
CP142610.1	466481	466482	0
CP142610.1	466482	466534	1
CP142610.1	466534	466569	0
CP142610.1	466569	466614	1
CP142610.1	466614	466615	0
CP142610.1	466615	466639	1
CP142610.1	466639	466659	2
CP142610.1	466659	466660	1
CP142610.1	466660	466722	2
CP142610.1	466722	466807	1
CP142610.1	466807	466821	0
CP142610.1	466821	466967	1
CP142610.1	466967	467002	2
CP142610.1	467002	467020	3
CP142610.1	467020	467052	4
CP142610.1	467052	467082	3
CP142610.1	467082	467095	4
CP142610.1	467095	467127	3
CP142610.1	467127	467128	2
CP142610.1	467128	467172	3
CP142610.1	467172	467173	1
CP142610.1	467173	467198	2
CP142610.1	467198	467201	1
CP142610.1	467201	467204	2
CP142610.1	467204	467206	1
CP142610.1	467206	467208	2
CP142610.1	467208	467280	3
CP142610.1	467280	467300	2
CP142610.1	467300	467349	1
CP142610.1	467349	467352	2
CP142610.1	467352	467439	1
CP142610.1	467439	467475	2
CP142610.1	467475	467528	3
CP142610.1	467528	467540	4
CP142610.1	467540	467541	3
CP142610.1	467541	467550	4
CP142610.1	467550	467561	5
CP142610.1	467561	467562	4
CP142610.1	467562	467566	5
CP142610.1	467566	467567	4
CP142610.1	467567	467573	5
CP142610.1	467573	467574	4
CP142610.1	467574	467580	5
CP142610.1	467580	467581	4
CP142610.1	467581	467586	5
CP142610.1	467586	467602	4
CP142610.1	467602	467640	3
CP142610.1	467640	467672	2
CP142610.1	467672	467726	1
CP142610.1	467726	467760	2
CP142610.1	467760	467873	1
CP142610.1	467873	467928	2
CP142610.1	467928	467931	1
CP142610.1	467931	467972	2
CP142610.1	467972	468003	1
CP142610.1	468003	468213	0
CP142610.1	468213	468277	1
CP142610.1	468277	468427	0
CP142610.1	468427	468460	1
CP142610.1	468460	468480	2
CP142610.1	468480	468588	3
CP142610.1	468588	468598	2
CP142610.1	468598	468681	3
CP142610.1	468681	468685	2
CP142610.1	468685	468740	3
CP142610.1	468740	468746	4
CP142610.1	468746	468754	3
CP142610.1	468754	468793	4
CP142610.1	468793	468815	5
CP142610.1	468815	468881	4
CP142610.1	468881	468902	3
CP142610.1	468902	468949	2
CP142610.1	468949	469020	1
CP142610.1	469020	469112	0
CP142610.1	469112	469160	1
CP142610.1	469160	469178	2
CP142610.1	469178	469215	1
CP142610.1	469215	469226	0
CP142610.1	469226	469249	1
CP142610.1	469249	469250	0
CP142610.1	469250	469276	1
CP142610.1	469276	469311	0
CP142610.1	469311	469374	1
CP142610.1	469374	469682	0
CP142610.1	469682	469809	1
CP142610.1	469809	469847	0
CP142610.1	469847	469980	1
CP142610.1	469980	470017	2
CP142610.1	470017	470028	3
CP142610.1	470028	470059	4
CP142610.1	470059	470062	3
CP142610.1	470062	470071	4
CP142610.1	470071	470072	2
CP142610.1	470072	470078	4
CP142610.1	470078	470092	5
CP142610.1	470092	470112	4
CP142610.1	470112	470126	3
CP142610.1	470126	470136	2
CP142610.1	470136	470139	1
CP142610.1	470139	470146	0
CP142610.1	470146	470162	1
CP142610.1	470162	470176	2
CP142610.1	470176	470250	1
CP142610.1	470250	470257	2
CP142610.1	470257	470258	1
CP142610.1	470258	470268	2
CP142610.1	470268	470290	3
CP142610.1	470290	470291	2
CP142610.1	470291	470326	3
CP142610.1	470326	470335	4
CP142610.1	470335	470336	3
CP142610.1	470336	470343	4
CP142610.1	470343	470344	3
CP142610.1	470344	470351	4
CP142610.1	470351	470364	3
CP142610.1	470364	470371	2
CP142610.1	470371	470389	3
CP142610.1	470389	470396	2
CP142610.1	470396	470440	3
CP142610.1	470440	470456	2
CP142610.1	470456	470457	1
CP142610.1	470457	470463	2
CP142610.1	470463	470477	1
CP142610.1	470477	470522	2
CP142610.1	470522	470699	1
CP142610.1	470699	470819	2
CP142610.1	470819	470820	1
CP142610.1	470820	470823	2
CP142610.1	470823	470917	1
CP142610.1	470917	470937	2
CP142610.1	470937	470961	1
CP142610.1	470961	470982	0
CP142610.1	470982	471019	1
CP142610.1	471019	471023	2
CP142610.1	471023	471055	3
CP142610.1	471055	471056	2
CP142610.1	471056	471123	3
CP142610.1	471123	471130	4
CP142610.1	471130	471154	3
CP142610.1	471154	471176	2
CP142610.1	471176	471286	1
CP142610.1	471286	471405	0
CP142610.1	471405	471421	1
CP142610.1	471421	471465	2
CP142610.1	471465	471523	3
CP142610.1	471523	471594	2
CP142610.1	471594	471638	1
CP142610.1	471638	471651	2
CP142610.1	471651	471775	1
CP142610.1	471775	471832	2
CP142610.1	471832	471844	1
CP142610.1	471844	471896	2
CP142610.1	471896	471916	1
CP142610.1	471916	471920	0
CP142610.1	471920	471995	1
CP142610.1	471995	472104	2
CP142610.1	472104	472205	1
CP142610.1	472205	472365	0
CP142610.1	472365	472522	1
CP142610.1	472522	472582	0
CP142610.1	472582	472787	1
CP142610.1	472787	472833	0
CP142610.1	472833	472907	1
CP142610.1	472907	472943	2
CP142610.1	472943	472961	1
CP142610.1	472961	472988	2
CP142610.1	472988	472989	1
CP142610.1	472989	472992	2
CP142610.1	472992	473043	1
CP142610.1	473043	473044	0
CP142610.1	473044	473052	1
CP142610.1	473052	473053	0
CP142610.1	473053	473069	1
CP142610.1	473069	473072	0
CP142610.1	473072	473216	1
CP142610.1	473216	473237	2
CP142610.1	473237	473275	1
CP142610.1	473275	473322	0
CP142610.1	473322	473363	1
CP142610.1	473363	473396	0
CP142610.1	473396	473547	1
CP142610.1	473547	473548	0
CP142610.1	473548	473555	1
CP142610.1	473555	473802	0
CP142610.1	473802	473837	1
CP142610.1	473837	473838	0
CP142610.1	473838	473936	1
CP142610.1	473936	473975	2
CP142610.1	473975	473978	1
CP142610.1	473978	474011	2
CP142610.1	474011	474012	1
CP142610.1	474012	474044	2
CP142610.1	474044	474048	1
CP142610.1	474048	474079	2
CP142610.1	474079	474091	3
CP142610.1	474091	474271	2
CP142610.1	474271	474278	3
CP142610.1	474278	474279	1
CP142610.1	474279	474374	2
CP142610.1	474374	474495	1
CP142610.1	474495	474559	0
CP142610.1	474559	474625	1
CP142610.1	474625	474628	0
CP142610.1	474628	474691	1
CP142610.1	474691	474711	2
CP142610.1	474711	474712	1
CP142610.1	474712	474803	2
CP142610.1	474803	474833	1
CP142610.1	474833	474841	2
CP142610.1	474841	474901	1
CP142610.1	474901	474930	2
CP142610.1	474930	474933	1
CP142610.1	474933	474970	2
CP142610.1	474970	474993	1
CP142610.1	474993	475003	0
CP142610.1	475003	475041	1
CP142610.1	475041	475059	2
CP142610.1	475059	475118	3
CP142610.1	475118	475172	4
CP142610.1	475172	475175	3
CP142610.1	475175	475176	2
CP142610.1	475176	475214	3
CP142610.1	475214	475236	2
CP142610.1	475236	475296	1
CP142610.1	475296	475365	2
CP142610.1	475365	475373	1
CP142610.1	475373	475570	0
CP142610.1	475570	475662	1
CP142610.1	475662	475967	0
CP142610.1	475967	476019	1
CP142610.1	476019	476039	2
CP142610.1	476039	476046	1
CP142610.1	476046	476096	2
CP142610.1	476096	476192	1
CP142610.1	476192	476197	0
CP142610.1	476197	476199	1
CP142610.1	476199	476238	2
CP142610.1	476238	476255	3
CP142610.1	476255	476256	2
CP142610.1	476256	476284	3
CP142610.1	476284	476302	2
CP142610.1	476302	476322	1
CP142610.1	476322	476505	0
CP142610.1	476505	476557	1
CP142610.1	476557	476606	2
CP142610.1	476606	476687	1
CP142610.1	476687	476712	2
CP142610.1	476712	476763	3
CP142610.1	476763	476789	2
CP142610.1	476789	476791	3
CP142610.1	476791	476799	2
CP142610.1	476799	476800	1
CP142610.1	476800	477004	2
CP142610.1	477004	477012	1
CP142610.1	477012	477145	0
CP142610.1	477145	477265	1
CP142610.1	477265	477273	0
CP142610.1	477273	477304	1
CP142610.1	477304	477335	2
CP142610.1	477335	477413	3
CP142610.1	477413	477442	4
CP142610.1	477442	477446	3
CP142610.1	477446	477449	2
CP142610.1	477449	477458	3
CP142610.1	477458	477625	1
CP142610.1	477625	477726	0
CP142610.1	477726	477745	1
CP142610.1	477745	477791	2
CP142610.1	477791	477809	3
CP142610.1	477809	477810	2
CP142610.1	477810	477820	3
CP142610.1	477820	477823	2
CP142610.1	477823	477828	3
CP142610.1	477828	477829	2
CP142610.1	477829	477863	3
CP142610.1	477863	477983	2
CP142610.1	477983	478061	3
CP142610.1	478061	478165	4
CP142610.1	478165	478172	3
CP142610.1	478172	478186	1
CP142610.1	478186	478194	2
CP142610.1	478194	478251	1
CP142610.1	478251	478398	2
CP142610.1	478398	478473	1
CP142610.1	478473	478711	0
CP142610.1	478711	478950	1
CP142610.1	478950	479037	0
CP142610.1	479037	479057	1
CP142610.1	479057	479074	2
CP142610.1	479074	479075	1
CP142610.1	479075	479109	2
CP142610.1	479109	479114	1
CP142610.1	479114	479121	2
CP142610.1	479121	479125	1
CP142610.1	479125	479181	2
CP142610.1	479181	479182	1
CP142610.1	479182	479270	2
CP142610.1	479270	479318	1
CP142610.1	479318	479320	0
CP142610.1	479320	479331	1
CP142610.1	479331	479411	0
CP142610.1	479411	479454	1
CP142610.1	479454	479537	2
CP142610.1	479537	479576	3
CP142610.1	479576	479578	2
CP142610.1	479578	479840	1
CP142610.1	479840	479944	0
CP142610.1	479944	479991	1
CP142610.1	479991	479994	2
CP142610.1	479994	480040	1
CP142610.1	480040	480041	2
CP142610.1	480041	480111	3
CP142610.1	480111	480112	2
CP142610.1	480112	480113	1
CP142610.1	480113	480162	2
CP142610.1	480162	480186	1
CP142610.1	480186	480197	2
CP142610.1	480197	480211	3
CP142610.1	480211	480243	4
CP142610.1	480243	480247	3
CP142610.1	480247	480252	4
CP142610.1	480252	480253	5
CP142610.1	480253	480264	6
CP142610.1	480264	480293	5
CP142610.1	480293	480324	4
CP142610.1	480324	480327	3
CP142610.1	480327	480388	2
CP142610.1	480388	480389	1
CP142610.1	480389	480423	2
CP142610.1	480423	480424	1
CP142610.1	480424	480425	0
CP142610.1	480425	480427	1
CP142610.1	480427	480459	2
CP142610.1	480459	480464	1
CP142610.1	480464	480468	0
CP142610.1	480468	480501	1
CP142610.1	480501	480567	0
CP142610.1	480567	480698	1
CP142610.1	480698	480744	2
CP142610.1	480744	480745	1
CP142610.1	480745	480833	2
CP142610.1	480833	480844	1
CP142610.1	480844	480849	0
CP142610.1	480849	480871	1
CP142610.1	480871	480879	2
CP142610.1	480879	480881	1
CP142610.1	480881	480933	2
CP142610.1	480933	481035	3
CP142610.1	481035	481041	4
CP142610.1	481041	481075	3
CP142610.1	481075	481115	2
CP142610.1	481115	481142	3
CP142610.1	481142	481163	4
CP142610.1	481163	481166	3
CP142610.1	481166	481174	4
CP142610.1	481174	481229	3
CP142610.1	481229	481326	2
CP142610.1	481326	481337	3
CP142610.1	481337	481414	2
CP142610.1	481414	481449	3
CP142610.1	481449	481473	1
CP142610.1	481473	481535	0
CP142610.1	481535	481558	1
CP142610.1	481558	481622	2
CP142610.1	481622	481660	1
CP142610.1	481660	481685	2
CP142610.1	481685	481686	0
CP142610.1	481686	481687	1
CP142610.1	481687	481700	2
CP142610.1	481700	481701	0
CP142610.1	481701	481738	2
CP142610.1	481738	481756	1
CP142610.1	481756	481787	0
CP142610.1	481787	481788	1
CP142610.1	481788	481865	2
CP142610.1	481865	481885	1
CP142610.1	481885	481889	0
CP142610.1	481889	481902	1
CP142610.1	481902	481962	2
CP142610.1	481962	482048	1
CP142610.1	482048	482049	0
CP142610.1	482049	482052	1
CP142610.1	482052	482055	0
CP142610.1	482055	482071	1
CP142610.1	482071	482072	0
CP142610.1	482072	482168	1
CP142610.1	482168	482169	0
CP142610.1	482169	482196	1
CP142610.1	482196	482198	2
CP142610.1	482198	482346	1
CP142610.1	482346	482420	2
CP142610.1	482420	482465	3
CP142610.1	482465	482542	2
CP142610.1	482542	482650	1
CP142610.1	482650	482731	0
CP142610.1	482731	482835	1
CP142610.1	482835	482836	0
CP142610.1	482836	482867	1
CP142610.1	482867	482908	0
CP142610.1	482908	482941	1
CP142610.1	482941	482953	2
CP142610.1	482953	483033	3
CP142610.1	483033	483049	2
CP142610.1	483049	483059	1
CP142610.1	483059	483113	0
CP142610.1	483113	483192	1
CP142610.1	483192	483237	0
CP142610.1	483237	483315	1
CP142610.1	483315	483316	0
CP142610.1	483316	483319	1
CP142610.1	483319	483446	0
CP142610.1	483446	483648	1
CP142610.1	483648	483881	0
CP142610.1	483881	483916	1
CP142610.1	483916	483920	0
CP142610.1	483920	483941	1
CP142610.1	483941	483942	0
CP142610.1	483942	483949	1
CP142610.1	483949	483988	2
CP142610.1	483988	484481	1
CP142610.1	484481	484489	2
CP142610.1	484489	484495	1
CP142610.1	484495	484562	2
CP142610.1	484562	484583	1
CP142610.1	484583	484602	2
CP142610.1	484602	484604	1
CP142610.1	484604	484643	2
CP142610.1	484643	484661	3
CP142610.1	484661	484694	2
CP142610.1	484694	484771	1
CP142610.1	484771	484796	2
CP142610.1	484796	484797	1
CP142610.1	484797	484833	2
CP142610.1	484833	484834	1
CP142610.1	484834	484842	2
CP142610.1	484842	484928	1
CP142610.1	484928	484945	0
CP142610.1	484945	484989	1
CP142610.1	484989	484990	0
CP142610.1	484990	485005	1
CP142610.1	485005	485006	0
CP142610.1	485006	485043	1
CP142610.1	485043	485051	2
CP142610.1	485051	485054	3
CP142610.1	485054	485061	2
CP142610.1	485061	485064	0
CP142610.1	485064	485095	2
CP142610.1	485095	485097	0
CP142610.1	485097	485171	2
CP142610.1	485171	485236	1
CP142610.1	485236	485360	0
CP142610.1	485360	485486	1
CP142610.1	485486	485574	2
CP142610.1	485574	485578	3
CP142610.1	485578	485584	2
CP142610.1	485584	485593	3
CP142610.1	485593	485594	2
CP142610.1	485594	485604	3
CP142610.1	485604	485613	4
CP142610.1	485613	485657	3
CP142610.1	485657	485670	2
CP142610.1	485670	485678	1
CP142610.1	485678	485741	0
CP142610.1	485741	485845	1
CP142610.1	485845	485892	2
CP142610.1	485892	485918	1
CP142610.1	485918	485933	2
CP142610.1	485933	485996	1
CP142610.1	485996	486140	0
CP142610.1	486140	486326	1
CP142610.1	486326	486450	0
CP142610.1	486450	486519	1
CP142610.1	486519	486697	0
CP142610.1	486697	486702	1
CP142610.1	486702	486760	2
CP142610.1	486760	486762	1
CP142610.1	486762	486799	2
CP142610.1	486799	486816	1
CP142610.1	486816	486979	0
CP142610.1	486979	487034	1
CP142610.1	487034	487035	2
CP142610.1	487035	487036	1
CP142610.1	487036	487037	2
CP142610.1	487037	487039	3
CP142610.1	487039	487044	2
CP142610.1	487044	487052	3
CP142610.1	487052	487055	2
CP142610.1	487055	487072	3
CP142610.1	487072	487084	2
CP142610.1	487084	487085	1
CP142610.1	487085	487088	0
CP142610.1	487088	487097	1
CP142610.1	487097	487104	2
CP142610.1	487104	487117	1
CP142610.1	487117	487193	2
CP142610.1	487193	487198	3
CP142610.1	487198	487208	2
CP142610.1	487208	487276	1
CP142610.1	487276	487325	2
CP142610.1	487325	487327	1
CP142610.1	487327	487338	2
CP142610.1	487338	487414	1
CP142610.1	487414	487671	0
CP142610.1	487671	487709	1
CP142610.1	487709	487742	0
CP142610.1	487742	487820	1
CP142610.1	487820	487927	0
CP142610.1	487927	487951	1
CP142610.1	487951	488029	2
CP142610.1	488029	488041	3
CP142610.1	488041	488042	2
CP142610.1	488042	488051	3
CP142610.1	488051	488057	2
CP142610.1	488057	488072	3
CP142610.1	488072	488073	1
CP142610.1	488073	488086	3
CP142610.1	488086	488089	2
CP142610.1	488089	488098	3
CP142610.1	488098	488133	2
CP142610.1	488133	488160	3
CP142610.1	488160	488161	2
CP142610.1	488161	488170	3
CP142610.1	488170	488175	2
CP142610.1	488175	488197	3
CP142610.1	488197	488214	2
CP142610.1	488214	488227	3
CP142610.1	488227	488245	2
CP142610.1	488245	488270	3
CP142610.1	488270	488271	1
CP142610.1	488271	488273	2
CP142610.1	488273	488314	3
CP142610.1	488314	488315	2
CP142610.1	488315	488316	3
CP142610.1	488316	488317	2
CP142610.1	488317	488334	3
CP142610.1	488334	488335	1
CP142610.1	488335	488338	3
CP142610.1	488338	488339	2
CP142610.1	488339	488343	3
CP142610.1	488343	488384	2
CP142610.1	488384	488412	1
CP142610.1	488412	488413	0
CP142610.1	488413	488476	1
CP142610.1	488476	488482	0
CP142610.1	488482	488516	1
CP142610.1	488516	488524	2
CP142610.1	488524	488586	3
CP142610.1	488586	488763	2
CP142610.1	488763	488796	3
CP142610.1	488796	488829	2
CP142610.1	488829	488830	1
CP142610.1	488830	488853	2
CP142610.1	488853	488875	1
CP142610.1	488875	488890	2
CP142610.1	488890	488982	1
CP142610.1	488982	489069	0
CP142610.1	489069	489076	1
CP142610.1	489076	489128	2
CP142610.1	489128	489200	1
CP142610.1	489200	489201	0
CP142610.1	489201	489227	1
CP142610.1	489227	489228	0
CP142610.1	489228	489246	1
CP142610.1	489246	489323	2
CP142610.1	489323	489339	3
CP142610.1	489339	489341	2
CP142610.1	489341	489367	3
CP142610.1	489367	489425	2
CP142610.1	489425	489433	1
CP142610.1	489433	489499	2
CP142610.1	489499	489603	1
CP142610.1	489603	489647	0
CP142610.1	489647	489686	1
CP142610.1	489686	489710	2
CP142610.1	489710	489731	3
CP142610.1	489731	489990	2
CP142610.1	489990	490072	1
CP142610.1	490072	490075	0
CP142610.1	490075	490300	1
CP142610.1	490300	490302	2
CP142610.1	490302	490332	3
CP142610.1	490332	490350	2
CP142610.1	490350	490366	1
CP142610.1	490366	490515	0
CP142610.1	490515	490578	1
CP142610.1	490578	490708	0
CP142610.1	490708	490729	1
CP142610.1	490729	490759	2
CP142610.1	490759	490760	1
CP142610.1	490760	490770	2
CP142610.1	490770	490801	3
CP142610.1	490801	490836	2
CP142610.1	490836	490843	1
CP142610.1	490843	490940	2
CP142610.1	490940	490983	3
CP142610.1	490983	491014	2
CP142610.1	491014	491031	3
CP142610.1	491031	491064	2
CP142610.1	491064	491136	1
CP142610.1	491136	491252	2
CP142610.1	491252	491301	1
CP142610.1	491301	491304	2
CP142610.1	491304	491313	3
CP142610.1	491313	491326	4
CP142610.1	491326	491327	3
CP142610.1	491327	491334	4
CP142610.1	491334	491383	3
CP142610.1	491383	491460	2
CP142610.1	491460	491480	1
CP142610.1	491480	491612	0
CP142610.1	491612	491685	1
CP142610.1	491685	491703	0
CP142610.1	491703	491715	1
CP142610.1	491715	491729	2
CP142610.1	491729	491730	1
CP142610.1	491730	491744	2
CP142610.1	491744	491746	1
CP142610.1	491746	491768	2
CP142610.1	491768	491922	1
CP142610.1	491922	491943	2
CP142610.1	491943	491987	3
CP142610.1	491987	491991	2
CP142610.1	491991	492007	3
CP142610.1	492007	492008	1
CP142610.1	492008	492022	2
CP142610.1	492022	492027	3
CP142610.1	492027	492053	2
CP142610.1	492053	492107	3
CP142610.1	492107	492122	2
CP142610.1	492122	492159	1
CP142610.1	492159	492178	2
CP142610.1	492178	492196	3
CP142610.1	492196	492218	4
CP142610.1	492218	492219	3
CP142610.1	492219	492282	4
CP142610.1	492282	492385	3
CP142610.1	492385	492388	4
CP142610.1	492388	492435	3
CP142610.1	492435	492436	2
CP142610.1	492436	492564	1
CP142610.1	492564	492565	0
CP142610.1	492565	492629	1
CP142610.1	492629	492701	2
CP142610.1	492701	492702	1
CP142610.1	492702	492721	2
CP142610.1	492721	492722	1
CP142610.1	492722	492750	2
CP142610.1	492750	492758	3
CP142610.1	492758	492775	2
CP142610.1	492775	492825	3
CP142610.1	492825	492840	2
CP142610.1	492840	492845	1
CP142610.1	492845	492861	2
CP142610.1	492861	492949	1
CP142610.1	492949	492978	2
CP142610.1	492978	493058	3
CP142610.1	493058	493060	2
CP142610.1	493060	493084	3
CP142610.1	493084	493085	2
CP142610.1	493085	493086	1
CP142610.1	493086	493105	2
CP142610.1	493105	493110	3
CP142610.1	493110	493121	2
CP142610.1	493121	493178	1
CP142610.1	493178	493179	0
CP142610.1	493179	493265	1
CP142610.1	493265	493304	0
CP142610.1	493304	493317	1
CP142610.1	493317	493384	2
CP142610.1	493384	493385	1
CP142610.1	493385	493404	2
CP142610.1	493404	493457	3
CP142610.1	493457	493497	2
CP142610.1	493497	493501	1
CP142610.1	493501	493573	2
CP142610.1	493573	493727	1
CP142610.1	493727	493766	0
CP142610.1	493766	493791	1
CP142610.1	493791	493809	2
CP142610.1	493809	493814	1
CP142610.1	493814	493875	2
CP142610.1	493875	493893	3
CP142610.1	493893	493900	2
CP142610.1	493900	493913	3
CP142610.1	493913	493919	4
CP142610.1	493919	493920	2
CP142610.1	493920	493926	3
CP142610.1	493926	493974	2
CP142610.1	493974	493977	1
CP142610.1	493977	493978	2
CP142610.1	493978	494016	1
CP142610.1	494016	494033	2
CP142610.1	494033	494167	1
CP142610.1	494167	494264	2
CP142610.1	494264	494265	1
CP142610.1	494265	494277	2
CP142610.1	494277	494342	1
CP142610.1	494342	494497	0
CP142610.1	494497	494539	1
CP142610.1	494539	494557	2
CP142610.1	494557	494583	3
CP142610.1	494583	494634	4
CP142610.1	494634	494639	3
CP142610.1	494639	494643	4
CP142610.1	494643	494674	3
CP142610.1	494674	494748	2
CP142610.1	494748	494771	1
CP142610.1	494771	494821	2
CP142610.1	494821	494845	1
CP142610.1	494845	494846	0
CP142610.1	494846	494882	1
CP142610.1	494882	494962	0
CP142610.1	494962	495099	1
CP142610.1	495099	495113	0
CP142610.1	495113	495140	1
CP142610.1	495140	495186	2
CP142610.1	495186	495287	1
CP142610.1	495287	495288	0
CP142610.1	495288	495321	1
CP142610.1	495321	495347	2
CP142610.1	495347	495393	1
CP142610.1	495393	495452	2
CP142610.1	495452	495474	1
CP142610.1	495474	495563	2
CP142610.1	495563	495581	1
CP142610.1	495581	495582	0
CP142610.1	495582	495609	1
CP142610.1	495609	495632	2
CP142610.1	495632	495633	1
CP142610.1	495633	495635	2
CP142610.1	495635	495708	1
CP142610.1	495708	495765	2
CP142610.1	495765	495831	1
CP142610.1	495831	496004	2
CP142610.1	496004	496047	1
CP142610.1	496047	496058	0
CP142610.1	496058	496076	1
CP142610.1	496076	496152	2
CP142610.1	496152	496157	3
CP142610.1	496157	496215	2
CP142610.1	496215	496226	1
CP142610.1	496226	496245	2
CP142610.1	496245	496278	1
CP142610.1	496278	496412	2
CP142610.1	496412	496453	1
CP142610.1	496453	496467	2
CP142610.1	496467	496501	3
CP142610.1	496501	496509	2
CP142610.1	496509	496581	1
CP142610.1	496581	496583	0
CP142610.1	496583	496604	1
CP142610.1	496604	496794	0
CP142610.1	496794	496950	1
CP142610.1	496950	497145	0
CP142610.1	497145	497226	1
CP142610.1	497226	497230	2
CP142610.1	497230	497249	1
CP142610.1	497249	497254	3
CP142610.1	497254	497261	2
CP142610.1	497261	497282	3
CP142610.1	497282	497309	4
CP142610.1	497309	497390	3
CP142610.1	497390	497411	4
CP142610.1	497411	497427	5
CP142610.1	497427	497452	4
CP142610.1	497452	497453	3
CP142610.1	497453	497469	4
CP142610.1	497469	497497	3
CP142610.1	497497	497505	2
CP142610.1	497505	497635	1
CP142610.1	497635	497709	2
CP142610.1	497709	497729	3
CP142610.1	497729	497730	2
CP142610.1	497730	497746	3
CP142610.1	497746	497769	2
CP142610.1	497769	497770	1
CP142610.1	497770	497791	2
CP142610.1	497791	497818	3
CP142610.1	497818	497819	2
CP142610.1	497819	497868	3
CP142610.1	497868	497892	2
CP142610.1	497892	497897	1
CP142610.1	497897	497973	0
CP142610.1	497973	498111	1
CP142610.1	498111	498121	0
CP142610.1	498121	498181	1
CP142610.1	498181	498200	2
CP142610.1	498200	498253	1
CP142610.1	498253	498706	0
CP142610.1	498706	498743	1
CP142610.1	498743	498746	0
CP142610.1	498746	498753	1
CP142610.1	498753	498756	2
CP142610.1	498756	498791	3
CP142610.1	498791	498915	4
CP142610.1	498915	498921	3
CP142610.1	498921	498922	2
CP142610.1	498922	498935	1
CP142610.1	498935	498967	2
CP142610.1	498967	499057	1
CP142610.1	499057	499060	0
CP142610.1	499060	499088	1
CP142610.1	499088	499105	0
CP142610.1	499105	499180	1
CP142610.1	499180	499212	2
CP142610.1	499212	499230	3
CP142610.1	499230	499241	2
CP142610.1	499241	499274	1
CP142610.1	499274	499318	0
CP142610.1	499318	499341	1
CP142610.1	499341	499382	2
CP142610.1	499382	499445	3
CP142610.1	499445	499491	2
CP142610.1	499491	499500	1
CP142610.1	499500	499667	0
CP142610.1	499667	499711	1
CP142610.1	499711	499712	0
CP142610.1	499712	499732	1
CP142610.1	499732	499922	0
CP142610.1	499922	499985	1
CP142610.1	499985	500018	2
CP142610.1	500018	500066	1
CP142610.1	500066	500122	2
CP142610.1	500122	500133	3
CP142610.1	500133	500215	2
CP142610.1	500215	500216	1
CP142610.1	500216	500219	2
CP142610.1	500219	500238	1
CP142610.1	500238	500263	2
CP142610.1	500263	500264	1
CP142610.1	500264	500303	2
CP142610.1	500303	500304	1
CP142610.1	500304	500342	2
CP142610.1	500342	500346	1
CP142610.1	500346	500352	2
CP142610.1	500352	500375	1
CP142610.1	500375	500378	0
CP142610.1	500378	500421	1
CP142610.1	500421	500468	2
CP142610.1	500468	500489	1
CP142610.1	500489	500502	2
CP142610.1	500502	500503	1
CP142610.1	500503	500571	2
CP142610.1	500571	500579	3
CP142610.1	500579	500600	2
CP142610.1	500600	500623	1
CP142610.1	500623	500624	0
CP142610.1	500624	500710	1
CP142610.1	500710	500711	0
CP142610.1	500711	500751	1
CP142610.1	500751	500762	0
CP142610.1	500762	500885	1
CP142610.1	500885	501081	0
CP142610.1	501081	501222	1
CP142610.1	501222	501311	0
CP142610.1	501311	501390	1
CP142610.1	501390	501423	0
CP142610.1	501423	501561	1
CP142610.1	501561	501565	2
CP142610.1	501565	501568	1
CP142610.1	501568	501636	2
CP142610.1	501636	501649	1
CP142610.1	501649	501673	2
CP142610.1	501673	501675	1
CP142610.1	501675	501699	2
CP142610.1	501699	501853	1
CP142610.1	501853	501858	2
CP142610.1	501858	501951	1
CP142610.1	501951	501978	3
CP142610.1	501978	501979	2
CP142610.1	501979	502013	3
CP142610.1	502013	502051	4
CP142610.1	502051	502061	3
CP142610.1	502061	502087	2
CP142610.1	502087	502088	0
CP142610.1	502088	502124	1
CP142610.1	502124	502218	0
CP142610.1	502218	502278	1
CP142610.1	502278	502333	0
CP142610.1	502333	502363	1
CP142610.1	502363	502364	0
CP142610.1	502364	502368	1
CP142610.1	502368	502407	2
CP142610.1	502407	502434	1
CP142610.1	502434	502497	2
CP142610.1	502497	502604	1
CP142610.1	502604	502640	2
CP142610.1	502640	502736	1
CP142610.1	502736	502743	2
CP142610.1	502743	502746	1
CP142610.1	502746	502753	2
CP142610.1	502753	502757	1
CP142610.1	502757	502802	2
CP142610.1	502802	502823	1
CP142610.1	502823	502930	0
CP142610.1	502930	503197	1
CP142610.1	503197	503224	0
CP142610.1	503224	503351	1
CP142610.1	503351	503442	0
CP142610.1	503442	503473	1
CP142610.1	503473	503474	0
CP142610.1	503474	503497	1
CP142610.1	503497	503499	2
CP142610.1	503499	503530	3
CP142610.1	503530	503531	2
CP142610.1	503531	503561	3
CP142610.1	503561	503578	4
CP142610.1	503578	503666	3
CP142610.1	503666	503704	4
CP142610.1	503704	503713	3
CP142610.1	503713	503752	2
CP142610.1	503752	503787	1
CP142610.1	503787	503830	2
CP142610.1	503830	503879	3
CP142610.1	503879	503929	2
CP142610.1	503929	504043	1
CP142610.1	504043	504599	0
CP142610.1	504599	504693	1
CP142610.1	504693	504694	0
CP142610.1	504694	504788	1
CP142610.1	504788	504793	0
CP142610.1	504793	504849	1
CP142610.1	504849	504850	0
CP142610.1	504850	504903	1
CP142610.1	504903	505489	0
CP142610.1	505489	505522	1
CP142610.1	505522	505572	2
CP142610.1	505572	505586	1
CP142610.1	505586	505654	2
CP142610.1	505654	505669	1
CP142610.1	505669	505670	0
CP142610.1	505670	505676	1
CP142610.1	505676	505693	2
CP142610.1	505693	505697	3
CP142610.1	505697	505702	2
CP142610.1	505702	505703	1
CP142610.1	505703	505780	2
CP142610.1	505780	505882	1
CP142610.1	505882	505892	2
CP142610.1	505892	505906	3
CP142610.1	505906	505907	2
CP142610.1	505907	505939	3
CP142610.1	505939	505971	2
CP142610.1	505971	506106	1
CP142610.1	506106	506277	0
CP142610.1	506277	506487	1
CP142610.1	506487	506546	2
CP142610.1	506546	506587	1
CP142610.1	506587	506626	0
CP142610.1	506626	506749	1
CP142610.1	506749	506772	2
CP142610.1	506772	506868	1
CP142610.1	506868	506963	0
CP142610.1	506963	507009	1
CP142610.1	507009	507165	2
CP142610.1	507165	507174	3
CP142610.1	507174	507175	2
CP142610.1	507175	507271	3
CP142610.1	507271	507302	2
CP142610.1	507302	507326	1
CP142610.1	507326	507339	0
CP142610.1	507339	507386	1
CP142610.1	507386	507397	2
CP142610.1	507397	507425	1
CP142610.1	507425	507478	2
CP142610.1	507478	507546	1
CP142610.1	507546	507710	0
CP142610.1	507710	507824	1
CP142610.1	507824	507980	0
CP142610.1	507980	508061	1
CP142610.1	508061	508077	2
CP142610.1	508077	508078	1
CP142610.1	508078	508138	2
CP142610.1	508138	508141	0
CP142610.1	508141	508144	2
CP142610.1	508144	508212	3
CP142610.1	508212	508221	2
CP142610.1	508221	508223	1
CP142610.1	508223	508256	2
CP142610.1	508256	508296	1
CP142610.1	508296	508367	2
CP142610.1	508367	508433	1
CP142610.1	508433	508443	2
CP142610.1	508443	508463	3
CP142610.1	508463	508464	2
CP142610.1	508464	508478	3
CP142610.1	508478	508479	2
CP142610.1	508479	508487	3
CP142610.1	508487	508490	2
CP142610.1	508490	508541	3
CP142610.1	508541	508546	2
CP142610.1	508546	508547	1
CP142610.1	508547	508552	2
CP142610.1	508552	508554	1
CP142610.1	508554	508577	2
CP142610.1	508577	508582	1
CP142610.1	508582	508586	2
CP142610.1	508586	508632	3
CP142610.1	508632	508646	4
CP142610.1	508646	508708	3
CP142610.1	508708	508730	4
CP142610.1	508730	508735	3
CP142610.1	508735	508752	4
CP142610.1	508752	508763	5
CP142610.1	508763	508770	4
CP142610.1	508770	508773	3
CP142610.1	508773	508788	4
CP142610.1	508788	508790	3
CP142610.1	508790	508791	2
CP142610.1	508791	508795	3
CP142610.1	508795	508796	1
CP142610.1	508796	508814	3
CP142610.1	508814	508827	4
CP142610.1	508827	508857	3
CP142610.1	508857	508868	2
CP142610.1	508868	508880	3
CP142610.1	508880	508962	4
CP142610.1	508962	508972	3
CP142610.1	508972	509035	2
CP142610.1	509035	509145	1
CP142610.1	509145	509218	2
CP142610.1	509218	509262	1
CP142610.1	509262	509264	0
CP142610.1	509264	509370	1
CP142610.1	509370	509422	2
CP142610.1	509422	509452	3
CP142610.1	509452	509502	4
CP142610.1	509502	509503	3
CP142610.1	509503	509519	4
CP142610.1	509519	509545	3
CP142610.1	509545	509576	2
CP142610.1	509576	509585	3
CP142610.1	509585	509626	2
CP142610.1	509626	509628	1
CP142610.1	509628	509637	2
CP142610.1	509637	509643	1
CP142610.1	509643	509690	2
CP142610.1	509690	509692	1
CP142610.1	509692	509758	2
CP142610.1	509758	509817	3
CP142610.1	509817	509852	2
CP142610.1	509852	509870	1
CP142610.1	509870	509871	2
CP142610.1	509871	509915	3
CP142610.1	509915	509970	2
CP142610.1	509970	510016	3
CP142610.1	510016	510039	2
CP142610.1	510039	510040	1
CP142610.1	510040	510084	2
CP142610.1	510084	510085	1
CP142610.1	510085	510196	2
CP142610.1	510196	510226	1
CP142610.1	510226	510259	2
CP142610.1	510259	510322	1
CP142610.1	510322	510418	0
CP142610.1	510418	510435	1
CP142610.1	510435	510472	2
CP142610.1	510472	510473	1
CP142610.1	510473	510481	2
CP142610.1	510481	510501	3
CP142610.1	510501	510539	2
CP142610.1	510539	510546	3
CP142610.1	510546	510552	4
CP142610.1	510552	510587	3
CP142610.1	510587	510594	4
CP142610.1	510594	510601	3
CP142610.1	510601	510636	2
CP142610.1	510636	510656	3
CP142610.1	510656	510659	2
CP142610.1	510659	510663	3
CP142610.1	510663	510667	1
CP142610.1	510667	510705	2
CP142610.1	510705	510711	3
CP142610.1	510711	510714	2
CP142610.1	510714	510745	3
CP142610.1	510745	510746	2
CP142610.1	510746	510792	3
CP142610.1	510792	510803	4
CP142610.1	510803	510830	3
CP142610.1	510830	510854	4
CP142610.1	510854	510855	2
CP142610.1	510855	510870	3
CP142610.1	510870	510891	2
CP142610.1	510891	510893	1
CP142610.1	510893	510894	2
CP142610.1	510894	510895	1
CP142610.1	510895	510917	2
CP142610.1	510917	511004	1
CP142610.1	511004	511021	0
CP142610.1	511021	511171	1
CP142610.1	511171	511180	0
CP142610.1	511180	511226	1
CP142610.1	511226	511265	2
CP142610.1	511265	511292	3
CP142610.1	511292	511294	2
CP142610.1	511294	511296	3
CP142610.1	511296	511298	1
CP142610.1	511298	511321	3
CP142610.1	511321	511322	0
CP142610.1	511322	511338	3
CP142610.1	511338	511339	2
CP142610.1	511339	511381	3
CP142610.1	511381	511401	2
CP142610.1	511401	511404	0
CP142610.1	511404	511425	2
CP142610.1	511425	511434	1
CP142610.1	511434	511464	2
CP142610.1	511464	511619	1
CP142610.1	511619	511642	2
CP142610.1	511642	511643	1
CP142610.1	511643	511703	2
CP142610.1	511703	511705	1
CP142610.1	511705	511715	2
CP142610.1	511715	511726	3
CP142610.1	511726	511728	2
CP142610.1	511728	511778	3
CP142610.1	511778	511779	0
CP142610.1	511779	511794	3
CP142610.1	511794	511796	1
CP142610.1	511796	511798	2
CP142610.1	511798	511838	3
CP142610.1	511838	511863	2
CP142610.1	511863	511879	1
CP142610.1	511879	511910	2
CP142610.1	511910	511928	1
CP142610.1	511928	511929	0
CP142610.1	511929	511959	1
CP142610.1	511959	511999	2
CP142610.1	511999	512067	1
CP142610.1	512067	512088	2
CP142610.1	512088	512091	1
CP142610.1	512091	512144	2
CP142610.1	512144	512197	1
CP142610.1	512197	512307	0
CP142610.1	512307	512308	1
CP142610.1	512308	512361	2
CP142610.1	512361	512366	1
CP142610.1	512366	512536	0
CP142610.1	512536	512758	1
CP142610.1	512758	512920	0
CP142610.1	512920	513051	1
CP142610.1	513051	513110	0
CP142610.1	513110	513231	1
CP142610.1	513231	513233	0
CP142610.1	513233	513274	1
CP142610.1	513274	513333	0
CP142610.1	513333	513363	1
CP142610.1	513363	513367	2
CP142610.1	513367	513401	3
CP142610.1	513401	513402	2
CP142610.1	513402	513441	1
CP142610.1	513441	513471	2
CP142610.1	513471	513487	3
CP142610.1	513487	513497	4
CP142610.1	513497	513499	3
CP142610.1	513499	513520	4
CP142610.1	513520	513573	3
CP142610.1	513573	513602	2
CP142610.1	513602	513603	1
CP142610.1	513603	513611	2
CP142610.1	513611	513624	3
CP142610.1	513624	513625	1
CP142610.1	513625	513627	2
CP142610.1	513627	513633	3
CP142610.1	513633	513644	2
CP142610.1	513644	513645	1
CP142610.1	513645	513655	2
CP142610.1	513655	513785	3
CP142610.1	513785	513788	2
CP142610.1	513788	513895	1
CP142610.1	513895	513906	0
CP142610.1	513906	513919	1
CP142610.1	513919	513950	2
CP142610.1	513950	513951	1
CP142610.1	513951	514013	2
CP142610.1	514013	514014	1
CP142610.1	514014	514017	2
CP142610.1	514017	514032	1
CP142610.1	514032	514041	2
CP142610.1	514041	514086	1
CP142610.1	514086	514087	2
CP142610.1	514087	514089	3
CP142610.1	514089	514105	2
CP142610.1	514105	514162	3
CP142610.1	514162	514165	2
CP142610.1	514165	514201	3
CP142610.1	514201	514216	2
CP142610.1	514216	514269	3
CP142610.1	514269	514286	2
CP142610.1	514286	514354	3
CP142610.1	514354	514434	4
CP142610.1	514434	514460	5
CP142610.1	514460	514461	4
CP142610.1	514461	514496	5
CP142610.1	514496	514500	4
CP142610.1	514500	514523	5
CP142610.1	514523	514542	4
CP142610.1	514542	514546	3
CP142610.1	514546	514551	4
CP142610.1	514551	514562	3
CP142610.1	514562	514684	2
CP142610.1	514684	514748	3
CP142610.1	514748	514751	4
CP142610.1	514751	514773	3
CP142610.1	514773	514780	4
CP142610.1	514780	514781	3
CP142610.1	514781	514834	4
CP142610.1	514834	514849	3
CP142610.1	514849	514885	4
CP142610.1	514885	514886	3
CP142610.1	514886	514921	4
CP142610.1	514921	514923	3
CP142610.1	514923	514927	4
CP142610.1	514927	514939	5
CP142610.1	514939	514945	4
CP142610.1	514945	514978	3
CP142610.1	514978	515051	2
CP142610.1	515051	515084	1
CP142610.1	515084	515095	2
CP142610.1	515095	515155	3
CP142610.1	515155	515166	2
CP142610.1	515166	515167	1
CP142610.1	515167	515181	2
CP142610.1	515181	515204	3
CP142610.1	515204	515261	2
CP142610.1	515261	515279	1
CP142610.1	515279	515324	2
CP142610.1	515324	515333	1
CP142610.1	515333	515523	0
CP142610.1	515523	515605	1
CP142610.1	515605	515606	0
CP142610.1	515606	515675	1
CP142610.1	515675	515682	0
CP142610.1	515682	515743	1
CP142610.1	515743	515757	0
CP142610.1	515757	515895	1
CP142610.1	515895	515912	2
CP142610.1	515912	515933	3
CP142610.1	515933	515989	4
CP142610.1	515989	516001	3
CP142610.1	516001	516010	4
CP142610.1	516010	516019	5
CP142610.1	516019	516025	4
CP142610.1	516025	516063	3
CP142610.1	516063	516101	2
CP142610.1	516101	516128	1
CP142610.1	516128	516135	2
CP142610.1	516135	516228	3
CP142610.1	516228	516229	2
CP142610.1	516229	516231	1
CP142610.1	516231	516232	2
CP142610.1	516232	516240	3
CP142610.1	516240	516243	4
CP142610.1	516243	516246	3
CP142610.1	516246	516331	2
CP142610.1	516331	516408	1
CP142610.1	516408	516465	2
CP142610.1	516465	516466	1
CP142610.1	516466	516558	2
CP142610.1	516558	516588	1
CP142610.1	516588	516602	0
CP142610.1	516602	516712	1
CP142610.1	516712	516931	0
CP142610.1	516931	516958	1
CP142610.1	516958	516959	0
CP142610.1	516959	516995	1
CP142610.1	516995	516997	0
CP142610.1	516997	517167	1
CP142610.1	517167	517201	2
CP142610.1	517201	517311	1
CP142610.1	517311	517359	2
CP142610.1	517359	517439	1
CP142610.1	517439	517507	2
CP142610.1	517507	517516	3
CP142610.1	517516	517540	2
CP142610.1	517540	517590	1
CP142610.1	517590	517682	2
CP142610.1	517682	517957	1
CP142610.1	517957	517969	2
CP142610.1	517969	518069	1
CP142610.1	518069	518070	0
CP142610.1	518070	518075	1
CP142610.1	518075	518154	0
CP142610.1	518154	518177	1
CP142610.1	518177	518189	2
CP142610.1	518189	518213	3
CP142610.1	518213	518247	4
CP142610.1	518247	518248	5
CP142610.1	518248	518300	4
CP142610.1	518300	518304	3
CP142610.1	518304	518368	2
CP142610.1	518368	518433	1
CP142610.1	518433	518435	2
CP142610.1	518435	518440	1
CP142610.1	518440	518491	2
CP142610.1	518491	518514	1
CP142610.1	518514	518538	2
CP142610.1	518538	518597	1
CP142610.1	518597	518686	2
CP142610.1	518686	518687	1
CP142610.1	518687	518700	2
CP142610.1	518700	518705	3
CP142610.1	518705	518710	2
CP142610.1	518710	518767	3
CP142610.1	518767	518811	2
CP142610.1	518811	518813	1
CP142610.1	518813	518957	0
CP142610.1	518957	519064	1
CP142610.1	519064	519088	2
CP142610.1	519088	519089	1
CP142610.1	519089	519092	2
CP142610.1	519092	519102	3
CP142610.1	519102	519182	2
CP142610.1	519182	519332	1
CP142610.1	519332	519383	0
CP142610.1	519383	519433	1
CP142610.1	519433	519434	0
CP142610.1	519434	519566	1
CP142610.1	519566	519597	2
CP142610.1	519597	519599	1
CP142610.1	519599	519600	2
CP142610.1	519600	519643	1
CP142610.1	519643	519645	2
CP142610.1	519645	519695	3
CP142610.1	519695	519696	2
CP142610.1	519696	519721	3
CP142610.1	519721	519740	2
CP142610.1	519740	519758	1
CP142610.1	519758	519762	0
CP142610.1	519762	519763	1
CP142610.1	519763	519778	2
CP142610.1	519778	519779	0
CP142610.1	519779	519813	1
CP142610.1	519813	519865	2
CP142610.1	519865	519938	1
CP142610.1	519938	520017	0
CP142610.1	520017	520032	1
CP142610.1	520032	520099	2
CP142610.1	520099	520100	1
CP142610.1	520100	520114	2
CP142610.1	520114	520134	1
CP142610.1	520134	520219	2
CP142610.1	520219	520221	1
CP142610.1	520221	520240	2
CP142610.1	520240	520241	1
CP142610.1	520241	520246	2
CP142610.1	520246	520277	1
CP142610.1	520277	520421	2
CP142610.1	520421	520422	1
CP142610.1	520422	520451	2
CP142610.1	520451	520467	1
CP142610.1	520467	520492	2
CP142610.1	520492	520513	1
CP142610.1	520513	520523	2
CP142610.1	520523	520524	1
CP142610.1	520524	520555	2
CP142610.1	520555	520701	1
CP142610.1	520701	520717	0
CP142610.1	520717	520781	1
CP142610.1	520781	520861	2
CP142610.1	520861	520954	1
CP142610.1	520954	521034	0
CP142610.1	521034	521037	1
CP142610.1	521037	521038	0
CP142610.1	521038	521093	1
CP142610.1	521093	521100	2
CP142610.1	521100	521109	3
CP142610.1	521109	521112	2
CP142610.1	521112	521136	3
CP142610.1	521136	521335	2
CP142610.1	521335	521373	1
CP142610.1	521373	521399	2
CP142610.1	521399	521420	1
CP142610.1	521420	521533	0
CP142610.1	521533	521563	1
CP142610.1	521563	521611	2
CP142610.1	521611	521623	3
CP142610.1	521623	521686	2
CP142610.1	521686	521688	1
CP142610.1	521688	521701	2
CP142610.1	521701	521761	3
CP142610.1	521761	521800	2
CP142610.1	521800	521828	1
CP142610.1	521828	522012	0
CP142610.1	522012	522021	1
CP142610.1	522021	522094	2
CP142610.1	522094	522289	1
CP142610.1	522289	522332	0
CP142610.1	522332	522446	1
CP142610.1	522446	522470	2
CP142610.1	522470	522471	1
CP142610.1	522471	522520	2
CP142610.1	522520	522540	1
CP142610.1	522540	523093	0
CP142610.1	523093	523195	1
CP142610.1	523195	523293	0
CP142610.1	523293	523393	1
CP142610.1	523393	523414	2
CP142610.1	523414	523589	1
CP142610.1	523589	523678	0
CP142610.1	523678	523854	1
CP142610.1	523854	523987	2
CP142610.1	523987	524132	1
CP142610.1	524132	524377	0
CP142610.1	524377	524429	1
CP142610.1	524429	524460	2
CP142610.1	524460	524488	1
CP142610.1	524488	524604	2
CP142610.1	524604	524694	1
CP142610.1	524694	524699	2
CP142610.1	524699	524718	3
CP142610.1	524718	524721	2
CP142610.1	524721	524783	3
CP142610.1	524783	524818	2
CP142610.1	524818	524821	1
CP142610.1	524821	524856	2
CP142610.1	524856	524886	1
CP142610.1	524886	524943	0
CP142610.1	524943	524944	1
CP142610.1	524944	524975	2
CP142610.1	524975	524978	3
CP142610.1	524978	525016	4
CP142610.1	525016	525025	3
CP142610.1	525025	525031	2
CP142610.1	525031	525038	1
CP142610.1	525038	525039	2
CP142610.1	525039	525044	1
CP142610.1	525044	525070	2
CP142610.1	525070	525071	1
CP142610.1	525071	525077	0
CP142610.1	525077	525081	1
CP142610.1	525081	525083	0
CP142610.1	525083	525164	1
CP142610.1	525164	525271	0
CP142610.1	525271	525326	1
CP142610.1	525326	525365	2
CP142610.1	525365	525501	1
CP142610.1	525501	525511	2
CP142610.1	525511	525531	1
CP142610.1	525531	525582	2
CP142610.1	525582	525591	1
CP142610.1	525591	525673	0
CP142610.1	525673	525743	1
CP142610.1	525743	526298	0
CP142610.1	526298	526380	1
CP142610.1	526380	526440	0
CP142610.1	526440	526522	1
CP142610.1	526522	526588	2
CP142610.1	526588	526614	1
CP142610.1	526614	526634	2
CP142610.1	526634	526647	1
CP142610.1	526647	526653	2
CP142610.1	526653	526667	3
CP142610.1	526667	526726	4
CP142610.1	526726	526747	3
CP142610.1	526747	526759	4
CP142610.1	526759	526760	3
CP142610.1	526760	526805	4
CP142610.1	526805	526918	3
CP142610.1	526918	526936	2
CP142610.1	526936	527048	1
CP142610.1	527048	527058	0
CP142610.1	527058	527108	1
CP142610.1	527108	527110	0
CP142610.1	527110	527112	1
CP142610.1	527112	527116	0
CP142610.1	527116	527150	1
CP142610.1	527150	527169	0
CP142610.1	527169	527257	1
CP142610.1	527257	527258	0
CP142610.1	527258	527316	1
CP142610.1	527316	527361	2
CP142610.1	527361	527450	1
CP142610.1	527450	527492	2
CP142610.1	527492	527522	3
CP142610.1	527522	527600	2
CP142610.1	527600	527603	3
CP142610.1	527603	527608	2
CP142610.1	527608	527617	1
CP142610.1	527617	527842	2
CP142610.1	527842	527884	1
CP142610.1	527884	528018	0
CP142610.1	528018	528131	1
CP142610.1	528131	528184	2
CP142610.1	528184	528215	3
CP142610.1	528215	528251	2
CP142610.1	528251	528280	1
CP142610.1	528280	528313	2
CP142610.1	528313	528314	1
CP142610.1	528314	528330	2
CP142610.1	528330	528399	3
CP142610.1	528399	528413	1
CP142610.1	528413	528548	0
CP142610.1	528548	528622	1
CP142610.1	528622	528645	0
CP142610.1	528645	528714	1
CP142610.1	528714	528720	0
CP142610.1	528720	528752	1
CP142610.1	528752	528753	0
CP142610.1	528753	528783	1
CP142610.1	528783	528801	2
CP142610.1	528801	528816	1
CP142610.1	528816	528867	2
CP142610.1	528867	528873	1
CP142610.1	528873	528894	0
CP142610.1	528894	528903	1
CP142610.1	528903	528938	2
CP142610.1	528938	528983	3
CP142610.1	528983	528988	4
CP142610.1	528988	528989	3
CP142610.1	528989	529052	4
CP142610.1	529052	529067	3
CP142610.1	529067	529068	2
CP142610.1	529068	529075	1
CP142610.1	529075	529145	2
CP142610.1	529145	529146	1
CP142610.1	529146	529156	0
CP142610.1	529156	529158	1
CP142610.1	529158	529204	2
CP142610.1	529204	529222	3
CP142610.1	529222	529237	4
CP142610.1	529237	529238	3
CP142610.1	529238	529240	2
CP142610.1	529240	529244	3
CP142610.1	529244	529356	4
CP142610.1	529356	529367	3
CP142610.1	529367	529391	4
CP142610.1	529391	529442	3
CP142610.1	529442	529467	2
CP142610.1	529467	529475	3
CP142610.1	529475	529480	2
CP142610.1	529480	529496	3
CP142610.1	529496	529557	2
CP142610.1	529557	529560	1
CP142610.1	529560	529564	2
CP142610.1	529564	529587	3
CP142610.1	529587	529589	2
CP142610.1	529589	529594	3
CP142610.1	529594	529607	4
CP142610.1	529607	529610	3
CP142610.1	529610	529637	4
CP142610.1	529637	529669	3
CP142610.1	529669	529672	2
CP142610.1	529672	529719	3
CP142610.1	529719	529742	2
CP142610.1	529742	529767	1
CP142610.1	529767	529849	2
CP142610.1	529849	529893	3
CP142610.1	529893	530038	2
CP142610.1	530038	530043	1
CP142610.1	530043	530170	2
CP142610.1	530170	530219	1
CP142610.1	530219	530263	2
CP142610.1	530263	530308	3
CP142610.1	530308	530326	2
CP142610.1	530326	530346	1
CP142610.1	530346	530472	2
CP142610.1	530472	530476	3
CP142610.1	530476	530530	2
CP142610.1	530530	530608	1
CP142610.1	530608	530823	0
CP142610.1	530823	530879	1
CP142610.1	530879	530894	2
CP142610.1	530894	530977	1
CP142610.1	530977	531067	0
CP142610.1	531067	531201	1
CP142610.1	531201	531266	0
CP142610.1	531266	531325	1
CP142610.1	531325	531354	2
CP142610.1	531354	531652	1
CP142610.1	531652	531668	2
CP142610.1	531668	531706	3
CP142610.1	531706	531766	4
CP142610.1	531766	531809	3
CP142610.1	531809	531839	2
CP142610.1	531839	531863	1
CP142610.1	531863	531950	2
CP142610.1	531950	531978	3
CP142610.1	531978	531985	4
CP142610.1	531985	531995	3
CP142610.1	531995	531996	4
CP142610.1	531996	532004	3
CP142610.1	532004	532035	2
CP142610.1	532035	532077	3
CP142610.1	532077	532078	2
CP142610.1	532078	532113	3
CP142610.1	532113	532129	4
CP142610.1	532129	532130	3
CP142610.1	532130	532145	4
CP142610.1	532145	532152	2
CP142610.1	532152	532170	1
CP142610.1	532170	532177	2
CP142610.1	532177	532299	1
CP142610.1	532299	532319	2
CP142610.1	532319	532343	1
CP142610.1	532343	532346	0
CP142610.1	532346	532373	1
CP142610.1	532373	532532	0
CP142610.1	532532	532607	1
CP142610.1	532607	532650	2
CP142610.1	532650	532686	1
CP142610.1	532686	532705	0
CP142610.1	532705	532736	1
CP142610.1	532736	532745	2
CP142610.1	532745	532813	3
CP142610.1	532813	532849	2
CP142610.1	532849	532869	3
CP142610.1	532869	532932	2
CP142610.1	532932	532986	3
CP142610.1	532986	533004	2
CP142610.1	533004	533091	1
CP142610.1	533091	533423	0
CP142610.1	533423	533434	1
CP142610.1	533434	533446	2
CP142610.1	533446	533447	1
CP142610.1	533447	533474	2
CP142610.1	533474	533475	0
CP142610.1	533475	533476	1
CP142610.1	533476	533507	2
CP142610.1	533507	533545	3
CP142610.1	533545	533594	2
CP142610.1	533594	533597	1
CP142610.1	533597	533598	0
CP142610.1	533598	533664	1
CP142610.1	533664	533739	2
CP142610.1	533739	533749	3
CP142610.1	533749	533750	2
CP142610.1	533750	533753	3
CP142610.1	533753	533794	2
CP142610.1	533794	533832	1
CP142610.1	533832	533880	2
CP142610.1	533880	533914	1
CP142610.1	533914	533927	2
CP142610.1	533927	533930	1
CP142610.1	533930	533933	0
CP142610.1	533933	534006	1
CP142610.1	534006	534013	0
CP142610.1	534013	534106	1
CP142610.1	534106	534204	2
CP142610.1	534204	534243	1
CP142610.1	534243	534266	2
CP142610.1	534266	534275	3
CP142610.1	534275	534290	4
CP142610.1	534290	534292	3
CP142610.1	534292	534323	4
CP142610.1	534323	534327	3
CP142610.1	534327	534379	2
CP142610.1	534379	534383	1
CP142610.1	534383	534386	0
CP142610.1	534386	534486	1
CP142610.1	534486	534545	0
CP142610.1	534545	534552	1
CP142610.1	534552	534598	2
CP142610.1	534598	534601	1
CP142610.1	534601	534612	2
CP142610.1	534612	534624	1
CP142610.1	534624	534648	0
CP142610.1	534648	534793	1
CP142610.1	534793	534850	0
CP142610.1	534850	534933	1
CP142610.1	534933	534937	2
CP142610.1	534937	534968	3
CP142610.1	534968	535005	2
CP142610.1	535005	535021	1
CP142610.1	535021	535181	0
CP142610.1	535181	535210	1
CP142610.1	535210	535212	0
CP142610.1	535212	535231	1
CP142610.1	535231	535256	2
CP142610.1	535256	535344	1
CP142610.1	535344	535346	0
CP142610.1	535346	535447	1
CP142610.1	535447	535450	0
CP142610.1	535450	535474	1
CP142610.1	535474	535477	0
CP142610.1	535477	535536	1
CP142610.1	535536	535571	2
CP142610.1	535571	535591	3
CP142610.1	535591	535631	2
CP142610.1	535631	535669	1
CP142610.1	535669	535703	0
CP142610.1	535703	535741	1
CP142610.1	535741	535765	2
CP142610.1	535765	535834	1
CP142610.1	535834	535869	2
CP142610.1	535869	535870	1
CP142610.1	535870	535891	2
CP142610.1	535891	535907	1
CP142610.1	535907	535908	0
CP142610.1	535908	535954	1
CP142610.1	535954	535995	2
CP142610.1	535995	536060	1
CP142610.1	536060	536164	0
CP142610.1	536164	536165	1
CP142610.1	536165	536174	2
CP142610.1	536174	536175	1
CP142610.1	536175	536224	2
CP142610.1	536224	536225	1
CP142610.1	536225	536234	2
CP142610.1	536234	536264	3
CP142610.1	536264	536272	4
CP142610.1	536272	536273	3
CP142610.1	536273	536282	4
CP142610.1	536282	536312	3
CP142610.1	536312	536322	2
CP142610.1	536322	536365	1
CP142610.1	536365	536413	0
CP142610.1	536413	536499	1
CP142610.1	536499	536582	0
CP142610.1	536582	536589	1
CP142610.1	536589	536590	0
CP142610.1	536590	536708	1
CP142610.1	536708	536828	2
CP142610.1	536828	536832	1
CP142610.1	536832	536895	0
CP142610.1	536895	536925	1
CP142610.1	536925	536928	0
CP142610.1	536928	536948	1
CP142610.1	536948	537004	2
CP142610.1	537004	537011	1
CP142610.1	537011	537013	0
CP142610.1	537013	537081	1
CP142610.1	537081	537087	0
CP142610.1	537087	537162	1
CP142610.1	537162	537163	0
CP142610.1	537163	537227	1
CP142610.1	537227	537228	0
CP142610.1	537228	537242	1
CP142610.1	537242	537260	0
CP142610.1	537260	537315	1
CP142610.1	537315	537322	2
CP142610.1	537322	537377	1
CP142610.1	537377	537448	0
CP142610.1	537448	537556	1
CP142610.1	537556	538284	0
CP142610.1	538284	538375	1
CP142610.1	538375	538376	0
CP142610.1	538376	538416	1
CP142610.1	538416	538417	0
CP142610.1	538417	538442	1
CP142610.1	538442	538445	2
CP142610.1	538445	538446	1
CP142610.1	538446	538500	2
CP142610.1	538500	538525	1
CP142610.1	538525	538554	2
CP142610.1	538554	538572	1
CP142610.1	538572	538603	2
CP142610.1	538603	538727	1
CP142610.1	538727	538728	0
CP142610.1	538728	538807	1
CP142610.1	538807	538811	0
CP142610.1	538811	538857	1
CP142610.1	538857	538872	0
CP142610.1	538872	538917	1
CP142610.1	538917	538930	2
CP142610.1	538930	538937	1
CP142610.1	538937	538970	2
CP142610.1	538970	539043	1
CP142610.1	539043	539044	0
CP142610.1	539044	539130	1
CP142610.1	539130	539131	0
CP142610.1	539131	539190	1
CP142610.1	539190	539283	0
CP142610.1	539283	539293	1
CP142610.1	539293	539316	2
CP142610.1	539316	539327	1
CP142610.1	539327	539328	0
CP142610.1	539328	539359	1
CP142610.1	539359	539408	0
CP142610.1	539408	539453	1
CP142610.1	539453	539454	0
CP142610.1	539454	539490	1
CP142610.1	539490	539523	2
CP142610.1	539523	539546	3
CP142610.1	539546	539567	2
CP142610.1	539567	539595	1
CP142610.1	539595	539596	0
CP142610.1	539596	539664	1
CP142610.1	539664	539717	2
CP142610.1	539717	539756	1
CP142610.1	539756	539757	0
CP142610.1	539757	539862	1
CP142610.1	539862	539946	0
CP142610.1	539946	540060	1
CP142610.1	540060	540066	0
CP142610.1	540066	540277	1
CP142610.1	540277	540293	2
CP142610.1	540293	540346	1
CP142610.1	540346	540348	0
CP142610.1	540348	540497	1
CP142610.1	540497	540498	0
CP142610.1	540498	540514	1
CP142610.1	540514	540634	0
CP142610.1	540634	540719	1
CP142610.1	540719	540812	0
CP142610.1	540812	540830	1
CP142610.1	540830	540963	2
CP142610.1	540963	540990	1
CP142610.1	540990	540992	0
CP142610.1	540992	541062	1
CP142610.1	541062	541179	0
CP142610.1	541179	541192	1
CP142610.1	541192	541201	2
CP142610.1	541201	541202	1
CP142610.1	541202	541312	2
CP142610.1	541312	541418	3
CP142610.1	541418	541453	2
CP142610.1	541453	541467	1
CP142610.1	541467	541494	0
CP142610.1	541494	541526	1
CP142610.1	541526	541557	2
CP142610.1	541557	541616	1
CP142610.1	541616	541642	2
CP142610.1	541642	541678	3
CP142610.1	541678	541679	2
CP142610.1	541679	541685	3
CP142610.1	541685	541687	2
CP142610.1	541687	541774	3
CP142610.1	541774	541776	4
CP142610.1	541776	541778	3
CP142610.1	541778	541779	1
CP142610.1	541779	541780	3
CP142610.1	541780	541829	4
CP142610.1	541829	541844	5
CP142610.1	541844	541852	4
CP142610.1	541852	541853	3
CP142610.1	541853	541865	4
CP142610.1	541865	541868	3
CP142610.1	541868	541936	2
CP142610.1	541936	542081	1
CP142610.1	542081	542164	2
CP142610.1	542164	542184	1
CP142610.1	542184	542213	2
CP142610.1	542213	542215	3
CP142610.1	542215	542227	4
CP142610.1	542227	542269	3
CP142610.1	542269	542278	4
CP142610.1	542278	542279	3
CP142610.1	542279	542329	4
CP142610.1	542329	542368	3
CP142610.1	542368	542404	2
CP142610.1	542404	542497	1
CP142610.1	542497	542597	2
CP142610.1	542597	542691	1
CP142610.1	542691	542713	2
CP142610.1	542713	542723	1
CP142610.1	542723	542764	2
CP142610.1	542764	542792	1
CP142610.1	542792	542837	2
CP142610.1	542837	542888	3
CP142610.1	542888	542912	2
CP142610.1	542912	542913	1
CP142610.1	542913	542928	2
CP142610.1	542928	542966	3
CP142610.1	542966	542970	2
CP142610.1	542970	542984	3
CP142610.1	542984	542987	2
CP142610.1	542987	542995	3
CP142610.1	542995	542997	2
CP142610.1	542997	543050	3
CP142610.1	543050	543071	4
CP142610.1	543071	543075	3
CP142610.1	543075	543076	2
CP142610.1	543076	543132	3
CP142610.1	543132	543138	2
CP142610.1	543138	543179	1
CP142610.1	543179	543269	0
CP142610.1	543269	543329	1
CP142610.1	543329	543478	2
CP142610.1	543478	543560	1
CP142610.1	543560	543561	0
CP142610.1	543561	543724	1
CP142610.1	543724	543804	2
CP142610.1	543804	543819	1
CP142610.1	543819	543826	0
CP142610.1	543826	543892	1
CP142610.1	543892	543932	2
CP142610.1	543932	543938	3
CP142610.1	543938	543958	2
CP142610.1	543958	544056	1
CP142610.1	544056	544080	2
CP142610.1	544080	544089	3
CP142610.1	544089	544095	2
CP142610.1	544095	544173	3
CP142610.1	544173	544174	2
CP142610.1	544174	544190	3
CP142610.1	544190	544218	4
CP142610.1	544218	544224	2
CP142610.1	544224	544250	3
CP142610.1	544250	544253	2
CP142610.1	544253	544302	1
CP142610.1	544302	544464	0
CP142610.1	544464	544495	1
CP142610.1	544495	544498	0
CP142610.1	544498	544615	1
CP142610.1	544615	544639	2
CP142610.1	544639	544640	1
CP142610.1	544640	544667	2
CP142610.1	544667	544668	1
CP142610.1	544668	544716	2
CP142610.1	544716	544717	1
CP142610.1	544717	544744	2
CP142610.1	544744	544748	1
CP142610.1	544748	544771	0
CP142610.1	544771	544807	1
CP142610.1	544807	544937	0
CP142610.1	544937	545061	1
CP142610.1	545061	545441	0
CP142610.1	545441	545517	1
CP142610.1	545517	545518	0
CP142610.1	545518	545564	1
CP142610.1	545564	545566	2
CP142610.1	545566	545568	1
CP142610.1	545568	545585	2
CP142610.1	545585	545742	1
CP142610.1	545742	545754	0
CP142610.1	545754	545757	1
CP142610.1	545757	545758	0
CP142610.1	545758	545805	1
CP142610.1	545805	545821	0
CP142610.1	545821	545979	1
CP142610.1	545979	546041	0
CP142610.1	546041	546111	1
CP142610.1	546111	546183	2
CP142610.1	546183	546185	1
CP142610.1	546185	546256	2
CP142610.1	546256	546278	3
CP142610.1	546278	546308	2
CP142610.1	546308	546311	1
CP142610.1	546311	546336	0
CP142610.1	546336	546395	1
CP142610.1	546395	546589	0
CP142610.1	546589	546600	1
CP142610.1	546600	546653	2
CP142610.1	546653	546654	1
CP142610.1	546654	546720	2
CP142610.1	546720	546850	1
CP142610.1	546850	546851	0
CP142610.1	546851	547018	1
CP142610.1	547018	547062	0
CP142610.1	547062	547113	1
CP142610.1	547113	547170	2
CP142610.1	547170	547171	1
CP142610.1	547171	547190	2
CP142610.1	547190	547193	1
CP142610.1	547193	547194	0
CP142610.1	547194	547247	1
CP142610.1	547247	547288	2
CP142610.1	547288	547289	3
CP142610.1	547289	547337	2
CP142610.1	547337	547384	1
CP142610.1	547384	547408	2
CP142610.1	547408	547409	1
CP142610.1	547409	547416	2
CP142610.1	547416	547418	1
CP142610.1	547418	547456	3
CP142610.1	547456	547481	4
CP142610.1	547481	547489	3
CP142610.1	547489	547490	2
CP142610.1	547490	547501	3
CP142610.1	547501	547571	2
CP142610.1	547571	547572	1
CP142610.1	547572	547619	2
CP142610.1	547619	547623	1
CP142610.1	547623	547650	2
CP142610.1	547650	547658	1
CP142610.1	547658	547718	2
CP142610.1	547718	547816	3
CP142610.1	547816	547817	2
CP142610.1	547817	547818	1
CP142610.1	547818	547820	0
CP142610.1	547820	547840	2
CP142610.1	547840	547859	3
CP142610.1	547859	547883	2
CP142610.1	547883	548071	1
CP142610.1	548071	548079	2
CP142610.1	548079	548082	1
CP142610.1	548082	548092	2
CP142610.1	548092	548126	3
CP142610.1	548126	548160	2
CP142610.1	548160	548163	1
CP142610.1	548163	548168	2
CP142610.1	548168	548240	1
CP142610.1	548240	548241	0
CP142610.1	548241	548456	1
CP142610.1	548456	548469	0
CP142610.1	548469	548492	1
CP142610.1	548492	548493	0
CP142610.1	548493	548505	1
CP142610.1	548505	548506	0
CP142610.1	548506	548516	1
CP142610.1	548516	548517	0
CP142610.1	548517	548535	1
CP142610.1	548535	548565	2
CP142610.1	548565	548566	1
CP142610.1	548566	548567	2
CP142610.1	548567	548568	1
CP142610.1	548568	548614	2
CP142610.1	548614	548629	3
CP142610.1	548629	548686	4
CP142610.1	548686	548725	3
CP142610.1	548725	548783	2
CP142610.1	548783	548792	1
CP142610.1	548792	548793	0
CP142610.1	548793	548797	1
CP142610.1	548797	548799	0
CP142610.1	548799	548803	1
CP142610.1	548803	548822	2
CP142610.1	548822	548823	1
CP142610.1	548823	548858	2
CP142610.1	548858	548900	1
CP142610.1	548900	549049	0
CP142610.1	549049	549102	1
CP142610.1	549102	549375	0
CP142610.1	549375	549507	1
CP142610.1	549507	549518	2
CP142610.1	549518	549522	0
CP142610.1	549522	549551	2
CP142610.1	549551	549597	1
CP142610.1	549597	549621	0
CP142610.1	549621	549796	1
CP142610.1	549796	549845	0
CP142610.1	549845	550052	1
CP142610.1	550052	550149	0
CP142610.1	550149	550215	1
CP142610.1	550215	550283	2
CP142610.1	550283	550285	1
CP142610.1	550285	550341	2
CP142610.1	550341	550345	3
CP142610.1	550345	550355	2
CP142610.1	550355	550358	1
CP142610.1	550358	550379	2
CP142610.1	550379	550449	3
CP142610.1	550449	550467	2
CP142610.1	550467	550578	1
CP142610.1	550578	550636	2
CP142610.1	550636	550637	1
CP142610.1	550637	550889	2
CP142610.1	550889	550904	3
CP142610.1	550904	550955	4
CP142610.1	550955	550971	3
CP142610.1	550971	551009	2
CP142610.1	551009	551043	3
CP142610.1	551043	551057	2
CP142610.1	551057	551058	3
CP142610.1	551058	551102	2
CP142610.1	551102	551120	1
CP142610.1	551120	551145	2
CP142610.1	551145	551178	1
CP142610.1	551178	551221	2
CP142610.1	551221	551224	3
CP142610.1	551224	551261	4
CP142610.1	551261	551316	5
CP142610.1	551316	551325	4
CP142610.1	551325	551330	3
CP142610.1	551330	551343	2
CP142610.1	551343	551361	1
CP142610.1	551361	551362	0
CP142610.1	551362	551443	1
CP142610.1	551443	551452	0
CP142610.1	551452	551480	1
CP142610.1	551480	551496	0
CP142610.1	551496	551542	1
CP142610.1	551542	551562	2
CP142610.1	551562	551598	1
CP142610.1	551598	551599	2
CP142610.1	551599	551607	3
CP142610.1	551607	551625	4
CP142610.1	551625	551638	3
CP142610.1	551638	551646	2
CP142610.1	551646	551703	3
CP142610.1	551703	551704	4
CP142610.1	551704	551785	3
CP142610.1	551785	551786	2
CP142610.1	551786	551842	3
CP142610.1	551842	551847	1
CP142610.1	551847	551873	2
CP142610.1	551873	551889	1
CP142610.1	551889	551890	0
CP142610.1	551890	551902	1
CP142610.1	551902	551904	0
CP142610.1	551904	551912	1
CP142610.1	551912	551913	0
CP142610.1	551913	551965	1
CP142610.1	551965	551967	0
CP142610.1	551967	551990	1
CP142610.1	551990	552175	0
CP142610.1	552175	552230	1
CP142610.1	552230	552276	2
CP142610.1	552276	552413	1
CP142610.1	552413	552415	2
CP142610.1	552415	552459	1
CP142610.1	552459	552560	0
CP142610.1	552560	552623	1
CP142610.1	552623	552923	0
CP142610.1	552923	553074	1
CP142610.1	553074	553145	2
CP142610.1	553145	553206	1
CP142610.1	553206	553252	0
CP142610.1	553252	553279	1
CP142610.1	553279	553280	0
CP142610.1	553280	553314	1
CP142610.1	553314	553399	2
CP142610.1	553399	553431	1
CP142610.1	553431	553515	2
CP142610.1	553515	553534	3
CP142610.1	553534	553550	4
CP142610.1	553550	553552	2
CP142610.1	553552	553577	3
CP142610.1	553577	553651	2
CP142610.1	553651	553726	3
CP142610.1	553726	553760	2
CP142610.1	553760	553809	1
CP142610.1	553809	553919	0
CP142610.1	553919	553921	1
CP142610.1	553921	554055	2
CP142610.1	554055	554071	3
CP142610.1	554071	554078	2
CP142610.1	554078	554170	1
CP142610.1	554170	554194	2
CP142610.1	554194	554196	0
CP142610.1	554196	554243	2
CP142610.1	554243	554270	1
CP142610.1	554270	554283	0
CP142610.1	554283	554365	1
CP142610.1	554365	554453	0
CP142610.1	554453	554473	1
CP142610.1	554473	554484	0
CP142610.1	554484	554485	1
CP142610.1	554485	554543	2
CP142610.1	554543	554579	3
CP142610.1	554579	554682	2
CP142610.1	554682	554683	1
CP142610.1	554683	554693	2
CP142610.1	554693	554714	1
CP142610.1	554714	554927	0
CP142610.1	554927	554930	1
CP142610.1	554930	554978	2
CP142610.1	554978	554979	1
CP142610.1	554979	554989	2
CP142610.1	554989	555011	1
CP142610.1	555011	555054	2
CP142610.1	555054	555156	1
CP142610.1	555156	555189	2
CP142610.1	555189	555254	1
CP142610.1	555254	555299	0
CP142610.1	555299	555342	1
CP142610.1	555342	555347	2
CP142610.1	555347	555367	3
CP142610.1	555367	555372	2
CP142610.1	555372	555442	3
CP142610.1	555442	555457	2
CP142610.1	555457	555458	0
CP142610.1	555458	555469	2
CP142610.1	555469	555492	3
CP142610.1	555492	555493	2
CP142610.1	555493	555525	3
CP142610.1	555525	555542	2
CP142610.1	555542	555587	1
CP142610.1	555587	555615	0
CP142610.1	555615	555675	1
CP142610.1	555675	555684	2
CP142610.1	555684	555740	3
CP142610.1	555740	555801	2
CP142610.1	555801	555807	0
CP142610.1	555807	555851	2
CP142610.1	555851	555874	3
CP142610.1	555874	555925	2
CP142610.1	555925	555942	3
CP142610.1	555942	555989	2
CP142610.1	555989	556008	1
CP142610.1	556008	556066	2
CP142610.1	556066	556097	3
CP142610.1	556097	556142	2
CP142610.1	556142	556156	1
CP142610.1	556156	556209	2
CP142610.1	556209	556216	1
CP142610.1	556216	556272	2
CP142610.1	556272	556353	1
CP142610.1	556353	556369	2
CP142610.1	556369	556529	1
CP142610.1	556529	556562	0
CP142610.1	556562	556581	1
CP142610.1	556581	556681	2
CP142610.1	556681	556684	1
CP142610.1	556684	556729	2
CP142610.1	556729	556730	1
CP142610.1	556730	556759	2
CP142610.1	556759	556886	1
CP142610.1	556886	556902	0
CP142610.1	556902	556924	1
CP142610.1	556924	556952	2
CP142610.1	556952	557138	1
CP142610.1	557138	557193	2
CP142610.1	557193	557210	1
CP142610.1	557210	557211	2
CP142610.1	557211	557230	3
CP142610.1	557230	557296	2
CP142610.1	557296	557322	3
CP142610.1	557322	557323	2
CP142610.1	557323	557332	3
CP142610.1	557332	557335	2
CP142610.1	557335	557343	3
CP142610.1	557343	557344	2
CP142610.1	557344	557374	3
CP142610.1	557374	557386	2
CP142610.1	557386	557412	1
CP142610.1	557412	557413	0
CP142610.1	557413	557515	1
CP142610.1	557515	557546	0
CP142610.1	557546	557598	1
CP142610.1	557598	557704	2
CP142610.1	557704	557712	1
CP142610.1	557712	557713	0
CP142610.1	557713	557731	1
CP142610.1	557731	557732	0
CP142610.1	557732	557773	1
CP142610.1	557773	557783	0
CP142610.1	557783	557886	1
CP142610.1	557886	557942	0
CP142610.1	557942	558022	1
CP142610.1	558022	558196	0
CP142610.1	558196	558283	1
CP142610.1	558283	558284	0
CP142610.1	558284	558424	1
CP142610.1	558424	558712	0
CP142610.1	558712	558758	1
CP142610.1	558758	558801	2
CP142610.1	558801	558804	1
CP142610.1	558804	558869	2
CP142610.1	558869	558873	1
CP142610.1	558873	558903	2
CP142610.1	558903	559001	1
CP142610.1	559001	559240	0
CP142610.1	559240	559290	1
CP142610.1	559290	559291	0
CP142610.1	559291	559377	1
CP142610.1	559377	559644	0
CP142610.1	559644	559650	1
CP142610.1	559650	559651	0
CP142610.1	559651	559689	1
CP142610.1	559689	559814	2
CP142610.1	559814	559815	1
CP142610.1	559815	559834	2
CP142610.1	559834	559946	1
CP142610.1	559946	560007	2
CP142610.1	560007	560096	1
CP142610.1	560096	560176	2
CP142610.1	560176	560213	1
CP142610.1	560213	560219	0
CP142610.1	560219	560358	1
CP142610.1	560358	560454	0
CP142610.1	560454	560475	1
CP142610.1	560475	560515	2
CP142610.1	560515	560572	3
CP142610.1	560572	560575	2
CP142610.1	560575	560595	1
CP142610.1	560595	560654	2
CP142610.1	560654	560662	1
CP142610.1	560662	560669	0
CP142610.1	560669	560678	1
CP142610.1	560678	560829	2
CP142610.1	560829	560892	1
CP142610.1	560892	560930	0
CP142610.1	560930	560942	1
CP142610.1	560942	561027	2
CP142610.1	561027	561059	3
CP142610.1	561059	561061	2
CP142610.1	561061	561067	1
CP142610.1	561067	561123	2
CP142610.1	561123	561187	1
CP142610.1	561187	561214	0
CP142610.1	561214	561344	1
CP142610.1	561344	561349	2
CP142610.1	561349	561402	1
CP142610.1	561402	561419	2
CP142610.1	561419	561420	1
CP142610.1	561420	561446	2
CP142610.1	561446	561473	3
CP142610.1	561473	561543	2
CP142610.1	561543	561549	1
CP142610.1	561549	561594	2
CP142610.1	561594	561694	1
CP142610.1	561694	561929	0
CP142610.1	561929	561978	1
CP142610.1	561978	561980	0
CP142610.1	561980	561998	1
CP142610.1	561998	562025	0
CP142610.1	562025	562080	1
CP142610.1	562080	562090	2
CP142610.1	562090	562091	1
CP142610.1	562091	562160	2
CP142610.1	562160	562223	3
CP142610.1	562223	562241	2
CP142610.1	562241	562252	1
CP142610.1	562252	562268	2
CP142610.1	562268	562269	1
CP142610.1	562269	562326	3
CP142610.1	562326	562335	2
CP142610.1	562335	562344	1
CP142610.1	562344	562473	0
CP142610.1	562473	562480	1
CP142610.1	562480	562482	0
CP142610.1	562482	562487	1
CP142610.1	562487	562505	3
CP142610.1	562505	562533	4
CP142610.1	562533	562537	3
CP142610.1	562537	562550	2
CP142610.1	562550	562551	3
CP142610.1	562551	562604	2
CP142610.1	562604	562615	1
CP142610.1	562615	562657	2
CP142610.1	562657	562658	1
CP142610.1	562658	562666	2
CP142610.1	562666	562675	3
CP142610.1	562675	562683	4
CP142610.1	562683	562703	5
CP142610.1	562703	562726	4
CP142610.1	562726	562728	3
CP142610.1	562728	562730	2
CP142610.1	562730	562787	3
CP142610.1	562787	562792	2
CP142610.1	562792	562834	3
CP142610.1	562834	562849	2
CP142610.1	562849	562850	1
CP142610.1	562850	562890	2
CP142610.1	562890	562891	1
CP142610.1	562891	562955	2
CP142610.1	562955	562973	1
CP142610.1	562973	563057	0
CP142610.1	563057	563183	1
CP142610.1	563183	563195	2
CP142610.1	563195	563223	3
CP142610.1	563223	563255	2
CP142610.1	563255	563362	1
CP142610.1	563362	563419	0
CP142610.1	563419	563485	1
CP142610.1	563485	563515	0
CP142610.1	563515	563555	1
CP142610.1	563555	563578	0
CP142610.1	563578	563697	1
CP142610.1	563697	563913	0
CP142610.1	563913	563942	1
CP142610.1	563942	563945	0
CP142610.1	563945	563986	1
CP142610.1	563986	563987	2
CP142610.1	563987	564058	1
CP142610.1	564058	564084	0
CP142610.1	564084	564113	1
CP142610.1	564113	564169	2
CP142610.1	564169	564258	1
CP142610.1	564258	564296	2
CP142610.1	564296	564383	1
CP142610.1	564383	564476	2
CP142610.1	564476	564496	1
CP142610.1	564496	564533	2
CP142610.1	564533	564552	3
CP142610.1	564552	564603	2
CP142610.1	564603	564621	3
CP142610.1	564621	564622	2
CP142610.1	564622	564643	3
CP142610.1	564643	564737	4
CP142610.1	564737	564740	3
CP142610.1	564740	564741	2
CP142610.1	564741	564752	3
CP142610.1	564752	564756	2
CP142610.1	564756	564797	1
CP142610.1	564797	564798	0
CP142610.1	564798	564806	1
CP142610.1	564806	564819	2
CP142610.1	564819	564867	3
CP142610.1	564867	564883	2
CP142610.1	564883	564905	1
CP142610.1	564905	564906	0
CP142610.1	564906	564957	1
CP142610.1	564957	564958	2
CP142610.1	564958	564975	3
CP142610.1	564975	564976	2
CP142610.1	564976	564978	1
CP142610.1	564978	564984	2
CP142610.1	564984	564985	1
CP142610.1	564985	565023	2
CP142610.1	565023	565024	1
CP142610.1	565024	565038	2
CP142610.1	565038	565085	1
CP142610.1	565085	565355	0
CP142610.1	565355	565377	1
CP142610.1	565377	565431	2
CP142610.1	565431	565432	1
CP142610.1	565432	565463	2
CP142610.1	565463	565499	3
CP142610.1	565499	565501	2
CP142610.1	565501	565515	3
CP142610.1	565515	565524	2
CP142610.1	565524	565543	3
CP142610.1	565543	565544	2
CP142610.1	565544	565557	3
CP142610.1	565557	565562	2
CP142610.1	565562	565613	3
CP142610.1	565613	565666	2
CP142610.1	565666	565724	1
CP142610.1	565724	565778	2
CP142610.1	565778	565780	3
CP142610.1	565780	565795	2
CP142610.1	565795	565823	1
CP142610.1	565823	566019	2
CP142610.1	566019	566025	1
CP142610.1	566025	566261	0
CP142610.1	566261	566292	1
CP142610.1	566292	566296	2
CP142610.1	566296	566332	3
CP142610.1	566332	566333	1
CP142610.1	566333	566334	2
CP142610.1	566334	566337	3
CP142610.1	566337	566338	2
CP142610.1	566338	566353	4
CP142610.1	566353	566384	3
CP142610.1	566384	566405	2
CP142610.1	566405	566420	1
CP142610.1	566420	566438	0
CP142610.1	566438	566518	1
CP142610.1	566518	566531	0
CP142610.1	566531	566653	1
CP142610.1	566653	566663	2
CP142610.1	566663	566785	1
CP142610.1	566785	566937	0
CP142610.1	566937	566988	1
CP142610.1	566988	567035	2
CP142610.1	567035	567036	0
CP142610.1	567036	567067	2
CP142610.1	567067	567068	0
CP142610.1	567068	567071	2
CP142610.1	567071	567072	0
CP142610.1	567072	567101	2
CP142610.1	567101	567103	1
CP142610.1	567103	567112	2
CP142610.1	567112	567122	1
CP142610.1	567122	567168	2
CP142610.1	567168	567223	1
CP142610.1	567223	567324	0
CP142610.1	567324	567439	1
CP142610.1	567439	567771	0
CP142610.1	567771	567887	1
CP142610.1	567887	567923	2
CP142610.1	567923	567934	1
CP142610.1	567934	567940	2
CP142610.1	567940	567958	3
CP142610.1	567958	568011	4
CP142610.1	568011	568035	3
CP142610.1	568035	568044	2
CP142610.1	568044	568046	1
CP142610.1	568046	568048	2
CP142610.1	568048	568100	3
CP142610.1	568100	568110	2
CP142610.1	568110	568239	3
CP142610.1	568239	568244	4
CP142610.1	568244	568267	3
CP142610.1	568267	568307	2
CP142610.1	568307	568328	1
CP142610.1	568328	568721	0
CP142610.1	568721	568787	1
CP142610.1	568787	568790	2
CP142610.1	568790	568800	3
CP142610.1	568800	568831	2
CP142610.1	568831	568834	1
CP142610.1	568834	568862	2
CP142610.1	568862	568864	1
CP142610.1	568864	568865	2
CP142610.1	568865	568933	3
CP142610.1	568933	568940	2
CP142610.1	568940	568957	3
CP142610.1	568957	568968	4
CP142610.1	568968	569041	3
CP142610.1	569041	569044	2
CP142610.1	569044	569083	3
CP142610.1	569083	569085	2
CP142610.1	569085	569166	3
CP142610.1	569166	569167	2
CP142610.1	569167	569201	3
CP142610.1	569201	569220	4
CP142610.1	569220	569223	3
CP142610.1	569223	569236	4
CP142610.1	569236	569287	3
CP142610.1	569287	569326	2
CP142610.1	569326	569356	1
CP142610.1	569356	569422	0
CP142610.1	569422	569439	1
CP142610.1	569439	569449	2
CP142610.1	569449	569481	3
CP142610.1	569481	569484	2
CP142610.1	569484	569504	3
CP142610.1	569504	569548	4
CP142610.1	569548	569558	3
CP142610.1	569558	569562	4
CP142610.1	569562	569566	3
CP142610.1	569566	569568	2
CP142610.1	569568	569581	3
CP142610.1	569581	569588	5
CP142610.1	569588	569608	6
CP142610.1	569608	569614	5
CP142610.1	569614	569615	3
CP142610.1	569615	569627	5
CP142610.1	569627	569628	4
CP142610.1	569628	569685	5
CP142610.1	569685	569693	4
CP142610.1	569693	569701	3
CP142610.1	569701	569723	2
CP142610.1	569723	569724	1
CP142610.1	569724	569780	2
CP142610.1	569780	569838	1
CP142610.1	569838	569856	0
CP142610.1	569856	569913	1
CP142610.1	569913	570031	0
CP142610.1	570031	570080	1
CP142610.1	570080	570123	0
CP142610.1	570123	570187	1
CP142610.1	570187	570194	2
CP142610.1	570194	570215	1
CP142610.1	570215	570216	0
CP142610.1	570216	570305	1
CP142610.1	570305	570313	2
CP142610.1	570313	570337	1
CP142610.1	570337	570358	2
CP142610.1	570358	570373	1
CP142610.1	570373	570450	2
CP142610.1	570450	570463	3
CP142610.1	570463	570464	2
CP142610.1	570464	570473	3
CP142610.1	570473	570474	1
CP142610.1	570474	570515	2
CP142610.1	570515	570516	1
CP142610.1	570516	570548	2
CP142610.1	570548	570549	0
CP142610.1	570549	570555	2
CP142610.1	570555	570556	3
CP142610.1	570556	570661	2
CP142610.1	570661	570689	1
CP142610.1	570689	570706	0
CP142610.1	570706	570750	1
CP142610.1	570750	570818	2
CP142610.1	570818	570859	1
CP142610.1	570859	570860	0
CP142610.1	570860	570915	1
CP142610.1	570915	570918	0
CP142610.1	570918	570938	2
CP142610.1	570938	570947	1
CP142610.1	570947	570966	2
CP142610.1	570966	570968	1
CP142610.1	570968	570999	2
CP142610.1	570999	571000	1
CP142610.1	571000	571019	2
CP142610.1	571019	571023	1
CP142610.1	571023	571033	0
CP142610.1	571033	571113	1
CP142610.1	571113	571205	0
CP142610.1	571205	571272	1
CP142610.1	571272	571273	0
CP142610.1	571273	571346	1
CP142610.1	571346	571410	0
CP142610.1	571410	571423	1
CP142610.1	571423	571433	2
CP142610.1	571433	571434	1
CP142610.1	571434	571537	2
CP142610.1	571537	571675	1
CP142610.1	571675	571703	2
CP142610.1	571703	571706	1
CP142610.1	571706	571707	0
CP142610.1	571707	571731	1
CP142610.1	571731	571777	2
CP142610.1	571777	571809	3
CP142610.1	571809	571820	2
CP142610.1	571820	571850	1
CP142610.1	571850	571895	2
CP142610.1	571895	571896	0
CP142610.1	571896	571938	2
CP142610.1	571938	572009	1
CP142610.1	572009	572050	2
CP142610.1	572050	572105	1
CP142610.1	572105	572164	2
CP142610.1	572164	572199	3
CP142610.1	572199	572231	2
CP142610.1	572231	572235	1
CP142610.1	572235	572408	0
CP142610.1	572408	572432	1
CP142610.1	572432	572493	2
CP142610.1	572493	572559	1
CP142610.1	572559	572743	0
CP142610.1	572743	572787	1
CP142610.1	572787	572788	0
CP142610.1	572788	572817	1
CP142610.1	572817	572956	0
CP142610.1	572956	573024	1
CP142610.1	573024	573112	0
CP142610.1	573112	573160	1
CP142610.1	573160	573162	0
CP142610.1	573162	573235	1
CP142610.1	573235	573339	2
CP142610.1	573339	573456	1
CP142610.1	573456	573469	0
CP142610.1	573469	573528	1
CP142610.1	573528	573596	2
CP142610.1	573596	573651	1
CP142610.1	573651	573667	2
CP142610.1	573667	573706	3
CP142610.1	573706	573783	2
CP142610.1	573783	573787	1
CP142610.1	573787	573800	2
CP142610.1	573800	573801	1
CP142610.1	573801	573809	2
CP142610.1	573809	573816	1
CP142610.1	573816	573825	2
CP142610.1	573825	573886	3
CP142610.1	573886	573889	2
CP142610.1	573889	573899	3
CP142610.1	573899	573915	4
CP142610.1	573915	573916	3
CP142610.1	573916	573918	2
CP142610.1	573918	573947	3
CP142610.1	573947	573991	2
CP142610.1	573991	573992	1
CP142610.1	573992	574023	2
CP142610.1	574023	574195	1
CP142610.1	574195	574343	0
CP142610.1	574343	574467	1
CP142610.1	574467	574557	2
CP142610.1	574557	574593	1
CP142610.1	574593	574598	2
CP142610.1	574598	574698	1
CP142610.1	574698	574701	0
CP142610.1	574701	574771	1
CP142610.1	574771	574780	2
CP142610.1	574780	574782	0
CP142610.1	574782	574796	2
CP142610.1	574796	574820	3
CP142610.1	574820	574846	4
CP142610.1	574846	574875	3
CP142610.1	574875	574916	4
CP142610.1	574916	574917	3
CP142610.1	574917	574919	4
CP142610.1	574919	574925	3
CP142610.1	574925	574940	4
CP142610.1	574940	574951	3
CP142610.1	574951	574953	2
CP142610.1	574953	574967	3
CP142610.1	574967	574968	2
CP142610.1	574968	574982	3
CP142610.1	574982	575017	2
CP142610.1	575017	575148	1
CP142610.1	575148	575182	2
CP142610.1	575182	575189	3
CP142610.1	575189	575231	2
CP142610.1	575231	575232	1
CP142610.1	575232	575255	2
CP142610.1	575255	575318	3
CP142610.1	575318	575320	2
CP142610.1	575320	575398	3
CP142610.1	575398	575434	4
CP142610.1	575434	575436	3
CP142610.1	575436	575469	2
CP142610.1	575469	575540	3
CP142610.1	575540	575544	4
CP142610.1	575544	575575	3
CP142610.1	575575	575577	2
CP142610.1	575577	575586	3
CP142610.1	575586	575594	2
CP142610.1	575594	575596	3
CP142610.1	575596	575597	2
CP142610.1	575597	575613	3
CP142610.1	575613	575669	2
CP142610.1	575669	575693	1
CP142610.1	575693	575805	2
CP142610.1	575805	575806	1
CP142610.1	575806	575818	2
CP142610.1	575818	575826	1
CP142610.1	575826	575863	2
CP142610.1	575863	575872	1
CP142610.1	575872	576119	0
CP142610.1	576119	576153	1
CP142610.1	576153	576154	0
CP142610.1	576154	576309	1
CP142610.1	576309	576521	0
CP142610.1	576521	576618	1
CP142610.1	576618	576933	0
CP142610.1	576933	577007	1
CP142610.1	577007	577010	2
CP142610.1	577010	577074	1
CP142610.1	577074	577304	0
CP142610.1	577304	577323	1
CP142610.1	577323	577324	0
CP142610.1	577324	577365	1
CP142610.1	577365	577366	0
CP142610.1	577366	577485	1
CP142610.1	577485	577494	0
CP142610.1	577494	577557	1
CP142610.1	577557	577597	2
CP142610.1	577597	577661	3
CP142610.1	577661	577684	4
CP142610.1	577684	577687	3
CP142610.1	577687	577789	2
CP142610.1	577789	577842	3
CP142610.1	577842	577888	2
CP142610.1	577888	577898	1
CP142610.1	577898	577900	0
CP142610.1	577900	577902	1
CP142610.1	577902	577975	2
CP142610.1	577975	578090	1
CP142610.1	578090	578579	0
CP142610.1	578579	578582	1
CP142610.1	578582	578589	2
CP142610.1	578589	578626	3
CP142610.1	578626	578629	2
CP142610.1	578629	578635	3
CP142610.1	578635	578636	2
CP142610.1	578636	578663	3
CP142610.1	578663	578696	4
CP142610.1	578696	578731	3
CP142610.1	578731	578740	4
CP142610.1	578740	578781	3
CP142610.1	578781	578788	4
CP142610.1	578788	578802	3
CP142610.1	578802	578809	4
CP142610.1	578809	578826	3
CP142610.1	578826	578851	2
CP142610.1	578851	578856	0
CP142610.1	578856	578857	1
CP142610.1	578857	578873	3
CP142610.1	578873	578881	2
CP142610.1	578881	578921	1
CP142610.1	578921	578922	0
CP142610.1	578922	578943	1
CP142610.1	578943	579033	2
CP142610.1	579033	579047	1
CP142610.1	579047	579189	0
CP142610.1	579189	579293	1
CP142610.1	579293	579324	2
CP142610.1	579324	579325	1
CP142610.1	579325	579335	2
CP142610.1	579335	579372	3
CP142610.1	579372	579428	2
CP142610.1	579428	579520	1
CP142610.1	579520	579588	0
CP142610.1	579588	579647	1
CP142610.1	579647	579839	0
CP142610.1	579839	579876	1
CP142610.1	579876	579877	0
CP142610.1	579877	579923	1
CP142610.1	579923	579925	0
CP142610.1	579925	579947	1
CP142610.1	579947	579949	0
CP142610.1	579949	579978	1
CP142610.1	579978	580011	2
CP142610.1	580011	580088	1
CP142610.1	580088	580128	2
CP142610.1	580128	580130	1
CP142610.1	580130	580162	2
CP142610.1	580162	580185	3
CP142610.1	580185	580248	2
CP142610.1	580248	580249	3
CP142610.1	580249	580251	2
CP142610.1	580251	580263	3
CP142610.1	580263	580275	2
CP142610.1	580275	580316	3
CP142610.1	580316	580343	4
CP142610.1	580343	580354	3
CP142610.1	580354	580356	2
CP142610.1	580356	580396	3
CP142610.1	580396	580429	2
CP142610.1	580429	580443	1
CP142610.1	580443	580448	0
CP142610.1	580448	580557	1
CP142610.1	580557	580591	0
CP142610.1	580591	580624	1
CP142610.1	580624	580633	2
CP142610.1	580633	580642	1
CP142610.1	580642	580662	2
CP142610.1	580662	580663	1
CP142610.1	580663	580666	3
CP142610.1	580666	580681	4
CP142610.1	580681	580693	3
CP142610.1	580693	580700	4
CP142610.1	580700	580717	3
CP142610.1	580717	580852	2
CP142610.1	580852	580853	1
CP142610.1	580853	580880	2
CP142610.1	580880	580924	1
CP142610.1	580924	580943	0
CP142610.1	580943	580956	1
CP142610.1	580956	580969	2
CP142610.1	580969	580970	1
CP142610.1	580970	581000	2
CP142610.1	581000	581004	1
CP142610.1	581004	581045	2
CP142610.1	581045	581046	1
CP142610.1	581046	581047	2
CP142610.1	581047	581104	3
CP142610.1	581104	581110	2
CP142610.1	581110	581133	1
CP142610.1	581133	581418	0
CP142610.1	581418	581439	1
CP142610.1	581439	581440	0
CP142610.1	581440	581450	1
CP142610.1	581450	581451	0
CP142610.1	581451	581556	1
CP142610.1	581556	581569	2
CP142610.1	581569	581763	1
CP142610.1	581763	581839	2
CP142610.1	581839	581877	3
CP142610.1	581877	581938	2
CP142610.1	581938	581959	3
CP142610.1	581959	581981	2
CP142610.1	581981	582123	1
CP142610.1	582123	582153	2
CP142610.1	582153	582167	1
CP142610.1	582167	582254	2
CP142610.1	582254	582275	1
CP142610.1	582275	583000	0
CP142610.1	583000	583005	1
CP142610.1	583005	583056	2
CP142610.1	583056	583057	1
CP142610.1	583057	583070	2
CP142610.1	583070	583118	3
CP142610.1	583118	583188	2
CP142610.1	583188	583205	1
CP142610.1	583205	583289	2
CP142610.1	583289	583431	1
CP142610.1	583431	583574	0
CP142610.1	583574	583687	1
CP142610.1	583687	583689	0
CP142610.1	583689	583800	1
CP142610.1	583800	583834	0
CP142610.1	583834	584010	1
CP142610.1	584010	584035	0
CP142610.1	584035	584138	1
CP142610.1	584138	584244	0
CP142610.1	584244	584400	1
CP142610.1	584400	584401	0
CP142610.1	584401	584449	1
CP142610.1	584449	584466	2
CP142610.1	584466	584523	1
CP142610.1	584523	584678	0
CP142610.1	584678	584733	1
CP142610.1	584733	584815	0
CP142610.1	584815	584889	1
CP142610.1	584889	584898	0
CP142610.1	584898	584952	1
CP142610.1	584952	585115	0
CP142610.1	585115	585165	1
CP142610.1	585165	585167	2
CP142610.1	585167	585232	1
CP142610.1	585232	585252	2
CP142610.1	585252	585351	1
CP142610.1	585351	585403	2
CP142610.1	585403	585417	1
CP142610.1	585417	585450	2
CP142610.1	585450	585506	3
CP142610.1	585506	585635	2
CP142610.1	585635	585696	1
CP142610.1	585696	585915	2
CP142610.1	585915	585941	3
CP142610.1	585941	585971	2
CP142610.1	585971	585973	1
CP142610.1	585973	586010	2
CP142610.1	586010	586011	1
CP142610.1	586011	586096	2
CP142610.1	586096	586179	1
CP142610.1	586179	586211	2
CP142610.1	586211	586212	1
CP142610.1	586212	586237	2
CP142610.1	586237	586240	1
CP142610.1	586240	586286	2
CP142610.1	586286	586295	3
CP142610.1	586295	586296	2
CP142610.1	586296	586297	0
CP142610.1	586297	586298	2
CP142610.1	586298	586345	3
CP142610.1	586345	586361	2
CP142610.1	586361	586416	1
CP142610.1	586416	586420	0
CP142610.1	586420	586435	1
CP142610.1	586435	586476	2
CP142610.1	586476	586477	1
CP142610.1	586477	586491	2
CP142610.1	586491	586496	1
CP142610.1	586496	586535	2
CP142610.1	586535	586613	1
CP142610.1	586613	586630	2
CP142610.1	586630	586640	1
CP142610.1	586640	586641	0
CP142610.1	586641	586690	1
CP142610.1	586690	586703	2
CP142610.1	586703	586715	3
CP142610.1	586715	586730	2
CP142610.1	586730	586731	1
CP142610.1	586731	586797	2
CP142610.1	586797	586847	3
CP142610.1	586847	586851	2
CP142610.1	586851	586866	3
CP142610.1	586866	586885	2
CP142610.1	586885	586950	1
CP142610.1	586950	586964	0
CP142610.1	586964	587030	1
CP142610.1	587030	587098	0
CP142610.1	587098	587100	1
CP142610.1	587100	587118	2
CP142610.1	587118	587181	3
CP142610.1	587181	587193	2
CP142610.1	587193	587199	1
CP142610.1	587199	587219	2
CP142610.1	587219	587222	1
CP142610.1	587222	587260	2
CP142610.1	587260	587297	1
CP142610.1	587297	587324	0
CP142610.1	587324	587333	1
CP142610.1	587333	587334	0
CP142610.1	587334	587337	1
CP142610.1	587337	587391	2
CP142610.1	587391	587398	1
CP142610.1	587398	587403	0
CP142610.1	587403	587506	1
CP142610.1	587506	587624	0
CP142610.1	587624	587636	1
CP142610.1	587636	587714	2
CP142610.1	587714	587887	1
CP142610.1	587887	588048	0
CP142610.1	588048	588214	1
CP142610.1	588214	588224	0
CP142610.1	588224	588250	1
CP142610.1	588250	588252	0
CP142610.1	588252	588294	1
CP142610.1	588294	588297	0
CP142610.1	588297	588411	1
CP142610.1	588411	588423	2
CP142610.1	588423	588466	3
CP142610.1	588466	588499	2
CP142610.1	588499	588519	1
CP142610.1	588519	588520	0
CP142610.1	588520	588526	1
CP142610.1	588526	588530	2
CP142610.1	588530	588531	1
CP142610.1	588531	588580	2
CP142610.1	588580	588594	1
CP142610.1	588594	588606	0
CP142610.1	588606	588636	1
CP142610.1	588636	588652	2
CP142610.1	588652	588655	1
CP142610.1	588655	588674	2
CP142610.1	588674	588676	1
CP142610.1	588676	588768	0
CP142610.1	588768	588820	1
CP142610.1	588820	588881	2
CP142610.1	588881	588934	1
CP142610.1	588934	588935	0
CP142610.1	588935	589017	1
CP142610.1	589017	589102	0
CP142610.1	589102	589201	1
CP142610.1	589201	589213	2
CP142610.1	589213	589223	1
CP142610.1	589223	589276	2
CP142610.1	589276	589278	1
CP142610.1	589278	589294	2
CP142610.1	589294	589315	3
CP142610.1	589315	589360	2
CP142610.1	589360	589361	1
CP142610.1	589361	589367	2
CP142610.1	589367	589374	1
CP142610.1	589374	589390	2
CP142610.1	589390	589393	3
CP142610.1	589393	589404	4
CP142610.1	589404	589405	3
CP142610.1	589405	589426	4
CP142610.1	589426	589427	2
CP142610.1	589427	589466	3
CP142610.1	589466	589469	2
CP142610.1	589469	589488	3
CP142610.1	589488	589624	2
CP142610.1	589624	589625	1
CP142610.1	589625	589639	0
CP142610.1	589639	589691	1
CP142610.1	589691	589698	2
CP142610.1	589698	589748	3
CP142610.1	589748	589786	2
CP142610.1	589786	589796	1
CP142610.1	589796	589817	2
CP142610.1	589817	589864	3
CP142610.1	589864	589867	1
CP142610.1	589867	589916	3
CP142610.1	589916	589920	2
CP142610.1	589920	589941	1
CP142610.1	589941	589942	0
CP142610.1	589942	589955	1
CP142610.1	589955	589973	2
CP142610.1	589973	589975	1
CP142610.1	589975	590039	2
CP142610.1	590039	590043	3
CP142610.1	590043	590045	2
CP142610.1	590045	590147	1
CP142610.1	590147	590150	0
CP142610.1	590150	590276	1
CP142610.1	590276	590279	0
CP142610.1	590279	590371	1
CP142610.1	590371	590565	0
CP142610.1	590565	590575	1
CP142610.1	590575	590576	0
CP142610.1	590576	590580	1
CP142610.1	590580	590611	2
CP142610.1	590611	590658	3
CP142610.1	590658	590660	1
CP142610.1	590660	590723	3
CP142610.1	590723	590741	2
CP142610.1	590741	590821	1
CP142610.1	590821	590845	2
CP142610.1	590845	590846	1
CP142610.1	590846	590870	2
CP142610.1	590870	590871	1
CP142610.1	590871	590989	2
CP142610.1	590989	591000	3
CP142610.1	591000	591008	4
CP142610.1	591008	591014	3
CP142610.1	591014	591035	2
CP142610.1	591035	591036	1
CP142610.1	591036	591080	2
CP142610.1	591080	591207	1
CP142610.1	591207	591242	0
CP142610.1	591242	591260	1
CP142610.1	591260	591387	2
CP142610.1	591387	591401	3
CP142610.1	591401	591448	2
CP142610.1	591448	591503	1
CP142610.1	591503	591525	2
CP142610.1	591525	591542	1
CP142610.1	591542	591623	0
CP142610.1	591623	591676	1
CP142610.1	591676	591730	0
CP142610.1	591730	591801	1
CP142610.1	591801	591879	2
CP142610.1	591879	591881	1
CP142610.1	591881	591884	2
CP142610.1	591884	591926	3
CP142610.1	591926	591993	2
CP142610.1	591993	592043	1
CP142610.1	592043	592129	0
CP142610.1	592129	592241	1
CP142610.1	592241	592384	2
CP142610.1	592384	592385	1
CP142610.1	592385	592386	2
CP142610.1	592386	592388	1
CP142610.1	592388	592395	2
CP142610.1	592395	592425	1
CP142610.1	592425	592426	0
CP142610.1	592426	592471	1
CP142610.1	592471	592574	0
CP142610.1	592574	592611	1
CP142610.1	592611	592612	2
CP142610.1	592612	592700	3
CP142610.1	592700	592701	1
CP142610.1	592701	592702	2
CP142610.1	592702	592714	3
CP142610.1	592714	592715	2
CP142610.1	592715	592751	3
CP142610.1	592751	592800	2
CP142610.1	592800	592859	1
CP142610.1	592859	592900	0
CP142610.1	592900	592904	1
CP142610.1	592904	592980	2
CP142610.1	592980	592981	1
CP142610.1	592981	593023	2
CP142610.1	593023	593034	1
CP142610.1	593034	593059	2
CP142610.1	593059	593061	3
CP142610.1	593061	593120	2
CP142610.1	593120	593130	1
CP142610.1	593130	593131	0
CP142610.1	593131	593136	1
CP142610.1	593136	593137	0
CP142610.1	593137	593222	1
CP142610.1	593222	593299	0
CP142610.1	593299	593386	1
CP142610.1	593386	593393	2
CP142610.1	593393	593395	3
CP142610.1	593395	593457	2
CP142610.1	593457	593467	1
CP142610.1	593467	593478	2
CP142610.1	593478	593560	1
CP142610.1	593560	593650	0
CP142610.1	593650	593713	1
CP142610.1	593713	593764	2
CP142610.1	593764	593765	3
CP142610.1	593765	593823	4
CP142610.1	593823	593844	5
CP142610.1	593844	593863	4
CP142610.1	593863	593879	3
CP142610.1	593879	593888	2
CP142610.1	593888	593923	1
CP142610.1	593923	594039	2
CP142610.1	594039	594040	1
CP142610.1	594040	594060	2
CP142610.1	594060	594104	1
CP142610.1	594104	594120	0
CP142610.1	594120	594211	1
CP142610.1	594211	594314	0
CP142610.1	594314	594379	1
CP142610.1	594379	594392	2
CP142610.1	594392	594455	1
CP142610.1	594455	594457	0
CP142610.1	594457	594465	1
CP142610.1	594465	594505	2
CP142610.1	594505	594557	1
CP142610.1	594557	594677	0
CP142610.1	594677	594835	1
CP142610.1	594835	594874	2
CP142610.1	594874	594918	1
CP142610.1	594918	594941	0
CP142610.1	594941	594981	1
CP142610.1	594981	594984	0
CP142610.1	594984	595000	1
CP142610.1	595000	595025	2
CP142610.1	595025	595129	1
CP142610.1	595129	595260	2
CP142610.1	595260	595272	3
CP142610.1	595272	595324	2
CP142610.1	595324	595357	3
CP142610.1	595357	595361	2
CP142610.1	595361	595410	1
CP142610.1	595410	595433	2
CP142610.1	595433	595443	3
CP142610.1	595443	595470	2
CP142610.1	595470	595530	1
CP142610.1	595530	595533	0
CP142610.1	595533	595589	1
CP142610.1	595589	595709	0
CP142610.1	595709	595717	1
CP142610.1	595717	595718	0
CP142610.1	595718	595769	1
CP142610.1	595769	595868	0
CP142610.1	595868	595997	1
CP142610.1	595997	596102	2
CP142610.1	596102	596180	1
CP142610.1	596180	596213	2
CP142610.1	596213	596255	1
CP142610.1	596255	596366	2
CP142610.1	596366	596391	3
CP142610.1	596391	596397	2
CP142610.1	596397	596413	3
CP142610.1	596413	596431	2
CP142610.1	596431	596432	1
CP142610.1	596432	596448	2
CP142610.1	596448	596511	1
CP142610.1	596511	596518	0
CP142610.1	596518	596542	1
CP142610.1	596542	596550	2
CP142610.1	596550	596607	1
CP142610.1	596607	596608	0
CP142610.1	596608	596612	1
CP142610.1	596612	596616	0
CP142610.1	596616	596737	1
CP142610.1	596737	596861	0
CP142610.1	596861	596908	1
CP142610.1	596908	596954	2
CP142610.1	596954	596990	1
CP142610.1	596990	597004	2
CP142610.1	597004	597005	1
CP142610.1	597005	597079	2
CP142610.1	597079	597080	1
CP142610.1	597080	597105	2
CP142610.1	597105	597109	1
CP142610.1	597109	597171	2
CP142610.1	597171	597216	3
CP142610.1	597216	597264	2
CP142610.1	597264	597270	1
CP142610.1	597270	597276	0
CP142610.1	597276	597429	1
CP142610.1	597429	597435	2
CP142610.1	597435	597514	3
CP142610.1	597514	597577	2
CP142610.1	597577	597598	1
CP142610.1	597598	597601	2
CP142610.1	597601	597606	1
CP142610.1	597606	597726	2
CP142610.1	597726	597736	3
CP142610.1	597736	597745	2
CP142610.1	597745	597748	1
CP142610.1	597748	597769	2
CP142610.1	597769	597786	1
CP142610.1	597786	597805	2
CP142610.1	597805	597806	1
CP142610.1	597806	597821	2
CP142610.1	597821	597870	3
CP142610.1	597870	598004	2
CP142610.1	598004	598037	1
CP142610.1	598037	598115	2
CP142610.1	598115	598223	1
CP142610.1	598223	598284	2
CP142610.1	598284	598286	1
CP142610.1	598286	598288	0
CP142610.1	598288	598359	1
CP142610.1	598359	598373	2
CP142610.1	598373	598382	3
CP142610.1	598382	598419	2
CP142610.1	598419	598448	3
CP142610.1	598448	598466	2
CP142610.1	598466	598567	1
CP142610.1	598567	598594	0
CP142610.1	598594	598747	1
CP142610.1	598747	598750	2
CP142610.1	598750	598768	3
CP142610.1	598768	598800	2
CP142610.1	598800	598828	1
CP142610.1	598828	598938	2
CP142610.1	598938	598941	1
CP142610.1	598941	598970	2
CP142610.1	598970	599036	1
CP142610.1	599036	599040	2
CP142610.1	599040	599041	1
CP142610.1	599041	599120	2
CP142610.1	599120	599121	3
CP142610.1	599121	599130	2
CP142610.1	599130	599180	1
CP142610.1	599180	599269	0
CP142610.1	599269	599335	1
CP142610.1	599335	599338	0
CP142610.1	599338	599341	1
CP142610.1	599341	599401	2
CP142610.1	599401	599439	1
CP142610.1	599439	599444	2
CP142610.1	599444	599477	3
CP142610.1	599477	599530	2
CP142610.1	599530	599546	3
CP142610.1	599546	599567	4
CP142610.1	599567	599577	3
CP142610.1	599577	599578	2
CP142610.1	599578	599624	3
CP142610.1	599624	599634	2
CP142610.1	599634	599645	1
CP142610.1	599645	599680	2
CP142610.1	599680	599686	3
CP142610.1	599686	599693	2
CP142610.1	599693	599726	1
CP142610.1	599726	599727	0
CP142610.1	599727	599744	1
CP142610.1	599744	599915	0
CP142610.1	599915	600040	1
CP142610.1	600040	600299	0
CP142610.1	600299	600406	1
CP142610.1	600406	600439	2
CP142610.1	600439	600530	1
CP142610.1	600530	600594	0
CP142610.1	600594	600632	1
CP142610.1	600632	600651	2
CP142610.1	600651	600766	1
CP142610.1	600766	600855	2
CP142610.1	600855	600860	1
CP142610.1	600860	600890	0
CP142610.1	600890	600969	1
CP142610.1	600969	600989	0
CP142610.1	600989	601070	1
CP142610.1	601070	601071	0
CP142610.1	601071	601096	1
CP142610.1	601096	601109	2
CP142610.1	601109	601111	1
CP142610.1	601111	601154	2
CP142610.1	601154	601179	3
CP142610.1	601179	601182	2
CP142610.1	601182	601196	1
CP142610.1	601196	601205	0
CP142610.1	601205	601236	2
CP142610.1	601236	601279	3
CP142610.1	601279	601375	2
CP142610.1	601375	601483	1
CP142610.1	601483	601513	0
CP142610.1	601513	601538	2
CP142610.1	601538	601539	0
CP142610.1	601539	601540	1
CP142610.1	601540	601586	2
CP142610.1	601586	601607	1
CP142610.1	601607	601667	2
CP142610.1	601667	601695	1
CP142610.1	601695	601721	2
CP142610.1	601721	601722	1
CP142610.1	601722	601732	2
CP142610.1	601732	601733	1
CP142610.1	601733	601750	2
CP142610.1	601750	601766	3
CP142610.1	601766	601767	2
CP142610.1	601767	601769	3
CP142610.1	601769	601782	4
CP142610.1	601782	601783	0
CP142610.1	601783	601803	3
CP142610.1	601803	601834	2
CP142610.1	601834	601835	1
CP142610.1	601835	601854	2
CP142610.1	601854	601868	1
CP142610.1	601868	601980	0
CP142610.1	601980	602063	1
CP142610.1	602063	602072	0
CP142610.1	602072	602135	1
CP142610.1	602135	602202	0
CP142610.1	602202	602296	1
CP142610.1	602296	602382	0
CP142610.1	602382	602475	1
CP142610.1	602475	602493	0
CP142610.1	602493	602499	1
CP142610.1	602499	602557	2
CP142610.1	602557	602558	1
CP142610.1	602558	602645	2
CP142610.1	602645	602651	1
CP142610.1	602651	602672	2
CP142610.1	602672	602677	1
CP142610.1	602677	602698	2
CP142610.1	602698	602699	1
CP142610.1	602699	602809	2
CP142610.1	602809	602868	1
CP142610.1	602868	602890	2
CP142610.1	602890	602928	1
CP142610.1	602928	602939	2
CP142610.1	602939	603097	1
CP142610.1	603097	603327	0
CP142610.1	603327	603345	1
CP142610.1	603345	603359	2
CP142610.1	603359	603360	1
CP142610.1	603360	603366	2
CP142610.1	603366	603395	3
CP142610.1	603395	603396	4
CP142610.1	603396	603448	3
CP142610.1	603448	603449	2
CP142610.1	603449	603510	3
CP142610.1	603510	603514	2
CP142610.1	603514	603527	1
CP142610.1	603527	603561	2
CP142610.1	603561	603563	1
CP142610.1	603563	603592	2
CP142610.1	603592	603594	1
CP142610.1	603594	603682	2
CP142610.1	603682	603705	3
CP142610.1	603705	603848	2
CP142610.1	603848	603900	1
CP142610.1	603900	603936	0
CP142610.1	603936	604024	1
CP142610.1	604024	604055	0
CP142610.1	604055	604056	1
CP142610.1	604056	604062	2
CP142610.1	604062	604069	3
CP142610.1	604069	604070	2
CP142610.1	604070	604129	3
CP142610.1	604129	604133	2
CP142610.1	604133	604135	1
CP142610.1	604135	604172	2
CP142610.1	604172	604173	1
CP142610.1	604173	604206	2
CP142610.1	604206	604232	3
CP142610.1	604232	604233	2
CP142610.1	604233	604251	3
CP142610.1	604251	604254	2
CP142610.1	604254	604265	3
CP142610.1	604265	604272	2
CP142610.1	604272	604275	1
CP142610.1	604275	604276	2
CP142610.1	604276	604312	3
CP142610.1	604312	604406	2
CP142610.1	604406	604410	1
CP142610.1	604410	604422	2
CP142610.1	604422	604439	1
CP142610.1	604439	605033	0
CP142610.1	605033	605041	1
CP142610.1	605041	605089	2
CP142610.1	605089	605132	1
CP142610.1	605132	605185	0
CP142610.1	605185	605199	1
CP142610.1	605199	605258	2
CP142610.1	605258	605273	3
CP142610.1	605273	605274	1
CP142610.1	605274	605303	2
CP142610.1	605303	605330	3
CP142610.1	605330	605331	2
CP142610.1	605331	605369	3
CP142610.1	605369	605377	2
CP142610.1	605377	605378	1
CP142610.1	605378	605420	2
CP142610.1	605420	605452	1
CP142610.1	605452	605655	0
CP142610.1	605655	605713	1
CP142610.1	605713	605831	2
CP142610.1	605831	605836	1
CP142610.1	605836	605838	0
CP142610.1	605838	605890	1
CP142610.1	605890	605891	0
CP142610.1	605891	605936	1
CP142610.1	605936	606040	2
CP142610.1	606040	606064	1
CP142610.1	606064	606067	0
CP142610.1	606067	606120	1
CP142610.1	606120	606122	0
CP142610.1	606122	606130	1
CP142610.1	606130	606133	2
CP142610.1	606133	606134	1
CP142610.1	606134	606176	2
CP142610.1	606176	606184	3
CP142610.1	606184	606249	2
CP142610.1	606249	606283	3
CP142610.1	606283	606284	2
CP142610.1	606284	606325	3
CP142610.1	606325	606344	2
CP142610.1	606344	606345	1
CP142610.1	606345	606378	2
CP142610.1	606378	606460	1
CP142610.1	606460	606461	0
CP142610.1	606461	606495	1
CP142610.1	606495	606516	2
CP142610.1	606516	606554	1
CP142610.1	606554	606810	0
CP142610.1	606810	606849	1
CP142610.1	606849	606886	2
CP142610.1	606886	606890	3
CP142610.1	606890	606922	4
CP142610.1	606922	606923	2
CP142610.1	606923	606957	4
CP142610.1	606957	607004	3
CP142610.1	607004	607054	2
CP142610.1	607054	607073	1
CP142610.1	607073	607089	0
CP142610.1	607089	607117	1
CP142610.1	607117	607120	0
CP142610.1	607120	607193	1
CP142610.1	607193	607230	0
CP142610.1	607230	607322	1
CP142610.1	607322	607337	2
CP142610.1	607337	607338	1
CP142610.1	607338	607412	2
CP142610.1	607412	607452	1
CP142610.1	607452	607619	0
CP142610.1	607619	607649	1
CP142610.1	607649	607688	2
CP142610.1	607688	607712	1
CP142610.1	607712	607761	2
CP142610.1	607761	607785	3
CP142610.1	607785	607788	2
CP142610.1	607788	607811	3
CP142610.1	607811	607822	2
CP142610.1	607822	607823	0
CP142610.1	607823	607831	2
CP142610.1	607831	607864	3
CP142610.1	607864	607874	2
CP142610.1	607874	607876	1
CP142610.1	607876	607916	2
CP142610.1	607916	607939	1
CP142610.1	607939	607956	0
CP142610.1	607956	608106	1
CP142610.1	608106	608107	0
CP142610.1	608107	608214	1
CP142610.1	608214	608283	0
CP142610.1	608283	608303	1
CP142610.1	608303	608307	0
CP142610.1	608307	608338	1
CP142610.1	608338	608733	0
CP142610.1	608733	608781	1
CP142610.1	608781	608790	2
CP142610.1	608790	608797	1
CP142610.1	608797	608830	2
CP142610.1	608830	608845	1
CP142610.1	608845	608889	0
CP142610.1	608889	608956	1
CP142610.1	608956	609008	0
CP142610.1	609008	609040	1
CP142610.1	609040	609194	2
CP142610.1	609194	609198	3
CP142610.1	609198	609218	2
CP142610.1	609218	609238	3
CP142610.1	609238	609293	2
CP142610.1	609293	609297	1
CP142610.1	609297	609452	0
CP142610.1	609452	609535	1
CP142610.1	609535	609563	2
CP142610.1	609563	609564	1
CP142610.1	609564	609593	2
CP142610.1	609593	609740	1
CP142610.1	609740	609741	0
CP142610.1	609741	609749	1
CP142610.1	609749	609750	0
CP142610.1	609750	609767	1
CP142610.1	609767	610123	0
CP142610.1	610123	610253	1
CP142610.1	610253	610400	2
CP142610.1	610400	610406	3
CP142610.1	610406	610442	2
CP142610.1	610442	610488	1
CP142610.1	610488	610493	0
CP142610.1	610493	610499	1
CP142610.1	610499	610594	2
CP142610.1	610594	610634	1
CP142610.1	610634	610656	0
CP142610.1	610656	610675	1
CP142610.1	610675	610693	2
CP142610.1	610693	610698	3
CP142610.1	610698	610701	2
CP142610.1	610701	610726	3
CP142610.1	610726	610759	2
CP142610.1	610759	610760	0
CP142610.1	610760	610790	2
CP142610.1	610790	610791	1
CP142610.1	610791	610806	2
CP142610.1	610806	610828	1
CP142610.1	610828	610834	0
CP142610.1	610834	610870	1
CP142610.1	610870	610880	2
CP142610.1	610880	610943	1
CP142610.1	610943	610998	0
CP142610.1	610998	611111	1
CP142610.1	611111	611242	0
CP142610.1	611242	611256	1
CP142610.1	611256	611321	2
CP142610.1	611321	611339	1
CP142610.1	611339	611357	2
CP142610.1	611357	611358	1
CP142610.1	611358	611389	2
CP142610.1	611389	611391	1
CP142610.1	611391	611604	0
CP142610.1	611604	611863	1
CP142610.1	611863	612186	0
CP142610.1	612186	612244	1
CP142610.1	612244	612506	0
CP142610.1	612506	612519	1
CP142610.1	612519	612520	0
CP142610.1	612520	612557	1
CP142610.1	612557	612577	0
CP142610.1	612577	612578	1
CP142610.1	612578	612629	2
CP142610.1	612629	612672	1
CP142610.1	612672	612685	2
CP142610.1	612685	612688	1
CP142610.1	612688	612705	2
CP142610.1	612705	612801	1
CP142610.1	612801	613085	0
CP142610.1	613085	613187	1
CP142610.1	613187	613328	0
CP142610.1	613328	613382	1
CP142610.1	613382	613383	2
CP142610.1	613383	613423	3
CP142610.1	613423	613436	2
CP142610.1	613436	613437	1
CP142610.1	613437	613484	2
CP142610.1	613484	613509	1
CP142610.1	613509	613511	2
CP142610.1	613511	613555	3
CP142610.1	613555	613560	2
CP142610.1	613560	613607	3
CP142610.1	613607	613640	2
CP142610.1	613640	613676	3
CP142610.1	613676	613682	2
CP142610.1	613682	613690	3
CP142610.1	613690	613708	2
CP142610.1	613708	613710	1
CP142610.1	613710	613728	2
CP142610.1	613728	613812	3
CP142610.1	613812	613819	2
CP142610.1	613819	613903	3
CP142610.1	613903	613969	2
CP142610.1	613969	613975	1
CP142610.1	613975	614022	0
CP142610.1	614022	614073	1
CP142610.1	614073	614076	2
CP142610.1	614076	614145	3
CP142610.1	614145	614236	2
CP142610.1	614236	614255	1
CP142610.1	614255	614267	2
CP142610.1	614267	614338	1
CP142610.1	614338	614339	0
CP142610.1	614339	614436	1
CP142610.1	614436	614438	2
CP142610.1	614438	614473	3
CP142610.1	614473	614474	2
CP142610.1	614474	614486	3
CP142610.1	614486	614495	2
CP142610.1	614495	614502	3
CP142610.1	614502	614518	2
CP142610.1	614518	614527	1
CP142610.1	614527	614535	2
CP142610.1	614535	614543	3
CP142610.1	614543	614561	4
CP142610.1	614561	614575	5
CP142610.1	614575	614600	4
CP142610.1	614600	614609	3
CP142610.1	614609	614670	2
CP142610.1	614670	614673	0
CP142610.1	614673	614684	1
CP142610.1	614684	614758	2
CP142610.1	614758	614787	3
CP142610.1	614787	614788	2
CP142610.1	614788	614789	1
CP142610.1	614789	614790	0
CP142610.1	614790	614793	1
CP142610.1	614793	614850	2
CP142610.1	614850	614893	3
CP142610.1	614893	614908	2
CP142610.1	614908	614917	1
CP142610.1	614917	614918	2
CP142610.1	614918	614975	1
CP142610.1	614975	614994	2
CP142610.1	614994	615002	3
CP142610.1	615002	615003	2
CP142610.1	615003	615032	3
CP142610.1	615032	615034	2
CP142610.1	615034	615053	3
CP142610.1	615053	615060	2
CP142610.1	615060	615071	3
CP142610.1	615071	615116	4
CP142610.1	615116	615168	3
CP142610.1	615168	615183	2
CP142610.1	615183	615192	1
CP142610.1	615192	615229	2
CP142610.1	615229	615231	1
CP142610.1	615231	615235	0
CP142610.1	615235	615304	1
CP142610.1	615304	615312	0
CP142610.1	615312	615382	1
CP142610.1	615382	615414	0
CP142610.1	615414	615472	1
CP142610.1	615472	615542	0
CP142610.1	615542	615565	1
CP142610.1	615565	615612	2
CP142610.1	615612	615689	1
CP142610.1	615689	615708	2
CP142610.1	615708	615725	3
CP142610.1	615725	615808	4
CP142610.1	615808	615818	3
CP142610.1	615818	615850	2
CP142610.1	615850	615888	1
CP142610.1	615888	615905	2
CP142610.1	615905	615907	0
CP142610.1	615907	615914	2
CP142610.1	615914	615916	1
CP142610.1	615916	615958	2
CP142610.1	615958	616052	1
CP142610.1	616052	616054	0
CP142610.1	616054	616093	1
CP142610.1	616093	616110	2
CP142610.1	616110	616111	1
CP142610.1	616111	616113	0
CP142610.1	616113	616180	1
CP142610.1	616180	616183	0
CP142610.1	616183	616330	1
CP142610.1	616330	616409	0
CP142610.1	616409	616494	1
CP142610.1	616494	616534	2
CP142610.1	616534	616535	0
CP142610.1	616535	616545	2
CP142610.1	616545	616559	3
CP142610.1	616559	616562	2
CP142610.1	616562	616583	3
CP142610.1	616583	616587	2
CP142610.1	616587	616601	3
CP142610.1	616601	616622	4
CP142610.1	616622	616636	3
CP142610.1	616636	616681	2
CP142610.1	616681	616690	1
CP142610.1	616690	616704	0
CP142610.1	616704	616743	1
CP142610.1	616743	616868	0
CP142610.1	616868	616930	1
CP142610.1	616930	616931	2
CP142610.1	616931	617010	1
CP142610.1	617010	617026	2
CP142610.1	617026	617113	3
CP142610.1	617113	617141	2
CP142610.1	617141	617175	1
CP142610.1	617175	617177	0
CP142610.1	617177	617211	1
CP142610.1	617211	617279	2
CP142610.1	617279	617322	3
CP142610.1	617322	617335	2
CP142610.1	617335	617407	3
CP142610.1	617407	617483	2
CP142610.1	617483	617578	1
CP142610.1	617578	617606	2
CP142610.1	617606	617617	3
CP142610.1	617617	617653	2
CP142610.1	617653	617675	1
CP142610.1	617675	618060	0
CP142610.1	618060	618101	3
CP142610.1	618101	618102	1
CP142610.1	618102	618103	2
CP142610.1	618103	618120	3
CP142610.1	618120	618130	2
CP142610.1	618130	618173	3
CP142610.1	618173	618175	1
CP142610.1	618175	618176	2
CP142610.1	618176	618192	3
CP142610.1	618192	618193	2
CP142610.1	618193	618199	3
CP142610.1	618199	618246	2
CP142610.1	618246	618251	3
CP142610.1	618251	618344	2
CP142610.1	618344	618394	1
CP142610.1	618394	618514	0
CP142610.1	618514	618597	1
CP142610.1	618597	618868	0
CP142610.1	618868	618921	1
CP142610.1	618921	618926	0
CP142610.1	618926	619001	1
CP142610.1	619001	619003	2
CP142610.1	619003	619007	1
CP142610.1	619007	619027	2
CP142610.1	619027	619031	0
CP142610.1	619031	619099	2
CP142610.1	619099	619139	1
CP142610.1	619139	619321	0
CP142610.1	619321	619423	1
CP142610.1	619423	619430	2
CP142610.1	619430	619439	1
CP142610.1	619439	619445	0
CP142610.1	619445	619591	1
CP142610.1	619591	619600	0
CP142610.1	619600	619644	1
CP142610.1	619644	619647	2
CP142610.1	619647	619656	3
CP142610.1	619656	619666	4
CP142610.1	619666	619667	3
CP142610.1	619667	619697	4
CP142610.1	619697	619701	3
CP142610.1	619701	619718	4
CP142610.1	619718	619741	3
CP142610.1	619741	619873	2
CP142610.1	619873	619975	1
CP142610.1	619975	619987	0
CP142610.1	619987	620075	1
CP142610.1	620075	620131	2
CP142610.1	620131	620218	1
CP142610.1	620218	620417	0
CP142610.1	620417	620433	1
CP142610.1	620433	620502	2
CP142610.1	620502	620621	1
CP142610.1	620621	620647	0
CP142610.1	620647	620711	1
CP142610.1	620711	620818	0
CP142610.1	620818	620905	1
CP142610.1	620905	620924	0
CP142610.1	620924	621004	2
CP142610.1	621004	621027	3
CP142610.1	621027	621043	2
CP142610.1	621043	621081	1
CP142610.1	621081	621089	3
CP142610.1	621089	621090	2
CP142610.1	621090	621161	3
CP142610.1	621161	621162	2
CP142610.1	621162	621208	3
CP142610.1	621208	621248	2
CP142610.1	621248	621481	1
CP142610.1	621481	621570	2
CP142610.1	621570	621591	3
CP142610.1	621591	621639	2
CP142610.1	621639	621641	1
CP142610.1	621641	621953	0
CP142610.1	621953	622003	1
CP142610.1	622003	622127	0
CP142610.1	622127	622183	1
CP142610.1	622183	622209	2
CP142610.1	622209	622211	1
CP142610.1	622211	622260	2
CP142610.1	622260	622345	1
CP142610.1	622345	622380	0
CP142610.1	622380	622491	1
CP142610.1	622491	622494	2
CP142610.1	622494	622503	1
CP142610.1	622503	622537	2
CP142610.1	622537	622544	3
CP142610.1	622544	622752	2
CP142610.1	622752	622766	3
CP142610.1	622766	622777	2
CP142610.1	622777	622882	1
CP142610.1	622882	622922	2
CP142610.1	622922	622950	3
CP142610.1	622950	622966	2
CP142610.1	622966	623001	1
CP142610.1	623001	623003	0
CP142610.1	623003	623143	1
CP142610.1	623143	623173	2
CP142610.1	623173	623202	1
CP142610.1	623202	623266	2
CP142610.1	623266	623268	1
CP142610.1	623268	623279	2
CP142610.1	623279	623292	1
CP142610.1	623292	623316	2
CP142610.1	623316	623332	1
CP142610.1	623332	623413	0
CP142610.1	623413	623459	1
CP142610.1	623459	623551	2
CP142610.1	623551	623556	1
CP142610.1	623556	623584	0
CP142610.1	623584	623899	1
CP142610.1	623899	623965	0
CP142610.1	623965	623971	1
CP142610.1	623971	623995	2
CP142610.1	623995	623996	1
CP142610.1	623996	624028	2
CP142610.1	624028	624045	1
CP142610.1	624045	624046	0
CP142610.1	624046	624130	1
CP142610.1	624130	624131	0
CP142610.1	624131	624136	1
CP142610.1	624136	624145	0
CP142610.1	624145	624228	1
CP142610.1	624228	624340	0
CP142610.1	624340	624464	1
CP142610.1	624464	624538	0
CP142610.1	624538	624557	1
CP142610.1	624557	624647	2
CP142610.1	624647	624648	1
CP142610.1	624648	624654	2
CP142610.1	624654	624656	0
CP142610.1	624656	624657	1
CP142610.1	624657	624756	2
CP142610.1	624756	624757	1
CP142610.1	624757	624768	2
CP142610.1	624768	624792	1
CP142610.1	624792	624816	2
CP142610.1	624816	624817	1
CP142610.1	624817	624865	2
CP142610.1	624865	624866	1
CP142610.1	624866	624869	2
CP142610.1	624869	625006	1
CP142610.1	625006	625016	0
CP142610.1	625016	625069	1
CP142610.1	625069	625070	0
CP142610.1	625070	625080	1
CP142610.1	625080	625139	2
CP142610.1	625139	625234	1
CP142610.1	625234	625294	0
CP142610.1	625294	625371	1
CP142610.1	625371	625374	2
CP142610.1	625374	625375	3
CP142610.1	625375	625391	2
CP142610.1	625391	625442	3
CP142610.1	625442	625443	0
CP142610.1	625443	625482	3
CP142610.1	625482	625584	2
CP142610.1	625584	625587	1
CP142610.1	625587	625594	0
CP142610.1	625594	625645	1
CP142610.1	625645	625648	0
CP142610.1	625648	625716	1
CP142610.1	625716	625736	2
CP142610.1	625736	625927	1
CP142610.1	625927	625931	2
CP142610.1	625931	625969	1
CP142610.1	625969	625970	0
CP142610.1	625970	626032	1
CP142610.1	626032	626129	2
CP142610.1	626129	626292	1
CP142610.1	626292	626421	0
CP142610.1	626421	626434	1
CP142610.1	626434	626451	2
CP142610.1	626451	626452	1
CP142610.1	626452	626463	2
CP142610.1	626463	626508	3
CP142610.1	626508	626533	2
CP142610.1	626533	626534	1
CP142610.1	626534	626597	2
CP142610.1	626597	626606	1
CP142610.1	626606	626607	0
CP142610.1	626607	626668	1
CP142610.1	626668	626675	2
CP142610.1	626675	626724	3
CP142610.1	626724	626725	2
CP142610.1	626725	626732	3
CP142610.1	626732	626747	4
CP142610.1	626747	626750	3
CP142610.1	626750	626769	4
CP142610.1	626769	626787	3
CP142610.1	626787	626917	2
CP142610.1	626917	626918	1
CP142610.1	626918	627035	3
CP142610.1	627035	627038	2
CP142610.1	627038	627100	1
CP142610.1	627100	627141	0
CP142610.1	627141	627230	1
CP142610.1	627230	627231	0
CP142610.1	627231	627252	1
CP142610.1	627252	627255	0
CP142610.1	627255	627267	1
CP142610.1	627267	627269	0
CP142610.1	627269	627300	1
CP142610.1	627300	627344	2
CP142610.1	627344	627345	0
CP142610.1	627345	627360	2
CP142610.1	627360	627380	3
CP142610.1	627380	627403	2
CP142610.1	627403	627412	1
CP142610.1	627412	627418	2
CP142610.1	627418	627429	3
CP142610.1	627429	627432	2
CP142610.1	627432	627447	3
CP142610.1	627447	627501	2
CP142610.1	627501	627532	1
CP142610.1	627532	627556	2
CP142610.1	627556	627570	1
CP142610.1	627570	627601	2
CP142610.1	627601	627644	3
CP142610.1	627644	627646	0
CP142610.1	627646	627647	2
CP142610.1	627647	627675	3
CP142610.1	627675	627693	2
CP142610.1	627693	627888	1
CP142610.1	627888	627889	0
CP142610.1	627889	627918	1
CP142610.1	627918	627933	0
CP142610.1	627933	628061	1
CP142610.1	628061	628092	2
CP142610.1	628092	628097	1
CP142610.1	628097	628140	2
CP142610.1	628140	628286	3
CP142610.1	628286	628288	2
CP142610.1	628288	628289	1
CP142610.1	628289	628309	3
CP142610.1	628309	628335	2
CP142610.1	628335	628337	1
CP142610.1	628337	628349	0
CP142610.1	628349	628383	1
CP142610.1	628383	628384	2
CP142610.1	628384	628605	1
CP142610.1	628605	628608	0
CP142610.1	628608	628689	1
CP142610.1	628689	628691	0
CP142610.1	628691	628755	1
CP142610.1	628755	628808	2
CP142610.1	628808	628821	1
CP142610.1	628821	628954	0
CP142610.1	628954	628968	1
CP142610.1	628968	628969	0
CP142610.1	628969	629103	1
CP142610.1	629103	629198	0
CP142610.1	629198	629232	1
CP142610.1	629232	629242	2
CP142610.1	629242	629254	3
CP142610.1	629254	629259	2
CP142610.1	629259	629307	3
CP142610.1	629307	629312	2
CP142610.1	629312	629313	1
CP142610.1	629313	629328	2
CP142610.1	629328	629353	3
CP142610.1	629353	629387	2
CP142610.1	629387	629433	1
CP142610.1	629433	629496	0
CP142610.1	629496	629663	1
CP142610.1	629663	629671	0
CP142610.1	629671	629736	1
CP142610.1	629736	629739	0
CP142610.1	629739	629772	1
CP142610.1	629772	629801	2
CP142610.1	629801	629881	1
CP142610.1	629881	629885	2
CP142610.1	629885	629887	1
CP142610.1	629887	629911	2
CP142610.1	629911	629912	1
CP142610.1	629912	629950	2
CP142610.1	629950	629967	3
CP142610.1	629967	630051	2
CP142610.1	630051	630072	1
CP142610.1	630072	630181	0
CP142610.1	630181	630199	1
CP142610.1	630199	630200	0
CP142610.1	630200	630236	1
CP142610.1	630236	630238	0
CP142610.1	630238	630336	1
CP142610.1	630336	630375	0
CP142610.1	630375	630472	1
CP142610.1	630472	630504	0
CP142610.1	630504	630522	1
CP142610.1	630522	630523	0
CP142610.1	630523	630571	1
CP142610.1	630571	630745	0
CP142610.1	630745	630794	1
CP142610.1	630794	630797	0
CP142610.1	630797	630820	1
CP142610.1	630820	630840	0
CP142610.1	630840	630841	1
CP142610.1	630841	630853	2
CP142610.1	630853	630875	3
CP142610.1	630875	630922	4
CP142610.1	630922	630938	2
CP142610.1	630938	631174	1
CP142610.1	631174	631247	0
CP142610.1	631247	631294	1
CP142610.1	631294	631442	0
CP142610.1	631442	631517	1
CP142610.1	631517	631532	2
CP142610.1	631532	631629	1
CP142610.1	631629	631690	2
CP142610.1	631690	631702	3
CP142610.1	631702	631759	4
CP142610.1	631759	631770	5
CP142610.1	631770	631776	4
CP142610.1	631776	631847	3
CP142610.1	631847	631963	2
CP142610.1	631963	631965	1
CP142610.1	631965	631968	0
CP142610.1	631968	631972	1
CP142610.1	631972	631993	2
CP142610.1	631993	632019	1
CP142610.1	632019	632020	0
CP142610.1	632020	632043	1
CP142610.1	632043	632045	0
CP142610.1	632045	632093	1
CP142610.1	632093	632094	0
CP142610.1	632094	632128	1
CP142610.1	632128	632129	0
CP142610.1	632129	632141	1
CP142610.1	632141	632245	0
