Chromosome	Start	End	Feature_Type	Details	Reads
contig_10026	33868	34010	intergenic	.	contig_10026:33868-34010
contig_10066	544834	544896	intergenic	.	contig_10066:544834-544896
contig_10071	84864	84939	intergenic	.	contig_10071:84864-84939
contig_10083	722407	722479	intergenic	.	contig_10083:722407-722479
contig_10096	1021509	1021699	intergenic	.	contig_10096:1021509-1021699
contig_10102	179123	179267	intergenic	.	contig_10102:179123-179267
contig_10106	9361	9438	intergenic	.	contig_10106:9361-9438
contig_10127	48281	48421	gene,mRNA	.	contig_10127:48281-48421,contig_10127:48281-48421
contig_10128	397256	397378	intergenic	.	contig_10128:397256-397378
contig_10128	1908706	1908822	intergenic	.	contig_10128:1908706-1908822
contig_10129	255390	255521	intergenic	.	contig_10129:255390-255521
contig_10169	601078	601203	gene,mRNA	.	contig_10169:601078-601203,contig_10169:601078-601203
contig_10169	601355	601441	gene,mRNA	.	contig_10169:601355-601441,contig_10169:601355-601441
contig_10169	828336	828475	intergenic	.	contig_10169:828336-828475
contig_10180	82734	83022	intergenic	.	contig_10180:82734-83022
contig_10187	83367	83545	intergenic	.	contig_10187:83367-83545
contig_10187	1112735	1112781	intergenic	.	contig_10187:1112735-1112781
contig_10187	1112735	1112800	start_codon,exon,CDS,gene,mRNA	.	contig_10187:1112735-1112800,contig_10187:1112735-1112800,contig_10187:1112735-1112800,contig_10187:1112735-1112800,contig_10187:1112735-1112800
contig_10192	47722	47872	exon,CDS,gene,mRNA	.	contig_10192:47722-47872,contig_10192:47722-47872,contig_10192:47722-47872,contig_10192:47722-47872
contig_10200	76743	76895	intergenic	.	contig_10200:76743-76895
contig_10219	1115012	1115213	intergenic	.	contig_10219:1115012-1115213
contig_10232	463761	463850	intergenic	.	contig_10232:463761-463850
contig_10238	282755	283402	intergenic	.	contig_10238:282755-283402
contig_10238	1118552	1118642	intergenic	.	contig_10238:1118552-1118642
contig_10238	1121628	1121718	intergenic	.	contig_10238:1121628-1121718
contig_10238	1712097	1712203	intergenic	.	contig_10238:1712097-1712203
contig_10250	458410	458635	intergenic	.	contig_10250:458410-458635
contig_10255	214788	214910	intergenic	.	contig_10255:214788-214910
contig_10260	81834	82046	gene,mRNA	.	contig_10260:81834-82046,contig_10260:81834-82046
contig_10260	134424	134485	intergenic	.	contig_10260:134424-134485
contig_10260	316478	316601	intergenic	.	contig_10260:316478-316601
contig_10278	445616	445816	intergenic	.	contig_10278:445616-445816
contig_1029	12489	12677	intergenic	.	contig_1029:12489-12677
contig_10296	1019615	1020140	intergenic	.	contig_10296:1019615-1020140
contig_10296	1190525	1190606	intergenic	.	contig_10296:1190525-1190606
contig_10296	1826189	1826259	gene,mRNA	.	contig_10296:1826189-1826259,contig_10296:1826189-1826259
contig_10308	87101	87277	intergenic	.	contig_10308:87101-87277
contig_10308	114139	114352	intergenic	.	contig_10308:114139-114352
contig_10308	580850	581198	intergenic	.	contig_10308:580850-581198
contig_10308	1023110	1023241	intergenic	.	contig_10308:1023110-1023241
contig_10308	1874176	1874241	intergenic	.	contig_10308:1874176-1874241
contig_10308	1875744	1875820	intergenic	.	contig_10308:1875744-1875820
contig_10330	682438	682629	intergenic	.	contig_10330:682438-682629
contig_10330	1187480	1187931	intergenic	.	contig_10330:1187480-1187931
contig_10330	1475722	1475831	intergenic	.	contig_10330:1475722-1475831
contig_10330	2262136	2262268	gene,mRNA	.	contig_10330:2262136-2262268,contig_10330:2262136-2262268
contig_10330	2361464	2361604	gene,mRNA	.	contig_10330:2361464-2361604,contig_10330:2361464-2361604
contig_10330	2577835	2577975	intergenic	.	contig_10330:2577835-2577975
contig_10330	3829850	3829913	intergenic	.	contig_10330:3829850-3829913
contig_10330	4029890	4030109	intergenic	.	contig_10330:4029890-4030109
contig_10330	4621123	4621252	intergenic	.	contig_10330:4621123-4621252
contig_10330	4766935	4767173	exon,CDS,gene,mRNA	.	contig_10330:4766935-4767173,contig_10330:4766935-4767173,contig_10330:4766935-4767173,contig_10330:4766935-4767173
contig_10340	6336	6511	intergenic	.	contig_10340:6336-6511
contig_10361	6893	6945	intergenic	.	contig_10361:6893-6945
contig_10368	709723	709891	gene,mRNA	.	contig_10368:709723-709891,contig_10368:709723-709891
contig_10375	1861	1957	gene,mRNA,exon,CDS	.	contig_10375:1861-1957,contig_10375:1861-1957,contig_10375:1861-1957,contig_10375:1861-1957
contig_10382	677304	677398	intergenic	.	contig_10382:677304-677398
contig_10407	42506	42585	intergenic	.	contig_10407:42506-42585
contig_10437	6571	6625	intergenic	.	contig_10437:6571-6625
contig_10469	933014	933075	intergenic	.	contig_10469:933014-933075
contig_10516	547146	547338	intergenic	.	contig_10516:547146-547338
contig_10516	689835	690079	intergenic	.	contig_10516:689835-690079
contig_1052	477997	478120	intergenic	.	contig_1052:477997-478120
contig_10530	256031	256190	intergenic	.	contig_10530:256031-256190
contig_10530	916832	917328	intergenic	.	contig_10530:916832-917328
contig_10530	1267718	1267810	intergenic	.	contig_10530:1267718-1267810
contig_10530	1325998	1326091	gene,mRNA	.	contig_10530:1325998-1326091,contig_10530:1325998-1326091
contig_10541	195489	195554	intergenic	.	contig_10541:195489-195554
contig_10554	7330	7382	gene,mRNA	.	contig_10554:7330-7382,contig_10554:7330-7382
contig_10558	60107	60310	gene,mRNA	.	contig_10558:60107-60310,contig_10558:60107-60310
contig_10558	622776	622886	intergenic	.	contig_10558:622776-622886
contig_10558	1042064	1042237	intergenic	.	contig_10558:1042064-1042237
contig_10567	1200035	1200188	intergenic	.	contig_10567:1200035-1200188
contig_10567	1376974	1377129	intergenic	.	contig_10567:1376974-1377129
contig_10613	627860	628080	intergenic	.	contig_10613:627860-628080
contig_10613	701888	702150	gene,mRNA	.	contig_10613:701888-702150,contig_10613:701888-702150
contig_10613	765484	765651	gene,mRNA	.	contig_10613:765484-765651,contig_10613:765484-765651
contig_10618	167256	167460	intergenic	.	contig_10618:167256-167460
contig_10623	57428	57532	intergenic	.	contig_10623:57428-57532
contig_10627	25222	25276	intergenic	.	contig_10627:25222-25276
contig_10627	170232	170382	intergenic	.	contig_10627:170232-170382
contig_10643	523818	523985	intergenic	.	contig_10643:523818-523985
contig_10646	348405	348455	intergenic	.	contig_10646:348405-348455
contig_10667	153641	153830	intergenic	.	contig_10667:153641-153830
contig_10667	351684	351898	intergenic	.	contig_10667:351684-351898
contig_10754	188318	188390	intergenic	.	contig_10754:188318-188390
contig_10756	358802	359040	intergenic	.	contig_10756:358802-359040
contig_10763	158712	158875	intergenic	.	contig_10763:158712-158875
contig_10763	211535	211785	intergenic	.	contig_10763:211535-211785
contig_10833	205471	205529	gene,mRNA	.	contig_10833:205471-205529,contig_10833:205471-205529
contig_10878	8124	8257	intergenic	.	contig_10878:8124-8257
contig_10894	329013	329072	intergenic	.	contig_10894:329013-329072
contig_10922	388920	389033	intergenic	.	contig_10922:388920-389033
contig_10923	55773	56092	intergenic	.	contig_10923:55773-56092
contig_10923	63476	63621	intergenic	.	contig_10923:63476-63621
contig_11017	471316	471405	gene,mRNA	.	contig_11017:471316-471405,contig_11017:471316-471405
contig_11017	906574	906669	intergenic	.	contig_11017:906574-906669
contig_11017	1077365	1077447	intergenic	.	contig_11017:1077365-1077447
contig_11035	247767	247817	gene,mRNA	.	contig_11035:247767-247817,contig_11035:247767-247817
contig_11035	731628	731695	intergenic	.	contig_11035:731628-731695
contig_11035	1184861	1185188	gene,mRNA	.	contig_11035:1184861-1185188,contig_11035:1184861-1185188
contig_11091	23925	24018	intergenic	.	contig_11091:23925-24018
contig_11130	144069	144347	intergenic	.	contig_11130:144069-144347
contig_11130	256291	256374	gene,mRNA	.	contig_11130:256291-256374,contig_11130:256291-256374
contig_11130	502418	502478	intergenic	.	contig_11130:502418-502478
contig_11179	344421	344563	intergenic	.	contig_11179:344421-344563
contig_11183	411145	411457	intergenic	.	contig_11183:411145-411457
contig_11198	630743	630878	intergenic	.	contig_11198:630743-630878
contig_11231	243624	243695	intergenic	.	contig_11231:243624-243695
contig_11275	329816	330075	gene,mRNA	.	contig_11275:329816-330075,contig_11275:329816-330075
contig_1129	307534	307693	intergenic	.	contig_1129:307534-307693
contig_11313	117910	117975	intergenic	.	contig_11313:117910-117975
contig_11313	230627	230812	intergenic	.	contig_11313:230627-230812
contig_11313	231105	231214	intergenic	.	contig_11313:231105-231214
contig_11325	121365	121443	gene,mRNA	.	contig_11325:121365-121443,contig_11325:121365-121443
contig_11325	304552	304608	intergenic	.	contig_11325:304552-304608
contig_11325	306925	307202	intergenic	.	contig_11325:306925-307202
contig_11335	301620	301744	intergenic	.	contig_11335:301620-301744
contig_11364	135506	135576	intergenic	.	contig_11364:135506-135576
contig_11364	790451	790898	gene,mRNA	.	contig_11364:790451-790898,contig_11364:790451-790898
contig_11392	398990	399110	intergenic	.	contig_11392:398990-399110
contig_11401	196229	196298	intergenic	.	contig_11401:196229-196298
contig_11418	93382	93721	intergenic	.	contig_11418:93382-93721
contig_11422	37034	37121	gene,mRNA	.	contig_11422:37034-37121,contig_11422:37034-37121
contig_11422	45333	45501	intergenic	.	contig_11422:45333-45501
contig_11423	552849	552904	gene,mRNA	.	contig_11423:552849-552904,contig_11423:552849-552904
contig_11453	541544	541693	intergenic	.	contig_11453:541544-541693
contig_11468	179126	179201	intergenic	.	contig_11468:179126-179201
contig_11468	927701	928205	gene,mRNA	.	contig_11468:927701-928205,contig_11468:927701-928205
contig_11475	18619	18886	gene,mRNA	.	contig_11475:18619-18886,contig_11475:18619-18886
contig_11475	137152	137264	intergenic	.	contig_11475:137152-137264
contig_11482	105595	105758	intergenic	.	contig_11482:105595-105758
contig_11527	555569	555722	intergenic	.	contig_11527:555569-555722
contig_11527	705390	705556	intergenic	.	contig_11527:705390-705556
contig_11527	960768	960884	intergenic	.	contig_11527:960768-960884
contig_11531	750408	750519	intergenic	.	contig_11531:750408-750519
contig_11558	499064	499208	intergenic	.	contig_11558:499064-499208
contig_11572	227511	227563	intergenic	.	contig_11572:227511-227563
contig_11575	487655	487711	intergenic	.	contig_11575:487655-487711
contig_11575	638044	638132	intergenic	.	contig_11575:638044-638132
contig_11575	638362	638554	intergenic	.	contig_11575:638362-638554
contig_11619	326249	326317	intergenic	.	contig_11619:326249-326317
contig_1162	482870	483045	intergenic	.	contig_1162:482870-483045
contig_11621	750529	750612	gene,mRNA	.	contig_11621:750529-750612,contig_11621:750529-750612
contig_11621	1284488	1284816	intergenic	.	contig_11621:1284488-1284816
contig_1163	584899	585016	intergenic	.	contig_1163:584899-585016
contig_1163	1222117	1222255	intergenic	.	contig_1163:1222117-1222255
contig_1163	1698990	1699266	intergenic	.	contig_1163:1698990-1699266
contig_1164	5716	5904	intergenic	.	contig_1164:5716-5904
contig_11646	1235384	1235564	intergenic	.	contig_11646:1235384-1235564
contig_11651	27886	27951	intergenic	.	contig_11651:27886-27951
contig_11653	74601	74663	intergenic	.	contig_11653:74601-74663
contig_11672	5569	5629	intergenic	.	contig_11672:5569-5629
contig_11701	429688	429762	intergenic	.	contig_11701:429688-429762
contig_11701	668847	668901	intergenic	.	contig_11701:668847-668901
contig_11701	669070	669203	intergenic	.	contig_11701:669070-669203
contig_11701	669497	669580	intergenic	.	contig_11701:669497-669580
contig_11701	734552	734814	intergenic	.	contig_11701:734552-734814
contig_11722	36876	37035	gene,mRNA	.	contig_11722:36876-37035,contig_11722:36876-37035
contig_11737	324487	324634	intergenic	.	contig_11737:324487-324634
contig_11737	394919	395064	gene,mRNA	.	contig_11737:394919-395064,contig_11737:394919-395064
contig_11737	857103	857178	intergenic	.	contig_11737:857103-857178
contig_11762	8537	8701	gene,mRNA	.	contig_11762:8537-8701,contig_11762:8537-8701
contig_11762	440147	440297	exon,CDS,gene,mRNA	.	contig_11762:440147-440297,contig_11762:440147-440297,contig_11762:440147-440297,contig_11762:440147-440297
contig_11762	441010	441160	exon,CDS,gene,mRNA	.	contig_11762:441010-441160,contig_11762:441010-441160,contig_11762:441010-441160,contig_11762:441010-441160
contig_11765	58611	58850	gene,mRNA	.	contig_11765:58611-58850,contig_11765:58611-58850
contig_11775	194870	195169	intergenic	.	contig_11775:194870-195169
contig_11816	135862	135979	intergenic	.	contig_11816:135862-135979
contig_11816	136199	136316	intergenic	.	contig_11816:136199-136316
contig_11816	300429	300497	intergenic	.	contig_11816:300429-300497
contig_1186	2009757	2010214	intergenic	.	contig_1186:2009757-2010214
contig_11874	38663	38829	intergenic	.	contig_11874:38663-38829
contig_12010	261993	262160	gene,mRNA	.	contig_12010:261993-262160,contig_12010:261993-262160
contig_12010	458671	458754	intergenic	.	contig_12010:458671-458754
contig_12010	615653	615891	intergenic	.	contig_12010:615653-615891
contig_12015	130325	130460	intergenic	.	contig_12015:130325-130460
contig_12015	132713	133124	intergenic	.	contig_12015:132713-133124
contig_12022	209320	209690	intergenic	.	contig_12022:209320-209690
contig_12093	20594	20847	intergenic	.	contig_12093:20594-20847
contig_1210	119274	119355	gene,mRNA	.	contig_1210:119274-119355,contig_1210:119274-119355
contig_12123	43453	43536	intergenic	.	contig_12123:43453-43536
contig_12143	192642	192777	intergenic	.	contig_12143:192642-192777
contig_12143	193353	193656	intergenic	.	contig_12143:193353-193656
contig_12143	321833	321891	intergenic	.	contig_12143:321833-321891
contig_12156	494738	494875	intergenic	.	contig_12156:494738-494875
contig_12184	646702	646775	gene,mRNA	.	contig_12184:646702-646775,contig_12184:646702-646775
contig_12184	690131	690408	gene,mRNA	.	contig_12184:690131-690408,contig_12184:690131-690408
contig_12184	1248540	1248602	gene,mRNA	.	contig_12184:1248540-1248602,contig_12184:1248540-1248602
contig_12197	719697	719930	intergenic	.	contig_12197:719697-719930
contig_12197	888236	888400	gene,mRNA	.	contig_12197:888236-888400,contig_12197:888236-888400
contig_1220	543239	543552	intergenic	.	contig_1220:543239-543552
contig_12233	589091	589283	intergenic	.	contig_12233:589091-589283
contig_12282	69932	70058	intergenic	.	contig_12282:69932-70058
contig_12284	465229	465317	intergenic	.	contig_12284:465229-465317
contig_12285	253458	253617	gene,mRNA	.	contig_12285:253458-253617,contig_12285:253458-253617
contig_12285	514767	514865	intergenic	.	contig_12285:514767-514865
contig_12285	516111	516252	intergenic	.	contig_12285:516111-516252
contig_1232	710989	711043	intergenic	.	contig_1232:710989-711043
contig_1235	946272	946355	intergenic	.	contig_1235:946272-946355
contig_1235	1230554	1230675	intergenic	.	contig_1235:1230554-1230675
contig_12361	55722	55830	intergenic	.	contig_12361:55722-55830
contig_12401	4198	4261	intergenic	.	contig_12401:4198-4261
contig_12415	632430	632579	gene,mRNA	.	contig_12415:632430-632579,contig_12415:632430-632579
contig_12415	632857	632957	gene,mRNA	.	contig_12415:632857-632957,contig_12415:632857-632957
contig_12415	748937	749167	intergenic	.	contig_12415:748937-749167
contig_12428	135188	135265	intergenic	.	contig_12428:135188-135265
contig_12454	264091	264189	intergenic	.	contig_12454:264091-264189
contig_1248	2196669	2196735	gene,mRNA	.	contig_1248:2196669-2196735,contig_1248:2196669-2196735
contig_12481	237455	237605	gene,mRNA	.	contig_12481:237455-237605,contig_12481:237455-237605
contig_12481	238505	238655	gene,mRNA	.	contig_12481:238505-238655,contig_12481:238505-238655
contig_12481	239907	240000	gene,mRNA	.	contig_12481:239907-240000,contig_12481:239907-240000
contig_12496	672171	672263	intergenic	.	contig_12496:672171-672263
contig_12510	377833	378064	intergenic	.	contig_12510:377833-378064
contig_12602	392986	393159	intergenic	.	contig_12602:392986-393159
contig_12612	349190	349393	intergenic	.	contig_12612:349190-349393
contig_1262	406303	406574	gene,mRNA	.	contig_1262:406303-406574,contig_1262:406303-406574
contig_12659	336223	336365	intergenic	.	contig_12659:336223-336365
contig_1267	750408	750464	intergenic	.	contig_1267:750408-750464
contig_1267	1269812	1270088	intergenic	.	contig_1267:1269812-1270088
contig_1267	1745327	1745388	intergenic	.	contig_1267:1745327-1745388
contig_12688	128624	128850	intergenic	.	contig_12688:128624-128850
contig_12698	45	125	intergenic	.	contig_12698:45-125
contig_12707	3001808	3001876	intergenic	.	contig_12707:3001808-3001876
contig_12707	4112425	4112617	gene,mRNA	.	contig_12707:4112425-4112617,contig_12707:4112425-4112617
contig_12727	223635	223782	intergenic	.	contig_12727:223635-223782
contig_1276	1090531	1090591	gene,mRNA	.	contig_1276:1090531-1090591,contig_1276:1090531-1090591
contig_1276	1169275	1169485	intergenic	.	contig_1276:1169275-1169485
contig_12819	147306	147560	intergenic	.	contig_12819:147306-147560
contig_12879	140429	140508	intergenic	.	contig_12879:140429-140508
contig_1288	624351	624440	gene,mRNA	.	contig_1288:624351-624440,contig_1288:624351-624440
contig_12944	350224	350390	intergenic	.	contig_12944:350224-350390
contig_13020	67770	67962	intergenic	.	contig_13020:67770-67962
contig_13020	221922	222064	intergenic	.	contig_13020:221922-222064
contig_13023	2079	2386	intergenic	.	contig_13023:2079-2386
contig_13030	368445	368566	intergenic	.	contig_13030:368445-368566
contig_13033	315949	316094	gene,mRNA	.	contig_13033:315949-316094,contig_13033:315949-316094
contig_13063	47075	47281	gene,mRNA	.	contig_13063:47075-47281,contig_13063:47075-47281
contig_13063	60399	60474	gene,mRNA	.	contig_13063:60399-60474,contig_13063:60399-60474
contig_13066	895308	895473	gene,mRNA	.	contig_13066:895308-895473,contig_13066:895308-895473
contig_13066	1052688	1052775	intergenic	.	contig_13066:1052688-1052775
contig_13071	56871	56965	intergenic	.	contig_13071:56871-56965
contig_131	149490	149668	intergenic	.	contig_131:149490-149668
contig_13102	3895	4012	intergenic	.	contig_13102:3895-4012
contig_13129	360252	360306	intergenic	.	contig_13129:360252-360306
contig_13203	309131	309542	intergenic	.	contig_13203:309131-309542
contig_13230	223762	223857	exon,CDS,stop_codon,polyA_signal_sequence,gene,mRNA	.	contig_13230:223762-223857,contig_13230:223762-223857,contig_13230:223762-223857,contig_13230:223762-223857,contig_13230:223762-223857,contig_13230:223762-223857
contig_13230	223852	223857	intergenic	.	contig_13230:223852-223857
contig_13230	685173	685316	gene,mRNA	.	contig_13230:685173-685316,contig_13230:685173-685316
contig_13230	747316	747385	gene,mRNA	.	contig_13230:747316-747385,contig_13230:747316-747385
contig_13250	99624	99679	intergenic	.	contig_13250:99624-99679
contig_13253	317728	317791	intergenic	.	contig_13253:317728-317791
contig_13253	461658	462185	intergenic	.	contig_13253:461658-462185
contig_13253	462341	462496	intergenic	.	contig_13253:462341-462496
contig_13269	365653	365746	intergenic	.	contig_13269:365653-365746
contig_13361	799177	799238	gene,mRNA	.	contig_13361:799177-799238,contig_13361:799177-799238
contig_13361	799782	799952	gene,mRNA	.	contig_13361:799782-799952,contig_13361:799782-799952
contig_13361	1070868	1070930	intergenic	.	contig_13361:1070868-1070930
contig_13392	43226	43302	intergenic	.	contig_13392:43226-43302
contig_1341	1760052	1760144	intergenic	.	contig_1341:1760052-1760144
contig_13492	98068	98494	intergenic	.	contig_13492:98068-98494
contig_13522	402423	402524	gene,mRNA	.	contig_13522:402423-402524,contig_13522:402423-402524
contig_13525	378370	378482	intergenic	.	contig_13525:378370-378482
contig_13610	88273	88580	intergenic	.	contig_13610:88273-88580
contig_13676	570421	570621	intergenic	.	contig_13676:570421-570621
contig_13676	570969	571237	intergenic	.	contig_13676:570969-571237
contig_13676	775281	775707	gene,mRNA	.	contig_13676:775281-775707,contig_13676:775281-775707
contig_13676	781618	781714	gene,mRNA	.	contig_13676:781618-781714,contig_13676:781618-781714
contig_13689	240247	240318	gene,mRNA	.	contig_13689:240247-240318,contig_13689:240247-240318
contig_13702	363746	363854	intergenic	.	contig_13702:363746-363854
contig_13702	731559	731669	gene,mRNA	.	contig_13702:731559-731669,contig_13702:731559-731669
contig_1372	386181	386366	intergenic	.	contig_1372:386181-386366
contig_1372	2480232	2480302	gene,mRNA	.	contig_1372:2480232-2480302,contig_1372:2480232-2480302
contig_13797	202274	202365	intergenic	.	contig_13797:202274-202365
contig_13797	202895	203059	intergenic	.	contig_13797:202895-203059
contig_1384	411564	411706	intergenic	.	contig_1384:411564-411706
contig_13843	4309	4394	intergenic	.	contig_13843:4309-4394
contig_13849	163159	163538	intergenic	.	contig_13849:163159-163538
contig_13873	796899	797062	gene,mRNA	.	contig_13873:796899-797062,contig_13873:796899-797062
contig_13873	1504675	1504856	gene,mRNA	.	contig_13873:1504675-1504856,contig_13873:1504675-1504856
contig_1388	972056	972164	intergenic	.	contig_1388:972056-972164
contig_1388	2775093	2775249	intergenic	.	contig_1388:2775093-2775249
contig_1394	276365	276428	gene,mRNA	.	contig_1394:276365-276428,contig_1394:276365-276428
contig_1399	1229990	1230054	intergenic	.	contig_1399:1229990-1230054
contig_1399	1368401	1368661	intergenic	.	contig_1399:1368401-1368661
contig_14	129484	129554	intergenic	.	contig_14:129484-129554
contig_1405	1282363	1282459	intergenic	.	contig_1405:1282363-1282459
contig_14061	66539	66858	intergenic	.	contig_14061:66539-66858
contig_14076	59018	59088	intergenic	.	contig_14076:59018-59088
contig_14100	325163	325518	intergenic	.	contig_14100:325163-325518
contig_14100	386502	386596	intergenic	.	contig_14100:386502-386596
contig_14127	144805	145206	intergenic	.	contig_14127:144805-145206
contig_14142	189715	190023	intergenic	.	contig_14142:189715-190023
contig_14170	126	363	intergenic	.	contig_14170:126-363
contig_1418	230416	230635	intergenic	.	contig_1418:230416-230635
contig_1418	387877	387999	gene	.	contig_1418:387877-387999
contig_1418	600692	600852	intergenic	.	contig_1418:600692-600852
contig_1418	892517	892747	intergenic	.	contig_1418:892517-892747
contig_14228	25370	25556	gene,mRNA,stop_codon,exon,CDS	.	contig_14228:25370-25556,contig_14228:25370-25556,contig_14228:25370-25556,contig_14228:25370-25556,contig_14228:25370-25556
contig_14233	11036	11185	intergenic	.	contig_14233:11036-11185
contig_1424	114906	114972	intergenic	.	contig_1424:114906-114972
contig_14243	427083	427304	intergenic	.	contig_14243:427083-427304
contig_14243	666836	666994	gene,mRNA	.	contig_14243:666836-666994,contig_14243:666836-666994
contig_14251	41605	41692	intergenic	.	contig_14251:41605-41692
contig_14252	66423	66491	gene,mRNA	.	contig_14252:66423-66491,contig_14252:66423-66491
contig_14262	55350	55438	intergenic	.	contig_14262:55350-55438
contig_14283	326026	326076	gene,mRNA	.	contig_14283:326026-326076,contig_14283:326026-326076
contig_14283	496190	496270	gene,mRNA	.	contig_14283:496190-496270,contig_14283:496190-496270
contig_14287	247580	247750	intergenic	.	contig_14287:247580-247750
contig_1430	1610925	1610990	gene,mRNA	.	contig_1430:1610925-1610990,contig_1430:1610925-1610990
contig_14301	45073	45248	intergenic	.	contig_14301:45073-45248
contig_14301	68435	68629	intergenic	.	contig_14301:68435-68629
contig_14351	25116	25536	intergenic	.	contig_14351:25116-25536
contig_1439	1120018	1120140	intergenic	.	contig_1439:1120018-1120140
contig_14435	8019	8344	intergenic	.	contig_14435:8019-8344
contig_14448	98197	98328	polyA_signal_sequence,gene	.	contig_14448:98197-98328,contig_14448:98197-98328
contig_14448	98324	98328	intergenic	.	contig_14448:98324-98328
contig_14505	77078	77164	intergenic	.	contig_14505:77078-77164
contig_14658	42792	43129	gene,mRNA	.	contig_14658:42792-43129,contig_14658:42792-43129
contig_14658	57352	57503	intergenic	.	contig_14658:57352-57503
contig_14658	320981	321039	gene,mRNA	.	contig_14658:320981-321039,contig_14658:320981-321039
contig_14711	67097	67473	intergenic	.	contig_14711:67097-67473
contig_14718	44844	44897	gene,mRNA	.	contig_14718:44844-44897,contig_14718:44844-44897
contig_14718	184590	184641	gene,mRNA	.	contig_14718:184590-184641,contig_14718:184590-184641
contig_14718	185365	185515	gene,mRNA	.	contig_14718:185365-185515,contig_14718:185365-185515
contig_1474	1371920	1371976	intergenic	.	contig_1474:1371920-1371976
contig_14752	2290	2400	intergenic	.	contig_14752:2290-2400
contig_14788	28654	28793	intergenic	.	contig_14788:28654-28793
contig_14789	86706	86964	intergenic	.	contig_14789:86706-86964
contig_14789	605920	606327	intergenic	.	contig_14789:605920-606327
contig_14789	819641	819814	intergenic	.	contig_14789:819641-819814
contig_14841	689817	689954	gene,mRNA	.	contig_14841:689817-689954,contig_14841:689817-689954
contig_14841	1536819	1536998	intergenic	.	contig_14841:1536819-1536998
contig_14890	169517	169635	intergenic	.	contig_14890:169517-169635
contig_14890	328516	328667	intergenic	.	contig_14890:328516-328667
contig_14890	419832	419980	intergenic	.	contig_14890:419832-419980
contig_14890	555081	555153	intergenic	.	contig_14890:555081-555153
contig_14890	748778	748862	intergenic	.	contig_14890:748778-748862
contig_14946	215969	216054	gene,mRNA	.	contig_14946:215969-216054,contig_14946:215969-216054
contig_14946	1125931	1126034	intergenic	.	contig_14946:1125931-1126034
contig_14988	64214	64346	intergenic	.	contig_14988:64214-64346
contig_14995	44172	44357	gene,mRNA	.	contig_14995:44172-44357,contig_14995:44172-44357
contig_14995	60936	60989	intergenic	.	contig_14995:60936-60989
contig_15009	77830	78593	intergenic	.	contig_15009:77830-78593
contig_15035	2012479	2012701	intergenic	.	contig_15035:2012479-2012701
contig_15035	2265519	2265579	intergenic	.	contig_15035:2265519-2265579
contig_15035	2282477	2282538	gene,mRNA	.	contig_15035:2282477-2282538,contig_15035:2282477-2282538
contig_15053	382475	382703	gene,mRNA	.	contig_15053:382475-382703,contig_15053:382475-382703
contig_15053	393887	393991	gene,mRNA	.	contig_15053:393887-393991,contig_15053:393887-393991
contig_15053	949614	949679	intergenic	.	contig_15053:949614-949679
contig_15058	5171	5296	intergenic	.	contig_15058:5171-5296
contig_15114	102625	102693	intergenic	.	contig_15114:102625-102693
contig_15133	9105	9268	intergenic	.	contig_15133:9105-9268
contig_15174	95850	96104	intergenic	.	contig_15174:95850-96104
contig_15174	222199	222337	intergenic	.	contig_15174:222199-222337
contig_15221	141205	141332	intergenic	.	contig_15221:141205-141332
contig_15221	456433	456499	gene,mRNA	.	contig_15221:456433-456499,contig_15221:456433-456499
contig_15221	590053	590201	gene,mRNA	.	contig_15221:590053-590201,contig_15221:590053-590201
contig_15240	4638	4761	intergenic	.	contig_15240:4638-4761
contig_15276	208664	208751	gene,mRNA	.	contig_15276:208664-208751,contig_15276:208664-208751
contig_15276	398599	398762	intergenic	.	contig_15276:398599-398762
contig_15369	198059	198133	intergenic	.	contig_15369:198059-198133
contig_15412	279061	279111	intergenic	.	contig_15412:279061-279111
contig_15412	1040960	1041172	intergenic	.	contig_15412:1040960-1041172
contig_15416	36783	36899	intergenic	.	contig_15416:36783-36899
contig_15416	37113	37235	intergenic	.	contig_15416:37113-37235
contig_15416	189208	189263	intergenic	.	contig_15416:189208-189263
contig_15416	368679	368748	gene,mRNA	.	contig_15416:368679-368748,contig_15416:368679-368748
contig_15432	6642	7288	gene,mRNA	.	contig_15432:6642-7288,contig_15432:6642-7288
contig_15529	5121	5270	intergenic	.	contig_15529:5121-5270
contig_1555	557769	557886	intergenic	.	contig_1555:557769-557886
contig_1555	950880	950959	gene,mRNA	.	contig_1555:950880-950959,contig_1555:950880-950959
contig_1557	924735	924855	intergenic	.	contig_1557:924735-924855
contig_1558	1809112	1809192	intergenic	.	contig_1558:1809112-1809192
contig_1558	2797300	2797424	intergenic	.	contig_1558:2797300-2797424
contig_1558	4419266	4420504	intergenic	.	contig_1558:4419266-4420504
contig_1558	4419266	4421106	gene,mRNA,start_codon,exon,CDS,stop_codon,polyA_signal_sequence	.	contig_1558:4419266-4421106,contig_1558:4419266-4421106,contig_1558:4419266-4421106,contig_1558:4419266-4421106,contig_1558:4419266-4421106,contig_1558:4419266-4421106,contig_1558:4419266-4421106
contig_1558	4420954	4421106	intergenic	.	contig_1558:4420954-4421106
contig_1561	2097716	2098149	intergenic	.	contig_1561:2097716-2098149
contig_15615	46139	46276	intergenic	.	contig_15615:46139-46276
contig_15615	161132	161240	intergenic	.	contig_15615:161132-161240
contig_15615	260694	260810	intergenic	.	contig_15615:260694-260810
contig_15628	164412	164472	intergenic	.	contig_15628:164412-164472
contig_15631	209535	209792	intergenic	.	contig_15631:209535-209792
contig_15631	248541	248705	gene,mRNA	.	contig_15631:248541-248705,contig_15631:248541-248705
contig_15631	345124	345223	gene,mRNA	.	contig_15631:345124-345223,contig_15631:345124-345223
contig_15669	21237	21341	intergenic	.	contig_15669:21237-21341
contig_15672	184346	184404	intergenic	.	contig_15672:184346-184404
contig_15711	183	389	intergenic	.	contig_15711:183-389
contig_15766	57321	57384	intergenic	.	contig_15766:57321-57384
contig_15766	136632	136758	intergenic	.	contig_15766:136632-136758
contig_15813	410134	410424	intergenic	.	contig_15813:410134-410424
contig_1582	41527	41613	intergenic	.	contig_1582:41527-41613
contig_1582	1598973	1599035	intergenic	.	contig_1582:1598973-1599035
contig_1582	1795036	1795220	intergenic	.	contig_1582:1795036-1795220
contig_1583	946740	946932	intergenic	.	contig_1583:946740-946932
contig_15852	30922	31162	intergenic	.	contig_15852:30922-31162
contig_15852	70486	70565	intergenic	.	contig_15852:70486-70565
contig_15872	235346	235413	intergenic	.	contig_15872:235346-235413
contig_15874	124746	124811	gene,mRNA	.	contig_15874:124746-124811,contig_15874:124746-124811
contig_1590	546081	546147	intergenic	.	contig_1590:546081-546147
contig_15939	35186	35246	intergenic	.	contig_15939:35186-35246
contig_15939	220277	220475	intergenic	.	contig_15939:220277-220475
contig_15962	390374	390552	intergenic	.	contig_15962:390374-390552
contig_15962	558995	559463	intergenic	.	contig_15962:558995-559463
contig_15962	650328	650657	intergenic	.	contig_15962:650328-650657
contig_15962	868840	868972	gene,mRNA	.	contig_15962:868840-868972,contig_15962:868840-868972
contig_15962	1045863	1045978	intergenic	.	contig_15962:1045863-1045978
contig_15962	1573893	1574526	intergenic	.	contig_15962:1573893-1574526
contig_15962	1966790	1966946	intergenic	.	contig_15962:1966790-1966946
contig_15962	2467151	2467346	intergenic	.	contig_15962:2467151-2467346
contig_16040	97796	98067	intergenic	.	contig_16040:97796-98067
contig_16163	65281	65431	gene	.	contig_16163:65281-65431
contig_16163	65889	66230	mRNA,exon,CDS,gene	.	contig_16163:65889-66230,contig_16163:65889-66230,contig_16163:65889-66230,contig_16163:65889-66230
contig_16163	67130	67280	mRNA,exon,CDS,gene	.	contig_16163:67130-67280,contig_16163:67130-67280,contig_16163:67130-67280,contig_16163:67130-67280
contig_16163	67730	67880	intergenic	.	contig_16163:67730-67880
contig_1619	1880206	1880355	intergenic	.	contig_1619:1880206-1880355
contig_16197	100961	101019	intergenic	.	contig_16197:100961-101019
contig_1627	453403	453581	intergenic	.	contig_1627:453403-453581
contig_1638	2314918	2315126	gene,mRNA	.	contig_1638:2314918-2315126,contig_1638:2314918-2315126
contig_16425	816906	817016	intergenic	.	contig_16425:816906-817016
contig_16425	1047314	1047368	intergenic	.	contig_16425:1047314-1047368
contig_16425	1085779	1085859	intergenic	.	contig_16425:1085779-1085859
contig_1647	542925	543002	intergenic	.	contig_1647:542925-543002
contig_1648	221749	221857	intergenic	.	contig_1648:221749-221857
contig_1648	266758	266930	exon,CDS,start_codon,gene,mRNA	.	contig_1648:266758-266930,contig_1648:266758-266930,contig_1648:266758-266930,contig_1648:266758-266930,contig_1648:266758-266930
contig_1648	266896	266930	intergenic	.	contig_1648:266896-266930
contig_1648	3183038	3183088	intergenic	.	contig_1648:3183038-3183088
contig_1651	3481	3731	intergenic	.	contig_1651:3481-3731
contig_1651	66007	66095	intergenic	.	contig_1651:66007-66095
contig_1651	159646	159812	intergenic	.	contig_1651:159646-159812
contig_1651	808101	808226	intergenic	.	contig_1651:808101-808226
contig_16536	44267	44944	intergenic	.	contig_16536:44267-44944
contig_16537	113808	113995	intergenic	.	contig_16537:113808-113995
contig_1662	388309	388381	gene,mRNA	.	contig_1662:388309-388381,contig_1662:388309-388381
contig_1662	1073274	1073327	intergenic	.	contig_1662:1073274-1073327
contig_1662	1513397	1513528	intergenic	.	contig_1662:1513397-1513528
contig_1668	103213	103274	intergenic	.	contig_1668:103213-103274
contig_1668	1437573	1437650	intergenic	.	contig_1668:1437573-1437650
contig_1668	1998383	1998534	exon,CDS,gene,mRNA	.	contig_1668:1998383-1998534,contig_1668:1998383-1998534,contig_1668:1998383-1998534,contig_1668:1998383-1998534
contig_16732	199772	199911	intergenic	.	contig_16732:199772-199911
contig_16794	108854	109035	intergenic	.	contig_16794:108854-109035
contig_16827	396690	396804	intergenic	.	contig_16827:396690-396804
contig_16827	495872	495933	intergenic	.	contig_16827:495872-495933
contig_16827	620274	620392	gene,mRNA	.	contig_16827:620274-620392,contig_16827:620274-620392
contig_16827	929133	929231	intergenic	.	contig_16827:929133-929231
contig_16827	1241755	1241971	intergenic	.	contig_16827:1241755-1241971
contig_16852	518344	518478	gene,mRNA	.	contig_16852:518344-518478,contig_16852:518344-518478
contig_16872	322122	322275	intergenic	.	contig_16872:322122-322275
contig_16903	125703	125866	gene,mRNA	.	contig_16903:125703-125866,contig_16903:125703-125866
contig_16906	19598	20113	intergenic	.	contig_16906:19598-20113
contig_16918	77409	77628	intergenic	.	contig_16918:77409-77628
contig_16918	349444	349585	intergenic	.	contig_16918:349444-349585
contig_16921	48669	48785	intergenic	.	contig_16921:48669-48785
contig_1694	328462	328587	gene,mRNA	.	contig_1694:328462-328587,contig_1694:328462-328587
contig_16945	409312	409719	intergenic	.	contig_16945:409312-409719
contig_16967	82989	83129	intergenic	.	contig_16967:82989-83129
contig_16969	239137	239272	intergenic	.	contig_16969:239137-239272
contig_1697	1874752	1874925	intergenic	.	contig_1697:1874752-1874925
contig_1697	2501041	2501101	intergenic	.	contig_1697:2501041-2501101
contig_1697	3325509	3325576	intergenic	.	contig_1697:3325509-3325576
contig_1697	3539788	3539884	gene,mRNA	.	contig_1697:3539788-3539884,contig_1697:3539788-3539884
contig_1697	5112753	5112819	intergenic	.	contig_1697:5112753-5112819
contig_16973	123424	123549	intergenic	.	contig_16973:123424-123549
contig_16982	14767	14951	gene,mRNA	.	contig_16982:14767-14951,contig_16982:14767-14951
contig_16982	15954	16006	gene,mRNA	.	contig_16982:15954-16006,contig_16982:15954-16006
contig_16982	16205	16261	gene,mRNA	.	contig_16982:16205-16261,contig_16982:16205-16261
contig_16982	16607	16782	gene,mRNA	.	contig_16982:16607-16782,contig_16982:16607-16782
contig_16982	45063	45125	intergenic	.	contig_16982:45063-45125
contig_16982	45063	45190	polyA_signal_sequence,gene	.	contig_16982:45063-45190,contig_16982:45063-45190
contig_16982	45811	45873	gene	.	contig_16982:45811-45873
contig_16993	1113855	1114108	gene,mRNA	.	contig_16993:1113855-1114108,contig_16993:1113855-1114108
contig_16998	1101246	1101335	intergenic	.	contig_16998:1101246-1101335
contig_16998	1451033	1451231	intergenic	.	contig_16998:1451033-1451231
contig_16998	1896776	1896888	gene,mRNA	.	contig_16998:1896776-1896888,contig_16998:1896776-1896888
contig_16999	230742	230794	gene,mRNA	.	contig_16999:230742-230794,contig_16999:230742-230794
contig_17002	501458	501608	gene,mRNA	.	contig_17002:501458-501608,contig_17002:501458-501608
contig_1701	417507	417609	intergenic	.	contig_1701:417507-417609
contig_1701	422083	422134	intergenic	.	contig_1701:422083-422134
contig_1701	1210829	1210900	intergenic	.	contig_1701:1210829-1210900
contig_17035	69620	69695	intergenic	.	contig_17035:69620-69695
contig_17052	682610	682887	intergenic	.	contig_17052:682610-682887
contig_17053	15786	16002	intergenic	.	contig_17053:15786-16002
contig_17060	86603	86658	intergenic	.	contig_17060:86603-86658
contig_1709	1268990	1269185	gene,mRNA	.	contig_1709:1268990-1269185,contig_1709:1268990-1269185
contig_1709	1376987	1377050	intergenic	.	contig_1709:1376987-1377050
contig_17124	44003	44100	intergenic	.	contig_17124:44003-44100
contig_17128	112798	112936	intergenic	.	contig_17128:112798-112936
contig_17185	14268	14456	intergenic	.	contig_17185:14268-14456
contig_17185	25882	26167	gene,mRNA	.	contig_17185:25882-26167,contig_17185:25882-26167
contig_17195	73259	73315	intergenic	.	contig_17195:73259-73315
contig_17195	206080	206271	intergenic	.	contig_17195:206080-206271
contig_17211	249475	249547	intergenic	.	contig_17211:249475-249547
contig_17212	11107	11509	intergenic	.	contig_17212:11107-11509
contig_17212	62654	62870	intergenic	.	contig_17212:62654-62870
contig_17220	167488	167596	intergenic	.	contig_17220:167488-167596
contig_17226	342399	342477	intergenic	.	contig_17226:342399-342477
contig_17235	260331	260386	intergenic	.	contig_17235:260331-260386
contig_17237	229369	229846	intergenic	.	contig_17237:229369-229846
contig_17238	161859	161976	intergenic	.	contig_17238:161859-161976
contig_17241	93109	93470	gene,mRNA	.	contig_17241:93109-93470,contig_17241:93109-93470
contig_17265	226537	226678	intergenic	.	contig_17265:226537-226678
contig_17265	638554	638813	intergenic	.	contig_17265:638554-638813
contig_17266	28442	28499	gene,mRNA	.	contig_17266:28442-28499,contig_17266:28442-28499
contig_17284	64661	64800	intergenic	.	contig_17284:64661-64800
contig_17284	90994	91131	intergenic	.	contig_17284:90994-91131
contig_17284	91375	91640	intergenic	.	contig_17284:91375-91640
contig_17284	297435	297598	intergenic	.	contig_17284:297435-297598
contig_17291	128201	128274	gene,mRNA	.	contig_17291:128201-128274,contig_17291:128201-128274
contig_17293	295294	295371	intergenic	.	contig_17293:295294-295371
contig_17293	581285	581355	intergenic	.	contig_17293:581285-581355
contig_17293	809234	809289	gene,mRNA	.	contig_17293:809234-809289,contig_17293:809234-809289
contig_17293	1727901	1728004	intergenic	.	contig_17293:1727901-1728004
contig_17303	88273	88336	gene,mRNA	.	contig_17303:88273-88336,contig_17303:88273-88336
contig_17303	88519	88659	gene,mRNA	.	contig_17303:88519-88659,contig_17303:88519-88659
contig_17303	250266	250468	intergenic	.	contig_17303:250266-250468
contig_17316	201705	201797	intergenic	.	contig_17316:201705-201797
contig_17321	337408	337713	intergenic	.	contig_17321:337408-337713
contig_17321	1386848	1387024	intergenic	.	contig_17321:1386848-1387024
contig_17321	1821515	1821704	intergenic	.	contig_17321:1821515-1821704
contig_17321	1856591	1856743	intergenic	.	contig_17321:1856591-1856743
contig_17334	566018	566173	intergenic	.	contig_17334:566018-566173
contig_17334	1358670	1358810	intergenic	.	contig_17334:1358670-1358810
contig_17343	194539	194687	gene,mRNA	.	contig_17343:194539-194687,contig_17343:194539-194687
contig_17350	306171	306294	intergenic	.	contig_17350:306171-306294
contig_17383	12061	12233	intergenic	.	contig_17383:12061-12233
contig_17384	44637	44720	intergenic	.	contig_17384:44637-44720
contig_17388	539625	539759	gene,mRNA	.	contig_17388:539625-539759,contig_17388:539625-539759
contig_17399	586562	586684	intergenic	.	contig_17399:586562-586684
contig_17399	666253	666563	intergenic	.	contig_17399:666253-666563
contig_17399	921677	921984	gene,mRNA	.	contig_17399:921677-921984,contig_17399:921677-921984
contig_17407	463589	463651	intergenic	.	contig_17407:463589-463651
contig_17407	545588	545771	intergenic	.	contig_17407:545588-545771
contig_17408	122272	122339	intergenic	.	contig_17408:122272-122339
contig_17412	282127	282377	intergenic	.	contig_17412:282127-282377
contig_17414	97130	97211	intergenic	.	contig_17414:97130-97211
contig_17414	153233	153301	intergenic	.	contig_17414:153233-153301
contig_17418	293175	293563	intergenic	.	contig_17418:293175-293563
contig_17418	294238	294292	intergenic	.	contig_17418:294238-294292
contig_17418	535168	535271	gene,mRNA	.	contig_17418:535168-535271,contig_17418:535168-535271
contig_17431	221823	221889	intergenic	.	contig_17431:221823-221889
contig_17432	132125	132246	intergenic	.	contig_17432:132125-132246
contig_17443	101234	101339	intergenic	.	contig_17443:101234-101339
contig_17452	444966	445070	intergenic	.	contig_17452:444966-445070
contig_17453	366833	367221	intergenic	.	contig_17453:366833-367221
contig_17453	631587	631650	intergenic	.	contig_17453:631587-631650
contig_17454	167371	167597	intergenic	.	contig_17454:167371-167597
contig_17454	221609	221672	intergenic	.	contig_17454:221609-221672
contig_17454	241112	241276	intergenic	.	contig_17454:241112-241276
contig_17454	289417	289481	intergenic	.	contig_17454:289417-289481
contig_17467	452384	452471	gene,mRNA	.	contig_17467:452384-452471,contig_17467:452384-452471
contig_17468	327334	327515	intergenic	.	contig_17468:327334-327515
contig_17468	327834	328113	intergenic	.	contig_17468:327834-328113
contig_17480	569087	569202	intergenic	.	contig_17480:569087-569202
contig_17480	569087	569255	polyA_signal_sequence,gene	.	contig_17480:569087-569255,contig_17480:569087-569255
contig_17480	843435	843505	gene,mRNA	.	contig_17480:843435-843505,contig_17480:843435-843505
contig_17490	40355	40847	gene,mRNA	.	contig_17490:40355-40847,contig_17490:40355-40847
contig_17490	301047	301123	intergenic	.	contig_17490:301047-301123
contig_17499	132993	133151	intergenic	.	contig_17499:132993-133151
contig_17501	104854	104945	gene,mRNA	.	contig_17501:104854-104945,contig_17501:104854-104945
contig_17504	22645	22722	gene,mRNA	.	contig_17504:22645-22722,contig_17504:22645-22722
contig_17517	171090	171268	intergenic	.	contig_17517:171090-171268
contig_17526	50410	50528	intergenic	.	contig_17526:50410-50528
contig_17526	413195	413290	intergenic	.	contig_17526:413195-413290
contig_17538	14559	14641	intergenic	.	contig_17538:14559-14641
contig_17568	89062	89114	intergenic	.	contig_17568:89062-89114
contig_17583	193917	194011	intergenic	.	contig_17583:193917-194011
contig_17583	482686	482805	intergenic	.	contig_17583:482686-482805
contig_17600	41641	41721	gene,mRNA	.	contig_17600:41641-41721,contig_17600:41641-41721
contig_17615	73067	73397	gene,mRNA	.	contig_17615:73067-73397,contig_17615:73067-73397
contig_17617	7921	8035	intergenic	.	contig_17617:7921-8035
contig_17640	84818	84887	intergenic	.	contig_17640:84818-84887
contig_17645	28971	29157	intergenic	.	contig_17645:28971-29157
contig_17649	63058	63180	gene,mRNA	.	contig_17649:63058-63180,contig_17649:63058-63180
contig_17649	329747	329828	intergenic	.	contig_17649:329747-329828
contig_17654	49005	49292	intergenic	.	contig_17654:49005-49292
contig_17654	63162	63292	intergenic	.	contig_17654:63162-63292
contig_17654	170939	171026	intergenic	.	contig_17654:170939-171026
contig_17658	306132	306290	gene,mRNA	.	contig_17658:306132-306290,contig_17658:306132-306290
contig_17658	1046773	1046959	intergenic	.	contig_17658:1046773-1046959
contig_17697	156400	156523	intergenic	.	contig_17697:156400-156523
contig_17698	71573	71630	intergenic	.	contig_17698:71573-71630
contig_1770	359026	359088	intergenic	.	contig_1770:359026-359088
contig_17701	205594	205772	gene,mRNA	.	contig_17701:205594-205772,contig_17701:205594-205772
contig_17701	909649	909803	gene,mRNA	.	contig_17701:909649-909803,contig_17701:909649-909803
contig_17712	579822	579880	intergenic	.	contig_17712:579822-579880
contig_17712	859658	859818	intergenic	.	contig_17712:859658-859818
contig_17713	187732	187898	intergenic	.	contig_17713:187732-187898
contig_17713	194816	194916	intergenic	.	contig_17713:194816-194916
contig_17727	218746	218808	intergenic	.	contig_17727:218746-218808
contig_17751	180433	180486	intergenic	.	contig_17751:180433-180486
contig_17751	463003	463258	gene,mRNA	.	contig_17751:463003-463258,contig_17751:463003-463258
contig_17769	631400	631463	gene,mRNA	.	contig_17769:631400-631463,contig_17769:631400-631463
contig_17814	656706	656791	intergenic	.	contig_17814:656706-656791
contig_17832	516097	516347	intergenic	.	contig_17832:516097-516347
contig_17834	32335	32513	intergenic	.	contig_17834:32335-32513
contig_1784	130952	131155	intergenic	.	contig_1784:130952-131155
contig_1784	260511	260669	gene,mRNA,stop_codon,exon,CDS	.	contig_1784:260511-260669,contig_1784:260511-260669,contig_1784:260511-260669,contig_1784:260511-260669,contig_1784:260511-260669
contig_1784	262348	262498	gene,mRNA,exon,CDS	.	contig_1784:262348-262498,contig_1784:262348-262498,contig_1784:262348-262498,contig_1784:262348-262498
contig_1784	262798	262931	gene,mRNA	.	contig_1784:262798-262931,contig_1784:262798-262931
contig_17851	54257	54395	intergenic	.	contig_17851:54257-54395
contig_17851	54743	54879	intergenic	.	contig_17851:54743-54879
contig_17868	451954	452481	intergenic	.	contig_17868:451954-452481
contig_17868	454314	454379	intergenic	.	contig_17868:454314-454379
contig_17870	336417	336601	intergenic	.	contig_17870:336417-336601
contig_17884	87441	87644	intergenic	.	contig_17884:87441-87644
contig_1789	2183625	2183714	intergenic	.	contig_1789:2183625-2183714
contig_1789	2191023	2191455	intergenic	.	contig_1789:2191023-2191455
contig_1789	2192201	2192285	intergenic	.	contig_1789:2192201-2192285
contig_17892	199990	200081	intergenic	.	contig_17892:199990-200081
contig_17898	99463	99521	intergenic	.	contig_17898:99463-99521
contig_17899	228083	228165	gene,mRNA,exon,CDS	.	contig_17899:228083-228165,contig_17899:228083-228165,contig_17899:228083-228165,contig_17899:228083-228165
contig_17899	1136510	1136697	intergenic	.	contig_17899:1136510-1136697
contig_17899	1339061	1339168	intergenic	.	contig_17899:1339061-1339168
contig_17899	1535783	1535995	gene,mRNA	.	contig_17899:1535783-1535995,contig_17899:1535783-1535995
contig_17909	12972	13109	gene,mRNA	.	contig_17909:12972-13109,contig_17909:12972-13109
contig_17909	68432	68577	exon,CDS,stop_codon,gene,mRNA	.	contig_17909:68432-68577,contig_17909:68432-68577,contig_17909:68432-68577,contig_17909:68432-68577,contig_17909:68432-68577
contig_17911	347168	347298	intergenic	.	contig_17911:347168-347298
contig_17911	371366	371656	exon,CDS,stop_codon,polyA_signal_sequence,gene,mRNA	.	contig_17911:371366-371656,contig_17911:371366-371656,contig_17911:371366-371656,contig_17911:371366-371656,contig_17911:371366-371656,contig_17911:371366-371656
contig_17911	371650	371656	intergenic	.	contig_17911:371650-371656
contig_17932	169364	169521	gene,mRNA	.	contig_17932:169364-169521,contig_17932:169364-169521
contig_17940	180373	180476	intergenic	.	contig_17940:180373-180476
contig_17940	180958	181010	intergenic	.	contig_17940:180958-181010
contig_17947	22040	22183	intergenic	.	contig_17947:22040-22183
contig_17964	93809	93993	gene,mRNA	.	contig_17964:93809-93993,contig_17964:93809-93993
contig_17968	35626	35686	intergenic	.	contig_17968:35626-35686
contig_17968	56673	56866	intergenic	.	contig_17968:56673-56866
contig_17976	36653	36820	intergenic	.	contig_17976:36653-36820
contig_17988	457780	457939	intergenic	.	contig_17988:457780-457939
contig_17988	458656	458980	intergenic	.	contig_17988:458656-458980
contig_17998	23631	23952	intergenic	.	contig_17998:23631-23952
contig_18010	16715	16873	intergenic	.	contig_18010:16715-16873
contig_18018	111100	111168	intergenic	.	contig_18018:111100-111168
contig_18024	9611	9716	intergenic	.	contig_18024:9611-9716
contig_18024	143134	143235	gene,mRNA	.	contig_18024:143134-143235,contig_18024:143134-143235
contig_1803	512340	512498	intergenic	.	contig_1803:512340-512498
contig_1803	1199644	1199699	intergenic	.	contig_1803:1199644-1199699
contig_1803	1247204	1247311	intergenic	.	contig_1803:1247204-1247311
contig_1803	1316082	1316173	intergenic	.	contig_1803:1316082-1316173
contig_1803	2428819	2428890	intergenic	.	contig_1803:2428819-2428890
contig_18097	63859	64076	intergenic	.	contig_18097:63859-64076
contig_18128	311921	312169	intergenic	.	contig_18128:311921-312169
contig_18132	516863	517139	intergenic	.	contig_18132:516863-517139
contig_18169	143451	143575	intergenic	.	contig_18169:143451-143575
contig_18181	88709	88800	intergenic	.	contig_18181:88709-88800
contig_18181	371631	371809	intergenic	.	contig_18181:371631-371809
contig_1820	256671	256736	intergenic	.	contig_1820:256671-256736
contig_18209	31926	32010	intergenic	.	contig_18209:31926-32010
contig_18212	433731	433974	gene,mRNA	.	contig_18212:433731-433974,contig_18212:433731-433974
contig_18220	159663	159834	intergenic	.	contig_18220:159663-159834
contig_18238	24268	24487	intergenic	.	contig_18238:24268-24487
contig_18244	69624	69828	intergenic	.	contig_18244:69624-69828
contig_18249	124062	124161	gene,mRNA	.	contig_18249:124062-124161,contig_18249:124062-124161
contig_18253	97581	97744	intergenic	.	contig_18253:97581-97744
contig_18253	137142	137403	intergenic	.	contig_18253:137142-137403
contig_18257	90366	90473	gene,mRNA	.	contig_18257:90366-90473,contig_18257:90366-90473
contig_18278	74090	74296	gene,mRNA	.	contig_18278:74090-74296,contig_18278:74090-74296
contig_18278	74457	74515	gene,mRNA	.	contig_18278:74457-74515,contig_18278:74457-74515
contig_1847	1595206	1595312	intergenic	.	contig_1847:1595206-1595312
contig_1861	1046947	1047045	intergenic	.	contig_1861:1046947-1047045
contig_1861	1835182	1835325	intergenic	.	contig_1861:1835182-1835325
contig_1861	1835750	1835994	intergenic	.	contig_1861:1835750-1835994
contig_1861	2661220	2661351	intergenic	.	contig_1861:2661220-2661351
contig_1861	2728841	2728891	intergenic	.	contig_1861:2728841-2728891
contig_1861	3185062	3185180	intergenic	.	contig_1861:3185062-3185180
contig_1861	3357101	3357296	intergenic	.	contig_1861:3357101-3357296
contig_1865	396510	396629	intergenic	.	contig_1865:396510-396629
contig_1882	606463	606612	gene,mRNA	.	contig_1882:606463-606612,contig_1882:606463-606612
contig_1887	518019	518161	gene,mRNA	.	contig_1887:518019-518161,contig_1887:518019-518161
contig_1887	599980	600118	intergenic	.	contig_1887:599980-600118
contig_1887	875868	876211	gene,mRNA	.	contig_1887:875868-876211,contig_1887:875868-876211
contig_1934	760802	760912	intergenic	.	contig_1934:760802-760912
contig_1957	552101	552195	gene,mRNA	.	contig_1957:552101-552195,contig_1957:552101-552195
contig_197	582107	582294	intergenic	.	contig_197:582107-582294
contig_197	612429	612480	intergenic	.	contig_197:612429-612480
contig_1991	52854	53057	intergenic	.	contig_1991:52854-53057
contig_2015	66931	67040	gene,mRNA	.	contig_2015:66931-67040,contig_2015:66931-67040
contig_2015	395507	395611	intergenic	.	contig_2015:395507-395611
contig_2015	495394	495464	intergenic	.	contig_2015:495394-495464
contig_2015	558812	559111	intergenic	.	contig_2015:558812-559111
contig_2018	273115	273193	intergenic	.	contig_2018:273115-273193
contig_2018	440413	440507	gene,mRNA	.	contig_2018:440413-440507,contig_2018:440413-440507
contig_2019	784955	785084	intergenic	.	contig_2019:784955-785084
contig_2019	797451	797653	intergenic	.	contig_2019:797451-797653
contig_2019	1151268	1151433	intergenic	.	contig_2019:1151268-1151433
contig_2019	2062895	2062964	intergenic	.	contig_2019:2062895-2062964
contig_2019	3375485	3375574	gene,mRNA	.	contig_2019:3375485-3375574,contig_2019:3375485-3375574
contig_2019	3479938	3480085	intergenic	.	contig_2019:3479938-3480085
contig_2019	4025383	4025619	intergenic	.	contig_2019:4025383-4025619
contig_2019	4601039	4601171	intergenic	.	contig_2019:4601039-4601171
contig_2019	4980106	4980221	intergenic	.	contig_2019:4980106-4980221
contig_2019	5388086	5388252	gene,mRNA	.	contig_2019:5388086-5388252,contig_2019:5388086-5388252
contig_2020	278762	278833	intergenic	.	contig_2020:278762-278833
contig_2020	833525	833667	gene,mRNA	.	contig_2020:833525-833667,contig_2020:833525-833667
contig_2021	2832066	2832237	intergenic	.	contig_2021:2832066-2832237
contig_2021	3187531	3187660	intergenic	.	contig_2021:3187531-3187660
contig_2022	110966	111108	intergenic	.	contig_2022:110966-111108
contig_2022	1304258	1304384	intergenic	.	contig_2022:1304258-1304384
contig_2022	1428830	1428948	intergenic	.	contig_2022:1428830-1428948
contig_2022	2363663	2363730	intergenic	.	contig_2022:2363663-2363730
contig_2024	687752	687848	intergenic	.	contig_2024:687752-687848
contig_2024	737269	737498	intergenic	.	contig_2024:737269-737498
contig_2032	552388	552444	intergenic	.	contig_2032:552388-552444
contig_2032	1076680	1076731	intergenic	.	contig_2032:1076680-1076731
contig_2032	2154760	2154828	intergenic	.	contig_2032:2154760-2154828
contig_2033	66535	66636	gene,mRNA	.	contig_2033:66535-66636,contig_2033:66535-66636
contig_2033	67302	67365	gene,mRNA	.	contig_2033:67302-67365,contig_2033:67302-67365
contig_2033	323572	323815	intergenic	.	contig_2033:323572-323815
contig_2033	805004	805068	intergenic	.	contig_2033:805004-805068
contig_2033	1104594	1104754	gene,mRNA	.	contig_2033:1104594-1104754,contig_2033:1104594-1104754
contig_2066	948535	948965	intergenic	.	contig_2066:948535-948965
contig_2067	217884	217994	intergenic	.	contig_2067:217884-217994
contig_2067	1643276	1643420	intergenic	.	contig_2067:1643276-1643420
contig_2067	2059289	2059349	intergenic	.	contig_2067:2059289-2059349
contig_2067	2070574	2070679	intergenic	.	contig_2067:2070574-2070679
contig_2092	1189186	1189317	intergenic	.	contig_2092:1189186-1189317
contig_2092	1266874	1266936	intergenic	.	contig_2092:1266874-1266936
contig_2092	1468832	1469078	intergenic	.	contig_2092:1468832-1469078
contig_2092	1501980	1502181	intergenic	.	contig_2092:1501980-1502181
contig_2092	2582740	2583043	intergenic	.	contig_2092:2582740-2583043
contig_2092	3103072	3103180	intergenic	.	contig_2092:3103072-3103180
contig_2092	3173675	3173863	intergenic	.	contig_2092:3173675-3173863
contig_2095	34392	34458	intergenic	.	contig_2095:34392-34458
contig_2097	283916	284010	intergenic	.	contig_2097:283916-284010
contig_2143	2685994	2686208	intergenic	.	contig_2143:2685994-2686208
contig_2143	3061694	3061845	intergenic	.	contig_2143:3061694-3061845
contig_2157	99292	99493	intergenic	.	contig_2157:99292-99493
contig_2157	523130	523247	intergenic	.	contig_2157:523130-523247
contig_2157	1264075	1264247	intergenic	.	contig_2157:1264075-1264247
contig_2157	1264914	1264980	intergenic	.	contig_2157:1264914-1264980
contig_2157	1452587	1452711	intergenic	.	contig_2157:1452587-1452711
contig_2157	4514821	4514918	intergenic	.	contig_2157:4514821-4514918
contig_2186	533414	533475	intergenic	.	contig_2186:533414-533475
contig_2213	322288	322402	intergenic	.	contig_2213:322288-322402
contig_2225	725109	725203	intergenic	.	contig_2225:725109-725203
contig_2225	778103	778616	gene,mRNA	.	contig_2225:778103-778616,contig_2225:778103-778616
contig_2225	792255	792397	gene,mRNA	.	contig_2225:792255-792397,contig_2225:792255-792397
contig_2294	1766514	1766586	gene,mRNA	.	contig_2294:1766514-1766586,contig_2294:1766514-1766586
contig_2299	1662592	1662670	intergenic	.	contig_2299:1662592-1662670
contig_2300	923356	923453	intergenic	.	contig_2300:923356-923453
contig_2317	263524	263580	intergenic	.	contig_2317:263524-263580
contig_2318	1995482	1995540	gene,mRNA	.	contig_2318:1995482-1995540,contig_2318:1995482-1995540
contig_2342	565695	565761	intergenic	.	contig_2342:565695-565761
contig_2342	998086	998161	gene,mRNA	.	contig_2342:998086-998161,contig_2342:998086-998161
contig_2345	1035848	1035914	intergenic	.	contig_2345:1035848-1035914
contig_2347	638500	638609	gene,mRNA	.	contig_2347:638500-638609,contig_2347:638500-638609
contig_2347	652761	652892	gene,mRNA	.	contig_2347:652761-652892,contig_2347:652761-652892
contig_2347	741865	741942	intergenic	.	contig_2347:741865-741942
contig_2348	681872	682254	intergenic	.	contig_2348:681872-682254
contig_2348	3698475	3698544	gene,mRNA	.	contig_2348:3698475-3698544,contig_2348:3698475-3698544
contig_2350	244403	244507	intergenic	.	contig_2350:244403-244507
contig_2350	460429	460494	intergenic	.	contig_2350:460429-460494
contig_2350	2009385	2009793	intergenic	.	contig_2350:2009385-2009793
contig_2355	320604	320729	gene,mRNA	.	contig_2355:320604-320729,contig_2355:320604-320729
contig_2355	1508377	1508594	gene,mRNA	.	contig_2355:1508377-1508594,contig_2355:1508377-1508594
contig_2355	1516688	1516782	gene,mRNA	.	contig_2355:1516688-1516782,contig_2355:1516688-1516782
contig_2355	1623821	1623919	intergenic	.	contig_2355:1623821-1623919
contig_2355	2155162	2155234	intergenic	.	contig_2355:2155162-2155234
contig_2355	2684495	2684580	intergenic	.	contig_2355:2684495-2684580
contig_2357	101174	102501	intergenic	.	contig_2357:101174-102501
contig_2364	394208	394293	intergenic	.	contig_2364:394208-394293
contig_2364	513046	513278	intergenic	.	contig_2364:513046-513278
contig_2367	768236	768626	intergenic	.	contig_2367:768236-768626
contig_2380	142723	142852	intergenic	.	contig_2380:142723-142852
contig_2380	271118	271281	gene,mRNA	.	contig_2380:271118-271281,contig_2380:271118-271281
contig_2380	293677	293737	intergenic	.	contig_2380:293677-293737
contig_2380	470073	470793	intergenic	.	contig_2380:470073-470793
contig_2380	656998	657143	gene,mRNA	.	contig_2380:656998-657143,contig_2380:656998-657143
contig_2383	1438611	1438944	intergenic	.	contig_2383:1438611-1438944
contig_2383	3378026	3378175	intergenic	.	contig_2383:3378026-3378175
contig_2387	718956	719119	gene,mRNA	.	contig_2387:718956-719119,contig_2387:718956-719119
contig_2387	900401	900593	intergenic	.	contig_2387:900401-900593
contig_2387	901313	901416	intergenic	.	contig_2387:901313-901416
contig_2395	1143113	1143225	intergenic	.	contig_2395:1143113-1143225
contig_2395	1231315	1231401	gene,mRNA	.	contig_2395:1231315-1231401,contig_2395:1231315-1231401
contig_2395	1282023	1282144	intergenic	.	contig_2395:1282023-1282144
contig_2396	360944	361042	intergenic	.	contig_2396:360944-361042
contig_2403	76375	76447	intergenic	.	contig_2403:76375-76447
contig_2412	1196556	1196706	gene,mRNA,exon,CDS	.	contig_2412:1196556-1196706,contig_2412:1196556-1196706,contig_2412:1196556-1196706,contig_2412:1196556-1196706
contig_2412	1197200	1197350	gene,mRNA,exon,CDS	.	contig_2412:1197200-1197350,contig_2412:1197200-1197350,contig_2412:1197200-1197350,contig_2412:1197200-1197350
contig_2455	1034051	1034359	intergenic	.	contig_2455:1034051-1034359
contig_2455	2105305	2105556	intergenic	.	contig_2455:2105305-2105556
contig_2456	689162	689259	intergenic	.	contig_2456:689162-689259
contig_2456	1584208	1584336	intergenic	.	contig_2456:1584208-1584336
contig_2456	1613216	1613351	intergenic	.	contig_2456:1613216-1613351
contig_2456	1613744	1613894	intergenic	.	contig_2456:1613744-1613894
contig_2456	2310077	2310637	intergenic	.	contig_2456:2310077-2310637
contig_2456	2991456	2991523	intergenic	.	contig_2456:2991456-2991523
contig_2456	4026869	4027052	intergenic	.	contig_2456:4026869-4027052
contig_2456	4101407	4101469	intergenic	.	contig_2456:4101407-4101469
contig_2456	4208622	4208683	intergenic	.	contig_2456:4208622-4208683
contig_2488	674179	674343	intergenic	.	contig_2488:674179-674343
contig_2492	386356	386586	intergenic	.	contig_2492:386356-386586
contig_2492	4021625	4021795	intergenic	.	contig_2492:4021625-4021795
contig_2492	4250995	4251090	gene,mRNA	.	contig_2492:4250995-4251090,contig_2492:4250995-4251090
contig_2505	154558	154723	gene,mRNA	.	contig_2505:154558-154723,contig_2505:154558-154723
contig_2505	216719	216839	intergenic	.	contig_2505:216719-216839
contig_2523	1006127	1006465	intergenic	.	contig_2523:1006127-1006465
contig_2523	1430209	1430416	gene,mRNA	.	contig_2523:1430209-1430416,contig_2523:1430209-1430416
contig_2526	1180630	1180730	gene,mRNA	.	contig_2526:1180630-1180730,contig_2526:1180630-1180730
contig_2557	55906	56106	gene,mRNA	.	contig_2557:55906-56106,contig_2557:55906-56106
contig_2557	305670	305959	intergenic	.	contig_2557:305670-305959
contig_2557	793283	793426	intergenic	.	contig_2557:793283-793426
contig_2557	1827220	1827300	intergenic	.	contig_2557:1827220-1827300
contig_2559	1088808	1088858	intergenic	.	contig_2559:1088808-1088858
contig_2559	1810577	1810759	intergenic	.	contig_2559:1810577-1810759
contig_2559	2352984	2353047	intergenic	.	contig_2559:2352984-2353047
contig_2559	2387546	2387603	intergenic	.	contig_2559:2387546-2387603
contig_2559	3011214	3011411	intergenic	.	contig_2559:3011214-3011411
contig_2566	100298	100376	intergenic	.	contig_2566:100298-100376
contig_2574	40639	40712	gene,mRNA	.	contig_2574:40639-40712,contig_2574:40639-40712
contig_2580	103743	103917	intergenic	.	contig_2580:103743-103917
contig_2589	585059	585223	intergenic	.	contig_2589:585059-585223
contig_2589	759031	759100	intergenic	.	contig_2589:759031-759100
contig_2589	852188	852382	intergenic	.	contig_2589:852188-852382
contig_2616	668297	668360	gene,mRNA	.	contig_2616:668297-668360,contig_2616:668297-668360
contig_2616	2547860	2548039	intergenic	.	contig_2616:2547860-2548039
contig_2691	402996	403069	intergenic	.	contig_2691:402996-403069
contig_2691	545029	545170	intergenic	.	contig_2691:545029-545170
contig_2691	935804	936038	gene,mRNA	.	contig_2691:935804-936038,contig_2691:935804-936038
contig_2691	1358672	1358968	gene,mRNA	.	contig_2691:1358672-1358968,contig_2691:1358672-1358968
contig_2706	73799	73960	intergenic	.	contig_2706:73799-73960
contig_2710	844110	844163	intergenic	.	contig_2710:844110-844163
contig_2714	463829	463930	gene,mRNA	.	contig_2714:463829-463930,contig_2714:463829-463930
contig_272	158104	158178	intergenic	.	contig_272:158104-158178
contig_2723	232437	232534	gene,mRNA	.	contig_2723:232437-232534,contig_2723:232437-232534
contig_2723	659524	659622	intergenic	.	contig_2723:659524-659622
contig_2723	659935	660043	intergenic	.	contig_2723:659935-660043
contig_2745	640832	640924	intergenic	.	contig_2745:640832-640924
contig_2745	744735	744818	intergenic	.	contig_2745:744735-744818
contig_2753	456035	456162	gene,mRNA	.	contig_2753:456035-456162,contig_2753:456035-456162
contig_2753	1500419	1500566	intergenic	.	contig_2753:1500419-1500566
contig_2800	201376	201607	intergenic	.	contig_2800:201376-201607
contig_2800	467358	467446	intergenic	.	contig_2800:467358-467446
contig_2816	1594495	1594699	intergenic	.	contig_2816:1594495-1594699
contig_2819	456574	456740	intergenic	.	contig_2819:456574-456740
contig_2819	462343	462413	intergenic	.	contig_2819:462343-462413
contig_2830	317699	317985	intergenic	.	contig_2830:317699-317985
contig_2830	335193	335282	intergenic	.	contig_2830:335193-335282
contig_2830	931009	931107	intergenic	.	contig_2830:931009-931107
contig_2830	2131597	2131690	intergenic	.	contig_2830:2131597-2131690
contig_2867	31093	31173	intergenic	.	contig_2867:31093-31173
contig_2897	969705	969950	gene,mRNA	.	contig_2897:969705-969950,contig_2897:969705-969950
contig_2898	372288	372712	intergenic	.	contig_2898:372288-372712
contig_2898	495112	495419	intergenic	.	contig_2898:495112-495419
contig_2899	181274	181370	intergenic	.	contig_2899:181274-181370
contig_2899	399912	400284	intergenic	.	contig_2899:399912-400284
contig_2899	964068	964133	intergenic	.	contig_2899:964068-964133
contig_2899	1723978	1724177	gene,mRNA	.	contig_2899:1723978-1724177,contig_2899:1723978-1724177
contig_2906	128495	128673	gene,mRNA	.	contig_2906:128495-128673,contig_2906:128495-128673
contig_2921	117494	117582	intergenic	.	contig_2921:117494-117582
contig_2921	828767	829047	intergenic	.	contig_2921:828767-829047
contig_2929	188720	188801	gene,mRNA	.	contig_2929:188720-188801,contig_2929:188720-188801
contig_2948	560893	560946	intergenic	.	contig_2948:560893-560946
contig_2948	879432	879494	intergenic	.	contig_2948:879432-879494
contig_2948	1996635	1996747	intergenic	.	contig_2948:1996635-1996747
contig_2958	648550	648616	intergenic	.	contig_2958:648550-648616
contig_2958	1218209	1218266	intergenic	.	contig_2958:1218209-1218266
contig_2958	1417258	1417562	intergenic	.	contig_2958:1417258-1417562
contig_2958	2978467	2978544	intergenic	.	contig_2958:2978467-2978544
contig_2963	3315	3444	intergenic	.	contig_2963:3315-3444
contig_2979	419770	419914	intergenic	.	contig_2979:419770-419914
contig_2983	58533	58772	gene,mRNA	.	contig_2983:58533-58772,contig_2983:58533-58772
contig_2983	292313	292381	gene,mRNA	.	contig_2983:292313-292381,contig_2983:292313-292381
contig_2983	428889	429018	intergenic	.	contig_2983:428889-429018
contig_2990	746469	746641	gene,mRNA	.	contig_2990:746469-746641,contig_2990:746469-746641
contig_2993	47140	47208	intergenic	.	contig_2993:47140-47208
contig_2997	481092	481242	gene,mRNA,exon,CDS	.	contig_2997:481092-481242,contig_2997:481092-481242,contig_2997:481092-481242,contig_2997:481092-481242
contig_3	722632	722683	gene,mRNA	.	contig_3:722632-722683,contig_3:722632-722683
contig_3012	523391	523446	intergenic	.	contig_3012:523391-523446
contig_3012	838532	838627	intergenic	.	contig_3012:838532-838627
contig_3012	1205526	1205665	intergenic	.	contig_3012:1205526-1205665
contig_3012	1534170	1534295	intergenic	.	contig_3012:1534170-1534295
contig_3017	376197	376274	intergenic	.	contig_3017:376197-376274
contig_3018	969616	969865	intergenic	.	contig_3018:969616-969865
contig_3018	1117193	1117267	intergenic	.	contig_3018:1117193-1117267
contig_3022	585683	585905	gene,mRNA	.	contig_3022:585683-585905,contig_3022:585683-585905
contig_3033	164186	164264	intergenic	.	contig_3033:164186-164264
contig_3033	408045	408250	intergenic	.	contig_3033:408045-408250
contig_3064	422231	422310	intergenic	.	contig_3064:422231-422310
contig_3073	437327	437474	gene,mRNA	.	contig_3073:437327-437474,contig_3073:437327-437474
contig_3073	605226	605359	intergenic	.	contig_3073:605226-605359
contig_3073	660988	661169	intergenic	.	contig_3073:660988-661169
contig_3078	2140631	2140774	intergenic	.	contig_3078:2140631-2140774
contig_3087	616803	616864	intergenic	.	contig_3087:616803-616864
contig_3090	448692	448769	gene,mRNA	.	contig_3090:448692-448769,contig_3090:448692-448769
contig_3090	586201	586323	intergenic	.	contig_3090:586201-586323
contig_3090	1506292	1506342	intergenic	.	contig_3090:1506292-1506342
contig_3090	2034213	2034317	gene,mRNA	.	contig_3090:2034213-2034317,contig_3090:2034213-2034317
contig_3107	98536	98672	intergenic	.	contig_3107:98536-98672
contig_3116	641173	641274	intergenic	.	contig_3116:641173-641274
contig_3116	894824	894926	intergenic	.	contig_3116:894824-894926
contig_3116	990535	990638	intergenic	.	contig_3116:990535-990638
contig_3123	730565	730628	intergenic	.	contig_3123:730565-730628
contig_3123	730940	731172	intergenic	.	contig_3123:730940-731172
contig_3123	758910	759086	intergenic	.	contig_3123:758910-759086
contig_3123	1226377	1226565	intergenic	.	contig_3123:1226377-1226565
contig_3134	662791	662996	intergenic	.	contig_3134:662791-662996
contig_3157	870280	870341	intergenic	.	contig_3157:870280-870341
contig_3157	1104242	1104505	intergenic	.	contig_3157:1104242-1104505
contig_3177	500424	500507	intergenic	.	contig_3177:500424-500507
contig_3177	731204	731430	gene,mRNA	.	contig_3177:731204-731430,contig_3177:731204-731430
contig_3177	899631	899704	intergenic	.	contig_3177:899631-899704
contig_3177	902369	902576	intergenic	.	contig_3177:902369-902576
contig_3179	381579	381686	intergenic	.	contig_3179:381579-381686
contig_3179	381881	382027	intergenic	.	contig_3179:381881-382027
contig_3179	532371	532589	intergenic	.	contig_3179:532371-532589
contig_3179	676981	677162	intergenic	.	contig_3179:676981-677162
contig_3181	5953	6017	intergenic	.	contig_3181:5953-6017
contig_3185	323123	323275	gene,mRNA	.	contig_3185:323123-323275,contig_3185:323123-323275
contig_3187	546751	546958	intergenic	.	contig_3187:546751-546958
contig_3187	1622388	1622456	intergenic	.	contig_3187:1622388-1622456
contig_3187	1963687	1963804	intergenic	.	contig_3187:1963687-1963804
contig_3187	2269032	2269161	intergenic	.	contig_3187:2269032-2269161
contig_3188	858309	858435	intergenic	.	contig_3188:858309-858435
contig_3189	2829117	2829278	intergenic	.	contig_3189:2829117-2829278
contig_3189	2851686	2852051	intergenic	.	contig_3189:2851686-2852051
contig_3213	853700	853853	intergenic	.	contig_3213:853700-853853
contig_3229	873005	873113	intergenic	.	contig_3229:873005-873113
contig_3229	1024424	1024625	intergenic	.	contig_3229:1024424-1024625
contig_3231	53170	53442	gene,mRNA	.	contig_3231:53170-53442,contig_3231:53170-53442
contig_3235	221412	222035	intergenic	.	contig_3235:221412-222035
contig_3241	1674825	1675151	intergenic	.	contig_3241:1674825-1675151
contig_3246	668182	668238	intergenic	.	contig_3246:668182-668238
contig_3250	1605218	1605563	gene,mRNA	.	contig_3250:1605218-1605563,contig_3250:1605218-1605563
contig_3250	1717940	1718289	intergenic	.	contig_3250:1717940-1718289
contig_3250	3096070	3096184	intergenic	.	contig_3250:3096070-3096184
contig_3250	3705038	3705209	intergenic	.	contig_3250:3705038-3705209
contig_3250	4466510	4466638	intergenic	.	contig_3250:4466510-4466638
contig_3259	485380	485805	intergenic	.	contig_3259:485380-485805
contig_3275	915411	915493	intergenic	.	contig_3275:915411-915493
contig_3280	1728893	1728949	gene,mRNA	.	contig_3280:1728893-1728949,contig_3280:1728893-1728949
contig_3280	1862656	1862883	gene,mRNA	.	contig_3280:1862656-1862883,contig_3280:1862656-1862883
contig_3280	2253722	2253984	intergenic	.	contig_3280:2253722-2253984
contig_3280	3397990	3398159	intergenic	.	contig_3280:3397990-3398159
contig_3280	3453111	3453394	intergenic	.	contig_3280:3453111-3453394
contig_3280	3639675	3640000	gene,mRNA	.	contig_3280:3639675-3640000,contig_3280:3639675-3640000
contig_3280	4560109	4560351	intergenic	.	contig_3280:4560109-4560351
contig_3295	44524	44577	intergenic	.	contig_3295:44524-44577
contig_3295	323956	324109	intergenic	.	contig_3295:323956-324109
contig_3295	539871	540119	intergenic	.	contig_3295:539871-540119
contig_3295	850971	851114	intergenic	.	contig_3295:850971-851114
contig_3295	1158543	1158608	gene,mRNA	.	contig_3295:1158543-1158608,contig_3295:1158543-1158608
contig_3304	361821	361908	intergenic	.	contig_3304:361821-361908
contig_3309	505997	506121	intergenic	.	contig_3309:505997-506121
contig_3310	298221	298418	gene,mRNA	.	contig_3310:298221-298418,contig_3310:298221-298418
contig_3310	883600	884025	intergenic	.	contig_3310:883600-884025
contig_3310	928654	928767	intergenic	.	contig_3310:928654-928767
contig_3310	1510436	1510643	gene,mRNA	.	contig_3310:1510436-1510643,contig_3310:1510436-1510643
contig_3313	166052	166105	gene,mRNA	.	contig_3313:166052-166105,contig_3313:166052-166105
contig_3317	60261	60696	intergenic	.	contig_3317:60261-60696
contig_3318	280182	280284	gene,mRNA	.	contig_3318:280182-280284,contig_3318:280182-280284
contig_3318	685289	685355	intergenic	.	contig_3318:685289-685355
contig_3318	864262	864403	intergenic	.	contig_3318:864262-864403
contig_3318	1046883	1046967	intergenic	.	contig_3318:1046883-1046967
contig_3319	1082733	1082966	intergenic	.	contig_3319:1082733-1082966
contig_3324	194745	194923	gene,mRNA	.	contig_3324:194745-194923,contig_3324:194745-194923
contig_3325	1207760	1207886	intergenic	.	contig_3325:1207760-1207886
contig_3325	2050832	2051025	gene,mRNA	.	contig_3325:2050832-2051025,contig_3325:2050832-2051025
contig_3325	3468482	3468561	intergenic	.	contig_3325:3468482-3468561
contig_3325	4474736	4474858	gene,mRNA	.	contig_3325:4474736-4474858,contig_3325:4474736-4474858
contig_3326	285607	285858	gene,mRNA	.	contig_3326:285607-285858,contig_3326:285607-285858
contig_3326	371609	371794	intergenic	.	contig_3326:371609-371794
contig_3326	524639	524856	intergenic	.	contig_3326:524639-524856
contig_3326	537309	537410	intergenic	.	contig_3326:537309-537410
contig_3342	389198	389505	intergenic	.	contig_3342:389198-389505
contig_3365	16851	16904	gene,mRNA	.	contig_3365:16851-16904,contig_3365:16851-16904
contig_3381	535329	535507	intergenic	.	contig_3381:535329-535507
contig_3381	874853	874925	intergenic	.	contig_3381:874853-874925
contig_3395	1183307	1183460	intergenic	.	contig_3395:1183307-1183460
contig_3411	243476	243622	intergenic	.	contig_3411:243476-243622
contig_3411	865826	865955	intergenic	.	contig_3411:865826-865955
contig_3411	899485	899773	gene,mRNA,exon,CDS	.	contig_3411:899485-899773,contig_3411:899485-899773,contig_3411:899485-899773,contig_3411:899485-899773
contig_3411	1555546	1555627	gene,mRNA	.	contig_3411:1555546-1555627,contig_3411:1555546-1555627
contig_3411	2527436	2527625	intergenic	.	contig_3411:2527436-2527625
contig_3428	88426	88608	intergenic	.	contig_3428:88426-88608
contig_3428	562589	562649	intergenic	.	contig_3428:562589-562649
contig_3436	820836	821140	intergenic	.	contig_3436:820836-821140
contig_3436	1705058	1705218	intergenic	.	contig_3436:1705058-1705218
contig_3443	209064	209481	gene,polyA_signal_sequence	.	contig_3443:209064-209481,contig_3443:209064-209481
contig_3443	209226	209481	intergenic	.	contig_3443:209226-209481
contig_3482	1452041	1452213	intergenic	.	contig_3482:1452041-1452213
contig_3485	178223	178376	gene,mRNA	.	contig_3485:178223-178376,contig_3485:178223-178376
contig_3485	178841	178955	gene,mRNA	.	contig_3485:178841-178955,contig_3485:178841-178955
contig_3485	1428483	1428612	intergenic	.	contig_3485:1428483-1428612
contig_3485	1710862	1710966	intergenic	.	contig_3485:1710862-1710966
contig_3494	12032	12224	intergenic	.	contig_3494:12032-12224
contig_3494	811639	811787	intergenic	.	contig_3494:811639-811787
contig_3505	380440	380536	gene,mRNA	.	contig_3505:380440-380536,contig_3505:380440-380536
contig_3505	697125	697313	gene,mRNA	.	contig_3505:697125-697313,contig_3505:697125-697313
contig_3505	734922	735080	gene,mRNA	.	contig_3505:734922-735080,contig_3505:734922-735080
contig_3505	1427776	1427839	intergenic	.	contig_3505:1427776-1427839
contig_3517	317094	317218	intergenic	.	contig_3517:317094-317218
contig_3518	80361	80423	intergenic	.	contig_3518:80361-80423
contig_3518	379257	379315	intergenic	.	contig_3518:379257-379315
contig_3518	517385	517560	intergenic	.	contig_3518:517385-517560
contig_3535	20834	21181	intergenic	.	contig_3535:20834-21181
contig_3537	725440	725582	intergenic	.	contig_3537:725440-725582
contig_3537	1419528	1419683	intergenic	.	contig_3537:1419528-1419683
contig_3550	335725	335850	intergenic	.	contig_3550:335725-335850
contig_3550	825916	826398	intergenic	.	contig_3550:825916-826398
contig_3571	163036	163257	intergenic	.	contig_3571:163036-163257
contig_3573	53100	53191	intergenic	.	contig_3573:53100-53191
contig_3581	479590	479657	intergenic	.	contig_3581:479590-479657
contig_3593	901362	901420	intergenic	.	contig_3593:901362-901420
contig_3594	6661	6713	intergenic	.	contig_3594:6661-6713
contig_3596	145995	146087	intergenic	.	contig_3596:145995-146087
contig_3596	641713	641806	intergenic	.	contig_3596:641713-641806
contig_3596	787277	787437	gene,mRNA	.	contig_3596:787277-787437,contig_3596:787277-787437
contig_3596	1506798	1506938	intergenic	.	contig_3596:1506798-1506938
contig_3596	2010043	2010117	intergenic	.	contig_3596:2010043-2010117
contig_3602	403418	403586	intergenic	.	contig_3602:403418-403586
contig_3602	403923	403983	intergenic	.	contig_3602:403923-403983
contig_3608	548458	548579	intergenic	.	contig_3608:548458-548579
contig_3611	404051	404103	gene,mRNA	.	contig_3611:404051-404103,contig_3611:404051-404103
contig_3615	534390	534466	intergenic	.	contig_3615:534390-534466
contig_3615	964051	964323	intergenic	.	contig_3615:964051-964323
contig_3615	2136825	2137102	intergenic	.	contig_3615:2136825-2137102
contig_3620	936360	936490	intergenic	.	contig_3620:936360-936490
contig_3635	40811	40910	intergenic	.	contig_3635:40811-40910
contig_3667	195002	195061	intergenic	.	contig_3667:195002-195061
contig_3667	576588	576649	intergenic	.	contig_3667:576588-576649
contig_3667	2251258	2251348	intergenic	.	contig_3667:2251258-2251348
contig_3667	2598412	2598799	intergenic	.	contig_3667:2598412-2598799
contig_3667	3031830	3031945	gene,mRNA	.	contig_3667:3031830-3031945,contig_3667:3031830-3031945
contig_3669	312376	312449	intergenic	.	contig_3669:312376-312449
contig_3678	349867	349919	gene,mRNA,exon,CDS	.	contig_3678:349867-349919,contig_3678:349867-349919,contig_3678:349867-349919,contig_3678:349867-349919
contig_3689	1855078	1855134	intergenic	.	contig_3689:1855078-1855134
contig_3689	2001627	2001712	intergenic	.	contig_3689:2001627-2001712
contig_3699	200543	200659	intergenic	.	contig_3699:200543-200659
contig_3701	482093	482156	intergenic	.	contig_3701:482093-482156
contig_3701	488589	488736	intergenic	.	contig_3701:488589-488736
contig_3704	205722	205890	intergenic	.	contig_3704:205722-205890
contig_3710	273798	273934	intergenic	.	contig_3710:273798-273934
contig_3710	670768	670916	intergenic	.	contig_3710:670768-670916
contig_3715	48916	48983	intergenic	.	contig_3715:48916-48983
contig_3724	362968	363429	gene,mRNA,exon,CDS	.	contig_3724:362968-363429,contig_3724:362968-363429,contig_3724:362968-363429,contig_3724:362968-363429
contig_3724	487170	487227	intergenic	.	contig_3724:487170-487227
contig_3724	687095	687208	intergenic	.	contig_3724:687095-687208
contig_3724	687506	687615	intergenic	.	contig_3724:687506-687615
contig_3724	794753	794806	intergenic	.	contig_3724:794753-794806
contig_3724	1244095	1244246	intergenic	.	contig_3724:1244095-1244246
contig_3725	366271	366334	intergenic	.	contig_3725:366271-366334
contig_3736	434022	434100	gene,mRNA	.	contig_3736:434022-434100,contig_3736:434022-434100
contig_3742	933805	933920	intergenic	.	contig_3742:933805-933920
contig_3742	1107389	1107668	intergenic	.	contig_3742:1107389-1107668
contig_3742	1215019	1215087	intergenic	.	contig_3742:1215019-1215087
contig_3743	31130	31298	intergenic	.	contig_3743:31130-31298
contig_3759	1183752	1183932	gene,mRNA	.	contig_3759:1183752-1183932,contig_3759:1183752-1183932
contig_3781	401192	401413	intergenic	.	contig_3781:401192-401413
contig_3781	494747	494874	intergenic	.	contig_3781:494747-494874
contig_3798	629850	629922	intergenic	.	contig_3798:629850-629922
contig_3814	153908	154013	intergenic	.	contig_3814:153908-154013
contig_3814	268097	268168	intergenic	.	contig_3814:268097-268168
contig_382	269790	269950	intergenic	.	contig_382:269790-269950
contig_382	772934	773082	intergenic	.	contig_382:772934-773082
contig_382	2607494	2607622	intergenic	.	contig_382:2607494-2607622
contig_3823	99140	99262	intergenic	.	contig_3823:99140-99262
contig_3826	1176138	1176321	intergenic	.	contig_3826:1176138-1176321
contig_3826	1951506	1951586	intergenic	.	contig_3826:1951506-1951586
contig_3827	172352	172531	intergenic	.	contig_3827:172352-172531
contig_3828	22606	22747	intergenic	.	contig_3828:22606-22747
contig_3845	786053	786137	intergenic	.	contig_3845:786053-786137
contig_3845	1031412	1031531	intergenic	.	contig_3845:1031412-1031531
contig_3854	466532	466927	intergenic	.	contig_3854:466532-466927
contig_3854	1185513	1185798	intergenic	.	contig_3854:1185513-1185798
contig_389	104681	104808	intergenic	.	contig_389:104681-104808
contig_3892	113946	114008	gene,mRNA	.	contig_3892:113946-114008,contig_3892:113946-114008
contig_3901	140597	140673	intergenic	.	contig_3901:140597-140673
contig_3908	653195	653275	intergenic	.	contig_3908:653195-653275
contig_3908	736279	736362	gene,mRNA	.	contig_3908:736279-736362,contig_3908:736279-736362
contig_3910	129008	129260	intergenic	.	contig_3910:129008-129260
contig_3910	401004	401173	intergenic	.	contig_3910:401004-401173
contig_3910	401678	401763	intergenic	.	contig_3910:401678-401763
contig_3910	401916	402005	intergenic	.	contig_3910:401916-402005
contig_3939	1310819	1310939	intergenic	.	contig_3939:1310819-1310939
contig_3939	3748426	3748660	intergenic	.	contig_3939:3748426-3748660
contig_4129	428870	429064	intergenic	.	contig_4129:428870-429064
contig_4271	338073	338128	intergenic	.	contig_4271:338073-338128
contig_4278	141082	141141	intergenic	.	contig_4278:141082-141141
contig_4278	401265	401398	gene,mRNA	.	contig_4278:401265-401398,contig_4278:401265-401398
contig_4284	345661	345749	intergenic	.	contig_4284:345661-345749
contig_4288	481657	481865	intergenic	.	contig_4288:481657-481865
contig_4288	1580393	1580472	gene,mRNA	.	contig_4288:1580393-1580472,contig_4288:1580393-1580472
contig_4288	2031407	2031635	gene,mRNA	.	contig_4288:2031407-2031635,contig_4288:2031407-2031635
contig_4293	41175	41242	gene,mRNA	.	contig_4293:41175-41242,contig_4293:41175-41242
contig_4295	858274	858441	intergenic	.	contig_4295:858274-858441
contig_4295	1141213	1141438	intergenic	.	contig_4295:1141213-1141438
contig_4295	1710881	1711033	intergenic	.	contig_4295:1710881-1711033
contig_4295	1804803	1804946	intergenic	.	contig_4295:1804803-1804946
contig_4295	2657682	2657758	intergenic	.	contig_4295:2657682-2657758
contig_4300	643193	643381	intergenic	.	contig_4300:643193-643381
contig_4300	643695	643812	intergenic	.	contig_4300:643695-643812
contig_4300	1535214	1535364	exon,CDS,gene,mRNA	.	contig_4300:1535214-1535364,contig_4300:1535214-1535364,contig_4300:1535214-1535364,contig_4300:1535214-1535364
contig_4300	1535815	1536086	exon,CDS,gene,mRNA	.	contig_4300:1535815-1536086,contig_4300:1535815-1536086,contig_4300:1535815-1536086,contig_4300:1535815-1536086
contig_4341	17807	18049	intergenic	.	contig_4341:17807-18049
contig_4341	380800	381057	intergenic	.	contig_4341:380800-381057
contig_4348	774807	775047	intergenic	.	contig_4348:774807-775047
contig_4348	873951	874083	intergenic	.	contig_4348:873951-874083
contig_4348	1300267	1300326	gene,mRNA	.	contig_4348:1300267-1300326,contig_4348:1300267-1300326
contig_4348	1348651	1348733	intergenic	.	contig_4348:1348651-1348733
contig_4348	2427397	2427469	intergenic	.	contig_4348:2427397-2427469
contig_4348	5044841	5044986	intergenic	.	contig_4348:5044841-5044986
contig_4354	745740	745853	gene,mRNA	.	contig_4354:745740-745853,contig_4354:745740-745853
contig_4354	801737	801800	gene,mRNA	.	contig_4354:801737-801800,contig_4354:801737-801800
contig_436	132723	132863	gene,mRNA	.	contig_436:132723-132863,contig_436:132723-132863
contig_4374	350997	351051	intergenic	.	contig_4374:350997-351051
contig_4394	435833	435979	intergenic	.	contig_4394:435833-435979
contig_4394	1440913	1441035	intergenic	.	contig_4394:1440913-1441035
contig_4394	1744868	1744952	gene,mRNA	.	contig_4394:1744868-1744952,contig_4394:1744868-1744952
contig_4394	2113417	2113606	intergenic	.	contig_4394:2113417-2113606
contig_4394	2538381	2538469	intergenic	.	contig_4394:2538381-2538469
contig_4394	3597085	3597122	intergenic	.	contig_4394:3597085-3597122
contig_4394	3597085	3597203	polyA_signal_sequence,gene	.	contig_4394:3597085-3597203,contig_4394:3597085-3597203
contig_4394	3842824	3842897	gene,mRNA	.	contig_4394:3842824-3842897,contig_4394:3842824-3842897
contig_4447	862864	863133	intergenic	.	contig_4447:862864-863133
contig_4456	141828	141969	intergenic	.	contig_4456:141828-141969
contig_4456	612288	612390	intergenic	.	contig_4456:612288-612390
contig_4464	632172	632256	gene,mRNA	.	contig_4464:632172-632256,contig_4464:632172-632256
contig_4467	1038780	1038899	intergenic	.	contig_4467:1038780-1038899
contig_4547	732942	733006	intergenic	.	contig_4547:732942-733006
contig_4552	610081	610281	gene,mRNA	.	contig_4552:610081-610281,contig_4552:610081-610281
contig_4552	1177823	1177921	intergenic	.	contig_4552:1177823-1177921
contig_4556	348055	348198	intergenic	.	contig_4556:348055-348198
contig_4594	48037	48095	intergenic	.	contig_4594:48037-48095
contig_4647	379902	380080	intergenic	.	contig_4647:379902-380080
contig_4647	446266	446323	intergenic	.	contig_4647:446266-446323
contig_4647	828804	828865	intergenic	.	contig_4647:828804-828865
contig_4672	1624363	1624789	intergenic	.	contig_4672:1624363-1624789
contig_4672	1754281	1754478	intergenic	.	contig_4672:1754281-1754478
contig_4674	501191	501493	intergenic	.	contig_4674:501191-501493
contig_4674	801560	801655	gene,mRNA	.	contig_4674:801560-801655,contig_4674:801560-801655
contig_4674	1013853	1013946	intergenic	.	contig_4674:1013853-1013946
contig_4678	1393546	1393762	intergenic	.	contig_4678:1393546-1393762
contig_4698	1592456	1592776	intergenic	.	contig_4698:1592456-1592776
contig_4698	1847090	1847281	gene,mRNA	.	contig_4698:1847090-1847281,contig_4698:1847090-1847281
contig_4703	112053	112120	intergenic	.	contig_4703:112053-112120
contig_4759	335764	335971	intergenic	.	contig_4759:335764-335971
contig_4759	473157	473440	intergenic	.	contig_4759:473157-473440
contig_4759	1192663	1192730	gene,mRNA	.	contig_4759:1192663-1192730,contig_4759:1192663-1192730
contig_4784	244660	244786	intergenic	.	contig_4784:244660-244786
contig_4784	1465996	1466070	gene,mRNA	.	contig_4784:1465996-1466070,contig_4784:1465996-1466070
contig_4784	1603780	1603878	gene,mRNA	.	contig_4784:1603780-1603878,contig_4784:1603780-1603878
contig_4784	2803067	2803155	intergenic	.	contig_4784:2803067-2803155
contig_4784	3608539	3608677	intergenic	.	contig_4784:3608539-3608677
contig_481	903521	903601	intergenic	.	contig_481:903521-903601
contig_4812	301920	302124	gene,mRNA	.	contig_4812:301920-302124,contig_4812:301920-302124
contig_4812	814982	815072	intergenic	.	contig_4812:814982-815072
contig_4813	32937	33016	intergenic	.	contig_4813:32937-33016
contig_4813	727532	727656	gene,mRNA	.	contig_4813:727532-727656,contig_4813:727532-727656
contig_4813	958455	958799	intergenic	.	contig_4813:958455-958799
contig_4813	1322523	1322823	intergenic	.	contig_4813:1322523-1322823
contig_4813	3359886	3360073	intergenic	.	contig_4813:3359886-3360073
contig_4845	459966	460111	intergenic	.	contig_4845:459966-460111
contig_4845	472388	472547	intergenic	.	contig_4845:472388-472547
contig_4863	498900	498957	intergenic	.	contig_4863:498900-498957
contig_4863	1080904	1081054	exon,CDS,gene,mRNA	.	contig_4863:1080904-1081054,contig_4863:1080904-1081054,contig_4863:1080904-1081054,contig_4863:1080904-1081054
contig_4868	1479791	1480066	intergenic	.	contig_4868:1479791-1480066
contig_4873	213369	213565	intergenic	.	contig_4873:213369-213565
contig_4873	214039	214217	intergenic	.	contig_4873:214039-214217
contig_4873	282733	282795	intergenic	.	contig_4873:282733-282795
contig_4873	557686	557805	intergenic	.	contig_4873:557686-557805
contig_4873	558110	558253	intergenic	.	contig_4873:558110-558253
contig_4929	380393	380505	intergenic	.	contig_4929:380393-380505
contig_4936	24506	24883	intergenic	.	contig_4936:24506-24883
contig_4936	263456	263518	intergenic	.	contig_4936:263456-263518
contig_4936	782779	782834	intergenic	.	contig_4936:782779-782834
contig_4936	786901	787102	intergenic	.	contig_4936:786901-787102
contig_4936	1282290	1282424	intergenic	.	contig_4936:1282290-1282424
contig_4977	799975	800138	gene,mRNA	.	contig_4977:799975-800138,contig_4977:799975-800138
contig_4987	447132	447666	gene,mRNA	.	contig_4987:447132-447666,contig_4987:447132-447666
contig_5001	1271834	1271887	intergenic	.	contig_5001:1271834-1271887
contig_5001	1553366	1553519	intergenic	.	contig_5001:1553366-1553519
contig_5056	53092	53223	intergenic	.	contig_5056:53092-53223
contig_5070	1046031	1046129	intergenic	.	contig_5070:1046031-1046129
contig_5070	2748755	2748849	intergenic	.	contig_5070:2748755-2748849
contig_5080	155283	155391	intergenic	.	contig_5080:155283-155391
contig_5080	820902	820969	intergenic	.	contig_5080:820902-820969
contig_5080	980575	980640	intergenic	.	contig_5080:980575-980640
contig_5080	1193173	1193359	intergenic	.	contig_5080:1193173-1193359
contig_5080	1482398	1482835	stop_codon,exon,CDS,gene,mRNA	.	contig_5080:1482398-1482835,contig_5080:1482398-1482835,contig_5080:1482398-1482835,contig_5080:1482398-1482835,contig_5080:1482398-1482835
contig_5080	1901762	1901817	intergenic	.	contig_5080:1901762-1901817
contig_5093	195186	195486	intergenic	.	contig_5093:195186-195486
contig_5109	906983	907146	intergenic	.	contig_5109:906983-907146
contig_5150	1314284	1314455	intergenic	.	contig_5150:1314284-1314455
contig_5150	1322596	1322716	intergenic	.	contig_5150:1322596-1322716
contig_5170	704772	704961	intergenic	.	contig_5170:704772-704961
contig_5172	426866	426962	intergenic	.	contig_5172:426866-426962
contig_5177	159728	159987	intergenic	.	contig_5177:159728-159987
contig_5177	253156	253231	gene,mRNA	.	contig_5177:253156-253231,contig_5177:253156-253231
contig_5177	275941	276157	intergenic	.	contig_5177:275941-276157
contig_5185	28894	29057	intergenic	.	contig_5185:28894-29057
contig_5185	66289	66388	intergenic	.	contig_5185:66289-66388
contig_5187	721524	722018	intergenic	.	contig_5187:721524-722018
contig_5195	427635	427686	gene,mRNA	.	contig_5195:427635-427686,contig_5195:427635-427686
contig_5195	1278590	1278758	intergenic	.	contig_5195:1278590-1278758
contig_5208	670580	670963	intergenic	.	contig_5208:670580-670963
contig_5208	850224	850477	intergenic	.	contig_5208:850224-850477
contig_5288	559227	559441	gene,mRNA	.	contig_5288:559227-559441,contig_5288:559227-559441
contig_5380	46646	46736	intergenic	.	contig_5380:46646-46736
contig_5406	20628	20785	intergenic	.	contig_5406:20628-20785
contig_5406	354480	354647	intergenic	.	contig_5406:354480-354647
contig_5406	937750	937836	intergenic	.	contig_5406:937750-937836
contig_5407	87585	87709	gene,mRNA	.	contig_5407:87585-87709,contig_5407:87585-87709
contig_5407	1744927	1745085	intergenic	.	contig_5407:1744927-1745085
contig_5407	1909467	1909606	gene,mRNA	.	contig_5407:1909467-1909606,contig_5407:1909467-1909606
contig_5407	2153992	2154116	intergenic	.	contig_5407:2153992-2154116
contig_5407	2237731	2237915	intergenic	.	contig_5407:2237731-2237915
contig_5408	54244	54502	intergenic	.	contig_5408:54244-54502
contig_5483	1877887	1877948	intergenic	.	contig_5483:1877887-1877948
contig_5483	1878652	1878730	intergenic	.	contig_5483:1878652-1878730
contig_5483	1921711	1921766	intergenic	.	contig_5483:1921711-1921766
contig_5483	2090010	2090242	intergenic	.	contig_5483:2090010-2090242
contig_5497	577478	577576	intergenic	.	contig_5497:577478-577576
contig_5497	577793	577889	intergenic	.	contig_5497:577793-577889
contig_5507	323445	323561	intergenic	.	contig_5507:323445-323561
contig_5507	612274	612368	intergenic	.	contig_5507:612274-612368
contig_5628	358227	358307	intergenic	.	contig_5628:358227-358307
contig_5628	1290991	1291276	gene,mRNA	.	contig_5628:1290991-1291276,contig_5628:1290991-1291276
contig_5628	1820208	1820354	intergenic	.	contig_5628:1820208-1820354
contig_5845	134112	134169	intergenic	.	contig_5845:134112-134169
contig_5845	712343	712542	intergenic	.	contig_5845:712343-712542
contig_5859	709644	709812	intergenic	.	contig_5859:709644-709812
contig_5859	870065	870280	gene,mRNA	.	contig_5859:870065-870280,contig_5859:870065-870280
contig_5891	128993	129078	intergenic	.	contig_5891:128993-129078
contig_5908	191508	191780	gene,mRNA	.	contig_5908:191508-191780,contig_5908:191508-191780
contig_5908	245922	246028	intergenic	.	contig_5908:245922-246028
contig_5978	350073	350308	intergenic	.	contig_5978:350073-350308
contig_5978	384752	384899	intergenic	.	contig_5978:384752-384899
contig_5978	385052	385286	intergenic	.	contig_5978:385052-385286
contig_5981	223321	223521	intergenic	.	contig_5981:223321-223521
contig_5981	499211	499383	intergenic	.	contig_5981:499211-499383
contig_5981	831548	831704	gene,mRNA	.	contig_5981:831548-831704,contig_5981:831548-831704
contig_5981	856602	856897	intergenic	.	contig_5981:856602-856897
contig_5987	326552	326609	gene,mRNA	.	contig_5987:326552-326609,contig_5987:326552-326609
contig_5990	88491	89022	gene,mRNA,stop_codon,exon,CDS,start_codon	.	contig_5990:88491-89022,contig_5990:88491-89022,contig_5990:88491-89022,contig_5990:88491-89022,contig_5990:88491-89022,contig_5990:88491-89022
contig_5990	88984	89022	intergenic	.	contig_5990:88984-89022
contig_5990	431646	431849	intergenic	.	contig_5990:431646-431849
contig_5992	242569	242727	intergenic	.	contig_5992:242569-242727
contig_6029	359884	360386	gene,mRNA	.	contig_6029:359884-360386,contig_6029:359884-360386
contig_6029	892023	892208	intergenic	.	contig_6029:892023-892208
contig_6029	1222763	1222945	intergenic	.	contig_6029:1222763-1222945
contig_6029	1872544	1872612	intergenic	.	contig_6029:1872544-1872612
contig_6040	1681776	1681855	intergenic	.	contig_6040:1681776-1681855
contig_6043	2286492	2286560	gene,mRNA	.	contig_6043:2286492-2286560,contig_6043:2286492-2286560
contig_6053	731189	731303	gene,mRNA	.	contig_6053:731189-731303,contig_6053:731189-731303
contig_6053	1527274	1527515	intergenic	.	contig_6053:1527274-1527515
contig_6160	101165	101367	intergenic	.	contig_6160:101165-101367
contig_6161	159236	159335	intergenic	.	contig_6161:159236-159335
contig_6185	598179	598248	gene,mRNA	.	contig_6185:598179-598248,contig_6185:598179-598248
contig_6185	709707	709903	intergenic	.	contig_6185:709707-709903
contig_6191	55530	55718	intergenic	.	contig_6191:55530-55718
contig_6191	766522	766755	gene,mRNA	.	contig_6191:766522-766755,contig_6191:766522-766755
contig_6198	164638	164836	intergenic	.	contig_6198:164638-164836
contig_6200	490526	491069	intergenic	.	contig_6200:490526-491069
contig_6200	677582	677843	intergenic	.	contig_6200:677582-677843
contig_6204	296795	296987	intergenic	.	contig_6204:296795-296987
contig_6269	43305	43531	intergenic	.	contig_6269:43305-43531
contig_6293	1078850	1079165	intergenic	.	contig_6293:1078850-1079165
contig_6293	1692698	1692768	intergenic	.	contig_6293:1692698-1692768
contig_6293	2158008	2158109	intergenic	.	contig_6293:2158008-2158109
contig_6293	2499353	2499435	intergenic	.	contig_6293:2499353-2499435
contig_6309	1117736	1117864	intergenic	.	contig_6309:1117736-1117864
contig_6309	1118689	1118757	intergenic	.	contig_6309:1118689-1118757
contig_6338	8439	8502	intergenic	.	contig_6338:8439-8502
contig_6340	17660	17936	intergenic	.	contig_6340:17660-17936
contig_6340	217182	217298	intergenic	.	contig_6340:217182-217298
contig_6352	1129400	1129690	intergenic	.	contig_6352:1129400-1129690
contig_6352	1141489	1141644	intergenic	.	contig_6352:1141489-1141644
contig_6362	1198235	1198531	intergenic	.	contig_6362:1198235-1198531
contig_6362	2556843	2557017	intergenic	.	contig_6362:2556843-2557017
contig_6365	153251	153543	gene,mRNA	.	contig_6365:153251-153543,contig_6365:153251-153543
contig_6365	715152	715243	intergenic	.	contig_6365:715152-715243
contig_6365	991954	992138	intergenic	.	contig_6365:991954-992138
contig_6365	1086948	1087260	intergenic	.	contig_6365:1086948-1087260
contig_6365	2295691	2295766	intergenic	.	contig_6365:2295691-2295766
contig_6365	2523278	2523339	intergenic	.	contig_6365:2523278-2523339
contig_6395	220976	221171	intergenic	.	contig_6395:220976-221171
contig_6395	221866	221943	intergenic	.	contig_6395:221866-221943
contig_6395	222170	222320	intergenic	.	contig_6395:222170-222320
contig_6402	794950	795150	intergenic	.	contig_6402:794950-795150
contig_6402	794950	795221	polyA_signal_sequence,gene	.	contig_6402:794950-795221,contig_6402:794950-795221
contig_6422	1012508	1012765	intergenic	.	contig_6422:1012508-1012765
contig_6428	108006	108189	intergenic	.	contig_6428:108006-108189
contig_6428	118356	118572	intergenic	.	contig_6428:118356-118572
contig_6441	778648	778767	intergenic	.	contig_6441:778648-778767
contig_6445	1124171	1124254	gene,mRNA	.	contig_6445:1124171-1124254,contig_6445:1124171-1124254
contig_6445	1415803	1415917	intergenic	.	contig_6445:1415803-1415917
contig_6447	792568	792618	intergenic	.	contig_6447:792568-792618
contig_6447	2168637	2168914	gene,mRNA	.	contig_6447:2168637-2168914,contig_6447:2168637-2168914
contig_6463	74353	74418	intergenic	.	contig_6463:74353-74418
contig_6503	108563	108743	intergenic	.	contig_6503:108563-108743
contig_6510	85182	85410	gene,mRNA	.	contig_6510:85182-85410,contig_6510:85182-85410
contig_6513	260344	260801	intergenic	.	contig_6513:260344-260801
contig_6514	632047	632111	intergenic	.	contig_6514:632047-632111
contig_6514	1300664	1300751	intergenic	.	contig_6514:1300664-1300751
contig_6521	208201	208305	intergenic	.	contig_6521:208201-208305
contig_6521	214901	215202	intergenic	.	contig_6521:214901-215202
contig_6521	416349	416421	intergenic	.	contig_6521:416349-416421
contig_6521	955685	955981	intergenic	.	contig_6521:955685-955981
contig_6521	1104849	1105092	intergenic	.	contig_6521:1104849-1105092
contig_6521	1559505	1559702	intergenic	.	contig_6521:1559505-1559702
contig_6521	2224521	2224864	intergenic	.	contig_6521:2224521-2224864
contig_6521	2415204	2415259	intergenic	.	contig_6521:2415204-2415259
contig_6547	934727	934851	intergenic	.	contig_6547:934727-934851
contig_6547	1006146	1006263	intergenic	.	contig_6547:1006146-1006263
contig_6548	2106	2250	intergenic	.	contig_6548:2106-2250
contig_6553	150940	151134	gene,mRNA	.	contig_6553:150940-151134,contig_6553:150940-151134
contig_6553	1091988	1092177	intergenic	.	contig_6553:1091988-1092177
contig_6553	1092392	1092482	intergenic	.	contig_6553:1092392-1092482
contig_6553	1212643	1212735	gene,mRNA	.	contig_6553:1212643-1212735,contig_6553:1212643-1212735
contig_6553	1777035	1777260	intergenic	.	contig_6553:1777035-1777260
contig_6553	2235484	2235718	intergenic	.	contig_6553:2235484-2235718
contig_6553	3308039	3308263	intergenic	.	contig_6553:3308039-3308263
contig_6563	1184045	1184112	intergenic	.	contig_6563:1184045-1184112
contig_6603	342426	342520	intergenic	.	contig_6603:342426-342520
contig_6606	565753	565809	intergenic	.	contig_6606:565753-565809
contig_6606	1032983	1033064	gene,mRNA	.	contig_6606:1032983-1033064,contig_6606:1032983-1033064
contig_6619	818320	818385	intergenic	.	contig_6619:818320-818385
contig_6642	383394	383639	intergenic	.	contig_6642:383394-383639
contig_6642	1640063	1640332	intergenic	.	contig_6642:1640063-1640332
contig_6660	1209614	1209693	intergenic	.	contig_6660:1209614-1209693
contig_6660	1350617	1350799	intergenic	.	contig_6660:1350617-1350799
contig_6660	1786144	1786499	intergenic	.	contig_6660:1786144-1786499
contig_6660	2594023	2594087	intergenic	.	contig_6660:2594023-2594087
contig_6694	303183	303330	intergenic	.	contig_6694:303183-303330
contig_6694	560576	560653	gene,mRNA	.	contig_6694:560576-560653,contig_6694:560576-560653
contig_6694	733456	733595	intergenic	.	contig_6694:733456-733595
contig_6831	276713	277143	intergenic	.	contig_6831:276713-277143
contig_6833	605955	606077	intergenic	.	contig_6833:605955-606077
contig_6833	1315572	1315733	intergenic	.	contig_6833:1315572-1315733
contig_6833	1758630	1758740	intergenic	.	contig_6833:1758630-1758740
contig_6833	2802853	2802914	intergenic	.	contig_6833:2802853-2802914
contig_6840	621319	621565	intergenic	.	contig_6840:621319-621565
contig_6840	881658	881838	intergenic	.	contig_6840:881658-881838
contig_6851	716127	716194	gene,mRNA	.	contig_6851:716127-716194,contig_6851:716127-716194
contig_6858	91314	91697	intergenic	.	contig_6858:91314-91697
contig_6858	347744	347794	intergenic	.	contig_6858:347744-347794
contig_6858	348472	348613	intergenic	.	contig_6858:348472-348613
contig_6864	1652346	1652405	intergenic	.	contig_6864:1652346-1652405
contig_6868	847681	847872	intergenic	.	contig_6868:847681-847872
contig_6868	2429604	2429926	intergenic	.	contig_6868:2429604-2429926
contig_6903	32607	32904	intergenic	.	contig_6903:32607-32904
contig_6903	131704	131879	intergenic	.	contig_6903:131704-131879
contig_6915	197183	197419	intergenic	.	contig_6915:197183-197419
contig_6915	284702	284897	gene,mRNA	.	contig_6915:284702-284897,contig_6915:284702-284897
contig_6919	1620654	1620787	intergenic	.	contig_6919:1620654-1620787
contig_6925	350520	350571	intergenic	.	contig_6925:350520-350571
contig_6958	410394	410961	intergenic	.	contig_6958:410394-410961
contig_696	299553	299721	gene,mRNA	.	contig_696:299553-299721,contig_696:299553-299721
contig_6965	574606	574907	intergenic	.	contig_6965:574606-574907
contig_6995	161090	161258	intergenic	.	contig_6995:161090-161258
contig_7020	6603	7103	gene,mRNA	.	contig_7020:6603-7103,contig_7020:6603-7103
contig_7020	192011	192208	intergenic	.	contig_7020:192011-192208
contig_7020	463587	464301	intergenic	.	contig_7020:463587-464301
contig_7020	769062	769292	intergenic	.	contig_7020:769062-769292
contig_7020	1126234	1126520	intergenic	.	contig_7020:1126234-1126520
contig_7020	1591533	1591663	intergenic	.	contig_7020:1591533-1591663
contig_7020	2979853	2979906	intergenic	.	contig_7020:2979853-2979906
contig_7029	210396	210604	intergenic	.	contig_7029:210396-210604
contig_7034	493366	493518	gene,mRNA	.	contig_7034:493366-493518,contig_7034:493366-493518
contig_7034	805540	805676	gene,mRNA	.	contig_7034:805540-805676,contig_7034:805540-805676
contig_7034	1222020	1222159	intergenic	.	contig_7034:1222020-1222159
contig_7039	737652	737861	gene,mRNA	.	contig_7039:737652-737861,contig_7039:737652-737861
contig_7050	62236	62376	intergenic	.	contig_7050:62236-62376
contig_7053	885395	885508	intergenic	.	contig_7053:885395-885508
contig_7053	1133334	1133437	intergenic	.	contig_7053:1133334-1133437
contig_7058	561665	561759	intergenic	.	contig_7058:561665-561759
contig_7058	735515	735665	intergenic	.	contig_7058:735515-735665
contig_7058	1289310	1289536	intergenic	.	contig_7058:1289310-1289536
contig_7058	2463832	2463976	intergenic	.	contig_7058:2463832-2463976
contig_7061	5419	5696	intergenic	.	contig_7061:5419-5696
contig_7096	416761	416847	intergenic	.	contig_7096:416761-416847
contig_7106	1129689	1129800	intergenic	.	contig_7106:1129689-1129800
contig_7159	292094	292185	intergenic	.	contig_7159:292094-292185
contig_7159	598217	598438	intergenic	.	contig_7159:598217-598438
contig_7159	1291145	1291295	intergenic	.	contig_7159:1291145-1291295
contig_7159	1526423	1526613	intergenic	.	contig_7159:1526423-1526613
contig_7165	230916	231066	intergenic	.	contig_7165:230916-231066
contig_7165	1421131	1421283	gene,mRNA	.	contig_7165:1421131-1421283,contig_7165:1421131-1421283
contig_7165	1425455	1425575	gene,mRNA	.	contig_7165:1425455-1425575,contig_7165:1425455-1425575
contig_7165	2215844	2216014	intergenic	.	contig_7165:2215844-2216014
contig_7165	5679297	5679516	intergenic	.	contig_7165:5679297-5679516
contig_7215	371649	371742	intergenic	.	contig_7215:371649-371742
contig_7238	208757	209021	intergenic	.	contig_7238:208757-209021
contig_7258	366956	367151	gene,mRNA	.	contig_7258:366956-367151,contig_7258:366956-367151
contig_7258	1281901	1282059	intergenic	.	contig_7258:1281901-1282059
contig_7258	1374168	1374375	intergenic	.	contig_7258:1374168-1374375
contig_7282	385925	385985	gene,mRNA	.	contig_7282:385925-385985,contig_7282:385925-385985
contig_736	377719	377799	intergenic	.	contig_736:377719-377799
contig_7376	401126	401396	gene,mRNA	.	contig_7376:401126-401396,contig_7376:401126-401396
contig_738	475141	475373	intergenic	.	contig_738:475141-475373
contig_7423	88807	88993	intergenic	.	contig_7423:88807-88993
contig_7544	1975350	1975644	gene,mRNA	.	contig_7544:1975350-1975644,contig_7544:1975350-1975644
contig_756	2474332	2474392	gene,mRNA	.	contig_756:2474332-2474392,contig_756:2474332-2474392
contig_756	2730034	2730221	intergenic	.	contig_756:2730034-2730221
contig_756	4646090	4646142	intergenic	.	contig_756:4646090-4646142
contig_756	4761573	4761769	intergenic	.	contig_756:4761573-4761769
contig_7576	1874141	1874246	gene,mRNA	.	contig_7576:1874141-1874246,contig_7576:1874141-1874246
contig_7576	2309348	2309443	intergenic	.	contig_7576:2309348-2309443
contig_7576	2347212	2347348	intergenic	.	contig_7576:2347212-2347348
contig_7601	79404	79554	intergenic	.	contig_7601:79404-79554
contig_7601	79867	80080	intergenic	.	contig_7601:79867-80080
contig_7601	671236	671349	intergenic	.	contig_7601:671236-671349
contig_7601	1081210	1081414	intergenic	.	contig_7601:1081210-1081414
contig_7618	62368	62442	intergenic	.	contig_7618:62368-62442
contig_7644	138089	138211	intergenic	.	contig_7644:138089-138211
contig_7720	101296	101727	intergenic	.	contig_7720:101296-101727
contig_7788	75075	75534	intergenic	.	contig_7788:75075-75534
contig_7788	138407	138611	gene,mRNA	.	contig_7788:138407-138611,contig_7788:138407-138611
contig_7801	112811	112996	intergenic	.	contig_7801:112811-112996
contig_7801	432048	432221	gene,mRNA	.	contig_7801:432048-432221,contig_7801:432048-432221
contig_7801	556566	557118	intergenic	.	contig_7801:556566-557118
contig_7801	729852	729956	gene,mRNA	.	contig_7801:729852-729956,contig_7801:729852-729956
contig_7810	512295	512654	intergenic	.	contig_7810:512295-512654
contig_7810	1429510	1429585	intergenic	.	contig_7810:1429510-1429585
contig_7810	1537215	1537336	intergenic	.	contig_7810:1537215-1537336
contig_7837	49715	49797	intergenic	.	contig_7837:49715-49797
contig_7893	186618	186718	gene,mRNA	.	contig_7893:186618-186718,contig_7893:186618-186718
contig_7910	93426	93551	intergenic	.	contig_7910:93426-93551
contig_7933	122111	122226	intergenic	.	contig_7933:122111-122226
contig_7933	2137457	2137707	intergenic	.	contig_7933:2137457-2137707
contig_7935	1279502	1279757	intergenic	.	contig_7935:1279502-1279757
contig_7935	2200478	2200601	gene,mRNA	.	contig_7935:2200478-2200601,contig_7935:2200478-2200601
contig_7943	863562	863744	gene,mRNA	.	contig_7943:863562-863744,contig_7943:863562-863744
contig_7943	1104471	1104644	intergenic	.	contig_7943:1104471-1104644
contig_7943	3244186	3244256	intergenic	.	contig_7943:3244186-3244256
contig_7943	3256515	3256648	intergenic	.	contig_7943:3256515-3256648
contig_8044	233733	233822	gene,mRNA	.	contig_8044:233733-233822,contig_8044:233733-233822
contig_8060	410978	411117	intergenic	.	contig_8060:410978-411117
contig_8087	288832	288921	intergenic	.	contig_8087:288832-288921
contig_8087	1722178	1722380	intergenic	.	contig_8087:1722178-1722380
contig_8087	2054463	2054752	intergenic	.	contig_8087:2054463-2054752
contig_8126	179180	179396	gene,mRNA	.	contig_8126:179180-179396,contig_8126:179180-179396
contig_8137	30086	30300	intergenic	.	contig_8137:30086-30300
contig_8169	1055093	1055281	intergenic	.	contig_8169:1055093-1055281
contig_8235	90156	90466	intergenic	.	contig_8235:90156-90466
contig_8235	166032	166385	gene,mRNA	.	contig_8235:166032-166385,contig_8235:166032-166385
contig_8235	193742	193830	gene,mRNA	.	contig_8235:193742-193830,contig_8235:193742-193830
contig_8276	141058	141208	gene,mRNA	.	contig_8276:141058-141208,contig_8276:141058-141208
contig_8281	1472812	1472894	intergenic	.	contig_8281:1472812-1472894
contig_8281	1498497	1499328	intergenic	.	contig_8281:1498497-1499328
contig_8281	1992186	1992273	intergenic	.	contig_8281:1992186-1992273
contig_8281	2360620	2360891	intergenic	.	contig_8281:2360620-2360891
contig_8281	2456826	2456963	intergenic	.	contig_8281:2456826-2456963
contig_8281	2559265	2559404	gene,mRNA	.	contig_8281:2559265-2559404,contig_8281:2559265-2559404
contig_8287	122991	123323	gene,mRNA	.	contig_8287:122991-123323,contig_8287:122991-123323
contig_8300	135669	135724	intergenic	.	contig_8300:135669-135724
contig_8338	60504	60652	intergenic	.	contig_8338:60504-60652
contig_8338	111777	111933	intergenic	.	contig_8338:111777-111933
contig_8338	652144	652429	intergenic	.	contig_8338:652144-652429
contig_8349	236072	236168	intergenic	.	contig_8349:236072-236168
contig_8365	12863	13047	intergenic	.	contig_8365:12863-13047
contig_8385	30752	30913	gene,mRNA	.	contig_8385:30752-30913,contig_8385:30752-30913
contig_8385	93261	93425	gene,mRNA	.	contig_8385:93261-93425,contig_8385:93261-93425
contig_8426	93975	94188	exon,CDS,gene,mRNA	.	contig_8426:93975-94188,contig_8426:93975-94188,contig_8426:93975-94188,contig_8426:93975-94188
contig_8426	192652	192915	intergenic	.	contig_8426:192652-192915
contig_8426	334943	335133	intergenic	.	contig_8426:334943-335133
contig_843	151391	151672	intergenic	.	contig_843:151391-151672
contig_8459	564951	565048	intergenic	.	contig_8459:564951-565048
contig_8482	25137	25226	gene	.	contig_8482:25137-25226
contig_8495	61563	61621	gene,mRNA	.	contig_8495:61563-61621,contig_8495:61563-61621
contig_8495	62192	62536	gene,mRNA	.	contig_8495:62192-62536,contig_8495:62192-62536
contig_8495	410616	410720	gene,mRNA	.	contig_8495:410616-410720,contig_8495:410616-410720
contig_8519	3581	3778	intergenic	.	contig_8519:3581-3778
contig_8522	253	322	intergenic	.	contig_8522:253-322
contig_8522	618	720	intergenic	.	contig_8522:618-720
contig_8522	807078	807383	gene,mRNA	.	contig_8522:807078-807383,contig_8522:807078-807383
contig_8522	889343	889744	gene,mRNA,exon,CDS,stop_codon,polyA_signal_sequence	.	contig_8522:889343-889744,contig_8522:889343-889744,contig_8522:889343-889744,contig_8522:889343-889744,contig_8522:889343-889744,contig_8522:889343-889744
contig_8522	889626	889744	intergenic	.	contig_8522:889626-889744
contig_8522	1345613	1345721	gene,mRNA	.	contig_8522:1345613-1345721,contig_8522:1345613-1345721
contig_856	1610083	1610143	intergenic	.	contig_856:1610083-1610143
contig_856	2363409	2363559	gene	.	contig_856:2363409-2363559
contig_856	2364664	2364814	gene,mRNA,exon,CDS	.	contig_856:2364664-2364814,contig_856:2364664-2364814,contig_856:2364664-2364814,contig_856:2364664-2364814
contig_856	2958116	2958186	intergenic	.	contig_856:2958116-2958186
contig_856	3595079	3595154	gene,mRNA	.	contig_856:3595079-3595154,contig_856:3595079-3595154
contig_8601	704669	704726	intergenic	.	contig_8601:704669-704726
contig_861	1401840	1402050	gene,mRNA	.	contig_861:1401840-1402050,contig_861:1401840-1402050
contig_8644	520865	521051	gene,mRNA	.	contig_8644:520865-521051,contig_8644:520865-521051
contig_8644	994638	994831	intergenic	.	contig_8644:994638-994831
contig_8644	1066544	1066623	intergenic	.	contig_8644:1066544-1066623
contig_8644	2863660	2863712	intergenic	.	contig_8644:2863660-2863712
contig_8644	3106553	3106629	gene,mRNA	.	contig_8644:3106553-3106629,contig_8644:3106553-3106629
contig_8644	3471967	3472309	gene,mRNA	.	contig_8644:3471967-3472309,contig_8644:3471967-3472309
contig_8645	1565428	1565565	gene,polyA_signal_sequence	.	contig_8645:1565428-1565565,contig_8645:1565428-1565565
contig_8645	1565441	1565565	intergenic	.	contig_8645:1565441-1565565
contig_8673	149014	149152	intergenic	.	contig_8673:149014-149152
contig_8685	315480	315531	intergenic	.	contig_8685:315480-315531
contig_8699	188856	189103	gene,mRNA	.	contig_8699:188856-189103,contig_8699:188856-189103
contig_8699	269532	269667	intergenic	.	contig_8699:269532-269667
contig_8699	410200	410297	intergenic	.	contig_8699:410200-410297
contig_878	99557	99618	intergenic	.	contig_878:99557-99618
contig_8796	382709	382760	intergenic	.	contig_8796:382709-382760
contig_880	1046880	1047078	intergenic	.	contig_880:1046880-1047078
contig_8825	148013	148083	intergenic	.	contig_8825:148013-148083
contig_8825	657995	658287	gene,mRNA	.	contig_8825:657995-658287,contig_8825:657995-658287
contig_8825	738981	739167	intergenic	.	contig_8825:738981-739167
contig_8825	773423	773652	gene,mRNA	.	contig_8825:773423-773652,contig_8825:773423-773652
contig_8894	95073	95352	intergenic	.	contig_8894:95073-95352
contig_8962	203453	203853	gene,mRNA	.	contig_8962:203453-203853,contig_8962:203453-203853
contig_904	200520	200602	intergenic	.	contig_904:200520-200602
contig_904	201209	201446	intergenic	.	contig_904:201209-201446
contig_904	201716	201833	intergenic	.	contig_904:201716-201833
contig_904	716612	716814	intergenic	.	contig_904:716612-716814
contig_904	805668	805819	intergenic	.	contig_904:805668-805819
contig_904	1565762	1566014	gene,mRNA	.	contig_904:1565762-1566014,contig_904:1565762-1566014
contig_904	1566364	1566479	gene,mRNA	.	contig_904:1566364-1566479,contig_904:1566364-1566479
contig_904	1717632	1717737	gene,mRNA	.	contig_904:1717632-1717737,contig_904:1717632-1717737
contig_904	2753625	2753733	intergenic	.	contig_904:2753625-2753733
contig_9057	1191538	1191777	intergenic	.	contig_9057:1191538-1191777
contig_9057	1759905	1760217	gene,mRNA	.	contig_9057:1759905-1760217,contig_9057:1759905-1760217
contig_9072	53249	53315	intergenic	.	contig_9072:53249-53315
contig_9076	298004	298111	intergenic	.	contig_9076:298004-298111
contig_9076	298476	298563	intergenic	.	contig_9076:298476-298563
contig_9091	111822	111970	gene,mRNA	.	contig_9091:111822-111970,contig_9091:111822-111970
contig_9091	537835	537988	intergenic	.	contig_9091:537835-537988
contig_9107	69759	69851	intergenic	.	contig_9107:69759-69851
contig_911	93826	93889	intergenic	.	contig_911:93826-93889
contig_9118	174373	174429	gene,mRNA	.	contig_9118:174373-174429,contig_9118:174373-174429
contig_9123	121495	121596	gene,mRNA	.	contig_9123:121495-121596,contig_9123:121495-121596
contig_9141	275683	276136	intergenic	.	contig_9141:275683-276136
contig_9189	612431	612515	intergenic	.	contig_9189:612431-612515
contig_9189	882509	882812	intergenic	.	contig_9189:882509-882812
contig_9189	1094205	1094506	intergenic	.	contig_9189:1094205-1094506
contig_9266	273079	273336	intergenic	.	contig_9266:273079-273336
contig_9291	523128	523283	intergenic	.	contig_9291:523128-523283
contig_9291	597092	597179	intergenic	.	contig_9291:597092-597179
contig_9305	56720	56927	intergenic	.	contig_9305:56720-56927
contig_9305	164827	164917	intergenic	.	contig_9305:164827-164917
contig_9314	172445	172541	intergenic	.	contig_9314:172445-172541
contig_9314	279870	280062	intergenic	.	contig_9314:279870-280062
contig_9314	292920	293086	intergenic	.	contig_9314:292920-293086
contig_9314	627953	628197	intergenic	.	contig_9314:627953-628197
contig_9314	2251721	2251820	intergenic	.	contig_9314:2251721-2251820
contig_9330	390284	390372	gene,mRNA	.	contig_9330:390284-390372,contig_9330:390284-390372
contig_9330	813657	813976	gene,mRNA	.	contig_9330:813657-813976,contig_9330:813657-813976
contig_9335	849299	849458	intergenic	.	contig_9335:849299-849458
contig_9335	914948	915156	intergenic	.	contig_9335:914948-915156
contig_9336	535794	535912	gene,mRNA	.	contig_9336:535794-535912,contig_9336:535794-535912
contig_9342	1838898	1839141	intergenic	.	contig_9342:1838898-1839141
contig_9342	1925050	1925356	intergenic	.	contig_9342:1925050-1925356
contig_9361	250316	250535	intergenic	.	contig_9361:250316-250535
contig_9361	290035	290181	intergenic	.	contig_9361:290035-290181
contig_9364	98954	99059	gene,mRNA	.	contig_9364:98954-99059,contig_9364:98954-99059
contig_9367	275432	275489	intergenic	.	contig_9367:275432-275489
contig_9379	89051	89284	intergenic	.	contig_9379:89051-89284
contig_9379	523234	523293	intergenic	.	contig_9379:523234-523293
contig_9382	242330	242515	intergenic	.	contig_9382:242330-242515
contig_9387	1110057	1110293	intergenic	.	contig_9387:1110057-1110293
contig_939	61111	61179	gene,mRNA	.	contig_939:61111-61179,contig_939:61111-61179
contig_9405	541685	541761	intergenic	.	contig_9405:541685-541761
contig_9405	550250	550412	intergenic	.	contig_9405:550250-550412
contig_9405	783678	783758	intergenic	.	contig_9405:783678-783758
contig_9405	1327081	1327239	gene,mRNA	.	contig_9405:1327081-1327239,contig_9405:1327081-1327239
contig_9405	1337801	1338054	intergenic	.	contig_9405:1337801-1338054
contig_9440	324127	324541	intergenic	.	contig_9440:324127-324541
contig_9446	359988	360165	gene,mRNA	.	contig_9446:359988-360165,contig_9446:359988-360165
contig_9470	142721	142947	intergenic	.	contig_9470:142721-142947
contig_9470	556643	556840	intergenic	.	contig_9470:556643-556840
contig_9479	656953	657039	intergenic	.	contig_9479:656953-657039
contig_9503	1218421	1218502	gene,mRNA	.	contig_9503:1218421-1218502,contig_9503:1218421-1218502
contig_9507	581307	581433	gene,mRNA	.	contig_9507:581307-581433,contig_9507:581307-581433
contig_9508	314338	314426	intergenic	.	contig_9508:314338-314426
contig_9538	1072829	1073110	intergenic	.	contig_9538:1072829-1073110
contig_9551	377834	378091	intergenic	.	contig_9551:377834-378091
contig_9621	721965	722140	intergenic	.	contig_9621:721965-722140
contig_9621	1590236	1590424	intergenic	.	contig_9621:1590236-1590424
contig_9632	249588	249667	intergenic	.	contig_9632:249588-249667
contig_9648	105245	105302	intergenic	.	contig_9648:105245-105302
contig_9648	1143391	1143483	intergenic	.	contig_9648:1143391-1143483
contig_9648	1143944	1144024	intergenic	.	contig_9648:1143944-1144024
contig_9648	1626634	1626687	mRNA,gene	.	contig_9648:1626634-1626687,contig_9648:1626634-1626687
contig_9648	1768107	1768166	intergenic	.	contig_9648:1768107-1768166
contig_9649	386168	386325	intergenic	.	contig_9649:386168-386325
contig_9652	520375	520824	gene,mRNA	.	contig_9652:520375-520824,contig_9652:520375-520824
contig_9654	171767	171895	intergenic	.	contig_9654:171767-171895
contig_9654	185011	185117	intergenic	.	contig_9654:185011-185117
contig_9656	220313	220452	gene,mRNA	.	contig_9656:220313-220452,contig_9656:220313-220452
contig_9656	1017303	1017397	intergenic	.	contig_9656:1017303-1017397
contig_9656	1114531	1114931	intergenic	.	contig_9656:1114531-1114931
contig_9685	183336	183470	gene,mRNA	.	contig_9685:183336-183470,contig_9685:183336-183470
contig_9701	476083	476191	intergenic	.	contig_9701:476083-476191
contig_9701	604146	604281	intergenic	.	contig_9701:604146-604281
contig_9701	625524	625714	intergenic	.	contig_9701:625524-625714
contig_9815	231774	231843	intergenic	.	contig_9815:231774-231843
contig_9815	285771	285933	intergenic	.	contig_9815:285771-285933
contig_9815	651654	651829	gene,mRNA	.	contig_9815:651654-651829,contig_9815:651654-651829
contig_9815	1542975	1543026	intergenic	.	contig_9815:1542975-1543026
contig_9815	1629774	1629852	intergenic	.	contig_9815:1629774-1629852
contig_9828	613105	613330	intergenic	.	contig_9828:613105-613330
contig_9828	855581	855674	gene,mRNA	.	contig_9828:855581-855674,contig_9828:855581-855674
contig_9835	477534	477592	intergenic	.	contig_9835:477534-477592
contig_9835	524160	524340	intergenic	.	contig_9835:524160-524340
contig_9847	297530	297662	polyA_signal_sequence,gene	.	contig_9847:297530-297662,contig_9847:297530-297662
contig_9847	297584	297662	intergenic	.	contig_9847:297584-297662
contig_9872	131664	131927	gene,mRNA	.	contig_9872:131664-131927,contig_9872:131664-131927
contig_9897	7456	7641	intergenic	.	contig_9897:7456-7641
contig_9898	614546	614713	intergenic	.	contig_9898:614546-614713
contig_9898	1578212	1578508	intergenic	.	contig_9898:1578212-1578508
contig_9898	1669714	1669833	intergenic	.	contig_9898:1669714-1669833
contig_991	58505	58712	intergenic	.	contig_991:58505-58712
contig_9926	7286	7429	intergenic	.	contig_9926:7286-7429
contig_9926	579731	579805	intergenic	.	contig_9926:579731-579805
contig_9935	13491	13638	intergenic	.	contig_9935:13491-13638
contig_9973	94388	94600	intergenic	.	contig_9973:94388-94600
