Chromosome	Start	End	Feature_Type	Details	Reads
1000532_edges=5285375..6524091_left=5736491_right=5954165_ver=1.10_style=3	177	348	intergenic	.	1000532_edges=5285375..6524091_left=5736491_right=5954165_ver=1.10_style=3:177-348
1001548_edges=6301598..6608739_left=5621141_right=4437928_ver=1.10_style=3	4076	4126	intergenic	.	1001548_edges=6301598..6608739_left=5621141_right=4437928_ver=1.10_style=3:4076-4126
1001760_edges=28043..4489157_left=30531_right=5193768_ver=1.10_style=3	2232	2506	intergenic	.	1001760_edges=28043..4489157_left=30531_right=5193768_ver=1.10_style=3:2232-2506
1001993_edges=418401..1937496_left=6391529_right=2048774_ver=1.10_style=3	3002	3127	intergenic	.	1001993_edges=418401..1937496_left=6391529_right=2048774_ver=1.10_style=3:3002-3127
1002355_edges=1063312..4854765_left=1121605_right=6482639_ver=1.10_style=3	3501	3559	intergenic	.	1002355_edges=1063312..4854765_left=1121605_right=6482639_ver=1.10_style=3:3501-3559
1003079_edges=2512653..5530039_left=2934325_right=6449273_ver=1.10_style=3	945	1229	gene,mRNA		1003079_edges=2512653..5530039_left=2934325_right=6449273_ver=1.10_style=3:945-1229
1003934_edges=4891940..7048035_left=5448330_right=1455821_ver=1.10_style=3	3399	3552	intergenic	.	1003934_edges=4891940..7048035_left=5448330_right=1455821_ver=1.10_style=3:3399-3552
1004345_edges=6119429..7095064_left=903689_right=5805522_ver=1.10_style=3	4082	4357	intergenic	.	1004345_edges=6119429..7095064_left=903689_right=5805522_ver=1.10_style=3:4082-4357
1004538_edges=1188817..5811506_left=1251509_right=5339406_ver=1.10_style=3	4144	4419	intergenic	.	1004538_edges=1188817..5811506_left=1251509_right=5339406_ver=1.10_style=3:4144-4419
1005067_edges=40407..1539844_left=6328545_right=1615287_ver=1.10_style=3	161	226	intergenic	.	1005067_edges=40407..1539844_left=6328545_right=1615287_ver=1.10_style=3:161-226
1005517_edges=286077..6711830_left=6370217_right=6590886_ver=1.10_style=3	482	663	intergenic	.	1005517_edges=286077..6711830_left=6370217_right=6590886_ver=1.10_style=3:482-663
1006047_edges=561362..1066173_left=6413309_right=6413318_ver=1.10_style=3	1951	2142	intergenic	.	1006047_edges=561362..1066173_left=6413309_right=6413318_ver=1.10_style=3:1951-2142
1006047_edges=561362..1066173_left=6413309_right=6413318_ver=1.10_style=3	2501	2581	intergenic	.	1006047_edges=561362..1066173_left=6413309_right=6413318_ver=1.10_style=3:2501-2581
1006212_edges=661481..5321735_left=704399_right=5754338_ver=1.10_style=3	3735	3940	intergenic	.	1006212_edges=661481..5321735_left=704399_right=5754338_ver=1.10_style=3:3735-3940
1006373_edges=748735..6162695_left=795678_right=795685_ver=1.10_style=3	3860	3985	intergenic	.	1006373_edges=748735..6162695_left=795678_right=795685_ver=1.10_style=3:3860-3985
1007517_edges=1417480..1417500_left=1488233_right=1488257_ver=1.10_style=3	94	292	intergenic	.	1007517_edges=1417480..1417500_left=1488233_right=1488257_ver=1.10_style=3:94-292
1007584_edges=1460824..2182280_left=6528281_right=2433991_ver=1.10_style=3	2925	2985	intergenic	.	1007584_edges=1460824..2182280_left=6528281_right=2433991_ver=1.10_style=3:2925-2985
1008866_edges=2507258..3619221_left=2926859_right=4223669_ver=1.10_style=3	227	465	intergenic	.	1008866_edges=2507258..3619221_left=2926859_right=4223669_ver=1.10_style=3:227-465
1009155_edges=2803326..5568956_left=3314832_right=5948141_ver=1.10_style=3	1018	1125	gene,mRNA,stop_codon,exon,CDS		1009155_edges=2803326..5568956_left=3314832_right=5948141_ver=1.10_style=3:1018-1125
1009646_edges=3439350..6095029_left=4030120_right=5812677_ver=1.10_style=3	87	148	intergenic	.	1009646_edges=3439350..6095029_left=4030120_right=5812677_ver=1.10_style=3:87-148
1010595_edges=4546511..6654406_left=5261451_right=797970_ver=1.10_style=3	662	796	intergenic	.	1010595_edges=4546511..6654406_left=5261451_right=797970_ver=1.10_style=3:662-796
1011332_edges=5016966..6039492_left=5565953_right=6613595_ver=1.10_style=3	1420	1570	intergenic	.	1011332_edges=5016966..6039492_left=5565953_right=6613595_ver=1.10_style=3:1420-1570
1011494_edges=5114477..5692305_left=5633952_right=307566_ver=1.10_style=3	809	1060	intergenic	.	1011494_edges=5114477..5692305_left=5633952_right=307566_ver=1.10_style=3:809-1060
1012155_edges=5857956..6129064_left=5040978_right=5727716_ver=1.10_style=3	2437	2680	intergenic	.	1012155_edges=5857956..6129064_left=5040978_right=5727716_ver=1.10_style=3:2437-2680
1012168_edges=5952571..5980951_left=6611053_right=5324337_ver=1.10_style=3	3140	3304	intergenic	.	1012168_edges=5952571..5980951_left=6611053_right=5324337_ver=1.10_style=3:3140-3304
1012359_edges=6785104..7036394_left=4972084_right=702780_ver=1.10_style=3	17242	17469	intergenic	.	1012359_edges=6785104..7036394_left=4972084_right=702780_ver=1.10_style=3:17242-17469
1012379_edges=6795457..6802774_left=6309917_right=6316495_ver=1.10_style=3	110	363	intergenic	.	1012379_edges=6795457..6802774_left=6309917_right=6316495_ver=1.10_style=3:110-363
1012768_edges=999888..2781326_left=1055571_right=3287621_ver=1.10_style=3	2798	2925	intergenic	.	1012768_edges=999888..2781326_left=1055571_right=3287621_ver=1.10_style=3:2798-2925
1013051_edges=1764991..6281413_left=1854627_right=5795648_ver=1.10_style=3	3290	3421	intergenic	.	1013051_edges=1764991..6281413_left=1854627_right=5795648_ver=1.10_style=3:3290-3421
1013358_edges=2847566..4515885_left=3369025_right=5225883_ver=1.10_style=3	3091	3173	intergenic	.	1013358_edges=2847566..4515885_left=3369025_right=5225883_ver=1.10_style=3:3091-3173
1013968_edges=5241544..6785087_left=5694502_right=5962883_ver=1.10_style=3	5273	5333	intergenic	.	1013968_edges=5241544..6785087_left=5694502_right=5962883_ver=1.10_style=3:5273-5333
1014543_edges=5018886..5462691_left=5567484_right=5861010_ver=1.10_style=3	11421	11553	gene,mRNA		1014543_edges=5018886..5462691_left=5567484_right=5861010_ver=1.10_style=3:11421-11553
1014919_edges=227090..6479683_left=245248_right=5845544_ver=1.10_style=3	2886	3086	intergenic	.	1014919_edges=227090..6479683_left=245248_right=5845544_ver=1.10_style=3:2886-3086
1015350_edges=615452..615458_left=656525_right=656530_ver=1.10_style=3	2051	2151	intergenic	.	1015350_edges=615452..615458_left=656525_right=656530_ver=1.10_style=3:2051-2151
1015716_edges=947733..5435977_left=6467775_right=6478577_ver=1.10_style=3	4149	4282	intergenic	.	1015716_edges=947733..5435977_left=6467775_right=6478577_ver=1.10_style=3:4149-4282
1015736_edges=962548..5539182_left=1017266_right=5923111_ver=1.10_style=3	6523	6579	intergenic	.	1015736_edges=962548..5539182_left=1017266_right=5923111_ver=1.10_style=3:6523-6579
1018054_edges=4561446..5305163_left=5279184_right=6336941_ver=1.10_style=3	2864	2981	gene,mRNA		1018054_edges=4561446..5305163_left=5279184_right=6336941_ver=1.10_style=3:2864-2981
1018430_edges=4993436..5049216_left=5547028_right=5590570_ver=1.10_style=3	3890	4229	gene,mRNA,exon,CDS,start_codon		1018430_edges=4993436..5049216_left=5547028_right=5590570_ver=1.10_style=3:3890-4229
1018737_edges=5396103..6533196_left=5805414_right=2009090_ver=1.10_style=3	1451	1539	intergenic	.	1018737_edges=5396103..6533196_left=5805414_right=2009090_ver=1.10_style=3:1451-1539
1020507_edges=6524288..6591389_left=5580976_right=5856173_ver=1.10_style=3	3130	3699	gene,mRNA,exon,CDS		1020507_edges=6524288..6591389_left=5580976_right=5856173_ver=1.10_style=3:3130-3699
102129_edges=2160077..2160077_left=2396965_right=2396966_ver=1.10_style=3	317	370	intergenic	.	102129_edges=2160077..2160077_left=2396965_right=2396966_ver=1.10_style=3:317-370
1023552_edges=4707414..6143230_left=4844394_right=5070007_ver=1.10_style=3	1121	1181	intergenic	.	1023552_edges=4707414..6143230_left=4844394_right=5070007_ver=1.10_style=3:1121-1181
1023672_edges=5591511..6106511_left=5973154_right=825345_ver=1.10_style=3	3728	3814	intergenic	.	1023672_edges=5591511..6106511_left=5973154_right=825345_ver=1.10_style=3:3728-3814
1024136_edges=596171..6771563_left=6418335_right=6626985_ver=1.10_style=3	201	424	intergenic	.	1024136_edges=596171..6771563_left=6418335_right=6626985_ver=1.10_style=3:201-424
1024578_edges=2347552..5121948_left=2695848_right=1128708_ver=1.10_style=3	2532	2627	intergenic	.	1024578_edges=2347552..5121948_left=2695848_right=1128708_ver=1.10_style=3:2532-2627
1025928_edges=232365..4563677_left=250933_right=5281855_ver=1.10_style=3	4997	5084	intergenic	.	1025928_edges=232365..4563677_left=250933_right=5281855_ver=1.10_style=3:4997-5084
1025942_edges=313701..700896_left=338221_right=746002_ver=1.10_style=3	22917	22982	intergenic	.	1025942_edges=313701..700896_left=338221_right=746002_ver=1.10_style=3:22917-22982
1027308_edges=2121818..5637198_left=2331366_right=6442916_ver=1.10_style=3	3358	3460	intergenic	.	1027308_edges=2121818..5637198_left=2331366_right=6442916_ver=1.10_style=3:3358-3460
1028003_edges=1445391..4896906_left=6524155_right=5452061_ver=1.10_style=3	731	827	intergenic	.	1028003_edges=1445391..4896906_left=6524155_right=5452061_ver=1.10_style=3:731-827
1028304_edges=2579901..4921266_left=3026427_right=5471541_ver=1.10_style=3	23799	23893	intergenic	.	1028304_edges=2579901..4921266_left=3026427_right=5471541_ver=1.10_style=3:23799-23893
1028493_edges=362080..5569380_left=389383_right=5948519_ver=1.10_style=3	30241	30296	intergenic	.	1028493_edges=362080..5569380_left=389383_right=5948519_ver=1.10_style=3:30241-30296
1028718_edges=621359..1098695_left=6422179_right=6487211_ver=1.10_style=3	5723	5919	gene,mRNA		1028718_edges=621359..1098695_left=6422179_right=6487211_ver=1.10_style=3:5723-5919
1029840_edges=115694..5028547_left=6341051_right=5575092_ver=1.10_style=3	14356	14495	intergenic	.	1029840_edges=115694..5028547_left=6341051_right=5575092_ver=1.10_style=3:14356-14495
1031253_edges=15005..1625068_left=6324143_right=1704669_ver=1.10_style=3	8171	8340	gene		1031253_edges=15005..1625068_left=6324143_right=1704669_ver=1.10_style=3:8171-8340
142600_edges=2314603..2314603_left=2645616_right=2645617_ver=1.10_style=3	270	331	intergenic	.	142600_edges=2314603..2314603_left=2645616_right=2645617_ver=1.10_style=3:270-331
169585_edges=2448988..2448988_left=2844553_right=2844554_ver=1.10_style=3	8	150	intergenic	.	169585_edges=2448988..2448988_left=2844553_right=2844554_ver=1.10_style=3:8-150
190147_edges=2572799..2572799_left=3016730_right=3016731_ver=1.10_style=3	229	329	intergenic	.	190147_edges=2572799..2572799_left=3016730_right=3016731_ver=1.10_style=3:229-329
206747_edges=2692939..2692939_left=3175817_right=3175818_ver=1.10_style=3	79	272	intergenic	.	206747_edges=2692939..2692939_left=3175817_right=3175818_ver=1.10_style=3:79-272
246222_edges=3078542..3078542_left=3637874_right=3637875_ver=1.10_style=3	1220	1313	intergenic	.	246222_edges=3078542..3078542_left=3637874_right=3637875_ver=1.10_style=3:1220-1313
341477_edges=4259882..4259882_left=4947120_right=4947121_ver=1.10_style=3	0	182	intergenic	.	341477_edges=4259882..4259882_left=4947120_right=4947121_ver=1.10_style=3:0-182
342287_edges=4263741..4263741_left=4951480_right=4951481_ver=1.10_style=3	0	137	intergenic	.	342287_edges=4263741..4263741_left=4951480_right=4951481_ver=1.10_style=3:0-137
344117_edges=4271941..4271941_left=4961035_right=4961036_ver=1.10_style=3	91	218	intergenic	.	344117_edges=4271941..4271941_left=4961035_right=4961036_ver=1.10_style=3:91-218
352784_edges=4313335..4313335_left=5006656_right=5006657_ver=1.10_style=3	0	136	intergenic	.	352784_edges=4313335..4313335_left=5006656_right=5006657_ver=1.10_style=3:0-136
355599_edges=4327028..4327028_left=5021463_right=5021464_ver=1.10_style=3	387	582	intergenic	.	355599_edges=4327028..4327028_left=5021463_right=5021464_ver=1.10_style=3:387-582
36517_edges=1204716..1204716_left=1267918_right=1267919_ver=1.10_style=3	16	148	intergenic	.	36517_edges=1204716..1204716_left=1267918_right=1267919_ver=1.10_style=3:16-148
410345_edges=4802407..4802407_left=5386712_right=5386713_ver=1.10_style=3	2974	3075	intergenic	.	410345_edges=4802407..4802407_left=5386712_right=5386713_ver=1.10_style=3:2974-3075
412274_edges=4826580..4826580_left=5402209_right=5402210_ver=1.10_style=3	271	414	intergenic	.	412274_edges=4826580..4826580_left=5402209_right=5402210_ver=1.10_style=3:271-414
413273_edges=4837663..4837663_left=2634270_right=5409739_ver=1.10_style=3	2513	2699	intergenic	.	413273_edges=4837663..4837663_left=2634270_right=5409739_ver=1.10_style=3:2513-2699
416403_edges=4871583..4871583_left=1275468_right=5433507_ver=1.10_style=3	695	842	intergenic	.	416403_edges=4871583..4871583_left=1275468_right=5433507_ver=1.10_style=3:695-842
416971_edges=4877611..4877611_left=5437798_right=5437799_ver=1.10_style=3	0	110	intergenic	.	416971_edges=4877611..4877611_left=5437798_right=5437799_ver=1.10_style=3:0-110
418647_edges=4894422..4894422_left=5450144_right=5450145_ver=1.10_style=3	1315	1392	intergenic	.	418647_edges=4894422..4894422_left=5450144_right=5450145_ver=1.10_style=3:1315-1392
418865_edges=4896589..4896589_left=5451812_right=5451813_ver=1.10_style=3	1114	1225	intergenic	.	418865_edges=4896589..4896589_left=5451812_right=5451813_ver=1.10_style=3:1114-1225
419418_edges=4901964..4901964_left=5456086_right=5456087_ver=1.10_style=3	3601	3694	intergenic	.	419418_edges=4901964..4901964_left=5456086_right=5456087_ver=1.10_style=3:3601-3694
419533_edges=4902993..4902993_left=3885782_right=5456864_ver=1.10_style=3	1896	1954	intergenic	.	419533_edges=4902993..4902993_left=3885782_right=5456864_ver=1.10_style=3:1896-1954
419914_edges=4906463..4906463_left=5459612_right=5459613_ver=1.10_style=3	1376	1483	intergenic	.	419914_edges=4906463..4906463_left=5459612_right=5459613_ver=1.10_style=3:1376-1483
420670_edges=4913243..4913243_left=5464855_right=5464856_ver=1.10_style=3	1956	2037	intergenic	.	420670_edges=4913243..4913243_left=5464855_right=5464856_ver=1.10_style=3:1956-2037
421043_edges=4916231..4916231_left=1661874_right=5467247_ver=1.10_style=3	1106	1269	intergenic	.	421043_edges=4916231..4916231_left=1661874_right=5467247_ver=1.10_style=3:1106-1269
421498_edges=4919727..4919727_left=5470273_right=5470274_ver=1.10_style=3	1670	1855	intergenic	.	421498_edges=4919727..4919727_left=5470273_right=5470274_ver=1.10_style=3:1670-1855
423461_edges=4934697..4934697_left=5483165_right=5483166_ver=1.10_style=3	933	1135	intergenic	.	423461_edges=4934697..4934697_left=5483165_right=5483166_ver=1.10_style=3:933-1135
426932_edges=4957939..4957939_left=5505261_right=1984092_ver=1.10_style=3	677	890	intergenic	.	426932_edges=4957939..4957939_left=5505261_right=1984092_ver=1.10_style=3:677-890
427836_edges=4962885..4962885_left=5510284_right=5510285_ver=1.10_style=3	5	100	intergenic	.	427836_edges=4962885..4962885_left=5510284_right=5510285_ver=1.10_style=3:5-100
428873_edges=4968184..4968184_left=5515943_right=5515944_ver=1.10_style=3	2753	2804	intergenic	.	428873_edges=4968184..4968184_left=5515943_right=5515944_ver=1.10_style=3:2753-2804
429813_edges=4972582..4972582_left=5521054_right=5521055_ver=1.10_style=3	306	461	intergenic	.	429813_edges=4972582..4972582_left=5521054_right=5521055_ver=1.10_style=3:306-461
435742_edges=4998779..4998779_left=5551372_right=2093990_ver=1.10_style=3	910	998	gene,polyA_signal_sequence		435742_edges=4998779..4998779_left=5551372_right=2093990_ver=1.10_style=3:910-998
436614_edges=5005937..5005937_left=5557097_right=5557098_ver=1.10_style=3	933	998	intergenic	.	436614_edges=5005937..5005937_left=5557097_right=5557098_ver=1.10_style=3:933-998
438855_edges=5024043..5024043_left=5571736_right=5571737_ver=1.10_style=3	332	618	intergenic	.	438855_edges=5024043..5024043_left=5571736_right=5571737_ver=1.10_style=3:332-618
439145_edges=5026486..5026486_left=5573626_right=5573627_ver=1.10_style=3	526	714	intergenic	.	439145_edges=5026486..5026486_left=5573626_right=5573627_ver=1.10_style=3:526-714
440778_edges=5040486..5040486_left=5136310_right=5584149_ver=1.10_style=3	476	579	intergenic	.	440778_edges=5040486..5040486_left=5136310_right=5584149_ver=1.10_style=3:476-579
443841_edges=5067006..5067006_left=5603088_right=5603089_ver=1.10_style=3	2305	2478	intergenic	.	443841_edges=5067006..5067006_left=5603088_right=5603089_ver=1.10_style=3:2305-2478
444998_edges=5076948..5076948_left=5609736_right=5609737_ver=1.10_style=3	4293	4512	intergenic	.	444998_edges=5076948..5076948_left=5609736_right=5609737_ver=1.10_style=3:4293-4512
453098_edges=5146287..5146287_left=5653079_right=5653080_ver=1.10_style=3	1764	1819	intergenic	.	453098_edges=5146287..5146287_left=5653079_right=5653080_ver=1.10_style=3:1764-1819
46369_edges=1627084..1627084_left=1706718_right=1706719_ver=1.10_style=3	2	52	intergenic	.	46369_edges=1627084..1627084_left=1706718_right=1706719_ver=1.10_style=3:2-52
469074_edges=5245103..5245103_left=5697856_right=5697857_ver=1.10_style=3	1894	2071	intergenic	.	469074_edges=5245103..5245103_left=5697856_right=5697857_ver=1.10_style=3:1894-2071
470807_edges=5253597..5253597_left=3494669_right=5709558_ver=1.10_style=3	467	603	intergenic	.	470807_edges=5253597..5253597_left=3494669_right=5709558_ver=1.10_style=3:467-603
471339_edges=5255974..5255974_left=5712942_right=5712943_ver=1.10_style=3	1099	1208	intergenic	.	471339_edges=5255974..5255974_left=5712942_right=5712943_ver=1.10_style=3:1099-1208
476300_edges=5311584..5311584_left=5748773_right=5748774_ver=1.10_style=3	2485	2556	intergenic	.	476300_edges=5311584..5311584_left=5748773_right=5748774_ver=1.10_style=3:2485-2556
476448_edges=5313514..5313514_left=5749780_right=5749781_ver=1.10_style=3	1288	1446	intergenic	.	476448_edges=5313514..5313514_left=5749780_right=5749781_ver=1.10_style=3:1288-1446
476789_edges=5318062..5318062_left=5752150_right=6379282_ver=1.10_style=3	3278	3444	intergenic	.	476789_edges=5318062..5318062_left=5752150_right=6379282_ver=1.10_style=3:3278-3444
483337_edges=5388124..5388124_left=5797675_right=5797676_ver=1.10_style=3	639	692	intergenic	.	483337_edges=5388124..5388124_left=5797675_right=5797676_ver=1.10_style=3:639-692
483722_edges=5391155..5391155_left=5800378_right=5800379_ver=1.10_style=3	237	357	intergenic	.	483722_edges=5391155..5391155_left=5800378_right=5800379_ver=1.10_style=3:237-357
484601_edges=5396335..5396335_left=5805654_right=3956033_ver=1.10_style=3	1140	1371	intergenic	.	484601_edges=5396335..5396335_left=5805654_right=3956033_ver=1.10_style=3:1140-1371
494411_edges=5454845..5454845_left=5851433_right=6446891_ver=1.10_style=3	3487	3564	intergenic	.	494411_edges=5454845..5454845_left=5851433_right=6446891_ver=1.10_style=3:3487-3564
497086_edges=5492265..5492265_left=6367179_right=5888079_ver=1.10_style=3	4385	4536	intergenic	.	497086_edges=5492265..5492265_left=6367179_right=5888079_ver=1.10_style=3:4385-4536
499037_edges=5509284..5509284_left=5900308_right=5900309_ver=1.10_style=3	2690	2932	intergenic	.	499037_edges=5509284..5509284_left=5900308_right=5900309_ver=1.10_style=3:2690-2932
499605_edges=5514469..5514469_left=5904115_right=5904116_ver=1.10_style=3	4455	4771	intergenic	.	499605_edges=5514469..5514469_left=5904115_right=5904116_ver=1.10_style=3:4455-4771
506004_edges=5565715..5565715_left=5945197_right=5945198_ver=1.10_style=3	178	294	intergenic	.	506004_edges=5565715..5565715_left=5945197_right=5945198_ver=1.10_style=3:178-294
506465_edges=5568721..5568721_left=5947946_right=5947947_ver=1.10_style=3	2342	2802	intergenic	.	506465_edges=5568721..5568721_left=5947946_right=5947947_ver=1.10_style=3:2342-2802
507112_edges=5572968..5572968_left=5951980_right=5951981_ver=1.10_style=3	590	640	intergenic	.	507112_edges=5572968..5572968_left=5951980_right=5951981_ver=1.10_style=3:590-640
507179_edges=5573434..5573434_left=5952416_right=5952417_ver=1.10_style=3	2967	3073	intergenic	.	507179_edges=5573434..5573434_left=5952416_right=5952417_ver=1.10_style=3:2967-3073
508108_edges=5579150..5579150_left=5958187_right=5958188_ver=1.10_style=3	0	138	intergenic	.	508108_edges=5579150..5579150_left=5958187_right=5958188_ver=1.10_style=3:0-138
509838_edges=5587282..5587282_left=5967924_right=2869484_ver=1.10_style=3	4	156	intergenic	.	509838_edges=5587282..5587282_left=5967924_right=2869484_ver=1.10_style=3:4-156
511416_edges=5594144..5594144_left=5976057_right=5976058_ver=1.10_style=3	649	852	intergenic	.	511416_edges=5594144..5594144_left=5976057_right=5976058_ver=1.10_style=3:649-852
513418_edges=5603080..5603080_left=5983086_right=5983087_ver=1.10_style=3	1811	1878	intergenic	.	513418_edges=5603080..5603080_left=5983086_right=5983087_ver=1.10_style=3:1811-1878
514298_edges=5609813..5609813_left=5747491_right=6350079_ver=1.10_style=3	426	478	intergenic	.	514298_edges=5609813..5609813_left=5747491_right=6350079_ver=1.10_style=3:426-478
515243_edges=5616045..5616045_left=5996201_right=5996202_ver=1.10_style=3	677	738	intergenic	.	515243_edges=5616045..5616045_left=5996201_right=5996202_ver=1.10_style=3:677-738
517395_edges=5627763..5627763_left=6012255_right=6012256_ver=1.10_style=3	1743	1930	intergenic	.	517395_edges=5627763..5627763_left=6012255_right=6012256_ver=1.10_style=3:1743-1930
518746_edges=5647204..5647204_left=6023682_right=6023683_ver=1.10_style=3	5165	5257	intergenic	.	518746_edges=5647204..5647204_left=6023682_right=6023683_ver=1.10_style=3:5165-5257
520165_edges=5657652..5657652_left=1639094_right=6609728_ver=1.10_style=3	1598	1838	gene,mRNA		520165_edges=5657652..5657652_left=1639094_right=6609728_ver=1.10_style=3:1598-1838
521377_edges=5669439..5669439_left=3561695_right=5938473_ver=1.10_style=3	2124	2186	intergenic	.	521377_edges=5669439..5669439_left=3561695_right=5938473_ver=1.10_style=3:2124-2186
523690_edges=5683139..5683139_left=6605152_right=5938852_ver=1.10_style=3	1175	1261	intergenic	.	523690_edges=5683139..5683139_left=6605152_right=5938852_ver=1.10_style=3:1175-1261
527770_edges=5699253..5699253_left=5567318_right=4969940_ver=1.10_style=3	1358	1522	intergenic	.	527770_edges=5699253..5699253_left=5567318_right=4969940_ver=1.10_style=3:1358-1522
53167_edges=1852030..1852030_left=1950270_right=1950271_ver=1.10_style=3	167	277	intergenic	.	53167_edges=1852030..1852030_left=1950270_right=1950271_ver=1.10_style=3:167-277
535125_edges=5738597..5738597_left=5167855_right=1490388_ver=1.10_style=3	422	487	intergenic	.	535125_edges=5738597..5738597_left=5167855_right=1490388_ver=1.10_style=3:422-487
539767_edges=5766206..5766206_left=5477674_right=6548682_ver=1.10_style=3	2400	2626	intergenic	.	539767_edges=5766206..5766206_left=5477674_right=6548682_ver=1.10_style=3:2400-2626
541829_edges=5783008..5783008_left=5955898_right=940917_ver=1.10_style=3	1169	1235	intergenic	.	541829_edges=5783008..5783008_left=5955898_right=940917_ver=1.10_style=3:1169-1235
546204_edges=5809388..5809388_left=5562994_right=5557995_ver=1.10_style=3	1695	1893	intergenic	.	546204_edges=5809388..5809388_left=5562994_right=5557995_ver=1.10_style=3:1695-1893
547180_edges=5814240..5814240_left=1787218_right=1787217_ver=1.10_style=3	1093	1381	gene,polyA_signal_sequence,mRNA,stop_codon,exon,CDS		547180_edges=5814240..5814240_left=1787218_right=1787217_ver=1.10_style=3:1093-1381
548438_edges=5819314..5819314_left=5808734_right=2162933_ver=1.10_style=3	830	1038	intergenic	.	548438_edges=5819314..5819314_left=5808734_right=2162933_ver=1.10_style=3:830-1038
552763_edges=5834274..5834274_left=5509685_right=5722485_ver=1.10_style=3	423	561	intergenic	.	552763_edges=5834274..5834274_left=5509685_right=5722485_ver=1.10_style=3:423-561
558918_edges=5858636..5858636_left=5531198_right=5682668_ver=1.10_style=3	650	770	intergenic	.	558918_edges=5858636..5858636_left=5531198_right=5682668_ver=1.10_style=3:650-770
561984_edges=5873844..5873844_left=2654368_right=2333083_ver=1.10_style=3	795	888	intergenic	.	561984_edges=5873844..5873844_left=2654368_right=2333083_ver=1.10_style=3:795-888
563808_edges=5883010..5883010_left=6459398_right=2842214_ver=1.10_style=3	707	864	intergenic	.	563808_edges=5883010..5883010_left=6459398_right=2842214_ver=1.10_style=3:707-864
565511_edges=6013776..6013776_left=5986597_right=6612843_ver=1.10_style=3	1948	2068	intergenic	.	565511_edges=6013776..6013776_left=5986597_right=6612843_ver=1.10_style=3:1948-2068
567233_edges=6282092..6282092_left=5802804_right=5720511_ver=1.10_style=3	4777	4827	intergenic	.	567233_edges=6282092..6282092_left=5802804_right=5720511_ver=1.10_style=3:4777-4827
567521_edges=6284164..6284164_left=5994862_right=5568538_ver=1.10_style=3	2870	2953	intergenic	.	567521_edges=6284164..6284164_left=5994862_right=5568538_ver=1.10_style=3:2870-2953
567983_edges=6289446..6289446_left=5945318_right=1539586_ver=1.10_style=3	1008	1312	intergenic	.	567983_edges=6289446..6289446_left=5945318_right=1539586_ver=1.10_style=3:1008-1312
568676_edges=6294208..6294208_left=2939791_right=2115461_ver=1.10_style=3	158	298	intergenic	.	568676_edges=6294208..6294208_left=2939791_right=2115461_ver=1.10_style=3:158-298
57058_edges=1949592..1949592_left=2063303_right=2063304_ver=1.10_style=3	1279	1351	intergenic	.	57058_edges=1949592..1949592_left=2063303_right=2063304_ver=1.10_style=3:1279-1351
571619_edges=6312088..6312088_left=5985700_right=37359_ver=1.10_style=3	3218	3333	intergenic	.	571619_edges=6312088..6312088_left=5985700_right=37359_ver=1.10_style=3:3218-3333
580877_edges=6368274..6368274_left=4263824_right=565853_ver=1.10_style=3	2013	2111	intergenic	.	580877_edges=6368274..6368274_left=4263824_right=565853_ver=1.10_style=3:2013-2111
584969_edges=6394660..6394660_left=6443614_right=6443607_ver=1.10_style=3	1145	1313	intergenic	.	584969_edges=6394660..6394660_left=6443614_right=6443607_ver=1.10_style=3:1145-1313
587537_edges=6413402..6413402_left=5079424_right=3483746_ver=1.10_style=3	324	439	intergenic	.	587537_edges=6413402..6413402_left=5079424_right=3483746_ver=1.10_style=3:324-439
597022_edges=6460040..6460040_left=2132394_right=6050562_ver=1.10_style=3	340	438	intergenic	.	597022_edges=6460040..6460040_left=2132394_right=6050562_ver=1.10_style=3:340-438
59753_edges=1998707..1998707_left=2126422_right=2126423_ver=1.10_style=3	710	814	intergenic	.	59753_edges=1998707..1998707_left=2126422_right=2126423_ver=1.10_style=3:710-814
598171_edges=6470436..6470436_left=6621715_right=1105745_ver=1.10_style=3	2076	2490	intergenic	.	598171_edges=6470436..6470436_left=6621715_right=1105745_ver=1.10_style=3:2076-2490
600352_edges=6485676..6485676_left=5897536_right=5846381_ver=1.10_style=3	1259	1343	intergenic	.	600352_edges=6485676..6485676_left=5897536_right=5846381_ver=1.10_style=3:1259-1343
602122_edges=6495928..6495928_left=2938934_right=874512_ver=1.10_style=3	962	1160	intergenic	.	602122_edges=6495928..6495928_left=2938934_right=874512_ver=1.10_style=3:962-1160
602744_edges=6499294..6499294_left=5411942_right=5002840_ver=1.10_style=3	1729	1808	intergenic	.	602744_edges=6499294..6499294_left=5411942_right=5002840_ver=1.10_style=3:1729-1808
603733_edges=6504600..6504600_left=5855150_right=1172118_ver=1.10_style=3	2928	3050	intergenic	.	603733_edges=6504600..6504600_left=5855150_right=1172118_ver=1.10_style=3:2928-3050
604529_edges=6508712..6508712_left=5935577_right=5793936_ver=1.10_style=3	4102	4182	intergenic	.	604529_edges=6508712..6508712_left=5935577_right=5793936_ver=1.10_style=3:4102-4182
605296_edges=6512876..6512876_left=5941199_right=1435951_ver=1.10_style=3	472	607	intergenic	.	605296_edges=6512876..6512876_left=5941199_right=1435951_ver=1.10_style=3:472-607
605529_edges=6514142..6514142_left=5942710_right=1475007_ver=1.10_style=3	721	815	intergenic	.	605529_edges=6514142..6514142_left=5942710_right=1475007_ver=1.10_style=3:721-815
606045_edges=6516746..6516746_left=1552859_right=1552857_ver=1.10_style=3	1898	2138	intergenic	.	606045_edges=6516746..6516746_left=1552859_right=1552857_ver=1.10_style=3:1898-2138
606392_edges=6518434..6518434_left=5787155_right=5461814_ver=1.10_style=3	4697	5072	gene,mRNA,exon,CDS		606392_edges=6518434..6518434_left=5787155_right=5461814_ver=1.10_style=3:4697-5072
607444_edges=6523538..6523538_left=5477042_right=1753209_ver=1.10_style=3	1283	1466	intergenic	.	607444_edges=6523538..6523538_left=5477042_right=1753209_ver=1.10_style=3:1283-1466
607579_edges=6524166..6524166_left=5568543_right=5344443_ver=1.10_style=3	1817	1946	intergenic	.	607579_edges=6524166..6524166_left=5568543_right=5344443_ver=1.10_style=3:1817-1946
609476_edges=6532772..6532772_left=5962898_right=1998305_ver=1.10_style=3	458	563	intergenic	.	609476_edges=6532772..6532772_left=5962898_right=1998305_ver=1.10_style=3:458-563
610235_edges=6535662..6535662_left=5868861_right=5868860_ver=1.10_style=3	234	360	intergenic	.	610235_edges=6535662..6535662_left=5868861_right=5868860_ver=1.10_style=3:234-360
610424_edges=6536386..6536386_left=5869321_right=5869319_ver=1.10_style=3	242	471	intergenic	.	610424_edges=6536386..6536386_left=5869321_right=5869319_ver=1.10_style=3:242-471
610537_edges=6536818..6536818_left=6024247_right=2093520_ver=1.10_style=3	1968	2102	intergenic	.	610537_edges=6536818..6536818_left=6024247_right=2093520_ver=1.10_style=3:1968-2102
611214_edges=6539088..6539088_left=5968981_right=2142367_ver=1.10_style=3	855	938	intergenic	.	611214_edges=6539088..6539088_left=5968981_right=2142367_ver=1.10_style=3:855-938
612020_edges=6541524..6541524_left=5543058_right=2185541_ver=1.10_style=3	1579	1655	intergenic	.	612020_edges=6541524..6541524_left=5543058_right=2185541_ver=1.10_style=3:1579-1655
617912_edges=6560482..6560482_left=4236452_right=2378830_ver=1.10_style=3	1109	1232	intergenic	.	617912_edges=6560482..6560482_left=4236452_right=2378830_ver=1.10_style=3:1109-1232
619431_edges=6565242..6565242_left=4076483_right=4238389_ver=1.10_style=3	789	895	intergenic	.	619431_edges=6565242..6565242_left=4076483_right=4238389_ver=1.10_style=3:789-895
620724_edges=6569490..6569490_left=3369718_right=3091067_ver=1.10_style=3	1469	1652	intergenic	.	620724_edges=6569490..6569490_left=3369718_right=3091067_ver=1.10_style=3:1469-1652
621067_edges=6570782..6570782_left=4825168_right=2794105_ver=1.10_style=3	5	92	intergenic	.	621067_edges=6570782..6570782_left=4825168_right=2794105_ver=1.10_style=3:5-92
622463_edges=6576160..6576160_left=4956826_right=4945770_ver=1.10_style=3	1473	1603	intergenic	.	622463_edges=6576160..6576160_left=4956826_right=4945770_ver=1.10_style=3:1473-1603
624547_edges=6582722..6582722_left=3734832_right=5150562_ver=1.10_style=3	841	897	intergenic	.	624547_edges=6582722..6582722_left=3734832_right=5150562_ver=1.10_style=3:841-897
625111_edges=6588860..6588860_left=613920_right=2195423_ver=1.10_style=3	2977	3105	intergenic	.	625111_edges=6588860..6588860_left=613920_right=2195423_ver=1.10_style=3:2977-3105
625916_edges=6592762..6592762_left=301948_right=6604479_ver=1.10_style=3	6473	6632	intergenic	.	625916_edges=6592762..6592762_left=301948_right=6604479_ver=1.10_style=3:6473-6632
627441_edges=6600248..6600248_left=5408421_right=6570883_ver=1.10_style=3	3709	3830	intergenic	.	627441_edges=6600248..6600248_left=5408421_right=6570883_ver=1.10_style=3:3709-3830
627465_edges=6600364..6600364_left=5894850_right=2248764_ver=1.10_style=3	299	387	intergenic	.	627465_edges=6600364..6600364_left=5894850_right=2248764_ver=1.10_style=3:299-387
634340_edges=6687248..6687248_left=2094110_right=2764306_ver=1.10_style=3	875	951	intergenic	.	634340_edges=6687248..6687248_left=2094110_right=2764306_ver=1.10_style=3:875-951
634690_edges=6689710..6689710_left=2675407_right=2877916_ver=1.10_style=3	828	926	intergenic	.	634690_edges=6689710..6689710_left=2675407_right=2877916_ver=1.10_style=3:828-926
63589_edges=2044756..2044756_left=2194751_right=2064527_ver=1.10_style=3	29	99	intergenic	.	63589_edges=2044756..2044756_left=2194751_right=2064527_ver=1.10_style=3:29-99
638490_edges=6720026..6720026_left=5850464_right=4995605_ver=1.10_style=3	2944	3038	intergenic	.	638490_edges=6720026..6720026_left=5850464_right=4995605_ver=1.10_style=3:2944-3038
647822_edges=6747616..6747616_left=5846351_right=5735527_ver=1.10_style=3	320	383	intergenic	.	647822_edges=6747616..6747616_left=5846351_right=5735527_ver=1.10_style=3:320-383
650041_edges=6770054..6770054_left=5999669_right=5523450_ver=1.10_style=3	637	746	gene,polyA_signal_sequence		650041_edges=6770054..6770054_left=5999669_right=5523450_ver=1.10_style=3:637-746
650083_edges=6770196..6770196_left=5485486_right=2587702_ver=1.10_style=3	978	1054	intergenic	.	650083_edges=6770196..6770196_left=5485486_right=2587702_ver=1.10_style=3:978-1054
653395_edges=6825240..6825240_left=322168_right=5954082_ver=1.10_style=3	399	543	gene,mRNA,start_codon,exon,CDS		653395_edges=6825240..6825240_left=322168_right=5954082_ver=1.10_style=3:399-543
653408_edges=6825392..6825392_left=4843109_right=5486179_ver=1.10_style=3	1649	1753	intergenic	.	653408_edges=6825392..6825392_left=4843109_right=5486179_ver=1.10_style=3:1649-1753
653745_edges=6828832..6828832_left=2634197_right=3257397_ver=1.10_style=3	1053	1138	intergenic	.	653745_edges=6828832..6828832_left=2634197_right=3257397_ver=1.10_style=3:1053-1138
654390_edges=6835572..6835572_left=5802270_right=5802271_ver=1.10_style=3	2984	3120	intergenic	.	654390_edges=6835572..6835572_left=5802270_right=5802271_ver=1.10_style=3:2984-3120
657806_edges=7032316..7032316_left=6026296_right=1907538_ver=1.10_style=3	0	95	intergenic	.	657806_edges=7032316..7032316_left=6026296_right=1907538_ver=1.10_style=3:0-95
658887_edges=7044064..7044064_left=5961554_right=6018413_ver=1.10_style=3	6900	7036	gene,mRNA		658887_edges=7044064..7044064_left=5961554_right=6018413_ver=1.10_style=3:6900-7036
659559_edges=7051270..7051270_left=5468305_right=6541249_ver=1.10_style=3	4659	5034	intergenic	.	659559_edges=7051270..7051270_left=5468305_right=6541249_ver=1.10_style=3:4659-5034
662304_edges=7070866..7070866_left=5937539_right=3417711_ver=1.10_style=3	24	82	intergenic	.	662304_edges=7070866..7070866_left=5937539_right=3417711_ver=1.10_style=3:24-82
663670_edges=7081468..7081468_left=106479_right=4600026_ver=1.10_style=3	456	624	intergenic	.	663670_edges=7081468..7081468_left=106479_right=4600026_ver=1.10_style=3:456-624
663670_edges=7081468..7081468_left=106479_right=4600026_ver=1.10_style=3	782	932	intergenic	.	663670_edges=7081468..7081468_left=106479_right=4600026_ver=1.10_style=3:782-932
665156_edges=7092276..7092276_left=5939956_right=5939957_ver=1.10_style=3	424	485	intergenic	.	665156_edges=7092276..7092276_left=5939956_right=5939957_ver=1.10_style=3:424-485
669316_edges=565913..5833897_left=603923_right=5903667_ver=1.10_style=3	1760	1898	intergenic	.	669316_edges=565913..5833897_left=603923_right=5903667_ver=1.10_style=3:1760-1898
669336_edges=575056..575059_left=613607_right=613614_ver=1.10_style=3	178	279	intergenic	.	669336_edges=575056..575059_left=613607_right=613614_ver=1.10_style=3:178-279
669727_edges=751820..6654421_left=798906_right=798913_ver=1.10_style=3	2494	2603	intergenic	.	669727_edges=751820..6654421_left=798906_right=798913_ver=1.10_style=3:2494-2603
670152_edges=922582..5855157_left=976174_right=6031527_ver=1.10_style=3	590	700	intergenic	.	670152_edges=922582..5855157_left=976174_right=6031527_ver=1.10_style=3:590-700
671153_edges=1291849..5557400_left=1357823_right=5938002_ver=1.10_style=3	1728	1839	intergenic	.	671153_edges=1291849..5557400_left=1357823_right=5938002_ver=1.10_style=3:1728-1839
671653_edges=1448527..4335184_left=1520717_right=5030211_ver=1.10_style=3	1369	1428	intergenic	.	671653_edges=1448527..4335184_left=1520717_right=5030211_ver=1.10_style=3:1369-1428
672688_edges=1713392..6666353_left=1798351_right=5482097_ver=1.10_style=3	639	710	intergenic	.	672688_edges=1713392..6666353_left=1798351_right=5482097_ver=1.10_style=3:639-710
673796_edges=1895183..1895185_left=1999013_right=1999018_ver=1.10_style=3	1037	1254	intergenic	.	673796_edges=1895183..1895185_left=1999013_right=1999018_ver=1.10_style=3:1037-1254
674507_edges=1971607..6536712_left=2091046_right=2091042_ver=1.10_style=3	1666	1761	intergenic	.	674507_edges=1971607..6536712_left=2091046_right=2091042_ver=1.10_style=3:1666-1761
674645_edges=1982261..5821932_left=2104665_right=6226088_ver=1.10_style=3	620	728	intergenic	.	674645_edges=1982261..5821932_left=2104665_right=6226088_ver=1.10_style=3:620-728
674687_edges=1985745..1985747_left=2109282_right=2109287_ver=1.10_style=3	1106	1207	intergenic	.	674687_edges=1985745..1985747_left=2109282_right=2109287_ver=1.10_style=3:1106-1207
677916_edges=2150889..5662881_left=2381330_right=5632006_ver=1.10_style=3	2707	2784	intergenic	.	677916_edges=2150889..5662881_left=2381330_right=5632006_ver=1.10_style=3:2707-2784
679370_edges=2238604..2744184_left=2526264_right=3240925_ver=1.10_style=3	1006	1063	intergenic	.	679370_edges=2238604..2744184_left=2526264_right=3240925_ver=1.10_style=3:1006-1063
680053_edges=2280021..4318662_left=2591782_right=5012402_ver=1.10_style=3	416	694	intergenic	.	680053_edges=2280021..4318662_left=2591782_right=5012402_ver=1.10_style=3:416-694
682882_edges=2498827..6728728_left=2915116_right=3036170_ver=1.10_style=3	418	593	intergenic	.	682882_edges=2498827..6728728_left=2915116_right=3036170_ver=1.10_style=3:418-593
683215_edges=2530005..2697739_left=2958425_right=3181977_ver=1.10_style=3	0	81	intergenic	.	683215_edges=2530005..2697739_left=2958425_right=3181977_ver=1.10_style=3:0-81
683597_edges=2567921..5405360_left=3010050_right=5814873_ver=1.10_style=3	1883	2145	intergenic	.	683597_edges=2567921..5405360_left=3010050_right=5814873_ver=1.10_style=3:1883-2145
685570_edges=2794621..5867822_left=3304166_right=1877460_ver=1.10_style=3	3002	3082	intergenic	.	685570_edges=2794621..5867822_left=3304166_right=1877460_ver=1.10_style=3:3002-3082
685772_edges=2822607..6784516_left=3338399_right=5588284_ver=1.10_style=3	2195	2293	intergenic	.	685772_edges=2822607..6784516_left=3338399_right=5588284_ver=1.10_style=3:2195-2293
686184_edges=2879379..6554285_left=3407299_right=3213914_ver=1.10_style=3	586	658	intergenic	.	686184_edges=2879379..6554285_left=3407299_right=3213914_ver=1.10_style=3:586-658
690498_edges=3905560..3905560_left=4557446_right=4557447_ver=1.10_style=3	205	308	intergenic	.	690498_edges=3905560..3905560_left=4557446_right=4557447_ver=1.10_style=3:205-308
691129_edges=4120235..7111161_left=4806457_right=4224497_ver=1.10_style=3	725	801	intergenic	.	691129_edges=4120235..7111161_left=4806457_right=4224497_ver=1.10_style=3:725-801
691537_edges=4181090..5771460_left=4874345_right=4868364_ver=1.10_style=3	1062	1150	intergenic	.	691537_edges=4181090..5771460_left=4874345_right=4868364_ver=1.10_style=3:1062-1150
693287_edges=4747363..5447724_left=5353080_right=5843672_ver=1.10_style=3	193	244	intergenic	.	693287_edges=4747363..5447724_left=5353080_right=5843672_ver=1.10_style=3:193-244
693505_edges=4782094..5800809_left=5373803_right=5373802_ver=1.10_style=3	3019	3206	intergenic	.	693505_edges=4782094..5800809_left=5373803_right=5373802_ver=1.10_style=3:3019-3206
693767_edges=4826263..5529518_left=6448158_right=5915383_ver=1.10_style=3	1064	1427	intergenic	.	693767_edges=4826263..5529518_left=6448158_right=5915383_ver=1.10_style=3:1064-1427
696089_edges=5312077..6816187_left=5749055_right=4994748_ver=1.10_style=3	11051	11386	gene,polyA_signal_sequence		696089_edges=5312077..6816187_left=5749055_right=4994748_ver=1.10_style=3:11051-11386
696346_edges=5359706..6838423_left=5776655_right=1257917_ver=1.10_style=3	0	370	intergenic	.	696346_edges=5359706..6838423_left=5776655_right=1257917_ver=1.10_style=3:0-370
696611_edges=5397337..5587373_left=5806686_right=2123133_ver=1.10_style=3	10	287	intergenic	.	696611_edges=5397337..5587373_left=5806686_right=2123133_ver=1.10_style=3:10-287
696611_edges=5397337..5587373_left=5806686_right=2123133_ver=1.10_style=3	461	591	intergenic	.	696611_edges=5397337..5587373_left=5806686_right=2123133_ver=1.10_style=3:461-591
696645_edges=5402453..5402453_left=5332881_right=5332880_ver=1.10_style=3	202	368	gene,mRNA,exon,CDS		696645_edges=5402453..5402453_left=5332881_right=5332880_ver=1.10_style=3:202-368
696645_edges=5402453..5402453_left=5332881_right=5332880_ver=1.10_style=3	826	988	intergenic	.	696645_edges=5402453..5402453_left=5332881_right=5332880_ver=1.10_style=3:826-988
696750_edges=5409104..5409104_left=5332839_right=5332838_ver=1.10_style=3	1252	1325	intergenic	.	696750_edges=5409104..5409104_left=5332839_right=5332838_ver=1.10_style=3:1252-1325
696780_edges=5410122..5410122_left=5333199_right=5333198_ver=1.10_style=3	1458	1521	intergenic	.	696780_edges=5410122..5410122_left=5333199_right=5333198_ver=1.10_style=3:1458-1521
698791_edges=5469588..6594279_left=5870943_right=5870946_ver=1.10_style=3	3533	3701	intergenic	.	698791_edges=5469588..6594279_left=5870943_right=5870946_ver=1.10_style=3:3533-3701
702476_edges=6565268..6565268_left=4097952_right=2883458_ver=1.10_style=3	5	290	intergenic	.	702476_edges=6565268..6565268_left=4097952_right=2883458_ver=1.10_style=3:5-290
703172_edges=6609473..6647851_left=140172_right=140170_ver=1.10_style=3	320	394	intergenic	.	703172_edges=6609473..6647851_left=140172_right=140170_ver=1.10_style=3:320-394
703797_edges=6722703..6837030_left=5496230_right=5705636_ver=1.10_style=3	2470	2593	intergenic	.	703797_edges=6722703..6837030_left=5496230_right=5705636_ver=1.10_style=3:2470-2593
704396_edges=188684..5449106_left=204045_right=5845208_ver=1.10_style=3	3253	3601	intergenic	.	704396_edges=188684..5449106_left=204045_right=5845208_ver=1.10_style=3:3253-3601
704857_edges=1888424..1888422_left=1991257_right=1991254_ver=1.10_style=3	1536	1621	intergenic	.	704857_edges=1888424..1888422_left=1991257_right=1991254_ver=1.10_style=3:1536-1621
704925_edges=1973168..6453538_left=2092989_right=2909510_ver=1.10_style=3	1264	1419	intergenic	.	704925_edges=1973168..6453538_left=2092989_right=2909510_ver=1.10_style=3:1264-1419
705089_edges=2076325..2076325_left=2251758_right=2251759_ver=1.10_style=3	231	344	intergenic	.	705089_edges=2076325..2076325_left=2251758_right=2251759_ver=1.10_style=3:231-344
705089_edges=2076325..2076325_left=2251758_right=2251759_ver=1.10_style=3	1216	1330	intergenic	.	705089_edges=2076325..2076325_left=2251758_right=2251759_ver=1.10_style=3:1216-1330
705503_edges=2309724..4275850_left=2638130_right=4965450_ver=1.10_style=3	453	513	intergenic	.	705503_edges=2309724..4275850_left=2638130_right=4965450_ver=1.10_style=3:453-513
708713_edges=159355..4759911_left=172641_right=6348488_ver=1.10_style=3	1545	1757	gene,mRNA		708713_edges=159355..4759911_left=172641_right=6348488_ver=1.10_style=3:1545-1757
709525_edges=236591..236594_left=255418_right=255419_ver=1.10_style=3	580	642	intergenic	.	709525_edges=236591..236594_left=255418_right=255419_ver=1.10_style=3:580-642
709672_edges=251249..251255_left=271058_right=6364450_ver=1.10_style=3	2681	2783	intergenic	.	709672_edges=251249..251255_left=271058_right=6364450_ver=1.10_style=3:2681-2783
710598_edges=334623..5755758_left=360457_right=5891800_ver=1.10_style=3	3607	3909	intergenic	.	710598_edges=334623..5755758_left=360457_right=5891800_ver=1.10_style=3:3607-3909
710653_edges=340843..5497828_left=366933_right=5892050_ver=1.10_style=3	747	1002	intergenic	.	710653_edges=340843..5497828_left=366933_right=5892050_ver=1.10_style=3:747-1002
711249_edges=398694..5320862_left=428038_right=428035_ver=1.10_style=3	677	730	intergenic	.	711249_edges=398694..5320862_left=428038_right=428035_ver=1.10_style=3:677-730
711591_edges=430153..6501847_left=461217_right=1079167_ver=1.10_style=3	6998	7228	intergenic	.	711591_edges=430153..6501847_left=461217_right=1079167_ver=1.10_style=3:6998-7228
712835_edges=544712..6719700_left=581429_right=581432_ver=1.10_style=3	3030	3235	intergenic	.	712835_edges=544712..6719700_left=581429_right=581432_ver=1.10_style=3:3030-3235
713657_edges=626443..6652909_left=668007_right=6622605_ver=1.10_style=3	3782	3878	intergenic	.	713657_edges=626443..6652909_left=668007_right=6622605_ver=1.10_style=3:3782-3878
718407_edges=1085968..6594731_left=1144795_right=1144801_ver=1.10_style=3	2001	2138	intergenic	.	718407_edges=1085968..6594731_left=1144795_right=1144801_ver=1.10_style=3:2001-2138
719457_edges=1185490..7107111_left=1248106_right=5476667_ver=1.10_style=3	4832	4900	intergenic	.	719457_edges=1185490..7107111_left=1248106_right=5476667_ver=1.10_style=3:4832-4900
723938_edges=1593576..4917385_left=1671213_right=5468261_ver=1.10_style=3	26	143	intergenic	.	723938_edges=1593576..4917385_left=1671213_right=5468261_ver=1.10_style=3:26-143
724165_edges=1613913..5572291_left=6543008_right=6556717_ver=1.10_style=3	480	546	gene,mRNA		724165_edges=1613913..5572291_left=6543008_right=6556717_ver=1.10_style=3:480-546
724328_edges=1626255..5379344_left=6544307_right=5790424_ver=1.10_style=3	280	597	intergenic	.	724328_edges=1626255..5379344_left=6544307_right=5790424_ver=1.10_style=3:280-597
725631_edges=1736868..7072207_left=1824102_right=3607581_ver=1.10_style=3	117	194	intergenic	.	725631_edges=1736868..7072207_left=1824102_right=3607581_ver=1.10_style=3:117-194
726273_edges=1787310..6567869_left=1878765_right=4363223_ver=1.10_style=3	2850	2992	intergenic	.	726273_edges=1787310..6567869_left=1878765_right=4363223_ver=1.10_style=3:2850-2992
726754_edges=1826098..7042074_left=1921347_right=1075771_ver=1.10_style=3	5100	5240	intergenic	.	726754_edges=1826098..7042074_left=1921347_right=1075771_ver=1.10_style=3:5100-5240
726994_edges=1844209..2767903_left=1941564_right=3270763_ver=1.10_style=3	296	419	intergenic	.	726994_edges=1844209..2767903_left=1941564_right=3270763_ver=1.10_style=3:296-419
730099_edges=2011051..2011052_left=2143192_right=2143193_ver=1.10_style=3	418	473	intergenic	.	730099_edges=2011051..2011052_left=2143192_right=2143193_ver=1.10_style=3:418-473
734344_edges=2134702..5829289_left=2353271_right=5174376_ver=1.10_style=3	732	854	intergenic	.	734344_edges=2134702..5829289_left=2353271_right=5174376_ver=1.10_style=3:732-854
736161_edges=2186880..2417493_left=2388717_right=2799662_ver=1.10_style=3	1052	1251	intergenic	.	736161_edges=2186880..2417493_left=2388717_right=2799662_ver=1.10_style=3:1052-1251
739500_edges=2297645..4322087_left=2619079_right=5016115_ver=1.10_style=3	1466	1556	intergenic	.	739500_edges=2297645..4322087_left=2619079_right=5016115_ver=1.10_style=3:1466-1556
741877_edges=2384970..2683821_left=2535699_right=3164093_ver=1.10_style=3	289	484	intergenic	.	741877_edges=2384970..2683821_left=2535699_right=3164093_ver=1.10_style=3:289-484
742978_edges=2426928..6551635_left=2813108_right=3050730_ver=1.10_style=3	314	425	intergenic	.	742978_edges=2426928..6551635_left=2813108_right=3050730_ver=1.10_style=3:314-425
743318_edges=2439229..5007869_left=2830656_right=5558863_ver=1.10_style=3	293	350	intergenic	.	743318_edges=2439229..5007869_left=2830656_right=5558863_ver=1.10_style=3:293-350
746172_edges=2561519..6681662_left=3001633_right=2234047_ver=1.10_style=3	432	605	intergenic	.	746172_edges=2561519..6681662_left=3001633_right=2234047_ver=1.10_style=3:432-605
746281_edges=2565701..2318605_left=3007139_right=2651655_ver=1.10_style=3	722	817	intergenic	.	746281_edges=2565701..2318605_left=3007139_right=2651655_ver=1.10_style=3:722-817
746500_edges=2575047..4363652_left=3019822_right=3894210_ver=1.10_style=3	112	210	intergenic	.	746500_edges=2575047..4363652_left=3019822_right=3894210_ver=1.10_style=3:112-210
748833_edges=2680150..2583511_left=2287684_right=3031394_ver=1.10_style=3	1037	1155	intergenic	.	748833_edges=2680150..2583511_left=2287684_right=3031394_ver=1.10_style=3:1037-1155
749084_edges=2692954..4541281_left=3175840_right=5255376_ver=1.10_style=3	964	1060	intergenic	.	749084_edges=2692954..4541281_left=3175840_right=5255376_ver=1.10_style=3:964-1060
751643_edges=2826492..6812133_left=3343147_right=5043945_ver=1.10_style=3	53	108	intergenic	.	751643_edges=2826492..6812133_left=3343147_right=5043945_ver=1.10_style=3:53-108
751643_edges=2826492..6812133_left=3343147_right=5043945_ver=1.10_style=3	438	532	intergenic	.	751643_edges=2826492..6812133_left=3343147_right=5043945_ver=1.10_style=3:438-532
773425_edges=4206130..5056125_left=4899806_right=5595435_ver=1.10_style=3	0	201	intergenic	.	773425_edges=4206130..5056125_left=4899806_right=5595435_ver=1.10_style=3:0-201
779883_edges=4491979..6607638_left=5197042_right=2138438_ver=1.10_style=3	1982	2177	intergenic	.	779883_edges=4491979..6607638_left=5197042_right=2138438_ver=1.10_style=3:1982-2177
780773_edges=4503485..6440054_left=5210788_right=3059097_ver=1.10_style=3	323	381	intergenic	.	780773_edges=4503485..6440054_left=5210788_right=3059097_ver=1.10_style=3:323-381
782313_edges=4523004..6552145_left=5234238_right=3081207_ver=1.10_style=3	1683	1782	intergenic	.	782313_edges=4523004..6552145_left=5234238_right=3081207_ver=1.10_style=3:1683-1782
784353_edges=4551246..6602272_left=5267011_right=2941039_ver=1.10_style=3	1239	1475	intergenic	.	784353_edges=4551246..6602272_left=5267011_right=2941039_ver=1.10_style=3:1239-1475
785367_edges=4560465..6775105_left=6603415_right=1589390_ver=1.10_style=3	1075	1337	gene,polyA_signal_sequence		785367_edges=4560465..6775105_left=6603415_right=1589390_ver=1.10_style=3:1075-1337
787686_edges=4695038..6722876_left=4867497_right=5247612_ver=1.10_style=3	0	221	intergenic	.	787686_edges=4695038..6722876_left=4867497_right=5247612_ver=1.10_style=3:0-221
789419_edges=4751718..6295302_left=5355797_right=5927311_ver=1.10_style=3	3477	3595	intergenic	.	789419_edges=4751718..6295302_left=5355797_right=5927311_ver=1.10_style=3:3477-3595
789454_edges=4752648..6600879_left=6336505_right=6509892_ver=1.10_style=3	2314	2439	intergenic	.	789454_edges=4752648..6600879_left=6336505_right=6509892_ver=1.10_style=3:2314-2439
789509_edges=4753827..5575458_left=5357033_right=5954372_ver=1.10_style=3	3732	3836	intergenic	.	789509_edges=4753827..5575458_left=5357033_right=5954372_ver=1.10_style=3:3732-3836
791654_edges=4803814..5330367_left=5387616_right=5759113_ver=1.10_style=3	2503	2748	intergenic	.	791654_edges=4803814..5330367_left=5387616_right=5759113_ver=1.10_style=3:2503-2748
793167_edges=4838389..4838394_left=6463214_right=5410217_ver=1.10_style=3	3453	3528	intergenic	.	793167_edges=4838389..4838394_left=6463214_right=5410217_ver=1.10_style=3:3453-3528
793259_edges=4840281..6774031_left=6465411_right=6605402_ver=1.10_style=3	2976	3092	intergenic	.	793259_edges=4840281..6774031_left=6465411_right=6605402_ver=1.10_style=3:2976-3092
795174_edges=4885817..6511810_left=5443775_right=5858004_ver=1.10_style=3	1593	1796	intergenic	.	795174_edges=4885817..6511810_left=5443775_right=5858004_ver=1.10_style=3:1593-1796
795177_edges=4885926..5518414_left=5443871_right=6423955_ver=1.10_style=3	4499	4578	intergenic	.	795177_edges=4885926..5518414_left=5443871_right=6423955_ver=1.10_style=3:4499-4578
795292_edges=4888306..5366954_left=5445684_right=5781462_ver=1.10_style=3	399	682	intergenic	.	795292_edges=4888306..5366954_left=5445684_right=5781462_ver=1.10_style=3:399-682
795389_edges=4890491..6513141_left=5447303_right=1443926_ver=1.10_style=3	1049	1349	intergenic	.	795389_edges=4890491..6513141_left=5447303_right=1443926_ver=1.10_style=3:1049-1349
795822_edges=4900763..5565481_left=5455097_right=5944999_ver=1.10_style=3	1307	1539	intergenic	.	795822_edges=4900763..5565481_left=5455097_right=5944999_ver=1.10_style=3:1307-1539
795914_edges=4902913..6494711_left=5456783_right=5834474_ver=1.10_style=3	4766	4860	gene,mRNA		795914_edges=4902913..6494711_left=5456783_right=5834474_ver=1.10_style=3:4766-4860
795921_edges=4903116..6712149_left=5456967_right=5859965_ver=1.10_style=3	2870	2935	intergenic	.	795921_edges=4903116..6712149_left=5456967_right=5859965_ver=1.10_style=3:2870-2935
796589_edges=4919142..5647065_left=5469778_right=6023559_ver=1.10_style=3	593	691	intergenic	.	796589_edges=4919142..5647065_left=5469778_right=6023559_ver=1.10_style=3:593-691
798122_edges=4956071..5064162_left=5503344_right=5601008_ver=1.10_style=3	724	874	intergenic	.	798122_edges=4956071..5064162_left=5503344_right=5601008_ver=1.10_style=3:724-874
798122_edges=4956071..5064162_left=5503344_right=5601008_ver=1.10_style=3	1104	1181	intergenic	.	798122_edges=4956071..5064162_left=5503344_right=5601008_ver=1.10_style=3:1104-1181
798232_edges=4958769..5391551_left=6563574_right=5800757_ver=1.10_style=3	3613	3789	gene,mRNA		798232_edges=4958769..5391551_left=6563574_right=5800757_ver=1.10_style=3:3613-3789
798257_edges=4959233..5391666_left=5506563_right=5800870_ver=1.10_style=3	1854	2034	intergenic	.	798257_edges=4959233..5391666_left=5506563_right=5800870_ver=1.10_style=3:1854-2034
799269_edges=4985235..5716066_left=5536389_right=6004366_ver=1.10_style=3	247	546	intergenic	.	799269_edges=4985235..5716066_left=5536389_right=6004366_ver=1.10_style=3:247-546
799629_edges=4997305..5450927_left=5550144_right=6386572_ver=1.10_style=3	244	445	intergenic	.	799629_edges=4997305..5450927_left=5550144_right=6386572_ver=1.10_style=3:244-445
799629_edges=4997305..5450927_left=5550144_right=6386572_ver=1.10_style=3	1644	1800	intergenic	.	799629_edges=4997305..5450927_left=5550144_right=6386572_ver=1.10_style=3:1644-1800
80027_edges=2091760..2091760_left=2279086_right=2279087_ver=1.10_style=3	219	357	intergenic	.	80027_edges=2091760..2091760_left=2279086_right=2279087_ver=1.10_style=3:219-357
800762_edges=5031336..5582644_left=5577147_right=5962049_ver=1.10_style=3	5100	5150	intergenic	.	800762_edges=5031336..5582644_left=5577147_right=5962049_ver=1.10_style=3:5100-5150
800939_edges=5036866..5762472_left=5581407_right=2229568_ver=1.10_style=3	800	1144	intergenic	.	800939_edges=5036866..5762472_left=5581407_right=2229568_ver=1.10_style=3:800-1144
802129_edges=5075517..6546181_left=5608814_right=2236868_ver=1.10_style=3	1839	1900	intergenic	.	802129_edges=5075517..6546181_left=5608814_right=2236868_ver=1.10_style=3:1839-1900
802302_edges=5081897..5561704_left=5613008_right=5941607_ver=1.10_style=3	1218	1468	intergenic	.	802302_edges=5081897..5561704_left=5613008_right=5941607_ver=1.10_style=3:1218-1468
803356_edges=5118029..5121697_left=5636243_right=5638516_ver=1.10_style=3	83	247	intergenic	.	803356_edges=5118029..5121697_left=5636243_right=5638516_ver=1.10_style=3:83-247
803356_edges=5118029..5121697_left=5636243_right=5638516_ver=1.10_style=3	714	764	intergenic	.	803356_edges=5118029..5121697_left=5636243_right=5638516_ver=1.10_style=3:714-764
807004_edges=5244496..5562680_left=5697073_right=6521817_ver=1.10_style=3	5377	5568	intergenic	.	807004_edges=5244496..5562680_left=5697073_right=6521817_ver=1.10_style=3:5377-5568
807219_edges=5250551..5580824_left=5705021_right=1920714_ver=1.10_style=3	1232	1396	intergenic	.	807219_edges=5250551..5580824_left=5705021_right=1920714_ver=1.10_style=3:1232-1396
807903_edges=5269473..7077365_left=1675974_right=1675975_ver=1.10_style=3	1130	1219	intergenic	.	807903_edges=5269473..7077365_left=1675974_right=1675975_ver=1.10_style=3:1130-1219
808711_edges=5305414..5652310_left=5745453_right=6028249_ver=1.10_style=3	6202	6525	intergenic	.	808711_edges=5305414..5652310_left=5745453_right=6028249_ver=1.10_style=3:6202-6525
808816_edges=5308427..6648062_left=5747099_right=6347526_ver=1.10_style=3	2940	3090	intergenic	.	808816_edges=5308427..6648062_left=5747099_right=6347526_ver=1.10_style=3:2940-3090
809185_edges=5321805..5590220_left=447714_right=447715_ver=1.10_style=3	2196	2279	intergenic	.	809185_edges=5321805..5590220_left=447714_right=447715_ver=1.10_style=3:2196-2279
809380_edges=5328619..6405553_left=3312615_right=1636404_ver=1.10_style=3	682	794	intergenic	.	809380_edges=5328619..6405553_left=3312615_right=1636404_ver=1.10_style=3:682-794
811634_edges=5419809..5715808_left=2578857_right=5718124_ver=1.10_style=3	544	603	intergenic	.	811634_edges=5419809..5715808_left=2578857_right=5718124_ver=1.10_style=3:544-603
812851_edges=5483232..5483234_left=5882053_right=6347085_ver=1.10_style=3	7610	7688	intergenic	.	812851_edges=5483232..5483234_left=5882053_right=6347085_ver=1.10_style=3:7610-7688
814495_edges=5545818..6539602_left=5928557_right=2151280_ver=1.10_style=3	6193	6343	intergenic	.	814495_edges=5545818..6539602_left=5928557_right=2151280_ver=1.10_style=3:6193-6343
815358_edges=5586140..6670584_left=3757218_right=2086807_ver=1.10_style=3	798	917	intergenic	.	815358_edges=5586140..6670584_left=3757218_right=2086807_ver=1.10_style=3:798-917
817552_edges=5695387..5810962_left=5943001_right=1481015_ver=1.10_style=3	1374	1503	intergenic	.	817552_edges=5695387..5810962_left=5943001_right=1481015_ver=1.10_style=3:1374-1503
818398_edges=5773190..6287256_left=4917075_right=3259895_ver=1.10_style=3	1984	2185	intergenic	.	818398_edges=5773190..6287256_left=4917075_right=3259895_ver=1.10_style=3:1984-2185
818913_edges=5809992..5809994_left=5939291_right=5554667_ver=1.10_style=3	3782	3864	intergenic	.	818913_edges=5809992..5809994_left=5939291_right=5554667_ver=1.10_style=3:3782-3864
819191_edges=5832085..6611652_left=3522259_right=6441098_ver=1.10_style=3	1563	1643	intergenic	.	819191_edges=5832085..6611652_left=3522259_right=6441098_ver=1.10_style=3:1563-1643
821170_edges=5985061..6651908_left=5933749_right=5901558_ver=1.10_style=3	1188	1370	intergenic	.	821170_edges=5985061..6651908_left=5933749_right=5901558_ver=1.10_style=3:1188-1370
821271_edges=5987580..5987583_left=5544306_right=5544307_ver=1.10_style=3	645	768	intergenic	.	821271_edges=5987580..5987583_left=5544306_right=5544307_ver=1.10_style=3:645-768
826875_edges=6133716..6133719_left=5837375_right=4249018_ver=1.10_style=3	256	348	intergenic	.	826875_edges=6133716..6133719_left=5837375_right=4249018_ver=1.10_style=3:256-348
828788_edges=6189532..6189535_left=5526005_right=5526006_ver=1.10_style=3	1496	1698	intergenic	.	828788_edges=6189532..6189535_left=5526005_right=5526006_ver=1.10_style=3:1496-1698
832808_edges=6469022..6487749_left=6545907_right=562666_ver=1.10_style=3	4098	4299	intergenic	.	832808_edges=6469022..6487749_left=6545907_right=562666_ver=1.10_style=3:4098-4299
833159_edges=6505604..6505607_left=5855540_right=5427550_ver=1.10_style=3	1829	1989	intergenic	.	833159_edges=6505604..6505607_left=5855540_right=5427550_ver=1.10_style=3:1829-1989
833749_edges=6606440..7081703_left=4655049_right=5482718_ver=1.10_style=3	2970	3062	intergenic	.	833749_edges=6606440..7081703_left=4655049_right=5482718_ver=1.10_style=3:2970-3062
835536_edges=6761208..6761210_left=3537172_right=2489270_ver=1.10_style=3	225	288	intergenic	.	835536_edges=6761208..6761210_left=3537172_right=2489270_ver=1.10_style=3:225-288
835724_edges=6789227..7046816_left=1344790_right=1382225_ver=1.10_style=3	4855	5039	intergenic	.	835724_edges=6789227..7046816_left=1344790_right=1382225_ver=1.10_style=3:4855-5039
836851_edges=380811..5856703_left=409259_right=6015108_ver=1.10_style=3	1833	1988	intergenic	.	836851_edges=380811..5856703_left=409259_right=6015108_ver=1.10_style=3:1833-1988
838716_edges=1539394..6518859_left=1614844_right=5860884_ver=1.10_style=3	1167	1308	intergenic	.	838716_edges=1539394..6518859_left=1614844_right=5860884_ver=1.10_style=3:1167-1308
840180_edges=2069335..5486396_left=2239078_right=5884149_ver=1.10_style=3	2402	2497	intergenic	.	840180_edges=2069335..5486396_left=2239078_right=5884149_ver=1.10_style=3:2402-2497
842126_edges=2489778..2397434_left=2902502_right=2770585_ver=1.10_style=3	1411	1530	intergenic	.	842126_edges=2489778..2397434_left=2902502_right=2770585_ver=1.10_style=3:1411-1530
843208_edges=2893310..7109024_left=3423932_right=2518967_ver=1.10_style=3	4	113	intergenic	.	843208_edges=2893310..7109024_left=3423932_right=2518967_ver=1.10_style=3:4-113
846015_edges=4283497..7102035_left=3108414_right=5624875_ver=1.10_style=3	644	837	intergenic	.	846015_edges=4283497..7102035_left=3108414_right=5624875_ver=1.10_style=3:644-837
846223_edges=4346509..5586599_left=5042115_right=5966987_ver=1.10_style=3	2815	3011	intergenic	.	846223_edges=4346509..5586599_left=5042115_right=5966987_ver=1.10_style=3:2815-3011
846538_edges=4438625..6671554_left=5140757_right=5532339_ver=1.10_style=3	720	887	intergenic	.	846538_edges=4438625..6671554_left=5140757_right=5532339_ver=1.10_style=3:720-887
848123_edges=4741085..4983631_left=2151131_right=5534270_ver=1.10_style=3	1021	1170	intergenic	.	848123_edges=4741085..4983631_left=2151131_right=5534270_ver=1.10_style=3:1021-1170
848173_edges=4750202..6602742_left=5354845_right=5354844_ver=1.10_style=3	2503	2817	intergenic	.	848173_edges=4750202..6602742_left=5354845_right=5354844_ver=1.10_style=3:2503-2817
849049_edges=4932835..6525043_left=5481539_right=5863597_ver=1.10_style=3	335	459	intergenic	.	849049_edges=4932835..6525043_left=5481539_right=5863597_ver=1.10_style=3:335-459
849304_edges=4989142..5841186_left=427207_right=4852701_ver=1.10_style=3	3098	3425	intergenic	.	849304_edges=4989142..5841186_left=427207_right=4852701_ver=1.10_style=3:3098-3425
849605_edges=5042509..5455954_left=970730_right=5852767_ver=1.10_style=3	5844	5953	intergenic	.	849605_edges=5042509..5455954_left=970730_right=5852767_ver=1.10_style=3:5844-5953
849905_edges=5097735..5669447_left=5623602_right=3896219_ver=1.10_style=3	3754	3937	intergenic	.	849905_edges=5097735..5669447_left=5623602_right=3896219_ver=1.10_style=3:3754-3937
851339_edges=5443839..5457704_left=1656706_right=5854907_ver=1.10_style=3	2053	2113	intergenic	.	851339_edges=5443839..5457704_left=1656706_right=5854907_ver=1.10_style=3:2053-2113
852421_edges=5693645..6276589_left=5398783_right=5398784_ver=1.10_style=3	1609	1673	intergenic	.	852421_edges=5693645..6276589_left=5398783_right=5398784_ver=1.10_style=3:1609-1673
852697_edges=5855708..6508248_left=6034964_right=1286416_ver=1.10_style=3	3786	3940	intergenic	.	852697_edges=5855708..6508248_left=6034964_right=1286416_ver=1.10_style=3:3786-3940
854295_edges=2115520..4398764_left=2320448_right=5097673_ver=1.10_style=3	85	148	intergenic	.	854295_edges=2115520..4398764_left=2320448_right=5097673_ver=1.10_style=3:85-148
854551_edges=2884516..5406683_left=3413488_right=6053863_ver=1.10_style=3	1665	1894	intergenic	.	854551_edges=2884516..5406683_left=3413488_right=6053863_ver=1.10_style=3:1665-1894
854903_edges=4764289..5755470_left=220413_right=5748407_ver=1.10_style=3	1975	2128	intergenic	.	854903_edges=4764289..5755470_left=220413_right=5748407_ver=1.10_style=3:1975-2128
855362_edges=5554023..5715172_left=1839714_right=6013185_ver=1.10_style=3	1811	1894	intergenic	.	855362_edges=5554023..5715172_left=1839714_right=6013185_ver=1.10_style=3:1811-1894
855410_edges=5661588..6042398_left=1776558_right=1776555_ver=1.10_style=3	962	1124	intergenic	.	855410_edges=5661588..6042398_left=1776558_right=1776555_ver=1.10_style=3:962-1124
855846_edges=17596..5472627_left=18926_right=6324586_ver=1.10_style=3	2635	2760	intergenic	.	855846_edges=17596..5472627_left=18926_right=6324586_ver=1.10_style=3:2635-2760
856025_edges=38412..5474343_left=6328139_right=5875876_ver=1.10_style=3	14327	14506	intergenic	.	856025_edges=38412..5474343_left=6328139_right=5875876_ver=1.10_style=3:14327-14506
857448_edges=203311..4764239_left=6356195_right=5363117_ver=1.10_style=3	0	239	intergenic	.	857448_edges=203311..4764239_left=6356195_right=5363117_ver=1.10_style=3:0-239
857650_edges=228534..5590310_left=246726_right=5972176_ver=1.10_style=3	4612	4699	intergenic	.	857650_edges=228534..5590310_left=246726_right=5972176_ver=1.10_style=3:4612-4699
860455_edges=599961..1831531_left=640121_right=1927382_ver=1.10_style=3	3321	3399	gene,mRNA		860455_edges=599961..1831531_left=640121_right=1927382_ver=1.10_style=3:3321-3399
861670_edges=759658..6780696_left=806944_right=5902228_ver=1.10_style=3	8232	8379	intergenic	.	861670_edges=759658..6780696_left=806944_right=5902228_ver=1.10_style=3:8232-8379
862865_edges=920722..6702973_left=974324_right=5584253_ver=1.10_style=3	1382	1435	intergenic	.	862865_edges=920722..6702973_left=974324_right=5584253_ver=1.10_style=3:1382-1435
865485_edges=1268755..4809742_left=1333956_right=6425789_ver=1.10_style=3	3155	3320	intergenic	.	865485_edges=1268755..4809742_left=1333956_right=6425789_ver=1.10_style=3:3155-3320
866004_edges=1332402..5482198_left=1400113_right=5881355_ver=1.10_style=3	4731	4875	intergenic	.	866004_edges=1332402..5482198_left=1400113_right=5881355_ver=1.10_style=3:4731-4875
867427_edges=1529679..5615909_left=6534873_right=5996013_ver=1.10_style=3	476	694	intergenic	.	867427_edges=1529679..5615909_left=6534873_right=5996013_ver=1.10_style=3:476-694
867555_edges=1543664..6698222_left=1619168_right=2694228_ver=1.10_style=3	169	475	gene,polyA_signal_sequence		867555_edges=1543664..6698222_left=1619168_right=2694228_ver=1.10_style=3:169-475
867737_edges=1566538..4914020_left=1642994_right=6538508_ver=1.10_style=3	223	338	intergenic	.	867737_edges=1566538..4914020_left=1642994_right=6538508_ver=1.10_style=3:223-338
868810_edges=1711445..6666324_left=1796301_right=1796306_ver=1.10_style=3	660	737	intergenic	.	868810_edges=1711445..6666324_left=1796301_right=1796306_ver=1.10_style=3:660-737
869177_edges=1759175..4940057_left=1848366_right=5487966_ver=1.10_style=3	142	290	intergenic	.	869177_edges=1759175..4940057_left=1848366_right=5487966_ver=1.10_style=3:142-290
869695_edges=1819459..4948655_left=1914216_right=5496020_ver=1.10_style=3	906	1028	intergenic	.	869695_edges=1819459..4948655_left=1914216_right=5496020_ver=1.10_style=3:906-1028
870403_edges=1905794..6703975_left=2011253_right=6011753_ver=1.10_style=3	3955	4105	intergenic	.	870403_edges=1905794..6703975_left=2011253_right=6011753_ver=1.10_style=3:3955-4105
871385_edges=2004731..5587749_left=2134409_right=5530489_ver=1.10_style=3	1193	1364	intergenic	.	871385_edges=2004731..5587749_left=2134409_right=5530489_ver=1.10_style=3:1193-1364
872473_edges=2089172..5404551_left=2274198_right=5814168_ver=1.10_style=3	2399	2674	intergenic	.	872473_edges=2089172..5404551_left=2274198_right=5814168_ver=1.10_style=3:2399-2674
873328_edges=2150131..3818224_left=2380108_right=4451249_ver=1.10_style=3	924	1111	intergenic	.	873328_edges=2150131..3818224_left=2380108_right=4451249_ver=1.10_style=3:924-1111
873906_edges=2188671..3094921_left=2444704_right=3656213_ver=1.10_style=3	181	299	intergenic	.	873906_edges=2188671..3094921_left=2444704_right=3656213_ver=1.10_style=3:181-299
873915_edges=2189278..4565844_left=2445739_right=5284460_ver=1.10_style=3	5254	5327	intergenic	.	873915_edges=2189278..4565844_left=2445739_right=5284460_ver=1.10_style=3:5254-5327
875901_edges=2356080..4311916_left=2708592_right=5005155_ver=1.10_style=3	1962	2164	intergenic	.	875901_edges=2356080..4311916_left=2708592_right=5005155_ver=1.10_style=3:1962-2164
876585_edges=2420386..6647079_left=2803780_right=5877027_ver=1.10_style=3	1926	1981	intergenic	.	876585_edges=2420386..6647079_left=2803780_right=5877027_ver=1.10_style=3:1926-1981
876585_edges=2420386..6647079_left=2803780_right=5877027_ver=1.10_style=3	2144	2338	intergenic	.	876585_edges=2420386..6647079_left=2803780_right=5877027_ver=1.10_style=3:2144-2338
876707_edges=2429526..2908207_left=2816783_right=3441749_ver=1.10_style=3	580	648	intergenic	.	876707_edges=2429526..2908207_left=2816783_right=3441749_ver=1.10_style=3:580-648
877842_edges=2538169..3571921_left=2969733_right=4172493_ver=1.10_style=3	1358	1489	intergenic	.	877842_edges=2538169..3571921_left=2969733_right=4172493_ver=1.10_style=3:1358-1489
879822_edges=2750432..5204312_left=3248705_right=5680799_ver=1.10_style=3	625	682	intergenic	.	879822_edges=2750432..5204312_left=3248705_right=5680799_ver=1.10_style=3:625-682
880523_edges=2831270..4751466_left=3348971_right=5355637_ver=1.10_style=3	1472	1676	intergenic	.	880523_edges=2831270..4751466_left=3348971_right=5355637_ver=1.10_style=3:1472-1676
887034_edges=3746452..4508139_left=3660445_right=5216763_ver=1.10_style=3	178	384	intergenic	.	887034_edges=3746452..4508139_left=3660445_right=5216763_ver=1.10_style=3:178-384
887047_edges=3749633..4545214_left=4370225_right=5259945_ver=1.10_style=3	58	264	intergenic	.	887047_edges=3749633..4545214_left=4370225_right=5259945_ver=1.10_style=3:58-264
887813_edges=3878319..6243399_left=4523845_right=5145311_ver=1.10_style=3	1396	1533	intergenic	.	887813_edges=3878319..6243399_left=4523845_right=5145311_ver=1.10_style=3:1396-1533
890876_edges=4251024..5241351_left=4936211_right=5694332_ver=1.10_style=3	140	338	intergenic	.	890876_edges=4251024..5241351_left=4936211_right=5694332_ver=1.10_style=3:140-338
893808_edges=4508693..4566134_left=5217467_right=5284815_ver=1.10_style=3	25	111	intergenic	.	893808_edges=4508693..4566134_left=5217467_right=5284815_ver=1.10_style=3:25-111
896856_edges=4708728..5593198_left=2041019_right=5974931_ver=1.10_style=3	1943	2130	intergenic	.	896856_edges=4708728..5593198_left=2041019_right=5974931_ver=1.10_style=3:1943-2130
897167_edges=4735483..5428838_left=5051116_right=4657413_ver=1.10_style=3	629	863	intergenic	.	897167_edges=4735483..5428838_left=5051116_right=4657413_ver=1.10_style=3:629-863
897351_edges=4747252..5474069_left=6327626_right=5875706_ver=1.10_style=3	1800	2035	intergenic	.	897351_edges=4747252..5474069_left=6327626_right=5875706_ver=1.10_style=3:1800-2035
897979_edges=4771739..5314722_left=5367523_right=6571001_ver=1.10_style=3	351	415	intergenic	.	897979_edges=4771739..5314722_left=5367523_right=6571001_ver=1.10_style=3:351-415
898368_edges=4787820..4787822_left=5377430_right=5377432_ver=1.10_style=3	505	736	intergenic	.	898368_edges=4787820..4787822_left=5377430_right=5377432_ver=1.10_style=3:505-736
898368_edges=4787820..4787822_left=5377430_right=5377432_ver=1.10_style=3	1048	1113	intergenic	.	898368_edges=4787820..4787822_left=5377430_right=5377432_ver=1.10_style=3:1048-1113
898598_edges=4795948..6479660_left=5382593_right=6532972_ver=1.10_style=3	3655	3888	intergenic	.	898598_edges=4795948..6479660_left=5382593_right=6532972_ver=1.10_style=3:3655-3888
899555_edges=4835194..4835196_left=5407997_right=937454_ver=1.10_style=3	1347	1413	intergenic	.	899555_edges=4835194..4835196_left=5407997_right=937454_ver=1.10_style=3:1347-1413
899620_edges=4838027..5651492_left=5409972_right=6027539_ver=1.10_style=3	103	347	intergenic	.	899620_edges=4838027..5651492_left=5409972_right=6027539_ver=1.10_style=3:103-347
899828_edges=4847640..5057493_left=5416624_right=5596401_ver=1.10_style=3	30	284	intergenic	.	899828_edges=4847640..5057493_left=5416624_right=5596401_ver=1.10_style=3:30-284
900274_edges=4866542..6598929_left=5429742_right=5855846_ver=1.10_style=3	1971	2189	intergenic	.	900274_edges=4866542..6598929_left=5429742_right=5855846_ver=1.10_style=3:1971-2189
900651_edges=4883204..5592188_left=5441879_right=5973792_ver=1.10_style=3	1275	1686	intergenic	.	900651_edges=4883204..5592188_left=5441879_right=5973792_ver=1.10_style=3:1275-1686
901297_edges=4914033..5680303_left=5465468_right=5735757_ver=1.10_style=3	1781	1928	intergenic	.	901297_edges=4914033..5680303_left=5465468_right=5735757_ver=1.10_style=3:1781-1928
901614_edges=4928813..4928819_left=6548986_right=5478037_ver=1.10_style=3	1247	1299	intergenic	.	901614_edges=4928813..4928819_left=6548986_right=5478037_ver=1.10_style=3:1247-1299
902311_edges=4964436..5096343_left=5511961_right=3089916_ver=1.10_style=3	1841	1938	intergenic	.	902311_edges=4964436..5096343_left=5511961_right=3089916_ver=1.10_style=3:1841-1938
902859_edges=5002264..6589481_left=5554147_right=1295884_ver=1.10_style=3	11144	11247	intergenic	.	902859_edges=5002264..6589481_left=5554147_right=1295884_ver=1.10_style=3:11144-11247
904504_edges=5100589..5823401_left=5625439_right=4057983_ver=1.10_style=3	606	686	intergenic	.	904504_edges=5100589..5823401_left=5625439_right=4057983_ver=1.10_style=3:606-686
905895_edges=5206125..6701790_left=2281368_right=2731935_ver=1.10_style=3	1249	1320	intergenic	.	905895_edges=5206125..6701790_left=2281368_right=2731935_ver=1.10_style=3:1249-1320
907835_edges=5352405..5457173_left=6235139_right=5854249_ver=1.10_style=3	1523	1649	intergenic	.	907835_edges=5352405..5457173_left=6235139_right=5854249_ver=1.10_style=3:1523-1649
908436_edges=5394456..5663957_left=5803687_right=5985427_ver=1.10_style=3	2262	2341	intergenic	.	908436_edges=5394456..5663957_left=5803687_right=5985427_ver=1.10_style=3:2262-2341
908774_edges=5441442..7068315_left=5840050_right=2940496_ver=1.10_style=3	781	1090	intergenic	.	908774_edges=5441442..7068315_left=5840050_right=2940496_ver=1.10_style=3:781-1090
909654_edges=5527099..5654829_left=5913518_right=6443017_ver=1.10_style=3	3079	3172	intergenic	.	909654_edges=5527099..5654829_left=5913518_right=6443017_ver=1.10_style=3:3079-3172
910511_edges=5615553..6594671_left=5995649_right=5863242_ver=1.10_style=3	1013	1324	intergenic	.	910511_edges=5615553..6594671_left=5995649_right=5863242_ver=1.10_style=3:1013-1324
911308_edges=5749649..6609123_left=4627626_right=5977037_ver=1.10_style=3	971	1057	intergenic	.	911308_edges=5749649..6609123_left=4627626_right=5977037_ver=1.10_style=3:971-1057
911308_edges=5749649..6609123_left=4627626_right=5977037_ver=1.10_style=3	1358	1446	intergenic	.	911308_edges=5749649..6609123_left=4627626_right=5977037_ver=1.10_style=3:1358-1446
911411_edges=5763550..6834557_left=5778671_right=5857092_ver=1.10_style=3	1200	1259	intergenic	.	911411_edges=5763550..6834557_left=5778671_right=5857092_ver=1.10_style=3:1200-1259
912529_edges=6076767..7032018_left=5374306_right=6387071_ver=1.10_style=3	744	854	intergenic	.	912529_edges=6076767..7032018_left=5374306_right=6387071_ver=1.10_style=3:744-854
912529_edges=6076767..7032018_left=5374306_right=6387071_ver=1.10_style=3	1122	1197	intergenic	.	912529_edges=6076767..7032018_left=5374306_right=6387071_ver=1.10_style=3:1122-1197
913337_edges=6476646..6842441_left=5844392_right=120928_ver=1.10_style=3	1915	2200	intergenic	.	913337_edges=6476646..6842441_left=5844392_right=120928_ver=1.10_style=3:1915-2200
914420_edges=137050..5714460_left=148437_right=6005886_ver=1.10_style=3	6358	6533	intergenic	.	914420_edges=137050..5714460_left=148437_right=6005886_ver=1.10_style=3:6358-6533
914526_edges=226586..6468488_left=6360183_right=6418004_ver=1.10_style=3	1088	1205	intergenic	.	914526_edges=226586..6468488_left=6360183_right=6418004_ver=1.10_style=3:1088-1205
915464_edges=939090..4841281_left=993320_right=5412225_ver=1.10_style=3	1221	1285	intergenic	.	915464_edges=939090..4841281_left=993320_right=5412225_ver=1.10_style=3:1221-1285
917209_edges=2125806..2608359_left=2338136_right=3065206_ver=1.10_style=3	879	1021	intergenic	.	917209_edges=2125806..2608359_left=2338136_right=3065206_ver=1.10_style=3:879-1021
917998_edges=2498757..3087282_left=2915023_right=3307774_ver=1.10_style=3	3294	3406	intergenic	.	917998_edges=2498757..3087282_left=2915023_right=3307774_ver=1.10_style=3:3294-3406
918113_edges=2569550..4179542_left=2494282_right=4872651_ver=1.10_style=3	115	424	intergenic	.	918113_edges=2569550..4179542_left=2494282_right=4872651_ver=1.10_style=3:115-424
920951_edges=4776978..5450374_left=5370641_right=6377418_ver=1.10_style=3	2651	2785	gene,mRNA		920951_edges=4776978..5450374_left=5370641_right=6377418_ver=1.10_style=3:2651-2785
921123_edges=4829220..5606831_left=880435_right=5986563_ver=1.10_style=3	295	348	intergenic	.	921123_edges=4829220..5606831_left=880435_right=5986563_ver=1.10_style=3:295-348
921171_edges=4843262..5348359_left=6468920_right=5769584_ver=1.10_style=3	761	828	intergenic	.	921171_edges=4843262..5348359_left=6468920_right=5769584_ver=1.10_style=3:761-828
921449_edges=4937277..7107580_left=1826629_right=1826628_ver=1.10_style=3	1241	1297	intergenic	.	921449_edges=4937277..7107580_left=1826629_right=1826628_ver=1.10_style=3:1241-1297
921603_edges=5008304..5782961_left=5559231_right=5824318_ver=1.10_style=3	2504	2597	intergenic	.	921603_edges=5008304..5782961_left=5559231_right=5824318_ver=1.10_style=3:2504-2597
921903_edges=5129089..6655462_left=5643003_right=2430786_ver=1.10_style=3	849	1287	intergenic	.	921903_edges=5129089..6655462_left=5643003_right=2430786_ver=1.10_style=3:849-1287
922150_edges=5246130..6518935_left=5699078_right=5860914_ver=1.10_style=3	7957	8142	intergenic	.	922150_edges=5246130..6518935_left=5699078_right=5860914_ver=1.10_style=3:7957-8142
923890_edges=1307284..1307285_left=1373652_right=1373654_ver=1.10_style=3	0	78	intergenic	.	923890_edges=1307284..1307285_left=1373652_right=1373654_ver=1.10_style=3:0-78
923913_edges=1436380..5121609_left=1508081_right=5638451_ver=1.10_style=3	1131	1218	intergenic	.	923913_edges=1436380..5121609_left=1508081_right=5638451_ver=1.10_style=3:1131-1218
925022_edges=6384661..6834064_left=5767437_right=6556255_ver=1.10_style=3	4902	5151	intergenic	.	925022_edges=6384661..6834064_left=5767437_right=6556255_ver=1.10_style=3:4902-5151
925280_edges=33134..1999584_left=6327367_right=2127612_ver=1.10_style=3	3080	3239	gene,polyA_signal_sequence		925280_edges=33134..1999584_left=6327367_right=2127612_ver=1.10_style=3:3080-3239
926909_edges=305103..305114_left=329037_right=329048_ver=1.10_style=3	252	344	intergenic	.	926909_edges=305103..305114_left=329037_right=329048_ver=1.10_style=3:252-344
92735_edges=2130697..2130697_left=2346482_right=2346483_ver=1.10_style=3	1082	1132	intergenic	.	92735_edges=2130697..2130697_left=2346482_right=2346483_ver=1.10_style=3:1082-1132
930002_edges=830414..5752724_left=6419886_right=6419889_ver=1.10_style=3	464	572	intergenic	.	930002_edges=830414..5752724_left=6419886_right=6419889_ver=1.10_style=3:464-572
930923_edges=993841..5678562_left=1049393_right=5770666_ver=1.10_style=3	3710	3781	intergenic	.	930923_edges=993841..5678562_left=1049393_right=5770666_ver=1.10_style=3:3710-3781
932358_edges=1257944..1257950_left=1322749_right=1322755_ver=1.10_style=3	4	62	intergenic	.	932358_edges=1257944..1257950_left=1322749_right=1322755_ver=1.10_style=3:4-62
932840_edges=1348055..5366596_left=1416091_right=5781216_ver=1.10_style=3	2634	2757	intergenic	.	932840_edges=1348055..5366596_left=1416091_right=5781216_ver=1.10_style=3:2634-2757
932881_edges=1353078..6512408_left=1421263_right=6516966_ver=1.10_style=3	1586	1759	intergenic	.	932881_edges=1353078..6512408_left=1421263_right=6516966_ver=1.10_style=3:1586-1759
933527_edges=1463834..5695544_left=1536427_right=5455561_ver=1.10_style=3	483	790	intergenic	.	933527_edges=1463834..5695544_left=1536427_right=5455561_ver=1.10_style=3:483-790
934141_edges=1584226..4762782_left=1661424_right=5362205_ver=1.10_style=3	2631	3027	intergenic	.	934141_edges=1584226..4762782_left=1661424_right=5362205_ver=1.10_style=3:2631-3027
935108_edges=1772770..1772776_left=1862966_right=6556443_ver=1.10_style=3	1684	1849	intergenic	.	935108_edges=1772770..1772776_left=1862966_right=6556443_ver=1.10_style=3:1684-1849
935584_edges=1857751..6778004_left=1956695_right=6568574_ver=1.10_style=3	599	742	intergenic	.	935584_edges=1857751..6778004_left=1956695_right=6568574_ver=1.10_style=3:599-742
936424_edges=2026977..5017051_left=2166356_right=5566020_ver=1.10_style=3	282	356	intergenic	.	936424_edges=2026977..5017051_left=2166356_right=5566020_ver=1.10_style=3:282-356
937321_edges=2168053..4368472_left=2208070_right=5065536_ver=1.10_style=3	421	582	intergenic	.	937321_edges=2168053..4368472_left=2208070_right=5065536_ver=1.10_style=3:421-582
937414_edges=2183894..5759333_left=2436702_right=5898877_ver=1.10_style=3	2578	3139	intergenic	.	937414_edges=2183894..5759333_left=2436702_right=5898877_ver=1.10_style=3:2578-3139
937649_edges=2226694..2907228_left=2507050_right=3440573_ver=1.10_style=3	589	801	intergenic	.	937649_edges=2226694..2907228_left=2507050_right=3440573_ver=1.10_style=3:589-801
938844_edges=2451395..6009476_left=2848013_right=5842124_ver=1.10_style=3	654	872	intergenic	.	938844_edges=2451395..6009476_left=2848013_right=5842124_ver=1.10_style=3:654-872
939015_edges=2485908..5435766_left=6576181_right=5835628_ver=1.10_style=3	1460	1534	intergenic	.	939015_edges=2485908..5435766_left=6576181_right=5835628_ver=1.10_style=3:1460-1534
939249_edges=2537692..2656920_left=2969036_right=3129413_ver=1.10_style=3	2089	2267	intergenic	.	939249_edges=2537692..2656920_left=2969036_right=3129413_ver=1.10_style=3:2089-2267
940179_edges=2740908..3434528_left=3236740_right=4025136_ver=1.10_style=3	1917	2107	intergenic	.	940179_edges=2740908..3434528_left=3236740_right=4025136_ver=1.10_style=3:1917-2107
943027_edges=3526699..4065233_left=4123391_right=4742006_ver=1.10_style=3	422	496	intergenic	.	943027_edges=3526699..4065233_left=4123391_right=4742006_ver=1.10_style=3:422-496
946110_edges=4323971..6297256_left=5018258_right=1653770_ver=1.10_style=3	3671	3736	intergenic	.	946110_edges=4323971..6297256_left=5018258_right=1653770_ver=1.10_style=3:3671-3736
946864_edges=4500441..5452534_left=5207036_right=5848872_ver=1.10_style=3	3164	3442	intergenic	.	946864_edges=4500441..5452534_left=5207036_right=5848872_ver=1.10_style=3:3164-3442
947003_edges=4509162..5246794_left=5218043_right=5699643_ver=1.10_style=3	5	185	gene,polyA_signal_sequence,mRNA,stop_codon,exon,CDS		947003_edges=4509162..5246794_left=5218043_right=5699643_ver=1.10_style=3:5-185
947453_edges=4536878..5370070_left=5250258_right=6524559_ver=1.10_style=3	1305	1370	gene,mRNA		947453_edges=4536878..5370070_left=5250258_right=6524559_ver=1.10_style=3:1305-1370
948438_edges=4715904..6538927_left=2122211_right=5870767_ver=1.10_style=3	5340	5543	intergenic	.	948438_edges=4715904..6538927_left=2122211_right=5870767_ver=1.10_style=3:5340-5543
949087_edges=4774976..4834932_left=6373985_right=5407773_ver=1.10_style=3	773	983	intergenic	.	949087_edges=4774976..4834932_left=6373985_right=5407773_ver=1.10_style=3:773-983
949337_edges=4793948..4816061_left=6606993_right=6603817_ver=1.10_style=3	3502	3577	intergenic	.	949337_edges=4793948..4816061_left=6606993_right=6603817_ver=1.10_style=3:3502-3577
949659_edges=4814768..6653691_left=5394398_right=6622673_ver=1.10_style=3	1784	1909	intergenic	.	949659_edges=4814768..6653691_left=5394398_right=6622673_ver=1.10_style=3:1784-1909
950096_edges=4845542..7106954_left=5415118_right=5923888_ver=1.10_style=3	2374	2576	intergenic	.	950096_edges=4845542..7106954_left=5415118_right=5923888_ver=1.10_style=3:2374-2576
950372_edges=4864230..5357493_left=5428049_right=6542325_ver=1.10_style=3	629	786	intergenic	.	950372_edges=4864230..5357493_left=5428049_right=6542325_ver=1.10_style=3:629-786
950957_edges=4901623..5372035_left=5455766_right=5784997_ver=1.10_style=3	387	515	intergenic	.	950957_edges=4901623..5372035_left=5455766_right=5784997_ver=1.10_style=3:387-515
951725_edges=4964947..7056801_left=5512505_right=5729607_ver=1.10_style=3	613	859	intergenic	.	951725_edges=4964947..7056801_left=5512505_right=5729607_ver=1.10_style=3:613-859
952233_edges=5023726..5257454_left=5571484_right=5715053_ver=1.10_style=3	5351	5558	intergenic	.	952233_edges=5023726..5257454_left=5571484_right=5715053_ver=1.10_style=3:5351-5558
952234_edges=5023747..5358498_left=5571503_right=5775859_ver=1.10_style=3	1595	1661	intergenic	.	952234_edges=5023747..5358498_left=5571503_right=5775859_ver=1.10_style=3:1595-1661
952372_edges=5037556..5050709_left=5581881_right=1354662_ver=1.10_style=3	1679	1729	intergenic	.	952372_edges=5037556..5050709_left=5581881_right=1354662_ver=1.10_style=3:1679-1729
952718_edges=5077020..6758075_left=147450_right=5524643_ver=1.10_style=3	4033	4117	intergenic	.	952718_edges=5077020..6758075_left=147450_right=5524643_ver=1.10_style=3:4033-4117
954303_edges=5311657..6759654_left=5748823_right=6626567_ver=1.10_style=3	3314	3385	intergenic	.	954303_edges=5311657..6759654_left=5748823_right=6626567_ver=1.10_style=3:3314-3385
954854_edges=5378294..5681475_left=5789597_right=5981486_ver=1.10_style=3	257	381	intergenic	.	954854_edges=5378294..5681475_left=5789597_right=5981486_ver=1.10_style=3:257-381
955529_edges=5521662..5626346_left=6528429_right=6010066_ver=1.10_style=3	920	1036	intergenic	.	955529_edges=5521662..5626346_left=6528429_right=6010066_ver=1.10_style=3:920-1036
956565_edges=5806024..6499342_left=991900_right=991901_ver=1.10_style=3	1300	1359	intergenic	.	956565_edges=5806024..6499342_left=991900_right=991901_ver=1.10_style=3:1300-1359
95731_edges=2139682..2139682_left=2362132_right=2331592_ver=1.10_style=3	337	391	intergenic	.	95731_edges=2139682..2139682_left=2362132_right=2331592_ver=1.10_style=3:337-391
957955_edges=6824464..6847553_left=6521982_right=5858886_ver=1.10_style=3	3399	3520	intergenic	.	957955_edges=6824464..6847553_left=6521982_right=5858886_ver=1.10_style=3:3399-3520
958867_edges=917646..6464543_left=971179_right=6230461_ver=1.10_style=3	2173	2227	intergenic	.	958867_edges=917646..6464543_left=971179_right=6230461_ver=1.10_style=3:2173-2227
959179_edges=1220785..6266934_left=1284464_right=2083723_ver=1.10_style=3	3032	3189	intergenic	.	959179_edges=1220785..6266934_left=1284464_right=2083723_ver=1.10_style=3:3032-3189
959753_edges=1785687..1966568_left=6557271_right=2084472_ver=1.10_style=3	2133	2308	intergenic	.	959753_edges=1785687..1966568_left=6557271_right=2084472_ver=1.10_style=3:2133-2308
960323_edges=2299183..2050108_left=2621489_right=2204392_ver=1.10_style=3	3258	3340	intergenic	.	960323_edges=2299183..2050108_left=2621489_right=2204392_ver=1.10_style=3:3258-3340
960713_edges=2711544..4118668_left=3199479_right=4804380_ver=1.10_style=3	215	291	intergenic	.	960713_edges=2711544..4118668_left=3199479_right=4804380_ver=1.10_style=3:215-291
961069_edges=3172391..4562716_left=3742396_right=5280711_ver=1.10_style=3	993	1111	intergenic	.	961069_edges=3172391..4562716_left=3742396_right=5280711_ver=1.10_style=3:993-1111
962186_edges=4773562..5450078_left=2633844_right=318703_ver=1.10_style=3	1366	1677	intergenic	.	962186_edges=4773562..5450078_left=2633844_right=318703_ver=1.10_style=3:1366-1677
963202_edges=5527807..7106788_left=5914090_right=5851243_ver=1.10_style=3	1	129	intergenic	.	963202_edges=5527807..7106788_left=5914090_right=5851243_ver=1.10_style=3:1-129
963466_edges=5977369..6107707_left=3700961_right=1303630_ver=1.10_style=3	1450	1703	intergenic	.	963466_edges=5977369..6107707_left=3700961_right=1303630_ver=1.10_style=3:1450-1703
963792_edges=637490..4808812_left=679412_right=6424585_ver=1.10_style=3	3019	3069	intergenic	.	963792_edges=637490..4808812_left=679412_right=6424585_ver=1.10_style=3:3019-3069
964983_edges=52465..5475437_left=57348_right=57357_ver=1.10_style=3	1172	1449	intergenic	.	964983_edges=52465..5475437_left=57348_right=57357_ver=1.10_style=3:1172-1449
965173_edges=95150..1496709_left=103461_right=1570805_ver=1.10_style=3	1952	2024	intergenic	.	965173_edges=95150..1496709_left=103461_right=1570805_ver=1.10_style=3:1952-2024
965432_edges=148193..1509014_left=160600_right=6532704_ver=1.10_style=3	1834	2121	intergenic	.	965432_edges=148193..1509014_left=160600_right=6532704_ver=1.10_style=3:1834-2121
966482_edges=375109..4854896_left=403256_right=5421628_ver=1.10_style=3	377	602	intergenic	.	966482_edges=375109..4854896_left=403256_right=5421628_ver=1.10_style=3:377-602
966669_edges=415705..5251712_left=445997_right=5706781_ver=1.10_style=3	1	89	intergenic	.	966669_edges=415705..5251712_left=445997_right=5706781_ver=1.10_style=3:1-89
966848_edges=460955..5372424_left=493560_right=5785304_ver=1.10_style=3	3648	3774	intergenic	.	966848_edges=460955..5372424_left=493560_right=5785304_ver=1.10_style=3:3648-3774
967561_edges=623767..623783_left=6422571_right=665174_ver=1.10_style=3	2975	3063	intergenic	.	967561_edges=623767..623783_left=6422571_right=665174_ver=1.10_style=3:2975-3063
968530_edges=856834..6111344_left=907535_right=5405923_ver=1.10_style=3	571	691	intergenic	.	968530_edges=856834..6111344_left=907535_right=5405923_ver=1.10_style=3:571-691
968829_edges=926766..5061679_left=6464982_right=6627656_ver=1.10_style=3	162	237	intergenic	.	968829_edges=926766..5061679_left=6464982_right=6627656_ver=1.10_style=3:162-237
968958_edges=957176..6128077_left=1011711_right=5853188_ver=1.10_style=3	5052	5576	intergenic	.	968958_edges=957176..6128077_left=1011711_right=5853188_ver=1.10_style=3:5052-5576
968958_edges=957176..6128077_left=1011711_right=5853188_ver=1.10_style=3	6241	6305	intergenic	.	968958_edges=957176..6128077_left=1011711_right=5853188_ver=1.10_style=3:6241-6305
969083_edges=989579..4533867_left=6473230_right=6572486_ver=1.10_style=3	2469	2533	intergenic	.	969083_edges=989579..4533867_left=6473230_right=6572486_ver=1.10_style=3:2469-2533
969755_edges=1163198..4919492_left=1224976_right=5470082_ver=1.10_style=3	4339	4473	intergenic	.	969755_edges=1163198..4919492_left=1224976_right=5470082_ver=1.10_style=3:4339-4473
970201_edges=1274108..6660540_left=1339254_right=1339271_ver=1.10_style=3	2040	2224	intergenic	.	970201_edges=1274108..6660540_left=1339254_right=1339271_ver=1.10_style=3:2040-2224
970828_edges=1442987..5343726_left=1514886_right=5766682_ver=1.10_style=3	5758	5938	intergenic	.	970828_edges=1442987..5343726_left=1514886_right=5766682_ver=1.10_style=3:5758-5938
970896_edges=1462771..5270077_left=1535282_right=5730205_ver=1.10_style=3	0	343	intergenic	.	970896_edges=1462771..5270077_left=1535282_right=5730205_ver=1.10_style=3:0-343
970994_edges=1489620..7078740_left=1563512_right=4093860_ver=1.10_style=3	2702	2970	intergenic	.	970994_edges=1489620..7078740_left=1563512_right=4093860_ver=1.10_style=3:2702-2970
972174_edges=1796073..5445362_left=6558074_right=5842819_ver=1.10_style=3	2521	2681	intergenic	.	972174_edges=1796073..5445362_left=6558074_right=5842819_ver=1.10_style=3:2521-2681
972204_edges=1805178..1805180_left=1898214_right=1898211_ver=1.10_style=3	3906	4135	intergenic	.	972204_edges=1805178..1805180_left=1898214_right=1898211_ver=1.10_style=3:3906-4135
97247_edges=2144381..2144381_left=2370314_right=2370315_ver=1.10_style=3	1066	1123	intergenic	.	97247_edges=2144381..2144381_left=2370314_right=2370315_ver=1.10_style=3:1066-1123
972621_edges=1925087..2183280_left=2034044_right=2435681_ver=1.10_style=3	165	297	intergenic	.	972621_edges=1925087..2183280_left=2034044_right=2435681_ver=1.10_style=3:165-297
972784_edges=1981715..6695654_left=2103934_right=4741782_ver=1.10_style=3	1547	1735	intergenic	.	972784_edges=1981715..6695654_left=2103934_right=4741782_ver=1.10_style=3:1547-1735
973172_edges=2110202..2678736_left=2311691_right=3157536_ver=1.10_style=3	3386	3456	intergenic	.	973172_edges=2110202..2678736_left=2311691_right=3157536_ver=1.10_style=3:3386-3456
974004_edges=2410363..4881100_left=2789446_right=5440336_ver=1.10_style=3	3210	3271	intergenic	.	974004_edges=2410363..4881100_left=2789446_right=5440336_ver=1.10_style=3:3210-3271
974498_edges=2604949..7054088_left=3060645_right=3260066_ver=1.10_style=3	4290	4435	intergenic	.	974498_edges=2604949..7054088_left=3060645_right=3260066_ver=1.10_style=3:4290-4435
975699_edges=3152922..5431381_left=3720701_right=5134111_ver=1.10_style=3	913	970	intergenic	.	975699_edges=3152922..5431381_left=3720701_right=5134111_ver=1.10_style=3:913-970
978133_edges=4312216..6521772_left=5005494_right=5471581_ver=1.10_style=3	958	1126	gene,mRNA		978133_edges=4312216..6521772_left=5005494_right=5471581_ver=1.10_style=3:958-1126
979002_edges=4561734..6681299_left=5279542_right=5584781_ver=1.10_style=3	0	348	intergenic	.	979002_edges=4561734..6681299_left=5279542_right=5584781_ver=1.10_style=3:0-348
980897_edges=4925053..6704378_left=6581122_right=3481959_ver=1.10_style=3	2957	3018	intergenic	.	980897_edges=4925053..6704378_left=6581122_right=3481959_ver=1.10_style=3:2957-3018
981309_edges=5011869..5542297_left=5561979_right=5925684_ver=1.10_style=3	3926	4132	intergenic	.	981309_edges=5011869..5542297_left=5561979_right=5925684_ver=1.10_style=3:3926-4132
981381_edges=5026031..6487528_left=5573209_right=5382725_ver=1.10_style=3	1487	1873	intergenic	.	981381_edges=5026031..6487528_left=5573209_right=5382725_ver=1.10_style=3:1487-1873
981707_edges=5093014..6828713_left=5620441_right=1805856_ver=1.10_style=3	3503	3765	gene,mRNA,exon,CDS		981707_edges=5093014..6828713_left=5620441_right=1805856_ver=1.10_style=3:3503-3765
981863_edges=5124195..5316457_left=5640042_right=5751338_ver=1.10_style=3	4400	4528	intergenic	.	981863_edges=5124195..5316457_left=5640042_right=5751338_ver=1.10_style=3:4400-4528
982068_edges=5183132..6789091_left=5346990_right=2023190_ver=1.10_style=3	1151	1332	intergenic	.	982068_edges=5183132..6789091_left=5346990_right=2023190_ver=1.10_style=3:1151-1332
982278_edges=5259433..6587216_left=5717736_right=4889093_ver=1.10_style=3	350	481	intergenic	.	982278_edges=5259433..6587216_left=5717736_right=4889093_ver=1.10_style=3:350-481
983007_edges=5414410..5499663_left=5822945_right=6383385_ver=1.10_style=3	2127	2240	intergenic	.	983007_edges=5414410..5499663_left=5822945_right=6383385_ver=1.10_style=3:2127-2240
983509_edges=5621179..6661490_left=6003111_right=5781334_ver=1.10_style=3	3773	3885	intergenic	.	983509_edges=5621179..6661490_left=6003111_right=5781334_ver=1.10_style=3:3773-3885
984660_edges=31355..5301811_left=34271_right=6327052_ver=1.10_style=3	1298	1481	intergenic	.	984660_edges=31355..5301811_left=34271_right=6327052_ver=1.10_style=3:1298-1481
984932_edges=401686..401703_left=431371_right=431387_ver=1.10_style=3	2	386	intergenic	.	984932_edges=401686..401703_left=431371_right=431387_ver=1.10_style=3:2-386
985346_edges=968653..1859117_left=1023458_right=1958247_ver=1.10_style=3	1901	2106	intergenic	.	985346_edges=968653..1859117_left=1023458_right=1958247_ver=1.10_style=3:1901-2106
985725_edges=1477912..6711374_left=1551285_right=5924744_ver=1.10_style=3	9079	9165	intergenic	.	985725_edges=1477912..6711374_left=1551285_right=5924744_ver=1.10_style=3:9079-9165
987479_edges=4648177..5986242_left=5326945_right=5581984_ver=1.10_style=3	2108	2205	intergenic	.	987479_edges=4648177..5986242_left=5326945_right=5581984_ver=1.10_style=3:2108-2205
987479_edges=4648177..5986242_left=5326945_right=5581984_ver=1.10_style=3	2731	2893	intergenic	.	987479_edges=4648177..5986242_left=5326945_right=5581984_ver=1.10_style=3:2731-2893
991002_edges=535087..535095_left=6409489_right=571083_ver=1.10_style=3	348	467	intergenic	.	991002_edges=535087..535095_left=6409489_right=571083_ver=1.10_style=3:348-467
991238_edges=618110..5517384_left=659218_right=5906250_ver=1.10_style=3	2608	2705	intergenic	.	991238_edges=618110..5517384_left=659218_right=5906250_ver=1.10_style=3:2608-2705
991521_edges=720371..5336771_left=766087_right=6436313_ver=1.10_style=3	3959	4086	intergenic	.	991521_edges=720371..5336771_left=766087_right=6436313_ver=1.10_style=3:3959-4086
993104_edges=1286525..5612135_left=1352122_right=5312557_ver=1.10_style=3	1079	1292	intergenic	.	993104_edges=1286525..5612135_left=1352122_right=5312557_ver=1.10_style=3:1079-1292
993324_edges=1360381..5485333_left=1428797_right=6351580_ver=1.10_style=3	884	965	intergenic	.	993324_edges=1360381..5485333_left=1428797_right=6351580_ver=1.10_style=3:884-965
993340_edges=1366574..5367393_left=1435279_right=6518364_ver=1.10_style=3	642	872	intergenic	.	993340_edges=1366574..5367393_left=1435279_right=6518364_ver=1.10_style=3:642-872
994122_edges=1675138..6781899_left=1757561_right=6613256_ver=1.10_style=3	1020	1247	intergenic	.	994122_edges=1675138..6781899_left=1757561_right=6613256_ver=1.10_style=3:1020-1247
995124_edges=2147186..4331806_left=2375103_right=6589945_ver=1.10_style=3	290	400	intergenic	.	995124_edges=2147186..4331806_left=2375103_right=6589945_ver=1.10_style=3:290-400
995517_edges=2394521..4522833_left=2766339_right=5234043_ver=1.10_style=3	2223	2305	intergenic	.	995517_edges=2394521..4522833_left=2766339_right=5234043_ver=1.10_style=3:2223-2305
995640_edges=2470093..6551034_left=2444184_right=2494803_ver=1.10_style=3	1802	2163	gene,mRNA,exon,CDS		995640_edges=2470093..6551034_left=2444184_right=2494803_ver=1.10_style=3:1802-2163
995901_edges=2648624..5703668_left=3118503_right=3208088_ver=1.10_style=3	638	953	intergenic	.	995901_edges=2648624..5703668_left=3118503_right=3208088_ver=1.10_style=3:638-953
996841_edges=3383607..5003702_left=2459295_right=6454787_ver=1.10_style=3	458	829	intergenic	.	996841_edges=3383607..5003702_left=2459295_right=6454787_ver=1.10_style=3:458-829
997983_edges=4243856..6346945_left=3283577_right=5669970_ver=1.10_style=3	4076	4201	intergenic	.	997983_edges=4243856..6346945_left=3283577_right=5669970_ver=1.10_style=3:4076-4201
998060_edges=4287098..5463239_left=4977986_right=5861693_ver=1.10_style=3	3043	3314	intergenic	.	998060_edges=4287098..5463239_left=4977986_right=5861693_ver=1.10_style=3:3043-3314
ctg.000003F	111742	111819	gene,mRNA		ctg.000003F:111742-111819
ctg.000003F	644130	644227	intergenic	.	ctg.000003F:644130-644227
ctg.000003F	1259810	1259866	intergenic	.	ctg.000003F:1259810-1259866
ctg.000004F	896630	896788	gene,mRNA		ctg.000004F:896630-896788
ctg.000004F	1395284	1395353	intergenic	.	ctg.000004F:1395284-1395353
ctg.000004F	1563955	1564161	gene,mRNA		ctg.000004F:1563955-1564161
ctg.000006F	286114	286240	gene,mRNA		ctg.000006F:286114-286240
ctg.000006F	1111628	1111683	intergenic	.	ctg.000006F:1111628-1111683
ctg.000006F	1228594	1228662	intergenic	.	ctg.000006F:1228594-1228662
ctg.000007F	116416	116479	gene,mRNA		ctg.000007F:116416-116479
ctg.000007F	867274	867453	intergenic	.	ctg.000007F:867274-867453
ctg.000012F	242685	242821	intergenic	.	ctg.000012F:242685-242821
ctg.000014F	954673	954725	exon,CDS,gene,mRNA		ctg.000014F:954673-954725
ctg.000015F	344895	345024	gene,mRNA		ctg.000015F:344895-345024
ctg.000015F	377656	377945	intergenic	.	ctg.000015F:377656-377945
ctg.000017F	997787	997852	intergenic	.	ctg.000017F:997787-997852
ctg.000018F	251432	251649	intergenic	.	ctg.000018F:251432-251649
ctg.000018F	695908	696008	intergenic	.	ctg.000018F:695908-696008
ctg.000018F	896981	897037	intergenic	.	ctg.000018F:896981-897037
ctg.000018F	897190	897341	intergenic	.	ctg.000018F:897190-897341
ctg.000020F	858449	858599	exon,CDS,gene,mRNA		ctg.000020F:858449-858599
ctg.000020F	994904	995054	exon,CDS,gene,mRNA		ctg.000020F:994904-995054
ctg.000021F	160773	160905	intergenic	.	ctg.000021F:160773-160905
ctg.000023F	157531	157692	intergenic	.	ctg.000023F:157531-157692
ctg.000034F	199390	199456	gene,mRNA		ctg.000034F:199390-199456
ctg.000036F	141960	142288	intergenic	.	ctg.000036F:141960-142288
ctg.000037F	736862	736950	intergenic	.	ctg.000037F:736862-736950
ctg.000042F	311303	311367	intergenic	.	ctg.000042F:311303-311367
ctg.000043F	155677	155877	intergenic	.	ctg.000043F:155677-155877
ctg.000044F	71359	71656	gene,polyA_signal_sequence		ctg.000044F:71359-71656
ctg.000044F	440790	440966	intergenic	.	ctg.000044F:440790-440966
ctg.000048F	333520	333770	intergenic	.	ctg.000048F:333520-333770
ctg.000053F	543744	543961	intergenic	.	ctg.000053F:543744-543961
ctg.000057F	448164	448231	gene,mRNA		ctg.000057F:448164-448231
ctg.000058F	545347	545481	gene,mRNA		ctg.000058F:545347-545481
ctg.000061F	285686	285781	intergenic	.	ctg.000061F:285686-285781
ctg.000061F	673211	673328	intergenic	.	ctg.000061F:673211-673328
ctg.000064F	626014	626086	polyA_signal_sequence,gene		ctg.000064F:626014-626086
ctg.000065F	546852	546965	intergenic	.	ctg.000065F:546852-546965
ctg.000067F	577792	577844	intergenic	.	ctg.000067F:577792-577844
ctg.000068F	258783	259015	intergenic	.	ctg.000068F:258783-259015
ctg.000068F	418643	418698	intergenic	.	ctg.000068F:418643-418698
ctg.000068F	466109	466219	intergenic	.	ctg.000068F:466109-466219
ctg.000077F	392187	392492	intergenic	.	ctg.000077F:392187-392492
ctg.000088F	537667	537728	gene,mRNA		ctg.000088F:537667-537728
ctg.000090F	579628	579708	intergenic	.	ctg.000090F:579628-579708
ctg.000096F	169546	169615	intergenic	.	ctg.000096F:169546-169615
ctg.000096F	697831	697957	intergenic	.	ctg.000096F:697831-697957
ctg.000097F	141199	141344	gene,mRNA		ctg.000097F:141199-141344
ctg.000098F	148640	148798	intergenic	.	ctg.000098F:148640-148798
ctg.000098F	655277	655485	intergenic	.	ctg.000098F:655277-655485
ctg.000101F	448927	449167	intergenic	.	ctg.000101F:448927-449167
ctg.000101F	549164	549274	intergenic	.	ctg.000101F:549164-549274
ctg.000103F	59891	60061	intergenic	.	ctg.000103F:59891-60061
ctg.000103F	279802	279954	gene,mRNA		ctg.000103F:279802-279954
ctg.000104F	82314	82415	intergenic	.	ctg.000104F:82314-82415
ctg.000107F	444723	444821	intergenic	.	ctg.000107F:444723-444821
ctg.000108F	664750	666647	intergenic	.	ctg.000108F:664750-666647
ctg.000122F	204166	204347	intergenic	.	ctg.000122F:204166-204347
ctg.000122F	204672	204950	intergenic	.	ctg.000122F:204672-204950
ctg.000122F	334289	334444	intergenic	.	ctg.000122F:334289-334444
ctg.000124F	642998	643057	intergenic	.	ctg.000124F:642998-643057
ctg.000125F	21594	21648	gene,mRNA		ctg.000125F:21594-21648
ctg.000129F	417629	417783	intergenic	.	ctg.000129F:417629-417783
ctg.000129F	541798	542048	intergenic	.	ctg.000129F:541798-542048
ctg.000133F	636434	636643	intergenic	.	ctg.000133F:636434-636643
ctg.000135F	183788	183849	intergenic	.	ctg.000135F:183788-183849
ctg.000144F	345123	345215	intergenic	.	ctg.000144F:345123-345215
ctg.000146F	300219	300416	intergenic	.	ctg.000146F:300219-300416
ctg.000153F	356560	356689	intergenic	.	ctg.000153F:356560-356689
ctg.000153F	369492	369583	intergenic	.	ctg.000153F:369492-369583
ctg.000155F	240583	240698	intergenic	.	ctg.000155F:240583-240698
ctg.000166F	297738	297930	intergenic	.	ctg.000166F:297738-297930
ctg.000166F	333421	333472	gene,mRNA		ctg.000166F:333421-333472
ctg.000171F	263396	263654	intergenic	.	ctg.000171F:263396-263654
ctg.000172F	296786	296978	intergenic	.	ctg.000172F:296786-296978
ctg.000172F	530328	530450	gene,mRNA		ctg.000172F:530328-530450
ctg.000173F	26236	26386	intergenic	.	ctg.000173F:26236-26386
ctg.000173F	404746	405128	intergenic	.	ctg.000173F:404746-405128
ctg.000178F	257946	258092	intergenic	.	ctg.000178F:257946-258092
ctg.000192F	214736	214818	gene,mRNA		ctg.000192F:214736-214818
ctg.000192F	544985	545065	intergenic	.	ctg.000192F:544985-545065
ctg.000194F	86764	86866	intergenic	.	ctg.000194F:86764-86866
ctg.000194F	87641	87994	intergenic	.	ctg.000194F:87641-87994
ctg.000199F	610676	610727	intergenic	.	ctg.000199F:610676-610727
ctg.000202F	211145	211275	intergenic	.	ctg.000202F:211145-211275
ctg.000206F	127272	127412	intergenic	.	ctg.000206F:127272-127412
ctg.000206F	127618	128078	intergenic	.	ctg.000206F:127618-128078
ctg.000209F	496044	496098	gene,mRNA		ctg.000209F:496044-496098
ctg.000214F	38295	38392	intergenic	.	ctg.000214F:38295-38392
ctg.000216F	178390	178514	intergenic	.	ctg.000216F:178390-178514
ctg.000226F	73659	74092	gene,mRNA		ctg.000226F:73659-74092
ctg.000230F	10773	10842	intergenic	.	ctg.000230F:10773-10842
ctg.000232F	427332	427452	intergenic	.	ctg.000232F:427332-427452
ctg.000242F	528166	528239	intergenic	.	ctg.000242F:528166-528239
ctg.000242F	528640	528759	intergenic	.	ctg.000242F:528640-528759
ctg.000246F	55726	55870	intergenic	.	ctg.000246F:55726-55870
ctg.000249F	256410	256592	intergenic	.	ctg.000249F:256410-256592
ctg.000250F	8438	8509	intergenic	.	ctg.000250F:8438-8509
ctg.000269F	2423	2644	intergenic	.	ctg.000269F:2423-2644
ctg.000275F	170685	170803	intergenic	.	ctg.000275F:170685-170803
ctg.000275F	340796	340991	intergenic	.	ctg.000275F:340796-340991
ctg.000279F	41815	41865	gene,mRNA		ctg.000279F:41815-41865
ctg.000279F	347994	348057	intergenic	.	ctg.000279F:347994-348057
ctg.000282F	187424	187645	intergenic	.	ctg.000282F:187424-187645
ctg.000284F	31869	31992	intergenic	.	ctg.000284F:31869-31992
ctg.000287F	485423	485562	intergenic	.	ctg.000287F:485423-485562
ctg.000291F	406239	406507	intergenic	.	ctg.000291F:406239-406507
ctg.000296F	472144	472214	intergenic	.	ctg.000296F:472144-472214
ctg.000299F	339159	339293	gene,mRNA		ctg.000299F:339159-339293
ctg.000302F	61361	61433	intergenic	.	ctg.000302F:61361-61433
ctg.000302F	175380	175528	gene,mRNA		ctg.000302F:175380-175528
ctg.000303F	341131	341208	intergenic	.	ctg.000303F:341131-341208
ctg.000304F	19199	19360	intergenic	.	ctg.000304F:19199-19360
ctg.000312F	138119	138187	intergenic	.	ctg.000312F:138119-138187
ctg.000312F	260193	260361	intergenic	.	ctg.000312F:260193-260361
ctg.000312F	467120	467836	gene,mRNA		ctg.000312F:467120-467836
ctg.000314F	267767	267905	intergenic	.	ctg.000314F:267767-267905
ctg.000314F	372225	372300	intergenic	.	ctg.000314F:372225-372300
ctg.000318F	437279	437469	intergenic	.	ctg.000318F:437279-437469
ctg.000320F	304623	304674	intergenic	.	ctg.000320F:304623-304674
ctg.000324F	472937	473140	intergenic	.	ctg.000324F:472937-473140
ctg.000331F	82794	83067	intergenic	.	ctg.000331F:82794-83067
ctg.000337F	361630	362064	intergenic	.	ctg.000337F:361630-362064
ctg.000338F	210035	210417	intergenic	.	ctg.000338F:210035-210417
ctg.000339F	433359	433410	intergenic	.	ctg.000339F:433359-433410
ctg.000339F	437822	437921	intergenic	.	ctg.000339F:437822-437921
ctg.000343F	302970	303090	intergenic	.	ctg.000343F:302970-303090
ctg.000347F	203624	203700	gene,mRNA		ctg.000347F:203624-203700
ctg.000353F	87353	87605	gene,mRNA		ctg.000353F:87353-87605
ctg.000353F	231186	231293	gene,mRNA		ctg.000353F:231186-231293
ctg.000362F	195220	195274	gene,mRNA		ctg.000362F:195220-195274
ctg.000362F	198587	198765	gene,mRNA		ctg.000362F:198587-198765
ctg.000377F	9335	9457	intergenic	.	ctg.000377F:9335-9457
ctg.000377F	95797	96058	intergenic	.	ctg.000377F:95797-96058
ctg.000383F	364286	364418	gene,mRNA		ctg.000383F:364286-364418
ctg.000396F	267142	267208	intergenic	.	ctg.000396F:267142-267208
ctg.000399F	383801	383947	intergenic	.	ctg.000399F:383801-383947
ctg.000403F	44079	44155	gene,mRNA		ctg.000403F:44079-44155
ctg.000409F	312213	312333	gene,mRNA		ctg.000409F:312213-312333
ctg.000416F	319699	319941	intergenic	.	ctg.000416F:319699-319941
ctg.000416F	320261	320449	intergenic	.	ctg.000416F:320261-320449
ctg.000418F	64477	64615	intergenic	.	ctg.000418F:64477-64615
ctg.000426F	221388	221441	gene,mRNA		ctg.000426F:221388-221441
ctg.000437F	286142	286273	gene		ctg.000437F:286142-286273
ctg.000447F	248465	248756	gene,mRNA		ctg.000447F:248465-248756
ctg.000448F	160547	160604	intergenic	.	ctg.000448F:160547-160604
ctg.000448F	308608	309092	intergenic	.	ctg.000448F:308608-309092
ctg.000463F	205960	206033	gene,mRNA		ctg.000463F:205960-206033
ctg.000464F	314943	315121	gene,mRNA		ctg.000464F:314943-315121
ctg.000465F	320501	320588	gene,mRNA		ctg.000465F:320501-320588
ctg.000468F	229424	229666	gene,mRNA		ctg.000468F:229424-229666
ctg.000468F	229959	230031	gene,mRNA		ctg.000468F:229959-230031
ctg.000471F	232578	232684	intergenic	.	ctg.000471F:232578-232684
ctg.000478F	36937	37324	gene,mRNA		ctg.000478F:36937-37324
ctg.000478F	355770	355843	gene		ctg.000478F:355770-355843
ctg.000479F	70708	70761	intergenic	.	ctg.000479F:70708-70761
ctg.000481F	368363	368495	intergenic	.	ctg.000481F:368363-368495
ctg.000489F	214098	214159	intergenic	.	ctg.000489F:214098-214159
ctg.000497F	13005	13071	intergenic	.	ctg.000497F:13005-13071
ctg.000508F	325028	325289	gene,mRNA		ctg.000508F:325028-325289
ctg.000534F	176720	176982	intergenic	.	ctg.000534F:176720-176982
ctg.000537F	104162	104239	intergenic	.	ctg.000537F:104162-104239
ctg.000539F	375357	375455	intergenic	.	ctg.000539F:375357-375455
ctg.000543F	39068	39128	intergenic	.	ctg.000543F:39068-39128
ctg.000543F	169459	169654	gene,mRNA		ctg.000543F:169459-169654
ctg.000550F	45955	46099	intergenic	.	ctg.000550F:45955-46099
ctg.000550F	393801	394157	exon,CDS,gene,mRNA		ctg.000550F:393801-394157
ctg.000556F	267764	267969	gene,mRNA		ctg.000556F:267764-267969
ctg.000563F	302106	302273	intergenic	.	ctg.000563F:302106-302273
ctg.000565F	47216	47493	gene,mRNA		ctg.000565F:47216-47493
ctg.000571F	192952	193086	intergenic	.	ctg.000571F:192952-193086
ctg.000574F	161885	161953	intergenic	.	ctg.000574F:161885-161953
ctg.000579F	136817	136935	intergenic	.	ctg.000579F:136817-136935
ctg.000581F	287402	287650	intergenic	.	ctg.000581F:287402-287650
ctg.000582F	26953	27121	intergenic	.	ctg.000582F:26953-27121
ctg.000583F	371078	371219	intergenic	.	ctg.000583F:371078-371219
ctg.000585F	72722	72797	intergenic	.	ctg.000585F:72722-72797
ctg.000585F	72956	73046	intergenic	.	ctg.000585F:72956-73046
ctg.000585F	73626	73723	intergenic	.	ctg.000585F:73626-73723
ctg.000585F	339753	340003	intergenic	.	ctg.000585F:339753-340003
ctg.000590F	47519	47692	intergenic	.	ctg.000590F:47519-47692
ctg.000605F	48146	48273	intergenic	.	ctg.000605F:48146-48273
ctg.000607F	265382	265466	gene,mRNA		ctg.000607F:265382-265466
ctg.000611F	8395	8610	intergenic	.	ctg.000611F:8395-8610
ctg.000611F	353886	353937	intergenic	.	ctg.000611F:353886-353937
ctg.000616F	268424	268561	intergenic	.	ctg.000616F:268424-268561
ctg.000627F	70700	70928	gene,mRNA		ctg.000627F:70700-70928
ctg.000628F	222021	222256	intergenic	.	ctg.000628F:222021-222256
ctg.000634F	324775	324868	intergenic	.	ctg.000634F:324775-324868
ctg.000634F	339414	339696	intergenic	.	ctg.000634F:339414-339696
ctg.000636F	326980	327067	intergenic	.	ctg.000636F:326980-327067
ctg.000644F	149617	149891	intergenic	.	ctg.000644F:149617-149891
ctg.000644F	190363	190420	intergenic	.	ctg.000644F:190363-190420
ctg.000656F	210281	210479	gene,mRNA		ctg.000656F:210281-210479
ctg.000661F	147620	147790	intergenic	.	ctg.000661F:147620-147790
ctg.000663F	264098	264226	intergenic	.	ctg.000663F:264098-264226
ctg.000670F	107348	107435	intergenic	.	ctg.000670F:107348-107435
ctg.000672F	48091	48246	intergenic	.	ctg.000672F:48091-48246
ctg.000672F	141683	141753	gene,mRNA		ctg.000672F:141683-141753
ctg.000672F	240167	240308	intergenic	.	ctg.000672F:240167-240308
ctg.000682F	204020	204080	gene,mRNA		ctg.000682F:204020-204080
ctg.000682F	281641	281851	intergenic	.	ctg.000682F:281641-281851
ctg.000685F	18134	18276	gene,mRNA		ctg.000685F:18134-18276
ctg.000686F	284023	284077	intergenic	.	ctg.000686F:284023-284077
ctg.000686F	332955	333290	intergenic	.	ctg.000686F:332955-333290
ctg.000687F	345741	345932	intergenic	.	ctg.000687F:345741-345932
ctg.000691F	280482	280593	intergenic	.	ctg.000691F:280482-280593
ctg.000694F	273587	273767	intergenic	.	ctg.000694F:273587-273767
ctg.000706F	318496	318609	intergenic	.	ctg.000706F:318496-318609
ctg.000706F	331647	331703	intergenic	.	ctg.000706F:331647-331703
ctg.000708F	232950	233162	intergenic	.	ctg.000708F:232950-233162
ctg.000710F	125639	125815	intergenic	.	ctg.000710F:125639-125815
ctg.000716F	248015	248089	intergenic	.	ctg.000716F:248015-248089
ctg.000725F	304594	304786	gene,mRNA		ctg.000725F:304594-304786
ctg.000734F	142118	142275	intergenic	.	ctg.000734F:142118-142275
ctg.000735F	4620	4711	intergenic	.	ctg.000735F:4620-4711
ctg.000740F	234087	234147	intergenic	.	ctg.000740F:234087-234147
ctg.000767F	306068	306258	intergenic	.	ctg.000767F:306068-306258
ctg.000773F	89044	89095	intergenic	.	ctg.000773F:89044-89095
ctg.000773F	89567	89617	intergenic	.	ctg.000773F:89567-89617
ctg.000779F	252333	252492	gene,mRNA		ctg.000779F:252333-252492
ctg.000779F	263185	263426	intergenic	.	ctg.000779F:263185-263426
ctg.000790F	239366	239839	intergenic	.	ctg.000790F:239366-239839
ctg.000790F	320267	320318	intergenic	.	ctg.000790F:320267-320318
ctg.000797F	91651	91701	gene,mRNA		ctg.000797F:91651-91701
ctg.000804F	305321	305509	intergenic	.	ctg.000804F:305321-305509
ctg.000805F	187190	187261	intergenic	.	ctg.000805F:187190-187261
ctg.000807F	435880	435973	intergenic	.	ctg.000807F:435880-435973
ctg.000829F	236708	238036	intergenic	.	ctg.000829F:236708-238036
ctg.000835F	147128	147261	intergenic	.	ctg.000835F:147128-147261
ctg.000839F	364493	364548	intergenic	.	ctg.000839F:364493-364548
ctg.000841F	226717	226775	intergenic	.	ctg.000841F:226717-226775
ctg.000841F	245586	245670	intergenic	.	ctg.000841F:245586-245670
ctg.000855F	34590	34643	gene,mRNA		ctg.000855F:34590-34643
ctg.000855F	144328	144517	intergenic	.	ctg.000855F:144328-144517
ctg.000865F	103382	103473	intergenic	.	ctg.000865F:103382-103473
ctg.000865F	171039	171146	intergenic	.	ctg.000865F:171039-171146
ctg.000865F	221512	221567	gene,mRNA		ctg.000865F:221512-221567
ctg.000868F	12739	12855	intergenic	.	ctg.000868F:12739-12855
ctg.000881F	11610	11811	intergenic	.	ctg.000881F:11610-11811
ctg.000883F	150611	150689	intergenic	.	ctg.000883F:150611-150689
ctg.000884F	230713	230792	intergenic	.	ctg.000884F:230713-230792
ctg.000888F	170714	170815	gene,mRNA		ctg.000888F:170714-170815
ctg.000894F	45505	45564	gene,mRNA		ctg.000894F:45505-45564
ctg.000902F	207836	207910	gene,mRNA		ctg.000902F:207836-207910
ctg.000903F	6778	6947	gene,mRNA		ctg.000903F:6778-6947
ctg.000903F	159678	159808	mRNA,gene		ctg.000903F:159678-159808
ctg.000903F	189045	189322	intergenic	.	ctg.000903F:189045-189322
ctg.000905F	210050	210101	stop_codon,exon,CDS,gene,mRNA		ctg.000905F:210050-210101
ctg.000912F	128937	129006	gene,mRNA		ctg.000912F:128937-129006
ctg.000912F	129191	129339	gene,mRNA		ctg.000912F:129191-129339
ctg.000912F	295525	295643	intergenic	.	ctg.000912F:295525-295643
ctg.000916F	286782	286853	intergenic	.	ctg.000916F:286782-286853
ctg.000919F	220849	220969	intergenic	.	ctg.000919F:220849-220969
ctg.000922F	28804	28861	intergenic	.	ctg.000922F:28804-28861
ctg.000922F	221847	221975	gene,mRNA,exon,CDS,start_codon		ctg.000922F:221847-221975
ctg.000922F	222271	222376	intergenic	.	ctg.000922F:222271-222376
ctg.000934F	299217	299328	gene,mRNA		ctg.000934F:299217-299328
ctg.000938F	53435	53487	gene,mRNA		ctg.000938F:53435-53487
ctg.000955F	41010	41067	intergenic	.	ctg.000955F:41010-41067
ctg.000963F	124066	124133	intergenic	.	ctg.000963F:124066-124133
ctg.000970F	86629	86685	gene,mRNA		ctg.000970F:86629-86685
ctg.000972F	91591	91705	exon,CDS,gene,mRNA		ctg.000972F:91591-91705
ctg.000974F	8049	8130	intergenic	.	ctg.000974F:8049-8130
ctg.000987F	110714	110855	intergenic	.	ctg.000987F:110714-110855
ctg.000999F	213544	213811	intergenic	.	ctg.000999F:213544-213811
ctg.001011F	287989	288051	intergenic	.	ctg.001011F:287989-288051
ctg.001014F	65814	66000	intergenic	.	ctg.001014F:65814-66000
ctg.001015F	214540	214604	gene,mRNA		ctg.001015F:214540-214604
ctg.001020F	179771	179920	intergenic	.	ctg.001020F:179771-179920
ctg.001024F	7123	7571	intergenic	.	ctg.001024F:7123-7571
ctg.001027F	124193	124255	gene,mRNA		ctg.001027F:124193-124255
ctg.001028F	5315	5371	intergenic	.	ctg.001028F:5315-5371
ctg.001043F	124538	124649	intergenic	.	ctg.001043F:124538-124649
ctg.001052F	115891	116058	gene,mRNA		ctg.001052F:115891-116058
ctg.001063F	160321	160422	intergenic	.	ctg.001063F:160321-160422
ctg.001068F	35892	35998	intergenic	.	ctg.001068F:35892-35998
ctg.001071F	149188	149319	intergenic	.	ctg.001071F:149188-149319
ctg.001072F	237774	237859	gene,mRNA		ctg.001072F:237774-237859
ctg.001072F	238157	238208	gene,mRNA		ctg.001072F:238157-238208
ctg.001073F	138233	138439	gene,mRNA		ctg.001073F:138233-138439
ctg.001074F	19790	19908	intergenic	.	ctg.001074F:19790-19908
ctg.001076F	246609	246832	intergenic	.	ctg.001076F:246609-246832
ctg.001079F	231208	231295	intergenic	.	ctg.001079F:231208-231295
ctg.001089F	170997	171181	intergenic	.	ctg.001089F:170997-171181
ctg.001094F	278689	278786	intergenic	.	ctg.001094F:278689-278786
ctg.001103F	68090	68240	exon,CDS,gene,mRNA		ctg.001103F:68090-68240
ctg.001103F	68985	69285	exon,CDS,gene,mRNA		ctg.001103F:68985-69285
ctg.001108F	252399	252472	intergenic	.	ctg.001108F:252399-252472
ctg.001118F	42487	42576	intergenic	.	ctg.001118F:42487-42576
ctg.001122F	252815	253264	gene,mRNA		ctg.001122F:252815-253264
ctg.001123F	138382	138518	intergenic	.	ctg.001123F:138382-138518
ctg.001132F	116232	116290	intergenic	.	ctg.001132F:116232-116290
ctg.001140F	244777	244948	intergenic	.	ctg.001140F:244777-244948
ctg.001141F	208165	208257	intergenic	.	ctg.001141F:208165-208257
ctg.001142F	267652	267781	intergenic	.	ctg.001142F:267652-267781
ctg.001159F	94023	94328	gene,mRNA		ctg.001159F:94023-94328
ctg.001161F	141545	141752	gene,mRNA		ctg.001161F:141545-141752
ctg.001164F	64385	64672	intergenic	.	ctg.001164F:64385-64672
ctg.001167F	363640	363854	gene,mRNA		ctg.001167F:363640-363854
ctg.001170F	19921	20004	gene,mRNA		ctg.001170F:19921-20004
ctg.001179F	199666	199740	gene,mRNA		ctg.001179F:199666-199740
ctg.001179F	258261	258539	intergenic	.	ctg.001179F:258261-258539
ctg.001188F	121462	121640	gene,mRNA		ctg.001188F:121462-121640
ctg.001190F	134337	134680	intergenic	.	ctg.001190F:134337-134680
ctg.001190F	135044	135212	intergenic	.	ctg.001190F:135044-135212
ctg.001192F	66213	66296	intergenic	.	ctg.001192F:66213-66296
ctg.001194F	25109	25180	intergenic	.	ctg.001194F:25109-25180
ctg.001198F	9157	9221	gene,mRNA		ctg.001198F:9157-9221
ctg.001213F	8134	8304	intergenic	.	ctg.001213F:8134-8304
ctg.001234F	265961	266014	intergenic	.	ctg.001234F:265961-266014
ctg.001237F	87114	87206	intergenic	.	ctg.001237F:87114-87206
ctg.001245F	173768	174069	intergenic	.	ctg.001245F:173768-174069
ctg.001250F	53013	53170	gene,mRNA		ctg.001250F:53013-53170
ctg.001263F	139448	139587	intergenic	.	ctg.001263F:139448-139587
ctg.001283F	139930	140552	gene,mRNA		ctg.001283F:139930-140552
ctg.001297F	52462	52542	gene,mRNA		ctg.001297F:52462-52542
ctg.001326F	72666	72727	intergenic	.	ctg.001326F:72666-72727
ctg.001327F	221332	221536	gene,mRNA		ctg.001327F:221332-221536
ctg.001329F	130483	130602	intergenic	.	ctg.001329F:130483-130602
ctg.001346F	198889	199063	gene,mRNA		ctg.001346F:198889-199063
ctg.001356F	276776	277082	gene,mRNA		ctg.001356F:276776-277082
ctg.001357F	57566	58047	intergenic	.	ctg.001357F:57566-58047
ctg.001359F	172319	172391	gene,mRNA		ctg.001359F:172319-172391
ctg.001361F	71824	72116	intergenic	.	ctg.001361F:71824-72116
ctg.001361F	78954	79056	intergenic	.	ctg.001361F:78954-79056
ctg.001371F	242504	242580	intergenic	.	ctg.001371F:242504-242580
ctg.001372F	46900	47071	intergenic	.	ctg.001372F:46900-47071
ctg.001373F	194102	194177	gene,mRNA		ctg.001373F:194102-194177
ctg.001374F	37884	37979	intergenic	.	ctg.001374F:37884-37979
ctg.001374F	112928	113117	intergenic	.	ctg.001374F:112928-113117
ctg.001375F	147132	147247	intergenic	.	ctg.001375F:147132-147247
ctg.001382F	10371	10474	intergenic	.	ctg.001382F:10371-10474
ctg.001384F	135744	135800	intergenic	.	ctg.001384F:135744-135800
ctg.001395F	158561	158795	intergenic	.	ctg.001395F:158561-158795
ctg.001405F	172874	173154	intergenic	.	ctg.001405F:172874-173154
ctg.001405F	173573	173643	intergenic	.	ctg.001405F:173573-173643
ctg.001410F	69113	69266	gene,mRNA		ctg.001410F:69113-69266
ctg.001412F	222489	222550	intergenic	.	ctg.001412F:222489-222550
ctg.001418F	230787	231204	intergenic	.	ctg.001418F:230787-231204
ctg.001426F	113244	113386	intergenic	.	ctg.001426F:113244-113386
ctg.001428F	79521	79700	intergenic	.	ctg.001428F:79521-79700
ctg.001429F	29670	29812	intergenic	.	ctg.001429F:29670-29812
ctg.001447F	53017	53494	intergenic	.	ctg.001447F:53017-53494
ctg.001454F	179535	179660	intergenic	.	ctg.001454F:179535-179660
ctg.001475F	162018	162086	intergenic	.	ctg.001475F:162018-162086
ctg.001476F	195863	196018	gene,mRNA		ctg.001476F:195863-196018
ctg.001482F	139176	139236	intergenic	.	ctg.001482F:139176-139236
ctg.001483F	72528	72582	gene,mRNA		ctg.001483F:72528-72582
ctg.001486F	51087	51205	intergenic	.	ctg.001486F:51087-51205
ctg.001488F	2692	2760	intergenic	.	ctg.001488F:2692-2760
ctg.001489F	83398	83489	intergenic	.	ctg.001489F:83398-83489
ctg.001491F	27397	27469	gene		ctg.001491F:27397-27469
ctg.001494F	174564	174620	intergenic	.	ctg.001494F:174564-174620
ctg.001496F	33327	33429	gene,mRNA		ctg.001496F:33327-33429
ctg.001502F	154856	154941	gene,mRNA		ctg.001502F:154856-154941
ctg.001504F	62817	62874	intergenic	.	ctg.001504F:62817-62874
ctg.001505F	76847	76929	gene,mRNA		ctg.001505F:76847-76929
ctg.001507F	202563	202696	gene,mRNA		ctg.001507F:202563-202696
ctg.001524F	6469	6648	intergenic	.	ctg.001524F:6469-6648
ctg.001525F	69420	69551	intergenic	.	ctg.001525F:69420-69551
ctg.001529F	123238	123417	intergenic	.	ctg.001529F:123238-123417
ctg.001532F	166706	166773	gene,mRNA		ctg.001532F:166706-166773
ctg.001534F	109454	109740	intergenic	.	ctg.001534F:109454-109740
ctg.001541F	64816	64996	intergenic	.	ctg.001541F:64816-64996
ctg.001560F	213386	213537	intergenic	.	ctg.001560F:213386-213537
ctg.001562F	104218	104346	gene,mRNA		ctg.001562F:104218-104346
ctg.001563F	21417	21632	intergenic	.	ctg.001563F:21417-21632
ctg.001564F	198683	198913	intergenic	.	ctg.001564F:198683-198913
ctg.001577F	104027	104086	gene,mRNA		ctg.001577F:104027-104086
ctg.001587F	206335	206432	intergenic	.	ctg.001587F:206335-206432
ctg.001599F	164363	164552	intergenic	.	ctg.001599F:164363-164552
ctg.001602F	112800	112928	intergenic	.	ctg.001602F:112800-112928
ctg.001605F	18262	18399	intergenic	.	ctg.001605F:18262-18399
ctg.001605F	82125	82227	intergenic	.	ctg.001605F:82125-82227
ctg.001610F	24570	24635	intergenic	.	ctg.001610F:24570-24635
ctg.001611F	41686	41840	intergenic	.	ctg.001611F:41686-41840
ctg.001611F	184142	184412	intergenic	.	ctg.001611F:184142-184412
ctg.001618F	149359	149431	intergenic	.	ctg.001618F:149359-149431
ctg.001628F	179819	179894	intergenic	.	ctg.001628F:179819-179894
ctg.001636F	118038	118190	gene,mRNA		ctg.001636F:118038-118190
ctg.001648F	172264	172385	intergenic	.	ctg.001648F:172264-172385
ctg.001659F	114818	114922	intergenic	.	ctg.001659F:114818-114922
ctg.001669F	183842	184178	intergenic	.	ctg.001669F:183842-184178
ctg.001670F	86555	86771	intergenic	.	ctg.001670F:86555-86771
ctg.001670F	86931	87099	intergenic	.	ctg.001670F:86931-87099
ctg.001679F	217431	217687	intergenic	.	ctg.001679F:217431-217687
ctg.001684F	80338	80957	gene,mRNA		ctg.001684F:80338-80957
ctg.001699F	150253	150321	intergenic	.	ctg.001699F:150253-150321
ctg.001709F	44305	44381	intergenic	.	ctg.001709F:44305-44381
ctg.001712F	54790	54841	intergenic	.	ctg.001712F:54790-54841
ctg.001716F	121053	121215	intergenic	.	ctg.001716F:121053-121215
ctg.001726F	73404	73501	gene,mRNA		ctg.001726F:73404-73501
ctg.001738F	65469	65653	intergenic	.	ctg.001738F:65469-65653
ctg.001748F	32206	32378	gene,mRNA		ctg.001748F:32206-32378
ctg.001757F	129119	129170	intergenic	.	ctg.001757F:129119-129170
ctg.001758F	203328	203661	gene,mRNA		ctg.001758F:203328-203661
ctg.001760F	102752	102815	gene,mRNA		ctg.001760F:102752-102815
ctg.001771F	144264	144430	intergenic	.	ctg.001771F:144264-144430
ctg.001778F	131905	132038	intergenic	.	ctg.001778F:131905-132038
ctg.001788F	23387	23547	intergenic	.	ctg.001788F:23387-23547
ctg.001805F	97309	97430	intergenic	.	ctg.001805F:97309-97430
ctg.001808F	169758	169961	intergenic	.	ctg.001808F:169758-169961
ctg.001814F	55541	55633	intergenic	.	ctg.001814F:55541-55633
ctg.001818F	101046	101518	intergenic	.	ctg.001818F:101046-101518
ctg.001820F	12596	12809	intergenic	.	ctg.001820F:12596-12809
ctg.001832F	44448	44892	intergenic	.	ctg.001832F:44448-44892
ctg.001832F	53078	53168	intergenic	.	ctg.001832F:53078-53168
ctg.001833F	126113	126245	intergenic	.	ctg.001833F:126113-126245
ctg.001834F	160300	160487	gene,mRNA		ctg.001834F:160300-160487
ctg.001836F	118596	118811	intergenic	.	ctg.001836F:118596-118811
ctg.001844F	131138	131291	intergenic	.	ctg.001844F:131138-131291
ctg.001864F	136225	136293	intergenic	.	ctg.001864F:136225-136293
ctg.001867F	57571	57867	intergenic	.	ctg.001867F:57571-57867
ctg.001880F	183926	183986	gene,mRNA		ctg.001880F:183926-183986
ctg.001893F	29932	29989	intergenic	.	ctg.001893F:29932-29989
ctg.001912F	106637	106733	intergenic	.	ctg.001912F:106637-106733
ctg.001923F	201735	201993	intergenic	.	ctg.001923F:201735-201993
ctg.001930F	50415	50959	intergenic	.	ctg.001930F:50415-50959
ctg.001939F	162681	162879	intergenic	.	ctg.001939F:162681-162879
ctg.001953F	91233	91317	intergenic	.	ctg.001953F:91233-91317
ctg.001958F	188333	188390	intergenic	.	ctg.001958F:188333-188390
ctg.001972F	771	1039	intergenic	.	ctg.001972F:771-1039
ctg.001975F	114932	115003	exon,CDS,stop_codon,gene,mRNA		ctg.001975F:114932-115003
ctg.001978F	122705	123036	gene,mRNA,stop_codon,exon,CDS		ctg.001978F:122705-123036
ctg.001990F	18516	18613	gene,mRNA		ctg.001990F:18516-18613
ctg.001990F	112190	112289	gene,mRNA		ctg.001990F:112190-112289
ctg.001990F	147248	147396	intergenic	.	ctg.001990F:147248-147396
ctg.001995F	134829	134882	intergenic	.	ctg.001995F:134829-134882
ctg.002007F	86186	86465	gene,mRNA		ctg.002007F:86186-86465
ctg.002012F	131948	132293	intergenic	.	ctg.002012F:131948-132293
ctg.002015F	140516	140602	gene,mRNA		ctg.002015F:140516-140602
ctg.002016F	108608	108741	gene,mRNA		ctg.002016F:108608-108741
ctg.002021F	15923	16147	intergenic	.	ctg.002021F:15923-16147
ctg.002024F	156102	156411	gene,mRNA		ctg.002024F:156102-156411
ctg.002024F	156602	156718	gene,mRNA		ctg.002024F:156602-156718
ctg.002029F	34801	35036	exon,CDS,gene,mRNA		ctg.002029F:34801-35036
ctg.002030F	139144	139384	intergenic	.	ctg.002030F:139144-139384
ctg.002040F	3186	3307	intergenic	.	ctg.002040F:3186-3307
ctg.002041F	160413	160574	gene,mRNA		ctg.002041F:160413-160574
ctg.002044F	121981	122049	intergenic	.	ctg.002044F:121981-122049
ctg.002045F	53054	53109	gene,mRNA		ctg.002045F:53054-53109
ctg.002050F	60665	60749	gene,mRNA		ctg.002050F:60665-60749
ctg.002064F	131915	132000	intergenic	.	ctg.002064F:131915-132000
ctg.002069F	186723	186814	gene,mRNA		ctg.002069F:186723-186814
ctg.002072F	153977	154074	gene,mRNA		ctg.002072F:153977-154074
ctg.002077F	26793	27010	intergenic	.	ctg.002077F:26793-27010
ctg.002077F	107965	108204	gene,mRNA		ctg.002077F:107965-108204
ctg.002077F	175065	175233	gene,mRNA		ctg.002077F:175065-175233
ctg.002090F	186817	187093	intergenic	.	ctg.002090F:186817-187093
ctg.002098F	128568	128718	gene,mRNA,exon,CDS		ctg.002098F:128568-128718
ctg.002106F	114150	114345	intergenic	.	ctg.002106F:114150-114345
ctg.002111F	63272	63350	intergenic	.	ctg.002111F:63272-63350
ctg.002118F	5481	5597	gene,mRNA		ctg.002118F:5481-5597
ctg.002124F	101122	101320	intergenic	.	ctg.002124F:101122-101320
ctg.002124F	125156	125591	intergenic	.	ctg.002124F:125156-125591
ctg.002126F	27119	27279	intergenic	.	ctg.002126F:27119-27279
ctg.002135F	117455	117533	intergenic	.	ctg.002135F:117455-117533
ctg.002156F	151514	151788	gene,mRNA		ctg.002156F:151514-151788
ctg.002156F	177743	177995	exon,CDS,gene,mRNA		ctg.002156F:177743-177995
ctg.002157F	112780	112834	intergenic	.	ctg.002157F:112780-112834
ctg.002167F	132929	133117	polyA_signal_sequence,gene		ctg.002167F:132929-133117
ctg.002167F	191930	192041	intergenic	.	ctg.002167F:191930-192041
ctg.002187F	34290	34341	intergenic	.	ctg.002187F:34290-34341
ctg.002214F	98771	98859	intergenic	.	ctg.002214F:98771-98859
ctg.002217F	94900	94981	gene,mRNA		ctg.002217F:94900-94981
ctg.002247F	41088	41301	intergenic	.	ctg.002247F:41088-41301
ctg.002249F	25866	26090	gene,mRNA		ctg.002249F:25866-26090
ctg.002253F	123743	123795	gene,mRNA		ctg.002253F:123743-123795
ctg.002254F	121936	122076	gene,mRNA		ctg.002254F:121936-122076
ctg.002265F	121777	122002	intergenic	.	ctg.002265F:121777-122002
ctg.002274F	54314	54476	gene,mRNA		ctg.002274F:54314-54476
ctg.002289F	118407	118495	gene,mRNA		ctg.002289F:118407-118495
ctg.002299F	63293	63530	intergenic	.	ctg.002299F:63293-63530
ctg.002308F	91151	91224	intergenic	.	ctg.002308F:91151-91224
ctg.002338F	100888	100952	intergenic	.	ctg.002338F:100888-100952
ctg.002340F	22038	22464	intergenic	.	ctg.002340F:22038-22464
ctg.002353F	24053	24282	intergenic	.	ctg.002353F:24053-24282
ctg.002354F	21139	21316	gene,mRNA		ctg.002354F:21139-21316
ctg.002362F	165243	165322	intergenic	.	ctg.002362F:165243-165322
ctg.002365F	10035	10174	intergenic	.	ctg.002365F:10035-10174
ctg.002387F	81450	81513	intergenic	.	ctg.002387F:81450-81513
ctg.002397F	138725	138890	intergenic	.	ctg.002397F:138725-138890
ctg.002401F	16474	16536	intergenic	.	ctg.002401F:16474-16536
ctg.002401F	125841	125980	gene,mRNA,exon,CDS		ctg.002401F:125841-125980
ctg.002403F	155510	155630	intergenic	.	ctg.002403F:155510-155630
ctg.002407F	111143	111206	gene,mRNA		ctg.002407F:111143-111206
ctg.002407F	114663	114719	intergenic	.	ctg.002407F:114663-114719
ctg.002411F	106639	106773	intergenic	.	ctg.002411F:106639-106773
ctg.002414F	129515	129650	intergenic	.	ctg.002414F:129515-129650
ctg.002418F	151346	151454	intergenic	.	ctg.002418F:151346-151454
ctg.002419F	96997	97071	intergenic	.	ctg.002419F:96997-97071
ctg.002424F	27526	27654	intergenic	.	ctg.002424F:27526-27654
ctg.002424F	28957	29009	intergenic	.	ctg.002424F:28957-29009
ctg.002431F	68167	68399	intergenic	.	ctg.002431F:68167-68399
ctg.002438F	75676	75735	gene,mRNA		ctg.002438F:75676-75735
ctg.002441F	100281	100420	intergenic	.	ctg.002441F:100281-100420
ctg.002453F	64726	64871	intergenic	.	ctg.002453F:64726-64871
ctg.002463F	48012	48130	intergenic	.	ctg.002463F:48012-48130
ctg.002465F	24586	24646	intergenic	.	ctg.002465F:24586-24646
ctg.002466F	168468	168830	intergenic	.	ctg.002466F:168468-168830
ctg.002467F	168045	168183	intergenic	.	ctg.002467F:168045-168183
ctg.002470F	44412	44551	intergenic	.	ctg.002470F:44412-44551
ctg.002474F	75702	75769	intergenic	.	ctg.002474F:75702-75769
ctg.002474F	93157	93246	intergenic	.	ctg.002474F:93157-93246
ctg.002499F	115653	115757	intergenic	.	ctg.002499F:115653-115757
ctg.002507F	75412	75559	intergenic	.	ctg.002507F:75412-75559
ctg.002508F	152986	153187	intergenic	.	ctg.002508F:152986-153187
ctg.002512F	82251	82324	intergenic	.	ctg.002512F:82251-82324
ctg.002514F	54004	54262	gene,mRNA		ctg.002514F:54004-54262
ctg.002514F	54611	54812	gene,mRNA		ctg.002514F:54611-54812
ctg.002531F	139645	140072	intergenic	.	ctg.002531F:139645-140072
ctg.002533F	151161	151237	intergenic	.	ctg.002533F:151161-151237
ctg.002548F	510	985	gene,mRNA,start_codon,exon,CDS,stop_codon		ctg.002548F:510-985
ctg.002555F	47793	47961	gene,mRNA		ctg.002555F:47793-47961
ctg.002561F	144130	144192	intergenic	.	ctg.002561F:144130-144192
ctg.002572F	116885	117023	intergenic	.	ctg.002572F:116885-117023
ctg.002581F	72343	72504	intergenic	.	ctg.002581F:72343-72504
ctg.002600F	21524	21802	intergenic	.	ctg.002600F:21524-21802
ctg.002625F	29868	29961	exon,CDS,gene,mRNA		ctg.002625F:29868-29961
ctg.002628F	115435	115582	intergenic	.	ctg.002628F:115435-115582
ctg.002639F	14750	14864	gene,mRNA		ctg.002639F:14750-14864
ctg.002641F	71423	71517	intergenic	.	ctg.002641F:71423-71517
ctg.002641F	164238	164340	intergenic	.	ctg.002641F:164238-164340
ctg.002656F	84046	84189	gene,mRNA		ctg.002656F:84046-84189
ctg.002659F	127607	127866	intergenic	.	ctg.002659F:127607-127866
ctg.002665F	56891	56994	intergenic	.	ctg.002665F:56891-56994
ctg.002679F	131162	131240	intergenic	.	ctg.002679F:131162-131240
ctg.002702F	47648	47757	intergenic	.	ctg.002702F:47648-47757
ctg.002703F	67738	67880	gene,mRNA		ctg.002703F:67738-67880
ctg.002710F	14465	14681	intergenic	.	ctg.002710F:14465-14681
ctg.002712F	100854	100926	intergenic	.	ctg.002712F:100854-100926
ctg.002721F	45799	45858	intergenic	.	ctg.002721F:45799-45858
ctg.002731F	2247	2299	intergenic	.	ctg.002731F:2247-2299
ctg.002761F	35858	36188	gene,mRNA		ctg.002761F:35858-36188
ctg.002768F	113488	113544	intergenic	.	ctg.002768F:113488-113544
ctg.002781F	63351	63433	gene,mRNA		ctg.002781F:63351-63433
ctg.002791F	147774	147866	intergenic	.	ctg.002791F:147774-147866
ctg.002799F	112503	112661	intergenic	.	ctg.002799F:112503-112661
ctg.002807F	90474	90654	intergenic	.	ctg.002807F:90474-90654
ctg.002816F	99868	99943	intergenic	.	ctg.002816F:99868-99943
ctg.002816F	131151	131327	intergenic	.	ctg.002816F:131151-131327
ctg.002837F	83187	83255	gene,mRNA		ctg.002837F:83187-83255
ctg.002837F	84168	84488	gene,mRNA		ctg.002837F:84168-84488
ctg.002849F	101285	101447	intergenic	.	ctg.002849F:101285-101447
ctg.002858F	120596	120769	gene,mRNA		ctg.002858F:120596-120769
ctg.002862F	99023	99086	gene,mRNA		ctg.002862F:99023-99086
ctg.002871F	5412	5545	intergenic	.	ctg.002871F:5412-5545
ctg.002875F	153331	153520	intergenic	.	ctg.002875F:153331-153520
ctg.002882F	126195	126376	intergenic	.	ctg.002882F:126195-126376
ctg.002905F	78505	78653	gene,mRNA		ctg.002905F:78505-78653
ctg.002910F	65174	65234	gene,mRNA		ctg.002910F:65174-65234
ctg.002911F	144096	144182	gene,mRNA		ctg.002911F:144096-144182
ctg.002911F	144345	144470	gene,mRNA		ctg.002911F:144345-144470
ctg.002913F	89553	89624	intergenic	.	ctg.002913F:89553-89624
ctg.002923F	24884	24969	intergenic	.	ctg.002923F:24884-24969
ctg.002930F	164343	164399	intergenic	.	ctg.002930F:164343-164399
ctg.002935F	133174	133579	mRNA,gene		ctg.002935F:133174-133579
ctg.002950F	6171	6288	intergenic	.	ctg.002950F:6171-6288
ctg.002963F	75555	75720	intergenic	.	ctg.002963F:75555-75720
ctg.002973F	69638	69743	gene		ctg.002973F:69638-69743
ctg.002990F	100083	100197	intergenic	.	ctg.002990F:100083-100197
ctg.002998F	132788	132893	gene,mRNA		ctg.002998F:132788-132893
ctg.003003F	18501	18592	gene,mRNA		ctg.003003F:18501-18592
ctg.003011F	60739	60890	gene,mRNA		ctg.003011F:60739-60890
ctg.003012F	92765	92932	intergenic	.	ctg.003012F:92765-92932
ctg.003015F	25783	25924	intergenic	.	ctg.003015F:25783-25924
ctg.003016F	49465	49543	gene,mRNA		ctg.003016F:49465-49543
ctg.003020F	116724	116941	gene,mRNA		ctg.003020F:116724-116941
ctg.003027F	163293	163527	intergenic	.	ctg.003027F:163293-163527
ctg.003035F	69659	69780	gene,mRNA		ctg.003035F:69659-69780
ctg.003040F	25963	26198	intergenic	.	ctg.003040F:25963-26198
ctg.003040F	93680	93743	intergenic	.	ctg.003040F:93680-93743
ctg.003040F	113627	113795	intergenic	.	ctg.003040F:113627-113795
ctg.003095F	50020	50087	intergenic	.	ctg.003095F:50020-50087
ctg.003105F	48511	48741	intergenic	.	ctg.003105F:48511-48741
ctg.003118F	140052	140108	gene,mRNA		ctg.003118F:140052-140108
ctg.003118F	140483	140566	gene,mRNA		ctg.003118F:140483-140566
ctg.003122F	60818	60996	intergenic	.	ctg.003122F:60818-60996
ctg.003125F	142000	142197	gene,mRNA		ctg.003125F:142000-142197
ctg.003145F	110896	110983	intergenic	.	ctg.003145F:110896-110983
ctg.003184F	41289	41572	intergenic	.	ctg.003184F:41289-41572
ctg.003184F	43618	43768	gene,mRNA,exon,CDS		ctg.003184F:43618-43768
ctg.003184F	44531	45428	gene,mRNA,exon,CDS,stop_codon,polyA_signal_sequence		ctg.003184F:44531-45428
ctg.003185F	19627	19921	exon,CDS,gene,mRNA		ctg.003185F:19627-19921
ctg.003217F	78795	78924	gene,mRNA		ctg.003217F:78795-78924
ctg.003236F	1760	1821	intergenic	.	ctg.003236F:1760-1821
ctg.003259F	39950	40125	gene,mRNA		ctg.003259F:39950-40125
ctg.003280F	112230	112288	intergenic	.	ctg.003280F:112230-112288
ctg.003283F	40653	40980	intergenic	.	ctg.003283F:40653-40980
ctg.003292F	28597	28759	gene,mRNA		ctg.003292F:28597-28759
ctg.003298F	15519	15605	intergenic	.	ctg.003298F:15519-15605
ctg.003315F	108975	109046	intergenic	.	ctg.003315F:108975-109046
ctg.003323F	124321	124605	intergenic	.	ctg.003323F:124321-124605
ctg.003330F	78373	78456	intergenic	.	ctg.003330F:78373-78456
ctg.003349F	71990	72148	intergenic	.	ctg.003349F:71990-72148
ctg.003365F	58601	58688	intergenic	.	ctg.003365F:58601-58688
ctg.003369F	31551	31648	intergenic	.	ctg.003369F:31551-31648
ctg.003372F	4400	4472	intergenic	.	ctg.003372F:4400-4472
ctg.003373F	123283	123413	gene,mRNA		ctg.003373F:123283-123413
ctg.003383F	85307	85446	intergenic	.	ctg.003383F:85307-85446
ctg.003383F	85778	85871	intergenic	.	ctg.003383F:85778-85871
ctg.003397F	148738	148904	intergenic	.	ctg.003397F:148738-148904
ctg.003398F	123264	123552	gene,mRNA		ctg.003398F:123264-123552
ctg.003407F	105514	105602	intergenic	.	ctg.003407F:105514-105602
ctg.003410F	23233	23867	intergenic	.	ctg.003410F:23233-23867
ctg.003416F	116986	117036	intergenic	.	ctg.003416F:116986-117036
ctg.003418F	645	733	intergenic	.	ctg.003418F:645-733
ctg.003418F	1842	1910	start_codon,exon,CDS,gene,mRNA		ctg.003418F:1842-1910
ctg.003421F	79180	79238	intergenic	.	ctg.003421F:79180-79238
ctg.003426F	121468	121552	intergenic	.	ctg.003426F:121468-121552
ctg.003467F	10944	11258	intergenic	.	ctg.003467F:10944-11258
ctg.003467F	100292	100471	intergenic	.	ctg.003467F:100292-100471
ctg.003476F	107107	107175	gene,mRNA		ctg.003476F:107107-107175
ctg.003487F	36477	36677	gene,mRNA		ctg.003487F:36477-36677
ctg.003488F	6158	6245	intergenic	.	ctg.003488F:6158-6245
ctg.003503F	41171	41285	intergenic	.	ctg.003503F:41171-41285
ctg.003511F	81741	81837	intergenic	.	ctg.003511F:81741-81837
ctg.003521F	135035	135165	intergenic	.	ctg.003521F:135035-135165
ctg.003542F	32661	32723	intergenic	.	ctg.003542F:32661-32723
ctg.003551F	45540	45715	intergenic	.	ctg.003551F:45540-45715
ctg.003560F	135479	135577	intergenic	.	ctg.003560F:135479-135577
ctg.003628F	64319	64486	gene,mRNA		ctg.003628F:64319-64486
ctg.003630F	107316	107391	intergenic	.	ctg.003630F:107316-107391
ctg.003632F	43289	43411	gene,polyA_signal_sequence		ctg.003632F:43289-43411
ctg.003634F	94163	94237	intergenic	.	ctg.003634F:94163-94237
ctg.003708F	111497	111590	intergenic	.	ctg.003708F:111497-111590
ctg.003718F	20241	20528	gene,mRNA		ctg.003718F:20241-20528
ctg.003724F	81877	82073	intergenic	.	ctg.003724F:81877-82073
ctg.003725F	41097	41177	intergenic	.	ctg.003725F:41097-41177
ctg.003725F	41575	41667	intergenic	.	ctg.003725F:41575-41667
ctg.003729F	12849	12944	gene,mRNA		ctg.003729F:12849-12944
ctg.003729F	23545	23743	exon,CDS,stop_codon,polyA_signal_sequence,gene,mRNA		ctg.003729F:23545-23743
ctg.003732F	62566	62971	gene,polyA_signal_sequence,mRNA,stop_codon,exon,CDS		ctg.003732F:62566-62971
ctg.003749F	233	341	intergenic	.	ctg.003749F:233-341
ctg.003756F	122098	122331	gene,mRNA		ctg.003756F:122098-122331
ctg.003763F	115432	115799	gene,mRNA		ctg.003763F:115432-115799
ctg.003765F	28743	28828	intergenic	.	ctg.003765F:28743-28828
ctg.003805F	123366	123591	gene,mRNA		ctg.003805F:123366-123591
ctg.003814F	61776	62319	gene,mRNA		ctg.003814F:61776-62319
ctg.003820F	69989	70044	intergenic	.	ctg.003820F:69989-70044
ctg.003833F	5174	5358	intergenic	.	ctg.003833F:5174-5358
ctg.003844F	90532	90645	intergenic	.	ctg.003844F:90532-90645
ctg.003850F	58297	58436	gene,mRNA		ctg.003850F:58297-58436
ctg.003856F	111320	111483	gene,mRNA		ctg.003856F:111320-111483
ctg.003858F	47590	47920	intergenic	.	ctg.003858F:47590-47920
ctg.003858F	86138	86192	intergenic	.	ctg.003858F:86138-86192
ctg.003880F	64324	64416	intergenic	.	ctg.003880F:64324-64416
ctg.003882F	99495	99584	gene,mRNA		ctg.003882F:99495-99584
ctg.003882F	126881	127236	gene,mRNA		ctg.003882F:126881-127236
ctg.003885F	29122	29311	intergenic	.	ctg.003885F:29122-29311
ctg.003902F	59159	59542	intergenic	.	ctg.003902F:59159-59542
ctg.003907F	36152	36540	intergenic	.	ctg.003907F:36152-36540
ctg.003931F	108918	109159	intergenic	.	ctg.003931F:108918-109159
ctg.003938F	501	559	intergenic	.	ctg.003938F:501-559
ctg.003956F	93477	93551	intergenic	.	ctg.003956F:93477-93551
ctg.003964F	46932	47014	intergenic	.	ctg.003964F:46932-47014
ctg.003997F	30822	30950	intergenic	.	ctg.003997F:30822-30950
ctg.004010F	51783	51891	intergenic	.	ctg.004010F:51783-51891
ctg.004010F	52190	52283	intergenic	.	ctg.004010F:52190-52283
ctg.004021F	81250	81400	exon,CDS,gene,mRNA		ctg.004021F:81250-81400
ctg.004024F	65382	65527	intergenic	.	ctg.004024F:65382-65527
ctg.004029F	89178	89288	intergenic	.	ctg.004029F:89178-89288
ctg.004033F	71772	71990	intergenic	.	ctg.004033F:71772-71990
ctg.004040F	48849	49162	intergenic	.	ctg.004040F:48849-49162
ctg.004048F	76368	76796	intergenic	.	ctg.004048F:76368-76796
ctg.004065F	113802	113970	gene,mRNA		ctg.004065F:113802-113970
ctg.004068F	53600	53834	intergenic	.	ctg.004068F:53600-53834
ctg.004085F	22835	23013	intergenic	.	ctg.004085F:22835-23013
ctg.004096F	87327	87432	intergenic	.	ctg.004096F:87327-87432
ctg.004105F	57469	57613	intergenic	.	ctg.004105F:57469-57613
ctg.004105F	91677	91756	intergenic	.	ctg.004105F:91677-91756
ctg.004128F	109080	109138	intergenic	.	ctg.004128F:109080-109138
ctg.004146F	52779	52842	gene,mRNA		ctg.004146F:52779-52842
ctg.004166F	45588	45852	intergenic	.	ctg.004166F:45588-45852
ctg.004180F	4766	4997	intergenic	.	ctg.004180F:4766-4997
ctg.004196F	11045	11169	intergenic	.	ctg.004196F:11045-11169
ctg.004196F	74228	74297	gene,mRNA		ctg.004196F:74228-74297
ctg.004196F	88430	88532	gene,mRNA		ctg.004196F:88430-88532
ctg.004196F	88828	88897	gene,mRNA		ctg.004196F:88828-88897
ctg.004220F	52258	52501	intergenic	.	ctg.004220F:52258-52501
ctg.004265F	96972	97074	intergenic	.	ctg.004265F:96972-97074
ctg.004272F	18930	19068	intergenic	.	ctg.004272F:18930-19068
ctg.004275F	65645	65839	intergenic	.	ctg.004275F:65645-65839
ctg.004296F	55248	55310	intergenic	.	ctg.004296F:55248-55310
ctg.004297F	83625	83685	intergenic	.	ctg.004297F:83625-83685
ctg.004322F	67831	67987	intergenic	.	ctg.004322F:67831-67987
ctg.004353F	11218	11530	intergenic	.	ctg.004353F:11218-11530
ctg.004367F	90412	90497	intergenic	.	ctg.004367F:90412-90497
ctg.004370F	114012	114179	gene,mRNA		ctg.004370F:114012-114179
ctg.004401F	30054	30182	gene,mRNA		ctg.004401F:30054-30182
ctg.004411F	98265	98668	intergenic	.	ctg.004411F:98265-98668
ctg.004413F	11188	11269	intergenic	.	ctg.004413F:11188-11269
ctg.004413F	77772	77859	intergenic	.	ctg.004413F:77772-77859
ctg.004416F	69806	69863	intergenic	.	ctg.004416F:69806-69863
ctg.004421F	98791	98863	intergenic	.	ctg.004421F:98791-98863
ctg.004437F	100082	100152	gene,mRNA		ctg.004437F:100082-100152
ctg.004473F	64269	64404	gene,mRNA		ctg.004473F:64269-64404
ctg.004479F	101473	101818	gene,mRNA		ctg.004479F:101473-101818
ctg.004517F	102089	102158	intergenic	.	ctg.004517F:102089-102158
ctg.004518F	67547	67641	gene,mRNA		ctg.004518F:67547-67641
ctg.004522F	61726	61846	intergenic	.	ctg.004522F:61726-61846
ctg.004533F	82932	83141	intergenic	.	ctg.004533F:82932-83141
ctg.004533F	90440	91153	intergenic	.	ctg.004533F:90440-91153
ctg.004541F	106083	106304	gene,mRNA		ctg.004541F:106083-106304
ctg.004542F	68132	68187	intergenic	.	ctg.004542F:68132-68187
ctg.004547F	74703	74858	gene,mRNA		ctg.004547F:74703-74858
ctg.004549F	47870	48006	gene,mRNA		ctg.004549F:47870-48006
ctg.004595F	79408	79558	gene,mRNA,exon,CDS		ctg.004595F:79408-79558
ctg.004595F	80008	80760	gene,mRNA,exon,CDS,exon,CDS		ctg.004595F:80008-80760
ctg.004597F	11201	11399	intergenic	.	ctg.004597F:11201-11399
ctg.004597F	11602	11697	intergenic	.	ctg.004597F:11602-11697
ctg.004638F	20115	20228	intergenic	.	ctg.004638F:20115-20228
ctg.004675F	105276	105405	intergenic	.	ctg.004675F:105276-105405
ctg.004696F	65936	66071	intergenic	.	ctg.004696F:65936-66071
ctg.004710F	108561	108650	gene,mRNA		ctg.004710F:108561-108650
ctg.004712F	79672	80010	intergenic	.	ctg.004712F:79672-80010
ctg.004732F	45340	45568	intergenic	.	ctg.004732F:45340-45568
ctg.004746F	82826	82908	intergenic	.	ctg.004746F:82826-82908
ctg.004759F	40471	40574	gene,mRNA		ctg.004759F:40471-40574
ctg.004806F	100341	100631	intergenic	.	ctg.004806F:100341-100631
ctg.004808F	14397	14460	intergenic	.	ctg.004808F:14397-14460
ctg.004853F	13101	13160	intergenic	.	ctg.004853F:13101-13160
ctg.004879F	6610	6763	gene,mRNA		ctg.004879F:6610-6763
ctg.004890F	22171	22225	intergenic	.	ctg.004890F:22171-22225
ctg.004893F	66203	66278	intergenic	.	ctg.004893F:66203-66278
ctg.004949F	11012	11080	gene,mRNA		ctg.004949F:11012-11080
ctg.004951F	96413	96556	intergenic	.	ctg.004951F:96413-96556
ctg.004951F	96971	97215	intergenic	.	ctg.004951F:96971-97215
ctg.004954F	13778	13990	intergenic	.	ctg.004954F:13778-13990
ctg.004987F	67995	68168	gene,mRNA		ctg.004987F:67995-68168
ctg.004987F	83774	83856	gene,mRNA		ctg.004987F:83774-83856
ctg.004996F	59248	59735	intergenic	.	ctg.004996F:59248-59735
ctg.005010F	93737	93880	intergenic	.	ctg.005010F:93737-93880
ctg.005035F	2918	3200	intergenic	.	ctg.005035F:2918-3200
ctg.005062F	72056	72315	gene,mRNA		ctg.005062F:72056-72315
ctg.005062F	72559	72697	gene,mRNA		ctg.005062F:72559-72697
ctg.005082F	43364	43418	intergenic	.	ctg.005082F:43364-43418
ctg.005089F	33042	33187	intergenic	.	ctg.005089F:33042-33187
ctg.005091F	85543	85706	intergenic	.	ctg.005091F:85543-85706
ctg.005091F	94116	94256	intergenic	.	ctg.005091F:94116-94256
ctg.005093F	80949	81204	gene,mRNA		ctg.005093F:80949-81204
ctg.005095F	102194	102362	intergenic	.	ctg.005095F:102194-102362
ctg.005109F	86012	86104	intergenic	.	ctg.005109F:86012-86104
ctg.005109F	92348	92475	intergenic	.	ctg.005109F:92348-92475
ctg.005118F	87194	87357	exon,CDS,gene,mRNA		ctg.005118F:87194-87357
ctg.005119F	63506	63782	intergenic	.	ctg.005119F:63506-63782
ctg.005133F	44072	44325	intergenic	.	ctg.005133F:44072-44325
ctg.005140F	10503	10692	intergenic	.	ctg.005140F:10503-10692
ctg.005155F	98392	98770	intergenic	.	ctg.005155F:98392-98770
ctg.005158F	26564	26770	intergenic	.	ctg.005158F:26564-26770
ctg.005169F	11159	11458	intergenic	.	ctg.005169F:11159-11458
ctg.005183F	45308	45423	intergenic	.	ctg.005183F:45308-45423
ctg.005197F	705	777	intergenic	.	ctg.005197F:705-777
ctg.005209F	18505	18702	intergenic	.	ctg.005209F:18505-18702
ctg.005237F	66567	66776	intergenic	.	ctg.005237F:66567-66776
ctg.005316F	19194	19467	intergenic	.	ctg.005316F:19194-19467
ctg.005325F	31021	31572	start_codon,exon,CDS,gene,mRNA		ctg.005325F:31021-31572
ctg.005364F	88917	89224	intergenic	.	ctg.005364F:88917-89224
ctg.005390F	18021	18247	intergenic	.	ctg.005390F:18021-18247
ctg.005392F	3730	3945	intergenic	.	ctg.005392F:3730-3945
ctg.005401F	35758	35810	intergenic	.	ctg.005401F:35758-35810
ctg.005421F	56119	56196	intergenic	.	ctg.005421F:56119-56196
ctg.005432F	61609	61724	gene,mRNA		ctg.005432F:61609-61724
ctg.005438F	42328	42381	intergenic	.	ctg.005438F:42328-42381
ctg.005441F	74970	75046	intergenic	.	ctg.005441F:74970-75046
ctg.005445F	54760	54846	intergenic	.	ctg.005445F:54760-54846
ctg.005446F	43476	43594	intergenic	.	ctg.005446F:43476-43594
ctg.005446F	44561	44636	intergenic	.	ctg.005446F:44561-44636
ctg.005449F	64003	64112	intergenic	.	ctg.005449F:64003-64112
ctg.005466F	23356	23706	gene,mRNA		ctg.005466F:23356-23706
ctg.005471F	81230	81466	intergenic	.	ctg.005471F:81230-81466
ctg.005476F	63388	63529	intergenic	.	ctg.005476F:63388-63529
ctg.005478F	51792	51871	gene,mRNA		ctg.005478F:51792-51871
ctg.005478F	52139	52218	gene,mRNA		ctg.005478F:52139-52218
ctg.005491F	40250	40328	gene,mRNA		ctg.005491F:40250-40328
ctg.005493F	15506	15904	intergenic	.	ctg.005493F:15506-15904
ctg.005505F	35702	35853	intergenic	.	ctg.005505F:35702-35853
ctg.005515F	75223	75526	intergenic	.	ctg.005515F:75223-75526
ctg.005561F	8063	8154	intergenic	.	ctg.005561F:8063-8154
ctg.005610F	76984	77165	intergenic	.	ctg.005610F:76984-77165
ctg.005612F	38278	38395	intergenic	.	ctg.005612F:38278-38395
ctg.005612F	38664	38756	intergenic	.	ctg.005612F:38664-38756
ctg.005612F	39514	39576	intergenic	.	ctg.005612F:39514-39576
ctg.005613F	23298	23565	intergenic	.	ctg.005613F:23298-23565
ctg.005614F	6461	6563	intergenic	.	ctg.005614F:6461-6563
ctg.005655F	45850	46025	intergenic	.	ctg.005655F:45850-46025
ctg.005726F	90873	91372	intergenic	.	ctg.005726F:90873-91372
ctg.005741F	16898	16973	intergenic	.	ctg.005741F:16898-16973
ctg.005741F	17788	17919	intergenic	.	ctg.005741F:17788-17919
ctg.005774F	60502	60572	intergenic	.	ctg.005774F:60502-60572
ctg.005778F	14643	14704	gene,mRNA		ctg.005778F:14643-14704
ctg.005808F	2894	3025	intergenic	.	ctg.005808F:2894-3025
ctg.005813F	61061	61361	gene,mRNA		ctg.005813F:61061-61361
ctg.005823F	54252	54398	intergenic	.	ctg.005823F:54252-54398
ctg.005836F	17820	18049	intergenic	.	ctg.005836F:17820-18049
ctg.005869F	76143	76340	intergenic	.	ctg.005869F:76143-76340
ctg.005879F	43074	43180	intergenic	.	ctg.005879F:43074-43180
ctg.005879F	44051	44161	intergenic	.	ctg.005879F:44051-44161
ctg.005894F	3746	3974	intergenic	.	ctg.005894F:3746-3974
ctg.005894F	42892	43046	intergenic	.	ctg.005894F:42892-43046
ctg.005926F	57100	57163	intergenic	.	ctg.005926F:57100-57163
ctg.005936F	48830	48941	intergenic	.	ctg.005936F:48830-48941
ctg.005940F	90941	91065	intergenic	.	ctg.005940F:90941-91065
ctg.005946F	87796	87983	intergenic	.	ctg.005946F:87796-87983
ctg.005969F	65357	65435	intergenic	.	ctg.005969F:65357-65435
ctg.005973F	24616	24668	intergenic	.	ctg.005973F:24616-24668
ctg.005992F	35276	35604	gene,mRNA		ctg.005992F:35276-35604
ctg.005998F	29323	29411	intergenic	.	ctg.005998F:29323-29411
ctg.005999F	13779	13893	intergenic	.	ctg.005999F:13779-13893
ctg.006010F	54430	54688	gene,mRNA		ctg.006010F:54430-54688
ctg.006016F	18995	19078	intergenic	.	ctg.006016F:18995-19078
ctg.006019F	22386	22584	intergenic	.	ctg.006019F:22386-22584
ctg.006027F	93684	93887	intergenic	.	ctg.006027F:93684-93887
ctg.006038F	22815	22951	gene,mRNA		ctg.006038F:22815-22951
ctg.006073F	23148	23309	gene,mRNA		ctg.006073F:23148-23309
ctg.006073F	23656	23712	gene,mRNA		ctg.006073F:23656-23712
ctg.006073F	23935	23987	gene,mRNA		ctg.006073F:23935-23987
ctg.006073F	24835	25170	gene,mRNA		ctg.006073F:24835-25170
ctg.006075F	27357	27577	intergenic	.	ctg.006075F:27357-27577
ctg.006076F	55848	56350	gene,mRNA		ctg.006076F:55848-56350
ctg.006131F	7768	7916	gene,mRNA		ctg.006131F:7768-7916
ctg.006138F	4268	4335	intergenic	.	ctg.006138F:4268-4335
ctg.006213F	58734	59113	intergenic	.	ctg.006213F:58734-59113
ctg.006225F	79640	79886	gene,mRNA		ctg.006225F:79640-79886
ctg.006249F	44085	44342	intergenic	.	ctg.006249F:44085-44342
ctg.006267F	72773	72956	intergenic	.	ctg.006267F:72773-72956
ctg.006273F	13226	13300	intergenic	.	ctg.006273F:13226-13300
ctg.006275F	38417	38491	intergenic	.	ctg.006275F:38417-38491
ctg.006275F	47334	47641	gene,mRNA		ctg.006275F:47334-47641
ctg.006280F	34879	35087	intergenic	.	ctg.006280F:34879-35087
ctg.006308F	28067	28255	intergenic	.	ctg.006308F:28067-28255
ctg.006322F	31895	32015	intergenic	.	ctg.006322F:31895-32015
ctg.006370F	39307	39488	intergenic	.	ctg.006370F:39307-39488
ctg.006390F	79409	79469	gene,mRNA		ctg.006390F:79409-79469
ctg.006418F	75048	75124	gene,mRNA		ctg.006418F:75048-75124
ctg.006421F	34434	34626	intergenic	.	ctg.006421F:34434-34626
ctg.006423F	70751	70832	intergenic	.	ctg.006423F:70751-70832
ctg.006431F	53556	53617	intergenic	.	ctg.006431F:53556-53617
ctg.006435F	17611	17734	gene,mRNA		ctg.006435F:17611-17734
ctg.006455F	19825	20002	intergenic	.	ctg.006455F:19825-20002
ctg.006485F	69594	69645	gene,mRNA		ctg.006485F:69594-69645
ctg.006486F	10974	11108	intergenic	.	ctg.006486F:10974-11108
ctg.006497F	72740	72945	intergenic	.	ctg.006497F:72740-72945
ctg.006527F	8655	8903	intergenic	.	ctg.006527F:8655-8903
ctg.006553F	77499	77725	intergenic	.	ctg.006553F:77499-77725
ctg.006589F	39623	39683	intergenic	.	ctg.006589F:39623-39683
ctg.006589F	44604	44803	intergenic	.	ctg.006589F:44604-44803
ctg.006592F	12800	12965	gene,mRNA		ctg.006592F:12800-12965
ctg.006597F	8749	8962	gene,mRNA		ctg.006597F:8749-8962
ctg.006613F	9666	9850	gene,mRNA		ctg.006613F:9666-9850
ctg.006613F	41918	42106	intergenic	.	ctg.006613F:41918-42106
ctg.006633F	67001	67278	intergenic	.	ctg.006633F:67001-67278
ctg.006653F	40711	40998	gene,mRNA		ctg.006653F:40711-40998
ctg.006663F	491	575	intergenic	.	ctg.006663F:491-575
ctg.006670F	13562	13630	intergenic	.	ctg.006670F:13562-13630
ctg.006673F	69550	69690	intergenic	.	ctg.006673F:69550-69690
ctg.006680F	54562	54710	intergenic	.	ctg.006680F:54562-54710
ctg.006693F	69638	70110	intergenic	.	ctg.006693F:69638-70110
ctg.006716F	47719	47956	intergenic	.	ctg.006716F:47719-47956
ctg.006717F	10063	10266	intergenic	.	ctg.006717F:10063-10266
ctg.006746F	12260	12344	intergenic	.	ctg.006746F:12260-12344
ctg.006789F	43674	43766	start_codon,exon,CDS,gene,mRNA		ctg.006789F:43674-43766
ctg.006815F	35233	35492	gene,mRNA		ctg.006815F:35233-35492
ctg.006865F	21087	21174	intergenic	.	ctg.006865F:21087-21174
ctg.006886F	17227	17381	intergenic	.	ctg.006886F:17227-17381
ctg.006889F	36840	37002	intergenic	.	ctg.006889F:36840-37002
ctg.006913F	44314	44734	intergenic	.	ctg.006913F:44314-44734
ctg.006917F	55108	55194	intergenic	.	ctg.006917F:55108-55194
ctg.006932F	46074	46140	intergenic	.	ctg.006932F:46074-46140
ctg.006932F	51695	51893	intergenic	.	ctg.006932F:51695-51893
ctg.006935F	40170	40374	intergenic	.	ctg.006935F:40170-40374
ctg.006956F	45955	46374	intergenic	.	ctg.006956F:45955-46374
ctg.006972F	24817	25327	gene,mRNA		ctg.006972F:24817-25327
ctg.007000F	54567	54719	intergenic	.	ctg.007000F:54567-54719
ctg.007001F	78018	78168	intergenic	.	ctg.007001F:78018-78168
ctg.007020F	64078	64173	intergenic	.	ctg.007020F:64078-64173
ctg.007053F	19652	19798	gene,mRNA		ctg.007053F:19652-19798
ctg.007097F	25288	25378	intergenic	.	ctg.007097F:25288-25378
ctg.007102F	12423	12631	intergenic	.	ctg.007102F:12423-12631
ctg.007104F	34210	34445	intergenic	.	ctg.007104F:34210-34445
ctg.007145F	15956	16109	intergenic	.	ctg.007145F:15956-16109
ctg.007165F	7217	7299	gene,mRNA		ctg.007165F:7217-7299
ctg.007368F	66862	66940	intergenic	.	ctg.007368F:66862-66940
ctg.007390F	50954	51057	gene,mRNA		ctg.007390F:50954-51057
ctg.007421F	65009	65336	intergenic	.	ctg.007421F:65009-65336
ctg.007433F	33030	33086	gene,mRNA		ctg.007433F:33030-33086
ctg.007433F	63229	63422	gene,mRNA		ctg.007433F:63229-63422
ctg.007446F	66808	66898	intergenic	.	ctg.007446F:66808-66898
ctg.007446F	67264	67403	intergenic	.	ctg.007446F:67264-67403
ctg.007452F	49217	49281	intergenic	.	ctg.007452F:49217-49281
ctg.007472F	69439	69644	intergenic	.	ctg.007472F:69439-69644
ctg.007486F	128	355	intergenic	.	ctg.007486F:128-355
ctg.007521F	15938	16111	intergenic	.	ctg.007521F:15938-16111
ctg.007522F	19419	19819	gene,mRNA		ctg.007522F:19419-19819
ctg.007576F	60939	61158	intergenic	.	ctg.007576F:60939-61158
ctg.007577F	69921	69999	intergenic	.	ctg.007577F:69921-69999
ctg.007578F	67780	67919	intergenic	.	ctg.007578F:67780-67919
ctg.007581F	58454	58668	intergenic	.	ctg.007581F:58454-58668
ctg.007653F	10365	10485	intergenic	.	ctg.007653F:10365-10485
ctg.007654F	60951	61001	intergenic	.	ctg.007654F:60951-61001
ctg.007680F	29327	29409	intergenic	.	ctg.007680F:29327-29409
ctg.007684F	62385	62456	gene,mRNA		ctg.007684F:62385-62456
ctg.007716F	18786	19214	intergenic	.	ctg.007716F:18786-19214
ctg.007806F	47515	47775	intergenic	.	ctg.007806F:47515-47775
ctg.007870F	16601	17041	intergenic	.	ctg.007870F:16601-17041
ctg.007886F	5186	5346	intergenic	.	ctg.007886F:5186-5346
ctg.007886F	17874	18368	gene,mRNA		ctg.007886F:17874-18368
ctg.007891F	50263	50370	gene,mRNA		ctg.007891F:50263-50370
ctg.007892F	31908	32030	gene,mRNA		ctg.007892F:31908-32030
ctg.007938F	31282	31434	intergenic	.	ctg.007938F:31282-31434
ctg.007946F	85716	85904	intergenic	.	ctg.007946F:85716-85904
ctg.007964F	30519	30635	intergenic	.	ctg.007964F:30519-30635
ctg.007996F	5009	5454	gene,mRNA		ctg.007996F:5009-5454
ctg.008008F	30483	30685	intergenic	.	ctg.008008F:30483-30685
ctg.008058F	22361	22648	intergenic	.	ctg.008058F:22361-22648
ctg.008102F	59650	59729	gene,mRNA		ctg.008102F:59650-59729
ctg.008107F	13286	13394	intergenic	.	ctg.008107F:13286-13394
ctg.008155F	35661	35752	intergenic	.	ctg.008155F:35661-35752
ctg.008247F	15728	15868	intergenic	.	ctg.008247F:15728-15868
ctg.008276F	1826	2008	intergenic	.	ctg.008276F:1826-2008
ctg.008286F	4052	4102	gene,mRNA		ctg.008286F:4052-4102
ctg.008300F	15646	15723	intergenic	.	ctg.008300F:15646-15723
ctg.008302F	43836	43908	intergenic	.	ctg.008302F:43836-43908
ctg.008307F	15855	15952	intergenic	.	ctg.008307F:15855-15952
ctg.008374F	63555	63648	intergenic	.	ctg.008374F:63555-63648
ctg.008413F	36320	36512	gene,mRNA		ctg.008413F:36320-36512
ctg.008423F	28401	28627	gene,mRNA		ctg.008423F:28401-28627
ctg.008433F	34669	34859	intergenic	.	ctg.008433F:34669-34859
ctg.008473F	5752	5974	intergenic	.	ctg.008473F:5752-5974
ctg.008490F	33055	33231	gene,mRNA		ctg.008490F:33055-33231
ctg.008494F	40237	40330	gene,mRNA		ctg.008494F:40237-40330
ctg.008544F	23969	24055	intergenic	.	ctg.008544F:23969-24055
ctg.008552F	63928	64078	gene,mRNA		ctg.008552F:63928-64078
ctg.008568F	20566	20964	intergenic	.	ctg.008568F:20566-20964
ctg.008622F	21432	21684	intergenic	.	ctg.008622F:21432-21684
ctg.008642F	28913	29439	gene,mRNA,exon,CDS,stop_codon,polyA_signal_sequence		ctg.008642F:28913-29439
ctg.008651F	45528	45578	intergenic	.	ctg.008651F:45528-45578
ctg.008671F	41946	42075	intergenic	.	ctg.008671F:41946-42075
ctg.008723F	2388	2446	intergenic	.	ctg.008723F:2388-2446
ctg.008731F	26791	27473	gene,mRNA		ctg.008731F:26791-27473
ctg.008732F	52097	52331	gene,mRNA		ctg.008732F:52097-52331
ctg.008736F	41610	41734	intergenic	.	ctg.008736F:41610-41734
ctg.008737F	50774	50965	intergenic	.	ctg.008737F:50774-50965
ctg.008753F	2661	2832	intergenic	.	ctg.008753F:2661-2832
ctg.008754F	30708	30949	intergenic	.	ctg.008754F:30708-30949
ctg.008770F	37299	37450	intergenic	.	ctg.008770F:37299-37450
ctg.008771F	34284	34346	gene,mRNA		ctg.008771F:34284-34346
ctg.008777F	31945	32059	gene,mRNA		ctg.008777F:31945-32059
ctg.008777F	32891	32957	gene,mRNA		ctg.008777F:32891-32957
ctg.008792F	3889	4225	intergenic	.	ctg.008792F:3889-4225
ctg.008810F	51438	51494	intergenic	.	ctg.008810F:51438-51494
ctg.008819F	16425	16569	gene,mRNA		ctg.008819F:16425-16569
ctg.008821F	18553	18709	intergenic	.	ctg.008821F:18553-18709
ctg.008829F	54125	54255	gene,mRNA,exon,CDS		ctg.008829F:54125-54255
ctg.008829F	54726	54997	gene,mRNA,exon,CDS		ctg.008829F:54726-54997
ctg.008865F	18095	18347	intergenic	.	ctg.008865F:18095-18347
ctg.008946F	36076	36271	intergenic	.	ctg.008946F:36076-36271
ctg.008960F	20104	20244	intergenic	.	ctg.008960F:20104-20244
ctg.009002F	37130	37339	gene,mRNA		ctg.009002F:37130-37339
ctg.009002F	39985	40113	gene,mRNA		ctg.009002F:39985-40113
ctg.009012F	36321	36447	intergenic	.	ctg.009012F:36321-36447
ctg.009030F	624	698	intergenic	.	ctg.009030F:624-698
ctg.009055F	53007	53081	intergenic	.	ctg.009055F:53007-53081
ctg.009095F	41924	41974	intergenic	.	ctg.009095F:41924-41974
ctg.009101F	33140	33659	gene,mRNA		ctg.009101F:33140-33659
ctg.009109F	2793	3092	intergenic	.	ctg.009109F:2793-3092
ctg.009129F	40796	40879	gene,mRNA		ctg.009129F:40796-40879
ctg.009163F	10595	10657	gene,mRNA		ctg.009163F:10595-10657
ctg.009213F	48847	48915	intergenic	.	ctg.009213F:48847-48915
ctg.009251F	31808	31933	intergenic	.	ctg.009251F:31808-31933
ctg.009294F	41529	41670	gene,mRNA		ctg.009294F:41529-41670
ctg.009313F	8485	8665	gene,mRNA		ctg.009313F:8485-8665
ctg.009313F	8979	9131	gene,mRNA		ctg.009313F:8979-9131
ctg.009346F	15027	15102	intergenic	.	ctg.009346F:15027-15102
ctg.009383F	15920	15991	intergenic	.	ctg.009383F:15920-15991
ctg.009391F	17528	17752	intergenic	.	ctg.009391F:17528-17752
ctg.009446F	40167	40236	intergenic	.	ctg.009446F:40167-40236
ctg.009548F	42231	42484	gene,mRNA		ctg.009548F:42231-42484
ctg.009570F	32159	32468	intergenic	.	ctg.009570F:32159-32468
ctg.009620F	18221	18344	intergenic	.	ctg.009620F:18221-18344
ctg.009720F	3519	3932	intergenic	.	ctg.009720F:3519-3932
ctg.009763F	4114	4284	intergenic	.	ctg.009763F:4114-4284
ctg.009772F	22783	22976	gene,mRNA		ctg.009772F:22783-22976
ctg.009842F	22541	22660	intergenic	.	ctg.009842F:22541-22660
ctg.009863F	24467	24549	intergenic	.	ctg.009863F:24467-24549
ctg.009868F	43160	43330	intergenic	.	ctg.009868F:43160-43330
ctg.009914F	15176	15399	intergenic	.	ctg.009914F:15176-15399
ctg.009937F	9196	9499	gene,polyA_signal_sequence,polyA_signal_sequence,gene		ctg.009937F:9196-9499
ctg.009948F	2311	2442	gene,mRNA		ctg.009948F:2311-2442
ctg.010002F	27182	27392	gene,mRNA		ctg.010002F:27182-27392
ctg.010141F	11540	11594	gene,mRNA		ctg.010141F:11540-11594
ctg.010178F	18788	19294	intergenic	.	ctg.010178F:18788-19294
ctg.010230F	15592	15960	intergenic	.	ctg.010230F:15592-15960
ctg.010345F	25748	25922	intergenic	.	ctg.010345F:25748-25922
ctg.010468F	23792	24092	intergenic	.	ctg.010468F:23792-24092
