Chromosome	Start	End	Feature_Type	Details	Reads
contig_10000	850057	850376	intergenic	.	contig_10000:850057-850376
contig_10000	1659631	1659880	intergenic	.	contig_10000:1659631-1659880
contig_10023	73740	73905	gene,mRNA	.	contig_10023:73740-73905,contig_10023:73740-73905
contig_10023	295528	296186	gene,mRNA	.	contig_10023:295528-296186,contig_10023:295528-296186
contig_10023	317992	318675	gene,mRNA,stop_codon,exon,CDS,start_codon	.	contig_10023:317992-318675,contig_10023:317992-318675,contig_10023:317992-318675,contig_10023:317992-318675,contig_10023:317992-318675,contig_10023:317992-318675
contig_10023	318546	318675	intergenic	.	contig_10023:318546-318675
contig_10023	507390	507608	intergenic	.	contig_10023:507390-507608
contig_10030	12636	13009	gene,mRNA	.	contig_10030:12636-13009,contig_10030:12636-13009
contig_10030	251245	251307	intergenic	.	contig_10030:251245-251307
contig_10030	482367	482912	intergenic	.	contig_10030:482367-482912
contig_10030	514797	515270	gene,mRNA	.	contig_10030:514797-515270,contig_10030:514797-515270
contig_10084	96901	97000	intergenic	.	contig_10084:96901-97000
contig_10084	125634	126028	intergenic	.	contig_10084:125634-126028
contig_10084	147274	147361	intergenic	.	contig_10084:147274-147361
contig_10084	193276	193450	intergenic	.	contig_10084:193276-193450
contig_10084	437783	438002	intergenic	.	contig_10084:437783-438002
contig_10139	12248	12398	gene,mRNA,exon,CDS	.	contig_10139:12248-12398,contig_10139:12248-12398,contig_10139:12248-12398,contig_10139:12248-12398
contig_10151	696155	696445	intergenic	.	contig_10151:696155-696445
contig_10151	698558	698754	intergenic	.	contig_10151:698558-698754
contig_10151	925388	925508	intergenic	.	contig_10151:925388-925508
contig_10151	1103563	1103738	intergenic	.	contig_10151:1103563-1103738
contig_10151	1880819	1880930	gene,mRNA	.	contig_10151:1880819-1880930,contig_10151:1880819-1880930
contig_10151	2019397	2019511	intergenic	.	contig_10151:2019397-2019511
contig_10174	158536	158726	intergenic	.	contig_10174:158536-158726
contig_10174	342739	343122	intergenic	.	contig_10174:342739-343122
contig_10174	383055	383703	intergenic	.	contig_10174:383055-383703
contig_10174	460018	460336	intergenic	.	contig_10174:460018-460336
contig_10194	47368	47763	intergenic	.	contig_10194:47368-47763
contig_10211	511338	511426	intergenic	.	contig_10211:511338-511426
contig_10211	1401904	1402281	intergenic	.	contig_10211:1401904-1402281
contig_10229	222020	222172	gene,mRNA	.	contig_10229:222020-222172,contig_10229:222020-222172
contig_10236	10337	10616	intergenic	.	contig_10236:10337-10616
contig_10236	212930	213097	intergenic	.	contig_10236:212930-213097
contig_10236	1036453	1036612	intergenic	.	contig_10236:1036453-1036612
contig_10236	1083429	1083494	intergenic	.	contig_10236:1083429-1083494
contig_10236	1233195	1233246	gene,mRNA	.	contig_10236:1233195-1233246,contig_10236:1233195-1233246
contig_10236	1304054	1304232	intergenic	.	contig_10236:1304054-1304232
contig_1026	1539434	1539573	intergenic	.	contig_1026:1539434-1539573
contig_1028	112143	112402	intergenic	.	contig_1028:112143-112402
contig_1028	282482	282948	intergenic	.	contig_1028:282482-282948
contig_1028	619123	619221	intergenic	.	contig_1028:619123-619221
contig_1028	627539	627782	intergenic	.	contig_1028:627539-627782
contig_10327	59027	59408	gene,mRNA	.	contig_10327:59027-59408,contig_10327:59027-59408
contig_10327	76303	76399	exon,CDS,gene,mRNA	.	contig_10327:76303-76399,contig_10327:76303-76399,contig_10327:76303-76399,contig_10327:76303-76399
contig_10327	622205	622272	intergenic	.	contig_10327:622205-622272
contig_10327	676412	676710	intergenic	.	contig_10327:676412-676710
contig_10327	802193	802683	gene,mRNA	.	contig_10327:802193-802683,contig_10327:802193-802683
contig_10327	819892	820090	intergenic	.	contig_10327:819892-820090
contig_1033	542602	542798	intergenic	.	contig_1033:542602-542798
contig_1033	562110	562162	intergenic	.	contig_1033:562110-562162
contig_1033	588925	589465	gene,mRNA	.	contig_1033:588925-589465,contig_1033:588925-589465
contig_1033	897834	898357	intergenic	.	contig_1033:897834-898357
contig_10355	20203	20376	intergenic	.	contig_10355:20203-20376
contig_10355	218062	218143	intergenic	.	contig_10355:218062-218143
contig_10360	18545	18714	intergenic	.	contig_10360:18545-18714
contig_10360	344856	345185	intergenic	.	contig_10360:344856-345185
contig_10360	485827	486204	intergenic	.	contig_10360:485827-486204
contig_10360	490212	490275	intergenic	.	contig_10360:490212-490275
contig_10360	742448	742552	gene,mRNA	.	contig_10360:742448-742552,contig_10360:742448-742552
contig_10385	278676	278859	gene,mRNA	.	contig_10385:278676-278859,contig_10385:278676-278859
contig_10385	316238	316306	gene	.	contig_10385:316238-316306
contig_10392	1699035	1699120	intergenic	.	contig_10392:1699035-1699120
contig_10392	2377817	2377939	intergenic	.	contig_10392:2377817-2377939
contig_10392	2536979	2537086	intergenic	.	contig_10392:2536979-2537086
contig_10392	2615605	2615703	intergenic	.	contig_10392:2615605-2615703
contig_10392	2727703	2727879	gene,mRNA	.	contig_10392:2727703-2727879,contig_10392:2727703-2727879
contig_104	404411	404830	gene,mRNA	.	contig_104:404411-404830,contig_104:404411-404830
contig_104	491386	491516	intergenic	.	contig_104:491386-491516
contig_104	1160228	1160598	intergenic	.	contig_104:1160228-1160598
contig_10400	54667	54848	intergenic	.	contig_10400:54667-54848
contig_10400	109924	110140	intergenic	.	contig_10400:109924-110140
contig_10411	11789	11953	intergenic	.	contig_10411:11789-11953
contig_10411	12288	12805	intergenic	.	contig_10411:12288-12805
contig_10474	136296	136457	exon,CDS,gene,mRNA	.	contig_10474:136296-136457,contig_10474:136296-136457,contig_10474:136296-136457,contig_10474:136296-136457
contig_10484	49755	50036	gene,mRNA	.	contig_10484:49755-50036,contig_10484:49755-50036
contig_10492	29648	29949	intergenic	.	contig_10492:29648-29949
contig_10492	166216	166581	intergenic	.	contig_10492:166216-166581
contig_10492	167136	167327	intergenic	.	contig_10492:167136-167327
contig_10492	370143	370368	intergenic	.	contig_10492:370143-370368
contig_10492	529482	529804	intergenic	.	contig_10492:529482-529804
contig_10492	869330	869416	intergenic	.	contig_10492:869330-869416
contig_10492	892007	892091	intergenic	.	contig_10492:892007-892091
contig_10496	37615	37842	intergenic	.	contig_10496:37615-37842
contig_1053	79425	79630	intergenic	.	contig_1053:79425-79630
contig_1053	657571	657714	gene,mRNA	.	contig_1053:657571-657714,contig_1053:657571-657714
contig_1053	754874	755230	intergenic	.	contig_1053:754874-755230
contig_10537	58619	58791	intergenic	.	contig_10537:58619-58791
contig_1054	589103	589538	intergenic	.	contig_1054:589103-589538
contig_1054	708578	708673	intergenic	.	contig_1054:708578-708673
contig_1054	1194785	1194861	intergenic	.	contig_1054:1194785-1194861
contig_1054	1561888	1561943	intergenic	.	contig_1054:1561888-1561943
contig_10543	17273	17351	intergenic	.	contig_10543:17273-17351
contig_10543	17566	17840	intergenic	.	contig_10543:17566-17840
contig_10559	25322	25560	intergenic	.	contig_10559:25322-25560
contig_10559	81253	81616	intergenic	.	contig_10559:81253-81616
contig_10559	331129	331262	intergenic	.	contig_10559:331129-331262
contig_10559	571461	571704	intergenic	.	contig_10559:571461-571704
contig_10559	632922	633019	intergenic	.	contig_10559:632922-633019
contig_10559	662934	663097	intergenic	.	contig_10559:662934-663097
contig_10569	77478	77714	intergenic	.	contig_10569:77478-77714
contig_10569	236955	237048	intergenic	.	contig_10569:236955-237048
contig_10569	717391	717810	intergenic	.	contig_10569:717391-717810
contig_10569	993597	994087	intergenic	.	contig_10569:993597-994087
contig_10569	1027456	1027692	intergenic	.	contig_10569:1027456-1027692
contig_10569	1121428	1121577	intergenic	.	contig_10569:1121428-1121577
contig_10579	245915	246124	gene,mRNA	.	contig_10579:245915-246124,contig_10579:245915-246124
contig_10579	482061	482294	intergenic	.	contig_10579:482061-482294
contig_10638	281876	282108	intergenic	.	contig_10638:281876-282108
contig_10638	1497587	1497803	intergenic	.	contig_10638:1497587-1497803
contig_10638	2043337	2043582	intergenic	.	contig_10638:2043337-2043582
contig_10638	2399174	2399324	gene,mRNA,exon,CDS	.	contig_10638:2399174-2399324,contig_10638:2399174-2399324,contig_10638:2399174-2399324,contig_10638:2399174-2399324
contig_10658	220462	220590	intergenic	.	contig_10658:220462-220590
contig_10658	220462	220817	gene,mRNA,start_codon,exon,CDS	.	contig_10658:220462-220817,contig_10658:220462-220817,contig_10658:220462-220817,contig_10658:220462-220817,contig_10658:220462-220817
contig_10703	51076	51185	intergenic	.	contig_10703:51076-51185
contig_10718	637158	637475	intergenic	.	contig_10718:637158-637475
contig_10718	638240	638291	intergenic	.	contig_10718:638240-638291
contig_10723	91521	91722	gene,mRNA	.	contig_10723:91521-91722,contig_10723:91521-91722
contig_10723	156943	157032	intergenic	.	contig_10723:156943-157032
contig_10723	157334	157612	intergenic	.	contig_10723:157334-157612
contig_10731	53486	53572	intergenic	.	contig_10731:53486-53572
contig_10731	273301	273441	intergenic	.	contig_10731:273301-273441
contig_10731	394118	394316	intergenic	.	contig_10731:394118-394316
contig_10731	415768	415886	intergenic	.	contig_10731:415768-415886
contig_10731	566105	566294	intergenic	.	contig_10731:566105-566294
contig_10742	20597	20761	gene,mRNA	.	contig_10742:20597-20761,contig_10742:20597-20761
contig_10746	276280	276389	intergenic	.	contig_10746:276280-276389
contig_10772	679842	679933	intergenic	.	contig_10772:679842-679933
contig_10848	417419	417700	gene,mRNA	.	contig_10848:417419-417700,contig_10848:417419-417700
contig_10848	776454	776685	intergenic	.	contig_10848:776454-776685
contig_10848	819130	819410	intergenic	.	contig_10848:819130-819410
contig_10848	867061	867221	intergenic	.	contig_10848:867061-867221
contig_1085	23027	23123	intergenic	.	contig_1085:23027-23123
contig_1085	480447	480657	intergenic	.	contig_1085:480447-480657
contig_1085	728320	728515	intergenic	.	contig_1085:728320-728515
contig_10872	85688	85952	gene,mRNA	.	contig_10872:85688-85952,contig_10872:85688-85952
contig_10872	422319	422863	intergenic	.	contig_10872:422319-422863
contig_10872	1311144	1311251	intergenic	.	contig_10872:1311144-1311251
contig_10872	1653726	1653859	gene,mRNA	.	contig_10872:1653726-1653859,contig_10872:1653726-1653859
contig_10872	2723638	2723873	gene,polyA_signal_sequence	.	contig_10872:2723638-2723873,contig_10872:2723638-2723873
contig_10872	2723771	2723873	intergenic	.	contig_10872:2723771-2723873
contig_10872	2863283	2863381	intergenic	.	contig_10872:2863283-2863381
contig_1090	66083	66262	intergenic	.	contig_1090:66083-66262
contig_1090	940891	941129	intergenic	.	contig_1090:940891-941129
contig_1090	1045606	1045774	intergenic	.	contig_1090:1045606-1045774
contig_10908	148382	148461	intergenic	.	contig_10908:148382-148461
contig_10922	282120	282259	intergenic	.	contig_10922:282120-282259
contig_10931	732599	732927	gene,mRNA	.	contig_10931:732599-732927,contig_10931:732599-732927
contig_10946	1334504	1334561	gene,mRNA	.	contig_10946:1334504-1334561,contig_10946:1334504-1334561
contig_10964	265790	265872	intergenic	.	contig_10964:265790-265872
contig_11027	1278335	1278691	intergenic	.	contig_11027:1278335-1278691
contig_11029	449749	450115	gene,mRNA,stop_codon,exon,CDS,start_codon	.	contig_11029:449749-450115,contig_11029:449749-450115,contig_11029:449749-450115,contig_11029:449749-450115,contig_11029:449749-450115,contig_11029:449749-450115
contig_11029	450074	450115	intergenic	.	contig_11029:450074-450115
contig_11029	523891	523977	intergenic	.	contig_11029:523891-523977
contig_11029	569191	569477	gene,mRNA	.	contig_11029:569191-569477,contig_11029:569191-569477
contig_11047	1030244	1030371	intergenic	.	contig_11047:1030244-1030371
contig_11069	28197	28256	intergenic	.	contig_11069:28197-28256
contig_11069	28582	28768	intergenic	.	contig_11069:28582-28768
contig_11074	42462	42536	intergenic	.	contig_11074:42462-42536
contig_11074	134278	134681	intergenic	.	contig_11074:134278-134681
contig_11090	5686	5769	intergenic	.	contig_11090:5686-5769
contig_11090	10528	10615	intergenic	.	contig_11090:10528-10615
contig_11090	28618	28702	intergenic	.	contig_11090:28618-28702
contig_11105	29022	29057	intergenic	.	contig_11105:29022-29057
contig_11105	29022	29410	gene,mRNA,start_codon,exon,CDS	.	contig_11105:29022-29410,contig_11105:29022-29410,contig_11105:29022-29410,contig_11105:29022-29410,contig_11105:29022-29410
contig_11105	104826	105034	intergenic	.	contig_11105:104826-105034
contig_1111	22422	22652	intergenic	.	contig_1111:22422-22652
contig_11113	144758	144949	intergenic	.	contig_11113:144758-144949
contig_1112	262860	262917	intergenic	.	contig_1112:262860-262917
contig_11120	203753	203904	intergenic	.	contig_11120:203753-203904
contig_11120	548257	548547	intergenic	.	contig_11120:548257-548547
contig_11120	548750	549036	intergenic	.	contig_11120:548750-549036
contig_11120	649744	650159	intergenic	.	contig_11120:649744-650159
contig_11120	1057597	1057880	intergenic	.	contig_11120:1057597-1057880
contig_11120	1157746	1157927	gene,mRNA	.	contig_11120:1157746-1157927,contig_11120:1157746-1157927
contig_11120	1663534	1663916	gene,mRNA	.	contig_11120:1663534-1663916,contig_11120:1663534-1663916
contig_11120	1664319	1664516	gene,mRNA	.	contig_11120:1664319-1664516,contig_11120:1664319-1664516
contig_11120	1679994	1680078	gene,mRNA	.	contig_11120:1679994-1680078,contig_11120:1679994-1680078
contig_11133	439338	439548	gene,mRNA	.	contig_11133:439338-439548,contig_11133:439338-439548
contig_11133	490250	490344	intergenic	.	contig_11133:490250-490344
contig_11133	514804	514893	gene,mRNA	.	contig_11133:514804-514893,contig_11133:514804-514893
contig_11133	516865	517033	gene,mRNA	.	contig_11133:516865-517033,contig_11133:516865-517033
contig_11133	518289	518461	gene,mRNA	.	contig_11133:518289-518461,contig_11133:518289-518461
contig_11165	80303	80618	intergenic	.	contig_11165:80303-80618
contig_11165	99150	99274	intergenic	.	contig_11165:99150-99274
contig_11165	120059	120349	intergenic	.	contig_11165:120059-120349
contig_1118	498206	498376	intergenic	.	contig_1118:498206-498376
contig_1118	801900	802037	intergenic	.	contig_1118:801900-802037
contig_11192	115422	115878	gene,mRNA	.	contig_11192:115422-115878,contig_11192:115422-115878
contig_11192	411641	412029	intergenic	.	contig_11192:411641-412029
contig_11192	481959	482556	intergenic	.	contig_11192:481959-482556
contig_112	79600	79739	intergenic	.	contig_112:79600-79739
contig_112	862019	862199	intergenic	.	contig_112:862019-862199
contig_112	1187880	1188130	intergenic	.	contig_112:1187880-1188130
contig_112	1306235	1307027	intergenic	.	contig_112:1306235-1307027
contig_112	1781074	1781431	gene,mRNA	.	contig_112:1781074-1781431,contig_112:1781074-1781431
contig_11212	7123	7268	intergenic	.	contig_11212:7123-7268
contig_11212	233578	233780	intergenic	.	contig_11212:233578-233780
contig_11212	349161	349332	intergenic	.	contig_11212:349161-349332
contig_11212	349602	349862	intergenic	.	contig_11212:349602-349862
contig_11212	392863	393043	intergenic	.	contig_11212:392863-393043
contig_11217	222500	222869	intergenic	.	contig_11217:222500-222869
contig_11255	906199	906392	intergenic	.	contig_11255:906199-906392
contig_11255	953997	954299	intergenic	.	contig_11255:953997-954299
contig_11272	279587	279747	intergenic	.	contig_11272:279587-279747
contig_11272	978843	979068	intergenic	.	contig_11272:978843-979068
contig_11272	1089279	1089417	gene,mRNA	.	contig_11272:1089279-1089417,contig_11272:1089279-1089417
contig_11272	1307545	1307788	intergenic	.	contig_11272:1307545-1307788
contig_11272	1321710	1322625	intergenic	.	contig_11272:1321710-1322625
contig_11272	1336658	1336950	intergenic	.	contig_11272:1336658-1336950
contig_11281	602815	602871	intergenic	.	contig_11281:602815-602871
contig_11281	1165600	1165782	intergenic	.	contig_11281:1165600-1165782
contig_11281	2420322	2420435	intergenic	.	contig_11281:2420322-2420435
contig_11281	2526089	2526168	intergenic	.	contig_11281:2526089-2526168
contig_113	211996	212151	intergenic	.	contig_113:211996-212151
contig_11323	275789	275975	intergenic	.	contig_11323:275789-275975
contig_11323	390326	390485	gene,mRNA	.	contig_11323:390326-390485,contig_11323:390326-390485
contig_11323	417683	418109	intergenic	.	contig_11323:417683-418109
contig_11328	26938	27139	intergenic	.	contig_11328:26938-27139
contig_11328	530379	530492	gene,mRNA	.	contig_11328:530379-530492,contig_11328:530379-530492
contig_11328	544356	544713	gene,mRNA	.	contig_11328:544356-544713,contig_11328:544356-544713
contig_11328	726074	726207	gene,mRNA	.	contig_11328:726074-726207,contig_11328:726074-726207
contig_11328	765597	765709	intergenic	.	contig_11328:765597-765709
contig_11344	75124	75578	intergenic	.	contig_11344:75124-75578
contig_11351	10804	11017	intergenic	.	contig_11351:10804-11017
contig_11351	235022	235232	intergenic	.	contig_11351:235022-235232
contig_11351	409432	409732	gene,mRNA	.	contig_11351:409432-409732,contig_11351:409432-409732
contig_11353	3412	3776	intergenic	.	contig_11353:3412-3776
contig_11376	71827	72080	intergenic	.	contig_11376:71827-72080
contig_11407	82509	82576	intergenic	.	contig_11407:82509-82576
contig_11407	90355	90461	intergenic	.	contig_11407:90355-90461
contig_11407	270478	270687	gene,mRNA	.	contig_11407:270478-270687,contig_11407:270478-270687
contig_11429	368863	369057	gene,mRNA	.	contig_11429:368863-369057,contig_11429:368863-369057
contig_11429	1300234	1300284	intergenic	.	contig_11429:1300234-1300284
contig_11436	385308	385460	intergenic	.	contig_11436:385308-385460
contig_11436	424876	425141	exon,CDS,stop_codon,polyA_signal_sequence,gene,mRNA	.	contig_11436:424876-425141,contig_11436:424876-425141,contig_11436:424876-425141,contig_11436:424876-425141,contig_11436:424876-425141,contig_11436:424876-425141
contig_11436	425139	425141	intergenic	.	contig_11436:425139-425141
contig_11436	556106	556326	intergenic	.	contig_11436:556106-556326
contig_11436	575914	575966	intergenic	.	contig_11436:575914-575966
contig_11436	1061934	1062241	intergenic	.	contig_11436:1061934-1062241
contig_11436	1092227	1092287	intergenic	.	contig_11436:1092227-1092287
contig_1145	128655	128887	gene,mRNA	.	contig_1145:128655-128887,contig_1145:128655-128887
contig_1145	857111	857338	gene,mRNA	.	contig_1145:857111-857338,contig_1145:857111-857338
contig_1145	1010821	1010893	gene,mRNA	.	contig_1145:1010821-1010893,contig_1145:1010821-1010893
contig_1145	1310288	1310368	gene,mRNA	.	contig_1145:1310288-1310368,contig_1145:1310288-1310368
contig_1147	16286	16356	gene,mRNA	.	contig_1147:16286-16356,contig_1147:16286-16356
contig_1147	262546	262901	intergenic	.	contig_1147:262546-262901
contig_11525	632599	632808	intergenic	.	contig_11525:632599-632808
contig_11525	818822	819055	intergenic	.	contig_11525:818822-819055
contig_11525	998256	998429	gene,mRNA	.	contig_11525:998256-998429,contig_11525:998256-998429
contig_11549	115004	115195	intergenic	.	contig_11549:115004-115195
contig_11549	364973	365191	intergenic	.	contig_11549:364973-365191
contig_11549	736367	736423	intergenic	.	contig_11549:736367-736423
contig_11549	754243	754464	intergenic	.	contig_11549:754243-754464
contig_11605	67512	67904	intergenic	.	contig_11605:67512-67904
contig_11605	182593	182662	intergenic	.	contig_11605:182593-182662
contig_11605	182593	182924	start_codon,exon,CDS,gene,mRNA	.	contig_11605:182593-182924,contig_11605:182593-182924,contig_11605:182593-182924,contig_11605:182593-182924,contig_11605:182593-182924
contig_11618	401361	401480	intergenic	.	contig_11618:401361-401480
contig_11618	404288	404511	intergenic	.	contig_11618:404288-404511
contig_11618	538144	538314	intergenic	.	contig_11618:538144-538314
contig_11618	617057	617271	intergenic	.	contig_11618:617057-617271
contig_11618	688143	688279	intergenic	.	contig_11618:688143-688279
contig_11618	951350	951549	intergenic	.	contig_11618:951350-951549
contig_11618	1113818	1113955	intergenic	.	contig_11618:1113818-1113955
contig_11618	1114124	1114189	intergenic	.	contig_11618:1114124-1114189
contig_11629	348482	348652	intergenic	.	contig_11629:348482-348652
contig_11629	356512	356667	intergenic	.	contig_11629:356512-356667
contig_11636	104184	104822	intergenic	.	contig_11636:104184-104822
contig_11636	642092	642168	intergenic	.	contig_11636:642092-642168
contig_11636	661263	661353	intergenic	.	contig_11636:661263-661353
contig_11636	755692	755803	intergenic	.	contig_11636:755692-755803
contig_11652	275855	276135	gene,mRNA	.	contig_11652:275855-276135,contig_11652:275855-276135
contig_1166	69350	69417	intergenic	.	contig_1166:69350-69417
contig_1166	96462	96758	intergenic	.	contig_1166:96462-96758
contig_1166	211528	212083	intergenic	.	contig_1166:211528-212083
contig_11722	254501	254698	intergenic	.	contig_11722:254501-254698
contig_11722	455121	455331	intergenic	.	contig_11722:455121-455331
contig_11722	482532	482918	intergenic	.	contig_11722:482532-482918
contig_11722	685364	685439	intergenic	.	contig_11722:685364-685439
contig_11722	1532800	1533048	intergenic	.	contig_11722:1532800-1533048
contig_11722	1763703	1763807	intergenic	.	contig_11722:1763703-1763807
contig_11742	321400	321688	gene,mRNA	.	contig_11742:321400-321688,contig_11742:321400-321688
contig_11742	480743	480929	gene,mRNA	.	contig_11742:480743-480929,contig_11742:480743-480929
contig_11742	575729	575799	intergenic	.	contig_11742:575729-575799
contig_11781	103788	103921	intergenic	.	contig_11781:103788-103921
contig_11781	224341	224580	intergenic	.	contig_11781:224341-224580
contig_11781	224858	224935	intergenic	.	contig_11781:224858-224935
contig_11781	344016	344305	intergenic	.	contig_11781:344016-344305
contig_11781	346843	347064	intergenic	.	contig_11781:346843-347064
contig_11781	570924	570987	intergenic	.	contig_11781:570924-570987
contig_11781	663149	663368	intergenic	.	contig_11781:663149-663368
contig_11781	862394	862587	intergenic	.	contig_11781:862394-862587
contig_11781	898405	898583	intergenic	.	contig_11781:898405-898583
contig_11781	921999	922320	intergenic	.	contig_11781:921999-922320
contig_11781	1045638	1045702	intergenic	.	contig_11781:1045638-1045702
contig_11820	30686	30867	intergenic	.	contig_11820:30686-30867
contig_11831	15268	15502	intergenic	.	contig_11831:15268-15502
contig_11831	134430	134734	intergenic	.	contig_11831:134430-134734
contig_11831	553743	553908	intergenic	.	contig_11831:553743-553908
contig_11831	872653	872820	gene,mRNA	.	contig_11831:872653-872820,contig_11831:872653-872820
contig_11831	1197077	1197615	intergenic	.	contig_11831:1197077-1197615
contig_11831	1361972	1362278	intergenic	.	contig_11831:1361972-1362278
contig_11831	1641610	1641769	intergenic	.	contig_11831:1641610-1641769
contig_1185	1439835	1439965	intergenic	.	contig_1185:1439835-1439965
contig_1185	1625586	1625713	intergenic	.	contig_1185:1625586-1625713
contig_11862	3616	3847	intergenic	.	contig_11862:3616-3847
contig_11862	272834	273221	gene,mRNA	.	contig_11862:272834-273221,contig_11862:272834-273221
contig_11892	198744	198963	gene,mRNA	.	contig_11892:198744-198963,contig_11892:198744-198963
contig_1190	112687	113007	intergenic	.	contig_1190:112687-113007
contig_1190	381411	381697	intergenic	.	contig_1190:381411-381697
contig_1190	474027	474341	intergenic	.	contig_1190:474027-474341
contig_1190	888863	889086	intergenic	.	contig_1190:888863-889086
contig_1190	1417721	1417823	gene,mRNA	.	contig_1190:1417721-1417823,contig_1190:1417721-1417823
contig_11969	169856	170111	intergenic	.	contig_11969:169856-170111
contig_11969	222025	222389	intergenic	.	contig_11969:222025-222389
contig_11969	255256	255481	intergenic	.	contig_11969:255256-255481
contig_11969	266546	266773	intergenic	.	contig_11969:266546-266773
contig_12013	500484	500707	intergenic	.	contig_12013:500484-500707
contig_12013	796573	796905	intergenic	.	contig_12013:796573-796905
contig_12013	1029896	1030091	intergenic	.	contig_12013:1029896-1030091
contig_12013	1378133	1378236	intergenic	.	contig_12013:1378133-1378236
contig_12027	335642	335896	gene,mRNA	.	contig_12027:335642-335896,contig_12027:335642-335896
contig_12027	643180	643439	gene,mRNA	.	contig_12027:643180-643439,contig_12027:643180-643439
contig_12027	1052487	1052947	gene,mRNA	.	contig_12027:1052487-1052947,contig_12027:1052487-1052947
contig_12027	1074996	1075474	gene,mRNA	.	contig_12027:1074996-1075474,contig_12027:1074996-1075474
contig_12027	1728291	1728427	intergenic	.	contig_12027:1728291-1728427
contig_12027	2116747	2116978	intergenic	.	contig_12027:2116747-2116978
contig_12027	2120188	2120259	intergenic	.	contig_12027:2120188-2120259
contig_12027	2373125	2373419	intergenic	.	contig_12027:2373125-2373419
contig_12027	2438077	2438154	intergenic	.	contig_12027:2438077-2438154
contig_12027	2459130	2459365	intergenic	.	contig_12027:2459130-2459365
contig_12027	2593522	2593671	intergenic	.	contig_12027:2593522-2593671
contig_12027	2619293	2619992	gene,mRNA	.	contig_12027:2619293-2619992,contig_12027:2619293-2619992
contig_12080	1307011	1307136	intergenic	.	contig_12080:1307011-1307136
contig_12080	2088567	2088699	intergenic	.	contig_12080:2088567-2088699
contig_12080	3869292	3869572	intergenic	.	contig_12080:3869292-3869572
contig_12080	6733965	6734039	gene,mRNA	.	contig_12080:6733965-6734039,contig_12080:6733965-6734039
contig_12080	8042954	8043150	gene,mRNA	.	contig_12080:8042954-8043150,contig_12080:8042954-8043150
contig_12080	8940337	8940483	gene,mRNA	.	contig_12080:8940337-8940483,contig_12080:8940337-8940483
contig_12120	514900	515086	intergenic	.	contig_12120:514900-515086
contig_12152	38803	38909	intergenic	.	contig_12152:38803-38909
contig_12172	230489	230674	gene,mRNA	.	contig_12172:230489-230674,contig_12172:230489-230674
contig_12177	286424	286661	intergenic	.	contig_12177:286424-286661
contig_12177	453099	453190	intergenic	.	contig_12177:453099-453190
contig_12188	42234	42427	intergenic	.	contig_12188:42234-42427
contig_12188	98378	98559	intergenic	.	contig_12188:98378-98559
contig_12204	38284	38486	intergenic	.	contig_12204:38284-38486
contig_12206	171256	171332	gene,mRNA	.	contig_12206:171256-171332,contig_12206:171256-171332
contig_12206	215873	216282	intergenic	.	contig_12206:215873-216282
contig_12206	331534	331806	intergenic	.	contig_12206:331534-331806
contig_12207	378645	378722	gene,mRNA	.	contig_12207:378645-378722,contig_12207:378645-378722
contig_12207	598725	598820	intergenic	.	contig_12207:598725-598820
contig_12217	539113	539453	intergenic	.	contig_12217:539113-539453
contig_12217	620145	620239	gene,mRNA	.	contig_12217:620145-620239,contig_12217:620145-620239
contig_123	192652	192748	intergenic	.	contig_123:192652-192748
contig_12302	41222	41379	gene,mRNA	.	contig_12302:41222-41379,contig_12302:41222-41379
contig_12312	202114	202291	intergenic	.	contig_12312:202114-202291
contig_12319	252971	253073	intergenic	.	contig_12319:252971-253073
contig_1234	748453	748650	intergenic	.	contig_1234:748453-748650
contig_12378	59113	59281	intergenic	.	contig_12378:59113-59281
contig_12378	150635	150835	intergenic	.	contig_12378:150635-150835
contig_12378	151146	151264	intergenic	.	contig_12378:151146-151264
contig_12378	193811	193878	gene,mRNA	.	contig_12378:193811-193878,contig_12378:193811-193878
contig_12378	194701	194779	gene,mRNA	.	contig_12378:194701-194779,contig_12378:194701-194779
contig_12378	463024	463261	intergenic	.	contig_12378:463024-463261
contig_12394	58409	58628	intergenic	.	contig_12394:58409-58628
contig_12394	58943	59057	intergenic	.	contig_12394:58943-59057
contig_12400	167249	167636	gene,mRNA	.	contig_12400:167249-167636,contig_12400:167249-167636
contig_12419	49188	49524	intergenic	.	contig_12419:49188-49524
contig_12425	7559	7704	intergenic	.	contig_12425:7559-7704
contig_12425	522167	522317	gene,mRNA,exon,CDS	.	contig_12425:522167-522317,contig_12425:522167-522317,contig_12425:522167-522317,contig_12425:522167-522317
contig_1243	74240	74357	intergenic	.	contig_1243:74240-74357
contig_1243	216223	216659	intergenic	.	contig_1243:216223-216659
contig_1245	252299	252383	intergenic	.	contig_1245:252299-252383
contig_12466	66421	66679	intergenic	.	contig_12466:66421-66679
contig_12466	69262	69811	intergenic	.	contig_12466:69262-69811
contig_12466	85557	85783	intergenic	.	contig_12466:85557-85783
contig_12466	115997	116147	intergenic	.	contig_12466:115997-116147
contig_12469	279087	279251	gene,mRNA	.	contig_12469:279087-279251,contig_12469:279087-279251
contig_12495	503	975	intergenic	.	contig_12495:503-975
contig_12495	62594	62659	gene,mRNA	.	contig_12495:62594-62659,contig_12495:62594-62659
contig_12495	254834	255095	intergenic	.	contig_12495:254834-255095
contig_12495	691507	691945	intergenic	.	contig_12495:691507-691945
contig_12495	764596	764824	intergenic	.	contig_12495:764596-764824
contig_12495	765196	765261	intergenic	.	contig_12495:765196-765261
contig_12495	979723	980118	intergenic	.	contig_12495:979723-980118
contig_12495	1004521	1004846	intergenic	.	contig_12495:1004521-1004846
contig_12501	136246	136742	intergenic	.	contig_12501:136246-136742
contig_1254	480612	480769	intergenic	.	contig_1254:480612-480769
contig_1254	550667	550986	intergenic	.	contig_1254:550667-550986
contig_12576	30354	30686	intergenic	.	contig_12576:30354-30686
contig_12586	14188	14707	intergenic	.	contig_12586:14188-14707
contig_126	287507	287960	gene,mRNA	.	contig_126:287507-287960,contig_126:287507-287960
contig_126	668880	669049	intergenic	.	contig_126:668880-669049
contig_126	1230485	1230656	intergenic	.	contig_126:1230485-1230656
contig_12712	87855	87932	intergenic	.	contig_12712:87855-87932
contig_12716	840421	840782	intergenic	.	contig_12716:840421-840782
contig_12716	961931	962039	gene,mRNA	.	contig_12716:961931-962039,contig_12716:961931-962039
contig_12716	1437708	1438133	intergenic	.	contig_12716:1437708-1438133
contig_12770	30725	30966	intergenic	.	contig_12770:30725-30966
contig_12770	294443	294635	gene,mRNA	.	contig_12770:294443-294635,contig_12770:294443-294635
contig_12770	568083	568706	intergenic	.	contig_12770:568083-568706
contig_12770	570222	570292	intergenic	.	contig_12770:570222-570292
contig_12774	66936	67078	intergenic	.	contig_12774:66936-67078
contig_12774	404765	404968	intergenic	.	contig_12774:404765-404968
contig_12794	799925	800157	intergenic	.	contig_12794:799925-800157
contig_128	12825	13044	intergenic	.	contig_128:12825-13044
contig_1280	128388	128848	intergenic	.	contig_1280:128388-128848
contig_1280	1552756	1552926	intergenic	.	contig_1280:1552756-1552926
contig_12859	91409	91677	intergenic	.	contig_12859:91409-91677
contig_12859	260316	260626	intergenic	.	contig_12859:260316-260626
contig_12859	632934	632989	intergenic	.	contig_12859:632934-632989
contig_12859	1110415	1110506	gene,mRNA	.	contig_12859:1110415-1110506,contig_12859:1110415-1110506
contig_12860	380680	381721	intergenic	.	contig_12860:380680-381721
contig_12867	103073	103347	intergenic	.	contig_12867:103073-103347
contig_12876	55046	55204	intergenic	.	contig_12876:55046-55204
contig_129	175017	175300	intergenic	.	contig_129:175017-175300
contig_12946	189625	189688	intergenic	.	contig_12946:189625-189688
contig_12946	190062	190120	intergenic	.	contig_12946:190062-190120
contig_12946	267837	268148	intergenic	.	contig_12946:267837-268148
contig_12962	398812	399086	intergenic	.	contig_12962:398812-399086
contig_12962	499574	499829	intergenic	.	contig_12962:499574-499829
contig_12965	432318	432394	intergenic	.	contig_12965:432318-432394
contig_12965	464929	465177	intergenic	.	contig_12965:464929-465177
contig_130	1780022	1780499	intergenic	.	contig_130:1780022-1780499
contig_130	1956986	1957073	intergenic	.	contig_130:1956986-1957073
contig_130	4484381	4484719	intergenic	.	contig_130:4484381-4484719
contig_13001	97367	97544	intergenic	.	contig_13001:97367-97544
contig_13006	33077	33399	intergenic	.	contig_13006:33077-33399
contig_13006	130829	130931	intergenic	.	contig_13006:130829-130931
contig_13006	339384	339458	gene,mRNA	.	contig_13006:339384-339458,contig_13006:339384-339458
contig_13006	359020	359120	intergenic	.	contig_13006:359020-359120
contig_13006	556028	556102	intergenic	.	contig_13006:556028-556102
contig_13006	960316	961390	intergenic	.	contig_13006:960316-961390
contig_13006	1086156	1086306	intergenic	.	contig_13006:1086156-1086306
contig_13006	1138793	1138956	intergenic	.	contig_13006:1138793-1138956
contig_13006	1154107	1154308	intergenic	.	contig_13006:1154107-1154308
contig_13027	403935	404108	gene,mRNA	.	contig_13027:403935-404108,contig_13027:403935-404108
contig_13027	4367683	4367774	intergenic	.	contig_13027:4367683-4367774
contig_13036	1175810	1175956	gene,mRNA	.	contig_13036:1175810-1175956,contig_13036:1175810-1175956
contig_13036	2810113	2810529	intergenic	.	contig_13036:2810113-2810529
contig_13036	3341181	3341311	gene,mRNA	.	contig_13036:3341181-3341311,contig_13036:3341181-3341311
contig_13036	4118327	4118419	intergenic	.	contig_13036:4118327-4118419
contig_13044	457430	457730	intergenic	.	contig_13044:457430-457730
contig_13044	1268707	1268847	gene,mRNA	.	contig_13044:1268707-1268847,contig_13044:1268707-1268847
contig_13089	63235	63605	intergenic	.	contig_13089:63235-63605
contig_13092	17885	17952	intergenic	.	contig_13092:17885-17952
contig_13120	80218	80311	intergenic	.	contig_13120:80218-80311
contig_13120	80587	80654	intergenic	.	contig_13120:80587-80654
contig_13120	110489	110649	gene,mRNA	.	contig_13120:110489-110649,contig_13120:110489-110649
contig_13155	103481	103686	intergenic	.	contig_13155:103481-103686
contig_13155	209034	209337	intergenic	.	contig_13155:209034-209337
contig_13166	188	652	intergenic	.	contig_13166:188-652
contig_13173	557485	557725	gene,mRNA	.	contig_13173:557485-557725,contig_13173:557485-557725
contig_13183	15939	16107	intergenic	.	contig_13183:15939-16107
contig_13190	499520	499636	intergenic	.	contig_13190:499520-499636
contig_13190	707118	707187	intergenic	.	contig_13190:707118-707187
contig_132	376127	376314	intergenic	.	contig_132:376127-376314
contig_13212	125514	125668	intergenic	.	contig_13212:125514-125668
contig_13212	216568	216706	intergenic	.	contig_13212:216568-216706
contig_13212	455389	455836	intergenic	.	contig_13212:455389-455836
contig_13212	512055	512155	intergenic	.	contig_13212:512055-512155
contig_13212	642462	642553	gene,mRNA	.	contig_13212:642462-642553,contig_13212:642462-642553
contig_13212	773077	773582	intergenic	.	contig_13212:773077-773582
contig_13231	64982	65147	intergenic	.	contig_13231:64982-65147
contig_13259	160586	160789	intergenic	.	contig_13259:160586-160789
contig_13259	520974	521183	gene,mRNA	.	contig_13259:520974-521183,contig_13259:520974-521183
contig_13272	251298	251436	gene,mRNA	.	contig_13272:251298-251436,contig_13272:251298-251436
contig_13297	34508	34669	intergenic	.	contig_13297:34508-34669
contig_13297	206576	206736	gene,mRNA	.	contig_13297:206576-206736,contig_13297:206576-206736
contig_13297	207018	207105	gene,mRNA	.	contig_13297:207018-207105,contig_13297:207018-207105
contig_13297	277542	277692	intergenic	.	contig_13297:277542-277692
contig_13297	452366	452664	intergenic	.	contig_13297:452366-452664
contig_13316	2717	3054	intergenic	.	contig_13316:2717-3054
contig_13321	192414	192496	gene,mRNA	.	contig_13321:192414-192496,contig_13321:192414-192496
contig_13327	429947	430094	intergenic	.	contig_13327:429947-430094
contig_13356	6374	6737	intergenic	.	contig_13356:6374-6737
contig_13356	840159	840305	gene,mRNA	.	contig_13356:840159-840305,contig_13356:840159-840305
contig_13369	245689	246290	intergenic	.	contig_13369:245689-246290
contig_13369	268441	268868	gene,mRNA,exon,CDS,exon,CDS	.	contig_13369:268441-268868,contig_13369:268441-268868,contig_13369:268441-268868,contig_13369:268441-268868,contig_13369:268441-268868,contig_13369:268441-268868
contig_1339	216902	217186	intergenic	.	contig_1339:216902-217186
contig_1339	223365	223470	intergenic	.	contig_1339:223365-223470
contig_13401	150769	150850	intergenic	.	contig_13401:150769-150850
contig_13401	164465	164841	intergenic	.	contig_13401:164465-164841
contig_13401	257169	257297	intergenic	.	contig_13401:257169-257297
contig_13401	631246	631512	intergenic	.	contig_13401:631246-631512
contig_13413	118709	118832	intergenic	.	contig_13413:118709-118832
contig_13413	1613630	1613807	intergenic	.	contig_13413:1613630-1613807
contig_1344	705992	706159	gene,mRNA	.	contig_1344:705992-706159,contig_1344:705992-706159
contig_13446	120633	120830	intergenic	.	contig_13446:120633-120830
contig_13446	165004	165212	intergenic	.	contig_13446:165004-165212
contig_1345	83276	83549	intergenic	.	contig_1345:83276-83549
contig_13455	226645	226731	intergenic	.	contig_13455:226645-226731
contig_13455	229527	229643	intergenic	.	contig_13455:229527-229643
contig_13455	667234	667428	intergenic	.	contig_13455:667234-667428
contig_13455	947793	948025	intergenic	.	contig_13455:947793-948025
contig_13466	572313	572366	intergenic	.	contig_13466:572313-572366
contig_1347	510965	511192	intergenic	.	contig_1347:510965-511192
contig_1347	619607	619671	intergenic	.	contig_1347:619607-619671
contig_1347	942928	943266	intergenic	.	contig_1347:942928-943266
contig_1347	1018960	1019065	intergenic	.	contig_1347:1018960-1019065
contig_1347	1346903	1347039	intergenic	.	contig_1347:1346903-1347039
contig_1347	1940490	1940863	intergenic	.	contig_1347:1940490-1940863
contig_1347	1968754	1969001	intergenic	.	contig_1347:1968754-1969001
contig_1347	1979840	1980076	intergenic	.	contig_1347:1979840-1980076
contig_1347	2813502	2813582	gene,mRNA	.	contig_1347:2813502-2813582,contig_1347:2813502-2813582
contig_13473	146326	146632	gene,mRNA	.	contig_13473:146326-146632,contig_13473:146326-146632
contig_13473	214968	215308	intergenic	.	contig_13473:214968-215308
contig_13473	248968	249227	intergenic	.	contig_13473:248968-249227
contig_13483	169755	170032	intergenic	.	contig_13483:169755-170032
contig_13527	320466	320618	gene,mRNA	.	contig_13527:320466-320618,contig_13527:320466-320618
contig_13527	505838	505970	intergenic	.	contig_13527:505838-505970
contig_13600	200988	201265	gene,mRNA	.	contig_13600:200988-201265,contig_13600:200988-201265
contig_13600	591248	591542	intergenic	.	contig_13600:591248-591542
contig_13610	127969	128177	intergenic	.	contig_13610:127969-128177
contig_13632	786098	786334	intergenic	.	contig_13632:786098-786334
contig_13648	496758	496953	intergenic	.	contig_13648:496758-496953
contig_13648	515186	516859	intergenic	.	contig_13648:515186-516859
contig_13664	375834	375975	intergenic	.	contig_13664:375834-375975
contig_13664	423332	424052	intergenic	.	contig_13664:423332-424052
contig_13675	21171	21310	gene,mRNA	.	contig_13675:21171-21310,contig_13675:21171-21310
contig_13675	61276	61482	intergenic	.	contig_13675:61276-61482
contig_13675	209592	209984	intergenic	.	contig_13675:209592-209984
contig_13682	63397	63873	intergenic	.	contig_13682:63397-63873
contig_13682	100183	100295	gene	.	contig_13682:100183-100295
contig_13682	110977	111273	gene,mRNA	.	contig_13682:110977-111273,contig_13682:110977-111273
contig_13682	418200	418353	intergenic	.	contig_13682:418200-418353
contig_13682	439319	439440	gene,mRNA	.	contig_13682:439319-439440,contig_13682:439319-439440
contig_13682	535701	535861	intergenic	.	contig_13682:535701-535861
contig_13701	208791	209228	intergenic	.	contig_13701:208791-209228
contig_13701	300596	300785	intergenic	.	contig_13701:300596-300785
contig_13704	66523	66662	intergenic	.	contig_13704:66523-66662
contig_13704	263720	264221	intergenic	.	contig_13704:263720-264221
contig_13704	813068	813292	gene,mRNA	.	contig_13704:813068-813292,contig_13704:813068-813292
contig_13722	30787	31105	intergenic	.	contig_13722:30787-31105
contig_13722	31308	31545	intergenic	.	contig_13722:31308-31545
contig_13722	133494	133545	intergenic	.	contig_13722:133494-133545
contig_13722	251289	251356	intergenic	.	contig_13722:251289-251356
contig_13722	251681	251786	intergenic	.	contig_13722:251681-251786
contig_13732	115155	115466	intergenic	.	contig_13732:115155-115466
contig_1375	310	515	intergenic	.	contig_1375:310-515
contig_13762	1273361	1273681	intergenic	.	contig_13762:1273361-1273681
contig_13762	1274078	1274140	intergenic	.	contig_13762:1274078-1274140
contig_13762	1274316	1274370	intergenic	.	contig_13762:1274316-1274370
contig_13762	2241426	2241689	intergenic	.	contig_13762:2241426-2241689
contig_13765	56491	56724	intergenic	.	contig_13765:56491-56724
contig_138	1095231	1095283	intergenic	.	contig_138:1095231-1095283
contig_138	2688686	2688740	intergenic	.	contig_138:2688686-2688740
contig_13805	23480	23687	intergenic	.	contig_13805:23480-23687
contig_13836	477147	477337	intergenic	.	contig_13836:477147-477337
contig_13836	555703	555901	intergenic	.	contig_13836:555703-555901
contig_13836	671882	672071	intergenic	.	contig_13836:671882-672071
contig_13836	1100354	1100594	intergenic	.	contig_13836:1100354-1100594
contig_13836	1114590	1114879	intergenic	.	contig_13836:1114590-1114879
contig_1386	1279145	1279219	intergenic	.	contig_1386:1279145-1279219
contig_13873	295393	295592	intergenic	.	contig_13873:295393-295592
contig_13888	59292	59587	intergenic	.	contig_13888:59292-59587
contig_13911	26397	26778	intergenic	.	contig_13911:26397-26778
contig_13980	32978	33055	intergenic	.	contig_13980:32978-33055
contig_140	59045	59197	intergenic	.	contig_140:59045-59197
contig_1401	235355	235689	intergenic	.	contig_1401:235355-235689
contig_1401	382057	382286	gene,mRNA	.	contig_1401:382057-382286,contig_1401:382057-382286
contig_1401	428379	428671	intergenic	.	contig_1401:428379-428671
contig_1405	605044	605397	intergenic	.	contig_1405:605044-605397
contig_14067	135642	135729	intergenic	.	contig_14067:135642-135729
contig_14067	138661	138909	intergenic	.	contig_14067:138661-138909
contig_14067	145847	145972	intergenic	.	contig_14067:145847-145972
contig_14067	544345	544463	gene,mRNA	.	contig_14067:544345-544463,contig_14067:544345-544463
contig_14067	616905	617041	intergenic	.	contig_14067:616905-617041
contig_14067	618048	618116	intergenic	.	contig_14067:618048-618116
contig_14098	41471	41781	intergenic	.	contig_14098:41471-41781
contig_141	1599833	1600026	intergenic	.	contig_141:1599833-1600026
contig_14100	183869	183992	intergenic	.	contig_14100:183869-183992
contig_14115	748255	748415	intergenic	.	contig_14115:748255-748415
contig_14142	103723	103921	intergenic	.	contig_14142:103723-103921
contig_14142	282727	282866	gene,mRNA	.	contig_14142:282727-282866,contig_14142:282727-282866
contig_14142	396504	396727	gene,mRNA	.	contig_14142:396504-396727,contig_14142:396504-396727
contig_14178	88963	89084	gene,mRNA	.	contig_14178:88963-89084,contig_14178:88963-89084
contig_14224	555360	555823	intergenic	.	contig_14224:555360-555823
contig_1423	7790	8309	intergenic	.	contig_1423:7790-8309
contig_1423	125087	125231	intergenic	.	contig_1423:125087-125231
contig_1423	305596	305927	intergenic	.	contig_1423:305596-305927
contig_14263	79362	79962	intergenic	.	contig_14263:79362-79962
contig_14263	155468	155800	intergenic	.	contig_14263:155468-155800
contig_14314	209713	210008	intergenic	.	contig_14314:209713-210008
contig_14321	785161	785315	intergenic	.	contig_14321:785161-785315
contig_14321	845699	845884	gene,mRNA	.	contig_14321:845699-845884,contig_14321:845699-845884
contig_14321	1819898	1820103	intergenic	.	contig_14321:1819898-1820103
contig_14332	315347	315491	intergenic	.	contig_14332:315347-315491
contig_1434	96009	96096	intergenic	.	contig_1434:96009-96096
contig_1434	108045	108168	intergenic	.	contig_1434:108045-108168
contig_144	1289025	1289090	intergenic	.	contig_144:1289025-1289090
contig_144	1304945	1305096	intergenic	.	contig_144:1304945-1305096
contig_144	1332431	1332644	intergenic	.	contig_144:1332431-1332644
contig_144	1357305	1357454	intergenic	.	contig_144:1357305-1357454
contig_14475	160166	160393	gene,mRNA	.	contig_14475:160166-160393,contig_14475:160166-160393
contig_14475	168927	169011	gene,mRNA	.	contig_14475:168927-169011,contig_14475:168927-169011
contig_14488	196621	196782	intergenic	.	contig_14488:196621-196782
contig_14518	66263	66563	intergenic	.	contig_14518:66263-66563
contig_14518	193768	193990	intergenic	.	contig_14518:193768-193990
contig_14518	306547	306789	intergenic	.	contig_14518:306547-306789
contig_14529	13148	13367	intergenic	.	contig_14529:13148-13367
contig_14539	19459	19511	intergenic	.	contig_14539:19459-19511
contig_14539	20728	20952	intergenic	.	contig_14539:20728-20952
contig_1455	281367	281456	intergenic	.	contig_1455:281367-281456
contig_1455	523253	523417	intergenic	.	contig_1455:523253-523417
contig_1455	616868	617697	intergenic	.	contig_1455:616868-617697
contig_14557	59852	59945	gene,mRNA	.	contig_14557:59852-59945,contig_14557:59852-59945
contig_14557	169382	169541	intergenic	.	contig_14557:169382-169541
contig_14592	37793	38007	intergenic	.	contig_14592:37793-38007
contig_14632	146128	146485	gene,mRNA	.	contig_14632:146128-146485,contig_14632:146128-146485
contig_14632	646910	647101	intergenic	.	contig_14632:646910-647101
contig_14638	283235	283344	intergenic	.	contig_14638:283235-283344
contig_14638	283710	283924	intergenic	.	contig_14638:283710-283924
contig_14638	758484	758534	intergenic	.	contig_14638:758484-758534
contig_14638	1070255	1070512	intergenic	.	contig_14638:1070255-1070512
contig_14655	40422	40769	intergenic	.	contig_14655:40422-40769
contig_14655	117086	117532	intergenic	.	contig_14655:117086-117532
contig_14655	882779	882920	gene,mRNA	.	contig_14655:882779-882920,contig_14655:882779-882920
contig_14662	213872	214313	intergenic	.	contig_14662:213872-214313
contig_14662	339930	340255	intergenic	.	contig_14662:339930-340255
contig_14662	492800	492947	intergenic	.	contig_14662:492800-492947
contig_14673	2369	2565	intergenic	.	contig_14673:2369-2565
contig_14696	118818	118908	intergenic	.	contig_14696:118818-118908
contig_14696	132574	132783	gene,mRNA	.	contig_14696:132574-132783,contig_14696:132574-132783
contig_14696	165938	166143	intergenic	.	contig_14696:165938-166143
contig_14696	166889	166967	intergenic	.	contig_14696:166889-166967
contig_14696	203692	203800	intergenic	.	contig_14696:203692-203800
contig_14696	269618	269972	intergenic	.	contig_14696:269618-269972
contig_1470	745052	745122	intergenic	.	contig_1470:745052-745122
contig_1470	1780440	1780627	intergenic	.	contig_1470:1780440-1780627
contig_1470	2714652	2715061	intergenic	.	contig_1470:2714652-2715061
contig_1470	3393331	3393387	intergenic	.	contig_1470:3393331-3393387
contig_1470	4199516	4199568	gene,mRNA	.	contig_1470:4199516-4199568,contig_1470:4199516-4199568
contig_1470	4324798	4325031	intergenic	.	contig_1470:4324798-4325031
contig_1470	4650711	4650992	intergenic	.	contig_1470:4650711-4650992
contig_1470	5046930	5047013	intergenic	.	contig_1470:5046930-5047013
contig_1470	5160626	5160682	intergenic	.	contig_1470:5160626-5160682
contig_1470	5164944	5165046	intergenic	.	contig_1470:5164944-5165046
contig_1470	5845380	5845557	intergenic	.	contig_1470:5845380-5845557
contig_1470	6224353	6224550	intergenic	.	contig_1470:6224353-6224550
contig_14709	60489	60807	intergenic	.	contig_14709:60489-60807
contig_14710	133134	133343	intergenic	.	contig_14710:133134-133343
contig_14710	133635	133803	intergenic	.	contig_14710:133635-133803
contig_14710	394253	394472	intergenic	.	contig_14710:394253-394472
contig_14727	385981	386677	intergenic	.	contig_14727:385981-386677
contig_14727	500656	501018	gene,mRNA	.	contig_14727:500656-501018,contig_14727:500656-501018
contig_14727	524970	525059	intergenic	.	contig_14727:524970-525059
contig_14727	618383	618596	intergenic	.	contig_14727:618383-618596
contig_14738	7759	8163	intergenic	.	contig_14738:7759-8163
contig_14777	552991	553065	intergenic	.	contig_14777:552991-553065
contig_14777	552991	553292	start_codon,exon,CDS,gene,mRNA	.	contig_14777:552991-553292,contig_14777:552991-553292,contig_14777:552991-553292,contig_14777:552991-553292,contig_14777:552991-553292
contig_14777	587781	587877	intergenic	.	contig_14777:587781-587877
contig_14777	610609	610752	intergenic	.	contig_14777:610609-610752
contig_14777	943968	944209	intergenic	.	contig_14777:943968-944209
contig_14794	30139	30318	intergenic	.	contig_14794:30139-30318
contig_14794	646799	647002	intergenic	.	contig_14794:646799-647002
contig_14799	120446	120620	intergenic	.	contig_14799:120446-120620
contig_14799	136107	136403	intergenic	.	contig_14799:136107-136403
contig_14799	1035482	1035863	intergenic	.	contig_14799:1035482-1035863
contig_14799	1238383	1238463	intergenic	.	contig_14799:1238383-1238463
contig_14799	1239260	1239742	intergenic	.	contig_14799:1239260-1239742
contig_14834	29960	30195	intergenic	.	contig_14834:29960-30195
contig_14834	452085	452249	intergenic	.	contig_14834:452085-452249
contig_14845	132739	133006	intergenic	.	contig_14845:132739-133006
contig_14845	821783	821995	intergenic	.	contig_14845:821783-821995
contig_14892	85443	85607	gene,mRNA	.	contig_14892:85443-85607,contig_14892:85443-85607
contig_14913	37267	37474	intergenic	.	contig_14913:37267-37474
contig_14947	1134766	1134978	intergenic	.	contig_14947:1134766-1134978
contig_14947	1202082	1202602	gene,mRNA	.	contig_14947:1202082-1202602,contig_14947:1202082-1202602
contig_1496	239857	240035	intergenic	.	contig_1496:239857-240035
contig_1496	354151	354305	gene,mRNA	.	contig_1496:354151-354305,contig_1496:354151-354305
contig_1496	801542	801656	gene,mRNA	.	contig_1496:801542-801656,contig_1496:801542-801656
contig_1496	801822	802019	gene,mRNA	.	contig_1496:801822-802019,contig_1496:801822-802019
contig_14982	323371	323784	intergenic	.	contig_14982:323371-323784
contig_14985	1103648	1103734	intergenic	.	contig_14985:1103648-1103734
contig_14985	2283660	2283818	intergenic	.	contig_14985:2283660-2283818
contig_15	804920	805022	gene,mRNA	.	contig_15:804920-805022,contig_15:804920-805022
contig_1500	2475794	2476094	gene,mRNA,exon,CDS	.	contig_1500:2475794-2476094,contig_1500:2475794-2476094,contig_1500:2475794-2476094,contig_1500:2475794-2476094
contig_15017	273548	273643	intergenic	.	contig_15017:273548-273643
contig_15017	422535	422634	intergenic	.	contig_15017:422535-422634
contig_1503	283312	283509	intergenic	.	contig_1503:283312-283509
contig_1503	502495	502780	intergenic	.	contig_1503:502495-502780
contig_1503	804387	804764	gene,mRNA	.	contig_1503:804387-804764,contig_1503:804387-804764
contig_1503	812503	812647	gene,mRNA	.	contig_1503:812503-812647,contig_1503:812503-812647
contig_1503	816286	816485	gene,mRNA	.	contig_1503:816286-816485,contig_1503:816286-816485
contig_15041	38076	38137	intergenic	.	contig_15041:38076-38137
contig_15041	156182	156364	intergenic	.	contig_15041:156182-156364
contig_15041	255018	255094	intergenic	.	contig_15041:255018-255094
contig_1505	794798	794865	intergenic	.	contig_1505:794798-794865
contig_1505	1690632	1690739	gene,mRNA	.	contig_1505:1690632-1690739,contig_1505:1690632-1690739
contig_15084	324568	324862	intergenic	.	contig_15084:324568-324862
contig_15084	431907	432021	intergenic	.	contig_15084:431907-432021
contig_15084	489178	489318	intergenic	.	contig_15084:489178-489318
contig_15084	489620	489697	intergenic	.	contig_15084:489620-489697
contig_15084	556679	556761	intergenic	.	contig_15084:556679-556761
contig_15092	116456	116628	gene,mRNA	.	contig_15092:116456-116628,contig_15092:116456-116628
contig_15092	217058	217382	intergenic	.	contig_15092:217058-217382
contig_15098	276574	276642	intergenic	.	contig_15098:276574-276642
contig_15098	414485	414700	intergenic	.	contig_15098:414485-414700
contig_15128	99508	99751	intergenic	.	contig_15128:99508-99751
contig_15128	119742	120053	gene,mRNA	.	contig_15128:119742-120053,contig_15128:119742-120053
contig_15128	191585	191737	intergenic	.	contig_15128:191585-191737
contig_15128	294636	294867	intergenic	.	contig_15128:294636-294867
contig_15128	347219	347433	intergenic	.	contig_15128:347219-347433
contig_15135	859227	859377	gene,mRNA,exon,CDS	.	contig_15135:859227-859377,contig_15135:859227-859377,contig_15135:859227-859377,contig_15135:859227-859377
contig_15168	46867	47213	intergenic	.	contig_15168:46867-47213
contig_15168	173395	173630	intergenic	.	contig_15168:173395-173630
contig_15168	1294174	1294550	gene,mRNA	.	contig_15168:1294174-1294550,contig_15168:1294174-1294550
contig_15168	1316890	1317094	intergenic	.	contig_15168:1316890-1317094
contig_152	1704393	1704554	intergenic	.	contig_152:1704393-1704554
contig_15268	764943	764993	gene,mRNA	.	contig_15268:764943-764993,contig_15268:764943-764993
contig_15290	68174	68238	gene,mRNA	.	contig_15290:68174-68238,contig_15290:68174-68238
contig_15297	167110	167363	intergenic	.	contig_15297:167110-167363
contig_15297	182781	182954	intergenic	.	contig_15297:182781-182954
contig_15297	343187	343697	gene,mRNA	.	contig_15297:343187-343697,contig_15297:343187-343697
contig_15315	165699	165967	gene,mRNA	.	contig_15315:165699-165967,contig_15315:165699-165967
contig_15315	327634	327947	intergenic	.	contig_15315:327634-327947
contig_15355	1554767	1554860	intergenic	.	contig_15355:1554767-1554860
contig_15355	2237375	2237501	intergenic	.	contig_15355:2237375-2237501
contig_1537	434179	434507	intergenic	.	contig_1537:434179-434507
contig_1537	1312404	1312473	intergenic	.	contig_1537:1312404-1312473
contig_1537	2341749	2342237	intergenic	.	contig_1537:2341749-2342237
contig_1537	3053636	3053874	intergenic	.	contig_1537:3053636-3053874
contig_1537	3382739	3382885	intergenic	.	contig_1537:3382739-3382885
contig_1537	3482541	3482786	intergenic	.	contig_1537:3482541-3482786
contig_1537	4631943	4632146	intergenic	.	contig_1537:4631943-4632146
contig_15375	236999	237147	intergenic	.	contig_15375:236999-237147
contig_15375	265421	265622	intergenic	.	contig_15375:265421-265622
contig_15385	211796	212001	intergenic	.	contig_15385:211796-212001
contig_15396	883464	883643	intergenic	.	contig_15396:883464-883643
contig_15396	1087361	1087775	gene,mRNA	.	contig_15396:1087361-1087775,contig_15396:1087361-1087775
contig_15396	1309630	1309718	intergenic	.	contig_15396:1309630-1309718
contig_15396	1316228	1316422	intergenic	.	contig_15396:1316228-1316422
contig_15396	1637145	1637483	intergenic	.	contig_15396:1637145-1637483
contig_15396	1686958	1687337	intergenic	.	contig_15396:1686958-1687337
contig_15396	1814301	1814794	intergenic	.	contig_15396:1814301-1814794
contig_15396	1848676	1848920	gene,mRNA	.	contig_15396:1848676-1848920,contig_15396:1848676-1848920
contig_15396	1860766	1860916	intergenic	.	contig_15396:1860766-1860916
contig_15396	2096289	2096432	intergenic	.	contig_15396:2096289-2096432
contig_15397	436243	436456	gene,mRNA	.	contig_15397:436243-436456,contig_15397:436243-436456
contig_15397	649793	650064	gene,mRNA	.	contig_15397:649793-650064,contig_15397:649793-650064
contig_15420	2811	2932	intergenic	.	contig_15420:2811-2932
contig_15423	23895	24143	intergenic	.	contig_15423:23895-24143
contig_15426	173414	174038	intergenic	.	contig_15426:173414-174038
contig_15439	578480	578546	intergenic	.	contig_15439:578480-578546
contig_15448	281046	281277	exon,CDS,gene,mRNA	.	contig_15448:281046-281277,contig_15448:281046-281277,contig_15448:281046-281277,contig_15448:281046-281277
contig_15456	3416	3501	gene,mRNA	.	contig_15456:3416-3501,contig_15456:3416-3501
contig_15456	3792	3998	gene,mRNA	.	contig_15456:3792-3998,contig_15456:3792-3998
contig_15498	232608	232679	gene,mRNA	.	contig_15498:232608-232679,contig_15498:232608-232679
contig_155	58592	58669	gene,mRNA	.	contig_155:58592-58669,contig_155:58592-58669
contig_155	276864	276921	intergenic	.	contig_155:276864-276921
contig_155	590692	591059	gene,mRNA	.	contig_155:590692-591059,contig_155:590692-591059
contig_155	1080749	1080846	intergenic	.	contig_155:1080749-1080846
contig_155	1081133	1081229	intergenic	.	contig_155:1081133-1081229
contig_155	1704245	1704525	gene,mRNA	.	contig_155:1704245-1704525,contig_155:1704245-1704525
contig_15527	7925	8046	intergenic	.	contig_15527:7925-8046
contig_15527	127298	127844	exon,CDS,start_codon,gene,mRNA	.	contig_15527:127298-127844,contig_15527:127298-127844,contig_15527:127298-127844,contig_15527:127298-127844,contig_15527:127298-127844
contig_15527	127542	127844	intergenic	.	contig_15527:127542-127844
contig_15527	158110	158358	intergenic	.	contig_15527:158110-158358
contig_15527	327263	327716	gene,mRNA	.	contig_15527:327263-327716,contig_15527:327263-327716
contig_15537	395040	395696	exon,CDS,start_codon,gene,mRNA	.	contig_15537:395040-395696,contig_15537:395040-395696,contig_15537:395040-395696,contig_15537:395040-395696,contig_15537:395040-395696
contig_15537	395661	395696	intergenic	.	contig_15537:395661-395696
contig_15538	629665	629843	intergenic	.	contig_15538:629665-629843
contig_15547	58963	59019	intergenic	.	contig_15547:58963-59019
contig_15547	105299	105577	intergenic	.	contig_15547:105299-105577
contig_15547	162007	162291	intergenic	.	contig_15547:162007-162291
contig_15563	250630	250856	intergenic	.	contig_15563:250630-250856
contig_15565	72523	72811	intergenic	.	contig_15565:72523-72811
contig_15569	15559	15845	intergenic	.	contig_15569:15559-15845
contig_1557	583601	583805	intergenic	.	contig_1557:583601-583805
contig_1557	749517	749812	intergenic	.	contig_1557:749517-749812
contig_1557	810866	811309	intergenic	.	contig_1557:810866-811309
contig_1557	853221	853525	intergenic	.	contig_1557:853221-853525
contig_1557	1005434	1005808	intergenic	.	contig_1557:1005434-1005808
contig_1557	1186453	1186638	gene,mRNA,exon,CDS	.	contig_1557:1186453-1186638,contig_1557:1186453-1186638,contig_1557:1186453-1186638,contig_1557:1186453-1186638
contig_1557	1405298	1405533	intergenic	.	contig_1557:1405298-1405533
contig_1557	1692915	1693527	gene,mRNA	.	contig_1557:1692915-1693527,contig_1557:1692915-1693527
contig_1557	1797170	1797232	intergenic	.	contig_1557:1797170-1797232
contig_15586	573720	573888	intergenic	.	contig_15586:573720-573888
contig_15586	1541993	1542183	intergenic	.	contig_15586:1541993-1542183
contig_156	649381	649850	intergenic	.	contig_156:649381-649850
contig_15616	85139	85479	intergenic	.	contig_15616:85139-85479
contig_15616	149656	149958	intergenic	.	contig_15616:149656-149958
contig_15616	331155	331254	intergenic	.	contig_15616:331155-331254
contig_15626	2798	2852	intergenic	.	contig_15626:2798-2852
contig_15626	21938	22132	intergenic	.	contig_15626:21938-22132
contig_1563	187260	187574	intergenic	.	contig_1563:187260-187574
contig_15641	261235	261522	intergenic	.	contig_15641:261235-261522
contig_15641	365579	365637	intergenic	.	contig_15641:365579-365637
contig_15641	412909	413310	exon,CDS,gene,mRNA	.	contig_15641:412909-413310,contig_15641:412909-413310,contig_15641:412909-413310,contig_15641:412909-413310
contig_15641	659211	659565	intergenic	.	contig_15641:659211-659565
contig_15662	96435	96831	gene,mRNA,exon,CDS,stop_codon,polyA_signal_sequence	.	contig_15662:96435-96831,contig_15662:96435-96831,contig_15662:96435-96831,contig_15662:96435-96831,contig_15662:96435-96831,contig_15662:96435-96831
contig_15662	96807	96831	intergenic	.	contig_15662:96807-96831
contig_15662	174193	174413	gene,polyA_signal_sequence	.	contig_15662:174193-174413,contig_15662:174193-174413
contig_15662	174355	174413	intergenic	.	contig_15662:174355-174413
contig_15662	184386	184656	intergenic	.	contig_15662:184386-184656
contig_15662	262298	262519	intergenic	.	contig_15662:262298-262519
contig_15735	1914	2216	intergenic	.	contig_15735:1914-2216
contig_15735	581608	581902	intergenic	.	contig_15735:581608-581902
contig_15735	637330	637551	intergenic	.	contig_15735:637330-637551
contig_15735	691199	691403	intergenic	.	contig_15735:691199-691403
contig_15746	11338	11753	intergenic	.	contig_15746:11338-11753
contig_15746	48486	48651	intergenic	.	contig_15746:48486-48651
contig_15750	626619	626816	intergenic	.	contig_15750:626619-626816
contig_15750	681855	682013	intergenic	.	contig_15750:681855-682013
contig_15750	719399	719548	intergenic	.	contig_15750:719399-719548
contig_15750	778277	778497	intergenic	.	contig_15750:778277-778497
contig_15768	73355	73652	intergenic	.	contig_15768:73355-73652
contig_15768	216940	217382	intergenic	.	contig_15768:216940-217382
contig_15775	25876	26120	intergenic	.	contig_15775:25876-26120
contig_15792	5847	6108	intergenic	.	contig_15792:5847-6108
contig_15797	185210	185283	intergenic	.	contig_15797:185210-185283
contig_15797	306810	307232	intergenic	.	contig_15797:306810-307232
contig_15797	478802	479004	intergenic	.	contig_15797:478802-479004
contig_15797	881449	881543	intergenic	.	contig_15797:881449-881543
contig_15827	18335	18421	intergenic	.	contig_15827:18335-18421
contig_15827	18792	18916	intergenic	.	contig_15827:18792-18916
contig_15831	83273	83542	intergenic	.	contig_15831:83273-83542
contig_1584	119653	119703	intergenic	.	contig_1584:119653-119703
contig_1584	154087	154597	intergenic	.	contig_1584:154087-154597
contig_1584	193085	193262	intergenic	.	contig_1584:193085-193262
contig_15884	859896	859950	intergenic	.	contig_15884:859896-859950
contig_15927	127759	127914	gene,mRNA	.	contig_15927:127759-127914,contig_15927:127759-127914
contig_15927	205238	205448	intergenic	.	contig_15927:205238-205448
contig_15951	1211273	1211542	intergenic	.	contig_15951:1211273-1211542
contig_16035	1591287	1591535	gene,mRNA	.	contig_16035:1591287-1591535,contig_16035:1591287-1591535
contig_16035	1635308	1635817	gene,mRNA	.	contig_16035:1635308-1635817,contig_16035:1635308-1635817
contig_16063	83986	84140	intergenic	.	contig_16063:83986-84140
contig_16063	583112	583193	intergenic	.	contig_16063:583112-583193
contig_16079	44177	44371	intergenic	.	contig_16079:44177-44371
contig_16104	2490	2583	intergenic	.	contig_16104:2490-2583
contig_16177	366539	366667	intergenic	.	contig_16177:366539-366667
contig_16177	520615	520912	intergenic	.	contig_16177:520615-520912
contig_16219	949963	950043	intergenic	.	contig_16219:949963-950043
contig_1622	453411	453659	intergenic	.	contig_1622:453411-453659
contig_1622	553411	553476	intergenic	.	contig_1622:553411-553476
contig_16224	209784	209967	intergenic	.	contig_16224:209784-209967
contig_16224	267153	267593	intergenic	.	contig_16224:267153-267593
contig_16265	52955	53348	intergenic	.	contig_16265:52955-53348
contig_16286	148554	148853	gene,mRNA	.	contig_16286:148554-148853,contig_16286:148554-148853
contig_1633	312505	312857	gene,mRNA	.	contig_1633:312505-312857,contig_1633:312505-312857
contig_1633	932362	932439	gene,mRNA	.	contig_1633:932362-932439,contig_1633:932362-932439
contig_1633	2292198	2292272	intergenic	.	contig_1633:2292198-2292272
contig_1633	2555656	2555766	gene,mRNA	.	contig_1633:2555656-2555766,contig_1633:2555656-2555766
contig_1633	3159597	3159720	intergenic	.	contig_1633:3159597-3159720
contig_1633	3582961	3583163	gene,mRNA	.	contig_1633:3582961-3583163,contig_1633:3582961-3583163
contig_16388	83866	84538	intergenic	.	contig_16388:83866-84538
contig_16388	142626	142692	intergenic	.	contig_16388:142626-142692
contig_16388	152219	152396	intergenic	.	contig_16388:152219-152396
contig_16388	233759	234111	gene,mRNA	.	contig_16388:233759-234111,contig_16388:233759-234111
contig_16388	375914	376219	intergenic	.	contig_16388:375914-376219
contig_16388	443702	443844	intergenic	.	contig_16388:443702-443844
contig_16394	287663	287791	intergenic	.	contig_16394:287663-287791
contig_16394	288269	288378	intergenic	.	contig_16394:288269-288378
contig_16394	672909	673063	intergenic	.	contig_16394:672909-673063
contig_16402	581348	581407	intergenic	.	contig_16402:581348-581407
contig_16451	305454	305517	intergenic	.	contig_16451:305454-305517
contig_16477	34607	34772	gene,mRNA	.	contig_16477:34607-34772,contig_16477:34607-34772
contig_16493	426555	426608	intergenic	.	contig_16493:426555-426608
contig_16493	566040	566164	intergenic	.	contig_16493:566040-566164
contig_16512	82556	82838	gene,mRNA	.	contig_16512:82556-82838,contig_16512:82556-82838
contig_16512	92764	93287	gene,mRNA	.	contig_16512:92764-93287,contig_16512:92764-93287
contig_16525	36168	36466	intergenic	.	contig_16525:36168-36466
contig_16525	468062	468230	intergenic	.	contig_16525:468062-468230
contig_16547	93264	93463	intergenic	.	contig_16547:93264-93463
contig_16586	576978	577161	intergenic	.	contig_16586:576978-577161
contig_16586	577491	577582	intergenic	.	contig_16586:577491-577582
contig_16596	209357	209770	intergenic	.	contig_16596:209357-209770
contig_16596	245659	246043	intergenic	.	contig_16596:245659-246043
contig_166	737132	737410	intergenic	.	contig_166:737132-737410
contig_166	2564568	2564789	intergenic	.	contig_166:2564568-2564789
contig_166	2823821	2823982	intergenic	.	contig_166:2823821-2823982
contig_166	2911089	2911148	intergenic	.	contig_166:2911089-2911148
contig_166	3272791	3272843	intergenic	.	contig_166:3272791-3272843
contig_166	3289076	3289149	intergenic	.	contig_166:3289076-3289149
contig_166	3831619	3831795	gene,mRNA	.	contig_166:3831619-3831795,contig_166:3831619-3831795
contig_166	4470312	4470384	intergenic	.	contig_166:4470312-4470384
contig_166	4855975	4856253	gene,mRNA	.	contig_166:4855975-4856253,contig_166:4855975-4856253
contig_166	4989585	4989652	intergenic	.	contig_166:4989585-4989652
contig_166	5113510	5113630	intergenic	.	contig_166:5113510-5113630
contig_166	5122327	5122471	intergenic	.	contig_166:5122327-5122471
contig_16606	63770	64102	intergenic	.	contig_16606:63770-64102
contig_16612	23748	23929	intergenic	.	contig_16612:23748-23929
contig_16616	234436	234584	intergenic	.	contig_16616:234436-234584
contig_16704	29318	29660	intergenic	.	contig_16704:29318-29660
contig_16704	171565	171694	intergenic	.	contig_16704:171565-171694
contig_16704	575108	575309	intergenic	.	contig_16704:575108-575309
contig_16739	4428	4564	intergenic	.	contig_16739:4428-4564
contig_16739	6055	6105	intergenic	.	contig_16739:6055-6105
contig_16757	96372	96503	gene,mRNA	.	contig_16757:96372-96503,contig_16757:96372-96503
contig_16760	274685	274897	intergenic	.	contig_16760:274685-274897
contig_16760	278061	278260	intergenic	.	contig_16760:278061-278260
contig_16760	278498	278548	intergenic	.	contig_16760:278498-278548
contig_16769	149869	150107	intergenic	.	contig_16769:149869-150107
contig_16778	212935	213191	intergenic	.	contig_16778:212935-213191
contig_16778	272998	273153	gene,mRNA	.	contig_16778:272998-273153,contig_16778:272998-273153
contig_16778	535563	536150	intergenic	.	contig_16778:535563-536150
contig_16806	218849	218991	intergenic	.	contig_16806:218849-218991
contig_16848	41358	41481	gene,mRNA	.	contig_16848:41358-41481,contig_16848:41358-41481
contig_16851	34611	34686	intergenic	.	contig_16851:34611-34686
contig_16851	201753	201880	intergenic	.	contig_16851:201753-201880
contig_16851	294628	294846	intergenic	.	contig_16851:294628-294846
contig_16851	318980	319192	start_codon,exon,CDS,gene,mRNA	.	contig_16851:318980-319192,contig_16851:318980-319192,contig_16851:318980-319192,contig_16851:318980-319192,contig_16851:318980-319192
contig_16880	43456	43540	intergenic	.	contig_16880:43456-43540
contig_16880	630015	630243	intergenic	.	contig_16880:630015-630243
contig_16909	1067969	1068094	intergenic	.	contig_16909:1067969-1068094
contig_16909	1081960	1082192	gene,mRNA	.	contig_16909:1081960-1082192,contig_16909:1081960-1082192
contig_16948	266954	267161	intergenic	.	contig_16948:266954-267161
contig_17040	468623	468709	intergenic	.	contig_17040:468623-468709
contig_17054	304785	305011	gene,mRNA	.	contig_17054:304785-305011,contig_17054:304785-305011
contig_17097	17231	17771	intergenic	.	contig_17097:17231-17771
contig_17104	29980	30369	intergenic	.	contig_17104:29980-30369
contig_17104	146844	147052	gene,mRNA	.	contig_17104:146844-147052,contig_17104:146844-147052
contig_17104	289451	289584	intergenic	.	contig_17104:289451-289584
contig_17104	368619	368751	intergenic	.	contig_17104:368619-368751
contig_17108	99394	99549	intergenic	.	contig_17108:99394-99549
contig_17108	104129	104509	intergenic	.	contig_17108:104129-104509
contig_17117	994464	995814	intergenic	.	contig_17117:994464-995814
contig_17117	1069660	1069784	intergenic	.	contig_17117:1069660-1069784
contig_17117	1148634	1148966	intergenic	.	contig_17117:1148634-1148966
contig_17143	96219	96443	intergenic	.	contig_17143:96219-96443
contig_17143	578350	578659	intergenic	.	contig_17143:578350-578659
contig_17172	173464	173546	intergenic	.	contig_17172:173464-173546
contig_17183	155371	155567	intergenic	.	contig_17183:155371-155567
contig_17197	141324	141390	intergenic	.	contig_17197:141324-141390
contig_172	644322	644651	gene,mRNA	.	contig_172:644322-644651,contig_172:644322-644651
contig_172	987925	988012	intergenic	.	contig_172:987925-988012
contig_172	1471057	1471119	gene,mRNA	.	contig_172:1471057-1471119,contig_172:1471057-1471119
contig_172	2096352	2096541	intergenic	.	contig_172:2096352-2096541
contig_172	2228074	2228264	intergenic	.	contig_172:2228074-2228264
contig_17215	277686	277795	intergenic	.	contig_17215:277686-277795
contig_17215	373620	373832	intergenic	.	contig_17215:373620-373832
contig_1725	413884	414407	gene,mRNA	.	contig_1725:413884-414407,contig_1725:413884-414407
contig_1725	1016816	1017204	intergenic	.	contig_1725:1016816-1017204
contig_1725	1020449	1020581	intergenic	.	contig_1725:1020449-1020581
contig_1725	1109975	1110066	intergenic	.	contig_1725:1109975-1110066
contig_1725	1126252	1126566	intergenic	.	contig_1725:1126252-1126566
contig_1728	14731	14986	intergenic	.	contig_1728:14731-14986
contig_1728	101037	101092	gene,mRNA	.	contig_1728:101037-101092,contig_1728:101037-101092
contig_1728	101416	101661	gene,mRNA	.	contig_1728:101416-101661,contig_1728:101416-101661
contig_1728	117218	117303	intergenic	.	contig_1728:117218-117303
contig_1728	153733	153804	intergenic	.	contig_1728:153733-153804
contig_173	1888537	1888745	gene,mRNA	.	contig_173:1888537-1888745,contig_173:1888537-1888745
contig_173	2173180	2173444	gene,mRNA	.	contig_173:2173180-2173444,contig_173:2173180-2173444
contig_173	2486926	2487103	intergenic	.	contig_173:2486926-2487103
contig_17354	377012	377280	intergenic	.	contig_17354:377012-377280
contig_17394	107306	107622	intergenic	.	contig_17394:107306-107622
contig_174	83453	83529	intergenic	.	contig_174:83453-83529
contig_174	126274	126406	gene,mRNA	.	contig_174:126274-126406,contig_174:126274-126406
contig_174	169387	169541	intergenic	.	contig_174:169387-169541
contig_174	232200	232298	gene,mRNA	.	contig_174:232200-232298,contig_174:232200-232298
contig_17402	50238	50545	intergenic	.	contig_17402:50238-50545
contig_17402	196292	196450	gene,mRNA	.	contig_17402:196292-196450,contig_17402:196292-196450
contig_1741	325493	325723	intergenic	.	contig_1741:325493-325723
contig_1741	331947	332137	intergenic	.	contig_1741:331947-332137
contig_1741	695585	695721	intergenic	.	contig_1741:695585-695721
contig_1741	1375169	1375479	intergenic	.	contig_1741:1375169-1375479
contig_17436	605888	605991	intergenic	.	contig_17436:605888-605991
contig_1745	783913	784207	intergenic	.	contig_1745:783913-784207
contig_1745	1587148	1587397	intergenic	.	contig_1745:1587148-1587397
contig_1745	1662959	1663184	intergenic	.	contig_1745:1662959-1663184
contig_1745	3254156	3254208	gene,mRNA	.	contig_1745:3254156-3254208,contig_1745:3254156-3254208
contig_1745	3810700	3810934	intergenic	.	contig_1745:3810700-3810934
contig_1745	4959162	4959214	gene,mRNA	.	contig_1745:4959162-4959214,contig_1745:4959162-4959214
contig_1745	5020682	5020745	intergenic	.	contig_1745:5020682-5020745
contig_1745	6111320	6111482	intergenic	.	contig_1745:6111320-6111482
contig_1745	7209622	7209823	intergenic	.	contig_1745:7209622-7209823
contig_1745	7539742	7539833	intergenic	.	contig_1745:7539742-7539833
contig_1745	7754507	7754687	intergenic	.	contig_1745:7754507-7754687
contig_17461	702938	703124	intergenic	.	contig_17461:702938-703124
contig_17461	1116777	1116970	intergenic	.	contig_17461:1116777-1116970
contig_17491	101499	101556	intergenic	.	contig_17491:101499-101556
contig_17491	423655	423726	intergenic	.	contig_17491:423655-423726
contig_175	358378	358613	intergenic	.	contig_175:358378-358613
contig_175	398248	398399	intergenic	.	contig_175:398248-398399
contig_17511	324193	324351	intergenic	.	contig_17511:324193-324351
contig_17514	818666	818956	gene,mRNA	.	contig_17514:818666-818956,contig_17514:818666-818956
contig_17514	1347235	1347515	intergenic	.	contig_17514:1347235-1347515
contig_1757	1258408	1258488	gene,mRNA	.	contig_1757:1258408-1258488,contig_1757:1258408-1258488
contig_17625	156466	156939	intergenic	.	contig_17625:156466-156939
contig_1764	54268	54756	intergenic	.	contig_1764:54268-54756
contig_1764	154818	154887	intergenic	.	contig_1764:154818-154887
contig_17671	58789	58877	intergenic	.	contig_17671:58789-58877
contig_17692	93488	93920	stop_codon,exon,CDS,gene,mRNA	.	contig_17692:93488-93920,contig_17692:93488-93920,contig_17692:93488-93920,contig_17692:93488-93920,contig_17692:93488-93920
contig_17696	131353	131440	intergenic	.	contig_17696:131353-131440
contig_17696	131353	131503	gene,mRNA,start_codon,exon,CDS,exon,CDS	.	contig_17696:131353-131503,contig_17696:131353-131503,contig_17696:131353-131503,contig_17696:131353-131503,contig_17696:131353-131503,contig_17696:131353-131503,contig_17696:131353-131503
contig_17696	167342	167423	intergenic	.	contig_17696:167342-167423
contig_177	305724	305850	intergenic	.	contig_177:305724-305850
contig_177	380460	380513	intergenic	.	contig_177:380460-380513
contig_17709	79877	80097	intergenic	.	contig_17709:79877-80097
contig_17709	193404	193625	intergenic	.	contig_17709:193404-193625
contig_17718	23784	23974	intergenic	.	contig_17718:23784-23974
contig_17727	294443	294733	intergenic	.	contig_17727:294443-294733
contig_17727	473924	474279	gene,mRNA	.	contig_17727:473924-474279,contig_17727:473924-474279
contig_17727	474590	474764	gene,mRNA	.	contig_17727:474590-474764,contig_17727:474590-474764
contig_17792	65949	66457	intergenic	.	contig_17792:65949-66457
contig_17859	683181	683483	intergenic	.	contig_17859:683181-683483
contig_17916	108369	108562	intergenic	.	contig_17916:108369-108562
contig_17916	532237	532335	intergenic	.	contig_17916:532237-532335
contig_17916	895587	895780	intergenic	.	contig_17916:895587-895780
contig_17916	1216306	1216685	intergenic	.	contig_17916:1216306-1216685
contig_1792	354017	354240	intergenic	.	contig_1792:354017-354240
contig_1792	909808	909921	intergenic	.	contig_1792:909808-909921
contig_17926	355933	356128	intergenic	.	contig_17926:355933-356128
contig_17926	403751	404012	intergenic	.	contig_17926:403751-404012
contig_17926	547346	547451	intergenic	.	contig_17926:547346-547451
contig_17926	631557	631836	gene,mRNA	.	contig_17926:631557-631836,contig_17926:631557-631836
contig_17926	797106	797181	intergenic	.	contig_17926:797106-797181
contig_17926	808462	808800	intergenic	.	contig_17926:808462-808800
contig_17926	938155	938739	intergenic	.	contig_17926:938155-938739
contig_17926	1048030	1048138	intergenic	.	contig_17926:1048030-1048138
contig_17926	1069891	1070284	intergenic	.	contig_17926:1069891-1070284
contig_17926	1213449	1213681	intergenic	.	contig_17926:1213449-1213681
contig_17926	1264966	1265130	gene,mRNA	.	contig_17926:1264966-1265130,contig_17926:1264966-1265130
contig_17952	2265328	2265458	intergenic	.	contig_17952:2265328-2265458
contig_17992	254809	255001	gene,mRNA	.	contig_17992:254809-255001,contig_17992:254809-255001
contig_17992	517034	517137	gene,mRNA	.	contig_17992:517034-517137,contig_17992:517034-517137
contig_17992	587423	587683	intergenic	.	contig_17992:587423-587683
contig_17997	32473	32893	intergenic	.	contig_17997:32473-32893
contig_1801	873001	873146	intergenic	.	contig_1801:873001-873146
contig_1801	1030308	1030412	intergenic	.	contig_1801:1030308-1030412
contig_18011	300790	300976	intergenic	.	contig_18011:300790-300976
contig_18011	309877	309957	intergenic	.	contig_18011:309877-309957
contig_18011	664975	665058	gene,mRNA	.	contig_18011:664975-665058,contig_18011:664975-665058
contig_18011	665356	665508	gene,mRNA	.	contig_18011:665356-665508,contig_18011:665356-665508
contig_18015	377877	378003	intergenic	.	contig_18015:377877-378003
contig_18015	378331	378402	intergenic	.	contig_18015:378331-378402
contig_18015	378772	378956	intergenic	.	contig_18015:378772-378956
contig_1802	319856	319909	intergenic	.	contig_1802:319856-319909
contig_1802	378404	378865	intergenic	.	contig_1802:378404-378865
contig_1802	520341	520735	intergenic	.	contig_1802:520341-520735
contig_18034	1267	1430	intergenic	.	contig_18034:1267-1430
contig_18034	1737	1803	intergenic	.	contig_18034:1737-1803
contig_18034	9263	9461	intergenic	.	contig_18034:9263-9461
contig_18039	368863	368919	gene,mRNA	.	contig_18039:368863-368919,contig_18039:368863-368919
contig_18039	403195	403287	gene,mRNA	.	contig_18039:403195-403287,contig_18039:403195-403287
contig_18039	457329	457498	intergenic	.	contig_18039:457329-457498
contig_18039	461656	461857	intergenic	.	contig_18039:461656-461857
contig_18039	583405	583617	gene,mRNA	.	contig_18039:583405-583617,contig_18039:583405-583617
contig_18039	768341	768715	intergenic	.	contig_18039:768341-768715
contig_18039	772418	772521	intergenic	.	contig_18039:772418-772521
contig_18039	825586	825944	intergenic	.	contig_18039:825586-825944
contig_18039	846303	846387	intergenic	.	contig_18039:846303-846387
contig_1805	258544	258941	intergenic	.	contig_1805:258544-258941
contig_18052	18997	19250	intergenic	.	contig_18052:18997-19250
contig_18052	29132	29310	intergenic	.	contig_18052:29132-29310
contig_18074	9664	9855	intergenic	.	contig_18074:9664-9855
contig_18074	333688	333745	intergenic	.	contig_18074:333688-333745
contig_18074	386102	386245	intergenic	.	contig_18074:386102-386245
contig_18074	458484	458674	intergenic	.	contig_18074:458484-458674
contig_18087	315677	315904	intergenic	.	contig_18087:315677-315904
contig_18087	350223	350318	intergenic	.	contig_18087:350223-350318
contig_18092	52127	52263	intergenic	.	contig_18092:52127-52263
contig_18098	62028	62188	intergenic	.	contig_18098:62028-62188
contig_18098	461813	461992	intergenic	.	contig_18098:461813-461992
contig_18098	564233	564452	gene,mRNA	.	contig_18098:564233-564452,contig_18098:564233-564452
contig_18115	316557	316613	gene,mRNA	.	contig_18115:316557-316613,contig_18115:316557-316613
contig_1813	859331	859560	intergenic	.	contig_1813:859331-859560
contig_1813	1074638	1074922	intergenic	.	contig_1813:1074638-1074922
contig_1813	2846572	2846820	intergenic	.	contig_1813:2846572-2846820
contig_1813	3182688	3182826	intergenic	.	contig_1813:3182688-3182826
contig_1813	4614786	4614866	intergenic	.	contig_1813:4614786-4614866
contig_1813	4885594	4885751	intergenic	.	contig_1813:4885594-4885751
contig_1813	9406877	9407020	intergenic	.	contig_1813:9406877-9407020
contig_1813	10223130	10223358	intergenic	.	contig_1813:10223130-10223358
contig_1813	11905721	11905891	intergenic	.	contig_1813:11905721-11905891
contig_1813	12679546	12679703	intergenic	.	contig_1813:12679546-12679703
contig_18136	829856	830161	intergenic	.	contig_18136:829856-830161
contig_18148	49954	50123	intergenic	.	contig_18148:49954-50123
contig_18148	1413775	1413988	intergenic	.	contig_18148:1413775-1413988
contig_18170	113996	114062	intergenic	.	contig_18170:113996-114062
contig_18170	933471	933581	gene,mRNA,gene,mRNA	.	contig_18170:933471-933581,contig_18170:933471-933581,contig_18170:933471-933581,contig_18170:933471-933581
contig_18188	156318	156378	gene,mRNA	.	contig_18188:156318-156378,contig_18188:156318-156378
contig_18199	32100	32527	intergenic	.	contig_18199:32100-32527
contig_18199	242685	242899	intergenic	.	contig_18199:242685-242899
contig_18199	463806	463942	gene,mRNA	.	contig_18199:463806-463942,contig_18199:463806-463942
contig_18199	714611	714924	gene,mRNA	.	contig_18199:714611-714924,contig_18199:714611-714924
contig_18199	897298	897487	intergenic	.	contig_18199:897298-897487
contig_18199	930076	930169	intergenic	.	contig_18199:930076-930169
contig_18199	1628929	1629015	gene,mRNA	.	contig_18199:1628929-1629015,contig_18199:1628929-1629015
contig_18199	1927188	1927530	intergenic	.	contig_18199:1927188-1927530
contig_18199	1936953	1937331	intergenic	.	contig_18199:1936953-1937331
contig_18204	114977	115083	intergenic	.	contig_18204:114977-115083
contig_18210	151877	151985	intergenic	.	contig_18210:151877-151985
contig_18210	415419	415652	intergenic	.	contig_18210:415419-415652
contig_18306	66973	67280	gene,mRNA	.	contig_18306:66973-67280,contig_18306:66973-67280
contig_18321	446411	446996	intergenic	.	contig_18321:446411-446996
contig_18321	449028	449177	intergenic	.	contig_18321:449028-449177
contig_18321	556475	556649	intergenic	.	contig_18321:556475-556649
contig_18322	353835	354322	gene,mRNA,stop_codon,exon,CDS	.	contig_18322:353835-354322,contig_18322:353835-354322,contig_18322:353835-354322,contig_18322:353835-354322,contig_18322:353835-354322
contig_18323	36964	37220	intergenic	.	contig_18323:36964-37220
contig_18323	105602	105808	intergenic	.	contig_18323:105602-105808
contig_18323	165474	165583	intergenic	.	contig_18323:165474-165583
contig_18323	178985	179458	intergenic	.	contig_18323:178985-179458
contig_18353	18870	18948	intergenic	.	contig_18353:18870-18948
contig_18353	110244	110505	gene,mRNA,exon,CDS	.	contig_18353:110244-110505,contig_18353:110244-110505,contig_18353:110244-110505,contig_18353:110244-110505
contig_18377	54584	54864	intergenic	.	contig_18377:54584-54864
contig_18377	87238	87520	intergenic	.	contig_18377:87238-87520
contig_18377	104575	104919	intergenic	.	contig_18377:104575-104919
contig_18377	201035	201682	intergenic	.	contig_18377:201035-201682
contig_18377	264116	264292	intergenic	.	contig_18377:264116-264292
contig_18402	120	518	intergenic	.	contig_18402:120-518
contig_18402	448976	449464	intergenic	.	contig_18402:448976-449464
contig_18402	534607	534658	intergenic	.	contig_18402:534607-534658
contig_18402	697462	697634	intergenic	.	contig_18402:697462-697634
contig_18402	739147	739527	intergenic	.	contig_18402:739147-739527
contig_18421	172860	173338	intergenic	.	contig_18421:172860-173338
contig_18438	40337	40583	intergenic	.	contig_18438:40337-40583
contig_1845	1347030	1347268	intergenic	.	contig_1845:1347030-1347268
contig_1845	3008040	3008161	intergenic	.	contig_1845:3008040-3008161
contig_1845	3880948	3881167	intergenic	.	contig_1845:3880948-3881167
contig_1845	3904168	3904308	intergenic	.	contig_1845:3904168-3904308
contig_1845	4638994	4639234	intergenic	.	contig_1845:4638994-4639234
contig_1845	6157877	6158043	intergenic	.	contig_1845:6157877-6158043
contig_1845	6172252	6172500	intergenic	.	contig_1845:6172252-6172500
contig_1845	6576741	6576807	gene,mRNA	.	contig_1845:6576741-6576807,contig_1845:6576741-6576807
contig_1845	7311920	7312003	intergenic	.	contig_1845:7311920-7312003
contig_1845	7312257	7312445	intergenic	.	contig_1845:7312257-7312445
contig_1845	7342583	7342897	intergenic	.	contig_1845:7342583-7342897
contig_1845	8410469	8410619	gene	.	contig_1845:8410469-8410619
contig_1845	8410777	8410927	gene,mRNA,exon,CDS	.	contig_1845:8410777-8410927,contig_1845:8410777-8410927,contig_1845:8410777-8410927,contig_1845:8410777-8410927
contig_1845	8412760	8412910	gene,mRNA	.	contig_1845:8412760-8412910,contig_1845:8412760-8412910
contig_1845	8704673	8704730	intergenic	.	contig_1845:8704673-8704730
contig_1845	9572022	9572173	intergenic	.	contig_1845:9572022-9572173
contig_1845	9630973	9631126	intergenic	.	contig_1845:9630973-9631126
contig_1845	9925926	9926068	intergenic	.	contig_1845:9925926-9926068
contig_1845	10045089	10045209	gene,mRNA	.	contig_1845:10045089-10045209,contig_1845:10045089-10045209
contig_1845	10085404	10085645	intergenic	.	contig_1845:10085404-10085645
contig_1845	10354704	10354931	intergenic	.	contig_1845:10354704-10354931
contig_185	28187	28406	gene,mRNA	.	contig_185:28187-28406,contig_185:28187-28406
contig_185	45963	46659	intergenic	.	contig_185:45963-46659
contig_18515	277446	277633	intergenic	.	contig_18515:277446-277633
contig_18515	278005	278359	intergenic	.	contig_18515:278005-278359
contig_18515	309942	310047	intergenic	.	contig_18515:309942-310047
contig_18523	6532	6669	intergenic	.	contig_18523:6532-6669
contig_18554	18376	18661	intergenic	.	contig_18554:18376-18661
contig_18575	135878	136186	intergenic	.	contig_18575:135878-136186
contig_18595	3720	3917	intergenic	.	contig_18595:3720-3917
contig_18595	5831	5964	intergenic	.	contig_18595:5831-5964
contig_18679	59313	59372	intergenic	.	contig_18679:59313-59372
contig_18679	171878	172172	intergenic	.	contig_18679:171878-172172
contig_18679	209433	209627	gene,mRNA	.	contig_18679:209433-209627,contig_18679:209433-209627
contig_187	43140	43297	intergenic	.	contig_187:43140-43297
contig_187	45305	45569	intergenic	.	contig_187:45305-45569
contig_187	1982537	1982640	intergenic	.	contig_187:1982537-1982640
contig_187	2922791	2923083	intergenic	.	contig_187:2922791-2923083
contig_187	3416540	3416637	intergenic	.	contig_187:3416540-3416637
contig_187	3497034	3497403	intergenic	.	contig_187:3497034-3497403
contig_187	3752693	3752767	gene,mRNA	.	contig_187:3752693-3752767,contig_187:3752693-3752767
contig_18702	284225	284345	intergenic	.	contig_18702:284225-284345
contig_18702	541828	541966	intergenic	.	contig_18702:541828-541966
contig_18746	84693	84755	intergenic	.	contig_18746:84693-84755
contig_18767	182628	182857	gene,mRNA	.	contig_18767:182628-182857,contig_18767:182628-182857
contig_1885	625538	625730	intergenic	.	contig_1885:625538-625730
contig_1885	788996	789200	intergenic	.	contig_1885:788996-789200
contig_1885	1003425	1003559	intergenic	.	contig_1885:1003425-1003559
contig_1885	1145013	1145418	intergenic	.	contig_1885:1145013-1145418
contig_1885	1205925	1206191	intergenic	.	contig_1885:1205925-1206191
contig_1885	1538483	1538666	intergenic	.	contig_1885:1538483-1538666
contig_1885	1558407	1558557	intergenic	.	contig_1885:1558407-1558557
contig_18864	303827	304084	gene,mRNA	.	contig_18864:303827-304084,contig_18864:303827-304084
contig_18936	711979	712213	intergenic	.	contig_18936:711979-712213
contig_18936	721725	722039	intergenic	.	contig_18936:721725-722039
contig_18936	881786	882183	intergenic	.	contig_18936:881786-882183
contig_18936	947206	947345	intergenic	.	contig_18936:947206-947345
contig_18952	354814	354968	intergenic	.	contig_18952:354814-354968
contig_18952	418138	418353	gene,mRNA	.	contig_18952:418138-418353,contig_18952:418138-418353
contig_18952	445796	445946	intergenic	.	contig_18952:445796-445946
contig_18952	468658	468833	intergenic	.	contig_18952:468658-468833
contig_18952	682009	682223	gene,mRNA	.	contig_18952:682009-682223,contig_18952:682009-682223
contig_18952	1427544	1427665	intergenic	.	contig_18952:1427544-1427665
contig_18952	1443899	1444099	intergenic	.	contig_18952:1443899-1444099
contig_18970	187738	187988	intergenic	.	contig_18970:187738-187988
contig_18978	265501	265710	intergenic	.	contig_18978:265501-265710
contig_18978	320775	321170	intergenic	.	contig_18978:320775-321170
contig_18978	359649	359850	intergenic	.	contig_18978:359649-359850
contig_18978	367553	367854	intergenic	.	contig_18978:367553-367854
contig_18978	546619	546730	intergenic	.	contig_18978:546619-546730
contig_19013	18317	18367	intergenic	.	contig_19013:18317-18367
contig_19013	49651	49861	intergenic	.	contig_19013:49651-49861
contig_19092	124097	124301	intergenic	.	contig_19092:124097-124301
contig_19092	148974	149424	intergenic	.	contig_19092:148974-149424
contig_19216	38697	39053	intergenic	.	contig_19216:38697-39053
contig_19216	51635	51725	intergenic	.	contig_19216:51635-51725
contig_1922	655142	655245	intergenic	.	contig_1922:655142-655245
contig_1922	1148411	1148474	intergenic	.	contig_1922:1148411-1148474
contig_1922	1245567	1245692	intergenic	.	contig_1922:1245567-1245692
contig_1922	1685708	1685921	intergenic	.	contig_1922:1685708-1685921
contig_1922	2328096	2328388	intergenic	.	contig_1922:2328096-2328388
contig_1922	2554211	2554385	intergenic	.	contig_1922:2554211-2554385
contig_1922	2978451	2978552	intergenic	.	contig_1922:2978451-2978552
contig_1922	3001680	3002326	intergenic	.	contig_1922:3001680-3002326
contig_1922	3071586	3071999	intergenic	.	contig_1922:3071586-3071999
contig_1922	3214041	3214482	gene,mRNA	.	contig_1922:3214041-3214482,contig_1922:3214041-3214482
contig_1922	3331952	3332219	intergenic	.	contig_1922:3331952-3332219
contig_19225	106668	107015	intergenic	.	contig_19225:106668-107015
contig_19225	247231	247304	intergenic	.	contig_19225:247231-247304
contig_19225	334038	334388	intergenic	.	contig_19225:334038-334388
contig_19225	334672	334800	intergenic	.	contig_19225:334672-334800
contig_19240	200775	200983	intergenic	.	contig_19240:200775-200983
contig_19256	73156	73316	gene,mRNA	.	contig_19256:73156-73316,contig_19256:73156-73316
contig_19270	166433	166567	intergenic	.	contig_19270:166433-166567
contig_19270	166728	166819	intergenic	.	contig_19270:166728-166819
contig_19270	237344	237517	intergenic	.	contig_19270:237344-237517
contig_19270	252260	252555	intergenic	.	contig_19270:252260-252555
contig_1931	42216	42494	gene,mRNA	.	contig_1931:42216-42494,contig_1931:42216-42494
contig_19312	43309	43550	intergenic	.	contig_19312:43309-43550
contig_19331	106452	106541	intergenic	.	contig_19331:106452-106541
contig_19331	114444	114610	intergenic	.	contig_19331:114444-114610
contig_19383	953213	953536	intergenic	.	contig_19383:953213-953536
contig_19416	18968	19196	intergenic	.	contig_19416:18968-19196
contig_19416	25988	26095	intergenic	.	contig_19416:25988-26095
contig_19424	158562	158652	intergenic	.	contig_19424:158562-158652
contig_19424	188723	188827	intergenic	.	contig_19424:188723-188827
contig_19424	646927	647071	intergenic	.	contig_19424:646927-647071
contig_19424	1201606	1201825	intergenic	.	contig_19424:1201606-1201825
contig_19424	1429437	1429800	intergenic	.	contig_19424:1429437-1429800
contig_19438	336886	336968	intergenic	.	contig_19438:336886-336968
contig_19443	155905	156080	intergenic	.	contig_19443:155905-156080
contig_19444	88551	88716	gene,mRNA	.	contig_19444:88551-88716,contig_19444:88551-88716
contig_19471	490335	490889	intergenic	.	contig_19471:490335-490889
contig_19471	1083921	1084131	intergenic	.	contig_19471:1083921-1084131
contig_19471	1084974	1085183	intergenic	.	contig_19471:1084974-1085183
contig_19486	128652	128788	intergenic	.	contig_19486:128652-128788
contig_19486	141941	142196	intergenic	.	contig_19486:141941-142196
contig_195	37218	37484	intergenic	.	contig_195:37218-37484
contig_19504	137233	137376	intergenic	.	contig_19504:137233-137376
contig_19508	1317062	1317134	intergenic	.	contig_19508:1317062-1317134
contig_1952	153924	154061	intergenic	.	contig_1952:153924-154061
contig_1952	546272	546351	intergenic	.	contig_1952:546272-546351
contig_1952	574474	574595	gene,mRNA	.	contig_1952:574474-574595,contig_1952:574474-574595
contig_1952	574864	575056	gene,mRNA	.	contig_1952:574864-575056,contig_1952:574864-575056
contig_1952	1141593	1142173	gene,mRNA	.	contig_1952:1141593-1142173,contig_1952:1141593-1142173
contig_1952	1156903	1157071	gene,mRNA	.	contig_1952:1156903-1157071,contig_1952:1156903-1157071
contig_1952	1417723	1417850	gene,mRNA	.	contig_1952:1417723-1417850,contig_1952:1417723-1417850
contig_1952	1598120	1598328	intergenic	.	contig_1952:1598120-1598328
contig_19564	480351	480568	intergenic	.	contig_19564:480351-480568
contig_19564	991742	991892	intergenic	.	contig_19564:991742-991892
contig_19564	1427613	1427832	exon,CDS,stop_codon,gene,mRNA	.	contig_19564:1427613-1427832,contig_19564:1427613-1427832,contig_19564:1427613-1427832,contig_19564:1427613-1427832,contig_19564:1427613-1427832
contig_19564	1926829	1926919	intergenic	.	contig_19564:1926829-1926919
contig_19567	745431	745485	intergenic	.	contig_19567:745431-745485
contig_19591	143520	143718	intergenic	.	contig_19591:143520-143718
contig_19594	310776	311284	intergenic	.	contig_19594:310776-311284
contig_19594	340857	341262	intergenic	.	contig_19594:340857-341262
contig_19594	341872	342258	intergenic	.	contig_19594:341872-342258
contig_19599	411898	412124	gene,mRNA	.	contig_19599:411898-412124,contig_19599:411898-412124
contig_19599	1684236	1684317	intergenic	.	contig_19599:1684236-1684317
contig_19599	3746270	3746401	intergenic	.	contig_19599:3746270-3746401
contig_1962	389263	389413	intergenic	.	contig_1962:389263-389413
contig_1962	675565	675644	intergenic	.	contig_1962:675565-675644
contig_1962	1477612	1477938	intergenic	.	contig_1962:1477612-1477938
contig_1962	1612356	1612581	intergenic	.	contig_1962:1612356-1612581
contig_1967	184117	184278	intergenic	.	contig_1967:184117-184278
contig_19675	412253	412440	intergenic	.	contig_19675:412253-412440
contig_19675	735098	735281	intergenic	.	contig_19675:735098-735281
contig_19691	837676	837792	intergenic	.	contig_19691:837676-837792
contig_19846	617510	617938	intergenic	.	contig_19846:617510-617938
contig_19879	460597	460990	gene,mRNA	.	contig_19879:460597-460990,contig_19879:460597-460990
contig_19955	104067	104409	gene,mRNA	.	contig_19955:104067-104409,contig_19955:104067-104409
contig_19955	301343	301447	gene,mRNA	.	contig_19955:301343-301447,contig_19955:301343-301447
contig_19966	1195136	1195200	intergenic	.	contig_19966:1195136-1195200
contig_19966	1283182	1283319	intergenic	.	contig_19966:1283182-1283319
contig_1998	169410	169471	intergenic	.	contig_1998:169410-169471
contig_1998	178974	179026	intergenic	.	contig_1998:178974-179026
contig_19991	62884	63054	intergenic	.	contig_19991:62884-63054
contig_200	130274	130512	intergenic	.	contig_200:130274-130512
contig_20027	275812	275946	intergenic	.	contig_20027:275812-275946
contig_20027	396145	396449	intergenic	.	contig_20027:396145-396449
contig_20027	399378	399544	intergenic	.	contig_20027:399378-399544
contig_20027	530244	530384	intergenic	.	contig_20027:530244-530384
contig_20027	574207	574389	intergenic	.	contig_20027:574207-574389
contig_20027	593011	593206	intergenic	.	contig_20027:593011-593206
contig_20027	754187	754452	gene,mRNA	.	contig_20027:754187-754452,contig_20027:754187-754452
contig_20027	892124	892376	intergenic	.	contig_20027:892124-892376
contig_20027	971271	971470	gene,mRNA	.	contig_20027:971271-971470,contig_20027:971271-971470
contig_20027	1037233	1037585	intergenic	.	contig_20027:1037233-1037585
contig_20069	348825	349024	intergenic	.	contig_20069:348825-349024
contig_20069	349977	350117	intergenic	.	contig_20069:349977-350117
contig_20069	577749	577923	gene,mRNA	.	contig_20069:577749-577923,contig_20069:577749-577923
contig_20069	594075	594281	intergenic	.	contig_20069:594075-594281
contig_20157	314551	314736	polyA_signal_sequence,gene	.	contig_20157:314551-314736,contig_20157:314551-314736
contig_20157	314561	314736	intergenic	.	contig_20157:314561-314736
contig_20157	373390	373631	intergenic	.	contig_20157:373390-373631
contig_2022	233198	233272	intergenic	.	contig_2022:233198-233272
contig_2022	328050	328536	gene,mRNA	.	contig_2022:328050-328536,contig_2022:328050-328536
contig_20254	238685	238821	intergenic	.	contig_20254:238685-238821
contig_20258	48773	48905	gene,mRNA	.	contig_20258:48773-48905,contig_20258:48773-48905
contig_2032	795294	795344	gene	.	contig_2032:795294-795344
contig_20344	26611	26671	intergenic	.	contig_20344:26611-26671
contig_20395	10489	10545	intergenic	.	contig_20395:10489-10545
contig_20419	106339	106463	gene,mRNA	.	contig_20419:106339-106463,contig_20419:106339-106463
contig_2046	225848	225964	gene,mRNA	.	contig_2046:225848-225964,contig_2046:225848-225964
contig_2046	293454	293524	gene,mRNA	.	contig_2046:293454-293524,contig_2046:293454-293524
contig_20470	423940	424075	intergenic	.	contig_20470:423940-424075
contig_20477	84415	84630	intergenic	.	contig_20477:84415-84630
contig_20477	99474	99638	intergenic	.	contig_20477:99474-99638
contig_20477	301144	301428	gene,mRNA,exon,CDS	.	contig_20477:301144-301428,contig_20477:301144-301428,contig_20477:301144-301428,contig_20477:301144-301428
contig_20477	479419	479633	intergenic	.	contig_20477:479419-479633
contig_20477	515827	516012	intergenic	.	contig_20477:515827-516012
contig_20477	606154	606902	intergenic	.	contig_20477:606154-606902
contig_20477	747960	748321	intergenic	.	contig_20477:747960-748321
contig_20477	751346	751477	intergenic	.	contig_20477:751346-751477
contig_20477	922401	922556	intergenic	.	contig_20477:922401-922556
contig_20477	1051630	1052142	intergenic	.	contig_20477:1051630-1052142
contig_20485	861062	861346	intergenic	.	contig_20485:861062-861346
contig_20485	863178	863364	intergenic	.	contig_20485:863178-863364
contig_20492	385388	385460	intergenic	.	contig_20492:385388-385460
contig_20492	469109	469381	intergenic	.	contig_20492:469109-469381
contig_205	31867	32124	gene,mRNA,exon,CDS,stop_codon,polyA_signal_sequence	.	contig_205:31867-32124,contig_205:31867-32124,contig_205:31867-32124,contig_205:31867-32124,contig_205:31867-32124,contig_205:31867-32124
contig_205	32037	32124	intergenic	.	contig_205:32037-32124
contig_20510	150136	150395	intergenic	.	contig_20510:150136-150395
contig_20529	163435	163561	gene,mRNA	.	contig_20529:163435-163561,contig_20529:163435-163561
contig_20529	163822	164043	gene,mRNA	.	contig_20529:163822-164043,contig_20529:163822-164043
contig_20538	50846	51493	gene,mRNA	.	contig_20538:50846-51493,contig_20538:50846-51493
contig_20547	92386	92439	intergenic	.	contig_20547:92386-92439
contig_20547	92708	92999	intergenic	.	contig_20547:92708-92999
contig_20547	183008	183524	gene,mRNA	.	contig_20547:183008-183524,contig_20547:183008-183524
contig_20547	238090	238279	intergenic	.	contig_20547:238090-238279
contig_20582	73644	73985	intergenic	.	contig_20582:73644-73985
contig_20582	102352	102405	intergenic	.	contig_20582:102352-102405
contig_20599	136459	136885	gene,mRNA	.	contig_20599:136459-136885,contig_20599:136459-136885
contig_20610	80799	81003	intergenic	.	contig_20610:80799-81003
contig_20653	466546	466797	gene,mRNA	.	contig_20653:466546-466797,contig_20653:466546-466797
contig_20704	490173	490294	intergenic	.	contig_20704:490173-490294
contig_20711	83204	83449	intergenic	.	contig_20711:83204-83449
contig_20711	83755	84222	intergenic	.	contig_20711:83755-84222
contig_20711	86691	87129	intergenic	.	contig_20711:86691-87129
contig_20711	165226	165602	intergenic	.	contig_20711:165226-165602
contig_20711	1261531	1262256	exon,CDS,exon,CDS,gene,mRNA	.	contig_20711:1261531-1262256,contig_20711:1261531-1262256,contig_20711:1261531-1262256,contig_20711:1261531-1262256,contig_20711:1261531-1262256,contig_20711:1261531-1262256
contig_20711	1572521	1572675	intergenic	.	contig_20711:1572521-1572675
contig_20711	1578874	1578939	intergenic	.	contig_20711:1578874-1578939
contig_20711	1692508	1692608	intergenic	.	contig_20711:1692508-1692608
contig_20711	1693229	1693541	intergenic	.	contig_20711:1693229-1693541
contig_20711	1712163	1712247	intergenic	.	contig_20711:1712163-1712247
contig_20717	84891	85023	intergenic	.	contig_20717:84891-85023
contig_2076	104587	105263	intergenic	.	contig_2076:104587-105263
contig_2076	277136	277512	gene,mRNA	.	contig_2076:277136-277512,contig_2076:277136-277512
contig_20867	78718	78787	intergenic	.	contig_20867:78718-78787
contig_20975	169092	169259	intergenic	.	contig_20975:169092-169259
contig_2098	238	499	intergenic	.	contig_2098:238-499
contig_21055	74681	74999	intergenic	.	contig_21055:74681-74999
contig_21055	349627	349795	intergenic	.	contig_21055:349627-349795
contig_211	96296	96609	gene,mRNA	.	contig_211:96296-96609,contig_211:96296-96609
contig_211	328761	328812	gene,mRNA	.	contig_211:328761-328812,contig_211:328761-328812
contig_211	644369	644430	intergenic	.	contig_211:644369-644430
contig_211	762166	762419	intergenic	.	contig_211:762166-762419
contig_211	1383385	1383753	intergenic	.	contig_211:1383385-1383753
contig_21101	153134	153522	intergenic	.	contig_21101:153134-153522
contig_21101	342462	342731	intergenic	.	contig_21101:342462-342731
contig_21101	790570	790699	intergenic	.	contig_21101:790570-790699
contig_21145	361451	361715	intergenic	.	contig_21145:361451-361715
contig_21145	754766	755261	intergenic	.	contig_21145:754766-755261
contig_2118	245087	245265	intergenic	.	contig_2118:245087-245265
contig_2118	245465	245562	intergenic	.	contig_2118:245465-245562
contig_21194	295010	295373	intergenic	.	contig_21194:295010-295373
contig_21194	333234	333357	intergenic	.	contig_21194:333234-333357
contig_21205	176022	176367	intergenic	.	contig_21205:176022-176367
contig_21231	137362	137439	intergenic	.	contig_21231:137362-137439
contig_21231	643509	643644	intergenic	.	contig_21231:643509-643644
contig_21263	110816	111134	intergenic	.	contig_21263:110816-111134
contig_21263	205763	205962	intergenic	.	contig_21263:205763-205962
contig_21263	617437	618087	gene,mRNA	.	contig_21263:617437-618087,contig_21263:617437-618087
contig_21263	786997	787228	intergenic	.	contig_21263:786997-787228
contig_21279	551240	551311	intergenic	.	contig_21279:551240-551311
contig_21290	474329	474467	intergenic	.	contig_21290:474329-474467
contig_2130	383962	384027	gene,mRNA	.	contig_2130:383962-384027,contig_2130:383962-384027
contig_2130	421067	421178	intergenic	.	contig_2130:421067-421178
contig_21325	55917	55991	gene,mRNA,stop_codon,exon,CDS	.	contig_21325:55917-55991,contig_21325:55917-55991,contig_21325:55917-55991,contig_21325:55917-55991,contig_21325:55917-55991
contig_21325	95653	95773	intergenic	.	contig_21325:95653-95773
contig_21325	138930	139169	intergenic	.	contig_21325:138930-139169
contig_21325	257680	257732	intergenic	.	contig_21325:257680-257732
contig_21325	285556	285732	gene,mRNA	.	contig_21325:285556-285732,contig_21325:285556-285732
contig_21325	707790	708499	intergenic	.	contig_21325:707790-708499
contig_21325	857784	858021	intergenic	.	contig_21325:857784-858021
contig_21325	864330	864616	intergenic	.	contig_21325:864330-864616
contig_21325	871177	871453	intergenic	.	contig_21325:871177-871453
contig_21325	898876	899165	intergenic	.	contig_21325:898876-899165
contig_21325	1083794	1084069	intergenic	.	contig_21325:1083794-1084069
contig_2135	494696	494777	intergenic	.	contig_2135:494696-494777
contig_2135	494696	495188	start_codon,exon,CDS,gene,mRNA	.	contig_2135:494696-495188,contig_2135:494696-495188,contig_2135:494696-495188,contig_2135:494696-495188,contig_2135:494696-495188
contig_2135	520217	520343	intergenic	.	contig_2135:520217-520343
contig_2135	904451	904847	intergenic	.	contig_2135:904451-904847
contig_2135	1022964	1023182	intergenic	.	contig_2135:1022964-1023182
contig_2135	1159743	1159803	intergenic	.	contig_2135:1159743-1159803
contig_2135	1290241	1290348	intergenic	.	contig_2135:1290241-1290348
contig_21363	66227	66433	intergenic	.	contig_21363:66227-66433
contig_21420	730259	730368	intergenic	.	contig_21420:730259-730368
contig_2146	99039	99360	intergenic	.	contig_2146:99039-99360
contig_21482	82873	83017	intergenic	.	contig_21482:82873-83017
contig_21542	12593	13106	intergenic	.	contig_21542:12593-13106
contig_21543	226294	226578	intergenic	.	contig_21543:226294-226578
contig_21585	302178	302264	intergenic	.	contig_21585:302178-302264
contig_21615	133733	133812	gene,mRNA	.	contig_21615:133733-133812,contig_21615:133733-133812
contig_21630	18591	18662	intergenic	.	contig_21630:18591-18662
contig_21630	418669	418951	intergenic	.	contig_21630:418669-418951
contig_21630	647668	647724	intergenic	.	contig_21630:647668-647724
contig_21630	1002860	1003053	intergenic	.	contig_21630:1002860-1003053
contig_2164	319759	319926	intergenic	.	contig_2164:319759-319926
contig_2164	364599	364671	intergenic	.	contig_2164:364599-364671
contig_21662	241553	241705	gene,mRNA	.	contig_21662:241553-241705,contig_21662:241553-241705
contig_21662	289896	290110	intergenic	.	contig_21662:289896-290110
contig_21705	6	244	intergenic	.	contig_21705:6-244
contig_21705	2902	2991	intergenic	.	contig_21705:2902-2991
contig_21705	63104	63496	intergenic	.	contig_21705:63104-63496
contig_2175	435866	435926	gene,mRNA	.	contig_2175:435866-435926,contig_2175:435866-435926
contig_2175	706720	707096	intergenic	.	contig_2175:706720-707096
contig_2175	764391	764611	intergenic	.	contig_2175:764391-764611
contig_21760	148948	149017	gene,mRNA	.	contig_21760:148948-149017,contig_21760:148948-149017
contig_21760	149296	149467	gene,mRNA	.	contig_21760:149296-149467,contig_21760:149296-149467
contig_2177	1826464	1826622	intergenic	.	contig_2177:1826464-1826622
contig_2180	44201	44622	intergenic	.	contig_2180:44201-44622
contig_2180	369314	369460	intergenic	.	contig_2180:369314-369460
contig_2180	388210	388496	intergenic	.	contig_2180:388210-388496
contig_21861	668835	669010	intergenic	.	contig_21861:668835-669010
contig_2208	16879	17183	intergenic	.	contig_2208:16879-17183
contig_2209	4366	4544	intergenic	.	contig_2209:4366-4544
contig_2209	58222	58463	intergenic	.	contig_2209:58222-58463
contig_2209	84272	84550	gene,mRNA	.	contig_2209:84272-84550,contig_2209:84272-84550
contig_2209	192486	192722	intergenic	.	contig_2209:192486-192722
contig_22098	46682	46871	gene,mRNA	.	contig_22098:46682-46871,contig_22098:46682-46871
contig_22098	161663	162222	gene,polyA_signal_sequence	.	contig_22098:161663-162222,contig_22098:161663-162222
contig_22098	161731	162222	intergenic	.	contig_22098:161731-162222
contig_22098	177617	177791	gene,mRNA	.	contig_22098:177617-177791,contig_22098:177617-177791
contig_22098	456727	457096	gene,mRNA	.	contig_22098:456727-457096,contig_22098:456727-457096
contig_22098	782953	783308	intergenic	.	contig_22098:782953-783308
contig_22098	783495	783639	intergenic	.	contig_22098:783495-783639
contig_22098	963135	963280	gene,mRNA	.	contig_22098:963135-963280,contig_22098:963135-963280
contig_22098	1028322	1028674	intergenic	.	contig_22098:1028322-1028674
contig_22111	315386	315690	gene,mRNA	.	contig_22111:315386-315690,contig_22111:315386-315690
contig_22124	85071	85254	intergenic	.	contig_22124:85071-85254
contig_22127	25023	25496	intergenic	.	contig_22127:25023-25496
contig_22132	292534	292626	intergenic	.	contig_22132:292534-292626
contig_22132	988859	989123	intergenic	.	contig_22132:988859-989123
contig_2215	160174	160289	intergenic	.	contig_2215:160174-160289
contig_2215	1153030	1153204	intergenic	.	contig_2215:1153030-1153204
contig_22172	28848	29209	intergenic	.	contig_22172:28848-29209
contig_22172	53560	53610	intergenic	.	contig_22172:53560-53610
contig_22175	244765	244989	intergenic	.	contig_22175:244765-244989
contig_22186	138077	138377	intergenic	.	contig_22186:138077-138377
contig_22210	102013	102162	intergenic	.	contig_22210:102013-102162
contig_22233	167761	168031	gene,mRNA	.	contig_22233:167761-168031,contig_22233:167761-168031
contig_22250	89119	89349	exon,CDS,gene,mRNA	.	contig_22250:89119-89349,contig_22250:89119-89349,contig_22250:89119-89349,contig_22250:89119-89349
contig_22250	852901	853145	intergenic	.	contig_22250:852901-853145
contig_22259	272559	272706	intergenic	.	contig_22259:272559-272706
contig_22285	108411	108630	intergenic	.	contig_22285:108411-108630
contig_22313	17966	18386	intergenic	.	contig_22313:17966-18386
contig_22345	39434	39599	intergenic	.	contig_22345:39434-39599
contig_22345	39770	39929	intergenic	.	contig_22345:39770-39929
contig_22345	126983	127145	intergenic	.	contig_22345:126983-127145
contig_22345	278149	278683	intergenic	.	contig_22345:278149-278683
contig_22366	921317	921915	intergenic	.	contig_22366:921317-921915
contig_2238	111611	112072	intergenic	.	contig_2238:111611-112072
contig_2244	148772	149139	intergenic	.	contig_2244:148772-149139
contig_2244	161465	161864	intergenic	.	contig_2244:161465-161864
contig_2244	180582	180649	intergenic	.	contig_2244:180582-180649
contig_2244	181169	181405	intergenic	.	contig_2244:181169-181405
contig_2244	320952	321377	intergenic	.	contig_2244:320952-321377
contig_2244	752400	752450	intergenic	.	contig_2244:752400-752450
contig_2244	763367	763620	intergenic	.	contig_2244:763367-763620
contig_2244	801537	801919	intergenic	.	contig_2244:801537-801919
contig_22481	29782	29988	intergenic	.	contig_22481:29782-29988
contig_22506	262977	263266	intergenic	.	contig_22506:262977-263266
contig_22506	590005	590239	intergenic	.	contig_22506:590005-590239
contig_22506	1273105	1273172	intergenic	.	contig_22506:1273105-1273172
contig_22506	1627579	1627675	intergenic	.	contig_22506:1627579-1627675
contig_22506	1652720	1652947	gene,mRNA	.	contig_22506:1652720-1652947,contig_22506:1652720-1652947
contig_22507	38415	38466	gene,mRNA	.	contig_22507:38415-38466,contig_22507:38415-38466
contig_22518	153621	153691	intergenic	.	contig_22518:153621-153691
contig_22546	260826	261422	intergenic	.	contig_22546:260826-261422
contig_22571	430376	430570	gene,mRNA	.	contig_22571:430376-430570,contig_22571:430376-430570
contig_22615	102019	102099	intergenic	.	contig_22615:102019-102099
contig_22615	106418	106634	gene,mRNA	.	contig_22615:106418-106634,contig_22615:106418-106634
contig_22664	161492	161572	intergenic	.	contig_22664:161492-161572
contig_22664	567584	567716	intergenic	.	contig_22664:567584-567716
contig_22664	1020302	1020427	gene,mRNA	.	contig_22664:1020302-1020427,contig_22664:1020302-1020427
contig_22664	1461720	1462005	intergenic	.	contig_22664:1461720-1462005
contig_2270	197846	198087	intergenic	.	contig_2270:197846-198087
contig_2270	1040833	1041206	intergenic	.	contig_2270:1040833-1041206
contig_2270	1055977	1056194	intergenic	.	contig_2270:1055977-1056194
contig_2270	1738191	1738246	intergenic	.	contig_2270:1738191-1738246
contig_2270	1738641	1738697	intergenic	.	contig_2270:1738641-1738697
contig_22788	130247	130314	intergenic	.	contig_22788:130247-130314
contig_22791	1185343	1185604	gene,mRNA	.	contig_22791:1185343-1185604,contig_22791:1185343-1185604
contig_22791	1185908	1185985	gene,mRNA	.	contig_22791:1185908-1185985,contig_22791:1185908-1185985
contig_22791	1506170	1506351	gene,mRNA	.	contig_22791:1506170-1506351,contig_22791:1506170-1506351
contig_22791	1686826	1686922	intergenic	.	contig_22791:1686826-1686922
contig_22818	472993	473063	intergenic	.	contig_22818:472993-473063
contig_2282	614009	614168	intergenic	.	contig_2282:614009-614168
contig_2282	792482	792810	exon,CDS,gene,mRNA	.	contig_2282:792482-792810,contig_2282:792482-792810,contig_2282:792482-792810,contig_2282:792482-792810
contig_2282	1011799	1012080	intergenic	.	contig_2282:1011799-1012080
contig_22854	35215	35522	intergenic	.	contig_22854:35215-35522
contig_22886	15378	15479	intergenic	.	contig_22886:15378-15479
contig_22886	26015	26248	gene,mRNA	.	contig_22886:26015-26248,contig_22886:26015-26248
contig_22886	169336	169702	intergenic	.	contig_22886:169336-169702
contig_22906	10539	11028	intergenic	.	contig_22906:10539-11028
contig_22906	164548	164793	gene,mRNA	.	contig_22906:164548-164793,contig_22906:164548-164793
contig_22906	182568	182655	intergenic	.	contig_22906:182568-182655
contig_22906	189141	189239	intergenic	.	contig_22906:189141-189239
contig_22920	21398	21697	gene,mRNA	.	contig_22920:21398-21697,contig_22920:21398-21697
contig_22920	22033	22218	gene,mRNA	.	contig_22920:22033-22218,contig_22920:22033-22218
contig_2293	89480	89796	intergenic	.	contig_2293:89480-89796
contig_22949	262042	262249	gene,mRNA	.	contig_22949:262042-262249,contig_22949:262042-262249
contig_22964	112384	112609	intergenic	.	contig_22964:112384-112609
contig_22964	250687	251202	intergenic	.	contig_22964:250687-251202
contig_2298	665432	665542	gene,mRNA	.	contig_2298:665432-665542,contig_2298:665432-665542
contig_2298	1053086	1053566	intergenic	.	contig_2298:1053086-1053566
contig_2298	1391968	1392305	intergenic	.	contig_2298:1391968-1392305
contig_2298	1881672	1881935	intergenic	.	contig_2298:1881672-1881935
contig_2298	2323624	2323789	intergenic	.	contig_2298:2323624-2323789
contig_22997	2970	3029	intergenic	.	contig_22997:2970-3029
contig_2302	286441	286868	gene,mRNA	.	contig_2302:286441-286868,contig_2302:286441-286868
contig_2302	530488	530604	intergenic	.	contig_2302:530488-530604
contig_23022	44469	44627	intergenic	.	contig_23022:44469-44627
contig_23022	379398	379842	gene,mRNA	.	contig_23022:379398-379842,contig_23022:379398-379842
contig_23042	377387	377512	intergenic	.	contig_23042:377387-377512
contig_232	389601	389781	intergenic	.	contig_232:389601-389781
contig_23291	707125	707579	intergenic	.	contig_23291:707125-707579
contig_23291	736853	736918	intergenic	.	contig_23291:736853-736918
contig_2330	287118	287208	intergenic	.	contig_2330:287118-287208
contig_23300	3343	3480	intergenic	.	contig_23300:3343-3480
contig_23300	285361	285422	intergenic	.	contig_23300:285361-285422
contig_23306	369156	369306	intergenic	.	contig_23306:369156-369306
contig_23347	190757	190916	gene,mRNA	.	contig_23347:190757-190916,contig_23347:190757-190916
contig_23347	260909	261252	gene,mRNA	.	contig_23347:260909-261252,contig_23347:260909-261252
contig_23347	375869	376058	intergenic	.	contig_23347:375869-376058
contig_23416	329308	329472	intergenic	.	contig_23416:329308-329472
contig_23416	440063	440243	intergenic	.	contig_23416:440063-440243
contig_2346	156330	156519	intergenic	.	contig_2346:156330-156519
contig_2346	204659	204804	intergenic	.	contig_2346:204659-204804
contig_2346	507692	507959	gene,mRNA	.	contig_2346:507692-507959,contig_2346:507692-507959
contig_23513	15334	15569	intergenic	.	contig_23513:15334-15569
contig_23513	339367	339516	intergenic	.	contig_23513:339367-339516
contig_23524	84132	84446	gene,mRNA	.	contig_23524:84132-84446,contig_23524:84132-84446
contig_23524	478840	479337	intergenic	.	contig_23524:478840-479337
contig_23549	75297	75427	gene,mRNA	.	contig_23549:75297-75427,contig_23549:75297-75427
contig_23549	211523	211768	intergenic	.	contig_23549:211523-211768
contig_23577	120491	120707	gene,mRNA	.	contig_23577:120491-120707,contig_23577:120491-120707
contig_23577	269222	269838	intergenic	.	contig_23577:269222-269838
contig_23577	273571	273628	intergenic	.	contig_23577:273571-273628
contig_23620	5148	5388	gene,mRNA	.	contig_23620:5148-5388,contig_23620:5148-5388
contig_2363	59217	59567	intergenic	.	contig_2363:59217-59567
contig_23638	77484	77857	intergenic	.	contig_23638:77484-77857
contig_23638	196830	196888	intergenic	.	contig_23638:196830-196888
contig_2366	11839	12029	gene,polyA_signal_sequence	.	contig_2366:11839-12029,contig_2366:11839-12029
contig_2366	11906	12029	intergenic	.	contig_2366:11906-12029
contig_23714	27443	27534	gene,mRNA,exon,CDS	.	contig_23714:27443-27534,contig_23714:27443-27534,contig_23714:27443-27534,contig_23714:27443-27534
contig_23714	28284	28600	gene,mRNA,exon,CDS,stop_codon,polyA_signal_sequence	.	contig_23714:28284-28600,contig_23714:28284-28600,contig_23714:28284-28600,contig_23714:28284-28600,contig_23714:28284-28600,contig_23714:28284-28600
contig_23714	28498	28600	intergenic	.	contig_23714:28498-28600
contig_23714	219793	219944	intergenic	.	contig_23714:219793-219944
contig_23748	479619	479927	intergenic	.	contig_23748:479619-479927
contig_23748	553849	554039	intergenic	.	contig_23748:553849-554039
contig_23748	635636	635710	intergenic	.	contig_23748:635636-635710
contig_23748	803973	804116	intergenic	.	contig_23748:803973-804116
contig_2378	34659	34827	intergenic	.	contig_2378:34659-34827
contig_23792	437446	437736	intergenic	.	contig_23792:437446-437736
contig_23814	106007	106208	gene,mRNA	.	contig_23814:106007-106208,contig_23814:106007-106208
contig_23814	275542	275637	intergenic	.	contig_23814:275542-275637
contig_23881	59996	60430	gene,mRNA	.	contig_23881:59996-60430,contig_23881:59996-60430
contig_23881	132726	132900	intergenic	.	contig_23881:132726-132900
contig_23881	138794	138951	intergenic	.	contig_23881:138794-138951
contig_2389	128427	128488	gene,mRNA	.	contig_2389:128427-128488,contig_2389:128427-128488
contig_2389	561408	561497	intergenic	.	contig_2389:561408-561497
contig_2389	1216548	1216723	intergenic	.	contig_2389:1216548-1216723
contig_2389	1877460	1877721	intergenic	.	contig_2389:1877460-1877721
contig_23924	59090	59244	gene,mRNA	.	contig_23924:59090-59244,contig_23924:59090-59244
contig_23924	242677	242783	intergenic	.	contig_23924:242677-242783
contig_2395	756462	756563	intergenic	.	contig_2395:756462-756563
contig_2399	171859	172017	intergenic	.	contig_2399:171859-172017
contig_24064	141949	142039	intergenic	.	contig_24064:141949-142039
contig_24064	142749	143001	intergenic	.	contig_24064:142749-143001
contig_24064	165486	165698	intergenic	.	contig_24064:165486-165698
contig_24065	157835	158009	intergenic	.	contig_24065:157835-158009
contig_24082	335749	335913	intergenic	.	contig_24082:335749-335913
contig_24082	377146	377413	intergenic	.	contig_24082:377146-377413
contig_24088	51314	51660	intergenic	.	contig_24088:51314-51660
contig_2414	402078	402173	intergenic	.	contig_2414:402078-402173
contig_2414	405413	405605	intergenic	.	contig_2414:405413-405605
contig_24204	39214	39582	intergenic	.	contig_24204:39214-39582
contig_24204	308823	309237	intergenic	.	contig_24204:308823-309237
contig_24204	371893	371963	gene,mRNA	.	contig_24204:371893-371963,contig_24204:371893-371963
contig_24239	87864	88010	gene,mRNA	.	contig_24239:87864-88010,contig_24239:87864-88010
contig_24239	400877	401045	gene,mRNA	.	contig_24239:400877-401045,contig_24239:400877-401045
contig_24239	509081	509614	gene,mRNA	.	contig_24239:509081-509614,contig_24239:509081-509614
contig_2424	51504	51715	intergenic	.	contig_2424:51504-51715
contig_2424	105845	106238	intergenic	.	contig_2424:105845-106238
contig_2424	390320	390499	intergenic	.	contig_2424:390320-390499
contig_2424	390871	391021	intergenic	.	contig_2424:390871-391021
contig_2424	463764	463936	intergenic	.	contig_2424:463764-463936
contig_24336	150685	151036	intergenic	.	contig_24336:150685-151036
contig_24336	382428	382742	intergenic	.	contig_24336:382428-382742
contig_24336	387782	388256	intergenic	.	contig_24336:387782-388256
contig_24336	612280	612435	intergenic	.	contig_24336:612280-612435
contig_24336	612700	612788	intergenic	.	contig_24336:612700-612788
contig_24369	11671	12114	gene,mRNA	.	contig_24369:11671-12114,contig_24369:11671-12114
contig_24369	48462	48514	gene,mRNA	.	contig_24369:48462-48514,contig_24369:48462-48514
contig_24369	235900	235959	intergenic	.	contig_24369:235900-235959
contig_24369	236153	236213	intergenic	.	contig_24369:236153-236213
contig_24370	29824	29894	intergenic	.	contig_24370:29824-29894
contig_24370	172474	172637	intergenic	.	contig_24370:172474-172637
contig_244	233291	233472	intergenic	.	contig_244:233291-233472
contig_24470	76081	76753	gene,mRNA	.	contig_24470:76081-76753,contig_24470:76081-76753
contig_24501	122539	122729	intergenic	.	contig_24501:122539-122729
contig_24501	146273	146343	intergenic	.	contig_24501:146273-146343
contig_24509	19046	19207	intergenic	.	contig_24509:19046-19207
contig_24509	138106	138589	intergenic	.	contig_24509:138106-138589
contig_246	194314	194485	gene,mRNA	.	contig_246:194314-194485,contig_246:194314-194485
contig_246	571940	572228	intergenic	.	contig_246:571940-572228
contig_246	1183282	1183570	intergenic	.	contig_246:1183282-1183570
contig_246	1645311	1645384	intergenic	.	contig_246:1645311-1645384
contig_246	1666021	1666073	intergenic	.	contig_246:1666021-1666073
contig_246	1696016	1696105	intergenic	.	contig_246:1696016-1696105
contig_246	2094472	2094532	gene,mRNA	.	contig_246:2094472-2094532,contig_246:2094472-2094532
contig_246	2170043	2170236	intergenic	.	contig_246:2170043-2170236
contig_2460	670668	670850	exon,CDS,gene,mRNA	.	contig_2460:670668-670850,contig_2460:670668-670850,contig_2460:670668-670850,contig_2460:670668-670850
contig_24639	54	237	intergenic	.	contig_24639:54-237
contig_24663	340787	341062	intergenic	.	contig_24663:340787-341062
contig_24667	167914	168131	gene,mRNA	.	contig_24667:167914-168131,contig_24667:167914-168131
contig_24667	197704	197824	gene,mRNA	.	contig_24667:197704-197824,contig_24667:197704-197824
contig_24667	360401	360653	intergenic	.	contig_24667:360401-360653
contig_24667	421855	421988	intergenic	.	contig_24667:421855-421988
contig_24699	98418	98640	gene,mRNA	.	contig_24699:98418-98640,contig_24699:98418-98640
contig_24699	357343	357588	intergenic	.	contig_24699:357343-357588
contig_24699	434308	434480	intergenic	.	contig_24699:434308-434480
contig_24699	957395	957445	intergenic	.	contig_24699:957395-957445
contig_24699	957613	957784	intergenic	.	contig_24699:957613-957784
contig_24699	1118530	1118945	intergenic	.	contig_24699:1118530-1118945
contig_24741	66013	66105	gene,mRNA	.	contig_24741:66013-66105,contig_24741:66013-66105
contig_2479	88528	88635	gene,mRNA	.	contig_2479:88528-88635,contig_2479:88528-88635
contig_2479	738873	739093	intergenic	.	contig_2479:738873-739093
contig_24790	147680	148139	intergenic	.	contig_24790:147680-148139
contig_24792	31840	32136	intergenic	.	contig_24792:31840-32136
contig_24800	80753	80864	intergenic	.	contig_24800:80753-80864
contig_24812	101754	101916	gene,mRNA,exon,CDS	.	contig_24812:101754-101916,contig_24812:101754-101916,contig_24812:101754-101916,contig_24812:101754-101916
contig_24816	64363	64622	intergenic	.	contig_24816:64363-64622
contig_24819	174821	174931	intergenic	.	contig_24819:174821-174931
contig_24819	437503	437567	gene,mRNA	.	contig_24819:437503-437567,contig_24819:437503-437567
contig_24819	443036	443096	gene,mRNA	.	contig_24819:443036-443096,contig_24819:443036-443096
contig_24828	1394300	1394397	gene,mRNA	.	contig_24828:1394300-1394397,contig_24828:1394300-1394397
contig_24828	1880705	1880769	intergenic	.	contig_24828:1880705-1880769
contig_24845	326538	327161	intergenic	.	contig_24845:326538-327161
contig_24853	832851	833109	intergenic	.	contig_24853:832851-833109
contig_24853	886866	886918	intergenic	.	contig_24853:886866-886918
contig_24856	173913	174048	intergenic	.	contig_24856:173913-174048
contig_2487	138285	138463	gene,mRNA	.	contig_2487:138285-138463,contig_2487:138285-138463
contig_2487	185236	185391	gene,mRNA	.	contig_2487:185236-185391,contig_2487:185236-185391
contig_2487	234148	234642	intergenic	.	contig_2487:234148-234642
contig_2487	518123	518207	intergenic	.	contig_2487:518123-518207
contig_2487	673297	673351	intergenic	.	contig_2487:673297-673351
contig_2487	693454	693609	intergenic	.	contig_2487:693454-693609
contig_2487	2669204	2669795	gene,mRNA	.	contig_2487:2669204-2669795,contig_2487:2669204-2669795
contig_2487	3317095	3317271	intergenic	.	contig_2487:3317095-3317271
contig_24903	123907	124035	intergenic	.	contig_24903:123907-124035
contig_24937	12984	13069	intergenic	.	contig_24937:12984-13069
contig_2494	290282	290431	intergenic	.	contig_2494:290282-290431
contig_2494	297378	297563	intergenic	.	contig_2494:297378-297563
contig_2494	1028338	1028560	intergenic	.	contig_2494:1028338-1028560
contig_24956	66503	66566	intergenic	.	contig_24956:66503-66566
contig_25016	95559	95738	intergenic	.	contig_25016:95559-95738
contig_25027	166586	166826	intergenic	.	contig_25027:166586-166826
contig_25027	175010	175646	intergenic	.	contig_25027:175010-175646
contig_25076	57007	57062	gene,mRNA	.	contig_25076:57007-57062,contig_25076:57007-57062
contig_2512	357734	357898	intergenic	.	contig_2512:357734-357898
contig_2512	1018792	1019342	intergenic	.	contig_2512:1018792-1019342
contig_25131	89393	89453	intergenic	.	contig_25131:89393-89453
contig_25131	109998	110360	intergenic	.	contig_25131:109998-110360
contig_25173	102278	102492	gene,mRNA	.	contig_25173:102278-102492,contig_25173:102278-102492
contig_252	110984	111417	intergenic	.	contig_252:110984-111417
contig_25223	27170	27261	intergenic	.	contig_25223:27170-27261
contig_25223	28716	28774	intergenic	.	contig_25223:28716-28774
contig_25223	195667	195805	intergenic	.	contig_25223:195667-195805
contig_2529	217085	217234	intergenic	.	contig_2529:217085-217234
contig_2529	299102	299423	intergenic	.	contig_2529:299102-299423
contig_2529	426710	426948	gene,mRNA	.	contig_2529:426710-426948,contig_2529:426710-426948
contig_25300	15901	16065	intergenic	.	contig_25300:15901-16065
contig_25300	54026	54283	intergenic	.	contig_25300:54026-54283
contig_25300	54810	54993	intergenic	.	contig_25300:54810-54993
contig_25306	312431	312524	intergenic	.	contig_25306:312431-312524
contig_2533	80139	80631	intergenic	.	contig_2533:80139-80631
contig_25404	169135	169206	intergenic	.	contig_25404:169135-169206
contig_25404	347567	347628	intergenic	.	contig_25404:347567-347628
contig_25420	396564	396695	intergenic	.	contig_25420:396564-396695
contig_25420	435761	435887	intergenic	.	contig_25420:435761-435887
contig_25420	436493	436643	intergenic	.	contig_25420:436493-436643
contig_25420	614054	614207	intergenic	.	contig_25420:614054-614207
contig_2545	104981	105156	gene,mRNA	.	contig_2545:104981-105156,contig_2545:104981-105156
contig_2545	905046	905284	gene,mRNA	.	contig_2545:905046-905284,contig_2545:905046-905284
contig_2545	1088861	1089256	gene,mRNA	.	contig_2545:1088861-1089256,contig_2545:1088861-1089256
contig_2554	16808	16944	intergenic	.	contig_2554:16808-16944
contig_25634	484672	484812	intergenic	.	contig_25634:484672-484812
contig_25641	78260	78478	gene,mRNA	.	contig_25641:78260-78478,contig_25641:78260-78478
contig_2567	190278	190583	intergenic	.	contig_2567:190278-190583
contig_2567	237976	238039	gene,mRNA	.	contig_2567:237976-238039,contig_2567:237976-238039
contig_2567	627873	628247	intergenic	.	contig_2567:627873-628247
contig_2567	786709	787048	intergenic	.	contig_2567:786709-787048
contig_2567	787359	787451	intergenic	.	contig_2567:787359-787451
contig_2567	814039	814377	intergenic	.	contig_2567:814039-814377
contig_2567	1108551	1108621	intergenic	.	contig_2567:1108551-1108621
contig_2567	1310700	1310956	intergenic	.	contig_2567:1310700-1310956
contig_25679	12686	12950	intergenic	.	contig_25679:12686-12950
contig_25718	279998	280048	gene,mRNA	.	contig_25718:279998-280048,contig_25718:279998-280048
contig_25738	265270	265446	gene,mRNA	.	contig_25738:265270-265446,contig_25738:265270-265446
contig_25738	522793	523236	intergenic	.	contig_25738:522793-523236
contig_25817	67727	67834	gene,mRNA	.	contig_25817:67727-67834,contig_25817:67727-67834
contig_25817	68024	68129	gene,mRNA	.	contig_25817:68024-68129,contig_25817:68024-68129
contig_25817	356722	356934	intergenic	.	contig_25817:356722-356934
contig_2584	607107	607236	intergenic	.	contig_2584:607107-607236
contig_2584	680184	680317	intergenic	.	contig_2584:680184-680317
contig_2584	2236771	2236927	intergenic	.	contig_2584:2236771-2236927
contig_25879	330474	330782	intergenic	.	contig_25879:330474-330782
contig_25879	506331	506808	intergenic	.	contig_25879:506331-506808
contig_25904	205548	205698	intergenic	.	contig_25904:205548-205698
contig_25941	162115	162394	intergenic	.	contig_25941:162115-162394
contig_2596	164816	164984	intergenic	.	contig_2596:164816-164984
contig_2596	303544	303759	intergenic	.	contig_2596:303544-303759
contig_2596	568745	568828	gene,mRNA	.	contig_2596:568745-568828,contig_2596:568745-568828
contig_2596	572878	572944	gene,mRNA	.	contig_2596:572878-572944,contig_2596:572878-572944
contig_260	994505	994641	intergenic	.	contig_260:994505-994641
contig_260	2228872	2229120	gene,mRNA	.	contig_260:2228872-2229120,contig_260:2228872-2229120
contig_2602	229531	229748	intergenic	.	contig_2602:229531-229748
contig_2602	790247	790662	intergenic	.	contig_2602:790247-790662
contig_26060	765739	766313	intergenic	.	contig_26060:765739-766313
contig_26060	836557	836608	intergenic	.	contig_26060:836557-836608
contig_26082	9034	9226	exon,CDS,gene,mRNA	.	contig_26082:9034-9226,contig_26082:9034-9226,contig_26082:9034-9226,contig_26082:9034-9226
contig_2615	809638	809810	gene,mRNA	.	contig_2615:809638-809810,contig_2615:809638-809810
contig_2615	3909307	3909401	intergenic	.	contig_2615:3909307-3909401
contig_2615	5282115	5282205	intergenic	.	contig_2615:5282115-5282205
contig_26150	539897	539950	intergenic	.	contig_26150:539897-539950
contig_26150	566140	566201	intergenic	.	contig_26150:566140-566201
contig_26182	422735	423026	gene,mRNA	.	contig_26182:422735-423026,contig_26182:422735-423026
contig_2621	42885	42983	intergenic	.	contig_2621:42885-42983
contig_2621	180917	181024	gene,mRNA	.	contig_2621:180917-181024,contig_2621:180917-181024
contig_26248	9664	9790	intergenic	.	contig_26248:9664-9790
contig_26248	169232	169617	intergenic	.	contig_26248:169232-169617
contig_26259	15857	16193	gene,mRNA	.	contig_26259:15857-16193,contig_26259:15857-16193
contig_2627	8956	9215	intergenic	.	contig_2627:8956-9215
contig_2627	40104	40169	intergenic	.	contig_2627:40104-40169
contig_2627	40372	40422	intergenic	.	contig_2627:40372-40422
contig_2627	497501	497797	intergenic	.	contig_2627:497501-497797
contig_2627	524263	524366	intergenic	.	contig_2627:524263-524366
contig_2627	653873	653980	intergenic	.	contig_2627:653873-653980
contig_2627	671556	671669	intergenic	.	contig_2627:671556-671669
contig_2627	698377	698742	intergenic	.	contig_2627:698377-698742
contig_2627	699056	699183	intergenic	.	contig_2627:699056-699183
contig_2627	738935	739087	gene,mRNA	.	contig_2627:738935-739087,contig_2627:738935-739087
contig_2627	1087798	1087977	intergenic	.	contig_2627:1087798-1087977
contig_2627	1625806	1625908	gene,mRNA	.	contig_2627:1625806-1625908,contig_2627:1625806-1625908
contig_2627	1676596	1676979	gene,mRNA	.	contig_2627:1676596-1676979,contig_2627:1676596-1676979
contig_2627	1814101	1814271	intergenic	.	contig_2627:1814101-1814271
contig_26280	15115	15348	intergenic	.	contig_26280:15115-15348
contig_26322	130855	131043	intergenic	.	contig_26322:130855-131043
contig_26335	382796	383008	intergenic	.	contig_26335:382796-383008
contig_26335	382796	383087	start_codon,exon,CDS,gene,mRNA	.	contig_26335:382796-383087,contig_26335:382796-383087,contig_26335:382796-383087,contig_26335:382796-383087,contig_26335:382796-383087
contig_26347	30521	30671	intergenic	.	contig_26347:30521-30671
contig_26366	34078	34572	intergenic	.	contig_26366:34078-34572
contig_26374	120682	120769	intergenic	.	contig_26374:120682-120769
contig_26374	155380	155582	intergenic	.	contig_26374:155380-155582
contig_26385	112795	113062	intergenic	.	contig_26385:112795-113062
contig_26404	70382	70585	gene,mRNA	.	contig_26404:70382-70585,contig_26404:70382-70585
contig_26404	498724	498963	gene,mRNA	.	contig_26404:498724-498963,contig_26404:498724-498963
contig_2643	13189	13456	intergenic	.	contig_2643:13189-13456
contig_26449	554720	554844	intergenic	.	contig_26449:554720-554844
contig_26511	14398	14454	intergenic	.	contig_26511:14398-14454
contig_26515	29206	29428	intergenic	.	contig_26515:29206-29428
contig_26515	29206	29734	gene,mRNA,start_codon,exon,CDS	.	contig_26515:29206-29734,contig_26515:29206-29734,contig_26515:29206-29734,contig_26515:29206-29734,contig_26515:29206-29734
contig_26533	149802	149886	gene,mRNA	.	contig_26533:149802-149886,contig_26533:149802-149886
contig_26533	170371	170831	gene,mRNA	.	contig_26533:170371-170831,contig_26533:170371-170831
contig_26547	508597	508851	gene,mRNA	.	contig_26547:508597-508851,contig_26547:508597-508851
contig_26547	509548	509719	gene,mRNA	.	contig_26547:509548-509719,contig_26547:509548-509719
contig_26547	684642	685155	intergenic	.	contig_26547:684642-685155
contig_26547	854446	854545	intergenic	.	contig_26547:854446-854545
contig_26560	361867	361938	intergenic	.	contig_26560:361867-361938
contig_26560	450129	450248	intergenic	.	contig_26560:450129-450248
contig_26574	408865	409289	intergenic	.	contig_26574:408865-409289
contig_2661	67093	67258	intergenic	.	contig_2661:67093-67258
contig_2664	478172	478722	intergenic	.	contig_2664:478172-478722
contig_26664	182759	182876	intergenic	.	contig_26664:182759-182876
contig_26664	889770	890178	gene,mRNA	.	contig_26664:889770-890178,contig_26664:889770-890178
contig_26664	1189726	1190037	gene,mRNA	.	contig_26664:1189726-1190037,contig_26664:1189726-1190037
contig_26696	67551	67737	intergenic	.	contig_26696:67551-67737
contig_26696	80572	81267	exon,CDS,gene,mRNA	.	contig_26696:80572-81267,contig_26696:80572-81267,contig_26696:80572-81267,contig_26696:80572-81267
contig_26696	212621	212687	intergenic	.	contig_26696:212621-212687
contig_26721	248355	248463	intergenic	.	contig_26721:248355-248463
contig_26825	125500	125562	intergenic	.	contig_26825:125500-125562
contig_26835	42233	42386	intergenic	.	contig_26835:42233-42386
contig_26835	699384	699641	intergenic	.	contig_26835:699384-699641
contig_26843	59605	59822	intergenic	.	contig_26843:59605-59822
contig_26843	152146	152513	intergenic	.	contig_26843:152146-152513
contig_26866	43160	43679	gene,mRNA	.	contig_26866:43160-43679,contig_26866:43160-43679
contig_26866	339581	339872	intergenic	.	contig_26866:339581-339872
contig_26912	91369	91534	intergenic	.	contig_26912:91369-91534
contig_26913	47947	48071	intergenic	.	contig_26913:47947-48071
contig_26950	32864	32998	intergenic	.	contig_26950:32864-32998
contig_26950	53418	53497	intergenic	.	contig_26950:53418-53497
contig_26990	24525	24723	intergenic	.	contig_26990:24525-24723
contig_26990	43368	43458	intergenic	.	contig_26990:43368-43458
contig_27028	82940	83017	intergenic	.	contig_27028:82940-83017
contig_27028	250615	250696	intergenic	.	contig_27028:250615-250696
contig_27028	251070	251276	intergenic	.	contig_27028:251070-251276
contig_27035	19763	19955	gene,mRNA	.	contig_27035:19763-19955,contig_27035:19763-19955
contig_27064	9240	9348	gene,mRNA	.	contig_27064:9240-9348,contig_27064:9240-9348
contig_27064	44045	44699	gene,mRNA,exon,CDS,stop_codon,polyA_signal_sequence	.	contig_27064:44045-44699,contig_27064:44045-44699,contig_27064:44045-44699,contig_27064:44045-44699,contig_27064:44045-44699,contig_27064:44045-44699
contig_27064	44552	44699	intergenic	.	contig_27064:44552-44699
contig_2712	272959	273011	intergenic	.	contig_2712:272959-273011
contig_2712	273172	273504	intergenic	.	contig_2712:273172-273504
contig_2712	470713	470836	intergenic	.	contig_2712:470713-470836
contig_2712	884038	884252	intergenic	.	contig_2712:884038-884252
contig_2714	52047	52200	intergenic	.	contig_2714:52047-52200
contig_2726	359145	359211	intergenic	.	contig_2726:359145-359211
contig_2726	565236	566015	intergenic	.	contig_2726:565236-566015
contig_2726	599195	599619	intergenic	.	contig_2726:599195-599619
contig_2726	796818	796919	intergenic	.	contig_2726:796818-796919
contig_2726	1066014	1066235	intergenic	.	contig_2726:1066014-1066235
contig_2726	1647703	1648255	gene,mRNA,exon,CDS,stop_codon,polyA_signal_sequence	.	contig_2726:1647703-1648255,contig_2726:1647703-1648255,contig_2726:1647703-1648255,contig_2726:1647703-1648255,contig_2726:1647703-1648255,contig_2726:1647703-1648255
contig_2726	1648201	1648255	intergenic	.	contig_2726:1648201-1648255
contig_2726	1918270	1918707	intergenic	.	contig_2726:1918270-1918707
contig_2726	1966502	1966694	gene,mRNA	.	contig_2726:1966502-1966694,contig_2726:1966502-1966694
contig_2726	1987449	1987653	intergenic	.	contig_2726:1987449-1987653
contig_2726	2049837	2049917	gene,mRNA	.	contig_2726:2049837-2049917,contig_2726:2049837-2049917
contig_2726	2188120	2188187	gene,mRNA	.	contig_2726:2188120-2188187,contig_2726:2188120-2188187
contig_27315	6463	6531	intergenic	.	contig_27315:6463-6531
contig_27316	396284	396517	intergenic	.	contig_27316:396284-396517
contig_2732	117177	117490	intergenic	.	contig_2732:117177-117490
contig_27353	75600	75659	intergenic	.	contig_27353:75600-75659
contig_27354	36443	36833	intergenic	.	contig_27354:36443-36833
contig_27354	44530	44759	gene,mRNA,exon,CDS	.	contig_27354:44530-44759,contig_27354:44530-44759,contig_27354:44530-44759,contig_27354:44530-44759
contig_27380	8003	8304	intergenic	.	contig_27380:8003-8304
contig_27381	213063	213340	intergenic	.	contig_27381:213063-213340
contig_27381	216391	216510	intergenic	.	contig_27381:216391-216510
contig_27381	280923	281149	intergenic	.	contig_27381:280923-281149
contig_2741	16880	17209	intergenic	.	contig_2741:16880-17209
contig_27461	17139	17575	intergenic	.	contig_27461:17139-17575
contig_2748	58769	59049	intergenic	.	contig_2748:58769-59049
contig_2748	59935	59989	intergenic	.	contig_2748:59935-59989
contig_2751	19508	19966	intergenic	.	contig_2751:19508-19966
contig_2751	34479	34821	intergenic	.	contig_2751:34479-34821
contig_27536	786449	786662	intergenic	.	contig_27536:786449-786662
contig_27592	46449	46710	intergenic	.	contig_27592:46449-46710
contig_27592	66380	66447	intergenic	.	contig_27592:66380-66447
contig_27592	344808	345199	intergenic	.	contig_27592:344808-345199
contig_27592	474587	475117	intergenic	.	contig_27592:474587-475117
contig_2760	58943	59063	intergenic	.	contig_2760:58943-59063
contig_2768	45787	46251	intergenic	.	contig_2768:45787-46251
contig_2768	70093	70163	intergenic	.	contig_2768:70093-70163
contig_27698	91553	91699	gene,mRNA	.	contig_27698:91553-91699,contig_27698:91553-91699
contig_27708	49532	49675	intergenic	.	contig_27708:49532-49675
contig_2771	3418	3543	intergenic	.	contig_2771:3418-3543
contig_2771	16450	16668	intergenic	.	contig_2771:16450-16668
contig_2773	252471	252609	intergenic	.	contig_2773:252471-252609
contig_27751	11204	11512	exon,CDS,gene,mRNA	.	contig_27751:11204-11512,contig_27751:11204-11512,contig_27751:11204-11512,contig_27751:11204-11512
contig_27751	61625	61766	gene,mRNA	.	contig_27751:61625-61766,contig_27751:61625-61766
contig_27755	453310	453542	intergenic	.	contig_27755:453310-453542
contig_27755	603767	604033	intergenic	.	contig_27755:603767-604033
contig_27760	227126	227224	intergenic	.	contig_27760:227126-227224
contig_27788	233288	233826	intergenic	.	contig_27788:233288-233826
contig_27877	454277	454344	gene,mRNA	.	contig_27877:454277-454344,contig_27877:454277-454344
contig_2789	587	655	intergenic	.	contig_2789:587-655
contig_27999	139353	139622	gene,mRNA	.	contig_27999:139353-139622,contig_27999:139353-139622
contig_28042	263110	263162	intergenic	.	contig_28042:263110-263162
contig_28060	59727	59974	gene,mRNA	.	contig_28060:59727-59974,contig_28060:59727-59974
contig_2808	377343	377429	intergenic	.	contig_2808:377343-377429
contig_2808	537735	537961	intergenic	.	contig_2808:537735-537961
contig_28082	61762	62211	intergenic	.	contig_28082:61762-62211
contig_28098	257226	257354	gene,mRNA	.	contig_28098:257226-257354,contig_28098:257226-257354
contig_28098	297807	298065	intergenic	.	contig_28098:297807-298065
contig_28121	234141	234281	intergenic	.	contig_28121:234141-234281
contig_28146	51812	52304	exon,CDS,gene,mRNA	.	contig_28146:51812-52304,contig_28146:51812-52304,contig_28146:51812-52304,contig_28146:51812-52304
contig_28146	118471	118627	intergenic	.	contig_28146:118471-118627
contig_28146	349368	349549	intergenic	.	contig_28146:349368-349549
contig_28178	462813	462962	intergenic	.	contig_28178:462813-462962
contig_28201	38138	38418	intergenic	.	contig_28201:38138-38418
contig_2828	458789	458923	intergenic	.	contig_2828:458789-458923
contig_2842	49309	49923	intergenic	.	contig_2842:49309-49923
contig_2842	611688	612318	intergenic	.	contig_2842:611688-612318
contig_2842	1026110	1026410	intergenic	.	contig_2842:1026110-1026410
contig_28462	501406	501645	intergenic	.	contig_28462:501406-501645
contig_2847	116282	116556	intergenic	.	contig_2847:116282-116556
contig_2847	486313	486473	intergenic	.	contig_2847:486313-486473
contig_2847	835889	836085	gene,mRNA	.	contig_2847:835889-836085,contig_2847:835889-836085
contig_2847	859859	859930	gene,mRNA	.	contig_2847:859859-859930,contig_2847:859859-859930
contig_2851	323683	323947	gene,mRNA	.	contig_2851:323683-323947,contig_2851:323683-323947
contig_2852	374970	375138	intergenic	.	contig_2852:374970-375138
contig_2852	375916	376106	intergenic	.	contig_2852:375916-376106
contig_2852	483668	483789	intergenic	.	contig_2852:483668-483789
contig_2852	512294	512568	intergenic	.	contig_2852:512294-512568
contig_28548	451483	451740	intergenic	.	contig_28548:451483-451740
contig_28570	116711	116779	intergenic	.	contig_28570:116711-116779
contig_28631	289237	289414	gene,mRNA	.	contig_28631:289237-289414,contig_28631:289237-289414
contig_2867	116491	116627	intergenic	.	contig_2867:116491-116627
contig_2867	1053923	1054448	gene,mRNA	.	contig_2867:1053923-1054448,contig_2867:1053923-1054448
contig_28678	119176	119241	intergenic	.	contig_28678:119176-119241
contig_28678	234280	234637	intergenic	.	contig_28678:234280-234637
contig_28678	269177	269570	intergenic	.	contig_28678:269177-269570
contig_28683	99632	99708	intergenic	.	contig_28683:99632-99708
contig_28683	223116	223372	intergenic	.	contig_28683:223116-223372
contig_28683	384930	385111	intergenic	.	contig_28683:384930-385111
contig_28683	456193	456305	intergenic	.	contig_28683:456193-456305
contig_28719	48122	48356	intergenic	.	contig_28719:48122-48356
contig_28738	80030	80088	intergenic	.	contig_28738:80030-80088
contig_28738	337051	337304	intergenic	.	contig_28738:337051-337304
contig_28752	118881	119056	intergenic	.	contig_28752:118881-119056
contig_2877	73296	73454	intergenic	.	contig_2877:73296-73454
contig_28804	4207	4512	intergenic	.	contig_28804:4207-4512
contig_28804	288651	289086	intergenic	.	contig_28804:288651-289086
contig_28804	599561	599888	gene,mRNA	.	contig_28804:599561-599888,contig_28804:599561-599888
contig_28804	1324024	1324106	intergenic	.	contig_28804:1324024-1324106
contig_28804	1326647	1327067	intergenic	.	contig_28804:1326647-1327067
contig_28804	1469502	1469607	intergenic	.	contig_28804:1469502-1469607
contig_28866	3996	4547	intergenic	.	contig_28866:3996-4547
contig_28922	19811	20082	intergenic	.	contig_28922:19811-20082
contig_28965	13228	13879	intergenic	.	contig_28965:13228-13879
contig_28965	14417	14559	intergenic	.	contig_28965:14417-14559
contig_28974	63098	63168	intergenic	.	contig_28974:63098-63168
contig_28974	177357	177514	intergenic	.	contig_28974:177357-177514
contig_28998	43872	43970	gene,mRNA	.	contig_28998:43872-43970,contig_28998:43872-43970
contig_29037	1976	2048	intergenic	.	contig_29037:1976-2048
contig_29049	79756	79963	intergenic	.	contig_29049:79756-79963
contig_29049	80761	80826	intergenic	.	contig_29049:80761-80826
contig_29109	171843	171923	gene,mRNA	.	contig_29109:171843-171923,contig_29109:171843-171923
contig_29109	328461	328721	gene,mRNA	.	contig_29109:328461-328721,contig_29109:328461-328721
contig_29109	820512	820596	intergenic	.	contig_29109:820512-820596
contig_29121	286057	286202	intergenic	.	contig_29121:286057-286202
contig_29121	1399778	1400083	gene,mRNA	.	contig_29121:1399778-1400083,contig_29121:1399778-1400083
contig_29121	1524420	1524644	intergenic	.	contig_29121:1524420-1524644
contig_29121	1524982	1525067	intergenic	.	contig_29121:1524982-1525067
contig_29234	476801	477114	intergenic	.	contig_29234:476801-477114
contig_29241	250	431	intergenic	.	contig_29241:250-431
contig_29241	175257	175376	intergenic	.	contig_29241:175257-175376
contig_2928	285333	285392	intergenic	.	contig_2928:285333-285392
contig_2928	285559	285769	intergenic	.	contig_2928:285559-285769
contig_2928	287515	287701	intergenic	.	contig_2928:287515-287701
contig_2928	841796	842303	intergenic	.	contig_2928:841796-842303
contig_2928	1220285	1220431	intergenic	.	contig_2928:1220285-1220431
contig_2928	1287027	1287118	intergenic	.	contig_2928:1287027-1287118
contig_2928	2234293	2234443	intergenic	.	contig_2928:2234293-2234443
contig_2928	2388135	2388521	intergenic	.	contig_2928:2388135-2388521
contig_29318	44929	45084	intergenic	.	contig_29318:44929-45084
contig_29320	36458	36650	intergenic	.	contig_29320:36458-36650
contig_29324	211777	212045	intergenic	.	contig_29324:211777-212045
contig_29324	477211	477477	intergenic	.	contig_29324:477211-477477
contig_29324	521906	522195	intergenic	.	contig_29324:521906-522195
contig_29324	641676	641727	intergenic	.	contig_29324:641676-641727
contig_2938	910074	910300	intergenic	.	contig_2938:910074-910300
contig_29409	96659	96929	gene,mRNA	.	contig_29409:96659-96929,contig_29409:96659-96929
contig_29409	149683	149767	gene,mRNA	.	contig_29409:149683-149767,contig_29409:149683-149767
contig_29409	150002	150275	gene,mRNA	.	contig_29409:150002-150275,contig_29409:150002-150275
contig_29420	5943	6087	intergenic	.	contig_29420:5943-6087
contig_29431	15055	15116	intergenic	.	contig_29431:15055-15116
contig_2947	105665	105837	intergenic	.	contig_2947:105665-105837
contig_2947	155334	155821	intergenic	.	contig_2947:155334-155821
contig_2947	173188	173489	intergenic	.	contig_2947:173188-173489
contig_29603	17466	17525	intergenic	.	contig_29603:17466-17525
contig_29648	33781	34010	gene,mRNA	.	contig_29648:33781-34010,contig_29648:33781-34010
contig_2968	813076	813308	intergenic	.	contig_2968:813076-813308
contig_2968	947046	947294	intergenic	.	contig_2968:947046-947294
contig_2968	1443353	1443579	intergenic	.	contig_2968:1443353-1443579
contig_2968	2376844	2377179	intergenic	.	contig_2968:2376844-2377179
contig_2968	2967115	2967387	intergenic	.	contig_2968:2967115-2967387
contig_2968	3111475	3111634	intergenic	.	contig_2968:3111475-3111634
contig_2968	3205342	3205602	intergenic	.	contig_2968:3205342-3205602
contig_2968	3861673	3861930	gene,mRNA	.	contig_2968:3861673-3861930,contig_2968:3861673-3861930
contig_2968	4174727	4174973	intergenic	.	contig_2968:4174727-4174973
contig_29727	145509	145720	gene,mRNA	.	contig_29727:145509-145720,contig_29727:145509-145720
contig_29727	146431	146515	gene,mRNA	.	contig_29727:146431-146515,contig_29727:146431-146515
contig_29727	266992	267299	gene,mRNA	.	contig_29727:266992-267299,contig_29727:266992-267299
contig_29727	334210	334687	gene,mRNA	.	contig_29727:334210-334687,contig_29727:334210-334687
contig_29734	33305	33541	intergenic	.	contig_29734:33305-33541
contig_29749	275440	275563	intergenic	.	contig_29749:275440-275563
contig_29749	537998	538237	intergenic	.	contig_29749:537998-538237
contig_29764	81996	82239	intergenic	.	contig_29764:81996-82239
contig_29862	115842	116012	gene,mRNA	.	contig_29862:115842-116012,contig_29862:115842-116012
contig_29862	190927	191005	intergenic	.	contig_29862:190927-191005
contig_29927	135319	136323	intergenic	.	contig_29927:135319-136323
contig_2994	229912	229998	intergenic	.	contig_2994:229912-229998
contig_2994	230390	230558	intergenic	.	contig_2994:230390-230558
contig_2994	246387	246479	intergenic	.	contig_2994:246387-246479
contig_2994	270402	270503	intergenic	.	contig_2994:270402-270503
contig_29943	78076	78440	intergenic	.	contig_29943:78076-78440
contig_29962	195239	195381	intergenic	.	contig_29962:195239-195381
contig_29997	29230	29450	gene,mRNA	.	contig_29997:29230-29450,contig_29997:29230-29450
contig_3	66381	66782	intergenic	.	contig_3:66381-66782
contig_3	229573	229759	intergenic	.	contig_3:229573-229759
contig_3	378928	379037	intergenic	.	contig_3:378928-379037
contig_3	705554	706208	intergenic	.	contig_3:705554-706208
contig_30002	158279	158454	gene,mRNA	.	contig_30002:158279-158454,contig_30002:158279-158454
contig_30038	132862	133024	intergenic	.	contig_30038:132862-133024
contig_30054	171625	171818	intergenic	.	contig_30054:171625-171818
contig_30151	159851	160019	intergenic	.	contig_30151:159851-160019
contig_30215	283352	283407	gene,mRNA	.	contig_30215:283352-283407,contig_30215:283352-283407
contig_3025	255694	255989	intergenic	.	contig_3025:255694-255989
contig_3025	469102	469157	gene,mRNA	.	contig_3025:469102-469157,contig_3025:469102-469157
contig_3025	560076	560214	intergenic	.	contig_3025:560076-560214
contig_3025	586097	586228	intergenic	.	contig_3025:586097-586228
contig_3025	1116219	1116389	gene,mRNA	.	contig_3025:1116219-1116389,contig_3025:1116219-1116389
contig_3025	1206175	1206256	intergenic	.	contig_3025:1206175-1206256
contig_3025	1232767	1232950	gene,mRNA	.	contig_3025:1232767-1232950,contig_3025:1232767-1232950
contig_30290	30865	31035	intergenic	.	contig_30290:30865-31035
contig_30290	98052	98150	intergenic	.	contig_30290:98052-98150
contig_30348	250841	251018	intergenic	.	contig_30348:250841-251018
contig_30408	57431	57483	intergenic	.	contig_30408:57431-57483
contig_30449	18528	18912	intergenic	.	contig_30449:18528-18912
contig_30475	292255	292428	intergenic	.	contig_30475:292255-292428
contig_30475	535030	535170	intergenic	.	contig_30475:535030-535170
contig_30475	630060	630374	exon,CDS,stop_codon,gene,mRNA	.	contig_30475:630060-630374,contig_30475:630060-630374,contig_30475:630060-630374,contig_30475:630060-630374,contig_30475:630060-630374
contig_30476	61888	62272	gene,mRNA	.	contig_30476:61888-62272,contig_30476:61888-62272
contig_30524	43096	43189	intergenic	.	contig_30524:43096-43189
contig_30524	117898	117991	intergenic	.	contig_30524:117898-117991
contig_30524	174851	175292	intergenic	.	contig_30524:174851-175292
contig_30547	77777	77908	intergenic	.	contig_30547:77777-77908
contig_30557	531620	532294	intergenic	.	contig_30557:531620-532294
contig_30610	147718	147996	intergenic	.	contig_30610:147718-147996
contig_3066	894906	895039	intergenic	.	contig_3066:894906-895039
contig_30687	70642	70744	intergenic	.	contig_30687:70642-70744
contig_30734	319667	319877	intergenic	.	contig_30734:319667-319877
contig_30873	794	977	intergenic	.	contig_30873:794-977
contig_30941	104311	104363	intergenic	.	contig_30941:104311-104363
contig_30941	120699	120805	intergenic	.	contig_30941:120699-120805
contig_3105	300476	300666	intergenic	.	contig_3105:300476-300666
contig_3105	378703	378809	intergenic	.	contig_3105:378703-378809
contig_3105	515252	515426	intergenic	.	contig_3105:515252-515426
contig_31192	153932	154018	intergenic	.	contig_31192:153932-154018
contig_31192	416247	416378	intergenic	.	contig_31192:416247-416378
contig_31192	434830	435028	gene,mRNA	.	contig_31192:434830-435028,contig_31192:434830-435028
contig_31218	15591	15773	intergenic	.	contig_31218:15591-15773
contig_31303	34200	34368	gene,mRNA	.	contig_31303:34200-34368,contig_31303:34200-34368
contig_31303	42082	42300	intergenic	.	contig_31303:42082-42300
contig_31303	236714	236924	intergenic	.	contig_31303:236714-236924
contig_31361	382829	382956	intergenic	.	contig_31361:382829-382956
contig_31361	616128	616319	intergenic	.	contig_31361:616128-616319
contig_3140	31590	31749	intergenic	.	contig_3140:31590-31749
contig_3140	48874	49054	intergenic	.	contig_3140:48874-49054
contig_31407	324834	325034	intergenic	.	contig_31407:324834-325034
contig_31407	325388	325479	intergenic	.	contig_31407:325388-325479
contig_31507	35877	36137	intergenic	.	contig_31507:35877-36137
contig_31507	156316	156540	intergenic	.	contig_31507:156316-156540
contig_31559	348524	348618	polyA_signal_sequence,gene	.	contig_31559:348524-348618,contig_31559:348524-348618
contig_31559	348564	348618	intergenic	.	contig_31559:348564-348618
contig_31591	36987	37148	intergenic	.	contig_31591:36987-37148
contig_31735	328319	328379	intergenic	.	contig_31735:328319-328379
contig_31735	491273	491444	intergenic	.	contig_31735:491273-491444
contig_31735	492046	492148	intergenic	.	contig_31735:492046-492148
contig_3183	122277	122548	intergenic	.	contig_3183:122277-122548
contig_3183	276323	276497	intergenic	.	contig_3183:276323-276497
contig_3184	139590	140073	intergenic	.	contig_3184:139590-140073
contig_3184	152455	152754	gene,mRNA	.	contig_3184:152455-152754,contig_3184:152455-152754
contig_3184	152994	153273	gene,mRNA	.	contig_3184:152994-153273,contig_3184:152994-153273
contig_3184	232079	232502	intergenic	.	contig_3184:232079-232502
contig_3185	79238	79415	intergenic	.	contig_3185:79238-79415
contig_3185	1182125	1182515	gene,mRNA	.	contig_3185:1182125-1182515,contig_3185:1182125-1182515
contig_3185	1182681	1182823	gene,mRNA	.	contig_3185:1182681-1182823,contig_3185:1182681-1182823
contig_3185	2992277	2992470	intergenic	.	contig_3185:2992277-2992470
contig_3185	3202359	3202481	intergenic	.	contig_3185:3202359-3202481
contig_3186	438716	438769	gene,mRNA	.	contig_3186:438716-438769,contig_3186:438716-438769
contig_3186	542167	542268	intergenic	.	contig_3186:542167-542268
contig_31868	198229	198305	intergenic	.	contig_31868:198229-198305
contig_31868	384898	385278	intergenic	.	contig_31868:384898-385278
contig_31868	547195	547364	intergenic	.	contig_31868:547195-547364
contig_31868	560567	560625	intergenic	.	contig_31868:560567-560625
contig_31868	685277	685559	intergenic	.	contig_31868:685277-685559
contig_31868	957577	957639	intergenic	.	contig_31868:957577-957639
contig_31868	1214999	1215467	intergenic	.	contig_31868:1214999-1215467
contig_31894	14069	14311	intergenic	.	contig_31894:14069-14311
contig_31894	81887	82090	intergenic	.	contig_31894:81887-82090
contig_31894	93128	93418	gene,mRNA	.	contig_31894:93128-93418,contig_31894:93128-93418
contig_31911	16640	16793	intergenic	.	contig_31911:16640-16793
contig_31911	342548	342762	intergenic	.	contig_31911:342548-342762
contig_31929	71971	72361	intergenic	.	contig_31929:71971-72361
contig_31932	172413	172776	exon,CDS,gene,mRNA	.	contig_31932:172413-172776,contig_31932:172413-172776,contig_31932:172413-172776,contig_31932:172413-172776
contig_31932	337381	337553	intergenic	.	contig_31932:337381-337553
contig_31932	448441	448631	intergenic	.	contig_31932:448441-448631
contig_31932	561857	561940	intergenic	.	contig_31932:561857-561940
contig_31985	31382	31497	intergenic	.	contig_31985:31382-31497
contig_32000	863197	863341	intergenic	.	contig_32000:863197-863341
contig_32000	1119447	1119696	gene,mRNA	.	contig_32000:1119447-1119696,contig_32000:1119447-1119696
contig_32000	1551410	1551598	intergenic	.	contig_32000:1551410-1551598
contig_3202	15202	15295	gene,mRNA	.	contig_3202:15202-15295,contig_3202:15202-15295
contig_32031	89046	89124	intergenic	.	contig_32031:89046-89124
contig_32048	51534	51680	intergenic	.	contig_32048:51534-51680
contig_32048	170816	171014	intergenic	.	contig_32048:170816-171014
contig_32048	170816	171041	gene,polyA_signal_sequence	.	contig_32048:170816-171041,contig_32048:170816-171041
contig_32048	212887	213074	gene,mRNA	.	contig_32048:212887-213074,contig_32048:212887-213074
contig_32048	218637	218863	intergenic	.	contig_32048:218637-218863
contig_32067	38597	38934	intergenic	.	contig_32067:38597-38934
contig_32067	96739	96970	intergenic	.	contig_32067:96739-96970
contig_3209	140458	140523	gene,mRNA	.	contig_3209:140458-140523,contig_3209:140458-140523
contig_3209	140809	140933	gene,mRNA	.	contig_3209:140809-140933,contig_3209:140809-140933
contig_3209	381887	382092	intergenic	.	contig_3209:381887-382092
contig_3209	632650	632919	gene,mRNA	.	contig_3209:632650-632919,contig_3209:632650-632919
contig_3209	1251454	1251895	gene,mRNA	.	contig_3209:1251454-1251895,contig_3209:1251454-1251895
contig_3209	1338856	1339166	gene,mRNA	.	contig_3209:1338856-1339166,contig_3209:1338856-1339166
contig_3209	1342515	1342703	gene,mRNA	.	contig_3209:1342515-1342703,contig_3209:1342515-1342703
contig_3209	1603193	1603297	intergenic	.	contig_3209:1603193-1603297
contig_3209	1603568	1603719	intergenic	.	contig_3209:1603568-1603719
contig_3209	1808653	1808911	intergenic	.	contig_3209:1808653-1808911
contig_3209	2157586	2158031	intergenic	.	contig_3209:2157586-2158031
contig_3209	2249176	2249351	gene,mRNA	.	contig_3209:2249176-2249351,contig_3209:2249176-2249351
contig_3209	2331940	2332389	intergenic	.	contig_3209:2331940-2332389
contig_32131	26021	26269	intergenic	.	contig_32131:26021-26269
contig_3214	54135	54187	intergenic	.	contig_3214:54135-54187
contig_32156	128577	128831	intergenic	.	contig_32156:128577-128831
contig_3233	389651	389785	intergenic	.	contig_3233:389651-389785
contig_3233	449266	449452	intergenic	.	contig_3233:449266-449452
contig_32351	283349	283636	gene,mRNA	.	contig_32351:283349-283636,contig_32351:283349-283636
contig_32390	4549	4888	intergenic	.	contig_32390:4549-4888
contig_32405	88164	88433	intergenic	.	contig_32405:88164-88433
contig_32413	41090	41422	intergenic	.	contig_32413:41090-41422
contig_32413	52830	53111	intergenic	.	contig_32413:52830-53111
contig_32413	71358	71512	gene,mRNA	.	contig_32413:71358-71512,contig_32413:71358-71512
contig_32483	167806	168107	intergenic	.	contig_32483:167806-168107
contig_32483	170852	170978	intergenic	.	contig_32483:170852-170978
contig_32483	281378	281559	intergenic	.	contig_32483:281378-281559
contig_32483	651336	651741	intergenic	.	contig_32483:651336-651741
contig_32483	664871	664999	intergenic	.	contig_32483:664871-664999
contig_32483	707588	707664	intergenic	.	contig_32483:707588-707664
contig_32483	751708	751946	intergenic	.	contig_32483:751708-751946
contig_32483	805154	805311	intergenic	.	contig_32483:805154-805311
contig_32483	825146	825401	intergenic	.	contig_32483:825146-825401
contig_32509	62679	62843	intergenic	.	contig_32509:62679-62843
contig_3258	1407491	1407971	intergenic	.	contig_3258:1407491-1407971
contig_3261	398228	398352	gene,mRNA	.	contig_3261:398228-398352,contig_3261:398228-398352
contig_3261	637271	637538	intergenic	.	contig_3261:637271-637538
contig_3261	2354156	2354338	intergenic	.	contig_3261:2354156-2354338
contig_3261	2585299	2585383	gene,mRNA	.	contig_3261:2585299-2585383,contig_3261:2585299-2585383
contig_3269	420115	420241	intergenic	.	contig_3269:420115-420241
contig_3269	453740	453800	intergenic	.	contig_3269:453740-453800
contig_3269	502800	502888	intergenic	.	contig_3269:502800-502888
contig_3269	2003135	2003204	intergenic	.	contig_3269:2003135-2003204
contig_32759	111756	112037	intergenic	.	contig_32759:111756-112037
contig_32780	73726	73940	intergenic	.	contig_32780:73726-73940
contig_32788	29049	29254	intergenic	.	contig_32788:29049-29254
contig_3279	300175	300325	gene,mRNA	.	contig_3279:300175-300325,contig_3279:300175-300325
contig_3279	372831	372948	intergenic	.	contig_3279:372831-372948
contig_32794	49696	49898	intergenic	.	contig_32794:49696-49898
contig_32822	47962	48258	gene,mRNA	.	contig_32822:47962-48258,contig_32822:47962-48258
contig_32839	53053	53336	gene,mRNA	.	contig_32839:53053-53336,contig_32839:53053-53336
contig_3284	11742	11980	intergenic	.	contig_3284:11742-11980
contig_3291	1390	1615	intergenic	.	contig_3291:1390-1615
contig_3292	360575	360980	intergenic	.	contig_3292:360575-360980
contig_3292	462341	462405	intergenic	.	contig_3292:462341-462405
contig_32975	56092	56313	intergenic	.	contig_32975:56092-56313
contig_32975	154862	155045	intergenic	.	contig_32975:154862-155045
contig_32975	240868	241182	intergenic	.	contig_32975:240868-241182
contig_32975	254209	255051	gene,mRNA	.	contig_32975:254209-255051,contig_32975:254209-255051
contig_32975	284161	284850	intergenic	.	contig_32975:284161-284850
contig_32975	295297	295453	intergenic	.	contig_32975:295297-295453
contig_32975	359018	359075	intergenic	.	contig_32975:359018-359075
contig_33008	23588	23673	intergenic	.	contig_33008:23588-23673
contig_33008	130153	130393	intergenic	.	contig_33008:130153-130393
contig_33016	52033	52119	intergenic	.	contig_33016:52033-52119
contig_33016	52516	52576	intergenic	.	contig_33016:52516-52576
contig_33016	55494	55795	intergenic	.	contig_33016:55494-55795
contig_33016	68781	68961	intergenic	.	contig_33016:68781-68961
contig_33016	69542	69592	intergenic	.	contig_33016:69542-69592
contig_33056	407970	408153	intergenic	.	contig_33056:407970-408153
contig_33121	34998	35212	intergenic	.	contig_33121:34998-35212
contig_33183	85708	85859	intergenic	.	contig_33183:85708-85859
contig_33186	62950	63332	intergenic	.	contig_33186:62950-63332
contig_33188	118182	118469	intergenic	.	contig_33188:118182-118469
contig_33188	349316	349590	intergenic	.	contig_33188:349316-349590
contig_33188	572218	572472	gene,mRNA	.	contig_33188:572218-572472,contig_33188:572218-572472
contig_33234	254808	254863	gene,mRNA	.	contig_33234:254808-254863,contig_33234:254808-254863
contig_33286	7954	8013	gene,mRNA	.	contig_33286:7954-8013,contig_33286:7954-8013
contig_33314	28630	28994	intergenic	.	contig_33314:28630-28994
contig_33323	50239	50404	intergenic	.	contig_33323:50239-50404
contig_3333	373804	373894	intergenic	.	contig_3333:373804-373894
contig_3342	65122	65450	intergenic	.	contig_3342:65122-65450
contig_3342	225810	225921	intergenic	.	contig_3342:225810-225921
contig_3342	225810	226202	polyA_signal_sequence,stop_codon,exon,CDS,gene,mRNA	.	contig_3342:225810-226202,contig_3342:225810-226202,contig_3342:225810-226202,contig_3342:225810-226202,contig_3342:225810-226202,contig_3342:225810-226202
contig_33559	64314	64549	intergenic	.	contig_33559:64314-64549
contig_33559	102736	103083	intergenic	.	contig_33559:102736-103083
contig_33559	298450	298639	intergenic	.	contig_33559:298450-298639
contig_33559	341260	341446	intergenic	.	contig_33559:341260-341446
contig_33559	396193	396420	intergenic	.	contig_33559:396193-396420
contig_33585	146543	146626	intergenic	.	contig_33585:146543-146626
contig_33585	146952	147120	intergenic	.	contig_33585:146952-147120
contig_33585	147355	147493	intergenic	.	contig_33585:147355-147493
contig_33585	148460	148609	intergenic	.	contig_33585:148460-148609
contig_33600	189889	190030	intergenic	.	contig_33600:189889-190030
contig_33600	226530	227092	gene,mRNA,exon,CDS,stop_codon,polyA_signal_sequence	.	contig_33600:226530-227092,contig_33600:226530-227092,contig_33600:226530-227092,contig_33600:226530-227092,contig_33600:226530-227092,contig_33600:226530-227092
contig_33600	227029	227092	intergenic	.	contig_33600:227029-227092
contig_33613	51898	52320	intergenic	.	contig_33613:51898-52320
contig_3374	403763	403859	gene,mRNA	.	contig_3374:403763-403859,contig_3374:403763-403859
contig_3374	624378	624421	intergenic	.	contig_3374:624378-624421
contig_3374	624378	624592	gene,mRNA,start_codon,exon,CDS	.	contig_3374:624378-624592,contig_3374:624378-624592,contig_3374:624378-624592,contig_3374:624378-624592,contig_3374:624378-624592
contig_3374	749808	749968	intergenic	.	contig_3374:749808-749968
contig_3374	781590	782266	intergenic	.	contig_3374:781590-782266
contig_3379	104624	104801	intergenic	.	contig_3379:104624-104801
contig_3379	851873	852000	gene,mRNA	.	contig_3379:851873-852000,contig_3379:851873-852000
contig_33793	178034	178579	intergenic	.	contig_33793:178034-178579
contig_33793	180336	180543	intergenic	.	contig_33793:180336-180543
contig_33797	2294	2460	intergenic	.	contig_33797:2294-2460
contig_33827	934819	934919	gene,mRNA	.	contig_33827:934819-934919,contig_33827:934819-934919
contig_33827	1271115	1271346	intergenic	.	contig_33827:1271115-1271346
contig_33827	1374498	1374569	intergenic	.	contig_33827:1374498-1374569
contig_33827	1587187	1587427	intergenic	.	contig_33827:1587187-1587427
contig_3387	81865	81919	intergenic	.	contig_3387:81865-81919
contig_3388	26898	27123	intergenic	.	contig_3388:26898-27123
contig_3396	53917	54013	intergenic	.	contig_3396:53917-54013
contig_3398	176870	177013	intergenic	.	contig_3398:176870-177013
contig_3406	107040	107251	intergenic	.	contig_3406:107040-107251
contig_3406	268052	268236	intergenic	.	contig_3406:268052-268236
contig_3406	449418	449568	intergenic	.	contig_3406:449418-449568
contig_3406	487315	487418	intergenic	.	contig_3406:487315-487418
contig_3406	573428	573577	intergenic	.	contig_3406:573428-573577
contig_3406	574019	574259	intergenic	.	contig_3406:574019-574259
contig_3406	720239	720580	intergenic	.	contig_3406:720239-720580
contig_3406	724319	724538	intergenic	.	contig_3406:724319-724538
contig_3406	1374299	1374610	intergenic	.	contig_3406:1374299-1374610
contig_34107	42610	42963	gene,mRNA	.	contig_34107:42610-42963,contig_34107:42610-42963
contig_34107	698167	698258	intergenic	.	contig_34107:698167-698258
contig_34107	1056769	1056872	intergenic	.	contig_34107:1056769-1056872
contig_34107	1057093	1057194	intergenic	.	contig_34107:1057093-1057194
contig_34162	90180	90668	intergenic	.	contig_34162:90180-90668
contig_34198	18354	18521	intergenic	.	contig_34198:18354-18521
contig_34310	26833	27018	intergenic	.	contig_34310:26833-27018
contig_34310	27465	27584	intergenic	.	contig_34310:27465-27584
contig_34356	34395	34478	intergenic	.	contig_34356:34395-34478
contig_3436	43347	43831	intergenic	.	contig_3436:43347-43831
contig_3436	541318	541604	gene,mRNA	.	contig_3436:541318-541604,contig_3436:541318-541604
contig_3436	781109	781574	intergenic	.	contig_3436:781109-781574
contig_3436	834662	834712	intergenic	.	contig_3436:834662-834712
contig_3436	1572555	1572670	intergenic	.	contig_3436:1572555-1572670
contig_3436	1948158	1948611	intergenic	.	contig_3436:1948158-1948611
contig_3436	1950504	1950675	intergenic	.	contig_3436:1950504-1950675
contig_34387	340392	340488	gene,mRNA	.	contig_34387:340392-340488,contig_34387:340392-340488
contig_34450	213394	213681	intergenic	.	contig_34450:213394-213681
contig_34453	384255	384453	intergenic	.	contig_34453:384255-384453
contig_34453	384824	385004	intergenic	.	contig_34453:384824-385004
contig_3450	1602547	1603100	gene,mRNA	.	contig_3450:1602547-1603100,contig_3450:1602547-1603100
contig_34570	239621	240008	intergenic	.	contig_34570:239621-240008
contig_34570	716289	716479	gene,mRNA	.	contig_34570:716289-716479,contig_34570:716289-716479
contig_34570	1670424	1670818	intergenic	.	contig_34570:1670424-1670818
contig_34610	166669	167085	intergenic	.	contig_34610:166669-167085
contig_34745	132297	132810	intergenic	.	contig_34745:132297-132810
contig_34755	81871	82272	intergenic	.	contig_34755:81871-82272
contig_3479	127617	127699	gene,mRNA	.	contig_3479:127617-127699,contig_3479:127617-127699
contig_3479	244808	245054	gene,mRNA	.	contig_3479:244808-245054,contig_3479:244808-245054
contig_3480	43408	43543	intergenic	.	contig_3480:43408-43543
contig_34826	192974	193197	intergenic	.	contig_34826:192974-193197
contig_34826	451527	452166	intergenic	.	contig_34826:451527-452166
contig_3485	8807	8998	intergenic	.	contig_3485:8807-8998
contig_3485	18781	18980	intergenic	.	contig_3485:18781-18980
contig_3485	45762	45915	intergenic	.	contig_3485:45762-45915
contig_3485	87503	87848	intergenic	.	contig_3485:87503-87848
contig_3487	86352	86491	intergenic	.	contig_3487:86352-86491
contig_3487	86754	86847	intergenic	.	contig_3487:86754-86847
contig_3487	126956	127218	intergenic	.	contig_3487:126956-127218
contig_3488	330441	330734	gene,mRNA,exon,CDS	.	contig_3488:330441-330734,contig_3488:330441-330734,contig_3488:330441-330734,contig_3488:330441-330734
contig_34900	199850	200033	intergenic	.	contig_34900:199850-200033
contig_34900	200217	200275	intergenic	.	contig_34900:200217-200275
contig_34900	308291	308446	gene,mRNA	.	contig_34900:308291-308446,contig_34900:308291-308446
contig_3500	88572	88691	intergenic	.	contig_3500:88572-88691
contig_3507	20688	20832	gene,mRNA	.	contig_3507:20688-20832,contig_3507:20688-20832
contig_3507	130273	130430	intergenic	.	contig_3507:130273-130430
contig_3507	140450	140604	intergenic	.	contig_3507:140450-140604
contig_3507	144612	144670	intergenic	.	contig_3507:144612-144670
contig_3507	649610	649885	intergenic	.	contig_3507:649610-649885
contig_3516	257021	257074	intergenic	.	contig_3516:257021-257074
contig_35191	31608	31758	gene,mRNA	.	contig_35191:31608-31758,contig_35191:31608-31758
contig_3520	374609	374799	intergenic	.	contig_3520:374609-374799
contig_3520	495779	495885	intergenic	.	contig_3520:495779-495885
contig_35205	64834	65054	intergenic	.	contig_35205:64834-65054
contig_35219	65886	66219	intergenic	.	contig_35219:65886-66219
contig_35219	67122	67303	intergenic	.	contig_35219:67122-67303
contig_35219	102801	102880	intergenic	.	contig_35219:102801-102880
contig_35219	333693	333880	intergenic	.	contig_35219:333693-333880
contig_35224	117870	118061	intergenic	.	contig_35224:117870-118061
contig_35224	230047	230265	exon,CDS,gene,mRNA	.	contig_35224:230047-230265,contig_35224:230047-230265,contig_35224:230047-230265,contig_35224:230047-230265
contig_35224	435757	436241	gene,mRNA	.	contig_35224:435757-436241,contig_35224:435757-436241
contig_35224	885522	885895	intergenic	.	contig_35224:885522-885895
contig_3525	380	458	intergenic	.	contig_3525:380-458
contig_3534	2099735	2100096	gene,mRNA	.	contig_3534:2099735-2100096,contig_3534:2099735-2100096
contig_3534	2107352	2107628	gene,mRNA	.	contig_3534:2107352-2107628,contig_3534:2107352-2107628
contig_3534	2333244	2333467	intergenic	.	contig_3534:2333244-2333467
contig_3534	2558272	2558387	intergenic	.	contig_3534:2558272-2558387
contig_35387	4824	5169	intergenic	.	contig_35387:4824-5169
contig_35399	132146	132362	intergenic	.	contig_35399:132146-132362
contig_354	407877	408056	intergenic	.	contig_354:407877-408056
contig_354	419992	420043	intergenic	.	contig_354:419992-420043
contig_35401	107812	107948	intergenic	.	contig_35401:107812-107948
contig_35407	233813	233994	intergenic	.	contig_35407:233813-233994
contig_35409	13825	13959	intergenic	.	contig_35409:13825-13959
contig_35413	343774	343932	intergenic	.	contig_35413:343774-343932
contig_35415	41106	41276	intergenic	.	contig_35415:41106-41276
contig_35415	74626	75171	intergenic	.	contig_35415:74626-75171
contig_35422	412904	413188	intergenic	.	contig_35422:412904-413188
contig_3543	333470	333793	intergenic	.	contig_3543:333470-333793
contig_35434	92310	92400	intergenic	.	contig_35434:92310-92400
contig_35434	92557	93167	intergenic	.	contig_35434:92557-93167
contig_35434	93666	93769	intergenic	.	contig_35434:93666-93769
contig_35434	249745	249867	intergenic	.	contig_35434:249745-249867
contig_35434	268357	268642	intergenic	.	contig_35434:268357-268642
contig_35439	12737	12919	gene,mRNA	.	contig_35439:12737-12919,contig_35439:12737-12919
contig_35475	253681	253852	intergenic	.	contig_35475:253681-253852
contig_35479	190417	190554	intergenic	.	contig_35479:190417-190554
contig_35495	3592	3750	intergenic	.	contig_35495:3592-3750
contig_35509	238753	238853	intergenic	.	contig_35509:238753-238853
contig_35524	445327	445394	intergenic	.	contig_35524:445327-445394
contig_35542	56179	56319	intergenic	.	contig_35542:56179-56319
contig_35542	56853	57158	intergenic	.	contig_35542:56853-57158
contig_35542	166217	166345	intergenic	.	contig_35542:166217-166345
contig_35542	204979	205205	intergenic	.	contig_35542:204979-205205
contig_35549	83842	83903	intergenic	.	contig_35549:83842-83903
contig_35589	11981	12072	intergenic	.	contig_35589:11981-12072
contig_35589	12415	12508	intergenic	.	contig_35589:12415-12508
contig_35591	22966	23073	intergenic	.	contig_35591:22966-23073
contig_35614	21841	21947	intergenic	.	contig_35614:21841-21947
contig_3562	172329	172593	intergenic	.	contig_3562:172329-172593
contig_35627	138612	139075	intergenic	.	contig_35627:138612-139075
contig_35646	122305	122402	intergenic	.	contig_35646:122305-122402
contig_35646	522986	523211	intergenic	.	contig_35646:522986-523211
contig_35646	540675	540822	intergenic	.	contig_35646:540675-540822
contig_35673	44796	45022	intergenic	.	contig_35673:44796-45022
contig_35682	18699	18887	intergenic	.	contig_35682:18699-18887
contig_35682	136955	137420	intergenic	.	contig_35682:136955-137420
contig_35682	439955	440043	intergenic	.	contig_35682:439955-440043
contig_35686	159985	160078	intergenic	.	contig_35686:159985-160078
contig_35692	242189	242280	gene,mRNA	.	contig_35692:242189-242280,contig_35692:242189-242280
contig_35702	77571	77780	intergenic	.	contig_35702:77571-77780
contig_35702	536470	536676	gene,mRNA	.	contig_35702:536470-536676,contig_35702:536470-536676
contig_3571	419368	419594	intergenic	.	contig_3571:419368-419594
contig_35716	2277	2365	intergenic	.	contig_35716:2277-2365
contig_35716	22081	22411	intergenic	.	contig_35716:22081-22411
contig_35716	204546	204925	gene,mRNA,gene,mRNA	.	contig_35716:204546-204925,contig_35716:204546-204925,contig_35716:204546-204925,contig_35716:204546-204925
contig_35739	7286	7416	intergenic	.	contig_35739:7286-7416
contig_35739	14591	14881	intergenic	.	contig_35739:14591-14881
contig_3576	685527	685651	intergenic	.	contig_3576:685527-685651
contig_3576	1814527	1814738	intergenic	.	contig_3576:1814527-1814738
contig_35777	320657	320858	intergenic	.	contig_35777:320657-320858
contig_35786	100880	100934	intergenic	.	contig_35786:100880-100934
contig_35786	157744	157802	intergenic	.	contig_35786:157744-157802
contig_35786	196655	196862	intergenic	.	contig_35786:196655-196862
contig_35822	119018	119122	intergenic	.	contig_35822:119018-119122
contig_35825	78318	78896	intergenic	.	contig_35825:78318-78896
contig_35831	180477	180626	intergenic	.	contig_35831:180477-180626
contig_3584	102042	102275	intergenic	.	contig_3584:102042-102275
contig_35843	5628	5993	intergenic	.	contig_35843:5628-5993
contig_35843	55470	55529	intergenic	.	contig_35843:55470-55529
contig_35843	63336	63833	intergenic	.	contig_35843:63336-63833
contig_35883	134538	134782	intergenic	.	contig_35883:134538-134782
contig_35899	229979	230084	intergenic	.	contig_35899:229979-230084
contig_35902	129708	129793	intergenic	.	contig_35902:129708-129793
contig_35902	173301	173691	intergenic	.	contig_35902:173301-173691
contig_35902	202473	202671	intergenic	.	contig_35902:202473-202671
contig_35902	326526	326726	intergenic	.	contig_35902:326526-326726
contig_35904	139585	139722	intergenic	.	contig_35904:139585-139722
contig_35904	255942	256064	intergenic	.	contig_35904:255942-256064
contig_35916	161225	161428	intergenic	.	contig_35916:161225-161428
contig_3593	432465	432757	intergenic	.	contig_3593:432465-432757
contig_35933	226069	226696	intergenic	.	contig_35933:226069-226696
contig_35946_part2	243469	243539	intergenic	.	contig_35946_part2:243469-243539
contig_35946_part2	244597	244700	intergenic	.	contig_35946_part2:244597-244700
contig_35946_part2	668813	668928	intergenic	.	contig_35946_part2:668813-668928
contig_35946_part2	685610	685985	intergenic	.	contig_35946_part2:685610-685985
contig_35946_part2	869374	869946	intergenic	.	contig_35946_part2:869374-869946
contig_35946_part2	1007201	1007256	gene,mRNA	.	contig_35946_part2:1007201-1007256,contig_35946_part2:1007201-1007256
contig_35946_part2	1053842	1053961	gene,mRNA	.	contig_35946_part2:1053842-1053961,contig_35946_part2:1053842-1053961
contig_35946_part2	1058022	1058453	gene,mRNA	.	contig_35946_part2:1058022-1058453,contig_35946_part2:1058022-1058453
contig_35946_part2	1059731	1059868	gene,mRNA	.	contig_35946_part2:1059731-1059868,contig_35946_part2:1059731-1059868
contig_35946_part2	1060089	1060251	gene,mRNA	.	contig_35946_part2:1060089-1060251,contig_35946_part2:1060089-1060251
contig_35946_part2	1060479	1060627	gene,mRNA	.	contig_35946_part2:1060479-1060627,contig_35946_part2:1060479-1060627
contig_35946_part2	1192232	1192457	intergenic	.	contig_35946_part2:1192232-1192457
contig_35955	33705	33770	intergenic	.	contig_35955:33705-33770
contig_35955	285032	285102	intergenic	.	contig_35955:285032-285102
contig_35955	395967	396233	intergenic	.	contig_35955:395967-396233
contig_3596	68810	68991	intergenic	.	contig_3596:68810-68991
contig_3596	109737	110484	intergenic	.	contig_3596:109737-110484
contig_3596	111572	111726	intergenic	.	contig_3596:111572-111726
contig_3596	697227	697406	intergenic	.	contig_3596:697227-697406
contig_35966	208492	208551	intergenic	.	contig_35966:208492-208551
contig_35989	340890	341095	gene,mRNA	.	contig_35989:340890-341095,contig_35989:340890-341095
contig_36006	458240	458585	gene,mRNA	.	contig_36006:458240-458585,contig_36006:458240-458585
contig_3601	214480	214555	gene,mRNA	.	contig_3601:214480-214555,contig_3601:214480-214555
contig_3601	2343591	2343921	intergenic	.	contig_3601:2343591-2343921
contig_36021	68472	68670	intergenic	.	contig_36021:68472-68670
contig_36023	80686	80999	gene,mRNA	.	contig_36023:80686-80999,contig_36023:80686-80999
contig_36057	27473	27629	intergenic	.	contig_36057:27473-27629
contig_36057	59810	59903	intergenic	.	contig_36057:59810-59903
contig_36057	64131	64286	intergenic	.	contig_36057:64131-64286
contig_36057	64860	64951	intergenic	.	contig_36057:64860-64951
contig_36057	398169	398444	intergenic	.	contig_36057:398169-398444
contig_36057	475288	475466	intergenic	.	contig_36057:475288-475466
contig_36075	142673	142939	intergenic	.	contig_36075:142673-142939
contig_36075	176703	176912	gene,mRNA	.	contig_36075:176703-176912,contig_36075:176703-176912
contig_36089	83434	83541	intergenic	.	contig_36089:83434-83541
contig_36089	86045	86252	intergenic	.	contig_36089:86045-86252
contig_3611	512016	512180	intergenic	.	contig_3611:512016-512180
contig_3611	711610	711769	intergenic	.	contig_3611:711610-711769
contig_3611	1133967	1134345	intergenic	.	contig_3611:1133967-1134345
contig_3611	1234185	1234238	intergenic	.	contig_3611:1234185-1234238
contig_3611	1249820	1250061	intergenic	.	contig_3611:1249820-1250061
contig_3611	1357031	1357101	intergenic	.	contig_3611:1357031-1357101
contig_36110	8455	8513	intergenic	.	contig_36110:8455-8513
contig_36149	190902	190972	intergenic	.	contig_36149:190902-190972
contig_3616	29475	29629	intergenic	.	contig_3616:29475-29629
contig_3616	606899	607130	intergenic	.	contig_3616:606899-607130
contig_36160	80151	80491	intergenic	.	contig_36160:80151-80491
contig_36167	3215	3404	intergenic	.	contig_36167:3215-3404
contig_362	189862	189912	intergenic	.	contig_362:189862-189912
contig_362	298545	298710	intergenic	.	contig_362:298545-298710
contig_362	1707523	1707613	intergenic	.	contig_362:1707523-1707613
contig_362	2134626	2134875	intergenic	.	contig_362:2134626-2134875
contig_362	4056861	4057047	gene,mRNA	.	contig_362:4056861-4057047,contig_362:4056861-4057047
contig_362	4787223	4787281	gene,mRNA	.	contig_362:4787223-4787281,contig_362:4787223-4787281
contig_362	5453786	5453927	intergenic	.	contig_362:5453786-5453927
contig_36202	196092	196573	intergenic	.	contig_36202:196092-196573
contig_36204	174551	174659	gene,mRNA	.	contig_36204:174551-174659,contig_36204:174551-174659
contig_3621	443541	443736	intergenic	.	contig_3621:443541-443736
contig_36211	58392	58708	gene,mRNA,exon,CDS,start_codon	.	contig_36211:58392-58708,contig_36211:58392-58708,contig_36211:58392-58708,contig_36211:58392-58708,contig_36211:58392-58708
contig_36211	58697	58708	intergenic	.	contig_36211:58697-58708
contig_36211	59062	59233	intergenic	.	contig_36211:59062-59233
contig_36214	52057	52301	intergenic	.	contig_36214:52057-52301
contig_36227	57474	57993	intergenic	.	contig_36227:57474-57993
contig_36249	261605	261889	intergenic	.	contig_36249:261605-261889
contig_36251	72900	73053	intergenic	.	contig_36251:72900-73053
contig_36254	13300	13610	intergenic	.	contig_36254:13300-13610
contig_3626	65023	65247	intergenic	.	contig_3626:65023-65247
contig_3626	66196	66488	intergenic	.	contig_3626:66196-66488
contig_3626	87867	87939	intergenic	.	contig_3626:87867-87939
contig_3626	1045951	1046068	gene,mRNA	.	contig_3626:1045951-1046068,contig_3626:1045951-1046068
contig_3626	2624517	2624635	intergenic	.	contig_3626:2624517-2624635
contig_3626	2657298	2657500	intergenic	.	contig_3626:2657298-2657500
contig_3626	2657298	2657560	polyA_signal_sequence,stop_codon,exon,CDS,gene,mRNA	.	contig_3626:2657298-2657560,contig_3626:2657298-2657560,contig_3626:2657298-2657560,contig_3626:2657298-2657560,contig_3626:2657298-2657560,contig_3626:2657298-2657560
contig_3626	3509134	3509324	intergenic	.	contig_3626:3509134-3509324
contig_36266	33308	33361	intergenic	.	contig_36266:33308-33361
contig_36302	33756	33959	intergenic	.	contig_36302:33756-33959
contig_3631	294873	295258	gene,mRNA	.	contig_3631:294873-295258,contig_3631:294873-295258
contig_3631	613759	614163	intergenic	.	contig_3631:613759-614163
contig_36325	27511	27852	intergenic	.	contig_36325:27511-27852
contig_36356	34342	34630	intergenic	.	contig_36356:34342-34630
contig_36356	38675	38741	intergenic	.	contig_36356:38675-38741
contig_36356	48897	49049	intergenic	.	contig_36356:48897-49049
contig_3644	706014	706146	intergenic	.	contig_3644:706014-706146
contig_3644	1462544	1462709	intergenic	.	contig_3644:1462544-1462709
contig_36477	121017	121127	intergenic	.	contig_36477:121017-121127
contig_36477	121017	121202	gene,polyA_signal_sequence,mRNA,stop_codon,exon,CDS	.	contig_36477:121017-121202,contig_36477:121017-121202,contig_36477:121017-121202,contig_36477:121017-121202,contig_36477:121017-121202,contig_36477:121017-121202
contig_36477	175449	175503	gene,mRNA	.	contig_36477:175449-175503,contig_36477:175449-175503
contig_36477	175779	176104	gene,mRNA	.	contig_36477:175779-176104,contig_36477:175779-176104
contig_36477	205256	205445	gene,mRNA	.	contig_36477:205256-205445,contig_36477:205256-205445
contig_36477	249576	249823	gene,mRNA	.	contig_36477:249576-249823,contig_36477:249576-249823
contig_36477	280748	280956	gene,mRNA	.	contig_36477:280748-280956,contig_36477:280748-280956
contig_36478	15642	15932	intergenic	.	contig_36478:15642-15932
contig_36485	241814	242246	intergenic	.	contig_36485:241814-242246
contig_36497	137490	137614	intergenic	.	contig_36497:137490-137614
contig_36503	170605	170746	intergenic	.	contig_36503:170605-170746
contig_36503	206518	206801	intergenic	.	contig_36503:206518-206801
contig_36503	371521	371818	intergenic	.	contig_36503:371521-371818
contig_36513	61347	61503	intergenic	.	contig_36513:61347-61503
contig_36526	144018	144190	intergenic	.	contig_36526:144018-144190
contig_36550	36541	36753	intergenic	.	contig_36550:36541-36753
contig_3657	389196	389263	intergenic	.	contig_3657:389196-389263
contig_3657	430970	431225	intergenic	.	contig_3657:430970-431225
contig_3657	813193	813342	gene,mRNA	.	contig_3657:813193-813342,contig_3657:813193-813342
contig_3657	856469	856652	intergenic	.	contig_3657:856469-856652
contig_3657	1284970	1285235	intergenic	.	contig_3657:1284970-1285235
contig_36582	441251	441440	gene,mRNA	.	contig_36582:441251-441440,contig_36582:441251-441440
contig_36594	56283	56412	intergenic	.	contig_36594:56283-56412
contig_36594	57913	58063	gene,mRNA,exon,CDS	.	contig_36594:57913-58063,contig_36594:57913-58063,contig_36594:57913-58063,contig_36594:57913-58063
contig_36594	58421	58579	gene	.	contig_36594:58421-58579
contig_36594	89892	90130	intergenic	.	contig_36594:89892-90130
contig_36594	162357	162503	intergenic	.	contig_36594:162357-162503
contig_36595	71129	71291	intergenic	.	contig_36595:71129-71291
contig_36602	55949	56226	intergenic	.	contig_36602:55949-56226
contig_36618	40499	40702	gene,mRNA	.	contig_36618:40499-40702,contig_36618:40499-40702
contig_36639	87362	87445	intergenic	.	contig_36639:87362-87445
contig_36688	40095	40565	intergenic	.	contig_36688:40095-40565
contig_36688	71877	72032	intergenic	.	contig_36688:71877-72032
contig_36715	120447	120566	gene,mRNA	.	contig_36715:120447-120566,contig_36715:120447-120566
contig_36715	1362714	1362810	exon,CDS,gene,mRNA	.	contig_36715:1362714-1362810,contig_36715:1362714-1362810,contig_36715:1362714-1362810,contig_36715:1362714-1362810
contig_36715	1362985	1363081	exon,CDS,gene,mRNA	.	contig_36715:1362985-1363081,contig_36715:1362985-1363081,contig_36715:1362985-1363081,contig_36715:1362985-1363081
contig_36715	1363293	1363586	exon,CDS,gene,mRNA	.	contig_36715:1363293-1363586,contig_36715:1363293-1363586,contig_36715:1363293-1363586,contig_36715:1363293-1363586
contig_36719	31138	31362	gene,mRNA	.	contig_36719:31138-31362,contig_36719:31138-31362
contig_36742	225795	226007	intergenic	.	contig_36742:225795-226007
contig_36742	311279	311537	intergenic	.	contig_36742:311279-311537
contig_36745	99643	99699	gene,mRNA	.	contig_36745:99643-99699,contig_36745:99643-99699
contig_36745	99859	100147	gene,mRNA	.	contig_36745:99859-100147,contig_36745:99859-100147
contig_36788	78754	78925	intergenic	.	contig_36788:78754-78925
contig_36788	118051	118395	intergenic	.	contig_36788:118051-118395
contig_36807	8470	8856	gene,mRNA,stop_codon,exon,CDS,start_codon	.	contig_36807:8470-8856,contig_36807:8470-8856,contig_36807:8470-8856,contig_36807:8470-8856,contig_36807:8470-8856,contig_36807:8470-8856
contig_36807	8736	8856	intergenic	.	contig_36807:8736-8856
contig_3681	7723	7912	intergenic	.	contig_3681:7723-7912
contig_36833	231857	231910	intergenic	.	contig_36833:231857-231910
contig_36839	145508	145664	intergenic	.	contig_36839:145508-145664
contig_36839	384273	384457	intergenic	.	contig_36839:384273-384457
contig_36850	21685	21890	intergenic	.	contig_36850:21685-21890
contig_36850	189771	189940	intergenic	.	contig_36850:189771-189940
contig_36854	170068	170219	intergenic	.	contig_36854:170068-170219
contig_36884	266634	266769	intergenic	.	contig_36884:266634-266769
contig_36884	267457	267593	intergenic	.	contig_36884:267457-267593
contig_36891	168422	168707	gene,mRNA	.	contig_36891:168422-168707,contig_36891:168422-168707
contig_36895	46926	47142	intergenic	.	contig_36895:46926-47142
contig_36895	105357	105761	intergenic	.	contig_36895:105357-105761
contig_36895	160369	160589	intergenic	.	contig_36895:160369-160589
contig_36904	5369	5647	intergenic	.	contig_36904:5369-5647
contig_36905	26323	26472	intergenic	.	contig_36905:26323-26472
contig_3691	379446	379701	intergenic	.	contig_3691:379446-379701
contig_36918	31632	31792	intergenic	.	contig_36918:31632-31792
contig_36963	112334	112764	intergenic	.	contig_36963:112334-112764
contig_36965	68511	68638	intergenic	.	contig_36965:68511-68638
contig_36990	252453	252656	intergenic	.	contig_36990:252453-252656
contig_36990	379322	379462	intergenic	.	contig_36990:379322-379462
contig_37057	72212	72436	intergenic	.	contig_37057:72212-72436
contig_37100	39111	39283	intergenic	.	contig_37100:39111-39283
contig_37100	39893	40046	intergenic	.	contig_37100:39893-40046
contig_37114	163518	163758	intergenic	.	contig_37114:163518-163758
contig_37114	164076	164212	intergenic	.	contig_37114:164076-164212
contig_37134	1604	1745	intergenic	.	contig_37134:1604-1745
contig_3714	138321	138717	intergenic	.	contig_3714:138321-138717
contig_3714	185685	186034	intergenic	.	contig_3714:185685-186034
contig_37147	91426	91921	intergenic	.	contig_37147:91426-91921
contig_37159	23983	24133	exon,CDS,gene,mRNA	.	contig_37159:23983-24133,contig_37159:23983-24133,contig_37159:23983-24133,contig_37159:23983-24133
contig_37168	39273	39351	intergenic	.	contig_37168:39273-39351
contig_37168	182481	183010	intergenic	.	contig_37168:182481-183010
contig_3719	32054	32203	gene,mRNA	.	contig_3719:32054-32203,contig_3719:32054-32203
contig_37190	79743	79966	gene,mRNA	.	contig_37190:79743-79966,contig_37190:79743-79966
contig_3720	7440	7627	gene,mRNA	.	contig_3720:7440-7627,contig_3720:7440-7627
contig_3720	236016	236120	intergenic	.	contig_3720:236016-236120
contig_3720	824391	824598	intergenic	.	contig_3720:824391-824598
contig_37215	134293	135138	gene,mRNA	.	contig_37215:134293-135138,contig_37215:134293-135138
contig_37222	57390	57545	intergenic	.	contig_37222:57390-57545
contig_37226	94338	94674	intergenic	.	contig_37226:94338-94674
contig_37231	40435	40817	intergenic	.	contig_37231:40435-40817
contig_37251	88519	88790	intergenic	.	contig_37251:88519-88790
contig_37274	128543	128792	intergenic	.	contig_37274:128543-128792
contig_37280	206775	206932	intergenic	.	contig_37280:206775-206932
contig_37286	62997	63117	intergenic	.	contig_37286:62997-63117
contig_37290	64464	64861	intergenic	.	contig_37290:64464-64861
contig_37315	27212	27394	intergenic	.	contig_37315:27212-27394
contig_37320	212617	212671	intergenic	.	contig_37320:212617-212671
contig_37338	71409	71578	gene,mRNA	.	contig_37338:71409-71578,contig_37338:71409-71578
contig_37338	72065	72305	exon,CDS,stop_codon,gene,mRNA	.	contig_37338:72065-72305,contig_37338:72065-72305,contig_37338:72065-72305,contig_37338:72065-72305,contig_37338:72065-72305
contig_37341	7265	7357	intergenic	.	contig_37341:7265-7357
contig_37341	115726	115849	intergenic	.	contig_37341:115726-115849
contig_37344	247651	247704	intergenic	.	contig_37344:247651-247704
contig_37359	109515	109771	intergenic	.	contig_37359:109515-109771
contig_37368	75705	75927	intergenic	.	contig_37368:75705-75927
contig_37389	116101	116281	intergenic	.	contig_37389:116101-116281
contig_37422	52564	52775	gene,mRNA	.	contig_37422:52564-52775,contig_37422:52564-52775
contig_37450	31394	31496	intergenic	.	contig_37450:31394-31496
contig_3746	10441	10559	intergenic	.	contig_3746:10441-10559
contig_37463	143818	144006	intergenic	.	contig_37463:143818-144006
contig_37505	129287	129728	gene,mRNA	.	contig_37505:129287-129728,contig_37505:129287-129728
contig_37512	11062	11370	intergenic	.	contig_37512:11062-11370
contig_37512	318605	319046	intergenic	.	contig_37512:318605-319046
contig_37512	383995	384333	intergenic	.	contig_37512:383995-384333
contig_37522	110609	110959	intergenic	.	contig_37522:110609-110959
contig_37528	90696	90938	intergenic	.	contig_37528:90696-90938
contig_37528	91250	91413	intergenic	.	contig_37528:91250-91413
contig_37541	63434	63731	intergenic	.	contig_37541:63434-63731
contig_37549	33402	33497	intergenic	.	contig_37549:33402-33497
contig_37549	148442	148641	intergenic	.	contig_37549:148442-148641
contig_37566	170934	171094	intergenic	.	contig_37566:170934-171094
contig_37566	226179	226295	intergenic	.	contig_37566:226179-226295
contig_3757	887710	887835	intergenic	.	contig_3757:887710-887835
contig_3757	1281608	1282184	intergenic	.	contig_3757:1281608-1282184
contig_37589	159455	159701	intergenic	.	contig_37589:159455-159701
contig_37641	70879	71288	gene,mRNA,stop_codon,exon,CDS,start_codon	.	contig_37641:70879-71288,contig_37641:70879-71288,contig_37641:70879-71288,contig_37641:70879-71288,contig_37641:70879-71288,contig_37641:70879-71288
contig_37641	71115	71288	intergenic	.	contig_37641:71115-71288
contig_37650	153334	153448	gene,mRNA	.	contig_37650:153334-153448,contig_37650:153334-153448
contig_37650	577817	577871	intergenic	.	contig_37650:577817-577871
contig_3767	57714	57887	intergenic	.	contig_3767:57714-57887
contig_37713	96083	96322	gene,mRNA	.	contig_37713:96083-96322,contig_37713:96083-96322
contig_37713	321052	321159	intergenic	.	contig_37713:321052-321159
contig_37727	5162	5379	intergenic	.	contig_37727:5162-5379
contig_3773	83335	83528	intergenic	.	contig_3773:83335-83528
contig_37738	130469	130754	gene,mRNA	.	contig_37738:130469-130754,contig_37738:130469-130754
contig_37752	112668	112814	intergenic	.	contig_37752:112668-112814
contig_37798	82440	82709	intergenic	.	contig_37798:82440-82709
contig_3781	740457	740645	gene,mRNA	.	contig_3781:740457-740645,contig_3781:740457-740645
contig_3781	1407544	1407886	intergenic	.	contig_3781:1407544-1407886
contig_3781	1524882	1525149	intergenic	.	contig_3781:1524882-1525149
contig_37838	166976	167231	gene,mRNA	.	contig_37838:166976-167231,contig_37838:166976-167231
contig_37838	210134	210777	gene,mRNA	.	contig_37838:210134-210777,contig_37838:210134-210777
contig_37838	264596	265086	gene,mRNA	.	contig_37838:264596-265086,contig_37838:264596-265086
contig_37838	265347	265668	gene,mRNA	.	contig_37838:265347-265668,contig_37838:265347-265668
contig_37904	3277	3379	intergenic	.	contig_37904:3277-3379
contig_37970	42754	43192	intergenic	.	contig_37970:42754-43192
contig_37970	79655	79965	intergenic	.	contig_37970:79655-79965
contig_37970	143652	143870	intergenic	.	contig_37970:143652-143870
contig_37970	506732	506960	gene,mRNA	.	contig_37970:506732-506960,contig_37970:506732-506960
contig_38053	32140	32508	intergenic	.	contig_38053:32140-32508
contig_38087	158950	159044	gene,mRNA	.	contig_38087:158950-159044,contig_38087:158950-159044
contig_38116	36247	36435	intergenic	.	contig_38116:36247-36435
contig_38144	82683	82742	gene,mRNA	.	contig_38144:82683-82742,contig_38144:82683-82742
contig_38146	9242	9564	intergenic	.	contig_38146:9242-9564
contig_38161	18502	18568	gene,mRNA	.	contig_38161:18502-18568,contig_38161:18502-18568
contig_38161	178954	179127	intergenic	.	contig_38161:178954-179127
contig_38161	213760	214131	intergenic	.	contig_38161:213760-214131
contig_3817	147830	148283	exon,CDS,stop_codon,polyA_signal_sequence,gene,mRNA	.	contig_3817:147830-148283,contig_3817:147830-148283,contig_3817:147830-148283,contig_3817:147830-148283,contig_3817:147830-148283,contig_3817:147830-148283
contig_3817	148279	148283	intergenic	.	contig_3817:148279-148283
contig_3817	148664	148724	intergenic	.	contig_3817:148664-148724
contig_38188	396190	396351	gene,mRNA	.	contig_38188:396190-396351,contig_38188:396190-396351
contig_38188	911994	912144	intergenic	.	contig_38188:911994-912144
contig_38220	32061	32116	intergenic	.	contig_38220:32061-32116
contig_3823	302318	302787	intergenic	.	contig_3823:302318-302787
contig_3823	339655	339758	gene,mRNA	.	contig_3823:339655-339758,contig_3823:339655-339758
contig_38277	37269	37448	intergenic	.	contig_38277:37269-37448
contig_38298	88064	88133	intergenic	.	contig_38298:88064-88133
contig_38312	146789	146984	intergenic	.	contig_38312:146789-146984
contig_38355	29481	29765	gene,mRNA	.	contig_38355:29481-29765,contig_38355:29481-29765
contig_38355	70328	70418	intergenic	.	contig_38355:70328-70418
contig_38367	410881	411080	gene,mRNA	.	contig_38367:410881-411080,contig_38367:410881-411080
contig_38402	99475	99551	intergenic	.	contig_38402:99475-99551
contig_38443	42842	43310	intergenic	.	contig_38443:42842-43310
contig_38479	149408	149657	polyA_signal_sequence,gene	.	contig_38479:149408-149657,contig_38479:149408-149657
contig_38479	149484	149657	intergenic	.	contig_38479:149484-149657
contig_38479	237018	237166	gene,mRNA	.	contig_38479:237018-237166,contig_38479:237018-237166
contig_38564	696585	696740	intergenic	.	contig_38564:696585-696740
contig_38571	55268	55512	intergenic	.	contig_38571:55268-55512
contig_38571	99157	99399	intergenic	.	contig_38571:99157-99399
contig_3858	252540	252650	gene,mRNA,exon,CDS	.	contig_3858:252540-252650,contig_3858:252540-252650,contig_3858:252540-252650,contig_3858:252540-252650
contig_38643	22290	22540	intergenic	.	contig_38643:22290-22540
contig_38643	81910	82167	intergenic	.	contig_38643:81910-82167
contig_38643	82423	82583	intergenic	.	contig_38643:82423-82583
contig_38655	84771	84967	intergenic	.	contig_38655:84771-84967
contig_3869	371254	371518	intergenic	.	contig_3869:371254-371518
contig_3869	391924	392078	intergenic	.	contig_3869:391924-392078
contig_38692	629912	629998	intergenic	.	contig_38692:629912-629998
contig_38771	22887	23150	intergenic	.	contig_38771:22887-23150
contig_38771	23405	23461	intergenic	.	contig_38771:23405-23461
contig_38777	26662	26887	gene,mRNA	.	contig_38777:26662-26887,contig_38777:26662-26887
contig_38793	94685	95071	intergenic	.	contig_38793:94685-95071
contig_38879	30941	31178	intergenic	.	contig_38879:30941-31178
contig_3891	31629	31739	intergenic	.	contig_3891:31629-31739
contig_3891	31977	32068	intergenic	.	contig_3891:31977-32068
contig_3896	98587	98859	intergenic	.	contig_3896:98587-98859
contig_3896	146167	146411	intergenic	.	contig_3896:146167-146411
contig_3906	97448	97537	intergenic	.	contig_3906:97448-97537
contig_3906	447668	447780	exon,CDS,gene,mRNA	.	contig_3906:447668-447780,contig_3906:447668-447780,contig_3906:447668-447780,contig_3906:447668-447780
contig_3925	31777	31983	intergenic	.	contig_3925:31777-31983
contig_3938	458141	458325	intergenic	.	contig_3938:458141-458325
contig_3938	873592	873835	intergenic	.	contig_3938:873592-873835
contig_3939	1138515	1138570	gene,mRNA	.	contig_3939:1138515-1138570,contig_3939:1138515-1138570
contig_3950	20859	21318	intergenic	.	contig_3950:20859-21318
contig_3950	74313	74554	gene,mRNA	.	contig_3950:74313-74554,contig_3950:74313-74554
contig_3955	583930	584023	intergenic	.	contig_3955:583930-584023
contig_3955	731044	731217	gene,mRNA	.	contig_3955:731044-731217,contig_3955:731044-731217
contig_3955	949290	949427	intergenic	.	contig_3955:949290-949427
contig_3955	979962	980015	gene,mRNA	.	contig_3955:979962-980015,contig_3955:979962-980015
contig_3955	1115201	1115317	intergenic	.	contig_3955:1115201-1115317
contig_3955	1180342	1180425	intergenic	.	contig_3955:1180342-1180425
contig_3955	1466968	1467026	gene,mRNA	.	contig_3955:1466968-1467026,contig_3955:1466968-1467026
contig_3961	388556	388738	intergenic	.	contig_3961:388556-388738
contig_3972	88923	89050	intergenic	.	contig_3972:88923-89050
contig_3972	89822	90215	intergenic	.	contig_3972:89822-90215
contig_3972	115474	115773	intergenic	.	contig_3972:115474-115773
contig_3977	23280	23346	intergenic	.	contig_3977:23280-23346
contig_3977	23912	24063	intergenic	.	contig_3977:23912-24063
contig_3977	59289	59514	intergenic	.	contig_3977:59289-59514
contig_3977	59921	60012	intergenic	.	contig_3977:59921-60012
contig_3977	110526	110624	intergenic	.	contig_3977:110526-110624
contig_3977	125100	125409	intergenic	.	contig_3977:125100-125409
contig_3977	475961	476292	intergenic	.	contig_3977:475961-476292
contig_4021	292853	293251	intergenic	.	contig_4021:292853-293251
contig_4066	759105	759327	intergenic	.	contig_4066:759105-759327
contig_4076	670	925	intergenic	.	contig_4076:670-925
contig_4076	255054	255164	intergenic	.	contig_4076:255054-255164
contig_408	297657	297802	intergenic	.	contig_408:297657-297802
contig_408	724762	724862	gene,mRNA	.	contig_408:724762-724862,contig_408:724762-724862
contig_408	811978	812197	gene,mRNA	.	contig_408:811978-812197,contig_408:811978-812197
contig_4083	209710	210406	intergenic	.	contig_4083:209710-210406
contig_4083	300011	300292	intergenic	.	contig_4083:300011-300292
contig_4083	512762	512917	gene,mRNA	.	contig_4083:512762-512917,contig_4083:512762-512917
contig_4083	953739	954216	intergenic	.	contig_4083:953739-954216
contig_4083	1398180	1398336	intergenic	.	contig_4083:1398180-1398336
contig_4083	2037458	2037853	intergenic	.	contig_4083:2037458-2037853
contig_417	161173	161245	intergenic	.	contig_417:161173-161245
contig_417	399442	399690	intergenic	.	contig_417:399442-399690
contig_417	635625	635770	intergenic	.	contig_417:635625-635770
contig_417	1132463	1132677	gene,mRNA	.	contig_417:1132463-1132677,contig_417:1132463-1132677
contig_4185	180001	180070	intergenic	.	contig_4185:180001-180070
contig_4188	1248990	1249071	intergenic	.	contig_4188:1248990-1249071
contig_419	101395	101686	intergenic	.	contig_419:101395-101686
contig_419	306922	307068	gene,mRNA	.	contig_419:306922-307068,contig_419:306922-307068
contig_4215	502753	502989	gene,mRNA	.	contig_4215:502753-502989,contig_4215:502753-502989
contig_4257	97891	98345	gene,mRNA,exon,CDS	.	contig_4257:97891-98345,contig_4257:97891-98345,contig_4257:97891-98345,contig_4257:97891-98345
contig_4257	122244	122512	gene,mRNA	.	contig_4257:122244-122512,contig_4257:122244-122512
contig_4267	77302	77395	intergenic	.	contig_4267:77302-77395
contig_4267	223408	223489	intergenic	.	contig_4267:223408-223489
contig_4267	353178	353279	intergenic	.	contig_4267:353178-353279
contig_427	342327	342395	intergenic	.	contig_427:342327-342395
contig_427	355385	355818	intergenic	.	contig_427:355385-355818
contig_427	824416	824476	intergenic	.	contig_427:824416-824476
contig_427	1440408	1440660	intergenic	.	contig_427:1440408-1440660
contig_428	25769	25857	intergenic	.	contig_428:25769-25857
contig_428	167646	167875	intergenic	.	contig_428:167646-167875
contig_428	227445	227970	intergenic	.	contig_428:227445-227970
contig_428	297468	297556	intergenic	.	contig_428:297468-297556
contig_428	325906	326099	intergenic	.	contig_428:325906-326099
contig_4288	165226	165487	gene,mRNA,stop_codon,exon,CDS	.	contig_4288:165226-165487,contig_4288:165226-165487,contig_4288:165226-165487,contig_4288:165226-165487,contig_4288:165226-165487
contig_4288	167871	168125	intergenic	.	contig_4288:167871-168125
contig_4288	649744	649893	intergenic	.	contig_4288:649744-649893
contig_4307	173929	174337	intergenic	.	contig_4307:173929-174337
contig_4307	302542	302763	intergenic	.	contig_4307:302542-302763
contig_4307	575411	575595	intergenic	.	contig_4307:575411-575595
contig_4307	576159	576284	intergenic	.	contig_4307:576159-576284
contig_4355	210692	210751	intergenic	.	contig_4355:210692-210751
contig_4373	128188	128338	gene,mRNA,exon,CDS	.	contig_4373:128188-128338,contig_4373:128188-128338,contig_4373:128188-128338,contig_4373:128188-128338
contig_4379	172930	172980	gene,mRNA	.	contig_4379:172930-172980,contig_4379:172930-172980
contig_4387	256448	256605	intergenic	.	contig_4387:256448-256605
contig_4387	637071	637662	intergenic	.	contig_4387:637071-637662
contig_439	157482	157604	intergenic	.	contig_439:157482-157604
contig_439	187469	187559	intergenic	.	contig_439:187469-187559
contig_439	187927	187987	intergenic	.	contig_439:187927-187987
contig_439	210027	210224	gene,mRNA	.	contig_439:210027-210224,contig_439:210027-210224
contig_439	280451	280653	intergenic	.	contig_439:280451-280653
contig_439	397066	397254	intergenic	.	contig_439:397066-397254
contig_4392	267010	267258	gene	.	contig_4392:267010-267258
contig_4392	358684	359081	intergenic	.	contig_4392:358684-359081
contig_4392	359390	359571	intergenic	.	contig_4392:359390-359571
contig_4392	390010	390370	intergenic	.	contig_4392:390010-390370
contig_4392	578320	578828	intergenic	.	contig_4392:578320-578828
contig_4392	653595	653711	intergenic	.	contig_4392:653595-653711
contig_4392	955142	955390	intergenic	.	contig_4392:955142-955390
contig_4392	1072133	1072286	intergenic	.	contig_4392:1072133-1072286
contig_4397	875956	876230	intergenic	.	contig_4397:875956-876230
contig_4423	941260	941885	gene,mRNA	.	contig_4423:941260-941885,contig_4423:941260-941885
contig_4423	1698925	1699176	gene,mRNA	.	contig_4423:1698925-1699176,contig_4423:1698925-1699176
contig_4438	365359	365521	intergenic	.	contig_4438:365359-365521
contig_4438	365680	365874	intergenic	.	contig_4438:365680-365874
contig_4438	366308	366514	intergenic	.	contig_4438:366308-366514
contig_4438	1290371	1290521	gene,mRNA,exon,CDS	.	contig_4438:1290371-1290521,contig_4438:1290371-1290521,contig_4438:1290371-1290521,contig_4438:1290371-1290521
contig_4438	2073466	2073612	intergenic	.	contig_4438:2073466-2073612
contig_4438	2319376	2319456	intergenic	.	contig_4438:2319376-2319456
contig_4438	2596727	2596938	intergenic	.	contig_4438:2596727-2596938
contig_4438	4822137	4822321	intergenic	.	contig_4438:4822137-4822321
contig_4438	5366748	5366902	intergenic	.	contig_4438:5366748-5366902
contig_4438	5608587	5608773	intergenic	.	contig_4438:5608587-5608773
contig_4438	5886434	5887184	intergenic	.	contig_4438:5886434-5887184
contig_4438	6334926	6335234	intergenic	.	contig_4438:6334926-6335234
contig_4438	6862814	6862930	intergenic	.	contig_4438:6862814-6862930
contig_4438	7171533	7171741	intergenic	.	contig_4438:7171533-7171741
contig_4438	7541188	7541245	gene,mRNA	.	contig_4438:7541188-7541245,contig_4438:7541188-7541245
contig_4453	301314	301483	gene,mRNA	.	contig_4453:301314-301483,contig_4453:301314-301483
contig_4453	385936	386130	gene,mRNA	.	contig_4453:385936-386130,contig_4453:385936-386130
contig_4453	1097948	1098353	intergenic	.	contig_4453:1097948-1098353
contig_4477	20167	20316	gene,mRNA	.	contig_4477:20167-20316,contig_4477:20167-20316
contig_4477	277931	278114	intergenic	.	contig_4477:277931-278114
contig_4484	42743	43139	intergenic	.	contig_4484:42743-43139
contig_4490	477313	477488	intergenic	.	contig_4490:477313-477488
contig_4492	68803	69089	intergenic	.	contig_4492:68803-69089
contig_4492	240446	240855	intergenic	.	contig_4492:240446-240855
contig_4492	774497	774670	gene,mRNA	.	contig_4492:774497-774670,contig_4492:774497-774670
contig_4492	778227	778365	gene,mRNA	.	contig_4492:778227-778365,contig_4492:778227-778365
contig_4492	831464	831784	intergenic	.	contig_4492:831464-831784
contig_4503	367772	367924	intergenic	.	contig_4503:367772-367924
contig_4503	368106	368157	intergenic	.	contig_4503:368106-368157
contig_4503	557539	557721	gene,mRNA	.	contig_4503:557539-557721,contig_4503:557539-557721
contig_4503	867804	868202	intergenic	.	contig_4503:867804-868202
contig_4548	209241	209423	intergenic	.	contig_4548:209241-209423
contig_4548	502685	502868	intergenic	.	contig_4548:502685-502868
contig_4576	209471	209597	intergenic	.	contig_4576:209471-209597
contig_4592	96223	96357	intergenic	.	contig_4592:96223-96357
contig_4592	439625	440168	intergenic	.	contig_4592:439625-440168
contig_4592	673002	673090	intergenic	.	contig_4592:673002-673090
contig_4592	816503	816744	intergenic	.	contig_4592:816503-816744
contig_4592	837103	837189	intergenic	.	contig_4592:837103-837189
contig_4625	124862	125108	intergenic	.	contig_4625:124862-125108
contig_4625	164957	165538	intergenic	.	contig_4625:164957-165538
contig_4625	748312	748671	intergenic	.	contig_4625:748312-748671
contig_4625	871682	871777	gene,mRNA	.	contig_4625:871682-871777,contig_4625:871682-871777
contig_4634	168894	169183	intergenic	.	contig_4634:168894-169183
contig_4634	169443	169645	intergenic	.	contig_4634:169443-169645
contig_4634	183906	184114	intergenic	.	contig_4634:183906-184114
contig_4643	168215	168408	gene,mRNA	.	contig_4643:168215-168408,contig_4643:168215-168408
contig_4643	296320	296452	gene,mRNA	.	contig_4643:296320-296452,contig_4643:296320-296452
contig_4649	756309	756557	intergenic	.	contig_4649:756309-756557
contig_4654	229724	230009	intergenic	.	contig_4654:229724-230009
contig_4660	1094219	1094298	intergenic	.	contig_4660:1094219-1094298
contig_4670	194574	194776	intergenic	.	contig_4670:194574-194776
contig_4694	118305	118399	gene,mRNA	.	contig_4694:118305-118399,contig_4694:118305-118399
contig_4708	358770	359028	intergenic	.	contig_4708:358770-359028
contig_4708	701975	702285	exon,CDS,gene,mRNA	.	contig_4708:701975-702285,contig_4708:701975-702285,contig_4708:701975-702285,contig_4708:701975-702285
contig_4708	1251450	1251686	intergenic	.	contig_4708:1251450-1251686
contig_4715	354462	355147	intergenic	.	contig_4715:354462-355147
contig_4728	59737	60003	intergenic	.	contig_4728:59737-60003
contig_4728	267964	268064	gene,mRNA	.	contig_4728:267964-268064,contig_4728:267964-268064
contig_4735	33986	34037	gene,mRNA	.	contig_4735:33986-34037,contig_4735:33986-34037
contig_4735	299512	299805	intergenic	.	contig_4735:299512-299805
contig_4735	1161650	1161832	intergenic	.	contig_4735:1161650-1161832
contig_4735	1423313	1423500	intergenic	.	contig_4735:1423313-1423500
contig_4735	1489172	1489644	intergenic	.	contig_4735:1489172-1489644
contig_4741	5672	5778	intergenic	.	contig_4741:5672-5778
contig_4744	252416	252550	intergenic	.	contig_4744:252416-252550
contig_4744	304912	305103	intergenic	.	contig_4744:304912-305103
contig_4744	419088	419141	intergenic	.	contig_4744:419088-419141
contig_4744	419088	419358	start_codon,exon,CDS,gene,mRNA	.	contig_4744:419088-419358,contig_4744:419088-419358,contig_4744:419088-419358,contig_4744:419088-419358,contig_4744:419088-419358
contig_4744	455637	455852	gene,mRNA	.	contig_4744:455637-455852,contig_4744:455637-455852
contig_4744	521415	521553	intergenic	.	contig_4744:521415-521553
contig_4744	533024	533428	intergenic	.	contig_4744:533024-533428
contig_4744	679400	679759	intergenic	.	contig_4744:679400-679759
contig_4744	719252	719573	intergenic	.	contig_4744:719252-719573
contig_4744	795579	795901	intergenic	.	contig_4744:795579-795901
contig_4744	986687	986903	intergenic	.	contig_4744:986687-986903
contig_4744	1218853	1219057	gene,mRNA	.	contig_4744:1218853-1219057,contig_4744:1218853-1219057
contig_4750	361663	361730	intergenic	.	contig_4750:361663-361730
contig_4769	297812	298127	intergenic	.	contig_4769:297812-298127
contig_4769	342657	343355	intergenic	.	contig_4769:342657-343355
contig_4787	1928848	1929043	intergenic	.	contig_4787:1928848-1929043
contig_4787	4518675	4518742	gene,mRNA	.	contig_4787:4518675-4518742,contig_4787:4518675-4518742
contig_4787	4868399	4868856	intergenic	.	contig_4787:4868399-4868856
contig_48	80270	80334	intergenic	.	contig_48:80270-80334
contig_48	488365	488699	gene,mRNA	.	contig_48:488365-488699,contig_48:488365-488699
contig_4801	7328	7411	intergenic	.	contig_4801:7328-7411
contig_4816	121484	121536	gene,mRNA	.	contig_4816:121484-121536,contig_4816:121484-121536
contig_4816	286039	286193	intergenic	.	contig_4816:286039-286193
contig_4828	708982	709124	gene,mRNA	.	contig_4828:708982-709124,contig_4828:708982-709124
contig_4828	1778283	1778450	gene,mRNA	.	contig_4828:1778283-1778450,contig_4828:1778283-1778450
contig_4828	1916239	1916432	gene,mRNA	.	contig_4828:1916239-1916432,contig_4828:1916239-1916432
contig_4858	346785	346987	intergenic	.	contig_4858:346785-346987
contig_4886	132926	133069	intergenic	.	contig_4886:132926-133069
contig_4886	133416	133515	intergenic	.	contig_4886:133416-133515
contig_4894	459663	459867	intergenic	.	contig_4894:459663-459867
contig_4894	465771	466386	intergenic	.	contig_4894:465771-466386
contig_4894	575858	576037	intergenic	.	contig_4894:575858-576037
contig_4894	892437	892494	gene,mRNA	.	contig_4894:892437-892494,contig_4894:892437-892494
contig_4894	923780	923867	gene,mRNA	.	contig_4894:923780-923867,contig_4894:923780-923867
contig_4894	1978215	1978660	intergenic	.	contig_4894:1978215-1978660
contig_4894	2672777	2672850	intergenic	.	contig_4894:2672777-2672850
contig_4912	337190	337436	gene,mRNA	.	contig_4912:337190-337436,contig_4912:337190-337436
contig_4912	437091	437209	intergenic	.	contig_4912:437091-437209
contig_4912	565388	565559	intergenic	.	contig_4912:565388-565559
contig_4912	567003	567240	intergenic	.	contig_4912:567003-567240
contig_4912	961141	961215	intergenic	.	contig_4912:961141-961215
contig_4912	961141	961713	gene,mRNA,start_codon,exon,CDS,stop_codon	.	contig_4912:961141-961713,contig_4912:961141-961713,contig_4912:961141-961713,contig_4912:961141-961713,contig_4912:961141-961713,contig_4912:961141-961713
contig_4912	1062826	1063038	intergenic	.	contig_4912:1062826-1063038
contig_4912	1241045	1241220	intergenic	.	contig_4912:1241045-1241220
contig_4921	72510	72631	gene,mRNA	.	contig_4921:72510-72631,contig_4921:72510-72631
contig_4928	22341	22489	intergenic	.	contig_4928:22341-22489
contig_4934	65124	65321	gene,mRNA	.	contig_4934:65124-65321,contig_4934:65124-65321
contig_4934	94327	94579	gene,mRNA	.	contig_4934:94327-94579,contig_4934:94327-94579
contig_4934	190701	190870	intergenic	.	contig_4934:190701-190870
contig_4934	291548	291706	gene,mRNA,exon,CDS	.	contig_4934:291548-291706,contig_4934:291548-291706,contig_4934:291548-291706,contig_4934:291548-291706
contig_4934	341515	341842	gene,mRNA	.	contig_4934:341515-341842,contig_4934:341515-341842
contig_4936	14723	14807	intergenic	.	contig_4936:14723-14807
contig_4936	60813	61027	intergenic	.	contig_4936:60813-61027
contig_4965	36098	36469	intergenic	.	contig_4965:36098-36469
contig_4965	60386	60475	intergenic	.	contig_4965:60386-60475
contig_4966	181005	181090	intergenic	.	contig_4966:181005-181090
contig_4967	105891	105964	intergenic	.	contig_4967:105891-105964
contig_4967	106152	106208	intergenic	.	contig_4967:106152-106208
contig_4984	39762	39829	intergenic	.	contig_4984:39762-39829
contig_4984	252782	253341	intergenic	.	contig_4984:252782-253341
contig_4984	284539	285065	intergenic	.	contig_4984:284539-285065
contig_4984	308419	308567	intergenic	.	contig_4984:308419-308567
contig_4984	426422	426739	intergenic	.	contig_4984:426422-426739
contig_4984	506062	506594	gene,mRNA	.	contig_4984:506062-506594,contig_4984:506062-506594
contig_4984	893624	893754	intergenic	.	contig_4984:893624-893754
contig_4984	900939	901094	intergenic	.	contig_4984:900939-901094
contig_4993	455391	455536	intergenic	.	contig_4993:455391-455536
contig_5042	303742	303926	gene,mRNA	.	contig_5042:303742-303926,contig_5042:303742-303926
contig_5042	530720	530788	intergenic	.	contig_5042:530720-530788
contig_5048	24957	25308	intergenic	.	contig_5048:24957-25308
contig_5048	142563	142722	intergenic	.	contig_5048:142563-142722
contig_5048	142563	142734	gene,polyA_signal_sequence	.	contig_5048:142563-142734,contig_5048:142563-142734
contig_5067	53442	53678	gene,mRNA	.	contig_5067:53442-53678,contig_5067:53442-53678
contig_5067	53845	53943	gene,mRNA	.	contig_5067:53845-53943,contig_5067:53845-53943
contig_5067	112088	112474	intergenic	.	contig_5067:112088-112474
contig_5071	36690	36778	intergenic	.	contig_5071:36690-36778
contig_5071	166205	166442	intergenic	.	contig_5071:166205-166442
contig_5071	567075	567479	intergenic	.	contig_5071:567075-567479
contig_5075	467722	467858	intergenic	.	contig_5075:467722-467858
contig_5086	114012	114129	intergenic	.	contig_5086:114012-114129
contig_5086	114012	114475	start_codon,exon,CDS,gene,mRNA	.	contig_5086:114012-114475,contig_5086:114012-114475,contig_5086:114012-114475,contig_5086:114012-114475,contig_5086:114012-114475
contig_5086	223837	224028	intergenic	.	contig_5086:223837-224028
contig_5086	427876	427947	intergenic	.	contig_5086:427876-427947
contig_5090	19396	19588	gene,mRNA	.	contig_5090:19396-19588,contig_5090:19396-19588
contig_5107	13481	13616	intergenic	.	contig_5107:13481-13616
contig_5121	779405	779707	gene,mRNA	.	contig_5121:779405-779707,contig_5121:779405-779707
contig_5121	861624	861900	intergenic	.	contig_5121:861624-861900
contig_5149	169350	169525	intergenic	.	contig_5149:169350-169525
contig_5169	247452	247627	intergenic	.	contig_5169:247452-247627
contig_5184	220427	220682	intergenic	.	contig_5184:220427-220682
contig_5184	264668	264787	gene,mRNA	.	contig_5184:264668-264787,contig_5184:264668-264787
contig_5184	265107	265352	gene,mRNA	.	contig_5184:265107-265352,contig_5184:265107-265352
contig_5184	494811	494929	intergenic	.	contig_5184:494811-494929
contig_5184	539596	539836	intergenic	.	contig_5184:539596-539836
contig_5184	642877	643195	intergenic	.	contig_5184:642877-643195
contig_5184	710094	710312	intergenic	.	contig_5184:710094-710312
contig_5230	234208	234545	intergenic	.	contig_5230:234208-234545
contig_5230	339510	339713	intergenic	.	contig_5230:339510-339713
contig_5247	271319	271541	intergenic	.	contig_5247:271319-271541
contig_5250	374520	374785	gene,mRNA	.	contig_5250:374520-374785,contig_5250:374520-374785
contig_5250	692725	692863	gene,mRNA	.	contig_5250:692725-692863,contig_5250:692725-692863
contig_5265	120230	120343	intergenic	.	contig_5265:120230-120343
contig_5265	358386	358445	intergenic	.	contig_5265:358386-358445
contig_5281	175754	175816	intergenic	.	contig_5281:175754-175816
contig_5290	1468199	1468263	gene,mRNA	.	contig_5290:1468199-1468263,contig_5290:1468199-1468263
contig_5353	35026	35114	intergenic	.	contig_5353:35026-35114
contig_5353	84274	84337	intergenic	.	contig_5353:84274-84337
contig_5353	731294	731348	intergenic	.	contig_5353:731294-731348
contig_5363	106055	106209	gene,mRNA	.	contig_5363:106055-106209,contig_5363:106055-106209
contig_5363	200391	200570	intergenic	.	contig_5363:200391-200570
contig_5369	288598	288676	intergenic	.	contig_5369:288598-288676
contig_5369	571715	571773	intergenic	.	contig_5369:571715-571773
contig_54	387052	387287	intergenic	.	contig_54:387052-387287
contig_54	1090018	1090249	intergenic	.	contig_54:1090018-1090249
contig_540	275481	275796	intergenic	.	contig_540:275481-275796
contig_540	919589	919723	gene,mRNA	.	contig_540:919589-919723,contig_540:919589-919723
contig_540	1931401	1931501	intergenic	.	contig_540:1931401-1931501
contig_540	1932136	1932321	intergenic	.	contig_540:1932136-1932321
contig_540	2045570	2045842	intergenic	.	contig_540:2045570-2045842
contig_546	246344	246463	intergenic	.	contig_546:246344-246463
contig_546	318901	318983	intergenic	.	contig_546:318901-318983
contig_546	324840	324907	intergenic	.	contig_546:324840-324907
contig_546	399255	399563	intergenic	.	contig_546:399255-399563
contig_546	472736	473148	intergenic	.	contig_546:472736-473148
contig_546	715516	715615	intergenic	.	contig_546:715516-715615
contig_546	929486	929570	intergenic	.	contig_546:929486-929570
contig_550	6173	6260	gene,mRNA	.	contig_550:6173-6260,contig_550:6173-6260
contig_550	13838	14271	gene,mRNA	.	contig_550:13838-14271,contig_550:13838-14271
contig_550	30438	30725	gene,mRNA	.	contig_550:30438-30725,contig_550:30438-30725
contig_550	339751	339902	intergenic	.	contig_550:339751-339902
contig_550	1027603	1027687	gene,mRNA	.	contig_550:1027603-1027687,contig_550:1027603-1027687
contig_5518	350824	351106	intergenic	.	contig_5518:350824-351106
contig_5527	160567	160706	intergenic	.	contig_5527:160567-160706
contig_5527	411552	411604	intergenic	.	contig_5527:411552-411604
contig_5533	15852	16100	intergenic	.	contig_5533:15852-16100
contig_5533	39167	39348	intergenic	.	contig_5533:39167-39348
contig_5534	43765	43861	intergenic	.	contig_5534:43765-43861
contig_5534	43765	44072	start_codon,exon,CDS,gene,mRNA	.	contig_5534:43765-44072,contig_5534:43765-44072,contig_5534:43765-44072,contig_5534:43765-44072,contig_5534:43765-44072
contig_5540	20072	20292	intergenic	.	contig_5540:20072-20292
contig_5552	5475	5633	intergenic	.	contig_5552:5475-5633
contig_5560	50067	50245	intergenic	.	contig_5560:50067-50245
contig_5560	149445	149647	intergenic	.	contig_5560:149445-149647
contig_5560	207505	207666	intergenic	.	contig_5560:207505-207666
contig_5568	1587212	1587426	intergenic	.	contig_5568:1587212-1587426
contig_5568	1592542	1592621	intergenic	.	contig_5568:1592542-1592621
contig_5568	2151435	2151767	intergenic	.	contig_5568:2151435-2151767
contig_5594	10562	10755	intergenic	.	contig_5594:10562-10755
contig_5594	706026	706282	intergenic	.	contig_5594:706026-706282
contig_5604	759127	759354	intergenic	.	contig_5604:759127-759354
contig_5604	818353	818691	intergenic	.	contig_5604:818353-818691
contig_5604	977862	977966	intergenic	.	contig_5604:977862-977966
contig_5604	979013	979239	intergenic	.	contig_5604:979013-979239
contig_5604	1123522	1123576	intergenic	.	contig_5604:1123522-1123576
contig_5604	1895834	1896025	intergenic	.	contig_5604:1895834-1896025
contig_5618	229562	229613	intergenic	.	contig_5618:229562-229613
contig_5618	307264	308012	intergenic	.	contig_5618:307264-308012
contig_5618	355527	355942	intergenic	.	contig_5618:355527-355942
contig_5618	458441	458741	intergenic	.	contig_5618:458441-458741
contig_5618	629474	629532	gene,mRNA	.	contig_5618:629474-629532,contig_5618:629474-629532
contig_5618	635888	636273	gene,mRNA	.	contig_5618:635888-636273,contig_5618:635888-636273
contig_5618	905493	905787	intergenic	.	contig_5618:905493-905787
contig_5618	959319	959652	intergenic	.	contig_5618:959319-959652
contig_5618	1083720	1084221	intergenic	.	contig_5618:1083720-1084221
contig_5618	1159725	1159780	intergenic	.	contig_5618:1159725-1159780
contig_5618	1189142	1189312	intergenic	.	contig_5618:1189142-1189312
contig_5618	1306236	1306427	intergenic	.	contig_5618:1306236-1306427
contig_5618	1537021	1537302	gene,mRNA	.	contig_5618:1537021-1537302,contig_5618:1537021-1537302
contig_5618	1848121	1848633	gene,mRNA	.	contig_5618:1848121-1848633,contig_5618:1848121-1848633
contig_5618	2434837	2435262	gene,mRNA,exon,CDS,stop_codon,polyA_signal_sequence	.	contig_5618:2434837-2435262,contig_5618:2434837-2435262,contig_5618:2434837-2435262,contig_5618:2434837-2435262,contig_5618:2434837-2435262,contig_5618:2434837-2435262
contig_5618	2435121	2435262	intergenic	.	contig_5618:2435121-2435262
contig_5618	2549845	2549948	intergenic	.	contig_5618:2549845-2549948
contig_5618	2607843	2608165	intergenic	.	contig_5618:2607843-2608165
contig_5618	2672859	2673030	intergenic	.	contig_5618:2672859-2673030
contig_5618	2677131	2677227	intergenic	.	contig_5618:2677131-2677227
contig_5618	2711597	2712113	intergenic	.	contig_5618:2711597-2712113
contig_5618	3473844	3474001	gene,mRNA	.	contig_5618:3473844-3474001,contig_5618:3473844-3474001
contig_5618	3531265	3531595	intergenic	.	contig_5618:3531265-3531595
contig_5618	3729059	3729227	gene,mRNA	.	contig_5618:3729059-3729227,contig_5618:3729059-3729227
contig_5618	3787343	3787547	gene,mRNA	.	contig_5618:3787343-3787547,contig_5618:3787343-3787547
contig_5618	3839446	3839814	intergenic	.	contig_5618:3839446-3839814
contig_5618	3982805	3983003	exon,CDS,stop_codon,gene,mRNA	.	contig_5618:3982805-3983003,contig_5618:3982805-3983003,contig_5618:3982805-3983003,contig_5618:3982805-3983003,contig_5618:3982805-3983003
contig_5618	4193490	4194089	intergenic	.	contig_5618:4193490-4194089
contig_5618	4321283	4321787	gene,mRNA	.	contig_5618:4321283-4321787,contig_5618:4321283-4321787
contig_5618	4362837	4363037	gene,mRNA	.	contig_5618:4362837-4363037,contig_5618:4362837-4363037
contig_5618	4538458	4538730	intergenic	.	contig_5618:4538458-4538730
contig_5618	4737912	4738010	gene,mRNA	.	contig_5618:4737912-4738010,contig_5618:4737912-4738010
contig_5618	5300272	5300324	intergenic	.	contig_5618:5300272-5300324
contig_5618	5464807	5465252	gene,mRNA	.	contig_5618:5464807-5465252,contig_5618:5464807-5465252
contig_5618	5606542	5606743	gene,mRNA	.	contig_5618:5606542-5606743,contig_5618:5606542-5606743
contig_5618	6042118	6042776	intergenic	.	contig_5618:6042118-6042776
contig_5618	6054217	6054714	intergenic	.	contig_5618:6054217-6054714
contig_5629	169580	169745	intergenic	.	contig_5629:169580-169745
contig_5629	231697	232016	intergenic	.	contig_5629:231697-232016
contig_5655	494943	495019	intergenic	.	contig_5655:494943-495019
contig_5660	135256	135358	intergenic	.	contig_5660:135256-135358
contig_5660	260023	260273	intergenic	.	contig_5660:260023-260273
contig_5660	526032	526343	intergenic	.	contig_5660:526032-526343
contig_567	15708	16350	intergenic	.	contig_567:15708-16350
contig_5686	124855	125114	gene,mRNA	.	contig_5686:124855-125114,contig_5686:124855-125114
contig_5686	199858	199939	intergenic	.	contig_5686:199858-199939
contig_5694	87193	87440	gene,mRNA	.	contig_5694:87193-87440,contig_5694:87193-87440
contig_5694	809488	809649	intergenic	.	contig_5694:809488-809649
contig_5713	291312	291508	intergenic	.	contig_5713:291312-291508
contig_5713	513873	513931	gene,mRNA	.	contig_5713:513873-513931,contig_5713:513873-513931
contig_5713	546419	546626	gene,mRNA	.	contig_5713:546419-546626,contig_5713:546419-546626
contig_5713	818785	819106	intergenic	.	contig_5713:818785-819106
contig_5713	2037820	2037946	intergenic	.	contig_5713:2037820-2037946
contig_5713	2208598	2208925	intergenic	.	contig_5713:2208598-2208925
contig_5713	2214322	2214581	intergenic	.	contig_5713:2214322-2214581
contig_5713	2346577	2346820	intergenic	.	contig_5713:2346577-2346820
contig_5726	183921	184080	intergenic	.	contig_5726:183921-184080
contig_5726	489472	489795	intergenic	.	contig_5726:489472-489795
contig_5726	1122198	1122434	intergenic	.	contig_5726:1122198-1122434
contig_5726	1237260	1237503	intergenic	.	contig_5726:1237260-1237503
contig_573	149755	150087	intergenic	.	contig_573:149755-150087
contig_573	158770	159040	intergenic	.	contig_573:158770-159040
contig_573	288206	288348	intergenic	.	contig_573:288206-288348
contig_5741	101491	101563	intergenic	.	contig_5741:101491-101563
contig_5741	362096	362394	intergenic	.	contig_5741:362096-362394
contig_5741	480317	480398	intergenic	.	contig_5741:480317-480398
contig_5741	1064891	1065089	intergenic	.	contig_5741:1064891-1065089
contig_5741	1482628	1482755	intergenic	.	contig_5741:1482628-1482755
contig_5741	1557426	1557703	intergenic	.	contig_5741:1557426-1557703
contig_5741	1611807	1612013	intergenic	.	contig_5741:1611807-1612013
contig_5765	245432	245497	intergenic	.	contig_5765:245432-245497
contig_5765	1089920	1090160	intergenic	.	contig_5765:1089920-1090160
contig_5769	506268	506580	intergenic	.	contig_5769:506268-506580
contig_5790	628374	628630	intergenic	.	contig_5790:628374-628630
contig_5790	800094	800324	intergenic	.	contig_5790:800094-800324
contig_5790	823981	824374	intergenic	.	contig_5790:823981-824374
contig_5790	833335	833423	intergenic	.	contig_5790:833335-833423
contig_5790	987407	987543	intergenic	.	contig_5790:987407-987543
contig_5790	987862	987971	intergenic	.	contig_5790:987862-987971
contig_5797	61309	61439	intergenic	.	contig_5797:61309-61439
contig_5797	127408	127504	gene,mRNA	.	contig_5797:127408-127504,contig_5797:127408-127504
contig_5797	189759	189894	gene,mRNA	.	contig_5797:189759-189894,contig_5797:189759-189894
contig_581	829630	829831	intergenic	.	contig_581:829630-829831
contig_581	1091964	1092101	intergenic	.	contig_581:1091964-1092101
contig_581	1101867	1101936	intergenic	.	contig_581:1101867-1101936
contig_581	1355156	1355323	intergenic	.	contig_581:1355156-1355323
contig_581	1566648	1566857	intergenic	.	contig_581:1566648-1566857
contig_5819	336193	336473	intergenic	.	contig_5819:336193-336473
contig_5819	435133	435305	intergenic	.	contig_5819:435133-435305
contig_5819	490731	490850	intergenic	.	contig_5819:490731-490850
contig_5819	636939	637079	intergenic	.	contig_5819:636939-637079
contig_5841	754218	754298	intergenic	.	contig_5841:754218-754298
contig_5848	547494	547700	gene,mRNA	.	contig_5848:547494-547700,contig_5848:547494-547700
contig_5852	57179	57307	intergenic	.	contig_5852:57179-57307
contig_5852	327121	327221	intergenic	.	contig_5852:327121-327221
contig_5852	381872	382129	intergenic	.	contig_5852:381872-382129
contig_5852	537650	537884	gene,mRNA	.	contig_5852:537650-537884,contig_5852:537650-537884
contig_5855	83806	83961	intergenic	.	contig_5855:83806-83961
contig_5881	128433	128510	intergenic	.	contig_5881:128433-128510
contig_5949	62864	62929	intergenic	.	contig_5949:62864-62929
contig_5949	189920	189989	intergenic	.	contig_5949:189920-189989
contig_5963	28958	29045	intergenic	.	contig_5963:28958-29045
contig_5970	408732	408999	intergenic	.	contig_5970:408732-408999
contig_5970	409784	410275	intergenic	.	contig_5970:409784-410275
contig_5971	52844	53157	intergenic	.	contig_5971:52844-53157
contig_5980	142500	142865	intergenic	.	contig_5980:142500-142865
contig_5980	423530	423831	intergenic	.	contig_5980:423530-423831
contig_5980	673326	673622	intergenic	.	contig_5980:673326-673622
contig_5980	731091	731482	intergenic	.	contig_5980:731091-731482
contig_6001	8189	8263	intergenic	.	contig_6001:8189-8263
contig_6010	812157	812340	intergenic	.	contig_6010:812157-812340
contig_6016	196949	197240	intergenic	.	contig_6016:196949-197240
contig_6026	145814	146222	intergenic	.	contig_6026:145814-146222
contig_6026	190232	190624	gene,mRNA	.	contig_6026:190232-190624,contig_6026:190232-190624
contig_6026	465191	465449	gene,mRNA	.	contig_6026:465191-465449,contig_6026:465191-465449
contig_6026	1978213	1978325	gene,mRNA	.	contig_6026:1978213-1978325,contig_6026:1978213-1978325
contig_6026	2150648	2150809	intergenic	.	contig_6026:2150648-2150809
contig_6026	2475800	2475995	intergenic	.	contig_6026:2475800-2475995
contig_6026	2788268	2788358	intergenic	.	contig_6026:2788268-2788358
contig_6048	451535	451619	intergenic	.	contig_6048:451535-451619
contig_6048	500486	500570	intergenic	.	contig_6048:500486-500570
contig_6048	558633	558790	intergenic	.	contig_6048:558633-558790
contig_6049	423801	424089	intergenic	.	contig_6049:423801-424089
contig_6049	511233	511300	intergenic	.	contig_6049:511233-511300
contig_6049	607283	607653	intergenic	.	contig_6049:607283-607653
contig_6049	1182161	1182274	intergenic	.	contig_6049:1182161-1182274
contig_6061	120409	120720	intergenic	.	contig_6061:120409-120720
contig_6061	123798	123914	intergenic	.	contig_6061:123798-123914
contig_6071	355232	355780	gene,mRNA	.	contig_6071:355232-355780,contig_6071:355232-355780
contig_6071	594013	594148	gene,mRNA	.	contig_6071:594013-594148,contig_6071:594013-594148
contig_6078	113768	114014	gene,mRNA	.	contig_6078:113768-114014,contig_6078:113768-114014
contig_6098	589231	589353	intergenic	.	contig_6098:589231-589353
contig_6098	799724	799960	intergenic	.	contig_6098:799724-799960
contig_6098	1192353	1192531	intergenic	.	contig_6098:1192353-1192531
contig_6098	1503383	1503591	intergenic	.	contig_6098:1503383-1503591
contig_6098	1511211	1511583	intergenic	.	contig_6098:1511211-1511583
contig_6098	1856813	1857515	intergenic	.	contig_6098:1856813-1857515
contig_612	838693	838866	intergenic	.	contig_612:838693-838866
contig_6123	902600	902699	intergenic	.	contig_6123:902600-902699
contig_6123	1697327	1697483	intergenic	.	contig_6123:1697327-1697483
contig_6123	3015944	3016316	intergenic	.	contig_6123:3015944-3016316
contig_6123	3187690	3187884	intergenic	.	contig_6123:3187690-3187884
contig_6146	10277	10672	intergenic	.	contig_6146:10277-10672
contig_6146	26382	26667	intergenic	.	contig_6146:26382-26667
contig_6146	60788	61125	intergenic	.	contig_6146:60788-61125
contig_6146	277330	277404	intergenic	.	contig_6146:277330-277404
contig_6146	277635	277711	intergenic	.	contig_6146:277635-277711
contig_6167	193661	193755	gene,mRNA	.	contig_6167:193661-193755,contig_6167:193661-193755
contig_6174	88679	88918	intergenic	.	contig_6174:88679-88918
contig_6193	352214	352365	intergenic	.	contig_6193:352214-352365
contig_6193	434607	434838	intergenic	.	contig_6193:434607-434838
contig_6193	499167	499401	intergenic	.	contig_6193:499167-499401
contig_6193	516426	516613	gene,mRNA	.	contig_6193:516426-516613,contig_6193:516426-516613
contig_6196	325613	326307	intergenic	.	contig_6196:325613-326307
contig_6201	49625	49972	exon,CDS,gene,mRNA	.	contig_6201:49625-49972,contig_6201:49625-49972,contig_6201:49625-49972,contig_6201:49625-49972
contig_6201	92770	92844	intergenic	.	contig_6201:92770-92844
contig_6201	178249	178517	intergenic	.	contig_6201:178249-178517
contig_6201	227172	227337	intergenic	.	contig_6201:227172-227337
contig_6201	359555	359785	intergenic	.	contig_6201:359555-359785
contig_6227	65401	65474	intergenic	.	contig_6227:65401-65474
contig_6227	806798	806857	intergenic	.	contig_6227:806798-806857
contig_6227	807009	807264	intergenic	.	contig_6227:807009-807264
contig_6227	1376703	1376772	intergenic	.	contig_6227:1376703-1376772
contig_6241	182738	182989	intergenic	.	contig_6241:182738-182989
contig_6241	312767	312980	intergenic	.	contig_6241:312767-312980
contig_6242	65973	66164	gene,mRNA	.	contig_6242:65973-66164,contig_6242:65973-66164
contig_6245	179763	179979	intergenic	.	contig_6245:179763-179979
contig_6249	127079	127142	intergenic	.	contig_6249:127079-127142
contig_6249	249779	250017	intergenic	.	contig_6249:249779-250017
contig_6249	796466	796696	intergenic	.	contig_6249:796466-796696
contig_6249	929321	929632	intergenic	.	contig_6249:929321-929632
contig_6252	30834	31166	intergenic	.	contig_6252:30834-31166
contig_6257	1372313	1372364	intergenic	.	contig_6257:1372313-1372364
contig_6262	15985	16375	intergenic	.	contig_6262:15985-16375
contig_6265	189397	189652	intergenic	.	contig_6265:189397-189652
contig_6265	242203	242735	intergenic	.	contig_6265:242203-242735
contig_6265	381587	381743	intergenic	.	contig_6265:381587-381743
contig_6272	47075	47575	intergenic	.	contig_6272:47075-47575
contig_629	75340	75448	intergenic	.	contig_629:75340-75448
contig_629	75622	75787	intergenic	.	contig_629:75622-75787
contig_6318	83521	83691	gene,mRNA	.	contig_6318:83521-83691,contig_6318:83521-83691
contig_6321	214726	214777	intergenic	.	contig_6321:214726-214777
contig_634	534907	535062	intergenic	.	contig_634:534907-535062
contig_634	540044	540184	exon,CDS,gene,mRNA	.	contig_634:540044-540184,contig_634:540044-540184,contig_634:540044-540184,contig_634:540044-540184
contig_635	40829	41067	intergenic	.	contig_635:40829-41067
contig_635	41919	42085	intergenic	.	contig_635:41919-42085
contig_6356	49575	49737	intergenic	.	contig_6356:49575-49737
contig_6356	260495	260628	intergenic	.	contig_6356:260495-260628
contig_6356	287970	288047	intergenic	.	contig_6356:287970-288047
contig_6389	204108	204290	gene,mRNA	.	contig_6389:204108-204290,contig_6389:204108-204290
contig_6395	43591	43846	intergenic	.	contig_6395:43591-43846
contig_6395	481968	482176	intergenic	.	contig_6395:481968-482176
contig_6395	811573	811735	intergenic	.	contig_6395:811573-811735
contig_6395	1003190	1003374	gene,mRNA	.	contig_6395:1003190-1003374,contig_6395:1003190-1003374
contig_6407	500770	501001	intergenic	.	contig_6407:500770-501001
contig_6422	2966	3125	intergenic	.	contig_6422:2966-3125
contig_6422	109392	109861	intergenic	.	contig_6422:109392-109861
contig_6422	178969	179235	intergenic	.	contig_6422:178969-179235
contig_6422	220018	220218	intergenic	.	contig_6422:220018-220218
contig_6422	323808	323916	intergenic	.	contig_6422:323808-323916
contig_6422	392137	392435	intergenic	.	contig_6422:392137-392435
contig_6422	447122	447434	intergenic	.	contig_6422:447122-447434
contig_6422	553394	553970	intergenic	.	contig_6422:553394-553970
contig_6422	752945	753113	intergenic	.	contig_6422:752945-753113
contig_6422	1031869	1032106	intergenic	.	contig_6422:1031869-1032106
contig_6422	1138378	1138686	intergenic	.	contig_6422:1138378-1138686
contig_6444	218622	218722	gene,mRNA	.	contig_6444:218622-218722,contig_6444:218622-218722
contig_6444	473600	473928	intergenic	.	contig_6444:473600-473928
contig_6444	487128	487463	intergenic	.	contig_6444:487128-487463
contig_6444	667984	668056	intergenic	.	contig_6444:667984-668056
contig_6444	1600341	1600549	intergenic	.	contig_6444:1600341-1600549
contig_6457	393776	393988	intergenic	.	contig_6457:393776-393988
contig_6457	525468	525683	intergenic	.	contig_6457:525468-525683
contig_6457	533845	534023	intergenic	.	contig_6457:533845-534023
contig_6457	568905	569311	intergenic	.	contig_6457:568905-569311
contig_6469	114399	114740	gene,mRNA	.	contig_6469:114399-114740,contig_6469:114399-114740
contig_6470	94863	95340	intergenic	.	contig_6470:94863-95340
contig_6470	157506	157557	intergenic	.	contig_6470:157506-157557
contig_6485	204560	204744	intergenic	.	contig_6485:204560-204744
contig_6485	405814	405917	intergenic	.	contig_6485:405814-405917
contig_6485	562382	562494	gene,mRNA	.	contig_6485:562382-562494,contig_6485:562382-562494
contig_6485	682536	682746	intergenic	.	contig_6485:682536-682746
contig_6485	786291	786489	intergenic	.	contig_6485:786291-786489
contig_649	3724	3883	intergenic	.	contig_649:3724-3883
contig_65	4271051	4271219	gene,mRNA	.	contig_65:4271051-4271219,contig_65:4271051-4271219
contig_65	4433370	4433679	intergenic	.	contig_65:4433370-4433679
contig_65	4938128	4938366	gene,mRNA	.	contig_65:4938128-4938366,contig_65:4938128-4938366
contig_65	5025309	5025466	intergenic	.	contig_65:5025309-5025466
contig_65	5333146	5333353	gene,mRNA	.	contig_65:5333146-5333353,contig_65:5333146-5333353
contig_6518	2096929	2097308	gene,mRNA	.	contig_6518:2096929-2097308,contig_6518:2096929-2097308
contig_6519	65767	66079	intergenic	.	contig_6519:65767-66079
contig_6519	1212304	1212682	intergenic	.	contig_6519:1212304-1212682
contig_6519	1229645	1229791	intergenic	.	contig_6519:1229645-1229791
contig_6519	1374172	1374380	intergenic	.	contig_6519:1374172-1374380
contig_6522	185093	185351	intergenic	.	contig_6522:185093-185351
contig_6522	198813	198882	intergenic	.	contig_6522:198813-198882
contig_6522	375213	375404	intergenic	.	contig_6522:375213-375404
contig_6543	9344	9477	intergenic	.	contig_6543:9344-9477
contig_6543	16736	17125	intergenic	.	contig_6543:16736-17125
contig_6546	270322	270614	intergenic	.	contig_6546:270322-270614
contig_6560	615535	615600	intergenic	.	contig_6560:615535-615600
contig_6565	284378	284503	intergenic	.	contig_6565:284378-284503
contig_6565	430985	431098	intergenic	.	contig_6565:430985-431098
contig_6567	826131	826548	intergenic	.	contig_6567:826131-826548
contig_6567	1404415	1404519	intergenic	.	contig_6567:1404415-1404519
contig_6567	1598122	1598498	exon,CDS,gene,mRNA	.	contig_6567:1598122-1598498,contig_6567:1598122-1598498,contig_6567:1598122-1598498,contig_6567:1598122-1598498
contig_6567	2741091	2741283	gene,mRNA	.	contig_6567:2741091-2741283,contig_6567:2741091-2741283
contig_6568	158970	159026	intergenic	.	contig_6568:158970-159026
contig_6568	505356	505462	intergenic	.	contig_6568:505356-505462
contig_6582	309045	309117	intergenic	.	contig_6582:309045-309117
contig_659	22678	23126	intergenic	.	contig_659:22678-23126
contig_659	50103	50353	intergenic	.	contig_659:50103-50353
contig_6594	516226	516410	intergenic	.	contig_6594:516226-516410
contig_6594	555280	555525	intergenic	.	contig_6594:555280-555525
contig_6603	212107	212207	intergenic	.	contig_6603:212107-212207
contig_6603	230370	230758	intergenic	.	contig_6603:230370-230758
contig_6603	237813	237974	intergenic	.	contig_6603:237813-237974
contig_6603	265055	265247	intergenic	.	contig_6603:265055-265247
contig_6603	293333	293661	intergenic	.	contig_6603:293333-293661
contig_6603	316967	317317	gene,mRNA	.	contig_6603:316967-317317,contig_6603:316967-317317
contig_6603	564920	565174	intergenic	.	contig_6603:564920-565174
contig_6603	595593	596369	intergenic	.	contig_6603:595593-596369
contig_6603	859749	859873	intergenic	.	contig_6603:859749-859873
contig_6603	860196	860258	intergenic	.	contig_6603:860196-860258
contig_662	124244	124511	intergenic	.	contig_662:124244-124511
contig_662	128573	129035	intergenic	.	contig_662:128573-129035
contig_662	209323	209799	intergenic	.	contig_662:209323-209799
contig_6622	267378	267510	intergenic	.	contig_6622:267378-267510
contig_6641	93906	94100	gene,mRNA	.	contig_6641:93906-94100,contig_6641:93906-94100
contig_6641	94472	95029	gene,mRNA	.	contig_6641:94472-95029,contig_6641:94472-95029
contig_6647	128744	129231	intergenic	.	contig_6647:128744-129231
contig_6647	435443	435655	intergenic	.	contig_6647:435443-435655
contig_6647	596078	596202	intergenic	.	contig_6647:596078-596202
contig_6647	716147	716384	gene,mRNA	.	contig_6647:716147-716384,contig_6647:716147-716384
contig_6647	942983	943148	gene,mRNA	.	contig_6647:942983-943148,contig_6647:942983-943148
contig_6647	1020618	1021194	intergenic	.	contig_6647:1020618-1021194
contig_6647	1085569	1085894	intergenic	.	contig_6647:1085569-1085894
contig_6647	1123908	1124086	intergenic	.	contig_6647:1123908-1124086
contig_665	26488	26643	intergenic	.	contig_665:26488-26643
contig_665	83831	83995	intergenic	.	contig_665:83831-83995
contig_665	217804	217989	intergenic	.	contig_665:217804-217989
contig_665	568461	568717	intergenic	.	contig_665:568461-568717
contig_665	585026	585449	intergenic	.	contig_665:585026-585449
contig_6663	325124	325207	intergenic	.	contig_6663:325124-325207
contig_6679	175129	175187	gene,mRNA	.	contig_6679:175129-175187,contig_6679:175129-175187
contig_669	279701	280108	intergenic	.	contig_669:279701-280108
contig_6695	680871	681152	intergenic	.	contig_6695:680871-681152
contig_6695	814888	814993	intergenic	.	contig_6695:814888-814993
contig_6696	54719	54890	intergenic	.	contig_6696:54719-54890
contig_6696	150690	150822	intergenic	.	contig_6696:150690-150822
contig_6706	506262	506380	intergenic	.	contig_6706:506262-506380
contig_6731	687	958	intergenic	.	contig_6731:687-958
contig_6731	671672	672102	intergenic	.	contig_6731:671672-672102
contig_6731	835619	835675	intergenic	.	contig_6731:835619-835675
contig_6736	18145	18319	intergenic	.	contig_6736:18145-18319
contig_6757	351304	351419	intergenic	.	contig_6757:351304-351419
contig_6760	181512	181728	intergenic	.	contig_6760:181512-181728
contig_6769	845584	845647	intergenic	.	contig_6769:845584-845647
contig_6779	533590	533777	intergenic	.	contig_6779:533590-533777
contig_678	103825	103899	intergenic	.	contig_678:103825-103899
contig_678	103825	104302	gene,polyA_signal_sequence,mRNA,stop_codon,exon,CDS	.	contig_678:103825-104302,contig_678:103825-104302,contig_678:103825-104302,contig_678:103825-104302,contig_678:103825-104302,contig_678:103825-104302
contig_678	507456	507537	intergenic	.	contig_678:507456-507537
contig_678	507456	507768	gene,mRNA,start_codon,exon,CDS,stop_codon,polyA_signal_sequence	.	contig_678:507456-507768,contig_678:507456-507768,contig_678:507456-507768,contig_678:507456-507768,contig_678:507456-507768,contig_678:507456-507768,contig_678:507456-507768
contig_678	511518	511808	intergenic	.	contig_678:511518-511808
contig_678	2257270	2257390	intergenic	.	contig_678:2257270-2257390
contig_678	2269300	2269541	intergenic	.	contig_678:2269300-2269541
contig_678	2307948	2308152	intergenic	.	contig_678:2307948-2308152
contig_678	2332552	2332700	intergenic	.	contig_678:2332552-2332700
contig_679	555170	555332	intergenic	.	contig_679:555170-555332
contig_679	569880	570085	intergenic	.	contig_679:569880-570085
contig_679	596057	596113	intergenic	.	contig_679:596057-596113
contig_679	646083	646149	intergenic	.	contig_679:646083-646149
contig_679	972493	972804	intergenic	.	contig_679:972493-972804
contig_679	1052215	1052431	intergenic	.	contig_679:1052215-1052431
contig_679	1119022	1119624	intergenic	.	contig_679:1119022-1119624
contig_679	1377426	1377633	intergenic	.	contig_679:1377426-1377633
contig_679	2112059	2112391	intergenic	.	contig_679:2112059-2112391
contig_679	2360162	2360318	gene,mRNA	.	contig_679:2360162-2360318,contig_679:2360162-2360318
contig_679	3529603	3529787	intergenic	.	contig_679:3529603-3529787
contig_6794	162808	162930	intergenic	.	contig_6794:162808-162930
contig_6794	622826	622969	intergenic	.	contig_6794:622826-622969
contig_6794	667316	667506	intergenic	.	contig_6794:667316-667506
contig_6794	1634066	1634242	intergenic	.	contig_6794:1634066-1634242
contig_6855	132326	132425	intergenic	.	contig_6855:132326-132425
contig_6855	222117	222221	intergenic	.	contig_6855:222117-222221
contig_6855	365571	365790	intergenic	.	contig_6855:365571-365790
contig_6864	242191	242262	intergenic	.	contig_6864:242191-242262
contig_6864	257465	257535	intergenic	.	contig_6864:257465-257535
contig_6864	876503	876693	intergenic	.	contig_6864:876503-876693
contig_6864	931700	932880	intergenic	.	contig_6864:931700-932880
contig_6898	263375	263632	intergenic	.	contig_6898:263375-263632
contig_69	699143	699324	intergenic	.	contig_69:699143-699324
contig_69	976548	976606	intergenic	.	contig_69:976548-976606
contig_69	982308	982486	intergenic	.	contig_69:982308-982486
contig_69	982308	982849	polyA_signal_sequence,stop_codon,exon,CDS,gene,mRNA	.	contig_69:982308-982849,contig_69:982308-982849,contig_69:982308-982849,contig_69:982308-982849,contig_69:982308-982849,contig_69:982308-982849
contig_69	1291633	1291825	gene,mRNA	.	contig_69:1291633-1291825,contig_69:1291633-1291825
contig_69	1544964	1545230	intergenic	.	contig_69:1544964-1545230
contig_69	2251396	2251645	gene,mRNA	.	contig_69:2251396-2251645,contig_69:2251396-2251645
contig_69	2620816	2621235	mRNA,exon,CDS,gene	.	contig_69:2620816-2621235,contig_69:2620816-2621235,contig_69:2620816-2621235,contig_69:2620816-2621235
contig_69	2950085	2950473	exon,CDS,stop_codon,gene,mRNA	.	contig_69:2950085-2950473,contig_69:2950085-2950473,contig_69:2950085-2950473,contig_69:2950085-2950473,contig_69:2950085-2950473
contig_69	3411834	3411946	intergenic	.	contig_69:3411834-3411946
contig_69	3593834	3594047	intergenic	.	contig_69:3593834-3594047
contig_69	4229328	4229432	intergenic	.	contig_69:4229328-4229432
contig_69	4437027	4437234	intergenic	.	contig_69:4437027-4437234
contig_69	4523281	4523685	intergenic	.	contig_69:4523281-4523685
contig_69	4827346	4827521	gene,mRNA	.	contig_69:4827346-4827521,contig_69:4827346-4827521
contig_69	4930681	4930975	gene,mRNA	.	contig_69:4930681-4930975,contig_69:4930681-4930975
contig_69	4942997	4943271	gene,mRNA	.	contig_69:4942997-4943271,contig_69:4942997-4943271
contig_6921	836425	836634	gene,mRNA	.	contig_6921:836425-836634,contig_6921:836425-836634
contig_6921	1107059	1107147	intergenic	.	contig_6921:1107059-1107147
contig_6921	1133388	1133525	intergenic	.	contig_6921:1133388-1133525
contig_6928	284836	285279	gene,mRNA	.	contig_6928:284836-285279,contig_6928:284836-285279
contig_6928	757120	757192	intergenic	.	contig_6928:757120-757192
contig_6928	879600	879965	intergenic	.	contig_6928:879600-879965
contig_6928	1144393	1144711	exon,CDS,stop_codon,polyA_signal_sequence,gene,mRNA	.	contig_6928:1144393-1144711,contig_6928:1144393-1144711,contig_6928:1144393-1144711,contig_6928:1144393-1144711,contig_6928:1144393-1144711,contig_6928:1144393-1144711
contig_6928	1144692	1144711	intergenic	.	contig_6928:1144692-1144711
contig_6928	1147354	1147617	intergenic	.	contig_6928:1147354-1147617
contig_6928	1245930	1246207	intergenic	.	contig_6928:1245930-1246207
contig_6932	511199	511669	intergenic	.	contig_6932:511199-511669
contig_6936	368593	368756	intergenic	.	contig_6936:368593-368756
contig_6936	804234	804488	intergenic	.	contig_6936:804234-804488
contig_6936	907358	907640	intergenic	.	contig_6936:907358-907640
contig_6936	987241	987398	gene,mRNA	.	contig_6936:987241-987398,contig_6936:987241-987398
contig_6941	425128	425434	intergenic	.	contig_6941:425128-425434
contig_6949	61677	61864	gene,polyA_signal_sequence	.	contig_6949:61677-61864,contig_6949:61677-61864
contig_6949	61700	61864	intergenic	.	contig_6949:61700-61864
contig_6949	523731	523884	intergenic	.	contig_6949:523731-523884
contig_6949	1461020	1461238	intergenic	.	contig_6949:1461020-1461238
contig_6949	1804784	1805045	intergenic	.	contig_6949:1804784-1805045
contig_6949	1840081	1840165	intergenic	.	contig_6949:1840081-1840165
contig_6967	506095	506340	intergenic	.	contig_6967:506095-506340
contig_7007	345299	345457	intergenic	.	contig_7007:345299-345457
contig_7007	1711803	1712071	intergenic	.	contig_7007:1711803-1712071
contig_7013	541020	541095	gene,mRNA	.	contig_7013:541020-541095,contig_7013:541020-541095
contig_7016	117668	117771	intergenic	.	contig_7016:117668-117771
contig_702	1246572	1247077	gene,mRNA	.	contig_702:1246572-1247077,contig_702:1246572-1247077
contig_7025	522739	522805	intergenic	.	contig_7025:522739-522805
contig_7045	39522	39721	intergenic	.	contig_7045:39522-39721
contig_7045	403323	403417	intergenic	.	contig_7045:403323-403417
contig_7045	591115	591195	intergenic	.	contig_7045:591115-591195
contig_7045	1070539	1070602	gene,mRNA	.	contig_7045:1070539-1070602,contig_7045:1070539-1070602
contig_7045	1213761	1214005	intergenic	.	contig_7045:1213761-1214005
contig_7045	1428067	1428133	intergenic	.	contig_7045:1428067-1428133
contig_7045	1833966	1834339	gene,mRNA	.	contig_7045:1833966-1834339,contig_7045:1833966-1834339
contig_7045	2198128	2198205	intergenic	.	contig_7045:2198128-2198205
contig_7047	233905	234081	intergenic	.	contig_7047:233905-234081
contig_7047	234307	234483	intergenic	.	contig_7047:234307-234483
contig_7047	234717	234854	intergenic	.	contig_7047:234717-234854
contig_7047	235508	235682	intergenic	.	contig_7047:235508-235682
contig_7047	483657	483718	intergenic	.	contig_7047:483657-483718
contig_7047	483896	484242	intergenic	.	contig_7047:483896-484242
contig_7048	143091	143674	intergenic	.	contig_7048:143091-143674
contig_7048	543191	543429	intergenic	.	contig_7048:543191-543429
contig_7048	814277	814474	intergenic	.	contig_7048:814277-814474
contig_7056	50014	50147	intergenic	.	contig_7056:50014-50147
contig_7089	48589	48876	intergenic	.	contig_7089:48589-48876
contig_7089	229746	229837	intergenic	.	contig_7089:229746-229837
contig_7089	229746	230148	polyA_signal_sequence,stop_codon,exon,CDS,gene,mRNA	.	contig_7089:229746-230148,contig_7089:229746-230148,contig_7089:229746-230148,contig_7089:229746-230148,contig_7089:229746-230148,contig_7089:229746-230148
contig_7089	276737	276864	intergenic	.	contig_7089:276737-276864
contig_7139	83206	83445	intergenic	.	contig_7139:83206-83445
contig_7150	289102	289322	gene,mRNA	.	contig_7150:289102-289322,contig_7150:289102-289322
contig_7150	439159	439244	intergenic	.	contig_7150:439159-439244
contig_7157	70835	70969	intergenic	.	contig_7157:70835-70969
contig_7158	307133	307205	intergenic	.	contig_7158:307133-307205
contig_7158	499438	499520	intergenic	.	contig_7158:499438-499520
contig_7159	1467845	1467941	gene,mRNA	.	contig_7159:1467845-1467941,contig_7159:1467845-1467941
contig_7159	2228012	2228284	intergenic	.	contig_7159:2228012-2228284
contig_7159	5494762	5494880	intergenic	.	contig_7159:5494762-5494880
contig_7160	1018522	1018796	intergenic	.	contig_7160:1018522-1018796
contig_7171	19173	19262	intergenic	.	contig_7171:19173-19262
contig_7171	403475	403804	intergenic	.	contig_7171:403475-403804
contig_7171	488585	488797	intergenic	.	contig_7171:488585-488797
contig_7171	575707	575780	intergenic	.	contig_7171:575707-575780
contig_7171	719039	719155	gene,mRNA	.	contig_7171:719039-719155,contig_7171:719039-719155
contig_7171	816866	817100	gene,mRNA	.	contig_7171:816866-817100,contig_7171:816866-817100
contig_7171	817603	817919	gene,mRNA	.	contig_7171:817603-817919,contig_7171:817603-817919
contig_7197	42960	43594	intergenic	.	contig_7197:42960-43594
contig_7197	94142	94271	intergenic	.	contig_7197:94142-94271
contig_7197	120354	120744	intergenic	.	contig_7197:120354-120744
contig_7209	388815	389178	gene,mRNA	.	contig_7209:388815-389178,contig_7209:388815-389178
contig_7209	550185	550417	intergenic	.	contig_7209:550185-550417
contig_7209	860126	860661	intergenic	.	contig_7209:860126-860661
contig_7212	76879	76935	intergenic	.	contig_7212:76879-76935
contig_7212	773053	773692	intergenic	.	contig_7212:773053-773692
contig_7215	6692	7059	intergenic	.	contig_7215:6692-7059
contig_7266	587594	588155	intergenic	.	contig_7266:587594-588155
contig_7275	167910	168174	intergenic	.	contig_7275:167910-168174
contig_7275	203303	203502	exon,CDS,gene,mRNA	.	contig_7275:203303-203502,contig_7275:203303-203502,contig_7275:203303-203502,contig_7275:203303-203502
contig_7281	648481	649215	intergenic	.	contig_7281:648481-649215
contig_7281	722479	722680	intergenic	.	contig_7281:722479-722680
contig_7281	826270	826331	gene,mRNA	.	contig_7281:826270-826331,contig_7281:826270-826331
contig_7281	828527	828947	gene,mRNA,exon,CDS,start_codon	.	contig_7281:828527-828947,contig_7281:828527-828947,contig_7281:828527-828947,contig_7281:828527-828947,contig_7281:828527-828947
contig_7281	828660	828947	intergenic	.	contig_7281:828660-828947
contig_7281	837536	837709	intergenic	.	contig_7281:837536-837709
contig_7295	168248	168606	intergenic	.	contig_7295:168248-168606
contig_7295	546582	546645	intergenic	.	contig_7295:546582-546645
contig_7295	599814	600106	gene,mRNA	.	contig_7295:599814-600106,contig_7295:599814-600106
contig_730	108514	108570	intergenic	.	contig_730:108514-108570
contig_7307	121920	122178	intergenic	.	contig_7307:121920-122178
contig_7307	136066	136140	intergenic	.	contig_7307:136066-136140
contig_7317	624706	625149	intergenic	.	contig_7317:624706-625149
contig_7351	235602	235662	intergenic	.	contig_7351:235602-235662
contig_7351	306678	306856	intergenic	.	contig_7351:306678-306856
contig_7351	443385	443598	intergenic	.	contig_7351:443385-443598
contig_7380	41827	41969	intergenic	.	contig_7380:41827-41969
contig_7380	217536	217810	intergenic	.	contig_7380:217536-217810
contig_7380	240771	241154	intergenic	.	contig_7380:240771-241154
contig_7380	277664	277884	gene,mRNA	.	contig_7380:277664-277884,contig_7380:277664-277884
contig_7380	295259	295707	gene,mRNA	.	contig_7380:295259-295707,contig_7380:295259-295707
contig_7380	768938	769099	gene,mRNA	.	contig_7380:768938-769099,contig_7380:768938-769099
contig_7380	997838	997902	intergenic	.	contig_7380:997838-997902
contig_7380	998531	998604	intergenic	.	contig_7380:998531-998604
contig_7380	1319666	1319943	intergenic	.	contig_7380:1319666-1319943
contig_7435	142039	142538	intergenic	.	contig_7435:142039-142538
contig_7435	210305	210435	intergenic	.	contig_7435:210305-210435
contig_7445	213030	213085	intergenic	.	contig_7445:213030-213085
contig_745	427982	428248	intergenic	.	contig_745:427982-428248
contig_745	897414	897600	gene,mRNA	.	contig_745:897414-897600,contig_745:897414-897600
contig_7460	369580	369760	intergenic	.	contig_7460:369580-369760
contig_7460	499785	499989	gene,mRNA	.	contig_7460:499785-499989,contig_7460:499785-499989
contig_7465	653230	653421	gene,mRNA	.	contig_7465:653230-653421,contig_7465:653230-653421
contig_7465	1102828	1102897	gene,mRNA	.	contig_7465:1102828-1102897,contig_7465:1102828-1102897
contig_7488	234060	234185	intergenic	.	contig_7488:234060-234185
contig_7529	179099	179285	gene,mRNA	.	contig_7529:179099-179285,contig_7529:179099-179285
contig_7542	56030	56393	intergenic	.	contig_7542:56030-56393
contig_7548	125189	125273	intergenic	.	contig_7548:125189-125273
contig_7548	277358	277528	intergenic	.	contig_7548:277358-277528
contig_7548	351507	351715	gene,mRNA	.	contig_7548:351507-351715,contig_7548:351507-351715
contig_7548	360266	360318	intergenic	.	contig_7548:360266-360318
contig_7548	393581	393769	intergenic	.	contig_7548:393581-393769
contig_7572	22432	22578	intergenic	.	contig_7572:22432-22578
contig_7572	484189	484418	intergenic	.	contig_7572:484189-484418
contig_7579	6463	6897	intergenic	.	contig_7579:6463-6897
contig_7579	36956	37112	intergenic	.	contig_7579:36956-37112
contig_7581	81191	81312	intergenic	.	contig_7581:81191-81312
contig_7581	81672	81764	intergenic	.	contig_7581:81672-81764
contig_7581	215569	215790	intergenic	.	contig_7581:215569-215790
contig_7581	317005	317222	gene,mRNA	.	contig_7581:317005-317222,contig_7581:317005-317222
contig_7590	615235	615462	gene,mRNA	.	contig_7590:615235-615462,contig_7590:615235-615462
contig_7624	124451	124513	intergenic	.	contig_7624:124451-124513
contig_7624	238999	239381	intergenic	.	contig_7624:238999-239381
contig_7624	311385	311676	intergenic	.	contig_7624:311385-311676
contig_7624	490643	490713	intergenic	.	contig_7624:490643-490713
contig_7631	65698	66021	intergenic	.	contig_7631:65698-66021
contig_7631	336411	336472	intergenic	.	contig_7631:336411-336472
contig_7631	514870	514928	intergenic	.	contig_7631:514870-514928
contig_7631	567298	567391	intergenic	.	contig_7631:567298-567391
contig_7697	252484	252641	intergenic	.	contig_7697:252484-252641
contig_7697	580022	580363	intergenic	.	contig_7697:580022-580363
contig_7719	455188	455431	intergenic	.	contig_7719:455188-455431
contig_772	97697	97835	intergenic	.	contig_772:97697-97835
contig_772	148520	148827	intergenic	.	contig_772:148520-148827
contig_772	344284	344710	intergenic	.	contig_772:344284-344710
contig_772	384223	384704	intergenic	.	contig_772:384223-384704
contig_7733	123906	124098	gene,mRNA,exon,CDS,stop_codon,polyA_signal_sequence	.	contig_7733:123906-124098,contig_7733:123906-124098,contig_7733:123906-124098,contig_7733:123906-124098,contig_7733:123906-124098,contig_7733:123906-124098
contig_7733	124091	124098	intergenic	.	contig_7733:124091-124098
contig_7733	274289	274699	intergenic	.	contig_7733:274289-274699
contig_7733	287383	287462	intergenic	.	contig_7733:287383-287462
contig_7733	1180075	1180342	intergenic	.	contig_7733:1180075-1180342
contig_7786	39685	39911	gene,mRNA,stop_codon,exon,CDS	.	contig_7786:39685-39911,contig_7786:39685-39911,contig_7786:39685-39911,contig_7786:39685-39911,contig_7786:39685-39911
contig_7805	1072446	1072826	gene,mRNA	.	contig_7805:1072446-1072826,contig_7805:1072446-1072826
contig_7805	1159178	1159247	intergenic	.	contig_7805:1159178-1159247
contig_7805	1509400	1509535	gene,mRNA	.	contig_7805:1509400-1509535,contig_7805:1509400-1509535
contig_7825	280038	280134	intergenic	.	contig_7825:280038-280134
contig_7825	280725	280853	intergenic	.	contig_7825:280725-280853
contig_7831	190813	191042	gene,mRNA	.	contig_7831:190813-191042,contig_7831:190813-191042
contig_7831	205301	205512	intergenic	.	contig_7831:205301-205512
contig_7831	303240	303628	intergenic	.	contig_7831:303240-303628
contig_7831	476645	477006	gene,polyA_signal_sequence	.	contig_7831:476645-477006,contig_7831:476645-477006
contig_7831	476684	477006	intergenic	.	contig_7831:476684-477006
contig_7836	283400	283490	intergenic	.	contig_7836:283400-283490
contig_7836	330122	330277	intergenic	.	contig_7836:330122-330277
contig_7836	429929	430030	intergenic	.	contig_7836:429929-430030
contig_7836	940352	940556	gene	.	contig_7836:940352-940556
contig_7887	8458	8695	intergenic	.	contig_7887:8458-8695
contig_79	35573	35941	intergenic	.	contig_79:35573-35941
contig_790	281806	282098	intergenic	.	contig_790:281806-282098
contig_790	322607	322704	gene,mRNA	.	contig_790:322607-322704,contig_790:322607-322704
contig_790	651336	651613	intergenic	.	contig_790:651336-651613
contig_7904	64048	64179	intergenic	.	contig_7904:64048-64179
contig_7904	73588	73675	intergenic	.	contig_7904:73588-73675
contig_7907	136107	136284	intergenic	.	contig_7907:136107-136284
contig_7907	512752	512839	intergenic	.	contig_7907:512752-512839
contig_7907	640472	640867	intergenic	.	contig_7907:640472-640867
contig_7907	825273	825540	intergenic	.	contig_7907:825273-825540
contig_7924	8921	9067	intergenic	.	contig_7924:8921-9067
contig_7927	37025	37232	intergenic	.	contig_7927:37025-37232
contig_7927	225354	225988	intergenic	.	contig_7927:225354-225988
contig_7927	264737	265058	intergenic	.	contig_7927:264737-265058
contig_7927	292008	292186	intergenic	.	contig_7927:292008-292186
contig_7927	403849	404212	gene,mRNA	.	contig_7927:403849-404212,contig_7927:403849-404212
contig_7927	472463	472642	gene,mRNA	.	contig_7927:472463-472642,contig_7927:472463-472642
contig_7927	609600	609849	intergenic	.	contig_7927:609600-609849
contig_7930	538776	539238	intergenic	.	contig_7930:538776-539238
contig_7930	921701	922013	intergenic	.	contig_7930:921701-922013
contig_7930	1004797	1004943	intergenic	.	contig_7930:1004797-1004943
contig_7930	1359057	1359212	intergenic	.	contig_7930:1359057-1359212
contig_7932	95237	95293	intergenic	.	contig_7932:95237-95293
contig_7932	95715	95775	intergenic	.	contig_7932:95715-95775
contig_7932	420974	421154	gene,mRNA	.	contig_7932:420974-421154,contig_7932:420974-421154
contig_7932	458137	458222	intergenic	.	contig_7932:458137-458222
contig_7932	461489	461561	intergenic	.	contig_7932:461489-461561
contig_7941	83788	84155	gene,mRNA	.	contig_7941:83788-84155,contig_7941:83788-84155
contig_7952	154090	154262	gene,mRNA	.	contig_7952:154090-154262,contig_7952:154090-154262
contig_7952	154485	154660	gene,mRNA	.	contig_7952:154485-154660,contig_7952:154485-154660
contig_7952	154865	155002	gene,mRNA	.	contig_7952:154865-155002,contig_7952:154865-155002
contig_7952	155477	155655	gene,mRNA	.	contig_7952:155477-155655,contig_7952:155477-155655
contig_7952	155829	155979	gene,mRNA	.	contig_7952:155829-155979,contig_7952:155829-155979
contig_7976	475737	475860	intergenic	.	contig_7976:475737-475860
contig_7988	98491	98752	intergenic	.	contig_7988:98491-98752
contig_7988	104795	104928	intergenic	.	contig_7988:104795-104928
contig_7988	186521	187102	gene,mRNA	.	contig_7988:186521-187102,contig_7988:186521-187102
contig_7988	400308	400600	intergenic	.	contig_7988:400308-400600
contig_7988	404556	404796	intergenic	.	contig_7988:404556-404796
contig_7988	460697	461131	intergenic	.	contig_7988:460697-461131
contig_7988	508504	508703	intergenic	.	contig_7988:508504-508703
contig_7988	572618	572723	intergenic	.	contig_7988:572618-572723
contig_7988	572996	573068	intergenic	.	contig_7988:572996-573068
contig_7988	572996	573497	start_codon,exon,CDS,gene,mRNA	.	contig_7988:572996-573497,contig_7988:572996-573497,contig_7988:572996-573497,contig_7988:572996-573497,contig_7988:572996-573497
contig_7988	649476	649537	intergenic	.	contig_7988:649476-649537
contig_8001	202132	202290	gene,mRNA	.	contig_8001:202132-202290,contig_8001:202132-202290
contig_8001	487422	487500	intergenic	.	contig_8001:487422-487500
contig_8001	938613	938744	gene,mRNA	.	contig_8001:938613-938744,contig_8001:938613-938744
contig_8003	28207	28516	gene,mRNA	.	contig_8003:28207-28516,contig_8003:28207-28516
contig_8004	48426	49105	gene,mRNA	.	contig_8004:48426-49105,contig_8004:48426-49105
contig_8007	33239	33445	intergenic	.	contig_8007:33239-33445
contig_8007	280053	280224	gene,mRNA	.	contig_8007:280053-280224,contig_8007:280053-280224
contig_8007	321592	321835	intergenic	.	contig_8007:321592-321835
contig_8007	667585	668347	gene,mRNA	.	contig_8007:667585-668347,contig_8007:667585-668347
contig_8007	1090988	1091342	intergenic	.	contig_8007:1090988-1091342
contig_8007	1287600	1287743	gene,mRNA	.	contig_8007:1287600-1287743,contig_8007:1287600-1287743
contig_8007	1602403	1602656	gene,mRNA	.	contig_8007:1602403-1602656,contig_8007:1602403-1602656
contig_8007	2104344	2104492	intergenic	.	contig_8007:2104344-2104492
contig_8007	2189928	2190551	intergenic	.	contig_8007:2189928-2190551
contig_8007	2434954	2435066	intergenic	.	contig_8007:2434954-2435066
contig_8007	2437427	2437732	intergenic	.	contig_8007:2437427-2437732
contig_8007	2526640	2526800	intergenic	.	contig_8007:2526640-2526800
contig_8009	469500	469752	gene,mRNA	.	contig_8009:469500-469752,contig_8009:469500-469752
contig_8009	490851	491028	gene,mRNA	.	contig_8009:490851-491028,contig_8009:490851-491028
contig_8018	72496	72529	intergenic	.	contig_8018:72496-72529
contig_8018	72496	72785	gene,mRNA,start_codon,exon,CDS	.	contig_8018:72496-72785,contig_8018:72496-72785,contig_8018:72496-72785,contig_8018:72496-72785,contig_8018:72496-72785
contig_8018	105786	105879	intergenic	.	contig_8018:105786-105879
contig_8028	673420	673491	gene,mRNA	.	contig_8028:673420-673491,contig_8028:673420-673491
contig_8035	427353	427587	intergenic	.	contig_8035:427353-427587
contig_8035	757447	757565	intergenic	.	contig_8035:757447-757565
contig_8041	171035	171254	intergenic	.	contig_8041:171035-171254
contig_8041	444170	444345	intergenic	.	contig_8041:444170-444345
contig_8041	563642	563770	intergenic	.	contig_8041:563642-563770
contig_8059	415011	415148	intergenic	.	contig_8059:415011-415148
contig_8082	3810	4065	intergenic	.	contig_8082:3810-4065
contig_8082	437298	437367	gene,mRNA	.	contig_8082:437298-437367,contig_8082:437298-437367
contig_81	7262	7329	intergenic	.	contig_81:7262-7329
contig_81	139952	140201	intergenic	.	contig_81:139952-140201
contig_8115	375471	375531	intergenic	.	contig_8115:375471-375531
contig_8115	478159	478295	intergenic	.	contig_8115:478159-478295
contig_8115	488531	488693	intergenic	.	contig_8115:488531-488693
contig_8115	488858	489056	intergenic	.	contig_8115:488858-489056
contig_815	1276704	1277043	intergenic	.	contig_815:1276704-1277043
contig_8150	93235	93310	intergenic	.	contig_8150:93235-93310
contig_8177	148891	148965	gene,mRNA	.	contig_8177:148891-148965,contig_8177:148891-148965
contig_8180	155074	155240	intergenic	.	contig_8180:155074-155240
contig_8180	280913	280982	intergenic	.	contig_8180:280913-280982
contig_8180	280913	281391	polyA_signal_sequence,stop_codon,exon,CDS,gene,mRNA	.	contig_8180:280913-281391,contig_8180:280913-281391,contig_8180:280913-281391,contig_8180:280913-281391,contig_8180:280913-281391,contig_8180:280913-281391
contig_8180	314844	315053	intergenic	.	contig_8180:314844-315053
contig_8223	33122	33432	intergenic	.	contig_8223:33122-33432
contig_8223	194065	194129	intergenic	.	contig_8223:194065-194129
contig_8226	104020	104246	intergenic	.	contig_8226:104020-104246
contig_8229	31949	32151	intergenic	.	contig_8229:31949-32151
contig_8242	1479	1624	intergenic	.	contig_8242:1479-1624
contig_8242	1479	1728	gene,mRNA,start_codon,exon,CDS	.	contig_8242:1479-1728,contig_8242:1479-1728,contig_8242:1479-1728,contig_8242:1479-1728,contig_8242:1479-1728
contig_8242	143918	144216	intergenic	.	contig_8242:143918-144216
contig_8242	187899	187964	gene,mRNA	.	contig_8242:187899-187964,contig_8242:187899-187964
contig_8242	212119	212461	intergenic	.	contig_8242:212119-212461
contig_8242	329617	329894	intergenic	.	contig_8242:329617-329894
contig_8260	33377	33511	intergenic	.	contig_8260:33377-33511
contig_8264	37826	37965	intergenic	.	contig_8264:37826-37965
contig_8264	126726	126978	intergenic	.	contig_8264:126726-126978
contig_8264	177896	177990	intergenic	.	contig_8264:177896-177990
contig_8264	309452	309630	intergenic	.	contig_8264:309452-309630
contig_8295	627659	628193	intergenic	.	contig_8295:627659-628193
contig_83	16474	16874	intergenic	.	contig_83:16474-16874
contig_8305	55936	56013	intergenic	.	contig_8305:55936-56013
contig_831	1765603	1765739	intergenic	.	contig_831:1765603-1765739
contig_831	2404001	2404066	intergenic	.	contig_831:2404001-2404066
contig_831	3908520	3908948	intergenic	.	contig_831:3908520-3908948
contig_831	5210435	5210825	intergenic	.	contig_831:5210435-5210825
contig_831	6031069	6031188	intergenic	.	contig_831:6031069-6031188
contig_831	6546316	6546367	gene,mRNA	.	contig_831:6546316-6546367,contig_831:6546316-6546367
contig_832	12626	12864	intergenic	.	contig_832:12626-12864
contig_835	607	732	intergenic	.	contig_835:607-732
contig_835	607	973	gene,mRNA,exon,CDS,stop_codon	.	contig_835:607-973,contig_835:607-973,contig_835:607-973,contig_835:607-973,contig_835:607-973
contig_8358	270127	270321	intergenic	.	contig_8358:270127-270321
contig_8358	497986	498087	intergenic	.	contig_8358:497986-498087
contig_8372	17158	17316	gene,mRNA	.	contig_8372:17158-17316,contig_8372:17158-17316
contig_8372	455372	455805	intergenic	.	contig_8372:455372-455805
contig_8385	292349	292656	intergenic	.	contig_8385:292349-292656
contig_8397	119597	119762	intergenic	.	contig_8397:119597-119762
contig_8397	269565	269825	intergenic	.	contig_8397:269565-269825
contig_8397	542249	542590	intergenic	.	contig_8397:542249-542590
contig_8397	543554	543869	intergenic	.	contig_8397:543554-543869
contig_8397	544057	544268	intergenic	.	contig_8397:544057-544268
contig_8397	631467	631660	intergenic	.	contig_8397:631467-631660
contig_8397	771332	771716	intergenic	.	contig_8397:771332-771716
contig_8397	773256	773447	intergenic	.	contig_8397:773256-773447
contig_8397	784877	785318	intergenic	.	contig_8397:784877-785318
contig_84	2783003	2783186	intergenic	.	contig_84:2783003-2783186
contig_8403	58847	59034	intergenic	.	contig_8403:58847-59034
contig_8407	62669	62889	intergenic	.	contig_8407:62669-62889
contig_8407	63215	63521	intergenic	.	contig_8407:63215-63521
contig_8410	129527	129943	intergenic	.	contig_8410:129527-129943
contig_8410	266431	266858	intergenic	.	contig_8410:266431-266858
contig_8414	38704	39045	intergenic	.	contig_8414:38704-39045
contig_8414	769751	770019	intergenic	.	contig_8414:769751-770019
contig_8426	525675	525852	intergenic	.	contig_8426:525675-525852
contig_8442	80806	80904	gene,mRNA	.	contig_8442:80806-80904,contig_8442:80806-80904
contig_8446	288195	288352	intergenic	.	contig_8446:288195-288352
contig_8446	1094826	1095023	intergenic	.	contig_8446:1094826-1095023
contig_846	133715	134021	intergenic	.	contig_846:133715-134021
contig_846	332167	332427	intergenic	.	contig_846:332167-332427
contig_8470	534955	535139	intergenic	.	contig_8470:534955-535139
contig_8470	606104	606320	intergenic	.	contig_8470:606104-606320
contig_8470	780896	781050	intergenic	.	contig_8470:780896-781050
contig_8470	885185	885366	intergenic	.	contig_8470:885185-885366
contig_8470	1537705	1537863	intergenic	.	contig_8470:1537705-1537863
contig_848	1005175	1005228	intergenic	.	contig_848:1005175-1005228
contig_848	1823076	1823507	intergenic	.	contig_848:1823076-1823507
contig_848	4279507	4279769	gene,mRNA	.	contig_848:4279507-4279769,contig_848:4279507-4279769
contig_85	103883	104322	intergenic	.	contig_85:103883-104322
contig_85	160192	160279	intergenic	.	contig_85:160192-160279
contig_8505	82615	83004	intergenic	.	contig_8505:82615-83004
contig_8505	370700	371194	intergenic	.	contig_8505:370700-371194
contig_8556	936256	936390	intergenic	.	contig_8556:936256-936390
contig_856	3921961	3922248	intergenic	.	contig_856:3921961-3922248
contig_856	3923767	3923950	intergenic	.	contig_856:3923767-3923950
contig_856	4077372	4077533	intergenic	.	contig_856:4077372-4077533
contig_856	4123086	4123285	intergenic	.	contig_856:4123086-4123285
contig_8568	131851	131987	gene,mRNA	.	contig_8568:131851-131987,contig_8568:131851-131987
contig_8568	608001	608189	intergenic	.	contig_8568:608001-608189
contig_8594	390827	391094	intergenic	.	contig_8594:390827-391094
contig_8594	528099	528197	intergenic	.	contig_8594:528099-528197
contig_8602	1362879	1363117	intergenic	.	contig_8602:1362879-1363117
contig_8602	1461099	1461389	intergenic	.	contig_8602:1461099-1461389
contig_863	19751	19964	intergenic	.	contig_863:19751-19964
contig_8631	26907	27350	intergenic	.	contig_8631:26907-27350
contig_8632	111795	112005	intergenic	.	contig_8632:111795-112005
contig_8632	409137	409451	gene,mRNA	.	contig_8632:409137-409451,contig_8632:409137-409451
contig_8644	921846	922223	intergenic	.	contig_8644:921846-922223
contig_8659	129224	129297	intergenic	.	contig_8659:129224-129297
contig_8659	173183	173402	intergenic	.	contig_8659:173183-173402
contig_8674	281216	281417	intergenic	.	contig_8674:281216-281417
contig_8683	136501	136555	intergenic	.	contig_8683:136501-136555
contig_8683	146682	146742	intergenic	.	contig_8683:146682-146742
contig_8683	146682	146921	start_codon,exon,CDS,gene,mRNA	.	contig_8683:146682-146921,contig_8683:146682-146921,contig_8683:146682-146921,contig_8683:146682-146921,contig_8683:146682-146921
contig_869	1270940	1271096	intergenic	.	contig_869:1270940-1271096
contig_869	1270940	1271240	gene,mRNA,start_codon,exon,CDS	.	contig_869:1270940-1271240,contig_869:1270940-1271240,contig_869:1270940-1271240,contig_869:1270940-1271240,contig_869:1270940-1271240
contig_869	2184261	2184464	gene,mRNA	.	contig_869:2184261-2184464,contig_869:2184261-2184464
contig_869	2253966	2254186	intergenic	.	contig_869:2253966-2254186
contig_869	2688152	2688277	intergenic	.	contig_869:2688152-2688277
contig_869	3108229	3108430	intergenic	.	contig_869:3108229-3108430
contig_869	4122651	4122793	intergenic	.	contig_869:4122651-4122793
contig_869	5412316	5412388	intergenic	.	contig_869:5412316-5412388
contig_870	29134	29469	intergenic	.	contig_870:29134-29469
contig_8705	9241	9375	intergenic	.	contig_8705:9241-9375
contig_8705	9664	9812	intergenic	.	contig_8705:9664-9812
contig_8707	131689	131894	intergenic	.	contig_8707:131689-131894
contig_8756	40438	40780	intergenic	.	contig_8756:40438-40780
contig_8756	117709	118134	intergenic	.	contig_8756:117709-118134
contig_8763	172296	172432	intergenic	.	contig_8763:172296-172432
contig_8763	188904	189102	intergenic	.	contig_8763:188904-189102
contig_8768	518066	518304	intergenic	.	contig_8768:518066-518304
contig_8768	573664	573951	intergenic	.	contig_8768:573664-573951
contig_8768	598239	598461	intergenic	.	contig_8768:598239-598461
contig_8768	862598	862785	gene,mRNA	.	contig_8768:862598-862785,contig_8768:862598-862785
contig_8774	324124	324300	intergenic	.	contig_8774:324124-324300
contig_88	456592	457062	intergenic	.	contig_88:456592-457062
contig_8802	621078	621157	intergenic	.	contig_8802:621078-621157
contig_8802	647966	648183	intergenic	.	contig_8802:647966-648183
contig_8802	1044302	1044404	intergenic	.	contig_8802:1044302-1044404
contig_8802	1377728	1377850	intergenic	.	contig_8802:1377728-1377850
contig_8814	525270	525506	gene,mRNA	.	contig_8814:525270-525506,contig_8814:525270-525506
contig_8814	566564	566916	intergenic	.	contig_8814:566564-566916
contig_8815	409288	409467	intergenic	.	contig_8815:409288-409467
contig_8815	421001	421465	intergenic	.	contig_8815:421001-421465
contig_8815	587985	588370	gene,mRNA	.	contig_8815:587985-588370,contig_8815:587985-588370
contig_8815	778645	778993	intergenic	.	contig_8815:778645-778993
contig_8815	867950	868277	gene,mRNA	.	contig_8815:867950-868277,contig_8815:867950-868277
contig_8815	883896	884598	intergenic	.	contig_8815:883896-884598
contig_8815	928980	929123	intergenic	.	contig_8815:928980-929123
contig_884	266057	266384	gene,mRNA,gene,mRNA	.	contig_884:266057-266384,contig_884:266057-266384,contig_884:266057-266384,contig_884:266057-266384
contig_884	282542	282703	gene,mRNA	.	contig_884:282542-282703,contig_884:282542-282703
contig_884	324375	324431	gene,mRNA	.	contig_884:324375-324431,contig_884:324375-324431
contig_884	774849	775172	intergenic	.	contig_884:774849-775172
contig_8846	11317	11874	intergenic	.	contig_8846:11317-11874
contig_8846	12447	12505	intergenic	.	contig_8846:12447-12505
contig_8846	13132	13231	intergenic	.	contig_8846:13132-13231
contig_888	37169	37312	intergenic	.	contig_888:37169-37312
contig_8887	1033146	1033331	intergenic	.	contig_8887:1033146-1033331
contig_8887	1083970	1084082	intergenic	.	contig_8887:1083970-1084082
contig_8887	1084240	1084356	intergenic	.	contig_8887:1084240-1084356
contig_8940	154948	155132	intergenic	.	contig_8940:154948-155132
contig_8940	452550	452802	intergenic	.	contig_8940:452550-452802
contig_8940	464694	464895	intergenic	.	contig_8940:464694-464895
contig_8940	596773	596859	gene,mRNA,exon,CDS	.	contig_8940:596773-596859,contig_8940:596773-596859,contig_8940:596773-596859,contig_8940:596773-596859
contig_8940	667612	667699	intergenic	.	contig_8940:667612-667699
contig_8940	687573	687667	intergenic	.	contig_8940:687573-687667
contig_8943	18480	18646	gene,mRNA	.	contig_8943:18480-18646,contig_8943:18480-18646
contig_8955	322824	323128	intergenic	.	contig_8955:322824-323128
contig_8955	489380	489550	intergenic	.	contig_8955:489380-489550
contig_8955	588069	588530	intergenic	.	contig_8955:588069-588530
contig_8958	6796	7036	intergenic	.	contig_8958:6796-7036
contig_8958	144784	144844	intergenic	.	contig_8958:144784-144844
contig_8958	149509	149707	intergenic	.	contig_8958:149509-149707
contig_8958	936667	936985	exon,CDS,stop_codon,polyA_signal_sequence,gene,mRNA,start_codon,exon,CDS,gene,mRNA	.	contig_8958:936667-936985,contig_8958:936667-936985,contig_8958:936667-936985,contig_8958:936667-936985,contig_8958:936667-936985,contig_8958:936667-936985,contig_8958:936667-936985,contig_8958:936667-936985,contig_8958:936667-936985,contig_8958:936667-936985,contig_8958:936667-936985
contig_8958	936775	936968	intergenic	.	contig_8958:936775-936968
contig_8958	967909	968010	intergenic	.	contig_8958:967909-968010
contig_8958	1729588	1729656	gene,mRNA	.	contig_8958:1729588-1729656,contig_8958:1729588-1729656
contig_8958	1929692	1929908	intergenic	.	contig_8958:1929692-1929908
contig_8958	2059947	2060523	gene,mRNA	.	contig_8958:2059947-2060523,contig_8958:2059947-2060523
contig_8968	149395	149657	gene,mRNA	.	contig_8968:149395-149657,contig_8968:149395-149657
contig_8968	481454	481615	exon,CDS,gene,mRNA	.	contig_8968:481454-481615,contig_8968:481454-481615,contig_8968:481454-481615,contig_8968:481454-481615
contig_8968	782097	782243	intergenic	.	contig_8968:782097-782243
contig_8968	782530	782709	intergenic	.	contig_8968:782530-782709
contig_8968	903150	903427	intergenic	.	contig_8968:903150-903427
contig_8968	1240928	1241087	intergenic	.	contig_8968:1240928-1241087
contig_8968	1350514	1350713	intergenic	.	contig_8968:1350514-1350713
contig_8968	1959793	1960112	intergenic	.	contig_8968:1959793-1960112
contig_90	264207	264388	intergenic	.	contig_90:264207-264388
contig_900	519613	519875	intergenic	.	contig_900:519613-519875
contig_900	620570	620662	intergenic	.	contig_900:620570-620662
contig_900	687267	687392	gene,mRNA	.	contig_900:687267-687392,contig_900:687267-687392
contig_900	687708	687774	gene,mRNA	.	contig_900:687708-687774,contig_900:687708-687774
contig_900	906872	906946	intergenic	.	contig_900:906872-906946
contig_900	3151528	3151655	intergenic	.	contig_900:3151528-3151655
contig_900	3432999	3433076	intergenic	.	contig_900:3432999-3433076
contig_900	3465354	3465417	intergenic	.	contig_900:3465354-3465417
contig_900	3905275	3905619	intergenic	.	contig_900:3905275-3905619
contig_900	4512367	4512473	gene,mRNA	.	contig_900:4512367-4512473,contig_900:4512367-4512473
contig_9012	674192	674276	intergenic	.	contig_9012:674192-674276
contig_9012	1113865	1114367	intergenic	.	contig_9012:1113865-1114367
contig_9017	110932	111343	intergenic	.	contig_9017:110932-111343
contig_9033	90512	90877	intergenic	.	contig_9033:90512-90877
contig_9084	480741	480983	gene,mRNA	.	contig_9084:480741-480983,contig_9084:480741-480983
contig_9095	481841	482075	gene,mRNA	.	contig_9095:481841-482075,contig_9095:481841-482075
contig_9095	594594	594697	intergenic	.	contig_9095:594594-594697
contig_9095	704938	705264	gene,mRNA	.	contig_9095:704938-705264,contig_9095:704938-705264
contig_9095	884956	885026	intergenic	.	contig_9095:884956-885026
contig_9110	226720	227008	gene,mRNA	.	contig_9110:226720-227008,contig_9110:226720-227008
contig_9114	207364	207488	intergenic	.	contig_9114:207364-207488
contig_9134	35475	35653	intergenic	.	contig_9134:35475-35653
contig_9134	94310	94470	intergenic	.	contig_9134:94310-94470
contig_9134	94758	94820	intergenic	.	contig_9134:94758-94820
contig_9134	299333	299475	intergenic	.	contig_9134:299333-299475
contig_9134	425364	425509	intergenic	.	contig_9134:425364-425509
contig_9134	444834	444950	intergenic	.	contig_9134:444834-444950
contig_9134	508469	508619	intergenic	.	contig_9134:508469-508619
contig_9134	672323	672517	intergenic	.	contig_9134:672323-672517
contig_9134	815189	815319	intergenic	.	contig_9134:815189-815319
contig_9161	12407	12595	intergenic	.	contig_9161:12407-12595
contig_9161	500966	501251	intergenic	.	contig_9161:500966-501251
contig_919	309545	309863	intergenic	.	contig_919:309545-309863
contig_919	358014	358186	intergenic	.	contig_919:358014-358186
contig_919	425668	425958	intergenic	.	contig_919:425668-425958
contig_919	1163576	1163732	intergenic	.	contig_919:1163576-1163732
contig_920	293262	293403	intergenic	.	contig_920:293262-293403
contig_9235	18320	18529	intergenic	.	contig_9235:18320-18529
contig_9264	55034	55383	intergenic	.	contig_9264:55034-55383
contig_9266	67451	67516	gene,mRNA	.	contig_9266:67451-67516,contig_9266:67451-67516
contig_9266	116223	116531	gene,mRNA	.	contig_9266:116223-116531,contig_9266:116223-116531
contig_9266	144896	145021	gene,mRNA	.	contig_9266:144896-145021,contig_9266:144896-145021
contig_9266	237971	238168	intergenic	.	contig_9266:237971-238168
contig_9266	295317	295666	gene,mRNA	.	contig_9266:295317-295666,contig_9266:295317-295666
contig_9266	863124	863337	intergenic	.	contig_9266:863124-863337
contig_93	42080	42253	intergenic	.	contig_93:42080-42253
contig_93	350043	350100	gene,mRNA	.	contig_93:350043-350100,contig_93:350043-350100
contig_9323	87375	87442	intergenic	.	contig_9323:87375-87442
contig_933	389155	389275	intergenic	.	contig_933:389155-389275
contig_933	1035979	1036175	intergenic	.	contig_933:1035979-1036175
contig_933	1068280	1068437	intergenic	.	contig_933:1068280-1068437
contig_933	1123995	1124189	intergenic	.	contig_933:1123995-1124189
contig_933	1153097	1153548	intergenic	.	contig_933:1153097-1153548
contig_933	1194286	1194374	intergenic	.	contig_933:1194286-1194374
contig_933	1289902	1290235	intergenic	.	contig_933:1289902-1290235
contig_933	1345283	1345339	intergenic	.	contig_933:1345283-1345339
contig_933	1398309	1398681	exon,CDS,gene,mRNA	.	contig_933:1398309-1398681,contig_933:1398309-1398681,contig_933:1398309-1398681,contig_933:1398309-1398681
contig_933	1523010	1523487	intergenic	.	contig_933:1523010-1523487
contig_933	1810207	1810345	intergenic	.	contig_933:1810207-1810345
contig_9334	50480	50739	intergenic	.	contig_9334:50480-50739
contig_9334	164773	164854	intergenic	.	contig_9334:164773-164854
contig_9338	75947	76150	intergenic	.	contig_9338:75947-76150
contig_9338	444931	445103	intergenic	.	contig_9338:444931-445103
contig_9354	7662	7822	intergenic	.	contig_9354:7662-7822
contig_9357	354115	354191	intergenic	.	contig_9357:354115-354191
contig_9357	841031	841162	intergenic	.	contig_9357:841031-841162
contig_9357	1266933	1267166	gene,mRNA	.	contig_9357:1266933-1267166,contig_9357:1266933-1267166
contig_9357	1267475	1267627	gene,mRNA	.	contig_9357:1267475-1267627,contig_9357:1267475-1267627
contig_9357	1340378	1340798	intergenic	.	contig_9357:1340378-1340798
contig_9357	1352463	1352701	intergenic	.	contig_9357:1352463-1352701
contig_9357	1708081	1708216	intergenic	.	contig_9357:1708081-1708216
contig_9357	1725704	1725871	intergenic	.	contig_9357:1725704-1725871
contig_9357	2016794	2016935	intergenic	.	contig_9357:2016794-2016935
contig_9357	2261733	2261871	intergenic	.	contig_9357:2261733-2261871
contig_9357	2383780	2383871	intergenic	.	contig_9357:2383780-2383871
contig_9357	2384319	2384390	intergenic	.	contig_9357:2384319-2384390
contig_9357	2564475	2564563	intergenic	.	contig_9357:2564475-2564563
contig_94	8217	8415	intergenic	.	contig_94:8217-8415
contig_9411	138575	138774	intergenic	.	contig_9411:138575-138774
contig_9411	555647	556057	intergenic	.	contig_9411:555647-556057
contig_9411	851314	851630	exon,CDS,start_codon,gene,mRNA	.	contig_9411:851314-851630,contig_9411:851314-851630,contig_9411:851314-851630,contig_9411:851314-851630,contig_9411:851314-851630
contig_9411	851450	851630	intergenic	.	contig_9411:851450-851630
contig_9417	163767	164027	gene,mRNA	.	contig_9417:163767-164027,contig_9417:163767-164027
contig_9417	1158960	1159052	intergenic	.	contig_9417:1158960-1159052
contig_9417	1186191	1186281	intergenic	.	contig_9417:1186191-1186281
contig_9417	1228558	1229121	gene,mRNA	.	contig_9417:1228558-1229121,contig_9417:1228558-1229121
contig_9417	1285964	1286247	gene,mRNA	.	contig_9417:1285964-1286247,contig_9417:1285964-1286247
contig_9454	109528	109604	intergenic	.	contig_9454:109528-109604
contig_9454	126131	126513	intergenic	.	contig_9454:126131-126513
contig_9454	142840	143028	intergenic	.	contig_9454:142840-143028
contig_9454	152492	152563	intergenic	.	contig_9454:152492-152563
contig_9463	156889	157026	intergenic	.	contig_9463:156889-157026
contig_9479	125625	126066	intergenic	.	contig_9479:125625-126066
contig_9479	169324	169450	intergenic	.	contig_9479:169324-169450
contig_9479	170821	170981	intergenic	.	contig_9479:170821-170981
contig_9479	216750	216823	intergenic	.	contig_9479:216750-216823
contig_9479	265152	265516	intergenic	.	contig_9479:265152-265516
contig_9525	64540	64731	intergenic	.	contig_9525:64540-64731
contig_9528	74276	74318	intergenic	.	contig_9528:74276-74318
contig_9528	74276	74330	polyA_signal_sequence,gene	.	contig_9528:74276-74330,contig_9528:74276-74330
contig_9528	140308	140788	intergenic	.	contig_9528:140308-140788
contig_9528	787065	787200	intergenic	.	contig_9528:787065-787200
contig_9564	144776	145063	gene,mRNA	.	contig_9564:144776-145063,contig_9564:144776-145063
contig_9564	283843	283988	gene,mRNA	.	contig_9564:283843-283988,contig_9564:283843-283988
contig_9564	305669	305787	gene,mRNA	.	contig_9564:305669-305787,contig_9564:305669-305787
contig_9564	369564	369674	intergenic	.	contig_9564:369564-369674
contig_9564	563114	563178	gene,mRNA	.	contig_9564:563114-563178,contig_9564:563114-563178
contig_9564	921400	921734	intergenic	.	contig_9564:921400-921734
contig_9564	1356728	1357119	intergenic	.	contig_9564:1356728-1357119
contig_9578	24644	24761	intergenic	.	contig_9578:24644-24761
contig_9578	132958	133077	intergenic	.	contig_9578:132958-133077
contig_9578	219636	219701	intergenic	.	contig_9578:219636-219701
contig_9578	368420	369048	intergenic	.	contig_9578:368420-369048
contig_9616	491031	491168	intergenic	.	contig_9616:491031-491168
contig_9616	612856	613078	intergenic	.	contig_9616:612856-613078
contig_9650	44497	44705	gene,mRNA	.	contig_9650:44497-44705,contig_9650:44497-44705
contig_9650	111510	111670	intergenic	.	contig_9650:111510-111670
contig_9650	387031	387243	intergenic	.	contig_9650:387031-387243
contig_9653	254692	254873	gene,mRNA	.	contig_9653:254692-254873,contig_9653:254692-254873
contig_9725	49315	49644	mRNA,exon,CDS,start_codon,gene	.	contig_9725:49315-49644,contig_9725:49315-49644,contig_9725:49315-49644,contig_9725:49315-49644,contig_9725:49315-49644
contig_9725	49505	49644	intergenic	.	contig_9725:49505-49644
contig_9732	92864	92940	intergenic	.	contig_9732:92864-92940
contig_9750	336929	337156	intergenic	.	contig_9750:336929-337156
contig_9750	590288	590345	intergenic	.	contig_9750:590288-590345
contig_9750	762359	762957	intergenic	.	contig_9750:762359-762957
contig_9750	763232	763359	intergenic	.	contig_9750:763232-763359
contig_9750	777011	777182	intergenic	.	contig_9750:777011-777182
contig_9750	783086	783258	intergenic	.	contig_9750:783086-783258
contig_9750	833231	833399	intergenic	.	contig_9750:833231-833399
contig_9750	939473	939711	intergenic	.	contig_9750:939473-939711
contig_9750	939928	940110	intergenic	.	contig_9750:939928-940110
contig_9760	8402	8925	intergenic	.	contig_9760:8402-8925
contig_9765	350383	350534	intergenic	.	contig_9765:350383-350534
contig_9765	1305101	1305351	gene,mRNA	.	contig_9765:1305101-1305351,contig_9765:1305101-1305351
contig_9766	672025	672177	intergenic	.	contig_9766:672025-672177
contig_9880	777619	777787	intergenic	.	contig_9880:777619-777787
contig_9880	777619	777851	polyA_signal_sequence,gene	.	contig_9880:777619-777851,contig_9880:777619-777851
contig_9880	1134253	1134351	gene,mRNA	.	contig_9880:1134253-1134351,contig_9880:1134253-1134351
contig_9880	1219395	1219475	gene,mRNA	.	contig_9880:1219395-1219475,contig_9880:1219395-1219475
contig_9880	1606430	1606575	intergenic	.	contig_9880:1606430-1606575
contig_9880	2640379	2640608	gene,mRNA	.	contig_9880:2640379-2640608,contig_9880:2640379-2640608
contig_9883	86465	86578	intergenic	.	contig_9883:86465-86578
contig_9883	214834	214965	intergenic	.	contig_9883:214834-214965
contig_99	670972	671189	intergenic	.	contig_99:670972-671189
contig_99	698290	698428	intergenic	.	contig_99:698290-698428
contig_9900	289415	289475	intergenic	.	contig_9900:289415-289475
contig_9912	1357340	1357480	intergenic	.	contig_9912:1357340-1357480
contig_9925	79088	79401	intergenic	.	contig_9925:79088-79401
contig_9925	269402	269475	gene,mRNA	.	contig_9925:269402-269475,contig_9925:269402-269475
contig_9927	406518	406602	intergenic	.	contig_9927:406518-406602
contig_9927	453572	454209	intergenic	.	contig_9927:453572-454209
contig_9954	469905	470305	intergenic	.	contig_9954:469905-470305
contig_9972	320361	320511	gene,mRNA	.	contig_9972:320361-320511,contig_9972:320361-320511
