1003	82331	82757	115702	mRNA	AP012548.1_1122,AP012548.1_1123,AP012548.1_1555,CP142614.1_1272,CP142614.1_840,CP142614.1_841,CP142614.1_842,CP142623.1_1289,CP142623.1_856,CP142623.1_857
1003	82331	82757	115787	gene	AP012548.1_1122,AP012548.1_1123,AP012548.1_1555,CP142614.1_1272,CP142614.1_840,CP142614.1_841,CP142614.1_842,CP142623.1_1289,CP142623.1_856,CP142623.1_857
1003	82331	82757	82681	CDS	AP012548.1_1122,AP012548.1_1123,AP012548.1_1555,CP142614.1_1272,CP142614.1_840,CP142614.1_841,CP142614.1_842,CP142623.1_1289,CP142623.1_856,CP142623.1_857
1003	82331	82757	82681	exon	AP012548.1_1122,AP012548.1_1123,AP012548.1_1555,CP142614.1_1272,CP142614.1_840,CP142614.1_841,CP142614.1_842,CP142623.1_1289,CP142623.1_856,CP142623.1_857
1005	339237	339360	356561	mRNA	AP012548.1_4065,AP012548.1_4066,CP001487.1_265,CP003000.1_3776,CP142614.1_3789,CP142623.1_2560,CP142623.1_2561
1005	339237	339360	357113	gene	AP012548.1_4065,AP012548.1_4066,CP001487.1_265,CP003000.1_3776,CP142614.1_3789,CP142623.1_2560,CP142623.1_2561
1015	222084	222752	231687	mRNA	AP012548.1_1979,AP012548.1_3682,AP012548.1_997,CP001429.2_987,CP001487.1_2386,CP001487.1_3368,CP003000.1_1569,CP142614.1_1694,CP142614.1_1695,CP142614.1_3405,CP142614.1_715,CP142614.1_716,CP142623.1_1415,CP142623.1_1416,CP142623.1_2944,CP142623.1_433,CP142623.1_434
1015	222084	222752	232768	gene	AP012548.1_1979,AP012548.1_3682,AP012548.1_997,CP001429.2_987,CP001487.1_2386,CP001487.1_3368,CP003000.1_1569,CP142614.1_1694,CP142614.1_1695,CP142614.1_3405,CP142614.1_715,CP142614.1_716,CP142623.1_1415,CP142623.1_1416,CP142623.1_2944,CP142623.1_433,CP142623.1_434
102	262907	262984	intergenic	.	AP012548.1_3035,CP142614.1_2763,CP142623.1_3587
102	289921	290098	intergenic	.	AP012548.1_1116,AP012548.1_1824,CP142614.1_1540,CP142614.1_835,CP142623.1_1295,CP142623.1_588
1038	215530	215734	intergenic	.	AP012548.1_2392,AP012548.1_2393,CP001429.2_2407,CP001429.2_2408,CP001487.1_1973,CP001487.1_1974,CP003000.1_2149,CP003000.1_2150,CP142614.1_2111,CP142614.1_2112,CP142623.1_18,CP142623.1_19
105	203606	203700	208852	mRNA	AP012548.1_2210,CP003000.1_464
105	203606	203700	208869	gene	AP012548.1_2210,CP003000.1_464
1055	238991	239111	intergenic	.	AP012548.1_3909,CP142614.1_3632,CP142614.1_3633,CP142623.1_2717
1056	71597	71723	129297	mRNA	CP003000.1_2028,CP142614.1_1986
1056	71597	71723	130302	gene	CP003000.1_2028,CP142614.1_1986
1056	71597	71723	71695	CDS	CP003000.1_2028,CP142614.1_1986
1056	71597	71723	71695	exon	CP003000.1_2028,CP142614.1_1986
1058	571982	572059	599081	mRNA	AP012548.1_2261,CP142614.1_1978,CP142623.1_151
1058	571982	572059	599266	gene	AP012548.1_2261,CP142614.1_1978,CP142623.1_151
1058	630505	630684	intergenic	.	AP012548.1_727,AP012548.1_728,CP001487.1_3619,CP142614.1_445,CP142623.1_1686,CP142623.1_1687
106	1977	2069	intergenic	.	AP012548.1_1596,CP142614.1_1312,CP142623.1_816
1065	3071	3197	intergenic	.	CP142614.1_42,CP142623.1_2083
1065	3071	3201	3203	polyA_signal_sequence	CP142614.1_42,CP142623.1_2083
1065	3071	3201	6309	gene	CP142614.1_42,CP142623.1_2083
106832	476	823	intergenic	.	AP012548.1_299,AP012548.1_300,CP001487.1_4061,CP003000.1_255,CP142614.1_15,CP142614.1_16,CP142623.1_2109,CP142623.1_2110
1069	113544	113634	118171	gene	AP012548.1_1269,CP142623.1_1142
1069	113544	113634	118171	mRNA	AP012548.1_1269,CP142623.1_1142
1078	146507	146614	157822	gene	AP012548.1_1413,CP142614.1_1129,CP142614.1_1130,CP142623.1_999
1078	146507	146614	157822	mRNA	AP012548.1_1413,CP142614.1_1129,CP142614.1_1130,CP142623.1_999
1080	77372	77553	intergenic	.	AP012548.1_2164,CP001487.1_2201,CP142614.1_1881,CP142623.1_247,CP142623.1_248
1088	258271	258437	intergenic	.	AP012548.1_3374,AP012548.1_3375,CP001429.2_3419,CP142614.1_3105
1088	258271	258501	258443	polyA_signal_sequence	AP012548.1_3374,AP012548.1_3375,CP001429.2_3419,CP142614.1_3105
1088	258271	258501	278881	gene	AP012548.1_3374,AP012548.1_3375,CP001429.2_3419,CP142614.1_3105
1092	147264	147498	intergenic	.	AP012548.1_3172,CP001429.2_3208,CP003000.1_2944,CP142614.1_2900,CP142623.1_3448
1094	164611	164791	intergenic	.	AP012548.1_1781,CP001487.1_2584,CP003000.1_871,CP142614.1_1497,CP142623.1_632
1095	351086	351201	intergenic	.	AP012548.1_486,CP001487.1_3866,CP142614.1_204,CP142623.1_1922
1099	85255	85414	intergenic	.	AP012548.1_3412,CP001487.1_1292,CP142614.1_3142,CP142623.1_3586
1108	58367	58701	intergenic	.	AP012548.1_199,AP012548.1_2190,AP012548.1_489,CP001487.1_2175,CP142614.1_1907,CP142614.1_208,CP142614.1_4139,CP142623.1_1919,CP142623.1_2211,CP142623.1_222
1108	77469	77672	intergenic	.	AP012548.1_3007,AP012548.1_3008,CP142614.1_2736,CP142614.1_2737,CP142623.1_3614,CP142623.1_3615
1111	2125	2535	intergenic	.	AP012548.1_2968,CP001487.1_1360,CP142614.1_2696,CP142614.1_2697,CP142614.1_2698,CP142614.1_881,CP142623.1_1249,CP142623.1_3655,CP142623.1_3656,CP142623.1_3657
1114	131359	131499	147477	gene	AP012548.1_3723,AP012548.1_614,CP142614.1_331,CP142623.1_1800,CP142623.1_2903
1114	131359	131499	147477	mRNA	AP012548.1_3723,AP012548.1_614,CP142614.1_331,CP142623.1_1800,CP142623.1_2903
1115	194308	194534	intergenic	.	AP012548.1_890,AP012548.1_891,CP001429.2_897,CP001487.1_3455,CP001487.1_3456,CP142614.1_608,CP142614.1_609,CP142623.1_1523
1115	571518	571607	intergenic	.	AP012548.1_2689
1118	1289120	1289261	1294242	gene	AP012548.1_266,CP142614.1_4206,CP142623.1_2143
1118	1289120	1289261	1294242	mRNA	AP012548.1_266,CP142614.1_4206,CP142623.1_2143
1124	6436	6907	intergenic	.	AP012548.1_3438,AP012548.1_3439,AP012548.1_3440,CP001487.1_891,CP003000.1_3206,CP142614.1_3166,CP142614.1_3167,CP142614.1_3168,CP142623.1_3186,CP142623.1_3187,CP142623.1_3188
1124	28635	28729	39868	mRNA	AP012548.1_1479,CP001487.1_2885,CP142614.1_1196,CP142623.1_932
1124	28635	28729	40668	gene	AP012548.1_1479,CP001487.1_2885,CP142614.1_1196,CP142623.1_932
1138	23946	24048	intergenic	.	CP142614.1_4195
114	156265	156354	intergenic	.	AP012548.1_1539,CP001487.1_2826,CP142614.1_1256
1140	112031	112107	136200	gene	AP012548.1_2042
1140	112031	112107	136200	mRNA	AP012548.1_2042
1144	39416	39917	intergenic	.	AP012548.1_2227,AP012548.1_815,AP012548.1_941,CP142614.1_1944,CP142614.1_659,CP142623.1_1472,CP142623.1_1599,CP142623.1_185
1150	101954	102090	intergenic	.	AP012548.1_2388,CP001429.2_2403,CP001487.1_1978,CP003000.1_2145,CP142614.1_2107,CP142623.1_24
1151	193277	193502	intergenic	.	AP012548.1_2075,CP001487.1_2291,CP003000.1_592,CP142614.1_1791,CP142614.1_1792,CP142623.1_336,CP142623.1_337
1151	193798	194169	intergenic	.	AP012548.1_102,AP012548.1_103,AP012548.1_660,CP001429.2_672,CP001487.1_3685,CP001487.1_9,CP142614.1_377,CP142614.1_4042,CP142614.1_4043,CP142623.1_1753,CP142623.1_1754,CP142623.1_2307,CP142623.1_2308
1155	351382	351843	intergenic	.	AP012548.1_230,AP012548.1_257,AP012548.1_3611,AP012548.1_508,AP012548.1_591,CP001429.2_3655,CP001429.2_603,CP001487.1_3754,CP001487.1_721,CP142614.1_308,CP142623.1_1822,CP142623.1_1900,CP142623.1_2152
1156	275881	276219	intergenic	.	AP012548.1_1264,AP012548.1_3477,AP012548.1_3478,CP001429.2_3521,CP001487.1_854,CP003000.1_3242,CP003000.1_3243,CP142614.1_3205,CP142614.1_3206,CP142614.1_981,CP142623.1_1148,CP142623.1_3149,CP142623.1_3150
1157	179526	179689	179579	gene	AP012548.1_922,CP142614.1_640,CP142623.1_1492
1157	179526	179689	179579	polyA_signal_sequence	AP012548.1_922,CP142614.1_640,CP142623.1_1492
1157	179579	179689	intergenic	.	AP012548.1_922,CP142614.1_640,CP142623.1_1492
1160	31278	31391	34190	gene	AP012548.1_331,CP001487.1_4028,CP142614.1_47,CP142614.1_48,CP142623.1_2077,CP142623.1_2078
1160	31278	31391	34190	mRNA	AP012548.1_331,CP001487.1_4028,CP142614.1_47,CP142614.1_48,CP142623.1_2077,CP142623.1_2078
1162	249430	249553	intergenic	.	AP012548.1_283,CP142614.1_4222,CP142623.1_1790,CP142623.1_2126,CP142623.1_2127
1162	249430	249674	249559	polyA_signal_sequence	AP012548.1_283,CP142614.1_4222,CP142623.1_1790,CP142623.1_2126,CP142623.1_2127
1162	249430	249674	251227	gene	AP012548.1_283,CP142614.1_4222,CP142623.1_1790,CP142623.1_2126,CP142623.1_2127
1164	289664	289904	intergenic	.	AP012548.1_2347,AP012548.1_2348,CP001429.2_2362,CP001487.1_2019,CP003000.1_2105,CP142614.1_2065,CP142614.1_2066,CP142623.1_64,CP142623.1_65
1168	175174	175593	intergenic	.	AP012548.1_2199,AP012548.1_2200,AP012548.1_2836,AP012548.1_2837,CP001429.2_2211,CP001487.1_2166,CP003000.1_475,CP142614.1_1916,CP142614.1_1917,CP142614.1_2565,CP142623.1_212,CP142623.1_3786,CP142623.1_3787
1173	689542	689814	689675	CDS	AP012548.1_1655,CP001429.2_1661,CP001487.1_2711,CP003000.1_995,CP142614.1_1371,CP142614.1_1372
1173	689542	689814	689675	exon	AP012548.1_1655,CP001429.2_1661,CP001487.1_2711,CP003000.1_995,CP142614.1_1371,CP142614.1_1372
1173	689542	689814	689675	mRNA	AP012548.1_1655,CP001429.2_1661,CP001487.1_2711,CP003000.1_995,CP142614.1_1371,CP142614.1_1372
1173	689542	689814	689675	stop_codon	AP012548.1_1655,CP001429.2_1661,CP001487.1_2711,CP003000.1_995,CP142614.1_1371,CP142614.1_1372
1173	689542	689814	689714	gene	AP012548.1_1655,CP001429.2_1661,CP001487.1_2711,CP003000.1_995,CP142614.1_1371,CP142614.1_1372
1173	689542	689814	689714	polyA_signal_sequence	AP012548.1_1655,CP001429.2_1661,CP001487.1_2711,CP003000.1_995,CP142614.1_1371,CP142614.1_1372
1173	689714	689814	intergenic	.	AP012548.1_1655,CP001429.2_1661,CP001487.1_2711,CP003000.1_995,CP142614.1_1371,CP142614.1_1372
1173	814104	814185	intergenic	.	AP012548.1_2244,CP142614.1_1961
1189	338132	338253	intergenic	.	AP012548.1_986,CP001487.1_3379,CP142614.1_704,CP142623.1_1426
1191	396358	396549	intergenic	.	AP012548.1_3598,CP142623.1_3029
1191	488750	489063	intergenic	.	CP001429.2_4023,CP001429.2_4024,CP001487.1_346,CP003000.1_3694,CP003000.1_3695,CP142614.1_3707,CP142614.1_3708
1191	637599	638046	intergenic	.	AP012548.1_1925,AP012548.1_1926,CP001487.1_2440,CP001487.1_3218,CP142614.1_1641,CP142614.1_1642,CP142614.1_571,CP142623.1_1560,CP142623.1_487
1200	198131	198338	intergenic	.	AP012548.1_3016,AP012548.1_3017,CP142614.1_2745,CP142623.1_3605,CP142623.1_3606
1203	11963	12251	13973	gene	AP012548.1_2764,AP012548.1_2765,CP001487.1_1561,CP142614.1_2483,CP142614.1_2484,CP142623.1_3857,CP142623.1_3858
1203	11963	12251	13973	mRNA	AP012548.1_2764,AP012548.1_2765,CP001487.1_1561,CP142614.1_2483,CP142614.1_2484,CP142623.1_3857,CP142623.1_3858
1204	339039	339127	339228	CDS	CP142614.1_143
1204	339039	339127	339228	exon	CP142614.1_143
1204	339039	339127	339228	mRNA	CP142614.1_143
1204	339039	339127	340017	gene	CP142614.1_143
1207	66297	66510	intergenic	.	AP012548.1_4212,CP142614.1_3936,CP142623.1_2414,CP142623.1_2415
1207	583943	584101	590562	gene	AP012548.1_3174,AP012548.1_3175,CP003000.1_2947,CP142614.1_2903,CP142623.1_3445,CP142623.1_3446
1208	90109	90187	intergenic	.	CP142623.1_1201
121	66185	66277	144927	gene	AP012548.1_2252,CP142614.1_1969,CP142623.1_160
121	66185	66277	144927	mRNA	AP012548.1_2252,CP142614.1_1969,CP142623.1_160
1220	26874	27127	30790	gene	AP012548.1_4157,AP012548.1_4158,CP142614.1_3880,CP142614.1_3881,CP142614.1_3882,CP142623.1_2468,CP142623.1_2469,CP142623.1_2470
1220	26874	27127	30790	mRNA	AP012548.1_4157,AP012548.1_4158,CP142614.1_3880,CP142614.1_3881,CP142614.1_3882,CP142623.1_2468,CP142623.1_2469,CP142623.1_2470
1226	297245	297395	intergenic	.	AP012548.1_1276,CP142614.1_994,CP142623.1_1135
1228	193765	193939	198454	mRNA	AP012548.1_360,AP012548.1_361,CP142614.1_4191,CP142614.1_78,CP142623.1_2048
1228	193765	193939	198709	gene	AP012548.1_360,AP012548.1_361,CP142614.1_4191,CP142614.1_78,CP142623.1_2048
1229	26094	26311	intergenic	.	AP012548.1_4198,AP012548.1_4199,CP142614.1_3921,CP142614.1_3922,CP142623.1_2428,CP142623.1_2429
1238	47763	47914	57476	gene	AP012548.1_3626,CP142614.1_3355,CP142623.1_3000
1245	219548	219663	intergenic	.	AP012548.1_1467,CP001487.1_2897,CP142614.1_1184,CP142623.1_944
125	275089	275167	intergenic	.	AP012548.1_3456,CP142614.1_3184
125	464695	465026	intergenic	.	AP012548.1_703,AP012548.1_931,CP142614.1_421,CP142614.1_649,CP142623.1_1482,CP142623.1_1711
1261	318367	318475	intergenic	.	AP012548.1_3828,CP142623.1_2798
1261	762549	762666	intergenic	.	AP012548.1_3808,CP142614.1_3531,CP142614.1_3532,CP142623.1_2818
1273	199453	199643	intergenic	.	AP012548.1_1462,AP012548.1_1463,CP001487.1_2902,CP142614.1_1180,CP142623.1_949
1275	137851	137941	160811	gene	AP012548.1_194,CP142623.1_2216
1275	137851	137941	160811	mRNA	AP012548.1_194,CP142623.1_2216
1275	138704	138904	160811	gene	AP012548.1_3719,AP012548.1_3720,CP142614.1_3442,CP142614.1_3443,CP142623.1_2906,CP142623.1_2907
1275	138704	138904	160811	mRNA	AP012548.1_3719,AP012548.1_3720,CP142614.1_3442,CP142614.1_3443,CP142623.1_2906,CP142623.1_2907
1276	43617	43894	intergenic	.	AP012548.1_760,AP012548.1_761,CP142614.1_478,CP142614.1_479,CP142614.1_480,CP142623.1_1652,CP142623.1_1653,CP142623.1_1654
1276	121584	121798	intergenic	.	AP012548.1_80,AP012548.1_81,CP001487.1_31,CP142614.1_4020,CP142623.1_2330
1276	181106	181286	intergenic	.	AP012548.1_1421,AP012548.1_1422,CP001429.2_1429,CP001487.1_2942,CP001487.1_2943,CP003000.1_1163,CP142614.1_1138,CP142614.1_1139,CP142623.1_989,CP142623.1_990
1285	238917	239049	244909	gene	AP012548.1_1365,CP001487.1_2999,CP142614.1_1083,CP142623.1_1046
1285	238917	239049	244909	mRNA	AP012548.1_1365,CP001487.1_2999,CP142614.1_1083,CP142623.1_1046
1287	68444	68618	88927	mRNA	AP012548.1_1160,AP012548.1_1161,CP001487.1_3204,CP001487.1_3205,CP003000.1_1421,CP142614.1_879,CP142614.1_880,CP142623.1_1251
1287	68444	68618	91333	gene	AP012548.1_1160,AP012548.1_1161,CP001487.1_3204,CP001487.1_3205,CP003000.1_1421,CP142614.1_879,CP142614.1_880,CP142623.1_1251
129	197212	197290	197999	gene	AP012548.1_1984,CP142614.1_1700,CP142623.1_428
129	197212	197290	197999	mRNA	AP012548.1_1984,CP142614.1_1700,CP142623.1_428
1301	581209	581356	intergenic	.	AP012548.1_1852,CP142614.1_1568,CP142623.1_561
1301	746983	747126	757203	mRNA	AP012548.1_759,CP001429.2_766,CP142614.1_477,CP142623.1_1655
1301	746983	747126	758352	gene	AP012548.1_759,CP001429.2_766,CP142614.1_477,CP142623.1_1655
1305	33520	34122	33719	CDS	AP012548.1_278,AP012548.1_3608,AP012548.1_3609,AP012548.1_496,CP001429.2_3652,CP003000.1_3373,CP142614.1_1395,CP142614.1_214,CP142614.1_3336,CP142614.1_3337,CP142623.1_1912,CP142623.1_3018,CP142623.1_3019
1305	33520	34122	33719	exon	AP012548.1_278,AP012548.1_3608,AP012548.1_3609,AP012548.1_496,CP001429.2_3652,CP003000.1_3373,CP142614.1_1395,CP142614.1_214,CP142614.1_3336,CP142614.1_3337,CP142623.1_1912,CP142623.1_3018,CP142623.1_3019
1305	33520	34122	33719	gene	AP012548.1_278,AP012548.1_3608,AP012548.1_3609,AP012548.1_496,CP001429.2_3652,CP003000.1_3373,CP142614.1_1395,CP142614.1_214,CP142614.1_3336,CP142614.1_3337,CP142623.1_1912,CP142623.1_3018,CP142623.1_3019
1305	33520	34122	33719	mRNA	AP012548.1_278,AP012548.1_3608,AP012548.1_3609,AP012548.1_496,CP001429.2_3652,CP003000.1_3373,CP142614.1_1395,CP142614.1_214,CP142614.1_3336,CP142614.1_3337,CP142623.1_1912,CP142623.1_3018,CP142623.1_3019
1305	33520	34122	33719	start_codon	AP012548.1_278,AP012548.1_3608,AP012548.1_3609,AP012548.1_496,CP001429.2_3652,CP003000.1_3373,CP142614.1_1395,CP142614.1_214,CP142614.1_3336,CP142614.1_3337,CP142623.1_1912,CP142623.1_3018,CP142623.1_3019
1305	33719	34122	intergenic	.	AP012548.1_278,AP012548.1_3608,AP012548.1_3609,AP012548.1_496,CP001429.2_3652,CP003000.1_3373,CP142614.1_1395,CP142614.1_214,CP142614.1_3336,CP142614.1_3337,CP142623.1_1912,CP142623.1_3018,CP142623.1_3019
1307	136853	136945	intergenic	.	CP142614.1_410
1307	139489	139637	intergenic	.	CP142623.1_757
131	172777	172930	224556	gene	AP012548.1_3809,CP142614.1_3532,CP142623.1_2817,CP142623.1_2818
131	172777	172930	224556	mRNA	AP012548.1_3809,CP142614.1_3532,CP142623.1_2817,CP142623.1_2818
132	58311	58537	intergenic	.	AP012548.1_1281,CP142614.1_998,CP142623.1_1130
1320	39745	39842	intergenic	.	CP001429.2_157,CP001487.1_20
1321	354361	354498	intergenic	.	AP012548.1_2258,AP012548.1_2259,CP001487.1_2108,CP003000.1_424,CP142614.1_1976,CP142623.1_153
1326	621781	621861	intergenic	.	AP012548.1_3061,CP001487.1_1266,CP142614.1_2790,CP142623.1_3560
1327	725064	725442	intergenic	.	AP012548.1_1283,AP012548.1_1284,AP012548.1_295,CP001429.2_1291,CP003000.1_1298,CP003000.1_1299,CP142614.1_1000,CP142614.1_1001,CP142614.1_1002,CP142614.1_11,CP142623.1_1127,CP142623.1_1128,CP142623.1_2114
1329	633176	633349	intergenic	.	AP012548.1_3799,CP142614.1_3522,CP142614.1_3523,CP142623.1_2827
137937	41	163	intergenic	.	AP012548.1_3278,CP142614.1_3007,CP142623.1_3347
137937	527	714	intergenic	.	AP012548.1_3288,AP012548.1_3558,CP142614.1_3287,CP142623.1_3068
139	29986	30188	intergenic	.	AP012548.1_1738,AP012548.1_2248,CP142614.1_1454,CP142614.1_1965,CP142623.1_164,CP142623.1_675
139	182824	183004	intergenic	.	AP012548.1_2237,CP142614.1_1634,CP142614.1_409
141	58853	59134	intergenic	.	AP012548.1_3400,AP012548.1_790,CP001429.2_3444,CP001487.1_3557,CP001487.1_930,CP142614.1_3130,CP142614.1_508,CP142623.1_1624,CP142623.1_3058,CP142623.1_3224,CP142623.1_3225
142	289254	289438	intergenic	.	AP012548.1_2891,CP001487.1_1436,CP003000.1_2672,CP142614.1_2619,CP142623.1_3733
159257	128	572	intergenic	.	AP012548.1_2296,AP012548.1_3645,AP012548.1_3646,CP001429.2_2310,CP142614.1_2013,CP142614.1_3373,CP142614.1_3374,CP142623.1_116,CP142623.1_2981,CP142623.1_2982
162	124303	124424	intergenic	.	AP012548.1_2432,CP142614.1_2150,CP142623.1_4190
164	21051	21126	intergenic	.	CP142623.1_1043
169	54382	54503	intergenic	.	AP012548.1_307,AP012548.1_308,CP001487.1_4052,CP142614.1_24,CP142623.1_2101
173	302262	302407	328159	mRNA	AP012548.1_1337,CP001487.1_3028,CP142623.1_1074,CP142623.1_1075
173	302262	302407	328418	gene	AP012548.1_1337,CP001487.1_3028,CP142623.1_1074,CP142623.1_1075
177	472427	472569	488474	gene	AP012548.1_3064,CP001487.1_1264,CP003000.1_2840,CP142623.1_3558
177	472427	472569	488474	mRNA	AP012548.1_3064,CP001487.1_1264,CP003000.1_2840,CP142623.1_3558
186	127664	127788	128325	mRNA	AP012548.1_3867
186	127664	127788	128407	gene	AP012548.1_3867
197	260973	261052	intergenic	.	AP012548.1_1965,CP001429.2_1973,CP001487.1_2400,CP003000.1_696,CP142614.1_1681,CP142623.1_447
23	376320	376417	388824	gene	AP012548.1_2157
23	376320	376417	388824	mRNA	AP012548.1_2157
235	56260	56493	intergenic	.	AP012548.1_3361,AP012548.1_3362,CP142614.1_3092,CP142614.1_3093,CP142623.1_3262,CP142623.1_3263
24	187359	187437	223543	gene	AP012548.1_1962,CP142614.1_1678,CP142623.1_450
24	187359	187437	223543	mRNA	AP012548.1_1962,CP142614.1_1678,CP142623.1_450
240	132501	132590	intergenic	.	AP012548.1_3333,CP142623.1_3291
25	1089801	1089932	intergenic	.	AP012548.1_635,CP142614.1_352,CP142623.1_1779
25	1186244	1186578	1186388	stop_codon	AP012548.1_612,AP012548.1_613,CP001429.2_624,CP001487.1_3733,CP142614.1_329,CP142614.1_330,CP142623.1_1800,CP142623.1_1801,CP142623.1_1802
25	1186244	1186578	1186412	CDS	AP012548.1_612,AP012548.1_613,CP001429.2_624,CP001487.1_3733,CP142614.1_329,CP142614.1_330,CP142623.1_1800,CP142623.1_1801,CP142623.1_1802
25	1186244	1186578	1186412	exon	AP012548.1_612,AP012548.1_613,CP001429.2_624,CP001487.1_3733,CP142614.1_329,CP142614.1_330,CP142623.1_1800,CP142623.1_1801,CP142623.1_1802
25	1186244	1186578	1194485	gene	AP012548.1_612,AP012548.1_613,CP001429.2_624,CP001487.1_3733,CP142614.1_329,CP142614.1_330,CP142623.1_1800,CP142623.1_1801,CP142623.1_1802
25	1186244	1186578	1194485	mRNA	AP012548.1_612,AP012548.1_613,CP001429.2_624,CP001487.1_3733,CP142614.1_329,CP142614.1_330,CP142623.1_1800,CP142623.1_1801,CP142623.1_1802
255	314682	314937	intergenic	.	AP012548.1_2977,CP142614.1_2706,CP142614.1_2707,CP142623.1_3645
274	238745	239854	intergenic	.	AP012548.1_1563,AP012548.1_2521,AP012548.1_2522,AP012548.1_3844,AP012548.1_3845,AP012548.1_3846,AP012548.1_846,AP012548.1_891,CP001429.2_2538,CP001429.2_899,CP001487.1_1846,CP001487.1_2803,CP142614.1_1280,CP142614.1_2239,CP142614.1_2240,CP142614.1_3567,CP142614.1_3569,CP142614.1_564,CP142614.1_609,CP142623.1_1522,CP142623.1_1568,CP142623.1_2780,CP142623.1_2781,CP142623.1_2782,CP142623.1_4100,CP142623.1_4101,CP142623.1_849
289	49728	49930	intergenic	.	AP012548.1_1162,AP012548.1_3108,AP012548.1_3109,CP003000.1_2884,CP142614.1_2837,CP142614.1_880,CP142614.1_881,CP142623.1_3513
289	95357	95458	106781	mRNA	AP012548.1_1148,CP142614.1_867,CP142623.1_1263
289	95357	95458	106836	gene	AP012548.1_1148,CP142614.1_867,CP142623.1_1263
293277	780	887	intergenic	.	AP012548.1_4063,CP001487.1_268,CP142614.1_3786,CP142623.1_2563
302	80163	80244	intergenic	.	AP012548.1_1963,CP142614.1_1679,CP142623.1_450
307	141317	141401	intergenic	.	AP012548.1_2786,CP142614.1_2505
312	21606	21710	intergenic	.	AP012548.1_3725,AP012548.1_3726,CP001429.2_3760,CP001487.1_607,CP003000.1_3479,CP142614.1_3448,CP142623.1_2900,CP142623.1_2901
326	12957	13046	55097	gene	CP142614.1_2710,CP142623.1_3642
326	12957	13046	55097	mRNA	CP142614.1_2710,CP142623.1_3642
32606	151	271	intergenic	.	AP012548.1_2097,CP142614.1_1814
329	81839	82133	intergenic	.	AP012548.1_1721,AP012548.1_2319,AP012548.1_2320,AP012548.1_3396,CP142614.1_2036,CP142614.1_2037,CP142614.1_3126,CP142623.1_3229,CP142623.1_692,CP142623.1_92
33	728690	728901	728883	CDS	AP012548.1_2289,CP003000.1_2047,CP142614.1_2006,CP142623.1_123
33	728690	728901	728883	exon	AP012548.1_2289,CP003000.1_2047,CP142614.1_2006,CP142623.1_123
33	728690	728901	728883	mRNA	AP012548.1_2289,CP003000.1_2047,CP142614.1_2006,CP142623.1_123
33	728690	728901	728883	stop_codon	AP012548.1_2289,CP003000.1_2047,CP142614.1_2006,CP142623.1_123
33	728690	728901	729225	gene	AP012548.1_2289,CP003000.1_2047,CP142614.1_2006,CP142623.1_123
330	3444	3735	intergenic	.	AP012548.1_2956,AP012548.1_4085,CP001487.1_1371,CP142614.1_2685,CP142614.1_3808,CP142614.1_3809,CP142623.1_2541,CP142623.1_3667,CP142623.1_3668
335327	23	128	intergenic	.	AP012548.1_3015,CP142614.1_2744,CP142623.1_3607
341337	1684	2008	intergenic	.	AP012548.1_1431,AP012548.1_1432,CP142614.1_1149,CP142623.1_979,CP142623.1_980
343	172602	172893	174244	gene	AP012548.1_493,CP001429.2_498,CP001487.1_3265,CP142614.1_819,CP142623.1_1311,CP142623.1_1915
343	172602	172893	174244	mRNA	AP012548.1_493,CP001429.2_498,CP001487.1_3265,CP142614.1_819,CP142623.1_1311,CP142623.1_1915
347	494538	494633	499752	mRNA	CP001487.1_79,CP142614.1_3972,CP142623.1_2378
347	494538	494633	499777	gene	CP001487.1_79,CP142614.1_3972,CP142623.1_2378
348	135395	135662	142155	gene	AP012548.1_4121,CP142614.1_3845,CP142614.1_408,CP142623.1_2505
348	135395	135662	142155	mRNA	AP012548.1_4121,CP142614.1_3845,CP142614.1_408,CP142623.1_2505
349	252872	253104	intergenic	.	AP012548.1_566,CP142614.1_2566,CP142614.1_283,CP142623.1_1848,CP142623.1_3785
353944	1137	1302	intergenic	.	AP012548.1_1309,CP142614.1_1027,CP142623.1_1102
354	357956	358539	intergenic	.	AP012548.1_1844,AP012548.1_2010,AP012548.1_2011,AP012548.1_2970,AP012548.1_2971,AP012548.1_906,AP012548.1_907,CP001487.1_1356,CP001487.1_3439,CP142614.1_1560,CP142614.1_1726,CP142614.1_2700,CP142614.1_624,CP142614.1_625,CP142623.1_1507,CP142623.1_3653,CP142623.1_402,CP142623.1_403
354781	159	304	intergenic	.	AP012548.1_657,CP142623.1_1757
355350	1600	1728	intergenic	.	AP012548.1_440,CP001487.1_3911,CP142614.1_158,CP142614.1_159,CP142623.1_1968
356874	446	668	intergenic	.	AP012548.1_1218,CP001429.2_1224,CP001487.1_3147,CP003000.1_1365,CP142614.1_935,CP142614.1_936,CP142623.1_1193,CP142623.1_1194
362	367495	367581	intergenic	.	AP012548.1_1387
368	209418	209574	intergenic	.	AP012548.1_1399,AP012548.1_1676,CP001429.2_1406,CP003000.1_1185,CP142614.1_1392,CP142623.1_737
371	445754	445958	intergenic	.	AP012548.1_4151,CP142614.1_3874,CP142614.1_3875,CP142623.1_2475,CP142623.1_2476
376646	234	504	intergenic	.	AP012548.1_786,AP012548.1_787,CP142614.1_505,CP142623.1_1627
38	10268	10446	10378	CDS	AP012548.1_464,AP012548.1_465,CP001487.1_3887,CP003000.1_412,CP142614.1_183,CP142623.1_1943,CP142623.1_1944
38	10268	10446	10378	exon	AP012548.1_464,AP012548.1_465,CP001487.1_3887,CP003000.1_412,CP142614.1_183,CP142623.1_1943,CP142623.1_1944
38	10268	10446	18449	mRNA	AP012548.1_464,AP012548.1_465,CP001487.1_3887,CP003000.1_412,CP142614.1_183,CP142623.1_1943,CP142623.1_1944
38	10268	10446	18531	gene	AP012548.1_464,AP012548.1_465,CP001487.1_3887,CP003000.1_412,CP142614.1_183,CP142623.1_1943,CP142623.1_1944
38	462507	462641	intergenic	.	CP001487.1_2077,CP003000.1_2048
38	728173	728426	intergenic	.	AP012548.1_366,AP012548.1_3880,AP012548.1_3881,CP001487.1_450,CP142614.1_3604,CP142614.1_83,CP142623.1_2043,CP142623.1_2745,CP142623.1_2746
38	833060	833193	intergenic	.	AP012548.1_387,CP001487.1_3964,CP001487.1_3965,CP003000.1_342,CP142614.1_104,CP142623.1_2022
38	1017909	1018010	1020937	gene	AP012548.1_2420,CP142614.1_2139,CP142623.1_4202
38	1017909	1018010	1020937	mRNA	AP012548.1_2420,CP142614.1_2139,CP142623.1_4202
381502	717	1014	intergenic	.	AP012548.1_3925,CP003000.1_811,CP142614.1_1069,CP142614.1_3649,CP142623.1_1059,CP142623.1_2701
383	310654	310808	317906	gene	AP012548.1_332,CP003000.1_288,CP142614.1_48,CP142614.1_49,CP142623.1_2076,CP142623.1_2077
383	310654	310808	317906	mRNA	AP012548.1_332,CP003000.1_288,CP142614.1_48,CP142614.1_49,CP142623.1_2076,CP142623.1_2077
383234	608	976	intergenic	.	AP012548.1_1424,AP012548.1_157,AP012548.1_3969,CP142614.1_1141,CP142614.1_2769,CP142614.1_4097,CP142623.1_2253,CP142623.1_3582
384559	201	390	intergenic	.	AP012548.1_3245,CP142614.1_2974,CP142614.1_2975,CP142623.1_3379,CP142623.1_3380
385135	3320	3524	intergenic	.	AP012548.1_3818,AP012548.1_3819,CP142614.1_3542,CP142623.1_2807,CP142623.1_2808
386	268082	268197	273965	mRNA	AP012548.1_1476,CP142614.1_1193,CP142623.1_935,CP142623.1_936
386	268082	268197	274140	gene	AP012548.1_1476,CP142614.1_1193,CP142623.1_935,CP142623.1_936
386640	465	565	intergenic	.	CP001429.2_368,CP001487.1_3994,CP142614.1_82,CP142623.1_2044
39	419039	419255	425816	mRNA	AP012548.1_1853,AP012548.1_1854,CP001429.2_1861,CP001487.1_2511,CP003000.1_798,CP142614.1_1569,CP142614.1_1570,CP142623.1_559
39	419039	419255	425871	gene	AP012548.1_1853,AP012548.1_1854,CP001429.2_1861,CP001487.1_2511,CP003000.1_798,CP142614.1_1569,CP142614.1_1570,CP142623.1_559
390037	2874	2961	intergenic	.	CP001429.2_754,CP001487.1_3608,CP003000.1_1804
390129	2259	2337	intergenic	.	AP012548.1_1195
390365	1719	1985	intergenic	.	AP012548.1_1609,AP012548.1_1610,AP012548.1_467,CP001487.1_3885,CP142614.1_1326,CP142614.1_185,CP142623.1_1941,CP142623.1_802
390671	1351	1864	intergenic	.	AP012548.1_1599,AP012548.1_1600,CP001487.1_2765,CP142614.1_1316,CP142614.1_1317,CP142623.1_812,CP142623.1_813
391	98955	99073	166302	gene	AP012548.1_3226,CP142614.1_2954,CP142614.1_2955,CP142623.1_3394
391	98955	99073	166302	mRNA	AP012548.1_3226,CP142614.1_2954,CP142614.1_2955,CP142623.1_3394
391	115297	115400	166302	gene	AP012548.1_2328,CP142614.1_2045,CP142623.1_84
391	115297	115400	166302	mRNA	AP012548.1_2328,CP142614.1_2045,CP142623.1_84
391	371008	371426	400147	mRNA	AP012548.1_3167,AP012548.1_3168,AP012548.1_319,CP142614.1_2896,CP142614.1_35,CP142623.1_2090,CP142623.1_3453
391	371008	371426	400511	gene	AP012548.1_3167,AP012548.1_3168,AP012548.1_319,CP142614.1_2896,CP142614.1_35,CP142623.1_2090,CP142623.1_3453
391375	1803	2107	intergenic	.	AP012548.1_3380,AP012548.1_3381,AP012548.1_3382,CP001429.2_3423,CP142614.1_3110,CP142614.1_3111,CP142614.1_3112,CP142623.1_3243,CP142623.1_3244
393	111825	111963	intergenic	.	AP012548.1_1994,CP001487.1_2371,CP003000.1_671,CP142614.1_1710,CP142623.1_419
393225	108	254	intergenic	.	CP142614.1_1292,CP142623.1_836
393269	1194	1387	intergenic	.	AP012548.1_1492,CP001487.1_2872,CP142614.1_1209,CP142623.1_920
393322	2258	2382	intergenic	.	CP001487.1_39,CP142614.1_4012
396	74181	74256	intergenic	.	AP012548.1_132
396708	3045	3211	intergenic	.	CP142614.1_2562,CP142614.1_2662,CP142623.1_3690,CP142623.1_3790
397	216909	217045	224843	mRNA	AP012548.1_3516,CP001429.2_3560,CP001487.1_815,CP142623.1_3110
397	216909	217045	224852	gene	AP012548.1_3516,CP001429.2_3560,CP001487.1_815,CP142623.1_3110
400076	1886	2007	intergenic	.	AP012548.1_269,CP001487.1_4090,CP003000.1_226,CP142614.1_4208,CP142623.1_2140
400377	1619	1732	intergenic	.	CP142614.1_3681,CP142623.1_2668
400532	901	1033	intergenic	.	AP012548.1_2167,CP001487.1_2199,CP142614.1_1884
400913	2575	2677	intergenic	.	AP012548.1_2338,CP142614.1_2056,CP142623.1_74
401566	3035	3139	intergenic	.	AP012548.1_921,CP001487.1_3425,CP142614.1_639,CP142623.1_1492,CP142623.1_1493
401566	3035	3183	3179	CDS	AP012548.1_921,CP001487.1_3425,CP142614.1_639,CP142623.1_1492,CP142623.1_1493
401566	3035	3183	3179	exon	AP012548.1_921,CP001487.1_3425,CP142614.1_639,CP142623.1_1492,CP142623.1_1493
401566	3035	3183	3635	gene	AP012548.1_921,CP001487.1_3425,CP142614.1_639,CP142623.1_1492,CP142623.1_1493
401566	3035	3183	3635	mRNA	AP012548.1_921,CP001487.1_3425,CP142614.1_639,CP142623.1_1492,CP142623.1_1493
401788	1298	1461	1444	CDS	AP012548.1_2429,CP142614.1_2147,CP142614.1_2148,CP142623.1_4193
401788	1298	1461	1444	exon	AP012548.1_2429,CP142614.1_2147,CP142614.1_2148,CP142623.1_4193
401788	1298	1461	1444	gene	AP012548.1_2429,CP142614.1_2147,CP142614.1_2148,CP142623.1_4193
401788	1298	1461	1444	mRNA	AP012548.1_2429,CP142614.1_2147,CP142614.1_2148,CP142623.1_4193
401788	1298	1461	1444	start_codon	AP012548.1_2429,CP142614.1_2147,CP142614.1_2148,CP142623.1_4193
401788	1444	1461	intergenic	.	AP012548.1_2429,CP142614.1_2147,CP142614.1_2148,CP142623.1_4193
402023	9472	9802	13114	gene	AP012548.1_632,CP001487.1_3715,CP003000.1_1868,CP142614.1_349,CP142623.1_1782
402023	9472	9802	13114	mRNA	AP012548.1_632,CP001487.1_3715,CP003000.1_1868,CP142614.1_349,CP142623.1_1782
402475	3331	3686	intergenic	.	AP012548.1_3816,CP142614.1_986,CP142623.1_2810
402653	9622	9871	9730	CDS	AP012548.1_3005,AP012548.1_3006,CP001487.1_1321,CP142614.1_2734,CP142614.1_2735,CP142623.1_3615,CP142623.1_3616,CP142623.1_3617
402653	9622	9871	9730	exon	AP012548.1_3005,AP012548.1_3006,CP001487.1_1321,CP142614.1_2734,CP142614.1_2735,CP142623.1_3615,CP142623.1_3616,CP142623.1_3617
402653	9622	9871	9730	gene	AP012548.1_3005,AP012548.1_3006,CP001487.1_1321,CP142614.1_2734,CP142614.1_2735,CP142623.1_3615,CP142623.1_3616,CP142623.1_3617
402653	9622	9871	9730	mRNA	AP012548.1_3005,AP012548.1_3006,CP001487.1_1321,CP142614.1_2734,CP142614.1_2735,CP142623.1_3615,CP142623.1_3616,CP142623.1_3617
402653	9622	9871	9730	start_codon	AP012548.1_3005,AP012548.1_3006,CP001487.1_1321,CP142614.1_2734,CP142614.1_2735,CP142623.1_3615,CP142623.1_3616,CP142623.1_3617
402653	9730	9871	intergenic	.	AP012548.1_3005,AP012548.1_3006,CP001487.1_1321,CP142614.1_2734,CP142614.1_2735,CP142623.1_3615,CP142623.1_3616,CP142623.1_3617
402961	513	588	intergenic	.	AP012548.1_1950,CP142623.1_463
402961	932	1065	intergenic	.	AP012548.1_1950,CP001487.1_2415,CP142614.1_1666,CP142623.1_462,CP142623.1_463
403	214027	214125	222525	gene	AP012548.1_695,CP142614.1_413,CP142623.1_1719
403	214027	214125	222525	mRNA	AP012548.1_695,CP142614.1_413,CP142623.1_1719
403358	261	674	intergenic	.	AP012548.1_1532,AP012548.1_1533,AP012548.1_1534,CP001429.2_1541,CP142614.1_1249,CP142614.1_1250,CP142614.1_1251,CP142623.1_877,CP142623.1_878,CP142623.1_879
403605	2027	2177	intergenic	.	AP012548.1_2128,CP142614.1_1845,CP142623.1_283,CP142623.1_284
403952	5072	5315	intergenic	.	AP012548.1_769,AP012548.1_770,CP142614.1_487,CP142614.1_488,CP142623.1_1645
404395	766	848	intergenic	.	CP142614.1_112,CP142623.1_2014
404438	10151	10260	intergenic	.	CP003000.1_1344,CP142614.1_956,CP142623.1_1173
404702	8594	8775	intergenic	.	AP012548.1_696,AP012548.1_697,CP001487.1_3650,CP003000.1_1845,CP142614.1_414,CP142614.1_415,CP142623.1_1717,CP142623.1_1718
404849	2446	2567	intergenic	.	AP012548.1_1384,CP142614.1_1101,CP142623.1_1027
405	24443	24618	intergenic	.	AP012548.1_2024,CP001487.1_2342,CP003000.1_642,CP142614.1_1739,CP142614.1_1740,CP142623.1_389
405097	1470	1652	intergenic	.	AP012548.1_3888,CP001429.2_3927,CP142614.1_3611,CP142623.1_2738
405290	2943	3074	intergenic	.	AP012548.1_1842,CP001487.1_2522,CP142614.1_1558,CP142623.1_570
405357	10306	10402	intergenic	.	CP142614.1_1867
405357	10654	10775	intergenic	.	CP142623.1_395
405433	1438	1606	intergenic	.	AP012548.1_1890,CP142614.1_1606,CP142623.1_522
405581	3141	3290	intergenic	.	AP012548.1_3707,CP142614.1_3430,CP142623.1_2919
405616	4360	4467	intergenic	.	CP142623.1_1232
405655	891	1082	intergenic	.	AP012548.1_2877,CP142614.1_2606
405928	5235	5470	intergenic	.	AP012548.1_3196,AP012548.1_784,CP142614.1_2925,CP142614.1_502,CP142623.1_1630,CP142623.1_3424
406046	1303	1454	intergenic	.	AP012548.1_3905,CP001487.1_425,CP142614.1_3628,CP142614.1_3629,CP142623.1_2721
406128	1897	2040	intergenic	.	AP012548.1_1292,CP142614.1_1009,CP142623.1_1119
406158	340	683	intergenic	.	AP012548.1_1097,CP142614.1_284,CP142614.1_815,CP142614.1_816,CP142623.1_1314,CP142623.1_1315
406206	1744	1860	intergenic	.	AP012548.1_2437,CP142614.1_2155,CP142614.1_2156,CP142623.1_4185
406245	10903	11132	intergenic	.	AP012548.1_413,CP001487.1_3937,CP142614.1_130,CP142614.1_131,CP142623.1_1995,CP142623.1_1996
406548	496	583	intergenic	.	CP003000.1_1803
406641	645	1068	intergenic	.	AP012548.1_2876,AP012548.1_2878,CP001487.1_1449,CP142614.1_2605,CP142614.1_2607,CP142623.1_3746
406784	1216	1416	intergenic	.	AP012548.1_3201,AP012548.1_3202,CP001429.2_3238,CP001487.1_1127,CP003000.1_2975,CP142614.1_2929,CP142614.1_2930,CP142623.1_3418,CP142623.1_3419
407444	6048	6189	intergenic	.	AP012548.1_1828,CP001429.2_1836,CP001487.1_2536,CP003000.1_824,CP142614.1_1544,CP142623.1_584,CP142623.1_585
407706	2653	2884	intergenic	.	AP012548.1_1695,AP012548.1_1696,CP142614.1_1410,CP142614.1_1411,CP142614.1_1412,CP142623.1_717,CP142623.1_718
408080	12495	12650	intergenic	.	AP012548.1_4104,CP001487.1_227
408406	2813	3277	intergenic	.	AP012548.1_2118,AP012548.1_2119,AP012548.1_2662,AP012548.1_2663,CP001429.2_2695,CP001487.1_1662,CP003000.1_2454,CP142614.1_1835,CP142614.1_1836,CP142614.1_2381,CP142614.1_2382,CP142623.1_293,CP142623.1_3959,CP142623.1_3960
409605	1289	1448	intergenic	.	AP012548.1_2888,CP142614.1_2617
410830	6452	6528	intergenic	.	CP142614.1_1688,CP142623.1_440
410832	1077	1229	intergenic	.	AP012548.1_3285,AP012548.1_3286,CP142614.1_3015,CP142623.1_3339
411669	1102	1179	intergenic	.	AP012548.1_4061,CP001487.1_270,CP142614.1_3784,CP142623.1_2565
411672	2077	2301	intergenic	.	AP012548.1_51,CP142614.1_3153,CP142623.1_2359
411735	1388	1465	intergenic	.	AP012548.1_88,CP142614.1_4028,CP142623.1_2322
411790	4665	5047	intergenic	.	AP012548.1_1633,AP012548.1_1634,AP012548.1_1706,AP012548.1_2478,CP142614.1_1350,CP142614.1_1351,CP142614.1_1422,CP142614.1_2196,CP142623.1_4144,CP142623.1_707,CP142623.1_778
418017	5607	5756	intergenic	.	AP012548.1_1017,CP001429.2_1006,CP142614.1_735,CP142623.1_1396
418175	1881	2089	1920	gene	AP012548.1_3636,AP012548.1_4019,CP142614.1_3365,CP142614.1_3742,CP142623.1_2607
418175	1881	2089	1920	polyA_signal_sequence	AP012548.1_3636,AP012548.1_4019,CP142614.1_3365,CP142614.1_3742,CP142623.1_2607
418175	1920	2089	intergenic	.	AP012548.1_3636,AP012548.1_4019,CP142614.1_3365,CP142614.1_3742,CP142623.1_2607
418415	0	274	intergenic	.	AP012548.1_246,CP142614.1_980,CP142623.1_1149
418671	3481	3556	intergenic	.	CP142614.1_3403
418837	5595	5676	intergenic	.	CP142614.1_3848,CP142623.1_2502
420	116821	117071	intergenic	.	AP012548.1_2445,AP012548.1_2446,CP001487.1_1922,CP142614.1_2164,CP142614.1_2165,CP142623.1_4176,CP142623.1_4177
421486	8433	8547	intergenic	.	CP001487.1_463
421761	1044	1168	intergenic	.	AP012548.1_1396,CP142614.1_1113,CP142614.1_1114,CP142623.1_1015
422087	4240	4421	intergenic	.	AP012548.1_1215,CP001487.1_3149,CP142614.1_932,CP142623.1_1196
423089	741	896	intergenic	.	AP012548.1_1811,AP012548.1_1812,CP142614.1_1527,CP142614.1_1528,CP142623.1_602
423231	3059	3191	intergenic	.	AP012548.1_627
426263	1319	1557	intergenic	.	CP001429.2_3616,CP142614.1_3302,CP142623.1_3053
430	140425	140583	intergenic	.	AP012548.1_2209,AP012548.1_2210,CP001487.1_2156,CP142614.1_1926,CP142623.1_202
430245	203	353	intergenic	.	CP142623.1_884
432353	3486	3669	intergenic	.	AP012548.1_326,CP142614.1_43,CP142623.1_2082
432616	12595	12784	intergenic	.	AP012548.1_567,AP012548.1_568,CP001429.2_580,CP001487.1_3777,CP001487.1_3778,CP142614.1_284,CP142614.1_285,CP142623.1_1846
432660	62	173	intergenic	.	CP001487.1_662
432661	4977	5069	intergenic	.	AP012548.1_2534,CP001429.2_2549,CP142614.1_2252,CP142623.1_4089
432727	5404	5702	8410	gene	AP012548.1_3743,AP012548.1_956,CP001429.2_945,CP001487.1_3409,CP142614.1_674,CP142614.1_675,CP142623.1_1456,CP142623.1_1457,CP142623.1_2883
432727	5404	5702	8410	mRNA	AP012548.1_3743,AP012548.1_956,CP001429.2_945,CP001487.1_3409,CP142614.1_674,CP142614.1_675,CP142623.1_1456,CP142623.1_1457,CP142623.1_2883
438801	1173	1296	intergenic	.	AP012548.1_3663,CP142623.1_2964
439115	5072	5265	intergenic	.	AP012548.1_2334,AP012548.1_2335,CP001487.1_2032,CP003000.1_2092,CP142614.1_2052,CP142614.1_2053,CP142623.1_77,CP142623.1_78
439490	3635	3779	intergenic	.	AP012548.1_2063,CP142614.1_1780,CP142623.1_348,CP142623.1_349
439492	2534	2734	intergenic	.	AP012548.1_3224,CP142614.1_2952
439862	3440	3575	intergenic	.	CP142614.1_2529
439960	1635	1752	intergenic	.	AP012548.1_2570,CP142614.1_2289,CP142623.1_4052,CP142623.1_4053
439977	1376	1663	intergenic	.	CP001429.2_3976,CP001487.1_394,CP003000.1_3647,CP142614.1_3661,CP142623.1_2688
440122	6601	6848	intergenic	.	AP012548.1_1575,AP012548.1_2346,CP001487.1_2020,CP142614.1_1291,CP142614.1_2064,CP142614.1_3470,CP142623.1_66,CP142623.1_837
440358	14767	14906	14832	gene	AP012548.1_3708,CP142614.1_3431,CP142623.1_2918
440358	14767	14906	14832	polyA_signal_sequence	AP012548.1_3708,CP142614.1_3431,CP142623.1_2918
440358	14832	14906	intergenic	.	AP012548.1_3708,CP142614.1_3431,CP142623.1_2918
440553	1237	1388	intergenic	.	AP012548.1_1823,CP142614.1_1539,CP142623.1_589
440592	6243	6362	intergenic	.	AP012548.1_1253,CP142614.1_971,CP142623.1_1158
441	434640	434825	470770	gene	AP012548.1_1108,AP012548.1_1109,CP001487.1_3257,CP142614.1_827,CP142623.1_1303
441	434640	434825	470770	mRNA	AP012548.1_1108,AP012548.1_1109,CP001487.1_3257,CP142614.1_827,CP142623.1_1303
441118	4710	4829	intergenic	.	AP012548.1_479,CP142614.1_198,CP142623.1_1929
441254	1144	1416	intergenic	.	AP012548.1_727,AP012548.1_752,CP142614.1_445,CP142614.1_470,CP142623.1_1662,CP142623.1_1687
441284	2586	2726	intergenic	.	AP012548.1_3575,CP142614.1_3304
441482	3252	3528	intergenic	.	AP012548.1_11,AP012548.1_2068,CP001429.2_11,CP001487.1_2298,CP001487.1_4150,CP142614.1_1785,CP142614.1_3951,CP142614.1_4148,CP142623.1_1809,CP142623.1_2202,CP142623.1_2399
441678	4961	5073	intergenic	.	AP012548.1_2357,AP012548.1_2358,CP142614.1_2076,CP142623.1_54
441678	8705	8846	intergenic	.	AP012548.1_1702,CP142614.1_1704,CP142623.1_424,CP142623.1_711
441718	4007	4137	intergenic	.	CP142614.1_3859,CP142623.1_2491
441983	8140	8327	intergenic	.	AP012548.1_1304,AP012548.1_1305,CP003000.1_1278,CP142614.1_1022,CP142623.1_1106,CP142623.1_1107
442054	3805	3931	intergenic	.	AP012548.1_3523,CP142614.1_3251,CP142614.1_3252,CP142623.1_3104
442088	5222	5387	intergenic	.	AP012548.1_1222,CP001487.1_3143,CP142614.1_939,CP142623.1_1189,CP142623.1_1190,CP142623.1_3788
442557	6629	6932	intergenic	.	AP012548.1_1930,AP012548.1_2342,AP012548.1_2494,CP142614.1_1646,CP142614.1_2212,CP142623.1_4129,CP142623.1_482,CP142623.1_70
443160	436	650	intergenic	.	AP012548.1_3036,AP012548.1_3037,CP142614.1_2765,CP142614.1_2766,CP142623.1_3585,CP142623.1_3586
443276	1852	2054	intergenic	.	AP012548.1_2962,AP012548.1_2963,CP001487.1_1365,CP142614.1_2691,CP142614.1_2692
443493	1698	1814	intergenic	.	AP012548.1_3993,CP142614.1_3716,CP142614.1_3717,CP142623.1_2633
443617	15083	15277	intergenic	.	AP012548.1_3597,CP001487.1_735,CP003000.1_3361,CP003000.1_3362,CP142614.1_3325,CP142623.1_3030
443811	5365	5567	intergenic	.	AP012548.1_2613,CP142614.1_2332,CP142623.1_4008,CP142623.1_4009
443925	2467	2674	intergenic	.	AP012548.1_2017,CP001429.2_2025,CP001429.2_2026,CP001487.1_2348,CP003000.1_648,CP142614.1_1733,CP142623.1_394
444493	2930	3102	intergenic	.	AP012548.1_1288,CP142614.1_1005,CP142623.1_1123,CP142623.1_1124
444840	16694	16834	intergenic	.	AP012548.1_833,CP142614.1_551,CP142623.1_1581
445355	4595	5083	intergenic	.	AP012548.1_1869,AP012548.1_4047,CP001429.2_1877,CP142614.1_1585,CP142614.1_247,CP142614.1_3770,CP142614.1_378,CP142623.1_1752,CP142623.1_1884,CP142623.1_2579,CP142623.1_543
445604	67	295	intergenic	.	AP012548.1_720,CP001429.2_736,CP001429.2_737,CP001487.1_3626,CP003000.1_1822,CP142614.1_438,CP142623.1_1694
445733	1278	1356	intergenic	.	CP142614.1_284,CP142623.1_1847
445965	1541	1698	intergenic	.	AP012548.1_2610,CP142614.1_2329,CP142614.1_2330,CP142623.1_4012
446	355246	355324	intergenic	.	AP012548.1_3492
446793	75	320	1253	gene	AP012548.1_2809,CP001429.2_3332,CP001487.1_1034,CP001487.1_1516,CP142614.1_2538,CP142614.1_3025,CP142623.1_3813
446793	75	320	324	CDS	AP012548.1_2809,CP001429.2_3332,CP001487.1_1034,CP001487.1_1516,CP142614.1_2538,CP142614.1_3025,CP142623.1_3813
446793	75	320	324	exon	AP012548.1_2809,CP001429.2_3332,CP001487.1_1034,CP001487.1_1516,CP142614.1_2538,CP142614.1_3025,CP142623.1_3813
446793	75	320	324	mRNA	AP012548.1_2809,CP001429.2_3332,CP001487.1_1034,CP001487.1_1516,CP142614.1_2538,CP142614.1_3025,CP142623.1_3813
446793	75	320	90	start_codon	AP012548.1_2809,CP001429.2_3332,CP001487.1_1034,CP001487.1_1516,CP142614.1_2538,CP142614.1_3025,CP142623.1_3813
446793	75	87	intergenic	.	AP012548.1_2809,CP001429.2_3332,CP001487.1_1034,CP001487.1_1516,CP142614.1_2538,CP142614.1_3025,CP142623.1_3813
446888	8118	8196	intergenic	.	CP142614.1_3863,CP142623.1_2487
446965	9567	9764	intergenic	.	AP012548.1_385,AP012548.1_386,CP001429.2_389,CP142614.1_102,CP142614.1_103,CP142623.1_2023,CP142623.1_2024
447811	4261	4818	intergenic	.	AP012548.1_2145,AP012548.1_2704,AP012548.1_2729,AP012548.1_3839,CP001429.2_1840,CP001487.1_1620,CP142614.1_1862,CP142614.1_2423,CP142614.1_2448,CP142623.1_267,CP142623.1_2787,CP142623.1_3893,CP142623.1_3918
448449	1929	2059	intergenic	.	CP142623.1_1166
449149	1504	1699	intergenic	.	AP012548.1_2191,CP001429.2_2199,CP142614.1_1908,CP142623.1_221
450507	896	1172	intergenic	.	AP012548.1_458,CP001487.1_3893,CP142614.1_177,CP142614.1_178,CP142623.1_1950
450516	1771	1915	intergenic	.	CP142614.1_4213,CP142623.1_2136
450575	2869	2994	intergenic	.	AP012548.1_3485,CP142623.1_3141
450887	4502	4740	intergenic	.	AP012548.1_3631,AP012548.1_3632
451126	1093	1207	intergenic	.	AP012548.1_820,CP142614.1_538,CP142623.1_1594
451558	10357	10642	10587	CDS	AP012548.1_3574,CP001429.2_3618,CP001487.1_756,CP001487.1_757,CP142614.1_3302,CP142614.1_3303,CP142623.1_3052,CP142623.1_3053
451558	10357	10642	10587	exon	AP012548.1_3574,CP001429.2_3618,CP001487.1_756,CP001487.1_757,CP142614.1_3302,CP142614.1_3303,CP142623.1_3052,CP142623.1_3053
451558	10357	10642	22917	mRNA	AP012548.1_3574,CP001429.2_3618,CP001487.1_756,CP001487.1_757,CP142614.1_3302,CP142614.1_3303,CP142623.1_3052,CP142623.1_3053
451558	10357	10642	23065	gene	AP012548.1_3574,CP001429.2_3618,CP001487.1_756,CP001487.1_757,CP142614.1_3302,CP142614.1_3303,CP142623.1_3052,CP142623.1_3053
451698	1407	1607	intergenic	.	AP012548.1_2253,AP012548.1_2254,CP142614.1_1970,CP142614.1_1971,CP142623.1_158,CP142623.1_159
452184	1634	1713	intergenic	.	AP012548.1_1205,CP142614.1_922,CP142623.1_1206
452659	495	596	intergenic	.	AP012548.1_3655,CP142614.1_3382,CP142623.1_2972
454189	940	1122	intergenic	.	AP012548.1_1134,AP012548.1_1135,CP001487.1_3231,CP003000.1_1448,CP142614.1_853,CP142623.1_1277,CP142623.1_1278
458996	4560	5159	intergenic	.	AP012548.1_3660,AP012548.1_3661,AP012548.1_4189,AP012548.1_47,CP142614.1_3912,CP142614.1_3913,CP142614.1_3986,CP142614.1_3987,CP142623.1_2363,CP142623.1_2437,CP142623.1_2966,CP142623.1_2967
459	115561	115935	148621	gene	AP012548.1_2290,AP012548.1_2291,AP012548.1_3664,AP012548.1_3665,CP001429.2_2304,CP001487.1_2076,CP001487.1_667,CP142614.1_2007,CP142614.1_2008,CP142623.1_121,CP142623.1_122,CP142623.1_2961,CP142623.1_2962
459	115561	115935	148621	mRNA	AP012548.1_2290,AP012548.1_2291,AP012548.1_3664,AP012548.1_3665,CP001429.2_2304,CP001487.1_2076,CP001487.1_667,CP142614.1_2007,CP142614.1_2008,CP142623.1_121,CP142623.1_122,CP142623.1_2961,CP142623.1_2962
459352	933	1040	intergenic	.	CP001429.2_1551,CP001487.1_2821,CP142614.1_1260,CP142623.1_868
46	467187	467344	481769	gene	AP012548.1_399,CP001429.2_403,CP001487.1_3952,CP142614.1_116,CP142614.1_117,CP142623.1_2009,CP142623.1_2010
46	467187	467344	481769	mRNA	AP012548.1_399,CP001429.2_403,CP001487.1_3952,CP142614.1_116,CP142614.1_117,CP142623.1_2009,CP142623.1_2010
460100	323	428	intergenic	.	AP012548.1_1627,CP142623.1_785
460355	179	296	intergenic	.	AP012548.1_1368,CP001429.2_1374,CP142614.1_1085
461387	2762	2908	intergenic	.	CP001429.2_2425,CP001487.1_1956,CP003000.1_2167,CP142614.1_2129,CP142623.1_1,CP142623.1_3671
461410	694	930	intergenic	.	AP012548.1_347,CP001429.2_351,CP142614.1_64,CP142614.1_65,CP142623.1_2062
461952	173	248	intergenic	.	CP142614.1_2384,CP142623.1_3957
461952	504	574	intergenic	.	AP012548.1_18,AP012548.1_2664,AP012548.1_3807,CP001429.2_18,CP001487.1_93,CP001487.1_94,CP003000.1_17,CP142614.1_2383,CP142614.1_3530,CP142614.1_3957,CP142614.1_3958,CP142623.1_2392,CP142623.1_2393,CP142623.1_2819,CP142623.1_3958
461952	504	856	580	polyA_signal_sequence	AP012548.1_18,AP012548.1_2664,AP012548.1_3807,CP001429.2_18,CP001487.1_93,CP001487.1_94,CP003000.1_17,CP142614.1_2383,CP142614.1_3530,CP142614.1_3957,CP142614.1_3958,CP142623.1_2392,CP142623.1_2393,CP142623.1_2819,CP142623.1_3958
461952	504	856	610	stop_codon	AP012548.1_18,AP012548.1_2664,AP012548.1_3807,CP001429.2_18,CP001487.1_93,CP001487.1_94,CP003000.1_17,CP142614.1_2383,CP142614.1_3530,CP142614.1_3957,CP142614.1_3958,CP142623.1_2392,CP142623.1_2393,CP142623.1_2819,CP142623.1_3958
461952	504	856	856	CDS	AP012548.1_18,AP012548.1_2664,AP012548.1_3807,CP001429.2_18,CP001487.1_93,CP001487.1_94,CP003000.1_17,CP142614.1_2383,CP142614.1_3530,CP142614.1_3957,CP142614.1_3958,CP142623.1_2392,CP142623.1_2393,CP142623.1_2819,CP142623.1_3958
461952	504	856	856	exon	AP012548.1_18,AP012548.1_2664,AP012548.1_3807,CP001429.2_18,CP001487.1_93,CP001487.1_94,CP003000.1_17,CP142614.1_2383,CP142614.1_3530,CP142614.1_3957,CP142614.1_3958,CP142623.1_2392,CP142623.1_2393,CP142623.1_2819,CP142623.1_3958
461952	504	856	856	gene	AP012548.1_18,AP012548.1_2664,AP012548.1_3807,CP001429.2_18,CP001487.1_93,CP001487.1_94,CP003000.1_17,CP142614.1_2383,CP142614.1_3530,CP142614.1_3957,CP142614.1_3958,CP142623.1_2392,CP142623.1_2393,CP142623.1_2819,CP142623.1_3958
461952	504	856	856	mRNA	AP012548.1_18,AP012548.1_2664,AP012548.1_3807,CP001429.2_18,CP001487.1_93,CP001487.1_94,CP003000.1_17,CP142614.1_2383,CP142614.1_3530,CP142614.1_3957,CP142614.1_3958,CP142623.1_2392,CP142623.1_2393,CP142623.1_2819,CP142623.1_3958
461952	504	856	856	start_codon	AP012548.1_18,AP012548.1_2664,AP012548.1_3807,CP001429.2_18,CP001487.1_93,CP001487.1_94,CP003000.1_17,CP142614.1_2383,CP142614.1_3530,CP142614.1_3957,CP142614.1_3958,CP142623.1_2392,CP142623.1_2393,CP142623.1_2819,CP142623.1_3958
463721	286	565	intergenic	.	AP012548.1_2906,AP012548.1_501,CP001487.1_3851,CP003000.1_1995,CP142614.1_219,CP142614.1_2634,CP142614.1_2635,CP142623.1_3718
464362	1838	2094	intergenic	.	AP012548.1_3035,CP001429.2_2020,CP142614.1_1728,CP142614.1_2764,CP142623.1_3587
466580	163	264	intergenic	.	AP012548.1_695,CP142614.1_413,CP142623.1_1718
469853	798	892	intergenic	.	AP012548.1_1308,CP003000.1_1275,CP142614.1_1025,CP142623.1_1103
470	419	623	intergenic	.	AP012548.1_3414,AP012548.1_3415,CP142614.1_3144,CP142614.1_3145,CP142623.1_3209,CP142623.1_3210
472	5837	6107	intergenic	.	AP012548.1_1465,AP012548.1_3437,CP001429.2_1472,CP001487.1_2899,CP001487.1_2900,CP003000.1_1121,CP142614.1_1182,CP142614.1_3165,CP142623.1_3189,CP142623.1_946,CP142623.1_947
473	142887	142979	intergenic	.	AP012548.1_4214,CP142614.1_3937,CP142623.1_2413
474535	3598	3736	intergenic	.	AP012548.1_2166,CP001429.2_2175,CP142614.1_1883,CP142623.1_245
474562	1459	1601	intergenic	.	AP012548.1_3101,CP142614.1_2830,CP142623.1_3520,CP142623.1_3521
476031	218	407	intergenic	.	AP012548.1_3566,CP142614.1_3295,CP142623.1_3060
476146	8885	9246	intergenic	.	AP012548.1_2798,CP001487.1_2111,CP142614.1_1972,CP142614.1_2517,CP142623.1_3824
476168	15620	15732	intergenic	.	AP012548.1_2898,CP142614.1_2627,CP142623.1_3726
476544	751	949	intergenic	.	AP012548.1_1685,AP012548.1_1686,CP001487.1_2679,CP142614.1_1401,CP142614.1_1402,CP142623.1_727,CP142623.1_728
476608	4780	5211	intergenic	.	AP012548.1_1339,AP012548.1_1340,CP001487.1_3024,CP003000.1_589,CP142614.1_1056,CP142614.1_1057,CP142614.1_1058,CP142614.1_1794,CP142623.1_1071,CP142623.1_1072,CP142623.1_334
477282	2187	2415	intergenic	.	AP012548.1_3670,AP012548.1_498,CP001429.2_503,CP142614.1_216,CP142614.1_3393,CP142623.1_1910,CP142623.1_2956
477861	1033	1357	intergenic	.	AP012548.1_3141,AP012548.1_3142,AP012548.1_3143,CP001487.1_1185,CP142614.1_2870,CP142614.1_2871,CP142623.1_3479,CP142623.1_3480,CP142623.1_3481
477918	6130	6299	12145	gene	AP012548.1_53,CP142614.1_3993,CP142623.1_2357
477918	6130	6299	12145	mRNA	AP012548.1_53,CP142614.1_3993,CP142623.1_2357
477944	10865	11413	intergenic	.	AP012548.1_1624,AP012548.1_1625,AP012548.1_3843,CP001429.2_1630,CP001487.1_2742,CP142614.1_1340,CP142614.1_1341,CP142614.1_3080,CP142623.1_2783,CP142623.1_787,CP142623.1_788
478054	185	366	intergenic	.	AP012548.1_1198,AP012548.1_2997,CP142614.1_2726
478161	992	1207	intergenic	.	AP012548.1_2269,AP012548.1_2270,CP001429.2_2284,CP001487.1_2097,CP142614.1_1987,CP142623.1_142
479263	7325	7438	intergenic	.	AP012548.1_2558
480026	8057	8227	intergenic	.	AP012548.1_3185,CP142614.1_2914,CP142623.1_3435
480407	430	534	intergenic	.	AP012548.1_148,CP142614.1_4088,CP142623.1_2262
480629	4460	4665	intergenic	.	AP012548.1_3161,CP142614.1_2889,CP142614.1_2890,CP142623.1_3459
481213	1449	1554	intergenic	.	AP012548.1_389,CP142614.1_107,CP142623.1_2019
482189	2371	2521	intergenic	.	AP012548.1_1722,CP001487.1_2643,CP142614.1_1438,CP142623.1_691
482362	1208	1549	intergenic	.	AP012548.1_34,AP012548.1_35,CP142614.1_3973,CP142623.1_2375,CP142623.1_2376
482785	0	77	intergenic	.	AP012548.1_2418,CP142614.1_2137,CP142623.1_4204
482828	27	138	intergenic	.	CP142614.1_2396,CP142623.1_3945
483056	456	618	intergenic	.	AP012548.1_1300,AP012548.1_1301,CP142614.1_1017,CP142614.1_1018,CP142623.1_1110,CP142623.1_1111
484076	1125	1339	intergenic	.	AP012548.1_191,CP142614.1_4130,CP142614.1_4131,CP142623.1_2219,CP142623.1_2220
484415	1771	2010	intergenic	.	AP012548.1_3353,AP012548.1_3354,CP142614.1_3083,CP142614.1_3084,CP142623.1_3270,CP142623.1_3271
484924	4219	4488	intergenic	.	AP012548.1_2018,CP001487.1_2131,CP001487.1_2348,CP142614.1_1734,CP142614.1_1953
485964	134	339	intergenic	.	AP012548.1_2468,CP142614.1_2187,CP142614.1_684,CP142623.1_1447,CP142623.1_4154
487399	1789	2109	intergenic	.	AP012548.1_2251,AP012548.1_346,CP001487.1_2116,CP003000.1_432,CP142614.1_1968,CP142614.1_63,CP142614.1_64,CP142623.1_161,CP142623.1_2063
487653	634	1003	intergenic	.	AP012548.1_3542,AP012548.1_3543,AP012548.1_3544,CP001487.1_789,CP142614.1_3271,CP142614.1_3272,CP142623.1_3083,CP142623.1_3084
488183	1062	1260	intergenic	.	AP012548.1_2743,AP012548.1_4200,CP001487.1_1582,CP142614.1_2462,CP142614.1_3923,CP142623.1_2426,CP142623.1_2427,CP142623.1_3879
490	3262	3534	21796	gene	AP012548.1_3393,CP142614.1_3123,CP142623.1_1164,CP142623.1_3231
490	3262	3534	21796	mRNA	AP012548.1_3393,CP142614.1_3123,CP142623.1_1164,CP142623.1_3231
490	75849	75980	intergenic	.	AP012548.1_1635,AP012548.1_1636,CP142614.1_1352,CP142623.1_777
490197	962	1039	intergenic	.	AP012548.1_856
490366	132	489	intergenic	.	AP012548.1_2947,AP012548.1_819,CP001487.1_143,CP142614.1_536,CP142614.1_537,CP142623.1_1595,CP142623.1_3676
490366	709	1083	intergenic	.	AP012548.1_2948,AP012548.1_4184,CP001429.2_2985,CP142614.1_2676,CP142614.1_2677,CP142623.1_3675
492476	1718	2297	intergenic	.	AP012548.1_1648,AP012548.1_1649,AP012548.1_1650,AP012548.1_1651,CP001429.2_1656,CP001487.1_2716,CP001487.1_2718,CP142614.1_1364,CP142614.1_1366,CP142614.1_1367,CP142623.1_761,CP142623.1_762,CP142623.1_763,CP142623.1_764
493219	273	524	intergenic	.	AP012548.1_1552,CP001429.2_781,CP001487.1_3573,CP142614.1_491,CP142623.1_1640,CP142623.1_859
493219	883	1134	intergenic	.	AP012548.1_773,AP012548.1_774,CP001487.1_2813,CP142614.1_1269,CP142614.1_492,CP142623.1_1641
496078	944	1169	intergenic	.	AP012548.1_3050,AP012548.1_3051,CP001429.2_3088,CP142614.1_2779,CP142614.1_2780,CP142623.1_3571,CP142623.1_3572
497676	788	870	intergenic	.	AP012548.1_1846,CP142623.1_567
498334	3096	3201	intergenic	.	AP012548.1_3788,CP003000.1_3543,CP142614.1_3511,CP142623.1_2838
498420	2307	2423	intergenic	.	AP012548.1_1207,AP012548.1_1208,CP142614.1_924,CP142614.1_925,CP142623.1_1204
498516	1158	1256	intergenic	.	AP012548.1_1402,CP142614.1_1119,CP142623.1_1009
499681	1840	2003	intergenic	.	AP012548.1_556,CP001487.1_2336,CP142614.1_274,CP142623.1_1857
499716	2594	2793	intergenic	.	AP012548.1_3331,CP001487.1_999,CP142614.1_3062,CP142623.1_3293
499737	304	443	intergenic	.	CP142614.1_4069
500604	777	855	intergenic	.	AP012548.1_565,CP142614.1_282,CP142623.1_1849
500614	5082	5176	intergenic	.	AP012548.1_1475,CP142614.1_1192,CP142623.1_936
500877	1009	1226	intergenic	.	AP012548.1_1251,AP012548.1_1578,AP012548.1_1579,CP001487.1_3114,CP142614.1_1295,CP142614.1_1296,CP142614.1_968,CP142623.1_1161,CP142623.1_833
500891	2612	2773	5500	gene	AP012548.1_3502,CP001429.2_3545,CP001429.2_3546,CP003000.1_3267,CP142614.1_3230,CP142623.1_3125
500891	2612	2773	5500	mRNA	AP012548.1_3502,CP001429.2_3545,CP001429.2_3546,CP003000.1_3267,CP142614.1_3230,CP142623.1_3125
501288	6656	6772	intergenic	.	AP012548.1_3518
501350	19245	19431	intergenic	.	AP012548.1_2810,AP012548.1_2811,CP001429.2_2844,CP001487.1_1514,CP003000.1_2600,CP142614.1_2539,CP142614.1_2540,CP142623.1_3811,CP142623.1_3812
501378	23090	23281	intergenic	.	AP012548.1_1265,AP012548.1_1266,CP142614.1_982,CP142614.1_983,CP142623.1_1145,CP142623.1_1146
501437	2502	2730	intergenic	.	AP012548.1_1834,CP001487.1_2530,CP142614.1_1550,CP142614.1_1935,CP142614.1_1936,CP142623.1_193,CP142623.1_578
501487	8234	8426	intergenic	.	AP012548.1_52,CP142614.1_3991,CP142614.1_3992,CP142623.1_2358
501495	7348	7682	intergenic	.	AP012548.1_3837,AP012548.1_3838,CP142614.1_3425,CP142614.1_3560,CP142614.1_3561,CP142623.1_2788,CP142623.1_2789,CP142623.1_2923
501604	7851	7972	intergenic	.	AP012548.1_2992,CP142614.1_2721,CP142623.1_3631
501746	5295	5439	intergenic	.	AP012548.1_2178,CP001487.1_563,CP142614.1_1894,CP142614.1_3492,CP142623.1_234
502273	8848	8961	intergenic	.	AP012548.1_3131,CP142623.1_3491
502452	7899	8058	intergenic	.	AP012548.1_1379,CP001487.1_2986,CP142614.1_1096,CP142614.1_1097,CP142623.1_1032
502707	720	1098	5634	gene	AP012548.1_1176,AP012548.1_1177,AP012548.1_1178,CP001487.1_3188,CP001487.1_3189,CP142614.1_893,CP142614.1_894,CP142614.1_895,CP142623.1_1234,CP142623.1_1235,CP142623.1_1236
502707	720	1098	5634	mRNA	AP012548.1_1176,AP012548.1_1177,AP012548.1_1178,CP001487.1_3188,CP001487.1_3189,CP142614.1_893,CP142614.1_894,CP142614.1_895,CP142623.1_1234,CP142623.1_1235,CP142623.1_1236
502707	720	1098	814	polyA_signal_sequence	AP012548.1_1176,AP012548.1_1177,AP012548.1_1178,CP001487.1_3188,CP001487.1_3189,CP142614.1_893,CP142614.1_894,CP142614.1_895,CP142623.1_1234,CP142623.1_1235,CP142623.1_1236
502707	720	1098	843	stop_codon	AP012548.1_1176,AP012548.1_1177,AP012548.1_1178,CP001487.1_3188,CP001487.1_3189,CP142614.1_893,CP142614.1_894,CP142614.1_895,CP142623.1_1234,CP142623.1_1235,CP142623.1_1236
502707	720	1098	894	CDS	AP012548.1_1176,AP012548.1_1177,AP012548.1_1178,CP001487.1_3188,CP001487.1_3189,CP142614.1_893,CP142614.1_894,CP142614.1_895,CP142623.1_1234,CP142623.1_1235,CP142623.1_1236
502707	720	1098	894	exon	AP012548.1_1176,AP012548.1_1177,AP012548.1_1178,CP001487.1_3188,CP001487.1_3189,CP142614.1_893,CP142614.1_894,CP142614.1_895,CP142623.1_1234,CP142623.1_1235,CP142623.1_1236
502707	720	808	intergenic	.	AP012548.1_1176,AP012548.1_1177,AP012548.1_1178,CP001487.1_3188,CP001487.1_3189,CP142614.1_893,CP142614.1_894,CP142614.1_895,CP142623.1_1234,CP142623.1_1235,CP142623.1_1236
503	52703	52797	intergenic	.	AP012548.1_312,CP142623.1_2097
504876	8260	8348	intergenic	.	AP012548.1_37,CP001487.1_75,CP142614.1_3976
505336	30	187	intergenic	.	AP012548.1_2401,AP012548.1_2402,AP012548.1_2404,AP012548.1_2405,CP001429.2_2416,CP001429.2_2418,CP001429.2_2419,CP001487.1_1962,CP001487.1_1965,CP003000.1_2158,CP003000.1_2160,CP003000.1_2161,CP142614.1_2120,CP142614.1_2121,CP142614.1_2123,CP142623.1_10,CP142623.1_7,CP142623.1_8
505336	30	680	1272	gene	AP012548.1_2401,AP012548.1_2402,AP012548.1_2404,AP012548.1_2405,CP001429.2_2416,CP001429.2_2418,CP001429.2_2419,CP001487.1_1962,CP001487.1_1965,CP003000.1_2158,CP003000.1_2160,CP003000.1_2161,CP142614.1_2120,CP142614.1_2121,CP142614.1_2123,CP142623.1_10,CP142623.1_7,CP142623.1_8
505336	30	680	1272	mRNA	AP012548.1_2401,AP012548.1_2402,AP012548.1_2404,AP012548.1_2405,CP001429.2_2416,CP001429.2_2418,CP001429.2_2419,CP001487.1_1962,CP001487.1_1965,CP003000.1_2158,CP003000.1_2160,CP003000.1_2161,CP142614.1_2120,CP142614.1_2121,CP142614.1_2123,CP142623.1_10,CP142623.1_7,CP142623.1_8
505336	30	680	190	stop_codon	AP012548.1_2401,AP012548.1_2402,AP012548.1_2404,AP012548.1_2405,CP001429.2_2416,CP001429.2_2418,CP001429.2_2419,CP001487.1_1962,CP001487.1_1965,CP003000.1_2158,CP003000.1_2160,CP003000.1_2161,CP142614.1_2120,CP142614.1_2121,CP142614.1_2123,CP142623.1_10,CP142623.1_7,CP142623.1_8
505336	30	680	423	CDS	AP012548.1_2401,AP012548.1_2402,AP012548.1_2404,AP012548.1_2405,CP001429.2_2416,CP001429.2_2418,CP001429.2_2419,CP001487.1_1962,CP001487.1_1965,CP003000.1_2158,CP003000.1_2160,CP003000.1_2161,CP142614.1_2120,CP142614.1_2121,CP142614.1_2123,CP142623.1_10,CP142623.1_7,CP142623.1_8
505336	30	680	423	exon	AP012548.1_2401,AP012548.1_2402,AP012548.1_2404,AP012548.1_2405,CP001429.2_2416,CP001429.2_2418,CP001429.2_2419,CP001487.1_1962,CP001487.1_1965,CP003000.1_2158,CP003000.1_2160,CP003000.1_2161,CP142614.1_2120,CP142614.1_2121,CP142614.1_2123,CP142623.1_10,CP142623.1_7,CP142623.1_8
505336	1109	1346	1272	CDS	AP012548.1_2408,CP001429.2_2422,CP001429.2_2423,CP001487.1_1958,CP001487.1_1959,CP003000.1_2164,CP003000.1_2165,CP142614.1_2126,CP142623.1_3,CP142623.1_4
505336	1109	1346	1272	exon	AP012548.1_2408,CP001429.2_2422,CP001429.2_2423,CP001487.1_1958,CP001487.1_1959,CP003000.1_2164,CP003000.1_2165,CP142614.1_2126,CP142623.1_3,CP142623.1_4
505336	1109	1346	1272	gene	AP012548.1_2408,CP001429.2_2422,CP001429.2_2423,CP001487.1_1958,CP001487.1_1959,CP003000.1_2164,CP003000.1_2165,CP142614.1_2126,CP142623.1_3,CP142623.1_4
505336	1109	1346	1272	mRNA	AP012548.1_2408,CP001429.2_2422,CP001429.2_2423,CP001487.1_1958,CP001487.1_1959,CP003000.1_2164,CP003000.1_2165,CP142614.1_2126,CP142623.1_3,CP142623.1_4
505336	1109	1346	1272	start_codon	AP012548.1_2408,CP001429.2_2422,CP001429.2_2423,CP001487.1_1958,CP001487.1_1959,CP003000.1_2164,CP003000.1_2165,CP142614.1_2126,CP142623.1_3,CP142623.1_4
505336	1272	1346	intergenic	.	AP012548.1_2408,CP001429.2_2422,CP001429.2_2423,CP001487.1_1958,CP001487.1_1959,CP003000.1_2164,CP003000.1_2165,CP142614.1_2126,CP142623.1_3,CP142623.1_4
505505	321	442	intergenic	.	CP142623.1_1468
505505	869	1083	intergenic	.	AP012548.1_944,AP012548.1_945,CP142614.1_663
505759	16	219	intergenic	.	AP012548.1_3494,CP142614.1_3221,CP142614.1_3222,CP142623.1_3133
505841	2250	2331	intergenic	.	AP012548.1_464,CP003000.1_411,CP142614.1_182,CP142623.1_1944
506599	5105	5258	intergenic	.	AP012548.1_581,CP001429.2_593,CP001487.1_3764,CP003000.1_1916,CP142614.1_298,CP142614.1_299,CP142623.1_1832
506817	57617	57883	intergenic	.	AP012548.1_1093,CP001429.2_1082,CP001487.1_3272,CP003000.1_1490,CP142614.1_812,CP142623.1_1318,CP142623.1_1319
507356	2379	2618	intergenic	.	AP012548.1_3107,AP012548.1_3108,CP142614.1_2836,CP142623.1_3515
508321	2668	2818	intergenic	.	AP012548.1_1102,AP012548.1_1103,CP142614.1_821,CP142614.1_822,CP142623.1_1309
508964	6485	6599	intergenic	.	CP001487.1_3886,CP142614.1_184,CP142623.1_1943
508966	596	868	814	CDS	AP012548.1_2094,CP003000.1_572,CP142614.1_1811,CP142614.1_1812,CP142623.1_317
508966	596	868	814	exon	AP012548.1_2094,CP003000.1_572,CP142614.1_1811,CP142614.1_1812,CP142623.1_317
508966	596	868	814	gene	AP012548.1_2094,CP003000.1_572,CP142614.1_1811,CP142614.1_1812,CP142623.1_317
508966	596	868	814	mRNA	AP012548.1_2094,CP003000.1_572,CP142614.1_1811,CP142614.1_1812,CP142623.1_317
508966	596	868	814	start_codon	AP012548.1_2094,CP003000.1_572,CP142614.1_1811,CP142614.1_1812,CP142623.1_317
508966	814	868	intergenic	.	AP012548.1_2094,CP003000.1_572,CP142614.1_1811,CP142614.1_1812,CP142623.1_317
509048	765	938	intergenic	.	AP012548.1_2186,AP012548.1_2187,CP001487.1_2179,CP142614.1_1903,CP142623.1_225
509469	379	505	intergenic	.	AP012548.1_4153
509480	846	1063	intergenic	.	AP012548.1_1758,AP012548.1_1759,CP001487.1_2606,CP003000.1_894,CP142614.1_1474,CP142614.1_1475,CP142623.1_654,CP142623.1_655
510282	9523	9916	19921	mRNA	AP012548.1_1306,AP012548.1_1307,AP012548.1_621,CP001429.2_1313,CP001429.2_633,CP001487.1_3058,CP001487.1_3724,CP003000.1_1877,CP142614.1_1023,CP142614.1_1024,CP142614.1_338,CP142623.1_1104,CP142623.1_1105,CP142623.1_1792,CP142623.1_1793
510282	9523	9916	20122	gene	AP012548.1_1306,AP012548.1_1307,AP012548.1_621,CP001429.2_1313,CP001429.2_633,CP001487.1_3058,CP001487.1_3724,CP003000.1_1877,CP142614.1_1023,CP142614.1_1024,CP142614.1_338,CP142623.1_1104,CP142623.1_1105,CP142623.1_1792,CP142623.1_1793
510282	9523	9916	9696	CDS	AP012548.1_1306,AP012548.1_1307,AP012548.1_621,CP001429.2_1313,CP001429.2_633,CP001487.1_3058,CP001487.1_3724,CP003000.1_1877,CP142614.1_1023,CP142614.1_1024,CP142614.1_338,CP142623.1_1104,CP142623.1_1105,CP142623.1_1792,CP142623.1_1793
510282	9523	9916	9696	exon	AP012548.1_1306,AP012548.1_1307,AP012548.1_621,CP001429.2_1313,CP001429.2_633,CP001487.1_3058,CP001487.1_3724,CP003000.1_1877,CP142614.1_1023,CP142614.1_1024,CP142614.1_338,CP142623.1_1104,CP142623.1_1105,CP142623.1_1792,CP142623.1_1793
510346	8002	8424	intergenic	.	AP012548.1_1235,AP012548.1_1236,AP012548.1_1237,CP001429.2_1241,CP001487.1_3128,CP001487.1_3130,CP003000.1_1347,CP142614.1_952,CP142614.1_953,CP142614.1_954,CP142623.1_1174,CP142623.1_1175,CP142623.1_1176
510392	4149	4256	8196	gene	AP012548.1_3767,CP142614.1_3490,CP142623.1_2859
510392	4149	4256	8196	mRNA	AP012548.1_3767,CP142614.1_3490,CP142623.1_2859
510413	98	344	intergenic	.	CP142614.1_4178,CP142623.1_2174
512563	3820	4370	intergenic	.	AP012548.1_1937,AP012548.1_3620,CP142614.1_1653,CP142614.1_3348,CP142614.1_3349,CP142623.1_3007,CP142623.1_3008,CP142623.1_476
513133	1699	1929	intergenic	.	AP012548.1_3207,AP012548.1_745,CP001429.2_761,CP001487.1_1122,CP142614.1_2935,CP142623.1_3413
513779	2318	2448	intergenic	.	AP012548.1_2472,CP142614.1_2191,CP142623.1_4150
513792	2551	2748	intergenic	.	AP012548.1_124,CP142614.1_2799,CP142614.1_4063,CP142623.1_2287,CP142623.1_3551
514260	1281	1421	intergenic	.	AP012548.1_3410,CP142614.1_3140,CP142623.1_3214
515	49345	49708	49520	CDS	AP012548.1_202,AP012548.1_203,AP012548.1_204,CP142614.1_4142,CP142614.1_4143,CP142623.1_2206,CP142623.1_2207,CP142623.1_2208
515	49345	49708	49520	exon	AP012548.1_202,AP012548.1_203,AP012548.1_204,CP142614.1_4142,CP142614.1_4143,CP142623.1_2206,CP142623.1_2207,CP142623.1_2208
515	49345	49708	49520	mRNA	AP012548.1_202,AP012548.1_203,AP012548.1_204,CP142614.1_4142,CP142614.1_4143,CP142623.1_2206,CP142623.1_2207,CP142623.1_2208
515	49345	49708	49520	stop_codon	AP012548.1_202,AP012548.1_203,AP012548.1_204,CP142614.1_4142,CP142614.1_4143,CP142623.1_2206,CP142623.1_2207,CP142623.1_2208
515	49345	49708	49584	gene	AP012548.1_202,AP012548.1_203,AP012548.1_204,CP142614.1_4142,CP142614.1_4143,CP142623.1_2206,CP142623.1_2207,CP142623.1_2208
515	49345	49708	49584	polyA_signal_sequence	AP012548.1_202,AP012548.1_203,AP012548.1_204,CP142614.1_4142,CP142614.1_4143,CP142623.1_2206,CP142623.1_2207,CP142623.1_2208
515	49584	49708	intergenic	.	AP012548.1_202,AP012548.1_203,AP012548.1_204,CP142614.1_4142,CP142614.1_4143,CP142623.1_2206,CP142623.1_2207,CP142623.1_2208
515157	561	797	intergenic	.	AP012548.1_1173,AP012548.1_1174,CP142614.1_890,CP142614.1_891,CP142623.1_1238
515352	1392	1597	intergenic	.	AP012548.1_139,AP012548.1_140,CP142614.1_302,CP142614.1_4079,CP142614.1_4080,CP142623.1_2270,CP142623.1_2271
515461	281	428	intergenic	.	AP012548.1_3168,CP142614.1_2897,CP142623.1_3452
515663	5946	6085	intergenic	.	AP012548.1_847,CP142614.1_564,CP142623.1_1567
516095	4591	4666	intergenic	.	AP012548.1_1665,CP001487.1_2700
516246	503	658	intergenic	.	CP001487.1_301,CP142614.1_3753,CP142623.1_2597
516987	1579	1823	intergenic	.	AP012548.1_533,CP142614.1_1268,CP142614.1_251,CP142614.1_252,CP142623.1_1879
517217	3191	3435	intergenic	.	AP012548.1_334,AP012548.1_335,CP001429.2_338,CP142614.1_51,CP142614.1_52,CP142623.1_2073,CP142623.1_2074
517451	1374	1506	intergenic	.	AP012548.1_765,CP001487.1_3582,CP142614.1_483,CP142623.1_1649
517553	778	930	intergenic	.	AP012548.1_3349,CP142614.1_3079,CP142614.1_3080,CP142623.1_3275
518033	741	974	intergenic	.	AP012548.1_545,AP012548.1_546,CP001487.1_3799,CP003000.1_1942,CP142614.1_263,CP142623.1_1868
519200	3001	3126	intergenic	.	CP142623.1_3368
519462	4681	4810	intergenic	.	AP012548.1_2882,AP012548.1_499,CP142614.1_217
519493	9847	9967	intergenic	.	AP012548.1_2115,CP001487.1_2251,CP142614.1_1832,CP142623.1_297
520504	1396	1609	intergenic	.	AP012548.1_923,CP001429.2_741,CP003000.1_1817
520746	569	712	intergenic	.	AP012548.1_1007
520803	452	776	intergenic	.	AP012548.1_2919,AP012548.1_2920,CP001429.2_2957,CP001487.1_1406,CP003000.1_2701,CP142614.1_2648,CP142614.1_2649,CP142623.1_3703,CP142623.1_3704,CP142623.1_3705
521	37155	37281	51802	mRNA	AP012548.1_3586,CP142623.1_3041
521	37155	37281	51959	gene	AP012548.1_3586,CP142623.1_3041
524	205256	205809	205385	CDS	AP012548.1_1314,AP012548.1_1315,AP012548.1_2111,AP012548.1_3104,AP012548.1_426,CP001429.2_3141,CP001487.1_2254,CP001487.1_3050,CP003000.1_555,CP142614.1_1031,CP142614.1_1032,CP142614.1_1828,CP142614.1_2832,CP142614.1_2833,CP142623.1_1097,CP142623.1_300,CP142623.1_3517,CP142623.1_3518
524	205256	205809	205385	exon	AP012548.1_1314,AP012548.1_1315,AP012548.1_2111,AP012548.1_3104,AP012548.1_426,CP001429.2_3141,CP001487.1_2254,CP001487.1_3050,CP003000.1_555,CP142614.1_1031,CP142614.1_1032,CP142614.1_1828,CP142614.1_2832,CP142614.1_2833,CP142623.1_1097,CP142623.1_300,CP142623.1_3517,CP142623.1_3518
524	205256	205809	205385	gene	AP012548.1_1314,AP012548.1_1315,AP012548.1_2111,AP012548.1_3104,AP012548.1_426,CP001429.2_3141,CP001487.1_2254,CP001487.1_3050,CP003000.1_555,CP142614.1_1031,CP142614.1_1032,CP142614.1_1828,CP142614.1_2832,CP142614.1_2833,CP142623.1_1097,CP142623.1_300,CP142623.1_3517,CP142623.1_3518
524	205256	205809	205385	mRNA	AP012548.1_1314,AP012548.1_1315,AP012548.1_2111,AP012548.1_3104,AP012548.1_426,CP001429.2_3141,CP001487.1_2254,CP001487.1_3050,CP003000.1_555,CP142614.1_1031,CP142614.1_1032,CP142614.1_1828,CP142614.1_2832,CP142614.1_2833,CP142623.1_1097,CP142623.1_300,CP142623.1_3517,CP142623.1_3518
524	205256	205809	205385	start_codon	AP012548.1_1314,AP012548.1_1315,AP012548.1_2111,AP012548.1_3104,AP012548.1_426,CP001429.2_3141,CP001487.1_2254,CP001487.1_3050,CP003000.1_555,CP142614.1_1031,CP142614.1_1032,CP142614.1_1828,CP142614.1_2832,CP142614.1_2833,CP142623.1_1097,CP142623.1_300,CP142623.1_3517,CP142623.1_3518
524	205256	205809	205457	polyA_signal_sequence	AP012548.1_1314,AP012548.1_1315,AP012548.1_2111,AP012548.1_3104,AP012548.1_426,CP001429.2_3141,CP001487.1_2254,CP001487.1_3050,CP003000.1_555,CP142614.1_1031,CP142614.1_1032,CP142614.1_1828,CP142614.1_2832,CP142614.1_2833,CP142623.1_1097,CP142623.1_300,CP142623.1_3517,CP142623.1_3518
524	205256	205809	210557	gene	AP012548.1_1314,AP012548.1_1315,AP012548.1_2111,AP012548.1_3104,AP012548.1_426,CP001429.2_3141,CP001487.1_2254,CP001487.1_3050,CP003000.1_555,CP142614.1_1031,CP142614.1_1032,CP142614.1_1828,CP142614.1_2832,CP142614.1_2833,CP142623.1_1097,CP142623.1_300,CP142623.1_3517,CP142623.1_3518
524	205385	205451	intergenic	.	AP012548.1_1314,AP012548.1_1315,AP012548.1_2111,AP012548.1_3104,AP012548.1_426,CP001429.2_3141,CP001487.1_2254,CP001487.1_3050,CP003000.1_555,CP142614.1_1031,CP142614.1_1032,CP142614.1_1828,CP142614.1_2832,CP142614.1_2833,CP142623.1_1097,CP142623.1_300,CP142623.1_3517,CP142623.1_3518
527	19263	19520	intergenic	.	AP012548.1_1568,AP012548.1_1569,CP001487.1_2797,CP142614.1_1285,CP142614.1_1286,CP142623.1_843
527362	586	875	intergenic	.	AP012548.1_889,CP001487.1_3457,CP003000.1_1656,CP142614.1_606,CP142614.1_607,CP142623.1_1524,CP142623.1_1525,CP142623.1_1526
528	184020	184169	intergenic	.	AP012548.1_258,CP142614.1_4197,CP142623.1_2151
528035	959	1283	intergenic	.	AP012548.1_1185,AP012548.1_1643,CP001487.1_2723,CP003000.1_3706,CP142614.1_1359,CP142614.1_902,CP142623.1_1226,CP142623.1_769,CP142623.1_770
529577	138	328	intergenic	.	AP012548.1_3251,CP142614.1_2980,CP142623.1_3374
529648	5288	5644	intergenic	.	AP012548.1_909,AP012548.1_910,CP001487.1_3436,CP001487.1_3437,CP003000.1_1635,CP003000.1_1636,CP142614.1_627,CP142614.1_628,CP142623.1_1503,CP142623.1_1504,CP142623.1_1505
531869	5406	5577	intergenic	.	AP012548.1_2436,CP001487.1_1931,CP142614.1_2155,CP142623.1_4186
532337	10578	10904	intergenic	.	AP012548.1_3351,CP142614.1_3081,CP142623.1_3273,CP142623.1_3275
533	11947	12256	intergenic	.	AP012548.1_235,CP142614.1_2926,CP142614.1_4175,CP142623.1_3423
533	11947	12388	12262	polyA_signal_sequence	AP012548.1_235,CP142614.1_2926,CP142614.1_4175,CP142623.1_3423
533	11947	12388	12286	stop_codon	AP012548.1_235,CP142614.1_2926,CP142614.1_4175,CP142623.1_3423
533	11947	12388	12305	CDS	AP012548.1_235,CP142614.1_2926,CP142614.1_4175,CP142623.1_3423
533	11947	12388	12305	exon	AP012548.1_235,CP142614.1_2926,CP142614.1_4175,CP142623.1_3423
533	11947	12388	34662	gene	AP012548.1_235,CP142614.1_2926,CP142614.1_4175,CP142623.1_3423
533	11947	12388	34662	mRNA	AP012548.1_235,CP142614.1_2926,CP142614.1_4175,CP142623.1_3423
533	79921	80014	140610	gene	CP142614.1_3521
533	79921	80014	140610	mRNA	CP142614.1_3521
533032	4301	4419	intergenic	.	CP142614.1_2184,CP142623.1_4157
536438	1153	1231	intergenic	.	CP142623.1_405
536489	177	254	intergenic	.	CP003000.1_2602,CP142614.1_2542,CP142623.1_3809
538937	412	573	intergenic	.	AP012548.1_1663,CP142614.1_1378,CP142614.1_1379,CP142623.1_750
539077	662	783	intergenic	.	AP012548.1_3621,CP142614.1_3350,CP142623.1_3005
539536	1210	1526	intergenic	.	AP012548.1_2195,CP001487.1_34,CP142614.1_4017,CP142623.1_217,CP142623.1_2333
54	393609	393724	intergenic	.	AP012548.1_1792,CP142614.1_1507,CP142623.1_621
543346	863	1040	intergenic	.	AP012548.1_2697,CP142614.1_2416,CP142623.1_3924,CP142623.1_3925
544	26049	26140	26479	mRNA	CP001487.1_705
544	26049	26140	26707	gene	CP001487.1_705
548149	1299	1415	intergenic	.	AP012548.1_1565,CP001487.1_2800,CP142614.1_1282,CP142623.1_846
55	349582	350228	intergenic	.	AP012548.1_2309,AP012548.1_2591,AP012548.1_623,CP001487.1_2057,CP001487.1_3722,CP142614.1_2026,CP142614.1_340,CP142614.1_341,CP142614.1_928,CP142623.1_103,CP142623.1_1791
550604	7448	7585	intergenic	.	AP012548.1_911,CP001487.1_3435,CP142614.1_629,CP142623.1_1502
550758	2428	2547	intergenic	.	AP012548.1_2748,CP142614.1_2467
556	139251	139404	154503	mRNA	AP012548.1_2146,CP142614.1_1863,CP142623.1_266
556	139251	139404	154786	gene	AP012548.1_2146,CP142614.1_1863,CP142623.1_266
561	61132	61311	80524	mRNA	AP012548.1_804,AP012548.1_805,CP142614.1_522,CP142623.1_1609
561	61132	61311	82494	gene	AP012548.1_804,AP012548.1_805,CP142614.1_522,CP142623.1_1609
561019	0	256	intergenic	.	AP012548.1_295,AP012548.1_296,AP012548.1_297,CP142614.1_11,CP142614.1_12,CP142623.1_2113,CP142623.1_2114
562881	246	435	intergenic	.	AP012548.1_1538,CP142614.1_1254,CP142614.1_1255,CP142623.1_873,CP142623.1_874
563	47449	47647	60414	gene	AP012548.1_2794,AP012548.1_2795,CP001487.1_1530,CP142614.1_2513,CP142614.1_2514,CP142623.1_3827,CP142623.1_3828
563	47449	47647	60414	mRNA	AP012548.1_2794,AP012548.1_2795,CP001487.1_1530,CP142614.1_2513,CP142614.1_2514,CP142623.1_3827,CP142623.1_3828
563	202132	202395	intergenic	.	AP012548.1_3464,AP012548.1_3465,CP142614.1_3192,CP142614.1_3193,CP142623.1_3162
563	202868	202976	intergenic	.	CP142614.1_3195,CP142623.1_3160
565471	155	407	intergenic	.	AP012548.1_2727,AP012548.1_3581,CP001487.1_750,CP142614.1_2446,CP142614.1_3310,CP142623.1_3895
571902	1078	1203	intergenic	.	AP012548.1_361,CP142614.1_79,CP142623.1_2047
574245	0	129	intergenic	.	AP012548.1_3904,CP142614.1_3627,CP142623.1_2722
575897	837	940	intergenic	.	AP012548.1_510,CP142614.1_228,CP142623.1_1898
576	35236	35392	intergenic	.	AP012548.1_357,CP142614.1_1351,CP142614.1_75,CP142623.1_2051,CP142623.1_777
576	143544	143636	intergenic	.	AP012548.1_3029,CP142614.1_2758,CP142623.1_3593
579	233951	234092	239973	mRNA	AP012548.1_2382,AP012548.1_2383,CP001429.2_2397,CP001487.1_1984,CP003000.1_2139,CP142614.1_2101,CP142623.1_29,CP142623.1_30
579	233951	234092	240311	gene	AP012548.1_2382,AP012548.1_2383,CP001429.2_2397,CP001487.1_1984,CP003000.1_2139,CP142614.1_2101,CP142623.1_29,CP142623.1_30
579	381909	381990	intergenic	.	CP142614.1_1980
58	547431	547521	intergenic	.	CP142614.1_2977,CP142614.1_2978,CP142623.1_3376
580	77490	77868	intergenic	.	AP012548.1_2196,AP012548.1_2197,CP001429.2_2209,CP001487.1_2168,CP001487.1_2169,CP001487.1_2170,CP003000.1_477,CP003000.1_479,CP142614.1_1912,CP142614.1_1913,CP142614.1_1914,CP142614.1_1915,CP142623.1_214,CP142623.1_215,CP142623.1_216
580394	1284	1515	intergenic	.	AP012548.1_3572,CP003000.1_3337,CP142614.1_3300,CP142614.1_3301,CP142623.1_3054,CP142623.1_3055
581	25499	25905	27797	mRNA	AP012548.1_982,AP012548.1_983,AP012548.1_984,CP001487.1_3382,CP142614.1_700,CP142614.1_701,CP142614.1_702,CP142623.1_1429,CP142623.1_1430
581	25499	25905	27835	gene	AP012548.1_982,AP012548.1_983,AP012548.1_984,CP001487.1_3382,CP142614.1_700,CP142614.1_701,CP142614.1_702,CP142623.1_1429,CP142623.1_1430
586	314134	314270	314347	gene	AP012548.1_3246,CP142614.1_2976,CP142623.1_3378
586	314134	314270	314347	mRNA	AP012548.1_3246,CP142614.1_2976,CP142623.1_3378
589897	1535	1631	intergenic	.	CP142614.1_2324,CP142623.1_4017
59	749707	749846	755183	gene	AP012548.1_2312,AP012548.1_689,CP142614.1_2029,CP142614.1_407,CP142623.1_1725,CP142623.1_99
59	749707	749846	755183	mRNA	AP012548.1_2312,AP012548.1_689,CP142614.1_2029,CP142614.1_407,CP142623.1_1725,CP142623.1_99
590	27376	27577	intergenic	.	AP012548.1_2385,CP001487.1_1981,CP003000.1_2142,CP142614.1_2103,CP142614.1_2104,CP142623.1_27
591270	4205	4311	intergenic	.	AP012548.1_294,CP142614.1_10,CP142623.1_2115
591643	1941	2061	intergenic	.	AP012548.1_583,CP001429.2_595,CP142614.1_1252,CP142614.1_300,CP142623.1_1831,CP142623.1_876
591701	372	620	intergenic	.	AP012548.1_3148,AP012548.1_3149,CP001487.1_1180,CP142614.1_2876,CP142614.1_2877,CP142623.1_3473,CP142623.1_3474
591900	327	459	intergenic	.	AP012548.1_2705,CP001487.1_1619,CP142614.1_2424,CP142623.1_3916,CP142623.1_3917
591922	5694	5844	intergenic	.	AP012548.1_998,AP012548.1_999,CP001429.2_989,CP003000.1_1567,CP142614.1_717,CP142623.1_1413,CP142623.1_1414
592083	1394	1696	1411	CDS	AP012548.1_2030,AP012548.1_2031,AP012548.1_2032,CP001429.2_2038,CP001487.1_2335,CP142614.1_1746,CP142614.1_1747,CP142623.1_381,CP142623.1_382,CP142623.1_383
592083	1394	1696	1411	exon	AP012548.1_2030,AP012548.1_2031,AP012548.1_2032,CP001429.2_2038,CP001487.1_2335,CP142614.1_1746,CP142614.1_1747,CP142623.1_381,CP142623.1_382,CP142623.1_383
592083	1394	1696	1411	gene	AP012548.1_2030,AP012548.1_2031,AP012548.1_2032,CP001429.2_2038,CP001487.1_2335,CP142614.1_1746,CP142614.1_1747,CP142623.1_381,CP142623.1_382,CP142623.1_383
592083	1394	1696	1411	mRNA	AP012548.1_2030,AP012548.1_2031,AP012548.1_2032,CP001429.2_2038,CP001487.1_2335,CP142614.1_1746,CP142614.1_1747,CP142623.1_381,CP142623.1_382,CP142623.1_383
592083	1394	1696	1411	start_codon	AP012548.1_2030,AP012548.1_2031,AP012548.1_2032,CP001429.2_2038,CP001487.1_2335,CP142614.1_1746,CP142614.1_1747,CP142623.1_381,CP142623.1_382,CP142623.1_383
592083	1411	1696	intergenic	.	AP012548.1_2030,AP012548.1_2031,AP012548.1_2032,CP001429.2_2038,CP001487.1_2335,CP142614.1_1746,CP142614.1_1747,CP142623.1_381,CP142623.1_382,CP142623.1_383
592290	6670	7072	intergenic	.	AP012548.1_2603,AP012548.1_2604,AP012548.1_3541,CP142614.1_2323,CP142623.1_3086,CP142623.1_4018
592352	202	314	intergenic	.	AP012548.1_755,CP142614.1_473,CP142623.1_1659
592754	1006	1095	intergenic	.	AP012548.1_2702,CP142614.1_2421,CP142623.1_3920
592754	1685	1783	intergenic	.	AP012548.1_2231,AP012548.1_663,CP142623.1_180
593153	2082	2592	intergenic	.	AP012548.1_2857,AP012548.1_56,AP012548.1_606,CP001429.2_56,CP142614.1_2587,CP142614.1_323,CP142614.1_3996,CP142623.1_1807,CP142623.1_1808,CP142623.1_2354,CP142623.1_3764
593197	2962	3164	intergenic	.	AP012548.1_1909,CP001429.2_1917,CP142614.1_1625,CP142623.1_503,CP142623.1_504
593909	824	902	intergenic	.	AP012548.1_710,CP001487.1_3636,CP142614.1_428,CP142623.1_1704
594020	290	392	intergenic	.	CP001487.1_3492,CP003000.1_1688,CP142614.1_573,CP142623.1_1558
594060	2640	3063	intergenic	.	AP012548.1_215,AP012548.1_644,AP012548.1_645,CP001487.1_3701,CP142614.1_361,CP142614.1_362,CP142614.1_4155,CP142623.1_1769,CP142623.1_1770,CP142623.1_2195
594540	5471	5521	intergenic	.	AP012548.1_19,AP012548.1_20,CP001429.2_3740,CP001487.1_92,CP142614.1_3959,CP142614.1_3960,CP142623.1_2390,CP142623.1_2391
594540	5471	5851	5524	start_codon	AP012548.1_19,AP012548.1_20,CP001429.2_3740,CP001487.1_92,CP142614.1_3959,CP142614.1_3960,CP142623.1_2390,CP142623.1_2391
594540	5471	5851	5806	CDS	AP012548.1_19,AP012548.1_20,CP001429.2_3740,CP001487.1_92,CP142614.1_3959,CP142614.1_3960,CP142623.1_2390,CP142623.1_2391
594540	5471	5851	5806	exon	AP012548.1_19,AP012548.1_20,CP001429.2_3740,CP001487.1_92,CP142614.1_3959,CP142614.1_3960,CP142623.1_2390,CP142623.1_2391
594540	5471	5851	5806	mRNA	AP012548.1_19,AP012548.1_20,CP001429.2_3740,CP001487.1_92,CP142614.1_3959,CP142614.1_3960,CP142623.1_2390,CP142623.1_2391
594540	5471	5851	5806	stop_codon	AP012548.1_19,AP012548.1_20,CP001429.2_3740,CP001487.1_92,CP142614.1_3959,CP142614.1_3960,CP142623.1_2390,CP142623.1_2391
594540	5471	5851	5879	gene	AP012548.1_19,AP012548.1_20,CP001429.2_3740,CP001487.1_92,CP142614.1_3959,CP142614.1_3960,CP142623.1_2390,CP142623.1_2391
594719	531	634	intergenic	.	AP012548.1_605,CP142614.1_322
594777	15	239	intergenic	.	AP012548.1_143,CP142614.1_4082,CP142614.1_4212,CP142623.1_2268
595445	134	827	intergenic	.	AP012548.1_3466,AP012548.1_3633,AP012548.1_4006,AP012548.1_940,CP001429.2_3677,CP001429.2_4046,CP001487.1_324,CP001487.1_699,CP001487.1_865,CP142614.1_3194,CP142614.1_3729,CP142614.1_3730,CP142614.1_658,CP142623.1_2620,CP142623.1_2994
596963	417	571	intergenic	.	AP012548.1_3665,AP012548.1_3666,CP142614.1_3388,CP142623.1_2960,CP142623.1_2961
597223	6232	6557	intergenic	.	AP012548.1_3884,AP012548.1_3885,CP001429.2_3923,CP001487.1_445,CP001487.1_446,CP142614.1_3607,CP142614.1_3608,CP142614.1_3609,CP142623.1_2740,CP142623.1_2741,CP142623.1_2742
597778	339	680	intergenic	.	AP012548.1_1161,CP142614.1_878,CP142623.1_1252
598	67863	68157	67864	stop_codon	AP012548.1_1953,AP012548.1_3229,AP012548.1_3230,CP001429.2_1960,CP142614.1_1669,CP142614.1_2958,CP142623.1_3390,CP142623.1_3391,CP142623.1_460
598	67863	68157	67931	CDS	AP012548.1_1953,AP012548.1_3229,AP012548.1_3230,CP001429.2_1960,CP142614.1_1669,CP142614.1_2958,CP142623.1_3390,CP142623.1_3391,CP142623.1_460
598	67863	68157	67931	exon	AP012548.1_1953,AP012548.1_3229,AP012548.1_3230,CP001429.2_1960,CP142614.1_1669,CP142614.1_2958,CP142623.1_3390,CP142623.1_3391,CP142623.1_460
598	67863	68157	93185	gene	AP012548.1_1953,AP012548.1_3229,AP012548.1_3230,CP001429.2_1960,CP142614.1_1669,CP142614.1_2958,CP142623.1_3390,CP142623.1_3391,CP142623.1_460
598	67863	68157	93185	mRNA	AP012548.1_1953,AP012548.1_3229,AP012548.1_3230,CP001429.2_1960,CP142614.1_1669,CP142614.1_2958,CP142623.1_3390,CP142623.1_3391,CP142623.1_460
598	164445	164522	175985	mRNA	AP012548.1_3500,CP001487.1_832,CP142614.1_3228,CP142614.1_3229,CP142623.1_3126,CP142623.1_3127
598	164445	164522	176017	gene	AP012548.1_3500,CP001487.1_832,CP142614.1_3228,CP142614.1_3229,CP142623.1_3126,CP142623.1_3127
599020	1947	2145	intergenic	.	AP012548.1_893,CP001487.1_3453,CP142614.1_611,CP142623.1_1520
599275	2773	2986	intergenic	.	AP012548.1_2142,AP012548.1_2143,CP142614.1_1859,CP142614.1_1860,CP142623.1_269,CP142623.1_270
599777	1926	2133	intergenic	.	AP012548.1_3503,AP012548.1_3504,CP001429.2_3547,CP142614.1_3232,CP142623.1_3123
600360	2015	2230	intergenic	.	AP012548.1_1855,AP012548.1_925,CP001487.1_3421,CP142614.1_1571,CP142614.1_643,CP142623.1_1488,CP142623.1_1489
600602	1937	2211	2129	CDS	AP012548.1_4023,CP142614.1_3745,CP142614.1_3746,CP142623.1_2603
600602	1937	2211	2129	exon	AP012548.1_4023,CP142614.1_3745,CP142614.1_3746,CP142623.1_2603
600602	1937	2211	2129	gene	AP012548.1_4023,CP142614.1_3745,CP142614.1_3746,CP142623.1_2603
600602	1937	2211	2129	mRNA	AP012548.1_4023,CP142614.1_3745,CP142614.1_3746,CP142623.1_2603
600602	1937	2211	2129	start_codon	AP012548.1_4023,CP142614.1_3745,CP142614.1_3746,CP142623.1_2603
600602	2129	2211	intergenic	.	AP012548.1_4023,CP142614.1_3745,CP142614.1_3746,CP142623.1_2603
600744	71	157	intergenic	.	AP012548.1_519,CP142614.1_237,CP142623.1_1890
601294	14452	14555	intergenic	.	CP001429.2_3470,CP142614.1_3156,CP142623.1_3199
601533	5238	5388	intergenic	.	CP142614.1_996,CP142623.1_1133
601765	540	742	intergenic	.	AP012548.1_2903,CP142614.1_2632,CP142623.1_3721
601919	2618	2764	intergenic	.	AP012548.1_2371,AP012548.1_253,CP001429.2_2385,CP001487.1_1996,CP003000.1_2128,CP142614.1_4193,CP142623.1_2156
602124	6747	6900	11191	mRNA	AP012548.1_2137,CP142614.1_1853,CP142614.1_1854,CP142623.1_275
602124	6747	6900	12292	gene	AP012548.1_2137,CP142614.1_1853,CP142614.1_1854,CP142623.1_275
602124	7124	7247	11191	mRNA	AP012548.1_2138,CP142614.1_1855,CP142623.1_273,CP142623.1_274
602124	7124	7247	12292	gene	AP012548.1_2138,CP142614.1_1855,CP142623.1_273,CP142623.1_274
602190	1232	1348	intergenic	.	AP012548.1_1121,CP142623.1_1291
602453	2842	3015	intergenic	.	AP012548.1_166,CP003000.1_157,CP142614.1_4105
602572	1861	1955	intergenic	.	AP012548.1_3391,CP142614.1_3121,CP142623.1_3233
602609	917	1099	intergenic	.	AP012548.1_156,CP142614.1_4095,CP142614.1_4096,CP142623.1_2254,CP142623.1_2255
602610	3939	4270	intergenic	.	AP012548.1_2155,AP012548.1_2156,AP012548.1_2235,CP001429.2_2248,CP142614.1_1872,CP142614.1_1873,CP142614.1_1952,CP142623.1_177,CP142623.1_256
602623	3485	3566	intergenic	.	CP001429.2_867,CP142623.1_1554
602715	2770	2897	intergenic	.	AP012548.1_648,CP142614.1_365,CP142623.1_1766
602773	1333	1542	intergenic	.	AP012548.1_1145,CP142614.1_863,CP142614.1_864,CP142623.1_1266,CP142623.1_1267
603	35487	35616	36013	gene	AP012548.1_2308,CP001487.1_762,CP142623.1_3057
603058	116	231	intergenic	.	AP012548.1_2442,AP012548.1_3489,CP001487.1_1925,CP142614.1_2160,CP142623.1_4180
603075	5636	5787	intergenic	.	AP012548.1_432,AP012548.1_433,CP001487.1_3919,CP142614.1_151,CP142623.1_1976
603884	3674	3756	intergenic	.	AP012548.1_1924,CP001429.2_1931,CP001487.1_2441,CP003000.1_728,CP142614.1_1640,CP142623.1_489
604034	2381	2477	intergenic	.	AP012548.1_3953,CP003000.1_3664,CP142614.1_3676,CP142614.1_3677,CP142623.1_2673
604244	7907	8044	intergenic	.	CP142614.1_2318,CP142623.1_4023
604368	2258	2566	intergenic	.	AP012548.1_1078,AP012548.1_3836,CP142614.1_797,CP142623.1_1333,CP142623.1_1334,CP142623.1_2790
604391	7075	7413	intergenic	.	AP012548.1_1894,AP012548.1_3780,AP012548.1_3788,AP012548.1_3789,AP012548.1_899,CP001429.2_3827,CP001487.1_1425,CP003000.1_3544,CP142614.1_3504,CP142614.1_3512,CP142614.1_3513,CP142614.1_617,CP142623.1_1514,CP142623.1_2837,CP142623.1_2838,CP142623.1_2846,CP142623.1_3723,CP142623.1_519
604391	7075	7837	7671	CDS	AP012548.1_1894,AP012548.1_3780,AP012548.1_3788,AP012548.1_3789,AP012548.1_899,CP001429.2_3827,CP001487.1_1425,CP003000.1_3544,CP142614.1_3504,CP142614.1_3512,CP142614.1_3513,CP142614.1_617,CP142623.1_1514,CP142623.1_2837,CP142623.1_2838,CP142623.1_2846,CP142623.1_3723,CP142623.1_519
604391	7075	7837	7671	exon	AP012548.1_1894,AP012548.1_3780,AP012548.1_3788,AP012548.1_3789,AP012548.1_899,CP001429.2_3827,CP001487.1_1425,CP003000.1_3544,CP142614.1_3504,CP142614.1_3512,CP142614.1_3513,CP142614.1_617,CP142623.1_1514,CP142623.1_2837,CP142623.1_2838,CP142623.1_2846,CP142623.1_3723,CP142623.1_519
604391	7075	7837	9508	gene	AP012548.1_1894,AP012548.1_3780,AP012548.1_3788,AP012548.1_3789,AP012548.1_899,CP001429.2_3827,CP001487.1_1425,CP003000.1_3544,CP142614.1_3504,CP142614.1_3512,CP142614.1_3513,CP142614.1_617,CP142623.1_1514,CP142623.1_2837,CP142623.1_2838,CP142623.1_2846,CP142623.1_3723,CP142623.1_519
604391	7075	7837	9508	mRNA	AP012548.1_1894,AP012548.1_3780,AP012548.1_3788,AP012548.1_3789,AP012548.1_899,CP001429.2_3827,CP001487.1_1425,CP003000.1_3544,CP142614.1_3504,CP142614.1_3512,CP142614.1_3513,CP142614.1_617,CP142623.1_1514,CP142623.1_2837,CP142623.1_2838,CP142623.1_2846,CP142623.1_3723,CP142623.1_519
604730	3680	3767	intergenic	.	AP012548.1_2452,CP142614.1_2171,CP142623.1_4170
604730	4054	4170	intergenic	.	AP012548.1_2452,AP012548.1_2453,CP142614.1_2171,CP142623.1_4169,CP142623.1_4170
605	78197	78315	intergenic	.	AP012548.1_3084
607894	1749	1952	intergenic	.	AP012548.1_2127,CP142614.1_1844,CP142623.1_285
608375	950	1042	intergenic	.	AP012548.1_1488,CP142614.1_1206,CP142623.1_923
60856	826	1022	intergenic	.	AP012548.1_1598,CP001487.1_2767,CP142614.1_1315,CP142623.1_814
61	210	305	intergenic	.	AP012548.1_2076,AP012548.1_2077,CP142614.1_1793,CP142623.1_335
610006	2195	2323	intergenic	.	AP012548.1_3071,CP142614.1_2800
610726	867	982	intergenic	.	AP012548.1_2879
610794	710	874	intergenic	.	AP012548.1_2708,CP001487.1_1616,CP003000.1_2499,CP142614.1_2428,CP142623.1_3913
610907	369	532	intergenic	.	AP012548.1_1483,CP142614.1_1200,CP142623.1_928
611564	1393	1593	intergenic	.	AP012548.1_316,CP142614.1_32,CP142614.1_33,CP142623.1_2092,CP142623.1_2093
613	21771	21998	intergenic	.	AP012548.1_1461,CP142614.1_1178,CP142623.1_950,CP142623.1_951
614	156977	157057	160544	gene	AP012548.1_2800,CP142623.1_3822
614	156977	157057	160544	mRNA	AP012548.1_2800,CP142623.1_3822
615608	63	318	intergenic	.	AP012548.1_3235,CP142614.1_2963,CP142623.1_3385,CP142623.1_3386
616262	9701	9801	intergenic	.	CP142623.1_3343
619281	57	191	intergenic	.	AP012548.1_3268,CP001487.1_1062,CP003000.1_3031,CP142614.1_2997,CP142614.1_2998,CP142623.1_3356
621770	5940	6077	intergenic	.	AP012548.1_3709,CP142614.1_3432
621809	8355	8506	intergenic	.	AP012548.1_2092,CP001487.1_2274,CP003000.1_574,CP142614.1_1809,CP142623.1_320
621887	11127	11374	intergenic	.	AP012548.1_1212,AP012548.1_1344,CP001487.1_3020,CP142614.1_929,CP142623.1_1067,CP142623.1_1200
621891	5958	6205	intergenic	.	AP012548.1_3459,AP012548.1_3460,AP012548.1_3619,CP142614.1_3188,CP142623.1_3167
622063	675	903	intergenic	.	AP012548.1_3237,CP001487.1_1092,CP142614.1_2965,CP142623.1_3383
622668	966	1073	intergenic	.	AP012548.1_3596
623072	16337	16724	intergenic	.	AP012548.1_3215,AP012548.1_3524,AP012548.1_3525,CP001429.2_3252,CP001429.2_3568,CP001487.1_1114,CP001487.1_807,CP003000.1_2987,CP142614.1_2944,CP142614.1_3253,CP142623.1_3102,CP142623.1_3405
623339	281	449	intergenic	.	AP012548.1_121,AP012548.1_122,CP142614.1_4061,CP142623.1_2289
623485	4100	4352	intergenic	.	AP012548.1_1861,CP001487.1_2503,CP142614.1_1577,CP142623.1_551,CP142623.1_552
623582	170	302	intergenic	.	AP012548.1_1233,CP142614.1_950,CP142614.1_951,CP142623.1_1178
623596	3666	3746	intergenic	.	AP012548.1_917,CP142614.1_635,CP142623.1_1496
623848	8673	8787	intergenic	.	AP012548.1_3427
623916	465	692	intergenic	.	AP012548.1_3271,CP142614.1_3000,CP142614.1_3001,CP142623.1_3353
623946	4549	5063	intergenic	.	AP012548.1_1922,AP012548.1_4007,CP001429.2_4047,CP001487.1_2443,CP001487.1_323,CP003000.1_3718,CP142614.1_1638,CP142614.1_3731,CP142614.1_4088,CP142623.1_1547,CP142623.1_2262,CP142623.1_2619,CP142623.1_490
623954	3186	3263	intergenic	.	AP012548.1_3228,CP142614.1_2956,CP142623.1_3392
623954	3635	4088	intergenic	.	AP012548.1_3228,AP012548.1_3781,CP003000.1_3000,CP142614.1_2957,CP142614.1_3504,CP142623.1_2845,CP142623.1_3392
623987	3177	3438	intergenic	.	AP012548.1_2731,AP012548.1_422,CP142614.1_140,CP142614.1_2450,CP142623.1_1987
624065	3920	4066	intergenic	.	AP012548.1_2984,CP001487.1_1343,CP142614.1_2713,CP142623.1_3638,CP142623.1_3639
624076	1627	1750	intergenic	.	AP012548.1_1996,CP142614.1_1711,CP142623.1_417
624130	89	217	intergenic	.	AP012548.1_642,CP142614.1_359,CP142623.1_1772
624706	734	838	intergenic	.	AP012548.1_2939,CP003000.1_2717,CP142614.1_2668,CP142623.1_3685
625512	4794	4996	6493	mRNA	AP012548.1_1522,AP012548.1_1523,CP001429.2_1530,CP142614.1_1239,CP142623.1_889
625512	4794	4996	6724	gene	AP012548.1_1522,AP012548.1_1523,CP001429.2_1530,CP142614.1_1239,CP142623.1_889
625662	150	320	intergenic	.	CP142614.1_1347,CP142614.1_1348,CP142623.1_781
625662	846	1016	intergenic	.	AP012548.1_1631,CP003000.1_1012
626062	373	476	intergenic	.	AP012548.1_1152,CP001487.1_3213,CP003000.1_1430,CP142614.1_871,CP142623.1_1259
626658	779	1012	intergenic	.	AP012548.1_3092,AP012548.1_3093,CP001487.1_1235,CP003000.1_2869,CP142614.1_2821,CP142614.1_2822,CP142623.1_3528,CP142623.1_3529
627056	164	266	intergenic	.	CP001487.1_479,CP142614.1_3575,CP142623.1_2774
628169	86	476	intergenic	.	AP012548.1_1640,CP001429.2_1646,CP001487.1_1283,CP001487.1_513,CP142614.1_1356,CP142614.1_2773,CP142614.1_3540,CP142623.1_2809,CP142623.1_772
628169	730	1018	intergenic	.	AP012548.1_3044,AP012548.1_3817,CP142614.1_1357,CP142623.1_3578
631222	454	549	intergenic	.	AP012548.1_246,CP142623.1_2164
631239	568	694	intergenic	.	CP142614.1_598,CP142623.1_1533
634	310078	310401	intergenic	.	AP012548.1_2816,AP012548.1_344,CP001487.1_4015,CP142614.1_2545,CP142614.1_61,CP142614.1_62,CP142623.1_2065,CP142623.1_3807
635150	539	651	intergenic	.	AP012548.1_2904,CP001487.1_1422,CP142614.1_2633,CP142623.1_3720
635788	519	637	intergenic	.	CP142623.1_1427
636907	1269	1421	intergenic	.	AP012548.1_2541,CP142614.1_2259,CP142623.1_4082
637	404213	404305	intergenic	.	CP142614.1_884
637209	9506	9696	intergenic	.	AP012548.1_436,AP012548.1_437,CP142614.1_155,CP142623.1_1971,CP142623.1_1972
637265	11108	11277	intergenic	.	AP012548.1_3529,AP012548.1_3531,CP003000.1_3294,CP142614.1_3257,CP142614.1_3259,CP142623.1_3096,CP142623.1_3098
637268	2043	2389	intergenic	.	AP012548.1_151,AP012548.1_152,CP001429.2_96,CP001487.1_4206,CP142614.1_4091,CP142614.1_4092,CP142623.1_2258,CP142623.1_2259
637591	4003	4278	intergenic	.	AP012548.1_2131,AP012548.1_2380,AP012548.1_3263,CP001429.2_2394,CP001487.1_1987,CP003000.1_2137,CP142614.1_1848,CP142614.1_2098,CP142614.1_2992,CP142623.1_281,CP142623.1_32,CP142623.1_3362
637673	6034	6202	intergenic	.	AP012548.1_3222,CP142614.1_2951,CP142623.1_3398
637688	4584	4918	intergenic	.	AP012548.1_3951,AP012548.1_3952,CP142614.1_3674,CP142614.1_3675,CP142614.1_3676,CP142623.1_2674,CP142623.1_2675
637688	10688	10889	intergenic	.	AP012548.1_3173,AP012548.1_3174,CP001487.1_1155,CP142614.1_2902,CP142623.1_3447
637696	5657	5843	intergenic	.	AP012548.1_2549,CP001487.1_1819,CP003000.1_2296,CP142614.1_2267,CP142623.1_4073
637697	17044	17202	intergenic	.	AP012548.1_569,CP001487.1_3776,CP142614.1_286
637722	250	337	intergenic	.	AP012548.1_4120,CP142614.1_3843,CP142623.1_2507
637977	1075	1342	intergenic	.	AP012548.1_1312,CP001429.2_1318,CP142614.1_1029,CP142614.1_1030,CP142623.1_1099,CP142623.1_1100
637989	15751	16198	intergenic	.	AP012548.1_1178,AP012548.1_1179,AP012548.1_1180,AP012548.1_4061,CP001487.1_269,CP001487.1_3185,CP001487.1_3186,CP142614.1_3785,CP142614.1_895,CP142614.1_896,CP142614.1_897,CP142623.1_1233,CP142623.1_2565
637996	773	927	intergenic	.	AP012548.1_3696,AP012548.1_3697,CP142614.1_3419,CP142614.1_3420,CP142623.1_2929,CP142623.1_2930
637997	3250	3468	intergenic	.	AP012548.1_2482,AP012548.1_2526,CP142614.1_2245,CP142623.1_4096,CP142623.1_540
638188	7952	8526	intergenic	.	AP012548.1_2630,AP012548.1_2631,AP012548.1_2632,CP001429.2_2665,CP001487.1_1692,CP003000.1_2424,CP142614.1_2349,CP142614.1_2350,CP142614.1_2351,CP142614.1_2352,CP142614.1_3091,CP142623.1_3264,CP142623.1_3989,CP142623.1_3990,CP142623.1_3991,CP142623.1_3992
638221	3979	4457	intergenic	.	AP012548.1_2460,AP012548.1_2461,AP012548.1_2567,AP012548.1_2568,AP012548.1_3431,AP012548.1_3432,AP012548.1_3433,AP012548.1_3434,CP001429.2_2592,CP001429.2_3479,CP001487.1_1907,CP001487.1_896,CP001487.1_898,CP003000.1_2215,CP142614.1_2179,CP142614.1_2180,CP142614.1_2285,CP142614.1_2286,CP142614.1_2287,CP142614.1_3161,CP142614.1_3162,CP142623.1_3192,CP142623.1_3193,CP142623.1_4055,CP142623.1_4056,CP142623.1_4161
638221	3979	4985	4750	CDS	AP012548.1_2460,AP012548.1_2461,AP012548.1_2567,AP012548.1_2568,AP012548.1_3431,AP012548.1_3432,AP012548.1_3433,AP012548.1_3434,CP001429.2_2592,CP001429.2_3479,CP001487.1_1907,CP001487.1_896,CP001487.1_898,CP003000.1_2215,CP142614.1_2179,CP142614.1_2180,CP142614.1_2285,CP142614.1_2286,CP142614.1_2287,CP142614.1_3161,CP142614.1_3162,CP142623.1_3192,CP142623.1_3193,CP142623.1_4055,CP142623.1_4056,CP142623.1_4161
638221	3979	4985	4750	exon	AP012548.1_2460,AP012548.1_2461,AP012548.1_2567,AP012548.1_2568,AP012548.1_3431,AP012548.1_3432,AP012548.1_3433,AP012548.1_3434,CP001429.2_2592,CP001429.2_3479,CP001487.1_1907,CP001487.1_896,CP001487.1_898,CP003000.1_2215,CP142614.1_2179,CP142614.1_2180,CP142614.1_2285,CP142614.1_2286,CP142614.1_2287,CP142614.1_3161,CP142614.1_3162,CP142623.1_3192,CP142623.1_3193,CP142623.1_4055,CP142623.1_4056,CP142623.1_4161
638221	3979	4985	4750	gene	AP012548.1_2460,AP012548.1_2461,AP012548.1_2567,AP012548.1_2568,AP012548.1_3431,AP012548.1_3432,AP012548.1_3433,AP012548.1_3434,CP001429.2_2592,CP001429.2_3479,CP001487.1_1907,CP001487.1_896,CP001487.1_898,CP003000.1_2215,CP142614.1_2179,CP142614.1_2180,CP142614.1_2285,CP142614.1_2286,CP142614.1_2287,CP142614.1_3161,CP142614.1_3162,CP142623.1_3192,CP142623.1_3193,CP142623.1_4055,CP142623.1_4056,CP142623.1_4161
638221	3979	4985	4750	mRNA	AP012548.1_2460,AP012548.1_2461,AP012548.1_2567,AP012548.1_2568,AP012548.1_3431,AP012548.1_3432,AP012548.1_3433,AP012548.1_3434,CP001429.2_2592,CP001429.2_3479,CP001487.1_1907,CP001487.1_896,CP001487.1_898,CP003000.1_2215,CP142614.1_2179,CP142614.1_2180,CP142614.1_2285,CP142614.1_2286,CP142614.1_2287,CP142614.1_3161,CP142614.1_3162,CP142623.1_3192,CP142623.1_3193,CP142623.1_4055,CP142623.1_4056,CP142623.1_4161
638221	4750	4985	intergenic	.	AP012548.1_2460,AP012548.1_2461,AP012548.1_2567,AP012548.1_2568,AP012548.1_3431,AP012548.1_3432,AP012548.1_3433,AP012548.1_3434,CP001429.2_2592,CP001429.2_3479,CP001487.1_1907,CP001487.1_896,CP001487.1_898,CP003000.1_2215,CP142614.1_2179,CP142614.1_2180,CP142614.1_2285,CP142614.1_2286,CP142614.1_2287,CP142614.1_3161,CP142614.1_3162,CP142623.1_3192,CP142623.1_3193,CP142623.1_4055,CP142623.1_4056,CP142623.1_4161
638248	10243	10396	intergenic	.	AP012548.1_3357,CP001429.2_3401,CP001487.1_973,CP142614.1_3087,CP142623.1_3267,CP142623.1_3268
638328	1854	2119	intergenic	.	AP012548.1_3547,AP012548.1_3548,CP001487.1_784,CP003000.1_3312,CP142614.1_3276,CP142614.1_3277,CP142623.1_3078,CP142623.1_3079
638359	1511	1894	intergenic	.	AP012548.1_3776,AP012548.1_3777,AP012548.1_3945,CP001487.1_552,CP142614.1_3500,CP142614.1_3501,CP142614.1_3668,CP142623.1_2681,CP142623.1_2848,CP142623.1_2849,CP142623.1_2850
638376	4583	4707	intergenic	.	AP012548.1_1443,CP003000.1_1142,CP142614.1_1160,CP142623.1_968
638422	6941	7112	7955	gene	AP012548.1_1899,CP142614.1_1615,CP142623.1_513
638422	6941	7112	7955	mRNA	AP012548.1_1899,CP142614.1_1615,CP142623.1_513
638626	3714	3794	intergenic	.	CP142614.1_1973,CP142623.1_156
639060	8291	8576	intergenic	.	AP012548.1_350,AP012548.1_351,CP001487.1_4008,CP142614.1_68,CP142614.1_69,CP142623.1_2057,CP142623.1_2058
639111	813	1104	intergenic	.	AP012548.1_340,CP001487.1_4019,CP142614.1_3104,CP142614.1_58,CP142623.1_2068,CP142623.1_3251
639126	3380	3615	intergenic	.	AP012548.1_3692,AP012548.1_3693,CP142614.1_3415,CP142614.1_3416,CP142623.1_2933,CP142623.1_2934
639177	569	857	intergenic	.	AP012548.1_4101,AP012548.1_4102,CP142614.1_3823,CP142614.1_3824,CP142623.1_2525
639242	681	1040	intergenic	.	AP012548.1_3559,CP001429.2_3603,CP001487.1_772,CP003000.1_3324,CP142614.1_2067,CP142614.1_3288,CP142623.1_63
639308	23024	23187	intergenic	.	AP012548.1_322,CP142614.1_38,CP142614.1_39,CP142623.1_2086,CP142623.1_2087
639368	12034	12114	intergenic	.	AP012548.1_1478,CP142614.1_1195,CP142623.1_933
639368	15077	15208	intergenic	.	AP012548.1_1063
639443	1849	2017	intergenic	.	AP012548.1_3891,CP001429.2_3930,CP142614.1_3614
639685	1339	1491	intergenic	.	AP012548.1_1258,AP012548.1_3657,CP142614.1_3385,CP142623.1_1153,CP142623.1_2969
639760	9039	9189	intergenic	.	AP012548.1_3748,CP001487.1_584,CP142614.1_3471,CP142623.1_2878
639773	914	1286	intergenic	.	AP012548.1_3618,AP012548.1_480,AP012548.1_481,CP142614.1_198,CP142614.1_3347,CP142623.1_1927,CP142623.1_1928,CP142623.1_3008
639860	114	356	intergenic	.	AP012548.1_409,AP012548.1_410,CP142614.1_127,CP142623.1_1999,CP142623.1_2000
639907	434	661	intergenic	.	AP012548.1_2929,AP012548.1_3883,CP142614.1_2658,CP142614.1_3607,CP142623.1_2743,CP142623.1_3695
640045	2460	2540	intergenic	.	CP142623.1_2038
640788	3159	3284	intergenic	.	AP012548.1_298,CP001487.1_4062,CP003000.1_254,CP142614.1_14,CP142623.1_2111
641095	2805	2888	intergenic	.	AP012548.1_70,CP142614.1_4010,CP142623.1_2340
641112	15	95	intergenic	.	AP012548.1_2432,CP142614.1_2151,CP142623.1_4190
641139	4097	4428	intergenic	.	AP012548.1_1158,AP012548.1_2931,CP001429.2_2969,CP142614.1_2660,CP142614.1_2661,CP142614.1_877,CP142623.1_1253,CP142623.1_1254,CP142623.1_3692
641378	3938	4056	intergenic	.	AP012548.1_2344,AP012548.1_2345,CP001487.1_2022,CP003000.1_2102,CP142614.1_2063,CP142623.1_67
641543	9730	9933	intergenic	.	AP012548.1_3479,AP012548.1_3480,CP001487.1_852,CP142614.1_3208,CP142623.1_3147
641560	9594	9848	intergenic	.	AP012548.1_971,AP012548.1_972,CP001429.2_960,CP142614.1_689,CP142614.1_690,CP142623.1_1441,CP142623.1_1442
641564	4261	4954	intergenic	.	AP012548.1_1816,AP012548.1_1817,AP012548.1_1819,AP012548.1_1820,CP001429.2_1826,CP001487.1_2544,CP142614.1_1532,CP142614.1_1533,CP142614.1_1535,CP142614.1_1536,CP142623.1_592,CP142623.1_593,CP142623.1_596
641754	3854	3999	intergenic	.	AP012548.1_1743,AP012548.1_1744,CP142614.1_1459,CP142614.1_1460,CP142623.1_669
641832	924	1218	intergenic	.	AP012548.1_2828,AP012548.1_2829,CP001429.2_2862,CP001487.1_1497,CP142614.1_2557,CP142614.1_2558,CP142623.1_3794,CP142623.1_3795
642087	4533	4948	intergenic	.	AP012548.1_1747,AP012548.1_1748,AP012548.1_1749,CP001429.2_1754,CP001429.2_1755,CP001487.1_2617,CP001487.1_2618,CP003000.1_903,CP003000.1_904,CP142614.1_1463,CP142614.1_1464,CP142614.1_1465,CP142623.1_664,CP142623.1_665,CP142623.1_666
642297	125	350	intergenic	.	AP012548.1_3217,AP012548.1_3218,CP001487.1_1111,CP142614.1_2946,CP142623.1_3402,CP142623.1_3403
642340	853	1060	intergenic	.	AP012548.1_3872,AP012548.1_3873,CP142614.1_3596,CP142623.1_2753
642399	1662	1801	intergenic	.	AP012548.1_2621,CP001429.2_2654,CP001487.1_1702,CP003000.1_2413
642513	399	401	intergenic	.	AP012548.1_3865,AP012548.1_3866,CP001429.2_3904,CP142614.1_3588,CP142614.1_3589,CP142623.1_2760,CP142623.1_2761
642513	399	679	404	start_codon	AP012548.1_3865,AP012548.1_3866,CP001429.2_3904,CP142614.1_3588,CP142614.1_3589,CP142623.1_2760,CP142623.1_2761
642513	399	679	558	CDS	AP012548.1_3865,AP012548.1_3866,CP001429.2_3904,CP142614.1_3588,CP142614.1_3589,CP142623.1_2760,CP142623.1_2761
642513	399	679	558	exon	AP012548.1_3865,AP012548.1_3866,CP001429.2_3904,CP142614.1_3588,CP142614.1_3589,CP142623.1_2760,CP142623.1_2761
642513	399	679	558	gene	AP012548.1_3865,AP012548.1_3866,CP001429.2_3904,CP142614.1_3588,CP142614.1_3589,CP142623.1_2760,CP142623.1_2761
642513	399	679	558	mRNA	AP012548.1_3865,AP012548.1_3866,CP001429.2_3904,CP142614.1_3588,CP142614.1_3589,CP142623.1_2760,CP142623.1_2761
642513	558	679	intergenic	.	AP012548.1_3865,AP012548.1_3866,CP001429.2_3904,CP142614.1_3588,CP142614.1_3589,CP142623.1_2760,CP142623.1_2761
642521	2475	2602	intergenic	.	AP012548.1_1944,AP012548.1_239,CP142614.1_1660,CP142614.1_4179,CP142623.1_468
642741	0	165	intergenic	.	AP012548.1_1519,AP012548.1_1520,CP001429.2_1526,CP001487.1_2846,CP142614.1_1236,CP142614.1_1237,CP142623.1_891,CP142623.1_892
642741	0	192	171	polyA_signal_sequence	AP012548.1_1519,AP012548.1_1520,CP001429.2_1526,CP001487.1_2846,CP142614.1_1236,CP142614.1_1237,CP142623.1_891,CP142623.1_892
642741	0	192	403	gene	AP012548.1_1519,AP012548.1_1520,CP001429.2_1526,CP001487.1_2846,CP142614.1_1236,CP142614.1_1237,CP142623.1_891,CP142623.1_892
642768	1358	1549	intergenic	.	AP012548.1_892,CP001487.1_3454,CP142614.1_610,CP142623.1_1521,CP142623.1_1522
642854	6838	7072	7259	gene	AP012548.1_658,AP012548.1_659,CP001429.2_670,CP001487.1_3687,CP142614.1_375,CP142614.1_376,CP142623.1_1755,CP142623.1_1756
642854	6838	7072	7259	mRNA	AP012548.1_658,AP012548.1_659,CP001429.2_670,CP001487.1_3687,CP142614.1_375,CP142614.1_376,CP142623.1_1755,CP142623.1_1756
643032	752	948	intergenic	.	AP012548.1_169,CP142614.1_4109,CP142614.1_4110,CP142623.1_2240,CP142623.1_2241
643857	408	514	intergenic	.	CP142614.1_3865
644387	1621	1919	intergenic	.	AP012548.1_2523,AP012548.1_2524,AP012548.1_2525,CP003000.1_2272,CP142614.1_2241,CP142614.1_2243,CP142623.1_4098,CP142623.1_4099
644660	1043	1291	intergenic	.	AP012548.1_1680,AP012548.1_1681,CP001487.1_2685,CP003000.1_972,CP142614.1_1396,CP142614.1_1397,CP142623.1_732,CP142623.1_733
644775	464	655	intergenic	.	AP012548.1_183,AP012548.1_184,CP142614.1_4123,CP142623.1_2227
645321	1566	1659	intergenic	.	AP012548.1_3199,CP142614.1_2927,CP142614.1_2928,CP142623.1_3421
645575	3570	3758	intergenic	.	AP012548.1_682,CP001487.1_3663,CP142614.1_399,CP142614.1_400,CP142623.1_1731,CP142623.1_1732
645726	4262	4355	intergenic	.	AP012548.1_4018,CP142614.1_3741,CP142614.1_3742,CP142623.1_2608
645903	1407	1490	intergenic	.	CP142614.1_1689
646111	1145	1298	intergenic	.	AP012548.1_1794,CP142614.1_1510,CP142623.1_618,CP142623.1_619
646111	1596	1685	intergenic	.	CP142614.1_1509,CP142623.1_619
646150	56	224	intergenic	.	AP012548.1_2243,CP001429.2_2258,CP001487.1_2123,CP003000.1_439,CP142614.1_1960,CP142623.1_168
646482	10845	10987	intergenic	.	AP012548.1_2426,AP012548.1_2427,CP142614.1_2145,CP142623.1_4195,CP142623.1_4196
647	13427	13556	intergenic	.	AP012548.1_1881,CP142623.1_532
647013	3387	3533	intergenic	.	AP012548.1_1797,CP142614.1_1513,CP142614.1_474,CP142623.1_1657,CP142623.1_616
647038	539	727	intergenic	.	AP012548.1_3742,CP142614.1_3464,CP142614.1_3465,CP142623.1_2884
647069	9	288	intergenic	.	AP012548.1_2457,AP012548.1_2458,CP001487.1_1909,CP001487.1_1910,CP142614.1_2176,CP142614.1_2177,CP142623.1_4164,CP142623.1_4165
647141	6119	6290	intergenic	.	AP012548.1_1938,CP001487.1_2427,CP142614.1_1654,CP142623.1_474,CP142623.1_475
647521	1583	1669	intergenic	.	AP012548.1_1898,CP142614.1_1614,CP142623.1_514
647552	7696	7797	intergenic	.	AP012548.1_1690,CP142623.1_723
647552	8416	8643	intergenic	.	AP012548.1_1691,AP012548.1_1692,CP142614.1_1407,CP142614.1_1408,CP142623.1_721,CP142623.1_722
647999	715	938	intergenic	.	AP012548.1_2972,CP142614.1_2701,CP142614.1_2702,CP142623.1_3651
648055	915	1063	intergenic	.	AP012548.1_3764,CP001487.1_568,CP142623.1_2862
648062	3154	3296	intergenic	.	AP012548.1_834,CP142614.1_552,CP142623.1_1580
648270	1009	1150	intergenic	.	AP012548.1_2820,CP001429.2_2853,CP142614.1_2549,CP142623.1_3802
648514	6717	6812	intergenic	.	AP012548.1_2125,CP142614.1_1842,CP142623.1_287
648637	830	918	intergenic	.	AP012548.1_2596,CP001487.1_1832,CP142614.1_2316,CP142623.1_4025
648980	4692	4829	intergenic	.	CP001429.2_819,CP003000.1_1731,CP142623.1_1602
649	500822	500962	501774	mRNA	AP012548.1_4067,AP012548.1_4068,CP001487.1_263,CP142614.1_3791,CP142623.1_2558,CP142623.1_2559
649	500822	500962	502239	gene	AP012548.1_4067,AP012548.1_4068,CP001487.1_263,CP142614.1_3791,CP142623.1_2558,CP142623.1_2559
649239	5728	5822	7614	gene	AP012548.1_4170,CP142614.1_3893,CP142623.1_2457
649239	5728	5822	7614	mRNA	AP012548.1_4170,CP142614.1_3893,CP142623.1_2457
649368	1171	1320	intergenic	.	CP142623.1_595
649684	6746	6843	intergenic	.	AP012548.1_2513,CP142614.1_1697,CP142623.1_431
649806	549	660	1839	mRNA	AP012548.1_3535,CP003000.1_3300,CP142614.1_3263,CP142623.1_3092
649806	549	660	1957	gene	AP012548.1_3535,CP003000.1_3300,CP142614.1_3263,CP142623.1_3092
649806	549	660	600	CDS	AP012548.1_3535,CP003000.1_3300,CP142614.1_3263,CP142623.1_3092
649806	549	660	600	exon	AP012548.1_3535,CP003000.1_3300,CP142614.1_3263,CP142623.1_3092
650061	1533	1698	intergenic	.	AP012548.1_1652,AP012548.1_1653,CP001487.1_2714,CP142614.1_1368,CP142614.1_1369,CP142623.1_760
650376	3347	3489	intergenic	.	AP012548.1_1750,AP012548.1_3635,CP001487.1_2616,CP142614.1_3363,CP142623.1_2992,CP142623.1_663
650477	1764	2067	intergenic	.	AP012548.1_4053,CP001487.1_278,CP003000.1_3763,CP142614.1_3777,CP142623.1_2573,CP142623.1_2574
650686	67	218	intergenic	.	AP012548.1_2250,CP142614.1_1967,CP142623.1_162
650831	1641	1749	intergenic	.	AP012548.1_101,CP142614.1_4041,CP142623.1_2309
650916	4823	5442	5852	gene	AP012548.1_2999,AP012548.1_3000,AP012548.1_3001,AP012548.1_3063,AP012548.1_3179,CP001429.2_3215,CP001487.1_1149,CP001487.1_1264,CP142614.1_2728,CP142614.1_2729,CP142614.1_2730,CP142614.1_2792,CP142614.1_2908,CP142623.1_3441,CP142623.1_3558,CP142623.1_3622,CP142623.1_3623
650916	4823	5442	5852	mRNA	AP012548.1_2999,AP012548.1_3000,AP012548.1_3001,AP012548.1_3063,AP012548.1_3179,CP001429.2_3215,CP001487.1_1149,CP001487.1_1264,CP142614.1_2728,CP142614.1_2729,CP142614.1_2730,CP142614.1_2792,CP142614.1_2908,CP142623.1_3441,CP142623.1_3558,CP142623.1_3622,CP142623.1_3623
651701	1267	1389	1642	gene	AP012548.1_1524,CP001429.2_1531,CP001487.1_2841,CP142614.1_1241,CP142623.1_887
651701	1267	1389	1642	mRNA	AP012548.1_1524,CP001429.2_1531,CP001487.1_2841,CP142614.1_1241,CP142623.1_887
652061	1260	1414	intergenic	.	AP012548.1_3352,CP142614.1_3082,CP142623.1_3272
652658	440	637	intergenic	.	AP012548.1_3989,CP142614.1_3712,CP142614.1_3713,CP142623.1_2637
653711	256	386	intergenic	.	CP001487.1_3385,CP142614.1_699,CP142623.1_1432
655263	957	1127	intergenic	.	CP003000.1_1093,CP142623.1_919
656079	504	696	intergenic	.	AP012548.1_3701,AP012548.1_3702,CP142614.1_3424,CP142614.1_3425,CP142623.1_2924,CP142623.1_2925
656445	1925	2109	intergenic	.	AP012548.1_3132,CP142614.1_2860,CP142614.1_2861,CP142623.1_3489,CP142623.1_3490
656448	119	331	intergenic	.	AP012548.1_304,AP012548.1_3720,AP012548.1_3721,CP001487.1_612,CP003000.1_3475,CP142614.1_20,CP142614.1_3443,CP142614.1_3444,CP142623.1_2905
656597	176	284	intergenic	.	AP012548.1_2511,CP142614.1_2229,CP142623.1_4111
656723	923	1348	intergenic	.	AP012548.1_1391,AP012548.1_1392,AP012548.1_2480,AP012548.1_2481,CP001429.2_1398,CP001487.1_2973,CP142614.1_1109,CP142614.1_2198,CP142614.1_2199,CP142623.1_1019,CP142623.1_1020,CP142623.1_4143
656724	1063	1368	intergenic	.	AP012548.1_2313,AP012548.1_3309,AP012548.1_403,CP142614.1_121,CP142614.1_2030,CP142614.1_3038,CP142623.1_3316,CP142623.1_99
657555	1009	1173	intergenic	.	AP012548.1_3183,CP142614.1_2911,CP142614.1_2912,CP142623.1_3437
657659	701	947	intergenic	.	AP012548.1_93,AP012548.1_94,CP001429.2_156,CP001487.1_18,CP001487.1_19,CP003000.1_92,CP142614.1_4033,CP142614.1_4034,CP142623.1_2316,CP142623.1_2317
657801	584	925	intergenic	.	AP012548.1_2440,AP012548.1_2441,AP012548.1_3310,CP142614.1_2159,CP142614.1_2160,CP142614.1_3039,CP142623.1_4181,CP142623.1_4182
658401	682	806	intergenic	.	AP012548.1_2767,CP142614.1_2486,CP142623.1_3855
658868	379	612	intergenic	.	AP012548.1_2117,CP001487.1_2248,CP003000.1_549,CP142614.1_1834,CP142614.1_296,CP142623.1_294,CP142623.1_295
659206	351	517	intergenic	.	AP012548.1_4004,CP142614.1_3727,CP142623.1_2622
66	30698	31051	intergenic	.	AP012548.1_1132,AP012548.1_2654,CP142614.1_1143,CP142614.1_2373,CP142614.1_494,CP142614.1_850,CP142623.1_1280,CP142623.1_1637,CP142623.1_3968,CP142623.1_985
660066	341	468	intergenic	.	AP012548.1_547,CP142614.1_264,CP142623.1_1867
660560	751	860	intergenic	.	CP142623.1_2917
660792	367	455	intergenic	.	AP012548.1_3894,CP142614.1_3617,CP142623.1_2732
660816	1142	1398	intergenic	.	AP012548.1_1217,AP012548.1_1806,CP142614.1_1522,CP142614.1_934,CP142623.1_607
661031	714	875	intergenic	.	AP012548.1_2726,AP012548.1_3399,CP142614.1_2445,CP142614.1_3129,CP142623.1_3226
661639	472	684	intergenic	.	AP012548.1_1147,CP001429.2_1137,CP142614.1_1772,CP142614.1_866,CP142623.1_1264,CP142623.1_356
662465	415	522	intergenic	.	AP012548.1_424,CP142614.1_142,CP142623.1_1984
663039	59	134	intergenic	.	AP012548.1_1537,CP142614.1_1253,CP142614.1_1254,CP142623.1_875
663961	59	285	intergenic	.	AP012548.1_3083,CP001429.2_3120,CP142614.1_2812,CP142623.1_3538
664783	352	693	intergenic	.	AP012548.1_1057,AP012548.1_1780,CP001487.1_3309,CP142614.1_775,CP142614.1_776,CP142623.1_1356,CP142623.1_633
665066	866	1022	intergenic	.	AP012548.1_3859,CP142614.1_3582,CP142623.1_2767
665233	235	374	intergenic	.	AP012548.1_2844,CP142614.1_2573,CP142623.1_3778
665867	2280	2517	intergenic	.	CP142614.1_3537,CP142623.1_3373
665948	0	88	intergenic	.	AP012548.1_1567,CP142614.1_1284,CP142623.1_844,CP142623.1_845
665973	216	355	intergenic	.	AP012548.1_2084,CP142623.1_328
666519	1762	2035	intergenic	.	AP012548.1_3027,AP012548.1_3673,CP142614.1_2756,CP142614.1_3396,CP142623.1_2953,CP142623.1_3595
668	304182	304320	319533	mRNA	AP012548.1_3919,AP012548.1_3920,CP142614.1_3643,CP142623.1_2706
668	304182	304320	320176	gene	AP012548.1_3919,AP012548.1_3920,CP142614.1_3643,CP142623.1_2706
668	669239	669433	intergenic	.	AP012548.1_1716,AP012548.1_360,CP142614.1_78,CP142623.1_697
668612	1298	1475	intergenic	.	AP012548.1_3676,AP012548.1_3677,CP001487.1_655,CP003000.1_3441,CP142614.1_3399,CP142614.1_3400,CP142623.1_2949,CP142623.1_2950
669028	4428	4588	intergenic	.	AP012548.1_2839,CP001429.2_2872,CP003000.1_2627,CP142614.1_2568,CP142614.1_2569,CP142623.1_3783
669100	285	370	intergenic	.	AP012548.1_1641,CP142623.1_771
669118	0	407	intergenic	.	AP012548.1_1350,AP012548.1_3110,AP012548.1_634,CP001429.2_1357,CP001487.1_2779,CP001487.1_3014,CP142614.1_1067,CP142614.1_2839,CP142614.1_351,CP142623.1_1061,CP142623.1_1780,CP142623.1_3512
670168	139	430	intergenic	.	AP012548.1_704,AP012548.1_705,CP142614.1_422,CP142614.1_423,CP142623.1_1709,CP142623.1_1710
671513	895	1047	intergenic	.	AP012548.1_2835,CP142614.1_2564,CP142614.1_2565,CP142623.1_3787
671634	0	239	intergenic	.	AP012548.1_1164,AP012548.1_1165,CP003000.1_1418,CP142614.1_883,CP142623.1_1247,CP142623.1_1248
672219	802	1067	intergenic	.	CP142614.1_269,CP142614.1_270,CP142623.1_1861,CP142623.1_1862
672756	859	996	intergenic	.	CP142614.1_3094,CP142623.1_3261
672811	321	502	367	CDS	AP012548.1_2364,CP142614.1_2083,CP142623.1_48
672811	321	502	367	exon	AP012548.1_2364,CP142614.1_2083,CP142623.1_48
672811	321	502	760	gene	AP012548.1_2364,CP142614.1_2083,CP142623.1_48
672811	321	502	760	mRNA	AP012548.1_2364,CP142614.1_2083,CP142623.1_48
673275	392	572	intergenic	.	AP012548.1_2409,AP012548.1_2410,CP001429.2_2424,CP001487.1_1957,CP142614.1_2128,CP142614.1_2129,CP142623.1_2
674	23763	23968	intergenic	.	AP012548.1_3376,CP142614.1_3106,CP142623.1_3248,CP142623.1_3249
674	335479	335557	intergenic	.	AP012548.1_3419,CP142614.1_3149,CP142623.1_3205
674121	486	686	intergenic	.	CP142614.1_2060,CP142614.1_2061
674710	194	277	intergenic	.	CP142614.1_2190
674726	2146	2326	intergenic	.	AP012548.1_2217,CP001487.1_2149,CP142614.1_1933,CP142614.1_1934,CP142623.1_194,CP142623.1_195
674938	1265	1613	intergenic	.	AP012548.1_1142,AP012548.1_1143,AP012548.1_1144,CP001429.2_1133,CP003000.1_1440,CP142614.1_861,CP142614.1_862,CP142614.1_863,CP142623.1_1268,CP142623.1_1269
675067	4039	4170	intergenic	.	AP012548.1_2208,CP142614.1_1925,CP142623.1_204
675263	2113	2432	intergenic	.	AP012548.1_1163,CP001487.1_2302,CP001487.1_3202,CP003000.1_602,CP142614.1_1781,CP142614.1_882,CP142623.1_1248,CP142623.1_347
676	198387	198564	intergenic	.	AP012548.1_2099,CP142614.1_1815,CP142614.1_1816,CP142623.1_313
676296	328	536	intergenic	.	AP012548.1_1037,AP012548.1_1038,CP142614.1_756,CP142614.1_757,CP142623.1_1375
676842	2488	2646	intergenic	.	AP012548.1_1419,CP142623.1_992
676965	624	724	intergenic	.	AP012548.1_1469,CP142614.1_1186,CP142623.1_942
677102	56	219	intergenic	.	AP012548.1_2120,CP142614.1_1837,CP142623.1_291
68	4983	5115	intergenic	.	AP012548.1_1644,AP012548.1_1645,CP142614.1_1361,CP142623.1_768
680	296640	296756	intergenic	.	AP012548.1_3802,CP142614.1_3525,CP142623.1_2824
683811	8451	8549	intergenic	.	AP012548.1_3997,CP142614.1_3720,CP142623.1_2629
684	360968	361068	intergenic	.	AP012548.1_3169,CP142623.1_3451
685551	22	120	intergenic	.	CP142614.1_272,CP142623.1_1859
685854	6792	6955	intergenic	.	AP012548.1_2737,CP142614.1_2456,CP142623.1_3885
685884	4802	5257	intergenic	.	AP012548.1_223,AP012548.1_2952,AP012548.1_2998,AP012548.1_2999,CP001487.1_1375,CP003000.1_2729,CP142614.1_1584,CP142614.1_2681,CP142614.1_2727,CP142614.1_2728,CP142614.1_4163,CP142623.1_2188,CP142623.1_3624,CP142623.1_3625,CP142623.1_3672,CP142623.1_544
685897	5988	6142	intergenic	.	AP012548.1_2531,CP001487.1_1837,CP142614.1_2249,CP142623.1_4092
686318	2510	2688	intergenic	.	AP012548.1_3922,CP001487.1_408,CP003000.1_3632,CP142614.1_3645,CP142623.1_2704
686599	2444	2597	intergenic	.	AP012548.1_4051,AP012548.1_4052,CP142614.1_3775,CP142623.1_2575
686657	2993	3645	8433	gene	AP012548.1_2133,AP012548.1_2561,AP012548.1_466,AP012548.1_509,CP142614.1_1850,CP142614.1_227,CP142614.1_2279,CP142623.1_1899,CP142623.1_1942,CP142623.1_278,CP142623.1_4062
686657	2993	3645	8433	mRNA	AP012548.1_2133,AP012548.1_2561,AP012548.1_466,AP012548.1_509,CP142614.1_1850,CP142614.1_227,CP142614.1_2279,CP142623.1_1899,CP142623.1_1942,CP142623.1_278,CP142623.1_4062
687	466060	466222	intergenic	.	AP012548.1_3832,CP142614.1_3555,CP142614.1_3556,CP142623.1_2794
687428	1558	1719	intergenic	.	AP012548.1_3590,AP012548.1_3591,CP142614.1_3319,CP142623.1_3036
687505	474	631	intergenic	.	AP012548.1_1703,CP142614.1_1419,CP142623.1_710
687607	1466	1696	intergenic	.	AP012548.1_425,CP001487.1_3926,CP142614.1_144,CP142623.1_1983,CP142623.1_1984
688173	1126	1402	intergenic	.	AP012548.1_3510,AP012548.1_3511,CP142614.1_3239,CP142614.1_3240,CP142623.1_3115,CP142623.1_3116
688238	1852	2028	intergenic	.	AP012548.1_4211,CP001429.2_4241,CP142614.1_3935
688242	18828	19092	intergenic	.	AP012548.1_3568,CP142614.1_3298
688429	433	621	intergenic	.	AP012548.1_3941,CP142614.1_3665,CP142623.1_2685,CP142623.1_3661
688479	2215	2370	intergenic	.	AP012548.1_1480,CP001429.2_1487,CP001487.1_2884,CP142614.1_1197,CP142623.1_931
688596	931	1215	intergenic	.	AP012548.1_3545,AP012548.1_3546,CP001429.2_3589,CP001487.1_786,CP142614.1_3273,CP142614.1_3274,CP142614.1_3275,CP142623.1_3081,CP142623.1_3082
688659	1200	1475	intergenic	.	AP012548.1_2496,AP012548.1_2497,CP142614.1_2214,CP142614.1_2215,CP142614.1_2216,CP142623.1_4126,CP142623.1_4127
688855	1343	1717	intergenic	.	AP012548.1_1074,AP012548.1_2614,CP001429.2_2647,CP142614.1_2333,CP142614.1_2334,CP142614.1_793,CP142623.1_4007
689030	272	695	intergenic	.	AP012548.1_1808,AP012548.1_1809,AP012548.1_1810,CP142614.1_1523,CP142614.1_1524,CP142614.1_1525,CP142614.1_1526,CP142623.1_603,CP142623.1_604,CP142623.1_605
689183	951	1058	intergenic	.	CP142623.1_1524
689469	9635	9816	intergenic	.	AP012548.1_2756,AP012548.1_2757,CP142614.1_2475,CP142614.1_2476,CP142623.1_3865,CP142623.1_3866
689628	455	741	intergenic	.	AP012548.1_149,AP012548.1_150,CP142614.1_2632,CP142614.1_4089,CP142623.1_2261
689995	662	1290	1165	CDS	AP012548.1_2763,AP012548.1_3397,CP001487.1_1349,CP001487.1_4204,CP001487.1_933,CP003000.1_2755,CP142614.1_2482,CP142614.1_3127,CP142614.1_4093,CP142623.1_2257,CP142623.1_3227,CP142623.1_3859
689995	662	1290	1165	exon	AP012548.1_2763,AP012548.1_3397,CP001487.1_1349,CP001487.1_4204,CP001487.1_933,CP003000.1_2755,CP142614.1_2482,CP142614.1_3127,CP142614.1_4093,CP142623.1_2257,CP142623.1_3227,CP142623.1_3859
689995	662	1290	1165	mRNA	AP012548.1_2763,AP012548.1_3397,CP001487.1_1349,CP001487.1_4204,CP001487.1_933,CP003000.1_2755,CP142614.1_2482,CP142614.1_3127,CP142614.1_4093,CP142623.1_2257,CP142623.1_3227,CP142623.1_3859
689995	662	1290	1165	stop_codon	AP012548.1_2763,AP012548.1_3397,CP001487.1_1349,CP001487.1_4204,CP001487.1_933,CP003000.1_2755,CP142614.1_2482,CP142614.1_3127,CP142614.1_4093,CP142623.1_2257,CP142623.1_3227,CP142623.1_3859
689995	662	1290	1826	gene	AP012548.1_2763,AP012548.1_3397,CP001487.1_1349,CP001487.1_4204,CP001487.1_933,CP003000.1_2755,CP142614.1_2482,CP142614.1_3127,CP142614.1_4093,CP142623.1_2257,CP142623.1_3227,CP142623.1_3859
689995	662	1290	955	start_codon	AP012548.1_2763,AP012548.1_3397,CP001487.1_1349,CP001487.1_4204,CP001487.1_933,CP003000.1_2755,CP142614.1_2482,CP142614.1_3127,CP142614.1_4093,CP142623.1_2257,CP142623.1_3227,CP142623.1_3859
689995	662	952	intergenic	.	AP012548.1_2763,AP012548.1_3397,CP001487.1_1349,CP001487.1_4204,CP001487.1_933,CP003000.1_2755,CP142614.1_2482,CP142614.1_3127,CP142614.1_4093,CP142623.1_2257,CP142623.1_3227,CP142623.1_3859
690057	1455	1544	intergenic	.	AP012548.1_852,AP012548.1_853,CP142614.1_570,CP142623.1_1561,CP142623.1_1562
690057	1455	1739	1547	start_codon	AP012548.1_852,AP012548.1_853,CP142614.1_570,CP142623.1_1561,CP142623.1_1562
690057	1455	1739	1799	CDS	AP012548.1_852,AP012548.1_853,CP142614.1_570,CP142623.1_1561,CP142623.1_1562
690057	1455	1739	1799	exon	AP012548.1_852,AP012548.1_853,CP142614.1_570,CP142623.1_1561,CP142623.1_1562
690057	1455	1739	1799	mRNA	AP012548.1_852,AP012548.1_853,CP142614.1_570,CP142623.1_1561,CP142623.1_1562
690057	1455	1739	1988	gene	AP012548.1_852,AP012548.1_853,CP142614.1_570,CP142623.1_1561,CP142623.1_1562
690115	1455	1922	intergenic	.	AP012548.1_1376,AP012548.1_459,CP001487.1_2989,CP142614.1_1093,CP142614.1_1094,CP142623.1_1035,CP142623.1_1036,CP142623.1_1949
690151	1948	2104	intergenic	.	CP001429.2_2277,CP001487.1_2104,CP142623.1_829
690397	1835	1971	intergenic	.	AP012548.1_3368,CP142614.1_3098,CP142623.1_3256
690680	105	332	intergenic	.	AP012548.1_3430,CP001487.1_899,CP003000.1_3197,CP142614.1_3160,CP142623.1_3194
691	4715	4911	17947	gene	AP012548.1_1765,AP012548.1_1766,CP001429.2_1773,CP001487.1_2599,CP001487.1_2600,CP003000.1_886,CP142614.1_1481,CP142614.1_1482,CP142623.1_647,CP142623.1_648
691	4715	4911	17947	mRNA	AP012548.1_1765,AP012548.1_1766,CP001429.2_1773,CP001487.1_2599,CP001487.1_2600,CP003000.1_886,CP142614.1_1481,CP142614.1_1482,CP142623.1_647,CP142623.1_648
691342	846	960	intergenic	.	AP012548.1_1182
691543	767	913	intergenic	.	AP012548.1_4003,CP142614.1_3727,CP142623.1_2623
691583	34	148	intergenic	.	AP012548.1_3800,CP142614.1_3524,CP142623.1_2826
692242	1138	1250	intergenic	.	CP001429.2_2597,CP001487.1_1772,CP142614.1_2290,CP142623.1_4051
692656	1399	1552	intergenic	.	AP012548.1_308,AP012548.1_309,CP142614.1_24,CP142614.1_25,CP142623.1_2100,CP142623.1_2101
693427	862	1037	intergenic	.	AP012548.1_3986,CP142614.1_3030,CP142614.1_3710,CP142623.1_2640,CP142623.1_3324
693502	468	634	intergenic	.	AP012548.1_183,CP142614.1_4122,CP142623.1_2228
693768	2811	2940	intergenic	.	CP001487.1_978
693851	1611	2057	intergenic	.	AP012548.1_2499,AP012548.1_3902,AP012548.1_3903,AP012548.1_3904,CP142614.1_2217,CP142614.1_3626,CP142614.1_3627,CP142623.1_2723,CP142623.1_2724,CP142623.1_4124
693854	3841	4017	intergenic	.	AP012548.1_376,AP012548.1_377,CP001487.1_3983,CP142614.1_93,CP142614.1_94,CP142623.1_2032,CP142623.1_2033
693952	1298	1439	intergenic	.	AP012548.1_2922,CP001429.2_2960,CP142614.1_2651,CP142614.1_2652,CP142623.1_3701
694298	2181	2279	intergenic	.	CP142614.1_2425,CP142623.1_3916
694381	8293	8523	intergenic	.	AP012548.1_1499,AP012548.1_2260,AP012548.1_3801,CP142614.1_1977,CP142614.1_3524,CP142623.1_2825
694510	5940	6198	intergenic	.	AP012548.1_1297,AP012548.1_1298,CP142614.1_1014,CP142614.1_1015,CP142623.1_1114
694665	1258	1406	intergenic	.	AP012548.1_2571,CP142614.1_2289,CP142623.1_4052
694687	1772	2073	intergenic	.	AP012548.1_1213,AP012548.1_702,CP142614.1_420,CP142614.1_931,CP142623.1_1198,CP142623.1_1712,CP142623.1_2012
694701	1029	1249	intergenic	.	AP012548.1_4118,CP003000.1_3825,CP142614.1_3841,CP142623.1_2508
694787	1863	1998	intergenic	.	AP012548.1_3316,CP142614.1_3046,CP142623.1_3308
694859	6044	6157	intergenic	.	AP012548.1_659,CP001487.1_3686
694877	2865	3092	intergenic	.	AP012548.1_3428,CP001487.1_902,CP003000.1_3195,CP142614.1_3157,CP142614.1_3158,CP142623.1_3197
695005	1139	1288	intergenic	.	CP142623.1_560
695134	184	304	intergenic	.	AP012548.1_1783,CP001487.1_3087,CP142614.1_1499,CP142614.1_995,CP142623.1_1134,CP142623.1_630
695257	981	1188	intergenic	.	AP012548.1_1821,AP012548.1_1822,CP001429.2_155,CP001487.1_2543,CP003000.1_93,CP142614.1_1537,CP142614.1_1538,CP142623.1_591
695842	1354	1497	intergenic	.	AP012548.1_934,CP142614.1_652,CP142623.1_1480
696	229891	230082	intergenic	.	AP012548.1_794,AP012548.1_795,CP001429.2_802,CP001487.1_3552,CP003000.1_1748,CP142614.1_513,CP142623.1_1619
696025	2271	2447	intergenic	.	AP012548.1_2955,AP012548.1_2956,CP003000.1_2733,CP142614.1_2684,CP142614.1_2685,CP142623.1_3668,CP142623.1_3669
696259	8080	8580	intergenic	.	AP012548.1_1248,AP012548.1_3811,AP012548.1_919,AP012548.1_920,CP001487.1_3426,CP001487.1_3638,CP003000.1_1626,CP142614.1_3535,CP142614.1_637,CP142614.1_638,CP142614.1_965,CP142623.1_1163,CP142623.1_1494,CP142623.1_2815
696286	6415	6569	intergenic	.	AP012548.1_1017,AP012548.1_1018,CP001487.1_3347,CP001487.1_3348,CP142614.1_736,CP142623.1_1394,CP142623.1_1395
697171	554	671	intergenic	.	AP012548.1_2988,AP012548.1_2989,AP012548.1_2990,CP001487.1_1338,CP003000.1_2766,CP142614.1_2717,CP142614.1_2718,CP142614.1_2719,CP142614.1_3732,CP142623.1_2617,CP142623.1_3633,CP142623.1_3634
697171	554	981	2668	gene	AP012548.1_2988,AP012548.1_2989,AP012548.1_2990,CP001487.1_1338,CP003000.1_2766,CP142614.1_2717,CP142614.1_2718,CP142614.1_2719,CP142614.1_3732,CP142623.1_2617,CP142623.1_3633,CP142623.1_3634
697171	554	981	2668	mRNA	AP012548.1_2988,AP012548.1_2989,AP012548.1_2990,CP001487.1_1338,CP003000.1_2766,CP142614.1_2717,CP142614.1_2718,CP142614.1_2719,CP142614.1_3732,CP142623.1_2617,CP142623.1_3633,CP142623.1_3634
697171	554	981	677	polyA_signal_sequence	AP012548.1_2988,AP012548.1_2989,AP012548.1_2990,CP001487.1_1338,CP003000.1_2766,CP142614.1_2717,CP142614.1_2718,CP142614.1_2719,CP142614.1_3732,CP142623.1_2617,CP142623.1_3633,CP142623.1_3634
697171	554	981	731	stop_codon	AP012548.1_2988,AP012548.1_2989,AP012548.1_2990,CP001487.1_1338,CP003000.1_2766,CP142614.1_2717,CP142614.1_2718,CP142614.1_2719,CP142614.1_3732,CP142623.1_2617,CP142623.1_3633,CP142623.1_3634
697171	554	981	803	CDS	AP012548.1_2988,AP012548.1_2989,AP012548.1_2990,CP001487.1_1338,CP003000.1_2766,CP142614.1_2717,CP142614.1_2718,CP142614.1_2719,CP142614.1_3732,CP142623.1_2617,CP142623.1_3633,CP142623.1_3634
697171	554	981	803	exon	AP012548.1_2988,AP012548.1_2989,AP012548.1_2990,CP001487.1_1338,CP003000.1_2766,CP142614.1_2717,CP142614.1_2718,CP142614.1_2719,CP142614.1_3732,CP142623.1_2617,CP142623.1_3633,CP142623.1_3634
697626	11289	11425	intergenic	.	AP012548.1_3055,CP142614.1_2784
697665	22672	22821	intergenic	.	AP012548.1_3342,CP142614.1_3072,CP142623.1_3282,CP142623.1_3283
697688	10254	10358	intergenic	.	AP012548.1_3964,CP142614.1_3687,CP142623.1_2662
697738	8464	8642	intergenic	.	AP012548.1_79,AP012548.1_80,CP003000.1_79,CP142614.1_4019,CP142614.1_4020,CP142623.1_2330,CP142623.1_2331
697889	6366	6721	intergenic	.	AP012548.1_3775,CP001429.2_3812,CP001487.1_554,CP001487.1_556,CP003000.1_3530,CP003000.1_3531,CP142614.1_3498,CP142614.1_3499,CP142623.1_2851
697910	88	167	intergenic	.	AP012548.1_364
698202	6413	6542	8124	mRNA	AP012548.1_3213,CP001487.1_1116,CP142614.1_2941,CP142614.1_2942,CP142623.1_3407,CP142623.1_3408
698202	6413	6542	8432	gene	AP012548.1_3213,CP001487.1_1116,CP142614.1_2941,CP142614.1_2942,CP142623.1_3407,CP142623.1_3408
698459	2367	2500	intergenic	.	CP142614.1_4050,CP142623.1_2300
698552	3425	3625	intergenic	.	AP012548.1_4134,CP142614.1_3857,CP142623.1_2493
698633	524	1012	606	stop_codon	AP012548.1_3128,AP012548.1_78,CP142614.1_1831,CP142614.1_1902,CP142614.1_2857,CP142614.1_4018,CP142623.1_227,CP142623.1_2332,CP142623.1_3493
698633	524	1012	870	CDS	AP012548.1_3128,AP012548.1_78,CP142614.1_1831,CP142614.1_1902,CP142614.1_2857,CP142614.1_4018,CP142623.1_227,CP142623.1_2332,CP142623.1_3493
698633	524	1012	870	exon	AP012548.1_3128,AP012548.1_78,CP142614.1_1831,CP142614.1_1902,CP142614.1_2857,CP142614.1_4018,CP142623.1_227,CP142623.1_2332,CP142623.1_3493
698633	524	1012	870	gene	AP012548.1_3128,AP012548.1_78,CP142614.1_1831,CP142614.1_1902,CP142614.1_2857,CP142614.1_4018,CP142623.1_227,CP142623.1_2332,CP142623.1_3493
698633	524	1012	870	mRNA	AP012548.1_3128,AP012548.1_78,CP142614.1_1831,CP142614.1_1902,CP142614.1_2857,CP142614.1_4018,CP142623.1_227,CP142623.1_2332,CP142623.1_3493
698633	524	1012	870	start_codon	AP012548.1_3128,AP012548.1_78,CP142614.1_1831,CP142614.1_1902,CP142614.1_2857,CP142614.1_4018,CP142623.1_227,CP142623.1_2332,CP142623.1_3493
698633	870	1012	intergenic	.	AP012548.1_3128,AP012548.1_78,CP142614.1_1831,CP142614.1_1902,CP142614.1_2857,CP142614.1_4018,CP142623.1_227,CP142623.1_2332,CP142623.1_3493
698682	5027	5145	intergenic	.	AP012548.1_2433,CP142614.1_2152,CP142623.1_4189
698689	1588	1925	intergenic	.	AP012548.1_2044,AP012548.1_2216,AP012548.1_822,CP001429.2_829,CP001487.1_3525,CP003000.1_1721,CP142614.1_539,CP142614.1_540,CP142623.1_1591,CP142623.1_1592
698811	3735	3815	intergenic	.	CP142623.1_860
699231	1013	1094	intergenic	.	AP012548.1_2514,CP142614.1_2232,CP142623.1_4109
699242	5785	6041	intergenic	.	AP012548.1_4042,CP001487.1_289,CP142614.1_3765,CP142623.1_2583,CP142623.1_2584
699565	3185	3313	intergenic	.	AP012548.1_282,AP012548.1_929
699742	2961	3179	intergenic	.	AP012548.1_244,AP012548.1_245,CP142614.1_4185,CP142614.1_4186,CP142623.1_2165,CP142623.1_2166
699782	3954	4201	intergenic	.	AP012548.1_372,AP012548.1_373,CP001487.1_3986,CP142614.1_90,CP142623.1_2036,CP142623.1_211
700	89276	89659	intergenic	.	AP012548.1_2944,AP012548.1_3828,AP012548.1_3829,AP012548.1_3830,AP012548.1_4205,CP142614.1_2673,CP142614.1_3552,CP142614.1_3554,CP142614.1_3928,CP142623.1_2422,CP142623.1_2796,CP142623.1_2797,CP142623.1_2798,CP142623.1_3680
700027	3829	4108	intergenic	.	AP012548.1_224,AP012548.1_802,CP142614.1_4164,CP142614.1_4165,CP142614.1_520,CP142623.1_1612,CP142623.1_2186
700133	8898	9050	intergenic	.	AP012548.1_631,CP142623.1_1783
700226	4689	4834	intergenic	.	AP012548.1_3716,AP012548.1_3717,CP142614.1_3440,CP142623.1_2909
700284	2140	2349	intergenic	.	AP012548.1_1257,CP001487.1_3108,CP142614.1_974,CP142614.1_975,CP142623.1_1154
700369	852	1004	intergenic	.	AP012548.1_3255,AP012548.1_3256,CP001429.2_3292,CP001487.1_1074,CP003000.1_3019,CP142614.1_2985,CP142623.1_3369
700733	1403	1464	intergenic	.	CP142614.1_1196,CP142614.1_2020,CP142614.1_747,CP142623.1_1305,CP142623.1_933
700733	1403	1674	1470	polyA_signal_sequence	CP142614.1_1196,CP142614.1_2020,CP142614.1_747,CP142623.1_1305,CP142623.1_933
700733	1403	1674	1485	stop_codon	CP142614.1_1196,CP142614.1_2020,CP142614.1_747,CP142623.1_1305,CP142623.1_933
700733	1403	1674	1629	CDS	CP142614.1_1196,CP142614.1_2020,CP142614.1_747,CP142623.1_1305,CP142623.1_933
700733	1403	1674	1629	exon	CP142614.1_1196,CP142614.1_2020,CP142614.1_747,CP142623.1_1305,CP142623.1_933
700733	1403	1674	1629	gene	CP142614.1_1196,CP142614.1_2020,CP142614.1_747,CP142623.1_1305,CP142623.1_933
700733	1403	1674	1629	mRNA	CP142614.1_1196,CP142614.1_2020,CP142614.1_747,CP142623.1_1305,CP142623.1_933
700733	1403	1674	1629	start_codon	CP142614.1_1196,CP142614.1_2020,CP142614.1_747,CP142623.1_1305,CP142623.1_933
700733	1629	1674	intergenic	.	CP142614.1_1196,CP142614.1_2020,CP142614.1_747,CP142623.1_1305,CP142623.1_933
701058	1448	1676	intergenic	.	AP012548.1_4152,CP142614.1_3876,CP142623.1_2474
701068	7414	7542	intergenic	.	AP012548.1_3691,CP001487.1_641,CP142614.1_3414,CP142623.1_2935
701188	2153	2482	intergenic	.	AP012548.1_1628,CP001487.1_2738,CP142614.1_4023
701240	10859	10987	17682	mRNA	AP012548.1_4020,CP142614.1_3743,CP142623.1_2606
701240	10859	10987	17706	gene	AP012548.1_4020,CP142614.1_3743,CP142623.1_2606
701242	6659	7375	7486	gene	AP012548.1_2595,AP012548.1_3221,AP012548.1_4144,CP001487.1_1729,CP003000.1_3843,CP142614.1_2314,CP142614.1_2315,CP142614.1_2481,CP142614.1_2949,CP142614.1_3212,CP142614.1_3867,CP142623.1_2483,CP142623.1_3143,CP142623.1_3399,CP142623.1_3860,CP142623.1_4026,CP142623.1_4027
701242	6659	7375	7486	mRNA	AP012548.1_2595,AP012548.1_3221,AP012548.1_4144,CP001487.1_1729,CP003000.1_3843,CP142614.1_2314,CP142614.1_2315,CP142614.1_2481,CP142614.1_2949,CP142614.1_3212,CP142614.1_3867,CP142623.1_2483,CP142623.1_3143,CP142623.1_3399,CP142623.1_3860,CP142623.1_4026,CP142623.1_4027
701373	854	1035	intergenic	.	AP012548.1_3385,AP012548.1_3386,CP001429.2_3428,CP001487.1_945,CP003000.1_3152,CP142614.1_3115,CP142614.1_3116,CP142623.1_3238,CP142623.1_3239
701418	5201	5349	5729	gene	AP012548.1_2732,CP142614.1_2451,CP142623.1_3890
701665	1583	1996	intergenic	.	AP012548.1_2391,AP012548.1_2392,AP012548.1_2713,AP012548.1_2714,AP012548.1_804,CP001429.2_2406,CP001487.1_1611,CP001487.1_1975,CP003000.1_2148,CP142614.1_2110,CP142614.1_2432,CP142614.1_2433,CP142623.1_1610,CP142623.1_20,CP142623.1_3907,CP142623.1_3908,CP142623.1_3909
702136	1345	1478	intergenic	.	AP012548.1_69,CP142614.1_4009,CP142623.1_2341
702250	228	911	intergenic	.	AP012548.1_3968,AP012548.1_3969,AP012548.1_3971,CP001429.2_4008,CP003000.1_3679,CP142614.1_3691,CP142614.1_3692,CP142614.1_3694,CP142623.1_2656,CP142623.1_2657,CP142623.1_2658
702291	309	470	intergenic	.	AP012548.1_1876,AP012548.1_1877,CP001487.1_2488,CP142614.1_1592,CP142614.1_1593,CP142623.1_536
702331	2552	2784	intergenic	.	AP012548.1_4117,CP001487.1_210,CP142614.1_3840,CP142623.1_2509,CP142623.1_2510
702366	683	800	intergenic	.	AP012548.1_622,CP001487.1_3723,CP142614.1_339,CP142623.1_159
702366	1557	1699	intergenic	.	AP012548.1_1891
702886	1107	1203	intergenic	.	AP012548.1_2594,CP142614.1_2314,CP142623.1_4027
702890	6053	6310	7697	mRNA	AP012548.1_3752,CP001429.2_3787,CP001487.1_580,CP003000.1_3505,CP142614.1_3474,CP142623.1_2874
702890	6053	6310	7830	gene	AP012548.1_3752,CP001429.2_3787,CP001487.1_580,CP003000.1_3505,CP142614.1_3474,CP142623.1_2874
703044	634	777	intergenic	.	AP012548.1_1368,CP001487.1_2996,CP142623.1_1043
703701	892	1057	intergenic	.	AP012548.1_3906,CP001487.1_3126,CP003000.1_1343,CP142614.1_3629,CP142623.1_2720
703745	2812	2946	intergenic	.	AP012548.1_2974,CP001487.1_1353,CP142614.1_2703,CP142623.1_3649
704073	1234	1408	intergenic	.	AP012548.1_4126,CP142614.1_3849,CP142614.1_3850,CP142623.1_2500,CP142623.1_2501
704152	505	837	1655	mRNA	CP003000.1_1395,CP142614.1_906,CP142623.1_1223,CP142623.1_1225
704152	505	837	1771	gene	CP003000.1_1395,CP142614.1_906,CP142623.1_1223,CP142623.1_1225
705104	2712	2922	intergenic	.	AP012548.1_2557,CP142614.1_2275,CP142614.1_2276,CP142623.1_4065,CP142623.1_4066
706777	1278	1422	intergenic	.	CP001487.1_2526
706883	13485	13742	intergenic	.	AP012548.1_1545,AP012548.1_1546,CP001487.1_2819,CP142614.1_1262,CP142614.1_1263,CP142623.1_865,CP142623.1_866
706917	3965	4230	intergenic	.	CP142614.1_3725,CP142614.1_3726,CP142623.1_2625
706956	2444	2806	8075	gene	AP012548.1_894,AP012548.1_895,CP001429.2_903,CP001487.1_3451,CP003000.1_1651,CP142614.1_612,CP142614.1_613,CP142623.1_1518,CP142623.1_1519
706956	2444	2806	8075	mRNA	AP012548.1_894,AP012548.1_895,CP001429.2_903,CP001487.1_3451,CP003000.1_1651,CP142614.1_612,CP142614.1_613,CP142623.1_1518,CP142623.1_1519
706962	14208	14291	intergenic	.	CP142614.1_1259
707016	2353	2449	intergenic	.	AP012548.1_1796,CP142614.1_1512,CP142623.1_616,CP142623.1_617
708365	13429	13579	intergenic	.	CP001429.2_1974,CP142623.1_446
708401	10069	10155	intergenic	.	AP012548.1_2268,CP001429.2_2282,CP001487.1_2099,CP142614.1_1985,CP142623.1_144
708414	660	809	intergenic	.	AP012548.1_1468
708414	1161	1367	intergenic	.	AP012548.1_933,CP142614.1_651,CP142623.1_1479
708460	51693	51772	intergenic	.	CP142614.1_2888,CP142623.1_3461
708481	81192	81419	intergenic	.	AP012548.1_109,AP012548.1_110,CP001487.1_2,CP001487.1_3,CP003000.1_108,CP003000.1_109,CP142614.1_4049,CP142623.1_2301
709410	903	987	intergenic	.	AP012548.1_1531,CP142614.1_1247,CP142614.1_1248,CP142623.1_881
709422	3803	4226	intergenic	.	AP012548.1_873,CP001487.1_3471,CP001487.1_3473,CP142614.1_591,CP142623.1_1541
709498	6245	6392	6472	gene	CP142614.1_448,CP142623.1_2420
709628	24875	25011	intergenic	.	CP001487.1_2792,CP142614.1_1290
709995	1155	1257	intergenic	.	AP012548.1_2646,CP001429.2_2679,CP001487.1_1678,CP003000.1_2438,CP142614.1_2365,CP142623.1_3976
709995	1910	2135	intergenic	.	AP012548.1_3607,CP001487.1_725,CP142614.1_3335,CP142623.1_3020
71	351695	351819	intergenic	.	CP142614.1_4164,CP142623.1_2187
710056	3406	3637	3535	CDS	AP012548.1_2625,AP012548.1_2626,CP001487.1_1697,CP001487.1_1698,CP003000.1_2417,CP142614.1_2344,CP142614.1_2345,CP142614.1_2346,CP142623.1_3996,CP142623.1_3997
710056	3406	3637	3535	exon	AP012548.1_2625,AP012548.1_2626,CP001487.1_1697,CP001487.1_1698,CP003000.1_2417,CP142614.1_2344,CP142614.1_2345,CP142614.1_2346,CP142623.1_3996,CP142623.1_3997
710056	3406	3637	3535	mRNA	AP012548.1_2625,AP012548.1_2626,CP001487.1_1697,CP001487.1_1698,CP003000.1_2417,CP142614.1_2344,CP142614.1_2345,CP142614.1_2346,CP142623.1_3996,CP142623.1_3997
710056	3406	3637	3535	stop_codon	AP012548.1_2625,AP012548.1_2626,CP001487.1_1697,CP001487.1_1698,CP003000.1_2417,CP142614.1_2344,CP142614.1_2345,CP142614.1_2346,CP142623.1_3996,CP142623.1_3997
710056	3406	3637	3582	gene	AP012548.1_2625,AP012548.1_2626,CP001487.1_1697,CP001487.1_1698,CP003000.1_2417,CP142614.1_2344,CP142614.1_2345,CP142614.1_2346,CP142623.1_3996,CP142623.1_3997
710056	3406	3637	3582	polyA_signal_sequence	AP012548.1_2625,AP012548.1_2626,CP001487.1_1697,CP001487.1_1698,CP003000.1_2417,CP142614.1_2344,CP142614.1_2345,CP142614.1_2346,CP142623.1_3996,CP142623.1_3997
710056	3582	3637	intergenic	.	AP012548.1_2625,AP012548.1_2626,CP001487.1_1697,CP001487.1_1698,CP003000.1_2417,CP142614.1_2344,CP142614.1_2345,CP142614.1_2346,CP142623.1_3996,CP142623.1_3997
710086	6970	7116	intergenic	.	AP012548.1_172,CP142614.1_4111,CP142614.1_4112,CP142623.1_2238,CP142623.1_2239
710105	5869	6030	intergenic	.	AP012548.1_1047,AP012548.1_1048,CP142614.1_766,CP142614.1_767,CP142623.1_1365
710166	4087	4278	intergenic	.	AP012548.1_3053,AP012548.1_3337,AP012548.1_3338,CP001487.1_993,CP003000.1_3104,CP142614.1_3068,CP142623.1_3287
710174	7867	8015	9932	mRNA	AP012548.1_2454,CP001429.2_2468,CP001487.1_1914,CP142614.1_2172,CP142614.1_2173,CP142623.1_4168
710174	7867	8015	9944	gene	AP012548.1_2454,CP001429.2_2468,CP001487.1_1914,CP142614.1_2172,CP142614.1_2173,CP142623.1_4168
710177	2991	3250	intergenic	.	AP012548.1_1948,AP012548.1_1949,CP001429.2_1956,CP001487.1_2416,CP001487.1_2417,CP142614.1_1664,CP142614.1_1665,CP142623.1_463,CP142623.1_464
710186	2712	2863	intergenic	.	CP142623.1_811
710328	1439	1552	intergenic	.	AP012548.1_495,CP142614.1_213,CP142614.1_214,CP142623.1_1913
710692	17780	17891	intergenic	.	CP142614.1_3246,CP142623.1_3109
711	120565	120854	126346	gene	AP012548.1_4016,AP012548.1_4017,CP142614.1_3739,CP142614.1_3740,CP142623.1_2610,CP142623.1_2611
711	120565	120854	126346	mRNA	AP012548.1_4016,AP012548.1_4017,CP142614.1_3739,CP142614.1_3740,CP142623.1_2610,CP142623.1_2611
711125	97	249	intergenic	.	CP142623.1_4001
711198	724	874	intergenic	.	CP142614.1_2528
711284	5530	5719	intergenic	.	AP012548.1_1282,CP001487.1_3082,CP142614.1_1000,CP142614.1_999,CP142623.1_1129
711316	1314	1804	6496	gene	AP012548.1_1047,AP012548.1_1485,CP142614.1_1202,CP142614.1_732,CP142614.1_766,CP142623.1_1366,CP142623.1_1399,CP142623.1_926
711316	1314	1804	6496	mRNA	AP012548.1_1047,AP012548.1_1485,CP142614.1_1202,CP142614.1_732,CP142614.1_766,CP142623.1_1366,CP142623.1_1399,CP142623.1_926
711332	8405	8570	intergenic	.	AP012548.1_1776,CP001487.1_2589,CP142614.1_1492,CP142623.1_636,CP142623.1_637
711380	516	790	intergenic	.	AP012548.1_2582,CP142614.1_2301,CP142614.1_2303,CP142623.1_4038
711567	10038	10243	intergenic	.	AP012548.1_1241,AP012548.1_1242,CP142614.1_959,CP142623.1_1169,CP142623.1_1170
711637	19057	19152	intergenic	.	CP142623.1_3936
711644	2974	3551	intergenic	.	AP012548.1_2899,AP012548.1_2900,AP012548.1_2901,AP012548.1_2902,CP001429.2_2935,CP001487.1_1424,CP001487.1_1427,CP142614.1_2628,CP142614.1_2629,CP142614.1_2630,CP142614.1_2631,CP142623.1_3722,CP142623.1_3724
711713	50461	50560	63763	gene	AP012548.1_2939,AP012548.1_2940,CP001429.2_2977,CP142614.1_2669,CP142623.1_3684
711713	50461	50560	63763	mRNA	AP012548.1_2939,AP012548.1_2940,CP001429.2_2977,CP142614.1_2669,CP142623.1_3684
711765	5225	5333	intergenic	.	AP012548.1_1845,CP003000.1_807,CP142614.1_1561,CP142623.1_567
711806	3051	3178	intergenic	.	AP012548.1_4130
711826	22142	22276	intergenic	.	AP012548.1_3326,CP142614.1_3057,CP142623.1_3298
712441	5080	5264	6290	gene	AP012548.1_1831,CP001429.2_1838,CP001487.1_2533,CP001487.1_2534,CP142614.1_1547,CP142623.1_581,CP142623.1_582
712441	5080	5264	6290	mRNA	AP012548.1_1831,CP001429.2_1838,CP001487.1_2533,CP001487.1_2534,CP142614.1_1547,CP142623.1_581,CP142623.1_582
712608	1912	2291	intergenic	.	AP012548.1_2170,AP012548.1_2171,AP012548.1_2172,AP012548.1_602,CP001487.1_2194,CP001487.1_2195,CP001487.1_3743,CP142614.1_1887,CP142614.1_1888,CP142614.1_1889,CP142614.1_319,CP142623.1_240,CP142623.1_241
712641	7258	7432	intergenic	.	AP012548.1_3223,CP142623.1_3397
712962	31	170	intergenic	.	AP012548.1_3272
712965	648	799	intergenic	.	AP012548.1_359,CP001429.2_363,CP142614.1_77,CP142623.1_2049
712988	7060	7252	intergenic	.	CP001429.2_2552,CP001487.1_1832,CP003000.1_2283,CP142614.1_2254,CP142623.1_4087
713721	992	1509	intergenic	.	AP012548.1_1355,AP012548.1_1356,AP012548.1_2009,CP001429.2_1480,CP001487.1_3009,CP003000.1_1228,CP142614.1_1073,CP142614.1_1725,CP142623.1_1055,CP142623.1_1056,CP142623.1_2288,CP142623.1_403,CP142623.1_404
713806	393	831	intergenic	.	AP012548.1_4098,AP012548.1_676,AP012548.1_677,AP012548.1_678,CP001487.1_3669,CP142614.1_393,CP142614.1_394,CP142614.1_395,CP142623.1_1736,CP142623.1_1737,CP142623.1_1738,CP142623.1_2528
713890	456	711	intergenic	.	AP012548.1_4048,AP012548.1_4049,CP001429.2_4089,CP003000.1_3759,CP142614.1_3771,CP142614.1_3772,CP142623.1_2577,CP142623.1_2578
713930	7542	7747	intergenic	.	AP012548.1_507,AP012548.1_508,CP142614.1_225,CP142614.1_226,CP142623.1_1901
713994	62	196	intergenic	.	CP142623.1_3144
714009	1739	1876	intergenic	.	AP012548.1_2636,AP012548.1_2637,CP142614.1_2356,CP142623.1_3985
714137	11036	11228	intergenic	.	CP142614.1_3043,CP142614.1_3044,CP142623.1_3310
714151	7725	7918	8935	gene	AP012548.1_1203,CP142614.1_920,CP142623.1_1208,CP142623.1_1209
714151	7725	7918	8935	mRNA	AP012548.1_1203,CP142614.1_920,CP142623.1_1208,CP142623.1_1209
714190	1025	1270	intergenic	.	AP012548.1_2600,CP142614.1_2319,CP142614.1_2320,CP142623.1_4021,CP142623.1_4022
714220	652	1044	908	gene	AP012548.1_3729,AP012548.1_3730,AP012548.1_3731,CP001429.2_3765,CP142614.1_3452,CP142614.1_3453,CP142623.1_2895,CP142623.1_2896,CP142623.1_2897
714220	652	1044	908	polyA_signal_sequence	AP012548.1_3729,AP012548.1_3730,AP012548.1_3731,CP001429.2_3765,CP142614.1_3452,CP142614.1_3453,CP142623.1_2895,CP142623.1_2896,CP142623.1_2897
714220	908	1044	intergenic	.	AP012548.1_3729,AP012548.1_3730,AP012548.1_3731,CP001429.2_3765,CP142614.1_3452,CP142614.1_3453,CP142623.1_2895,CP142623.1_2896,CP142623.1_2897
714644	173	327	intergenic	.	AP012548.1_602,AP012548.1_603,CP142614.1_320,CP142623.1_1811
714672	10549	10657	10619	CDS	CP001487.1_2720,CP142623.1_767
714672	10549	10657	10619	exon	CP001487.1_2720,CP142623.1_767
714672	10549	10657	13656	gene	CP001487.1_2720,CP142623.1_767
714672	10549	10657	13656	mRNA	CP001487.1_2720,CP142623.1_767
714684	6517	6667	intergenic	.	AP012548.1_4069,CP001429.2_4109,CP001487.1_262,CP142623.1_2557
714784	6186	6333	intergenic	.	AP012548.1_83,CP142623.1_2327
714785	2087	2738	intergenic	.	AP012548.1_1226,AP012548.1_1803,AP012548.1_393,CP001429.2_1232,CP001487.1_1427,CP001487.1_3139,CP003000.1_2679,CP142614.1_110,CP142614.1_111,CP142614.1_1519,CP142614.1_943,CP142623.1_2016,CP142623.1_3725,CP142623.1_609
714802	166	453	intergenic	.	AP012548.1_2831,AP012548.1_2832,CP001487.1_1494,CP142614.1_2560,CP142614.1_2561,CP142623.1_3791,CP142623.1_3792
714984	257	380	intergenic	.	AP012548.1_3540,CP142614.1_3268,CP142614.1_3269,CP142623.1_3086,CP142623.1_3087
715	156842	156923	185283	mRNA	CP142614.1_2197
715	156842	156923	185399	gene	CP142614.1_2197
715299	6332	6751	7292	gene	AP012548.1_58,AP012548.1_82,CP003000.1_57,CP142614.1_3998,CP142614.1_4021,CP142623.1_2329,CP142623.1_2352
715299	6332	6751	7292	mRNA	AP012548.1_58,AP012548.1_82,CP003000.1_57,CP142614.1_3998,CP142614.1_4021,CP142623.1_2329,CP142623.1_2352
715521	1216	1392	intergenic	.	CP001429.2_1108,CP001487.1_3247,CP142614.1_3543,CP142614.1_419,CP142614.1_837,CP142623.1_1293,CP142623.1_2807
715595	1262	1477	intergenic	.	AP012548.1_2464,AP012548.1_2465,CP142614.1_2183,CP142623.1_4158
715846	1018	1248	intergenic	.	AP012548.1_1670,AP012548.1_1671,CP001487.1_2695,CP003000.1_981,CP142614.1_1386,CP142623.1_743
715847	3797	4029	intergenic	.	AP012548.1_2083,AP012548.1_3573
715997	2244	2520	intergenic	.	AP012548.1_2885,CP142614.1_2615,CP142614.1_2616,CP142623.1_3737,CP142623.1_3738
716170	3185	3378	intergenic	.	AP012548.1_904,AP012548.1_905,CP001487.1_3441,CP142614.1_622,CP142614.1_623,CP142623.1_1508,CP142623.1_1509
716442	2054	2155	intergenic	.	AP012548.1_3120,CP001429.2_3157,CP001487.1_1208,CP142623.1_3502
717010	588	681	intergenic	.	AP012548.1_2846,CP001429.2_2879,CP142614.1_2575,CP142623.1_3776
717190	6498	6866	intergenic	.	AP012548.1_3056,AP012548.1_3057,CP142614.1_2785,CP142614.1_2786,CP142623.1_3565,CP142623.1_3566,CP142623.1_3567
717306	3380	3491	intergenic	.	AP012548.1_974,CP001487.1_3392,CP003000.1_1592,CP142614.1_692,CP142623.1_1439
717379	67	225	intergenic	.	AP012548.1_1638,CP001429.2_1644,CP001487.1_2728,CP142614.1_1354,CP142623.1_774,CP142623.1_775
717425	1541	1698	intergenic	.	AP012548.1_2520
718153	1885	1986	intergenic	.	CP142614.1_1948
718177	120	707	intergenic	.	AP012548.1_1358,AP012548.1_1359,AP012548.1_1361,CP001487.1_3005,CP142614.1_1076,CP142614.1_1078,CP142623.1_1050,CP142623.1_1052
718287	4308	4449	5642	mRNA	CP142623.1_3311
718287	4308	4449	5707	gene	CP142623.1_3311
718470	1838	1949	intergenic	.	CP142614.1_521,CP142623.1_1611
718906	1580	1689	intergenic	.	CP001429.2_2147,CP142623.1_273
718931	1639	1737	intergenic	.	AP012548.1_8,CP142614.1_3948,CP142623.1_2402
719276	5273	5500	intergenic	.	AP012548.1_2691,CP003000.1_2483,CP142614.1_2410,CP142623.1_3930,CP142623.1_3931
719276	5707	5985	intergenic	.	AP012548.1_656,CP142623.1_1758,CP142623.1_3650
719355	1441	1538	intergenic	.	AP012548.1_954,CP142623.1_1458
719523	2497	2640	intergenic	.	CP142623.1_260
719627	1427	1592	intergenic	.	AP012548.1_734,CP001487.1_3613,CP142623.1_1680
719750	1097	1220	intergenic	.	AP012548.1_1978,CP142614.1_1385
719968	1740	1865	intergenic	.	AP012548.1_3769,CP001487.1_564,CP142614.1_3492,CP142623.1_2857
720598	0	137	intergenic	.	AP012548.1_3067,AP012548.1_3068,CP142614.1_2796,CP142623.1_3554
720684	1040	1175	intergenic	.	AP012548.1_1494,CP142614.1_1211,CP142623.1_917
720720	3554	3726	intergenic	.	AP012548.1_2081,CP001487.1_2285,CP142614.1_1798,CP142614.1_2625,CP142623.1_331,CP142623.1_3727
720799	4291	4816	intergenic	.	AP012548.1_1244,AP012548.1_1245,AP012548.1_1246,AP012548.1_1247,CP001429.2_1250,CP001429.2_1253,CP001487.1_3120,CP142614.1_961,CP142614.1_963,CP142614.1_964,CP142623.1_1165,CP142623.1_1167
720841	1948	2043	intergenic	.	AP012548.1_1484,CP142614.1_1201,CP142623.1_927
720959	2307	2421	intergenic	.	AP012548.1_1394,CP142614.1_1111,CP142623.1_1017
721	48469	48609	intergenic	.	AP012548.1_4090,CP142614.1_3812,CP142623.1_2536
721051	1595	1714	intergenic	.	AP012548.1_3756,CP001487.1_576,CP003000.1_3509,CP142614.1_3479,CP142623.1_2870
721349	418	565	intergenic	.	CP142614.1_3689,CP142623.1_2660
721361	953	1065	intergenic	.	AP012548.1_3763,CP142614.1_3486,CP142623.1_2863
721362	7276	7432	intergenic	.	AP012548.1_2780,CP142614.1_2499,CP142623.1_3842
721375	11193	11443	intergenic	.	AP012548.1_1846,AP012548.1_3269,CP001487.1_1061,CP003000.1_3032,CP142614.1_1562,CP142614.1_2998,CP142623.1_3356,CP142623.1_566
721405	1046	1219	intergenic	.	AP012548.1_2254,AP012548.1_2255,CP003000.1_428,CP142623.1_157
721427	489	669	intergenic	.	AP012548.1_218,AP012548.1_219,CP001487.1_4140,CP142614.1_4158,CP142614.1_4159,CP142623.1_2191,CP142623.1_2192
721457	3800	4112	intergenic	.	AP012548.1_3770,AP012548.1_4155,CP001487.1_193,CP003000.1_3834,CP142614.1_3493,CP142614.1_3858,CP142614.1_3878,CP142623.1_2472,CP142623.1_2492,CP142623.1_2856
721464	12936	13062	intergenic	.	CP142614.1_2530
721464	13388	13986	intergenic	.	AP012548.1_2908,CP142614.1_2524,CP142614.1_2525,CP142614.1_2526,CP142614.1_2527
721558	6305	6459	intergenic	.	AP012548.1_2266,AP012548.1_2267,CP142614.1_1983,CP142614.1_1984,CP142623.1_145,CP142623.1_146
721561	65	177	intergenic	.	AP012548.1_3684,CP142614.1_3407,CP142623.1_2942
721690	0	330	intergenic	.	AP012548.1_2847,AP012548.1_3020,AP012548.1_3021,CP001429.2_2880,CP001487.1_1307,CP003000.1_2635,CP142614.1_2576,CP142614.1_2749,CP142614.1_2750,CP142623.1_3601,CP142623.1_3602,CP142623.1_3775
721758	1998	2137	intergenic	.	CP001487.1_1269,CP142614.1_2787,CP142623.1_3564
721774	744	956	intergenic	.	AP012548.1_979,AP012548.1_980,CP001487.1_3386,CP003000.1_1586,CP142614.1_698,CP142623.1_1433
721830	976	1088	intergenic	.	AP012548.1_1839,AP012548.1_1840,CP001429.2_1847,CP001487.1_2524,CP001487.1_2525,CP003000.1_812,CP142614.1_1555,CP142614.1_1556,CP142623.1_572,CP142623.1_573
721830	976	1291	1091	start_codon	AP012548.1_1839,AP012548.1_1840,CP001429.2_1847,CP001487.1_2524,CP001487.1_2525,CP003000.1_812,CP142614.1_1555,CP142614.1_1556,CP142623.1_572,CP142623.1_573
721830	976	1291	1272	CDS	AP012548.1_1839,AP012548.1_1840,CP001429.2_1847,CP001487.1_2524,CP001487.1_2525,CP003000.1_812,CP142614.1_1555,CP142614.1_1556,CP142623.1_572,CP142623.1_573
721830	976	1291	1272	exon	AP012548.1_1839,AP012548.1_1840,CP001429.2_1847,CP001487.1_2524,CP001487.1_2525,CP003000.1_812,CP142614.1_1555,CP142614.1_1556,CP142623.1_572,CP142623.1_573
721830	976	1291	1272	gene	AP012548.1_1839,AP012548.1_1840,CP001429.2_1847,CP001487.1_2524,CP001487.1_2525,CP003000.1_812,CP142614.1_1555,CP142614.1_1556,CP142623.1_572,CP142623.1_573
721830	976	1291	1272	mRNA	AP012548.1_1839,AP012548.1_1840,CP001429.2_1847,CP001487.1_2524,CP001487.1_2525,CP003000.1_812,CP142614.1_1555,CP142614.1_1556,CP142623.1_572,CP142623.1_573
721830	1272	1291	intergenic	.	AP012548.1_1839,AP012548.1_1840,CP001429.2_1847,CP001487.1_2524,CP001487.1_2525,CP003000.1_812,CP142614.1_1555,CP142614.1_1556,CP142623.1_572,CP142623.1_573
721903	104	180	intergenic	.	AP012548.1_1303,CP001487.1_3061,CP142614.1_1021,CP142623.1_1108
721934	3022	3212	intergenic	.	AP012548.1_1607,CP142614.1_1323,CP142614.1_1324,CP142623.1_804,CP142623.1_805
721990	0	313	intergenic	.	AP012548.1_3970,CP003000.1_3682,CP142614.1_3693,CP142623.1_2655
722325	550	684	intergenic	.	AP012548.1_3387,AP012548.1_3388,CP001487.1_943,CP142614.1_3118,CP142623.1_3236,CP142623.1_3237
722516	930	1053	intergenic	.	CP001429.2_373,CP001487.1_3989,CP142614.1_87,CP142623.1_2039
722616	2870	2979	intergenic	.	AP012548.1_2219
722937	4682	4768	intergenic	.	AP012548.1_1427,CP142614.1_1144,CP142623.1_984
723	469111	469236	intergenic	.	AP012548.1_3597,CP142614.1_3326
723110	1074	1176	intergenic	.	AP012548.1_381,AP012548.1_382,CP142614.1_99,CP142623.1_2027
723396	417	538	intergenic	.	AP012548.1_1087,CP142614.1_806,CP142623.1_1325
723593	2655	2784	intergenic	.	AP012548.1_2408,CP001429.2_2423,CP001487.1_1958,CP003000.1_2165,CP142614.1_2127,CP142623.1_3,CP142623.1_4
723814	987	1247	intergenic	.	AP012548.1_2438,AP012548.1_2439,CP142614.1_2157,CP142614.1_2158,CP142623.1_4183,CP142623.1_4184
723831	1638	1736	intergenic	.	CP142614.1_2349,CP142623.1_3992
724056	96	259	intergenic	.	AP012548.1_805,AP012548.1_806,CP001487.1_3542,CP142614.1_523,CP142614.1_524,CP142623.1_1608,CP142623.1_1609
724529	128	330	intergenic	.	AP012548.1_1510,AP012548.1_3898,CP142614.1_1227,CP142614.1_3622,CP142623.1_2728,CP142623.1_901
724535	1052	1366	intergenic	.	AP012548.1_3489,CP001487.1_2842,CP142614.1_1240,CP142614.1_3217,CP142623.1_888
724542	310	469	intergenic	.	CP142614.1_3311
724550	396	410	intergenic	.	AP012548.1_4045,AP012548.1_4046,CP142614.1_3769,CP142623.1_2580,CP142623.1_2581
724550	396	692	630	CDS	AP012548.1_4045,AP012548.1_4046,CP142614.1_3769,CP142623.1_2580,CP142623.1_2581
724550	396	692	630	exon	AP012548.1_4045,AP012548.1_4046,CP142614.1_3769,CP142623.1_2580,CP142623.1_2581
724550	396	692	630	gene	AP012548.1_4045,AP012548.1_4046,CP142614.1_3769,CP142623.1_2580,CP142623.1_2581
724550	396	692	630	mRNA	AP012548.1_4045,AP012548.1_4046,CP142614.1_3769,CP142623.1_2580,CP142623.1_2581
724550	630	692	intergenic	.	AP012548.1_4045,AP012548.1_4046,CP142614.1_3769,CP142623.1_2580,CP142623.1_2581
724552	297	447	intergenic	.	AP012548.1_1401,CP142614.1_1118,CP142623.1_1010,CP142623.1_1011
725168	302	507	intergenic	.	AP012548.1_2304,AP012548.1_2305,CP001429.2_2318,CP001429.2_2319,CP001487.1_2062,CP142614.1_2022,CP142623.1_107
725311	674	826	intergenic	.	CP142614.1_2966
725363	979	1122	intergenic	.	AP012548.1_2892,CP001487.1_1434,CP142614.1_2621,CP142623.1_3732
725569	44	233	intergenic	.	AP012548.1_942,AP012548.1_943,CP142614.1_661,CP142614.1_662,CP142623.1_1469,CP142623.1_1470
725717	3350	3696	intergenic	.	AP012548.1_2291,AP012548.1_2292,AP012548.1_3365,CP001429.2_2306,CP001487.1_2074,CP001487.1_965,CP142614.1_2009,CP142614.1_2010,CP142614.1_3095,CP142623.1_119,CP142623.1_120,CP142623.1_3259
725784	862	1034	intergenic	.	AP012548.1_1628,AP012548.1_797,CP142614.1_1345,CP142614.1_515,CP142623.1_1617,CP142623.1_783
726105	955	1061	intergenic	.	AP012548.1_1994,CP003000.1_672,CP142614.1_1709,CP142623.1_419
726507	637	827	intergenic	.	AP012548.1_1508,CP142614.1_1225,CP142623.1_903
726646	1784	2027	intergenic	.	AP012548.1_2671,CP142614.1_2427,CP142623.1_3914,CP142623.1_3951
726836	739	939	intergenic	.	AP012548.1_3041,CP142614.1_2770,CP142623.1_3580,CP142623.1_3581
727	58861	59011	68724	gene	AP012548.1_993,CP001487.1_3372,CP142614.1_712,CP142623.1_1419
727	58861	59011	68724	mRNA	AP012548.1_993,CP001487.1_3372,CP142614.1_712,CP142623.1_1419
727169	628	631	intergenic	.	AP012548.1_2179,AP012548.1_2180,AP012548.1_3782,CP001487.1_2186,CP003000.1_487,CP142614.1_1896,CP142614.1_1897,CP142614.1_3505,CP142623.1_232,CP142623.1_2844
727169	628	944	882	CDS	AP012548.1_2179,AP012548.1_2180,AP012548.1_3782,CP001487.1_2186,CP003000.1_487,CP142614.1_1896,CP142614.1_1897,CP142614.1_3505,CP142623.1_232,CP142623.1_2844
727169	628	944	882	exon	AP012548.1_2179,AP012548.1_2180,AP012548.1_3782,CP001487.1_2186,CP003000.1_487,CP142614.1_1896,CP142614.1_1897,CP142614.1_3505,CP142623.1_232,CP142623.1_2844
727169	628	944	882	gene	AP012548.1_2179,AP012548.1_2180,AP012548.1_3782,CP001487.1_2186,CP003000.1_487,CP142614.1_1896,CP142614.1_1897,CP142614.1_3505,CP142623.1_232,CP142623.1_2844
727169	628	944	882	mRNA	AP012548.1_2179,AP012548.1_2180,AP012548.1_3782,CP001487.1_2186,CP003000.1_487,CP142614.1_1896,CP142614.1_1897,CP142614.1_3505,CP142623.1_232,CP142623.1_2844
727169	882	944	intergenic	.	AP012548.1_2179,AP012548.1_2180,AP012548.1_3782,CP001487.1_2186,CP003000.1_487,CP142614.1_1896,CP142614.1_1897,CP142614.1_3505,CP142623.1_232,CP142623.1_2844
727607	4095	4315	intergenic	.	AP012548.1_1901,CP001487.1_2463,CP001487.1_2464,CP142614.1_1617,CP142623.1_511,CP142623.1_512
727752	1325	1582	intergenic	.	AP012548.1_324,AP012548.1_325,CP142614.1_40,CP142614.1_41,CP142623.1_2085
727767	1139	1254	intergenic	.	CP142623.1_610
727825	1824	1954	intergenic	.	AP012548.1_2199,CP142614.1_1915,CP142623.1_213
728125	679	873	intergenic	.	AP012548.1_276,AP012548.1_277,CP001429.2_280,CP001487.1_4083,CP003000.1_247,CP142614.1_4216,CP142623.1_2132,CP142623.1_2133
728532	1362	1501	intergenic	.	AP012548.1_404,AP012548.1_405,CP142614.1_122,CP142623.1_2004,CP142623.1_2005
728604	2864	3072	intergenic	.	AP012548.1_707,CP001429.2_723,CP001487.1_3639,CP142614.1_425,CP142623.1_1707
729041	759	914	intergenic	.	AP012548.1_1790,CP001429.2_1797,CP001487.1_2575,CP003000.1_862,CP142614.1_1506,CP142623.1_622,CP142623.1_623
729269	776	868	intergenic	.	AP012548.1_3163,CP142614.1_2891,CP142623.1_3457
729823	511	914	intergenic	.	AP012548.1_2536,AP012548.1_2537,AP012548.1_2538,CP142614.1_2255,CP142614.1_2256,CP142614.1_2257,CP142623.1_4084,CP142623.1_4085,CP142623.1_4086
729905	1668	1834	intergenic	.	AP012548.1_1499,AP012548.1_1500,CP001487.1_2865,CP003000.1_1086,CP142614.1_1216,CP142614.1_1217,CP142623.1_912
730	118229	118383	144876	gene	AP012548.1_3019,AP012548.1_462,AP012548.1_463,CP142614.1_181,CP142614.1_2748,CP142623.1_1946,CP142623.1_3603
730	118229	118383	144876	mRNA	AP012548.1_3019,AP012548.1_462,AP012548.1_463,CP142614.1_181,CP142614.1_2748,CP142623.1_1946,CP142623.1_3603
730963	1133	1405	intergenic	.	AP012548.1_3750,AP012548.1_3751,CP001429.2_3786,CP001487.1_581,CP001487.1_582,CP001487.1_583,CP003000.1_3503,CP142614.1_3473,CP142623.1_2875,CP142623.1_2876
731	402574	402814	404161	gene	AP012548.1_3421,AP012548.1_3422,CP001487.1_908,CP142614.1_3151,CP142614.1_3152,CP142623.1_3203
731	402574	402814	404161	mRNA	AP012548.1_3421,AP012548.1_3422,CP001487.1_908,CP142614.1_3151,CP142614.1_3152,CP142623.1_3203
731114	228	488	intergenic	.	AP012548.1_2651,AP012548.1_3772,CP001429.2_2684,CP001487.1_557,CP003000.1_2442,CP142614.1_2370,CP142623.1_3971
731194	6198	6422	intergenic	.	AP012548.1_3768,AP012548.1_557,CP142614.1_274,CP142614.1_3491,CP142623.1_1857,CP142623.1_2858
731219	1021	1262	intergenic	.	AP012548.1_289,AP012548.1_290,CP142614.1_5,CP142614.1_6,CP142623.1_2119,CP142623.1_2120
731401	444	631	intergenic	.	AP012548.1_951,CP142614.1_669
731791	234	452	intergenic	.	AP012548.1_3979,AP012548.1_3980,CP142614.1_3703,CP142614.1_3704,CP142623.1_2646,CP142623.1_2647
731801	34	204	intergenic	.	AP012548.1_3901,CP142614.1_3625,CP142623.1_2725
731803	723	1020	intergenic	.	AP012548.1_1779,CP142614.1_1495,CP142614.1_1496,CP142623.1_633,CP142623.1_634
732040	782	1017	intergenic	.	AP012548.1_3804,CP142614.1_3527,CP142614.1_3528,CP142623.1_2821,CP142623.1_2822
732065	262	445	intergenic	.	AP012548.1_146,CP142614.1_4085,CP142614.1_4086,CP142623.1_2264,CP142623.1_2265
732531	4370	4513	intergenic	.	AP012548.1_2188,CP001487.1_2178,CP142614.1_1904,CP142623.1_224
732716	627	837	intergenic	.	CP001429.2_3243,CP003000.1_2979,CP142614.1_463,CP142623.1_1668
732744	4096	4318	intergenic	.	AP012548.1_2213,CP003000.1_463,CP142614.1_1929,CP142614.1_1930,CP142623.1_199
733073	503	606	intergenic	.	AP012548.1_2750,CP142614.1_2469,CP142623.1_3872
733230	906	1038	intergenic	.	AP012548.1_1585,CP142623.1_827
733431	1335	1481	intergenic	.	CP001487.1_3688,CP142614.1_374
733524	555	661	intergenic	.	AP012548.1_2469,CP003000.1_2223,CP142614.1_2188,CP142623.1_4153
733595	1193	1349	intergenic	.	AP012548.1_2376,CP003000.1_2133,CP142614.1_2095,CP142623.1_36
733681	586	703	intergenic	.	AP012548.1_2486,CP142614.1_2205,CP142623.1_4136
734170	1694	2166	intergenic	.	AP012548.1_3163,AP012548.1_3473,AP012548.1_3603,CP001487.1_1165,CP142614.1_1902,CP142614.1_2892,CP142614.1_3201,CP142614.1_3332,CP142623.1_226,CP142623.1_3023,CP142623.1_3024,CP142623.1_3153,CP142623.1_3457
735218	839	1173	intergenic	.	AP012548.1_3204,AP012548.1_3205,AP012548.1_3206,CP142614.1_2933,CP142623.1_3416
735293	779	920	intergenic	.	AP012548.1_64,CP142614.1_4003,CP142614.1_4004,CP142623.1_2347
735679	421	794	intergenic	.	AP012548.1_2350,AP012548.1_2351,AP012548.1_2352,CP001429.2_2365,CP001487.1_2015,CP003000.1_2109,CP142614.1_2069,CP142614.1_2070,CP142614.1_2071,CP142623.1_60,CP142623.1_61,CP142623.1_62
735793	1898	2059	intergenic	.	AP012548.1_3915,CP001487.1_415,CP003000.1_3625,CP142614.1_3638,CP142623.1_2711
736102	1827	2016	intergenic	.	AP012548.1_1466,CP001429.2_1473,CP142614.1_1183,CP142623.1_945,CP142623.1_946
736115	1453	1765	1777	CDS	CP142614.1_1387,CP142614.1_3994,CP142623.1_742
736115	1453	1765	1777	exon	CP142614.1_1387,CP142614.1_3994,CP142623.1_742
736115	1453	1765	1777	gene	CP142614.1_1387,CP142614.1_3994,CP142623.1_742
736115	1453	1765	1777	mRNA	CP142614.1_1387,CP142614.1_3994,CP142623.1_742
736682	408	552	intergenic	.	AP012548.1_444,AP012548.1_445,CP003000.1_391,CP142614.1_162,CP142614.1_163,CP142623.1_1964
736790	1826	1958	intergenic	.	AP012548.1_877,CP001487.1_3469,CP003000.1_1668,CP142614.1_595,CP142623.1_1537
736847	1006	1099	intergenic	.	AP012548.1_1768,AP012548.1_1769,CP001429.2_1776,CP001487.1_2596,CP001487.1_2597,CP142614.1_1484,CP142614.1_1485,CP142623.1_644
736875	494	729	intergenic	.	AP012548.1_181,AP012548.1_182,CP001429.2_67,CP001487.1_4177,CP003000.1_166,CP142614.1_4121,CP142623.1_2229
736987	2800	2938	intergenic	.	AP012548.1_3119,CP003000.1_2895,CP142614.1_2848
737	40000	40596	47094	gene	AP012548.1_600,AP012548.1_601,CP001487.1_3006,CP001487.1_3035,CP001487.1_3744,CP142614.1_1075,CP142614.1_317,CP142614.1_318,CP142614.1_510,CP142623.1_1053,CP142623.1_1812,CP142623.1_1813,CP142623.1_1814
737	40000	40596	47094	mRNA	AP012548.1_600,AP012548.1_601,CP001487.1_3006,CP001487.1_3035,CP001487.1_3744,CP142614.1_1075,CP142614.1_317,CP142614.1_318,CP142614.1_510,CP142623.1_1053,CP142623.1_1812,CP142623.1_1813,CP142623.1_1814
737001	4264	4498	intergenic	.	AP012548.1_1596,AP012548.1_44,CP001429.2_1602,CP001429.2_44,CP142614.1_1313,CP142614.1_3983,CP142623.1_2366,CP142623.1_815
737066	1774	2312	intergenic	.	AP012548.1_1798,AP012548.1_1799,AP012548.1_1800,AP012548.1_1801,CP001429.2_1806,CP001487.1_2565,CP001487.1_2566,CP003000.1_852,CP142614.1_1514,CP142614.1_1515,CP142614.1_1516,CP142614.1_1517,CP142623.1_612,CP142623.1_613,CP142623.1_614,CP142623.1_615
737212	4637	4723	intergenic	.	AP012548.1_3652
737384	1613	1728	intergenic	.	AP012548.1_2380,CP001429.2_2395,CP001487.1_1986,CP003000.1_2137,CP142614.1_2099,CP142623.1_31
737566	4626	4886	5873	gene	AP012548.1_1347,AP012548.1_1518,CP142614.1_1064,CP142614.1_1235,CP142623.1_1064,CP142623.1_893
737566	4626	4886	5873	mRNA	AP012548.1_1347,AP012548.1_1518,CP142614.1_1064,CP142614.1_1235,CP142623.1_1064,CP142623.1_893
737583	737	857	intergenic	.	AP012548.1_2543,CP142614.1_2261,CP142623.1_4080
737614	5783	5948	intergenic	.	AP012548.1_3490,CP142614.1_3218,CP142623.1_3136,CP142623.1_3137
737627	1161	1402	intergenic	.	AP012548.1_407,AP012548.1_408,AP012548.1_4162,CP001429.2_4207,CP001487.1_166,CP142614.1_125,CP142623.1_2001
738185	1024	1458	intergenic	.	AP012548.1_1436,AP012548.1_836,CP001487.1_2928,CP142614.1_1153,CP142614.1_3475,CP142614.1_554,CP142623.1_1578,CP142623.1_975
738337	2013	2604	intergenic	.	AP012548.1_2659,AP012548.1_2660,AP012548.1_2675,AP012548.1_2676,CP001429.2_2692,CP001429.2_2708,CP001487.1_1648,CP001487.1_1649,CP001487.1_1650,CP001487.1_1664,CP001487.1_1665,CP142614.1_2378,CP142614.1_2379,CP142614.1_2380,CP142614.1_2394,CP142614.1_2395,CP142623.1_3946,CP142623.1_3947,CP142623.1_3961,CP142623.1_3962
738589	258	430	intergenic	.	AP012548.1_2615,AP012548.1_2616,CP001429.2_2649,CP142614.1_2335,CP142623.1_4006
738745	1621	1808	intergenic	.	AP012548.1_3013,AP012548.1_3014,CP142614.1_2742,CP142614.1_2743,CP142623.1_3608,CP142623.1_3609
738757	781	931	intergenic	.	CP142614.1_2953,CP142623.1_3396
739165	3590	3730	intergenic	.	AP012548.1_3199,AP012548.1_3264,CP001429.2_3236,CP142614.1_2928,CP142614.1_2993,CP142623.1_3421
739274	9823	9957	intergenic	.	CP142614.1_240
739423	727	743	intergenic	.	AP012548.1_1771,AP012548.1_1978,CP001429.2_1778,CP001487.1_2594,CP003000.1_881,CP142614.1_1486,CP142614.1_1487,CP142623.1_435,CP142623.1_642
739423	727	891	746	start_codon	AP012548.1_1771,AP012548.1_1978,CP001429.2_1778,CP001487.1_2594,CP003000.1_881,CP142614.1_1486,CP142614.1_1487,CP142623.1_435,CP142623.1_642
739423	727	891	902	CDS	AP012548.1_1771,AP012548.1_1978,CP001429.2_1778,CP001487.1_2594,CP003000.1_881,CP142614.1_1486,CP142614.1_1487,CP142623.1_435,CP142623.1_642
739423	727	891	902	exon	AP012548.1_1771,AP012548.1_1978,CP001429.2_1778,CP001487.1_2594,CP003000.1_881,CP142614.1_1486,CP142614.1_1487,CP142623.1_435,CP142623.1_642
739423	727	891	902	mRNA	AP012548.1_1771,AP012548.1_1978,CP001429.2_1778,CP001487.1_2594,CP003000.1_881,CP142614.1_1486,CP142614.1_1487,CP142623.1_435,CP142623.1_642
739423	727	891	957	gene	AP012548.1_1771,AP012548.1_1978,CP001429.2_1778,CP001487.1_2594,CP003000.1_881,CP142614.1_1486,CP142614.1_1487,CP142623.1_435,CP142623.1_642
739520	297	544	intergenic	.	AP012548.1_1727,AP012548.1_1728,CP001429.2_1735,CP001487.1_2637,CP142614.1_1443,CP142614.1_1444,CP142623.1_684,CP142623.1_685,CP142623.1_686
739576	3218	3511	intergenic	.	AP012548.1_1603,AP012548.1_1604,CP001487.1_2762,CP142614.1_1320,CP142614.1_1321,CP142623.1_808
739973	489	979	intergenic	.	AP012548.1_2596,AP012548.1_3366,AP012548.1_3459,AP012548.1_3678,CP142614.1_2315,CP142614.1_3096,CP142614.1_3187,CP142614.1_3400,CP142614.1_3401,CP142623.1_2948,CP142623.1_3168,CP142623.1_3258,CP142623.1_3259,CP142623.1_4026
740	181444	181601	188603	gene	AP012548.1_4043,CP142614.1_3766
740	181444	181601	188603	mRNA	AP012548.1_4043,CP142614.1_3766
740031	2215	2338	intergenic	.	CP001429.2_917
740112	5426	5513	intergenic	.	AP012548.1_2203,CP001487.1_2162,CP142614.1_1920,CP142623.1_208
740185	1564	1677	1939	mRNA	AP012548.1_1586
740185	1564	1677	1968	gene	AP012548.1_1586
740367	737	847	intergenic	.	AP012548.1_1807,CP142623.1_606
740376	4827	4986	intergenic	.	AP012548.1_1914,CP142614.1_1630,CP142623.1_499
740568	135	342	intergenic	.	AP012548.1_2242,AP012548.1_2243,CP001487.1_2124,CP003000.1_440,CP142614.1_1959,CP142614.1_1960,CP142623.1_169,CP142623.1_170
740571	422	748	intergenic	.	AP012548.1_1576,AP012548.1_1577,CP142614.1_1293,CP142614.1_1294,CP142623.1_834,CP142623.1_835
740602	758	835	intergenic	.	CP001487.1_3553,CP142623.1_1620
740664	596	748	intergenic	.	AP012548.1_1564,CP001487.1_2802,CP142614.1_1281,CP142623.1_847,CP142623.1_848
740908	3061	3206	intergenic	.	AP012548.1_144,CP142614.1_4084,CP142623.1_2266
741544	4418	4548	intergenic	.	AP012548.1_2326,CP142614.1_2043,CP142623.1_85
741594	68437	68562	intergenic	.	AP012548.1_4214,AP012548.1_4215,CP001487.1_113,CP142614.1_3938,CP142623.1_2412
741683	10045	10324	intergenic	.	AP012548.1_2451,AP012548.1_3762,CP001487.1_570,CP142614.1_2170,CP142614.1_3485,CP142623.1_2864,CP142623.1_4171
741782	2227	2403	intergenic	.	AP012548.1_2158,CP142614.1_1875,CP142623.1_254
742	7328	7703	intergenic	.	AP012548.1_1587,CP001487.1_2778,CP142614.1_1302,CP142614.1_1303,CP142614.1_1304,CP142623.1_824,CP142623.1_825,CP142623.1_826
742158	92	282	intergenic	.	AP012548.1_2996,AP012548.1_2997,CP142614.1_2726,CP142623.1_3626
742246	10206	10360	10737	gene	AP012548.1_687,CP142614.1_404,CP142614.1_405,CP142623.1_1727
742290	595	1047	intergenic	.	AP012548.1_2211,AP012548.1_2212,CP001487.1_2153,CP001487.1_2154,CP001487.1_2155,CP142614.1_1927,CP142614.1_1928,CP142623.1_200,CP142623.1_201
742419	2996	3123	intergenic	.	CP001487.1_1885,CP142623.1_4139
742510	14286	14519	intergenic	.	AP012548.1_4175,CP142614.1_3898,CP142614.1_3899,CP142623.1_2451,CP142623.1_2452
742642	746	974	5497	gene	AP012548.1_1491,CP142614.1_1207,CP142614.1_1208,CP142623.1_920,CP142623.1_921
742642	746	974	5497	mRNA	AP012548.1_1491,CP142614.1_1207,CP142614.1_1208,CP142623.1_920,CP142623.1_921
742662	161	264	intergenic	.	AP012548.1_515,CP142614.1_233,CP142623.1_1893
742751	837	1161	intergenic	.	AP012548.1_3019,CP142614.1_17,CP142614.1_2748,CP142623.1_2108,CP142623.1_3603
742828	341	435	intergenic	.	AP012548.1_2084,CP142614.1_1801,CP142623.1_327
742833	893	1082	intergenic	.	AP012548.1_345,AP012548.1_39,CP142614.1_1316,CP142614.1_3979,CP142623.1_2371
743867	1762	1971	intergenic	.	AP012548.1_1081,AP012548.1_1856,CP142614.1_1573,CP142614.1_800,CP142623.1_1330,CP142623.1_556
744070	1086	1329	intergenic	.	CP001429.2_367,CP001487.1_3997,CP142614.1_81,CP142623.1_2045,CP142623.1_2047
744073	4493	4606	6438	gene	AP012548.1_1130,CP142614.1_849,CP142623.1_1281
744073	4493	4606	6438	mRNA	AP012548.1_1130,CP142614.1_849,CP142623.1_1281
744097	239	434	intergenic	.	AP012548.1_1216,CP001429.2_1222,CP001487.1_3148,CP142614.1_933,CP142614.1_934,CP142623.1_1195
744271	5438	5955	intergenic	.	AP012548.1_3371,AP012548.1_3372,AP012548.1_3373,CP001429.2_3415,CP001487.1_959,CP003000.1_3138,CP142614.1_3100,CP142614.1_3101,CP142614.1_3102,CP142614.1_3103,CP142623.1_3251,CP142623.1_3252,CP142623.1_3253,CP142623.1_3254
744342	11878	11955	intergenic	.	CP001487.1_1866,CP142614.1_2221,CP142623.1_4120
744365	2056	2444	intergenic	.	AP012548.1_1574,CP142614.1_1291,CP142614.1_3481,CP142623.1_838
744367	3240	3417	intergenic	.	AP012548.1_4109,AP012548.1_4110,CP142614.1_3833,CP142623.1_2517
744460	377	456	intergenic	.	CP142623.1_2084
744997	11441	11714	intergenic	.	AP012548.1_1026,AP012548.1_1027,CP001429.2_1016,CP001487.1_3338,CP001487.1_3339,CP003000.1_1555,CP142614.1_745,CP142614.1_746,CP142623.1_1385,CP142623.1_1386
745481	1141	1466	intergenic	.	AP012548.1_2618,AP012548.1_2619,AP012548.1_2620,CP142614.1_2338,CP142614.1_2339,CP142623.1_4002,CP142623.1_4003
745492	1536	1628	intergenic	.	AP012548.1_841,CP142614.1_559,CP142623.1_1572
745568	7850	7957	intergenic	.	AP012548.1_2378,AP012548.1_3411,CP142614.1_2097,CP142614.1_3141,CP142623.1_33
746049	1249	1426	intergenic	.	AP012548.1_1679,CP142614.1_1394,CP142623.1_734
746086	826	932	intergenic	.	AP012548.1_3238,CP142614.1_2967
746233	4771	4903	intergenic	.	CP142614.1_1627
746292	59	245	intergenic	.	AP012548.1_2013,CP001429.2_2021,CP001487.1_2353,CP142614.1_1729,CP142623.1_399,CP142623.1_400
746306	9674	9875	intergenic	.	AP012548.1_3680,AP012548.1_3681,CP142614.1_3404,CP142623.1_2945
746633	79	162	intergenic	.	AP012548.1_1880,CP142614.1_1595,CP142614.1_1596,CP142623.1_533
746723	7600	7924	10306	gene	AP012548.1_3198,AP012548.1_3941,CP001487.1_390,CP142614.1_2926,CP142614.1_2927,CP142614.1_3664,CP142623.1_2685,CP142623.1_3422,CP142623.1_3423
746723	7600	7924	10306	mRNA	AP012548.1_3198,AP012548.1_3941,CP001487.1_390,CP142614.1_2926,CP142614.1_2927,CP142614.1_3664,CP142623.1_2685,CP142623.1_3422,CP142623.1_3423
747021	485	725	intergenic	.	AP012548.1_3137,AP012548.1_3468,AP012548.1_3469,CP001429.2_3512,CP001487.1_862,CP003000.1_3234,CP142614.1_3197,CP142623.1_3158
747359	7808	7900	31654	mRNA	AP012548.1_435,CP142614.1_153,CP142623.1_1974
747359	7808	7900	31732	gene	AP012548.1_435,CP142614.1_153,CP142623.1_1974
747515	5109	5194	9622	gene	AP012548.1_3693,CP142614.1_3416,CP142623.1_2933
747515	5109	5194	9622	mRNA	AP012548.1_3693,CP142614.1_3416,CP142623.1_2933
747545	572	672	intergenic	.	AP012548.1_503,CP142614.1_221,CP142623.1_1905
747610	164	440	intergenic	.	AP012548.1_2924,AP012548.1_3304,AP012548.1_3305,CP001487.1_1402,CP142614.1_2653,CP142614.1_3034,CP142623.1_3320,CP142623.1_3700
747622	2932	3054	intergenic	.	AP012548.1_1227,CP001487.1_3138,CP003000.1_1356,CP142614.1_944,CP142623.1_1185
747726	3365	3466	intergenic	.	AP012548.1_3907,CP001487.1_424,CP142614.1_3630,CP142623.1_2719
747809	4442	4574	intergenic	.	AP012548.1_2907,CP001487.1_1419,CP142614.1_2636,CP142623.1_3716,CP142623.1_3717
747815	4633	4708	intergenic	.	AP012548.1_3284,CP142614.1_3014,CP142623.1_3340
747843	3182	3292	6232	mRNA	CP142623.1_1506
747843	3182	3292	6861	gene	CP142623.1_1506
747900	5512	6179	intergenic	.	AP012548.1_2599,AP012548.1_2672,AP012548.1_2745,CP001487.1_1725,CP142614.1_2391,CP142614.1_2464,CP142623.1_2176,CP142623.1_3877,CP142623.1_3950
748	167633	168246	intergenic	.	AP012548.1_3138,AP012548.1_3398,AP012548.1_3917,AP012548.1_747,AP012548.1_782,CP001487.1_3565,CP001487.1_413,CP001487.1_932,CP003000.1_1796,CP003000.1_3165,CP003000.1_3627,CP142614.1_2866,CP142614.1_3128,CP142614.1_3640,CP142614.1_3641,CP142614.1_465,CP142614.1_499,CP142623.1_1632,CP142623.1_1667,CP142623.1_2709,CP142623.1_3226,CP142623.1_3227,CP142623.1_3484
748231	1649	1728	intergenic	.	CP142614.1_2858,CP142623.1_3492
748337	545	674	intergenic	.	CP001487.1_2333,CP003000.1_632,CP142614.1_1750,CP142623.1_379
748434	532	774	intergenic	.	AP012548.1_831,AP012548.1_832,CP142614.1_550,CP142623.1_1582
748653	174	394	intergenic	.	AP012548.1_1020,AP012548.1_1021,CP001487.1_3345,CP142614.1_739,CP142623.1_1392
748939	2986	3212	intergenic	.	AP012548.1_3536,AP012548.1_3537,CP142614.1_3265,CP142623.1_3090
749218	1208	1405	intergenic	.	AP012548.1_2189,CP142614.1_1905,CP142614.1_1906,CP142623.1_223
749454	7540	7729	intergenic	.	AP012548.1_2734,CP142614.1_2453,CP142614.1_2454,CP142623.1_3887,CP142623.1_3888
749468	204	292	intergenic	.	AP012548.1_2341,CP142623.1_70
749534	1911	2040	intergenic	.	AP012548.1_2079,CP001429.2_2087,CP142614.1_1796,CP142623.1_332
749550	12404	12576	intergenic	.	AP012548.1_718,CP142614.1_436,CP142614.1_437,CP142623.1_1695,CP142623.1_1696
749753	1404	1569	intergenic	.	AP012548.1_2775,AP012548.1_2776,CP142614.1_2494,CP142614.1_2495,CP142623.1_3846
749876	2920	3172	intergenic	.	AP012548.1_4123,AP012548.1_4124,CP142614.1_3847,CP142623.1_2503
749929	9	199	intergenic	.	AP012548.1_2321,AP012548.1_2322,CP001429.2_2336,CP001487.1_2044,CP003000.1_2080,CP142614.1_2039,CP142623.1_90
749945	1147	1679	intergenic	.	AP012548.1_1437,AP012548.1_1438,AP012548.1_1439,AP012548.1_1440,CP001429.2_1445,CP001429.2_1447,CP001487.1_2925,CP001487.1_2927,CP003000.1_1148,CP142614.1_1154,CP142614.1_1155,CP142614.1_1156,CP142614.1_1157,CP142623.1_971,CP142623.1_972,CP142623.1_973,CP142623.1_974
750073	678	804	intergenic	.	AP012548.1_1913,CP142614.1_1629,CP142623.1_499,CP142623.1_500
750108	77	166	intergenic	.	AP012548.1_1187,CP001429.2_1177,CP003000.1_1395,CP142614.1_904
750233	4628	4801	intergenic	.	AP012548.1_3864,CP001429.2_3903,CP142614.1_3587,CP142614.1_3588,CP142623.1_2762
750424	24197	24309	intergenic	.	AP012548.1_2012,CP142623.1_401
750426	14473	14671	intergenic	.	AP012548.1_1331,CP001487.1_3034,CP003000.1_1252,CP003000.1_1253,CP142614.1_1048,CP142623.1_1080
750432	1723	2025	intergenic	.	AP012548.1_2587,AP012548.1_2657,CP142614.1_2306,CP142614.1_2307,CP142614.1_2376,CP142623.1_3965,CP142623.1_4034,CP142623.1_4035
750437	2171	2325	intergenic	.	AP012548.1_3981,CP142614.1_3705,CP142623.1_2644,CP142623.1_2645
750533	889	1005	intergenic	.	AP012548.1_3284,CP142614.1_3013,CP142623.1_3340
750536	85	251	intergenic	.	AP012548.1_1535,AP012548.1_1536,CP142614.1_1252,CP142614.1_1253,CP142623.1_875,CP142623.1_876,CP142623.1_877
750806	7555	7726	7593	stop_codon	AP012548.1_21,CP142614.1_3961,CP142623.1_2389
750806	7555	7726	7872	CDS	AP012548.1_21,CP142614.1_3961,CP142623.1_2389
750806	7555	7726	7872	exon	AP012548.1_21,CP142614.1_3961,CP142623.1_2389
750806	7555	7726	7872	gene	AP012548.1_21,CP142614.1_3961,CP142623.1_2389
750806	7555	7726	7872	mRNA	AP012548.1_21,CP142614.1_3961,CP142623.1_2389
750822	7245	7329	intergenic	.	AP012548.1_3089,CP142614.1_2818
750822	7741	7969	intergenic	.	AP012548.1_1667,AP012548.1_1668,CP142614.1_1383,CP142614.1_1384,CP142623.1_745,CP142623.1_746
750871	2929	3164	intergenic	.	AP012548.1_1482,CP142614.1_1199,CP142614.1_2620,CP142623.1_3732,CP142623.1_929
750882	740	1113	intergenic	.	AP012548.1_1183,AP012548.1_1184,CP001429.2_1173,CP003000.1_1399,CP142614.1_900,CP142614.1_901,CP142614.1_902,CP142623.1_1227,CP142623.1_1228,CP142623.1_1229
750919	3814	3961	intergenic	.	AP012548.1_3293,CP142614.1_3022,CP142623.1_3332
750926	2973	3220	3089	CDS	AP012548.1_553,AP012548.1_554,CP001487.1_3791,CP142614.1_270,CP142614.1_271,CP142623.1_1860
750926	2973	3220	3089	exon	AP012548.1_553,AP012548.1_554,CP001487.1_3791,CP142614.1_270,CP142614.1_271,CP142623.1_1860
750926	2973	3220	3089	mRNA	AP012548.1_553,AP012548.1_554,CP001487.1_3791,CP142614.1_270,CP142614.1_271,CP142623.1_1860
750926	2973	3220	3089	stop_codon	AP012548.1_553,AP012548.1_554,CP001487.1_3791,CP142614.1_270,CP142614.1_271,CP142623.1_1860
750926	2973	3220	3170	gene	AP012548.1_553,AP012548.1_554,CP001487.1_3791,CP142614.1_270,CP142614.1_271,CP142623.1_1860
750926	2973	3220	3170	polyA_signal_sequence	AP012548.1_553,AP012548.1_554,CP001487.1_3791,CP142614.1_270,CP142614.1_271,CP142623.1_1860
750926	3170	3220	intergenic	.	AP012548.1_553,AP012548.1_554,CP001487.1_3791,CP142614.1_270,CP142614.1_271,CP142623.1_1860
751016	2737	2864	intergenic	.	AP012548.1_869,CP142614.1_587,CP142623.1_1544
751043	2403	2800	intergenic	.	AP012548.1_2183,AP012548.1_2184,CP001487.1_2181,CP001487.1_2183,CP142614.1_1900,CP142614.1_1901,CP142623.1_227,CP142623.1_228,CP142623.1_229
751082	6497	6706	intergenic	.	AP012548.1_3817,CP142614.1_3541,CP142623.1_2809,CP142623.1_842
751106	75	241	intergenic	.	AP012548.1_1135,AP012548.1_1136,CP142614.1_854,CP142614.1_855,CP142623.1_1276
751113	50776	51009	intergenic	.	AP012548.1_595,AP012548.1_596,CP142614.1_312,CP142614.1_313,CP142623.1_1818,CP142623.1_1819
751192	909	992	intergenic	.	AP012548.1_3654
751192	1252	1366	intergenic	.	AP012548.1_284,CP142614.1_2212,CP142623.1_2125,CP142623.1_4129
751226	3400	3540	intergenic	.	CP142623.1_3045
751552	2744	2881	intergenic	.	AP012548.1_292,CP142614.1_8,CP142623.1_2117
751769	4662	4766	intergenic	.	CP001429.2_2128,CP001487.1_2246,CP142614.1_1836,CP142623.1_292
751798	2095	2357	intergenic	.	AP012548.1_1968,AP012548.1_1969,CP001429.2_1975,CP001429.2_1976,CP001487.1_2397,CP003000.1_693,CP142614.1_1684,CP142614.1_1685,CP142623.1_444,CP142623.1_445
751889	2720	2848	intergenic	.	AP012548.1_4000,CP142623.1_2626
752083	3847	3995	intergenic	.	AP012548.1_2565,CP142614.1_2284,CP142623.1_4057
752190	14526	14702	38705	gene	AP012548.1_1335,CP142614.1_1053,CP142623.1_1076
752190	14526	14702	38705	mRNA	AP012548.1_1335,CP142614.1_1053,CP142623.1_1076
752208	4596	4795	intergenic	.	AP012548.1_814,CP001429.2_821,CP142614.1_532,CP142614.1_533
752241	5928	5995	intergenic	.	AP012548.1_1786,CP142623.1_627
752241	5928	6048	6001	polyA_signal_sequence	AP012548.1_1786,CP142623.1_627
752241	5928	6048	6647	gene	AP012548.1_1786,CP142623.1_627
752260	2821	2995	intergenic	.	AP012548.1_2327,CP142614.1_2044,CP142623.1_84,CP142623.1_85
752481	472	1057	2103	gene	AP012548.1_288,AP012548.1_3081,AP012548.1_3082,CP001429.2_3119,CP001487.1_1245,CP003000.1_2858,CP142614.1_2810,CP142614.1_2811,CP142614.1_4,CP142623.1_2121,CP142623.1_3539,CP142623.1_3540
752481	472	1057	858	polyA_signal_sequence	AP012548.1_288,AP012548.1_3081,AP012548.1_3082,CP001429.2_3119,CP001487.1_1245,CP003000.1_2858,CP142614.1_2810,CP142614.1_2811,CP142614.1_4,CP142623.1_2121,CP142623.1_3539,CP142623.1_3540
752481	472	852	intergenic	.	AP012548.1_288,AP012548.1_3081,AP012548.1_3082,CP001429.2_3119,CP001487.1_1245,CP003000.1_2858,CP142614.1_2810,CP142614.1_2811,CP142614.1_4,CP142623.1_2121,CP142623.1_3539,CP142623.1_3540
752481	1685	2097	1752	stop_codon	AP012548.1_3085,AP012548.1_3086,CP001429.2_3123,CP001487.1_1242,CP001487.1_1243,CP142614.1_2813,CP142614.1_2814,CP142623.1_3536,CP142623.1_3537
752481	1685	2097	2103	CDS	AP012548.1_3085,AP012548.1_3086,CP001429.2_3123,CP001487.1_1242,CP001487.1_1243,CP142614.1_2813,CP142614.1_2814,CP142623.1_3536,CP142623.1_3537
752481	1685	2097	2103	exon	AP012548.1_3085,AP012548.1_3086,CP001429.2_3123,CP001487.1_1242,CP001487.1_1243,CP142614.1_2813,CP142614.1_2814,CP142623.1_3536,CP142623.1_3537
752481	1685	2097	2103	gene	AP012548.1_3085,AP012548.1_3086,CP001429.2_3123,CP001487.1_1242,CP001487.1_1243,CP142614.1_2813,CP142614.1_2814,CP142623.1_3536,CP142623.1_3537
752481	1685	2097	2103	mRNA	AP012548.1_3085,AP012548.1_3086,CP001429.2_3123,CP001487.1_1242,CP001487.1_1243,CP142614.1_2813,CP142614.1_2814,CP142623.1_3536,CP142623.1_3537
752799	43	410	104	polyA_signal_sequence	AP012548.1_1299,CP001487.1_3065,CP001487.1_571,CP003000.1_1284,CP142614.1_1017,CP142623.1_1112,CP142623.1_4024
752799	43	410	243	stop_codon	AP012548.1_1299,CP001487.1_3065,CP001487.1_571,CP003000.1_1284,CP142614.1_1017,CP142623.1_1112,CP142623.1_4024
752799	43	410	257	CDS	AP012548.1_1299,CP001487.1_3065,CP001487.1_571,CP003000.1_1284,CP142614.1_1017,CP142623.1_1112,CP142623.1_4024
752799	43	410	257	exon	AP012548.1_1299,CP001487.1_3065,CP001487.1_571,CP003000.1_1284,CP142614.1_1017,CP142623.1_1112,CP142623.1_4024
752799	43	410	6802	gene	AP012548.1_1299,CP001487.1_3065,CP001487.1_571,CP003000.1_1284,CP142614.1_1017,CP142623.1_1112,CP142623.1_4024
752799	43	410	6802	mRNA	AP012548.1_1299,CP001487.1_3065,CP001487.1_571,CP003000.1_1284,CP142614.1_1017,CP142623.1_1112,CP142623.1_4024
752799	43	98	intergenic	.	AP012548.1_1299,CP001487.1_3065,CP001487.1_571,CP003000.1_1284,CP142614.1_1017,CP142623.1_1112,CP142623.1_4024
752973	3681	3856	5900	gene	AP012548.1_3045,AP012548.1_3046,CP001429.2_3083,CP142614.1_2774,CP142614.1_2775,CP142623.1_3576,CP142623.1_3577
752973	3681	3856	5900	mRNA	AP012548.1_3045,AP012548.1_3046,CP001429.2_3083,CP142614.1_2774,CP142614.1_2775,CP142623.1_3576,CP142623.1_3577
753004	1763	2002	intergenic	.	AP012548.1_3612,CP001429.2_3656,CP001487.1_720,CP003000.1_3376,CP142614.1_3340,CP142614.1_3341,CP142623.1_3014,CP142623.1_3015
753017	3973	4243	intergenic	.	AP012548.1_860,AP012548.1_861,CP003000.1_1683,CP142614.1_4124,CP142614.1_578,CP142614.1_579,CP142623.1_1553
753041	3903	4122	intergenic	.	AP012548.1_3190,CP001487.1_1138,CP142614.1_2918,CP142614.1_2919,CP142623.1_3430,CP142623.1_3431
753091	3684	3826	intergenic	.	AP012548.1_741,AP012548.1_771,CP142614.1_459,CP142614.1_489,CP142623.1_1643,CP142623.1_1673
753185	1038	1238	intergenic	.	AP012548.1_2236,CP001487.1_2130,CP142614.1_1953,CP142614.1_1954,CP142623.1_175,CP142623.1_176
753291	56691	56766	intergenic	.	CP001429.2_2190,CP001487.1_2184,CP142614.1_1898,CP142623.1_230
753294	1092	1223	intergenic	.	AP012548.1_708,CP142614.1_426,CP142623.1_1706
753321	2919	3182	intergenic	.	AP012548.1_3186,AP012548.1_3231,CP142614.1_2915,CP142614.1_2959,CP142614.1_2960,CP142623.1_3389
753346	2411	2578	intergenic	.	AP012548.1_3757,AP012548.1_721,CP142614.1_3480,CP142614.1_439,CP142623.1_1693,CP142623.1_2869
753387	55451	55555	intergenic	.	CP142614.1_1426,CP142623.1_703
753523	9517	9741	intergenic	.	AP012548.1_2246,AP012548.1_2247,CP001487.1_2119,CP142614.1_1963,CP142614.1_1964,CP142623.1_165,CP142623.1_166
753556	3270	3616	intergenic	.	AP012548.1_2579,CP001487.1_1745,CP142614.1_2297,CP142614.1_2298,CP142623.1_4043,CP142623.1_4044
753670	77241	77319	intergenic	.	AP012548.1_1036,CP142614.1_755,CP142623.1_1376
753670	94607	94711	intergenic	.	CP142614.1_3838,CP142623.1_2512
753680	7396	7487	intergenic	.	CP142614.1_121,CP142623.1_2005
753774	5700	5998	7217	mRNA	AP012548.1_1762,AP012548.1_1763,AP012548.1_1807,CP001429.2_1771,CP001487.1_2602,CP142614.1_1478,CP142614.1_1479,CP142623.1_649
753774	5700	5998	8013	gene	AP012548.1_1762,AP012548.1_1763,AP012548.1_1807,CP001429.2_1771,CP001487.1_2602,CP142614.1_1478,CP142614.1_1479,CP142623.1_649
753791	27527	27624	49503	gene	AP012548.1_251,CP001429.2_254,CP142614.1_4190,CP142623.1_2160
753791	27527	27624	49503	mRNA	AP012548.1_251,CP001429.2_254,CP142614.1_4190,CP142623.1_2160
753881	280	504	intergenic	.	AP012548.1_240,AP012548.1_241,CP142614.1_4180,CP142614.1_4181,CP142623.1_2169,CP142623.1_2170
753953	1214	1623	intergenic	.	AP012548.1_1935,AP012548.1_1936,AP012548.1_3075,CP001487.1_2429,CP003000.1_716,CP142614.1_1651,CP142614.1_1652,CP142614.1_2494,CP142614.1_2803,CP142623.1_3547,CP142623.1_3847,CP142623.1_477
754045	545	712	intergenic	.	AP012548.1_2061,AP012548.1_2062,CP142614.1_1778,CP142623.1_350,CP142623.1_351
754120	762	956	1015	gene	AP012548.1_2101,AP012548.1_2102,CP001487.1_2264,CP142614.1_1818,CP142623.1_310
754120	762	956	973	CDS	AP012548.1_2101,AP012548.1_2102,CP001487.1_2264,CP142614.1_1818,CP142623.1_310
754120	762	956	973	exon	AP012548.1_2101,AP012548.1_2102,CP001487.1_2264,CP142614.1_1818,CP142623.1_310
754120	762	956	973	mRNA	AP012548.1_2101,AP012548.1_2102,CP001487.1_2264,CP142614.1_1818,CP142623.1_310
754232	7175	7595	intergenic	.	AP012548.1_1433,AP012548.1_387,CP142614.1_105,CP142614.1_1150,CP142623.1_978
754642	2327	2760	intergenic	.	AP012548.1_1486,AP012548.1_1928,AP012548.1_1929,AP012548.1_712,CP001429.2_1936,CP001487.1_2437,CP003000.1_1830,CP142614.1_1203,CP142614.1_1644,CP142614.1_1645,CP142614.1_430,CP142623.1_1702,CP142623.1_484,CP142623.1_485,CP142623.1_925
754668	2719	2848	intergenic	.	CP142614.1_1800
754842	4664	5092	intergenic	.	AP012548.1_3834,AP012548.1_3835,CP142614.1_3557,CP142614.1_3558,CP142614.1_3559,CP142623.1_2791,CP142623.1_2792
754942	4288	4378	intergenic	.	CP142614.1_2692,CP142623.1_3660
755100	859	1025	3310	mRNA	CP001487.1_2803,CP142623.1_849,CP142623.1_864
755100	859	1025	3336	gene	CP001487.1_2803,CP142623.1_849,CP142623.1_864
755190	764	1001	4696	gene	AP012548.1_2016,AP012548.1_3900,CP142614.1_1731,CP142614.1_1732,CP142623.1_397
755190	764	1001	4696	mRNA	AP012548.1_2016,AP012548.1_3900,CP142614.1_1731,CP142614.1_1732,CP142623.1_397
755252	2960	3252	intergenic	.	AP012548.1_3087,AP012548.1_3088,CP001429.2_3124,CP001487.1_1240,CP001487.1_1241,CP003000.1_2863,CP142614.1_2815,CP142614.1_2816,CP142623.1_3534,CP142623.1_3535
75536	607	748	intergenic	.	AP012548.1_2749,CP001487.1_1577,CP142623.1_3873,CP142623.1_3874
755398	1213	1488	intergenic	.	AP012548.1_3958,AP012548.1_3959,CP001487.1_371,CP142614.1_3681,CP142614.1_3682,CP142614.1_3683,CP142623.1_2667,CP142623.1_2668
755407	113817	113995	intergenic	.	AP012548.1_2100,CP001487.1_2265,CP001487.1_3078,CP142614.1_1004,CP142614.1_1817,CP142623.1_1125,CP142623.1_311,CP142623.1_312
755456	689	1030	intergenic	.	AP012548.1_2339,CP142614.1_2057,CP142614.1_3231,CP142623.1_3124,CP142623.1_73
755613	7118	7296	intergenic	.	AP012548.1_3214,CP001487.1_1115,CP142614.1_2942,CP142614.1_2943,CP142623.1_3406
755782	218	476	intergenic	.	AP012548.1_3710,CP001487.1_1120,CP142614.1_2937,CP142614.1_3433,CP142623.1_2916,CP142623.1_3412
755784	2014	2239	intergenic	.	AP012548.1_1514,CP142614.1_1231,CP142623.1_897,CP142623.1_898
755846	1628	1825	intergenic	.	AP012548.1_550,AP012548.1_551,CP003000.1_1937,CP142614.1_268,CP142623.1_1863
755863	910	1075	1949	gene	AP012548.1_3312,CP142623.1_3312
756	53937	54071	intergenic	.	AP012548.1_1850,AP012548.1_994,CP001487.1_2515,CP001487.1_3371,CP142614.1_712,CP142623.1_1418,CP142623.1_563
756	208753	208880	intergenic	.	AP012548.1_97,CP001487.1_15,CP142614.1_4036,CP142614.1_4037,CP142623.1_2313,CP142623.1_2314
756017	847	1171	intergenic	.	AP012548.1_2658,AP012548.1_563,CP142614.1_2377,CP142614.1_280,CP142614.1_98,CP142623.1_1851,CP142623.1_2028,CP142623.1_3964
756036	2095	2218	intergenic	.	AP012548.1_2064,CP142623.1_348
756073	3684	3871	intergenic	.	AP012548.1_237,CP142614.1_4177,CP142614.1_4178,CP142623.1_2173
756119	3852	3937	intergenic	.	CP142623.1_2726
756184	2819	2974	intergenic	.	AP012548.1_1300,AP012548.1_1836,CP001429.2_1844,CP142614.1_1552,CP142623.1_576
756234	2461	2706	intergenic	.	AP012548.1_2109,AP012548.1_2110,CP142614.1_1826,CP142614.1_1827,CP142623.1_301,CP142623.1_302
756406	320	518	intergenic	.	AP012548.1_272,CP001429.2_275,CP001487.1_4088,CP003000.1_228,CP142614.1_4211,CP142623.1_2137,CP142623.1_2138
756436	808	1002	intergenic	.	AP012548.1_2926,AP012548.1_2927,CP142614.1_2656,CP142623.1_3697
756497	0	266	intergenic	.	CP142614.1_2531,CP142614.1_2532
756733	4136	4389	intergenic	.	AP012548.1_902,AP012548.1_903,CP001487.1_3443,CP142614.1_620,CP142614.1_621,CP142623.1_1511
756781	144	280	intergenic	.	AP012548.1_3690,CP142614.1_3413,CP142623.1_2936
756891	455	726	3894	gene	AP012548.1_1476,AP012548.1_1477,CP001487.1_2887,CP001487.1_2888,CP142614.1_1193,CP142614.1_1194,CP142623.1_934,CP142623.1_935
756891	455	726	3894	mRNA	AP012548.1_1476,AP012548.1_1477,CP001487.1_2887,CP001487.1_2888,CP142614.1_1193,CP142614.1_1194,CP142623.1_934,CP142623.1_935
757004	2498	2603	intergenic	.	AP012548.1_337,CP142623.1_2072
757027	3125	3203	intergenic	.	CP142614.1_2408
757057	192	271	intergenic	.	AP012548.1_105,CP003000.1_104,CP142614.1_4045,CP142623.1_2305
757291	778	1080	intergenic	.	AP012548.1_3560,AP012548.1_458,CP001487.1_3894,CP001487.1_771,CP142614.1_176,CP142614.1_3289,CP142623.1_1951,CP142623.1_3066
757349	611	767	intergenic	.	AP012548.1_1435,CP001487.1_2929,CP003000.1_1150,CP142614.1_1152,CP142623.1_976
757379	148	244	intergenic	.	AP012548.1_334,CP001429.2_337,CP001487.1_4026,CP003000.1_290,CP142614.1_50,CP142623.1_2075
757549	3309	3703	intergenic	.	AP012548.1_3739,AP012548.1_48,AP012548.1_49,CP001429.2_50,CP001487.1_62,CP003000.1_48,CP142614.1_3988,CP142614.1_3989,CP142623.1_2361,CP142623.1_2362,CP142623.1_2887
757731	7317	7449	intergenic	.	AP012548.1_2406,CP001429.2_2420,CP001487.1_1961,CP003000.1_2162,CP142614.1_2124,CP142623.1_6
757979	210	289	intergenic	.	AP012548.1_529,CP001429.2_538,CP001487.1_3819,CP142614.1_247
758073	3948	4072	intergenic	.	CP142614.1_3307,CP142623.1_948
758122	12145	12303	intergenic	.	AP012548.1_1398,CP001487.1_2967,CP142614.1_1115,CP142614.1_1116,CP142623.1_1013
758122	12764	12997	intergenic	.	AP012548.1_3737,AP012548.1_3738,CP001487.1_595,CP142614.1_3460,CP142614.1_3461,CP142623.1_2888,CP142623.1_2889
758268	3694	3936	intergenic	.	CP003000.1_593,CP142614.1_1790,CP142614.1_354,CP142623.1_1776
758286	1522	2074	intergenic	.	AP012548.1_1501,AP012548.1_1502,AP012548.1_342,AP012548.1_343,CP001429.2_347,CP001487.1_4016,CP003000.1_299,CP142614.1_1218,CP142614.1_1219,CP142614.1_60,CP142623.1_2066,CP142623.1_910
758309	611	845	intergenic	.	AP012548.1_559,AP012548.1_560,CP001487.1_3786,CP142614.1_276,CP142614.1_277,CP142623.1_1854,CP142623.1_1855
758446	110	226	intergenic	.	AP012548.1_830,CP142614.1_548,CP142623.1_1583,CP142623.1_1584
758491	147	273	intergenic	.	AP012548.1_1070,CP142623.1_1343
758707	2039	2186	intergenic	.	CP142614.1_3143,CP142623.1_3211
758952	1613	1851	intergenic	.	AP012548.1_3995,AP012548.1_3996,CP142614.1_3718,CP142614.1_3719,CP142623.1_2630,CP142623.1_2631
758986	3766	3885	intergenic	.	AP012548.1_2636,CP142614.1_2355,CP142623.1_3986
759618	1055	1262	intergenic	.	AP012548.1_829,CP142614.1_547,CP142623.1_1584,CP142623.1_1585
759702	2534	2869	intergenic	.	AP012548.1_1525,AP012548.1_1526,AP012548.1_2500,CP001487.1_1869,CP001487.1_2840,CP142614.1_1242,CP142614.1_2218,CP142623.1_4123,CP142623.1_886,CP142623.1_887
759735	2399	2822	intergenic	.	AP012548.1_2366,AP012548.1_560,AP012548.1_561,AP012548.1_570,CP142614.1_2084,CP142614.1_2085,CP142614.1_278,CP142614.1_287,CP142614.1_288,CP142623.1_1843,CP142623.1_1844,CP142623.1_1853,CP142623.1_46
759821	2623	2704	intergenic	.	AP012548.1_2284,CP001487.1_2083,CP142614.1_2001,CP142623.1_128
76	222815	222928	240865	mRNA	CP001429.2_2515,CP001429.2_2516,CP001487.1_1868,CP142614.1_2219,CP142623.1_4122
76	222815	222928	242018	gene	CP001429.2_2515,CP001429.2_2516,CP001487.1_1868,CP142614.1_2219,CP142623.1_4122
760003	96	429	intergenic	.	AP012548.1_2958,AP012548.1_2959,AP012548.1_2960,CP003000.1_2737,CP142614.1_2687,CP142614.1_2688,CP142614.1_2689,CP142623.1_3664,CP142623.1_3665
760005	1445	1611	intergenic	.	AP012548.1_3528,CP001429.2_1111,CP142614.1_3256,CP142623.1_3099
760308	1793	2162	intergenic	.	AP012548.1_1837,AP012548.1_1838,CP001429.2_1846,CP001487.1_2528,CP142614.1_1553,CP142614.1_1554,CP142623.1_574,CP142623.1_575
760713	2260	2903	2783	CDS	AP012548.1_1558,AP012548.1_1559,AP012548.1_1560,AP012548.1_1561,AP012548.1_1562,CP001429.2_1566,CP001429.2_1567,CP001429.2_1568,CP001487.1_2804,CP001487.1_2805,CP001487.1_2806,CP142614.1_1275,CP142614.1_1276,CP142614.1_1277,CP142614.1_1278,CP142614.1_1279,CP142623.1_850,CP142623.1_851,CP142623.1_852,CP142623.1_853
760713	2260	2903	2783	exon	AP012548.1_1558,AP012548.1_1559,AP012548.1_1560,AP012548.1_1561,AP012548.1_1562,CP001429.2_1566,CP001429.2_1567,CP001429.2_1568,CP001487.1_2804,CP001487.1_2805,CP001487.1_2806,CP142614.1_1275,CP142614.1_1276,CP142614.1_1277,CP142614.1_1278,CP142614.1_1279,CP142623.1_850,CP142623.1_851,CP142623.1_852,CP142623.1_853
760713	2260	2903	2783	mRNA	AP012548.1_1558,AP012548.1_1559,AP012548.1_1560,AP012548.1_1561,AP012548.1_1562,CP001429.2_1566,CP001429.2_1567,CP001429.2_1568,CP001487.1_2804,CP001487.1_2805,CP001487.1_2806,CP142614.1_1275,CP142614.1_1276,CP142614.1_1277,CP142614.1_1278,CP142614.1_1279,CP142623.1_850,CP142623.1_851,CP142623.1_852,CP142623.1_853
760713	2260	2903	2783	stop_codon	AP012548.1_1558,AP012548.1_1559,AP012548.1_1560,AP012548.1_1561,AP012548.1_1562,CP001429.2_1566,CP001429.2_1567,CP001429.2_1568,CP001487.1_2804,CP001487.1_2805,CP001487.1_2806,CP142614.1_1275,CP142614.1_1276,CP142614.1_1277,CP142614.1_1278,CP142614.1_1279,CP142623.1_850,CP142623.1_851,CP142623.1_852,CP142623.1_853
760713	2260	2903	4433	gene	AP012548.1_1558,AP012548.1_1559,AP012548.1_1560,AP012548.1_1561,AP012548.1_1562,CP001429.2_1566,CP001429.2_1567,CP001429.2_1568,CP001487.1_2804,CP001487.1_2805,CP001487.1_2806,CP142614.1_1275,CP142614.1_1276,CP142614.1_1277,CP142614.1_1278,CP142614.1_1279,CP142623.1_850,CP142623.1_851,CP142623.1_852,CP142623.1_853
760783	675	1021	intergenic	.	AP012548.1_1180,AP012548.1_1181,CP001487.1_3183,CP003000.1_1402,CP142614.1_898,CP142614.1_899,CP142623.1_1230,CP142623.1_1231
761464	786	1076	intergenic	.	AP012548.1_1760,AP012548.1_1761,AP012548.1_1762,CP001429.2_1767,CP001429.2_1768,CP001487.1_2604,CP001487.1_2605,CP003000.1_892,CP142614.1_1476,CP142614.1_1477,CP142614.1_1478,CP142623.1_651,CP142623.1_652,CP142623.1_653
76151	484	579	intergenic	.	CP142614.1_506
761628	85	212	intergenic	.	AP012548.1_2677,AP012548.1_2678,CP142614.1_2396,CP142614.1_2397,CP142623.1_3944
761753	1503	1671	intergenic	.	AP012548.1_2687,CP001487.1_1637,CP142614.1_2406,CP142623.1_3935
761892	561	737	intergenic	.	AP012548.1_1313,CP001429.2_1320,CP001487.1_183,CP142614.1_1031,CP142614.1_3868,CP142623.1_1098,CP142623.1_2482
761978	3812	3899	intergenic	.	CP001487.1_4143
762075	29	226	intergenic	.	AP012548.1_1858,CP001487.1_2506,CP142614.1_1574,CP142623.1_554,CP142623.1_555
762328	671	898	intergenic	.	AP012548.1_293,AP012548.1_294,CP142614.1_10,CP142614.1_9,CP142623.1_2116
762555	1049	1139	intergenic	.	CP001429.2_2911,CP003000.1_2658
762594	1383	1539	intergenic	.	AP012548.1_1464,CP142614.1_1181
762678	148	483	intergenic	.	AP012548.1_2874,AP012548.1_2875,CP001487.1_1450,CP142614.1_2603,CP142614.1_2604,CP142623.1_3747,CP142623.1_3748
763225	1945	2060	intergenic	.	CP001487.1_1256,CP142623.1_3550
763276	1000	1164	intergenic	.	AP012548.1_1229,AP012548.1_1230,CP001429.2_1236,CP001487.1_3135,CP003000.1_1353,CP142614.1_947,CP142623.1_1181,CP142623.1_1182
763448	1887	2048	intergenic	.	AP012548.1_4028,CP142614.1_3751,CP142623.1_2598,CP142623.1_2599
763871	904	1372	intergenic	.	AP012548.1_3972,AP012548.1_3973,AP012548.1_3974,CP001487.1_358,CP003000.1_3684,CP142614.1_3695,CP142614.1_3696,CP142614.1_3697,CP142623.1_2652,CP142623.1_2653,CP142623.1_2654
763972	397	557	intergenic	.	AP012548.1_130,CP001487.1_4228,CP142614.1_4070,CP142623.1_2280
763983	296	494	intergenic	.	AP012548.1_217,CP142623.1_2194
764204	1000	1180	intergenic	.	AP012548.1_4148,CP001487.1_179,CP003000.1_3847,CP142614.1_3871,CP142614.1_3872,CP142623.1_2478,CP142623.1_2479
764473	16	848	intergenic	.	AP012548.1_1239,AP012548.1_1240,AP012548.1_3643,AP012548.1_3644,AP012548.1_3833,CP001429.2_1246,CP001487.1_3125,CP001487.1_688,CP142614.1_3556,CP142614.1_955,CP142614.1_956,CP142614.1_957,CP142623.1_1171,CP142623.1_1172,CP142623.1_2793,CP142623.1_2983
764586	11363	11484	intergenic	.	AP012548.1_2893,CP001429.2_2929,CP001487.1_1433,CP142614.1_2622,CP142623.1_3731
764630	182	343	intergenic	.	AP012548.1_1693,AP012548.1_1694,CP142614.1_1409,CP142614.1_1410,CP142623.1_719
765063	2192	2284	intergenic	.	CP142614.1_2310,CP142623.1_4031
765380	4155	4308	intergenic	.	CP142614.1_3241,CP142623.1_3114
765480	161	349	intergenic	.	AP012548.1_1976,CP142614.1_1691,CP142614.1_1692,CP142623.1_436,CP142623.1_437
765589	1566	1779	intergenic	.	AP012548.1_985,CP142614.1_703,CP142623.1_1428
765800	3293	3456	intergenic	.	AP012548.1_3753,AP012548.1_3754,CP001429.2_3788,CP001429.2_3789,CP003000.1_3506,CP142614.1_3476,CP142614.1_3477,CP142623.1_2872,CP142623.1_2873
765826	603	739	intergenic	.	AP012548.1_2682,CP142614.1_2401,CP142623.1_3940
765849	2701	2834	intergenic	.	AP012548.1_265,CP142614.1_4204,CP142623.1_2144
765895	11099	11299	13867	gene	AP012548.1_2182,CP003000.1_484,CP142614.1_1899,CP142623.1_230
765895	11099	11299	13867	mRNA	AP012548.1_2182,CP003000.1_484,CP142614.1_1899,CP142623.1_230
766211	983	1174	intergenic	.	AP012548.1_2369,CP142614.1_2087,CP142623.1_43
766252	996	1158	intergenic	.	AP012548.1_1573,CP142614.1_1289,CP142623.1_839
766602	41	176	intergenic	.	AP012548.1_3616,CP001429.2_3660,CP001487.1_716,CP003000.1_3380,CP142614.1_3345,CP142623.1_3011
766654	1770	2156	intergenic	.	AP012548.1_3841,AP012548.1_3842,CP142614.1_3565,CP142614.1_3566,CP142623.1_2784,CP142623.1_2785
766990	1830	2205	intergenic	.	AP012548.1_114,AP012548.1_4062,CP001429.2_4102,CP001487.1_4244,CP142614.1_4053,CP142614.1_4054,CP142623.1_2296,CP142623.1_2564
767352	1306	1526	intergenic	.	AP012548.1_1911,AP012548.1_1912,CP001487.1_2453,CP003000.1_740,CP142614.1_1628,CP142623.1_501
767427	1888	2075	intergenic	.	AP012548.1_75,AP012548.1_76,CP001429.2_174,CP003000.1_74,CP142614.1_4015,CP142623.1_2335
767578	5703	5984	intergenic	.	AP012548.1_4149,AP012548.1_4150,CP142614.1_2040,CP142614.1_3872,CP142614.1_3873,CP142623.1_2477,CP142623.1_2478,CP142623.1_89
767596	1846	2122	intergenic	.	AP012548.1_2201,AP012548.1_2202,AP012548.1_810,CP001487.1_2164,CP142614.1_1918,CP142614.1_1919,CP142614.1_3744,CP142614.1_528,CP142623.1_210,CP142623.1_2606
767928	1354	1446	intergenic	.	CP142614.1_3736
767928	1656	1937	1802	CDS	AP012548.1_4009,AP012548.1_4010,CP001487.1_321,CP142614.1_3733,CP142623.1_2616
767928	1656	1937	1802	exon	AP012548.1_4009,AP012548.1_4010,CP001487.1_321,CP142614.1_3733,CP142623.1_2616
767928	1656	1937	3262	gene	AP012548.1_4009,AP012548.1_4010,CP001487.1_321,CP142614.1_3733,CP142623.1_2616
767928	1656	1937	3262	mRNA	AP012548.1_4009,AP012548.1_4010,CP001487.1_321,CP142614.1_3733,CP142623.1_2616
767962	9201	9389	intergenic	.	AP012548.1_77,CP001429.2_173,CP001487.1_35,CP001487.1_36,CP003000.1_75,CP142614.1_4016,CP142623.1_2333,CP142623.1_2334
768100	7169	7333	intergenic	.	AP012548.1_2482,AP012548.1_2483,CP001429.2_2499,CP142614.1_2202,CP142623.1_4140
768189	1053	1418	intergenic	.	AP012548.1_2310,CP001487.1_2807,CP142614.1_2027,CP142623.1_102,CP142623.1_149
768347	5069	5083	intergenic	.	AP012548.1_3254,CP001487.1_1076,CP003000.1_3017,CP142614.1_2983,CP142623.1_3370,CP142623.1_3371
768347	5069	5284	5306	CDS	AP012548.1_3254,CP001487.1_1076,CP003000.1_3017,CP142614.1_2983,CP142623.1_3370,CP142623.1_3371
768347	5069	5284	5306	exon	AP012548.1_3254,CP001487.1_1076,CP003000.1_3017,CP142614.1_2983,CP142623.1_3370,CP142623.1_3371
768347	5069	5284	5306	mRNA	AP012548.1_3254,CP001487.1_1076,CP003000.1_3017,CP142614.1_2983,CP142623.1_3370,CP142623.1_3371
768347	5069	5284	5481	gene	AP012548.1_3254,CP001487.1_1076,CP003000.1_3017,CP142614.1_2983,CP142623.1_3370,CP142623.1_3371
768507	3780	4096	intergenic	.	AP012548.1_952,AP012548.1_953,CP001487.1_3413,CP003000.1_1613,CP142614.1_670,CP142614.1_671,CP142623.1_1460,CP142623.1_1461
768669	3765	3914	intergenic	.	AP012548.1_40,CP142614.1_3980,CP142623.1_2370
768793	3243	3547	intergenic	.	AP012548.1_3072,CP142614.1_2801,CP142614.1_4127,CP142623.1_2223
768812	2928	3148	intergenic	.	AP012548.1_1847,AP012548.1_1848,CP142614.1_1563,CP142614.1_1564,CP142623.1_564,CP142623.1_565,CP142623.1_566
769	684895	685032	intergenic	.	AP012548.1_1045,CP001487.1_3320,CP142614.1_764,CP142623.1_1367,CP142623.1_1368
769194	1592	1815	intergenic	.	AP012548.1_2825,CP001487.1_1500,CP142614.1_2554,CP142623.1_3797,CP142623.1_3798
769275	3923	3999	5603	gene	AP012548.1_3897,CP142614.1_3621,CP142623.1_2728
769275	3923	3999	5603	mRNA	AP012548.1_3897,CP142614.1_3621,CP142623.1_2728
769357	6872	7241	10553	mRNA	AP012548.1_4100,CP142614.1_1344,CP142623.1_2526,CP142623.1_2527,CP142623.1_784
769357	6872	7241	10583	gene	AP012548.1_4100,CP142614.1_1344,CP142623.1_2526,CP142623.1_2527,CP142623.1_784
769435	5013	5246	intergenic	.	AP012548.1_4131,CP001487.1_196,CP142614.1_3853,CP142614.1_3854,CP142623.1_2496,CP142623.1_2497
769661	1153	1415	intergenic	.	AP012548.1_1961,AP012548.1_3191,CP001487.1_3164,CP142614.1_1677,CP142623.1_3429,CP142623.1_452
769708	1211	1387	intergenic	.	AP012548.1_1757,CP001429.2_533,CP142614.1_1473,CP142623.1_656
769833	423	580	intergenic	.	AP012548.1_2340,CP142614.1_2058,CP142623.1_72
77	227970	228129	intergenic	.	AP012548.1_3988,CP001429.2_356,CP001487.1_342,CP142614.1_3711,CP142614.1_70,CP142623.1_2056,CP142623.1_2638
770059	6324	6623	intergenic	.	AP012548.1_59,AP012548.1_60,CP003000.1_3628,CP142614.1_3641,CP142614.1_3999,CP142614.1_4000,CP142623.1_2350,CP142623.1_2351
770066	1397	1524	intergenic	.	AP012548.1_3048,CP142614.1_2777,CP142623.1_3574
771194	3090	3239	intergenic	.	AP012548.1_1977,CP142614.1_1693,CP142623.1_436
771321	2984	3078	intergenic	.	CP142614.1_2089,CP142623.1_41
771461	10823	11215	intergenic	.	AP012548.1_3058,AP012548.1_3059,AP012548.1_3060,CP001487.1_1268,CP142614.1_2788,CP142614.1_2789,CP142623.1_3561,CP142623.1_3562,CP142623.1_3563
771545	2035	2201	intergenic	.	AP012548.1_3350,CP001487.1_979,CP142623.1_3274
771570	1608	1844	intergenic	.	AP012548.1_1053,CP003000.1_1529,CP142614.1_3280,CP142614.1_772,CP142623.1_1359,CP142623.1_3075
771658	1102	1241	intergenic	.	AP012548.1_3413
771991	4818	4983	intergenic	.	AP012548.1_104,AP012548.1_105,CP001429.2_145,CP001487.1_7,CP001487.1_8,CP003000.1_104,CP142614.1_4044,CP142614.1_4045,CP142623.1_2305,CP142623.1_2306
772174	0	160	intergenic	.	AP012548.1_3144,AP012548.1_3145,AP012548.1_3146,CP142614.1_2873,CP142614.1_2874,CP142623.1_3476,CP142623.1_3477
772174	0	291	166	polyA_signal_sequence	AP012548.1_3144,AP012548.1_3145,AP012548.1_3146,CP142614.1_2873,CP142614.1_2874,CP142623.1_3476,CP142623.1_3477
772174	0	291	209	stop_codon	AP012548.1_3144,AP012548.1_3145,AP012548.1_3146,CP142614.1_2873,CP142614.1_2874,CP142623.1_3476,CP142623.1_3477
772174	0	291	550	CDS	AP012548.1_3144,AP012548.1_3145,AP012548.1_3146,CP142614.1_2873,CP142614.1_2874,CP142623.1_3476,CP142623.1_3477
772174	0	291	550	exon	AP012548.1_3144,AP012548.1_3145,AP012548.1_3146,CP142614.1_2873,CP142614.1_2874,CP142623.1_3476,CP142623.1_3477
772174	0	291	8614	gene	AP012548.1_3144,AP012548.1_3145,AP012548.1_3146,CP142614.1_2873,CP142614.1_2874,CP142623.1_3476,CP142623.1_3477
772174	0	291	8614	mRNA	AP012548.1_3144,AP012548.1_3145,AP012548.1_3146,CP142614.1_2873,CP142614.1_2874,CP142623.1_3476,CP142623.1_3477
772309	7780	7892	9762	mRNA	AP012548.1_3976,CP142614.1_3699,CP142623.1_2650
772309	7780	7892	9949	gene	AP012548.1_3976,CP142614.1_3699,CP142623.1_2650
772481	2448	2589	2594	gene	AP012548.1_301,CP001429.2_304
772481	2448	2589	2594	polyA_signal_sequence	AP012548.1_301,CP001429.2_304
772724	1486	1612	intergenic	.	AP012548.1_2967
772787	3147	3224	intergenic	.	AP012548.1_3389,CP142623.1_3235
773131	2331	2501	intergenic	.	AP012548.1_2288,CP001487.1_2078,CP001487.1_2079,CP142614.1_2005,CP142623.1_124
773207	1309	1420	intergenic	.	AP012548.1_286,CP142614.1_2,CP142623.1_2123
773333	7804	7938	intergenic	.	AP012548.1_1366,CP142614.1_1084,CP142623.1_1045
773405	21225	21307	intergenic	.	AP012548.1_150
773445	4206	4586	intergenic	.	AP012548.1_1632,AP012548.1_1633,AP012548.1_564,CP001429.2_1639,CP001487.1_2733,CP003000.1_1010,CP142614.1_1349,CP142614.1_1350,CP142614.1_281,CP142614.1_282,CP142623.1_1849,CP142623.1_1850,CP142623.1_779,CP142623.1_780
773468	7356	7460	7645	mRNA	AP012548.1_94,CP001429.2_155,CP142614.1_4034,CP142623.1_2316
773468	7356	7460	7666	gene	AP012548.1_94,CP001429.2_155,CP142614.1_4034,CP142623.1_2316
773606	1211	1505	intergenic	.	AP012548.1_1194,AP012548.1_178,CP001429.2_1184,CP142614.1_911,CP142623.1_1217,CP142623.1_2233
773806	1381	1557	intergenic	.	AP012548.1_231,CP142614.1_4171,CP142623.1_2179,CP142623.1_2180
773878	1318	1401	intergenic	.	AP012548.1_722,CP001429.2_738,CP001487.1_3625,CP142614.1_440,CP142623.1_1692
773889	13023	13123	intergenic	.	AP012548.1_609,CP001429.2_621,CP003000.1_1888,CP142614.1_326
774067	470	633	intergenic	.	AP012548.1_2004,CP001487.1_2362,CP142614.1_1720,CP142623.1_409
774149	3437	3700	intergenic	.	AP012548.1_165,CP142614.1_4104,CP142623.1_2245
774284	5476	5553	intergenic	.	AP012548.1_3012,CP001487.1_1315,CP142614.1_2741
774302	3865	3998	intergenic	.	AP012548.1_938,CP142623.1_1475
774407	3948	4112	intergenic	.	AP012548.1_264,CP001429.2_267,CP142614.1_4203,CP142623.1_2145
774488	2070	2164	intergenic	.	AP012548.1_872,CP001487.1_3474,CP142614.1_590
774488	2538	2752	intergenic	.	AP012548.1_1684,AP012548.1_1685,CP001487.1_2681,CP142614.1_1399,CP142614.1_1400,CP142623.1_728,CP142623.1_729
774598	1902	2083	intergenic	.	AP012548.1_1590,CP142614.1_1307,CP142614.1_931,CP142623.1_822
774691	1752	1892	intergenic	.	AP012548.1_1311,CP001429.2_1317,CP003000.1_1272,CP142614.1_1028,CP142623.1_1101
774709	1521	1671	intergenic	.	AP012548.1_3642,CP001429.2_3686,CP142614.1_3371,CP142623.1_2984
774809	3442	3602	intergenic	.	AP012548.1_898,CP142614.1_616,CP142623.1_1515
774851	17537	17937	intergenic	.	AP012548.1_1264,AP012548.1_1265,AP012548.1_313,CP142614.1_28,CP142614.1_29,CP142614.1_982,CP142623.1_1147,CP142623.1_2096
775088	1241	1373	intergenic	.	CP142623.1_203
775184	3511	3732	intergenic	.	AP012548.1_1859,AP012548.1_1860,CP001487.1_2505,CP003000.1_793,CP142614.1_1575,CP142614.1_1576,CP142623.1_553
775194	6329	6447	8977	gene	AP012548.1_193,CP142614.1_4133,CP142623.1_2218
775194	6329	6447	8977	mRNA	AP012548.1_193,CP142614.1_4133,CP142623.1_2218
775303	3457	3537	intergenic	.	AP012548.1_544,CP142614.1_261,CP142623.1_1870
775327	128	310	intergenic	.	AP012548.1_2034,CP142614.1_1751,CP142623.1_378
775328	584	739	intergenic	.	AP012548.1_370,CP142614.1_88
775432	3504	3815	intergenic	.	AP012548.1_750,CP001429.2_765,CP001487.1_3597,CP003000.1_1793,CP003000.1_3349,CP142614.1_3313,CP142614.1_468,CP142623.1_1664
775454	157	349	intergenic	.	AP012548.1_3658,AP012548.1_3659,CP001487.1_673,CP001487.1_674,CP003000.1_3422,CP142614.1_3386,CP142623.1_2968,CP142623.1_2969
775488	3454	3537	intergenic	.	AP012548.1_2088,CP142614.1_1805,CP142623.1_324
775521	5806	6012	intergenic	.	AP012548.1_1699,CP142614.1_1414,CP142614.1_1415,CP142623.1_714,CP142623.1_715
775614	1646	1908	intergenic	.	AP012548.1_575,AP012548.1_576,CP142614.1_292,CP142614.1_293,CP142623.1_1838,CP142623.1_1839
776124	448	887	intergenic	.	AP012548.1_699,AP012548.1_700,CP001429.2_3762,CP001429.2_715,CP001487.1_3646,CP001487.1_3647,CP003000.1_1843,CP142614.1_417,CP142614.1_418,CP142623.1_1713,CP142623.1_1714,CP142623.1_1715
776165	4934	5015	intergenic	.	CP142614.1_2737,CP142623.1_3614
776435	1139	2148	intergenic	.	AP012548.1_174,AP012548.1_175,AP012548.1_3524,AP012548.1_792,CP142614.1_3252,CP142614.1_4114,CP142614.1_4115,CP142614.1_509,CP142623.1_1622,CP142623.1_1623,CP142623.1_2235,CP142623.1_2236,CP142623.1_3103
776451	1272	1370	8240	gene	CP142623.1_3549
776451	1272	1370	8240	mRNA	CP142623.1_3549
776753	4088	4170	4369	gene	CP142623.1_3220
776918	3375	3574	intergenic	.	AP012548.1_4136,CP142614.1_3860,CP142623.1_2490
776990	35451	35709	intergenic	.	AP012548.1_2560,AP012548.1_329,CP142614.1_2278,CP142614.1_45,CP142623.1_2080,CP142623.1_4063
777	140844	140929	230256	mRNA	AP012548.1_1849,CP142614.1_1565,CP142623.1_564
777	140844	140929	230286	gene	AP012548.1_1849,CP142614.1_1565,CP142623.1_564
777056	18582	18672	intergenic	.	AP012548.1_3792,CP001429.2_3830,CP142614.1_3515,CP142623.1_2834
777085	321	731	intergenic	.	AP012548.1_362,AP012548.1_363,AP012548.1_4114,CP001487.1_213,CP001487.1_3996,CP003000.1_319,CP142614.1_80,CP142623.1_2046
777120	5279	5602	intergenic	.	AP012548.1_1773,AP012548.1_1774,AP012548.1_4179,AP012548.1_4180,CP142614.1_1489,CP142614.1_3903,CP142614.1_3904,CP142623.1_2446,CP142623.1_2447,CP142623.1_639,CP142623.1_640
777156	1929	2293	intergenic	.	AP012548.1_201,AP012548.1_2389,CP001429.2_2404,CP001487.1_1977,CP003000.1_2146,CP142614.1_2108,CP142614.1_4141,CP142623.1_2209,CP142623.1_23
777203	2507	2582	intergenic	.	AP012548.1_1324,CP142614.1_1041
777205	481	780	intergenic	.	AP012548.1_2564,AP012548.1_4099,CP001487.1_1783,CP142614.1_2282,CP142614.1_3822,CP142623.1_2527,CP142623.1_2528,CP142623.1_3922,CP142623.1_4059
777240	24413	24553	intergenic	.	AP012548.1_731,CP142614.1_449,CP142623.1_1683
777240	35283	35394	intergenic	.	AP012548.1_3197
777336	57064	57315	intergenic	.	AP012548.1_834,AP012548.1_835,CP142614.1_552,CP142614.1_553,CP142623.1_1578,CP142623.1_1579
777422	1267	1347	intergenic	.	AP012548.1_662,CP142614.1_379,CP142623.1_1751
777474	2747	2886	intergenic	.	AP012548.1_4038,AP012548.1_4039,CP001429.2_4079,CP142614.1_3762,CP142623.1_2587,CP142623.1_2588
777662	4042	4191	intergenic	.	AP012548.1_1966,CP142614.1_1682,CP142623.1_447
777679	3688	3774	intergenic	.	CP142614.1_3680
777782	24282	24857	24810	gene	AP012548.1_1616,AP012548.1_1617,AP012548.1_2718,AP012548.1_2719,CP001429.2_1623,CP001487.1_2749,CP003000.1_1026,CP142614.1_1333,CP142614.1_2438,CP142623.1_2399,CP142623.1_3903,CP142623.1_795,CP142623.1_796
777782	24282	24857	24810	polyA_signal_sequence	AP012548.1_1616,AP012548.1_1617,AP012548.1_2718,AP012548.1_2719,CP001429.2_1623,CP001487.1_2749,CP003000.1_1026,CP142614.1_1333,CP142614.1_2438,CP142623.1_2399,CP142623.1_3903,CP142623.1_795,CP142623.1_796
777782	24810	24857	intergenic	.	AP012548.1_1616,AP012548.1_1617,AP012548.1_2718,AP012548.1_2719,CP001429.2_1623,CP001487.1_2749,CP003000.1_1026,CP142614.1_1333,CP142614.1_2438,CP142623.1_2399,CP142623.1_3903,CP142623.1_795,CP142623.1_796
777785	1430	1806	intergenic	.	AP012548.1_453,AP012548.1_454,AP012548.1_455,CP142614.1_171,CP142614.1_172,CP142614.1_173,CP142623.1_1954,CP142623.1_1955
777809	10672	10828	intergenic	.	AP012548.1_4032,CP142623.1_2594
777912	496	729	intergenic	.	AP012548.1_4005,AP012548.1_608,CP142614.1_325,CP142623.1_1806,CP142623.1_2621
777922	5743	5828	intergenic	.	AP012548.1_2252,CP001429.2_2266,CP142614.1_1969,CP142623.1_160
777946	1852	2080	intergenic	.	CP142614.1_2746,CP142623.1_3604,CP142623.1_3621
777948	15529	15694	intergenic	.	AP012548.1_1221,AP012548.1_3621,CP001429.2_3665,CP001487.1_711,CP142614.1_3350,CP142614.1_938,CP142623.1_1191,CP142623.1_3006
777971	1901	2124	intergenic	.	CP142614.1_962,CP142623.1_2854
778077	1520	1624	intergenic	.	CP142623.1_1845
778238	6393	6903	intergenic	.	AP012548.1_1275,AP012548.1_1548,AP012548.1_1549,AP012548.1_1550,CP142614.1_1265,CP142614.1_1266,CP142614.1_992,CP142614.1_993,CP142623.1_1136,CP142623.1_862,CP142623.1_863
778401	1350	1456	intergenic	.	CP001487.1_1653,CP142614.1_2390
778413	1472	1917	intergenic	.	AP012548.1_2547,AP012548.1_3252,AP012548.1_4001,CP142614.1_2264,CP142614.1_2265,CP142623.1_4076,CP142623.1_4077
778477	2251	2382	intergenic	.	AP012548.1_1729,AP012548.1_1730,CP001429.2_1737,CP001487.1_2635,CP142614.1_1445,CP142614.1_1446,CP142623.1_683,CP142623.1_684
778552	3941	4122	intergenic	.	AP012548.1_616,AP012548.1_617,CP001429.2_628,CP001487.1_3729,CP003000.1_1881,CP142614.1_333,CP142614.1_334,CP142623.1_1797,CP142623.1_1798
778670	9318	9474	intergenic	.	AP012548.1_1753,AP012548.1_3324,CP001429.2_3367,CP001487.1_1006,CP003000.1_3091,CP142614.1_3054,CP142623.1_3300,CP142623.1_660
778815	70069	70345	intergenic	.	AP012548.1_154,AP012548.1_155,CP142614.1_4094,CP142623.1_2256
778880	490	688	intergenic	.	AP012548.1_4192,AP012548.1_4193,CP001487.1_135,CP003000.1_3892,CP142614.1_3916,CP142623.1_2433,CP142623.1_2434
778895	3519	3651	intergenic	.	AP012548.1_2796,CP142614.1_2515,CP142623.1_3826
778962	2508	2775	intergenic	.	AP012548.1_2434,AP012548.1_2435,CP142614.1_2153,CP142614.1_2154,CP142623.1_4187,CP142623.1_4188
778999	2562	2686	intergenic	.	AP012548.1_1005,CP142614.1_724,CP142623.1_1407
779	195741	195849	intergenic	.	CP001487.1_3073,CP142614.1_1009,CP142623.1_1120
779103	3426	3514	intergenic	.	AP012548.1_418,CP142623.1_1990
779159	11686	11876	intergenic	.	AP012548.1_1923,CP142614.1_1639,CP142614.1_524,CP142623.1_1607
779435	3770	4053	intergenic	.	AP012548.1_1254,AP012548.1_1326,AP012548.1_2773,CP001429.2_1261,CP001487.1_3038,CP001487.1_3110,CP142614.1_2492,CP142614.1_972,CP142623.1_1085,CP142623.1_1157,CP142623.1_3849
779478	3163	3326	intergenic	.	AP012548.1_2132,CP001429.2_2141,CP001487.1_2233,CP142614.1_1849,CP142623.1_279
779542	28036	28335	41220	gene	AP012548.1_4183,CP142614.1_1406,CP142614.1_3907,CP142623.1_2443
779542	28036	28335	41220	mRNA	AP012548.1_4183,CP142614.1_1406,CP142614.1_3907,CP142623.1_2443
779606	363	661	intergenic	.	AP012548.1_3901,AP012548.1_4033,CP142614.1_3624,CP142614.1_3756,CP142623.1_2593,CP142623.1_2725
780041	4215	4340	intergenic	.	AP012548.1_3726,CP142614.1_3449,CP142623.1_2899,CP142623.1_2900
780061	1417	1792	5023	mRNA	AP012548.1_2412,AP012548.1_2413,AP012548.1_2414,CP001487.1_1953,CP001487.1_1954,CP142614.1_2131,CP142614.1_2132,CP142614.1_2133,CP142623.1_4208,CP142623.1_4209,CP142623.1_4210
780061	1417	1792	5034	gene	AP012548.1_2412,AP012548.1_2413,AP012548.1_2414,CP001487.1_1953,CP001487.1_1954,CP142614.1_2131,CP142614.1_2132,CP142614.1_2133,CP142623.1_4208,CP142623.1_4209,CP142623.1_4210
780487	0	107	intergenic	.	AP012548.1_196,AP012548.1_197,CP001487.1_4162,CP142614.1_4136,CP142623.1_2214
780568	3840	4275	intergenic	.	AP012548.1_1138,AP012548.1_2027,AP012548.1_3920,AP012548.1_4143,CP001487.1_3227,CP142614.1_3644,CP142614.1_3866,CP142614.1_856,CP142614.1_857,CP142623.1_1273,CP142623.1_1274,CP142623.1_2484,CP142623.1_2706,CP142623.1_386
780636	3902	3995	intergenic	.	AP012548.1_3313,CP142614.1_3042
780969	4708	4795	intergenic	.	AP012548.1_635,CP001487.1_3711,CP142614.1_352,CP142623.1_1779
781014	1217	1438	intergenic	.	AP012548.1_1076,CP142614.1_794,CP142614.1_795,CP142623.1_1336,CP142623.1_1337
781139	2225	2344	intergenic	.	AP012548.1_1557,AP012548.1_1558,CP142614.1_1274,CP142614.1_1275,CP142623.1_854
781220	100	297	intergenic	.	AP012548.1_2622,CP142614.1_2341,CP142623.1_4000
781481	3093	3220	intergenic	.	AP012548.1_4002,CP142623.1_2624
781506	914	1023	intergenic	.	AP012548.1_1238
781635	3680	3941	intergenic	.	AP012548.1_417,CP142614.1_136,CP142614.1_137,CP142623.1_1991
781815	109	515	intergenic	.	AP012548.1_3219,AP012548.1_3220,AP012548.1_838,CP142614.1_2948,CP142614.1_2949,CP142614.1_555,CP142614.1_556,CP142623.1_1576,CP142623.1_3400,CP142623.1_3401
781925	5778	6016	intergenic	.	AP012548.1_353,AP012548.1_354,CP001487.1_4006,CP142614.1_2313,CP142614.1_71,CP142623.1_2055
781926	1864	2201	intergenic	.	AP012548.1_1141,CP001487.1_1594,CP142614.1_2408,CP142614.1_860,CP142623.1_1270,CP142623.1_3891,CP142623.1_3932,CP142623.1_3933
781963	1052	1241	intergenic	.	AP012548.1_3447,AP012548.1_3448,CP001487.1_882,CP142614.1_3175,CP142614.1_3176,CP142623.1_3178,CP142623.1_3179
781980	4251	4491	intergenic	.	AP012548.1_4052,CP142614.1_3776,CP142614.1_504,CP142623.1_1628
781982	5239	5325	intergenic	.	AP012548.1_736,CP001429.2_751,CP001487.1_3611,CP003000.1_1807,CP142614.1_454,CP142623.1_1678
782059	2429	2569	intergenic	.	AP012548.1_2787,CP142614.1_2506,CP142623.1_3835
782339	1255	1436	intergenic	.	AP012548.1_674,CP001429.2_686,CP142614.1_390,CP142614.1_391,CP142623.1_1740
782889	2470	2839	intergenic	.	AP012548.1_70,AP012548.1_71,AP012548.1_72,CP001487.1_40,CP003000.1_70,CP142614.1_4010,CP142614.1_4011,CP142623.1_2338,CP142623.1_2339,CP142623.1_2340
782994	6865	6975	intergenic	.	CP142623.1_2175
783017	3760	3926	intergenic	.	AP012548.1_3175,AP012548.1_3176,CP001487.1_1153,CP142614.1_2904,CP142623.1_3444,CP142623.1_3445
783105	1595	1728	intergenic	.	AP012548.1_1714,CP142614.1_1430,CP142623.1_699
783108	810	1079	intergenic	.	AP012548.1_3760,AP012548.1_3761,CP003000.1_3513,CP142614.1_3483,CP142614.1_3484,CP142623.1_2865,CP142623.1_2866
783110	1007	1137	intergenic	.	AP012548.1_2240,AP012548.1_647,CP142614.1_1957,CP142623.1_171
783376	2268	2366	intergenic	.	CP142623.1_3745
783463	1705	1837	intergenic	.	AP012548.1_1023,CP142614.1_741,CP142614.1_742,CP142623.1_1389
783480	223	425	intergenic	.	AP012548.1_3192,CP142614.1_2920,CP142614.1_2921,CP142623.1_3428
783565	371	803	intergenic	.	AP012548.1_2976,AP012548.1_2979,CP001429.2_3015,CP142614.1_2705,CP142614.1_2708,CP142623.1_3644,CP142623.1_3646
783671	3590	4043	intergenic	.	AP012548.1_2371,AP012548.1_2372,AP012548.1_395,AP012548.1_396,CP001487.1_3956,CP142614.1_113,CP142614.1_114,CP142614.1_2090,CP142623.1_2013,CP142623.1_40
783769	1404	1656	intergenic	.	AP012548.1_2724,AP012548.1_3018,CP142614.1_2442,CP142614.1_2443,CP142614.1_2747,CP142623.1_3898
783831	205	340	intergenic	.	AP012548.1_285,CP142614.1_1,CP142623.1_2124
783904	2357	2437	intergenic	.	CP142623.1_2906
784146	3035	3234	intergenic	.	AP012548.1_2161,CP142614.1_1878,CP142623.1_251
784326	1243	1282	intergenic	.	AP012548.1_1453,AP012548.1_1454,AP012548.1_1455,AP012548.1_1456,CP001429.2_1462,CP001429.2_1463,CP001487.1_2908,CP001487.1_2909,CP001487.1_2911,CP003000.1_1129,CP003000.1_1132,CP142614.1_1170,CP142614.1_1171,CP142614.1_1172,CP142614.1_1173,CP142614.1_1174,CP142623.1_955,CP142623.1_956,CP142623.1_957,CP142623.1_958
784326	1243	1891	1576	CDS	AP012548.1_1453,AP012548.1_1454,AP012548.1_1455,AP012548.1_1456,CP001429.2_1462,CP001429.2_1463,CP001487.1_2908,CP001487.1_2909,CP001487.1_2911,CP003000.1_1129,CP003000.1_1132,CP142614.1_1170,CP142614.1_1171,CP142614.1_1172,CP142614.1_1173,CP142614.1_1174,CP142623.1_955,CP142623.1_956,CP142623.1_957,CP142623.1_958
784326	1243	1891	1576	exon	AP012548.1_1453,AP012548.1_1454,AP012548.1_1455,AP012548.1_1456,CP001429.2_1462,CP001429.2_1463,CP001487.1_2908,CP001487.1_2909,CP001487.1_2911,CP003000.1_1129,CP003000.1_1132,CP142614.1_1170,CP142614.1_1171,CP142614.1_1172,CP142614.1_1173,CP142614.1_1174,CP142623.1_955,CP142623.1_956,CP142623.1_957,CP142623.1_958
784326	1243	1891	2073	CDS	AP012548.1_1453,AP012548.1_1454,AP012548.1_1455,AP012548.1_1456,CP001429.2_1462,CP001429.2_1463,CP001487.1_2908,CP001487.1_2909,CP001487.1_2911,CP003000.1_1129,CP003000.1_1132,CP142614.1_1170,CP142614.1_1171,CP142614.1_1172,CP142614.1_1173,CP142614.1_1174,CP142623.1_955,CP142623.1_956,CP142623.1_957,CP142623.1_958
784326	1243	1891	2073	exon	AP012548.1_1453,AP012548.1_1454,AP012548.1_1455,AP012548.1_1456,CP001429.2_1462,CP001429.2_1463,CP001487.1_2908,CP001487.1_2909,CP001487.1_2911,CP003000.1_1129,CP003000.1_1132,CP142614.1_1170,CP142614.1_1171,CP142614.1_1172,CP142614.1_1173,CP142614.1_1174,CP142623.1_955,CP142623.1_956,CP142623.1_957,CP142623.1_958
784326	1243	1891	2073	mRNA	AP012548.1_1453,AP012548.1_1454,AP012548.1_1455,AP012548.1_1456,CP001429.2_1462,CP001429.2_1463,CP001487.1_2908,CP001487.1_2909,CP001487.1_2911,CP003000.1_1129,CP003000.1_1132,CP142614.1_1170,CP142614.1_1171,CP142614.1_1172,CP142614.1_1173,CP142614.1_1174,CP142623.1_955,CP142623.1_956,CP142623.1_957,CP142623.1_958
784326	1243	1891	2154	gene	AP012548.1_1453,AP012548.1_1454,AP012548.1_1455,AP012548.1_1456,CP001429.2_1462,CP001429.2_1463,CP001487.1_2908,CP001487.1_2909,CP001487.1_2911,CP003000.1_1129,CP003000.1_1132,CP142614.1_1170,CP142614.1_1171,CP142614.1_1172,CP142614.1_1173,CP142614.1_1174,CP142623.1_955,CP142623.1_956,CP142623.1_957,CP142623.1_958
784332	533	650	intergenic	.	AP012548.1_4113,CP001487.1_218,CP142614.1_3836,CP142623.1_2514
784477	1793	2166	intergenic	.	AP012548.1_3875,AP012548.1_868,CP142614.1_2231,CP142614.1_3598,CP142614.1_586,CP142623.1_1546,CP142623.1_2751
784624	0	209	intergenic	.	AP012548.1_115,AP012548.1_116,CP142614.1_4055,CP142614.1_4056,CP142623.1_2294,CP142623.1_2295
784816	567	742	intergenic	.	AP012548.1_2033,CP142614.1_1748,CP142623.1_380
784878	6	155	intergenic	.	CP142614.1_3755,CP142623.1_2595
785054	1061	1306	intergenic	.	AP012548.1_2165,CP142614.1_1882,CP142623.1_246,CP142623.1_247
785144	1794	1975	intergenic	.	AP012548.1_2889,CP001429.2_2924,CP003000.1_2670,CP142614.1_2618,CP142623.1_3735
785255	2210	2436	intergenic	.	AP012548.1_2262,CP001429.2_4013,CP001487.1_2105,CP142614.1_1979,CP142623.1_150
785293	1426	1785	intergenic	.	AP012548.1_2719,AP012548.1_2720,AP012548.1_2721,CP001487.1_1605,CP003000.1_2511,CP142614.1_2439,CP142614.1_2440,CP142623.1_3901,CP142623.1_3902
785565	2329	2435	intergenic	.	AP012548.1_908,CP142614.1_626
785650	37	303	intergenic	.	AP012548.1_1011,AP012548.1_1012,AP012548.1_1013,CP001487.1_3353,CP142614.1_730,CP142614.1_731,CP142623.1_1400,CP142623.1_1401
785784	1196	1689	intergenic	.	AP012548.1_737,AP012548.1_738,AP012548.1_739,AP012548.1_740,CP001429.2_753,CP001429.2_755,CP001487.1_3607,CP001487.1_3608,CP003000.1_1803,CP142614.1_455,CP142614.1_456,CP142614.1_457,CP142614.1_458,CP142623.1_1674,CP142623.1_1675,CP142623.1_1676,CP142623.1_1677
786366	3829	4011	intergenic	.	AP012548.1_2863,CP142614.1_2592,CP142614.1_2593,CP142623.1_3759
786661	3895	3970	intergenic	.	CP142623.1_124
786883	14	181	intergenic	.	AP012548.1_3002,CP142614.1_2731,CP142614.1_2732,CP142623.1_3619
787000	9296	9384	intergenic	.	AP012548.1_1886,CP001429.2_1894,CP003000.1_766,CP142614.1_1602,CP142623.1_527
787048	1514	1637	intergenic	.	AP012548.1_2822,CP142614.1_2551,CP142623.1_3800
787302	41481	41824	intergenic	.	AP012548.1_2,AP012548.1_2263,AP012548.1_924,CP001487.1_3422,CP142614.1_3942,CP142614.1_642,CP142623.1_1490,CP142623.1_2408
787341	674	1037	intergenic	.	AP012548.1_3423,AP012548.1_3424,CP001487.1_906,CP142614.1_3154,CP142623.1_3200,CP142623.1_3201,CP142623.1_3202
787341	2878	3044	intergenic	.	AP012548.1_514,CP142614.1_232,CP142623.1_1894,CP142623.1_1895
787433	672	853	intergenic	.	AP012548.1_2894,AP012548.1_2895,CP142614.1_2623,CP142614.1_2624,CP142623.1_3729
787557	3549	3810	intergenic	.	AP012548.1_3897,CP142614.1_3620,CP142614.1_3621,CP142623.1_2729,CP142623.1_2730
787603	2255	2366	intergenic	.	AP012548.1_2544,CP001429.2_2560,CP001487.1_1824,CP142614.1_2263,CP142623.1_4078
788014	82	250	intergenic	.	AP012548.1_349,CP142614.1_66,CP142614.1_67
788126	7040	7226	7344	gene	AP012548.1_1079,AP012548.1_1080,CP001487.1_3286,CP142614.1_798,CP142614.1_799,CP142623.1_1332
788126	7040	7226	7344	mRNA	AP012548.1_1079,AP012548.1_1080,CP001487.1_3286,CP142614.1_798,CP142614.1_799,CP142623.1_1332
788170	3234	3354	intergenic	.	AP012548.1_3797,CP142614.1_3520,CP142623.1_2829
788418	3165	3251	intergenic	.	CP142614.1_4106,CP142623.1_2244
788559	433	752	intergenic	.	AP012548.1_1592,AP012548.1_1593,CP142614.1_1309,CP142614.1_1310,CP142623.1_818,CP142623.1_819
788569	2906	3338	intergenic	.	AP012548.1_1365,AP012548.1_3486,AP012548.1_527,CP001487.1_2999,CP001487.1_3821,CP001487.1_845,CP142614.1_1082,CP142614.1_245,CP142614.1_3214,CP142623.1_1046,CP142623.1_1885,CP142623.1_1886,CP142623.1_3141
788711	5610	5696	intergenic	.	CP001487.1_1660,CP003000.1_2456,CP142614.1_2383
788744	1396	1718	intergenic	.	AP012548.1_1829,AP012548.1_1830,AP012548.1_549,CP001429.2_1837,CP001429.2_561,CP001487.1_2535,CP001487.1_3796,CP003000.1_1939,CP003000.1_822,CP003000.1_823,CP142614.1_1545,CP142614.1_1546,CP142614.1_266,CP142614.1_267,CP142623.1_1864,CP142623.1_1865,CP142623.1_583
789033	1938	2108	intergenic	.	AP012548.1_1111,AP012548.1_1112,CP142614.1_830,CP142623.1_1300,CP142623.1_1301
789211	398	652	intergenic	.	AP012548.1_3134,CP142614.1_2862,CP142614.1_2863,CP142623.1_3487,CP142623.1_3488
789422	3865	4056	4038	CDS	AP012548.1_653,AP012548.1_654,CP001429.2_665,CP001487.1_3692,CP142614.1_370,CP142623.1_1760,CP142623.1_1761
789422	3865	4056	4038	exon	AP012548.1_653,AP012548.1_654,CP001429.2_665,CP001487.1_3692,CP142614.1_370,CP142623.1_1760,CP142623.1_1761
789422	3865	4056	4038	gene	AP012548.1_653,AP012548.1_654,CP001429.2_665,CP001487.1_3692,CP142614.1_370,CP142623.1_1760,CP142623.1_1761
789422	3865	4056	4038	mRNA	AP012548.1_653,AP012548.1_654,CP001429.2_665,CP001487.1_3692,CP142614.1_370,CP142623.1_1760,CP142623.1_1761
789422	3865	4056	4038	start_codon	AP012548.1_653,AP012548.1_654,CP001429.2_665,CP001487.1_3692,CP142614.1_370,CP142623.1_1760,CP142623.1_1761
789422	4038	4056	intergenic	.	AP012548.1_653,AP012548.1_654,CP001429.2_665,CP001487.1_3692,CP142614.1_370,CP142623.1_1760,CP142623.1_1761
789543	1057	1242	intergenic	.	AP012548.1_3126,CP142614.1_2854,CP142614.1_2855,CP142623.1_3495,CP142623.1_3496
789559	338	737	intergenic	.	AP012548.1_4076,AP012548.1_4077,AP012548.1_4078,CP142614.1_3799,CP142614.1_3800,CP142614.1_3801,CP142623.1_2548,CP142623.1_2549,CP142623.1_2550
789562	526	606	intergenic	.	AP012548.1_3340,CP142614.1_3070
789659	3249	3361	intergenic	.	AP012548.1_2578
789909	220	336	236	CDS	AP012548.1_2973,CP001487.1_1354,CP142614.1_2703
789909	220	336	236	exon	AP012548.1_2973,CP001487.1_1354,CP142614.1_2703
789909	220	336	8034	mRNA	AP012548.1_2973,CP001487.1_1354,CP142614.1_2703
789909	220	336	8288	gene	AP012548.1_2973,CP001487.1_1354,CP142614.1_2703
789999	435	624	intergenic	.	AP012548.1_3178,CP142614.1_2907,CP142623.1_3442
790022	1162	1351	intergenic	.	AP012548.1_66,CP142614.1_4005,CP142614.1_4006,CP142623.1_2344,CP142623.1_2345
790253	2535	2774	intergenic	.	AP012548.1_854,AP012548.1_855,CP001429.2_861,CP001429.2_862,CP001487.1_3493,CP003000.1_1690,CP142614.1_572,CP142623.1_1559,CP142623.1_1560
790357	25071	25147	intergenic	.	AP012548.1_4170,CP142614.1_3894,CP142623.1_2456
790378	2595	2702	intergenic	.	AP012548.1_2374,AP012548.1_2375,AP012548.1_2376,CP001487.1_1990,CP001487.1_1991,CP142614.1_2093,CP142614.1_2094,CP142614.1_2095,CP142623.1_35,CP142623.1_37
790378	2595	2996	2705	start_codon	AP012548.1_2374,AP012548.1_2375,AP012548.1_2376,CP001487.1_1990,CP001487.1_1991,CP142614.1_2093,CP142614.1_2094,CP142614.1_2095,CP142623.1_35,CP142623.1_37
790378	2595	2996	2903	CDS	AP012548.1_2374,AP012548.1_2375,AP012548.1_2376,CP001487.1_1990,CP001487.1_1991,CP142614.1_2093,CP142614.1_2094,CP142614.1_2095,CP142623.1_35,CP142623.1_37
790378	2595	2996	2903	exon	AP012548.1_2374,AP012548.1_2375,AP012548.1_2376,CP001487.1_1990,CP001487.1_1991,CP142614.1_2093,CP142614.1_2094,CP142614.1_2095,CP142623.1_35,CP142623.1_37
790378	2595	2996	2903	mRNA	AP012548.1_2374,AP012548.1_2375,AP012548.1_2376,CP001487.1_1990,CP001487.1_1991,CP142614.1_2093,CP142614.1_2094,CP142614.1_2095,CP142623.1_35,CP142623.1_37
790378	2595	2996	2903	stop_codon	AP012548.1_2374,AP012548.1_2375,AP012548.1_2376,CP001487.1_1990,CP001487.1_1991,CP142614.1_2093,CP142614.1_2094,CP142614.1_2095,CP142623.1_35,CP142623.1_37
790378	2595	2996	3975	gene	AP012548.1_2374,AP012548.1_2375,AP012548.1_2376,CP001487.1_1990,CP001487.1_1991,CP142614.1_2093,CP142614.1_2094,CP142614.1_2095,CP142623.1_35,CP142623.1_37
790494	575	712	intergenic	.	CP142614.1_2283
790700	713	1084	intergenic	.	AP012548.1_1516,AP012548.1_2987,CP001429.2_1523,CP001429.2_3023,CP001487.1_2849,CP142614.1_1233,CP142614.1_2716,CP142623.1_3635,CP142623.1_3636,CP142623.1_895
790700	713	1248	1237	CDS	AP012548.1_1516,AP012548.1_2987,CP001429.2_1523,CP001429.2_3023,CP001487.1_2849,CP142614.1_1233,CP142614.1_2716,CP142623.1_3635,CP142623.1_3636,CP142623.1_895
790700	713	1248	1237	exon	AP012548.1_1516,AP012548.1_2987,CP001429.2_1523,CP001429.2_3023,CP001487.1_2849,CP142614.1_1233,CP142614.1_2716,CP142623.1_3635,CP142623.1_3636,CP142623.1_895
790700	713	1248	1237	gene	AP012548.1_1516,AP012548.1_2987,CP001429.2_1523,CP001429.2_3023,CP001487.1_2849,CP142614.1_1233,CP142614.1_2716,CP142623.1_3635,CP142623.1_3636,CP142623.1_895
790700	713	1248	1237	mRNA	AP012548.1_1516,AP012548.1_2987,CP001429.2_1523,CP001429.2_3023,CP001487.1_2849,CP142614.1_1233,CP142614.1_2716,CP142623.1_3635,CP142623.1_3636,CP142623.1_895
790700	713	1248	1237	start_codon	AP012548.1_1516,AP012548.1_2987,CP001429.2_1523,CP001429.2_3023,CP001487.1_2849,CP142614.1_1233,CP142614.1_2716,CP142623.1_3635,CP142623.1_3636,CP142623.1_895
790700	1237	1248	intergenic	.	AP012548.1_1516,AP012548.1_2987,CP001429.2_1523,CP001429.2_3023,CP001487.1_2849,CP142614.1_1233,CP142614.1_2716,CP142623.1_3635,CP142623.1_3636,CP142623.1_895
790795	5495	5681	intergenic	.	AP012548.1_2788,AP012548.1_2789,CP001429.2_2822,CP001487.1_1536,CP003000.1_2579,CP142614.1_2507,CP142614.1_2508,CP142623.1_3833
790917	2798	2884	intergenic	.	AP012548.1_1615,CP003000.1_1027,CP142614.1_1332,CP142623.1_796,CP142623.1_797
791102	722	953	intergenic	.	AP012548.1_3332,CP142614.1_380,CP142623.1_1751,CP142623.1_3292
791194	556	947	intergenic	.	AP012548.1_1572,AP012548.1_4162,AP012548.1_4163,CP001429.2_4208,CP001487.1_165,CP001487.1_2793,CP003000.1_3861,CP003000.1_3862,CP003000.1_80,CP142614.1_1289,CP142614.1_3885,CP142614.1_3886,CP142623.1_2464,CP142623.1_839
791232	5923	6073	intergenic	.	AP012548.1_1835,CP001429.2_1842,CP001487.1_2530,CP003000.1_817,CP142614.1_1551,CP142623.1_578
791235	4463	4717	intergenic	.	AP012548.1_1967,CP142614.1_1683,CP142614.1_3209,CP142623.1_3146
791290	2356	2826	intergenic	.	AP012548.1_1019,AP012548.1_2812,AP012548.1_3576,AP012548.1_3577,CP001429.2_2845,CP001487.1_755,CP003000.1_3341,CP142614.1_2541,CP142614.1_3304,CP142614.1_3305,CP142614.1_738,CP142623.1_1393,CP142623.1_3050,CP142623.1_3051,CP142623.1_3810,CP142623.1_3811
791467	661	864	intergenic	.	AP012548.1_1723,CP142614.1_1439,CP142623.1_690
791850	318	505	intergenic	.	AP012548.1_839,AP012548.1_840,CP001487.1_3508,CP142614.1_557,CP142623.1_1574,CP142623.1_1575
791870	1539	1620	intergenic	.	AP012548.1_2305,CP001487.1_2061,CP142614.1_2023,CP142623.1_106
791951	3644	3794	intergenic	.	AP012548.1_4122,CP142614.1_3846,CP142623.1_2504
792	335437	335735	intergenic	.	AP012548.1_391,AP012548.1_392,CP001487.1_3959,CP001487.1_3960,CP142614.1_108,CP142614.1_109,CP142614.1_110,CP142623.1_2017,CP142623.1_2018
792144	2580	2778	intergenic	.	AP012548.1_3810,CP003000.1_3565,CP142614.1_3533,CP142614.1_3534,CP142623.1_2816
792185	3427	3542	intergenic	.	CP142614.1_1834,CP142623.1_294
792410	8653	8879	intergenic	.	AP012548.1_1267,AP012548.1_2444,CP142614.1_2162,CP142614.1_2163,CP142614.1_984,CP142623.1_1145,CP142623.1_4178
792567	2035	2234	intergenic	.	AP012548.1_1451,CP001487.1_2913,CP001487.1_2914,CP142614.1_1168,CP142623.1_960
792654	2713	2895	intergenic	.	AP012548.1_3418,CP142614.1_3148,CP142623.1_3206,CP142623.1_3207
792657	3220	3580	intergenic	.	AP012548.1_2355,AP012548.1_2356,CP142614.1_2073,CP142614.1_2074,CP142614.1_2075,CP142623.1_55,CP142623.1_56,CP142623.1_57
792726	2255	2428	intergenic	.	AP012548.1_230,CP142614.1_4169,CP142614.1_4170
792956	1955	2035	intergenic	.	AP012548.1_2519,CP001487.1_1849,CP142614.1_2237,CP142623.1_4103
793241	211	459	intergenic	.	AP012548.1_1329,AP012548.1_1330,CP142614.1_1047,CP142623.1_1081,CP142623.1_1082
793277	57	322	intergenic	.	AP012548.1_1907,CP142614.1_1622,CP142614.1_1623,CP142623.1_505,CP142623.1_506
793355	4100	4332	intergenic	.	AP012548.1_3112,AP012548.1_3113,CP142614.1_2841,CP142614.1_2842,CP142623.1_3509
793514	1748	1844	intergenic	.	AP012548.1_2206,CP142614.1_1922,CP142623.1_206
793565	5985	6211	intergenic	.	AP012548.1_3143,CP001487.1_1185,CP142614.1_2872,CP142623.1_303,CP142623.1_3257
793587	4766	4881	intergenic	.	AP012548.1_1915,CP142614.1_1631,CP142623.1_497
793603	4715	4818	intergenic	.	CP142614.1_89,CP142623.1_2037
793664	9603	9740	intergenic	.	AP012548.1_791
793664	11783	11874	intergenic	.	AP012548.1_2343,CP001487.1_2024,CP142614.1_2061,CP142623.1_69
793803	20361	20544	21588	gene	AP012548.1_1014,CP142614.1_732,CP142623.1_1398
793803	20361	20544	21588	mRNA	AP012548.1_1014,CP142614.1_732,CP142623.1_1398
793834	3618	3817	intergenic	.	AP012548.1_1225,AP012548.1_2779,CP142614.1_2498,CP142614.1_942,CP142623.1_1186
793834	4021	4261	intergenic	.	AP012548.1_2778,AP012548.1_2779,CP142614.1_2497,CP142614.1_2498,CP142623.1_3843,CP142623.1_3844
793878	2644	2882	intergenic	.	AP012548.1_3139,CP001487.1_1188,CP142614.1_2867,CP142614.1_2868,CP142614.1_2869,CP142623.1_3482,CP142623.1_3483
793911	2564	2870	intergenic	.	AP012548.1_2422,AP012548.1_2423,CP001429.2_2436,CP001429.2_2438,CP001487.1_1945,CP142614.1_2141,CP142614.1_2142,CP142623.1_4199,CP142623.1_4200
793957	5387	5586	intergenic	.	AP012548.1_876,CP001429.2_883,CP142614.1_594
793974	2761	3071	intergenic	.	AP012548.1_1592,AP012548.1_863,CP003000.1_1051,CP142614.1_581,CP142623.1_1550,CP142623.1_1551,CP142623.1_820
794105	22645	22789	intergenic	.	AP012548.1_2318,CP001487.1_2049,CP003000.1_2076,CP142614.1_2035,CP142623.1_94
794165	2168	2271	intergenic	.	AP012548.1_428,AP012548.1_429,CP142614.1_147,CP142623.1_1980
794171	4716	4896	intergenic	.	AP012548.1_416,CP142614.1_135,CP142623.1_1992
794197	1892	2252	intergenic	.	AP012548.1_3117,AP012548.1_3118,AP012548.1_915,AP012548.1_916,CP001429.2_3155,CP001429.2_924,CP001487.1_1210,CP001487.1_3430,CP001487.1_3431,CP142614.1_2846,CP142614.1_2847,CP142614.1_633,CP142614.1_634,CP142623.1_1497,CP142623.1_1498,CP142623.1_3504
794197	2488	2626	intergenic	.	AP012548.1_3118,CP001487.1_1209,CP142614.1_2847,CP142623.1_3503
794204	4487	4860	intergenic	.	AP012548.1_1098,AP012548.1_1099,AP012548.1_1100,CP001487.1_3267,CP142614.1_817,CP142614.1_818,CP142623.1_1312,CP142623.1_1313
794220	179	293	intergenic	.	AP012548.1_1951,CP142614.1_1667
794338	61436	61717	intergenic	.	AP012548.1_3266,AP012548.1_3267,CP001487.1_1063,CP001487.1_1064,CP142614.1_2995,CP142614.1_2996,CP142623.1_2189,CP142623.1_3358
794416	225	417	intergenic	.	AP012548.1_2397,AP012548.1_2398,CP001429.2_2412,CP001429.2_2413,CP001487.1_1968,CP001487.1_1969,CP003000.1_2154,CP003000.1_2155,CP142614.1_2116,CP142614.1_2117,CP142623.1_13,CP142623.1_14
794435	1943	2099	intergenic	.	AP012548.1_1032,CP142623.1_1380
794455	349	465	intergenic	.	AP012548.1_1367,CP001487.1_2997,CP142614.1_1084,CP142623.1_1044,CP142623.1_821
794589	6774	6934	intergenic	.	AP012548.1_1360,CP142614.1_1077
794609	3726	4063	intergenic	.	AP012548.1_4190,AP012548.1_4191,CP001487.1_137,CP142614.1_3914,CP142614.1_3915,CP142623.1_2435,CP142623.1_2436
794788	0	240	intergenic	.	CP001429.2_1274,CP001487.1_3097,CP142614.1_985,CP142623.1_1343
794938	6122	6378	intergenic	.	AP012548.1_2930,CP001429.2_2967,CP001487.1_1396,CP001487.1_359,CP003000.1_2708,CP142614.1_2659,CP142614.1_3695,CP142623.1_3693,CP142623.1_3694
794960	234494	234599	243390	mRNA	AP012548.1_2590,CP001487.1_1734,CP142614.1_2309,CP142623.1_4032
794960	234494	234599	243701	gene	AP012548.1_2590,CP001487.1_1734,CP142614.1_2309,CP142623.1_4032
794960	250258	250418	intergenic	.	AP012548.1_2692,CP001429.2_2725,CP001487.1_1632,CP142614.1_2411,CP142623.1_3929
795004	1250	1497	intergenic	.	AP012548.1_1224,AP012548.1_2330,CP142614.1_2049,CP142614.1_941,CP142623.1_1187,CP142623.1_81
795006	228043	228170	253807	gene	AP012548.1_2873,CP142614.1_2602,CP142614.1_2603,CP142623.1_3748
795006	228043	228170	253807	mRNA	AP012548.1_2873,CP142614.1_2602,CP142614.1_2603,CP142623.1_3748
795211	1529	1735	intergenic	.	AP012548.1_1197,CP001429.2_1187,CP001487.1_3167,CP001487.1_3168,CP142614.1_914,CP142614.1_915,CP142623.1_1214
795267	2494	2802	intergenic	.	AP012548.1_138,CP142614.1_4078,CP142623.1_2272,CP142623.1_3731
795446	8538	8675	intergenic	.	AP012548.1_2121,CP142614.1_1838,CP142623.1_290
795639	5762	5864	intergenic	.	AP012548.1_128,CP142614.1_4068,CP142623.1_2282
795785	3099	3327	intergenic	.	AP012548.1_2771,AP012548.1_2772,CP142614.1_2490,CP142614.1_2491,CP142623.1_3850,CP142623.1_3851
795952	2004	2136	intergenic	.	AP012548.1_1990,CP001429.2_1998,CP001487.1_2375,CP142614.1_1705,CP142614.1_1706,CP142623.1_423
796007	2729	2897	intergenic	.	AP012548.1_572,AP012548.1_573,CP142614.1_290,CP142623.1_1841
796050	5549	5840	intergenic	.	AP012548.1_3790,AP012548.1_3791,CP142614.1_3514,CP142614.1_3515,CP142623.1_2835,CP142623.1_2836
796130	3827	4047	intergenic	.	CP142614.1_1754,CP142614.1_2798,CP142623.1_3552,CP142623.1_375
796165	3470	3585	intergenic	.	AP012548.1_446,AP012548.1_447,CP142614.1_165,CP142623.1_1962
796212	8560	8954	intergenic	.	AP012548.1_2703,AP012548.1_3383,AP012548.1_3957,CP001429.2_3426,CP001487.1_373,CP142614.1_2422,CP142614.1_3113,CP142614.1_3114,CP142623.1_2669,CP142623.1_3241,CP142623.1_3919
796483	1478	1780	intergenic	.	AP012548.1_1295,AP012548.1_1296,CP001429.2_1302,CP142614.1_1012,CP142614.1_1013,CP142614.1_1014,CP142623.1_1115,CP142623.1_1116
796513	2892	3165	intergenic	.	AP012548.1_2139,AP012548.1_2140,AP012548.1_2302,CP142614.1_1856,CP142614.1_2019,CP142623.1_109,CP142623.1_272
796598	3397	3711	intergenic	.	AP012548.1_3242,AP012548.1_3243,CP001429.2_3280,CP001487.1_1086,CP001487.1_1087,CP003000.1_3007,CP142614.1_2971,CP142614.1_2972,CP142614.1_2973,CP142623.1_3381,CP142623.1_3382
796629	3044	3262	intergenic	.	AP012548.1_1378,CP001487.1_2987,CP142614.1_1095,CP142614.1_1096,CP142623.1_1033
796657	17238	17370	intergenic	.	AP012548.1_84,CP001429.2_165,CP003000.1_83,CP142614.1_4024,CP142623.1_2326
796874	53761	53968	intergenic	.	AP012548.1_3040,CP142614.1_2767
796876	2507	2653	intergenic	.	AP012548.1_3047,CP142614.1_2776,CP142623.1_3575
796915	3172	3311	intergenic	.	AP012548.1_946,CP142614.1_664,CP142623.1_1467
797135	11	364	intergenic	.	AP012548.1_1473,AP012548.1_1958,CP142614.1_1190,CP142614.1_1191,CP142614.1_1674,CP142623.1_454,CP142623.1_938,CP142623.1_939
797174	2819	2983	intergenic	.	AP012548.1_3998,CP001429.2_4038,CP003000.1_3708,CP142614.1_3721,CP142623.1_2628
797221	2143	2227	2562	mRNA	AP012548.1_2015,CP001429.2_2023,CP001487.1_2351,CP142623.1_398
797221	2143	2227	2740	gene	AP012548.1_2015,CP001429.2_2023,CP001487.1_2351,CP142623.1_398
797303	2311	2434	intergenic	.	AP012548.1_3926,CP142614.1_3649,CP142623.1_2700
797306	4906	5141	intergenic	.	AP012548.1_1377,AP012548.1_3233,CP003000.1_1207,CP142614.1_2961,CP142623.1_1034,CP142623.1_3387
797408	4853	5033	intergenic	.	AP012548.1_964,CP142614.1_682,CP142614.1_683,CP142623.1_1448,CP142623.1_1449
797430	826	1426	intergenic	.	AP012548.1_1334,AP012548.1_1688,CP001487.1_3029,CP142614.1_1051,CP142614.1_1052,CP142614.1_1403,CP142614.1_1404,CP142623.1_1077,CP142623.1_725
797459	1638	1771	intergenic	.	AP012548.1_3482
797525	2622	2877	intergenic	.	AP012548.1_1006,CP001487.1_3359,CP142614.1_725,CP142614.1_726,CP142623.1_1405,CP142623.1_1406
797719	2697	3045	intergenic	.	AP012548.1_2316,AP012548.1_2317,AP012548.1_3253,CP001429.2_2331,CP142614.1_2034,CP142623.1_95
797723	35179	35370	intergenic	.	AP012548.1_2542,CP001487.1_1826,CP142614.1_2260,CP142623.1_4081
797822	1815	2111	intergenic	.	AP012548.1_2878,CP001487.1_1447,CP142614.1_2608,CP142614.1_2609,CP142623.1_3744
797882	2139	2243	intergenic	.	AP012548.1_2257,CP142614.1_1974,CP142623.1_155
797902	2397	2512	intergenic	.	AP012548.1_4022,CP142623.1_2604
797955	370	524	intergenic	.	AP012548.1_3893,CP142614.1_3617,CP142623.1_2733
797969	3033	3157	intergenic	.	AP012548.1_3771,CP142614.1_3494,CP142623.1_2855
798044	6482	6596	intergenic	.	AP012548.1_3966
798111	1117	1435	intergenic	.	AP012548.1_2005,CP003000.1_29,CP142614.1_1721,CP142623.1_2380,CP142623.1_408
798128	7658	7837	intergenic	.	AP012548.1_3309,AP012548.1_3393,CP003000.1_3072,CP142614.1_3124,CP142623.1_3231,CP142623.1_3315
798209	1628	1751	intergenic	.	CP001487.1_2483,CP142614.1_1597,CP142623.1_531
798382	0	142	intergenic	.	AP012548.1_2293,CP142614.1_2010,CP142623.1_118,CP142623.1_119
798385	1625	1994	intergenic	.	AP012548.1_91,AP012548.1_92,CP003000.1_90,CP142614.1_4030,CP142614.1_4031,CP142614.1_4032,CP142623.1_2318,CP142623.1_2319
798397	1899	2063	intergenic	.	AP012548.1_1818,CP001487.1_2546,CP003000.1_833,CP142614.1_1534,CP142623.1_594
798440	1925	2116	intergenic	.	AP012548.1_3420,CP142614.1_3150,CP142623.1_3204,CP142623.1_3205
798540	2068	2246	intergenic	.	AP012548.1_3961,CP001429.2_4001,CP142614.1_3685,CP142623.1_2665
798739	568	769	intergenic	.	AP012548.1_3257,CP142614.1_2986,CP142614.1_2987,CP142623.1_3367
798877	742	1206	intergenic	.	AP012548.1_4070,AP012548.1_4071,CP142614.1_3792,CP142614.1_3793,CP142614.1_3794,CP142623.1_2555,CP142623.1_2556,CP142623.1_2558
798988	382	494	intergenic	.	AP012548.1_1932,CP001487.1_2433,CP142614.1_1648,CP142623.1_480
799	45360	45579	45476	CDS	AP012548.1_2168,CP003000.1_3883,CP142614.1_1884,CP142614.1_3908,CP142614.1_799,CP142623.1_244,CP142623.1_2442
799	45360	45579	45476	exon	AP012548.1_2168,CP003000.1_3883,CP142614.1_1884,CP142614.1_3908,CP142614.1_799,CP142623.1_244,CP142623.1_2442
799	45360	45579	50727	gene	AP012548.1_2168,CP003000.1_3883,CP142614.1_1884,CP142614.1_3908,CP142614.1_799,CP142623.1_244,CP142623.1_2442
799	45360	45579	50727	mRNA	AP012548.1_2168,CP003000.1_3883,CP142614.1_1884,CP142614.1_3908,CP142614.1_799,CP142623.1_244,CP142623.1_2442
799044	1973	2066	intergenic	.	AP012548.1_2407,CP001429.2_2421,CP142614.1_2126,CP142623.1_5
799084	1395	1694	intergenic	.	AP012548.1_4142,AP012548.1_522,AP012548.1_523,CP001487.1_3825,CP001487.1_3826,CP142614.1_241,CP142623.1_2485
799214	3671	4248	5884	gene	AP012548.1_1107,AP012548.1_3474,AP012548.1_3475,CP001429.2_3518,CP142614.1_3202,CP142614.1_3203,CP142614.1_826,CP142623.1_1304,CP142623.1_3152
799214	3671	4248	5884	mRNA	AP012548.1_1107,AP012548.1_3474,AP012548.1_3475,CP001429.2_3518,CP142614.1_3202,CP142614.1_3203,CP142614.1_826,CP142623.1_1304,CP142623.1_3152
799361	299	438	intergenic	.	AP012548.1_3130,CP142614.1_2859
799387	3796	3998	intergenic	.	AP012548.1_3022,AP012548.1_3023,CP001487.1_1305,CP142614.1_2752,CP142623.1_3599
799496	2391	2548	intergenic	.	AP012548.1_1908,CP001487.1_2457,CP003000.1_744,CP142614.1_1624
799575	2042	2200	intergenic	.	AP012548.1_2525,AP012548.1_2526,CP142614.1_2244,CP142623.1_4097
799580	8152	8336	intergenic	.	AP012548.1_25,AP012548.1_26,CP001429.2_25,CP001487.1_86,CP142614.1_3965,CP142623.1_2385
799614	3891	4134	intergenic	.	AP012548.1_1581,CP142614.1_1298,CP142614.1_973,CP142623.1_1155,CP142623.1_830
799669	1544	1630	intergenic	.	AP012548.1_735,CP001487.1_3612,CP142614.1_453
799734	244	586	intergenic	.	AP012548.1_1087,AP012548.1_2331,CP001487.1_3278,CP142614.1_2050,CP142614.1_806,CP142614.1_807,CP142623.1_1323,CP142623.1_1324,CP142623.1_80
799743	5684	5770	intergenic	.	AP012548.1_1772,CP142614.1_1488,CP142623.1_641
799766	124	338	intergenic	.	AP012548.1_212,AP012548.1_2925,CP001487.1_4147,CP142614.1_2655,CP142614.1_4151,CP142623.1_2199,CP142623.1_3698
799870	2584	2753	intergenic	.	AP012548.1_2884,CP142614.1_2614,CP142623.1_3739
799880	554	632	intergenic	.	AP012548.1_2758,CP142614.1_2477,CP142623.1_3864
799881	1709	1876	intergenic	.	AP012548.1_1470,CP003000.1_1115,CP142614.1_1187,CP142623.1_941
799893	13575	13707	intergenic	.	AP012548.1_1724,CP001429.2_1731,CP001487.1_2641,CP003000.1_928,CP142614.1_1440,CP142623.1_689
800144	3835	3981	intergenic	.	AP012548.1_1449,CP001487.1_2916,CP142614.1_1166
800171	676	751	intergenic	.	AP012548.1_3092
800208	1000	1079	intergenic	.	AP012548.1_3927,CP142614.1_3650,CP142623.1_2699
800208	1000	1176	1082	start_codon	AP012548.1_3927,CP142614.1_3650,CP142623.1_2699
800208	1000	1176	1188	CDS	AP012548.1_3927,CP142614.1_3650,CP142623.1_2699
800208	1000	1176	1188	exon	AP012548.1_3927,CP142614.1_3650,CP142623.1_2699
800208	1000	1176	1994	gene	AP012548.1_3927,CP142614.1_3650,CP142623.1_2699
800208	1000	1176	1994	mRNA	AP012548.1_3927,CP142614.1_3650,CP142623.1_2699
800424	4897	5027	intergenic	.	AP012548.1_4029,CP142614.1_3752
800483	2036	2228	intergenic	.	AP012548.1_1588,AP012548.1_2222,AP012548.1_2223,CP001487.1_2778,CP142614.1_1304,CP142614.1_1939,CP142614.1_1940,CP142623.1_189,CP142623.1_824
800527	130	281	intergenic	.	AP012548.1_3487,CP142614.1_3215,CP142623.1_3140
800663	6166	6326	intergenic	.	AP012548.1_2559,CP142623.1_4064
800674	9275	9445	intergenic	.	AP012548.1_809,AP012548.1_810,CP142614.1_2740,CP142614.1_527,CP142623.1_1604
800678	4384	4652	4476	gene	AP012548.1_1380,AP012548.1_1381,CP142614.1_1098,CP142623.1_1030,CP142623.1_1031
800678	4384	4652	4476	polyA_signal_sequence	AP012548.1_1380,AP012548.1_1381,CP142614.1_1098,CP142623.1_1030,CP142623.1_1031
800678	4476	4652	intergenic	.	AP012548.1_1380,AP012548.1_1381,CP142614.1_1098,CP142623.1_1030,CP142623.1_1031
800764	1451	1556	intergenic	.	CP001487.1_1888,CP142623.1_4142
800806	2739	2988	intergenic	.	AP012548.1_2953,AP012548.1_2954,CP001429.2_2991,CP001487.1_1373,CP003000.1_2732,CP142614.1_2682,CP142614.1_2683,CP142623.1_3669,CP142623.1_3670
801	398994	399184	intergenic	.	AP012548.1_2074,CP001487.1_2292,CP142623.1_338
801087	3427	3697	intergenic	.	AP012548.1_2909,CP142614.1_2638,CP142614.1_3776,CP142623.1_3714,CP142623.1_3715
801186	5159	5270	intergenic	.	AP012548.1_1955,CP142614.1_1671,CP142623.1_457
801388	4985	5116	intergenic	.	CP142614.1_2523
801434	4918	5084	intergenic	.	AP012548.1_1956,CP142614.1_1672,CP142623.1_456
801453	710	889	intergenic	.	AP012548.1_411,CP142614.1_128,CP142614.1_129,CP142623.1_1998
801623	4995	5176	intergenic	.	AP012548.1_4064,CP001487.1_267,CP003000.1_3774,CP142614.1_3787,CP142614.1_3788,CP142623.1_2562
801659	3404	3616	intergenic	.	AP012548.1_3582,AP012548.1_3583,CP142623.1_3044
801722	2400	2426	intergenic	.	AP012548.1_811,CP001487.1_3536,CP003000.1_1732,CP142614.1_529
801722	2400	2499	2429	start_codon	AP012548.1_811,CP001487.1_3536,CP003000.1_1732,CP142614.1_529
801722	2400	2499	2526	CDS	AP012548.1_811,CP001487.1_3536,CP003000.1_1732,CP142614.1_529
801722	2400	2499	2526	exon	AP012548.1_811,CP001487.1_3536,CP003000.1_1732,CP142614.1_529
801722	2400	2499	4229	mRNA	AP012548.1_811,CP001487.1_3536,CP003000.1_1732,CP142614.1_529
801722	2400	2499	4346	gene	AP012548.1_811,CP001487.1_3536,CP003000.1_1732,CP142614.1_529
801722	2824	3083	4229	mRNA	AP012548.1_812,AP012548.1_813,CP142614.1_530,CP142623.1_1601
801722	2824	3083	4346	gene	AP012548.1_812,AP012548.1_813,CP142614.1_530,CP142623.1_1601
801773	5430	5530	12073	gene	AP012548.1_3469,AP012548.1_3470,CP142614.1_3198,CP142623.1_3157
801773	5430	5530	12073	mRNA	AP012548.1_3469,AP012548.1_3470,CP142614.1_3198,CP142623.1_3157
801915	23027	23193	intergenic	.	AP012548.1_2797,CP142614.1_2516,CP142623.1_3825
801915	23406	23893	intergenic	.	AP012548.1_1055,AP012548.1_1751,AP012548.1_3481,CP142614.1_1467,CP142614.1_774,CP142623.1_1357,CP142623.1_1358,CP142623.1_662
802	43301	43576	47102	gene	AP012548.1_3347,CP142614.1_3077,CP142623.1_3277,CP142623.1_3278
802	43301	43576	47102	mRNA	AP012548.1_3347,CP142614.1_3077,CP142623.1_3277,CP142623.1_3278
802137	4367	4490	intergenic	.	AP012548.1_1689,CP142614.1_1405,CP142623.1_724
802148	1244	1611	intergenic	.	AP012548.1_1946,AP012548.1_1947,AP012548.1_2484,CP001429.2_1953,CP001429.2_1954,CP001487.1_1884,CP001487.1_2418,CP001487.1_2419,CP003000.1_705,CP142614.1_1662,CP142614.1_1663,CP142614.1_2203,CP142623.1_4138,CP142623.1_465,CP142623.1_466,CP142623.1_467
802302	2557	2650	intergenic	.	AP012548.1_2761,CP142614.1_2480,CP142623.1_3861
802331	4122	4361	intergenic	.	AP012548.1_160,AP012548.1_161,CP001429.2_87,CP001487.1_4197,CP001487.1_4198,CP142614.1_4100,CP142614.1_4101,CP142623.1_2249,CP142623.1_2250
802350	6547	6623	intergenic	.	AP012548.1_2566,CP142614.1_2285,CP142623.1_4056
802410	6183	6502	intergenic	.	AP012548.1_4034,AP012548.1_4035,CP142614.1_3757,CP142614.1_3758,CP142614.1_3759,CP142623.1_2591,CP142623.1_2592
802564	17147	17281	intergenic	.	AP012548.1_159,CP001429.2_89,CP001487.1_4199,CP142623.1_2251
802641	9043	9200	intergenic	.	AP012548.1_1372,CP142614.1_1089,CP142614.1_1090,CP142623.1_1039
802874	4881	5314	intergenic	.	AP012548.1_2592,AP012548.1_2593,AP012548.1_625,AP012548.1_626,CP001429.2_637,CP001487.1_3719,CP001487.1_3720,CP003000.1_1872,CP142614.1_2312,CP142614.1_342,CP142614.1_343,CP142623.1_1787,CP142623.1_1788,CP142623.1_1789,CP142623.1_4029
802958	1856	1982	intergenic	.	AP012548.1_2661
802973	6731	6826	intergenic	.	AP012548.1_3435,CP001429.2_3479
803047	2777	3108	intergenic	.	AP012548.1_2606,AP012548.1_2607,AP012548.1_2608,CP001487.1_1716,CP142614.1_2326,CP142614.1_2327,CP142623.1_4014,CP142623.1_4015
803170	2984	3091	intergenic	.	AP012548.1_3330,CP142614.1_3060
803206	380	461	intergenic	.	AP012548.1_2666,CP142614.1_2385,CP142623.1_3956
803364	9265	9431	intergenic	.	AP012548.1_2174,CP001487.1_2191,CP001487.1_2192,CP003000.1_493,CP142614.1_1890,CP142614.1_1891,CP142623.1_237,CP142623.1_238
803450	1363	1700	intergenic	.	CP142614.1_3055,CP142623.1_1221,CP142623.1_3299
803471	13094	13256	intergenic	.	AP012548.1_3610,CP001487.1_722,CP003000.1_3375,CP142614.1_3339,CP142623.1_3016
803471	128047	128192	intergenic	.	CP142614.1_3061,CP142623.1_3294
803482	2830	2930	intergenic	.	AP012548.1_2580,CP001487.1_1744,CP142614.1_2299,CP142623.1_4042
803496	6313	6396	intergenic	.	CP003000.1_2404,CP142614.1_2332
803547	2847	2952	intergenic	.	CP142614.1_2419
803649	51939	52045	56346	gene	AP012548.1_1814,CP001487.1_1182,CP142614.1_1530
803649	51939	52045	56346	mRNA	AP012548.1_1814,CP001487.1_1182,CP142614.1_1530
803773	4047	4178	intergenic	.	CP142623.1_3212
803787	34956	35140	intergenic	.	AP012548.1_1752,CP142614.1_1468,CP142623.1_661
803794	137232	137340	intergenic	.	AP012548.1_1896,CP001429.2_1904,CP001487.1_2468,CP142614.1_1612,CP142623.1_516
803816	2019	2251	6131	gene	AP012548.1_22,AP012548.1_23,CP001429.2_22,CP142614.1_3962,CP142623.1_2387,CP142623.1_2388
803816	2019	2251	6131	mRNA	AP012548.1_22,AP012548.1_23,CP001429.2_22,CP142614.1_3962,CP142623.1_2387,CP142623.1_2388
803864	208	285	intergenic	.	CP142614.1_4098,CP142623.1_2252
803864	1462	1748	intergenic	.	CP001429.2_3854,CP142614.1_3539,CP142614.1_3540
803970	5590	5746	intergenic	.	AP012548.1_1905,AP012548.1_394,CP142614.1_1621,CP142614.1_1622,CP142623.1_2015,CP142623.1_507
803977	192949	193292	intergenic	.	AP012548.1_3648,AP012548.1_4154,CP001429.2_4199,CP003000.1_3412,CP003000.1_3853,CP142614.1_3376,CP142614.1_3877,CP142614.1_3878,CP142623.1_2472,CP142623.1_2473,CP142623.1_2978,CP142623.1_2979
804006	4347	4468	intergenic	.	AP012548.1_2021,AP012548.1_2908,CP001487.1_2345,CP142614.1_1737,CP142614.1_2637,CP142623.1_391
804038	6301	6457	7963	mRNA	AP012548.1_3568,AP012548.1_3569,CP001487.1_763,CP142614.1_3297,CP142623.1_3058
804038	6301	6457	8198	gene	AP012548.1_3568,AP012548.1_3569,CP001487.1_763,CP142614.1_3297,CP142623.1_3058
804041	7505	7703	intergenic	.	AP012548.1_532,CP142614.1_250,CP142614.1_251,CP142623.1_1880,CP142623.1_1881,CP142623.1_1920
804199	4039	4217	intergenic	.	AP012548.1_3962,CP142614.1_3686,CP142623.1_2664
804248	8491	8747	intergenic	.	CP142614.1_2981,CP142614.1_2982,CP142623.1_3372,CP142623.1_3373
804260	185	388	intergenic	.	AP012548.1_2695,AP012548.1_2696,CP142614.1_2414,CP142614.1_2415,CP142623.1_3926
804284	431	536	intergenic	.	AP012548.1_3012,CP142614.1_2741,CP142623.1_3610
804325	116558	116656	intergenic	.	CP001487.1_578,CP142614.1_3477,CP142623.1_2872
804382	1250	1372	intergenic	.	AP012548.1_448
804433	10719	11039	intergenic	.	AP012548.1_1882,AP012548.1_1883,CP001487.1_2482,CP142614.1_1598,CP142614.1_1599,CP142623.1_1250,CP142623.1_530
804438	701	1025	intergenic	.	AP012548.1_2782,CP001487.1_1542,CP001487.1_1543,CP003000.1_2572,CP142614.1_2501,CP142614.1_2502,CP142614.1_2503,CP142623.1_3839,CP142623.1_3840
804555	574	727	intergenic	.	AP012548.1_3701,CP142614.1_3423,CP142614.1_3424,CP142623.1_2925,CP142623.1_2926
804668	17306	17488	intergenic	.	AP012548.1_400,CP001429.2_2326,CP001487.1_2054,CP001487.1_3951,CP003000.1_2071,CP142614.1_117,CP142623.1_2009
804676	5801	6025	intergenic	.	AP012548.1_4056,CP001487.1_275,CP142614.1_3779,CP142614.1_3780,CP142623.1_2569
804679	713	1220	intergenic	.	AP012548.1_3075,AP012548.1_3076,AP012548.1_3077,AP012548.1_3078,CP001429.2_3112,CP001429.2_3113,CP001429.2_3114,CP001429.2_3115,CP001487.1_1250,CP001487.1_1251,CP001487.1_1252,CP003000.1_2851,CP003000.1_2852,CP003000.1_2853,CP142614.1_2804,CP142614.1_2805,CP142614.1_2806,CP142614.1_2807,CP142623.1_3544,CP142623.1_3545,CP142623.1_3546
804694	629	795	intergenic	.	AP012548.1_580,CP142623.1_1833
804738	2563	2983	intergenic	.	AP012548.1_2147,AP012548.1_3254,CP001429.2_3291,CP001487.1_1075,CP003000.1_3018,CP142614.1_2984,CP142623.1_265,CP142623.1_3370
804910	517	772	intergenic	.	AP012548.1_3296,AP012548.1_3297,CP142614.1_3026,CP142623.1_3327,CP142623.1_3328,CP142623.1_3329
804914	28224	28311	intergenic	.	AP012548.1_123,CP142614.1_4062,CP142623.1_2288
804942	3822	3912	38691	gene	AP012548.1_693,CP142614.1_411,CP142623.1_1721
804942	3822	3912	38691	mRNA	AP012548.1_693,CP142614.1_411,CP142623.1_1721
805	46532	46782	intergenic	.	AP012548.1_3588,AP012548.1_3667,AP012548.1_3668,CP001487.1_664,CP142614.1_3316,CP142614.1_3390,CP142623.1_2958,CP142623.1_3039
805	116029	116145	intergenic	.	AP012548.1_3565,AP012548.1_3933,CP003000.1_3643,CP142614.1_3656,CP142623.1_2693,CP142623.1_3062
805059	1103	1316	intergenic	.	AP012548.1_2152,CP001487.1_2214,CP142614.1_1868,CP142614.1_1869
805239	104435	104712	intergenic	.	AP012548.1_3705,AP012548.1_3706,AP012548.1_4210,CP142614.1_3428,CP142614.1_3429,CP142614.1_3934,CP142623.1_2416,CP142623.1_2920,CP142623.1_2921
805369	3109	3294	intergenic	.	AP012548.1_2851,CP142614.1_2581,CP142623.1_3770
805457	7466	7703	intergenic	.	AP012548.1_3441,AP012548.1_3442,CP001429.2_3486,CP001487.1_888,CP001487.1_889,CP142614.1_3169,CP142614.1_3170,CP142623.1_3184,CP142623.1_3185
805471	492	685	intergenic	.	AP012548.1_1448,CP142614.1_1165,CP142623.1_963,CP142623.1_964
805843	2478	2932	intergenic	.	AP012548.1_2792,AP012548.1_2793,AP012548.1_2794,AP012548.1_2998,CP001429.2_2825,CP003000.1_2582,CP142614.1_2511,CP142614.1_2512,CP142614.1_2513,CP142623.1_3625,CP142623.1_3828,CP142623.1_3829
805857	130	323	intergenic	.	AP012548.1_1878,AP012548.1_1879,CP142614.1_1594,CP142614.1_1595,CP142623.1_533,CP142623.1_534
805876	5432	5612	intergenic	.	AP012548.1_3714,CP142614.1_3437,CP142614.1_3673,CP142623.1_2676,CP142623.1_2912
805898	1770	2025	intergenic	.	AP012548.1_3402,AP012548.1_3403,CP001487.1_928,CP003000.1_3169,CP142614.1_3132,CP142614.1_3133,CP142623.1_3221,CP142623.1_3222
805933	810	963	intergenic	.	AP012548.1_3455,CP001487.1_875,CP142614.1_3183,CP142623.1_3171
805938	699	930	intergenic	.	AP012548.1_1191,AP012548.1_1192,CP001487.1_3173,CP142614.1_908,CP142614.1_909,CP142614.1_910,CP142623.1_1219,CP142623.1_1220
805975	4457	4572	intergenic	.	AP012548.1_1618,AP012548.1_1889,CP142614.1_1605,CP142623.1_523
805999	33	273	intergenic	.	AP012548.1_2668,AP012548.1_2669,CP001487.1_1656,CP142614.1_2387,CP142614.1_2388,CP142623.1_3953,CP142623.1_3954
806	127677	127770	159194	mRNA	CP142614.1_2419,CP142614.1_2420,CP142623.1_3921
806	127677	127770	159217	gene	CP142614.1_2419,CP142614.1_2420,CP142623.1_3921
806160	2909	3140	intergenic	.	AP012548.1_136,CP142614.1_4075,CP142614.1_4076,CP142623.1_2274,CP142623.1_2275
806291	710	793	intergenic	.	AP012548.1_1756,CP003000.1_896,CP142623.1_657
806668	259	604	intergenic	.	AP012548.1_4160,AP012548.1_4161,CP001429.2_4206,CP142614.1_3883,CP142614.1_3884,CP142614.1_3885,CP142623.1_2465,CP142623.1_2466,CP142623.1_2467
806821	50614	51049	intergenic	.	AP012548.1_3938,AP012548.1_3939,AP012548.1_4044,CP001429.2_4084,CP001487.1_286,CP001487.1_392,CP142614.1_3662,CP142614.1_3663,CP142614.1_3767,CP142623.1_2582,CP142623.1_2583,CP142623.1_2687,CP142623.1_2688
806899	5419	5726	intergenic	.	CP142614.1_3352,CP142614.1_805,CP142623.1_3003
806942	715	1397	2091	gene	AP012548.1_2530,AP012548.1_2532,AP012548.1_2533,AP012548.1_3293,CP001487.1_1037,CP001487.1_1836,CP003000.1_2280,CP142614.1_2250,CP142614.1_2251,CP142614.1_3023,CP142614.1_3819,CP142623.1_2530,CP142623.1_3331,CP142623.1_4090,CP142623.1_4091
806942	715	1397	2091	mRNA	AP012548.1_2530,AP012548.1_2532,AP012548.1_2533,AP012548.1_3293,CP001487.1_1037,CP001487.1_1836,CP003000.1_2280,CP142614.1_2250,CP142614.1_2251,CP142614.1_3023,CP142614.1_3819,CP142623.1_2530,CP142623.1_3331,CP142623.1_4090,CP142623.1_4091
806942	715	1397	976	CDS	AP012548.1_2530,AP012548.1_2532,AP012548.1_2533,AP012548.1_3293,CP001487.1_1037,CP001487.1_1836,CP003000.1_2280,CP142614.1_2250,CP142614.1_2251,CP142614.1_3023,CP142614.1_3819,CP142623.1_2530,CP142623.1_3331,CP142623.1_4090,CP142623.1_4091
806942	715	1397	976	exon	AP012548.1_2530,AP012548.1_2532,AP012548.1_2533,AP012548.1_3293,CP001487.1_1037,CP001487.1_1836,CP003000.1_2280,CP142614.1_2250,CP142614.1_2251,CP142614.1_3023,CP142614.1_3819,CP142623.1_2530,CP142623.1_3331,CP142623.1_4090,CP142623.1_4091
807096	3761	4022	intergenic	.	AP012548.1_4001,CP142614.1_3723,CP142614.1_3724,CP142623.1_2625
807191	918	1103	intergenic	.	AP012548.1_936,CP142614.1_654,CP142623.1_1477,CP142623.1_1478
807194	3858	4108	5568	mRNA	AP012548.1_2159,AP012548.1_2194,CP001429.2_2206,CP142614.1_1876,CP142614.1_1911,CP142623.1_217,CP142623.1_218,CP142623.1_253
807194	3858	4108	5640	gene	AP012548.1_2159,AP012548.1_2194,CP001429.2_2206,CP142614.1_1876,CP142614.1_1911,CP142623.1_217,CP142623.1_218,CP142623.1_253
807196	10211	10359	intergenic	.	AP012548.1_1530,CP142614.1_1247,CP142623.1_881
807354	4206	4324	intergenic	.	AP012548.1_401,AP012548.1_402,CP142614.1_119,CP142623.1_2007
807354	4628	4735	intergenic	.	AP012548.1_401,CP142614.1_118,CP142614.1_119,CP142623.1_2008
807683	40941	41098	intergenic	.	AP012548.1_3348,CP142614.1_3078,CP142623.1_3276
807694	3307	3618	intergenic	.	AP012548.1_3856,AP012548.1_3857,AP012548.1_3858,CP001429.2_3896,CP001487.1_473,CP142614.1_3580,CP142614.1_3581,CP142623.1_2768,CP142623.1_2769,CP142623.1_2770
807726	1586	1692	intergenic	.	AP012548.1_3983,CP001487.1_347,CP003000.1_3693,CP142614.1_3706,CP142623.1_2643
807775	3753	4005	intergenic	.	AP012548.1_2656,CP142614.1_2374,CP142614.1_2375,CP142623.1_3966,CP142623.1_3967
807775	4315	4393	intergenic	.	AP012548.1_2655,CP001487.1_1669,CP142614.1_2374,CP142623.1_3967
808093	5002	5129	intergenic	.	AP012548.1_816,CP001487.1_3531,CP142614.1_534,CP142623.1_1598
808105	5460	5554	intergenic	.	AP012548.1_2208
808135	1541	1710	intergenic	.	AP012548.1_2303,CP001487.1_2063,CP142614.1_2021,CP142623.1_108
808203	497	664	intergenic	.	CP142614.1_4022,CP142623.1_2328
808225	42100	42178	intergenic	.	AP012548.1_2026,CP001429.2_2034,CP142614.1_1742
808264	3364	3593	intergenic	.	AP012548.1_2605,CP142614.1_2324,CP142614.1_2325,CP142623.1_4016,CP142623.1_4017
808342	651	937	intergenic	.	AP012548.1_2585,AP012548.1_2586,CP142614.1_2304,CP142614.1_2305,CP142614.1_2306,CP142623.1_4035,CP142623.1_4036,CP142623.1_4037
808350	3210	3300	intergenic	.	AP012548.1_2516,CP001487.1_1852,CP142614.1_2234
808444	2141	2290	intergenic	.	AP012548.1_3517,CP001429.2_3561,CP142614.1_3245,CP142614.1_3246,CP142623.1_3109
808544	388173	388323	intergenic	.	AP012548.1_2814,CP001487.1_1511,CP003000.1_2603,CP142614.1_2543,CP142623.1_3809
808548	3105	3249	intergenic	.	CP142614.1_126
808585	5149	5423	intergenic	.	AP012548.1_1591,AP012548.1_988,CP001429.2_3868,CP003000.1_3584,CP142614.1_1308,CP142614.1_3553,CP142614.1_706,CP142623.1_821
808599	31622	31828	intergenic	.	AP012548.1_1910,CP001487.1_2747,CP142614.1_1335,CP142614.1_1626,CP142623.1_503,CP142623.1_793
808646	16289	16606	intergenic	.	AP012548.1_1206,AP012548.1_1207,AP012548.1_2294,AP012548.1_2295,CP001429.2_2309,CP001487.1_2071,CP001487.1_2072,CP001487.1_3158,CP003000.1_2053,CP142614.1_2011,CP142614.1_2012,CP142614.1_924,CP142623.1_117,CP142623.1_118,CP142623.1_1205
808650	5621	5713	intergenic	.	AP012548.1_3081,CP142614.1_2809,CP142623.1_3541
808690	2613	2811	intergenic	.	AP012548.1_2669,AP012548.1_2670,CP142614.1_2389,CP142623.1_3952
808779	1556	1645	intergenic	.	CP003000.1_1385
808780	1856	1968	intergenic	.	AP012548.1_1302,AP012548.1_1303,CP001487.1_3062,CP003000.1_1280,CP142614.1_1020,CP142623.1_1109
808840	3316	3435	intergenic	.	AP012548.1_3280,CP142614.1_3009,CP142614.1_3010,CP142623.1_3344
808841	2945	3060	intergenic	.	AP012548.1_1918,CP142623.1_495
808841	3348	3525	intergenic	.	AP012548.1_1916,CP001487.1_2448,CP142614.1_1632,CP142623.1_497
808856	1674	2049	intergenic	.	AP012548.1_3169,AP012548.1_3170,AP012548.1_3171,CP142614.1_2898,CP142614.1_2899,CP142623.1_3449,CP142623.1_3450
808876	1249	1542	intergenic	.	AP012548.1_1370,AP012548.1_1371,CP142614.1_1088,CP142623.1_1040,CP142623.1_1041
808919	3516	3684	intergenic	.	AP012548.1_1299,CP142614.1_1016,CP142623.1_1113
808927	1556	1795	intergenic	.	AP012548.1_133,CP142614.1_4072,CP142614.1_4073,CP142623.1_2277,CP142623.1_2278
809038	3582	3664	intergenic	.	AP012548.1_2120
809134	19793	19869	intergenic	.	CP142614.1_2412
809165	15774	15974	intergenic	.	AP012548.1_3899,AP012548.1_3900,AP012548.1_918,CP001487.1_431,CP142614.1_3623,CP142614.1_636,CP142623.1_1495,CP142623.1_2726,CP142623.1_2727
809302	2305	2554	22391	mRNA	AP012548.1_1188,CP001487.1_3177,CP142614.1_905,CP142623.1_1224
809302	2305	2554	22432	gene	AP012548.1_1188,CP001487.1_3177,CP142614.1_905,CP142623.1_1224
809308	7783	8109	intergenic	.	AP012548.1_1002,AP012548.1_1003,AP012548.1_1004,CP001429.2_992,CP001487.1_3363,CP142614.1_721,CP142614.1_722,CP142614.1_723,CP142623.1_1408,CP142623.1_1409,CP142623.1_1410
809314	6150	6292	intergenic	.	AP012548.1_303,CP142614.1_19,CP142623.1_2106
809338	4339	4441	intergenic	.	AP012548.1_2274,CP001429.2_2288,CP001487.1_2092,CP142614.1_1991,CP142623.1_138
809351	61560	61737	intergenic	.	AP012548.1_2006,AP012548.1_498,CP001429.2_503,CP001487.1_3853,CP142614.1_1721,CP142614.1_217,CP142623.1_1910,CP142623.1_407
809389	101676	101795	intergenic	.	AP012548.1_129,CP142623.1_2281
809460	5331	5535	intergenic	.	AP012548.1_3327,CP142614.1_3056,CP142614.1_3057,CP142623.1_3297
809564	5339	5453	intergenic	.	AP012548.1_2368,CP142623.1_44
809633	1265	1385	intergenic	.	CP142614.1_2901
809648	3498	3674	intergenic	.	AP012548.1_3936,CP142614.1_1062,CP142614.1_3660,CP142614.1_4111,CP142623.1_2239,CP142623.1_2690
809648	36966	37066	intergenic	.	AP012548.1_788,CP142614.1_505,CP142623.1_1626
809659	46022	46220	intergenic	.	CP142614.1_640,CP142614.1_641,CP142623.1_1490,CP142623.1_1491
809671	32410	32702	intergenic	.	AP012548.1_430,AP012548.1_431,AP012548.1_914,AP012548.1_915,CP001429.2_435,CP001429.2_922,CP001487.1_3432,CP142614.1_149,CP142614.1_632,CP142623.1_1499,CP142623.1_1977,CP142623.1_1978
809674	19738	19988	intergenic	.	AP012548.1_1605,AP012548.1_1606,CP142614.1_1321,CP142614.1_1322,CP142614.1_1323,CP142623.1_806,CP142623.1_807
809675	56153	56547	56778	gene	AP012548.1_3262,CP142614.1_2991,CP142614.1_3361,CP142623.1_3363
809675	56153	56547	56778	mRNA	AP012548.1_3262,CP142614.1_2991,CP142614.1_3361,CP142623.1_3363
809742	3341	3524	intergenic	.	CP001487.1_16,CP142614.1_4035,CP142614.1_4036,CP142623.1_2315
809874	3673	3911	intergenic	.	AP012548.1_2823,AP012548.1_2824,CP142614.1_2552,CP142614.1_2553,CP142623.1_1483,CP142623.1_3799
809891	1698	1917	intergenic	.	AP012548.1_1231,AP012548.1_1232,CP142614.1_948,CP142614.1_949,CP142623.1_1179,CP142623.1_1180
81	274813	274972	intergenic	.	AP012548.1_1571,CP142614.1_1287,CP142614.1_1288,CP142623.1_840,CP142623.1_841
810144	9987	10114	intergenic	.	AP012548.1_3281,CP142614.1_3011
810183	1678	1811	intergenic	.	AP012548.1_2923
810230	6280	6438	intergenic	.	AP012548.1_2644,AP012548.1_2645,CP142614.1_2364,CP142623.1_3977
810257	3534	3628	intergenic	.	CP142623.1_4103
810275	20076	20162	intergenic	.	AP012548.1_170
810374	2119	2242	intergenic	.	AP012548.1_1049,CP142614.1_768,CP142623.1_1363
810583	3512	3783	intergenic	.	AP012548.1_2817,AP012548.1_2818,AP012548.1_2819,CP142614.1_2547,CP142614.1_2548,CP142623.1_3804,CP142623.1_3805
810611	3034	3272	intergenic	.	AP012548.1_1620,AP012548.1_3287,CP142614.1_1336,CP142614.1_3016,CP142623.1_3337,CP142623.1_3338,CP142623.1_792
810652	1285	1366	intergenic	.	CP001487.1_1020,CP142623.1_3314
810715	3937	4048	intergenic	.	AP012548.1_1832,CP142614.1_1548,CP142623.1_580
810715	4326	4480	intergenic	.	AP012548.1_1833,CP001429.2_1840,CP001487.1_2531,CP003000.1_819,CP142614.1_1549,CP142623.1_579,CP142623.1_580
810748	21	102	intergenic	.	CP142614.1_2934,CP142623.1_3415
810767	680	771	intergenic	.	CP142623.1_486
810892	1246	1461	1703	gene	AP012548.1_3746,CP001487.1_586,CP001487.1_587,CP003000.1_3499,CP142614.1_3468,CP142614.1_3469,CP142623.1_2879,CP142623.1_2880
810892	1246	1461	1703	mRNA	AP012548.1_3746,CP001487.1_586,CP001487.1_587,CP003000.1_3499,CP142614.1_3468,CP142614.1_3469,CP142623.1_2879,CP142623.1_2880
810915	1089	1179	intergenic	.	CP142614.1_3356,CP142623.1_2999
810920	5398	5641	intergenic	.	AP012548.1_3821,AP012548.1_3822,CP001429.2_3860,CP001487.1_509,CP142614.1_3545,CP142614.1_3546,CP142623.1_2804,CP142623.1_2805
810931	5122	5269	intergenic	.	AP012548.1_3302,CP142614.1_3031,CP142614.1_3032,CP142623.1_3322
811051	7427	7523	intergenic	.	AP012548.1_1149,CP142614.1_868,CP142623.1_1262
811164	8092	8266	11072	mRNA	AP012548.1_67,AP012548.1_68,CP142614.1_4007,CP142614.1_4008,CP142623.1_2342,CP142623.1_2343
811164	8092	8266	11092	gene	AP012548.1_67,AP012548.1_68,CP142614.1_4007,CP142614.1_4008,CP142623.1_2342,CP142623.1_2343
811310	6685	6934	intergenic	.	AP012548.1_3065,CP142614.1_2793,CP142614.1_2794
811326	8709	8796	9458	mRNA	AP012548.1_904,CP142614.1_622,CP142623.1_1510
811326	8709	8796	9826	gene	AP012548.1_904,CP142614.1_622,CP142623.1_1510
811353	4765	4996	intergenic	.	AP012548.1_3965,AP012548.1_733,CP001487.1_365,CP142614.1_3688,CP142614.1_451,CP142623.1_1681,CP142623.1_2661
811411	7679	7825	intergenic	.	AP012548.1_1980,CP001487.1_2385,CP142614.1_1696,CP142623.1_432
811446	74917	75049	106580	mRNA	AP012548.1_490,CP142614.1_208,CP142623.1_1918
811446	74917	75049	107528	gene	AP012548.1_490,CP142614.1_208,CP142623.1_1918
811571	1306	1414	intergenic	.	AP012548.1_2842,CP001429.2_2875,CP001487.1_1484,CP142614.1_2571,CP142623.1_3780
811576	8668	8836	intergenic	.	AP012548.1_2153,AP012548.1_2154,CP001487.1_2213,CP142614.1_1870,CP142623.1_258,CP142623.1_259
811609	5152	5277	intergenic	.	AP012548.1_589,CP001429.2_1432,CP142614.1_1142,CP142614.1_306,CP142623.1_1825,CP142623.1_987
811629	7669	7845	intergenic	.	AP012548.1_1584,AP012548.1_1585,CP142614.1_1301,CP142623.1_827,CP142623.1_828
811636	8415	8538	intergenic	.	AP012548.1_318,CP142614.1_34,CP142623.1_2091
811718	5020	5274	intergenic	.	AP012548.1_51,AP012548.1_776,CP001487.1_3571,CP142614.1_1939,CP142614.1_3991,CP142614.1_494,CP142623.1_1638,CP142623.1_190,CP142623.1_2359
811737	2793	3006	4554	mRNA	AP012548.1_3928,AP012548.1_3929,CP001487.1_402,CP142614.1_3652,CP142623.1_2697,CP142623.1_2698
811737	2793	3006	4576	gene	AP012548.1_3928,AP012548.1_3929,CP001487.1_402,CP142614.1_3652,CP142623.1_2697,CP142623.1_2698
811765	4336	4653	intergenic	.	AP012548.1_1529,CP142614.1_1245,CP142614.1_1246,CP142623.1_882,CP142623.1_883
811766	186510	186653	intergenic	.	CP001429.2_3102,CP001487.1_1263,CP142623.1_3557
811832	3914	4272	intergenic	.	AP012548.1_4107,AP012548.1_4108,AP012548.1_4109,CP001487.1_222,CP003000.1_3817,CP142614.1_3830,CP142614.1_3831,CP142614.1_3832,CP142623.1_2518,CP142623.1_2519
811849	79559	79993	85743	gene	AP012548.1_255,CP142614.1_4194,CP142623.1_1804,CP142623.1_1805,CP142623.1_2154,CP142623.1_2155
811849	79559	79993	85743	mRNA	AP012548.1_255,CP142614.1_4194,CP142623.1_1804,CP142623.1_1805,CP142623.1_2154,CP142623.1_2155
811860	9359	9500	intergenic	.	AP012548.1_3258,CP001429.2_3294,CP142614.1_2987,CP142614.1_2988,CP142623.1_3366
811908	315	456	intergenic	.	AP012548.1_3633,CP142614.1_3362,CP142623.1_2993
811961	3350	3595	intergenic	.	AP012548.1_3404,AP012548.1_817,CP001487.1_926,CP142614.1_3134,CP142614.1_535,CP142623.1_1596,CP142623.1_1597,CP142623.1_3220
811980	1167	1304	intergenic	.	AP012548.1_1697,AP012548.1_1698,CP001487.1_2668,CP142614.1_1413,CP142614.1_1414,CP142623.1_715,CP142623.1_716
812024	4609	4811	intergenic	.	AP012548.1_2424,CP001487.1_1943,CP003000.1_2180,CP142614.1_2143,CP142623.1_4198
812037	1245	1249	intergenic	.	AP012548.1_4011,AP012548.1_4012,CP001429.2_4051,CP001487.1_320,CP142614.1_3734,CP142614.1_3735,CP142623.1_2614,CP142623.1_2615
812037	1245	1657	1252	start_codon	AP012548.1_4011,AP012548.1_4012,CP001429.2_4051,CP001487.1_320,CP142614.1_3734,CP142614.1_3735,CP142623.1_2614,CP142623.1_2615
812037	1245	1657	1688	CDS	AP012548.1_4011,AP012548.1_4012,CP001429.2_4051,CP001487.1_320,CP142614.1_3734,CP142614.1_3735,CP142623.1_2614,CP142623.1_2615
812037	1245	1657	1688	exon	AP012548.1_4011,AP012548.1_4012,CP001429.2_4051,CP001487.1_320,CP142614.1_3734,CP142614.1_3735,CP142623.1_2614,CP142623.1_2615
812037	1245	1657	2169	gene	AP012548.1_4011,AP012548.1_4012,CP001429.2_4051,CP001487.1_320,CP142614.1_3734,CP142614.1_3735,CP142623.1_2614,CP142623.1_2615
812037	1245	1657	2169	mRNA	AP012548.1_4011,AP012548.1_4012,CP001429.2_4051,CP001487.1_320,CP142614.1_3734,CP142614.1_3735,CP142623.1_2614,CP142623.1_2615
812059	2057	2111	intergenic	.	AP012548.1_1092,AP012548.1_2071,CP001429.2_1081,CP001487.1_2295,CP142614.1_1788,CP142614.1_811,CP142623.1_1320,CP142623.1_340,CP142623.1_341
812059	2057	2399	2117	polyA_signal_sequence	AP012548.1_1092,AP012548.1_2071,CP001429.2_1081,CP001487.1_2295,CP142614.1_1788,CP142614.1_811,CP142623.1_1320,CP142623.1_340,CP142623.1_341
812059	2057	2399	2165	stop_codon	AP012548.1_1092,AP012548.1_2071,CP001429.2_1081,CP001487.1_2295,CP142614.1_1788,CP142614.1_811,CP142623.1_1320,CP142623.1_340,CP142623.1_341
812059	2057	2399	2412	CDS	AP012548.1_1092,AP012548.1_2071,CP001429.2_1081,CP001487.1_2295,CP142614.1_1788,CP142614.1_811,CP142623.1_1320,CP142623.1_340,CP142623.1_341
812059	2057	2399	2412	exon	AP012548.1_1092,AP012548.1_2071,CP001429.2_1081,CP001487.1_2295,CP142614.1_1788,CP142614.1_811,CP142623.1_1320,CP142623.1_340,CP142623.1_341
812059	2057	2399	2791	gene	AP012548.1_1092,AP012548.1_2071,CP001429.2_1081,CP001487.1_2295,CP142614.1_1788,CP142614.1_811,CP142623.1_1320,CP142623.1_340,CP142623.1_341
812059	2057	2399	2791	mRNA	AP012548.1_1092,AP012548.1_2071,CP001429.2_1081,CP001487.1_2295,CP142614.1_1788,CP142614.1_811,CP142623.1_1320,CP142623.1_340,CP142623.1_341
812137	13116	13200	intergenic	.	AP012548.1_1276,CP142623.1_1135
812190	41026	41265	intergenic	.	AP012548.1_2363,CP142614.1_2081,CP142614.1_2082,CP142623.1_49
812195	2574	2795	intergenic	.	AP012548.1_724,AP012548.1_725,CP001487.1_3622,CP142614.1_442,CP142614.1_443,CP142623.1_1689,CP142623.1_1690
812245	66135	66295	intergenic	.	AP012548.1_3483,CP142614.1_3211
812435	2323	2543	7306	gene	AP012548.1_1125,AP012548.1_1126,CP142614.1_844,CP142623.1_1286,CP142623.1_1287
812446	295079	295364	intergenic	.	AP012548.1_124,AP012548.1_125,CP142614.1_4064,CP142614.1_4065,CP142623.1_2285,CP142623.1_2286
812531	617	803	intergenic	.	AP012548.1_1746,CP142614.1_1462,CP142623.1_667
812547	38424	38506	intergenic	.	AP012548.1_3307,CP001429.2_3343,CP001487.1_1023
812596	4776	4858	intergenic	.	CP142614.1_2271,CP142623.1_4070
813097	1183	1439	intergenic	.	AP012548.1_3096,AP012548.1_3097,CP142614.1_2824,CP142614.1_2825,CP142614.1_2826,CP142623.1_3525,CP142623.1_3526
813099	6839	7058	intergenic	.	AP012548.1_3628,AP012548.1_3629,CP001487.1_704,CP003000.1_3392,CP003000.1_3393,CP142614.1_3357,CP142614.1_3358,CP142623.1_2998
813288	31825	32042	intergenic	.	AP012548.1_2085,AP012548.1_2086,AP012548.1_592,CP001429.2_2093,CP001429.2_2094,CP001487.1_2280,CP142614.1_1802,CP142614.1_309,CP142623.1_1822,CP142623.1_326
813374	1397	1809	intergenic	.	AP012548.1_1389,AP012548.1_2643,CP001429.2_1396,CP003000.1_1195,CP003000.1_2435,CP142614.1_1106,CP142614.1_1107,CP142614.1_2362,CP142614.1_2363,CP142623.1_1022,CP142623.1_3978,CP142623.1_3979
813408	5043	5405	40647	mRNA	AP012548.1_4199,AP012548.1_4201,CP142614.1_3924
813408	5043	5405	42370	gene	AP012548.1_4199,AP012548.1_4201,CP142614.1_3924
813545	325335	325692	intergenic	.	AP012548.1_3512,AP012548.1_3513,AP012548.1_3514,CP001487.1_818,CP142614.1_3242,CP142623.1_3113
813553	2954	3153	8225	gene	CP001487.1_3184,CP142614.1_4204
813553	2954	3153	8225	mRNA	CP001487.1_3184,CP142614.1_4204
813589	146352	146471	intergenic	.	AP012548.1_1934,CP142614.1_1650,CP142623.1_478
813595	1229	1370	intergenic	.	AP012548.1_2707,CP142614.1_2426,CP142623.1_3915
813610	3202	3362	intergenic	.	AP012548.1_4133,CP142614.1_3856,CP142623.1_2494
813686	5427	5574	intergenic	.	AP012548.1_348,CP001487.1_4011,CP142623.1_2061
813850	3321	3683	31142	mRNA	AP012548.1_1268,CP142623.1_435
813850	3321	3683	32171	gene	AP012548.1_1268,CP142623.1_435
813910	20837	20993	intergenic	.	AP012548.1_1693,AP012548.1_2232,CP142614.1_1409,CP142614.1_1950,CP142623.1_179,CP142623.1_720
813932	5175	5275	intergenic	.	AP012548.1_2316,CP001487.1_2051,CP142614.1_2033,CP142623.1_96
813962	18640	18823	intergenic	.	AP012548.1_3583,AP012548.1_3584,CP001487.1_748,CP142614.1_3312,CP142623.1_3043
813980	25745	25828	intergenic	.	CP001429.2_973
814033	10413	10524	24322	mRNA	AP012548.1_2791,CP142614.1_2510,CP142623.1_3830
814033	10413	10524	24553	gene	AP012548.1_2791,CP142614.1_2510,CP142623.1_3830
814066	10675	11096	intergenic	.	AP012548.1_3561,AP012548.1_3562,CP142614.1_3290,CP142623.1_3065,CP142623.1_3067
814162	5475	5795	intergenic	.	AP012548.1_2964,AP012548.1_2965,AP012548.1_2966,CP001487.1_1361,CP001487.1_1362,CP003000.1_2741,CP142614.1_2693,CP142614.1_2694,CP142614.1_2695,CP142623.1_3658,CP142623.1_3659
814184	4321	4439	intergenic	.	AP012548.1_2753,CP001487.1_1572,CP142614.1_2472,CP142623.1_3869
814250	55	271	intergenic	.	AP012548.1_2046,CP001429.2_2054,CP001487.1_2320,CP003000.1_620,CP142614.1_1762,CP142614.1_1763,CP142623.1_366,CP142623.1_367
814256	0	78	intergenic	.	AP012548.1_3364,CP142614.1_3095,CP142623.1_3260
814506	5366	5699	intergenic	.	AP012548.1_1316,AP012548.1_1317,AP012548.1_1318,CP001487.1_3048,CP003000.1_1266,CP142614.1_1034,CP142614.1_1035,CP142623.1_1093,CP142623.1_1094,CP142623.1_1095
814632	4999	5262	intergenic	.	AP012548.1_1931,AP012548.1_3295,CP001487.1_2434,CP142614.1_1647,CP142623.1_3329
814660	4477	4606	40126	gene	AP012548.1_1507,CP001487.1_2858,CP142614.1_1224,CP142623.1_904
814660	4477	4606	40126	mRNA	AP012548.1_1507,CP001487.1_2858,CP142614.1_1224,CP142623.1_904
814703	124390	124566	143943	mRNA	AP012548.1_1911,CP001487.1_2454,CP142623.1_502
814703	124390	124566	144084	gene	AP012548.1_1911,CP001487.1_2454,CP142623.1_502
814866	16421	16813	intergenic	.	AP012548.1_3519,AP012548.1_3520,AP012548.1_3521,CP001487.1_811,CP142614.1_3247,CP142614.1_3248,CP142614.1_3249,CP142623.1_3106,CP142623.1_3107,CP142623.1_3108
814919	185	348	13380	gene	AP012548.1_3184,AP012548.1_3949,CP142614.1_2912,CP142614.1_3673,CP142623.1_2677,CP142623.1_3437
814919	185	348	13380	mRNA	AP012548.1_3184,AP012548.1_3949,CP142614.1_2912,CP142614.1_3673,CP142623.1_2677,CP142623.1_3437
814919	185	348	187	CDS	AP012548.1_3184,AP012548.1_3949,CP142614.1_2912,CP142614.1_3673,CP142623.1_2677,CP142623.1_3437
814919	185	348	187	exon	AP012548.1_3184,AP012548.1_3949,CP142614.1_2912,CP142614.1_3673,CP142623.1_2677,CP142623.1_3437
814970	2031	2234	intergenic	.	AP012548.1_1998,CP001487.1_2368,CP003000.1_668,CP142614.1_1713,CP142614.1_1714,CP142623.1_415
815027	41852	42094	43476	gene	AP012548.1_186,AP012548.1_187,CP001487.1_4173,CP142614.1_4125,CP142614.1_4126,CP142614.1_4127,CP142623.1_2224,CP142623.1_2225
815027	41852	42094	43476	mRNA	AP012548.1_186,AP012548.1_187,CP001487.1_4173,CP142614.1_4125,CP142614.1_4126,CP142614.1_4127,CP142623.1_2224,CP142623.1_2225
815028	30136	30415	intergenic	.	AP012548.1_4054,AP012548.1_4055,CP001487.1_276,CP142614.1_3778,CP142623.1_2571,CP142623.1_2572
815038	10627	10734	intergenic	.	CP142614.1_873
815146	8371	8561	intergenic	.	AP012548.1_2373,CP001429.2_2387,CP001487.1_1994,CP142614.1_2091,CP142614.1_2092,CP142623.1_39
815174	914	1051	intergenic	.	AP012548.1_1487,CP001429.2_1494,CP142614.1_1204,CP142623.1_924
815329	20521	20777	intergenic	.	AP012548.1_2502,AP012548.1_3659,AP012548.1_3660,CP001429.2_2517,CP142614.1_2220,CP142623.1_2967,CP142623.1_4121
815333	7540	7976	intergenic	.	AP012548.1_3195,AP012548.1_3975,CP142614.1_2924,CP142614.1_3698,CP142623.1_2651,CP142623.1_3425
815345	5071	5280	5296	CDS	AP012548.1_1566,CP001429.2_1573,CP142614.1_1282,CP142614.1_1283,CP142623.1_845,CP142623.1_846
815345	5071	5280	5296	exon	AP012548.1_1566,CP001429.2_1573,CP142614.1_1282,CP142614.1_1283,CP142623.1_845,CP142623.1_846
815345	5071	5280	5296	gene	AP012548.1_1566,CP001429.2_1573,CP142614.1_1282,CP142614.1_1283,CP142623.1_845,CP142623.1_846
815345	5071	5280	5296	mRNA	AP012548.1_1566,CP001429.2_1573,CP142614.1_1282,CP142614.1_1283,CP142623.1_845,CP142623.1_846
815362	113366	113521	intergenic	.	AP012548.1_1065,AP012548.1_1066,CP001487.1_3300,CP142614.1_784,CP142614.1_785,CP142623.1_1347
815384	62422	62685	102133	gene	AP012548.1_992,CP001487.1_3373,CP001487.1_3374,CP142614.1_710,CP142614.1_711,CP142623.1_1420
815384	62422	62685	102133	mRNA	AP012548.1_992,CP001487.1_3373,CP001487.1_3374,CP142614.1_710,CP142614.1_711,CP142623.1_1420
815433	32984	33344	33276	CDS	AP012548.1_1511,AP012548.1_1512,AP012548.1_1513,CP001429.2_1519,CP001487.1_2853,CP003000.1_1074,CP142614.1_1228,CP142614.1_1229,CP142614.1_1230,CP142623.1_899,CP142623.1_900
815433	32984	33344	33276	exon	AP012548.1_1511,AP012548.1_1512,AP012548.1_1513,CP001429.2_1519,CP001487.1_2853,CP003000.1_1074,CP142614.1_1228,CP142614.1_1229,CP142614.1_1230,CP142623.1_899,CP142623.1_900
815433	32984	33344	33276	mRNA	AP012548.1_1511,AP012548.1_1512,AP012548.1_1513,CP001429.2_1519,CP001487.1_2853,CP003000.1_1074,CP142614.1_1228,CP142614.1_1229,CP142614.1_1230,CP142623.1_899,CP142623.1_900
815433	32984	33344	33276	stop_codon	AP012548.1_1511,AP012548.1_1512,AP012548.1_1513,CP001429.2_1519,CP001487.1_2853,CP003000.1_1074,CP142614.1_1228,CP142614.1_1229,CP142614.1_1230,CP142623.1_899,CP142623.1_900
815433	32984	33344	34403	gene	AP012548.1_1511,AP012548.1_1512,AP012548.1_1513,CP001429.2_1519,CP001487.1_2853,CP003000.1_1074,CP142614.1_1228,CP142614.1_1229,CP142614.1_1230,CP142623.1_899,CP142623.1_900
815483	101679	101824	intergenic	.	AP012548.1_3499,AP012548.1_914,CP142614.1_3228
815514	13284	13476	intergenic	.	AP012548.1_3236,CP142614.1_2964,CP142623.1_3384
815623	5011	5403	5115	CDS	AP012548.1_669,AP012548.1_670,CP142614.1_386,CP142614.1_387,CP142614.1_388,CP142623.1_1743,CP142623.1_1744,CP142623.1_1745
815623	5011	5403	5115	exon	AP012548.1_669,AP012548.1_670,CP142614.1_386,CP142614.1_387,CP142614.1_388,CP142623.1_1743,CP142623.1_1744,CP142623.1_1745
815623	5011	5403	5371	CDS	AP012548.1_669,AP012548.1_670,CP142614.1_386,CP142614.1_387,CP142614.1_388,CP142623.1_1743,CP142623.1_1744,CP142623.1_1745
815623	5011	5403	5371	exon	AP012548.1_669,AP012548.1_670,CP142614.1_386,CP142614.1_387,CP142614.1_388,CP142623.1_1743,CP142623.1_1744,CP142623.1_1745
815623	5011	5403	5371	gene	AP012548.1_669,AP012548.1_670,CP142614.1_386,CP142614.1_387,CP142614.1_388,CP142623.1_1743,CP142623.1_1744,CP142623.1_1745
815623	5011	5403	5371	mRNA	AP012548.1_669,AP012548.1_670,CP142614.1_386,CP142614.1_387,CP142614.1_388,CP142623.1_1743,CP142623.1_1744,CP142623.1_1745
815623	5371	5403	intergenic	.	AP012548.1_669,AP012548.1_670,CP142614.1_386,CP142614.1_387,CP142614.1_388,CP142623.1_1743,CP142623.1_1744,CP142623.1_1745
815630	1668	1839	intergenic	.	AP012548.1_1601,AP012548.1_558,CP003000.1_1930,CP142614.1_1318,CP142614.1_275,CP142623.1_1855,CP142623.1_1856
815647	7028	7147	intergenic	.	CP001487.1_661,CP142614.1_3393
815734	6898	6999	intergenic	.	CP001429.2_1489,CP142623.1_929,CP142623.1_930
815749	109265	109525	intergenic	.	AP012548.1_3727,AP012548.1_3728,CP001487.1_605,CP142614.1_3450,CP142614.1_3451,CP142623.1_2898,CP142623.1_2899
815753	1580	1662	intergenic	.	CP142614.1_3380,CP142623.1_2974
815754	5989	6110	intergenic	.	CP142623.1_1051
815778	7180	7257	intergenic	.	AP012548.1_2647,CP001429.2_2680,CP001487.1_1677,CP142614.1_2366,CP142623.1_3975
815788	12107	12356	intergenic	.	AP012548.1_1463,AP012548.1_3344,CP142614.1_1180,CP142614.1_3074,CP142623.1_3280,CP142623.1_3281
815798	68619	69084	71359	gene	AP012548.1_2431,AP012548.1_896,CP001487.1_1936,CP142614.1_2149,CP142614.1_4090,CP142614.1_614,CP142623.1_1517,CP142623.1_4191
815798	68619	69084	71359	mRNA	AP012548.1_2431,AP012548.1_896,CP001487.1_1936,CP142614.1_2149,CP142614.1_4090,CP142614.1_614,CP142623.1_1517,CP142623.1_4191
815882	14184	14281	intergenic	.	AP012548.1_694,CP142614.1_412,CP142623.1_1720
815895	74549	74748	intergenic	.	AP012548.1_1902,AP012548.1_1903,CP142614.1_1618,CP142623.1_510
815897	255	380	intergenic	.	AP012548.1_273
815910	122322	122464	135008	mRNA	AP012548.1_526,CP001487.1_3822,CP142614.1_244
815910	122322	122464	136188	gene	AP012548.1_526,CP001487.1_3822,CP142614.1_244
815910	232195	232499	intergenic	.	AP012548.1_2095,AP012548.1_2096,CP001487.1_2270,CP003000.1_571,CP142614.1_1813,CP142623.1_316
815912	48492	48608	intergenic	.	CP142614.1_4156,CP142614.1_4157,CP142623.1_2193
815962	5046	5589	intergenic	.	AP012548.1_1260,CP001429.2_1266,CP142614.1_976,CP142614.1_977,CP142614.1_978,CP142623.1_1151
816039	59830	59971	71654	mRNA	AP012548.1_1528
816039	59830	59971	72152	gene	AP012548.1_1528
816086	11821	11914	intergenic	.	CP142614.1_376,CP142623.1_1755
816208	3957	4129	intergenic	.	AP012548.1_3542,CP001487.1_790,CP142614.1_3269,CP142614.1_3270,CP142623.1_3085
816259	241	837	intergenic	.	AP012548.1_2535,AP012548.1_2815,AP012548.1_3319,CP003000.1_2283,CP003000.1_2605,CP142614.1_2253,CP142614.1_2544,CP142614.1_3048,CP142623.1_3305,CP142623.1_3306,CP142623.1_3807,CP142623.1_3808,CP142623.1_4088
816420	40598	40847	intergenic	.	AP012548.1_14,AP012548.1_15,CP001429.2_15,CP001487.1_97,CP003000.1_14,CP142614.1_3954,CP142614.1_3955,CP142623.1_2395,CP142623.1_2396
816439	1419	1670	intergenic	.	AP012548.1_275,CP001429.2_278,CP003000.1_248,CP142614.1_4214,CP142614.1_4215,CP142623.1_2134
816483	4375	4630	intergenic	.	AP012548.1_1126,AP012548.1_1127,AP012548.1_2475,CP001487.1_3238,CP003000.1_1455,CP142614.1_2193,CP142614.1_845,CP142614.1_846,CP142623.1_1285,CP142623.1_4147
816487	2314	2462	intergenic	.	AP012548.1_881,CP142614.1_599,CP142623.1_1532
816490	6260	6678	intergenic	.	AP012548.1_1101,AP012548.1_1452,CP142614.1_1169,CP142614.1_820,CP142623.1_1310,CP142623.1_959
816541	48065	48161	intergenic	.	CP001487.1_2965,CP142614.1_1117,CP142623.1_1012
816543	46378	46546	intergenic	.	AP012548.1_3009,CP142614.1_2738,CP142623.1_3613
816594	3973	4100	intergenic	.	CP003000.1_3054,CP142623.1_3333
816594	7298	7709	intergenic	.	AP012548.1_102,AP012548.1_1031,AP012548.1_4111,CP001429.2_147,CP001429.2_2133,CP001429.2_4154,CP001487.1_10,CP001487.1_2241,CP003000.1_101,CP003000.1_542,CP142614.1_1841,CP142614.1_3834,CP142614.1_3835,CP142614.1_4042,CP142614.1_750,CP142623.1_1381,CP142623.1_2308,CP142623.1_2515,CP142623.1_2516
816602	8779	8903	intergenic	.	AP012548.1_1353,CP001487.1_3011,CP003000.1_1231,CP142614.1_1070,CP142614.1_1071,CP142623.1_1058
816618	8225	8323	intergenic	.	AP012548.1_4088,CP142614.1_3810,CP142623.1_2539
816695	5465	5669	intergenic	.	AP012548.1_3840,CP142614.1_3563,CP142614.1_3564,CP142623.1_2786
816697	797	1050	10273	mRNA	AP012548.1_248,AP012548.1_249,CP001429.2_251,CP001429.2_252,CP001487.1_4111,CP142614.1_4187,CP142614.1_4188,CP142623.1_2161,CP142623.1_2162,CP142623.1_2163
816697	797	1050	11165	gene	AP012548.1_248,AP012548.1_249,CP001429.2_251,CP001429.2_252,CP001487.1_4111,CP142614.1_4187,CP142614.1_4188,CP142623.1_2161,CP142623.1_2162,CP142623.1_2163
816757	11425	11572	11671	CDS	AP012548.1_1741,CP142614.1_1456,CP142614.1_1457,CP142623.1_672
816757	11425	11572	11671	exon	AP012548.1_1741,CP142614.1_1456,CP142614.1_1457,CP142623.1_672
816757	11425	11572	11671	mRNA	AP012548.1_1741,CP142614.1_1456,CP142614.1_1457,CP142623.1_672
816757	11425	11572	11696	gene	AP012548.1_1741,CP142614.1_1456,CP142614.1_1457,CP142623.1_672
816781	15157	15256	intergenic	.	AP012548.1_1636,CP001429.2_1642,CP001487.1_2730,CP142614.1_1352,CP142623.1_776
816805	25032	25253	intergenic	.	AP012548.1_1325,CP142614.1_1042,CP142614.1_1043,CP142623.1_1086
816819	5773	5872	intergenic	.	CP142623.1_3561
816823	2732	2885	intergenic	.	AP012548.1_3565,CP142614.1_3294,CP142623.1_3061
816904	8444	8580	intergenic	.	AP012548.1_2805,AP012548.1_2806,CP001487.1_1519,CP001487.1_1520,CP003000.1_2595,CP142614.1_2534,CP142614.1_2535,CP142623.1_3817
816910	16610	16727	intergenic	.	CP142614.1_1412,CP142614.1_1413,CP142623.1_716
816928	4542	4796	intergenic	.	AP012548.1_3062,AP012548.1_3063,CP142614.1_2790,CP142614.1_2791,CP142614.1_2792,CP142623.1_3559,CP142623.1_3560
816985	47610	48079	intergenic	.	AP012548.1_13,AP012548.1_1957,CP142614.1_1673,CP142614.1_3702,CP142614.1_3953,CP142623.1_2397,CP142623.1_2647,CP142623.1_456
817020	4074	4303	intergenic	.	AP012548.1_538,AP012548.1_539,CP142614.1_256,CP142614.1_257,CP142623.1_1874,CP142623.1_1875
817036	33481	33671	intergenic	.	AP012548.1_3860,CP142614.1_3583,CP142614.1_3584,CP142623.1_2766
817036	65548	65650	intergenic	.	AP012548.1_2777,CP142614.1_2496,CP142623.1_3845
817054	120722	120850	intergenic	.	AP012548.1_535,AP012548.1_536,CP001487.1_3813,CP142614.1_254,CP142623.1_1877
817059	92866	93202	intergenic	.	AP012548.1_3180,AP012548.1_3181,CP001429.2_3778,CP142614.1_2909,CP142614.1_3466,CP142623.1_3440
817077	1813	1966	intergenic	.	AP012548.1_2448,CP001487.1_1919,CP003000.1_2203,CP142614.1_2167,CP142623.1_4174
817088	49509	49626	intergenic	.	AP012548.1_3273,CP001429.2_3309,CP142614.1_3002,CP142614.1_3003,CP142623.1_3351
817128	8367	8528	intergenic	.	AP012548.1_4040,AP012548.1_4041,CP001429.2_4080,CP001429.2_4081,CP001487.1_290,CP003000.1_3750,CP142614.1_3763,CP142614.1_3764,CP142623.1_2586
817132	5666	6002	intergenic	.	AP012548.1_1386,AP012548.1_1388,CP001429.2_1393,CP001487.1_2978,CP142614.1_1103,CP142614.1_1104,CP142614.1_1105,CP142623.1_1024,CP142623.1_1025
817168	589072	589217	608156	gene	AP012548.1_2583,CP001487.1_1741,CP142614.1_2302,CP142623.1_4039
817168	589072	589217	608156	mRNA	AP012548.1_2583,CP001487.1_1741,CP142614.1_2302,CP142623.1_4039
817171	147334	147485	154157	mRNA	AP012548.1_390,CP142623.1_2018
817171	147334	147485	154278	gene	AP012548.1_390,CP142623.1_2018
817178	279040	279197	intergenic	.	AP012548.1_1059,AP012548.1_262,CP142614.1_4202,CP142623.1_1354,CP142623.1_2147
817210	4908	5137	intergenic	.	AP012548.1_4072,AP012548.1_4073,CP142614.1_3795,CP142614.1_3796,CP142623.1_2553,CP142623.1_2554
817305	6512	6661	intergenic	.	AP012548.1_216
817474	5452	5584	intergenic	.	AP012548.1_2450,CP142614.1_2169,CP142623.1_4172
817475	124	426	intergenic	.	AP012548.1_471,AP012548.1_472,CP142614.1_188,CP142614.1_189,CP142614.1_190,CP142623.1_1936,CP142623.1_1937,CP142623.1_1938
817581	475	855	intergenic	.	AP012548.1_1660,AP012548.1_1661,AP012548.1_2449,CP001429.2_1667,CP001487.1_2705,CP003000.1_991,CP142614.1_1376,CP142614.1_1377,CP142614.1_2168,CP142623.1_4173,CP142623.1_752,CP142623.1_753
817588	600	701	intergenic	.	AP012548.1_3102,CP001429.2_3139,CP142623.1_3520
817589	30456	30683	intergenic	.	AP012548.1_937,CP142614.1_655,CP142614.1_656,CP142623.1_1476
817734	5695	5808	intergenic	.	AP012548.1_1059,CP142614.1_778,CP142623.1_1353
817827	1376	1542	intergenic	.	AP012548.1_828,CP001429.2_835,CP001487.1_3519,CP003000.1_1715,CP142614.1_546,CP142623.1_1586
817902	344341	344420	intergenic	.	CP142614.1_2233
817905	65377	65458	67355	gene	AP012548.1_3602,CP142623.1_3025
817905	65377	65458	67355	mRNA	AP012548.1_3602,CP142623.1_3025
817916	111443	111707	120295	gene	CP142614.1_1319,CP142614.1_3210,CP142623.1_3145,CP142623.1_809
817916	111443	111707	120295	mRNA	CP142614.1_1319,CP142614.1_3210,CP142623.1_3145,CP142623.1_809
817940	52819	52989	intergenic	.	CP001487.1_485,CP142614.1_3568
817965	9933	10412	intergenic	.	AP012548.1_2019,AP012548.1_2547,AP012548.1_2548,AP012548.1_3151,AP012548.1_4076,CP001487.1_1820,CP001487.1_2347,CP142614.1_1735,CP142614.1_2266,CP142614.1_2879,CP142614.1_3799,CP142623.1_2550,CP142623.1_3471,CP142623.1_393,CP142623.1_394,CP142623.1_4075
817979	21091	21294	intergenic	.	AP012548.1_2162,CP001487.1_2204,CP142614.1_1879,CP142614.1_758,CP142623.1_1373,CP142623.1_250
818012	213584	213743	220848	gene	AP012548.1_1029,CP142614.1_748,CP142623.1_1383
818012	213584	213743	220848	mRNA	AP012548.1_1029,CP142614.1_748,CP142623.1_1383
818017	9	199	intergenic	.	CP142614.1_2238,CP142623.1_4102
818040	11742	11834	intergenic	.	AP012548.1_2890,CP142623.1_3734
818064	4766	4900	intergenic	.	AP012548.1_3786,CP142614.1_3509,CP142614.1_3510,CP142623.1_2840
818119	281344	281461	intergenic	.	AP012548.1_655,CP142614.1_372,CP142623.1_1759
818153	592	674	intergenic	.	CP001487.1_3053
818197	8278	8362	intergenic	.	AP012548.1_615,CP001487.1_3730,CP142614.1_332,CP142623.1_1798,CP142623.1_1799
818283	15154	15342	intergenic	.	AP012548.1_291,CP001487.1_4069,CP003000.1_232,CP142614.1_7,CP142623.1_2118,CP142623.1_2119
818310	5967	6079	intergenic	.	CP142614.1_348
818310	6447	6666	intergenic	.	AP012548.1_629,AP012548.1_630,CP001487.1_3716,CP142614.1_346,CP142614.1_347,CP142623.1_1784
818320	409	589	intergenic	.	AP012548.1_523,AP012548.1_524,CP001487.1_3824,CP003000.1_1967,CP142614.1_242,CP142614.1_243
818332	23632	23780	intergenic	.	AP012548.1_2617,AP012548.1_2618,CP142614.1_2336,CP142614.1_2337,CP142623.1_4004,CP142623.1_4005
818351	5232	5463	intergenic	.	AP012548.1_1015,AP012548.1_1016,CP001487.1_3350,CP142614.1_733,CP142614.1_734,CP142623.1_1397
818384	157723	157850	intergenic	.	CP142614.1_4205
818385	220941	221405	intergenic	.	AP012548.1_1997,AP012548.1_534,AP012548.1_535,CP001429.2_2005,CP001429.2_543,CP001487.1_2369,CP001487.1_2370,CP001487.1_3814,CP003000.1_1957,CP142614.1_1712,CP142614.1_252,CP142614.1_253,CP142623.1_1878,CP142623.1_1879,CP142623.1_416
818388	1426	1520	intergenic	.	CP142614.1_3906,CP142623.1_2444
818398	700	779	intergenic	.	AP012548.1_3218,CP001429.2_3255,CP142614.1_2947,CP142623.1_3402
818421	163485	163562	intergenic	.	AP012548.1_3345,CP142614.1_3075
818421	602299	602443	intergenic	.	AP012548.1_1172,AP012548.1_1173,CP142614.1_890,CP142623.1_1239
818436	3550	3699	intergenic	.	AP012548.1_3662,AP012548.1_4080,CP001487.1_251,CP142614.1_3804,CP142623.1_2546,CP142623.1_2965
818489	27602	27737	intergenic	.	AP012548.1_887,CP142614.1_605,CP142623.1_1526
818505	16884	17088	16915	CDS	AP012548.1_3765,CP142614.1_3487,CP142614.1_3488,CP142623.1_2861
818505	16884	17088	16915	exon	AP012548.1_3765,CP142614.1_3487,CP142614.1_3488,CP142623.1_2861
818505	16884	17088	16915	mRNA	AP012548.1_3765,CP142614.1_3487,CP142614.1_3488,CP142623.1_2861
818505	16884	17088	16915	stop_codon	AP012548.1_3765,CP142614.1_3487,CP142614.1_3488,CP142623.1_2861
818505	16884	17088	17078	gene	AP012548.1_3765,CP142614.1_3487,CP142614.1_3488,CP142623.1_2861
818505	16884	17088	17078	polyA_signal_sequence	AP012548.1_3765,CP142614.1_3487,CP142614.1_3488,CP142623.1_2861
818505	17078	17088	intergenic	.	AP012548.1_3765,CP142614.1_3487,CP142614.1_3488,CP142623.1_2861
818517	90388	90522	intergenic	.	AP012548.1_1745,CP142614.1_1461,CP142623.1_668
818578	29060	29199	intergenic	.	AP012548.1_1442,CP142614.1_1159,CP142623.1_969,CP142623.1_970
818597	715604	715714	intergenic	.	AP012548.1_2725,CP142614.1_2444,CP142623.1_3897
818672	2924	3044	intergenic	.	AP012548.1_1509,CP142614.1_1226,CP142623.1_902
818724	12728	13109	intergenic	.	AP012548.1_1726,AP012548.1_341,CP142614.1_1442,CP142614.1_588,CP142614.1_59,CP142623.1_1544,CP142623.1_2067,CP142623.1_687
818731	25681	25868	intergenic	.	AP012548.1_233,AP012548.1_234,CP142614.1_4173,CP142614.1_4174,CP142623.1_2177
818833	19423	19519	intergenic	.	CP142614.1_4156
818835	30933	31094	37077	mRNA	AP012548.1_2089,CP001487.1_2277,CP003000.1_578,CP142614.1_1805,CP142614.1_1806,CP142623.1_322,CP142623.1_323
818835	30933	31094	37368	gene	AP012548.1_2089,CP001487.1_2277,CP003000.1_578,CP142614.1_1805,CP142614.1_1806,CP142623.1_322,CP142623.1_323
818863	3086	3164	82786	gene	CP142614.1_987,CP142623.1_1142
818863	3086	3164	82786	mRNA	CP142614.1_987,CP142623.1_1142
818866	13124	13300	intergenic	.	AP012548.1_1362,AP012548.1_780,CP001429.2_1369,CP003000.1_1221,CP003000.1_1222,CP142614.1_1079,CP142614.1_498,CP142623.1_1049,CP142623.1_1634
818884	52197	52401	intergenic	.	AP012548.1_3716,CP001429.2_1810,CP001487.1_2562,CP001487.1_616,CP142614.1_3439,CP142623.1_2910
818887	111380	111462	intergenic	.	AP012548.1_506,CP142614.1_224,CP142623.1_1902
818903	170489	170683	202966	mRNA	AP012548.1_2649,AP012548.1_2650,CP001487.1_1674,CP142614.1_2369,CP142623.1_3973
818903	170489	170683	203181	gene	AP012548.1_2649,AP012548.1_2650,CP001487.1_1674,CP142614.1_2369,CP142623.1_3973
818903	438803	439017	497032	mRNA	AP012548.1_3194,CP142614.1_2922,CP142614.1_2923,CP142623.1_3426
818903	438803	439017	497989	gene	AP012548.1_3194,CP142614.1_2922,CP142614.1_2923,CP142623.1_3426
818906	5381	5457	intergenic	.	AP012548.1_1294,CP001429.2_1301,CP001487.1_3070,CP142614.1_1012,CP142623.1_1117
818921	77412	77630	78743	gene	AP012548.1_3622,AP012548.1_3623,CP142614.1_3351,CP142623.1_3004
818921	77412	77630	78743	mRNA	AP012548.1_3622,AP012548.1_3623,CP142614.1_3351,CP142623.1_3004
818922	4926	5158	intergenic	.	AP012548.1_163,AP012548.1_164,CP142614.1_4102,CP142614.1_4103,CP142623.1_2247,CP142623.1_2248
819031	125949	126126	intergenic	.	AP012548.1_2141,AP012548.1_302,CP001487.1_2225,CP142614.1_18,CP142614.1_1857,CP142623.1_2107,CP142623.1_271
819141	21428	21620	intergenic	.	AP012548.1_529,AP012548.1_530,CP001429.2_538,CP003000.1_1962,CP142614.1_248,CP142614.1_249,CP142623.1_1882,CP142623.1_1883
819162	11748	12148	31111	gene	AP012548.1_3773,AP012548.1_3774,CP001429.2_3811,CP001429.2_3813,CP001487.1_555,CP003000.1_3529,CP142614.1_3496,CP142614.1_3497,CP142623.1_2852,CP142623.1_2853
819162	11748	12148	31111	mRNA	AP012548.1_3773,AP012548.1_3774,CP001429.2_3811,CP001429.2_3813,CP001487.1_555,CP003000.1_3529,CP142614.1_3496,CP142614.1_3497,CP142623.1_2852,CP142623.1_2853
819280	33740	33924	intergenic	.	AP012548.1_198,CP142614.1_4137,CP142614.1_4138,CP142623.1_2212,CP142623.1_2213
819300	19121	19296	intergenic	.	AP012548.1_2087,AP012548.1_577,CP142614.1_1804,CP142623.1_324
819301	3037	3112	intergenic	.	CP142614.1_368
819308	70080	70457	intergenic	.	AP012548.1_168,AP012548.1_169,AP012548.1_287,AP012548.1_3613,CP142614.1_3341,CP142614.1_3342,CP142614.1_4108,CP142623.1_2122,CP142623.1_2242,CP142623.1_3014
819379	8289	8588	intergenic	.	AP012548.1_482,AP012548.1_483,AP012548.1_488,CP001487.1_3869,CP142614.1_201,CP142614.1_206,CP142623.1_1920,CP142623.1_1926
819413	51801	51897	intergenic	.	AP012548.1_3200,CP142614.1_2929,CP142623.1_3420
819413	51801	51939	51903	polyA_signal_sequence	AP012548.1_3200,CP142614.1_2929,CP142623.1_3420
819413	51801	51939	59572	gene	AP012548.1_3200,CP142614.1_2929,CP142623.1_3420
819418	12921	13131	intergenic	.	CP142614.1_842,CP142623.1_1287,CP142623.1_1288
819493	56010	56151	intergenic	.	AP012548.1_2325,CP001487.1_2041,CP142614.1_2042,CP142623.1_86
819546	32229	32314	intergenic	.	AP012548.1_443,CP001429.2_448,CP001487.1_3908,CP142614.1_161,CP142623.1_1965
819550	66228	66550	intergenic	.	AP012548.1_112,AP012548.1_113,CP001487.1_4245,CP142614.1_4051,CP142614.1_4052,CP142614.1_4053,CP142623.1_2297,CP142623.1_2298,CP142623.1_2299
819574	140140	140265	144505	gene	AP012548.1_2686,CP142614.1_2405
819574	140140	140265	144505	mRNA	AP012548.1_2686,CP142614.1_2405
819584	296	554	intergenic	.	AP012548.1_1420,CP142614.1_1136,CP142614.1_1137,CP142623.1_991
819611	32997	33116	85593	mRNA	AP012548.1_2546
819611	32997	33116	86660	gene	AP012548.1_2546
819632	12385	12496	intergenic	.	AP012548.1_1637,CP001487.1_2729,CP142614.1_1353,CP142623.1_775,CP142623.1_776
819642	65441	65607	intergenic	.	AP012548.1_874,CP001429.2_882,CP142614.1_592,CP142623.1_1539
819645	18330	18415	intergenic	.	AP012548.1_31,CP142614.1_3971,CP142623.1_2379
819653	73278	73358	78069	mRNA	AP012548.1_3932,CP142614.1_3656,CP142623.1_2694
819653	73278	73358	78098	gene	AP012548.1_3932,CP142614.1_3656,CP142623.1_2694
819675	1998	2244	intergenic	.	AP012548.1_452,CP003000.1_398,CP142614.1_170,CP142614.1_171,CP142623.1_1956,CP142623.1_1957
819700	14389	14562	21844	mRNA	AP012548.1_4115,CP001429.2_4161,CP003000.1_3823,CP142614.1_3838,CP142614.1_3839,CP142623.1_2511,CP142623.1_2512
819700	14389	14562	22097	gene	AP012548.1_4115,CP001429.2_4161,CP003000.1_3823,CP142614.1_3838,CP142614.1_3839,CP142623.1_2511,CP142623.1_2512
819713	17850	17984	intergenic	.	AP012548.1_30,CP001429.2_30,CP001487.1_81,CP142614.1_3970
819714	201119	201292	intergenic	.	AP012548.1_574,CP142614.1_291,CP142614.1_3506,CP142623.1_1840,CP142623.1_2843,CP142623.1_2844
819720	241625	241857	intergenic	.	AP012548.1_1709,AP012548.1_1710,CP001487.1_2656,CP003000.1_943,CP142614.1_1425,CP142623.1_703,CP142623.1_704
819732	24202	24348	intergenic	.	AP012548.1_4079,CP001487.1_252,CP142614.1_3802,CP142623.1_2547
819751	26856	26934	intergenic	.	AP012548.1_2148,CP142614.1_1865,CP142623.1_264
819821	4959	5263	42537	mRNA	AP012548.1_3954,CP001487.1_376,CP142614.1_2675,CP142614.1_3678,CP142614.1_970,CP142623.1_1159,CP142623.1_2671
819821	4959	5263	42549	gene	AP012548.1_3954,CP001487.1_376,CP142614.1_2675,CP142614.1_3678,CP142614.1_970,CP142623.1_1159,CP142623.1_2671
819826	28549	28715	33267	mRNA	AP012548.1_1717,CP001487.1_2649,CP142614.1_1432,CP142623.1_696,CP142623.1_697
819826	28549	28715	34071	gene	AP012548.1_1717,CP001487.1_2649,CP142614.1_1432,CP142623.1_696,CP142623.1_697
819831	62767	63090	110371	mRNA	AP012548.1_3918,CP001487.1_413,CP142614.1_3642,CP142623.1_2707,CP142623.1_2708
819831	62767	63090	110541	gene	AP012548.1_3918,CP001487.1_413,CP142614.1_3642,CP142623.1_2707,CP142623.1_2708
819856	144798	144920	intergenic	.	AP012548.1_2455,CP142614.1_2173,CP142614.1_2174,CP142623.1_4167
819946	7089	7226	intergenic	.	CP142614.1_1179
819948	3568	3658	intergenic	.	AP012548.1_2712,CP142614.1_2431,CP142623.1_3910
819976	3140	3564	3392	CDS	AP012548.1_1147,AP012548.1_3976,AP012548.1_3977,CP003000.1_1435,CP003000.1_3687,CP142614.1_3700,CP142614.1_866,CP142623.1_2649,CP142623.1_2650,CP142623.1_3736
819976	3140	3564	3392	exon	AP012548.1_1147,AP012548.1_3976,AP012548.1_3977,CP003000.1_1435,CP003000.1_3687,CP142614.1_3700,CP142614.1_866,CP142623.1_2649,CP142623.1_2650,CP142623.1_3736
819976	3140	3564	9287	gene	AP012548.1_1147,AP012548.1_3976,AP012548.1_3977,CP003000.1_1435,CP003000.1_3687,CP142614.1_3700,CP142614.1_866,CP142623.1_2649,CP142623.1_2650,CP142623.1_3736
819976	3140	3564	9287	mRNA	AP012548.1_1147,AP012548.1_3976,AP012548.1_3977,CP003000.1_1435,CP003000.1_3687,CP142614.1_3700,CP142614.1_866,CP142623.1_2649,CP142623.1_2650,CP142623.1_3736
820019	371779	371940	intergenic	.	AP012548.1_2680,CP001429.2_2714,CP142614.1_2399,CP142623.1_3941,CP142623.1_3942
820019	525662	525826	intergenic	.	AP012548.1_3162,CP142614.1_2891,CP142623.1_3458
820019	991018	991226	intergenic	.	AP012548.1_901,CP142614.1_618,CP142614.1_619,CP142623.1_1512,CP142623.1_1513
820037	104666	104765	intergenic	.	AP012548.1_1393,CP001487.1_2971,CP142623.1_1018
820140	6689	6774	intergenic	.	AP012548.1_2386,CP001429.2_2401,CP001487.1_1980,CP003000.1_2143,CP142614.1_2105,CP142623.1_25,CP142623.1_26
820151	71626	71763	intergenic	.	AP012548.1_2978
820198	16364	16610	intergenic	.	AP012548.1_1544,AP012548.1_1545,CP001487.1_2820,CP142614.1_1261,CP142614.1_1262,CP142623.1_866,CP142623.1_867
820203	44139	44533	intergenic	.	AP012548.1_3892,CP142614.1_3615,CP142614.1_3616,CP142623.1_2734,CP142623.1_2735
820248	22645	22797	intergenic	.	AP012548.1_552
820261	10847	11473	intergenic	.	AP012548.1_1067,AP012548.1_1068,AP012548.1_1069,AP012548.1_1071,CP142614.1_786,CP142614.1_787,CP142614.1_788,CP142614.1_789,CP142614.1_790,CP142623.1_1342,CP142623.1_1344,CP142623.1_1345
820271	11570	11865	intergenic	.	AP012548.1_1279,AP012548.1_1280,CP142614.1_997,CP142623.1_1131,CP142623.1_1132
820293	8741	8836	32705	mRNA	CP142614.1_1249,CP142623.1_879
820293	8741	8836	33682	gene	CP142614.1_1249,CP142623.1_879
820297	126582	126749	127598	gene	AP012548.1_64,AP012548.1_65,CP142614.1_4004,CP142614.1_4005,CP142623.1_2345,CP142623.1_2346
820297	126582	126749	127598	mRNA	AP012548.1_64,AP012548.1_65,CP142614.1_4004,CP142614.1_4005,CP142623.1_2345,CP142623.1_2346
820301	12055	12172	intergenic	.	CP142614.1_3159,CP142623.1_3196
820330	80211	80468	intergenic	.	AP012548.1_2065,AP012548.1_3999,CP001429.2_4038,CP001487.1_331,CP001487.1_332,CP142614.1_3722,CP142623.1_2627
820338	656082	656441	intergenic	.	AP012548.1_3671,AP012548.1_3672,AP012548.1_3673,CP001487.1_659,CP001487.1_660,CP142614.1_3394,CP142614.1_3395,CP142614.1_3396,CP142623.1_2953,CP142623.1_2954,CP142623.1_2955
820354	12408	12733	intergenic	.	AP012548.1_2640,AP012548.1_2641,AP012548.1_2642,CP001487.1_1683,CP142614.1_2360,CP142614.1_2361,CP142623.1_3980,CP142623.1_3981
820355	94159	94278	intergenic	.	AP012548.1_3627,CP142614.1_3356,CP142623.1_2999
820401	10760	10896	intergenic	.	AP012548.1_73,CP142614.1_4013,CP142623.1_2337
820402	4517	4768	intergenic	.	AP012548.1_3487,AP012548.1_3488,CP142614.1_3216,CP142614.1_3217,CP142623.1_3138,CP142623.1_3139
820481	2203	2367	63239	gene	AP012548.1_1755,CP142614.1_1471,CP142623.1_658
820481	2203	2367	63239	mRNA	AP012548.1_1755,CP142614.1_1471,CP142623.1_658
820511	63271	63477	74350	mRNA	AP012548.1_1369,CP142614.1_1086,CP142614.1_1087,CP142623.1_1042
820511	63271	63477	74462	gene	AP012548.1_1369,CP142614.1_1086,CP142614.1_1087,CP142623.1_1042
820511	148936	149080	intergenic	.	CP142614.1_199
820521	52563	52794	intergenic	.	CP142614.1_3586,CP142614.1_446,CP142623.1_2763
820524	1731	2000	intergenic	.	AP012548.1_321,AP012548.1_3294,CP001429.2_3330,CP001487.1_1036,CP142614.1_3024,CP142614.1_37,CP142614.1_38,CP142623.1_2087,CP142623.1_2088,CP142623.1_3330
820552	576	725	intergenic	.	AP012548.1_1382,CP142614.1_1099,CP142623.1_1029
820553	1436	1530	intergenic	.	AP012548.1_504,CP001487.1_3848,CP003000.1_1991,CP142614.1_222,CP142623.1_1904
820558	94154	94661	intergenic	.	AP012548.1_336,AP012548.1_3868,CP001429.2_340,CP001487.1_4023,CP142614.1_3590,CP142614.1_3591,CP142614.1_52,CP142614.1_54,CP142623.1_2072,CP142623.1_2073,CP142623.1_2758,CP142623.1_2759
820613	225316	225826	intergenic	.	AP012548.1_1622,AP012548.1_1623,AP012548.1_2040,CP001429.2_1629,CP001429.2_2048,CP001487.1_2326,CP001487.1_2743,CP003000.1_1020,CP003000.1_626,CP142614.1_1339,CP142614.1_1756,CP142614.1_1757,CP142623.1_373,CP142623.1_789,CP142623.1_790
820621	44829	45117	47043	gene	AP012548.1_1073,CP001487.1_3292,CP003000.1_1509,CP142614.1_791,CP142614.1_792,CP142623.1_1339,CP142623.1_1340
820621	44829	45117	47043	mRNA	AP012548.1_1073,CP001487.1_3292,CP003000.1_1509,CP142614.1_791,CP142614.1_792,CP142623.1_1339,CP142623.1_1340
820650	194570	194769	198468	mRNA	AP012548.1_4065,CP142614.1_3788,CP142623.1_2561,CP142623.1_3161
820650	194570	194769	198985	gene	AP012548.1_4065,CP142614.1_3788,CP142623.1_2561,CP142623.1_3161
820668	143906	144059	intergenic	.	AP012548.1_1383,CP142614.1_1100,CP142623.1_1028
820668	169115	169266	intergenic	.	AP012548.1_3001,AP012548.1_3292,CP001487.1_1038,CP142614.1_2730,CP142614.1_3021,CP142623.1_3622
820672	8470	8602	intergenic	.	AP012548.1_1894,AP012548.1_1895,CP142614.1_1610,CP142614.1_1611,CP142623.1_518
820679	60587	60773	intergenic	.	AP012548.1_500,CP001429.2_504,CP001487.1_3852,CP142614.1_218,CP142623.1_1908
820683	33221	33298	41373	gene	CP001487.1_1369,CP003000.1_2735,CP142623.1_3666
820683	33221	33298	41373	mRNA	CP001487.1_1369,CP003000.1_2735,CP142623.1_3666
820683	33613	33723	41373	gene	AP012548.1_3338,CP142614.1_3068,CP142623.1_3286
820683	33613	33723	41373	mRNA	AP012548.1_3338,CP142614.1_3068,CP142623.1_3286
820687	3407	3618	30793	mRNA	AP012548.1_1199,CP001429.2_1188,CP001487.1_3166,CP003000.1_1384,CP142614.1_916,CP142623.1_1212,CP142623.1_1213
820687	3407	3618	30901	gene	AP012548.1_1199,CP001429.2_1188,CP001487.1_3166,CP003000.1_1384,CP142614.1_916,CP142623.1_1212,CP142623.1_1213
820782	83304	83466	91763	gene	AP012548.1_1917,CP142614.1_1633,CP142623.1_496
820782	83304	83466	91763	mRNA	AP012548.1_1917,CP142614.1_1633,CP142623.1_496
820794	65441	65652	intergenic	.	AP012548.1_1259,CP001487.1_3105,CP142623.1_1152
820801	10803	10905	intergenic	.	AP012548.1_643,CP142614.1_360,CP142623.1_1771
820832	91299	91545	intergenic	.	CP001487.1_3533,CP001487.1_3534,CP003000.1_1730,CP142614.1_531,CP142623.1_1599,CP142623.1_1600
820876	3009	3117	3012	gene	AP012548.1_491,CP142614.1_209
820876	3009	3117	3012	polyA_signal_sequence	AP012548.1_491,CP142614.1_209
820876	3012	3117	intergenic	.	AP012548.1_491,CP142614.1_209
820877	15317	15552	intergenic	.	AP012548.1_4215,AP012548.1_4216,CP001487.1_113,CP142614.1_3939,CP142623.1_2411
820891	24866	25057	39906	gene	AP012548.1_338,CP001487.1_4022,CP003000.1_294,CP142614.1_54,CP142614.1_55,CP142623.1_2071
820891	24866	25057	39906	mRNA	AP012548.1_338,CP001487.1_4022,CP003000.1_294,CP142614.1_54,CP142614.1_55,CP142623.1_2071
820902	4009	4262	intergenic	.	AP012548.1_1778,AP012548.1_50,CP001487.1_61,CP142614.1_3990,CP142623.1_2360,CP142623.1_635
820923	142450	142696	intergenic	.	AP012548.1_23,AP012548.1_24,CP001429.2_24,CP001487.1_87,CP001487.1_88,CP003000.1_23,CP142614.1_3963,CP142614.1_3964,CP142623.1_2386,CP142623.1_2387
820925	41896	42057	intergenic	.	AP012548.1_2917,CP001487.1_1409,CP003000.1_2698,CP142614.1_2646,CP142623.1_3707
820951	28704	28805	35228	gene	AP012548.1_439,CP142614.1_157,CP142623.1_1969
820951	28704	28805	35228	mRNA	AP012548.1_439,CP142614.1_157,CP142623.1_1969
820976	74853	74955	74956	gene	AP012548.1_2552,CP142623.1_4071
820976	74853	74955	74956	polyA_signal_sequence	AP012548.1_2552,CP142623.1_4071
820976	87454	87555	intergenic	.	AP012548.1_1725,CP142614.1_1441,CP142623.1_688
820979	17534	17652	35055	mRNA	AP012548.1_3109,CP001429.2_3146,CP001487.1_1219,CP003000.1_2885,CP142614.1_2838,CP142623.1_3513
820979	17534	17652	35242	gene	AP012548.1_3109,CP001429.2_3146,CP001487.1_1219,CP003000.1_2885,CP142614.1_2838,CP142623.1_3513
820988	25834	26080	intergenic	.	AP012548.1_3587,CP001487.1_745,CP142614.1_3315,CP142623.1_3040
821051	55561	55681	79864	gene	AP012548.1_1687,CP003000.1_965,CP142623.1_726
821051	55561	55681	79864	mRNA	AP012548.1_1687,CP003000.1_965,CP142623.1_726
821083	41121	41432	intergenic	.	AP012548.1_939,CP142614.1_4221,CP142614.1_57,CP142623.1_1473,CP142623.1_2069
821083	82024	82273	intergenic	.	AP012548.1_4082,AP012548.1_4083,CP142614.1_1502,CP142614.1_3806,CP142623.1_2543,CP142623.1_2544
821118	8789	8912	intergenic	.	AP012548.1_3815,CP001487.1_515,CP142614.1_3538,CP142623.1_2811
821118	24133	24269	25963	gene	CP001487.1_2933,CP142614.1_1148,CP142623.1_981
821118	24133	24269	25963	mRNA	CP001487.1_2933,CP142614.1_1148,CP142623.1_981
821120	43919	44185	intergenic	.	AP012548.1_1319,AP012548.1_3895,CP142614.1_1036,CP142614.1_1037,CP142614.1_3619,CP142623.1_1092,CP142623.1_2731
821134	130424	130720	intergenic	.	AP012548.1_3732,AP012548.1_3733,CP142614.1_3455,CP142614.1_3456,CP142623.1_2892,CP142623.1_2893,CP142623.1_2894
821134	130949	131130	intergenic	.	AP012548.1_3732,CP142614.1_3454,CP142614.1_3455,CP142623.1_2894
821148	36175	36455	intergenic	.	AP012548.1_2854,AP012548.1_3363,CP142614.1_2583,CP142614.1_3093,CP142623.1_3262,CP142623.1_3768
821154	16028	16334	intergenic	.	AP012548.1_2946,AP012548.1_2947,AP012548.1_3755,CP001429.2_3790,CP001487.1_1380,CP001487.1_577,CP003000.1_3508,CP142614.1_2676,CP142614.1_3478,CP142623.1_2871,CP142623.1_3677
821162	1022	1195	14939	mRNA	AP012548.1_2620,CP001487.1_1703,CP142614.1_2340
821162	1022	1195	15520	gene	AP012548.1_2620,CP001487.1_1703,CP142614.1_2340
821173	30869	30973	intergenic	.	CP142614.1_1045
821179	10269	10354	intergenic	.	AP012548.1_1973,CP142623.1_440
821195	138798	139111	151175	gene	AP012548.1_213,AP012548.1_4168,CP001429.2_4213,CP001487.1_160,CP001487.1_4146,CP003000.1_3867,CP142614.1_3891,CP142614.1_4152,CP142614.1_4153,CP142623.1_2197,CP142623.1_2198,CP142623.1_2459
821195	138798	139111	151175	mRNA	AP012548.1_213,AP012548.1_4168,CP001429.2_4213,CP001487.1_160,CP001487.1_4146,CP003000.1_3867,CP142614.1_3891,CP142614.1_4152,CP142614.1_4153,CP142623.1_2197,CP142623.1_2198,CP142623.1_2459
821196	102580	102779	intergenic	.	AP012548.1_851,CP001487.1_3497,CP142614.1_569,CP142623.1_1562,CP142623.1_1563
821214	56737	56831	intergenic	.	AP012548.1_2598,CP142614.1_2317,CP142623.1_4024
821215	65801	66042	68930	gene	AP012548.1_713,AP012548.1_714,CP142614.1_431,CP142614.1_432,CP142623.1_1700,CP142623.1_1701
821215	65801	66042	68930	mRNA	AP012548.1_713,AP012548.1_714,CP142614.1_431,CP142614.1_432,CP142623.1_1700,CP142623.1_1701
821224	56584	56664	intergenic	.	AP012548.1_1274,CP142614.1_991,CP142623.1_1137
821241	59898	60306	intergenic	.	AP012548.1_1441,AP012548.1_2729,CP001487.1_1595,CP003000.1_2520,CP142614.1_1158,CP142614.1_2448,CP142614.1_2449,CP142623.1_3814,CP142623.1_3892,CP142623.1_3893,CP142623.1_970
821245	56549	56625	intergenic	.	AP012548.1_2079,CP142614.1_1795,CP142623.1_333
821281	4112	4268	intergenic	.	AP012548.1_3216,CP142614.1_2945,CP142623.1_3404
821292	13283	13507	intergenic	.	AP012548.1_578,CP003000.1_1919,CP142614.1_295,CP142614.1_296,CP142623.1_1835,CP142623.1_1836
821306	22589	22744	intergenic	.	AP012548.1_1050,CP001429.2_1039,CP001487.1_3315,CP142614.1_769,CP142623.1_1362
821307	77897	78139	90579	mRNA	AP012548.1_3334,CP001487.1_3027,CP142614.1_1054,CP142614.1_3064,CP142623.1_3290
821307	77897	78139	90663	gene	AP012548.1_3334,CP001487.1_3027,CP142614.1_1054,CP142614.1_3064,CP142623.1_3290
821320	11446	11552	intergenic	.	CP142614.1_2594,CP142623.1_3757
821386	1007	1436	intergenic	.	AP012548.1_1021,AP012548.1_1022,CP001429.2_1009,CP001429.2_1010,CP003000.1_1560,CP003000.1_1561,CP003000.1_1562,CP142614.1_738,CP142614.1_740,CP142614.1_741,CP142623.1_1390,CP142623.1_1391,CP142623.1_1393
821426	7811	8039	intergenic	.	AP012548.1_1742,AP012548.1_1743,CP001487.1_2623,CP142614.1_1458,CP142614.1_1459,CP142623.1_670,CP142623.1_671
821428	119792	119989	130377	gene	AP012548.1_54,CP001429.2_54,CP003000.1_53,CP142623.1_2356
821428	119792	119989	130377	mRNA	AP012548.1_54,CP001429.2_54,CP003000.1_53,CP142623.1_2356
821430	99397	99496	intergenic	.	AP012548.1_4167,CP142614.1_3890
821430	136358	136583	163516	mRNA	AP012548.1_475,CP001429.2_480,CP001487.1_3877,CP142614.1_193,CP142614.1_194,CP142623.1_1933,CP142623.1_1934
821430	136358	136583	163991	gene	AP012548.1_475,CP001429.2_480,CP001487.1_3877,CP142614.1_193,CP142614.1_194,CP142623.1_1933,CP142623.1_1934
821440	147023	147204	intergenic	.	AP012548.1_3759,CP142614.1_3482,CP142623.1_2866,CP142623.1_2867
821456	41303	41531	53523	gene	AP012548.1_1123,AP012548.1_1124,CP142614.1_843
821456	41303	41531	53523	mRNA	AP012548.1_1123,AP012548.1_1124,CP142614.1_843
821461	8332	8526	intergenic	.	AP012548.1_1547,CP142614.1_1264,CP142623.1_864
821520	47611	47728	intergenic	.	AP012548.1_2103,AP012548.1_2104,CP001487.1_2262,CP003000.1_563,CP142614.1_1820,CP142623.1_308
821521	153544	153652	intergenic	.	AP012548.1_1767,CP001429.2_1774,CP001487.1_2598,CP142614.1_1483,CP142623.1_646
821522	88653	88894	intergenic	.	AP012548.1_3335,AP012548.1_3336,AP012548.1_3683,CP142614.1_3066,CP142614.1_3406,CP142623.1_2943,CP142623.1_3289
821526	172265	172350	intergenic	.	AP012548.1_3749,CP142614.1_3472,CP142623.1_2877
821527	210438	210603	intergenic	.	AP012548.1_1954,AP012548.1_1955,AP012548.1_824,AP012548.1_825,CP001429.2_1961,CP001429.2_832,CP001487.1_2411,CP001487.1_3523,CP003000.1_1719,CP142614.1_1669,CP142614.1_1670,CP142614.1_542,CP142614.1_543,CP142623.1_1589,CP142623.1_1590,CP142623.1_458,CP142623.1_459
821527	210438	210950	210606	start_codon	AP012548.1_1954,AP012548.1_1955,AP012548.1_824,AP012548.1_825,CP001429.2_1961,CP001429.2_832,CP001487.1_2411,CP001487.1_3523,CP003000.1_1719,CP142614.1_1669,CP142614.1_1670,CP142614.1_542,CP142614.1_543,CP142623.1_1589,CP142623.1_1590,CP142623.1_458,CP142623.1_459
821527	210438	210950	210621	CDS	AP012548.1_1954,AP012548.1_1955,AP012548.1_824,AP012548.1_825,CP001429.2_1961,CP001429.2_832,CP001487.1_2411,CP001487.1_3523,CP003000.1_1719,CP142614.1_1669,CP142614.1_1670,CP142614.1_542,CP142614.1_543,CP142623.1_1589,CP142623.1_1590,CP142623.1_458,CP142623.1_459
821527	210438	210950	210621	exon	AP012548.1_1954,AP012548.1_1955,AP012548.1_824,AP012548.1_825,CP001429.2_1961,CP001429.2_832,CP001487.1_2411,CP001487.1_3523,CP003000.1_1719,CP142614.1_1669,CP142614.1_1670,CP142614.1_542,CP142614.1_543,CP142623.1_1589,CP142623.1_1590,CP142623.1_458,CP142623.1_459
821527	210438	210950	234004	mRNA	AP012548.1_1954,AP012548.1_1955,AP012548.1_824,AP012548.1_825,CP001429.2_1961,CP001429.2_832,CP001487.1_2411,CP001487.1_3523,CP003000.1_1719,CP142614.1_1669,CP142614.1_1670,CP142614.1_542,CP142614.1_543,CP142623.1_1589,CP142623.1_1590,CP142623.1_458,CP142623.1_459
821527	210438	210950	234125	gene	AP012548.1_1954,AP012548.1_1955,AP012548.1_824,AP012548.1_825,CP001429.2_1961,CP001429.2_832,CP001487.1_2411,CP001487.1_3523,CP003000.1_1719,CP142614.1_1669,CP142614.1_1670,CP142614.1_542,CP142614.1_543,CP142623.1_1589,CP142623.1_1590,CP142623.1_458,CP142623.1_459
821554	111019	111214	111081	stop_codon	AP012548.1_2554,CP142614.1_2272,CP142623.1_4068,CP142623.1_4069
821554	111019	111214	111093	CDS	AP012548.1_2554,CP142614.1_2272,CP142623.1_4068,CP142623.1_4069
821554	111019	111214	111093	exon	AP012548.1_2554,CP142614.1_2272,CP142623.1_4068,CP142623.1_4069
821554	111019	111214	122010	gene	AP012548.1_2554,CP142614.1_2272,CP142623.1_4068,CP142623.1_4069
821554	111019	111214	122010	mRNA	AP012548.1_2554,CP142614.1_2272,CP142623.1_4068,CP142623.1_4069
821567	41630	41940	58808	gene	AP012548.1_2611,AP012548.1_2612,CP001487.1_1712,CP001487.1_1713,CP142614.1_2330,CP142614.1_2331,CP142623.1_4010,CP142623.1_4011
821567	41630	41940	58808	mRNA	AP012548.1_2611,AP012548.1_2612,CP001487.1_1712,CP001487.1_1713,CP142614.1_2330,CP142614.1_2331,CP142623.1_4010,CP142623.1_4011
821572	51406	51560	70669	mRNA	AP012548.1_1273,CP142614.1_990,CP142623.1_1138,CP142623.1_1139
821572	51406	51560	70852	gene	AP012548.1_1273,CP142614.1_990,CP142623.1_1138,CP142623.1_1139
821604	94093	94337	intergenic	.	AP012548.1_3239,AP012548.1_3240,CP001487.1_1089,CP142614.1_2968,CP142614.1_2969
821607	19432	19610	intergenic	.	AP012548.1_4141,CP001487.1_186,CP142614.1_3864,CP142614.1_3865,CP142623.1_2485,CP142623.1_2486
821617	127198	127400	intergenic	.	AP012548.1_2192,AP012548.1_2193,CP001429.2_2200,CP001487.1_2174,CP003000.1_483,CP142614.1_1909,CP142623.1_219,CP142623.1_220
821627	811	996	intergenic	.	AP012548.1_382,AP012548.1_383,CP001429.2_387,CP001487.1_3976,CP142614.1_100,CP142614.1_101,CP142623.1_2026
821631	51026	51508	52021	gene	AP012548.1_1841,AP012548.1_680,CP001429.2_1849,CP001429.2_696,CP001487.1_2523,CP001487.1_3667,CP003000.1_810,CP142614.1_1557,CP142614.1_397,CP142623.1_1733,CP142623.1_1734,CP142623.1_571
821631	51026	51508	52021	mRNA	AP012548.1_1841,AP012548.1_680,CP001429.2_1849,CP001429.2_696,CP001487.1_2523,CP001487.1_3667,CP003000.1_810,CP142614.1_1557,CP142614.1_397,CP142623.1_1733,CP142623.1_1734,CP142623.1_571
821635	25951	26032	intergenic	.	AP012548.1_2760,CP001487.1_1565,CP142614.1_2479,CP142623.1_3862
821639	124469	124609	125756	mRNA	AP012548.1_3896
821639	124469	124609	126466	gene	AP012548.1_3896
821645	18752	18880	46373	gene	AP012548.1_3346,CP001487.1_984,CP142614.1_3010,CP142614.1_3076,CP142623.1_3344
821645	18752	18880	46373	mRNA	AP012548.1_3346,CP001487.1_984,CP142614.1_3010,CP142614.1_3076,CP142623.1_3344
821660	14374	14610	intergenic	.	AP012548.1_2285,AP012548.1_2286,AP012548.1_2287,CP001429.2_2300,CP001487.1_2080,CP001487.1_2081,CP003000.1_2044,CP003000.1_2045,CP142614.1_2003,CP142614.1_2004,CP142623.1_125,CP142623.1_126
821672	16597	16777	42741	gene	AP012548.1_450,AP012548.1_451,CP142614.1_168,CP142614.1_169,CP142623.1_1958
821672	16597	16777	42741	mRNA	AP012548.1_450,AP012548.1_451,CP142614.1_168,CP142614.1_169,CP142623.1_1958
821688	103315	103551	intergenic	.	AP012548.1_2279,AP012548.1_2280,CP001487.1_2087,CP142614.1_1996,CP142614.1_1997,CP142623.1_132,CP142623.1_133
821696	31241	31464	intergenic	.	AP012548.1_1469,CP142614.1_1185,CP142614.1_1186,CP142623.1_943,CP142623.1_944
821705	209737	209959	220971	gene	AP012548.1_232,CP142614.1_4172,CP142614.1_4173,CP142623.1_2178
821705	209737	209959	220971	mRNA	AP012548.1_232,CP142614.1_4172,CP142614.1_4173,CP142623.1_2178
821706	245047	245279	intergenic	.	CP003000.1_2888,CP142614.1_3750,CP142623.1_2600
821725	82520	82734	90933	mRNA	AP012548.1_875,CP001487.1_3470,CP003000.1_1669,CP142614.1_593,CP142623.1_1538
821725	82520	82734	91023	gene	AP012548.1_875,CP001487.1_3470,CP003000.1_1669,CP142614.1_593,CP142623.1_1538
821729	180683	180955	intergenic	.	AP012548.1_2826,AP012548.1_365,CP142614.1_2555,CP142614.1_82,CP142623.1_2044
821740	28108	28183	intergenic	.	AP012548.1_2234
821802	32771	32956	48337	gene	AP012548.1_587,AP012548.1_588,CP142614.1_305,CP142623.1_1826
821802	32771	32956	48337	mRNA	AP012548.1_587,AP012548.1_588,CP142614.1_305,CP142623.1_1826
821809	53836	53950	intergenic	.	AP012548.1_2643,CP001487.1_1681,CP142614.1_2362,CP142623.1_3979
821824	14684	14883	45813	gene	AP012548.1_2783,AP012548.1_2784,CP142623.1_3838
821824	14684	14883	45813	mRNA	AP012548.1_2783,AP012548.1_2784,CP142623.1_3838
821859	16001	16225	33692	mRNA	AP012548.1_2921,CP001429.2_2958,CP001487.1_1404,CP001487.1_1405,CP142614.1_2650,CP142614.1_2651,CP142623.1_3702,CP142623.1_3703
821859	16001	16225	36728	gene	AP012548.1_2921,CP001429.2_2958,CP001487.1_1404,CP001487.1_1405,CP142614.1_2650,CP142614.1_2651,CP142623.1_3702,CP142623.1_3703
821893	193152	193258	198041	mRNA	CP142614.1_3223,CP142623.1_3132
821893	193152	193258	198342	gene	CP142614.1_3223,CP142623.1_3132
821902	46249	46438	intergenic	.	AP012548.1_3339,CP142614.1_3069,CP142614.1_3070,CP142623.1_3285,CP142623.1_3286
821930	71806	72155	intergenic	.	AP012548.1_519,AP012548.1_520,AP012548.1_521,CP142614.1_238,CP142614.1_239,CP142623.1_1887,CP142623.1_1888,CP142623.1_1889
821968	32715	32930	57985	gene	AP012548.1_1597,CP001487.1_2768,CP142614.1_1314
821968	32715	32930	57985	mRNA	AP012548.1_1597,CP001487.1_2768,CP142614.1_1314
821980	225181	225298	intergenic	.	AP012548.1_3588,AP012548.1_3589,CP142614.1_3317,CP142623.1_3038
821983	45508	45594	47112	mRNA	CP001487.1_194
821983	45508	45594	47154	gene	CP001487.1_194
821984	4687	4868	intergenic	.	AP012548.1_2056,AP012548.1_589,CP142614.1_1773,CP142623.1_355,CP142623.1_356
822013	66798	67249	intergenic	.	AP012548.1_1657,AP012548.1_1919,AP012548.1_1920,CP142614.1_1373,CP142614.1_1635,CP142614.1_1636,CP142623.1_493,CP142623.1_755
822026	104107	104250	106825	mRNA	AP012548.1_1619,CP142623.1_793
822026	104107	104250	107027	gene	AP012548.1_1619,CP142623.1_793
822037	21601	21736	73672	mRNA	AP012548.1_1328,CP142614.1_1046,CP142623.1_1083
822037	21601	21736	73946	gene	AP012548.1_1328,CP142614.1_1046,CP142623.1_1083
822046	83400	83938	intergenic	.	AP012548.1_1653,AP012548.1_1654,AP012548.1_1656,CP001487.1_2710,CP003000.1_996,CP142614.1_1369,CP142614.1_1370,CP142623.1_756,CP142623.1_758,CP142623.1_759
822070	313577	313779	340212	mRNA	AP012548.1_3894,CP001487.1_436,CP142614.1_3618,CP142623.1_2399,CP142623.1_2731
822070	313577	313779	340524	gene	AP012548.1_3894,CP001487.1_436,CP142614.1_3618,CP142623.1_2399,CP142623.1_2731
822079	13599	14056	intergenic	.	AP012548.1_3722,CP142614.1_3444,CP142614.1_3445,CP142614.1_3446,CP142614.1_709,CP142623.1_1422,CP142623.1_2904
822083	6424	6557	8113	gene	AP012548.1_3984,CP142623.1_2642
822083	6424	6557	8113	mRNA	AP012548.1_3984,CP142623.1_2642
822104	2674	2834	intergenic	.	CP001487.1_3096,CP142623.1_1143
822153	24040	24297	intergenic	.	AP012548.1_1526,AP012548.1_1527,CP001487.1_2838,CP142614.1_1243,CP142614.1_1244,CP142623.1_885
822175	1833	1917	6789	mRNA	AP012548.1_3292
822175	1833	1917	6900	gene	AP012548.1_3292
822200	1513	1661	intergenic	.	AP012548.1_1444,AP012548.1_1445,CP142614.1_1161,CP142614.1_1162,CP142623.1_967
822206	27150	27337	34378	gene	AP012548.1_1201,CP142614.1_918,CP142623.1_1210
822206	27150	27337	34378	mRNA	AP012548.1_1201,CP142614.1_918,CP142623.1_1210
822232	180126	180275	180474	gene	AP012548.1_3847,CP142614.1_3570,CP142623.1_2779
822232	180126	180275	180474	mRNA	AP012548.1_3847,CP142614.1_3570,CP142623.1_2779
822332	29556	29710	intergenic	.	AP012548.1_1892,CP001487.1_2473,CP142614.1_1607,CP142614.1_1608,CP142623.1_521
822380	3216	3380	intergenic	.	AP012548.1_1373,AP012548.1_1374,CP001487.1_2991,CP003000.1_1211,CP142614.1_1090,CP142614.1_1091,CP142623.1_1038
823	204885	204994	intergenic	.	AP012548.1_1995,CP142614.1_1711,CP142623.1_418
826984	7735	7923	intergenic	.	AP012548.1_3675,CP001487.1_656,CP142614.1_3398,CP142614.1_3399,CP142623.1_2950
826985	7734	7922	intergenic	.	AP012548.1_3676,CP142623.1_2951
828193	7885	8029	36467	mRNA	AP012548.1_735,CP001487.1_3612,CP142614.1_452
828193	7885	8029	36562	gene	AP012548.1_735,CP001487.1_3612,CP142614.1_452
829480	42859	42953	44265	mRNA	CP142614.1_152
829480	42859	42953	45460	gene	CP142614.1_152
829481	43016	43106	44422	mRNA	CP142623.1_1975
829481	43016	43106	45617	gene	CP142623.1_1975
834660	375	710	intergenic	.	AP012548.1_686,CP142614.1_402,CP142614.1_403,CP142623.1_1729
835	33769	33903	intergenic	.	CP001429.2_1410,CP142614.1_1120,CP142614.1_1121,CP142623.1_1008
835	39557	39784	39583	stop_codon	AP012548.1_4135,CP142614.1_354,CP142623.1_1777
835	39557	39784	39675	CDS	AP012548.1_4135,CP142614.1_354,CP142623.1_1777
835	39557	39784	39675	exon	AP012548.1_4135,CP142614.1_354,CP142623.1_1777
835	39557	39784	56307	gene	AP012548.1_4135,CP142614.1_354,CP142623.1_1777
835	39557	39784	56307	mRNA	AP012548.1_4135,CP142614.1_354,CP142623.1_1777
837	20010	20112	intergenic	.	AP012548.1_3889,CP001429.2_3928,CP142614.1_3612,CP142623.1_2737
837954	5107	5407	intergenic	.	AP012548.1_1493,CP001429.2_1500,CP001487.1_2871,CP142614.1_1210,CP142623.1_918
837956	5118	5382	intergenic	.	AP012548.1_1493,CP001429.2_1501,CP142614.1_1210
84	606205	606337	intergenic	.	CP142614.1_4099
84	704772	704897	intergenic	.	AP012548.1_4129,CP142614.1_3853,CP142623.1_2497
842	34937	35459	intergenic	.	AP012548.1_2562,AP012548.1_2602,AP012548.1_3955,AP012548.1_3956,CP001487.1_1722,CP142614.1_2280,CP142614.1_2321,CP142614.1_3679,CP142623.1_2670,CP142623.1_2671,CP142623.1_4020,CP142623.1_4061
844301	541	699	intergenic	.	AP012548.1_685
845096	22302	22449	intergenic	.	AP012548.1_664,AP012548.1_665,CP142614.1_381,CP142614.1_382,CP142623.1_1749
847332	0	155	intergenic	.	CP001487.1_3605,CP142614.1_294,CP142623.1_1837
847333	118	208	intergenic	.	AP012548.1_742,CP142614.1_460,CP142623.1_1672
847393	537	783	intergenic	.	AP012548.1_1710,AP012548.1_1711,CP142614.1_1427,CP142623.1_702
847569	21773	21919	intergenic	.	AP012548.1_859,CP003000.1_373,CP142614.1_141
847570	21717	22013	intergenic	.	AP012548.1_3509,AP012548.1_423,CP001429.2_428,CP001487.1_3488,CP001487.1_3928,CP142614.1_142,CP142614.1_3238,CP142614.1_577,CP142623.1_1985
847630	2360	2701	intergenic	.	AP012548.1_3121,AP012548.1_3122,CP142614.1_2849,CP142614.1_2850,CP142614.1_2851
847631	2367	2708	intergenic	.	CP142623.1_3499,CP142623.1_3500,CP142623.1_3501
848470	0	138	intergenic	.	AP012548.1_28,CP142614.1_3968,CP142623.1_2382
848472	113	222	intergenic	.	AP012548.1_27,CP142614.1_3967,CP142623.1_2383
851	13392	13489	18392	gene	CP001487.1_3017,CP142614.1_1065
851	13392	13489	18392	mRNA	CP001487.1_3017,CP142614.1_1065
853092	871	1008	intergenic	.	CP003000.1_2700
853093	882	995	intergenic	.	CP001429.2_2956
853254	37555	37714	73476	mRNA	AP012548.1_3942,CP001429.2_3982,CP001487.1_388,CP142614.1_3666
853254	37555	37714	74823	gene	AP012548.1_3942,CP001429.2_3982,CP001487.1_388,CP142614.1_3666
853255	37447	37704	73332	mRNA	AP012548.1_3943,CP142614.1_3667,CP142623.1_2683,CP142623.1_2684
853255	37447	37704	74679	gene	AP012548.1_3943,CP142614.1_3667,CP142623.1_2683,CP142623.1_2684
853473	20009	20185	57796	gene	CP001487.1_208,CP001487.1_209,CP003000.1_3826,CP142614.1_3842,CP142623.1_2508
853473	20009	20185	57796	mRNA	CP001487.1_208,CP001487.1_209,CP003000.1_3826,CP142614.1_3842,CP142623.1_2508
853474	20034	20179	58156	gene	AP012548.1_4119,CP142614.1_3843,CP142623.1_2507
853474	20034	20179	58156	mRNA	AP012548.1_4119,CP142614.1_3843,CP142623.1_2507
853487	37105	37252	intergenic	.	CP142623.1_3134
853488	36949	37095	intergenic	.	AP012548.1_3493
853510	50032	50309	intergenic	.	AP012548.1_127,CP142614.1_4066,CP142623.1_2284
853511	50038	50378	intergenic	.	AP012548.1_126,CP142614.1_4067,CP142623.1_2283
857	137996	138116	intergenic	.	CP001429.2_981,CP142623.1_1421
875	15680	15833	intergenic	.	AP012548.1_1434,CP142614.1_1151,CP142623.1_977
87619	99	196	intergenic	.	AP012548.1_4140
878	488284	488644	521224	gene	AP012548.1_3694,CP142614.1_3,CP142614.1_3417,CP142623.1_2931,CP142623.1_2932
878	488284	488644	521224	mRNA	AP012548.1_3694,CP142614.1_3,CP142614.1_3417,CP142623.1_2931,CP142623.1_2932
878	652072	652214	666836	mRNA	AP012548.1_3308,CP142614.1_3037,CP142623.1_3316,CP142623.1_3317
878	652072	652214	666977	gene	AP012548.1_3308,CP142614.1_3037,CP142623.1_3316,CP142623.1_3317
883	252543	253258	256175	gene	AP012548.1_1952,AP012548.1_371,AP012548.1_798,AP012548.1_799,CP001487.1_2413,CP001487.1_2414,CP001487.1_3548,CP142614.1_1668,CP142614.1_516,CP142614.1_517,CP142614.1_88,CP142623.1_1614,CP142623.1_1615,CP142623.1_2038,CP142623.1_461
883	252543	253258	256175	mRNA	AP012548.1_1952,AP012548.1_371,AP012548.1_798,AP012548.1_799,CP001487.1_2413,CP001487.1_2414,CP001487.1_3548,CP142614.1_1668,CP142614.1_516,CP142614.1_517,CP142614.1_88,CP142623.1_1614,CP142623.1_1615,CP142623.1_2038,CP142623.1_461
885	229301	229425	234039	mRNA	CP142623.1_3514
885	229301	229425	234194	gene	CP142623.1_3514
894	116388	116469	123094	gene	AP012548.1_2853
894	116388	116469	123094	mRNA	AP012548.1_2853
901	22204	22311	intergenic	.	AP012548.1_3782,CP001487.1_547
902	96092	96208	intergenic	.	AP012548.1_19,CP142614.1_3958,CP142614.1_3959,CP142623.1_2391
914	919949	920275	intergenic	.	AP012548.1_3668,AP012548.1_3669,CP142614.1_3391,CP142614.1_3392,CP142623.1_2957,CP142623.1_2958
915	32990	33185	intergenic	.	AP012548.1_2035,AP012548.1_2036,CP001429.2_2043,CP001487.1_2331,CP003000.1_630,CP142614.1_1752,CP142623.1_377,CP142623.1_378
915	263792	263963	intergenic	.	CP001429.2_1834,CP142614.1_1544,CP142623.1_585
922	846171	846460	876873	mRNA	AP012548.1_690,CP001487.1_3656,CP142614.1_407,CP142623.1_1724,CP142623.1_392
922	846171	846460	877203	gene	AP012548.1_690,CP001487.1_3656,CP142614.1_407,CP142623.1_1724,CP142623.1_392
924	606775	607101	648339	gene	AP012548.1_36,CP142614.1_3974,CP142614.1_3975,CP142623.1_2374
924	606775	607101	648339	mRNA	AP012548.1_36,CP142614.1_3974,CP142614.1_3975,CP142623.1_2374
924	743303	743721	intergenic	.	AP012548.1_1739,AP012548.1_1740,AP012548.1_388,AP012548.1_389,CP001487.1_2626,CP001487.1_3963,CP142614.1_106,CP142614.1_1455,CP142614.1_1456,CP142623.1_2020,CP142623.1_2021,CP142623.1_673,CP142623.1_674
934	277228	277338	intergenic	.	AP012548.1_1771,CP142614.1_1487,CP142623.1_641
934	338308	338631	345867	mRNA	AP012548.1_1731,AP012548.1_1732,AP012548.1_2698,AP012548.1_2699,CP001429.2_2732,CP001487.1_1626,CP001487.1_2633,CP001487.1_2634,CP003000.1_921,CP142614.1_1447,CP142614.1_1448,CP142614.1_2417,CP142614.1_2418,CP142623.1_3923,CP142623.1_681
934	338308	338631	345913	gene	AP012548.1_1731,AP012548.1_1732,AP012548.1_2698,AP012548.1_2699,CP001429.2_2732,CP001487.1_1626,CP001487.1_2633,CP001487.1_2634,CP003000.1_921,CP142614.1_1447,CP142614.1_1448,CP142614.1_2417,CP142614.1_2418,CP142623.1_3923,CP142623.1_681
935	372926	373006	400121	mRNA	CP142623.1_873
935	372926	373006	400263	gene	CP142623.1_873
936	123546	123739	139438	mRNA	AP012548.1_2856,CP001429.2_2890,CP001487.1_1469,CP142614.1_2585,CP142614.1_2586,CP142623.1_3765,CP142623.1_3766
936	123546	123739	140778	gene	AP012548.1_2856,CP001429.2_2890,CP001487.1_1469,CP142614.1_2585,CP142614.1_2586,CP142623.1_3765,CP142623.1_3766
944	93067	93150	140153	gene	CP001487.1_3340,CP003000.1_1556,CP142614.1_744,CP142623.1_1387
944	93067	93150	140153	mRNA	CP001487.1_3340,CP003000.1_1556,CP142614.1_744,CP142623.1_1387
956	52481	52658	intergenic	.	AP012548.1_3291,CP001429.2_3327,CP001487.1_1039,CP142614.1_3020
971	115467	115682	intergenic	.	AP012548.1_3712,AP012548.1_3713,CP142614.1_3435,CP142614.1_3436,CP142623.1_2913
972	1582	1713	22803	mRNA	AP012548.1_2228,CP142614.1_1945,CP142623.1_184
972	1582	1713	22912	gene	AP012548.1_2228,CP142614.1_1945,CP142623.1_184
972	56656	56846	intergenic	.	AP012548.1_548,CP142614.1_265,CP142614.1_266,CP142623.1_1865,CP142623.1_1866
974	9566	9664	24764	gene	AP012548.1_4197,CP142614.1_3921,CP142623.1_2429
974	9566	9664	24764	mRNA	AP012548.1_4197,CP142614.1_3921,CP142623.1_2429
991	188988	189068	198558	gene	AP012548.1_1196,CP142614.1_913,CP142623.1_1216
991	188988	189068	198558	mRNA	AP012548.1_1196,CP142614.1_913,CP142623.1_1216
998	280043	280129	358177	mRNA	AP012548.1_651,CP001487.1_3694,CP142614.1_368,CP142623.1_1763
998	280043	280129	358326	gene	AP012548.1_651,CP001487.1_3694,CP142614.1_368,CP142623.1_1763
Chromosome	Start	End	Feature_Type	Details	Reads
