Chromosome	Start	End	Feature_Type	Details	Reads
contig_10005	426954	427087	intergenic	.	AP012548.1_1783
contig_10085	56733	56956	123536	gene	AP012548.1_2909,CP142614.1_2638,CP142623.1_3714,CP142623.1_3715
contig_10085	56733	56956	123536	mRNA	AP012548.1_2909,CP142614.1_2638,CP142623.1_3714,CP142623.1_3715
contig_10085	607646	607723	611437	gene	AP012548.1_2811,CP142614.1_2540,CP142623.1_3812
contig_10085	607646	607723	611437	mRNA	AP012548.1_2811,CP142614.1_2540,CP142623.1_3812
contig_10117	108161	108242	intergenic	.	CP142623.1_1196
contig_10117	121482	121735	intergenic	.	AP012548.1_1606,AP012548.1_1608,CP003000.1_1036,CP142614.1_1323,CP142623.1_804,CP142623.1_805
contig_1020	3957	4253	intergenic	.	AP012548.1_2181,CP001429.2_1817,CP003000.1_842,CP142614.1_1898,CP142623.1_230
contig_1020	16495	16626	intergenic	.	AP012548.1_2278,AP012548.1_2279,CP142614.1_1996,CP142623.1_133,CP142623.1_134
contig_1020	69435	69544	intergenic	.	AP012548.1_3292,CP001487.1_1038,CP142614.1_3021,CP142614.1_3022,CP142623.1_3332
contig_1023	119547	119738	intergenic	.	AP012548.1_2940,AP012548.1_2941,CP001429.2_2978,CP003000.1_2719,CP142614.1_2670,CP142623.1_3682,CP142623.1_3683
contig_10256	41012	41033	intergenic	.	AP012548.1_3269,AP012548.1_3270,CP001429.2_3306,CP001487.1_1060,CP003000.1_3034,CP142614.1_2999,CP142614.1_3000,CP142623.1_3354,CP142623.1_3355
contig_10256	41012	41373	41039	polyA_signal_sequence	AP012548.1_3269,AP012548.1_3270,CP001429.2_3306,CP001487.1_1060,CP003000.1_3034,CP142614.1_2999,CP142614.1_3000,CP142623.1_3354,CP142623.1_3355
contig_10256	41012	41373	41089	stop_codon	AP012548.1_3269,AP012548.1_3270,CP001429.2_3306,CP001487.1_1060,CP003000.1_3034,CP142614.1_2999,CP142614.1_3000,CP142623.1_3354,CP142623.1_3355
contig_10256	41012	41373	41367	CDS	AP012548.1_3269,AP012548.1_3270,CP001429.2_3306,CP001487.1_1060,CP003000.1_3034,CP142614.1_2999,CP142614.1_3000,CP142623.1_3354,CP142623.1_3355
contig_10256	41012	41373	41367	exon	AP012548.1_3269,AP012548.1_3270,CP001429.2_3306,CP001487.1_1060,CP003000.1_3034,CP142614.1_2999,CP142614.1_3000,CP142623.1_3354,CP142623.1_3355
contig_10256	41012	41373	45490	gene	AP012548.1_3269,AP012548.1_3270,CP001429.2_3306,CP001487.1_1060,CP003000.1_3034,CP142614.1_2999,CP142614.1_3000,CP142623.1_3354,CP142623.1_3355
contig_10256	41012	41373	45490	mRNA	AP012548.1_3269,AP012548.1_3270,CP001429.2_3306,CP001487.1_1060,CP003000.1_3034,CP142614.1_2999,CP142614.1_3000,CP142623.1_3354,CP142623.1_3355
contig_10256	168370	168476	179900	mRNA	AP012548.1_36,CP001487.1_75,CP142614.1_3976,CP142623.1_2374
contig_10256	168370	168476	179980	gene	AP012548.1_36,CP001487.1_75,CP142614.1_3976,CP142623.1_2374
contig_10256	675812	676016	intergenic	.	AP012548.1_3295,CP003000.1_3057,CP142614.1_3024,CP142623.1_3329
contig_10256	1096390	1096776	intergenic	.	AP012548.1_3753,AP012548.1_3754,CP001429.2_3788,CP001429.2_3789,CP001487.1_578,CP001487.1_579,CP001487.1_580,CP003000.1_3507,CP142614.1_3475,CP142614.1_3476,CP142614.1_3477,CP142623.1_2872,CP142623.1_2873
contig_1026	141788	141910	intergenic	.	AP012548.1_2505,CP001429.2_2520,CP001487.1_1863,CP001487.1_1864,CP003000.1_2253,CP142614.1_2223,CP142623.1_4117,CP142623.1_4118
contig_1026	141788	141991	141913	start_codon	AP012548.1_2505,CP001429.2_2520,CP001487.1_1863,CP001487.1_1864,CP003000.1_2253,CP142614.1_2223,CP142623.1_4117,CP142623.1_4118
contig_1026	141788	141991	141916	CDS	AP012548.1_2505,CP001429.2_2520,CP001487.1_1863,CP001487.1_1864,CP003000.1_2253,CP142614.1_2223,CP142623.1_4117,CP142623.1_4118
contig_1026	141788	141991	141916	exon	AP012548.1_2505,CP001429.2_2520,CP001487.1_1863,CP001487.1_1864,CP003000.1_2253,CP142614.1_2223,CP142623.1_4117,CP142623.1_4118
contig_1026	141788	141991	162139	mRNA	AP012548.1_2505,CP001429.2_2520,CP001487.1_1863,CP001487.1_1864,CP003000.1_2253,CP142614.1_2223,CP142623.1_4117,CP142623.1_4118
contig_1026	141788	141991	162216	gene	AP012548.1_2505,CP001429.2_2520,CP001487.1_1863,CP001487.1_1864,CP003000.1_2253,CP142614.1_2223,CP142623.1_4117,CP142623.1_4118
contig_10287	207850	208517	intergenic	.	AP012548.1_3036,CP001429.2_2911,CP003000.1_1017,CP142614.1_1342,CP142614.1_2765,CP142623.1_3586
contig_10328	79255	79388	81981	mRNA	AP012548.1_2866
contig_10328	79255	79388	82151	gene	AP012548.1_2866
contig_10328	333231	333392	336325	gene	AP012548.1_4002,CP142614.1_3725,CP142623.1_2624
contig_10328	333231	333392	336325	mRNA	AP012548.1_4002,CP142614.1_3725,CP142623.1_2624
contig_10333	339065	339327	intergenic	.	AP012548.1_1756,CP001429.2_1762,CP001487.1_2609,CP003000.1_896,CP142614.1_1472,CP142623.1_657
contig_10333	672367	672639	intergenic	.	AP012548.1_3199,CP001429.2_3235
contig_10350	337842	338083	intergenic	.	AP012548.1_543,AP012548.1_544,CP142614.1_261,CP142623.1_1870
contig_10350	530556	530635	intergenic	.	AP012548.1_2663,CP142623.1_3958,CP142623.1_3959
contig_10350	681007	681219	684881	gene	AP012548.1_2322,CP001429.2_2336,CP001487.1_2044,CP003000.1_2080,CP142614.1_2039,CP142623.1_1545,CP142623.1_90
contig_10350	681007	681219	684881	mRNA	AP012548.1_2322,CP001429.2_2336,CP001487.1_2044,CP003000.1_2080,CP142614.1_2039,CP142623.1_1545,CP142623.1_90
contig_10350	1332923	1332998	1387400	gene	CP142623.1_1730
contig_10350	1332923	1332998	1387400	mRNA	CP142623.1_1730
contig_10368	144910	145084	intergenic	.	AP012548.1_685,CP142614.1_402,CP142623.1_1729
contig_10375	67896	68031	intergenic	.	AP012548.1_3693,CP001487.1_3056,CP003000.1_1274,CP142614.1_3416,CP142623.1_2933
contig_10375	700013	700204	709810	mRNA	AP012548.1_2285,AP012548.1_2286,CP001429.2_2300,CP001487.1_2081,CP003000.1_2044,CP142614.1_2002,CP142614.1_2003,CP142623.1_126
contig_10375	700013	700204	709991	gene	AP012548.1_2285,AP012548.1_2286,CP001429.2_2300,CP001487.1_2081,CP003000.1_2044,CP142614.1_2002,CP142614.1_2003,CP142623.1_126
contig_10375	730999	731229	intergenic	.	AP012548.1_4145,AP012548.1_4146,CP003000.1_3845,CP142614.1_3869,CP142623.1_2481
contig_10384	24865	25006	intergenic	.	AP012548.1_3066,CP001429.2_3103,CP142623.1_3556
contig_10384	320325	320784	intergenic	.	AP012548.1_1283,AP012548.1_339,AP012548.1_340,CP001429.2_1289,CP001487.1_3082,CP001487.1_4019,CP001487.1_4020,CP003000.1_1300,CP142614.1_1000,CP142614.1_1001,CP142614.1_57,CP142623.1_1128,CP142623.1_1129,CP142623.1_2069
contig_10384	400588	400700	intergenic	.	AP012548.1_2539,CP001487.1_1829,CP003000.1_2286,CP142614.1_2257,CP142614.1_226,CP142623.1_4084
contig_10402	906577	906688	intergenic	.	AP012548.1_1246,CP001487.1_3118
contig_10441	36760	36950	43155	gene	AP012548.1_1796,AP012548.1_2352,CP001429.2_2366,CP142614.1_1512,CP142614.1_2071,CP142623.1_59,CP142623.1_60,CP142623.1_616,CP142623.1_617
contig_10441	36760	36950	43155	mRNA	AP012548.1_1796,AP012548.1_2352,CP001429.2_2366,CP142614.1_1512,CP142614.1_2071,CP142623.1_59,CP142623.1_60,CP142623.1_616,CP142623.1_617
contig_10441	329941	330317	375666	gene	AP012548.1_2502,AP012548.1_2503,CP001429.2_2517,CP001487.1_1866,CP003000.1_2250,CP142614.1_2220,CP142614.1_2221,CP142623.1_4120,CP142623.1_4121
contig_10441	329941	330317	375666	mRNA	AP012548.1_2502,AP012548.1_2503,CP001429.2_2517,CP001487.1_1866,CP003000.1_2250,CP142614.1_2220,CP142614.1_2221,CP142623.1_4120,CP142623.1_4121
contig_10469	366629	366945	366735	gene	AP012548.1_2894,AP012548.1_2895,CP142614.1_2623,CP142614.1_2624,CP142623.1_3728,CP142623.1_3729
contig_10469	366629	366945	366735	polyA_signal_sequence	AP012548.1_2894,AP012548.1_2895,CP142614.1_2623,CP142614.1_2624,CP142623.1_3728,CP142623.1_3729
contig_10469	366629	366945	366931	start_codon	AP012548.1_2894,AP012548.1_2895,CP142614.1_2623,CP142614.1_2624,CP142623.1_3728,CP142623.1_3729
contig_10469	366629	366945	368651	CDS	AP012548.1_2894,AP012548.1_2895,CP142614.1_2623,CP142614.1_2624,CP142623.1_3728,CP142623.1_3729
contig_10469	366629	366945	368651	exon	AP012548.1_2894,AP012548.1_2895,CP142614.1_2623,CP142614.1_2624,CP142623.1_3728,CP142623.1_3729
contig_10469	366629	366945	376704	mRNA	AP012548.1_2894,AP012548.1_2895,CP142614.1_2623,CP142614.1_2624,CP142623.1_3728,CP142623.1_3729
contig_10469	366629	366945	377306	gene	AP012548.1_2894,AP012548.1_2895,CP142614.1_2623,CP142614.1_2624,CP142623.1_3728,CP142623.1_3729
contig_10469	366735	366928	intergenic	.	AP012548.1_2894,AP012548.1_2895,CP142614.1_2623,CP142614.1_2624,CP142623.1_3728,CP142623.1_3729
contig_10515	623119	623296	intergenic	.	AP012548.1_3291,CP001429.2_3327,CP001487.1_1039,CP003000.1_3054,CP142614.1_3020,CP142614.1_3021,CP142623.1_3333
contig_10523	639312	639395	intergenic	.	CP142623.1_63
contig_10545	76104	76284	intergenic	.	AP012548.1_1617,AP012548.1_1618,CP142614.1_1334,CP142623.1_794
contig_10545	449681	449758	455798	gene	AP012548.1_60,CP142614.1_4000,CP142623.1_2350
contig_10545	449681	449758	455798	mRNA	AP012548.1_60,CP142614.1_4000,CP142623.1_2350
contig_10545	721018	721147	intergenic	.	AP012548.1_1217,CP001429.2_1223,CP001487.1_3148,CP142614.1_934,CP142623.1_1195
contig_10545	721465	721568	intergenic	.	AP012548.1_1216,CP142614.1_933,CP142623.1_1195
contig_10572	201048	201217	intergenic	.	AP012548.1_1281,CP142614.1_998,CP142623.1_1130
contig_10572	1099328	1099459	intergenic	.	AP012548.1_2189,CP001487.1_2177,CP142623.1_223
contig_10572	1416287	1416475	intergenic	.	AP012548.1_3697,AP012548.1_4160,CP142614.1_3883,CP142614.1_3884,CP142623.1_2466,CP142623.1_2467
contig_10584	319735	319926	intergenic	.	AP012548.1_4072,AP012548.1_4073,CP001429.2_4113,CP142614.1_3795,CP142614.1_3796,CP142623.1_2553,CP142623.1_2554
contig_10638	568056	568263	intergenic	.	AP012548.1_2050,AP012548.1_2051,CP001429.2_2057,CP001487.1_2316,CP003000.1_616,CP142614.1_1766,CP142614.1_1767,CP142623.1_362,CP142623.1_363
contig_10638	670366	670829	intergenic	.	AP012548.1_2831,AP012548.1_2832,CP001429.2_2864,CP001487.1_1495,CP003000.1_2619,CP142614.1_2560,CP142614.1_2561,CP142614.1_2562,CP142623.1_3790,CP142623.1_3791,CP142623.1_3792
contig_10638	679735	679948	intergenic	.	AP012548.1_1015,AP012548.1_1016,CP001429.2_1004,CP142614.1_734,CP142623.1_1397
contig_10649	33220	33468	intergenic	.	AP012548.1_3536,AP012548.1_3537,CP001487.1_795,CP142614.1_3264,CP142614.1_3265,CP142623.1_3090,CP142623.1_3091
contig_10649	63073	63458	intergenic	.	AP012548.1_1395,AP012548.1_1397,AP012548.1_1398,CP001429.2_1405,CP001487.1_2967,CP001487.1_2968,CP142614.1_1112,CP142614.1_1113,CP142614.1_1114,CP142614.1_1115,CP142623.1_1013,CP142623.1_1016
contig_10649	63073	63620	63461	start_codon	AP012548.1_1395,AP012548.1_1397,AP012548.1_1398,CP001429.2_1405,CP001487.1_2967,CP001487.1_2968,CP142614.1_1112,CP142614.1_1113,CP142614.1_1114,CP142614.1_1115,CP142623.1_1013,CP142623.1_1016
contig_10649	63073	63620	63504	CDS	AP012548.1_1395,AP012548.1_1397,AP012548.1_1398,CP001429.2_1405,CP001487.1_2967,CP001487.1_2968,CP142614.1_1112,CP142614.1_1113,CP142614.1_1114,CP142614.1_1115,CP142623.1_1013,CP142623.1_1016
contig_10649	63073	63620	63504	exon	AP012548.1_1395,AP012548.1_1397,AP012548.1_1398,CP001429.2_1405,CP001487.1_2967,CP001487.1_2968,CP142614.1_1112,CP142614.1_1113,CP142614.1_1114,CP142614.1_1115,CP142623.1_1013,CP142623.1_1016
contig_10649	63073	63620	63777	CDS	AP012548.1_1395,AP012548.1_1397,AP012548.1_1398,CP001429.2_1405,CP001487.1_2967,CP001487.1_2968,CP142614.1_1112,CP142614.1_1113,CP142614.1_1114,CP142614.1_1115,CP142623.1_1013,CP142623.1_1016
contig_10649	63073	63620	63777	exon	AP012548.1_1395,AP012548.1_1397,AP012548.1_1398,CP001429.2_1405,CP001487.1_2967,CP001487.1_2968,CP142614.1_1112,CP142614.1_1113,CP142614.1_1114,CP142614.1_1115,CP142623.1_1013,CP142623.1_1016
contig_10649	63073	63620	67868	mRNA	AP012548.1_1395,AP012548.1_1397,AP012548.1_1398,CP001429.2_1405,CP001487.1_2967,CP001487.1_2968,CP142614.1_1112,CP142614.1_1113,CP142614.1_1114,CP142614.1_1115,CP142623.1_1013,CP142623.1_1016
contig_10649	63073	63620	67931	gene	AP012548.1_1395,AP012548.1_1397,AP012548.1_1398,CP001429.2_1405,CP001487.1_2967,CP001487.1_2968,CP142614.1_1112,CP142614.1_1113,CP142614.1_1114,CP142614.1_1115,CP142623.1_1013,CP142623.1_1016
contig_10656	107986	108139	108711	mRNA	AP012548.1_691,CP142623.1_1723
contig_10656	107986	108139	108806	gene	AP012548.1_691,CP142623.1_1723
contig_10672	202292	202491	intergenic	.	AP012548.1_3348,CP142614.1_3078,CP142623.1_3276
contig_10672	588615	588815	621209	gene	AP012548.1_2497,CP142614.1_2215,CP142623.1_4126
contig_10672	588615	588815	621209	mRNA	AP012548.1_2497,CP142614.1_2215,CP142623.1_4126
contig_10672	689092	689387	intergenic	.	AP012548.1_2457,AP012548.1_2458,CP001487.1_1909,CP001487.1_1910,CP142614.1_2176,CP142614.1_2177,CP142623.1_4164,CP142623.1_4165
contig_10672	865792	865991	intergenic	.	AP012548.1_983,CP001487.1_3383,CP003000.1_1583,CP142614.1_701,CP142623.1_1430
contig_10679	149132	149221	intergenic	.	AP012548.1_782,CP142614.1_500,CP142623.1_1632
contig_10684	40207	40373	intergenic	.	CP142614.1_3051,CP142623.1_3303
contig_10705	561443	561621	567055	mRNA	AP012548.1_1147,CP001429.2_1137,CP001487.1_3218,CP003000.1_1435,CP142614.1_866,CP142623.1_1264,CP142623.1_1265
contig_10705	561443	561621	567160	gene	AP012548.1_1147,CP001429.2_1137,CP001487.1_3218,CP003000.1_1435,CP142614.1_866,CP142623.1_1264,CP142623.1_1265
contig_10705	902321	902550	951957	gene	AP012548.1_1074,CP142614.1_792,CP142614.1_793
contig_10705	902321	902550	951957	mRNA	AP012548.1_1074,CP142614.1_792,CP142614.1_793
contig_10705	1015797	1015958	intergenic	.	AP012548.1_3994,CP142614.1_3717,CP142623.1_2632
contig_10705	1041131	1041363	intergenic	.	AP012548.1_1509,AP012548.1_1510,CP003000.1_1076,CP142614.1_1226,CP142614.1_1227,CP142623.1_901,CP142623.1_902
contig_10725	149267	149555	intergenic	.	AP012548.1_3992,CP001429.2_4032,CP001487.1_338,CP142614.1_3006,CP142614.1_3715,CP142623.1_2634,CP142623.1_3348
contig_10725	386147	386279	intergenic	.	AP012548.1_2666,CP001487.1_1659,CP142614.1_2385,CP142623.1_3956
contig_10725	440602	440765	intergenic	.	AP012548.1_914,CP001429.2_922,CP001487.1_3432,CP003000.1_1631,CP142614.1_632,CP142623.1_1499,CP142623.1_1500
contig_10747	148470	148661	intergenic	.	AP012548.1_2129,CP001487.1_2236,CP142614.1_1846,CP142623.1_282,CP142623.1_283
contig_10749	221133	221232	237370	gene	AP012548.1_586,CP142614.1_303,CP142623.1_1827
contig_10749	221133	221232	237370	mRNA	AP012548.1_586,CP142614.1_303,CP142623.1_1827
contig_10757	1004834	1005036	intergenic	.	AP012548.1_1584,AP012548.1_719,CP142614.1_1300,CP142614.1_437,CP142623.1_1695,CP142623.1_828
contig_10757	1057411	1057554	intergenic	.	AP012548.1_1805,AP012548.1_1806,CP142614.1_1521,CP142614.1_1522,CP142623.1_607
contig_10757	1455511	1455675	intergenic	.	AP012548.1_1389,CP001487.1_2976,CP142614.1_1106
contig_10757	1467000	1467195	intergenic	.	AP012548.1_4171,AP012548.1_4172,CP001487.1_156,CP142614.1_3894,CP142614.1_3895,CP142623.1_2455,CP142623.1_2456
contig_10757	1804581	1804754	intergenic	.	AP012548.1_3814,CP142614.1_3537,CP142623.1_2812
contig_10870	83982	84176	intergenic	.	AP012548.1_2772,AP012548.1_2773,CP001487.1_1552,CP142614.1_2492,CP142623.1_3849
contig_10870	230313	230440	intergenic	.	AP012548.1_4130
contig_10870	247543	247757	intergenic	.	CP001487.1_3309,CP142614.1_776,CP142623.1_1355,CP142623.1_1356
contig_10870	1378273	1378398	intergenic	.	AP012548.1_4026,CP142614.1_3749,CP142614.1_3750,CP142623.1_2600
contig_10870	2301483	2301737	intergenic	.	AP012548.1_3877,AP012548.1_3878,CP001429.2_3916,CP001487.1_453,CP142614.1_3601,CP142623.1_2748,CP142623.1_2749
contig_10898	265745	265928	intergenic	.	AP012548.1_897,CP142614.1_615,CP142623.1_1516
contig_10898	285042	285153	intergenic	.	AP012548.1_1473,CP001429.2_1480,CP142623.1_938
contig_10898	669545	669664	intergenic	.	CP001487.1_1402,CP142614.1_2653
contig_10908	783589	783687	intergenic	.	AP012548.1_3053,CP142614.1_2782
contig_1092	851378	851586	intergenic	.	AP012548.1_1001,CP001429.2_990,CP001429.2_991,CP001487.1_3364,CP142614.1_720,CP142623.1_1411
contig_1092	859446	859818	intergenic	.	AP012548.1_1895,AP012548.1_1896,CP001487.1_2469,CP003000.1_756,CP142614.1_1611,CP142614.1_1612,CP142623.1_517,CP142623.1_965
contig_1092	1286625	1286927	intergenic	.	AP012548.1_2101,CP001429.2_1003,CP001487.1_2265,CP001487.1_3352,CP142614.1_1817,CP142614.1_3128,CP142614.1_732,CP142623.1_1399,CP142623.1_311
contig_1092	1287306	1287449	intergenic	.	CP142614.1_731,CP142623.1_1400
contig_1092	1551995	1552164	intergenic	.	CP001487.1_1211,CP003000.1_2893,CP142623.1_3505
contig_1092	1607292	1607814	intergenic	.	AP012548.1_4075,AP012548.1_4076,AP012548.1_4077,AP012548.1_4078,CP001429.2_4116,CP001487.1_254,CP001487.1_255,CP001487.1_256,CP003000.1_3787,CP142614.1_3798,CP142614.1_3799,CP142614.1_3800,CP142614.1_3801,CP142623.1_2549,CP142623.1_2550,CP142623.1_2551
contig_1092	1736561	1736684	intergenic	.	AP012548.1_2450
contig_1092	1959209	1959708	intergenic	.	AP012548.1_1159,AP012548.1_1160,AP012548.1_1161,AP012548.1_2058,CP001487.1_2308,CP001487.1_3205,CP142614.1_1775,CP142614.1_878,CP142614.1_879,CP142614.1_880,CP142623.1_1251,CP142623.1_1252,CP142623.1_354
contig_1092	3002669	3002802	intergenic	.	AP012548.1_3432,CP142614.1_3162
contig_1092	3386604	3386695	intergenic	.	AP012548.1_2227
contig_1092	3518916	3519223	intergenic	.	AP012548.1_2183,AP012548.1_2184,CP142614.1_1900,CP142614.1_2893,CP142623.1_228,CP142623.1_3456
contig_1092	3820544	3820884	intergenic	.	AP012548.1_2620,AP012548.1_688,CP001429.2_2654,CP001487.1_1703,CP003000.1_2413,CP142614.1_2340,CP142614.1_406,CP142623.1_1726,CP142623.1_4002
contig_1092	3832560	3832950	intergenic	.	AP012548.1_2950,AP012548.1_2951,CP001429.2_2987,CP001487.1_1376,CP003000.1_2728,CP142614.1_2678,CP142614.1_2679,CP142614.1_2680,CP142623.1_3673,CP142623.1_3674
contig_10931	59991	60174	intergenic	.	AP012548.1_776,CP001487.1_3571,CP142614.1_494,CP142623.1_1638
contig_10995	191583	192102	intergenic	.	AP012548.1_3733,AP012548.1_47,CP142614.1_3987,CP142623.1_2363,CP142623.1_2891,CP142623.1_2893
contig_10995	262512	262652	intergenic	.	AP012548.1_2591,CP142614.1_2310,CP142623.1_4031
contig_10995	564238	564508	intergenic	.	AP012548.1_2413,AP012548.1_2414,CP001487.1_1953,CP142614.1_2132,CP142623.1_4208
contig_10995	570746	571064	571061	CDS	AP012548.1_3276,AP012548.1_3277,CP001487.1_1054,CP142614.1_3005,CP142614.1_3007,CP142623.1_3347
contig_10995	570746	571064	571061	exon	AP012548.1_3276,AP012548.1_3277,CP001487.1_1054,CP142614.1_3005,CP142614.1_3007,CP142623.1_3347
contig_10995	570746	571064	571061	gene	AP012548.1_3276,AP012548.1_3277,CP001487.1_1054,CP142614.1_3005,CP142614.1_3007,CP142623.1_3347
contig_10995	570746	571064	571061	mRNA	AP012548.1_3276,AP012548.1_3277,CP001487.1_1054,CP142614.1_3005,CP142614.1_3007,CP142623.1_3347
contig_10995	570746	571064	571061	start_codon	AP012548.1_3276,AP012548.1_3277,CP001487.1_1054,CP142614.1_3005,CP142614.1_3007,CP142623.1_3347
contig_10995	571061	571064	intergenic	.	AP012548.1_3276,AP012548.1_3277,CP001487.1_1054,CP142614.1_3005,CP142614.1_3007,CP142623.1_3347
contig_11	1800540	1800653	intergenic	.	AP012548.1_3029
contig_11	3042682	3042811	intergenic	.	AP012548.1_3386,CP142614.1_3116,CP142623.1_3238
contig_11019	170832	171130	intergenic	.	AP012548.1_2461,AP012548.1_2462,CP001429.2_2476,CP001429.2_4177,CP001487.1_1906,CP001487.1_196,CP003000.1_2216,CP142614.1_2180,CP142623.1_2495,CP142623.1_4160,CP142623.1_4161
contig_11023	297312	297542	intergenic	.	AP012548.1_3894,CP142614.1_2184,CP142614.1_3617,CP142623.1_2732,CP142623.1_4156
contig_11023	422523	422705	intergenic	.	AP012548.1_2040,CP001487.1_2326,CP003000.1_626,CP142614.1_1756,CP142614.1_1757,CP142623.1_373
contig_11023	774441	774728	intergenic	.	AP012548.1_439,CP001429.2_444,CP142614.1_3615,CP142623.1_1969,CP142623.1_2734
contig_11023	786823	786954	intergenic	.	CP142614.1_259
contig_11023	875670	875894	intergenic	.	AP012548.1_2582,AP012548.1_3038,CP001487.1_1290,CP001487.1_1741,CP142614.1_2302,CP142614.1_2767,CP142623.1_3584,CP142623.1_4039
contig_11023	930330	930475	intergenic	.	AP012548.1_1054,CP142614.1_773,CP142623.1_1358,CP142623.1_1359
contig_11023	951060	951213	intergenic	.	AP012548.1_2897,CP001487.1_1429
contig_11040	278545	278760	intergenic	.	AP012548.1_129,AP012548.1_130,CP142614.1_4069,CP142623.1_2281
contig_11040	563121	563241	intergenic	.	CP001429.2_867,CP142623.1_1554
contig_11040	597327	597729	intergenic	.	AP012548.1_328,CP142614.1_44,CP142614.1_45,CP142614.1_46,CP142623.1_2081
contig_11043	577131	577610	586350	mRNA	AP012548.1_1960,AP012548.1_3715,CP001487.1_2406,CP001487.1_617,CP142614.1_1676,CP142614.1_3438,CP142614.1_4118,CP142623.1_2232,CP142623.1_2696,CP142623.1_2911,CP142623.1_453
contig_11043	577131	577610	586443	gene	AP012548.1_1960,AP012548.1_3715,CP001487.1_2406,CP001487.1_617,CP142614.1_1676,CP142614.1_3438,CP142614.1_4118,CP142623.1_2232,CP142623.1_2696,CP142623.1_2911,CP142623.1_453
contig_11043	751444	751586	774687	gene	AP012548.1_4198,CP142614.1_3921,CP142623.1_2429
contig_11043	751444	751586	774687	mRNA	AP012548.1_4198,CP142614.1_3921,CP142623.1_2429
contig_11043	1006365	1006623	1048351	gene	AP012548.1_3077,CP001429.2_3114,CP001429.2_3115,CP001487.1_1250,CP001487.1_1251,CP003000.1_2852,CP003000.1_2853,CP142614.1_2805,CP142614.1_2806,CP142623.1_3544,CP142623.1_3545
contig_11043	1006365	1006623	1048351	mRNA	AP012548.1_3077,CP001429.2_3114,CP001429.2_3115,CP001487.1_1250,CP001487.1_1251,CP003000.1_2852,CP003000.1_2853,CP142614.1_2805,CP142614.1_2806,CP142623.1_3544,CP142623.1_3545
contig_1106	543729	543933	intergenic	.	AP012548.1_3296,AP012548.1_3297,CP001429.2_3332,CP001487.1_1034,CP142614.1_3026,CP142623.1_3327,CP142623.1_3328
contig_1106	859743	860030	890307	gene	AP012548.1_1222,AP012548.1_1223,AP012548.1_2801,CP001429.2_1228,CP142614.1_2520,CP142614.1_939,CP142614.1_940,CP142623.1_1189,CP142623.1_1190,CP142623.1_3821
contig_1106	859743	860030	890307	mRNA	AP012548.1_1222,AP012548.1_1223,AP012548.1_2801,CP001429.2_1228,CP142614.1_2520,CP142614.1_939,CP142614.1_940,CP142623.1_1189,CP142623.1_1190,CP142623.1_3821
contig_1106	1201052	1201197	intergenic	.	CP001429.2_573,CP142623.1_1852
contig_11060	417718	417908	intergenic	.	CP001487.1_2625,CP142614.1_1456,CP142623.1_673
contig_11081	386892	387045	intergenic	.	AP012548.1_286,CP001487.1_3110,CP142614.1_2,CP142623.1_1157,CP142623.1_2123
contig_11081	409380	409536	intergenic	.	AP012548.1_728,CP142614.1_446
contig_11081	514169	514376	intergenic	.	AP012548.1_3802,CP142614.1_3525,CP142614.1_3526,CP142623.1_2824
contig_11081	522125	522274	intergenic	.	AP012548.1_2500,CP001487.1_1869,CP142614.1_2218,CP142623.1_4123
contig_11081	557550	557904	intergenic	.	AP012548.1_3846,AP012548.1_3847,AP012548.1_3848,CP001487.1_484,CP142614.1_3570,CP142614.1_3571,CP142623.1_2778,CP142623.1_2779,CP142623.1_2780
contig_11081	563304	563583	intergenic	.	AP012548.1_1037,CP001487.1_3328,CP001487.1_3329,CP142614.1_756,CP142614.1_757,CP142623.1_1375,CP142623.1_1376
contig_11081	613036	613147	intergenic	.	AP012548.1_1221,CP001487.1_3143,CP142614.1_938,CP142614.1_939,CP142623.1_1190
contig_11081	645443	645538	intergenic	.	AP012548.1_1026,CP001487.1_3339,CP003000.1_1556,CP142614.1_744,CP142623.1_1386
contig_11081	688116	688264	intergenic	.	CP001429.2_3123
contig_11083	294234	294542	303225	gene	AP012548.1_1052,CP001429.2_1041,CP001487.1_3313,CP001487.1_3314,CP003000.1_1531,CP142614.1_3029,CP142614.1_770,CP142614.1_771,CP142623.1_1361,CP142623.1_3325
contig_11083	294234	294542	303225	mRNA	AP012548.1_1052,CP001429.2_1041,CP001487.1_3313,CP001487.1_3314,CP003000.1_1531,CP142614.1_3029,CP142614.1_770,CP142614.1_771,CP142623.1_1361,CP142623.1_3325
contig_11083	295115	295283	303225	gene	AP012548.1_2144,CP001429.2_2152,CP001487.1_2222,CP003000.1_523,CP142614.1_1860,CP142623.1_268
contig_11083	295115	295283	303225	mRNA	AP012548.1_2144,CP001429.2_2152,CP001487.1_2222,CP003000.1_523,CP142614.1_1860,CP142623.1_268
contig_11083	304262	304402	intergenic	.	CP142614.1_130
contig_11083	393511	393622	402705	gene	AP012548.1_2981,CP142614.1_2710,CP142623.1_3641
contig_11083	393511	393622	402705	mRNA	AP012548.1_2981,CP142614.1_2710,CP142623.1_3641
contig_11105	69030	69329	87784	gene	AP012548.1_1485,AP012548.1_1486,CP142614.1_1202,CP142614.1_1203,CP142614.1_1204,CP142623.1_925,CP142623.1_926
contig_11105	69030	69329	87784	mRNA	AP012548.1_1485,AP012548.1_1486,CP142614.1_1202,CP142614.1_1203,CP142614.1_1204,CP142623.1_925,CP142623.1_926
contig_11105	1228985	1229122	intergenic	.	AP012548.1_1751,CP142614.1_1467,CP142614.1_1468,CP142623.1_661,CP142623.1_662
contig_11105	1619763	1620139	intergenic	.	AP012548.1_1191,AP012548.1_1880,AP012548.1_31,CP003000.1_31,CP142614.1_1596,CP142614.1_3971,CP142623.1_1220,CP142623.1_2379,CP142623.1_533
contig_11173	13835	14121	intergenic	.	CP001429.2_4038,CP001487.1_334,CP142614.1_3720
contig_11179	51149	51349	intergenic	.	AP012548.1_4165,CP142614.1_1772,CP142614.1_3888,CP142623.1_2461,CP142623.1_2462
contig_11179	171344	171738	intergenic	.	AP012548.1_1113,AP012548.1_1143,AP012548.1_2029,CP001429.2_2037,CP001487.1_2337,CP001487.1_3252,CP142614.1_1745,CP142614.1_832,CP142614.1_862,CP142623.1_1298,CP142623.1_383
contig_11179	342459	342610	intergenic	.	AP012548.1_1543
contig_11179	344557	344845	intergenic	.	AP012548.1_1780,CP003000.1_871,CP142614.1_1496,CP142623.1_632,CP142623.1_633
contig_11179	498200	498306	intergenic	.	CP001487.1_3526
contig_11193	211602	211758	231169	mRNA	AP012548.1_2685,CP001429.2_2718,CP142614.1_2404,CP142623.1_3937
contig_11193	211602	211758	231294	gene	AP012548.1_2685,CP001429.2_2718,CP142614.1_2404,CP142623.1_3937
contig_11205	334705	334801	intergenic	.	AP012548.1_2912,AP012548.1_2913,CP001487.1_1413,CP142614.1_2641,CP142623.1_3711
contig_11224	450448	450990	495324	gene	AP012548.1_1363,AP012548.1_1364,AP012548.1_565,CP001429.2_1371,CP001487.1_3000,CP142614.1_1081,CP142614.1_1082,CP142614.1_282,CP142623.1_1047,CP142623.1_1048,CP142623.1_1849
contig_11224	450448	450990	495324	mRNA	AP012548.1_1363,AP012548.1_1364,AP012548.1_565,CP001429.2_1371,CP001487.1_3000,CP142614.1_1081,CP142614.1_1082,CP142614.1_282,CP142623.1_1047,CP142623.1_1048,CP142623.1_1849
contig_11256	99628	99803	intergenic	.	AP012548.1_594,CP142614.1_311,CP142623.1_1820
contig_11256	179411	179590	intergenic	.	AP012548.1_1600,CP142614.1_1316,CP142623.1_812
contig_11256	207302	207548	intergenic	.	AP012548.1_2274,CP001429.2_2288,CP001487.1_2093,CP003000.1_2032,CP142614.1_1990,CP142614.1_1991,CP142623.1_138,CP142623.1_139
contig_11256	668783	668971	intergenic	.	AP012548.1_3109,CP003000.1_2885,CP142614.1_2838,CP142623.1_3512
contig_1127	92803	92892	intergenic	.	AP012548.1_589,CP142614.1_306,CP142623.1_1825
contig_11277	111014	111216	intergenic	.	AP012548.1_4020,CP142614.1_3743,CP142623.1_2606
contig_11277	150190	150268	intergenic	.	AP012548.1_1157,CP142614.1_875,CP142623.1_1255
contig_11277	220289	220417	intergenic	.	CP003000.1_3693
contig_11277	521530	521762	556193	mRNA	AP012548.1_3670,AP012548.1_498,CP001429.2_503,CP003000.1_1997,CP142614.1_3393,CP142623.1_1910,CP142623.1_2956
contig_11277	521530	521762	556261	gene	AP012548.1_3670,AP012548.1_498,CP001429.2_503,CP003000.1_1997,CP142614.1_3393,CP142623.1_1910,CP142623.1_2956
contig_11320	218535	218834	237499	gene	AP012548.1_1992,AP012548.1_1993,AP012548.1_1994,CP001429.2_2000,CP001429.2_2001,CP001487.1_2373,CP003000.1_672,CP003000.1_673,CP142614.1_1708,CP142614.1_1709,CP142623.1_419,CP142623.1_420,CP142623.1_421
contig_11320	218535	218834	237499	mRNA	AP012548.1_1992,AP012548.1_1993,AP012548.1_1994,CP001429.2_2000,CP001429.2_2001,CP001487.1_2373,CP003000.1_672,CP003000.1_673,CP142614.1_1708,CP142614.1_1709,CP142623.1_419,CP142623.1_420,CP142623.1_421
contig_11400	45869	46023	46041	CDS	AP012548.1_1764,AP012548.1_1765,CP001429.2_1772,CP003000.1_888,CP142614.1_1480,CP142623.1_648,CP142623.1_649
contig_11400	45869	46023	46041	exon	AP012548.1_1764,AP012548.1_1765,CP001429.2_1772,CP003000.1_888,CP142614.1_1480,CP142623.1_648,CP142623.1_649
contig_11400	45869	46023	46041	gene	AP012548.1_1764,AP012548.1_1765,CP001429.2_1772,CP003000.1_888,CP142614.1_1480,CP142623.1_648,CP142623.1_649
contig_11400	45869	46023	46041	mRNA	AP012548.1_1764,AP012548.1_1765,CP001429.2_1772,CP003000.1_888,CP142614.1_1480,CP142623.1_648,CP142623.1_649
contig_11488	122901	123095	146563	mRNA	AP012548.1_1624,CP142614.1_1341,CP142623.1_787,CP142623.1_788
contig_11488	122901	123095	147233	gene	AP012548.1_1624,CP142614.1_1341,CP142623.1_787,CP142623.1_788
contig_11488	163387	163524	175316	mRNA	AP012548.1_894,CP001487.1_3452,CP003000.1_1651,CP142614.1_612,CP142623.1_1520
contig_11488	163387	163524	175385	gene	AP012548.1_894,CP001487.1_3452,CP003000.1_1651,CP142614.1_612,CP142623.1_1520
contig_11488	1100399	1100666	intergenic	.	AP012548.1_3527,AP012548.1_3528,CP142614.1_3255,CP142614.1_3256,CP142623.1_3099,CP142623.1_3100
contig_11488	1101025	1101504	intergenic	.	AP012548.1_379,CP001487.1_75,CP142614.1_3239,CP142614.1_96,CP142623.1_2030,CP142623.1_3116
contig_11497	1371059	1371154	1389684	gene	AP012548.1_733,CP142614.1_451,CP142623.1_1681
contig_11497	1371059	1371154	1389684	mRNA	AP012548.1_733,CP142614.1_451,CP142623.1_1681
contig_11512	1026558	1026777	1047162	mRNA	AP012548.1_1735,AP012548.1_1736,CP001429.2_1743,CP001487.1_2629,CP142614.1_1451,CP142614.1_1452,CP142623.1_677
contig_11512	1026558	1026777	1047194	gene	AP012548.1_1735,AP012548.1_1736,CP001429.2_1743,CP001487.1_2629,CP142614.1_1451,CP142614.1_1452,CP142623.1_677
contig_11512	1527592	1527717	1530774	mRNA	AP012548.1_605,CP142614.1_322,CP142623.1_1809
contig_11512	1527592	1527717	1531019	gene	AP012548.1_605,CP142614.1_322,CP142623.1_1809
contig_11512	2006164	2006293	intergenic	.	AP012548.1_635,CP142614.1_352,CP142623.1_1779
contig_11536	99311	99437	129776	mRNA	AP012548.1_1902
contig_11536	99311	99437	129847	gene	AP012548.1_1902
contig_11536	118628	118775	129776	mRNA	AP012548.1_356,CP142623.1_2053
contig_11536	118628	118775	129847	gene	AP012548.1_356,CP142623.1_2053
contig_11584	189302	189558	intergenic	.	AP012548.1_1303,CP001429.2_2763,CP001487.1_1595,CP001487.1_3061,CP142623.1_1108,CP142623.1_3892
contig_11595	724349	724473	intergenic	.	CP142614.1_4205
contig_11595	1673542	1673636	1674977	gene	CP001487.1_1616
contig_11595	1673542	1673636	1674977	mRNA	CP001487.1_1616
contig_11615	129888	130540	intergenic	.	AP012548.1_3923,AP012548.1_3924,AP012548.1_4189,CP142614.1_3648,CP142614.1_3911,CP142623.1_2439,CP142623.1_2702,CP142623.1_2703
contig_11615	390376	390543	intergenic	.	AP012548.1_2687,CP142614.1_2406,CP142623.1_3935
contig_11661	30294	30455	intergenic	.	AP012548.1_2559,CP142614.1_2277
contig_11661	300308	300403	intergenic	.	CP142614.1_1247
contig_11709	53303	53583	54274	gene	AP012548.1_1803,CP001429.2_1810,CP001487.1_2562,CP142614.1_1518,CP142614.1_1519,CP142623.1_609,CP142623.1_610
contig_11709	117024	117111	intergenic	.	AP012548.1_192,CP142614.1_4132,CP142623.1_2218
contig_11731	50746	50939	intergenic	.	AP012548.1_1828,CP001429.2_1835,CP001487.1_2536,CP003000.1_824,CP142614.1_1544,CP142623.1_584,CP142623.1_585
contig_11731	142624	142770	intergenic	.	AP012548.1_1278,CP142614.1_996,CP142623.1_1133
contig_11742	4417	4585	intergenic	.	AP012548.1_2281,CP001429.2_2295,CP001487.1_2085,CP001487.1_2086,CP003000.1_2039,CP142614.1_1998,CP142623.1_131
contig_11751	596831	596915	intergenic	.	AP012548.1_2417,CP001487.1_1950
contig_11751	652055	652219	intergenic	.	AP012548.1_1029,CP142623.1_1383
contig_11758	485	766	intergenic	.	CP001429.2_50,CP003000.1_48,CP142614.1_3989,CP142623.1_2360
contig_11758	992155	992502	1056857	mRNA	AP012548.1_1531,AP012548.1_1532,CP142614.1_1247,CP142614.1_1248,CP142614.1_1249,CP142623.1_879,CP142623.1_880,CP142623.1_881
contig_11758	992155	992502	1056866	gene	AP012548.1_1531,AP012548.1_1532,CP142614.1_1247,CP142614.1_1248,CP142614.1_1249,CP142623.1_879,CP142623.1_880,CP142623.1_881
contig_11758	992155	992502	992363	CDS	AP012548.1_1531,AP012548.1_1532,CP142614.1_1247,CP142614.1_1248,CP142614.1_1249,CP142623.1_879,CP142623.1_880,CP142623.1_881
contig_11758	992155	992502	992363	exon	AP012548.1_1531,AP012548.1_1532,CP142614.1_1247,CP142614.1_1248,CP142614.1_1249,CP142623.1_879,CP142623.1_880,CP142623.1_881
contig_11814	5497	5729	intergenic	.	AP012548.1_3108,CP001429.2_3146,CP001487.1_1219,CP003000.1_2884,CP142614.1_2837,CP142623.1_3513
contig_11814	489805	489927	intergenic	.	AP012548.1_188,CP142614.1_4128,CP142623.1_2222
contig_11814	557486	557638	586891	mRNA	AP012548.1_3104,CP001429.2_3141,CP001487.1_1224,CP142614.1_2833,CP142623.1_3517
contig_11814	557486	557638	586953	gene	AP012548.1_3104,CP001429.2_3141,CP001487.1_1224,CP142614.1_2833,CP142623.1_3517
contig_11856	344019	344315	intergenic	.	AP012548.1_2720,CP001429.2_2753,CP001487.1_1605,CP003000.1_2511,CP142614.1_2439,CP142623.1_3901,CP142623.1_3902
contig_11856	2628476	2628592	intergenic	.	AP012548.1_3061,CP001487.1_1266,CP142614.1_2790,CP142623.1_3560
contig_11893	19718	20025	intergenic	.	AP012548.1_2299,AP012548.1_3946,AP012548.1_3947,CP001429.2_3986,CP001487.1_384,CP142614.1_2016,CP142614.1_3670,CP142623.1_113,CP142623.1_2679,CP142623.1_2680
contig_11893	503100	503246	551740	mRNA	CP142614.1_3647
contig_11893	503100	503246	551795	gene	CP142614.1_3647
contig_11893	786024	786111	805225	mRNA	AP012548.1_1471
contig_11893	786024	786111	805346	gene	AP012548.1_1471
contig_11904	691698	691929	intergenic	.	AP012548.1_1859,AP012548.1_2296,CP001429.2_2310,CP003000.1_793,CP142614.1_1575,CP142614.1_2013,CP142623.1_116,CP142623.1_553,CP142623.1_554
contig_11909	308294	308444	341181	mRNA	AP012548.1_3122,CP142614.1_2850,CP142623.1_3500
contig_11909	308294	308444	341475	gene	AP012548.1_3122,CP142614.1_2850,CP142623.1_3500
contig_11939	213485	213982	213764	CDS	AP012548.1_100,AP012548.1_101,AP012548.1_102,CP001429.2_148,CP001429.2_149,CP001487.1_10,CP003000.1_101,CP003000.1_99,CP142614.1_4039,CP142614.1_4040,CP142614.1_4041,CP142614.1_4042,CP142623.1_2308,CP142623.1_2309,CP142623.1_2310
contig_11939	213485	213982	213764	exon	AP012548.1_100,AP012548.1_101,AP012548.1_102,CP001429.2_148,CP001429.2_149,CP001487.1_10,CP003000.1_101,CP003000.1_99,CP142614.1_4039,CP142614.1_4040,CP142614.1_4041,CP142614.1_4042,CP142623.1_2308,CP142623.1_2309,CP142623.1_2310
contig_11939	213485	213982	254018	gene	AP012548.1_100,AP012548.1_101,AP012548.1_102,CP001429.2_148,CP001429.2_149,CP001487.1_10,CP003000.1_101,CP003000.1_99,CP142614.1_4039,CP142614.1_4040,CP142614.1_4041,CP142614.1_4042,CP142623.1_2308,CP142623.1_2309,CP142623.1_2310
contig_11939	213485	213982	254018	mRNA	AP012548.1_100,AP012548.1_101,AP012548.1_102,CP001429.2_148,CP001429.2_149,CP001487.1_10,CP003000.1_101,CP003000.1_99,CP142614.1_4039,CP142614.1_4040,CP142614.1_4041,CP142614.1_4042,CP142623.1_2308,CP142623.1_2309,CP142623.1_2310
contig_11961	295673	295790	intergenic	.	AP012548.1_581,CP142614.1_298,CP142623.1_1833
contig_11961	520627	520936	intergenic	.	AP012548.1_1768,CP003000.1_885,CP142614.1_1484,CP142614.1_648,CP142623.1_620,CP142623.1_645
contig_1200	186079	186254	intergenic	.	CP001487.1_386,CP142623.1_2681
contig_1200	226812	227084	intergenic	.	AP012548.1_1089,AP012548.1_3732,AP012548.1_468,AP012548.1_683,CP001429.2_1078,CP001429.2_698,CP001487.1_3276,CP003000.1_1493,CP142614.1_186,CP142614.1_400,CP142614.1_808,CP142623.1_1322,CP142623.1_1323,CP142623.1_1731,CP142623.1_1940
contig_1200	226812	227566	227090	polyA_signal_sequence	AP012548.1_1089,AP012548.1_3732,AP012548.1_468,AP012548.1_683,CP001429.2_1078,CP001429.2_698,CP001487.1_3276,CP003000.1_1493,CP142614.1_186,CP142614.1_400,CP142614.1_808,CP142623.1_1322,CP142623.1_1323,CP142623.1_1731,CP142623.1_1940
contig_1200	226812	227566	227258	stop_codon	AP012548.1_1089,AP012548.1_3732,AP012548.1_468,AP012548.1_683,CP001429.2_1078,CP001429.2_698,CP001487.1_3276,CP003000.1_1493,CP142614.1_186,CP142614.1_400,CP142614.1_808,CP142623.1_1322,CP142623.1_1323,CP142623.1_1731,CP142623.1_1940
contig_1200	226812	227566	227381	CDS	AP012548.1_1089,AP012548.1_3732,AP012548.1_468,AP012548.1_683,CP001429.2_1078,CP001429.2_698,CP001487.1_3276,CP003000.1_1493,CP142614.1_186,CP142614.1_400,CP142614.1_808,CP142623.1_1322,CP142623.1_1323,CP142623.1_1731,CP142623.1_1940
contig_1200	226812	227566	227381	exon	AP012548.1_1089,AP012548.1_3732,AP012548.1_468,AP012548.1_683,CP001429.2_1078,CP001429.2_698,CP001487.1_3276,CP003000.1_1493,CP142614.1_186,CP142614.1_400,CP142614.1_808,CP142623.1_1322,CP142623.1_1323,CP142623.1_1731,CP142623.1_1940
contig_1200	226812	227566	240083	gene	AP012548.1_1089,AP012548.1_3732,AP012548.1_468,AP012548.1_683,CP001429.2_1078,CP001429.2_698,CP001487.1_3276,CP003000.1_1493,CP142614.1_186,CP142614.1_400,CP142614.1_808,CP142623.1_1322,CP142623.1_1323,CP142623.1_1731,CP142623.1_1940
contig_1200	226812	227566	240083	mRNA	AP012548.1_1089,AP012548.1_3732,AP012548.1_468,AP012548.1_683,CP001429.2_1078,CP001429.2_698,CP001487.1_3276,CP003000.1_1493,CP142614.1_186,CP142614.1_400,CP142614.1_808,CP142623.1_1322,CP142623.1_1323,CP142623.1_1731,CP142623.1_1940
contig_1200	228637	228768	240083	gene	AP012548.1_125
contig_1200	228637	228768	240083	mRNA	AP012548.1_125
contig_12040	62802	63271	intergenic	.	AP012548.1_2796,AP012548.1_2798,CP142614.1_2515,CP142614.1_2516,CP142614.1_2517,CP142623.1_3824,CP142623.1_3825,CP142623.1_3826
contig_12049	31587	31785	intergenic	.	AP012548.1_3726,CP142614.1_3449,CP142623.1_2899,CP142623.1_2900
contig_12049	35164	35339	intergenic	.	AP012548.1_84,CP142614.1_4023,CP142623.1_2327
contig_12049	132058	132679	intergenic	.	AP012548.1_1742,AP012548.1_1743,AP012548.1_3836,AP012548.1_484,CP001487.1_2623,CP142614.1_1458,CP142614.1_1459,CP142614.1_202,CP142614.1_203,CP142614.1_3559,CP142614.1_3560,CP142623.1_1924,CP142623.1_2790,CP142623.1_670
contig_12064	45885	46027	intergenic	.	AP012548.1_966,CP142614.1_684,CP142623.1_1447
contig_12086	169588	170103	221089	gene	AP012548.1_1664,AP012548.1_2770,CP001487.1_4140,CP142614.1_118,CP142614.1_1380,CP142623.1_2008,CP142623.1_2189,CP142623.1_2192,CP142623.1_749
contig_12086	169588	170103	221089	mRNA	AP012548.1_1664,AP012548.1_2770,CP001487.1_4140,CP142614.1_118,CP142614.1_1380,CP142623.1_2008,CP142623.1_2189,CP142623.1_2192,CP142623.1_749
contig_12086	745937	746354	intergenic	.	AP012548.1_1411,AP012548.1_1412,AP012548.1_1413,CP001487.1_2951,CP001487.1_2953,CP142614.1_1128,CP142614.1_1129,CP142614.1_1130,CP142623.1_1001,CP142623.1_998,CP142623.1_999
contig_12086	904792	905050	intergenic	.	AP012548.1_3583,AP012548.1_3584,CP001487.1_748,CP003000.1_3349,CP142614.1_3312,CP142623.1_3043,CP142623.1_3044
contig_12086	966124	966291	intergenic	.	AP012548.1_142,CP142614.1_4082,CP142623.1_2267,CP142623.1_2268
contig_12086	970274	970395	intergenic	.	AP012548.1_3078,CP142614.1_2807,CP142623.1_3543
contig_12086	1006597	1007041	1058681	mRNA	AP012548.1_743,AP012548.1_744,CP142614.1_460,CP142614.1_461,CP142614.1_462,CP142623.1_1670,CP142623.1_1671
contig_12086	1006597	1007041	1058808	gene	AP012548.1_743,AP012548.1_744,CP142614.1_460,CP142614.1_461,CP142614.1_462,CP142623.1_1670,CP142623.1_1671
contig_12086	1794525	1794631	1825846	gene	AP012548.1_234
contig_12086	1794525	1794631	1825846	mRNA	AP012548.1_234
contig_12086	2051411	2051578	2054119	mRNA	AP012548.1_987,CP001429.2_976,CP001487.1_3378,CP142614.1_705,CP142623.1_1425,CP142623.1_1426
contig_12086	2051411	2051578	2054326	gene	AP012548.1_987,CP001429.2_976,CP001487.1_3378,CP142614.1_705,CP142623.1_1425,CP142623.1_1426
contig_12086	2108819	2109040	2137319	gene	AP012548.1_3509,CP142614.1_3238,CP142623.1_3117
contig_12086	2108819	2109040	2137319	mRNA	AP012548.1_3509,CP142614.1_3238,CP142623.1_3117
contig_12086	2161156	2161355	intergenic	.	AP012548.1_2484,AP012548.1_2485,CP001487.1_1884,CP142614.1_2203,CP142614.1_2204,CP142623.1_4138
contig_12086	2304451	2304600	2351524	gene	AP012548.1_3023,CP001487.1_1305,CP142614.1_2752,CP142623.1_3599
contig_12086	2304451	2304600	2351524	mRNA	AP012548.1_3023,CP001487.1_1305,CP142614.1_2752,CP142623.1_3599
contig_12086	2495046	2495254	intergenic	.	AP012548.1_2473,CP003000.1_2227,CP142614.1_2192,CP142623.1_4148,CP142623.1_4149
contig_12086	2519635	2520235	intergenic	.	AP012548.1_1914,CP001429.2_1921,CP001487.1_1459,CP001487.1_2450,CP001487.1_2451,CP003000.1_736,CP142614.1_1630,CP142614.1_1631,CP142614.1_2595,CP142623.1_3756,CP142623.1_498
contig_12086	2658073	2658284	2674010	gene	AP012548.1_3666,CP001487.1_665,CP001487.1_666,CP003000.1_3429,CP142623.1_2960
contig_12086	2658073	2658284	2674010	mRNA	AP012548.1_3666,CP001487.1_665,CP001487.1_666,CP003000.1_3429,CP142623.1_2960
contig_12086	2872037	2872198	intergenic	.	AP012548.1_1633,CP001429.2_1639,CP003000.1_1010,CP142614.1_1350
contig_12086	3065159	3065259	3074285	gene	CP142623.1_3540
contig_12086	3065159	3065259	3074285	mRNA	CP142623.1_3540
contig_12103	483360	483510	489471	mRNA	AP012548.1_3353,CP142614.1_3083,CP142623.1_3271
contig_12103	483360	483510	489606	gene	AP012548.1_3353,CP142614.1_3083,CP142623.1_3271
contig_12152	243244	243463	intergenic	.	AP012548.1_2896,CP001429.2_2933,CP142614.1_2625,CP142623.1_3727
contig_12163	117018	117147	intergenic	.	AP012548.1_3477,CP001487.1_1883
contig_12230	62101	62468	intergenic	.	AP012548.1_2044,AP012548.1_2045,CP001487.1_2321,CP001487.1_2322,CP142614.1_1761,CP142614.1_1762,CP142623.1_368,CP142623.1_369
contig_12305	24273	24460	intergenic	.	AP012548.1_3863,CP001429.2_3903,CP142614.1_3586,CP142614.1_3587,CP142623.1_2762,CP142623.1_2763
contig_12309	102774	102941	intergenic	.	AP012548.1_3845,CP001487.1_485,CP142614.1_3568,CP142614.1_3569,CP142623.1_2781
contig_12309	215704	215916	215935	CDS	AP012548.1_624,AP012548.1_625,CP003000.1_1873,CP142614.1_341,CP142614.1_342,CP142623.1_1789,CP142623.1_1790
contig_12309	215704	215916	215935	exon	AP012548.1_624,AP012548.1_625,CP003000.1_1873,CP142614.1_341,CP142614.1_342,CP142623.1_1789,CP142623.1_1790
contig_12309	215704	215916	215935	gene	AP012548.1_624,AP012548.1_625,CP003000.1_1873,CP142614.1_341,CP142614.1_342,CP142623.1_1789,CP142623.1_1790
contig_12309	215704	215916	215935	mRNA	AP012548.1_624,AP012548.1_625,CP003000.1_1873,CP142614.1_341,CP142614.1_342,CP142623.1_1789,CP142623.1_1790
contig_12309	424577	424923	440097	gene	AP012548.1_1449,AP012548.1_1450,CP001429.2_1457,CP142614.1_1166,CP142614.1_1167,CP142623.1_961,CP142623.1_962
contig_12309	424577	424923	440097	mRNA	AP012548.1_1449,AP012548.1_1450,CP001429.2_1457,CP142614.1_1166,CP142614.1_1167,CP142623.1_961,CP142623.1_962
contig_12323	269970	270090	intergenic	.	CP142623.1_4100
contig_12330	626465	626593	intergenic	.	AP012548.1_3524,CP142623.1_3102
contig_12336	146972	147218	intergenic	.	AP012548.1_1118,CP001429.2_1108,CP142614.1_837,CP142623.1_1294
contig_12395	681549	681641	intergenic	.	AP012548.1_25,CP142614.1_3965,CP142623.1_2385
contig_12395	752867	752979	799886	mRNA	AP012548.1_2906,CP142623.1_3718
contig_12395	752867	752979	799963	gene	AP012548.1_2906,CP142623.1_3718
contig_12395	1365110	1365224	intergenic	.	AP012548.1_2771
contig_12402	13775	13901	intergenic	.	CP142623.1_1546
contig_12451	502701	502884	intergenic	.	AP012548.1_1674,CP001487.1_2690,CP142614.1_1390,CP142623.1_739
contig_12459	53304	53731	intergenic	.	AP012548.1_938,AP012548.1_939,CP142614.1_656,CP142614.1_658,CP142623.1_1473,CP142623.1_1475
contig_12462	15586	15943	intergenic	.	AP012548.1_2555,AP012548.1_2557,CP001429.2_2576,CP001487.1_1792,CP142614.1_2274,CP142614.1_2275,CP142623.1_4066,CP142623.1_4067
contig_12495	857501	857625	914179	gene	AP012548.1_2097,CP142614.1_1814,CP142623.1_315
contig_12495	857501	857625	914179	mRNA	AP012548.1_2097,CP142614.1_1814,CP142623.1_315
contig_12495	1168790	1169281	intergenic	.	AP012548.1_2092,CP001487.1_2273,CP001487.1_2274,CP003000.1_576,CP142614.1_1808,CP142614.1_1809,CP142623.1_319,CP142623.1_320,CP142623.1_321,CP142623.1_322
contig_12495	1198742	1199295	intergenic	.	AP012548.1_1501,AP012548.1_2199,AP012548.1_2200,CP001429.2_2211,CP001487.1_1268,CP142614.1_1218,CP142614.1_1916,CP142623.1_212,CP142623.1_213,CP142623.1_911
contig_12499	104859	105238	intergenic	.	AP012548.1_1867,CP142614.1_1582,CP142614.1_1583,CP142614.1_3217,CP142623.1_3138,CP142623.1_546
contig_12501	215079	215229	intergenic	.	CP142614.1_1048
contig_12501	240969	241400	intergenic	.	AP012548.1_4103,AP012548.1_4104,AP012548.1_4105,CP001487.1_227,CP142614.1_3825,CP142614.1_3826,CP142614.1_3827,CP142623.1_2522,CP142623.1_2523,CP142623.1_2524
contig_12503	468204	468284	intergenic	.	AP012548.1_3125,CP003000.1_2901,CP142614.1_2854
contig_12503	704385	704534	713769	mRNA	CP142623.1_4112
contig_12503	704385	704534	713924	gene	CP142623.1_4112
contig_12558	51885	52010	intergenic	.	AP012548.1_3792,CP001429.2_3830,CP142614.1_3515,CP142623.1_2834
contig_12560	87545	87704	intergenic	.	CP001487.1_2706,CP142614.1_114,CP142623.1_2012
contig_12581	230156	230270	intergenic	.	CP001487.1_3511,CP142623.1_1578
contig_12581	466303	466541	492792	gene	AP012548.1_3567,AP012548.1_3568,CP001429.2_3612,CP001487.1_764,CP142614.1_3296,CP142623.1_3059
contig_12581	466303	466541	492792	mRNA	AP012548.1_3567,AP012548.1_3568,CP001429.2_3612,CP001487.1_764,CP142614.1_3296,CP142623.1_3059
contig_12608	292138	292501	353686	mRNA	AP012548.1_2422,AP012548.1_414,CP001429.2_2436,CP142614.1_131,CP142614.1_2140,CP142614.1_2141,CP142623.1_1995,CP142623.1_4200
contig_12608	292138	292501	353919	gene	AP012548.1_2422,AP012548.1_414,CP001429.2_2436,CP142614.1_131,CP142614.1_2140,CP142614.1_2141,CP142623.1_1995,CP142623.1_4200
contig_12608	321632	321719	353686	mRNA	CP001487.1_615
contig_12608	321632	321719	353919	gene	CP001487.1_615
contig_12627	1870366	1870589	intergenic	.	AP012548.1_769,CP142614.1_487,CP142614.1_488,CP142623.1_1645
contig_12640	375315	375476	intergenic	.	AP012548.1_2825,CP142614.1_2554,CP142623.1_3797
contig_12659	76428	76531	intergenic	.	CP001429.2_732,CP001487.1_3630
contig_12709	697638	698015	intergenic	.	AP012548.1_669,AP012548.1_671,CP142614.1_386,CP142614.1_388,CP142623.1_1743,CP142623.1_1745
contig_12709	1569468	1569636	intergenic	.	AP012548.1_3046,CP001429.2_3084,CP001487.1_455,CP142614.1_2775,CP142623.1_3576
contig_12745	283722	283877	intergenic	.	AP012548.1_3041,CP001429.2_3078,CP001487.1_1287,CP003000.1_2817,CP142614.1_2769,CP142614.1_2770,CP142623.1_3581
contig_12745	496521	496631	intergenic	.	AP012548.1_2992,CP001487.1_1335,CP142614.1_2721
contig_12757	346626	346781	intergenic	.	AP012548.1_2476,AP012548.1_2477,CP001429.2_2491,CP001487.1_1891,CP142614.1_2195,CP142623.1_4145,CP142623.1_4146
contig_12777	237391	237717	272082	gene	AP012548.1_3918,AP012548.1_3919,CP001429.2_3957,CP001429.2_3958,CP001487.1_413,CP003000.1_3628,CP003000.1_3629,CP142614.1_3641,CP142614.1_3642,CP142623.1_2707,CP142623.1_2708
contig_12777	237391	237717	272082	mRNA	AP012548.1_3918,AP012548.1_3919,CP001429.2_3957,CP001429.2_3958,CP001487.1_413,CP003000.1_3628,CP003000.1_3629,CP142614.1_3641,CP142614.1_3642,CP142623.1_2707,CP142623.1_2708
contig_1278	193821	194035	intergenic	.	AP012548.1_392,CP001487.1_3960,CP142614.1_109,CP142623.1_2017,CP142623.1_2018
contig_1278	743985	744077	intergenic	.	AP012548.1_3309,CP142614.1_3038,CP142623.1_3316
contig_12837	91474	91641	intergenic	.	AP012548.1_394,CP001487.1_3957,CP142614.1_111,CP142614.1_112,CP142623.1_2014,CP142623.1_2015
contig_12837	508549	508859	intergenic	.	AP012548.1_912,AP012548.1_913,CP001429.2_921,CP003000.1_1632,CP142614.1_630,CP142614.1_631,CP142623.1_1500,CP142623.1_1501
contig_12837	558895	559427	intergenic	.	AP012548.1_3953,AP012548.1_3954,AP012548.1_906,CP001487.1_3439,CP001487.1_3440,CP001487.1_376,CP001487.1_378,CP003000.1_3664,CP142614.1_3676,CP142614.1_3677,CP142614.1_624,CP142623.1_1507,CP142623.1_2672,CP142623.1_2673
contig_12837	584797	585190	intergenic	.	AP012548.1_2993,AP012548.1_2994,CP003000.1_2769,CP142614.1_1125,CP142614.1_2722,CP142614.1_2723,CP142623.1_1004,CP142623.1_3628,CP142623.1_3629,CP142623.1_3630
contig_12851	32423	32514	intergenic	.	AP012548.1_3699,CP001487.1_633,CP142614.1_3422,CP142623.1_2927
contig_12851	151129	151452	intergenic	.	AP012548.1_2150,AP012548.1_910,CP001429.2_918,CP001487.1_3436,CP003000.1_1635,CP142614.1_302,CP142623.1_1829,CP142623.1_262
contig_12878	488160	488274	intergenic	.	AP012548.1_1971
contig_12878	488492	488582	intergenic	.	AP012548.1_1950,CP142614.1_1666
contig_12879	6749	7005	intergenic	.	AP012548.1_3140,AP012548.1_3141,CP001487.1_1188,CP142614.1_2868,CP142614.1_2869,CP142623.1_3481,CP142623.1_3482
contig_12879	89870	90236	96939	gene	CP001429.2_2384,CP142614.1_232,CP142623.1_1895,CP142623.1_42
contig_12879	89870	90236	96939	mRNA	CP001429.2_2384,CP142614.1_232,CP142623.1_1895,CP142623.1_42
contig_12884	149332	149929	intergenic	.	AP012548.1_432,AP012548.1_433,AP012548.1_520,AP012548.1_521,CP001429.2_437,CP001487.1_3919,CP142614.1_238,CP142614.1_239,CP142623.1_1887,CP142623.1_1888,CP142623.1_1976
contig_12884	502141	502310	intergenic	.	AP012548.1_2295,CP001487.1_2071,CP142614.1_2013,CP142623.1_116
contig_12884	535068	535232	557325	gene	AP012548.1_3324,CP001429.2_3367,CP001487.1_1006,CP003000.1_3091,CP142614.1_3054,CP142623.1_3300
contig_12884	535068	535232	557325	mRNA	AP012548.1_3324,CP001429.2_3367,CP001487.1_1006,CP003000.1_3091,CP142614.1_3054,CP142623.1_3300
contig_12884	777446	777634	805386	gene	AP012548.1_1107,CP001429.2_1096,CP003000.1_1476,CP142614.1_826,CP142623.1_1305
contig_12884	777446	777634	805386	mRNA	AP012548.1_1107,CP001429.2_1096,CP003000.1_1476,CP142614.1_826,CP142623.1_1305
contig_12884	871788	872190	944726	gene	AP012548.1_2656,AP012548.1_2657,AP012548.1_2658,CP001429.2_2690,CP001487.1_1667,CP003000.1_2449,CP142614.1_2375,CP142614.1_2376,CP142614.1_2377,CP142623.1_3964,CP142623.1_3965,CP142623.1_3966
contig_12884	871788	872190	944726	mRNA	AP012548.1_2656,AP012548.1_2657,AP012548.1_2658,CP001429.2_2690,CP001487.1_1667,CP003000.1_2449,CP142614.1_2375,CP142614.1_2376,CP142614.1_2377,CP142623.1_3964,CP142623.1_3965,CP142623.1_3966
contig_12884	890380	890743	944726	gene	AP012548.1_2208,AP012548.1_2209,AP012548.1_2210,CP001429.2_2220,CP001487.1_2158,CP003000.1_466,CP003000.1_467,CP142614.1_1924,CP142614.1_1925,CP142614.1_1926,CP142623.1_202,CP142623.1_203,CP142623.1_204
contig_12884	890380	890743	944726	mRNA	AP012548.1_2208,AP012548.1_2209,AP012548.1_2210,CP001429.2_2220,CP001487.1_2158,CP003000.1_466,CP003000.1_467,CP142614.1_1924,CP142614.1_1925,CP142614.1_1926,CP142623.1_202,CP142623.1_203,CP142623.1_204
contig_12884	969329	969480	1006520	mRNA	AP012548.1_2027,CP001487.1_2339,CP142614.1_1743,CP142623.1_386
contig_12884	969329	969480	1006537	gene	AP012548.1_2027,CP001487.1_2339,CP142614.1_1743,CP142623.1_386
contig_12884	1203057	1203174	1434844	gene	AP012548.1_193
contig_12884	1203057	1203174	1434844	mRNA	AP012548.1_193
contig_12904	2532389	2532626	2535923	gene	AP012548.1_1671,AP012548.1_2676,CP142614.1_1387,CP142614.1_2395,CP142623.1_3945,CP142623.1_3946,CP142623.1_742
contig_12904	2532389	2532626	2535923	mRNA	AP012548.1_1671,AP012548.1_2676,CP142614.1_1387,CP142614.1_2395,CP142623.1_3945,CP142623.1_3946,CP142623.1_742
contig_12905	744614	744830	intergenic	.	AP012548.1_1809,AP012548.1_1810,CP142614.1_1525,CP142614.1_1526,CP142623.1_602,CP142623.1_603
contig_12911	147182	147772	167737	gene	AP012548.1_1030,AP012548.1_1822,AP012548.1_1823,AP012548.1_217,CP001487.1_2541,CP003000.1_205,CP142614.1_1538,CP142614.1_1539,CP142614.1_4156,CP142614.1_4157,CP142614.1_748,CP142623.1_2193,CP142623.1_589,CP142623.1_590
contig_12911	147182	147772	167737	mRNA	AP012548.1_1030,AP012548.1_1822,AP012548.1_1823,AP012548.1_217,CP001487.1_2541,CP003000.1_205,CP142614.1_1538,CP142614.1_1539,CP142614.1_4156,CP142614.1_4157,CP142614.1_748,CP142623.1_2193,CP142623.1_589,CP142623.1_590
contig_12911	244670	245073	intergenic	.	AP012548.1_2761,AP012548.1_817,CP003000.1_2552,CP142614.1_2480,CP142623.1_1597,CP142623.1_3861
contig_12925	250265	250423	intergenic	.	AP012548.1_901,CP142614.1_619,CP142623.1_1512
contig_12925	250265	250473	250426	start_codon	AP012548.1_901,CP142614.1_619,CP142623.1_1512
contig_12925	250265	250473	251089	CDS	AP012548.1_901,CP142614.1_619,CP142623.1_1512
contig_12925	250265	250473	251089	exon	AP012548.1_901,CP142614.1_619,CP142623.1_1512
contig_12925	250265	250473	331193	mRNA	AP012548.1_901,CP142614.1_619,CP142623.1_1512
contig_12925	250265	250473	331419	gene	AP012548.1_901,CP142614.1_619,CP142623.1_1512
contig_12925	250675	250853	251089	CDS	AP012548.1_902,CP142614.1_620
contig_12925	250675	250853	251089	exon	AP012548.1_902,CP142614.1_620
contig_12925	250675	250853	331193	mRNA	AP012548.1_902,CP142614.1_620
contig_12925	250675	250853	331419	gene	AP012548.1_902,CP142614.1_620
contig_12925	264273	264412	331193	mRNA	AP012548.1_941,CP142614.1_659,CP142623.1_1472
contig_12925	264273	264412	331419	gene	AP012548.1_941,CP142614.1_659,CP142623.1_1472
contig_12925	344756	345039	intergenic	.	AP012548.1_3341,CP142614.1_3071,CP142614.1_3072,CP142623.1_3283,CP142623.1_3284
contig_12925	609225	609344	intergenic	.	AP012548.1_764,CP142614.1_482,CP142623.1_1650
contig_12925	984861	985043	intergenic	.	AP012548.1_3249,AP012548.1_3250,CP142614.1_2979,CP142623.1_3375
contig_1294	876582	876945	intergenic	.	AP012548.1_446,AP012548.1_809,CP142614.1_527,CP142614.1_528,CP142623.1_1605,CP142623.1_1962
contig_12958	226572	226895	intergenic	.	AP012548.1_690,AP012548.1_692,CP142614.1_408,CP142614.1_409,CP142614.1_410,CP142623.1_1722,CP142623.1_1724
contig_12958	393994	394086	intergenic	.	AP012548.1_1187,CP142614.1_904
contig_12958	477786	477880	intergenic	.	CP142614.1_121,CP142623.1_2005
contig_13022	285672	286297	362589	mRNA	AP012548.1_3590,AP012548.1_568,AP012548.1_569,CP001487.1_3776,CP001487.1_741,CP003000.1_3355,CP142614.1_1277,CP142614.1_286,CP142614.1_287,CP142614.1_3319,CP142623.1_1844,CP142623.1_1845,CP142623.1_1846,CP142623.1_3036,CP142623.1_851
contig_13022	285672	286297	362638	gene	AP012548.1_3590,AP012548.1_568,AP012548.1_569,CP001487.1_3776,CP001487.1_741,CP003000.1_3355,CP142614.1_1277,CP142614.1_286,CP142614.1_287,CP142614.1_3319,CP142623.1_1844,CP142623.1_1845,CP142623.1_1846,CP142623.1_3036,CP142623.1_851
contig_13022	290391	290794	362589	mRNA	AP012548.1_2255,CP142614.1_133,CP142614.1_134,CP142614.1_1972,CP142623.1_157
contig_13022	290391	290794	362638	gene	AP012548.1_2255,CP142614.1_133,CP142614.1_134,CP142614.1_1972,CP142623.1_157
contig_13022	294412	294619	362589	mRNA	CP142614.1_4213,CP142623.1_2135
contig_13022	294412	294619	362638	gene	CP142614.1_4213,CP142623.1_2135
contig_13037	126276	126357	intergenic	.	AP012548.1_2480,CP142614.1_2198,CP142623.1_4143
contig_13037	155907	156069	160511	mRNA	AP012548.1_4129,CP142614.1_3853,CP142623.1_2497
contig_13037	155907	156069	160550	gene	AP012548.1_4129,CP142614.1_3853,CP142623.1_2497
contig_13037	450692	450861	intergenic	.	AP012548.1_2655,CP001487.1_1669,CP003000.1_2446,CP142614.1_2374,CP142623.1_3967
contig_13037	1114859	1114986	intergenic	.	AP012548.1_3642,CP142614.1_3371,CP142623.1_2984,CP142623.1_4091
contig_13072	243147	243435	intergenic	.	AP012548.1_376,AP012548.1_377,CP001487.1_3982,CP001487.1_3983,CP003000.1_333,CP142614.1_93,CP142614.1_94,CP142623.1_2032,CP142623.1_2033
contig_13072	248397	248815	intergenic	.	AP012548.1_349,CP142614.1_66,CP142614.1_67,CP142614.1_68,CP142623.1_2058,CP142623.1_2059
contig_13080	59056	59143	83829	gene	AP012548.1_21,CP142614.1_3961,CP142623.1_2389
contig_13080	59056	59143	83829	mRNA	AP012548.1_21,CP142614.1_3961,CP142623.1_2389
contig_13080	345651	345743	366419	gene	CP001429.2_264,CP001487.1_4098,CP142614.1_4201
contig_13080	345651	345743	366419	mRNA	CP001429.2_264,CP001487.1_4098,CP142614.1_4201
contig_13094	73205	73544	intergenic	.	AP012548.1_1329,AP012548.1_1767,CP001487.1_3035,CP142614.1_1483,CP142623.1_1082,CP142623.1_646
contig_1311	87136	87336	intergenic	.	AP012548.1_1416,CP001487.1_2948,CP003000.1_1169,CP142614.1_1133,CP142623.1_995
contig_13122	246636	246995	intergenic	.	AP012548.1_2821,AP012548.1_2822,CP001429.2_2853,CP001487.1_1505,CP142614.1_2550,CP142614.1_2551,CP142623.1_3801,CP142623.1_3802
contig_13143	305441	305590	intergenic	.	AP012548.1_27,AP012548.1_28,CP142614.1_3967,CP142623.1_2382,CP142623.1_2383
contig_13143	306216	306304	intergenic	.	AP012548.1_27,CP142614.1_3966,CP142623.1_2383
contig_13178	1242	1364	intergenic	.	AP012548.1_2631,CP003000.1_2423,CP142614.1_2351,CP142623.1_3990
contig_13197	564646	564794	intergenic	.	CP142623.1_3514
contig_13197	565137	565257	intergenic	.	AP012548.1_1631,CP142614.1_1348,CP142623.1_780
contig_13197	568145	568397	intergenic	.	AP012548.1_3164,CP142614.1_2892,CP142623.1_1518
contig_13197	620885	621151	757855	mRNA	AP012548.1_3954,CP001487.1_376,CP142614.1_278,CP142614.1_3678,CP142623.1_1853,CP142623.1_2671,CP142623.1_2672
contig_13197	620885	621151	757990	gene	AP012548.1_3954,CP001487.1_376,CP142614.1_278,CP142614.1_3678,CP142623.1_1853,CP142623.1_2671,CP142623.1_2672
contig_13197	1037179	1037607	1069850	mRNA	AP012548.1_2523,AP012548.1_3287,AP012548.1_3843,CP142614.1_2241,CP142614.1_3017,CP142614.1_3566,CP142623.1_2783,CP142623.1_3337,CP142623.1_4100
contig_13197	1037179	1037607	1070483	gene	AP012548.1_2523,AP012548.1_3287,AP012548.1_3843,CP142614.1_2241,CP142614.1_3017,CP142614.1_3566,CP142623.1_2783,CP142623.1_3337,CP142623.1_4100
contig_13197	1357298	1357420	intergenic	.	AP012548.1_2892,CP001487.1_1434,CP142614.1_2621
contig_13211	43561	43821	67010	gene	AP012548.1_4003,CP142614.1_3726,CP142614.1_3727,CP142623.1_2623
contig_13211	43561	43821	67010	mRNA	AP012548.1_4003,CP142614.1_3726,CP142614.1_3727,CP142623.1_2623
contig_13211	293883	294417	intergenic	.	AP012548.1_2487,AP012548.1_3625,CP001487.1_1881,CP001487.1_706,CP142614.1_2206,CP142614.1_3353,CP142614.1_3354,CP142623.1_3001,CP142623.1_3002,CP142623.1_4136
contig_13211	331235	331471	intergenic	.	AP012548.1_2852,AP012548.1_3433,CP142614.1_2581,CP142623.1_3770
contig_13228	362609	362902	intergenic	.	AP012548.1_49,AP012548.1_50,CP001487.1_61,CP001487.1_62,CP142614.1_3990,CP142623.1_2361
contig_1323	10143	10372	intergenic	.	AP012548.1_2010,AP012548.1_2011,CP001429.2_2019,CP001487.1_2355,CP142614.1_1726,CP142614.1_1727,CP142623.1_402,CP142623.1_403
contig_13271	752783	752969	intergenic	.	AP012548.1_2238,CP142614.1_1955,CP142623.1_174
contig_13271	1108942	1109181	1179840	gene	AP012548.1_248,CP001487.1_4111,CP142614.1_4188,CP142623.1_2162
contig_13271	1108942	1109181	1179840	mRNA	AP012548.1_248,CP001487.1_4111,CP142614.1_4188,CP142623.1_2162
contig_13289	682952	683135	725932	mRNA	AP012548.1_1550,CP001429.2_1557,CP001487.1_2815,CP142614.1_1267,CP142623.1_862
contig_13289	682952	683135	726004	gene	AP012548.1_1550,CP001429.2_1557,CP001487.1_2815,CP142614.1_1267,CP142623.1_862
contig_13289	835014	835103	intergenic	.	AP012548.1_590,CP142614.1_307,CP142623.1_1824
contig_13312	231470	231647	intergenic	.	AP012548.1_185,AP012548.1_186,CP142614.1_4125,CP142623.1_2225
contig_13335	288506	288693	intergenic	.	AP012548.1_121,AP012548.1_122,CP142614.1_4061,CP142623.1_2289
contig_13335	631537	631641	intergenic	.	CP001429.2_3547
contig_13335	1554087	1554231	intergenic	.	AP012548.1_3213,CP001429.2_3249,CP001487.1_1116,CP142614.1_2941,CP142623.1_3407,CP142623.1_3408
contig_13335	1589551	1589914	1610930	mRNA	AP012548.1_3201,AP012548.1_3645,CP142614.1_3373,CP142614.1_721,CP142623.1_2981
contig_13335	1589551	1589914	1611653	gene	AP012548.1_3201,AP012548.1_3645,CP142614.1_3373,CP142614.1_721,CP142623.1_2981
contig_13335	1685079	1685232	1703721	mRNA	AP012548.1_3712
contig_13335	1685079	1685232	1703825	gene	AP012548.1_3712
contig_13348	13477	13624	intergenic	.	CP001429.2_2824,CP003000.1_2581,CP142614.1_2510,CP142623.1_3831
contig_13348	500872	501261	503502	mRNA	AP012548.1_4051,AP012548.1_4052,AP012548.1_4053,CP001487.1_278,CP003000.1_3761,CP003000.1_3763,CP142614.1_3774,CP142614.1_3775,CP142614.1_3776,CP142623.1_2574,CP142623.1_2575
contig_13348	500872	501261	504042	gene	AP012548.1_4051,AP012548.1_4052,AP012548.1_4053,CP001487.1_278,CP003000.1_3761,CP003000.1_3763,CP142614.1_3774,CP142614.1_3775,CP142614.1_3776,CP142623.1_2574,CP142623.1_2575
contig_13348	528575	528707	intergenic	.	AP012548.1_3346,CP001487.1_984,CP142614.1_3010,CP142614.1_3076,CP142623.1_3344
contig_13358	7655	8238	intergenic	.	AP012548.1_3709,AP012548.1_3711,CP142614.1_3432,CP142614.1_3434,CP142614.1_3435,CP142623.1_2915,CP142623.1_2917
contig_13359	370380	370566	intergenic	.	AP012548.1_806,CP001487.1_3541,CP142614.1_524,CP142623.1_1608
contig_13384	265951	266086	intergenic	.	AP012548.1_1058,CP142614.1_777,CP142623.1_1354
contig_13384	620239	620543	intergenic	.	AP012548.1_2047,CP001487.1_2318,CP142614.1_1764,CP142623.1_365,CP142623.1_366
contig_13384	911114	911534	intergenic	.	AP012548.1_67,AP012548.1_68,AP012548.1_69,CP001429.2_181,CP001487.1_43,CP003000.1_67,CP142614.1_4007,CP142614.1_4008,CP142614.1_4009,CP142623.1_2341,CP142623.1_2342,CP142623.1_2343
contig_13384	947879	947998	intergenic	.	AP012548.1_2348,CP001429.2_2362,CP001487.1_2019,CP003000.1_2105,CP142614.1_2066,CP142623.1_64
contig_13384	1010907	1011105	1084497	mRNA	AP012548.1_1404,CP001429.2_1410,CP001487.1_2961,CP142614.1_1121,CP142623.1_1007
contig_13384	1010907	1011105	1084573	gene	AP012548.1_1404,CP001429.2_1410,CP001487.1_2961,CP142614.1_1121,CP142623.1_1007
contig_13384	1347142	1347312	intergenic	.	AP012548.1_1470,CP142614.1_1187,CP142623.1_941
contig_134	58803	58882	intergenic	.	CP142614.1_2642,CP142623.1_3711
contig_13409	81361	81704	intergenic	.	AP012548.1_2145,AP012548.1_2146,CP001429.2_2153,CP001429.2_2154,CP001487.1_2220,CP001487.1_2221,CP003000.1_522,CP142614.1_1861,CP142614.1_1862,CP142614.1_1863,CP142623.1_266,CP142623.1_267
contig_13409	84351	84458	intergenic	.	AP012548.1_3258,CP142614.1_2988,CP142623.1_3366
contig_13416	90125	90253	intergenic	.	CP142614.1_3190
contig_13416	137438	137601	intergenic	.	AP012548.1_786,CP142614.1_504,CP142623.1_1627
contig_13416	441638	441746	449617	gene	AP012548.1_1278,CP142614.1_995,CP142623.1_1133
contig_13416	441638	441746	449617	mRNA	AP012548.1_1278,CP142614.1_995,CP142623.1_1133
contig_13416	448847	449032	449617	gene	AP012548.1_4135,AP012548.1_4136,CP142614.1_3858,CP142614.1_3859,CP142623.1_2491,CP142623.1_2492
contig_13416	448847	449032	449617	mRNA	AP012548.1_4135,AP012548.1_4136,CP142614.1_3858,CP142614.1_3859,CP142623.1_2491,CP142623.1_2492
contig_13416	528726	528894	intergenic	.	AP012548.1_3866,CP001429.2_3905,CP142614.1_3590,CP142623.1_2760
contig_13416	615465	615907	intergenic	.	AP012548.1_3062,AP012548.1_3132,CP142614.1_2791,CP142614.1_2861,CP142623.1_3559,CP142623.1_617
contig_13484	807808	807914	intergenic	.	AP012548.1_3646,CP001429.2_3690,CP001487.1_685,CP001487.1_686,CP003000.1_3410,CP142614.1_3374,CP142623.1_2980
contig_13484	923161	923603	intergenic	.	AP012548.1_3832,AP012548.1_3833,AP012548.1_47,AP012548.1_48,CP142614.1_3556,CP142614.1_3987,CP142614.1_3988,CP142623.1_2362,CP142623.1_2363,CP142623.1_2793,CP142623.1_2794
contig_13484	969362	969536	971615	gene	AP012548.1_320,CP142614.1_36,CP142623.1_2089
contig_13484	969362	969536	971615	mRNA	AP012548.1_320,CP142614.1_36,CP142623.1_2089
contig_13493	467470	467546	474586	mRNA	AP012548.1_1753,CP001487.1_2612,CP142614.1_1469,CP142623.1_660
contig_13493	467470	467546	474633	gene	AP012548.1_1753,CP001487.1_2612,CP142614.1_1469,CP142623.1_660
contig_13493	1205811	1205979	intergenic	.	AP012548.1_590,CP142623.1_1823
contig_13496	480290	480428	intergenic	.	AP012548.1_2217,AP012548.1_2218,CP142614.1_1934,CP142614.1_1935,CP142623.1_194
contig_13496	549485	549569	629634	mRNA	AP012548.1_531,CP142614.1_250,CP142623.1_1881
contig_13496	549485	549569	629682	gene	AP012548.1_531,CP142614.1_250,CP142623.1_1881
contig_13496	940735	940827	intergenic	.	AP012548.1_725,CP001429.2_741,CP003000.1_1817,CP142614.1_443,CP142623.1_1689
contig_13496	948393	948621	intergenic	.	CP001487.1_2554,CP142614.1_4170,CP142623.1_602
contig_13501	3210	3473	intergenic	.	AP012548.1_3054,AP012548.1_3055,CP001429.2_3092,CP001487.1_1273,CP003000.1_2831,CP142614.1_2783,CP142614.1_2784,CP142623.1_3566,CP142623.1_3567
contig_13501	13116	13423	intergenic	.	AP012548.1_2818,AP012548.1_2819,CP001487.1_1506,CP142614.1_2547,CP142614.1_2548,CP142623.1_3804,CP142623.1_3805
contig_13501	53544	53766	intergenic	.	CP003000.1_1775,CP142614.1_485
contig_13503	1430	1715	intergenic	.	AP012548.1_767,AP012548.1_768,CP142614.1_486,CP142623.1_1646,CP142623.1_1647
contig_13507	18823	18925	intergenic	.	CP142614.1_2748,CP142623.1_3603
contig_13513	78598	78679	intergenic	.	CP001487.1_1494
contig_13513	254491	254756	intergenic	.	AP012548.1_1778,AP012548.1_2250,CP142614.1_1494,CP142614.1_1967,CP142623.1_162,CP142623.1_635
contig_13527	37229	37319	intergenic	.	AP012548.1_2606,CP142614.1_2325,CP142623.1_4016
contig_13527	104033	104112	intergenic	.	AP012548.1_409
contig_13534	143616	143816	intergenic	.	AP012548.1_847,CP142614.1_565,CP142623.1_1566,CP142623.1_1567
contig_13581	102853	103196	intergenic	.	AP012548.1_300,AP012548.1_301,CP001429.2_303,CP142614.1_16,CP142614.1_17,CP142623.1_2108,CP142623.1_2109
contig_13581	121425	121511	intergenic	.	AP012548.1_4005,CP142614.1_3729,CP142623.1_2621
contig_13581	144541	144637	intergenic	.	AP012548.1_1802,CP001487.1_2563,CP142614.1_1518,CP142623.1_611
contig_13604	5642	6046	intergenic	.	AP012548.1_2362,AP012548.1_2363,AP012548.1_2364,CP003000.1_2119,CP142614.1_2081,CP142614.1_2082,CP142623.1_48,CP142623.1_49,CP142623.1_50
contig_13604	118737	118878	intergenic	.	AP012548.1_2016,CP142614.1_1732,CP142623.1_397
contig_13662	981158	981252	intergenic	.	AP012548.1_219,CP142614.1_4158,CP142623.1_2192
contig_13688	19777	19978	intergenic	.	CP003000.1_3265,CP142614.1_3228,CP142614.1_396,CP142614.1_397,CP142623.1_1734
contig_13693	65163	65293	67722	gene	AP012548.1_3468,CP001487.1_863,CP142614.1_3196
contig_13693	65163	65293	67722	mRNA	AP012548.1_3468,CP001487.1_863,CP142614.1_3196
contig_13695	83463	83605	126452	gene	CP142614.1_2626,CP142623.1_3726
contig_13695	83463	83605	126452	mRNA	CP142614.1_2626,CP142623.1_3726
contig_13698	299222	299308	intergenic	.	CP001429.2_153,CP003000.1_95
contig_13782	894349	894581	intergenic	.	AP012548.1_1687,AP012548.1_1688,CP142614.1_1403,CP142614.1_1404,CP142623.1_725,CP142623.1_726
contig_13782	894349	894629	894587	polyA_signal_sequence	AP012548.1_1687,AP012548.1_1688,CP142614.1_1403,CP142614.1_1404,CP142623.1_725,CP142623.1_726
contig_13782	894349	894629	895068	gene	AP012548.1_1687,AP012548.1_1688,CP142614.1_1403,CP142614.1_1404,CP142623.1_725,CP142623.1_726
contig_1381	1269572	1269682	1316775	gene	AP012548.1_3507,AP012548.1_3508,CP001487.1_824,CP142614.1_3236,CP142623.1_3119
contig_1381	1269572	1269682	1316775	mRNA	AP012548.1_3507,AP012548.1_3508,CP001487.1_824,CP142614.1_3236,CP142623.1_3119
contig_1381	1520520	1520708	intergenic	.	AP012548.1_387,CP001487.1_3965,CP003000.1_342,CP142614.1_105,CP142623.1_2021,CP142623.1_2022
contig_1381	2211958	2212221	intergenic	.	AP012548.1_2764,AP012548.1_2765,CP142614.1_2483,CP142614.1_2484,CP142623.1_3857,CP142623.1_3858
contig_1381	2754941	2755151	intergenic	.	AP012548.1_1042,AP012548.1_1043,CP001487.1_3323,CP142614.1_761,CP142614.1_762,CP142623.1_1369,CP142623.1_1370
contig_13823	477616	478745	intergenic	.	AP012548.1_105,AP012548.1_2662,AP012548.1_3388,AP012548.1_3810,AP012548.1_87,CP001429.2_145,CP001429.2_2695,CP001487.1_25,CP001487.1_7,CP003000.1_104,CP003000.1_2453,CP142614.1_2181,CP142614.1_2381,CP142614.1_4027,CP142614.1_4044,CP142623.1_2305,CP142623.1_2306,CP142623.1_2323,CP142623.1_2816,CP142623.1_3960
contig_13907	40646	40926	74321	mRNA	AP012548.1_2700,AP012548.1_2701,CP001487.1_1624,CP142614.1_2419,CP142614.1_2420,CP142623.1_3921,CP142623.1_3922
contig_13907	40646	40926	74441	gene	AP012548.1_2700,AP012548.1_2701,CP001487.1_1624,CP142614.1_2419,CP142614.1_2420,CP142623.1_3921,CP142623.1_3922
contig_13907	248617	248878	250097	mRNA	AP012548.1_2449,CP001487.1_1919,CP142614.1_2167,CP142623.1_1460,CP142623.1_4173
contig_13907	248617	248878	250155	gene	AP012548.1_2449,CP001487.1_1919,CP142614.1_2167,CP142623.1_1460,CP142623.1_4173
contig_13907	639493	639599	intergenic	.	AP012548.1_724,CP142614.1_442,CP142623.1_1690
contig_13942	179593	179782	intergenic	.	AP012548.1_617,CP001487.1_3728
contig_14	285414	285517	intergenic	.	AP012548.1_2762,CP142614.1_2481
contig_14	638585	638855	intergenic	.	AP012548.1_3222,CP001429.2_3259,CP001487.1_1107,CP142614.1_2951,CP142623.1_3397,CP142623.1_3398,CP142623.1_988
contig_14	685091	685549	756513	gene	AP012548.1_1785,AP012548.1_1786,CP142614.1_1500,CP142614.1_1501,CP142614.1_1502,CP142623.1_626,CP142623.1_627,CP142623.1_628
contig_14	685091	685549	756513	mRNA	AP012548.1_1785,AP012548.1_1786,CP142614.1_1500,CP142614.1_1501,CP142614.1_1502,CP142623.1_626,CP142623.1_627,CP142623.1_628
contig_14	768591	768875	intergenic	.	AP012548.1_103,CP142614.1_4043,CP142623.1_1616,CP142623.1_2307
contig_14	769150	769298	intergenic	.	AP012548.1_104,CP001429.2_145,CP001487.1_8,CP142614.1_4043
contig_14054	445080	445329	449515	mRNA	AP012548.1_3965,AP012548.1_3966,CP001487.1_365,CP142614.1_3689,CP142623.1_2660,CP142623.1_2661
contig_14054	445080	445329	449761	gene	AP012548.1_3965,AP012548.1_3966,CP001487.1_365,CP142614.1_3689,CP142623.1_2660,CP142623.1_2661
contig_14077	87275	87396	109789	gene	CP142614.1_132,CP142623.1_1994
contig_14077	87275	87396	109789	mRNA	CP142614.1_132,CP142623.1_1994
contig_14077	271873	272044	intergenic	.	AP012548.1_2043,CP001429.2_2051,CP001487.1_2323,CP142614.1_1760,CP142623.1_370
contig_14091	637396	637543	intergenic	.	AP012548.1_1507,AP012548.1_1508,CP001487.1_2858,CP142614.1_1224,CP142623.1_904
contig_14091	954531	954680	968963	mRNA	CP142614.1_3600
contig_14091	954531	954680	968991	gene	CP142614.1_3600
contig_14111	614685	614836	intergenic	.	CP142623.1_3671
contig_14143	410140	410265	452171	mRNA	AP012548.1_2915,AP012548.1_4169
contig_14143	410140	410265	452710	gene	AP012548.1_2915,AP012548.1_4169
contig_14143	678018	678276	intergenic	.	AP012548.1_2910,CP001487.1_1416,CP142614.1_2639,CP142623.1_3713
contig_14143	929386	929676	intergenic	.	AP012548.1_3967,CP001487.1_363,CP142614.1_3690,CP142614.1_3691,CP142623.1_2659
contig_14143	1707144	1707392	intergenic	.	AP012548.1_3994,AP012548.1_3995,CP142614.1_3718,CP142623.1_2632
contig_14143	1775742	1776039	intergenic	.	AP012548.1_194,AP012548.1_195,CP142614.1_4134,CP142614.1_4135,CP142623.1_2215,CP142623.1_2216
contig_14153	400686	400770	intergenic	.	CP001429.2_2484,CP001487.1_1898
contig_14153	728064	728224	intergenic	.	CP142614.1_1415,CP142623.1_714
contig_14174	194476	194908	intergenic	.	AP012548.1_253,AP012548.1_2979,CP001487.1_1349,CP142614.1_2708,CP142614.1_4192,CP142623.1_2156,CP142623.1_3644
contig_14194	261556	261896	intergenic	.	AP012548.1_428,AP012548.1_429,AP012548.1_670,CP001487.1_3675,CP001487.1_3923,CP003000.1_378,CP142614.1_146,CP142614.1_147,CP142614.1_387,CP142623.1_1744,CP142623.1_1979,CP142623.1_1980
contig_14194	1234583	1234658	intergenic	.	AP012548.1_2899,CP001429.2_2936,CP001487.1_1426,CP142614.1_2628
contig_14282	179119	179362	186220	gene	AP012548.1_1460,CP001487.1_2414,CP001487.1_2904,CP142623.1_951
contig_14282	179119	179362	186220	mRNA	AP012548.1_1460,CP001487.1_2414,CP001487.1_2904,CP142623.1_951
contig_14282	823183	823537	intergenic	.	CP003000.1_2197,CP142614.1_2158,CP142614.1_2160
contig_14282	1227583	1227978	intergenic	.	AP012548.1_2610,AP012548.1_2612,CP001487.1_1712,CP003000.1_2404,CP142614.1_2329,CP142614.1_2330,CP142614.1_2331,CP142614.1_2332,CP142623.1_4010,CP142623.1_4011,CP142623.1_4012
contig_14282	1335714	1335932	intergenic	.	AP012548.1_972,AP012548.1_973,CP001429.2_962,CP001487.1_3392,CP001487.1_3393,CP003000.1_1592,CP003000.1_1593,CP142614.1_691,CP142614.1_692,CP142623.1_1439,CP142623.1_1440
contig_14295	24072	24305	24327	CDS	AP012548.1_2698,CP001429.2_2731,CP001429.2_2732,CP001487.1_1626,CP003000.1_2489,CP142614.1_2417,CP142614.1_2418,CP142623.1_3923,CP142623.1_3924
contig_14295	24072	24305	24327	exon	AP012548.1_2698,CP001429.2_2731,CP001429.2_2732,CP001487.1_1626,CP003000.1_2489,CP142614.1_2417,CP142614.1_2418,CP142623.1_3923,CP142623.1_3924
contig_14295	24072	24305	24327	gene	AP012548.1_2698,CP001429.2_2731,CP001429.2_2732,CP001487.1_1626,CP003000.1_2489,CP142614.1_2417,CP142614.1_2418,CP142623.1_3923,CP142623.1_3924
contig_14295	24072	24305	24327	mRNA	AP012548.1_2698,CP001429.2_2731,CP001429.2_2732,CP001487.1_1626,CP003000.1_2489,CP142614.1_2417,CP142614.1_2418,CP142623.1_3923,CP142623.1_3924
contig_14295	59496	59646	intergenic	.	AP012548.1_3330,CP142614.1_3060,CP142623.1_3294,CP142623.1_3295
contig_14317	525791	526026	intergenic	.	AP012548.1_1705,AP012548.1_1706,CP001487.1_2660,CP142614.1_1421,CP142623.1_707,CP142623.1_708
contig_14317	548948	549065	intergenic	.	AP012548.1_2308,CP001487.1_2058,CP142614.1_2025
contig_14317	895944	896236	intergenic	.	AP012548.1_2708,AP012548.1_2709,CP003000.1_2499,CP142614.1_2427,CP142614.1_2428,CP142623.1_3913,CP142623.1_3914
contig_14317	908043	908530	intergenic	.	AP012548.1_4153,AP012548.1_4154,AP012548.1_4155,CP001429.2_1799,CP001429.2_4199,CP001487.1_173,CP003000.1_3853,CP003000.1_861,CP142614.1_3876,CP142614.1_3877,CP142614.1_3878,CP142623.1_2472,CP142623.1_2473,CP142623.1_2474
contig_1435	216141	216289	intergenic	.	AP012548.1_2407,CP001429.2_2421,CP001487.1_1959,CP001487.1_1960,CP003000.1_2163,CP142614.1_2125,CP142614.1_2126,CP142623.1_5
contig_1435	471294	471386	intergenic	.	CP001487.1_1662,CP003000.1_2454,CP142614.1_2382,CP142623.1_3959
contig_1435	954693	954903	960391	gene	AP012548.1_3812,CP142614.1_3535,CP142623.1_2814
contig_1435	954693	954903	960391	mRNA	AP012548.1_3812,CP142614.1_3535,CP142623.1_2814
contig_1436	30759	30923	32867	mRNA	AP012548.1_3163,CP001429.2_3200,CP001487.1_1165,CP142614.1_2892,CP142623.1_3457
contig_1436	30759	30923	32922	gene	AP012548.1_3163,CP001429.2_3200,CP001487.1_1165,CP142614.1_2892,CP142623.1_3457
contig_1436	276636	276781	intergenic	.	AP012548.1_2721,CP003000.1_2512,CP142614.1_2440
contig_14399	428901	429075	intergenic	.	AP012548.1_2032,CP003000.1_633,CP142614.1_1748,CP142623.1_380,CP142623.1_381
contig_14399	641403	641604	intergenic	.	AP012548.1_1929,AP012548.1_1930,CP001487.1_2435,CP001487.1_2436,CP003000.1_722,CP003000.1_723,CP142614.1_1645,CP142623.1_483,CP142623.1_484
contig_14399	641403	641668	641610	polyA_signal_sequence	AP012548.1_1929,AP012548.1_1930,CP001487.1_2435,CP001487.1_2436,CP003000.1_722,CP003000.1_723,CP142614.1_1645,CP142623.1_483,CP142623.1_484
contig_14399	641403	641668	785467	gene	AP012548.1_1929,AP012548.1_1930,CP001487.1_2435,CP001487.1_2436,CP003000.1_722,CP003000.1_723,CP142614.1_1645,CP142623.1_483,CP142623.1_484
contig_14399	642000	642357	642151	stop_codon	AP012548.1_1931,AP012548.1_1932,CP001487.1_2433,CP001487.1_2434,CP003000.1_719,CP142614.1_1647,CP142614.1_1648,CP142623.1_480
contig_14399	642000	642357	642422	CDS	AP012548.1_1931,AP012548.1_1932,CP001487.1_2433,CP001487.1_2434,CP003000.1_719,CP142614.1_1647,CP142614.1_1648,CP142623.1_480
contig_14399	642000	642357	642422	exon	AP012548.1_1931,AP012548.1_1932,CP001487.1_2433,CP001487.1_2434,CP003000.1_719,CP142614.1_1647,CP142614.1_1648,CP142623.1_480
contig_14399	642000	642357	785467	gene	AP012548.1_1931,AP012548.1_1932,CP001487.1_2433,CP001487.1_2434,CP003000.1_719,CP142614.1_1647,CP142614.1_1648,CP142623.1_480
contig_14399	642000	642357	785467	mRNA	AP012548.1_1931,AP012548.1_1932,CP001487.1_2433,CP001487.1_2434,CP003000.1_719,CP142614.1_1647,CP142614.1_1648,CP142623.1_480
contig_14399	778391	778671	785467	gene	CP001487.1_2488,CP142614.1_669,CP142623.1_1462,CP142623.1_536
contig_14399	778391	778671	785467	mRNA	CP001487.1_2488,CP142614.1_669,CP142623.1_1462,CP142623.1_536
contig_14399	813465	813546	intergenic	.	CP001487.1_4080
contig_14399	940211	940430	intergenic	.	AP012548.1_3616,AP012548.1_3749,CP142614.1_3345,CP142614.1_3472,CP142623.1_2877,CP142623.1_3010,CP142623.1_3011
contig_14399	1056180	1056479	intergenic	.	AP012548.1_265,AP012548.1_266,CP142614.1_4204,CP142614.1_4206,CP142623.1_2143,CP142623.1_2144
contig_14497	91220	91475	93602	mRNA	AP012548.1_1011,AP012548.1_1012,CP001487.1_3353,CP001487.1_3354,CP142614.1_729,CP142614.1_730,CP142623.1_1401
contig_14497	91220	91475	93817	gene	AP012548.1_1011,AP012548.1_1012,CP001487.1_3353,CP001487.1_3354,CP142614.1_729,CP142614.1_730,CP142623.1_1401
contig_14497	340245	340418	intergenic	.	AP012548.1_3626,CP142614.1_3355,CP142623.1_3000
contig_14497	924124	924403	935971	mRNA	AP012548.1_2448,CP142614.1_2166,CP142623.1_4174,CP142623.1_4175
contig_14497	924124	924403	936048	gene	AP012548.1_2448,CP142614.1_2166,CP142623.1_4174,CP142623.1_4175
contig_14497	1192922	1193095	intergenic	.	AP012548.1_353,AP012548.1_796,CP001487.1_4006,CP142614.1_71,CP142623.1_2055
contig_14506	60587	60802	intergenic	.	AP012548.1_2959,CP001487.1_1368,CP003000.1_2737,CP142614.1_2688,CP142623.1_3664
contig_14506	219996	220243	225602	gene	AP012548.1_3951,AP012548.1_3952,CP142614.1_3675,CP142623.1_2674,CP142623.1_2675
contig_14506	303253	303807	intergenic	.	AP012548.1_4177,AP012548.1_4178,CP001429.2_4223,CP142614.1_1844,CP142614.1_3900,CP142614.1_3901,CP142614.1_3902,CP142623.1_2448,CP142623.1_2449,CP142623.1_2450
contig_14506	494899	495403	intergenic	.	AP012548.1_3314,AP012548.1_3467,CP001487.1_864,CP142614.1_3195,CP142623.1_3159,CP142623.1_3160
contig_14506	557999	558104	intergenic	.	CP001487.1_2441
contig_14536	303385	303525	312077	gene	AP012548.1_1928,CP001487.1_2437,CP142614.1_1644
contig_14536	303385	303525	312077	mRNA	AP012548.1_1928,CP001487.1_2437,CP142614.1_1644
contig_14536	316520	316782	intergenic	.	AP012548.1_1516,AP012548.1_1517,CP142614.1_1233,CP142614.1_1234,CP142623.1_894,CP142623.1_895
contig_14536	343430	343565	intergenic	.	AP012548.1_169,CP001487.1_4189,CP142614.1_4109,CP142623.1_2241
contig_14617	118234	118514	intergenic	.	AP012548.1_877,AP012548.1_878,CP001429.2_885,CP001487.1_3468,CP003000.1_1667,CP142614.1_595,CP142614.1_596,CP142623.1_1535,CP142623.1_1536
contig_14652	751361	751768	751400	stop_codon	CP142623.1_1517,CP142623.1_273
contig_14652	751361	751768	751441	CDS	CP142623.1_1517,CP142623.1_273
contig_14652	751361	751768	751441	exon	CP142623.1_1517,CP142623.1_273
contig_14652	751361	751768	766572	gene	CP142623.1_1517,CP142623.1_273
contig_14652	751361	751768	766572	mRNA	CP142623.1_1517,CP142623.1_273
contig_14652	845391	845718	862055	gene	AP012548.1_3058,AP012548.1_692,AP012548.1_693,CP001487.1_1269,CP003000.1_2834,CP142614.1_2787,CP142614.1_410,CP142614.1_411,CP142623.1_1721,CP142623.1_1722,CP142623.1_3563
contig_14652	845391	845718	862055	mRNA	AP012548.1_3058,AP012548.1_692,AP012548.1_693,CP001487.1_1269,CP003000.1_2834,CP142614.1_2787,CP142614.1_410,CP142614.1_411,CP142623.1_1721,CP142623.1_1722,CP142623.1_3563
contig_14666	139126	139300	146388	mRNA	AP012548.1_2239,CP142614.1_1956,CP142623.1_173
contig_14666	139126	139300	146705	gene	AP012548.1_2239,CP142614.1_1956,CP142623.1_173
contig_14689	25559	25748	intergenic	.	AP012548.1_272,CP001429.2_275,CP142614.1_4211,CP142623.1_2137
contig_14689	571185	571598	intergenic	.	AP012548.1_2643,AP012548.1_718,CP003000.1_1195,CP003000.1_2435,CP142614.1_2362,CP142614.1_2363,CP142614.1_436,CP142623.1_3978,CP142623.1_3979
contig_14689	804056	804165	intergenic	.	AP012548.1_804
contig_14775	2629935	2630181	2684329	mRNA	CP001429.2_3253,CP001487.1_1112,CP003000.1_2989,CP142614.1_2945,CP142614.1_2946,CP142623.1_3403,CP142623.1_3404
contig_14775	2629935	2630181	2684451	gene	CP001429.2_3253,CP001487.1_1112,CP003000.1_2989,CP142614.1_2945,CP142614.1_2946,CP142623.1_3403,CP142623.1_3404
contig_14795	439502	439603	intergenic	.	AP012548.1_538,CP142623.1_1874
contig_14795	439985	440131	intergenic	.	AP012548.1_537
contig_14866	254313	254610	intergenic	.	AP012548.1_1076,CP001429.2_1065,CP001487.1_3289,CP142614.1_2061,CP142614.1_794,CP142614.1_795,CP142623.1_1336,CP142623.1_1337
contig_14866	1458033	1458196	intergenic	.	CP142614.1_3411,CP142623.1_2937
contig_14866	1910324	1910533	intergenic	.	AP012548.1_510,CP142614.1_228,CP142614.1_229,CP142623.1_1898
contig_14866	1962248	1962722	intergenic	.	AP012548.1_1650,CP001429.2_1656,CP001429.2_368,CP001487.1_2716,CP001487.1_2717,CP142614.1_1365,CP142614.1_1366,CP142623.1_2044,CP142623.1_762,CP142623.1_763
contig_14869	560667	560750	intergenic	.	AP012548.1_3278
contig_14885	523099	523424	intergenic	.	AP012548.1_3250,AP012548.1_3251,CP142614.1_2980,CP142614.1_2981,CP142623.1_3373,CP142623.1_3374
contig_14885	1452495	1452641	intergenic	.	AP012548.1_1019,CP142614.1_737
contig_14897	2034959	2035423	intergenic	.	AP012548.1_2901,AP012548.1_3560,AP012548.1_458,CP001487.1_3894,CP001487.1_771,CP142614.1_176,CP142614.1_3289,CP142623.1_1950,CP142623.1_1951,CP142623.1_3066
contig_14902	317896	318004	intergenic	.	AP012548.1_2717,CP142614.1_2436,CP142623.1_3905
contig_14902	444310	444463	446059	mRNA	AP012548.1_2637,CP001429.2_2670,CP003000.1_2429,CP142614.1_2356,CP142623.1_3985
contig_14902	444310	444463	446334	gene	AP012548.1_2637,CP001429.2_2670,CP003000.1_2429,CP142614.1_2356,CP142623.1_3985
contig_14992	1130	1235	intergenic	.	AP012548.1_2267,CP142614.1_1984
contig_15009	297286	297515	intergenic	.	AP012548.1_2488,AP012548.1_2489,CP142614.1_2206,CP142614.1_2207,CP142623.1_4134,CP142623.1_4135
contig_15009	428825	429308	intergenic	.	AP012548.1_1703,AP012548.1_2987,CP001429.2_1523,CP001429.2_3023,CP003000.1_2764,CP142614.1_1419,CP142614.1_2716,CP142623.1_3636,CP142623.1_710
contig_15112	1235077	1235173	intergenic	.	AP012548.1_1100,CP001487.1_3265,CP142614.1_819,CP142623.1_1311
contig_15136	239387	239600	263317	gene	AP012548.1_832,AP012548.1_833,CP142614.1_550,CP142614.1_551,CP142623.1_1581
contig_15136	239387	239600	263317	mRNA	AP012548.1_832,AP012548.1_833,CP142614.1_550,CP142614.1_551,CP142623.1_1581
contig_15136	260473	260895	263317	gene	AP012548.1_1711,AP012548.1_1712,AP012548.1_2677,CP142614.1_1427,CP142614.1_1428,CP142614.1_2396,CP142623.1_701,CP142623.1_702
contig_15136	260473	260895	263317	mRNA	AP012548.1_1711,AP012548.1_1712,AP012548.1_2677,CP142614.1_1427,CP142614.1_1428,CP142614.1_2396,CP142623.1_701,CP142623.1_702
contig_15136	688018	688279	692163	mRNA	AP012548.1_2833,CP001487.1_1492,CP142614.1_2563,CP142623.1_3789
contig_15136	688018	688279	692201	gene	AP012548.1_2833,CP001487.1_1492,CP142614.1_2563,CP142623.1_3789
contig_15136	998014	998249	1049343	mRNA	AP012548.1_75,CP001487.1_37,CP003000.1_74,CP142614.1_4014,CP142614.1_4015,CP142623.1_2335
contig_15136	998014	998249	1049600	gene	AP012548.1_75,CP001487.1_37,CP003000.1_74,CP142614.1_4014,CP142614.1_4015,CP142623.1_2335
contig_15136	1672178	1672472	intergenic	.	CP001487.1_2283,CP001487.1_2284,CP142614.1_1799,CP142614.1_1800
contig_15136	1687887	1688159	intergenic	.	AP012548.1_3492,CP142614.1_3220,CP142614.1_3221,CP142623.1_3134,CP142623.1_3135
contig_15136	1986799	1986998	1989683	mRNA	AP012548.1_2201,CP001487.1_2165,CP003000.1_474,CP142614.1_1917,CP142623.1_211
contig_15136	1986799	1986998	1989769	gene	AP012548.1_2201,CP001487.1_2165,CP003000.1_474,CP142614.1_1917,CP142623.1_211
contig_15136	2271722	2271805	2274308	mRNA	AP012548.1_338,AP012548.1_339,CP142614.1_56,CP142623.1_2070
contig_15136	2271722	2271805	2274832	gene	AP012548.1_338,AP012548.1_339,CP142614.1_56,CP142623.1_2070
contig_15136	3550785	3550964	intergenic	.	AP012548.1_2444,CP142614.1_2163,CP142623.1_4178
contig_15136	3599356	3599479	intergenic	.	CP142614.1_918
contig_15143	173241	173390	214090	mRNA	CP001487.1_4046,CP142614.1_30,CP142623.1_2095
contig_15143	173241	173390	214240	gene	CP001487.1_4046,CP142614.1_30,CP142623.1_2095
contig_15151	477687	477840	502975	gene	AP012548.1_235,CP142614.1_4175,CP142623.1_2176
contig_15151	477687	477840	502975	mRNA	AP012548.1_235,CP142614.1_4175,CP142623.1_2176
contig_15162	169763	169864	intergenic	.	CP001487.1_4106
contig_15180	48928	49160	intergenic	.	AP012548.1_3746,AP012548.1_814,CP142614.1_532,CP142614.1_533,CP142623.1_1599,CP142623.1_2880
contig_15180	495438	495696	intergenic	.	AP012548.1_1070,AP012548.1_1071,CP001429.2_1060,CP001487.1_3294,CP142614.1_789,CP142614.1_790,CP142623.1_1341,CP142623.1_1342
contig_15180	585287	585483	intergenic	.	AP012548.1_3529,AP012548.1_3530,CP001429.2_3574,CP001487.1_802,CP003000.1_3295,CP142614.1_3258,CP142623.1_3097
contig_15180	712133	712490	intergenic	.	AP012548.1_845,AP012548.1_846,CP001429.2_853,CP001487.1_3502,CP001487.1_3668,CP003000.1_1698,CP142614.1_563,CP142614.1_564,CP142623.1_1568,CP142623.1_1736
contig_15183	28116	28316	intergenic	.	AP012548.1_2508,AP012548.1_2509,CP142614.1_2227,CP142623.1_4114
contig_15213	9196	9286	intergenic	.	AP012548.1_3152,CP001487.1_1176,CP142614.1_2881,CP142623.1_3469
contig_15218	146897	147088	146965	gene	AP012548.1_1181,CP003000.1_1401,CP142614.1_899,CP142623.1_1230
contig_15218	146897	147088	146965	polyA_signal_sequence	AP012548.1_1181,CP003000.1_1401,CP142614.1_899,CP142623.1_1230
contig_15218	146965	147088	intergenic	.	AP012548.1_1181,CP003000.1_1401,CP142614.1_899,CP142623.1_1230
contig_15328	56417	56540	intergenic	.	AP012548.1_4181,CP142614.1_3905,CP142623.1_2445
contig_15356	536147	536270	intergenic	.	CP001487.1_39,CP142614.1_4012
contig_1538	620154	620437	620315	CDS	AP012548.1_1410,CP142623.1_1000
contig_1538	620154	620437	620315	exon	AP012548.1_1410,CP142623.1_1000
contig_1538	620154	620437	620315	mRNA	AP012548.1_1410,CP142623.1_1000
contig_1538	620154	620437	620315	stop_codon	AP012548.1_1410,CP142623.1_1000
contig_1538	620154	620437	620360	gene	AP012548.1_1410,CP142623.1_1000
contig_1538	620154	620437	620360	polyA_signal_sequence	AP012548.1_1410,CP142623.1_1000
contig_1538	620360	620437	intergenic	.	AP012548.1_1410,CP142623.1_1000
contig_15397	130089	130220	intergenic	.	AP012548.1_2804,CP142614.1_896
contig_15397	286836	286967	intergenic	.	AP012548.1_2486,CP142614.1_2205,CP142623.1_4136
contig_15397	555775	555996	intergenic	.	AP012548.1_4142,CP001487.1_185,CP142614.1_3865,CP142614.1_3866,CP142623.1_2484,CP142623.1_2485
contig_15401	159287	159669	intergenic	.	AP012548.1_2078,AP012548.1_467,AP012548.1_59,AP012548.1_60,CP001429.2_2086,CP001487.1_2287,CP142614.1_1795,CP142614.1_3999,CP142614.1_4000,CP142623.1_1941,CP142623.1_2350,CP142623.1_2351,CP142623.1_333,CP142623.1_334
contig_15490	890155	890577	intergenic	.	AP012548.1_1524,AP012548.1_1978,CP001487.1_2387,CP001487.1_2841,CP142614.1_1241,CP142623.1_435,CP142623.1_887,CP142623.1_888
contig_15490	2491244	2491397	2503143	mRNA	AP012548.1_1653,CP001487.1_2712,CP142623.1_759
contig_15490	2491244	2491397	2503165	gene	AP012548.1_1653,CP001487.1_2712,CP142623.1_759
contig_15495	138850	139021	intergenic	.	AP012548.1_1291,CP142614.1_1008,CP142623.1_1120,CP142623.1_1121
contig_155	131433	131609	intergenic	.	AP012548.1_3927,AP012548.1_3928,CP142614.1_3651,CP142614.1_3652,CP142623.1_2698
contig_15502	687400	687513	751120	mRNA	AP012548.1_2354,CP142614.1_2073,CP142623.1_58
contig_15502	687400	687513	751376	gene	AP012548.1_2354,CP142614.1_2073,CP142623.1_58
contig_15502	747471	747744	751120	mRNA	AP012548.1_3659,AP012548.1_3660,AP012548.1_3661,CP001487.1_672,CP142623.1_2966,CP142623.1_2967
contig_15502	747471	747744	751376	gene	AP012548.1_3659,AP012548.1_3660,AP012548.1_3661,CP001487.1_672,CP142623.1_2966,CP142623.1_2967
contig_15502	879612	879879	intergenic	.	CP142623.1_777,CP142623.1_778
contig_15502	1031543	1031843	1083518	mRNA	AP012548.1_3643,AP012548.1_3644,CP001487.1_688,CP142623.1_2982,CP142623.1_2983
contig_15502	1031543	1031843	1083546	gene	AP012548.1_3643,AP012548.1_3644,CP001487.1_688,CP142623.1_2982,CP142623.1_2983
contig_15537	35559	35635	intergenic	.	AP012548.1_1159,CP001487.1_3206,CP142614.1_878,CP142623.1_1253
contig_15537	91775	91936	intergenic	.	AP012548.1_1716,AP012548.1_1717,CP001487.1_2649,CP142614.1_1432,CP142623.1_696,CP142623.1_697
contig_15537	178551	178675	intergenic	.	AP012548.1_4021,CP001487.1_310,CP142614.1_3744,CP142623.1_2605
contig_15537	362607	362739	intergenic	.	AP012548.1_256,CP142614.1_4195,CP142623.1_2153
contig_15542	610928	611003	intergenic	.	AP012548.1_3002,CP142614.1_2731,CP142623.1_3619
contig_15542	715966	716077	intergenic	.	AP012548.1_3128,CP142614.1_2857
contig_15573	121048	121301	138384	gene	AP012548.1_2373,CP142614.1_2092,CP142614.1_861,CP142623.1_1269,CP142623.1_39
contig_15573	121048	121301	138384	mRNA	AP012548.1_2373,CP142614.1_2092,CP142614.1_861,CP142623.1_1269,CP142623.1_39
contig_15573	733051	733379	intergenic	.	AP012548.1_2059,AP012548.1_2060,CP142614.1_1776,CP142614.1_1777,CP142623.1_352,CP142623.1_353
contig_15584	168108	168272	intergenic	.	AP012548.1_1673,AP012548.1_1674,CP142614.1_1389,CP142614.1_1390,CP142623.1_739,CP142623.1_740
contig_15584	621304	621384	intergenic	.	CP142614.1_1933
contig_15584	641742	641908	intergenic	.	AP012548.1_3959,CP001487.1_371,CP142614.1_3683,CP142623.1_2667
contig_15626	194545	194670	intergenic	.	CP142614.1_2315,CP142623.1_4026
contig_15646	65961	66153	intergenic	.	AP012548.1_2903,CP142614.1_2632,CP142623.1_3720,CP142623.1_3721
contig_15646	86664	86945	intergenic	.	AP012548.1_118,AP012548.1_119,CP142614.1_4057,CP142614.1_4058,CP142623.1_2291,CP142623.1_2292,CP142623.1_2293
contig_15654	1798	1944	intergenic	.	AP012548.1_3941,CP001429.2_3981,CP001487.1_389,CP142614.1_3665,CP142623.1_2685
contig_15654	8904	9326	intergenic	.	AP012548.1_107,AP012548.1_108,AP012548.1_2472,AP012548.1_3285,CP001429.2_142,CP003000.1_106,CP142614.1_2190,CP142614.1_2191,CP142614.1_3015,CP142614.1_4047,CP142623.1_2303,CP142623.1_4150
contig_15655	2050	2538	intergenic	.	AP012548.1_3881,AP012548.1_3882,CP001487.1_451,CP142614.1_3605,CP142614.1_3606,CP142623.1_2744
contig_15661	167121	167517	intergenic	.	AP012548.1_1429,AP012548.1_1430,AP012548.1_1431,CP001429.2_1437,CP001487.1_2933,CP001487.1_2934,CP001487.1_2935,CP001487.1_2936,CP003000.1_1155,CP142614.1_1146,CP142614.1_1147,CP142614.1_1148,CP142623.1_980,CP142623.1_981,CP142623.1_982
contig_1568	542445	542720	583657	gene	AP012548.1_2463,AP012548.1_2464,AP012548.1_4012,CP003000.1_2218,CP142614.1_2182,CP142614.1_3735,CP142623.1_2614,CP142623.1_4158,CP142623.1_4159
contig_1568	542445	542720	583657	mRNA	AP012548.1_2463,AP012548.1_2464,AP012548.1_4012,CP003000.1_2218,CP142614.1_2182,CP142614.1_3735,CP142623.1_2614,CP142623.1_4158,CP142623.1_4159
contig_1568	1137847	1138056	intergenic	.	CP142614.1_1646,CP142623.1_482
contig_15810	676812	676915	intergenic	.	AP012548.1_2646,CP001429.2_2679,CP001487.1_1678,CP003000.1_2438
contig_1585	193580	194015	intergenic	.	AP012548.1_592,AP012548.1_593,CP001487.1_3751,CP003000.1_1902,CP003000.1_1903,CP142614.1_310,CP142614.1_312,CP142623.1_1819,CP142623.1_1821
contig_15862	290776	290956	intergenic	.	AP012548.1_3674,CP142614.1_3397,CP142623.1_2952
contig_15862	1034012	1034346	intergenic	.	AP012548.1_3484,CP001487.1_846,CP001487.1_847,CP142614.1_3212,CP142614.1_3213,CP142623.1_3142,CP142623.1_3143
contig_15903	650443	650964	694065	mRNA	AP012548.1_1831,AP012548.1_2409,AP012548.1_2594,CP001429.2_1838,CP001429.2_2423,CP001487.1_1957,CP001487.1_1958,CP001487.1_2534,CP003000.1_2165,CP142614.1_1547,CP142614.1_2127,CP142614.1_2128,CP142614.1_2313,CP142623.1_3,CP142623.1_4028,CP142623.1_581
contig_15903	650443	650964	694278	gene	AP012548.1_1831,AP012548.1_2409,AP012548.1_2594,CP001429.2_1838,CP001429.2_2423,CP001487.1_1957,CP001487.1_1958,CP001487.1_2534,CP003000.1_2165,CP142614.1_1547,CP142614.1_2127,CP142614.1_2128,CP142614.1_2313,CP142623.1_3,CP142623.1_4028,CP142623.1_581
contig_15916	364614	364769	intergenic	.	AP012548.1_1469,CP142614.1_1186,CP142623.1_942
contig_15919	200664	200758	intergenic	.	AP012548.1_3731,CP142614.1_3454,CP142623.1_2895
contig_15919	231353	231528	intergenic	.	AP012548.1_2777,AP012548.1_2778,CP142623.1_3844
contig_15941	12649	13003	intergenic	.	AP012548.1_2330,AP012548.1_2331,CP142614.1_2048,CP142614.1_2049,CP142614.1_2050,CP142623.1_81,CP142623.1_82
contig_15967	40647	41066	intergenic	.	AP012548.1_3135,AP012548.1_3136,AP012548.1_3137,CP142614.1_2863,CP142614.1_2864,CP142614.1_2865,CP142623.1_3485,CP142623.1_3486,CP142623.1_3487
contig_1598	74630	74714	intergenic	.	AP012548.1_2148,CP142614.1_1865,CP142614.1_3724,CP142623.1_2625,CP142623.1_263
contig_1598	75025	75105	intergenic	.	AP012548.1_2001,CP001429.2_2009,CP003000.1_664,CP142614.1_1717,CP142623.1_411
contig_1598	183251	183390	intergenic	.	AP012548.1_905,AP012548.1_906,CP001487.1_3441,CP142614.1_623,CP142614.1_624,CP142623.1_1508
contig_1598	460984	461126	intergenic	.	CP142614.1_2426,CP142623.1_3915
contig_15987	882717	883013	908233	gene	AP012548.1_2495,AP012548.1_2496,CP001429.2_2510,CP001429.2_2511,CP001487.1_1873,CP142614.1_2213,CP142614.1_2214,CP142623.1_4127,CP142623.1_4128
contig_15987	882717	883013	908233	mRNA	AP012548.1_2495,AP012548.1_2496,CP001429.2_2510,CP001429.2_2511,CP001487.1_1873,CP142614.1_2213,CP142614.1_2214,CP142623.1_4127,CP142623.1_4128
contig_16024	575473	575665	intergenic	.	AP012548.1_991,AP012548.1_992,CP001429.2_981,CP142614.1_710,CP142623.1_1420,CP142623.1_1421
contig_16024	726561	726674	790137	gene	AP012548.1_2633,CP142614.1_2352,CP142623.1_3989
contig_16024	726561	726674	790137	mRNA	AP012548.1_2633,CP142614.1_2352,CP142623.1_3989
contig_16024	975380	975501	intergenic	.	AP012548.1_925,CP001487.1_3421,CP003000.1_1621,CP142614.1_643,CP142623.1_1489
contig_16024	1295233	1295586	1314721	gene	AP012548.1_1137,AP012548.1_3885,AP012548.1_771,CP001487.1_445,CP142614.1_3608,CP142614.1_856,CP142623.1_1275,CP142623.1_1643,CP142623.1_2741
contig_16024	1295233	1295586	1314721	mRNA	AP012548.1_1137,AP012548.1_3885,AP012548.1_771,CP001487.1_445,CP142614.1_3608,CP142614.1_856,CP142623.1_1275,CP142623.1_1643,CP142623.1_2741
contig_16043	362832	362936	intergenic	.	AP012548.1_3093,CP001487.1_1235,CP003000.1_2869,CP142614.1_2822
contig_16043	531974	532193	intergenic	.	AP012548.1_3345,CP001429.2_3388,CP001487.1_985,CP003000.1_3111,CP142614.1_3075,CP142614.1_3076,CP142623.1_3279
contig_16043	574622	574922	596491	gene	AP012548.1_275,CP001429.2_278,CP001487.1_4084,CP001487.1_4085,CP003000.1_248,CP142614.1_4214,CP142614.1_4215,CP142623.1_2134
contig_16043	574622	574922	596491	mRNA	AP012548.1_275,CP001429.2_278,CP001487.1_4084,CP001487.1_4085,CP003000.1_248,CP142614.1_4214,CP142614.1_4215,CP142623.1_2134
contig_16043	633977	634233	680558	mRNA	AP012548.1_1881,AP012548.1_1882,CP001487.1_2483,CP142614.1_1597,CP142614.1_1598,CP142623.1_531
contig_16043	633977	634233	680712	gene	AP012548.1_1881,AP012548.1_1882,CP001487.1_2483,CP142614.1_1597,CP142614.1_1598,CP142623.1_531
contig_16043	820472	820650	intergenic	.	AP012548.1_2990,CP142614.1_2719,CP142614.1_2720,CP142623.1_3632
contig_16088	296306	296459	299418	mRNA	AP012548.1_3003,CP142614.1_2732
contig_16088	296306	296459	299966	gene	AP012548.1_3003,CP142614.1_2732
contig_16111	111417	111536	189463	gene	AP012548.1_347,CP142614.1_64,CP142623.1_2062
contig_16111	111417	111536	189463	mRNA	AP012548.1_347,CP142614.1_64,CP142623.1_2062
contig_16120	132868	133244	intergenic	.	AP012548.1_1492,AP012548.1_1747,CP001429.2_1500,CP001429.2_1754,CP001487.1_2618,CP001487.1_2872,CP142614.1_1209,CP142614.1_1463,CP142623.1_919
contig_16131	635527	635833	intergenic	.	AP012548.1_2344,CP001429.2_2357,CP001429.2_2358,CP001487.1_2022,CP001487.1_2023,CP003000.1_2586,CP142614.1_2062,CP142623.1_68
contig_1614	2966	3117	intergenic	.	AP012548.1_2609,CP142614.1_2329,CP142623.1_4012
contig_1614	362010	362337	intergenic	.	AP012548.1_1105,AP012548.1_1106,CP001487.1_3259,CP003000.1_1478,CP142614.1_823,CP142614.1_824,CP142614.1_825,CP142623.1_1306,CP142623.1_1307
contig_1614	468488	468580	intergenic	.	AP012548.1_972,CP142614.1_690,CP142623.1_1441
contig_1614	527297	527524	601408	gene	AP012548.1_481,CP142614.1_199,CP142614.1_2264,CP142623.1_4077
contig_1614	527297	527524	601408	mRNA	AP012548.1_481,CP142614.1_199,CP142614.1_2264,CP142623.1_4077
contig_1614	641179	641333	720887	gene	AP012548.1_1322,AP012548.1_3171,CP003000.1_1261,CP142614.1_1039,CP142623.1_1089,CP142623.1_3449
contig_1614	641179	641333	720887	mRNA	AP012548.1_1322,AP012548.1_3171,CP003000.1_1261,CP142614.1_1039,CP142623.1_1089,CP142623.1_3449
contig_1614	840338	840713	intergenic	.	AP012548.1_2303,AP012548.1_461,CP001429.2_2317,CP142614.1_2020,CP142623.1_109,CP142623.1_1947
contig_1614	892691	892888	intergenic	.	AP012548.1_2046,CP001429.2_2054,CP001487.1_2320,CP003000.1_620,CP142614.1_1763,CP142623.1_367
contig_1614	1020882	1021180	intergenic	.	AP012548.1_94,CP001429.2_155,CP003000.1_94,CP142614.1_4033,CP142614.1_4034,CP142623.1_2316
contig_1614	1029976	1030125	intergenic	.	AP012548.1_2888,CP001429.2_2924,CP001487.1_1438,CP142614.1_2617,CP142623.1_3735
contig_1614	1380268	1380641	1406542	gene	AP012548.1_167,AP012548.1_2653,CP001487.1_4191,CP142614.1_2372,CP142614.1_4107,CP142623.1_2243,CP142623.1_3969
contig_1614	1380268	1380641	1406542	mRNA	AP012548.1_167,AP012548.1_2653,CP001487.1_4191,CP142614.1_2372,CP142614.1_4107,CP142623.1_2243,CP142623.1_3969
contig_1614	1546978	1547121	1547079	CDS	AP012548.1_2848,CP142614.1_2578,CP142623.1_3773
contig_1614	1546978	1547121	1547079	exon	AP012548.1_2848,CP142614.1_2578,CP142623.1_3773
contig_1614	1546978	1547121	1547079	gene	AP012548.1_2848,CP142614.1_2578,CP142623.1_3773
contig_1614	1546978	1547121	1547079	mRNA	AP012548.1_2848,CP142614.1_2578,CP142623.1_3773
contig_1614	1546978	1547121	1547079	start_codon	AP012548.1_2848,CP142614.1_2578,CP142623.1_3773
contig_1614	1547079	1547121	intergenic	.	AP012548.1_2848,CP142614.1_2578,CP142623.1_3773
contig_1614	1803130	1803261	intergenic	.	AP012548.1_994,CP001429.2_984,CP001487.1_3371,CP003000.1_1572,CP142614.1_713,CP142623.1_1418
contig_1614	1874347	1874587	intergenic	.	CP003000.1_1240,CP142614.1_1061,CP142623.1_1067,CP142623.1_1068
contig_1614	1958384	1958472	intergenic	.	AP012548.1_1663,CP142614.1_1379,CP142623.1_750
contig_1614	2092000	2092077	2106102	gene	AP012548.1_1462
contig_1614	2092000	2092077	2106102	mRNA	AP012548.1_1462
contig_1614	2479283	2479398	intergenic	.	AP012548.1_1146,CP001487.1_3219,CP142614.1_865
contig_1614	2603983	2604280	intergenic	.	AP012548.1_3020,CP001487.1_1307,CP001487.1_2804,CP142614.1_2749,CP142623.1_3602,CP142623.1_850
contig_1614	2702079	2702224	2727149	gene	CP142623.1_3277
contig_1614	2702079	2702224	2727149	mRNA	CP142623.1_3277
contig_16163	113460	114048	intergenic	.	AP012548.1_1915,AP012548.1_1916,AP012548.1_2305,CP001429.2_2319,CP001487.1_2061,CP001487.1_2062,CP001487.1_2449,CP142614.1_1632,CP142614.1_2022,CP142614.1_2023,CP142623.1_106,CP142623.1_107,CP142623.1_496,CP142623.1_497
contig_16163	395715	395796	intergenic	.	CP001487.1_1870,CP142614.1_2217
contig_16163	472003	472253	intergenic	.	AP012548.1_2069,CP001487.1_2297,CP003000.1_598,CP142614.1_1785,CP142614.1_1786,CP142623.1_342,CP142623.1_343
contig_16197	1931940	1932120	intergenic	.	AP012548.1_1382,CP142614.1_1099,CP142623.1_1029
contig_16197	3428736	3428884	intergenic	.	CP142614.1_235
contig_16213	354665	354802	intergenic	.	AP012548.1_1173,CP142623.1_1238
contig_16213	534961	535400	intergenic	.	AP012548.1_206,AP012548.1_3904,AP012548.1_3905,AP012548.1_499,AP012548.1_500,CP001429.2_504,CP001487.1_3852,CP001487.1_4152,CP001487.1_4153,CP142614.1_218,CP142614.1_3628,CP142614.1_4146,CP142623.1_1909,CP142623.1_2204
contig_16213	673233	673315	intergenic	.	AP012548.1_2283,CP001429.2_2297,CP142614.1_2000,CP142623.1_129
contig_16213	884009	884156	903853	gene	AP012548.1_1725,AP012548.1_528,CP142614.1_1441,CP142623.1_688
contig_16213	884009	884156	903853	mRNA	AP012548.1_1725,AP012548.1_528,CP142614.1_1441,CP142623.1_688
contig_1622	2540185	2540307	intergenic	.	CP142614.1_3310
contig_16243	293312	293442	intergenic	.	AP012548.1_2825,CP142614.1_2554,CP142623.1_3798
contig_16252	26738	26855	intergenic	.	AP012548.1_1669,CP142614.1_1385,CP142623.1_744
contig_16300	75164	75377	intergenic	.	AP012548.1_4144,CP142614.1_3867,CP142623.1_2483
contig_16300	471604	472110	549600	mRNA	AP012548.1_2925,AP012548.1_2926,CP001429.2_2963,CP001429.2_3385,CP003000.1_2707,CP142614.1_2654,CP142614.1_2655,CP142614.1_3073,CP142623.1_3282,CP142623.1_3698,CP142623.1_3699
contig_16300	471604	472110	549624	gene	AP012548.1_2925,AP012548.1_2926,CP001429.2_2963,CP001429.2_3385,CP003000.1_2707,CP142614.1_2654,CP142614.1_2655,CP142614.1_3073,CP142623.1_3282,CP142623.1_3698,CP142623.1_3699
contig_16344	15012	15114	intergenic	.	AP012548.1_622,CP001487.1_3723
contig_16350	116977	117154	intergenic	.	AP012548.1_4158,CP142614.1_3881,CP142614.1_3882,CP142623.1_2468,CP142623.1_2469
contig_16353	139138	139278	intergenic	.	AP012548.1_3442,CP001487.1_888,CP142614.1_3170,CP142623.1_3184
contig_16359	525102	525280	intergenic	.	AP012548.1_1253,CP001487.1_3111,CP142614.1_970,CP142623.1_1158,CP142623.1_1159
contig_16372	16657	16783	intergenic	.	AP012548.1_1056,CP142614.1_775,CP142623.1_1357
contig_16372	20039	20394	intergenic	.	AP012548.1_3196,CP142614.1_2925,CP142614.1_2926,CP142623.1_3424
contig_16469	115932	116026	intergenic	.	CP142614.1_2184
contig_16470	58686	59085	intergenic	.	AP012548.1_3034,AP012548.1_3035,CP001487.1_1292,CP001487.1_1294,CP142614.1_2763,CP142614.1_2764,CP142623.1_3587,CP142623.1_3588
contig_16470	317537	317876	intergenic	.	AP012548.1_3788,AP012548.1_3789,CP001487.1_540,CP003000.1_3544,CP142614.1_3511,CP142614.1_3512,CP142623.1_2837,CP142623.1_2838,CP142623.1_2839
contig_16470	665320	665495	intergenic	.	AP012548.1_262,CP142614.1_4123,CP142614.1_4201,CP142623.1_2147,CP142623.1_2227
contig_16470	768057	768205	845025	mRNA	AP012548.1_1254,CP142614.1_971
contig_16470	768057	768205	845275	gene	AP012548.1_1254,CP142614.1_971
contig_16470	966439	966606	1061433	gene	AP012548.1_716,CP001487.1_3631,CP142614.1_434,CP142623.1_1698
contig_16470	966439	966606	1061433	mRNA	AP012548.1_716,CP001487.1_3631,CP142614.1_434,CP142623.1_1698
contig_1648	2543307	2543557	2544984	gene	AP012548.1_35,AP012548.1_36,CP142614.1_3975,CP142623.1_2374,CP142623.1_2375
contig_1648	2543307	2543557	2544984	mRNA	AP012548.1_35,AP012548.1_36,CP142614.1_3975,CP142623.1_2374,CP142623.1_2375
contig_16496	100882	100995	intergenic	.	AP012548.1_2802,CP142614.1_2521,CP142623.1_3820
contig_16496	410702	410899	intergenic	.	AP012548.1_229,CP142614.1_4169,CP142614.1_4170,CP142623.1_2181
contig_16496	437707	437830	intergenic	.	AP012548.1_3130,CP001487.1_1198
contig_16537	763513	763717	intergenic	.	AP012548.1_348,CP001487.1_4011,CP142614.1_65,CP142623.1_2061
contig_16537	999093	999293	intergenic	.	AP012548.1_2321,CP001429.2_2335,CP001487.1_2045,CP001487.1_2046,CP142614.1_2038,CP142623.1_91
contig_16545	442670	442751	intergenic	.	AP012548.1_3613,CP001429.2_3657,CP142614.1_3342,CP142623.1_3014
contig_16545	849726	849828	intergenic	.	CP001487.1_3142
contig_16545	863040	863188	intergenic	.	AP012548.1_699,AP012548.1_700,CP142614.1_418,CP142623.1_1714
contig_16574	4856	5106	intergenic	.	AP012548.1_4040,CP001487.1_291,CP142614.1_3763
contig_16579	17754	17963	intergenic	.	AP012548.1_1280,CP003000.1_1303,CP142614.1_997,CP142623.1_1131,CP142623.1_1132
contig_16583	87480	87820	intergenic	.	AP012548.1_1164,AP012548.1_1165,CP003000.1_1418,CP142614.1_883,CP142614.1_884,CP142623.1_1246,CP142623.1_1247
contig_16583	146188	146467	intergenic	.	AP012548.1_603,CP142614.1_320,CP142614.1_321,CP142623.1_1810,CP142623.1_1811
contig_16583	471672	471854	intergenic	.	AP012548.1_3365,CP001487.1_965,CP142614.1_3095,CP142614.1_3096,CP142623.1_3259
contig_16583	491763	491859	intergenic	.	CP142614.1_1083,CP142623.1_1046
contig_16603	495270	495364	intergenic	.	AP012548.1_3401,CP001429.2_3446,CP003000.1_3169,CP142614.1_3131,CP142623.1_3223
contig_16603	844019	844138	intergenic	.	AP012548.1_1903,CP142614.1_1619,CP142623.1_510
contig_16645	32062	32517	intergenic	.	AP012548.1_437,AP012548.1_438,CP001429.2_443,CP001487.1_3913,CP142614.1_155,CP142614.1_156,CP142614.1_157,CP142623.1_1970,CP142623.1_1971,CP142623.1_1972
contig_16652	318750	319028	intergenic	.	AP012548.1_212,AP012548.1_213,CP001487.1_4146,CP142614.1_4152,CP142614.1_4153,CP142623.1_2197,CP142623.1_2198
contig_16652	387428	387729	intergenic	.	AP012548.1_3059,AP012548.1_3060,CP001487.1_1268,CP142614.1_2788,CP142614.1_2789,CP142623.1_3561,CP142623.1_3562
contig_16670	421695	421920	intergenic	.	AP012548.1_336,CP142614.1_52,CP142614.1_54,CP142623.1_2073
contig_16670	693201	693343	827415	mRNA	AP012548.1_3342
contig_16670	693201	693343	827457	gene	AP012548.1_3342
contig_16670	1122215	1122322	1124956	gene	CP142614.1_4132,CP142623.1_2218
contig_16670	1122215	1122322	1124956	mRNA	CP142614.1_4132,CP142623.1_2218
contig_16670	1125487	1125614	intergenic	.	AP012548.1_705,CP142614.1_423,CP142623.1_1709
contig_16670	1274108	1274240	intergenic	.	AP012548.1_407,CP142614.1_124,CP142623.1_2002
contig_16684	597444	597631	intergenic	.	AP012548.1_2890,AP012548.1_2891,CP001487.1_1436,CP003000.1_2672,CP142614.1_2619,CP142623.1_3733
contig_16684	1001349	1001534	intergenic	.	AP012548.1_2621,AP012548.1_2622,CP142614.1_2341,CP142623.1_4000
contig_16754	610669	610824	intergenic	.	CP142623.1_2914
contig_16754	737719	738060	791605	gene	AP012548.1_371,AP012548.1_799
contig_16754	737719	738060	791605	mRNA	AP012548.1_371,AP012548.1_799
contig_16770	1506228	1506311	1575040	gene	AP012548.1_746,CP001487.1_3601,CP142623.1_1668
contig_16770	1506228	1506311	1575040	mRNA	AP012548.1_746,CP001487.1_3601,CP142623.1_1668
contig_16792	53747	54028	intergenic	.	AP012548.1_1553,AP012548.1_2860,CP142614.1_1270,CP142614.1_2589,CP142623.1_3762,CP142623.1_858
contig_16792	71134	71400	100416	mRNA	AP012548.1_3205,CP142614.1_2933,CP142623.1_3416
contig_16792	71134	71400	100437	gene	AP012548.1_3205,CP142614.1_2933,CP142623.1_3416
contig_16804	93288	93368	intergenic	.	AP012548.1_3864,CP142623.1_2762
contig_16808	157726	157811	intergenic	.	CP142614.1_1404
contig_16808	298619	298961	intergenic	.	AP012548.1_2316,AP012548.1_486,CP001487.1_2475,CP142614.1_2033,CP142614.1_204,CP142614.1_205,CP142623.1_1922,CP142623.1_96
contig_16808	659996	660081	intergenic	.	AP012548.1_37,CP142614.1_3977,CP142623.1_2373
contig_16808	742042	742122	intergenic	.	CP142614.1_3120,CP142623.1_3235
contig_16832	162759	163045	intergenic	.	AP012548.1_1370,AP012548.1_1371,CP142614.1_1088,CP142623.1_1040,CP142623.1_1041
contig_16832	175216	175481	182716	gene	AP012548.1_249,CP001429.2_252,CP001487.1_4110,CP142614.1_4189,CP142623.1_2161
contig_16832	175216	175481	182716	mRNA	AP012548.1_249,CP001429.2_252,CP001487.1_4110,CP142614.1_4189,CP142623.1_2161
contig_16857	7928	8144	intergenic	.	AP012548.1_2854,CP001487.1_1471,CP142614.1_2583,CP142623.1_3768
contig_16865	34844	35023	intergenic	.	AP012548.1_3026,AP012548.1_3027,CP142614.1_2755,CP142614.1_2756,CP142623.1_3595
contig_16867	68627	68832	intergenic	.	AP012548.1_2273,AP012548.1_4071,CP142614.1_3794,CP142623.1_2555
contig_16867	69750	70056	intergenic	.	AP012548.1_1905,AP012548.1_2325,CP142614.1_1621,CP142614.1_2042,CP142614.1_3132,CP142623.1_507,CP142623.1_87
contig_16867	239876	240064	intergenic	.	AP012548.1_3761,CP001487.1_571,CP142614.1_3483,CP142614.1_3484
contig_16884	46923	47406	intergenic	.	AP012548.1_3744,AP012548.1_3745,CP142614.1_3468,CP142614.1_667,CP142623.1_1464,CP142623.1_2881
contig_16884	426998	427251	intergenic	.	AP012548.1_1727,AP012548.1_1728,CP142614.1_1443,CP142614.1_1444,CP142623.1_685,CP142623.1_686
contig_16884	503928	504067	intergenic	.	AP012548.1_3275,CP142614.1_3004,CP142614.1_3005,CP142623.1_3349,CP142623.1_3350
contig_16884	739347	739654	intergenic	.	AP012548.1_1691,AP012548.1_2087,CP001429.2_2095,CP001487.1_2279,CP001487.1_2674,CP003000.1_579,CP142614.1_1803,CP142614.1_1804,CP142623.1_324,CP142623.1_325,CP142623.1_722
contig_16903	230444	230572	246590	gene	CP142623.1_1234
contig_16903	230444	230572	246590	mRNA	CP142623.1_1234
contig_16903	363229	363583	379139	mRNA	AP012548.1_447,CP003000.1_394,CP142614.1_166,CP142623.1_1961
contig_16903	363229	363583	379159	gene	AP012548.1_447,CP003000.1_394,CP142614.1_166,CP142623.1_1961
contig_16903	389544	389696	intergenic	.	CP001487.1_4031,CP142623.1_2080
contig_16903	496043	496228	577464	gene	AP012548.1_3993,CP142614.1_3716,CP142623.1_2633
contig_16903	496043	496228	577464	mRNA	AP012548.1_3993,CP142614.1_3716,CP142623.1_2633
contig_16903	582508	582675	intergenic	.	AP012548.1_1359,CP142614.1_1077,CP142623.1_1052
contig_16958	134707	134893	intergenic	.	AP012548.1_296,CP001429.2_300,CP001487.1_4063,CP142614.1_12,CP142623.1_2113
contig_16958	153053	153202	intergenic	.	AP012548.1_3695,CP142614.1_3418,CP142623.1_2931
contig_16958	454679	454823	intergenic	.	AP012548.1_2844,CP142614.1_2574,CP142623.1_3777
contig_16958	478727	478911	intergenic	.	AP012548.1_3704,CP142614.1_3427,CP142623.1_2921,CP142623.1_2922
contig_16985	84380	84552	intergenic	.	AP012548.1_1548,CP001487.1_2818
contig_17003	86217	86609	intergenic	.	AP012548.1_363,AP012548.1_364,CP001429.2_367,CP001487.1_3994,CP001487.1_3995,CP001487.1_3996,CP003000.1_319,CP003000.1_320,CP142614.1_81,CP142614.1_82,CP142623.1_2045,CP142623.1_2046
contig_17006	321053	321182	intergenic	.	AP012548.1_3472,CP142614.1_3200,CP142623.1_3155
contig_17006	413527	413759	intergenic	.	AP012548.1_3391,CP142614.1_1374,CP142623.1_3233,CP142623.1_3934,CP142623.1_755
contig_17006	564579	564890	587104	gene	AP012548.1_2560,CP001487.1_1788,CP142623.1_4064
contig_17006	564579	564890	587104	mRNA	AP012548.1_2560,CP001487.1_1788,CP142623.1_4064
contig_17006	687424	687575	723149	gene	AP012548.1_4139,CP142614.1_3863,CP142623.1_2487
contig_17006	687424	687575	723149	mRNA	AP012548.1_4139,CP142614.1_3863,CP142623.1_2487
contig_17044	72218	72509	intergenic	.	AP012548.1_1695,AP012548.1_1696,CP142614.1_1411,CP142614.1_1412,CP142623.1_717
contig_17044	263959	264210	intergenic	.	AP012548.1_2260,AP012548.1_2261,CP001487.1_2106,CP142614.1_1977,CP142614.1_1978,CP142623.1_151,CP142623.1_152
contig_17044	378412	378559	430503	mRNA	AP012548.1_695,CP001487.1_3651,CP142614.1_413,CP142623.1_1719
contig_17044	378412	378559	430576	gene	AP012548.1_695,CP001487.1_3651,CP142614.1_413,CP142623.1_1719
contig_17052	448619	448758	intergenic	.	CP003000.1_610,CP142614.1_955
contig_17052	679928	680006	684091	gene	AP012548.1_529,CP142614.1_247
contig_17052	679928	680006	684091	mRNA	AP012548.1_529,CP142614.1_247
contig_17052	1713346	1713733	intergenic	.	AP012548.1_926,AP012548.1_927,AP012548.1_928,CP001429.2_935,CP001429.2_936,CP001487.1_3418,CP001487.1_3419,CP003000.1_1618,CP142614.1_644,CP142614.1_645,CP142614.1_646,CP142623.1_1485,CP142623.1_1486,CP142623.1_1487
contig_17083	1588019	1588145	intergenic	.	AP012548.1_230,CP142614.1_4171,CP142623.1_2180
contig_17093	155626	155898	intergenic	.	AP012548.1_865,CP001429.2_872,CP001487.1_3480,CP001487.1_3481,CP003000.1_1679,CP142614.1_583,CP142623.1_1548,CP142623.1_1549
contig_17093	171261	171415	intergenic	.	AP012548.1_900,CP142614.1_618,CP142623.1_1513
contig_17107	20011	20109	intergenic	.	AP012548.1_72,CP142623.1_2338
contig_17149	213691	213948	213794	CDS	AP012548.1_30,AP012548.1_31,CP001429.2_30,CP001487.1_81,CP003000.1_29,CP003000.1_30,CP003000.1_31,CP142614.1_3970,CP142614.1_3971,CP142623.1_2379,CP142623.1_2380
contig_17149	213691	213948	213794	exon	AP012548.1_30,AP012548.1_31,CP001429.2_30,CP001487.1_81,CP003000.1_29,CP003000.1_30,CP003000.1_31,CP142614.1_3970,CP142614.1_3971,CP142623.1_2379,CP142623.1_2380
contig_17149	213691	213948	215367	gene	AP012548.1_30,AP012548.1_31,CP001429.2_30,CP001487.1_81,CP003000.1_29,CP003000.1_30,CP003000.1_31,CP142614.1_3970,CP142614.1_3971,CP142623.1_2379,CP142623.1_2380
contig_17149	213691	213948	215367	mRNA	AP012548.1_30,AP012548.1_31,CP001429.2_30,CP001487.1_81,CP003000.1_29,CP003000.1_30,CP003000.1_31,CP142614.1_3970,CP142614.1_3971,CP142623.1_2379,CP142623.1_2380
contig_17149	301477	301555	intergenic	.	AP012548.1_459
contig_17222	425283	425380	457916	mRNA	CP142614.1_1607,CP142623.1_521
contig_17222	425283	425380	458344	gene	CP142614.1_1607,CP142623.1_521
contig_17262	248518	248664	intergenic	.	AP012548.1_1503,CP001487.1_2862,CP142614.1_1220,CP142623.1_908
contig_17262	291453	291555	intergenic	.	AP012548.1_1969,AP012548.1_1970,CP001487.1_2396,CP142614.1_1685,CP142623.1_443
contig_17262	366635	367021	intergenic	.	AP012548.1_2728,AP012548.1_51,CP003000.1_2519,CP142614.1_2447,CP142614.1_3991,CP142623.1_2359,CP142623.1_3894
contig_17262	504508	504844	intergenic	.	AP012548.1_208,AP012548.1_209,CP001429.2_210,CP001487.1_4151,CP142614.1_4148,CP142614.1_4149,CP142623.1_2201,CP142623.1_2202
contig_17269	1050	1233	intergenic	.	AP012548.1_3215,AP012548.1_3216,CP142614.1_2944,CP142614.1_2945,CP142623.1_3404,CP142623.1_3405
contig_17269	632039	632240	intergenic	.	AP012548.1_2732,CP001487.1_1593,CP003000.1_2523,CP142614.1_2451,CP142623.1_3889,CP142623.1_3890
contig_17269	647454	647614	intergenic	.	AP012548.1_1561,CP001429.2_1567,CP001429.2_1568,CP001487.1_2804,CP142614.1_1278
contig_17376	48970	49233	intergenic	.	AP012548.1_2678,AP012548.1_2679,CP142614.1_2397,CP142614.1_2398,CP142623.1_3943,CP142623.1_3944
contig_17376	159363	159606	intergenic	.	AP012548.1_1722,AP012548.1_1723,CP001487.1_2643,CP142614.1_1438,CP142614.1_1439,CP142623.1_690,CP142623.1_691
contig_17391	684949	685122	706085	gene	AP012548.1_3654,AP012548.1_3655,CP142614.1_3382,CP142623.1_2972,CP142623.1_2973
contig_17391	684949	685122	706085	mRNA	AP012548.1_3654,AP012548.1_3655,CP142614.1_3382,CP142623.1_2972,CP142623.1_2973
contig_17395	90812	90925	intergenic	.	AP012548.1_3744,CP142623.1_2882
contig_17395	172898	173011	intergenic	.	CP003000.1_716
contig_17395	298929	299068	intergenic	.	AP012548.1_3493,CP142623.1_3133
contig_17395	502057	502146	intergenic	.	AP012548.1_1238,CP142614.1_955,CP142623.1_1174
contig_17395	502430	502599	intergenic	.	CP142623.1_2425,CP142623.1_2426
contig_17415	243848	244125	intergenic	.	CP142614.1_270,CP142623.1_1861,CP142623.1_1862
contig_17415	320143	320267	intergenic	.	CP001429.2_1473,CP001487.1_2899,CP142614.1_1183,CP142623.1_946
contig_17415	698748	698915	intergenic	.	AP012548.1_4211,AP012548.1_4212,CP001429.2_4241,CP142614.1_3935,CP142623.1_2415
contig_17432	22355	22511	intergenic	.	AP012548.1_2431,CP001487.1_1936,CP142614.1_2150,CP142623.1_4191
contig_17478	1689898	1689983	intergenic	.	AP012548.1_3784,CP142614.1_3507
contig_17570	211382	211538	intergenic	.	AP012548.1_1063,CP142614.1_782,CP142623.1_1349
contig_17576	114169	114588	intergenic	.	AP012548.1_235,AP012548.1_236,AP012548.1_237,CP142614.1_4175,CP142614.1_4176,CP142623.1_2174,CP142623.1_2175
contig_17576	125850	126141	intergenic	.	AP012548.1_2772,AP012548.1_805,CP001429.2_2805,CP142614.1_2491,CP142614.1_523,CP142623.1_3850
contig_17576	166453	166784	intergenic	.	AP012548.1_3829,CP001429.2_3868,CP003000.1_3583,CP142614.1_3552,CP142614.1_3553,CP142623.1_2797
contig_17576	198528	198671	intergenic	.	CP142623.1_1146
contig_17592	108066	108277	intergenic	.	AP012548.1_4086,CP142614.1_3809,CP142614.1_3810,CP142623.1_2540
contig_17592	371313	371450	intergenic	.	AP012548.1_2944,CP142614.1_2673,CP142614.1_2674,CP142623.1_3679,CP142623.1_3680
contig_17592	629578	629742	654560	gene	AP012548.1_4042,CP142614.1_3765,CP142623.1_2584
contig_17592	629578	629742	654560	mRNA	AP012548.1_4042,CP142614.1_3765,CP142623.1_2584
contig_17595	34985	35181	intergenic	.	AP012548.1_1069,CP142614.1_788,CP142623.1_1343
contig_17671	160892	160983	intergenic	.	CP142623.1_3860
contig_17677	44905	45077	intergenic	.	AP012548.1_2263,CP001487.1_2104,CP142623.1_149
contig_17680	7991	8266	intergenic	.	AP012548.1_2262,AP012548.1_951,CP001429.2_2277,CP142614.1_1980,CP142614.1_669
contig_17680	75200	75391	intergenic	.	CP001429.2_3113,CP001487.1_1252,CP003000.1_2851,CP142623.1_3546
contig_17680	87323	87612	intergenic	.	AP012548.1_3694,AP012548.1_875,CP142614.1_3417,CP142614.1_593,CP142623.1_1538
contig_17706	623013	623152	intergenic	.	CP142623.1_85
contig_17706	1174169	1174396	intergenic	.	AP012548.1_3541,AP012548.1_3542,CP001487.1_790,CP142614.1_3270,CP142623.1_3085
contig_17706	1283205	1283722	intergenic	.	AP012548.1_1121,AP012548.1_2430,AP012548.1_4203,CP142614.1_2148,CP142614.1_3927,CP142614.1_840,CP142623.1_1291,CP142623.1_2423,CP142623.1_4192
contig_17735	97672	98126	97760	CDS	AP012548.1_185,AP012548.1_3768,AP012548.1_3776,CP142614.1_3491,CP142614.1_3500,CP142614.1_3904,CP142614.1_4124,CP142623.1_2226,CP142623.1_2446,CP142623.1_2850,CP142623.1_2857
contig_17735	97672	98126	97760	exon	AP012548.1_185,AP012548.1_3768,AP012548.1_3776,CP142614.1_3491,CP142614.1_3500,CP142614.1_3904,CP142614.1_4124,CP142623.1_2226,CP142623.1_2446,CP142623.1_2850,CP142623.1_2857
contig_17735	97672	98126	97760	gene	AP012548.1_185,AP012548.1_3768,AP012548.1_3776,CP142614.1_3491,CP142614.1_3500,CP142614.1_3904,CP142614.1_4124,CP142623.1_2226,CP142623.1_2446,CP142623.1_2850,CP142623.1_2857
contig_17735	97672	98126	97760	mRNA	AP012548.1_185,AP012548.1_3768,AP012548.1_3776,CP142614.1_3491,CP142614.1_3500,CP142614.1_3904,CP142614.1_4124,CP142623.1_2226,CP142623.1_2446,CP142623.1_2850,CP142623.1_2857
contig_17735	97672	98126	97760	start_codon	AP012548.1_185,AP012548.1_3768,AP012548.1_3776,CP142614.1_3491,CP142614.1_3500,CP142614.1_3904,CP142614.1_4124,CP142623.1_2226,CP142623.1_2446,CP142623.1_2850,CP142623.1_2857
contig_17735	97760	98126	intergenic	.	AP012548.1_185,AP012548.1_3768,AP012548.1_3776,CP142614.1_3491,CP142614.1_3500,CP142614.1_3904,CP142614.1_4124,CP142623.1_2226,CP142623.1_2446,CP142623.1_2850,CP142623.1_2857
contig_17735	312851	313260	intergenic	.	AP012548.1_3070,AP012548.1_3071,AP012548.1_3072,CP001487.1_1256,CP142614.1_2799,CP142614.1_2800,CP142614.1_2801,CP142623.1_3550
contig_17735	314144	314373	intergenic	.	AP012548.1_1906,AP012548.1_1907,CP142614.1_1623,CP142623.1_506
contig_17735	353815	354048	intergenic	.	CP001487.1_2656,CP003000.1_943,CP142614.1_1425,CP142623.1_2000,CP142623.1_704
contig_17748	83579	83745	intergenic	.	AP012548.1_519,CP001487.1_3833,CP142614.1_237,CP142623.1_1890
contig_17748	205874	206027	intergenic	.	AP012548.1_3940,CP001429.2_3980,CP001487.1_390,CP003000.1_3651,CP142614.1_3663,CP142623.1_2686
contig_17824	2034103	2034220	intergenic	.	AP012548.1_1909,CP001429.2_1917,CP001487.1_2456,CP142614.1_1625,CP142623.1_503
contig_17824	2208026	2208158	intergenic	.	AP012548.1_3441,CP001429.2_3486,CP001487.1_889,CP142614.1_3169,CP142623.1_3185
contig_17889	14289	14384	intergenic	.	CP142614.1_4105,CP142623.1_2245
contig_1792	747461	747671	intergenic	.	CP001487.1_959,CP003000.1_3138,CP142614.1_3102,CP142623.1_3253
contig_17930	1242757	1242967	1248526	gene	AP012548.1_3915,AP012548.1_3916,CP001487.1_415,CP142614.1_3639,CP142623.1_2710,CP142623.1_2711
contig_17930	1242757	1242967	1248526	mRNA	AP012548.1_3915,AP012548.1_3916,CP001487.1_415,CP142614.1_3639,CP142623.1_2710,CP142623.1_2711
contig_17930	1804167	1804258	intergenic	.	CP142614.1_2900,CP142623.1_3449
contig_17930	2802341	2802559	intergenic	.	AP012548.1_141,CP142614.1_4080,CP142614.1_4081,CP142623.1_2269
contig_1796	350049	350199	intergenic	.	CP142614.1_1856
contig_1796	696630	696925	intergenic	.	AP012548.1_711,CP001487.1_3635,CP003000.1_1830,CP142614.1_429,CP142614.1_430
contig_1796	1395097	1395347	1395643	mRNA	AP012548.1_3525,CP001429.2_3568,CP001487.1_807,CP142614.1_3253,CP142614.1_3254,CP142623.1_3101
contig_1796	1395097	1395347	1395668	gene	AP012548.1_3525,CP001429.2_3568,CP001487.1_807,CP142614.1_3253,CP142614.1_3254,CP142623.1_3101
contig_1796	1917103	1917215	1941141	gene	CP142614.1_4100,CP142623.1_2250
contig_1796	1917103	1917215	1941141	mRNA	CP142614.1_4100,CP142623.1_2250
contig_1796	2035974	2036217	intergenic	.	AP012548.1_3717,AP012548.1_3718,CP142614.1_3440,CP142614.1_3441,CP142623.1_2908,CP142623.1_2909
contig_1796	2302218	2302391	intergenic	.	AP012548.1_3736,CP142614.1_3459,CP142623.1_2890
contig_1796	2590402	2590931	intergenic	.	AP012548.1_3873,AP012548.1_3874,AP012548.1_3875,AP012548.1_3876,CP001429.2_3913,CP001429.2_3915,CP001487.1_457,CP142614.1_3597,CP142614.1_3598,CP142614.1_3599,CP142623.1_2750,CP142623.1_2751,CP142623.1_2752,CP142623.1_2753
contig_1796	4916224	4916337	intergenic	.	AP012548.1_3958,CP001487.1_372,CP142614.1_3682
contig_18004	761650	761818	intergenic	.	AP012548.1_1265,AP012548.1_1266,CP142614.1_983,CP142623.1_1145
contig_18044	293344	293592	293548	CDS	AP012548.1_18,CP001429.2_18,CP003000.1_17,CP142614.1_3958,CP142623.1_2392
contig_18044	293344	293592	293548	exon	AP012548.1_18,CP001429.2_18,CP003000.1_17,CP142614.1_3958,CP142623.1_2392
contig_18044	293344	293592	294676	gene	AP012548.1_18,CP001429.2_18,CP003000.1_17,CP142614.1_3958,CP142623.1_2392
contig_18044	293344	293592	294676	mRNA	AP012548.1_18,CP001429.2_18,CP003000.1_17,CP142614.1_3958,CP142623.1_2392
contig_18044	312884	313004	intergenic	.	AP012548.1_3928,AP012548.1_3929,CP142614.1_3652,CP142623.1_2697
contig_18064	267224	267572	291623	gene	AP012548.1_1151,AP012548.1_1737,CP001429.2_1744,CP001487.1_3214,CP003000.1_1431,CP142614.1_869,CP142614.1_870,CP142623.1_1260,CP142623.1_1261,CP142623.1_676
contig_18064	267224	267572	291623	mRNA	AP012548.1_1151,AP012548.1_1737,CP001429.2_1744,CP001487.1_3214,CP003000.1_1431,CP142614.1_869,CP142614.1_870,CP142623.1_1260,CP142623.1_1261,CP142623.1_676
contig_18064	392882	393130	444190	gene	AP012548.1_4117,AP012548.1_4118,CP001429.2_4164,CP001487.1_210,CP003000.1_3825,CP142614.1_3841,CP142623.1_2509
contig_18064	392882	393130	444190	mRNA	AP012548.1_4117,AP012548.1_4118,CP001429.2_4164,CP001487.1_210,CP003000.1_3825,CP142614.1_3841,CP142623.1_2509
contig_18085	1157045	1157302	1164613	gene	AP012548.1_3971,AP012548.1_3972,CP001429.2_4012,CP001487.1_358,CP001487.1_359,CP142614.1_3694,CP142614.1_3695,CP142614.1_3696,CP142623.1_2654,CP142623.1_2655
contig_18085	1157045	1157302	1164613	mRNA	AP012548.1_3971,AP012548.1_3972,CP001429.2_4012,CP001487.1_358,CP001487.1_359,CP142614.1_3694,CP142614.1_3695,CP142614.1_3696,CP142623.1_2654,CP142623.1_2655
contig_18091	202829	203141	204463	mRNA	AP012548.1_2956,AP012548.1_2957,CP001487.1_1371,CP142614.1_2685,CP142614.1_2686,CP142623.1_3667
contig_18091	202829	203141	204676	gene	AP012548.1_2956,AP012548.1_2957,CP001487.1_1371,CP142614.1_2685,CP142614.1_2686,CP142623.1_3667
contig_18091	242963	243106	intergenic	.	AP012548.1_1936
contig_1812	508806	509230	intergenic	.	AP012548.1_3900,AP012548.1_3901,CP001487.1_432,CP142614.1_3622,CP142614.1_3623,CP142614.1_3624,CP142623.1_2725,CP142623.1_2726
contig_1812	651294	651490	651423	CDS	AP012548.1_3101,AP012548.1_3102,CP001429.2_3139,CP001487.1_1226,CP142614.1_2830,CP142623.1_3520
contig_1812	651294	651490	651423	exon	AP012548.1_3101,AP012548.1_3102,CP001429.2_3139,CP001487.1_1226,CP142614.1_2830,CP142623.1_3520
contig_1812	651294	651490	738337	mRNA	AP012548.1_3101,AP012548.1_3102,CP001429.2_3139,CP001487.1_1226,CP142614.1_2830,CP142623.1_3520
contig_1812	651294	651490	739197	gene	AP012548.1_3101,AP012548.1_3102,CP001429.2_3139,CP001487.1_1226,CP142614.1_2830,CP142623.1_3520
contig_1812	934604	934903	945983	mRNA	AP012548.1_176,CP142614.1_4115,CP142614.1_4116,CP142623.1_2234,CP142623.1_2235
contig_1812	934604	934903	946021	gene	AP012548.1_176,CP142614.1_4115,CP142614.1_4116,CP142623.1_2234,CP142623.1_2235
contig_1812	1097988	1098229	1098111	gene	CP001429.2_507,CP142614.1_221,CP142623.1_1905
contig_1812	1097988	1098229	1098111	polyA_signal_sequence	CP001429.2_507,CP142614.1_221,CP142623.1_1905
contig_1812	1098111	1098229	intergenic	.	CP001429.2_507,CP142614.1_221,CP142623.1_1905
contig_1812	1259867	1260122	1265283	gene	AP012548.1_1263,AP012548.1_1264,CP142614.1_980,CP142614.1_981,CP142623.1_1148
contig_1812	1259867	1260122	1265283	mRNA	AP012548.1_1263,AP012548.1_1264,CP142614.1_980,CP142614.1_981,CP142623.1_1148
contig_18138	751549	751762	752126	gene	AP012548.1_1316,AP012548.1_1317,CP001487.1_3048,CP142614.1_1034,CP142623.1_1094,CP142623.1_1095,CP142623.1_1096
contig_18138	751549	751762	752126	mRNA	AP012548.1_1316,AP012548.1_1317,CP001487.1_3048,CP142614.1_1034,CP142623.1_1094,CP142623.1_1095,CP142623.1_1096
contig_18138	981589	981739	1011078	gene	AP012548.1_712
contig_18138	981589	981739	1011078	mRNA	AP012548.1_712
contig_18138	981589	981739	981755	CDS	AP012548.1_712
contig_18138	981589	981739	981755	exon	AP012548.1_712
contig_18138	1030990	1031181	intergenic	.	AP012548.1_1483,AP012548.1_3112,CP001487.1_1216,CP142614.1_1200,CP142614.1_2840,CP142623.1_3510,CP142623.1_928
contig_18198	515285	515599	intergenic	.	AP012548.1_606,CP142614.1_323,CP142623.1_47
contig_18198	580765	580853	intergenic	.	AP012548.1_657,AP012548.1_658,CP142614.1_374,CP142614.1_375,CP142623.1_1756
contig_18198	637419	637545	642653	gene	CP001429.2_3338,CP142623.1_3322
contig_18198	637419	637545	642653	mRNA	CP001429.2_3338,CP142623.1_3322
contig_18198	650823	650903	670973	mRNA	AP012548.1_3279,CP142614.1_3009,CP142623.1_3345
contig_18198	650823	650903	671170	gene	AP012548.1_3279,CP142614.1_3009,CP142623.1_3345
contig_18229	95188	95313	intergenic	.	CP142614.1_3643,CP142623.1_2706
contig_18229	513144	513347	intergenic	.	AP012548.1_1141,CP142614.1_860,CP142623.1_1271
contig_1825	125383	125525	intergenic	.	AP012548.1_1799,CP142614.1_1515,CP142623.1_614
contig_1825	254813	255115	intergenic	.	AP012548.1_3217,AP012548.1_3720,CP142614.1_3443,CP142623.1_2906
contig_18251	222842	223132	303604	mRNA	CP142614.1_1770,CP142623.1_360
contig_18251	222842	223132	303766	gene	CP142614.1_1770,CP142623.1_360
contig_18251	298132	298339	303604	mRNA	AP012548.1_2691,AP012548.1_2692,CP142614.1_2410,CP142614.1_2411,CP142623.1_3930
contig_18251	298132	298339	303766	gene	AP012548.1_2691,AP012548.1_2692,CP142614.1_2410,CP142614.1_2411,CP142623.1_3930
contig_18283	131321	131690	intergenic	.	AP012548.1_1321,AP012548.1_1539,AP012548.1_417,CP001429.2_3821,CP142614.1_1039,CP142614.1_1256,CP142614.1_136,CP142623.1_1090,CP142623.1_1991,CP142623.1_872
contig_18283	146275	146580	intergenic	.	AP012548.1_611,AP012548.1_612,AP012548.1_613,CP001429.2_624,CP001487.1_3733,CP142614.1_328,CP142614.1_329,CP142614.1_330,CP142623.1_1801,CP142623.1_1802,CP142623.1_1803
contig_1830	236844	236994	249462	mRNA	CP142623.1_3828
contig_1830	236844	236994	249939	gene	CP142623.1_3828
contig_18388	451376	451511	intergenic	.	CP001487.1_1585,CP001487.1_603,CP142614.1_2459,CP142623.1_3882
contig_1842	195428	195599	intergenic	.	AP012548.1_2132,AP012548.1_65,CP142614.1_1849,CP142614.1_4005,CP142623.1_2345,CP142623.1_279
contig_18420	124806	125010	163848	mRNA	AP012548.1_1451,CP001487.1_2914,CP142614.1_1168,CP142623.1_960
contig_18420	124806	125010	164074	gene	AP012548.1_1451,CP001487.1_2914,CP142614.1_1168,CP142623.1_960
contig_18432	193278	193750	intergenic	.	AP012548.1_2195,AP012548.1_2232,AP012548.1_3045,AP012548.1_3046,AP012548.1_3103,CP001429.2_3083,CP003000.1_2879,CP142614.1_1912,CP142614.1_1949,CP142614.1_2774,CP142614.1_2832,CP142623.1_180,CP142623.1_217,CP142623.1_3576,CP142623.1_3577
contig_18467	2721	2919	2951	CDS	AP012548.1_2812,CP003000.1_2602,CP142614.1_2541,CP142623.1_3810,CP142623.1_3811
contig_18467	2721	2919	2951	exon	AP012548.1_2812,CP003000.1_2602,CP142614.1_2541,CP142623.1_3810,CP142623.1_3811
contig_18467	2721	2919	2951	gene	AP012548.1_2812,CP003000.1_2602,CP142614.1_2541,CP142623.1_3810,CP142623.1_3811
contig_18467	2721	2919	2951	mRNA	AP012548.1_2812,CP003000.1_2602,CP142614.1_2541,CP142623.1_3810,CP142623.1_3811
contig_1847	392431	392632	intergenic	.	AP012548.1_1497,CP001429.2_1504,CP001487.1_2867,CP142614.1_1214,CP142623.1_914
contig_18490	340528	340669	389042	gene	AP012548.1_1050,CP001487.1_3315
contig_18490	340528	340669	389042	mRNA	AP012548.1_1050,CP001487.1_3315
contig_18490	549623	549736	564633	gene	AP012548.1_2197,CP001487.1_2169,CP142614.1_1913,CP142614.1_1914,CP142623.1_215
contig_18490	549623	549736	564633	mRNA	AP012548.1_2197,CP001487.1_2169,CP142614.1_1913,CP142614.1_1914,CP142623.1_215
contig_18490	550048	550171	564633	gene	AP012548.1_2197,AP012548.1_2198,CP001487.1_2168,CP142614.1_1914,CP142614.1_1915,CP142623.1_214
contig_18490	550048	550171	564633	mRNA	AP012548.1_2197,AP012548.1_2198,CP001487.1_2168,CP142614.1_1914,CP142614.1_1915,CP142623.1_214
contig_18536	137683	137797	156681	mRNA	CP001487.1_3927,CP142623.1_1984
contig_18536	137683	137797	156794	gene	CP001487.1_3927,CP142623.1_1984
contig_18550	195808	196069	199978	mRNA	AP012548.1_2293,AP012548.1_3168,CP001487.1_2073,CP142614.1_2010,CP142614.1_2896,CP142614.1_2897,CP142623.1_118,CP142623.1_119,CP142623.1_3452
contig_18550	195808	196069	200014	gene	AP012548.1_2293,AP012548.1_3168,CP001487.1_2073,CP142614.1_2010,CP142614.1_2896,CP142614.1_2897,CP142623.1_118,CP142623.1_119,CP142623.1_3452
contig_18550	705813	706099	728940	mRNA	AP012548.1_3426,AP012548.1_3427,CP001429.2_3470,CP001487.1_904,CP142614.1_3156,CP142614.1_3157,CP142623.1_3198,CP142623.1_3199
contig_18550	705813	706099	729349	gene	AP012548.1_3426,AP012548.1_3427,CP001429.2_3470,CP001487.1_904,CP142614.1_3156,CP142614.1_3157,CP142623.1_3198,CP142623.1_3199
contig_18550	735334	735456	intergenic	.	AP012548.1_2628
contig_1859	1308085	1308533	intergenic	.	AP012548.1_3773,AP012548.1_3774,CP001429.2_3811,CP001429.2_3812,CP001429.2_3813,CP001487.1_554,CP001487.1_556,CP003000.1_3529,CP142614.1_3496,CP142614.1_3498,CP142623.1_2852,CP142623.1_2853
contig_18601	26788	26881	intergenic	.	AP012548.1_316,CP142614.1_32,CP142623.1_2093
contig_18601	44451	44588	intergenic	.	AP012548.1_1625
contig_18601	198502	198889	intergenic	.	AP012548.1_3615,CP001429.2_3659,CP142614.1_3344,CP142623.1_3011,CP142623.1_3012,CP142623.1_523
contig_18601	350984	351228	intergenic	.	AP012548.1_3502,AP012548.1_729,CP142614.1_3230,CP142614.1_447,CP142623.1_3125
contig_18601	425189	425539	intergenic	.	AP012548.1_1974,CP001487.1_2391,CP142614.1_1689,CP142614.1_1690,CP142623.1_438,CP142623.1_439
contig_18601	490446	490684	intergenic	.	AP012548.1_2938,AP012548.1_2939,AP012548.1_4188,CP001487.1_1388,CP003000.1_2717,CP003000.1_2830,CP142614.1_2668,CP142614.1_3912,CP142623.1_2438,CP142623.1_3568,CP142623.1_3684,CP142623.1_3685
contig_18601	490446	491141	490690	polyA_signal_sequence	AP012548.1_2938,AP012548.1_2939,AP012548.1_4188,CP001487.1_1388,CP003000.1_2717,CP003000.1_2830,CP142614.1_2668,CP142614.1_3912,CP142623.1_2438,CP142623.1_3568,CP142623.1_3684,CP142623.1_3685
contig_18601	490446	491141	490829	stop_codon	AP012548.1_2938,AP012548.1_2939,AP012548.1_4188,CP001487.1_1388,CP003000.1_2717,CP003000.1_2830,CP142614.1_2668,CP142614.1_3912,CP142623.1_2438,CP142623.1_3568,CP142623.1_3684,CP142623.1_3685
contig_18601	490446	491141	490945	CDS	AP012548.1_2938,AP012548.1_2939,AP012548.1_4188,CP001487.1_1388,CP003000.1_2717,CP003000.1_2830,CP142614.1_2668,CP142614.1_3912,CP142623.1_2438,CP142623.1_3568,CP142623.1_3684,CP142623.1_3685
contig_18601	490446	491141	490945	exon	AP012548.1_2938,AP012548.1_2939,AP012548.1_4188,CP001487.1_1388,CP003000.1_2717,CP003000.1_2830,CP142614.1_2668,CP142614.1_3912,CP142623.1_2438,CP142623.1_3568,CP142623.1_3684,CP142623.1_3685
contig_18601	490446	491141	588558	gene	AP012548.1_2938,AP012548.1_2939,AP012548.1_4188,CP001487.1_1388,CP003000.1_2717,CP003000.1_2830,CP142614.1_2668,CP142614.1_3912,CP142623.1_2438,CP142623.1_3568,CP142623.1_3684,CP142623.1_3685
contig_18601	490446	491141	588558	mRNA	AP012548.1_2938,AP012548.1_2939,AP012548.1_4188,CP001487.1_1388,CP003000.1_2717,CP003000.1_2830,CP142614.1_2668,CP142614.1_3912,CP142623.1_2438,CP142623.1_3568,CP142623.1_3684,CP142623.1_3685
contig_18618	192639	192812	intergenic	.	AP012548.1_469,CP142614.1_187,CP142614.1_188,CP142623.1_1939,CP142623.1_1940
contig_18627	1230586	1230732	intergenic	.	AP012548.1_3951,CP142614.1_3674,CP142623.1_2675,CP142623.1_2676
contig_1864	532186	532382	intergenic	.	AP012548.1_4047,CP001487.1_283,CP142614.1_3770,CP142623.1_2579
contig_1864	1091185	1091354	intergenic	.	AP012548.1_1984,CP001487.1_2382,CP142614.1_1699,CP142623.1_429
contig_1864	1321325	1321602	intergenic	.	AP012548.1_4199,CP142614.1_3922,CP142614.1_3923,CP142623.1_2427,CP142623.1_2428
contig_18691	632713	632972	intergenic	.	AP012548.1_2309,AP012548.1_623,CP001487.1_2057,CP001487.1_3722,CP142614.1_2026,CP142614.1_340,CP142623.1_103,CP142623.1_1791
contig_18708	62540	62771	intergenic	.	AP012548.1_2587,CP142614.1_2307,CP142623.1_4034
contig_18708	83218	83511	intergenic	.	AP012548.1_1888,AP012548.1_2937,CP001429.2_2974,CP001487.1_1389,CP003000.1_2715,CP142614.1_1604,CP142614.1_2666,CP142614.1_2667,CP142623.1_3686,CP142623.1_524
contig_18751	910999	911207	intergenic	.	AP012548.1_3307,CP001429.2_3343,CP001487.1_1023,CP142614.1_3037,CP142614.1_6,CP142623.1_3317
contig_18761	15	110	intergenic	.	AP012548.1_2380,CP142623.1_32
contig_18792	278321	278473	intergenic	.	AP012548.1_1257,CP142614.1_974,CP142623.1_1154
contig_18792	448157	448321	452611	mRNA	AP012548.1_2935,CP001487.1_1391,CP003000.1_2713,CP142614.1_2664,CP142623.1_3688
contig_18792	448157	448321	453678	gene	AP012548.1_2935,CP001487.1_1391,CP003000.1_2713,CP142614.1_2664,CP142623.1_3688
contig_18810	1048411	1048647	intergenic	.	AP012548.1_1986,AP012548.1_1987,CP001487.1_2378,CP142614.1_1702,CP142614.1_1703,CP142623.1_425,CP142623.1_426,CP142623.1_427
contig_18827	445930	446128	449101	mRNA	AP012548.1_1913,CP142614.1_1629,CP142623.1_499
contig_18827	445930	446128	450989	gene	AP012548.1_1913,CP142614.1_1629,CP142623.1_499
contig_18827	556794	556895	591643	gene	AP012548.1_3449,CP142614.1_3177
contig_18827	556794	556895	591643	mRNA	AP012548.1_3449,CP142614.1_3177
contig_1887	223500	223800	263761	mRNA	CP142614.1_2529,CP142614.1_2530
contig_1887	223500	223800	264455	gene	CP142614.1_2529,CP142614.1_2530
contig_1887	280448	280553	300282	mRNA	AP012548.1_3012,CP142623.1_3610
contig_1887	280448	280553	300384	gene	AP012548.1_3012,CP142623.1_3610
contig_1887	483358	483530	intergenic	.	AP012548.1_3728,CP142614.1_3451
contig_1887	619406	619556	intergenic	.	AP012548.1_3891
contig_1887	869555	870017	intergenic	.	AP012548.1_109,AP012548.1_1288,CP001487.1_3,CP003000.1_108,CP142614.1_1005,CP142614.1_4049,CP142623.1_1123,CP142623.1_2301,CP142623.1_3626
contig_18870	8168	8411	23048	mRNA	AP012548.1_3827,AP012548.1_3828,CP001429.2_3867,CP001487.1_502,CP142614.1_3551,CP142623.1_2798,CP142623.1_2799
contig_18870	8168	8411	23308	gene	AP012548.1_3827,AP012548.1_3828,CP001429.2_3867,CP001487.1_502,CP142614.1_3551,CP142623.1_2798,CP142623.1_2799
contig_18910	198566	198656	intergenic	.	CP001487.1_3815,CP003000.1_1958,CP142614.1_251,CP142623.1_1880
contig_18910	342909	343015	intergenic	.	AP012548.1_2210,CP001487.1_2155,CP142614.1_1927,CP142623.1_202
contig_18910	553187	553326	intergenic	.	AP012548.1_778,CP001487.1_3569,CP142623.1_1636
contig_1894	73611	73989	intergenic	.	AP012548.1_2512,AP012548.1_2513,AP012548.1_2515,CP001487.1_1854,CP003000.1_2260,CP142614.1_2230,CP142614.1_2231,CP142623.1_4110
contig_19	885180	885413	intergenic	.	AP012548.1_2094,AP012548.1_2095,CP001429.2_2103,CP001487.1_2272,CP003000.1_572,CP142614.1_1811,CP142614.1_1812,CP142623.1_317,CP142623.1_318
contig_19	1679133	1679321	intergenic	.	AP012548.1_3580,CP142614.1_3309
contig_19071	342125	342266	intergenic	.	AP012548.1_52,CP142614.1_3992,CP142623.1_2358
contig_19099	69951	70030	intergenic	.	AP012548.1_3911,CP142623.1_2715
contig_19099	157356	157832	158162	gene	AP012548.1_82,AP012548.1_83,CP001487.1_30,CP003000.1_83,CP142614.1_4021,CP142614.1_4022,CP142623.1_2328
contig_19099	157356	157832	158162	mRNA	AP012548.1_82,AP012548.1_83,CP001487.1_30,CP003000.1_83,CP142614.1_4021,CP142614.1_4022,CP142623.1_2328
contig_19099	600269	600369	intergenic	.	CP142614.1_29,CP142623.1_2096
contig_19099	760914	761006	intergenic	.	AP012548.1_1788,CP001487.1_2576,CP142614.1_1504,CP142623.1_624
contig_19099	1226694	1226980	1230740	gene	AP012548.1_344,AP012548.1_345,CP001429.2_348,CP001487.1_4014,CP001487.1_4015,CP142614.1_61,CP142614.1_62,CP142614.1_63,CP142623.1_2064,CP142623.1_2065
contig_19099	1226694	1226980	1230740	mRNA	AP012548.1_344,AP012548.1_345,CP001429.2_348,CP001487.1_4014,CP001487.1_4015,CP142614.1_61,CP142614.1_62,CP142614.1_63,CP142623.1_2064,CP142623.1_2065
contig_19099	1255237	1255540	1255337	CDS	AP012548.1_940,CP001487.1_2470,CP142614.1_732,CP142623.1_1399,CP142623.1_518
contig_19099	1255237	1255540	1255337	exon	AP012548.1_940,CP001487.1_2470,CP142614.1_732,CP142623.1_1399,CP142623.1_518
contig_19099	1255237	1255540	1294455	gene	AP012548.1_940,CP001487.1_2470,CP142614.1_732,CP142623.1_1399,CP142623.1_518
contig_19099	1255237	1255540	1294455	mRNA	AP012548.1_940,CP001487.1_2470,CP142614.1_732,CP142623.1_1399,CP142623.1_518
contig_19137	191099	191249	intergenic	.	AP012548.1_1226
contig_19137	280385	280846	intergenic	.	AP012548.1_3394,AP012548.1_3395,AP012548.1_3396,AP012548.1_3397,CP001487.1_936,CP003000.1_3160,CP142614.1_3125,CP142614.1_3126,CP142623.1_3228,CP142623.1_3229,CP142623.1_3230
contig_19176	925271	925642	intergenic	.	AP012548.1_3458,AP012548.1_3459,CP142614.1_3186,CP142614.1_3187,CP142614.1_3188,CP142623.1_3167,CP142623.1_3168,CP142623.1_3169
contig_19182	21458	21842	intergenic	.	AP012548.1_1773,AP012548.1_2159,AP012548.1_399,CP001487.1_3952,CP142614.1_116,CP142614.1_117,CP142614.1_1489,CP142614.1_1876,CP142614.1_1944,CP142623.1_2010
contig_1923	97631	97790	intergenic	.	AP012548.1_3486,AP012548.1_3487,CP142614.1_3215,CP142623.1_3140
contig_1923	368992	369074	417141	gene	CP001429.2_2370,CP001487.1_2011,CP142614.1_2074
contig_1923	368992	369074	417141	mRNA	CP001429.2_2370,CP001487.1_2011,CP142614.1_2074
contig_19242	174092	174180	175773	mRNA	AP012548.1_3170,CP142623.1_3450
contig_19242	174092	174180	176235	gene	AP012548.1_3170,CP142623.1_3450
contig_19244	337280	337510	intergenic	.	AP012548.1_2880,CP142614.1_2609,CP142614.1_2610,CP142623.1_3743
contig_19274	54962	55278	intergenic	.	AP012548.1_802,CP142614.1_520,CP142623.1_3192
contig_19274	269567	269776	269837	CDS	CP001429.2_3442,CP001487.1_933,CP003000.1_3165,CP142614.1_3127,CP142623.1_3227
contig_19274	269567	269776	269837	exon	CP001429.2_3442,CP001487.1_933,CP003000.1_3165,CP142614.1_3127,CP142623.1_3227
contig_19274	269567	269776	269837	mRNA	CP001429.2_3442,CP001487.1_933,CP003000.1_3165,CP142614.1_3127,CP142623.1_3227
contig_19274	269567	269776	270341	gene	CP001429.2_3442,CP001487.1_933,CP003000.1_3165,CP142614.1_3127,CP142623.1_3227
contig_19274	316387	316519	intergenic	.	CP142614.1_2917,CP142623.1_3432
contig_19274	366442	366663	intergenic	.	AP012548.1_974,AP012548.1_975,CP001429.2_963,CP142614.1_692,CP142614.1_693,CP142623.1_1438,CP142623.1_1439
contig_19274	408873	409098	intergenic	.	AP012548.1_2222,AP012548.1_2223,CP001487.1_2143,CP142614.1_1940,CP142623.1_189
contig_19274	765741	766225	intergenic	.	AP012548.1_1566,AP012548.1_3429,AP012548.1_3430,CP001429.2_1573,CP001429.2_3473,CP001487.1_900,CP142614.1_1283,CP142614.1_3159,CP142614.1_3160,CP142623.1_3194,CP142623.1_3195
contig_19322	148623	148716	intergenic	.	AP012548.1_3214,AP012548.1_3215,CP142614.1_2943,CP142623.1_3406
contig_19322	522208	522667	542718	mRNA	AP012548.1_1125,CP142614.1_421,CP142614.1_800,CP142614.1_843,CP142614.1_844,CP142623.1_1287,CP142623.1_1330
contig_19322	522208	522667	542738	gene	AP012548.1_1125,CP142614.1_421,CP142614.1_800,CP142614.1_843,CP142614.1_844,CP142623.1_1287,CP142623.1_1330
contig_19322	587387	587466	605245	mRNA	AP012548.1_2489,CP142623.1_4133
contig_19322	587387	587466	605422	gene	AP012548.1_2489,CP142623.1_4133
contig_19365	469474	469578	intergenic	.	AP012548.1_793,AP012548.1_794,CP142614.1_511,CP142623.1_1620
contig_1940	40180	40386	intergenic	.	AP012548.1_1891,CP142614.1_1607,CP142623.1_522
contig_1940	186342	187023	intergenic	.	AP012548.1_1540,AP012548.1_2595,AP012548.1_4079,AP012548.1_4080,CP001487.1_252,CP142614.1_1256,CP142614.1_1257,CP142614.1_2314,CP142614.1_3802,CP142614.1_3803,CP142623.1_1262,CP142623.1_2546,CP142623.1_2547,CP142623.1_2548,CP142623.1_4027,CP142623.1_872
contig_1940	234444	235021	intergenic	.	AP012548.1_2128,AP012548.1_3453,AP012548.1_3454,AP012548.1_3455,CP001487.1_875,CP142614.1_1845,CP142614.1_3181,CP142614.1_3182,CP142614.1_3183,CP142623.1_283,CP142623.1_284,CP142623.1_3171,CP142623.1_3172,CP142623.1_3173
contig_1940	278947	279157	281541	mRNA	AP012548.1_3739,AP012548.1_3740,CP142614.1_3462,CP142623.1_2886,CP142623.1_2887
contig_1940	278947	279157	281567	gene	AP012548.1_3739,AP012548.1_3740,CP142614.1_3462,CP142623.1_2886,CP142623.1_2887
contig_19512	58547	58718	intergenic	.	AP012548.1_1552,AP012548.1_1553,CP001487.1_2813,CP142614.1_1269,CP142623.1_859
contig_19512	59366	59467	intergenic	.	AP012548.1_2039,CP001487.1_2327,CP142614.1_1755,CP142623.1_374
contig_19565	15307	15441	47184	mRNA	AP012548.1_10,CP142614.1_1120,CP142614.1_3950,CP142623.1_2400
contig_19565	15307	15441	47204	gene	AP012548.1_10,CP142614.1_1120,CP142614.1_3950,CP142623.1_2400
contig_19565	402932	403107	intergenic	.	AP012548.1_3350,CP142614.1_3081,CP142623.1_3274
contig_19565	480736	480905	intergenic	.	AP012548.1_3009,CP142614.1_2738,CP142623.1_3613
contig_19565	609246	609417	intergenic	.	AP012548.1_507,CP142614.1_225,CP142623.1_1901
contig_19569	73185	73504	73263	CDS	AP012548.1_2533,AP012548.1_993,CP142614.1_890
contig_19569	73185	73504	73263	exon	AP012548.1_2533,AP012548.1_993,CP142614.1_890
contig_19569	73185	73504	73263	mRNA	AP012548.1_2533,AP012548.1_993,CP142614.1_890
contig_19569	73185	73504	73263	stop_codon	AP012548.1_2533,AP012548.1_993,CP142614.1_890
contig_19569	73185	73504	73279	gene	AP012548.1_2533,AP012548.1_993,CP142614.1_890
contig_19569	73185	73504	73279	polyA_signal_sequence	AP012548.1_2533,AP012548.1_993,CP142614.1_890
contig_19569	73279	73504	intergenic	.	AP012548.1_2533,AP012548.1_993,CP142614.1_890
contig_1957	419081	419330	intergenic	.	AP012548.1_2846,AP012548.1_4018,CP142614.1_2575,CP142614.1_3741,CP142623.1_2608,CP142623.1_3776
contig_19579	181823	182029	intergenic	.	AP012548.1_2900,CP001487.1_1425,CP142614.1_2629,CP142623.1_3723,CP142623.1_3724
contig_19579	912713	913041	intergenic	.	AP012548.1_3185,AP012548.1_3186,AP012548.1_3667,AP012548.1_3668,CP001487.1_664,CP142614.1_2914,CP142614.1_2915,CP142614.1_3390,CP142614.1_3391,CP142623.1_2958,CP142623.1_2959,CP142623.1_3434,CP142623.1_3435
contig_19579	1158268	1158421	1167767	gene	AP012548.1_2252,AP012548.1_2586,CP001487.1_2115,CP142614.1_1969,CP142614.1_2305,CP142623.1_160,CP142623.1_4036
contig_19579	1158268	1158421	1167767	mRNA	AP012548.1_2252,AP012548.1_2586,CP001487.1_2115,CP142614.1_1969,CP142614.1_2305,CP142623.1_160,CP142623.1_4036
contig_19615	689591	689701	intergenic	.	CP001429.2_3962,CP142614.1_3646,CP142623.1_2703
contig_19668	179815	180004	252178	mRNA	AP012548.1_466,AP012548.1_467,CP001487.1_3885,CP142614.1_184,CP142614.1_185,CP142623.1_1941,CP142623.1_1942
contig_19668	179815	180004	252186	gene	AP012548.1_466,AP012548.1_467,CP001487.1_3885,CP142614.1_184,CP142614.1_185,CP142623.1_1941,CP142623.1_1942
contig_19668	452378	452587	intergenic	.	AP012548.1_548,CP001487.1_3796,CP003000.1_1939,CP142614.1_266,CP142623.1_1865
contig_1970	97674	97927	intergenic	.	AP012548.1_2137,AP012548.1_2138,CP001429.2_2146,CP142614.1_1854,CP142614.1_1855,CP142623.1_274
contig_19749	72704	73028	intergenic	.	AP012548.1_1227,AP012548.1_1880,CP001487.1_3137,CP142614.1_1596,CP142623.1_532
contig_19749	407364	407538	intergenic	.	AP012548.1_1000,CP142614.1_719,CP142623.1_1412
contig_19749	421188	421280	intergenic	.	CP142614.1_2818,CP142623.1_3532
contig_19749	477042	477133	intergenic	.	AP012548.1_2647,CP001487.1_1677,CP142614.1_2366,CP142623.1_3975
contig_19749	477540	477751	intergenic	.	AP012548.1_2645,AP012548.1_2647,CP142614.1_2365,CP142614.1_2366,CP142623.1_3975,CP142623.1_3976
contig_19749	517721	517828	intergenic	.	AP012548.1_3015,CP142614.1_2744,CP142623.1_3607
contig_19754	183229	183326	intergenic	.	AP012548.1_862,CP142614.1_580
contig_19754	439320	439615	intergenic	.	AP012548.1_2563,CP142614.1_2281,CP142614.1_560,CP142623.1_4060
contig_19754	593541	593630	intergenic	.	AP012548.1_3298,CP001429.2_3334,CP142614.1_3028,CP142623.1_3326
contig_19754	911326	911595	intergenic	.	AP012548.1_1339,CP003000.1_1244,CP142614.1_1056,CP142623.1_1072,CP142623.1_1073
contig_19754	1052740	1052838	intergenic	.	AP012548.1_2927,CP142614.1_2656,CP142623.1_3696
contig_19883	137339	137492	intergenic	.	AP012548.1_1041,CP003000.1_1541,CP142614.1_760
contig_19905	8602	8697	intergenic	.	CP142614.1_2342,CP142623.1_3999
contig_19925	61701	61826	intergenic	.	CP142614.1_3528,CP142623.1_2821,CP142623.1_2822
contig_19934	61443	61593	intergenic	.	CP142623.1_2932
contig_19934	99814	100039	intergenic	.	AP012548.1_2539,AP012548.1_2540,CP001429.2_2555,CP001487.1_1828,CP003000.1_2287,CP003000.1_2288,CP142614.1_2258,CP142614.1_2259,CP142623.1_4082,CP142623.1_4083
contig_19934	111295	111514	intergenic	.	AP012548.1_2356,CP003000.1_2113,CP142614.1_2075,CP142623.1_56
contig_19934	118382	118617	intergenic	.	AP012548.1_243,CP142614.1_4183,CP142623.1_2167,CP142623.1_2168
contig_19937	878895	879047	intergenic	.	CP142614.1_1407
contig_19937	1051766	1051970	intergenic	.	AP012548.1_762,CP001487.1_3586,CP142614.1_480,CP142623.1_1652
contig_19937	1127071	1127312	intergenic	.	AP012548.1_1461,AP012548.1_1462,CP142614.1_1178,CP142614.1_1179
contig_19937	1895396	1895686	intergenic	.	AP012548.1_1976,CP142614.1_1692,CP142623.1_435,CP142623.1_436
contig_19954	120173	120671	120220	CDS	AP012548.1_1538,AP012548.1_2556,CP001487.1_1791,CP001487.1_2827,CP003000.1_2323,CP142614.1_1254,CP142614.1_1255,CP142623.1_873,CP142623.1_874
contig_19954	120173	120671	120220	exon	AP012548.1_1538,AP012548.1_2556,CP001487.1_1791,CP001487.1_2827,CP003000.1_2323,CP142614.1_1254,CP142614.1_1255,CP142623.1_873,CP142623.1_874
contig_19954	120173	120671	120678	CDS	AP012548.1_1538,AP012548.1_2556,CP001487.1_1791,CP001487.1_2827,CP003000.1_2323,CP142614.1_1254,CP142614.1_1255,CP142623.1_873,CP142623.1_874
contig_19954	120173	120671	120678	exon	AP012548.1_1538,AP012548.1_2556,CP001487.1_1791,CP001487.1_2827,CP003000.1_2323,CP142614.1_1254,CP142614.1_1255,CP142623.1_873,CP142623.1_874
contig_19954	120173	120671	120678	mRNA	AP012548.1_1538,AP012548.1_2556,CP001487.1_1791,CP001487.1_2827,CP003000.1_2323,CP142614.1_1254,CP142614.1_1255,CP142623.1_873,CP142623.1_874
contig_19954	120173	120671	121061	gene	AP012548.1_1538,AP012548.1_2556,CP001487.1_1791,CP001487.1_2827,CP003000.1_2323,CP142614.1_1254,CP142614.1_1255,CP142623.1_873,CP142623.1_874
contig_19954	221294	221376	intergenic	.	AP012548.1_4111,CP142614.1_3834,CP142623.1_2516
contig_19954	330457	330611	intergenic	.	CP001429.2_1487,CP001487.1_2884,CP142623.1_932
contig_19954	455210	455496	intergenic	.	AP012548.1_3663,CP142623.1_2962,CP142623.1_2963
contig_19967	573484	573655	576510	mRNA	AP012548.1_3716,CP001487.1_616,CP003000.1_3471,CP142614.1_3439,CP142623.1_2910
contig_19967	573484	573655	576555	gene	AP012548.1_3716,CP001487.1_616,CP003000.1_3471,CP142614.1_3439,CP142623.1_2910
contig_19967	782377	782589	intergenic	.	AP012548.1_1676,CP003000.1_976,CP142614.1_1391,CP142614.1_1392,CP142623.1_737,CP142623.1_738
contig_1997	92109	92556	intergenic	.	CP001487.1_555,CP003000.1_3530,CP142614.1_3497,CP142614.1_3499,CP142623.1_2850
contig_1997	138132	138274	intergenic	.	AP012548.1_2928,CP142614.1_2657,CP142623.1_3696
contig_1997	333958	334319	intergenic	.	AP012548.1_1330,CP001487.1_3034,CP003000.1_1253,CP142614.1_1046,CP142614.1_1047,CP142623.1_1081,CP142623.1_1083
contig_1997	461458	461650	intergenic	.	AP012548.1_3367,CP142614.1_3097
contig_19991	286723	286811	intergenic	.	CP142614.1_2422,CP142623.1_3919
contig_20106	162456	162621	intergenic	.	CP001429.2_1931,CP001487.1_2442,CP003000.1_728,CP142623.1_489
contig_20128	48705	48841	intergenic	.	AP012548.1_895,CP001487.1_3451,CP142614.1_613,CP142623.1_1519
contig_20149	115559	115671	intergenic	.	CP142614.1_657
contig_20229	266416	266519	intergenic	.	AP012548.1_2274,CP001487.1_2092,CP142614.1_1991,CP142623.1_138
contig_2024	5670	5831	intergenic	.	CP142614.1_897,CP142623.1_1232
contig_2024	13923	14112	intergenic	.	AP012548.1_2397,CP001429.2_2412,CP001487.1_1969,CP142614.1_2115,CP142614.1_2116,CP142623.1_15
contig_2025	419548	419628	422863	gene	AP012548.1_1724,CP142614.1_1440,CP142623.1_689
contig_2025	419548	419628	422863	mRNA	AP012548.1_1724,CP142614.1_1440,CP142623.1_689
contig_20343	607728	607949	607950	CDS	AP012548.1_3523,AP012548.1_3524,CP142614.1_3251,CP142614.1_3252,CP142623.1_3103,CP142623.1_3104
contig_20343	607728	607949	607950	exon	AP012548.1_3523,AP012548.1_3524,CP142614.1_3251,CP142614.1_3252,CP142623.1_3103,CP142623.1_3104
contig_20343	607728	607949	607950	mRNA	AP012548.1_3523,AP012548.1_3524,CP142614.1_3251,CP142614.1_3252,CP142623.1_3103,CP142623.1_3104
contig_20343	607728	607949	607950	stop_codon	AP012548.1_3523,AP012548.1_3524,CP142614.1_3251,CP142614.1_3252,CP142623.1_3103,CP142623.1_3104
contig_20343	607728	607949	608078	gene	AP012548.1_3523,AP012548.1_3524,CP142614.1_3251,CP142614.1_3252,CP142623.1_3103,CP142623.1_3104
contig_20343	1444635	1445019	intergenic	.	CP001429.2_2918,CP142614.1_2615,CP142614.1_2616,CP142623.1_3736,CP142623.1_3737
contig_20433	162931	163146	intergenic	.	AP012548.1_1570,CP001429.2_1577,CP142614.1_1287,CP142623.1_842
contig_20438	234600	234763	intergenic	.	AP012548.1_796,AP012548.1_797,CP142614.1_514,CP142614.1_515,CP142623.1_1617,CP142623.1_1618
contig_20438	580007	580153	intergenic	.	AP012548.1_359,CP142614.1_77,CP142623.1_2049
contig_20459	222723	223413	intergenic	.	AP012548.1_1894,AP012548.1_2184,AP012548.1_2185,AP012548.1_330,CP001429.2_1901,CP001429.2_2193,CP001429.2_334,CP001487.1_2180,CP001487.1_2181,CP001487.1_2471,CP142614.1_1609,CP142614.1_1610,CP142614.1_1902,CP142614.1_47,CP142623.1_2078,CP142623.1_2079,CP142623.1_226,CP142623.1_227,CP142623.1_519
contig_2046	232386	232903	intergenic	.	AP012548.1_2213,AP012548.1_2690,AP012548.1_851,CP142614.1_1930,CP142614.1_2409,CP142623.1_198,CP142623.1_3931
contig_2046	669052	669210	intergenic	.	AP012548.1_640,AP012548.1_641,CP001487.1_3705,CP142614.1_357,CP142614.1_358,CP142623.1_1773,CP142623.1_1774
contig_2046	759412	759846	intergenic	.	AP012548.1_1228,AP012548.1_1229,AP012548.1_1230,CP142614.1_945,CP142614.1_946,CP142614.1_947,CP142623.1_1182,CP142623.1_1183,CP142623.1_1184
contig_2046	978110	978406	intergenic	.	AP012548.1_1231,AP012548.1_1232,AP012548.1_1233,CP142614.1_949,CP142614.1_950,CP142623.1_1179
contig_2046	1058259	1058750	intergenic	.	AP012548.1_1079,AP012548.1_2194,AP012548.1_2679,CP001429.2_2713,CP001487.1_2172,CP001487.1_3286,CP142614.1_1910,CP142614.1_2398,CP142614.1_798,CP142623.1_1332,CP142623.1_1333,CP142623.1_218,CP142623.1_3942,CP142623.1_3943
contig_2046	1072433	1072768	intergenic	.	AP012548.1_1754,AP012548.1_1755,CP001429.2_1763,CP001487.1_2611,CP142614.1_1470,CP142614.1_1471,CP142623.1_658,CP142623.1_659
contig_20501	40552	40674	intergenic	.	CP142623.1_1039
contig_20542	479931	480256	482088	gene	AP012548.1_2774,AP012548.1_801,CP001429.2_2807,CP001487.1_3545,CP142614.1_2493,CP142614.1_519,CP142623.1_1612,CP142623.1_3848
contig_20542	479931	480256	482088	mRNA	AP012548.1_2774,AP012548.1_801,CP001429.2_2807,CP001487.1_3545,CP142614.1_2493,CP142614.1_519,CP142623.1_1612,CP142623.1_3848
contig_20542	609784	610024	614308	gene	AP012548.1_2063,AP012548.1_2064,CP001429.2_2071,CP003000.1_602,CP142614.1_1781,CP142623.1_348
contig_20542	609784	610024	614308	mRNA	AP012548.1_2063,AP012548.1_2064,CP001429.2_2071,CP003000.1_602,CP142614.1_1781,CP142623.1_348
contig_20542	790173	790373	intergenic	.	AP012548.1_2601,CP142614.1_2320,CP142623.1_4020,CP142623.1_4021
contig_20560	192955	193258	intergenic	.	AP012548.1_598,AP012548.1_599,CP001429.2_611,CP001487.1_3746,CP001487.1_3747,CP003000.1_1898,CP142614.1_315,CP142614.1_316,CP142623.1_1814,CP142623.1_1815,CP142623.1_1816
contig_20560	508596	508711	521901	mRNA	CP001487.1_747,CP142614.1_3313,CP142623.1_3042
contig_20560	508596	508711	521950	gene	CP001487.1_747,CP142614.1_3313,CP142623.1_3042
contig_20603	22614	22690	intergenic	.	CP001429.2_3928
contig_2062	5692	6092	intergenic	.	AP012548.1_3889,AP012548.1_3890,CP001429.2_3929,CP001429.2_3930,CP001487.1_441,CP142614.1_3613,CP142614.1_3614,CP142623.1_2735,CP142623.1_2736,CP142623.1_2737
contig_2062	79006	79200	intergenic	.	AP012548.1_1996,CP001487.1_2370,CP142614.1_1711,CP142614.1_1712,CP142623.1_417
contig_2062	297173	297357	372581	gene	AP012548.1_3996,CP001429.2_4036,CP142623.1_2630
contig_2062	297173	297357	372581	mRNA	AP012548.1_3996,CP001429.2_4036,CP142623.1_2630
contig_20704	104376	104536	intergenic	.	AP012548.1_3781,CP001429.2_3820,CP001487.1_548,CP003000.1_3537,CP142614.1_3505,CP142623.1_2845
contig_20704	955544	955802	intergenic	.	AP012548.1_3475,AP012548.1_3476,CP001429.2_3518,CP001429.2_3519,CP001487.1_856,CP003000.1_3240,CP003000.1_3241,CP142614.1_3203,CP142614.1_3204,CP142623.1_3151,CP142623.1_3152
contig_20704	1113124	1113278	1221762	gene	AP012548.1_2955,CP003000.1_2733,CP142614.1_2684,CP142623.1_3668
contig_20704	1113124	1113278	1221762	mRNA	AP012548.1_2955,CP003000.1_2733,CP142614.1_2684,CP142623.1_3668
contig_20707	36943	37650	intergenic	.	AP012548.1_2767,AP012548.1_2768,AP012548.1_2769,AP012548.1_2770,CP001487.1_1555,CP001487.1_1557,CP142614.1_2486,CP142614.1_2487,CP142614.1_2488,CP142614.1_2489,CP142614.1_2490,CP142623.1_3851,CP142623.1_3852,CP142623.1_3853,CP142623.1_3854
contig_20707	167934	168022	intergenic	.	AP012548.1_3403,CP142614.1_3133
contig_20707	334359	334504	intergenic	.	CP142614.1_558
contig_20707	466318	466536	intergenic	.	CP142623.1_650,CP142623.1_651
contig_2073	64867	64994	intergenic	.	AP012548.1_3480,CP001429.2_3524,CP142614.1_3208,CP142614.1_3209,CP142623.1_3146
contig_2073	95573	95746	115114	mRNA	AP012548.1_2003,AP012548.1_2004,CP001487.1_2362,CP142614.1_1719,CP142623.1_409,CP142623.1_410
contig_2073	95573	95746	115260	gene	AP012548.1_2003,AP012548.1_2004,CP001487.1_2362,CP142614.1_1719,CP142623.1_409,CP142623.1_410
contig_2073	114797	115118	115114	CDS	AP012548.1_3997,AP012548.1_3998,CP001487.1_333,CP003000.1_3707,CP003000.1_3708,CP142614.1_3721,CP142623.1_2628,CP142623.1_2629
contig_2073	114797	115118	115114	exon	AP012548.1_3997,AP012548.1_3998,CP001487.1_333,CP003000.1_3707,CP003000.1_3708,CP142614.1_3721,CP142623.1_2628,CP142623.1_2629
contig_2073	114797	115118	115114	mRNA	AP012548.1_3997,AP012548.1_3998,CP001487.1_333,CP003000.1_3707,CP003000.1_3708,CP142614.1_3721,CP142623.1_2628,CP142623.1_2629
contig_2073	114797	115118	115114	stop_codon	AP012548.1_3997,AP012548.1_3998,CP001487.1_333,CP003000.1_3707,CP003000.1_3708,CP142614.1_3721,CP142623.1_2628,CP142623.1_2629
contig_2073	114797	115118	115260	gene	AP012548.1_3997,AP012548.1_3998,CP001487.1_333,CP003000.1_3707,CP003000.1_3708,CP142614.1_3721,CP142623.1_2628,CP142623.1_2629
contig_20751	1036168	1036370	intergenic	.	AP012548.1_2867,CP001487.1_1458,CP142614.1_2596,CP142614.1_2597,CP142623.1_3754,CP142623.1_3755
contig_20769	92601	92746	intergenic	.	AP012548.1_3518,AP012548.1_3519,CP142614.1_3247,CP142623.1_3108
contig_20772	223088	223458	intergenic	.	AP012548.1_2841,AP012548.1_2842,AP012548.1_2843,CP001429.2_2875,CP001487.1_1484,CP003000.1_2630,CP142614.1_2571,CP142614.1_2572,CP142623.1_3779,CP142623.1_3780
contig_20818	11411	12096	intergenic	.	AP012548.1_1092,AP012548.1_3197,CP001429.2_1081,CP001487.1_1131,CP142614.1_2924,CP142614.1_811,CP142623.1_3423
contig_20837	31269	31361	intergenic	.	AP012548.1_931,CP142614.1_648,CP142614.1_649,CP142623.1_1483
contig_20843	49787	50303	intergenic	.	AP012548.1_1745,AP012548.1_1746,CP001487.1_2619,CP001487.1_2620,CP001487.1_2621,CP142614.1_1460,CP142614.1_1461,CP142614.1_1462,CP142623.1_666,CP142623.1_667,CP142623.1_668
contig_20843	82774	83258	85629	mRNA	AP012548.1_3091,CP001487.1_1236,CP001487.1_2821,CP003000.1_2868,CP142614.1_1260,CP142614.1_2820,CP142614.1_2821,CP142623.1_3529,CP142623.1_3530,CP142623.1_868
contig_20843	82774	83258	85837	gene	AP012548.1_3091,CP001487.1_1236,CP001487.1_2821,CP003000.1_2868,CP142614.1_1260,CP142614.1_2820,CP142614.1_2821,CP142623.1_3529,CP142623.1_3530,CP142623.1_868
contig_20843	113901	114185	intergenic	.	AP012548.1_4214,AP012548.1_4215,AP012548.1_651,AP012548.1_652,CP001429.2_663,CP001487.1_113,CP001487.1_3694,CP142614.1_368,CP142614.1_3938,CP142623.1_1762,CP142623.1_1763,CP142623.1_2412
contig_20881	1906894	1907005	intergenic	.	AP012548.1_2704,CP142614.1_2423,CP142623.1_3918
contig_20881	1907305	1907582	1907306	stop_codon	AP012548.1_4050,AP012548.1_4143,CP142614.1_3773,CP142614.1_3774,CP142614.1_3866,CP142623.1_2484,CP142623.1_2576
contig_20881	1907305	1907582	1907588	CDS	AP012548.1_4050,AP012548.1_4143,CP142614.1_3773,CP142614.1_3774,CP142614.1_3866,CP142623.1_2484,CP142623.1_2576
contig_20881	1907305	1907582	1907588	exon	AP012548.1_4050,AP012548.1_4143,CP142614.1_3773,CP142614.1_3774,CP142614.1_3866,CP142623.1_2484,CP142623.1_2576
contig_20881	1907305	1907582	1907588	gene	AP012548.1_4050,AP012548.1_4143,CP142614.1_3773,CP142614.1_3774,CP142614.1_3866,CP142623.1_2484,CP142623.1_2576
contig_20881	1907305	1907582	1907588	mRNA	AP012548.1_4050,AP012548.1_4143,CP142614.1_3773,CP142614.1_3774,CP142614.1_3866,CP142623.1_2484,CP142623.1_2576
contig_20896	671487	671539	intergenic	.	AP012548.1_706,AP012548.1_707,AP012548.1_708,AP012548.1_709,AP012548.1_710,CP001487.1_3638,CP001487.1_3639,CP001487.1_3641,CP003000.1_1834,CP142614.1_424,CP142614.1_425,CP142614.1_426,CP142614.1_427,CP142614.1_428,CP142623.1_1704,CP142623.1_1705,CP142623.1_1706,CP142623.1_1707,CP142623.1_1708
contig_20896	671487	672253	671542	start_codon	AP012548.1_706,AP012548.1_707,AP012548.1_708,AP012548.1_709,AP012548.1_710,CP001487.1_3638,CP001487.1_3639,CP001487.1_3641,CP003000.1_1834,CP142614.1_424,CP142614.1_425,CP142614.1_426,CP142614.1_427,CP142614.1_428,CP142623.1_1704,CP142623.1_1705,CP142623.1_1706,CP142623.1_1707,CP142623.1_1708
contig_20896	671487	672253	671992	CDS	AP012548.1_706,AP012548.1_707,AP012548.1_708,AP012548.1_709,AP012548.1_710,CP001487.1_3638,CP001487.1_3639,CP001487.1_3641,CP003000.1_1834,CP142614.1_424,CP142614.1_425,CP142614.1_426,CP142614.1_427,CP142614.1_428,CP142623.1_1704,CP142623.1_1705,CP142623.1_1706,CP142623.1_1707,CP142623.1_1708
contig_20896	671487	672253	671992	exon	AP012548.1_706,AP012548.1_707,AP012548.1_708,AP012548.1_709,AP012548.1_710,CP001487.1_3638,CP001487.1_3639,CP001487.1_3641,CP003000.1_1834,CP142614.1_424,CP142614.1_425,CP142614.1_426,CP142614.1_427,CP142614.1_428,CP142623.1_1704,CP142623.1_1705,CP142623.1_1706,CP142623.1_1707,CP142623.1_1708
contig_20896	671487	672253	671992	mRNA	AP012548.1_706,AP012548.1_707,AP012548.1_708,AP012548.1_709,AP012548.1_710,CP001487.1_3638,CP001487.1_3639,CP001487.1_3641,CP003000.1_1834,CP142614.1_424,CP142614.1_425,CP142614.1_426,CP142614.1_427,CP142614.1_428,CP142623.1_1704,CP142623.1_1705,CP142623.1_1706,CP142623.1_1707,CP142623.1_1708
contig_20896	671487	672253	671992	stop_codon	AP012548.1_706,AP012548.1_707,AP012548.1_708,AP012548.1_709,AP012548.1_710,CP001487.1_3638,CP001487.1_3639,CP001487.1_3641,CP003000.1_1834,CP142614.1_424,CP142614.1_425,CP142614.1_426,CP142614.1_427,CP142614.1_428,CP142623.1_1704,CP142623.1_1705,CP142623.1_1706,CP142623.1_1707,CP142623.1_1708
contig_20896	671487	672253	672377	gene	AP012548.1_706,AP012548.1_707,AP012548.1_708,AP012548.1_709,AP012548.1_710,CP001487.1_3638,CP001487.1_3639,CP001487.1_3641,CP003000.1_1834,CP142614.1_424,CP142614.1_425,CP142614.1_426,CP142614.1_427,CP142614.1_428,CP142623.1_1704,CP142623.1_1705,CP142623.1_1706,CP142623.1_1707,CP142623.1_1708
contig_2091	7570	7793	intergenic	.	AP012548.1_385,CP001487.1_3974,CP142614.1_102,CP142614.1_103,CP142623.1_2023,CP142623.1_2024
contig_20982	26	216	intergenic	.	AP012548.1_3633,CP142614.1_3362,CP142623.1_2993
contig_21033	137868	138008	intergenic	.	CP142623.1_1889
contig_21033	211551	211726	247863	gene	AP012548.1_615,CP001487.1_3730,CP142614.1_332,CP142623.1_1799
contig_21033	211551	211726	247863	mRNA	AP012548.1_615,CP001487.1_3730,CP142614.1_332,CP142623.1_1799
contig_21033	397932	398600	441898	gene	AP012548.1_2975,AP012548.1_2976,AP012548.1_3755,AP012548.1_3756,CP001429.2_3011,CP001487.1_1352,CP001487.1_1353,CP001487.1_576,CP001487.1_577,CP003000.1_2752,CP003000.1_3508,CP003000.1_3509,CP142614.1_2704,CP142614.1_2705,CP142614.1_3478,CP142614.1_3479,CP142623.1_2870,CP142623.1_2871,CP142623.1_3647,CP142623.1_3648,CP142623.1_3649
contig_21033	397932	398600	441898	mRNA	AP012548.1_2975,AP012548.1_2976,AP012548.1_3755,AP012548.1_3756,CP001429.2_3011,CP001487.1_1352,CP001487.1_1353,CP001487.1_576,CP001487.1_577,CP003000.1_2752,CP003000.1_3508,CP003000.1_3509,CP142614.1_2704,CP142614.1_2705,CP142614.1_3478,CP142614.1_3479,CP142623.1_2870,CP142623.1_2871,CP142623.1_3647,CP142623.1_3648,CP142623.1_3649
contig_21046	177052	177259	intergenic	.	AP012548.1_2142,AP012548.1_2143,CP142614.1_1858,CP142614.1_1859,CP142623.1_269,CP142623.1_270
contig_21100	139827	140244	intergenic	.	AP012548.1_1908,AP012548.1_1909,AP012548.1_2228,AP012548.1_2229,CP001487.1_2137,CP001487.1_2138,CP142614.1_1625,CP142614.1_1946,CP142614.1_1947,CP142614.1_284,CP142623.1_182,CP142623.1_183,CP142623.1_1847,CP142623.1_504
contig_21177	84621	84768	intergenic	.	CP142623.1_1266
contig_21177	206738	206944	305285	gene	AP012548.1_2054,CP142614.1_1771,CP142623.1_358
contig_21177	206738	206944	305285	mRNA	AP012548.1_2054,CP142614.1_1771,CP142623.1_358
contig_21177	260608	260813	305285	gene	AP012548.1_4202,CP142614.1_3926,CP142623.1_2424,CP142623.1_2425
contig_21177	260608	260813	305285	mRNA	AP012548.1_4202,CP142614.1_3926,CP142623.1_2424,CP142623.1_2425
contig_21201	157825	157996	intergenic	.	AP012548.1_443,CP001429.2_447,CP001487.1_3909,CP142614.1_161,CP142623.1_1966
contig_2122	287409	287496	intergenic	.	AP012548.1_3579,CP142614.1_3307,CP142614.1_3308,CP142623.1_3048
contig_21223	825807	825964	intergenic	.	AP012548.1_343,CP003000.1_299,CP142614.1_60,CP142623.1_2066
contig_21230	62438	62786	intergenic	.	AP012548.1_3118,AP012548.1_3119,AP012548.1_579,AP012548.1_580,CP001429.2_3156,CP001487.1_1209,CP142614.1_2847,CP142614.1_2848,CP142614.1_296,CP142614.1_297,CP142623.1_1834,CP142623.1_3503
contig_21235	509509	509734	intergenic	.	AP012548.1_2310,AP012548.1_2311,CP142614.1_2027,CP142614.1_2028,CP142623.1_101,CP142623.1_102
contig_21235	644627	644873	intergenic	.	AP012548.1_774,CP001487.1_3573,CP003000.1_1769,CP142614.1_492,CP142623.1_1639,CP142623.1_1640
contig_21235	1071087	1071225	intergenic	.	AP012548.1_4056,CP001487.1_275,CP003000.1_3766,CP142614.1_3779
contig_21240	287790	287903	287896	CDS	AP012548.1_2313,CP001429.2_2327,CP001487.1_2053,CP142614.1_2030
contig_21240	287790	287903	287896	exon	AP012548.1_2313,CP001429.2_2327,CP001487.1_2053,CP142614.1_2030
contig_21240	287790	287903	295598	gene	AP012548.1_2313,CP001429.2_2327,CP001487.1_2053,CP142614.1_2030
contig_21240	287790	287903	295598	mRNA	AP012548.1_2313,CP001429.2_2327,CP001487.1_2053,CP142614.1_2030
contig_21261	518012	518153	intergenic	.	CP142614.1_3386
contig_21266	4607	4979	intergenic	.	AP012548.1_3181,AP012548.1_3182,AP012548.1_3183,AP012548.1_3516,CP142614.1_2910,CP142614.1_2911,CP142623.1_3110,CP142623.1_3437,CP142623.1_3438
contig_21290	57431	57734	intergenic	.	CP001487.1_647,CP142614.1_769,CP142623.1_1362
contig_21296	127401	127850	intergenic	.	AP012548.1_159,AP012548.1_160,CP001429.2_89,CP001487.1_4198,CP001487.1_4199,CP142614.1_4098,CP142614.1_4099,CP142623.1_2251,CP142623.1_2252
contig_21296	176538	176626	intergenic	.	AP012548.1_2702,CP142614.1_2421,CP142623.1_3920
contig_21303	483763	483958	intergenic	.	AP012548.1_1498,CP001429.2_1505,CP001487.1_2866,CP003000.1_1088,CP142614.1_1215,CP142623.1_913
contig_21303	780335	780570	intergenic	.	AP012548.1_3737,CP001487.1_596,CP142614.1_3460,CP142623.1_2889
contig_21322	46449	46586	intergenic	.	AP012548.1_4217,CP142614.1_3940,CP142623.1_2410
contig_21322	174373	175046	175035	CDS	AP012548.1_2958,AP012548.1_2961,CP001429.2_2997,CP001487.1_1369,CP003000.1_2735,CP142614.1_2687,CP142614.1_2689,CP142614.1_2690,CP142623.1_3662,CP142623.1_3663,CP142623.1_3665
contig_21322	174373	175046	175035	exon	AP012548.1_2958,AP012548.1_2961,CP001429.2_2997,CP001487.1_1369,CP003000.1_2735,CP142614.1_2687,CP142614.1_2689,CP142614.1_2690,CP142623.1_3662,CP142623.1_3663,CP142623.1_3665
contig_21322	174373	175046	176255	mRNA	AP012548.1_2958,AP012548.1_2961,CP001429.2_2997,CP001487.1_1369,CP003000.1_2735,CP142614.1_2687,CP142614.1_2689,CP142614.1_2690,CP142623.1_3662,CP142623.1_3663,CP142623.1_3665
contig_21322	174373	175046	176347	gene	AP012548.1_2958,AP012548.1_2961,CP001429.2_2997,CP001487.1_1369,CP003000.1_2735,CP142614.1_2687,CP142614.1_2689,CP142614.1_2690,CP142623.1_3662,CP142623.1_3663,CP142623.1_3665
contig_21331	103702	104056	103884	CDS	AP012548.1_1444,AP012548.1_1445,AP012548.1_998,AP012548.1_999,CP001429.2_989,CP142614.1_1161,CP142614.1_1162,CP142614.1_717,CP142614.1_718,CP142623.1_1413,CP142623.1_1414,CP142623.1_967
contig_21331	103702	104056	103884	exon	AP012548.1_1444,AP012548.1_1445,AP012548.1_998,AP012548.1_999,CP001429.2_989,CP142614.1_1161,CP142614.1_1162,CP142614.1_717,CP142614.1_718,CP142623.1_1413,CP142623.1_1414,CP142623.1_967
contig_21331	103702	104056	103884	mRNA	AP012548.1_1444,AP012548.1_1445,AP012548.1_998,AP012548.1_999,CP001429.2_989,CP142614.1_1161,CP142614.1_1162,CP142614.1_717,CP142614.1_718,CP142623.1_1413,CP142623.1_1414,CP142623.1_967
contig_21331	103702	104056	103884	stop_codon	AP012548.1_1444,AP012548.1_1445,AP012548.1_998,AP012548.1_999,CP001429.2_989,CP142614.1_1161,CP142614.1_1162,CP142614.1_717,CP142614.1_718,CP142623.1_1413,CP142623.1_1414,CP142623.1_967
contig_21331	103702	104056	104539	gene	AP012548.1_1444,AP012548.1_1445,AP012548.1_998,AP012548.1_999,CP001429.2_989,CP142614.1_1161,CP142614.1_1162,CP142614.1_717,CP142614.1_718,CP142623.1_1413,CP142623.1_1414,CP142623.1_967
contig_21331	433237	433443	intergenic	.	AP012548.1_3821,CP001429.2_3860,CP001487.1_509,CP003000.1_3576,CP142614.1_3545,CP142623.1_2805
contig_21331	571815	571962	584051	gene	AP012548.1_2558
contig_21331	571815	571962	584051	mRNA	AP012548.1_2558
contig_2136	246902	247405	intergenic	.	AP012548.1_1002,CP001429.2_2848,CP001487.1_1511,CP001487.1_3363,CP142623.1_1410
contig_2136	369719	370116	intergenic	.	AP012548.1_2176,AP012548.1_2177,AP012548.1_2178,CP001429.2_2186,CP001487.1_2188,CP001487.1_2189,CP001487.1_2190,CP003000.1_489,CP003000.1_490,CP142614.1_1893,CP142614.1_1894,CP142623.1_234,CP142623.1_235,CP142623.1_236
contig_2136	650471	650619	intergenic	.	CP142623.1_3145
contig_2136	727340	727499	intergenic	.	AP012548.1_748,CP142614.1_466,CP142623.1_1666
contig_21360	75843	76100	intergenic	.	AP012548.1_1463,AP012548.1_1464,AP012548.1_1465,CP001487.1_2900,CP003000.1_1121,CP142614.1_1181,CP142614.1_1182,CP142623.1_946,CP142623.1_947,CP142623.1_948
contig_21360	203228	203564	intergenic	.	AP012548.1_1192,AP012548.1_1193,CP001429.2_1182,CP001487.1_3173,CP003000.1_1390,CP142614.1_908,CP142614.1_909,CP142614.1_910,CP142623.1_1218,CP142623.1_1219
contig_21360	607950	608288	634644	mRNA	AP012548.1_1154,AP012548.1_2405,CP001429.2_1144,CP001429.2_2419,CP001487.1_3211,CP142614.1_873,CP142623.1_1257,CP142623.1_7
contig_21360	607950	608288	634814	gene	AP012548.1_1154,AP012548.1_2405,CP001429.2_1144,CP001429.2_2419,CP001487.1_3211,CP142614.1_873,CP142623.1_1257,CP142623.1_7
contig_21378	319204	319384	intergenic	.	AP012548.1_1726,CP142614.1_1442,CP142623.1_686
contig_21378	429155	429311	intergenic	.	AP012548.1_2510,CP142614.1_2228,CP142623.1_4113
contig_21394	304666	304814	323398	mRNA	AP012548.1_3443,CP142614.1_3171
contig_21394	304666	304814	323914	gene	AP012548.1_3443,CP142614.1_3171
contig_21394	345793	346126	intergenic	.	AP012548.1_2792,AP012548.1_2793,CP001429.2_2825,CP001487.1_1532,CP003000.1_2582,CP142614.1_2511,CP142614.1_2512,CP142623.1_3620,CP142623.1_3829,CP142623.1_3830
contig_21410	1177841	1177983	intergenic	.	AP012548.1_1045,CP001487.1_3320,CP142614.1_764,CP142623.1_1367
contig_21415	275570	276120	282339	gene	AP012548.1_1358,AP012548.1_600,AP012548.1_601,AP012548.1_792,CP001487.1_3555,CP142614.1_1075,CP142614.1_1076,CP142614.1_317,CP142614.1_318,CP142614.1_510,CP142623.1_1053,CP142623.1_1622,CP142623.1_1812,CP142623.1_1814
contig_21415	275570	276120	282339	mRNA	AP012548.1_1358,AP012548.1_600,AP012548.1_601,AP012548.1_792,CP001487.1_3555,CP142614.1_1075,CP142614.1_1076,CP142614.1_317,CP142614.1_318,CP142614.1_510,CP142623.1_1053,CP142623.1_1622,CP142623.1_1812,CP142623.1_1814
contig_21428	1271	1510	intergenic	.	AP012548.1_3188,CP142614.1_2915,CP142623.1_3432
contig_21431	588858	588995	intergenic	.	AP012548.1_2474,CP142614.1_2193,CP142623.1_4148
contig_21431	1272601	1272732	1282851	gene	CP001487.1_1028,CP003000.1_3065
contig_21431	1272601	1272732	1282851	mRNA	CP001487.1_1028,CP003000.1_3065
contig_21446	305362	305679	intergenic	.	AP012548.1_3785,AP012548.1_3786,CP001487.1_544,CP001487.1_545,CP003000.1_3541,CP142614.1_3508,CP142614.1_3509,CP142623.1_2840,CP142623.1_2841,CP142623.1_2842
contig_21446	372618	372762	intergenic	.	AP012548.1_1403,CP142614.1_1120,CP142623.1_1008
contig_21458	95521	95679	intergenic	.	AP012548.1_32,CP001487.1_80,CP142614.1_3972,CP142623.1_2378
contig_21458	599496	599976	intergenic	.	AP012548.1_1937,AP012548.1_3991,CP001487.1_2429,CP142614.1_1652,CP142614.1_1653,CP142614.1_3714,CP142623.1_2635,CP142623.1_476,CP142623.1_477
contig_21458	699651	699752	intergenic	.	CP142614.1_292,CP142623.1_1839
contig_2146	2368258	2368684	2396157	gene	AP012548.1_2835,AP012548.1_2836,AP012548.1_2837,CP142614.1_2564,CP142614.1_2565,CP142623.1_3787
contig_2146	2368258	2368684	2396157	mRNA	AP012548.1_2835,AP012548.1_2836,AP012548.1_2837,CP142614.1_2564,CP142614.1_2565,CP142623.1_3787
contig_21483	19988	20189	50022	gene	AP012548.1_2526,CP001429.2_2542,CP003000.1_2274,CP142614.1_2244,CP142614.1_2245,CP142623.1_4096
contig_21483	19988	20189	50022	mRNA	AP012548.1_2526,CP001429.2_2542,CP003000.1_2274,CP142614.1_2244,CP142614.1_2245,CP142623.1_4096
contig_21487	146966	147070	intergenic	.	CP142623.1_2125
contig_21537	47519	47669	47703	CDS	AP012548.1_2873,CP142614.1_2603,CP142623.1_3748
contig_21537	47519	47669	47703	exon	AP012548.1_2873,CP142614.1_2603,CP142623.1_3748
contig_21537	47519	47669	47703	gene	AP012548.1_2873,CP142614.1_2603,CP142623.1_3748
contig_21537	47519	47669	47703	mRNA	AP012548.1_2873,CP142614.1_2603,CP142623.1_3748
contig_21537	47977	48495	intergenic	.	AP012548.1_2158,CP142614.1_1874,CP142614.1_1875,CP142614.1_309,CP142623.1_1822,CP142623.1_253,CP142623.1_254
contig_21537	321011	321147	intergenic	.	AP012548.1_1437,CP001429.2_1444,CP001487.1_2928,CP142614.1_1154,CP142623.1_975
contig_21544	17143	17335	intergenic	.	AP012548.1_121,CP142614.1_4060,CP142614.1_4061,CP142623.1_2289
contig_21546	13940	14118	intergenic	.	AP012548.1_120,CP142623.1_2290
contig_21560	447044	447198	intergenic	.	AP012548.1_1589,CP142614.1_1306,CP142623.1_822
contig_21560	844951	845198	898517	gene	AP012548.1_3444,CP142614.1_3172,CP142623.1_3182,CP142623.1_3183
contig_21560	844951	845198	898517	mRNA	AP012548.1_3444,CP142614.1_3172,CP142623.1_3182,CP142623.1_3183
contig_21560	1078954	1079248	intergenic	.	AP012548.1_84,AP012548.1_85,AP012548.1_86,CP001429.2_164,CP001429.2_165,CP003000.1_83,CP003000.1_84,CP142614.1_4024,CP142614.1_4025,CP142623.1_2325,CP142623.1_2326
contig_21560	1107780	1108180	intergenic	.	AP012548.1_1275,AP012548.1_1276,AP012548.1_1277,CP142614.1_993,CP142614.1_994,CP142623.1_1134,CP142623.1_1135,CP142623.1_1136
contig_21560	1139489	1139570	intergenic	.	AP012548.1_1294,CP001487.1_3070,CP142614.1_1012,CP142623.1_1117
contig_21560	1173209	1173382	intergenic	.	AP012548.1_1123,CP142614.1_842
contig_21560	1334688	1334847	1358245	gene	AP012548.1_3796,CP001429.2_3834,CP001487.1_534,CP003000.1_3551,CP142614.1_3519,CP142614.1_3520,CP142623.1_2830
contig_21560	1334688	1334847	1358245	mRNA	AP012548.1_3796,CP001429.2_3834,CP001487.1_534,CP003000.1_3551,CP142614.1_3519,CP142614.1_3520,CP142623.1_2830
contig_21560	1335066	1335291	1358245	gene	CP142614.1_4018,CP142614.1_813
contig_21560	1335066	1335291	1358245	mRNA	CP142614.1_4018,CP142614.1_813
contig_21560	2164318	2164606	intergenic	.	AP012548.1_1910,AP012548.1_1946,CP001487.1_2419,CP001487.1_2454,CP142614.1_1626,CP142614.1_1662,CP142623.1_466,CP142623.1_502,CP142623.1_503
contig_21560	2164841	2164924	intergenic	.	CP001429.2_2266
contig_21560	2214634	2214891	2217865	mRNA	AP012548.1_1304,AP012548.1_1305,CP001429.2_1310,CP001487.1_3060,CP003000.1_1278,CP142614.1_1021,CP142614.1_1022,CP142614.1_1023,CP142623.1_1106,CP142623.1_1107
contig_21560	2214634	2214891	2217883	gene	AP012548.1_1304,AP012548.1_1305,CP001429.2_1310,CP001487.1_3060,CP003000.1_1278,CP142614.1_1021,CP142614.1_1022,CP142614.1_1023,CP142623.1_1106,CP142623.1_1107
contig_21571	494399	494652	509603	gene	AP012548.1_812,AP012548.1_813,CP001487.1_3534,CP001487.1_3535,CP003000.1_1731,CP142614.1_530,CP142614.1_531,CP142623.1_1601,CP142623.1_1602
contig_21571	494399	494652	509603	mRNA	AP012548.1_812,AP012548.1_813,CP001487.1_3534,CP001487.1_3535,CP003000.1_1731,CP142614.1_530,CP142614.1_531,CP142623.1_1601,CP142623.1_1602
contig_21571	824972	825178	826239	gene	AP012548.1_1897,CP001429.2_1904,CP001487.1_2468,CP142614.1_1613,CP142623.1_515,CP142623.1_516
contig_21571	824972	825178	826239	mRNA	AP012548.1_1897,CP001429.2_1904,CP001487.1_2468,CP142614.1_1613,CP142623.1_515,CP142623.1_516
contig_21571	1002819	1002915	intergenic	.	AP012548.1_32,CP142614.1_3972,CP142623.1_2378
contig_21574	484632	484762	intergenic	.	AP012548.1_3811,CP001487.1_519,CP142614.1_3534,CP142623.1_2815
contig_21595	1326880	1327027	intergenic	.	AP012548.1_3223
contig_21624	983288	983425	intergenic	.	CP142614.1_779,CP142623.1_1352
contig_21639	350324	350558	intergenic	.	AP012548.1_936,CP142614.1_655,CP142623.1_1477,CP142623.1_1478
contig_21639	682630	682816	711429	mRNA	AP012548.1_1074,AP012548.1_1075,CP001487.1_3290,CP142614.1_794,CP142623.1_1337,CP142623.1_1338
contig_21639	682630	682816	711727	gene	AP012548.1_1074,AP012548.1_1075,CP001487.1_3290,CP142614.1_794,CP142623.1_1337,CP142623.1_1338
contig_21649	271515	271688	intergenic	.	AP012548.1_3710,CP142614.1_3433,CP142623.1_2916
contig_21649	272788	272938	intergenic	.	CP142623.1_2913
contig_21649	312609	312744	intergenic	.	AP012548.1_677,CP142614.1_394,CP142623.1_1737
contig_21781	14323	14532	intergenic	.	AP012548.1_1927,CP001487.1_2438,CP142614.1_1643,CP142623.1_485,CP142623.1_486
contig_218	70740	70892	intergenic	.	CP142623.1_2274
contig_21831	78308	78445	intergenic	.	AP012548.1_3421,CP142614.1_3151,CP142623.1_3203
contig_21865	353648	354087	353858	CDS	AP012548.1_665,AP012548.1_666,AP012548.1_667,CP001429.2_678,CP001487.1_3678,CP001487.1_3679,CP142614.1_382,CP142614.1_383,CP142614.1_384,CP142623.1_1747
contig_21865	353648	354087	353858	exon	AP012548.1_665,AP012548.1_666,AP012548.1_667,CP001429.2_678,CP001487.1_3678,CP001487.1_3679,CP142614.1_382,CP142614.1_383,CP142614.1_384,CP142623.1_1747
contig_21865	353648	354087	358691	gene	AP012548.1_665,AP012548.1_666,AP012548.1_667,CP001429.2_678,CP001487.1_3678,CP001487.1_3679,CP142614.1_382,CP142614.1_383,CP142614.1_384,CP142623.1_1747
contig_21865	353648	354087	358691	mRNA	AP012548.1_665,AP012548.1_666,AP012548.1_667,CP001429.2_678,CP001487.1_3678,CP001487.1_3679,CP142614.1_382,CP142614.1_383,CP142614.1_384,CP142623.1_1747
contig_21865	420037	420298	423788	gene	AP012548.1_4101,AP012548.1_4102,CP142614.1_3824,CP142614.1_3825,CP142623.1_2524,CP142623.1_2525
contig_21865	420037	420298	423788	mRNA	AP012548.1_4101,AP012548.1_4102,CP142614.1_3824,CP142614.1_3825,CP142623.1_2524,CP142623.1_2525
contig_21865	550599	550893	560441	mRNA	AP012548.1_1017,AP012548.1_1018,CP001487.1_3347,CP142614.1_735,CP142614.1_737,CP142623.1_1394,CP142623.1_1395,CP142623.1_1396
contig_21865	550599	550893	560568	gene	AP012548.1_1017,AP012548.1_1018,CP001487.1_3347,CP142614.1_735,CP142614.1_737,CP142623.1_1394,CP142623.1_1395,CP142623.1_1396
contig_21897	375789	376028	408214	gene	AP012548.1_2575,AP012548.1_2576,CP142614.1_2294,CP142614.1_2295,CP142623.1_4046,CP142623.1_4047
contig_21897	375789	376028	408214	mRNA	AP012548.1_2575,AP012548.1_2576,CP142614.1_2294,CP142614.1_2295,CP142623.1_4046,CP142623.1_4047
contig_21906	50689	50897	51442	gene	AP012548.1_872,CP001487.1_3474,CP142614.1_590,CP142623.1_1541,CP142623.1_1542
contig_21906	50689	50897	51442	mRNA	AP012548.1_872,CP001487.1_3474,CP142614.1_590,CP142623.1_1541,CP142623.1_1542
contig_21958	947840	947995	968590	mRNA	AP012548.1_3782,CP001487.1_547,CP142623.1_2844
contig_21958	947840	947995	968734	gene	AP012548.1_3782,CP001487.1_547,CP142623.1_2844
contig_21987	586957	587158	intergenic	.	AP012548.1_1087,AP012548.1_1088,CP001487.1_3278,CP142614.1_806,CP142614.1_807,CP142623.1_1324
contig_21987	1107843	1108074	intergenic	.	AP012548.1_1865,CP001487.1_2500,CP003000.1_788,CP142614.1_1581
contig_21987	1122013	1122159	intergenic	.	AP012548.1_1369,CP142614.1_1087,CP142623.1_1042
contig_21987	1453802	1454246	1454287	CDS	AP012548.1_2345,AP012548.1_2346,AP012548.1_2347,CP001487.1_2021,CP142614.1_2064,CP142614.1_2065,CP142614.1_2066,CP142623.1_65,CP142623.1_66
contig_21987	1453802	1454246	1454287	exon	AP012548.1_2345,AP012548.1_2346,AP012548.1_2347,CP001487.1_2021,CP142614.1_2064,CP142614.1_2065,CP142614.1_2066,CP142623.1_65,CP142623.1_66
contig_21987	1453802	1454246	1454287	mRNA	AP012548.1_2345,AP012548.1_2346,AP012548.1_2347,CP001487.1_2021,CP142614.1_2064,CP142614.1_2065,CP142614.1_2066,CP142623.1_65,CP142623.1_66
contig_21987	1453802	1454246	1454454	gene	AP012548.1_2345,AP012548.1_2346,AP012548.1_2347,CP001487.1_2021,CP142614.1_2064,CP142614.1_2065,CP142614.1_2066,CP142623.1_65,CP142623.1_66
contig_22	291926	292250	292056	CDS	AP012548.1_2201,AP012548.1_696,CP001487.1_2164,CP003000.1_474,CP142614.1_1918,CP142614.1_414,CP142623.1_1718,CP142623.1_210
contig_22	291926	292250	292056	exon	AP012548.1_2201,AP012548.1_696,CP001487.1_2164,CP003000.1_474,CP142614.1_1918,CP142614.1_414,CP142623.1_1718,CP142623.1_210
contig_22	291926	292250	346910	gene	AP012548.1_2201,AP012548.1_696,CP001487.1_2164,CP003000.1_474,CP142614.1_1918,CP142614.1_414,CP142623.1_1718,CP142623.1_210
contig_22	291926	292250	346910	mRNA	AP012548.1_2201,AP012548.1_696,CP001487.1_2164,CP003000.1_474,CP142614.1_1918,CP142614.1_414,CP142623.1_1718,CP142623.1_210
contig_22035	263193	263423	263352	CDS	AP012548.1_1638,AP012548.1_1639,CP001429.2_1644,CP001487.1_2727,CP001487.1_2728,CP003000.1_1005,CP142614.1_1354,CP142614.1_1355,CP142623.1_774,CP142623.1_775
contig_22035	263193	263423	263352	exon	AP012548.1_1638,AP012548.1_1639,CP001429.2_1644,CP001487.1_2727,CP001487.1_2728,CP003000.1_1005,CP142614.1_1354,CP142614.1_1355,CP142623.1_774,CP142623.1_775
contig_22035	263193	263423	270225	gene	AP012548.1_1638,AP012548.1_1639,CP001429.2_1644,CP001487.1_2727,CP001487.1_2728,CP003000.1_1005,CP142614.1_1354,CP142614.1_1355,CP142623.1_774,CP142623.1_775
contig_22035	263193	263423	270225	mRNA	AP012548.1_1638,AP012548.1_1639,CP001429.2_1644,CP001487.1_2727,CP001487.1_2728,CP003000.1_1005,CP142614.1_1354,CP142614.1_1355,CP142623.1_774,CP142623.1_775
contig_22064	375539	375762	intergenic	.	AP012548.1_771,AP012548.1_772,CP001429.2_779,CP142614.1_489,CP142614.1_490,CP142623.1_1642,CP142623.1_1643
contig_22200	543505	543597	553910	mRNA	CP001487.1_705
contig_22200	543505	543597	554048	gene	CP001487.1_705
contig_22237	65451	66148	intergenic	.	AP012548.1_1804,AP012548.1_2304,AP012548.1_33,CP001487.1_2063,CP001487.1_2560,CP003000.1_2062,CP142614.1_1520,CP142614.1_2021,CP142614.1_3973,CP142623.1_108,CP142623.1_2377,CP142623.1_608
contig_22334	140803	140918	intergenic	.	AP012548.1_539
contig_22334	228932	229080	229072	CDS	AP012548.1_2988,CP003000.1_2764,CP142614.1_2717,CP142623.1_3635
contig_22334	228932	229080	229072	exon	AP012548.1_2988,CP003000.1_2764,CP142614.1_2717,CP142623.1_3635
contig_22334	228932	229080	229072	mRNA	AP012548.1_2988,CP003000.1_2764,CP142614.1_2717,CP142623.1_3635
contig_22334	228932	229080	229072	stop_codon	AP012548.1_2988,CP003000.1_2764,CP142614.1_2717,CP142623.1_3635
contig_22334	228932	229080	229708	gene	AP012548.1_2988,CP003000.1_2764,CP142614.1_2717,CP142623.1_3635
contig_22334	622735	622885	intergenic	.	AP012548.1_4098,CP001487.1_232,CP142614.1_3821
contig_22348	56851	57148	intergenic	.	AP012548.1_1373,CP001487.1_2991,CP003000.1_1211,CP142614.1_1090,CP142614.1_1091,CP142623.1_1038
contig_22348	58086	58225	intergenic	.	AP012548.1_3893,CP142623.1_2733
contig_22348	58514	58628	intergenic	.	CP001487.1_3074,CP142614.1_1008,CP142623.1_1121
contig_22348	150464	150560	intergenic	.	AP012548.1_1023
contig_22348	150765	150966	intergenic	.	AP012548.1_3155,CP001429.2_3192,CP001487.1_1173,CP001487.1_208,CP142614.1_2884,CP142614.1_3843,CP142623.1_2507,CP142623.1_3467
contig_22348	237291	237578	intergenic	.	AP012548.1_1117,CP001487.1_3318,CP142614.1_836,CP142623.1_1295,CP142623.1_1365
contig_22348	294127	294234	intergenic	.	CP001487.1_17
contig_22348	305372	305815	intergenic	.	AP012548.1_1935,AP012548.1_95,AP012548.1_96,CP001487.1_16,CP142614.1_1650,CP142614.1_1651,CP142614.1_4035,CP142623.1_2315,CP142623.1_478
contig_22508	41783	41964	45254	gene	AP012548.1_977,AP012548.1_978,CP001487.1_3388,CP142614.1_696,CP142623.1_1435
contig_22508	41783	41964	45254	mRNA	AP012548.1_977,AP012548.1_978,CP001487.1_3388,CP142614.1_696,CP142623.1_1435
contig_22512	97815	98339	101316	mRNA	AP012548.1_1502,AP012548.1_2565,AP012548.1_2566,CP001429.2_1509,CP142614.1_1219,CP142614.1_2284,CP142623.1_4057,CP142623.1_4058,CP142623.1_909
contig_22512	97815	98339	101533	gene	AP012548.1_1502,AP012548.1_2565,AP012548.1_2566,CP001429.2_1509,CP142614.1_1219,CP142614.1_2284,CP142623.1_4057,CP142623.1_4058,CP142623.1_909
contig_22521	298401	298629	intergenic	.	AP012548.1_1040,AP012548.1_588,CP142614.1_305,CP142614.1_759,CP142623.1_1826
contig_22543	68438	68550	intergenic	.	CP142614.1_3211
contig_22543	272515	272631	intergenic	.	AP012548.1_1130,CP142614.1_849
contig_22767	7733	7859	intergenic	.	AP012548.1_899,CP142614.1_617,CP142623.1_1514
contig_22767	361603	361808	intergenic	.	AP012548.1_3107,CP142614.1_2836,CP142623.1_3515
contig_22792	976619	976826	intergenic	.	AP012548.1_2511,AP012548.1_2512,CP001487.1_1857,CP142614.1_2229,CP142614.1_2230,CP142623.1_4111
contig_22832	241782	241930	intergenic	.	AP012548.1_747,CP001429.2_762,CP001429.2_763,CP001487.1_3600,CP003000.1_1795,CP003000.1_1796,CP142614.1_465,CP142623.1_1667
contig_22853	10398	10532	48162	gene	CP142614.1_1901
contig_22853	10398	10532	48162	mRNA	CP142614.1_1901
contig_22853	82468	82657	intergenic	.	AP012548.1_453,CP142623.1_1955
contig_22853	401285	401636	intergenic	.	AP012548.1_2165,AP012548.1_2584,CP001487.1_1740,CP001487.1_2201,CP142614.1_2303,CP142623.1_246,CP142623.1_4038
contig_22853	502866	503142	507289	gene	AP012548.1_408,CP142614.1_125,CP142614.1_126,CP142623.1_2000,CP142623.1_2001
contig_22853	502866	503142	507289	mRNA	AP012548.1_408,CP142614.1_125,CP142614.1_126,CP142623.1_2000,CP142623.1_2001
contig_22853	529549	529765	intergenic	.	AP012548.1_3856,CP142614.1_3579,CP142614.1_3580,CP142623.1_2770
contig_22853	579607	579885	intergenic	.	AP012548.1_1376,CP142614.1_1093,CP142614.1_1094,CP142623.1_1035
contig_22853	922669	922947	intergenic	.	AP012548.1_1800,AP012548.1_1801,CP003000.1_852,CP142614.1_1516,CP142614.1_1517,CP142623.1_612,CP142623.1_613
contig_22853	937499	937734	intergenic	.	AP012548.1_3473,AP012548.1_681,CP142614.1_398,CP142623.1_1733,CP142623.1_3153
contig_22853	965306	965479	intergenic	.	AP012548.1_1534,AP012548.1_1535,CP001487.1_2831,CP142614.1_1251,CP142623.1_877
contig_22910	146964	147109	intergenic	.	AP012548.1_2443,CP001487.1_1924,CP142614.1_2162,CP142623.1_4179
contig_22910	473088	473321	intergenic	.	AP012548.1_146,CP142623.1_2264,CP142623.1_3818
contig_22910	513577	513712	intergenic	.	CP142614.1_2923
contig_22910	773111	773296	789081	gene	AP012548.1_2649,CP142614.1_2369,CP142623.1_3973
contig_22910	773111	773296	789081	mRNA	AP012548.1_2649,CP142614.1_2369,CP142623.1_3973
contig_22921	123655	123774	intergenic	.	AP012548.1_1091,CP142614.1_810,CP142623.1_1320
contig_22924	161513	161718	intergenic	.	AP012548.1_89,CP142614.1_2157,CP142623.1_2321
contig_22924	180429	180531	181904	gene	AP012548.1_2004,CP001487.1_2362,CP142614.1_1720,CP142623.1_408,CP142623.1_409
contig_22924	180429	180531	181904	mRNA	AP012548.1_2004,CP001487.1_2362,CP142614.1_1720,CP142623.1_408,CP142623.1_409
contig_23005	2068647	2068749	intergenic	.	AP012548.1_471,CP142623.1_1937
contig_2302	36191	36373	intergenic	.	AP012548.1_1120,CP001487.1_1362,CP142614.1_839,CP142623.1_1291
contig_23100	80330	80523	intergenic	.	AP012548.1_2733,CP142614.1_1169,CP142614.1_2452,CP142623.1_959
contig_23109	29683	29846	45744	mRNA	AP012548.1_1879,CP142614.1_1594,CP142614.1_1595,CP142623.1_534
contig_23109	29683	29846	46005	gene	AP012548.1_1879,CP142614.1_1594,CP142614.1_1595,CP142623.1_534
contig_23109	84699	84896	intergenic	.	AP012548.1_1569,CP001487.1_2796,CP142614.1_1286
contig_23115	91326	91466	intergenic	.	AP012548.1_4207,CP001429.2_4237,CP142614.1_3930,CP142623.1_2420
contig_23115	119683	119833	intergenic	.	AP012548.1_2737
contig_23115	150870	151021	intergenic	.	AP012548.1_1662,CP142614.1_1378,CP142623.1_751
contig_23115	205265	205356	intergenic	.	CP001429.2_3755,CP142623.1_3062
contig_23115	292116	292276	intergenic	.	AP012548.1_1844,CP001487.1_2520,CP001487.1_2521,CP003000.1_807,CP003000.1_808,CP142614.1_1560,CP142623.1_568,CP142623.1_569
contig_23136	97146	97242	intergenic	.	CP001429.2_3927
contig_23136	116176	116435	126797	mRNA	AP012548.1_3888,CP142614.1_3611,CP142614.1_3612,CP142623.1_2738
contig_23136	116176	116435	126835	gene	AP012548.1_3888,CP142614.1_3611,CP142614.1_3612,CP142623.1_2738
contig_23142	26839	26977	intergenic	.	CP001487.1_183,CP142614.1_3868,CP142623.1_2482
contig_23142	258601	258999	intergenic	.	AP012548.1_656,AP012548.1_657,CP142614.1_371,CP142614.1_373,CP142623.1_1757,CP142623.1_1758
contig_23142	579516	579650	604780	mRNA	AP012548.1_673,CP001487.1_3672,CP142614.1_1356,CP142614.1_390,CP142623.1_1741,CP142623.1_773
contig_23142	579516	579650	604820	gene	AP012548.1_673,CP001487.1_3672,CP142614.1_1356,CP142614.1_390,CP142623.1_1741,CP142623.1_773
contig_23142	663161	663326	681317	gene	CP001487.1_3209,CP142623.1_1255,CP142623.1_845
contig_23142	663161	663326	681317	mRNA	CP001487.1_3209,CP142623.1_1255,CP142623.1_845
contig_23228	52775	53042	intergenic	.	AP012548.1_4049,CP142614.1_2758,CP142623.1_2577,CP142623.1_3593
contig_23228	183623	183855	intergenic	.	AP012548.1_2528,AP012548.1_2529,CP001429.2_2544,CP001487.1_1839,CP142614.1_2247,CP142623.1_4094
contig_2325	88013	88100	intergenic	.	AP012548.1_576,CP142614.1_294,CP142623.1_1837
contig_23275	255679	255909	intergenic	.	AP012548.1_2342,AP012548.1_2494,CP001487.1_2025,CP142614.1_2060,CP142614.1_2212,CP142614.1_2213,CP142623.1_4128,CP142623.1_4129,CP142623.1_70
contig_23284	1070943	1071123	1076627	mRNA	AP012548.1_1499,AP012548.1_1500,CP003000.1_1086,CP142614.1_1216,CP142614.1_1217,CP142623.1_911,CP142623.1_912
contig_23284	1070943	1071123	1076676	gene	AP012548.1_1499,AP012548.1_1500,CP003000.1_1086,CP142614.1_1216,CP142614.1_1217,CP142623.1_911,CP142623.1_912
contig_2336	946583	946742	1024019	mRNA	AP012548.1_3713,CP142614.1_3436
contig_2336	946583	946742	1024302	gene	AP012548.1_3713,CP142614.1_3436
contig_23393	16502	16652	intergenic	.	AP012548.1_351,CP142614.1_69,CP142623.1_2057
contig_23408	97198	97324	113741	mRNA	AP012548.1_2516,CP001429.2_2532
contig_23408	97198	97324	113775	gene	AP012548.1_2516,CP001429.2_2532
contig_23443	49675	50028	intergenic	.	AP012548.1_1707,AP012548.1_305,CP001487.1_4054,CP142614.1_1422,CP142614.1_21,CP142614.1_22,CP142623.1_2103,CP142623.1_2104,CP142623.1_706
contig_23443	704909	705089	722061	gene	AP012548.1_2325,AP012548.1_2326,CP142614.1_2043,CP142623.1_86
contig_23443	704909	705089	722061	mRNA	AP012548.1_2325,AP012548.1_2326,CP142614.1_2043,CP142623.1_86
contig_23443	784512	784900	intergenic	.	AP012548.1_1738,CP001487.1_2627,CP142614.1_1453,CP142614.1_1454,CP142623.1_674,CP142623.1_675
contig_23478	262110	262223	intergenic	.	AP012548.1_183
contig_235	3689490	3689678	intergenic	.	AP012548.1_240,AP012548.1_241,CP142614.1_4181,CP142623.1_2169,CP142623.1_2170
contig_23529	70528	70684	intergenic	.	AP012548.1_2780,CP142614.1_2499
contig_23529	508059	508203	intergenic	.	AP012548.1_3635,CP142614.1_3364,CP142623.1_2991
contig_23576	587853	588106	599532	mRNA	AP012548.1_3126,AP012548.1_3127,CP001429.2_3163,CP001487.1_1202,CP142614.1_2855,CP142623.1_3495,CP142623.1_3496
contig_23576	587853	588106	599739	gene	AP012548.1_3126,AP012548.1_3127,CP001429.2_3163,CP001487.1_1202,CP142614.1_2855,CP142623.1_3495,CP142623.1_3496
contig_23576	814524	814648	819441	mRNA	AP012548.1_389,CP142614.1_106
contig_23576	814524	814648	819489	gene	AP012548.1_389,CP142614.1_106
contig_23623	57518	57869	intergenic	.	AP012548.1_3619,AP012548.1_3620,AP012548.1_3621,CP001429.2_3665,CP001487.1_711,CP001487.1_712,CP003000.1_3385,CP142614.1_3348,CP142614.1_3349,CP142623.1_3006,CP142623.1_3007
contig_23631	4296553	4296735	4318212	mRNA	AP012548.1_759,AP012548.1_760,CP142614.1_477,CP142623.1_1654
contig_23631	4296553	4296735	4318352	gene	AP012548.1_759,AP012548.1_760,CP142614.1_477,CP142623.1_1654
contig_2366	548269	548693	566958	gene	AP012548.1_250,CP001487.1_4109,CP142614.1_4190,CP142614.1_4191,CP142623.1_2157,CP142623.1_2158,CP142623.1_2160
contig_2366	548269	548693	566958	mRNA	AP012548.1_250,CP001487.1_4109,CP142614.1_4190,CP142614.1_4191,CP142623.1_2157,CP142623.1_2158,CP142623.1_2160
contig_2366	769234	769542	intergenic	.	AP012548.1_2884,AP012548.1_717,CP142614.1_435,CP142623.1_1697
contig_23688	101731	101862	intergenic	.	AP012548.1_298,CP001487.1_4062,CP142614.1_14
contig_237	524653	524961	intergenic	.	AP012548.1_2574,AP012548.1_2575,AP012548.1_323,CP001487.1_1768,CP001487.1_4036,CP142614.1_2293,CP142614.1_39,CP142614.1_40,CP142623.1_2086,CP142623.1_4048
contig_2370	76104	76252	intergenic	.	CP142623.1_1926
contig_23708	63782	63977	intergenic	.	AP012548.1_805,CP142614.1_522,CP142614.1_523,CP142623.1_1609,CP142623.1_1610
contig_23712	130059	130156	intergenic	.	AP012548.1_2162,CP001487.1_2204
contig_23712	465346	465551	intergenic	.	AP012548.1_3333,AP012548.1_3334,CP142614.1_3064,CP142623.1_3290,CP142623.1_3291
contig_23757	76959	77088	intergenic	.	CP003000.1_3706,CP142614.1_3719
contig_23776	3982	4084	intergenic	.	CP001429.2_456,CP142623.1_1957
contig_23905	288449	288601	291040	mRNA	AP012548.1_1439,CP001487.1_2925,CP142614.1_1156,CP142623.1_972
contig_23905	288449	288601	291118	gene	AP012548.1_1439,CP001487.1_2925,CP142614.1_1156,CP142623.1_972
contig_23905	727381	727683	intergenic	.	AP012548.1_196,CP001487.1_4163,CP142614.1_4136,CP142623.1_1371,CP142623.1_2214
contig_23905	834396	834649	intergenic	.	AP012548.1_1985,CP001429.2_1993,CP001487.1_2380,CP003000.1_680,CP142614.1_1700,CP142614.1_1701
contig_23905	948294	948389	intergenic	.	CP001429.2_677
contig_23905	1539235	1539481	1539378	stop_codon	AP012548.1_442,CP001429.2_446,CP001487.1_3910,CP142614.1_160,CP142623.1_1967
contig_23905	1539235	1539481	1539524	CDS	AP012548.1_442,CP001429.2_446,CP001487.1_3910,CP142614.1_160,CP142623.1_1967
contig_23905	1539235	1539481	1539524	exon	AP012548.1_442,CP001429.2_446,CP001487.1_3910,CP142614.1_160,CP142623.1_1967
contig_23905	1539235	1539481	1571144	gene	AP012548.1_442,CP001429.2_446,CP001487.1_3910,CP142614.1_160,CP142623.1_1967
contig_23905	1539235	1539481	1571144	mRNA	AP012548.1_442,CP001429.2_446,CP001487.1_3910,CP142614.1_160,CP142623.1_1967
contig_23905	1600520	1600752	intergenic	.	AP012548.1_3289,AP012548.1_3290,CP001487.1_1040,CP142614.1_3018,CP142614.1_3019,CP142614.1_3020,CP142623.1_3334,CP142623.1_3335
contig_23970	4496	4943	intergenic	.	AP012548.1_3372,AP012548.1_3373,AP012548.1_3374,CP001429.2_3415,CP001487.1_958,CP142614.1_3103,CP142614.1_3104,CP142623.1_3250,CP142623.1_3251,CP142623.1_3252
contig_23970	292684	292995	403342	mRNA	AP012548.1_787,AP012548.1_788,CP142614.1_505,CP142623.1_1626,CP142623.1_1627
contig_23970	292684	292995	403550	gene	AP012548.1_787,AP012548.1_788,CP142614.1_505,CP142623.1_1626,CP142623.1_1627
contig_23970	549743	550010	intergenic	.	AP012548.1_1583,CP142614.1_1299,CP142623.1_829
contig_23970	913390	913594	intergenic	.	CP142623.1_3044,CP142623.1_3045
contig_23970	1261755	1261926	1325448	gene	AP012548.1_1474,CP003000.1_1111,CP142614.1_1191,CP142623.1_937
contig_23970	1261755	1261926	1325448	mRNA	AP012548.1_1474,CP003000.1_1111,CP142614.1_1191,CP142623.1_937
contig_23970	1460086	1460252	intergenic	.	AP012548.1_2269,CP142614.1_1986
contig_23975	290716	291000	intergenic	.	AP012548.1_2398,AP012548.1_2399,CP001429.2_2413,CP001487.1_1968,CP003000.1_2154,CP003000.1_2155,CP142614.1_2117,CP142614.1_2118,CP142623.1_13,CP142623.1_14
contig_23975	291271	291445	intergenic	.	AP012548.1_2399,AP012548.1_2400,CP001429.2_2414,CP001429.2_2415,CP003000.1_2156,CP003000.1_2157,CP142614.1_2118,CP142623.1_12
contig_23975	305464	305655	intergenic	.	AP012548.1_2438,CP142614.1_2156,CP142623.1_4184,CP142623.1_4185
contig_23975	484733	485187	intergenic	.	AP012548.1_3795,AP012548.1_4065,AP012548.1_4066,AP012548.1_4067,CP001487.1_265,CP003000.1_3776,CP003000.1_3777,CP142614.1_3518,CP142614.1_3519,CP142614.1_3788,CP142614.1_3789,CP142614.1_3790,CP142623.1_2559,CP142623.1_2560,CP142623.1_2561,CP142623.1_2831
contig_23985	205638	205895	259801	mRNA	AP012548.1_3385,CP001429.2_3428,CP001487.1_945,CP003000.1_3152,CP142614.1_3115,CP142623.1_3239,CP142623.1_564
contig_23985	205638	205895	259919	gene	AP012548.1_3385,CP001429.2_3428,CP001487.1_945,CP003000.1_3152,CP142614.1_3115,CP142623.1_3239,CP142623.1_564
contig_24	365167	365326	intergenic	.	AP012548.1_572,CP001487.1_3773,CP142614.1_289,CP142623.1_1842
contig_24081	43202	43377	intergenic	.	AP012548.1_227,CP142614.1_4167,CP142623.1_2184
contig_24137	526402	526658	543213	mRNA	AP012548.1_945,AP012548.1_946,CP142614.1_664,CP142623.1_1467
contig_24137	526402	526658	543335	gene	AP012548.1_945,AP012548.1_946,CP142614.1_664,CP142623.1_1467
contig_24137	725816	726080	intergenic	.	AP012548.1_2009,AP012548.1_434,CP001487.1_2357,CP142614.1_1725,CP142623.1_1974,CP142623.1_404
contig_24137	1037723	1037961	intergenic	.	AP012548.1_15,AP012548.1_16,CP001487.1_96,CP142614.1_3955,CP142614.1_3956,CP142623.1_2394,CP142623.1_2395
contig_24151	24852	25114	intergenic	.	AP012548.1_2089,CP001487.1_2276,CP001487.1_2277,CP003000.1_577,CP142614.1_1805,CP142614.1_1806,CP142623.1_322,CP142623.1_323
contig_2425	93865	93988	intergenic	.	AP012548.1_3544
contig_2425	241224	241374	intergenic	.	AP012548.1_26,CP142614.1_2906,CP142623.1_2384
contig_24335	3994760	3995044	4011356	mRNA	AP012548.1_1604,AP012548.1_3780,AP012548.1_3781,CP001487.1_549,CP142614.1_1321,CP142614.1_3504,CP142623.1_2845,CP142623.1_2846,CP142623.1_807,CP142623.1_808
contig_24335	3994760	3995044	4011522	gene	AP012548.1_1604,AP012548.1_3780,AP012548.1_3781,CP001487.1_549,CP142614.1_1321,CP142614.1_3504,CP142623.1_2845,CP142623.1_2846,CP142623.1_807,CP142623.1_808
contig_24355	106263	106422	intergenic	.	AP012548.1_1762,CP001487.1_2603,CP142614.1_1478
contig_24355	676669	676822	intergenic	.	AP012548.1_145,CP142614.1_4084,CP142623.1_2266
contig_24355	740547	740707	744049	gene	AP012548.1_2420,CP001487.1_1947,CP142614.1_2138,CP142614.1_2139,CP142623.1_4202
contig_24355	740547	740707	744049	mRNA	AP012548.1_2420,CP001487.1_1947,CP142614.1_2138,CP142614.1_2139,CP142623.1_4202
contig_24406	31244	31480	intergenic	.	AP012548.1_2862,CP142614.1_2591,CP142614.1_2592,CP142623.1_3759,CP142623.1_3760
contig_2444	405561	405865	421449	gene	AP012548.1_1022,AP012548.1_4195,CP001487.1_3343,CP003000.1_1559,CP142614.1_3919,CP142614.1_741,CP142623.1_1390,CP142623.1_2431
contig_2444	405561	405865	421449	mRNA	AP012548.1_1022,AP012548.1_4195,CP001487.1_3343,CP003000.1_1559,CP142614.1_3919,CP142614.1_741,CP142623.1_1390,CP142623.1_2431
contig_2444	823385	823530	837435	gene	AP012548.1_1273,CP142614.1_990,CP142623.1_1138
contig_2444	823385	823530	837435	mRNA	AP012548.1_1273,CP142614.1_990,CP142623.1_1138
contig_2450	60051	60191	intergenic	.	AP012548.1_3937
contig_24505	24669	24895	intergenic	.	AP012548.1_2048,AP012548.1_2049,CP142614.1_1765,CP142614.1_1766,CP142623.1_363,CP142623.1_364
contig_24541	597301	597386	intergenic	.	CP142623.1_3315
contig_24541	753735	754233	767489	mRNA	AP012548.1_1602,AP012548.1_4092,AP012548.1_4093,CP001487.1_239,CP142614.1_1319,CP142614.1_3470,CP142614.1_3815,CP142614.1_3816,CP142623.1_2533,CP142623.1_2534
contig_24541	753735	754233	767573	gene	AP012548.1_1602,AP012548.1_4092,AP012548.1_4093,CP001487.1_239,CP142614.1_1319,CP142614.1_3470,CP142614.1_3815,CP142614.1_3816,CP142623.1_2533,CP142623.1_2534
contig_2457	31721	31933	intergenic	.	AP012548.1_3543,CP142614.1_3271,CP142614.1_3272,CP142623.1_3083,CP142623.1_3084
contig_2457	224400	224519	intergenic	.	AP012548.1_2964,CP001429.2_3000,CP003000.1_2741,CP142614.1_2693
contig_24586	227740	228095	intergenic	.	AP012548.1_2857,CP142614.1_2585,CP142614.1_2586,CP142614.1_2587,CP142623.1_3766
contig_2462	117523	117673	intergenic	.	CP142614.1_119
contig_2462	868228	868435	875693	mRNA	AP012548.1_854,AP012548.1_855,CP001429.2_861,CP001429.2_862,CP001487.1_3493,CP003000.1_1690,CP142614.1_572,CP142614.1_573,CP142623.1_1559,CP142623.1_1560
contig_2462	868228	868435	875710	gene	AP012548.1_854,AP012548.1_855,CP001429.2_861,CP001429.2_862,CP001487.1_3493,CP003000.1_1690,CP142614.1_572,CP142614.1_573,CP142623.1_1559,CP142623.1_1560
contig_2462	1025467	1025594	1076543	gene	CP001487.1_2098
contig_2462	1025467	1025594	1076543	mRNA	CP001487.1_2098
contig_24622	210070	210429	intergenic	.	CP142614.1_3625,CP142623.1_1186,CP142623.1_2724
contig_24629	179261	179402	299907	mRNA	AP012548.1_203,CP001487.1_4156,CP142614.1_4142,CP142623.1_2208
contig_24629	179261	179402	300155	gene	AP012548.1_203,CP001487.1_4156,CP142614.1_4142,CP142623.1_2208
contig_2467	229382	229627	intergenic	.	AP012548.1_1183,AP012548.1_1184,CP001429.2_1173,CP003000.1_1399,CP142614.1_900,CP142614.1_901,CP142623.1_1228
contig_24672	622641	622879	701963	gene	AP012548.1_1603,AP012548.1_1604,CP001487.1_2762,CP001487.1_2763,CP142614.1_1320,CP142623.1_808,CP142623.1_809
contig_24672	622641	622879	701963	mRNA	AP012548.1_1603,AP012548.1_1604,CP001487.1_2762,CP001487.1_2763,CP142614.1_1320,CP142623.1_808,CP142623.1_809
contig_2472	347149	347305	intergenic	.	AP012548.1_3764,CP142614.1_3487,CP142623.1_2862
contig_2472	374524	374769	intergenic	.	AP012548.1_4190,AP012548.1_4191,CP001487.1_137,CP142614.1_3914,CP142614.1_3915,CP142623.1_2435,CP142623.1_2436
contig_2472	615842	616229	intergenic	.	AP012548.1_2037,AP012548.1_2038,AP012548.1_310,AP012548.1_311,CP001487.1_2329,CP001487.1_4049,CP142614.1_1754,CP142614.1_1755,CP142614.1_26,CP142614.1_27,CP142623.1_2098,CP142623.1_2099,CP142623.1_375
contig_2472	669155	669314	intergenic	.	AP012548.1_2412,CP001487.1_1954,CP142614.1_2131,CP142614.1_2133,CP142623.1_4210
contig_2472	669155	669596	669317	start_codon	AP012548.1_2412,CP001487.1_1954,CP142614.1_2131,CP142614.1_2133,CP142623.1_4210
contig_2472	669155	669596	669497	CDS	AP012548.1_2412,CP001487.1_1954,CP142614.1_2131,CP142614.1_2133,CP142623.1_4210
contig_2472	669155	669596	669497	exon	AP012548.1_2412,CP001487.1_1954,CP142614.1_2131,CP142614.1_2133,CP142623.1_4210
contig_2472	669155	669596	693706	mRNA	AP012548.1_2412,CP001487.1_1954,CP142614.1_2131,CP142614.1_2133,CP142623.1_4210
contig_2472	669155	669596	693727	gene	AP012548.1_2412,CP001487.1_1954,CP142614.1_2131,CP142614.1_2133,CP142623.1_4210
contig_2472	1149253	1149409	intergenic	.	AP012548.1_4213,AP012548.1_4214,CP001487.1_114,CP001487.1_115,CP142614.1_3937,CP142623.1_2413
contig_2472	1525635	1525814	intergenic	.	AP012548.1_738,CP001429.2_755,CP142614.1_456,CP142614.1_457
contig_2472	1686701	1686983	intergenic	.	AP012548.1_3408,AP012548.1_3409,CP142614.1_3138,CP142614.1_3139,CP142623.1_3215,CP142623.1_3216
contig_24726	65821	66083	137873	gene	AP012548.1_2766,CP001429.2_1232,CP001487.1_3138,CP142614.1_2485,CP142623.1_1185,CP142623.1_3855
contig_24726	65821	66083	137873	mRNA	AP012548.1_2766,CP001429.2_1232,CP001487.1_3138,CP142614.1_2485,CP142623.1_1185,CP142623.1_3855
contig_24726	105613	105782	137873	gene	AP012548.1_3707,CP001487.1_625,CP142614.1_3430,CP142623.1_2919
contig_24726	105613	105782	137873	mRNA	AP012548.1_3707,CP001487.1_625,CP142614.1_3430,CP142623.1_2919
contig_24726	149318	149420	intergenic	.	AP012548.1_1646,CP142614.1_1362,CP142623.1_766
contig_24726	215953	216265	intergenic	.	AP012548.1_1648,CP001429.2_3140,CP001487.1_1225,CP003000.1_2878,CP142614.1_1365,CP142614.1_2831,CP142623.1_3519,CP142623.1_764
contig_24726	277026	277713	intergenic	.	AP012548.1_1861,AP012548.1_1862,AP012548.1_355,AP012548.1_788,CP001487.1_2502,CP001487.1_2503,CP142614.1_1577,CP142614.1_1578,CP142614.1_506,CP142614.1_73,CP142614.1_74,CP142623.1_2052,CP142623.1_550,CP142623.1_551
contig_24726	428215	428512	intergenic	.	AP012548.1_53,CP142614.1_3993,CP142614.1_4070,CP142623.1_2280,CP142623.1_2357
contig_24803	178552	178695	intergenic	.	AP012548.1_3117,CP142614.1_2846,CP142623.1_3504
contig_24803	178994	179098	intergenic	.	AP012548.1_3118,CP001487.1_1210,CP142614.1_2846,CP142614.1_2847,CP142623.1_3504
contig_24803	337269	337502	intergenic	.	AP012548.1_3701,AP012548.1_3702,CP001487.1_630,CP142614.1_3424,CP142614.1_3425,CP142623.1_2925
contig_24803	395969	396085	intergenic	.	AP012548.1_2055,CP001487.1_2311,CP142623.1_357
contig_2481	259053	259156	intergenic	.	CP142623.1_1628
contig_2481	862404	863418	intergenic	.	AP012548.1_136,AP012548.1_137,AP012548.1_138,AP012548.1_3532,CP142614.1_1489,CP142614.1_2186,CP142614.1_4076,CP142614.1_4077,CP142614.1_4150,CP142623.1_2200,CP142623.1_2273,CP142623.1_4155
contig_2486	968846	968928	intergenic	.	AP012548.1_2005,CP142614.1_1720,CP142614.1_1721,CP142623.1_408
contig_24902	13681	14135	31450	gene	AP012548.1_3000,AP012548.1_3001,AP012548.1_591,CP001429.2_603,CP001487.1_3754,CP142614.1_2549,CP142614.1_2730,CP142614.1_308,CP142623.1_3622,CP142623.1_3803
contig_24902	13681	14135	31450	mRNA	AP012548.1_3000,AP012548.1_3001,AP012548.1_591,CP001429.2_603,CP001487.1_3754,CP142614.1_2549,CP142614.1_2730,CP142614.1_308,CP142623.1_3622,CP142623.1_3803
contig_24902	65418	65649	intergenic	.	AP012548.1_1047,AP012548.1_2989,CP142614.1_2718,CP142614.1_766,CP142623.1_1365,CP142623.1_3634
contig_24902	210662	210832	intergenic	.	AP012548.1_790,CP001487.1_3557,CP142614.1_508,CP142623.1_1624
contig_24902	318299	318406	322071	mRNA	AP012548.1_184,CP142614.1_4123,CP142623.1_2227
contig_24902	318299	318406	322131	gene	AP012548.1_184,CP142614.1_4123,CP142623.1_2227
contig_24921	67387	67512	intergenic	.	AP012548.1_2689,CP142614.1_2408,CP142614.1_2762
contig_2493	12133	12332	intergenic	.	AP012548.1_1854,AP012548.1_1855,CP142614.1_1570,CP142614.1_1571,CP142623.1_558
contig_2493	305024	305322	intergenic	.	AP012548.1_626,AP012548.1_627,AP012548.1_628,CP001487.1_3719,CP142614.1_343,CP142614.1_344,CP142614.1_345,CP142623.1_1786,CP142623.1_1787
contig_2493	370526	371054	intergenic	.	AP012548.1_2660,AP012548.1_3065,CP001429.2_3102,CP001487.1_1263,CP142614.1_1051,CP142614.1_2379,CP142614.1_2793,CP142614.1_2794,CP142623.1_1078,CP142623.1_1221,CP142623.1_3556,CP142623.1_3557
contig_2493	389153	389484	intergenic	.	AP012548.1_2451,AP012548.1_2452,CP142614.1_2169,CP142614.1_2170,CP142623.1_4170,CP142623.1_4171,CP142623.1_4172
contig_2493	406219	406359	intergenic	.	AP012548.1_4183,CP142614.1_3906,CP142623.1_2444
contig_2493	426844	426940	intergenic	.	AP012548.1_1787,CP003000.1_865,CP142614.1_1503,CP142623.1_626
contig_2493	472254	472498	intergenic	.	AP012548.1_1119,CP142614.1_838,CP142623.1_1292,CP142623.1_1293
contig_2493	581350	581627	intergenic	.	AP012548.1_852,AP012548.1_853,CP142614.1_570,CP142614.1_571,CP142623.1_1561
contig_2493	610748	610996	intergenic	.	AP012548.1_3005,AP012548.1_3006,AP012548.1_3007,CP001487.1_1321,CP001487.1_1322,CP142614.1_2734,CP142614.1_2735,CP142623.1_3615,CP142623.1_3616,CP142623.1_3617
contig_2493	632234	632370	intergenic	.	AP012548.1_3819,CP142614.1_3543,CP142623.1_2807
contig_2493	632679	632822	intergenic	.	AP012548.1_3820,CP001487.1_510,CP142614.1_3543,CP142614.1_3544,CP142623.1_2806
contig_25	139093	139245	165976	gene	CP001487.1_1227,CP142614.1_2829
contig_25	139093	139245	165976	mRNA	CP001487.1_1227,CP142614.1_2829
contig_2500	152923	153068	intergenic	.	AP012548.1_1301,AP012548.1_1302,CP001487.1_3063,CP142614.1_1019,CP142623.1_1109,CP142623.1_1110
contig_2500	338789	338939	intergenic	.	CP001429.2_3984,CP142614.1_3668
contig_2500	339165	339256	intergenic	.	AP012548.1_200,CP142614.1_4140,CP142623.1_2210
contig_2500	416614	416883	intergenic	.	AP012548.1_3929,AP012548.1_3930,CP001487.1_400,CP003000.1_3641,CP142614.1_3653,CP142614.1_3654,CP142623.1_2695,CP142623.1_2697
contig_25023	289170	289384	intergenic	.	AP012548.1_2953,CP001487.1_1374,CP142614.1_2682,CP142623.1_3670
contig_25040	124538	124774	intergenic	.	AP012548.1_454,CP142614.1_172,CP142623.1_1954
contig_25057	158188	158291	intergenic	.	AP012548.1_1345,CP142614.1_1063,CP142623.1_1066
contig_2509	102960	103169	103206	CDS	AP012548.1_4007,AP012548.1_4008,CP001429.2_4047,CP001487.1_323,CP003000.1_3718,CP142614.1_3730,CP142614.1_3731,CP142623.1_2618,CP142623.1_2619
contig_2509	102960	103169	103206	exon	AP012548.1_4007,AP012548.1_4008,CP001429.2_4047,CP001487.1_323,CP003000.1_3718,CP142614.1_3730,CP142614.1_3731,CP142623.1_2618,CP142623.1_2619
contig_2509	102960	103169	103206	mRNA	AP012548.1_4007,AP012548.1_4008,CP001429.2_4047,CP001487.1_323,CP003000.1_3718,CP142614.1_3730,CP142614.1_3731,CP142623.1_2618,CP142623.1_2619
contig_2509	102960	103169	103253	gene	AP012548.1_4007,AP012548.1_4008,CP001429.2_4047,CP001487.1_323,CP003000.1_3718,CP142614.1_3730,CP142614.1_3731,CP142623.1_2618,CP142623.1_2619
contig_2509	322107	322315	intergenic	.	AP012548.1_648,AP012548.1_649,CP001429.2_660,CP142614.1_365,CP142623.1_1765,CP142623.1_1766
contig_2509	760596	761138	intergenic	.	AP012548.1_1128,AP012548.1_1129,AP012548.1_948,CP003000.1_1453,CP142614.1_665,CP142614.1_847,CP142614.1_848,CP142623.1_1282,CP142623.1_1283
contig_2509	768388	768738	intergenic	.	AP012548.1_1163,AP012548.1_2891,AP012548.1_2893,CP001429.2_2929,CP001487.1_1433,CP142614.1_2620,CP142614.1_2622,CP142614.1_882,CP142623.1_1249,CP142623.1_3730,CP142623.1_3731,CP142623.1_3732
contig_2509	908010	908161	intergenic	.	AP012548.1_409,AP012548.1_410,CP142614.1_127,CP142623.1_1999
contig_2509	1146373	1146601	1146402	stop_codon	AP012548.1_3500,AP012548.1_3501,CP001487.1_831,CP142614.1_3229,CP142614.1_3230,CP142623.1_3126
contig_2509	1146373	1146601	1146584	CDS	AP012548.1_3500,AP012548.1_3501,CP001487.1_831,CP142614.1_3229,CP142614.1_3230,CP142623.1_3126
contig_2509	1146373	1146601	1146584	exon	AP012548.1_3500,AP012548.1_3501,CP001487.1_831,CP142614.1_3229,CP142614.1_3230,CP142623.1_3126
contig_2509	1146373	1146601	1158065	gene	AP012548.1_3500,AP012548.1_3501,CP001487.1_831,CP142614.1_3229,CP142614.1_3230,CP142623.1_3126
contig_2509	1146373	1146601	1158065	mRNA	AP012548.1_3500,AP012548.1_3501,CP001487.1_831,CP142614.1_3229,CP142614.1_3230,CP142623.1_3126
contig_2509	1353760	1354009	1430885	mRNA	AP012548.1_244,AP012548.1_245,CP142614.1_4184,CP142614.1_4185,CP142623.1_2166
contig_2509	1353760	1354009	1431203	gene	AP012548.1_244,AP012548.1_245,CP142614.1_4184,CP142614.1_4185,CP142623.1_2166
contig_2509	2122186	2122550	intergenic	.	AP012548.1_3161,CP142614.1_2890,CP142623.1_3459,CP142623.1_3932
contig_2509	2692278	2692538	intergenic	.	AP012548.1_703,CP001429.2_4102,CP001487.1_269,CP142623.1_1711
contig_2509	3297858	3297966	intergenic	.	AP012548.1_3653,CP001487.1_679,CP003000.1_3417,CP142614.1_3381,CP142623.1_2974
contig_2509	3464262	3464383	intergenic	.	AP012548.1_3138,CP142614.1_2867
contig_2509	3733921	3734057	3734141	gene	AP012548.1_3246,CP142614.1_2976,CP142623.1_3378
contig_2509	3733921	3734057	3734141	mRNA	AP012548.1_3246,CP142614.1_2976,CP142623.1_3378
contig_25140	2200	2347	intergenic	.	CP142614.1_3588,CP142623.1_2761
contig_25140	17302	17443	intergenic	.	CP142614.1_2934,CP142623.1_3415
contig_2517	112436	112549	intergenic	.	AP012548.1_1064,CP001429.2_1053,CP001487.1_3301,CP142614.1_783,CP142623.1_1348,CP142623.1_1349
contig_25219	156771	156947	intergenic	.	CP001487.1_2453,CP142614.1_1627
contig_25219	566926	567170	566955	CDS	AP012548.1_3434,AP012548.1_3435,CP001429.2_3479,CP003000.1_3202,CP142614.1_3163
contig_25219	566926	567170	566955	exon	AP012548.1_3434,AP012548.1_3435,CP001429.2_3479,CP003000.1_3202,CP142614.1_3163
contig_25219	566926	567170	567414	gene	AP012548.1_3434,AP012548.1_3435,CP001429.2_3479,CP003000.1_3202,CP142614.1_3163
contig_25219	566926	567170	567414	mRNA	AP012548.1_3434,AP012548.1_3435,CP001429.2_3479,CP003000.1_3202,CP142614.1_3163
contig_25230	201545	201642	intergenic	.	AP012548.1_1574,CP142614.1_1291,CP142623.1_837,CP142623.1_838
contig_25266	799760	799843	intergenic	.	CP001429.2_1077,CP001487.1_3277
contig_2529	271767	272068	intergenic	.	AP012548.1_1024,AP012548.1_1025,CP001429.2_1014,CP001487.1_3341,CP142614.1_742,CP142614.1_743,CP142623.1_1388,CP142623.1_1389
contig_25294	1572810	1573035	1578227	gene	AP012548.1_263,CP001429.2_266,CP142614.1_4202,CP142614.1_4203,CP142623.1_2146
contig_25294	1572810	1573035	1578227	mRNA	AP012548.1_263,CP001429.2_266,CP142614.1_4202,CP142614.1_4203,CP142623.1_2146
contig_25294	2416622	2416737	2432058	gene	AP012548.1_1505,CP142614.1_1222,CP142623.1_906
contig_25294	2416622	2416737	2432058	mRNA	AP012548.1_1505,CP142614.1_1222,CP142623.1_906
contig_25294	3996389	3996459	intergenic	.	AP012548.1_1870,CP001487.1_2494,CP142614.1_1586,CP142623.1_1429,CP142623.1_542
contig_25294	3996389	3996615	3996465	polyA_signal_sequence	AP012548.1_1870,CP001487.1_2494,CP142614.1_1586,CP142623.1_1429,CP142623.1_542
contig_25294	3996389	3996615	3996474	stop_codon	AP012548.1_1870,CP001487.1_2494,CP142614.1_1586,CP142623.1_1429,CP142623.1_542
contig_25294	3996389	3996615	3996593	CDS	AP012548.1_1870,CP001487.1_2494,CP142614.1_1586,CP142623.1_1429,CP142623.1_542
contig_25294	3996389	3996615	3996593	exon	AP012548.1_1870,CP001487.1_2494,CP142614.1_1586,CP142623.1_1429,CP142623.1_542
contig_25294	3996389	3996615	4015510	gene	AP012548.1_1870,CP001487.1_2494,CP142614.1_1586,CP142623.1_1429,CP142623.1_542
contig_25294	3996389	3996615	4015510	mRNA	AP012548.1_1870,CP001487.1_2494,CP142614.1_1586,CP142623.1_1429,CP142623.1_542
contig_25347	71416	71900	intergenic	.	AP012548.1_282,AP012548.1_283,AP012548.1_284,AP012548.1_505,AP012548.1_506,CP142614.1_223,CP142614.1_224,CP142614.1_4222,CP142623.1_1902,CP142623.1_1903,CP142623.1_2126,CP142623.1_2127
contig_2535	608629	608854	intergenic	.	AP012548.1_280,AP012548.1_281,CP142614.1_4220,CP142623.1_2128,CP142623.1_2129
contig_25359	97144	97238	intergenic	.	AP012548.1_1964,CP001487.1_2401,CP142614.1_1680,CP142623.1_448
contig_25359	97531	97648	intergenic	.	AP012548.1_1964,CP142614.1_1680,CP142623.1_449
contig_2540	40270	40432	intergenic	.	AP012548.1_830,CP142614.1_548
contig_25416	983184	983336	intergenic	.	AP012548.1_119,CP142614.1_4059,CP142623.1_2291
contig_25416	1105101	1105264	intergenic	.	AP012548.1_3336,CP142614.1_3067,CP142623.1_3288
contig_25515	125892	126079	intergenic	.	AP012548.1_3387,CP001429.2_3430,CP001487.1_943,CP003000.1_3153,CP142614.1_3117,CP142614.1_3118,CP142623.1_3237
contig_25515	146558	146813	147115	mRNA	AP012548.1_2387,AP012548.1_2388,CP001429.2_2402,CP001487.1_1979,CP003000.1_2144,CP142614.1_2106,CP142623.1_24
contig_25515	146558	146813	147183	gene	AP012548.1_2387,AP012548.1_2388,CP001429.2_2402,CP001487.1_1979,CP003000.1_2144,CP142614.1_2106,CP142623.1_24
contig_25525	107982	108100	111148	gene	AP012548.1_2546
contig_25525	107982	108100	111148	mRNA	AP012548.1_2546
contig_25572	116355	116446	intergenic	.	AP012548.1_3561
contig_25575	325906	326253	intergenic	.	AP012548.1_3460,AP012548.1_968,CP001487.1_3398,CP142614.1_1983,CP142614.1_38,CP142614.1_686,CP142623.1_1444,CP142623.1_1445,CP142623.1_146
contig_2566	119077	119381	intergenic	.	AP012548.1_1122,CP001487.1_3243,CP003000.1_1460,CP142614.1_841,CP142623.1_1289,CP142623.1_1290
contig_2566	158593	159270	intergenic	.	AP012548.1_151,AP012548.1_3721,AP012548.1_3722,AP012548.1_3723,AP012548.1_449,CP001487.1_2915,CP001487.1_611,CP142614.1_3444,CP142614.1_3445,CP142614.1_3446,CP142614.1_4091,CP142623.1_1959,CP142623.1_2259,CP142623.1_2903,CP142623.1_2904,CP142623.1_2905
contig_2566	167996	168154	intergenic	.	AP012548.1_3974,CP142614.1_3697,CP142623.1_2652
contig_2566	227941	228038	intergenic	.	CP142614.1_3446
contig_2566	474148	474420	intergenic	.	AP012548.1_3729,AP012548.1_3730,CP001429.2_3765,CP142614.1_3452,CP142614.1_3453,CP142623.1_2896,CP142623.1_2897
contig_2566	715999	716119	intergenic	.	AP012548.1_3944,CP142614.1_3667,CP142623.1_2682
contig_2566	876587	876856	intergenic	.	AP012548.1_3771,CP001487.1_561,CP142614.1_3494,CP142623.1_2854,CP142623.1_2855
contig_25660	72125	72290	intergenic	.	AP012548.1_445,AP012548.1_446,CP142614.1_164,CP142623.1_1962,CP142623.1_1963
contig_25660	331992	332122	intergenic	.	AP012548.1_1632,CP142614.1_1349,CP142623.1_780
contig_25691	4347	4513	intergenic	.	CP003000.1_3457,CP142623.1_2924
contig_25691	264562	264742	intergenic	.	AP012548.1_3195,CP142623.1_3425
contig_2576	334148	334263	intergenic	.	AP012548.1_416,CP142614.1_135,CP142623.1_1992
contig_2576	350271	350440	intergenic	.	AP012548.1_1575,CP142614.1_1292,CP142623.1_836
contig_2576	373685	373999	392616	gene	AP012548.1_1837,AP012548.1_1838,AP012548.1_1839,CP001429.2_1846,CP142614.1_1553,CP142614.1_1554,CP142623.1_574,CP142623.1_575
contig_2576	373685	373999	392616	mRNA	AP012548.1_1837,AP012548.1_1838,AP012548.1_1839,CP001429.2_1846,CP142614.1_1553,CP142614.1_1554,CP142623.1_574,CP142623.1_575
contig_2576	538654	538875	intergenic	.	AP012548.1_1408,CP142614.1_1126,CP142623.1_1003
contig_2576	597520	597712	intergenic	.	AP012548.1_3820,CP003000.1_2283,CP142614.1_3544
contig_2576	785880	786188	786178	CDS	AP012548.1_2730,AP012548.1_40,AP012548.1_41,CP001429.2_41,CP001487.1_71,CP001487.1_72,CP003000.1_2521,CP003000.1_40,CP142614.1_2449,CP142614.1_3980,CP142623.1_2369,CP142623.1_2370
contig_2576	785880	786188	786178	exon	AP012548.1_2730,AP012548.1_40,AP012548.1_41,CP001429.2_41,CP001487.1_71,CP001487.1_72,CP003000.1_2521,CP003000.1_40,CP142614.1_2449,CP142614.1_3980,CP142623.1_2369,CP142623.1_2370
contig_2576	785880	786188	786178	mRNA	AP012548.1_2730,AP012548.1_40,AP012548.1_41,CP001429.2_41,CP001487.1_71,CP001487.1_72,CP003000.1_2521,CP003000.1_40,CP142614.1_2449,CP142614.1_3980,CP142623.1_2369,CP142623.1_2370
contig_2576	785880	786188	786178	stop_codon	AP012548.1_2730,AP012548.1_40,AP012548.1_41,CP001429.2_41,CP001487.1_71,CP001487.1_72,CP003000.1_2521,CP003000.1_40,CP142614.1_2449,CP142614.1_3980,CP142623.1_2369,CP142623.1_2370
contig_2576	785880	786188	786823	gene	AP012548.1_2730,AP012548.1_40,AP012548.1_41,CP001429.2_41,CP001487.1_71,CP001487.1_72,CP003000.1_2521,CP003000.1_40,CP142614.1_2449,CP142614.1_3980,CP142623.1_2369,CP142623.1_2370
contig_25779	33750	33892	33918	CDS	AP012548.1_526,CP001487.1_3822,CP142614.1_244
contig_25779	33750	33892	33918	exon	AP012548.1_526,CP001487.1_3822,CP142614.1_244
contig_25779	33750	33892	33918	gene	AP012548.1_526,CP001487.1_3822,CP142614.1_244
contig_25779	33750	33892	33918	mRNA	AP012548.1_526,CP001487.1_3822,CP142614.1_244
contig_25779	41956	42332	intergenic	.	AP012548.1_1759,AP012548.1_1760,AP012548.1_1761,CP001429.2_1767,CP001429.2_1768,CP001487.1_2604,CP001487.1_2605,CP001487.1_2606,CP003000.1_891,CP003000.1_892,CP142614.1_1475,CP142614.1_1476,CP142614.1_1477,CP142623.1_652,CP142623.1_653,CP142623.1_654
contig_258	884510	884630	970426	mRNA	AP012548.1_1624,CP142614.1_1340,CP142623.1_788
contig_258	884510	884630	970458	gene	AP012548.1_1624,CP142614.1_1340,CP142623.1_788
contig_258	1315657	1316031	1327129	mRNA	AP012548.1_1841,AP012548.1_1842,AP012548.1_798,CP001429.2_1849,CP001487.1_2522,CP001487.1_2523,CP003000.1_810,CP142614.1_1557,CP142614.1_1558,CP142614.1_516,CP142623.1_570,CP142623.1_571
contig_258	1315657	1316031	1327182	gene	AP012548.1_1841,AP012548.1_1842,AP012548.1_798,CP001429.2_1849,CP001487.1_2522,CP001487.1_2523,CP003000.1_810,CP142614.1_1557,CP142614.1_1558,CP142614.1_516,CP142623.1_570,CP142623.1_571
contig_25815	24097	24403	intergenic	.	AP012548.1_4126,CP142614.1_3850,CP142623.1_2501,CP142623.1_4205,CP142623.1_4206
contig_25896	139849	140032	144553	mRNA	CP142614.1_3465,CP142614.1_3466
contig_25896	139849	140032	144580	gene	CP142614.1_3465,CP142614.1_3466
contig_25896	300710	300789	intergenic	.	CP142614.1_2698,CP142623.1_3654
contig_2597	482500	482634	intergenic	.	CP142623.1_2745
contig_2597	484562	484748	intergenic	.	AP012548.1_2998,CP142614.1_2727,CP142623.1_3625
contig_2597	847116	847295	intergenic	.	AP012548.1_1201,CP142623.1_1210
contig_2597	1081605	1081789	intergenic	.	AP012548.1_773,CP142614.1_491,CP142623.1_1641
contig_2597	1562890	1562997	intergenic	.	CP001487.1_1569
contig_25978	571665	571752	intergenic	.	AP012548.1_2341,CP142614.1_2060
contig_26019	27654	27871	intergenic	.	AP012548.1_1765,AP012548.1_1766,CP001429.2_1773,CP001487.1_2599,CP001487.1_2600,CP003000.1_886,CP142614.1_1481,CP142614.1_1482,CP142623.1_647,CP142623.1_648
contig_26019	392846	393087	intergenic	.	AP012548.1_2071,AP012548.1_2072,CP001487.1_2295,CP142614.1_1787,CP142614.1_1788,CP142623.1_340,CP142623.1_341
contig_26028	42009	42134	intergenic	.	CP142614.1_2532
contig_26028	42740	43338	intergenic	.	AP012548.1_2908,CP142614.1_2524,CP142614.1_2525,CP142614.1_2526,CP142614.1_2527
contig_26028	212991	213268	intergenic	.	AP012548.1_3705,AP012548.1_3706,CP001429.2_3740,CP142614.1_3428,CP142614.1_3429,CP142623.1_2920,CP142623.1_2921
contig_26028	481457	481629	intergenic	.	CP001429.2_2092,CP142614.1_1801,CP142623.1_327
contig_26144	107919	108085	118940	gene	AP012548.1_1741,CP001487.1_2624,CP142614.1_1457,CP142623.1_672
contig_26144	107919	108085	118940	mRNA	AP012548.1_1741,CP001487.1_2624,CP142614.1_1457,CP142623.1_672
contig_26179	234027	234156	260842	gene	AP012548.1_1115,CP142614.1_834
contig_26179	234027	234156	260842	mRNA	AP012548.1_1115,CP142614.1_834
contig_2628	8326	8491	intergenic	.	AP012548.1_3760,CP001487.1_572,CP142614.1_3483,CP142623.1_2866
contig_2628	277388	277488	intergenic	.	CP001429.2_2023,CP003000.1_650,CP142614.1_1731
contig_26293	911374	911511	intergenic	.	AP012548.1_3168,AP012548.1_3169,CP142614.1_2897,CP142623.1_3451,CP142623.1_3452
contig_26302	906974	907103	922756	gene	AP012548.1_3566,CP142614.1_3295,CP142623.1_3060
contig_26302	906974	907103	922756	mRNA	AP012548.1_3566,CP142614.1_3295,CP142623.1_3060
contig_26302	1605225	1605477	intergenic	.	CP142614.1_219,CP142623.1_1908
contig_26302	1942947	1943113	intergenic	.	AP012548.1_3028,CP142614.1_2757,CP142623.1_3594
contig_26302	1983478	1983849	intergenic	.	AP012548.1_2600,CP142614.1_2319,CP142614.1_2321,CP142623.1_4022
contig_2635	2302903	2303178	intergenic	.	AP012548.1_3133,AP012548.1_3134,CP001487.1_1195,CP142614.1_2862,CP142623.1_3488,CP142623.1_3489
contig_2635	2770100	2770188	intergenic	.	AP012548.1_3037,CP142614.1_2766,CP142623.1_3585
contig_2635	2848021	2848386	intergenic	.	AP012548.1_380,AP012548.1_381,CP003000.1_336,CP142614.1_605,CP142614.1_606,CP142614.1_98,CP142623.1_1526,CP142623.1_2028
contig_26448	47199	47605	intergenic	.	AP012548.1_3230,AP012548.1_4073,AP012548.1_4074,CP001429.2_4114,CP001487.1_1099,CP001487.1_257,CP003000.1_3784,CP142614.1_2958,CP142614.1_2959,CP142614.1_3797,CP142623.1_2552,CP142623.1_2553,CP142623.1_3390
contig_26448	198119	198309	intergenic	.	AP012548.1_935,CP142614.1_653,CP142614.1_654,CP142623.1_1478,CP142623.1_1479
contig_2646	291662	292071	322156	mRNA	AP012548.1_616,AP012548.1_618,CP001429.2_628,CP001487.1_3729,CP003000.1_1880,CP003000.1_1881,CP142614.1_333,CP142614.1_335,CP142623.1_1796,CP142623.1_1798
contig_2646	291662	292071	322416	gene	AP012548.1_616,AP012548.1_618,CP001429.2_628,CP001487.1_3729,CP003000.1_1880,CP003000.1_1881,CP142614.1_333,CP142614.1_335,CP142623.1_1796,CP142623.1_1798
contig_26496	189518	189779	intergenic	.	AP012548.1_1084,AP012548.1_1085,CP001429.2_1074,CP001487.1_3280,CP003000.1_1497,CP142614.1_804,CP142623.1_1326,CP142623.1_1327
contig_26496	346068	346446	intergenic	.	AP012548.1_867,AP012548.1_868,CP142614.1_584,CP142614.1_585,CP142614.1_586,CP142623.1_1547
contig_26496	488872	488947	intergenic	.	AP012548.1_1233,CP142623.1_1178
contig_26496	492298	492429	intergenic	.	AP012548.1_1233,CP142614.1_951,CP142623.1_1178
contig_2659	287094	287274	intergenic	.	AP012548.1_2839,CP001429.2_2872,CP001487.1_1486,CP001487.1_1487,CP003000.1_2627,CP142614.1_2568,CP142623.1_3783
contig_26597	51304	51633	intergenic	.	AP012548.1_3672,CP003000.1_3437,CP142614.1_3396,CP142623.1_2954
contig_26597	532179	532263	intergenic	.	AP012548.1_752,CP142614.1_470,CP142623.1_1662
contig_26597	590210	590315	intergenic	.	AP012548.1_1311,CP001487.1_3053,CP142614.1_1029,CP142623.1_1100
contig_26741	281718	282139	281996	CDS	AP012548.1_2424,AP012548.1_2425,CP001487.1_1943,CP142614.1_2142,CP142614.1_2143,CP142614.1_2144,CP142623.1_4197,CP142623.1_4198
contig_26741	281718	282139	281996	exon	AP012548.1_2424,AP012548.1_2425,CP001487.1_1943,CP142614.1_2142,CP142614.1_2143,CP142614.1_2144,CP142623.1_4197,CP142623.1_4198
contig_26741	281718	282139	281996	mRNA	AP012548.1_2424,AP012548.1_2425,CP001487.1_1943,CP142614.1_2142,CP142614.1_2143,CP142614.1_2144,CP142623.1_4197,CP142623.1_4198
contig_26741	281718	282139	281996	stop_codon	AP012548.1_2424,AP012548.1_2425,CP001487.1_1943,CP142614.1_2142,CP142614.1_2143,CP142614.1_2144,CP142623.1_4197,CP142623.1_4198
contig_26741	281718	282139	282056	gene	AP012548.1_2424,AP012548.1_2425,CP001487.1_1943,CP142614.1_2142,CP142614.1_2143,CP142614.1_2144,CP142623.1_4197,CP142623.1_4198
contig_26741	281718	282139	282056	polyA_signal_sequence	AP012548.1_2424,AP012548.1_2425,CP001487.1_1943,CP142614.1_2142,CP142614.1_2143,CP142614.1_2144,CP142623.1_4197,CP142623.1_4198
contig_26741	282056	282139	intergenic	.	AP012548.1_2424,AP012548.1_2425,CP001487.1_1943,CP142614.1_2142,CP142614.1_2143,CP142614.1_2144,CP142623.1_4197,CP142623.1_4198
contig_26831	157428	157593	intergenic	.	CP142614.1_4065,CP142623.1_2285
contig_26836	24744	24899	32331	mRNA	CP142623.1_1562
contig_26836	24744	24899	32677	gene	CP142623.1_1562
contig_26836	138920	139003	intergenic	.	CP142623.1_4205
contig_26917	396319	396777	intergenic	.	AP012548.1_2052,AP012548.1_2053,AP012548.1_3626,CP001487.1_1694,CP001487.1_2313,CP142614.1_1769,CP142614.1_3354,CP142623.1_3001,CP142623.1_359,CP142623.1_3857
contig_26935	170007	170280	intergenic	.	AP012548.1_3587,CP001429.2_3630,CP001487.1_745,CP003000.1_3351,CP142614.1_3315,CP142614.1_3316,CP142623.1_3039,CP142623.1_3040
contig_26935	270857	271525	intergenic	.	AP012548.1_2970,AP012548.1_2971,AP012548.1_2972,AP012548.1_2974,CP001487.1_1357,CP003000.1_2747,CP142614.1_2699,CP142614.1_2700,CP142614.1_2701,CP142614.1_2702,CP142614.1_2703,CP142623.1_3651,CP142623.1_3653
contig_26935	738584	738815	intergenic	.	AP012548.1_3978,CP001487.1_352,CP142614.1_3702,CP142623.1_2648
contig_26935	927512	927650	intergenic	.	AP012548.1_383,CP142614.1_100,CP142623.1_2026
contig_270	93321	93529	intergenic	.	AP012548.1_3546,AP012548.1_3676,CP001487.1_655,CP003000.1_3312,CP142614.1_3275,CP142614.1_3399,CP142623.1_2950,CP142623.1_3080
contig_270	254640	254790	intergenic	.	AP012548.1_557,CP142614.1_274,CP142623.1_1857
contig_270	347124	347450	intergenic	.	AP012548.1_3617,AP012548.1_3618,CP001487.1_714,CP003000.1_3382,CP142614.1_3345,CP142614.1_3346,CP142614.1_3347,CP142623.1_3008,CP142623.1_3009,CP142623.1_3010
contig_270	789914	790088	intergenic	.	AP012548.1_3550,CP142614.1_3278,CP142614.1_3279,CP142623.1_3076,CP142623.1_3077
contig_270	1240761	1240852	intergenic	.	AP012548.1_1535,CP142614.1_1252,CP142623.1_876
contig_2702	120338	120563	intergenic	.	AP012548.1_2324,AP012548.1_2614,CP003000.1_2406,CP142614.1_2041,CP142614.1_2333,CP142614.1_2334,CP142623.1_4008
contig_2706	11014	11153	intergenic	.	CP001487.1_2245,CP142623.1_291
contig_2715	95769	96032	intergenic	.	CP142614.1_2859,CP142614.1_2860,CP142623.1_3490,CP142623.1_3491
contig_2718	360052	360388	intergenic	.	AP012548.1_2859,CP001487.1_1783
contig_2718	505626	505801	intergenic	.	AP012548.1_820,CP142614.1_538,CP142623.1_1594
contig_2718	514328	514573	intergenic	.	AP012548.1_1432,CP142614.1_1149,CP142614.1_1944,CP142623.1_980
contig_2718	539207	539475	intergenic	.	AP012548.1_3485,AP012548.1_3486,CP142614.1_2059,CP142614.1_3214,CP142623.1_3141,CP142623.1_71
contig_2718	732636	732872	intergenic	.	AP012548.1_2722,AP012548.1_2723,CP001487.1_1602,CP142614.1_2441
contig_2718	734559	734663	intergenic	.	CP142623.1_258
contig_2718	983113	983479	intergenic	.	AP012548.1_1188,AP012548.1_1189,AP012548.1_1190,CP001487.1_3176,CP001487.1_3177,CP142614.1_905,CP142614.1_906,CP142614.1_907,CP142623.1_1222,CP142623.1_1223
contig_2718	994428	994832	intergenic	.	AP012548.1_1610,AP012548.1_1611,AP012548.1_1612,CP001429.2_1619,CP001487.1_2753,CP001487.1_2754,CP003000.1_1030,CP142614.1_1327,CP142614.1_1329,CP142623.1_799,CP142623.1_801
contig_2718	1146935	1147344	1147151	CDS	AP012548.1_3114,AP012548.1_3115,AP012548.1_3116,CP001429.2_3152,CP001429.2_3153,CP001487.1_1213,CP003000.1_2890,CP003000.1_2892,CP142614.1_2843,CP142614.1_2844,CP142614.1_2845,CP142623.1_3506,CP142623.1_3507
contig_2718	1146935	1147344	1147151	exon	AP012548.1_3114,AP012548.1_3115,AP012548.1_3116,CP001429.2_3152,CP001429.2_3153,CP001487.1_1213,CP003000.1_2890,CP003000.1_2892,CP142614.1_2843,CP142614.1_2844,CP142614.1_2845,CP142623.1_3506,CP142623.1_3507
contig_2718	1146935	1147344	1147151	gene	AP012548.1_3114,AP012548.1_3115,AP012548.1_3116,CP001429.2_3152,CP001429.2_3153,CP001487.1_1213,CP003000.1_2890,CP003000.1_2892,CP142614.1_2843,CP142614.1_2844,CP142614.1_2845,CP142623.1_3506,CP142623.1_3507
contig_2718	1146935	1147344	1147151	mRNA	AP012548.1_3114,AP012548.1_3115,AP012548.1_3116,CP001429.2_3152,CP001429.2_3153,CP001487.1_1213,CP003000.1_2890,CP003000.1_2892,CP142614.1_2843,CP142614.1_2844,CP142614.1_2845,CP142623.1_3506,CP142623.1_3507
contig_2718	1146935	1147344	1147151	start_codon	AP012548.1_3114,AP012548.1_3115,AP012548.1_3116,CP001429.2_3152,CP001429.2_3153,CP001487.1_1213,CP003000.1_2890,CP003000.1_2892,CP142614.1_2843,CP142614.1_2844,CP142614.1_2845,CP142623.1_3506,CP142623.1_3507
contig_2718	1147151	1147344	intergenic	.	AP012548.1_3114,AP012548.1_3115,AP012548.1_3116,CP001429.2_3152,CP001429.2_3153,CP001487.1_1213,CP003000.1_2890,CP003000.1_2892,CP142614.1_2843,CP142614.1_2844,CP142614.1_2845,CP142623.1_3506,CP142623.1_3507
contig_2718	1149985	1150107	intergenic	.	CP001429.2_2988
contig_27220	667801	667909	intergenic	.	AP012548.1_424,CP142614.1_142
contig_27220	1063561	1063846	1069929	gene	AP012548.1_1337,AP012548.1_1338,CP001429.2_1345,CP001487.1_3027,CP001487.1_3028,CP142614.1_1054,CP142614.1_1055,CP142623.1_1074
contig_27220	1063561	1063846	1069929	mRNA	AP012548.1_1337,AP012548.1_1338,CP001429.2_1345,CP001487.1_3027,CP001487.1_3028,CP142614.1_1054,CP142614.1_1055,CP142623.1_1074
contig_27248	126938	127227	intergenic	.	AP012548.1_2608,CP001487.1_1715,CP142614.1_2327,CP142614.1_2328,CP142623.1_4013,CP142623.1_4014
contig_27276	149257	149498	intergenic	.	AP012548.1_1776,AP012548.1_1777,CP001487.1_2588,CP142614.1_1492,CP142614.1_1493,CP142623.1_635,CP142623.1_636
contig_27276	245805	246124	intergenic	.	AP012548.1_2292,AP012548.1_3030,CP001429.2_2306,CP001487.1_2074,CP003000.1_2050,CP142614.1_2009,CP142614.1_2759,CP142623.1_119,CP142623.1_120,CP142623.1_3592
contig_27363	271400	271506	333417	gene	AP012548.1_963,CP142614.1_681,CP142623.1_1450
contig_27363	271400	271506	333417	mRNA	AP012548.1_963,CP142614.1_681,CP142623.1_1450
contig_27381	640161	640311	intergenic	.	AP012548.1_2973,CP001487.1_1354,CP142623.1_3650
contig_27381	742525	742618	749206	gene	AP012548.1_2170,CP142614.1_1887
contig_27381	742525	742618	749206	mRNA	AP012548.1_2170,CP142614.1_1887
contig_27381	940095	940267	intergenic	.	CP001487.1_3435,CP142623.1_1502
contig_27401	339121	339309	intergenic	.	AP012548.1_2084,CP142623.1_328
contig_2743	638695	638846	intergenic	.	AP012548.1_3649,CP142614.1_3377,CP142623.1_2977,CP142623.1_2978
contig_27436	66736	67035	93354	gene	AP012548.1_1791,AP012548.1_1792,AP012548.1_1793,CP001487.1_2573,CP142614.1_1507,CP142614.1_1508,CP142623.1_620,CP142623.1_621,CP142623.1_622
contig_27436	66736	67035	93354	mRNA	AP012548.1_1791,AP012548.1_1792,AP012548.1_1793,CP001487.1_2573,CP142614.1_1507,CP142614.1_1508,CP142623.1_620,CP142623.1_621,CP142623.1_622
contig_27436	73680	73839	93354	gene	CP142614.1_4165,CP142623.1_2185
contig_27436	73680	73839	93354	mRNA	CP142614.1_4165,CP142623.1_2185
contig_27436	99858	100004	intergenic	.	AP012548.1_3259,CP142614.1_2989,CP142623.1_1335,CP142623.1_3365
contig_27445	210143	210333	212889	gene	AP012548.1_1237,CP001487.1_3128,CP142614.1_954
contig_27445	210143	210333	212889	mRNA	AP012548.1_1237,CP001487.1_3128,CP142614.1_954
contig_27492	10203	10517	intergenic	.	AP012548.1_2368,AP012548.1_2369,CP142614.1_2087,CP142614.1_2088,CP142623.1_43,CP142623.1_44
contig_27492	10822	11043	intergenic	.	AP012548.1_2367,CP001429.2_2382,CP001487.1_1999,CP003000.1_2124,CP142614.1_2086,CP142623.1_44,CP142623.1_45
contig_275	736671	736829	intergenic	.	AP012548.1_1875,CP003000.1_777,CP142614.1_1591,CP142623.1_538
contig_27500	8345	8496	intergenic	.	AP012548.1_2617,CP142614.1_2336,CP142623.1_4005
contig_2751	7229	7433	15554	gene	AP012548.1_3632,CP001487.1_699,CP003000.1_3396,CP142614.1_3361,CP142623.1_2994,CP142623.1_2995
contig_2751	7229	7433	15554	mRNA	AP012548.1_3632,CP001487.1_699,CP003000.1_3396,CP142614.1_3361,CP142623.1_2994,CP142623.1_2995
contig_2751	90220	90297	96079	mRNA	CP142614.1_464
contig_2751	90220	90297	96458	gene	CP142614.1_464
contig_2751	277294	277908	281884	gene	AP012548.1_3310,AP012548.1_3519,AP012548.1_3520,CP001429.2_3564,CP001487.1_3362,CP142614.1_3039,CP142614.1_3040,CP142614.1_3248,CP142623.1_3107,CP142623.1_3314
contig_2751	277294	277908	281884	mRNA	AP012548.1_3310,AP012548.1_3519,AP012548.1_3520,CP001429.2_3564,CP001487.1_3362,CP142614.1_3039,CP142614.1_3040,CP142614.1_3248,CP142623.1_3107,CP142623.1_3314
contig_2751	615060	615647	intergenic	.	AP012548.1_2163,AP012548.1_2164,CP001487.1_2200,CP142614.1_1879,CP142614.1_1880,CP142614.1_1881,CP142614.1_1882,CP142623.1_247,CP142623.1_248,CP142623.1_249
contig_2751	939284	939368	intergenic	.	CP001487.1_3663,CP003000.1_1859
contig_27534	569133	569409	intergenic	.	AP012548.1_1440,AP012548.1_1441,CP142614.1_1157,CP142614.1_1158,CP142623.1_970,CP142623.1_971
contig_27534	886261	886683	1034413	mRNA	AP012548.1_1458,AP012548.1_1459,CP001429.2_1466,CP001487.1_2905,CP001487.1_2906,CP142614.1_1175,CP142614.1_1176,CP142614.1_1177,CP142623.1_952,CP142623.1_953,CP142623.1_954
contig_27534	886261	886683	1034542	gene	AP012548.1_1458,AP012548.1_1459,CP001429.2_1466,CP001487.1_2905,CP001487.1_2906,CP142614.1_1175,CP142614.1_1176,CP142614.1_1177,CP142623.1_952,CP142623.1_953,CP142623.1_954
contig_27559	72649	72832	intergenic	.	AP012548.1_1142,CP001487.1_3223,CP003000.1_1440,CP142614.1_861,CP142623.1_1269,CP142623.1_1270
contig_27559	424407	424485	intergenic	.	AP012548.1_3389,CP142614.1_3119,CP142623.1_3235
contig_2757	1261463	1261666	intergenic	.	AP012548.1_1567,CP001429.2_1574,CP001487.1_2798,CP142614.1_1284,CP142623.1_844,CP142623.1_845
contig_27573	71930	72134	intergenic	.	AP012548.1_3236,CP142614.1_2965,CP142623.1_3384
contig_27573	90119	90422	intergenic	.	AP012548.1_292,AP012548.1_293,CP142614.1_8,CP142614.1_9,CP142623.1_2117
contig_27582	52872	53016	52982	CDS	AP012548.1_3824,CP001487.1_506,CP142614.1_3548
contig_27582	52872	53016	52982	exon	AP012548.1_3824,CP001487.1_506,CP142614.1_3548
contig_27582	52872	53016	68679	gene	AP012548.1_3824,CP001487.1_506,CP142614.1_3548
contig_27582	52872	53016	68679	mRNA	AP012548.1_3824,CP001487.1_506,CP142614.1_3548
contig_277	276662	276812	intergenic	.	CP142614.1_3604
contig_27710	122316	122463	intergenic	.	CP142623.1_3652
contig_27710	163189	163447	intergenic	.	AP012548.1_1093,AP012548.1_3585,CP001429.2_1082,CP001487.1_3272,CP142614.1_3314,CP142614.1_812
contig_27710	349496	349630	362328	gene	CP001487.1_2381,CP003000.1_681,CP142623.1_428
contig_27710	349496	349630	362328	mRNA	CP001487.1_2381,CP003000.1_681,CP142623.1_428
contig_2776	7082	7426	intergenic	.	AP012548.1_3178,AP012548.1_3179,CP001429.2_3215,CP142614.1_2907,CP142614.1_2908,CP142623.1_3441,CP142623.1_3442
contig_27804	280276	280817	281273	mRNA	AP012548.1_4027,AP012548.1_4028,AP012548.1_4029,AP012548.1_4030,CP001487.1_301,CP142614.1_3750,CP142614.1_3751,CP142614.1_3752,CP142614.1_3753,CP142623.1_2596,CP142623.1_2597,CP142623.1_2598,CP142623.1_2599
contig_27804	280276	280817	281282	gene	AP012548.1_4027,AP012548.1_4028,AP012548.1_4029,AP012548.1_4030,CP001487.1_301,CP142614.1_3750,CP142614.1_3751,CP142614.1_3752,CP142614.1_3753,CP142623.1_2596,CP142623.1_2597,CP142623.1_2598,CP142623.1_2599
contig_27832	102035	102449	intergenic	.	CP001487.1_1378,CP001487.1_1380,CP142614.1_2676,CP142614.1_2678,CP142623.1_3675,CP142623.1_3677
contig_27832	199075	199307	intergenic	.	AP012548.1_1219,AP012548.1_1220,CP001487.1_3145,CP142614.1_936,CP142614.1_937,CP142623.1_1191,CP142623.1_1192,CP142623.1_1193
contig_27832	263872	264156	intergenic	.	AP012548.1_1225,AP012548.1_2519,CP142614.1_2237,CP142614.1_942,CP142623.1_1187
contig_27832	342115	342250	intergenic	.	AP012548.1_3352,CP001487.1_3471,CP142614.1_3082,CP142623.1_3272
contig_27832	495333	495488	506993	gene	AP012548.1_3092,CP001429.2_3129
contig_27832	495333	495488	506993	mRNA	AP012548.1_3092,CP001429.2_3129
contig_27832	508434	508542	intergenic	.	CP001487.1_3088
contig_27832	531114	531600	intergenic	.	AP012548.1_3148,AP012548.1_3624,AP012548.1_3714,CP001429.2_3749,CP001487.1_708,CP142614.1_3352,CP142614.1_3437,CP142623.1_2912,CP142623.1_3003
contig_2788	88894	89225	intergenic	.	AP012548.1_1673,CP001487.1_1931,CP001487.1_2033,CP142614.1_1389,CP142614.1_2155,CP142623.1_4186,CP142623.1_740
contig_2788	104577	104743	intergenic	.	AP012548.1_2824,CP142614.1_2553
contig_2788	168432	168603	intergenic	.	AP012548.1_3553,AP012548.1_3554,CP003000.1_3319,CP142614.1_3282,CP142623.1_3073
contig_2788	192938	193296	intergenic	.	AP012548.1_2535,AP012548.1_2536,AP012548.1_3269,CP001487.1_1061,CP001487.1_1832,CP003000.1_3032,CP142614.1_2254,CP142614.1_2998,CP142623.1_3355,CP142623.1_3356,CP142623.1_4087
contig_2788	441849	442244	intergenic	.	AP012548.1_1572,AP012548.1_1573,AP012548.1_687,CP001429.2_1579,CP001487.1_2793,CP142614.1_1289,CP142614.1_1290,CP142614.1_404,CP142623.1_1727,CP142623.1_839
contig_27959	108052	108223	intergenic	.	AP012548.1_455,CP142614.1_173
contig_27968	446195	446417	intergenic	.	AP012548.1_1022,CP142614.1_740,CP142623.1_1391,CP142623.1_1443
contig_2797	497839	498025	520087	mRNA	AP012548.1_2466,AP012548.1_850,CP001429.2_857,CP001487.1_3498,CP142614.1_2185,CP142614.1_567,CP142614.1_568,CP142623.1_1564,CP142623.1_4156
contig_2797	497839	498025	520133	gene	AP012548.1_2466,AP012548.1_850,CP001429.2_857,CP001487.1_3498,CP142614.1_2185,CP142614.1_567,CP142614.1_568,CP142623.1_1564,CP142623.1_4156
contig_2797	1216759	1216873	intergenic	.	AP012548.1_739,CP001487.1_3608,CP142623.1_1675
contig_2800	2201	2746	intergenic	.	AP012548.1_2561,AP012548.1_2562,AP012548.1_2602,AP012548.1_3955,AP012548.1_3956,CP142614.1_2279,CP142614.1_2280,CP142623.1_2670,CP142623.1_4020,CP142623.1_4061,CP142623.1_4062
contig_2800	558445	558678	intergenic	.	AP012548.1_1286,AP012548.1_1287,CP001487.1_3077,CP001487.1_3078,CP003000.1_1295,CP003000.1_1296,CP142614.1_1004,CP142614.1_1005,CP142623.1_1124,CP142623.1_1125
contig_2800	567080	567269	intergenic	.	AP012548.1_24,CP001429.2_25,CP001487.1_87,CP142614.1_3964,CP142623.1_2386
contig_2800	927325	927426	intergenic	.	CP001487.1_2202
contig_2800	931437	931665	intergenic	.	AP012548.1_2906,AP012548.1_2907,CP001487.1_1419,CP142614.1_2635,CP142614.1_2636,CP142623.1_3716,CP142623.1_3717
contig_2800	1594183	1594338	1605008	gene	AP012548.1_908,CP001487.1_3438,CP003000.1_1637,CP142614.1_626,CP142623.1_1505
contig_2800	1594183	1594338	1605008	mRNA	AP012548.1_908,CP001487.1_3438,CP003000.1_1637,CP142614.1_626,CP142623.1_1505
contig_2807	3656	3771	intergenic	.	AP012548.1_3772,CP001487.1_557
contig_28102	236340	236537	intergenic	.	AP012548.1_2202,AP012548.1_2203,CP142614.1_1919,CP142623.1_209
contig_2811	282337	282888	314976	gene	AP012548.1_1095,AP012548.1_404,AP012548.1_523,AP012548.1_524,CP001429.2_1084,CP001487.1_3824,CP003000.1_1488,CP003000.1_1967,CP003000.1_1968,CP142614.1_122,CP142614.1_242,CP142614.1_243,CP142614.1_813,CP142614.1_814,CP142623.1_1317,CP142623.1_2004
contig_2811	282337	282888	314976	mRNA	AP012548.1_1095,AP012548.1_404,AP012548.1_523,AP012548.1_524,CP001429.2_1084,CP001487.1_3824,CP003000.1_1488,CP003000.1_1967,CP003000.1_1968,CP142614.1_122,CP142614.1_242,CP142614.1_243,CP142614.1_813,CP142614.1_814,CP142623.1_1317,CP142623.1_2004
contig_2811	671450	671599	intergenic	.	AP012548.1_1690,CP001429.2_1697,CP142614.1_1406,CP142623.1_723
contig_2811	1003594	1003673	intergenic	.	CP001487.1_898,CP142623.1_3193
contig_28160	314328	314798	intergenic	.	AP012548.1_1678,AP012548.1_1692,AP012548.1_3098,AP012548.1_3797,CP142614.1_1394,CP142614.1_1408,CP142614.1_2827,CP142614.1_3520,CP142623.1_2829,CP142623.1_3524,CP142623.1_721,CP142623.1_735
contig_28160	315222	315457	intergenic	.	CP142614.1_2780,CP142623.1_3571
contig_28210	45255	45396	intergenic	.	CP001487.1_3682,CP142614.1_380
contig_28216	81953	82236	intergenic	.	AP012548.1_2823,CP142614.1_2552,CP142623.1_3799,CP142623.1_3800
contig_28282	820057	820252	intergenic	.	AP012548.1_1525,CP001487.1_2840,CP142614.1_1241,CP142614.1_1242,CP142623.1_887
contig_28282	820530	820655	intergenic	.	CP001429.2_1531
contig_2830	17273	17454	intergenic	.	AP012548.1_302,CP001429.2_1006,CP142614.1_18
contig_2830	24786	24934	intergenic	.	AP012548.1_2960
contig_2830	51930	52166	intergenic	.	AP012548.1_1876,CP142614.1_1592,CP142623.1_537
contig_2830	163782	163859	intergenic	.	AP012548.1_3944,CP001487.1_386,CP142623.1_2682
contig_2830	387928	388037	intergenic	.	AP012548.1_3988,CP001487.1_342,CP003000.1_3698,CP142614.1_3711,CP142623.1_2638
contig_2830	633975	634094	intergenic	.	AP012548.1_276,CP142623.1_2133
contig_2835	84473	84676	intergenic	.	AP012548.1_1267,AP012548.1_1268,CP001429.2_1274,CP001487.1_3096,CP142614.1_985,CP142623.1_1143,CP142623.1_1144
contig_2835	145261	145366	intergenic	.	CP001429.2_2021,CP142614.1_1729,CP142623.1_399
contig_2835	608522	609123	intergenic	.	AP012548.1_3369,AP012548.1_3370,CP001429.2_3938,CP142614.1_3099,CP142614.1_3100,CP142623.1_3254,CP142623.1_3255
contig_28361	55339	55520	intergenic	.	AP012548.1_3852,CP001487.1_3038,CP142614.1_3575,CP142623.1_2774
contig_28361	72792	72908	intergenic	.	CP142614.1_944
contig_28385	5527	5850	intergenic	.	AP012548.1_463,AP012548.1_464,AP012548.1_465,CP001429.2_468,CP001429.2_469,CP001487.1_3887,CP003000.1_411,CP142614.1_181,CP142614.1_182,CP142614.1_183,CP142623.1_1943,CP142623.1_1944,CP142623.1_1945
contig_28385	569331	569535	intergenic	.	AP012548.1_1368,CP001429.2_1374,CP142614.1_1085,CP142623.1_1043,CP142623.1_1044
contig_28426	55654	55899	intergenic	.	AP012548.1_2454,AP012548.1_701,CP001429.2_2468,CP001487.1_1914,CP142614.1_2172,CP142614.1_2173,CP142614.1_419,CP142623.1_1713,CP142623.1_4168
contig_28438	47460	47540	intergenic	.	CP001429.2_3328,CP001487.1_1038,CP003000.1_3055
contig_2846	11831	11940	intergenic	.	CP142623.1_3426
contig_28531	288166	288303	intergenic	.	AP012548.1_295,CP001487.1_4064,CP142614.1_11,CP142614.1_12,CP142623.1_2114
contig_28531	1941539	1941869	intergenic	.	AP012548.1_238,AP012548.1_239,CP142614.1_4178,CP142614.1_4179,CP142623.1_2171,CP142623.1_2173
contig_28531	1959782	1959921	intergenic	.	AP012548.1_1719,CP142614.1_1435,CP142623.1_694
contig_28531	2021468	2021546	intergenic	.	AP012548.1_3903
contig_28535	1163626	1163719	intergenic	.	AP012548.1_2299,CP142614.1_2017,CP142623.1_112
contig_2857	660424	660713	660680	CDS	AP012548.1_2101,AP012548.1_2102,AP012548.1_2103,CP001487.1_2264,CP142614.1_1818,CP142614.1_1819,CP142623.1_310
contig_2857	660424	660713	660680	exon	AP012548.1_2101,AP012548.1_2102,AP012548.1_2103,CP001487.1_2264,CP142614.1_1818,CP142614.1_1819,CP142623.1_310
contig_2857	660424	660713	660680	gene	AP012548.1_2101,AP012548.1_2102,AP012548.1_2103,CP001487.1_2264,CP142614.1_1818,CP142614.1_1819,CP142623.1_310
contig_2857	660424	660713	660680	mRNA	AP012548.1_2101,AP012548.1_2102,AP012548.1_2103,CP001487.1_2264,CP142614.1_1818,CP142614.1_1819,CP142623.1_310
contig_2857	660424	660713	660680	start_codon	AP012548.1_2101,AP012548.1_2102,AP012548.1_2103,CP001487.1_2264,CP142614.1_1818,CP142614.1_1819,CP142623.1_310
contig_2857	660680	660713	intergenic	.	AP012548.1_2101,AP012548.1_2102,AP012548.1_2103,CP001487.1_2264,CP142614.1_1818,CP142614.1_1819,CP142623.1_310
contig_2857	1643740	1643840	intergenic	.	AP012548.1_3510
contig_2857	1921862	1921996	intergenic	.	AP012548.1_1942,CP142614.1_1657,CP142614.1_1658,CP142623.1_471
contig_28570	29645	29785	intergenic	.	AP012548.1_1384,CP001487.1_1401,CP142614.1_1101,CP142623.1_1027
contig_28611	29264	29428	intergenic	.	AP012548.1_2482,AP012548.1_2483,CP001429.2_2499,CP142614.1_2202,CP142623.1_4139,CP142623.1_4140
contig_28639	6012	6223	intergenic	.	CP142614.1_833,CP142623.1_1297
contig_28639	14480	14725	intergenic	.	AP012548.1_3685,AP012548.1_3686,CP001487.1_646,CP142614.1_3408,CP142614.1_3409,CP142623.1_2940,CP142623.1_2941
contig_28639	48576	49052	intergenic	.	AP012548.1_277,AP012548.1_279,CP142614.1_4216,CP142614.1_4217,CP142614.1_4218,CP142623.1_2130,CP142623.1_2132,CP142623.1_2133
contig_28639	163880	164255	intergenic	.	AP012548.1_1236,AP012548.1_1885,CP001429.2_1893,CP001429.2_3199,CP142614.1_1601,CP142614.1_953,CP142623.1_1175
contig_28639	541716	541816	intergenic	.	AP012548.1_770,CP001487.1_3577,CP142614.1_488,CP142623.1_1644
contig_28639	587705	588001	intergenic	.	AP012548.1_1317,AP012548.1_1318,AP012548.1_1319,CP142614.1_1035,CP142614.1_1036,CP142623.1_1093,CP142623.1_1094
contig_28639	775904	776325	intergenic	.	AP012548.1_2380,AP012548.1_937,CP001429.2_2394,CP003000.1_2137,CP003000.1_384,CP142614.1_2098,CP142623.1_1476,CP142623.1_32
contig_28695	62770	62884	82740	mRNA	CP001487.1_1940
contig_28695	62770	62884	83552	gene	CP001487.1_1940
contig_2872	316694	316833	intergenic	.	AP012548.1_3356,CP001487.1_974,CP142614.1_3086,CP142623.1_3268
contig_2872	654728	655099	660028	mRNA	AP012548.1_2033,AP012548.1_2034,AP012548.1_425,CP001487.1_2333,CP003000.1_632,CP142614.1_143,CP142614.1_1750,CP142623.1_1984,CP142623.1_379
contig_2872	654728	655099	660155	gene	AP012548.1_2033,AP012548.1_2034,AP012548.1_425,CP001487.1_2333,CP003000.1_632,CP142614.1_143,CP142614.1_1750,CP142623.1_1984,CP142623.1_379
contig_28823	52679	52864	intergenic	.	AP012548.1_2826,CP142614.1_2555,CP142614.1_2556,CP142623.1_3796
contig_28823	184862	185020	206045	mRNA	AP012548.1_3896,CP142623.1_2730
contig_28823	184862	185020	206132	gene	AP012548.1_3896,CP142623.1_2730
contig_28873	209513	209775	intergenic	.	CP001487.1_3619,CP142623.1_1686,CP142623.1_1687
contig_28962	55654	55801	intergenic	.	CP001487.1_3739,CP142623.1_1808
contig_28962	83365	83459	intergenic	.	AP012548.1_754,CP142614.1_472,CP142623.1_1660
contig_28998	25136	25321	intergenic	.	AP012548.1_3218,CP001429.2_3255,CP001487.1_1111,CP003000.1_2990,CP142614.1_2947,CP142623.1_3402
contig_29014	214687	214922	intergenic	.	AP012548.1_1849,AP012548.1_1850,CP001487.1_2515,CP003000.1_802,CP142614.1_1565,CP142614.1_1566,CP142623.1_563
contig_29030	640574	640741	intergenic	.	AP012548.1_655,CP142614.1_372,CP142623.1_1759
contig_29030	707896	708416	intergenic	.	AP012548.1_2240,AP012548.1_3349,CP142614.1_1957,CP142614.1_1958,CP142614.1_3079,CP142614.1_3080,CP142623.1_171,CP142623.1_172,CP142623.1_3275
contig_29030	921780	921994	intergenic	.	AP012548.1_2248,AP012548.1_2249,CP001487.1_2118,CP003000.1_434,CP142614.1_1965,CP142614.1_1966,CP142623.1_163,CP142623.1_164
contig_29173	32431	32568	intergenic	.	AP012548.1_3357,CP001487.1_973,CP142614.1_3087,CP142623.1_3267
contig_29173	97170	97684	intergenic	.	AP012548.1_2100,CP001429.2_1618,CP142614.1_1328,CP142614.1_1816,CP142614.1_1817,CP142623.1_312,CP142623.1_313,CP142623.1_800
contig_29173	469558	469696	518416	mRNA	AP012548.1_1814,CP142614.1_1530,CP142623.1_598
contig_29173	469558	469696	518588	gene	AP012548.1_1814,CP142614.1_1530,CP142623.1_598
contig_29173	726738	727181	750785	mRNA	AP012548.1_1733,AP012548.1_869,CP001487.1_2632,CP001487.1_3476,CP142614.1_1449,CP142614.1_587,CP142623.1_1544,CP142623.1_680
contig_29173	726738	727181	750975	gene	AP012548.1_1733,AP012548.1_869,CP001487.1_2632,CP001487.1_3476,CP142614.1_1449,CP142614.1_587,CP142623.1_1544,CP142623.1_680
contig_29173	874794	874939	intergenic	.	AP012548.1_2481,CP142614.1_2199,CP142614.1_2200,CP142623.1_4141
contig_29173	1216510	1216746	intergenic	.	AP012548.1_1095,AP012548.1_1096,AP012548.1_191,CP142614.1_4130,CP142614.1_4131,CP142614.1_814,CP142623.1_1316,CP142623.1_2220
contig_29181	142761	142958	intergenic	.	AP012548.1_1845,CP001429.2_1852,CP142614.1_1561,CP142614.1_1562,CP142623.1_567,CP142623.1_568
contig_29182	10951	11140	intergenic	.	AP012548.1_2538,CP142614.1_2256,CP142614.1_2257,CP142623.1_4084,CP142623.1_4085
contig_29182	80413	80636	intergenic	.	AP012548.1_1559,AP012548.1_1560,CP001429.2_1566,CP001487.1_2805,CP142614.1_1276,CP142614.1_1277,CP142623.1_852,CP142623.1_853
contig_29438	184657	184934	intergenic	.	AP012548.1_2840,CP001429.2_2874,CP142614.1_2569,CP142614.1_2570,CP142623.1_3781,CP142623.1_3782
contig_29482	12294	12492	intergenic	.	CP142614.1_3453,CP142614.1_366,CP142623.1_2895
contig_29483	455	610	intergenic	.	AP012548.1_2946,CP001429.2_2983,CP142614.1_2675,CP142623.1_3678
contig_29483	985	1182	intergenic	.	AP012548.1_2948,CP001429.2_2985,CP142614.1_2677,CP142623.1_3676
contig_29553	1784	1925	intergenic	.	CP001487.1_2415,CP142623.1_462
contig_29585	45289	45430	intergenic	.	AP012548.1_4128,CP142614.1_3852,CP142623.1_2498
contig_29601	496870	497172	intergenic	.	AP012548.1_4122,CP001487.1_205,CP142614.1_3845,CP142614.1_3846,CP142623.1_2504,CP142623.1_2505
contig_29601	734856	735133	intergenic	.	AP012548.1_3331,CP001487.1_3523,CP001487.1_999,CP142614.1_3061
contig_29601	738161	738276	intergenic	.	CP001429.2_2786,CP001487.1_1572
contig_29601	1401065	1401190	intergenic	.	CP142623.1_1611
contig_29601	1476925	1477091	1540570	mRNA	AP012548.1_3152,CP001429.2_3189,CP003000.1_2926,CP003000.1_2927,CP142614.1_2880,CP142623.1_3470
contig_29601	1476925	1477091	1541330	gene	AP012548.1_3152,CP001429.2_3189,CP003000.1_2926,CP003000.1_2927,CP142614.1_2880,CP142623.1_3470
contig_29627	94124	94239	intergenic	.	AP012548.1_1904,CP001487.1_2461,CP142614.1_1620,CP142623.1_508,CP142623.1_509
contig_29627	234348	234460	intergenic	.	AP012548.1_1298,CP001429.2_1304,CP142614.1_1015,CP142623.1_1114
contig_29724	44187	44597	139014	mRNA	AP012548.1_3681,CP001429.2_3714,CP142614.1_3404,CP142623.1_2945
contig_29724	44187	44597	140006	gene	AP012548.1_3681,CP001429.2_3714,CP142614.1_3404,CP142623.1_2945
contig_29724	124340	124530	139014	mRNA	AP012548.1_2339,AP012548.1_2340,CP001429.2_2354,CP001487.1_2027,CP142614.1_2058,CP142623.1_72
contig_29724	124340	124530	140006	gene	AP012548.1_2339,AP012548.1_2340,CP001429.2_2354,CP001487.1_2027,CP142614.1_2058,CP142623.1_72
contig_29724	212608	212976	intergenic	.	AP012548.1_629,AP012548.1_630,CP001487.1_3715,CP001487.1_3716,CP003000.1_1868,CP142614.1_346,CP142614.1_347,CP142623.1_1783,CP142623.1_1784,CP142623.1_1785
contig_29768	76696	77072	intergenic	.	AP012548.1_3343,AP012548.1_3344,CP003000.1_819,CP142614.1_3074,CP142623.1_3280,CP142623.1_3281
contig_298	123485	123596	intergenic	.	AP012548.1_4017
contig_29903	146110	146321	intergenic	.	AP012548.1_566,CP142614.1_283,CP142614.1_284,CP142623.1_1847,CP142623.1_1848
contig_29903	155589	155904	intergenic	.	AP012548.1_1481,CP001487.1_2883,CP142614.1_1199,CP142614.1_1200,CP142623.1_930
contig_29903	292458	292632	292669	CDS	AP012548.1_3151,CP142614.1_2879,CP142623.1_3471
contig_29903	292458	292632	292669	exon	AP012548.1_3151,CP142614.1_2879,CP142623.1_3471
contig_29903	292458	292632	409744	gene	AP012548.1_3151,CP142614.1_2879,CP142623.1_3471
contig_29903	292458	292632	409744	mRNA	AP012548.1_3151,CP142614.1_2879,CP142623.1_3471
contig_29903	394596	394820	409744	gene	AP012548.1_246,CP142614.1_4186,CP142623.1_2164,CP142623.1_2165
contig_29903	394596	394820	409744	mRNA	AP012548.1_246,CP142614.1_4186,CP142623.1_2164,CP142623.1_2165
contig_2992	379369	379620	intergenic	.	AP012548.1_794,AP012548.1_795,CP001429.2_801,CP001487.1_3552,CP003000.1_1748,CP142614.1_512,CP142614.1_513,CP142623.1_1619,CP142623.1_1620
contig_2992	644460	644562	intergenic	.	CP142614.1_1250,CP142623.1_878
contig_29937	184828	184965	195273	gene	AP012548.1_3608,CP003000.1_3373,CP142614.1_3337,CP142623.1_3018
contig_29937	184828	184965	195273	mRNA	AP012548.1_3608,CP003000.1_3373,CP142614.1_3337,CP142623.1_3018
contig_29937	321093	321390	intergenic	.	AP012548.1_341,CP001487.1_4017,CP142614.1_59,CP142623.1_2067,CP142623.1_2068
contig_29946	81151	81460	intergenic	.	AP012548.1_735,AP012548.1_736,AP012548.1_737,CP001429.2_751,CP001429.2_752,CP001487.1_3610,CP001487.1_3611,CP001487.1_3612,CP003000.1_1806,CP003000.1_1807,CP142614.1_453,CP142614.1_454,CP142614.1_455,CP142623.1_1677,CP142623.1_1678,CP142623.1_1679
contig_29949	146124	146603	intergenic	.	AP012548.1_3860,CP142614.1_1400,CP142614.1_3583,CP142623.1_2766,CP142623.1_729
contig_29949	246181	246331	intergenic	.	CP001487.1_3744,CP142623.1_1813
contig_29949	349526	349949	361334	mRNA	AP012548.1_1387,AP012548.1_1388,CP001429.2_1395,CP001487.1_2978,CP003000.1_1197,CP142614.1_1104,CP142614.1_1105,CP142623.1_1023,CP142623.1_1024,CP142623.1_1025
contig_29949	349526	349949	361420	gene	AP012548.1_1387,AP012548.1_1388,CP001429.2_1395,CP001487.1_2978,CP003000.1_1197,CP142614.1_1104,CP142614.1_1105,CP142623.1_1023,CP142623.1_1024,CP142623.1_1025
contig_30005	444742	444862	intergenic	.	CP142614.1_4016,CP142623.1_2334
contig_30005	525206	525463	590782	gene	AP012548.1_1477,AP012548.1_1478,CP001487.1_2887,CP142614.1_1194,CP142614.1_1195,CP142623.1_933,CP142623.1_934
contig_30005	525206	525463	590782	mRNA	AP012548.1_1477,AP012548.1_1478,CP001487.1_2887,CP142614.1_1194,CP142614.1_1195,CP142623.1_933,CP142623.1_934
contig_3003	34693	34924	intergenic	.	AP012548.1_2788,CP142614.1_2507,CP142623.1_3834,CP142623.1_3835
contig_3003	831762	832077	intergenic	.	AP012548.1_829,CP001487.1_3517,CP142614.1_547,CP142623.1_1584,CP142623.1_1585
contig_3003	2480829	2481023	intergenic	.	AP012548.1_2697,CP142614.1_2416,CP142623.1_3925
contig_3003	2800283	2800539	intergenic	.	AP012548.1_1924,CP001429.2_1932,CP003000.1_727,CP142614.1_1639,CP142614.1_1640,CP142623.1_488
contig_3003	3603684	3603886	intergenic	.	AP012548.1_1103,CP001429.2_1092,CP001487.1_3262,CP003000.1_1479,CP142614.1_822,CP142623.1_1309
contig_30035	1458	1546	intergenic	.	CP001487.1_2080,CP142614.1_2004,CP142623.1_125
contig_30035	157055	157379	intergenic	.	AP012548.1_2530,AP012548.1_2531,CP001487.1_1837,CP003000.1_2277,CP142614.1_2249,CP142623.1_4092
contig_30035	357457	357786	intergenic	.	AP012548.1_2192,AP012548.1_2193,AP012548.1_522,CP142614.1_1909,CP142614.1_240,CP142623.1_219,CP142623.1_220
contig_30035	430444	430622	intergenic	.	AP012548.1_3531,CP001487.1_801,CP142614.1_3259,CP142623.1_3096
contig_30068	80513	80655	intergenic	.	CP142614.1_1622
contig_30069	48145	48267	intergenic	.	AP012548.1_2442,CP001429.2_2456,CP001487.1_1925,CP142614.1_2161,CP142623.1_4180
contig_30069	54162	54287	intergenic	.	AP012548.1_1061,CP003000.1_1521
contig_3007	116940	117015	129575	mRNA	CP001487.1_1422
contig_3007	116940	117015	129606	gene	CP001487.1_1422
contig_3007	410048	410323	intergenic	.	AP012548.1_45,AP012548.1_46,CP001429.2_1510,CP001487.1_66,CP003000.1_45,CP142614.1_3984,CP142614.1_3985,CP142614.1_3986,CP142623.1_2364,CP142623.1_2365,CP142623.1_909
contig_3007	459016	459347	intergenic	.	AP012548.1_2551,AP012548.1_2552,AP012548.1_2553,CP142614.1_2270,CP142614.1_2271,CP142623.1_4070,CP142623.1_4071
contig_3007	487720	487812	intergenic	.	AP012548.1_3973,CP003000.1_3684,CP142614.1_3696,CP142623.1_2653
contig_301	187649	187903	187845	gene	AP012548.1_360,CP001487.1_3999,CP142614.1_2587
contig_301	187649	187903	187845	polyA_signal_sequence	AP012548.1_360,CP001487.1_3999,CP142614.1_2587
contig_301	187845	187903	intergenic	.	AP012548.1_360,CP001487.1_3999,CP142614.1_2587
contig_30173	74429	74724	intergenic	.	AP012548.1_3252,AP012548.1_3659,CP003000.1_3422,CP142623.1_2968
contig_30173	124070	124524	intergenic	.	AP012548.1_2154,AP012548.1_2459,AP012548.1_2460,CP001487.1_1907,CP003000.1_2215,CP142614.1_1871,CP142614.1_2178,CP142623.1_4162,CP142623.1_4163
contig_30173	179129	179299	intergenic	.	AP012548.1_2638,CP142614.1_2357,CP142623.1_3984
contig_30173	246199	246837	intergenic	.	AP012548.1_1579,AP012548.1_1580,AP012548.1_1626,AP012548.1_1627,AP012548.1_1628,CP001487.1_2738,CP142614.1_1296,CP142614.1_1343,CP142614.1_1344,CP142623.1_784,CP142623.1_785,CP142623.1_786,CP142623.1_832
contig_30173	348112	348449	intergenic	.	AP012548.1_1473,CP142614.1_1188,CP142623.1_940
contig_30173	366599	366871	intergenic	.	AP012548.1_4108,AP012548.1_4109,AP012548.1_4110,CP001487.1_222,CP003000.1_3817,CP142614.1_3832,CP142614.1_3833,CP142623.1_2517,CP142623.1_2518
contig_30173	395508	395869	intergenic	.	AP012548.1_1774,AP012548.1_3840,AP012548.1_3870,AP012548.1_3871,CP142614.1_1490,CP142614.1_3563,CP142614.1_3564,CP142614.1_3594,CP142623.1_2755,CP142623.1_2756,CP142623.1_2786,CP142623.1_639
contig_30173	396595	396705	intergenic	.	AP012548.1_3131,CP001487.1_1197
contig_30173	589480	589704	intergenic	.	AP012548.1_1234,CP001487.1_3130,CP003000.1_1347,CP142614.1_952,CP142623.1_1177
contig_30173	624236	624393	intergenic	.	AP012548.1_3428,CP001487.1_902,CP003000.1_3195,CP142614.1_3158
contig_30173	886462	886592	intergenic	.	AP012548.1_3335,CP142614.1_3066,CP142623.1_3289
contig_30173	1145873	1146010	intergenic	.	AP012548.1_1322,CP001487.1_3042,CP142623.1_1089
contig_30173	1713280	1713442	intergenic	.	AP012548.1_1501,CP001487.1_2863,CP142614.1_1218,CP142623.1_910
contig_30173	1960973	1961453	intergenic	.	AP012548.1_1863,AP012548.1_1864,AP012548.1_1866,CP001429.2_1871,CP001487.1_2501,CP142614.1_1579,CP142623.1_547,CP142623.1_549
contig_30173	1992392	1992496	intergenic	.	AP012548.1_2901,AP012548.1_2902,CP142614.1_2630,CP142623.1_3722
contig_30173	1996665	1996902	intergenic	.	AP012548.1_3017,CP142614.1_2746,CP142623.1_3604,CP142623.1_3605
contig_3018	261569	261662	intergenic	.	CP001487.1_3149,CP142614.1_932
contig_30311	6042	6245	intergenic	.	AP012548.1_2190,AP012548.1_2191,CP001429.2_2199,CP001487.1_2175,CP142614.1_1906,CP142614.1_1907,CP142623.1_221,CP142623.1_222
contig_30311	158925	159045	188869	gene	AP012548.1_2982,AP012548.1_2983,CP142614.1_2711,CP142614.1_2712,CP142623.1_3640
contig_30311	158925	159045	188869	mRNA	AP012548.1_2982,AP012548.1_2983,CP142614.1_2711,CP142614.1_2712,CP142623.1_3640
contig_30389	43066	43155	intergenic	.	AP012548.1_604,CP001487.1_3741
contig_30446	50124	50688	intergenic	.	AP012548.1_3481,AP012548.1_3482,AP012548.1_3483,CP142614.1_3209,CP142614.1_3210,CP142623.1_3144
contig_3049	468622	468865	intergenic	.	CP001487.1_3548,CP001487.1_3549,CP003000.1_1745,CP142614.1_517,CP142623.1_1614,CP142623.1_1615
contig_30553	141283	141463	intergenic	.	CP001487.1_2091,CP003000.1_2034,CP142614.1_1993,CP142623.1_136
contig_30553	165476	165626	intergenic	.	CP001487.1_1018,CP142614.1_3042
contig_30553	276430	276790	intergenic	.	AP012548.1_1480,AP012548.1_80,CP001429.2_1488,CP142614.1_1197,CP142614.1_1198,CP142614.1_4020,CP142623.1_2330,CP142623.1_931
contig_30553	333855	333935	359335	mRNA	CP001487.1_3927
contig_30553	333855	333935	359349	gene	CP001487.1_3927
contig_30553	462206	462465	intergenic	.	AP012548.1_324,CP001429.2_327,CP001487.1_4036,CP142614.1_40,CP142614.1_41,CP142623.1_2084,CP142623.1_2085
contig_30553	607887	608232	intergenic	.	AP012548.1_1979,CP142614.1_1693,CP142614.1_1694,CP142614.1_1695,CP142623.1_434
contig_30560	33806	34065	intergenic	.	AP012548.1_3768,AP012548.1_556,CP142614.1_3491,CP142623.1_2858
contig_30560	197921	198354	intergenic	.	AP012548.1_1660,AP012548.1_1661,CP001429.2_1667,CP001487.1_2704,CP001487.1_2705,CP003000.1_991,CP142614.1_1375,CP142614.1_1376,CP142614.1_1377,CP142623.1_752,CP142623.1_753
contig_3057	75411	75583	intergenic	.	AP012548.1_1402,CP142623.1_1009,CP142623.1_3427
contig_3057	641890	642078	intergenic	.	AP012548.1_1634,AP012548.1_1635,CP001487.1_2731,CP142614.1_1351
contig_30620	23411	23508	39627	gene	AP012548.1_2707
contig_30620	23411	23508	39627	mRNA	AP012548.1_2707
contig_30620	58916	59030	intergenic	.	AP012548.1_990,CP142623.1_1422
contig_30711	24825	25210	60692	gene	AP012548.1_2403,AP012548.1_3548,AP012548.1_4163,CP001429.2_2417,CP001487.1_164,CP001487.1_165,CP001487.1_1964,CP003000.1_2159,CP003000.1_3862,CP142614.1_2121,CP142614.1_3277,CP142614.1_3886,CP142614.1_3887,CP142623.1_2463,CP142623.1_2464,CP142623.1_3078,CP142623.1_9
contig_30711	24825	25210	60692	mRNA	AP012548.1_2403,AP012548.1_3548,AP012548.1_4163,CP001429.2_2417,CP001487.1_164,CP001487.1_165,CP001487.1_1964,CP003000.1_2159,CP003000.1_3862,CP142614.1_2121,CP142614.1_3277,CP142614.1_3886,CP142614.1_3887,CP142623.1_2463,CP142623.1_2464,CP142623.1_3078,CP142623.1_9
contig_30711	118903	119162	120825	gene	AP012548.1_870,CP142614.1_588,CP142623.1_1542
contig_30711	118903	119162	120825	mRNA	AP012548.1_870,CP142614.1_588,CP142623.1_1542
contig_30711	174637	174786	intergenic	.	AP012548.1_2537,CP142614.1_2255,CP142623.1_4086
contig_30836	136050	136264	170189	mRNA	AP012548.1_850,CP001487.1_3497,CP142614.1_568,CP142614.1_569,CP142623.1_1563
contig_30836	136050	136264	170801	gene	AP012548.1_850,CP001487.1_3497,CP142614.1_568,CP142614.1_569,CP142623.1_1563
contig_30836	2207039	2207154	intergenic	.	AP012548.1_488,CP142614.1_206,CP142623.1_1920
contig_30915	101304	101507	102059	gene	AP012548.1_975,AP012548.1_976,CP001429.2_965,CP142614.1_694,CP142623.1_1436,CP142623.1_1437
contig_30915	101304	101507	102059	mRNA	AP012548.1_975,AP012548.1_976,CP001429.2_965,CP142614.1_694,CP142623.1_1436,CP142623.1_1437
contig_30915	193013	193345	360362	gene	AP012548.1_2524,AP012548.1_2525,CP142614.1_2241,CP142614.1_2242,CP142614.1_2243,CP142623.1_4097,CP142623.1_4098,CP142623.1_4099
contig_30915	193013	193345	360362	mRNA	AP012548.1_2524,AP012548.1_2525,CP142614.1_2241,CP142614.1_2242,CP142614.1_2243,CP142623.1_4097,CP142623.1_4098,CP142623.1_4099
contig_30915	406116	406518	intergenic	.	AP012548.1_3934,AP012548.1_3935,AP012548.1_3936,CP001429.2_3974,CP001487.1_395,CP001487.1_396,CP142614.1_3657,CP142614.1_3658,CP142614.1_3659,CP142623.1_2690,CP142623.1_2691,CP142623.1_2692
contig_30915	406924	407117	intergenic	.	AP012548.1_261,AP012548.1_2834,CP142614.1_4200,CP142623.1_2148,CP142623.1_3788
contig_310	315520	315781	intergenic	.	AP012548.1_1180,AP012548.1_1181,CP001487.1_3184,CP001487.1_3185,CP003000.1_1402,CP142614.1_898,CP142623.1_1230,CP142623.1_1231
contig_31089	169567	170050	intergenic	.	AP012548.1_3363,CP001487.1_3281,CP003000.1_1498,CP142614.1_3093,CP142614.1_803,CP142623.1_1328
contig_311	44276	44420	intergenic	.	AP012548.1_2729,CP001487.1_1596,CP003000.1_2520,CP142614.1_2448,CP142623.1_3893
contig_311	424985	425169	intergenic	.	AP012548.1_1491,CP142614.1_1208,CP142614.1_1209,CP142623.1_920
contig_31102	82952	83258	intergenic	.	AP012548.1_2316,AP012548.1_2317,AP012548.1_2318,CP001429.2_2331,CP001487.1_2049,CP001487.1_2050,CP142614.1_2034,CP142614.1_2035,CP142623.1_94,CP142623.1_95
contig_31102	221927	222073	intergenic	.	CP142614.1_3664
contig_3116	1395783	1396124	intergenic	.	AP012548.1_22,AP012548.1_2555,AP012548.1_303,CP001429.2_22,CP001487.1_4057,CP001487.1_89,CP003000.1_22,CP142614.1_2273,CP142614.1_3962,CP142623.1_2388,CP142623.1_4068
contig_312	618437	618539	intergenic	.	AP012548.1_3141,CP142614.1_2870,CP142623.1_3480
contig_312	1121459	1121736	intergenic	.	AP012548.1_1289,CP142614.1_1006,CP142614.1_1007,CP142623.1_1122
contig_312	1427764	1428007	1437686	mRNA	AP012548.1_1958,AP012548.1_1959,CP142614.1_1673,CP142614.1_1674,CP142614.1_1675,CP142623.1_454,CP142623.1_455
contig_312	1427764	1428007	1437942	gene	AP012548.1_1958,AP012548.1_1959,CP142614.1_1673,CP142614.1_1674,CP142614.1_1675,CP142623.1_454,CP142623.1_455
contig_312	3024330	3024695	intergenic	.	AP012548.1_462,CP001429.2_1067,CP001429.2_2256,CP001487.1_2124,CP003000.1_440,CP142623.1_545
contig_31231	1373773	1374251	intergenic	.	AP012548.1_3897,AP012548.1_3898,CP001429.2_3936,CP142614.1_3619,CP142614.1_3620,CP142614.1_3621,CP142614.1_3622,CP142623.1_2728,CP142623.1_2729
contig_31231	1396434	1396814	1396611	CDS	AP012548.1_2740,AP012548.1_2741,CP001487.1_1584,CP001487.1_1585,CP003000.1_2531,CP003000.1_2532,CP003000.1_2533,CP142614.1_2459,CP142614.1_2460,CP142623.1_3881,CP142623.1_3882
contig_31231	1396434	1396814	1396611	exon	AP012548.1_2740,AP012548.1_2741,CP001487.1_1584,CP001487.1_1585,CP003000.1_2531,CP003000.1_2532,CP003000.1_2533,CP142614.1_2459,CP142614.1_2460,CP142623.1_3881,CP142623.1_3882
contig_31231	1396434	1396814	1396874	CDS	AP012548.1_2740,AP012548.1_2741,CP001487.1_1584,CP001487.1_1585,CP003000.1_2531,CP003000.1_2532,CP003000.1_2533,CP142614.1_2459,CP142614.1_2460,CP142623.1_3881,CP142623.1_3882
contig_31231	1396434	1396814	1396874	exon	AP012548.1_2740,AP012548.1_2741,CP001487.1_1584,CP001487.1_1585,CP003000.1_2531,CP003000.1_2532,CP003000.1_2533,CP142614.1_2459,CP142614.1_2460,CP142623.1_3881,CP142623.1_3882
contig_31231	1396434	1396814	1396874	gene	AP012548.1_2740,AP012548.1_2741,CP001487.1_1584,CP001487.1_1585,CP003000.1_2531,CP003000.1_2532,CP003000.1_2533,CP142614.1_2459,CP142614.1_2460,CP142623.1_3881,CP142623.1_3882
contig_31231	1396434	1396814	1396874	mRNA	AP012548.1_2740,AP012548.1_2741,CP001487.1_1584,CP001487.1_1585,CP003000.1_2531,CP003000.1_2532,CP003000.1_2533,CP142614.1_2459,CP142614.1_2460,CP142623.1_3881,CP142623.1_3882
contig_31231	1404099	1404239	intergenic	.	CP142614.1_2531
contig_31238	30587	30749	intergenic	.	AP012548.1_405,CP001429.2_409,CP001487.1_3946,CP003000.1_356,CP142614.1_122,CP142614.1_123,CP142623.1_2003,CP142623.1_2004
contig_31280	333938	334177	intergenic	.	AP012548.1_4032,CP142614.1_3755,CP142614.1_3756,CP142623.1_2594,CP142623.1_2595
contig_3139	92867	93017	intergenic	.	CP142623.1_3738
contig_31390	20340	20494	intergenic	.	AP012548.1_3154,CP001429.2_3191,CP003000.1_2930,CP142614.1_2882,CP142614.1_2883,CP142623.1_3467,CP142623.1_3468
contig_31390	49892	50014	intergenic	.	AP012548.1_2570,CP001487.1_1773,CP142623.1_4053
contig_31390	184791	184872	intergenic	.	AP012548.1_1031,CP142614.1_750,CP142623.1_1381
contig_314	87182	87618	intergenic	.	AP012548.1_1086,AP012548.1_1087,AP012548.1_3398,CP001487.1_3279,CP001487.1_932,CP142614.1_3128,CP142614.1_805,CP142614.1_806,CP142623.1_1325,CP142623.1_1326,CP142623.1_3226
contig_31424	11390	11765	intergenic	.	AP012548.1_1433,AP012548.1_1434,CP142614.1_1150,CP142614.1_1151,CP142623.1_977,CP142623.1_978,CP142623.1_979
contig_31424	13585	13795	intergenic	.	AP012548.1_386,CP142614.1_104
contig_31424	63705	63919	intergenic	.	AP012548.1_3603,AP012548.1_3604,AP012548.1_3605,CP001429.2_3647,CP001429.2_3648,CP001487.1_727,CP003000.1_3369,CP142614.1_2402,CP142614.1_3332,CP142614.1_3333,CP142623.1_3022,CP142623.1_3023,CP142623.1_3939
contig_31424	63705	64424	111575	mRNA	AP012548.1_3603,AP012548.1_3604,AP012548.1_3605,CP001429.2_3647,CP001429.2_3648,CP001487.1_727,CP003000.1_3369,CP142614.1_2402,CP142614.1_3332,CP142614.1_3333,CP142623.1_3022,CP142623.1_3023,CP142623.1_3939
contig_31424	63705	64424	111844	gene	AP012548.1_3603,AP012548.1_3604,AP012548.1_3605,CP001429.2_3647,CP001429.2_3648,CP001487.1_727,CP003000.1_3369,CP142614.1_2402,CP142614.1_3332,CP142614.1_3333,CP142623.1_3022,CP142623.1_3023,CP142623.1_3939
contig_31424	63705	64424	63922	start_codon	AP012548.1_3603,AP012548.1_3604,AP012548.1_3605,CP001429.2_3647,CP001429.2_3648,CP001487.1_727,CP003000.1_3369,CP142614.1_2402,CP142614.1_3332,CP142614.1_3333,CP142623.1_3022,CP142623.1_3023,CP142623.1_3939
contig_31424	63705	64424	64112	CDS	AP012548.1_3603,AP012548.1_3604,AP012548.1_3605,CP001429.2_3647,CP001429.2_3648,CP001487.1_727,CP003000.1_3369,CP142614.1_2402,CP142614.1_3332,CP142614.1_3333,CP142623.1_3022,CP142623.1_3023,CP142623.1_3939
contig_31424	63705	64424	64112	exon	AP012548.1_3603,AP012548.1_3604,AP012548.1_3605,CP001429.2_3647,CP001429.2_3648,CP001487.1_727,CP003000.1_3369,CP142614.1_2402,CP142614.1_3332,CP142614.1_3333,CP142623.1_3022,CP142623.1_3023,CP142623.1_3939
contig_31424	166748	167045	220381	gene	AP012548.1_1204,AP012548.1_1205,CP001429.2_1194,CP001487.1_3160,CP003000.1_1379,CP142614.1_921,CP142614.1_922,CP142623.1_1206,CP142623.1_1207,CP142623.1_1208
contig_31424	166748	167045	220381	mRNA	AP012548.1_1204,AP012548.1_1205,CP001429.2_1194,CP001487.1_3160,CP003000.1_1379,CP142614.1_921,CP142614.1_922,CP142623.1_1206,CP142623.1_1207,CP142623.1_1208
contig_31427	295700	295785	intergenic	.	AP012548.1_3015,CP142614.1_2744,CP142623.1_3607
contig_31427	296356	296481	intergenic	.	AP012548.1_3016,CP142614.1_2745,CP142623.1_3606
contig_31463	247254	247709	intergenic	.	AP012548.1_2976,AP012548.1_2977,CP001429.2_3015,CP003000.1_2755,CP142614.1_2706,CP142623.1_3646
contig_31463	272966	273147	intergenic	.	CP001487.1_92,CP142614.1_3959
contig_31463	520917	521178	intergenic	.	AP012548.1_3450,CP001487.1_880,CP142614.1_3178,CP142623.1_3176,CP142623.1_3177
contig_31662	62996	63218	intergenic	.	AP012548.1_1699,CP142614.1_4026,CP142623.1_2324
contig_317	261232	261445	intergenic	.	AP012548.1_2830,AP012548.1_854,CP142614.1_2559,CP142623.1_1560,CP142623.1_3793
contig_317	329413	329679	339428	mRNA	AP012548.1_3067,AP012548.1_3068,CP001429.2_3104,CP001487.1_1261,CP142614.1_2796,CP142614.1_2797,CP142623.1_3554,CP142623.1_3555
contig_317	329413	329679	339769	gene	AP012548.1_3067,AP012548.1_3068,CP001429.2_3104,CP001487.1_1261,CP142614.1_2796,CP142614.1_2797,CP142623.1_3554,CP142623.1_3555
contig_317	709732	709906	intergenic	.	AP012548.1_529,AP012548.1_530,CP003000.1_1962,CP142614.1_248,CP142614.1_249,CP142623.1_1882,CP142623.1_1883
contig_317	1115795	1116061	intergenic	.	AP012548.1_3391,CP001487.1_117,CP001487.1_118,CP142614.1_3121,CP142614.1_3934,CP142623.1_2416,CP142623.1_3233
contig_31807	63983	64491	intergenic	.	AP012548.1_4208,AP012548.1_4209,AP012548.1_4210,CP001429.2_4240,CP003000.1_3909,CP142614.1_3931,CP142614.1_3932,CP142614.1_3933,CP142623.1_2419
contig_31816	83767	84153	90116	mRNA	AP012548.1_1817,AP012548.1_2952,CP001487.1_1375,CP001487.1_2547,CP003000.1_2729,CP003000.1_834,CP142614.1_1533,CP142614.1_2681,CP142623.1_3672,CP142623.1_595
contig_31816	83767	84153	90130	gene	AP012548.1_1817,AP012548.1_2952,CP001487.1_1375,CP001487.1_2547,CP003000.1_2729,CP003000.1_834,CP142614.1_1533,CP142614.1_2681,CP142623.1_3672,CP142623.1_595
contig_31816	194818	195008	intergenic	.	AP012548.1_3741,CP142614.1_3463,CP142614.1_3464,CP142623.1_2884,CP142623.1_2885
contig_31816	289329	289741	305596	mRNA	AP012548.1_3162,AP012548.1_3986,CP142614.1_2891,CP142614.1_3709,CP142614.1_3710,CP142623.1_2639,CP142623.1_2640,CP142623.1_3458
contig_31816	289329	289741	305642	gene	AP012548.1_3162,AP012548.1_3986,CP142614.1_2891,CP142614.1_3709,CP142614.1_3710,CP142623.1_2639,CP142623.1_2640,CP142623.1_3458
contig_31816	395689	395792	intergenic	.	AP012548.1_763,CP142614.1_481,CP142623.1_1651
contig_31816	994862	995015	1022670	gene	AP012548.1_247,CP142614.1_4187,CP142623.1_2163
contig_31816	994862	995015	1022670	mRNA	AP012548.1_247,CP142614.1_4187,CP142623.1_2163
contig_31855	103581	103765	intergenic	.	AP012548.1_418,AP012548.1_419,CP003000.1_369,CP142614.1_137,CP142623.1_1989,CP142623.1_1990
contig_31862	86557	86959	129957	mRNA	AP012548.1_1428,AP012548.1_1771,AP012548.1_1772,CP001429.2_1778,CP001487.1_2594,CP001487.1_2936,CP001487.1_2937,CP003000.1_881,CP142614.1_1145,CP142614.1_1487,CP142614.1_1488,CP142623.1_641,CP142623.1_642,CP142623.1_983,CP142623.1_984
contig_31862	86557	86959	129980	gene	AP012548.1_1428,AP012548.1_1771,AP012548.1_1772,CP001429.2_1778,CP001487.1_2594,CP001487.1_2936,CP001487.1_2937,CP003000.1_881,CP142614.1_1145,CP142614.1_1487,CP142614.1_1488,CP142623.1_641,CP142623.1_642,CP142623.1_983,CP142623.1_984
contig_31917	511963	512051	intergenic	.	AP012548.1_3221,CP142614.1_2949
contig_32037	461615	461871	intergenic	.	AP012548.1_2357,AP012548.1_2358,CP001487.1_2009,CP001487.1_2010,CP142614.1_2076,CP142623.1_54,CP142623.1_55
contig_32037	504845	504941	intergenic	.	CP142614.1_4138,CP142623.1_2212
contig_32039	97698	97828	intergenic	.	AP012548.1_2475,CP001429.2_2490,CP001487.1_1892,CP142614.1_2194,CP142623.1_4146,CP142623.1_4147
contig_32044	41016	41150	intergenic	.	CP142614.1_3925
contig_32050	7242	7714	intergenic	.	AP012548.1_1601,AP012548.1_1602,AP012548.1_179,CP001429.2_1608,CP001487.1_2765,CP142614.1_1317,CP142614.1_1318,CP142614.1_4119,CP142623.1_811
contig_32079	107399	107536	intergenic	.	AP012548.1_350
contig_32079	538171	538320	intergenic	.	CP142623.1_3492
contig_32079	990206	990381	intergenic	.	AP012548.1_362,CP001429.2_366,CP001487.1_3997,CP142614.1_80
contig_32079	1782547	1782660	1798577	gene	AP012548.1_608,CP142614.1_325,CP142623.1_1806
contig_32079	1782547	1782660	1798577	mRNA	AP012548.1_608,CP142614.1_325,CP142623.1_1806
contig_32079	1895161	1895431	1898332	gene	AP012548.1_2618,AP012548.1_2619,CP003000.1_2409,CP142614.1_2337,CP142614.1_2338,CP142623.1_4003,CP142623.1_4004
contig_32079	1895161	1895431	1898332	mRNA	AP012548.1_2618,AP012548.1_2619,CP003000.1_2409,CP142614.1_2337,CP142614.1_2338,CP142623.1_4003,CP142623.1_4004
contig_3212	93110	93368	intergenic	.	AP012548.1_1325,AP012548.1_1326,CP142614.1_1043,CP142623.1_1085,CP142623.1_1086
contig_3212	242603	243291	intergenic	.	AP012548.1_2065,AP012548.1_2066,AP012548.1_2067,CP001429.2_2072,CP001429.2_2074,CP001487.1_2299,CP001487.1_2300,CP001487.1_2302,CP003000.1_600,CP003000.1_603,CP142614.1_1780,CP142614.1_1782,CP142614.1_1783,CP142623.1_345,CP142623.1_346,CP142623.1_347
contig_3212	269383	269538	intergenic	.	CP001487.1_2105,CP142614.1_1979,CP142623.1_150
contig_3212	278450	278683	intergenic	.	AP012548.1_1871,AP012548.1_1872,CP001429.2_1879,CP001487.1_2493,CP142614.1_1587,CP142623.1_541,CP142623.1_542
contig_32120	278662	279074	279095	CDS	AP012548.1_2813,AP012548.1_2814,AP012548.1_2815,CP001487.1_1510,CP001487.1_1512,CP003000.1_2603,CP003000.1_2604,CP142614.1_2542,CP142614.1_2543,CP142614.1_2544,CP142623.1_3808,CP142623.1_3809
contig_32120	278662	279074	279095	exon	AP012548.1_2813,AP012548.1_2814,AP012548.1_2815,CP001487.1_1510,CP001487.1_1512,CP003000.1_2603,CP003000.1_2604,CP142614.1_2542,CP142614.1_2543,CP142614.1_2544,CP142623.1_3808,CP142623.1_3809
contig_32120	278662	279074	279095	gene	AP012548.1_2813,AP012548.1_2814,AP012548.1_2815,CP001487.1_1510,CP001487.1_1512,CP003000.1_2603,CP003000.1_2604,CP142614.1_2542,CP142614.1_2543,CP142614.1_2544,CP142623.1_3808,CP142623.1_3809
contig_32120	278662	279074	279095	mRNA	AP012548.1_2813,AP012548.1_2814,AP012548.1_2815,CP001487.1_1510,CP001487.1_1512,CP003000.1_2603,CP003000.1_2604,CP142614.1_2542,CP142614.1_2543,CP142614.1_2544,CP142623.1_3808,CP142623.1_3809
contig_32131	473118	473308	intergenic	.	AP012548.1_1282,CP142614.1_999
contig_32131	1049120	1049379	intergenic	.	AP012548.1_964,AP012548.1_965,CP142614.1_683,CP142623.1_1448
contig_3229	21112	21295	intergenic	.	AP012548.1_228,CP142614.1_4168,CP142623.1_2182,CP142623.1_2183
contig_3229	379197	379532	intergenic	.	AP012548.1_3359,AP012548.1_3360,AP012548.1_3361,CP001487.1_971,CP142614.1_3090,CP142614.1_3091,CP142623.1_3264,CP142623.1_3265
contig_3229	619512	619720	intergenic	.	AP012548.1_1104,CP001429.2_1093,CP001487.1_3261,CP003000.1_1478,CP142614.1_823,CP142623.1_1307,CP142623.1_1308
contig_3238	1207089	1207252	intergenic	.	AP012548.1_2392,CP001487.1_1974,CP003000.1_2149,CP142614.1_2111,CP142623.1_20
contig_3247	1561259	1561745	intergenic	.	AP012548.1_1143,AP012548.1_1144,AP012548.1_204,AP012548.1_205,CP001487.1_4154,CP142614.1_4144,CP142614.1_4145,CP142614.1_862,CP142614.1_863,CP142623.1_2205,CP142623.1_2206
contig_32476	399803	399888	intergenic	.	CP142614.1_2217,CP142623.1_4124
contig_32476	458925	459186	intergenic	.	AP012548.1_1248,AP012548.1_1249,CP142614.1_966,CP142623.1_1162,CP142623.1_1163
contig_32476	459452	459613	intergenic	.	AP012548.1_1247,AP012548.1_1248,CP001429.2_1254,CP003000.1_1335,CP142614.1_965,CP142623.1_1163,CP142623.1_1164
contig_32476	574605	574890	intergenic	.	AP012548.1_4061,AP012548.1_4062,AP012548.1_4063,CP001429.2_4103,CP001487.1_268,CP003000.1_3773,CP142614.1_3785,CP142614.1_3786,CP142623.1_2563,CP142623.1_2564,CP142623.1_2565
contig_32476	628292	628506	intergenic	.	AP012548.1_63,AP012548.1_64,CP001487.1_48,CP142614.1_4003,CP142614.1_4004,CP142623.1_2346,CP142623.1_2347
contig_32476	1471384	1471672	intergenic	.	AP012548.1_2135,AP012548.1_2136,CP001429.2_2144,CP001487.1_2230,CP001487.1_2231,CP142614.1_1852,CP142614.1_1853,CP142623.1_276,CP142623.1_277
contig_3248	958108	958289	intergenic	.	AP012548.1_162,CP001487.1_4196,CP142614.1_4101,CP142614.1_4102,CP142623.1_2248,CP142623.1_2249
contig_32566	371277	371420	intergenic	.	AP012548.1_3194,CP142614.1_2922
contig_32566	536068	536340	intergenic	.	AP012548.1_3690,AP012548.1_3691,CP001487.1_641,CP142614.1_3413,CP142614.1_3414,CP142623.1_2935
contig_32579	66846	67099	intergenic	.	AP012548.1_2080,AP012548.1_2081,CP001487.1_2285,CP142614.1_1797,CP142614.1_1798,CP142623.1_331,CP142623.1_332
contig_32579	162342	162472	intergenic	.	AP012548.1_1048,CP001429.2_1037,CP003000.1_1534,CP142614.1_767,CP142623.1_1364
contig_32579	217988	218296	intergenic	.	CP142614.1_3350,CP142614.1_3351,CP142623.1_3004,CP142623.1_3005
contig_32579	242479	242993	283080	mRNA	AP012548.1_1811,AP012548.1_1812,CP001429.2_1818,CP001487.1_2551,CP142614.1_1527,CP142614.1_1528,CP142614.1_1529,CP142623.1_599,CP142623.1_600,CP142623.1_601
contig_32579	242479	242993	283169	gene	AP012548.1_1811,AP012548.1_1812,CP001429.2_1818,CP001487.1_2551,CP142614.1_1527,CP142614.1_1528,CP142614.1_1529,CP142623.1_599,CP142623.1_600,CP142623.1_601
contig_326	232700	232783	intergenic	.	AP012548.1_2115,CP142614.1_1831,CP142623.1_297
contig_32614	13303	13464	16161	gene	AP012548.1_984,CP142614.1_702
contig_32614	13303	13464	16161	mRNA	AP012548.1_984,CP142614.1_702
contig_32616	34091	34215	intergenic	.	AP012548.1_1166,CP001429.2_1156,CP001487.1_3199,CP142614.1_885,CP142623.1_1245
contig_32642	85775	85970	intergenic	.	AP012548.1_3371,CP142614.1_3101
contig_32642	141387	141711	intergenic	.	AP012548.1_224,AP012548.1_225,AP012548.1_577,CP142614.1_4164,CP142614.1_4165,CP142623.1_2186
contig_32677	1331260	1331367	1331385	gene	AP012548.1_2914,CP142614.1_2643,CP142614.1_3778
contig_3269	453525	453851	469676	gene	AP012548.1_3671,CP001487.1_661,CP142614.1_3394,CP142614.1_3395,CP142623.1_2955
contig_3269	453525	453851	469676	mRNA	AP012548.1_3671,CP001487.1_661,CP142614.1_3394,CP142614.1_3395,CP142623.1_2955
contig_328	696201	696437	intergenic	.	AP012548.1_1781,AP012548.1_1782,CP001429.2_1788,CP001487.1_2584,CP142614.1_1497,CP142614.1_1498,CP142623.1_631
contig_328	730158	730257	intergenic	.	AP012548.1_1854,CP001429.2_1861,CP003000.1_798,CP142614.1_1570
contig_328	847707	847849	intergenic	.	AP012548.1_3533,CP142614.1_3261,CP142623.1_3094
contig_328	1218852	1218953	intergenic	.	CP142623.1_665
contig_32811	72263	72534	intergenic	.	AP012548.1_644,CP001429.2_655,CP001429.2_656,CP001487.1_3701,CP001487.1_3702,CP142614.1_361,CP142623.1_1770
contig_32919	42406	42635	intergenic	.	AP012548.1_823,AP012548.1_824,CP001429.2_830,CP142614.1_541,CP142614.1_542,CP142623.1_1591
contig_32919	42940	43060	intergenic	.	CP001487.1_3525,CP003000.1_1721
contig_3292	518667	518792	intergenic	.	AP012548.1_1391,CP001429.2_1398,CP001487.1_2973,CP142614.1_1108,CP142623.1_1020
contig_3300	219535	219836	intergenic	.	AP012548.1_2695,AP012548.1_2696,CP001487.1_1629,CP142614.1_2414,CP142614.1_2415,CP142623.1_3926,CP142623.1_3927
contig_3300	506391	506498	512813	gene	AP012548.1_2599,CP001487.1_1725,CP142614.1_2318,CP142614.1_2319,CP142623.1_4023
contig_3300	506391	506498	512813	mRNA	AP012548.1_2599,CP001487.1_1725,CP142614.1_2318,CP142614.1_2319,CP142623.1_4023
contig_33022	47897	48000	82518	mRNA	AP012548.1_2131,CP001487.1_2235,CP003000.1_536,CP142614.1_1847,CP142614.1_1848,CP142623.1_281
contig_33022	47897	48000	82539	gene	AP012548.1_2131,CP001487.1_2235,CP003000.1_536,CP142614.1_1847,CP142614.1_1848,CP142623.1_281
contig_33110	316277	316368	316354	CDS	CP142623.1_3814
contig_33110	316277	316368	316354	exon	CP142623.1_3814
contig_33110	316277	316368	318825	gene	CP142623.1_3814
contig_33110	316277	316368	318825	mRNA	CP142623.1_3814
contig_33110	363380	363726	intergenic	.	AP012548.1_1917,AP012548.1_959,AP012548.1_960,CP001487.1_2448,CP142614.1_1633,CP142614.1_677,CP142614.1_678,CP142623.1_1453,CP142623.1_495
contig_33110	371106	371328	intergenic	.	AP012548.1_331,AP012548.1_332,CP001487.1_4028,CP003000.1_287,CP142614.1_48,CP142623.1_2077
contig_33110	603928	604370	intergenic	.	AP012548.1_2290,AP012548.1_3640,AP012548.1_968,CP001429.2_2304,CP001487.1_2077,CP001487.1_3397,CP001487.1_692,CP003000.1_1597,CP142614.1_1488,CP142614.1_2007,CP142614.1_3368,CP142614.1_687,CP142623.1_122,CP142623.1_1444,CP142623.1_2987
contig_33110	696483	696580	intergenic	.	CP001487.1_612,CP142614.1_3443,CP142623.1_2905
contig_33110	813971	814163	intergenic	.	AP012548.1_3879,CP142614.1_3603,CP142623.1_2747,CP142623.1_683
contig_33179	183697	183876	intergenic	.	AP012548.1_3687,CP142614.1_3410,CP142623.1_2939
contig_33211	30881	31079	intergenic	.	AP012548.1_476,CP001487.1_3876,CP142614.1_194,CP142614.1_195,CP142623.1_1932
contig_33230	330751	330841	intergenic	.	CP001429.2_973,CP001487.1_3382
contig_33230	331080	331189	intergenic	.	AP012548.1_984,CP142614.1_703,CP142623.1_1428
contig_334	33566	33658	intergenic	.	AP012548.1_3382,CP001429.2_3425,CP001487.1_948,CP142614.1_3112,CP142623.1_3242
contig_334	48172	48382	49401	gene	CP142614.1_2238,CP142623.1_4103
contig_334	48172	48382	49401	mRNA	CP142614.1_2238,CP142623.1_4103
contig_3342	815714	815882	intergenic	.	AP012548.1_2943,CP003000.1_10,CP142614.1_2672,CP142614.1_3950,CP142623.1_2400,CP142623.1_3680,CP142623.1_3681
contig_33438	142107	142288	147600	gene	CP001429.2_1190,CP001487.1_3164,CP142623.1_1211
contig_33438	142107	142288	147600	mRNA	CP001429.2_1190,CP001487.1_3164,CP142623.1_1211
contig_33441	24998	25150	intergenic	.	AP012548.1_1951
contig_33475	239240	239410	intergenic	.	AP012548.1_2621,CP142623.1_4001
contig_33478	45767	45899	intergenic	.	AP012548.1_652,CP001429.2_664,CP001487.1_3693,CP142614.1_369,CP142623.1_1762
contig_33488	80798	81078	intergenic	.	AP012548.1_2371,AP012548.1_2372,CP142614.1_2090,CP142614.1_2091,CP142623.1_40
contig_33488	232872	233201	intergenic	.	CP001429.2_2989,CP142614.1_4036,CP142623.1_2314
contig_33528	273130	273273	intergenic	.	AP012548.1_3512,CP142614.1_3241,CP142623.1_3114
contig_33539	72168	72363	intergenic	.	AP012548.1_2661,CP001429.2_2694,CP001487.1_1663,CP001487.1_1664,CP142623.1_3961
contig_33539	90566	90814	intergenic	.	AP012548.1_1202,AP012548.1_1344,AP012548.1_2650,AP012548.1_369,AP012548.1_4140,AP012548.1_4141,AP012548.1_730,AP012548.1_731,AP012548.1_732,CP001429.2_373,CP001429.2_4186,CP001487.1_1674,CP001487.1_186,CP001487.1_187,CP001487.1_3989,CP142614.1_3864,CP142614.1_448,CP142614.1_449,CP142614.1_450,CP142614.1_86,CP142614.1_87,CP142623.1_1209,CP142623.1_1682,CP142623.1_1683,CP142623.1_1684,CP142623.1_2039,CP142623.1_2040,CP142623.1_2486,CP142623.1_3972
contig_33539	90566	92252	113248	mRNA	AP012548.1_1202,AP012548.1_1344,AP012548.1_2650,AP012548.1_369,AP012548.1_4140,AP012548.1_4141,AP012548.1_730,AP012548.1_731,AP012548.1_732,CP001429.2_373,CP001429.2_4186,CP001487.1_1674,CP001487.1_186,CP001487.1_187,CP001487.1_3989,CP142614.1_3864,CP142614.1_448,CP142614.1_449,CP142614.1_450,CP142614.1_86,CP142614.1_87,CP142623.1_1209,CP142623.1_1682,CP142623.1_1683,CP142623.1_1684,CP142623.1_2039,CP142623.1_2040,CP142623.1_2486,CP142623.1_3972
contig_33539	90566	92252	113270	gene	AP012548.1_1202,AP012548.1_1344,AP012548.1_2650,AP012548.1_369,AP012548.1_4140,AP012548.1_4141,AP012548.1_730,AP012548.1_731,AP012548.1_732,CP001429.2_373,CP001429.2_4186,CP001487.1_1674,CP001487.1_186,CP001487.1_187,CP001487.1_3989,CP142614.1_3864,CP142614.1_448,CP142614.1_449,CP142614.1_450,CP142614.1_86,CP142614.1_87,CP142623.1_1209,CP142623.1_1682,CP142623.1_1683,CP142623.1_1684,CP142623.1_2039,CP142623.1_2040,CP142623.1_2486,CP142623.1_3972
contig_33539	90566	92252	90817	start_codon	AP012548.1_1202,AP012548.1_1344,AP012548.1_2650,AP012548.1_369,AP012548.1_4140,AP012548.1_4141,AP012548.1_730,AP012548.1_731,AP012548.1_732,CP001429.2_373,CP001429.2_4186,CP001487.1_1674,CP001487.1_186,CP001487.1_187,CP001487.1_3989,CP142614.1_3864,CP142614.1_448,CP142614.1_449,CP142614.1_450,CP142614.1_86,CP142614.1_87,CP142623.1_1209,CP142623.1_1682,CP142623.1_1683,CP142623.1_1684,CP142623.1_2039,CP142623.1_2040,CP142623.1_2486,CP142623.1_3972
contig_33539	90566	92252	90947	CDS	AP012548.1_1202,AP012548.1_1344,AP012548.1_2650,AP012548.1_369,AP012548.1_4140,AP012548.1_4141,AP012548.1_730,AP012548.1_731,AP012548.1_732,CP001429.2_373,CP001429.2_4186,CP001487.1_1674,CP001487.1_186,CP001487.1_187,CP001487.1_3989,CP142614.1_3864,CP142614.1_448,CP142614.1_449,CP142614.1_450,CP142614.1_86,CP142614.1_87,CP142623.1_1209,CP142623.1_1682,CP142623.1_1683,CP142623.1_1684,CP142623.1_2039,CP142623.1_2040,CP142623.1_2486,CP142623.1_3972
contig_33539	90566	92252	90947	exon	AP012548.1_1202,AP012548.1_1344,AP012548.1_2650,AP012548.1_369,AP012548.1_4140,AP012548.1_4141,AP012548.1_730,AP012548.1_731,AP012548.1_732,CP001429.2_373,CP001429.2_4186,CP001487.1_1674,CP001487.1_186,CP001487.1_187,CP001487.1_3989,CP142614.1_3864,CP142614.1_448,CP142614.1_449,CP142614.1_450,CP142614.1_86,CP142614.1_87,CP142623.1_1209,CP142623.1_1682,CP142623.1_1683,CP142623.1_1684,CP142623.1_2039,CP142623.1_2040,CP142623.1_2486,CP142623.1_3972
contig_33539	90566	92252	91825	CDS	AP012548.1_1202,AP012548.1_1344,AP012548.1_2650,AP012548.1_369,AP012548.1_4140,AP012548.1_4141,AP012548.1_730,AP012548.1_731,AP012548.1_732,CP001429.2_373,CP001429.2_4186,CP001487.1_1674,CP001487.1_186,CP001487.1_187,CP001487.1_3989,CP142614.1_3864,CP142614.1_448,CP142614.1_449,CP142614.1_450,CP142614.1_86,CP142614.1_87,CP142623.1_1209,CP142623.1_1682,CP142623.1_1683,CP142623.1_1684,CP142623.1_2039,CP142623.1_2040,CP142623.1_2486,CP142623.1_3972
contig_33539	90566	92252	91825	exon	AP012548.1_1202,AP012548.1_1344,AP012548.1_2650,AP012548.1_369,AP012548.1_4140,AP012548.1_4141,AP012548.1_730,AP012548.1_731,AP012548.1_732,CP001429.2_373,CP001429.2_4186,CP001487.1_1674,CP001487.1_186,CP001487.1_187,CP001487.1_3989,CP142614.1_3864,CP142614.1_448,CP142614.1_449,CP142614.1_450,CP142614.1_86,CP142614.1_87,CP142623.1_1209,CP142623.1_1682,CP142623.1_1683,CP142623.1_1684,CP142623.1_2039,CP142623.1_2040,CP142623.1_2486,CP142623.1_3972
contig_33539	343683	344117	intergenic	.	AP012548.1_2468,CP142614.1_2964,CP142614.1_3027,CP142623.1_3327,CP142623.1_3385,CP142623.1_4154
contig_33539	351811	352048	intergenic	.	AP012548.1_2572,AP012548.1_2573,CP142614.1_2290,CP142614.1_2291,CP142623.1_4050,CP142623.1_4051
contig_33539	1275297	1275452	intergenic	.	AP012548.1_1555,CP001487.1_2810,CP142614.1_1272,CP142623.1_856
contig_33554	114226	114646	121230	mRNA	AP012548.1_1793,AP012548.1_1795,AP012548.1_2390,CP001487.1_1977,CP001487.1_2571,CP142614.1_1509,CP142614.1_1511,CP142614.1_2108,CP142623.1_22,CP142623.1_618
contig_33554	114226	114646	121319	gene	AP012548.1_1793,AP012548.1_1795,AP012548.1_2390,CP001487.1_1977,CP001487.1_2571,CP142614.1_1509,CP142614.1_1511,CP142614.1_2108,CP142623.1_22,CP142623.1_618
contig_33582	115902	116024	intergenic	.	AP012548.1_1156,CP142614.1_875
contig_33582	116324	116427	intergenic	.	AP012548.1_2206,CP142614.1_1922,CP142623.1_206
contig_33593	151900	152191	intergenic	.	AP012548.1_1381,CP142614.1_1098,CP142623.1_1030,CP142623.1_1031
contig_33611	49788	50040	intergenic	.	AP012548.1_2800,AP012548.1_501,CP001429.2_506,CP003000.1_1994,CP142614.1_220,CP142614.1_2519,CP142623.1_1907,CP142623.1_3822
contig_3365	84629	84833	intergenic	.	AP012548.1_3514,AP012548.1_3515,CP001487.1_817,CP142614.1_3243,CP142623.1_3112
contig_3365	290538	290675	294389	gene	AP012548.1_2686,CP142614.1_2405,CP142623.1_3936
contig_3365	290538	290675	294389	mRNA	AP012548.1_2686,CP142614.1_2405,CP142623.1_3936
contig_3365	2335584	2335698	intergenic	.	AP012548.1_1977
contig_33685	286596	287021	intergenic	.	AP012548.1_2167,AP012548.1_2168,CP001429.2_2175,CP001487.1_2198,CP001487.1_2199,CP003000.1_499,CP142614.1_1883,CP142614.1_1884,CP142614.1_1885,CP142623.1_244,CP142623.1_245
contig_33685	319432	319536	intergenic	.	CP001429.2_1382
contig_3375	514946	515143	517368	gene	AP012548.1_2583,AP012548.1_898,CP142614.1_616,CP142623.1_1515
contig_3375	514946	515143	517368	mRNA	AP012548.1_2583,AP012548.1_898,CP142614.1_616,CP142623.1_1515
contig_3375	818256	818401	intergenic	.	AP012548.1_3708,CP142614.1_3431,CP142623.1_2918
contig_3378	70923	71074	intergenic	.	CP142614.1_2168
contig_33869	396837	396937	398603	gene	CP001429.2_1842,CP001487.1_2530,CP003000.1_817,CP142623.1_578
contig_33869	396837	396937	398603	mRNA	CP001429.2_1842,CP001487.1_2530,CP003000.1_817,CP142623.1_578
contig_33869	542193	542375	564496	mRNA	AP012548.1_1775,CP142614.1_1491,CP142623.1_637,CP142623.1_638
contig_33869	542193	542375	564550	gene	AP012548.1_1775,CP142614.1_1491,CP142623.1_637,CP142623.1_638
contig_33914	65553	65684	78792	gene	AP012548.1_825,CP142614.1_543,CP142623.1_1589
contig_33914	65553	65684	78792	mRNA	AP012548.1_825,CP142614.1_543,CP142623.1_1589
contig_33914	1021768	1022007	intergenic	.	CP001487.1_605,CP142614.1_3450,CP142623.1_2898
contig_33943	536395	536813	intergenic	.	AP012548.1_2401,AP012548.1_3569,CP001429.2_3613,CP001487.1_1966,CP001487.1_762,CP001487.1_763,CP142614.1_2119,CP142614.1_2120,CP142614.1_3297,CP142614.1_3298,CP142623.1_11,CP142623.1_3057,CP142623.1_3058
contig_33967	330446	330521	intergenic	.	AP012548.1_3957,CP001487.1_373,CP142614.1_3681,CP142623.1_2669
contig_34	327747	327977	329250	gene	AP012548.1_1261,CP142614.1_978,CP142623.1_1150
contig_34	327747	327977	329250	mRNA	AP012548.1_1261,CP142614.1_978,CP142623.1_1150
contig_34	581517	581592	intergenic	.	AP012548.1_2636,CP142623.1_3986
contig_34097	123231	123347	intergenic	.	CP001487.1_2294,CP142614.1_1789
contig_34129	59810	60039	123408	mRNA	AP012548.1_1062,CP001429.2_1051,CP003000.1_1520,CP142614.1_780,CP142614.1_781,CP142623.1_1350,CP142623.1_1351
contig_34129	59810	60039	123982	gene	AP012548.1_1062,CP001429.2_1051,CP003000.1_1520,CP142614.1_780,CP142614.1_781,CP142623.1_1350,CP142623.1_1351
contig_34129	59810	60039	60035	CDS	AP012548.1_1062,CP001429.2_1051,CP003000.1_1520,CP142614.1_780,CP142614.1_781,CP142623.1_1350,CP142623.1_1351
contig_34129	59810	60039	60035	exon	AP012548.1_1062,CP001429.2_1051,CP003000.1_1520,CP142614.1_780,CP142614.1_781,CP142623.1_1350,CP142623.1_1351
contig_34147	25341	25441	intergenic	.	CP142614.1_1042
contig_34147	31042	31128	intergenic	.	AP012548.1_4070,CP142614.1_3793,CP142623.1_2556
contig_34147	209467	209589	intergenic	.	CP142623.1_3855
contig_34212	28640	28768	intergenic	.	AP012548.1_375,CP142614.1_92,CP142614.1_93,CP142623.1_2033,CP142623.1_2034
contig_34212	151463	151632	182972	mRNA	AP012548.1_620,CP001429.2_631,CP003000.1_1878,CP142614.1_337,CP142623.1_1794
contig_34212	151463	151632	183174	gene	AP012548.1_620,CP001429.2_631,CP003000.1_1878,CP142614.1_337,CP142623.1_1794
contig_34239	328171	328407	intergenic	.	AP012548.1_2041,AP012548.1_2042,CP001487.1_2324,CP001487.1_2325,CP142614.1_1757,CP142614.1_1758,CP142623.1_371,CP142623.1_372
contig_34239	420436	420577	intergenic	.	AP012548.1_1873,CP142614.1_1589
contig_34294	236874	237180	intergenic	.	AP012548.1_4097,CP142614.1_3818,CP142614.1_3819,CP142623.1_2530,CP142623.1_2531
contig_3437	1592402	1592510	intergenic	.	AP012548.1_3914,CP001487.1_416,CP003000.1_3624,CP142614.1_3638,CP142623.1_2712
contig_3437	2014110	2014245	2077333	gene	AP012548.1_2289,CP003000.1_2048,CP142614.1_2006
contig_3437	2014110	2014245	2077333	mRNA	AP012548.1_2289,CP003000.1_2048,CP142614.1_2006
contig_3437	3496484	3496769	3512704	gene	AP012548.1_3208,AP012548.1_800,CP003000.1_1743,CP142614.1_2937,CP142614.1_518,CP142623.1_1614,CP142623.1_3412
contig_3437	3496484	3496769	3512704	mRNA	AP012548.1_3208,AP012548.1_800,CP003000.1_1743,CP142614.1_2937,CP142614.1_518,CP142623.1_1614,CP142623.1_3412
contig_3437	3862128	3862354	3862191	gene	AP012548.1_3375,CP142614.1_3105,CP142614.1_3106,CP142623.1_3249
contig_3437	3862128	3862354	3862191	polyA_signal_sequence	AP012548.1_3375,CP142614.1_3105,CP142614.1_3106,CP142623.1_3249
contig_3437	3862191	3862354	intergenic	.	AP012548.1_3375,CP142614.1_3105,CP142614.1_3106,CP142623.1_3249
contig_3437	4254103	4254283	intergenic	.	AP012548.1_3976,CP001487.1_354,CP003000.1_3687,CP142614.1_3699,CP142614.1_3700,CP142623.1_2650
contig_3437	4521377	4521719	intergenic	.	AP012548.1_2602,AP012548.1_2603,CP142614.1_2322,CP142614.1_2324,CP142623.1_4017,CP142623.1_4019
contig_34387	13493	13631	intergenic	.	AP012548.1_3922,CP001429.2_3961,CP001487.1_408,CP003000.1_3632,CP142614.1_3646,CP142623.1_2704
contig_34387	159587	159767	182797	gene	AP012548.1_733,CP142614.1_2167,CP142614.1_451,CP142623.1_1680,CP142623.1_1681
contig_34387	159587	159767	182797	mRNA	AP012548.1_733,CP142614.1_2167,CP142614.1_451,CP142623.1_1680,CP142623.1_1681
contig_34387	200803	200915	intergenic	.	CP142614.1_3681,CP142623.1_2668
contig_34387	340196	340482	intergenic	.	AP012548.1_2268,CP001429.2_2282,CP003000.1_414,CP142614.1_1985,CP142623.1_143,CP142623.1_144
contig_34560	33099	33322	intergenic	.	AP012548.1_1654,CP003000.1_996,CP142614.1_1370,CP142614.1_1371,CP142623.1_758
contig_34613	51761	51900	52937	gene	AP012548.1_2863,CP142623.1_3758
contig_34613	51761	51900	52937	mRNA	AP012548.1_2863,CP142623.1_3758
contig_34617	140772	141369	intergenic	.	AP012548.1_2719,AP012548.1_810,AP012548.1_811,CP001487.1_3536,CP003000.1_1733,CP142614.1_2438,CP142614.1_529,CP142623.1_1602,CP142623.1_1603,CP142623.1_1604,CP142623.1_3903
contig_3465	228196	228368	intergenic	.	AP012548.1_3703,CP142614.1_3426,CP142623.1_2923
contig_3465	653883	654084	intergenic	.	AP012548.1_2604,CP001487.1_1720,CP142614.1_2323,CP142623.1_4018
contig_3465	1121627	1121764	intergenic	.	AP012548.1_2748,CP142614.1_2467,CP142623.1_3873
contig_3465	1212319	1212452	intergenic	.	CP142623.1_3666
contig_3465	1511812	1511894	intergenic	.	AP012548.1_964,CP142614.1_682,CP142623.1_1449
contig_3465	1785368	1785466	intergenic	.	AP012548.1_2886
contig_3465	1857396	1857627	intergenic	.	AP012548.1_1874,CP142614.1_1589,CP142614.1_4177,CP142623.1_2173,CP142623.1_539
contig_3465	1963190	1963282	2075707	gene	AP012548.1_967,CP001429.2_955,CP142614.1_685,CP142623.1_1446
contig_3465	1963190	1963282	2075707	mRNA	AP012548.1_967,CP001429.2_955,CP142614.1_685,CP142623.1_1446
contig_3465	2187823	2188184	intergenic	.	AP012548.1_988,AP012548.1_989,CP001429.2_978,CP001429.2_979,CP001487.1_3377,CP003000.1_1577,CP003000.1_1578,CP142614.1_706,CP142614.1_707,CP142614.1_708,CP142623.1_1423,CP142623.1_1424
contig_34730	726079	726276	intergenic	.	AP012548.1_1851,AP012548.1_382,CP001487.1_2513,CP001487.1_2514,CP003000.1_800,CP003000.1_801,CP142614.1_1567,CP142614.1_99,CP142623.1_2027,CP142623.1_561,CP142623.1_562
contig_34730	726079	726369	726282	polyA_signal_sequence	AP012548.1_1851,AP012548.1_382,CP001487.1_2513,CP001487.1_2514,CP003000.1_800,CP003000.1_801,CP142614.1_1567,CP142614.1_99,CP142623.1_2027,CP142623.1_561,CP142623.1_562
contig_34730	726079	726369	727929	gene	AP012548.1_1851,AP012548.1_382,CP001487.1_2513,CP001487.1_2514,CP003000.1_800,CP003000.1_801,CP142614.1_1567,CP142614.1_99,CP142623.1_2027,CP142623.1_561,CP142623.1_562
contig_34743	281869	282279	intergenic	.	AP012548.1_1265,AP012548.1_312,CP001487.1_4048,CP142614.1_28,CP142614.1_982,CP142623.1_1147,CP142623.1_2097
contig_34750	76910	77097	intergenic	.	AP012548.1_871,CP001487.1_3475,CP142614.1_589,CP142623.1_1543
contig_34750	145081	145235	intergenic	.	AP012548.1_3623,CP142614.1_3352
contig_34750	187868	187947	intergenic	.	CP142623.1_1956
contig_34754	10548	10746	intergenic	.	AP012548.1_259,AP012548.1_260,CP001487.1_4100,CP142614.1_4199,CP142614.1_4200,CP142623.1_2149,CP142623.1_2150
contig_34754	103891	103972	intergenic	.	CP001487.1_2463
contig_3476	21528	21619	87382	gene	AP012548.1_3148,CP001487.1_1180,CP142614.1_2877,CP142623.1_3474
contig_3476	21528	21619	87382	mRNA	AP012548.1_3148,CP001487.1_1180,CP142614.1_2877,CP142623.1_3474
contig_3476	162088	162327	intergenic	.	AP012548.1_4162,AP012548.1_978,AP012548.1_979,CP001429.2_968,CP001487.1_3387,CP142614.1_697,CP142614.1_698,CP142623.1_1433,CP142623.1_1434
contig_3476	298712	298846	intergenic	.	AP012548.1_1362,CP001429.2_1369,CP003000.1_1221,CP003000.1_1222,CP142623.1_1049
contig_34852	24053	24151	intergenic	.	AP012548.1_3552,AP012548.1_3553,CP001429.2_3597,CP142614.1_3281,CP142623.1_3074
contig_3492	47610	47720	intergenic	.	AP012548.1_636,CP142614.1_353,CP142623.1_1778
contig_3492	276997	277177	314096	gene	AP012548.1_232,CP142623.1_2178
contig_3492	276997	277177	314096	mRNA	AP012548.1_232,CP142623.1_2178
contig_3492	522829	522935	intergenic	.	AP012548.1_3018,CP142614.1_2747
contig_34925	883055	883195	intergenic	.	CP142623.1_950
contig_34925	929459	929603	intergenic	.	AP012548.1_2031,CP142614.1_1747
contig_34925	1019596	1019788	1028862	mRNA	AP012548.1_370,CP142614.1_87,CP142614.1_88,CP142623.1_2038,CP142623.1_2039
contig_34925	1019596	1019788	1028883	gene	AP012548.1_370,CP142614.1_87,CP142614.1_88,CP142623.1_2038,CP142623.1_2039
contig_34966	206956	207106	intergenic	.	AP012548.1_1720,CP142614.1_1436,CP142623.1_693
contig_35	236404	236808	intergenic	.	CP001487.1_2020,CP142614.1_2063,CP142623.1_67
contig_35	610150	610281	intergenic	.	AP012548.1_3556,AP012548.1_3557,CP003000.1_3322,CP142614.1_3285,CP142614.1_3286,CP142623.1_3069,CP142623.1_3070
contig_35	731231	731363	758010	gene	AP012548.1_126,CP142614.1_4066,CP142623.1_2284
contig_35	731231	731363	758010	mRNA	AP012548.1_126,CP142614.1_4066,CP142623.1_2284
contig_35	764090	764440	766425	gene	AP012548.1_2147,AP012548.1_3614,CP001429.2_3658,CP001487.1_3726,CP001487.1_718,CP142614.1_1863,CP142614.1_1864,CP142614.1_3342,CP142614.1_3343,CP142623.1_265,CP142623.1_3012,CP142623.1_3013
contig_35	764090	764440	766425	mRNA	AP012548.1_2147,AP012548.1_3614,CP001429.2_3658,CP001487.1_3726,CP001487.1_718,CP142614.1_1863,CP142614.1_1864,CP142614.1_3342,CP142614.1_3343,CP142623.1_265,CP142623.1_3012,CP142623.1_3013
contig_3503	65661	65740	intergenic	.	CP142614.1_2902,CP142623.1_3447
contig_3505	7469	7632	intergenic	.	CP142614.1_3858,CP142614.1_4172,CP142623.1_2492
contig_3505	38803	39019	48463	mRNA	AP012548.1_727,CP001429.2_344,CP142614.1_445
contig_3505	38803	39019	49663	gene	AP012548.1_727,CP001429.2_344,CP142614.1_445
contig_35069	211013	211245	intergenic	.	AP012548.1_3861,AP012548.1_3862,CP001429.2_3900,CP001487.1_469,CP142614.1_3585,CP142614.1_3586,CP142623.1_2764,CP142623.1_2765
contig_3509	19159	19437	intergenic	.	AP012548.1_1752,AP012548.1_2365,CP142614.1_1468,CP142614.1_2084,CP142623.1_661
contig_35097	607034	607181	intergenic	.	AP012548.1_2997,CP142614.1_2726,CP142623.1_3626
contig_35102	43731	44053	intergenic	.	AP012548.1_2134,CP142614.1_1851,CP142623.1_278,CP142623.1_279
contig_35139	143362	143768	intergenic	.	AP012548.1_2024,AP012548.1_2026,CP001429.2_2034,CP001487.1_2340,CP142614.1_1740,CP142614.1_1741,CP142614.1_1742,CP142623.1_387,CP142623.1_389
contig_35139	143362	143790	143771	start_codon	AP012548.1_2024,AP012548.1_2026,CP001429.2_2034,CP001487.1_2340,CP142614.1_1740,CP142614.1_1741,CP142614.1_1742,CP142623.1_387,CP142623.1_389
contig_35139	143362	143790	144064	CDS	AP012548.1_2024,AP012548.1_2026,CP001429.2_2034,CP001487.1_2340,CP142614.1_1740,CP142614.1_1741,CP142614.1_1742,CP142623.1_387,CP142623.1_389
contig_35139	143362	143790	144064	exon	AP012548.1_2024,AP012548.1_2026,CP001429.2_2034,CP001487.1_2340,CP142614.1_1740,CP142614.1_1741,CP142614.1_1742,CP142623.1_387,CP142623.1_389
contig_35139	143362	143790	182943	mRNA	AP012548.1_2024,AP012548.1_2026,CP001429.2_2034,CP001487.1_2340,CP142614.1_1740,CP142614.1_1741,CP142614.1_1742,CP142623.1_387,CP142623.1_389
contig_35139	143362	143790	182950	gene	AP012548.1_2024,AP012548.1_2026,CP001429.2_2034,CP001487.1_2340,CP142614.1_1740,CP142614.1_1741,CP142614.1_1742,CP142623.1_387,CP142623.1_389
contig_35166	66270	66759	intergenic	.	AP012548.1_2120,CP001487.1_2246,CP142614.1_1837,CP142614.1_2297,CP142623.1_292,CP142623.1_4044
contig_35168	73707	74030	intergenic	.	AP012548.1_13,AP012548.1_14,CP142614.1_3953,CP142614.1_3954,CP142623.1_2396,CP142623.1_2397
contig_35168	195450	196178	intergenic	.	AP012548.1_3322,AP012548.1_3734,AP012548.1_826,AP012548.1_827,CP001429.2_834,CP001487.1_3520,CP142614.1_3052,CP142614.1_3456,CP142614.1_3457,CP142614.1_544,CP142623.1_1587,CP142623.1_1588,CP142623.1_2892,CP142623.1_3302
contig_35168	408114	408391	intergenic	.	AP012548.1_2471,CP142614.1_1084,CP142623.1_1045,CP142623.1_4151
contig_35177	88040	88247	intergenic	.	AP012548.1_3410,AP012548.1_3411,CP001487.1_920,CP142614.1_3140,CP142614.1_3141,CP142623.1_3214
contig_3524	957028	957158	972698	mRNA	AP012548.1_1163,CP142614.1_882,CP142623.1_1248
contig_3524	957028	957158	972709	gene	AP012548.1_1163,CP142614.1_882,CP142623.1_1248
contig_35455	177518	177644	intergenic	.	AP012548.1_1102,CP001429.2_1091,CP142614.1_821,CP142623.1_1310
contig_35455	190806	191013	intergenic	.	AP012548.1_3945,CP001487.1_385,CP142614.1_3669,CP142623.1_2680
contig_35479	21255	21427	intergenic	.	AP012548.1_2070,CP003000.1_596,CP142614.1_1786,CP142614.1_1787,CP142623.1_341,CP142623.1_342
contig_35479	22329	22503	intergenic	.	AP012548.1_839,CP142614.1_557,CP142623.1_1574
contig_3548	163869	164034	intergenic	.	AP012548.1_1995,CP001487.1_2371,CP003000.1_671,CP142614.1_1710,CP142623.1_418
contig_3548	355572	355674	intergenic	.	AP012548.1_1036,CP142614.1_755
contig_3556	245890	246108	273151	gene	AP012548.1_631,AP012548.1_632,CP001487.1_3713,CP142614.1_348,CP142614.1_349,CP142623.1_1781,CP142623.1_1782,CP142623.1_1783
contig_3556	245890	246108	273151	mRNA	AP012548.1_631,AP012548.1_632,CP001487.1_3713,CP142614.1_348,CP142614.1_349,CP142623.1_1781,CP142623.1_1782,CP142623.1_1783
contig_3556	963999	964505	intergenic	.	AP012548.1_2561,AP012548.1_714,AP012548.1_715,CP001429.2_731,CP001487.1_3631,CP001487.1_3633,CP142614.1_2279,CP142614.1_432,CP142614.1_433,CP142623.1_1699,CP142623.1_1700,CP142623.1_4062
contig_3556	1286904	1287136	intergenic	.	AP012548.1_1613,AP012548.1_1614,CP001429.2_1620,CP001487.1_2752,CP142614.1_1330,CP142623.1_798
contig_3565	143766	144010	intergenic	.	AP012548.1_1260,CP001429.2_1266,CP001487.1_3104,CP142614.1_977,CP142623.1_1151
contig_3565	161839	162015	intergenic	.	AP012548.1_145,AP012548.1_146,AP012548.1_1672,CP001487.1_2693,CP142614.1_1388,CP142614.1_4085,CP142623.1_2265,CP142623.1_741
contig_3565	388596	388739	intergenic	.	AP012548.1_2171,CP001487.1_2195,CP003000.1_496,CP142614.1_1888,CP142623.1_241
contig_3565	389184	389349	intergenic	.	AP012548.1_2172,CP001429.2_2180,CP001487.1_2194,CP003000.1_495,CP142614.1_1888,CP142614.1_1889,CP142623.1_240
contig_35650	38240	38615	intergenic	.	AP012548.1_288,AP012548.1_289,AP012548.1_3082,AP012548.1_3083,AP012548.1_3084,AP012548.1_3085,AP012548.1_3086,CP001429.2_3119,CP001429.2_3120,CP001487.1_1242,CP001487.1_1243,CP001487.1_1245,CP003000.1_2861,CP142614.1_2811,CP142614.1_2812,CP142614.1_2813,CP142614.1_2814,CP142614.1_2815,CP142614.1_4,CP142614.1_5,CP142623.1_2120,CP142623.1_2121,CP142623.1_3535,CP142623.1_3536,CP142623.1_3537,CP142623.1_3538,CP142623.1_3539
contig_35650	38240	39354	38621	polyA_signal_sequence	AP012548.1_288,AP012548.1_289,AP012548.1_3082,AP012548.1_3083,AP012548.1_3084,AP012548.1_3085,AP012548.1_3086,CP001429.2_3119,CP001429.2_3120,CP001487.1_1242,CP001487.1_1243,CP001487.1_1245,CP003000.1_2861,CP142614.1_2811,CP142614.1_2812,CP142614.1_2813,CP142614.1_2814,CP142614.1_2815,CP142614.1_4,CP142614.1_5,CP142623.1_2120,CP142623.1_2121,CP142623.1_3535,CP142623.1_3536,CP142623.1_3537,CP142623.1_3538,CP142623.1_3539
contig_35650	38240	39354	38679	stop_codon	AP012548.1_288,AP012548.1_289,AP012548.1_3082,AP012548.1_3083,AP012548.1_3084,AP012548.1_3085,AP012548.1_3086,CP001429.2_3119,CP001429.2_3120,CP001487.1_1242,CP001487.1_1243,CP001487.1_1245,CP003000.1_2861,CP142614.1_2811,CP142614.1_2812,CP142614.1_2813,CP142614.1_2814,CP142614.1_2815,CP142614.1_4,CP142614.1_5,CP142623.1_2120,CP142623.1_2121,CP142623.1_3535,CP142623.1_3536,CP142623.1_3537,CP142623.1_3538,CP142623.1_3539
contig_35650	38240	39354	38871	CDS	AP012548.1_288,AP012548.1_289,AP012548.1_3082,AP012548.1_3083,AP012548.1_3084,AP012548.1_3085,AP012548.1_3086,CP001429.2_3119,CP001429.2_3120,CP001487.1_1242,CP001487.1_1243,CP001487.1_1245,CP003000.1_2861,CP142614.1_2811,CP142614.1_2812,CP142614.1_2813,CP142614.1_2814,CP142614.1_2815,CP142614.1_4,CP142614.1_5,CP142623.1_2120,CP142623.1_2121,CP142623.1_3535,CP142623.1_3536,CP142623.1_3537,CP142623.1_3538,CP142623.1_3539
contig_35650	38240	39354	38871	exon	AP012548.1_288,AP012548.1_289,AP012548.1_3082,AP012548.1_3083,AP012548.1_3084,AP012548.1_3085,AP012548.1_3086,CP001429.2_3119,CP001429.2_3120,CP001487.1_1242,CP001487.1_1243,CP001487.1_1245,CP003000.1_2861,CP142614.1_2811,CP142614.1_2812,CP142614.1_2813,CP142614.1_2814,CP142614.1_2815,CP142614.1_4,CP142614.1_5,CP142623.1_2120,CP142623.1_2121,CP142623.1_3535,CP142623.1_3536,CP142623.1_3537,CP142623.1_3538,CP142623.1_3539
contig_35650	38240	39354	38871	gene	AP012548.1_288,AP012548.1_289,AP012548.1_3082,AP012548.1_3083,AP012548.1_3084,AP012548.1_3085,AP012548.1_3086,CP001429.2_3119,CP001429.2_3120,CP001487.1_1242,CP001487.1_1243,CP001487.1_1245,CP003000.1_2861,CP142614.1_2811,CP142614.1_2812,CP142614.1_2813,CP142614.1_2814,CP142614.1_2815,CP142614.1_4,CP142614.1_5,CP142623.1_2120,CP142623.1_2121,CP142623.1_3535,CP142623.1_3536,CP142623.1_3537,CP142623.1_3538,CP142623.1_3539
contig_35650	38240	39354	38871	mRNA	AP012548.1_288,AP012548.1_289,AP012548.1_3082,AP012548.1_3083,AP012548.1_3084,AP012548.1_3085,AP012548.1_3086,CP001429.2_3119,CP001429.2_3120,CP001487.1_1242,CP001487.1_1243,CP001487.1_1245,CP003000.1_2861,CP142614.1_2811,CP142614.1_2812,CP142614.1_2813,CP142614.1_2814,CP142614.1_2815,CP142614.1_4,CP142614.1_5,CP142623.1_2120,CP142623.1_2121,CP142623.1_3535,CP142623.1_3536,CP142623.1_3537,CP142623.1_3538,CP142623.1_3539
contig_35650	38240	39354	38871	start_codon	AP012548.1_288,AP012548.1_289,AP012548.1_3082,AP012548.1_3083,AP012548.1_3084,AP012548.1_3085,AP012548.1_3086,CP001429.2_3119,CP001429.2_3120,CP001487.1_1242,CP001487.1_1243,CP001487.1_1245,CP003000.1_2861,CP142614.1_2811,CP142614.1_2812,CP142614.1_2813,CP142614.1_2814,CP142614.1_2815,CP142614.1_4,CP142614.1_5,CP142623.1_2120,CP142623.1_2121,CP142623.1_3535,CP142623.1_3536,CP142623.1_3537,CP142623.1_3538,CP142623.1_3539
contig_35650	38240	39354	38976	polyA_signal_sequence	AP012548.1_288,AP012548.1_289,AP012548.1_3082,AP012548.1_3083,AP012548.1_3084,AP012548.1_3085,AP012548.1_3086,CP001429.2_3119,CP001429.2_3120,CP001487.1_1242,CP001487.1_1243,CP001487.1_1245,CP003000.1_2861,CP142614.1_2811,CP142614.1_2812,CP142614.1_2813,CP142614.1_2814,CP142614.1_2815,CP142614.1_4,CP142614.1_5,CP142623.1_2120,CP142623.1_2121,CP142623.1_3535,CP142623.1_3536,CP142623.1_3537,CP142623.1_3538,CP142623.1_3539
contig_35650	38240	39354	39020	stop_codon	AP012548.1_288,AP012548.1_289,AP012548.1_3082,AP012548.1_3083,AP012548.1_3084,AP012548.1_3085,AP012548.1_3086,CP001429.2_3119,CP001429.2_3120,CP001487.1_1242,CP001487.1_1243,CP001487.1_1245,CP003000.1_2861,CP142614.1_2811,CP142614.1_2812,CP142614.1_2813,CP142614.1_2814,CP142614.1_2815,CP142614.1_4,CP142614.1_5,CP142623.1_2120,CP142623.1_2121,CP142623.1_3535,CP142623.1_3536,CP142623.1_3537,CP142623.1_3538,CP142623.1_3539
contig_35650	38240	39354	39239	CDS	AP012548.1_288,AP012548.1_289,AP012548.1_3082,AP012548.1_3083,AP012548.1_3084,AP012548.1_3085,AP012548.1_3086,CP001429.2_3119,CP001429.2_3120,CP001487.1_1242,CP001487.1_1243,CP001487.1_1245,CP003000.1_2861,CP142614.1_2811,CP142614.1_2812,CP142614.1_2813,CP142614.1_2814,CP142614.1_2815,CP142614.1_4,CP142614.1_5,CP142623.1_2120,CP142623.1_2121,CP142623.1_3535,CP142623.1_3536,CP142623.1_3537,CP142623.1_3538,CP142623.1_3539
contig_35650	38240	39354	39239	exon	AP012548.1_288,AP012548.1_289,AP012548.1_3082,AP012548.1_3083,AP012548.1_3084,AP012548.1_3085,AP012548.1_3086,CP001429.2_3119,CP001429.2_3120,CP001487.1_1242,CP001487.1_1243,CP001487.1_1245,CP003000.1_2861,CP142614.1_2811,CP142614.1_2812,CP142614.1_2813,CP142614.1_2814,CP142614.1_2815,CP142614.1_4,CP142614.1_5,CP142623.1_2120,CP142623.1_2121,CP142623.1_3535,CP142623.1_3536,CP142623.1_3537,CP142623.1_3538,CP142623.1_3539
contig_35650	38240	39354	39239	gene	AP012548.1_288,AP012548.1_289,AP012548.1_3082,AP012548.1_3083,AP012548.1_3084,AP012548.1_3085,AP012548.1_3086,CP001429.2_3119,CP001429.2_3120,CP001487.1_1242,CP001487.1_1243,CP001487.1_1245,CP003000.1_2861,CP142614.1_2811,CP142614.1_2812,CP142614.1_2813,CP142614.1_2814,CP142614.1_2815,CP142614.1_4,CP142614.1_5,CP142623.1_2120,CP142623.1_2121,CP142623.1_3535,CP142623.1_3536,CP142623.1_3537,CP142623.1_3538,CP142623.1_3539
contig_35650	38240	39354	39239	mRNA	AP012548.1_288,AP012548.1_289,AP012548.1_3082,AP012548.1_3083,AP012548.1_3084,AP012548.1_3085,AP012548.1_3086,CP001429.2_3119,CP001429.2_3120,CP001487.1_1242,CP001487.1_1243,CP001487.1_1245,CP003000.1_2861,CP142614.1_2811,CP142614.1_2812,CP142614.1_2813,CP142614.1_2814,CP142614.1_2815,CP142614.1_4,CP142614.1_5,CP142623.1_2120,CP142623.1_2121,CP142623.1_3535,CP142623.1_3536,CP142623.1_3537,CP142623.1_3538,CP142623.1_3539
contig_35650	38240	39354	39239	start_codon	AP012548.1_288,AP012548.1_289,AP012548.1_3082,AP012548.1_3083,AP012548.1_3084,AP012548.1_3085,AP012548.1_3086,CP001429.2_3119,CP001429.2_3120,CP001487.1_1242,CP001487.1_1243,CP001487.1_1245,CP003000.1_2861,CP142614.1_2811,CP142614.1_2812,CP142614.1_2813,CP142614.1_2814,CP142614.1_2815,CP142614.1_4,CP142614.1_5,CP142623.1_2120,CP142623.1_2121,CP142623.1_3535,CP142623.1_3536,CP142623.1_3537,CP142623.1_3538,CP142623.1_3539
contig_35650	38871	38970	intergenic	.	AP012548.1_288,AP012548.1_289,AP012548.1_3082,AP012548.1_3083,AP012548.1_3084,AP012548.1_3085,AP012548.1_3086,CP001429.2_3119,CP001429.2_3120,CP001487.1_1242,CP001487.1_1243,CP001487.1_1245,CP003000.1_2861,CP142614.1_2811,CP142614.1_2812,CP142614.1_2813,CP142614.1_2814,CP142614.1_2815,CP142614.1_4,CP142614.1_5,CP142623.1_2120,CP142623.1_2121,CP142623.1_3535,CP142623.1_3536,CP142623.1_3537,CP142623.1_3538,CP142623.1_3539
contig_35650	39239	39354	intergenic	.	AP012548.1_288,AP012548.1_289,AP012548.1_3082,AP012548.1_3083,AP012548.1_3084,AP012548.1_3085,AP012548.1_3086,CP001429.2_3119,CP001429.2_3120,CP001487.1_1242,CP001487.1_1243,CP001487.1_1245,CP003000.1_2861,CP142614.1_2811,CP142614.1_2812,CP142614.1_2813,CP142614.1_2814,CP142614.1_2815,CP142614.1_4,CP142614.1_5,CP142623.1_2120,CP142623.1_2121,CP142623.1_3535,CP142623.1_3536,CP142623.1_3537,CP142623.1_3538,CP142623.1_3539
contig_35713	16228	16308	intergenic	.	CP001429.2_756
contig_3572	24390	24531	intergenic	.	CP142614.1_2936,CP142623.1_3412
contig_3572	1335424	1335788	intergenic	.	AP012548.1_2021,AP012548.1_690,CP001487.1_3656,CP142614.1_1737,CP142614.1_407,CP142614.1_408,CP142623.1_1724,CP142623.1_392
contig_3572	1502354	1502545	intergenic	.	AP012548.1_674,CP142614.1_391,CP142623.1_1739,CP142623.1_1740
contig_3572	2129007	2129180	intergenic	.	AP012548.1_822,CP001429.2_829,CP142614.1_540
contig_358	30060	30217	intergenic	.	AP012548.1_1032,CP142614.1_751,CP142623.1_1380
contig_358	374914	375055	391610	gene	AP012548.1_2674,AP012548.1_2675,CP001487.1_1650,CP142614.1_2393,CP142614.1_2394,CP142623.1_3947,CP142623.1_3948
contig_358	374914	375055	391610	mRNA	AP012548.1_2674,AP012548.1_2675,CP001487.1_1650,CP142614.1_2393,CP142614.1_2394,CP142623.1_3947,CP142623.1_3948
contig_358	405926	406097	intergenic	.	AP012548.1_1114,AP012548.1_3206
contig_358	589188	589485	intergenic	.	AP012548.1_3746,AP012548.1_911,CP001487.1_586,CP003000.1_1634,CP142614.1_3469,CP142614.1_629,CP142623.1_2880
contig_358	1254982	1255085	intergenic	.	AP012548.1_4100,CP142614.1_3822,CP142623.1_2527
contig_358	1505199	1505642	intergenic	.	AP012548.1_313,AP012548.1_314,AP012548.1_315,AP012548.1_3496,AP012548.1_3497,CP001487.1_835,CP142614.1_29,CP142614.1_31,CP142614.1_3225,CP142623.1_2094,CP142623.1_3130
contig_358	1591120	1591423	intergenic	.	AP012548.1_3189,AP012548.1_3190,CP001429.2_3226,CP001487.1_1139,CP142614.1_2918,CP142614.1_2919,CP142623.1_3430,CP142623.1_3431
contig_358	1875309	1875640	intergenic	.	AP012548.1_1693,AP012548.1_574,CP001429.2_586,CP001487.1_2868,CP003000.1_1089,CP142614.1_1409,CP142614.1_291,CP142623.1_1840,CP142623.1_720
contig_3587	76335	76503	intergenic	.	AP012548.1_4133,CP001487.1_194,CP142614.1_3856,CP142623.1_2494
contig_3587	2289803	2289985	intergenic	.	AP012548.1_482,CP142614.1_200,CP142623.1_1927
contig_3587	2334419	2334544	intergenic	.	AP012548.1_2406,CP001429.2_2420,CP001487.1_1961,CP003000.1_2162,CP142614.1_2124,CP142623.1_6
contig_3587	3766638	3766812	intergenic	.	AP012548.1_12,CP001487.1_99,CP142614.1_3952,CP142623.1_2398
contig_3587	4143517	4143798	intergenic	.	AP012548.1_1571,CP001487.1_2794,CP142614.1_1288,CP142623.1_840,CP142623.1_841
contig_3587	4259390	4259530	intergenic	.	CP001487.1_1059,CP142614.1_3001,CP142623.1_3353
contig_36133	25733	25811	intergenic	.	AP012548.1_153,CP142614.1_4092,CP142623.1_2258
contig_36133	26120	26221	intergenic	.	AP012548.1_153,CP142614.1_4093,CP142623.1_2257
contig_36133	34040	34187	intergenic	.	AP012548.1_9,CP142614.1_3948,CP142614.1_3949,CP142623.1_2401
contig_3617	58923	59032	intergenic	.	CP142623.1_3222
contig_36175	295843	296111	intergenic	.	AP012548.1_1960,CP001429.2_3159,CP001487.1_2405,CP001487.1_2960,CP003000.1_1180,CP142614.1_1122,CP142614.1_1676,CP142614.1_2851,CP142623.1_452
contig_36175	643916	644228	intergenic	.	AP012548.1_1832,AP012548.1_1833,CP001429.2_1839,CP001429.2_1840,CP001487.1_2533,CP003000.1_820,CP142614.1_1548,CP142614.1_1549,CP142623.1_579,CP142623.1_580
contig_36175	659703	659789	intergenic	.	CP142614.1_881,CP142623.1_1249
contig_36175	757059	757227	761264	mRNA	AP012548.1_309,CP142614.1_25,CP142614.1_26,CP142623.1_2099,CP142623.1_2100
contig_36175	757059	757227	761277	gene	AP012548.1_309,CP142614.1_25,CP142614.1_26,CP142623.1_2099,CP142623.1_2100
contig_36276	69710	69932	intergenic	.	AP012548.1_3932,AP012548.1_3933,CP142614.1_3655,CP142614.1_3656,CP142623.1_2693,CP142623.1_2694
contig_36276	195086	195179	intergenic	.	CP001487.1_3920,CP142614.1_150,CP142623.1_1977
contig_3630	193293	193440	intergenic	.	AP012548.1_3192
contig_3630	280114	280226	intergenic	.	AP012548.1_1423,CP142614.1_1140
contig_36427	212841	213252	intergenic	.	AP012548.1_3489,AP012548.1_753,CP001429.2_3533,CP001487.1_3594,CP003000.1_3255,CP142614.1_3217,CP142614.1_3218,CP142614.1_471,CP142623.1_1661,CP142623.1_3137,CP142623.1_3138
contig_3650	131596	131804	intergenic	.	AP012548.1_3983,CP001429.2_4023,CP001487.1_347,CP003000.1_3694,CP142623.1_2643
contig_3650	210429	210593	intergenic	.	AP012548.1_1562,AP012548.1_647,CP001487.1_2803,CP142614.1_1279,CP142614.1_364,CP142623.1_1767,CP142623.1_849
contig_3650	225192	225472	intergenic	.	AP012548.1_3834,CP142614.1_3557,CP142614.1_3558,CP142623.1_2792
contig_3650	242532	242918	intergenic	.	AP012548.1_207,AP012548.1_562,AP012548.1_930,CP001487.1_3783,CP003000.1_1926,CP142614.1_279,CP142614.1_4147,CP142623.1_1852,CP142623.1_2203
contig_3650	331522	331745	intergenic	.	AP012548.1_895,AP012548.1_896,CP001429.2_903,CP142614.1_613,CP142614.1_614
contig_3650	584747	584841	intergenic	.	AP012548.1_2547,CP001487.1_1822,CP142614.1_2265,CP142623.1_4076
contig_3650	615272	615356	intergenic	.	AP012548.1_1919,CP142614.1_1635
contig_3650	903043	903188	intergenic	.	AP012548.1_61,CP142614.1_4001,CP142623.1_2349
contig_3650	1212550	1212712	intergenic	.	AP012548.1_2432,CP142614.1_2150,CP142614.1_2151,CP142623.1_4190
contig_36655	137070	137152	intergenic	.	AP012548.1_4105,CP142614.1_3829,CP142623.1_2521
contig_36655	139661	140024	intergenic	.	AP012548.1_106,AP012548.1_107,AP012548.1_3187,CP001429.2_143,CP001487.1_5,CP003000.1_105,CP003000.1_106,CP142614.1_4046,CP142623.1_2303,CP142623.1_2304,CP142623.1_3433
contig_36655	686127	686242	787531	gene	AP012548.1_940
contig_36655	686127	686242	787531	mRNA	AP012548.1_940
contig_36655	806807	806883	intergenic	.	CP142623.1_965
contig_3675	23365	23727	intergenic	.	AP012548.1_1918,AP012548.1_4036,AP012548.1_4037,CP001487.1_294,CP142614.1_1634,CP142614.1_3760,CP142623.1_2589,CP142623.1_2590
contig_3675	73659	73827	intergenic	.	AP012548.1_1341,CP142614.1_1058,CP142623.1_1070
contig_3675	176600	176864	intergenic	.	AP012548.1_837,AP012548.1_838,CP001487.1_3510,CP003000.1_1706,CP142614.1_555,CP142623.1_1576,CP142623.1_1577
contig_3675	362254	362349	intergenic	.	CP142614.1_2651,CP142623.1_3702
contig_36758	17320	17445	intergenic	.	CP001487.1_2720,CP142623.1_767
contig_3678	900360	900511	intergenic	.	CP003000.1_2846,CP142623.1_3551
contig_3678	3619032	3619287	intergenic	.	AP012548.1_1748,AP012548.1_1749,CP003000.1_904,CP142614.1_1464,CP142614.1_1465,CP142623.1_664
contig_3678	4599054	4599323	intergenic	.	AP012548.1_4016,CP142614.1_3739,CP142614.1_3740,CP142623.1_2610
contig_3678	5090623	5090699	intergenic	.	AP012548.1_3213,CP142614.1_2942,CP142623.1_3407
contig_36790	393403	393533	intergenic	.	CP001429.2_3790
contig_36799	3635	3714	intergenic	.	AP012548.1_942,CP142614.1_661,CP142623.1_1470
contig_3691	31238	31567	intergenic	.	AP012548.1_1782,AP012548.1_1784,CP142614.1_1498,CP142614.1_1499,CP142623.1_629,CP142623.1_630
contig_3691	323582	324093	intergenic	.	AP012548.1_3231,AP012548.1_3232,AP012548.1_3233,AP012548.1_3234,CP001429.2_3269,CP001487.1_1097,CP003000.1_3004,CP142614.1_2959,CP142614.1_2960,CP142614.1_2961,CP142614.1_2962,CP142623.1_3387,CP142623.1_3388,CP142623.1_3389
contig_3691	1460672	1460804	intergenic	.	CP142614.1_2691
contig_3691	1960013	1960039	intergenic	.	AP012548.1_2869,AP012548.1_3074,CP142614.1_2599,CP142614.1_2803,CP142623.1_3547
contig_3691	1960013	1960412	1960045	polyA_signal_sequence	AP012548.1_2869,AP012548.1_3074,CP142614.1_2599,CP142614.1_2803,CP142623.1_3547
contig_3691	1960013	1960412	1960119	stop_codon	AP012548.1_2869,AP012548.1_3074,CP142614.1_2599,CP142614.1_2803,CP142623.1_3547
contig_3691	1960013	1960412	1960287	CDS	AP012548.1_2869,AP012548.1_3074,CP142614.1_2599,CP142614.1_2803,CP142623.1_3547
contig_3691	1960013	1960412	1960287	exon	AP012548.1_2869,AP012548.1_3074,CP142614.1_2599,CP142614.1_2803,CP142623.1_3547
contig_3691	1960013	1960412	2038547	gene	AP012548.1_2869,AP012548.1_3074,CP142614.1_2599,CP142614.1_2803,CP142623.1_3547
contig_3691	1960013	1960412	2038547	mRNA	AP012548.1_2869,AP012548.1_3074,CP142614.1_2599,CP142614.1_2803,CP142623.1_3547
contig_36982	457671	457789	516929	gene	CP142623.1_104
contig_36982	457671	457789	516929	mRNA	CP142623.1_104
contig_37025	11396	11477	intergenic	.	AP012548.1_3886,CP142614.1_3610,CP142623.1_2740
contig_37025	156481	156983	intergenic	.	AP012548.1_1072,AP012548.1_1073,AP012548.1_2107,AP012548.1_2108,CP001487.1_2257,CP001487.1_2258,CP142614.1_1824,CP142614.1_791,CP142623.1_1340,CP142623.1_304
contig_37030	446051	446223	intergenic	.	AP012548.1_1961,AP012548.1_1962,CP142614.1_1677,CP142623.1_451
contig_37030	555817	555965	intergenic	.	AP012548.1_2441,CP001487.1_1926,CP142623.1_4181
contig_37030	620132	620435	intergenic	.	AP012548.1_4058,CP001429.2_4098,CP003000.1_3768,CP142614.1_2966,CP142614.1_3781,CP142623.1_2568
contig_37061	138911	139010	intergenic	.	AP012548.1_3936,CP001429.2_3976,CP001487.1_394,CP003000.1_3647,CP142614.1_3660,CP142623.1_2689,CP142623.1_2690
contig_37113	52756	52884	66753	gene	CP001487.1_3636
contig_37113	52756	52884	66753	mRNA	CP001487.1_3636
contig_37130	53850	54045	intergenic	.	AP012548.1_1182,CP001429.2_1172,CP001487.1_3182,CP001487.1_3183,CP003000.1_1400,CP142614.1_900,CP142623.1_1229
contig_37130	92638	92789	intergenic	.	CP142623.1_481
contig_37138	42448	42596	intergenic	.	CP142614.1_97,CP142623.1_2029
contig_37138	50792	50904	intergenic	.	AP012548.1_3451,CP142614.1_3179,CP142623.1_3175
contig_37224	169095	169235	intergenic	.	AP012548.1_1884,CP001487.1_2480,CP003000.1_768,CP142614.1_1600,CP142623.1_528,CP142623.1_529
contig_37224	200990	201243	234283	gene	AP012548.1_269,AP012548.1_270,CP001487.1_4090,CP142614.1_1872,CP142614.1_4209,CP142623.1_2140
contig_37224	200990	201243	234283	mRNA	AP012548.1_269,AP012548.1_270,CP001487.1_4090,CP142614.1_1872,CP142614.1_4209,CP142623.1_2140
contig_37224	304273	304440	318100	gene	CP001429.2_1979,CP001487.1_2394,CP003000.1_690,CP142614.1_1687,CP142623.1_442
contig_37224	304273	304440	318100	mRNA	CP001429.2_1979,CP001487.1_2394,CP003000.1_690,CP142614.1_1687,CP142623.1_442
contig_37229	35125	35258	35294	CDS	CP142614.1_747,CP142623.1_1384
contig_37229	35125	35258	35294	exon	CP142614.1_747,CP142623.1_1384
contig_37229	35125	35258	48220	gene	CP142614.1_747,CP142623.1_1384
contig_37229	35125	35258	48220	mRNA	CP142614.1_747,CP142623.1_1384
contig_3731	180886	181514	intergenic	.	AP012548.1_1152,AP012548.1_1153,AP012548.1_255,AP012548.1_4205,CP001429.2_1142,CP001487.1_3212,CP001487.1_3213,CP003000.1_1430,CP142614.1_3889,CP142614.1_3929,CP142614.1_871,CP142614.1_872,CP142623.1_1259,CP142623.1_2421,CP142623.1_2461
contig_3731	302831	303046	intergenic	.	AP012548.1_2680,AP012548.1_2681,CP142614.1_2399,CP142614.1_2400,CP142623.1_3941,CP142623.1_3942
contig_3731	331150	331363	455866	gene	AP012548.1_268,AP012548.1_269,CP001429.2_271,CP001429.2_272,CP001487.1_4092,CP003000.1_224,CP003000.1_225,CP142614.1_4207,CP142614.1_4208,CP142623.1_2140,CP142623.1_2141,CP142623.1_2142
contig_3731	331150	331363	455866	mRNA	AP012548.1_268,AP012548.1_269,CP001429.2_271,CP001429.2_272,CP001487.1_4092,CP003000.1_224,CP003000.1_225,CP142614.1_4207,CP142614.1_4208,CP142623.1_2140,CP142623.1_2141,CP142623.1_2142
contig_3731	543623	543712	574007	mRNA	AP012548.1_2853
contig_3731	543623	543712	574080	gene	AP012548.1_2853
contig_37349	82679	82841	intergenic	.	AP012548.1_682,CP142614.1_399,CP142623.1_1732
contig_374	90500	91100	159577	mRNA	AP012548.1_1352,AP012548.1_1353,AP012548.1_3801,CP001429.2_1359,CP001487.1_3011,CP001487.1_3012,CP003000.1_1231,CP142614.1_1070,CP142614.1_3524,CP142614.1_3525,CP142623.1_1058,CP142623.1_1059,CP142623.1_2825
contig_374	90500	91100	159710	gene	AP012548.1_1352,AP012548.1_1353,AP012548.1_3801,CP001429.2_1359,CP001487.1_3011,CP001487.1_3012,CP003000.1_1231,CP142614.1_1070,CP142614.1_3524,CP142614.1_3525,CP142623.1_1058,CP142623.1_1059,CP142623.1_2825
contig_374	456442	456892	463448	mRNA	AP012548.1_163,AP012548.1_1668,AP012548.1_1669,CP001487.1_4195,CP142614.1_1384,CP142614.1_1385,CP142614.1_4102,CP142614.1_4103,CP142623.1_2247,CP142623.1_2248,CP142623.1_744,CP142623.1_745
contig_374	456442	456892	463474	gene	AP012548.1_163,AP012548.1_1668,AP012548.1_1669,CP001487.1_4195,CP142614.1_1384,CP142614.1_1385,CP142614.1_4102,CP142614.1_4103,CP142623.1_2247,CP142623.1_2248,CP142623.1_744,CP142623.1_745
contig_374	481599	481794	intergenic	.	AP012548.1_143,AP012548.1_144,CP142614.1_4083,CP142623.1_2267
contig_37519	161933	162077	198048	mRNA	AP012548.1_3209,AP012548.1_3210,CP142614.1_2938,CP142614.1_2939,CP142623.1_3410,CP142623.1_3411
contig_37519	161933	162077	198518	gene	AP012548.1_3209,AP012548.1_3210,CP142614.1_2938,CP142614.1_2939,CP142623.1_3410,CP142623.1_3411
contig_37519	161933	162077	214826	gene	AP012548.1_3209,AP012548.1_3210,CP142614.1_2938,CP142614.1_2939,CP142623.1_3410,CP142623.1_3411
contig_37519	161933	162077	214826	mRNA	AP012548.1_3209,AP012548.1_3210,CP142614.1_2938,CP142614.1_2939,CP142623.1_3410,CP142623.1_3411
contig_3754	107613	107918	intergenic	.	AP012548.1_2683,AP012548.1_2684,CP142614.1_2403,CP142614.1_4111,CP142623.1_2239,CP142623.1_3938
contig_37587	5704	5903	intergenic	.	AP012548.1_114,AP012548.1_4014,CP142614.1_3738,CP142614.1_4054,CP142623.1_2296
contig_37587	6215	6322	intergenic	.	AP012548.1_4015,CP142614.1_3738,CP142623.1_2611
contig_37587	293905	294092	intergenic	.	AP012548.1_502,CP001487.1_3850,CP142614.1_220,CP142623.1_1906,CP142623.1_1907
contig_37599	153520	153634	intergenic	.	AP012548.1_3908,CP001487.1_422,CP142623.1_2718
contig_3766	38223	38374	intergenic	.	AP012548.1_357,CP142614.1_75
contig_3766	289307	289452	intergenic	.	CP142614.1_3148
contig_3766	464732	464917	intergenic	.	AP012548.1_1438,CP003000.1_1147,CP142614.1_1155,CP142623.1_973
contig_3766	541876	541978	intergenic	.	AP012548.1_495,CP142614.1_213,CP142623.1_1913
contig_3766	680653	680801	intergenic	.	CP142614.1_4064
contig_3766	725626	725821	intergenic	.	AP012548.1_1207,AP012548.1_1208,CP001429.2_1197,CP142614.1_924,CP142614.1_925,CP142623.1_1203,CP142623.1_1204
contig_37688	36511	36627	intergenic	.	AP012548.1_2706,CP142614.1_2425,CP142623.1_3916
contig_37781	47051	47203	intergenic	.	AP012548.1_2921,CP001429.2_2958,CP001487.1_1405,CP142614.1_2650,CP142623.1_3702,CP142623.1_3703
contig_37781	47796	47967	intergenic	.	AP012548.1_2920,CP001429.2_2957,CP142614.1_2649,CP142614.1_2650,CP142623.1_3703,CP142623.1_3704
contig_37786	164853	165091	intergenic	.	CP001487.1_2700,CP142614.1_1381,CP142614.1_2916,CP142623.1_748
contig_37892	367168	367352	intergenic	.	AP012548.1_1140,CP142614.1_858,CP142614.1_859,CP142623.1_1272
contig_37905	5240	5768	intergenic	.	AP012548.1_1116,AP012548.1_2588,AP012548.1_2589,CP142614.1_2308,CP142614.1_2309,CP142614.1_835,CP142623.1_1296,CP142623.1_4032,CP142623.1_4033
contig_37936	47975	48340	intergenic	.	CP001429.2_2309,CP001487.1_2072,CP003000.1_2053,CP142614.1_2012,CP142623.1_117,CP142623.1_1872
contig_37940	58727	58847	94271	mRNA	AP012548.1_1659,CP142623.1_754
contig_37940	58727	58847	94413	gene	AP012548.1_1659,CP142623.1_754
contig_37984	160979	161104	161319	gene	AP012548.1_261,AP012548.1_262,CP142623.1_2148
contig_37984	160979	161104	161319	mRNA	AP012548.1_261,AP012548.1_262,CP142623.1_2148
contig_3799	258509	258658	intergenic	.	AP012548.1_2877,CP142614.1_2607
contig_38045	256599	257004	258007	gene	AP012548.1_2736,AP012548.1_2738,CP001487.1_1587,CP001487.1_1589,CP142614.1_2455,CP142614.1_2456,CP142614.1_2457,CP142623.1_3884,CP142623.1_3885,CP142623.1_3886
contig_38045	256599	257004	258007	mRNA	AP012548.1_2736,AP012548.1_2738,CP001487.1_1587,CP001487.1_1589,CP142614.1_2455,CP142614.1_2456,CP142614.1_2457,CP142623.1_3884,CP142623.1_3885,CP142623.1_3886
contig_38045	330916	331133	intergenic	.	AP012548.1_3667,CP003000.1_3430,CP142614.1_3389,CP142614.1_3390,CP142623.1_2959
contig_38045	495331	495672	intergenic	.	AP012548.1_3012,AP012548.1_3013,CP142614.1_2742,CP142623.1_3608,CP142623.1_3609
contig_38090	11333	11564	intergenic	.	AP012548.1_93,CP001429.2_156,CP001429.2_157,CP001487.1_19,CP003000.1_92,CP142623.1_2317
contig_38095	343999	344308	intergenic	.	AP012548.1_1554,AP012548.1_888,CP001487.1_2811,CP142614.1_1271,CP142623.1_857
contig_3811	461464	461664	intergenic	.	AP012548.1_3039,AP012548.1_3040,CP142614.1_2768,CP142623.1_3583
contig_3811	2792461	2792593	intergenic	.	CP142614.1_1158,CP142623.1_2533
contig_3811	2819554	2819692	intergenic	.	AP012548.1_4190,CP142614.1_3913,CP142623.1_2437
contig_3811	2955917	2956053	intergenic	.	AP012548.1_1565,CP142614.1_1281,CP142614.1_1282,CP142623.1_846,CP142623.1_847
contig_3811	3725979	3726524	intergenic	.	AP012548.1_131,AP012548.1_1323,AP012548.1_1324,AP012548.1_133,AP012548.1_17,CP001429.2_1330,CP001487.1_3041,CP001487.1_94,CP142614.1_1040,CP142614.1_1041,CP142614.1_1042,CP142614.1_3957,CP142614.1_4071,CP142614.1_4073,CP142623.1_1087,CP142623.1_1088,CP142623.1_2277,CP142623.1_2279,CP142623.1_2393
contig_3811	3725979	3727032	3726527	start_codon	AP012548.1_131,AP012548.1_1323,AP012548.1_1324,AP012548.1_133,AP012548.1_17,CP001429.2_1330,CP001487.1_3041,CP001487.1_94,CP142614.1_1040,CP142614.1_1041,CP142614.1_1042,CP142614.1_3957,CP142614.1_4071,CP142614.1_4073,CP142623.1_1087,CP142623.1_1088,CP142623.1_2277,CP142623.1_2279,CP142623.1_2393
contig_3811	3725979	3727032	3726857	CDS	AP012548.1_131,AP012548.1_1323,AP012548.1_1324,AP012548.1_133,AP012548.1_17,CP001429.2_1330,CP001487.1_3041,CP001487.1_94,CP142614.1_1040,CP142614.1_1041,CP142614.1_1042,CP142614.1_3957,CP142614.1_4071,CP142614.1_4073,CP142623.1_1087,CP142623.1_1088,CP142623.1_2277,CP142623.1_2279,CP142623.1_2393
contig_3811	3725979	3727032	3726857	exon	AP012548.1_131,AP012548.1_1323,AP012548.1_1324,AP012548.1_133,AP012548.1_17,CP001429.2_1330,CP001487.1_3041,CP001487.1_94,CP142614.1_1040,CP142614.1_1041,CP142614.1_1042,CP142614.1_3957,CP142614.1_4071,CP142614.1_4073,CP142623.1_1087,CP142623.1_1088,CP142623.1_2277,CP142623.1_2279,CP142623.1_2393
contig_3811	3725979	3727032	3726857	mRNA	AP012548.1_131,AP012548.1_1323,AP012548.1_1324,AP012548.1_133,AP012548.1_17,CP001429.2_1330,CP001487.1_3041,CP001487.1_94,CP142614.1_1040,CP142614.1_1041,CP142614.1_1042,CP142614.1_3957,CP142614.1_4071,CP142614.1_4073,CP142623.1_1087,CP142623.1_1088,CP142623.1_2277,CP142623.1_2279,CP142623.1_2393
contig_3811	3725979	3727032	3726857	stop_codon	AP012548.1_131,AP012548.1_1323,AP012548.1_1324,AP012548.1_133,AP012548.1_17,CP001429.2_1330,CP001487.1_3041,CP001487.1_94,CP142614.1_1040,CP142614.1_1041,CP142614.1_1042,CP142614.1_3957,CP142614.1_4071,CP142614.1_4073,CP142623.1_1087,CP142623.1_1088,CP142623.1_2277,CP142623.1_2279,CP142623.1_2393
contig_3811	3725979	3727032	3726967	gene	AP012548.1_131,AP012548.1_1323,AP012548.1_1324,AP012548.1_133,AP012548.1_17,CP001429.2_1330,CP001487.1_3041,CP001487.1_94,CP142614.1_1040,CP142614.1_1041,CP142614.1_1042,CP142614.1_3957,CP142614.1_4071,CP142614.1_4073,CP142623.1_1087,CP142623.1_1088,CP142623.1_2277,CP142623.1_2279,CP142623.1_2393
contig_3811	3725979	3727032	3726967	polyA_signal_sequence	AP012548.1_131,AP012548.1_1323,AP012548.1_1324,AP012548.1_133,AP012548.1_17,CP001429.2_1330,CP001487.1_3041,CP001487.1_94,CP142614.1_1040,CP142614.1_1041,CP142614.1_1042,CP142614.1_3957,CP142614.1_4071,CP142614.1_4073,CP142623.1_1087,CP142623.1_1088,CP142623.1_2277,CP142623.1_2279,CP142623.1_2393
contig_3811	3726967	3727032	intergenic	.	AP012548.1_131,AP012548.1_1323,AP012548.1_1324,AP012548.1_133,AP012548.1_17,CP001429.2_1330,CP001487.1_3041,CP001487.1_94,CP142614.1_1040,CP142614.1_1041,CP142614.1_1042,CP142614.1_3957,CP142614.1_4071,CP142614.1_4073,CP142623.1_1087,CP142623.1_1088,CP142623.1_2277,CP142623.1_2279,CP142623.1_2393
contig_3811	3854179	3854428	intergenic	.	AP012548.1_1342,AP012548.1_1343,CP001487.1_3022,CP142614.1_1059,CP142614.1_1060,CP142623.1_1069
contig_3811	3912503	3912847	intergenic	.	AP012548.1_1972,AP012548.1_1973,CP001429.2_1979,CP142614.1_1688,CP142623.1_440,CP142623.1_441
contig_3811	4081477	4081573	intergenic	.	AP012548.1_1836,CP142614.1_1552
contig_3811	4380641	4380716	intergenic	.	AP012548.1_2106,CP001487.1_2260,CP142614.1_1822,CP142623.1_306
contig_3811	4381021	4381184	intergenic	.	AP012548.1_2105,CP142614.1_1822,CP142623.1_306
contig_3811	4545223	4545364	4545934	gene	CP142614.1_545
contig_3811	4545223	4545364	4545934	mRNA	CP142614.1_545
contig_3811	5541227	5541516	intergenic	.	AP012548.1_595,AP012548.1_596,CP003000.1_1901,CP142614.1_312,CP142614.1_313,CP142614.1_314,CP142623.1_1817,CP142623.1_1818,CP142623.1_1819
contig_3811	5638702	5639056	intergenic	.	AP012548.1_2851,AP012548.1_3124,CP001487.1_1204,CP142614.1_2580,CP142614.1_2581,CP142614.1_2852,CP142614.1_2853,CP142623.1_3498,CP142623.1_3771
contig_38153	126208	126374	intergenic	.	CP001487.1_344,CP142614.1_3030,CP142623.1_3324
contig_38153	318080	318333	359336	gene	AP012548.1_2030,CP001429.2_2038,CP001487.1_2335,CP001487.1_2336,CP142614.1_1746,CP142623.1_381,CP142623.1_382,CP142623.1_383
contig_38153	318080	318333	359336	mRNA	AP012548.1_2030,CP001429.2_2038,CP001487.1_2335,CP001487.1_2336,CP142614.1_1746,CP142623.1_381,CP142623.1_382,CP142623.1_383
contig_38235	157664	158030	169285	gene	AP012548.1_1576,AP012548.1_1577,CP142614.1_1293,CP142614.1_1294,CP142623.1_834,CP142623.1_835,CP142623.1_837
contig_38235	157664	158030	169285	mRNA	AP012548.1_1576,AP012548.1_1577,CP142614.1_1293,CP142614.1_1294,CP142623.1_834,CP142623.1_835,CP142623.1_837
contig_38239	8886	9162	intergenic	.	AP012548.1_397,AP012548.1_398,CP001429.2_401,CP001487.1_3954,CP142614.1_115,CP142614.1_116,CP142623.1_2010,CP142623.1_2011
contig_38239	146331	146716	intergenic	.	AP012548.1_472,CP001429.2_477,CP001487.1_3879,CP142614.1_1588,CP142614.1_190,CP142614.1_191,CP142623.1_1936,CP142623.1_540
contig_38248	6360	6402	intergenic	.	CP142623.1_1301
contig_38248	6360	6510	6408	polyA_signal_sequence	CP142623.1_1301
contig_38248	6360	6510	7593	gene	CP142623.1_1301
contig_3826	100378	100605	intergenic	.	AP012548.1_2093,AP012548.1_2094,AP012548.1_525,CP001429.2_2101,CP001487.1_3823,CP142614.1_1810,CP142623.1_318
contig_38356	158485	158620	intergenic	.	AP012548.1_887,CP142614.1_605,CP142623.1_1527
contig_38368	109741	110226	intergenic	.	AP012548.1_512,AP012548.1_513,CP001429.2_4031,CP001487.1_339,CP001487.1_3839,CP001487.1_3840,CP003000.1_1983,CP003000.1_3702,CP142614.1_230,CP142614.1_231,CP142614.1_3715,CP142623.1_1895,CP142623.1_1896
contig_384	1063910	1064219	intergenic	.	AP012548.1_2776,CP142614.1_2495,CP142614.1_2496,CP142623.1_3845,CP142623.1_3846
contig_384	1221095	1221295	intergenic	.	AP012548.1_113,CP001487.1_4245,CP142614.1_4053,CP142623.1_2297
contig_384	1267326	1267565	intergenic	.	AP012548.1_2319,AP012548.1_2320,CP001487.1_2048,CP142614.1_2036,CP142614.1_2037,CP142623.1_92,CP142623.1_93
contig_3840	83978	84074	125578	gene	CP142623.1_3862
contig_3840	83978	84074	125578	mRNA	CP142623.1_3862
contig_3845	157561	157712	173605	gene	AP012548.1_4180,CP142614.1_3903,CP142623.1_2447
contig_3845	157561	157712	173605	mRNA	AP012548.1_4180,CP142614.1_3903,CP142623.1_2447
contig_3845	1027501	1027930	intergenic	.	AP012548.1_1547,AP012548.1_1549,CP001487.1_2816,CP142614.1_1265,CP142614.1_1266,CP142623.1_863
contig_3845	1147634	1147880	intergenic	.	AP012548.1_1763,CP001487.1_2602,CP142614.1_1479,CP142623.1_605,CP142623.1_649
contig_38454	431923	432066	intergenic	.	AP012548.1_3798,CP142614.1_3521,CP142623.1_2828
contig_3861	882249	882378	intergenic	.	CP001429.2_3227,CP001487.1_1138
contig_3861	1069988	1070093	intergenic	.	AP012548.1_2196,CP001487.1_2170,CP142614.1_1912,CP142623.1_216
contig_38642	61640	62035	68528	mRNA	AP012548.1_3165,CP001429.2_2403,CP003000.1_2145,CP142614.1_2107,CP142614.1_2894,CP142623.1_23,CP142623.1_3455
contig_38642	61640	62035	68545	gene	AP012548.1_3165,CP001429.2_2403,CP003000.1_2145,CP142614.1_2107,CP142614.1_2894,CP142623.1_23,CP142623.1_3455
contig_38709	277903	278024	intergenic	.	AP012548.1_860,CP142614.1_578
contig_38709	293178	293269	318235	mRNA	CP142614.1_761
contig_38709	293178	293269	318892	gene	CP142614.1_761
contig_38709	293575	293670	318235	mRNA	AP012548.1_247
contig_38709	293575	293670	318892	gene	AP012548.1_247
contig_3872	1379148	1379300	intergenic	.	AP012548.1_2506,CP142623.1_4117
contig_3872	1562551	1562786	intergenic	.	AP012548.1_949,AP012548.1_950,CP142614.1_668,CP142623.1_1463
contig_3872	1566549	1566720	intergenic	.	CP142614.1_2442,CP142623.1_3899
contig_38781	361719	361912	intergenic	.	CP001487.1_2767,CP142614.1_1315,CP142623.1_813
contig_3883	512967	513262	intergenic	.	AP012548.1_401,AP012548.1_402,AP012548.1_403,CP001429.2_406,CP142614.1_120,CP142623.1_2006,CP142623.1_2007
contig_3890	111883	112033	intergenic	.	CP001487.1_18,CP003000.1_93
contig_38959	52962	53191	intergenic	.	AP012548.1_2514,CP142614.1_2232,CP142623.1_4108
contig_3898	569687	569985	intergenic	.	AP012548.1_3417,CP003000.1_3184,CP142614.1_3147,CP142623.1_3207,CP142623.1_3208
contig_3898	688334	688575	689988	gene	AP012548.1_1094,CP001429.2_1938,CP142623.1_1318
contig_3898	688334	688575	689988	mRNA	AP012548.1_1094,CP001429.2_1938,CP142623.1_1318
contig_3898	970061	970292	991709	gene	AP012548.1_2366,CP142614.1_2085,CP142623.1_46
contig_3898	970061	970292	991709	mRNA	AP012548.1_2366,CP142614.1_2085,CP142623.1_46
contig_3898	1280177	1280480	intergenic	.	AP012548.1_2904,AP012548.1_2905,CP001487.1_1421,CP142614.1_2633,CP142614.1_2634,CP142623.1_3719
contig_39008	37990	38069	intergenic	.	AP012548.1_1057,CP142614.1_776
contig_3905	293260	293387	intergenic	.	AP012548.1_433,CP142614.1_151,CP142623.1_1975
contig_3905	293613	293765	intergenic	.	CP142614.1_152,CP142623.1_1975
contig_3905	338754	338963	intergenic	.	AP012548.1_3166,AP012548.1_3167,CP142614.1_2895,CP142623.1_3454
contig_3914	354923	355070	intergenic	.	CP142623.1_1199
contig_3914	441383	441476	intergenic	.	CP142614.1_930
contig_39177	57283	57471	intergenic	.	AP012548.1_2742,CP001487.1_1583,CP142614.1_2461,CP142623.1_3879,CP142623.1_3880
contig_3926	1075434	1075576	intergenic	.	AP012548.1_2651,CP001487.1_1673,CP142614.1_2370,CP142623.1_3971
contig_39289	369643	369755	intergenic	.	AP012548.1_4107,CP142614.1_3830,CP142623.1_2520
contig_39364	103893	104054	intergenic	.	AP012548.1_3831,CP001487.1_499,CP142614.1_3554,CP142614.1_3555,CP142623.1_2795,CP142623.1_2796
contig_39364	104290	104415	intergenic	.	AP012548.1_81,CP142623.1_2329
contig_39364	104843	105081	intergenic	.	AP012548.1_2374,CP001487.1_1992,CP001487.1_1993,CP142614.1_2092,CP142614.1_2093,CP142623.1_37,CP142623.1_38
contig_3945	232268	232701	269903	gene	AP012548.1_201,AP012548.1_202,AP012548.1_2388,AP012548.1_2389,CP001429.2_203,CP001429.2_2404,CP001487.1_1977,CP003000.1_2146,CP142614.1_2108,CP142614.1_4140,CP142614.1_4141,CP142614.1_4142,CP142623.1_22,CP142623.1_2208,CP142623.1_2209,CP142623.1_23
contig_3945	232268	232701	269903	mRNA	AP012548.1_201,AP012548.1_202,AP012548.1_2388,AP012548.1_2389,CP001429.2_203,CP001429.2_2404,CP001487.1_1977,CP003000.1_2146,CP142614.1_2108,CP142614.1_4140,CP142614.1_4141,CP142614.1_4142,CP142623.1_22,CP142623.1_2208,CP142623.1_2209,CP142623.1_23
contig_3945	542704	542883	intergenic	.	AP012548.1_1980,CP001487.1_2385,CP142614.1_1695,CP142614.1_1696,CP142623.1_432
contig_3945	745289	745514	745762	gene	AP012548.1_3556,CP001429.2_3853,CP001487.1_2005,CP142614.1_3285
contig_3945	745289	745514	745762	mRNA	AP012548.1_3556,CP001429.2_3853,CP001487.1_2005,CP142614.1_3285
contig_3945	1414248	1414328	intergenic	.	AP012548.1_322,CP142623.1_2087
contig_3945	1417773	1417911	intergenic	.	AP012548.1_3253,CP142614.1_2982,CP142623.1_3372
contig_3945	1899783	1900155	1930993	gene	AP012548.1_1649,CP001487.1_2715
contig_3945	1899783	1900155	1930993	mRNA	AP012548.1_1649,CP001487.1_2715
contig_39698	274149	274478	intergenic	.	AP012548.1_1527,AP012548.1_1528,CP001487.1_2838,CP142614.1_1244,CP142614.1_1245,CP142623.1_883,CP142623.1_884
contig_3978	49	161	intergenic	.	AP012548.1_3184,CP001487.1_1144,CP142614.1_2912,CP142614.1_2913,CP142623.1_3436,CP142623.1_3437
contig_39903	13886	14210	intergenic	.	AP012548.1_3377,AP012548.1_553,AP012548.1_554,CP142614.1_271,CP142614.1_3107,CP142623.1_1860,CP142623.1_3247
contig_39903	45364	45546	intergenic	.	AP012548.1_2255,AP012548.1_2256,CP142614.1_1973,CP142623.1_156
contig_39903	45982	46166	intergenic	.	AP012548.1_3255,AP012548.1_3256,CP001487.1_1075,CP003000.1_3019,CP142614.1_2985,CP142623.1_3369
contig_3997	444944	445144	intergenic	.	AP012548.1_2868,AP012548.1_41,CP001429.2_2902,CP001487.1_1457,CP001487.1_70,CP003000.1_2648,CP003000.1_41,CP142614.1_2598,CP142614.1_3981,CP142623.1_2369,CP142623.1_3753
contig_39972	272307	272390	intergenic	.	AP012548.1_1442,CP142614.1_1159,CP142623.1_969
contig_39972	275374	275777	intergenic	.	AP012548.1_124,CP142614.1_4062,CP142614.1_4063,CP142623.1_2286,CP142623.1_2287,CP142623.1_2288
contig_39972	282355	282561	intergenic	.	AP012548.1_1592,CP001429.2_1164,CP001487.1_2773,CP001487.1_3191,CP003000.1_1050,CP003000.1_1408,CP142614.1_1309,CP142623.1_1237,CP142623.1_819,CP142623.1_820
contig_3998	1325625	1325794	intergenic	.	AP012548.1_1721,CP142614.1_1437,CP142623.1_692
contig_3998	1340516	1340607	intergenic	.	AP012548.1_4205,CP142614.1_3928,CP142623.1_2422
contig_3998	1397546	1397694	intergenic	.	CP142614.1_4219
contig_40211	332982	333129	intergenic	.	AP012548.1_2794,CP142614.1_2513
contig_40211	1009420	1009657	intergenic	.	AP012548.1_4146,AP012548.1_4147,CP142614.1_3871,CP142623.1_2479,CP142623.1_2480
contig_40346	86710	86946	intergenic	.	AP012548.1_663,AP012548.1_664,CP142614.1_381,CP142623.1_1750,CP142623.1_1751
contig_4038	689108	689302	intergenic	.	AP012548.1_1523,CP001429.2_1530,CP001487.1_2842,CP142614.1_1239,CP142614.1_1240,CP142623.1_889
contig_4038	1781631	1781825	intergenic	.	AP012548.1_3683,AP012548.1_3684,CP142614.1_3406,CP142614.1_3407,CP142623.1_2942,CP142623.1_2943
contig_4038	2041649	2041829	2041814	CDS	CP001487.1_2664,CP142614.1_1417,CP142623.1_712
contig_4038	2041649	2041829	2041814	exon	CP001487.1_2664,CP142614.1_1417,CP142623.1_712
contig_4038	2041649	2041829	2041814	gene	CP001487.1_2664,CP142614.1_1417,CP142623.1_712
contig_4038	2041649	2041829	2041814	mRNA	CP001487.1_2664,CP142614.1_1417,CP142623.1_712
contig_4038	2041649	2041829	2041814	start_codon	CP001487.1_2664,CP142614.1_1417,CP142623.1_712
contig_4038	2041814	2041829	intergenic	.	CP001487.1_2664,CP142614.1_1417,CP142623.1_712
contig_4038	2059562	2059671	intergenic	.	AP012548.1_1307,CP001429.2_1314,CP142614.1_1025
contig_4044	1123536	1123653	1129326	mRNA	AP012548.1_1773,CP142614.1_1488,CP142623.1_640
contig_4044	1123536	1123653	1129361	gene	AP012548.1_1773,CP142614.1_1488,CP142623.1_640
contig_4044	1124017	1124103	1129326	mRNA	AP012548.1_1772,CP142623.1_641
contig_4044	1124017	1124103	1129361	gene	AP012548.1_1772,CP142623.1_641
contig_405	624241	624391	intergenic	.	AP012548.1_214,CP142623.1_2196
contig_40509	30186	30434	intergenic	.	AP012548.1_3545,CP001429.2_3589,CP001487.1_786,CP003000.1_3311,CP142614.1_3273,CP142614.1_3274,CP142623.1_3081,CP142623.1_3082
contig_4070	182648	183038	intergenic	.	AP012548.1_2225,AP012548.1_2226,CP001487.1_2141,CP142614.1_1942,CP142614.1_1943,CP142623.1_185,CP142623.1_186,CP142623.1_187
contig_4070	352016	352171	intergenic	.	AP012548.1_533,AP012548.1_534,CP142614.1_252,CP142623.1_1879
contig_4070	696099	696329	intergenic	.	AP012548.1_3368,CP142614.1_3098,CP142623.1_3256,CP142623.1_3257
contig_4070	715231	715354	intergenic	.	AP012548.1_403,CP142614.1_120,CP142614.1_121,CP142623.1_2005,CP142623.1_2006
contig_4077	67642	67784	intergenic	.	AP012548.1_187
contig_4077	209447	209522	intergenic	.	AP012548.1_1454,AP012548.1_1455,AP012548.1_1456,CP001487.1_2909,CP142614.1_1171,CP142614.1_1172,CP142614.1_1173,CP142623.1_955,CP142623.1_956,CP142623.1_957,CP142623.1_958
contig_4077	209447	209847	209525	start_codon	AP012548.1_1454,AP012548.1_1455,AP012548.1_1456,CP001487.1_2909,CP142614.1_1171,CP142614.1_1172,CP142614.1_1173,CP142623.1_955,CP142623.1_956,CP142623.1_957,CP142623.1_958
contig_4077	209447	209847	209783	CDS	AP012548.1_1454,AP012548.1_1455,AP012548.1_1456,CP001487.1_2909,CP142614.1_1171,CP142614.1_1172,CP142614.1_1173,CP142623.1_955,CP142623.1_956,CP142623.1_957,CP142623.1_958
contig_4077	209447	209847	209783	exon	AP012548.1_1454,AP012548.1_1455,AP012548.1_1456,CP001487.1_2909,CP142614.1_1171,CP142614.1_1172,CP142614.1_1173,CP142623.1_955,CP142623.1_956,CP142623.1_957,CP142623.1_958
contig_4077	209447	209847	209783	mRNA	AP012548.1_1454,AP012548.1_1455,AP012548.1_1456,CP001487.1_2909,CP142614.1_1171,CP142614.1_1172,CP142614.1_1173,CP142623.1_955,CP142623.1_956,CP142623.1_957,CP142623.1_958
contig_4077	209447	209847	209783	stop_codon	AP012548.1_1454,AP012548.1_1455,AP012548.1_1456,CP001487.1_2909,CP142614.1_1171,CP142614.1_1172,CP142614.1_1173,CP142623.1_955,CP142623.1_956,CP142623.1_957,CP142623.1_958
contig_4077	209447	209847	209880	gene	AP012548.1_1454,AP012548.1_1455,AP012548.1_1456,CP001487.1_2909,CP142614.1_1171,CP142614.1_1172,CP142614.1_1173,CP142623.1_955,CP142623.1_956,CP142623.1_957,CP142623.1_958
contig_40772	124085	124284	139709	mRNA	AP012548.1_3637,AP012548.1_3793,CP001487.1_695,CP142614.1_3365,CP142614.1_3517,CP142623.1_2833,CP142623.1_2990
contig_40772	124085	124284	139733	gene	AP012548.1_3637,AP012548.1_3793,CP001487.1_695,CP142614.1_3365,CP142614.1_3517,CP142623.1_2833,CP142623.1_2990
contig_40772	141924	142026	intergenic	.	CP001487.1_97
contig_4078	937801	937919	intergenic	.	AP012548.1_3392,CP001487.1_938,CP003000.1_3158,CP142614.1_3122,CP142623.1_3232
contig_40937	16152	16448	intergenic	.	AP012548.1_1235,CP142614.1_951,CP142623.1_1176
contig_41	149236	149393	intergenic	.	CP142614.1_2952,CP142623.1_3397
contig_41	188906	188990	intergenic	.	CP142623.1_3619
contig_411	104989	105205	intergenic	.	AP012548.1_147,AP012548.1_148,CP003000.1_139,CP142614.1_4087,CP142623.1_2263
contig_412	174204	174295	intergenic	.	CP001487.1_450
contig_412	228483	228619	intergenic	.	AP012548.1_3880,CP142623.1_2746
contig_412	697207	697349	intergenic	.	CP142614.1_4173,CP142623.1_1634
contig_412	697207	697426	697355	polyA_signal_sequence	CP142614.1_4173,CP142623.1_1634
contig_412	697207	697426	750804	gene	CP142614.1_4173,CP142623.1_1634
contig_4129	37834	38241	intergenic	.	AP012548.1_2983,AP012548.1_4038,AP012548.1_4039,CP001429.2_4079,CP142614.1_2712,CP142614.1_3761,CP142614.1_3762,CP142623.1_2587,CP142623.1_2588,CP142623.1_3639,CP142623.1_3640
contig_4129	99304	99415	intergenic	.	CP142614.1_3094,CP142623.1_3261
contig_4129	861225	861355	866318	gene	AP012548.1_3909,CP142623.1_2717
contig_4129	861225	861355	866318	mRNA	AP012548.1_3909,CP142623.1_2717
contig_4145	564038	564340	570240	mRNA	AP012548.1_2520,AP012548.1_2521,CP142614.1_2239,CP142623.1_4101,CP142623.1_4102
contig_4145	564038	564340	570389	gene	AP012548.1_2520,AP012548.1_2521,CP142614.1_2239,CP142623.1_4101,CP142623.1_4102
contig_4145	895674	895753	intergenic	.	AP012548.1_675,CP142614.1_392,CP142623.1_1739
contig_4145	1082792	1083239	1094313	mRNA	CP142614.1_2187,CP142614.1_2189
contig_4145	1082792	1083239	1094545	gene	CP142614.1_2187,CP142614.1_2189
contig_4145	1305914	1306253	intergenic	.	AP012548.1_503,AP012548.1_504,CP001429.2_509,CP001487.1_3847,CP001487.1_3848,CP001487.1_3849,CP003000.1_1991,CP142614.1_222,CP142614.1_223,CP142623.1_1904
contig_4145	2053321	2053513	intergenic	.	AP012548.1_960,AP012548.1_961,CP142614.1_679,CP142623.1_1451,CP142623.1_1452
contig_41450	186560	186679	193577	gene	AP012548.1_3969,CP142623.1_2657
contig_41450	186560	186679	193577	mRNA	AP012548.1_3969,CP142623.1_2657
contig_41470	1137	1304	intergenic	.	CP142614.1_3012,CP142623.1_3342
contig_41486	48999	49182	intergenic	.	AP012548.1_1419,AP012548.1_1420,CP001487.1_2945,CP142614.1_1136,CP142614.1_1137,CP142623.1_992
contig_41509	157433	157590	intergenic	.	AP012548.1_2350,CP142614.1_2068,CP142614.1_2069,CP142623.1_62
contig_41509	157984	158109	intergenic	.	CP001487.1_1147,CP142623.1_3439
contig_41509	211254	211691	intergenic	.	AP012548.1_3757,CP142614.1_3480,CP142614.1_3482,CP142623.1_2869
contig_41524	59796	59945	intergenic	.	AP012548.1_3262,CP001429.2_3298,CP001487.1_1068,CP003000.1_3026,CP142614.1_2992,CP142623.1_3362
contig_41524	331683	331768	intergenic	.	AP012548.1_3652,CP001487.1_680,CP142614.1_3380,CP142623.1_2975
contig_41531	2035968	2036393	2093398	gene	AP012548.1_1743,AP012548.1_1744,CP001487.1_93,CP142614.1_1459,CP142623.1_669,CP142623.1_670
contig_41531	2035968	2036393	2093398	mRNA	AP012548.1_1743,AP012548.1_1744,CP001487.1_93,CP142614.1_1459,CP142623.1_669,CP142623.1_670
contig_41531	2224405	2224602	intergenic	.	CP142614.1_3455,CP142623.1_2894
contig_4154	278561	278673	intergenic	.	AP012548.1_4004,CP142623.1_2622
contig_4154	310685	310789	intergenic	.	AP012548.1_3021,CP003000.1_2797,CP142614.1_2750,CP142623.1_3601
contig_4154	327833	328924	intergenic	.	AP012548.1_1472,AP012548.1_953,AP012548.1_954,AP012548.1_955,AP012548.1_957,CP001487.1_3411,CP142614.1_1189,CP142614.1_1190,CP142614.1_672,CP142614.1_673,CP142614.1_674,CP142623.1_1455,CP142623.1_1458,CP142623.1_1459,CP142623.1_939
contig_4154	346380	346623	352726	mRNA	AP012548.1_1940,AP012548.1_53,AP012548.1_54,CP001487.1_2425,CP142614.1_1656,CP142614.1_3993,CP142614.1_3994,CP142623.1_2356,CP142623.1_2357,CP142623.1_472,CP142623.1_473
contig_4154	346380	346623	353079	gene	AP012548.1_1940,AP012548.1_53,AP012548.1_54,CP001487.1_2425,CP142614.1_1656,CP142614.1_3993,CP142614.1_3994,CP142623.1_2356,CP142623.1_2357,CP142623.1_472,CP142623.1_473
contig_4154	537111	537194	574327	mRNA	AP012548.1_2421,CP001487.1_1946,CP142614.1_2140,CP142623.1_4201
contig_4154	537111	537194	574623	gene	AP012548.1_2421,CP001487.1_1946,CP142614.1_2140,CP142623.1_4201
contig_4154	649079	649251	intergenic	.	AP012548.1_4100,CP001487.1_230,CP142614.1_3823,CP142623.1_2526
contig_4154	1354837	1354990	intergenic	.	AP012548.1_2025,CP001429.2_2032,CP001487.1_2341,CP003000.1_641,CP142623.1_388
contig_41541	1404207	1404300	intergenic	.	CP142614.1_506
contig_41541	1931484	1931649	intergenic	.	CP142614.1_334,CP142623.1_1797
contig_41542	6935	7028	intergenic	.	AP012548.1_1476,CP001429.2_1484,CP001487.1_2888,CP003000.1_1109,CP142623.1_935
contig_41609	79659	80117	intergenic	.	AP012548.1_3678,AP012548.1_3679,AP012548.1_3680,CP142614.1_3402,CP142614.1_3403,CP142623.1_2946,CP142623.1_2948
contig_41717	369219	369453	intergenic	.	AP012548.1_2337,AP012548.1_2338,CP001487.1_2029,CP142614.1_2055,CP142614.1_2056,CP142623.1_74,CP142623.1_75
contig_41717	371761	371909	intergenic	.	AP012548.1_1835,CP142614.1_1551,CP142623.1_577
contig_41717	469293	469485	intergenic	.	AP012548.1_2073,CP001487.1_2293,CP142614.1_1789,CP142614.1_1790,CP142623.1_339
contig_41737	95627	95953	130682	gene	AP012548.1_1864,CP142614.1_1580,CP142614.1_2450,CP142623.1_3891,CP142623.1_548
contig_41737	95627	95953	130682	mRNA	AP012548.1_1864,CP142614.1_1580,CP142614.1_2450,CP142623.1_3891,CP142623.1_548
contig_41748	588461	588542	597218	mRNA	AP012548.1_70,CP142614.1_4010,CP142623.1_2340
contig_41748	588461	588542	597336	gene	AP012548.1_70,CP142614.1_4010,CP142623.1_2340
contig_4175	350239	350441	intergenic	.	AP012548.1_1694,CP142614.1_1410,CP142623.1_718,CP142623.1_719
contig_4175	1026602	1026754	intergenic	.	AP012548.1_702,CP001487.1_3644,CP142614.1_420,CP142623.1_1712
contig_418	52403	52532	intergenic	.	AP012548.1_2195,AP012548.1_3675,CP142623.1_2951
contig_418	160673	160921	intergenic	.	CP142614.1_216,CP142623.1_1911
contig_418	278151	278573	intergenic	.	AP012548.1_28,CP142614.1_189,CP142614.1_3968,CP142623.1_1394,CP142623.1_2382,CP142623.1_779
contig_418	613678	614027	intergenic	.	AP012548.1_2103,AP012548.1_2130,CP001429.2_2111,CP142614.1_1820,CP142614.1_1847,CP142623.1_281,CP142623.1_309
contig_41828	458318	458639	458990	gene	AP012548.1_1877,AP012548.1_1878,AP012548.1_2008,CP001487.1_2487,CP142614.1_1593,CP142614.1_1724,CP142623.1_405,CP142623.1_535
contig_41828	458318	458639	458990	mRNA	AP012548.1_1877,AP012548.1_1878,AP012548.1_2008,CP001487.1_2487,CP142614.1_1593,CP142614.1_1724,CP142623.1_405,CP142623.1_535
contig_41846	11830	12133	intergenic	.	AP012548.1_2328,AP012548.1_2329,CP142614.1_2045,CP142614.1_2047,CP142623.1_83,CP142623.1_84
contig_41846	113501	113881	113606	CDS	AP012548.1_2179,CP001487.1_2187,CP142614.1_1895,CP142614.1_1896,CP142623.1_1165,CP142623.1_232,CP142623.1_233
contig_41846	113501	113881	113606	exon	AP012548.1_2179,CP001487.1_2187,CP142614.1_1895,CP142614.1_1896,CP142623.1_1165,CP142623.1_232,CP142623.1_233
contig_41846	113501	113881	154274	gene	AP012548.1_2179,CP001487.1_2187,CP142614.1_1895,CP142614.1_1896,CP142623.1_1165,CP142623.1_232,CP142623.1_233
contig_41846	113501	113881	154274	mRNA	AP012548.1_2179,CP001487.1_2187,CP142614.1_1895,CP142614.1_1896,CP142623.1_1165,CP142623.1_232,CP142623.1_233
contig_41903	76821	76985	intergenic	.	AP012548.1_2634,AP012548.1_2635,CP142614.1_2353,CP142614.1_2354,CP142623.1_3987,CP142623.1_3988
contig_4193	65207	65387	intergenic	.	AP012548.1_907,CP142614.1_625,CP142623.1_1506
contig_4193	286306	286400	286849	gene	AP012548.1_2284,CP001487.1_2083,CP142614.1_2001,CP142623.1_128
contig_4193	286306	286400	286849	mRNA	AP012548.1_2284,CP001487.1_2083,CP142614.1_2001,CP142623.1_128
contig_4193	528964	529201	529070	CDS	AP012548.1_1044,CP142614.1_762,CP142614.1_763,CP142623.1_1368,CP142623.1_1369
contig_4193	528964	529201	529070	exon	AP012548.1_1044,CP142614.1_762,CP142614.1_763,CP142623.1_1368,CP142623.1_1369
contig_4193	528964	529201	529070	gene	AP012548.1_1044,CP142614.1_762,CP142614.1_763,CP142623.1_1368,CP142623.1_1369
contig_4193	528964	529201	529070	mRNA	AP012548.1_1044,CP142614.1_762,CP142614.1_763,CP142623.1_1368,CP142623.1_1369
contig_4193	528964	529201	529070	start_codon	AP012548.1_1044,CP142614.1_762,CP142614.1_763,CP142623.1_1368,CP142623.1_1369
contig_4193	529070	529201	intergenic	.	AP012548.1_1044,CP142614.1_762,CP142614.1_763,CP142623.1_1368,CP142623.1_1369
contig_41939	304906	305333	intergenic	.	AP012548.1_252,AP012548.1_3198,CP142614.1_2927,CP142623.1_3422
contig_41939	353234	353553	intergenic	.	AP012548.1_2515,AP012548.1_2517,CP001429.2_2531,CP001487.1_1852,CP001487.1_1853,CP142614.1_2233,CP142614.1_2234,CP142614.1_2235,CP142623.1_4106,CP142623.1_4107
contig_41939	422436	422535	446282	mRNA	AP012548.1_3682,CP142614.1_3405,CP142623.1_2944
contig_41939	422436	422535	446348	gene	AP012548.1_3682,CP142614.1_3405,CP142623.1_2944
contig_4198	128906	129358	intergenic	.	AP012548.1_757,AP012548.1_758,CP001487.1_3590,CP003000.1_1785,CP003000.1_1786,CP142614.1_475,CP142614.1_476,CP142623.1_1655,CP142623.1_1656,CP142623.1_1657
contig_41982	217275	217397	289988	gene	CP003000.1_558,CP142614.1_1825,CP142623.1_303
contig_41982	217275	217397	289988	mRNA	CP003000.1_558,CP142614.1_1825,CP142623.1_303
contig_41985	29281	29419	intergenic	.	AP012548.1_814,CP003000.1_1730,CP142614.1_532,CP142623.1_1600
contig_41985	63606	63728	72320	gene	AP012548.1_440,CP142614.1_158,CP142623.1_1968
contig_41985	63606	63728	72320	mRNA	AP012548.1_440,CP142614.1_158,CP142623.1_1968
contig_4199	1030857	1031084	intergenic	.	AP012548.1_361,CP001429.2_365,CP001487.1_3998,CP003000.1_318,CP142614.1_78,CP142623.1_2048
contig_4199	1507521	1507999	intergenic	.	AP012548.1_1013,AP012548.1_1108,CP142614.1_827,CP142623.1_1304,CP142623.1_1366
contig_42017	541735	541891	intergenic	.	AP012548.1_2879,CP142623.1_3744
contig_42017	645478	645561	646350	gene	AP012548.1_4004,CP001429.2_913,CP142614.1_3728,CP142623.1_2622
contig_42017	645478	645561	646350	mRNA	AP012548.1_4004,CP001429.2_913,CP142614.1_3728,CP142623.1_2622
contig_42041	428991	429201	intergenic	.	AP012548.1_2333,CP142614.1_2051,CP142614.1_2052,CP142623.1_78,CP142623.1_79
contig_42093	32983	33164	intergenic	.	AP012548.1_4041,CP001429.2_4080,CP001487.1_290,CP003000.1_3750,CP142614.1_3764,CP142623.1_2585,CP142623.1_2586
contig_42099	115341	115757	intergenic	.	AP012548.1_889,CP142614.1_3240,CP142623.1_1258,CP142623.1_3115
contig_42138	304571	304729	intergenic	.	CP142614.1_4143,CP142623.1_2207
contig_42154	475221	475297	intergenic	.	CP142614.1_3936,CP142623.1_2414
contig_42154	475655	475783	intergenic	.	AP012548.1_4212,CP142614.1_3935,CP142614.1_3936,CP142623.1_2414,CP142623.1_2415
contig_42188	26443	26577	intergenic	.	AP012548.1_4175
contig_42192	334854	335006	intergenic	.	AP012548.1_3577,AP012548.1_3578,CP142614.1_3306,CP142623.1_3049
contig_42224	176693	176840	intergenic	.	AP012548.1_3767,CP003000.1_3519,CP142614.1_3489,CP142623.1_2859
contig_42241	468255	468490	intergenic	.	AP012548.1_1868,AP012548.1_2739,CP001429.2_2772,CP001487.1_1586,CP003000.1_2530,CP142614.1_1584,CP142614.1_2458,CP142623.1_3883,CP142623.1_544
contig_42241	803355	803588	intergenic	.	AP012548.1_164,CP003000.1_154,CP003000.1_155
contig_42279	129059	129246	intergenic	.	AP012548.1_3075,CP142614.1_2804
contig_42294	9531	9675	intergenic	.	AP012548.1_3766,CP142623.1_2860
contig_42311	37089	37317	intergenic	.	AP012548.1_2759,AP012548.1_2760,CP142614.1_2478,CP142614.1_2479,CP142623.1_3862,CP142623.1_3863
contig_42346	138522	138673	intergenic	.	CP142623.1_2122
contig_42357	96645	96731	97795	gene	AP012548.1_2343
contig_42357	96645	96731	97795	mRNA	AP012548.1_2343
contig_42388	80755	81128	intergenic	.	AP012548.1_2272,AP012548.1_3315,CP001429.2_2545,CP001487.1_1838,CP142614.1_1989,CP142614.1_2248,CP142614.1_3044,CP142623.1_140,CP142623.1_3310,CP142623.1_4093
contig_4240	161783	162020	215789	mRNA	AP012548.1_2456,CP142614.1_2175,CP142614.1_2236,CP142623.1_4104,CP142623.1_4165,CP142623.1_4166
contig_4240	161783	162020	215848	gene	AP012548.1_2456,CP142614.1_2175,CP142614.1_2236,CP142623.1_4104,CP142623.1_4165,CP142623.1_4166
contig_42435	115795	115904	120452	mRNA	AP012548.1_1369,CP001487.1_2996,CP142614.1_1086
contig_42435	115795	115904	120591	gene	AP012548.1_1369,CP001487.1_2996,CP142614.1_1086
contig_42457	119496	119868	intergenic	.	AP012548.1_1943,AP012548.1_56,CP001487.1_2422,CP001487.1_56,CP142614.1_1659,CP142623.1_2354,CP142623.1_469,CP142623.1_470
contig_42484	189822	189931	209843	gene	CP001487.1_402
contig_42484	189822	189931	209843	mRNA	CP001487.1_402
contig_42527	195963	196151	intergenic	.	CP142614.1_1262,CP142623.1_866
contig_4253	244349	244532	intergenic	.	AP012548.1_1848,CP142614.1_1564,CP142623.1_564,CP142623.1_565
contig_4253	303567	303727	intergenic	.	AP012548.1_694,CP142614.1_412,CP142623.1_1720
contig_4257	345314	345436	intergenic	.	AP012548.1_1453,CP001487.1_2911,CP003000.1_1132,CP142614.1_1170,CP142623.1_958
contig_4257	522073	522287	intergenic	.	AP012548.1_2795,CP001487.1_1530,CP142614.1_2514,CP142623.1_3827
contig_42638	37311	37547	intergenic	.	AP012548.1_1682,AP012548.1_2415,CP001429.2_2429,CP001487.1_1952,CP003000.1_2171,CP142614.1_2134,CP142623.1_4207,CP142623.1_731
contig_42645	21367	21687	intergenic	.	AP012548.1_74,CP142614.1_171,CP142614.1_4013,CP142614.1_4014,CP142623.1_1956,CP142623.1_2336
contig_42645	34897	35072	intergenic	.	AP012548.1_34,CP142614.1_3974,CP142623.1_2376
contig_42727	104198	104423	122648	mRNA	CP001429.2_1030,CP001487.1_3324,CP142623.1_1372
contig_42727	104198	104423	122754	gene	CP001429.2_1030,CP001487.1_3324,CP142623.1_1372
contig_42748	166539	166621	intergenic	.	AP012548.1_1517,CP142614.1_1234,CP142623.1_894
contig_42748	193381	193962	intergenic	.	AP012548.1_1682,AP012548.1_1683,AP012548.1_1684,AP012548.1_1685,CP001487.1_2681,CP001487.1_2682,CP142614.1_1398,CP142614.1_1399,CP142614.1_1401,CP142623.1_728,CP142623.1_730,CP142623.1_731
contig_42749	41872	42141	64233	gene	AP012548.1_1526,CP001429.2_1533,CP142614.1_1243,CP142623.1_885,CP142623.1_886
contig_42749	41872	42141	64233	mRNA	AP012548.1_1526,CP001429.2_1533,CP142614.1_1243,CP142623.1_885,CP142623.1_886
contig_42772	173945	174030	225261	mRNA	AP012548.1_216,CP001487.1_4143
contig_42772	173945	174030	225295	gene	AP012548.1_216,CP001487.1_4143
contig_42791	91003	91452	91848	gene	AP012548.1_1206,AP012548.1_1207,AP012548.1_1244,AP012548.1_1245,CP001429.2_1250,CP001487.1_3158,CP142614.1_923,CP142614.1_924,CP142614.1_961,CP142614.1_962,CP142623.1_1167,CP142623.1_1204,CP142623.1_1205,CP142623.1_1206
contig_42791	91003	91452	91848	mRNA	AP012548.1_1206,AP012548.1_1207,AP012548.1_1244,AP012548.1_1245,CP001429.2_1250,CP001487.1_3158,CP142614.1_923,CP142614.1_924,CP142614.1_961,CP142614.1_962,CP142623.1_1167,CP142623.1_1204,CP142623.1_1205,CP142623.1_1206
contig_42793	17484	17640	intergenic	.	AP012548.1_1320,CP142614.1_1037,CP142614.1_1038,CP142623.1_1091
contig_4280	402499	402721	intergenic	.	AP012548.1_1619,CP001487.1_2747,CP142614.1_1335,CP142614.1_1336,CP142623.1_793
contig_42831	102682	102789	intergenic	.	AP012548.1_1829,CP001429.2_1836,CP001487.1_2536,CP003000.1_823,CP142614.1_1545,CP142623.1_584
contig_42886	188339	188609	intergenic	.	AP012548.1_1351,AP012548.1_1352,CP001429.2_1358,CP001487.1_3013,CP142614.1_1068
contig_42893	11813	12119	intergenic	.	AP012548.1_273,AP012548.1_274,CP142614.1_4212,CP142623.1_2136
contig_4291	205966	206079	intergenic	.	AP012548.1_1726,CP142614.1_1441,CP142623.1_687
contig_4291	270490	270745	283170	mRNA	AP012548.1_1383,CP142614.1_1100,CP142614.1_1101,CP142623.1_1028
contig_4291	270490	270745	283200	gene	AP012548.1_1383,CP142614.1_1100,CP142614.1_1101,CP142623.1_1028
contig_4291	1189839	1190137	intergenic	.	AP012548.1_1663,AP012548.1_797,CP142614.1_1379,CP142614.1_515,CP142623.1_750
contig_4291	1197830	1197928	intergenic	.	CP001429.2_1774,CP001487.1_2598
contig_4291	1279220	1279298	intergenic	.	CP142614.1_2156,CP142623.1_4185
contig_4291	1341041	1341253	intergenic	.	AP012548.1_2934,CP001429.2_2971,CP001487.1_1392,CP142614.1_2663,CP142623.1_3689,CP142623.1_3690
contig_4291	1348830	1348978	intergenic	.	CP142623.1_1319
contig_4291	1678399	1678481	1681629	gene	CP142623.1_1965
contig_4291	1678399	1678481	1681629	mRNA	CP142623.1_1965
contig_4291	1827332	1827555	1850918	gene	AP012548.1_4085,CP142614.1_2832,CP142614.1_3808,CP142623.1_2541,CP142623.1_2542,CP142623.1_3518
contig_4291	1827332	1827555	1850918	mRNA	AP012548.1_4085,CP142614.1_2832,CP142614.1_3808,CP142623.1_2541,CP142623.1_2542,CP142623.1_3518
contig_4291	1864539	1865128	intergenic	.	AP012548.1_1241,AP012548.1_1242,AP012548.1_1243,AP012548.1_1605,AP012548.1_1606,CP001429.2_1248,CP001487.1_3122,CP001487.1_3123,CP142614.1_1322,CP142614.1_958,CP142614.1_959,CP142614.1_960,CP142623.1_1168,CP142623.1_1169,CP142623.1_1170,CP142623.1_806,CP142623.1_807
contig_42922	166804	166945	intergenic	.	AP012548.1_170,CP142623.1_2240
contig_42922	167292	167565	intergenic	.	AP012548.1_168,AP012548.1_169,AP012548.1_3742,CP142614.1_4107,CP142614.1_4108,CP142623.1_2242,CP142623.1_2243
contig_42922	168650	168728	intergenic	.	AP012548.1_3742,CP142614.1_3465,CP142623.1_2884
contig_42922	178650	178824	intergenic	.	AP012548.1_2786,CP001487.1_1539,CP003000.1_2576,CP142614.1_2505,CP142614.1_2506
contig_42925	188304	188481	intergenic	.	AP012548.1_400,CP001429.2_2326,CP001487.1_3951,CP142614.1_117,CP142623.1_2009
contig_42928	104482	104654	113818	gene	AP012548.1_1644,AP012548.1_1645,CP001429.2_1650,CP001487.1_2721,CP001487.1_2722,CP142614.1_1360,CP142614.1_1361,CP142623.1_768
contig_42928	104482	104654	113818	mRNA	AP012548.1_1644,AP012548.1_1645,CP001429.2_1650,CP001487.1_2721,CP001487.1_2722,CP142614.1_1360,CP142614.1_1361,CP142623.1_768
contig_42960	189920	190020	intergenic	.	AP012548.1_1888,CP142614.1_1603,CP142614.1_1604,CP142623.1_525
contig_4298	269469	269778	intergenic	.	AP012548.1_2440,AP012548.1_2817,CP001429.2_2850,CP142614.1_2546,CP142623.1_3805,CP142623.1_4182
contig_42998	18959	19245	intergenic	.	CP142623.1_3196,CP142623.1_3197
contig_43005	68386	68551	77275	gene	AP012548.1_828,CP001429.2_835,CP001487.1_3519,CP142614.1_546,CP142623.1_1586
contig_43005	68386	68551	77275	mRNA	AP012548.1_828,CP001429.2_835,CP001487.1_3519,CP142614.1_546,CP142623.1_1586
contig_4307	487899	488135	intergenic	.	AP012548.1_2915,CP001429.2_1133,CP001487.1_3221,CP003000.1_1438,CP142614.1_2644,CP142623.1_1268,CP142623.1_3709
contig_43136	25733	25968	intergenic	.	AP012548.1_2437,AP012548.1_549,CP001429.2_561,CP142614.1_267
contig_43173	159864	160119	intergenic	.	AP012548.1_1266,AP012548.1_194,CP142614.1_4133,CP142623.1_2217
contig_43173	244037	244185	intergenic	.	CP001487.1_119,CP003000.1_3908,CP142623.1_2418
contig_43243	396161	396533	402435	mRNA	AP012548.1_884,AP012548.1_885,AP012548.1_886,CP001429.2_892,CP001487.1_3460,CP001487.1_3461,CP003000.1_1659,CP003000.1_1660,CP142614.1_602,CP142614.1_603,CP142614.1_604,CP142623.1_1527,CP142623.1_1528,CP142623.1_1529
contig_43243	396161	396533	402588	gene	AP012548.1_884,AP012548.1_885,AP012548.1_886,CP001429.2_892,CP001487.1_3460,CP001487.1_3461,CP003000.1_1659,CP003000.1_1660,CP142614.1_602,CP142614.1_603,CP142614.1_604,CP142623.1_1527,CP142623.1_1528,CP142623.1_1529
contig_4325	31161	31548	intergenic	.	AP012548.1_3354,AP012548.1_3355,CP142614.1_3084,CP142614.1_3085,CP142623.1_3269,CP142623.1_3270
contig_43262	11581	11854	intergenic	.	AP012548.1_3822,CP001429.2_1396,CP001487.1_508,CP142614.1_1107,CP142623.1_1022,CP142623.1_2804
contig_43302	207179	207515	intergenic	.	AP012548.1_3790,AP012548.1_3791,CP142614.1_3513,CP142614.1_3514,CP142623.1_2835,CP142623.1_2836
contig_4334	2105140	2105318	intergenic	.	CP001429.2_2236,CP142614.1_1941,CP142623.1_188
contig_4334	3321214	3321564	intergenic	.	AP012548.1_1952,CP001429.2_1960,CP001487.1_2413,CP142614.1_1667,CP142614.1_1668,CP142623.1_460,CP142623.1_461
contig_4334	3367317	3367489	intergenic	.	AP012548.1_3488,CP142614.1_3216,CP142623.1_3138,CP142623.1_3139
contig_4334	3435348	3435597	intergenic	.	AP012548.1_1308,AP012548.1_1309,AP012548.1_1310,CP001487.1_3055,CP142614.1_1025,CP142614.1_1026,CP142614.1_1027,CP142623.1_1102,CP142623.1_1103
contig_43343	107557	107764	121626	gene	AP012548.1_1213,AP012548.1_1214,CP142614.1_930,CP142614.1_931,CP142623.1_1198
contig_43343	107557	107764	121626	mRNA	AP012548.1_1213,AP012548.1_1214,CP142614.1_930,CP142614.1_931,CP142623.1_1198
contig_43380	72879	72993	83033	mRNA	AP012548.1_4119,CP001487.1_209,CP142614.1_3842,CP142623.1_2508
contig_43380	72879	72993	83399	gene	AP012548.1_4119,CP001487.1_209,CP142614.1_3842,CP142623.1_2508
contig_4343	369982	370201	intergenic	.	AP012548.1_1860,CP001487.1_2504,CP142614.1_1576,CP142623.1_552,CP142623.1_553
contig_4343	531945	532329	intergenic	.	CP001487.1_2509,CP142614.1_1935,CP142623.1_1334,CP142623.1_193
contig_4343	693109	693303	intergenic	.	AP012548.1_3758,CP001487.1_575,CP142614.1_3481,CP142623.1_2868
contig_4343	1048216	1048368	intergenic	.	CP142623.1_2936
contig_4343	1199468	1199652	intergenic	.	AP012548.1_132,CP001487.1_4226,CP142614.1_4072,CP142623.1_2278
contig_43511	257507	257702	intergenic	.	AP012548.1_1529,CP142614.1_1246,CP142623.1_882
contig_43539	59410	59912	intergenic	.	AP012548.1_3219,AP012548.1_3220,CP001429.2_846,CP142614.1_2948,CP142614.1_556,CP142623.1_1575,CP142623.1_3400,CP142623.1_3401
contig_43582	241949	242041	intergenic	.	CP142614.1_1867
contig_43594	126500	126651	intergenic	.	AP012548.1_325
contig_436	23462	23658	30619	gene	AP012548.1_1806,AP012548.1_1807,CP142614.1_1522,CP142614.1_1523,CP142623.1_606
contig_436	23462	23658	30619	mRNA	AP012548.1_1806,AP012548.1_1807,CP142614.1_1522,CP142614.1_1523,CP142623.1_606
contig_436	72391	72633	intergenic	.	AP012548.1_1124,CP142614.1_3634,CP142614.1_843,CP142623.1_1288
contig_43629	62886	63040	intergenic	.	AP012548.1_3573,CP142614.1_3301,CP142614.1_3302,CP142623.1_3053,CP142623.1_3054
contig_43708	117326	117434	intergenic	.	AP012548.1_4023,CP001487.1_308,CP142614.1_3746,CP142623.1_2603
contig_43714	45650	45923	46308	gene	AP012548.1_2930,AP012548.1_2931,AP012548.1_2932,CP001429.2_2969,CP001487.1_1396,CP142614.1_2660,CP142614.1_2661,CP142623.1_3692,CP142623.1_3693
contig_43714	45650	45923	46308	mRNA	AP012548.1_2930,AP012548.1_2931,AP012548.1_2932,CP001429.2_2969,CP001487.1_1396,CP142614.1_2660,CP142614.1_2661,CP142623.1_3692,CP142623.1_3693
contig_43750	47870	48263	intergenic	.	AP012548.1_2370,AP012548.1_3335,CP001429.2_2385,CP001487.1_1996,CP003000.1_2127,CP003000.1_2128,CP142614.1_2089,CP142614.1_3065,CP142623.1_3289,CP142623.1_3290,CP142623.1_41
contig_43796	217965	218088	intergenic	.	CP142623.1_1748
contig_43804	15534	15653	intergenic	.	AP012548.1_2627,CP001487.1_1697,CP142614.1_2346,CP142623.1_3994,CP142623.1_3995
contig_43843	67070	67195	intergenic	.	CP142623.1_3298
contig_43843	81765	81874	intergenic	.	CP001487.1_2924,CP142623.1_972
contig_43843	158743	158925	176087	gene	AP012548.1_2258,AP012548.1_2259,CP142614.1_1975,CP142614.1_1976,CP142623.1_153
contig_43843	158743	158925	176087	mRNA	AP012548.1_2258,AP012548.1_2259,CP142614.1_1975,CP142614.1_1976,CP142623.1_153
contig_4385	61147	61288	intergenic	.	AP012548.1_218
contig_4385	93721	93808	intergenic	.	AP012548.1_2032,CP142614.1_1747,CP142623.1_381
contig_4385	140672	140768	intergenic	.	AP012548.1_354,CP142614.1_72,CP142623.1_2054
contig_4385	526042	526264	intergenic	.	AP012548.1_3051,AP012548.1_3052,CP001487.1_1276,CP003000.1_2828,CP142614.1_2781,CP142623.1_3570
contig_4385	530149	530439	intergenic	.	AP012548.1_1020,AP012548.1_1594,CP001429.2_1009,CP003000.1_1562,CP142614.1_1310,CP142614.1_1311,CP142614.1_738,CP142623.1_1393,CP142623.1_818
contig_4385	696585	696681	701608	gene	CP142614.1_3383
contig_4385	696585	696681	701608	mRNA	CP142614.1_3383
contig_4385	780230	780352	796207	gene	CP142614.1_3334
contig_4385	780230	780352	796207	mRNA	CP142614.1_3334
contig_4385	1091307	1091458	intergenic	.	AP012548.1_4120,CP142614.1_3843,CP142623.1_2507
contig_4391	278146	278497	278477	CDS	AP012548.1_1110,AP012548.1_294,CP003000.1_251,CP142614.1_10,CP142614.1_829,CP142623.1_1302,CP142623.1_2115
contig_4391	278146	278497	278477	exon	AP012548.1_1110,AP012548.1_294,CP003000.1_251,CP142614.1_10,CP142614.1_829,CP142623.1_1302,CP142623.1_2115
contig_4391	278146	278497	278477	mRNA	AP012548.1_1110,AP012548.1_294,CP003000.1_251,CP142614.1_10,CP142614.1_829,CP142623.1_1302,CP142623.1_2115
contig_4391	278146	278497	278477	stop_codon	AP012548.1_1110,AP012548.1_294,CP003000.1_251,CP142614.1_10,CP142614.1_829,CP142623.1_1302,CP142623.1_2115
contig_4391	278146	278497	278573	gene	AP012548.1_1110,AP012548.1_294,CP003000.1_251,CP142614.1_10,CP142614.1_829,CP142623.1_1302,CP142623.1_2115
contig_4391	1035736	1035907	intergenic	.	AP012548.1_1938,CP001487.1_2427,CP142614.1_1654,CP142623.1_475
contig_4391	1366670	1366752	intergenic	.	AP012548.1_3688,CP142614.1_3411,CP142623.1_2938
contig_43937	74349	74592	intergenic	.	AP012548.1_1892,AP012548.1_1893,CP001487.1_2472,CP001487.1_2473,CP003000.1_760,CP142614.1_1608,CP142614.1_1609,CP142623.1_520
contig_43956	183397	183540	intergenic	.	AP012548.1_1426,AP012548.1_2765,CP142614.1_1143,CP142614.1_2484,CP142623.1_986
contig_43971	20077	20611	intergenic	.	AP012548.1_1677,AP012548.1_2251,AP012548.1_3849,AP012548.1_922,CP001429.2_1684,CP001429.2_2265,CP001487.1_2688,CP142614.1_1393,CP142614.1_1968,CP142614.1_3572,CP142614.1_3573,CP142614.1_640,CP142623.1_161,CP142623.1_2777,CP142623.1_736
contig_43971	43202	43326	intergenic	.	AP012548.1_451,CP001487.1_3900,CP001487.1_3901,CP003000.1_398
contig_44037	88054	88133	intergenic	.	AP012548.1_2457
contig_44079	1251519	1251641	1252151	mRNA	AP012548.1_3494,CP001487.1_837,CP142614.1_3223,CP142623.1_3132
contig_44079	1251519	1251641	1252281	gene	AP012548.1_3494,CP001487.1_837,CP142614.1_3223,CP142623.1_3132
contig_44095	55496	55588	67232	gene	CP001487.1_4096
contig_44095	55496	55588	67232	mRNA	CP001487.1_4096
contig_44095	118778	118930	intergenic	.	AP012548.1_879,CP001487.1_3467,CP142614.1_597,CP142623.1_1534
contig_44096	57083	57454	intergenic	.	AP012548.1_2247,CP142614.1_1964,CP142623.1_165,CP142623.1_631
contig_44168	16988	17285	intergenic	.	AP012548.1_115,AP012548.1_116,CP142614.1_4055,CP142623.1_2295
contig_44200	50267	51259	62469	mRNA	AP012548.1_1239,AP012548.1_1240,AP012548.1_2119,AP012548.1_3247,AP012548.1_3248,CP001429.2_1246,CP001429.2_2128,CP001487.1_1081,CP001487.1_1082,CP001487.1_3124,CP001487.1_3125,CP001487.1_3126,CP003000.1_1343,CP003000.1_3013,CP003000.1_547,CP142614.1_1835,CP142614.1_1836,CP142614.1_2977,CP142614.1_2978,CP142614.1_956,CP142614.1_957,CP142623.1_1171,CP142623.1_1172,CP142623.1_293,CP142623.1_3376
contig_44200	50267	51259	62631	gene	AP012548.1_1239,AP012548.1_1240,AP012548.1_2119,AP012548.1_3247,AP012548.1_3248,CP001429.2_1246,CP001429.2_2128,CP001487.1_1081,CP001487.1_1082,CP001487.1_3124,CP001487.1_3125,CP001487.1_3126,CP003000.1_1343,CP003000.1_3013,CP003000.1_547,CP142614.1_1835,CP142614.1_1836,CP142614.1_2977,CP142614.1_2978,CP142614.1_956,CP142614.1_957,CP142623.1_1171,CP142623.1_1172,CP142623.1_293,CP142623.1_3376
contig_44259	19475	19682	intergenic	.	AP012548.1_1392,CP142614.1_1109,CP142623.1_1019
contig_44328	53854	53941	intergenic	.	AP012548.1_3619,CP142614.1_3348,CP142623.1_3008
contig_44410	67108	67245	intergenic	.	CP001429.2_2755,CP001487.1_1603,CP142623.1_3900
contig_44450	20134	20448	intergenic	.	AP012548.1_856,CP001487.1_3492,CP003000.1_1688,CP142614.1_573,CP142623.1_1558
contig_44502	80077	80156	intergenic	.	CP142614.1_3688
contig_44538	58989	59099	71819	gene	CP142623.1_1092
contig_44538	58989	59099	71819	mRNA	CP142623.1_1092
contig_44540	80047	80211	intergenic	.	AP012548.1_2,CP142614.1_3581,CP142614.1_3942,CP142623.1_2408
contig_44540	80564	80575	intergenic	.	AP012548.1_2,AP012548.1_3,CP001487.1_109,CP142614.1_3942,CP142614.1_3943,CP142623.1_2407,CP142623.1_2408
contig_44540	80564	80705	80578	start_codon	AP012548.1_2,AP012548.1_3,CP001487.1_109,CP142614.1_3942,CP142614.1_3943,CP142623.1_2407,CP142623.1_2408
contig_44540	80564	80705	80875	CDS	AP012548.1_2,AP012548.1_3,CP001487.1_109,CP142614.1_3942,CP142614.1_3943,CP142623.1_2407,CP142623.1_2408
contig_44540	80564	80705	80875	exon	AP012548.1_2,AP012548.1_3,CP001487.1_109,CP142614.1_3942,CP142614.1_3943,CP142623.1_2407,CP142623.1_2408
contig_44540	80564	80705	80875	mRNA	AP012548.1_2,AP012548.1_3,CP001487.1_109,CP142614.1_3942,CP142614.1_3943,CP142623.1_2407,CP142623.1_2408
contig_44540	80564	80705	81030	gene	AP012548.1_2,AP012548.1_3,CP001487.1_109,CP142614.1_3942,CP142614.1_3943,CP142623.1_2407,CP142623.1_2408
contig_44540	80920	81062	81030	gene	AP012548.1_278
contig_44540	80920	81062	81030	polyA_signal_sequence	AP012548.1_278
contig_44540	81030	81062	intergenic	.	AP012548.1_278
contig_44570	103540	103697	intergenic	.	CP142614.1_256,CP142623.1_1875
contig_44592	57067	57617	intergenic	.	AP012548.1_2384,AP012548.1_2385,AP012548.1_2386,CP001429.2_2398,CP001429.2_2400,CP001429.2_2401,CP001487.1_1980,CP001487.1_1981,CP001487.1_1982,CP001487.1_1983,CP003000.1_2141,CP003000.1_2142,CP003000.1_2143,CP142614.1_2102,CP142614.1_2103,CP142614.1_2104,CP142614.1_2105,CP142623.1_25,CP142623.1_26,CP142623.1_27,CP142623.1_28
contig_4462	631405	631515	intergenic	.	AP012548.1_2180,AP012548.1_2181,CP001429.2_2189,CP142614.1_1897,CP142623.1_231
contig_44653	71235	71324	intergenic	.	AP012548.1_3052,CP001487.1_1275
contig_44675	26412	26571	intergenic	.	AP012548.1_3767,CP142614.1_3490,CP142623.1_2858,CP142623.1_2859
contig_44675	59863	60066	105001	mRNA	AP012548.1_2169,CP001429.2_2177,CP001429.2_2178,CP001487.1_2197,CP003000.1_498,CP142623.1_243
contig_44675	59863	60066	105459	gene	AP012548.1_2169,CP001429.2_2177,CP001429.2_2178,CP001487.1_2197,CP003000.1_498,CP142623.1_243
contig_44710	203031	203504	intergenic	.	AP012548.1_2154,AP012548.1_2155,AP012548.1_2156,AP012548.1_2157,CP001487.1_2211,CP142614.1_1871,CP142614.1_1873,CP142614.1_1874,CP142623.1_254,CP142623.1_255,CP142623.1_256,CP142623.1_257
contig_4474	56921	57386	57394	CDS	AP012548.1_2855,AP012548.1_3032,AP012548.1_3033,CP001487.1_1470,CP142614.1_2584,CP142614.1_2761,CP142614.1_3660,CP142623.1_2689,CP142623.1_3590,CP142623.1_3767
contig_4474	56921	57386	57394	exon	AP012548.1_2855,AP012548.1_3032,AP012548.1_3033,CP001487.1_1470,CP142614.1_2584,CP142614.1_2761,CP142614.1_3660,CP142623.1_2689,CP142623.1_3590,CP142623.1_3767
contig_4474	56921	57386	57394	mRNA	AP012548.1_2855,AP012548.1_3032,AP012548.1_3033,CP001487.1_1470,CP142614.1_2584,CP142614.1_2761,CP142614.1_3660,CP142623.1_2689,CP142623.1_3590,CP142623.1_3767
contig_4474	56921	57386	57684	gene	AP012548.1_2855,AP012548.1_3032,AP012548.1_3033,CP001487.1_1470,CP142614.1_2584,CP142614.1_2761,CP142614.1_3660,CP142623.1_2689,CP142623.1_3590,CP142623.1_3767
contig_44757	28273	28413	intergenic	.	AP012548.1_2335,CP001487.1_2032,CP003000.1_2092,CP142614.1_2053,CP142623.1_77
contig_44879	78472	78633	intergenic	.	AP012548.1_2507,CP142614.1_2225,CP142623.1_4116
contig_449	17330	17486	22174	mRNA	AP012548.1_2522,CP001487.1_1846,CP142614.1_2240
contig_449	17330	17486	22321	gene	AP012548.1_2522,CP001487.1_1846,CP142614.1_2240
contig_4491	92319	92482	intergenic	.	AP012548.1_2704,AP012548.1_2705,CP001429.2_2738,CP001487.1_1620,CP142614.1_2423,CP142614.1_2424,CP142623.1_3917,CP142623.1_3918
contig_44955	64024	64127	74336	mRNA	AP012548.1_650,CP142623.1_1764
contig_44955	64024	64127	74513	gene	AP012548.1_650,CP142623.1_1764
contig_4501	86010	86217	intergenic	.	AP012548.1_642,AP012548.1_643,CP142614.1_359,CP142614.1_360,CP142623.1_1771,CP142623.1_1772
contig_4501	459567	459745	intergenic	.	AP012548.1_3581,CP001487.1_750,CP001487.1_751,CP142623.1_3046
contig_4501	792772	793009	intergenic	.	AP012548.1_1666,AP012548.1_1667,CP001429.2_1673,CP001487.1_2699,CP142614.1_1382,CP142614.1_1383,CP142623.1_746,CP142623.1_747
contig_4501	1672623	1672775	intergenic	.	AP012548.1_2334
contig_4501	3205632	3205744	intergenic	.	AP012548.1_19,CP003000.1_18,CP142623.1_2391
contig_452	214874	214973	intergenic	.	CP001487.1_1246
contig_452	1538565	1538966	intergenic	.	AP012548.1_2596,AP012548.1_2597,AP012548.1_2598,CP142614.1_2316,CP142614.1_2317,CP142623.1_4023,CP142623.1_4024,CP142623.1_4025
contig_452	1913171	1913568	intergenic	.	AP012548.1_1250,AP012548.1_3999,AP012548.1_4069,CP001429.2_4109,CP001487.1_331,CP003000.1_3709,CP142614.1_3009,CP142614.1_3792,CP142614.1_967,CP142623.1_2557,CP142623.1_2627
contig_452	2007774	2007963	intergenic	.	AP012548.1_511,CP142623.1_1897
contig_452	2352461	2352613	intergenic	.	CP001487.1_3209,CP142614.1_874,CP142623.1_1256
contig_4525	55771	55877	72076	gene	AP012548.1_1496,CP142614.1_1213,CP142623.1_915
contig_4525	55771	55877	72076	mRNA	AP012548.1_1496,CP142614.1_1213,CP142623.1_915
contig_4525	71515	71816	72076	gene	AP012548.1_1385,AP012548.1_1386,CP001429.2_1392,CP001487.1_2529,CP001487.1_2979,CP003000.1_1199,CP142614.1_1103,CP142623.1_1026
contig_4525	71515	71816	72076	mRNA	AP012548.1_1385,AP012548.1_1386,CP001429.2_1392,CP001487.1_2529,CP001487.1_2979,CP003000.1_1199,CP142614.1_1103,CP142623.1_1026
contig_4525	343406	343672	intergenic	.	AP012548.1_1296,AP012548.1_1297,CP001429.2_1302,CP142614.1_1013,CP142614.1_1014,CP142623.1_1114,CP142623.1_1115
contig_4525	418440	418539	intergenic	.	CP142614.1_2977,CP142623.1_3377
contig_4525	423459	423559	intergenic	.	AP012548.1_4138,CP142623.1_2489
contig_4525	570538	570835	intergenic	.	AP012548.1_1258,AP012548.1_1259,CP001487.1_3105,CP001487.1_3106,CP142614.1_975,CP142614.1_976,CP142623.1_1152,CP142623.1_1153
contig_4525	670812	670944	779364	mRNA	AP012548.1_2019,CP142614.1_1735,CP142623.1_393,CP142623.1_394
contig_4525	670812	670944	779424	gene	AP012548.1_2019,CP142614.1_1735,CP142623.1_393,CP142623.1_394
contig_4525	811917	812364	intergenic	.	AP012548.1_1544,AP012548.1_1545,CP001487.1_2820,CP142614.1_1261,CP142614.1_2684,CP142623.1_3669,CP142623.1_867
contig_4532	1284429	1284578	intergenic	.	AP012548.1_1198,CP142614.1_915,CP142623.1_1213
contig_4573	18701	18845	19054	gene	AP012548.1_3261,CP142614.1_2991,CP142623.1_3363
contig_4573	18701	18845	19054	mRNA	AP012548.1_3261,CP142614.1_2991,CP142623.1_3363
contig_458	1607453	1607578	intergenic	.	AP012548.1_3596
contig_458	2876184	2876321	intergenic	.	CP001487.1_735,CP142623.1_3031
contig_458	3234098	3234376	3242199	mRNA	AP012548.1_1177,AP012548.1_3339,CP001487.1_3188,CP142614.1_3069,CP142614.1_894,CP142623.1_1235,CP142623.1_3286
contig_458	3234098	3234376	3242235	gene	AP012548.1_1177,AP012548.1_3339,CP001487.1_3188,CP142614.1_3069,CP142614.1_894,CP142623.1_1235,CP142623.1_3286
contig_458	3303203	3303332	intergenic	.	AP012548.1_1290
contig_458	3303662	3303857	intergenic	.	AP012548.1_3892,CP142614.1_3616,CP142623.1_2734
contig_458	3416356	3416588	intergenic	.	AP012548.1_3979,AP012548.1_3980,CP001487.1_351,CP142614.1_3703,CP142623.1_2646,CP142623.1_2647
contig_4581	133489	134080	intergenic	.	AP012548.1_1686,CP001487.1_2679,CP001487.1_3065,CP003000.1_965,CP142614.1_1017,CP142614.1_1402,CP142623.1_1112,CP142623.1_1113,CP142623.1_727
contig_4581	446870	447139	intergenic	.	AP012548.1_3783,AP012548.1_3784,CP001487.1_546,CP142614.1_3506,CP142614.1_3507,CP142623.1_2842,CP142623.1_2843
contig_4588	26101	26274	intergenic	.	AP012548.1_3968,CP001429.2_4008,CP001487.1_362,CP003000.1_3679,CP142614.1_3692,CP142623.1_2658
contig_4588	28254	28518	intergenic	.	AP012548.1_462,CP001487.1_3891,CP142614.1_179,CP142614.1_180,CP142623.1_1948
contig_462	134299	134482	intergenic	.	AP012548.1_3673,CP001487.1_659,CP142623.1_2953
contig_462	307102	307270	intergenic	.	AP012548.1_1963,CP142614.1_1679,CP142623.1_449,CP142623.1_450
contig_462	473239	473573	intergenic	.	AP012548.1_2445,AP012548.1_2446,CP003000.1_2200,CP142614.1_2164,CP142614.1_2165,CP142623.1_4176,CP142623.1_4177
contig_462	512455	512549	intergenic	.	AP012548.1_42,CP001429.2_43,CP001487.1_69,CP003000.1_42,CP142614.1_3982,CP142623.1_2368
contig_462	665317	665483	intergenic	.	AP012548.1_430,AP012548.1_431,CP142614.1_149,CP142623.1_1978
contig_462	842636	842820	intergenic	.	AP012548.1_3962,CP001429.2_4001,CP142614.1_3684,CP142614.1_3685,CP142623.1_2664,CP142623.1_2665
contig_462	858642	858815	intergenic	.	AP012548.1_1734,CP142614.1_1450,CP142623.1_679
contig_462	1443067	1443415	intergenic	.	AP012548.1_3299,AP012548.1_3300,AP012548.1_391,CP001429.2_3335,CP001429.2_3336,CP001487.1_1030,CP001487.1_1031,CP001487.1_3960,CP142623.1_3324
contig_4629	14289	14418	intergenic	.	AP012548.1_1448,CP142614.1_1165,CP142623.1_963
contig_4632	54382	54987	intergenic	.	AP012548.1_1335,AP012548.1_3332,AP012548.1_3333,CP001487.1_3029,CP142614.1_1052,CP142614.1_1053,CP142614.1_3062,CP142614.1_3063,CP142623.1_1076,CP142623.1_3291,CP142623.1_3292,CP142623.1_3293
contig_4632	584131	584315	intergenic	.	AP012548.1_2991,CP142623.1_3631
contig_4632	602894	603095	intergenic	.	AP012548.1_318,AP012548.1_319,CP142614.1_35,CP142623.1_2090
contig_4632	741329	741467	intergenic	.	AP012548.1_496,CP142614.1_214,CP142623.1_1912
contig_4632	825602	826046	878261	gene	AP012548.1_297,AP012548.1_299,CP001487.1_4061,CP142614.1_14,CP142614.1_15,CP142623.1_2110,CP142623.1_2111,CP142623.1_2112
contig_4632	825602	826046	878261	mRNA	AP012548.1_297,AP012548.1_299,CP001487.1_4061,CP142614.1_14,CP142614.1_15,CP142623.1_2110,CP142623.1_2111,CP142623.1_2112
contig_4644	510319	510652	intergenic	.	AP012548.1_1546,CP001487.1_2819,CP142614.1_1263,CP142614.1_1264,CP142623.1_864,CP142623.1_865
contig_4644	525096	525195	intergenic	.	CP142614.1_733,CP142623.1_1398
contig_4644	869790	869936	intergenic	.	AP012548.1_1172,AP012548.1_1173,CP142623.1_1239
contig_4644	930927	931016	intergenic	.	AP012548.1_2338,CP142614.1_2057,CP142623.1_73
contig_4644	1850288	1850429	intergenic	.	AP012548.1_4,AP012548.1_5,CP001429.2_5,CP142614.1_3944,CP142614.1_3945,CP142623.1_2405,CP142623.1_2406
contig_4644	2002547	2002929	intergenic	.	AP012548.1_181,AP012548.1_2500,CP001429.2_2516,CP001487.1_1868,CP001487.1_4178,CP003000.1_2248,CP142614.1_2219,CP142614.1_4120,CP142623.1_2230,CP142623.1_2231,CP142623.1_4122
contig_4644	3292280	3292464	intergenic	.	AP012548.1_933,AP012548.1_934,CP142614.1_652,CP142623.1_1479,CP142623.1_1480
contig_4644	5197689	5197929	intergenic	.	CP001487.1_653,CP142614.1_3401,CP142623.1_2947
contig_4644	6271676	6271795	6289132	gene	AP012548.1_287,CP142614.1_3
contig_4644	6271676	6271795	6289132	mRNA	AP012548.1_287,CP142614.1_3
contig_4658	96238	96438	intergenic	.	AP012548.1_582,AP012548.1_583,CP001429.2_594,CP001429.2_595,CP001487.1_3762,CP142614.1_299,CP142614.1_300,CP142623.1_1831,CP142623.1_1832
contig_467	604811	604965	intergenic	.	AP012548.1_3586,CP142614.1_3314,CP142623.1_3041
contig_467	1400397	1400546	intergenic	.	AP012548.1_2244,CP001429.2_2258,CP001487.1_2123,CP003000.1_439,CP142614.1_1961,CP142623.1_168
contig_467	1712222	1712321	1733510	gene	CP142614.1_2347,CP142623.1_3994
contig_467	1712222	1712321	1733510	mRNA	CP142614.1_2347,CP142623.1_3994
contig_4676	221166	221315	234473	gene	AP012548.1_3064
contig_4676	221166	221315	234473	mRNA	AP012548.1_3064
contig_4697	53447	53685	intergenic	.	AP012548.1_918,AP012548.1_919,CP003000.1_1627,CP142614.1_636,CP142614.1_637,CP142623.1_1495
contig_4697	334432	334612	intergenic	.	AP012548.1_2876,AP012548.1_2877,CP142614.1_2606,CP142623.1_3745
contig_4697	382790	383012	intergenic	.	AP012548.1_1251,AP012548.1_1252,AP012548.1_1495,CP001429.2_1258,CP001429.2_1502,CP001487.1_3113,CP001487.1_3114,CP142614.1_1212,CP142614.1_968,CP142614.1_969,CP142623.1_1160,CP142623.1_916
contig_4697	530535	530764	593434	mRNA	AP012548.1_2396,CP001429.2_2410,CP001487.1_1970,CP001487.1_1971,CP003000.1_2153,CP142614.1_2115,CP142623.1_16,CP142623.1_1994
contig_4697	530535	530764	593571	gene	AP012548.1_2396,CP001429.2_2410,CP001487.1_1970,CP001487.1_1971,CP003000.1_2153,CP142614.1_2115,CP142623.1_16,CP142623.1_1994
contig_4729	318925	319069	intergenic	.	AP012548.1_2221,AP012548.1_2222,CP142614.1_1939,CP142623.1_190
contig_4729	349961	350385	intergenic	.	AP012548.1_1375,AP012548.1_1493,AP012548.1_1494,CP001487.1_2871,CP001487.1_2989,CP003000.1_1092,CP142614.1_1092,CP142614.1_1210,CP142614.1_1211,CP142623.1_1036,CP142623.1_918
contig_474	50126	50682	intergenic	.	AP012548.1_2493,AP012548.1_982,CP001429.2_982,CP001487.1_3373,CP003000.1_1574,CP142614.1_2211,CP142614.1_4195,CP142614.1_700,CP142614.1_711,CP142623.1_1420,CP142623.1_1431,CP142623.1_2154,CP142623.1_4130
contig_474	581267	581777	intergenic	.	AP012548.1_1925,AP012548.1_2280,AP012548.1_2294,CP001429.2_2294,CP001429.2_2308,CP001487.1_2087,CP001487.1_2440,CP003000.1_2038,CP003000.1_2052,CP142614.1_1641,CP142614.1_1997,CP142614.1_2011,CP142623.1_118,CP142623.1_132,CP142623.1_487
contig_474	719427	719602	intergenic	.	CP142614.1_2866,CP142623.1_3484
contig_4786	37489	37934	intergenic	.	AP012548.1_3200,CP142614.1_2928,CP142614.1_2929,CP142623.1_3419,CP142623.1_3420,CP142623.1_3421
contig_4786	213784	214113	intergenic	.	CP142614.1_3011,CP142623.1_3343,CP142623.1_3764
contig_4791	209128	209380	210362	mRNA	AP012548.1_1224,AP012548.1_563,CP142614.1_280,CP142614.1_941,CP142623.1_1187,CP142623.1_1851
contig_4791	209128	209380	210419	gene	AP012548.1_1224,AP012548.1_563,CP142614.1_280,CP142614.1_941,CP142623.1_1187,CP142623.1_1851
contig_4791	219575	219936	286787	mRNA	AP012548.1_1536,AP012548.1_435,AP012548.1_436,CP142614.1_1253,CP142614.1_153,CP142614.1_154,CP142623.1_1973,CP142623.1_875,CP142623.1_876
contig_4791	219575	219936	286836	gene	AP012548.1_1536,AP012548.1_435,AP012548.1_436,CP142614.1_1253,CP142614.1_153,CP142614.1_154,CP142623.1_1973,CP142623.1_875,CP142623.1_876
contig_4791	234857	234977	286787	mRNA	AP012548.1_3597,CP001429.2_3641,CP003000.1_3362,CP142614.1_3326,CP142623.1_3029
contig_4791	234857	234977	286836	gene	AP012548.1_3597,CP001429.2_3641,CP003000.1_3362,CP142614.1_3326,CP142623.1_3029
contig_4791	270030	270152	286787	mRNA	AP012548.1_3723,AP012548.1_3724,CP142614.1_3447,CP142623.1_2902,CP142623.1_2903
contig_4791	270030	270152	286836	gene	AP012548.1_3723,AP012548.1_3724,CP142614.1_3447,CP142623.1_2902,CP142623.1_2903
contig_4801	87617	88058	intergenic	.	AP012548.1_2153,AP012548.1_3938,AP012548.1_3939,CP001487.1_392,CP142614.1_1870,CP142614.1_3662,CP142614.1_3663,CP142623.1_259,CP142623.1_2687
contig_4801	284314	284421	intergenic	.	AP012548.1_337,CP001429.2_340,CP001487.1_4022,CP003000.1_293,CP142623.1_2072
contig_4801	354278	354483	421652	gene	AP012548.1_4216,CP142614.1_3939,CP142623.1_2411
contig_4801	354278	354483	421652	mRNA	AP012548.1_4216,CP142614.1_3939,CP142623.1_2411
contig_4801	415856	416154	421652	gene	AP012548.1_78,AP012548.1_79,CP001487.1_34,CP003000.1_77,CP142614.1_4017,CP142614.1_4019,CP142623.1_2331,CP142623.1_2332,CP142623.1_2333
contig_4801	415856	416154	421652	mRNA	AP012548.1_78,AP012548.1_79,CP001487.1_34,CP003000.1_77,CP142614.1_4017,CP142614.1_4019,CP142623.1_2331,CP142623.1_2332,CP142623.1_2333
contig_4801	563954	564092	intergenic	.	AP012548.1_2266,CP003000.1_416,CP142614.1_1983,CP142623.1_145
contig_4819	484203	484410	intergenic	.	AP012548.1_1730,AP012548.1_3719,AP012548.1_97,CP001429.2_1737,CP001487.1_2635,CP003000.1_96,CP142614.1_1031,CP142614.1_3442,CP142614.1_4037,CP142623.1_1098,CP142623.1_2313,CP142623.1_2907,CP142623.1_683
contig_4825	252636	252856	intergenic	.	AP012548.1_1487,AP012548.1_1488,CP001429.2_1495,CP003000.1_1097,CP142614.1_1204,CP142614.1_1205,CP142623.1_923,CP142623.1_924
contig_4825	473498	473579	489047	gene	AP012548.1_3960,CP001429.2_4000,CP142614.1_3683,CP142623.1_2666
contig_4825	473498	473579	489047	mRNA	AP012548.1_3960,CP001429.2_4000,CP142614.1_3683,CP142623.1_2666
contig_4825	700347	700769	714650	gene	AP012548.1_775,AP012548.1_777,CP142614.1_493,CP142623.1_1637
contig_4825	700347	700769	714650	mRNA	AP012548.1_775,AP012548.1_777,CP142614.1_493,CP142623.1_1637
contig_4825	1262191	1262277	intergenic	.	CP142614.1_654
contig_4834	253484	253629	intergenic	.	AP012548.1_3238
contig_4834	752226	752734	intergenic	.	AP012548.1_2082,AP012548.1_2083,AP012548.1_2085,CP001487.1_2282,CP142614.1_1798,CP142623.1_327,CP142623.1_329,CP142623.1_330
contig_4841	172153	172333	intergenic	.	AP012548.1_637,CP001429.2_648,CP142614.1_354,CP142623.1_1777
contig_4853	132124	132248	intergenic	.	AP012548.1_3112,CP142614.1_2841,CP142623.1_3509
contig_4857	25153	25239	intergenic	.	AP012548.1_2783,CP142614.1_2502,CP142623.1_3839
contig_4857	154173	154263	intergenic	.	AP012548.1_3793,CP142623.1_2833
contig_4881	339957	340207	intergenic	.	AP012548.1_358,AP012548.1_359,CP142614.1_75,CP142614.1_76,CP142623.1_2050,CP142623.1_2051
contig_4881	388221	388469	399944	gene	AP012548.1_2452,AP012548.1_2453,CP142614.1_2171,CP142614.1_2172,CP142623.1_4169,CP142623.1_4170
contig_4881	388221	388469	399944	mRNA	AP012548.1_2452,AP012548.1_2453,CP142614.1_2171,CP142614.1_2172,CP142623.1_4169,CP142623.1_4170
contig_4886	47819	47933	intergenic	.	AP012548.1_2791,CP001487.1_1534
contig_4886	193526	193871	intergenic	.	AP012548.1_1652,AP012548.1_1653,AP012548.1_1911,CP001487.1_2714,CP142614.1_1368,CP142614.1_1369,CP142614.1_1627,CP142623.1_760
contig_4886	416349	416604	420702	gene	AP012548.1_88,CP001429.2_161,CP001487.1_23,CP142614.1_1844,CP142614.1_4028,CP142623.1_2322
contig_4886	416349	416604	420702	mRNA	AP012548.1_88,CP001429.2_161,CP001487.1_23,CP142614.1_1844,CP142614.1_4028,CP142623.1_2322
contig_4886	484863	485164	515557	mRNA	AP012548.1_4200,AP012548.1_4201,CP142614.1_3924
contig_4886	484863	485164	515706	gene	AP012548.1_4200,AP012548.1_4201,CP142614.1_3924
contig_489	128435	128810	172686	mRNA	AP012548.1_4081,AP012548.1_808,CP001487.1_250,CP142614.1_3805,CP142614.1_526,CP142623.1_1605,CP142623.1_1606,CP142623.1_2545
contig_489	128435	128810	172809	gene	AP012548.1_4081,AP012548.1_808,CP001487.1_250,CP142614.1_3805,CP142614.1_526,CP142623.1_1605,CP142623.1_1606,CP142623.1_2545
contig_489	194187	194394	intergenic	.	AP012548.1_1826,CP142614.1_1542,CP142623.1_586,CP142623.1_587
contig_489	226608	226813	intergenic	.	AP012548.1_3540,CP142614.1_3268,CP142614.1_3269,CP142623.1_3086,CP142623.1_3087
contig_489	256078	256286	intergenic	.	AP012548.1_1986,CP142614.1_1701,CP142623.1_1051,CP142623.1_427
contig_489	269518	269598	316992	gene	AP012548.1_2745,CP142614.1_2464
contig_489	269518	269598	316992	mRNA	AP012548.1_2745,CP142614.1_2464
contig_4894	1662278	1662605	1718278	mRNA	AP012548.1_1541,AP012548.1_1542,CP001487.1_2824,CP142614.1_1258,CP142614.1_1259,CP142623.1_869,CP142623.1_870
contig_4894	1662278	1662605	1718366	gene	AP012548.1_1541,AP012548.1_1542,CP001487.1_2824,CP142614.1_1258,CP142614.1_1259,CP142623.1_869,CP142623.1_870
contig_4905	1850234	1850345	intergenic	.	AP012548.1_856,CP001429.2_863,CP001487.1_3491,CP003000.1_1688,CP142614.1_422,CP142614.1_574
contig_4905	3421081	3421299	intergenic	.	AP012548.1_3047,AP012548.1_3048,CP142614.1_2777,CP142623.1_3574
contig_4905	4346894	4347036	intergenic	.	AP012548.1_1582,CP142623.1_830
contig_4927	19226	19596	intergenic	.	AP012548.1_2416,AP012548.1_4127,CP001429.2_1903,CP142614.1_2135,CP142614.1_3849,CP142623.1_2500
contig_4927	258665	258772	intergenic	.	AP012548.1_3203,CP001487.1_1125,CP142614.1_2932,CP142623.1_3417
contig_4927	385659	385774	intergenic	.	AP012548.1_1476,CP142614.1_1193,CP142623.1_935
contig_4927	500215	500818	intergenic	.	AP012548.1_139,AP012548.1_140,AP012548.1_545,AP012548.1_546,CP001487.1_3799,CP142614.1_262,CP142614.1_263,CP142614.1_4079,CP142614.1_4080,CP142623.1_1868,CP142623.1_1869,CP142623.1_2270,CP142623.1_2271
contig_4927	657658	657999	657682	stop_codon	AP012548.1_909,CP001429.2_917,CP001487.1_3437,CP003000.1_1636,CP142614.1_627,CP142614.1_628,CP142623.1_1503,CP142623.1_1504,CP142623.1_1505
contig_4927	657658	657999	658011	CDS	AP012548.1_909,CP001429.2_917,CP001487.1_3437,CP003000.1_1636,CP142614.1_627,CP142614.1_628,CP142623.1_1503,CP142623.1_1504,CP142623.1_1505
contig_4927	657658	657999	658011	exon	AP012548.1_909,CP001429.2_917,CP001487.1_3437,CP003000.1_1636,CP142614.1_627,CP142614.1_628,CP142623.1_1503,CP142623.1_1504,CP142623.1_1505
contig_4927	657658	657999	707047	gene	AP012548.1_909,CP001429.2_917,CP001487.1_3437,CP003000.1_1636,CP142614.1_627,CP142614.1_628,CP142623.1_1503,CP142623.1_1504,CP142623.1_1505
contig_4927	657658	657999	707047	mRNA	AP012548.1_909,CP001429.2_917,CP001487.1_3437,CP003000.1_1636,CP142614.1_627,CP142614.1_628,CP142623.1_1503,CP142623.1_1504,CP142623.1_1505
contig_4931	986	1221	intergenic	.	AP012548.1_1446,CP142614.1_1163,CP142623.1_966
contig_4933	120106	120390	intergenic	.	AP012548.1_4112,AP012548.1_4113,CP001487.1_218,CP142614.1_3835,CP142614.1_3836,CP142614.1_3837,CP142623.1_2513,CP142623.1_2514,CP142623.1_2515
contig_4933	122222	122307	intergenic	.	AP012548.1_766,CP001487.1_3581,CP142614.1_484,CP142623.1_1648
contig_4933	441705	441903	intergenic	.	AP012548.1_1513,AP012548.1_1514,CP142614.1_1231,CP142623.1_898,CP142623.1_899
contig_4933	622183	622347	intergenic	.	AP012548.1_2170,CP001487.1_2196,CP142614.1_1886,CP142623.1_242
contig_4933	656265	656436	intergenic	.	AP012548.1_2429,CP142623.1_4193
contig_4933	685003	685153	intergenic	.	AP012548.1_1078,CP142614.1_797,CP142623.1_1333
contig_4933	990693	991178	intergenic	.	AP012548.1_1779,AP012548.1_2781,AP012548.1_2782,CP001487.1_1543,CP142614.1_1495,CP142614.1_2501,CP142623.1_3840,CP142623.1_634
contig_4978	518275	518458	522679	gene	AP012548.1_2694,CP001429.2_2727,CP142614.1_2413,CP142623.1_3928
contig_4978	518275	518458	522679	mRNA	AP012548.1_2694,CP001429.2_2727,CP142614.1_2413,CP142623.1_3928
contig_4978	636185	636354	intergenic	.	AP012548.1_1710,CP142614.1_1426,CP142623.1_703
contig_4978	683972	684175	intergenic	.	AP012548.1_645,AP012548.1_646,CP142614.1_362,CP142614.1_363,CP142623.1_1768
contig_4978	906280	906486	intergenic	.	AP012548.1_440,AP012548.1_441,CP142614.1_159,CP142623.1_1968
contig_50	93717	93882	104107	gene	AP012548.1_1077,CP142614.1_796,CP142623.1_1336
contig_50	93717	93882	104107	mRNA	AP012548.1_1077,CP142614.1_796,CP142623.1_1336
contig_50	94084	94342	104107	gene	AP012548.1_210,AP012548.1_422,CP001487.1_3929,CP001487.1_4149,CP142614.1_4149,CP142623.1_1986,CP142623.1_2201
contig_50	94084	94342	104107	mRNA	AP012548.1_210,AP012548.1_422,CP001487.1_3929,CP001487.1_4149,CP142614.1_4149,CP142623.1_1986,CP142623.1_2201
contig_50	1523872	1523997	intergenic	.	AP012548.1_117
contig_50	1731363	1731559	intergenic	.	AP012548.1_4121,CP142614.1_3844,CP142623.1_2506
contig_50	2028560	2028766	intergenic	.	AP012548.1_1271,AP012548.1_155,CP142614.1_4095,CP142614.1_988,CP142623.1_2255
contig_50	2105834	2105951	intergenic	.	CP001487.1_1314
contig_50	2613292	2613677	intergenic	.	AP012548.1_3204,AP012548.1_3206,CP142614.1_2932,CP142623.1_3417
contig_5012	646960	647057	652674	mRNA	AP012548.1_3830,CP142623.1_2796
contig_5012	646960	647057	652723	gene	AP012548.1_3830,CP142623.1_2796
contig_5021	68196	68344	intergenic	.	CP142614.1_3632
contig_5021	398889	398974	intergenic	.	AP012548.1_554,CP142614.1_271,CP142623.1_1860
contig_5021	476749	476896	492489	mRNA	AP012548.1_452,CP142614.1_170,CP142623.1_1957
contig_5021	476749	476896	492690	gene	AP012548.1_452,CP142614.1_170,CP142623.1_1957
contig_5022	141874	142019	intergenic	.	AP012548.1_2549,CP001487.1_1819,CP142614.1_2267,CP142623.1_4073,CP142623.1_4074
contig_5022	296511	296615	intergenic	.	AP012548.1_415,CP142623.1_1994
contig_5022	365443	365573	intergenic	.	CP142614.1_2523
contig_5022	575888	576088	intergenic	.	AP012548.1_3286,CP142614.1_3014,CP142623.1_3339
contig_5022	747320	747445	intergenic	.	AP012548.1_3905,CP001487.1_425,CP142614.1_3629,CP142623.1_2720,CP142623.1_2721
contig_5028	475661	476138	475782	CDS	AP012548.1_1255,AP012548.1_1256,CP001429.2_2087,CP001487.1_3108,CP001487.1_3109,CP003000.1_1327,CP142614.1_1796,CP142614.1_972,CP142614.1_973,CP142623.1_1155,CP142623.1_1156,CP142623.1_332
contig_5028	475661	476138	475782	exon	AP012548.1_1255,AP012548.1_1256,CP001429.2_2087,CP001487.1_3108,CP001487.1_3109,CP003000.1_1327,CP142614.1_1796,CP142614.1_972,CP142614.1_973,CP142623.1_1155,CP142623.1_1156,CP142623.1_332
contig_5028	475661	476138	475782	mRNA	AP012548.1_1255,AP012548.1_1256,CP001429.2_2087,CP001487.1_3108,CP001487.1_3109,CP003000.1_1327,CP142614.1_1796,CP142614.1_972,CP142614.1_973,CP142623.1_1155,CP142623.1_1156,CP142623.1_332
contig_5028	475661	476138	475782	stop_codon	AP012548.1_1255,AP012548.1_1256,CP001429.2_2087,CP001487.1_3108,CP001487.1_3109,CP003000.1_1327,CP142614.1_1796,CP142614.1_972,CP142614.1_973,CP142623.1_1155,CP142623.1_1156,CP142623.1_332
contig_5028	475661	476138	475888	gene	AP012548.1_1255,AP012548.1_1256,CP001429.2_2087,CP001487.1_3108,CP001487.1_3109,CP003000.1_1327,CP142614.1_1796,CP142614.1_972,CP142614.1_973,CP142623.1_1155,CP142623.1_1156,CP142623.1_332
contig_5028	475661	476138	475888	polyA_signal_sequence	AP012548.1_1255,AP012548.1_1256,CP001429.2_2087,CP001487.1_3108,CP001487.1_3109,CP003000.1_1327,CP142614.1_1796,CP142614.1_972,CP142614.1_973,CP142623.1_1155,CP142623.1_1156,CP142623.1_332
contig_5028	475888	476138	intergenic	.	AP012548.1_1255,AP012548.1_1256,CP001429.2_2087,CP001487.1_3108,CP001487.1_3109,CP003000.1_1327,CP142614.1_1796,CP142614.1_972,CP142614.1_973,CP142623.1_1155,CP142623.1_1156,CP142623.1_332
contig_503	1209006	1209266	intergenic	.	AP012548.1_2929,AP012548.1_3883,CP142614.1_2658,CP142614.1_2713,CP142614.1_3606,CP142623.1_2743,CP142623.1_3639,CP142623.1_3695
contig_5037	121283	121475	intergenic	.	AP012548.1_3751,CP001487.1_581,CP142614.1_3473,CP142614.1_3474,CP142623.1_2875
contig_5037	182058	182494	182396	CDS	AP012548.1_426,CP001487.1_3925,CP001487.1_3926,CP142614.1_144,CP142614.1_145,CP142614.1_3917,CP142623.1_1982,CP142623.1_1983,CP142623.1_2433
contig_5037	182058	182494	182396	exon	AP012548.1_426,CP001487.1_3925,CP001487.1_3926,CP142614.1_144,CP142614.1_145,CP142614.1_3917,CP142623.1_1982,CP142623.1_1983,CP142623.1_2433
contig_5037	182058	182494	182396	mRNA	AP012548.1_426,CP001487.1_3925,CP001487.1_3926,CP142614.1_144,CP142614.1_145,CP142614.1_3917,CP142623.1_1982,CP142623.1_1983,CP142623.1_2433
contig_5037	182058	182494	182396	stop_codon	AP012548.1_426,CP001487.1_3925,CP001487.1_3926,CP142614.1_144,CP142614.1_145,CP142614.1_3917,CP142623.1_1982,CP142623.1_1983,CP142623.1_2433
contig_5037	182058	182494	182949	gene	AP012548.1_426,CP001487.1_3925,CP001487.1_3926,CP142614.1_144,CP142614.1_145,CP142614.1_3917,CP142623.1_1982,CP142623.1_1983,CP142623.1_2433
contig_5076	4458	4641	intergenic	.	CP001487.1_2420,CP142614.1_891
contig_5076	20679	20842	intergenic	.	AP012548.1_1174,AP012548.1_1945,CP142614.1_1661,CP142623.1_467
contig_5076	284502	284639	intergenic	.	AP012548.1_1203,CP142614.1_920,CP142623.1_1208
contig_5087	36789	37074	intergenic	.	AP012548.1_678,CP001487.1_3667,CP142614.1_2405,CP142614.1_395,CP142614.1_437,CP142623.1_1695
contig_5096	17633	17771	intergenic	.	AP012548.1_2447
contig_5096	244305	244490	intergenic	.	AP012548.1_3858,CP142614.1_3582,CP142623.1_2768
contig_512	190844	191027	intergenic	.	AP012548.1_3571,CP001487.1_2653,CP001487.1_760,CP142614.1_3300,CP142623.1_3055,CP142623.1_700
contig_512	301394	301632	intergenic	.	AP012548.1_3439,AP012548.1_3440,CP001487.1_891,CP142614.1_3167,CP142614.1_3168,CP142623.1_3187
contig_513	2352	2557	intergenic	.	AP012548.1_2339,AP012548.1_3677,CP001487.1_655,CP142614.1_2057,CP142614.1_3399,CP142623.1_2949,CP142623.1_73
contig_5221	5566	5822	intergenic	.	AP012548.1_3778,AP012548.1_3779,CP001487.1_550,CP142614.1_3502,CP142623.1_2847,CP142623.1_2848
contig_5236	651473	651672	intergenic	.	AP012548.1_1889,CP001487.1_2476,CP142614.1_1605
contig_5236	702660	702921	intergenic	.	AP012548.1_4174,CP142614.1_3897,CP142614.1_3898,CP142623.1_2452,CP142623.1_2453
contig_5236	789026	789203	intergenic	.	AP012548.1_1399,AP012548.1_1400,CP001429.2_1406,CP142614.1_1116,CP142614.1_1117,CP142623.1_1012
contig_5242	838355	838430	intergenic	.	CP142614.1_272
contig_5250	658330	658532	intergenic	.	AP012548.1_780,CP001487.1_3567,CP142614.1_498,CP142614.1_499,CP142623.1_1633,CP142623.1_1634
contig_5253	88943	89114	intergenic	.	CP001487.1_4081,CP142623.1_2131
contig_5253	485108	485238	intergenic	.	AP012548.1_3743,CP142623.1_2883
contig_5253	562889	563164	intergenic	.	AP012548.1_2435,AP012548.1_2436,CP142614.1_2153,CP142614.1_2154,CP142623.1_4187,CP142623.1_4188
contig_5253	643181	643419	intergenic	.	AP012548.1_923,CP001487.1_3423,CP142614.1_640,CP142614.1_641,CP142623.1_1490,CP142623.1_1491
contig_5264	61637	61849	intergenic	.	AP012548.1_2652,CP003000.1_2443,CP142614.1_2371,CP142623.1_3970
contig_5266	1863489	1863574	intergenic	.	AP012548.1_631,CP142614.1_348
contig_5266	3870490	3870619	intergenic	.	AP012548.1_3719,CP142614.1_3442,CP142623.1_2907
contig_5266	3966091	3966199	intergenic	.	CP142623.1_4063
contig_5286	119816	120009	intergenic	.	AP012548.1_3160,CP142614.1_2889,CP142623.1_3460
contig_5286	162836	163028	intergenic	.	AP012548.1_3521,CP001429.2_3565,CP003000.1_3286,CP142614.1_3249,CP142614.1_3250,CP142623.1_3105,CP142623.1_3106
contig_5292	110408	110893	intergenic	.	AP012548.1_3321,AP012548.1_3323,AP012548.1_3324,CP142614.1_3053,CP142623.1_3301
contig_5292	111432	111576	intergenic	.	AP012548.1_1284,CP142614.1_1001,CP142614.1_1002,CP142623.1_1127
contig_5292	423829	423979	intergenic	.	AP012548.1_3622
contig_5292	525471	525570	intergenic	.	CP001429.2_2999
contig_530	228016	228149	intergenic	.	AP012548.1_3228,CP003000.1_3000,CP142614.1_2956,CP142623.1_3392
contig_5323	1228322	1228606	1228611	CDS	AP012548.1_3110,AP012548.1_3111,CP001429.2_3148,CP001487.1_1217,CP003000.1_2887,CP142614.1_2839,CP142614.1_2840,CP142623.1_3510,CP142623.1_3511
contig_5323	1228322	1228606	1228611	exon	AP012548.1_3110,AP012548.1_3111,CP001429.2_3148,CP001487.1_1217,CP003000.1_2887,CP142614.1_2839,CP142614.1_2840,CP142623.1_3510,CP142623.1_3511
contig_5323	1228322	1228606	1236564	mRNA	AP012548.1_3110,AP012548.1_3111,CP001429.2_3148,CP001487.1_1217,CP003000.1_2887,CP142614.1_2839,CP142614.1_2840,CP142623.1_3510,CP142623.1_3511
contig_5323	1228322	1228606	1236580	gene	AP012548.1_3110,AP012548.1_3111,CP001429.2_3148,CP001487.1_1217,CP003000.1_2887,CP142614.1_2839,CP142614.1_2840,CP142623.1_3510,CP142623.1_3511
contig_534	185801	185939	intergenic	.	AP012548.1_421,AP012548.1_422,CP001487.1_3930,CP142614.1_140,CP142623.1_1987
contig_5352	309271	309384	intergenic	.	AP012548.1_2750,CP142614.1_2469,CP142623.1_3872
contig_5359	53112	53336	intergenic	.	AP012548.1_2023,AP012548.1_4166,CP142614.1_1739,CP142614.1_3890,CP142623.1_2460,CP142623.1_389
contig_5359	62241	62636	intergenic	.	AP012548.1_1099,AP012548.1_4034,AP012548.1_4035,CP142614.1_3757,CP142614.1_3758,CP142614.1_818,CP142623.1_1312,CP142623.1_2591,CP142623.1_2592
contig_5365	518710	518836	524807	mRNA	CP142614.1_3308,CP142623.1_3047
contig_5365	518710	518836	525679	gene	CP142614.1_3308,CP142623.1_3047
contig_5365	598644	598755	601576	mRNA	CP001487.1_1127,CP142614.1_2930
contig_5365	598644	598755	601651	gene	CP001487.1_1127,CP142614.1_2930
contig_5365	728317	728486	intergenic	.	AP012548.1_1670,CP142614.1_1386,CP142623.1_743
contig_5378	1576762	1577070	intergenic	.	AP012548.1_3007,AP012548.1_3008,CP001487.1_1319,CP142614.1_2736,CP142614.1_2737,CP142623.1_3614,CP142623.1_3615
contig_5393	907586	907772	intergenic	.	AP012548.1_2878,CP001487.1_1447,CP142614.1_2608
contig_5393	1028631	1028960	1049457	gene	AP012548.1_947,CP142614.1_666,CP142623.1_1465,CP142623.1_1466
contig_5393	1028631	1028960	1049457	mRNA	AP012548.1_947,CP142614.1_666,CP142623.1_1465,CP142623.1_1466
contig_5401	478635	478747	489918	mRNA	CP003000.1_2186,CP142614.1_2149
contig_5401	478635	478747	490203	gene	CP003000.1_2186,CP142614.1_2149
contig_545	74850	74927	intergenic	.	AP012548.1_3961,CP001487.1_369
contig_5508	146473	146705	266042	gene	AP012548.1_2270,CP001429.2_2284,CP001487.1_2097,CP003000.1_2028,CP142614.1_1987,CP142623.1_141,CP142623.1_142
contig_5508	146473	146705	266042	mRNA	AP012548.1_2270,CP001429.2_2284,CP001487.1_2097,CP003000.1_2028,CP142614.1_1987,CP142623.1_141,CP142623.1_142
contig_5523	646468	646578	intergenic	.	AP012548.1_2237,CP142614.1_1954,CP142623.1_175
contig_5523	957845	958013	intergenic	.	AP012548.1_3799,CP142614.1_3522,CP142614.1_3523,CP142623.1_2827
contig_5523	1902048	1902174	intergenic	.	AP012548.1_80,CP142623.1_2330
contig_5523	2013400	2013519	intergenic	.	AP012548.1_3416,CP142614.1_3146
contig_5523	2067168	2067424	intergenic	.	AP012548.1_1975,CP001429.2_1982,CP001487.1_2390,CP003000.1_686,CP142614.1_1691,CP142623.1_437
contig_5523	2197375	2197414	intergenic	.	AP012548.1_2717,AP012548.1_2718,AP012548.1_619,CP142614.1_2436,CP142614.1_2437,CP142614.1_336,CP142623.1_1795,CP142623.1_3904
contig_5523	2197375	2197748	2197417	start_codon	AP012548.1_2717,AP012548.1_2718,AP012548.1_619,CP142614.1_2436,CP142614.1_2437,CP142614.1_336,CP142623.1_1795,CP142623.1_3904
contig_5523	2197375	2197748	2197480	CDS	AP012548.1_2717,AP012548.1_2718,AP012548.1_619,CP142614.1_2436,CP142614.1_2437,CP142614.1_336,CP142623.1_1795,CP142623.1_3904
contig_5523	2197375	2197748	2197480	exon	AP012548.1_2717,AP012548.1_2718,AP012548.1_619,CP142614.1_2436,CP142614.1_2437,CP142614.1_336,CP142623.1_1795,CP142623.1_3904
contig_5523	2197375	2197748	2210046	mRNA	AP012548.1_2717,AP012548.1_2718,AP012548.1_619,CP142614.1_2436,CP142614.1_2437,CP142614.1_336,CP142623.1_1795,CP142623.1_3904
contig_5523	2197375	2197748	2210279	gene	AP012548.1_2717,AP012548.1_2718,AP012548.1_619,CP142614.1_2436,CP142614.1_2437,CP142614.1_336,CP142623.1_1795,CP142623.1_3904
contig_5523	2306394	2306804	intergenic	.	AP012548.1_1614,AP012548.1_1615,AP012548.1_1616,AP012548.1_2763,CP001429.2_1621,CP001487.1_1561,CP001487.1_2750,CP003000.1_1027,CP142614.1_1331,CP142614.1_1332,CP142614.1_2482,CP142623.1_3859,CP142623.1_796,CP142623.1_797
contig_5529	260872	261006	274639	mRNA	AP012548.1_1149,CP001487.1_3216,CP142614.1_868,CP142623.1_1263
contig_5529	260872	261006	274871	gene	AP012548.1_1149,CP001487.1_3216,CP142614.1_868,CP142623.1_1263
contig_5529	390290	390396	404333	gene	AP012548.1_1467,CP001487.1_2897,CP142614.1_1184,CP142623.1_944
contig_5529	390290	390396	404333	mRNA	AP012548.1_1467,CP001487.1_2897,CP142614.1_1184,CP142623.1_944
contig_5543	25919	26040	intergenic	.	AP012548.1_2079
contig_5543	56835	57606	intergenic	.	AP012548.1_1515,AP012548.1_92,CP142614.1_1232,CP142614.1_4032,CP142623.1_2318,CP142623.1_3549,CP142623.1_3582,CP142623.1_896
contig_5543	338632	338983	360955	gene	AP012548.1_2605,CP142614.1_2324,CP142614.1_2325,CP142623.1_1488,CP142623.1_4016,CP142623.1_4017
contig_5543	338632	338983	360955	mRNA	AP012548.1_2605,CP142614.1_2324,CP142614.1_2325,CP142623.1_1488,CP142623.1_4016,CP142623.1_4017
contig_5543	364450	364733	intergenic	.	AP012548.1_3634,CP001487.1_1093,CP001487.1_697,CP003000.1_3398,CP142614.1_3363,CP142623.1_2992
contig_5543	395030	395196	411525	gene	AP012548.1_1212,CP142614.1_929
contig_5543	395030	395196	411525	mRNA	AP012548.1_1212,CP142614.1_929
contig_5543	421607	421757	intergenic	.	AP012548.1_3970,CP001487.1_360,CP142614.1_3693,CP142614.1_3694,CP142623.1_2656
contig_5543	428373	428681	intergenic	.	AP012548.1_149,CP001429.2_99,CP001487.1_4209,CP142614.1_4088,CP142614.1_4089,CP142623.1_2261,CP142623.1_2262
contig_5543	447657	447755	intergenic	.	AP012548.1_4060,CP142614.1_3783,CP142623.1_2566
contig_5543	493460	493646	intergenic	.	AP012548.1_3325,CP142614.1_3054,CP142614.1_3055,CP142623.1_3299
contig_5543	551258	551865	intergenic	.	AP012548.1_2564,AP012548.1_3855,CP142614.1_2281,CP142614.1_2282,CP142614.1_2283,CP142614.1_3578,CP142623.1_2771,CP142623.1_4059
contig_555	167846	168015	intergenic	.	AP012548.1_1607,CP001487.1_2759,CP142614.1_1324
contig_5555	497966	498097	506190	gene	AP012548.1_575,CP142614.1_292,CP142623.1_1839
contig_5555	497966	498097	506190	mRNA	AP012548.1_575,CP142614.1_292,CP142623.1_1839
contig_5574	7722	7802	50173	gene	AP012548.1_1194,CP001487.1_3171,CP142614.1_911,CP142623.1_1217
contig_5574	7722	7802	50173	mRNA	AP012548.1_1194,CP001487.1_3171,CP142614.1_911,CP142623.1_1217
contig_5574	31398	31502	50173	gene	AP012548.1_1637,CP001487.1_2729,CP142614.1_1353,CP142623.1_775,CP142623.1_776
contig_5574	31398	31502	50173	mRNA	AP012548.1_1637,CP001487.1_2729,CP142614.1_1353,CP142623.1_775,CP142623.1_776
contig_558	2159295	2159595	intergenic	.	AP012548.1_2074,AP012548.1_2075,CP001429.2_2081,CP001429.2_2082,CP001487.1_2291,CP001487.1_2292,CP003000.1_592,CP003000.1_593,CP142614.1_1791,CP142614.1_1792,CP142623.1_337,CP142623.1_338
contig_558	2197144	2197338	2233086	gene	AP012548.1_3838,AP012548.1_3839,CP142614.1_2210,CP142614.1_3562,CP142623.1_2787,CP142623.1_2788,CP142623.1_4131
contig_558	2197144	2197338	2233086	mRNA	AP012548.1_3838,AP012548.1_3839,CP142614.1_2210,CP142614.1_3562,CP142623.1_2787,CP142623.1_2788,CP142623.1_4131
contig_5582	166830	167138	intergenic	.	AP012548.1_2806,AP012548.1_929,CP001487.1_3417,CP142614.1_2535,CP142614.1_647,CP142623.1_1484,CP142623.1_3816
contig_5626	160092	160194	intergenic	.	AP012548.1_3469,CP003000.1_3234,CP142614.1_3197,CP142623.1_3158
contig_5626	788134	788402	intergenic	.	AP012548.1_2109,AP012548.1_2110,AP012548.1_4168,CP142614.1_1826,CP142614.1_1827,CP142614.1_3892,CP142623.1_2458,CP142623.1_302
contig_5631	835918	836096	intergenic	.	AP012548.1_2186,AP012548.1_2187,CP001487.1_2179,CP142614.1_1903,CP142623.1_225,CP142623.1_226
contig_5631	1392540	1392638	intergenic	.	AP012548.1_3595,CP142614.1_3323,CP142623.1_3032
contig_5631	1708850	1709088	intergenic	.	AP012548.1_4151,AP012548.1_4152,CP142614.1_3875,CP142614.1_3876,CP142623.1_2474,CP142623.1_2475
contig_5631	1822553	1822676	intergenic	.	CP142623.1_1525
contig_5640	9443	9524	intergenic	.	CP001487.1_1366
contig_5640	214555	214651	intergenic	.	CP142623.1_1856
contig_5640	322880	323193	intergenic	.	AP012548.1_2469,AP012548.1_2470,CP001487.1_1897,CP142614.1_2188,CP142623.1_4152,CP142623.1_4153
contig_5640	424515	424728	intergenic	.	AP012548.1_3803,CP001487.1_526,CP142614.1_3527,CP142623.1_2822,CP142623.1_2823
contig_5640	486707	487015	intergenic	.	AP012548.1_2125,AP012548.1_2126,CP001429.2_2134,CP001487.1_2239,CP001487.1_2240,CP003000.1_540,CP003000.1_541,CP142614.1_1842,CP142614.1_1843,CP142623.1_286,CP142623.1_287
contig_5640	744083	744226	intergenic	.	AP012548.1_1926,CP142614.1_1642,CP142623.1_487
contig_5655	125313	125512	136519	gene	AP012548.1_4018,CP142614.1_3741,CP142623.1_2609
contig_5655	125313	125512	136519	mRNA	AP012548.1_4018,CP142614.1_3741,CP142623.1_2609
contig_5655	3106725	3106996	intergenic	.	AP012548.1_2264,AP012548.1_3057,AP012548.1_352,CP142614.1_1981,CP142614.1_2786,CP142614.1_70,CP142623.1_2056,CP142623.1_3564
contig_5655	5718161	5718364	intergenic	.	AP012548.1_2858,CP142614.1_2588,CP142623.1_3763
contig_570	579154	579233	intergenic	.	AP012548.1_642,CP142614.1_359,CP142623.1_1772
contig_570	1439214	1439326	intergenic	.	AP012548.1_3598
contig_570	1455062	1455188	1539008	gene	AP012548.1_980,CP003000.1_1586,CP142614.1_698,CP142623.1_1432,CP142623.1_1433
contig_570	1455062	1455188	1539008	mRNA	AP012548.1_980,CP003000.1_1586,CP142614.1_698,CP142623.1_1432,CP142623.1_1433
contig_5711	227804	228110	intergenic	.	AP012548.1_1466,AP012548.1_4206,CP142614.1_3929,CP142623.1_2421,CP142623.1_945
contig_5711	266193	266339	270748	mRNA	AP012548.1_1776,CP001487.1_2589,CP001487.1_2697,CP142614.1_1492,CP142623.1_637
contig_5711	266193	266339	271000	gene	AP012548.1_1776,CP001487.1_2589,CP001487.1_2697,CP142614.1_1492,CP142623.1_637
contig_5711	284183	284374	intergenic	.	AP012548.1_542,CP142614.1_260,CP142623.1_1871
contig_5711	838442	838858	intergenic	.	AP012548.1_1186,AP012548.1_1340,AP012548.1_3696,CP001429.2_1176,CP001487.1_3179,CP003000.1_1396,CP142614.1_1057,CP142614.1_3419,CP142614.1_903,CP142623.1_1071,CP142623.1_1225,CP142623.1_2930
contig_5711	1373921	1374159	intergenic	.	AP012548.1_3415,CP142614.1_3145,CP142623.1_3209,CP142623.1_3210
contig_5711	1506278	1506548	1551333	mRNA	AP012548.1_2532,AP012548.1_2533,CP001487.1_1836,CP003000.1_2279,CP142614.1_2250,CP142614.1_2251
contig_5711	1506278	1506548	1551359	gene	AP012548.1_2532,AP012548.1_2533,CP001487.1_1836,CP003000.1_2279,CP142614.1_2250,CP142614.1_2251
contig_5711	1703050	1703283	1703399	CDS	AP012548.1_327,CP142614.1_43,CP142614.1_44,CP142623.1_2082
contig_5711	1703050	1703283	1703399	exon	AP012548.1_327,CP142614.1_43,CP142614.1_44,CP142623.1_2082
contig_5711	1703050	1703283	1703399	mRNA	AP012548.1_327,CP142614.1_43,CP142614.1_44,CP142623.1_2082
contig_5711	1703050	1703283	1703536	gene	AP012548.1_327,CP142614.1_43,CP142614.1_44,CP142623.1_2082
contig_5715	303542	303764	intergenic	.	AP012548.1_2017,AP012548.1_2018,CP001429.2_2025,CP001487.1_2348,CP003000.1_648,CP142614.1_1733,CP142614.1_1734,CP142623.1_395
contig_5720	3601824	3602055	intergenic	.	AP012548.1_1853,CP001487.1_2511,CP142614.1_1569,CP142623.1_559,CP142623.1_560
contig_5720	4334165	4334272	intergenic	.	CP001487.1_2232
contig_5720	4357539	4357750	intergenic	.	AP012548.1_2864,AP012548.1_2865,CP142614.1_2594,CP142623.1_3757
contig_5720	4709394	4709576	4716436	mRNA	AP012548.1_1447,CP142614.1_1164,CP142614.1_1165,CP142623.1_964
contig_5720	4709394	4709576	4716542	gene	AP012548.1_1447,CP142614.1_1164,CP142614.1_1165,CP142623.1_964
contig_5733	1091432	1091598	intergenic	.	AP012548.1_138,CP142614.1_4078,CP142623.1_2272
contig_5733	1386684	1386990	1413180	gene	AP012548.1_1701,AP012548.1_1702,CP142614.1_1416,CP142614.1_1418,CP142623.1_711
contig_5733	1386684	1386990	1413180	mRNA	AP012548.1_1701,AP012548.1_1702,CP142614.1_1416,CP142614.1_1418,CP142623.1_711
contig_575	168730	168883	197993	gene	AP012548.1_1292,CP142623.1_1119
contig_575	168730	168883	197993	mRNA	AP012548.1_1292,CP142623.1_1119
contig_575	3191253	3191333	intergenic	.	AP012548.1_1137,CP142614.1_856,CP142623.1_1274
contig_575	4409524	4409698	4463359	gene	AP012548.1_614,CP142614.1_331,CP142623.1_1800
contig_575	4409524	4409698	4463359	mRNA	AP012548.1_614,CP142614.1_331,CP142623.1_1800
contig_5768	61411	61878	intergenic	.	AP012548.1_2498,AP012548.1_943,CP001429.2_2513,CP001487.1_2423,CP003000.1_2245,CP142614.1_2216,CP142614.1_661,CP142614.1_662,CP142623.1_1469,CP142623.1_4125
contig_5768	63566	63731	intergenic	.	AP012548.1_944,CP142614.1_663,CP142623.1_1468
contig_578	1387346	1387518	intergenic	.	AP012548.1_560,CP001487.1_3785,CP142614.1_277,CP142623.1_1854
contig_578	1389043	1389327	intergenic	.	AP012548.1_1340,AP012548.1_561,CP001429.2_574,CP001487.1_3024,CP001487.1_3784,CP142614.1_1057,CP142614.1_278,CP142623.1_1071,CP142623.1_1853
contig_5783	100406	100702	intergenic	.	CP001487.1_24,CP001487.1_3724,CP003000.1_87,CP142614.1_338,CP142614.1_339,CP142614.1_4027,CP142623.1_1792
contig_5783	303022	303186	intergenic	.	AP012548.1_150,CP142614.1_4090,CP142623.1_2260
contig_5783	341483	341633	intergenic	.	CP142614.1_2179
contig_5821	153709	153892	intergenic	.	AP012548.1_3202,CP003000.1_2975,CP142614.1_2930,CP142614.1_2931,CP142623.1_3418
contig_5821	327237	327550	327424	CDS	AP012548.1_3981,AP012548.1_3982,CP001429.2_4022,CP142614.1_3705,CP142614.1_3706,CP142623.1_2644,CP142623.1_2645
contig_5821	327237	327550	327424	exon	AP012548.1_3981,AP012548.1_3982,CP001429.2_4022,CP142614.1_3705,CP142614.1_3706,CP142623.1_2644,CP142623.1_2645
contig_5821	327237	327550	327424	gene	AP012548.1_3981,AP012548.1_3982,CP001429.2_4022,CP142614.1_3705,CP142614.1_3706,CP142623.1_2644,CP142623.1_2645
contig_5821	327237	327550	327424	mRNA	AP012548.1_3981,AP012548.1_3982,CP001429.2_4022,CP142614.1_3705,CP142614.1_3706,CP142623.1_2644,CP142623.1_2645
contig_5821	327237	327550	327424	start_codon	AP012548.1_3981,AP012548.1_3982,CP001429.2_4022,CP142614.1_3705,CP142614.1_3706,CP142623.1_2644,CP142623.1_2645
contig_5821	327424	327550	intergenic	.	AP012548.1_3981,AP012548.1_3982,CP001429.2_4022,CP142614.1_3705,CP142614.1_3706,CP142623.1_2644,CP142623.1_2645
contig_5821	505762	506205	intergenic	.	AP012548.1_1953,AP012548.1_1954,AP012548.1_1955,CP001429.2_1961,CP001429.2_1962,CP001487.1_2410,CP001487.1_2412,CP142614.1_1669,CP142614.1_1670,CP142614.1_1671,CP142623.1_457,CP142623.1_458,CP142623.1_459
contig_5825	269624	270055	intergenic	.	AP012548.1_2580,AP012548.1_2581,AP012548.1_2582,CP001487.1_1743,CP001487.1_1744,CP003000.1_2372,CP142614.1_2299,CP142614.1_2300,CP142614.1_2301,CP142623.1_4040,CP142623.1_4041,CP142623.1_4042
contig_5827	247906	247989	intergenic	.	CP001429.2_1755,CP001487.1_2617
contig_5831	1366768	1366904	intergenic	.	AP012548.1_1401,CP142614.1_1118,CP142614.1_1119,CP142623.1_1010
contig_584	32343	32692	intergenic	.	AP012548.1_2013,CP001487.1_2353,CP142614.1_1728,CP142614.1_2921,CP142623.1_3428,CP142623.1_400
contig_5843	28373	28736	30536	mRNA	AP012548.1_2923,CP001429.2_2960,CP001487.1_1402,CP142614.1_2652,CP142623.1_1142,CP142623.1_3700,CP142623.1_3701
contig_5843	28373	28736	30684	gene	AP012548.1_2923,CP001429.2_2960,CP001487.1_1402,CP142614.1_2652,CP142623.1_1142,CP142623.1_3700,CP142623.1_3701
contig_5843	143284	143584	intergenic	.	AP012548.1_186,AP012548.1_3977,CP142614.1_3701,CP142614.1_4126,CP142623.1_2224,CP142623.1_2649
contig_5855	112789	112932	intergenic	.	AP012548.1_3124,AP012548.1_3125,CP001429.2_3162,CP001487.1_1203,CP003000.1_2900,CP142614.1_2853,CP142614.1_2854,CP142623.1_3497
contig_5900	74572	75108	97024	gene	AP012548.1_3505,AP012548.1_3902,CP001429.2_3548,CP001429.2_3941,CP003000.1_3618,CP142614.1_3234,CP142614.1_3626,CP142623.1_2723,CP142623.1_3121
contig_5900	74572	75108	97024	mRNA	AP012548.1_3505,AP012548.1_3902,CP001429.2_3548,CP001429.2_3941,CP003000.1_3618,CP142614.1_3234,CP142614.1_3626,CP142623.1_2723,CP142623.1_3121
contig_5900	344383	344686	intergenic	.	AP012548.1_3865,AP012548.1_3867,CP142614.1_3589,CP142623.1_2759
contig_5913	565571	566098	599530	mRNA	AP012548.1_1053,CP001487.1_3342,CP001487.1_588,CP142614.1_3467,CP142614.1_772,CP142623.1_1359,CP142623.1_1360
contig_5913	565571	566098	599571	gene	AP012548.1_1053,CP001487.1_3342,CP001487.1_588,CP142614.1_3467,CP142614.1_772,CP142623.1_1359,CP142623.1_1360
contig_5913	844267	844348	intergenic	.	AP012548.1_3477,CP001429.2_3521,CP001487.1_854,CP003000.1_3243,CP142614.1_3206,CP142623.1_3149
contig_5913	845639	845759	intergenic	.	CP003000.1_3242,CP142614.1_3205,CP142623.1_3150
contig_5931	6757	6929	intergenic	.	AP012548.1_3366,CP001429.2_3410,CP142623.1_3258
contig_5947	737458	737637	intergenic	.	AP012548.1_1300,CP142614.1_1018,CP142623.1_1111
contig_5958	57862	58044	intergenic	.	AP012548.1_1067,CP142614.1_786,CP142623.1_1345,CP142623.1_1346
contig_5991	326524	326678	334748	mRNA	AP012548.1_3056,CP142614.1_2785,CP142623.1_3565
contig_5991	326524	326678	335558	gene	AP012548.1_3056,CP142614.1_2785,CP142623.1_3565
contig_5991	719927	720118	intergenic	.	AP012548.1_2301,AP012548.1_2302,CP001487.1_2064,CP142614.1_2019,CP142623.1_110
contig_5991	1076657	1076792	intergenic	.	AP012548.1_2682,CP142614.1_2401,CP142623.1_3940
contig_6039	3762	4015	intergenic	.	CP001429.2_4147,CP001487.1_228
contig_6039	116006	116114	intergenic	.	AP012548.1_1586,CP142614.1_1303,CP142623.1_825,CP142623.1_826
contig_6039	283536	283727	intergenic	.	CP142614.1_3854,CP142623.1_2495,CP142623.1_2496
contig_6049	48440	48604	62720	mRNA	AP012548.1_3014,CP142614.1_2743
contig_6049	48440	48604	62741	gene	AP012548.1_3014,CP142614.1_2743
contig_6049	71719	72212	intergenic	.	AP012548.1_1739,AP012548.1_1740,AP012548.1_2275,AP012548.1_2735,AP012548.1_2736,CP001487.1_2626,CP142614.1_1992,CP142614.1_2455,CP142623.1_137,CP142623.1_3886
contig_6125	285498	285745	intergenic	.	AP012548.1_3763,CP001487.1_569,CP001487.1_570,CP142614.1_3485,CP142614.1_3486,CP142623.1_2863
contig_6125	721074	721232	intergenic	.	AP012548.1_3312,CP142614.1_3041
contig_6125	729192	729328	intergenic	.	AP012548.1_1530
contig_6131	536332	536553	intergenic	.	AP012548.1_3180,AP012548.1_3181,CP142614.1_2909,CP142614.1_2910,CP142623.1_3440
contig_6131	563377	563480	intergenic	.	CP001429.2_3308
contig_6131	820260	820460	intergenic	.	AP012548.1_3903,CP142614.1_3627,CP142623.1_2722
contig_6154	208892	209003	intergenic	.	CP001429.2_966,CP142614.1_695,CP142623.1_1436
contig_6154	209530	209621	intergenic	.	AP012548.1_190,CP001429.2_192,CP003000.1_178,CP142614.1_4129,CP142614.1_4130,CP142623.1_2221
contig_6154	261243	261371	intergenic	.	AP012548.1_55,CP142614.1_3995,CP142623.1_2355
contig_6175	237804	238078	intergenic	.	AP012548.1_2648,AP012548.1_2649,CP001429.2_2681,CP001487.1_1675,CP142614.1_2367,CP142614.1_2368,CP142623.1_3973,CP142623.1_3974
contig_6175	250385	250519	intergenic	.	AP012548.1_123
contig_6175	2439034	2439162	2460387	mRNA	AP012548.1_2228,CP142614.1_1945,CP142623.1_184
contig_6175	2439034	2439162	2460496	gene	AP012548.1_2228,CP142614.1_1945,CP142623.1_184
contig_6175	3211873	3211885	intergenic	.	CP001487.1_1978
contig_6175	3211873	3212022	3211891	polyA_signal_sequence	CP001487.1_1978
contig_6175	3211873	3212022	3214188	gene	CP001487.1_1978
contig_621	155169	155281	intergenic	.	CP142614.1_3114,CP142623.1_3241
contig_6255	2984333	2984559	3020386	gene	AP012548.1_3272,AP012548.1_3273,CP001487.1_1058,CP142614.1_3002,CP142623.1_3352
contig_6255	2984333	2984559	3020386	mRNA	AP012548.1_3272,AP012548.1_3273,CP001487.1_1058,CP142614.1_3002,CP142623.1_3352
contig_6255	3573658	3573899	3584658	mRNA	AP012548.1_547,CP142614.1_264,CP142614.1_265,CP142623.1_1866,CP142623.1_1867
contig_6255	3573658	3573899	3584741	gene	AP012548.1_547,CP142614.1_264,CP142614.1_265,CP142623.1_1866,CP142623.1_1867
contig_626	318655	318764	intergenic	.	AP012548.1_3775,CP142623.1_2851
contig_626	351873	351996	intergenic	.	CP003000.1_2842,CP142614.1_2795
contig_626	540164	540675	intergenic	.	AP012548.1_2779,CP001487.1_3139,CP003000.1_1356,CP142614.1_2497,CP142614.1_2498,CP142614.1_943,CP142623.1_3843
contig_626	1664602	1664799	intergenic	.	AP012548.1_1482,CP001429.2_1489,CP001487.1_2882,CP003000.1_1103,CP142623.1_929
contig_626	1693653	1694084	intergenic	.	AP012548.1_3664,AP012548.1_3665,AP012548.1_726,CP142614.1_3388,CP142614.1_444,CP142623.1_1688,CP142623.1_2961
contig_626	1809014	1809105	intergenic	.	CP001429.2_915,CP001487.1_3439
contig_626	1924949	1925186	intergenic	.	AP012548.1_326,CP001487.1_4033,CP003000.1_283,CP142614.1_42,CP142623.1_2083
contig_626	2057757	2058235	2058144	CDS	AP012548.1_1998,AP012548.1_1999,AP012548.1_2000,CP001429.2_2008,CP001487.1_2367,CP003000.1_665,CP142614.1_1714,CP142614.1_1715,CP142614.1_1716,CP142623.1_412,CP142623.1_413,CP142623.1_414,CP142623.1_415
contig_626	2057757	2058235	2058144	exon	AP012548.1_1998,AP012548.1_1999,AP012548.1_2000,CP001429.2_2008,CP001487.1_2367,CP003000.1_665,CP142614.1_1714,CP142614.1_1715,CP142614.1_1716,CP142623.1_412,CP142623.1_413,CP142623.1_414,CP142623.1_415
contig_626	2057757	2058235	2059116	gene	AP012548.1_1998,AP012548.1_1999,AP012548.1_2000,CP001429.2_2008,CP001487.1_2367,CP003000.1_665,CP142614.1_1714,CP142614.1_1715,CP142614.1_1716,CP142623.1_412,CP142623.1_413,CP142623.1_414,CP142623.1_415
contig_626	2057757	2058235	2059116	mRNA	AP012548.1_1998,AP012548.1_1999,AP012548.1_2000,CP001429.2_2008,CP001487.1_2367,CP003000.1_665,CP142614.1_1714,CP142614.1_1715,CP142614.1_1716,CP142623.1_412,CP142623.1_413,CP142623.1_414,CP142623.1_415
contig_626	2322258	2322446	intergenic	.	CP142614.1_1140,CP142614.1_908,CP142623.1_1221
contig_626	2657521	2657752	2689362	gene	AP012548.1_3288,CP001487.1_1998,CP003000.1_2126,CP142614.1_3017,CP142614.1_3018,CP142623.1_3336,CP142623.1_3337
contig_626	2657521	2657752	2689362	mRNA	AP012548.1_3288,CP001487.1_1998,CP003000.1_2126,CP142614.1_3017,CP142614.1_3018,CP142623.1_3336,CP142623.1_3337
contig_627	55072	55213	intergenic	.	CP001429.2_2814,CP001487.1_1544,CP142614.1_2500,CP142623.1_3841
contig_6272	123182	123503	123520	CDS	AP012548.1_174,AP012548.1_175,CP142614.1_4113,CP142614.1_4114,CP142623.1_2236,CP142623.1_2237
contig_6272	123182	123503	123520	exon	AP012548.1_174,AP012548.1_175,CP142614.1_4113,CP142614.1_4114,CP142623.1_2236,CP142623.1_2237
contig_6272	123182	123503	123520	gene	AP012548.1_174,AP012548.1_175,CP142614.1_4113,CP142614.1_4114,CP142623.1_2236,CP142623.1_2237
contig_6272	123182	123503	123520	mRNA	AP012548.1_174,AP012548.1_175,CP142614.1_4113,CP142614.1_4114,CP142623.1_2236,CP142623.1_2237
contig_6291	55337	55703	intergenic	.	AP012548.1_2243,CP001487.1_3524,CP003000.1_1720,CP142614.1_1960,CP142623.1_1590,CP142623.1_169
contig_6291	604702	604835	intergenic	.	AP012548.1_3146,CP142614.1_2874,CP142623.1_3476
contig_631	533184	533338	intergenic	.	AP012548.1_3777,CP001487.1_552,CP142614.1_3500,CP142614.1_3501,CP142623.1_2849
contig_631	888842	888946	943342	mRNA	CP001487.1_2166
contig_631	888842	888946	944390	gene	CP001487.1_2166
contig_631	889214	889346	943342	mRNA	AP012548.1_3956,CP142614.1_3679,CP142623.1_2670
contig_631	889214	889346	944390	gene	AP012548.1_3956,CP142614.1_3679,CP142623.1_2670
contig_631	1487681	1487921	intergenic	.	AP012548.1_3271,AP012548.1_3301,CP001487.1_1029
contig_631	1487681	1488035	1487924	start_codon	AP012548.1_3271,AP012548.1_3301,CP001487.1_1029
contig_631	1487681	1488035	1488071	CDS	AP012548.1_3271,AP012548.1_3301,CP001487.1_1029
contig_631	1487681	1488035	1488071	exon	AP012548.1_3271,AP012548.1_3301,CP001487.1_1029
contig_631	1487681	1488035	1499492	mRNA	AP012548.1_3271,AP012548.1_3301,CP001487.1_1029
contig_631	1487681	1488035	1500062	gene	AP012548.1_3271,AP012548.1_3301,CP001487.1_1029
contig_6313	85094	85505	85515	CDS	AP012548.1_4009,AP012548.1_4010,AP012548.1_4011,CP001429.2_4049,CP001487.1_320,CP003000.1_3719,CP142614.1_3732,CP142614.1_3733,CP142614.1_3734,CP142614.1_3735,CP142623.1_2615,CP142623.1_2616,CP142623.1_2617
contig_6313	85094	85505	85515	exon	AP012548.1_4009,AP012548.1_4010,AP012548.1_4011,CP001429.2_4049,CP001487.1_320,CP003000.1_3719,CP142614.1_3732,CP142614.1_3733,CP142614.1_3734,CP142614.1_3735,CP142623.1_2615,CP142623.1_2616,CP142623.1_2617
contig_6313	85094	85505	85515	mRNA	AP012548.1_4009,AP012548.1_4010,AP012548.1_4011,CP001429.2_4049,CP001487.1_320,CP003000.1_3719,CP142614.1_3732,CP142614.1_3733,CP142614.1_3734,CP142614.1_3735,CP142623.1_2615,CP142623.1_2616,CP142623.1_2617
contig_6313	85094	85505	85840	gene	AP012548.1_4009,AP012548.1_4010,AP012548.1_4011,CP001429.2_4049,CP001487.1_320,CP003000.1_3719,CP142614.1_3732,CP142614.1_3733,CP142614.1_3734,CP142614.1_3735,CP142623.1_2615,CP142623.1_2616,CP142623.1_2617
contig_6313	221828	222240	284461	mRNA	AP012548.1_411,AP012548.1_412,AP012548.1_413,CP142614.1_129,CP142623.1_1996,CP142623.1_1997,CP142623.1_1998
contig_6313	221828	222240	284791	gene	AP012548.1_411,AP012548.1_412,AP012548.1_413,CP142614.1_129,CP142623.1_1996,CP142623.1_1997,CP142623.1_1998
contig_6313	833401	833639	intergenic	.	AP012548.1_3031,AP012548.1_3328,CP003000.1_2807,CP142614.1_2760,CP142614.1_3058,CP142623.1_3297,CP142623.1_3591
contig_6337	20758	21070	intergenic	.	AP012548.1_3347,AP012548.1_3692,AP012548.1_3693,CP142614.1_3077,CP142614.1_3415,CP142614.1_3416,CP142623.1_2933,CP142623.1_2934,CP142623.1_3278
contig_6358	134057	134375	intergenic	.	AP012548.1_956,CP001487.1_3409,CP142614.1_675,CP142623.1_1456,CP142623.1_1457
contig_6358	441023	441317	intergenic	.	AP012548.1_633,AP012548.1_634,AP012548.1_635,CP001487.1_3711,CP001487.1_3712,CP003000.1_1865,CP142614.1_350,CP142614.1_351,CP142623.1_1779,CP142623.1_1780,CP142623.1_1781
contig_6358	607085	607232	intergenic	.	AP012548.1_1080,CP142614.1_799
contig_6365	235168	235477	intergenic	.	AP012548.1_514,CP142614.1_2557,CP142623.1_1894,CP142623.1_3795
contig_6365	321175	321570	339305	gene	AP012548.1_2014,AP012548.1_2015,AP012548.1_4000,CP001487.1_2351,CP001487.1_2352,CP142614.1_1729,CP142614.1_1730,CP142614.1_3724,CP142623.1_2626,CP142623.1_398,CP142623.1_399
contig_6365	321175	321570	339305	mRNA	AP012548.1_2014,AP012548.1_2015,AP012548.1_4000,CP001487.1_2351,CP001487.1_2352,CP142614.1_1729,CP142614.1_1730,CP142614.1_3724,CP142623.1_2626,CP142623.1_398,CP142623.1_399
contig_6379	492703	492795	502138	mRNA	AP012548.1_2785,CP001487.1_1539,CP142614.1_2504,CP142623.1_3836
contig_6379	492703	492795	502284	gene	AP012548.1_2785,CP001487.1_1539,CP142614.1_2504,CP142623.1_3836
contig_6379	493010	493161	502138	mRNA	CP142614.1_1455
contig_6379	493010	493161	502284	gene	CP142614.1_1455
contig_6423	92306	92567	155215	gene	AP012548.1_902,AP012548.1_903,CP001487.1_3443,CP142614.1_620,CP142614.1_621,CP142623.1_1510,CP142623.1_1511
contig_6423	92306	92567	155215	mRNA	AP012548.1_902,AP012548.1_903,CP001487.1_3443,CP142614.1_620,CP142614.1_621,CP142623.1_1510,CP142623.1_1511
contig_6423	448499	448855	587375	gene	AP012548.1_1131,AP012548.1_722,CP001429.2_738,CP001487.1_3625,CP142623.1_1692
contig_6423	448499	448855	587375	mRNA	AP012548.1_1131,AP012548.1_722,CP001429.2_738,CP001487.1_3625,CP142623.1_1692
contig_6423	727717	728007	intergenic	.	AP012548.1_3899,CP001429.2_2685,CP142623.1_2727
contig_6429	9473	9628	intergenic	.	AP012548.1_3565,CP142614.1_3294,CP142623.1_3061
contig_6429	1967526	1967663	intergenic	.	AP012548.1_2099
contig_6429	2157862	2158141	intergenic	.	AP012548.1_891,AP012548.1_892,AP012548.1_893,CP142614.1_609,CP142614.1_610,CP142623.1_1521,CP142623.1_1522
contig_643	633200	633454	intergenic	.	AP012548.1_7,AP012548.1_8,CP001429.2_7,CP001487.1_104,CP142614.1_3947,CP142614.1_3948,CP142623.1_2402,CP142623.1_2403
contig_643	863270	863442	intergenic	.	AP012548.1_664,CP001429.2_676,CP142614.1_381,CP142623.1_1749
contig_643	904763	905192	intergenic	.	AP012548.1_1177,AP012548.1_1178,AP012548.1_739,AP012548.1_740,CP001429.2_755,CP001487.1_3607,CP142614.1_458,CP142614.1_895,CP142623.1_1233,CP142623.1_1674
contig_643	906716	906972	intergenic	.	AP012548.1_2076,CP142614.1_1792,CP142614.1_459,CP142623.1_336
contig_643	1371780	1372253	intergenic	.	AP012548.1_2568,AP012548.1_2569,AP012548.1_607,CP001487.1_3738,CP142614.1_2287,CP142614.1_2288,CP142614.1_324,CP142623.1_1807,CP142623.1_4054,CP142623.1_4055
contig_643	1439606	1439811	intergenic	.	AP012548.1_1374,CP142614.1_1092,CP142623.1_1037
contig_643	1505712	1505908	intergenic	.	AP012548.1_550,AP012548.1_551,CP142614.1_268,CP142623.1_1863
contig_6495	227828	228000	intergenic	.	AP012548.1_1651,CP142614.1_1367,CP142623.1_761
contig_6495	249261	249421	259734	gene	AP012548.1_3689,CP142614.1_3412
contig_6495	249261	249421	259734	mRNA	AP012548.1_3689,CP142614.1_3412
contig_6495	340109	340252	intergenic	.	AP012548.1_317,AP012548.1_318,CP142614.1_33,CP142614.1_34,CP142623.1_2091,CP142623.1_2092
contig_6495	1572334	1572615	1602379	mRNA	AP012548.1_1933,AP012548.1_1934,CP001487.1_2432,CP003000.1_718,CP142614.1_1649,CP142614.1_1650,CP142623.1_478,CP142623.1_479
contig_6495	1572334	1572615	1602421	gene	AP012548.1_1933,AP012548.1_1934,CP001487.1_2432,CP003000.1_718,CP142614.1_1649,CP142614.1_1650,CP142623.1_478,CP142623.1_479
contig_650	44906	44992	intergenic	.	AP012548.1_1798,CP001429.2_1805,CP142614.1_1513,CP142614.1_1514,CP142623.1_615
contig_6511	2316188	2316286	2337191	mRNA	AP012548.1_2234
contig_6511	2316188	2316286	2337307	gene	AP012548.1_2234
contig_6511	3179339	3179535	intergenic	.	AP012548.1_4192,AP012548.1_4193,CP001487.1_135,CP003000.1_3892,CP142614.1_3916,CP142623.1_2434
contig_6520	22981	23129	intergenic	.	AP012548.1_4131,CP142614.1_3855
contig_6526	327434	327685	intergenic	.	AP012548.1_304,CP001487.1_4056,CP142614.1_19,CP142614.1_20,CP142623.1_2105,CP142623.1_2106
contig_6526	426756	426950	intergenic	.	AP012548.1_2965,AP012548.1_2966,CP001487.1_1361,CP142614.1_2694,CP142614.1_2695,CP142623.1_3658
contig_6526	428328	428545	intergenic	.	AP012548.1_475,CP001429.2_480,CP001487.1_3877,CP003000.1_2020,CP142614.1_193,CP142623.1_1933,CP142623.1_1934
contig_653	62031	62211	intergenic	.	AP012548.1_3601,CP001487.1_730,CP142614.1_3330,CP142623.1_3025
contig_653	94382	94542	intergenic	.	AP012548.1_2733,AP012548.1_2734,CP142614.1_2452,CP142614.1_2453,CP142623.1_3888
contig_6557	98304	98697	intergenic	.	AP012548.1_3948,AP012548.1_3949,CP001429.2_3988,CP001487.1_381,CP003000.1_3659,CP142614.1_3671,CP142614.1_3672,CP142614.1_3673,CP142623.1_2678
contig_6557	604000	604298	624535	gene	AP012548.1_2104,CP001429.2_2112,CP001487.1_2261,CP001487.1_2262,CP142614.1_1821,CP142623.1_307,CP142623.1_308
contig_6557	604000	604298	624535	mRNA	AP012548.1_2104,CP001429.2_2112,CP001487.1_2261,CP001487.1_2262,CP142614.1_1821,CP142623.1_307,CP142623.1_308
contig_6557	687146	687237	751379	mRNA	AP012548.1_1025,CP001487.1_3340,CP003000.1_1556,CP142614.1_744,CP142623.1_1387
contig_6557	687146	687237	751514	gene	AP012548.1_1025,CP001487.1_3340,CP003000.1_1556,CP142614.1_744,CP142623.1_1387
contig_656	47838	47930	intergenic	.	CP001487.1_2698
contig_656	48475	48562	intergenic	.	AP012548.1_3089
contig_656	282567	282651	intergenic	.	CP142623.1_505
contig_664	179162	179375	179882	mRNA	AP012548.1_2816,CP001429.2_2849,CP001487.1_1509,CP142614.1_2545,CP142623.1_3806,CP142623.1_3807
contig_664	179162	179375	180357	gene	AP012548.1_2816,CP001429.2_2849,CP001487.1_1509,CP142614.1_2545,CP142623.1_3806,CP142623.1_3807
contig_6649	286059	286175	478754	gene	AP012548.1_1814,AP012548.1_3651,CP001429.2_1821,CP142614.1_1530,CP142623.1_2975
contig_6649	286059	286175	478754	mRNA	AP012548.1_1814,AP012548.1_3651,CP001429.2_1821,CP142614.1_1530,CP142623.1_2975
contig_6649	930988	931075	938708	gene	AP012548.1_2430,CP142623.1_4192
contig_6649	930988	931075	938708	mRNA	AP012548.1_2430,CP142623.1_4192
contig_6649	1020487	1020743	1049201	gene	CP142614.1_534,CP142614.1_535
contig_6649	1020487	1020743	1049201	mRNA	CP142614.1_534,CP142614.1_535
contig_6649	1079866	1079953	intergenic	.	AP012548.1_3661
contig_6762	66854	67316	intergenic	.	AP012548.1_1390,AP012548.1_1997,AP012548.1_686,CP001429.2_2005,CP001487.1_2368,CP001487.1_2369,CP001487.1_3660,CP142614.1_1108,CP142614.1_1713,CP142614.1_403,CP142623.1_1021,CP142623.1_1728,CP142623.1_416
contig_6762	1487601	1487727	intergenic	.	CP142614.1_2276,CP142623.1_4065
contig_6788	107588	107884	137708	gene	AP012548.1_4196,AP012548.1_4197,CP142614.1_3920,CP142623.1_2430
contig_6788	107588	107884	137708	mRNA	AP012548.1_4196,AP012548.1_4197,CP142614.1_3920,CP142623.1_2430
contig_679	332324	332482	intergenic	.	AP012548.1_866
contig_679	512393	512744	intergenic	.	AP012548.1_1169,AP012548.1_1170,AP012548.1_2327,CP001429.2_1159,CP001487.1_3195,CP001487.1_3196,CP003000.1_1412,CP142614.1_2044,CP142614.1_888,CP142614.1_889,CP142623.1_1241,CP142623.1_1242
contig_6827	227958	228131	229971	gene	AP012548.1_784,AP012548.1_785,CP001487.1_3563,CP142614.1_502,CP142623.1_1629,CP142623.1_1630
contig_6827	227958	228131	229971	mRNA	AP012548.1_784,AP012548.1_785,CP001487.1_3563,CP142614.1_502,CP142623.1_1629,CP142623.1_1630
contig_6827	408141	408282	425962	gene	AP012548.1_2298,CP142614.1_2015,CP142623.1_114
contig_6827	408141	408282	425962	mRNA	AP012548.1_2298,CP142614.1_2015,CP142623.1_114
contig_6849	38930	39120	intergenic	.	AP012548.1_3662,CP142623.1_2964
contig_6849	112383	112551	161330	gene	AP012548.1_3226,CP142614.1_2954,CP142623.1_3394,CP142623.1_3395
contig_6849	112383	112551	161330	mRNA	AP012548.1_3226,CP142614.1_2954,CP142623.1_3394,CP142623.1_3395
contig_6854	46380	46525	intergenic	.	CP001487.1_3285
contig_6865	170841	171134	intergenic	.	AP012548.1_1190,AP012548.1_3326,CP142614.1_3057
contig_6865	229720	229830	intergenic	.	AP012548.1_1279
contig_6865	642431	642835	intergenic	.	AP012548.1_2874,AP012548.1_2875,AP012548.1_2876,CP001487.1_1449,CP001487.1_1450,CP142614.1_2604,CP142614.1_2605,CP142623.1_3746,CP142623.1_3747
contig_6871	907427	907577	intergenic	.	AP012548.1_2978
contig_688	72236	72389	intergenic	.	CP003000.1_2452,CP142614.1_2380
contig_688	184440	184593	intergenic	.	AP012548.1_2057,CP142614.1_1774,CP142623.1_355
contig_6898	221923	222081	intergenic	.	AP012548.1_219,CP142614.1_4159,CP142623.1_2191
contig_6898	420941	421093	460614	mRNA	CP001429.2_217,CP001487.1_4143,CP142614.1_4155,CP142623.1_2195
contig_6898	420941	421093	460698	gene	CP001429.2_217,CP001487.1_4143,CP142614.1_4155,CP142623.1_2195
contig_6933	992620	992823	intergenic	.	AP012548.1_4134,CP142614.1_3857,CP142623.1_2493
contig_700	33542	34002	intergenic	.	AP012548.1_3464,AP012548.1_3465,AP012548.1_372,CP001429.2_375,CP142614.1_3192,CP142614.1_3193,CP142614.1_89,CP142614.1_90,CP142623.1_2036,CP142623.1_2037,CP142623.1_3162,CP142623.1_3163
contig_700	655884	655975	intergenic	.	AP012548.1_1238,CP003000.1_1344,CP142614.1_956,CP142623.1_1173
contig_700	761657	761774	intergenic	.	AP012548.1_3627,CP142614.1_3356
contig_7033	198839	199016	intergenic	.	AP012548.1_3446,AP012548.1_3447,CP142614.1_3174,CP142614.1_3175,CP142623.1_3179,CP142623.1_3180
contig_7033	236559	236652	intergenic	.	AP012548.1_445,CP142614.1_163,CP142623.1_1964
contig_7033	469349	469485	intergenic	.	CP001429.2_381,CP142614.1_95,CP142623.1_2031
contig_7033	940870	940949	intergenic	.	AP012548.1_3282,CP001429.2_3318,CP001487.1_1048
contig_7033	1142352	1142686	1144880	gene	AP012548.1_2715,AP012548.1_2716,CP001429.2_2748,CP001487.1_1609,CP142614.1_2434,CP142614.1_2435,CP142623.1_3906,CP142623.1_3907
contig_7033	1142352	1142686	1144880	mRNA	AP012548.1_2715,AP012548.1_2716,CP001429.2_2748,CP001487.1_1609,CP142614.1_2434,CP142614.1_2435,CP142623.1_3906,CP142623.1_3907
contig_708	3983383	3983547	intergenic	.	AP012548.1_3818,CP142614.1_3542,CP142623.1_2808
contig_7089	6619	6857	57606	gene	AP012548.1_290,AP012548.1_291,CP001487.1_4069,CP003000.1_232,CP142614.1_6,CP142614.1_7,CP142623.1_2118,CP142623.1_2119
contig_7089	6619	6857	57606	mRNA	AP012548.1_290,AP012548.1_291,CP001487.1_4069,CP003000.1_232,CP142614.1_6,CP142614.1_7,CP142623.1_2118,CP142623.1_2119
contig_7089	246936	247173	intergenic	.	AP012548.1_1200,CP142614.1_917,CP142623.1_1212
contig_709	71428	71574	intergenic	.	AP012548.1_497,CP142614.1_215
contig_7118	5238	5578	intergenic	.	AP012548.1_3823,CP001487.1_507,CP142614.1_3547,CP142623.1_2801,CP142623.1_2802,CP142623.1_2803
contig_7118	5968	6076	intergenic	.	CP142614.1_3546
contig_7118	139882	139976	intergenic	.	AP012548.1_3225,CP142614.1_2953
contig_7118	140288	140479	intergenic	.	AP012548.1_3224,AP012548.1_3225,CP142614.1_2953,CP142623.1_3396
contig_7118	598002	598217	608007	gene	AP012548.1_1145,CP001429.2_1134,CP142614.1_863,CP142614.1_864,CP142623.1_1267
contig_7118	598002	598217	608007	mRNA	AP012548.1_1145,CP001429.2_1134,CP142614.1_863,CP142614.1_864,CP142623.1_1267
contig_7118	714265	714353	772365	gene	AP012548.1_2332,CP142623.1_80
contig_7118	714265	714353	772365	mRNA	AP012548.1_2332,CP142623.1_80
contig_7118	914923	915033	intergenic	.	CP003000.1_1060
contig_7131	98776	98926	intergenic	.	CP142614.1_4193
contig_7131	162225	162401	intergenic	.	AP012548.1_1293,CP142614.1_1010,CP142623.1_1118
contig_7131	205529	205698	intergenic	.	AP012548.1_3975,CP142614.1_3698,CP142623.1_2651
contig_7131	231375	231820	intergenic	.	AP012548.1_3606,AP012548.1_3607,CP142614.1_3335,CP142614.1_3336,CP142623.1_3019,CP142623.1_3020,CP142623.1_3021
contig_7153	55107	55208	intergenic	.	AP012548.1_221,CP142614.1_4160,CP142623.1_2190
contig_7153	178941	179326	intergenic	.	AP012548.1_3411,AP012548.1_3412,AP012548.1_3413,CP001487.1_919,CP142614.1_3141,CP142614.1_3142,CP142614.1_3143,CP142623.1_3211,CP142623.1_3212,CP142623.1_3213
contig_7162	7314	7540	intergenic	.	AP012548.1_3837,AP012548.1_3838,CP001487.1_493,CP142614.1_3561,CP142623.1_2788,CP142623.1_2789
contig_7162	462583	463000	intergenic	.	AP012548.1_480,AP012548.1_481,CP142614.1_198,CP142614.1_199,CP142614.1_2159,CP142623.1_1928,CP142623.1_1929
contig_7162	518066	518218	intergenic	.	AP012548.1_2553,AP012548.1_2554,CP001487.1_1794,CP142614.1_2272,CP142623.1_4069
contig_7162	1053143	1053238	1157720	gene	AP012548.1_1033,CP142614.1_752,CP142623.1_1379
contig_7162	1053143	1053238	1157720	mRNA	AP012548.1_1033,CP142614.1_752,CP142623.1_1379
contig_7210	806565	806693	intergenic	.	AP012548.1_2056,CP142614.1_1773,CP142623.1_356
contig_7210	940527	940604	intergenic	.	AP012548.1_2688,CP001487.1_1636,CP142614.1_2407,CP142623.1_3933
contig_7210	981577	981933	intergenic	.	AP012548.1_3239,AP012548.1_3240,CP001487.1_1089,CP142614.1_2969,CP142614.1_2970
contig_7210	1149126	1149456	intergenic	.	AP012548.1_1396,CP003000.1_1188,CP142623.1_1014,CP142623.1_1015
contig_7210	1407668	1407921	intergenic	.	AP012548.1_516,AP012548.1_517,CP001487.1_3834,CP142614.1_234,CP142623.1_1891,CP142623.1_1892
contig_7210	1550788	1551392	1557253	gene	AP012548.1_1856,AP012548.1_1857,CP001487.1_2839,CP142614.1_1572,CP142614.1_1573,CP142623.1_556,CP142623.1_557,CP142623.1_718
contig_7210	1550788	1551392	1557253	mRNA	AP012548.1_1856,AP012548.1_1857,CP001487.1_2839,CP142614.1_1572,CP142614.1_1573,CP142623.1_556,CP142623.1_557,CP142623.1_718
contig_7210	1569735	1569789	intergenic	.	AP012548.1_254,CP001487.1_3292,CP003000.1_1509,CP142614.1_4194,CP142623.1_1339,CP142623.1_2155,CP142623.1_994
contig_7210	1569735	1570416	1569795	polyA_signal_sequence	AP012548.1_254,CP001487.1_3292,CP003000.1_1509,CP142614.1_4194,CP142623.1_1339,CP142623.1_2155,CP142623.1_994
contig_7210	1569735	1570416	1570107	stop_codon	AP012548.1_254,CP001487.1_3292,CP003000.1_1509,CP142614.1_4194,CP142623.1_1339,CP142623.1_2155,CP142623.1_994
contig_7210	1569735	1570416	1570340	CDS	AP012548.1_254,CP001487.1_3292,CP003000.1_1509,CP142614.1_4194,CP142623.1_1339,CP142623.1_2155,CP142623.1_994
contig_7210	1569735	1570416	1570340	exon	AP012548.1_254,CP001487.1_3292,CP003000.1_1509,CP142614.1_4194,CP142623.1_1339,CP142623.1_2155,CP142623.1_994
contig_7210	1569735	1570416	1588453	gene	AP012548.1_254,CP001487.1_3292,CP003000.1_1509,CP142614.1_4194,CP142623.1_1339,CP142623.1_2155,CP142623.1_994
contig_7210	1569735	1570416	1588453	mRNA	AP012548.1_254,CP001487.1_3292,CP003000.1_1509,CP142614.1_4194,CP142623.1_1339,CP142623.1_2155,CP142623.1_994
contig_7210	3537378	3537588	intergenic	.	AP012548.1_3631,AP012548.1_3632,CP142614.1_3359,CP142614.1_3360,CP142623.1_2995,CP142623.1_2996
contig_7210	3580958	3581084	3581680	mRNA	AP012548.1_4088,CP001487.1_243,CP142614.1_3811,CP142623.1_2538
contig_7210	3580958	3581084	3581689	gene	AP012548.1_4088,CP001487.1_243,CP142614.1_3811,CP142623.1_2538
contig_7222	337208	337454	intergenic	.	AP012548.1_2360,AP012548.1_2361,CP001429.2_2375,CP001487.1_2006,CP142614.1_2079,CP142614.1_2080,CP142623.1_51,CP142623.1_52
contig_7222	1267575	1267816	intergenic	.	AP012548.1_2161,CP142614.1_1878,CP142623.1_250,CP142623.1_251
contig_727	1669383	1669538	intergenic	.	AP012548.1_883,CP142614.1_601,CP142623.1_1530,CP142623.1_1531
contig_7276	862490	862616	intergenic	.	AP012548.1_2122,CP001487.1_2244,CP003000.1_545,CP142614.1_1838,CP142623.1_290
contig_7276	1130691	1130768	1170475	gene	CP001429.2_3309,CP142614.1_3003,CP142623.1_3351
contig_7276	1130691	1130768	1170475	mRNA	CP001429.2_3309,CP142614.1_3003,CP142623.1_3351
contig_7276	1577039	1577362	intergenic	.	AP012548.1_3490,AP012548.1_3491,CP142614.1_3219,CP142623.1_3135,CP142623.1_3136
contig_7276	2150537	2150627	intergenic	.	CP142623.1_484
contig_7276	6547202	6547467	6556907	gene	AP012548.1_3610,AP012548.1_3611,AP012548.1_3612,CP001429.2_3654,CP001429.2_3655,CP001487.1_720,CP001487.1_721,CP003000.1_3375,CP003000.1_3376,CP142614.1_3339,CP142614.1_3340,CP142623.1_3015,CP142623.1_3016
contig_7276	6547202	6547467	6556907	mRNA	AP012548.1_3610,AP012548.1_3611,AP012548.1_3612,CP001429.2_3654,CP001429.2_3655,CP001487.1_720,CP001487.1_721,CP003000.1_3375,CP003000.1_3376,CP142614.1_3339,CP142614.1_3340,CP142623.1_3015,CP142623.1_3016
contig_733	325054	325204	intergenic	.	CP142614.1_2528
contig_733	1003822	1004593	intergenic	.	AP012548.1_1816,AP012548.1_1817,AP012548.1_1818,AP012548.1_1819,AP012548.1_1820,CP001429.2_1826,CP001487.1_2544,CP001487.1_2545,CP001487.1_2549,CP003000.1_833,CP142614.1_1532,CP142614.1_1533,CP142614.1_1534,CP142614.1_1535,CP142614.1_1536,CP142623.1_592,CP142623.1_593,CP142623.1_594,CP142623.1_596,CP142623.1_597
contig_734	589803	589895	intergenic	.	CP142623.1_1299
contig_737	2012320	2012406	intergenic	.	CP001487.1_2852,CP142614.1_1230
contig_738	1180035	1180170	1180229	CDS	AP012548.1_4184,CP142614.1_3907,CP142623.1_2443
contig_738	1180035	1180170	1180229	exon	AP012548.1_4184,CP142614.1_3907,CP142623.1_2443
contig_738	1180035	1180170	1180229	gene	AP012548.1_4184,CP142614.1_3907,CP142623.1_2443
contig_738	1180035	1180170	1180229	mRNA	AP012548.1_4184,CP142614.1_3907,CP142623.1_2443
contig_738	1274399	1274523	intergenic	.	CP142623.1_4209
contig_7413	467787	467992	intergenic	.	AP012548.1_1798,AP012548.1_3129,CP001429.2_1806,CP001429.2_3166,CP142614.1_1514,CP142614.1_2858
contig_7424	310520	310605	331040	mRNA	AP012548.1_3792,CP001487.1_537,CP142614.1_3516,CP142623.1_2834
contig_7424	310520	310605	331048	gene	AP012548.1_3792,CP001487.1_537,CP142614.1_3516,CP142623.1_2834
contig_7424	342010	342418	intergenic	.	AP012548.1_2629,AP012548.1_2630,CP142614.1_2348,CP142614.1_2349,CP142614.1_2350,CP142623.1_3991,CP142623.1_3992,CP142623.1_3993
contig_7463	176231	176393	intergenic	.	AP012548.1_2214,AP012548.1_2215,CP001487.1_2151,CP142614.1_1931,CP142614.1_1932,CP142623.1_197
contig_748	414305	414440	intergenic	.	AP012548.1_1675,CP001429.2_1682,CP001487.1_2691,CP003000.1_977,CP142614.1_1391,CP142623.1_738
contig_7484	544026	544307	670623	gene	AP012548.1_483,CP001487.1_3869,CP142614.1_201,CP142614.1_3365,CP142623.1_1925
contig_7484	544026	544307	670623	mRNA	AP012548.1_483,CP001487.1_3869,CP142614.1_201,CP142614.1_3365,CP142623.1_1925
contig_7491	847100	847244	870604	mRNA	AP012548.1_3894,CP001487.1_436,CP142614.1_3618,CP142623.1_2731,CP142623.1_2732
contig_7491	847100	847244	870917	gene	AP012548.1_3894,CP001487.1_436,CP142614.1_3618,CP142623.1_2731,CP142623.1_2732
contig_753	614506	614951	617998	mRNA	AP012548.1_1436,AP012548.1_3752,AP012548.1_836,CP001487.1_580,CP142614.1_1153,CP142614.1_3475,CP142614.1_554,CP142623.1_2874,CP142623.1_976
contig_753	614506	614951	618188	gene	AP012548.1_1436,AP012548.1_3752,AP012548.1_836,CP001487.1_580,CP142614.1_1153,CP142614.1_3475,CP142614.1_554,CP142623.1_2874,CP142623.1_976
contig_7551	735335	735797	intergenic	.	AP012548.1_1003,AP012548.1_1004,AP012548.1_1005,AP012548.1_3727,CP001429.2_3762,CP142614.1_721,CP142614.1_722,CP142614.1_723,CP142623.1_1408,CP142623.1_1409,CP142623.1_1410
contig_756	233586	233714	intergenic	.	AP012548.1_4157,CP142614.1_3880,CP142623.1_2470
contig_757	302541	302647	intergenic	.	AP012548.1_2242,CP001487.1_2125,CP142614.1_1959,CP142623.1_170
contig_757	805293	805549	intergenic	.	CP001429.2_977,CP001487.1_2127,CP001487.1_2286,CP142614.1_706
contig_757	831343	831505	intergenic	.	AP012548.1_552,CP142614.1_269
contig_757	1597243	1597425	intergenic	.	AP012548.1_2639,CP142614.1_2358,CP142623.1_3983
contig_757	1776447	1776584	intergenic	.	AP012548.1_803,CP142614.1_521
contig_7609	107151	107246	intergenic	.	CP142614.1_2593
contig_7609	1897380	1897386	intergenic	.	AP012548.1_2375,AP012548.1_2376,CP001487.1_1991,CP142614.1_2094,CP142614.1_2095,CP142623.1_35,CP142623.1_36
contig_7609	1897380	1897715	1897392	polyA_signal_sequence	AP012548.1_2375,AP012548.1_2376,CP001487.1_1991,CP142614.1_2094,CP142614.1_2095,CP142623.1_35,CP142623.1_36
contig_7609	1897380	1897715	1897444	stop_codon	AP012548.1_2375,AP012548.1_2376,CP001487.1_1991,CP142614.1_2094,CP142614.1_2095,CP142623.1_35,CP142623.1_36
contig_7609	1897380	1897715	1897675	CDS	AP012548.1_2375,AP012548.1_2376,CP001487.1_1991,CP142614.1_2094,CP142614.1_2095,CP142623.1_35,CP142623.1_36
contig_7609	1897380	1897715	1897675	exon	AP012548.1_2375,AP012548.1_2376,CP001487.1_1991,CP142614.1_2094,CP142614.1_2095,CP142623.1_35,CP142623.1_36
contig_7609	1897380	1897715	1897675	gene	AP012548.1_2375,AP012548.1_2376,CP001487.1_1991,CP142614.1_2094,CP142614.1_2095,CP142623.1_35,CP142623.1_36
contig_7609	1897380	1897715	1897675	mRNA	AP012548.1_2375,AP012548.1_2376,CP001487.1_1991,CP142614.1_2094,CP142614.1_2095,CP142623.1_35,CP142623.1_36
contig_7609	1897380	1897715	1897675	start_codon	AP012548.1_2375,AP012548.1_2376,CP001487.1_1991,CP142614.1_2094,CP142614.1_2095,CP142623.1_35,CP142623.1_36
contig_7609	1897675	1897715	intergenic	.	AP012548.1_2375,AP012548.1_2376,CP001487.1_1991,CP142614.1_2094,CP142614.1_2095,CP142623.1_35,CP142623.1_36
contig_7617	52535	52878	intergenic	.	AP012548.1_1172,AP012548.1_3912,CP001487.1_3193,CP142614.1_3635,CP142614.1_3636,CP142623.1_1240,CP142623.1_2714
contig_7617	239052	239176	272235	gene	CP142614.1_4110
contig_7617	239052	239176	272235	mRNA	CP142614.1_4110
contig_7657	172418	172535	intergenic	.	AP012548.1_3921,CP001487.1_409,CP142614.1_3645
contig_7657	707567	707771	intergenic	.	AP012548.1_563,AP012548.1_564,CP001487.1_3781,CP142614.1_281,CP142623.1_1850
contig_7710	31837	31915	intergenic	.	AP012548.1_3989,CP142614.1_3712,CP142623.1_2637
contig_7710	302883	303144	intergenic	.	AP012548.1_3266,AP012548.1_3308,CP001429.2_3302,CP001487.1_1064,CP142614.1_2863,CP142614.1_2996,CP142623.1_3358,CP142623.1_3487
contig_773	435722	435863	intergenic	.	CP142614.1_2278
contig_775	701653	701810	intergenic	.	AP012548.1_199,CP142614.1_4139,CP142623.1_2211
contig_775	924549	924796	intergenic	.	AP012548.1_3096,AP012548.1_3097,CP001487.1_1230,CP003000.1_2873,CP142614.1_2825,CP142614.1_2826,CP142623.1_3524,CP142623.1_3525
contig_775	1954853	1955231	intergenic	.	AP012548.1_2061,AP012548.1_2062,CP001429.2_2069,CP001429.2_2070,CP001487.1_2304,CP142614.1_1778,CP142614.1_1779,CP142623.1_349,CP142623.1_350,CP142623.1_351
contig_775	2694065	2694227	intergenic	.	AP012548.1_831,CP142614.1_549,CP142623.1_1583
contig_775	2721060	2721240	intergenic	.	AP012548.1_4048,CP142614.1_3771,CP142614.1_3772,CP142623.1_2578
contig_775	2898166	2898405	intergenic	.	AP012548.1_2012,AP012548.1_2121,CP142614.1_1728,CP142623.1_401
contig_7752	39491	39919	intergenic	.	CP001487.1_3570,CP142614.1_495,CP142614.1_496,CP142614.1_736,CP142623.1_1635
contig_7752	230469	230906	intergenic	.	AP012548.1_1049,AP012548.1_1051,CP001429.2_1040,CP001487.1_3314,CP142614.1_768,CP142614.1_770,CP142623.1_1361,CP142623.1_1363,CP142623.1_1364
contig_7752	734056	734170	intergenic	.	AP012548.1_2760,CP142614.1_2479
contig_7755	325756	325988	intergenic	.	AP012548.1_3850,AP012548.1_3851,CP142614.1_3574,CP142623.1_2775,CP142623.1_2776
contig_7755	759955	760174	intergenic	.	AP012548.1_1081,CP142623.1_1331
contig_7762	54029	54384	intergenic	.	AP012548.1_3400,AP012548.1_4022,CP001487.1_930,CP142614.1_3130,CP142614.1_3745,CP142623.1_2604,CP142623.1_3224,CP142623.1_3225
contig_7762	199988	200099	intergenic	.	CP001487.1_3855
contig_7778	37208	37352	intergenic	.	AP012548.1_135,CP142614.1_4075,CP142623.1_2275
contig_7790	360346	360532	367268	mRNA	AP012548.1_390,CP142623.1_2018,CP142623.1_2019
contig_7790	360346	360532	367387	gene	AP012548.1_390,CP142623.1_2018,CP142623.1_2019
contig_7817	490365	490560	intergenic	.	AP012548.1_166,CP142614.1_4106,CP142623.1_2244
contig_7817	1033232	1033419	intergenic	.	AP012548.1_807,CP001487.1_3540,CP142614.1_525,CP142623.1_1607
contig_7817	1966408	1966615	1970648	gene	AP012548.1_1393,AP012548.1_1394,CP001487.1_2971,CP142614.1_1110,CP142614.1_1111,CP142623.1_1018
contig_7817	1966408	1966615	1970648	mRNA	AP012548.1_1393,AP012548.1_1394,CP001487.1_2971,CP142614.1_1110,CP142614.1_1111,CP142623.1_1018
contig_7817	1985954	1986051	intergenic	.	AP012548.1_1452,CP142614.1_1169,CP142623.1_959
contig_7817	2305085	2305307	intergenic	.	AP012548.1_4044,AP012548.1_4045,CP142614.1_3767,CP142614.1_3768,CP142623.1_2581,CP142623.1_2582
contig_7817	2409392	2409520	intergenic	.	AP012548.1_1262,CP001487.1_3103,CP003000.1_1320,CP142614.1_979
contig_7817	2472093	2472374	intergenic	.	AP012548.1_2290,AP012548.1_2291,CP001429.2_2304,CP001487.1_2075,CP001487.1_2076,CP142614.1_2008,CP142614.1_2009,CP142623.1_120,CP142623.1_121
contig_782	59845	60092	intergenic	.	CP142614.1_850,CP142623.1_1280,CP142623.1_1281
contig_7830	68616	68765	intergenic	.	CP142614.1_4127,CP142623.1_2223
contig_7830	261857	261958	intergenic	.	AP012548.1_2947,CP001487.1_1379
contig_7830	277241	277625	intergenic	.	AP012548.1_1599,AP012548.1_3229,CP142614.1_2957,CP142614.1_2958,CP142623.1_3391
contig_7830	292058	292227	intergenic	.	AP012548.1_1068,CP142614.1_787,CP142623.1_1344
contig_7830	370817	370967	intergenic	.	AP012548.1_3076
contig_7830	607977	608097	intergenic	.	AP012548.1_791,CP142614.1_509,CP142623.1_1623
contig_7830	640137	640379	intergenic	.	AP012548.1_2711,AP012548.1_3399,CP142614.1_2430,CP142614.1_2431,CP142614.1_3129,CP142623.1_3910
contig_7830	692660	692895	intergenic	.	AP012548.1_3379,CP142623.1_751
contig_7830	821653	821845	intergenic	.	AP012548.1_3599,CP142614.1_3328,CP142614.1_68,CP142623.1_2058,CP142623.1_3027,CP142623.1_3028
contig_7830	857987	858243	intergenic	.	AP012548.1_456,CP001429.2_461,CP001487.1_3895,CP142614.1_174,CP142614.1_175,CP142623.1_1952,CP142623.1_1953
contig_7840	489347	489563	496608	mRNA	AP012548.1_3517,CP001429.2_3561,CP001487.1_815,CP142614.1_3245,CP142614.1_3246,CP142623.1_3109
contig_7840	489347	489563	496627	gene	AP012548.1_3517,CP001429.2_3561,CP001487.1_815,CP142614.1_3245,CP142614.1_3246,CP142623.1_3109
contig_7847	1243253	1243711	intergenic	.	AP012548.1_3503,AP012548.1_3504,CP001429.2_3546,CP001487.1_827,CP003000.1_3269,CP142614.1_3231,CP142614.1_3232,CP142614.1_3233,CP142623.1_3122,CP142623.1_3123,CP142623.1_3124
contig_7859	88408	88558	intergenic	.	AP012548.1_2224,CP003000.1_459
contig_7859	328763	329180	intergenic	.	AP012548.1_3815,AP012548.1_3816,AP012548.1_3817,CP001429.2_3856,CP001487.1_513,CP001487.1_515,CP142614.1_3539,CP142614.1_3540,CP142614.1_3541,CP142623.1_2809,CP142623.1_2810,CP142623.1_2811
contig_7859	418156	418410	intergenic	.	AP012548.1_2924,AP012548.1_962,CP142614.1_2654,CP142614.1_680,CP142614.1_681,CP142623.1_1450,CP142623.1_1451,CP142623.1_3699,CP142623.1_3700
contig_7859	874032	874163	874096	CDS	AP012548.1_2809,CP142614.1_2538,CP142623.1_3813,CP142623.1_3814
contig_7859	874032	874163	874096	exon	AP012548.1_2809,CP142614.1_2538,CP142623.1_3813,CP142623.1_3814
contig_7859	874032	874163	914087	gene	AP012548.1_2809,CP142614.1_2538,CP142623.1_3813,CP142623.1_3814
contig_7859	874032	874163	914087	mRNA	AP012548.1_2809,CP142614.1_2538,CP142623.1_3813,CP142623.1_3814
contig_791	34818	35005	46366	mRNA	AP012548.1_3800,CP142614.1_3523,CP142623.1_2826,CP142623.1_2827
contig_791	34818	35005	46421	gene	AP012548.1_3800,CP142614.1_3523,CP142623.1_2826,CP142623.1_2827
contig_791	355530	355716	intergenic	.	AP012548.1_2160,CP142614.1_1877,CP142623.1_252
contig_7913	137903	138091	intergenic	.	AP012548.1_1967,CP001429.2_1974,CP003000.1_694,CP142614.1_1683,CP142623.1_445,CP142623.1_446
contig_7913	576810	576979	589157	mRNA	AP012548.1_4157,CP001487.1_170,CP142614.1_3880
contig_7913	576810	576979	589253	gene	AP012548.1_4157,CP001487.1_170,CP142614.1_3880
contig_7913	630215	630435	644552	gene	AP012548.1_1111,AP012548.1_1112,CP001487.1_3254,CP142614.1_830,CP142614.1_831,CP142623.1_1300
contig_7913	630215	630435	644552	mRNA	AP012548.1_1111,AP012548.1_1112,CP001487.1_3254,CP142614.1_830,CP142614.1_831,CP142623.1_1300
contig_7913	663358	663443	691436	gene	AP012548.1_4031,CP142614.1_3754
contig_7913	663358	663443	691436	mRNA	AP012548.1_4031,CP142614.1_3754
contig_7913	685387	685476	691436	gene	AP012548.1_2063,CP001487.1_2303
contig_7913	685387	685476	691436	mRNA	AP012548.1_2063,CP001487.1_2303
contig_7913	1155326	1155663	intergenic	.	AP012548.1_1846,AP012548.1_1847,AP012548.1_3656,AP012548.1_3657,CP001487.1_675,CP142614.1_1562,CP142614.1_1563,CP142614.1_3384,CP142623.1_2970,CP142623.1_566
contig_7913	1369746	1370011	intergenic	.	AP012548.1_1642,CP001487.1_3556,CP142614.1_1358,CP142623.1_770
contig_7913	1571202	1571389	intergenic	.	AP012548.1_1422,CP001429.2_1429,CP001487.1_2942,CP003000.1_1163,CP142614.1_1139,CP142623.1_989
contig_7913	1691575	1691753	intergenic	.	AP012548.1_2753,AP012548.1_2754,CP142614.1_2472,CP142614.1_2473,CP142623.1_3868,CP142623.1_3869
contig_7918	280433	280590	intergenic	.	AP012548.1_3283,CP142614.1_3013,CP142623.1_3341
contig_7918	293166	293261	302087	gene	AP012548.1_3339,CP142614.1_3069,CP142623.1_3285
contig_7918	293166	293261	302087	mRNA	AP012548.1_3339,CP142614.1_3069,CP142623.1_3285
contig_7918	302663	302957	intergenic	.	AP012548.1_1630,AP012548.1_1935,AP012548.1_2355,CP001487.1_2430,CP142614.1_1347,CP142614.1_1651,CP142614.1_2074,CP142623.1_477,CP142623.1_781,CP142623.1_782
contig_7925	51043	51177	51088	CDS	CP001487.1_118,CP142623.1_2417
contig_7925	51043	51177	51088	exon	CP001487.1_118,CP142623.1_2417
contig_7925	51043	51177	51088	mRNA	CP001487.1_118,CP142623.1_2417
contig_7925	51043	51177	51088	stop_codon	CP001487.1_118,CP142623.1_2417
contig_7925	51043	51177	51173	gene	CP001487.1_118,CP142623.1_2417
contig_7925	51043	51177	51173	polyA_signal_sequence	CP001487.1_118,CP142623.1_2417
contig_7925	51173	51177	intergenic	.	CP001487.1_118,CP142623.1_2417
contig_7936	351248	351410	intergenic	.	AP012548.1_789,CP001487.1_3558,CP003000.1_1754,CP142614.1_507,CP142623.1_1625
contig_7953	1963	2061	intergenic	.	CP001429.2_3787,CP003000.1_3505,CP142614.1_3474
contig_7953	220172	220394	intergenic	.	AP012548.1_1588,CP001487.1_2778,CP142614.1_1304,CP142623.1_1355,CP142623.1_824
contig_7953	308930	309084	intergenic	.	AP012548.1_3984,CP142614.1_3707,CP142623.1_2642
contig_7953	355718	355855	intergenic	.	AP012548.1_3511,CP001487.1_821
contig_7953	530302	530397	intergenic	.	CP001487.1_374,CP142614.1_3680
contig_7998	226210	226494	intergenic	.	AP012548.1_2139,AP012548.1_2140,CP142614.1_1857
contig_7998	680936	681188	intergenic	.	AP012548.1_3868,AP012548.1_3869,CP001487.1_462,CP142614.1_3592,CP142614.1_3777,CP142623.1_2573,CP142623.1_2757,CP142623.1_2758
contig_8019	107444	107723	intergenic	.	AP012548.1_2807,AP012548.1_2808,CP001429.2_2840,CP001487.1_1517,CP001487.1_1518,CP003000.1_2597,CP142614.1_2536,CP142614.1_2537,CP142623.1_3815,CP142623.1_3816
contig_8036	279274	279447	intergenic	.	AP012548.1_2619,CP142614.1_2339,CP142623.1_4003
contig_806	173893	174020	intergenic	.	AP012548.1_1506,CP142614.1_1223,CP142623.1_905
contig_8061	437329	437615	intergenic	.	AP012548.1_2090,AP012548.1_2091,CP001429.2_2098,CP001487.1_2275,CP003000.1_575,CP142614.1_1807
contig_8076	754041	754358	intergenic	.	AP012548.1_3169,CP001487.1_670,CP142614.1_2898,CP142623.1_2965,CP142623.1_3451
contig_8076	1080201	1080490	intergenic	.	AP012548.1_1379,AP012548.1_1380,CP001487.1_2986,CP142614.1_1097,CP142623.1_1032
contig_8086	184066	184230	intergenic	.	AP012548.1_493,AP012548.1_494,CP001429.2_498,CP001487.1_3858,CP003000.1_2001,CP142614.1_212,CP142623.1_1914,CP142623.1_1915
contig_8095	85122	85208	intergenic	.	AP012548.1_3807,CP142623.1_2819
contig_8095	150110	150201	152397	gene	AP012548.1_1303,CP001487.1_3062,CP003000.1_1280,CP142614.1_1020,CP142623.1_1108
contig_8095	150110	150201	152397	mRNA	AP012548.1_1303,CP001487.1_3062,CP003000.1_1280,CP142614.1_1020,CP142623.1_1108
contig_8095	428440	428636	435743	gene	AP012548.1_1299,CP142614.1_1016
contig_8095	428440	428636	435743	mRNA	AP012548.1_1299,CP142614.1_1016
contig_8095	927649	927922	intergenic	.	AP012548.1_1590,AP012548.1_1591,CP001429.2_1597,CP003000.1_1051,CP142614.1_1307,CP142614.1_1308,CP142623.1_820,CP142623.1_821
contig_8095	950005	950207	intergenic	.	AP012548.1_4136,AP012548.1_4137,CP142614.1_3860,CP142614.1_3861,CP142623.1_2489,CP142623.1_2490
contig_8108	229139	229314	intergenic	.	CP001429.2_4038,CP001487.1_332,CP142614.1_3722
contig_8108	950263	950438	intergenic	.	AP012548.1_3813,CP001487.1_517,CP003000.1_3568,CP142614.1_3536,CP142623.1_2813
contig_8108	961556	961766	intergenic	.	AP012548.1_1556,AP012548.1_1939,CP142614.1_1655,CP142623.1_473,CP142623.1_474,CP142623.1_856
contig_8108	1184740	1185108	intergenic	.	AP012548.1_721,AP012548.1_723,CP001429.2_739,CP001487.1_3623,CP001487.1_3624,CP003000.1_1819,CP142614.1_439,CP142614.1_440,CP142614.1_441,CP142623.1_1691
contig_8111	383008	383195	intergenic	.	AP012548.1_3021,AP012548.1_3022,AP012548.1_621,AP012548.1_904,CP001429.2_3482,CP001487.1_1315,CP142614.1_2741,CP142614.1_2750,CP142614.1_2751,CP142614.1_3166,CP142614.1_622,CP142623.1_1793,CP142623.1_3189,CP142623.1_3600,CP142623.1_3601
contig_8111	383008	383619	383201	polyA_signal_sequence	AP012548.1_3021,AP012548.1_3022,AP012548.1_621,AP012548.1_904,CP001429.2_3482,CP001487.1_1315,CP142614.1_2741,CP142614.1_2750,CP142614.1_2751,CP142614.1_3166,CP142614.1_622,CP142623.1_1793,CP142623.1_3189,CP142623.1_3600,CP142623.1_3601
contig_8111	383008	383619	383221	stop_codon	AP012548.1_3021,AP012548.1_3022,AP012548.1_621,AP012548.1_904,CP001429.2_3482,CP001487.1_1315,CP142614.1_2741,CP142614.1_2750,CP142614.1_2751,CP142614.1_3166,CP142614.1_622,CP142623.1_1793,CP142623.1_3189,CP142623.1_3600,CP142623.1_3601
contig_8111	383008	383619	383402	CDS	AP012548.1_3021,AP012548.1_3022,AP012548.1_621,AP012548.1_904,CP001429.2_3482,CP001487.1_1315,CP142614.1_2741,CP142614.1_2750,CP142614.1_2751,CP142614.1_3166,CP142614.1_622,CP142623.1_1793,CP142623.1_3189,CP142623.1_3600,CP142623.1_3601
contig_8111	383008	383619	383402	exon	AP012548.1_3021,AP012548.1_3022,AP012548.1_621,AP012548.1_904,CP001429.2_3482,CP001487.1_1315,CP142614.1_2741,CP142614.1_2750,CP142614.1_2751,CP142614.1_3166,CP142614.1_622,CP142623.1_1793,CP142623.1_3189,CP142623.1_3600,CP142623.1_3601
contig_8111	383008	383619	388050	gene	AP012548.1_3021,AP012548.1_3022,AP012548.1_621,AP012548.1_904,CP001429.2_3482,CP001487.1_1315,CP142614.1_2741,CP142614.1_2750,CP142614.1_2751,CP142614.1_3166,CP142614.1_622,CP142623.1_1793,CP142623.1_3189,CP142623.1_3600,CP142623.1_3601
contig_8111	383008	383619	388050	mRNA	AP012548.1_3021,AP012548.1_3022,AP012548.1_621,AP012548.1_904,CP001429.2_3482,CP001487.1_1315,CP142614.1_2741,CP142614.1_2750,CP142614.1_2751,CP142614.1_3166,CP142614.1_622,CP142623.1_1793,CP142623.1_3189,CP142623.1_3600,CP142623.1_3601
contig_8111	879406	879720	intergenic	.	AP012548.1_843,AP012548.1_844,CP001429.2_851,CP001487.1_3503,CP001487.1_3504,CP003000.1_1700,CP142614.1_561,CP142614.1_562,CP142623.1_1570,CP142623.1_1571
contig_8133	399439	399651	intergenic	.	CP142614.1_963,CP142623.1_1166
contig_8140	491501	491644	intergenic	.	CP142623.1_272
contig_8140	1363284	1363662	intergenic	.	AP012548.1_2111,AP012548.1_2112,AP012548.1_3648,CP001487.1_2254,CP003000.1_555,CP142614.1_1828,CP142614.1_1829,CP142614.1_3376,CP142623.1_299,CP142623.1_300,CP142623.1_301
contig_8170	126968	127103	intergenic	.	AP012548.1_4156,CP003000.1_3855,CP142614.1_3879,CP142623.1_2471
contig_8173	26683	26947	intergenic	.	AP012548.1_4013,AP012548.1_4014,CP001429.2_4053,CP001487.1_317,CP003000.1_3723,CP142614.1_3736,CP142614.1_3737,CP142623.1_2612,CP142623.1_2613
contig_8173	290683	291002	intergenic	.	AP012548.1_741,AP012548.1_742,CP001487.1_3605,CP142623.1_1672,CP142623.1_1673
contig_8187	77580	77807	intergenic	.	AP012548.1_2288,CP001487.1_2078,CP003000.1_2047,CP142614.1_1951,CP142614.1_2005,CP142623.1_123,CP142623.1_124,CP142623.1_178
contig_8187	386891	387101	intergenic	.	AP012548.1_815,AP012548.1_816,CP001487.1_3531,CP142614.1_533,CP142623.1_1598
contig_8187	663823	664037	intergenic	.	AP012548.1_3759,CP001487.1_574,CP142623.1_2867
contig_8192	20512	20640	intergenic	.	AP012548.1_3063,CP001487.1_1264,CP003000.1_2840,CP142614.1_2792,CP142623.1_3558
contig_8192	52916	53083	intergenic	.	AP012548.1_2423,CP001429.2_2438,CP142614.1_2141,CP142623.1_4199
contig_8192	289889	289968	intergenic	.	CP001429.2_2188,CP003000.1_487,CP142623.1_232
contig_8192	387741	388210	intergenic	.	AP012548.1_2755,AP012548.1_2756,AP012548.1_2757,CP001487.1_1568,CP001487.1_1570,CP003000.1_2548,CP142614.1_2474,CP142614.1_2475,CP142614.1_2476,CP142623.1_3865,CP142623.1_3866,CP142623.1_3867
contig_8200	749210	749307	intergenic	.	AP012548.1_2784,CP003000.1_2574,CP142614.1_2503,CP142623.1_3838
contig_8200	868078	868283	intergenic	.	AP012548.1_4019,CP142614.1_3742,CP142623.1_2607
contig_8218	65659	66024	intergenic	.	AP012548.1_1334,AP012548.1_3765,CP001429.2_1341,CP003000.1_1249,CP142614.1_1051,CP142614.1_3487,CP142614.1_3488,CP142623.1_1077,CP142623.1_2861
contig_8249	461263	461330	intergenic	.	AP012548.1_3989,AP012548.1_3990,CP001429.2_4030,CP001487.1_340,CP001487.1_341,CP003000.1_3701,CP142614.1_3713,CP142623.1_2636,CP142623.1_2637
contig_8249	461263	461509	461333	start_codon	AP012548.1_3989,AP012548.1_3990,CP001429.2_4030,CP001487.1_340,CP001487.1_341,CP003000.1_3701,CP142614.1_3713,CP142623.1_2636,CP142623.1_2637
contig_8249	461263	461509	461642	CDS	AP012548.1_3989,AP012548.1_3990,CP001429.2_4030,CP001487.1_340,CP001487.1_341,CP003000.1_3701,CP142614.1_3713,CP142623.1_2636,CP142623.1_2637
contig_8249	461263	461509	461642	exon	AP012548.1_3989,AP012548.1_3990,CP001429.2_4030,CP001487.1_340,CP001487.1_341,CP003000.1_3701,CP142614.1_3713,CP142623.1_2636,CP142623.1_2637
contig_8249	461263	461509	461642	mRNA	AP012548.1_3989,AP012548.1_3990,CP001429.2_4030,CP001487.1_340,CP001487.1_341,CP003000.1_3701,CP142614.1_3713,CP142623.1_2636,CP142623.1_2637
contig_8249	461263	461509	461915	gene	AP012548.1_3989,AP012548.1_3990,CP001429.2_4030,CP001487.1_340,CP001487.1_341,CP003000.1_3701,CP142614.1_3713,CP142623.1_2636,CP142623.1_2637
contig_8367	462573	462654	intergenic	.	AP012548.1_477
contig_8375	176300	176473	intergenic	.	AP012548.1_4064,CP001487.1_267,CP142623.1_2562
contig_8395	564117	564218	intergenic	.	AP012548.1_3657,CP142614.1_3385,CP142623.1_2969
contig_8395	599033	599503	intergenic	.	AP012548.1_233,AP012548.1_251,CP001429.2_254,CP142614.1_4173,CP142614.1_4174,CP142623.1_2159,CP142623.1_2177
contig_8395	1118215	1118389	intergenic	.	AP012548.1_1714,AP012548.1_1715,CP142614.1_1430,CP142623.1_698,CP142623.1_699
contig_8395	1387920	1388007	intergenic	.	AP012548.1_3314
contig_8395	2288678	2288946	intergenic	.	AP012548.1_3256,AP012548.1_3257,CP142614.1_2986,CP142614.1_2987,CP142623.1_3367,CP142623.1_3368
contig_8395	2660864	2660968	2710722	gene	AP012548.1_1598,CP142623.1_814
contig_8395	2660864	2660968	2710722	mRNA	AP012548.1_1598,CP142623.1_814
contig_8395	2841685	2841932	intergenic	.	AP012548.1_2211,AP012548.1_2212,CP001487.1_2154,CP142614.1_1928,CP142614.1_1929,CP142623.1_200,CP142623.1_201
contig_8408	573717	573830	616844	gene	AP012548.1_1588,CP142614.1_1305,CP142623.1_823
contig_8408	573717	573830	616844	mRNA	AP012548.1_1588,CP142614.1_1305,CP142623.1_823
contig_8408	677289	677417	intergenic	.	AP012548.1_3917,CP003000.1_3627,CP142614.1_3640,CP142623.1_2709
contig_8408	884878	885087	intergenic	.	AP012548.1_4089,AP012548.1_4090,CP142614.1_3812,CP142623.1_2537
contig_842	397736	398020	intergenic	.	AP012548.1_110,AP012548.1_1568,CP001487.1_2,CP001487.1_2797,CP003000.1_109,CP142614.1_1285,CP142614.1_4050,CP142623.1_2300,CP142623.1_843
contig_8447	87505	87751	92617	gene	AP012548.1_1217,CP142614.1_934,CP142623.1_1194,CP142623.1_607
contig_8447	87505	87751	92617	mRNA	AP012548.1_1217,CP142614.1_934,CP142623.1_1194,CP142623.1_607
contig_8458	854915	855301	intergenic	.	AP012548.1_2537,AP012548.1_2898,CP003000.1_2679,CP142614.1_2627,CP142623.1_3725,CP142623.1_3726
contig_8483	166173	166292	intergenic	.	AP012548.1_1215,CP001487.1_3150,CP142614.1_932,CP142623.1_1197
contig_8483	355266	355362	intergenic	.	AP012548.1_2844,CP142614.1_2573,CP142623.1_3778
contig_8483	427579	427702	intergenic	.	AP012548.1_3174,CP001429.2_3210,CP001487.1_1154,CP003000.1_2947,CP142614.1_2902,CP142614.1_2903,CP142623.1_3446
contig_8483	604232	604424	intergenic	.	AP012548.1_3508,AP012548.1_924,CP001487.1_823,CP142614.1_3237,CP142614.1_642,CP142623.1_1489,CP142623.1_3118
contig_8483	1013760	1014077	intergenic	.	AP012548.1_1840,AP012548.1_1841,CP003000.1_811,CP142614.1_1556,CP142623.1_2701,CP142623.1_572
contig_8483	1387093	1387171	1408101	gene	CP142614.1_3810
contig_8483	1387093	1387171	1408101	mRNA	CP142614.1_3810
contig_8505	63850	63967	71126	mRNA	AP012548.1_3234,CP142614.1_2963,CP142623.1_3386
contig_8505	63850	63967	71180	gene	AP012548.1_3234,CP142614.1_2963,CP142623.1_3386
contig_851	27561	27701	intergenic	.	CP142623.1_3842
contig_8519	492718	492802	intergenic	.	AP012548.1_3149,CP142614.1_2877,CP142623.1_3473
contig_8579	251393	251497	270723	gene	AP012548.1_1700,CP142614.1_1416,CP142623.1_713
contig_8579	251393	251497	270723	mRNA	AP012548.1_1700,CP142614.1_1416,CP142623.1_713
contig_8601	108271	108610	intergenic	.	AP012548.1_111,AP012548.1_112,CP001487.1_1,CP003000.1_110,CP142614.1_4050,CP142614.1_4051,CP142614.1_4052,CP142623.1_2298,CP142623.1_2299,CP142623.1_2300
contig_8601	136064	136153	intergenic	.	AP012548.1_985,CP142614.1_703
contig_8601	136475	136804	intergenic	.	AP012548.1_1499,AP012548.1_985,AP012548.1_986,CP001487.1_3379,CP142614.1_1216,CP142614.1_2326,CP142614.1_704,CP142614.1_705,CP142623.1_1426,CP142623.1_1427,CP142623.1_4015
contig_8607	50188	50357	intergenic	.	AP012548.1_3600,CP142614.1_3329,CP142623.1_3026
contig_8612	4154	4482	intergenic	.	AP012548.1_1417,AP012548.1_1418,CP001429.2_1424,CP001429.2_1425,CP142614.1_1134,CP142614.1_1135,CP142623.1_993
contig_8612	438503	438668	462414	gene	AP012548.1_3315,AP012548.1_3316,CP142614.1_3045,CP142614.1_3046,CP142623.1_3308,CP142623.1_3309
contig_8612	438503	438668	462414	mRNA	AP012548.1_3315,AP012548.1_3316,CP142614.1_3045,CP142614.1_3046,CP142623.1_3308,CP142623.1_3309
contig_8612	806808	806920	intergenic	.	AP012548.1_2426,AP012548.1_2427,AP012548.1_2428,CP001487.1_1941,CP142614.1_2145,CP142614.1_2146,CP142614.1_2147,CP142623.1_4194,CP142623.1_4195,CP142623.1_4196
contig_8612	806808	807300	806926	polyA_signal_sequence	AP012548.1_2426,AP012548.1_2427,AP012548.1_2428,CP001487.1_1941,CP142614.1_2145,CP142614.1_2146,CP142614.1_2147,CP142623.1_4194,CP142623.1_4195,CP142623.1_4196
contig_8612	806808	807300	806935	stop_codon	AP012548.1_2426,AP012548.1_2427,AP012548.1_2428,CP001487.1_1941,CP142614.1_2145,CP142614.1_2146,CP142614.1_2147,CP142623.1_4194,CP142623.1_4195,CP142623.1_4196
contig_8612	806808	807300	807158	CDS	AP012548.1_2426,AP012548.1_2427,AP012548.1_2428,CP001487.1_1941,CP142614.1_2145,CP142614.1_2146,CP142614.1_2147,CP142623.1_4194,CP142623.1_4195,CP142623.1_4196
contig_8612	806808	807300	807158	exon	AP012548.1_2426,AP012548.1_2427,AP012548.1_2428,CP001487.1_1941,CP142614.1_2145,CP142614.1_2146,CP142614.1_2147,CP142623.1_4194,CP142623.1_4195,CP142623.1_4196
contig_8612	806808	807300	814369	gene	AP012548.1_2426,AP012548.1_2427,AP012548.1_2428,CP001487.1_1941,CP142614.1_2145,CP142614.1_2146,CP142614.1_2147,CP142623.1_4194,CP142623.1_4195,CP142623.1_4196
contig_8612	806808	807300	814369	mRNA	AP012548.1_2426,AP012548.1_2427,AP012548.1_2428,CP001487.1_1941,CP142614.1_2145,CP142614.1_2146,CP142614.1_2147,CP142623.1_4194,CP142623.1_4195,CP142623.1_4196
contig_8612	839682	839808	856921	gene	AP012548.1_3658,CP001487.1_674,CP142623.1_2969
contig_8612	839682	839808	856921	mRNA	AP012548.1_3658,CP001487.1_674,CP142623.1_2969
contig_8612	955107	955250	intergenic	.	CP142623.1_2865
contig_8612	996448	997146	intergenic	.	AP012548.1_2723,AP012548.1_2724,AP012548.1_2725,AP012548.1_2726,AP012548.1_2727,CP001429.2_2759,CP001429.2_2760,CP001487.1_1599,CP003000.1_2517,CP003000.1_2518,CP142614.1_2443,CP142614.1_2444,CP142614.1_2445,CP142614.1_2446,CP142623.1_3895,CP142623.1_3896,CP142623.1_3897,CP142623.1_3898
contig_8612	1009427	1009748	1010773	gene	AP012548.1_4063,AP012548.1_4065,CP001487.1_268,CP142614.1_3786,CP142614.1_3787,CP142614.1_3788,CP142623.1_2561,CP142623.1_2563
contig_8612	1009427	1009748	1010773	mRNA	AP012548.1_4063,AP012548.1_4065,CP001487.1_268,CP142614.1_3786,CP142614.1_3787,CP142614.1_3788,CP142623.1_2561,CP142623.1_2563
contig_8612	1098481	1098681	intergenic	.	AP012548.1_3466,CP142614.1_3194,CP142623.1_3160,CP142623.1_3161
contig_8612	1451887	1452232	intergenic	.	AP012548.1_1665,AP012548.1_2885,CP142614.1_2614,CP142623.1_3739
contig_8612	2766947	2767318	intergenic	.	AP012548.1_3404,AP012548.1_3405,CP001429.2_3449,CP001487.1_926,CP003000.1_3172,CP142614.1_3133,CP142614.1_3134,CP142614.1_3135,CP142623.1_3219,CP142623.1_3220,CP142623.1_3221
contig_8612	2887303	2887607	2907260	mRNA	CP142623.1_1702,CP142623.1_1703
contig_8612	2887303	2887607	2907475	gene	CP142623.1_1702,CP142623.1_1703
contig_8631	62785	62997	intergenic	.	AP012548.1_490,CP142614.1_208,CP142623.1_1918
contig_8631	1262522	1262630	intergenic	.	AP012548.1_3010,CP001487.1_1318,CP142614.1_2739,CP142623.1_3612
contig_8631	1656113	1656669	1671969	gene	AP012548.1_1372,AP012548.1_1869,AP012548.1_761,CP001429.2_1298,CP001487.1_3073,CP142614.1_1089,CP142614.1_1585,CP142614.1_479,CP142623.1_1653,CP142623.1_543
contig_8631	1656113	1656669	1671969	mRNA	AP012548.1_1372,AP012548.1_1869,AP012548.1_761,CP001429.2_1298,CP001487.1_3073,CP142614.1_1089,CP142614.1_1585,CP142614.1_479,CP142623.1_1653,CP142623.1_543
contig_8631	1844976	1845096	intergenic	.	AP012548.1_2236,CP142614.1_1953
contig_8631	2212825	2213089	intergenic	.	AP012548.1_2554,CP001487.1_969,CP142623.1_3263
contig_8651	73754	74002	intergenic	.	AP012548.1_3551,AP012548.1_3552,CP142614.1_3280,CP142614.1_3281,CP142623.1_3075,CP142623.1_3076
contig_8651	151546	151786	160197	gene	AP012548.1_71,CP001429.2_1337,CP142614.1_4011,CP142623.1_2339
contig_8651	151546	151786	160197	mRNA	AP012548.1_71,CP001429.2_1337,CP142614.1_4011,CP142623.1_2339
contig_8651	172671	172883	intergenic	.	AP012548.1_509,CP142614.1_227,CP142614.1_228,CP142623.1_1899
contig_8651	469137	469289	469477	mRNA	AP012548.1_2940,CP142614.1_2669,CP142623.1_3683
contig_8651	469137	469289	469511	gene	AP012548.1_2940,CP142614.1_2669,CP142623.1_3683
contig_8680	648041	648438	intergenic	.	AP012548.1_3567,AP012548.1_570,AP012548.1_571,CP142614.1_287,CP142614.1_288,CP142623.1_1843,CP142623.1_1844,CP142623.1_3060
contig_8685	1520189	1520712	intergenic	.	AP012548.1_178,AP012548.1_180,CP142623.1_2233
contig_8685	1556204	1556586	intergenic	.	AP012548.1_863,AP012548.1_864,CP142614.1_581,CP142614.1_582,CP142623.1_1550,CP142623.1_1551
contig_8685	2019521	2019727	intergenic	.	AP012548.1_1794,CP142614.1_1510,CP142623.1_619
contig_8714	385578	385685	intergenic	.	CP001487.1_416,CP003000.1_3625,CP142614.1_3638
contig_8725	128718	128838	intergenic	.	AP012548.1_1360
contig_8725	1435186	1435393	intergenic	.	AP012548.1_834,AP012548.1_835,CP142614.1_552,CP142614.1_553,CP142623.1_1579
contig_8731	281368	281455	intergenic	.	CP142614.1_2888,CP142623.1_3461
contig_8731	1077085	1077183	intergenic	.	CP142614.1_177,CP142623.1_1950
contig_8731	1114780	1114888	intergenic	.	CP001429.2_1447,CP001487.1_2925
contig_8738	70162	70392	intergenic	.	AP012548.1_1890,CP142614.1_1606,CP142623.1_1116
contig_8738	385718	385885	485051	gene	AP012548.1_2127,CP142623.1_285
contig_8738	385718	385885	485051	mRNA	AP012548.1_2127,CP142623.1_285
contig_8745	137819	137941	intergenic	.	AP012548.1_3258,CP001429.2_3294,CP142614.1_2987,CP142623.1_3366
contig_8745	331588	331742	374626	mRNA	AP012548.1_4043,CP142614.1_3766,CP142623.1_2583
contig_8745	331588	331742	374687	gene	AP012548.1_4043,CP142614.1_3766,CP142623.1_2583
contig_8851	427074	427616	intergenic	.	AP012548.1_2187,AP012548.1_2188,AP012548.1_2220,AP012548.1_2611,AP012548.1_3636,CP001429.2_3680,CP001487.1_2178,CP001487.1_696,CP142614.1_1904,CP142614.1_1905,CP142614.1_1937,CP142623.1_224,CP142623.1_2991
contig_8912	45080	45126	intergenic	.	AP012548.1_2613,CP142614.1_2332,CP142623.1_4009
contig_8912	45080	45172	45129	start_codon	AP012548.1_2613,CP142614.1_2332,CP142623.1_4009
contig_8912	45080	45172	45228	CDS	AP012548.1_2613,CP142614.1_2332,CP142623.1_4009
contig_8912	45080	45172	45228	exon	AP012548.1_2613,CP142614.1_2332,CP142623.1_4009
contig_8912	45080	45172	78007	mRNA	AP012548.1_2613,CP142614.1_2332,CP142623.1_4009
contig_8912	45080	45172	78047	gene	AP012548.1_2613,CP142614.1_2332,CP142623.1_4009
contig_8912	101670	101863	intergenic	.	AP012548.1_2570,AP012548.1_2571,CP001487.1_1772,CP142614.1_2289,CP142614.1_2290,CP142623.1_4051,CP142623.1_4052
contig_8912	266859	267110	intergenic	.	AP012548.1_4099,CP003000.1_3807,CP142623.1_2528,CP142623.1_2529
contig_8912	378072	378149	380926	gene	AP012548.1_2250,AP012548.1_2251,CP001487.1_2116,CP142614.1_1968,CP142623.1_161
contig_8912	378072	378149	380926	mRNA	AP012548.1_2250,AP012548.1_2251,CP001487.1_2116,CP142614.1_1968,CP142623.1_161
contig_8912	502857	503203	529168	gene	AP012548.1_2644,AP012548.1_2645,AP012548.1_3762,CP003000.1_2436,CP142614.1_2363,CP142614.1_2364,CP142623.1_2864,CP142623.1_3977
contig_8912	502857	503203	529168	mRNA	AP012548.1_2644,AP012548.1_2645,AP012548.1_3762,CP003000.1_2436,CP142614.1_2363,CP142614.1_2364,CP142623.1_2864,CP142623.1_3977
contig_8912	543990	544150	intergenic	.	AP012548.1_2306,AP012548.1_2307,CP001487.1_2060,CP142614.1_2023,CP142614.1_2024,CP142623.1_105
contig_8919	293565	293726	intergenic	.	AP012548.1_1698,CP001487.1_2667,CP142614.1_1414,CP142623.1_715
contig_892	1398822	1398977	intergenic	.	AP012548.1_1475,CP142614.1_1192,CP142623.1_936
contig_892	1797215	1797313	intergenic	.	AP012548.1_2230,AP012548.1_2231,CP142614.1_1948,CP142623.1_181
contig_8964	24305	24480	intergenic	.	AP012548.1_2216,CP142614.1_1119
contig_8968	179482	179863	intergenic	.	AP012548.1_2911,AP012548.1_321,CP142614.1_2640,CP142614.1_37,CP142614.1_38,CP142623.1_2087,CP142623.1_2088
contig_8968	433678	433994	intergenic	.	AP012548.1_2479,AP012548.1_713,CP001487.1_3633,CP003000.1_1829,CP142614.1_2197,CP142614.1_431,CP142623.1_1701,CP142623.1_4143
contig_8978	224094	224244	intergenic	.	AP012548.1_3943,CP142623.1_2683
contig_8978	400154	400418	intergenic	.	AP012548.1_1195,AP012548.1_1196,CP001487.1_3169,CP142614.1_912,CP142614.1_913,CP142623.1_1215,CP142623.1_1216
contig_8983	143853	144348	177882	mRNA	AP012548.1_1349,AP012548.1_1350,CP001487.1_3014,CP001487.1_3015,CP003000.1_1233,CP142614.1_1066,CP142614.1_1067,CP142614.1_1069,CP142623.1_1059,CP142623.1_1060,CP142623.1_1061,CP142623.1_1062
contig_8983	143853	144348	178204	gene	AP012548.1_1349,AP012548.1_1350,CP001487.1_3014,CP001487.1_3015,CP003000.1_1233,CP142614.1_1066,CP142614.1_1067,CP142614.1_1069,CP142623.1_1059,CP142623.1_1060,CP142623.1_1061,CP142623.1_1062
contig_8983	156072	156530	177882	mRNA	AP012548.1_3462,AP012548.1_3463,AP012548.1_890,CP001487.1_868,CP001487.1_869,CP142614.1_3191,CP142614.1_3192,CP142614.1_608,CP142623.1_1523,CP142623.1_1524,CP142623.1_3163,CP142623.1_3164
contig_8983	156072	156530	178204	gene	AP012548.1_3462,AP012548.1_3463,AP012548.1_890,CP001487.1_868,CP001487.1_869,CP142614.1_3191,CP142614.1_3192,CP142614.1_608,CP142623.1_1523,CP142623.1_1524,CP142623.1_3163,CP142623.1_3164
contig_8983	591472	591671	591647	CDS	AP012548.1_1616,AP012548.1_1617,CP001429.2_1623,CP001487.1_2748,CP001487.1_2749,CP003000.1_1026,CP142614.1_1333,CP142614.1_1334,CP142623.1_795,CP142623.1_796
contig_8983	591472	591671	591647	exon	AP012548.1_1616,AP012548.1_1617,CP001429.2_1623,CP001487.1_2748,CP001487.1_2749,CP003000.1_1026,CP142614.1_1333,CP142614.1_1334,CP142623.1_795,CP142623.1_796
contig_8983	591472	591671	591647	gene	AP012548.1_1616,AP012548.1_1617,CP001429.2_1623,CP001487.1_2748,CP001487.1_2749,CP003000.1_1026,CP142614.1_1333,CP142614.1_1334,CP142623.1_795,CP142623.1_796
contig_8983	591472	591671	591647	mRNA	AP012548.1_1616,AP012548.1_1617,CP001429.2_1623,CP001487.1_2748,CP001487.1_2749,CP003000.1_1026,CP142614.1_1333,CP142614.1_1334,CP142623.1_795,CP142623.1_796
contig_8983	591472	591671	591647	start_codon	AP012548.1_1616,AP012548.1_1617,CP001429.2_1623,CP001487.1_2748,CP001487.1_2749,CP003000.1_1026,CP142614.1_1333,CP142614.1_1334,CP142623.1_795,CP142623.1_796
contig_8983	591647	591671	intergenic	.	AP012548.1_1616,AP012548.1_1617,CP001429.2_1623,CP001487.1_2748,CP001487.1_2749,CP003000.1_1026,CP142614.1_1333,CP142614.1_1334,CP142623.1_795,CP142623.1_796
contig_9012	18676	18905	intergenic	.	AP012548.1_2235,CP001429.2_2248,CP001487.1_2131,CP142614.1_1952,CP142623.1_176,CP142623.1_177
contig_9029	250774	250929	intergenic	.	AP012548.1_2133,CP142614.1_1850
contig_9029	331749	331843	352651	mRNA	AP012548.1_4055,CP001487.1_276,CP142623.1_2571
contig_9029	331749	331843	352874	gene	AP012548.1_4055,CP001487.1_276,CP142623.1_2571
contig_9029	462642	462920	intergenic	.	AP012548.1_2623,AP012548.1_2624,CP142614.1_2343,CP142623.1_3998
contig_9109	510893	511050	564982	mRNA	AP012548.1_3647,CP001429.2_3691,CP142614.1_3375,CP142623.1_2979
contig_9109	510893	511050	565034	gene	AP012548.1_3647,CP001429.2_3691,CP142614.1_3375,CP142623.1_2979
contig_9112	133457	133763	143779	gene	AP012548.1_920,AP012548.1_921,CP001487.1_3425,CP001487.1_3426,CP003000.1_1626,CP142614.1_638,CP142614.1_639,CP142623.1_1493,CP142623.1_1494
contig_9112	133457	133763	143779	mRNA	AP012548.1_920,AP012548.1_921,CP001487.1_3425,CP001487.1_3426,CP003000.1_1626,CP142614.1_638,CP142614.1_639,CP142623.1_1493,CP142623.1_1494
contig_9112	184104	184237	intergenic	.	AP012548.1_1944,CP001487.1_2421,CP142614.1_1660,CP142623.1_468,CP142623.1_469
contig_9117	56319	56538	intergenic	.	AP012548.1_2856,CP001429.2_2890,CP001487.1_1469,CP142623.1_3765
contig_9120	177730	177914	intergenic	.	AP012548.1_3738,CP001487.1_595,CP142614.1_3461,CP142623.1_2888
contig_9120	1397972	1398210	intergenic	.	AP012548.1_448,CP142614.1_167,CP142623.1_1960
contig_9120	1755445	1755532	intergenic	.	AP012548.1_3380,CP001429.2_3423,CP003000.1_3146,CP142614.1_3110,CP142623.1_3245
contig_9120	1755814	1755959	intergenic	.	AP012548.1_3380,AP012548.1_3381,CP001429.2_3423,CP001487.1_950,CP142614.1_3110,CP142614.1_3111,CP142623.1_3244
contig_9120	1864667	1864840	intergenic	.	AP012548.1_626,CP001429.2_638,CP001487.1_3719,CP003000.1_1872,CP142614.1_343,CP142623.1_1454,CP142623.1_1788
contig_9143	1883408	1883793	1883525	CDS	AP012548.1_873,AP012548.1_874,CP001429.2_880,CP001487.1_3473,CP142614.1_591,CP142614.1_592,CP142623.1_1539,CP142623.1_1540
contig_9143	1883408	1883793	1883525	exon	AP012548.1_873,AP012548.1_874,CP001429.2_880,CP001487.1_3473,CP142614.1_591,CP142614.1_592,CP142623.1_1539,CP142623.1_1540
contig_9143	1883408	1883793	1885432	gene	AP012548.1_873,AP012548.1_874,CP001429.2_880,CP001487.1_3473,CP142614.1_591,CP142614.1_592,CP142623.1_1539,CP142623.1_1540
contig_9143	1883408	1883793	1885432	mRNA	AP012548.1_873,AP012548.1_874,CP001429.2_880,CP001487.1_3473,CP142614.1_591,CP142614.1_592,CP142623.1_1539,CP142623.1_1540
contig_9157	135184	135289	intergenic	.	AP012548.1_645,CP001487.1_3700,CP142614.1_362,CP142623.1_1769
contig_9157	994147	994292	intergenic	.	AP012548.1_1648,CP001487.1_2718,CP142614.1_1364,CP142623.1_1197,CP142623.1_764
contig_9162	1298450	1298847	intergenic	.	AP012548.1_3833,AP012548.1_3835,CP142623.1_2791,CP142623.1_2793
contig_9162	1456522	1456825	intergenic	.	AP012548.1_3588,AP012548.1_3589,CP142614.1_3317,CP142614.1_3318,CP142623.1_3037,CP142623.1_3038,CP142623.1_3039
contig_9200	107179	107446	intergenic	.	AP012548.1_1378,CP001487.1_2987,CP142614.1_1095,CP142614.1_1096,CP142623.1_1033
contig_9200	514377	514535	intergenic	.	AP012548.1_3478,AP012548.1_3479,CP001429.2_3522,CP003000.1_3244,CP142614.1_3207,CP142623.1_3148
contig_9206	482060	482289	intergenic	.	AP012548.1_2068,CP001487.1_2298,CP003000.1_599,CP142614.1_1784,CP142623.1_344
contig_9206	482652	482880	intergenic	.	AP012548.1_558,AP012548.1_559,CP001487.1_3786,CP003000.1_1930,CP142614.1_275,CP142614.1_276,CP142623.1_1855
contig_9294	33453	33578	intergenic	.	AP012548.1_1377,CP142623.1_1034
contig_9294	113627	113953	intergenic	.	AP012548.1_2152,AP012548.1_2980,CP142614.1_1869,CP142614.1_2709,CP142623.1_3642,CP142623.1_3643
contig_9294	496104	496300	intergenic	.	AP012548.1_3362,CP142614.1_3092,CP142623.1_3262,CP142623.1_3263
contig_9294	575523	575686	intergenic	.	AP012548.1_3748,CP142614.1_3471,CP142623.1_2878
contig_9294	646172	646344	665237	mRNA	AP012548.1_215,CP142614.1_4154,CP142623.1_2196
contig_9294	646172	646344	666218	gene	AP012548.1_215,CP142614.1_4154,CP142623.1_2196
contig_9294	745076	745272	intergenic	.	AP012548.1_1920,CP001487.1_2445,CP142614.1_1635,CP142614.1_1636,CP142623.1_492,CP142623.1_493
contig_9325	1356107	1356212	intergenic	.	CP001487.1_3917,CP142614.1_153
contig_9328	384050	384390	intergenic	.	AP012548.1_3293,AP012548.1_3294,CP003000.1_3056,CP142614.1_3022,CP142614.1_3023,CP142623.1_3330,CP142623.1_3331,CP142623.1_3332
contig_9328	420960	421427	intergenic	.	AP012548.1_2253,AP012548.1_2312,AP012548.1_580,CP001487.1_2054,CP001487.1_2055,CP003000.1_2071,CP142614.1_1970,CP142614.1_2029,CP142614.1_297,CP142623.1_100,CP142623.1_159,CP142623.1_1835,CP142623.1_99
contig_9328	1780910	1780986	intergenic	.	AP012548.1_785,CP142614.1_503,CP142623.1_1629
contig_9328	2340924	2341120	intergenic	.	AP012548.1_3191,CP003000.1_2964,CP142614.1_2919,CP142614.1_2920,CP142623.1_3429
contig_9328	4051066	4051245	intergenic	.	AP012548.1_3418,AP012548.1_3419,CP142614.1_3149,CP142623.1_3206
contig_9398	2532	2625	intergenic	.	AP012548.1_3677,CP142614.1_3400,CP142623.1_2949
contig_9398	140246	140412	intergenic	.	CP001429.2_241,CP142623.1_2172
contig_9398	146359	146477	intergenic	.	AP012548.1_951,AP012548.1_952,CP142614.1_670,CP142623.1_1461
contig_9398	203305	203455	intergenic	.	CP142623.1_2631
contig_9398	234306	234618	297154	mRNA	AP012548.1_1912,CP003000.1_739,CP003000.1_740,CP142614.1_1628,CP142623.1_500,CP142623.1_501
contig_9398	234306	234618	297219	gene	AP012548.1_1912,CP003000.1_739,CP003000.1_740,CP142614.1_1628,CP142623.1_500,CP142623.1_501
contig_9398	307275	307404	intergenic	.	AP012548.1_2166
contig_9398	428667	428746	453593	gene	AP012548.1_3177,CP142614.1_2905,CP142623.1_3443
contig_9398	428667	428746	453593	mRNA	AP012548.1_3177,CP142614.1_2905,CP142623.1_3443
contig_9406	64633	64770	94019	gene	CP142623.1_2677
contig_9406	64633	64770	94019	mRNA	CP142623.1_2677
contig_9406	723186	723318	intergenic	.	CP001429.2_2379,CP001487.1_2002,CP142614.1_2083
contig_9406	1146811	1147035	intergenic	.	CP001487.1_423,CP001487.1_424,CP142614.1_3631,CP142623.1_2719
contig_9406	1280386	1280518	intergenic	.	AP012548.1_3582,CP142614.1_3311
contig_9406	1280762	1280926	intergenic	.	AP012548.1_2919,CP001429.2_2956,CP003000.1_2700,CP142614.1_2648
contig_9406	1494212	1494571	intergenic	.	AP012548.1_3237,CP001487.1_1092,CP142614.1_2967,CP142614.1_2968,CP142623.1_3383
contig_9406	1690583	1690802	intergenic	.	AP012548.1_1354,AP012548.1_2613,CP001487.1_3011,CP142614.1_1071,CP142614.1_2333,CP142623.1_1057,CP142623.1_4008
contig_9406	1693137	1693242	intergenic	.	AP012548.1_932,CP142623.1_1481
contig_9412	154647	154856	intergenic	.	AP012548.1_1622,CP001429.2_1628,CP003000.1_1020,CP003000.1_1021,CP142614.1_1338,CP142614.1_1339,CP142623.1_790
contig_9412	169823	169944	intergenic	.	AP012548.1_2787,CP142614.1_2506
contig_9412	193578	193703	intergenic	.	CP142614.1_1268,CP142623.1_860
contig_9419	509972	510377	intergenic	.	AP012548.1_342,CP003000.1_296,CP142614.1_58,CP142614.1_60
contig_9432	206368	206447	intergenic	.	CP142623.1_3377
contig_9443	198959	199139	intergenic	.	CP142614.1_2707,CP142623.1_3645
contig_9469	74335	74778	intergenic	.	AP012548.1_4185,AP012548.1_4186,AP012548.1_4187,CP001487.1_141,CP001487.1_142,CP142614.1_3908,CP142614.1_3909,CP142614.1_3910,CP142623.1_2440,CP142623.1_2441,CP142623.1_2442
contig_9469	982011	982105	intergenic	.	CP142614.1_181,CP142623.1_1946
contig_9469	1388321	1388462	intergenic	.	AP012548.1_1272,CP142614.1_989,CP142623.1_1139
contig_9483	75253	75370	intergenic	.	AP012548.1_1558,AP012548.1_975,CP142614.1_1274,CP142623.1_854
contig_9483	103803	103967	intergenic	.	AP012548.1_4087,CP142623.1_3444
contig_9483	141111	141388	intergenic	.	AP012548.1_1600,CP142623.1_810
contig_9483	226345	226439	intergenic	.	AP012548.1_182,CP142614.1_4122,CP142623.1_2228
contig_9483	312613	312912	intergenic	.	AP012548.1_3638,AP012548.1_3639,CP142614.1_3366,CP142614.1_3367,CP142623.1_2988,CP142623.1_2989
contig_9483	378718	378802	intergenic	.	CP142614.1_1523,CP142623.1_605
contig_9483	379084	379294	intergenic	.	AP012548.1_1808,AP012548.1_1809,CP142614.1_1524,CP142614.1_1525,CP142623.1_604
contig_9503	258585	258806	intergenic	.	AP012548.1_819,CP142614.1_536,CP142614.1_537,CP142623.1_1595
contig_9503	260424	260793	intergenic	.	AP012548.1_821,CP142614.1_539,CP142623.1_1591,CP142623.1_1592,CP142623.1_1593
contig_9507	301429	301741	intergenic	.	AP012548.1_2751,AP012548.1_2752,CP001487.1_1573,CP003000.1_2542,CP142614.1_2469,CP142614.1_2470,CP142614.1_2471,CP142623.1_3870,CP142623.1_3871
contig_9511	527061	527435	intergenic	.	AP012548.1_3422,AP012548.1_3423,AP012548.1_3424,CP001487.1_907,CP142614.1_3152,CP142614.1_3153,CP142614.1_3154,CP142623.1_3201,CP142623.1_3202
contig_9516	292355	292455	intergenic	.	AP012548.1_177,CP142614.1_4117
contig_9516	456097	456253	intergenic	.	AP012548.1_1366
contig_957	687605	687822	intergenic	.	AP012548.1_1155,AP012548.1_4054,CP142614.1_3777,CP142623.1_2572
contig_957	1259558	1259690	intergenic	.	AP012548.1_1162,CP142614.1_880,CP142623.1_1250
contig_957	1492269	1492394	1625301	mRNA	AP012548.1_2590
contig_957	1492269	1492394	1625988	gene	AP012548.1_2590
contig_957	1492782	1492969	1625301	mRNA	AP012548.1_489,CP001487.1_3863,CP142614.1_207,CP142623.1_1919,CP142623.1_1920
contig_957	1492782	1492969	1625988	gene	AP012548.1_489,CP001487.1_3863,CP142614.1_207,CP142623.1_1919,CP142623.1_1920
contig_957	2251432	2251518	intergenic	.	AP012548.1_2820,CP142614.1_2549
contig_957	2734737	2735057	intergenic	.	AP012548.1_684,CP001487.1_31,CP003000.1_80,CP142614.1_3155,CP142614.1_401,CP142623.1_1730,CP142623.1_2329,CP142623.1_3200
contig_957	3138893	3139060	intergenic	.	AP012548.1_99,CP001487.1_13,CP142614.1_2433,CP142614.1_4039,CP142623.1_2311,CP142623.1_3908
contig_957	3522099	3522331	3523763	mRNA	AP012548.1_1922,AP012548.1_1923,CP003000.1_729,CP142614.1_1638,CP142614.1_1639,CP142623.1_490
contig_957	3522099	3522331	3524015	gene	AP012548.1_1922,AP012548.1_1923,CP003000.1_729,CP142614.1_1638,CP142614.1_1639,CP142623.1_490
contig_957	3849832	3850124	intergenic	.	AP012548.1_1199,AP012548.1_2391,CP001429.2_1189,CP001429.2_2406,CP001487.1_1975,CP001487.1_3166,CP003000.1_1383,CP003000.1_2148,CP142614.1_2110,CP142614.1_916,CP142623.1_4109
contig_957	4409316	4409537	4426380	mRNA	AP012548.1_2586,CP142614.1_2306,CP142623.1_4035,CP142623.1_4036
contig_957	4409316	4409537	4426424	gene	AP012548.1_2586,CP142614.1_2306,CP142623.1_4035,CP142623.1_4036
contig_9603	1112997	1113167	1147932	mRNA	AP012548.1_3907,CP142614.1_3630
contig_9603	1112997	1113167	1147969	gene	AP012548.1_3907,CP142614.1_3630
contig_9603	1498616	1498762	intergenic	.	CP142614.1_1009
contig_9603	2679210	2679692	intergenic	.	AP012548.1_1331,CP001487.1_3033,CP003000.1_1252,CP142614.1_1049,CP142614.1_4056,CP142623.1_1080,CP142623.1_2293,CP142623.1_2294
contig_9603	2877768	2878144	intergenic	.	AP012548.1_2276,AP012548.1_2277,AP012548.1_3172,AP012548.1_3173,CP001487.1_2090,CP142614.1_1994,CP142614.1_2901,CP142623.1_135,CP142623.1_3447,CP142623.1_3448
contig_9637	44031	44112	intergenic	.	CP142623.1_1345
contig_9637	359808	360042	intergenic	.	AP012548.1_3859,CP001429.2_3898,CP001487.1_471,CP001487.1_472,CP142623.1_2767
contig_9637	599498	599683	intergenic	.	AP012548.1_3241,CP142614.1_2971
contig_9637	722093	722182	intergenic	.	AP012548.1_924,CP142614.1_642
contig_967	7130	7485	intergenic	.	AP012548.1_1210,AP012548.1_1211,CP001487.1_3154,CP142614.1_927,CP142614.1_928,CP142623.1_1200,CP142623.1_1201,CP142623.1_1202
contig_967	355153	355347	intergenic	.	AP012548.1_538,CP142614.1_257,CP142614.1_258,CP142623.1_1874
contig_967	626711	626922	intergenic	.	AP012548.1_2359,AP012548.1_3253,CP001487.1_2965,CP142614.1_2077,CP142614.1_2983,CP142623.1_3371
contig_9677	413618	413768	intergenic	.	AP012548.1_20,CP142614.1_3960,CP142623.1_2390
contig_971	46171	46481	intergenic	.	AP012548.1_2962,AP012548.1_2963,CP001487.1_1364,CP001487.1_1365,CP003000.1_2740,CP142614.1_2692,CP142623.1_3660,CP142623.1_3661
contig_971	80286	80288	intergenic	.	AP012548.1_1361,CP001487.1_3003,CP142614.1_1078,CP142614.1_1079,CP142623.1_1050
contig_971	80286	80574	80291	start_codon	AP012548.1_1361,CP001487.1_3003,CP142614.1_1078,CP142614.1_1079,CP142623.1_1050
contig_971	80286	80574	80537	CDS	AP012548.1_1361,CP001487.1_3003,CP142614.1_1078,CP142614.1_1079,CP142623.1_1050
contig_971	80286	80574	80537	exon	AP012548.1_1361,CP001487.1_3003,CP142614.1_1078,CP142614.1_1079,CP142623.1_1050
contig_971	80286	80574	80537	mRNA	AP012548.1_1361,CP001487.1_3003,CP142614.1_1078,CP142614.1_1079,CP142623.1_1050
contig_971	80286	80574	80537	stop_codon	AP012548.1_1361,CP001487.1_3003,CP142614.1_1078,CP142614.1_1079,CP142623.1_1050
contig_971	80286	80574	80645	gene	AP012548.1_1361,CP001487.1_3003,CP142614.1_1078,CP142614.1_1079,CP142623.1_1050
contig_972	843945	844109	intergenic	.	AP012548.1_4176,CP142614.1_3899,CP142623.1_2451
contig_972	996594	996744	intergenic	.	AP012548.1_329
contig_972	1040637	1041001	1049007	gene	CP142623.1_1580,CP142623.1_1582
contig_972	1040637	1041001	1049007	mRNA	CP142623.1_1580,CP142623.1_1582
contig_972	1076910	1077014	intergenic	.	CP142614.1_3779,CP142614.1_3780,CP142623.1_2570
contig_9754	58527	58785	102932	gene	CP142614.1_2344,CP142614.1_514,CP142623.1_1618
contig_9754	58527	58785	102932	mRNA	CP142614.1_2344,CP142614.1_514,CP142623.1_1618
contig_9756	247942	248373	278072	mRNA	AP012548.1_1168,AP012548.1_3099,AP012548.1_3100,AP012548.1_3101,CP001429.2_3137,CP001487.1_1228,CP001487.1_3196,CP003000.1_2875,CP142614.1_2828,CP142614.1_2830,CP142614.1_887,CP142623.1_1243,CP142623.1_3521,CP142623.1_3522
contig_9756	247942	248373	278200	gene	AP012548.1_1168,AP012548.1_3099,AP012548.1_3100,AP012548.1_3101,CP001429.2_3137,CP001487.1_1228,CP001487.1_3196,CP003000.1_2875,CP142614.1_2828,CP142614.1_2830,CP142614.1_887,CP142623.1_1243,CP142623.1_3521,CP142623.1_3522
contig_9756	661883	662103	intergenic	.	AP012548.1_536,CP142614.1_254,CP142614.1_255,CP142623.1_1876,CP142623.1_1877
contig_9756	824409	824795	824863	CDS	AP012548.1_1697,AP012548.1_653,CP001487.1_2668,CP001487.1_3692,CP142614.1_1413,CP142614.1_370,CP142623.1_1761,CP142623.1_716
contig_9756	824409	824795	824863	exon	AP012548.1_1697,AP012548.1_653,CP001487.1_2668,CP001487.1_3692,CP142614.1_1413,CP142614.1_370,CP142623.1_1761,CP142623.1_716
contig_9756	824409	824795	872594	gene	AP012548.1_1697,AP012548.1_653,CP001487.1_2668,CP001487.1_3692,CP142614.1_1413,CP142614.1_370,CP142623.1_1761,CP142623.1_716
contig_9756	824409	824795	872594	mRNA	AP012548.1_1697,AP012548.1_653,CP001487.1_2668,CP001487.1_3692,CP142614.1_1413,CP142614.1_370,CP142623.1_1761,CP142623.1_716
contig_9756	1174542	1175089	intergenic	.	AP012548.1_1518,AP012548.1_3053,AP012548.1_3926,AP012548.1_3927,CP142614.1_1235,CP142614.1_2781,CP142614.1_3650,CP142623.1_2699,CP142623.1_2700,CP142623.1_3569,CP142623.1_494,CP142623.1_893
contig_9756	1205706	1206078	intergenic	.	AP012548.1_4123,AP012548.1_4124,AP012548.1_4125,CP142614.1_3847,CP142614.1_3848,CP142623.1_2502,CP142623.1_2503
contig_9756	1221042	1221128	intergenic	.	CP142623.1_1993
contig_9756	1320603	1320919	intergenic	.	AP012548.1_1901,CP001487.1_2464,CP142614.1_1616,CP142614.1_1617,CP142614.1_1618,CP142623.1_511,CP142623.1_512
contig_9756	1782173	1782352	intergenic	.	AP012548.1_2534,CP001429.2_2549,CP001487.1_1834,CP142614.1_2252,CP142614.1_3222,CP142623.1_4089
contig_9776	38178	38520	47371	mRNA	AP012548.1_1415,AP012548.1_3461,CP001429.2_1423,CP001487.1_2949,CP001487.1_870,CP142614.1_1132,CP142614.1_3189,CP142623.1_3165,CP142623.1_3166,CP142623.1_996
contig_9776	38178	38520	47381	gene	AP012548.1_1415,AP012548.1_3461,CP001429.2_1423,CP001487.1_2949,CP001487.1_870,CP142614.1_1132,CP142614.1_3189,CP142623.1_3165,CP142623.1_3166,CP142623.1_996
contig_9782	707797	707943	intergenic	.	CP001487.1_3997,CP142614.1_79,CP142623.1_2047
contig_9792	714067	714284	intergenic	.	AP012548.1_3081,CP142614.1_2809,CP142614.1_2810,CP142623.1_3541
contig_9792	834702	835092	intergenic	.	AP012548.1_184,AP012548.1_3313,CP142614.1_3043,CP142614.1_4124,CP142623.1_2226,CP142623.1_3311,CP142623.1_3312
contig_9797	218848	219060	225981	gene	CP001429.2_1283,CP001487.1_3087
contig_9797	218848	219060	225981	mRNA	CP001429.2_1283,CP001487.1_3087
contig_9797	286487	286842	intergenic	.	AP012548.1_840,AP012548.1_841,CP001487.1_3507,CP003000.1_1703,CP142614.1_3050,CP142614.1_559,CP142623.1_1572,CP142623.1_1573,CP142623.1_1574,CP142623.1_3304
contig_9797	393218	393358	458792	gene	AP012548.1_76,CP001429.2_173,CP001487.1_36,CP003000.1_75
contig_9797	393218	393358	458792	mRNA	AP012548.1_76,CP001429.2_173,CP001487.1_36,CP003000.1_75
contig_9797	420351	420569	458792	gene	AP012548.1_745,CP001429.2_760,CP001429.2_761,CP001487.1_3602,CP003000.1_1798,CP142614.1_463,CP142623.1_1669
contig_9797	420351	420569	458792	mRNA	AP012548.1_745,CP001429.2_760,CP001429.2_761,CP001487.1_3602,CP003000.1_1798,CP142614.1_463,CP142623.1_1669
contig_9797	458409	459034	458792	CDS	AP012548.1_3302,AP012548.1_3303,AP012548.1_3304,AP012548.1_3305,CP001429.2_3337,CP001429.2_3339,CP001429.2_3340,CP001429.2_3341,CP001487.1_1025,CP001487.1_1026,CP001487.1_1027,CP003000.1_3064,CP003000.1_3066,CP003000.1_3067,CP142614.1_3031,CP142614.1_3032,CP142614.1_3033,CP142614.1_3034,CP142623.1_3319,CP142623.1_3320,CP142623.1_3321,CP142623.1_3323
contig_9797	458409	459034	458792	exon	AP012548.1_3302,AP012548.1_3303,AP012548.1_3304,AP012548.1_3305,CP001429.2_3337,CP001429.2_3339,CP001429.2_3340,CP001429.2_3341,CP001487.1_1025,CP001487.1_1026,CP001487.1_1027,CP003000.1_3064,CP003000.1_3066,CP003000.1_3067,CP142614.1_3031,CP142614.1_3032,CP142614.1_3033,CP142614.1_3034,CP142623.1_3319,CP142623.1_3320,CP142623.1_3321,CP142623.1_3323
contig_9797	458409	459034	458792	gene	AP012548.1_3302,AP012548.1_3303,AP012548.1_3304,AP012548.1_3305,CP001429.2_3337,CP001429.2_3339,CP001429.2_3340,CP001429.2_3341,CP001487.1_1025,CP001487.1_1026,CP001487.1_1027,CP003000.1_3064,CP003000.1_3066,CP003000.1_3067,CP142614.1_3031,CP142614.1_3032,CP142614.1_3033,CP142614.1_3034,CP142623.1_3319,CP142623.1_3320,CP142623.1_3321,CP142623.1_3323
contig_9797	458409	459034	458792	mRNA	AP012548.1_3302,AP012548.1_3303,AP012548.1_3304,AP012548.1_3305,CP001429.2_3337,CP001429.2_3339,CP001429.2_3340,CP001429.2_3341,CP001487.1_1025,CP001487.1_1026,CP001487.1_1027,CP003000.1_3064,CP003000.1_3066,CP003000.1_3067,CP142614.1_3031,CP142614.1_3032,CP142614.1_3033,CP142614.1_3034,CP142623.1_3319,CP142623.1_3320,CP142623.1_3321,CP142623.1_3323
contig_9797	458409	459034	458792	start_codon	AP012548.1_3302,AP012548.1_3303,AP012548.1_3304,AP012548.1_3305,CP001429.2_3337,CP001429.2_3339,CP001429.2_3340,CP001429.2_3341,CP001487.1_1025,CP001487.1_1026,CP001487.1_1027,CP003000.1_3064,CP003000.1_3066,CP003000.1_3067,CP142614.1_3031,CP142614.1_3032,CP142614.1_3033,CP142614.1_3034,CP142623.1_3319,CP142623.1_3320,CP142623.1_3321,CP142623.1_3323
contig_9797	458792	459034	intergenic	.	AP012548.1_3302,AP012548.1_3303,AP012548.1_3304,AP012548.1_3305,CP001429.2_3337,CP001429.2_3339,CP001429.2_3340,CP001429.2_3341,CP001487.1_1025,CP001487.1_1026,CP001487.1_1027,CP003000.1_3064,CP003000.1_3066,CP003000.1_3067,CP142614.1_3031,CP142614.1_3032,CP142614.1_3033,CP142614.1_3034,CP142623.1_3319,CP142623.1_3320,CP142623.1_3321,CP142623.1_3323
contig_9797	647920	648141	intergenic	.	AP012548.1_1363,AP012548.1_3547,CP142614.1_3276,CP142623.1_1048,CP142623.1_3079
contig_9797	723648	723752	intergenic	.	CP001429.2_2395,CP001487.1_1986,CP003000.1_2137,CP142614.1_2099,CP142623.1_31
contig_9868	90731	90897	intergenic	.	AP012548.1_3050,CP001487.1_1277,CP142614.1_2779,CP142623.1_3572
contig_9868	542234	542491	577474	gene	AP012548.1_450,CP142614.1_168,CP142614.1_169,CP142623.1_1958,CP142623.1_1959
contig_9868	542234	542491	577474	mRNA	AP012548.1_450,CP142614.1_168,CP142614.1_169,CP142623.1_1958,CP142623.1_1959
contig_9875	542202	542421	intergenic	.	AP012548.1_164,AP012548.1_165,CP001487.1_4194,CP142614.1_4104,CP142623.1_2246
contig_9976	494863	494966	intergenic	.	CP001487.1_2902,CP142614.1_1179,CP142614.1_1180,CP142623.1_949
contig_9983	751698	751986	intergenic	.	AP012548.1_3697,AP012548.1_3698,CP001487.1_635,CP003000.1_3451,CP142614.1_3420,CP142614.1_3421,CP142623.1_2928,CP142623.1_2929
