Chromosome	Start	End	Feature_Type	Details	Reads
contig_10	10400	10592	intergenic	.	CP142614.1_1693,CP142623.1_435
contig_10025	752544	752718	intergenic	.	CP142614.1_3571,CP142614.1_3572,CP142623.1_2778,CP142623.1_2779
contig_10025	843253	843379	intergenic	.	CP001487.1_2284,CP142614.1_1798,CP142623.1_330
contig_10025	1177837	1177916	1237414	gene	AP012548.1_3972,CP001429.2_4012,CP001487.1_358,CP142623.1_2654
contig_10025	1177837	1177916	1237414	mRNA	AP012548.1_3972,CP001429.2_4012,CP001487.1_358,CP142623.1_2654
contig_10025	1471832	1471911	intergenic	.	AP012548.1_662,CP142614.1_379,CP142623.1_1752
contig_10025	1528273	1528358	intergenic	.	AP012548.1_3287,CP142614.1_3016,CP142614.1_3017,CP142623.1_3337
contig_10061	285980	286100	intergenic	.	AP012548.1_1313,CP001429.2_1320,CP001487.1_3051,CP142614.1_1030,CP142623.1_1098
contig_10070	421938	422052	446661	gene	AP012548.1_1149,CP001487.1_3216,CP142614.1_868
contig_10070	421938	422052	446661	mRNA	AP012548.1_1149,CP001487.1_3216,CP142614.1_868
contig_10070	501839	501985	intergenic	.	AP012548.1_683,CP142614.1_400,CP142623.1_1731
contig_10070	4215287	4215552	4235222	gene	AP012548.1_1623,CP001487.1_2743,CP003000.1_1020,CP142614.1_1339,CP142614.1_1340,CP142623.1_789
contig_10070	4215287	4215552	4235222	mRNA	AP012548.1_1623,CP001487.1_2743,CP003000.1_1020,CP142614.1_1339,CP142614.1_1340,CP142623.1_789
contig_10070	4625467	4625616	4629966	gene	CP142614.1_1931
contig_10070	4625467	4625616	4629966	mRNA	CP142614.1_1931
contig_10070	4789185	4789375	intergenic	.	CP001429.2_1450,CP001487.1_2922,CP003000.1_1143,CP142614.1_1160,CP142623.1_969
contig_10070	5438271	5438420	intergenic	.	CP142614.1_3092
contig_10071	63238	63398	intergenic	.	CP142614.1_304,CP142623.1_1827
contig_10088	1574947	1575146	intergenic	.	AP012548.1_2130,CP142623.1_281,CP142623.1_282
contig_10088	1690262	1690498	1738995	mRNA	CP001487.1_2073,CP003000.1_2050
contig_10088	1690262	1690498	1739182	gene	CP001487.1_2073,CP003000.1_2050
contig_10088	1701347	1701496	1738995	mRNA	CP142623.1_822
contig_10088	1701347	1701496	1739182	gene	CP142623.1_822
contig_10088	1767495	1767572	intergenic	.	AP012548.1_3448,CP142614.1_3176,CP142623.1_3178
contig_10088	1840480	1841200	1861042	gene	AP012548.1_1432,AP012548.1_1434,AP012548.1_386,AP012548.1_387,CP001487.1_2930,CP001487.1_3964,CP001487.1_3965,CP003000.1_342,CP142614.1_103,CP142614.1_104,CP142614.1_105,CP142614.1_1151,CP142623.1_2021,CP142623.1_2022,CP142623.1_2023,CP142623.1_977,CP142623.1_978
contig_10088	1840480	1841200	1861042	mRNA	AP012548.1_1432,AP012548.1_1434,AP012548.1_386,AP012548.1_387,CP001487.1_2930,CP001487.1_3964,CP001487.1_3965,CP003000.1_342,CP142614.1_103,CP142614.1_104,CP142614.1_105,CP142614.1_1151,CP142623.1_2021,CP142623.1_2022,CP142623.1_2023,CP142623.1_977,CP142623.1_978
contig_10088	2488047	2488271	2558793	gene	CP001429.2_1928,CP142614.1_1636,CP142623.1_492,CP142623.1_493
contig_10088	2488047	2488271	2558793	mRNA	CP001429.2_1928,CP142614.1_1636,CP142623.1_492,CP142623.1_493
contig_10088	2572618	2572838	intergenic	.	AP012548.1_3086,CP001429.2_3123,CP001487.1_1242,CP003000.1_2861,CP142614.1_2814,CP142623.1_3536
contig_10088	3137529	3137632	intergenic	.	CP142623.1_4135
contig_10088	3152429	3152693	3155631	mRNA	AP012548.1_2930,CP001429.2_2967,CP001487.1_1396,CP142614.1_2191,CP142614.1_2659,CP142623.1_3694,CP142623.1_4149
contig_10088	3152429	3152693	3155923	gene	AP012548.1_2930,CP001429.2_2967,CP001487.1_1396,CP142614.1_2191,CP142614.1_2659,CP142623.1_3694,CP142623.1_4149
contig_10204	369501	369651	intergenic	.	CP142614.1_3775
contig_10204	613861	614055	intergenic	.	AP012548.1_811,CP001487.1_3536,CP003000.1_1731,CP003000.1_1732,CP142614.1_529,CP142623.1_1602,CP142623.1_1603
contig_10204	735400	735554	intergenic	.	AP012548.1_3758,CP142614.1_3481,CP142623.1_2868
contig_10204	888342	888850	intergenic	.	AP012548.1_4090,AP012548.1_4091,CP142614.1_3811,CP142614.1_3812,CP142614.1_3813,CP142623.1_1733,CP142623.1_2535,CP142623.1_2536,CP142623.1_2537
contig_10204	1211279	1211762	intergenic	.	AP012548.1_3586,AP012548.1_3587,AP012548.1_3588,CP001487.1_746,CP142614.1_3316,CP142623.1_3039,CP142623.1_3041
contig_10204	1289079	1289200	intergenic	.	AP012548.1_2234,CP001487.1_2133,CP142614.1_1951,CP142623.1_178
contig_10204	1425948	1426029	intergenic	.	AP012548.1_2709,CP001487.1_1615,CP142614.1_2429,CP142623.1_3912
contig_10204	1779827	1780096	intergenic	.	AP012548.1_2647,AP012548.1_2648,CP001429.2_2680,CP001429.2_2681,CP001487.1_1676,CP001487.1_1677,CP142614.1_2366,CP142623.1_3975
contig_10204	1889657	1889792	1950656	mRNA	AP012548.1_2966,CP001487.1_1361,CP142614.1_2695,CP142623.1_3658
contig_10204	1889657	1889792	1950808	gene	AP012548.1_2966,CP001487.1_1361,CP142614.1_2695,CP142623.1_3658
contig_10226	184883	185057	intergenic	.	AP012548.1_3830,CP142614.1_3554,CP142623.1_2796
contig_10226	1348724	1348879	intergenic	.	AP012548.1_4118,CP003000.1_3826,CP142614.1_3842,CP142623.1_2508
contig_10226	2592834	2593032	intergenic	.	AP012548.1_4192,AP012548.1_4193,CP003000.1_3892,CP142614.1_3916,CP142614.1_3917,CP142623.1_2433,CP142623.1_2434
contig_10226	4547703	4547800	intergenic	.	AP012548.1_2811,CP001429.2_2844,CP001487.1_1514,CP142614.1_2540,CP142623.1_3811
contig_10226	5474549	5474790	intergenic	.	AP012548.1_235,CP142614.1_4176,CP142623.1_2175
contig_10226	6126730	6127271	6163453	mRNA	AP012548.1_2365,AP012548.1_3831,AP012548.1_81,CP001487.1_499,CP142614.1_2084,CP142614.1_3555,CP142623.1_2329,CP142623.1_2795
contig_10226	6126730	6127271	6163587	gene	AP012548.1_2365,AP012548.1_3831,AP012548.1_81,CP001487.1_499,CP142614.1_2084,CP142614.1_3555,CP142623.1_2329,CP142623.1_2795
contig_10226	6127685	6127923	6163453	mRNA	AP012548.1_2374,AP012548.1_2375,CP001487.1_1993,CP142614.1_2092,CP142614.1_2093,CP142623.1_37,CP142623.1_38
contig_10226	6127685	6127923	6163587	gene	AP012548.1_2374,AP012548.1_2375,CP001487.1_1993,CP142614.1_2092,CP142614.1_2093,CP142623.1_37,CP142623.1_38
contig_10226	7374051	7374258	intergenic	.	AP012548.1_3176,CP001429.2_3212,CP001487.1_1152,CP003000.1_2948,CP142614.1_2905,CP142623.1_3444
contig_10226	7635345	7635616	intergenic	.	AP012548.1_1453,AP012548.1_1861,AP012548.1_3434,CP142614.1_1170,CP142614.1_1577,CP142623.1_551,CP142623.1_552,CP142623.1_958
contig_10226	7927253	7927420	8117268	mRNA	AP012548.1_704,CP142614.1_422,CP142623.1_1710
contig_10226	7927253	7927420	8117349	gene	AP012548.1_704,CP142614.1_422,CP142623.1_1710
contig_10226	7963016	7963095	8117268	mRNA	AP012548.1_1210,CP142623.1_1201
contig_10226	7963016	7963095	8117349	gene	AP012548.1_1210,CP142623.1_1201
contig_10226	8434416	8434770	intergenic	.	AP012548.1_4045,AP012548.1_4046,CP001487.1_284,CP003000.1_3756,CP142614.1_3769,CP142614.1_3770,CP142623.1_2579,CP142623.1_2580,CP142623.1_2581
contig_10226	8758482	8758621	intergenic	.	CP142614.1_3558
contig_10226	8780959	8781036	8789618	mRNA	AP012548.1_623,CP001429.2_635,CP142614.1_340
contig_10226	8780959	8781036	8790082	gene	AP012548.1_623,CP001429.2_635,CP142614.1_340
contig_10237	61667	61879	intergenic	.	AP012548.1_1059,CP142614.1_778,CP142623.1_1353,CP142623.1_1354,CP142623.1_1355
contig_10237	62889	62991	intergenic	.	CP142614.1_776,CP142623.1_1355
contig_10237	940807	941038	intergenic	.	AP012548.1_4062,CP001429.2_4102,CP001429.2_4103,CP001487.1_269,CP003000.1_3773,CP142614.1_3785,CP142614.1_3786,CP142623.1_2563,CP142623.1_2564
contig_10237	1347261	1347406	intergenic	.	AP012548.1_3896,CP142614.1_3619,CP142623.1_2730
contig_10237	1384395	1384598	intergenic	.	AP012548.1_2662,AP012548.1_2663,CP001487.1_1662,CP001487.1_3108,CP142614.1_2381,CP142614.1_2382,CP142623.1_3959
contig_10237	1697097	1697280	intergenic	.	AP012548.1_3920,CP001487.1_410,CP142614.1_3643,CP142614.1_3644,CP142623.1_2706
contig_10237	1918643	1918831	intergenic	.	AP012548.1_1178,AP012548.1_782,CP142614.1_895
contig_10237	2215743	2216048	intergenic	.	AP012548.1_1835,AP012548.1_377,CP142614.1_4194,CP142614.1_95,CP142623.1_2031,CP142623.1_3000
contig_10264	405942	406110	intergenic	.	AP012548.1_3730,CP001429.2_3765,CP142623.1_2896
contig_10264	988159	988368	intergenic	.	AP012548.1_894,CP001487.1_3452,CP003000.1_1651,CP142614.1_612,CP142623.1_1519
contig_10264	1889987	1890128	intergenic	.	AP012548.1_2824,CP142614.1_2553,CP142623.1_3798,CP142623.1_3799
contig_10277	1752667	1752829	intergenic	.	AP012548.1_3894,CP142623.1_2732
contig_10277	1753142	1753266	intergenic	.	AP012548.1_3895,CP142623.1_2731
contig_10346	463606	463757	intergenic	.	AP012548.1_1403,CP001429.2_1410,CP142614.1_1121,CP142623.1_1008
contig_10346	1438909	1439062	intergenic	.	AP012548.1_2164
contig_10346	1625992	1626184	intergenic	.	AP012548.1_3227,AP012548.1_3228,CP001487.1_1102,CP142614.1_2955,CP142614.1_2956,CP142623.1_3393
contig_10369	366983	367257	379472	gene	AP012548.1_1537,AP012548.1_1538,CP142614.1_1254,CP142614.1_1255,CP142623.1_874
contig_10369	366983	367257	379472	mRNA	AP012548.1_1537,AP012548.1_1538,CP142614.1_1254,CP142614.1_1255,CP142623.1_874
contig_10369	990400	990495	intergenic	.	CP003000.1_1042,CP142623.1_812
contig_10369	1252989	1253287	1254768	gene	AP012548.1_70,AP012548.1_71,AP012548.1_72,CP142614.1_4010,CP142614.1_4011,CP142623.1_2339,CP142623.1_2340
contig_10369	1252989	1253287	1254768	mRNA	AP012548.1_70,AP012548.1_71,AP012548.1_72,CP142614.1_4010,CP142614.1_4011,CP142623.1_2339,CP142623.1_2340
contig_10369	1673729	1673898	intergenic	.	CP142614.1_2918,CP142623.1_3431
contig_10369	2488755	2489191	intergenic	.	AP012548.1_2134,AP012548.1_2135,AP012548.1_2136,CP001487.1_2230,CP001487.1_2231,CP142614.1_1851,CP142614.1_1852,CP142614.1_1853,CP142623.1_276,CP142623.1_277,CP142623.1_278
contig_10369	2665980	2666109	intergenic	.	AP012548.1_9,CP142623.1_2401
contig_10369	3043173	3043434	intergenic	.	AP012548.1_1895,AP012548.1_1896,AP012548.1_1897,CP001429.2_1904,CP001487.1_2468,CP142614.1_1611,CP142614.1_1612,CP142614.1_1613,CP142623.1_516
contig_10369	3144837	3145152	3147448	gene	AP012548.1_1650,AP012548.1_1651,CP142614.1_1366,CP142614.1_1367,CP142623.1_762
contig_10369	3144837	3145152	3147448	mRNA	AP012548.1_1650,AP012548.1_1651,CP142614.1_1366,CP142614.1_1367,CP142623.1_762
contig_10372	314648	314760	intergenic	.	CP142614.1_4158,CP142623.1_2192
contig_10372	492018	492264	intergenic	.	AP012548.1_1353,AP012548.1_1354,CP001487.1_3011,CP142614.1_1071,CP142614.1_1072,CP142623.1_1057,CP142623.1_1058
contig_10372	604356	604537	608321	gene	AP012548.1_3743,CP001487.1_589,CP142614.1_3465,CP142614.1_3466,CP142623.1_2883
contig_10372	604356	604537	608321	mRNA	AP012548.1_3743,CP001487.1_589,CP142614.1_3465,CP142614.1_3466,CP142623.1_2883
contig_10372	695729	695819	758764	mRNA	AP012548.1_1683,CP001487.1_2682
contig_10372	695729	695819	758939	gene	AP012548.1_1683,CP001487.1_2682
contig_10374	935885	936082	intergenic	.	AP012548.1_3701,CP142614.1_3424,CP142623.1_2924
contig_10374	1091179	1091263	intergenic	.	AP012548.1_21,CP142614.1_3961,CP142623.1_2389
contig_10374	1236910	1237141	intergenic	.	AP012548.1_3924,CP142614.1_3647,CP142614.1_3648,CP142623.1_2702
contig_10374	1324346	1324546	intergenic	.	AP012548.1_111,CP142614.1_4051,CP142623.1_2299
contig_10374	1350952	1351257	intergenic	.	AP012548.1_1499,AP012548.1_985,AP012548.1_986,CP001487.1_3379,CP142623.1_913
contig_10374	1462601	1462977	intergenic	.	AP012548.1_1416,AP012548.1_1417,AP012548.1_1418,CP001429.2_1425,CP001487.1_2948,CP142614.1_1133,CP142614.1_1134,CP142614.1_1135,CP142623.1_993,CP142623.1_994,CP142623.1_995
contig_10374	1951407	1951508	intergenic	.	AP012548.1_1989,CP001429.2_1997,CP142614.1_1705,CP142623.1_424
contig_10374	1955410	1955798	intergenic	.	AP012548.1_573,AP012548.1_574,AP012548.1_575,CP001429.2_586,CP001487.1_3771,CP001487.1_3772,CP142614.1_290,CP142614.1_291,CP142623.1_1839,CP142623.1_1840,CP142623.1_1841
contig_10374	2015219	2015357	intergenic	.	AP012548.1_1148,CP142614.1_867,CP142623.1_1263
contig_10391	44533	44743	58428	gene	CP142614.1_4172,CP142623.1_2178
contig_10391	44533	44743	58428	mRNA	CP142614.1_4172,CP142623.1_2178
contig_10391	549820	549977	intergenic	.	AP012548.1_3893,CP142614.1_3617,CP142623.1_2733
contig_10391	879311	879418	intergenic	.	AP012548.1_2645,CP001429.2_1261
contig_10391	1033557	1033908	1040806	gene	AP012548.1_227,AP012548.1_228,CP142623.1_2182
contig_10391	1033557	1033908	1040806	mRNA	AP012548.1_227,AP012548.1_228,CP142623.1_2182
contig_10391	1362976	1363081	1386504	mRNA	AP012548.1_3575,CP001487.1_756,CP142614.1_3304
contig_10391	1362976	1363081	1387542	gene	AP012548.1_3575,CP001487.1_756,CP142614.1_3304
contig_10398	119263	119340	182637	gene	CP142614.1_1327,CP142623.1_801
contig_10398	119263	119340	182637	mRNA	CP142614.1_1327,CP142623.1_801
contig_10445	177374	177546	intergenic	.	AP012548.1_913,CP142614.1_631,CP142614.1_632,CP142623.1_1500
contig_10445	326646	326767	intergenic	.	AP012548.1_2299,CP142614.1_440
contig_10445	386471	386613	intergenic	.	AP012548.1_881,CP001487.1_3465,CP142614.1_599,CP142623.1_1533
contig_10445	466004	466146	intergenic	.	AP012548.1_3264,CP142614.1_2994,CP142623.1_3360
contig_10445	816009	816333	intergenic	.	AP012548.1_2506,CP001429.2_2521,CP001487.1_1863,CP003000.1_2253,CP142623.1_4116,CP142623.1_4117
contig_10445	1276659	1276737	intergenic	.	AP012548.1_1321,CP142614.1_1039,CP142623.1_1090
contig_10445	1571336	1571412	intergenic	.	CP142614.1_3051,CP142623.1_3303
contig_10449	261847	261970	266020	mRNA	CP001487.1_3239,CP003000.1_1455
contig_10449	261847	261970	266113	gene	CP001487.1_3239,CP003000.1_1455
contig_10480	85361	85716	intergenic	.	AP012548.1_2530,CP001487.1_1838,CP142614.1_2248,CP142623.1_4091
contig_10480	194144	194313	intergenic	.	AP012548.1_2832,AP012548.1_2833,CP142614.1_2561,CP142614.1_2562,CP142623.1_3790
contig_10480	619575	619683	intergenic	.	AP012548.1_375,CP142614.1_92,CP142623.1_2034
contig_10480	1035715	1035912	intergenic	.	AP012548.1_3063,AP012548.1_3064,CP001487.1_1264,CP142614.1_2792,CP142623.1_3558
contig_10480	1079983	1080429	intergenic	.	AP012548.1_3135,AP012548.1_3136,AP012548.1_3137,CP001487.1_1192,CP142614.1_2864,CP142614.1_2865,CP142614.1_2866,CP142623.1_3484,CP142623.1_3485,CP142623.1_3486
contig_10480	1330523	1330648	intergenic	.	AP012548.1_593,AP012548.1_594,CP001429.2_606,CP003000.1_1903,CP142614.1_310,CP142614.1_311,CP142623.1_1820,CP142623.1_1821
contig_10480	1330523	1330862	1330651	start_codon	AP012548.1_593,AP012548.1_594,CP001429.2_606,CP003000.1_1903,CP142614.1_310,CP142614.1_311,CP142623.1_1820,CP142623.1_1821
contig_10480	1330523	1330862	1330790	CDS	AP012548.1_593,AP012548.1_594,CP001429.2_606,CP003000.1_1903,CP142614.1_310,CP142614.1_311,CP142623.1_1820,CP142623.1_1821
contig_10480	1330523	1330862	1330790	exon	AP012548.1_593,AP012548.1_594,CP001429.2_606,CP003000.1_1903,CP142614.1_310,CP142614.1_311,CP142623.1_1820,CP142623.1_1821
contig_10480	1330523	1330862	1400052	mRNA	AP012548.1_593,AP012548.1_594,CP001429.2_606,CP003000.1_1903,CP142614.1_310,CP142614.1_311,CP142623.1_1820,CP142623.1_1821
contig_10480	1330523	1330862	1400830	gene	AP012548.1_593,AP012548.1_594,CP001429.2_606,CP003000.1_1903,CP142614.1_310,CP142614.1_311,CP142623.1_1820,CP142623.1_1821
contig_10480	1706645	1706857	intergenic	.	AP012548.1_3275,CP142614.1_3004,CP142614.1_3005,CP142623.1_3349,CP142623.1_3350
contig_10480	1942856	1942932	intergenic	.	CP142614.1_3817
contig_10480	1977953	1978300	intergenic	.	AP012548.1_3361,CP142623.1_3263,CP142623.1_4068
contig_10529	1354171	1354373	intergenic	.	CP142614.1_3456,CP142623.1_2891,CP142623.1_2892
contig_10569	279420	279600	intergenic	.	AP012548.1_2078,CP001487.1_2288,CP142614.1_1794,CP142623.1_334
contig_10569	1270057	1270250	intergenic	.	AP012548.1_1728,CP142614.1_1443,CP142623.1_685
contig_10569	2283885	2284024	intergenic	.	AP012548.1_4174,CP142614.1_3897,CP142623.1_2453
contig_10569	2658493	2658634	intergenic	.	AP012548.1_1361
contig_10569	3304623	3304777	3317546	gene	AP012548.1_834,CP142614.1_552
contig_10569	3304623	3304777	3317546	mRNA	AP012548.1_834,CP142614.1_552
contig_10569	3387374	3387873	3416436	mRNA	AP012548.1_2103,CP001429.2_2111,CP142614.1_1819,CP142614.1_1820,CP142614.1_1822,CP142623.1_309
contig_10569	3387374	3387873	3416536	gene	AP012548.1_2103,CP001429.2_2111,CP142614.1_1819,CP142614.1_1820,CP142614.1_1822,CP142623.1_309
contig_10640	399262	399574	intergenic	.	AP012548.1_1779,AP012548.1_1780,CP142614.1_1495,CP142614.1_1496,CP142623.1_634
contig_10640	646002	646339	823639	gene	CP001487.1_3413,CP003000.1_1613,CP142614.1_2657,CP142614.1_671,CP142623.1_1460,CP142623.1_3696
contig_10640	646002	646339	823639	mRNA	CP001487.1_3413,CP003000.1_1613,CP142614.1_2657,CP142614.1_671,CP142623.1_1460,CP142623.1_3696
contig_10647	581826	581934	596252	gene	AP012548.1_1002,CP001429.2_992,CP001487.1_3363,CP142614.1_720,CP142614.1_721,CP142623.1_1410
contig_10647	581826	581934	596252	mRNA	AP012548.1_1002,CP001429.2_992,CP001487.1_3363,CP142614.1_720,CP142614.1_721,CP142623.1_1410
contig_10647	830315	830924	intergenic	.	AP012548.1_1359,AP012548.1_1362,CP001429.2_1369,CP001487.1_3005,CP003000.1_1222,CP142614.1_1076,CP142614.1_1077,CP142614.1_1078,CP142614.1_1079,CP142623.1_1049,CP142623.1_1050,CP142623.1_1052
contig_10647	1435367	1435613	intergenic	.	AP012548.1_3174,CP142623.1_3447
contig_10647	1894137	1894275	intergenic	.	AP012548.1_1555,CP001429.2_1562,CP001487.1_2810,CP142614.1_1272,CP142623.1_856
contig_10647	1922975	1923124	intergenic	.	AP012548.1_3502
contig_10647	2101461	2101889	intergenic	.	AP012548.1_2952,AP012548.1_2954,CP001429.2_2989,CP001487.1_1373,CP001487.1_1375,CP003000.1_2729,CP142614.1_2681,CP142614.1_2682,CP142614.1_2683,CP142623.1_3670,CP142623.1_3672
contig_10741	735010	735115	764487	gene	AP012548.1_2818,CP142614.1_2547,CP142623.1_3804,CP142623.1_3805
contig_10741	735010	735115	764487	mRNA	AP012548.1_2818,CP142614.1_2547,CP142623.1_3804,CP142623.1_3805
contig_10741	755799	756220	764487	gene	AP012548.1_2058,CP001487.1_3205,CP142614.1_1775
contig_10741	755799	756220	764487	mRNA	AP012548.1_2058,CP001487.1_3205,CP142614.1_1775
contig_10741	952992	953201	intergenic	.	AP012548.1_1768,CP003000.1_885,CP142614.1_1483,CP142623.1_645
contig_10741	1209453	1209576	intergenic	.	AP012548.1_13,CP142614.1_3953
contig_10741	2000667	2000876	intergenic	.	AP012548.1_1618,CP001487.1_2747,CP142623.1_793,CP142623.1_794
contig_10741	2147740	2147901	intergenic	.	AP012548.1_1762,CP001429.2_1770,CP001487.1_2602,CP003000.1_889,CP142614.1_1478,CP142623.1_650,CP142623.1_651
contig_10741	2672630	2672829	intergenic	.	AP012548.1_212,AP012548.1_213,CP001487.1_4146,CP142614.1_4152,CP142614.1_4153,CP142623.1_2197,CP142623.1_2198
contig_10809	482998	483105	intergenic	.	CP142614.1_14
contig_10809	1209320	1209504	intergenic	.	AP012548.1_1262,AP012548.1_1263,CP003000.1_1320,CP142614.1_980,CP142623.1_1149
contig_10809	1443941	1444144	intergenic	.	AP012548.1_1747,CP001429.2_1754,CP001487.1_2618,CP142614.1_1463,CP142623.1_666
contig_10809	1549581	1549685	intergenic	.	AP012548.1_3543,CP003000.1_3308,CP142614.1_3271,CP142623.1_3084
contig_10809	1689344	1689527	1693922	mRNA	AP012548.1_4177,CP142614.1_3900,CP142623.1_2450
contig_10809	1689344	1689527	1693983	gene	AP012548.1_4177,CP142614.1_3900,CP142623.1_2450
contig_10809	1870428	1870505	intergenic	.	AP012548.1_527,CP142614.1_246
contig_10809	1976063	1976295	intergenic	.	AP012548.1_1985,AP012548.1_1986,CP001429.2_1993,CP001429.2_1994,CP001487.1_2380,CP001487.1_2381,CP003000.1_680,CP142614.1_1701,CP142614.1_1702,CP142623.1_427
contig_10809	2536897	2537036	intergenic	.	AP012548.1_3339,CP142614.1_3069,CP142623.1_3286
contig_10809	3017154	3017301	intergenic	.	AP012548.1_1507,CP001487.1_2858,CP142614.1_1224,CP142623.1_904
contig_10809	5241977	5242280	5257940	mRNA	AP012548.1_2740,AP012548.1_2741,CP001487.1_1584,CP003000.1_2531,CP003000.1_2532,CP142614.1_2459,CP142614.1_2460,CP142623.1_3881
contig_10809	5241977	5242280	5258212	gene	AP012548.1_2740,AP012548.1_2741,CP001487.1_1584,CP003000.1_2531,CP003000.1_2532,CP142614.1_2459,CP142614.1_2460,CP142623.1_3881
contig_10809	5511027	5511452	intergenic	.	AP012548.1_2881,AP012548.1_2882,AP012548.1_2883,CP142614.1_2611,CP142614.1_2612,CP142614.1_2613,CP142623.1_3740,CP142623.1_3741,CP142623.1_3742
contig_10809	6152531	6152658	intergenic	.	AP012548.1_3750,CP001487.1_582,CP142614.1_3473,CP142623.1_2876
contig_10843	628544	628779	intergenic	.	AP012548.1_78,AP012548.1_79,CP142614.1_4018,CP142614.1_4019,CP142623.1_2331,CP142623.1_2332
contig_10843	1507539	1507844	intergenic	.	AP012548.1_3766,CP142623.1_2859,CP142623.1_2860
contig_10843	2079213	2079726	intergenic	.	AP012548.1_2926,AP012548.1_3342,AP012548.1_3343,CP001429.2_3385,CP001487.1_1401,CP003000.1_2707,CP142614.1_2655,CP142614.1_3073,CP142623.1_3282,CP142623.1_3698
contig_10843	2490277	2490439	intergenic	.	AP012548.1_4144,CP003000.1_3843,CP142614.1_3867,CP142623.1_2483
contig_10843	3569124	3569398	intergenic	.	AP012548.1_1440,CP001429.2_1447,CP001487.1_2924,CP142614.1_1157,CP142614.1_1158,CP142623.1_971
contig_10843	3583792	3583904	intergenic	.	AP012548.1_2701,CP001487.1_1624,CP142614.1_2420,CP142623.1_3921
contig_10843	3878955	3879352	intergenic	.	AP012548.1_1458,AP012548.1_1459,AP012548.1_1460,CP001429.2_1466,CP001487.1_2905,CP001487.1_2906,CP003000.1_1127,CP142614.1_1175,CP142614.1_1176,CP142614.1_1177,CP142623.1_951,CP142623.1_952,CP142623.1_953
contig_10843	4443241	4443506	intergenic	.	AP012548.1_94,AP012548.1_95,CP001429.2_155,CP001487.1_17,CP001487.1_18,CP003000.1_94,CP142614.1_4034,CP142614.1_4035,CP142623.1_2316
contig_10843	4789950	4790035	4796941	mRNA	AP012548.1_2145,CP142614.1_1861,CP142623.1_267
contig_10843	4789950	4790035	4797534	gene	AP012548.1_2145,CP142614.1_1861,CP142623.1_267
contig_10847	1133719	1134015	intergenic	.	AP012548.1_1200,AP012548.1_1201,CP001487.1_3164,CP142614.1_917,CP142614.1_918,CP142623.1_1211,CP142623.1_1212
contig_10847	1479940	1480143	intergenic	.	AP012548.1_4001,CP142614.1_3724,CP142614.1_3725,CP142623.1_2625
contig_10847	1569023	1569115	intergenic	.	AP012548.1_1871,CP142623.1_542
contig_10847	1721179	1721303	intergenic	.	AP012548.1_459,CP142614.1_177,CP142623.1_1949
contig_10847	1774734	1774810	intergenic	.	AP012548.1_3911,CP142614.1_3634,CP142623.1_2715
contig_10847	1945302	1945646	intergenic	.	AP012548.1_3099,AP012548.1_3595,AP012548.1_3853,CP001487.1_1229,CP001487.1_478,CP142614.1_2827,CP142614.1_3323,CP142614.1_3324,CP142614.1_3576,CP142623.1_2773,CP142623.1_3032,CP142623.1_3523
contig_10847	2826537	2826764	2840066	gene	AP012548.1_345,CP001429.2_348,CP001487.1_4014,CP001487.1_4015,CP142614.1_62,CP142614.1_63,CP142623.1_2064
contig_10847	2826537	2826764	2840066	mRNA	AP012548.1_345,CP001429.2_348,CP001487.1_4014,CP001487.1_4015,CP142614.1_62,CP142614.1_63,CP142623.1_2064
contig_10847	3003898	3003986	intergenic	.	CP001429.2_2037
contig_10855	14264	14370	intergenic	.	AP012548.1_3756,CP142614.1_3479,CP142623.1_2870
contig_10855	48974	49465	intergenic	.	AP012548.1_1576,AP012548.1_1578,AP012548.1_1579,CP142614.1_1293,CP142614.1_1294,CP142614.1_1295,CP142623.1_833,CP142623.1_834,CP142623.1_835
contig_10855	419074	419376	447883	mRNA	AP012548.1_2535,CP142614.1_2242,CP142614.1_2253,CP142623.1_4088
contig_10855	419074	419376	447923	gene	AP012548.1_2535,CP142614.1_2242,CP142614.1_2253,CP142623.1_4088
contig_10855	662885	663033	intergenic	.	AP012548.1_1929,CP001487.1_2436,CP142614.1_1645,CP142623.1_484
contig_10855	1039565	1039720	intergenic	.	CP142623.1_1280
contig_10855	1412134	1412366	1440036	mRNA	AP012548.1_3187,CP142614.1_2915,CP142623.1_3434
contig_10855	1412134	1412366	1440051	gene	AP012548.1_3187,CP142614.1_2915,CP142623.1_3434
contig_10855	1488167	1488663	intergenic	.	AP012548.1_3126,AP012548.1_3127,AP012548.1_3270,CP142614.1_2855,CP142614.1_2856,CP142614.1_3000,CP142623.1_3354,CP142623.1_3495
contig_10859	2573670	2574064	intergenic	.	AP012548.1_543,CP001487.1_3852,CP001487.1_6,CP142614.1_218,CP142614.1_260,CP142614.1_261,CP142614.1_4045,CP142623.1_1870,CP142623.1_1871,CP142623.1_1909
contig_10859	3039551	3039722	3048259	mRNA	AP012548.1_292,CP142623.1_2117
contig_10859	3039551	3039722	3048627	gene	AP012548.1_292,CP142623.1_2117
contig_10859	3229109	3229734	intergenic	.	AP012548.1_3710,AP012548.1_3713,CP142614.1_3432,CP142614.1_3433,CP142614.1_3434,CP142614.1_3436,CP142623.1_2913,CP142623.1_2915,CP142623.1_2916
contig_10880	466270	466348	intergenic	.	CP142614.1_277,CP142623.1_1854
contig_10880	952223	952473	intergenic	.	AP012548.1_2348,AP012548.1_905,CP001487.1_2019,CP001487.1_2661,CP001487.1_3441,CP003000.1_2105,CP003000.1_948,CP142614.1_1420,CP142614.1_2066,CP142614.1_623,CP142623.1_1508,CP142623.1_1509,CP142623.1_64
contig_10880	976521	976714	intergenic	.	AP012548.1_2622,CP142614.1_2341,CP142623.1_4000
contig_10880	1387997	1388185	intergenic	.	AP012548.1_2890,CP001487.1_1436,CP003000.1_2672,CP142614.1_2619,CP142623.1_3733
contig_10880	2284493	2284722	2292302	gene	AP012548.1_378,AP012548.1_379,CP001487.1_3980,CP142614.1_96,CP142623.1_2030
contig_10880	2284493	2284722	2292302	mRNA	AP012548.1_378,AP012548.1_379,CP001487.1_3980,CP142614.1_96,CP142623.1_2030
contig_10880	3097423	3097648	intergenic	.	AP012548.1_3901,CP142614.1_3624,CP142623.1_2725
contig_10880	3215351	3215452	intergenic	.	AP012548.1_693,CP142614.1_411,CP142623.1_1721
contig_10880	3332231	3332318	3381250	gene	AP012548.1_44,CP142614.1_3984,CP142623.1_2366
contig_10880	3332231	3332318	3381250	mRNA	AP012548.1_44,CP142614.1_3984,CP142623.1_2366
contig_10880	3994485	3994598	intergenic	.	AP012548.1_2760,CP142614.1_2479,CP142623.1_3862
contig_10880	4152886	4153062	intergenic	.	CP142614.1_3013,CP142623.1_3341
contig_10880	4648561	4648774	intergenic	.	AP012548.1_3313,CP142614.1_3043
contig_10880	4696404	4696522	intergenic	.	AP012548.1_1021,AP012548.1_1022,CP003000.1_1560,CP142614.1_740,CP142623.1_1391
contig_10880	4715780	4715906	intergenic	.	CP003000.1_814,CP142614.1_1554,CP142623.1_575
contig_10880	4858522	4858716	intergenic	.	AP012548.1_400,CP001429.2_2326,CP001487.1_3951,CP142614.1_117,CP142623.1_2009
contig_10880	5745171	5745337	intergenic	.	AP012548.1_4073,CP142614.1_3796,CP142614.1_3797,CP142623.1_2553
contig_10880	5838315	5838488	5847783	mRNA	AP012548.1_119,CP142614.1_4058,CP142623.1_2292
contig_10880	5838315	5838488	5848329	gene	AP012548.1_119,CP142614.1_4058,CP142623.1_2292
contig_10880	5905271	5905609	intergenic	.	AP012548.1_1977,CP142614.1_127,CP142623.1_436
contig_10880	5910905	5911034	intergenic	.	AP012548.1_729,CP142623.1_1685
contig_10880	6080637	6081047	intergenic	.	AP012548.1_2336,AP012548.1_2337,AP012548.1_2338,CP001429.2_2351,CP001487.1_2029,CP142614.1_2055,CP142614.1_2056,CP142623.1_302,CP142623.1_74,CP142623.1_75
contig_10880	6215937	6216026	intergenic	.	AP012548.1_1330,CP001487.1_3035,CP142614.1_1047,CP142623.1_1082
contig_10880	6676608	6676801	6676660	CDS	AP012548.1_2722,CP142614.1_2441,CP142623.1_3900
contig_10880	6676608	6676801	6676660	exon	AP012548.1_2722,CP142614.1_2441,CP142623.1_3900
contig_10880	6676608	6676801	6676660	gene	AP012548.1_2722,CP142614.1_2441,CP142623.1_3900
contig_10880	6676608	6676801	6676660	mRNA	AP012548.1_2722,CP142614.1_2441,CP142623.1_3900
contig_10880	6676608	6676801	6676660	start_codon	AP012548.1_2722,CP142614.1_2441,CP142623.1_3900
contig_10880	6676660	6676801	intergenic	.	AP012548.1_2722,CP142614.1_2441,CP142623.1_3900
contig_10880	6698384	6698507	intergenic	.	AP012548.1_2189,CP142614.1_1906
contig_10880	6731708	6731906	intergenic	.	AP012548.1_2146,AP012548.1_2147,CP001487.1_2219,CP142614.1_1864,CP142623.1_265
contig_10880	7063795	7063937	7069707	gene	AP012548.1_3365,CP142614.1_3095,CP142623.1_3260
contig_10880	7063795	7063937	7069707	mRNA	AP012548.1_3365,CP142614.1_3095,CP142623.1_3260
contig_10889	138515	138631	intergenic	.	CP001487.1_2656,CP003000.1_943,CP142614.1_1425
contig_10889	583802	583953	intergenic	.	AP012548.1_1182,CP142614.1_899
contig_10889	886606	886831	intergenic	.	AP012548.1_3514,CP142614.1_3242,CP142623.1_3113
contig_10889	1104162	1104318	intergenic	.	CP142614.1_80
contig_10889	1195178	1195264	intergenic	.	AP012548.1_3720,CP001429.2_3755
contig_10889	1653753	1653856	intergenic	.	AP012548.1_3847
contig_10889	2003848	2004244	intergenic	.	AP012548.1_2361,AP012548.1_2609,AP012548.1_3698,CP003000.1_2118,CP142614.1_2080,CP142614.1_3421,CP142623.1_2928
contig_10889	2050378	2050581	intergenic	.	AP012548.1_1040,CP142614.1_759,CP142623.1_1372
contig_10889	2441784	2441886	intergenic	.	AP012548.1_3959
contig_10889	2565359	2565856	intergenic	.	AP012548.1_4040,AP012548.1_4041,AP012548.1_4043,CP001429.2_4081,CP003000.1_3751,CP142614.1_3764,CP142614.1_3765,CP142614.1_3766,CP142623.1_2585,CP142623.1_2586
contig_10889	2681783	2682221	2682147	CDS	AP012548.1_1118,AP012548.1_8,CP142614.1_3948,CP142614.1_837,CP142614.1_850,CP142623.1_1294,CP142623.1_2402
contig_10889	2681783	2682221	2682147	exon	AP012548.1_1118,AP012548.1_8,CP142614.1_3948,CP142614.1_837,CP142614.1_850,CP142623.1_1294,CP142623.1_2402
contig_10889	2681783	2682221	2692316	mRNA	AP012548.1_1118,AP012548.1_8,CP142614.1_3948,CP142614.1_837,CP142614.1_850,CP142623.1_1294,CP142623.1_2402
contig_10889	2681783	2682221	2692407	gene	AP012548.1_1118,AP012548.1_8,CP142614.1_3948,CP142614.1_837,CP142614.1_850,CP142623.1_1294,CP142623.1_2402
contig_10889	3119130	3119230	3138086	mRNA	AP012548.1_3409,CP142614.1_3139,CP142623.1_3216
contig_10889	3119130	3119230	3138461	gene	AP012548.1_3409,CP142614.1_3139,CP142623.1_3216
contig_10889	3128445	3128676	3138086	mRNA	AP012548.1_3696,AP012548.1_3697,CP142614.1_3419,CP142614.1_3420,CP142623.1_2929,CP142623.1_2930
contig_10889	3128445	3128676	3138461	gene	AP012548.1_3696,AP012548.1_3697,CP142614.1_3419,CP142614.1_3420,CP142623.1_2929,CP142623.1_2930
contig_10889	3303979	3304177	intergenic	.	AP012548.1_735,AP012548.1_736,CP001429.2_750,CP001429.2_751,CP001487.1_3611,CP001487.1_3612,CP003000.1_1807,CP142614.1_453,CP142614.1_454,CP142623.1_1678,CP142623.1_1679
contig_10988	81884	82028	intergenic	.	AP012548.1_422,CP142614.1_140,CP142623.1_1986,CP142623.1_1987
contig_10988	593586	593821	intergenic	.	AP012548.1_191,CP001429.2_194,CP001487.1_4167,CP142614.1_4131,CP142623.1_2219
contig_10988	1875981	1876114	intergenic	.	AP012548.1_3315,CP142614.1_3044,CP142623.1_3310
contig_10988	1901874	1902002	intergenic	.	AP012548.1_2521,CP142614.1_2239
contig_10988	2065495	2065841	intergenic	.	AP012548.1_3516,AP012548.1_3751,CP001487.1_581,CP142623.1_2875
contig_10988	2225749	2225985	intergenic	.	AP012548.1_1567,AP012548.1_1568,CP001429.2_1574,CP001487.1_2798,CP142614.1_1284,CP142614.1_1285,CP142623.1_844,CP142623.1_845
contig_10988	2452502	2452881	2452694	CDS	AP012548.1_3034,AP012548.1_3035,AP012548.1_3036,CP001487.1_1292,CP001487.1_1294,CP142614.1_2763,CP142614.1_2764,CP142614.1_2765,CP142623.1_3586,CP142623.1_3587,CP142623.1_3588
contig_10988	2452502	2452881	2452694	exon	AP012548.1_3034,AP012548.1_3035,AP012548.1_3036,CP001487.1_1292,CP001487.1_1294,CP142614.1_2763,CP142614.1_2764,CP142614.1_2765,CP142623.1_3586,CP142623.1_3587,CP142623.1_3588
contig_10988	2452502	2452881	2452694	mRNA	AP012548.1_3034,AP012548.1_3035,AP012548.1_3036,CP001487.1_1292,CP001487.1_1294,CP142614.1_2763,CP142614.1_2764,CP142614.1_2765,CP142623.1_3586,CP142623.1_3587,CP142623.1_3588
contig_10988	2452502	2452881	2452694	stop_codon	AP012548.1_3034,AP012548.1_3035,AP012548.1_3036,CP001487.1_1292,CP001487.1_1294,CP142614.1_2763,CP142614.1_2764,CP142614.1_2765,CP142623.1_3586,CP142623.1_3587,CP142623.1_3588
contig_10988	2452502	2452881	2452774	gene	AP012548.1_3034,AP012548.1_3035,AP012548.1_3036,CP001487.1_1292,CP001487.1_1294,CP142614.1_2763,CP142614.1_2764,CP142614.1_2765,CP142623.1_3586,CP142623.1_3587,CP142623.1_3588
contig_10988	2452502	2452881	2452774	polyA_signal_sequence	AP012548.1_3034,AP012548.1_3035,AP012548.1_3036,CP001487.1_1292,CP001487.1_1294,CP142614.1_2763,CP142614.1_2764,CP142614.1_2765,CP142623.1_3586,CP142623.1_3587,CP142623.1_3588
contig_10988	2452774	2452881	intergenic	.	AP012548.1_3034,AP012548.1_3035,AP012548.1_3036,CP001487.1_1292,CP001487.1_1294,CP142614.1_2763,CP142614.1_2764,CP142614.1_2765,CP142623.1_3586,CP142623.1_3587,CP142623.1_3588
contig_10988	2480184	2480344	intergenic	.	AP012548.1_899,AP012548.1_900,CP142614.1_617,CP142614.1_618,CP142623.1_1514
contig_10988	3207367	3207452	3299663	mRNA	CP142614.1_4094,CP142623.1_2256
contig_10988	3207367	3207452	3299956	gene	CP142614.1_4094,CP142623.1_2256
contig_11022	381921	382259	409674	gene	AP012548.1_1766,CP001429.2_1773,CP001487.1_2599,CP003000.1_886,CP142614.1_1482,CP142623.1_646,CP142623.1_647,CP142623.1_648
contig_11022	381921	382259	409674	mRNA	AP012548.1_1766,CP001429.2_1773,CP001487.1_2599,CP003000.1_886,CP142614.1_1482,CP142623.1_646,CP142623.1_647,CP142623.1_648
contig_11022	472293	472439	intergenic	.	AP012548.1_2531,CP001487.1_1837
contig_11124	51831	52075	intergenic	.	AP012548.1_1330,AP012548.1_1331,CP001487.1_3034,CP003000.1_1252,CP003000.1_1253,CP142614.1_1048,CP142623.1_1080,CP142623.1_1081
contig_11124	65497	65615	intergenic	.	AP012548.1_1480,CP001487.1_2884,CP142623.1_931
contig_11124	72099	72405	intergenic	.	AP012548.1_4105,CP001487.1_227,CP142614.1_3826,CP142623.1_2523,CP142623.1_2524
contig_11124	89402	89773	intergenic	.	AP012548.1_2145,AP012548.1_2146,CP001487.1_2220,CP142614.1_1862,CP142614.1_1863,CP142623.1_266,CP142623.1_3294
contig_11138	170680	170975	266282	mRNA	CP001487.1_2313,CP142614.1_1769,CP142614.1_1770,CP142623.1_359
contig_11138	170680	170975	266554	gene	CP001487.1_2313,CP142614.1_1769,CP142614.1_1770,CP142623.1_359
contig_11138	545954	546039	intergenic	.	AP012548.1_443,CP001429.2_448,CP001487.1_3908,CP003000.1_390,CP142614.1_161,CP142623.1_1965
contig_11138	628123	628246	intergenic	.	AP012548.1_1915,CP142614.1_1631
contig_11146	337308	337425	348951	mRNA	AP012548.1_701,CP142614.1_419
contig_11146	337308	337425	348999	gene	AP012548.1_701,CP142614.1_419
contig_11146	377501	377662	intergenic	.	AP012548.1_2451,CP142623.1_4171
contig_11146	451159	451492	intergenic	.	AP012548.1_2454,AP012548.1_2455,CP001429.2_2468,CP001487.1_1913,CP001487.1_1914,CP003000.1_2209,CP142614.1_2172,CP142614.1_2173,CP142623.1_4167,CP142623.1_4168
contig_11146	978862	979102	intergenic	.	AP012548.1_3982,CP001429.2_4022,CP142614.1_264,CP142623.1_1867,CP142623.1_2644
contig_11146	1068101	1068234	intergenic	.	AP012548.1_4084,AP012548.1_4085,CP142614.1_3808,CP142623.1_2541,CP142623.1_2542
contig_11146	1151971	1152247	intergenic	.	AP012548.1_3178,AP012548.1_3179,CP001429.2_3215,CP001487.1_1150,CP142614.1_2906,CP142614.1_2907,CP142623.1_3442
contig_11146	1398324	1398482	1414967	gene	AP012548.1_1493,AP012548.1_1494,CP001429.2_1501,CP001487.1_2871,CP003000.1_1092,CP142614.1_1210,CP142614.1_1211,CP142623.1_917,CP142623.1_918
contig_11146	1398324	1398482	1414967	mRNA	AP012548.1_1493,AP012548.1_1494,CP001429.2_1501,CP001487.1_2871,CP003000.1_1092,CP142614.1_1210,CP142614.1_1211,CP142623.1_917,CP142623.1_918
contig_11146	4479430	4479554	intergenic	.	AP012548.1_1207,CP142614.1_924,CP142623.1_1204
contig_11157	114480	114648	intergenic	.	AP012548.1_344,CP142614.1_61,CP142623.1_2065
contig_11157	486368	486567	intergenic	.	AP012548.1_3039,AP012548.1_3040,CP142614.1_2768,CP142623.1_3583
contig_11157	581821	582025	606359	mRNA	AP012548.1_2474,AP012548.1_2739,CP001487.1_1586,CP003000.1_2530
contig_11157	581821	582025	606574	gene	AP012548.1_2474,AP012548.1_2739,CP001487.1_1586,CP003000.1_2530
contig_11157	1233290	1233428	intergenic	.	AP012548.1_1369,CP142614.1_1086,CP142623.1_1042
contig_11157	1264506	1264688	intergenic	.	AP012548.1_3012,CP001429.2_3050,CP142614.1_2741,CP142623.1_3610
contig_11157	1400634	1400823	intergenic	.	AP012548.1_335,CP142614.1_52,CP142623.1_2073,CP142623.1_2074
contig_11157	1958401	1958548	intergenic	.	AP012548.1_3056
contig_11157	2108677	2108825	2167905	mRNA	AP012548.1_3047,CP142614.1_2776,CP142623.1_3575
contig_11157	2108677	2108825	2167993	gene	AP012548.1_3047,CP142614.1_2776,CP142623.1_3575
contig_11168	86407	86538	intergenic	.	AP012548.1_1572,CP001429.2_1579,CP001487.1_2794,CP142614.1_1288,CP142614.1_1289,CP142623.1_839,CP142623.1_840
contig_11169	258004	258144	intergenic	.	AP012548.1_1586,CP142623.1_826
contig_11169	273942	274098	intergenic	.	AP012548.1_1825,CP142614.1_1541
contig_11169	292774	293044	353014	mRNA	CP001487.1_1018,CP142614.1_3042,CP142623.1_3311,CP142623.1_3312
contig_11169	292774	293044	353939	gene	CP001487.1_1018,CP142614.1_3042,CP142623.1_3311,CP142623.1_3312
contig_11169	358946	359042	intergenic	.	AP012548.1_2333,CP142614.1_2051,CP142623.1_79
contig_11169	405312	405730	intergenic	.	AP012548.1_1519,AP012548.1_1520,AP012548.1_1521,CP001429.2_1528,CP001487.1_2844,CP142614.1_1236,CP142614.1_1237,CP142614.1_1238,CP142623.1_890,CP142623.1_892
contig_11169	527036	527276	intergenic	.	AP012548.1_107,AP012548.1_4204,CP142614.1_3927,CP142614.1_4047,CP142623.1_2303,CP142623.1_2423
contig_11169	553529	553776	intergenic	.	AP012548.1_324,AP012548.1_325,CP001487.1_4036,CP142614.1_40,CP142614.1_41,CP142623.1_2084,CP142623.1_2085
contig_11169	555575	556063	intergenic	.	AP012548.1_240,AP012548.1_241,CP142614.1_4180,CP142623.1_2169,CP142623.1_2171
contig_11169	565468	565672	intergenic	.	AP012548.1_3304,AP012548.1_3305,CP001429.2_3341,CP001487.1_1025,CP142614.1_3034,CP142623.1_3319,CP142623.1_3320
contig_11169	614301	614487	intergenic	.	AP012548.1_3240,CP001487.1_1089,CP142614.1_2969,CP142614.1_2970
contig_11169	634652	634785	intergenic	.	AP012548.1_373,CP001429.2_377,CP001487.1_3986,CP003000.1_329,CP142614.1_90,CP142614.1_91,CP142623.1_2036
contig_11169	642490	642575	intergenic	.	CP001429.2_686,CP001487.1_3671
contig_11177	1650139	1650238	1671136	gene	AP012548.1_3801,CP142614.1_3525,CP142623.1_2825
contig_11177	1650139	1650238	1671136	mRNA	AP012548.1_3801,CP142614.1_3525,CP142623.1_2825
contig_11177	2612150	2612278	2631885	mRNA	AP012548.1_2126,CP001487.1_2239,CP142614.1_1843,CP142623.1_285,CP142623.1_286
contig_11177	2612150	2612278	2631960	gene	AP012548.1_2126,CP001487.1_2239,CP142614.1_1843,CP142623.1_285,CP142623.1_286
contig_11177	3915740	3916214	3928816	gene	AP012548.1_1922,AP012548.1_1923,AP012548.1_2167,CP001429.2_1930,CP001429.2_2175,CP001487.1_2199,CP001487.1_2442,CP001487.1_2443,CP003000.1_729,CP142614.1_1638,CP142614.1_1639,CP142623.1_245,CP142623.1_490,CP142623.1_491
contig_11177	3915740	3916214	3928816	mRNA	AP012548.1_1922,AP012548.1_1923,AP012548.1_2167,CP001429.2_1930,CP001429.2_2175,CP001487.1_2199,CP001487.1_2442,CP001487.1_2443,CP003000.1_729,CP142614.1_1638,CP142614.1_1639,CP142623.1_245,CP142623.1_490,CP142623.1_491
contig_11177	3936163	3936370	intergenic	.	AP012548.1_1568,AP012548.1_1569,CP001487.1_2797,CP142614.1_1285,CP142614.1_1286,CP142623.1_842,CP142623.1_843
contig_11177	4844667	4844966	intergenic	.	AP012548.1_3603,AP012548.1_7,CP001429.2_3647,CP001429.2_3648,CP001429.2_7,CP001487.1_104,CP142614.1_3332,CP142614.1_3947,CP142623.1_2403,CP142623.1_3023,CP142623.1_3024
contig_11177	5144119	5144269	intergenic	.	CP001487.1_3497
contig_11177	6517794	6518045	6518090	CDS	AP012548.1_3523,CP001487.1_1246
contig_11177	6517794	6518045	6518090	exon	AP012548.1_3523,CP001487.1_1246
contig_11177	6517794	6518045	6518458	mRNA	AP012548.1_3523,CP001487.1_1246
contig_11177	6517794	6518045	6519168	gene	AP012548.1_3523,CP001487.1_1246
contig_11177	7260111	7260246	intergenic	.	AP012548.1_850,CP001429.2_857,CP142614.1_568,CP142623.1_1564
contig_11177	8927018	8927120	intergenic	.	AP012548.1_3692,CP142614.1_3415,CP142623.1_2934
contig_11177	8977270	8977409	intergenic	.	AP012548.1_2473,CP003000.1_2227,CP142614.1_2192,CP142623.1_4148,CP142623.1_4149
contig_11177	9766350	9766795	9766600	CDS	AP012548.1_3617,AP012548.1_856,CP001429.2_862,CP001429.2_863,CP001487.1_3491,CP001487.1_3492,CP003000.1_1688,CP003000.1_3838,CP142614.1_3863,CP142614.1_573,CP142614.1_574,CP142623.1_1558,CP142623.1_2487
contig_11177	9766350	9766795	9766600	exon	AP012548.1_3617,AP012548.1_856,CP001429.2_862,CP001429.2_863,CP001487.1_3491,CP001487.1_3492,CP003000.1_1688,CP003000.1_3838,CP142614.1_3863,CP142614.1_573,CP142614.1_574,CP142623.1_1558,CP142623.1_2487
contig_11177	9766350	9766795	9766600	mRNA	AP012548.1_3617,AP012548.1_856,CP001429.2_862,CP001429.2_863,CP001487.1_3491,CP001487.1_3492,CP003000.1_1688,CP003000.1_3838,CP142614.1_3863,CP142614.1_573,CP142614.1_574,CP142623.1_1558,CP142623.1_2487
contig_11177	9766350	9766795	9766600	stop_codon	AP012548.1_3617,AP012548.1_856,CP001429.2_862,CP001429.2_863,CP001487.1_3491,CP001487.1_3492,CP003000.1_1688,CP003000.1_3838,CP142614.1_3863,CP142614.1_573,CP142614.1_574,CP142623.1_1558,CP142623.1_2487
contig_11177	9766350	9766795	9766779	gene	AP012548.1_3617,AP012548.1_856,CP001429.2_862,CP001429.2_863,CP001487.1_3491,CP001487.1_3492,CP003000.1_1688,CP003000.1_3838,CP142614.1_3863,CP142614.1_573,CP142614.1_574,CP142623.1_1558,CP142623.1_2487
contig_11177	9766350	9766795	9766779	polyA_signal_sequence	AP012548.1_3617,AP012548.1_856,CP001429.2_862,CP001429.2_863,CP001487.1_3491,CP001487.1_3492,CP003000.1_1688,CP003000.1_3838,CP142614.1_3863,CP142614.1_573,CP142614.1_574,CP142623.1_1558,CP142623.1_2487
contig_11177	9766779	9766795	intergenic	.	AP012548.1_3617,AP012548.1_856,CP001429.2_862,CP001429.2_863,CP001487.1_3491,CP001487.1_3492,CP003000.1_1688,CP003000.1_3838,CP142614.1_3863,CP142614.1_573,CP142614.1_574,CP142623.1_1558,CP142623.1_2487
contig_11177	9979369	9979464	intergenic	.	CP003000.1_109,CP142614.1_4050,CP142623.1_2300
contig_11177	10295074	10295164	intergenic	.	AP012548.1_1125,CP142614.1_844
contig_11182	97970	98129	102777	gene	AP012548.1_1337,CP142614.1_1054,CP142623.1_1074
contig_11182	97970	98129	102777	mRNA	AP012548.1_1337,CP142614.1_1054,CP142623.1_1074
contig_11182	1283492	1283581	intergenic	.	AP012548.1_2755,CP142614.1_2474,CP142623.1_3866,CP142623.1_3867
contig_11182	1966712	1966848	intergenic	.	CP001487.1_3950,CP142614.1_119,CP142623.1_2007
contig_11182	2147508	2147722	intergenic	.	AP012548.1_1244,CP001429.2_1250,CP001487.1_3120,CP003000.1_1338,CP142614.1_961,CP142623.1_1166,CP142623.1_1167
contig_11195	907672	907928	intergenic	.	AP012548.1_710,CP142614.1_428,CP142614.1_704,CP142623.1_1426,CP142623.1_1704
contig_11195	913377	913526	intergenic	.	CP142623.1_2119
contig_11200	1103335	1103529	intergenic	.	AP012548.1_3148,AP012548.1_3149,CP001487.1_1179,CP142614.1_2877,CP142614.1_2878,CP142623.1_3472
contig_11200	1103813	1104109	intergenic	.	AP012548.1_3031,AP012548.1_3263,CP001487.1_1066,CP001487.1_1297,CP003000.1_2807,CP142614.1_2760,CP142614.1_2993,CP142623.1_3361,CP142623.1_3591
contig_11203	70986	71298	intergenic	.	AP012548.1_2547,AP012548.1_2548,CP001487.1_1820,CP001487.1_1821,CP142614.1_2266,CP142623.1_394,CP142623.1_4075,CP142623.1_4076
contig_11203	253902	254055	intergenic	.	CP001487.1_717,CP003000.1_3379,CP142614.1_3343,CP142623.1_3012
contig_11203	757377	757541	intergenic	.	AP012548.1_1104,CP001429.2_1092,CP001487.1_3262,CP142614.1_822,CP142623.1_1308
contig_11203	1419291	1419651	intergenic	.	AP012548.1_2779,CP001487.1_3139,CP142614.1_2498,CP142623.1_3843
contig_11203	1561726	1561940	1579019	gene	AP012548.1_2358,CP001487.1_2009,CP142614.1_2076,CP142614.1_2077,CP142623.1_54
contig_11203	1561726	1561940	1579019	mRNA	AP012548.1_2358,CP001487.1_2009,CP142614.1_2076,CP142614.1_2077,CP142623.1_54
contig_11203	1799867	1799987	intergenic	.	AP012548.1_3528,CP142614.1_3256,CP142614.1_3257,CP142623.1_3099
contig_11203	1970386	1970480	intergenic	.	CP142614.1_1186,CP142623.1_942
contig_11203	2578190	2578352	intergenic	.	AP012548.1_1478,CP001429.2_3226,CP142614.1_1195,CP142623.1_934
contig_11203	2586540	2586646	intergenic	.	AP012548.1_2601,CP142614.1_2320
contig_11203	2593443	2593699	intergenic	.	CP001429.2_628,CP001487.1_3729,CP142614.1_1647
contig_11203	2725320	2725549	intergenic	.	CP142623.1_3787,CP142623.1_3788
contig_11203	2728949	2729586	intergenic	.	AP012548.1_1228,AP012548.1_1229,AP012548.1_1230,AP012548.1_1231,CP001487.1_3134,CP001487.1_3135,CP001487.1_3136,CP001487.1_3137,CP142614.1_945,CP142614.1_946,CP142614.1_947,CP142614.1_948,CP142623.1_1181,CP142623.1_1182,CP142623.1_1183
contig_11203	2891913	2892385	2892301	CDS	AP012548.1_1998,AP012548.1_1999,AP012548.1_2000,CP001429.2_2007,CP001429.2_2008,CP142614.1_1714,CP142614.1_1715,CP142614.1_1716,CP142623.1_413,CP142623.1_414,CP142623.1_415
contig_11203	2891913	2892385	2892301	exon	AP012548.1_1998,AP012548.1_1999,AP012548.1_2000,CP001429.2_2007,CP001429.2_2008,CP142614.1_1714,CP142614.1_1715,CP142614.1_1716,CP142623.1_413,CP142623.1_414,CP142623.1_415
contig_11203	2891913	2892385	2893792	gene	AP012548.1_1998,AP012548.1_1999,AP012548.1_2000,CP001429.2_2007,CP001429.2_2008,CP142614.1_1714,CP142614.1_1715,CP142614.1_1716,CP142623.1_413,CP142623.1_414,CP142623.1_415
contig_11203	2891913	2892385	2893792	mRNA	AP012548.1_1998,AP012548.1_1999,AP012548.1_2000,CP001429.2_2007,CP001429.2_2008,CP142614.1_1714,CP142614.1_1715,CP142614.1_1716,CP142623.1_413,CP142623.1_414,CP142623.1_415
contig_11203	2976814	2976930	intergenic	.	CP001429.2_1652,CP142614.1_1363,CP142623.1_766
contig_11230	15911	16055	intergenic	.	AP012548.1_663,CP142614.1_380,CP142623.1_1750
contig_11230	888836	888980	intergenic	.	AP012548.1_1619,CP142614.1_1336,CP142623.1_792
contig_11230	979941	980104	intergenic	.	AP012548.1_1121,CP142614.1_840
contig_11230	1118099	1118211	intergenic	.	AP012548.1_2113,CP001487.1_2252,CP003000.1_553,CP142614.1_1830,CP142623.1_298
contig_11230	1155328	1155450	intergenic	.	AP012548.1_2204,CP142614.1_1921,CP142623.1_207,CP142623.1_208
contig_11230	1200867	1200979	intergenic	.	AP012548.1_27,CP142623.1_2384
contig_11230	1208864	1209025	intergenic	.	AP012548.1_3204,CP142614.1_2932,CP142623.1_3416,CP142623.1_3417
contig_11230	1410285	1410438	intergenic	.	CP001429.2_198,CP001487.1_4162,CP003000.1_184,CP003000.1_185,CP142614.1_4136,CP142623.1_2214
contig_11230	1545235	1545397	intergenic	.	AP012548.1_3115,AP012548.1_4162,CP003000.1_3861,CP142614.1_2844,CP142614.1_3885,CP142614.1_3886,CP142623.1_2464,CP142623.1_3506
contig_11230	1555995	1556116	intergenic	.	AP012548.1_498,CP001487.1_3854,CP142614.1_216
contig_11230	1716572	1716765	intergenic	.	AP012548.1_1020,AP012548.1_1021,CP142614.1_738,CP142614.1_739,CP142623.1_1392
contig_11230	1821979	1822106	intergenic	.	CP142614.1_1958,CP142623.1_171
contig_11230	2193326	2193574	intergenic	.	AP012548.1_1539,CP001487.1_2826,CP142614.1_1256,CP142623.1_872,CP142623.1_873
contig_11230	2632591	2632836	intergenic	.	AP012548.1_2273,CP001487.1_2093,CP003000.1_2032,CP142614.1_1990,CP142614.1_1991,CP142623.1_138
contig_11230	2636592	2636969	intergenic	.	AP012548.1_2587,AP012548.1_3825,CP142614.1_3548,CP142623.1_2801
contig_11230	2861525	2861747	2873705	gene	AP012548.1_3162,CP001429.2_3199,CP142614.1_2891,CP142623.1_3458
contig_11230	2861525	2861747	2873705	mRNA	AP012548.1_3162,CP001429.2_3199,CP142614.1_2891,CP142623.1_3458
contig_11230	2941549	2941735	intergenic	.	AP012548.1_1377,AP012548.1_3233,CP142614.1_1094,CP142614.1_2961,CP142623.1_1034
contig_11230	3082097	3082173	intergenic	.	AP012548.1_3680
contig_11230	3199685	3200040	intergenic	.	AP012548.1_1657,AP012548.1_1659,CP001487.1_2706,CP142614.1_1375,CP142623.1_754,CP142623.1_755
contig_11230	3616070	3616165	intergenic	.	CP142623.1_2950
contig_11230	4816032	4816348	4843637	gene	AP012548.1_199,AP012548.1_200,CP001429.2_202,CP001487.1_4159,CP142614.1_4138,CP142614.1_4139,CP142623.1_2211
contig_11230	4816032	4816348	4843637	mRNA	AP012548.1_199,AP012548.1_200,CP001429.2_202,CP001487.1_4159,CP142614.1_4138,CP142614.1_4139,CP142623.1_2211
contig_11255	1642279	1642516	intergenic	.	AP012548.1_430,CP001487.1_3921,CP142614.1_148,CP142614.1_149,CP142623.1_1978
contig_11255	1718752	1718857	intergenic	.	AP012548.1_1837,CP001487.1_2528,CP142614.1_1553,CP142623.1_576
contig_11255	1962311	1962474	intergenic	.	AP012548.1_3597,AP012548.1_3598,CP142614.1_3326,CP142614.1_3327,CP142623.1_3029
contig_11255	2768049	2768156	2779808	gene	AP012548.1_57,CP142614.1_3996,CP142614.1_3997,CP142623.1_2353,CP142623.1_2354
contig_11255	2768049	2768156	2779808	mRNA	AP012548.1_57,CP142614.1_3996,CP142614.1_3997,CP142623.1_2353,CP142623.1_2354
contig_11255	2840253	2840426	2868766	mRNA	AP012548.1_1256,CP142614.1_974,CP142623.1_1155
contig_11255	2840253	2840426	2868829	gene	AP012548.1_1256,CP142614.1_974,CP142623.1_1155
contig_11301	1730976	1731071	intergenic	.	AP012548.1_2582,CP142614.1_2301,CP142623.1_4039
contig_11301	1952617	1953306	1993130	gene	AP012548.1_3110,AP012548.1_3111,AP012548.1_3112,AP012548.1_3113,AP012548.1_3114,CP001429.2_3148,CP001429.2_3149,CP001487.1_1217,CP003000.1_2887,CP142614.1_2838,CP142614.1_2839,CP142614.1_2840,CP142614.1_2841,CP142614.1_2842,CP142623.1_3508,CP142623.1_3509,CP142623.1_3510,CP142623.1_3511,CP142623.1_3512
contig_11301	1952617	1953306	1993130	mRNA	AP012548.1_3110,AP012548.1_3111,AP012548.1_3112,AP012548.1_3113,AP012548.1_3114,CP001429.2_3148,CP001429.2_3149,CP001487.1_1217,CP003000.1_2887,CP142614.1_2838,CP142614.1_2839,CP142614.1_2840,CP142614.1_2841,CP142614.1_2842,CP142623.1_3508,CP142623.1_3509,CP142623.1_3510,CP142623.1_3511,CP142623.1_3512
contig_11301	3354738	3355022	intergenic	.	AP012548.1_1271,AP012548.1_1272,CP001487.1_3093,CP003000.1_1311,CP142614.1_988,CP142614.1_989,CP142623.1_1139,CP142623.1_1140,CP142623.1_1141
contig_11301	5547838	5548050	intergenic	.	AP012548.1_3095,CP142623.1_507
contig_11309	62537	62697	99375	gene	AP012548.1_3651,CP142614.1_3379,CP142623.1_2976
contig_11309	62537	62697	99375	mRNA	AP012548.1_3651,CP142614.1_3379,CP142623.1_2976
contig_11309	491148	491241	intergenic	.	CP142623.1_4109
contig_11309	1659482	1659607	1707294	gene	AP012548.1_1988,CP142614.1_1704,CP142623.1_424
contig_11309	1659482	1659607	1707294	mRNA	AP012548.1_1988,CP142614.1_1704,CP142623.1_424
contig_11324	1178964	1179039	1185395	gene	CP001487.1_3241
contig_11324	1178964	1179039	1185395	mRNA	CP001487.1_3241
contig_11324	1210515	1210605	intergenic	.	AP012548.1_2351,AP012548.1_2352,CP001429.2_2365,CP003000.1_2109,CP142614.1_2070,CP142623.1_60
contig_11324	3290529	3290679	intergenic	.	CP142623.1_1281
contig_11353	220855	220983	intergenic	.	AP012548.1_4212,CP142614.1_3935,CP142614.1_3936,CP142623.1_2414,CP142623.1_2415
contig_11353	221314	221407	intergenic	.	AP012548.1_4213,CP142614.1_3936,CP142623.1_2414
contig_11353	619687	619763	623032	mRNA	AP012548.1_2042,CP142614.1_1759,CP142623.1_371
contig_11353	619687	619763	623110	gene	AP012548.1_2042,CP142614.1_1759,CP142623.1_371
contig_11458	421150	421198	intergenic	.	AP012548.1_3345,CP142623.1_3279
contig_11458	421150	421294	421204	polyA_signal_sequence	AP012548.1_3345,CP142623.1_3279
contig_11458	421150	421294	422004	gene	AP012548.1_3345,CP142623.1_3279
contig_11458	725883	725980	intergenic	.	AP012548.1_4050,CP142614.1_3773,CP142623.1_2576
contig_11458	928045	928333	intergenic	.	AP012548.1_2533,CP001429.2_2549,CP001487.1_1836,CP142614.1_2251,CP142623.1_4090
contig_11458	1020123	1020467	intergenic	.	AP012548.1_2377,AP012548.1_2961,CP142614.1_2096,CP142614.1_2689,CP142623.1_35,CP142623.1_3663
contig_11458	1048227	1048466	intergenic	.	AP012548.1_549,CP001487.1_3796,CP003000.1_1939,CP142614.1_2156,CP142614.1_266,CP142614.1_267,CP142623.1_1865
contig_11458	2430721	2431301	intergenic	.	AP012548.1_186,AP012548.1_3978,AP012548.1_846,CP142614.1_4126,CP142623.1_2224
contig_11458	2540514	2540872	2553872	gene	AP012548.1_2923,CP001429.2_2960,CP142614.1_2652,CP142614.1_987
contig_11458	2540514	2540872	2553872	mRNA	AP012548.1_2923,CP001429.2_2960,CP142614.1_2652,CP142614.1_987
contig_11458	2568851	2568925	intergenic	.	CP142623.1_3701
contig_11458	2568851	2568942	2568931	polyA_signal_sequence	CP142623.1_3701
contig_11458	2568851	2568942	2575901	gene	CP142623.1_3701
contig_11458	2660856	2661059	intergenic	.	AP012548.1_3580,CP142614.1_3309
contig_11458	2671895	2672067	intergenic	.	AP012548.1_2680,CP142614.1_2399,CP142623.1_3942
contig_11510	73070	73186	intergenic	.	AP012548.1_2161,CP142614.1_1878,CP142623.1_251
contig_11537	266425	266540	intergenic	.	CP142614.1_687,CP142623.1_1444
contig_11537	281512	281613	intergenic	.	CP142623.1_2050
contig_11537	384432	384579	intergenic	.	AP012548.1_2898,CP142614.1_2627,CP142623.1_3725,CP142623.1_3726
contig_11544	395601	395759	intergenic	.	AP012548.1_3716,CP001487.1_616,CP142614.1_3439,CP142623.1_2910
contig_11544	1731626	1731841	1738965	gene	AP012548.1_1852,AP012548.1_1853,CP001487.1_2511,CP003000.1_798,CP142614.1_1568,CP142614.1_1569,CP142623.1_560
contig_11544	1731626	1731841	1738965	mRNA	AP012548.1_1852,AP012548.1_1853,CP001487.1_2511,CP003000.1_798,CP142614.1_1568,CP142614.1_1569,CP142623.1_560
contig_11572	104554	104815	intergenic	.	AP012548.1_1320,AP012548.1_1321,CP001487.1_3044,CP142623.1_1090
contig_11574	16329	16504	intergenic	.	AP012548.1_1258,CP142623.1_1153
contig_11617	179368	179580	179581	CDS	AP012548.1_29,CP001487.1_82,CP142614.1_3969,CP142623.1_2381
contig_11617	179368	179580	179581	exon	AP012548.1_29,CP001487.1_82,CP142614.1_3969,CP142623.1_2381
contig_11617	179368	179580	196687	gene	AP012548.1_29,CP001487.1_82,CP142614.1_3969,CP142623.1_2381
contig_11617	179368	179580	196687	mRNA	AP012548.1_29,CP001487.1_82,CP142614.1_3969,CP142623.1_2381
contig_11617	671348	671792	intergenic	.	AP012548.1_1145,AP012548.1_3600,AP012548.1_3601,CP001487.1_730,CP142614.1_3329,CP142614.1_3330,CP142614.1_864,CP142623.1_1266
contig_11617	1282774	1282872	intergenic	.	AP012548.1_359,CP142614.1_76
contig_11703	985110	985239	intergenic	.	AP012548.1_1598,CP142614.1_1315
contig_11708	135541	135762	intergenic	.	AP012548.1_1996,CP001429.2_2004,CP142614.1_1712,CP142623.1_416
contig_11708	2276101	2276287	2296677	gene	AP012548.1_873,CP001429.2_880,CP142614.1_591,CP142623.1_1541
contig_11708	2276101	2276287	2296677	mRNA	AP012548.1_873,CP001429.2_880,CP142614.1_591,CP142623.1_1541
contig_11708	2474600	2474680	intergenic	.	AP012548.1_2457,CP001429.2_2472,CP142623.1_4165
contig_11713	116722	116883	intergenic	.	AP012548.1_3877,CP001487.1_453,CP142614.1_3601
contig_11713	568535	568748	618738	gene	AP012548.1_184,CP142614.1_4124,CP142623.1_2226,CP142623.1_2227
contig_11713	568535	568748	618738	mRNA	AP012548.1_184,CP142614.1_4124,CP142623.1_2226,CP142623.1_2227
contig_11713	1902282	1902430	1937477	gene	AP012548.1_1057,CP001487.1_3309
contig_11713	1902282	1902430	1937477	mRNA	AP012548.1_1057,CP001487.1_3309
contig_11713	2330173	2330277	intergenic	.	AP012548.1_3637,CP001487.1_695,CP003000.1_3401,CP142614.1_3366,CP142623.1_2989
contig_11713	3089622	3089812	intergenic	.	AP012548.1_1238,CP142614.1_955
contig_11713	3323608	3323727	intergenic	.	CP142614.1_940,CP142623.1_1189
contig_11713	3783160	3783279	3912578	mRNA	CP001429.2_1931,CP003000.1_728,CP142623.1_489
contig_11713	3783160	3783279	3912604	gene	CP001429.2_1931,CP003000.1_728,CP142623.1_489
contig_11713	3788254	3788503	3912578	mRNA	AP012548.1_2957,AP012548.1_2958,CP001429.2_2994,CP003000.1_2735,CP142614.1_2686,CP142614.1_2687,CP142623.1_3665,CP142623.1_3666,CP142623.1_3667
contig_11713	3788254	3788503	3912604	gene	AP012548.1_2957,AP012548.1_2958,CP001429.2_2994,CP003000.1_2735,CP142614.1_2686,CP142614.1_2687,CP142623.1_3665,CP142623.1_3666,CP142623.1_3667
contig_11713	4019743	4019885	4045153	gene	AP012548.1_4142,CP001487.1_185,CP142623.1_2484
contig_11713	4019743	4019885	4045153	mRNA	AP012548.1_4142,CP001487.1_185,CP142623.1_2484
contig_11715	14418	14545	intergenic	.	AP012548.1_3069,CP142614.1_2798
contig_11773	1348765	1349129	1364996	mRNA	AP012548.1_143,AP012548.1_144,AP012548.1_145,CP142614.1_4082,CP142614.1_4083,CP142614.1_4084,CP142623.1_2266,CP142623.1_2267,CP142623.1_2268
contig_11773	1348765	1349129	1365194	gene	AP012548.1_143,AP012548.1_144,AP012548.1_145,CP142614.1_4082,CP142614.1_4083,CP142614.1_4084,CP142623.1_2266,CP142623.1_2267,CP142623.1_2268
contig_11773	1354468	1354630	1364996	mRNA	AP012548.1_64,CP142614.1_4004,CP142623.1_2346
contig_11773	1354468	1354630	1365194	gene	AP012548.1_64,CP142614.1_4004,CP142623.1_2346
contig_11773	1551979	1552209	1586638	mRNA	AP012548.1_3942,AP012548.1_3943,CP001429.2_3982,CP001487.1_388,CP142614.1_3666,CP142623.1_2683,CP142623.1_2684
contig_11773	1551979	1552209	1586738	gene	AP012548.1_3942,AP012548.1_3943,CP001429.2_3982,CP001487.1_388,CP142614.1_3666,CP142623.1_2683,CP142623.1_2684
contig_11773	1724437	1724566	1729119	gene	AP012548.1_4190
contig_11773	1724437	1724566	1729119	mRNA	AP012548.1_4190
contig_11773	1740510	1740639	1775514	gene	CP142623.1_787
contig_11773	1740510	1740639	1775514	mRNA	CP142623.1_787
contig_11773	2293342	2293719	2318015	mRNA	AP012548.1_2556,AP012548.1_2557,CP142614.1_2275,CP142614.1_4174,CP142623.1_4066,CP142623.1_4067
contig_11773	2293342	2293719	2318948	gene	AP012548.1_2556,AP012548.1_2557,CP142614.1_2275,CP142614.1_4174,CP142623.1_4066,CP142623.1_4067
contig_11773	2716752	2716898	intergenic	.	CP001487.1_763,CP142614.1_3297
contig_11810	97788	97887	99045	mRNA	CP142623.1_3552
contig_11810	97788	97887	99123	gene	CP142623.1_3552
contig_11810	231202	231517	233365	mRNA	AP012548.1_1975,AP012548.1_1976,CP001487.1_2390,CP003000.1_686,CP142614.1_1691,CP142614.1_1692,CP142623.1_437,CP142623.1_438
contig_11810	231202	231517	233670	gene	AP012548.1_1975,AP012548.1_1976,CP001487.1_2390,CP003000.1_686,CP142614.1_1691,CP142614.1_1692,CP142623.1_437,CP142623.1_438
contig_11810	429108	429208	intergenic	.	AP012548.1_1391,CP001429.2_1398,CP142623.1_1020
contig_11810	1072411	1072588	intergenic	.	AP012548.1_2715,CP001429.2_2748,CP142614.1_2434,CP142623.1_3907
contig_11810	1735693	1735879	intergenic	.	AP012548.1_535,CP001487.1_3813,CP142614.1_253,CP142614.1_254,CP142623.1_1877
contig_11810	1802449	1802550	intergenic	.	AP012548.1_67,CP142614.1_4007,CP142623.1_2343
contig_11810	1878909	1879219	1917532	mRNA	AP012548.1_1808,AP012548.1_1809,AP012548.1_1810,CP142614.1_1524,CP142614.1_1525,CP142614.1_1526,CP142623.1_603,CP142623.1_604
contig_11810	1878909	1879219	1918189	gene	AP012548.1_1808,AP012548.1_1809,AP012548.1_1810,CP142614.1_1524,CP142614.1_1525,CP142614.1_1526,CP142623.1_603,CP142623.1_604
contig_11810	1954995	1955175	intergenic	.	AP012548.1_471,CP142614.1_188,CP142614.1_189,CP142623.1_1938
contig_11810	2233666	2233791	2273624	gene	AP012548.1_281,CP142614.1_4221
contig_11810	2233666	2233791	2273624	mRNA	AP012548.1_281,CP142614.1_4221
contig_11810	2421076	2421385	intergenic	.	AP012548.1_1455,AP012548.1_1456,CP001487.1_2909,CP142614.1_1172,CP142614.1_1173,CP142623.1_955,CP142623.1_956
contig_11810	2581585	2581789	intergenic	.	AP012548.1_1394,AP012548.1_600,CP001487.1_2971,CP003000.1_1190,CP142614.1_317,CP142623.1_1017,CP142623.1_1814
contig_11810	2971181	2971550	intergenic	.	AP012548.1_1123,CP142614.1_843,CP142623.1_1287
contig_11907	181042	181207	intergenic	.	AP012548.1_327,CP142614.1_44
contig_11907	255625	255708	intergenic	.	CP142614.1_186
contig_11907	490761	490877	intergenic	.	AP012548.1_3820,CP003000.1_3576,CP142614.1_3544
contig_11907	649308	649776	intergenic	.	AP012548.1_2730,AP012548.1_40,AP012548.1_763,AP012548.1_764,CP001429.2_41,CP001487.1_2767,CP001487.1_71,CP003000.1_40,CP142614.1_2449,CP142614.1_3980,CP142614.1_481,CP142623.1_1650,CP142623.1_2370,CP142623.1_3892,CP142623.1_813
contig_11907	1517452	1517628	intergenic	.	AP012548.1_35,CP142614.1_3975,CP142623.1_2374,CP142623.1_2375
contig_11907	1518942	1519135	intergenic	.	AP012548.1_3857,AP012548.1_3858,CP001429.2_3896,CP001487.1_473,CP142614.1_3581,CP142623.1_2768,CP142623.1_2769
contig_11907	1544566	1544721	intergenic	.	AP012548.1_328,CP142623.1_2081
contig_11907	1574332	1574445	1583854	mRNA	CP142614.1_577,CP142623.1_1554
contig_11907	1574332	1574445	1584048	gene	CP142614.1_577,CP142623.1_1554
contig_11907	1764161	1764323	intergenic	.	AP012548.1_3827,CP142623.1_2799
contig_11917	72102	72261	intergenic	.	CP142614.1_126
contig_11917	665847	665975	666025	CDS	AP012548.1_1419,CP001429.2_1427,CP001487.1_2945,CP142614.1_1136,CP142623.1_992
contig_11917	665847	665975	666025	exon	AP012548.1_1419,CP001429.2_1427,CP001487.1_2945,CP142614.1_1136,CP142623.1_992
contig_11917	665847	665975	666025	mRNA	AP012548.1_1419,CP001429.2_1427,CP001487.1_2945,CP142614.1_1136,CP142623.1_992
contig_11917	665847	665975	666719	gene	AP012548.1_1419,CP001429.2_1427,CP001487.1_2945,CP142614.1_1136,CP142623.1_992
contig_11917	735410	735582	738807	gene	AP012548.1_2522,CP001429.2_2538,CP001487.1_1846,CP142614.1_2240,CP142623.1_4100
contig_11917	735410	735582	738807	mRNA	AP012548.1_2522,CP001429.2_2538,CP001487.1_1846,CP142614.1_2240,CP142623.1_4100
contig_11917	769516	769594	795269	mRNA	CP142614.1_3480
contig_11917	769516	769594	795384	gene	CP142614.1_3480
contig_11917	891624	891760	intergenic	.	CP142614.1_3055,CP142623.1_3299
contig_11917	1251043	1251185	intergenic	.	AP012548.1_993,CP001487.1_3373,CP003000.1_1574,CP142614.1_711,CP142623.1_1420
contig_11917	1421719	1421922	1509969	mRNA	AP012548.1_4035,CP142614.1_3758,CP142623.1_2591
contig_11917	1421719	1421922	1510054	gene	AP012548.1_4035,CP142614.1_3758,CP142623.1_2591
contig_11917	1425940	1426069	1509969	mRNA	AP012548.1_3170,CP142614.1_2899,CP142623.1_3450
contig_11917	1425940	1426069	1510054	gene	AP012548.1_3170,CP142614.1_2899,CP142623.1_3450
contig_11917	1525118	1525247	intergenic	.	AP012548.1_332,CP003000.1_288,CP142614.1_48,CP142623.1_2077
contig_11917	1572428	1572585	intergenic	.	AP012548.1_3519,AP012548.1_929,CP001487.1_3417,CP142614.1_3247,CP142614.1_646,CP142614.1_647,CP142623.1_1485,CP142623.1_3108
contig_11917	1849731	1849860	1858007	gene	AP012548.1_2208,CP142614.1_1925
contig_11917	1849731	1849860	1858007	mRNA	AP012548.1_2208,CP142614.1_1925
contig_11917	2099077	2099186	2148242	mRNA	AP012548.1_2727,CP001429.2_2760,CP142614.1_2446,CP142623.1_3895
contig_11917	2099077	2099186	2148552	gene	AP012548.1_2727,CP001429.2_2760,CP142614.1_2446,CP142623.1_3895
contig_11917	2134725	2134844	2148242	mRNA	AP012548.1_3804,AP012548.1_3805,CP142614.1_3528,CP142623.1_2821,CP142623.1_2822
contig_11917	2134725	2134844	2148552	gene	AP012548.1_3804,AP012548.1_3805,CP142614.1_3528,CP142623.1_2821,CP142623.1_2822
contig_11932	54441	54539	intergenic	.	CP142614.1_2556,CP142623.1_3796
contig_11932	398003	398081	intergenic	.	AP012548.1_2160,CP142614.1_1876
contig_11932	446157	446372	intergenic	.	AP012548.1_550,AP012548.1_551,CP003000.1_1937,CP142614.1_267,CP142614.1_268,CP142623.1_1863,CP142623.1_1864
contig_11932	589222	589370	intergenic	.	CP142623.1_3459
contig_11932	698967	699124	intergenic	.	AP012548.1_3937,CP142614.1_3660,CP142623.1_2689
contig_11932	768953	769129	intergenic	.	AP012548.1_1326,AP012548.1_3852,CP142614.1_1044,CP142614.1_3575,CP142623.1_1085,CP142623.1_2774
contig_11932	1032730	1032911	1045345	mRNA	AP012548.1_3161,CP142614.1_2890
contig_11932	1032730	1032911	1045503	gene	AP012548.1_3161,CP142614.1_2890
contig_11932	1120573	1120827	intergenic	.	AP012548.1_1074,AP012548.1_1682,CP142614.1_1398,CP142614.1_793,CP142623.1_731
contig_11932	1204830	1204967	1207773	mRNA	CP142614.1_2044,CP142623.1_85
contig_11932	1204830	1204967	1207803	gene	CP142614.1_2044,CP142623.1_85
contig_11932	1277255	1277409	intergenic	.	AP012548.1_3856,CP142614.1_3580,CP142623.1_2770
contig_11932	1319145	1319335	intergenic	.	CP001487.1_2275,CP142614.1_1807,CP142614.1_1808,CP142623.1_321
contig_11932	1355962	1356258	1356560	mRNA	AP012548.1_727,AP012548.1_728,CP001429.2_344,CP001429.2_743,CP001487.1_3619,CP142614.1_445,CP142614.1_446,CP142623.1_1686,CP142623.1_1687
contig_11932	1355962	1356258	1356870	gene	AP012548.1_727,AP012548.1_728,CP001429.2_344,CP001429.2_743,CP001487.1_3619,CP142614.1_445,CP142614.1_446,CP142623.1_1686,CP142623.1_1687
contig_11932	1641358	1641489	intergenic	.	CP142614.1_3314
contig_11932	1767244	1767690	intergenic	.	AP012548.1_2535,AP012548.1_3049,CP001429.2_2552,CP142614.1_2254,CP142623.1_4087
contig_11932	1834392	1834665	1850783	mRNA	AP012548.1_3299,CP142614.1_2184,CP142614.1_3028,CP142623.1_3326,CP142623.1_4157
contig_11932	1834392	1834665	1850911	gene	AP012548.1_3299,CP142614.1_2184,CP142614.1_3028,CP142623.1_3326,CP142623.1_4157
contig_11932	2374073	2374289	intergenic	.	AP012548.1_955,CP142614.1_674,CP142623.1_1457
contig_11932	2751765	2751882	intergenic	.	AP012548.1_2961,CP142614.1_2690,CP142623.1_3662
contig_11932	2765574	2765654	intergenic	.	CP001429.2_732
contig_11932	4620837	4621134	4645972	mRNA	CP142614.1_2707,CP142623.1_3644,CP142623.1_3645
contig_11932	4620837	4621134	4646051	gene	CP142614.1_2707,CP142623.1_3644,CP142623.1_3645
contig_11932	4632363	4632642	4645972	mRNA	AP012548.1_4143,CP001487.1_2353,CP142614.1_1728,CP142614.1_3866,CP142614.1_3867,CP142623.1_2483,CP142623.1_2484,CP142623.1_400
contig_11932	4632363	4632642	4646051	gene	AP012548.1_4143,CP001487.1_2353,CP142614.1_1728,CP142614.1_3866,CP142614.1_3867,CP142623.1_2483,CP142623.1_2484,CP142623.1_400
contig_11932	5889666	5889939	intergenic	.	AP012548.1_1736,AP012548.1_638,CP001429.2_650,CP001487.1_2629,CP001487.1_3707,CP142614.1_1452,CP142614.1_355,CP142623.1_1776,CP142623.1_677
contig_11932	6372498	6372609	intergenic	.	AP012548.1_1950,CP001487.1_2415,CP142614.1_1666,CP142623.1_462
contig_11932	6372882	6373060	intergenic	.	AP012548.1_1951,CP001487.1_2414,CP142614.1_1667,CP142623.1_462
contig_11932	6373652	6374484	intergenic	.	AP012548.1_1954,AP012548.1_1955,AP012548.1_1956,AP012548.1_1958,AP012548.1_1959,CP001429.2_1962,CP001487.1_2408,CP001487.1_2409,CP142614.1_1670,CP142614.1_1671,CP142614.1_1672,CP142623.1_454,CP142623.1_455,CP142623.1_456,CP142623.1_457,CP142623.1_458
contig_11932	6448702	6448920	intergenic	.	AP012548.1_554,AP012548.1_555,CP001429.2_567,CP001487.1_3790,CP003000.1_1933,CP003000.1_1934,CP142614.1_271,CP142614.1_272,CP142623.1_1858,CP142623.1_1859
contig_11932	6531561	6531699	intergenic	.	CP001429.2_3291,CP142614.1_2983,CP142623.1_3371
contig_11932	7378140	7378269	intergenic	.	AP012548.1_1658,AP012548.1_2284,CP142614.1_1374,CP142614.1_2001,CP142623.1_128
contig_11998	166451	166649	intergenic	.	AP012548.1_1601,AP012548.1_1602,CP142614.1_1318
contig_11998	220293	220497	233888	gene	AP012548.1_1087,AP012548.1_20,CP001487.1_3278,CP142614.1_3960,CP142614.1_806,CP142623.1_1324,CP142623.1_2390
contig_11998	220293	220497	233888	mRNA	AP012548.1_1087,AP012548.1_20,CP001487.1_3278,CP142614.1_3960,CP142614.1_806,CP142623.1_1324,CP142623.1_2390
contig_11998	658984	659065	intergenic	.	AP012548.1_415
contig_12006	16165	16354	intergenic	.	AP012548.1_571,CP142614.1_288,CP142614.1_289,CP142623.1_1842,CP142623.1_1843
contig_12006	48995	49165	113181	gene	AP012548.1_3488,AP012548.1_3489,CP001487.1_843,CP142614.1_3217,CP142623.1_3138
contig_12006	48995	49165	113181	mRNA	AP012548.1_3488,AP012548.1_3489,CP001487.1_843,CP142614.1_3217,CP142623.1_3138
contig_12006	55405	55833	113181	gene	CP142614.1_4166,CP142623.1_1895,CP142623.1_2185
contig_12006	55405	55833	113181	mRNA	CP142614.1_4166,CP142623.1_1895,CP142623.1_2185
contig_12006	282167	282292	343476	mRNA	CP142614.1_3743,CP142623.1_2606
contig_12006	282167	282292	343765	gene	CP142614.1_3743,CP142623.1_2606
contig_12031	1331138	1331314	intergenic	.	AP012548.1_756,CP142614.1_474,CP142623.1_1658
contig_12031	1403540	1403685	1404752	mRNA	AP012548.1_3615,CP001429.2_3659,CP142614.1_3344,CP142623.1_3011
contig_12031	1403540	1403685	1405944	gene	AP012548.1_3615,CP001429.2_3659,CP142614.1_3344,CP142623.1_3011
contig_12031	1458355	1458472	intergenic	.	AP012548.1_565,CP142614.1_282,CP142623.1_1849
contig_12031	1587275	1587353	intergenic	.	CP142614.1_4143,CP142623.1_2207
contig_12031	1702847	1703290	intergenic	.	AP012548.1_3054,AP012548.1_4187,AP012548.1_4188,CP001487.1_140,CP142614.1_2782,CP142614.1_2783,CP142614.1_3911,CP142614.1_3912,CP142623.1_2438,CP142623.1_2439,CP142623.1_3567,CP142623.1_3568
contig_12031	1902020	1902277	intergenic	.	AP012548.1_1311,CP001429.2_1318,CP001487.1_3053,CP142614.1_1028,CP142614.1_3632,CP142623.1_1100
contig_12031	2086021	2086297	2112406	gene	AP012548.1_1862,CP142614.1_1578,CP142623.1_549,CP142623.1_551
contig_12031	2086021	2086297	2112406	mRNA	AP012548.1_1862,CP142614.1_1578,CP142623.1_549,CP142623.1_551
contig_12061	938338	938453	intergenic	.	CP142623.1_1013
contig_12061	1225399	1225474	intergenic	.	AP012548.1_3465,CP142614.1_3193,CP142623.1_3162
contig_12061	1288356	1288502	intergenic	.	AP012548.1_336
contig_12061	1646367	1646488	intergenic	.	CP142614.1_3771
contig_12061	1714775	1714923	1715395	mRNA	CP142614.1_2042
contig_12061	1714775	1714923	1715418	gene	CP142614.1_2042
contig_12061	1758622	1758758	1763570	mRNA	AP012548.1_1009,CP142614.1_728,CP142623.1_1403
contig_12061	1758622	1758758	1764196	gene	AP012548.1_1009,CP142614.1_728,CP142623.1_1403
contig_12061	1995580	1995711	intergenic	.	AP012548.1_3450,CP142614.1_3178
contig_12061	2661772	2661871	intergenic	.	AP012548.1_1802,CP142614.1_1518,CP142623.1_611
contig_12061	2888944	2889598	2905858	mRNA	AP012548.1_1141,AP012548.1_1142,AP012548.1_1143,CP003000.1_1440,CP142614.1_860,CP142614.1_861,CP142614.1_862,CP142623.1_1269,CP142623.1_1270,CP142623.1_1271,CP142623.1_461
contig_12061	2888944	2889598	2905935	gene	AP012548.1_1141,AP012548.1_1142,AP012548.1_1143,CP003000.1_1440,CP142614.1_860,CP142614.1_861,CP142614.1_862,CP142623.1_1269,CP142623.1_1270,CP142623.1_1271,CP142623.1_461
contig_12061	4357821	4358178	intergenic	.	AP012548.1_337,AP012548.1_338,CP001429.2_340,CP001487.1_4023,CP003000.1_293,CP003000.1_294,CP142614.1_54,CP142614.1_55,CP142623.1_2071,CP142623.1_2072
contig_12061	4451050	4451215	4477316	mRNA	AP012548.1_3265,CP001429.2_3301,CP142614.1_2994,CP142623.1_3359
contig_12061	4451050	4451215	4477516	gene	AP012548.1_3265,CP001429.2_3301,CP142614.1_2994,CP142623.1_3359
contig_12061	4525742	4526040	intergenic	.	AP012548.1_391,CP001487.1_3960,CP142614.1_109,CP142623.1_2019
contig_12075	205542	205743	intergenic	.	AP012548.1_3783,CP001429.2_3821,CP001487.1_547,CP142614.1_3506
contig_12075	393016	393164	intergenic	.	AP012548.1_3237
contig_12075	400394	400617	intergenic	.	AP012548.1_3238,CP142614.1_2966
contig_12075	1170936	1171016	intergenic	.	AP012548.1_202,CP142614.1_4142,CP142623.1_2208
contig_12075	1293563	1294051	intergenic	.	AP012548.1_1774,AP012548.1_2159,AP012548.1_399,CP001487.1_3952,CP142614.1_116,CP142614.1_1490,CP142614.1_1875,CP142614.1_1876,CP142623.1_2010,CP142623.1_253,CP142623.1_639
contig_12075	1391670	1391934	intergenic	.	AP012548.1_3355,CP142614.1_3085,CP142614.1_3086,CP142623.1_3268,CP142623.1_3269,CP142623.1_3270
contig_12075	1419848	1419941	1429391	mRNA	AP012548.1_3145,CP142623.1_3477
contig_12075	1419848	1419941	1429487	gene	AP012548.1_3145,CP142623.1_3477
contig_12098	16131	16272	intergenic	.	AP012548.1_1464,CP142614.1_1181
contig_12098	1314802	1314977	intergenic	.	AP012548.1_3986,CP142614.1_3030,CP142623.1_2640,CP142623.1_3324
contig_12098	2064465	2064682	intergenic	.	CP001429.2_2300,CP001429.2_2565,CP001487.1_1819,CP003000.1_2296,CP142614.1_2267,CP142623.1_4073,CP142623.1_4074
contig_1218	322978	323063	intergenic	.	AP012548.1_823,CP142614.1_541
contig_12189	9102	9242	intergenic	.	AP012548.1_1653,CP142614.1_1369,CP142623.1_759,CP142623.1_760
contig_12229	14542	14635	intergenic	.	AP012548.1_1166,CP142614.1_885,CP142623.1_1245
contig_12230	19047	19288	intergenic	.	AP012548.1_3299,CP001429.2_3335,CP001487.1_1031,CP142614.1_3029,CP142623.1_2017,CP142623.1_3325
contig_12230	110663	110967	intergenic	.	AP012548.1_3560,AP012548.1_3561,CP001429.2_3605,CP142614.1_3289,CP142614.1_3290,CP142623.1_3065,CP142623.1_3066
contig_12230	146694	146879	intergenic	.	AP012548.1_2133,CP001487.1_2232,CP142614.1_1850,CP142623.1_279
contig_12237	356442	356540	intergenic	.	AP012548.1_860,CP142614.1_578
contig_12237	1031082	1031235	1044025	mRNA	AP012548.1_1561,CP001429.2_1568,CP001487.1_2804,CP142614.1_1278,CP142623.1_850,CP142623.1_851
contig_12237	1031082	1031235	1044451	gene	AP012548.1_1561,CP001429.2_1568,CP001487.1_2804,CP142614.1_1278,CP142623.1_850,CP142623.1_851
contig_12237	1126748	1127022	intergenic	.	AP012548.1_2129,CP142623.1_283,CP142623.1_347
contig_12237	1713469	1713633	1721026	mRNA	AP012548.1_3440,CP001487.1_890,CP001487.1_891,CP142614.1_3168,CP142623.1_3186
contig_12237	1713469	1713633	1721040	gene	AP012548.1_3440,CP001487.1_890,CP001487.1_891,CP142614.1_3168,CP142623.1_3186
contig_12237	1892073	1892151	1894704	mRNA	CP142623.1_3473
contig_12237	1892073	1892151	1894797	gene	CP142623.1_3473
contig_12237	2401356	2401538	intergenic	.	AP012548.1_3953,AP012548.1_3954,CP003000.1_3664,CP142614.1_3677,CP142623.1_2672,CP142623.1_2673
contig_12237	2868960	2869187	2897239	gene	AP012548.1_1500,AP012548.1_1501,CP142614.1_1218,CP142623.1_910
contig_12237	2868960	2869187	2897239	mRNA	AP012548.1_1500,AP012548.1_1501,CP142614.1_1218,CP142623.1_910
contig_12237	2981686	2981909	intergenic	.	AP012548.1_4011,CP001487.1_320,CP142614.1_3734,CP142623.1_2615,CP142623.1_2616
contig_12237	3130654	3130945	intergenic	.	AP012548.1_1585,AP012548.1_1586,CP142614.1_1302,CP142614.1_1303,CP142623.1_825
contig_12237	3192293	3192521	intergenic	.	AP012548.1_2065,AP012548.1_2066,CP001487.1_2300,CP142614.1_1782,CP142623.1_346
contig_12237	3487236	3487332	intergenic	.	AP012548.1_1269,CP142614.1_986,CP142623.1_1142
contig_12270	54820	54956	intergenic	.	CP142623.1_1935
contig_12270	74789	74928	intergenic	.	AP012548.1_2469,CP003000.1_2223,CP142614.1_2188,CP142623.1_4153
contig_12270	578330	578520	intergenic	.	AP012548.1_2327,CP001487.1_2039,CP142614.1_2044,CP142623.1_84
contig_12270	1176210	1176455	intergenic	.	AP012548.1_1039,CP001429.2_1030,CP003000.1_1542,CP142614.1_758,CP142623.1_1373
contig_12270	1269436	1269520	intergenic	.	CP142623.1_3473
contig_12270	2422455	2422666	intergenic	.	AP012548.1_3285,CP142614.1_3014,CP142614.1_3015,CP142623.1_3339
contig_12270	2588090	2588308	intergenic	.	AP012548.1_3905,CP001487.1_425,CP142623.1_2721,CP142623.1_3416
contig_12270	2868408	2868614	2900864	gene	AP012548.1_1820,CP001487.1_2545,CP142614.1_1536,CP142623.1_593
contig_12270	2868408	2868614	2900864	mRNA	AP012548.1_1820,CP001487.1_2545,CP142614.1_1536,CP142623.1_593
contig_12270	2995152	2995276	intergenic	.	AP012548.1_654,CP142614.1_371,CP142623.1_1760
contig_12270	3003368	3003597	3006128	gene	AP012548.1_14,AP012548.1_15,CP001429.2_15,CP001487.1_97,CP003000.1_14,CP142614.1_3954,CP142614.1_3955,CP142623.1_2395,CP142623.1_2396
contig_12270	3003368	3003597	3006128	mRNA	AP012548.1_14,AP012548.1_15,CP001429.2_15,CP001487.1_97,CP003000.1_14,CP142614.1_3954,CP142614.1_3955,CP142623.1_2395,CP142623.1_2396
contig_12270	3558124	3558305	intergenic	.	CP001487.1_1040,CP142614.1_3019,CP142614.1_3020,CP142623.1_3334,CP142623.1_3335
contig_12270	3590200	3590518	intergenic	.	AP012548.1_198,CP001487.1_4161,CP142614.1_4138,CP142614.1_97,CP142623.1_2029,CP142623.1_2212
contig_12270	4605475	4605634	intergenic	.	AP012548.1_3205,CP142614.1_2934,CP142623.1_3415
contig_12270	4648977	4649084	intergenic	.	AP012548.1_4083,CP142614.1_3806,CP142623.1_2543
contig_12270	5203170	5203332	intergenic	.	AP012548.1_3194,CP142614.1_2922,CP142623.1_3426
contig_12270	5340970	5341058	intergenic	.	AP012548.1_2900
contig_12270	5442569	5442675	5478299	gene	AP012548.1_2757,CP001487.1_1568,CP142614.1_2476,CP142623.1_3865
contig_12270	5442569	5442675	5478299	mRNA	AP012548.1_2757,CP001487.1_1568,CP142614.1_2476,CP142623.1_3865
contig_12270	5443041	5443258	5478299	gene	AP012548.1_2216,CP142614.1_1933,CP142623.1_196
contig_12270	5443041	5443258	5478299	mRNA	AP012548.1_2216,CP142614.1_1933,CP142623.1_196
contig_12270	5461369	5461532	5478299	gene	AP012548.1_2649,AP012548.1_2650,CP142614.1_2369,CP142623.1_3972
contig_12270	5461369	5461532	5478299	mRNA	AP012548.1_2649,AP012548.1_2650,CP142614.1_2369,CP142623.1_3972
contig_12270	5694988	5695277	intergenic	.	AP012548.1_1594,AP012548.1_690,CP001429.2_1600,CP001429.2_705,CP001487.1_3656,CP142614.1_1311,CP142614.1_407,CP142614.1_408,CP142623.1_1724
contig_12300	182250	182411	intergenic	.	AP012548.1_692,CP142614.1_410,CP142623.1_1722
contig_12311	300622	300705	intergenic	.	CP142614.1_3162
contig_12311	345835	345951	intergenic	.	CP001429.2_2909,CP142614.1_2606
contig_12311	2098685	2098948	intergenic	.	AP012548.1_2457,AP012548.1_2458,CP001487.1_1909,CP142614.1_2176,CP142614.1_2177,CP142623.1_4164,CP142623.1_4165
contig_12311	2454599	2454737	intergenic	.	AP012548.1_68,CP142614.1_4008,CP142623.1_2342
contig_12311	2496174	2496668	intergenic	.	AP012548.1_1066,AP012548.1_624,CP001429.2_636,CP003000.1_1873,CP142614.1_341,CP142614.1_785,CP142623.1_1345,CP142623.1_1346,CP142623.1_1790
contig_12323	49998	50142	intergenic	.	AP012548.1_1299,CP003000.1_1284,CP142623.1_1112
contig_12382	41586	41671	intergenic	.	AP012548.1_3447,CP142623.1_3179
contig_12382	148915	149151	intergenic	.	AP012548.1_3858,AP012548.1_3859,CP001487.1_472,CP142614.1_3582,CP142623.1_2767,CP142623.1_2768
contig_12382	380215	380407	intergenic	.	AP012548.1_3241,CP142614.1_2971
contig_12382	502517	502735	intergenic	.	AP012548.1_3492,CP142614.1_3220,CP142623.1_3134
contig_12382	508123	508206	intergenic	.	AP012548.1_2263,CP142614.1_1980
contig_12382	753717	753898	intergenic	.	AP012548.1_3624,CP001487.1_708,CP142614.1_3353,CP142623.1_3002,CP142623.1_3003
contig_12473	146937	147086	165932	mRNA	AP012548.1_3870,CP142614.1_3593,CP142614.1_3594,CP142623.1_2756
contig_12473	146937	147086	165980	gene	AP012548.1_3870,CP142614.1_3593,CP142614.1_3594,CP142623.1_2756
contig_12473	430660	430783	intergenic	.	AP012548.1_2747,CP142614.1_2466,CP142623.1_3875
contig_12473	663033	663549	intergenic	.	AP012548.1_23,AP012548.1_24,AP012548.1_25,AP012548.1_4009,CP001429.2_24,CP001429.2_25,CP001429.2_4049,CP001487.1_321,CP001487.1_88,CP003000.1_23,CP142614.1_3732,CP142614.1_3963,CP142614.1_3964,CP142614.1_3965,CP142623.1_2385,CP142623.1_2386,CP142623.1_2387,CP142623.1_2617
contig_12473	1052856	1052992	intergenic	.	AP012548.1_2901
contig_12473	1162106	1162304	intergenic	.	AP012548.1_1475,AP012548.1_1476,CP142614.1_1192,CP142614.1_1193,CP142623.1_935,CP142623.1_936
contig_12473	1255563	1255687	intergenic	.	AP012548.1_294,CP142614.1_10,CP142623.1_2115
contig_12473	1276484	1277013	intergenic	.	AP012548.1_140,AP012548.1_545,CP142614.1_262,CP142614.1_4079,CP142614.1_4080,CP142623.1_1868,CP142623.1_1869,CP142623.1_2270,CP142623.1_2271
contig_12473	1332786	1332920	intergenic	.	CP142614.1_135,CP142623.1_1991,CP142623.1_1992
contig_12473	1450098	1450477	intergenic	.	AP012548.1_909,AP012548.1_910,AP012548.1_911,CP001429.2_917,CP001487.1_3435,CP001487.1_3436,CP001487.1_3437,CP003000.1_1636,CP142614.1_627,CP142614.1_628,CP142614.1_629,CP142623.1_1503,CP142623.1_1504
contig_12473	1899168	1899257	intergenic	.	AP012548.1_1274,CP142614.1_991
contig_12489	612591	612771	intergenic	.	AP012548.1_4215,CP142614.1_3938,CP142623.1_2411
contig_12517	832856	833014	intergenic	.	CP142614.1_2083,CP142623.1_47
contig_12517	1040031	1040157	1071792	gene	AP012548.1_2404,AP012548.1_2405,CP001429.2_2419,CP001487.1_1962,CP003000.1_2161,CP142614.1_2123,CP142623.1_7
contig_12517	1040031	1040157	1071792	mRNA	AP012548.1_2404,AP012548.1_2405,CP001429.2_2419,CP001487.1_1962,CP003000.1_2161,CP142614.1_2123,CP142623.1_7
contig_12517	1062654	1062801	1071792	gene	AP012548.1_2702,CP142614.1_2421,CP142623.1_3920
contig_12517	1062654	1062801	1071792	mRNA	AP012548.1_2702,CP142614.1_2421,CP142623.1_3920
contig_12517	1983164	1983239	1988269	mRNA	AP012548.1_3978,CP142623.1_2648
contig_12517	1983164	1983239	1988496	gene	AP012548.1_3978,CP142623.1_2648
contig_12526	13568	13681	intergenic	.	AP012548.1_2341,CP001429.2_2355,CP142614.1_2059
contig_12526	121901	122143	151184	gene	AP012548.1_141,AP012548.1_142,AP012548.1_3694,CP142614.1_4081,CP142623.1_2269,CP142623.1_2932
contig_12526	121901	122143	151184	mRNA	AP012548.1_141,AP012548.1_142,AP012548.1_3694,CP142614.1_4081,CP142623.1_2269,CP142623.1_2932
contig_12526	484335	484641	intergenic	.	AP012548.1_1740,CP001487.1_2625,CP142614.1_1455,CP142614.1_1456,CP142623.1_672
contig_12526	1464847	1465436	intergenic	.	AP012548.1_1723,CP001429.2_1879,CP001487.1_1087,CP142614.1_1438,CP142614.1_1439
contig_12526	1572807	1572929	intergenic	.	AP012548.1_2584,CP001487.1_1740,CP003000.1_2375,CP142614.1_2303,CP142623.1_4038
contig_12553	948991	949149	977895	mRNA	AP012548.1_2843,CP001487.1_1482,CP142614.1_2573
contig_12553	948991	949149	978097	gene	AP012548.1_2843,CP001487.1_1482,CP142614.1_2573
contig_12553	1757512	1757590	intergenic	.	AP012548.1_2676,CP142614.1_2395
contig_12570	122735	122859	137675	mRNA	AP012548.1_452,CP142623.1_1956
contig_12570	122735	122859	137876	gene	AP012548.1_452,CP142623.1_1956
contig_12570	123301	123454	137675	mRNA	AP012548.1_454,CP142614.1_172,CP142623.1_1955
contig_12570	123301	123454	137876	gene	AP012548.1_454,CP142614.1_172,CP142623.1_1955
contig_12570	274143	274286	intergenic	.	AP012548.1_2816,CP142614.1_2545,CP142623.1_3807
contig_12570	767412	767554	intergenic	.	AP012548.1_2764
contig_12570	1185044	1185242	intergenic	.	CP001487.1_3147,CP003000.1_1365,CP142614.1_935,CP142623.1_1194
contig_12570	1379718	1379850	intergenic	.	AP012548.1_3691,CP001487.1_641,CP142614.1_3414,CP142623.1_2934
contig_12570	1385693	1385847	intergenic	.	AP012548.1_3455,CP001487.1_875,CP142614.1_3183
contig_12570	1507949	1508317	intergenic	.	AP012548.1_3709,CP001429.2_3744,CP142614.1_3432,CP142614.1_821,CP142623.1_2917
contig_12570	1509814	1509927	intergenic	.	CP142614.1_1449,CP142623.1_679
contig_12570	1572179	1572274	intergenic	.	CP142614.1_1268,CP142623.1_860
contig_12570	1572586	1572925	intergenic	.	AP012548.1_1252,AP012548.1_1553,CP001487.1_2813,CP142614.1_1269,CP142614.1_970,CP142623.1_1159,CP142623.1_859
contig_12570	1816049	1816263	intergenic	.	AP012548.1_312,AP012548.1_313,CP142614.1_28,CP142614.1_29,CP142623.1_2096
contig_12570	2032680	2032916	intergenic	.	AP012548.1_3772,CP001487.1_557,CP142614.1_3497,CP142623.1_2854
contig_12570	2298070	2298218	2318942	gene	AP012548.1_747,CP001429.2_763,CP003000.1_1795,CP142614.1_465,CP142623.1_1667
contig_12570	2298070	2298218	2318942	mRNA	AP012548.1_747,CP001429.2_763,CP003000.1_1795,CP142614.1_465,CP142623.1_1667
contig_12570	2539260	2539372	intergenic	.	CP001487.1_3848,CP003000.1_1991
contig_12570	2592937	2593054	intergenic	.	CP142623.1_1314
contig_12570	2623562	2623670	intergenic	.	AP012548.1_3446,CP001487.1_884,CP142614.1_3174,CP142623.1_3180
contig_12570	2683652	2683738	intergenic	.	CP001429.2_3015
contig_12570	2797656	2797775	intergenic	.	AP012548.1_2053
contig_12570	3151729	3151865	3173616	mRNA	CP142614.1_1098
contig_12570	3151729	3151865	3174068	gene	CP142614.1_1098
contig_12570	3226052	3226280	intergenic	.	AP012548.1_1743,AP012548.1_1744,CP001487.1_2621,CP142614.1_1459,CP142614.1_1460,CP142623.1_669
contig_12570	3606688	3606958	intergenic	.	CP001487.1_2996,CP001487.1_43,CP003000.1_67,CP142623.1_2341,CP142623.1_934
contig_12570	4054591	4054696	intergenic	.	AP012548.1_150,CP001487.1_4208,CP142614.1_4090,CP142623.1_2260
contig_12570	4054966	4055335	intergenic	.	AP012548.1_149,CP001429.2_99,CP001487.1_4209,CP142614.1_4087,CP142614.1_4088,CP142614.1_4089,CP142623.1_2261,CP142623.1_2262
contig_12570	4068782	4068922	intergenic	.	AP012548.1_3970
contig_12570	4090528	4090682	intergenic	.	CP142614.1_929
contig_12570	4264174	4264343	intergenic	.	AP012548.1_4067,AP012548.1_4068,CP142614.1_3791,CP142623.1_2559
contig_12570	4290160	4290352	4297222	mRNA	AP012548.1_453,CP142614.1_171,CP142623.1_1956
contig_12570	4290160	4290352	4297394	gene	AP012548.1_453,CP142614.1_171,CP142623.1_1956
contig_12570	4334606	4335162	4334938	CDS	AP012548.1_1363,AP012548.1_1364,AP012548.1_1365,AP012548.1_1366,CP001429.2_1370,CP001429.2_1371,CP001487.1_2999,CP001487.1_3000,CP003000.1_1218,CP003000.1_1219,CP142614.1_1080,CP142614.1_1081,CP142614.1_1082,CP142614.1_1083,CP142614.1_1084,CP142623.1_1045,CP142623.1_1046,CP142623.1_1047,CP142623.1_1048
contig_12570	4334606	4335162	4334938	exon	AP012548.1_1363,AP012548.1_1364,AP012548.1_1365,AP012548.1_1366,CP001429.2_1370,CP001429.2_1371,CP001487.1_2999,CP001487.1_3000,CP003000.1_1218,CP003000.1_1219,CP142614.1_1080,CP142614.1_1081,CP142614.1_1082,CP142614.1_1083,CP142614.1_1084,CP142623.1_1045,CP142623.1_1046,CP142623.1_1047,CP142623.1_1048
contig_12570	4334606	4335162	4334938	mRNA	AP012548.1_1363,AP012548.1_1364,AP012548.1_1365,AP012548.1_1366,CP001429.2_1370,CP001429.2_1371,CP001487.1_2999,CP001487.1_3000,CP003000.1_1218,CP003000.1_1219,CP142614.1_1080,CP142614.1_1081,CP142614.1_1082,CP142614.1_1083,CP142614.1_1084,CP142623.1_1045,CP142623.1_1046,CP142623.1_1047,CP142623.1_1048
contig_12570	4334606	4335162	4334938	stop_codon	AP012548.1_1363,AP012548.1_1364,AP012548.1_1365,AP012548.1_1366,CP001429.2_1370,CP001429.2_1371,CP001487.1_2999,CP001487.1_3000,CP003000.1_1218,CP003000.1_1219,CP142614.1_1080,CP142614.1_1081,CP142614.1_1082,CP142614.1_1083,CP142614.1_1084,CP142623.1_1045,CP142623.1_1046,CP142623.1_1047,CP142623.1_1048
contig_12570	4334606	4335162	4335031	gene	AP012548.1_1363,AP012548.1_1364,AP012548.1_1365,AP012548.1_1366,CP001429.2_1370,CP001429.2_1371,CP001487.1_2999,CP001487.1_3000,CP003000.1_1218,CP003000.1_1219,CP142614.1_1080,CP142614.1_1081,CP142614.1_1082,CP142614.1_1083,CP142614.1_1084,CP142623.1_1045,CP142623.1_1046,CP142623.1_1047,CP142623.1_1048
contig_12570	4334606	4335162	4335031	polyA_signal_sequence	AP012548.1_1363,AP012548.1_1364,AP012548.1_1365,AP012548.1_1366,CP001429.2_1370,CP001429.2_1371,CP001487.1_2999,CP001487.1_3000,CP003000.1_1218,CP003000.1_1219,CP142614.1_1080,CP142614.1_1081,CP142614.1_1082,CP142614.1_1083,CP142614.1_1084,CP142623.1_1045,CP142623.1_1046,CP142623.1_1047,CP142623.1_1048
contig_12570	4335031	4335162	intergenic	.	AP012548.1_1363,AP012548.1_1364,AP012548.1_1365,AP012548.1_1366,CP001429.2_1370,CP001429.2_1371,CP001487.1_2999,CP001487.1_3000,CP003000.1_1218,CP003000.1_1219,CP142614.1_1080,CP142614.1_1081,CP142614.1_1082,CP142614.1_1083,CP142614.1_1084,CP142623.1_1045,CP142623.1_1046,CP142623.1_1047,CP142623.1_1048
contig_12570	4414495	4414642	intergenic	.	CP142623.1_333
contig_12570	4771191	4771395	intergenic	.	AP012548.1_1527,CP142614.1_1244,CP142623.1_884
contig_12570	5007000	5007152	intergenic	.	CP001487.1_2490,CP003000.1_777,CP142623.1_538
contig_12570	5061288	5061838	intergenic	.	AP012548.1_1906,AP012548.1_2772,AP012548.1_2773,CP142614.1_1622,CP142614.1_2041,CP142614.1_2491,CP142614.1_2492,CP142623.1_3849
contig_12631	140882	141036	intergenic	.	AP012548.1_2195,AP012548.1_2196,CP001487.1_2170,CP003000.1_479,CP142614.1_1912,CP142614.1_1913,CP142623.1_216
contig_12631	1023250	1023443	1023454	CDS	AP012548.1_3908,CP001429.2_3947,CP001487.1_423,CP142614.1_3631,CP142614.1_3632,CP142623.1_2718
contig_12631	1023250	1023443	1023454	exon	AP012548.1_3908,CP001429.2_3947,CP001487.1_423,CP142614.1_3631,CP142614.1_3632,CP142623.1_2718
contig_12631	1023250	1023443	1023454	mRNA	AP012548.1_3908,CP001429.2_3947,CP001487.1_423,CP142614.1_3631,CP142614.1_3632,CP142623.1_2718
contig_12631	1023250	1023443	1023512	gene	AP012548.1_3908,CP001429.2_3947,CP001487.1_423,CP142614.1_3631,CP142614.1_3632,CP142623.1_2718
contig_12631	2829359	2829563	intergenic	.	AP012548.1_2319,AP012548.1_2320,CP001487.1_2047,CP142614.1_2037,CP142623.1_92
contig_12651	1136559	1136733	intergenic	.	AP012548.1_497,CP001487.1_3855,CP142614.1_215,CP142623.1_1911
contig_12669	2057757	2057870	intergenic	.	AP012548.1_3292,CP142614.1_3022,CP142623.1_3332
contig_12695	130837	131105	intergenic	.	AP012548.1_407,AP012548.1_4162,CP001429.2_4207,CP001487.1_166,CP142614.1_125,CP142614.1_3885,CP142623.1_2001,CP142623.1_2465
contig_12695	1391937	1392143	intergenic	.	AP012548.1_3813,CP001487.1_517,CP142614.1_3536,CP142623.1_2813
contig_12695	1978501	1979129	1978682	CDS	AP012548.1_1211,AP012548.1_1303,AP012548.1_2309,AP012548.1_2590,CP001487.1_2057,CP001487.1_3722,CP142614.1_1020,CP142614.1_2026,CP142614.1_2309,CP142614.1_928,CP142623.1_103,CP142623.1_1108,CP142623.1_1790,CP142623.1_1791,CP142623.1_4032
contig_12695	1978501	1979129	1978682	exon	AP012548.1_1211,AP012548.1_1303,AP012548.1_2309,AP012548.1_2590,CP001487.1_2057,CP001487.1_3722,CP142614.1_1020,CP142614.1_2026,CP142614.1_2309,CP142614.1_928,CP142623.1_103,CP142623.1_1108,CP142623.1_1790,CP142623.1_1791,CP142623.1_4032
contig_12695	1978501	1979129	1978682	mRNA	AP012548.1_1211,AP012548.1_1303,AP012548.1_2309,AP012548.1_2590,CP001487.1_2057,CP001487.1_3722,CP142614.1_1020,CP142614.1_2026,CP142614.1_2309,CP142614.1_928,CP142623.1_103,CP142623.1_1108,CP142623.1_1790,CP142623.1_1791,CP142623.1_4032
contig_12695	1978501	1979129	1978682	stop_codon	AP012548.1_1211,AP012548.1_1303,AP012548.1_2309,AP012548.1_2590,CP001487.1_2057,CP001487.1_3722,CP142614.1_1020,CP142614.1_2026,CP142614.1_2309,CP142614.1_928,CP142623.1_103,CP142623.1_1108,CP142623.1_1790,CP142623.1_1791,CP142623.1_4032
contig_12695	1978501	1979129	1978704	gene	AP012548.1_1211,AP012548.1_1303,AP012548.1_2309,AP012548.1_2590,CP001487.1_2057,CP001487.1_3722,CP142614.1_1020,CP142614.1_2026,CP142614.1_2309,CP142614.1_928,CP142623.1_103,CP142623.1_1108,CP142623.1_1790,CP142623.1_1791,CP142623.1_4032
contig_12695	1978501	1979129	1978704	polyA_signal_sequence	AP012548.1_1211,AP012548.1_1303,AP012548.1_2309,AP012548.1_2590,CP001487.1_2057,CP001487.1_3722,CP142614.1_1020,CP142614.1_2026,CP142614.1_2309,CP142614.1_928,CP142623.1_103,CP142623.1_1108,CP142623.1_1790,CP142623.1_1791,CP142623.1_4032
contig_12695	1978704	1979129	intergenic	.	AP012548.1_1211,AP012548.1_1303,AP012548.1_2309,AP012548.1_2590,CP001487.1_2057,CP001487.1_3722,CP142614.1_1020,CP142614.1_2026,CP142614.1_2309,CP142614.1_928,CP142623.1_103,CP142623.1_1108,CP142623.1_1790,CP142623.1_1791,CP142623.1_4032
contig_12695	3616260	3616668	intergenic	.	AP012548.1_2230,AP012548.1_2232,CP001429.2_2245,CP001487.1_2135,CP001487.1_2136,CP142614.1_1947,CP142614.1_1949,CP142623.1_180,CP142623.1_181,CP142623.1_182
contig_12695	4715012	4715142	intergenic	.	AP012548.1_3213,CP142614.1_2941,CP142623.1_3407,CP142623.1_3408
contig_12717	1707144	1707299	intergenic	.	AP012548.1_287,CP142614.1_3
contig_12717	1784393	1784600	intergenic	.	AP012548.1_948,AP012548.1_949,CP142614.1_667,CP142623.1_1464
contig_12717	1818501	1818623	intergenic	.	AP012548.1_3089,CP142614.1_2817
contig_12783	1026444	1026547	intergenic	.	CP142614.1_2861,CP142623.1_3489
contig_12783	5954025	5954371	intergenic	.	AP012548.1_2342,AP012548.1_2343,AP012548.1_2344,CP001429.2_2357,CP001487.1_2023,CP001487.1_2024,CP003000.1_2099,CP142614.1_2061,CP142614.1_2062,CP142623.1_68,CP142623.1_69
contig_12783	6023971	6024791	intergenic	.	AP012548.1_3705,AP012548.1_3706,AP012548.1_758,AP012548.1_759,CP001429.2_3740,CP001487.1_3589,CP003000.1_1785,CP142614.1_3428,CP142614.1_3429,CP142614.1_476,CP142614.1_477,CP142623.1_1655,CP142623.1_1656,CP142623.1_2920,CP142623.1_368
contig_12792	638742	638892	intergenic	.	CP142623.1_1833
contig_12792	694064	694196	intergenic	.	AP012548.1_2907,CP001487.1_1419,CP142614.1_2636,CP142623.1_3716,CP142623.1_3717
contig_12792	842053	842156	887881	mRNA	AP012548.1_1793,CP142614.1_1509,CP142614.1_3367,CP142623.1_620
contig_12792	842053	842156	887932	gene	AP012548.1_1793,CP142614.1_1509,CP142614.1_3367,CP142623.1_620
contig_12792	1154690	1154773	intergenic	.	AP012548.1_1662,CP142623.1_751
contig_12792	2024217	2024435	intergenic	.	AP012548.1_3608,CP001429.2_3652,CP003000.1_3373,CP142614.1_3337,CP142623.1_3018,CP142623.1_3019
contig_12792	2479546	2479670	intergenic	.	AP012548.1_1342,CP001487.1_3022,CP142614.1_1059,CP142623.1_1069
contig_12792	2634714	2634935	intergenic	.	AP012548.1_2233,CP001429.2_2245,CP003000.1_450,CP142614.1_1950,CP142623.1_179
contig_12792	2900919	2901191	intergenic	.	AP012548.1_3862,AP012548.1_3863,CP142614.1_3586,CP142614.1_3587,CP142623.1_2763,CP142623.1_2764
contig_12792	3891953	3892181	intergenic	.	AP012548.1_2094,AP012548.1_2095,CP142614.1_1811,CP142614.1_1812,CP142623.1_317
contig_12852	49595	49953	224663	gene	AP012548.1_2148,AP012548.1_360,CP001487.1_3999,CP142614.1_1864,CP142614.1_1865,CP142614.1_77,CP142623.1_2049,CP142623.1_264
contig_12852	49595	49953	224663	mRNA	AP012548.1_2148,AP012548.1_360,CP001487.1_3999,CP142614.1_1864,CP142614.1_1865,CP142614.1_77,CP142623.1_2049,CP142623.1_264
contig_12852	292896	292994	intergenic	.	AP012548.1_1445,CP142614.1_1162
contig_12873	336276	336388	449916	mRNA	CP001487.1_1288,CP142614.1_2768,CP142623.1_3582
contig_12873	336276	336388	450066	gene	CP001487.1_1288,CP142614.1_2768,CP142623.1_3582
contig_12873	384106	384281	449916	mRNA	AP012548.1_112,CP142614.1_4052,CP142623.1_2298
contig_12873	384106	384281	450066	gene	AP012548.1_112,CP142614.1_4052,CP142623.1_2298
contig_12873	588260	588338	intergenic	.	AP012548.1_583,CP001429.2_595,CP001487.1_3762,CP142614.1_300,CP142623.1_1831
contig_12873	969522	969639	969667	CDS	AP012548.1_3824,CP001487.1_506,CP142623.1_2802
contig_12873	969522	969639	969667	exon	AP012548.1_3824,CP001487.1_506,CP142623.1_2802
contig_12873	969522	969639	971593	gene	AP012548.1_3824,CP001487.1_506,CP142623.1_2802
contig_12873	969522	969639	971593	mRNA	AP012548.1_3824,CP001487.1_506,CP142623.1_2802
contig_12873	1057020	1057167	intergenic	.	CP142614.1_3547
contig_12873	1360833	1361883	1443034	gene	AP012548.1_4034,AP012548.1_476,AP012548.1_563,CP001429.2_1267,CP001487.1_3876,CP003000.1_1321,CP142614.1_194,CP142614.1_280,CP142614.1_3757,CP142614.1_979,CP142623.1_1150,CP142623.1_2592
contig_12873	1360833	1361883	1443034	mRNA	AP012548.1_4034,AP012548.1_476,AP012548.1_563,CP001429.2_1267,CP001487.1_3876,CP003000.1_1321,CP142614.1_194,CP142614.1_280,CP142614.1_3757,CP142614.1_979,CP142623.1_1150,CP142623.1_2592
contig_12873	1549850	1550063	intergenic	.	AP012548.1_3306,AP012548.1_3307,CP142614.1_3035,CP142614.1_3036,CP142623.1_3318,CP142623.1_3319
contig_12873	1695708	1695879	intergenic	.	AP012548.1_3906,CP142614.1_3629,CP142623.1_2720
contig_12873	3460412	3460726	3465510	gene	AP012548.1_102,AP012548.1_103,CP001429.2_147,CP001487.1_10,CP003000.1_101,CP142614.1_4042,CP142614.1_4043,CP142623.1_2307,CP142623.1_2308
contig_12873	3460412	3460726	3465510	mRNA	AP012548.1_102,AP012548.1_103,CP001429.2_147,CP001487.1_10,CP003000.1_101,CP142614.1_4042,CP142614.1_4043,CP142623.1_2307,CP142623.1_2308
contig_12873	3534797	3534902	3659567	mRNA	AP012548.1_4072,CP142614.1_3795,CP142623.1_2554
contig_12873	3534797	3534902	3659683	gene	AP012548.1_4072,CP142614.1_3795,CP142623.1_2554
contig_12873	3581370	3581496	3659567	mRNA	AP012548.1_1859,CP142614.1_1575,CP142623.1_553
contig_12873	3581370	3581496	3659683	gene	AP012548.1_1859,CP142614.1_1575,CP142623.1_553
contig_12873	3665471	3665772	intergenic	.	AP012548.1_396,AP012548.1_397,CP142614.1_113,CP142614.1_114,CP142623.1_2012,CP142623.1_2013
contig_12873	3869097	3869202	intergenic	.	AP012548.1_3960,CP001429.2_4000,CP142614.1_3683,CP142623.1_2666
contig_12873	4439926	4440269	intergenic	.	AP012548.1_1041,CP001487.1_3324,CP001487.1_4163,CP142614.1_4135,CP142614.1_760,CP142623.1_1371,CP142623.1_2215
contig_12873	4540078	4540236	intergenic	.	AP012548.1_1984,CP142614.1_1700,CP142623.1_429
contig_12964	320700	320798	intergenic	.	AP012548.1_785,CP001487.1_3562,CP142614.1_503,CP142623.1_1629
contig_12964	529406	529541	intergenic	.	AP012548.1_1932,CP142614.1_1648,CP142623.1_481
contig_12964	617432	617509	intergenic	.	CP003000.1_1430
contig_12964	748044	748153	intergenic	.	AP012548.1_863,CP142623.1_1551
contig_12964	1070432	1070685	intergenic	.	AP012548.1_4185,AP012548.1_4186,CP142614.1_3909,CP142614.1_3910,CP142623.1_2440,CP142623.1_2441
contig_12964	1090557	1090639	intergenic	.	AP012548.1_356,CP142614.1_73,CP142623.1_2053
contig_12964	1317962	1318071	1363213	mRNA	CP142623.1_3004
contig_12964	1317962	1318071	1363235	gene	CP142623.1_3004
contig_12964	1387843	1387985	1396831	mRNA	CP142614.1_4023
contig_12964	1387843	1387985	1397014	gene	CP142614.1_4023
contig_12964	1611480	1611578	intergenic	.	AP012548.1_2608
contig_13023	135443	135727	intergenic	.	AP012548.1_3483,AP012548.1_3484,CP142614.1_3212,CP142623.1_3143,CP142623.1_3144
contig_13023	355086	355431	intergenic	.	AP012548.1_2240,CP001487.1_2127,CP142614.1_1957,CP142614.1_3080,CP142623.1_172,CP142623.1_3275
contig_13023	435411	435505	intergenic	.	CP001429.2_503,CP003000.1_1997,CP142623.1_1910
contig_13023	716629	716806	intergenic	.	AP012548.1_1580,AP012548.1_1581,CP142614.1_1297,CP142614.1_1298,CP142623.1_831
contig_13023	801085	801474	intergenic	.	AP012548.1_2519,AP012548.1_927,CP001429.2_1360,CP001487.1_1849,CP142614.1_2237,CP142623.1_1487,CP142623.1_4103
contig_13023	1317591	1317708	intergenic	.	AP012548.1_3679,CP001429.2_3714,CP001487.1_653,CP142614.1_3402,CP142623.1_2947
contig_13023	1320537	1321001	intergenic	.	AP012548.1_1298,AP012548.1_1686,CP142614.1_1016,CP142614.1_1018,CP142614.1_1401,CP142614.1_1402,CP142623.1_1113,CP142623.1_727
contig_13023	1617387	1617499	intergenic	.	CP001487.1_362
contig_13023	1620372	1620631	1653972	gene	AP012548.1_461,AP012548.1_462,CP142614.1_179,CP142614.1_180,CP142623.1_1946,CP142623.1_1947,CP142623.1_1948
contig_13023	1620372	1620631	1653972	mRNA	AP012548.1_461,AP012548.1_462,CP142614.1_179,CP142614.1_180,CP142623.1_1946,CP142623.1_1947,CP142623.1_1948
contig_13023	1779547	1779630	1779709	gene	AP012548.1_725,CP142614.1_442,CP142623.1_1689
contig_13023	1790701	1790854	intergenic	.	CP142614.1_664,CP142623.1_1467
contig_13023	1791908	1792182	intergenic	.	AP012548.1_1510,CP001487.1_2855,CP003000.1_1076,CP142614.1_1227,CP142614.1_665,CP142623.1_1466,CP142623.1_901,CP142623.1_902
contig_13023	2146845	2146976	intergenic	.	CP001429.2_3084,CP001487.1_1281
contig_13023	2191066	2191457	2203218	gene	AP012548.1_310,AP012548.1_311,CP001429.2_316,CP142614.1_27,CP142623.1_2097,CP142623.1_2098
contig_13023	2191066	2191457	2203218	mRNA	AP012548.1_310,AP012548.1_311,CP001429.2_316,CP142614.1_27,CP142623.1_2097,CP142623.1_2098
contig_13023	2193236	2193468	2203218	gene	AP012548.1_1170,AP012548.1_825,CP142614.1_543,CP142614.1_889,CP142623.1_1242,CP142623.1_1588,CP142623.1_1589
contig_13023	2193236	2193468	2203218	mRNA	AP012548.1_1170,AP012548.1_825,CP142614.1_543,CP142614.1_889,CP142623.1_1242,CP142623.1_1588,CP142623.1_1589
contig_13023	2237932	2238075	intergenic	.	AP012548.1_3058,CP003000.1_2834,CP142614.1_2787
contig_13023	2918789	2919031	intergenic	.	AP012548.1_2254,CP003000.1_2480,CP142614.1_1971,CP142614.1_2408,CP142623.1_158
contig_13023	3414806	3415023	3422154	gene	AP012548.1_646,CP142614.1_363,CP142623.1_1767
contig_13023	3414806	3415023	3422154	mRNA	AP012548.1_646,CP142614.1_363,CP142623.1_1767
contig_13023	3630072	3630197	intergenic	.	CP142623.1_3868
contig_13023	3929434	3929651	3997522	gene	AP012548.1_2571,AP012548.1_2572,CP001429.2_2597,CP142614.1_2290,CP142623.1_4051
contig_13023	3929434	3929651	3997522	mRNA	AP012548.1_2571,AP012548.1_2572,CP001429.2_2597,CP142614.1_2290,CP142623.1_4051
contig_13023	4123596	4123895	4144352	gene	AP012548.1_1284,AP012548.1_3892,CP003000.1_1298,CP142614.1_1002,CP142614.1_3616,CP142623.1_1127,CP142623.1_2734
contig_13023	4123596	4123895	4144352	mRNA	AP012548.1_1284,AP012548.1_3892,CP003000.1_1298,CP142614.1_1002,CP142614.1_3616,CP142623.1_1127,CP142623.1_2734
contig_13023	4199330	4199421	intergenic	.	AP012548.1_4119,CP001487.1_208
contig_13023	4279290	4279439	4326215	gene	CP142623.1_2936
contig_13023	4279290	4279439	4326215	mRNA	CP142623.1_2936
contig_13023	4340399	4340478	intergenic	.	CP142623.1_2315
contig_13023	4579170	4579271	4579270	CDS	CP001429.2_4047,CP142623.1_2619
contig_13023	4579170	4579271	4579270	exon	CP001429.2_4047,CP142623.1_2619
contig_13023	4579170	4579271	4579270	mRNA	CP001429.2_4047,CP142623.1_2619
contig_13023	4579170	4579271	4579270	stop_codon	CP001429.2_4047,CP142623.1_2619
contig_13023	4579170	4579271	4580969	gene	CP001429.2_4047,CP142623.1_2619
contig_13023	5179680	5179862	intergenic	.	AP012548.1_528,CP142614.1_246,CP142623.1_1885
contig_13023	5225188	5225295	intergenic	.	CP001487.1_2363,CP142614.1_1718,CP142623.1_410
contig_13023	5308049	5308451	intergenic	.	AP012548.1_2819,AP012548.1_2821,CP001487.1_1506,CP142614.1_2548,CP142614.1_2550,CP142623.1_3802,CP142623.1_3803,CP142623.1_3804
contig_13023	5683149	5683408	5683155	stop_codon	AP012548.1_668,AP012548.1_669,CP001487.1_3677,CP142614.1_385,CP142614.1_386,CP142623.1_1745,CP142623.1_1746
contig_13023	5683149	5683408	5683415	CDS	AP012548.1_668,AP012548.1_669,CP001487.1_3677,CP142614.1_385,CP142614.1_386,CP142623.1_1745,CP142623.1_1746
contig_13023	5683149	5683408	5683415	exon	AP012548.1_668,AP012548.1_669,CP001487.1_3677,CP142614.1_385,CP142614.1_386,CP142623.1_1745,CP142623.1_1746
contig_13023	5683149	5683408	5686153	gene	AP012548.1_668,AP012548.1_669,CP001487.1_3677,CP142614.1_385,CP142614.1_386,CP142623.1_1745,CP142623.1_1746
contig_13023	5683149	5683408	5686153	mRNA	AP012548.1_668,AP012548.1_669,CP001487.1_3677,CP142614.1_385,CP142614.1_386,CP142623.1_1745,CP142623.1_1746
contig_13023	5684947	5685128	5685087	CDS	AP012548.1_4139,CP142614.1_3862,CP142623.1_2488
contig_13023	5684947	5685128	5685087	exon	AP012548.1_4139,CP142614.1_3862,CP142623.1_2488
contig_13023	5684947	5685128	5686153	gene	AP012548.1_4139,CP142614.1_3862,CP142623.1_2488
contig_13023	5684947	5685128	5686153	mRNA	AP012548.1_4139,CP142614.1_3862,CP142623.1_2488
contig_13023	6235777	6235937	intergenic	.	AP012548.1_1120,CP142614.1_839,CP142623.1_1291
contig_13023	6607445	6607593	intergenic	.	CP001487.1_2513,CP003000.1_801,CP142623.1_561
contig_13023	6864804	6864950	intergenic	.	AP012548.1_3812,CP003000.1_3567,CP142623.1_2814
contig_13023	6963716	6963826	intergenic	.	AP012548.1_2721,CP142614.1_2440,CP142623.1_3901
contig_13023	7993695	7993886	intergenic	.	AP012548.1_1986,AP012548.1_1987,CP001429.2_1995,CP001487.1_2379,CP142614.1_1702,CP142623.1_426
contig_13023	8067484	8067769	intergenic	.	AP012548.1_2861,CP001487.1_1464,CP142614.1_2590,CP142614.1_2591,CP142623.1_3761
contig_13023	8090224	8090347	intergenic	.	AP012548.1_3094,CP003000.1_2870,CP142614.1_2823
contig_13041	551024	551195	intergenic	.	AP012548.1_2419,CP001487.1_1948,CP003000.1_2175,CP142614.1_2138,CP142623.1_4203
contig_13041	652838	652952	intergenic	.	AP012548.1_2336,CP001429.2_2350,CP142614.1_2054,CP142623.1_76
contig_13041	707183	707353	intergenic	.	CP001429.2_2875,CP001487.1_1484,CP142614.1_2571
contig_13041	899118	899275	intergenic	.	AP012548.1_121,CP142614.1_4060,CP142623.1_2289
contig_13041	960055	960166	976099	mRNA	AP012548.1_755,CP142614.1_473,CP142623.1_1659
contig_13041	960055	960166	976612	gene	AP012548.1_755,CP142614.1_473,CP142623.1_1659
contig_13041	1047524	1047609	intergenic	.	CP142614.1_1501
contig_13041	1097203	1097329	intergenic	.	AP012548.1_967,CP142614.1_685
contig_13041	1298499	1298668	intergenic	.	AP012548.1_4024,AP012548.1_4025,CP142614.1_3748,CP142623.1_2601,CP142623.1_2602
contig_13041	1305399	1305782	intergenic	.	AP012548.1_1882,AP012548.1_3974,AP012548.1_3975,CP142614.1_1598
contig_13055	614305	614539	intergenic	.	CP142614.1_2360,CP142614.1_2361,CP142623.1_3980,CP142623.1_3981
contig_13055	719880	719970	intergenic	.	CP142614.1_3504
contig_13055	1255066	1255714	intergenic	.	AP012548.1_731,AP012548.1_732,AP012548.1_733,AP012548.1_734,CP001487.1_3613,CP001487.1_3615,CP142614.1_448,CP142614.1_449,CP142614.1_450,CP142614.1_452,CP142623.1_1680,CP142623.1_1682,CP142623.1_1683
contig_13055	1306650	1306732	intergenic	.	AP012548.1_376,CP001487.1_3983,CP142614.1_93,CP142623.1_2033
contig_13055	1499268	1499436	intergenic	.	CP142614.1_2614,CP142623.1_3739
contig_13055	1648347	1648499	intergenic	.	CP001429.2_3898,CP142614.1_3583
contig_13055	1959776	1959917	intergenic	.	AP012548.1_1107,CP001429.2_1096,CP142614.1_826,CP142623.1_1304,CP142623.1_1305
contig_13055	1994077	1994466	intergenic	.	AP012548.1_1183,AP012548.1_1184,CP001487.1_3182,CP003000.1_1400,CP142614.1_900,CP142614.1_901,CP142623.1_1228,CP142623.1_1229
contig_13055	2182545	2182767	intergenic	.	AP012548.1_2670,CP001487.1_1653,CP142614.1_2390
contig_13055	2186013	2186124	intergenic	.	AP012548.1_3675,CP001487.1_657,CP142614.1_3398,CP142623.1_2951
contig_13055	2802014	2802109	2896360	gene	CP142623.1_3233
contig_13055	2802014	2802109	2896360	mRNA	CP142623.1_3233
contig_13055	2921761	2921890	2960611	gene	CP001487.1_1028,CP003000.1_3065,CP142614.1_3032,CP142623.1_3322
contig_13055	2921761	2921890	2960611	mRNA	CP001487.1_1028,CP003000.1_3065,CP142614.1_3032,CP142623.1_3322
contig_13055	3978111	3978204	intergenic	.	AP012548.1_1413,CP001429.2_1420,CP001487.1_2951,CP003000.1_1172,CP142614.1_1130,CP142623.1_998
contig_13055	4744570	4744701	intergenic	.	AP012548.1_3486,CP142614.1_3215,CP142623.1_3140
contig_13055	4905877	4905959	4905885	gene	AP012548.1_203,CP001487.1_4156,CP142614.1_4142,CP142623.1_2208
contig_13055	4905877	4905959	4905885	polyA_signal_sequence	AP012548.1_203,CP001487.1_4156,CP142614.1_4142,CP142623.1_2208
contig_13055	4905885	4905959	intergenic	.	AP012548.1_203,CP001487.1_4156,CP142614.1_4142,CP142623.1_2208
contig_13059	162727	162874	180098	gene	AP012548.1_3867,CP001487.1_463,CP142623.1_2759
contig_13059	162727	162874	180098	mRNA	AP012548.1_3867,CP001487.1_463,CP142623.1_2759
contig_13059	557931	558535	intergenic	.	AP012548.1_3590,AP012548.1_568,AP012548.1_569,AP012548.1_570,CP001429.2_1567,CP001487.1_3777,CP001487.1_741,CP003000.1_3355,CP142614.1_1277,CP142614.1_285,CP142614.1_286,CP142614.1_3319,CP142623.1_1845,CP142623.1_1846,CP142623.1_3036
contig_13059	569500	569641	intergenic	.	AP012548.1_2255,CP142614.1_1972,CP142623.1_157
contig_13059	729287	729588	intergenic	.	AP012548.1_4103,AP012548.1_4104,CP142614.1_3827,CP142623.1_2522
contig_13059	1034264	1034345	intergenic	.	AP012548.1_4097
contig_13075	545151	545320	intergenic	.	AP012548.1_3949,AP012548.1_3950,CP001487.1_381,CP142614.1_3672,CP142614.1_3673,CP142623.1_2676,CP142623.1_2677
contig_13075	1215086	1215242	intergenic	.	AP012548.1_2075,CP001487.1_2291,CP003000.1_592,CP142614.1_1792,CP142623.1_337
contig_13075	1343341	1343465	1359198	mRNA	CP001487.1_2818,CP142623.1_864
contig_13075	1343341	1343465	1359312	gene	CP001487.1_2818,CP142623.1_864
contig_13075	2170547	2170682	intergenic	.	AP012548.1_1610,CP142614.1_1326,CP142623.1_802
contig_13075	2418352	2418714	intergenic	.	AP012548.1_1325,AP012548.1_378,CP142614.1_1042,CP142614.1_95,CP142623.1_1086,CP142623.1_2031
contig_13075	2654316	2654491	intergenic	.	CP001429.2_2023,CP142614.1_1731,CP142623.1_397
contig_13075	3697694	3697981	3697976	CDS	AP012548.1_1870,AP012548.1_983,CP001487.1_2494,CP142614.1_1586,CP142614.1_701,CP142623.1_1430,CP142623.1_542
contig_13075	3697694	3697981	3697976	exon	AP012548.1_1870,AP012548.1_983,CP001487.1_2494,CP142614.1_1586,CP142614.1_701,CP142623.1_1430,CP142623.1_542
contig_13075	3697694	3697981	3723056	mRNA	AP012548.1_1870,AP012548.1_983,CP001487.1_2494,CP142614.1_1586,CP142614.1_701,CP142623.1_1430,CP142623.1_542
contig_13075	3697694	3697981	3723276	gene	AP012548.1_1870,AP012548.1_983,CP001487.1_2494,CP142614.1_1586,CP142614.1_701,CP142623.1_1430,CP142623.1_542
contig_13075	4070325	4070445	intergenic	.	AP012548.1_1340,CP001487.1_3024,CP142614.1_1057,CP142614.1_1058,CP142623.1_1071
contig_13075	4187439	4187560	4214152	mRNA	CP142614.1_3820,CP142623.1_2529
contig_13075	4187439	4187560	4214549	gene	CP142614.1_3820,CP142623.1_2529
contig_13075	5769932	5770080	intergenic	.	CP142614.1_2524
contig_13099	86449	86525	92549	mRNA	CP142614.1_2187
contig_13099	86449	86525	92882	gene	CP142614.1_2187
contig_13099	92112	92202	92549	mRNA	CP142623.1_3550
contig_13099	92112	92202	92882	gene	CP142623.1_3550
contig_13108	83612	83815	intergenic	.	CP001487.1_2369,CP001487.1_2370,CP003000.1_669,CP142623.1_417
contig_13319	354277	354462	367837	gene	AP012548.1_4017,CP142614.1_3740,CP142623.1_2609
contig_13319	354277	354462	367837	mRNA	AP012548.1_4017,CP142614.1_3740,CP142623.1_2609
contig_13319	431759	431935	intergenic	.	AP012548.1_2092,CP001487.1_2274,CP142614.1_1809,CP142614.1_4133,CP142623.1_2217,CP142623.1_320
contig_13319	432220	432426	intergenic	.	AP012548.1_3719,CP142614.1_3442,CP142614.1_3443
contig_13319	472327	472447	intergenic	.	CP142614.1_2531
contig_13319	480569	480709	595829	gene	AP012548.1_2850,CP001487.1_1475,CP142614.1_2580,CP142623.1_3771
contig_13319	480569	480709	595829	mRNA	AP012548.1_2850,CP001487.1_1475,CP142614.1_2580,CP142623.1_3771
contig_13358	451873	452139	intergenic	.	AP012548.1_1945,AP012548.1_1946,CP001429.2_1953,CP001487.1_2420,CP142614.1_1661,CP142614.1_1662,CP142623.1_467
contig_13358	503806	503945	intergenic	.	AP012548.1_4135,CP142614.1_3858,CP142623.1_2492
contig_13358	525659	525812	intergenic	.	AP012548.1_2281,CP142614.1_1998
contig_13358	681905	682488	intergenic	.	AP012548.1_3821,AP012548.1_4123,AP012548.1_4124,CP142614.1_3847,CP142614.1_3848,CP142623.1_2502,CP142623.1_2503,CP142623.1_2805,CP142623.1_4137
contig_13358	953360	953499	intergenic	.	AP012548.1_1656,CP001487.1_2710,CP142614.1_1372,CP142623.1_756,CP142623.1_757
contig_13358	1527051	1527190	intergenic	.	AP012548.1_3880
contig_13377	175445	175629	intergenic	.	AP012548.1_302,CP001487.1_4057,CP142614.1_18,CP142614.1_19,CP142623.1_2106,CP142623.1_2107
contig_13377	175445	175706	175635	polyA_signal_sequence	AP012548.1_302,CP001487.1_4057,CP142614.1_18,CP142614.1_19,CP142623.1_2106,CP142623.1_2107
contig_13377	175445	175706	176348	gene	AP012548.1_302,CP001487.1_4057,CP142614.1_18,CP142614.1_19,CP142623.1_2106,CP142623.1_2107
contig_13377	1549137	1549407	intergenic	.	AP012548.1_3473,AP012548.1_681,CP142614.1_398,CP142623.1_1733
contig_13377	1847784	1847961	intergenic	.	AP012548.1_3321,CP142614.1_3050,CP142623.1_3303,CP142623.1_3304
contig_13377	1945919	1946091	intergenic	.	CP142614.1_1149,CP142623.1_979
contig_13377	2397985	2398260	intergenic	.	AP012548.1_2222,CP001429.2_2236,CP001487.1_2143,CP142614.1_1939,CP142623.1_190
contig_13377	2397985	2398375	2398266	polyA_signal_sequence	AP012548.1_2222,CP001429.2_2236,CP001487.1_2143,CP142614.1_1939,CP142623.1_190
contig_13377	2397985	2398375	2400625	gene	AP012548.1_2222,CP001429.2_2236,CP001487.1_2143,CP142614.1_1939,CP142623.1_190
contig_13377	2495997	2496083	2554551	gene	AP012548.1_1194,CP001487.1_3171,CP142614.1_911,CP142623.1_1217
contig_13377	2495997	2496083	2554551	mRNA	AP012548.1_1194,CP001487.1_3171,CP142614.1_911,CP142623.1_1217
contig_13377	2756655	2756793	2781376	gene	AP012548.1_3796,CP001429.2_3834,CP001487.1_534,CP003000.1_3551,CP142614.1_3519,CP142623.1_2830,CP142623.1_2831
contig_13377	2756655	2756793	2781376	mRNA	AP012548.1_3796,CP001429.2_3834,CP001487.1_534,CP003000.1_3551,CP142614.1_3519,CP142623.1_2830,CP142623.1_2831
contig_13377	2997912	2998007	intergenic	.	AP012548.1_3476,CP142614.1_3204,CP142623.1_3150
contig_13382	554016	554160	intergenic	.	AP012548.1_3420,CP001487.1_910,CP003000.1_3187,CP142614.1_3150,CP142623.1_3204
contig_13382	908098	908302	intergenic	.	CP142614.1_1905,CP142623.1_223
contig_13459	782623	782973	intergenic	.	AP012548.1_1576,CP001487.1_2864,CP003000.1_1086,CP142614.1_1217,CP142614.1_1293,CP142623.1_911,CP142623.1_912
contig_13459	2673897	2674446	intergenic	.	AP012548.1_1236,AP012548.1_1237,AP012548.1_1239,CP001487.1_3126,CP001487.1_3128,CP003000.1_1344,CP142614.1_953,CP142614.1_954,CP142614.1_956,CP142623.1_1173,CP142623.1_1174,CP142623.1_1175
contig_13459	4596041	4596191	intergenic	.	CP142614.1_2742
contig_13462	323945	324099	338445	gene	CP142614.1_1167
contig_13462	323945	324099	338445	mRNA	CP142614.1_1167
contig_13462	509507	509782	intergenic	.	AP012548.1_4054,AP012548.1_4055,CP001487.1_276,CP142614.1_3777,CP142623.1_2572
contig_13462	687231	687400	intergenic	.	AP012548.1_3371,CP142614.1_3101,CP142623.1_3253
contig_13462	1344389	1344528	intergenic	.	AP012548.1_2991,AP012548.1_2992,CP001429.2_3028,CP001487.1_1335,CP142614.1_2721,CP142623.1_3631
contig_13494	1257415	1257491	intergenic	.	CP142623.1_1483
contig_13495	422463	422558	422935	gene	CP142614.1_3570,CP142623.1_2779
contig_13495	422463	422558	422935	mRNA	CP142614.1_3570,CP142623.1_2779
contig_13551	250531	250676	intergenic	.	AP012548.1_2800,CP142614.1_2519
contig_13551	569501	569619	intergenic	.	AP012548.1_1677,CP003000.1_975,CP142614.1_1392,CP142614.1_1393,CP142623.1_736
contig_13551	609714	609857	intergenic	.	AP012548.1_2425,AP012548.1_2426,CP001429.2_2440,CP142614.1_2144,CP142623.1_4196,CP142623.1_4197
contig_13551	866016	866158	920878	mRNA	AP012548.1_4198,CP142614.1_3921,CP142623.1_2429
contig_13551	866016	866158	920942	gene	AP012548.1_4198,CP142614.1_3921,CP142623.1_2429
contig_13551	1455719	1455871	1463510	gene	CP142623.1_131
contig_13551	1455719	1455871	1463510	mRNA	CP142623.1_131
contig_13551	1567426	1567558	1580850	gene	CP142623.1_1359
contig_13551	1567426	1567558	1580850	mRNA	CP142623.1_1359
contig_13594	682484	682565	intergenic	.	AP012548.1_478,CP142614.1_196,CP142623.1_1930
contig_13604	27974	28363	intergenic	.	AP012548.1_1872,AP012548.1_472,CP001429.2_477,CP142614.1_1588,CP142623.1_1936,CP142623.1_540
contig_13604	30513	30917	intergenic	.	AP012548.1_1935,CP003000.1_717,CP142614.1_1650,CP142614.1_1651,CP142623.1_476,CP142623.1_478
contig_13761	315993	316187	intergenic	.	AP012548.1_1380,CP142614.1_1097,CP142623.1_1031
contig_13761	484377	484758	intergenic	.	AP012548.1_2832,AP012548.1_3354,CP142614.1_2561,CP142614.1_3084,CP142614.1_3085,CP142614.1_3252,CP142623.1_3103,CP142623.1_3270,CP142623.1_3791
contig_13761	1072675	1072815	intergenic	.	AP012548.1_789,CP142614.1_507,CP142623.1_1625
contig_13761	1491242	1491449	intergenic	.	AP012548.1_3656,CP001487.1_675,CP142614.1_3383,CP142614.1_3384,CP142623.1_2970,CP142623.1_2971
contig_13761	1870971	1871131	intergenic	.	CP001487.1_408,CP142614.1_3646,CP142623.1_2703
contig_13761	2442097	2442175	intergenic	.	AP012548.1_3153,CP001487.1_1175,CP142614.1_2881,CP142623.1_3469
contig_13761	2667903	2667993	intergenic	.	AP012548.1_2809,AP012548.1_2810,CP142614.1_2539,CP142623.1_3813
contig_13782	752666	752811	intergenic	.	AP012548.1_3940,AP012548.1_3941,CP001429.2_3981,CP001487.1_390,CP142614.1_3664,CP142623.1_2685
contig_13822	471182	471298	intergenic	.	CP142623.1_1147
contig_13989	422812	422985	453511	mRNA	AP012548.1_3466,CP142614.1_3194,CP142623.1_3161
contig_13989	422812	422985	454681	gene	AP012548.1_3466,CP142614.1_3194,CP142623.1_3161
contig_13989	446659	446832	453511	mRNA	AP012548.1_418,CP142623.1_1990
contig_13989	446659	446832	454681	gene	AP012548.1_418,CP142623.1_1990
contig_13989	1757421	1757672	intergenic	.	AP012548.1_3735,AP012548.1_3736,CP142614.1_3458,CP142614.1_3459,CP142623.1_2890
contig_14038	199222	199371	intergenic	.	AP012548.1_2513,CP142614.1_2231
contig_14038	439337	439588	intergenic	.	AP012548.1_3150,CP142614.1_2878,CP142614.1_2879,CP142623.1_3471,CP142623.1_3472
contig_14038	1029875	1029992	intergenic	.	AP012548.1_3956,CP142614.1_3679,CP142623.1_2670
contig_14038	1469250	1469439	1494860	gene	AP012548.1_2528,CP142614.1_2246,CP142614.1_2247,CP142623.1_4094
contig_14038	1469250	1469439	1494860	mRNA	AP012548.1_2528,CP142614.1_2246,CP142614.1_2247,CP142623.1_4094
contig_14038	1530248	1530491	intergenic	.	AP012548.1_3503,CP142614.1_3230,CP142614.1_3231,CP142623.1_3124,CP142623.1_3125
contig_14038	2227246	2227322	2253788	mRNA	CP001487.1_3078,CP003000.1_1296,CP142614.1_1004
contig_14038	2227246	2227322	2253828	gene	CP001487.1_3078,CP003000.1_1296,CP142614.1_1004
contig_14038	2284039	2284193	intergenic	.	CP142614.1_3093,CP142623.1_3262
contig_14180	1519803	1519955	intergenic	.	AP012548.1_3195
contig_14207	397130	397295	intergenic	.	CP142614.1_1378,CP142614.1_1379,CP142623.1_750
contig_14207	474896	475171	intergenic	.	AP012548.1_1343,AP012548.1_1344,CP003000.1_1240,CP142614.1_1060,CP142614.1_1061,CP142623.1_1067,CP142623.1_1068
contig_14207	488933	489151	intergenic	.	AP012548.1_1427,AP012548.1_2765,CP142614.1_1144,CP142614.1_2484,CP142623.1_984
contig_14207	714863	715046	intergenic	.	AP012548.1_3132,CP142614.1_2860,CP142623.1_3490
contig_14207	815220	815360	885400	mRNA	AP012548.1_109,CP001487.1_3,CP003000.1_108,CP142614.1_4049,CP142623.1_2301
contig_14207	815220	815360	885569	gene	AP012548.1_109,CP001487.1_3,CP003000.1_108,CP142614.1_4049,CP142623.1_2301
contig_14207	887806	887982	intergenic	.	AP012548.1_2964,AP012548.1_2965,CP001487.1_1362,CP142614.1_2694,CP142623.1_3659
contig_14207	1893857	1894003	1906087	mRNA	AP012548.1_1037,CP142614.1_756
contig_14207	1893857	1894003	1906758	gene	AP012548.1_1037,CP142614.1_756
contig_14267	729147	729236	intergenic	.	CP142614.1_2693,CP142623.1_3660
contig_14267	1022368	1022527	1023717	mRNA	AP012548.1_3861,CP001429.2_3900,CP001487.1_469,CP142614.1_3585,CP142623.1_2765
contig_14267	1022368	1022527	1024139	gene	AP012548.1_3861,CP001429.2_3900,CP001487.1_469,CP142614.1_3585,CP142623.1_2765
contig_14267	1796995	1797129	intergenic	.	AP012548.1_3496,CP001487.1_835,CP142614.1_3224,CP142614.1_3225,CP142623.1_3130,CP142623.1_3131
contig_14267	2179552	2179664	intergenic	.	AP012548.1_3507,CP001487.1_825,CP142614.1_3235,CP142623.1_3120
contig_14267	2816739	2816871	intergenic	.	AP012548.1_1286,CP001487.1_3079,CP142614.1_1003,CP142623.1_1125
contig_14267	3576883	3577316	intergenic	.	AP012548.1_1634,AP012548.1_1635,AP012548.1_1636,AP012548.1_1637,CP001487.1_2729,CP001487.1_2731,CP142614.1_1351,CP142614.1_1352,CP142614.1_1353,CP142623.1_776,CP142623.1_777
contig_14267	4077703	4077815	4082697	gene	AP012548.1_3607,CP142614.1_3336
contig_14267	4077703	4077815	4082697	mRNA	AP012548.1_3607,CP142614.1_3336
contig_14267	4354232	4354606	intergenic	.	AP012548.1_374,AP012548.1_4002,CP001487.1_3985,CP142614.1_91,CP142614.1_92,CP142623.1_2034,CP142623.1_2035
contig_14267	5502774	5502910	intergenic	.	AP012548.1_353,AP012548.1_354,CP001487.1_4006,CP142614.1_71,CP142623.1_2055
contig_14267	6246437	6246667	intergenic	.	AP012548.1_2176,AP012548.1_2177,CP001429.2_2185,CP001487.1_2189,CP003000.1_490,CP142614.1_1893,CP142623.1_235
contig_14267	6487843	6487983	intergenic	.	AP012548.1_2636,AP012548.1_2637,CP142614.1_2356,CP142623.1_3985
contig_14267	6733100	6733274	intergenic	.	AP012548.1_1261,CP001487.1_3104,CP142614.1_978
contig_14267	7045369	7045520	intergenic	.	AP012548.1_1433,CP142614.1_1150
contig_14267	7397148	7397473	intergenic	.	AP012548.1_847,CP001487.1_3500,CP003000.1_1697,CP142614.1_565,CP142623.1_1567,CP142623.1_781
contig_14267	7452609	7452688	intergenic	.	CP001487.1_1207
contig_14267	8190000	8190193	intergenic	.	AP012548.1_2131,CP001487.1_2235,CP142614.1_1848,CP142623.1_281
contig_14267	9608785	9608876	intergenic	.	AP012548.1_3426,CP142623.1_3198
contig_14267	10146924	10147019	intergenic	.	AP012548.1_3461
contig_14346	5106	5225	14651	mRNA	AP012548.1_2546,CP142614.1_2265
contig_14346	5106	5225	14981	gene	AP012548.1_2546,CP142614.1_2265
contig_14346	456973	457232	531237	gene	AP012548.1_4056,AP012548.1_4057,CP003000.1_3766,CP142614.1_3779,CP142614.1_3780,CP142623.1_2569,CP142623.1_2570
contig_14346	456973	457232	531237	mRNA	AP012548.1_4056,AP012548.1_4057,CP003000.1_3766,CP142614.1_3779,CP142614.1_3780,CP142623.1_2569,CP142623.1_2570
contig_14346	464391	464493	531237	gene	AP012548.1_547,CP142614.1_264,CP142623.1_1867
contig_14346	464391	464493	531237	mRNA	AP012548.1_547,CP142614.1_264,CP142623.1_1867
contig_14346	472567	472902	531237	gene	AP012548.1_712,CP001487.1_3635,CP142614.1_430,CP142623.1_1702
contig_14346	472567	472902	531237	mRNA	AP012548.1_712,CP001487.1_3635,CP142614.1_430,CP142623.1_1702
contig_14402	395941	396025	intergenic	.	CP001487.1_1104
contig_14402	396284	396377	intergenic	.	AP012548.1_2935,CP003000.1_2713,CP142614.1_2664,CP142623.1_3689
contig_14425	509524	509640	613083	gene	CP142614.1_4054,CP142623.1_2296
contig_14425	509524	509640	613083	mRNA	CP142614.1_4054,CP142623.1_2296
contig_14425	866136	866516	intergenic	.	CP001487.1_3145,CP142614.1_3698,CP142614.1_937,CP142623.1_1192,CP142623.1_2651
contig_14425	959830	959938	intergenic	.	AP012548.1_2444,CP142614.1_2163,CP142623.1_4178
contig_14425	1260075	1260226	intergenic	.	AP012548.1_2754,CP142614.1_2473
contig_14425	1294711	1294845	intergenic	.	AP012548.1_1814,CP001487.1_2551,CP142614.1_1530,CP142623.1_598,CP142623.1_599
contig_14425	1468543	1468741	intergenic	.	AP012548.1_2695,CP142614.1_2414,CP142614.1_2422,CP142623.1_3919,CP142623.1_3927
contig_14425	1798380	1798459	1819079	gene	AP012548.1_389
contig_14425	1798380	1798459	1819079	mRNA	AP012548.1_389
contig_14425	2061995	2062260	2080606	gene	AP012548.1_1116,AP012548.1_1117,CP142614.1_835,CP142614.1_836,CP142623.1_1295,CP142623.1_1296
contig_14425	2061995	2062260	2080606	mRNA	AP012548.1_1116,AP012548.1_1117,CP142614.1_835,CP142614.1_836,CP142623.1_1295,CP142623.1_1296
contig_14425	2495055	2495270	intergenic	.	AP012548.1_2077,CP142614.1_708,CP142623.1_1423,CP142623.1_335
contig_14425	2924379	2924563	2935259	gene	CP142614.1_2227,CP142623.1_4112
contig_14425	2924379	2924563	2935259	mRNA	CP142614.1_2227,CP142623.1_4112
contig_14459	110718	110797	intergenic	.	AP012548.1_1916
contig_14506	126855	126991	intergenic	.	CP142623.1_3540
contig_14520	50064	50341	intergenic	.	AP012548.1_1411,CP142614.1_1129,CP142623.1_999
contig_14571	131670	131810	intergenic	.	AP012548.1_1885,CP142623.1_528
contig_14571	523295	523552	intergenic	.	AP012548.1_2156,AP012548.1_2157,CP001487.1_2209,CP142614.1_1873,CP142614.1_1874,CP142623.1_255,CP142623.1_256
contig_14626	896831	897064	intergenic	.	CP142614.1_3726,CP142623.1_2624
contig_14626	2521796	2521879	intergenic	.	CP142614.1_496
contig_14626	5419250	5419374	intergenic	.	CP142623.1_3255
contig_14626	6860237	6860363	intergenic	.	AP012548.1_3529,CP001429.2_3573,CP001487.1_802
contig_14626	6864528	6864912	intergenic	.	AP012548.1_185,CP142614.1_4123,CP142614.1_4125
contig_14626	7275194	7275383	intergenic	.	CP142614.1_2952,CP142623.1_3397
contig_14626	8677187	8677349	intergenic	.	AP012548.1_1080,CP001487.1_3285,CP142614.1_799,CP142623.1_1331,CP142623.1_1332
contig_14626	8714044	8714174	intergenic	.	AP012548.1_2575,CP142614.1_2294,CP142614.1_2295,CP142623.1_4048
contig_1470	41637	41850	intergenic	.	AP012548.1_333,CP001487.1_4026,CP003000.1_290,CP142614.1_49,CP142614.1_50,CP142623.1_2075,CP142623.1_2076
contig_14826	48624	48793	60295	mRNA	AP012548.1_2191,CP001429.2_2200,CP001487.1_2174,CP142614.1_1908,CP142623.1_220,CP142623.1_221
contig_14826	48624	48793	60484	gene	AP012548.1_2191,CP001429.2_2200,CP001487.1_2174,CP142614.1_1908,CP142623.1_220,CP142623.1_221
contig_14826	624272	624590	intergenic	.	AP012548.1_1124,CP142614.1_842,CP142623.1_1288,CP142623.1_1289
contig_14826	1072914	1073064	1115469	mRNA	CP142614.1_3373
contig_14826	1072914	1073064	1116034	gene	CP142614.1_3373
contig_14856	1231080	1231200	intergenic	.	AP012548.1_581,CP001429.2_593,CP001487.1_3764,CP142614.1_298
contig_14856	1540454	1540628	intergenic	.	AP012548.1_4106,AP012548.1_4107,CP142614.1_3830,CP142623.1_2520
contig_14856	2685449	2685532	intergenic	.	CP142623.1_2549
contig_14928	1215376	1215526	1229054	mRNA	AP012548.1_3020,CP142614.1_2749,CP142623.1_3602
contig_14928	1215376	1215526	1229298	gene	AP012548.1_3020,CP142614.1_2749,CP142623.1_3602
contig_14928	1728680	1728767	intergenic	.	AP012548.1_234
contig_14928	2289047	2289309	intergenic	.	AP012548.1_2717,AP012548.1_2718,CP142614.1_2436,CP142614.1_2437,CP142623.1_3904,CP142623.1_3905
contig_14928	3634746	3634895	intergenic	.	AP012548.1_3543,AP012548.1_3544,CP142614.1_3272,CP142623.1_3083
contig_14928	4607189	4607371	intergenic	.	AP012548.1_2524,CP142614.1_2243,CP142623.1_4098
contig_14928	6328930	6329074	intergenic	.	AP012548.1_487,CP142614.1_205,CP142623.1_1921,CP142623.1_1922
contig_14928	6512361	6512535	intergenic	.	AP012548.1_645,CP142614.1_362,CP142623.1_1768
contig_14928	6577510	6577675	intergenic	.	AP012548.1_151,CP142614.1_4090,CP142623.1_2260
contig_14928	7304383	7304678	intergenic	.	AP012548.1_675,AP012548.1_676,CP001487.1_3669,CP001487.1_3670,CP142614.1_392,CP142614.1_393,CP142623.1_1738,CP142623.1_1739
contig_14928	8001400	8001700	8001727	CDS	AP012548.1_269,AP012548.1_270,CP001487.1_4089,CP001487.1_4090,CP003000.1_226,CP142614.1_4209,CP142623.1_2139,CP142623.1_2140
contig_14928	8001400	8001700	8001727	exon	AP012548.1_269,AP012548.1_270,CP001487.1_4089,CP001487.1_4090,CP003000.1_226,CP142614.1_4209,CP142623.1_2139,CP142623.1_2140
contig_14928	8001400	8001700	8001727	gene	AP012548.1_269,AP012548.1_270,CP001487.1_4089,CP001487.1_4090,CP003000.1_226,CP142614.1_4209,CP142623.1_2139,CP142623.1_2140
contig_14928	8001400	8001700	8001727	mRNA	AP012548.1_269,AP012548.1_270,CP001487.1_4089,CP001487.1_4090,CP003000.1_226,CP142614.1_4209,CP142623.1_2139,CP142623.1_2140
contig_14928	8007921	8008166	intergenic	.	AP012548.1_1466,AP012548.1_1467,AP012548.1_1468,CP142614.1_1184,CP142614.1_1185,CP142623.1_945
contig_14928	8042710	8043064	intergenic	.	AP012548.1_2384,CP001429.2_1523,CP001429.2_2399,CP001487.1_1982,CP001487.1_2849,CP003000.1_2141,CP142614.1_2103,CP142623.1_28
contig_14928	8269322	8269399	intergenic	.	CP001429.2_2747,CP001487.1_1611
contig_14928	8296620	8296753	intergenic	.	AP012548.1_3226,CP142614.1_2954,CP142614.1_2955,CP142623.1_3394
contig_14928	8405518	8405604	intergenic	.	CP001487.1_4199,CP142614.1_4099,CP142623.1_2251
contig_14928	8470056	8470174	intergenic	.	CP142614.1_1883,CP142623.1_246
contig_14928	8497834	8497971	intergenic	.	AP012548.1_1165,CP142623.1_1247
contig_14928	8544048	8544158	intergenic	.	CP001487.1_1068,CP003000.1_3026,CP142614.1_2992,CP142623.1_3362
contig_14928	8754815	8755291	intergenic	.	AP012548.1_1753,AP012548.1_481,CP001487.1_2612,CP142614.1_1468,CP142623.1_660,CP142623.1_661
contig_14928	8854623	8854750	intergenic	.	CP142614.1_588
contig_14928	9200726	9200860	9303536	mRNA	CP001487.1_1380,CP142614.1_2676,CP142623.1_3677
contig_14928	9200726	9200860	9303891	gene	CP001487.1_1380,CP142614.1_2676,CP142623.1_3677
contig_14928	9368513	9368711	intergenic	.	AP012548.1_3534,AP012548.1_3535,CP142614.1_3262,CP142614.1_3263,CP142623.1_3092,CP142623.1_3093
contig_14928	9368513	9368824	9368717	polyA_signal_sequence	AP012548.1_3534,AP012548.1_3535,CP142614.1_3262,CP142614.1_3263,CP142623.1_3092,CP142623.1_3093
contig_14928	9368513	9368824	9371427	gene	AP012548.1_3534,AP012548.1_3535,CP142614.1_3262,CP142614.1_3263,CP142623.1_3092,CP142623.1_3093
contig_14928	9401610	9401701	intergenic	.	CP003000.1_2900
contig_14937	809149	809327	intergenic	.	AP012548.1_2132,CP003000.1_535,CP142614.1_1849,CP142623.1_279,CP142623.1_280
contig_14937	2098389	2098615	intergenic	.	AP012548.1_90,CP001429.2_159,CP001487.1_21,CP003000.1_90,CP142614.1_4029,CP142614.1_4030,CP142623.1_2320,CP142623.1_2321
contig_14937	2999126	2999223	intergenic	.	CP142614.1_2581,CP142623.1_3770
contig_14937	3319836	3319962	intergenic	.	CP142614.1_663,CP142623.1_1468
contig_14937	3320177	3320364	intergenic	.	AP012548.1_1904,CP001487.1_2460,CP001487.1_2461,CP142614.1_1619,CP142614.1_1620,CP142623.1_508,CP142623.1_509
contig_14937	3750744	3750825	intergenic	.	AP012548.1_3742,CP142614.1_3465,CP142623.1_2884
contig_14937	3831019	3831148	intergenic	.	AP012548.1_1738,CP142614.1_1454,CP142623.1_675
contig_14937	4189358	4189601	4237914	mRNA	AP012548.1_4156,AP012548.1_4157,CP001429.2_4201,CP001487.1_172,CP003000.1_3855,CP142614.1_3879,CP142614.1_3880,CP142623.1_2470,CP142623.1_2471
contig_14937	4189358	4189601	4238233	gene	AP012548.1_4156,AP012548.1_4157,CP001429.2_4201,CP001487.1_172,CP003000.1_3855,CP142614.1_3879,CP142614.1_3880,CP142623.1_2470,CP142623.1_2471
contig_14937	4320343	4320452	intergenic	.	AP012548.1_1739,CP142623.1_674
contig_14937	5605417	5605892	intergenic	.	AP012548.1_1848,AP012548.1_1849,AP012548.1_3967,CP142614.1_1564,CP142614.1_1565,CP142614.1_3690,CP142623.1_2659,CP142623.1_563,CP142623.1_564
contig_14937	5893145	5893221	intergenic	.	AP012548.1_4129
contig_14937	5965137	5965216	5986185	gene	AP012548.1_2523
contig_14937	5965137	5965216	5986185	mRNA	AP012548.1_2523
contig_14937	7068528	7068676	intergenic	.	CP142614.1_2165
contig_14937	7104484	7104575	intergenic	.	CP001429.2_3452,CP142614.1_3138
contig_14937	7191168	7191317	intergenic	.	AP012548.1_546,CP001487.1_3799,CP142614.1_263
contig_14937	7353416	7353621	intergenic	.	AP012548.1_3927,CP001487.1_404,CP142614.1_3650,CP142623.1_2699,CP142623.1_2700
contig_15041	103782	103861	119623	mRNA	CP142614.1_910,CP142623.1_1219
contig_15041	103782	103861	119645	gene	CP142614.1_910,CP142623.1_1219
contig_15124	39352	39521	intergenic	.	AP012548.1_956,CP001487.1_3409,CP142614.1_675,CP142623.1_1456
contig_15124	650241	650322	721021	mRNA	AP012548.1_3363
contig_15124	650241	650322	721148	gene	AP012548.1_3363
contig_15124	1244409	1244655	intergenic	.	AP012548.1_3102,CP001429.2_3139,CP001487.1_1226,CP003000.1_2878,CP142614.1_2830,CP142614.1_2831,CP142623.1_3519,CP142623.1_3520
contig_15124	2001796	2001880	intergenic	.	AP012548.1_2917,CP001487.1_1409,CP142614.1_2646,CP142623.1_3707
contig_15124	2159534	2159662	intergenic	.	CP142614.1_3992
contig_15124	2212692	2212912	2301733	mRNA	AP012548.1_4063,AP012548.1_4064,CP001487.1_267,CP001487.1_268,CP142614.1_3786,CP142614.1_3787,CP142623.1_2562,CP142623.1_2563
contig_15124	2212692	2212912	2302219	gene	AP012548.1_4063,AP012548.1_4064,CP001487.1_267,CP001487.1_268,CP142614.1_3786,CP142614.1_3787,CP142623.1_2562,CP142623.1_2563
contig_15124	2544015	2544094	intergenic	.	CP142614.1_3661,CP142623.1_2688
contig_15133	974083	974170	979510	mRNA	AP012548.1_1373,CP001487.1_2991,CP142614.1_1091,CP142623.1_1038
contig_15133	974083	974170	979787	gene	AP012548.1_1373,CP001487.1_2991,CP142614.1_1091,CP142623.1_1038
contig_15133	1443754	1443889	1443803	CDS	AP012548.1_1243,CP142623.1_1168
contig_15133	1443754	1443889	1443803	exon	AP012548.1_1243,CP142623.1_1168
contig_15133	1443754	1443889	1469601	gene	AP012548.1_1243,CP142623.1_1168
contig_15133	1443754	1443889	1469601	mRNA	AP012548.1_1243,CP142623.1_1168
contig_15133	1478368	1478478	intergenic	.	CP001487.1_3534
contig_15159	7664	7739	intergenic	.	AP012548.1_3279
contig_1519	401735	401874	intergenic	.	AP012548.1_1811,CP001487.1_2554,CP142614.1_1527,CP142623.1_602
contig_1519	578696	579273	579041	CDS	AP012548.1_4079,AP012548.1_4081,AP012548.1_4082,CP001429.2_4121,CP001487.1_250,CP001487.1_251,CP001487.1_252,CP003000.1_3791,CP142614.1_3802,CP142614.1_3804,CP142614.1_3805,CP142623.1_2544,CP142623.1_2545,CP142623.1_2546,CP142623.1_2547
contig_1519	578696	579273	579041	exon	AP012548.1_4079,AP012548.1_4081,AP012548.1_4082,CP001429.2_4121,CP001487.1_250,CP001487.1_251,CP001487.1_252,CP003000.1_3791,CP142614.1_3802,CP142614.1_3804,CP142614.1_3805,CP142623.1_2544,CP142623.1_2545,CP142623.1_2546,CP142623.1_2547
contig_1519	578696	579273	579041	mRNA	AP012548.1_4079,AP012548.1_4081,AP012548.1_4082,CP001429.2_4121,CP001487.1_250,CP001487.1_251,CP001487.1_252,CP003000.1_3791,CP142614.1_3802,CP142614.1_3804,CP142614.1_3805,CP142623.1_2544,CP142623.1_2545,CP142623.1_2546,CP142623.1_2547
contig_1519	578696	579273	579041	stop_codon	AP012548.1_4079,AP012548.1_4081,AP012548.1_4082,CP001429.2_4121,CP001487.1_250,CP001487.1_251,CP001487.1_252,CP003000.1_3791,CP142614.1_3802,CP142614.1_3804,CP142614.1_3805,CP142623.1_2544,CP142623.1_2545,CP142623.1_2546,CP142623.1_2547
contig_1519	578696	579273	579049	gene	AP012548.1_4079,AP012548.1_4081,AP012548.1_4082,CP001429.2_4121,CP001487.1_250,CP001487.1_251,CP001487.1_252,CP003000.1_3791,CP142614.1_3802,CP142614.1_3804,CP142614.1_3805,CP142623.1_2544,CP142623.1_2545,CP142623.1_2546,CP142623.1_2547
contig_1519	578696	579273	579049	polyA_signal_sequence	AP012548.1_4079,AP012548.1_4081,AP012548.1_4082,CP001429.2_4121,CP001487.1_250,CP001487.1_251,CP001487.1_252,CP003000.1_3791,CP142614.1_3802,CP142614.1_3804,CP142614.1_3805,CP142623.1_2544,CP142623.1_2545,CP142623.1_2546,CP142623.1_2547
contig_1519	579049	579273	intergenic	.	AP012548.1_4079,AP012548.1_4081,AP012548.1_4082,CP001429.2_4121,CP001487.1_250,CP001487.1_251,CP001487.1_252,CP003000.1_3791,CP142614.1_3802,CP142614.1_3804,CP142614.1_3805,CP142623.1_2544,CP142623.1_2545,CP142623.1_2546,CP142623.1_2547
contig_1519	587394	587543	intergenic	.	AP012548.1_341
contig_1519	1938082	1938159	1941879	mRNA	CP142614.1_1995,CP142623.1_134
contig_1519	1938082	1938159	1941900	gene	CP142614.1_1995,CP142623.1_134
contig_1519	2679310	2679405	2706065	gene	AP012548.1_3787,CP142614.1_3511,CP142623.1_2839
contig_1519	2679310	2679405	2706065	mRNA	AP012548.1_3787,CP142614.1_3511,CP142623.1_2839
contig_1519	3121656	3121771	intergenic	.	CP001429.2_3470,CP142614.1_3156,CP142623.1_3199
contig_1519	4349171	4349285	4367842	mRNA	AP012548.1_1253,CP001487.1_3111,CP142614.1_970,CP142623.1_1158
contig_1519	4349171	4349285	4367956	gene	AP012548.1_1253,CP001487.1_3111,CP142614.1_970,CP142623.1_1158
contig_1519	4694919	4695341	intergenic	.	AP012548.1_3976,AP012548.1_3977,CP001429.2_4016,CP001487.1_354,CP003000.1_3687,CP142614.1_3699,CP142614.1_3700,CP142614.1_3701,CP142623.1_2648,CP142623.1_2649,CP142623.1_2650
contig_1519	5175011	5175312	intergenic	.	AP012548.1_2536,AP012548.1_2537,CP001487.1_1831,CP142614.1_2255,CP142623.1_4086
contig_1519	5546370	5546511	intergenic	.	CP142623.1_1250
contig_1519	5678765	5678924	intergenic	.	AP012548.1_3793,CP001429.2_3831,CP001487.1_537,CP142614.1_3516,CP142623.1_2833
contig_15267	260342	260828	intergenic	.	AP012548.1_2398,AP012548.1_2399,AP012548.1_2400,CP001429.2_2412,CP001429.2_2413,CP001429.2_2414,CP001429.2_2415,CP001487.1_1966,CP001487.1_1967,CP001487.1_1968,CP003000.1_2155,CP003000.1_2156,CP003000.1_2157,CP142614.1_2117,CP142614.1_2118,CP142614.1_2119,CP142623.1_12,CP142623.1_13
contig_15267	308782	308945	intergenic	.	AP012548.1_697,AP012548.1_698,CP142614.1_415,CP142623.1_1716,CP142623.1_1717
contig_15267	438991	439545	intergenic	.	AP012548.1_3282,AP012548.1_3283,AP012548.1_3284,CP001487.1_1048,CP142614.1_3012,CP142614.1_3014,CP142623.1_3340,CP142623.1_3342,CP142623.1_3343
contig_15267	877493	877637	925219	gene	AP012548.1_2794
contig_15267	877493	877637	925219	mRNA	AP012548.1_2794
contig_15307	1475501	1475596	intergenic	.	AP012548.1_26,CP001487.1_85,CP142614.1_3966,CP142623.1_2384
contig_15337	1396193	1396372	intergenic	.	AP012548.1_2780,CP142614.1_2499,CP142623.1_3842
contig_15337	2534653	2534799	intergenic	.	AP012548.1_308,CP142614.1_24,CP142623.1_2101
contig_15337	2698111	2698805	2698759	CDS	AP012548.1_115,AP012548.1_116,AP012548.1_1688,AP012548.1_2692,AP012548.1_2693,CP001487.1_1632,CP003000.1_2483,CP003000.1_964,CP142614.1_1404,CP142614.1_2411,CP142614.1_2412,CP142614.1_4055,CP142623.1_2294,CP142623.1_2295,CP142623.1_3929,CP142623.1_3930,CP142623.1_725
contig_15337	2698111	2698805	2698759	exon	AP012548.1_115,AP012548.1_116,AP012548.1_1688,AP012548.1_2692,AP012548.1_2693,CP001487.1_1632,CP003000.1_2483,CP003000.1_964,CP142614.1_1404,CP142614.1_2411,CP142614.1_2412,CP142614.1_4055,CP142623.1_2294,CP142623.1_2295,CP142623.1_3929,CP142623.1_3930,CP142623.1_725
contig_15337	2698111	2698805	2698759	mRNA	AP012548.1_115,AP012548.1_116,AP012548.1_1688,AP012548.1_2692,AP012548.1_2693,CP001487.1_1632,CP003000.1_2483,CP003000.1_964,CP142614.1_1404,CP142614.1_2411,CP142614.1_2412,CP142614.1_4055,CP142623.1_2294,CP142623.1_2295,CP142623.1_3929,CP142623.1_3930,CP142623.1_725
contig_15337	2698111	2698805	2698759	stop_codon	AP012548.1_115,AP012548.1_116,AP012548.1_1688,AP012548.1_2692,AP012548.1_2693,CP001487.1_1632,CP003000.1_2483,CP003000.1_964,CP142614.1_1404,CP142614.1_2411,CP142614.1_2412,CP142614.1_4055,CP142623.1_2294,CP142623.1_2295,CP142623.1_3929,CP142623.1_3930,CP142623.1_725
contig_15337	2698111	2698805	2698790	gene	AP012548.1_115,AP012548.1_116,AP012548.1_1688,AP012548.1_2692,AP012548.1_2693,CP001487.1_1632,CP003000.1_2483,CP003000.1_964,CP142614.1_1404,CP142614.1_2411,CP142614.1_2412,CP142614.1_4055,CP142623.1_2294,CP142623.1_2295,CP142623.1_3929,CP142623.1_3930,CP142623.1_725
contig_15337	2698111	2698805	2698790	polyA_signal_sequence	AP012548.1_115,AP012548.1_116,AP012548.1_1688,AP012548.1_2692,AP012548.1_2693,CP001487.1_1632,CP003000.1_2483,CP003000.1_964,CP142614.1_1404,CP142614.1_2411,CP142614.1_2412,CP142614.1_4055,CP142623.1_2294,CP142623.1_2295,CP142623.1_3929,CP142623.1_3930,CP142623.1_725
contig_15337	2698790	2698805	intergenic	.	AP012548.1_115,AP012548.1_116,AP012548.1_1688,AP012548.1_2692,AP012548.1_2693,CP001487.1_1632,CP003000.1_2483,CP003000.1_964,CP142614.1_1404,CP142614.1_2411,CP142614.1_2412,CP142614.1_4055,CP142623.1_2294,CP142623.1_2295,CP142623.1_3929,CP142623.1_3930,CP142623.1_725
contig_15337	2847571	2847695	intergenic	.	CP142623.1_2827
contig_15337	2888802	2888897	intergenic	.	AP012548.1_1543
contig_15337	2960228	2960503	intergenic	.	AP012548.1_2046,AP012548.1_3327,CP001487.1_1003,CP001487.1_2320,CP142614.1_3056,CP142614.1_3057,CP142614.1_3058,CP142623.1_3297,CP142623.1_367
contig_15337	2989335	2989556	2989568	CDS	AP012548.1_2173,CP001429.2_2182,CP001487.1_2192,CP001487.1_2193,CP003000.1_494,CP142614.1_1890,CP142623.1_238,CP142623.1_239
contig_15337	2989335	2989556	2989568	exon	AP012548.1_2173,CP001429.2_2182,CP001487.1_2192,CP001487.1_2193,CP003000.1_494,CP142614.1_1890,CP142623.1_238,CP142623.1_239
contig_15337	2989335	2989556	2989568	gene	AP012548.1_2173,CP001429.2_2182,CP001487.1_2192,CP001487.1_2193,CP003000.1_494,CP142614.1_1890,CP142623.1_238,CP142623.1_239
contig_15337	2989335	2989556	2989568	mRNA	AP012548.1_2173,CP001429.2_2182,CP001487.1_2192,CP001487.1_2193,CP003000.1_494,CP142614.1_1890,CP142623.1_238,CP142623.1_239
contig_15337	3086352	3086495	intergenic	.	AP012548.1_3396,CP001487.1_933,CP142614.1_3126,CP142623.1_3228
contig_15337	3459528	3459742	intergenic	.	AP012548.1_3490,CP142623.1_3136
contig_15337	4025068	4025312	4031688	mRNA	AP012548.1_4014,AP012548.1_4015,CP142614.1_3737,CP142614.1_3738,CP142623.1_2611,CP142623.1_2612
contig_15337	4025068	4025312	4032034	gene	AP012548.1_4014,AP012548.1_4015,CP142614.1_3737,CP142614.1_3738,CP142623.1_2611,CP142623.1_2612
contig_15337	4102344	4102449	4126302	mRNA	CP001487.1_3426
contig_15337	4102344	4102449	4126343	gene	CP001487.1_3426
contig_15337	4975583	4975737	4986347	mRNA	AP012548.1_3362,CP142623.1_3263
contig_15337	4975583	4975737	4986402	gene	AP012548.1_3362,CP142623.1_3263
contig_15342	162470	162738	intergenic	.	AP012548.1_1911,AP012548.1_1912,CP001487.1_2453,CP003000.1_740,CP142614.1_1627,CP142614.1_1628,CP142623.1_500,CP142623.1_501
contig_15342	1462544	1462842	intergenic	.	AP012548.1_2223,AP012548.1_2224,CP142614.1_1941,CP142623.1_187,CP142623.1_188
contig_15342	2689572	2689661	2698164	gene	CP001487.1_148,CP142614.1_3903
contig_15342	2689572	2689661	2698164	mRNA	CP001487.1_148,CP142614.1_3903
contig_15414	57892	58063	60832	gene	AP012548.1_1887,AP012548.1_1888,CP142614.1_1603,CP142614.1_1604,CP142623.1_525,CP142623.1_526
contig_15414	57892	58063	60832	mRNA	AP012548.1_1887,AP012548.1_1888,CP142614.1_1603,CP142614.1_1604,CP142623.1_525,CP142623.1_526
contig_15414	744565	744773	intergenic	.	CP001429.2_2330,CP003000.1_2074,CP142614.1_2032,CP142623.1_96,CP142623.1_97
contig_15414	1683775	1683859	intergenic	.	CP001487.1_2055
contig_15414	2016390	2016477	intergenic	.	AP012548.1_2442,CP142623.1_4180
contig_15414	2173105	2173226	intergenic	.	AP012548.1_3216,CP142614.1_2945,CP142623.1_3404
contig_15414	2288527	2288724	intergenic	.	AP012548.1_3494,CP142614.1_3222,CP142623.1_3133
contig_15414	2387061	2387230	intergenic	.	AP012548.1_16,AP012548.1_17,CP142614.1_3956,CP142623.1_2393,CP142623.1_2394
contig_15414	2940212	2940620	intergenic	.	AP012548.1_1011,AP012548.1_3667,AP012548.1_4161,AP012548.1_823,CP142614.1_3390,CP142614.1_3884,CP142614.1_730,CP142623.1_1401,CP142623.1_2466,CP142623.1_2959
contig_15414	2990021	2990523	intergenic	.	AP012548.1_2498,AP012548.1_271,CP001429.2_2513,CP001429.2_274,CP003000.1_2245,CP003000.1_227,CP142614.1_1863,CP142614.1_2216,CP142614.1_4210,CP142623.1_2138,CP142623.1_4125
contig_15441	474133	474226	intergenic	.	AP012548.1_2316,CP001487.1_2050,CP142614.1_2033
contig_15441	570042	570326	intergenic	.	AP012548.1_3817,CP001429.2_3856,CP001487.1_513,CP142614.1_3540,CP142614.1_3541,CP142623.1_2809
contig_15484	72389	72538	84150	gene	AP012548.1_2640,AP012548.1_3359,CP142614.1_2359,CP142623.1_3982
contig_15484	72389	72538	84150	mRNA	AP012548.1_2640,AP012548.1_3359,CP142614.1_2359,CP142623.1_3982
contig_15484	171223	171489	intergenic	.	AP012548.1_1070,AP012548.1_1071,CP142614.1_789,CP142614.1_790,CP142623.1_1341,CP142623.1_1342
contig_15484	219972	220070	intergenic	.	AP012548.1_3636,CP142614.1_3365
contig_15484	373399	373755	intergenic	.	AP012548.1_677,AP012548.1_678,AP012548.1_845,CP001487.1_3502,CP001487.1_3668,CP142614.1_394,CP142614.1_395,CP142614.1_563,CP142623.1_1568,CP142623.1_1736,CP142623.1_1737
contig_15484	422220	422483	423978	mRNA	CP142614.1_3063,CP142614.1_3064,CP142623.1_3291,CP142623.1_3292
contig_15484	422220	422483	424804	gene	CP142614.1_3063,CP142614.1_3064,CP142623.1_3291,CP142623.1_3292
contig_15484	422800	422917	423978	mRNA	CP142614.1_3065,CP142623.1_3290
contig_15484	422800	422917	424804	gene	CP142614.1_3065,CP142623.1_3290
contig_15484	494526	495014	intergenic	.	AP012548.1_2298,AP012548.1_3248,CP001487.1_1081,CP001487.1_2068,CP003000.1_3012,CP142614.1_1935,CP142614.1_2016,CP142614.1_2978,CP142623.1_113,CP142623.1_193,CP142623.1_3376
contig_15484	1290115	1290397	1301519	gene	AP012548.1_263,AP012548.1_264,CP001487.1_4096,CP142614.1_4202,CP142614.1_4203,CP142623.1_2145,CP142623.1_2146
contig_15484	1290115	1290397	1301519	mRNA	AP012548.1_263,AP012548.1_264,CP001487.1_4096,CP142614.1_4202,CP142614.1_4203,CP142623.1_2145,CP142623.1_2146
contig_15484	1361047	1361274	intergenic	.	AP012548.1_1712,AP012548.1_1713,CP142614.1_1428,CP142623.1_700,CP142623.1_701
contig_15526	364234	364344	intergenic	.	AP012548.1_3423,CP142614.1_3153
contig_15686	5439564	5439698	intergenic	.	AP012548.1_2549
contig_15802	824250	824541	intergenic	.	AP012548.1_2372,AP012548.1_2373,CP001429.2_2387,CP003000.1_2129,CP142614.1_2091,CP142614.1_2092,CP142623.1_1427,CP142623.1_39,CP142623.1_40
contig_15802	1080044	1080215	intergenic	.	AP012548.1_2169,CP001429.2_2178,CP001487.1_2196,CP003000.1_497,CP003000.1_498,CP142614.1_1886
contig_15802	2475106	2475232	intergenic	.	AP012548.1_3485,CP142623.1_3141
contig_15802	2952199	2952334	intergenic	.	AP012548.1_4149,CP142614.1_3872,CP142614.1_3873,CP142623.1_2477,CP142623.1_2478
contig_1581	237502	237616	334175	mRNA	CP142614.1_1127,CP142623.1_1001
contig_1581	237502	237616	334961	gene	CP142614.1_1127,CP142623.1_1001
contig_1581	247113	247246	334175	mRNA	AP012548.1_993,CP142614.1_712,CP142623.1_1419
contig_1581	247113	247246	334961	gene	AP012548.1_993,CP142614.1_712,CP142623.1_1419
contig_1581	254832	255100	334175	mRNA	AP012548.1_1910,AP012548.1_1946,CP142614.1_1662
contig_1581	254832	255100	334961	gene	AP012548.1_1910,AP012548.1_1946,CP142614.1_1662
contig_1581	541484	541644	547046	mRNA	CP142614.1_2297,CP142623.1_4044
contig_1581	541484	541644	548242	gene	CP142614.1_2297,CP142623.1_4044
contig_1581	1285698	1286105	intergenic	.	AP012548.1_2833,AP012548.1_2835,CP142614.1_2563,CP142614.1_2564,CP142623.1_3789
contig_1581	1501705	1501857	intergenic	.	CP142623.1_962
contig_1581	1635939	1636209	intergenic	.	AP012548.1_1445,AP012548.1_1446,CP142614.1_1163,CP142623.1_966
contig_1581	2239105	2239469	2325387	mRNA	AP012548.1_106,AP012548.1_3188,CP001429.2_143,CP142614.1_2916,CP142614.1_4046,CP142623.1_2304,CP142623.1_3432,CP142623.1_3433
contig_1581	2239105	2239469	2325432	gene	AP012548.1_106,AP012548.1_3188,CP001429.2_143,CP142614.1_2916,CP142614.1_4046,CP142623.1_2304,CP142623.1_3432,CP142623.1_3433
contig_1581	2241319	2241475	2325387	mRNA	AP012548.1_2345
contig_1581	2241319	2241475	2325432	gene	AP012548.1_2345
contig_1581	2275932	2276077	2325387	mRNA	CP001487.1_3069,CP003000.1_1287,CP142614.1_1013,CP142623.1_1116
contig_1581	2275932	2276077	2325432	gene	CP001487.1_3069,CP003000.1_1287,CP142614.1_1013,CP142623.1_1116
contig_1581	3087587	3087904	intergenic	.	CP001487.1_283,CP142614.1_2139
contig_1581	3118722	3119195	intergenic	.	AP012548.1_741,AP012548.1_742,AP012548.1_743,CP001429.2_756,CP001487.1_3605,CP142614.1_458,CP142614.1_459,CP142614.1_460,CP142623.1_1671,CP142623.1_1672,CP142623.1_1673
contig_1581	3304407	3304512	3356293	mRNA	AP012548.1_853,CP142614.1_571,CP142623.1_1561
contig_1581	3304407	3304512	3356550	gene	AP012548.1_853,CP142614.1_571,CP142623.1_1561
contig_1581	3325492	3325633	3356293	mRNA	CP142614.1_1365
contig_1581	3325492	3325633	3356550	gene	CP142614.1_1365
contig_1581	3770101	3770306	3873568	gene	AP012548.1_2150,CP142614.1_1866,CP142614.1_1867,CP142623.1_261,CP142623.1_262
contig_1581	3770101	3770306	3873568	mRNA	AP012548.1_2150,CP142614.1_1866,CP142614.1_1867,CP142623.1_261,CP142623.1_262
contig_1581	3789099	3789251	3873568	gene	CP142614.1_3857,CP142623.1_2493
contig_1581	3789099	3789251	3873568	mRNA	CP142614.1_3857,CP142623.1_2493
contig_1581	3811731	3812053	3873568	gene	AP012548.1_2083,AP012548.1_2084,CP001429.2_2092,CP001487.1_2284,CP142614.1_1799,CP142614.1_1800,CP142623.1_328,CP142623.1_329,CP142623.1_330
contig_1581	3811731	3812053	3873568	mRNA	AP012548.1_2083,AP012548.1_2084,CP001429.2_2092,CP001487.1_2284,CP142614.1_1799,CP142614.1_1800,CP142623.1_328,CP142623.1_329,CP142623.1_330
contig_1581	4722433	4722572	intergenic	.	AP012548.1_666,CP142614.1_383
contig_1581	4745157	4745307	intergenic	.	AP012548.1_3695,CP142614.1_3418,CP142623.1_2931
contig_1581	5728916	5729377	intergenic	.	AP012548.1_1254,CP001487.1_2325,CP003000.1_625,CP142614.1_971,CP142614.1_972,CP142623.1_1157
contig_1581	5816839	5816937	intergenic	.	AP012548.1_3619,CP142614.1_3348
contig_15860	537324	537491	intergenic	.	AP012548.1_4042,CP001487.1_289,CP142623.1_2584
contig_1587	553354	553452	intergenic	.	AP012548.1_946
contig_1587	640661	640818	intergenic	.	AP012548.1_242,CP142614.1_4182,CP142614.1_4183,CP142623.1_2168
contig_1587	640661	640841	640824	polyA_signal_sequence	AP012548.1_242,CP142614.1_4182,CP142614.1_4183,CP142623.1_2168
contig_1587	640661	640841	647092	gene	AP012548.1_242,CP142614.1_4182,CP142614.1_4183,CP142623.1_2168
contig_15990	670573	670685	intergenic	.	CP142614.1_3218,CP142623.1_3137
contig_1600	12750	12837	intergenic	.	AP012548.1_2866
contig_1600	16669	16797	intergenic	.	CP142623.1_3756
contig_1600	120160	120319	146957	gene	AP012548.1_2410,CP142614.1_2129
contig_1600	120160	120319	146957	mRNA	AP012548.1_2410,CP142614.1_2129
contig_1600	268734	268890	intergenic	.	AP012548.1_2937,CP001429.2_2974,CP001487.1_1389,CP142614.1_2666,CP142623.1_3686,CP142623.1_3687
contig_1600	440475	440941	intergenic	.	AP012548.1_2529,AP012548.1_2856,AP012548.1_2857,CP001429.2_2890,CP001487.1_1469,CP142614.1_2248,CP142614.1_2585,CP142614.1_2586,CP142623.1_3765,CP142623.1_3766,CP142623.1_4093
contig_1600	534497	534837	intergenic	.	AP012548.1_483,AP012548.1_484,CP142614.1_201,CP142614.1_202,CP142623.1_1925,CP142623.1_1926
contig_1600	663766	663968	intergenic	.	AP012548.1_2243,CP001487.1_2124,CP001487.1_2125,CP003000.1_440,CP142614.1_1960,CP142623.1_169
contig_1600	1341980	1342081	intergenic	.	AP012548.1_2983,CP142614.1_2712,CP142623.1_3640
contig_1600	2007971	2008377	intergenic	.	AP012548.1_1298,AP012548.1_2184,AP012548.1_2261,AP012548.1_2262,AP012548.1_3157,CP001487.1_2105,CP003000.1_2932,CP142614.1_1015,CP142614.1_1901,CP142614.1_1978,CP142614.1_1979,CP142614.1_2885,CP142623.1_1113,CP142623.1_150,CP142623.1_151
contig_1600	2192419	2192551	intergenic	.	AP012548.1_1256,CP001487.1_3109,CP142614.1_973,CP142623.1_1155
contig_1600	2196966	2197098	intergenic	.	CP142614.1_1720
contig_1600	3015076	3015200	3026499	mRNA	AP012548.1_3381,CP142614.1_3111,CP142623.1_3243,CP142623.1_3244
contig_1600	3015076	3015200	3026515	gene	AP012548.1_3381,CP142614.1_3111,CP142623.1_3243,CP142623.1_3244
contig_16002	2324	2488	3048	gene	AP012548.1_2109,CP142614.1_1825,CP142614.1_1826,CP142623.1_303
contig_16013	185464	185588	intergenic	.	CP142614.1_2337,CP142623.1_4004
contig_16013	185464	185625	185591	start_codon	CP142614.1_2337,CP142623.1_4004
contig_16013	185464	185625	186215	CDS	CP142614.1_2337,CP142623.1_4004
contig_16013	185464	185625	186215	exon	CP142614.1_2337,CP142623.1_4004
contig_16013	185464	185625	186215	mRNA	CP142614.1_2337,CP142623.1_4004
contig_16013	185464	185625	186235	gene	CP142614.1_2337,CP142623.1_4004
contig_16074	5658	5805	intergenic	.	CP001487.1_4022
contig_16153	104826	105111	132114	gene	AP012548.1_1979,CP001487.1_2386,CP142614.1_1694,CP142614.1_1695,CP142623.1_434
contig_16153	104826	105111	132114	mRNA	AP012548.1_1979,CP001487.1_2386,CP142614.1_1694,CP142614.1_1695,CP142623.1_434
contig_16155	49279	49369	intergenic	.	CP142614.1_3599
contig_16155	49776	50094	intergenic	.	AP012548.1_3873,AP012548.1_3874,CP001487.1_457,CP142614.1_3597,CP142614.1_3598,CP142623.1_2752,CP142623.1_2753
contig_16155	145694	145807	intergenic	.	AP012548.1_2943,CP001487.1_1383,CP003000.1_2722,CP142614.1_2673,CP142623.1_3680
contig_16155	859768	860009	intergenic	.	AP012548.1_4069,CP001429.2_4109,CP001487.1_22,CP001487.1_262,CP003000.1_89,CP142614.1_3792,CP142623.1_2557
contig_16174	216560	216739	intergenic	.	AP012548.1_2418,CP001429.2_2432,CP142623.1_4204
contig_16182	495279	495669	intergenic	.	AP012548.1_1607,AP012548.1_1608,AP012548.1_1609,CP001487.1_2757,CP003000.1_1034,CP142614.1_1325,CP142614.1_1326,CP142623.1_803,CP142623.1_804,CP142623.1_805
contig_16182	807300	807465	intergenic	.	AP012548.1_1721,CP142614.1_1437,CP142623.1_692
contig_16182	840051	840251	866646	mRNA	AP012548.1_977,AP012548.1_978,CP142614.1_695,CP142614.1_696,CP142623.1_1435,CP142623.1_1436
contig_16182	840051	840251	866695	gene	AP012548.1_977,AP012548.1_978,CP142614.1_695,CP142614.1_696,CP142623.1_1435,CP142623.1_1436
contig_16182	1087218	1087378	intergenic	.	AP012548.1_1661,CP142614.1_1377
contig_16182	1319424	1319690	intergenic	.	AP012548.1_1441,CP142614.1_1159,CP142623.1_970
contig_16182	1320027	1320030	intergenic	.	AP012548.1_1443,CP001429.2_2824,CP001487.1_2921,CP003000.1_1142,CP003000.1_2581,CP142614.1_2510,CP142623.1_3831,CP142623.1_968
contig_16182	1320027	1320342	1320033	start_codon	AP012548.1_1443,CP001429.2_2824,CP001487.1_2921,CP003000.1_1142,CP003000.1_2581,CP142614.1_2510,CP142623.1_3831,CP142623.1_968
contig_16182	1320027	1320342	1320166	CDS	AP012548.1_1443,CP001429.2_2824,CP001487.1_2921,CP003000.1_1142,CP003000.1_2581,CP142614.1_2510,CP142623.1_3831,CP142623.1_968
contig_16182	1320027	1320342	1320166	exon	AP012548.1_1443,CP001429.2_2824,CP001487.1_2921,CP003000.1_1142,CP003000.1_2581,CP142614.1_2510,CP142623.1_3831,CP142623.1_968
contig_16182	1320027	1320342	1375243	mRNA	AP012548.1_1443,CP001429.2_2824,CP001487.1_2921,CP003000.1_1142,CP003000.1_2581,CP142614.1_2510,CP142623.1_3831,CP142623.1_968
contig_16182	1320027	1320342	1375405	gene	AP012548.1_1443,CP001429.2_2824,CP001487.1_2921,CP003000.1_1142,CP003000.1_2581,CP142614.1_2510,CP142623.1_3831,CP142623.1_968
contig_16182	1416895	1416996	intergenic	.	AP012548.1_2947,CP142614.1_2676,CP142623.1_3676
contig_16182	1599579	1599753	1666565	mRNA	AP012548.1_3957,CP001487.1_373,CP003000.1_3668,CP142614.1_3681,CP142623.1_2669
contig_16182	1599579	1599753	1666675	gene	AP012548.1_3957,CP001487.1_373,CP003000.1_3668,CP142614.1_3681,CP142623.1_2669
contig_16200	870587	870751	intergenic	.	AP012548.1_2732,CP001487.1_1593,CP142614.1_2451,CP142623.1_3890
contig_16200	1427949	1428338	intergenic	.	AP012548.1_1476,AP012548.1_1477,CP001487.1_1637,CP001487.1_2887,CP142614.1_1194,CP142614.1_2407,CP142623.1_3934,CP142623.1_935
contig_16200	1610386	1610552	intergenic	.	AP012548.1_3852,CP142614.1_3576,CP142623.1_2774,CP142623.1_4169
contig_16200	2240736	2240967	2240941	CDS	AP012548.1_3091,AP012548.1_3092,CP001429.2_3128,CP001429.2_3129,CP001487.1_1236,CP142614.1_2819,CP142614.1_2820,CP142623.1_3530,CP142623.1_3531
contig_16200	2240736	2240967	2240941	exon	AP012548.1_3091,AP012548.1_3092,CP001429.2_3128,CP001429.2_3129,CP001487.1_1236,CP142614.1_2819,CP142614.1_2820,CP142623.1_3530,CP142623.1_3531
contig_16200	2240736	2240967	2243322	mRNA	AP012548.1_3091,AP012548.1_3092,CP001429.2_3128,CP001429.2_3129,CP001487.1_1236,CP142614.1_2819,CP142614.1_2820,CP142623.1_3530,CP142623.1_3531
contig_16200	2240736	2240967	2243559	gene	AP012548.1_3091,AP012548.1_3092,CP001429.2_3128,CP001429.2_3129,CP001487.1_1236,CP142614.1_2819,CP142614.1_2820,CP142623.1_3530,CP142623.1_3531
contig_16200	2454443	2454564	2462361	gene	CP142623.1_3285
contig_16200	2454443	2454564	2462361	mRNA	CP142623.1_3285
contig_16200	2996823	2997036	intergenic	.	AP012548.1_1349,AP012548.1_1350,CP001429.2_1357,CP001487.1_3014,CP001487.1_3015,CP003000.1_1234,CP142614.1_1066,CP142614.1_1067,CP142623.1_1061,CP142623.1_1062
contig_16200	3550206	3550387	intergenic	.	AP012548.1_2707,CP001487.1_1617,CP142614.1_2426,CP142623.1_3915
contig_16200	3619764	3619996	intergenic	.	AP012548.1_2286,AP012548.1_2287,CP001487.1_2080,CP003000.1_2045,CP142614.1_2003,CP142614.1_2004,CP142623.1_125,CP142623.1_126
contig_16200	3664242	3664438	intergenic	.	CP001429.2_3958,CP003000.1_3628,CP003000.1_3629,CP142614.1_3642
contig_16200	3716697	3716980	intergenic	.	AP012548.1_647,CP142614.1_2856,CP142614.1_364,CP142623.1_1767
contig_16200	3840155	3840373	3965411	gene	AP012548.1_562,AP012548.1_563,CP001487.1_3783,CP142614.1_280
contig_16200	3840155	3840373	3965411	mRNA	AP012548.1_562,AP012548.1_563,CP001487.1_3783,CP142614.1_280
contig_16202	869307	869925	900429	mRNA	AP012548.1_1167,AP012548.1_1168,AP012548.1_3643,AP012548.1_3644,AP012548.1_3645,CP001429.2_1157,CP001487.1_688,CP142614.1_3372,CP142614.1_886,CP142614.1_887,CP142623.1_1243,CP142623.1_1244,CP142623.1_2982,CP142623.1_2983
contig_16202	869307	869925	900518	gene	AP012548.1_1167,AP012548.1_1168,AP012548.1_3643,AP012548.1_3644,AP012548.1_3645,CP001429.2_1157,CP001487.1_688,CP142614.1_3372,CP142614.1_886,CP142614.1_887,CP142623.1_1243,CP142623.1_1244,CP142623.1_2982,CP142623.1_2983
contig_16204	462758	462859	intergenic	.	AP012548.1_85,CP142614.1_4025,CP142623.1_2325
contig_16204	1448101	1448275	intergenic	.	AP012548.1_2986,CP142614.1_2715,CP142623.1_3637
contig_16204	1649905	1650176	intergenic	.	CP001429.2_1326,CP001487.1_3045,CP142614.1_1037,CP142614.1_1038,CP142623.1_1091
contig_16204	1695145	1695341	intergenic	.	AP012548.1_2199,CP001429.2_2211,CP001487.1_2166,CP142614.1_1916,CP142623.1_212,CP142623.1_213
contig_16204	1907781	1908115	intergenic	.	AP012548.1_3602,CP142614.1_3331,CP142623.1_3025,CP142623.1_3026
contig_16204	2096819	2097183	intergenic	.	AP012548.1_2006,AP012548.1_2007,AP012548.1_2008,CP001429.2_2014,CP001487.1_2359,CP001487.1_2360,CP003000.1_659,CP003000.1_660,CP142614.1_1721,CP142614.1_1722,CP142614.1_1723,CP142623.1_405,CP142623.1_406,CP142623.1_407
contig_16225	537247	537344	intergenic	.	AP012548.1_3900,CP142623.1_2726
contig_16297	194494	194586	intergenic	.	CP142623.1_4089
contig_16377	571238	571326	601623	gene	AP012548.1_156,CP142614.1_4096,CP142623.1_2255
contig_16377	571238	571326	601623	mRNA	AP012548.1_156,CP142614.1_4096,CP142623.1_2255
contig_16377	579192	579509	601623	gene	AP012548.1_3918,AP012548.1_3919,CP001429.2_3957,CP001487.1_411,CP001487.1_413,CP142614.1_3641,CP142614.1_3643,CP142623.1_2707,CP142623.1_2708
contig_16377	579192	579509	601623	mRNA	AP012548.1_3918,AP012548.1_3919,CP001429.2_3957,CP001487.1_411,CP001487.1_413,CP142614.1_3641,CP142614.1_3643,CP142623.1_2707,CP142623.1_2708
contig_16377	628838	628923	intergenic	.	AP012548.1_2088,CP142614.1_1805,CP142623.1_323,CP142623.1_324
contig_16378	160740	161044	intergenic	.	AP012548.1_3217,CP142623.1_2906
contig_16378	468466	468615	478342	mRNA	CP001429.2_649,CP142614.1_354
contig_16378	468466	468615	478682	gene	CP001429.2_649,CP142614.1_354
contig_16378	762156	762326	intergenic	.	AP012548.1_1815,AP012548.1_381,CP001487.1_2549,CP142614.1_1531,CP142623.1_597
contig_16408	501283	501564	intergenic	.	AP012548.1_4044,CP142614.1_3767,CP142623.1_2582,CP142623.1_2583
contig_16461	250763	251643	253864	gene	AP012548.1_2748,AP012548.1_3061,AP012548.1_3062,AP012548.1_721,AP012548.1_998,CP001429.2_1172,CP001429.2_1173,CP001487.1_1266,CP001487.1_3367,CP001487.1_3625,CP003000.1_1399,CP003000.1_1821,CP142614.1_2790,CP142614.1_367,CP142614.1_439,CP142614.1_716,CP142614.1_717,CP142623.1_1414,CP142623.1_1692,CP142623.1_1763,CP142623.1_3560,CP142623.1_3561
contig_16461	250763	251643	253864	mRNA	AP012548.1_2748,AP012548.1_3061,AP012548.1_3062,AP012548.1_721,AP012548.1_998,CP001429.2_1172,CP001429.2_1173,CP001487.1_1266,CP001487.1_3367,CP001487.1_3625,CP003000.1_1399,CP003000.1_1821,CP142614.1_2790,CP142614.1_367,CP142614.1_439,CP142614.1_716,CP142614.1_717,CP142623.1_1414,CP142623.1_1692,CP142623.1_1763,CP142623.1_3560,CP142623.1_3561
contig_16463	758140	758238	intergenic	.	AP012548.1_982,CP142614.1_700,CP142623.1_1430,CP142623.1_1431
contig_16508	740968	741074	intergenic	.	AP012548.1_1129,CP142614.1_848,CP142623.1_1283
contig_16508	1535922	1536026	intergenic	.	AP012548.1_973,CP001487.1_3393,CP142614.1_691,CP142623.1_1440
contig_16515	741103	741199	intergenic	.	AP012548.1_1367,CP142614.1_1084
contig_16614	1222676	1222828	intergenic	.	CP003000.1_2997,CP142614.1_2953
contig_16614	2557125	2557214	intergenic	.	AP012548.1_2756,CP142614.1_2475,CP142623.1_3866
contig_16614	2678501	2678593	intergenic	.	AP012548.1_272,CP001487.1_4088
contig_16614	2700155	2700357	intergenic	.	AP012548.1_3251,CP142614.1_2981,CP142623.1_3373
contig_16614	4523049	4523152	intergenic	.	AP012548.1_1963,CP001487.1_2402,CP142614.1_1679,CP142623.1_449
contig_16726_part1	24234	24371	intergenic	.	AP012548.1_3596,CP001487.1_735,CP142614.1_3325,CP142623.1_3030
contig_16814	197551	197721	intergenic	.	AP012548.1_4214,CP001487.1_114,CP142614.1_3937,CP142623.1_2413
contig_16858	873935	874120	intergenic	.	AP012548.1_3530,AP012548.1_3531,CP142614.1_3259,CP142623.1_3096
contig_16858	969208	969658	intergenic	.	AP012548.1_3172,AP012548.1_3173,CP001429.2_3208,CP001487.1_1155,CP142614.1_2900,CP142614.1_2901,CP142614.1_2902,CP142623.1_3448
contig_16858	1273513	1273600	intergenic	.	CP142614.1_3250,CP142623.1_3105
contig_16858	1474152	1474329	intergenic	.	AP012548.1_3347,CP142614.1_3077,CP142623.1_3278
contig_16858	2048361	2048492	2058369	mRNA	AP012548.1_274,CP142614.1_4213,CP142623.1_2135
contig_16858	2048361	2048492	2058504	gene	AP012548.1_274,CP142614.1_4213,CP142623.1_2135
contig_16858	2103249	2103358	intergenic	.	AP012548.1_2086,CP142614.1_1803,CP142623.1_326
contig_16858	2537224	2537370	intergenic	.	AP012548.1_1690,CP142614.1_1406,CP142623.1_723
contig_16858	2701292	2701391	intergenic	.	AP012548.1_1873,CP142614.1_1589
contig_16858	2728717	2728882	intergenic	.	AP012548.1_3931,CP142623.1_2695
contig_16858	3188698	3188782	intergenic	.	AP012548.1_3043,CP003000.1_2819,CP142614.1_2772,CP142623.1_3579
contig_16858	3435755	3435968	intergenic	.	AP012548.1_3273,AP012548.1_3274,CP003000.1_3037,CP142614.1_3003,CP142623.1_3350,CP142623.1_3351
contig_16858	3820480	3820558	intergenic	.	AP012548.1_76,AP012548.1_77,CP001487.1_35,CP142614.1_4016,CP142623.1_2334
contig_16858	3878342	3878504	3904257	gene	AP012548.1_3068,CP142614.1_2797,CP142623.1_3554
contig_16858	3878342	3878504	3904257	mRNA	AP012548.1_3068,CP142614.1_2797,CP142623.1_3554
contig_16862	240908	241013	335594	gene	AP012548.1_3078,CP142614.1_2807,CP142623.1_3543
contig_16862	240908	241013	335594	mRNA	AP012548.1_3078,CP142614.1_2807,CP142623.1_3543
contig_16862	510755	510848	intergenic	.	AP012548.1_428,CP001487.1_3923,CP003000.1_378,CP142614.1_147,CP142623.1_1980
contig_16862	773248	773537	774586	gene	AP012548.1_2250,AP012548.1_2251,CP001487.1_2116,CP003000.1_432,CP142614.1_1967,CP142614.1_1968,CP142623.1_161,CP142623.1_162
contig_16862	773248	773537	774586	mRNA	AP012548.1_2250,AP012548.1_2251,CP001487.1_2116,CP003000.1_432,CP142614.1_1967,CP142614.1_1968,CP142623.1_161,CP142623.1_162
contig_16884	227918	228009	intergenic	.	AP012548.1_3845,CP142614.1_3568,CP142623.1_2781
contig_16888	320516	320621	326353	mRNA	AP012548.1_439,CP001429.2_444,CP142614.1_157,CP142623.1_1969
contig_16888	320516	320621	326713	gene	AP012548.1_439,CP001429.2_444,CP142614.1_157,CP142623.1_1969
contig_16888	398073	398151	452914	mRNA	AP012548.1_1096,CP142614.1_815,CP142623.1_1315
contig_16888	398073	398151	452923	gene	AP012548.1_1096,CP142614.1_815,CP142623.1_1315
contig_16888	942616	942761	959640	mRNA	CP142623.1_433
contig_16888	942616	942761	961319	gene	CP142623.1_433
contig_16888	2057962	2058160	intergenic	.	AP012548.1_788,CP001487.1_3558,CP142614.1_506,CP142623.1_1626
contig_16888	2776451	2776645	intergenic	.	AP012548.1_991,AP012548.1_992,CP001429.2_981,CP142614.1_710,CP142614.1_711,CP142623.1_1420,CP142623.1_1421
contig_16888	3161199	3161444	intergenic	.	CP003000.1_1621,CP142623.1_1489,CP142623.1_558
contig_16903	272563	272767	intergenic	.	AP012548.1_2045,CP001487.1_2321,CP142614.1_1762,CP142623.1_367
contig_16903	311944	312085	intergenic	.	CP142623.1_633
contig_16903	320839	321020	intergenic	.	AP012548.1_831,AP012548.1_832,CP142614.1_549,CP142614.1_550,CP142623.1_1582
contig_16903	577925	578297	intergenic	.	AP012548.1_3668,CP001487.1_664,CP142614.1_3391,CP142614.1_3392,CP142623.1_2957,CP142623.1_2958,CP142623.1_3857
contig_16903	911227	911369	intergenic	.	AP012548.1_2934,CP001429.2_2971,CP001487.1_1392,CP003000.1_2712,CP142614.1_2664,CP142623.1_3689
contig_16903	1207085	1207331	intergenic	.	AP012548.1_3141,AP012548.1_3142,CP142614.1_2869,CP142614.1_2870,CP142623.1_3480,CP142623.1_3481
contig_16903	1326797	1326917	intergenic	.	AP012548.1_1562,CP001429.2_1569,CP001487.1_2803,CP142614.1_1279,CP142623.1_849
contig_16903	1339177	1339262	intergenic	.	AP012548.1_793,CP003000.1_1750,CP142614.1_511,CP142623.1_1621
contig_16903	1669793	1669918	intergenic	.	AP012548.1_1907,CP142614.1_1623,CP142623.1_506
contig_16903	1863600	1863956	intergenic	.	AP012548.1_616,AP012548.1_617,CP001487.1_3730
contig_16903	1913197	1913421	intergenic	.	AP012548.1_3024,CP001487.1_1303,CP142614.1_2753,CP142623.1_3597,CP142623.1_3598
contig_16903	2082183	2082278	intergenic	.	AP012548.1_3593,CP142623.1_3034
contig_16903	2090315	2091389	intergenic	.	AP012548.1_2450,AP012548.1_424,AP012548.1_425,AP012548.1_426,CP001429.2_2462,CP001429.2_428,CP001487.1_1919,CP001487.1_3926,CP001487.1_3928,CP003000.1_373,CP142614.1_142,CP142614.1_144,CP142614.1_2168,CP142614.1_2169,CP142614.1_533,CP142614.1_534,CP142623.1_1598,CP142623.1_1985,CP142623.1_4172
contig_16903	2240290	2240390	intergenic	.	CP001487.1_2925
contig_16903	2294950	2295165	2353766	mRNA	AP012548.1_4111,AP012548.1_4112,CP001429.2_4154,CP142614.1_3835,CP142623.1_2515
contig_16903	2294950	2295165	2353844	gene	AP012548.1_4111,AP012548.1_4112,CP001429.2_4154,CP142614.1_3835,CP142623.1_2515
contig_16934	36683	36969	43594	gene	AP012548.1_3503,AP012548.1_3504,CP142614.1_3232,CP142614.1_3233,CP142623.1_3122,CP142623.1_3123
contig_16934	36683	36969	43594	mRNA	AP012548.1_3503,AP012548.1_3504,CP142614.1_3232,CP142614.1_3233,CP142623.1_3122,CP142623.1_3123
contig_16934	361453	361590	intergenic	.	AP012548.1_2962,CP001429.2_2999,CP001487.1_1365,CP142614.1_2692,CP142623.1_3661
contig_1708	1005144	1005322	intergenic	.	CP001487.1_3564,CP142614.1_500,CP142623.1_1632
contig_1708	3213943	3214033	intergenic	.	AP012548.1_1248,CP142614.1_965,CP142623.1_1163
contig_1708	3341310	3341436	intergenic	.	AP012548.1_2921,CP001487.1_1404,CP142614.1_2651,CP142623.1_3702
contig_1708	3716047	3716340	3762094	gene	CP001429.2_1298,CP142614.1_1010
contig_1708	3716047	3716340	3762094	mRNA	CP001429.2_1298,CP142614.1_1010
contig_1708	3953022	3953281	intergenic	.	AP012548.1_2231,AP012548.1_2542,CP001487.1_1826,CP142614.1_1948,CP142614.1_2260,CP142614.1_2261,CP142623.1_4080,CP142623.1_4081
contig_1708	4336436	4336868	intergenic	.	AP012548.1_3340,AP012548.1_895,AP012548.1_896,CP001429.2_903,CP001487.1_3450,CP001487.1_3451,CP142614.1_3070,CP142614.1_613,CP142614.1_614,CP142623.1_1517,CP142623.1_1518,CP142623.1_3284
contig_1708	4946628	4946771	intergenic	.	AP012548.1_207,AP012548.1_208,CP142614.1_4147,CP142623.1_2203
contig_1708	5199294	5199382	5204237	gene	AP012548.1_3472,CP142614.1_3200,CP142623.1_3155
contig_1708	5199294	5199382	5204237	mRNA	AP012548.1_3472,CP142614.1_3200,CP142623.1_3155
contig_1708	5459501	5459705	intergenic	.	AP012548.1_3418,AP012548.1_3419,CP142614.1_3148,CP142614.1_3149,CP142623.1_3206
contig_1708	5582966	5583144	intergenic	.	AP012548.1_2295,CP001429.2_2309,CP001487.1_2072,CP003000.1_2053,CP142614.1_2012,CP142623.1_117
contig_1708	5864448	5864765	intergenic	.	AP012548.1_1937,AP012548.1_1938,CP142614.1_1653,CP142614.1_1654,CP142623.1_475
contig_1708	5899503	5899595	intergenic	.	CP001487.1_352,CP142614.1_3702
contig_1708	5923037	5923232	intergenic	.	AP012548.1_2246,AP012548.1_2247,CP003000.1_436,CP142614.1_1963,CP142614.1_1964,CP142623.1_165,CP142623.1_166
contig_1709	116567	116975	130876	mRNA	AP012548.1_3290,AP012548.1_3903,AP012548.1_962,CP142614.1_3627,CP142614.1_681,CP142623.1_1450,CP142623.1_2723
contig_1709	116567	116975	131002	gene	AP012548.1_3290,AP012548.1_3903,AP012548.1_962,CP142614.1_3627,CP142614.1_681,CP142623.1_1450,CP142623.1_2723
contig_1709	462236	462460	intergenic	.	AP012548.1_2028,AP012548.1_2029,CP001429.2_2036,CP001487.1_2337,CP001487.1_2338,CP003000.1_637,CP142614.1_1744,CP142623.1_384,CP142623.1_385
contig_1709	1240098	1240185	intergenic	.	AP012548.1_2803
contig_1709	2278047	2278319	intergenic	.	AP012548.1_791,CP001487.1_3555,CP142614.1_509,CP142623.1_1622
contig_1709	2448224	2448629	intergenic	.	AP012548.1_100,AP012548.1_98,AP012548.1_99,CP001487.1_13,CP003000.1_99,CP142614.1_4038,CP142614.1_4039,CP142614.1_4040,CP142623.1_2310,CP142623.1_2311,CP142623.1_2312
contig_1709	2802165	2802300	intergenic	.	AP012548.1_3794,CP142614.1_3517,CP142614.1_3518,CP142623.1_2832
contig_1709	3742233	3742318	intergenic	.	AP012548.1_1315,CP001429.2_1322,CP003000.1_1268,CP142614.1_1032,CP142623.1_1096
contig_1709	3802174	3802692	intergenic	.	AP012548.1_3495,AP012548.1_3598,AP012548.1_3599,AP012548.1_4080,CP001429.2_3643,CP003000.1_3363,CP003000.1_3364,CP142614.1_3327,CP142614.1_3328,CP142614.1_3803,CP142623.1_3027,CP142623.1_3028
contig_1709	3968104	3968260	intergenic	.	AP012548.1_3558,CP001487.1_773,CP142614.1_3287,CP142623.1_3068
contig_1709	6215269	6215526	intergenic	.	AP012548.1_488,CP001487.1_3869,CP142614.1_206,CP142623.1_1920
contig_1709	6558909	6559523	intergenic	.	AP012548.1_2488,AP012548.1_702,CP001487.1_3644,CP142614.1_2206,CP142614.1_420,CP142614.1_421,CP142623.1_1711,CP142623.1_1712
contig_1709	6647967	6648295	6654986	mRNA	AP012548.1_1393,CP142614.1_1110,CP142614.1_1111,CP142614.1_1112,CP142623.1_1018
contig_1709	6647967	6648295	6655116	gene	AP012548.1_1393,CP142614.1_1110,CP142614.1_1111,CP142614.1_1112,CP142623.1_1018
contig_1709	7003508	7003595	intergenic	.	AP012548.1_1267,CP142614.1_984,CP142623.1_1144
contig_1709	7265927	7266213	intergenic	.	AP012548.1_3828,CP142614.1_3551,CP142614.1_3552,CP142623.1_2798
contig_1709	7969945	7970104	8026733	mRNA	AP012548.1_851,CP142614.1_568,CP142614.1_569,CP142623.1_1563
contig_1709	7969945	7970104	8026763	gene	AP012548.1_851,CP142614.1_568,CP142614.1_569,CP142623.1_1563
contig_17091	75533	75651	76927	gene	AP012548.1_1962,AP012548.1_1963,CP142614.1_1678,CP142623.1_450
contig_17091	75533	75651	76927	mRNA	AP012548.1_1962,AP012548.1_1963,CP142614.1_1678,CP142623.1_450
contig_17091	115321	115592	120939	gene	AP012548.1_602,CP001487.1_3743,CP003000.1_496,CP142614.1_319
contig_17091	115321	115592	120939	mRNA	AP012548.1_602,CP001487.1_3743,CP003000.1_496,CP142614.1_319
contig_17091	554428	554815	intergenic	.	AP012548.1_2785,AP012548.1_2786,AP012548.1_2787,CP142614.1_2504,CP142614.1_2505,CP142614.1_2506,CP142623.1_3835,CP142623.1_3837
contig_17091	564701	565234	565047	CDS	AP012548.1_169,AP012548.1_170,CP001487.1_604,CP142614.1_3464,CP142614.1_4108,CP142614.1_4109,CP142623.1_2241,CP142623.1_2242,CP142623.1_2884
contig_17091	564701	565234	565047	exon	AP012548.1_169,AP012548.1_170,CP001487.1_604,CP142614.1_3464,CP142614.1_4108,CP142614.1_4109,CP142623.1_2241,CP142623.1_2242,CP142623.1_2884
contig_17091	564701	565234	565047	mRNA	AP012548.1_169,AP012548.1_170,CP001487.1_604,CP142614.1_3464,CP142614.1_4108,CP142614.1_4109,CP142623.1_2241,CP142623.1_2242,CP142623.1_2884
contig_17091	564701	565234	565047	stop_codon	AP012548.1_169,AP012548.1_170,CP001487.1_604,CP142614.1_3464,CP142614.1_4108,CP142614.1_4109,CP142623.1_2241,CP142623.1_2242,CP142623.1_2884
contig_17091	564701	565234	565082	gene	AP012548.1_169,AP012548.1_170,CP001487.1_604,CP142614.1_3464,CP142614.1_4108,CP142614.1_4109,CP142623.1_2241,CP142623.1_2242,CP142623.1_2884
contig_17091	564701	565234	565082	polyA_signal_sequence	AP012548.1_169,AP012548.1_170,CP001487.1_604,CP142614.1_3464,CP142614.1_4108,CP142614.1_4109,CP142623.1_2241,CP142623.1_2242,CP142623.1_2884
contig_17091	565082	565234	intergenic	.	AP012548.1_169,AP012548.1_170,CP001487.1_604,CP142614.1_3464,CP142614.1_4108,CP142614.1_4109,CP142623.1_2241,CP142623.1_2242,CP142623.1_2884
contig_17091	1004222	1004523	1019028	mRNA	AP012548.1_3776,AP012548.1_3777,CP142623.1_2849
contig_17091	1004222	1004523	1019190	gene	AP012548.1_3776,AP012548.1_3777,CP142623.1_2849
contig_17106	168247	168445	intergenic	.	AP012548.1_1048,CP001429.2_1037,CP142614.1_766,CP142614.1_767,CP142623.1_1365
contig_17141	377280	377390	intergenic	.	AP012548.1_3309,CP003000.1_3072,CP142614.1_3039
contig_17141	585642	585853	intergenic	.	AP012548.1_1526,CP001429.2_1533,CP003000.1_1060,CP142614.1_1243,CP142623.1_885
contig_17142	471039	471188	487909	gene	CP142614.1_530,CP142623.1_1601
contig_17142	471039	471188	487909	mRNA	CP142614.1_530,CP142623.1_1601
contig_17142	1395275	1395507	intergenic	.	AP012548.1_172,AP012548.1_173,CP142614.1_4111,CP142614.1_4112,CP142623.1_2238,CP142623.1_2239
contig_17144	23072	23365	53959	gene	AP012548.1_3917,CP142614.1_3246,CP142614.1_3640,CP142614.1_3641,CP142623.1_2709,CP142623.1_3109
contig_17144	23072	23365	53959	mRNA	AP012548.1_3917,CP142614.1_3246,CP142614.1_3640,CP142614.1_3641,CP142623.1_2709,CP142623.1_3109
contig_17144	203626	204096	212529	gene	AP012548.1_2860,AP012548.1_783,CP142614.1_2589,CP142614.1_501,CP142623.1_1631
contig_17144	203626	204096	212529	mRNA	AP012548.1_2860,AP012548.1_783,CP142614.1_2589,CP142614.1_501,CP142623.1_1631
contig_17144	298092	298212	intergenic	.	AP012548.1_2600,CP142614.1_2319,CP142614.1_2320,CP142623.1_4022
contig_17144	828156	828328	893618	mRNA	AP012548.1_3837,AP012548.1_3838,CP001487.1_493,CP142614.1_3561,CP142623.1_2788,CP142623.1_2789
contig_17144	828156	828328	893718	gene	AP012548.1_3837,AP012548.1_3838,CP001487.1_493,CP142614.1_3561,CP142623.1_2788,CP142623.1_2789
contig_17144	864772	864908	893618	mRNA	AP012548.1_3023,CP142614.1_2752
contig_17144	864772	864908	893718	gene	AP012548.1_3023,CP142614.1_2752
contig_17144	1046350	1046442	1063572	mRNA	AP012548.1_2908,CP003000.1_2689,CP142614.1_2637,CP142623.1_3716
contig_17144	1046350	1046442	1063582	gene	AP012548.1_2908,CP003000.1_2689,CP142614.1_2637,CP142623.1_3716
contig_17144	1104059	1104223	1114539	gene	AP012548.1_987,CP001487.1_3378,CP142614.1_706,CP142623.1_1425,CP142623.1_1426
contig_17144	1104059	1104223	1114539	mRNA	AP012548.1_987,CP001487.1_3378,CP142614.1_706,CP142623.1_1425,CP142623.1_1426
contig_17160	29780	29881	intergenic	.	CP142614.1_3017,CP142623.1_3337
contig_17185	121959	122691	128287	mRNA	AP012548.1_1203,AP012548.1_4060,AP012548.1_4061,AP012548.1_409,AP012548.1_411,CP142614.1_128,CP142614.1_129,CP142614.1_3784,CP142614.1_920,CP142623.1_1208,CP142623.1_1998,CP142623.1_2000,CP142623.1_2565,CP142623.1_2566
contig_17185	121959	122691	128397	gene	AP012548.1_1203,AP012548.1_4060,AP012548.1_4061,AP012548.1_409,AP012548.1_411,CP142614.1_128,CP142614.1_129,CP142614.1_3784,CP142614.1_920,CP142623.1_1208,CP142623.1_1998,CP142623.1_2000,CP142623.1_2565,CP142623.1_2566
contig_17185	514523	514869	intergenic	.	CP001487.1_1832,CP003000.1_2283,CP142614.1_2308,CP142623.1_4033
contig_17185	653488	653867	656703	mRNA	AP012548.1_3548,AP012548.1_4163,CP001487.1_165,CP142614.1_3277,CP142614.1_3886,CP142623.1_2464,CP142623.1_3078
contig_17185	653488	653867	656846	gene	AP012548.1_3548,AP012548.1_4163,CP001487.1_165,CP142614.1_3277,CP142614.1_3886,CP142623.1_2464,CP142623.1_3078
contig_17191	178249	178375	185596	mRNA	CP142623.1_891
contig_17191	178249	178375	185689	gene	CP142623.1_891
contig_17191	342739	342828	intergenic	.	AP012548.1_2444,CP142614.1_2162
contig_17228	473369	473719	480668	mRNA	AP012548.1_1842,AP012548.1_798,CP001429.2_1849,CP001487.1_2523,CP003000.1_810,CP142614.1_1558,CP142614.1_516,CP142623.1_1616,CP142623.1_571
contig_17228	473369	473719	480835	gene	AP012548.1_1842,AP012548.1_798,CP001429.2_1849,CP001487.1_2523,CP003000.1_810,CP142614.1_1558,CP142614.1_516,CP142623.1_1616,CP142623.1_571
contig_17252	56065	56218	intergenic	.	CP142614.1_3240,CP142623.1_3115
contig_17252	242816	242908	intergenic	.	CP001487.1_1788
contig_17252	363399	363528	426848	gene	AP012548.1_4140,CP142614.1_3863,CP142623.1_2487
contig_17252	363399	363528	426848	mRNA	AP012548.1_4140,CP142614.1_3863,CP142623.1_2487
contig_17252	406501	406611	426848	gene	AP012548.1_4184,AP012548.1_4185,CP142614.1_3908,CP142623.1_2442
contig_17252	406501	406611	426848	mRNA	AP012548.1_4184,AP012548.1_4185,CP142614.1_3908,CP142623.1_2442
contig_1726	80246	80603	intergenic	.	AP012548.1_2436,AP012548.1_2437,CP142614.1_2154,CP142623.1_4185,CP142623.1_4186,CP142623.1_4187
contig_1726	768368	768526	770725	gene	AP012548.1_3915,CP001487.1_416,CP142614.1_3638,CP142623.1_2711
contig_1726	768368	768526	770725	mRNA	AP012548.1_3915,CP001487.1_416,CP142614.1_3638,CP142623.1_2711
contig_1726	1104435	1104511	intergenic	.	AP012548.1_3080,CP001487.1_1248,CP003000.1_2855,CP142614.1_2808,CP142623.1_3542
contig_1726	1153665	1153832	intergenic	.	AP012548.1_519,CP001487.1_3833,CP142614.1_237
contig_1726	1283688	1283989	intergenic	.	AP012548.1_3489,CP001429.2_1530,CP001429.2_3533,CP142614.1_3217,CP142623.1_3137
contig_1726	1327905	1327980	intergenic	.	AP012548.1_1675,CP001429.2_1682,CP001487.1_2690,CP142614.1_1391
contig_1726	2629714	2629930	intergenic	.	AP012548.1_893,CP001487.1_3453,CP142614.1_611,CP142623.1_1520
contig_1726	2860322	2860497	intergenic	.	AP012548.1_2555,CP003000.1_2323,CP142614.1_2273,CP142623.1_4067
contig_17318	632624	632773	694775	mRNA	AP012548.1_2011,CP001429.2_2019,CP001487.1_2355,CP142614.1_1726,CP142614.1_1727,CP142623.1_402
contig_17318	632624	632773	695156	gene	AP012548.1_2011,CP001429.2_2019,CP001487.1_2355,CP142614.1_1726,CP142614.1_1727,CP142623.1_402
contig_17318	872863	872949	intergenic	.	AP012548.1_1296
contig_17318	990939	991136	intergenic	.	AP012548.1_493,CP001429.2_498,CP001487.1_3858,CP001487.1_3859,CP003000.1_2001,CP142614.1_211,CP142614.1_212,CP142614.1_213,CP142623.1_1914,CP142623.1_1915
contig_17331	599513	599591	intergenic	.	AP012548.1_3916,CP142614.1_3639,CP142623.1_2710
contig_17331	1405283	1405439	intergenic	.	CP001487.1_962,CP142614.1_3099,CP142623.1_3256
contig_17331	1421748	1421918	intergenic	.	AP012548.1_2333,CP001487.1_2033,CP142614.1_2051,CP142614.1_2052,CP142623.1_78,CP142623.1_79
contig_17331	1797599	1797700	intergenic	.	AP012548.1_2758,CP001487.1_1566,CP142614.1_2477
contig_17331	2098640	2099220	intergenic	.	AP012548.1_1821,AP012548.1_1822,AP012548.1_1823,AP012548.1_3236,CP001487.1_2543,CP003000.1_830,CP142614.1_1537,CP142614.1_1538,CP142614.1_1539,CP142614.1_2965,CP142623.1_3384,CP142623.1_590,CP142623.1_591
contig_17331	2853089	2853199	intergenic	.	AP012548.1_4051
contig_17331	5719680	5719780	5788804	gene	AP012548.1_1545,CP001487.1_2820
contig_17331	5719680	5719780	5788804	mRNA	AP012548.1_1545,CP001487.1_2820
contig_17331	5811807	5811957	intergenic	.	CP142614.1_3317,CP142623.1_3038
contig_17331	7286171	7286314	intergenic	.	AP012548.1_3302,CP142614.1_3031
contig_17343	723720	723812	intergenic	.	AP012548.1_3328,CP142623.1_3296
contig_17343	1005039	1005277	1029173	gene	AP012548.1_3511,CP001487.1_821,CP142614.1_3239,CP142623.1_3116
contig_17343	1005039	1005277	1029173	mRNA	AP012548.1_3511,CP001487.1_821,CP142614.1_3239,CP142623.1_3116
contig_17343	1457850	1458053	intergenic	.	AP012548.1_1268,CP001487.1_3096,CP001487.1_3097,CP142614.1_985
contig_17347	243009	243149	269318	gene	CP142614.1_2213,CP142623.1_4128
contig_17347	243009	243149	269318	mRNA	CP142614.1_2213,CP142623.1_4128
contig_17347	261226	261337	269318	gene	AP012548.1_2009,CP001487.1_2356,CP142614.1_1725,CP142623.1_403,CP142623.1_404
contig_17347	261226	261337	269318	mRNA	AP012548.1_2009,CP001487.1_2356,CP142614.1_1725,CP142623.1_403,CP142623.1_404
contig_17370	708735	708878	intergenic	.	CP142614.1_1247,CP142623.1_881
contig_17384	608502	608736	intergenic	.	AP012548.1_1385,CP001429.2_1392,CP001487.1_2979,CP003000.1_1199,CP142614.1_1102,CP142623.1_1026,CP142623.1_1027
contig_17390	238807	238964	252673	gene	AP012548.1_416,CP142614.1_134,CP142623.1_1992
contig_17390	238807	238964	252673	mRNA	AP012548.1_416,CP142614.1_134,CP142623.1_1992
contig_17390	245744	245864	252673	gene	AP012548.1_2665,CP142614.1_2383,CP142614.1_2384,CP142623.1_3957,CP142623.1_3958
contig_17390	245744	245864	252673	mRNA	AP012548.1_2665,CP142614.1_2383,CP142614.1_2384,CP142623.1_3957,CP142623.1_3958
contig_17390	497089	497286	intergenic	.	CP142614.1_2296,CP142614.1_3346
contig_17390	552150	552225	intergenic	.	AP012548.1_303
contig_17390	1649030	1649433	intergenic	.	AP012548.1_2424,AP012548.1_2425,CP003000.1_2180,CP142614.1_2143,CP142623.1_1663,CP142623.1_4197,CP142623.1_4198
contig_17390	1724023	1724237	intergenic	.	AP012548.1_2330,AP012548.1_515,CP142614.1_2048,CP142623.1_1893,CP142623.1_82
contig_17390	1829756	1829912	intergenic	.	CP142614.1_67,CP142623.1_2059
contig_17466	107078	107258	intergenic	.	CP142614.1_2733,CP142623.1_3618
contig_17466	204366	204707	intergenic	.	AP012548.1_678,AP012548.1_680,CP001429.2_690,CP001429.2_696,CP001487.1_3665,CP001487.1_3667,CP003000.1_1862,CP003000.1_1863,CP142614.1_395,CP142614.1_397,CP142623.1_1734,CP142623.1_1735
contig_17466	401996	402125	intergenic	.	AP012548.1_1022,CP001487.1_3343,CP142623.1_1390
contig_17466	402447	402724	intergenic	.	AP012548.1_2631,CP001429.2_2665,CP001487.1_1692,CP001487.1_776,CP003000.1_2423,CP003000.1_2424,CP142614.1_2350,CP142614.1_2351,CP142623.1_3990,CP142623.1_3991
contig_17466	634090	634306	653076	gene	AP012548.1_4178,CP142614.1_3901,CP142614.1_3902,CP142623.1_2448,CP142623.1_2449
contig_17466	634090	634306	653076	mRNA	AP012548.1_4178,CP142614.1_3901,CP142614.1_3902,CP142623.1_2448,CP142623.1_2449
contig_17466	1021385	1021872	1026916	mRNA	AP012548.1_1014,AP012548.1_1015,CP001429.2_1006,CP001487.1_3350,CP142614.1_732,CP142614.1_733,CP142614.1_734,CP142623.1_1396,CP142623.1_1397,CP142623.1_1398,CP142623.1_1399
contig_17466	1021385	1021872	1027038	gene	AP012548.1_1014,AP012548.1_1015,CP001429.2_1006,CP001487.1_3350,CP142614.1_732,CP142614.1_733,CP142614.1_734,CP142623.1_1396,CP142623.1_1397,CP142623.1_1398,CP142623.1_1399
contig_17476	223977	224260	intergenic	.	AP012548.1_3781,AP012548.1_3782,CP001429.2_3820,CP001487.1_548,CP003000.1_3537,CP142614.1_3505,CP142623.1_2844,CP142623.1_2845
contig_17487	760587	760761	intergenic	.	AP012548.1_1988,CP001429.2_1996,CP001487.1_2378,CP142614.1_1703,CP142623.1_425
contig_17517	176116	176363	intergenic	.	AP012548.1_3690,CP142614.1_3413,CP142623.1_2935
contig_17517	247462	247916	256218	gene	AP012548.1_3725,AP012548.1_3726,AP012548.1_3727,CP001487.1_605,CP001487.1_607,CP142614.1_3448,CP142614.1_3449,CP142614.1_3450,CP142623.1_2899,CP142623.1_2900
contig_17517	247462	247916	256218	mRNA	AP012548.1_3725,AP012548.1_3726,AP012548.1_3727,CP001487.1_605,CP001487.1_607,CP142614.1_3448,CP142614.1_3449,CP142614.1_3450,CP142623.1_2899,CP142623.1_2900
contig_17517	348267	348534	intergenic	.	AP012548.1_3481,AP012548.1_3482,CP142614.1_3209,CP142614.1_3210,CP142623.1_3145,CP142623.1_3146
contig_17517	388238	388363	intergenic	.	AP012548.1_3462,CP142614.1_3190,CP142623.1_3165
contig_17517	472258	472643	intergenic	.	AP012548.1_538,CP001487.1_5,CP003000.1_106,CP142614.1_257,CP142623.1_1874,CP142623.1_3005
contig_17517	723989	724129	intergenic	.	AP012548.1_22,CP001429.2_22,CP001487.1_89,CP142614.1_3962,CP142623.1_2388
contig_17536	308833	308911	intergenic	.	AP012548.1_3565,CP001487.1_767,CP142614.1_3293,CP142623.1_3062
contig_17558	739272	739449	intergenic	.	AP012548.1_1202,CP142614.1_919,CP142623.1_1209
contig_17558	921713	921962	intergenic	.	AP012548.1_2074,CP142614.1_1791,CP142623.1_337,CP142623.1_338
contig_17572	128938	129169	129665	mRNA	AP012548.1_3288,AP012548.1_3289,CP142614.1_3018,CP142614.1_3019,CP142623.1_3335,CP142623.1_3336
contig_17572	128938	129169	129699	gene	AP012548.1_3288,AP012548.1_3289,CP142614.1_3018,CP142614.1_3019,CP142623.1_3335,CP142623.1_3336
contig_17572	461618	461934	intergenic	.	AP012548.1_146,CP142614.1_366,CP142614.1_4086,CP142623.1_2264
contig_17572	614902	615004	intergenic	.	AP012548.1_2072,CP001487.1_2294,CP142614.1_1789
contig_17572	616952	617089	intergenic	.	CP142623.1_2921
contig_17572	1022115	1022222	intergenic	.	CP142614.1_505,CP142623.1_1627
contig_17572	1163981	1164152	intergenic	.	AP012548.1_2747,CP142614.1_2466,CP142614.1_2467,CP142623.1_3874
contig_17572	1431018	1431418	intergenic	.	AP012548.1_744,AP012548.1_854,CP001429.2_760,CP001429.2_861,CP001429.2_862,CP001487.1_3493,CP003000.1_1690,CP142614.1_461,CP142614.1_462,CP142614.1_572,CP142614.1_573,CP142623.1_1559,CP142623.1_1560,CP142623.1_1670
contig_17573	237556	237760	240586	gene	AP012548.1_1156,CP142614.1_875,CP142623.1_1255,CP142623.1_1256
contig_17573	237556	237760	240586	mRNA	AP012548.1_1156,CP142614.1_875,CP142623.1_1255,CP142623.1_1256
contig_17642	153039	153302	154624	gene	AP012548.1_1302,AP012548.1_2509,CP001487.1_3063,CP142614.1_1019,CP142614.1_2227,CP142623.1_1109,CP142623.1_4114
contig_17642	153039	153302	154624	mRNA	AP012548.1_1302,AP012548.1_2509,CP001487.1_3063,CP142614.1_1019,CP142614.1_2227,CP142623.1_1109,CP142623.1_4114
contig_17642	322689	322838	344472	gene	CP142614.1_3668
contig_17642	322689	322838	344472	mRNA	CP142614.1_3668
contig_17642	383602	383973	intergenic	.	AP012548.1_3929,AP012548.1_3930,CP001429.2_3970,CP001487.1_378,CP001487.1_400,CP003000.1_3641,CP142614.1_3653,CP142614.1_3654,CP142623.1_2697
contig_17642	387256	387710	intergenic	.	AP012548.1_1791,AP012548.1_1792,AP012548.1_1793,AP012548.1_3513,CP001429.2_1800,CP001487.1_2574,CP003000.1_861,CP142614.1_1507,CP142614.1_1508,CP142623.1_620,CP142623.1_621,CP142623.1_622
contig_17642	671021	671383	intergenic	.	AP012548.1_3541,CP001487.1_1720,CP142614.1_3269,CP142623.1_3086,CP142623.1_4017
contig_17642	691439	691895	intergenic	.	AP012548.1_3678,CP142614.1_3401,CP142614.1_3403,CP142623.1_2946,CP142623.1_2948
contig_17642	824263	824415	intergenic	.	CP142614.1_2167
contig_17649	850649	850738	intergenic	.	AP012548.1_2891,CP142614.1_2620
contig_17651	142723	142950	intergenic	.	AP012548.1_3130,CP142623.1_3493
contig_17660	412178	412298	intergenic	.	AP012548.1_3928,AP012548.1_3929,CP001487.1_402,CP142614.1_3652,CP142623.1_2697
contig_17670	268039	268256	intergenic	.	AP012548.1_1554,CP001487.1_2811,CP142614.1_1271,CP142623.1_857
contig_17670	421755	421945	514736	gene	AP012548.1_3077,AP012548.1_3078,CP001429.2_3115,CP001487.1_1250,CP003000.1_2853,CP142614.1_2806,CP142623.1_3544,CP142623.1_3545
contig_17670	421755	421945	514736	mRNA	AP012548.1_3077,AP012548.1_3078,CP001429.2_3115,CP001487.1_1250,CP003000.1_2853,CP142614.1_2806,CP142623.1_3544,CP142623.1_3545
contig_17670	528632	528727	intergenic	.	AP012548.1_872,CP001487.1_3474,CP142614.1_590,CP142623.1_1542
contig_17670	570819	571164	intergenic	.	AP012548.1_945,AP012548.1_979,CP142614.1_698,CP142623.1_1433
contig_17670	577496	578160	intergenic	.	AP012548.1_2210,AP012548.1_2211,CP001487.1_2156,CP001487.1_2158,CP003000.1_464,CP142614.1_1927,CP142614.1_1928,CP142614.1_1929,CP142623.1_200,CP142623.1_201,CP142623.1_202,CP142623.1_203
contig_17670	699554	699785	intergenic	.	AP012548.1_2142,CP001429.2_2150,CP001487.1_2224,CP003000.1_525,CP142614.1_1858,CP142614.1_1859,CP142623.1_269,CP142623.1_270
contig_17670	939669	939790	intergenic	.	AP012548.1_1293,CP142623.1_1118
contig_17670	1011341	1011870	intergenic	.	AP012548.1_2367,AP012548.1_2368,AP012548.1_2369,CP001429.2_2382,CP001429.2_2383,CP001487.1_1999,CP142614.1_2085,CP142614.1_2086,CP142614.1_2088,CP142623.1_43,CP142623.1_44,CP142623.1_45
contig_17670	1093346	1093457	intergenic	.	AP012548.1_3961,CP142614.1_3684,CP142614.1_3685,CP142623.1_2665
contig_17670	1154449	1154624	intergenic	.	AP012548.1_265,CP142614.1_4204,CP142614.1_4205,CP142623.1_2144
contig_17670	1319664	1319803	intergenic	.	CP001487.1_659,CP142623.1_2953
contig_17670	1661081	1661407	intergenic	.	AP012548.1_1883,AP012548.1_401,CP142614.1_1599,CP142623.1_2008
contig_17670	1807760	1807896	intergenic	.	AP012548.1_1273,CP142614.1_990,CP142623.1_1138,CP142623.1_1139
contig_17670	2056955	2057274	intergenic	.	AP012548.1_1592,AP012548.1_1593,CP142614.1_1309,CP142614.1_1310,CP142623.1_818,CP142623.1_819
contig_17670	2156985	2157206	intergenic	.	AP012548.1_1752,CP142614.1_1469,CP142623.1_659
contig_17683	358662	358812	intergenic	.	AP012548.1_1734
contig_17683	516359	516486	intergenic	.	AP012548.1_706,AP012548.1_707,CP142614.1_424,CP142623.1_1707
contig_17683	702886	703078	intergenic	.	AP012548.1_2214,CP001487.1_2151,CP142623.1_198
contig_17683	703610	703757	intergenic	.	CP001487.1_2151,CP142614.1_1932
contig_17683	788292	788440	intergenic	.	CP142614.1_2609,CP142623.1_3744
contig_17684	299464	299689	intergenic	.	AP012548.1_3391,AP012548.1_3691,CP142614.1_3122,CP142614.1_3414
contig_17721	112812	112956	intergenic	.	CP142623.1_445
contig_17721	170394	170537	intergenic	.	AP012548.1_1086,CP001487.1_3279,CP142614.1_805
contig_17732	78608	78766	90788	mRNA	AP012548.1_1687,CP142614.1_1402,CP142614.1_1403,CP142623.1_726
contig_17732	78608	78766	90803	gene	AP012548.1_1687,CP142614.1_1402,CP142614.1_1403,CP142623.1_726
contig_17732	270179	270426	intergenic	.	AP012548.1_2581,AP012548.1_849,CP001487.1_1743,CP142614.1_2300,CP142614.1_567,CP142623.1_4041
contig_1774	1797825	1798441	intergenic	.	AP012548.1_1781,AP012548.1_474,AP012548.1_475,CP001429.2_1788,CP001429.2_479,CP001487.1_2584,CP001487.1_3877,CP001487.1_3878,CP003000.1_2021,CP003000.1_871,CP142614.1_1497,CP142614.1_192,CP142614.1_193,CP142623.1_1934,CP142623.1_632
contig_1774	2579009	2579121	intergenic	.	AP012548.1_2539,CP001487.1_1829,CP142614.1_2257,CP142623.1_4084
contig_1774	3026729	3026859	intergenic	.	AP012548.1_3022,CP142614.1_2751,CP142623.1_3600
contig_1774	5528954	5529058	intergenic	.	AP012548.1_3397,CP142614.1_3127,CP142623.1_3227
contig_1774	6689669	6689746	intergenic	.	AP012548.1_2755,CP001487.1_1570,CP142614.1_2474,CP142623.1_3867
contig_17742	277277	277500	331424	gene	AP012548.1_1449,CP001429.2_1457,CP001487.1_2915,CP142614.1_1166
contig_17742	277277	277500	331424	mRNA	AP012548.1_1449,CP001429.2_1457,CP001487.1_2915,CP142614.1_1166
contig_17746	517867	518005	intergenic	.	AP012548.1_2430,CP142614.1_2148,CP142614.1_2149,CP142623.1_4192
contig_17829	495032	495182	intergenic	.	CP142614.1_2908
contig_17829	535334	535606	intergenic	.	AP012548.1_2438,AP012548.1_2439,CP142614.1_2157,CP142614.1_2158,CP142623.1_4183,CP142623.1_4184
contig_1783	151154	151390	intergenic	.	AP012548.1_2426,CP142614.1_3336,CP142623.1_4196
contig_1783	280631	280754	intergenic	.	CP142614.1_3308,CP142623.1_3047
contig_1783	649274	649574	917208	mRNA	AP012548.1_2378,AP012548.1_3092,AP012548.1_3093,CP001487.1_1988,CP003000.1_2135,CP003000.1_2868,CP142614.1_2097,CP142614.1_2821,CP142614.1_2863,CP142623.1_34,CP142623.1_3487,CP142623.1_3529
contig_1783	649274	649574	918094	gene	AP012548.1_2378,AP012548.1_3092,AP012548.1_3093,CP001487.1_1988,CP003000.1_2135,CP003000.1_2868,CP142614.1_2097,CP142614.1_2821,CP142614.1_2863,CP142623.1_34,CP142623.1_3487,CP142623.1_3529
contig_1783	1369437	1369560	intergenic	.	AP012548.1_2750,CP142614.1_2469,CP142623.1_3872
contig_1783	3364876	3364952	intergenic	.	CP142614.1_151
contig_1783	3575672	3575882	3627178	gene	AP012548.1_2268,AP012548.1_2269,CP142614.1_1985,CP142614.1_1986,CP142623.1_143
contig_1783	3575672	3575882	3627178	mRNA	AP012548.1_2268,AP012548.1_2269,CP142614.1_1985,CP142614.1_1986,CP142623.1_143
contig_1783	4132772	4132882	intergenic	.	AP012548.1_1428,CP001487.1_2936,CP001487.1_2937,CP003000.1_1157,CP142614.1_1145,CP142623.1_983,CP142623.1_984
contig_1783	5899560	5899661	intergenic	.	CP142623.1_1227
contig_1783	5900093	5900218	intergenic	.	CP142614.1_902,CP142623.1_1227
contig_1783	6442702	6442826	6448208	mRNA	AP012548.1_885,CP003000.1_1660,CP142614.1_603,CP142623.1_1528
contig_1783	6442702	6442826	6448228	gene	AP012548.1_885,CP003000.1_1660,CP142614.1_603,CP142623.1_1528
contig_1783	7462765	7462861	intergenic	.	AP012548.1_552,CP142614.1_269,CP142623.1_1862
contig_1783	7669985	7670091	intergenic	.	AP012548.1_1617,CP001487.1_2748,CP142614.1_1334,CP142623.1_794
contig_17843	275646	275728	280084	mRNA	AP012548.1_4024,CP142614.1_3747,CP142623.1_2603
contig_17843	275646	275728	280199	gene	AP012548.1_4024,CP142614.1_3747,CP142623.1_2603
contig_17847	545464	545620	intergenic	.	AP012548.1_1058,CP142614.1_777
contig_17862	517400	517582	intergenic	.	AP012548.1_1739,CP142623.1_673
contig_17862	699143	699572	intergenic	.	AP012548.1_1197,AP012548.1_1198,AP012548.1_2687,CP001429.2_1187,CP142614.1_2405,CP142614.1_2406,CP142614.1_915,CP142623.1_1214,CP142623.1_3935
contig_17862	709457	709788	intergenic	.	AP012548.1_2828,AP012548.1_514,CP142614.1_232,CP142614.1_233,CP142614.1_2557,CP142623.1_1894,CP142623.1_3795
contig_17862	1038246	1038360	intergenic	.	AP012548.1_1068
contig_17865	67551	67739	intergenic	.	AP012548.1_4130,CP142614.1_3853,CP142623.1_2497
contig_17865	722673	722785	723515	gene	CP142614.1_153
contig_17865	722673	722785	723515	mRNA	CP142614.1_153
contig_17865	1171013	1171099	intergenic	.	CP001429.2_1040
contig_17865	1367434	1367514	1414271	gene	CP142614.1_762
contig_17865	1367434	1367514	1414271	mRNA	CP142614.1_762
contig_17865	2095699	2095912	2102167	gene	AP012548.1_3101,CP001487.1_1227,CP142614.1_2830,CP142623.1_3521
contig_17865	2095699	2095912	2102167	mRNA	AP012548.1_3101,CP001487.1_1227,CP142614.1_2830,CP142623.1_3521
contig_17865	2496180	2496337	intergenic	.	CP142623.1_1694
contig_17865	2669464	2669679	intergenic	.	AP012548.1_1198,AP012548.1_1199,CP001429.2_1188,CP001487.1_3166,CP142614.1_915,CP142614.1_916,CP142623.1_1213
contig_17865	2681528	2681658	intergenic	.	AP012548.1_2955,CP001429.2_2991,CP001487.1_1372,CP003000.1_2732,CP142614.1_2684,CP142623.1_3669
contig_17865	3407848	3408012	intergenic	.	AP012548.1_4019,CP142614.1_3742,CP142623.1_2607
contig_17865	3501805	3502143	intergenic	.	AP012548.1_252,AP012548.1_253,AP012548.1_254,CP142614.1_4191,CP142614.1_4192,CP142614.1_4193,CP142623.1_2155,CP142623.1_2156,CP142623.1_2157
contig_17865	3935291	3935370	intergenic	.	CP001487.1_1256,CP142614.1_2800
contig_17865	3988842	3988955	intergenic	.	AP012548.1_66,CP142614.1_4006,CP142623.1_2344
contig_17900	484806	484991	503609	gene	AP012548.1_3037,CP142614.1_2765,CP142614.1_2766,CP142623.1_3585,CP142623.1_3586
contig_17900	484806	484991	503609	mRNA	AP012548.1_3037,CP142614.1_2765,CP142614.1_2766,CP142623.1_3585,CP142623.1_3586
contig_17900	485238	485352	503609	gene	AP012548.1_2588
contig_17900	485238	485352	503609	mRNA	AP012548.1_2588
contig_17900	497006	497113	503609	gene	AP012548.1_1751,CP142614.1_1467,CP142623.1_662
contig_17900	497006	497113	503609	mRNA	AP012548.1_1751,CP142614.1_1467,CP142623.1_662
contig_17923	196501	196715	intergenic	.	AP012548.1_773,CP142614.1_221,CP142614.1_491,CP142623.1_1641
contig_17923	490322	490514	498333	gene	CP001487.1_2853,CP142614.1_1229,CP142623.1_899
contig_17923	490322	490514	498333	mRNA	CP001487.1_2853,CP142614.1_1229,CP142623.1_899
contig_17931	1202214	1202363	intergenic	.	CP142623.1_883
contig_1796	99183	99373	intergenic	.	AP012548.1_2041,CP142614.1_1758,CP142623.1_372
contig_1796	221929	222075	228823	mRNA	AP012548.1_1866
contig_1796	221929	222075	229289	gene	AP012548.1_1866
contig_1796	716871	716979	intergenic	.	AP012548.1_2606
contig_1796	968019	968097	intergenic	.	AP012548.1_2559,CP142614.1_2277
contig_1796	1003253	1003424	intergenic	.	AP012548.1_3912,CP142614.1_3636,CP142623.1_2714
contig_1796	1247161	1247240	1266802	gene	CP003000.1_2279
contig_1796	1247161	1247240	1266802	mRNA	CP003000.1_2279
contig_1796	1538319	1538504	intergenic	.	AP012548.1_434,CP142623.1_1974
contig_1796	1911498	1911644	intergenic	.	CP142623.1_3944
contig_1796	2674705	2675138	intergenic	.	AP012548.1_1764,AP012548.1_2841,CP142614.1_1480,CP142614.1_2570,CP142623.1_3781,CP142623.1_649
contig_1796	3057528	3057735	intergenic	.	AP012548.1_1624,CP142614.1_1341,CP142623.1_788
contig_1796	3057528	3057744	3057741	polyA_signal_sequence	AP012548.1_1624,CP142614.1_1341,CP142623.1_788
contig_1796	3057528	3057744	3059483	gene	AP012548.1_1624,CP142614.1_1341,CP142623.1_788
contig_17966	361513	361801	intergenic	.	AP012548.1_2614,CP001429.2_2647,CP001487.1_1710,CP142614.1_2332,CP142614.1_2333,CP142623.1_2587,CP142623.1_4008,CP142623.1_4009
contig_17999	7819	7926	intergenic	.	AP012548.1_3809,CP142614.1_3533,CP142623.1_2817
contig_17999	324414	324618	intergenic	.	AP012548.1_611,CP142614.1_328,CP142623.1_1803,CP142623.1_3281
contig_17999	675952	676039	intergenic	.	AP012548.1_897,CP142614.1_615,CP142623.1_1516
contig_1808	52217	52379	intergenic	.	AP012548.1_174,AP012548.1_869,CP142614.1_4113,CP142614.1_587,CP142623.1_1545,CP142623.1_2237
contig_188	117502	117681	147652	mRNA	AP012548.1_961,AP012548.1_962,CP142614.1_679,CP142614.1_680,CP142623.1_1451
contig_188	117502	117681	147697	gene	AP012548.1_961,AP012548.1_962,CP142614.1_679,CP142614.1_680,CP142623.1_1451
contig_188	143351	143530	147652	mRNA	AP012548.1_1225,CP142614.1_942,CP142623.1_1186
contig_188	143351	143530	147697	gene	AP012548.1_1225,CP142614.1_942,CP142623.1_1186
contig_188	165244	165329	intergenic	.	AP012548.1_2188,CP142623.1_224
contig_188	349316	349450	358860	mRNA	AP012548.1_3876,CP142623.1_2750
contig_188	349316	349450	358872	gene	AP012548.1_3876,CP142623.1_2750
contig_188	402068	402363	intergenic	.	AP012548.1_2359,AP012548.1_2360,CP001487.1_2006,CP003000.1_2116,CP142614.1_2078,CP142614.1_2079,CP142623.1_51,CP142623.1_53
contig_188	498798	498992	intergenic	.	AP012548.1_1745,CP001429.2_1752,CP142614.1_1461,CP142623.1_667
contig_188	576591	576800	647906	mRNA	AP012548.1_486,CP142614.1_1605,CP142614.1_204,CP142623.1_1922
contig_188	576591	576800	648889	gene	AP012548.1_486,CP142614.1_1605,CP142614.1_204,CP142623.1_1922
contig_188	884926	885156	926107	gene	AP012548.1_2607,CP142614.1_2327,CP142623.1_4014
contig_188	884926	885156	926107	mRNA	AP012548.1_2607,CP142614.1_2327,CP142623.1_4014
contig_188	944257	944408	intergenic	.	CP142614.1_4167
contig_188	958478	958663	intergenic	.	AP012548.1_777,CP142614.1_494,CP142614.1_495,CP142623.1_1637
contig_188	1194367	1194492	intergenic	.	AP012548.1_1600
contig_188	1463899	1464072	intergenic	.	AP012548.1_2432,CP142614.1_2150,CP142614.1_2151,CP142623.1_4190
contig_19	124949	125162	intergenic	.	AP012548.1_3182,AP012548.1_3183,CP001429.2_3219,CP142614.1_2911,CP142614.1_2912,CP142623.1_3437,CP142623.1_3438
contig_19	637623	637837	644937	mRNA	AP012548.1_634,AP012548.1_635,CP001487.1_3711,CP142614.1_351,CP142614.1_352,CP142623.1_1779,CP142623.1_1780
contig_19	637623	637837	645015	gene	AP012548.1_634,AP012548.1_635,CP001487.1_3711,CP142614.1_351,CP142614.1_352,CP142623.1_1779,CP142623.1_1780
contig_19	1704170	1704320	intergenic	.	CP142614.1_1306
contig_19	3058087	3058320	intergenic	.	AP012548.1_3851,AP012548.1_4179,CP142614.1_3574,CP142614.1_3902,CP142623.1_2448,CP142623.1_2775,CP142623.1_2776
contig_19	3951703	3951968	3968713	mRNA	AP012548.1_3973,CP001429.2_4013,CP003000.1_3684,CP142614.1_3696,CP142614.1_3697,CP142623.1_2652,CP142623.1_2653
contig_19	3951703	3951968	3969674	gene	AP012548.1_3973,CP001429.2_4013,CP003000.1_3684,CP142614.1_3696,CP142614.1_3697,CP142623.1_2652,CP142623.1_2653
contig_19	4637906	4638053	intergenic	.	AP012548.1_4133,CP001487.1_194
contig_19	5111085	5111281	intergenic	.	AP012548.1_2560,CP142614.1_2278,CP142623.1_4063
contig_19	5641616	5641905	5728565	mRNA	CP142614.1_1885,CP142614.1_1922,CP142623.1_243
contig_19	5641616	5641905	5728575	gene	CP142614.1_1885,CP142614.1_1922,CP142623.1_243
contig_19	6058822	6059132	intergenic	.	AP012548.1_1174,CP001429.2_1164,CP001487.1_3190,CP001487.1_3191,CP003000.1_1408,CP142614.1_890,CP142614.1_891,CP142623.1_1237
contig_19	6084144	6084241	intergenic	.	AP012548.1_2949,CP001487.1_1378,CP142614.1_2678,CP142623.1_3675
contig_19	6217363	6217552	intergenic	.	CP001429.2_2433,CP142614.1_2137
contig_19	7306442	7306681	intergenic	.	AP012548.1_4176,CP142614.1_3898,CP142623.1_2452
contig_19	8184478	8184867	8184503	stop_codon	AP012548.1_3097,CP003000.1_2873,CP142623.1_3525,CP142623.1_460
contig_19	8184478	8184867	8184567	CDS	AP012548.1_3097,CP003000.1_2873,CP142623.1_3525,CP142623.1_460
contig_19	8184478	8184867	8184567	exon	AP012548.1_3097,CP003000.1_2873,CP142623.1_3525,CP142623.1_460
contig_19	8184478	8184867	8184881	CDS	AP012548.1_3097,CP003000.1_2873,CP142623.1_3525,CP142623.1_460
contig_19	8184478	8184867	8184881	exon	AP012548.1_3097,CP003000.1_2873,CP142623.1_3525,CP142623.1_460
contig_19	8184478	8184867	8185607	gene	AP012548.1_3097,CP003000.1_2873,CP142623.1_3525,CP142623.1_460
contig_19	8184478	8184867	8185607	mRNA	AP012548.1_3097,CP003000.1_2873,CP142623.1_3525,CP142623.1_460
contig_19	8393663	8393883	8415039	mRNA	AP012548.1_505,AP012548.1_506,CP001487.1_3847,CP003000.1_1990,CP142614.1_223,CP142614.1_224,CP142623.1_1903
contig_19	8393663	8393883	8415129	gene	AP012548.1_505,AP012548.1_506,CP001487.1_3847,CP003000.1_1990,CP142614.1_223,CP142614.1_224,CP142623.1_1903
contig_19	8809952	8810249	8824562	mRNA	AP012548.1_1903,CP001487.1_2462,CP003000.1_1649,CP142623.1_510
contig_19	8809952	8810249	8824826	gene	AP012548.1_1903,CP001487.1_2462,CP003000.1_1649,CP142623.1_510
contig_19	9156588	9156771	intergenic	.	AP012548.1_1643,AP012548.1_1644,CP001487.1_2722,CP001487.1_2723,CP142614.1_1359,CP142614.1_1360,CP142623.1_768,CP142623.1_769
contig_19	9882965	9883172	9883102	gene	AP012548.1_3748,AP012548.1_3749,CP142614.1_3471,CP142623.1_2877,CP142623.1_2878
contig_19	9882965	9883172	9883102	polyA_signal_sequence	AP012548.1_3748,AP012548.1_3749,CP142614.1_3471,CP142623.1_2877,CP142623.1_2878
contig_19	9883102	9883172	intergenic	.	AP012548.1_3748,AP012548.1_3749,CP142614.1_3471,CP142623.1_2877,CP142623.1_2878
contig_19	9895210	9895360	intergenic	.	AP012548.1_4048,CP001429.2_4089,CP003000.1_3759,CP142614.1_3772,CP142623.1_2578
contig_19	10050725	10051063	intergenic	.	AP012548.1_2012,AP012548.1_2120,CP142614.1_1728,CP142614.1_1838,CP142623.1_401
contig_19	10766820	10766898	10788907	mRNA	AP012548.1_368,CP142623.1_2041
contig_19	10766820	10766898	10788953	gene	AP012548.1_368,CP142623.1_2041
contig_19	11727830	11727925	intergenic	.	CP001429.2_3566,CP001487.1_809,CP003000.1_3288,CP142614.1_3251,CP142623.1_3104
contig_19	12310441	12310605	12332103	gene	AP012548.1_2393,CP001429.2_2407,CP001429.2_2408,CP001487.1_1973,CP003000.1_2150,CP142614.1_2112,CP142623.1_18,CP142623.1_19,CP142623.1_812
contig_19	12310441	12310605	12332103	mRNA	AP012548.1_2393,CP001429.2_2407,CP001429.2_2408,CP001487.1_1973,CP003000.1_2150,CP142614.1_2112,CP142623.1_18,CP142623.1_19,CP142623.1_812
contig_19	12494960	12495104	intergenic	.	AP012548.1_1450
contig_19	12587925	12588057	intergenic	.	AP012548.1_2795,CP142614.1_2514,CP142623.1_3827
contig_19	12762595	12762738	intergenic	.	CP142623.1_2116
contig_19	13290444	13290604	intergenic	.	AP012548.1_2871,AP012548.1_2872,CP142614.1_2602
contig_19	13338751	13338837	intergenic	.	AP012548.1_2059,CP001487.1_2307,CP142614.1_1775,CP142614.1_1776,CP142623.1_353
contig_19	13558362	13558508	13578690	gene	AP012548.1_1992,CP001429.2_2000,CP001487.1_2374,CP142614.1_1707,CP142614.1_1708,CP142623.1_421
contig_19	13558362	13558508	13578690	mRNA	AP012548.1_1992,CP001429.2_2000,CP001487.1_2374,CP142614.1_1707,CP142614.1_1708,CP142623.1_421
contig_19	13650210	13650385	13685084	gene	AP012548.1_2099,AP012548.1_2100,CP142614.1_1816,CP142623.1_312,CP142623.1_313
contig_19	13650210	13650385	13685084	mRNA	AP012548.1_2099,AP012548.1_2100,CP142614.1_1816,CP142623.1_312,CP142623.1_313
contig_194	533332	533479	intergenic	.	CP142623.1_1193
contig_1986	770650	770945	intergenic	.	AP012548.1_833,CP142614.1_551,CP142623.1_1580,CP142623.1_1581
contig_1986	2085398	2085579	intergenic	.	AP012548.1_2429,CP001487.1_1402,CP142614.1_2147,CP142614.1_2148,CP142614.1_2653,CP142623.1_3700,CP142623.1_4193
contig_1986	2496615	2496767	intergenic	.	CP142614.1_265,CP142623.1_1866
contig_1986	2616037	2616373	intergenic	.	AP012548.1_2603,AP012548.1_2604,CP142614.1_2322,CP142614.1_2323,CP142623.1_4018,CP142623.1_4019
contig_1986	3218725	3218887	intergenic	.	AP012548.1_3375,CP142614.1_3105,CP142614.1_3106,CP142623.1_3249
contig_1986	3218725	3218950	3218893	polyA_signal_sequence	AP012548.1_3375,CP142614.1_3105,CP142614.1_3106,CP142623.1_3249
contig_1986	3218725	3218950	3241018	gene	AP012548.1_3375,CP142614.1_3105,CP142614.1_3106,CP142623.1_3249
contig_1986	4682829	4682952	4696152	gene	AP012548.1_2184,CP142614.1_1900,CP142623.1_228
contig_1986	4682829	4682952	4696152	mRNA	AP012548.1_2184,CP142614.1_1900,CP142623.1_228
contig_1988	543256	543333	intergenic	.	CP142614.1_2912,CP142623.1_3437
contig_2034	1706107	1706218	intergenic	.	AP012548.1_1689,CP142623.1_724
contig_214	583675	583953	intergenic	.	AP012548.1_2483,AP012548.1_2484,CP001429.2_2500,CP001487.1_1884,CP142614.1_2203,CP142623.1_4139
contig_2201	1207308	1207568	intergenic	.	AP012548.1_1897,CP142614.1_1613,CP142614.1_1614,CP142623.1_2720,CP142623.1_515
contig_2201	1468171	1468519	intergenic	.	AP012548.1_447,AP012548.1_448,CP003000.1_394,CP142614.1_1436,CP142614.1_165,CP142614.1_166,CP142623.1_1961
contig_2201	1965584	1965687	intergenic	.	AP012548.1_2636,CP001487.1_1688,CP142614.1_2355,CP142623.1_3986
contig_2201	1997951	1998117	intergenic	.	AP012548.1_1528,CP142614.1_1245
contig_2201	2521205	2521369	intergenic	.	AP012548.1_3807,AP012548.1_3808,CP001487.1_523,CP142614.1_3530,CP142614.1_3531,CP142623.1_2819
contig_2201	2768218	2768304	intergenic	.	CP142623.1_3407
contig_2201	4240510	4240829	intergenic	.	AP012548.1_1251,CP001429.2_1258,CP001487.1_171,CP001487.1_3113,CP142614.1_3881,CP142614.1_968,CP142614.1_969,CP142623.1_1160,CP142623.1_2469
contig_2201	5572910	5572988	5572981	gene	CP142623.1_4039
contig_2201	5572910	5572988	5572981	polyA_signal_sequence	CP142623.1_4039
contig_2201	5572981	5572988	intergenic	.	CP142623.1_4039
contig_2201	7639200	7639417	intergenic	.	CP001487.1_4245,CP142614.1_4053,CP142623.1_2297
contig_2201	7807351	7807661	intergenic	.	AP012548.1_2776,AP012548.1_2777,CP142614.1_2495,CP142614.1_2496,CP142623.1_3845,CP142623.1_3846
contig_2201	8871003	8871104	intergenic	.	CP001487.1_2918,CP142623.1_965
contig_2201	9034566	9034650	intergenic	.	CP003000.1_274,CP142614.1_34,CP142623.1_2091
contig_2201	9432075	9432184	9434199	mRNA	AP012548.1_3319,CP142614.1_3048,CP142623.1_3306
contig_2201	9432075	9432184	9434275	gene	AP012548.1_3319,CP142614.1_3048,CP142623.1_3306
contig_226	438498	438577	intergenic	.	AP012548.1_1009
contig_2261	45184	45367	45377	CDS	AP012548.1_2084,AP012548.1_2085,CP001487.1_2282,CP142614.1_1801,CP142614.1_1802,CP142623.1_327
contig_2261	45184	45367	45377	exon	AP012548.1_2084,AP012548.1_2085,CP001487.1_2282,CP142614.1_1801,CP142614.1_1802,CP142623.1_327
contig_2261	45184	45367	47909	gene	AP012548.1_2084,AP012548.1_2085,CP001487.1_2282,CP142614.1_1801,CP142614.1_1802,CP142623.1_327
contig_2261	45184	45367	47909	mRNA	AP012548.1_2084,AP012548.1_2085,CP001487.1_2282,CP142614.1_1801,CP142614.1_1802,CP142623.1_327
contig_2261	354286	354660	intergenic	.	AP012548.1_1577,CP142614.1_1292,CP142623.1_834,CP142623.1_836
contig_2261	819424	819605	819751	CDS	CP001487.1_1176,CP003000.1_2926,CP003000.1_2927,CP142614.1_2880,CP142623.1_3470
contig_2261	819424	819605	819751	exon	CP001487.1_1176,CP003000.1_2926,CP003000.1_2927,CP142614.1_2880,CP142623.1_3470
contig_2261	819424	819605	819751	gene	CP001487.1_1176,CP003000.1_2926,CP003000.1_2927,CP142614.1_2880,CP142623.1_3470
contig_2261	819424	819605	819751	mRNA	CP001487.1_1176,CP003000.1_2926,CP003000.1_2927,CP142614.1_2880,CP142623.1_3470
contig_2261	1118928	1119209	1119974	gene	AP012548.1_473,CP001487.1_3879,CP003000.1_2022,CP142614.1_190,CP142614.1_191
contig_2261	1118928	1119209	1119974	mRNA	AP012548.1_473,CP001487.1_3879,CP003000.1_2022,CP142614.1_190,CP142614.1_191
contig_2261	1418921	1419074	intergenic	.	CP142614.1_2015,CP142623.1_114
contig_2261	1918413	1918610	1925392	gene	AP012548.1_3266,AP012548.1_5,CP142614.1_2995
contig_2261	1918413	1918610	1925392	mRNA	AP012548.1_3266,AP012548.1_5,CP142614.1_2995
contig_2261	2024657	2024819	intergenic	.	AP012548.1_2064,CP001487.1_2302,CP142614.1_1780,CP142623.1_348
contig_2261	2027915	2028054	intergenic	.	AP012548.1_3330,CP142614.1_3060,CP142623.1_3295
contig_2261	2079462	2079693	intergenic	.	AP012548.1_2616,AP012548.1_2617,CP001487.1_1707,CP142614.1_2336,CP142623.1_4005
contig_2261	2338945	2339150	intergenic	.	AP012548.1_2466,CP142614.1_2185,CP142623.1_4156
contig_2261	2405632	2405981	intergenic	.	AP012548.1_3277,AP012548.1_3278,CP142614.1_3006,CP142614.1_3007,CP142614.1_3008,CP142623.1_3346,CP142623.1_3347,CP142623.1_3348
contig_2261	2408512	2408655	intergenic	.	AP012548.1_3276,CP142614.1_3005,CP142614.1_3006,CP142623.1_3348,CP142623.1_3349
contig_2261	2464258	2464382	intergenic	.	AP012548.1_608,CP142614.1_325,CP142623.1_1806
contig_2261	2524341	2524443	intergenic	.	AP012548.1_1517,CP142614.1_1234
contig_2261	2915308	2915543	intergenic	.	AP012548.1_723,AP012548.1_724,CP001429.2_739,CP001487.1_3623,CP003000.1_1819,CP142614.1_441,CP142614.1_442,CP142623.1_1690,CP142623.1_1691
contig_2261	2962923	2963109	2980937	mRNA	AP012548.1_3271,AP012548.1_3272,CP001429.2_3308,CP001487.1_1059,CP142614.1_3001,CP142623.1_3353
contig_2261	2962923	2963109	2981282	gene	AP012548.1_3271,AP012548.1_3272,CP001429.2_3308,CP001487.1_1059,CP142614.1_3001,CP142623.1_3353
contig_2261	2964246	2964341	2980937	mRNA	CP142614.1_3365,CP142623.1_2990
contig_2261	2964246	2964341	2981282	gene	CP142614.1_3365,CP142623.1_2990
contig_2261	3824822	3824909	intergenic	.	AP012548.1_1103,CP003000.1_1479
contig_2261	4263216	4264095	intergenic	.	AP012548.1_1214,AP012548.1_1692,AP012548.1_1754,AP012548.1_1755,AP012548.1_3779,AP012548.1_3780,CP001429.2_1699,CP001487.1_2611,CP001487.1_2673,CP001487.1_549,CP003000.1_3535,CP142614.1_1408,CP142614.1_1470,CP142614.1_1471,CP142614.1_3503,CP142614.1_3504,CP142614.1_931,CP142623.1_1197,CP142623.1_2846,CP142623.1_2847,CP142623.1_658,CP142623.1_721
contig_2261	4473486	4473711	intergenic	.	AP012548.1_245,CP142614.1_4185,CP142623.1_2165
contig_2261	4527774	4527903	4585143	gene	CP001487.1_1322
contig_2261	4527774	4527903	4585143	mRNA	CP001487.1_1322
contig_2261	4648659	4648761	intergenic	.	AP012548.1_3260,CP142614.1_2989,CP142623.1_3365
contig_2261	4892850	4892964	intergenic	.	AP012548.1_3944,CP001429.2_3984,CP001487.1_386,CP142623.1_2682
contig_2261	4999867	5000058	5068105	gene	AP012548.1_4029,CP142614.1_3752,CP142623.1_2597
contig_2261	4999867	5000058	5068105	mRNA	AP012548.1_4029,CP142614.1_3752,CP142623.1_2597
contig_2261	5058463	5058636	5068105	gene	AP012548.1_1622,CP001487.1_2744,CP003000.1_1021,CP142614.1_1338,CP142623.1_790
contig_2261	5058463	5058636	5068105	mRNA	AP012548.1_1622,CP001487.1_2744,CP003000.1_1021,CP142614.1_1338,CP142623.1_790
contig_2261	5230759	5231367	intergenic	.	AP012548.1_1759,AP012548.1_820,AP012548.1_821,CP001429.2_828,CP001487.1_1141,CP001487.1_2606,CP142614.1_538,CP142614.1_539,CP142623.1_1593,CP142623.1_654
contig_2261	5751362	5751486	intergenic	.	AP012548.1_2013,CP142614.1_1729
contig_2261	5826509	5826586	intergenic	.	AP012548.1_1614,CP001429.2_1621,CP001487.1_2751,CP003000.1_1028,CP142614.1_1331,CP142623.1_797
contig_2261	5872998	5873139	intergenic	.	AP012548.1_4086,CP142614.1_3809,CP142623.1_2540,CP142623.1_3444
contig_2261	5910056	5910335	intergenic	.	CP001429.2_1608,CP001487.1_2765,CP142623.1_810,CP142623.1_811
contig_2261	5992284	5992479	intergenic	.	AP012548.1_2326,CP142614.1_2043,CP142623.1_86
contig_2261	6018970	6019325	intergenic	.	CP001487.1_146,CP003000.1_3879,CP142614.1_3904,CP142614.1_3905,CP142623.1_2445,CP142623.1_2446
contig_2261	6091803	6091936	intergenic	.	CP142614.1_3843,CP142623.1_2507
contig_2261	6249406	6249887	intergenic	.	AP012548.1_168,CP001487.1_156,CP001487.1_4191,CP142614.1_3895,CP142614.1_4107,CP142623.1_2243
contig_2261	6269500	6269601	intergenic	.	AP012548.1_3799
contig_2261	6364879	6365284	6364933	stop_codon	AP012548.1_2174,AP012548.1_2175,CP001429.2_2183,CP001487.1_2191,CP001487.1_3570,CP003000.1_492,CP142614.1_1891,CP142614.1_1892,CP142623.1_237
contig_2261	6364879	6365284	6365166	CDS	AP012548.1_2174,AP012548.1_2175,CP001429.2_2183,CP001487.1_2191,CP001487.1_3570,CP003000.1_492,CP142614.1_1891,CP142614.1_1892,CP142623.1_237
contig_2261	6364879	6365284	6365166	exon	AP012548.1_2174,AP012548.1_2175,CP001429.2_2183,CP001487.1_2191,CP001487.1_3570,CP003000.1_492,CP142614.1_1891,CP142614.1_1892,CP142623.1_237
contig_2261	6364879	6365284	6377132	gene	AP012548.1_2174,AP012548.1_2175,CP001429.2_2183,CP001487.1_2191,CP001487.1_3570,CP003000.1_492,CP142614.1_1891,CP142614.1_1892,CP142623.1_237
contig_2261	6364879	6365284	6377132	mRNA	AP012548.1_2174,AP012548.1_2175,CP001429.2_2183,CP001487.1_2191,CP001487.1_3570,CP003000.1_492,CP142614.1_1891,CP142614.1_1892,CP142623.1_237
contig_2261	6422622	6422748	intergenic	.	CP001487.1_2361
contig_2261	6490873	6491025	intergenic	.	AP012548.1_3074,CP142614.1_2803,CP142623.1_3547
contig_2261	6583712	6583884	intergenic	.	AP012548.1_3484,CP001429.2_3528,CP142614.1_3212,CP142614.1_3213
contig_2261	6739923	6740000	intergenic	.	AP012548.1_1425,CP003000.1_1160,CP142614.1_1142,CP142623.1_986
contig_2261	6771727	6772001	intergenic	.	AP012548.1_1857,AP012548.1_1858,CP001487.1_2506,CP142614.1_1573,CP142614.1_1574,CP142623.1_554,CP142623.1_555
contig_2261	6796241	6796364	intergenic	.	AP012548.1_3568,CP001429.2_3612
contig_2261	6863455	6863646	intergenic	.	CP142614.1_1334,CP142614.1_1335
contig_2261	7141105	7141249	intergenic	.	CP142614.1_998
contig_2261	7211453	7211838	intergenic	.	AP012548.1_1832,AP012548.1_1833,AP012548.1_207,CP001429.2_1840,CP001487.1_2532,CP001487.1_4152,CP001487.1_4153,CP003000.1_819,CP142614.1_1548,CP142614.1_1549,CP142614.1_4146,CP142623.1_2204,CP142623.1_580
contig_2261	7969305	7969422	7973395	mRNA	CP001487.1_584
contig_2261	7969305	7969422	7973955	gene	CP001487.1_584
contig_2261	8385971	8386278	intergenic	.	AP012548.1_1447,CP001429.2_2744,CP142614.1_1164,CP142614.1_2430,CP142623.1_3911,CP142623.1_964
contig_2261	8455836	8456022	intergenic	.	AP012548.1_1392,CP142623.1_1019
contig_2261	8563092	8563393	8599586	gene	CP142614.1_2945,CP142623.1_3402
contig_2261	8563092	8563393	8599586	mRNA	CP142614.1_2945,CP142623.1_3402
contig_2261	8678843	8678974	intergenic	.	CP142614.1_256
contig_2261	9219002	9219176	9238382	gene	AP012548.1_2766,CP142614.1_2485,CP142623.1_3856
contig_2261	9219002	9219176	9238382	mRNA	AP012548.1_2766,CP142614.1_2485,CP142623.1_3856
contig_2261	10853096	10853221	intergenic	.	AP012548.1_61,CP142614.1_4001,CP142623.1_2349
contig_2261	11515749	11515919	intergenic	.	AP012548.1_50,CP001487.1_61,CP142614.1_3990,CP142623.1_2360
contig_2261	11619715	11619913	intergenic	.	AP012548.1_3286,AP012548.1_3287,CP001487.1_1044,CP142614.1_3016,CP142623.1_3338
contig_2261	11852520	11852620	intergenic	.	AP012548.1_3325
contig_2287	364690	364779	intergenic	.	AP012548.1_2321,CP001487.1_2045
contig_2287	709478	709643	intergenic	.	AP012548.1_65,CP001487.1_1572,CP142614.1_4005
contig_2287	913222	913370	intergenic	.	AP012548.1_1570,CP001429.2_1577,CP001487.1_2796,CP142614.1_1287,CP142623.1_841,CP142623.1_842
contig_2287	1074213	1074328	1092444	mRNA	AP012548.1_3923
contig_2287	1074213	1074328	1092456	gene	AP012548.1_3923
contig_2287	1129075	1129375	intergenic	.	AP012548.1_813,AP012548.1_814,CP003000.1_1730,CP142614.1_531,CP142614.1_532,CP142623.1_1600
contig_2287	6118164	6118318	intergenic	.	AP012548.1_1083,CP001429.2_1072,CP142614.1_38,CP142614.1_802,CP142623.1_1329
contig_2287	6793673	6793813	intergenic	.	CP001487.1_31,CP142614.1_4021
contig_2287	6962047	6962163	intergenic	.	AP012548.1_3427,CP142614.1_3157
contig_2287	7224222	7224375	intergenic	.	CP001487.1_1998,CP003000.1_2126,CP142614.1_2087
contig_2287	8120540	8120677	intergenic	.	AP012548.1_592,CP142614.1_309,CP142623.1_1822
contig_2287	8215602	8215786	intergenic	.	AP012548.1_479,AP012548.1_480,CP001487.1_3873,CP142614.1_197,CP142614.1_198,CP142623.1_1929,CP142623.1_1930
contig_2287	8265486	8265612	intergenic	.	AP012548.1_3382,CP001429.2_3425,CP001487.1_948,CP142614.1_3112,CP142623.1_3242
contig_2287	8709591	8709873	intergenic	.	CP142614.1_2629,CP142623.1_3298
contig_2287	9048831	9048999	intergenic	.	AP012548.1_3907,CP001487.1_424,CP142614.1_3630,CP142623.1_2719
contig_2287	10300730	10300883	intergenic	.	AP012548.1_1997,CP001429.2_2005,CP001487.1_2368,CP003000.1_668,CP142614.1_1713,CP142623.1_415
contig_2287	10582549	10582659	intergenic	.	AP012548.1_2491,CP001429.2_2506,CP142614.1_2209,CP142623.1_4132
contig_2287	10633527	10633670	intergenic	.	AP012548.1_2946,CP142614.1_2675,CP142623.1_3678
contig_2287	11176933	11177088	11280936	mRNA	AP012548.1_1964,CP001429.2_1971,CP001487.1_2401,CP003000.1_697,CP142614.1_1679,CP142614.1_1680,CP142623.1_449
contig_2287	11176933	11177088	11280945	gene	AP012548.1_1964,CP001429.2_1971,CP001487.1_2401,CP003000.1_697,CP142614.1_1679,CP142614.1_1680,CP142623.1_449
contig_2287	11380910	11381090	intergenic	.	AP012548.1_2296,CP001429.2_2310,CP001487.1_2071,CP003000.1_2054,CP142614.1_2013,CP142623.1_116
contig_2287	11551781	11552086	11575237	gene	AP012548.1_1523,AP012548.1_1524,CP001487.1_2841,CP142614.1_1239,CP142614.1_1240,CP142614.1_1241,CP142623.1_887,CP142623.1_888,CP142623.1_889
contig_2287	11551781	11552086	11575237	mRNA	AP012548.1_1523,AP012548.1_1524,CP001487.1_2841,CP142614.1_1239,CP142614.1_1240,CP142614.1_1241,CP142623.1_887,CP142623.1_888,CP142623.1_889
contig_2287	12150032	12150200	intergenic	.	CP001487.1_4081,CP142623.1_2131
contig_2287	12761247	12761332	intergenic	.	CP142614.1_2970
contig_2287	13042385	13042499	intergenic	.	AP012548.1_1308,CP001429.2_1314,CP001487.1_3057,CP003000.1_1275,CP142614.1_1025,CP142623.1_1104
contig_2287	13600829	13601033	13603939	mRNA	AP012548.1_2745,AP012548.1_2746,CP142614.1_2464,CP142614.1_2465,CP142623.1_3876,CP142623.1_3877
contig_2287	13600829	13601033	13604548	gene	AP012548.1_2745,AP012548.1_2746,CP142614.1_2464,CP142614.1_2465,CP142623.1_3876,CP142623.1_3877
contig_2287	13909005	13909132	13928249	mRNA	AP012548.1_127,CP142614.1_4067,CP142623.1_2283
contig_2287	13909005	13909132	13928297	gene	AP012548.1_127,CP142614.1_4067,CP142623.1_2283
contig_2287	14718019	14718276	intergenic	.	AP012548.1_1911,CP001487.1_2454,CP142614.1_1626,CP142614.1_1627,CP142623.1_501,CP142623.1_502,CP142623.1_503
contig_2287	15714025	15714115	intergenic	.	AP012548.1_793,CP001487.1_3554,CP142614.1_511
contig_2287	16081929	16082066	intergenic	.	AP012548.1_2671,CP142623.1_3951
contig_2287	17431138	17431418	intergenic	.	AP012548.1_393,AP012548.1_394,AP012548.1_395,CP001487.1_3956,CP001487.1_3957,CP142614.1_111,CP142614.1_112,CP142623.1_2014,CP142623.1_2015
contig_2287	17955633	17955729	intergenic	.	CP001429.2_2126
contig_2287	18069809	18069967	intergenic	.	AP012548.1_1201,CP142614.1_918,CP142623.1_1210
contig_2287	18192150	18192347	intergenic	.	AP012548.1_3491,CP142614.1_3219,CP142623.1_3135
contig_2287	18849139	18849265	intergenic	.	AP012548.1_2676,CP142614.1_2395,CP142623.1_3946
contig_2287	19509270	19509411	intergenic	.	AP012548.1_304,CP001487.1_4056,CP142614.1_20,CP142623.1_2105
contig_2287	19874572	19874757	intergenic	.	AP012548.1_477,CP142614.1_195,CP142623.1_1932
contig_2287	21278428	21278671	21283078	gene	CP142614.1_1761,CP142623.1_369
contig_2287	21278428	21278671	21283078	mRNA	CP142614.1_1761,CP142623.1_369
contig_2287	22045795	22046147	intergenic	.	AP012548.1_3422,CP001487.1_906,CP142614.1_3154,CP142623.1_3201,CP142623.1_3202
contig_2315	920698	920836	946179	gene	AP012548.1_3688,CP142614.1_3411,CP142623.1_2938
contig_2315	920698	920836	946179	mRNA	AP012548.1_3688,CP142614.1_3411,CP142623.1_2938
contig_2315	999716	999921	intergenic	.	AP012548.1_1278,CP001487.1_3087,CP142614.1_995,CP142623.1_1133
contig_2315	1001016	1001105	intergenic	.	CP142614.1_996
contig_2315	3693879	3694283	intergenic	.	AP012548.1_2838,CP142614.1_2565,CP142614.1_2566,CP142614.1_2567,CP142623.1_3785
contig_2315	4920283	4920372	intergenic	.	AP012548.1_4131
contig_2315	5008249	5008401	5040469	mRNA	AP012548.1_3822,CP001487.1_508,CP142623.1_2804
contig_2315	5008249	5008401	5040732	gene	AP012548.1_3822,CP001487.1_508,CP142623.1_2804
contig_2315	5568148	5568284	5577380	mRNA	CP001429.2_1910,CP003000.1_749,CP142614.1_1618
contig_2315	5568148	5568284	5577491	gene	CP001429.2_1910,CP003000.1_749,CP142614.1_1618
contig_2318	1454418	1454504	intergenic	.	AP012548.1_1914,CP142614.1_1630
contig_2318	2371500	2371634	intergenic	.	AP012548.1_2661,CP142614.1_2380
contig_2318	2914506	2914624	intergenic	.	AP012548.1_1529,CP142614.1_1246,CP142623.1_882
contig_2318	3655268	3655363	intergenic	.	AP012548.1_1217,CP142614.1_934
contig_2318	4546574	4546732	intergenic	.	CP142614.1_1540,CP142623.1_589
contig_2318	5053491	5053598	intergenic	.	AP012548.1_3046,CP142614.1_2775,CP142623.1_3576
contig_2318	6158877	6159355	6167086	mRNA	AP012548.1_1358,AP012548.1_600,CP001487.1_3006,CP142614.1_1075,CP142614.1_317,CP142623.1_1053,CP142623.1_1622,CP142623.1_1812,CP142623.1_1813,CP142623.1_1814
contig_2318	6158877	6159355	6167103	gene	AP012548.1_1358,AP012548.1_600,CP001487.1_3006,CP142614.1_1075,CP142614.1_317,CP142623.1_1053,CP142623.1_1622,CP142623.1_1812,CP142623.1_1813,CP142623.1_1814
contig_2318	6453425	6453500	intergenic	.	AP012548.1_1389,CP142614.1_1106,CP142623.1_1023
contig_2318	6994455	6994663	intergenic	.	AP012548.1_1289,AP012548.1_1290,CP001487.1_3075,CP142614.1_1006,CP142614.1_1007,CP142623.1_1122
contig_2318	7116371	7116478	intergenic	.	AP012548.1_2924,CP142623.1_3699
contig_2318	7626426	7626652	intergenic	.	AP012548.1_2128,CP142614.1_1844,CP142614.1_1845,CP142623.1_283,CP142623.1_284
contig_2318	7861165	7861258	intergenic	.	CP142614.1_2233
contig_2318	7878039	7878199	intergenic	.	AP012548.1_1180,CP001487.1_3185,CP003000.1_1402,CP142614.1_897
contig_2318	7956846	7956988	intergenic	.	AP012548.1_3374,CP142614.1_3104,CP142623.1_3250
contig_2318	8341348	8341486	intergenic	.	AP012548.1_1077,CP142614.1_796,CP142623.1_1336
contig_2318	8415055	8415279	intergenic	.	AP012548.1_1775,CP001429.2_1782,CP001487.1_2590,CP142614.1_1490,CP142614.1_1491,CP142623.1_638
contig_2321	152665	152815	152919	CDS	CP142614.1_1128
contig_2321	152665	152815	152919	exon	CP142614.1_1128
contig_2321	152665	152815	152919	mRNA	CP142614.1_1128
contig_2321	152665	152815	152966	gene	CP142614.1_1128
contig_2321	153089	153100	intergenic	.	AP012548.1_2494,AP012548.1_2495,CP001487.1_1873,CP142614.1_2212,CP142614.1_2214,CP142623.1_4127,CP142623.1_4129
contig_2321	153089	153461	153103	start_codon	AP012548.1_2494,AP012548.1_2495,CP001487.1_1873,CP142614.1_2212,CP142614.1_2214,CP142623.1_4127,CP142623.1_4129
contig_2321	153089	153461	153448	CDS	AP012548.1_2494,AP012548.1_2495,CP001487.1_1873,CP142614.1_2212,CP142614.1_2214,CP142623.1_4127,CP142623.1_4129
contig_2321	153089	153461	153448	exon	AP012548.1_2494,AP012548.1_2495,CP001487.1_1873,CP142614.1_2212,CP142614.1_2214,CP142623.1_4127,CP142623.1_4129
contig_2321	153089	153461	164635	mRNA	AP012548.1_2494,AP012548.1_2495,CP001487.1_1873,CP142614.1_2212,CP142614.1_2214,CP142623.1_4127,CP142623.1_4129
contig_2321	153089	153461	164652	gene	AP012548.1_2494,AP012548.1_2495,CP001487.1_1873,CP142614.1_2212,CP142614.1_2214,CP142623.1_4127,CP142623.1_4129
contig_2449	184470	184681	intergenic	.	AP012548.1_1497,AP012548.1_1498,CP001429.2_1505,CP001487.1_2866,CP001487.1_2867,CP003000.1_1088,CP142614.1_1214,CP142614.1_1215,CP142623.1_913,CP142623.1_914
contig_2449	398999	399133	intergenic	.	CP001429.2_2051,CP142614.1_1760
contig_2449	733561	733712	intergenic	.	CP142623.1_2136
contig_2449	973063	973327	intergenic	.	AP012548.1_923,AP012548.1_924,CP001487.1_3422,CP001487.1_3423,CP142614.1_641,CP142614.1_642,CP142623.1_1490
contig_2449	1230608	1230847	intergenic	.	AP012548.1_180,AP012548.1_181,CP142614.1_4120,CP142614.1_4121,CP142623.1_2230
contig_2449	1980053	1980317	1996409	mRNA	AP012548.1_1769,CP001429.2_1775,CP001429.2_1776,CP001487.1_2596,CP001487.1_2597,CP003000.1_884,CP142614.1_1484,CP142623.1_644
contig_2449	1980053	1980317	1996711	gene	AP012548.1_1769,CP001429.2_1775,CP001429.2_1776,CP001487.1_2596,CP001487.1_2597,CP003000.1_884,CP142614.1_1484,CP142623.1_644
contig_2449	2511996	2512566	intergenic	.	AP012548.1_2055,AP012548.1_2056,AP012548.1_2057,CP001487.1_2311,CP001487.1_2312,CP142614.1_1771,CP142614.1_1772,CP142614.1_1773,CP142614.1_1774,CP142623.1_355,CP142623.1_356,CP142623.1_357,CP142623.1_358
contig_2449	2674508	2674818	intergenic	.	AP012548.1_4087,AP012548.1_4088,CP001487.1_243,CP142614.1_3810,CP142623.1_2538,CP142623.1_2539
contig_2449	2904662	2904738	intergenic	.	AP012548.1_931,CP142614.1_649
contig_2449	2913768	2914024	intergenic	.	AP012548.1_4028,CP142614.1_3750,CP142614.1_3751,CP142623.1_2598,CP142623.1_2599
contig_2449	3348233	3348308	intergenic	.	CP142614.1_3662
contig_2449	3942840	3943004	3942996	CDS	AP012548.1_1029,CP142614.1_748,CP142623.1_1383
contig_2449	3942840	3943004	3942996	exon	AP012548.1_1029,CP142614.1_748,CP142623.1_1383
contig_2449	3942840	3943004	3942996	gene	AP012548.1_1029,CP142614.1_748,CP142623.1_1383
contig_2449	3942840	3943004	3942996	mRNA	AP012548.1_1029,CP142614.1_748,CP142623.1_1383
contig_2449	3942840	3943004	3942996	start_codon	AP012548.1_1029,CP142614.1_748,CP142623.1_1383
contig_2449	3942996	3943004	intergenic	.	AP012548.1_1029,CP142614.1_748,CP142623.1_1383
contig_2449	4125323	4125464	intergenic	.	AP012548.1_366,AP012548.1_367,CP003000.1_323,CP142614.1_84,CP142623.1_2042
contig_2449	4126993	4127132	intergenic	.	CP001429.2_2112,CP001487.1_2262,CP142623.1_308
contig_2449	5709822	5710013	intergenic	.	AP012548.1_1053,CP003000.1_1529,CP003000.1_1530,CP142614.1_772,CP142623.1_1360
contig_2449	6199863	6199996	6228192	gene	AP012548.1_705,CP142614.1_423,CP142623.1_1709
contig_2449	6199863	6199996	6228192	mRNA	AP012548.1_705,CP142614.1_423,CP142623.1_1709
contig_2449	6776705	6776810	6808270	mRNA	AP012548.1_1518,AP012548.1_1519,CP001487.1_2846,CP142614.1_1235,CP142614.1_1236,CP142623.1_893
contig_2449	6776705	6776810	6808353	gene	AP012548.1_1518,AP012548.1_1519,CP001487.1_2846,CP142614.1_1235,CP142614.1_1236,CP142623.1_893
contig_2449	7007331	7007447	intergenic	.	AP012548.1_2804
contig_2449	7035670	7035759	intergenic	.	CP003000.1_904,CP142614.1_1464
contig_2449	7055100	7055248	7060885	mRNA	CP142614.1_2964,CP142614.1_684,CP142623.1_3385
contig_2449	7055100	7055248	7061185	gene	CP142614.1_2964,CP142614.1_684,CP142623.1_3385
contig_2449	7952135	7952280	intergenic	.	CP003000.1_1460,CP142614.1_841
contig_2449	8045825	8046048	intergenic	.	AP012548.1_4030,CP142614.1_3754,CP142623.1_2596
contig_2471	1119943	1120116	1139707	gene	AP012548.1_2815,CP001487.1_1510,CP003000.1_2604,CP003000.1_2605,CP142614.1_2544
contig_2471	1119943	1120116	1139707	mRNA	AP012548.1_2815,CP001487.1_1510,CP003000.1_2604,CP003000.1_2605,CP142614.1_2544
contig_2471	2643470	2643605	2667786	gene	AP012548.1_1151,CP001487.1_3214,CP142614.1_870,CP142623.1_1261
contig_2471	2643470	2643605	2667786	mRNA	AP012548.1_1151,CP001487.1_3214,CP142614.1_870,CP142623.1_1261
contig_2471	5530580	5530781	intergenic	.	AP012548.1_4132,CP001429.2_4177,CP001487.1_195,CP001487.1_196,CP003000.1_3831,CP142614.1_3855,CP142614.1_3856,CP142623.1_2494,CP142623.1_2495
contig_2471	6331288	6331368	intergenic	.	AP012548.1_1137,CP142614.1_856,CP142623.1_1274
contig_2471	8739117	8739200	intergenic	.	CP142623.1_381
contig_2471	10279274	10279826	intergenic	.	AP012548.1_1003,AP012548.1_1004,AP012548.1_1005,CP001487.1_3362,CP142614.1_721,CP142614.1_722,CP142614.1_723,CP142623.1_1408,CP142623.1_1409,CP142623.1_1410,CP142623.1_2898
contig_2471	12055387	12055528	12068306	gene	CP142614.1_1683
contig_2471	12055387	12055528	12068306	mRNA	CP142614.1_1683
contig_2471	12320238	12320456	intergenic	.	AP012548.1_1176,CP001487.1_3188,CP001487.1_3189,CP142614.1_893,CP142614.1_894,CP142623.1_1235
contig_2471	12727479	12727608	intergenic	.	AP012548.1_965,CP142623.1_1447
contig_2471	12992773	12992972	intergenic	.	AP012548.1_2334,AP012548.1_2335,CP142614.1_2053,CP142623.1_77
contig_2471	13880355	13880478	intergenic	.	AP012548.1_2420,CP001487.1_1947,CP142614.1_2138,CP142623.1_4202
contig_2471	14799046	14799409	intergenic	.	AP012548.1_1115,AP012548.1_382,CP142614.1_834,CP142614.1_99,CP142623.1_1296,CP142623.1_1297,CP142623.1_2027
contig_2471	16286684	16286905	intergenic	.	AP012548.1_52,CP142614.1_3993,CP142623.1_2357
contig_2471	17195965	17196086	intergenic	.	AP012548.1_2677,CP142614.1_2396,CP142623.1_3945
contig_2471	17436864	17436967	intergenic	.	AP012548.1_307,CP001429.2_311,CP001487.1_4052
contig_2471	18503101	18503366	intergenic	.	AP012548.1_2405,AP012548.1_2406,AP012548.1_648,CP001429.2_2420,CP001487.1_1961,CP003000.1_2162,CP142614.1_2124,CP142614.1_365,CP142623.1_1766,CP142623.1_6
contig_2471	18503580	18503656	intergenic	.	AP012548.1_1088,CP142614.1_807,CP142623.1_1324
contig_2481	1957938	1958074	intergenic	.	CP001429.2_1504,CP001487.1_2868,CP142623.1_915
contig_2481	2190540	2190632	intergenic	.	CP142614.1_2257,CP142623.1_4084
contig_2481	2433226	2433376	2454831	mRNA	AP012548.1_2408,CP001429.2_2422,CP001429.2_2423,CP001487.1_1958,CP001487.1_1959,CP003000.1_2164,CP003000.1_2165,CP142614.1_2127,CP142623.1_3,CP142623.1_4
contig_2481	2433226	2433376	2454862	gene	AP012548.1_2408,CP001429.2_2422,CP001429.2_2423,CP001487.1_1958,CP001487.1_1959,CP003000.1_2164,CP003000.1_2165,CP142614.1_2127,CP142623.1_3,CP142623.1_4
contig_2481	2590929	2591004	intergenic	.	CP001487.1_197,CP142614.1_3854,CP142623.1_2496
contig_2481	2896689	2896849	intergenic	.	CP142614.1_3896,CP142623.1_2454
contig_2481	2925022	2925111	2929531	gene	AP012548.1_1276,CP142623.1_1135
contig_2481	2925022	2925111	2929531	mRNA	AP012548.1_1276,CP142623.1_1135
contig_2481	3098009	3098126	3107877	gene	AP012548.1_2867,CP142614.1_2596,CP142623.1_3755
contig_2481	3098009	3098126	3107877	mRNA	AP012548.1_2867,CP142614.1_2596,CP142623.1_3755
contig_2481	3267707	3268044	intergenic	.	AP012548.1_1948,AP012548.1_1949,AP012548.1_1950,CP001429.2_1956,CP142614.1_1664,CP142614.1_1665,CP142614.1_1666,CP142623.1_463
contig_2481	3284171	3284284	intergenic	.	CP142614.1_4110,CP142623.1_2240
contig_2481	3578036	3578238	intergenic	.	AP012548.1_808,CP001429.2_816,CP003000.1_1734,CP142614.1_526,CP142623.1_1606
contig_2481	4084067	4084152	intergenic	.	CP142623.1_139
contig_2481	4870260	4870471	4870957	mRNA	CP142614.1_4026,CP142614.1_4027,CP142623.1_2323,CP142623.1_2324
contig_2481	4870260	4870471	4871024	gene	CP142614.1_4026,CP142614.1_4027,CP142623.1_2323,CP142623.1_2324
contig_2481	6850043	6850118	6877008	gene	AP012548.1_2798,CP142614.1_2517,CP142623.1_3824
contig_2481	6850043	6850118	6877008	mRNA	AP012548.1_2798,CP142614.1_2517,CP142623.1_3824
contig_2481	7155114	7155241	intergenic	.	CP142623.1_2735
contig_2481	8616371	8616544	intergenic	.	AP012548.1_2244,CP001429.2_2258,CP001487.1_2123,CP003000.1_439,CP142614.1_1960,CP142614.1_1961,CP142623.1_168
contig_2481	8667925	8668076	intergenic	.	AP012548.1_2510,CP142614.1_2228,CP142623.1_4113
contig_2481	8874147	8874560	intergenic	.	AP012548.1_202,AP012548.1_2389,CP001429.2_2404,CP001487.1_1977,CP003000.1_2146,CP142614.1_2108,CP142614.1_4142,CP142623.1_22,CP142623.1_2208
contig_2481	9074069	9074166	intergenic	.	AP012548.1_2274,CP001429.2_2288
contig_2481	9192126	9192258	intergenic	.	AP012548.1_1980
contig_2481	9574899	9575166	intergenic	.	AP012548.1_1368,CP001429.2_1374,CP001487.1_2997,CP142614.1_1085,CP142614.1_1086,CP142623.1_1043,CP142623.1_1044
contig_2481	10119192	10119256	intergenic	.	AP012548.1_4057,CP142614.1_3781,CP142623.1_2567,CP142623.1_2569
contig_2481	10119192	10119546	10119259	start_codon	AP012548.1_4057,CP142614.1_3781,CP142623.1_2567,CP142623.1_2569
contig_2481	10119192	10119546	10119595	CDS	AP012548.1_4057,CP142614.1_3781,CP142623.1_2567,CP142623.1_2569
contig_2481	10119192	10119546	10119595	exon	AP012548.1_4057,CP142614.1_3781,CP142623.1_2567,CP142623.1_2569
contig_2481	10119192	10119546	10119595	mRNA	AP012548.1_4057,CP142614.1_3781,CP142623.1_2567,CP142623.1_2569
contig_2481	10119192	10119546	10119764	gene	AP012548.1_4057,CP142614.1_3781,CP142623.1_2567,CP142623.1_2569
contig_2481	10240365	10240604	intergenic	.	AP012548.1_2355,CP001487.1_2012,CP142614.1_2073,CP142614.1_2074,CP142623.1_57
contig_2481	10637614	10637692	intergenic	.	CP003000.1_598
contig_2481	11298463	11298576	intergenic	.	AP012548.1_2950,CP001487.1_1377,CP142623.1_3674
contig_2481	11411408	11411645	intergenic	.	AP012548.1_3206,AP012548.1_3207,CP001429.2_3243,CP001487.1_1122,CP003000.1_2979,CP142614.1_2935,CP142623.1_3413,CP142623.1_3414
contig_2481	11507980	11508118	intergenic	.	AP012548.1_3757,CP142614.1_3479,CP142623.1_2869
contig_2481	12530380	12530484	intergenic	.	AP012548.1_218,CP142614.1_4157,CP142623.1_2193
contig_2530	619359	619565	intergenic	.	AP012548.1_4208,CP001429.2_4238,CP003000.1_3907,CP142614.1_3931,CP142623.1_2419
contig_2530	737180	737299	752101	gene	AP012548.1_612,CP142614.1_329,CP142623.1_1801
contig_2530	737180	737299	752101	mRNA	AP012548.1_612,CP142614.1_329,CP142623.1_1801
contig_2530	1849523	1849654	intergenic	.	AP012548.1_1685,CP142614.1_1401,CP142623.1_728
contig_2530	1904894	1905169	intergenic	.	CP142614.1_168,CP142623.1_1957
contig_2530	2031752	2031914	2044857	mRNA	AP012548.1_1280,CP142623.1_1131
contig_2530	2031752	2031914	2044883	gene	AP012548.1_1280,CP142623.1_1131
contig_2530	2299870	2300047	2311050	mRNA	AP012548.1_4164,CP001429.2_4209,CP001487.1_164,CP003000.1_3863,CP142614.1_3887,CP142623.1_2463
contig_2530	2299870	2300047	2311114	gene	AP012548.1_4164,CP001429.2_4209,CP001487.1_164,CP003000.1_3863,CP142614.1_3887,CP142623.1_2463
contig_2530	2520352	2520536	2587902	mRNA	AP012548.1_2063,CP001429.2_2070,CP001487.1_2303,CP142614.1_1779,CP142614.1_1780,CP142623.1_349,CP142623.1_350
contig_2530	2520352	2520536	2588007	gene	AP012548.1_2063,CP001429.2_2070,CP001487.1_2303,CP142614.1_1779,CP142614.1_1780,CP142623.1_349,CP142623.1_350
contig_2530	2688429	2688645	2695757	mRNA	AP012548.1_3517,CP001429.2_3560,CP001429.2_3561,CP001487.1_815,CP142614.1_3245,CP142623.1_3110
contig_2530	2688429	2688645	2695776	gene	AP012548.1_3517,CP001429.2_3560,CP001429.2_3561,CP001487.1_815,CP142614.1_3245,CP142623.1_3110
contig_2530	2852139	2852389	2858198	gene	AP012548.1_3421,AP012548.1_3422,CP142614.1_3152,CP142623.1_3203
contig_2530	2852139	2852389	2858198	mRNA	AP012548.1_3421,AP012548.1_3422,CP142614.1_3152,CP142623.1_3203
contig_2530	3328105	3328320	intergenic	.	AP012548.1_216,CP142614.1_4155,CP142614.1_4156,CP142623.1_2194,CP142623.1_2195
contig_2530	3867549	3867707	3870135	mRNA	AP012548.1_290,CP001487.1_4069,CP142614.1_6
contig_2530	3867549	3867707	3870262	gene	AP012548.1_290,CP001487.1_4069,CP142614.1_6
contig_2530	4024644	4024778	intergenic	.	CP142614.1_2785
contig_2530	4433946	4434210	intergenic	.	AP012548.1_3849,CP001429.2_3141,CP142614.1_2833,CP142614.1_3572,CP142614.1_3573,CP142623.1_2777
contig_2541	446221	446469	intergenic	.	AP012548.1_3100,CP001429.2_3137,CP001429.2_3138,CP001487.1_1228,CP142623.1_3522
contig_2541	1380733	1380889	intergenic	.	AP012548.1_3475,CP001429.2_3518,CP142614.1_3203,CP142623.1_3152
contig_2541	1667854	1667954	1720053	mRNA	CP142614.1_3564
contig_2541	1667854	1667954	1720088	gene	CP142614.1_3564
contig_2541	1966351	1966528	intergenic	.	AP012548.1_3446,AP012548.1_3447,CP142614.1_3174,CP142614.1_3175,CP142623.1_3179,CP142623.1_3180
contig_2541	2652364	2652527	2652482	CDS	CP142614.1_2869,CP142623.1_3482
contig_2541	2652364	2652527	2652482	exon	CP142614.1_2869,CP142623.1_3482
contig_2541	2652364	2652527	2653799	gene	CP142614.1_2869,CP142623.1_3482
contig_2541	2652364	2652527	2653799	mRNA	CP142614.1_2869,CP142623.1_3482
contig_2541	2677866	2677953	intergenic	.	CP003000.1_1826
contig_2541	5802568	5802748	5813792	mRNA	AP012548.1_1152,AP012548.1_1153,CP001429.2_1142,CP001487.1_3213,CP142614.1_871,CP142614.1_872,CP142623.1_1259
contig_2541	5802568	5802748	5814001	gene	AP012548.1_1152,AP012548.1_1153,CP001429.2_1142,CP001487.1_3213,CP142614.1_871,CP142614.1_872,CP142623.1_1259
contig_2541	5974251	5974338	5979768	gene	AP012548.1_725,CP001429.2_741,CP001487.1_3622,CP142614.1_443,CP142623.1_1689
contig_2541	5974251	5974338	5979768	mRNA	AP012548.1_725,CP001429.2_741,CP001487.1_3622,CP142614.1_443,CP142623.1_1689
contig_2541	6848630	6848818	6877167	mRNA	AP012548.1_3670,CP001487.1_662,CP142614.1_3392,CP142614.1_3393,CP142623.1_2956
contig_2541	6848630	6848818	6877233	gene	AP012548.1_3670,CP001487.1_662,CP142614.1_3392,CP142614.1_3393,CP142623.1_2956
contig_2541	7685015	7685094	7742244	gene	CP142623.1_3635
contig_2541	7685015	7685094	7742244	mRNA	CP142623.1_3635
contig_2541	8073925	8074135	intergenic	.	AP012548.1_2422,AP012548.1_2423,CP142614.1_2141,CP142623.1_4199,CP142623.1_4200
contig_2541	8195691	8196006	intergenic	.	AP012548.1_1157,AP012548.1_1158,AP012548.1_1159,CP001487.1_3206,CP001487.1_3207,CP142614.1_876,CP142614.1_877,CP142614.1_878,CP142623.1_1253,CP142623.1_1254
contig_2541	8418160	8418306	intergenic	.	CP142614.1_3658
contig_2541	8957144	8957283	intergenic	.	CP001487.1_1577,CP142623.1_3873
contig_2541	9387704	9387836	intergenic	.	AP012548.1_844,AP012548.1_845,CP001429.2_852,CP001487.1_3503,CP003000.1_1699,CP142614.1_562,CP142614.1_563,CP142623.1_1569
contig_2541	9388087	9388247	intergenic	.	AP012548.1_3788,CP001429.2_966
contig_2541	9435624	9435784	intergenic	.	CP001429.2_1124,CP001487.1_3231,CP142614.1_853,CP142623.1_1277
contig_2541	9488722	9489061	intergenic	.	AP012548.1_3196,CP001487.1_1131,CP142614.1_2924,CP142614.1_2925,CP142623.1_3423,CP142623.1_3424,CP142623.1_3425
contig_2541	9720007	9720343	9741364	mRNA	AP012548.1_3512,AP012548.1_60,CP142614.1_3241,CP142614.1_4000,CP142623.1_2350,CP142623.1_3114
contig_2541	9720007	9720343	9741494	gene	AP012548.1_3512,AP012548.1_60,CP142614.1_3241,CP142614.1_4000,CP142623.1_2350,CP142623.1_3114
contig_2544	334078	334426	intergenic	.	AP012548.1_2516,CP001429.2_2532,CP001487.1_1852,CP142614.1_2234,CP142623.1_1610,CP142623.1_4106
contig_2544	1119162	1119326	intergenic	.	CP001487.1_301,CP142614.1_3753
contig_2544	1361559	1361668	intergenic	.	AP012548.1_984
contig_2544	1646198	1646506	1657695	mRNA	AP012548.1_3946,AP012548.1_3947,CP001429.2_3986,CP142614.1_3670,CP142614.1_3671,CP142623.1_113,CP142623.1_2679,CP142623.1_2680
contig_2544	1646198	1646506	1657734	gene	AP012548.1_3946,AP012548.1_3947,CP001429.2_3986,CP142614.1_3670,CP142614.1_3671,CP142623.1_113,CP142623.1_2679,CP142623.1_2680
contig_2544	1836525	1836713	intergenic	.	AP012548.1_2820,CP001429.2_2853,CP001487.1_1505,CP142614.1_2549
contig_2544	2021817	2021948	intergenic	.	AP012548.1_1144,AP012548.1_1145,CP001429.2_1133,CP001487.1_3221,CP003000.1_1438,CP142614.1_863,CP142614.1_864,CP142623.1_1267
contig_2544	2021817	2022064	2021951	start_codon	AP012548.1_1144,AP012548.1_1145,CP001429.2_1133,CP001487.1_3221,CP003000.1_1438,CP142614.1_863,CP142614.1_864,CP142623.1_1267
contig_2544	2021817	2022064	2021996	CDS	AP012548.1_1144,AP012548.1_1145,CP001429.2_1133,CP001487.1_3221,CP003000.1_1438,CP142614.1_863,CP142614.1_864,CP142623.1_1267
contig_2544	2021817	2022064	2021996	exon	AP012548.1_1144,AP012548.1_1145,CP001429.2_1133,CP001487.1_3221,CP003000.1_1438,CP142614.1_863,CP142614.1_864,CP142623.1_1267
contig_2544	2021817	2022064	2024262	mRNA	AP012548.1_1144,AP012548.1_1145,CP001429.2_1133,CP001487.1_3221,CP003000.1_1438,CP142614.1_863,CP142614.1_864,CP142623.1_1267
contig_2544	2021817	2022064	2024272	gene	AP012548.1_1144,AP012548.1_1145,CP001429.2_1133,CP001487.1_3221,CP003000.1_1438,CP142614.1_863,CP142614.1_864,CP142623.1_1267
contig_2544	2237680	2238005	intergenic	.	AP012548.1_556,AP012548.1_557,AP012548.1_558,CP142614.1_274,CP142614.1_275,CP142623.1_1856,CP142623.1_1857
contig_2544	2363384	2363494	intergenic	.	AP012548.1_954,CP001487.1_3411,CP142614.1_673,CP142623.1_1458
contig_2544	2507410	2507520	intergenic	.	CP142623.1_522
contig_2544	2598102	2598310	intergenic	.	AP012548.1_1799,CP001487.1_2565,CP142614.1_1515
contig_2544	2800820	2800924	2841682	gene	CP001487.1_2097
contig_2544	2800820	2800924	2841682	mRNA	CP001487.1_2097
contig_2544	3340938	3341327	3341242	CDS	AP012548.1_444,AP012548.1_445,AP012548.1_520,CP003000.1_391,CP142614.1_163,CP142614.1_238,CP142623.1_1888,CP142623.1_1963,CP142623.1_1964
contig_2544	3340938	3341327	3341242	exon	AP012548.1_444,AP012548.1_445,AP012548.1_520,CP003000.1_391,CP142614.1_163,CP142614.1_238,CP142623.1_1888,CP142623.1_1963,CP142623.1_1964
contig_2544	3340938	3341327	3341242	gene	AP012548.1_444,AP012548.1_445,AP012548.1_520,CP003000.1_391,CP142614.1_163,CP142614.1_238,CP142623.1_1888,CP142623.1_1963,CP142623.1_1964
contig_2544	3340938	3341327	3341242	mRNA	AP012548.1_444,AP012548.1_445,AP012548.1_520,CP003000.1_391,CP142614.1_163,CP142614.1_238,CP142623.1_1888,CP142623.1_1963,CP142623.1_1964
contig_2544	3340938	3341327	3341242	start_codon	AP012548.1_444,AP012548.1_445,AP012548.1_520,CP003000.1_391,CP142614.1_163,CP142614.1_238,CP142623.1_1888,CP142623.1_1963,CP142623.1_1964
contig_2544	3341242	3341327	intergenic	.	AP012548.1_444,AP012548.1_445,AP012548.1_520,CP003000.1_391,CP142614.1_163,CP142614.1_238,CP142623.1_1888,CP142623.1_1963,CP142623.1_1964
contig_2544	3602836	3602916	3612031	gene	AP012548.1_615,CP142614.1_332,CP142623.1_1799
contig_2544	4723219	4723696	4731926	mRNA	AP012548.1_1952,AP012548.1_799,CP001487.1_2413,CP001487.1_3548,CP142614.1_1668,CP142614.1_517,CP142623.1_1615
contig_2544	4723219	4723696	4732480	gene	AP012548.1_1952,AP012548.1_799,CP001487.1_2413,CP001487.1_3548,CP142614.1_1668,CP142614.1_517,CP142623.1_1615
contig_274	52432	52877	intergenic	.	AP012548.1_3565,AP012548.1_3566,AP012548.1_3567,CP142614.1_3294,CP142614.1_3296,CP142623.1_3059,CP142623.1_3060,CP142623.1_3061
contig_274	291025	291123	intergenic	.	AP012548.1_2681,CP142614.1_2400,CP142623.1_3941
contig_274	417684	417988	421303	gene	AP012548.1_4117,CP001429.2_4163,CP001487.1_210,CP001487.1_211,CP003000.1_3825,CP142614.1_3840,CP142614.1_3841,CP142623.1_2509,CP142623.1_2510
contig_274	417684	417988	421303	mRNA	AP012548.1_4117,CP001429.2_4163,CP001487.1_210,CP001487.1_211,CP003000.1_3825,CP142614.1_3840,CP142614.1_3841,CP142623.1_2509,CP142623.1_2510
contig_274	601372	601551	intergenic	.	CP142614.1_1307,CP142623.1_821
contig_274	1052135	1052285	intergenic	.	CP001429.2_2072,CP003000.1_602,CP142614.1_1781
contig_274	2246136	2246226	intergenic	.	AP012548.1_1982,CP142614.1_1698,CP142623.1_430
contig_274	2765156	2765484	intergenic	.	AP012548.1_1105,AP012548.1_1106,CP142614.1_824,CP142614.1_825,CP142623.1_1305,CP142623.1_1306,CP142623.1_1307
contig_274	2899825	2899944	intergenic	.	AP012548.1_2166,CP142614.1_1883
contig_274	3229859	3229952	3381840	mRNA	AP012548.1_1552
contig_274	3229859	3229952	3382117	gene	AP012548.1_1552
contig_274	3230297	3230432	3381840	mRNA	CP142623.1_2040
contig_274	3230297	3230432	3382117	gene	CP142623.1_2040
contig_274	3317227	3317404	3381840	mRNA	AP012548.1_1161,CP001487.1_3204,CP003000.1_1421,CP142614.1_880,CP142623.1_1251
contig_274	3317227	3317404	3382117	gene	AP012548.1_1161,CP001487.1_3204,CP003000.1_1421,CP142614.1_880,CP142623.1_1251
contig_274	3552647	3552835	3592521	mRNA	AP012548.1_2445,AP012548.1_2446,CP003000.1_2200,CP142614.1_2164,CP142623.1_4176
contig_274	3552647	3552835	3593440	gene	AP012548.1_2445,AP012548.1_2446,CP003000.1_2200,CP142614.1_2164,CP142623.1_4176
contig_2780	287043	287332	intergenic	.	AP012548.1_1103,AP012548.1_3792,CP001487.1_3262,CP142614.1_3515,CP142614.1_822,CP142623.1_1309,CP142623.1_2834
contig_2780	513621	514127	intergenic	.	AP012548.1_3220,CP001429.2_846,CP001487.1_3510,CP142614.1_2948,CP142623.1_1575,CP142623.1_1576,CP142623.1_3400
contig_2780	523986	524124	intergenic	.	CP142614.1_3211
contig_2780	770455	770613	intergenic	.	AP012548.1_973,CP142614.1_692,CP142623.1_1439
contig_2792	570822	571004	intergenic	.	AP012548.1_3662,AP012548.1_3663,CP142623.1_2963,CP142623.1_2964,CP142623.1_2965
contig_2835	301394	301633	intergenic	.	AP012548.1_1505,AP012548.1_1506,CP142614.1_1222,CP142614.1_1223,CP142623.1_905,CP142623.1_906
contig_2835	359429	359539	intergenic	.	AP012548.1_1255,CP003000.1_1327,CP142623.1_1156
contig_2835	380431	380604	intergenic	.	AP012548.1_3500,AP012548.1_3501,CP001487.1_831,CP142614.1_3229,CP142623.1_3126
contig_2835	2984302	2984472	intergenic	.	AP012548.1_97,CP001487.1_15,CP142614.1_4036,CP142614.1_4037,CP142623.1_2313
contig_2835	3420566	3420837	3427372	mRNA	AP012548.1_1436,AP012548.1_836,CP142614.1_1153,CP142614.1_554,CP142623.1_1578,CP142623.1_975,CP142623.1_976
contig_2835	3420566	3420837	3427584	gene	AP012548.1_1436,AP012548.1_836,CP142614.1_1153,CP142614.1_554,CP142623.1_1578,CP142623.1_975,CP142623.1_976
contig_2835	3421059	3421277	3427372	mRNA	AP012548.1_3752,AP012548.1_836,CP001487.1_580,CP142614.1_3475,CP142623.1_1578,CP142623.1_2874
contig_2835	3421059	3421277	3427584	gene	AP012548.1_3752,AP012548.1_836,CP001487.1_580,CP142614.1_3475,CP142623.1_1578,CP142623.1_2874
contig_2856	399467	399627	intergenic	.	AP012548.1_3532,AP012548.1_3533,CP142614.1_3261,CP142623.1_3094
contig_2856	447261	447480	461681	mRNA	AP012548.1_2951,CP001429.2_2987,CP003000.1_2728,CP142614.1_2679,CP142614.1_2680,CP142623.1_3673
contig_2856	447261	447480	461988	gene	AP012548.1_2951,CP001429.2_2987,CP003000.1_2728,CP142614.1_2679,CP142614.1_2680,CP142623.1_3673
contig_2856	1246039	1246346	intergenic	.	AP012548.1_3451,AP012548.1_3452,CP001487.1_878,CP142614.1_3179,CP142614.1_3180,CP142623.1_3174,CP142623.1_3175
contig_2856	1306356	1306445	intergenic	.	CP001487.1_1139
contig_2856	1747150	1747340	intergenic	.	CP142614.1_1323,CP142614.1_1324
contig_2856	1943614	1943704	1975399	gene	AP012548.1_1720,CP142623.1_693
contig_2856	1943614	1943704	1975399	mRNA	AP012548.1_1720,CP142623.1_693
contig_2856	2097342	2097545	intergenic	.	AP012548.1_3582,CP142614.1_3310,CP142623.1_3044,CP142623.1_3045
contig_2856	2296421	2296602	intergenic	.	AP012548.1_3408,CP142623.1_3216
contig_2856	2304255	2304444	intergenic	.	AP012548.1_2172,CP001429.2_2180,CP001487.1_2194,CP003000.1_495,CP142614.1_1889,CP142623.1_240
contig_2856	2435038	2435227	intergenic	.	CP001429.2_1330,CP001487.1_3041,CP142614.1_1041,CP142623.1_1088
contig_2856	2675824	2675997	intergenic	.	AP012548.1_2141,CP142614.1_1857,CP142623.1_271
contig_2856	2688199	2688326	intergenic	.	AP012548.1_3445,CP142614.1_3173,CP142623.1_3181
contig_2856	3035253	3035542	3086673	gene	AP012548.1_1654,CP003000.1_996,CP142614.1_1370,CP142614.1_1371,CP142614.1_3899,CP142623.1_2451,CP142623.1_758
contig_2856	3035253	3035542	3086673	mRNA	AP012548.1_1654,CP003000.1_996,CP142614.1_1370,CP142614.1_1371,CP142614.1_3899,CP142623.1_2451,CP142623.1_758
contig_2856	3171887	3172080	intergenic	.	AP012548.1_709,CP142614.1_427,CP142623.1_1704,CP142623.1_1705
contig_2856	3543085	3543271	intergenic	.	AP012548.1_493,CP001487.1_3859,CP142614.1_211,CP142614.1_2385,CP142623.1_1915,CP142623.1_3956
contig_2856	3640052	3640213	3791130	mRNA	AP012548.1_1122,CP001487.1_3243,CP003000.1_1460,CP142623.1_1290
contig_2856	3640052	3640213	3791263	gene	AP012548.1_1122,CP001487.1_3243,CP003000.1_1460,CP142623.1_1290
contig_2856	4037101	4037191	4049052	gene	CP001487.1_2115
contig_2856	4037101	4037191	4049052	mRNA	CP001487.1_2115
contig_2856	4188993	4189207	intergenic	.	AP012548.1_3072,AP012548.1_3073,CP001429.2_3110,CP001487.1_1255,CP142614.1_2801,CP142623.1_3549
contig_2856	4215490	4216148	intergenic	.	AP012548.1_126,AP012548.1_2282,CP001487.1_2085,CP001487.1_2086,CP142614.1_1999,CP142614.1_3553,CP142623.1_129,CP142623.1_130
contig_2856	4364389	4364570	intergenic	.	AP012548.1_2235,CP001429.2_2248,CP142614.1_1952,CP142623.1_177
contig_2856	4389227	4389372	intergenic	.	AP012548.1_1591,CP003000.1_1051,CP142614.1_1308,CP142623.1_820
contig_2856	4507725	4508316	intergenic	.	AP012548.1_2170,AP012548.1_3341,CP001429.2_2177,CP001487.1_2195,CP001487.1_2197,CP001487.1_989,CP142614.1_1887,CP142614.1_3072,CP142623.1_241,CP142623.1_242,CP142623.1_243,CP142623.1_3283
contig_2856	4706118	4706219	intergenic	.	CP001429.2_1943
contig_2856	4736379	4736662	intergenic	.	AP012548.1_1574,AP012548.1_1575,CP142614.1_1291,CP142623.1_837,CP142623.1_838
contig_2856	4788531	4788771	intergenic	.	AP012548.1_3052,AP012548.1_3377,CP142623.1_3247
contig_2856	4939675	4939767	intergenic	.	AP012548.1_649,CP142623.1_1765
contig_2856	5156933	5157099	intergenic	.	AP012548.1_38,CP142614.1_3978,CP142623.1_2372
contig_2888	441531	441713	intergenic	.	AP012548.1_1483,AP012548.1_1484,CP142614.1_1200,CP142614.1_1201,CP142623.1_927,CP142623.1_928
contig_2888	540713	540927	intergenic	.	AP012548.1_4189,CP142614.1_3913,CP142623.1_2437
contig_2888	635897	636026	649001	mRNA	AP012548.1_804,CP001487.1_3543,CP142614.1_522
contig_2888	635897	636026	649024	gene	AP012548.1_804,CP001487.1_3543,CP142614.1_522
contig_2888	718601	718755	intergenic	.	CP001487.1_4031,CP142614.1_45,CP142623.1_2080
contig_2888	859403	859521	intergenic	.	AP012548.1_1389,CP003000.1_1195,CP142614.1_1106,CP142614.1_1107,CP142623.1_1022
contig_2888	1377186	1377386	intergenic	.	CP142614.1_4211,CP142623.1_2137
contig_2888	2009682	2010023	intergenic	.	AP012548.1_1491,CP142614.1_1207,CP142614.1_1208,CP142614.1_1209,CP142623.1_920,CP142623.1_921
contig_2888	2575623	2575852	intergenic	.	AP012548.1_3331,CP001487.1_999,CP142614.1_3061,CP142623.1_3293
contig_2888	3156387	3156942	intergenic	.	AP012548.1_2561,AP012548.1_2562,AP012548.1_2602,AP012548.1_3955,AP012548.1_3956,CP001487.1_1722,CP001487.1_1786,CP142614.1_2279,CP142614.1_2280,CP142614.1_2321,CP142614.1_3678,CP142614.1_3680,CP142623.1_2670,CP142623.1_2671,CP142623.1_4020,CP142623.1_4061,CP142623.1_4062
contig_2888	3253451	3253636	intergenic	.	AP012548.1_3614,AP012548.1_3615
contig_2888	3801100	3801216	intergenic	.	AP012548.1_251,CP001429.2_254,CP142614.1_4191,CP142623.1_2158,CP142623.1_2159
contig_2888	4046833	4047102	intergenic	.	AP012548.1_1378,AP012548.1_1379,CP001487.1_2986,CP142614.1_1096,CP142623.1_1032,CP142623.1_1033
contig_2888	4293741	4293891	intergenic	.	AP012548.1_1714,CP142614.1_1430,CP142623.1_699
contig_2888	4556370	4556457	intergenic	.	AP012548.1_3314
contig_2888	4785761	4785909	intergenic	.	AP012548.1_2283,CP001429.2_2297,CP001487.1_2083,CP142614.1_2000,CP142614.1_2001,CP142623.1_128,CP142623.1_129
contig_2888	4786205	4786380	intergenic	.	AP012548.1_2434,AP012548.1_2435,CP142614.1_2153,CP142623.1_4188
contig_2888	4870905	4871105	4874813	mRNA	AP012548.1_2997,CP142614.1_2726,CP142623.1_3626
contig_2888	4870905	4871105	4875414	gene	AP012548.1_2997,CP142614.1_2726,CP142623.1_3626
contig_2888	6622989	6623136	intergenic	.	AP012548.1_2679,CP001429.2_2713,CP001487.1_1645,CP142614.1_2398,CP142623.1_3943
contig_2968	853300	853494	intergenic	.	AP012548.1_1397,CP001487.1_2968,CP142614.1_1114,CP142614.1_1115,CP142623.1_1014
contig_2968	1879345	1879429	1960910	gene	CP001429.2_2481
contig_2968	1879345	1879429	1960910	mRNA	CP001429.2_2481
contig_2968	1935454	1935570	1960910	gene	AP012548.1_3358,CP142623.1_3266
contig_2968	1935454	1935570	1960910	mRNA	AP012548.1_3358,CP142623.1_3266
contig_2968	2270896	2271156	intergenic	.	AP012548.1_2206,CP001487.1_3209,CP142614.1_1923,CP142623.1_206
contig_2968	2466084	2466209	intergenic	.	AP012548.1_939,CP142623.1_1473
contig_2968	2766880	2767236	intergenic	.	AP012548.1_629,AP012548.1_630,CP001487.1_3715,CP003000.1_1868,CP142614.1_347,CP142623.1_1783,CP142623.1_1784
contig_2968	2807777	2807856	intergenic	.	CP003000.1_2982,CP142614.1_2938
contig_2968	2864474	2864567	2903516	gene	AP012548.1_123
contig_2968	2864474	2864567	2903516	mRNA	AP012548.1_123
contig_2968	3328642	3328799	3332732	mRNA	AP012548.1_347,CP001487.1_4012
contig_2968	3328642	3328799	3332765	gene	AP012548.1_347,CP001487.1_4012
contig_2968	3793052	3793207	3846760	mRNA	AP012548.1_3158,CP001487.1_1170,CP003000.1_2933
contig_2968	3793052	3793207	3846960	gene	AP012548.1_3158,CP001487.1_1170,CP003000.1_2933
contig_2968	3793559	3793645	3846760	mRNA	AP012548.1_3159,CP001487.1_1169,CP142614.1_2887,CP142614.1_2888,CP142623.1_3461
contig_2968	3793559	3793645	3846960	gene	AP012548.1_3159,CP001487.1_1169,CP142614.1_2887,CP142614.1_2888,CP142623.1_3461
contig_2968	3892825	3893129	3944070	mRNA	AP012548.1_2171,CP001487.1_2193,CP142614.1_1888
contig_2968	3892825	3893129	3944503	gene	AP012548.1_2171,CP001487.1_2193,CP142614.1_1888
contig_2968	4689084	4689341	intergenic	.	AP012548.1_3888,CP142614.1_3611,CP142614.1_3612,CP142623.1_2738
contig_3126	353351	353518	intergenic	.	AP012548.1_1726,CP142614.1_1442,CP142614.1_1443,CP142623.1_686
contig_3126	607349	607548	intergenic	.	AP012548.1_3810,AP012548.1_3811,CP142614.1_3534,CP142623.1_2816
contig_3126	1009976	1010215	intergenic	.	AP012548.1_1532,AP012548.1_1533,CP001429.2_1540,CP142614.1_1249,CP142623.1_879
contig_3126	1526689	1526777	intergenic	.	CP001487.1_244,CP142614.1_3810
contig_3126	2099335	2099434	intergenic	.	CP142614.1_2418,CP142623.1_3922
contig_3126	2192235	2192424	intergenic	.	AP012548.1_436,AP012548.1_437,AP012548.1_438,CP001487.1_3913,CP003000.1_384,CP142614.1_154,CP142614.1_155,CP142614.1_156,CP142614.1_157,CP142623.1_1970,CP142623.1_1971,CP142623.1_1972
contig_3126	2192235	2192677	2192430	polyA_signal_sequence	AP012548.1_436,AP012548.1_437,AP012548.1_438,CP001487.1_3913,CP003000.1_384,CP142614.1_154,CP142614.1_155,CP142614.1_156,CP142614.1_157,CP142623.1_1970,CP142623.1_1971,CP142623.1_1972
contig_3126	2192235	2192677	2192445	stop_codon	AP012548.1_436,AP012548.1_437,AP012548.1_438,CP001487.1_3913,CP003000.1_384,CP142614.1_154,CP142614.1_155,CP142614.1_156,CP142614.1_157,CP142623.1_1970,CP142623.1_1971,CP142623.1_1972
contig_3126	2192235	2192677	2192739	CDS	AP012548.1_436,AP012548.1_437,AP012548.1_438,CP001487.1_3913,CP003000.1_384,CP142614.1_154,CP142614.1_155,CP142614.1_156,CP142614.1_157,CP142623.1_1970,CP142623.1_1971,CP142623.1_1972
contig_3126	2192235	2192677	2192739	exon	AP012548.1_436,AP012548.1_437,AP012548.1_438,CP001487.1_3913,CP003000.1_384,CP142614.1_154,CP142614.1_155,CP142614.1_156,CP142614.1_157,CP142623.1_1970,CP142623.1_1971,CP142623.1_1972
contig_3126	2192235	2192677	2192739	gene	AP012548.1_436,AP012548.1_437,AP012548.1_438,CP001487.1_3913,CP003000.1_384,CP142614.1_154,CP142614.1_155,CP142614.1_156,CP142614.1_157,CP142623.1_1970,CP142623.1_1971,CP142623.1_1972
contig_3126	2192235	2192677	2192739	mRNA	AP012548.1_436,AP012548.1_437,AP012548.1_438,CP001487.1_3913,CP003000.1_384,CP142614.1_154,CP142614.1_155,CP142614.1_156,CP142614.1_157,CP142623.1_1970,CP142623.1_1971,CP142623.1_1972
contig_3126	2654581	2654844	intergenic	.	AP012548.1_2793,CP001429.2_2825,CP001487.1_1533,CP003000.1_2582,CP142614.1_2512,CP142623.1_3829
contig_3126	2902162	2902292	intergenic	.	AP012548.1_3553,CP003000.1_3319,CP142614.1_3281,CP142614.1_3282,CP142623.1_3073,CP142623.1_3074
contig_3126	3496673	3496797	3516688	gene	AP012548.1_183,CP142614.1_4123,CP142623.1_2227,CP142623.1_2228
contig_3126	3496673	3496797	3516688	mRNA	AP012548.1_183,CP142614.1_4123,CP142623.1_2227,CP142623.1_2228
contig_3127	307564	307697	intergenic	.	AP012548.1_3295,CP001487.1_1035,CP003000.1_3057,CP142614.1_3024
contig_3127	756969	757113	784023	gene	CP142614.1_3054,CP142623.1_3300
contig_3127	756969	757113	784023	mRNA	CP142614.1_3054,CP142623.1_3300
contig_3127	870497	870792	901069	gene	AP012548.1_1265,AP012548.1_1266,CP142614.1_983,CP142623.1_1145,CP142623.1_1146
contig_3127	870497	870792	901069	mRNA	AP012548.1_1265,AP012548.1_1266,CP142614.1_983,CP142623.1_1145,CP142623.1_1146
contig_3127	1192525	1192800	1223244	mRNA	AP012548.1_2026,AP012548.1_2027,CP001429.2_2034,CP142614.1_1741,CP142614.1_1743,CP142623.1_386,CP142623.1_387
contig_3127	1192525	1192800	1223261	gene	AP012548.1_2026,AP012548.1_2027,CP001429.2_2034,CP142614.1_1741,CP142614.1_1743,CP142623.1_386,CP142623.1_387
contig_3127	1408896	1408988	1520899	gene	CP142614.1_4133,CP142623.1_2217
contig_3127	1408896	1408988	1520899	mRNA	CP142614.1_4133,CP142623.1_2217
contig_3127	2093810	2094057	intergenic	.	AP012548.1_869,AP012548.1_870,CP142614.1_587,CP142623.1_1544
contig_3127	2226254	2226340	intergenic	.	CP001487.1_3607,CP142614.1_458
contig_3127	2824038	2824224	2850161	gene	AP012548.1_108,AP012548.1_339,CP001487.1_4,CP142614.1_4048,CP142614.1_56,CP142623.1_2070,CP142623.1_2302
contig_3127	2824038	2824224	2850161	mRNA	AP012548.1_108,AP012548.1_339,CP001487.1_4,CP142614.1_4048,CP142614.1_56,CP142623.1_2070,CP142623.1_2302
contig_3127	2918806	2918944	intergenic	.	AP012548.1_3175,CP142614.1_2904,CP142623.1_3445
contig_3127	4664799	4664962	intergenic	.	CP142614.1_3600,CP142623.1_2749
contig_3127	5723462	5723638	intergenic	.	AP012548.1_1748,CP001487.1_2617,CP142623.1_665
contig_3147	108262	108344	intergenic	.	CP001487.1_1056,CP142614.1_3004
contig_3147	426400	426550	intergenic	.	AP012548.1_1590
contig_3147	469405	469646	intergenic	.	AP012548.1_248,CP142623.1_2163
contig_3147	879099	879383	intergenic	.	AP012548.1_1559,CP142614.1_1274,CP142614.1_1275,CP142614.1_1276,CP142623.1_852,CP142623.1_853,CP142623.1_854
contig_3147	925944	926051	947656	gene	CP142614.1_1924,CP142623.1_204
contig_3147	925944	926051	947656	mRNA	CP142614.1_1924,CP142623.1_204
contig_3147	1349664	1350050	intergenic	.	AP012548.1_1664,AP012548.1_65,CP142614.1_1379,CP142614.1_1380,CP142614.1_4005,CP142623.1_2345,CP142623.1_749
contig_3147	1970686	1970837	intergenic	.	CP001487.1_4173,CP142623.1_2225
contig_3147	2942226	2942398	intergenic	.	AP012548.1_1957,CP142614.1_1673
contig_3147	3528308	3528485	3528475	CDS	AP012548.1_1666,CP001429.2_1673,CP001487.1_2699,CP142614.1_1382,CP142623.1_747
contig_3147	3528308	3528485	3528475	exon	AP012548.1_1666,CP001429.2_1673,CP001487.1_2699,CP142614.1_1382,CP142623.1_747
contig_3147	3528308	3528485	3548151	gene	AP012548.1_1666,CP001429.2_1673,CP001487.1_2699,CP142614.1_1382,CP142623.1_747
contig_3147	3528308	3528485	3548151	mRNA	AP012548.1_1666,CP001429.2_1673,CP001487.1_2699,CP142614.1_1382,CP142623.1_747
contig_3147	3534778	3534860	3548151	gene	CP142623.1_1862
contig_3147	3534778	3534860	3548151	mRNA	CP142623.1_1862
contig_3147	3737553	3737736	3740574	gene	AP012548.1_1191,CP001487.1_3173,CP142614.1_908,CP142614.1_909,CP142623.1_1220
contig_3147	3737553	3737736	3740574	mRNA	AP012548.1_1191,CP001487.1_3173,CP142614.1_908,CP142614.1_909,CP142623.1_1220
contig_3147	3795078	3795298	3812735	mRNA	AP012548.1_2332,CP001429.2_2346,CP001487.1_2034,CP142614.1_2050,CP142623.1_80
contig_3147	3795078	3795298	3812913	gene	AP012548.1_2332,CP001429.2_2346,CP001487.1_2034,CP142614.1_2050,CP142623.1_80
contig_3147	3829487	3829580	intergenic	.	AP012548.1_936,CP142614.1_654,CP142623.1_1477
contig_3147	4219346	4219439	intergenic	.	AP012548.1_1032,CP142614.1_751,CP142623.1_1380
contig_3147	5089529	5089534	intergenic	.	AP012548.1_2791,AP012548.1_2792,CP142614.1_2511,CP142623.1_3830
contig_3147	5089529	5089748	5089537	start_codon	AP012548.1_2791,AP012548.1_2792,CP142614.1_2511,CP142623.1_3830
contig_3147	5089529	5089748	5089756	CDS	AP012548.1_2791,AP012548.1_2792,CP142614.1_2511,CP142623.1_3830
contig_3147	5089529	5089748	5089756	exon	AP012548.1_2791,AP012548.1_2792,CP142614.1_2511,CP142623.1_3830
contig_3147	5089529	5089748	5089756	mRNA	AP012548.1_2791,AP012548.1_2792,CP142614.1_2511,CP142623.1_3830
contig_3147	5089529	5089748	5090091	gene	AP012548.1_2791,AP012548.1_2792,CP142614.1_2511,CP142623.1_3830
contig_3254	148500	148679	164797	gene	AP012548.1_968,CP142614.1_686,CP142623.1_1445
contig_3254	148500	148679	164797	mRNA	AP012548.1_968,CP142614.1_686,CP142623.1_1445
contig_3254	482926	483383	intergenic	.	AP012548.1_3314,AP012548.1_3467,AP012548.1_3468,CP001487.1_864,CP142614.1_3195,CP142614.1_3196,CP142623.1_3159,CP142623.1_3160
contig_3254	1053245	1053370	intergenic	.	AP012548.1_3068,CP001487.1_1259,CP142614.1_2797,CP142623.1_3553
contig_3254	1566004	1566414	1621940	gene	AP012548.1_1023,AP012548.1_1024,CP001487.1_3341,CP142614.1_3467,CP142614.1_741,CP142614.1_742,CP142614.1_743,CP142623.1_1388,CP142623.1_1389,CP142623.1_2881
contig_3254	1566004	1566414	1621940	mRNA	AP012548.1_1023,AP012548.1_1024,CP001487.1_3341,CP142614.1_3467,CP142614.1_741,CP142614.1_742,CP142614.1_743,CP142623.1_1388,CP142623.1_1389,CP142623.1_2881
contig_3254	2096324	2096480	intergenic	.	AP012548.1_655,CP142614.1_372,CP142623.1_1759
contig_3254	2704966	2705450	intergenic	.	AP012548.1_3505,AP012548.1_3902,CP001429.2_3941,CP003000.1_3269,CP142614.1_3234,CP142614.1_3626,CP142623.1_2724,CP142623.1_3121
contig_3254	2826127	2826294	2835480	mRNA	CP001429.2_1013,CP001487.1_3342,CP003000.1_1559
contig_3254	2826127	2826294	2835785	gene	CP001429.2_1013,CP001487.1_3342,CP003000.1_1559
contig_3254	2930548	2930646	2990736	mRNA	AP012548.1_3333,CP142623.1_3291
contig_3254	2930548	2930646	2990985	gene	AP012548.1_3333,CP142623.1_3291
contig_3254	3845151	3845423	intergenic	.	AP012548.1_2511,CP001487.1_1857,CP142614.1_2229,CP142623.1_4111,CP142623.1_4112
contig_3254	4144477	4144808	intergenic	.	AP012548.1_237,AP012548.1_2391,AP012548.1_2392,CP001429.2_2406,CP001487.1_1975,CP003000.1_2148,CP142614.1_2110,CP142623.1_20
contig_3254	4309659	4309739	intergenic	.	AP012548.1_972,CP142614.1_690,CP142623.1_1441
contig_3254	4347459	4347602	intergenic	.	AP012548.1_601,CP001487.1_3744,CP142614.1_318
contig_3254	4421899	4422035	intergenic	.	AP012548.1_714,CP142614.1_431,CP142614.1_432,CP142623.1_1700
contig_3254	5132641	5133002	5137523	gene	AP012548.1_3682,AP012548.1_3683,CP001487.1_650,CP142614.1_2857,CP142614.1_3405,CP142614.1_3406,CP142623.1_2943,CP142623.1_2944
contig_3254	5132641	5133002	5137523	mRNA	AP012548.1_3682,AP012548.1_3683,CP001487.1_650,CP142614.1_2857,CP142614.1_3405,CP142614.1_3406,CP142623.1_2943,CP142623.1_2944
contig_3254	5141821	5142302	intergenic	.	AP012548.1_3424,AP012548.1_82,CP001487.1_30,CP142614.1_4022,CP142623.1_2328,CP142623.1_2329,CP142623.1_3200
contig_3254	6527042	6527166	intergenic	.	AP012548.1_3191,CP142614.1_2919,CP142623.1_3430
contig_3254	7049117	7049246	7049564	gene	AP012548.1_2242,CP142614.1_1959,CP142623.1_170
contig_3254	7049117	7049246	7049564	mRNA	AP012548.1_2242,CP142614.1_1959,CP142623.1_170
contig_3254	7353484	7353706	7386053	gene	AP012548.1_3383,CP142614.1_3113,CP142623.1_3241
contig_3254	7353484	7353706	7386053	mRNA	AP012548.1_3383,CP142614.1_3113,CP142623.1_3241
contig_3256	670546	670696	intergenic	.	CP142614.1_3453
contig_3256	745134	745215	intergenic	.	AP012548.1_4175
contig_3256	1297209	1297781	intergenic	.	AP012548.1_1667,AP012548.1_3099,CP001429.2_3136,CP001487.1_2698,CP142614.1_1383,CP142614.1_2663,CP142623.1_3690,CP142623.1_746
contig_3303	1002088	1002211	intergenic	.	AP012548.1_934,CP142614.1_652,CP142623.1_1480
contig_3303	1230676	1231019	intergenic	.	AP012548.1_1917,CP001487.1_2448,CP142614.1_1632,CP142614.1_1633,CP142623.1_495,CP142623.1_496,CP142623.1_497
contig_3307	2088918	2089195	intergenic	.	AP012548.1_2117,AP012548.1_2118,AP012548.1_2119,CP001487.1_2247,CP001487.1_2248,CP003000.1_549,CP142614.1_1834,CP142614.1_1835,CP142614.1_1836,CP142623.1_293,CP142623.1_294
contig_3307	2139815	2140012	2189157	mRNA	AP012548.1_3771,CP142614.1_3494,CP142614.1_3705,CP142623.1_2855
contig_3307	2139815	2140012	2189167	gene	AP012548.1_3771,CP142614.1_3494,CP142614.1_3705,CP142623.1_2855
contig_3307	2530312	2530449	intergenic	.	AP012548.1_1891,CP142614.1_1607,CP142623.1_521
contig_3307	2687688	2687929	2722132	gene	AP012548.1_3739,CP142614.1_3461,CP142614.1_3462,CP142623.1_2887
contig_3307	2687688	2687929	2722132	mRNA	AP012548.1_3739,CP142614.1_3461,CP142614.1_3462,CP142623.1_2887
contig_3307	2750348	2750774	intergenic	.	CP142614.1_3182,CP142623.1_3171,CP142623.1_3173
contig_3307	2762259	2762693	2762534	CDS	AP012548.1_1399,AP012548.1_1400,AP012548.1_1401,CP001429.2_1406,CP001487.1_2964,CP001487.1_2965,CP003000.1_1185,CP142614.1_1117,CP142614.1_1118,CP142623.1_1010,CP142623.1_1011,CP142623.1_1012
contig_3307	2762259	2762693	2762534	exon	AP012548.1_1399,AP012548.1_1400,AP012548.1_1401,CP001429.2_1406,CP001487.1_2964,CP001487.1_2965,CP003000.1_1185,CP142614.1_1117,CP142614.1_1118,CP142623.1_1010,CP142623.1_1011,CP142623.1_1012
contig_3307	2762259	2762693	2762909	CDS	AP012548.1_1399,AP012548.1_1400,AP012548.1_1401,CP001429.2_1406,CP001487.1_2964,CP001487.1_2965,CP003000.1_1185,CP142614.1_1117,CP142614.1_1118,CP142623.1_1010,CP142623.1_1011,CP142623.1_1012
contig_3307	2762259	2762693	2762909	exon	AP012548.1_1399,AP012548.1_1400,AP012548.1_1401,CP001429.2_1406,CP001487.1_2964,CP001487.1_2965,CP003000.1_1185,CP142614.1_1117,CP142614.1_1118,CP142623.1_1010,CP142623.1_1011,CP142623.1_1012
contig_3307	2762259	2762693	2763228	gene	AP012548.1_1399,AP012548.1_1400,AP012548.1_1401,CP001429.2_1406,CP001487.1_2964,CP001487.1_2965,CP003000.1_1185,CP142614.1_1117,CP142614.1_1118,CP142623.1_1010,CP142623.1_1011,CP142623.1_1012
contig_3307	2762259	2762693	2763228	mRNA	AP012548.1_1399,AP012548.1_1400,AP012548.1_1401,CP001429.2_1406,CP001487.1_2964,CP001487.1_2965,CP003000.1_1185,CP142614.1_1117,CP142614.1_1118,CP142623.1_1010,CP142623.1_1011,CP142623.1_1012
contig_3307	2860128	2860249	intergenic	.	AP012548.1_532,CP142614.1_250,CP142614.1_251,CP142623.1_1880
contig_3307	2926137	2926323	intergenic	.	AP012548.1_1625,CP142614.1_1342
contig_3307	3141446	3141639	intergenic	.	AP012548.1_3198,CP001429.2_3235,CP142623.1_3422
contig_3307	3186451	3186903	intergenic	.	AP012548.1_1776,AP012548.1_2325,AP012548.1_3717,CP142614.1_1492,CP142614.1_3440,CP142623.1_2909,CP142623.1_636
contig_3307	3244128	3244323	intergenic	.	AP012548.1_2744,CP001429.2_2778,CP003000.1_2535,CP142614.1_2463,CP142623.1_3878
contig_3307	3451405	3451521	intergenic	.	AP012548.1_3309,CP142614.1_3038,CP142623.1_3316
contig_3307	3597459	3597702	intergenic	.	AP012548.1_2846,CP142614.1_2575,CP142614.1_3741
contig_3307	3919050	3919230	intergenic	.	AP012548.1_1757,AP012548.1_1758,CP001429.2_1765,CP142614.1_1473,CP142614.1_1474,CP142623.1_655,CP142623.1_656
contig_3307	4653398	4653517	intergenic	.	AP012548.1_1384,CP142614.1_1101,CP142623.1_1027
contig_3307	4951579	4951785	intergenic	.	AP012548.1_2518,CP001487.1_1850,CP142614.1_2236,CP142623.1_4104,CP142623.1_4105
contig_3309	1079373	1079452	intergenic	.	AP012548.1_1274,CP142623.1_1137
contig_3309	1799281	1799491	intergenic	.	AP012548.1_3855,AP012548.1_3856,CP142614.1_3579,CP142623.1_2770,CP142623.1_2771
contig_3309	2034306	2034413	intergenic	.	AP012548.1_3837,CP142614.1_3560,CP142623.1_2789
contig_3454	1322091	1322406	intergenic	.	AP012548.1_1875,CP142614.1_1591,CP142614.1_1592,CP142623.1_537
contig_3459	2195836	2196017	intergenic	.	AP012548.1_3791,CP142614.1_3514,CP142623.1_2835
contig_3459	2406656	2406979	intergenic	.	AP012548.1_1886,CP001429.2_1892,CP001429.2_1893,CP001429.2_1894,CP001487.1_2478,CP001487.1_2479,CP001487.1_2480,CP003000.1_766,CP003000.1_767,CP142614.1_1601,CP142614.1_1602,CP142623.1_526,CP142623.1_527
contig_3459	3885791	3885950	3890481	mRNA	AP012548.1_4045,CP001487.1_286,CP142614.1_3768,CP142623.1_2581
contig_3459	3885791	3885950	3890516	gene	AP012548.1_4045,CP001487.1_286,CP142614.1_3768,CP142623.1_2581
contig_3459	3961244	3961337	3961851	gene	AP012548.1_3652,CP001487.1_680,CP142614.1_3379,CP142614.1_3380,CP142623.1_2975
contig_3459	4194420	4194919	intergenic	.	AP012548.1_1002,AP012548.1_2813,AP012548.1_2814,CP001429.2_2848,CP001487.1_1511,CP001487.1_1512,CP003000.1_2602,CP003000.1_2603,CP142614.1_2542,CP142614.1_2543,CP142614.1_720,CP142623.1_1411,CP142623.1_3808,CP142623.1_3809
contig_3508_part1	34468	34601	intergenic	.	AP012548.1_2919
contig_356	402482	403025	intergenic	.	AP012548.1_3554,AP012548.1_3555,AP012548.1_3556,AP012548.1_3557,AP012548.1_842,AP012548.1_843,CP001429.2_3599,CP001429.2_3601,CP001487.1_774,CP001487.1_775,CP003000.1_3320,CP003000.1_3322,CP003000.1_3323,CP142614.1_3282,CP142614.1_3283,CP142614.1_3284,CP142614.1_3285,CP142614.1_3286,CP142614.1_559,CP142614.1_560,CP142614.1_561,CP142623.1_1571,CP142623.1_1572,CP142623.1_3069,CP142623.1_3070,CP142623.1_3071,CP142623.1_3073
contig_356	402482	403462	403031	polyA_signal_sequence	AP012548.1_3554,AP012548.1_3555,AP012548.1_3556,AP012548.1_3557,AP012548.1_842,AP012548.1_843,CP001429.2_3599,CP001429.2_3601,CP001487.1_774,CP001487.1_775,CP003000.1_3320,CP003000.1_3322,CP003000.1_3323,CP142614.1_3282,CP142614.1_3283,CP142614.1_3284,CP142614.1_3285,CP142614.1_3286,CP142614.1_559,CP142614.1_560,CP142614.1_561,CP142623.1_1571,CP142623.1_1572,CP142623.1_3069,CP142623.1_3070,CP142623.1_3071,CP142623.1_3073
contig_356	402482	403462	403071	stop_codon	AP012548.1_3554,AP012548.1_3555,AP012548.1_3556,AP012548.1_3557,AP012548.1_842,AP012548.1_843,CP001429.2_3599,CP001429.2_3601,CP001487.1_774,CP001487.1_775,CP003000.1_3320,CP003000.1_3322,CP003000.1_3323,CP142614.1_3282,CP142614.1_3283,CP142614.1_3284,CP142614.1_3285,CP142614.1_3286,CP142614.1_559,CP142614.1_560,CP142614.1_561,CP142623.1_1571,CP142623.1_1572,CP142623.1_3069,CP142623.1_3070,CP142623.1_3071,CP142623.1_3073
contig_356	402482	403462	403181	CDS	AP012548.1_3554,AP012548.1_3555,AP012548.1_3556,AP012548.1_3557,AP012548.1_842,AP012548.1_843,CP001429.2_3599,CP001429.2_3601,CP001487.1_774,CP001487.1_775,CP003000.1_3320,CP003000.1_3322,CP003000.1_3323,CP142614.1_3282,CP142614.1_3283,CP142614.1_3284,CP142614.1_3285,CP142614.1_3286,CP142614.1_559,CP142614.1_560,CP142614.1_561,CP142623.1_1571,CP142623.1_1572,CP142623.1_3069,CP142623.1_3070,CP142623.1_3071,CP142623.1_3073
contig_356	402482	403462	403181	exon	AP012548.1_3554,AP012548.1_3555,AP012548.1_3556,AP012548.1_3557,AP012548.1_842,AP012548.1_843,CP001429.2_3599,CP001429.2_3601,CP001487.1_774,CP001487.1_775,CP003000.1_3320,CP003000.1_3322,CP003000.1_3323,CP142614.1_3282,CP142614.1_3283,CP142614.1_3284,CP142614.1_3285,CP142614.1_3286,CP142614.1_559,CP142614.1_560,CP142614.1_561,CP142623.1_1571,CP142623.1_1572,CP142623.1_3069,CP142623.1_3070,CP142623.1_3071,CP142623.1_3073
contig_356	402482	403462	434252	gene	AP012548.1_3554,AP012548.1_3555,AP012548.1_3556,AP012548.1_3557,AP012548.1_842,AP012548.1_843,CP001429.2_3599,CP001429.2_3601,CP001487.1_774,CP001487.1_775,CP003000.1_3320,CP003000.1_3322,CP003000.1_3323,CP142614.1_3282,CP142614.1_3283,CP142614.1_3284,CP142614.1_3285,CP142614.1_3286,CP142614.1_559,CP142614.1_560,CP142614.1_561,CP142623.1_1571,CP142623.1_1572,CP142623.1_3069,CP142623.1_3070,CP142623.1_3071,CP142623.1_3073
contig_356	402482	403462	434252	mRNA	AP012548.1_3554,AP012548.1_3555,AP012548.1_3556,AP012548.1_3557,AP012548.1_842,AP012548.1_843,CP001429.2_3599,CP001429.2_3601,CP001487.1_774,CP001487.1_775,CP003000.1_3320,CP003000.1_3322,CP003000.1_3323,CP142614.1_3282,CP142614.1_3283,CP142614.1_3284,CP142614.1_3285,CP142614.1_3286,CP142614.1_559,CP142614.1_560,CP142614.1_561,CP142623.1_1571,CP142623.1_1572,CP142623.1_3069,CP142623.1_3070,CP142623.1_3071,CP142623.1_3073
contig_356	988538	988659	intergenic	.	AP012548.1_2076,CP001487.1_2290,CP142614.1_1792,CP142623.1_336
contig_356	1829527	1829727	1891750	gene	AP012548.1_1973,CP142614.1_1688,CP142614.1_1689,CP142623.1_440
contig_356	1829527	1829727	1891750	mRNA	AP012548.1_1973,CP142614.1_1688,CP142614.1_1689,CP142623.1_440
contig_356	3911498	3911768	intergenic	.	AP012548.1_1062,AP012548.1_1063,CP001429.2_1051,CP001487.1_3303,CP003000.1_1520,CP142614.1_781,CP142614.1_782,CP142623.1_1349,CP142623.1_1350
contig_356	4030564	4030672	intergenic	.	CP142614.1_513
contig_356	5738038	5738178	intergenic	.	CP003000.1_1902,CP142614.1_312,CP142623.1_1819
contig_356	5987705	5987840	intergenic	.	CP142614.1_828,CP142623.1_1302
contig_356	6611435	6611747	intergenic	.	AP012548.1_3722,AP012548.1_3723,CP142614.1_3445,CP142614.1_3446,CP142623.1_2903,CP142623.1_2904
contig_3640	701426	701515	intergenic	.	AP012548.1_1133,CP142614.1_852,CP142623.1_1278,CP142623.1_1279
contig_3644	646675	646816	intergenic	.	AP012548.1_959,AP012548.1_960,CP142614.1_678,CP142623.1_1453
contig_3644	1145634	1145910	intergenic	.	AP012548.1_1314,AP012548.1_2673,CP001487.1_1651,CP142614.1_1031,CP142614.1_1032,CP142614.1_2392,CP142623.1_1097,CP142623.1_3949
contig_3644	2159158	2159236	intergenic	.	CP142614.1_4182
contig_3644	4703576	4703653	intergenic	.	CP001487.1_1224
contig_3644	4782430	4782587	intergenic	.	AP012548.1_889,CP142614.1_606,CP142623.1_1525
contig_3644	4887185	4887384	intergenic	.	AP012548.1_4152,CP142614.1_3875,CP142614.1_3876,CP142623.1_2474,CP142623.1_2475
contig_3644	5042160	5042289	5088922	mRNA	CP142614.1_2528
contig_3644	5042160	5042289	5089171	gene	CP142614.1_2528
contig_3644	5746921	5747002	intergenic	.	CP142614.1_1483,CP142623.1_646
contig_3644	6409503	6409652	intergenic	.	CP142614.1_1197
contig_3644	8967370	8967502	intergenic	.	CP001487.1_612,CP142614.1_3443,CP142623.1_2905
contig_3644	9182187	9182541	intergenic	.	AP012548.1_3530,AP012548.1_4064,AP012548.1_4065,CP001429.2_4105,CP001487.1_266,CP003000.1_3295,CP142614.1_3258,CP142614.1_3788,CP142614.1_3789,CP142623.1_2561,CP142623.1_2562,CP142623.1_3097
contig_3644	9314683	9315084	intergenic	.	AP012548.1_3310,AP012548.1_383,AP012548.1_384,CP001429.2_387,CP001487.1_1020,CP001487.1_3976,CP003000.1_339,CP142614.1_100,CP142614.1_101,CP142614.1_102,CP142623.1_2025,CP142623.1_2026
contig_3644	9850206	9850423	intergenic	.	AP012548.1_1078,CP142614.1_797,CP142623.1_1334
contig_3644	11300048	11300202	intergenic	.	AP012548.1_980,CP001487.1_3386,CP003000.1_1586,CP142623.1_1432
contig_3644	11578622	11578852	intergenic	.	AP012548.1_2847,AP012548.1_3700,AP012548.1_3701,CP001487.1_1478,CP003000.1_2635,CP142614.1_2576,CP142614.1_3423,CP142614.1_3424,CP142623.1_2925,CP142623.1_2926,CP142623.1_3775
contig_3644	12220154	12220633	intergenic	.	AP012548.1_589,AP012548.1_590,AP012548.1_591,CP001429.2_603,CP001487.1_3754,CP142614.1_306,CP142614.1_307,CP142614.1_308,CP142623.1_1823,CP142623.1_1824,CP142623.1_1825
contig_3644	13027984	13028085	intergenic	.	AP012548.1_1322,CP142623.1_1089
contig_3644	14110306	14110417	intergenic	.	AP012548.1_659,AP012548.1_660,CP001487.1_3686,CP142614.1_376,CP142623.1_1754,CP142623.1_1755
contig_3644	14452774	14452951	14454204	gene	AP012548.1_2300,CP142623.1_112
contig_3644	14452774	14452951	14454204	mRNA	AP012548.1_2300,CP142623.1_112
contig_3644	14469069	14469219	14474013	mRNA	CP142614.1_2017
contig_3644	14469069	14469219	14474398	gene	CP142614.1_2017
contig_3644	14611498	14611655	intergenic	.	AP012548.1_3105,CP001429.2_3142,CP001487.1_1223,CP142614.1_2833,CP142623.1_3517
contig_3644	14694823	14695031	intergenic	.	AP012548.1_239,CP142614.1_4178,CP142614.1_4179,CP142623.1_2171,CP142623.1_2172
contig_3644	14708257	14708343	intergenic	.	AP012548.1_3165
contig_3644	14919291	14919409	14923990	mRNA	AP012548.1_521,CP142614.1_239,CP142623.1_1887
contig_3644	14919291	14919409	14924944	gene	AP012548.1_521,CP142614.1_239,CP142623.1_1887
contig_3644	15231271	15231445	intergenic	.	AP012548.1_3291,CP001429.2_3327,CP001487.1_1039,CP142614.1_3020,CP142623.1_3333
contig_3644	15901456	15901733	intergenic	.	AP012548.1_163,CP001487.1_4195,CP142614.1_4102,CP142614.1_4103,CP142623.1_2247
contig_3644	16209817	16210247	16274605	gene	AP012548.1_604,AP012548.1_605,AP012548.1_606,CP142614.1_321,CP142614.1_322,CP142614.1_323,CP142623.1_1808,CP142623.1_1809
contig_3644	16209817	16210247	16274605	mRNA	AP012548.1_604,AP012548.1_605,AP012548.1_606,CP142614.1_321,CP142614.1_322,CP142614.1_323,CP142623.1_1808,CP142623.1_1809
contig_3644	16731173	16731405	intergenic	.	AP012548.1_3119,AP012548.1_3120,AP012548.1_3122,AP012548.1_3123,AP012548.1_3124,CP001429.2_3157,CP001429.2_3160,CP001429.2_3162,CP001487.1_1204,CP001487.1_1205,CP001487.1_1208,CP003000.1_2895,CP003000.1_2898,CP142614.1_2848,CP142614.1_2849,CP142614.1_2850,CP142614.1_2851,CP142614.1_2852,CP142614.1_2853,CP142623.1_3498,CP142623.1_3499,CP142623.1_3500,CP142623.1_3501,CP142623.1_3502
contig_3644	16731173	16732194	16731408	start_codon	AP012548.1_3119,AP012548.1_3120,AP012548.1_3122,AP012548.1_3123,AP012548.1_3124,CP001429.2_3157,CP001429.2_3160,CP001429.2_3162,CP001487.1_1204,CP001487.1_1205,CP001487.1_1208,CP003000.1_2895,CP003000.1_2898,CP142614.1_2848,CP142614.1_2849,CP142614.1_2850,CP142614.1_2851,CP142614.1_2852,CP142614.1_2853,CP142623.1_3498,CP142623.1_3499,CP142623.1_3500,CP142623.1_3501,CP142623.1_3502
contig_3644	16731173	16732194	16731594	CDS	AP012548.1_3119,AP012548.1_3120,AP012548.1_3122,AP012548.1_3123,AP012548.1_3124,CP001429.2_3157,CP001429.2_3160,CP001429.2_3162,CP001487.1_1204,CP001487.1_1205,CP001487.1_1208,CP003000.1_2895,CP003000.1_2898,CP142614.1_2848,CP142614.1_2849,CP142614.1_2850,CP142614.1_2851,CP142614.1_2852,CP142614.1_2853,CP142623.1_3498,CP142623.1_3499,CP142623.1_3500,CP142623.1_3501,CP142623.1_3502
contig_3644	16731173	16732194	16731594	exon	AP012548.1_3119,AP012548.1_3120,AP012548.1_3122,AP012548.1_3123,AP012548.1_3124,CP001429.2_3157,CP001429.2_3160,CP001429.2_3162,CP001487.1_1204,CP001487.1_1205,CP001487.1_1208,CP003000.1_2895,CP003000.1_2898,CP142614.1_2848,CP142614.1_2849,CP142614.1_2850,CP142614.1_2851,CP142614.1_2852,CP142614.1_2853,CP142623.1_3498,CP142623.1_3499,CP142623.1_3500,CP142623.1_3501,CP142623.1_3502
contig_3644	16731173	16732194	16731796	CDS	AP012548.1_3119,AP012548.1_3120,AP012548.1_3122,AP012548.1_3123,AP012548.1_3124,CP001429.2_3157,CP001429.2_3160,CP001429.2_3162,CP001487.1_1204,CP001487.1_1205,CP001487.1_1208,CP003000.1_2895,CP003000.1_2898,CP142614.1_2848,CP142614.1_2849,CP142614.1_2850,CP142614.1_2851,CP142614.1_2852,CP142614.1_2853,CP142623.1_3498,CP142623.1_3499,CP142623.1_3500,CP142623.1_3501,CP142623.1_3502
contig_3644	16731173	16732194	16731796	exon	AP012548.1_3119,AP012548.1_3120,AP012548.1_3122,AP012548.1_3123,AP012548.1_3124,CP001429.2_3157,CP001429.2_3160,CP001429.2_3162,CP001487.1_1204,CP001487.1_1205,CP001487.1_1208,CP003000.1_2895,CP003000.1_2898,CP142614.1_2848,CP142614.1_2849,CP142614.1_2850,CP142614.1_2851,CP142614.1_2852,CP142614.1_2853,CP142623.1_3498,CP142623.1_3499,CP142623.1_3500,CP142623.1_3501,CP142623.1_3502
contig_3644	16731173	16732194	16733816	mRNA	AP012548.1_3119,AP012548.1_3120,AP012548.1_3122,AP012548.1_3123,AP012548.1_3124,CP001429.2_3157,CP001429.2_3160,CP001429.2_3162,CP001487.1_1204,CP001487.1_1205,CP001487.1_1208,CP003000.1_2895,CP003000.1_2898,CP142614.1_2848,CP142614.1_2849,CP142614.1_2850,CP142614.1_2851,CP142614.1_2852,CP142614.1_2853,CP142623.1_3498,CP142623.1_3499,CP142623.1_3500,CP142623.1_3501,CP142623.1_3502
contig_3644	16731173	16732194	16734015	gene	AP012548.1_3119,AP012548.1_3120,AP012548.1_3122,AP012548.1_3123,AP012548.1_3124,CP001429.2_3157,CP001429.2_3160,CP001429.2_3162,CP001487.1_1204,CP001487.1_1205,CP001487.1_1208,CP003000.1_2895,CP003000.1_2898,CP142614.1_2848,CP142614.1_2849,CP142614.1_2850,CP142614.1_2851,CP142614.1_2852,CP142614.1_2853,CP142623.1_3498,CP142623.1_3499,CP142623.1_3500,CP142623.1_3501,CP142623.1_3502
contig_3644	16883245	16883347	intergenic	.	AP012548.1_1104,CP001429.2_1093,CP001429.2_1094,CP001487.1_3261,CP003000.1_1478,CP142614.1_823
contig_3644	17543693	17543806	17550028	gene	AP012548.1_1599,CP142614.1_1316,CP142623.1_813
contig_3644	17543693	17543806	17550028	mRNA	AP012548.1_1599,CP142614.1_1316,CP142623.1_813
contig_3644	18028719	18028804	18086650	gene	AP012548.1_1813,CP001487.1_2552,CP142614.1_1529,CP142623.1_600
contig_3644	18028719	18028804	18086650	mRNA	AP012548.1_1813,CP001487.1_2552,CP142614.1_1529,CP142623.1_600
contig_3644	18697168	18697272	18729235	mRNA	AP012548.1_3155,CP001429.2_3191,CP001487.1_1173,CP142623.1_3467
contig_3644	18697168	18697272	18729278	gene	AP012548.1_3155,CP001429.2_3191,CP001487.1_1173,CP142623.1_3467
contig_3644	18980454	18980603	19013129	mRNA	AP012548.1_1249,CP142614.1_966,CP142614.1_967,CP142623.1_1162
contig_3644	18980454	18980603	19013159	gene	AP012548.1_1249,CP142614.1_966,CP142614.1_967,CP142623.1_1162
contig_3644	19297363	19297550	intergenic	.	AP012548.1_3823,CP001487.1_507,CP003000.1_3578,CP142614.1_3546,CP142623.1_2803
contig_3644	20612162	20612265	intergenic	.	AP012548.1_2948
contig_3644	20788587	20788755	intergenic	.	AP012548.1_3128,CP142623.1_3493,CP142623.1_3494
contig_3644	21387486	21387652	intergenic	.	AP012548.1_4114,CP142614.1_3837,CP142614.1_3838,CP142623.1_2512,CP142623.1_2513
contig_3644	21500036	21500228	intergenic	.	AP012548.1_2322,CP001429.2_2336,CP003000.1_2080,CP142614.1_2039,CP142623.1_90
contig_3644	21696615	21696838	21713008	mRNA	AP012548.1_576,AP012548.1_577,CP142614.1_293,CP142614.1_294,CP142623.1_1837,CP142623.1_1838
contig_3644	21696615	21696838	21714149	gene	AP012548.1_576,AP012548.1_577,CP142614.1_293,CP142614.1_294,CP142623.1_1837,CP142623.1_1838
contig_3644	21773398	21773505	21793966	gene	AP012548.1_433,CP142614.1_152,CP142623.1_1975
contig_3644	21773398	21773505	21793966	mRNA	AP012548.1_433,CP142614.1_152,CP142623.1_1975
contig_3645	175618	175878	198044	gene	CP001429.2_1224,CP142614.1_936
contig_3645	175618	175878	198044	mRNA	CP001429.2_1224,CP142614.1_936
contig_3647	315260	315412	intergenic	.	AP012548.1_2959,CP142614.1_2688,CP142623.1_3664,CP142623.1_3665
contig_3647	591651	591859	598306	gene	AP012548.1_3759,CP001487.1_574,CP142614.1_3482,CP142623.1_2867
contig_3647	591651	591859	598306	mRNA	AP012548.1_3759,CP001487.1_574,CP142614.1_3482,CP142623.1_2867
contig_3647	759180	759356	795903	gene	AP012548.1_4036,CP142614.1_3759,CP142623.1_2590
contig_3647	759180	759356	795903	mRNA	AP012548.1_4036,CP142614.1_3759,CP142623.1_2590
contig_3647	4690269	4690566	intergenic	.	AP012548.1_2628,AP012548.1_2629,CP142614.1_2347,CP142614.1_2348,CP142623.1_3994
contig_3657	3203807	3204229	3206529	mRNA	AP012548.1_618,AP012548.1_619,AP012548.1_620,CP001429.2_631,CP001429.2_632,CP001487.1_3726,CP003000.1_1878,CP003000.1_1879,CP142614.1_335,CP142614.1_336,CP142614.1_337,CP142623.1_1794,CP142623.1_1795,CP142623.1_1796
contig_3657	3203807	3204229	3206662	gene	AP012548.1_618,AP012548.1_619,AP012548.1_620,CP001429.2_631,CP001429.2_632,CP001487.1_3726,CP003000.1_1878,CP003000.1_1879,CP142614.1_335,CP142614.1_336,CP142614.1_337,CP142623.1_1794,CP142623.1_1795,CP142623.1_1796
contig_3657	3231387	3231545	intergenic	.	CP001429.2_2400,CP001487.1_1981,CP003000.1_2142,CP142614.1_2104,CP142623.1_27
contig_3666	784055	784179	785092	mRNA	AP012548.1_2944,CP142623.1_3679
contig_3666	784055	784179	785184	gene	AP012548.1_2944,CP142623.1_3679
contig_3752	8703	8812	intergenic	.	CP142614.1_3682
contig_3775	229023	229112	intergenic	.	AP012548.1_2884
contig_3775	600353	600499	intergenic	.	AP012548.1_3169,CP142614.1_2897,CP142623.1_3451
contig_3775	828646	828802	845092	gene	AP012548.1_1388,CP142614.1_1105,CP142623.1_1024
contig_3775	828646	828802	845092	mRNA	AP012548.1_1388,CP142614.1_1105,CP142623.1_1024
contig_3775	1511977	1512125	intergenic	.	AP012548.1_1275,AP012548.1_1276,CP142614.1_993,CP142623.1_1135,CP142623.1_1136
contig_3775	1673742	1673834	1703050	mRNA	AP012548.1_2893,CP001429.2_2929,CP001487.1_1433,CP142614.1_2622,CP142623.1_3730
contig_3775	1673742	1673834	1703768	gene	AP012548.1_2893,CP001429.2_2929,CP001487.1_1433,CP142614.1_2622,CP142623.1_3730
contig_3775	2286333	2286673	intergenic	.	AP012548.1_2,AP012548.1_3,AP012548.1_4,CP001487.1_107,CP001487.1_109,CP142614.1_3942,CP142614.1_3943,CP142614.1_3944,CP142623.1_2406,CP142623.1_2407,CP142623.1_2408
contig_3775	2413776	2413865	intergenic	.	AP012548.1_1008,CP142623.1_1404
contig_3818	428201	428423	intergenic	.	CP001429.2_3860,CP001487.1_509,CP142614.1_3545,CP142623.1_3413
contig_3818	1183033	1183426	intergenic	.	AP012548.1_866,AP012548.1_867,AP012548.1_868,CP142614.1_584,CP142614.1_585,CP142614.1_586,CP142623.1_1546,CP142623.1_1547,CP142623.1_1548
contig_3818	1475674	1475877	1512806	gene	AP012548.1_330,CP142614.1_46,CP142623.1_2079
contig_3818	1475674	1475877	1512806	mRNA	AP012548.1_330,CP142614.1_46,CP142623.1_2079
contig_3818	1529446	1529651	intergenic	.	AP012548.1_2931,CP142614.1_2661,CP142623.1_3692
contig_3818	1554996	1555130	intergenic	.	AP012548.1_516,CP142614.1_234
contig_3818	1637284	1637411	intergenic	.	CP001429.2_1842,CP001487.1_2530,CP003000.1_817,CP142614.1_1551
contig_3818	1659929	1660165	intergenic	.	AP012548.1_2979,CP142614.1_2708,CP142614.1_2709,CP142623.1_3643
contig_3818	2108352	2108490	intergenic	.	CP001487.1_2737,CP003000.1_1014,CP142614.1_1345,CP142623.1_783
contig_3835	339877	340054	354371	gene	AP012548.1_3613,CP001429.2_3658,CP001487.1_718,CP003000.1_3378,CP142614.1_3342,CP142623.1_3013
contig_3835	339877	340054	354371	mRNA	AP012548.1_3613,CP001429.2_3658,CP001487.1_718,CP003000.1_3378,CP142614.1_3342,CP142623.1_3013
contig_3835	2733493	2733634	intergenic	.	AP012548.1_2690,CP142614.1_2409,CP142623.1_3932
contig_3901	447356	447439	intergenic	.	AP012548.1_2069,CP001429.2_2077,CP001487.1_2297,CP142614.1_1786,CP142623.1_343
contig_4049	159027	159182	intergenic	.	AP012548.1_2165,CP142614.1_1882
contig_4049	159518	159703	intergenic	.	AP012548.1_2163,CP142614.1_178
contig_4049	332871	333089	intergenic	.	AP012548.1_1309,AP012548.1_1310,CP001487.1_3055,CP003000.1_1273,CP003000.1_1274,CP142614.1_1027,CP142623.1_1101,CP142623.1_1102
contig_4049	647666	647849	intergenic	.	AP012548.1_1629,CP001487.1_2736,CP142614.1_1346,CP142623.1_782
contig_4049	1621876	1622008	1642084	gene	AP012548.1_3803,CP142614.1_3526
contig_4049	1621876	1622008	1642084	mRNA	AP012548.1_3803,CP142614.1_3526
contig_4193_part1	32870	32954	intergenic	.	CP142614.1_3311
contig_4193_part2	1224063	1224354	intergenic	.	AP012548.1_2104,AP012548.1_2105,CP001487.1_2261,CP003000.1_562,CP142614.1_1821,CP142623.1_307
contig_4193_part2	2186269	2186397	intergenic	.	AP012548.1_2215,CP142623.1_197
contig_4193_part2	3853093	3853368	intergenic	.	AP012548.1_1871,AP012548.1_425,CP001487.1_2493,CP142614.1_143,CP142614.1_144,CP142614.1_1587,CP142614.1_1589,CP142623.1_1983,CP142623.1_539,CP142623.1_541
contig_4193_part2	4297428	4297847	intergenic	.	AP012548.1_941,AP012548.1_942,AP012548.1_943,AP012548.1_944,CP142614.1_660,CP142614.1_661,CP142614.1_662,CP142623.1_1469,CP142623.1_1470,CP142623.1_1471
contig_4193_part2	4358248	4358421	intergenic	.	AP012548.1_1552,AP012548.1_2802,CP142614.1_1269,CP142614.1_2520,CP142614.1_2521,CP142623.1_3820
contig_4193_part2	4882095	4882264	intergenic	.	AP012548.1_835,CP142614.1_553,CP142623.1_1578
contig_4193_part2	5552568	5552801	intergenic	.	AP012548.1_1300,CP001487.1_3065,CP142614.1_1017,CP142623.1_1111
contig_4234	857033	857188	intergenic	.	AP012548.1_2417
contig_4234	932254	932443	intergenic	.	AP012548.1_529,AP012548.1_530,CP142614.1_248,CP142614.1_249,CP142623.1_1882,CP142623.1_1883
contig_4234	940888	941027	intergenic	.	CP001487.1_3934,CP142614.1_136,CP142623.1_1991
contig_4234	974674	975393	intergenic	.	AP012548.1_2043,AP012548.1_2044,AP012548.1_2503,AP012548.1_3818,CP001487.1_1865,CP001487.1_1866,CP001487.1_2323,CP001487.1_512,CP142614.1_1759,CP142614.1_2221,CP142614.1_2311,CP142623.1_2808,CP142623.1_370,CP142623.1_4120
contig_4234	1056587	1056927	intergenic	.	AP012548.1_1800,AP012548.1_1801,CP001487.1_2563,CP142614.1_1516,CP142614.1_1517,CP142623.1_612,CP142623.1_613
contig_4234	1243703	1243885	1243721	CDS	AP012548.1_3067,CP001487.1_1260,CP142614.1_2796
contig_4234	1243703	1243885	1243721	exon	AP012548.1_3067,CP001487.1_1260,CP142614.1_2796
contig_4234	1243703	1243885	1248159	gene	AP012548.1_3067,CP001487.1_1260,CP142614.1_2796
contig_4234	1243703	1243885	1248159	mRNA	AP012548.1_3067,CP001487.1_1260,CP142614.1_2796
contig_4234	1297712	1297906	intergenic	.	CP001487.1_1495,CP142614.1_2559,CP142614.1_571,CP142623.1_1560,CP142623.1_3792
contig_4234	1391090	1391244	intergenic	.	AP012548.1_901,CP142614.1_619,CP142623.1_1512
contig_4234	1392377	1392884	intergenic	.	AP012548.1_2122,AP012548.1_2123,AP012548.1_2125,CP001429.2_2130,CP142614.1_1838,CP142614.1_1839,CP142614.1_1840,CP142623.1_287,CP142623.1_290
contig_4234	2101980	2102176	2153818	gene	AP012548.1_3569,CP142623.1_3058
contig_4234	2101980	2102176	2153818	mRNA	AP012548.1_3569,CP142623.1_3058
contig_4234	2401381	2401777	intergenic	.	AP012548.1_177,AP012548.1_1888,AP012548.1_1889,CP001487.1_2476,CP003000.1_2715,CP142614.1_1604,CP142614.1_4117,CP142623.1_2233,CP142623.1_524
contig_4234	2467464	2467627	intergenic	.	AP012548.1_2605,CP142614.1_2325,CP142623.1_4016
contig_4234	2976315	2976722	intergenic	.	AP012548.1_1071,AP012548.1_1072,AP012548.1_1073,CP001487.1_2257,CP001487.1_3292,CP003000.1_1509,CP003000.1_558,CP142614.1_1825,CP142614.1_790,CP142614.1_791,CP142614.1_792,CP142623.1_1339,CP142623.1_1340,CP142623.1_1341,CP142623.1_303
contig_4234	2976985	2977161	intergenic	.	AP012548.1_2107,AP012548.1_2108,CP001487.1_2258,CP142614.1_1824,CP142614.1_1825,CP142623.1_304
contig_4234	3002033	3002118	intergenic	.	CP142623.1_761
contig_4234	3186038	3186525	intergenic	.	AP012548.1_3245,CP001487.1_2433,CP142614.1_2974,CP142623.1_3380,CP142623.1_480
contig_4234	3547367	3547446	intergenic	.	AP012548.1_1487,CP142614.1_1204,CP142623.1_924
contig_4234	3672712	3672832	3867134	gene	AP012548.1_3899,CP142614.1_3622,CP142623.1_2727
contig_4234	3672712	3672832	3867134	mRNA	AP012548.1_3899,CP142614.1_3622,CP142623.1_2727
contig_4234	3673103	3673237	3867134	gene	AP012548.1_3899,AP012548.1_3900,CP142614.1_3623,CP142623.1_2726,CP142623.1_2727
contig_4234	3673103	3673237	3867134	mRNA	AP012548.1_3899,AP012548.1_3900,CP142614.1_3623,CP142623.1_2726,CP142623.1_2727
contig_4234	3756959	3757469	3867134	gene	AP012548.1_2902,CP142614.1_2631,CP142614.1_655,CP142614.1_656,CP142623.1_2700,CP142623.1_3722
contig_4234	3756959	3757469	3867134	mRNA	AP012548.1_2902,CP142614.1_2631,CP142614.1_655,CP142614.1_656,CP142623.1_2700,CP142623.1_3722
contig_4234	3931778	3931853	intergenic	.	AP012548.1_1309,CP001487.1_3056,CP003000.1_1274,CP142614.1_1026,CP142623.1_1103
contig_4234	4118795	4119004	4167562	gene	AP012548.1_1702,CP001429.2_1709,CP001487.1_2663,CP142614.1_1417,CP142614.1_1418,CP142623.1_711,CP142623.1_712
contig_4234	4118795	4119004	4167562	mRNA	AP012548.1_1702,CP001429.2_1709,CP001487.1_2663,CP142614.1_1417,CP142614.1_1418,CP142623.1_711,CP142623.1_712
contig_4234	4408331	4408478	intergenic	.	AP012548.1_2714,CP142614.1_2433,CP142623.1_3908
contig_4234	4924621	4924756	intergenic	.	AP012548.1_307,CP142614.1_23,CP142623.1_2102
contig_4234	5627602	5627821	5657175	gene	CP001487.1_3716,CP142614.1_346,CP142623.1_1785
contig_4234	5627602	5627821	5657175	mRNA	CP001487.1_3716,CP142614.1_346,CP142623.1_1785
contig_4234	5628629	5628785	5657175	gene	AP012548.1_293,CP142614.1_9
contig_4234	5628629	5628785	5657175	mRNA	AP012548.1_293,CP142614.1_9
contig_4234	5677075	5677432	intergenic	.	AP012548.1_3026,AP012548.1_3027,CP142614.1_2755,CP142614.1_2756,CP142623.1_3595,CP142623.1_3596
contig_4234	5711394	5711604	intergenic	.	AP012548.1_3129,CP142614.1_2858,CP142623.1_3492
contig_4234	5808863	5809112	intergenic	.	AP012548.1_1732,AP012548.1_1733,CP001429.2_1739,CP001487.1_2632,CP001487.1_2633,CP142614.1_1448,CP142614.1_1449,CP142623.1_680
contig_4234	6275761	6276062	intergenic	.	AP012548.1_1660,AP012548.1_1662,CP001429.2_1667,CP001487.1_2705,CP003000.1_991,CP142614.1_1376,CP142614.1_1378,CP142623.1_751,CP142623.1_752,CP142623.1_753
contig_4234	6355205	6355761	intergenic	.	AP012548.1_1130,AP012548.1_1132,AP012548.1_1133,CP142614.1_849,CP142614.1_851,CP142614.1_852,CP142623.1_1279,CP142623.1_1282
contig_4246	1013440	1013539	intergenic	.	AP012548.1_334,CP142614.1_50,CP142614.1_51,CP142623.1_2074
contig_4246	2762073	2762195	intergenic	.	AP012548.1_816,CP001487.1_3531
contig_4246	3496384	3496505	3522782	mRNA	AP012548.1_3495,CP001429.2_3538,CP001487.1_837,CP142614.1_3223,CP142623.1_3132
contig_4246	3496384	3496505	3522989	gene	AP012548.1_3495,CP001429.2_3538,CP001487.1_837,CP142614.1_3223,CP142623.1_3132
contig_4246	4011886	4012133	intergenic	.	AP012548.1_3724,AP012548.1_3725,CP001429.2_3760,CP003000.1_3479,CP142614.1_3447,CP142623.1_2901,CP142623.1_2902
contig_4246	4157217	4157374	intergenic	.	AP012548.1_431,CP142614.1_150,CP142623.1_1977
contig_4246	4561619	4561797	intergenic	.	AP012548.1_410,CP142623.1_1999
contig_4250	518803	519025	intergenic	.	AP012548.1_2238,CP142614.1_1955,CP142614.1_1956,CP142623.1_173,CP142623.1_174
contig_4250	702281	702501	intergenic	.	AP012548.1_280,AP012548.1_281,CP142614.1_4219,CP142614.1_4220,CP142623.1_2128,CP142623.1_2129
contig_4250	713166	713320	intergenic	.	AP012548.1_585,CP001487.1_3760,CP142614.1_302,CP142623.1_1828,CP142623.1_1829
contig_4250	1359375	1359763	intergenic	.	AP012548.1_1874,AP012548.1_1876,CP142614.1_1590
contig_4250	1415285	1415392	intergenic	.	AP012548.1_1503,CP142614.1_1220,CP142623.1_908
contig_4250	1543565	1543669	intergenic	.	AP012548.1_658,CP142614.1_375,CP142623.1_1756
contig_4250	1621352	1621457	intergenic	.	CP142614.1_727
contig_4250	1716631	1716740	intergenic	.	AP012548.1_3714,CP001429.2_3749,CP142614.1_3437,CP142623.1_2912
contig_4250	1833301	1833599	1833644	CDS	AP012548.1_2179,AP012548.1_2180,AP012548.1_2181,CP001429.2_2188,CP001429.2_2189,CP001487.1_2185,CP001487.1_2186,CP003000.1_487,CP003000.1_488,CP142614.1_1896,CP142614.1_1897,CP142623.1_231,CP142623.1_232,CP142623.1_233
contig_4250	1833301	1833599	1833644	exon	AP012548.1_2179,AP012548.1_2180,AP012548.1_2181,CP001429.2_2188,CP001429.2_2189,CP001487.1_2185,CP001487.1_2186,CP003000.1_487,CP003000.1_488,CP142614.1_1896,CP142614.1_1897,CP142623.1_231,CP142623.1_232,CP142623.1_233
contig_4250	1833301	1833599	1835249	mRNA	AP012548.1_2179,AP012548.1_2180,AP012548.1_2181,CP001429.2_2188,CP001429.2_2189,CP001487.1_2185,CP001487.1_2186,CP003000.1_487,CP003000.1_488,CP142614.1_1896,CP142614.1_1897,CP142623.1_231,CP142623.1_232,CP142623.1_233
contig_4250	1833301	1833599	1835327	gene	AP012548.1_2179,AP012548.1_2180,AP012548.1_2181,CP001429.2_2188,CP001429.2_2189,CP001487.1_2185,CP001487.1_2186,CP003000.1_487,CP003000.1_488,CP142614.1_1896,CP142614.1_1897,CP142623.1_231,CP142623.1_232,CP142623.1_233
contig_4250	1903633	1903831	intergenic	.	AP012548.1_2564,CP001487.1_1783,CP142614.1_2282,CP142614.1_2283,CP142623.1_4058,CP142623.1_4059
contig_4250	1946972	1947060	intergenic	.	AP012548.1_3352,CP142614.1_3082,CP142623.1_3272,CP142623.1_3273
contig_4250	2047814	2047897	intergenic	.	AP012548.1_1682,AP012548.1_1683,CP142614.1_1398,CP142623.1_731
contig_4250	2164885	2165005	intergenic	.	AP012548.1_1234,CP001487.1_3131,CP142614.1_951,CP142623.1_1177,CP142623.1_1178
contig_4250	2492094	2492191	intergenic	.	AP012548.1_598,CP001487.1_3747,CP142614.1_315,CP142623.1_1816
contig_4250	3190362	3190660	intergenic	.	AP012548.1_2826,AP012548.1_365,CP142614.1_2554,CP142614.1_2555,CP142623.1_2044
contig_4250	3208639	3208755	intergenic	.	AP012548.1_2724,CP142614.1_2443,CP142623.1_3898
contig_4250	3355791	3355885	intergenic	.	AP012548.1_3790,CP142614.1_3513,CP142614.1_3514,CP142623.1_2836
contig_4255	100995	101206	intergenic	.	AP012548.1_4199,CP142614.1_3922,CP142614.1_3923,CP142623.1_2427,CP142623.1_2428
contig_4255	496830	497038	544063	gene	AP012548.1_1046,CP001487.1_3319,CP142623.1_1366
contig_4255	496830	497038	544063	mRNA	AP012548.1_1046,CP001487.1_3319,CP142623.1_1366
contig_4255	646417	646608	intergenic	.	AP012548.1_3370,CP142614.1_3100,CP142623.1_3254
contig_4269	560474	560746	intergenic	.	AP012548.1_365,CP001429.2_369,CP001487.1_3993,CP003000.1_2126,CP142614.1_83,CP142623.1_2043,CP142623.1_42
contig_4269	1051750	1051969	intergenic	.	AP012548.1_1725,AP012548.1_1726,CP142614.1_1441,CP142623.1_687,CP142623.1_688
contig_4269	1192300	1192408	1213297	gene	CP142614.1_1595
contig_4269	1192300	1192408	1213297	mRNA	CP142614.1_1595
contig_4269	2815609	2815712	intergenic	.	AP012548.1_2339,CP001487.1_2027,CP142614.1_2058,CP142623.1_72
contig_4269	3018733	3018877	intergenic	.	AP012548.1_3458,CP142614.1_3186,CP142623.1_3169
contig_4269	3421760	3421944	intergenic	.	AP012548.1_3469,CP001487.1_862,CP142614.1_3197,CP142623.1_3158
contig_4269	3817188	3817327	intergenic	.	AP012548.1_1281,CP142623.1_1130
contig_4269	4397467	4397555	intergenic	.	CP001487.1_2509,CP142614.1_1571,CP142623.1_557
contig_4269	5360511	5360662	intergenic	.	CP001487.1_2717,CP142623.1_763
contig_4330	960229	960356	intergenic	.	AP012548.1_145,CP142614.1_4085,CP142623.1_2265
contig_4330	964847	964997	intergenic	.	AP012548.1_1245,CP142614.1_962
contig_4330	1311882	1312446	intergenic	.	AP012548.1_2414,AP012548.1_2415,AP012548.1_2416,CP001429.2_2429,CP001429.2_2430,CP001487.1_1952,CP001487.1_1953,CP003000.1_2171,CP003000.1_2172,CP142614.1_2132,CP142614.1_2133,CP142614.1_2134,CP142614.1_2135,CP142623.1_4206,CP142623.1_4207,CP142623.1_4208,CP142623.1_4209
contig_4330	1429454	1429622	intergenic	.	AP012548.1_908,CP001487.1_3437
contig_4330	1890337	1890518	intergenic	.	AP012548.1_525,CP001487.1_3823,CP003000.1_1966,CP142614.1_244
contig_4330	2341835	2341935	intergenic	.	AP012548.1_4212,CP142614.1_3935,CP142623.1_2415
contig_4330	2342860	2342945	intergenic	.	CP001429.2_1903,CP001487.1_2469,CP003000.1_756,CP142623.1_517
contig_4330	2595210	2595504	intergenic	.	AP012548.1_3576,CP142614.1_3305,CP142623.1_3050,CP142623.1_3051
contig_4330	3086701	3087099	intergenic	.	AP012548.1_2260,AP012548.1_3802,CP142614.1_1977,CP142614.1_3524,CP142623.1_152,CP142623.1_2824
contig_4330	3107171	3107472	intergenic	.	AP012548.1_162,CP001429.2_86,CP001487.1_4196,CP003000.1_153,CP142614.1_4101,CP142623.1_2248,CP142623.1_2249
contig_4330	3587037	3587212	intergenic	.	AP012548.1_4033,CP142614.1_3756,CP142623.1_2593
contig_4330	3588389	3589127	intergenic	.	AP012548.1_3760,AP012548.1_3761,AP012548.1_3762,AP012548.1_3763,AP012548.1_3764,CP001487.1_569,CP001487.1_570,CP001487.1_572,CP003000.1_3513,CP142614.1_3483,CP142614.1_3484,CP142614.1_3485,CP142614.1_3486,CP142614.1_3487,CP142623.1_2862,CP142623.1_2863,CP142623.1_2864,CP142623.1_2865,CP142623.1_2866
contig_4330	4415042	4415213	intergenic	.	AP012548.1_3030,CP142614.1_2759,CP142623.1_3592
contig_4330	4931663	4932035	intergenic	.	AP012548.1_2448,AP012548.1_2449,CP142614.1_2166,CP142623.1_4173,CP142623.1_4174
contig_4330	5208049	5208339	intergenic	.	AP012548.1_197,AP012548.1_2121,CP142614.1_1837,CP142614.1_4137,CP142623.1_2213,CP142623.1_291
contig_4330	5411303	5411404	5421446	gene	AP012548.1_2752,CP142614.1_2471,CP142614.1_874,CP142623.1_3870
contig_4330	5411303	5411404	5421446	mRNA	AP012548.1_2752,CP142614.1_2471,CP142614.1_874,CP142623.1_3870
contig_4330	5417056	5417150	5421446	gene	CP142614.1_3749,CP142623.1_2600
contig_4330	5417056	5417150	5421446	mRNA	CP142614.1_3749,CP142623.1_2600
contig_4330	7471164	7471314	intergenic	.	AP012548.1_2505
contig_4330	7559376	7559587	7584348	mRNA	AP012548.1_1877,CP001487.1_2487,CP142614.1_1593,CP142623.1_535,CP142623.1_536
contig_4330	7559376	7559587	7584584	gene	AP012548.1_1877,CP001487.1_2487,CP142614.1_1593,CP142623.1_535,CP142623.1_536
contig_4330	7674541	7674736	intergenic	.	AP012548.1_937,CP142623.1_1477
contig_4330	7707413	7707558	intergenic	.	AP012548.1_739,CP001429.2_755,CP001487.1_3608,CP003000.1_1803,CP142614.1_457
contig_435	1142799	1142896	1167929	mRNA	AP012548.1_2185,CP001487.1_2181,CP142614.1_1901,CP142623.1_227
contig_435	1142799	1142896	1168161	gene	AP012548.1_2185,CP001487.1_2181,CP142614.1_1901,CP142623.1_227
contig_435	1363053	1363272	intergenic	.	AP012548.1_3990,AP012548.1_3991,CP001429.2_4030,CP001487.1_340,CP003000.1_3701,CP142614.1_3713,CP142614.1_3714,CP142623.1_2635,CP142623.1_2636
contig_435	3968328	3968427	intergenic	.	AP012548.1_2517
contig_435	5477000	5477232	5566400	gene	AP012548.1_2003,AP012548.1_2004,CP001487.1_2362,CP003000.1_662,CP142614.1_1719,CP142623.1_409
contig_435	5477000	5477232	5566400	mRNA	AP012548.1_2003,AP012548.1_2004,CP001487.1_2362,CP003000.1_662,CP142614.1_1719,CP142623.1_409
contig_435	5607411	5607590	intergenic	.	AP012548.1_3224,CP142623.1_3396
contig_435	5684579	5684762	5686684	gene	AP012548.1_3215,CP001429.2_3252,CP001487.1_1113,CP001487.1_1114,CP003000.1_2987,CP003000.1_2988,CP142614.1_2943,CP142614.1_2944,CP142623.1_3405
contig_435	5684579	5684762	5686684	mRNA	AP012548.1_3215,CP001429.2_3252,CP001487.1_1113,CP001487.1_1114,CP003000.1_2987,CP003000.1_2988,CP142614.1_2943,CP142614.1_2944,CP142623.1_3405
contig_435	11281832	11282074	intergenic	.	AP012548.1_1010,AP012548.1_1011,AP012548.1_855,CP142614.1_729,CP142623.1_1402
contig_435	11514222	11514527	intergenic	.	AP012548.1_2696,AP012548.1_2697,AP012548.1_2698,CP001429.2_2731,CP001487.1_1626,CP003000.1_2489,CP142614.1_2416,CP142614.1_2417,CP142623.1_3924,CP142623.1_3925
contig_435	11648166	11648364	intergenic	.	AP012548.1_1770,CP001429.2_1777,CP001487.1_2595,CP003000.1_882,CP142614.1_1485,CP142614.1_1486,CP142623.1_643
contig_435	12745291	12745383	intergenic	.	AP012548.1_1206,CP001487.1_3158,CP142623.1_1205
contig_435	13177611	13177689	intergenic	.	AP012548.1_2712,CP142614.1_2431,CP142623.1_3910
contig_435	15806605	15806832	15807821	gene	AP012548.1_4038,CP142614.1_3761,CP142614.1_3762,CP142623.1_2588
contig_435	15806605	15806832	15807821	mRNA	AP012548.1_4038,CP142614.1_3761,CP142614.1_3762,CP142623.1_2588
contig_435	16814272	16814406	intergenic	.	CP142614.1_3550
contig_435	17563446	17563692	intergenic	.	CP142614.1_683,CP142623.1_1448,CP142623.1_1449
contig_435	19697381	19697473	19702422	gene	CP001429.2_1487
contig_435	19697381	19697473	19702422	mRNA	CP001429.2_1487
contig_435	20615812	20616019	intergenic	.	AP012548.1_2463,CP001487.1_1905,CP003000.1_2217,CP142623.1_4159
contig_435	22395014	22395176	intergenic	.	AP012548.1_42,CP001429.2_43,CP001487.1_69,CP142614.1_3982,CP142623.1_2368
contig_435	27733884	27733969	27842063	mRNA	AP012548.1_1209,CP142614.1_926,CP142623.1_1202
contig_435	27733884	27733969	27842419	gene	AP012548.1_1209,CP142614.1_926,CP142623.1_1202
contig_435	27983475	27983585	intergenic	.	CP001429.2_363,CP142623.1_2050
contig_435	30039775	30039882	intergenic	.	AP012548.1_715,CP001429.2_731,CP001487.1_3631
contig_4391	2372439	2372588	2380017	mRNA	CP001487.1_3247,CP001487.1_880,CP142623.1_3176
contig_4391	2372439	2372588	2380071	gene	CP001487.1_3247,CP001487.1_880,CP142623.1_3176
contig_4397	111293	111484	intergenic	.	AP012548.1_1765,CP001429.2_1772,CP001487.1_2600,CP142614.1_1481
contig_4400	709983	710361	800061	gene	AP012548.1_364,CP001487.1_3996,CP003000.1_319,CP142614.1_82
contig_4400	709983	710361	800061	mRNA	AP012548.1_364,CP001487.1_3996,CP003000.1_319,CP142614.1_82
contig_4400	2532709	2532967	intergenic	.	AP012548.1_404,CP001487.1_3947,CP142614.1_122,CP142623.1_2004
contig_4400	2605505	2605731	intergenic	.	AP012548.1_3308,AP012548.1_790,CP001487.1_3557,CP142614.1_508,CP142623.1_1624
contig_4400	2659408	2659563	intergenic	.	AP012548.1_3704,CP142614.1_3427
contig_4400	2680319	2680462	intergenic	.	AP012548.1_2844,CP001487.1_1481,CP003000.1_2632,CP142614.1_2573,CP142614.1_2574,CP142623.1_3777,CP142623.1_3778
contig_4400	2975166	2975252	intergenic	.	AP012548.1_3696,CP142614.1_3419,CP142623.1_2930
contig_442	1067579	1067864	intergenic	.	AP012548.1_3403,AP012548.1_3404,CP142614.1_3133,CP142614.1_3134,CP142623.1_3221,CP142623.1_3222
contig_442	1579564	1579712	1642488	gene	CP142623.1_468
contig_442	1579564	1579712	1642488	mRNA	CP142623.1_468
contig_442	2273504	2273785	2293556	mRNA	AP012548.1_464,CP003000.1_411,CP142614.1_182,CP142623.1_1944,CP142623.1_1945
contig_442	2273504	2273785	2294789	gene	AP012548.1_464,CP003000.1_411,CP142614.1_182,CP142623.1_1944,CP142623.1_1945
contig_442	3089305	3089466	3108278	mRNA	AP012548.1_3218,CP001429.2_3255,CP001487.1_1111,CP142614.1_2947
contig_442	3089305	3089466	3108781	gene	AP012548.1_3218,CP001429.2_3255,CP001487.1_1111,CP142614.1_2947
contig_4463	11114	11201	34871	gene	CP142623.1_2359
contig_4463	11114	11201	34871	mRNA	CP142623.1_2359
contig_4463	457054	457182	intergenic	.	AP012548.1_1613,CP142614.1_1330,CP142623.1_799
contig_4463	524482	524689	intergenic	.	AP012548.1_1847,CP142614.1_1563,CP142623.1_565
contig_4463	735977	736091	intergenic	.	AP012548.1_1383
contig_4463	1584427	1584656	intergenic	.	AP012548.1_2364,CP001429.2_2378,CP142614.1_2082,CP142623.1_48
contig_4463	2806536	2806713	intergenic	.	AP012548.1_586,CP142614.1_607
contig_4463	3766428	3766611	intergenic	.	AP012548.1_3242,CP142614.1_2972,CP142623.1_3382
contig_4468	206206	206303	intergenic	.	AP012548.1_1931,CP001487.1_2434
contig_4512	442543	442702	498132	mRNA	AP012548.1_3239,CP142614.1_2967,CP142614.1_2968
contig_4512	442543	442702	500068	gene	AP012548.1_3239,CP142614.1_2967,CP142614.1_2968
contig_4512	444454	444529	498132	mRNA	CP001487.1_2092,CP142614.1_1991,CP142623.1_138
contig_4512	444454	444529	500068	gene	CP001487.1_2092,CP142614.1_1991,CP142623.1_138
contig_4512	601170	601474	intergenic	.	AP012548.1_3519,AP012548.1_3520,AP012548.1_4010,CP142614.1_3248,CP142614.1_3733,CP142623.1_2616,CP142623.1_3107
contig_4563	811285	811429	intergenic	.	CP142614.1_3474
contig_4563	1064082	1064210	intergenic	.	AP012548.1_1150,AP012548.1_3683,CP142614.1_3406,CP142614.1_869
contig_4563	1419764	1419888	intergenic	.	AP012548.1_886,CP142614.1_604,CP142623.1_1527
contig_4563	2160880	2160965	2175361	gene	CP142623.1_1351
contig_4563	2160880	2160965	2175361	mRNA	CP142623.1_1351
contig_4594	558059	558231	573437	gene	AP012548.1_465,CP001429.2_469,CP001487.1_3887,CP003000.1_412,CP142614.1_183
contig_4594	558059	558231	573437	mRNA	AP012548.1_465,CP001429.2_469,CP001487.1_3887,CP003000.1_412,CP142614.1_183
contig_4594	1212901	1212987	1288897	gene	AP012548.1_1557,CP142614.1_1274,CP142623.1_855
contig_4594	1212901	1212987	1288897	mRNA	AP012548.1_1557,CP142614.1_1274,CP142623.1_855
contig_4594	2249943	2250172	2290981	mRNA	AP012548.1_862,CP001429.2_869,CP001487.1_3486,CP003000.1_1682,CP142614.1_579,CP142614.1_580,CP142623.1_1551,CP142623.1_1552
contig_4594	2249943	2250172	2290995	gene	AP012548.1_862,CP001429.2_869,CP001487.1_3486,CP003000.1_1682,CP142614.1_579,CP142614.1_580,CP142623.1_1551,CP142623.1_1552
contig_4594	2764994	2765098	intergenic	.	AP012548.1_3578,CP142614.1_3307,CP142623.1_3048
contig_4594	3718766	3718951	intergenic	.	AP012548.1_2097,CP142614.1_1813,CP142614.1_1814,CP142623.1_314,CP142623.1_315
contig_4594	4251588	4251825	4256709	gene	CP001429.2_496,CP003000.1_2002,CP003000.1_2003,CP142614.1_210
contig_4594	4251588	4251825	4256709	mRNA	CP001429.2_496,CP003000.1_2002,CP003000.1_2003,CP142614.1_210
contig_4594	4287701	4287919	4292933	gene	AP012548.1_491,CP001487.1_3860
contig_4594	4287701	4287919	4292933	mRNA	AP012548.1_491,CP001487.1_3860
contig_4594	4325501	4325893	intergenic	.	AP012548.1_492,CP001429.2_497,CP001487.1_3861,CP142614.1_209,CP142623.1_1916,CP142623.1_1918
contig_4594	4827231	4827411	4848799	mRNA	AP012548.1_1695,CP001487.1_2670,CP142614.1_1411,CP142623.1_718
contig_4594	4827231	4827411	4849080	gene	AP012548.1_1695,CP001487.1_2670,CP142614.1_1411,CP142623.1_718
contig_4594	5325895	5326118	intergenic	.	AP012548.1_953,AP012548.1_954,CP001429.2_943,CP001487.1_3412,CP142614.1_672,CP142623.1_1458,CP142623.1_1459
contig_4598	106429	106830	140351	gene	AP012548.1_1798,AP012548.1_2301,CP001429.2_2315,CP001487.1_2065,CP001487.1_2066,CP001487.1_2566,CP003000.1_2059,CP142614.1_1514,CP142614.1_2018,CP142623.1_111,CP142623.1_614,CP142623.1_615
contig_4598	106429	106830	140351	mRNA	AP012548.1_1798,AP012548.1_2301,CP001429.2_2315,CP001487.1_2065,CP001487.1_2066,CP001487.1_2566,CP003000.1_2059,CP142614.1_1514,CP142614.1_2018,CP142623.1_111,CP142623.1_614,CP142623.1_615
contig_4632	6164748	6164842	intergenic	.	AP012548.1_529,CP001487.1_3819
contig_4632	6583257	6583378	intergenic	.	AP012548.1_3938,CP001487.1_392,CP142614.1_3662,CP142623.1_2688
contig_4632	6734455	6734640	intergenic	.	AP012548.1_2998,CP142614.1_2727,CP142623.1_3625
contig_4632	8356645	8357015	intergenic	.	AP012548.1_3433,AP012548.1_902,AP012548.1_903,CP142614.1_620,CP142623.1_1511
contig_4632	8467543	8467731	intergenic	.	CP142614.1_3542,CP142623.1_2807
contig_4632	10527103	10527195	intergenic	.	AP012548.1_353,CP001429.2_356,CP001487.1_4006
contig_4632	14063986	14064115	intergenic	.	AP012548.1_3950,CP142614.1_3674,CP142623.1_2675,CP142623.1_2676
contig_4632	15383127	15383361	intergenic	.	AP012548.1_2402,AP012548.1_2403,CP001429.2_2416,CP001429.2_2417,CP001487.1_1964,CP003000.1_2159,CP142614.1_2121,CP142614.1_2122,CP142623.1_10,CP142623.1_9
contig_4632	17370831	17371012	17407841	mRNA	AP012548.1_2579,CP001487.1_1745,CP142614.1_2298,CP142623.1_4042,CP142623.1_4043
contig_4632	17370831	17371012	17407947	gene	AP012548.1_2579,CP001487.1_1745,CP142614.1_2298,CP142623.1_4042,CP142623.1_4043
contig_4632	17515084	17515200	intergenic	.	AP012548.1_1789,CP001487.1_2576,CP142614.1_1504,CP142614.1_1505,CP142623.1_624
contig_4632	18519215	18519634	18590787	mRNA	AP012548.1_4182,AP012548.1_4183,AP012548.1_4184,CP001487.1_145,CP003000.1_3882,CP142614.1_1348,CP142614.1_3906,CP142614.1_3907,CP142623.1_2443,CP142623.1_2444
contig_4632	18519215	18519634	18590955	gene	AP012548.1_4182,AP012548.1_4183,AP012548.1_4184,CP001487.1_145,CP003000.1_3882,CP142614.1_1348,CP142614.1_3906,CP142614.1_3907,CP142623.1_2443,CP142623.1_2444
contig_4632	20332044	20332126	20337946	mRNA	AP012548.1_1212,CP142623.1_1200
contig_4632	20332044	20332126	20337974	gene	AP012548.1_1212,CP142623.1_1200
contig_4632	21584766	21584845	intergenic	.	AP012548.1_1583,CP142614.1_1299,CP142623.1_829
contig_4632	22437932	22438051	intergenic	.	CP001487.1_1371
contig_4632	24256643	24256812	intergenic	.	AP012548.1_684,CP142614.1_401,CP142623.1_1730
contig_4632	24694844	24694952	intergenic	.	AP012548.1_2491,CP142614.1_2210,CP142623.1_4131
contig_4692	229263	229372	intergenic	.	AP012548.1_915,CP142614.1_632,CP142614.1_633,CP142623.1_1499
contig_4692	246993	247084	intergenic	.	AP012548.1_3652,CP142614.1_3380
contig_4692	1887676	1887822	intergenic	.	AP012548.1_3909,CP142623.1_2717
contig_4692	5029615	5029771	intergenic	.	AP012548.1_3051,CP001429.2_3088,CP142614.1_2780,CP142623.1_3571
contig_4695	623702	623829	intergenic	.	AP012548.1_2632
contig_4695	937143	937268	intergenic	.	AP012548.1_1854,CP142614.1_1570,CP142623.1_559
contig_4695	1182599	1182743	intergenic	.	CP001429.2_3423,CP003000.1_3146,CP142614.1_3110,CP142623.1_3244
contig_4695	1255751	1255847	intergenic	.	AP012548.1_1431,CP142614.1_1148,CP142623.1_980
contig_4695	1264365	1264478	intergenic	.	AP012548.1_3559,CP142614.1_3288,CP142623.1_3067
contig_4695	1330109	1330236	intergenic	.	AP012548.1_3499,AP012548.1_914,CP142614.1_3228
contig_4695	1399446	1399617	1489121	mRNA	AP012548.1_1084,CP001487.1_3281,CP003000.1_1498,CP142614.1_803,CP142623.1_1328
contig_4695	1399446	1399617	1489391	gene	AP012548.1_1084,CP001487.1_3281,CP003000.1_1498,CP142614.1_803,CP142623.1_1328
contig_4695	1504399	1504507	intergenic	.	AP012548.1_1341,CP001429.2_1348,CP001487.1_3023,CP142614.1_1058,CP142614.1_1059,CP142623.1_1070
contig_4695	1507489	1507630	intergenic	.	AP012548.1_1227,CP142614.1_944,CP142623.1_1184
contig_4713	2980783	2981477	intergenic	.	AP012548.1_2328,AP012548.1_2329,AP012548.1_4147,AP012548.1_4148,AP012548.1_772,CP001429.2_2342,CP001487.1_179,CP001487.1_180,CP003000.1_3847,CP142614.1_2045,CP142614.1_2047,CP142614.1_3870,CP142614.1_3871,CP142614.1_490,CP142623.1_1641,CP142623.1_1642,CP142623.1_2479,CP142623.1_2480,CP142623.1_83
contig_4738	1188468	1188747	intergenic	.	AP012548.1_1964,AP012548.1_3480,CP001429.2_3524,CP001487.1_2401,CP003000.1_3693,CP142614.1_1680,CP142614.1_3208,CP142614.1_3209,CP142623.1_3146
contig_4738	1403458	1403577	intergenic	.	AP012548.1_3326,CP142614.1_3057
contig_4738	2574557	2574773	2668407	mRNA	AP012548.1_2276,AP012548.1_2277,CP001487.1_2090,CP142614.1_1993,CP142614.1_1994,CP142623.1_135,CP142623.1_136
contig_4738	2574557	2574773	2668762	gene	AP012548.1_2276,AP012548.1_2277,CP001487.1_2090,CP142614.1_1993,CP142614.1_1994,CP142623.1_135,CP142623.1_136
contig_4738	3250247	3250444	3347649	gene	AP012548.1_4099,CP001429.2_4141,CP001487.1_232,CP142614.1_3821,CP142623.1_2528
contig_4738	3250247	3250444	3347649	mRNA	AP012548.1_4099,CP001429.2_4141,CP001487.1_232,CP142614.1_3821,CP142623.1_2528
contig_4738	3614594	3614963	intergenic	.	AP012548.1_1846,CP001487.1_2078,CP003000.1_2047,CP142614.1_1562,CP142623.1_566,CP142623.1_567
contig_4738	3720080	3720219	intergenic	.	AP012548.1_1717,CP001429.2_1724,CP142614.1_1433,CP142623.1_696
contig_4738	4082550	4082732	intergenic	.	AP012548.1_2696,CP142614.1_2415,CP142623.1_3926
contig_4738	4982747	4982823	intergenic	.	AP012548.1_463,CP142614.1_181
contig_4738	5236187	5236337	intergenic	.	AP012548.1_2068
contig_4738	5507956	5508151	intergenic	.	AP012548.1_4172,CP142623.1_2455
contig_4738	5536663	5536763	intergenic	.	AP012548.1_1329,CP142614.1_1046,CP142623.1_1082
contig_4738	5568097	5568274	intergenic	.	AP012548.1_2183,CP001487.1_2183,CP142614.1_1900,CP142623.1_229
contig_4738	6045269	6045456	intergenic	.	AP012548.1_2724,AP012548.1_2725,CP142614.1_2444,CP142623.1_3897
contig_4738	6274815	6274891	intergenic	.	AP012548.1_3444,CP142614.1_3172,CP142623.1_3182
contig_4793	1306584	1306750	intergenic	.	AP012548.1_1941,CP142614.1_1301,CP142623.1_472
contig_4793	1854906	1855027	1872884	gene	AP012548.1_475,CP142614.1_193,CP142623.1_1933
contig_4793	1854906	1855027	1872884	mRNA	AP012548.1_475,CP142614.1_193,CP142623.1_1933
contig_4793	2300661	2300828	intergenic	.	AP012548.1_226,CP142623.1_2184
contig_4793	2852414	2852607	intergenic	.	AP012548.1_130,CP001487.1_4228,CP142614.1_4069,CP142614.1_4070,CP142623.1_2280
contig_4793	2920759	2920900	intergenic	.	AP012548.1_266,CP142614.1_4206,CP142623.1_2143
contig_4793	3921458	3921564	intergenic	.	AP012548.1_1378,CP001487.1_2987,CP142614.1_1095,CP142623.1_1033,CP142623.1_1034
contig_4793	4116252	4116412	intergenic	.	AP012548.1_830,CP142614.1_548
contig_4793	4641027	4641250	4685255	gene	AP012548.1_2478,AP012548.1_2479,CP001487.1_1890,CP142614.1_2196,CP142614.1_2197,CP142623.1_4143,CP142623.1_4144
contig_4793	4641027	4641250	4685255	mRNA	AP012548.1_2478,AP012548.1_2479,CP001487.1_1890,CP142614.1_2196,CP142614.1_2197,CP142623.1_4143,CP142623.1_4144
contig_4793	5115047	5115152	intergenic	.	AP012548.1_2925
contig_4795	290397	290491	intergenic	.	AP012548.1_771,CP142614.1_488,CP142614.1_489,CP142623.1_1643
contig_4795	1767754	1767869	intergenic	.	CP001487.1_3443,CP142614.1_621
contig_4795	1790243	1790324	intergenic	.	CP142614.1_1646,CP142623.1_482
contig_4817	2165094	2165250	intergenic	.	AP012548.1_4136,CP003000.1_3835,CP142614.1_3860,CP142623.1_2490
contig_4817	2936023	2936303	intergenic	.	AP012548.1_2708,AP012548.1_2709,CP001429.2_1798,CP001487.1_1616,CP003000.1_2499,CP142614.1_2427,CP142614.1_2428,CP142623.1_3913
contig_4817	3042769	3042883	intergenic	.	CP001487.1_2716
contig_4817	3409617	3409762	intergenic	.	AP012548.1_273,CP142614.1_4212
contig_4817	3890955	3891030	intergenic	.	AP012548.1_1566,CP142614.1_1283,CP142623.1_845
contig_4845	149731	149958	intergenic	.	AP012548.1_1981,CP001487.1_2385,CP142614.1_1696,CP142614.1_1697,CP142623.1_432
contig_4845	270046	270280	intergenic	.	AP012548.1_1016,AP012548.1_2595,CP142614.1_2314,CP142614.1_2315,CP142623.1_4026,CP142623.1_4027
contig_4845	3076796	3076902	3111840	gene	CP142623.1_479
contig_4845	3076796	3076902	3111840	mRNA	CP142623.1_479
contig_4845	4771980	4772115	intergenic	.	AP012548.1_3185,CP142614.1_2913
contig_4845	6157375	6157484	intergenic	.	AP012548.1_1674,CP142614.1_1390,CP142623.1_739
contig_4845	6511958	6512068	6520370	mRNA	AP012548.1_36,AP012548.1_37,CP001487.1_75,CP142614.1_3976,CP142614.1_3977,CP142623.1_2373,CP142623.1_2374
contig_4845	6511958	6512068	6520515	gene	AP012548.1_36,AP012548.1_37,CP001487.1_75,CP142614.1_3976,CP142614.1_3977,CP142623.1_2373,CP142623.1_2374
contig_4845	6513748	6513844	6520370	mRNA	AP012548.1_2187,CP001487.1_2178,CP142614.1_1904,CP142623.1_224
contig_4845	6513748	6513844	6520515	gene	AP012548.1_2187,CP001487.1_2178,CP142614.1_1904,CP142623.1_224
contig_4845	6612376	6612472	intergenic	.	CP142623.1_1912
contig_4845	6614499	6614687	intergenic	.	AP012548.1_4145,CP142614.1_3868,CP142623.1_2482
contig_4845	6854377	6854662	intergenic	.	AP012548.1_2139,AP012548.1_2140,CP003000.1_526,CP142614.1_1856,CP142623.1_272,CP142623.1_273
contig_4845	7252153	7252293	intergenic	.	AP012548.1_925,CP001487.1_3421,CP142614.1_643,CP142623.1_1395,CP142623.1_1488
contig_4845	7284087	7285120	intergenic	.	AP012548.1_131,AP012548.1_132,AP012548.1_1323,AP012548.1_1324,AP012548.1_133,CP001429.2_18,CP001487.1_4226,CP142614.1_1040,CP142614.1_3957,CP142614.1_4070,CP142614.1_4071,CP142614.1_4072,CP142614.1_4073,CP142623.1_1087,CP142623.1_2277,CP142623.1_2278,CP142623.1_2279,CP142623.1_2280
contig_4845	7632168	7632259	intergenic	.	AP012548.1_1836,CP142614.1_1552,CP142623.1_577
contig_4845	7947566	7947683	intergenic	.	AP012548.1_2106,CP142623.1_306
contig_4845	8443977	8444160	intergenic	.	AP012548.1_711,CP001487.1_3636,CP142614.1_429,CP142623.1_1703
contig_4845	8553342	8553582	intergenic	.	AP012548.1_1588,AP012548.1_232,CP142614.1_1305,CP142623.1_823
contig_4845	9413425	9414099	9431304	gene	AP012548.1_1795,AP012548.1_4058,AP012548.1_4059,CP001487.1_272,CP003000.1_3769,CP142614.1_118,CP142614.1_1511,CP142614.1_3615,CP142614.1_3782,CP142623.1_2568,CP142623.1_2734,CP142623.1_618
contig_4845	9413425	9414099	9431304	mRNA	AP012548.1_1795,AP012548.1_4058,AP012548.1_4059,CP001487.1_272,CP003000.1_3769,CP142614.1_118,CP142614.1_1511,CP142614.1_3615,CP142614.1_3782,CP142623.1_2568,CP142623.1_2734,CP142623.1_618
contig_4845	9494802	9494934	intergenic	.	CP142614.1_2795
contig_4845	9841578	9842019	intergenic	.	AP012548.1_3200,AP012548.1_3201,CP001487.1_1127,CP001487.1_1128,CP142614.1_2928,CP142614.1_2929,CP142614.1_2930,CP142623.1_3419,CP142623.1_3420,CP142623.1_3421
contig_4845	10093439	10093635	10189581	mRNA	AP012548.1_2888,AP012548.1_2889,CP142614.1_2617,CP142623.1_3735,CP142623.1_3736
contig_4845	10093439	10093635	10189758	gene	AP012548.1_2888,AP012548.1_2889,CP142614.1_2617,CP142623.1_3735,CP142623.1_3736
contig_4845	10189577	10189742	10189581	CDS	AP012548.1_28,CP001487.1_83,CP142614.1_3968,CP142623.1_2382
contig_4845	10189577	10189742	10189581	exon	AP012548.1_28,CP001487.1_83,CP142614.1_3968,CP142623.1_2382
contig_4845	10189577	10189742	10189581	mRNA	AP012548.1_28,CP001487.1_83,CP142614.1_3968,CP142623.1_2382
contig_4845	10189577	10189742	10189581	stop_codon	AP012548.1_28,CP001487.1_83,CP142614.1_3968,CP142623.1_2382
contig_4845	10189577	10189742	10189758	gene	AP012548.1_28,CP001487.1_83,CP142614.1_3968,CP142623.1_2382
contig_4845	10992713	10993012	intergenic	.	CP142614.1_333,CP142614.1_334,CP142623.1_1797,CP142623.1_1798
contig_4845	11379036	11379208	intergenic	.	AP012548.1_3897,CP142614.1_3620,CP142623.1_2729
contig_4845	11388271	11388432	intergenic	.	AP012548.1_875,CP001429.2_882,CP142614.1_593
contig_4845	11681038	11681319	intergenic	.	AP012548.1_3295,AP012548.1_3886,CP001487.1_1035,CP142614.1_3025,CP142614.1_3609,CP142623.1_2740,CP142623.1_3329
contig_4845	11908319	11908500	intergenic	.	AP012548.1_136,CP142614.1_4075,CP142623.1_2274,CP142623.1_2275
contig_4845	12439553	12439966	intergenic	.	AP012548.1_1865,AP012548.1_1867,CP142614.1_1581,CP142614.1_1582,CP142623.1_546
contig_4845	13080823	13080997	intergenic	.	AP012548.1_419,CP142614.1_137,CP142623.1_1989
contig_4845	13126413	13126582	13126707	CDS	CP142614.1_1733,CP142623.1_394
contig_4845	13126413	13126582	13126707	exon	CP142614.1_1733,CP142623.1_394
contig_4845	13126413	13126582	13126707	mRNA	CP142614.1_1733,CP142623.1_394
contig_4845	13126413	13126582	13126714	gene	CP142614.1_1733,CP142623.1_394
contig_4845	13184409	13184639	intergenic	.	AP012548.1_3384,CP001487.1_946,CP142614.1_3114,CP142614.1_3115,CP142623.1_3240
contig_4845	13545840	13546138	intergenic	.	AP012548.1_1371,CP142614.1_1088,CP142623.1_1040,CP142623.1_1042
contig_4845	13722386	13722849	intergenic	.	AP012548.1_219,AP012548.1_2956,CP142614.1_2685,CP142614.1_3254,CP142614.1_4159,CP142623.1_2191,CP142623.1_3101,CP142623.1_3667
contig_4845	13865003	13865500	13865364	CDS	AP012548.1_2344,AP012548.1_2346,AP012548.1_2347,CP001429.2_2358,CP001487.1_2020,CP001487.1_2021,CP001487.1_2022,CP003000.1_2102,CP142614.1_2063,CP142614.1_2064,CP142614.1_2065,CP142623.1_65,CP142623.1_66,CP142623.1_67
contig_4845	13865003	13865500	13865364	exon	AP012548.1_2344,AP012548.1_2346,AP012548.1_2347,CP001429.2_2358,CP001487.1_2020,CP001487.1_2021,CP001487.1_2022,CP003000.1_2102,CP142614.1_2063,CP142614.1_2064,CP142614.1_2065,CP142623.1_65,CP142623.1_66,CP142623.1_67
contig_4845	13865003	13865500	13865364	mRNA	AP012548.1_2344,AP012548.1_2346,AP012548.1_2347,CP001429.2_2358,CP001487.1_2020,CP001487.1_2021,CP001487.1_2022,CP003000.1_2102,CP142614.1_2063,CP142614.1_2064,CP142614.1_2065,CP142623.1_65,CP142623.1_66,CP142623.1_67
contig_4845	13865003	13865500	13865364	stop_codon	AP012548.1_2344,AP012548.1_2346,AP012548.1_2347,CP001429.2_2358,CP001487.1_2020,CP001487.1_2021,CP001487.1_2022,CP003000.1_2102,CP142614.1_2063,CP142614.1_2064,CP142614.1_2065,CP142623.1_65,CP142623.1_66,CP142623.1_67
contig_4845	13865003	13865500	13865448	gene	AP012548.1_2344,AP012548.1_2346,AP012548.1_2347,CP001429.2_2358,CP001487.1_2020,CP001487.1_2021,CP001487.1_2022,CP003000.1_2102,CP142614.1_2063,CP142614.1_2064,CP142614.1_2065,CP142623.1_65,CP142623.1_66,CP142623.1_67
contig_4845	13865003	13865500	13865448	polyA_signal_sequence	AP012548.1_2344,AP012548.1_2346,AP012548.1_2347,CP001429.2_2358,CP001487.1_2020,CP001487.1_2021,CP001487.1_2022,CP003000.1_2102,CP142614.1_2063,CP142614.1_2064,CP142614.1_2065,CP142623.1_65,CP142623.1_66,CP142623.1_67
contig_4845	13865448	13865500	intergenic	.	AP012548.1_2344,AP012548.1_2346,AP012548.1_2347,CP001429.2_2358,CP001487.1_2020,CP001487.1_2021,CP001487.1_2022,CP003000.1_2102,CP142614.1_2063,CP142614.1_2064,CP142614.1_2065,CP142623.1_65,CP142623.1_66,CP142623.1_67
contig_4845	14124329	14124494	intergenic	.	AP012548.1_363,CP001429.2_367,CP001487.1_3995,CP142614.1_81,CP142623.1_2045
contig_4845	14218185	14218295	intergenic	.	AP012548.1_552,CP142614.1_269
contig_4845	14323906	14324049	intergenic	.	AP012548.1_3860,CP142614.1_3584,CP142623.1_2766
contig_4845	14477319	14477695	intergenic	.	AP012548.1_1135,AP012548.1_1136,CP001487.1_3229,CP001487.1_3230,CP142614.1_854,CP142614.1_855,CP142614.1_856,CP142623.1_1275,CP142623.1_1276
contig_4845	14529625	14529860	intergenic	.	AP012548.1_1838,CP001487.1_2526
contig_4845	15107032	15107239	intergenic	.	AP012548.1_3460,CP001487.1_870,CP142614.1_3189,CP142623.1_3166,CP142623.1_3167
contig_4845	15267659	15267804	intergenic	.	CP142623.1_289
contig_4845	15701757	15701929	intergenic	.	AP012548.1_2969,AP012548.1_2970,CP001487.1_1357,CP142614.1_2698,CP142614.1_2699,CP142623.1_3654
contig_4845	16040744	16040873	16061923	mRNA	AP012548.1_1177,CP001429.2_1960
contig_4845	16040744	16040873	16062063	gene	AP012548.1_1177,CP001429.2_1960
contig_4845	17110533	17110657	intergenic	.	CP142614.1_3071,CP142623.1_3284
contig_4845	17150679	17150823	intergenic	.	AP012548.1_2475,CP001487.1_1893,CP142614.1_2193,CP142614.1_2194,CP142623.1_4147,CP142623.1_4148
contig_4863	872745	872917	intergenic	.	CP142614.1_2389,CP142623.1_3952
contig_4863	1592880	1593143	intergenic	.	AP012548.1_1460,AP012548.1_1461,AP012548.1_1462,CP142614.1_1178,CP142623.1_950,CP142623.1_951
contig_4863	1666417	1666642	intergenic	.	AP012548.1_762,CP142614.1_479,CP142614.1_480,CP142623.1_1652,CP142623.1_1653
contig_4863	3664431	3664634	3672518	mRNA	AP012548.1_1081,CP001487.1_3284,CP142614.1_800,CP142614.1_801,CP142623.1_1330
contig_4863	3664431	3664634	3673173	gene	AP012548.1_1081,CP001487.1_3284,CP142614.1_800,CP142614.1_801,CP142623.1_1330
contig_4863	3819747	3819844	intergenic	.	CP003000.1_299
contig_4863	3885222	3885463	3885445	CDS	AP012548.1_3618,CP001487.1_714,CP003000.1_3382,CP142614.1_3347,CP142623.1_3009
contig_4863	3885222	3885463	3885445	exon	AP012548.1_3618,CP001487.1_714,CP003000.1_3382,CP142614.1_3347,CP142623.1_3009
contig_4863	3885222	3885463	3885794	gene	AP012548.1_3618,CP001487.1_714,CP003000.1_3382,CP142614.1_3347,CP142623.1_3009
contig_4863	3885222	3885463	3885794	mRNA	AP012548.1_3618,CP001487.1_714,CP003000.1_3382,CP142614.1_3347,CP142623.1_3009
contig_4863	4134994	4135622	intergenic	.	AP012548.1_1843,AP012548.1_220,CP001429.2_1850,CP001487.1_2522,CP003000.1_809,CP142614.1_1559,CP142614.1_4159,CP142614.1_4160,CP142614.1_4161,CP142623.1_2190,CP142623.1_2191,CP142623.1_569,CP142623.1_570
contig_4863	4426365	4426592	intergenic	.	AP012548.1_3800,CP142614.1_3523,CP142614.1_3524,CP142623.1_2826
contig_4872	899524	899651	intergenic	.	CP001429.2_2741,CP142623.1_3914
contig_4872	2194803	2194956	intergenic	.	AP012548.1_1933,AP012548.1_531,CP001487.1_2432,CP142614.1_1649,CP142623.1_1881
contig_4878	355181	355278	intergenic	.	AP012548.1_3140,CP001487.1_1188
contig_4878	2261425	2261574	intergenic	.	AP012548.1_2388,CP001429.2_2403,CP001487.1_1978,CP003000.1_2145,CP142614.1_2107
contig_4878	2262268	2262397	intergenic	.	CP001487.1_2430,CP003000.1_716
contig_4878	2963235	2963350	intergenic	.	AP012548.1_2021,CP001429.2_2029,CP001487.1_2345,CP003000.1_644,CP142614.1_1737,CP142623.1_391,CP142623.1_392
contig_4878	3015192	3015333	3119830	gene	AP012548.1_2227,AP012548.1_2228,CP142614.1_1945,CP142623.1_184
contig_4878	3015192	3015333	3119830	mRNA	AP012548.1_2227,AP012548.1_2228,CP142614.1_1945,CP142623.1_184
contig_4878	3412368	3412457	intergenic	.	CP142614.1_2835
contig_4878	4737814	4737932	intergenic	.	AP012548.1_1406,CP001487.1_2959,CP142614.1_1123,CP142623.1_1006
contig_4878	5135180	5135476	intergenic	.	AP012548.1_2649,CP001487.1_1675,CP142614.1_2367,CP142614.1_2368,CP142623.1_3973,CP142623.1_3974
contig_4878	5599966	5600238	intergenic	.	AP012548.1_995,CP001487.1_3370,CP001487.1_3713,CP003000.1_1866,CP142614.1_713,CP142623.1_1417,CP142623.1_1781
contig_4878	5783137	5783391	intergenic	.	AP012548.1_1953,CP001429.2_1961,CP001487.1_2412,CP142614.1_1669,CP142623.1_459
contig_4878	5949683	5949770	intergenic	.	AP012548.1_4027
contig_4878	6412477	6412558	intergenic	.	AP012548.1_916,CP142614.1_634,CP142623.1_1498
contig_4878	7342813	7342963	intergenic	.	CP142623.1_1187
contig_4878	7554391	7554493	intergenic	.	AP012548.1_822,CP001487.1_3525,CP142614.1_540,CP142623.1_1591
contig_4878	8467968	8468362	intergenic	.	AP012548.1_1065,AP012548.1_3040,CP003000.1_2154,CP142614.1_2769,CP142614.1_3716,CP142614.1_784,CP142623.1_1347,CP142623.1_2633,CP142623.1_3582
contig_4878	8540486	8540633	intergenic	.	AP012548.1_33,CP142614.1_3973
contig_4878	8894268	8894402	intergenic	.	CP142614.1_2523
contig_4878	8939126	8939273	intergenic	.	CP142614.1_2933
contig_4878	9124555	9124961	intergenic	.	AP012548.1_1208,AP012548.1_95,AP012548.1_96,CP001487.1_16,CP142614.1_4035,CP142614.1_925,CP142623.1_1203,CP142623.1_2314,CP142623.1_2315
contig_4878	9252508	9252700	intergenic	.	AP012548.1_642,AP012548.1_643,CP001487.1_3702,CP142614.1_359,CP142614.1_360,CP142623.1_1771,CP142623.1_1772
contig_4878	9612253	9612543	9647945	mRNA	AP012548.1_291,CP001487.1_4068,CP142614.1_7,CP142614.1_8,CP142623.1_2118
contig_4878	9612253	9612543	9648069	gene	AP012548.1_291,CP001487.1_4068,CP142614.1_7,CP142614.1_8,CP142623.1_2118
contig_4878	9630552	9630641	9630646	CDS	AP012548.1_2698,CP142614.1_2417
contig_4878	9630552	9630641	9630646	exon	AP012548.1_2698,CP142614.1_2417
contig_4878	9630552	9630641	9630646	gene	AP012548.1_2698,CP142614.1_2417
contig_4878	9630552	9630641	9630646	mRNA	AP012548.1_2698,CP142614.1_2417
contig_4878	9630552	9630641	9647945	mRNA	AP012548.1_2698,CP142614.1_2417
contig_4878	9630552	9630641	9648069	gene	AP012548.1_2698,CP142614.1_2417
contig_4878	9723973	9724249	intergenic	.	AP012548.1_2187,AP012548.1_904,CP142614.1_622,CP142623.1_1510
contig_4878	9762402	9762558	9805520	mRNA	CP142614.1_3844,CP142623.1_2506
contig_4878	9762402	9762558	9805798	gene	CP142614.1_3844,CP142623.1_2506
contig_4878	9912837	9913033	intergenic	.	AP012548.1_4076,CP001429.2_4116,CP001487.1_255,CP003000.1_3786,CP142614.1_3799,CP142623.1_2550
contig_4878	9965113	9965241	intergenic	.	AP012548.1_117,CP142614.1_4057,CP142623.1_2293
contig_4878	10607558	10607817	10611218	mRNA	AP012548.1_3711,AP012548.1_3712,CP142614.1_3435,CP142623.1_2914
contig_4878	10607558	10607817	10611308	gene	AP012548.1_3711,AP012548.1_3712,CP142614.1_3435,CP142623.1_2914
contig_4878	11282917	11283043	11332551	mRNA	AP012548.1_210
contig_4878	11282917	11283043	11332838	gene	AP012548.1_210
contig_4878	11360940	11361035	11416070	mRNA	AP012548.1_2558
contig_4878	11360940	11361035	11416301	gene	AP012548.1_2558
contig_4878	12045145	12045252	intergenic	.	AP012548.1_2354,CP001429.2_2368
contig_4878	13295864	13295976	intergenic	.	CP142614.1_2625,CP142623.1_3727
contig_4878	13813086	13813405	intergenic	.	AP012548.1_1645,AP012548.1_1646,CP001487.1_2720,CP001487.1_2721,CP142614.1_1361,CP142614.1_1362,CP142623.1_767
contig_4878	13820356	13820494	intergenic	.	AP012548.1_1089,CP001429.2_1078,CP001487.1_3276,CP142614.1_808,CP142623.1_1322,CP142623.1_1323
contig_4878	14763819	14764183	intergenic	.	AP012548.1_1893,AP012548.1_1894,CP001429.2_1901,CP001487.1_2470,CP001487.1_2471,CP001487.1_4033,CP003000.1_283,CP142614.1_1609,CP142614.1_1610,CP142614.1_43,CP142623.1_2082,CP142623.1_518,CP142623.1_519
contig_4878	15236712	15236991	intergenic	.	AP012548.1_4210,AP012548.1_4211,CP001429.2_4240,CP001429.2_4241,CP001487.1_118,CP003000.1_3909,CP142614.1_3933,CP142614.1_3934,CP142623.1_2416,CP142623.1_2417
contig_4878	15456465	15456620	intergenic	.	AP012548.1_1470,CP001487.1_2894,CP003000.1_1115,CP142614.1_1187,CP142623.1_941
contig_4878	16701526	16701676	16760364	gene	CP001487.1_2548,CP142623.1_596
contig_4878	16701526	16701676	16760364	mRNA	CP001487.1_2548,CP142623.1_596
contig_4878	16797373	16797619	intergenic	.	AP012548.1_3784,CP001487.1_546,CP142614.1_3507,CP142614.1_3510,CP142623.1_2842,CP142623.1_2843
contig_4878	16849702	16849858	intergenic	.	AP012548.1_3478,AP012548.1_3479,CP142614.1_3207,CP142623.1_3148
contig_4878	17004707	17004941	intergenic	.	AP012548.1_1812,CP142614.1_1528,CP142623.1_600,CP142623.1_601
contig_4878	17163968	17164142	intergenic	.	AP012548.1_2563,CP142614.1_2281,CP142623.1_4060
contig_4878	17388996	17389334	intergenic	.	AP012548.1_1240,AP012548.1_1241,CP001429.2_1248,CP001487.1_3123,CP142614.1_957,CP142614.1_958,CP142614.1_959,CP142623.1_1170,CP142623.1_1171
contig_4878	17401853	17401941	intergenic	.	AP012548.1_689,CP142614.1_407,CP142623.1_1725
contig_4878	17545913	17546169	intergenic	.	AP012548.1_370,AP012548.1_4120,CP142623.1_2039
contig_4878	17671528	17671690	intergenic	.	AP012548.1_1451,CP001487.1_2914,CP142614.1_1168,CP142623.1_961
contig_4878	17936185	17936541	17937931	gene	AP012548.1_2185,AP012548.1_2186,CP001429.2_3915,CP001487.1_2179,CP001487.1_2180,CP142614.1_1902,CP142614.1_1903,CP142623.1_225,CP142623.1_226
contig_4878	17936185	17936541	17937931	mRNA	AP012548.1_2185,AP012548.1_2186,CP001429.2_3915,CP001487.1_2179,CP001487.1_2180,CP142614.1_1902,CP142614.1_1903,CP142623.1_225,CP142623.1_226
contig_4878	18544348	18544431	intergenic	.	AP012548.1_3087,CP001487.1_1240,CP003000.1_2863,CP142614.1_2816,CP142623.1_3534,CP142623.1_3535
contig_4878	18809847	18809925	18878408	gene	AP012548.1_746,CP001487.1_3601,CP142614.1_464,CP142623.1_1668
contig_4878	18809847	18809925	18878408	mRNA	AP012548.1_746,CP001487.1_3601,CP142614.1_464,CP142623.1_1668
contig_4878	18948638	18948725	intergenic	.	AP012548.1_1206,CP142614.1_923
contig_4878	19312363	19312587	19312432	gene	AP012548.1_3737,AP012548.1_3738,CP001487.1_595,CP003000.1_3492,CP142614.1_3460,CP142614.1_3461,CP142623.1_2888,CP142623.1_2889
contig_4878	19312363	19312587	19312432	polyA_signal_sequence	AP012548.1_3737,AP012548.1_3738,CP001487.1_595,CP003000.1_3492,CP142614.1_3460,CP142614.1_3461,CP142623.1_2888,CP142623.1_2889
contig_4878	19312432	19312587	intergenic	.	AP012548.1_3737,AP012548.1_3738,CP001487.1_595,CP003000.1_3492,CP142614.1_3460,CP142614.1_3461,CP142623.1_2888,CP142623.1_2889
contig_4878	19312936	19313029	intergenic	.	AP012548.1_974
contig_4878	19399593	19399719	intergenic	.	CP142614.1_1988,CP142623.1_141
contig_4878	19726394	19726495	intergenic	.	CP142623.1_2210
contig_4883	143143	143538	intergenic	.	AP012548.1_2761,AP012548.1_817,CP001487.1_3531,CP142614.1_2480,CP142623.1_1597,CP142623.1_3861
contig_4883	288430	288585	intergenic	.	CP001487.1_429,CP142614.1_3625
contig_4883	377502	377652	intergenic	.	CP142614.1_1265
contig_4883	687630	687807	intergenic	.	AP012548.1_1671,CP142614.1_1387,CP142623.1_742
contig_4883	836713	836823	836845	gene	AP012548.1_1234,CP142623.1_1177
contig_4883	960502	960601	999725	mRNA	CP003000.1_1074
contig_4883	960502	960601	999949	gene	CP003000.1_1074
contig_4883	1015734	1015982	intergenic	.	AP012548.1_3935,AP012548.1_3936,CP001487.1_395,CP142614.1_3659,CP142623.1_2690,CP142623.1_2691
contig_4883	1330623	1330762	intergenic	.	AP012548.1_2515,CP001429.2_2755,CP001487.1_1603
contig_4883	1814009	1814219	intergenic	.	AP012548.1_2716,CP001429.2_2086,CP142614.1_2435,CP142623.1_3906
contig_4883	2218681	2218807	intergenic	.	AP012548.1_640,CP001487.1_3705,CP142614.1_357,CP142623.1_1774
contig_4883	2243676	2243989	intergenic	.	AP012548.1_726,CP001429.2_1189,CP001487.1_3563,CP003000.1_1383,CP142614.1_444,CP142623.1_1688
contig_4883	2394063	2394300	2397698	mRNA	AP012548.1_441,CP001429.2_446,CP001487.1_3910,CP142614.1_159,CP142614.1_160,CP142623.1_1967,CP142623.1_1968
contig_4883	2394063	2394300	2397935	gene	AP012548.1_441,CP001429.2_446,CP001487.1_3910,CP142614.1_159,CP142614.1_160,CP142623.1_1967,CP142623.1_1968
contig_4883	2510476	2510631	intergenic	.	AP012548.1_1233,CP003000.1_1350,CP142614.1_950,CP142623.1_1178
contig_4883	2668886	2669133	2671103	gene	AP012548.1_2197,AP012548.1_2198,CP001429.2_2209,CP001487.1_2168,CP003000.1_477,CP142614.1_1914,CP142614.1_1915,CP142623.1_214
contig_4883	2668886	2669133	2671103	mRNA	AP012548.1_2197,AP012548.1_2198,CP001429.2_2209,CP001487.1_2168,CP003000.1_477,CP142614.1_1914,CP142614.1_1915,CP142623.1_214
contig_4883	3141585	3141838	intergenic	.	AP012548.1_297,AP012548.1_298,CP142614.1_14,CP142623.1_2111,CP142623.1_2112
contig_4883	3207479	3207616	intergenic	.	AP012548.1_2227,CP142614.1_1944
contig_4883	3396710	3396905	3397320	gene	CP001429.2_3258,CP142614.1_2950,CP142623.1_3399
contig_4883	3396710	3396905	3397320	mRNA	CP001429.2_3258,CP142614.1_2950,CP142623.1_3399
contig_4883	3496978	3497125	intergenic	.	AP012548.1_3004
contig_4883	3510753	3511012	intergenic	.	AP012548.1_3984,AP012548.1_3985,CP001487.1_345,CP001487.1_346,CP003000.1_3695,CP142614.1_3708,CP142623.1_2641,CP142623.1_2642
contig_4883	3566240	3566624	intergenic	.	AP012548.1_3401,AP012548.1_3402,CP001487.1_928,CP001487.1_929,CP001487.1_930,CP003000.1_3168,CP003000.1_3169,CP142614.1_3131,CP142614.1_3132,CP142623.1_3223,CP142623.1_3224
contig_4883	3567014	3567146	intergenic	.	CP142614.1_64,CP142623.1_2062
contig_4883	3638451	3638790	intergenic	.	AP012548.1_3997,AP012548.1_3998,CP001429.2_4036,CP001487.1_333,CP001487.1_334,CP003000.1_3707,CP003000.1_3708,CP142614.1_3720,CP142614.1_3721,CP142623.1_2628,CP142623.1_2629
contig_4883	3758713	3759297	intergenic	.	AP012548.1_390,AP012548.1_531,AP012548.1_927,AP012548.1_928,CP001429.2_935,CP001429.2_936,CP001487.1_3961,CP003000.1_1618,CP142614.1_249,CP142614.1_645,CP142614.1_646,CP142623.1_1486,CP142623.1_1882,CP142623.1_2018
contig_4883	3900692	3900928	intergenic	.	AP012548.1_2801,CP001429.2_2834,CP003000.1_2590,CP142614.1_2520,CP142623.1_3821,CP142623.1_3822
contig_4883	4771015	4771108	4797465	mRNA	AP012548.1_3841,CP142614.1_3565,CP142623.1_2785
contig_4883	4771015	4771108	4797605	gene	AP012548.1_3841,CP142614.1_3565,CP142623.1_2785
contig_4951	388691	389098	intergenic	.	AP012548.1_1674,AP012548.1_3221,CP001487.1_2691,CP003000.1_977,CP142614.1_1390,CP142614.1_2949,CP142623.1_738,CP142623.1_739
contig_4951	506843	507042	intergenic	.	AP012548.1_1102,AP012548.1_1630,CP001429.2_1091,CP001429.2_1636,CP142614.1_1347,CP142614.1_821,CP142623.1_1310
contig_4951	1121704	1122127	intergenic	.	AP012548.1_1778,AP012548.1_412,AP012548.1_413,CP142614.1_130,CP142614.1_1494,CP142623.1_1996
contig_4961	378348	378598	intergenic	.	AP012548.1_3222,CP001429.2_3259,CP001487.1_1106,CP001487.1_1107,CP142614.1_2951,CP142623.1_3398
contig_4994	1219778	1219874	1346875	mRNA	CP003000.1_2009,CP142614.1_204
contig_4994	1219778	1219874	1346944	gene	CP003000.1_2009,CP142614.1_204
contig_4994	2468659	2468738	2507305	mRNA	CP142614.1_1450
contig_4994	2468659	2468738	2507323	gene	CP142614.1_1450
contig_4994	3107793	3107927	intergenic	.	AP012548.1_1232,CP142614.1_949,CP142623.1_1179,CP142623.1_1180
contig_4994	3567259	3567353	3647251	gene	AP012548.1_2880
contig_4994	3567259	3567353	3647251	mRNA	AP012548.1_2880
contig_4994	3998635	3998712	intergenic	.	CP001487.1_2058,CP003000.1_2067
contig_4994	4593251	4593387	intergenic	.	AP012548.1_1595,CP142614.1_1311,CP142614.1_1312,CP142623.1_817
contig_4994	4664725	4665137	intergenic	.	AP012548.1_192,AP012548.1_456,AP012548.1_457,CP142614.1_174,CP142614.1_175,CP142614.1_4132,CP142623.1_1951,CP142623.1_1952,CP142623.1_2218
contig_4994	5374833	5375184	intergenic	.	AP012548.1_1113,AP012548.1_1114,CP001429.2_1102,CP142614.1_832,CP142614.1_833,CP142623.1_1298,CP142623.1_1299
contig_4994	5414977	5415082	5430876	gene	AP012548.1_1444,CP142614.1_1161,CP142623.1_967
contig_4994	5414977	5415082	5430876	mRNA	AP012548.1_1444,CP142614.1_1161,CP142623.1_967
contig_5007	162583	162986	intergenic	.	AP012548.1_950,AP012548.1_951,CP142614.1_668,CP142614.1_670,CP142623.1_1461,CP142623.1_1462,CP142623.1_1463
contig_5007	818239	818346	843525	gene	AP012548.1_1540,CP001429.2_1547,CP142614.1_1257,CP142623.1_871
contig_5007	818239	818346	843525	mRNA	AP012548.1_1540,CP001429.2_1547,CP142614.1_1257,CP142623.1_871
contig_5007	971443	971574	intergenic	.	AP012548.1_1701,CP142614.1_1416,CP142614.1_1417,CP142623.1_712
contig_5007	1467242	1467332	1481726	gene	AP012548.1_827,CP001429.2_834,CP142614.1_545,CP142623.1_1587
contig_5007	1467242	1467332	1481726	mRNA	AP012548.1_827,CP001429.2_834,CP142614.1_545,CP142623.1_1587
contig_5007	5304933	5305237	5314256	mRNA	AP012548.1_1706,AP012548.1_1707,CP001429.2_1714,CP001487.1_2658,CP142614.1_1422,CP142614.1_1423,CP142623.1_706,CP142623.1_707
contig_5007	5304933	5305237	5314305	gene	AP012548.1_1706,AP012548.1_1707,CP001429.2_1714,CP001487.1_2658,CP142614.1_1422,CP142614.1_1423,CP142623.1_706,CP142623.1_707
contig_5118	163412	163588	intergenic	.	AP012548.1_1425,CP001429.2_1433,CP003000.1_1159,CP142614.1_1142,CP142614.1_1143,CP142623.1_986
contig_5118	1259107	1259246	intergenic	.	AP012548.1_233,CP142614.1_4173
contig_5118	1931256	1931341	intergenic	.	AP012548.1_3364,CP142614.1_3094,CP142623.1_3260,CP142623.1_3261
contig_5118	2060651	2060737	intergenic	.	CP142614.1_3093,CP142623.1_3261
contig_5118	2271449	2271533	intergenic	.	CP001487.1_1216
contig_5118	2428934	2429304	intergenic	.	AP012548.1_2182,AP012548.1_940,CP142614.1_1899,CP142614.1_659,CP142623.1_1472
contig_5122	4343243	4343452	intergenic	.	AP012548.1_1913,AP012548.1_3351,CP001487.1_979,CP142614.1_1629,CP142614.1_3081,CP142623.1_3273,CP142623.1_499
contig_5137	291483	291603	intergenic	.	AP012548.1_2304,CP001487.1_2062,CP001487.1_2063,CP142614.1_2021,CP142623.1_108
contig_5137	1030774	1030915	intergenic	.	CP142614.1_4169
contig_5137	1877385	1877604	intergenic	.	AP012548.1_3646,CP001429.2_3690,CP001487.1_686,CP142614.1_3374,CP142623.1_2980,CP142623.1_2981
contig_5137	2584282	2584517	intergenic	.	AP012548.1_3968,AP012548.1_3969,CP001429.2_4008,CP003000.1_3679,CP142614.1_3692,CP142623.1_2657,CP142623.1_2658
contig_5137	4152545	4152686	intergenic	.	CP142623.1_668
contig_5137	4180654	4180837	intergenic	.	AP012548.1_674,CP001429.2_686,CP001487.1_3671,CP142614.1_391,CP142623.1_1740
contig_5137	4784346	4784518	4834413	gene	AP012548.1_1889,AP012548.1_389,CP142614.1_107,CP142623.1_2020
contig_5137	4784346	4784518	4834413	mRNA	AP012548.1_1889,AP012548.1_389,CP142614.1_107,CP142623.1_2020
contig_5137	4933351	4933484	4951277	gene	CP142614.1_2527
contig_5137	4933351	4933484	4951277	mRNA	CP142614.1_2527
contig_5137	5747348	5747531	intergenic	.	AP012548.1_3207,AP012548.1_3208,CP142614.1_2936,CP142623.1_3412
contig_5137	6783945	6784034	intergenic	.	AP012548.1_2951,CP001429.2_2988,CP142614.1_2680,CP142623.1_3672
contig_5137	8449740	8449817	intergenic	.	AP012548.1_3715,CP142614.1_3438
contig_5137	8585070	8585152	intergenic	.	AP012548.1_882,CP003000.1_1663,CP142614.1_600,CP142623.1_1532
contig_5137	10352957	10353240	intergenic	.	AP012548.1_3151,AP012548.1_3228,AP012548.1_444,CP142614.1_162,CP142614.1_2957,CP142623.1_1964,CP142623.1_3392
contig_5137	11900282	11900413	intergenic	.	AP012548.1_2854,CP142614.1_2583,CP142623.1_3768
contig_5137	12142331	12142522	intergenic	.	AP012548.1_1422,AP012548.1_1423,CP001429.2_1429,CP001487.1_2942,CP003000.1_1163,CP142614.1_1139,CP142614.1_1140,CP142623.1_989
contig_5154	128892	129100	intergenic	.	AP012548.1_720,CP001487.1_3626,CP003000.1_1822,CP142614.1_438
contig_5154	456410	456663	intergenic	.	AP012548.1_1050,CP001487.1_647,CP142614.1_769
contig_5154	1355976	1356118	1378908	mRNA	AP012548.1_2270,CP001429.2_2284,CP142614.1_1987,CP142623.1_142
contig_5154	1355976	1356118	1378925	gene	AP012548.1_2270,CP001429.2_2284,CP142614.1_1987,CP142623.1_142
contig_5154	1392306	1392509	intergenic	.	AP012548.1_4102,CP001487.1_397,CP142614.1_3657,CP142614.1_3825,CP142623.1_2692
contig_5154	1512741	1512872	1532303	gene	CP142614.1_3754,CP142623.1_2595
contig_5154	1512741	1512872	1532303	mRNA	CP142614.1_3754,CP142623.1_2595
contig_5154	3387956	3388229	intergenic	.	CP003000.1_2875,CP142614.1_2828,CP142614.1_2829
contig_5154	3654019	3654165	intergenic	.	AP012548.1_195,CP003000.1_183
contig_5154	3682036	3682492	intergenic	.	AP012548.1_938,AP012548.1_939,CP142614.1_656,CP142614.1_657,CP142614.1_658,CP142623.1_1473,CP142623.1_1475
contig_5154	3750894	3751093	intergenic	.	AP012548.1_536,CP142614.1_255,CP142623.1_1876
contig_5154	3924369	3924760	3924510	stop_codon	AP012548.1_1697,AP012548.1_1698,AP012548.1_653,CP142614.1_1413,CP142614.1_1414,CP142614.1_370,CP142623.1_1761,CP142623.1_715,CP142623.1_716
contig_5154	3924369	3924760	3924791	CDS	AP012548.1_1697,AP012548.1_1698,AP012548.1_653,CP142614.1_1413,CP142614.1_1414,CP142614.1_370,CP142623.1_1761,CP142623.1_715,CP142623.1_716
contig_5154	3924369	3924760	3924791	exon	AP012548.1_1697,AP012548.1_1698,AP012548.1_653,CP142614.1_1413,CP142614.1_1414,CP142614.1_370,CP142623.1_1761,CP142623.1_715,CP142623.1_716
contig_5154	3924369	3924760	4019148	gene	AP012548.1_1697,AP012548.1_1698,AP012548.1_653,CP142614.1_1413,CP142614.1_1414,CP142614.1_370,CP142623.1_1761,CP142623.1_715,CP142623.1_716
contig_5154	3924369	3924760	4019148	mRNA	AP012548.1_1697,AP012548.1_1698,AP012548.1_653,CP142614.1_1413,CP142614.1_1414,CP142614.1_370,CP142623.1_1761,CP142623.1_715,CP142623.1_716
contig_5154	4000433	4000516	4019148	gene	CP142623.1_3217
contig_5154	4000433	4000516	4019148	mRNA	CP142623.1_3217
contig_5154	4236920	4237183	intergenic	.	CP003000.1_536,CP142614.1_1846,CP142614.1_1847
contig_5154	4293663	4293825	intergenic	.	AP012548.1_3731,CP142614.1_3454,CP142623.1_2895
contig_5154	4295720	4295976	intergenic	.	AP012548.1_414,AP012548.1_415,CP142614.1_132,CP142614.1_134
contig_5154	4383455	4383767	intergenic	.	AP012548.1_1901,AP012548.1_1902,CP001487.1_2463,CP142614.1_1616,CP142614.1_1617,CP142623.1_511,CP142623.1_512
contig_5154	4457036	4457391	intergenic	.	CP142614.1_2149,CP142623.1_4047,CP142623.1_4191
contig_5188	920623	920773	973063	gene	CP001487.1_4124,CP142614.1_4175
contig_5188	920623	920773	973063	mRNA	CP001487.1_4124,CP142614.1_4175
contig_5188	1657540	1657641	intergenic	.	CP142614.1_2883
contig_5188	2181454	2181626	intergenic	.	AP012548.1_4100,CP142614.1_3822,CP142623.1_2527
contig_5188	2419480	2419582	intergenic	.	CP142623.1_3515
contig_5371	214486	214912	intergenic	.	AP012548.1_3378,CP001429.2_3421,CP001487.1_952,CP003000.1_3144,CP142614.1_3107,CP142614.1_3108,CP142623.1_3246
contig_5371	1073188	1073310	intergenic	.	AP012548.1_651,CP001487.1_3694,CP142614.1_368,CP142623.1_1763
contig_5381	33067	33250	intergenic	.	AP012548.1_39,CP001487.1_72,CP003000.1_39,CP142614.1_3979,CP142623.1_2371
contig_5456	55270	55387	intergenic	.	AP012548.1_1220,CP001487.1_3144,CP142614.1_938,CP142623.1_1191
contig_5456	118029	118326	intergenic	.	AP012548.1_3050,CP142614.1_2778,CP142614.1_2779,CP142623.1_3572
contig_5456	150216	150341	intergenic	.	AP012548.1_3055,CP142614.1_2784
contig_5456	376515	376717	intergenic	.	AP012548.1_3729,CP142614.1_3452,CP142623.1_2897
contig_5456	600162	600281	intergenic	.	CP142614.1_3667,CP142623.1_2682
contig_5456	720120	720370	intergenic	.	AP012548.1_1936,CP001487.1_2429,CP142614.1_1652,CP142623.1_477
contig_5456	895635	895826	intergenic	.	AP012548.1_1205,CP001429.2_1194,CP001487.1_3160,CP003000.1_1377,CP142614.1_922,CP142623.1_1206,CP142623.1_1207
contig_5456	1302419	1302712	1312024	gene	CP142614.1_1047,CP142623.1_3595
contig_5456	1302419	1302712	1312024	mRNA	CP142614.1_1047,CP142623.1_3595
contig_5456	1601572	1601668	1605658	mRNA	AP012548.1_2939,CP142614.1_2669,CP142623.1_3684
contig_5456	1601572	1601668	1606014	gene	AP012548.1_2939,CP142614.1_2669,CP142623.1_3684
contig_5456	2272347	2272529	2278616	gene	AP012548.1_3971,CP001429.2_3131,CP001487.1_1234,CP142614.1_2822,CP142614.1_3694,CP142623.1_2656,CP142623.1_3528
contig_5456	2272347	2272529	2278616	mRNA	AP012548.1_3971,CP001429.2_3131,CP001487.1_1234,CP142614.1_2822,CP142614.1_3694,CP142623.1_2656,CP142623.1_3528
contig_5456	2272843	2272969	2278616	gene	AP012548.1_3969,CP142614.1_3693,CP142623.1_2656
contig_5456	2272843	2272969	2278616	mRNA	AP012548.1_3969,CP142614.1_3693,CP142623.1_2656
contig_5456	2301220	2301435	intergenic	.	AP012548.1_1803,AP012548.1_1804,CP142614.1_1519,CP142614.1_1520,CP142623.1_609,CP142623.1_610
contig_5456	2369491	2369609	2453246	mRNA	AP012548.1_2796,CP142614.1_2515,CP142623.1_3826
contig_5456	2369491	2369609	2453661	gene	AP012548.1_2796,CP142614.1_2515,CP142623.1_3826
contig_5456	2389076	2389449	2453246	mRNA	AP012548.1_196,AP012548.1_4181
contig_5456	2389076	2389449	2453661	gene	AP012548.1_196,AP012548.1_4181
contig_5456	2953567	2953915	intergenic	.	AP012548.1_2594,AP012548.1_3045,CP003000.1_2821,CP142614.1_1357,CP142614.1_2313,CP142614.1_2774,CP142623.1_2645,CP142623.1_3577,CP142623.1_4028,CP142623.1_772
contig_5456	3151186	3151401	intergenic	.	AP012548.1_3096,CP142614.1_2824,CP142614.1_2825,CP142623.1_3526
contig_5456	3202179	3202329	intergenic	.	CP142623.1_1579
contig_5456	3645700	3645849	intergenic	.	AP012548.1_134,CP142614.1_4074,CP142623.1_2276
contig_5456	3646172	3646293	intergenic	.	AP012548.1_135,CP142614.1_4075,CP142623.1_2275
contig_5456	3854633	3854842	intergenic	.	AP012548.1_2034,CP142614.1_1751,CP142623.1_379
contig_5456	4085994	4086580	intergenic	.	AP012548.1_1900,AP012548.1_3643,CP001429.2_835,CP001487.1_1305,CP001487.1_3519,CP003000.1_1715,CP142614.1_1616,CP142614.1_2751,CP142623.1_1586,CP142623.1_2984,CP142623.1_3599,CP142623.1_512,CP142623.1_513
contig_5456	4462662	4463048	intergenic	.	AP012548.1_4052,AP012548.1_4053,CP003000.1_3761,CP142614.1_3774,CP142614.1_3776,CP142623.1_2573,CP142623.1_2574,CP142623.1_2575
contig_5456	4913645	4913908	intergenic	.	AP012548.1_806,AP012548.1_807,CP001487.1_3541,CP142614.1_524,CP142614.1_525,CP142623.1_1607,CP142623.1_1608
contig_5456	5413628	5413728	intergenic	.	AP012548.1_1096,CP142614.1_815
contig_5456	5597789	5597909	intergenic	.	CP142614.1_3221
contig_5456	5832393	5832735	intergenic	.	AP012548.1_3836,AP012548.1_911,AP012548.1_912,CP001487.1_3434,CP003000.1_1634,CP142614.1_3560,CP142614.1_629,CP142614.1_630,CP142623.1_1501,CP142623.1_1502,CP142623.1_2790
contig_5456	5857117	5857329	intergenic	.	AP012548.1_1531,AP012548.1_2762,CP142614.1_1248,CP142614.1_2481,CP142623.1_880
contig_5456	5886889	5887203	intergenic	.	AP012548.1_2046,AP012548.1_2047,AP012548.1_2048,CP001487.1_2318,CP142614.1_1763,CP142614.1_1764,CP142614.1_1765,CP142623.1_365,CP142623.1_366
contig_5456	5902046	5902327	intergenic	.	CP001429.2_1526,CP001487.1_2846,CP142614.1_2136,CP142623.1_4205
contig_5456	6239150	6239291	intergenic	.	AP012548.1_1404,CP142614.1_1122,CP142623.1_1007
contig_5456	6446878	6447199	6453770	mRNA	AP012548.1_2900,CP142614.1_2630,CP142623.1_3723,CP142623.1_3724
contig_5456	6446878	6447199	6453857	gene	AP012548.1_2900,CP142614.1_2630,CP142623.1_3723,CP142623.1_3724
contig_5456	6571146	6571463	intergenic	.	AP012548.1_3000,CP142614.1_2728,CP142614.1_2729,CP142623.1_3623
contig_5456	6745164	6745247	intergenic	.	CP003000.1_568,CP142614.1_1815,CP142623.1_313
contig_5456	6909893	6909994	intergenic	.	AP012548.1_1069,CP142614.1_788
contig_5456	6910210	6910295	intergenic	.	CP142623.1_1343
contig_5456	6964827	6965122	intergenic	.	AP012548.1_435,AP012548.1_700,CP001487.1_3646,CP142614.1_154,CP142614.1_418,CP142623.1_1714,CP142623.1_1973
contig_5456	7521584	7521607	intergenic	.	AP012548.1_3147,AP012548.1_3148,CP001429.2_3184,CP003000.1_2922,CP142614.1_2876,CP142623.1_3474
contig_5456	7521584	7521735	7521610	start_codon	AP012548.1_3147,AP012548.1_3148,CP001429.2_3184,CP003000.1_2922,CP142614.1_2876,CP142623.1_3474
contig_5456	7521584	7521735	7521777	CDS	AP012548.1_3147,AP012548.1_3148,CP001429.2_3184,CP003000.1_2922,CP142614.1_2876,CP142623.1_3474
contig_5456	7521584	7521735	7521777	exon	AP012548.1_3147,AP012548.1_3148,CP001429.2_3184,CP003000.1_2922,CP142614.1_2876,CP142623.1_3474
contig_5456	7521584	7521735	7564593	mRNA	AP012548.1_3147,AP012548.1_3148,CP001429.2_3184,CP003000.1_2922,CP142614.1_2876,CP142623.1_3474
contig_5456	7521584	7521735	7564644	gene	AP012548.1_3147,AP012548.1_3148,CP001429.2_3184,CP003000.1_2922,CP142614.1_2876,CP142623.1_3474
contig_5456	7792866	7793386	intergenic	.	AP012548.1_2037,AP012548.1_935,CP142614.1_1754,CP142614.1_564,CP142614.1_653,CP142623.1_1478,CP142623.1_1479,CP142623.1_376
contig_5456	7808367	7808481	intergenic	.	CP001429.2_2190,CP001487.1_2184,CP142614.1_1898,CP142623.1_230
contig_5456	7899874	7900061	7935331	mRNA	AP012548.1_3441,AP012548.1_3442,CP001487.1_888,CP142614.1_3169,CP142614.1_3170,CP142623.1_3184,CP142623.1_3185
contig_5456	7899874	7900061	7935425	gene	AP012548.1_3441,AP012548.1_3442,CP001487.1_888,CP142614.1_3169,CP142614.1_3170,CP142623.1_3184,CP142623.1_3185
contig_5456	7920528	7920665	7935331	mRNA	AP012548.1_2265,CP142614.1_1982,CP142623.1_147
contig_5456	7920528	7920665	7935425	gene	AP012548.1_2265,CP142614.1_1982,CP142623.1_147
contig_5456	8006450	8006678	intergenic	.	AP012548.1_1277,CP001429.2_1283,CP001487.1_3088,CP142614.1_994,CP142623.1_1134
contig_5456	8068455	8068716	intergenic	.	AP012548.1_1612,CP001429.2_1619,CP001487.1_2753,CP003000.1_1030,CP142614.1_1329,CP142614.1_2241,CP142623.1_4100,CP142623.1_800
contig_5456	8099009	8099317	8107332	gene	AP012548.1_3686,AP012548.1_3687,CP142614.1_3409,CP142614.1_3410,CP142623.1_2939,CP142623.1_2940
contig_5456	8099009	8099317	8107332	mRNA	AP012548.1_3686,AP012548.1_3687,CP142614.1_3409,CP142614.1_3410,CP142623.1_2939,CP142623.1_2940
contig_5456	8231204	8231336	8298789	gene	AP012548.1_2624,CP142614.1_2343,CP142623.1_3998
contig_5456	8231204	8231336	8298789	mRNA	AP012548.1_2624,CP142614.1_2343,CP142623.1_3998
contig_5456	8776576	8776778	intergenic	.	AP012548.1_2290,AP012548.1_3640,CP001429.2_2304,CP142614.1_2007,CP142614.1_3368,CP142623.1_122,CP142623.1_2987
contig_5456	8943969	8944180	8980425	mRNA	AP012548.1_2401,AP012548.1_417,CP142614.1_2120,CP142623.1_11
contig_5456	8943969	8944180	8980669	gene	AP012548.1_2401,AP012548.1_417,CP142614.1_2120,CP142623.1_11
contig_5456	9047280	9047437	9059126	mRNA	AP012548.1_2808,CP001429.2_2840,CP001487.1_1518,CP003000.1_2597,CP142614.1_2537
contig_5456	9047280	9047437	9059286	gene	AP012548.1_2808,CP001429.2_2840,CP001487.1_1518,CP003000.1_2597,CP142614.1_2537
contig_5456	9067094	9067424	intergenic	.	AP012548.1_1672,AP012548.1_1673,CP001487.1_2692,CP001487.1_2693,CP003000.1_980,CP142614.1_1388,CP142614.1_1389,CP142623.1_740,CP142623.1_741
contig_5456	9828330	9828668	intergenic	.	AP012548.1_1044,AP012548.1_1045,CP001487.1_3320,CP003000.1_1537,CP142614.1_763,CP142623.1_1368,CP142623.1_1369
contig_5456	11002058	11002152	11127844	gene	AP012548.1_582,CP001487.1_3763,CP142614.1_299,CP142623.1_1832
contig_5456	11002058	11002152	11127844	mRNA	AP012548.1_582,CP001487.1_3763,CP142614.1_299,CP142623.1_1832
contig_5456	11413892	11414194	11421405	mRNA	AP012548.1_920,CP001487.1_3425,CP142614.1_637,CP142614.1_638,CP142623.1_1493,CP142623.1_1494
contig_5456	11413892	11414194	11421800	gene	AP012548.1_920,CP001487.1_3425,CP142614.1_637,CP142614.1_638,CP142623.1_1493,CP142623.1_1494
contig_5456	12735150	12735303	12765643	mRNA	AP012548.1_305,CP142614.1_21,CP142614.1_22,CP142623.1_2103,CP142623.1_2104
contig_5456	12735150	12735303	12766815	gene	AP012548.1_305,CP142614.1_21,CP142614.1_22,CP142623.1_2103,CP142623.1_2104
contig_5456	13369364	13369449	intergenic	.	AP012548.1_652,CP001429.2_663,CP142623.1_1762
contig_5499	134031	134184	intergenic	.	AP012548.1_123,CP142614.1_4063,CP142623.1_2287
contig_5499	186915	187085	intergenic	.	AP012548.1_3673,CP142614.1_3396
contig_5499	401965	402129	intergenic	.	AP012548.1_3891,CP001429.2_3930,CP142614.1_3614
contig_5499	420620	420803	intergenic	.	AP012548.1_2315,CP001487.1_2051,CP142614.1_2033
contig_5499	433810	434104	intergenic	.	AP012548.1_602,AP012548.1_603,CP142614.1_319,CP142614.1_320,CP142623.1_1810,CP142623.1_1811,CP142623.1_1812
contig_5499	527229	527408	intergenic	.	AP012548.1_3728,CP142614.1_3451
contig_5499	761240	761540	intergenic	.	CP142614.1_2529,CP142614.1_2530
contig_5499	789902	790085	860240	gene	AP012548.1_2886,CP142614.1_2615,CP142623.1_3737,CP142623.1_3738
contig_5499	789902	790085	860240	mRNA	AP012548.1_2886,CP142614.1_2615,CP142623.1_3737,CP142623.1_3738
contig_5499	1151141	1151354	intergenic	.	AP012548.1_1603,AP012548.1_1604,CP001487.1_2762,CP142614.1_1320,CP142614.1_1321,CP142623.1_807,CP142623.1_808
contig_5499	1302674	1302963	intergenic	.	AP012548.1_3243,AP012548.1_3244,CP001487.1_1085,CP001487.1_1086,CP142614.1_2972,CP142614.1_2973,CP142623.1_3381
contig_5499	1446202	1446496	intergenic	.	CP142614.1_78,CP142614.1_79,CP142623.1_2048
contig_5499	1691336	1691467	intergenic	.	AP012548.1_553,CP142614.1_270,CP142623.1_1861
contig_5499	2064099	2064250	2068779	gene	AP012548.1_1991,CP142614.1_1706,CP142614.1_1707,CP142623.1_422
contig_5499	2064099	2064250	2068779	mRNA	AP012548.1_1991,CP142614.1_1706,CP142614.1_1707,CP142623.1_422
contig_5499	2083893	2084005	intergenic	.	AP012548.1_1994,CP003000.1_671,CP142623.1_419
contig_5499	2091710	2091882	intergenic	.	AP012548.1_1995,CP142614.1_1710,CP142623.1_418
contig_5499	2105583	2106030	intergenic	.	AP012548.1_2789,AP012548.1_3379,AP012548.1_3380,CP001429.2_2822,CP001487.1_951,CP003000.1_2579,CP142614.1_2508,CP142614.1_3109,CP142623.1_3245,CP142623.1_3246,CP142623.1_3833
contig_5499	2114278	2114396	intergenic	.	CP142614.1_534
contig_5499	2114674	2114798	intergenic	.	AP012548.1_818,CP003000.1_1726,CP142614.1_535,CP142614.1_536,CP142623.1_1596
contig_5499	2290027	2290222	intergenic	.	AP012548.1_780,CP003000.1_1763,CP142614.1_498,CP142623.1_1634
contig_5499	2831202	2831561	intergenic	.	AP012548.1_249,CP001429.2_252,CP001487.1_4111,CP142614.1_4187,CP142614.1_4188,CP142614.1_4189,CP142623.1_2161,CP142623.1_2162
contig_5499	2891960	2892246	2892182	CDS	AP012548.1_110,CP142614.1_4048,CP142623.1_2302
contig_5499	2891960	2892246	2892182	exon	AP012548.1_110,CP142614.1_4048,CP142623.1_2302
contig_5499	2891960	2892246	2892673	gene	AP012548.1_110,CP142614.1_4048,CP142623.1_2302
contig_5499	2891960	2892246	2892673	mRNA	AP012548.1_110,CP142614.1_4048,CP142623.1_2302
contig_5499	2994137	2994367	intergenic	.	CP001487.1_1133,CP001487.1_4001,CP142614.1_2923,CP142614.1_76
contig_5499	3090788	3090943	intergenic	.	AP012548.1_3703,CP142614.1_3426,CP142623.1_2922,CP142623.1_2923
contig_5499	3206183	3206802	intergenic	.	AP012548.1_244,AP012548.1_246,AP012548.1_247,CP142614.1_4184,CP142614.1_4187,CP142623.1_2164,CP142623.1_2166
contig_5499	3369344	3369485	intergenic	.	AP012548.1_113
contig_5499	3794617	3794697	intergenic	.	AP012548.1_2701,CP001429.2_2735,CP142614.1_2420
contig_5499	3820893	3820979	intergenic	.	CP001487.1_245
contig_5499	3867973	3868266	intergenic	.	CP142614.1_2525,CP142614.1_2526
contig_5499	3896253	3896386	intergenic	.	AP012548.1_3522,CP001487.1_809,CP003000.1_3287,CP142614.1_3251,CP142623.1_3104
contig_5499	4068385	4068545	intergenic	.	AP012548.1_2433,CP142614.1_2151,CP142623.1_4189
contig_5499	4214468	4214648	intergenic	.	AP012548.1_2691,CP142614.1_2410,CP142623.1_3931
contig_5499	4239835	4239980	intergenic	.	CP142623.1_1917
contig_5499	4690633	4690795	intergenic	.	AP012548.1_3160,CP142623.1_3460
contig_5499	4723898	4724306	intergenic	.	AP012548.1_2634,AP012548.1_3714,CP142614.1_2353,CP142614.1_3437,CP142623.1_2911,CP142623.1_3988
contig_5499	4870138	4870275	4870846	gene	CP142614.1_1405
contig_5499	4870138	4870275	4870846	mRNA	CP142614.1_1405
contig_5499	5820534	5820631	5832035	gene	AP012548.1_599,CP001487.1_3746,CP142614.1_316,CP142623.1_1815
contig_5499	5820534	5820631	5832035	mRNA	AP012548.1_599,CP001487.1_3746,CP142614.1_316,CP142623.1_1815
contig_5499	5854197	5854737	intergenic	.	AP012548.1_820,CP142614.1_12,CP142614.1_2264,CP142614.1_3590,CP142614.1_537,CP142623.1_1594,CP142623.1_4077
contig_5499	5926299	5926404	intergenic	.	AP012548.1_748,CP001487.1_3599,CP142614.1_466,CP142623.1_1666
contig_5499	6134189	6134576	intergenic	.	AP012548.1_2356,AP012548.1_2357,CP001487.1_2010,CP142614.1_2075,CP142623.1_55,CP142623.1_56
contig_5499	6286073	6286241	intergenic	.	AP012548.1_2723,CP142614.1_2442,CP142623.1_3899
contig_5499	6522580	6522837	intergenic	.	AP012548.1_2525,AP012548.1_4096,CP142614.1_2244,CP142623.1_4097
contig_5499	6990170	6990295	6996561	gene	AP012548.1_3925,CP142614.1_3648,CP142614.1_3649,CP142623.1_2701
contig_5499	6990170	6990295	6996561	mRNA	AP012548.1_3925,CP142614.1_3648,CP142614.1_3649,CP142623.1_2701
contig_5499	7118181	7118259	intergenic	.	AP012548.1_3904,AP012548.1_3905,CP142614.1_3628,CP142623.1_2721,CP142623.1_2722
contig_5499	7242841	7242939	intergenic	.	CP001487.1_3110,CP003000.1_1328
contig_5499	7285945	7286443	intergenic	.	AP012548.1_1596,AP012548.1_3387,AP012548.1_3388,CP001429.2_1602,CP142614.1_1313,CP142614.1_3118,CP142623.1_3237
contig_5499	7365436	7365701	intergenic	.	AP012548.1_876,CP001429.2_883,CP001487.1_3470,CP001487.1_3471,CP003000.1_1669,CP142623.1_1538
contig_5522	39106	39346	intergenic	.	CP142614.1_1399,CP142614.1_1400,CP142623.1_730
contig_5522	64133	64262	148969	gene	CP142614.1_3731
contig_5522	64133	64262	148969	mRNA	CP142614.1_3731
contig_5522	308384	308852	intergenic	.	AP012548.1_891,CP142614.1_609,CP142623.1_1522,CP142623.1_1523
contig_5522	388911	389113	409250	gene	AP012548.1_455,CP142614.1_173,CP142614.1_174,CP142623.1_1953,CP142623.1_1954
contig_5522	388911	389113	409250	mRNA	AP012548.1_455,CP142614.1_173,CP142614.1_174,CP142623.1_1953,CP142623.1_1954
contig_5522	592996	593215	606877	mRNA	AP012548.1_2767,CP001487.1_1557,CP142614.1_2486,CP142623.1_3855
contig_5522	592996	593215	606891	gene	AP012548.1_2767,CP001487.1_1557,CP142614.1_2486,CP142623.1_3855
contig_5522	729916	730261	intergenic	.	AP012548.1_2409,AP012548.1_2411,AP012548.1_3298,CP001429.2_2424,CP001429.2_2425,CP001487.1_1956,CP001487.1_1957,CP003000.1_2167,CP142614.1_2128,CP142623.1_1,CP142623.1_2
contig_5522	811059	811465	intergenic	.	AP012548.1_3549,AP012548.1_3550,CP001487.1_782,CP142614.1_3278,CP142614.1_3279,CP142614.1_3489,CP142623.1_3076,CP142623.1_3077
contig_5522	1150300	1151012	intergenic	.	AP012548.1_2642,AP012548.1_2643,AP012548.1_2644,CP001429.2_2677,CP001487.1_1678,CP001487.1_1682,CP003000.1_2436,CP142614.1_2362,CP142614.1_2363,CP142614.1_2364,CP142614.1_2365,CP142623.1_3976,CP142623.1_3977,CP142623.1_3978,CP142623.1_3979
contig_5522	1523096	1523342	intergenic	.	AP012548.1_1216,AP012548.1_1217,CP001429.2_1223,CP001487.1_3148,CP142614.1_933,CP142614.1_934,CP142623.1_1195
contig_5565	351888	352101	intergenic	.	CP003000.1_1963,CP142614.1_247,CP142623.1_1884
contig_5565	806208	806332	intergenic	.	AP012548.1_3130
contig_5565	823796	823995	intergenic	.	AP012548.1_3913,CP001429.2_3952,CP001487.1_417,CP001487.1_418,CP003000.1_3623,CP142614.1_3637,CP142623.1_2713
contig_5565	842290	842459	intergenic	.	CP142614.1_1940,CP142623.1_189
contig_5565	4238652	4238969	intergenic	.	AP012548.1_351,AP012548.1_352,CP001487.1_4007,CP001487.1_4008,CP142614.1_69,CP142614.1_70,CP142623.1_2056,CP142623.1_2057
contig_5565	4579084	4579258	4603572	mRNA	AP012548.1_1808,CP142614.1_1523,CP142614.1_1524,CP142623.1_605
contig_5565	4579084	4579258	4603616	gene	AP012548.1_1808,CP142614.1_1523,CP142614.1_1524,CP142623.1_605
contig_5565	5015641	5015893	5029095	gene	AP012548.1_2061,AP012548.1_2062,CP001429.2_2069,CP001487.1_2304,CP142614.1_1777,CP142614.1_1778,CP142623.1_350,CP142623.1_351
contig_5565	5015641	5015893	5029095	mRNA	AP012548.1_2061,AP012548.1_2062,CP001429.2_2069,CP001487.1_2304,CP142614.1_1777,CP142614.1_1778,CP142623.1_350,CP142623.1_351
contig_5565	5339307	5339573	intergenic	.	CP001487.1_3469,CP003000.1_1668,CP142614.1_594,CP142623.1_1537
contig_5565	5973603	5973723	intergenic	.	CP003000.1_2252
contig_5565	8108710	8108810	intergenic	.	AP012548.1_2079,CP001429.2_2087,CP142614.1_1796,CP142623.1_332
contig_5565	8297284	8297486	intergenic	.	AP012548.1_3702,AP012548.1_3703,CP003000.1_3457,CP142614.1_3425,CP142614.1_3426,CP142623.1_2923
contig_5565	8328277	8328396	intergenic	.	CP003000.1_499,CP142614.1_1885
contig_5565	10408495	10408659	intergenic	.	AP012548.1_513,CP142614.1_231,CP142614.1_3512,CP142623.1_2838
contig_5565	10974765	10974900	intergenic	.	AP012548.1_2341,CP001487.1_2026,CP142614.1_2059,CP142623.1_71
contig_5565	11129178	11129346	intergenic	.	CP001429.2_2366,CP001487.1_2014,CP003000.1_2110,CP142623.1_59
contig_5565	11397740	11397890	11398743	mRNA	AP012548.1_1131
contig_5565	11397740	11397890	11398896	gene	AP012548.1_1131
contig_5565	11965209	11965454	intergenic	.	AP012548.1_470,CP001429.2_1190,CP142614.1_188
contig_5565	12030884	12031045	12032708	gene	AP012548.1_3594,CP001429.2_3638,CP001487.1_738,CP142614.1_3322,CP142623.1_3033
contig_5565	12030884	12031045	12032708	mRNA	AP012548.1_3594,CP001429.2_3638,CP001487.1_738,CP142614.1_3322,CP142623.1_3033
contig_5565	12150066	12150471	intergenic	.	AP012548.1_2314,CP001429.2_2328,CP001487.1_2052,CP001487.1_2053,CP001487.1_2054,CP003000.1_2072,CP003000.1_2073,CP142614.1_2031,CP142623.1_97,CP142623.1_98
contig_5565	12955753	12956140	intergenic	.	AP012548.1_3197,CP142623.1_2176
contig_5565	13297603	13297853	13325963	gene	AP012548.1_1481,AP012548.1_1482,CP001429.2_1489,CP001487.1_2882,CP001487.1_2883,CP142614.1_1198,CP142614.1_1199,CP142614.1_1200,CP142623.1_929,CP142623.1_930
contig_5565	13297603	13297853	13325963	mRNA	AP012548.1_1481,AP012548.1_1482,CP001429.2_1489,CP001487.1_2882,CP001487.1_2883,CP142614.1_1198,CP142614.1_1199,CP142614.1_1200,CP142623.1_929,CP142623.1_930
contig_5565	15577787	15578391	intergenic	.	AP012548.1_2038,AP012548.1_2039,AP012548.1_2566,AP012548.1_2567,CP001487.1_2327,CP142614.1_1755,CP142614.1_1756,CP142614.1_2284,CP142614.1_2285,CP142614.1_2286,CP142623.1_374,CP142623.1_4055,CP142623.1_4056,CP142623.1_4057
contig_5565	16031319	16031506	intergenic	.	AP012548.1_564,CP001487.1_3781,CP142614.1_281,CP142623.1_1850
contig_5565	16208306	16208633	intergenic	.	AP012548.1_2386,AP012548.1_2763,CP001487.1_1980,CP003000.1_2143,CP142614.1_2105,CP142614.1_2482,CP142614.1_2483,CP142623.1_26,CP142623.1_3858,CP142623.1_3859
contig_5565	16222356	16222718	intergenic	.	AP012548.1_2976,AP012548.1_2977,AP012548.1_858,CP003000.1_1686,CP142614.1_2705,CP142614.1_2706,CP142614.1_576,CP142623.1_1556,CP142623.1_3646
contig_5565	16595176	16595379	intergenic	.	AP012548.1_3520,CP001429.2_3565,CP001487.1_811,CP003000.1_3286,CP142614.1_3249,CP142623.1_3106
contig_5565	16762771	16762899	16765979	mRNA	CP142614.1_1142,CP142614.1_186,CP142623.1_987
contig_5565	16762771	16762899	16766226	gene	CP142614.1_1142,CP142614.1_186,CP142623.1_987
contig_5565	16791623	16791767	intergenic	.	AP012548.1_3537,CP001487.1_794,CP142614.1_3265,CP142614.1_3266,CP142623.1_3089,CP142623.1_3090
contig_5565	16900047	16900201	intergenic	.	AP012548.1_423,CP142614.1_141,CP142623.1_1986
contig_5565	17013010	17013453	intergenic	.	AP012548.1_2467,AP012548.1_2468,CP142614.1_2184,CP142614.1_2186,CP142614.1_2187,CP142623.1_4154,CP142623.1_4155
contig_5565	17259592	17259793	intergenic	.	AP012548.1_1890,CP142614.1_1606,CP142623.1_523
contig_5565	17414237	17414489	intergenic	.	AP012548.1_348,AP012548.1_349,CP142614.1_65,CP142614.1_66,CP142623.1_2061
contig_5565	18854872	18854971	intergenic	.	AP012548.1_402,CP001429.2_406,CP142614.1_119,CP142623.1_2007
contig_5565	18916014	18916099	18921643	gene	AP012548.1_722,CP001429.2_738
contig_5565	18916014	18916099	18921643	mRNA	AP012548.1_722,CP001429.2_738
contig_5565	19919128	19919239	intergenic	.	CP142623.1_745
contig_5565	20162030	20162122	intergenic	.	AP012548.1_1907,CP001487.1_2457,CP003000.1_744,CP142614.1_1624,CP142623.1_505
contig_5565	21683409	21683919	intergenic	.	AP012548.1_175,AP012548.1_176,AP012548.1_177,CP142614.1_4114,CP142614.1_4115,CP142614.1_4116,CP142614.1_4117,CP142623.1_2234,CP142623.1_2235,CP142623.1_2236
contig_5565	22258161	22258346	intergenic	.	AP012548.1_4016,CP142614.1_3739,CP142623.1_2610
contig_5565	23157671	23157780	intergenic	.	AP012548.1_4206,CP142614.1_3930,CP142623.1_2420
contig_5565	23327437	23327512	intergenic	.	AP012548.1_871,CP142614.1_589
contig_5565	24166408	24166532	intergenic	.	CP001487.1_2025,CP142614.1_2060,CP142623.1_70
contig_5593	1049869	1049977	intergenic	.	CP001487.1_371,CP142614.1_3682,CP142623.1_2667
contig_5593	1147878	1148044	intergenic	.	AP012548.1_1079,CP142614.1_798,CP142623.1_1333
contig_5593	1679383	1679495	1706106	gene	CP142614.1_581,CP142623.1_1550
contig_5593	1679383	1679495	1706106	mRNA	CP142614.1_581,CP142623.1_1550
contig_5593	2324755	2324863	intergenic	.	AP012548.1_4179,CP142614.1_3903,CP142623.1_2447
contig_5593	2325196	2325315	intergenic	.	AP012548.1_2051,CP142614.1_1768,CP142623.1_362
contig_5593	2465243	2465490	intergenic	.	AP012548.1_686,CP142614.1_403,CP142614.1_404,CP142623.1_1727
contig_5593	2922225	2922319	intergenic	.	AP012548.1_231,CP142614.1_4171
contig_5593	2922522	2922627	intergenic	.	AP012548.1_232,CP142623.1_2179
contig_5593	3587608	3587746	3607862	gene	AP012548.1_4180
contig_5593	3587608	3587746	3607862	mRNA	AP012548.1_4180
contig_5593	3759862	3760185	3760214	CDS	AP012548.1_3075,AP012548.1_3076,CP001429.2_3113,CP001487.1_1251,CP001487.1_1252,CP003000.1_2851,CP003000.1_2852,CP142614.1_2804,CP142614.1_2805,CP142623.1_3545,CP142623.1_3546,CP142623.1_3547
contig_5593	3759862	3760185	3760214	exon	AP012548.1_3075,AP012548.1_3076,CP001429.2_3113,CP001487.1_1251,CP001487.1_1252,CP003000.1_2851,CP003000.1_2852,CP142614.1_2804,CP142614.1_2805,CP142623.1_3545,CP142623.1_3546,CP142623.1_3547
contig_5593	3759862	3760185	3761075	gene	AP012548.1_3075,AP012548.1_3076,CP001429.2_3113,CP001487.1_1251,CP001487.1_1252,CP003000.1_2851,CP003000.1_2852,CP142614.1_2804,CP142614.1_2805,CP142623.1_3545,CP142623.1_3546,CP142623.1_3547
contig_5593	3759862	3760185	3761075	mRNA	AP012548.1_3075,AP012548.1_3076,CP001429.2_3113,CP001487.1_1251,CP001487.1_1252,CP003000.1_2851,CP003000.1_2852,CP142614.1_2804,CP142614.1_2805,CP142623.1_3545,CP142623.1_3546,CP142623.1_3547
contig_5593	3976050	3976213	intergenic	.	AP012548.1_2082,CP001429.2_2090
contig_5593	4459814	4460277	intergenic	.	AP012548.1_1547,CP001487.1_2816,CP001487.1_2819,CP142614.1_1264,CP142623.1_865
contig_5593	4564276	4564489	intergenic	.	AP012548.1_1763,CP001487.1_2603,CP142614.1_1479
contig_5593	5508313	5508656	5606541	gene	AP012548.1_2124,AP012548.1_3796,CP001429.2_3835,CP142614.1_1841,CP142614.1_3520,CP142623.1_2830,CP142623.1_288
contig_5593	5508313	5508656	5606541	mRNA	AP012548.1_2124,AP012548.1_3796,CP001429.2_3835,CP142614.1_1841,CP142614.1_3520,CP142623.1_2830,CP142623.1_288
contig_5593	5558363	5558499	5606541	gene	AP012548.1_3081,CP142614.1_2810
contig_5593	5558363	5558499	5606541	mRNA	AP012548.1_3081,CP142614.1_2810
contig_5605	303692	303934	intergenic	.	AP012548.1_779,CP001429.2_787,CP142614.1_499,CP142623.1_1633
contig_5605	792169	792321	792513	gene	AP012548.1_2033,CP001487.1_2333,CP003000.1_632,CP142614.1_1750,CP142623.1_380
contig_5605	792169	792321	792513	mRNA	AP012548.1_2033,CP001487.1_2333,CP003000.1_632,CP142614.1_1750,CP142623.1_380
contig_5605	1023770	1023939	intergenic	.	AP012548.1_1868,AP012548.1_1869,CP001487.1_2496,CP142614.1_1585,CP142623.1_544
contig_5605	1026431	1026573	intergenic	.	AP012548.1_2079,CP001487.1_2287,CP142614.1_1795
contig_5605	1272087	1272281	intergenic	.	CP001487.1_3614,CP142614.1_451,CP142623.1_1681
contig_5605	1303739	1303829	1350065	gene	AP012548.1_852,CP142614.1_570
contig_5605	1303739	1303829	1350065	mRNA	AP012548.1_852,CP142614.1_570
contig_5605	2107897	2108004	intergenic	.	AP012548.1_1301,CP142623.1_1110
contig_5605	2347359	2347538	intergenic	.	AP012548.1_3672,CP142614.1_3395,CP142623.1_2954
contig_5605	2840138	2840292	intergenic	.	AP012548.1_637,CP142623.1_1777
contig_5605	2946121	2946226	2960484	mRNA	AP012548.1_3041,CP142614.1_2770,CP142623.1_3581
contig_5605	2946121	2946226	2960498	gene	AP012548.1_3041,CP142614.1_2770,CP142623.1_3581
contig_5605	3004362	3004702	intergenic	.	AP012548.1_1513,AP012548.1_1514,AP012548.1_1515,CP001487.1_2851,CP142614.1_1230,CP142614.1_1231,CP142614.1_1232,CP142623.1_897,CP142623.1_898
contig_5605	3446320	3446470	intergenic	.	CP142614.1_1344
contig_5605	3685170	3685246	intergenic	.	CP001487.1_2322
contig_5605	3730715	3730870	intergenic	.	AP012548.1_2499,CP142614.1_2217,CP142623.1_4124
contig_5605	3752378	3752560	intergenic	.	AP012548.1_2633,CP001487.1_1690,CP001487.1_1691,CP142614.1_2352,CP142623.1_3989
contig_5605	4242209	4242411	intergenic	.	AP012548.1_1038,CP142614.1_757,CP142623.1_1374,CP142623.1_1375
contig_5605	4628681	4628846	intergenic	.	AP012548.1_3454,CP142623.1_3172
contig_5605	4765483	4765664	4765846	gene	AP012548.1_3261,AP012548.1_3262,CP142614.1_2991
contig_5605	4765483	4765664	4765846	mRNA	AP012548.1_3261,AP012548.1_3262,CP142614.1_2991
contig_5605	4944691	4944878	intergenic	.	AP012548.1_3515,CP001487.1_817,CP142614.1_3243,CP142623.1_3112
contig_5605	5349348	5349512	intergenic	.	AP012548.1_2264,CP001487.1_2102,CP003000.1_418,CP142614.1_1981,CP142623.1_148
contig_5614	321900	322047	334875	mRNA	AP012548.1_4158
contig_5614	321900	322047	334969	gene	AP012548.1_4158
contig_5614	352061	352141	intergenic	.	CP142623.1_1529
contig_5614	407054	407253	433965	gene	AP012548.1_4031,CP142614.1_3755
contig_5614	407054	407253	433965	mRNA	AP012548.1_4031,CP142614.1_3755
contig_5614	891207	891459	957562	gene	AP012548.1_3657,CP001429.2_1854,CP142623.1_2970
contig_5614	891207	891459	957562	mRNA	AP012548.1_3657,CP001429.2_1854,CP142623.1_2970
contig_5614	1191923	1192196	intergenic	.	AP012548.1_1782,AP012548.1_1783,AP012548.1_1784,CP142614.1_1499,CP142614.1_1500,CP142623.1_629
contig_5614	1375574	1375716	intergenic	.	AP012548.1_2753,CP142614.1_2472,CP142623.1_3869
contig_5614	1750350	1750498	intergenic	.	AP012548.1_4071,CP142614.1_3794,CP142623.1_2555
contig_5614	2092523	2092628	intergenic	.	AP012548.1_166,CP142614.1_4106,CP142623.1_2244
contig_5614	2375675	2375827	2389775	mRNA	AP012548.1_1879,CP142614.1_1594,CP142623.1_534
contig_5614	2375675	2375827	2390710	gene	AP012548.1_1879,CP142614.1_1594,CP142623.1_534
contig_5625	1559806	1559956	intergenic	.	CP142614.1_3295
contig_5625	3030215	3030387	intergenic	.	AP012548.1_2829,AP012548.1_2830,CP142614.1_2558,CP142623.1_3793
contig_5625	3048684	3048966	intergenic	.	CP001487.1_1992,CP142614.1_2094,CP142623.1_36
contig_5625	4386636	4386745	intergenic	.	AP012548.1_4023,CP142614.1_3746,CP142623.1_2603
contig_5625	4793787	4793989	intergenic	.	AP012548.1_129,CP142614.1_4068,CP142623.1_2281
contig_5625	5167056	5167191	intergenic	.	CP142623.1_2358
contig_5625	5416352	5416443	5432608	mRNA	AP012548.1_3650,CP001487.1_682,CP142614.1_3378,CP142623.1_2977
contig_5625	5416352	5416443	5433188	gene	AP012548.1_3650,CP001487.1_682,CP142614.1_3378,CP142623.1_2977
contig_5625	6235842	6236022	intergenic	.	AP012548.1_3889,AP012548.1_3890,CP001429.2_3929,CP142614.1_3613,CP142623.1_2736,CP142623.1_2737
contig_5625	7145312	7145449	intergenic	.	AP012548.1_27,CP142614.1_3967,CP142623.1_2383
contig_5625	7258783	7258922	intergenic	.	AP012548.1_3225,CP142614.1_2954,CP142623.1_3395
contig_5625	7452330	7452425	intergenic	.	AP012548.1_3088,CP142614.1_2817,CP142623.1_3533,CP142623.1_3534
contig_5625	7897351	7897512	7912935	gene	CP001487.1_1137,CP003000.1_2964,CP142614.1_2920,CP142623.1_3429
contig_5625	7897351	7897512	7912935	mRNA	CP001487.1_1137,CP003000.1_2964,CP142614.1_2920,CP142623.1_3429
contig_5625	8141330	8141407	intergenic	.	AP012548.1_2667,CP142614.1_2386,CP142623.1_3955
contig_5625	8141715	8141817	intergenic	.	AP012548.1_2666,CP001487.1_1658
contig_5625	8624874	8624949	intergenic	.	AP012548.1_4195,CP142614.1_3918,CP142623.1_2432
contig_5625	8846974	8847145	intergenic	.	AP012548.1_4170,AP012548.1_4171,CP001429.2_4216,CP001487.1_157,CP142614.1_3894,CP142623.1_2456
contig_5625	9014695	9014958	intergenic	.	CP001429.2_3265,CP142623.1_3391,CP142623.1_3392
contig_5625	9154614	9154898	intergenic	.	AP012548.1_3718,CP142614.1_3441,CP142623.1_2907,CP142623.1_2908
contig_5625	9400067	9400278	intergenic	.	AP012548.1_3868,CP142614.1_3591,CP142623.1_2758
contig_5625	9970082	9970230	intergenic	.	AP012548.1_3934,CP001429.2_3974,CP001487.1_396,CP142623.1_2692
contig_5625	10824340	10824514	intergenic	.	AP012548.1_1163,CP142614.1_882,CP142623.1_1249
contig_5625	10861707	10861787	intergenic	.	AP012548.1_3666,CP003000.1_3430,CP142614.1_3389,CP142623.1_2960
contig_5625	11080307	11080485	intergenic	.	AP012548.1_3921,AP012548.1_3922,CP001487.1_408,CP001487.1_409,CP003000.1_3632,CP142614.1_3645,CP142614.1_3646,CP142623.1_2704
contig_5625	13292806	13292948	intergenic	.	CP142623.1_1326
contig_5625	13560741	13560883	intergenic	.	AP012548.1_3745,CP001487.1_587,CP142614.1_3468,CP142623.1_2881
contig_5625	14477297	14477413	14575594	gene	AP012548.1_155,CP142614.1_4095,CP142623.1_2255
contig_5625	14477297	14477413	14575594	mRNA	AP012548.1_155,CP142614.1_4095,CP142623.1_2255
contig_5625	15033647	15033797	intergenic	.	AP012548.1_4066,CP142614.1_3789,CP142623.1_2560
contig_5625	15411166	15411322	intergenic	.	AP012548.1_3627,AP012548.1_3628,CP142614.1_3356,CP142623.1_2999
contig_5625	15509846	15509995	15515403	gene	AP012548.1_2823,CP142614.1_2552
contig_5625	15509846	15509995	15515403	mRNA	AP012548.1_2823,CP142614.1_2552
contig_5625	15605225	15605306	intergenic	.	AP012548.1_2256,CP142614.1_1973,CP142623.1_156
contig_5663	884078	884430	intergenic	.	AP012548.1_3994,CP142614.1_3717,CP142614.1_3718,CP142623.1_2632,CP142623.1_2633
contig_5768	179040	179190	290317	gene	AP012548.1_978,CP001487.1_3387,CP142614.1_697,CP142623.1_1434
contig_5768	179040	179190	290317	mRNA	AP012548.1_978,CP001487.1_3387,CP142614.1_697,CP142623.1_1434
contig_5785	212043	212642	216709	gene	AP012548.1_2481,AP012548.1_2482,CP001429.2_2495,CP001429.2_2499,CP001487.1_1885,CP001487.1_913,CP003000.1_2235,CP003000.1_3184,CP142614.1_2199,CP142614.1_2200,CP142614.1_2201,CP142614.1_2202,CP142623.1_4140,CP142623.1_4141
contig_5785	212043	212642	216709	mRNA	AP012548.1_2481,AP012548.1_2482,CP001429.2_2495,CP001429.2_2499,CP001487.1_1885,CP001487.1_913,CP003000.1_2235,CP003000.1_3184,CP142614.1_2199,CP142614.1_2200,CP142614.1_2201,CP142614.1_2202,CP142623.1_4140,CP142623.1_4141
contig_5785	482005	482168	intergenic	.	AP012548.1_633,CP001487.1_3712,CP142614.1_350,CP142623.1_1781
contig_5785	485625	485871	intergenic	.	AP012548.1_631,AP012548.1_632,CP001487.1_3714,CP142614.1_348,CP142614.1_349,CP142623.1_1782,CP142623.1_1783
contig_5785	778582	778773	792842	mRNA	CP142623.1_893,CP142623.1_894
contig_5785	778582	778773	792965	gene	CP142623.1_893,CP142623.1_894
contig_5785	957379	957567	intergenic	.	CP001429.2_162,CP001487.1_24
contig_5785	1079872	1079957	1127878	mRNA	AP012548.1_2911,CP142614.1_2640,CP142623.1_3713
contig_5785	1079872	1079957	1128802	gene	AP012548.1_2911,CP142614.1_2640,CP142623.1_3713
contig_5785	1202921	1203065	1252840	gene	CP142614.1_3490
contig_5785	1202921	1203065	1252840	mRNA	CP142614.1_3490
contig_5785	1493251	1493411	1499747	mRNA	AP012548.1_4004,CP142614.1_3727,CP142614.1_3728,CP142623.1_2622
contig_5785	1493251	1493411	1499768	gene	AP012548.1_4004,CP142614.1_3727,CP142614.1_3728,CP142623.1_2622
contig_5785	1606789	1606949	intergenic	.	AP012548.1_3746,AP012548.1_3747,CP001487.1_586,CP142614.1_3469,CP142623.1_2879,CP142623.1_2880
contig_5785	1853934	1854153	1874419	gene	AP012548.1_3186,CP001487.1_1142,CP142614.1_2914,CP142623.1_3435
contig_5785	1853934	1854153	1874419	mRNA	AP012548.1_3186,CP001487.1_1142,CP142614.1_2914,CP142623.1_3435
contig_5785	2142203	2142393	intergenic	.	AP012548.1_93,CP001429.2_156,CP001487.1_19,CP003000.1_92,CP142614.1_4033,CP142623.1_2317
contig_5785	2472909	2473362	2478377	mRNA	AP012548.1_2580,AP012548.1_921,AP012548.1_922,CP001487.1_1744,CP001487.1_3425,CP003000.1_2372,CP142614.1_2299,CP142614.1_639,CP142614.1_640,CP142623.1_1492,CP142623.1_4042
contig_5785	2472909	2473362	2480626	gene	AP012548.1_2580,AP012548.1_921,AP012548.1_922,CP001487.1_1744,CP001487.1_3425,CP003000.1_2372,CP142614.1_2299,CP142614.1_639,CP142614.1_640,CP142623.1_1492,CP142623.1_4042
contig_5785	2484284	2484634	2522544	mRNA	AP012548.1_1,AP012548.1_4217,CP001429.2_1,CP142614.1_3940,CP142614.1_3941,CP142623.1_2409,CP142623.1_2410,CP142623.1_487
contig_5785	2484284	2484634	2522565	gene	AP012548.1_1,AP012548.1_4217,CP001429.2_1,CP142614.1_3940,CP142614.1_3941,CP142623.1_2409,CP142623.1_2410,CP142623.1_487
contig_5785	2540482	2540682	2553030	mRNA	AP012548.1_1457,CP142614.1_1174,CP142623.1_954
contig_5785	2540482	2540682	2553092	gene	AP012548.1_1457,CP142614.1_1174,CP142623.1_954
contig_5803	291560	291824	intergenic	.	AP012548.1_1851,AP012548.1_469,CP142614.1_1567,CP142614.1_187,CP142623.1_1940,CP142623.1_3800,CP142623.1_562
contig_5803	486747	486834	intergenic	.	AP012548.1_831,CP142623.1_1583
contig_5803	517248	517388	intergenic	.	CP001487.1_1126,CP142614.1_2931,CP142623.1_3418
contig_5803	1282078	1282264	1396972	gene	AP012548.1_3527,CP001487.1_805,CP142614.1_3255,CP142623.1_3100
contig_5803	1282078	1282264	1396972	mRNA	AP012548.1_3527,CP001487.1_805,CP142614.1_3255,CP142623.1_3100
contig_5803	1332463	1332585	1396972	gene	AP012548.1_3993,CP142614.1_3716
contig_5803	1332463	1332585	1396972	mRNA	AP012548.1_3993,CP142614.1_3716
contig_5803	1798107	1798249	intergenic	.	AP012548.1_1209,AP012548.1_1210,CP001487.1_3155,CP142614.1_927,CP142623.1_1201,CP142623.1_1202
contig_5803	1898017	1898115	intergenic	.	AP012548.1_3340,CP142614.1_3070
contig_5803	2731865	2732242	intergenic	.	AP012548.1_2869,AP012548.1_2870,CP001487.1_1585,CP142614.1_2599,CP142623.1_3752,CP142623.1_3882
contig_5803	3031973	3032194	3034467	gene	AP012548.1_467,CP001487.1_3885,CP142614.1_185,CP142623.1_1941
contig_5803	3031973	3032194	3034467	mRNA	AP012548.1_467,CP001487.1_3885,CP142614.1_185,CP142623.1_1941
contig_5803	3098145	3098341	intergenic	.	AP012548.1_2256,AP012548.1_2257,CP001429.2_2270,CP001487.1_2110,CP142614.1_1973,CP142614.1_1974,CP142623.1_155
contig_5803	3549462	3549594	3582670	mRNA	CP142623.1_1744
contig_5803	3549462	3549594	3582812	gene	CP142623.1_1744
contig_5812	874328	874518	intergenic	.	AP012548.1_1382,CP142614.1_1099,CP142623.1_1029
contig_5897	661332	661482	intergenic	.	CP142623.1_3008
contig_5897	2432411	2432619	2468725	mRNA	AP012548.1_2313,CP001429.2_2327,CP003000.1_2071,CP142614.1_2030,CP142623.1_99
contig_5897	2432411	2432619	2468855	gene	AP012548.1_2313,CP001429.2_2327,CP003000.1_2071,CP142614.1_2030,CP142623.1_99
contig_5897	3896202	3896688	3900826	mRNA	AP012548.1_1648,AP012548.1_1649,CP001429.2_1656,CP001487.1_2718,CP142623.1_764
contig_5897	3896202	3896688	3900986	gene	AP012548.1_1648,AP012548.1_1649,CP001429.2_1656,CP001487.1_2718,CP142623.1_764
contig_5897	6092944	6093071	intergenic	.	CP142623.1_2046
contig_5897	6313102	6313320	intergenic	.	AP012548.1_2669,CP142614.1_2388,CP142614.1_3676,CP142623.1_3953
contig_5897	6514954	6515006	intergenic	.	CP001429.2_1010,CP001487.1_3345,CP003000.1_1561
contig_5897	6514954	6515050	6515012	polyA_signal_sequence	CP001429.2_1010,CP001487.1_3345,CP003000.1_1561
contig_5897	6514954	6515050	6515502	gene	CP001429.2_1010,CP001487.1_3345,CP003000.1_1561
contig_5897	6585044	6585299	intergenic	.	AP012548.1_1772,AP012548.1_1773,CP001429.2_1780,CP001487.1_2592,CP003000.1_879,CP142614.1_1488,CP142614.1_1489,CP142623.1_640,CP142623.1_641
contig_5911	558965	559073	704323	gene	CP142623.1_606
contig_5911	558965	559073	704323	mRNA	CP142623.1_606
contig_5911	887653	887829	intergenic	.	AP012548.1_1235,CP001487.1_3130,CP003000.1_1347,CP142614.1_952,CP142623.1_1176
contig_5911	1430501	1430640	intergenic	.	AP012548.1_682,CP142614.1_399,CP142623.1_1732
contig_5911	1462707	1462834	intergenic	.	AP012548.1_4165,CP001429.2_4210,CP001487.1_163,CP003000.1_3864,CP142614.1_3888,CP142623.1_2462
contig_5911	1483072	1483190	intergenic	.	AP012548.1_2879
contig_5911	1571908	1572223	1579860	gene	AP012548.1_4126,AP012548.1_4127,CP142614.1_3849,CP142614.1_3850,CP142623.1_2500,CP142623.1_2501
contig_5911	1571908	1572223	1579860	mRNA	AP012548.1_4126,AP012548.1_4127,CP142614.1_3849,CP142614.1_3850,CP142623.1_2500,CP142623.1_2501
contig_5911	1913802	1913950	intergenic	.	AP012548.1_3007,CP142623.1_3615
contig_5911	1998718	1998827	intergenic	.	AP012548.1_2885,CP001429.2_2917
contig_5911	1999224	1999355	intergenic	.	AP012548.1_2887,CP142614.1_2616
contig_5911	2044414	2044596	intergenic	.	AP012548.1_3524,CP001429.2_3568
contig_5911	2459053	2459212	intergenic	.	CP142614.1_2887,CP142623.1_3462
contig_5911	3152310	3152659	intergenic	.	AP012548.1_1597,AP012548.1_2838,AP012548.1_2839,CP001429.2_1604,CP001429.2_2872,CP001487.1_1487,CP001487.1_2768,CP142614.1_1314,CP142614.1_2568,CP142623.1_3783,CP142623.1_814
contig_5911	3168499	3168603	intergenic	.	AP012548.1_238
contig_5911	3570655	3570923	intergenic	.	AP012548.1_883,AP012548.1_884,CP001487.1_1290,CP001487.1_3462,CP142614.1_2766,CP142614.1_601,CP142614.1_602,CP142623.1_1530,CP142623.1_3584
contig_5911	3682075	3682177	intergenic	.	AP012548.1_2340
contig_5911	3899779	3899929	intergenic	.	AP012548.1_2953,CP142623.1_3671
contig_5911	3972800	3972938	intergenic	.	AP012548.1_1924,CP001487.1_2441,CP142614.1_1640,CP142623.1_488
contig_5911	4306340	4306432	intergenic	.	AP012548.1_1583,CP142614.1_1300,CP142623.1_828,CP142623.1_829
contig_5911	5118709	5118862	intergenic	.	AP012548.1_4005,CP142614.1_3728,CP142623.1_2621
contig_5911	5279883	5280295	intergenic	.	AP012548.1_2910,CP142614.1_2639,CP142614.1_3816,CP142623.1_2533,CP142623.1_3713,CP142623.1_3714
contig_5911	5770439	5770606	intergenic	.	AP012548.1_2221,CP142614.1_1938,CP142623.1_191
contig_5911	5812999	5813293	intergenic	.	AP012548.1_511,AP012548.1_512,CP001487.1_3840,CP142614.1_229,CP142614.1_230,CP142614.1_231,CP142623.1_1896,CP142623.1_1897
contig_5911	5924762	5925075	intergenic	.	AP012548.1_2201,AP012548.1_2202,AP012548.1_2635,CP001487.1_2164,CP001487.1_2165,CP003000.1_474,CP142614.1_1917,CP142614.1_1918,CP142614.1_2354,CP142623.1_210,CP142623.1_211,CP142623.1_3987
contig_5911	6033097	6033305	6047976	gene	AP012548.1_3632,AP012548.1_3633,CP001429.2_3677,CP001487.1_699,CP142614.1_3361,CP142623.1_2994
contig_5911	6033097	6033305	6047976	mRNA	AP012548.1_3632,AP012548.1_3633,CP001429.2_3677,CP001487.1_699,CP142614.1_3361,CP142623.1_2994
contig_5911	6338020	6338197	intergenic	.	AP012548.1_44,CP001429.2_44,CP142614.1_3984,CP142623.1_2366
contig_5911	6413301	6413591	6453328	mRNA	AP012548.1_1396,AP012548.1_3882,CP142623.1_1015,CP142623.1_2744
contig_5911	6413301	6413591	6453344	gene	AP012548.1_1396,AP012548.1_3882,CP142623.1_1015,CP142623.1_2744
contig_5978	520194	520362	intergenic	.	AP012548.1_2100,AP012548.1_2101,CP001487.1_2265,CP142614.1_1817,CP142623.1_311,CP142623.1_312
contig_5978	1522232	1522418	intergenic	.	AP012548.1_626,CP001429.2_637,CP001429.2_638,CP001487.1_3719,CP003000.1_1872,CP142614.1_343,CP142623.1_1788
contig_599	65023	65100	intergenic	.	AP012548.1_2540,CP001429.2_2556,CP001487.1_1828
contig_6	2927639	2927753	intergenic	.	CP142614.1_2866,CP142614.1_2867
contig_6	3636284	3636542	intergenic	.	AP012548.1_906,AP012548.1_908,CP001429.2_916,CP001487.1_3438,CP001487.1_3440,CP003000.1_1637,CP142614.1_624,CP142614.1_626,CP142623.1_1506,CP142623.1_1507
contig_6	3636284	3636579	3636545	start_codon	AP012548.1_906,AP012548.1_908,CP001429.2_916,CP001487.1_3438,CP001487.1_3440,CP003000.1_1637,CP142614.1_624,CP142614.1_626,CP142623.1_1506,CP142623.1_1507
contig_6	3636284	3636579	3636578	CDS	AP012548.1_906,AP012548.1_908,CP001429.2_916,CP001487.1_3438,CP001487.1_3440,CP003000.1_1637,CP142614.1_624,CP142614.1_626,CP142623.1_1506,CP142623.1_1507
contig_6	3636284	3636579	3636578	exon	AP012548.1_906,AP012548.1_908,CP001429.2_916,CP001487.1_3438,CP001487.1_3440,CP003000.1_1637,CP142614.1_624,CP142614.1_626,CP142623.1_1506,CP142623.1_1507
contig_6	3636284	3636579	3645154	mRNA	AP012548.1_906,AP012548.1_908,CP001429.2_916,CP001487.1_3438,CP001487.1_3440,CP003000.1_1637,CP142614.1_624,CP142614.1_626,CP142623.1_1506,CP142623.1_1507
contig_6	3636284	3636579	3645288	gene	AP012548.1_906,AP012548.1_908,CP001429.2_916,CP001487.1_3438,CP001487.1_3440,CP003000.1_1637,CP142614.1_624,CP142614.1_626,CP142623.1_1506,CP142623.1_1507
contig_6168	1482849	1483045	intergenic	.	AP012548.1_3933,CP001487.1_397,CP003000.1_3643,CP142614.1_3656,CP142623.1_2693
contig_6168	2380063	2380323	intergenic	.	AP012548.1_3850,AP012548.1_4032,CP142614.1_3573,CP142623.1_2594,CP142623.1_2776
contig_6168	2386154	2386247	intergenic	.	AP012548.1_1504,CP142614.1_1221,CP142623.1_907
contig_6172_part1	305807	305945	intergenic	.	AP012548.1_2598,CP142614.1_2317,CP142614.1_2318,CP142623.1_4023,CP142623.1_4024
contig_6172_part1	498941	499272	intergenic	.	AP012548.1_3346,CP001429.2_1975,CP001487.1_3647,CP001487.1_984,CP142614.1_3076,CP142614.1_417
contig_6172_part1	804916	805067	intergenic	.	AP012548.1_1525,CP142614.1_1242,CP142623.1_886
contig_6172_part1	1095900	1096057	intergenic	.	CP001487.1_3108,CP142623.1_1154
contig_6172_part2	85799	86039	intergenic	.	AP012548.1_1257,CP142614.1_975
contig_6172_part2	172304	172754	intergenic	.	AP012548.1_2999,AP012548.1_3621,CP142614.1_3350,CP142623.1_3624
contig_6172_part2	173023	176029	intergenic	.	AP012548.1_3002,AP012548.1_3003,AP012548.1_3005,AP012548.1_3006,AP012548.1_3008,AP012548.1_3009,AP012548.1_3010,AP012548.1_3011,AP012548.1_3013,AP012548.1_3014,AP012548.1_3015,AP012548.1_3016,AP012548.1_3018,AP012548.1_3019,AP012548.1_3021,CP001429.2_3047,CP001487.1_1307,CP001487.1_1309,CP001487.1_1314,CP001487.1_1316,CP001487.1_1319,CP001487.1_1321,CP001487.1_1323,CP003000.1_2797,CP142614.1_2731,CP142614.1_2732,CP142614.1_2734,CP142614.1_2735,CP142614.1_2736,CP142614.1_2737,CP142614.1_2738,CP142614.1_2739,CP142614.1_2740,CP142614.1_2743,CP142614.1_2744,CP142614.1_2745,CP142614.1_2747,CP142614.1_2748,CP142614.1_2750,CP142623.1_3601,CP142623.1_3603,CP142623.1_3604,CP142623.1_3606,CP142623.1_3607,CP142623.1_3608,CP142623.1_3609,CP142623.1_3611,CP142623.1_3612,CP142623.1_3613,CP142623.1_3614,CP142623.1_3616,CP142623.1_3617,CP142623.1_3619,CP142623.1_3620
contig_6172_part2	414556	414637	intergenic	.	CP142623.1_4187
contig_6172_part2	1220336	1220518	intergenic	.	CP001429.2_3194,CP001487.1_1171,CP142614.1_2886,CP142623.1_3463
contig_6172_part2	1373469	1373569	intergenic	.	AP012548.1_3300,CP001429.2_3336,CP001487.1_1030,CP142623.1_3324
contig_6172_part2	1696195	1696550	intergenic	.	AP012548.1_2236,AP012548.1_2237,CP001487.1_2131,CP142614.1_1953,CP142614.1_1954,CP142623.1_175,CP142623.1_176
contig_6172_part2	2178545	2178710	intergenic	.	AP012548.1_607,CP001487.1_3738,CP142614.1_324,CP142623.1_1807
contig_6172_part2	2276371	2276555	intergenic	.	AP012548.1_877,AP012548.1_878,CP001429.2_885,CP001487.1_3468,CP003000.1_1667,CP142614.1_595,CP142614.1_596,CP142623.1_1536
contig_6172_part2	2857784	2857902	intergenic	.	AP012548.1_4047
contig_6172_part2	3082813	3082896	intergenic	.	CP142614.1_626,CP142623.1_1505
contig_6172_part2	3226256	3226497	intergenic	.	AP012548.1_3319,AP012548.1_3320,CP001487.1_1011,CP142614.1_3049,CP142614.1_3050,CP142623.1_3304,CP142623.1_3305
contig_6172_part2	3255265	3255430	intergenic	.	CP142614.1_2241,CP142623.1_4099
contig_6172_part2	3258884	3259065	intergenic	.	AP012548.1_3316,CP142614.1_3045,CP142614.1_3046,CP142623.1_3308
contig_6172_part2	3702370	3702726	intergenic	.	AP012548.1_2352,AP012548.1_2353,CP001487.1_2013,CP142614.1_2071,CP142614.1_2072,CP142623.1_58,CP142623.1_60
contig_6172_part2	4297157	4297303	intergenic	.	AP012548.1_446,CP001429.2_451,CP142614.1_164,CP142623.1_1962
contig_6172_part2	4550379	4550542	intergenic	.	AP012548.1_2376,CP001487.1_1990,CP003000.1_2133,CP142614.1_2095
contig_6213	186630	187012	intergenic	.	AP012548.1_3059,AP012548.1_3060,CP142614.1_2788,CP142614.1_2789,CP142623.1_3562,CP142623.1_3563
contig_6227	68278	68418	intergenic	.	AP012548.1_1218
contig_6245	2047598	2047776	2064296	mRNA	AP012548.1_3252,AP012548.1_3253,CP142614.1_2982,CP142623.1_3372
contig_6245	2047598	2047776	2064368	gene	AP012548.1_3252,AP012548.1_3253,CP142614.1_2982,CP142623.1_3372
contig_6245	2907920	2908130	2916618	gene	AP012548.1_193,AP012548.1_2216
contig_6245	2907920	2908130	2916618	mRNA	AP012548.1_193,AP012548.1_2216
contig_6245	3122821	3122927	intergenic	.	AP012548.1_3233,CP142614.1_2962,CP142623.1_3387
contig_6245	3122821	3122935	3122933	polyA_signal_sequence	AP012548.1_3233,CP142614.1_2962,CP142623.1_3387
contig_6245	3122821	3122935	3376802	gene	AP012548.1_3233,CP142614.1_2962,CP142623.1_3387
contig_6245	3595139	3595427	intergenic	.	AP012548.1_2857,AP012548.1_2858,CP001487.1_1467,CP142614.1_2587,CP142614.1_2588,CP142623.1_3763,CP142623.1_3764
contig_6276	654808	654888	665230	mRNA	CP001487.1_705
contig_6276	654808	654888	665443	gene	CP001487.1_705
contig_6276	1291373	1291465	intergenic	.	AP012548.1_3875,CP142623.1_2751
contig_6276	2173443	2173719	intergenic	.	AP012548.1_3108,CP003000.1_2884,CP142614.1_2836,CP142614.1_2837,CP142623.1_3513,CP142623.1_3514
contig_6276	3113505	3114292	intergenic	.	AP012548.1_1816,AP012548.1_1818,AP012548.1_1819,CP001429.2_1826,CP001487.1_2544,CP001487.1_2547,CP001487.1_2549,CP003000.1_834,CP142614.1_1532,CP142614.1_1534,CP142614.1_1535,CP142623.1_594,CP142623.1_595,CP142623.1_597
contig_6276	3130405	3130551	intergenic	.	AP012548.1_1817,CP142614.1_1533
contig_6276	3130948	3131032	intergenic	.	CP142623.1_592
contig_6276	5332649	5332791	intergenic	.	AP012548.1_161
contig_6321	92807	92970	164167	gene	AP012548.1_3551,CP142614.1_3279,CP142614.1_3280,CP142623.1_3075,CP142623.1_3076
contig_6321	92807	92970	164167	mRNA	AP012548.1_3551,CP142614.1_3279,CP142614.1_3280,CP142623.1_3075,CP142623.1_3076
contig_6321	126825	126961	164167	gene	CP142614.1_2306
contig_6321	126825	126961	164167	mRNA	CP142614.1_2306
contig_6321	248432	248615	intergenic	.	AP012548.1_636,CP001429.2_648,CP142614.1_353,CP142623.1_1778
contig_6339	36993	37131	47950	gene	CP142614.1_2592,CP142623.1_3759
contig_6339	36993	37131	47950	mRNA	CP142614.1_2592,CP142623.1_3759
contig_6339	350003	350123	369263	gene	AP012548.1_2380,CP142614.1_2099,CP142623.1_31,CP142623.1_32
contig_6339	350003	350123	369263	mRNA	AP012548.1_2380,CP142614.1_2099,CP142623.1_31,CP142623.1_32
contig_6339	596796	596938	intergenic	.	AP012548.1_664,CP142614.1_381,CP142623.1_1750
contig_6339	619905	619976	intergenic	.	AP012548.1_3297,AP012548.1_3298,CP003000.1_3060,CP142614.1_3026,CP142614.1_3027,CP142614.1_3028,CP142623.1_3326,CP142623.1_3327,CP142623.1_3328
contig_6339	619905	620189	619982	polyA_signal_sequence	AP012548.1_3297,AP012548.1_3298,CP003000.1_3060,CP142614.1_3026,CP142614.1_3027,CP142614.1_3028,CP142623.1_3326,CP142623.1_3327,CP142623.1_3328
contig_6339	619905	620189	622368	gene	AP012548.1_3297,AP012548.1_3298,CP003000.1_3060,CP142614.1_3026,CP142614.1_3027,CP142614.1_3028,CP142623.1_3326,CP142623.1_3327,CP142623.1_3328
contig_6339	930515	930772	intergenic	.	AP012548.1_2290,AP012548.1_2291,CP001429.2_2304,CP001487.1_2076,CP142614.1_2008,CP142623.1_121
contig_6339	1148657	1148906	intergenic	.	AP012548.1_1160,CP001487.1_3206,CP142614.1_878,CP142614.1_879,CP142623.1_1252
contig_6339	1363743	1363873	intergenic	.	CP142623.1_2170
contig_6339	1475990	1476328	intergenic	.	AP012548.1_1970,AP012548.1_1971,AP012548.1_1972,CP001429.2_1979,CP001487.1_2394,CP001487.1_2395,CP003000.1_691,CP142614.1_1686,CP142614.1_1687,CP142614.1_1688,CP142623.1_441,CP142623.1_442
contig_6339	2258427	2258727	intergenic	.	AP012548.1_518,CP001487.1_3834,CP142614.1_236,CP142623.1_1890,CP142623.1_1891
contig_6339	2348561	2348712	intergenic	.	CP142623.1_4177
contig_6339	2527523	2527694	intergenic	.	AP012548.1_2675,CP001429.2_2708,CP001487.1_1650,CP003000.1_2466,CP142614.1_2394,CP142623.1_3947
contig_6339	2563651	2563792	intergenic	.	CP142623.1_1491
contig_6339	2991948	2992078	intergenic	.	AP012548.1_282,CP142614.1_4221,CP142623.1_2127
contig_6339	3263470	3263626	3288583	gene	CP001487.1_256,CP142623.1_2551
contig_6339	3263470	3263626	3288583	mRNA	CP001487.1_256,CP142623.1_2551
contig_6339	3504912	3505129	intergenic	.	AP012548.1_3945,CP001487.1_385,CP142614.1_3669,CP142623.1_2680,CP142623.1_2681
contig_6339	3914055	3914299	3998909	mRNA	AP012548.1_2289,CP001487.1_2077,CP142614.1_2006,CP142623.1_123
contig_6339	3914055	3914299	3999123	gene	AP012548.1_2289,CP001487.1_2077,CP142614.1_2006,CP142623.1_123
contig_6339	4102112	4102284	4102853	gene	AP012548.1_2070,CP003000.1_596,CP142614.1_1786,CP142614.1_1787,CP142623.1_342
contig_6339	4102112	4102284	4102853	mRNA	AP012548.1_2070,CP003000.1_596,CP142614.1_1786,CP142614.1_1787,CP142623.1_342
contig_6339	4772264	4772413	intergenic	.	CP001429.2_3743,CP142623.1_2918
contig_6353	313514	313681	340345	gene	AP012548.1_784,CP142614.1_502,CP142623.1_1630
contig_6353	313514	313681	340345	mRNA	AP012548.1_784,CP142614.1_502,CP142623.1_1630
contig_6353	1190663	1190955	intergenic	.	AP012548.1_1541,CP001487.1_2824,CP142614.1_1258,CP142614.1_1259,CP142623.1_869,CP142623.1_870
contig_6353	1373165	1373291	1374014	mRNA	AP012548.1_971,CP001429.2_960,CP003000.1_1595,CP142614.1_690,CP142623.1_1441
contig_6353	1373165	1373291	1374152	gene	AP012548.1_971,CP001429.2_960,CP003000.1_1595,CP142614.1_690,CP142623.1_1441
contig_6353	1687307	1687577	intergenic	.	AP012548.1_1437,AP012548.1_1438,CP001487.1_2927,CP003000.1_1147,CP142614.1_1154,CP142614.1_1155,CP142623.1_973,CP142623.1_974
contig_6353	2986766	2986987	intergenic	.	AP012548.1_1007,CP001487.1_3358,CP142614.1_725,CP142614.1_726,CP142623.1_1405,CP142623.1_1406,CP142623.1_194
contig_6353	3016252	3016490	intergenic	.	AP012548.1_320,AP012548.1_321,CP142614.1_37,CP142614.1_38,CP142623.1_2087,CP142623.1_2088
contig_6392	1019119	1019249	intergenic	.	AP012548.1_4003,CP142623.1_2623
contig_6392	1113726	1114094	intergenic	.	AP012548.1_4091,AP012548.1_4092,AP012548.1_4093,CP001429.2_4131,CP001487.1_239,CP142614.1_3814,CP142614.1_3815,CP142614.1_3816,CP142623.1_2534,CP142623.1_2535
contig_6412	232925	233319	intergenic	.	AP012548.1_4039,AP012548.1_4040,AP012548.1_4159,CP001429.2_4080,CP001487.1_169,CP003000.1_3750,CP142614.1_3763,CP142614.1_3882,CP142614.1_3883,CP142623.1_2467,CP142623.1_2468,CP142623.1_2586
contig_6412	702875	702986	intergenic	.	CP142614.1_2291,CP142623.1_4050
contig_6412	747413	747556	intergenic	.	AP012548.1_2981,CP142614.1_2710,CP142623.1_3642
contig_6412	775502	775840	797578	mRNA	AP012548.1_1548,AP012548.1_1549,AP012548.1_1550,CP142614.1_1266,CP142614.1_1267,CP142623.1_862,CP142623.1_863
contig_6412	775502	775840	797603	gene	AP012548.1_1548,AP012548.1_1549,AP012548.1_1550,CP142614.1_1266,CP142614.1_1267,CP142623.1_862,CP142623.1_863
contig_6412	1462672	1462889	intergenic	.	AP012548.1_1638,AP012548.1_1639,CP001429.2_1644,CP001487.1_2727,CP001487.1_2728,CP003000.1_1005,CP142614.1_1354,CP142614.1_1355,CP142623.1_774,CP142623.1_775
contig_6434	576731	576859	intergenic	.	AP012548.1_2809,CP142614.1_2538,CP142623.1_3813,CP142623.1_3814
contig_6434	1475174	1475268	intergenic	.	CP001487.1_389,CP142614.1_3665
contig_6434	1480538	1480783	intergenic	.	AP012548.1_3303,CP001429.2_3340,CP142614.1_3032,CP142614.1_3033,CP142623.1_3321
contig_6434	1543206	1543637	intergenic	.	AP012548.1_3881,CP001487.1_451,CP142614.1_3603,CP142614.1_3604,CP142614.1_3605,CP142614.1_3606,CP142623.1_2745,CP142623.1_2746
contig_6500	700347	700461	intergenic	.	CP142623.1_1320
contig_6500	842599	842712	intergenic	.	AP012548.1_892
contig_6500	1456313	1457071	intergenic	.	AP012548.1_2970,AP012548.1_2971,AP012548.1_2972,AP012548.1_2973,AP012548.1_2974,CP001487.1_1353,CP001487.1_1355,CP001487.1_1356,CP001487.1_1357,CP003000.1_2747,CP142614.1_2699,CP142614.1_2700,CP142614.1_2701,CP142614.1_2702,CP142614.1_2703,CP142623.1_3649,CP142623.1_3650,CP142623.1_3651,CP142623.1_3652,CP142623.1_3653
contig_6500	1540550	1540729	intergenic	.	CP001487.1_745,CP142614.1_3315,CP142623.1_3040
contig_6500	1862868	1862964	intergenic	.	AP012548.1_3497,CP142614.1_3225,CP142623.1_3130
contig_6500	1997086	1997190	intergenic	.	AP012548.1_1511,CP142614.1_1228,CP142623.1_900
contig_6500	2255480	2255577	intergenic	.	CP001487.1_193
contig_6500	2339065	2339154	intergenic	.	AP012548.1_3681,CP142614.1_3404,CP142623.1_2945
contig_6500	2838564	2838728	2838734	CDS	AP012548.1_3826,CP001429.2_3865,CP142614.1_3549,CP142623.1_2800
contig_6500	2838564	2838728	2838734	exon	AP012548.1_3826,CP001429.2_3865,CP142614.1_3549,CP142623.1_2800
contig_6500	2838564	2838728	2838734	mRNA	AP012548.1_3826,CP001429.2_3865,CP142614.1_3549,CP142623.1_2800
contig_6500	2838564	2838728	2838820	gene	AP012548.1_3826,CP001429.2_3865,CP142614.1_3549,CP142623.1_2800
contig_6500	3624592	3624688	intergenic	.	AP012548.1_158,CP142614.1_4098,CP142623.1_2252
contig_6500	4176745	4176909	intergenic	.	AP012548.1_3510,CP142614.1_3238,CP142623.1_3117
contig_6500	4462127	4462593	intergenic	.	AP012548.1_2015,AP012548.1_2017,CP142614.1_1730,CP142614.1_1732,CP142614.1_1733,CP142623.1_398
contig_6500	5330112	5330207	intergenic	.	AP012548.1_1942,CP142614.1_1658
contig_6500	5354686	5354770	intergenic	.	AP012548.1_2942,CP003000.1_2720,CP142614.1_2671,CP142623.1_3682
contig_6500	6598016	6598216	intergenic	.	AP012548.1_2102,CP001487.1_2264,CP142614.1_1818,CP142623.1_310
contig_6500	7852439	7852516	intergenic	.	AP012548.1_1463,CP142614.1_1180,CP142623.1_948
contig_6500	7988876	7988995	intergenic	.	CP003000.1_2218,CP142614.1_2182
contig_6500	8054916	8055066	intergenic	.	AP012548.1_331,CP003000.1_287,CP142623.1_2078
contig_6500	11471387	11471897	intergenic	.	AP012548.1_2162,CP001487.1_2201,CP001487.1_2203,CP001487.1_2204,CP142614.1_1879,CP142614.1_1880,CP142614.1_1881,CP142623.1_247,CP142623.1_248,CP142623.1_249,CP142623.1_250
contig_6500	11612742	11612821	intergenic	.	AP012548.1_3138,CP142623.1_3484
contig_6500	12022570	12022934	intergenic	.	AP012548.1_2825,CP001487.1_1625,CP003000.1_221,CP003000.1_2491,CP142614.1_2419,CP142614.1_4204
contig_6500	12086860	12087061	12087306	mRNA	AP012548.1_2485,CP001429.2_2501,CP001487.1_1883,CP142614.1_2204,CP142623.1_4137,CP142623.1_4138
contig_6500	12086860	12087061	12087667	gene	AP012548.1_2485,CP001429.2_2501,CP001487.1_1883,CP142614.1_2204,CP142623.1_4137,CP142623.1_4138
contig_6500	12346380	12346513	intergenic	.	CP142614.1_208,CP142623.1_1918,CP142623.1_1919
contig_6518	86068	86844	intergenic	.	AP012548.1_837,AP012548.1_838,AP012548.1_839,AP012548.1_840,AP012548.1_841,CP142614.1_554,CP142614.1_555,CP142614.1_556,CP142614.1_557,CP142614.1_558,CP142623.1_1573,CP142623.1_1574,CP142623.1_1577
contig_6518	160573	160750	intergenic	.	AP012548.1_485,CP001429.2_490,CP142614.1_203,CP142623.1_1923,CP142623.1_1924
contig_6518	424073	424258	463752	gene	AP012548.1_160,CP142614.1_4100,CP142623.1_2250
contig_6518	424073	424258	463752	mRNA	AP012548.1_160,CP142614.1_4100,CP142623.1_2250
contig_6518	490307	490554	intergenic	.	AP012548.1_4110,CP001487.1_220,CP142614.1_3592,CP142614.1_3833,CP142614.1_3834,CP142623.1_2516
contig_6518	589437	589539	intergenic	.	AP012548.1_1211,CP142614.1_928,CP142623.1_1200
contig_6518	989749	989980	1031934	mRNA	CP001487.1_552,CP142614.1_3500,CP142623.1_2850
contig_6518	989749	989980	1031993	gene	CP001487.1_552,CP142614.1_3500,CP142623.1_2850
contig_6518	1307641	1307789	intergenic	.	CP142614.1_292
contig_6518	1309098	1309465	intergenic	.	AP012548.1_1544,CP142614.1_1262,CP142623.1_866,CP142623.1_867
contig_6518	1550434	1550735	intergenic	.	AP012548.1_1260,CP001429.2_1266,CP001487.1_3105,CP142614.1_977,CP142623.1_1151,CP142623.1_1152
contig_6518	1576766	1576856	intergenic	.	AP012548.1_526,CP001429.2_535,CP001487.1_3822,CP003000.1_1965
contig_6518	1667204	1667356	intergenic	.	AP012548.1_1134,CP142614.1_852,CP142623.1_1278
contig_6518	1858996	1859204	intergenic	.	AP012548.1_440,CP001487.1_3911,CP142614.1_158,CP142623.1_1968,CP142623.1_1969
contig_6518	1902337	1902551	intergenic	.	AP012548.1_1868,CP142614.1_1583,CP142623.1_545
contig_6530	225035	225154	intergenic	.	CP142623.1_448
contig_6530	774222	774516	774459	CDS	AP012548.1_1355,AP012548.1_1356,AP012548.1_2393,CP001429.2_1363,CP001429.2_2407,CP001487.1_1974,CP001487.1_3008,CP001487.1_3009,CP003000.1_1227,CP003000.1_2149,CP142614.1_1073,CP142614.1_1074,CP142614.1_2111,CP142623.1_1055,CP142623.1_1056,CP142623.1_19
contig_6530	774222	774516	774459	exon	AP012548.1_1355,AP012548.1_1356,AP012548.1_2393,CP001429.2_1363,CP001429.2_2407,CP001487.1_1974,CP001487.1_3008,CP001487.1_3009,CP003000.1_1227,CP003000.1_2149,CP142614.1_1073,CP142614.1_1074,CP142614.1_2111,CP142623.1_1055,CP142623.1_1056,CP142623.1_19
contig_6530	774222	774516	774459	mRNA	AP012548.1_1355,AP012548.1_1356,AP012548.1_2393,CP001429.2_1363,CP001429.2_2407,CP001487.1_1974,CP001487.1_3008,CP001487.1_3009,CP003000.1_1227,CP003000.1_2149,CP142614.1_1073,CP142614.1_1074,CP142614.1_2111,CP142623.1_1055,CP142623.1_1056,CP142623.1_19
contig_6530	774222	774516	774459	stop_codon	AP012548.1_1355,AP012548.1_1356,AP012548.1_2393,CP001429.2_1363,CP001429.2_2407,CP001487.1_1974,CP001487.1_3008,CP001487.1_3009,CP003000.1_1227,CP003000.1_2149,CP142614.1_1073,CP142614.1_1074,CP142614.1_2111,CP142623.1_1055,CP142623.1_1056,CP142623.1_19
contig_6530	774222	774516	774534	gene	AP012548.1_1355,AP012548.1_1356,AP012548.1_2393,CP001429.2_1363,CP001429.2_2407,CP001487.1_1974,CP001487.1_3008,CP001487.1_3009,CP003000.1_1227,CP003000.1_2149,CP142614.1_1073,CP142614.1_1074,CP142614.1_2111,CP142623.1_1055,CP142623.1_1056,CP142623.1_19
contig_6530	1545806	1545891	intergenic	.	AP012548.1_631,CP142614.1_348
contig_6530	2535301	2535415	2564141	gene	AP012548.1_4049,CP142614.1_3772,CP142623.1_2577
contig_6530	2535301	2535415	2564141	mRNA	AP012548.1_4049,CP142614.1_3772,CP142623.1_2577
contig_6530	4780044	4780182	intergenic	.	AP012548.1_194,CP001487.1_4164,CP142614.1_4134,CP142623.1_2216
contig_6530	5264846	5264988	intergenic	.	AP012548.1_3223
contig_6530	5554710	5554860	intergenic	.	AP012548.1_2646
contig_6530	5902108	5902212	intergenic	.	CP142623.1_1543
contig_6530	5942388	5942564	intergenic	.	CP001429.2_915,CP001487.1_3439,CP142614.1_625
contig_6530	6164218	6164299	intergenic	.	AP012548.1_738,CP142614.1_456,CP142623.1_1676
contig_6530	6594773	6594928	intergenic	.	AP012548.1_3048,CP142623.1_3574
contig_6530	9014849	9015038	9042187	gene	AP012548.1_1028,CP001429.2_1018,CP001487.1_3337,CP142614.1_746,CP142614.1_747,CP142623.1_1384
contig_6530	9014849	9015038	9042187	mRNA	AP012548.1_1028,CP001429.2_1018,CP001487.1_3337,CP142614.1_746,CP142614.1_747,CP142623.1_1384
contig_6530	11193890	11193985	intergenic	.	AP012548.1_2683,CP142614.1_2402,CP142623.1_3939
contig_6530	11345766	11345913	intergenic	.	AP012548.1_3121
contig_6573	196530	196956	431532	gene	AP012548.1_1668,AP012548.1_1669,AP012548.1_1670,CP001487.1_2697,CP142614.1_1384,CP142614.1_1385,CP142614.1_1386,CP142623.1_743,CP142623.1_744
contig_6573	196530	196956	431532	mRNA	AP012548.1_1668,AP012548.1_1669,AP012548.1_1670,CP001487.1_2697,CP142614.1_1384,CP142614.1_1385,CP142614.1_1386,CP142623.1_743,CP142623.1_744
contig_6573	394868	395007	431532	gene	AP012548.1_1914,CP142614.1_1630,CP142623.1_498
contig_6573	394868	395007	431532	mRNA	AP012548.1_1914,CP142614.1_1630,CP142623.1_498
contig_6573	901278	901364	963872	gene	CP142623.1_572
contig_6573	901278	901364	963872	mRNA	CP142623.1_572
contig_6573	2067075	2067266	intergenic	.	AP012548.1_340,CP001487.1_4019,CP142614.1_3104
contig_6573	2534537	2534872	intergenic	.	CP142614.1_3198,CP142614.1_3790,CP142623.1_3157
contig_6573	3278565	3278803	intergenic	.	AP012548.1_795,CP001429.2_801,CP001429.2_802,CP001487.1_3552,CP003000.1_1748,CP142623.1_1619
contig_6573	4224822	4225017	4249979	mRNA	AP012548.1_3833,CP142614.1_3557,CP142623.1_2793
contig_6573	4224822	4225017	4250046	gene	AP012548.1_3833,CP142614.1_3557,CP142623.1_2793
contig_6573	5169155	5169300	intergenic	.	AP012548.1_3190,CP142623.1_3430
contig_6573	5218195	5218349	intergenic	.	CP001487.1_2897,CP142623.1_944
contig_6573	5348311	5348422	intergenic	.	AP012548.1_4100,CP142614.1_3823,CP142623.1_2526
contig_6573	5503356	5503478	intergenic	.	AP012548.1_609,CP142614.1_326,CP142623.1_1804,CP142623.1_1805
contig_6573	6123128	6123212	intergenic	.	AP012548.1_924,CP001429.2_933,CP142614.1_642,CP142623.1_1489
contig_6573	7359461	7359642	intergenic	.	AP012548.1_2486,CP001429.2_2502,CP142614.1_2205,CP142623.1_4136
contig_6573	8295227	8295364	intergenic	.	CP142623.1_2177
contig_6669_part1	96127	96277	intergenic	.	CP001429.2_2956
contig_6669_part2	1219709	1219897	intergenic	.	AP012548.1_3539,CP142614.1_3267,CP142623.1_3087,CP142623.1_3088
contig_6669_part2	1277982	1278074	intergenic	.	CP142623.1_1251
contig_6669_part2	1616438	1616656	intergenic	.	AP012548.1_2929,AP012548.1_3883,CP142614.1_2658,CP142614.1_3606,CP142614.1_3607,CP142623.1_2743,CP142623.1_3695
contig_6669_part2	3353880	3354105	intergenic	.	AP012548.1_3245,AP012548.1_3246,CP001487.1_1083,CP001487.1_1084,CP142614.1_2975,CP142614.1_2976,CP142623.1_3378,CP142623.1_3379
contig_6669_part2	4531536	4531660	intergenic	.	AP012548.1_503,CP142623.1_1905
contig_6669_part2	4601801	4601969	intergenic	.	AP012548.1_1742,CP001487.1_2623,CP142614.1_1457,CP142614.1_1458,CP142623.1_671
contig_6726	132499	132631	intergenic	.	AP012548.1_3459,CP142614.1_3187,CP142623.1_3168
contig_6726	4369554	4369688	intergenic	.	CP142614.1_764,CP142623.1_1367
contig_6738	303685	303818	intergenic	.	CP001429.2_2131,CP003000.1_544
contig_6738	338060	338571	338481	CDS	AP012548.1_2805,AP012548.1_2806,AP012548.1_2807,CP001429.2_2839,CP001487.1_1519,CP001487.1_1520,CP003000.1_2594,CP003000.1_2595,CP142614.1_2534,CP142614.1_2535,CP142614.1_2536,CP142623.1_3815,CP142623.1_3816,CP142623.1_3817,CP142623.1_3818
contig_6738	338060	338571	338481	exon	AP012548.1_2805,AP012548.1_2806,AP012548.1_2807,CP001429.2_2839,CP001487.1_1519,CP001487.1_1520,CP003000.1_2594,CP003000.1_2595,CP142614.1_2534,CP142614.1_2535,CP142614.1_2536,CP142623.1_3815,CP142623.1_3816,CP142623.1_3817,CP142623.1_3818
contig_6738	338060	338571	338481	mRNA	AP012548.1_2805,AP012548.1_2806,AP012548.1_2807,CP001429.2_2839,CP001487.1_1519,CP001487.1_1520,CP003000.1_2594,CP003000.1_2595,CP142614.1_2534,CP142614.1_2535,CP142614.1_2536,CP142623.1_3815,CP142623.1_3816,CP142623.1_3817,CP142623.1_3818
contig_6738	338060	338571	338481	stop_codon	AP012548.1_2805,AP012548.1_2806,AP012548.1_2807,CP001429.2_2839,CP001487.1_1519,CP001487.1_1520,CP003000.1_2594,CP003000.1_2595,CP142614.1_2534,CP142614.1_2535,CP142614.1_2536,CP142623.1_3815,CP142623.1_3816,CP142623.1_3817,CP142623.1_3818
contig_6738	338060	338571	338507	gene	AP012548.1_2805,AP012548.1_2806,AP012548.1_2807,CP001429.2_2839,CP001487.1_1519,CP001487.1_1520,CP003000.1_2594,CP003000.1_2595,CP142614.1_2534,CP142614.1_2535,CP142614.1_2536,CP142623.1_3815,CP142623.1_3816,CP142623.1_3817,CP142623.1_3818
contig_6738	338060	338571	338507	polyA_signal_sequence	AP012548.1_2805,AP012548.1_2806,AP012548.1_2807,CP001429.2_2839,CP001487.1_1519,CP001487.1_1520,CP003000.1_2594,CP003000.1_2595,CP142614.1_2534,CP142614.1_2535,CP142614.1_2536,CP142623.1_3815,CP142623.1_3816,CP142623.1_3817,CP142623.1_3818
contig_6738	338507	338571	intergenic	.	AP012548.1_2805,AP012548.1_2806,AP012548.1_2807,CP001429.2_2839,CP001487.1_1519,CP001487.1_1520,CP003000.1_2594,CP003000.1_2595,CP142614.1_2534,CP142614.1_2535,CP142614.1_2536,CP142623.1_3815,CP142623.1_3816,CP142623.1_3817,CP142623.1_3818
contig_6738	529501	529640	intergenic	.	CP142614.1_2174
contig_6738	1867045	1867137	1967871	gene	CP001487.1_3238,CP142623.1_1284
contig_6738	1867045	1867137	1967871	mRNA	CP001487.1_3238,CP142623.1_1284
contig_6738	2246857	2246938	intergenic	.	AP012548.1_3307,CP001429.2_3343,CP001487.1_1023,CP142614.1_3037,CP142623.1_3317
contig_6738	2427800	2428085	intergenic	.	AP012548.1_236,CP142614.1_4177,CP142623.1_2173,CP142623.1_2174
contig_6738	2605688	2605771	intergenic	.	AP012548.1_2321
contig_6738	2726263	2726399	intergenic	.	AP012548.1_1326,CP142614.1_1043,CP142623.1_1085
contig_6738	3113843	3114027	intergenic	.	AP012548.1_1195,CP142614.1_912,CP142614.1_913,CP142623.1_1216
contig_675	486034	486109	intergenic	.	CP142614.1_2146,CP142623.1_4194
contig_6759	540183	540287	intergenic	.	AP012548.1_2386,CP001429.2_2401,CP001487.1_1980,CP003000.1_2143,CP142614.1_2105,CP142623.1_25
contig_6759	1294256	1294383	intergenic	.	AP012548.1_2271,CP001487.1_2096
contig_6759	5615802	5615896	intergenic	.	AP012548.1_2570,CP001487.1_1773,CP142614.1_2288,CP142614.1_2289,CP142623.1_4053
contig_6759	6375016	6375252	6422748	mRNA	AP012548.1_3138,AP012548.1_3139,CP142614.1_2867,CP142614.1_2868,CP142623.1_3483
contig_6759	6375016	6375252	6423173	gene	AP012548.1_3138,AP012548.1_3139,CP142614.1_2867,CP142614.1_2868,CP142623.1_3483
contig_6759	6671942	6672173	intergenic	.	AP012548.1_1051,CP001429.2_1041,CP001487.1_3314,CP003000.1_1531,CP142614.1_770,CP142623.1_1361,CP142623.1_1362
contig_6759	6817778	6817929	intergenic	.	CP142614.1_2654,CP142623.1_3699
contig_676	512200	512308	intergenic	.	AP012548.1_1771,CP142614.1_1487,CP142623.1_641
contig_676	597190	597269	intergenic	.	AP012548.1_1186,CP142614.1_903
contig_6787	26185	26381	intergenic	.	AP012548.1_403,CP142614.1_120,CP142614.1_121,CP142623.1_2005
contig_6787	685560	685648	intergenic	.	AP012548.1_1282,CP003000.1_1300,CP142614.1_1000,CP142614.1_999,CP142623.1_1129
contig_6787	1287572	1287731	1347499	mRNA	AP012548.1_3740,CP142614.1_3463,CP142623.1_2886
contig_6787	1287572	1287731	1347534	gene	AP012548.1_3740,CP142614.1_3463,CP142623.1_2886
contig_6788	33086	33299	intergenic	.	AP012548.1_2605,AP012548.1_963,CP001487.1_3402,CP142623.1_1449
contig_6879	1422000	1422178	intergenic	.	AP012548.1_670,CP142614.1_387,CP142623.1_1743
contig_6879	3100947	3101044	intergenic	.	CP001487.1_577,CP003000.1_3509,CP142614.1_3478
contig_6892	350751	351151	370037	mRNA	AP012548.1_2874,AP012548.1_2875,CP001429.2_2908,CP001487.1_1449,CP142614.1_2604,CP142623.1_3747
contig_6892	350751	351151	370127	gene	AP012548.1_2874,AP012548.1_2875,CP001429.2_2908,CP001487.1_1449,CP142614.1_2604,CP142623.1_3747
contig_6892	749909	750119	intergenic	.	AP012548.1_1279,CP142614.1_997,CP142623.1_1132
contig_6892	821270	821365	intergenic	.	AP012548.1_2578,CP142623.1_4044
contig_6892	1200154	1200525	intergenic	.	AP012548.1_2693,AP012548.1_3965,AP012548.1_3966,CP001487.1_365,CP142614.1_3688,CP142614.1_3689,CP142614.1_3690,CP142623.1_2660,CP142623.1_2661
contig_6892	1418170	1418407	intergenic	.	AP012548.1_2703,AP012548.1_3161,CP142614.1_2889
contig_6892	1923242	1923694	intergenic	.	AP012548.1_4191,AP012548.1_4197,CP142614.1_3914,CP142614.1_3915,CP142614.1_3920,CP142623.1_2430,CP142623.1_2435,CP142623.1_2436
contig_6892	2048517	2048675	intergenic	.	AP012548.1_2688,AP012548.1_2689,CP001487.1_1636,CP142614.1_2407,CP142614.1_2408,CP142623.1_3933
contig_6892	2972517	2972661	intergenic	.	CP001487.1_1209,CP142614.1_2847,CP142623.1_3503
contig_6892	3022111	3022261	3073897	gene	CP142623.1_1675
contig_6892	3022111	3022261	3073897	mRNA	CP142623.1_1675
contig_701	28454	28557	intergenic	.	AP012548.1_1371,CP142623.1_1040
contig_7050	121120	121301	intergenic	.	AP012548.1_2324,CP142623.1_87
contig_7050	1033181	1033413	1045179	mRNA	AP012548.1_1287,AP012548.1_1288,AP012548.1_1289,CP142614.1_1005,CP142614.1_1006,CP142623.1_1123,CP142623.1_1124
contig_7050	1033181	1033413	1045217	gene	AP012548.1_1287,AP012548.1_1288,AP012548.1_1289,CP142614.1_1005,CP142614.1_1006,CP142623.1_1123,CP142623.1_1124
contig_7050	1436319	1436469	intergenic	.	CP142614.1_4218
contig_7050	2294186	2294401	intergenic	.	AP012548.1_3188,AP012548.1_3189,CP142614.1_2917,CP142623.1_3432
contig_7050	4313611	4313714	intergenic	.	AP012548.1_230,CP142614.1_4170
contig_7050	5214235	5214402	5229915	mRNA	AP012548.1_1908,CP142614.1_1624,CP142623.1_504
contig_7050	5214235	5214402	5229937	gene	AP012548.1_1908,CP142614.1_1624,CP142623.1_504
contig_7050	5538933	5539077	intergenic	.	CP142623.1_1268
contig_7050	5718235	5718327	intergenic	.	AP012548.1_832,CP142614.1_550
contig_7050	5777119	5777217	intergenic	.	AP012548.1_1312,CP001429.2_1318,CP142614.1_1029,CP142623.1_1099
contig_7050	6285979	6286095	intergenic	.	AP012548.1_2752,CP001429.2_2786,CP001487.1_1572,CP142614.1_2471
contig_7050	6434383	6434467	intergenic	.	AP012548.1_3732,CP142623.1_2894
contig_7050	6616222	6616759	intergenic	.	AP012548.1_2323,AP012548.1_2324,AP012548.1_3581,CP001429.2_2338,CP001487.1_2043,CP001487.1_2044,CP142614.1_2040,CP142614.1_2041,CP142623.1_3046,CP142623.1_88,CP142623.1_89
contig_7050	7265911	7266049	7298941	mRNA	CP142623.1_2122
contig_7050	7265911	7266049	7299007	gene	CP142623.1_2122
contig_7050	8047657	8047886	intergenic	.	AP012548.1_1295,CP001429.2_1301,CP001487.1_3070,CP003000.1_1288,CP142614.1_1012,CP142623.1_1117
contig_7050	8780939	8781049	intergenic	.	AP012548.1_713,CP001487.1_3633,CP142614.1_431,CP142623.1_1701
contig_7050	8899239	8899423	8924640	gene	AP012548.1_610,AP012548.1_611,CP003000.1_1887,CP142614.1_327,CP142614.1_328,CP142623.1_1803,CP142623.1_1804
contig_7050	8899239	8899423	8924640	mRNA	AP012548.1_610,AP012548.1_611,CP003000.1_1887,CP142614.1_327,CP142614.1_328,CP142623.1_1803,CP142623.1_1804
contig_7065	82380	82852	101971	mRNA	AP012548.1_2585,AP012548.1_2586,CP142614.1_2304,CP142614.1_2305,CP142614.1_2307,CP142623.1_4034,CP142623.1_4035
contig_7065	82380	82852	102002	gene	AP012548.1_2585,AP012548.1_2586,CP142614.1_2304,CP142614.1_2305,CP142614.1_2307,CP142623.1_4034,CP142623.1_4035
contig_7065	737926	738202	intergenic	.	AP012548.1_2639,CP001487.1_3927,CP003000.1_374,CP142614.1_143,CP142614.1_2358,CP142623.1_1984,CP142623.1_3983
contig_7065	956409	956533	984064	mRNA	AP012548.1_1420,CP001429.2_1428,CP003000.1_1164,CP142614.1_1138,CP142623.1_991
contig_7065	956409	956533	984171	gene	AP012548.1_1420,CP001429.2_1428,CP003000.1_1164,CP142614.1_1138,CP142623.1_991
contig_7065	1747103	1747113	intergenic	.	AP012548.1_3389,AP012548.1_3390,AP012548.1_3391,CP001429.2_3433,CP001487.1_941,CP001487.1_942,CP142614.1_3119,CP142614.1_3120,CP142614.1_3121,CP142623.1_3234,CP142623.1_3235,CP142623.1_3236
contig_7065	1747103	1747567	1747116	start_codon	AP012548.1_3389,AP012548.1_3390,AP012548.1_3391,CP001429.2_3433,CP001487.1_941,CP001487.1_942,CP142614.1_3119,CP142614.1_3120,CP142614.1_3121,CP142623.1_3234,CP142623.1_3235,CP142623.1_3236
contig_7065	1747103	1747567	1747623	CDS	AP012548.1_3389,AP012548.1_3390,AP012548.1_3391,CP001429.2_3433,CP001487.1_941,CP001487.1_942,CP142614.1_3119,CP142614.1_3120,CP142614.1_3121,CP142623.1_3234,CP142623.1_3235,CP142623.1_3236
contig_7065	1747103	1747567	1747623	exon	AP012548.1_3389,AP012548.1_3390,AP012548.1_3391,CP001429.2_3433,CP001487.1_941,CP001487.1_942,CP142614.1_3119,CP142614.1_3120,CP142614.1_3121,CP142623.1_3234,CP142623.1_3235,CP142623.1_3236
contig_7065	1747103	1747567	1747623	mRNA	AP012548.1_3389,AP012548.1_3390,AP012548.1_3391,CP001429.2_3433,CP001487.1_941,CP001487.1_942,CP142614.1_3119,CP142614.1_3120,CP142614.1_3121,CP142623.1_3234,CP142623.1_3235,CP142623.1_3236
contig_7065	1747103	1747567	1747821	gene	AP012548.1_3389,AP012548.1_3390,AP012548.1_3391,CP001429.2_3433,CP001487.1_941,CP001487.1_942,CP142614.1_3119,CP142614.1_3120,CP142614.1_3121,CP142623.1_3234,CP142623.1_3235,CP142623.1_3236
contig_7091	43832	44097	intergenic	.	AP012548.1_1192,AP012548.1_32,CP142614.1_3971,CP142623.1_2378,CP142623.1_2379
contig_7091	1429731	1430035	1433379	mRNA	AP012548.1_1485,AP012548.1_1486,CP142614.1_1202,CP142614.1_1203,CP142623.1_925,CP142623.1_926
contig_7091	1429731	1430035	1433418	gene	AP012548.1_1485,AP012548.1_1486,CP142614.1_1202,CP142614.1_1203,CP142623.1_925,CP142623.1_926
contig_7091	1536505	1536669	intergenic	.	AP012548.1_2742,CP003000.1_2533,CP142614.1_2461
contig_7113	51424	51600	intergenic	.	AP012548.1_1530,CP142614.1_1246,CP142623.1_882
contig_7113	90959	91068	intergenic	.	AP012548.1_1335,CP142614.1_1052
contig_7113	256056	256176	intergenic	.	AP012548.1_3834,CP142623.1_2792
contig_7114	81614	81768	intergenic	.	AP012548.1_2902,AP012548.1_3106,CP142614.1_2631,CP142623.1_3721
contig_7114	423638	423770	intergenic	.	AP012548.1_2382,CP001429.2_2397,CP001487.1_1984,CP003000.1_2139,CP142614.1_2101,CP142623.1_30
contig_7114	455963	456073	intergenic	.	AP012548.1_691,CP142614.1_408,CP142623.1_1723
contig_7114	936638	936784	intergenic	.	AP012548.1_2625,AP012548.1_2626,CP001487.1_1698,CP142614.1_2345,CP142623.1_3996
contig_7127	510293	510429	537157	gene	AP012548.1_1226,CP001429.2_1232,CP142614.1_943
contig_7127	510293	510429	537157	mRNA	AP012548.1_1226,CP001429.2_1232,CP142614.1_943
contig_7127	621529	621694	intergenic	.	CP142614.1_1129,CP142623.1_1000
contig_7127	789616	789798	intergenic	.	AP012548.1_3247,CP142614.1_2977,CP142623.1_3377
contig_7127	921311	921760	923198	gene	AP012548.1_2456,AP012548.1_289,CP142614.1_2175,CP142614.1_5,CP142623.1_2120,CP142623.1_4166
contig_7127	921311	921760	923198	mRNA	AP012548.1_2456,AP012548.1_289,CP142614.1_2175,CP142614.1_5,CP142623.1_2120,CP142623.1_4166
contig_7134	483145	483482	658739	mRNA	AP012548.1_3360,CP001487.1_969,CP142614.1_3090,CP142614.1_3091,CP142623.1_3264,CP142623.1_3265
contig_7134	483145	483482	658748	gene	AP012548.1_3360,CP001487.1_969,CP142614.1_3090,CP142614.1_3091,CP142623.1_3264,CP142623.1_3265
contig_7134	1279890	1280069	intergenic	.	AP012548.1_3146,CP001429.2_3183,CP001487.1_1182,CP142614.1_2875,CP142623.1_3475
contig_7134	1400015	1400191	intergenic	.	AP012548.1_3192,CP142614.1_2921,CP142623.1_3428
contig_7134	1432074	1432223	intergenic	.	AP012548.1_984,CP142614.1_703,CP142623.1_1428
contig_7134	1705405	1705666	intergenic	.	AP012548.1_3317,AP012548.1_3318,CP001487.1_1013,CP142614.1_3047,CP142623.1_3307
contig_7134	2055859	2056018	2086043	gene	CP001487.1_2349,CP003000.1_649,CP142623.1_396
contig_7134	2055859	2056018	2086043	mRNA	CP001487.1_2349,CP003000.1_649,CP142623.1_396
contig_7134	2495921	2496099	intergenic	.	AP012548.1_1479,CP001487.1_2885,CP142614.1_1196,CP142623.1_932
contig_7134	2520779	2521102	intergenic	.	AP012548.1_2168,CP001429.2_2176,CP001487.1_2406,CP142614.1_1884
contig_7134	2683562	2683684	2684343	mRNA	CP142614.1_2155
contig_7134	2683562	2683684	2684362	gene	CP142614.1_2155
contig_7134	2928889	2928975	intergenic	.	CP142614.1_1403
contig_7134	3229065	3229319	intergenic	.	AP012548.1_48,AP012548.1_49,CP001429.2_50,CP003000.1_48,CP142614.1_3988,CP142623.1_2362
contig_7134	3279098	3279340	intergenic	.	AP012548.1_2266,AP012548.1_2267,CP001487.1_2100,CP003000.1_416,CP142614.1_1983,CP142614.1_1984,CP142623.1_145,CP142623.1_146
contig_7134	3831607	3831857	intergenic	.	AP012548.1_2234,AP012548.1_3774,CP001487.1_555,CP003000.1_3530,CP142623.1_2852
contig_7134	3957565	3957715	intergenic	.	CP142614.1_2145,CP142623.1_4195
contig_7134	4128618	4129243	intergenic	.	AP012548.1_3572,AP012548.1_3573,AP012548.1_361,AP012548.1_362,AP012548.1_3981,CP001429.2_3616,CP001429.2_365,CP001487.1_759,CP003000.1_318,CP003000.1_3337,CP142614.1_3301,CP142614.1_3704,CP142623.1_2047,CP142623.1_3054
contig_7134	4495261	4495395	intergenic	.	AP012548.1_2613,CP001429.2_2646,CP001487.1_1711,CP142614.1_2332,CP142623.1_4009
contig_7134	4577054	4577147	intergenic	.	CP001429.2_3619,CP142614.1_3303,CP142623.1_3052
contig_7134	4580303	4580392	intergenic	.	AP012548.1_1927,CP142614.1_1643,CP142623.1_486
contig_7134	4723690	4723932	intergenic	.	AP012548.1_388,CP001429.2_3679,CP001487.1_3963,CP001487.1_697,CP142614.1_105,CP142614.1_106,CP142614.1_3363,CP142623.1_2020,CP142623.1_2021,CP142623.1_2992
contig_7134	4773169	4773273	intergenic	.	AP012548.1_570,CP001429.2_582
contig_7134	4981180	4981295	intergenic	.	CP142614.1_787
contig_7134	5112292	5112451	5195558	gene	AP012548.1_2497,CP142614.1_2215,CP142623.1_4126
contig_7134	5112292	5112451	5195558	mRNA	AP012548.1_2497,CP142614.1_2215,CP142623.1_4126
contig_7134	5218509	5218677	intergenic	.	CP001487.1_2821,CP142614.1_1261
contig_7134	5342542	5342629	intergenic	.	CP003000.1_3625
contig_7134	5394446	5394616	intergenic	.	AP012548.1_1699,CP142614.1_1415,CP142623.1_714
contig_7134	6216905	6217003	intergenic	.	AP012548.1_1307,CP001429.2_2418,CP001487.1_1963,CP003000.1_2160
contig_7134	6272693	6272909	intergenic	.	AP012548.1_3487,CP142614.1_3216,CP142623.1_3139
contig_7134	6330102	6330612	intergenic	.	AP012548.1_1052,AP012548.1_2380,AP012548.1_3332,CP001487.1_3313,CP142614.1_2098,CP142614.1_3062,CP142614.1_771,CP142623.1_32,CP142623.1_3292
contig_7134	6346782	6346926	intergenic	.	CP142614.1_1498,CP142623.1_630
contig_7134	7450496	7450793	intergenic	.	AP012548.1_3989,CP001429.2_541,CP001487.1_3815,CP003000.1_1958,CP142614.1_251,CP142614.1_3712,CP142623.1_1880,CP142623.1_2637
contig_7134	7647800	7648190	intergenic	.	AP012548.1_1426,AP012548.1_522,CP142614.1_241,CP142623.1_985
contig_7134	7733795	7733995	intergenic	.	AP012548.1_299,AP012548.1_568,CP001487.1_4061,CP142614.1_15,CP142614.1_285,CP142623.1_1846,CP142623.1_2110
contig_7134	8037824	8037933	intergenic	.	CP142623.1_2571
contig_7134	8215525	8215822	intergenic	.	CP142614.1_2894,CP142614.1_2895,CP142623.1_3454,CP142623.1_3455
contig_7134	8246357	8246479	intergenic	.	AP012548.1_1786,CP142614.1_1502,CP142623.1_627
contig_7134	8558773	8558958	8595188	mRNA	AP012548.1_1173,CP003000.1_1409,CP142623.1_1238
contig_7134	8558773	8558958	8595330	gene	AP012548.1_1173,CP003000.1_1409,CP142623.1_1238
contig_7134	9445191	9445289	intergenic	.	AP012548.1_4000,CP142614.1_3724,CP142623.1_2626
contig_7134	9445506	9445712	intergenic	.	AP012548.1_87,CP001487.1_25,CP142614.1_1414
contig_7134	9743742	9743894	intergenic	.	AP012548.1_3281,CP142614.1_3011
contig_7134	9824211	9824472	intergenic	.	AP012548.1_786,AP012548.1_787,CP142614.1_504,CP142623.1_1628
contig_714	938931	939367	intergenic	.	AP012548.1_2366,AP012548.1_560,CP142614.1_2085,CP142614.1_278,CP142614.1_287,CP142623.1_1844,CP142623.1_1853,CP142623.1_46
contig_7168	640846	641031	intergenic	.	CP142614.1_170,CP142623.1_1957
contig_7168	914243	914328	intergenic	.	CP142614.1_982
contig_717	730847	731012	intergenic	.	CP001487.1_1232,CP001487.1_1233,CP142614.1_2824,CP142623.1_3526,CP142623.1_3527
contig_7212	55402	55494	74498	gene	AP012548.1_1163,CP142614.1_882
contig_7212	55402	55494	74498	mRNA	AP012548.1_1163,CP142614.1_882
contig_7212	160312	160540	intergenic	.	AP012548.1_2154,CP142614.1_1870,CP142623.1_258
contig_7212	877657	877770	intergenic	.	CP142614.1_4056,CP142623.1_2294
contig_7212	1070437	1070564	intergenic	.	CP142614.1_2601,CP142623.1_3750
contig_7212	1148884	1149471	intergenic	.	AP012548.1_2381,AP012548.1_2383,AP012548.1_2385,CP001429.2_2396,CP001429.2_2398,CP001487.1_1983,CP001487.1_1985,CP003000.1_2138,CP003000.1_2140,CP142614.1_2100,CP142614.1_2102,CP142623.1_29,CP142623.1_30,CP142623.1_31
contig_7212	1620001	1620127	1620099	CDS	AP012548.1_888,CP142623.1_1526
contig_7212	1620001	1620127	1620099	exon	AP012548.1_888,CP142623.1_1526
contig_7212	1620001	1620127	1620360	gene	AP012548.1_888,CP142623.1_1526
contig_7212	1620001	1620127	1620360	mRNA	AP012548.1_888,CP142623.1_1526
contig_7212	1652464	1652546	intergenic	.	AP012548.1_1665,CP001487.1_2700,CP142614.1_1381,CP142623.1_748
contig_7212	1785816	1785935	intergenic	.	AP012548.1_371,CP142623.1_2038
contig_7212	3044388	3044539	3044514	CDS	AP012548.1_1840,CP001429.2_1847,CP001487.1_2524,CP003000.1_812,CP142614.1_1556
contig_7212	3044388	3044539	3044514	exon	AP012548.1_1840,CP001429.2_1847,CP001487.1_2524,CP003000.1_812,CP142614.1_1556
contig_7212	3044388	3044539	3093940	gene	AP012548.1_1840,CP001429.2_1847,CP001487.1_2524,CP003000.1_812,CP142614.1_1556
contig_7212	3044388	3044539	3093940	mRNA	AP012548.1_1840,CP001429.2_1847,CP001487.1_2524,CP003000.1_812,CP142614.1_1556
contig_7212	3636827	3637333	3637206	CDS	AP012548.1_1925,AP012548.1_2280,AP012548.1_2294,CP001429.2_2294,CP001429.2_2308,CP001487.1_2087,CP001487.1_2440,CP003000.1_2038,CP003000.1_2052,CP142614.1_1641,CP142614.1_1997,CP142614.1_2011,CP142623.1_118,CP142623.1_132
contig_7212	3636827	3637333	3637206	exon	AP012548.1_1925,AP012548.1_2280,AP012548.1_2294,CP001429.2_2294,CP001429.2_2308,CP001487.1_2087,CP001487.1_2440,CP003000.1_2038,CP003000.1_2052,CP142614.1_1641,CP142614.1_1997,CP142614.1_2011,CP142623.1_118,CP142623.1_132
contig_7212	3636827	3637333	3637206	mRNA	AP012548.1_1925,AP012548.1_2280,AP012548.1_2294,CP001429.2_2294,CP001429.2_2308,CP001487.1_2087,CP001487.1_2440,CP003000.1_2038,CP003000.1_2052,CP142614.1_1641,CP142614.1_1997,CP142614.1_2011,CP142623.1_118,CP142623.1_132
contig_7212	3636827	3637333	3637206	stop_codon	AP012548.1_1925,AP012548.1_2280,AP012548.1_2294,CP001429.2_2294,CP001429.2_2308,CP001487.1_2087,CP001487.1_2440,CP003000.1_2038,CP003000.1_2052,CP142614.1_1641,CP142614.1_1997,CP142614.1_2011,CP142623.1_118,CP142623.1_132
contig_7212	3636827	3637333	3637340	gene	AP012548.1_1925,AP012548.1_2280,AP012548.1_2294,CP001429.2_2294,CP001429.2_2308,CP001487.1_2087,CP001487.1_2440,CP003000.1_2038,CP003000.1_2052,CP142614.1_1641,CP142614.1_1997,CP142614.1_2011,CP142623.1_118,CP142623.1_132
contig_7212	3910210	3910378	intergenic	.	AP012548.1_2412,CP142614.1_2130,CP142623.1_4210,CP142623.1_4211
contig_7212	5567253	5567473	5587309	mRNA	AP012548.1_1407,AP012548.1_1408,CP001429.2_1415,CP142614.1_1124,CP142614.1_1125,CP142623.1_1003,CP142623.1_1004
contig_7212	5567253	5567473	5587553	gene	AP012548.1_1407,AP012548.1_1408,CP001429.2_1415,CP142614.1_1124,CP142614.1_1125,CP142623.1_1003,CP142623.1_1004
contig_7212	5706068	5707098	intergenic	.	AP012548.1_2248,AP012548.1_2249,AP012548.1_2796,AP012548.1_294,AP012548.1_295,AP012548.1_342,AP012548.1_343,CP001487.1_4017,CP003000.1_298,CP142614.1_11,CP142614.1_1965,CP142614.1_1966,CP142614.1_2515,CP142614.1_58,CP142614.1_59,CP142614.1_60,CP142623.1_163,CP142623.1_164,CP142623.1_2066,CP142623.1_2067,CP142623.1_2068,CP142623.1_2114,CP142623.1_2115
contig_7212	5951906	5952031	5996310	gene	CP142614.1_2532
contig_7212	5951906	5952031	5996310	mRNA	CP142614.1_2532
contig_7212	6016225	6016302	6035048	mRNA	AP012548.1_1713,CP001487.1_2652,CP142614.1_1429,CP142623.1_700
contig_7212	6016225	6016302	6035255	gene	AP012548.1_1713,CP001487.1_2652,CP142614.1_1429,CP142623.1_700
contig_7212	6128258	6128365	intergenic	.	AP012548.1_917,CP142614.1_635,CP142623.1_1496
contig_7212	6210671	6210827	intergenic	.	AP012548.1_2678,CP142614.1_2397
contig_7212	6230041	6230141	intergenic	.	CP142614.1_981
contig_7235	19063	19260	intergenic	.	AP012548.1_2514,CP142614.1_2232,CP142623.1_4108
contig_7294	122276	122403	intergenic	.	AP012548.1_3515,CP142614.1_3244,CP142623.1_3111
contig_7294	657629	657829	666411	gene	AP012548.1_258,AP012548.1_259,CP142614.1_4198,CP142623.1_2150,CP142623.1_2151
contig_7294	657629	657829	666411	mRNA	AP012548.1_258,AP012548.1_259,CP142614.1_4198,CP142623.1_2150,CP142623.1_2151
contig_7294	1086103	1086296	intergenic	.	AP012548.1_1126,AP012548.1_1127,CP142614.1_845,CP142614.1_846,CP142623.1_1285
contig_7294	1555274	1555967	1560278	gene	AP012548.1_1242,AP012548.1_673,CP001487.1_2198,CP142614.1_960,CP142623.1_1169,CP142623.1_1741,CP142623.1_244
contig_7294	1555274	1555967	1560278	mRNA	AP012548.1_1242,AP012548.1_673,CP001487.1_2198,CP142614.1_960,CP142623.1_1169,CP142623.1_1741,CP142623.1_244
contig_7294	1568690	1568741	intergenic	.	AP012548.1_3098,CP001487.1_1230,CP142614.1_2826,CP142623.1_3524
contig_7294	1568690	1568947	1568744	start_codon	AP012548.1_3098,CP001487.1_1230,CP142614.1_2826,CP142623.1_3524
contig_7294	1568690	1568947	1568987	CDS	AP012548.1_3098,CP001487.1_1230,CP142614.1_2826,CP142623.1_3524
contig_7294	1568690	1568947	1568987	exon	AP012548.1_3098,CP001487.1_1230,CP142614.1_2826,CP142623.1_3524
contig_7294	1568690	1568947	1568987	mRNA	AP012548.1_3098,CP001487.1_1230,CP142614.1_2826,CP142623.1_3524
contig_7294	1568690	1568947	1569467	gene	AP012548.1_3098,CP001487.1_1230,CP142614.1_2826,CP142623.1_3524
contig_7294	1735838	1735991	intergenic	.	AP012548.1_3767
contig_7294	1942463	1942813	intergenic	.	AP012548.1_969,AP012548.1_970,CP001487.1_3397,CP003000.1_1595,CP142614.1_688,CP142614.1_689,CP142623.1_1442,CP142623.1_1443
contig_7294	1999076	1999296	intergenic	.	AP012548.1_278,AP012548.1_279,CP001487.1_4080,CP142614.1_4219,CP142623.1_2130
contig_7294	2030410	2030797	intergenic	.	AP012548.1_2915,AP012548.1_2916,CP001487.1_1410,CP003000.1_2697,CP142614.1_2643,CP142614.1_2644,CP142614.1_2645,CP142623.1_3708,CP142623.1_3709
contig_7316	264368	264619	268197	gene	CP001429.2_3479,CP001487.1_895,CP001487.1_896
contig_7316	264368	264619	268197	mRNA	CP001429.2_3479,CP001487.1_895,CP001487.1_896
contig_7316	567102	567422	intergenic	.	AP012548.1_2611,AP012548.1_2612,CP001487.1_1713,CP003000.1_2404,CP142614.1_2330,CP142614.1_2331,CP142623.1_4010,CP142623.1_4011
contig_7322	38449	38595	44892	gene	CP001429.2_973,CP001487.1_3382,CP142614.1_702,CP142623.1_1429
contig_7322	38449	38595	44892	mRNA	CP001429.2_973,CP001487.1_3382,CP142614.1_702,CP142623.1_1429
contig_7322	345548	345737	354354	gene	CP142614.1_1674,CP142614.1_1675
contig_7322	345548	345737	354354	mRNA	CP142614.1_1674,CP142614.1_1675
contig_734	54336	54447	intergenic	.	AP012548.1_2030,CP142614.1_1745,CP142623.1_383
contig_734	375523	375704	intergenic	.	CP001487.1_2417,CP142623.1_464
contig_734	3034329	3034477	intergenic	.	AP012548.1_1097,CP142614.1_816,CP142623.1_1315
contig_734	3702835	3703003	intergenic	.	CP003000.1_3640,CP142623.1_2696
contig_734	3903227	3903365	intergenic	.	CP142614.1_3151
contig_734	8696964	8697093	intergenic	.	AP012548.1_794,CP001487.1_3553,CP003000.1_1749,CP142614.1_512,CP142623.1_1620
contig_734	9023290	9023399	intergenic	.	AP012548.1_1176,CP142614.1_893
contig_734	9405062	9405245	intergenic	.	AP012548.1_3708,CP003000.1_3463,CP142614.1_3431
contig_734	9525081	9525203	intergenic	.	CP001429.2_2438,CP142614.1_2142
contig_7345_part1	125689	125906	intergenic	.	AP012548.1_2436,CP001487.1_2002
contig_7345_part1	453594	453685	intergenic	.	AP012548.1_2032,CP142614.1_1748,CP142623.1_381
contig_7345_part1	522559	522706	intergenic	.	CP142623.1_635
contig_7345_part1	568816	569044	intergenic	.	AP012548.1_2397,CP001487.1_1969,CP142614.1_2116,CP142623.1_14,CP142623.1_15
contig_7345_part2	354585	354757	intergenic	.	AP012548.1_1227,CP142614.1_944,CP142623.1_1185
contig_7345_part2	620141	620286	intergenic	.	CP142614.1_1746,CP142623.1_382
contig_7345_part2	2923943	2924198	intergenic	.	AP012548.1_496,CP001429.2_502,CP142614.1_214,CP142623.1_1913
contig_7345_part2	3635597	3635747	intergenic	.	AP012548.1_4089
contig_7345_part2	3756285	3756397	intergenic	.	CP001487.1_2966,CP142614.1_1116
contig_7345_part2	3862454	3862635	3928058	gene	AP012548.1_1264,AP012548.1_1806,CP142614.1_1522
contig_7345_part2	3862454	3862635	3928058	mRNA	AP012548.1_1264,AP012548.1_1806,CP142614.1_1522
contig_7345_part2	4018626	4018730	4037875	mRNA	CP001487.1_3183
contig_7345_part2	4018626	4018730	4037950	gene	CP001487.1_3183
contig_7345_part2	4019035	4019714	4037875	mRNA	AP012548.1_1179,AP012548.1_1181,AP012548.1_1863,CP001487.1_2502,CP001487.1_3184,CP001487.1_3186,CP003000.1_789,CP142614.1_1579,CP142614.1_896,CP142614.1_898,CP142623.1_1230,CP142623.1_1231,CP142623.1_1232,CP142623.1_550
contig_7345_part2	4019035	4019714	4037950	gene	AP012548.1_1179,AP012548.1_1181,AP012548.1_1863,CP001487.1_2502,CP001487.1_3184,CP001487.1_3186,CP003000.1_789,CP142614.1_1579,CP142614.1_896,CP142614.1_898,CP142623.1_1230,CP142623.1_1231,CP142623.1_1232,CP142623.1_550
contig_735	1725241	1725362	1737371	mRNA	CP142614.1_2793,CP142623.1_3557
contig_735	1725241	1725362	1737995	gene	CP142614.1_2793,CP142623.1_3557
contig_735	2015244	2015428	intergenic	.	AP012548.1_719,CP142614.1_437,CP142623.1_1695
contig_735	2230393	2230617	intergenic	.	AP012548.1_730,CP142614.1_447,CP142614.1_448,CP142623.1_1684
contig_735	3262237	3262252	intergenic	.	AP012548.1_201,AP012548.1_650,CP001487.1_4157,CP142614.1_367,CP142614.1_4140,CP142614.1_4141,CP142623.1_1612,CP142623.1_1764,CP142623.1_2209
contig_735	3262237	3262645	3262258	polyA_signal_sequence	AP012548.1_201,AP012548.1_650,CP001487.1_4157,CP142614.1_367,CP142614.1_4140,CP142614.1_4141,CP142623.1_1612,CP142623.1_1764,CP142623.1_2209
contig_735	3262237	3262645	3262273	stop_codon	AP012548.1_201,AP012548.1_650,CP001487.1_4157,CP142614.1_367,CP142614.1_4140,CP142614.1_4141,CP142623.1_1612,CP142623.1_1764,CP142623.1_2209
contig_735	3262237	3262645	3262622	CDS	AP012548.1_201,AP012548.1_650,CP001487.1_4157,CP142614.1_367,CP142614.1_4140,CP142614.1_4141,CP142623.1_1612,CP142623.1_1764,CP142623.1_2209
contig_735	3262237	3262645	3262622	exon	AP012548.1_201,AP012548.1_650,CP001487.1_4157,CP142614.1_367,CP142614.1_4140,CP142614.1_4141,CP142623.1_1612,CP142623.1_1764,CP142623.1_2209
contig_735	3262237	3262645	3264001	gene	AP012548.1_201,AP012548.1_650,CP001487.1_4157,CP142614.1_367,CP142614.1_4140,CP142614.1_4141,CP142623.1_1612,CP142623.1_1764,CP142623.1_2209
contig_735	3262237	3262645	3264001	mRNA	AP012548.1_201,AP012548.1_650,CP001487.1_4157,CP142614.1_367,CP142614.1_4140,CP142614.1_4141,CP142623.1_1612,CP142623.1_1764,CP142623.1_2209
contig_735	3590154	3590250	intergenic	.	CP001429.2_1932,CP003000.1_727
contig_735	3857492	3857604	intergenic	.	AP012548.1_2594,CP142614.1_2314,CP142623.1_4027
contig_735	4127235	4127455	intergenic	.	AP012548.1_3414,CP001487.1_196,CP142614.1_3144,CP142614.1_3855,CP142623.1_2495,CP142623.1_3210
contig_735	4790685	4790772	intergenic	.	CP142623.1_3810
contig_735	4963909	4964045	intergenic	.	CP142623.1_1233
contig_735	4981823	4981972	intergenic	.	AP012548.1_768,CP001487.1_3580,CP142623.1_1646,CP142623.1_1647
contig_735	4996405	4996514	intergenic	.	AP012548.1_1564,CP001487.1_2802,CP142614.1_1280,CP142623.1_848
contig_735	5358107	5358307	intergenic	.	CP001487.1_183,CP142614.1_3869,CP142623.1_2481
contig_735	5667272	5667394	intergenic	.	AP012548.1_72,CP142614.1_4012,CP142623.1_2338
contig_7352	99249	99334	intergenic	.	CP142614.1_1250
contig_7352	201251	201350	intergenic	.	CP001429.2_2335,CP001487.1_2046,CP142614.1_2038,CP142623.1_91
contig_7352	348799	349054	381009	mRNA	AP012548.1_500,AP012548.1_501,AP012548.1_506,CP142614.1_219,CP142614.1_224,CP142623.1_1902,CP142623.1_1908
contig_7352	348799	349054	381104	gene	AP012548.1_500,AP012548.1_501,AP012548.1_506,CP142614.1_219,CP142614.1_224,CP142623.1_1902,CP142623.1_1908
contig_7352	587977	588155	intergenic	.	AP012548.1_2621,CP001487.1_1702,CP142623.1_4001
contig_7352	714679	714903	intergenic	.	CP142614.1_1100,CP142623.1_1028
contig_7352	1306004	1306178	intergenic	.	AP012548.1_3521,CP001487.1_810,CP142614.1_3250,CP142623.1_3105
contig_7352	2270942	2271212	intergenic	.	AP012548.1_3311,CP001487.1_1019,CP001487.1_365,CP142614.1_3040,CP142614.1_3041,CP142614.1_649,CP142623.1_1482,CP142623.1_1483,CP142623.1_2661,CP142623.1_3313
contig_7352	3006579	3006729	intergenic	.	CP001487.1_1583,CP142623.1_3880
contig_7352	3565102	3565196	3578914	gene	AP012548.1_3089,CP142614.1_2818,CP142623.1_3532
contig_7352	3565102	3565196	3578914	mRNA	AP012548.1_3089,CP142614.1_2818,CP142623.1_3532
contig_7352	3746820	3747001	intergenic	.	AP012548.1_3765,CP142614.1_3488,CP142623.1_2861
contig_7352	4107836	4108103	4108136	CDS	AP012548.1_918,AP012548.1_919,CP001429.2_926,CP001487.1_3428,CP003000.1_1628,CP142614.1_636,CP142614.1_637,CP142623.1_1495,CP142623.1_1496
contig_7352	4107836	4108103	4108136	exon	AP012548.1_918,AP012548.1_919,CP001429.2_926,CP001487.1_3428,CP003000.1_1628,CP142614.1_636,CP142614.1_637,CP142623.1_1495,CP142623.1_1496
contig_7352	4107836	4108103	4108136	gene	AP012548.1_918,AP012548.1_919,CP001429.2_926,CP001487.1_3428,CP003000.1_1628,CP142614.1_636,CP142614.1_637,CP142623.1_1495,CP142623.1_1496
contig_7352	4107836	4108103	4108136	mRNA	AP012548.1_918,AP012548.1_919,CP001429.2_926,CP001487.1_3428,CP003000.1_1628,CP142614.1_636,CP142614.1_637,CP142623.1_1495,CP142623.1_1496
contig_7352	5783365	5783465	intergenic	.	AP012548.1_1108,CP001487.1_3257,CP142614.1_827,CP142623.1_1304
contig_7359	1006100	1006291	1006159	gene	AP012548.1_1439,CP142614.1_1156,CP142623.1_972
contig_7359	1006100	1006291	1006159	polyA_signal_sequence	AP012548.1_1439,CP142614.1_1156,CP142623.1_972
contig_7359	1006159	1006291	intergenic	.	AP012548.1_1439,CP142614.1_1156,CP142623.1_972
contig_7359	1035355	1035541	1041823	gene	AP012548.1_964,CP142614.1_682
contig_7359	1035355	1035541	1041823	mRNA	AP012548.1_964,CP142614.1_682
contig_7359	1123570	1123814	intergenic	.	AP012548.1_3057,CP001487.1_1271,CP142614.1_2786,CP142623.1_3565
contig_7359	1502809	1503143	1509965	gene	AP012548.1_3988,CP001487.1_344,CP142614.1_3709,CP142614.1_3710,CP142614.1_3711,CP142623.1_2638
contig_7359	1502809	1503143	1509965	mRNA	AP012548.1_3988,CP001487.1_344,CP142614.1_3709,CP142614.1_3710,CP142614.1_3711,CP142623.1_2638
contig_7359	2312249	2312352	intergenic	.	CP142614.1_3651
contig_7359	2318839	2319020	intergenic	.	AP012548.1_3584,CP001429.2_3628,CP001487.1_747,CP003000.1_3349,CP142614.1_3313,CP142623.1_3042,CP142623.1_3043
contig_7359	2919382	2919756	intergenic	.	AP012548.1_494,AP012548.1_752,AP012548.1_753,CP001487.1_3594,CP142614.1_2235,CP142614.1_470,CP142614.1_471,CP142623.1_1661,CP142623.1_1914
contig_7359	2929581	2929773	intergenic	.	CP001487.1_2397,CP003000.1_1821,CP003000.1_693
contig_7359	3205167	3205302	intergenic	.	AP012548.1_3292,CP001487.1_1038,CP003000.1_3054,CP142614.1_3021,CP142623.1_3332
contig_7359	3335608	3335689	3348224	mRNA	AP012548.1_1153,CP001429.2_1143,CP001487.1_3212,CP142614.1_872,CP142623.1_1258
contig_7359	3335608	3335689	3348300	gene	AP012548.1_1153,CP001429.2_1143,CP001487.1_3212,CP142614.1_872,CP142623.1_1258
contig_7359	3518937	3519220	intergenic	.	AP012548.1_314,AP012548.1_315,CP001487.1_4045,CP001487.1_4046,CP142614.1_30,CP142614.1_31,CP142623.1_2094,CP142623.1_2095
contig_7359	3664285	3664449	intergenic	.	CP001487.1_807,CP142614.1_3253
contig_7359	4693731	4694080	4744558	gene	AP012548.1_3778,CP001487.1_550,CP142614.1_3501,CP142614.1_3502,CP142623.1_2848
contig_7359	4693731	4694080	4744558	mRNA	AP012548.1_3778,CP001487.1_550,CP142614.1_3501,CP142614.1_3502,CP142623.1_2848
contig_7359	4717840	4718042	4744558	gene	AP012548.1_3563,CP001429.2_2772,CP001487.1_1586,CP003000.1_3328,CP142614.1_2458,CP142614.1_3291,CP142623.1_3064,CP142623.1_3883
contig_7359	4717840	4718042	4744558	mRNA	AP012548.1_3563,CP001429.2_2772,CP001487.1_1586,CP003000.1_3328,CP142614.1_2458,CP142614.1_3291,CP142623.1_3064,CP142623.1_3883
contig_7359	5202086	5202268	intergenic	.	AP012548.1_2668,AP012548.1_2771,CP001487.1_1656,CP142614.1_2387,CP142623.1_3954
contig_7359	5222713	5222815	intergenic	.	AP012548.1_140
contig_7359	7624312	7624404	intergenic	.	AP012548.1_4216,CP142614.1_3939,CP142623.1_2411
contig_7359	7628609	7628771	intergenic	.	AP012548.1_3546,CP142623.1_3081
contig_7359	8398564	8398707	intergenic	.	CP142614.1_4076
contig_7359	8427577	8427738	intergenic	.	AP012548.1_1895,CP142614.1_1611,CP142614.1_1789,CP142623.1_339
contig_7359	8463787	8463962	intergenic	.	AP012548.1_3053,CP142614.1_2781,CP142614.1_2782,CP142623.1_3568,CP142623.1_3569
contig_7359	8544720	8544850	8547065	gene	AP012548.1_1715,CP001487.1_2650,CP142614.1_1431,CP142623.1_698
contig_7359	8544720	8544850	8547065	mRNA	AP012548.1_1715,CP001487.1_2650,CP142614.1_1431,CP142623.1_698
contig_7359	8651046	8651220	intergenic	.	AP012548.1_3884,CP001429.2_3923,CP001487.1_446,CP001487.1_447,CP142614.1_3607,CP142614.1_3608,CP142623.1_2742
contig_736	248576	248777	intergenic	.	AP012548.1_3323,AP012548.1_3324,CP003000.1_3090,CP142614.1_3053,CP142623.1_3301
contig_736	329685	329838	intergenic	.	AP012548.1_1684,CP001429.2_1691,CP001487.1_2681,CP142623.1_729
contig_736	331893	332177	intergenic	.	AP012548.1_848,CP001429.2_855,CP001429.2_856,CP001487.1_3499,CP142614.1_566,CP142623.1_1565,CP142623.1_1566
contig_736	364067	364245	intergenic	.	AP012548.1_1339,CP142614.1_1056,CP142614.1_1057,CP142623.1_1072
contig_7370	2909	3045	intergenic	.	AP012548.1_148
contig_7433	195244	195980	intergenic	.	AP012548.1_1965,AP012548.1_1966,AP012548.1_1967,AP012548.1_1968,AP012548.1_1969,CP001429.2_1973,CP001429.2_1974,CP001429.2_1976,CP001487.1_2398,CP001487.1_2400,CP003000.1_692,CP003000.1_694,CP003000.1_696,CP142614.1_1681,CP142614.1_1682,CP142614.1_1684,CP142614.1_1685,CP142623.1_443,CP142623.1_444,CP142623.1_446,CP142623.1_447
contig_7433	1589502	1589876	1634769	mRNA	AP012548.1_1448,AP012548.1_1653,AP012548.1_1654,CP001487.1_2916,CP142614.1_1165,CP142614.1_1370,CP142614.1_2310,CP142623.1_4031,CP142623.1_759,CP142623.1_963
contig_7433	1589502	1589876	1634904	gene	AP012548.1_1448,AP012548.1_1653,AP012548.1_1654,CP001487.1_2916,CP142614.1_1165,CP142614.1_1370,CP142614.1_2310,CP142623.1_4031,CP142623.1_759,CP142623.1_963
contig_7433	2313625	2313779	intergenic	.	AP012548.1_4122,AP012548.1_4123,CP001487.1_205,CP142614.1_3846,CP142623.1_2504
contig_7433	2643019	2643272	2644409	mRNA	CP001487.1_3149,CP001487.1_3150,CP142614.1_932,CP142623.1_1196
contig_7433	2643019	2643272	2645157	gene	CP001487.1_3149,CP001487.1_3150,CP142614.1_932,CP142623.1_1196
contig_7463	335830	335922	intergenic	.	AP012548.1_2565,CP142614.1_2284,CP142623.1_4057
contig_7463	1053989	1054181	intergenic	.	AP012548.1_2657,CP001487.1_1667,CP142614.1_2376,CP142614.1_2377,CP142623.1_3964,CP142623.1_3965
contig_7463	2077087	2077324	intergenic	.	AP012548.1_874,CP001429.2_882,CP001487.1_3472,CP003000.1_1671,CP142614.1_592,CP142623.1_1539,CP142623.1_1540
contig_7463	2412066	2412275	2420252	mRNA	AP012548.1_482,CP001487.1_3870,CP142614.1_200,CP142623.1_1926,CP142623.1_1927
contig_7463	2412066	2412275	2420303	gene	AP012548.1_482,CP001487.1_3870,CP142614.1_200,CP142623.1_1926,CP142623.1_1927
contig_7463	2615830	2615912	intergenic	.	AP012548.1_1665,CP142614.1_1381,CP142623.1_748
contig_7463	2727658	2727959	intergenic	.	AP012548.1_3415,AP012548.1_3416,CP142614.1_3145,CP142614.1_3146,CP142623.1_3209
contig_7463	3064284	3064493	intergenic	.	CP142614.1_4168,CP142623.1_2183
contig_7463	3184830	3185233	intergenic	.	AP012548.1_323,AP012548.1_3493,CP001487.1_4036,CP142614.1_39,CP142623.1_2086
contig_7463	3333058	3333152	intergenic	.	CP142614.1_120,CP142623.1_2006
contig_7493	795274	795423	830116	gene	AP012548.1_907
contig_7493	795274	795423	830116	mRNA	AP012548.1_907
contig_7516	3349376	3349494	3361321	gene	AP012548.1_2851
contig_7516	3349376	3349494	3361321	mRNA	AP012548.1_2851
contig_7539	322406	322623	intergenic	.	CP142614.1_2906,CP142614.1_3074,CP142623.1_3443
contig_7539	346125	346513	intergenic	.	AP012548.1_4075,AP012548.1_4077,CP003000.1_3787,CP142614.1_3798,CP142614.1_3800
contig_7539	354409	354647	intergenic	.	AP012548.1_3983,CP001429.2_4023,CP003000.1_3694,CP142614.1_3707,CP142623.1_2643
contig_7539	373354	373599	intergenic	.	AP012548.1_205,AP012548.1_206,CP001429.2_208,CP142614.1_4145,CP142623.1_2205
contig_7539	394980	395121	intergenic	.	AP012548.1_2515,CP001429.2_2531,CP001487.1_1853,CP142614.1_2233,CP142623.1_4107
contig_7539	713251	713330	intergenic	.	AP012548.1_4031
contig_7539	773076	773171	intergenic	.	AP012548.1_2019,CP003000.1_646,CP142614.1_1735,CP142623.1_393
contig_7539	1046636	1047473	intergenic	.	AP012548.1_2768,AP012548.1_2770,AP012548.1_3589,CP142614.1_2487,CP142614.1_2489,CP142614.1_2490,CP142614.1_2491,CP142614.1_3318,CP142623.1_3037,CP142623.1_3851,CP142623.1_3852,CP142623.1_3854
contig_7539	1151768	1151888	intergenic	.	AP012548.1_243,CP142623.1_2167
contig_7539	1299071	1299302	intergenic	.	AP012548.1_2307,AP012548.1_2308,CP001487.1_2059,CP142614.1_2024,CP142614.1_2025,CP142623.1_104
contig_7539	1340088	1340348	intergenic	.	AP012548.1_2842,CP001487.1_1483,CP003000.1_2630,CP142614.1_2572,CP142623.1_3779,CP142623.1_3780
contig_7539	1368072	1368154	intergenic	.	AP012548.1_1250,CP142623.1_1161
contig_7539	1648340	1648511	intergenic	.	CP001487.1_530,CP142614.1_3522
contig_7539	2109829	2109904	intergenic	.	CP142614.1_1595,CP142623.1_533
contig_7539	2131555	2131791	intergenic	.	AP012548.1_3410,CP142614.1_3140,CP142623.1_3214,CP142623.1_3215
contig_7539	2231071	2231518	intergenic	.	AP012548.1_255,AP012548.1_256,AP012548.1_257,AP012548.1_258,CP142614.1_4195,CP142614.1_4196,CP142614.1_4197,CP142623.1_2151,CP142623.1_2152,CP142623.1_2153,CP142623.1_2154
contig_7539	2487589	2487789	intergenic	.	AP012548.1_277,AP012548.1_278,CP142614.1_4217,CP142623.1_2132
contig_7539	2510153	2510340	intergenic	.	AP012548.1_2331,AP012548.1_641,CP142614.1_2049,CP142614.1_358,CP142623.1_1773,CP142623.1_81
contig_7539	2680669	2680752	intergenic	.	CP142614.1_768,CP142623.1_1364
contig_7539	2872276	2872482	intergenic	.	AP012548.1_2538,CP142614.1_2256
contig_7539	2951871	2952265	intergenic	.	AP012548.1_3661,CP142614.1_3040,CP142623.1_2965,CP142623.1_3314,CP142623.1_3315
contig_7539	3002100	3002256	intergenic	.	AP012548.1_45,AP012548.1_46,CP001487.1_66,CP142614.1_3985,CP142623.1_2364,CP142623.1_2365
contig_7539	3053900	3053982	3067474	gene	AP012548.1_3301,CP142623.1_3323
contig_7539	3053900	3053982	3067474	mRNA	AP012548.1_3301,CP142623.1_3323
contig_757	288919	289097	301784	gene	AP012548.1_3073,CP001429.2_3111,CP001487.1_1254,CP003000.1_2849,CP142614.1_2802,CP142623.1_3548
contig_757	288919	289097	301784	mRNA	AP012548.1_3073,CP001429.2_3111,CP001487.1_1254,CP003000.1_2849,CP142614.1_2802,CP142623.1_3548
contig_7581	5682	5812	intergenic	.	AP012548.1_1219
contig_7649	185655	186021	intergenic	.	AP012548.1_3540,AP012548.1_3604,AP012548.1_3605,CP001487.1_727,CP003000.1_3369,CP142614.1_3269,CP142614.1_3333,CP142623.1_3022,CP142623.1_3086,CP142623.1_3087
contig_7654	437989	438138	intergenic	.	AP012548.1_587
contig_7667	1338797	1338882	intergenic	.	CP142614.1_3268
contig_7667	1759221	1759315	intergenic	.	CP142614.1_3680
contig_7667	1911298	1911382	intergenic	.	AP012548.1_1759,AP012548.1_1760,CP142614.1_1475,CP142623.1_653
contig_7668	267027	267149	283827	mRNA	CP142614.1_3362,CP142623.1_2993
contig_7668	267027	267149	284413	gene	CP142614.1_3362,CP142623.1_2993
contig_7668	1473763	1474518	intergenic	.	AP012548.1_2022,AP012548.1_2512,AP012548.1_4166,AP012548.1_4167,AP012548.1_517,CP001429.2_2528,CP001487.1_2343,CP003000.1_2260,CP142614.1_1738,CP142614.1_2230,CP142614.1_235,CP142614.1_3890,CP142623.1_1892,CP142623.1_2460,CP142623.1_390,CP142623.1_4110
contig_7668	2511251	2511345	intergenic	.	AP012548.1_2980
contig_7668	3418970	3419189	intergenic	.	AP012548.1_1495,AP012548.1_1496,CP001429.2_1502,CP142614.1_1212,CP142614.1_1213,CP142623.1_915,CP142623.1_916
contig_7668	3583979	3584217	3586276	mRNA	AP012548.1_480,CP142614.1_198,CP142614.1_199,CP142623.1_1928
contig_7668	3583979	3584217	3587149	gene	AP012548.1_480,CP142614.1_198,CP142614.1_199,CP142623.1_1928
contig_7668	3723038	3723116	intergenic	.	CP001487.1_2928,CP142614.1_1154
contig_7668	4003294	4003542	intergenic	.	AP012548.1_471,CP142614.1_189,CP142614.1_4009,CP142623.1_1937,CP142623.1_2340,CP142623.1_2341
contig_7668	4075329	4075704	intergenic	.	AP012548.1_2863,AP012548.1_2864,CP001487.1_1460,CP142614.1_2593,CP142614.1_2594,CP142623.1_3757,CP142623.1_3758
contig_7668	4879069	4879223	intergenic	.	CP142614.1_4061
contig_7668	5135529	5135850	5162189	mRNA	AP012548.1_1472,AP012548.1_1473,CP142614.1_1190,CP142623.1_938
contig_7668	5135529	5135850	5162573	gene	AP012548.1_1472,AP012548.1_1473,CP142614.1_1190,CP142623.1_938
contig_7668	5934709	5934858	intergenic	.	AP012548.1_1512
contig_7668	7246271	7246346	intergenic	.	AP012548.1_3182,CP142614.1_2910,CP142623.1_3439
contig_7668	7261317	7261551	intergenic	.	AP012548.1_2192,AP012548.1_2193,CP003000.1_483,CP142614.1_1909,CP142614.1_1910,CP142623.1_219,CP142623.1_220
contig_7668	7347934	7348108	intergenic	.	AP012548.1_2217,CP001487.1_2149,CP142614.1_1934,CP142623.1_195
contig_7668	7372017	7372098	intergenic	.	AP012548.1_1066,CP001487.1_3299,CP142614.1_785,CP142623.1_1346,CP142623.1_1347
contig_7668	7531178	7531297	intergenic	.	AP012548.1_890,CP142614.1_608
contig_7668	7932773	7932934	intergenic	.	AP012548.1_1351,AP012548.1_1352,CP001429.2_1358,CP142614.1_1069,CP142623.1_1059,CP142623.1_1060
contig_7673	3071221	3071434	intergenic	.	AP012548.1_2178,CP003000.1_489,CP142614.1_1895,CP142614.1_926,CP142623.1_233,CP142623.1_234
contig_7673	3508583	3508675	intergenic	.	AP012548.1_2837,CP001487.1_1488,CP142623.1_3784
contig_7685	433876	433963	intergenic	.	CP142614.1_243
contig_7685	494084	494230	intergenic	.	AP012548.1_561,CP001429.2_574,CP142614.1_279,CP142623.1_1852
contig_7685	618083	618214	intergenic	.	AP012548.1_4173
contig_7685	726450	726648	intergenic	.	CP001487.1_1055,CP142614.1_1553,CP142623.1_575
contig_7685	971821	972153	intergenic	.	AP012548.1_164,AP012548.1_165,CP001429.2_84,CP001487.1_4194,CP003000.1_156,CP142614.1_4104,CP142614.1_4105,CP142623.1_2245,CP142623.1_2246
contig_7685	1576711	1576827	intergenic	.	CP142614.1_3349,CP142623.1_3006
contig_7685	1754862	1755268	intergenic	.	AP012548.1_792,CP142614.1_510,CP142623.1_1621,CP142623.1_1623
contig_7685	2061093	2061279	2080068	mRNA	AP012548.1_2558,CP142614.1_2276,CP142623.1_4064,CP142623.1_4065
contig_7685	2061093	2061279	2080580	gene	AP012548.1_2558,CP142614.1_2276,CP142623.1_4064,CP142623.1_4065
contig_7685	2251021	2251386	intergenic	.	AP012548.1_1941,AP012548.1_2287,AP012548.1_2288,CP001487.1_2079,CP003000.1_2046,CP142614.1_1657,CP142614.1_2005,CP142623.1_124,CP142623.1_471
contig_7685	2980182	2980661	intergenic	.	AP012548.1_2568,AP012548.1_2569,AP012548.1_2759,AP012548.1_3364,CP142614.1_2287,CP142614.1_2288,CP142614.1_2478,CP142614.1_3094,CP142623.1_3260,CP142623.1_3862,CP142623.1_4053,CP142623.1_4054
contig_7685	3035815	3036961	intergenic	.	AP012548.1_152,AP012548.1_63,AP012548.1_779,CP001487.1_3567,CP142614.1_4003,CP142614.1_4091,CP142614.1_4092,CP142614.1_497,CP142623.1_1635,CP142623.1_2258,CP142623.1_2259,CP142623.1_2347,CP142623.1_428
contig_7715	40214	40414	intergenic	.	AP012548.1_215,CP142614.1_4154,CP142614.1_4155,CP142623.1_2195,CP142623.1_2196
contig_7715	2458669	2458814	intergenic	.	AP012548.1_466
contig_7715	2637205	2637395	intergenic	.	AP012548.1_2258,AP012548.1_2259,CP142614.1_1975,CP142614.1_1976,CP142623.1_153,CP142623.1_154
contig_7715	2664973	2665125	intergenic	.	AP012548.1_3570,CP001487.1_762,CP142614.1_3298,CP142623.1_3057
contig_7715	2774824	2775194	intergenic	.	AP012548.1_3199,CP142614.1_2926,CP142614.1_2927,CP142623.1_3423
contig_7715	3093750	3093832	intergenic	.	AP012548.1_559,CP001487.1_3786,CP142614.1_276
contig_7715	3133253	3133710	intergenic	.	AP012548.1_717,AP012548.1_718,CP001487.1_3630,CP001487.1_3631,CP142614.1_434,CP142614.1_435,CP142614.1_436,CP142623.1_1696,CP142623.1_1697
contig_7715	3359489	3359708	intergenic	.	AP012548.1_1516,CP142614.1_1233,CP142623.1_895,CP142623.1_896
contig_7715	3922457	3922699	intergenic	.	AP012548.1_3180,AP012548.1_3181,CP142614.1_2909,CP142623.1_3439,CP142623.1_3440
contig_7715	5180267	5180391	intergenic	.	CP001487.1_135,CP001487.1_3193,CP142623.1_1240
contig_7715	6072184	6072296	intergenic	.	AP012548.1_3430,CP142614.1_3160,CP142623.1_3194
contig_7715	6561892	6562023	intergenic	.	AP012548.1_2964,CP001487.1_1363,CP003000.1_2741
contig_7715	6959675	6959795	intergenic	.	AP012548.1_1172,CP142623.1_1239
contig_7715	7391201	7391384	intergenic	.	CP001487.1_332,CP142614.1_3722,CP142623.1_2627
contig_7715	7450763	7450881	intergenic	.	CP003000.1_1612
contig_7715	8081185	8081676	intergenic	.	AP012548.1_2541,AP012548.1_3118,AP012548.1_3873,CP001429.2_3155,CP001487.1_1210,CP001487.1_458,CP142614.1_2259,CP142614.1_2846,CP142614.1_3596,CP142623.1_2753,CP142623.1_3504,CP142623.1_4082
contig_7715	8805082	8805309	intergenic	.	AP012548.1_4101,CP142614.1_3824,CP142623.1_2525
contig_7715	9190000	9190189	9217691	mRNA	AP012548.1_1805,CP001429.2_1812,CP001429.2_1978,CP001487.1_2560,CP142614.1_1521,CP142623.1_607,CP142623.1_608
contig_7715	9190000	9190189	9217711	gene	AP012548.1_1805,CP001429.2_1812,CP001429.2_1978,CP001487.1_2560,CP142614.1_1521,CP142623.1_607,CP142623.1_608
contig_7715	9520635	9520962	intergenic	.	AP012548.1_1333,AP012548.1_1334,CP001429.2_1341,CP001487.1_3031,CP003000.1_1249,CP142614.1_1050,CP142614.1_1051,CP142623.1_1077,CP142623.1_1078,CP142623.1_1079
contig_7715	9742859	9742965	intergenic	.	AP012548.1_1026,CP001429.2_1016,CP001487.1_3339,CP003000.1_1555,CP142614.1_745,CP142623.1_1386
contig_7715	10544193	10544367	intergenic	.	AP012548.1_2903,AP012548.1_2904,CP001487.1_1422,CP142614.1_2632,CP142614.1_2633,CP142623.1_3720
contig_7715	11407827	11407906	intergenic	.	AP012548.1_3681,CP142614.1_3404,CP142623.1_2945
contig_7715	11805938	11806175	intergenic	.	AP012548.1_685,CP142614.1_402,CP142623.1_1728,CP142623.1_1729
contig_7715	11949829	11949911	11968688	mRNA	AP012548.1_6,CP001487.1_105,CP003000.1_6,CP142614.1_3946,CP142623.1_2404
contig_7715	11949829	11949911	11968788	gene	AP012548.1_6,CP001487.1_105,CP003000.1_6,CP142614.1_3946,CP142623.1_2404
contig_7715	12468561	12468818	intergenic	.	AP012548.1_34,CP142614.1_3974,CP142623.1_2376,CP142623.1_4024
contig_7747	897103	897283	897232	CDS	AP012548.1_3001,CP142614.1_2730,CP142623.1_3622
contig_7747	897103	897283	897232	exon	AP012548.1_3001,CP142614.1_2730,CP142623.1_3622
contig_7747	897103	897283	897422	gene	AP012548.1_3001,CP142614.1_2730,CP142623.1_3622
contig_7747	897103	897283	897422	mRNA	AP012548.1_3001,CP142614.1_2730,CP142623.1_3622
contig_7747	949424	949670	intergenic	.	AP012548.1_1047,AP012548.1_2989,CP142614.1_2718,CP142614.1_766,CP142623.1_3633,CP142623.1_3634
contig_7747	1246549	1246699	intergenic	.	AP012548.1_1360,CP142623.1_1051
contig_7747	1866579	1867083	intergenic	.	AP012548.1_1939,AP012548.1_1940,AP012548.1_4137,AP012548.1_4138,CP001487.1_2427,CP142614.1_1655,CP142614.1_3861,CP142623.1_2489,CP142623.1_473,CP142623.1_474
contig_7747	2280034	2280686	2293903	mRNA	AP012548.1_1551,AP012548.1_2445,AP012548.1_2928,AP012548.1_458,AP012548.1_778,CP001487.1_3569,CP001487.1_3893,CP001487.1_3894,CP142614.1_176,CP142614.1_496,CP142623.1_1636,CP142623.1_1950
contig_7747	2280034	2280686	2295216	gene	AP012548.1_1551,AP012548.1_2445,AP012548.1_2928,AP012548.1_458,AP012548.1_778,CP001487.1_3569,CP001487.1_3893,CP001487.1_3894,CP142614.1_176,CP142614.1_496,CP142623.1_1636,CP142623.1_1950
contig_7747	2524514	2524653	intergenic	.	AP012548.1_1546,CP142614.1_1263
contig_7747	2679275	2679489	2690888	gene	AP012548.1_1711,AP012548.1_4168,CP001487.1_2654,CP142614.1_3892,CP142623.1_2458,CP142623.1_702
contig_7747	2679275	2679489	2690888	mRNA	AP012548.1_1711,AP012548.1_4168,CP001487.1_2654,CP142614.1_3892,CP142623.1_2458,CP142623.1_702
contig_7894	17492	17608	intergenic	.	CP142614.1_2595
contig_7897	258601	258701	intergenic	.	AP012548.1_3232,CP001429.2_3269,CP001487.1_1097,CP003000.1_3004,CP142614.1_2960,CP142614.1_2961,CP142623.1_3388
contig_7897	725260	725683	intergenic	.	AP012548.1_3356,AP012548.1_3357,CP001487.1_973,CP142614.1_3087,CP142623.1_2128,CP142623.1_3267,CP142623.1_3268,CP142623.1_344
contig_7897	1247144	1247495	intergenic	.	AP012548.1_3293,AP012548.1_3294,CP001429.2_3330,CP001487.1_1036,CP001487.1_1037,CP142614.1_3023,CP142623.1_3330,CP142623.1_3331
contig_7897	1338508	1338658	intergenic	.	CP001487.1_2482,CP142614.1_1599,CP142623.1_530
contig_7897	1393790	1394065	intergenic	.	AP012548.1_2362,AP012548.1_2363,CP001487.1_2005,CP003000.1_2119,CP142614.1_2081,CP142623.1_49,CP142623.1_50
contig_7919	46262	46345	intergenic	.	CP142614.1_2293,CP142623.1_4048
contig_7919	1150004	1150175	1166940	gene	AP012548.1_209,CP142614.1_4149,CP142623.1_2201
contig_7919	1150004	1150175	1166940	mRNA	AP012548.1_209,CP142614.1_4149,CP142623.1_2201
contig_7919	1206761	1206860	intergenic	.	AP012548.1_128,CP142614.1_4067
contig_7919	1429869	1430003	intergenic	.	CP142614.1_1754,CP142623.1_375
contig_7919	1459850	1460216	1517072	gene	AP012548.1_2054,AP012548.1_2831,CP001487.1_1494,CP001487.1_1792,CP142614.1_2274,CP142614.1_2560,CP142623.1_3791
contig_7919	1459850	1460216	1517072	mRNA	AP012548.1_2054,AP012548.1_2831,CP001487.1_1494,CP001487.1_1792,CP142614.1_2274,CP142614.1_2560,CP142623.1_3791
contig_7919	1696185	1696511	intergenic	.	AP012548.1_2912,AP012548.1_2913,CP142614.1_2641,CP142614.1_2642,CP142614.1_3709,CP142623.1_3710,CP142623.1_3711
contig_7919	1975979	1976162	intergenic	.	AP012548.1_3218,CP001487.1_1111,CP142614.1_2946,CP142623.1_3403
contig_7919	2261842	2262005	intergenic	.	AP012548.1_102,CP001487.1_10,CP142614.1_4041
contig_7919	2589520	2589679	intergenic	.	AP012548.1_2005,CP142614.1_1721,CP142623.1_408
contig_7919	2916663	2916802	intergenic	.	AP012548.1_1074,AP012548.1_1075,CP001429.2_1064,CP142614.1_793,CP142614.1_794,CP142623.1_1338
contig_7919	3999600	3999682	intergenic	.	AP012548.1_4061,CP142614.1_3784,CP142623.1_2565
contig_7919	4380293	4380471	intergenic	.	AP012548.1_2480,CP001487.1_1888,CP142614.1_2198,CP142623.1_4142
contig_7919	4454888	4455045	intergenic	.	AP012548.1_1647,CP001487.1_2718,CP142614.1_1363,CP142614.1_1364,CP142623.1_765
contig_7919	4792155	4792404	intergenic	.	AP012548.1_120,CP142614.1_4059,CP142614.1_4060,CP142623.1_2290,CP142623.1_2291
contig_7919	4896341	4896568	intergenic	.	AP012548.1_3932,CP142614.1_3655,CP142623.1_2694
contig_7919	5021343	5021508	intergenic	.	AP012548.1_4000,CP142614.1_3723,CP142623.1_2626
contig_7919	5883905	5884300	intergenic	.	AP012548.1_1164,CP142614.1_883,CP142614.1_884,CP142623.1_1246,CP142623.1_1248
contig_7919	5988658	5989140	6051758	mRNA	AP012548.1_2614,AP012548.1_2615,AP012548.1_3366,AP012548.1_3367,CP001429.2_3410,CP142614.1_2334,CP142614.1_2335,CP142614.1_3097,CP142623.1_3257,CP142623.1_3258,CP142623.1_4006,CP142623.1_4007
contig_7919	5988658	5989140	6051916	gene	AP012548.1_2614,AP012548.1_2615,AP012548.1_3366,AP012548.1_3367,CP001429.2_3410,CP142614.1_2334,CP142614.1_2335,CP142614.1_3097,CP142623.1_3257,CP142623.1_3258,CP142623.1_4006,CP142623.1_4007
contig_7942	29292	29404	intergenic	.	AP012548.1_2859
contig_7943	86078	86228	intergenic	.	CP142623.1_3762
contig_7972	405576	405745	461347	gene	AP012548.1_3322,CP142614.1_3052,CP142623.1_3302
contig_7972	405576	405745	461347	mRNA	AP012548.1_3322,CP142614.1_3052,CP142623.1_3302
contig_7972	977786	977927	978192	gene	AP012548.1_2978,CP001487.1_1349,CP003000.1_2755
contig_7972	977786	977927	978192	mRNA	AP012548.1_2978,CP001487.1_1349,CP003000.1_2755
contig_7972	1000923	1001013	intergenic	.	CP001487.1_3812
contig_7972	1051443	1051621	intergenic	.	AP012548.1_3532,CP142623.1_3844
contig_7972	1051848	1052364	intergenic	.	AP012548.1_137,AP012548.1_2087,CP142614.1_1803,CP142614.1_4077,CP142614.1_4150,CP142623.1_2200,CP142623.1_2273,CP142623.1_325
contig_8012	111611	111808	intergenic	.	AP012548.1_621,AP012548.1_622,CP001487.1_3723,CP001487.1_3724,CP142614.1_338,CP142614.1_339,CP142623.1_1792
contig_8012	301350	301480	intergenic	.	AP012548.1_2338,CP142614.1_2057,CP142623.1_73
contig_8012	440271	440746	intergenic	.	AP012548.1_1627,AP012548.1_1628,CP001429.2_1634,CP001487.1_2738,CP003000.1_1015,CP003000.1_1017,CP142614.1_1343,CP142623.1_784,CP142623.1_785,CP142623.1_786
contig_8012	461328	461450	575540	gene	CP142623.1_3197
contig_8012	461328	461450	575540	mRNA	CP142623.1_3197
contig_8012	636569	636794	639615	gene	AP012548.1_4121,CP142614.1_1427,CP142614.1_3845,CP142623.1_2505
contig_8012	636569	636794	639615	mRNA	AP012548.1_4121,CP142614.1_1427,CP142614.1_3845,CP142623.1_2505
contig_8040	288357	288476	intergenic	.	AP012548.1_2265,CP142614.1_1983,CP142623.1_146
contig_8040	1915224	1915225	intergenic	.	CP142623.1_1793
contig_8040	1915224	1915302	1915231	polyA_signal_sequence	CP142623.1_1793
contig_8040	1915224	1915302	1916411	gene	CP142623.1_1793
contig_8053	61605	61719	intergenic	.	AP012548.1_1943,CP142614.1_1659,CP142623.1_469
contig_8055	48486	48655	intergenic	.	AP012548.1_1944,CP001487.1_2421,CP142614.1_1660
contig_8137	407252	407502	intergenic	.	AP012548.1_3344,CP001487.1_985,CP142614.1_3075,CP142614.1_3076,CP142623.1_3280
contig_8137	417231	417391	intergenic	.	AP012548.1_776,CP001487.1_3571,CP142614.1_494,CP142623.1_1638
contig_8137	438025	438365	intergenic	.	AP012548.1_275,AP012548.1_276,CP001487.1_4084,CP003000.1_247,CP142614.1_4214,CP142614.1_4215,CP142623.1_2133,CP142623.1_2134,CP142623.1_2135
contig_8137	482578	482760	intergenic	.	AP012548.1_1881,CP142614.1_1596,CP142623.1_532
contig_8137	713795	713954	intergenic	.	CP001487.1_87
contig_8137	784998	785083	834259	gene	CP142614.1_3192,CP142623.1_3163
contig_8137	784998	785083	834259	mRNA	CP142614.1_3192,CP142623.1_3163
contig_8137	806405	806680	834259	gene	CP142614.1_4065,CP142614.1_4066,CP142623.1_2284,CP142623.1_2285
contig_8137	806405	806680	834259	mRNA	CP142614.1_4065,CP142614.1_4066,CP142623.1_2284,CP142623.1_2285
contig_8137	861792	862033	intergenic	.	AP012548.1_1119,CP142614.1_838,CP142623.1_1292,CP142623.1_1293
contig_8137	902226	902377	intergenic	.	AP012548.1_1787,CP142614.1_1502,CP142614.1_1503,CP142623.1_626
contig_8137	1171609	1171812	intergenic	.	AP012548.1_3180,CP142623.1_3441
contig_8137	1172021	1172119	intergenic	.	AP012548.1_3503,CP003000.1_3709
contig_8137	1337772	1337969	intergenic	.	AP012548.1_1294,CP142614.1_1011,CP142614.1_293
contig_8137	1600655	1600750	intergenic	.	CP142614.1_2693,CP142623.1_3659,CP142623.1_3660
contig_8143	1081219	1081298	1081808	gene	CP142614.1_2888,CP142623.1_3461
contig_8143	1081219	1081298	1081808	mRNA	CP142614.1_2888,CP142623.1_3461
contig_8143	3381391	3381586	3545767	gene	AP012548.1_1372,CP142614.1_1089,CP142614.1_1090,CP142623.1_1039
contig_8143	3381391	3381586	3545767	mRNA	AP012548.1_1372,CP142614.1_1089,CP142614.1_1090,CP142623.1_1039
contig_8143	4170278	4170488	intergenic	.	CP001487.1_2483,CP142614.1_1597,CP142623.1_531
contig_8143	4355968	4356050	intergenic	.	CP001487.1_3728
contig_8143	4398353	4398504	intergenic	.	CP142614.1_3417
contig_8143	4668567	4668675	intergenic	.	AP012548.1_537,CP142623.1_1875
contig_8163	233631	233796	intergenic	.	AP012548.1_1177,CP001487.1_3188,CP142623.1_1234
contig_8163	366033	366293	406997	gene	AP012548.1_3103,AP012548.1_3104,CP142614.1_2832,CP142623.1_2992,CP142623.1_3518
contig_8163	366033	366293	406997	mRNA	AP012548.1_3103,AP012548.1_3104,CP142614.1_2832,CP142623.1_2992,CP142623.1_3518
contig_8201	777654	777797	808634	gene	AP012548.1_3353,AP012548.1_3354,CP142614.1_3083,CP142614.1_3084,CP142623.1_3271
contig_8201	777654	777797	808634	mRNA	AP012548.1_3353,AP012548.1_3354,CP142614.1_3083,CP142614.1_3084,CP142623.1_3271
contig_8201	788921	789086	808634	gene	AP012548.1_706,CP001487.1_3641,CP142614.1_423,CP142614.1_424,CP142623.1_1708
contig_8201	788921	789086	808634	mRNA	AP012548.1_706,CP001487.1_3641,CP142614.1_423,CP142614.1_424,CP142623.1_1708
contig_8201	1247907	1248141	intergenic	.	AP012548.1_3746,CP142614.1_3469,CP142614.1_533,CP142623.1_1599,CP142623.1_2880
contig_8212	3400946	3401295	intergenic	.	AP012548.1_101,AP012548.1_1855,CP142623.1_465
contig_8212	3729361	3729477	intergenic	.	AP012548.1_43,CP001487.1_68,CP003000.1_43,CP142614.1_3983,CP142623.1_2367
contig_8273	240631	240791	intergenic	.	CP142614.1_2326,CP142623.1_4015
contig_8273	546035	546251	intergenic	.	AP012548.1_1794,CP142614.1_1509,CP142614.1_1510,CP142623.1_618,CP142623.1_619
contig_8273	1375861	1376064	1381049	gene	AP012548.1_809,CP001487.1_3538,CP142614.1_527,CP142623.1_1604,CP142623.1_1605
contig_8273	1375861	1376064	1381049	mRNA	AP012548.1_809,CP001487.1_3538,CP142614.1_527,CP142623.1_1604,CP142623.1_1605
contig_8273	2050904	2051029	2051312	mRNA	AP012548.1_1189,CP001487.1_3176,CP142614.1_906,CP142623.1_1223
contig_8273	2050904	2051029	2051421	gene	AP012548.1_1189,CP001487.1_3176,CP142614.1_906,CP142623.1_1223
contig_8273	2329433	2329526	2334803	gene	AP012548.1_1043,CP142614.1_762,CP142623.1_1369
contig_8273	2329433	2329526	2334803	mRNA	AP012548.1_1043,CP142614.1_762,CP142623.1_1369
contig_8286	156043	156190	intergenic	.	AP012548.1_3685,CP142614.1_3408,CP142623.1_2941
contig_8286	218192	218633	intergenic	.	AP012548.1_114,AP012548.1_2447,AP012548.1_2460,CP142614.1_2178,CP142614.1_4053,CP142614.1_4054,CP142623.1_4162,CP142623.1_4175
contig_8286	293207	293611	intergenic	.	AP012548.1_828,AP012548.1_829,CP142614.1_546,CP142614.1_547,CP142623.1_1584,CP142623.1_1585
contig_8302	6232	6597	intergenic	.	AP012548.1_51,CP001487.1_62,CP142614.1_3989,CP142614.1_3991,CP142623.1_2361
contig_8302	116514	116640	intergenic	.	AP012548.1_1421,CP003000.1_1164,CP142614.1_1138,CP142623.1_990
contig_8302	428452	428829	intergenic	.	AP012548.1_288,AP012548.1_3082,AP012548.1_3083,AP012548.1_3084,AP012548.1_3085,CP001429.2_3119,CP001429.2_3120,CP001487.1_1243,CP001487.1_1245,CP003000.1_2858,CP142614.1_2811,CP142614.1_2812,CP142614.1_2813,CP142614.1_2815,CP142614.1_4,CP142623.1_2121,CP142623.1_3535,CP142623.1_3537,CP142623.1_3538,CP142623.1_3539
contig_8302	428452	429556	428835	polyA_signal_sequence	AP012548.1_288,AP012548.1_3082,AP012548.1_3083,AP012548.1_3084,AP012548.1_3085,CP001429.2_3119,CP001429.2_3120,CP001487.1_1243,CP001487.1_1245,CP003000.1_2858,CP142614.1_2811,CP142614.1_2812,CP142614.1_2813,CP142614.1_2815,CP142614.1_4,CP142623.1_2121,CP142623.1_3535,CP142623.1_3537,CP142623.1_3538,CP142623.1_3539
contig_8302	428452	429556	428893	stop_codon	AP012548.1_288,AP012548.1_3082,AP012548.1_3083,AP012548.1_3084,AP012548.1_3085,CP001429.2_3119,CP001429.2_3120,CP001487.1_1243,CP001487.1_1245,CP003000.1_2858,CP142614.1_2811,CP142614.1_2812,CP142614.1_2813,CP142614.1_2815,CP142614.1_4,CP142623.1_2121,CP142623.1_3535,CP142623.1_3537,CP142623.1_3538,CP142623.1_3539
contig_8302	428452	429556	429235	CDS	AP012548.1_288,AP012548.1_3082,AP012548.1_3083,AP012548.1_3084,AP012548.1_3085,CP001429.2_3119,CP001429.2_3120,CP001487.1_1243,CP001487.1_1245,CP003000.1_2858,CP142614.1_2811,CP142614.1_2812,CP142614.1_2813,CP142614.1_2815,CP142614.1_4,CP142623.1_2121,CP142623.1_3535,CP142623.1_3537,CP142623.1_3538,CP142623.1_3539
contig_8302	428452	429556	429235	exon	AP012548.1_288,AP012548.1_3082,AP012548.1_3083,AP012548.1_3084,AP012548.1_3085,CP001429.2_3119,CP001429.2_3120,CP001487.1_1243,CP001487.1_1245,CP003000.1_2858,CP142614.1_2811,CP142614.1_2812,CP142614.1_2813,CP142614.1_2815,CP142614.1_4,CP142623.1_2121,CP142623.1_3535,CP142623.1_3537,CP142623.1_3538,CP142623.1_3539
contig_8302	428452	429556	429235	gene	AP012548.1_288,AP012548.1_3082,AP012548.1_3083,AP012548.1_3084,AP012548.1_3085,CP001429.2_3119,CP001429.2_3120,CP001487.1_1243,CP001487.1_1245,CP003000.1_2858,CP142614.1_2811,CP142614.1_2812,CP142614.1_2813,CP142614.1_2815,CP142614.1_4,CP142623.1_2121,CP142623.1_3535,CP142623.1_3537,CP142623.1_3538,CP142623.1_3539
contig_8302	428452	429556	429235	mRNA	AP012548.1_288,AP012548.1_3082,AP012548.1_3083,AP012548.1_3084,AP012548.1_3085,CP001429.2_3119,CP001429.2_3120,CP001487.1_1243,CP001487.1_1245,CP003000.1_2858,CP142614.1_2811,CP142614.1_2812,CP142614.1_2813,CP142614.1_2815,CP142614.1_4,CP142623.1_2121,CP142623.1_3535,CP142623.1_3537,CP142623.1_3538,CP142623.1_3539
contig_8302	428452	429556	429235	start_codon	AP012548.1_288,AP012548.1_3082,AP012548.1_3083,AP012548.1_3084,AP012548.1_3085,CP001429.2_3119,CP001429.2_3120,CP001487.1_1243,CP001487.1_1245,CP003000.1_2858,CP142614.1_2811,CP142614.1_2812,CP142614.1_2813,CP142614.1_2815,CP142614.1_4,CP142623.1_2121,CP142623.1_3535,CP142623.1_3537,CP142623.1_3538,CP142623.1_3539
contig_8302	429235	429556	intergenic	.	AP012548.1_288,AP012548.1_3082,AP012548.1_3083,AP012548.1_3084,AP012548.1_3085,CP001429.2_3119,CP001429.2_3120,CP001487.1_1243,CP001487.1_1245,CP003000.1_2858,CP142614.1_2811,CP142614.1_2812,CP142614.1_2813,CP142614.1_2815,CP142614.1_4,CP142623.1_2121,CP142623.1_3535,CP142623.1_3537,CP142623.1_3538,CP142623.1_3539
contig_8302	1047991	1048083	intergenic	.	CP142614.1_2720,CP142623.1_3632
contig_8302	1201403	1201544	intergenic	.	AP012548.1_405,CP001429.2_409,CP001487.1_3946,CP003000.1_356,CP142614.1_123
contig_8302	1300131	1300625	intergenic	.	CP001487.1_1269,CP142623.1_3564,CP142623.1_3566
contig_8302	1655442	1655549	intergenic	.	CP001487.1_1154,CP142614.1_2903,CP142623.1_3446
contig_8302	2468483	2468653	intergenic	.	AP012548.1_3689,CP142614.1_3412,CP142623.1_2937
contig_8302	2905172	2905283	intergenic	.	AP012548.1_1442
contig_8302	2932756	2932870	intergenic	.	AP012548.1_510,CP142614.1_228,CP142623.1_1898
contig_839	32926	33090	48378	gene	CP001487.1_2340,CP142614.1_1742
contig_839	32926	33090	48378	mRNA	CP001487.1_2340,CP142614.1_1742
contig_839	286089	286553	286531	CDS	AP012548.1_125,AP012548.1_1839,CP001487.1_2525,CP003000.1_811,CP142614.1_1555,CP142623.1_573
contig_839	286089	286553	286531	exon	AP012548.1_125,AP012548.1_1839,CP001487.1_2525,CP003000.1_811,CP142614.1_1555,CP142623.1_573
contig_839	286089	286553	415013	mRNA	AP012548.1_125,AP012548.1_1839,CP001487.1_2525,CP003000.1_811,CP142614.1_1555,CP142623.1_573
contig_839	286089	286553	416267	gene	AP012548.1_125,AP012548.1_1839,CP001487.1_2525,CP003000.1_811,CP142614.1_1555,CP142623.1_573
contig_839	411192	411495	415013	mRNA	AP012548.1_579,CP001429.2_3156,CP142614.1_297,CP142623.1_1834
contig_839	411192	411495	416267	gene	AP012548.1_579,CP001429.2_3156,CP142614.1_297,CP142623.1_1834
contig_839	835036	835189	intergenic	.	CP001429.2_148,CP001487.1_11,CP142623.1_2309
contig_839	973383	973521	intergenic	.	AP012548.1_2152,CP142614.1_1869
contig_839	1261106	1261192	intergenic	.	CP003000.1_1101
contig_839	1544414	1544741	intergenic	.	AP012548.1_1318,AP012548.1_1319,CP142614.1_1035,CP142614.1_1036,CP142623.1_1092,CP142623.1_1093
contig_839	1707854	1708017	intergenic	.	AP012548.1_3439,CP142614.1_3167,CP142623.1_3187
contig_839	1920240	1920444	intergenic	.	AP012548.1_504,CP001429.2_509,CP142614.1_222,CP142614.1_223,CP142623.1_1904
contig_839	1958531	1958609	intergenic	.	AP012548.1_2339
contig_839	2369529	2369700	intergenic	.	AP012548.1_3654,CP142614.1_3381,CP142614.1_3382,CP142623.1_2972,CP142623.1_2973
contig_839	2397512	2398038	intergenic	.	AP012548.1_2487,AP012548.1_3625,CP001487.1_1881,CP142614.1_2206,CP142614.1_3352,CP142614.1_3354,CP142623.1_3001
contig_839	2972577	2972815	intergenic	.	AP012548.1_1018,AP012548.1_1703,CP001429.2_1710,CP142614.1_1419,CP142614.1_737,CP142623.1_1394,CP142623.1_710
contig_839	3109905	3110139	intergenic	.	AP012548.1_2470,CP001487.1_1898,CP142614.1_2188,CP142614.1_2189,CP142623.1_4151,CP142623.1_4152
contig_839	4012582	4012698	intergenic	.	AP012548.1_229,CP142623.1_2181
contig_839	4256360	4256654	intergenic	.	AP012548.1_3417,CP142614.1_3147,CP142623.1_3207,CP142623.1_3208
contig_839	4461102	4461345	intergenic	.	AP012548.1_138,AP012548.1_139,CP142614.1_4078,CP142623.1_2272
contig_839	5091109	5091204	intergenic	.	AP012548.1_1970,CP001487.1_2396,CP142623.1_443
contig_839	5488410	5488816	intergenic	.	AP012548.1_1095,CP001429.2_1084,CP142614.1_814,CP142623.1_1316,CP142623.1_1318
contig_839	5783020	5783480	intergenic	.	AP012548.1_2067,AP012548.1_2069,CP001429.2_2075,CP001487.1_2299,CP003000.1_599,CP142614.1_1784,CP142614.1_1785,CP142623.1_1855,CP142623.1_343
contig_839	6489598	6489896	intergenic	.	AP012548.1_2848,AP012548.1_2849,CP001487.1_1476,CP003000.1_2637,CP142614.1_2577,CP142614.1_2578,CP142614.1_2579,CP142623.1_3772,CP142623.1_3774
contig_8447	325320	325607	360590	mRNA	CP001487.1_3886,CP142614.1_184,CP142623.1_1942,CP142623.1_1943
contig_8447	325320	325607	361278	gene	CP001487.1_3886,CP142614.1_184,CP142623.1_1942,CP142623.1_1943
contig_8447	1093935	1094048	1146168	gene	AP012548.1_2638,CP142614.1_2356,CP142614.1_2357,CP142623.1_3984,CP142623.1_3985
contig_8447	1093935	1094048	1146168	mRNA	AP012548.1_2638,CP142614.1_2356,CP142614.1_2357,CP142623.1_3984,CP142623.1_3985
contig_8456	1535633	1535959	intergenic	.	AP012548.1_3951,AP012548.1_3952,CP001429.2_3574,CP142614.1_1139,CP142614.1_2035,CP142614.1_3675,CP142623.1_94
contig_8456	2077954	2078072	intergenic	.	AP012548.1_2316,CP142614.1_2034,CP142623.1_95
contig_8456	2744417	2744611	intergenic	.	AP012548.1_317,CP001487.1_4043,CP142614.1_33,CP142623.1_2092
contig_8456	3162274	3162515	intergenic	.	AP012548.1_774,AP012548.1_775,CP142614.1_492,CP142614.1_493,CP142623.1_1639,CP142623.1_1640
contig_8456	3327340	3327489	intergenic	.	AP012548.1_1585,CP142614.1_1302,CP142623.1_827
contig_8456	4013309	4013791	intergenic	.	AP012548.1_2213,CP001487.1_2153,CP001487.1_3826,CP003000.1_462,CP142614.1_1930,CP142614.1_240,CP142623.1_199
contig_8456	5264001	5264266	intergenic	.	AP012548.1_1694,AP012548.1_1696,CP142614.1_1410,CP142614.1_1412,CP142623.1_717
contig_8456	5269230	5269377	intergenic	.	AP012548.1_3755,CP001487.1_577,CP142614.1_3477,CP142614.1_3478,CP142623.1_2871
contig_8456	5395272	5395461	intergenic	.	AP012548.1_994,AP012548.1_995,CP001487.1_3371,CP142614.1_713,CP142623.1_1418
contig_8456	6531291	6531540	intergenic	.	AP012548.1_3544,AP012548.1_3545,CP001429.2_3589,CP001487.1_786,CP003000.1_3311,CP142614.1_3273,CP142614.1_3274,CP142623.1_3082
contig_8459	26763	26955	intergenic	.	AP012548.1_3525,CP142623.1_3102
contig_8473	72982	73323	intergenic	.	AP012548.1_2031,AP012548.1_3449,CP001487.1_2335,CP142614.1_1747,CP142614.1_3177,CP142623.1_3177
contig_8473	732563	732645	intergenic	.	AP012548.1_588,CP142614.1_305,CP142623.1_1826
contig_8473	764696	764839	intergenic	.	AP012548.1_3829,CP001429.2_3868,CP142623.1_2797
contig_8473	2181869	2181964	2238135	gene	AP012548.1_2310,CP142614.1_2027,CP142623.1_102
contig_8473	2181869	2181964	2238135	mRNA	AP012548.1_2310,CP142614.1_2027,CP142623.1_102
contig_8473	4500424	4500687	intergenic	.	AP012548.1_1633,CP001429.2_1639,CP001429.2_1640,CP001487.1_2733,CP003000.1_1010,CP142614.1_1349,CP142614.1_1350,CP142623.1_778,CP142623.1_779
contig_8473	4604467	4604834	intergenic	.	AP012548.1_578,AP012548.1_864,CP001429.2_872,CP001487.1_3481,CP001487.1_3482,CP001487.1_3766,CP001487.1_3767,CP003000.1_1919,CP142614.1_295,CP142614.1_296,CP142614.1_582,CP142623.1_1549,CP142623.1_1835,CP142623.1_1836
contig_8473	4987906	4988167	intergenic	.	AP012548.1_397,AP012548.1_398,CP001487.1_3953,CP001487.1_3954,CP142614.1_115,CP142614.1_116,CP142623.1_2010,CP142623.1_2011
contig_8473	5434460	5434598	intergenic	.	AP012548.1_1749,CP142614.1_1465,CP142623.1_664
contig_8473	6450587	6450789	6454520	gene	AP012548.1_217,AP012548.1_3229,AP012548.1_3230,CP001429.2_219,CP001487.1_1099,CP003000.1_205,CP142614.1_2958,CP142614.1_4157,CP142623.1_2193,CP142623.1_3391
contig_8473	6450587	6450789	6454520	mRNA	AP012548.1_217,AP012548.1_3229,AP012548.1_3230,CP001429.2_219,CP001487.1_1099,CP003000.1_205,CP142614.1_2958,CP142614.1_4157,CP142623.1_2193,CP142623.1_3391
contig_8473	8341453	8341708	intergenic	.	AP012548.1_3508,AP012548.1_3509,CP001487.1_823,CP142614.1_3236,CP142614.1_3237,CP142614.1_3238,CP142623.1_3117,CP142623.1_3118,CP142623.1_3119
contig_8473	8377788	8378015	intergenic	.	AP012548.1_508,AP012548.1_509,CP003000.1_1987,CP142614.1_226,CP142614.1_227,CP142623.1_1899,CP142623.1_1900
contig_8473	9231562	9231759	9257716	mRNA	AP012548.1_11,CP001487.1_436,CP142614.1_3618,CP142614.1_3951,CP142623.1_2399
contig_8473	9231562	9231759	9258029	gene	AP012548.1_11,CP001487.1_436,CP142614.1_3618,CP142614.1_3951,CP142623.1_2399
contig_8473	10431506	10431722	intergenic	.	AP012548.1_2938,AP012548.1_2939,CP001487.1_1388,CP003000.1_2717,CP142614.1_2667,CP142614.1_2668,CP142623.1_3685,CP142623.1_3686
contig_8473	10617901	10618007	intergenic	.	CP142623.1_2377
contig_8473	11944007	11944108	intergenic	.	AP012548.1_1100,CP001487.1_3265,CP142614.1_819,CP142623.1_1311
contig_8473	12220393	12220584	intergenic	.	AP012548.1_2018,CP001429.2_2025,CP001429.2_2026,CP001487.1_2348,CP003000.1_648,CP142614.1_1734,CP142623.1_395
contig_8501	98268	98466	intergenic	.	AP012548.1_1328,CP142614.1_1045,CP142614.1_1046,CP142623.1_1083,CP142623.1_1084
contig_8502	192205	192339	intergenic	.	CP142614.1_4130,CP142623.1_2220
contig_8502	243063	243313	274580	mRNA	AP012548.1_4150,AP012548.1_4151,CP142614.1_3873,CP142614.1_3874,CP142623.1_2476,CP142623.1_2477
contig_8502	243063	243313	274715	gene	AP012548.1_4150,AP012548.1_4151,CP142614.1_3873,CP142614.1_3874,CP142623.1_2476,CP142623.1_2477
contig_8502	255807	256196	274580	mRNA	AP012548.1_3164,AP012548.1_3165,AP012548.1_878,AP012548.1_879,CP001487.1_3467,CP142614.1_2893,CP142614.1_596,CP142614.1_597,CP142623.1_1534,CP142623.1_1535,CP142623.1_3456
contig_8502	255807	256196	274715	gene	AP012548.1_3164,AP012548.1_3165,AP012548.1_878,AP012548.1_879,CP001487.1_3467,CP142614.1_2893,CP142614.1_596,CP142614.1_597,CP142623.1_1534,CP142623.1_1535,CP142623.1_3456
contig_8502	313394	313547	intergenic	.	CP142623.1_690
contig_8502	328752	328894	intergenic	.	AP012548.1_3635,CP142614.1_3364,CP142623.1_2991
contig_8502	466220	466649	intergenic	.	AP012548.1_1185,AP012548.1_3660,CP142623.1_1226,CP142623.1_2966
contig_8502	554849	554891	intergenic	.	AP012548.1_1454,CP001429.2_1462,CP001429.2_1463,CP142614.1_1171,CP142623.1_957
contig_8502	554849	555203	554894	start_codon	AP012548.1_1454,CP001429.2_1462,CP001429.2_1463,CP142614.1_1171,CP142623.1_957
contig_8502	554849	555203	555107	CDS	AP012548.1_1454,CP001429.2_1462,CP001429.2_1463,CP142614.1_1171,CP142623.1_957
contig_8502	554849	555203	555107	exon	AP012548.1_1454,CP001429.2_1462,CP001429.2_1463,CP142614.1_1171,CP142623.1_957
contig_8502	554849	555203	645992	mRNA	AP012548.1_1454,CP001429.2_1462,CP001429.2_1463,CP142614.1_1171,CP142623.1_957
contig_8502	554849	555203	646111	gene	AP012548.1_1454,CP001429.2_1462,CP001429.2_1463,CP142614.1_1171,CP142623.1_957
contig_8502	556460	556858	645992	mRNA	AP012548.1_1824,AP012548.1_1826,CP001429.2_1833,CP001487.1_2539,CP001487.1_2540,CP003000.1_826,CP142614.1_1540,CP142614.1_1542,CP142623.1_586,CP142623.1_587,CP142623.1_588
contig_8502	556460	556858	646111	gene	AP012548.1_1824,AP012548.1_1826,CP001429.2_1833,CP001487.1_2539,CP001487.1_2540,CP003000.1_826,CP142614.1_1540,CP142614.1_1542,CP142623.1_586,CP142623.1_587,CP142623.1_588
contig_8502	1144065	1144263	intergenic	.	CP001487.1_1694,CP142614.1_2349,CP142623.1_3993
contig_8502	1796926	1797435	intergenic	.	AP012548.1_1031,AP012548.1_1032,AP012548.1_369,AP012548.1_370,CP001429.2_373,CP001487.1_3989,CP142614.1_749,CP142614.1_750,CP142614.1_86,CP142614.1_87,CP142623.1_1381,CP142623.1_1382,CP142623.1_2039
contig_8502	2172540	2172736	intergenic	.	AP012548.1_533,AP012548.1_534,CP001429.2_542,CP142614.1_252,CP142623.1_1879
contig_8502	2204045	2204216	intergenic	.	AP012548.1_296,CP142614.1_12,CP142623.1_2113
contig_8502	2351316	2351457	2351576	gene	CP001429.2_1846,CP142623.1_574
contig_8502	3985182	3985613	intergenic	.	AP012548.1_1085,AP012548.1_2348,AP012548.1_4135,AP012548.1_4136,CP001487.1_3280,CP003000.1_1497,CP142614.1_2067,CP142614.1_3859,CP142614.1_804,CP142623.1_2491,CP142623.1_63
contig_8502	4037327	4037594	intergenic	.	AP012548.1_1462,AP012548.1_2758,CP142614.1_1179,CP142614.1_1180,CP142614.1_2477,CP142623.1_3864,CP142623.1_949
contig_8502	5043068	5043213	intergenic	.	AP012548.1_2781,CP142614.1_2500,CP142623.1_3841
contig_85_part1	318287	318425	intergenic	.	CP003000.1_2700,CP142614.1_2648
contig_85_part2	3107	3211	intergenic	.	CP003000.1_1216
contig_8647	872722	873035	intergenic	.	AP012548.1_1215,AP012548.1_2501,CP142614.1_2220,CP142623.1_4121
contig_8647	1223108	1223296	intergenic	.	AP012548.1_1709,AP012548.1_2317,CP001429.2_2331,CP001487.1_2049,CP142623.1_704
contig_8663	31370	31450	intergenic	.	AP012548.1_2387,CP001487.1_1979,CP003000.1_2144,CP142614.1_2106,CP142623.1_25
contig_8663	180946	181027	intergenic	.	CP003000.1_157
contig_8663	373097	373219	intergenic	.	AP012548.1_3412,CP142614.1_3142,CP142623.1_3212,CP142623.1_3213
contig_8663	376403	376890	intergenic	.	AP012548.1_2255,AP012548.1_3471,AP012548.1_740,CP142614.1_1972,CP142623.1_1674
contig_8663	394123	394350	intergenic	.	AP012548.1_4141,CP001487.1_186,CP142614.1_3865,CP142623.1_2485,CP142623.1_2486
contig_8663	591992	592489	intergenic	.	AP012548.1_3951,AP012548.1_4008,AP012548.1_657,CP001429.2_668,CP001487.1_3688,CP001487.1_3689,CP142614.1_373,CP142614.1_374,CP142623.1_1757,CP142623.1_2618
contig_8663	1479587	1479883	intergenic	.	AP012548.1_3258,CP001429.2_3294,CP142614.1_2987,CP142614.1_2988,CP142623.1_3366,CP142623.1_3367
contig_8663	1736589	1736757	1737603	mRNA	CP142614.1_2999,CP142623.1_3355
contig_8663	1736589	1736757	1737719	gene	CP142614.1_2999,CP142623.1_3355
contig_8663	2345486	2345642	intergenic	.	CP142623.1_4101
contig_8663	2382780	2383253	intergenic	.	AP012548.1_665,AP012548.1_667,CP001429.2_677,CP001487.1_3678,CP001487.1_3679,CP142614.1_382,CP142614.1_384,CP142623.1_1747,CP142623.1_1748,CP142623.1_1749
contig_8663	2638758	2638923	intergenic	.	AP012548.1_1370,CP142614.1_1087,CP142623.1_1041
contig_8663	2817686	2817881	intergenic	.	AP012548.1_3428,CP001487.1_902,CP003000.1_3195,CP142614.1_3158,CP142623.1_3196
contig_8663	2892055	2892208	2899266	mRNA	CP001429.2_1035,CP142614.1_765,CP142623.1_1367
contig_8663	2892055	2892208	2899697	gene	CP001429.2_1035,CP142614.1_765,CP142623.1_1367
contig_8663	3843189	3843374	intergenic	.	AP012548.1_3562,AP012548.1_3952,CP142614.1_3291,CP142614.1_3676,CP142623.1_2673,CP142623.1_2674,CP142623.1_3064
contig_8663	4256795	4256954	4264052	gene	AP012548.1_2504,CP001429.2_2520,CP001487.1_1864,CP142614.1_2223,CP142623.1_4118
contig_8663	4256795	4256954	4264052	mRNA	AP012548.1_2504,CP001429.2_2520,CP001487.1_1864,CP142614.1_2223,CP142623.1_4118
contig_8663	4287303	4287534	intergenic	.	AP012548.1_3979,AP012548.1_3980,CP142614.1_3703,CP142623.1_2646,CP142623.1_2647
contig_8663	4295809	4296153	intergenic	.	AP012548.1_91,AP012548.1_92,CP001429.2_157,CP142614.1_4031,CP142614.1_4032,CP142623.1_2318,CP142623.1_2319
contig_8663	4394082	4394350	intergenic	.	AP012548.1_3995,AP012548.1_3996,CP003000.1_3706,CP142614.1_3719,CP142623.1_2630,CP142623.1_2631
contig_8663	4733492	4733911	intergenic	.	AP012548.1_179,AP012548.1_2155,CP001487.1_2211,CP142614.1_1871,CP142614.1_1872,CP142614.1_4119,CP142623.1_2231,CP142623.1_257
contig_8663	4931117	4931234	intergenic	.	AP012548.1_1000,CP142614.1_718,CP142614.1_719,CP142623.1_1412
contig_8663	4931453	4932035	intergenic	.	AP012548.1_3350,AP012548.1_4108,AP012548.1_47,CP142614.1_3080,CP142614.1_3832,CP142614.1_3987,CP142623.1_2363,CP142623.1_2518,CP142623.1_3274,CP142623.1_3910
contig_8663	5127870	5127972	intergenic	.	AP012548.1_3202,CP001429.2_3239,CP003000.1_2975
contig_8715	91430	91735	intergenic	.	AP012548.1_2552,AP012548.1_2553,CP142614.1_2270,CP142614.1_2271,CP142623.1_4070,CP142623.1_4071
contig_8715	150993	151278	intergenic	.	AP012548.1_2016,CP001487.1_2351
contig_8715	352394	352564	intergenic	.	AP012548.1_2226,CP142614.1_1943,CP142623.1_185
contig_8715	823888	823989	856475	gene	CP142614.1_3953,CP142623.1_2396,CP142623.1_2397
contig_8715	823888	823989	856475	mRNA	CP142614.1_3953,CP142623.1_2396,CP142623.1_2397
contig_8715	1090483	1090660	1116380	gene	AP012548.1_2576,CP142614.1_2294,CP142614.1_2295,CP142614.1_2296,CP142623.1_4046
contig_8715	1090483	1090660	1116380	mRNA	AP012548.1_2576,CP142614.1_2294,CP142614.1_2295,CP142614.1_2296,CP142623.1_4046
contig_8715	1348083	1348222	intergenic	.	AP012548.1_2897,CP142614.1_2626,CP142623.1_3726
contig_8715	1373969	1374281	intergenic	.	AP012548.1_147,AP012548.1_805,CP142614.1_4087,CP142614.1_523,CP142623.1_1609,CP142623.1_2263
contig_8715	2242571	2242686	intergenic	.	AP012548.1_3623,CP142614.1_3352,CP142623.1_3003
contig_8715	2246641	2246947	intergenic	.	AP012548.1_2461,AP012548.1_2462,CP001429.2_2476,CP001487.1_1906,CP003000.1_2216,CP142614.1_2179,CP142614.1_2180,CP142623.1_4160,CP142623.1_4161
contig_8715	2501145	2501446	2547901	gene	AP012548.1_1110,AP012548.1_1111,CP001487.1_3254,CP142614.1_829,CP142614.1_830,CP142623.1_1300,CP142623.1_1301
contig_8715	2501145	2501446	2547901	mRNA	AP012548.1_1110,AP012548.1_1111,CP001487.1_3254,CP142614.1_829,CP142614.1_830,CP142623.1_1300,CP142623.1_1301
contig_8715	2936498	2936909	intergenic	.	AP012548.1_3732,AP012548.1_3733,AP012548.1_3734,CP142614.1_3455,CP142614.1_3456,CP142614.1_3457,CP142623.1_2893,CP142623.1_2894
contig_8715	3248459	3248560	3271468	mRNA	AP012548.1_3707,CP142614.1_3430,CP142623.1_2919
contig_8715	3248459	3248560	3272426	gene	AP012548.1_3707,CP142614.1_3430,CP142623.1_2919
contig_8715	3441526	3441668	3471770	mRNA	CP001429.2_3813,CP142614.1_3498
contig_8715	3441526	3441668	3472032	gene	CP001429.2_3813,CP142614.1_3498
contig_8715	3867573	3867725	3890763	mRNA	CP142623.1_1713
contig_8715	3867573	3867725	3890957	gene	CP142623.1_1713
contig_8715	4188080	4188229	intergenic	.	AP012548.1_1926,CP001429.2_1934,CP001487.1_2439,CP003000.1_725,CP142614.1_1642,CP142623.1_486
contig_8715	4316058	4316198	intergenic	.	AP012548.1_2778,CP142614.1_2497
contig_8715	4664677	4664828	intergenic	.	AP012548.1_3171,CP142623.1_3449
contig_8715	4904381	4904802	intergenic	.	AP012548.1_2390,AP012548.1_767,CP001429.2_2405,CP001487.1_1976,CP003000.1_2147,CP142614.1_2109,CP142614.1_2181,CP142614.1_485,CP142623.1_22
contig_8715	5001830	5002142	intergenic	.	AP012548.1_2793,AP012548.1_3418,CP001487.1_1531,CP003000.1_2584,CP142614.1_2513,CP142614.1_3148,CP142623.1_3828,CP142623.1_3829
contig_8715	5113288	5113412	intergenic	.	CP142614.1_2892
contig_8715	5322296	5322423	intergenic	.	AP012548.1_2421,CP001487.1_1946,CP142614.1_2140,CP142623.1_4201
contig_8715	5724431	5724549	5839556	gene	AP012548.1_3885,CP001487.1_445,CP142614.1_3608,CP142623.1_2741
contig_8715	5724431	5724549	5839556	mRNA	AP012548.1_3885,CP001487.1_445,CP142614.1_3608,CP142623.1_2741
contig_8715	5781968	5782227	5839556	gene	AP012548.1_2252,AP012548.1_2253,CP142614.1_1969,CP142614.1_1970,CP142623.1_159,CP142623.1_160
contig_8715	5781968	5782227	5839556	mRNA	AP012548.1_2252,AP012548.1_2253,CP142614.1_1969,CP142614.1_1970,CP142623.1_159,CP142623.1_160
contig_8715	6448478	6448617	intergenic	.	AP012548.1_3435,CP001429.2_3479,CP003000.1_3202
contig_8715	6554714	6555088	intergenic	.	AP012548.1_3400,AP012548.1_4021,AP012548.1_4022,CP001429.2_3444,CP142614.1_3130,CP142614.1_3745,CP142614.1_3746,CP142623.1_2604,CP142623.1_2605,CP142623.1_3225
contig_8715	9162625	9162820	intergenic	.	AP012548.1_2331,CP142614.1_1892,CP142623.1_236
contig_8752	350180	350339	intergenic	.	AP012548.1_2659,AP012548.1_2660,CP001429.2_2692,CP001487.1_1664,CP001487.1_1665,CP142614.1_2378,CP142614.1_2379,CP142623.1_3961,CP142623.1_3962,CP142623.1_3963
contig_8752	350180	350425	350342	start_codon	AP012548.1_2659,AP012548.1_2660,CP001429.2_2692,CP001487.1_1664,CP001487.1_1665,CP142614.1_2378,CP142614.1_2379,CP142623.1_3961,CP142623.1_3962,CP142623.1_3963
contig_8752	350180	350425	350655	CDS	AP012548.1_2659,AP012548.1_2660,CP001429.2_2692,CP001487.1_1664,CP001487.1_1665,CP142614.1_2378,CP142614.1_2379,CP142623.1_3961,CP142623.1_3962,CP142623.1_3963
contig_8752	350180	350425	350655	exon	AP012548.1_2659,AP012548.1_2660,CP001429.2_2692,CP001487.1_1664,CP001487.1_1665,CP142614.1_2378,CP142614.1_2379,CP142623.1_3961,CP142623.1_3962,CP142623.1_3963
contig_8752	350180	350425	366627	mRNA	AP012548.1_2659,AP012548.1_2660,CP001429.2_2692,CP001487.1_1664,CP001487.1_1665,CP142614.1_2378,CP142614.1_2379,CP142623.1_3961,CP142623.1_3962,CP142623.1_3963
contig_8752	350180	350425	366691	gene	AP012548.1_2659,AP012548.1_2660,CP001429.2_2692,CP001487.1_1664,CP001487.1_1665,CP142614.1_2378,CP142614.1_2379,CP142623.1_3961,CP142623.1_3962,CP142623.1_3963
contig_8797	134099	134439	intergenic	.	AP012548.1_2292,AP012548.1_2293,CP001429.2_2306,CP001487.1_2074,CP001487.1_2075,CP142614.1_2009,CP142614.1_2010,CP142623.1_119,CP142623.1_120
contig_8912	129257	129547	intergenic	.	AP012548.1_349,AP012548.1_350,CP142614.1_68
contig_8912	187092	187168	intergenic	.	AP012548.1_1978
contig_8912	213143	213305	intergenic	.	AP012548.1_3939,CP001429.2_3979,CP001487.1_391,CP142614.1_3663,CP142623.1_2687
contig_8912	1155717	1155809	intergenic	.	AP012548.1_157,CP142614.1_4097,CP142623.1_2253
contig_8912	1916006	1916215	1918804	gene	AP012548.1_2618,AP012548.1_2619,CP142614.1_2338,CP142623.1_4003
contig_8912	1916006	1916215	1918804	mRNA	AP012548.1_2618,AP012548.1_2619,CP142614.1_2338,CP142623.1_4003
contig_8921	1171886	1172170	1188254	mRNA	AP012548.1_3125,CP001429.2_3163,CP001487.1_1203,CP003000.1_2901,CP142614.1_2854,CP142614.1_2855,CP142623.1_3496,CP142623.1_3497
contig_8921	1171886	1172170	1188591	gene	AP012548.1_3125,CP001429.2_3163,CP001487.1_1203,CP003000.1_2901,CP142614.1_2854,CP142614.1_2855,CP142623.1_3496,CP142623.1_3497
contig_8921	1811462	1811693	intergenic	.	AP012548.1_1346,AP012548.1_1347,CP142614.1_1064,CP142614.1_1065,CP142623.1_1064,CP142623.1_1065
contig_8921	1845456	1845682	1853967	mRNA	AP012548.1_2719,AP012548.1_4125,CP142614.1_2438,CP142623.1_3903
contig_8921	1845456	1845682	1854005	gene	AP012548.1_2719,AP012548.1_4125,CP142614.1_2438,CP142623.1_3903
contig_8921	2377474	2377680	intergenic	.	AP012548.1_3256,AP012548.1_3257,CP142614.1_2986,CP142623.1_3368
contig_8921	2451407	2451550	intergenic	.	AP012548.1_104,CP001487.1_8,CP142614.1_4044,CP142623.1_2306
contig_8921	2538040	2538197	intergenic	.	AP012548.1_2894,AP012548.1_2895,CP142614.1_2623,CP142614.1_2624,CP142623.1_3729
contig_8921	2575088	2575309	2586880	mRNA	AP012548.1_3775,CP001487.1_554,CP142614.1_3499,CP142623.1_2851
contig_8921	2575088	2575309	2586921	gene	AP012548.1_3775,CP001487.1_554,CP142614.1_3499,CP142623.1_2851
contig_8947	60594	60890	61905	gene	AP012548.1_4200,AP012548.1_4201,CP142614.1_3924,CP142623.1_2426
contig_8947	60594	60890	61905	mRNA	AP012548.1_4200,AP012548.1_4201,CP142614.1_3924,CP142623.1_2426
contig_8947	130654	130958	intergenic	.	AP012548.1_88,CP001429.2_161,CP001487.1_2190,CP001487.1_23,CP142614.1_4028,CP142623.1_2322
contig_8947	698686	699059	intergenic	.	AP012548.1_2452,AP012548.1_2453,CP142614.1_2170,CP142614.1_2171,CP142614.1_2172,CP142623.1_4169,CP142623.1_4170
contig_8947	739691	739844	intergenic	.	AP012548.1_358
contig_8956	444920	445079	481056	mRNA	AP012548.1_3665,CP003000.1_3429,CP142614.1_3388,CP142623.1_2960,CP142623.1_2961
contig_8956	444920	445079	481111	gene	AP012548.1_3665,CP003000.1_3429,CP142614.1_3388,CP142623.1_2960,CP142623.1_2961
contig_8956	447429	448097	481056	mRNA	AP012548.1_1098,AP012548.1_1099,AP012548.1_2610,AP012548.1_2706,CP142614.1_2329,CP142614.1_2425,CP142614.1_817,CP142614.1_818,CP142623.1_1312,CP142623.1_1313,CP142623.1_2397,CP142623.1_3916,CP142623.1_4012
contig_8956	447429	448097	481111	gene	AP012548.1_1098,AP012548.1_1099,AP012548.1_2610,AP012548.1_2706,CP142614.1_2329,CP142614.1_2425,CP142614.1_817,CP142614.1_818,CP142623.1_1312,CP142623.1_1313,CP142623.1_2397,CP142623.1_3916,CP142623.1_4012
contig_8956	632748	632935	intergenic	.	AP012548.1_1297,CP142614.1_1013,CP142614.1_1014,CP142623.1_1114,CP142623.1_1115
contig_8956	883413	883613	intergenic	.	AP012548.1_1204,AP012548.1_3214,CP001487.1_1115,CP142614.1_2942,CP142614.1_921,CP142623.1_1207,CP142623.1_1208,CP142623.1_3406
contig_8963	533358	533635	intergenic	.	AP012548.1_1337,CP142614.1_1055,CP142623.1_1074,CP142623.1_547
contig_8963	542233	542397	intergenic	.	AP012548.1_2797,CP142614.1_2516,CP142623.1_3825
contig_8963	630527	630861	intergenic	.	AP012548.1_2532,CP142614.1_2249,CP142614.1_2250,CP142623.1_4092
contig_8963	855396	855753	intergenic	.	AP012548.1_1092,AP012548.1_1093,AP012548.1_2071,CP001429.2_1081,CP003000.1_1490,CP142614.1_1788,CP142614.1_811,CP142623.1_1319
contig_8963	992533	992906	992884	CDS	AP012548.1_1054,AP012548.1_1055,AP012548.1_668,CP001429.2_1043,CP001429.2_679,CP001487.1_3311,CP142614.1_385,CP142614.1_772,CP142614.1_773,CP142614.1_774,CP142623.1_1358,CP142623.1_1746
contig_8963	992533	992906	992884	exon	AP012548.1_1054,AP012548.1_1055,AP012548.1_668,CP001429.2_1043,CP001429.2_679,CP001487.1_3311,CP142614.1_385,CP142614.1_772,CP142614.1_773,CP142614.1_774,CP142623.1_1358,CP142623.1_1746
contig_8963	992533	992906	992884	gene	AP012548.1_1054,AP012548.1_1055,AP012548.1_668,CP001429.2_1043,CP001429.2_679,CP001487.1_3311,CP142614.1_385,CP142614.1_772,CP142614.1_773,CP142614.1_774,CP142623.1_1358,CP142623.1_1746
contig_8963	992533	992906	992884	mRNA	AP012548.1_1054,AP012548.1_1055,AP012548.1_668,CP001429.2_1043,CP001429.2_679,CP001487.1_3311,CP142614.1_385,CP142614.1_772,CP142614.1_773,CP142614.1_774,CP142623.1_1358,CP142623.1_1746
contig_8963	992533	992906	992884	start_codon	AP012548.1_1054,AP012548.1_1055,AP012548.1_668,CP001429.2_1043,CP001429.2_679,CP001487.1_3311,CP142614.1_385,CP142614.1_772,CP142614.1_773,CP142614.1_774,CP142623.1_1358,CP142623.1_1746
contig_8963	992884	992906	intergenic	.	AP012548.1_1054,AP012548.1_1055,AP012548.1_668,CP001429.2_1043,CP001429.2_679,CP001487.1_3311,CP142614.1_385,CP142614.1_772,CP142614.1_773,CP142614.1_774,CP142623.1_1358,CP142623.1_1746
contig_8963	997342	997441	intergenic	.	AP012548.1_1767,CP001429.2_1774,CP001487.1_2598
contig_8963	1053147	1053395	intergenic	.	CP001429.2_1561,CP001487.1_2812,CP142614.1_1270,CP142623.1_858
contig_8963	1461957	1462159	intergenic	.	AP012548.1_189,AP012548.1_190,CP001429.2_192,CP142614.1_4129,CP142623.1_2221
contig_8963	1492841	1492935	intergenic	.	CP142623.1_3992
contig_8963	2074607	2074787	2074822	CDS	AP012548.1_2734,AP012548.1_3337,CP142614.1_2453,CP142614.1_3067,CP142623.1_3287,CP142623.1_3888
contig_8963	2074607	2074787	2074822	exon	AP012548.1_2734,AP012548.1_3337,CP142614.1_2453,CP142614.1_3067,CP142623.1_3287,CP142623.1_3888
contig_8963	2074607	2074787	2074822	gene	AP012548.1_2734,AP012548.1_3337,CP142614.1_2453,CP142614.1_3067,CP142623.1_3287,CP142623.1_3888
contig_8963	2074607	2074787	2074822	mRNA	AP012548.1_2734,AP012548.1_3337,CP142614.1_2453,CP142614.1_3067,CP142623.1_3287,CP142623.1_3888
contig_8963	3528990	3529133	intergenic	.	CP142614.1_3691
contig_8963	3614392	3614545	intergenic	.	AP012548.1_1017,CP142614.1_735
contig_8963	3621009	3621109	intergenic	.	CP142614.1_3228,CP142623.1_3127
contig_8963	4093044	4093128	intergenic	.	CP001487.1_347,CP142614.1_3706
contig_8963	4106434	4106532	intergenic	.	AP012548.1_1542,CP142614.1_1259,CP142623.1_869
contig_8963	4415255	4415403	intergenic	.	CP142614.1_2691
contig_8963	4565004	4565150	intergenic	.	AP012548.1_329
contig_8963	4567254	4567347	intergenic	.	CP142614.1_2512
contig_8963	4719350	4719867	intergenic	.	AP012548.1_2889,CP001429.2_2924,CP142614.1_2618,CP142614.1_610,CP142623.1_1521
contig_8963	4933304	4933491	intergenic	.	AP012548.1_1960,CP001487.1_2405,CP142614.1_1676,CP142623.1_452
contig_8996	762390	762558	intergenic	.	AP012548.1_2955,AP012548.1_2956,CP003000.1_2733,CP142614.1_2684,CP142614.1_2685,CP142623.1_3668
contig_8996	797928	798198	intergenic	.	AP012548.1_3676,AP012548.1_3677,CP001487.1_655,CP142614.1_3399,CP142614.1_3400,CP142623.1_2949
contig_8996	1537118	1537433	intergenic	.	AP012548.1_2001,AP012548.1_2002,CP001429.2_2009,CP001429.2_2010,CP001487.1_2364,CP001487.1_2365,CP003000.1_664,CP142614.1_1717,CP142614.1_1718,CP142623.1_411,CP142623.1_412
contig_8996	1728133	1728537	intergenic	.	AP012548.1_3838,AP012548.1_3839,AP012548.1_3840,CP142614.1_3562,CP142614.1_3563,CP142623.1_2786,CP142623.1_2787,CP142623.1_2788
contig_8996	1903251	1903402	intergenic	.	CP142614.1_4181
contig_8996	2613342	2613451	intergenic	.	CP001487.1_2118,CP003000.1_434
contig_8996	2636761	2636974	intergenic	.	AP012548.1_3843,CP142614.1_3566,CP142614.1_3567,CP142623.1_2783
contig_8996	2891844	2892119	intergenic	.	AP012548.1_1710,AP012548.1_1711,CP142614.1_1426,CP142623.1_702,CP142623.1_703
contig_8996	2900815	2900974	intergenic	.	AP012548.1_2551,CP001429.2_2567,CP003000.1_2298,CP142614.1_2269,CP142623.1_4072
contig_8996	5257031	5257106	intergenic	.	CP142614.1_3872,CP142623.1_2478
contig_8996	5562914	5563019	intergenic	.	CP142614.1_88
contig_8996	5597013	5597281	intergenic	.	AP012548.1_3167,AP012548.1_3168,CP142614.1_2896,CP142623.1_3452,CP142623.1_3453
contig_8996	5735140	5735324	5751569	mRNA	AP012548.1_694,CP142614.1_412,CP142623.1_1719,CP142623.1_1720
contig_8996	5735140	5735324	5751743	gene	AP012548.1_694,CP142614.1_412,CP142623.1_1719,CP142623.1_1720
contig_8996	6306796	6306992	intergenic	.	CP142614.1_2660,CP142623.1_3693
contig_8996	6724965	6725120	intergenic	.	AP012548.1_1909,CP142614.1_1625,CP142623.1_503
contig_8996	7242907	7243077	intergenic	.	AP012548.1_2862,CP142623.1_3759,CP142623.1_3760
contig_8996	7472204	7472356	intergenic	.	CP142614.1_3778
contig_8996	8316348	8316484	intergenic	.	CP142623.1_3863
contig_9034	718359	718503	intergenic	.	CP001429.2_334,CP001487.1_4028,CP142614.1_47
contig_9034	1912630	1912723	intergenic	.	AP012548.1_3841,CP142614.1_3564,CP142623.1_2785
contig_9034	1983287	1983431	intergenic	.	AP012548.1_803,CP142614.1_521,CP142623.1_1611
contig_9034	2118646	2118915	intergenic	.	AP012548.1_1471,CP142614.1_1189,CP142623.1_939,CP142623.1_940
contig_9034	2205895	2206305	intergenic	.	AP012548.1_1579,AP012548.1_1626
contig_9034	2209211	2209359	intergenic	.	AP012548.1_3811,CP142614.1_3535,CP142623.1_2815
contig_9034	2314067	2314374	intergenic	.	AP012548.1_1187,AP012548.1_2891,CP142614.1_2620,CP142614.1_904,CP142623.1_1224,CP142623.1_3732
contig_9034	2379426	2379538	intergenic	.	AP012548.1_2040,CP001429.2_2048,CP001487.1_2326,CP003000.1_626,CP142614.1_1757,CP142623.1_373
contig_9034	3082691	3082914	intergenic	.	AP012548.1_695,AP012548.1_696,CP142614.1_413,CP142614.1_414,CP142623.1_1718
contig_9034	3584865	3584973	intergenic	.	AP012548.1_3177
contig_9034	4510005	4510159	intergenic	.	AP012548.1_760,CP001487.1_3587,CP142614.1_478,CP142623.1_1654
contig_9034	4526691	4526860	intergenic	.	AP012548.1_2489,CP142614.1_2207,CP142623.1_4134
contig_9034	4636931	4637222	intergenic	.	AP012548.1_2987,CP142614.1_2716,CP142623.1_1143,CP142623.1_3636
contig_9042	40375	40518	intergenic	.	CP142623.1_1325
contig_9042	42189	42313	intergenic	.	CP142623.1_1327
contig_9221	2081168	2081501	intergenic	.	AP012548.1_548,CP142614.1_266,CP142614.1_910,CP142623.1_1865
contig_9225	1146102	1146271	intergenic	.	AP012548.1_3250,CP142614.1_2980,CP142623.1_3374
contig_9225	4110761	4110809	intergenic	.	CP142623.1_1230
contig_9225	4110761	4110852	4110815	polyA_signal_sequence	CP142623.1_1230
contig_9225	4110761	4110852	4124092	gene	CP142623.1_1230
contig_9225	5441324	5441829	intergenic	.	AP012548.1_3814,AP012548.1_3815,AP012548.1_3816,CP001429.2_3853,CP001429.2_3854,CP001487.1_515,CP142614.1_3537,CP142614.1_3538,CP142614.1_3539,CP142623.1_2810,CP142623.1_2811,CP142623.1_2812
contig_9225	7784517	7784596	intergenic	.	CP142614.1_3168,CP142614.1_3169
contig_9306	847850	848148	intergenic	.	AP012548.1_2115,CP142614.1_1831,CP142614.1_1832,CP142623.1_296,CP142623.1_297,CP142623.1_298
contig_9306	1487008	1487228	1532507	gene	AP012548.1_2654,AP012548.1_2655,CP001487.1_1669,CP142614.1_2373,CP142614.1_2374,CP142623.1_3967,CP142623.1_3968
contig_9306	1487008	1487228	1532507	mRNA	AP012548.1_2654,AP012548.1_2655,CP001487.1_1669,CP142614.1_2373,CP142614.1_2374,CP142623.1_3967,CP142623.1_3968
contig_9306	1933486	1934027	intergenic	.	AP012548.1_2876,AP012548.1_2877,AP012548.1_2878,CP001487.1_1447,CP001487.1_1450,CP142614.1_2605,CP142614.1_2607,CP142614.1_2608,CP142623.1_3745,CP142623.1_3746
contig_9306	2567635	2567763	intergenic	.	AP012548.1_3626,CP001487.1_705,CP142614.1_3355
contig_9363	305954	306131	324535	gene	CP142614.1_1260,CP142623.1_868
contig_9363	305954	306131	324535	mRNA	CP142614.1_1260,CP142623.1_868
contig_9363	338070	338397	intergenic	.	AP012548.1_1746,CP001487.1_2619,CP001487.1_2620,CP142614.1_1462
contig_9363	341340	341531	intergenic	.	AP012548.1_1094,CP001429.2_1083,CP001487.1_3271,CP003000.1_1488,CP142614.1_813,CP142623.1_1317
contig_9363	341908	342031	intergenic	.	CP001429.2_1082,CP001487.1_3272,CP142614.1_812
contig_9363	640200	640315	intergenic	.	CP001487.1_113,CP142623.1_2412
contig_9363	964876	965123	intergenic	.	AP012548.1_1386,AP012548.1_1387,CP001487.1_2978,CP142614.1_1103,CP142614.1_1104,CP142623.1_1025
contig_9363	995685	995768	intergenic	.	CP001487.1_2653
contig_9363	1233217	1233525	1233259	CDS	AP012548.1_3254,AP012548.1_3255,AP012548.1_3256,CP001429.2_3292,CP001487.1_1074,CP001487.1_1075,CP003000.1_3018,CP003000.1_3019,CP142614.1_2984,CP142614.1_2985,CP142623.1_3368,CP142623.1_3369,CP142623.1_3370
contig_9363	1233217	1233525	1233259	exon	AP012548.1_3254,AP012548.1_3255,AP012548.1_3256,CP001429.2_3292,CP001487.1_1074,CP001487.1_1075,CP003000.1_3018,CP003000.1_3019,CP142614.1_2984,CP142614.1_2985,CP142623.1_3368,CP142623.1_3369,CP142623.1_3370
contig_9363	1233217	1233525	1233461	CDS	AP012548.1_3254,AP012548.1_3255,AP012548.1_3256,CP001429.2_3292,CP001487.1_1074,CP001487.1_1075,CP003000.1_3018,CP003000.1_3019,CP142614.1_2984,CP142614.1_2985,CP142623.1_3368,CP142623.1_3369,CP142623.1_3370
contig_9363	1233217	1233525	1233461	exon	AP012548.1_3254,AP012548.1_3255,AP012548.1_3256,CP001429.2_3292,CP001487.1_1074,CP001487.1_1075,CP003000.1_3018,CP003000.1_3019,CP142614.1_2984,CP142614.1_2985,CP142623.1_3368,CP142623.1_3369,CP142623.1_3370
contig_9363	1233217	1233525	1233461	gene	AP012548.1_3254,AP012548.1_3255,AP012548.1_3256,CP001429.2_3292,CP001487.1_1074,CP001487.1_1075,CP003000.1_3018,CP003000.1_3019,CP142614.1_2984,CP142614.1_2985,CP142623.1_3368,CP142623.1_3369,CP142623.1_3370
contig_9363	1233217	1233525	1233461	mRNA	AP012548.1_3254,AP012548.1_3255,AP012548.1_3256,CP001429.2_3292,CP001487.1_1074,CP001487.1_1075,CP003000.1_3018,CP003000.1_3019,CP142614.1_2984,CP142614.1_2985,CP142623.1_3368,CP142623.1_3369,CP142623.1_3370
contig_9363	1233217	1233525	1233461	start_codon	AP012548.1_3254,AP012548.1_3255,AP012548.1_3256,CP001429.2_3292,CP001487.1_1074,CP001487.1_1075,CP003000.1_3018,CP003000.1_3019,CP142614.1_2984,CP142614.1_2985,CP142623.1_3368,CP142623.1_3369,CP142623.1_3370
contig_9363	1233461	1233525	intergenic	.	AP012548.1_3254,AP012548.1_3255,AP012548.1_3256,CP001429.2_3292,CP001487.1_1074,CP001487.1_1075,CP003000.1_3018,CP003000.1_3019,CP142614.1_2984,CP142614.1_2985,CP142623.1_3368,CP142623.1_3369,CP142623.1_3370
contig_9363	1491581	1491748	intergenic	.	AP012548.1_3369,CP142614.1_3100
contig_9363	1795514	1795710	intergenic	.	AP012548.1_2319,CP001429.2_2332,CP001487.1_2048,CP003000.1_2077,CP142614.1_2036,CP142623.1_93
contig_9363	1833277	1833499	intergenic	.	AP012548.1_3616,AP012548.1_3749,CP142614.1_3345,CP142623.1_3010
contig_9431	29943	30136	intergenic	.	AP012548.1_3959,CP001487.1_372,CP142623.1_2667,CP142623.1_2668
contig_9432	30727	30877	intergenic	.	AP012548.1_3958
contig_9471	642243	642397	intergenic	.	CP142614.1_3783,CP142623.1_2567
contig_9486	203141	203308	208379	gene	AP012548.1_2625,CP142614.1_2344,CP142623.1_3997
contig_9486	203141	203308	208379	mRNA	AP012548.1_2625,CP142614.1_2344,CP142623.1_3997
contig_9486	431881	431961	intergenic	.	AP012548.1_1563,CP001429.2_1570
contig_9486	857132	857230	intergenic	.	AP012548.1_2774,CP142614.1_2493,CP142623.1_3848
contig_9486	860158	860349	intergenic	.	AP012548.1_2413,CP142614.1_2131,CP142623.1_4209
contig_9486	1085493	1085645	1098139	gene	AP012548.1_2178,CP001429.2_2186,CP001487.1_2188,CP142614.1_1894,CP142623.1_234
contig_9486	1085493	1085645	1098139	mRNA	AP012548.1_2178,CP001429.2_2186,CP001487.1_2188,CP142614.1_1894,CP142623.1_234
contig_9486	1754745	1754861	intergenic	.	AP012548.1_3595,AP012548.1_4107,CP142623.1_3031
contig_9486	2243076	2243241	intergenic	.	AP012548.1_802,CP001487.1_3545,CP142614.1_520,CP142623.1_1612
contig_9486	2552623	2552922	intergenic	.	AP012548.1_1162,AP012548.1_4037,CP142614.1_3760,CP142614.1_881,CP142623.1_2589
contig_9486	2819698	2819851	intergenic	.	CP142614.1_618,CP142623.1_1513
contig_9486	3000040	3000213	intergenic	.	AP012548.1_83,CP142623.1_2327
contig_9486	3655244	3655344	intergenic	.	AP012548.1_634,CP142614.1_351,CP142623.1_1780
contig_9486	3753429	3753641	intergenic	.	AP012548.1_1213,CP142623.1_1198,CP142623.1_1199
contig_9486	3855199	3855337	intergenic	.	AP012548.1_1508,AP012548.1_1509,CP142614.1_1225,CP142614.1_1226,CP142623.1_903
contig_9486	4303314	4303443	4310440	gene	AP012548.1_627
contig_9486	4303314	4303443	4310440	mRNA	AP012548.1_627
contig_9486	5762119	5762212	intergenic	.	AP012548.1_1147,CP001429.2_1136,CP001487.1_3218,CP142614.1_866
contig_9486	5874133	5874238	intergenic	.	AP012548.1_59,CP142614.1_3999,CP142623.1_2351
contig_9486	6348903	6348986	intergenic	.	AP012548.1_141,CP142614.1_4080,CP142623.1_2269
contig_9486	7120117	7120294	intergenic	.	AP012548.1_749,AP012548.1_750,CP142614.1_467,CP142614.1_468,CP142623.1_1664,CP142623.1_1665
contig_9486	7365279	7365376	intergenic	.	CP001429.2_2819,CP001487.1_1539,CP142623.1_3836
contig_9504	282492	282730	intergenic	.	AP012548.1_3577,CP001429.2_3621,CP142614.1_3306,CP142623.1_3049
contig_9504	630571	630708	690096	mRNA	AP012548.1_2920,AP012548.1_2921,CP001429.2_2958,CP001487.1_1405,CP003000.1_2702,CP142614.1_2650,CP142623.1_3703
contig_9504	630571	630708	690217	gene	AP012548.1_2920,AP012548.1_2921,CP001429.2_2958,CP001487.1_1405,CP003000.1_2702,CP142614.1_2650,CP142623.1_3703
contig_9504	683447	683623	690096	mRNA	AP012548.1_3789,CP142614.1_3513,CP142623.1_2837
contig_9504	683447	683623	690217	gene	AP012548.1_3789,CP142614.1_3513,CP142623.1_2837
contig_9504	1512190	1512343	intergenic	.	CP142614.1_1689,CP142623.1_440
contig_9504	1571156	1571333	intergenic	.	AP012548.1_1381,CP142623.1_1030
contig_9504	2655239	2655366	intergenic	.	AP012548.1_3029,CP142614.1_2758,CP142623.1_3593
contig_9504	2763688	2763765	intergenic	.	CP142614.1_75,CP142623.1_2051
contig_9504	2777667	2777857	intergenic	.	CP001487.1_2675,CP142623.1_2473
contig_9504	2847798	2847941	2870093	gene	CP001487.1_2007,CP142623.1_52
contig_9504	2847798	2847941	2870093	mRNA	CP001487.1_2007,CP142623.1_52
contig_9504	3050279	3050552	intergenic	.	AP012548.1_1735,AP012548.1_2743,CP001429.2_2777,CP001487.1_2631,CP142614.1_1450,CP142614.1_1451,CP142623.1_678
contig_9504	3415559	3415680	intergenic	.	AP012548.1_320,CP142614.1_36,CP142623.1_2089
contig_9504	3509437	3509675	intergenic	.	AP012548.1_687,AP012548.1_688,CP142614.1_405,CP142614.1_406,CP142623.1_1726,CP142623.1_1727
contig_9504	4070293	4070426	intergenic	.	CP142614.1_2777
contig_9504	5763905	5764039	intergenic	.	AP012548.1_887
contig_9526	1976760	1976935	intergenic	.	AP012548.1_2209,CP142614.1_1926
contig_9526	2072471	2072666	intergenic	.	AP012548.1_2312,CP142614.1_2029,CP142623.1_100
contig_9526	2775859	2776118	intergenic	.	AP012548.1_3773,CP001429.2_3811,CP003000.1_3529,CP142614.1_3495,CP142614.1_3496,CP142623.1_2853
contig_9526	3129693	3130104	3173441	mRNA	AP012548.1_1290,AP012548.1_1291,AP012548.1_1292,CP001487.1_3073,CP001487.1_3074,CP003000.1_1293,CP142614.1_1008,CP142614.1_1009,CP142623.1_1119,CP142623.1_1120,CP142623.1_1121
contig_9526	3129693	3130104	3173589	gene	AP012548.1_1290,AP012548.1_1291,AP012548.1_1292,CP001487.1_3073,CP001487.1_3074,CP003000.1_1293,CP142614.1_1008,CP142614.1_1009,CP142623.1_1119,CP142623.1_1120,CP142623.1_1121
contig_9526	3780778	3780861	3784453	gene	AP012548.1_1596,CP142614.1_1312,CP142623.1_816
contig_9526	3780778	3780861	3784453	mRNA	AP012548.1_1596,CP142614.1_1312,CP142623.1_816
contig_9526	4397376	4397483	4397987	gene	AP012548.1_2953
contig_9526	6463913	6463992	intergenic	.	CP142623.1_2285
contig_9569	400344	400701	intergenic	.	AP012548.1_449,AP012548.1_450,AP012548.1_451,CP001429.2_454,CP001429.2_456,CP001487.1_3901,CP001487.1_3902,CP003000.1_396,CP003000.1_398,CP142614.1_167,CP142614.1_169,CP142623.1_1958,CP142623.1_1959
contig_9569	526921	527086	intergenic	.	AP012548.1_1928,CP001429.2_1936,CP001487.1_2437,CP142614.1_1644,CP142623.1_485
contig_9569	661651	661788	intergenic	.	CP001487.1_2298
contig_9569	931130	931215	intergenic	.	AP012548.1_4018,CP142623.1_2608
contig_9569	1824545	1824682	intergenic	.	CP142623.1_4085
contig_9569	1895122	1895212	intergenic	.	AP012548.1_3648,CP142614.1_3376,CP142623.1_2978,CP142623.1_2979
contig_9569	2901080	2901186	intergenic	.	AP012548.1_3312
contig_9569	2903693	2903797	intergenic	.	AP012548.1_580,CP142614.1_297,CP142623.1_1834,CP142623.1_1835
contig_9569	2931698	2932056	intergenic	.	AP012548.1_714,AP012548.1_716,CP142614.1_432,CP142614.1_433,CP142623.1_1698,CP142623.1_1699,CP142623.1_1700
contig_9569	3927957	3928053	intergenic	.	CP142623.1_1592
contig_9569	4012938	4013022	intergenic	.	AP012548.1_4146
contig_9569	4013592	4013677	intergenic	.	AP012548.1_3674,CP142614.1_3397,CP142623.1_2952
contig_9569	4580176	4580328	intergenic	.	AP012548.1_10,CP001487.1_102,CP142614.1_3949
contig_9569	4679224	4679312	4693054	mRNA	AP012548.1_1483,CP142614.1_1200,CP142623.1_928
contig_9569	4679224	4679312	4693085	gene	AP012548.1_1483,CP142614.1_1200,CP142623.1_928
contig_9569	4738683	4738762	intergenic	.	CP001487.1_1391,CP142623.1_3688
contig_9569	5335942	5336025	intergenic	.	AP012548.1_2731,AP012548.1_2733,CP001487.1_1592,CP003000.1_2524,CP142614.1_2452,CP142623.1_3889
contig_9569	5335942	5336290	5336028	start_codon	AP012548.1_2731,AP012548.1_2733,CP001487.1_1592,CP003000.1_2524,CP142614.1_2452,CP142623.1_3889
contig_9569	5335942	5336290	5336264	CDS	AP012548.1_2731,AP012548.1_2733,CP001487.1_1592,CP003000.1_2524,CP142614.1_2452,CP142623.1_3889
contig_9569	5335942	5336290	5336264	exon	AP012548.1_2731,AP012548.1_2733,CP001487.1_1592,CP003000.1_2524,CP142614.1_2452,CP142623.1_3889
contig_9569	5335942	5336290	5336873	mRNA	AP012548.1_2731,AP012548.1_2733,CP001487.1_1592,CP003000.1_2524,CP142614.1_2452,CP142623.1_3889
contig_9569	5335942	5336290	5337234	gene	AP012548.1_2731,AP012548.1_2733,CP001487.1_1592,CP003000.1_2524,CP142614.1_2452,CP142623.1_3889
contig_9569	5824901	5825075	5829343	gene	AP012548.1_326,CP001487.1_4033,CP142614.1_42,CP142623.1_2083
contig_9569	5824901	5825075	5829343	mRNA	AP012548.1_326,CP001487.1_4033,CP142614.1_42,CP142623.1_2083
contig_9569	6124642	6124787	intergenic	.	AP012548.1_4134
contig_9569	7018831	7018924	7047298	mRNA	AP012548.1_2868,CP001487.1_1457,CP142614.1_2598,CP142623.1_3753
contig_9569	7018831	7018924	7047352	gene	AP012548.1_2868,CP001487.1_1457,CP142614.1_2598,CP142623.1_3753
contig_9611	411139	411251	intergenic	.	AP012548.1_2645
contig_9611	712273	712368	intergenic	.	AP012548.1_708,CP142614.1_426,CP142623.1_1706
contig_9611	793543	793669	intergenic	.	CP142623.1_3797
contig_9611	938590	938820	intergenic	.	AP012548.1_356,AP012548.1_357,CP142614.1_74,CP142623.1_2052
contig_9611	1571495	1571589	1586751	gene	AP012548.1_2853
contig_9611	1571495	1571589	1586751	mRNA	AP012548.1_2853
contig_9611	1763791	1763985	intergenic	.	AP012548.1_1580,CP142614.1_1296,CP142623.1_832
contig_9611	1827898	1828034	intergenic	.	AP012548.1_3349,CP142614.1_3079
contig_9611	1985054	1985151	intergenic	.	CP001429.2_1039,CP142623.1_1363
contig_9626	741299	741648	intergenic	.	AP012548.1_1905,AP012548.1_3209,CP001429.2_3245,CP142614.1_1621,CP142614.1_2937,CP142623.1_3411
contig_9626	919698	920188	intergenic	.	AP012548.1_178,CP142614.1_1317,CP142614.1_4118,CP142623.1_2232,CP142623.1_2233
contig_9626	1253832	1253945	intergenic	.	CP142623.1_340
contig_9626	1440944	1441087	intergenic	.	CP003000.1_1926,CP142623.1_1851
contig_9626	1566760	1567016	intergenic	.	AP012548.1_1259,AP012548.1_84,CP003000.1_1323,CP142614.1_4024,CP142614.1_976,CP142623.1_2326
contig_9626	1624342	1624464	intergenic	.	AP012548.1_30,CP001429.2_30,CP001487.1_81,CP003000.1_29,CP142614.1_3970,CP142623.1_2380
contig_9626	2268803	2268964	2399540	gene	CP142614.1_2610,CP142623.1_3743
contig_9626	2268803	2268964	2399540	mRNA	CP142614.1_2610,CP142623.1_3743
contig_9626	2478679	2478933	2674012	mRNA	AP012548.1_1146,CP001429.2_1136,CP001487.1_3219,CP003000.1_1435,CP142614.1_865,CP142623.1_1265
contig_9626	2478679	2478933	2674035	gene	AP012548.1_1146,CP001429.2_1136,CP001487.1_3219,CP003000.1_1435,CP142614.1_865,CP142623.1_1265
contig_9626	2639440	2639591	2674012	mRNA	AP012548.1_3163,CP142623.1_3457
contig_9626	2639440	2639591	2674035	gene	AP012548.1_3163,CP142623.1_3457
contig_9633	64094	64214	intergenic	.	AP012548.1_2534,CP001487.1_1834,CP142614.1_2252
contig_9634	13293	13740	intergenic	.	AP012548.1_4006,AP012548.1_4007,AP012548.1_4008,CP001429.2_4046,CP001487.1_323,CP001487.1_324,CP003000.1_3716,CP142614.1_3729,CP142614.1_3730,CP142623.1_2620
contig_9664	402405	402484	intergenic	.	AP012548.1_477,CP142614.1_914,CP142623.1_1215,CP142623.1_1931
contig_9683	138064	138203	intergenic	.	AP012548.1_2143,AP012548.1_2144,CP001429.2_2152,CP001487.1_2222,CP142614.1_1860,CP142623.1_268
contig_9683	187252	187454	intergenic	.	AP012548.1_1719,CP142614.1_1434,CP142614.1_1435,CP142623.1_694,CP142623.1_695
contig_9683	298726	298922	intergenic	.	AP012548.1_315,AP012548.1_316,CP001429.2_320,CP001487.1_4044,CP142614.1_32,CP142623.1_2093
contig_9683	887572	887921	intergenic	.	AP012548.1_1067,CP142614.1_786,CP142623.1_1344
contig_9683	1422700	1422775	1463616	gene	AP012548.1_1806,CP001429.2_1813,CP001487.1_2559,CP142614.1_1522
contig_9683	1422700	1422775	1463616	mRNA	AP012548.1_1806,CP001429.2_1813,CP001487.1_2559,CP142614.1_1522
contig_9683	2168133	2168492	intergenic	.	AP012548.1_2834,AP012548.1_2836
contig_9683	2691546	2691656	2707050	gene	AP012548.1_4153,CP142614.1_3876,CP142623.1_2474
contig_9683	2691546	2691656	2707050	mRNA	AP012548.1_4153,CP142614.1_3876,CP142623.1_2474
contig_9683	2741284	2741465	intergenic	.	AP012548.1_3017,CP142614.1_2746,CP142623.1_3605,CP142623.1_3621
contig_9683	4168768	4169020	intergenic	.	AP012548.1_1223,AP012548.1_1224,CP001487.1_3142,CP142614.1_940,CP142614.1_941,CP142623.1_1188
contig_9693	2339739	2339870	2349155	mRNA	AP012548.1_283,CP142614.1_4222,CP142623.1_2126
contig_9693	2339739	2339870	2349692	gene	AP012548.1_283,CP142614.1_4222,CP142623.1_2126
contig_9693	2710319	2710781	2712227	gene	AP012548.1_122,AP012548.1_124,CP142614.1_4062,CP142614.1_4064,CP142623.1_2286,CP142623.1_2288
contig_9693	2710319	2710781	2712227	mRNA	AP012548.1_122,AP012548.1_124,CP142614.1_4062,CP142614.1_4064,CP142623.1_2286,CP142623.1_2288
contig_9700	357883	358006	intergenic	.	CP001487.1_2973,CP142614.1_1109
contig_9700	659821	660150	intergenic	.	AP012548.1_3526,AP012548.1_3835,CP001487.1_494,CP142614.1_3254,CP142614.1_3559,CP142623.1_2791,CP142623.1_3101
contig_9700	976964	977066	intergenic	.	CP142614.1_2324
contig_9700	2056151	2056318	intergenic	.	AP012548.1_152,AP012548.1_153,CP142614.1_4092,CP142614.1_4093,CP142623.1_2257,CP142623.1_2258
contig_9700	2438943	2439095	2441429	mRNA	CP142623.1_1889
contig_9700	2438943	2439095	2441476	gene	CP142623.1_1889
contig_9700	4191245	4191329	4191909	gene	CP001487.1_13
contig_9700	4191245	4191329	4191909	mRNA	CP001487.1_13
contig_9700	4912649	4912761	intergenic	.	AP012548.1_745,CP142614.1_463,CP142623.1_1669
contig_9700	4927228	4927377	4928397	gene	AP012548.1_2520,CP142614.1_2238,CP142623.1_4102
contig_9700	4927228	4927377	4928397	mRNA	AP012548.1_2520,CP142614.1_2238,CP142623.1_4102
contig_9700	5253274	5253426	intergenic	.	AP012548.1_3107
contig_9700	5463811	5464021	intergenic	.	AP012548.1_285,AP012548.1_286,CP142614.1_2,CP142623.1_2123,CP142623.1_2124
contig_9700	5838643	5838768	5851873	gene	AP012548.1_3131,CP142614.1_2859,CP142623.1_3491
contig_9700	5838643	5838768	5851873	mRNA	AP012548.1_3131,CP142614.1_2859,CP142623.1_3491
contig_9700	6216115	6216219	intergenic	.	AP012548.1_485,CP142614.1_203,CP142623.1_1923
contig_9700	6261478	6261721	intergenic	.	AP012548.1_1587,AP012548.1_1588,CP001487.1_2778,CP001487.1_2779,CP142614.1_1304,CP142623.1_824
contig_9700	6262014	6262178	intergenic	.	AP012548.1_1589,CP142623.1_823
contig_9700	6275885	6275987	intergenic	.	AP012548.1_944,CP142614.1_662
contig_9700	6632807	6632917	6641421	mRNA	AP012548.1_721,CP001429.2_737,CP142614.1_439,CP142623.1_1693
contig_9700	6632807	6632917	6641897	gene	AP012548.1_721,CP001429.2_737,CP142614.1_439,CP142623.1_1693
contig_9700	7461019	7461117	7487979	mRNA	CP142614.1_2301,CP142623.1_4040
contig_9700	7461019	7461117	7488015	gene	CP142614.1_2301,CP142623.1_4040
contig_9700	7822987	7823223	intergenic	.	AP012548.1_2351,CP001487.1_2015,CP142614.1_2070,CP142614.1_3256,CP142623.1_3099,CP142623.1_61
contig_9700	8192266	8192483	8203617	gene	AP012548.1_1492,AP012548.1_1493,CP001429.2_1500,CP001487.1_2872,CP003000.1_1093,CP142623.1_919
contig_9700	8192266	8192483	8203617	mRNA	AP012548.1_1492,AP012548.1_1493,CP001429.2_1500,CP001487.1_2872,CP003000.1_1093,CP142623.1_919
contig_9723	2262	2366	intergenic	.	AP012548.1_3356
contig_9723	400596	400760	438714	mRNA	AP012548.1_3152,CP001429.2_3189,CP142614.1_2881
contig_9723	400596	400760	438738	gene	AP012548.1_3152,CP001429.2_3189,CP142614.1_2881
contig_9736	215807	215930	226867	mRNA	AP012548.1_3166
contig_9736	215807	215930	227003	gene	AP012548.1_3166
contig_9736	348943	349020	intergenic	.	AP012548.1_2371,CP142614.1_2089,CP142623.1_41
contig_9736	420902	421060	intergenic	.	AP012548.1_1430,CP001429.2_1437,CP001487.1_2934,CP142614.1_1147,CP142623.1_981,CP142623.1_982
contig_9736	633605	633878	intergenic	.	AP012548.1_1918,AP012548.1_1919,CP142614.1_1634,CP142614.1_1635,CP142623.1_494
contig_9736	634148	634238	intergenic	.	CP142614.1_3819,CP142623.1_2530
contig_9736	659740	659849	intergenic	.	CP003000.1_154
contig_9736	754628	755215	intergenic	.	AP012548.1_1212,AP012548.1_3518,AP012548.1_766,CP001487.1_3152,CP142614.1_3247,CP142614.1_344,CP142623.1_1199,CP142623.1_1787,CP142623.1_3108
contig_9736	796037	796247	intergenic	.	AP012548.1_3987,CP001429.2_4027,CP003000.1_3698,CP142623.1_2639
contig_9736	1137027	1137404	1165667	mRNA	AP012548.1_3574,CP001429.2_3618,CP142614.1_3302,CP142614.1_3303,CP142623.1_3053,CP142623.1_4036
contig_9736	1137027	1137404	1166122	gene	AP012548.1_3574,CP001429.2_3618,CP142614.1_3302,CP142614.1_3303,CP142623.1_3053,CP142623.1_4036
contig_9954	164769	164980	175474	gene	AP012548.1_4128,CP001429.2_4173,CP001487.1_200,CP142614.1_3851,CP142614.1_3852,CP142623.1_2498,CP142623.1_2499
contig_9954	164769	164980	175474	mRNA	AP012548.1_4128,CP001429.2_4173,CP001487.1_200,CP142614.1_3851,CP142614.1_3852,CP142623.1_2498,CP142623.1_2499
contig_9954	1078738	1078879	intergenic	.	AP012548.1_69
contig_9954	1523614	1523832	intergenic	.	AP012548.1_489,AP012548.1_490,CP142623.1_1919
contig_9954	2367733	2367835	intergenic	.	AP012548.1_826,CP142614.1_544,CP142623.1_1588
contig_9954	2378323	2378616	intergenic	.	AP012548.1_3268,AP012548.1_3269,CP001429.2_3306,CP001487.1_1060,CP001487.1_1061,CP003000.1_3032,CP142614.1_2998,CP142623.1_3356
contig_9954	2957539	2957652	intergenic	.	AP012548.1_2599,CP142614.1_2319,CP142623.1_4022
contig_9954	3101860	3102010	intergenic	.	AP012548.1_4116,CP001429.2_4161,CP001429.2_4162,CP003000.1_3824,CP142614.1_3839,CP142623.1_2511
contig_9954	3162529	3162644	intergenic	.	CP142614.1_605
contig_9958	11028	11188	intergenic	.	AP012548.1_1959,CP001429.2_1967,CP001487.1_2406,CP142614.1_1675,CP142623.1_453
contig_9965	1157687	1157794	intergenic	.	AP012548.1_988,CP001487.1_3377,CP003000.1_1578,CP142614.1_707,CP142623.1_1424
contig_9965	1228483	1228566	1233472	mRNA	CP001429.2_978
contig_9965	1228483	1228566	1233559	gene	CP001429.2_978
contig_9965	1432196	1432276	intergenic	.	AP012548.1_3940,CP001429.2_3980,CP003000.1_3650,CP142614.1_3663,CP142623.1_2686
contig_9965	1918111	1918262	1928049	mRNA	AP012548.1_1056,CP001487.1_3309,CP142614.1_774,CP142614.1_775,CP142623.1_1356,CP142623.1_1357
contig_9965	1918111	1918262	1928103	gene	AP012548.1_1056,CP001487.1_3309,CP142614.1_774,CP142614.1_775,CP142623.1_1356,CP142623.1_1357
contig_9965	3582472	3582636	3694630	mRNA	CP001487.1_3937,CP142614.1_131,CP142623.1_1995
contig_9965	3582472	3582636	3694882	gene	CP001487.1_3937,CP142614.1_131,CP142623.1_1995
contig_9965	3819917	3820113	3850717	mRNA	AP012548.1_2583,AP012548.1_898,CP142614.1_616,CP142623.1_1515
contig_9965	3819917	3820113	3850797	gene	AP012548.1_2583,AP012548.1_898,CP142614.1_616,CP142623.1_1515
contig_9969	421285	421406	intergenic	.	AP012548.1_2769,CP142614.1_2488,CP142623.1_3853
contig_9987	2098084	2098246	intergenic	.	AP012548.1_2025,CP142614.1_1740,CP142614.1_1741,CP142623.1_388
contig_9987	2526227	2526337	2575184	mRNA	AP012548.1_2496,CP142614.1_2214,CP142623.1_4127
contig_9987	2526227	2526337	2575418	gene	AP012548.1_2496,CP142614.1_2214,CP142623.1_4127
contig_9987	2580630	2580854	intergenic	.	AP012548.1_1175,CP003000.1_1407,CP142614.1_892,CP142623.1_1236
contig_9987	2838571	2838709	intergenic	.	CP142623.1_3072
contig_9987	3557268	3557465	intergenic	.	AP012548.1_2737,AP012548.1_428,CP142614.1_146,CP142614.1_2456
