6502 6466  99.00
contig_10001:334640-334868.bam
3843 3810  99.00
contig_10001:363700-363991.bam
4416 4400  99.00
contig_10001:364263-364491.bam
6714 6667  99.00
contig_10014:737711-738030.bam
6283 6195  98.00
contig_10014:831435-831657.bam
548 535  97.00
contig_10014:841368-841503.bam
58 31  53.00
contig_10014:972493-972829.bam
4474 4062  90.00
contig_10037:31695-31896.bam
3709 3687  99.00
contig_10040:83979-84063.bam
369 244  66.00
contig_10079:205498-205682.bam
7578 7560  99.00
contig_10079:445184-445615.bam
4151 4100  98.00
contig_10101:24257-24583.bam
1505 1487  98.00
contig_10101:90320-90445.bam
3586 3562  99.00
contig_10128:53426-53590.bam
5925 5867  99.00
contig_10162:58583-58756.bam
282 270  95.00
contig_10162:64126-64294.bam
5824 5755  98.00
contig_10174:1076438-1076703.bam
34 18  52.00
contig_10174:352458-352550.bam
8859 8837  99.00
contig_10174:940119-940405.bam
5991 5970  99.00
contig_1017:6590-6944.bam
7191 7171  99.00
contig_1017:9304-9751.bam
223 112  50.00
contig_10190:552498-552588.bam
5922 5892  99.00
contig_10213:1979043-1979123.bam
11440 11420  99.00
contig_10213:703024-703232.bam
12519 12504  99.00
contig_1021:193663-194399.bam
3862 3791  98.00
contig_1021:57777-58008.bam
4356 4295  98.00
contig_10222:74174-74338.bam
4527 4493  99.00
contig_10229:242529-242874.bam
5554 5487  98.00
contig_10236:137847-137957.bam
282 256  90.00
contig_10236:1697535-1697591.bam
605 579  95.00
contig_10260:110128-110263.bam
5632 5607  99.00
contig_1026:18368-18635.bam
3151 3131  99.00
contig_10273:687626-687943.bam
4515 4497  99.00
contig_10273:737478-737651.bam
3836 3816  99.00
contig_10286:1186544-1187082.bam
5065 5032  99.00
contig_10286:1436538-1436769.bam
4573 4480  97.00
contig_10286:1439553-1439709.bam
435 314  72.00
contig_10286:1474225-1474392.bam
3890 3858  99.00
contig_10286:1478586-1478745.bam
5714 5694  99.00
contig_10286:1559178-1559648.bam
9826 9806  99.00
contig_10286:1559893-1560519.bam
5756 5732  99.00
contig_10286:1771935-1772196.bam
101 87  86.00
contig_10286:1875897-1875958.bam
200 187  93.00
contig_10286:2702338-2702425.bam
4154 4134  99.00
contig_10286:974484-974879.bam
5495 5472  99.00
contig_10290:141329-141561.bam
2228 2213  99.00
contig_10290:26132-26331.bam
6549 6518  99.00
contig_10290:388238-388486.bam
6716 6679  99.00
contig_10298:130373-130796.bam
7506 7487  99.00
contig_10298:494302-494805.bam
583 556  95.00
contig_10313:419041-419170.bam
3750 3729  99.00
contig_10327:1007279-1007448.bam
6903 6887  99.00
contig_10327:146627-146934.bam
4367 4346  99.00
contig_10327:1511176-1511756.bam
6174 6150  99.00
contig_10353:311093-311188.bam
6199 6132  98.00
contig_10353:646101-646319.bam
10321 10304  99.00
contig_10367:153034-153625.bam
5732 5716  99.00
contig_10367:500819-501098.bam
54 38  70.00
contig_10367:683998-684129.bam
4308 4291  99.00
contig_10395:408963-409342.bam
10339 10323  99.00
contig_10407:133131-133453.bam
9487 9471  99.00
contig_10431:599099-599577.bam
5249 5221  99.00
contig_10435:135574-135826.bam
8680 8659  99.00
contig_10435:14257-14436.bam
9186 9169  99.00
contig_10453:275957-276392.bam
2027 2005  98.00
contig_10453:630156-630252.bam
5527 5502  99.00
contig_10453:653759-654084.bam
6114 6079  99.00
contig_10464:10320-10523.bam
10119 10086  99.00
contig_10498:141421-141786.bam
518 493  95.00
contig_10498:1428272-1428434.bam
592 573  96.00
contig_10498:152774-152983.bam
18194 18174  99.00
contig_10498:1656659-1657828.bam
5334 5315  99.00
contig_10498:3165403-3165599.bam
40 23  57.00
contig_10523:268154-268279.bam
485 467  96.00
contig_10528:1187655-1187735.bam
426 409  96.00
contig_10528:1242381-1242438.bam
609 583  95.00
contig_10563:379854-380260.bam
4622 4589  99.00
contig_10563:675185-675418.bam
3615 3581  99.00
contig_10563:700695-701000.bam
3132 3075  98.00
contig_10579:515861-515966.bam
6238 6218  99.00
contig_10597:34653-34858.bam
7341 7318  99.00
contig_10597:87316-87736.bam
6512 6490  99.00
contig_10602:160383-160600.bam
5177 5165  99.00
contig_10602:394281-394697.bam
349 331  94.00
contig_10619:330789-330860.bam
2984 2941  98.00
contig_10619:369760-369878.bam
1580 1562  98.00
contig_10624:489139-489355.bam
1911 1864  97.00
contig_10624:509135-509350.bam
5270 5242  99.00
contig_1067:1167906-1168080.bam
44 27  61.00
contig_10698:546269-546457.bam
5058 5038  99.00
contig_10714:128319-128557.bam
7064 7043  99.00
contig_10739:253305-253768.bam
6109 6097  99.00
contig_10746:641441-641739.bam
1585 1557  98.00
contig_10746:707640-707743.bam
4237 4151  97.00
contig_10746:962809-962910.bam
2702 2681  99.00
contig_10760:193164-193516.bam
46 25  54.00
contig_10760:543723-543923.bam
6338 6306  99.00
contig_10763:426810-427057.bam
4488 4473  99.00
contig_10806:24892-25119.bam
3548 3412  96.00
contig_10809:1650691-1651002.bam
4075 4060  99.00
contig_10809:5198861-5198987.bam
5140 5108  99.00
contig_10809:610061-610224.bam
3720 3662  98.00
contig_10809:7090607-7090939.bam
4463 4438  99.00
contig_10822:53159-53333.bam
1591 1575  98.00
contig_10935:64935-65089.bam
10718 10695  99.00
contig_10944:33146-33543.bam
982 937  95.00
contig_10944:47602-47674.bam
6814 6787  99.00
contig_10997:451363-451715.bam
167 158  94.00
contig_10997:773136-773297.bam
6097 6016  98.00
contig_10997:803005-803412.bam
5875 5853  99.00
contig_1099:278050-278225.bam
3673 3645  99.00
contig_1099:558706-558927.bam
5184 5171  99.00
contig_11007:111290-111891.bam
1190 1172  98.00
contig_11007:68777-68853.bam
13099 13079  99.00
contig_11007:800568-801101.bam
10541 10522  99.00
contig_11007:82406-82653.bam
419 408  97.00
contig_11028:180625-180772.bam
447 434  97.00
contig_11028:181590-181868.bam
5033 5016  99.00
contig_11031:235137-235322.bam
6099 6057  99.00
contig_11041:115664-115765.bam
86 64  74.00
contig_11041:25140-25334.bam
5916 5895  99.00
contig_11059:112018-112281.bam
11086 11066  99.00
contig_1106:18686-19164.bam
6282 6191  98.00
contig_110:799208-799286.bam
4450 4423  99.00
contig_11120:1072186-1072361.bam
11569 11544  99.00
contig_11120:125302-125635.bam
3593 3543  98.00
contig_11120:1389208-1389314.bam
730 366  50.00
contig_11120:1508728-1509030.bam
4608 4587  99.00
contig_11120:228443-228702.bam
4218 4193  99.00
contig_11120:487404-487603.bam
3944 3723  94.00
contig_11120:712125-712422.bam
2076 2059  99.00
contig_11120:878368-878534.bam
4220 4071  96.00
contig_11134:530062-530394.bam
63 50  79.00
contig_11134:741534-741698.bam
1801 1784  99.00
contig_1113:108087-108281.bam
6516 6492  99.00
contig_1113:186631-186816.bam
8087 8066  99.00
contig_1113:377120-377620.bam
5073 5046  99.00
contig_11150:138060-138112.bam
3603 3574  99.00
contig_11150:198021-198346.bam
2351 2323  98.00
contig_11150:447218-447277.bam
4179 4164  99.00
contig_11150:985725-986042.bam
6540 6507  99.00
contig_11157:1328937-1329287.bam
3465 3402  98.00
contig_11159:1241901-1241975.bam
281 266  94.00
contig_11159:2078820-2079016.bam
5514 5443  98.00
contig_11159:2362214-2362409.bam
511 487  95.00
contig_11159:2554649-2554791.bam
3162 3144  99.00
contig_11159:2759673-2759934.bam
287 266  92.00
contig_11159:2982185-2982322.bam
1516 1496  98.00
contig_11159:3092599-3092958.bam
3215 3192  99.00
contig_11159:346879-347022.bam
4217 4194  99.00
contig_11159:356133-356428.bam
346 324  93.00
contig_11159:740085-740137.bam
353 333  94.00
contig_11177:159865-160143.bam
2414 2377  98.00
contig_11188:355698-355906.bam
5786 5744  99.00
contig_11188:366680-367088.bam
3698 3670  99.00
contig_11207:214422-214489.bam
3972 3953  99.00
contig_11207:214774-214891.bam
4501 4473  99.00
contig_11207:3375-3725.bam
1177 1134  96.00
contig_11243:50612-50814.bam
184 95  51.00
contig_11251:208362-208506.bam
5688 5651  99.00
contig_11251:67746-68075.bam
3925 3899  99.00
contig_11270:257320-257679.bam
702 381  54.00
contig_11270:463390-463585.bam
188 171  90.00
contig_11300:186578-186831.bam
5643 5543  98.00
contig_1134:89706-90024.bam
3576 3559  99.00
contig_11350:1383954-1384013.bam
404 379  93.00
contig_11436:404086-404239.bam
4557 4521  99.00
contig_1143:44276-44518.bam
4444 4420  99.00
contig_11455:134268-134441.bam
4793 4672  97.00
contig_11455:173876-174044.bam
6374 6335  99.00
contig_11455:84398-84671.bam
5915 5898  99.00
contig_11482:1098110-1098300.bam
4374 4331  99.00
contig_11482:1269292-1269749.bam
508 303  59.00
contig_1150:869233-869388.bam
71 48  67.00
contig_11521:443883-443946.bam
6072 6052  99.00
contig_11521:945207-945312.bam
6621 6605  99.00
contig_1154:276535-276876.bam
4003 3984  99.00
contig_1154:511295-511614.bam
4380 4366  99.00
contig_11556:1048689-1048838.bam
5398 5376  99.00
contig_11556:1236537-1236919.bam
226 202  89.00
contig_11558:281812-281876.bam
5431 5390  99.00
contig_11560:1241507-1241637.bam
4239 4217  99.00
contig_11560:830261-830436.bam
1976 1928  97.00
contig_11612:2483940-2484070.bam
323 301  93.00
contig_11635:111769-112004.bam
5030 5010  99.00
contig_11635:69741-69915.bam
3656 3595  98.00
contig_11665:167834-167914.bam
239 220  92.00
contig_11665:206312-206585.bam
711 692  97.00
contig_11665:75289-75374.bam
4330 4295  99.00
contig_11687:206461-206573.bam
6480 6459  99.00
contig_1168:756732-756997.bam
4138 4120  99.00
contig_1168:854835-855079.bam
3794 3780  99.00
contig_1174:547326-547480.bam
268 246  91.00
contig_1174:557664-557745.bam
5809 5789  99.00
contig_1174:58337-58736.bam
140 128  91.00
contig_1174:807959-808192.bam
35 20  57.00
contig_11753:170345-170499.bam
4406 4387  99.00
contig_11753:31737-31978.bam
7060 7037  99.00
contig_11753:80727-81274.bam
4447 4393  98.00
contig_11759:146644-146798.bam
5095 5060  99.00
contig_11759:27974-28103.bam
2044 2019  98.00
contig_11760:1697050-1697221.bam
5819 5772  99.00
contig_11760:2012032-2012134.bam
6189 6142  99.00
contig_11760:2252880-2253069.bam
1023 1000  97.00
contig_11760:2381766-2381851.bam
3661 3642  99.00
contig_11760:2786830-2786996.bam
100 89  89.00
contig_11796:203723-203870.bam
1785 1759  98.00
contig_11796:844147-844399.bam
5580 5553  99.00
contig_11806:358486-358717.bam
5624 5608  99.00
contig_11806:370320-370549.bam
3354 3317  98.00
contig_11806:397919-398134.bam
4789 4751  99.00
contig_1180:196436-196498.bam
5710 5649  98.00
contig_11889:257288-257625.bam
9204 9193  99.00
contig_11919:130938-131194.bam
231 145  62.00
contig_11919:473821-473977.bam
1998 1981  99.00
contig_11930:261149-261475.bam
3909 3839  98.00
contig_1194:16777-16848.bam
7992 7974  99.00
contig_1194:58825-59004.bam
6460 6399  99.00
contig_11977:1304376-1304559.bam
460 444  96.00
contig_11993:114411-114513.bam
459 276  60.00
contig_11993:174543-174709.bam
1862 1843  98.00
contig_11993:26126-26326.bam
5980 5960  99.00
contig_11993:57211-57470.bam
3011 2995  99.00
contig_12005:158957-159334.bam
3421 3391  99.00
contig_12005:61575-61753.bam
578 559  96.00
contig_12005:683857-684093.bam
1794 1770  98.00
contig_12005:896874-896943.bam
4894 4875  99.00
contig_12019:468473-468773.bam
4287 4246  99.00
contig_12025:46805-47008.bam
1219 1198  98.00
contig_12031:8044-8253.bam
1255 1238  98.00
contig_12044:131318-131481.bam
4232 4197  99.00
contig_12044:343753-344128.bam
4717 4684  99.00
contig_12055:156954-157332.bam
2301 1204  52.00
contig_12069:69702-70094.bam
3618 3595  99.00
contig_12113:376662-376827.bam
263 133  50.00
contig_12113:377133-377305.bam
2700 2683  99.00
contig_12138:272511-272602.bam
4370 4354  99.00
contig_12286:284091-284209.bam
5906 5879  99.00
contig_12296:1302563-1302688.bam
5186 5142  99.00
contig_12340:1140218-1140544.bam
2020 1999  98.00
contig_12345:273474-273733.bam
6593 6543  99.00
contig_12350:228586-228815.bam
3253 3221  99.00
contig_12350:468392-468617.bam
3039 3018  99.00
contig_12360:1276780-1277471.bam
548 525  95.00
contig_12401:71305-71566.bam
5690 5675  99.00
contig_12470:575819-576014.bam
6309 6279  99.00
contig_12477:233115-233363.bam
3507 3484  99.00
contig_12493:167519-167680.bam
239 177  74.00
contig_12493:245927-246160.bam
4475 4380  97.00
contig_12501:69199-69453.bam
3618 3600  99.00
contig_12507:648598-648731.bam
6598 6571  99.00
contig_12507:763397-763598.bam
3673 3659  99.00
contig_12533:254055-254411.bam
5246 5229  99.00
contig_12533:330646-330894.bam
6206 6187  99.00
contig_12533:332235-332492.bam
1735 1706  98.00
contig_12541:93128-93216.bam
6270 6246  99.00
contig_12561:114207-114502.bam
4691 4676  99.00
contig_12593:288362-288791.bam
33 19  57.00
contig_12609:33671-33826.bam
3802 3790  99.00
contig_12631:496162-496459.bam
3530 3514  99.00
contig_12631:98150-98632.bam
3635 3601  99.00
contig_12646:47956-48108.bam
4390 4372  99.00
contig_12663:111281-111546.bam
6073 6045  99.00
contig_12688:93931-94209.bam
1746 1727  98.00
contig_12703:5128-5220.bam
4726 4709  99.00
contig_12719:127923-128363.bam
1679 1623  96.00
contig_12723:1114182-1114342.bam
502 475  94.00
contig_12723:586556-586629.bam
6713 6685  99.00
contig_12723:634997-635355.bam
6327 6303  99.00
contig_12750:49527-49953.bam
113 99  87.00
contig_12757:15327-15567.bam
1993 1978  99.00
contig_12757:92240-92486.bam
5872 5854  99.00
contig_12761:172767-173291.bam
2416 2394  99.00
contig_12766:292497-292608.bam
123 62  50.00
contig_12801_part1:146290-146382.bam
491 475  96.00
contig_12801_part1:207726-207939.bam
9933 9920  99.00
contig_12801_part1:357147-357650.bam
6632 6617  99.00
contig_12801_part1:366498-366932.bam
92 75  81.00
contig_12839:1624244-1624325.bam
6610 6602  99.00
contig_12839:1735421-1735765.bam
6051 6027  99.00
contig_12839:2163632-2163917.bam
4962 4931  99.00
contig_12839:461601-461815.bam
1641 1623  98.00
contig_12839:648572-648699.bam
9685 9667  99.00
contig_12845:50630-50908.bam
1123 1083  96.00
contig_12845:84583-84691.bam
4586 4565  99.00
contig_12848:301329-301555.bam
492 339  68.00
contig_12893:183450-183624.bam
3009 2989  99.00
contig_12903:225298-225746.bam
6343 6084  95.00
contig_12940:49765-49955.bam
4854 4837  99.00
contig_12944:493028-493233.bam
3328 3303  99.00
contig_12965:228531-229121.bam
2342 2260  96.00
contig_12969:203813-203911.bam
6441 6350  98.00
contig_12999:139271-139481.bam
1848 1836  99.00
contig_13007:673909-674118.bam
6323 6305  99.00
contig_13007:858550-858689.bam
2802 2784  99.00
contig_13008:107943-108253.bam
140 120  85.00
contig_13032:218503-218564.bam
1279 1263  98.00
contig_13067:273616-274023.bam
7094 7078  99.00
contig_13071:1066873-1067208.bam
6274 6245  99.00
contig_13071:388374-388655.bam
4671 4654  99.00
contig_13071:760332-760430.bam
257 238  92.00
contig_13071:866444-866688.bam
3942 3912  99.00
contig_13085:10954-11095.bam
6186 6167  99.00
contig_13165:5310-5693.bam
7882 7854  99.00
contig_13166:116802-116973.bam
622 602  96.00
contig_13187:538051-538398.bam
5350 5285  98.00
contig_13215:23136-23553.bam
3936 3895  98.00
contig_13215:358011-358219.bam
115 94  81.00
contig_13215:84047-84114.bam
5804 5787  99.00
contig_13221:56930-57145.bam
3411 3333  97.00
contig_13249:102204-102285.bam
3516 3490  99.00
contig_13279:29291-29389.bam
379 368  97.00
contig_13279:42592-42819.bam
4675 4655  99.00
contig_13303:142211-142403.bam
277 263  94.00
contig_13315:18621-18765.bam
6888 6862  99.00
contig_13341:25762-26355.bam
4643 4615  99.00
contig_13341:463317-463384.bam
7405 7377  99.00
contig_13378:49997-50652.bam
4592 4578  99.00
contig_13432:45173-45429.bam
3542 3516  99.00
contig_13469:37139-37294.bam
387 366  94.00
contig_13469:604075-604176.bam
4284 4259  99.00
contig_13486:58668-58895.bam
7203 7187  99.00
contig_13489:245034-245209.bam
230 211  91.00
contig_13524:303277-303396.bam
1175 1156  98.00
contig_13597:129639-129802.bam
3489 3420  98.00
contig_13597:23487-23606.bam
3805 3777  99.00
contig_13597:614096-614250.bam
3849 3823  99.00
contig_13597:635433-635680.bam
4311 4298  99.00
contig_13597:719606-719921.bam
11947 11926  99.00
contig_13597:854916-855956.bam
2972 2946  99.00
contig_13634:229968-230139.bam
600 570  95.00
contig_13639:70115-70296.bam
4262 4241  99.00
contig_13650:29464-29696.bam
3060 3033  99.00
contig_13660:13836-13947.bam
7349 7335  99.00
contig_13712:294911-295223.bam
4559 4545  99.00
contig_13712:597345-597703.bam
9755 9741  99.00
contig_13712:613139-613632.bam
9050 9032  99.00
contig_13712:641788-642077.bam
1535 1525  99.00
contig_13713:24414-24833.bam
4650 4623  99.00
contig_13738:778909-779138.bam
6721 6700  99.00
contig_13784:30740-31017.bam
5145 5110  99.00
contig_13868:5202-5470.bam
3478 3458  99.00
contig_13888:250241-250418.bam
16590 16574  99.00
contig_13894:1575119-1575664.bam
5600 5573  99.00
contig_13894:1800292-1800607.bam
4211 4186  99.00
contig_13894:432080-432212.bam
6294 6272  99.00
contig_13898:13556-13931.bam
4343 4296  98.00
contig_13898:8890-9275.bam
2478 2455  99.00
contig_1389:1079402-1079555.bam
3798 3774  99.00
contig_1389:1371224-1371409.bam
6005 5973  99.00
contig_1389:253400-253558.bam
6554 6519  99.00
contig_1389:2678482-2678809.bam
5541 5514  99.00
contig_1389:2759737-2759924.bam
112 94  83.00
contig_1389:612926-613035.bam
2011 1984  98.00
contig_13900:628654-628876.bam
2919 2887  98.00
contig_13900:95878-95942.bam
3082 3012  97.00
contig_13905:5557-5632.bam
6284 6274  99.00
contig_13906:82656-82894.bam
1041 1022  98.00
contig_13913:27228-27775.bam
57 31  54.00
contig_13929:7115-7265.bam
3738 3718  99.00
contig_13929:79685-79850.bam
5228 5185  99.00
contig_1398:483457-483680.bam
6756 6737  99.00
contig_139:204102-204524.bam
6646 6550  98.00
contig_14000:927862-928015.bam
5562 5536  99.00
contig_14045:744262-744320.bam
6075 6057  99.00
contig_14045:773852-774207.bam
7996 7979  99.00
contig_14085:115250-115694.bam
4578 4559  99.00
contig_14085:91195-91334.bam
3506 3479  99.00
contig_1409:79181-79262.bam
6571 6418  97.00
contig_14130:620520-620673.bam
6300 6261  99.00
contig_14145:318300-318470.bam
206 173  83.00
contig_14145:444895-445025.bam
4260 4249  99.00
contig_14199:155492-156003.bam
5640 5612  99.00
contig_14202:27081-27478.bam
6088 6033  99.00
contig_1421:208596-208881.bam
5107 5095  99.00
contig_14222:7905-8102.bam
4407 4379  99.00
contig_14258:485523-485786.bam
8487 8461  99.00
contig_1426:280454-280718.bam
451 431  95.00
contig_1426:57845-58051.bam
38 22  57.00
contig_14273:1888782-1888932.bam
6086 6066  99.00
contig_14273:207437-207609.bam
3482 3466  99.00
contig_14273:2634155-2634378.bam
3989 3961  99.00
contig_14273:2676363-2676579.bam
2399 2380  99.00
contig_14273:2788887-2789058.bam
2172 2139  98.00
contig_14273:302668-302854.bam
6534 6488  99.00
contig_14278:45742-45949.bam
48 28  58.00
contig_14283:239576-239651.bam
6035 5994  99.00
contig_14283:36750-36976.bam
5745 5733  99.00
contig_14295:395987-396179.bam
4051 4027  99.00
contig_14340:152596-152690.bam
5111 5064  99.00
contig_14340:152959-153154.bam
4220 4157  98.00
contig_14340:55117-55322.bam
385 311  80.00
contig_1434:170061-170336.bam
12982 12965  99.00
contig_14360:446934-447321.bam
5733 5569  97.00
contig_14373:136131-136313.bam
1958 1929  98.00
contig_14373:327694-327755.bam
3260 3229  99.00
contig_14373:72836-73025.bam
3547 3525  99.00
contig_14420:225092-226049.bam
3992 3973  99.00
contig_14425:926823-926896.bam
3676 3660  99.00
contig_14430:594207-594550.bam
6005 5921  98.00
contig_14446:128397-128635.bam
2274 2258  99.00
contig_14446:50454-50733.bam
2449 2424  98.00
contig_1444:77982-78187.bam
278 264  94.00
contig_1448:118216-118301.bam
4231 4205  99.00
contig_1448:252730-252920.bam
288 168  58.00
contig_1448:998502-998635.bam
5029 5008  99.00
contig_14520:288239-288346.bam
5002 4984  99.00
contig_14520:535197-535402.bam
7492 7472  99.00
contig_14550:201648-202049.bam
5698 5659  99.00
contig_14550:288883-289132.bam
10214 10202  99.00
contig_14553:47481-47867.bam
7575 7559  99.00
contig_1456:93879-94121.bam
1097 1083  98.00
contig_1457:85803-86081.bam
192 167  86.00
contig_14614:13387-13491.bam
677 656  96.00
contig_14614:2863653-2863852.bam
6554 6523  99.00
contig_14649:535089-535359.bam
4791 4761  99.00
contig_1468:523982-524164.bam
5839 5778  98.00
contig_14692:611380-611655.bam
431 420  97.00
contig_14692:707474-707670.bam
590 406  68.00
contig_14700:52134-52361.bam
6966 6955  99.00
contig_14700:556712-556927.bam
6575 6551  99.00
contig_14715:290687-290959.bam
352 319  90.00
contig_14715:35711-35863.bam
58 32  55.00
contig_14715:38219-38361.bam
371 339  91.00
contig_14715:554575-554724.bam
8212 8191  99.00
contig_14715:663985-664172.bam
3989 3900  97.00
contig_1474:1214785-1214999.bam
7091 7000  98.00
contig_1474:983282-983565.bam
2679 2658  99.00
contig_14762:496775-496846.bam
1459 1433  98.00
contig_14785:55841-55951.bam
5516 5494  99.00
contig_14804:228067-228340.bam
10928 10907  99.00
contig_14815:549833-550165.bam
2341 2322  99.00
contig_14815:673265-673701.bam
288 276  95.00
contig_14824:254978-255047.bam
5303 5266  99.00
contig_14824:261793-262091.bam
6517 6492  99.00
contig_14824:334049-334284.bam
4771 4748  99.00
contig_14824:515809-515916.bam
4327 4306  99.00
contig_14826:16987-17247.bam
259 239  92.00
contig_14837:296340-296404.bam
4338 4311  99.00
contig_14837:380119-380314.bam
2981 2961  99.00
contig_14907:71902-71996.bam
276 248  89.00
contig_14908:308490-308600.bam
93 82  88.00
contig_1490:276912-277030.bam
3574 3539  99.00
contig_1490:52579-52695.bam
3973 3954  99.00
contig_14916:567380-567787.bam
218 206  94.00
contig_14916:94344-94414.bam
3412 3385  99.00
contig_14934:296649-296970.bam
6329 6304  99.00
contig_14949:167520-167685.bam
5261 5223  99.00
contig_14949:601426-601809.bam
1079 1062  98.00
contig_1494:469738-469889.bam
3921 3894  99.00
contig_14961:111963-112305.bam
8698 8674  99.00
contig_14992:111747-112171.bam
471 445  94.00
contig_14992:415663-415778.bam
548 526  95.00
contig_14992:557022-557168.bam
278 261  93.00
contig_1502:5207080-5207173.bam
5043 5008  99.00
contig_1502:5523179-5523330.bam
5516 5482  99.00
contig_15033:216428-216611.bam
4833 4807  99.00
contig_15033:240540-240612.bam
4486 4453  99.00
contig_15033:257161-257278.bam
634 604  95.00
contig_15040:127792-128020.bam
485 247  50.00
contig_15045:27502-27672.bam
5583 5557  99.00
contig_15045:558007-558238.bam
966 936  96.00
contig_15065:19604-19772.bam
443 425  95.00
contig_15065:32837-32984.bam
477 452  94.00
contig_15075:259282-259498.bam
4765 4743  99.00
contig_15075:274340-274632.bam
135 106  78.00
contig_15075:380816-380868.bam
222 199  89.00
contig_15075:425241-425361.bam
171 151  88.00
contig_15093:1345587-1345675.bam
1274 1208  94.00
contig_15098:316572-316683.bam
446 426  95.00
contig_15118:73264-73678.bam
3575 3540  99.00
contig_1514:1491242-1491410.bam
5031 5002  99.00
contig_1514:1631971-1632152.bam
11075 11058  99.00
contig_1514:193912-194280.bam
366 348  95.00
contig_1514:234559-234823.bam
4096 4083  99.00
contig_1514:47054-47186.bam
1441 1424  98.00
contig_1514:638429-638736.bam
10711 10688  99.00
contig_1514:855035-855496.bam
6062 5950  98.00
contig_1514:972079-972296.bam
6669 6474  97.00
contig_15180:257804-258195.bam
7696 7683  99.00
contig_15180:341711-341905.bam
2242 2216  98.00
contig_15182:200918-201197.bam
93 63  67.00
contig_15253:2790646-2790780.bam
4521 4503  99.00
contig_15253:3497713-3497843.bam
630 601  95.00
contig_15253:4023105-4023270.bam
4097 4082  99.00
contig_15272:33223-33520.bam
406 377  92.00
contig_15313:230485-230633.bam
340 199  58.00
contig_15313:245299-245479.bam
6820 6805  99.00
contig_15313:502654-502947.bam
4215 4200  99.00
contig_15319:23579-23791.bam
5122 5029  98.00
contig_15354:1327284-1327661.bam
7939 7918  99.00
contig_15354:1327953-1328477.bam
89 61  68.00
contig_15359:119687-119823.bam
315 296  93.00
contig_15373:518197-518350.bam
797 477  59.00
contig_1546:1170667-1170836.bam
5531 5490  99.00
contig_1546:1470038-1470323.bam
4358 4329  99.00
contig_1546:376191-376385.bam
6072 5954  98.00
contig_1546:738556-738799.bam
3624 3598  99.00
contig_15476:415196-415494.bam
6053 6035  99.00
contig_15491:111350-111522.bam
2413 2393  99.00
contig_1550:318119-318294.bam
5624 5597  99.00
contig_15558:109553-109826.bam
5432 5400  99.00
contig_15565:237815-237968.bam
902 879  97.00
contig_15594:260063-260229.bam
4186 4095  97.00
contig_15594:652379-652498.bam
5357 5326  99.00
contig_15594:94138-94428.bam
6331 6286  99.00
contig_15594:943168-943456.bam
213 197  92.00
contig_15612:389620-389696.bam
6368 6327  99.00
contig_15612:427938-428096.bam
8088 8075  99.00
contig_15612:98085-98298.bam
7363 7349  99.00
contig_15667:39782-40048.bam
4163 4140  99.00
contig_15667:69476-69679.bam
6137 6109  99.00
contig_15672:934253-934395.bam
6572 6550  99.00
contig_15758:26670-27330.bam
473 449  94.00
contig_15782:268509-268620.bam
7152 7127  99.00
contig_15819:418659-419157.bam
2620 2606  99.00
contig_15819:487420-487653.bam
6332 6269  99.00
contig_15819:876492-876898.bam
4576 4537  99.00
contig_1581:152759-152966.bam
4465 4377  98.00
contig_1581:268753-268972.bam
6521 6504  99.00
contig_1581:28647-29018.bam
1048 1022  97.00
contig_15850:142285-142530.bam
7215 7196  99.00
contig_15850:305840-305961.bam
9369 9350  99.00
contig_15863:362088-362441.bam
251 232  92.00
contig_15874:81287-81349.bam
3926 3900  99.00
contig_1589:1656479-1656709.bam
5158 5131  99.00
contig_1589:2114493-2114670.bam
59 47  79.00
contig_1589:2220129-2220302.bam
377 344  91.00
contig_1589:2240977-2241096.bam
5481 5452  99.00
contig_1589:2851297-2851409.bam
4297 4259  99.00
contig_1589:336939-337057.bam
3963 3939  99.00
contig_1589:835621-835866.bam
1670 1656  99.00
contig_15902:434961-435048.bam
5407 5336  98.00
contig_15922:513603-513751.bam
664 638  96.00
contig_1595:117242-117382.bam
4073 4055  99.00
contig_1595:204454-204730.bam
2688 2678  99.00
contig_15962:108711-109083.bam
3435 3414  99.00
contig_15969:342336-342492.bam
6010 5992  99.00
contig_15978:866575-866836.bam
3971 3933  99.00
contig_15997:84151-84464.bam
2892 2858  98.00
contig_16009:393768-393845.bam
149 124  83.00
contig_1601:1921801-1921869.bam
925 909  98.00
contig_16041:725006-725306.bam
4187 4141  98.00
contig_16045:254586-254712.bam
667 645  96.00
contig_16045:284512-284673.bam
1814 1776  97.00
contig_16045:423247-423383.bam
4817 4796  99.00
contig_16063:128800-128951.bam
3536 3518  99.00
contig_1606:356247-356732.bam
1004 992  98.00
contig_16106:209253-209591.bam
6551 6537  99.00
contig_16110:42361-42663.bam
3249 3225  99.00
contig_16110:534587-534820.bam
10633 10601  99.00
contig_16114:106689-107035.bam
7420 7402  99.00
contig_16114:21640-21973.bam
3037 3024  99.00
contig_16114:83759-84143.bam
484 470  97.00
contig_16115:37398-37509.bam
4943 4903  99.00
contig_16126:76068-76267.bam
11192 11172  99.00
contig_16127:154932-155462.bam
8556 8535  99.00
contig_16127:71752-72238.bam
115 101  87.00
contig_16144:275481-275773.bam
8320 8300  99.00
contig_16244:231365-231915.bam
5519 5498  99.00
contig_16244:327637-327844.bam
4672 4605  98.00
contig_16251:33469-33757.bam
12161 12148  99.00
contig_16254:120106-120568.bam
6299 6277  99.00
contig_16254:181386-181771.bam
3872 3828  98.00
contig_16258:8389-8478.bam
5234 5207  99.00
contig_16279:66272-66511.bam
4456 4380  98.00
contig_16315:1339604-1339711.bam
121 91  75.00
contig_16315:1390794-1390859.bam
6053 6035  99.00
contig_16353:229248-229413.bam
4311 4198  97.00
contig_16399:426072-426152.bam
4152 4117  99.00
contig_16399:595853-595967.bam
58 35  60.00
contig_16401:31383-31464.bam
7533 7513  99.00
contig_16421:181522-182016.bam
2972 2945  99.00
contig_16421:1817-1952.bam
368 227  61.00
contig_16421:266385-266553.bam
969 622  64.00
contig_1645:415468-415749.bam
2558 2535  99.00
contig_16474:550762-551132.bam
3451 3436  99.00
contig_16474:886663-886782.bam
6223 6164  99.00
contig_16491:95410-95768.bam
5545 5486  98.00
contig_16521:91222-91438.bam
5621 5596  99.00
contig_1652:1071258-1071483.bam
3843 3826  99.00
contig_1652:1540358-1540487.bam
3438 3405  99.00
contig_1652:199443-199816.bam
5039 5024  99.00
contig_16613:428233-428484.bam
12575 12560  99.00
contig_16661:1393254-1393607.bam
7003 6990  99.00
contig_16661:2148780-2149226.bam
7233 7220  99.00
contig_16671:142537-142933.bam
2716 2691  99.00
contig_16671:22043-22431.bam
6353 6332  99.00
contig_16671:335011-335345.bam
2313 2286  98.00
contig_16671:365444-365644.bam
3720 3700  99.00
contig_16700:153431-153614.bam
3736 3724  99.00
contig_16700:37535-37988.bam
6492 6478  99.00
contig_16718:282073-282271.bam
973 943  96.00
contig_1671:1168654-1168772.bam
4826 4807  99.00
contig_16724:984143-984309.bam
3265 3229  98.00
contig_16740:176478-176713.bam
6132 6085  99.00
contig_16740:566301-566487.bam
3220 3189  99.00
contig_16762:7514-7838.bam
5277 5264  99.00
contig_16766:141858-142148.bam
3895 3870  99.00
contig_16766:158591-158715.bam
5797 5774  99.00
contig_16777:1162226-1162402.bam
11239 11216  99.00
contig_16777:185827-186192.bam
1036 1003  96.00
contig_1681:1381283-1381355.bam
343 328  95.00
contig_16827:171182-171297.bam
477 458  96.00
contig_16827:17839-18024.bam
175 127  72.00
contig_16827:207644-207804.bam
4261 4234  99.00
contig_16861:51897-51993.bam
4699 4682  99.00
contig_16900:692364-692705.bam
6034 6019  99.00
contig_1691:249305-249612.bam
113 96  84.00
contig_16945:895320-895592.bam
175 162  92.00
contig_16972:113135-113324.bam
1052 1041  98.00
contig_16982:42106-42515.bam
2352 2337  99.00
contig_16988:2449-2679.bam
5827 5798  99.00
contig_16988:245475-245631.bam
2751 2735  99.00
contig_16988:37865-38098.bam
8426 8405  99.00
contig_16993:231421-231904.bam
4946 4938  99.00
contig_17003:56714-57149.bam
4585 4573  99.00
contig_17003:57986-58112.bam
6637 6612  99.00
contig_17018:344683-344874.bam
1148 1120  97.00
contig_17018:661193-661273.bam
5705 5680  99.00
contig_17024:58872-59200.bam
94 71  75.00
contig_1704:619118-619188.bam
4169 4141  99.00
contig_1704:927596-927764.bam
4753 4714  99.00
contig_17065:535052-535244.bam
1807 1797  99.00
contig_17065:600960-601106.bam
4199 4180  99.00
contig_17065:7145-7477.bam
4355 4345  99.00
contig_1708:145532-145734.bam
3303 3281  99.00
contig_1708:150933-151095.bam
6257 6239  99.00
contig_17191:49483-50121.bam
5950 5932  99.00
contig_17191:524840-525153.bam
6045 6014  99.00
contig_17239:1064483-1064782.bam
4202 4107  97.00
contig_17239:142201-142601.bam
21457 21435  99.00
contig_17239:344232-344926.bam
366 305  83.00
contig_17239:644985-645213.bam
3601 3567  99.00
contig_17254:646175-646467.bam
3977 3951  99.00
contig_17282:1454440-1454624.bam
7998 7972  99.00
contig_17282:1621036-1621282.bam
278 247  88.00
contig_17295:661411-661484.bam
4048 3983  98.00
contig_172:350081-350322.bam
6393 6370  99.00
contig_172:54432-54829.bam
4732 4716  99.00
contig_17337:575790-575881.bam
2774 2737  98.00
contig_17337:600943-601071.bam
3595 3577  99.00
contig_17337:613627-613763.bam
6831 6802  99.00
contig_17337:93494-93637.bam
1070 567  52.00
contig_17347:10507-10637.bam
6746 6729  99.00
contig_17358:452394-452716.bam
11044 11027  99.00
contig_17377:128398-129081.bam
1675 1655  98.00
contig_1740:98984-99296.bam
3953 3899  98.00
contig_1748:59643-59785.bam
12748 12720  99.00
contig_17520:54018-54475.bam
154 101  65.00
contig_17535:329502-329623.bam
3971 3923  98.00
contig_17535:378285-378473.bam
3333 3311  99.00
contig_17535:394952-395402.bam
1124 802  71.00
contig_17545:77100-77174.bam
3590 3573  99.00
contig_17553:848911-849117.bam
1620 1572  97.00
contig_17553:969218-969377.bam
3605 3521  97.00
contig_17557:63999-64137.bam
262 244  93.00
contig_17579_part1:367174-367330.bam
4262 4241  99.00
contig_17594:77711-78031.bam
3844 3813  99.00
contig_1759:1064079-1064346.bam
2308 2289  99.00
contig_1759:783653-783816.bam
4505 4467  99.00
contig_17614:5099-5462.bam
99 62  62.00
contig_17614:55844-55933.bam
3822 3798  99.00
contig_17622:12361-12425.bam
115 88  76.00
contig_17652:439358-439645.bam
342 330  96.00
contig_17652:464510-464666.bam
5580 5566  99.00
contig_17662:384287-384577.bam
5704 5673  99.00
contig_1766:147817-147981.bam
2380 2368  99.00
contig_17700:243271-243360.bam
1224 1203  98.00
contig_17700:859156-859226.bam
3710 3693  99.00
contig_17709:300506-300685.bam
4460 4431  99.00
contig_17709:909532-909618.bam
5953 3619  60.00
contig_17728:89411-89514.bam
4498 4463  99.00
contig_17748:139337-139411.bam
1477 1453  98.00
contig_17772:106721-106921.bam
6701 6619  98.00
contig_17838:105740-106062.bam
3701 3658  98.00
contig_17838:12467-12659.bam
3723 3687  99.00
contig_17847:176461-176537.bam
439 367  83.00
contig_17904:46194-46277.bam
11973 11953  99.00
contig_17911:1017173-1017794.bam
1116 1092  97.00
contig_17911:1123205-1123401.bam
1335 1318  98.00
contig_17911:1212289-1212449.bam
5133 5119  99.00
contig_17911:1403409-1403819.bam
3237 3218  99.00
contig_17911:1457804-1457977.bam
5115 5088  99.00
contig_17911:512496-512748.bam
1461 1435  98.00
contig_17911:800480-800564.bam
5903 5884  99.00
contig_17926:140418-140952.bam
3454 3433  99.00
contig_17955:47122-47197.bam
3817 3799  99.00
contig_17972:562375-562672.bam
142 121  85.00
contig_17972:822355-822530.bam
1613 1595  98.00
contig_18023:183296-183445.bam
4485 4451  99.00
contig_18052:133463-133585.bam
30 17  56.00
contig_18052:188758-188905.bam
5369 5352  99.00
contig_18052:395293-395596.bam
3665 3630  99.00
contig_18059:2208468-2208556.bam
3742 3707  99.00
contig_1806:31229-31333.bam
4263 4214  98.00
contig_18089:93202-93359.bam
7678 7652  99.00
contig_18092:37959-38328.bam
225 209  92.00
contig_18106:165057-165257.bam
3848 3834  99.00
contig_18106:364541-364693.bam
1580 1561  98.00
contig_18106:395575-395880.bam
3841 3799  98.00
contig_18166:209872-210037.bam
6566 6511  99.00
contig_18166:294943-295242.bam
8844 8824  99.00
contig_18166:552288-552828.bam
32 19  59.00
contig_18166:6397-6615.bam
4121 4105  99.00
contig_18231:21631-21880.bam
6456 6434  99.00
contig_18231:384155-384517.bam
578 547  94.00
contig_18240:23265-23369.bam
6237 6214  99.00
contig_18240:30610-30731.bam
431 283  65.00
contig_18240:406650-406877.bam
5183 5120  98.00
contig_18240:76453-76681.bam
687 657  95.00
contig_1824:11814-11893.bam
3754 3722  99.00
contig_18251:194564-194795.bam
5086 5069  99.00
contig_18286:437873-438225.bam
4870 4851  99.00
contig_18286:698755-699023.bam
5767 5750  99.00
contig_18294:57163-57421.bam
1738 1713  98.00
contig_18295:58927-59063.bam
1423 1408  98.00
contig_18384:3490-3700.bam
5612 5590  99.00
contig_18384:46388-46751.bam
957 937  97.00
contig_18448:150072-150267.bam
3574 3525  98.00
contig_1854:849157-849236.bam
3315 3283  99.00
contig_1865:334842-334990.bam
5540 5516  99.00
contig_18660:24665-24748.bam
6194 6159  99.00
contig_18660:27990-28377.bam
3480 3453  99.00
contig_18708:29692-29846.bam
265 243  91.00
contig_18810:208669-208903.bam
6495 6467  99.00
contig_18813:102221-102421.bam
2876 2856  99.00
contig_18818:76249-76432.bam
4760 4699  98.00
contig_1886:160545-160771.bam
7032 6581  93.00
contig_18890:132983-133539.bam
3190 3171  99.00
contig_18890:1417667-1417726.bam
4416 4397  99.00
contig_18890:438523-438625.bam
5958 5911  99.00
contig_18904:109152-109420.bam
9308 9295  99.00
contig_1893:262997-263440.bam
3675 3657  99.00
contig_1893:352965-353091.bam
389 377  96.00
contig_1893:440029-440221.bam
5213 5188  99.00
contig_1893:630465-630586.bam
2994 2976  99.00
contig_18960:37704-38016.bam
266 248  93.00
contig_18983:4947-5107.bam
2733 2694  98.00
contig_19007:29984-30059.bam
460 432  93.00
contig_19010:1395480-1395595.bam
4395 4384  99.00
contig_19010:188478-188671.bam
34 19  55.00
contig_19010:193497-193669.bam
5910 5885  99.00
contig_19010:203861-204052.bam
12208 12191  99.00
contig_19010:206379-206776.bam
126 79  62.00
contig_19010:367937-368089.bam
7141 7124  99.00
contig_19010:606940-607371.bam
4240 4226  99.00
contig_19010:707706-708066.bam
3731 3695  99.00
contig_19051:48572-48806.bam
126 81  64.00
contig_19051:88191-88351.bam
340 196  57.00
contig_19101:231095-231272.bam
6834 6810  99.00
contig_19106:8803-9145.bam
2791 2768  99.00
contig_19119:946205-946579.bam
4729 4712  99.00
contig_19179:225090-225248.bam
7839 7814  99.00
contig_19179:271901-272193.bam
139 104  74.00
contig_1917:428483-428539.bam
45 28  62.00
contig_19184:237357-237436.bam
8511 8496  99.00
contig_1920:391460-391868.bam
1674 1653  98.00
contig_19232:211145-211210.bam
1040 1014  97.00
contig_19232:322699-322797.bam
4538 4203  92.00
contig_19232:745077-745322.bam
1852 1828  98.00
contig_19298:138292-138414.bam
3839 3815  99.00
contig_19372:907737-907903.bam
4593 4570  99.00
contig_19379:136046-136476.bam
5133 5110  99.00
contig_1939:1915313-1915520.bam
663 642  96.00
contig_1939:2008485-2008683.bam
748 737  98.00
contig_1939:523156-523410.bam
17738 17724  99.00
contig_19412:201403-201865.bam
575 551  95.00
contig_19412:324786-325016.bam
2702 2681  99.00
contig_19412:503060-503211.bam
3405 3388  99.00
contig_19412:787608-787713.bam
3054 3038  99.00
contig_19438:157070-157275.bam
937 912  97.00
contig_19438:199010-199162.bam
3418 3397  99.00
contig_19472:25944-26002.bam
91 67  73.00
contig_19509:29804-29941.bam
9052 9035  99.00
contig_19531:154811-155080.bam
471 411  87.00
contig_19534:63569-63923.bam
2807 2780  99.00
contig_19535:27381-27549.bam
4923 4880  99.00
contig_1957:1156949-1157133.bam
99 69  69.00
contig_1957:702926-703071.bam
3822 3771  98.00
contig_19586:233670-233819.bam
3818 3784  99.00
contig_19586:256135-256283.bam
3625 3609  99.00
contig_19586:342502-342962.bam
391 362  92.00
contig_19611:116059-116208.bam
5320 5298  99.00
contig_19628:1160798-1161025.bam
4444 4413  99.00
contig_19650:47086-47157.bam
4974 4946  99.00
contig_19650:6353-6450.bam
1260 1238  98.00
contig_19653:14807-14954.bam
1369 1350  98.00
contig_19653:24375-24520.bam
645 630  97.00
contig_19653:305788-305938.bam
96 73  76.00
contig_19685:237122-237441.bam
4079 4061  99.00
contig_19690:247487-247593.bam
1091 1018  93.00
contig_19690:367256-367369.bam
4588 4552  99.00
contig_19755:109818-110204.bam
6214 6132  98.00
contig_19755:84098-84357.bam
589 511  86.00
contig_19758:15211-15320.bam
3834 3787  98.00
contig_19979:934584-935143.bam
3310 3267  98.00
contig_19996:1207252-1207438.bam
11182 11163  99.00
contig_19996:769434-769957.bam
5015 4984  99.00
contig_20001:150450-150627.bam
6401 6378  99.00
contig_20070:207155-207319.bam
4452 4429  99.00
contig_20070:257901-258136.bam
4213 4197  99.00
contig_20114:157537-157809.bam
333 266  79.00
contig_20114:525017-525145.bam
3827 3809  99.00
contig_20126:1039753-1039917.bam
1506 1492  99.00
contig_20126:350568-350873.bam
4279 4258  99.00
contig_20126:597843-598545.bam
9079 9056  99.00
contig_20126:854802-855154.bam
4384 4355  99.00
contig_20126:902575-902667.bam
5700 5685  99.00
contig_20200:1049235-1049363.bam
230 153  66.00
contig_20200:1219320-1219444.bam
4155 4122  99.00
contig_20200:1245416-1245633.bam
5616 5559  98.00
contig_20252:616488-616736.bam
4322 4249  98.00
contig_20252:852815-853040.bam
4053 4033  99.00
contig_20327:48273-48362.bam
550 523  95.00
contig_20336:195549-195700.bam
6770 6739  99.00
contig_20336:57571-58146.bam
6207 6186  99.00
contig_20384:434038-434458.bam
4303 4287  99.00
contig_20384:46407-46602.bam
6245 6210  99.00
contig_20424:477471-477722.bam
2754 2741  99.00
contig_20445:19703-19888.bam
4130 4099  99.00
contig_20466:1134390-1134578.bam
7093 7053  99.00
contig_20491:172777-173362.bam
3956 3935  99.00
contig_20580:10166-10474.bam
4184 4166  99.00
contig_20580:376873-377156.bam
5544 5520  99.00
contig_20580:529248-529308.bam
1527 1507  98.00
contig_20580:623282-623761.bam
5711 5661  99.00
contig_20580:654369-654515.bam
182 160  87.00
contig_20586:40786-40916.bam
4988 4970  99.00
contig_20586:8120-8495.bam
5330 5309  99.00
contig_20654:334684-335054.bam
202 187  92.00
contig_20718:282362-282591.bam
3597 3572  99.00
contig_20718:525612-525841.bam
5578 5533  99.00
contig_20735:348991-349178.bam
3055 3028  99.00
contig_20735:503714-503893.bam
4595 4573  99.00
contig_20738:115581-115991.bam
6643 6597  99.00
contig_20738:129279-129501.bam
4463 4427  99.00
contig_20738:197686-197885.bam
335 318  94.00
contig_20766:116490-116653.bam
4240 4201  99.00
contig_20766:356686-356845.bam
6356 6335  99.00
contig_20766:96605-97016.bam
4363 4338  99.00
contig_20848:134883-135097.bam
5728 5689  99.00
contig_2085:41358-41543.bam
5729 5706  99.00
contig_20959:354913-355364.bam
1504 1477  98.00
contig_20984:1892912-1893109.bam
909 888  97.00
contig_20985:78944-79032.bam
799 784  98.00
contig_21002:582957-583254.bam
5119 5098  99.00
contig_21048:168922-169167.bam
315 270  85.00
contig_21051:18315-18479.bam
4836 4766  98.00
contig_21056:150106-150239.bam
6090 5943  97.00
contig_21057:607804-608193.bam
438 314  71.00
contig_2106:14908-15071.bam
6352 6211  97.00
contig_2106:60505-60735.bam
3652 3640  99.00
contig_2106:83018-83166.bam
6486 6470  99.00
contig_21109:24489-24862.bam
46 23  50.00
contig_21113:112950-113047.bam
615 382  62.00
contig_21177:127819-128018.bam
874 861  98.00
contig_21177:177032-177206.bam
10725 10713  99.00
contig_21177:179829-180145.bam
5150 5026  97.00
contig_21177:272837-273118.bam
4041 4003  99.00
contig_21177:59008-59080.bam
5023 4984  99.00
contig_2120:821707-821892.bam
4482 4458  99.00
contig_2120:878117-878424.bam
6971 6945  99.00
contig_21215:345525-346061.bam
106 86  81.00
contig_21215:448721-448865.bam
412 395  95.00
contig_21220:33596-33698.bam
557 312  56.00
contig_21235:122211-122429.bam
797 782  98.00
contig_21254:128178-128643.bam
3604 3587  99.00
contig_2125:199438-199839.bam
4451 4424  99.00
contig_2125:472454-472630.bam
4417 4394  99.00
contig_21271:125880-126031.bam
5040 5024  99.00
contig_21330:350612-351024.bam
5378 5303  98.00
contig_21330:446439-446558.bam
1164 1147  98.00
contig_21350:11385-11887.bam
449 433  96.00
contig_21379:35308-35536.bam
1321 1278  96.00
contig_2138:3030402-3030488.bam
4393 4063  92.00
contig_21429:303073-303399.bam
264 143  54.00
contig_2143:824836-825080.bam
4498 2569  57.00
contig_21445:78694-79001.bam
1720 1703  99.00
contig_21458:12517-12775.bam
473 454  95.00
contig_2148:1130256-1130434.bam
1532 1508  98.00
contig_2148:303569-303670.bam
3685 3662  99.00
contig_2148:471472-471782.bam
5862 5821  99.00
contig_2148:969640-969766.bam
2037 2020  99.00
contig_21550:47967-48161.bam
5466 5449  99.00
contig_21550:93497-93892.bam
241 224  92.00
contig_21569:159395-159471.bam
2173 2031  93.00
contig_21580:194444-194565.bam
753 727  96.00
contig_21599:105415-105591.bam
91 69  75.00
contig_21599:106178-106331.bam
586 570  97.00
contig_21599:130863-131021.bam
2626 2595  98.00
contig_215:10977-11196.bam
3956 3937  99.00
contig_215:24527-24720.bam
5686 5669  99.00
contig_215:63196-63526.bam
6070 6045  99.00
contig_21605:257579-257811.bam
2665 2638  98.00
contig_21634:567903-567961.bam
4202 4176  99.00
contig_21666:226062-226218.bam
3426 3407  99.00
contig_21683:27455-27665.bam
3334 3292  98.00
contig_21683:84963-85232.bam
6162 6108  99.00
contig_21715:264584-264756.bam
1581 1568  99.00
contig_21749:3898-4213.bam
10018 9999  99.00
contig_21773:296112-296500.bam
4530 4514  99.00
contig_21800:299809-300122.bam
160 140  87.00
contig_21800:91961-92087.bam
1284 1248  97.00
contig_21800:965235-965298.bam
787 773  98.00
contig_21828:384522-384757.bam
3482 3452  99.00
contig_21828:563827-564001.bam
4977 4960  99.00
contig_21828:657104-657548.bam
1339 1326  99.00
contig_21828:70990-71075.bam
8321 8300  99.00
contig_21828:930074-930361.bam
545 529  97.00
contig_21828:984882-985032.bam
11715 11695  99.00
contig_21854:20987-21440.bam
5179 5155  99.00
contig_21854:305780-306167.bam
3870 3829  98.00
contig_21950:1309222-1309315.bam
8466 8452  99.00
contig_22014:137187-137491.bam
3326 3292  98.00
contig_22055:65455-65879.bam
4247 4232  99.00
contig_22085:164844-165014.bam
5758 5670  98.00
contig_22085:165322-165423.bam
4633 4585  98.00
contig_22110:158882-159118.bam
81 60  74.00
contig_22110:67945-68075.bam
4793 4757  99.00
contig_22118:112132-112498.bam
5136 5082  98.00
contig_22134:28547-28650.bam
7928 7905  99.00
contig_22135:129167-129677.bam
5143 5096  99.00
contig_22147:89681-89825.bam
3573 3528  98.00
contig_22189:142907-143035.bam
6327 6290  99.00
contig_22189:417301-417466.bam
6239 6196  99.00
contig_2220_part2:104700-105049.bam
5616 5583  99.00
contig_2220_part2:283283-283603.bam
5724 5644  98.00
contig_22241:425465-425533.bam
3706 3688  99.00
contig_22259:283216-283440.bam
3832 3744  97.00
contig_22259:361726-362134.bam
1355 1330  98.00
contig_22269:706123-706205.bam
1232 1198  97.00
contig_22282:1314254-1314507.bam
4316 4291  99.00
contig_22282:291878-292095.bam
408 391  95.00
contig_22282:788903-788968.bam
5620 5580  99.00
contig_22282:964261-964614.bam
3968 3951  99.00
contig_22311:55118-55336.bam
5429 5395  99.00
contig_22327:115987-116185.bam
5644 5628  99.00
contig_22335:393461-393632.bam
6135 6122  99.00
contig_22335:528093-528332.bam
6067 6055  99.00
contig_22344:233767-234061.bam
4952 4934  99.00
contig_22344:569017-569217.bam
4960 4944  99.00
contig_2237_part2:10703-11242.bam
4602 4546  98.00
contig_2237_part2:1103689-1103835.bam
3435 3406  99.00
contig_2237_part2:132165-132334.bam
5797 5778  99.00
contig_22380:119011-119187.bam
355 338  95.00
contig_22384:117788-117944.bam
2834 2787  98.00
contig_22402:394450-394691.bam
2799 2780  99.00
contig_22481:105008-105362.bam
6807 6793  99.00
contig_22481:520274-520554.bam
121 104  85.00
contig_22516:36490-36572.bam
4811 4793  99.00
contig_22527:301183-301598.bam
2817 1639  58.00
contig_22527:455129-455329.bam
254 145  57.00
contig_22538:13753-13842.bam
3204 3161  98.00
contig_22558:164201-164382.bam
5171 5147  99.00
contig_22608:240820-241028.bam
768 724  94.00
contig_22620:293598-293791.bam
3787 3727  98.00
contig_22620:699267-699451.bam
6104 5913  96.00
contig_22622:31925-32080.bam
1122 964  85.00
contig_22622:32350-32495.bam
266 240  90.00
contig_22623:125762-125873.bam
2821 2793  99.00
contig_22647:115210-115371.bam
3200 3166  98.00
contig_22647:314207-314580.bam
8973 8953  99.00
contig_2265:279807-279983.bam
3291 3253  98.00
contig_2265:453750-453940.bam
16417 16403  99.00
contig_22693:35881-36353.bam
7222 7199  99.00
contig_22709:324041-324514.bam
4093 4071  99.00
contig_2270:97419-97778.bam
3871 3847  99.00
contig_22712:685281-685384.bam
4585 4500  98.00
contig_22764:214266-214730.bam
1346 1327  98.00
contig_22764:489925-490158.bam
4151 4132  99.00
contig_22778:423630-423717.bam
3459 3418  98.00
contig_22778:684180-684270.bam
3106 3084  99.00
contig_22785:3204251-3204330.bam
5364 5338  99.00
contig_22785:3912068-3912457.bam
305 188  61.00
contig_2278:371294-371470.bam
3999 3976  99.00
contig_22807:258227-258478.bam
5613 5527  98.00
contig_22824:172220-172408.bam
4334 4309  99.00
contig_22864:42285-42681.bam
6763 6729  99.00
contig_22919:117151-117310.bam
3232 3209  99.00
contig_22919:94495-94836.bam
10278 10248  99.00
contig_22952:300465-300863.bam
99 80  80.00
contig_22996:739642-739820.bam
4236 4185  98.00
contig_23007:52459-52549.bam
6534 6508  99.00
contig_23060:73907-74290.bam
5235 5215  99.00
contig_23143:2350-2462.bam
257 235  91.00
contig_23146:173414-173702.bam
5455 5420  99.00
contig_23146:48372-48599.bam
5294 5085  96.00
contig_23168:167541-167714.bam
3313 3290  99.00
contig_23210:129679-129818.bam
398 385  96.00
contig_23210:1972909-1973038.bam
8581 8562  99.00
contig_23210:2708564-2709219.bam
482 300  62.00
contig_23210:3176261-3176454.bam
5049 5033  99.00
contig_23210:3428543-3428822.bam
4211 4148  98.00
contig_23210:5708110-5708393.bam
305 287  94.00
contig_23210:5855716-5855933.bam
7578 7557  99.00
contig_23210:6101327-6101558.bam
851 830  97.00
contig_23210:6571208-6571370.bam
3285 3263  99.00
contig_23320:549116-549316.bam
794 767  96.00
contig_23320:662726-662880.bam
2440 2427  99.00
contig_23323:247193-247340.bam
923 904  97.00
contig_23346:90079-90341.bam
3300 3280  99.00
contig_23347:113374-113441.bam
6171 6130  99.00
contig_23382:149097-149428.bam
413 390  94.00
contig_23407:1272807-1273011.bam
1771 1750  98.00
contig_23407:910772-910862.bam
6412 6339  98.00
contig_23449:14395-14496.bam
54 41  75.00
contig_23453:101212-101397.bam
4840 4817  99.00
contig_23453:225710-225987.bam
496 482  97.00
contig_23496:63723-63884.bam
6319 6266  99.00
contig_23546:2263200-2263391.bam
190 171  90.00
contig_235:48754-48831.bam
839 798  95.00
contig_23653:160052-160152.bam
4622 4519  97.00
contig_23653:47752-47825.bam
6571 6531  99.00
contig_23679:38175-38366.bam
5046 5022  99.00
contig_2368:255557-255818.bam
5009 4983  99.00
contig_23693:198064-198563.bam
6107 6076  99.00
contig_2378:1058991-1059203.bam
4085 4060  99.00
contig_23840:8956-9128.bam
3963 3921  98.00
contig_23939:180782-181019.bam
299 281  93.00
contig_23939:35232-35425.bam
6785 6764  99.00
contig_23949:19743-20248.bam
5289 5246  99.00
contig_2394:1572147-1572392.bam
4104 4041  98.00
contig_2394:246517-246755.bam
3050 3033  99.00
contig_2394:474503-474628.bam
1325 1305  98.00
contig_23957:86292-86497.bam
5915 5790  97.00
contig_23957:92511-92747.bam
4537 4510  99.00
contig_23989:649435-649590.bam
3713 3692  99.00
contig_24001:99413-99680.bam
6084 6060  99.00
contig_2400:205883-205987.bam
457 441  96.00
contig_2400:944073-944241.bam
567 508  89.00
contig_24062:13691-13801.bam
197 182  92.00
contig_24062:14139-14376.bam
5321 5143  96.00
contig_24063:35610-36079.bam
2850 2833  99.00
contig_24067:5183-5288.bam
1042 1024  98.00
contig_24067:6030-6221.bam
4104 4081  99.00
contig_2407:108518-108838.bam
4322 4281  99.00
contig_2407:1099298-1099571.bam
7000 6986  99.00
contig_2407:210143-210464.bam
210 192  91.00
contig_2412:130737-130820.bam
101 80  79.00
contig_2412:50027-50098.bam
813 789  97.00
contig_24136:170697-170845.bam
1522 1512  99.00
contig_24155:21149-21732.bam
1438 1416  98.00
contig_24163:146644-146830.bam
6395 6382  99.00
contig_24163:231868-232205.bam
6304 6291  99.00
contig_24179:792351-792661.bam
90 76  84.00
contig_2417:210295-210448.bam
690 669  96.00
contig_2417:594950-595237.bam
3232 3198  98.00
contig_24210:162435-162658.bam
893 877  98.00
contig_24210:172598-172801.bam
4295 4280  99.00
contig_24247:648-1089.bam
6280 6261  99.00
contig_2425:938167-938287.bam
98 84  85.00
contig_24260:369762-369955.bam
1318 1291  97.00
contig_24326:1629968-1630136.bam
225 210  93.00
contig_24326:328849-328959.bam
3681 3653  99.00
contig_24326:466775-467055.bam
4317 4294  99.00
contig_24326:554923-555230.bam
4237 4217  99.00
contig_24332:100404-100533.bam
5403 5375  99.00
contig_24356:111392-111515.bam
3681 3650  99.00
contig_2435:264624-264815.bam
285 268  94.00
contig_2435:424353-424421.bam
786 770  97.00
contig_24395:26926-27183.bam
5040 5020  99.00
contig_24395:28177-28669.bam
4721 4678  99.00
contig_2442:22781-22958.bam
6853 6839  99.00
contig_24462:243407-243810.bam
3028 2968  98.00
contig_24462:291963-292111.bam
413 245  59.00
contig_24471:126794-126978.bam
801 773  96.00
contig_24471:16551-16663.bam
3936 3831  97.00
contig_24490:378407-378535.bam
2979 2947  98.00
contig_24490:840510-840600.bam
4615 4582  99.00
contig_2452:3288230-3288451.bam
4897 4829  98.00
contig_24566:276055-276200.bam
9887 9853  99.00
contig_24566:694771-695337.bam
3890 3880  99.00
contig_2456:243316-243458.bam
9425 9406  99.00
contig_24878:196086-196602.bam
6303 6275  99.00
contig_24878:400771-400985.bam
7889 7875  99.00
contig_24878:437061-437735.bam
3958 3938  99.00
contig_24878:587425-587598.bam
5693 5669  99.00
contig_24878:590918-591192.bam
273 260  95.00
contig_24888:422007-422141.bam
3188 3167  99.00
contig_24943:1073822-1073956.bam
4386 4365  99.00
contig_2498:117360-117424.bam
1909 1854  97.00
contig_2498:31172-31246.bam
4520 4501  99.00
contig_25017:136835-137042.bam
5695 5680  99.00
contig_25063:690036-690322.bam
2381 2360  99.00
contig_25088:104313-104665.bam
5076 5052  99.00
contig_25088:79456-79793.bam
3182 3168  99.00
contig_25105:491467-491540.bam
2907 2863  98.00
contig_25148:35363-35516.bam
3365 3345  99.00
contig_25157:115770-116078.bam
12477 12457  99.00
contig_25157:16330-16845.bam
450 250  55.00
contig_25157:571358-571519.bam
429 409  95.00
contig_25186:115258-115405.bam
18547 18523  99.00
contig_2523:2277778-2278424.bam
4720 4628  98.00
contig_2523:7909682-7909918.bam
6268 6242  99.00
contig_2523:7911085-7911552.bam
151 139  92.00
contig_2523:8141718-8141920.bam
775 756  97.00
contig_2523:8591603-8591854.bam
4426 4360  98.00
contig_2523:8645954-8646262.bam
1052 1026  97.00
contig_25269:53171-53321.bam
6403 6314  98.00
contig_25292:58970-59225.bam
12341 12323  99.00
contig_25295:68289-68925.bam
2768 2748  99.00
contig_25295:7835-8004.bam
312 296  94.00
contig_25355:8945-9113.bam
5662 5644  99.00
contig_25363:75377-75601.bam
4152 4115  99.00
contig_25414:18012-18144.bam
5513 5481  99.00
contig_25417:521653-521871.bam
789 774  98.00
contig_25422:29445-29522.bam
6635 6611  99.00
contig_25439:149752-150107.bam
202 180  89.00
contig_25439:49540-49650.bam
6579 6535  99.00
contig_25446:365971-366183.bam
4465 4453  99.00
contig_2547:159752-160075.bam
5172 5146  99.00
contig_2547:467403-467562.bam
2851 2818  98.00
contig_2547:744353-744436.bam
5233 5217  99.00
contig_2549:182422-182758.bam
4457 4447  99.00
contig_25505:18325-18554.bam
4079 4004  98.00
contig_25507:118090-118280.bam
9846 9830  99.00
contig_25507:162722-163415.bam
5937 5904  99.00
contig_25523:18390-18502.bam
648 352  54.00
contig_25593:355246-355480.bam
504 490  97.00
contig_25616:68769-68948.bam
229 203  88.00
contig_25644:1125620-1125672.bam
1442 1403  97.00
contig_25644:61271-61424.bam
164 144  87.00
contig_25644:661668-661764.bam
5083 5051  99.00
contig_2564:1010693-1010771.bam
4772 4750  99.00
contig_25657:257722-257976.bam
6428 6395  99.00
contig_25665:238522-238722.bam
4362 4339  99.00
contig_25665:277880-278071.bam
1216 1199  98.00
contig_25665:494751-495164.bam
4081 4051  99.00
contig_25683:79061-79157.bam
6893 6874  99.00
contig_25693:170787-171047.bam
1734 1685  97.00
contig_2570:448041-448182.bam
4490 4430  98.00
contig_25718:20965-21379.bam
932 683  73.00
contig_2577:1062551-1062726.bam
4828 4809  99.00
contig_2577:771610-771919.bam
2333 2309  98.00
contig_25801:6346-6471.bam
9724 9704  99.00
contig_25808:30017-30412.bam
6552 6425  98.00
contig_25817:6237-6520.bam
5871 5816  99.00
contig_25845:78089-78254.bam
4373 4345  99.00
contig_2584:86065-86276.bam
2002 1970  98.00
contig_2585:370459-370631.bam
5709 5671  99.00
contig_2585:399395-399527.bam
4986 4913  98.00
contig_2586:169841-170242.bam
6220 6166  99.00
contig_2586:233986-234394.bam
2140 2113  98.00
contig_2586:34832-34989.bam
3887 3873  99.00
contig_2593:27191-27412.bam
213 175  82.00
contig_25998:3823-4078.bam
3803 3786  99.00
contig_2606:186876-187121.bam
4442 4326  97.00
contig_26123:133618-134020.bam
3103 3082  99.00
contig_26160:275260-275327.bam
5446 5396  99.00
contig_26160:325888-326040.bam
2071 2049  98.00
contig_26160:429377-429607.bam
5531 5517  99.00
contig_26160:756859-756990.bam
3938 3919  99.00
contig_26160:777445-777756.bam
5701 5686  99.00
contig_2617:806535-806794.bam
525 313  59.00
contig_26194:23781-23981.bam
4581 4562  99.00
contig_2632:1107143-1107347.bam
3864 3799  98.00
contig_2632:1125055-1125185.bam
5914 5895  99.00
contig_2632:1407795-1407962.bam
5435 5414  99.00
contig_2632:1428587-1428737.bam
4364 4335  99.00
contig_2632:1468029-1468441.bam
4264 4233  99.00
contig_2632:25341-25468.bam
228 211  92.00
contig_2632:856647-856724.bam
240 211  87.00
contig_2634:36588-36691.bam
357 316  88.00
contig_26391:152687-152837.bam
2687 2653  98.00
contig_26434:85647-85780.bam
6375 6359  99.00
contig_2644:96643-97018.bam
4017 3972  98.00
contig_26475:116098-116320.bam
3761 3746  99.00
contig_26475:12015-12406.bam
6604 6559  99.00
contig_26475:138297-138619.bam
5975 5954  99.00
contig_26475:293183-293538.bam
4596 4575  99.00
contig_26475:476437-476720.bam
2201 2168  98.00
contig_2659:87203-87406.bam
4917 4899  99.00
contig_26606:19069-19384.bam
1036 673  64.00
contig_26702:84684-84980.bam
6649 6625  99.00
contig_2674:725577-725729.bam
7542 7522  99.00
contig_2681:335671-336206.bam
11127 11107  99.00
contig_2681:338454-339322.bam
8567 8547  99.00
contig_2681:50611-50868.bam
630 406  64.00
contig_26879:107337-107548.bam
4264 4232  99.00
contig_26879:39346-39450.bam
4966 4925  99.00
contig_26879:67577-67740.bam
6179 6032  97.00
contig_268:197616-197758.bam
1481 1455  98.00
contig_2693:86015-86168.bam
4400 4379  99.00
contig_27075:41010-41193.bam
6062 5996  98.00
contig_27078:131717-132047.bam
3232 3212  99.00
contig_27078:224265-224513.bam
6262 6222  99.00
contig_27078:253894-254066.bam
5663 5581  98.00
contig_2709:47966-48253.bam
8213 8190  99.00
contig_2716:229800-230155.bam
1084 1062  97.00
contig_27176:173459-173570.bam
3309 3267  98.00
contig_27176:23091-23494.bam
5191 5149  99.00
contig_27176:94151-94362.bam
4967 4946  99.00
contig_27230:135694-135885.bam
5971 5931  99.00
contig_27230:189179-189406.bam
170 154  90.00
contig_27296:309760-310079.bam
6055 6024  99.00
contig_27296:84316-84528.bam
3307 3290  99.00
contig_2733:73477-73780.bam
3645 3624  99.00
contig_2734:423062-423168.bam
13810 13795  99.00
contig_27366:478047-478532.bam
33 18  54.00
contig_27366:488088-488198.bam
3930 3890  98.00
contig_27375:215909-216118.bam
565 528  93.00
contig_27404:106859-106927.bam
5773 5757  99.00
contig_27411:119919-120103.bam
11279 11256  99.00
contig_27416:225574-226063.bam
764 738  96.00
contig_27421:257373-257598.bam
5430 5155  94.00
contig_27427:168942-169144.bam
3703 3680  99.00
contig_27430:29799-30006.bam
4327 4305  99.00
contig_27453:26365-26563.bam
3002 2692  89.00
contig_2748:108091-108277.bam
5670 5597  98.00
contig_27503:146669-146908.bam
5901 5863  99.00
contig_27544:175546-175795.bam
5543 5271  95.00
contig_27771:32587-33404.bam
3706 3687  99.00
contig_27787:1761-1926.bam
302 287  95.00
contig_27874:1161828-1162058.bam
1364 1343  98.00
contig_27874:1254851-1254943.bam
7075 7056  99.00
contig_27874:742350-742764.bam
6509 6494  99.00
contig_27874:795543-795921.bam
5348 5295  99.00
contig_27912:82678-82838.bam
2823 2808  99.00
contig_27935:60107-60200.bam
1906 1888  99.00
contig_2807:70678-70862.bam
361 342  94.00
contig_2807:996560-996756.bam
3184 3137  98.00
contig_28208:29456-29635.bam
3355 3339  99.00
contig_2822:167466-167653.bam
6292 6263  99.00
contig_28257:174301-174402.bam
6649 6447  96.00
contig_28257:473063-473474.bam
3059 3042  99.00
contig_28280:368675-368875.bam
482 464  96.00
contig_28339:158557-158610.bam
494 472  95.00
contig_2837:426701-426816.bam
717 394  54.00
contig_2837:442592-442780.bam
5562 5529  99.00
contig_2837:459283-459631.bam
67 49  73.00
contig_2837:565029-565169.bam
331 306  92.00
contig_2837:599930-600034.bam
1602 1591  99.00
contig_28383:131094-131161.bam
3975 3929  98.00
contig_28383:151709-151975.bam
11351 11339  99.00
contig_28383:174-630.bam
9377 9355  99.00
contig_28411:371562-371855.bam
208 184  88.00
contig_2842:465173-465438.bam
1815 1800  99.00
contig_28447:102005-102309.bam
317 297  93.00
contig_28447:450342-450508.bam
3385 3325  98.00
contig_28447:533903-534181.bam
4828 4806  99.00
contig_28523:267824-267916.bam
5270 5242  99.00
contig_28523:485343-485464.bam
6295 6245  99.00
contig_28523:508203-508350.bam
69 55  79.00
contig_28523:523866-524020.bam
509 446  87.00
contig_285:1060587-1060839.bam
4093 3995  97.00
contig_285:165018-165394.bam
3988 3948  98.00
contig_285:474626-474756.bam
1421 1402  98.00
contig_285:58015-58072.bam
2818 2784  98.00
contig_285:770790-770955.bam
4823 4553  94.00
contig_285:95625-95706.bam
57 47  82.00
contig_28624:35260-35381.bam
5953 5889  98.00
contig_28652:185207-185429.bam
493 468  94.00
contig_28684:14811-14961.bam
4163 4145  99.00
contig_2868:610468-610853.bam
3826 3802  99.00
contig_28713:112620-113088.bam
12625 12607  99.00
contig_28758:140483-140871.bam
6286 6204  98.00
contig_28758:309707-309897.bam
476 276  57.00
contig_28894:19359-19490.bam
857 838  97.00
contig_28917:245730-245889.bam
6545 6480  99.00
contig_28951:2775-3026.bam
3956 3936  99.00
contig_29031:107135-107275.bam
4448 4425  99.00
contig_29034:119405-119734.bam
4600 4575  99.00
contig_29034:99129-99439.bam
5376 5360  99.00
contig_29037:25288-25484.bam
5282 5264  99.00
contig_29037:68788-69082.bam
235 213  90.00
contig_29095:55041-55187.bam
6261 6233  99.00
contig_29219:37634-37752.bam
6912 6892  99.00
contig_29264:243838-244145.bam
6284 6266  99.00
contig_29300:25350-25595.bam
9659 9638  99.00
contig_29319:47971-48431.bam
4422 4396  99.00
contig_29335:19965-20382.bam
12121 12107  99.00
contig_29335:204014-204554.bam
1703 1676  98.00
contig_29392:212955-213080.bam
4747 4725  99.00
contig_29409:393126-393426.bam
4445 4415  99.00
contig_29409:555080-555386.bam
4622 4568  98.00
contig_29409:709217-709458.bam
3898 3865  99.00
contig_29477:287598-287715.bam
4638 4618  99.00
contig_29492:206561-206699.bam
2971 2941  98.00
contig_29556:24057-24114.bam
1459 1434  98.00
contig_29588:97559-97645.bam
136 117  86.00
contig_29621:183565-183656.bam
6338 6313  99.00
contig_29633:89012-89254.bam
4437 4418  99.00
contig_29655:242161-242309.bam
77 53  68.00
contig_29655:7459-7702.bam
6739 6708  99.00
contig_29668:116540-116815.bam
4530 4494  99.00
contig_29675:304667-304831.bam
3931 3874  98.00
contig_29707:97914-98048.bam
1588 1569  98.00
contig_29736:1030524-1030601.bam
291 210  72.00
contig_29847:45065-45267.bam
1057 1037  98.00
contig_29847:5469-5674.bam
6346 6270  98.00
contig_29856:548768-548969.bam
11219 11196  99.00
contig_29875:42675-43475.bam
5433 5387  99.00
contig_29896:25504-25740.bam
4582 4559  99.00
contig_29921:290662-290808.bam
2273 2233  98.00
contig_29921:71909-72083.bam
6603 6499  98.00
contig_2996:134894-135041.bam
4064 4038  99.00
contig_2996:20055-20295.bam
532 364  68.00
contig_29972:194405-194675.bam
3996 3953  98.00
contig_29988:386192-386410.bam
4219 4203  99.00
contig_30028:45482-45980.bam
4519 4482  99.00
contig_30028:55072-55322.bam
6059 6021  99.00
contig_30087:5213-5498.bam
3043 3023  99.00
contig_30131:75452-75946.bam
3986 3900  97.00
contig_30257:67210-67395.bam
8932 8913  99.00
contig_30276:225299-225855.bam
4484 4462  99.00
contig_30276:392205-392441.bam
3747 3717  99.00
contig_30409:110691-110926.bam
108 84  77.00
contig_30500:101653-101741.bam
1949 1926  98.00
contig_30500:223289-223388.bam
3226 3202  99.00
contig_30500:57148-57353.bam
947 929  98.00
contig_3064:152472-152655.bam
520 433  83.00
contig_3067:353008-353186.bam
455 344  75.00
contig_30700:11361-11538.bam
756 734  97.00
contig_30701:136372-136618.bam
3708 3489  94.00
contig_30701:40078-40242.bam
4235 4150  97.00
contig_3073:1657835-1657908.bam
4091 3999  97.00
contig_3073:1660357-1660465.bam
1552 1530  98.00
contig_3073:1961984-1962073.bam
5856 5822  99.00
contig_3073:2065616-2065791.bam
4998 4973  99.00
contig_3073:2136870-2137008.bam
9390 9374  99.00
contig_30789:40550-40908.bam
90 78  86.00
contig_3078:957754-957944.bam
7335 7308  99.00
contig_30796:173347-173963.bam
4199 4168  99.00
contig_30796:54627-54971.bam
5072 5043  99.00
contig_30827:1719192-1719316.bam
1334 1306  97.00
contig_30827:2151805-2151974.bam
2248 2230  99.00
contig_30827:271906-272148.bam
2798 2770  98.00
contig_30827:833918-833983.bam
5732 5719  99.00
contig_30869:38739-38903.bam
2169 2144  98.00
contig_30950:131510-131899.bam
3211 3150  98.00
contig_31110:143418-143649.bam
5967 5917  99.00
contig_31121:380058-380367.bam
4282 4229  98.00
contig_31121:469435-469738.bam
3240 3216  99.00
contig_31121:783271-783442.bam
746 619  82.00
contig_31121:932185-932478.bam
414 386  93.00
contig_31145:185929-186106.bam
1774 1760  99.00
contig_31145:191375-191838.bam
5911 5891  99.00
contig_31145:21428-21687.bam
5253 5240  99.00
contig_31145:287410-287548.bam
10697 10676  99.00
contig_31155:113987-114482.bam
6117 6077  99.00
contig_31158:28785-29026.bam
88 67  76.00
contig_31358:154862-154971.bam
816 797  97.00
contig_31401:22476-22762.bam
4119 4084  99.00
contig_31401:232802-233023.bam
4791 4753  99.00
contig_31458:63063-63201.bam
7132 7110  99.00
contig_3149:1427330-1427930.bam
6367 5983  93.00
contig_3149:376294-376560.bam
8033 8016  99.00
contig_3149:400040-400398.bam
2093 2076  99.00
contig_3149:706759-707065.bam
6391 6337  99.00
contig_31511:39385-39544.bam
2934 2911  99.00
contig_31675:1221719-1221901.bam
5259 5247  99.00
contig_31675:943460-943578.bam
206 170  82.00
contig_31732:38900-39018.bam
13138 13118  99.00
contig_31732:60120-61324.bam
1793 1776  99.00
contig_31770:246192-246314.bam
6003 5957  99.00
contig_31784:42927-43109.bam
6323 6287  99.00
contig_31789:53390-53689.bam
3093 3073  99.00
contig_31828:100586-100646.bam
5888 5874  99.00
contig_31894:22618-22876.bam
4263 4254  99.00
contig_31894:63677-63894.bam
4428 4393  99.00
contig_31955:152829-153093.bam
1528 1516  99.00
contig_32007:136762-137000.bam
6682 6654  99.00
contig_32166:522323-522561.bam
6521 6494  99.00
contig_32166:79650-79827.bam
2842 2782  97.00
contig_32166:982853-982947.bam
3083 3032  98.00
contig_32206:307628-307693.bam
3443 3387  98.00
contig_32206:87724-87821.bam
10401 10383  99.00
contig_32249:20915-21200.bam
4595 4575  99.00
contig_32249:56635-56951.bam
468 447  95.00
contig_32250:123800-124025.bam
75 61  81.00
contig_32250:90296-90416.bam
5306 5289  99.00
contig_32315:34585-35055.bam
4279 4265  99.00
contig_32335:198804-199113.bam
5038 4819  95.00
contig_32335:265101-265301.bam
3614 3581  99.00
contig_32335:318916-319100.bam
518 490  94.00
contig_32392:101979-102199.bam
5418 5393  99.00
contig_32448:466528-466643.bam
3656 3638  99.00
contig_32527:177804-177906.bam
2489 2440  98.00
contig_32533:80694-80884.bam
5250 5232  99.00
contig_32576:171316-171457.bam
349 337  96.00
contig_32594:120171-120267.bam
750 720  96.00
contig_32664:23735-23855.bam
4771 4741  99.00
contig_32666:58970-59165.bam
390 364  93.00
contig_32696:89382-89475.bam
4050 4034  99.00
contig_3269:288926-289282.bam
4061 3997  98.00
contig_3269:324431-324626.bam
326 309  94.00
contig_32729:62911-63066.bam
4491 4450  99.00
contig_32805:165542-166000.bam
5531 5492  99.00
contig_32835:1393791-1393958.bam
4629 4598  99.00
contig_32864:9103-9571.bam
3806 3165  83.00
contig_3290:333422-333564.bam
6251 6191  99.00
contig_32969:174438-174815.bam
331 316  95.00
contig_32969:177236-177307.bam
165 113  68.00
contig_32969:23703-23890.bam
125 110  88.00
contig_32977:218612-218873.bam
4443 4429  99.00
contig_32977:437651-437831.bam
904 887  98.00
contig_32977:512736-513033.bam
754 723  95.00
contig_32977:639969-640142.bam
2970 2932  98.00
contig_3298:288912-289073.bam
2000 1952  97.00
contig_33047:456537-456640.bam
40 21  52.00
contig_33093:362010-362223.bam
4943 4921  99.00
contig_33093:77844-77912.bam
3214 3184  99.00
contig_33131:2241271-2241442.bam
157 139  88.00
contig_33131:2574084-2574236.bam
3789 3763  99.00
contig_33148:106798-106946.bam
3233 3222  99.00
contig_33148:107959-108253.bam
453 426  94.00
contig_33171:100878-101055.bam
5068 5046  99.00
contig_33171:1132107-1132453.bam
5873 5854  99.00
contig_33171:1166142-1166497.bam
1393 1363  97.00
contig_33171:1494372-1494666.bam
4236 4216  99.00
contig_33171:1571610-1571802.bam
6577 6556  99.00
contig_33171:1662793-1662965.bam
3401 3377  99.00
contig_33171:314287-314442.bam
10637 10608  99.00
contig_33171:331043-331412.bam
4476 4460  99.00
contig_33171:370172-370349.bam
5860 5841  99.00
contig_33171:428983-429210.bam
4724 4685  99.00
contig_33192:70236-70643.bam
4198 2229  53.00
contig_33225:33940-35026.bam
304 283  93.00
contig_33281:86926-87171.bam
11391 11378  99.00
contig_3330:243037-243221.bam
1731 1710  98.00
contig_3330:270799-270964.bam
4459 4440  99.00
contig_3330:528924-529220.bam
6399 6381  99.00
contig_33327:5071-5441.bam
1888 1869  98.00
contig_33329:46851-47046.bam
3767 3736  99.00
contig_33329:61828-61963.bam
3169 3149  99.00
contig_33383:52922-53026.bam
4263 4241  99.00
contig_33384:135900-136060.bam
5450 5413  99.00
contig_33430:508593-508721.bam
5167 5131  99.00
contig_33430:551058-551333.bam
7894 7875  99.00
contig_33488:19083-19624.bam
6474 6456  99.00
contig_33528:17159-17441.bam
52 40  76.00
contig_33555:38593-38738.bam
5936 5914  99.00
contig_33608:67557-67863.bam
1859 1837  98.00
contig_33642:59657-59883.bam
3370 3351  99.00
contig_33653:190244-190499.bam
9891 9874  99.00
contig_33653:240503-240760.bam
4694 4663  99.00
contig_33678:96573-96877.bam
193 157  81.00
contig_33705:184137-184374.bam
4597 4574  99.00
contig_33721:107137-107472.bam
4218 4181  99.00
contig_33826:202954-203307.bam
1661 1640  98.00
contig_3386:102970-103292.bam
325 190  58.00
contig_3386:221440-221636.bam
3720 3704  99.00
contig_3386:940466-940576.bam
4702 4680  99.00
contig_33951:101262-101599.bam
4622 4596  99.00
contig_33961:222782-223083.bam
1004 985  98.00
contig_33961:3709-4093.bam
1678 1663  99.00
contig_33987:76428-76823.bam
2806 2785  99.00
contig_3402:183874-184453.bam
5678 5660  99.00
contig_34125:39019-39167.bam
3371 3352  99.00
contig_34180:2296-2618.bam
7480 7462  99.00
contig_34223:85168-85647.bam
6414 6393  99.00
contig_34224:63523-63902.bam
5405 5380  99.00
contig_34248:72228-72327.bam
259 239  92.00
contig_34255:1433-1571.bam
9219 9206  99.00
contig_34274:202178-202612.bam
3428 3389  98.00
contig_3427:204079-204170.bam
431 413  95.00
contig_3427:308511-308623.bam
4458 4398  98.00
contig_3434:2486270-2486393.bam
4779 4767  99.00
contig_3434:5480817-5480984.bam
211 166  78.00
contig_3434:6662557-6662702.bam
5226 5205  99.00
contig_3434:6770684-6770928.bam
6536 6521  99.00
contig_34425:6257-6675.bam
6716 6700  99.00
contig_34441:5995-6352.bam
5359 5331  99.00
contig_34514:52004-52141.bam
6550 6523  99.00
contig_34522:33016-33333.bam
437 417  95.00
contig_3453:1246389-1246581.bam
4666 4601  98.00
contig_3453:1363049-1363322.bam
542 514  94.00
contig_3453:152144-152211.bam
4141 4119  99.00
contig_3453:921344-921408.bam
694 674  97.00
contig_34552:12893-13248.bam
4795 4771  99.00
contig_34552:162933-163245.bam
2880 2849  98.00
contig_3463:255054-255231.bam
762 741  97.00
contig_3463:3164764-3164868.bam
1010 646  63.00
contig_3477:163275-163703.bam
3635 3613  99.00
contig_3477:82467-82549.bam
6026 6008  99.00
contig_34827:38203-38408.bam
1877 1862  99.00
contig_3484:53022-53388.bam
1430 1408  98.00
contig_3485:2339226-2339365.bam
6344 6326  99.00
contig_3485:2547420-2547634.bam
602 572  95.00
contig_3485:2594619-2594727.bam
5517 5458  98.00
contig_3485:2808762-2809053.bam
5294 5278  99.00
contig_3485:2885186-2885367.bam
4946 4926  99.00
contig_3485:2894841-2894988.bam
4983 4960  99.00
contig_3485:3022071-3022262.bam
6163 6133  99.00
contig_3485:3050495-3050803.bam
5328 5311  99.00
contig_3485:3135284-3135551.bam
3397 3385  99.00
contig_3485:3385980-3386242.bam
5564 5510  99.00
contig_3485:951475-951588.bam
3690 3649  98.00
contig_34903:18187-18377.bam
6027 5928  98.00
contig_34922:128955-129115.bam
7457 7444  99.00
contig_34922:134079-134345.bam
6120 6072  99.00
contig_34943:495046-495285.bam
5104 5083  99.00
contig_34955:20524-20950.bam
4375 4355  99.00
contig_34955:327091-327289.bam
1060 1047  98.00
contig_3499:114723-114824.bam
4889 4873  99.00
contig_3499:262522-262797.bam
5522 5501  99.00
contig_3499:507374-507520.bam
2989 2961  99.00
contig_35013:29863-30073.bam
3162 3140  99.00
contig_35031:184537-184772.bam
3769 3727  98.00
contig_35048:71187-71368.bam
5223 5163  98.00
contig_3504:824977-825152.bam
4456 4264  95.00
contig_35067:63312-63661.bam
40 22  55.00
contig_35082:305400-305506.bam
5424 5018  92.00
contig_35089:170913-170979.bam
5596 5566  99.00
contig_35155:209190-209413.bam
4480 4459  99.00
contig_35155:325414-325778.bam
6725 6704  99.00
contig_35172:130965-131218.bam
6587 6549  99.00
contig_35252:158404-158702.bam
4132 4093  99.00
contig_35252:184348-184540.bam
280 260  92.00
contig_35303:63036-63183.bam
2548 2528  99.00
contig_35359:44415-44580.bam
3270 3251  99.00
contig_35394:102999-103076.bam
262 242  92.00
contig_35411:261418-261478.bam
2057 2044  99.00
contig_35411:315265-315491.bam
6395 6372  99.00
contig_35535:433252-433654.bam
321 234  72.00
contig_35581:146083-146141.bam
295 176  59.00
contig_35581:146639-146703.bam
491 475  96.00
contig_35599:251152-251340.bam
317 305  96.00
contig_35599:259455-259526.bam
5362 5350  99.00
contig_3567:327069-327376.bam
6577 6504  98.00
contig_3568:127985-128493.bam
1489 1461  98.00
contig_3568:1786587-1786724.bam
19858 19834  99.00
contig_3568:423494-424403.bam
69 56  81.00
contig_3568:455762-455923.bam
2302 2258  98.00
contig_3568:708564-708709.bam
10637 10613  99.00
contig_35713:59971-60480.bam
678 658  97.00
contig_35729:17113-17356.bam
2336 2314  99.00
contig_35741:352972-353185.bam
4112 4095  99.00
contig_35749:272558-272794.bam
3745 3712  99.00
contig_35749:8031-8291.bam
8116 8084  99.00
contig_35782:366422-366807.bam
5133 5117  99.00
contig_35782:368553-368805.bam
5604 5584  99.00
contig_35800:46058-46429.bam
2054 2034  99.00
contig_3580:205159-205289.bam
4462 4435  99.00
contig_35837:37716-37877.bam
5429 5396  99.00
contig_35919:244080-244256.bam
4058 4040  99.00
contig_35919:340410-340778.bam
5851 5804  99.00
contig_35951:100394-100625.bam
97 82  84.00
contig_35980:257931-258048.bam
4227 4199  99.00
contig_36026:61892-61967.bam
2171 2138  98.00
contig_36033:19654-19752.bam
3681 3667  99.00
contig_36041:225924-226107.bam
1472 1446  98.00
contig_36041:822346-822520.bam
1141 1093  95.00
contig_36099:248715-248778.bam
585 570  97.00
contig_36099:75769-75933.bam
4470 4432  99.00
contig_36103:215284-215674.bam
6005 5981  99.00
contig_36103:243297-243514.bam
223 210  94.00
contig_36103:24431-24568.bam
3947 3928  99.00
contig_36115:429914-430167.bam
1034 1019  98.00
contig_36115:452751-452903.bam
7069 7057  99.00
contig_36134:17913-18211.bam
75 50  66.00
contig_36136:16156-16326.bam
5856 5815  99.00
contig_36184:47324-47529.bam
736 719  97.00
contig_3620:184494-184792.bam
5487 5454  99.00
contig_3620:200420-200530.bam
5514 5473  99.00
contig_3620:222760-222968.bam
3845 3832  99.00
contig_3620:371835-372211.bam
203 195  96.00
contig_3620:374219-374605.bam
1878 1834  97.00
contig_3620:374842-374935.bam
376 359  95.00
contig_3620:469783-469926.bam
710 502  70.00
contig_3620:533272-533521.bam
11576 11555  99.00
contig_3622:212839-213129.bam
3972 3956  99.00
contig_3622:449986-450132.bam
4779 4698  98.00
contig_36361:232608-232687.bam
4702 4682  99.00
contig_36430:176419-176630.bam
86 59  68.00
contig_36476:228748-228879.bam
316 305  96.00
contig_36476:52279-52448.bam
7563 7543  99.00
contig_36542:131324-131663.bam
573 545  95.00
contig_36663:394875-395011.bam
8397 8375  99.00
contig_36668:20994-21461.bam
427 399  93.00
contig_36691:616020-616223.bam
4027 4000  99.00
contig_36773:29991-30201.bam
5360 5331  99.00
contig_3682:1077510-1077706.bam
4251 4227  99.00
contig_3682:740605-740812.bam
6328 6304  99.00
contig_3682:741386-741935.bam
4352 4286  98.00
contig_3689:1186342-1186491.bam
309 182  58.00
contig_3689:1280460-1280590.bam
5902 5658  95.00
contig_3689:777657-777848.bam
3594 3537  98.00
contig_36939:28152-28239.bam
84 69  82.00
contig_36939:371689-371848.bam
5807 4700  80.00
contig_36939:521326-521474.bam
5651 5577  98.00
contig_3703:42839-43128.bam
8327 8308  99.00
contig_3703:731394-731873.bam
5672 5617  99.00
contig_3703:844940-845076.bam
2125 2114  99.00
contig_3703:923235-923447.bam
118 107  90.00
contig_37054:3194-3256.bam
3958 3943  99.00
contig_37079:33247-33494.bam
1196 1170  97.00
contig_37079:79680-79737.bam
2890 2866  99.00
contig_37139:54180-54482.bam
6512 6496  99.00
contig_37263:56500-56968.bam
4395 4374  99.00
contig_37277:342056-342593.bam
5625 5600  99.00
contig_37277:454485-454590.bam
18362 18348  99.00
contig_37496:260998-262223.bam
184 104  56.00
contig_3751:18602-18690.bam
3324 3108  93.00
contig_3751:22053-22179.bam
5274 5239  99.00
contig_3754:336515-336699.bam
5839 5821  99.00
contig_3754:7056-7213.bam
5051 5018  99.00
contig_3755:737717-737804.bam
4603 4587  99.00
contig_37573:117171-117681.bam
309 290  93.00
contig_37586:22657-22784.bam
3465 3439  99.00
contig_37592:108992-109090.bam
3616 3605  99.00
contig_37592:134613-134756.bam
5302 5285  99.00
contig_37665:263576-263765.bam
5474 5446  99.00
contig_37665:268924-269076.bam
5485 5462  99.00
contig_37805:109758-109952.bam
6258 6243  99.00
contig_3785:160094-160751.bam
10273 10267  99.00
contig_37876:128870-129390.bam
2332 2325  99.00
contig_37876:175594-175827.bam
3162 3131  99.00
contig_37888:197697-197931.bam
6429 6409  99.00
contig_37971:65312-65540.bam
7941 7923  99.00
contig_37989:15222-15671.bam
6678 6629  99.00
contig_38125:1052063-1052385.bam
5312 5300  99.00
contig_3814:434813-435330.bam
6281 6264  99.00
contig_3814:570691-571126.bam
10845 10829  99.00
contig_3817:94895-95403.bam
10813 10790  99.00
contig_38225:1347286-1347870.bam
5716 5700  99.00
contig_3823:316163-316497.bam
3252 3230  99.00
contig_3823:799637-799891.bam
6894 6862  99.00
contig_38243:259951-260322.bam
1724 1692  98.00
contig_38243:313612-313977.bam
178 89  50.00
contig_38256:191835-191957.bam
1416 1386  97.00
contig_38363:24310-24432.bam
6466 6429  99.00
contig_38367:241101-241267.bam
636 621  97.00
contig_38367:686250-686414.bam
6264 6230  99.00
contig_38410:419499-419791.bam
5884 5868  99.00
contig_38459:71809-72043.bam
31 17  54.00
contig_38468:883356-883457.bam
6207 6139  98.00
contig_3847:1444479-1444702.bam
6376 6335  99.00
contig_3847:406222-406369.bam
3085 3066  99.00
contig_38526:1213188-1213357.bam
3927 3897  99.00
contig_38526:1385705-1385918.bam
321 300  93.00
contig_38526:1627696-1627787.bam
241 222  92.00
contig_38526:844471-844594.bam
89 74  83.00
contig_38526:91414-91493.bam
10943 10923  99.00
contig_38565:25019-25706.bam
4403 4378  99.00
contig_38598:10378-10538.bam
4476 4441  99.00
contig_38598:57708-58190.bam
3092 3025  97.00
contig_3865:560586-560735.bam
15088 15075  99.00
contig_38818:159973-160639.bam
92 71  77.00
contig_38825:201218-201349.bam
9260 9247  99.00
contig_38828:11530-11808.bam
3176 3139  98.00
contig_39000:117689-117828.bam
8490 8470  99.00
contig_3906:81174-81699.bam
5069 5036  99.00
contig_39165:181464-181619.bam
3794 2740  72.00
contig_39165:422746-422891.bam
203 106  52.00
contig_39203:391029-391173.bam
442 420  95.00
contig_3923:1332449-1332646.bam
6283 6269  99.00
contig_3923:1658459-1659126.bam
184 141  76.00
contig_3923:382619-382792.bam
5619 5591  99.00
contig_39241:125217-125438.bam
5319 5266  99.00
contig_39241:197458-197621.bam
6232 6216  99.00
contig_39241:197938-198223.bam
3664 3638  99.00
contig_39249:145682-145854.bam
4534 4500  99.00
contig_39249:154851-155154.bam
710 689  97.00
contig_39266:4817-5049.bam
4167 4140  99.00
contig_39277:23100-23211.bam
4779 4754  99.00
contig_39305:169973-170134.bam
6801 6748  99.00
contig_39308:3095-3375.bam
3741 3682  98.00
contig_39308:65107-65239.bam
3006 2961  98.00
contig_39312:35253-35465.bam
5363 5346  99.00
contig_39327:52284-52630.bam
174 160  91.00
contig_3940:145994-146057.bam
4420 4386  99.00
contig_3940:311049-311209.bam
6609 6571  99.00
contig_3940:349217-349483.bam
3880 3406  87.00
contig_3940:683130-683319.bam
3021 2993  99.00
contig_39514:511020-511097.bam
525 298  56.00
contig_3953:242267-242417.bam
5350 5258  98.00
contig_3953:275543-275818.bam
8464 8435  99.00
contig_39557:2265-2552.bam
4071 4045  99.00
contig_39595:559265-559529.bam
199 183  91.00
contig_39595:98976-99155.bam
1157 1137  98.00
contig_3966:37589-37896.bam
6897 6869  99.00
contig_3974:118246-118818.bam
3387 3339  98.00
contig_3974:216790-216923.bam
3964 3942  99.00
contig_3974:44754-44924.bam
5764 5745  99.00
contig_39884:92466-92727.bam
5698 5597  98.00
contig_3992:531923-532324.bam
55 34  61.00
contig_39940:494125-494229.bam
3794 3735  98.00
contig_39953:36474-36912.bam
2689 2671  99.00
contig_39995:7784-8124.bam
5517 5489  99.00
contig_4005:1005225-1005524.bam
5473 5452  99.00
contig_4005:1087513-1087665.bam
429 407  94.00
contig_4005:1119088-1119315.bam
4302 4273  99.00
contig_4005:1190944-1191057.bam
1713 1692  98.00
contig_4006:18002-18160.bam
5362 5337  99.00
contig_4006:38260-38479.bam
9014 8995  99.00
contig_4010:101284-101682.bam
373 345  92.00
contig_4010:1175711-1175955.bam
2360 2327  98.00
contig_4010:1249856-1250172.bam
3675 3648  99.00
contig_4010:185751-185875.bam
4132 4102  99.00
contig_4010:463930-464151.bam
16237 16220  99.00
contig_4010:670037-670499.bam
730 527  72.00
contig_40157:49205-49428.bam
1676 1656  98.00
contig_40163:6619-6796.bam
4387 4362  99.00
contig_4020:506163-506332.bam
6562 6511  99.00
contig_40215:42257-42497.bam
9301 9279  99.00
contig_40215:55259-55628.bam
1539 1511  98.00
contig_40219:174238-174554.bam
5328 5306  99.00
contig_40219:286895-287276.bam
6492 6463  99.00
contig_40241:60433-60660.bam
7720 7704  99.00
contig_40298:90247-90805.bam
4194 4171  99.00
contig_40313:88838-89007.bam
348 297  85.00
contig_40322:12770-12833.bam
6288 6261  99.00
contig_40322:501788-501945.bam
9670 9647  99.00
contig_40343:139529-139808.bam
370 247  66.00
contig_40343:308516-308734.bam
6230 5925  95.00
contig_40388:4342-4593.bam
5521 5494  99.00
contig_40389:21107-21287.bam
4761 4744  99.00
contig_40389:78989-79377.bam
761 585  76.00
contig_40406:127373-127661.bam
5425 5411  99.00
contig_40406:88540-88881.bam
4525 4459  98.00
contig_40422:4516-4758.bam
4441 4422  99.00
contig_40479:34251-34334.bam
4267 4202  98.00
contig_4048:1065455-1065716.bam
5945 5923  99.00
contig_4048:2290676-2291179.bam
278 258  92.00
contig_4048:480736-480954.bam
4226 4199  99.00
contig_40495:547753-547870.bam
8192 8167  99.00
contig_40511:347246-347644.bam
4900 4870  99.00
contig_4054:245336-245713.bam
5839 5762  98.00
contig_4054:308681-308920.bam
3152 3137  99.00
contig_4054:391367-391463.bam
4271 4229  99.00
contig_4075:170334-170574.bam
4640 4619  99.00
contig_4075:226974-227079.bam
3906 2869  73.00
contig_4085:134021-134229.bam
5401 5335  98.00
contig_40875:374492-374668.bam
740 724  97.00
contig_40896:75041-75214.bam
1971 1947  98.00
contig_41031:145856-146019.bam
9673 9666  99.00
contig_41031:168658-168933.bam
3131 3103  99.00
contig_4105:27480-27535.bam
6311 6267  99.00
contig_41135:88138-88314.bam
91 88  96.00
contig_41172:5187-5740.bam
316 292  92.00
contig_41251:45380-45470.bam
7513 7495  99.00
contig_41316:171633-172122.bam
160 141  88.00
contig_4138:223852-223924.bam
2772 2755  99.00
contig_4138:541035-541426.bam
5949 5770  96.00
contig_4138:572138-572328.bam
4375 4342  99.00
contig_41452:98560-98776.bam
4992 4859  97.00
contig_41457:107531-107775.bam
4650 4534  97.00
contig_41457:131882-132150.bam
3285 3264  99.00
contig_41457:132696-132836.bam
4607 4596  99.00
contig_41457:284611-284810.bam
6758 6735  99.00
contig_4146:231664-231880.bam
56 37  66.00
contig_4152:104193-104288.bam
4213 4201  99.00
contig_4152:42231-42539.bam
1328 1294  97.00
contig_4152:522017-522137.bam
5824 5768  99.00
contig_4166:431139-431352.bam
4003 3988  99.00
contig_41690:3137-3444.bam
450 425  94.00
contig_4171:19146-19525.bam
4524 4501  99.00
contig_4171:41291-41601.bam
4664 4597  98.00
contig_4171:86226-86597.bam
1667 1621  97.00
contig_41720:52626-52738.bam
363 182  50.00
contig_41722:4839-4992.bam
3704 3678  99.00
contig_41723:7389-7688.bam
3464 3440  99.00
contig_41730:31898-32013.bam
5479 5460  99.00
contig_41732:1439-1834.bam
718 666  92.00
contig_41772:56815-57074.bam
4855 4835  99.00
contig_41777:325306-325847.bam
6703 6671  99.00
contig_41777:38060-38572.bam
363 207  57.00
contig_41840:172415-172542.bam
159 146  91.00
contig_41935:138627-138695.bam
1205 1175  97.00
contig_41942:6031-6176.bam
3925 3907  99.00
contig_41994:168856-168954.bam
6947 6932  99.00
contig_41994:39886-40022.bam
2127 2104  98.00
contig_4199:150887-151151.bam
4394 4380  99.00
contig_4199:179494-179686.bam
4254 4235  99.00
contig_42014:313076-313165.bam
7839 7820  99.00
contig_42079:76101-76674.bam
6917 6900  99.00
contig_42144:44759-45209.bam
5150 5063  98.00
contig_42367:42517-42726.bam
4614 4601  99.00
contig_4264:14283-14717.bam
5347 5302  99.00
contig_4264:172087-172387.bam
5786 5759  99.00
contig_4265:135726-135961.bam
5088 5052  99.00
contig_4265:264357-264539.bam
891 875  98.00
contig_42777:243742-243878.bam
62 45  72.00
contig_4281:579275-579431.bam
6475 6280  96.00
contig_42960:78819-79011.bam
196 132  67.00
contig_42960:79801-79957.bam
5558 5502  98.00
contig_4296:487718-488029.bam
3820 3798  99.00
contig_4296:5328-5928.bam
2580 2561  99.00
contig_4296:771561-771765.bam
4371 4347  99.00
contig_43021:60220-60426.bam
1995 1979  99.00
contig_43132:39533-39779.bam
190 161  84.00
contig_43198:1062049-1062108.bam
317 298  94.00
contig_43236:103681-103759.bam
13068 13054  99.00
contig_43236:87218-87842.bam
6546 6521  99.00
contig_43425:72348-72553.bam
732 398  54.00
contig_4348:72207-72478.bam
984 949  96.00
contig_43509:117940-118118.bam
3275 3253  99.00
contig_4351:28082-28277.bam
4249 4235  99.00
contig_43570:110936-111206.bam
190 126  66.00
contig_43610:48483-48694.bam
4408 4388  99.00
contig_43690:458498-458722.bam
6385 6366  99.00
contig_43690:98947-99130.bam
4411 4390  99.00
contig_4370:30804-31208.bam
3222 3200  99.00
contig_4370:31619-31811.bam
4511 4476  99.00
contig_43717:44463-44699.bam
341 323  94.00
contig_43717:5579-5672.bam
449 386  85.00
contig_43779:187363-187525.bam
6660 6605  99.00
contig_43785:344715-344878.bam
5017 4996  99.00
contig_4379:68090-68309.bam
4678 4653  99.00
contig_4381:65180-65588.bam
175 161  92.00
contig_43823:60019-60188.bam
4800 4771  99.00
contig_43845_part2:1139680-1140031.bam
10758 10747  99.00
contig_43845_part2:1390357-1390743.bam
1163 1144  98.00
contig_43845_part2:1523508-1523636.bam
7676 7658  99.00
contig_43845_part2:1600373-1600555.bam
3325 3300  99.00
contig_43845_part2:1680647-1681025.bam
8116 8090  99.00
contig_43845_part2:204160-204661.bam
236 213  90.00
contig_43845_part2:226232-226379.bam
5764 5739  99.00
contig_43845_part2:241223-241536.bam
1669 1642  98.00
contig_43845_part2:244738-244916.bam
6999 6966  99.00
contig_43845_part2:416001-416329.bam
5612 5561  99.00
contig_43845_part2:557462-557563.bam
3309 3292  99.00
contig_43845_part2:899-1172.bam
2311 2294  99.00
contig_43867:133147-133470.bam
664 523  78.00
contig_43867:20983-21204.bam
5416 5407  99.00
contig_43867:39134-39541.bam
3476 3429  98.00
contig_43909:857792-857909.bam
6579 6562  99.00
contig_43910:50381-50571.bam
6118 6076  99.00
contig_43920:169573-169758.bam
229 203  88.00
contig_43920:366374-366482.bam
121 108  89.00
contig_4394:90318-90420.bam
121 95  78.00
contig_4394:9087-9293.bam
516 496  96.00
contig_43960:130305-130603.bam
5281 5272  99.00
contig_43985:70978-71296.bam
4760 4743  99.00
contig_43985:8690-9039.bam
5529 5513  99.00
contig_4400:199790-200281.bam
1570 1551  98.00
contig_4400:231224-231307.bam
3879 3857  99.00
contig_4400:9309-9483.bam
703 646  91.00
contig_44118:44214-44319.bam
6617 6474  97.00
contig_44118:44588-44964.bam
2962 2940  99.00
contig_44129:34570-34629.bam
4216 4190  99.00
contig_44163:555481-555602.bam
843 827  98.00
contig_44163:907797-908033.bam
6765 6749  99.00
contig_44269:199273-199605.bam
3580 3479  97.00
contig_4430:40471-40609.bam
3864 3838  99.00
contig_4437:674784-674938.bam
5358 5329  99.00
contig_44391:30931-31193.bam
5138 5082  98.00
contig_44567:19733-19805.bam
6539 6523  99.00
contig_445:251298-251749.bam
6663 6592  98.00
contig_445:421377-421686.bam
305 282  92.00
contig_445:450720-450870.bam
607 585  96.00
contig_44600:20900-21027.bam
2512 2485  98.00
contig_44610:41011-41218.bam
434 418  96.00
contig_44649:171751-171848.bam
3508 3432  97.00
contig_44654:26971-27102.bam
1613 1590  98.00
contig_44700:28092-28294.bam
3980 3954  99.00
contig_44744:37770-37929.bam
5257 5226  99.00
contig_44753:2844-3063.bam
4067 4045  99.00
contig_44825:6986-7366.bam
2918 2895  99.00
contig_44838:91534-91846.bam
5446 5408  99.00
contig_44857:213797-213865.bam
4376 4241  96.00
contig_44868:1270726-1270905.bam
45 28  62.00
contig_44868:1290229-1290315.bam
1661 1634  98.00
contig_44868:1371312-1371519.bam
5256 5233  99.00
contig_44910:233858-233957.bam
4975 4941  99.00
contig_44975:29125-29563.bam
153 81  52.00
contig_44975:47603-47727.bam
5431 4942  90.00
contig_44975:62375-62464.bam
6865 6849  99.00
contig_44975:65135-65451.bam
5266 5221  99.00
contig_45033:13502-13618.bam
485 426  87.00
contig_45049:128495-128560.bam
170 143  84.00
contig_45051:34964-35153.bam
5252 5237  99.00
contig_45064:57653-57933.bam
336 320  95.00
contig_45066:15512-15689.bam
3450 3410  98.00
contig_45066:49614-49681.bam
3624 3606  99.00
contig_45089:55212-55313.bam
966 687  71.00
contig_45089:72574-72860.bam
3918 3890  99.00
contig_45129:136923-137233.bam
772 461  59.00
contig_45140:296838-296978.bam
3895 3868  99.00
contig_45152:965052-965415.bam
129 72  55.00
contig_45167:8554-8695.bam
33 22  66.00
contig_45173:129666-129812.bam
13493 13485  99.00
contig_45176:132287-132723.bam
1266 1250  98.00
contig_45184:147237-147364.bam
424 401  94.00
contig_45219:41582-41661.bam
1597 1507  94.00
contig_45273:98968-99048.bam
558 530  94.00
contig_45317:60998-61225.bam
4249 3921  92.00
contig_45402:12690-13072.bam
132 110  83.00
contig_45419:281731-281852.bam
4765 4745  99.00
contig_45419:621352-621438.bam
3624 3602  99.00
contig_4545:161122-161198.bam
3598 3566  99.00
contig_45461:270347-270625.bam
13358 13341  99.00
contig_45461:279321-279609.bam
3826 3800  99.00
contig_45488:234787-234978.bam
1950 1934  99.00
contig_4554:346470-346614.bam
1146 1124  98.00
contig_4554:926335-926437.bam
4206 4190  99.00
contig_4554:948845-949099.bam
4400 4383  99.00
contig_45583:232000-232188.bam
453 439  96.00
contig_4558:281964-282223.bam
6320 6299  99.00
contig_45598:1856607-1856789.bam
5378 5352  99.00
contig_455:1347975-1348124.bam
5195 5176  99.00
contig_455:481230-481789.bam
1854 1827  98.00
contig_455:492126-492271.bam
10222 10200  99.00
contig_455:499030-499260.bam
2220 2206  99.00
contig_455:546523-546750.bam
5399 5384  99.00
contig_45618:206612-206764.bam
3670 3633  98.00
contig_45618:250772-250948.bam
4795 4767  99.00
contig_45635:123270-123792.bam
6402 6322  98.00
contig_45635:44841-45067.bam
5123 5112  99.00
contig_45643:43434-43712.bam
3910 3894  99.00
contig_45650:42139-42310.bam
1141 1119  98.00
contig_4565:1471472-1471645.bam
4951 4930  99.00
contig_4565:588517-588604.bam
241 147  60.00
contig_45670:74135-74276.bam
3628 3613  99.00
contig_45700:30325-30644.bam
4745 4722  99.00
contig_45718:227124-227249.bam
6018 5931  98.00
contig_45785:60969-61219.bam
3273 3257  99.00
contig_45793:809569-809794.bam
6068 5602  92.00
contig_45862:118843-119263.bam
632 615  97.00
contig_45886:315-417.bam
10118 10101  99.00
contig_4594:366379-367016.bam
6459 6409  99.00
contig_4594:387507-387799.bam
4064 4054  99.00
contig_46015:566-831.bam
6688 6607  98.00
contig_4601:53275-53749.bam
3864 3817  98.00
contig_46077:683-840.bam
5914 5894  99.00
contig_46125:34448-34720.bam
391 210  53.00
contig_46125:49187-49335.bam
502 336  66.00
contig_46200:216401-216597.bam
3563 3545  99.00
contig_46200:217016-217271.bam
8748 8725  99.00
contig_46249:112482-113050.bam
3180 3090  97.00
contig_46249:141832-142200.bam
718 406  56.00
contig_46249:142475-142718.bam
5538 5505  99.00
contig_46249:144369-144787.bam
10855 10832  99.00
contig_46249:87977-88451.bam
6068 6044  99.00
contig_46294:139976-140179.bam
3890 3839  98.00
contig_46294:324977-325105.bam
2833 2813  99.00
contig_46294:328890-328978.bam
5693 5214  91.00
contig_46307:35646-35773.bam
1523 1507  98.00
contig_46319:125197-125355.bam
4181 4168  99.00
contig_4641:579918-580163.bam
776 759  97.00
contig_46470:1883-1971.bam
3426 3402  99.00
contig_46570:35011-35225.bam
5356 5293  98.00
contig_46693:50609-50784.bam
75 63  84.00
contig_46740:519603-519819.bam
5124 5023  98.00
contig_46740:533782-534004.bam
129 102  79.00
contig_46740:768554-768619.bam
6175 6157  99.00
contig_4676:99264-99498.bam
5738 5719  99.00
contig_467:175124-175231.bam
5572 5545  99.00
contig_46810:174571-174797.bam
3191 3173  99.00
contig_46823:13439-13644.bam
3116 3098  99.00
contig_4693:72977-73086.bam
4068 4029  99.00
contig_4694:331352-331448.bam
487 459  94.00
contig_4694:368975-369075.bam
3943 3785  95.00
contig_4694:703035-703183.bam
446 414  92.00
contig_46985:61311-61494.bam
3727 3691  99.00
contig_469:1352303-1352517.bam
4834 3288  68.00
contig_469:1581344-1581408.bam
8126 8107  99.00
contig_47084:29233-29688.bam
3175 3116  98.00
contig_47107:36720-36955.bam
4827 4807  99.00
contig_47188:7938-8465.bam
6111 6044  98.00
contig_47198:16148-16372.bam
4978 4843  97.00
contig_4722:107756-107839.bam
247 202  81.00
contig_4722:24521-24641.bam
6310 6249  99.00
contig_4722:299302-299404.bam
3136 3116  99.00
contig_4749:145016-145193.bam
3838 3820  99.00
contig_4764:1903987-1904263.bam
5672 5646  99.00
contig_4764:982465-982564.bam
6313 6298  99.00
contig_4799:1436339-1436855.bam
13180 13167  99.00
contig_4799:539052-539850.bam
9500 9477  99.00
contig_4859:355806-356100.bam
5118 5096  99.00
contig_4859:405133-405492.bam
5178 5143  99.00
contig_4866:358162-358328.bam
3902 3825  98.00
contig_487:522548-522649.bam
5120 5098  99.00
contig_487:776831-777328.bam
4113 4100  99.00
contig_4883:446368-446596.bam
559 541  96.00
contig_4883:471451-471648.bam
3876 3857  99.00
contig_4883:483305-483605.bam
3268 3240  99.00
contig_4883:663615-663675.bam
5284 5252  99.00
contig_4886:1029132-1029372.bam
169 142  84.00
contig_4886:1029616-1029690.bam
4570 4550  99.00
contig_4886:13007-13268.bam
608 459  75.00
contig_4886:199730-199950.bam
11549 11528  99.00
contig_4886:312302-312705.bam
1534 1509  98.00
contig_4886:443060-443140.bam
4046 4001  98.00
contig_4886:651060-651314.bam
6191 6124  98.00
contig_4886:799985-800190.bam
5008 4986  99.00
contig_48:184023-184111.bam
7688 7668  99.00
contig_4906:708649-708917.bam
5058 5038  99.00
contig_4912:630261-630686.bam
245 230  93.00
contig_4936:714962-715112.bam
6393 6240  97.00
contig_4957:378613-378740.bam
5696 5674  99.00
contig_4957:671690-671798.bam
1808 1794  99.00
contig_4968:195023-195211.bam
1409 1387  98.00
contig_4969:272021-272109.bam
5689 5667  99.00
contig_4969:299839-299917.bam
182 166  91.00
contig_4969:406774-406966.bam
6007 5257  87.00
contig_4969:628363-628566.bam
156 132  84.00
contig_4969:861943-861995.bam
4880 4850  99.00
contig_4984:95999-96152.bam
3996 3977  99.00
contig_498:60105-60223.bam
6466 6419  99.00
contig_498:75536-75838.bam
9799 9783  99.00
contig_5020:151530-151930.bam
7590 7581  99.00
contig_504:288078-288334.bam
3078 3053  99.00
contig_5061:137909-137993.bam
800 612  76.00
contig_5073:1641773-1642022.bam
4292 4273  99.00
contig_5073:1886908-1887106.bam
1654 1632  98.00
contig_5073:1931614-1932011.bam
605 589  97.00
contig_5073:2162713-2163146.bam
10220 10194  99.00
contig_5081:730173-730650.bam
3309 3260  98.00
contig_5081:841307-841459.bam
3494 3428  98.00
contig_5133:373910-374080.bam
2219 2195  98.00
contig_514:253843-254088.bam
5400 5240  97.00
contig_514:435500-435705.bam
722 617  85.00
contig_514:46585-46977.bam
3793 3775  99.00
contig_514:596337-596550.bam
4070 4055  99.00
contig_5157:176734-177153.bam
298 281  94.00
contig_5160:157675-157880.bam
4027 4008  99.00
contig_5160:288309-288561.bam
5188 5126  98.00
contig_5160:389697-389791.bam
2219 2201  99.00
contig_5176:774901-775179.bam
8936 8918  99.00
contig_5176:834972-835326.bam
6216 6178  99.00
contig_5176:870926-871176.bam
3625 3610  99.00
contig_5176:964429-964672.bam
439 420  95.00
contig_5188:1106280-1106490.bam
204 180  88.00
contig_5188:1691281-1691480.bam
5927 5900  99.00
contig_5188:2125059-2125264.bam
3417 3392  99.00
contig_5188:677229-677581.bam
394 370  93.00
contig_5198:1085337-1085424.bam
4307 4270  99.00
contig_5198:215291-215420.bam
4300 4226  98.00
contig_5198:679985-680254.bam
2139 2122  99.00
contig_519:237963-238371.bam
327 302  92.00
contig_5240:2061160-2061262.bam
224 196  87.00
contig_5240:2655743-2655813.bam
84 64  76.00
contig_5240:531262-531381.bam
4475 4413  98.00
contig_5259:44163-44331.bam
2771 2741  98.00
contig_5265:142665-142779.bam
641 617  96.00
contig_5272:300765-300908.bam
4629 4603  99.00
contig_5272:776881-777348.bam
6576 6557  99.00
contig_529:81413-81758.bam
361 249  68.00
contig_529:94245-94449.bam
41 22  53.00
contig_5306:619628-619777.bam
5537 5509  99.00
contig_531:52305-52516.bam
3226 3172  98.00
contig_5322:119289-119520.bam
491 475  96.00
contig_5322:195656-195809.bam
7986 7964  99.00
contig_5322:217840-218306.bam
4792 4771  99.00
contig_5322:344687-345016.bam
5881 5829  99.00
contig_534:455851-456013.bam
389 378  97.00
contig_5352:37420-37614.bam
2754 2739  99.00
contig_5352:486206-486583.bam
5789 5751  99.00
contig_5352:558844-559107.bam
3623 3592  99.00
contig_5352:592674-593185.bam
6459 6422  99.00
contig_5391:319396-319552.bam
6141 6117  99.00
contig_5400:174521-174671.bam
6557 6540  99.00
contig_5403:58403-58839.bam
4104 4069  99.00
contig_5422:158707-158944.bam
85 65  76.00
contig_5424:119915-119982.bam
4514 4491  99.00
contig_5424:217970-218523.bam
8206 8179  99.00
contig_5424:240601-241149.bam
4593 4544  98.00
contig_5424:356738-356918.bam
8618 8597  99.00
contig_5424:367761-367964.bam
15104 15081  99.00
contig_5424:37212-37812.bam
502 475  94.00
contig_5442:177867-178184.bam
14819 14804  99.00
contig_5454:1897015-1897689.bam
4552 4529  99.00
contig_5454:2300034-2300335.bam
6623 6596  99.00
contig_5454:403421-403626.bam
460 440  95.00
contig_5461:1223500-1223678.bam
169 153  90.00
contig_5461:237032-237252.bam
671 363  54.00
contig_5461:430959-431158.bam
2406 2385  99.00
contig_547:357276-357502.bam
3978 3961  99.00
contig_5482:75139-75357.bam
4403 4380  99.00
contig_5483:8871-8987.bam
409 391  95.00
contig_5506:442684-442839.bam
4152 4128  99.00
contig_5532:136405-136798.bam
5862 5809  99.00
contig_5547:28868-29071.bam
11598 11579  99.00
contig_5547:53266-53645.bam
7688 7669  99.00
contig_5549:2700-2949.bam
2637 2607  98.00
contig_5563:269115-269236.bam
8091 8071  99.00
contig_5587:456587-456932.bam
8510 8496  99.00
contig_5587:571503-571901.bam
13048 13035  99.00
contig_5587:718737-719208.bam
1526 1487  97.00
contig_5600:594524-594620.bam
5873 5820  99.00
contig_5610:146069-146402.bam
9726 9708  99.00
contig_5610:252526-252982.bam
788 764  96.00
contig_5616:77136-77248.bam
4027 3911  97.00
contig_5627:22536-22721.bam
408 375  91.00
contig_5631:333641-333784.bam
4870 4814  98.00
contig_5637:1440997-1441106.bam
87 66  75.00
contig_5637:211048-211112.bam
4338 4301  99.00
contig_5637:236493-236659.bam
516 500  96.00
contig_568:100678-100853.bam
930 906  97.00
contig_568:167514-167688.bam
207 190  91.00
contig_568:79087-79250.bam
6150 6133  99.00
contig_5693:18253-18488.bam
193 172  89.00
contig_5693:289048-289213.bam
4467 4429  99.00
contig_5693:526317-526572.bam
4193 4131  98.00
contig_5693:779611-779837.bam
2771 2713  97.00
contig_5715:445237-445303.bam
4161 4144  99.00
contig_5749:133333-133638.bam
4401 4371  99.00
contig_5753:72479-72686.bam
5025 5006  99.00
contig_5768:232202-232607.bam
4452 4413  99.00
contig_5768:592315-592546.bam
377 359  95.00
contig_5768:651988-652057.bam
55 33  60.00
contig_5768:911962-912122.bam
64 40  62.00
contig_576:158349-158482.bam
810 793  97.00
contig_5776:636147-636498.bam
4462 4443  99.00
contig_5776:654493-654692.bam
455 434  95.00
contig_5787:1827856-1827963.bam
171 113  66.00
contig_5787:1879886-1879978.bam
4191 4158  99.00
contig_5787:2049047-2049189.bam
4332 4313  99.00
contig_5806:265836-266174.bam
58 44  75.00
contig_5807:142372-142635.bam
5297 5265  99.00
contig_5828:32858-33434.bam
4667 4640  99.00
contig_5841:1617210-1617478.bam
1584 1562  98.00
contig_5841:1635001-1635109.bam
4208 4172  99.00
contig_5841:500501-500678.bam
8176 8153  99.00
contig_5841:667284-667724.bam
7976 7965  99.00
contig_5841:943289-943674.bam
4160 4132  99.00
contig_5852:315006-315182.bam
6164 6143  99.00
contig_5860:39294-39539.bam
769 757  98.00
contig_5864:1868347-1868589.bam
4210 4170  99.00
contig_5872:357016-357131.bam
73 53  72.00
contig_5872:491812-491882.bam
17347 17330  99.00
contig_5872:707661-708278.bam
6488 6471  99.00
contig_589:60330-60568.bam
6632 6602  99.00
contig_5901:526299-526702.bam
4133 4095  99.00
contig_5910:317437-317717.bam
224 204  91.00
contig_5910:567675-567755.bam
4804 4788  99.00
contig_5922:381449-381824.bam
4486 4044  90.00
contig_5938:139794-140070.bam
3402 3385  99.00
contig_5963:55338-55566.bam
748 448  59.00
contig_5969:125451-125640.bam
8322 8307  99.00
contig_597:111298-111601.bam
3852 3830  99.00
contig_5980:60255-60446.bam
3130 3100  99.00
contig_5:36756-36926.bam
9995 9975  99.00
contig_601:600978-601264.bam
371 348  93.00
contig_6057:446600-446711.bam
5107 4551  89.00
contig_6064:286534-286620.bam
4001 3976  99.00
contig_6064:376322-376446.bam
3609 3577  99.00
contig_6064:597743-597809.bam
84 58  69.00
contig_6078:189726-189845.bam
468 448  95.00
contig_6083:2133615-2133768.bam
4386 4357  99.00
contig_6083:599732-599833.bam
6050 3393  56.00
contig_60:674970-675075.bam
5435 5416  99.00
contig_6112:177321-177595.bam
97 76  78.00
contig_6118:409861-410008.bam
13717 13701  99.00
contig_6118:561130-561600.bam
5982 5965  99.00
contig_612:1326003-1326567.bam
953 885  92.00
contig_612:1363476-1363694.bam
4771 4740  99.00
contig_612:269709-270022.bam
6283 6231  99.00
contig_612:277931-278241.bam
5649 5621  99.00
contig_612:464904-465204.bam
533 509  95.00
contig_612:483746-483979.bam
6159 6147  99.00
contig_612:550341-550651.bam
5905 5861  99.00
contig_612:58368-58544.bam
7190 7179  99.00
contig_612:747842-748307.bam
5803 5743  98.00
contig_612:810824-811010.bam
11077 11049  99.00
contig_6142:463707-464124.bam
4496 4478  99.00
contig_6143:18799-19117.bam
2960 2945  99.00
contig_6157:108750-109055.bam
4450 4420  99.00
contig_6157:83486-83585.bam
2513 2491  99.00
contig_6176:139741-139990.bam
5976 5955  99.00
contig_6176:177174-177430.bam
4712 4673  99.00
contig_6176:98087-98238.bam
4432 4411  99.00
contig_6195:502957-503198.bam
2750 2726  99.00
contig_6249:220333-220461.bam
3044 3020  99.00
contig_6249:914417-914650.bam
3372 3334  98.00
contig_6255:241458-241596.bam
1706 1675  98.00
contig_6255:289101-289227.bam
3120 3098  99.00
contig_6255:33750-33816.bam
219 207  94.00
contig_6255:365337-365424.bam
207 187  90.00
contig_6269:41309-41442.bam
138 123  89.00
contig_6274:369121-369229.bam
510 489  95.00
contig_6295:1001983-1002168.bam
3020 3002  99.00
contig_6295:148729-148890.bam
8131 8116  99.00
contig_6295:200351-200749.bam
4331 4299  99.00
contig_6295:462979-463238.bam
4843 4827  99.00
contig_630:193638-193868.bam
3576 3556  99.00
contig_6315:1013875-1014255.bam
7237 7214  99.00
contig_6315:1203873-1204298.bam
5587 5567  99.00
contig_6315:1216653-1217010.bam
4395 4375  99.00
contig_6315:1695832-1695908.bam
6505 6485  99.00
contig_6315:1770277-1770623.bam
4309 4273  99.00
contig_6315:1881621-1881926.bam
652 622  95.00
contig_6315:741045-741306.bam
5217 5161  98.00
contig_6324:246806-247125.bam
6887 6868  99.00
contig_6324:559855-560292.bam
6202 6185  99.00
contig_6337:360410-360750.bam
252 233  92.00
contig_6337:469931-470061.bam
102 56  54.00
contig_6362:74586-74791.bam
5609 5561  99.00
contig_636:162988-163370.bam
3303 3279  99.00
contig_636:229479-229745.bam
5320 5287  99.00
contig_6386:3355208-3355504.bam
1947 1927  98.00
contig_6386:3621243-3621547.bam
6219 6186  99.00
contig_6386:4341211-4341308.bam
562 542  96.00
contig_6386:524159-524312.bam
9871 9850  99.00
contig_640:7955-8431.bam
2009 1949  97.00
contig_6456:489496-489648.bam
4900 4852  99.00
contig_6456:543644-543887.bam
3944 3911  99.00
contig_6458:332915-333186.bam
507 491  96.00
contig_648:1410315-1410521.bam
4990 4954  99.00
contig_648:440259-440333.bam
6284 6241  99.00
contig_6490:232490-232836.bam
6436 6419  99.00
contig_6503:257188-257577.bam
689 624  90.00
contig_6503:320084-320240.bam
6060 5958  98.00
contig_6503:320528-320743.bam
5750 5690  98.00
contig_6503:987850-988106.bam
3940 3917  99.00
contig_6531:1795427-1795717.bam
2599 2583  99.00
contig_6531:3189143-3189609.bam
1400 1387  99.00
contig_6531:545339-545423.bam
4670 4650  99.00
contig_6531:567478-567963.bam
5370 4900  91.00
contig_6531:64603-64725.bam
5138 5067  98.00
contig_6543:84540-84801.bam
8981 8953  99.00
contig_6576:172878-173013.bam
110 92  83.00
contig_6576:420264-420370.bam
598 348  58.00
contig_6614:383243-383428.bam
4872 4850  99.00
contig_6614:641004-641416.bam
7703 7675  99.00
contig_6618:78316-78691.bam
9775 9756  99.00
contig_6646:41572-42215.bam
5920 5819  98.00
contig_6646:470642-470923.bam
4101 4082  99.00
contig_6646:806264-806528.bam
6672 6637  99.00
contig_6660:1027569-1027754.bam
5285 5262  99.00
contig_6660:1131707-1131842.bam
3610 3593  99.00
contig_6660:1203301-1203402.bam
312 196  62.00
contig_6660:1482230-1482423.bam
4031 4007  99.00
contig_6660:783978-784191.bam
6948 6904  99.00
contig_6660:885335-885842.bam
2348 2322  98.00
contig_6663:144744-144889.bam
4391 4355  99.00
contig_6663:145378-145566.bam
283 264  93.00
contig_6663:221011-221161.bam
5431 5415  99.00
contig_6663:389739-390048.bam
2444 2423  99.00
contig_6663:472708-472796.bam
5365 5329  99.00
contig_6663:491241-491435.bam
6096 6068  99.00
contig_6671:607720-608269.bam
4467 4449  99.00
contig_6674:335406-335585.bam
4058 4036  99.00
contig_6688:17875-18122.bam
3646 3428  94.00
contig_6688:4941-5001.bam
178 167  93.00
contig_6689:155134-155195.bam
10352 10338  99.00
contig_6689:188870-189485.bam
435 404  92.00
contig_6689:242067-242214.bam
4416 4387  99.00
contig_6689:316037-316339.bam
4426 4387  99.00
contig_6689:559008-559272.bam
2006 1989  99.00
contig_6709:164704-164783.bam
7208 7192  99.00
contig_6709:221318-221681.bam
328 301  91.00
contig_6728:143837-144050.bam
4795 4784  99.00
contig_6728:248755-249303.bam
3289 3264  99.00
contig_6728:73381-73574.bam
297 278  93.00
contig_6747:427838-427943.bam
5327 5302  99.00
contig_6757:378107-378445.bam
11365 11341  99.00
contig_6795:173430-173717.bam
3943 3890  98.00
contig_6806:125029-125153.bam
8987 8972  99.00
contig_6806:317473-317672.bam
5770 5743  99.00
contig_6806:4283-4510.bam
1897 1882  99.00
contig_6806:43843-44084.bam
702 674  96.00
contig_680:305410-305502.bam
430 401  93.00
contig_680:70260-70533.bam
4845 4707  97.00
contig_6824:276101-276359.bam
4823 4792  99.00
contig_6824:429342-429528.bam
3570 3510  98.00
contig_6824:525507-525669.bam
6373 6351  99.00
contig_6829:115251-115390.bam
364 345  94.00
contig_6829:266463-266667.bam
6213 6197  99.00
contig_6829:285965-286215.bam
1417 1403  99.00
contig_6829:433254-433405.bam
7269 7251  99.00
contig_6829:595003-595607.bam
2945 2917  99.00
contig_6829:705315-705507.bam
119 61  51.00
contig_6889:286947-287031.bam
1188 1169  98.00
contig_6889:314098-314309.bam
3076 3060  99.00
contig_6889:690592-690798.bam
323 305  94.00
contig_6889:732324-732493.bam
223 196  87.00
contig_6894:21194-21317.bam
4024 4001  99.00
contig_6924:159474-159540.bam
5723 5669  99.00
contig_6924:186031-186360.bam
1511 1497  99.00
contig_6924:345889-346155.bam
2033 2006  98.00
contig_6957:1294466-1294590.bam
5779 5762  99.00
contig_6957:1513003-1513279.bam
4478 4458  99.00
contig_6957:331983-332278.bam
5952 5844  98.00
contig_6957:638972-639182.bam
658 489  74.00
contig_6957:729023-729225.bam
5817 5739  98.00
contig_695:389474-389574.bam
5984 5969  99.00
contig_695:642724-642902.bam
3859 3836  99.00
contig_6983:156415-156549.bam
4686 4649  99.00
contig_6983:258515-258586.bam
6335 6318  99.00
contig_6983:714877-715347.bam
323 303  93.00
contig_6983:746326-746524.bam
279 265  94.00
contig_7009:132712-132828.bam
6641 6602  99.00
contig_7022:1334565-1334896.bam
3907 3886  99.00
contig_7022:1684000-1684259.bam
2258 1232  54.00
contig_7022:2307261-2307600.bam
5658 5630  99.00
contig_7022:2464121-2464330.bam
4008 3989  99.00
contig_7022:274087-274422.bam
920 904  98.00
contig_7022:97832-98185.bam
1125 1087  96.00
contig_7026:247441-247545.bam
851 822  96.00
contig_7059:18500-18686.bam
129 115  89.00
contig_7086:158647-158780.bam
3153 3132  99.00
contig_7086:242370-242564.bam
2830 2815  99.00
contig_7086:2877146-2877320.bam
407 380  93.00
contig_7086:4239855-4239938.bam
4407 4376  99.00
contig_7102:1099605-1099877.bam
5646 5515  97.00
contig_7126:57126-57289.bam
701 678  96.00
contig_715:687514-687773.bam
2846 2824  99.00
contig_7191:224597-224763.bam
334 318  95.00
contig_7191:482317-482396.bam
3293 3251  98.00
contig_7191:486959-487209.bam
981 959  97.00
contig_7195:32595-32829.bam
4430 4385  98.00
contig_7202:1664406-1664549.bam
456 433  94.00
contig_7202:2063849-2064130.bam
5996 5976  99.00
contig_7202:259736-259892.bam
3075 3054  99.00
contig_7236:955534-955626.bam
3714 3676  98.00
contig_7250:1061495-1061711.bam
10514 10491  99.00
contig_7250:1227833-1228464.bam
4262 4238  99.00
contig_7250:492284-492751.bam
1562 1550  99.00
contig_7250:610275-610380.bam
11179 11159  99.00
contig_726:303376-303932.bam
5413 5390  99.00
contig_726:59062-59148.bam
5197 5173  99.00
contig_7274:205335-205581.bam
3891 3876  99.00
contig_7278:377511-377812.bam
6176 5619  90.00
contig_7284:7908-8084.bam
3516 3496  99.00
contig_7293:65375-65803.bam
516 484  93.00
contig_732:335301-335376.bam
5544 5512  99.00
contig_732:612712-612923.bam
4820 4791  99.00
contig_7355:349866-350168.bam
4036 3984  98.00
contig_7390:74926-75096.bam
4991 4968  99.00
contig_739:1030795-1030992.bam
706 683  96.00
contig_739:1843186-1843279.bam
3309 3252  98.00
contig_739:270565-270728.bam
8585 8542  99.00
contig_739:282716-283136.bam
3770 3754  99.00
contig_7417:244841-245029.bam
344 327  95.00
contig_7417:440351-440619.bam
1065 1046  98.00
contig_7417:466094-466189.bam
2906 2881  99.00
contig_7427:822372-822675.bam
415 386  93.00
contig_7432:513315-513407.bam
4632 4598  99.00
contig_7451:153246-153586.bam
624 601  96.00
contig_7451:288049-288174.bam
1276 1264  99.00
contig_747:438130-438412.bam
3807 3765  98.00
contig_7490:1071681-1071874.bam
6523 6471  99.00
contig_7490:153143-153528.bam
6319 6302  99.00
contig_7490:297836-298026.bam
370 343  92.00
contig_7490:344055-344264.bam
6138 6116  99.00
contig_7490:737301-737566.bam
4292 4266  99.00
contig_7490:790473-790546.bam
10242 10218  99.00
contig_7490:790841-791285.bam
6531 6504  99.00
contig_7492:84790-85078.bam
674 652  96.00
contig_7501:245902-245986.bam
3677 3657  99.00
contig_7526:171766-172073.bam
4798 4786  99.00
contig_7526:28038-28296.bam
3123 3096  99.00
contig_7526:422844-422945.bam
5987 5957  99.00
contig_7534:383011-383244.bam
1851 1832  98.00
contig_7539:208921-209294.bam
545 517  94.00
contig_753:191206-191610.bam
4812 4788  99.00
contig_753:285663-286011.bam
156 140  89.00
contig_7545:452999-453197.bam
2107 2082  98.00
contig_7549:46899-47237.bam
9144 9136  99.00
contig_7562:1097361-1097597.bam
2891 2882  99.00
contig_7562:625442-625842.bam
4730 4703  99.00
contig_7562:729254-729679.bam
1828 1797  98.00
contig_756:887768-887941.bam
5270 5236  99.00
contig_756:89323-89420.bam
5191 5174  99.00
contig_7588:51199-51588.bam
320 168  52.00
contig_7595:146877-147048.bam
4371 4339  99.00
contig_7599:117633-117925.bam
4711 4686  99.00
contig_7601:164235-164363.bam
2517 2493  99.00
contig_7601:2622-2825.bam
6278 6229  99.00
contig_7614:156708-156969.bam
6384 6368  99.00
contig_7614:176616-176852.bam
6401 6372  99.00
contig_7624:267343-267519.bam
3893 3878  99.00
contig_7624:50361-50450.bam
2394 2361  98.00
contig_7628:56383-56588.bam
6644 6626  99.00
contig_763:921809-921998.bam
658 486  73.00
contig_7682:24851-25083.bam
448 438  97.00
contig_7682:3190-3427.bam
6059 6043  99.00
contig_775:440812-440995.bam
5171 5137  99.00
contig_7825:148667-149000.bam
4978 4957  99.00
contig_7831:2344018-2344096.bam
5045 4858  96.00
contig_7831:6413765-6413969.bam
5620 5587  99.00
contig_7831:6678365-6678548.bam
3845 3802  98.00
contig_7849:126084-126195.bam
429 407  94.00
contig_784:34954-35133.bam
3675 3659  99.00
contig_7863:32461-32738.bam
4634 4622  99.00
contig_7879:109400-109883.bam
5775 4673  80.00
contig_7879:12768-13037.bam
4805 4781  99.00
contig_7892:333411-333589.bam
2767 2739  98.00
contig_7906:551528-551613.bam
3376 3333  98.00
contig_7918:28843-29089.bam
102 88  86.00
contig_7955:623798-623993.bam
589 405  68.00
contig_7956:89736-89913.bam
2200 2185  99.00
contig_7966:46181-46391.bam
266 250  93.00
contig_7966:46831-46947.bam
53 33  62.00
contig_7969:533452-533730.bam
1322 1297  98.00
contig_796:164535-164600.bam
4570 4548  99.00
contig_796:1842163-1842221.bam
5938 5912  99.00
contig_796:642829-643074.bam
1412 1389  98.00
contig_796:99487-99901.bam
155 134  86.00
contig_7987:9849-9909.bam
4464 4421  99.00
contig_7990:264463-264822.bam
6297 6277  99.00
contig_8011:293674-294011.bam
4899 4875  99.00
contig_8011:427955-428037.bam
423 400  94.00
contig_8104:322008-322464.bam
4404 4341  98.00
contig_8104:475656-475877.bam
9590 9576  99.00
contig_8104:544416-545186.bam
6163 6125  99.00
contig_8104:595351-595470.bam
5674 5660  99.00
contig_8104:694066-694211.bam
5447 5418  99.00
contig_8104:909317-909418.bam
809 785  97.00
contig_8118:432535-432709.bam
4264 4250  99.00
contig_8129:27606-27822.bam
5691 5669  99.00
contig_813:166428-166650.bam
5113 5086  99.00
contig_8163:2148-2490.bam
5054 4981  98.00
contig_8174:107795-108487.bam
1657 1622  97.00
contig_8174:22342-22441.bam
2704 2685  99.00
contig_8174:350898-351197.bam
6231 6165  98.00
contig_8174:497815-498207.bam
6437 6359  98.00
contig_8174:616937-617154.bam
5467 5452  99.00
contig_8174:85940-86252.bam
5278 5250  99.00
contig_8187:941041-941195.bam
5472 5450  99.00
contig_8196:545596-545847.bam
3983 3959  99.00
contig_8224:85698-85922.bam
5551 5187  93.00
contig_8262:2910877-2911086.bam
5461 5420  99.00
contig_8279:95317-95642.bam
4362 4338  99.00
contig_8281:331792-332251.bam
194 122  62.00
contig_8281:344045-344225.bam
361 324  89.00
contig_8307:3766-3840.bam
4730 4669  98.00
contig_8307:388307-388494.bam
10315 10293  99.00
contig_8307:737511-737868.bam
7155 7129  99.00
contig_8307:753679-754101.bam
427 406  95.00
contig_8316:100044-100205.bam
3863 3823  98.00
contig_8316:144802-145042.bam
3492 3416  97.00
contig_8316:460-631.bam
484 418  86.00
contig_8350:283285-283576.bam
606 588  97.00
contig_8365:396950-397110.bam
4683 4658  99.00
contig_8365:81422-81936.bam
465 417  89.00
contig_8369:265497-265642.bam
3534 3517  99.00
contig_8407:490876-491130.bam
12636 12618  99.00
contig_8418:56073-56484.bam
6280 6236  99.00
contig_8439:2648839-2649227.bam
4235 4206  99.00
contig_8439:3870415-3870493.bam
2675 2649  99.00
contig_8439:4020076-4020140.bam
5467 5359  98.00
contig_843:684158-684374.bam
10990 10980  99.00
contig_8474:122868-123178.bam
4079 4056  99.00
contig_8513:88470-88565.bam
5538 5520  99.00
contig_8514:62105-62378.bam
3701 3659  98.00
contig_8616:332796-332981.bam
6287 6272  99.00
contig_8616:846807-847004.bam
5573 5539  99.00
contig_8623:785149-785721.bam
7870 7862  99.00
contig_8629:667705-667918.bam
438 408  93.00
contig_8629:898969-899083.bam
5658 5244  92.00
contig_8648:1254269-1254457.bam
3344 3316  99.00
contig_8648:1331079-1331346.bam
7113 7099  99.00
contig_8648:1564208-1564461.bam
168 153  91.00
contig_8648:1705204-1705506.bam
3955 3892  98.00
contig_8648:1931764-1932038.bam
4792 4780  99.00
contig_8648:2515399-2516029.bam
6939 6917  99.00
contig_8648:614239-614475.bam
9619 9599  99.00
contig_8648:711809-712128.bam
3674 3654  99.00
contig_8648:727244-727404.bam
204 181  88.00
contig_8648:92116-92183.bam
141 122  86.00
contig_870:4570307-4570448.bam
4319 4304  99.00
contig_8763:1135837-1136044.bam
1165 631  54.00
contig_8763:1311394-1311749.bam
6542 6523  99.00
contig_8763:288114-288357.bam
399 379  94.00
contig_8763:72717-72798.bam
450 295  65.00
contig_8763:771703-771934.bam
2762 2744  99.00
contig_8763:80400-80754.bam
4199 4183  99.00
contig_8763:902812-903491.bam
5329 5265  98.00
contig_8769:27694-27798.bam
121 85  70.00
contig_876:196652-196741.bam
7580 7568  99.00
contig_876:675613-675918.bam
225 209  92.00
contig_8770:278469-278610.bam
3138 3117  99.00
contig_8770:494112-494181.bam
5896 5860  99.00
contig_8770:64688-64831.bam
3141 3114  99.00
contig_8794:83962-84107.bam
6154 6129  99.00
contig_8794:84394-84658.bam
4609 4585  99.00
contig_8810:11885-12155.bam
4887 4855  99.00
contig_8812:3093-3214.bam
292 209  71.00
contig_8821:28577-28801.bam
6244 6232  99.00
contig_8823:337662-338168.bam
11595 11578  99.00
contig_8823:80604-81088.bam
759 736  96.00
contig_8838:1220036-1220123.bam
69 45  65.00
contig_8838:3106471-3106733.bam
619 561  90.00
contig_8843:121807-122000.bam
5958 5932  99.00
contig_8843:517476-517666.bam
1446 1428  98.00
contig_8847:101079-101157.bam
1252 1232  98.00
contig_8856:776929-777126.bam
6139 5943  96.00
contig_887:171609-171827.bam
139 123  88.00
contig_887:600648-600735.bam
3598 3560  98.00
contig_887:675771-675943.bam
322 311  96.00
contig_887:979457-979547.bam
5800 5719  98.00
contig_8904:561094-561224.bam
4343 4297  98.00
contig_8916:18933-19194.bam
3226 3184  98.00
contig_8932:102756-102906.bam
5692 5435  95.00
contig_8932:113078-113380.bam
4766 4681  98.00
contig_8948:650951-651157.bam
2154 2136  99.00
contig_8952:127467-127725.bam
5079 5058  99.00
contig_8952:159530-159706.bam
4696 4648  98.00
contig_8952:470049-470140.bam
4632 4612  99.00
contig_8952:639246-639720.bam
3718 3701  99.00
contig_8952:93305-93443.bam
3913 3662  93.00
contig_8952:96439-96589.bam
6229 6186  99.00
contig_895:138596-138668.bam
4316 4269  98.00
contig_895:52028-52153.bam
527 502  95.00
contig_8963:335263-335347.bam
384 366  95.00
contig_8974:172141-172302.bam
6195 6172  99.00
contig_8974:248682-249044.bam
114 77  67.00
contig_8974:353577-353651.bam
5309 4276  80.00
contig_8999:201810-202126.bam
4260 4218  99.00
contig_8999:43464-43580.bam
5432 5400  99.00
contig_899:30145-30297.bam
189 162  85.00
contig_9014:597128-597206.bam
5225 5197  99.00
contig_9014:681229-681469.bam
6485 6459  99.00
contig_9014:688113-688285.bam
6331 6287  99.00
contig_9038:579567-579706.bam
8968 8941  99.00
contig_9045:422560-422948.bam
4354 4332  99.00
contig_9050:38694-38895.bam
14737 14719  99.00
contig_9050:73867-74145.bam
3667 3623  98.00
contig_9066:58723-58852.bam
5267 5245  99.00
contig_9069:26315-26931.bam
1136 1117  98.00
contig_9072:509125-509203.bam
717 699  97.00
contig_9089:320983-321195.bam
243 226  93.00
contig_9095:422785-422908.bam
352 215  61.00
contig_9117:126424-126600.bam
5230 5098  97.00
contig_9142:329431-329546.bam
52 37  71.00
contig_9155:105433-105556.bam
6532 6520  99.00
contig_9155:376068-376353.bam
723 699  96.00
contig_9155:541615-541838.bam
1105 1089  98.00
contig_9155:71639-71787.bam
4026 3966  98.00
contig_9155:818611-818832.bam
3452 2398  69.00
contig_9155:841725-842183.bam
14158 14147  99.00
contig_9171:813875-814309.bam
5499 5480  99.00
contig_9184:1042972-1043199.bam
1130 1113  98.00
contig_9184:1061678-1061729.bam
2547 2528  99.00
contig_9184:1327949-1328118.bam
4534 4515  99.00
contig_9184:1378221-1378403.bam
716 685  95.00
contig_9184:1430207-1430349.bam
5639 5615  99.00
contig_9184:646777-647113.bam
3712 3660  98.00
contig_920:177630-177693.bam
4896 4804  98.00
contig_920:542998-543170.bam
6140 5285  86.00
contig_920:710453-710789.bam
3367 3348  99.00
contig_9240:32-208.bam
6030 5939  98.00
contig_9242:108998-109186.bam
452 432  95.00
contig_9295:150363-150563.bam
6730 6679  99.00
contig_9295:441579-441935.bam
66 35  53.00
contig_9321:54249-54431.bam
331 316  95.00
contig_9323:292016-292162.bam
1177 1103  93.00
contig_9328:183911-184068.bam
6357 6335  99.00
contig_9328:69584-69926.bam
6101 6043  99.00
contig_9331:285047-285509.bam
68 48  70.00
contig_9367:263242-263489.bam
6332 6302  99.00
contig_9386:98777-99028.bam
6098 6082  99.00
contig_9389:1116973-1117260.bam
2651 2625  99.00
contig_9389:834605-835051.bam
929 912  98.00
contig_9395:133607-133986.bam
8536 8510  99.00
contig_9395:225953-226382.bam
4801 4761  99.00
contig_9395:69644-69916.bam
5207 5161  99.00
contig_9402:347515-347694.bam
130 110  84.00
contig_9417:224631-224745.bam
1170 1133  96.00
contig_9423:3377722-3377830.bam
4183 4120  98.00
contig_9460:147330-147445.bam
949 932  98.00
contig_9460:167699-167868.bam
346 307  88.00
contig_9460:278016-278074.bam
3152 3114  98.00
contig_9489:1438030-1438147.bam
7831 7805  99.00
contig_9512:594767-595344.bam
1737 1714  98.00
contig_9512:609868-610077.bam
16565 16543  99.00
contig_9512:638449-638984.bam
10353 10332  99.00
contig_9524:40643-41297.bam
2762 2738  99.00
contig_9541:1007875-1007929.bam
4705 4689  99.00
contig_9541:1305113-1305288.bam
2282 2253  98.00
contig_9541:453474-453634.bam
3802 3780  99.00
contig_9563:232462-232693.bam
574 556  96.00
contig_9563:441893-441986.bam
7493 7474  99.00
contig_9563:560705-561079.bam
6060 6012  99.00
contig_9563:672652-673106.bam
4104 4078  99.00
contig_9563:752443-752619.bam
8277 8262  99.00
contig_9581:8993-9574.bam
1853 1814  97.00
contig_9618:649053-649272.bam
4689 4661  99.00
contig_9650:405739-406093.bam
194 180  92.00
contig_9650:642446-642688.bam
626 612  97.00
contig_9650:647018-647336.bam
182 163  89.00
contig_9677:342422-342598.bam
2884 2852  98.00
contig_9677:85551-85738.bam
1879 1809  96.00
contig_968:89156-89479.bam
6321 6305  99.00
contig_9739:145882-146231.bam
6034 6014  99.00
contig_9739:489507-489866.bam
4467 4444  99.00
contig_9739:991721-991956.bam
5945 5925  99.00
contig_9745:401212-401313.bam
21 12  57.00
contig_9745:444725-444851.bam
2943 2927  99.00
contig_9749:235655-235807.bam
920 893  97.00
contig_9792:66138-66190.bam
371 352  94.00
contig_9795:244105-244241.bam
4554 4516  99.00
contig_9795:824099-824175.bam
187 173  92.00
contig_9813:149458-149524.bam
61 48  78.00
contig_9813:666293-666354.bam
5753 5738  99.00
contig_9837:394249-394392.bam
5977 5879  98.00
contig_9837:418048-418203.bam
6857 6830  99.00
contig_9837:429072-429420.bam
5074 5046  99.00
contig_9837:632272-632624.bam
3219 3196  99.00
contig_9837:639881-639996.bam
4982 4964  99.00
contig_9837:727042-727674.bam
4306 4288  99.00
contig_9837:842158-842702.bam
5968 5931  99.00
contig_9837:84529-84661.bam
3786 3772  99.00
contig_9847:282883-283118.bam
896 866  96.00
contig_9860:29724-29832.bam
11542 11513  99.00
contig_9860:8457-9556.bam
5854 5826  99.00
contig_990:48726-49006.bam
7108 7088  99.00
contig_990:563996-564241.bam
4353 4331  99.00
contig_9940:704782-704976.bam
5737 5719  99.00
contig_9960:1304895-1305035.bam
254 228  89.00
contig_9960:1953261-1953322.bam
6528 6501  99.00
contig_9960:2703522-2703701.bam
295 216  73.00
contig_9985:351400-351539.bam
3945 3817  96.00
contig_9996:361814-361875.bam
6203 6191  99.00
contig_9996:471575-471770.bam
6951 6933  99.00
contig_9996:503529-504036.bam
